Key_1_1,landingPos,firstSaccLen,P2stFixation
k7351,56.6326,300.1666,1
k1445,47.3207,306.1066,1
k6384,112.361,590.5294,1
k7599,79.8389,80.9475,0
k2501,96.7471,110.7576,1
k7440,144.9422,173.4416,0
k2713,58.1421,70.8025,0
k2275,147.5212,467.285,0
k865,58.6195,103.64,0
k5829,121.6737,411.2922,0
k1142,52.9953,133.7171,1
k6850,16.8671,309.7773,0
k7086,1300.849,1600.9859,0
k6856,113.8036,333.7911,0
k5797,27.2259,99.2182,0
k2031,26.7442,186.1511,1
k2788,13.4629,415.0976,1
k154,50.5594,110.911,0
k1501,156.9984,476.607,1
k1538,93.5655,173.954,0
k5549,38.7072,150.4028,0
k634,14.7054,121.1084,0
k1687,66.6652,108.5564,1
k5510,87.8208,126.935,0
k5998,80.6226,333.524,0
k5006,76.3692,204.7102,0
k3462,62.8431,196.5204,0
k2994,101.6132,264.5468,0
k5174,80.5062,327.5336,0
k2709,55.5203,204.5,0
k3637,60.1041,159.6598,1
k5916,31.197,285.3003,1
k5556,66.4172,142.6482,1
k502,60.0833,182.3904,1
k2406,56.9956,358.2304,0
k6645,114.0395,437.7925,0
k2830,67.487,874.0631,1
k6891,97.3088,522.0931,1
k6590,14.2215,300.5004,0
k2693,79.6006,104.0048,0
k1235,61.7839,179.5341,0
k6716,73.6495,556.234,0
k7222,80.5047,728.6323,0
k6882,63.9414,120.7487,0
k7469,58.6686,182.0687,0
k1724,7.6322,111.5672,1
k2781,54.6008,346.5274,0
k800,143.4721,632.7152,1
k978,98.0319,66.7308,0
k2281,159.4153,296.9621,0
k3380,45.1054,316.2673,1
k6488,32.596,70.0,1
k5876,83.2902,120.8356,1
k6703,33.2453,124.6445,1
k5585,39.9531,96.9239,1
k107,116.5268,90.4268,1
k58,143.3571,291.689,1
k972,54.8179,59.1354,1
k1238,60.4669,65.5534,0
k1614,48.0521,120.3755,0
k2937,87.0014,349.7417,0
k1050,63.1229,58.4337,1
k3848,60.7063,430.0012,1
k3399,76.3217,165.5272,0
k1008,91.9959,198.142,1
k7205,71.8366,256.9679,1
k6232,82.1736,337.9778,1
k6788,988.7498,1123.4996,0
k1095,304.2606,112.5722,1
k2427,27.0601,104.1561,1
k817,33.9485,1214.4073,1
k5700,50.3314,191.1675,1
k4171,50.2245,249.2007,0
k853,47.363,97.751,0
k369,60.208,119.5094,1
k4324,25.4018,224.2733,1
k3306,85.5716,173.1134,0
k5531,85.4196,0.0,0
k7294,65.123,799.2723,1
k5353,83.9345,159.7568,1
k3226,32.7185,88.0525,1
k1449,37.7922,144.5078,1
k961,40.5123,135.5083,1
k6751,57.0022,722.2557,1
k3346,15.6285,138.4783,0
k482,98.8585,112.6421,0
k5682,56.8001,105.5047,0
k4533,76.7366,151.8634,1
k2652,85.1587,322.1401,0
k6400,53.584,137.5009,1
k1488,28.4297,91.0179,0
k2919,42.0595,98.7142,1
k4496,124.501,120.9566,0
k6301,72.3343,107.7926,1
k4104,24.9098,0.0,1
k6247,48.3141,222.1041,0
k719,38.3438,256.6384,0
k211,51.7325,50.4232,1
k105,74.0304,209.1997,0
k5352,57.6888,425.2473,1
k4157,141.1427,196.5229,1
k4193,100.2622,60.8543,0
k5712,37.4233,118.0042,0
k7528,185.529,394.5257,1
k2373,53.8516,128.8187,0
k4132,143.3911,259.3318,1
k7588,35.8469,73.0924,0
k6594,14.1156,71.0862,1
k4066,83.8824,397.0532,0
k4400,44.3001,100.5,0
k737,78.4873,277.2819,1
k809,90.4461,225.1089,1
k4771,157.2872,320.3986,1
k4688,42.5265,39.8811,0
k1700,102.7485,94.5331,1
k4694,63.6946,217.0052,0
k6990,6.3246,107.5186,0
k803,57.8662,278.2175,1
k822,6.0828,149.1208,0
k6077,95.0842,385.5208,0
k4236,82.609,91.4289,1
k7369,50.0849,110.5271,0
k5902,37.0742,181.0532,0
k6970,89.405,252.2623,0
k7151,65.0,181.5991,0
k1956,97.7663,701.9238,1
k335,21.6391,100.3606,0
k7546,57.0548,215.0145,0
k1288,69.3542,177.5028,0
k21,109.8954,124.0363,0
k4899,85.8836,243.4184,0
k1678,88.1036,47.8539,0
k349,61.7191,142.5175,0
k4073,76.6551,577.1449,1
k1885,51.9351,494.3099,1
k2185,39.6989,670.9257,0
k1124,59.6657,67.9283,0
k6688,75.71,324.2873,0
k3212,75.898,254.9338,1
k6329,93.0013,120.2341,0
k507,115.0174,146.1677,0
k4579,44.2069,94.0479,1
k6699,51.0906,95.4005,0
k6221,38.7072,236.9346,0
k748,39.6138,101.2978,1
k1185,126.5948,217.7918,0
k6339,20.1556,133.3604,1
k267,35.3058,904.0781,1
k917,66.9104,111.809,0
k5687,80.878,87.4786,1
k4570,75.2861,322.8258,1
k3404,118.7824,132.0947,0
k3596,72.4707,108.0104,1
k1568,103.2727,147.2175,0
k7316,100.1212,699.2582,0
k2518,32.5346,131.0467,0
k811,63.287,0.0,0
k1804,38.6005,61.1249,0
k3958,56.0357,118.4789,0
k6871,33.5596,292.0616,0
k1402,55.7584,449.2029,0
k7276,25.4608,119.6046,0
k5141,71.2215,719.9905,0
k3333,53.0212,133.1362,0
k6660,67.0019,290.0845,0
k1131,76.5506,119.8593,0
k985,86.1423,727.8958,1
k5144,73.0565,170.8106,0
k5278,77.429,381.147,0
k3620,24.8294,211.6512,0
k1180,37.8319,527.8582,0
k5509,55.617,110.4095,0
k595,122.2385,330.8266,0
k6770,37.6464,59.5525,0
k3436,86.8058,192.5104,1
k1265,8.0623,124.291,0
k197,50.5964,133.7881,0
k4576,63.2456,285.0952,0
k3917,21.3776,0.0,1
k2999,39.2237,108.1665,0
k4559,107.4209,125.2557,1
k1178,54.8293,100.08,0
k611,46.9574,129.3136,1
k6268,84.4408,147.0077,0
k7292,101.7767,151.5074,0
k2752,58.5235,258.0237,0
k3397,22.2991,0.0,0
k6087,69.5288,200.3902,1
k662,85.0015,159.8132,1
k5082,41.2311,288.8706,0
k4299,74.6324,178.9839,1
k4673,53.912,90.118,0
k3884,44.0454,152.0206,1
k1893,73.1095,112.641,1
k4134,76.1183,157.2657,0
k6178,137.3909,201.1523,0
k1905,56.932,185.0547,0
k1624,66.6202,97.6371,0
k7522,93.2269,139.0081,0
k5374,55.0091,215.3073,0
k527,125.7945,321.5603,0
k4245,51.7904,245.7931,0
k102,71.8766,162.5,0
k4929,20.4022,103.5809,1
k7097,24.6678,197.31,0
k5685,26.6833,226.7355,1
k2057,39.1472,230.9248,1
k3054,70.7407,74.8081,1
k2926,121.062,206.5871,0
k6652,66.0095,382.0239,0
k6564,75.5844,95.0118,1
k1771,62.1772,338.6333,0
k1838,44.7269,581.5325,0
k4401,114.4225,159.7537,0
k6074,99.5013,100.9022,0
k1137,41.3824,100.7782,1
k259,90.5207,0.0,1
k5799,79.511,134.0009,0
k1024,65.5534,183.807,0
k6053,70.445,269.5116,1
k5828,89.0056,408.5893,0
k6495,87.0776,213.7341,1
k5913,62.5799,231.0779,0
k6335,69.7209,387.3296,0
k1645,29.3002,413.2242,1
k2909,33.6823,181.8193,0
k6305,8.5,133.515,1
k2572,81.8917,144.0139,0
k5733,19.6787,109.859,1
k189,85.9956,266.9724,0
k1398,27.8657,653.3062,0
k5058,124.7528,846.3879,0
k6874,18.3576,272.1659,0
k2399,90.5014,147.5305,0
k2146,38.8233,199.01,0
k7005,93.7723,150.3105,1
k6437,57.6758,92.5662,0
k7261,143.9601,169.105,1
k5781,53.584,437.0309,1
k3685,44.95,380.5,1
k7248,60.531,125.3236,1
k1533,10.0623,227.0666,0
k5217,57.7235,86.4653,0
k6114,30.6472,91.9837,1
k1345,125.2248,598.7088,0
k6982,80.8857,276.0041,0
k4099,34.5579,281.2708,1
k6977,77.0211,534.4083,0
k3969,67.3238,310.8641,1
k1996,82.0549,153.4829,0
k7187,38.8973,161.3459,0
k6002,31.3129,152.5524,0
k5378,47.5184,287.007,0
k6858,25.9326,175.6822,1
k2137,45.8939,167.5,1
k578,4.0311,42.0268,0
k2200,40.3268,0.0,1
k2978,166.6208,207.2981,0
k4207,21.7083,11.5974,0
k3471,51.6624,312.9077,0
k912,102.1494,244.2396,1
k6661,51.2957,251.2195,0
k216,32.28,212.9941,1
k5437,69.0,0.0,0
k7592,44.365,40.5278,1
k5814,26.2488,94.5939,0
k5079,128.0625,268.0532,0
k1561,72.092,163.833,0
k3414,35.8504,28.6356,1
k4477,118.0519,596.4229,0
k377,96.251,264.8703,0
k3675,11.7047,125.03,0
k1512,91.444,159.8624,0
k1384,99.1476,254.6566,0
k7576,87.9318,66.191,1
k5745,58.9428,99.8624,0
k6088,169.5361,178.1327,1
k241,79.6571,84.8896,0
k2708,91.6106,144.8447,1
k2683,92.5122,183.5824,0
k1591,45.722,58.5085,0
k4255,73.0548,114.4749,0
k301,70.7107,186.6936,0
k1089,43.2695,87.0919,1
k3157,40.5247,64.438,0
k1021,89.405,609.5697,0
k5646,35.3871,114.6571,1
k5331,31.9453,213.7832,1
k2905,85.1499,251.584,1
k3020,38.7072,536.28,0
k4751,25.5441,108.4735,0
k1690,204.925,138.067,1
k6391,54.9181,145.0078,0
k6929,115.5692,331.3174,0
k2322,115.5725,372.9786,1
k3959,47.8017,103.7654,1
k873,52.024,65.5477,0
k1951,98.6534,180.2776,0
k11,29.0689,243.6658,0
k6172,29.4364,249.1154,0
k1397,34.442,221.6529,0
k6773,46.6181,147.5686,0
k3925,53.5023,133.291,1
k1210,47.1832,260.0562,1
k5070,35.5563,100.005,0
k1447,35.3553,143.3954,1
k3642,12.7475,142.4588,0
k5453,55.0023,745.7883,0
k572,206.1941,166.3348,1
k5476,41.6473,81.2527,0
k6986,73.2683,101.8148,0
k5096,44.643,374.9567,0
k3980,70.8308,105.5107,0
k1003,51.7349,102.6158,1
k881,25.1794,225.0,1
k4528,60.5743,79.0,0
k3563,19.3132,136.2654,0
k3921,123.584,203.0185,0
k3775,18.1728,72.6722,1
k2578,129.6389,697.87,0
k5914,45.1774,92.0666,0
k3343,14.8408,157.0199,1
k1112,156.0032,220.1113,1
k6142,92.662,228.2898,0
k5338,55.084,285.9204,0
k6416,108.5288,119.0378,1
k5046,59.6343,103.5338,0
k4251,65.025,159.695,1
k524,56.6789,685.4331,0
k353,98.2357,684.4043,1
k1992,28.1824,716.2096,0
k7383,46.7386,178.0204,0
k411,83.006,335.0302,0
k5086,151.5033,433.9484,0
k2516,51.5388,577.0366,0
k6544,14.5774,57.0351,0
k4258,110.8434,194.1449,0
k2293,6.265,101.5111,0
k746,40.651,103.9639,0
k3044,102.9393,0.0,1
k2755,53.8911,696.6208,0
k3215,9.7082,166.1994,0
k7414,65.7647,36.0555,0
k185,43.5029,229.0851,0
k416,50.0025,153.5814,0
k937,91.2318,129.0475,0
k6500,18.7417,122.3622,0
k854,60.1103,108.0012,0
k989,82.7103,0.0,0
k654,79.5692,142.4649,0
k7502,27.0647,698.8737,1
k2084,72.892,110.7892,0
k6631,67.7422,242.7396,0
k6271,126.8,559.3954,0
k83,46.8241,116.1034,0
k4705,39.5,495.0253,0
k5270,4.6098,188.5239,1
k2647,80.7233,134.1538,1
k7062,45.6426,116.5172,1
k5410,108.7486,155.9623,0
k4551,74.0827,176.5453,0
k4902,88.285,89.1586,1
k2160,125.6344,303.5927,1
k1260,74.3808,44.3086,0
k3355,62.6279,146.7762,1
k6811,89.0084,273.4273,1
k512,70.5284,263.5043,0
k5667,120.5529,257.7023,1
k413,28.9871,225.2204,1
k1319,105.6835,246.3341,0
k4053,31.5357,89.0056,0
k5295,47.0106,802.0399,1
k2745,33.989,70.0874,0
k3356,75.6637,189.5554,0
k5743,23.0489,188.0957,0
k4431,131.4772,280.2789,0
k6866,87.4714,671.1758,0
k1917,1.118,62.5,1
k2178,127.5353,78.729,0
k6347,48.2131,194.1262,0
k7387,138.6984,540.8597,1
k4038,53.2658,107.7868,0
k4879,9.3005,153.5985,0
k6973,51.1297,69.5072,0
k6011,52.6047,239.852,0
k4681,156.2706,246.6577,1
k4786,44.365,129.2256,0
k176,37.6198,516.6297,0
k5047,73.1198,176.8679,1
k7155,31.3249,909.0903,1
k5801,89.8735,129.8124,1
k6144,48.013,444.8508,0
k6957,187.131,176.5007,1
k4278,67.3238,189.1593,0
k4735,25.6125,415.5193,1
k4581,14.6031,29.5169,0
k2440,70.0071,0.0,0
k2331,35.6721,89.7622,0
k6069,48.0885,325.6662,0
k1674,27.9732,261.4273,0
k942,86.8936,228.6329,0
k4758,102.0012,129.1908,0
k3799,11.4018,490.4921,1
k1914,44.5253,250.0125,0
k4503,86.5592,494.2277,1
k2504,38.6846,328.328,0
k4708,60.0021,176.1817,0
k5982,36.3456,59.3001,0
k7357,11.9269,141.0035,0
k7431,180.8183,0.0,0
k205,84.8248,220.6111,1
k6979,31.3249,117.0438,0
k6427,103.7413,134.1827,0
k6212,89.6354,548.7304,1
k2316,77.0146,197.7321,0
k7256,16.7705,129.4025,0
k3873,85.8094,361.8304,1
k4021,12.3491,154.0811,1
k425,40.8044,88.8651,0
k7422,17.7341,24.4591,0
k1152,68.9366,304.9004,0
k659,41.1461,106.6314,0
k4295,51.87,121.1652,1
k2723,97.2137,169.4993,0
k1441,38.0296,114.7966,1
k7411,24.026,103.1855,0
k429,69.857,417.0432,0
k6836,34.0037,102.2754,0
k5380,97.5103,722.4586,0
k3364,71.1425,184.808,0
k5307,45.5439,283.5,0
k2892,107.0946,258.2562,0
k1206,46.0679,0.0,0
k6055,76.5016,145.9495,0
k7085,50.2842,106.0212,0
k1499,30.9919,89.2749,1
k4098,58.0345,182.1984,1
k4002,26.6317,70.8978,0
k5640,71.044,105.1594,0
k5402,92.5864,118.0858,1
k4996,12.1655,143.7228,0
k6303,178.956,193.3966,0
k2990,41.488,128.6283,0
k7168,127.3548,155.7731,1
k5487,68.4288,120.3007,1
k505,35.8504,58.2151,0
k209,63.2653,75.0267,0
k6803,1.118,151.6344,0
k1532,16.5076,129.0349,0
k6242,20.7966,578.1544,0
k5385,63.0496,110.9516,0
k59,64.1892,278.6472,0
k4840,50.2021,230.8533,1
k4534,38.5519,138.1774,0
k3662,69.0398,164.6853,0
k3868,11.4018,177.5,1
k2911,14.3265,174.0065,0
k5075,78.9177,324.389,0
k1908,112.8207,673.8043,1
k3586,6.7082,224.5089,0
k3641,72.3136,142.8504,1
k5741,135.2793,242.8482,0
k6083,24.4387,52.7873,0
k2107,11.0114,195.9656,0
k5931,46.5672,59.1714,1
k1072,63.4232,204.6277,1
k3773,96.1769,77.1524,1
k4036,38.461,140.322,0
k5235,40.5031,162.8381,0
k4266,12.1037,49.0408,1
k7093,16.6208,190.217,0
k4776,89.4455,524.1612,1
k5290,50.448,785.2625,1
k2144,91.2688,128.2078,1
k3189,57.3149,180.6557,1
k173,69.1466,74.783,1
k936,73.7869,147.1436,0
k3362,91.0082,184.6652,0
k7236,42.8077,146.113,0
k5182,78.7813,224.6892,1
k916,38.5519,470.0234,0
k2380,47.9818,624.1194,0
k7480,102.8944,165.9164,1
k616,73.4983,177.5063,1
k6417,54.6123,70.8414,0
k4523,73.7309,255.5117,0
k2467,69.9893,120.8139,1
k4460,52.5095,85.0235,0
k294,58.9513,369.3457,0
k6807,83.6212,440.702,1
k1797,71.36,111.4462,1
k1195,63.6965,114.5524,1
k1603,111.298,256.5239,1
k5351,20.8387,0.0,1
k6468,72.0069,58.826,1
k5063,26.2774,216.0579,0
k3079,44.0284,205.2182,0
k3709,93.1585,215.0913,0
k7124,49.1859,101.0371,1
k641,84.7732,286.9203,0
k6611,117.3456,0.0,0
k6028,37.353,90.7662,0
k826,29.4151,299.5004,0
k1067,51.6575,480.837,0
k4857,46.0353,166.554,0
k751,76.0148,288.4441,1
k5541,20.0998,83.5853,0
k3038,116.0269,511.2128,0
k1807,49.7041,111.8794,0
k3273,45.7056,87.7055,0
k390,2.0616,153.138,0
k2952,53.7448,369.4117,0
k1328,93.3769,373.5482,1
k5775,85.0706,149.541,0
k4616,47.7127,242.9532,1
k5250,2.0616,0.0,1
k4457,20.5244,476.5315,1
k3924,69.9732,87.5857,1
k263,121.4547,0.0,0
k2475,46.7172,65.7742,0
k4630,135.271,79.7762,1
k3955,27.5045,134.3503,0
k7013,80.3757,165.0273,0
k3806,92.5122,262.3738,1
k7068,63.1506,310.7129,0
k3081,50.4876,139.3592,0
k7069,60.5392,100.71,0
k775,50.2021,136.5229,1
k7495,192.0527,307.2344,0
k6647,54.4518,112.641,0
k3132,81.4632,157.0645,0
k7192,24.3824,153.8343,0
k1057,44.1192,347.5245,0
k5099,60.1041,103.0837,0
k5591,59.4243,401.2995,1
k975,85.9069,338.634,1
k7358,55.2268,791.207,1
k2672,174.1845,788.9899,0
k94,49.6488,133.3304,0
k506,58.5769,193.9001,0
k3377,11.5109,176.4086,0
k2248,80.5248,103.3102,1
k7497,48.1508,120.0333,0
k5681,70.0161,146.5486,0
k5147,14.7054,203.9314,1
k6068,16.1941,221.338,1
k273,64.3933,593.6449,0
k2433,415.7193,0.0,0
k455,51.1566,100.1299,0
k3871,83.5374,0.0,0
k6993,40.302,79.267,0
k1365,79.0569,80.514,0
k2227,73.7835,232.6414,0
k409,106.0955,306.6537,0
k6241,46.7386,122.5122,0
k5651,10.1119,433.5049,1
k1476,38.513,99.5452,0
k2474,66.7083,106.5106,1
k4741,68.1799,617.2773,1
k196,61.5833,260.1216,0
k2166,91.1112,451.1998,1
k953,61.6117,109.7235,1
k7459,27.5045,158.2561,0
k776,15.9452,191.0792,0
k4515,81.2604,117.1292,1
k733,72.2772,418.0108,0
k5863,40.3609,65.4083,0
k1840,107.6952,331.0748,0
k6821,100.9009,560.5644,0
k2055,34.442,0.0,1
k6509,89.3784,410.4878,1
k2770,68.7314,183.5824,0
k2019,46.2871,108.074,1
k4042,23.3452,162.4815,0
k4672,34.1797,153.9683,0
k5354,45.3018,114.2147,1
k1573,36.2836,178.9728,0
k2831,121.7631,140.1508,0
k750,60.7454,102.8324,1
k5525,35.7526,563.1174,1
k7071,18.7216,0.0,0
k3937,101.0309,128.9079,0
k4238,144.1284,503.0002,1
k1474,45.412,192.7343,1
k4160,70.2638,130.9599,1
k2344,47.2705,609.3673,1
k2023,38.6394,151.1101,1
k1778,1262.7076,49.3077,0
k7055,78.1937,198.1067,0
k3117,75.3741,150.1408,0
k2823,65.416,527.5192,0
k5013,42.2966,282.16,0
k3940,49.5202,85.9215,0
k2387,76.0805,151.7243,1
k744,50.1597,170.6436,0
k2413,110.5226,130.0,0
k6201,42.3232,147.6025,0
k7587,45.6207,50.0,1
k2351,64.0078,0.0,0
k5045,20.3039,163.1908,0
k3233,35.0143,109.0046,0
k6790,64.0956,178.1579,0
k1702,51.4782,112.5278,0
k4296,76.6322,211.5325,1
k3025,55.2381,420.4608,0
k6511,34.5615,131.244,1
k964,75.5017,53.3385,1
k6435,66.3042,148.054,0
k2724,112.7885,262.7304,0
k6397,45.5,225.2521,0
k5054,79.456,93.0658,0
k4684,123.1463,181.6989,0
k5512,69.7585,273.6585,0
k4129,61.4858,145.555,0
k6702,67.1193,186.6936,1
k2102,25.224,127.0157,0
k1971,44.9472,70.8308,1
k1531,32.9621,55.0091,0
k3373,83.8824,409.2007,0
k2301,46.8855,164.0564,1
k4348,73.2427,261.7007,0
k5570,107.4477,220.5499,1
k6493,19.3197,159.0786,0
k1415,127.6411,268.3398,1
k245,86.539,56.7979,1
k7305,71.5629,206.8139,0
k4034,32.6382,62.3699,0
k6875,59.6091,423.317,1
k53,25.8312,384.5208,0
k6787,41.7612,124.0343,0
k6935,69.9232,506.2964,0
k5173,50.0899,113.1106,1
k2611,41.003,79.6994,1
k6413,56.7208,112.0379,0
k7079,180.025,231.7159,1
k4664,119.3241,277.6698,1
k2032,65.5172,144.4896,0
k6942,97.1867,197.7758,0
k5088,98.8243,226.1084,0
k6081,66.5451,220.0119,0
k3922,42.7463,84.7835,1
k3974,68.7841,90.0888,1
k5191,16.3478,261.0306,0
k6580,59.5504,165.7181,0
k5567,96.2094,105.5746,0
k6854,45.7957,147.7176,1
k2967,38.3275,224.0006,1
k6200,84.429,127.8329,1
k4926,41.7642,79.5393,0
k1632,54.0833,190.2374,1
k5761,50.8035,52.2398,1
k3982,87.0359,111.4955,0
k436,17.2047,293.3586,0
k5542,47.6471,73.7462,0
k7081,56.0357,229.7401,1
k4006,56.9956,201.3864,0
k2099,8.7321,153.0033,0
k7231,65.2323,439.848,0
k124,110.7362,180.7374,1
k6543,40.6356,101.3817,1
k4017,42.8019,108.2647,1
k3254,26.6552,583.1063,0
k7131,12.51,134.6124,0
k5851,34.0037,276.2413,1
k3360,39.08,57.1183,0
k5696,102.3536,591.0763,1
k6617,82.5015,667.003,1
k217,33.0492,261.1384,1
k6633,37.0473,80.6489,0
k4859,128.7643,437.907,1
k4190,90.1027,180.2505,0
k7266,49.135,355.777,0
k1405,59.8874,68.2092,0
k4957,41.6473,110.269,0
k4279,27.7354,98.0778,0
k3546,51.6236,194.2897,1
k7160,47.8017,94.5,1
k6797,27.0416,337.0059,0
k2864,67.8122,306.6602,0
k5787,54.0208,126.3576,0
k341,82.4924,0.0,1
k581,50.1423,1500.8852,0
k1619,47.4236,830.1581,1
k5451,32.9317,172.605,1
k1463,97.4064,216.6576,1
k6008,87.4371,217.6293,0
k1666,62.5979,432.2962,1
k5734,24.3824,202.8725,0
k3500,57.4674,184.7444,0
k1395,74.9833,95.5667,1
k2955,41.1461,333.1625,0
k716,49.1554,174.0065,0
k140,17.5,192.7706,1
k4958,80.5388,121.2642,1
k7418,35.0143,560.7069,1
k2278,81.3173,113.5099,0
k7201,63.502,122.084,0
k5080,85.5249,87.7909,1
k188,84.5015,282.0044,1
k6257,52.0865,77.5145,1
k7110,35.107,102.5,0
k6754,65.0308,160.5942,0
k6793,50.4505,337.7965,0
k1479,92.2198,104.2029,0
k3538,64.7785,93.409,0
k6363,45.3542,290.0108,0
k5140,79.3426,81.9421,1
k4323,45.2355,173.6412,0
k1587,93.4933,569.4974,0
k1117,89.6172,279.732,0
k4332,48.2597,293.6707,1
k6597,50.6285,240.9243,0
k872,84.0372,164.5919,0
k895,34.9285,306.6178,1
k6627,18.6078,137.1313,1
k6370,59.6091,171.2921,0
k7060,43.5488,97.1249,0
k1075,72.5155,103.5978,1
k1115,72.9932,111.0011,1
k7252,78.0,143.0079,1
k3240,46.9521,156.4265,0
k828,59.4811,85.0368,0
k882,67.4166,62.2977,0
k6657,65.025,72.7496,0
k2174,88.1419,100.7,0
k948,38.6588,93.7083,0
k4059,75.1864,173.2404,0
k1875,46.9814,152.618,0
k5862,48.1923,63.6965,0
k4240,40.8167,150.7987,0
k3129,50.2195,69.9214,1
k5942,190.5531,165.5483,0
k5372,84.9264,107.5291,1
k1450,43.3417,160.8112,0
k4736,92.0122,160.5125,1
k842,109.0562,424.5027,0
k6834,17.2409,469.5905,0
k6538,93.2872,52.0048,0
k782,38.1477,38.513,1
k1935,44.1814,281.7024,0
k1261,33.6341,261.5134,1
k6996,57.2451,0.0,0
k6219,69.0453,95.1381,1
k3308,37.9638,100.4502,0
k4730,81.6854,119.501,0
k3656,69.4262,345.0815,0
k2914,44.4325,72.0347,0
k1635,81.1542,53.0377,0
k450,91.5492,353.5127,1
k532,30.6023,357.0224,1
k770,32.9014,273.7417,1
k4626,23.9635,336.9054,0
k2657,66.7701,320.3514,0
k300,17.4642,251.8358,0
k4093,52.5024,94.4696,1
k2887,32.7758,156.5799,1
k5463,116.9284,650.5115,1
k1064,40.2492,208.6295,0
k3877,90.8089,303.5807,0
k7600,86.0145,535.1479,0
k4037,33.5596,153.5489,0
k2074,35.0321,140.1749,1
k1963,88.6143,153.0033,1
k4243,46.9574,105.6468,1
k4410,36.5274,515.2439,1
k518,105.0964,517.3918,1
k1811,112.3054,99.7309,1
k6662,57.6585,169.0067,1
k785,63.6946,75.738,0
k1376,128.0156,108.2243,0
k7020,74.5268,67.3146,1
k4520,31.1849,114.7661,0
k2252,65.0308,200.3578,0
k1471,139.5081,589.1657,1
k3368,15.5724,200.7212,0
k5911,111.6356,293.8388,0
k711,63.502,106.0389,1
k2451,8.0777,277.0451,1
k2110,88.5508,220.096,1
k4153,118.5116,297.1855,1
k3320,96.5635,170.6605,1
k728,98.2815,316.9941,0
k1768,28.7141,132.8345,1
k3017,34.0037,96.8104,0
k5997,30.104,131.595,0
k5067,15.7003,101.1558,0
k4465,100.1761,142.7839,0
k7478,26.1964,192.5234,0
k1216,55.084,117.031,0
k2503,40.4042,201.0025,0
k295,55.0205,111.7229,1
k6901,34.1211,178.5343,1
k7413,89.5126,222.7128,0
k5445,37.1652,291.8604,0
k4507,48.0416,172.1228,1
k218,16.5605,187.5167,1
k7562,119.3838,241.0332,1
k3230,94.921,104.0637,1
k7043,44.5702,187.3533,1
k7002,57.4282,168.2624,0
k2793,51.5485,130.1816,0
k4793,29.5296,72.8097,0
k1626,61.5508,145.2902,0
k310,83.4416,105.5616,0
k1059,108.6393,565.0179,1
k934,43.9318,213.5,1
k7505,43.0116,724.0451,1
k4490,61.9879,294.3234,0
k586,33.1851,249.6643,1
k6653,56.0803,169.9301,1
k6513,74.3303,250.3003,0
k4033,76.6975,208.4448,1
k1616,65.4083,141.4929,1
k19,58.1936,170.5029,0
k1618,14.3265,169.713,0
k6317,51.5388,527.2732,0
k332,2.0616,236.0095,0
k7518,17.6777,158.0008,0
k5323,50.1224,75.634,1
k305,36.5274,116.9027,1
k1696,36.1836,86.338,1
k2815,95.2169,70.0874,1
k7048,66.4267,606.7967,0
k4405,62.5,551.8066,1
k6078,125.4402,177.7308,1
k3894,63.3285,104.6721,1
k6976,42.9214,66.5676,1
k3528,85.4283,709.8204,1
k5269,71.9253,130.6379,1
k104,30.5941,190.1328,0
k2327,20.8926,121.5504,1
k6379,80.8409,120.204,0
k2463,64.5329,346.061,1
k2560,69.7298,364.6385,1
k3239,49.8121,231.3115,1
k1495,42.1545,265.4642,0
k4633,94.6071,86.2235,0
k3422,64.9788,263.6001,1
k3509,111.9308,179.3941,1
k1919,26.4008,74.8415,0
k1459,110.7215,69.916,0
k6892,28.8531,145.1043,0
k664,42.8544,255.7953,1
k5980,40.3887,170.5007,1
k3527,48.7468,358.0,1
k2450,77.6418,69.8033,1
k2907,78.2943,214.9244,1
k7484,91.6542,263.1316,0
k6408,66.2118,166.4227,0
k4588,100.2821,300.0504,1
k1549,106.5106,119.7884,1
k1362,54.8293,128.7808,0
k5955,35.0036,127.7204,1
k1143,34.1321,248.7217,1
k2983,83.7929,82.1523,0
k3792,53.5584,184.6957,0
k2877,51.8773,100.505,0
k2339,83.8287,214.3648,1
k4256,41.5752,241.6676,1
k78,10.5119,270.2041,0
k5037,39.9406,62.9682,1
k5262,40.4753,190.3004,0
k3084,28.6225,41.3401,0
k5419,23.2863,110.3913,1
k736,30.6961,218.5967,0
k6036,51.2445,86.9253,0
k7548,21.2426,206.1965,0
k417,103.64,645.9106,0
k1281,87.9119,579.4588,1
k2033,39.0512,188.6379,0
k6987,1105.6322,949.6416,0
k1341,121.0806,463.0432,1
k673,79.1865,321.3973,0
k3932,51.3517,168.1071,0
k3927,36.0035,336.7911,0
k7423,148.5842,140.8918,1
k1422,75.6257,98.9949,1
k4748,62.8908,88.5692,0
k1648,46.8855,98.256,1
k1244,45.6207,177.1899,0
k6157,65.7742,151.2457,1
k1113,28.3593,694.1623,0
k6226,54.4541,69.3001,0
k3861,89.4343,74.2428,0
k4697,131.9185,222.3044,1
k3271,20.3039,538.5165,1
k3152,10.6888,582.5019,0
k3080,74.4748,98.6268,1
k5631,40.7922,65.1556,0
k5460,66.2288,96.6049,0
k491,125.501,245.5249,0
k660,32.5,103.646,1
k4353,28.0713,140.0143,1
k5641,199.332,209.3735,1
k6071,26.4433,60.92,0
k2432,72.7083,276.7716,0
k1670,74.7429,184.674,0
k1876,95.3231,471.9476,0
k2126,65.4866,109.8203,0
k7216,66.1098,81.6241,1
k4110,77.4661,102.5597,1
k1078,148.6422,307.033,1
k3999,81.3465,148.9178,1
k395,76.0805,102.5,1
k3169,78.7036,173.572,0
k1246,70.8467,104.7485,0
k3133,10.4043,120.6451,1
k7487,53.033,92.0666,0
k3382,41.6083,71.0634,0
k7494,115.6601,125.4472,1
k6861,12.3693,61.4919,0
k1419,32.1753,387.6509,1
k2883,47.8357,194.5045,0
k1278,6.1033,1146.5217,0
k5139,22.561,196.5407,0
k3780,67.2625,227.5791,1
k2970,85.4181,175.9638,1
k5238,42.8077,144.5701,1
k5927,78.9003,98.2306,1
k4128,37.3263,96.791,1
k4716,77.3175,127.3862,0
k2917,107.5558,17.5285,1
k1084,48.585,145.994,0
k4763,40.1123,808.5303,0
k6098,60.5991,338.0237,1
k4517,25.6564,130.1768,0
k3437,61.7454,226.7692,1
k1985,165.5362,121.7508,1
k1665,29.5169,131.344,0
k2273,38.5,81.8917,1
k6022,45.025,172.5493,1
k7370,58.2495,68.5456,0
k3520,100.0725,217.297,0
k1457,101.5591,451.2084,0
k6782,49.5429,129.387,0
k6679,52.024,197.784,1
k5564,75.2629,657.164,0
k2635,55.3624,176.0007,1
k2304,21.5523,76.4232,0
k5887,116.9626,26.0048,1
k5115,32.9014,191.9642,1
k1649,88.6848,373.9923,0
k7420,9.8995,117.6287,0
k7009,39.538,392.3853,0
k1159,18.8481,208.5599,0
k3617,95.6831,123.0864,0
k707,73.4864,0.0,1
k3281,73.2888,600.4759,0
k6673,110.0023,774.717,1
k5500,49.1172,581.0491,1
k5848,66.5902,287.4182,0
k2235,36.2215,107.3231,0
k1719,78.4761,444.1725,1
k1257,118.0265,309.9823,1
k2491,72.0642,550.8223,0
k3964,25.2982,138.6588,0
k3874,117.8442,165.1802,0
k291,96.5117,225.5621,0
k1910,77.2528,385.7191,1
k624,80.0391,280.5303,0
k3902,81.5843,131.4201,1
k1392,56.6414,252.0005,1
k3978,28.4605,232.9211,0
k7230,54.5,445.6035,1
k806,128.5613,655.9971,1
k1558,69.7585,415.1015,1
k6342,69.8892,171.2111,0
k6139,48.6338,0.0,0
k2756,56.0022,273.9863,0
k2417,92.4189,136.045,0
k798,50.1423,118.0678,0
k2689,140.788,696.7944,0
k5849,83.0557,0.0,1
k4058,49.9925,119.7633,1
k2722,87.8778,124.2266,0
k5742,67.3684,339.4971,1
k2277,53.3526,147.7921,1
k5642,26.6317,285.0689,0
k6733,78.0545,0.0,0
k3633,4.272,800.5226,1
k1136,98.1759,162.5831,1
k3082,64.2223,130.501,0
k7453,44.2069,345.6447,0
k2030,29.3471,278.8301,0
k5381,33.2453,404.5346,1
k1026,263.6371,290.0728,0
k5030,135.0009,242.1699,0
k3723,72.0069,148.4461,0
k6001,42.5441,103.0886,0
k4654,50.5594,159.0503,1
k3556,50.1224,100.3457,0
k7491,78.3135,211.1711,0
k5830,102.3132,533.271,1
k4135,61.9112,313.9606,0
k5756,69.7585,174.5623,0
k1416,70.0928,121.501,1
k5165,12.6194,77.7721,0
k3051,45.0028,126.0724,1
k1255,34.2053,163.0069,0
k7409,20.3593,152.2662,1
k1308,31.197,332.3989,1
k5264,2.6926,219.206,1
k3210,97.1558,245.2249,1
k3259,61.502,111.2048,0
k2443,45.7957,58.5342,0
k5412,46.36,391.554,1
k5170,36.7865,116.6812,0
k6270,29.5381,75.326,0
k3678,20.4022,119.105,1
k5065,58.5491,110.3676,1
k2060,49.4899,97.0477,1
k6691,8.0,276.0888,0
k2226,48.8109,177.0791,0
k4818,54.5894,0.0,0
k4610,67.862,267.1353,0
k3168,66.5301,221.9668,0
k7543,61.1658,152.0995,1
k4263,71.3092,141.8185,1
k4820,39.7555,208.1952,0
k557,89.1866,78.729,0
k126,45.0028,118.2381,0
k6668,60.9118,202.5056,1
k3222,29.6015,71.8923,0
k4711,69.5449,148.9001,0
k2241,111.0552,726.0062,1
k7024,74.5017,316.532,1
k5897,54.3898,114.5622,1
k7018,95.4738,83.3562,1
k4272,48.013,160.0008,0
k7607,115.2476,127.5157,1
k5780,55.1385,340.1092,0
k1065,33.3804,183.14,1
k4725,81.9954,251.584,0
k6285,11.0114,300.72,0
k4271,39.3732,52.1009,1
k5936,95.9401,202.0,1
k2355,59.6699,87.4486,0
k7593,45.025,55.5023,0
k3699,71.0282,180.7242,1
k7531,53.8075,103.0776,0
k2405,23.2433,93.2269,1
k6386,32.0156,125.3635,1
k6388,77.0584,169.9448,1
k4382,67.5167,90.05,0
k3600,50.3587,209.6342,1
k2004,40.1622,83.1039,1
k5448,64.1249,590.5256,1
k1175,40.2647,103.5012,0
k6467,53.2658,113.3711,0
k658,23.2433,172.5877,1
k5349,48.6647,217.8124,1
k1681,31.5357,112.6998,0
k1110,45.6755,56.7825,0
k3068,101.2052,129.0446,0
k5850,106.5106,202.7566,0
k4392,41.2704,149.8332,0
k517,85.8429,179.8249,0
k2913,60.2993,25.0799,1
k7547,75.8238,194.1262,0
k3227,91.4686,235.2573,1
k6455,42.5353,301.371,1
k3283,79.0759,191.0007,1
k2889,25.632,51.5388,0
k848,72.624,793.512,0
k1809,68.5292,166.0271,0
k7403,33.541,65.192,0
k2579,33.6341,309.9665,0
k4743,51.9062,224.7454,1
k3881,30.1869,132.5028,0
k4182,47.7598,85.856,1
k1274,36.4177,173.9799,0
k5434,46.543,153.0817,1
k3207,47.6917,340.5073,1
k5073,81.939,207.0006,0
k6981,90.1388,207.406,0
k7384,66.259,166.818,0
k16,57.5196,181.0,0
k6356,70.7001,397.102,0
k5808,73.0274,250.6472,0
k5798,112.5544,139.5224,0
k35,27.9732,169.5118,1
k5840,122.1966,249.3657,0
k1620,91.1002,211.048,0
k4479,74.7813,106.9205,0
k6743,39.3954,184.8161,0
k2035,101.1496,487.0503,1
k743,65.7742,176.5574,0
k2015,20.5548,207.1183,1
k2195,72.0434,772.1026,0
k6558,6.9462,183.5824,1
k262,76.7219,108.7945,0
k2712,39.0,129.0087,0
k2058,54.0023,86.5361,0
k6474,66.8506,68.5657,0
k1347,93.0175,69.8355,0
k4216,32.2684,219.4203,1
k5669,56.6414,250.002,1
k463,49.3077,73.6376,0
k1036,94.0479,172.1859,0
k6105,78.3661,277.5018,0
k2044,77.026,113.1923,1
k96,101.0458,216.2799,0
k4631,38.2099,91.0343,1
k2549,80.2636,299.9054,1
k3807,53.1907,155.0887,1
k6436,68.884,198.0057,0
k4622,100.6541,0.0,1
k6371,118.9033,258.0484,0
k3276,151.2787,444.1804,0
k1002,93.6923,22.102,1
k7140,124.6796,130.8482,0
k2492,155.6767,179.0698,1
k3175,64.5368,180.5249,0
k3202,104.0697,116.3873,0
k6665,111.0518,342.4708,0
k6573,114.5044,143.6706,0
k5369,23.3077,135.8538,0
k5087,133.803,138.5009,1
k43,68.9964,184.359,1
k6909,86.7208,119.5377,0
k1606,43.8463,161.6447,0
k5483,97.9005,0.0,1
k6832,100.6007,188.8207,1
k3571,56.0357,204.0221,0
k7159,95.7209,236.6648,0
k2523,33.6155,122.7243,0
k5000,100.5796,1581.9637,0
k5072,14.0089,76.6877,0
k7053,479.6009,216.985,1
k2120,52.1464,239.1783,0
k6269,71.332,197.6392,1
k5018,38.2426,807.1488,0
k6458,12.7475,138.5036,1
k4770,71.6101,0.0,0
k3928,82.2876,674.9448,0
k4466,54.5206,88.6454,1
k6179,69.6312,519.0323,0
k3886,52.8867,119.2015,1
k6755,54.5573,527.5287,1
k5718,63.3482,113.5473,0
k6030,71.1758,173.6412,0
k7067,45.1054,0.0,0
k3944,113.8475,208.3273,1
k6771,65.0308,194.3515,0
k1188,76.0953,96.2549,1
k4999,174.5716,179.1291,1
k4557,67.1509,489.5575,0
k2871,90.5677,189.8486,0
k6236,67.5,198.1338,1
k5705,52.2805,78.2624,0
k908,85.5716,182.654,1
k6591,38.3308,829.4607,0
k2366,13.4629,91.0934,0
k6254,97.5,102.0196,0
k5124,56.943,220.348,0
k4227,51.1297,125.004,0
k4974,31.1448,131.6368,0
k6353,7.9057,176.1817,0
k2180,49.5227,122.4091,1
k5442,55.1589,129.0242,0
k4012,86.4928,147.8792,0
k1964,120.6617,212.5094,1
k2311,9.9247,232.5048,1
k6125,57.2189,79.1581,0
k3765,76.5147,131.3097,0
k2039,40.0,410.9699,0
k5883,41.4367,174.1522,1
k5519,37.7359,262.5019,0
k2675,30.4179,477.3306,1
k6869,18.5068,168.7965,0
k438,97.9005,177.4965,1
k1814,57.2735,450.0156,0
k2269,61.3514,0.0,0
k2960,74.8131,182.5445,0
k6346,40.5123,78.0785,1
k897,23.9008,129.501,1
k3445,86.6098,174.5029,1
k4829,66.9496,90.7331,0
k2348,35.7946,96.791,0
k6568,76.0428,151.9803,1
k166,64.8093,0.0,1
k49,28.3064,193.0104,0
k3896,64.2748,135.4114,1
k2263,107.5976,85.6461,1
k511,48.3865,460.0024,1
k5002,108.1573,462.5595,1
k5032,31.1006,401.5,0
k5489,18.5809,63.4606,0
k3568,89.8053,199.2768,1
k5845,69.7711,84.061,0
k1467,3.8079,279.2535,0
k5967,139.5896,150.1408,0
k945,68.0074,133.5459,0
k7415,97.6588,174.5287,0
k7401,24.7032,177.3415,0
k6739,66.2288,115.3137,0
k5198,138.0444,173.5987,0
k6228,39.6232,77.5016,1
k5236,54.2333,0.0,0
k3196,64.846,361.4198,1
k843,106.0578,200.5898,0
k6213,51.7035,644.6877,0
k3725,80.2574,202.9495,1
k3470,94.3001,272.9991,1
k6476,49.1859,165.4645,1
k2115,75.5066,150.1874,1
k6399,141.2887,257.7072,0
k846,90.7483,112.8683,0
k5617,12.0934,482.9319,0
k4830,46.0109,181.0249,0
k3914,107.3604,115.1086,1
k2707,6.0,130.0471,0
k2255,60.5083,228.5662,1
k1172,72.5603,249.2569,1
k346,57.717,103.8809,0
k2330,22.3886,203.6989,0
k7326,82.5136,117.0171,0
k6545,172.4739,262.0305,0
k1165,59.5756,221.5141,1
k3602,96.9665,238.0189,0
k1299,76.5914,334.5688,0
k2411,37.0,48.283,0
k5881,54.5711,123.501,0
k3309,51.8483,163.6719,0
k2676,77.7978,144.5424,0
k2537,99.334,100.7782,1
k6403,58.5769,120.0802,0
k3248,89.9611,61.0266,1
k7470,36.7967,232.7928,0
k5879,51.8652,122.55,0
k5778,56.8001,116.6298,1
k4965,68.5292,247.6812,1
k2374,59.2558,116.1034,1
k514,83.86,163.0598,0
k749,31.8277,179.6003,0
k1071,79.6006,192.3441,0
k2902,128.9467,230.8252,0
k4608,18.7883,169.3259,0
k6746,78.7464,194.8153,1
k6049,191.4954,601.584,1
k6732,39.9155,69.2604,0
k1605,55.8055,586.3519,0
k6669,48.7494,85.1469,0
k3475,53.1507,92.1588,0
k6574,27.3542,119.6547,0
k3651,69.7585,122.3121,0
k1830,45.1885,93.0484,0
k5907,48.8185,99.4409,0
k3815,53.9282,383.4169,0
k6881,25.8699,100.6591,0
k6530,64.0078,461.1196,0
k1647,96.199,547.5386,1
k7396,37.769,135.0454,0
k1713,97.1648,111.7866,1
k6764,65.5934,110.0659,1
k4335,44.3199,129.2604,1
k859,36.0174,424.8088,0
k3618,92.8453,160.0383,0
k2408,124.3111,171.4563,0
k3677,56.648,102.5987,0
k4314,102.6706,108.5012,0
k4451,86.7597,228.6099,1
k3388,50.7075,99.3001,0
k4347,61.0082,167.8519,0
k6915,22.1923,678.6019,1
k3808,100.0112,86.7943,1
k1939,48.0755,84.5,0
k6886,65.192,321.5016,0
k871,50.9215,116.6812,1
k3192,95.9401,125.5488,1
k1581,135.0083,445.445,0
k4352,412.7484,533.496,1
k1253,49.2392,81.2665,0
k7090,24.7487,314.8115,1
k486,88.459,145.6683,0
k4887,29.0,147.5813,0
k17,13.0863,168.0216,1
k4127,52.1177,195.1442,0
k6450,69.9035,202.6111,0
k6835,166.7213,202.0155,1
k540,11.0114,165.0068,1
k3143,83.9658,245.8709,0
k2941,92.2727,215.5052,0
k6136,30.7327,398.0707,0
k550,69.3704,219.9528,1
k471,95.9231,131.5485,1
k2315,2.5,438.9727,1
k3323,59.4643,149.5301,0
k1174,25.1247,122.0092,0
k3622,70.214,239.669,0
k2244,39.246,631.6051,0
k2161,21.8289,65.622,1
k5326,30.9233,93.1625,0
k3984,77.4145,171.0117,0
k2020,60.208,78.3661,1
k3822,186.6039,255.6766,1
k7129,72.5603,265.9215,0
k220,58.3095,77.1622,0
k6017,122.0502,493.0096,0
k3272,70.3847,187.2385,1
k3279,21.006,150.0208,1
k343,92.0883,606.0101,1
k5502,77.026,209.1728,1
k174,136.6318,201.8143,1
k5886,46.5027,71.2531,0
k1349,74.0152,105.9835,1
k5490,63.7201,127.063,0
k7361,91.1661,111.7016,0
k3009,74.3589,466.623,0
k6248,56.1093,271.8607,1
k6034,12.1758,330.4334,0
k3114,76.2955,470.1205,0
k2264,52.3689,250.72,1
k2172,65.1249,144.0009,0
k5459,37.054,73.2888,0
k1723,18.5068,220.2527,1
k1140,38.5519,167.7953,0
k2151,61.0266,103.0194,1
k1193,109.1788,138.8254,1
k861,155.1789,157.7862,0
k6405,76.7366,116.1658,0
k5613,79.8279,153.8059,0
k1966,83.6675,161.5193,1
k1925,99.786,53.1154,1
k5566,96.0013,230.5049,1
k1599,71.9757,219.4767,1
k3247,49.0408,127.5088,1
k3655,91.8286,470.5327,0
k3263,75.0267,84.0907,0
k2600,132.9069,571.7049,0
k7103,60.6012,155.6478,1
k5373,75.5414,170.0,1
k1607,21.8403,155.4638,1
k6089,76.0953,129.0659,1
k281,159.5384,153.5008,1
k4487,12.51,139.5036,0
k7232,37.1214,148.0076,0
k336,28.2931,198.4452,1
k2487,21.8403,100.0012,1
k3493,37.4433,274.5073,0
k2071,63.7828,156.1802,0
k3097,38.9166,311.6637,0
k155,94.0479,157.6959,0
k440,71.5891,104.1453,0
k6280,63.5,184.1962,0
k1815,131.9555,99.8123,1
k1270,46.5027,129.4314,0
k6877,40.7001,320.6513,0
k4327,135.1814,468.3418,1
k2075,65.5687,119.827,1
k459,23.5478,123.3876,0
k2312,37.7127,64.5949,1
k610,95.2169,513.5197,0
k5094,1010.9457,850.245,1
k7255,38.1903,189.0165,1
k3235,44.8135,108.0116,0
k5345,60.2536,215.0052,0
k700,73.2069,125.5807,0
k6826,73.0068,86.0712,1
k6355,35.0892,184.34,1
k6326,26.9258,100.7435,0
k1315,53.4649,184.8276,0
k63,61.6299,110.0,0
k1544,64.5174,97.0,1
k1425,26.4622,114.0537,0
k6628,64.9038,233.0161,1
k282,47.1222,150.5033,1
k3534,86.5867,146.1651,0
k7395,69.7209,229.2477,0
k3665,69.5072,124.5361,0
k2176,71.437,245.1989,1
k340,133.0338,406.9843,0
k5559,25.045,178.7358,1
k5375,13.6473,241.5186,0
k6150,50.3612,191.0,0
k3058,92.5486,264.0573,0
k1291,91.0014,162.0031,1
k4161,76.9025,114.4246,0
k2418,85.1499,298.0759,0
k2092,40.9542,187.1069,0
k4923,34.7311,172.1918,0
k4248,111.2621,622.761,1
k6541,13.4629,156.2314,0
k7466,73.4932,293.1092,1
k5744,21.1896,225.0028,0
k5713,8.3217,580.8548,1
k227,98.6027,177.6042,1
k7148,32.0156,29.5169,0
k5300,76.6893,342.7922,0
k1999,36.0347,141.8529,1
k3697,63.1862,89.9389,1
k3705,46.4004,506.0089,1
k5866,44.2295,136.7644,0
k7301,92.5014,182.5829,0
k3791,44.365,578.2173,1
k252,66.3871,96.3146,0
k819,81.1942,207.5488,0
k7012,4.3012,127.4402,0
k1912,115.2313,159.8452,0
k5017,28.1514,213.9585,0
k2077,14.9164,193.5885,0
k6991,56.5265,288.0508,0
k2284,38.5032,56.5354,0
k7419,71.5437,109.573,1
k4713,88.4562,128.0625,0
k6944,93.3876,89.0505,0
k5219,114.8564,172.9227,0
k712,36.5855,209.571,0
k6664,68.9384,783.0704,0
k740,70.5762,199.6509,0
k1969,79.6068,154.9653,1
k5877,81.9054,191.654,1
k3313,61.3861,126.0724,0
k3981,34.3001,724.1768,0
k2547,18.4391,236.3906,1
k4181,59.7537,192.2531,0
k5529,118.4451,58.8154,1
k2320,2.0616,199.2699,0
k5645,98.1033,98.1122,1
k1068,37.3965,99.193,1
k296,58.5171,144.17,1
k6528,56.1093,111.0281,0
k6039,86.0233,99.6657,0
k3781,79.3757,211.1333,0
k855,128.1425,425.4703,0
k3302,51.6841,195.075,1
k7098,12.5897,161.311,0
k4432,67.8178,101.4938,0
k4950,136.1552,207.9663,0
k3497,94.2245,113.5837,0
k3883,68.9638,110.6368,1
k4560,25.005,152.5549,0
k5890,72.0035,145.0422,1
k4676,22.8965,329.6673,0
k4732,37.9012,160.5895,0
k695,95.0474,579.1032,1
k3317,96.1574,124.5321,1
k1016,5.5902,198.7719,0
k6992,32.8101,117.5043,1
k3790,38.5778,57.0548,1
k6395,109.4646,244.778,1
k5433,71.6886,690.0355,0
k7273,82.7798,491.2222,0
k5492,186.4705,245.0862,0
k2353,77.5016,136.8,0
k4888,41.1886,67.0671,0
k5562,24.5051,67.0914,0
k7049,52.5856,158.7844,0
k4247,72.7908,296.928,0
k1941,84.8646,44.78,0
k3841,43.6578,267.0117,0
k495,61.0512,278.6149,0
k1974,84.3045,328.7191,0
k5051,47.4684,172.1424,1
k3817,21.587,92.5486,0
k3813,69.0018,178.514,0
k4601,80.6877,517.2316,1
k143,39.3192,84.0729,1
k2391,48.5412,243.654,0
k6130,50.1224,117.5383,0
k7047,73.1642,97.7164,1
k6394,39.6989,184.1121,0
k186,94.1116,801.2219,0
k943,67.0392,1452.9874,0
k1660,82.8402,707.356,1
k6995,76.5016,453.6722,1
k552,94.3398,410.8637,1
k5666,49.2062,283.893,0
k7439,84.5281,137.4627,0
k7521,46.3816,230.2851,0
k2437,94.2444,299.2161,0
k6007,44.5449,96.5829,0
k5702,94.1409,148.0135,0
k2918,103.2109,84.9779,0
k3912,40.1123,80.0765,0
k2104,73.6699,150.3671,0
k1336,5.5902,813.0781,1
k7126,35.4401,84.5931,1
k1396,82.8025,298.862,1
k4481,71.1688,0.0,0
k4235,25.318,78.5143,0
k5616,46.0679,165.5008,0
k1552,71.0387,628.0263,0
k135,34.6591,68.884,0
k4062,48.9004,263.257,1
k469,78.4618,152.5819,0
k2765,95.606,233.8616,0
k2194,16.6208,202.9495,0
k2876,6.5765,502.5062,1
k3696,51.4782,160.7809,1
k2651,61.002,66.3363,1
k7309,43.0726,201.1796,0
k5418,76.787,163.0008,0
k571,55.509,369.3812,1
k458,68.2495,222.7717,1
k3015,19.78,274.6643,0
k5505,74.2428,319.188,1
k4337,42.8544,138.2624,0
k4675,1105.9508,1591.8029,1
k6148,58.8069,89.8846,0
k7402,118.8465,119.0851,1
k4446,54.2333,119.3786,1
k5786,1034.1992,1000.2986,0
k7328,128.7187,448.0904,0
k6350,58.5342,447.1233,1
k5792,24.8244,228.1283,0
k7219,54.3438,71.9253,0
k738,33.0151,316.0479,0
k703,96.9807,139.9035,0
k4835,83.3802,189.3621,0
k5399,32.8976,141.8185,0
k3837,48.3141,119.148,0
k2631,52.6925,144.5216,0
k5113,49.6588,205.0494,0
k4131,76.0543,471.9883,1
k4909,79.0142,207.0441,0
k1220,28.1114,246.1229,1
k2800,83.3262,205.6502,0
k5382,47.5237,130.8606,0
k4212,66.9104,518.5022,0
k4458,31.257,356.7948,0
k2356,31.1849,306.9796,1
k5231,74.0608,182.6034,0
k2587,61.9536,101.6366,1
k3560,17.9025,314.331,1
k1033,80.5621,1121.4024,0
k3442,73.1249,116.2497,1
k5449,48.0416,203.2978,0
k4838,51.0,94.3835,1
k6340,73.5833,147.5076,1
k2555,22.1923,243.6847,1
k1736,138.4783,139.7033,1
k7604,58.2344,55.9732,1
k3172,70.7142,345.3259,0
k6913,49.3356,323.7901,0
k1510,69.0959,86.0058,0
k1322,82.1523,151.8898,0
k4305,81.4877,576.5137,0
k1585,64.8093,135.356,0
k2872,48.5644,231.6948,1
k6205,85.0,258.0514,0
k5671,161.623,211.3534,1
k2480,55.8144,321.753,1
k5520,85.1601,137.5227,1
k6994,38.7363,183.0983,0
k6484,110.6526,289.5004,1
k2996,63.5079,108.2959,1
k3446,54.8293,70.0874,1
k5938,36.8816,87.9616,1
k4094,54.1202,101.3903,0
k427,99.0051,806.3723,0
k7178,70.9524,160.8182,1
k5625,62.3879,3.6056,1
k1984,72.8869,131.577,0
k311,48.3451,151.4373,1
k5619,94.7972,144.6695,1
k6643,14.7139,123.1016,0
k5446,33.6155,29.0947,1
k4910,37.663,751.3809,1
k1108,46.3816,326.531,0
k3805,17.4141,225.5355,1
k6016,158.155,339.6472,0
k6453,80.604,0.0,0
k7114,77.8412,88.6129,0
k1434,55.084,207.4729,0
k4535,57.0789,288.4441,0
k3729,42.9913,98.6268,0
k4928,63.4054,666.9501,1
k1870,35.107,355.1479,0
k7560,94.8683,388.5051,0
k2171,91.6965,174.5029,0
k6910,21.9829,93.4692,0
k7123,9.0139,187.6306,1
k203,73.2069,199.5858,0
k4809,41.0,258.774,0
k6,37.1652,80.6226,1
k6960,113.3986,394.5155,0
k4221,52.0024,380.659,0
k4662,88.1547,280.9026,1
k5962,79.0728,86.6747,0
k5606,56.5,208.1015,0
k6671,68.7968,0.0,0
k4747,68.6477,56.2694,0
k2215,61.0328,96.1067,0
k3463,15.0083,58.1055,0
k3561,106.0189,80.6381,0
k6745,92.9852,321.5004,0
k326,41.3824,307.4703,0
k553,39.6011,75.9605,0
k3743,142.0713,534.6833,0
k5627,59.4517,105.5746,0
k4687,23.7592,241.5186,0
k6357,81.7863,210.965,1
k541,6.9462,107.4826,0
k3341,55.9151,109.6141,1
k3257,71.5856,63.0734,1
k4720,80.1265,155.6157,0
k3177,136.5586,291.4125,1
k2202,20.6155,0.0,1
k772,99.7459,658.7118,0
k6852,57.5348,497.0362,1
k6829,91.2812,41.8151,1
k4391,68.4635,200.8015,0
k1327,29.8412,81.8551,0
k1311,58.258,51.7228,0
k5330,54.8019,384.7184,0
k710,42.5735,187.7472,0
k6152,44.2945,607.1822,0
k3893,31.6938,421.6008,0
k4618,74.4261,179.0112,0
k6097,55.2472,110.151,0
k3754,37.9012,104.6721,0
k6438,21.1483,190.0539,0
k4011,96.6863,135.9458,1
k2229,48.2701,353.0287,0
k472,59.5525,122.451,1
k1162,54.171,256.4888,0
k3421,64.7611,222.509,0
k2266,159.249,191.5131,1
k7120,37.726,423.7313,1
k3242,87.9801,200.0531,0
k5360,36.5,132.8053,0
k1725,61.8809,97.0696,1
k3339,51.1297,0.0,0
k4052,22.5,68.5584,0
k3061,81.8841,327.9489,0
k3154,33.6155,180.5028,0
k3759,37.5533,201.575,0
k2803,46.3276,196.0057,0
k6620,84.9264,187.5613,0
k1960,34.3293,314.6824,0
k5407,5.0249,217.0576,0
k3182,113.0011,194.0103,0
k997,143.0044,0.0,1
k5573,50.1224,163.0,1
k7319,49.7695,134.0121,0
k2686,82.5651,170.0118,0
k7499,77.8155,79.0142,0
k4876,111.4462,168.7965,1
k2114,12.6194,119.877,0
k3116,42.003,435.9014,0
k3776,173.572,208.0487,0
k239,60.8482,0.0,0
k1901,42.2995,584.2418,1
k7586,40.3887,469.3967,0
k1598,53.6004,160.05,0
k3997,36.0555,328.1421,1
k6330,68.8567,59.8018,1
k5260,47.9009,541.6013,0
k320,58.4209,164.6003,1
k1483,39.7555,58.6366,1
k701,52.0601,140.1517,0
k6792,168.8083,406.6771,0
k7116,118.5675,440.0821,1
k2891,51.5461,197.851,0
k4860,53.8075,152.7956,1
k4390,28.1514,256.1411,0
k1429,1004.0997,936.2094,0
k3091,102.7631,62.9007,1
k2576,79.2465,138.0906,0
k7109,15.5242,110.5486,1
k4441,35.5598,214.0707,0
k3968,42.0743,251.8238,0
k1683,48.0937,161.6052,0
k4667,82.8689,304.943,1
k1056,46.5188,97.788,0
k2231,33.7083,93.9601,0
k2717,130.1586,267.5565,0
k6093,36.773,133.1813,0
k6197,54.5,130.7765,1
k4746,137.9801,536.0784,0
k2268,96.0833,100.6541,1
k3800,155.6639,363.6661,0
k1833,62.0081,234.5021,1
k5583,14.0801,237.4031,1
k5102,28.0713,244.9908,0
k5991,77.5016,163.8063,0
k6946,42.3586,495.4203,0
k1658,28.2179,369.7465,0
k2108,33.8711,286.507,0
k1414,49.1172,235.2297,0
k2782,43.7321,846.7628,0
k6396,28.64,82.1736,1
k456,70.9454,233.8568,0
k7389,12.3693,638.1618,1
k6307,121.1291,981.6314,1
k2969,42.5,137.5354,0
k6183,62.3939,88.7257,1
k2763,80.9969,297.0038,0
k1877,143.0874,156.205,0
k3501,72.0069,118.6054,1
k5961,76.397,88.8735,1
k7132,75.9605,203.0548,0
k6738,54.5711,100.5609,0
k6279,59.927,43.2348,0
k761,131.4962,558.2902,0
k6616,42.5441,121.2023,0
k1316,53.5374,102.1482,1
k5503,56.5265,0.0,0
k149,75.1532,176.0575,1
k2706,36.1836,188.9874,0
k397,22.3271,408.0668,1
k3018,93.2966,71.332,1
k3533,83.3142,219.5023,0
k1276,62.0725,140.1856,0
k1306,15.0416,202.4846,1
k1763,59.9354,68.8368,1
k7125,74.6358,157.0796,1
k7233,40.3299,101.0161,1
k757,20.1122,500.536,0
k4426,91.7401,128.1766,1
k6621,86.2279,165.0485,0
k478,67.0168,0.0,1
k4434,69.5072,291.5617,1
k5266,44.9444,102.0306,1
k7070,78.5016,175.1207,0
k6419,56.8177,135.9062,1
k4300,36.6742,114.0175,0
k3898,64.6239,94.012,1
k6176,92.5,55.5563,1
k1010,73.1642,294.5819,0
k5019,52.6925,117.9841,0
k5868,25.6223,698.5517,1
k4206,98.5089,125.1259,0
k7010,80.0656,129.8249,0
k565,68.2221,396.2783,0
k3939,101.7853,429.3673,1
k2625,129.555,390.9735,1
k3787,6.5765,129.1375,1
k4949,70.342,74.2849,0
k2785,107.8483,156.0032,0
k591,64.2223,193.0784,0
k4200,93.0228,217.0184,0
k5194,100.1012,426.5563,0
k4381,95.0789,177.1588,0
k763,8.1394,122.5408,1
k6602,17.2409,465.758,0
k3713,43.2782,216.037,0
k2959,49.6236,69.3055,0
k4521,67.4129,292.767,0
k4288,91.1373,277.3793,1
k15,44.3847,115.1271,1
k2567,56.3072,170.7352,0
k223,21.6333,70.2602,0
k5475,50.9902,190.5026,0
k2671,57.2713,178.5252,0
k3708,93.2631,561.1,1
k2809,51.3079,188.908,0
k7473,32.0039,94.5476,0
k4420,68.0018,132.0606,0
k6954,32.2374,223.1636,0
k3415,32.1753,148.1022,1
k856,54.7768,136.0744,1
k7451,24.3311,361.8764,0
k4812,83.6481,197.5152,0
k4492,64.9038,115.9062,0
k6151,115.6774,698.7331,1
k7602,52.6711,92.5419,0
k879,37.4833,44.3847,0
k6288,23.4094,104.2845,0
k2337,41.3189,136.4597,0
k6124,57.4891,125.4193,0
k836,56.9495,58.5021,1
k709,152.6385,707.5373,0
k7241,32.596,143.5871,0
k6354,34.6771,311.6769,0
k4459,48.0104,148.3139,0
k5458,53.0094,153.8059,0
k5662,158.8978,163.5619,0
k2326,81.4816,77.1314,1
k2274,58.2344,175.035,1
k1297,86.7439,463.132,0
k6349,123.4909,149.688,0
k3055,94.1488,357.8243,1
k7424,73.8664,315.0571,0
k2454,53.6004,99.8424,0
k3583,74.7412,128.0791,1
k2858,58.0022,135.2036,0
k2124,13.3135,203.0794,1
k4044,30.9233,692.9203,1
k2805,72.4655,101.1781,0
k3849,52.6522,195.1442,1
k5093,40.2523,126.58,0
k1197,16.9853,40.2523,0
k4841,81.5552,187.6006,0
k98,29.6015,210.1773,1
k4185,67.6923,441.5343,1
k1503,8.86,211.0024,0
k5043,57.1161,72.1405,0
k3797,1.5811,209.5024,0
k6245,74.1114,223.2896,1
k801,84.1487,134.708,1
k2184,46.3276,165.4003,1
k1913,73.0068,117.8346,0
k1055,13.5093,234.5645,0
k6695,122.9837,71.8923,1
k7019,18.5068,105.0107,0
k1543,15.8114,262.7741,0
k5844,111.2036,703.7565,0
k2508,89.8053,55.9151,1
k270,69.3578,401.0527,0
k6566,29.3471,721.021,0
k5336,107.5419,116.0388,0
k50,97.3088,392.3684,0
k6756,128.1503,1098.318,1
k4223,82.3241,140.5222,0
k7572,29.7532,655.8363,0
k3264,133.046,242.5,0
k4920,47.9088,68.0,1
k7485,106.0424,130.5412,0
k534,126.5356,139.5143,1
k1596,36.6776,146.5307,1
k4071,75.8024,78.2624,1
k831,116.9027,162.0633,1
k5145,80.0562,174.6031,1
k6983,28.0401,154.1371,1
k5909,172.3463,773.5273,1
k7099,77.5016,104.0685,1
k6535,74.4312,331.7356,0
k388,103.9423,242.8482,0
k4992,12.0208,241.6495,1
k4186,15.5322,647.8244,0
k4638,26.2345,105.1023,1
k4120,64.5136,94.5939,1
k5680,164.6853,0.0,1
k1518,278.1982,429.6283,1
k2308,48.5232,260.1658,0
k6749,29.77,86.3713,0
k3746,34.9178,67.1751,0
k6894,55.599,72.111,0
k5154,21.5523,158.418,0
k7461,19.7041,53.0094,0
k5103,92.8615,122.001,0
k3764,145.0284,0.0,1
k230,12.3491,341.1323,0
k2654,108.0949,184.5332,1
k2630,80.3057,410.9039,0
k6570,58.8154,157.7157,0
k3504,80.5047,163.1295,0
k932,93.1585,289.1133,0
k5226,106.5751,848.1327,0
k5287,42.3615,88.5353,0
k1418,130.1883,381.635,1
k4882,40.3887,67.8325,0
k4261,79.5692,996.452,1
k4083,48.0,260.5389,1
k705,51.4125,271.5,0
k1858,105.1404,222.7431,1
k1440,38.8909,130.2162,1
k1469,51.5024,651.5491,0
k7299,31.9766,187.7292,1
k2199,85.0132,153.04,1
k4826,40.1404,143.5035,0
k6677,69.2604,112.2074,0
k414,1212.7087,1442.3623,0
k317,41.0,293.3108,1
k419,82.1523,0.0,0
k7171,51.5388,410.1756,0
k5405,51.4417,128.6585,0
k473,50.589,587.5053,0
k6805,37.3965,561.5804,1
k3700,108.2693,295.3968,1
k3134,23.3452,332.1333,0
k714,76.1577,158.7278,0
k2070,63.0754,367.3027,0
k7373,28.8444,151.0828,0
k2430,92.228,163.4786,1
k3916,78.7353,170.8874,1
k6975,171.8524,231.2926,0
k304,87.7055,297.056,0
k1139,28.4253,104.3935,1
k3843,85.8429,146.4283,0
k3688,16.1245,105.0774,0
k5822,29.8077,358.8851,0
k2024,49.366,92.9045,0
k2392,131.7507,226.4757,1
k4577,25.9856,1538.7094,0
k7464,94.2351,204.3679,1
k3804,64.8999,196.4701,1
k490,38.8973,132.9003,1
k1651,67.1509,168.2149,0
k2460,45.1691,132.0038,0
k4801,88.2397,297.8867,0
k7330,108.8726,219.8846,0
k6872,26.2393,940.6488,1
k5008,10.0125,454.0069,0
k4151,44.1192,313.7375,0
k5023,31.8904,140.1517,0
k1022,59.165,87.6727,1
k1948,140.1606,66.3193,1
k5469,50.7666,109.3446,1
k3667,27.3542,166.5608,1
k2157,75.4603,190.9097,1
k825,34.176,74.6073,0
k5972,39.5285,171.1586,1
k5770,31.8944,137.0912,0
k4753,46.5027,0.0,0
k1176,65.9337,164.1714,0
k1212,57.0701,352.7811,0
k6839,134.9907,43.9118,1
k4719,72.7083,119.6766,1
k4488,22.8035,278.3779,1
k2324,55.1951,64.4748,0
k1661,46.768,213.9071,0
k5274,142.571,234.8154,0
k2514,84.3801,302.8473,0
k1592,77.8621,208.9527,0
k3345,72.092,121.2456,0
k5377,51.4417,125.6831,0
k2285,80.8857,329.5186,0
k5618,80.5761,67.5074,0
k4282,78.6448,428.7336,1
k222,30.8302,107.8761,1
k6054,115.1564,51.9711,1
k4721,54.5711,180.5028,1
k2067,54.1479,49.9124,0
k4087,19.5576,320.0664,0
k556,108.6105,110.0227,1
k4197,135.2793,0.0,1
k7526,65.1153,274.8609,0
k3594,65.5019,125.4442,0
k2309,36.5411,289.573,0
k3374,113.0011,448.6159,0
k1241,26.8794,201.748,0
k37,13.1244,87.6427,0
k7359,31.9453,50.1597,0
k331,120.3007,457.8398,0
k6149,42.5265,341.6771,0
k4813,31.0886,139.5036,0
k1783,42.8981,124.2578,0
k3351,46.5027,104.5108,1
k171,45.8394,243.7714,1
k6819,45.0389,125.093,0
k7212,67.309,164.0831,1
k7410,138.0444,312.4684,1
k894,57.0088,64.158,0
k3973,100.4117,159.3212,1
k464,80.2309,110.8264,0
k1655,66.9104,204.7877,0
k6766,182.3321,526.0271,0
k6159,8.7464,132.417,0
k6670,42.45,187.7345,0
k7061,41.488,211.5053,0
k5363,75.4801,159.8202,1
k113,56.1894,44.3424,0
k3433,81.8123,284.103,1
k3854,70.3847,612.0182,0
k6822,2.5495,145.494,0
k4541,107.5883,363.1425,0
k4722,119.5847,166.5008,0
k2646,58.1055,55.0,0
k2741,37.4833,162.5131,0
k3300,21.0772,183.892,0
k3409,98.5089,161.4845,0
k6582,7.433,216.5092,0
k5,49.366,72.0434,1
k1989,26.2774,240.0047,0
k4427,67.9283,243.0741,1
k1895,64.0703,117.3765,0
k530,71.6955,145.4184,0
k688,21.9146,747.2424,1
k338,115.2443,305.3936,0
k4378,61.2944,256.186,0
k2085,71.0211,122.0,1
k5677,30.5,108.9461,0
k2027,60.2536,306.4841,0
k6065,52.6165,356.7555,0
k1523,79.3788,164.0526,0
k6443,103.3683,250.1125,0
k4424,79.0142,192.2869,0
k423,80.7248,150.9205,0
k2270,90.802,249.0502,0
k1916,70.516,0.0,0
k2506,113.1923,464.2933,0
k3741,86.5708,511.4834,1
k3201,58.6686,131.6368,1
k1753,45.0389,205.5736,0
k3366,10.5948,273.7449,0
k1920,45.9918,307.1795,1
k3870,127.7155,306.1634,1
k3860,64.8845,154.4288,0
k4752,103.0049,241.042,1
k2617,67.4036,52.9009,1
k3947,113.5011,335.6285,0
k4330,32.9621,116.3454,0
k475,96.5013,529.6414,0
k4196,40.0031,80.6505,1
k6188,95.6151,177.3055,1
k3030,35.4401,30.7002,1
k3031,98.6027,365.9535,1
k4075,42.2641,147.6186,0
k4205,82.8402,258.9363,0
k7057,48.0104,200.0025,0
k4639,140.6743,163.0598,0
k184,46.4462,585.7184,1
k575,3.9051,485.0673,0
k2665,16.6208,69.8713,0
k4406,53.0212,214.2574,0
k6859,16.1941,63.1269,0
k957,69.0,267.4177,0
k3492,77.5838,154.7966,0
k5454,56.5685,143.6959,1
k3047,115.1803,755.1864,0
k7456,23.0217,89.2328,0
k1044,76.2316,58.4829,1
k4729,72.6722,113.5011,1
k178,72.9126,590.0686,0
k4442,38.2426,152.7195,0
k3485,23.3773,139.6612,0
k2017,82.8553,96.5829,0
k788,49.0026,85.5409,0
k988,52.9528,293.5106,0
k1743,59.3401,77.5065,0
k796,37.3363,816.3659,1
k3024,39.9656,105.0774,0
k6222,69.161,109.11,1
k6332,35.9026,196.0006,0
k1995,15.0083,98.1835,1
k5391,43.1741,165.2763,0
k6092,15.8114,119.1774,0
k907,73.9341,264.1751,0
k1570,36.3456,151.7432,1
k1548,57.3149,377.2218,0
k5394,49.5101,1351.7157,0
k1706,18.0347,553.9251,0
k4605,48.5489,124.5642,0
k5552,89.5126,144.6046,0
k403,25.5539,50.1224,0
k5026,20.5973,144.5424,0
k5069,83.3217,130.384,1
k5209,118.4926,57.8662,0
k6666,75.1681,140.6983,0
k5202,34.5398,681.3048,0
k3961,66.9104,165.0189,1
k3027,45.2355,71.0862,1
k7537,63.0635,326.5061,1
k6085,26.8794,385.331,1
k7190,90.5677,350.5267,1
k5283,59.5021,731.5234,1
k6040,135.4889,291.7096,1
k2758,150.0966,133.2901,0
k4652,49.5101,140.5009,0
k6642,104.7294,254.0177,1
k3342,44.0454,64.158,0
k3050,62.859,84.3579,1
k3731,38.7621,73.3792,1
k5261,39.0,22.0057,1
k6390,96.199,631.4784,1
k7172,64.3817,210.538,0
k5950,119.6349,0.0,1
k792,119.0683,348.509,0
k6556,97.664,495.1336,1
k6551,64.9192,111.3643,0
k6193,52.0024,0.0,1
k1957,143.0918,245.0005,0
k2931,71.3863,239.7415,0
k6765,69.2261,605.0424,0
k1820,121.3106,368.541,0
k4234,98.9571,90.7373,0
k4082,50.0,125.6831,0
k6635,64.562,77.9647,0
k2066,80.7001,215.8894,0
k6808,70.2157,219.3285,0
k5530,53.64,200.1125,0
k2497,61.8971,208.5863,0
k6278,34.5579,265.6991,1
k2616,96.2211,127.5245,0
k6534,86.6516,88.0738,0
k6689,25.7391,179.5446,1
k1040,26.1964,227.1503,1
k5321,114.4771,155.2297,1
k1773,37.4767,311.0486,0
k2303,46.1546,139.8231,0
k4787,181.4635,198.2524,0
k1433,178.7023,216.3354,0
k2897,135.8354,175.5,0
k5281,47.6681,229.5441,1
k3565,31.0161,74.9283,0
k1884,51.6188,169.4616,0
k568,31.5159,90.4005,0
k4403,50.9608,123.199,0
k5491,43.9118,240.6502,0
k249,14.6373,417.3068,0
k4144,42.72,174.8156,0
k420,58.331,170.6173,0
k6864,4.0311,215.4553,1
k3846,79.77,151.7383,0
k6302,13.0863,306.5587,0
k6521,18.7417,142.5219,1
k6557,90.0403,209.113,1
k3522,90.5994,155.7899,1
k1745,8.544,129.1908,0
k2046,86.6833,130.124,0
k4774,84.1264,196.1479,1
k1584,66.9795,414.9584,0
k5361,58.5235,288.1189,1
k5543,85.9884,934.2292,1
k4663,19.4743,118.9212,1
k6905,83.9315,204.1378,1
k428,100.206,135.5701,0
k6191,76.9042,563.2238,0
k4598,66.0019,0.0,0
k7163,10.6066,315.643,1
k1708,23.838,108.4735,0
k5817,38.7331,101.5197,0
k2232,23.7539,156.0072,0
k147,78.7718,78.8495,0
k1842,73.0428,128.8846,1
k4469,15.8824,240.5546,1
k6445,58.5,71.2969,0
k3486,90.7042,101.0272,0
k4880,33.121,152.861,0
k2743,55.9866,210.0012,0
k134,28.4429,505.0015,0
k132,115.9526,79.6273,0
k5810,165.0273,119.8384,1
k4522,39.2747,561.0893,1
k3786,124.0816,722.9374,0
k824,1015.4794,802.6459,0
k3179,94.1409,136.5375,0
k6042,84.9073,286.5925,0
k4931,59.7097,101.7767,0
k4547,43.0639,151.3151,0
k81,1086.8179,1086.5966,1
k5059,24.9098,38.5,0
k1541,110.7362,143.0079,1
k6334,84.006,110.3381,1
k2048,67.1063,79.5692,1
k392,64.8845,116.2755,0
k4772,82.2572,153.018,1
k2816,31.3209,0.0,0
k4611,265.9497,158.2024,1
k4621,112.8771,528.9357,1
k5932,42.4264,352.2219,0
k2822,34.5254,170.793,1
k1887,27.4089,212.9519,1
k804,71.5681,116.4174,1
k3253,9.1924,973.6411,1
k201,69.6348,143.1861,1
k1086,43.6578,192.5058,0
k2485,226.527,300.0417,1
k4260,62.5,97.0,1
k3028,62.155,64.002,0
k868,70.0286,57.1686,0
k7551,63.2653,513.1335,0
k3582,72.5844,113.0896,1
k2003,118.2582,125.9246,1
k6760,40.1622,553.097,0
k613,59.4348,85.3756,0
k7147,60.21,303.2375,1
k962,11.8849,147.085,1
k1126,48.9336,177.0254,1
k6099,34.9178,965.5374,1
k2677,21.6449,77.4919,0
k5429,73.6495,293.0004,1
k4647,100.2958,270.8967,1
k6812,72.5827,210.3426,1
k7457,52.7376,186.6293,0
k2962,36.8409,129.124,0
k2648,124.904,150.2065,0
k1355,130.5421,0.0,1
k6154,70.7001,59.0,0
k3371,101.1781,291.5017,0
k3532,66.6521,110.7892,1
k7034,75.6654,213.3928,1
k2402,83.4865,65.0692,0
k2375,70.0286,198.4263,0
k6385,103.9351,113.0863,1
k1205,55.0318,101.3163,0
k1412,69.4874,114.8151,0
k5365,51.0392,80.7233,0
k7082,24.3772,64.2806,1
k3719,23.7697,269.5056,0
k2791,167.5269,265.5772,1
k2968,35.7561,141.2029,0
k6496,60.531,98.0778,0
k4946,82.3787,193.5568,1
k2879,72.0295,118.8876,0
k2811,57.0789,139.4794,1
k293,12.0208,201.4907,0
k2701,30.0,805.0531,0
k1200,76.0263,165.6336,0
k726,50.6211,202.5938,0
k3060,42.1456,92.5972,0
k3331,50.5618,206.0097,0
k1808,58.843,58.3095,0
k5161,68.7204,97.7816,1
k3976,10.1242,170.6261,0
k4954,63.9531,149.9667,1
k7169,23.0326,85.5015,0
k2459,36.0902,54.5367,0
k1844,66.6652,79.5503,0
k447,49.2164,57.9763,1
k6965,25.1098,66.7271,0
k3067,48.5026,216.1926,1
k5452,71.1706,0.0,1
k2736,70.1231,82.4621,1
k6719,63.3028,105.6279,1
k7530,41.1947,95.3362,0
k4040,70.0643,238.3548,1
k3930,83.4641,129.1172,1
k5225,27.0185,109.2016,1
k5062,45.4588,485.218,0
k5659,22.0737,171.5488,1
k2641,75.738,278.5687,0
k933,84.7172,154.0519,1
k2519,59.0021,106.2568,1
k433,83.0136,223.9866,0
k7398,9.8615,111.6121,1
k5726,21.2132,131.5466,0
k5975,42.9942,193.1094,0
k5303,29.6057,146.0548,0
k297,61.0082,200.5025,0
k7251,59.0762,31.7057,0
k576,56.5796,70.4006,0
k6606,83.3847,183.6968,1
k3208,49.135,158.2024,0
k910,53.7587,81.6241,0
k1491,46.057,100.4241,0
k3372,46.3303,131.6435,1
k6592,52.9741,81.0062,1
k6156,116.1217,144.8456,1
k2461,96.4689,181.3974,0
k3529,75.1681,0.0,0
k1438,17.4642,128.001,0
k3218,85.1469,224.0273,0
k485,85.3288,145.664,0
k1156,143.2236,315.833,0
k6246,33.5894,305.6276,0
k6605,105.6504,446.1491,1
k1990,11.8533,258.6238,0
k4113,14.0089,819.2565,1
k6490,92.0828,168.3278,0
k7432,76.5588,108.9151,0
k5035,80.9938,457.7775,0
k6674,79.456,0.0,1
k5779,7.0711,55.3173,1
k3457,14.5774,184.5244,0
k3540,14.5774,253.9734,1
k3466,47.2149,0.0,0
k3076,50.9166,0.0,1
k4586,77.5194,72.4189,1
k6367,59.6657,77.8155,0
k698,54.6008,130.0548,1
k6084,86.7208,371.5219,1
k1926,66.191,128.1405,1
k6916,88.0866,356.0621,0
k4919,77.6032,113.1106,1
k6026,31.3129,110.3279,1
k89,70.5638,127.0797,0
k6229,53.106,153.1617,1
k2972,64.1327,167.6261,0
k408,89.6674,144.0069,1
k3998,76.8798,93.5909,0
k2407,82.5651,306.9287,1
k7425,78.578,246.6034,0
k6415,97.0271,71.528,0
k4883,47.9505,764.3173,0
k4816,156.1089,573.0218,1
k238,49.8623,65.8426,1
k5243,153.8254,480.6376,0
k6048,34.0037,201.7176,0
k754,99.6255,198.1161,1
k3057,66.9104,222.963,0
k1526,85.5365,157.0008,0
k3275,55.8614,426.6418,0
k1865,87.023,156.321,0
k4180,147.3745,353.5948,0
k4254,47.7624,289.7904,1
k1898,16.2788,146.6024,0
k5703,52.2805,92.0666,0
k5005,87.0129,202.2554,0
k1967,93.984,168.4429,0
k4101,7.7621,829.0544,0
k3518,27.074,89.8137,0
k1272,83.5464,1362.7092,0
k4783,20.8626,104.0108,0
k4653,166.0098,372.3657,1
k5292,48.7545,157.7862,0
k3648,48.5824,211.6058,1
k6700,74.5201,176.638,0
k7189,77.719,141.9947,1
k6520,38.9102,81.7206,0
k5928,37.6198,44.7353,0
k5494,42.19,176.5574,0
k2637,53.7587,336.322,0
k4568,44.0369,515.5546,0
k7300,79.5063,213.6381,1
k5024,81.6838,119.105,0
k5478,51.3079,85.5058,1
k7283,56.3604,111.6882,0
k632,70.4557,94.1833,0
k5609,54.8931,510.6332,0
k3350,42.7931,0.0,1
k2179,40.302,112.3755,0
k2471,61.5549,128.7643,0
k5267,37.0473,144.5415,0
k7539,120.2799,160.0383,1
k268,17.6139,90.312,0
k2603,65.2476,178.6008,0
k6336,16.4924,42.2404,1
k387,9.8234,273.2018,1
k3347,228.8154,154.1752,1
k718,110.4774,122.549,1
k3931,14.5344,231.0779,1
k5925,92.0706,77.2868,0
k5951,70.8696,83.6809,1
k5637,63.0317,318.5769,0
k6079,83.3547,145.4003,0
k656,109.5411,294.0017,1
k1542,17.3277,0.0,0
k1325,82.2344,371.3506,0
k109,15.4353,233.0,1
k4500,87.8877,184.6943,0
k3616,40.5123,135.0926,0
k3965,50.589,558.9387,0
k3269,15.5322,123.5364,0
k4714,60.6321,136.5742,0
k4762,89.0084,103.0594,0
k2347,66.8599,254.9431,0
k5663,45.0111,176.2839,0
k4111,83.0241,130.9399,0
k190,66.259,125.5747,0
k4259,45.5247,61.5731,0
k878,101.5972,143.014,1
k6539,63.7377,39.0032,0
k832,116.4302,137.5736,0
k980,11.2361,133.8432,0
k234,54.5825,88.9565,0
k1484,89.6172,177.3083,1
k5806,33.3242,194.6362,1
k3386,81.5751,137.6635,0
k80,60.4669,277.4968,1
k2283,95.0053,129.0155,0
k2819,112.9004,734.0497,0
k4823,87.5914,389.7749,0
k2764,54.6466,453.7744,1
k2280,33.812,141.9472,1
k1667,27.313,239.2995,1
k7356,65.1786,0.0,0
k7209,17.5642,431.1812,0
k5332,38.1084,105.5296,1
k1577,54.5825,196.5312,1
k101,48.8109,86.9037,0
k3156,58.843,216.6478,1
k6029,80.0,150.6793,0
k991,39.6232,138.058,0
k85,181.5172,262.2103,0
k412,60.3345,168.5007,0
k3943,38.3308,276.5651,0
k265,209.7105,181.2078,1
k1233,71.0158,252.0005,0
k3251,32.9621,164.931,0
k602,71.7948,72.8011,0
k3008,34.176,521.6742,1
k3071,40.6971,171.7942,0
k1391,93.8096,0.0,1
k3832,37.9012,181.0249,0
k7388,15.8114,78.5064,0
k1119,52.1536,243.837,0
k635,70.9524,399.2174,0
k4936,111.7195,289.9418,1
k808,65.8027,144.6245,0
k5539,44.071,159.3047,1
k867,102.8591,0.0,0
k2633,20.3961,190.0217,1
k789,69.3109,55.3828,0
k6614,69.7316,124.6004,1
k2214,54.4518,470.802,1
k2162,56.932,36.5034,0
k1151,74.1569,228.6072,0
k3739,43.4166,72.94,0
k6206,84.9721,527.5341,1
k3733,106.6607,309.7325,0
k3566,17.0074,171.3337,0
k6420,71.2531,494.1225,0
k7106,62.1631,116.2755,0
k1782,39.5285,88.3091,0
k2801,203.8535,0.0,0
k5698,36.5137,279.0112,1
k4069,90.312,62.476,1
k4649,55.8234,154.5,0
k162,86.5231,214.5985,0
k1285,83.2857,158.5599,0
k7529,85.1499,130.384,1
k1468,57.3062,84.5237,1
k5312,73.1471,228.9596,0
k3644,60.6177,76.2365,1
k5701,60.5,304.2014,0
k1475,76.1643,370.3245,0
k1938,47.7127,635.3849,1
k3291,124.5883,180.1402,0
k4303,26.8561,76.5131,1
k2317,38.4708,93.3876,0
k7235,39.5506,105.6705,1
k2257,148.9841,177.799,1
k3127,94.0479,584.7959,1
k4805,82.7179,147.2659,1
k7122,63.6396,409.4905,1
k2734,69.5162,0.0,0
k5749,42.9331,227.83,0
k6585,22.2991,262.1545,0
k1818,53.4439,96.6049,1
k2062,87.8877,258.56,1
k6548,65.2093,84.0729,1
k3772,142.6201,170.7469,1
k3523,22.0907,203.1976,0
k2111,94.5899,479.3071,0
k7350,44.8386,121.2322,0
k3241,86.0131,70.066,0
k6109,99.5038,165.003,1
k6768,65.5915,84.0536,1
k4277,27.9732,163.1847,0
k1537,7.8262,239.4394,0
k3629,122.0502,190.7367,1
k4908,21.0238,191.845,0
k5632,44.3847,372.5225,0
k4445,49.0102,124.1934,0
k1451,46.3276,284.029,0
k5577,138.37,0.0,0
k2135,58.6003,192.0319,0
k6182,71.5489,138.9541,0
k6704,49.4495,0.0,0
k3107,3.3541,155.6478,0
k1310,40.2244,335.8724,1
k5765,27.1662,68.0661,0
k5789,73.9138,116.5011,0
k4514,63.5,95.9713,1
k6937,2.6926,151.6188,1
k1462,22.3215,116.5,0
k1394,74.0034,185.7323,0
k6575,32.8024,148.5,0
k1292,95.8188,69.5881,1
k4853,53.0519,156.5799,1
k6939,186.9184,112.1037,0
k7198,2.5,698.2036,0
k6985,44.4213,175.0893,1
k4085,137.2334,395.5401,1
k213,81.4371,35.805,0
k3826,44.9806,179.9472,0
k3867,65.6906,236.6527,0
k6131,78.5493,158.749,0
k6322,28.2843,125.9573,0
k372,56.2072,128.4338,0
k4495,118.0614,0.0,1
k5210,70.7831,490.7178,0
k5465,75.3608,127.5157,0
k1869,20.3039,288.0156,1
k4072,44.5253,105.5012,0
k890,55.4707,165.9187,0
k2569,76.7756,206.6362,0
k6382,70.0179,99.791,0
k274,90.824,49.8046,0
k2150,53.6027,124.6154,0
k6862,69.0254,607.225,0
k682,34.0331,113.2166,0
k3484,65.4083,477.4018,0
k2942,75.326,700.6126,0
k1250,16.1012,304.5148,0
k6636,128.6905,144.5554,0
k6401,10.7935,66.1891,0
k1318,49.9625,242.6489,0
k1264,25.0799,0.0,0
k1217,45.2383,196.5204,0
k5611,52.1464,545.6796,0
k5218,53.7587,729.1257,0
k2091,67.7588,219.0576,0
k3270,40.2647,129.9885,0
k1863,26.3865,274.0972,0
k1387,93.5013,89.9611,0
k3576,70.7142,103.1213,1
k5728,82.8689,141.673,1
k4308,74.6877,64.0,0
k445,40.4475,973.2801,1
k3515,95.1853,137.7725,0
k3036,6.6708,221.5457,0
k5656,39.3573,321.0876,0
k675,97.0696,283.317,1
k2533,1132.7952,1019.6304,0
k2559,45.7056,61.7738,0
k3111,100.4117,175.309,1
k4338,46.4247,130.1883,0
k200,73.0154,53.8145,1
k1043,58.843,188.5975,0
k214,54.1225,149.6103,1
k2668,50.636,82.3772,1
k4056,82.5651,464.7349,1
k1530,166.7461,191.1969,1
k6372,54.0833,492.503,1
k2557,112.3488,52.5595,0
k3014,67.0671,136.18,0
k3558,76.1003,262.0558,1
k5123,32.0156,606.7125,0
k810,22.9456,122.2007,0
k6138,55.2675,106.5422,0
k3033,69.2604,137.2334,0
k3476,130.0346,557.7027,0
k5527,86.0654,59.5525,0
k1639,106.7345,133.366,0
k4284,18.5068,142.4254,0
k4175,88.8046,158.2561,1
k5634,40.7707,83.5853,0
k7021,48.2312,89.5014,0
k237,99.925,124.5733,0
k4412,39.5601,115.0272,0
k668,77.0406,155.6808,1
k3836,70.0071,71.6746,1
k1741,267.0253,170.1793,1
k3844,111.6893,809.0564,0
k2234,42.8981,79.5016,1
k4249,127.0846,0.0,1
k5193,52.6165,74.0068,1
k1302,107.0012,125.077,0
k4529,56.4026,333.5375,1
k752,45.8394,162.0378,0
k515,76.2775,198.0309,1
k3535,77.1897,230.0804,0
k1867,2.5,731.7585,0
k4076,89.627,0.0,0
k2761,79.2102,630.7064,1
k6923,70.4006,84.537,0
k355,129.3928,521.0002,0
k2934,75.4404,207.3475,1
k4199,25.1247,181.0028,1
k75,82.7118,98.5317,0
k2415,128.5632,481.0969,0
k4173,81.3895,161.6741,0
k1633,3.6056,189.1144,0
k1202,56.4734,229.752,1
k3888,62.3939,166.3009,0
k5314,69.2261,397.0519,0
k5022,57.8705,297.4861,1
k3782,97.0052,232.5774,1
k2921,69.4262,140.89,0
k6316,82.5379,134.9379,0
k5973,49.2062,302.3384,0
k7549,47.5395,146.1232,0
k4889,74.027,83.7437,0
k6364,44.1192,238.0005,1
k5633,31.4086,124.8089,0
k3942,79.2275,179.0175,1
k759,4.9497,127.0984,0
k3803,104.2029,193.0058,0
k3053,18.7216,182.9624,1
k2601,83.4416,249.6808,1
k5350,62.6139,199.5902,1
k448,83.5539,158.5008,1
k6312,46.2088,108.1665,1
k7164,80.878,133.5758,0
k547,34.2381,59.5021,0
k987,64.5949,106.4061,0
k6310,52.2901,73.0154,0
k2447,58.6963,806.7455,1
k1109,55.8323,322.3973,1
k1657,17.1026,196.5229,0
k1578,4.5277,261.3054,1
k6725,42.5735,223.5805,0
k5746,75.8765,108.5092,0
k4105,52.6711,234.0192,0
k3002,40.7983,71.5856,0
k569,59.4138,1107.6039,1
k6250,96.566,169.0362,0
k6454,62.7415,173.1221,0
k4217,72.5827,93.6082,1
k2436,161.3103,188.0239,1
k479,49.8197,230.5781,0
k4456,41.8808,106.2462,1
k2629,80.114,195.0103,0
k672,42.0862,167.6343,0
k318,85.8618,226.8816,1
k5777,42.0387,120.584,0
k1031,84.0387,295.1085,0
k1267,41.824,90.6104,1
k1223,31.0644,56.8177,0
k7258,53.4439,125.036,0
k4334,69.1809,145.5137,0
k697,65.0481,81.0941,0
k4176,20.1556,49.9925,0
k5342,8.2006,83.9315,0
k2988,40.0281,170.0007,0
k4297,47.5395,326.0751,0
k2910,16.7705,199.4655,0
k3459,70.799,45.1221,0
k5965,67.0019,0.0,0
k6050,50.8552,94.1236,0
k6952,76.4739,406.5172,0
k2613,67.2309,257.0238,0
k694,66.2514,137.4018,0
k5738,37.7525,180.2471,0
k4597,74.4312,99.5038,0
k328,58.5171,110.0023,1
k1133,35.7106,183.4802,0
k453,110.8388,79.3237,1
k2824,179.4714,227.3813,1
k2697,25.5,170.2072,1
k3591,142.7323,99.0316,0
k1752,124.0454,188.1495,1
k2916,49.7041,354.4929,0
k1625,66.1098,160.1999,1
k6196,43.4108,51.5,0
k7225,90.802,321.2262,0
k323,106.5692,244.5046,0
k2528,80.5062,70.8414,0
k944,180.8349,177.9129,0
k4757,87.6156,208.5402,1
k7183,4.6098,220.2504,0
k3715,56.4469,137.0328,0
k3767,70.0589,112.1751,0
k7262,104.0829,126.8562,1
k631,61.6543,0.0,0
k3012,213.2117,337.8113,0
k2943,18.0278,130.384,0
k7000,102.1812,156.3538,1
k1514,25.6223,245.0862,0
k3905,52.1967,507.2297,1
k1691,51.9086,166.7041,0
k3072,18.6078,182.1606,0
k1271,88.7426,84.22,0
k3334,4.0,114.0537,0
k6690,45.722,135.559,0
k902,78.4618,102.774,1
k6613,54.037,88.6143,0
k6398,13.6473,66.8973,0
k7133,50.6063,241.5999,0
k779,137.3554,19.6023,1
k2421,111.7195,588.3292,0
k4702,48.4381,208.1736,0
k6948,20.1556,68.4726,0
k3946,20.1556,56.4734,0
k4384,88.1618,683.9819,1
k683,39.08,49.023,0
k3910,151.5206,141.8185,1
k6816,71.0862,115.5692,0
k4380,60.9036,30.7612,1
k5689,95.6896,0.0,0
k5346,105.3055,485.7227,0
k5855,76.0345,181.7175,0
k6323,138.7417,195.0026,0
k5873,142.5009,697.775,1
k7437,65.6201,71.9253,0
k651,44.1956,461.0043,1
k862,69.6724,146.5137,0
k7455,125.9573,251.5244,1
k66,101.0408,182.5842,0
k446,15.5081,205.5851,0
k4723,36.5308,180.0062,0
k3702,98.5609,481.2237,1
k3793,70.7142,114.8085,0
k5205,66.6202,308.6313,0
k7223,37.716,167.1414,0
k4404,106.2309,119.7466,1
k67,96.6191,675.7139,0
k1240,69.3578,177.8103,0
k1209,151.5586,768.789,0
k753,63.0635,125.9811,1
k1611,41.1096,87.5557,0
k6517,96.0013,108.417,1
k2298,36.6742,117.1164,1
k2209,84.5532,146.6714,1
k585,87.5,158.9166,0
k1061,65.5305,128.001,0
k2747,35.7001,169.1892,0
k2105,26.0,248.3948,0
k312,131.5086,144.2099,0
k802,49.684,146.1249,0
k1522,51.2884,315.3336,1
k3087,33.7676,66.0,1
k5339,64.002,564.6072,1
k3293,53.2565,234.0192,0
k5784,91.8708,97.5,0
k2367,38.0296,188.0538,0
k5040,69.1231,151.4001,0
k6368,39.2237,334.9336,0
k4871,71.339,88.4096,1
k5386,40.7983,274.5551,1
k2742,177.0113,251.2867,1
k2117,85.2423,196.3982,1
k3011,9.2195,136.1947,0
k7029,82.5136,265.993,0
k2669,69.4262,534.7843,0
k1090,144.7213,189.0238,0
k308,99.5615,111.6714,1
k1973,36.8816,149.0252,0
k2966,11.2361,114.7279,1
k4237,24.8395,91.9633,0
k6563,45.2355,209.3191,1
k129,86.977,261.9971,0
k4718,81.0386,234.5085,1
k5356,47.9818,196.8712,0
k5956,29.3981,262.6071,0
k7520,56.2228,38.1477,0
k4822,47.3128,128.2312,0
k2156,66.5169,53.2259,0
k5979,58.7133,134.3317,1
k5247,84.4808,166.2897,0
k4163,67.5814,261.0388,0
k874,32.8672,140.4724,0
k1379,1059.8968,1464.488,0
k1590,11.4127,40.5771,1
k5679,147.6432,113.9517,1
k7563,91.325,392.699,0
k4728,41.6803,211.5148,1
k1707,70.445,118.6781,1
k2476,43.5029,302.0348,0
k2645,84.6537,139.0,1
k3751,27.2029,243.2961,0
k3312,94.2788,65.0884,1
k1735,47.1699,123.2284,0
k6911,30.2696,107.2287,0
k2685,46.3303,107.0047,1
k3707,55.4301,92.1263,0
k2429,72.0642,184.481,0
k6804,12.3693,199.9762,1
k2551,98.326,197.0159,1
k598,72.2721,271.0018,0
k2488,19.8116,129.7575,1
k108,23.2863,164.746,1
k2291,128.7866,639.1811,0
k5398,60.5083,49.5429,0
k537,61.5508,80.7233,0
k5316,67.7956,146.4326,1
k1077,54.4518,124.901,0
k5737,41.3673,44.2634,1
k6961,21.225,270.4445,1
k1189,48.7263,270.267,0
k5347,90.05,182.4918,1
k5970,48.7647,103.5978,1
k670,56.0045,31.0644,0
k2469,40.8167,375.6917,1
k661,105.8702,228.3555,0
k6494,17.1026,142.4825,0
k2660,38.461,213.2416,0
k637,67.7422,226.7918,0
k3199,165.8327,191.0236,1
k120,53.0212,201.748,0
k6730,49.1452,115.9741,1
k760,50.4505,100.8129,0
k606,58.8218,463.2043,0
k3406,100.8067,190.0164,0
k1849,59.5399,91.5874,1
k4707,28.6094,87.5357,0
k3122,59.4348,316.532,1
k4029,11.5434,180.025,0
k6489,37.6962,97.2895,0
k3126,61.6604,162.2421,0
k4078,118.4926,166.1272,1
k284,53.2846,237.0258,1
k7145,103.7039,138.9469,0
k4167,29.6985,22.3886,1
k6796,240.6018,114.9282,1
k6842,62.0181,109.7474,1
k321,57.7603,161.2893,0
k2186,94.9539,0.0,1
k1505,138.0009,236.3477,0
k663,79.0142,174.2591,0
k7535,93.8363,378.3784,0
k1521,225.6086,353.0598,0
k7334,5.0,163.3065,0
k219,37.9473,81.7389,0
k3094,89.0421,266.3104,0
k5896,71.9184,450.3476,1
k194,33.9006,51.6188,1
k4982,114.1764,201.4274,0
k4049,44.9055,91.0014,1
k5396,128.6672,963.9922,1
k4527,59.1714,123.2325,0
k307,64.3623,237.5084,0
k1701,41.6203,259.5308,1
k6734,85.6461,155.9888,0
k7039,217.5529,505.5022,0
k1127,91.6788,140.0,0
k2515,46.1979,554.5316,0
k4022,72.94,355.981,0
k444,137.2953,426.0226,0
k5674,74.5252,235.3853,0
k2287,42.8632,57.6281,1
k5592,35.6721,97.5051,0
k1494,138.3618,756.0572,0
k4162,82.6075,196.7543,0
k3988,58.0775,792.5002,0
k6930,99.4309,129.3223,1
k5554,119.365,184.5677,1
k6752,97.4025,178.1832,0
k2472,27.7849,86.9511,1
k1812,73.814,122.5826,1
k1295,31.7844,50.3513,0
k5930,26.7255,154.5291,0
k7253,17.2192,100.3457,0
k4141,39.3192,309.0344,0
k489,19.0591,125.5886,0
k290,28.178,136.7708,0
k2272,68.2221,95.6935,0
k1386,40.302,81.0586,0
k193,70.2157,338.5133,0
k6338,24.5204,233.0263,1
k3249,81.0494,319.1414,0
k3575,34.5,251.0005,1
k4948,30.2696,355.4128,1
k5753,56.1427,74.8766,0
k4508,99.6255,153.1837,0
k1609,242.4046,72.5,1
k7036,90.6228,126.5356,0
k2376,10.7703,214.7819,0
k1906,56.0201,155.1161,1
k6421,31.5634,109.6016,0
k5215,85.2115,123.0447,0
k2221,19.906,181.6762,0
k4473,77.1038,148.5412,0
k4865,151.2457,221.9031,0
k7285,18.527,134.0037,1
k1186,45.8912,0.0,0
k4765,56.6591,388.3298,1
k7177,59.785,0.0,0
k1754,39.7398,104.4629,0
k7026,63.2317,179.2017,1
k2009,41.1491,29.3471,0
k6057,65.1345,177.1588,1
k5499,48.5412,170.2946,0
k6791,72.5328,143.921,0
k4417,120.2341,210.4335,1
k4726,74.0557,189.8848,0
k2112,4.0,261.1226,0
k1880,32.039,165.1764,1
k7162,88.0412,382.3562,0
k3794,16.7631,262.9815,1
k4650,195.9451,73.3757,1
k4219,14.0089,148.3543,1
k4142,26.5424,85.2115,0
k3206,109.7565,193.0317,1
k1035,62.6498,64.2359,1
k5153,28.5175,242.7725,0
k7603,123.0386,725.1,1
k2181,78.339,0.0,1
k7430,33.3542,73.0274,0
k1954,85.5234,374.7616,0
k516,87.0919,135.2562,0
k1991,10.3078,253.5597,0
k3258,126.2864,554.203,1
k2455,85.1029,188.9153,1
k2884,33.444,158.5788,0
k4698,76.611,501.4192,1
k5444,58.86,107.6162,0
k6527,15.5322,87.8208,0
k7542,55.4301,200.2255,0
k2502,79.8326,146.5307,0
k5563,80.0141,307.6467,0
k224,95.8358,152.5664,0
k3663,57.6238,68.6822,0
k5101,137.329,176.7831,0
k4847,39.0512,158.2127,0
k3740,123.5607,0.0,0
k1492,49.8723,0.0,0
k3858,47.7624,427.3585,1
k3606,86.0015,496.3839,1
k6184,24.965,104.6733,0
k5773,41.5752,454.5099,0
k6295,7.5664,294.6226,0
k1934,72.4189,113.8914,1
k2170,68.8059,127.5245,0
k5384,54.7449,521.8058,0
k2389,26.0048,59.0339,1
k4285,58.9173,108.9082,0
k795,37.5666,60.0187,0
k4224,48.0833,81.5751,0
k3726,47.7127,89.9514,0
k6684,35.7351,136.7452,0
k2989,70.3651,312.5076,1
k7113,22.5499,96.6863,0
k165,105.3091,283.8045,1
k5581,45.0694,99.0454,0
k2177,56.3937,102.4414,0
k630,57.0811,236.1573,1
k5142,69.4262,360.0889,0
k3298,38.5649,50.04,0
k5628,124.0161,189.191,0
k7134,83.7257,140.4146,0
k6389,101.005,244.0005,1
k3349,118.2899,143.7028,1
k342,82.3423,89.2328,1
k7353,70.342,210.0536,1
k5190,51.7929,96.7471,0
k3077,23.2863,188.914,0
k3361,92.0462,227.6587,1
k18,89.7357,312.6088,0
k5467,68.9511,480.8123,0
k4875,72.4431,138.4133,1
k3669,70.5868,341.977,0
k3711,73.9814,430.0814,1
k4349,76.6893,185.4562,1
k1638,40.3051,296.2811,1
k6211,41.1825,161.4102,0
k1785,80.5993,194.6645,0
k2711,115.3917,149.6563,0
k6005,58.3631,214.2924,0
k5603,38.5292,299.2825,0
k2007,60.0521,129.4083,1
k1013,56.6414,248.0811,0
k2377,141.0567,213.1695,0
k2193,22.8035,65.7305,0
k7197,115.3365,128.1181,0
k2065,81.8841,96.9665,1
k7277,60.4669,70.0179,0
k2766,60.21,68.31,0
k6720,80.0562,395.6871,1
k3005,75.7314,96.2549,0
k820,18.0693,40.1404,0
k3730,99.0404,321.0876,1
k7054,71.9462,516.4189,1
k62,94.5013,91.5014,1
k6659,95.0329,62.155,0
k7296,56.2694,226.0138,0
k1052,63.8318,25.005,1
k4810,95.1236,324.0062,0
k6095,71.7722,367.032,1
k7191,75.5066,233.0193,0
k644,68.3118,775.7385,1
k6779,153.1837,259.525,1
k5518,48.2105,140.4226,0
k1909,81.6165,189.1692,0
k1428,104.4521,116.0399,0
k1843,81.1249,435.3723,0
k4700,32.5615,389.1484,1
k2276,14.7648,168.3597,0
k3105,24.0832,195.9751,1
k6284,42.547,121.9529,0
k4397,44.2719,152.1455,0
k36,33.5596,166.9686,1
k1711,64.6239,88.5127,1
k3621,55.1725,203.2265,0
k1871,48.7083,45.467,0
k6802,76.6632,293.3343,0
k5389,59.3043,107.0946,0
k1795,70.214,253.6912,1
k1472,99.6895,135.0741,1
k7428,40.6602,220.6451,1
k5167,43.0726,120.6172,1
k1093,60.879,568.156,1
k2359,114.4825,75.0067,1
k6238,57.3956,310.5906,1
k7477,41.3673,254.3275,1
k2548,84.2882,221.0481,0
k27,54.037,242.4113,0
k1290,26.4622,151.5008,1
k2814,142.6753,324.2052,0
k4784,52.4047,154.4385,0
k7450,12.51,24.0468,0
k3507,64.2748,89.0351,1
k1358,167.5858,381.6733,0
k2857,59.1545,129.5936,0
k5714,40.9542,110.2384,1
k256,75.4404,97.8621,1
k7284,69.5449,190.2978,0
k579,47.289,166.6021,0
k7532,64.9384,224.2014,0
k7325,28.9007,71.1846,0
k850,109.2177,246.3433,1
k6352,57.3781,182.1984,1
k3137,105.9398,211.3557,0
k2702,92.9624,213.6428,1
k180,33.738,120.0521,1
k4462,17.9234,64.9346,1
k6549,66.7083,176.5574,0
k4168,69.1231,103.2582,0
k1983,31.1328,138.3989,1
k6133,54.3369,90.6035,0
k292,128.7245,146.237,1
k990,51.071,231.5005,1
k6426,59.5756,256.5955,0
k3692,94.3001,129.5473,1
k815,90.5884,110.8603,1
k3142,64.846,592.964,0
k2696,29.1247,136.8247,0
k3784,16.8671,365.4436,0
k2381,56.4469,92.4392,0
k3301,81.4877,505.7836,1
k2602,105.7178,255.0961,0
k6967,39.08,122.4847,0
k3853,69.1394,209.5239,0
k3891,46.057,72.5844,0
k4862,68.5511,88.5056,0
k1836,25.7148,460.4131,0
k7471,101.5197,71.5017,0
k6466,106.3015,431.6321,0
k4764,52.9953,186.3934,1
k1972,78.4889,263.7698,1
k1682,48.5232,260.2768,1
k614,58.1893,232.2848,1
k3614,62.8908,229.2886,0
k7035,57.0898,95.0053,0
k5220,84.4038,164.0191,0
k28,87.8465,139.3431,0
k3042,276.1797,113.3016,1
k255,11.1018,159.0637,0
k704,63.4606,161.4845,1
k5918,61.7738,144.4412,0
k6844,76.8505,121.1084,1
k6102,66.4831,111.6121,1
k3401,44.4775,75.6108,0
k2372,86.9669,139.4606,0
k5624,98.732,155.5394,0
k7042,43.5259,867.0066,1
k1508,36.1386,101.4027,0
k6244,135.0037,256.0005,0
k6794,197.9002,0.0,1
k2045,33.0038,102.9332,0
k3640,6.5192,271.0018,0
k4257,40.0562,108.14,0
k777,62.3398,183.8294,0
k4092,143.6184,321.4129,0
k1201,13.9014,155.5972,0
k7564,40.8534,127.548,0
k5083,20.1804,114.5884,0
k7220,71.318,0.0,1
k3391,99.9525,212.3682,1
k3630,32.0663,131.461,0
k1424,111.9732,196.9378,0
k7286,45.1248,60.4152,0
k6572,64.002,118.2381,0
k6644,33.712,120.1759,1
k3890,54.1341,131.501,0
k1289,12.2577,185.5108,1
k2398,49.0102,288.4185,0
k6506,51.7421,335.8043,1
k3040,10.7005,121.6409,1
k2546,70.1463,101.0371,0
k4790,100.5112,123.5091,1
k7405,123.6285,874.8634,0
k3064,126.5899,202.5154,1
k5015,66.8973,155.2417,0
k1546,80.0625,0.0,0
k1332,44.7214,272.1089,0
k625,46.7467,174.4018,1
k755,120.7994,190.0007,1
k6609,33.2415,161.6741,1
k4895,10.2956,89.6396,1
k998,149.4824,533.0553,0
k2152,17.8466,581.9203,0
k138,55.1453,601.9489,0
k5723,50.4406,77.9888,1
k597,81.3019,359.1131,0
k3294,92.0122,219.1118,0
k6940,1165.0718,1430.1508,1
k6434,83.2166,66.8824,0
k5092,28.5701,152.0526,0
k6883,140.8022,684.5928,1
k2153,78.1601,115.5249,1
k1058,35.8504,617.5032,1
k3427,58.9788,89.8568,1
k7196,81.5843,168.6891,0
k1968,6.0208,144.105,0
k3352,1119.2213,1067.1551,0
k510,64.4302,210.5718,0
k5940,936.8235,884.5575,0
k3188,51.6841,149.2146,0
k6025,105.9835,0.0,1
k7297,66.8599,90.5055,0
k6177,70.2567,0.0,0
k7101,75.0417,352.066,0
k103,56.2694,162.1496,0
k4068,84.9779,244.8183,0
k2016,53.9073,109.0562,0
k2247,53.9491,62.0725,1
k1988,38.1608,141.5009,0
k1980,84.5843,129.5154,0
k3698,93.5655,322.6647,1
k4013,68.9366,89.5126,1
k590,138.3709,181.1222,0
k4064,62.7236,172.6963,0
k6158,62.5979,131.4002,0
k6650,97.4705,114.0395,1
k4703,66.9216,115.0848,1
k3892,83.6002,216.2556,0
k1221,89.4218,88.9297,0
k100,26.1008,174.2326,1
k4081,67.6794,266.0122,1
k5626,8.7321,433.6465,0
k4890,57.1402,115.5097,0
k7577,50.8035,214.6491,1
k3151,59.3633,105.3043,0
k526,87.8778,563.1814,0
k6584,91.5055,308.1173,0
k4124,138.0145,205.548,0
k1339,74.7061,45.8394,0
k2543,24.8244,826.4581,1
k7333,104.433,116.9027,1
k1012,140.3041,0.0,0
k866,5.2202,93.7257,0
k4393,56.1894,770.3765,0
k5731,50.4232,0.0,1
k5922,54.884,218.7287,0
k5732,47.2969,99.7647,1
k7579,94.7008,76.5914,1
k2163,25.5441,67.7089,1
k7511,22.4555,110.0102,0
k2813,78.3661,213.6686,0
k1721,77.0097,112.0413,0
k684,77.4355,156.5008,1
k4973,210.2076,568.4259,1
k2001,91.9239,510.8035,0
k6876,50.01,154.7361,0
k5949,80.5761,784.7345,0
k1519,957.5862,1091.8755,0
k6227,68.1175,112.0279,1
k3721,190.7525,240.4189,0
k6275,225.6419,0.0,0
k5298,41.3098,66.4831,1
k1634,62.155,100.927,1
k1473,73.2547,110.2112,0
k6223,113.6101,218.2441,0
k1792,120.9731,513.8796,1
k5423,35.7946,230.4566,0
k2419,89.1768,0.0,1
k7368,77.1314,147.5737,0
k7239,65.9735,105.119,0
k4806,121.096,316.7069,1
k6731,69.5216,212.5288,0
k2118,93.8416,243.5262,0
k4655,72.6722,100.9071,0
k3261,69.5288,114.4137,0
k4188,49.2062,649.6676,0
k2780,198.6416,367.0766,0
k5379,10.6066,200.3304,0
k6243,11.0454,168.1458,1
k302,39.0512,386.5,0
k6526,44.5,84.7835,0
k5538,90.0,644.3456,1
k1650,83.4521,160.447,0
k3376,79.6194,194.1198,1
k3762,11.4127,776.0195,1
k6267,49.4191,83.6675,0
k6012,52.6545,809.0222,1
k2893,58.3652,284.9649,0
k951,32.9621,163.8856,0
k1747,75.06,157.7791,0
k467,8.9443,210.5024,0
k3419,75.2629,110.5,1
k3494,67.0019,133.6507,0
k1149,80.5062,207.7703,1
k422,96.933,122.0656,1
k6672,90.2358,0.0,1
k1023,27.4089,327.1395,1
k3390,77.9888,183.8648,0
k1866,111.8939,242.0418,0
k6515,38.2655,51.1981,0
k6947,131.5466,212.8057,0
k92,116.7444,126.2864,0
k5521,57.639,140.0009,0
k1716,82.4212,310.2084,0
k1382,44.5449,228.1847,1
k1427,208.0727,481.0751,1
k544,78.3534,470.3576,0
k20,16.1012,208.2793,0
k2739,93.9601,389.0145,0
k5397,90.1734,520.3953,0
k5358,60.9262,780.0854,1
k2022,60.2764,450.6531,1
k5727,80.9892,144.105,0
k4312,51.1566,136.1112,0
k1982,41.7433,220.0006,0
k2920,1270.0721,1116.3301,0
k599,188.362,120.6493,0
k7463,40.0031,115.0761,1
k5590,65.3491,115.7411,1
k584,64.7012,371.3812,0
k5871,58.4209,143.6672,1
k6249,17.066,432.0932,0
k2384,101.3903,112.9292,0
k5100,57.1402,26.6177,1
k2154,80.1265,113.5925,1
k7130,20.2485,119.3325,0
k2106,154.6302,0.0,0
k3167,77.0097,190.2374,0
k6170,121.499,175.7569,1
k6327,29.2617,70.7425,0
k29,67.624,72.7633,0
k1749,36.1179,787.0815,1
k2729,36.9121,1551.7633,0
k5532,58.2001,296.5611,0
k941,59.6029,204.5153,0
k2846,51.5461,156.7713,1
k1738,129.7575,628.2653,1
k5034,64.5078,82.7602,1
k2404,57.1424,100.6243,1
k3120,69.0797,131.0467,1
k3615,59.2558,177.5197,1
k5341,137.7652,105.3862,0
k4640,57.0811,88.8623,0
k5969,131.3335,144.3892,0
k6412,24.3977,105.7568,0
k1579,57.2451,219.1632,0
k5367,55.4617,80.0765,0
k3282,142.1487,152.645,0
k601,36.0347,419.1718,1
k4781,60.6671,96.3379,0
k1377,81.2927,195.4002,1
k6132,56.5199,857.5036,0
k2692,23.4201,128.2663,0
k6115,84.4304,200.4507,0
k7354,82.0061,198.2839,1
k1931,64.9384,75.0417,0
k7185,84.0134,189.4842,1
k6406,34.7635,442.6073,0
k904,82.0686,58.331,1
k2464,48.6261,64.9788,1
k1556,101.5788,279.1008,1
k5447,15.0083,716.0939,1
k2201,61.4837,641.4415,0
k6579,87.5685,147.666,0
k3933,162.6138,189.0238,1
k4191,85.1499,1385.84,0
k6817,48.4381,159.4091,0
k3191,129.4923,217.5575,1
k4881,73.9797,89.9347,0
k3872,12.5,742.43,0
k4211,67.1361,80.514,1
k655,59.7746,100.8179,0
k5550,90.5677,212.5376,1
k3474,93.094,231.2385,0
k1803,29.3002,437.1032,1
k5709,32.311,371.066,0
k4802,34.2965,132.795,0
k1334,157.8647,194.4544,0
k7188,70.7478,397.2908,0
k3164,26.6693,127.0089,0
k4670,58.0194,236.1086,0
k5776,88.2043,163.01,0
k150,19.8116,173.0181,0
k3833,91.0838,207.6132,0
k1383,26.2774,159.5125,0
k2121,55.3173,164.5068,0
k715,39.5601,103.3102,1
k7476,76.9415,230.411,0
k1047,92.5864,97.2895,0
k6600,131.5038,216.3805,1
k2340,95.1236,111.5437,0
k2345,82.1842,114.6571,1
k3966,31.3249,349.5515,1
k6907,85.5643,111.5437,0
k3016,79.1344,157.8171,0
k3511,99.29,164.7741,1
k875,40.2647,98.5457,0
k4086,91.4617,574.5885,0
k6658,95.3362,313.0994,0
k7214,77.1751,96.0208,0
k3358,57.0022,580.5603,1
k6377,206.4001,353.7814,1
k6452,60.4401,79.5692,0
k3737,59.5189,166.503,0
k5837,82.5651,386.0534,0
k3412,102.1567,152.1907,1
k5831,117.807,167.503,1
k5255,140.8128,264.8443,0
k5582,19.2938,90.7979,0
k6274,55.9129,173.5115,1
k484,44.8693,111.3643,0
k609,74.8131,114.9478,0
k442,50.2494,236.5021,0
k620,66.8225,60.2702,0
k4791,33.9779,398.6142,0
k3562,33.6786,117.3382,0
k4657,15.0333,110.0011,1
k946,27.0601,126.7251,0
k1680,32.8672,284.2974,1
k494,21.2426,119.3367,0
k4270,105.3209,196.3982,0
k449,62.139,173.7074,0
k1829,48.9719,225.8058,0
k2540,45.7056,96.0,0
k4480,115.7325,319.5767,0
k6306,24.6221,143.0638,0
k5464,56.8001,226.3454,0
k2984,60.1041,0.0,0
k5097,56.626,326.7185,0
k380,39.424,57.2123,0
k7565,48.2131,266.1748,0
k4656,122.173,430.308,0
k1502,34.6771,303.5334,0
k2949,46.0977,201.3237,1
k6234,73.4456,186.5811,0
k4873,71.0721,83.9434,0
k4509,66.1853,40.05,1
k7112,16.14,130.0779,0
k7322,76.415,112.8207,1
k3141,88.0412,262.894,0
k2208,140.0152,183.0437,1
k2289,106.0719,0.0,0
k3478,46.3249,104.9976,1
k3321,91.8491,0.0,0
k1017,20.5183,248.9543,0
k5276,48.1274,243.2057,1
k5572,137.3909,310.3824,1
k1755,55.0681,184.0,0
k1859,59.5084,68.6913,1
k4317,14.1156,261.5578,0
k5277,131.1154,224.5802,1
k4088,103.9002,49.4495,0
k5739,78.6289,126.58,0
k3102,55.7719,73.5425,0
k7472,74.027,283.9331,0
k6912,8.5,205.7,1
k6220,111.5404,621.1258,1
k1226,68.1487,97.0155,0
k3395,94.4788,145.7232,0
k1853,64.7341,38.2001,0
k2211,11.5109,95.7209,0
k3250,44.9722,115.434,0
k3845,96.831,417.6967,1
k2346,69.8516,40.5771,0
k7513,43.1856,442.1629,0
k6546,46.5108,140.2257,1
k7304,51.923,152.8275,1
k6014,148.2228,418.116,1
k6343,63.0575,224.1082,0
k2667,61.4919,590.0858,1
k1998,102.0025,61.5731,0
k1765,70.5868,244.0215,0
k5905,52.0433,242.3267,0
k4506,62.514,80.4767,1
k3829,65.2993,385.1873,1
k2624,45.0,141.1737,0
k1623,76.1052,173.7081,0
k1224,55.1838,86.0131,1
k6256,79.6006,201.3982,0
k1051,39.3859,106.4918,0
k7488,29.6057,219.2761,0
k1921,125.001,430.0291,1
k5327,53.5584,144.5424,0
k6706,112.0402,80.0656,0
k1192,62.2656,159.2545,0
k5658,76.1577,51.4782,0
k6286,110.6097,161.3459,1
k807,130.5038,236.5338,0
k2591,26.2488,128.8148,0
k691,24.3824,170.4531,0
k7504,93.2805,469.5551,1
k4759,65.7438,0.0,0
k2536,132.0947,550.5908,0
k4846,32.0156,380.659,1
k542,105.8123,225.1444,0
k1780,70.6417,1236.1789,0
k3280,95.1591,174.018,0
k6503,10.4043,0.0,0
k814,41.6083,314.8341,0
k3605,51.5218,99.0808,0
k4139,86.5852,140.108,0
k2678,9.5131,183.0027,0
k3559,376.8189,0.0,1
k1118,55.5,210.2617,0
k3610,51.87,97.8673,0
k4553,66.83,172.5007,0
k2583,45.5,680.3242,0
k6685,83.7153,151.0761,0
k5540,84.1487,157.9818,1
k3953,87.4486,838.2412,0
k1410,63.0496,667.4328,0
k2101,53.0212,313.6312,1
k4004,38.5389,200.0156,1
k2237,13.3135,220.096,1
k5044,65.8426,188.099,0
k6056,37.1248,120.2341,0
k577,68.3977,453.4358,0
k2881,45.6974,78.7544,0
k5720,108.2266,223.1435,1
k5841,21.5928,95.9231,1
k5598,33.0643,88.5903,0
k2826,110.3143,442.0025,0
k158,111.6971,451.0635,0
k122,29.6015,173.6491,1
k2735,94.7589,143.5862,0
k4028,82.8734,194.0232,1
k367,106.6068,141.8767,1
k44,54.7289,295.0813,0
k5286,33.5261,516.1095,1
k3628,14.9164,165.0916,1
k3951,47.4473,151.1895,0
k1709,45.31,82.8553,1
k4449,98.0459,83.6212,0
k6710,66.2212,106.3602,0
k483,34.5579,37.8319,1
k1907,38.0789,212.6511,0
k4685,74.0068,145.3487,0
k7279,126.1269,9.1924,0
k2434,24.7891,166.2415,1
k2950,108.1954,409.4985,1
k7372,114.5011,215.2324,0
k3224,80.7419,531.1,1
k4593,165.7966,221.5023,1
k2610,30.0832,479.0942,0
k4027,88.8144,60.5186,0
k7448,16.2788,111.6121,0
k2149,64.2806,232.1379,0
k692,118.6971,166.1942,1
k3205,1089.6372,834.1902,1
k5788,2.2361,235.9158,0
k7506,85.821,129.6784,1
k2762,75.4404,568.0603,0
k2468,69.7316,139.6755,0
k6135,77.2528,173.926,0
k7303,62.9385,103.4843,0
k3647,128.9961,246.4878,0
k402,33.5149,87.5014,0
k5992,116.9241,319.9394,0
k2182,90.1388,101.1781,0
k7545,39.538,33.0038,1
k1572,60.6383,74.9283,1
k4048,12.0104,75.4072,0
k612,128.0039,821.5184,1
k877,23.5053,163.5925,0
k925,68.3465,127.6656,0
k508,86.5794,325.8105,0
k5395,52.0096,105.0107,0
k226,56.0022,94.4524,0
k2222,28.6007,124.3262,0
k4966,19.5,245.3166,1
k2938,82.8613,296.527,0
k5011,88.0596,87.6584,1
k852,94.3835,194.0309,0
k5199,21.2426,137.5582,1
k1,48.4407,122.7609,0
k7347,76.0953,166.0903,0
k3171,23.2648,220.5091,0
k3915,13.4164,0.0,0
k7429,69.6796,158.0791,0
k3220,60.7454,129.0213,0
k5400,29.3981,133.0883,0
k4318,76.0428,138.0154,1
k4504,2.6926,137.8278,0
k1187,36.6879,507.7046,0
k5089,6.0208,128.2078,1
k2365,36.7764,227.8163,0
k4147,25.2389,114.2147,1
k3124,24.8847,118.9758,0
k5584,63.2949,783.9547,1
k996,107.5744,210.7143,1
k7378,63.4527,716.8935,1
k1280,77.1038,125.5159,1
k4808,66.3363,304.4011,1
k3593,40.942,203.6916,0
k5754,69.0018,185.5168,0
k1128,113.3986,115.1282,1
k2509,38.1215,127.4608,0
k5999,5.7009,236.244,1
k5906,63.3344,321.624,0
k210,93.1625,229.592,0
k415,12.3794,750.9695,0
k6283,59.5189,137.816,0
k4891,69.7227,212.2569,0
k4118,54.0833,76.8798,0
k1048,42.6907,248.8785,0
k4843,15.5322,508.5199,0
k434,57.2451,59.4643,0
k2254,41.14,553.0509,0
k6799,153.0817,124.6134,1
k1114,59.2305,139.6755,0
k4795,67.3146,95.8775,1
k1314,62.8828,113.2166,0
k4561,38.8909,291.7062,1
k1049,69.5881,112.9469,0
k6112,35.5,73.5153,1
k1317,68.6604,183.0826,1
k1819,48.1586,294.9903,0
k7311,21.2603,181.6549,0
k4262,55.9017,573.6055,1
k648,59.0445,390.4971,0
k3234,58.7963,101.2089,1
k5239,59.3507,143.4164,0
k1437,40.7001,174.4484,0
k621,35.107,110.8659,0
k1344,46.3276,314.8591,0
k1536,86.4306,81.3895,1
k7407,28.0045,89.7232,0
k2612,56.1471,268.4143,0
k2861,21.7083,129.848,0
k7144,51.2957,142.0317,0
k6927,113.3589,212.5147,1
k993,63.9551,683.5353,0
k1915,27.6586,0.0,0
k6523,121.6439,51.7929,1
k7342,36.8782,237.0243,0
k1359,60.3511,94.3941,0
k7194,86.7078,115.088,0
k2290,42.11,76.5278,1
k5750,71.0721,97.0322,0
k4833,45.2355,99.0051,0
k2731,69.5018,229.0546,0
k2064,33.6043,0.0,1
k6880,98.5051,159.5282,0
k1509,98.6826,111.325,0
k4696,52.024,201.9462,0
k731,46.0,269.2438,0
k3353,25.318,77.4355,0
k5143,60.7289,96.7497,1
k51,59.5504,93.8736,0
k195,6.5192,312.1158,0
k2954,17.3277,166.0188,0
k5630,37.2156,45.1774,1
k4837,34.3402,229.5049,0
k592,44.9472,69.0887,1
k5041,94.6177,319.3595,0
k3580,36.9899,221.0713,0
k3035,90.5124,868.8757,0
k3552,96.0169,360.0559,1
k1994,24.3516,116.0097,0
k5462,9.0,65.6906,1
k3217,106.5293,122.2385,0
k4351,81.7435,44.9722,0
k3344,32.8101,149.6939,0
k6508,40.3113,98.0319,0
k2068,56.6127,88.9508,1
k2239,50.0924,244.232,0
k3197,54.0948,117.0684,0
k1826,108.8531,193.8414,0
k2592,53.4462,102.3132,1
k1028,52.0697,67.574,0
k1801,62.0081,1611.1568,1
k5643,194.2807,12.3491,0
k4864,88.0355,213.2985,0
k4991,19.4165,125.8978,0
k5112,88.0738,163.1104,0
k6100,141.9877,164.6003,1
k1748,23.4787,166.0188,1
k1426,54.2033,228.0356,0
k6173,62.2435,191.6377,1
k3962,48.6621,87.2611,0
k623,68.942,54.2033,0
k2159,98.5203,311.137,0
k1897,51.7929,257.7518,0
k4280,65.0692,92.5014,1
k1520,48.9923,101.4901,0
k5152,78.3661,163.6658,1
k4518,40.0406,66.7271,0
k6404,54.0023,122.1024,0
k723,65.1153,88.459,0
k689,80.6381,109.9022,0
k5994,51.1957,103.2473,0
k1304,83.3607,201.5589,1
k5322,56.4491,183.4734,1
k4051,197.9274,183.0874,0
k561,58.2795,114.2147,1
k1157,42.1011,402.8613,1
k1688,64.5697,160.6526,0
k7486,38.422,213.5053,0
k1369,28.1824,64.1327,0
k6542,48.0234,114.5535,0
k2438,44.9444,257.0627,0
k580,79.69,229.5615,1
k1761,2.6926,158.2024,0
k6693,22.6991,172.7614,0
k6442,57.8705,136.2066,1
k5118,80.7001,180.5062,1
k3906,81.7083,0.0,0
k2349,210.0857,260.1082,1
k6512,106.8796,605.3173,0
k4306,67.0858,588.5688,0
k6648,58.6707,124.3483,0
k3450,54.5573,166.9558,0
k148,92.2659,123.3055,1
k6116,19.5256,66.191,1
k3885,70.7549,189.6905,1
k5291,60.1768,91.0124,0
k6709,76.3053,350.4169,0
k2829,210.5148,281.575,1
k3256,32.7758,139.5797,0
k950,79.267,99.3202,1
k2073,80.22,77.1038,1
k3536,13.7931,131.0,0
k7318,1148.3777,1069.5379,0
k4222,55.394,71.8766,0
k1125,99.9562,678.6151,1
k6359,138.0009,126.58,0
k2878,141.6272,172.0356,1
k1454,36.8816,159.5125,0
k6655,8.3815,317.7373,0
k6769,82.7647,111.2879,0
k5009,42.0,66.9216,0
k7467,85.6636,661.274,1
k4924,120.7528,82.2876,0
k2056,60.1519,83.8048,1
k6497,147.3067,87.7568,1
k1019,108.334,222.4011,1
k4755,73.27,83.5733,1
k7474,85.6519,177.0254,1
k2786,74.2462,142.9021,0
k5179,48.5412,289.5622,0
k4298,30.5655,54.9477,1
k4637,37.663,100.0612,0
k3236,76.3692,261.8229,0
k6896,53.8934,119.5073,0
k4061,51.614,107.5174,1
k1679,67.4259,128.3988,0
k2733,92.6674,196.0542,1
k333,55.1294,311.1696,1
k3855,11.6726,368.1644,0
k1504,103.2473,167.0397,1
k6044,69.0018,165.1091,1
k4892,110.4095,49.1757,0
k3183,31.1809,713.472,0
k619,36.0902,87.9233,1
k921,33.5596,195.829,0
k3549,42.9942,85.5015,0
k2738,28.9698,101.6526,0
k6708,66.8768,64.531,0
k7295,108.4827,27.2029,1
k2565,65.0404,0.0,0
k906,54.7289,142.1487,0
k3672,62.7714,92.6674,1
k3295,46.36,138.1304,1
k5971,117.3925,83.1039,0
k3895,6.265,83.9315,0
k3864,65.4714,112.9889,0
k2360,100.3195,148.6178,1
k313,93.7257,110.2554,0
k2097,31.5674,86.7828,0
k5404,131.344,294.6375,1
k7282,42.2966,134.8008,0
k4039,218.4777,348.5359,1
k6006,50.1124,179.5467,0
k2394,67.574,318.0605,1
k7482,52.5024,96.6566,1
k74,5.3852,110.8388,1
k2715,69.9518,101.8847,1
k151,61.0328,119.0976,1
k2079,42.72,149.6103,0
k2659,37.8451,95.0,0
k6320,73.1386,168.2409,0
k4423,18.5068,112.5711,0
k7343,60.5743,161.9089,1
k2175,59.6196,429.5975,0
k1673,35.0143,313.2112,0
k4369,49.2062,112.54,1
k7503,2.0616,223.6096,0
k5251,90.8639,99.5301,1
k6122,38.6264,291.5257,1
k5827,14.1598,82.0686,0
k559,49.3812,107.3371,0
k2594,77.7512,78.2336,1
k583,69.029,808.1765,1
k6885,13.6015,672.1356,0
k6778,71.6746,145.5764,1
k4502,55.8144,174.8607,0
k4204,5.0249,469.0003,1
k1560,29.6015,241.2105,0
k6004,55.9464,162.0278,1
k5812,133.7881,379.3761,1
k4289,38.5519,150.812,1
k5757,79.1344,167.6969,0
k5688,43.8321,181.7973,0
k3626,104.5431,194.1391,0
k3430,113.5044,192.5649,0
k7366,91.7878,159.0951,1
k7317,70.7107,247.8003,1
k1583,14.3178,117.8357,0
k5366,86.5708,150.2132,0
k727,27.8792,81.6854,0
k334,63.5059,59.6657,0
k3297,32.039,251.0403,0
k5496,100.5448,296.0068,0
k3078,41.0488,196.3982,0
k7390,103.4517,132.0947,0
k769,32.5576,283.5353,1
k5622,55.0,58.2087,1
k741,70.5284,0.0,0
k6218,58.1055,387.7435,0
k4302,34.471,255.811,0
k4005,65.6601,329.928,1
k6003,38.7072,490.7364,0
k3451,42.4647,208.5096,0
k6625,69.0887,429.7726,1
k5055,6.9642,51.2299,0
k6018,79.9828,118.6518,0
k6204,31.257,293.3812,0
k1208,24.0416,147.9096,0
k851,31.8473,1454.5416,0
k4777,121.7415,148.9505,1
k1834,71.007,103.2049,1
k5439,35.0464,301.5933,0
k1936,24.0104,110.3291,0
k2873,144.261,99.3227,1
k2520,106.0047,262.1893,1
k7167,45.7739,0.0,0
k6943,94.7589,122.5,1
k5545,133.4541,219.1124,0
k2568,1345.6779,1542.1765,0
k6475,57.5782,462.3873,1
k3963,85.213,114.2639,0
k863,114.7279,306.9874,0
k4020,27.0601,259.5482,0
k7462,87.5471,36.0139,0
k1775,38.8973,92.3147,1
k6431,46.9601,102.2314,0
k70,89.712,112.0179,0
k6224,30.7002,298.6051,0
k6748,55.1589,238.6891,0
k2929,112.361,872.5173,0
k3706,70.3438,314.5894,1
k5893,45.2217,80.9151,1
k3524,90.7965,332.2002,0
k5216,13.1244,248.1819,0
k7525,60.0354,90.3244,0
k7195,52.1943,253.1585,0
k6432,50.2021,91.1071,1
k378,14.2127,164.4536,0
k430,139.5609,192.6662,0
k965,212.7087,139.0189,1
k1262,37.3162,487.0657,0
k3957,55.4301,184.0448,0
k5524,39.6011,250.7494,0
k5076,59.5504,137.5082,0
k4925,67.5148,448.5828,1
k3296,14.5344,58.8069,0
k3911,61.4003,229.8097,0
k389,130.2776,191.6331,0
k4854,67.5962,289.3527,0
k2997,46.543,115.0761,0
k5159,43.0116,259.2822,0
k2906,48.2105,126.3349,0
k3701,1136.7273,1054.0126,0
k116,41.3824,365.1756,0
k4154,22.8254,86.4653,1
k7257,39.5885,330.276,1
k4988,61.0512,79.5016,0
k3193,11.5109,204.0055,1
k3066,102.06,166.012,1
k650,82.5379,443.9336,1
k5555,11.0114,294.5505,0
k4594,64.7341,97.1815,0
k2566,158.6726,766.2997,0
k4435,107.28,138.5442,0
k1922,61.5508,243.0417,1
k2774,129.5415,192.814,0
k7244,114.5535,122.7294,1
k2798,96.6049,347.1041,1
k4538,92.339,514.6846,1
k920,18.6682,371.7637,0
k1074,31.3209,113.0597,1
k1076,54.7403,52.8417,0
k4422,73.1095,173.1509,0
k5835,10.7703,0.0,0
k6113,100.1249,503.4047,0
k1744,42.0595,119.877,1
k7224,53.5397,99.1476,0
k3325,46.0435,742.0197,1
k3681,37.5,87.9673,1
k2420,14.6373,20.5183,1
k2863,84.7172,95.1223,0
k2205,86.5231,178.1264,0
k6867,70.8961,340.0037,1
k4819,49.2443,356.6402,0
k6980,39.4271,102.3035,1
k3554,9.2195,113.1382,0
k4556,165.9518,226.5657,1
k5180,69.4208,87.6156,0
k5263,31.5991,49.7293,0
k5586,13.2004,170.0118,0
k1256,25.3476,177.9052,0
k3420,135.559,142.8356,1
k2545,159.0739,557.0613,1
k3477,87.2711,0.0,1
k7313,47.4131,119.877,0
k2964,40.3268,160.0445,1
k5760,64.9942,126.8897,0
k6153,16.3478,164.56,1
k7100,65.7001,131.8797,1
k6578,115.2443,575.0443,0
k3544,47.1699,99.5753,0
k1248,74.2243,250.3123,0
k4325,69.5072,116.4989,0
k1229,81.1942,471.255,0
k5160,19.0591,146.5034,0
k352,7.1063,282.1436,1
k6052,36.6742,157.8171,0
k3935,14.9833,95.2694,0
k1594,83.4641,189.7215,1
k1886,65.5019,193.0058,1
k5957,65.5534,203.5301,0
k4214,84.7659,455.2812,0
k4265,68.0147,91.5478,0
k2599,40.025,398.5452,1
k1959,12.7769,148.7725,0
k5201,81.2219,160.5631,1
k1828,37.3263,134.0168,0
k4084,21.2191,96.1054,0
k4983,13.4164,264.5043,0
k1676,57.3149,169.6445,0
k6798,60.0521,174.3395,0
k45,74.6676,246.8694,0
k4100,42.7463,0.0,1
k7,52.5381,98.1542,1
k1511,91.9905,92.0054,0
k4766,52.7091,165.4093,1
k2142,84.5237,278.004,1
k5568,76.9708,106.0189,1
k2787,74.2378,134.5149,1
k375,37.8583,106.3602,0
k5933,36.4314,109.4166,0
k5594,40.1123,320.8913,0
k110,65.1249,93.5481,0
k2292,49.0408,151.9186,0
k4742,88.278,0.0,0
k887,19.0066,191.802,0
k1335,13.0384,173.8368,1
k5311,27.0416,618.2952,0
k56,51.6236,277.6545,1
k5838,89.9847,389.9551,0
k6308,62.0081,0.0,0
k5507,83.006,87.0933,0
k739,24.6982,165.0068,0
k2207,8.7321,141.1471,0
k1170,101.5788,185.0007,0
k79,164.5144,221.6269,0
k1860,75.4801,84.7127,1
k5061,37.8054,196.3288,0
k276,157.156,478.8037,0
k6045,67.3146,314.0334,1
k477,79.2591,145.8124,1
k5766,25.0599,191.7062,1
k768,145.2902,328.3146,0
k7452,42.3232,713.9009,1
k6341,7.7782,64.0312,1
k6718,61.5325,79.4292,0
k3303,48.5644,134.2097,0
k1976,43.5488,214.6311,0
k2228,65.9564,218.9806,0
k1958,105.3055,119.3032,0
k6784,19.5,90.1804,0
k2799,43.6606,451.0809,0
k6433,144.8189,185.1385,0
k551,123.5253,163.5619,0
k6110,109.6643,269.919,0
k5272,106.3967,300.5204,0
k7392,78.7544,267.9151,0
k3712,32.0351,228.6974,0
k1597,13.4629,885.2878,1
k7447,101.7706,0.0,0
k1211,19.1638,106.0578,0
k5128,20.0062,124.5361,0
k1375,92.1954,278.2813,1
k3676,20.6155,146.2771,0
k5649,58.7133,150.0675,0
k4940,83.5374,226.505,0
k3839,40.5123,135.7765,0
k1798,98.1186,111.4641,0
k7571,76.8651,218.0166,0
k5706,112.0279,219.5091,0
k1734,67.5,708.5176,1
k1793,89.6172,0.0,0
k3278,80.0391,747.6505,1
k3330,140.0571,197.5057,0
k1273,118.1397,64.158,1
k787,20.573,83.1685,0
k7380,98.0434,480.3543,0
k923,57.1074,356.6287,1
k344,124.1471,486.1548,0
k6058,81.6241,115.9741,0
k2008,20.2485,359.2944,1
k5660,114.5098,0.0,1
k2973,35.5106,165.0969,0
k5686,107.7033,321.8113,0
k1717,39.0544,520.4087,1
k6559,99.169,620.942,1
k4901,13.2382,108.0567,0
k4165,97.8621,248.0952,0
k5856,91.3592,62.0987,1
k5004,93.5053,80.0078,1
k5926,172.0182,477.3955,1
k2827,1.5811,456.5403,1
k4861,13.4536,156.5799,1
k1401,84.1204,319.8664,1
k7483,7.1589,423.5024,1
k2378,194.5411,382.5735,1
k4364,69.1809,341.0092,1
k4233,42.6878,131.0506,1
k4149,49.5631,721.5028,1
k5782,9.3941,133.0338,1
k6721,88.278,73.4456,1
k5615,68.3411,235.6061,0
k4009,40.783,161.6168,1
k2804,88.3883,402.5102,0
k2875,90.5677,225.5272,0
k2240,64.5368,220.2504,0
k6806,85.9069,64.2806,0
k5309,47.101,427.7116,0
k860,17.9025,329.0745,0
k5783,124.7257,239.2305,0
k2664,9.8615,260.0173,0
k6639,60.0187,651.8178,0
k6795,89.5056,114.5535,0
k893,8.7464,201.4528,1
k5722,68.4726,305.5311,1
k1892,172.0705,183.5436,1
k1500,115.2931,258.9295,1
k4519,74.5822,140.6707,0
k1000,119.852,252.9056,1
k3521,15.9138,85.0368,0
k480,26.0048,67.5666,0
k6624,30.9233,580.7075,0
k111,72.2098,90.1124,0
k4717,45.8939,531.4344,0
k5816,47.1832,127.501,1
k6180,46.5859,60.6671,0
k1155,50.5025,299.9775,1
k2853,75.634,83.8824,1
k3887,18.7683,192.9747,1
k5068,20.0998,0.0,0
k1821,39.9531,388.0081,0
k2357,58.9958,186.3867,0
k5670,88.1717,580.9038,0
k5135,76.2512,199.1212,0
k6460,46.6154,102.9684,1
k5230,84.0952,135.0796,0
k4749,71.9462,132.8166,0
k7352,83.3847,210.0595,0
k3840,70.7142,293.5068,1
k2845,45.5,184.5644,1
k3865,136.0331,201.446,1
k123,69.4586,136.8804,1
k6059,18.7417,315.7566,1
k1352,156.0417,129.0475,1
k5265,27.2809,400.0028,1
k1694,76.2529,0.0,0
k3034,26.0432,67.1863,0
k6318,48.3451,146.5341,0
k7307,93.5909,142.088,0
k2036,62.7415,313.8571,0
k2129,101.1781,72.3343,0
k152,45.7957,240.5047,0
k4468,12.9035,458.033,0
k41,22.1923,119.3786,0
k7555,99.1022,168.6987,0
k3557,82.6801,137.2443,1
k4555,42.2019,919.1632,1
k1098,96.5725,70.8025,0
k7323,63.6003,86.6444,1
k4645,101.2744,178.301,1
k5889,130.2162,189.1778,0
k3336,27.0416,142.678,0
k204,82.5969,370.9761,0
k633,21.2132,134.1827,0
k133,24.1299,171.2381,1
k2539,96.7536,288.5212,1
k212,51.5606,244.2478,1
k354,31.5,271.5778,1
k3026,117.2732,86.7006,0
k441,148.5842,264.8971,0
k7153,113.4868,280.7134,0
k119,59.1291,213.0094,0
k2986,34.5326,220.5924,1
k560,41.503,121.3796,1
k5036,47.8774,137.4382,1
k4512,45.5439,139.5323,1
k6287,46.8882,296.5034,1
k7376,32.4692,335.1869,0
k6522,7.5166,114.0175,0
k6934,72.8457,152.9256,0
k6217,54.2517,89.8888,0
k2425,68.1652,117.0043,0
k2116,72.2721,133.0564,0
k7438,62.0504,0.0,0
k1243,116.9273,218.5006,0
k7308,37.4233,138.7921,0
k114,105.2723,201.0305,0
k4241,19.5576,508.0465,0
k6470,98.0204,90.6973,1
k3831,97.6281,526.9843,0
k76,69.161,103.9832,0
k2869,71.8401,393.961,1
k1340,85.3815,173.6555,1
k5021,30.9233,0.0,1
k2245,134.578,373.9803,1
k5794,93.2269,49.6639,1
k4615,48.8774,153.9813,1
k3879,192.5526,407.9571,1
k7501,91.6038,692.9939,1
k3213,65.0173,90.0472,1
k940,101.789,125.8501,0
k461,50.4207,43.2695,0
k1714,29.4279,482.6391,0
k3093,55.5563,194.2453,1
k786,76.5147,180.2006,1
k4385,159.227,353.958,0
k7139,65.0692,142.0079,0
k2288,84.4408,410.2734,1
k3394,59.357,96.9459,1
k6376,81.5552,101.357,1
k4115,161.5008,213.5053,1
k5516,66.7776,755.5372,0
k7207,90.3064,103.5495,1
k5523,116.182,80.0078,0
k4998,25.4804,208.5402,0
k5376,101.8835,0.0,0
k3190,49.0433,276.6464,0
k2590,93.6496,574.8211,0
k232,62.4039,88.4096,1
k7496,90.7965,681.7692,1
k5252,72.9932,536.1,0
k5409,67.9559,121.1218,0
k680,13.6565,89.68,0
k3200,72.8371,494.5283,0
k7259,111.3643,129.2604,0
k5214,122.9075,344.2216,0
k6168,31.6623,338.9207,0
k1835,56.225,370.4582,1
k1729,53.782,541.0333,0
k5796,15.8824,124.0585,0
k5364,7.2801,70.8467,0
k725,34.6771,189.2564,0
k971,16.6208,89.8012,0
k2021,14.0,259.2552,0
k7074,44.139,274.8568,0
k7025,119.4194,0.0,0
k1540,52.5214,101.4359,0
k5885,68.2825,179.8506,0
k5359,29.2318,150.3671,0
k6717,38.9005,157.8171,1
k118,81.7588,169.5435,1
k7382,63.5472,97.4936,1
k4590,52.5095,75.3293,1
k156,100.0612,77.0406,0
k1787,69.5881,307.0102,0
k7493,59.808,821.5024,1
k4439,101.5012,340.2117,1
k7073,138.4865,194.5829,1
k25,14.8071,157.3181,1
k3724,27.7308,407.511,0
k1554,28.7141,129.2478,0
k2505,112.1985,250.0785,1
k474,97.4166,77.666,1
k3970,80.5248,78.8432,1
k4625,28.7924,156.0008,1
k1190,10.0,0.0,1
k4,77.579,56.2228,1
k4489,114.4388,158.0008,1
k356,64.2515,189.6536,1
k4927,29.0043,233.2349,1
k2721,107.5,541.0501,1
k2980,6.265,126.0089,0
k1129,74.0017,192.0059,1
k1004,117.0523,129.1395,1
k2431,36.7049,194.6856,0
k3489,63.5079,623.7708,1
k1894,86.1452,48.0208,0
k3204,70.2282,120.8387,1
k4778,3.9051,100.6591,1
k6516,43.0465,369.0166,1
k1038,42.3615,127.0984,1
k2011,22.3215,168.5007,1
k6868,8.4853,105.3233,0
k2294,109.5,198.0227,0
k2650,80.399,138.5577,0
k6020,28.6356,71.0282,1
k4733,20.1804,381.5659,1
k117,86.0523,89.0126,1
k1207,127.0089,85.3361,1
k1506,77.0146,100.6293,1
k1361,98.1542,128.0088,1
k911,115.4123,196.7803,1
k5639,45.5467,214.2825,1
k2296,35.5844,109.1662,1
k4624,71.8923,498.2622,1
k3455,61.9556,169.0044,1
k3753,116.0097,186.1511,1
k1944,8.1394,171.0117,0
k2681,67.4463,163.0989,1
k4849,100.3606,155.0,0
k2449,71.7844,182.8066,0
k905,28.3064,152.1003,1
k1878,112.5044,159.38,1
k3221,161.3103,245.002,0
k3587,37.4066,0.0,0
k7089,83.7929,253.7504,0
k617,10.5475,184.017,0
k139,69.4064,22.809,0
k2688,91.6106,275.7,0
k2088,81.5138,266.1508,1
k6298,60.5516,179.3551,0
k5874,5.2202,425.0238,0
k4659,42.9418,514.3953,0
k3512,25.0,55.7584,0
k1066,9.5131,163.6437,0
k2059,79.8389,140.1606,0
k2012,60.9036,0.0,1
k1786,39.5506,82.4212,1
k2976,68.3593,80.128,1
k7014,82.5984,111.8403,1
k3991,38.5811,233.5048,1
k3473,119.5847,374.3237,1
k6577,97.6588,215.1192,1
k4642,10.0,546.6736,0
k2510,74.7412,93.0054,0
k4290,70.9454,268.6471,0
k6225,7.5,162.7775,0
k4486,96.6294,783.1706,0
k6656,57.5543,87.1321,1
k5912,61.8547,114.2804,1
k4054,64.002,301.5332,1
k2145,46.0435,0.0,0
k7553,108.3421,672.0314,1
k2944,117.0171,124.139,0
k1555,79.8326,624.1036,1
k3595,30.2655,157.1631,0
k3830,86.6487,119.0,0
k7218,6.265,62.2294,0
k5793,103.8087,186.1196,0
k1827,193.6214,353.0871,0
k7581,57.8662,86.3308,0
k7355,35.4013,90.8983,0
k4986,56.4624,164.0732,0
k6675,143.6323,274.5656,0
k4158,67.5019,300.0104,0
k6607,56.1427,112.5278,0
k2953,75.8568,161.9452,0
k889,85.5935,218.1656,0
k2191,85.7001,55.3173,0
k7436,87.5357,0.0,1
k5899,83.3022,351.4232,0
k4371,57.9159,251.7628,0
k4526,80.6861,173.1416,0
k706,44.5253,45.1359,0
k2806,85.8836,427.452,1
k3327,66.2061,348.5111,0
k3608,61.2413,203.81,1
k1621,122.5163,95.7079,0
k4866,63.3482,140.4724,0
k5589,33.234,421.9034,0
k2901,55.9151,307.6792,0
k2310,68.593,284.2789,1
k3543,114.1775,174.6461,1
k4333,84.8779,89.4497,1
k7091,138.0154,194.9006,1
k2839,95.6883,207.0803,1
k2817,60.6012,537.5733,0
k6461,77.5145,149.7707,0
k1470,41.9672,0.0,0
k6865,86.9612,52.9009,0
k6231,66.1154,220.0528,0
k3758,8.0156,106.0389,0
k6107,81.939,381.1263,0
k558,47.6051,178.6708,1
k3634,125.504,257.2086,1
k2014,87.1321,246.7919,1
k4114,73.7902,241.2494,0
k3001,110.1556,238.7179,0
k6626,53.033,72.2928,1
k5692,74.3303,546.7966,0
k289,60.2764,101.0111,0
k1777,44.1418,94.5304,0
k3802,3.9051,148.054,0
k4912,67.6702,162.2421,0
k4117,34.0037,205.9235,0
k3502,13.2853,127.7047,1
k4493,56.029,78.2768,1
k2483,151.0174,367.1597,0
k6715,106.2132,113.3854,0
k2939,67.1733,368.8204,1
k1239,35.3553,244.5736,1
k229,86.5794,390.6549,1
k7468,114.3164,576.5312,0
k5600,46.8241,190.5151,0
k5729,28.0179,0.0,0
k2043,84.0387,584.1836,1
k2025,90.8639,231.2407,1
k4482,97.5141,142.4114,0
k7199,47.6051,205.4343,1
k2496,16.9779,131.0057,1
k5362,124.287,247.2231,0
k4782,180.5436,294.7003,1
k3307,72.4241,121.4434,1
k7007,48.5644,168.3627,1
k2750,137.052,373.1729,1
k7559,155.5201,94.7629,1
k7507,32.5038,174.5,0
k175,98.2102,8.7464,1
k5150,59.4348,322.3713,0
k4536,54.0833,132.5009,1
k99,62.3318,99.6519,1
k1181,50.1224,135.7765,1
k1037,76.0428,155.7153,1
k1346,31.6938,142.486,1
k4712,84.5931,145.6511,1
k6300,13.0863,157.5508,0
k1961,60.1685,338.1335,1
k3658,137.052,304.6609,0
k2908,140.1749,211.5095,0
k4898,53.0094,152.4508,0
k938,27.2947,0.0,1
k7135,57.0351,575.8897,1
k82,247.5081,306.7544,0
k5654,40.7185,131.911,0
k1636,53.106,216.2088,0
k3952,78.9589,133.4541,0
k4710,90.5221,67.5019,1
k4267,155.8541,176.098,1
k4584,136.5915,149.5201,0
k7601,24.3824,150.5075,0
k3623,155.0129,160.0195,0
k4103,21.5523,175.5007,0
k7037,37.977,742.8879,1
k4848,88.6002,0.0,0
k4796,8.2765,254.0049,0
k7399,62.2133,37.0135,0
k1020,67.4685,94.5423,0
k2136,66.7083,176.0178,0
k4341,60.5186,106.8,0
k6422,94.0213,384.1774,1
k5558,39.4271,316.611,0
k5805,72.7908,56.8001,1
k7238,21.095,98.5812,0
k7107,39.702,75.1798,1
k3607,70.7001,224.831,0
k4438,42.0773,508.2335,0
k3453,59.6699,419.5655,1
k6482,10.5119,258.5276,1
k384,73.0068,80.5559,0
k6369,113.2828,141.1072,1
k3757,35.5985,239.3141,0
k2584,69.0254,77.1767,0
k1987,61.9879,39.6138,0
k2513,53.956,85.0368,0
k6351,14.2302,227.2427,0
k3155,84.6419,152.5516,0
k6430,22.1416,76.1577,1
k3907,130.5077,186.6039,0
k6118,68.9638,93.5855,1
k5138,153.8059,232.8626,0
k325,49.1172,98.9949,0
k2779,53.2541,424.2717,0
k4596,86.7078,174.5236,0
k2188,47.016,66.2212,0
k1547,45.2134,37.3965,1
k7030,83.8525,72.8371,1
k4232,19.4487,750.3483,1
k5077,81.6364,0.0,0
k6629,99.6017,171.1213,1
k365,72.0347,86.6631,1
k6902,65.9735,100.6007,1
k1943,58.4209,123.4555,1
k6462,128.0156,182.9624,1
k3481,17.0294,261.6305,0
k2718,61.0921,65.1959,1
k386,71.3477,84.5237,0
k4964,92.1954,354.9412,0
k4804,2.9155,64.9327,0
k4472,84.5725,95.5955,0
k1390,50.1597,87.5914,0
k1613,47.5946,154.2806,1
k2052,56.573,166.4332,1
k4569,111.3059,0.0,0
k398,66.9216,305.3072,1
k257,101.2052,62.1168,1
k159,11.8849,151.7383,1
k4301,56.1894,27.2259,1
k6297,58.0194,132.6386,1
k1553,48.2597,102.5305,1
k6240,95.1262,128.4718,1
k5053,73.8597,262.2794,0
k3736,35.5141,128.8303,0
k5501,86.4783,192.9378,1
k6293,46.3276,256.9012,1
k6612,27.8568,314.5064,1
k4941,58.1743,506.5385,0
k6207,119.4414,113.1923,0
k5894,45.0694,90.0056,0
k5228,70.926,52.5405,0
k529,91.214,191.2126,0
k2754,98.9255,162.4815,0
k6781,134.8824,220.4342,1
k593,64.9788,211.254,0
k5774,38.1215,142.4649,0
k6290,80.9568,24.4591,0
k4070,23.8537,163.2766,0
k3717,79.237,291.0348,0
k6128,138.638,99.5013,0
k4794,99.5301,221.009,0
k393,4.6098,751.6465,0
k2636,71.6415,31.504,0
k4407,18.2003,172.529,0
k5771,38.3047,420.8622,1
k4951,56.3405,81.5552,1
k5057,10.6888,49.0026,1
k687,70.1231,208.8043,1
k2409,20.0562,138.067,1
k1466,53.584,162.2968,1
k7489,79.6006,211.029,1
k7154,43.3503,158.7278,1
k271,68.593,229.9418,0
k4018,37.4066,211.164,1
k6518,69.6796,240.6372,1
k2993,33.0151,140.4315,0
k4379,103.0776,267.8927,0
k6024,66.0946,177.5176,0
k3611,6.0208,68.9094,0
k1006,108.0417,881.0817,0
k3021,44.0114,66.7308,0
k2307,77.8091,0.0,0
k2313,50.8847,240.9502,0
k6533,84.6832,195.5019,1
k6216,110.1681,60.6012,1
k7332,83.9598,124.3262,1
k4326,19.2354,112.9004,1
k1559,41.0488,111.1002,1
k6104,42.0862,92.9368,1
k4987,139.6755,237.5132,1
k1997,36.0624,398.1661,1
k6567,214.9011,232.723,1
k376,86.1757,89.1866,0
k7011,89.5349,170.9218,0
k5514,52.2733,79.1991,0
k3601,77.5387,148.5034,0
k215,79.1991,547.6714,1
k6019,67.041,70.8696,0
k6553,79.8827,262.2251,0
k4979,74.108,170.5,1
k6945,149.5502,550.3294,1
k4363,152.8398,248.7594,1
k324,79.8827,158.7931,1
k734,74.2378,139.0225,1
k5707,62.6777,240.6741,1
k5299,196.706,669.6501,1
k883,17.4642,265.0005,1
k3145,83.2541,123.0498,0
k4116,46.457,228.0197,0
k60,36.5034,572.5055,1
k2725,15.2069,0.0,0
k7226,53.033,128.6944,0
k6410,46.3276,135.4862,1
k6195,41.8629,92.5054,1
k1161,41.512,111.0281,1
k2495,80.6505,114.1337,1
k5668,79.0253,286.5349,1
k5393,45.478,156.7586,1
k5811,58.4059,73.5527,1
k5016,10.5119,289.9418,0
k724,32.0156,57.8468,0
k2122,70.5301,98.8863,1
k2674,50.9828,52.0,1
k1896,128.7799,156.5288,1
k1249,82.0015,80.05,1
k742,103.5193,131.6368,1
k6253,14.6373,363.1463,0
k1490,47.0239,59.5189,1
k5302,53.8934,67.5,1
k1400,73.1095,132.1855,0
k821,20.2237,103.4517,0
k2131,104.6542,182.3904,1
k1380,5.2202,118.423,1
k6529,37.6198,108.9036,1
k5985,48.2105,222.2639,1
k4546,39.6043,124.8779,1
k7094,146.5009,151.6394,0
k3510,34.0147,290.0431,0
k385,54.9477,106.0248,0
k1662,40.783,218.3169,0
k2971,12.3693,292.2499,0
k1366,49.6614,69.9946,0
k6744,64.2067,159.5188,1
k3465,91.7606,344.8279,1
k3010,45.6974,80.025,0
k5403,164.0831,370.3093,0
k5111,61.5224,92.5662,0
k5289,48.9004,66.0984,1
k6753,79.1344,453.7744,1
k638,69.5845,361.0405,0
k22,83.5374,99.7296,1
k7362,1093.1255,848.7744,1
k5078,424.7838,0.0,0
k5946,19.6596,515.369,0
k2649,54.8293,78.5828,0
k73,83.0452,113.3181,0
k5048,58.9788,157.7862,1
k2981,7.7621,181.1353,1
k6010,114.5011,854.6691,1
k1104,53.7587,306.8355,0
k1421,61.5995,128.8507,1
k2412,73.282,472.6957,1
k3679,85.1954,84.5237,0
k6879,40.4042,101.6772,0
k5605,34.7023,137.7942,0
k5438,65.0865,64.8267,0
k790,78.9636,98.9103,0
k6165,23.0489,171.896,0
k6041,82.7602,89.0505,0
k6143,144.6945,193.1457,0
k7381,156.0969,0.0,0
k6827,63.9316,0.0,0
k1025,61.2883,186.784,0
k2843,50.0,104.4761,0
k1027,69.5593,474.5432,0
k992,27.2029,124.0363,0
k5426,41.6203,124.1219,0
k2899,67.574,109.5091,0
k2341,64.6375,161.5,0
k2251,39.9061,287.2686,1
k6507,96.5984,430.4257,1
k6825,97.0013,120.501,0
k3149,61.5833,22.9401,1
k6066,129.0736,682.9863,0
k7585,88.0412,183.4973,1
k2661,71.6415,92.5419,1
k5579,57.6303,99.4585,1
k930,109.468,257.0146,1
k5548,75.5844,122.3162,1
k432,97.0696,98.6116,1
k4250,76.1528,199.8912,0
k1855,76.5506,113.1923,0
k4666,88.806,142.0088,1
k7320,59.927,151.4414,1
k2435,174.6833,368.6353,0
k6187,29.7195,82.3119,0
k3850,75.5414,57.5196,0
k4091,58.2409,158.1779,0
k3039,52.5595,262.8217,0
k4627,106.1249,0.0,0
k258,52.1967,130.173,0
k7142,96.9665,359.0198,0
k6208,63.7887,58.6963,0
k6259,102.5195,613.3574,0
k3683,40.3113,179.8034,0
k6080,102.4207,150.7224,1
k2306,82.4394,54.9409,1
k6837,168.2156,362.4417,0
k3570,141.0718,79.6492,1
k4761,127.001,21.5928,0
k3432,54.7083,419.5074,0
k3649,82.7118,58.2001,0
k3819,76.8538,96.6049,0
k2716,51.8845,437.9235,0
k6540,77.682,720.6837,0
k7242,10.6888,224.6091,0
k1204,74.0422,43.2666,1
k6713,67.9577,131.9185,1
k319,84.3342,280.2356,0
k2416,37.7525,95.7627,0
k5280,102.7533,233.637,1
k6824,90.8433,33.2415,1
k3718,54.3346,84.4423,1
k922,29.0904,635.4725,1
k1933,14.9164,556.4396,1
k5007,51.5606,94.6678,0
k1864,60.9036,70.7831,1
k1372,60.5083,94.5,1
k3689,31.6741,384.5939,0
k7475,58.5534,179.5341,0
k2335,105.5237,728.7059,1
k6774,84.5281,129.4025,1
k3934,23.4307,162.4962,0
k1643,72.3896,91.7878,0
k1580,30.8585,87.3742,0
k7186,101.0371,94.5013,0
k5823,69.2604,233.0649,0
k983,92.0054,239.0612,0
k4867,99.6657,454.7202,1
k112,58.1378,173.1416,1
k3788,69.6312,104.0,1
k5245,97.5833,225.9657,1
k3491,140.6076,435.1839,0
k639,44.2832,109.7463,0
k6615,110.5283,140.5436,0
k6729,73.5153,83.2541,0
k994,89.0225,151.0406,0
k649,125.9573,471.365,0
k3389,116.1303,242.0186,1
k4591,144.7152,74.0962,1
k6904,50.1124,825.8488,0
k1254,63.0635,110.1635,0
k2094,62.2294,133.7395,0
k3960,44.1475,45.5439,0
k4995,31.5317,0.0,0
k3589,52.8607,140.5569,0
k1574,70.3793,154.7942,0
k5258,79.5393,921.2918,1
k840,56.7539,101.1781,1
k4980,42.5206,316.1914,1
k6587,33.1436,301.7818,1
k2072,41.7433,90.3562,1
k4971,56.1894,117.0694,1
k1168,87.6926,395.5114,1
k1360,94.1077,96.8814,1
k7584,117.3936,197.8061,1
k1225,50.3612,585.1566,0
k2414,52.2805,58.1485,0
k198,2.6926,503.2974,1
k4874,5.2202,98.8243,1
k5320,87.2425,202.021,1
k5257,53.7401,168.087,1
k4226,183.183,535.3001,0
k6654,98.2573,177.7301,1
k685,86.5058,151.0075,1
k5987,66.9813,0.0,0
k1746,71.5629,102.2008,0
k2903,89.68,0.0,0
k3483,55.0205,95.6151,0
k1153,124.7808,415.4771,0
k2233,41.9762,408.8352,0
k3714,76.4281,125.073,0
k6441,53.3877,72.5207,0
k4137,32.8824,472.1827,1
k6023,74.7412,304.1488,1
k5648,68.3977,167.5366,0
k1582,45.478,249.0848,0
k32,28.1114,124.2578,0
k3899,89.7399,90.0888,1
k7260,83.0963,41.14,0
k5854,67.897,103.5917,1
k4133,89.5349,240.8262,1
k6230,53.3971,196.6037,1
k6126,90.2718,172.9653,1
k5610,57.6064,109.4098,0
k7578,71.507,71.1354,1
k1825,39.538,339.4971,1
k7211,14.0089,56.6591,1
k493,96.5194,142.3938,1
k1298,94.5212,169.8249,1
k5878,78.1313,116.9027,1
k4643,54.5367,46.2709,0
k6989,57.7862,321.9231,0
k6214,41.6773,223.4284,0
k5172,74.0355,134.0196,1
k5919,169.4462,0.0,0
k2196,96.8155,227.5659,1
k4239,115.3917,117.2359,1
k562,75.9227,587.1226,0
k2363,40.0031,102.2314,1
k4977,60.1519,176.7067,1
k5612,48.1274,148.9841,1
k4319,87.6727,290.8509,0
k5422,107.5941,483.5582,0
k6978,64.6239,179.4833,1
k4961,82.1842,504.2393,1
k1331,64.6471,172.7035,0
k5425,86.0886,317.2873,0
k5060,45.0,106.48,1
k6381,45.9048,50.324,0
k2422,113.9846,769.3585,0
k3938,35.7246,97.3242,1
k2490,63.5689,184.954,1
k33,46.6905,80.2153,1
k2143,61.5224,98.6927,0
k5042,34.6699,167.7982,1
k3755,139.4346,202.5913,0
k5763,117.5681,395.6959,1
k7213,73.3161,0.0,0
k3255,97.9005,122.6469,0
k2168,38.0296,217.3045,0
k3411,47.1832,163.7208,0
k4686,42.4647,54.1872,0
k39,81.6609,60.6486,1
k3357,88.132,76.3806,0
k5233,167.7573,209.1345,0
k5355,13.4629,136.3607,0
k3112,39.6232,113.381,0
k1824,124.4869,97.1249,0
k6134,16.5529,78.2768,0
k1539,81.2712,0.0,0
k1166,43.2261,394.1427,0
k4825,77.2528,258.9947,0
k5435,37.6431,441.5725,0
k2511,98.7041,178.362,0
k6258,91.4166,243.6852,1
k1663,136.6547,465.6407,1
k5740,41.7852,0.0,0
k4906,53.535,144.7498,0
k5691,43.3503,148.0304,0
k1269,36.8816,752.7378,0
k4155,28.0045,87.5471,0
k2223,91.5492,393.749,0
k1622,67.6757,72.7496,0
k548,44.4072,276.1386,0
k5847,934.1522,1215.5355,0
k2974,35.2456,464.0178,1
k4990,91.6652,117.2774,1
k2796,99.4548,263.1511,1
k3828,16.5605,207.0054,1
k5537,38.5811,181.3464,0
k3609,123.6982,320.1265,1
k5608,28.324,388.6811,1
k6260,5.3151,570.7182,0
k5436,55.376,109.7474,0
k3431,68.4251,150.1441,1
k191,6.7268,270.0468,1
k1237,6.7082,1317.3121,1
k6924,27.3724,141.0009,1
k947,119.9427,154.6165,1
k2220,1121.475,1641.2124,1
k5133,21.36,68.5073,1
k5748,72.5207,0.0,0
k1874,34.9464,66.3042,0
k6373,41.4276,76.6045,0
k2627,77.7126,161.0419,0
k5943,51.0392,104.5813,0
k187,40.3299,330.5771,0
k1015,86.8159,251.0841,0
k5673,101.0371,490.2499,0
k3632,90.118,167.0067,0
k6163,30.3727,133.4138,0
k6801,64.5387,72.5017,0
k169,37.3263,174.0,0
k504,43.0465,83.5015,0
k977,217.0052,197.1427,0
k2542,64.0078,202.2474,0
k4674,125.6861,192.585,0
k5273,148.3855,156.0513,0
k5825,79.6053,103.5193,0
k7058,23.8799,55.5203,0
k7591,1082.3569,1363.4135,0
k2006,78.3534,0.0,0
k4209,111.6076,104.0769,1
k1685,37.6065,72.4655,1
k476,64.5174,401.4776,1
k3277,35.5317,146.1617,1
k4978,78.0929,132.035,1
k330,21.9545,122.083,1
k6485,52.0024,59.203,1
k3110,59.3507,158.2948,1
k1296,73.3161,168.6179,1
k2095,26.8328,126.321,1
k3825,38.0526,80.8486,1
k4775,31.6623,206.202,1
k6984,55.4549,83.8824,0
k4143,49.7519,1057.0072,1
k2204,49.5227,124.5161,1
k7102,1034.3265,1187.5692,1
k4275,31.3249,1179.4483,1
k3824,14.6373,86.2047,0
k841,103.2303,346.6446,0
k3046,48.7468,100.5448,0
k2297,81.2604,292.6555,0
k4102,5.7009,1242.8175,0
k4416,71.7809,521.6474,1
k5966,51.12,0.0,0
k2776,60.6898,58.1485,1
k7567,59.0529,77.4758,1
k4411,113.9912,495.283,0
k2236,112.9889,110.3653,0
k4769,66.191,69.7173,0
k3956,69.3578,143.8923,1
k4339,31.0483,155.9848,0
k4558,44.0369,267.5916,0
k2109,73.8241,431.8154,0
k4612,9.3005,222.797,0
k667,100.6628,217.6718,0
k5859,114.6309,399.0492,0
k2575,49.5202,157.0963,0
k7570,18.8215,118.9222,0
k5129,46.0136,122.7243,0
k4355,44.8135,95.7209,0
k2691,30.104,74.788,0
k2699,126.8592,266.3691,0
k1653,39.6548,198.0101,0
k4828,145.1637,0.0,1
k5826,158.7026,187.9661,1
k6465,67.3294,59.7013,0
k7143,42.3792,155.5289,0
k5836,163.9703,155.2329,1
k439,91.5492,570.8023,1
k5526,59.397,151.8988,1
k3564,44.5337,91.5874,1
k7137,94.578,115.4784,1
k3113,100.7286,56.921,1
k303,117.824,143.0219,1
k6855,123.0041,1179.6704,1
k5204,101.843,444.302,1
k5984,106.4202,80.9475,1
k4789,75.5811,103.0364,1
k4724,80.1452,84.0015,0
k1417,55.2472,129.7787,0
k6175,62.1289,111.7195,0
k1779,61.5081,157.043,0
k2628,113.2254,0.0,0
k6588,68.3118,121.1466,0
k7433,55.933,98.9103,1
k3636,78.7433,755.7508,1
k5424,77.0925,338.0444,1
k6319,41.4397,105.6882,1
k582,43.546,107.1972,0
k3680,27.3542,102.2069,0
k4575,992.5106,1242.8944,1
k3310,58.2151,131.0057,1
k1610,22.2767,222.0023,1
k2323,13.6473,186.8241,1
k383,55.6597,202.1417,0
k5001,88.0696,130.5527,0
k1138,99.2472,114.0537,0
k3160,37.8319,57.2189,0
k3426,83.4416,0.0,1
k4935,83.5225,100.0012,0
k1903,91.5219,178.1643,1
k7267,143.0891,110.5554,1
k364,111.4731,369.925,1
k2089,41.9315,121.9108,1
k7088,64.3506,296.0511,1
k6265,444.1734,178.0344,1
k1757,27.6632,610.2368,1
k5989,183.5518,56.573,1
k5468,48.5412,84.2214,1
k5176,75.5463,127.0157,1
k5132,90.9189,333.2435,1
k1305,87.9275,144.5554,1
k95,1080.4764,1406.9333,0
k6998,191.053,1118.9992,1
k4025,53.6773,450.0189,1
k5924,38.4187,70.5443,1
k6047,97.8902,105.3767,1
k2445,46.1979,253.5178,1
k3971,117.7391,0.0,1
k68,48.2701,141.1072,1
k3048,87.865,183.7457,1
k3613,47.0956,495.9859,0
k1363,42.9535,95.3795,1
k6918,40.6356,771.7624,1
k3882,29.0947,55.7315,0
k418,36.7491,480.7788,1
k686,43.3503,420.5048,0
k1079,60.6671,429.2528,1
k170,105.1404,116.9241,1
k2836,1348.7161,1337.6251,1
k7056,30.2076,104.7342,1
k6897,1121.8846,1686.4404,1
k3694,51.9062,63.8161,1
k3774,7.6322,54.5573,1
k4244,75.6902,314.4344,1
k2925,77.0146,155.9848,1
k6365,72.1561,81.2296,1
k3526,132.3414,302.4111,1
k7550,89.6939,117.6573,1
k2130,41.1005,156.8192,1
k2880,202.5895,65.622,1
k1756,55.599,167.0269,0
k1444,133.9496,99.776,1
k7087,54.5642,226.0006,1
k157,111.7721,369.5971,1
k4944,65.0019,322.4008,0
k3972,185.4973,103.0364,1
k864,75.8238,96.6087,1
k4678,92.2239,82.2192,0
k6264,355.7,150.9015,0
k3693,46.3276,205.0573,0
k2224,84.4541,178.085,1
k5246,42.7112,58.0539,0
k2479,91.2812,72.5017,1
k2704,1039.7126,1202.3654,1
k523,73.4983,91.1002,1
k4739,53.0848,325.5918,1
k2965,73.9003,101.2744,1
k1111,143.7298,144.0703,1
k1640,29.4109,117.7083,0
k594,78.8495,481.8641,1
k2300,87.6427,190.983,0
k5081,127.7625,153.5985,0
k4396,83.1865,119.0567,0
k3013,94.1409,87.5014,0
k5127,42.901,300.4813,0
k6064,47.6471,60.9631,0
k399,50.2021,53.2189,0
k4225,10.7935,135.3403,0
k4797,21.783,113.1868,0
k1482,121.2023,135.5323,0
k6281,47.7624,132.0009,0
k3487,60.4587,158.2688,0
k5130,24.1506,1200.7081,0
k7210,33.6155,514.7487,0
k4827,64.6239,77.558,1
k225,82.7481,0.0,0
k979,111.6882,89.9347,1
k254,130.6981,419.0716,0
k4858,22.7706,75.634,0
k926,73.4932,164.0762,0
k2499,56.0357,100.1212,0
k1163,32.9848,61.9879,0
k928,67.1193,134.1827,0
k5695,31.8002,57.5348,0
k4453,76.4232,701.005,1
k4660,71.0018,343.2739,0
k984,76.8798,244.6268,0
k3747,53.4462,130.0961,0
k7374,54.4656,430.6173,0
k805,78.008,210.072,0
k7033,129.2797,196.2549,0
k6498,91.5765,118.6276,0
k1423,23.4094,158.0925,0
k3456,3.6401,260.5691,0
k6750,57.5782,0.0,1
k4587,109.7691,69.615,0
k5421,120.7901,152.6434,0
k3597,56.2694,105.9292,0
k7064,70.5071,200.6795,1
k6471,56.7737,155.1137,1
k1154,86.5852,105.9552,1
k5846,77.674,170.7527,0
k3551,40.0281,152.6106,0
k4856,49.0765,121.2456,0
k5875,200.6053,56.6789,0
k3238,70.4716,98.0816,1
k999,64.2067,297.7302,1
k4283,35.5985,249.2519,1
k4599,45.0999,0.0,1
k5227,109.6643,130.853,0
k1904,85.4283,140.0652,1
k6649,75.6059,72.5431,1
k6747,45.5439,170.0625,1
k2812,83.0692,78.1361,0
k2639,143.2829,307.5,0
k1692,139.79,153.0964,0
k7310,40.302,115.1564,0
k2848,100.8067,102.0061,0
k5056,58.4508,141.5141,0
k3590,90.4489,86.8692,0
k4001,76.5278,275.8754,0
k5461,31.6938,132.141,0
k167,37.6198,93.0336,0
k5644,50.5594,283.9036,0
k4309,41.503,144.105,0
k2093,92.7968,83.6436,0
k5988,56.356,105.1095,0
k1791,130.9809,252.5005,0
k1106,67.1193,80.604,0
k5187,9.3408,99.2837,0
k4632,116.0711,0.0,0
k6091,98.7041,132.1637,0
k758,154.4668,51.7035,0
k4695,120.6255,398.0154,0
k2197,49.5707,485.4083,0
k275,43.0813,71.1354,0
k4032,103.5012,113.5892,0
k6555,53.584,200.1225,0
k7084,122.5612,233.1577,0
k2710,121.837,77.785,0
k3752,21.1009,320.7437,0
k2388,35.4295,210.402,0
k5430,78.7734,55.581,1
k5708,183.3146,88.7426,1
k6757,53.9004,50.6211,1
k5815,62.0846,111.0101,1
k5923,76.3217,73.8326,1
k2261,32.5576,84.257,1
k3381,116.4238,195.7173,1
k4269,66.2118,90.5345,1
k6337,80.9568,105.2331,1
k4646,227.7158,391.2994,0
k2029,940.1707,1097.7561,0
k1949,75.3077,239.4097,0
k3738,74.6073,114.0932,0
k6086,90.1471,0.0,1
k2948,67.4036,99.0568,1
k5383,99.9162,97.5141,1
k6818,84.6301,283.1855,0
k7108,62.8172,225.633,0
k3096,103.1855,0.0,0
k3531,19.4551,105.0762,0
k5650,112.331,413.2723,0
k6917,70.2353,297.1952,0
k1236,121.1249,503.1073,0
k4125,27.8298,163.233,0
k48,73.2069,71.6415,0
k919,59.1143,110.5226,0
k967,92.6499,169.5007,0
k838,31.6267,446.5087,0
k5596,1009.3707,266.6927,1
k1978,162.5769,194.5308,0
k2895,95.2956,198.6064,0
k5110,22.2036,204.4749,0
k929,61.8425,110.3291,0
k5832,51.0221,177.7196,1
k4691,21.36,445.6865,1
k396,48.1923,89.4539,0
k468,24.4591,109.1788,0
k7017,116.5526,116.2723,1
k7217,45.1054,200.0625,1
k4574,46.306,165.0242,0
k5304,8.3815,85.3478,0
k6145,39.7398,97.6281,1
k3049,37.5033,61.3922,0
k3903,9.8615,175.5862,0
k2486,57.0307,311.4161,1
k4606,58.8727,83.1039,0
k2061,91.7824,177.0664,0
k4276,75.3127,95.0842,0
k128,146.4923,282.799,0
k6425,138.5135,200.0625,0
k3467,70.889,76.8651,0
k3495,41.0488,603.4211,0
k3771,54.7837,155.1403,0
k834,70.3651,140.9699,0
k5417,43.9318,59.3001,1
k4315,42.5118,198.7285,1
k7275,64.9942,69.5701,0
k5870,7.5166,51.4782,0
k3638,101.1163,176.2874,0
k5371,53.9004,160.2038,0
k3328,46.0977,78.6003,0
k4913,18.1246,64.7244,0
k1731,66.4248,104.5048,0
k1930,37.0742,183.1898,0
k7364,64.2573,0.0,0
k1562,69.1466,421.4748,0
k2807,32.0975,127.548,0
k2851,66.6877,144.1882,0
k3948,69.5881,141.934,0
k3379,62.6498,130.9208,0
k1293,82.2572,88.0909,0
k3674,48.7083,0.0,1
k3444,101.6489,363.5691,1
k3326,905.6558,1124.984,1
k3573,34.2965,64.7611,1
k1148,49.7016,138.9361,1
k1823,35.6546,329.3543,0
k4803,47.8017,124.6796,0
k351,48.8697,114.6833,0
k7583,26.7675,300.2732,0
k1199,48.7468,73.7445,0
k2622,25.5783,82.4697,0
k3115,118.0381,1124.0143,1
k963,81.5015,179.1382,1
k7080,107.6162,179.0845,1
k6328,111.2048,243.7263,1
k6962,148.9874,197.2777,1
k5983,132.1864,425.7056,1
k7517,126.0198,113.7948,1
k2173,120.0802,331.7699,1
k1848,47.7127,81.8123,1
k3480,82.9608,303.4967,1
k2930,99.1022,194.1604,1
k5860,68.893,144.3468,0
k4329,36.3593,92.0869,0
k1832,13.5093,317.3704,0
k6111,95.8188,249.6127,0
k7575,108.538,121.6481,0
k4313,25.8118,119.5377,0
k1070,27.6812,108.0937,0
k6502,32.28,423.3536,0
k7065,94.7259,148.0008,0
k3163,79.0016,84.0729,0
k2640,34.3111,73.0616,0
k6683,68.469,89.3588,0
k1576,7.0178,197.5057,0
k3761,10.198,901.6041,0
k2865,88.5353,153.209,0
k6348,52.4619,369.1206,1
k1120,23.5478,80.878,1
k3266,84.8999,60.6486,0
k2757,65.7647,210.9247,0
k327,24.1661,421.4647,1
k1411,20.0,163.059,1
k7554,75.2629,56.0022,1
k1631,63.2001,143.6054,0
k3180,83.9836,109.0287,0
k5213,36.7764,87.2955,0
k3022,139.7507,258.5595,0
k4229,48.2701,202.6999,1
k1575,78.4618,10.0,1
k1230,14.2215,29.5169,1
k179,58.5875,109.1444,0
k1565,182.8948,280.5539,0
k5242,24.4131,316.0775,0
k708,65.2993,52.1943,0
k7590,11.6297,534.4645,0
k6505,73.0924,26.6552,0
k5945,50.6063,217.2061,0
k4321,80.3197,269.0376,0
k6314,94.6414,0.0,1
k970,66.4568,314.848,0
k3103,60.9631,199.8912,0
k6809,76.2316,202.5883,0
k3223,31.1328,534.659,0
k6968,59.6657,196.7803,0
k4962,118.6634,695.034,0
k780,57.2931,99.4208,1
k5071,26.6271,244.0184,1
k4868,31.8944,147.0009,1
k5121,138.7813,348.246,1
k4603,126.7212,185.2633,1
k3138,53.7448,358.8248,0
k192,32.2568,192.9696,0
k2010,245.726,564.5538,0
k2403,6.5765,883.3178,0
k1455,77.5145,780.2854,0
k2898,77.0146,221.5277,0
k1191,8.2006,177.0064,0
k3592,44.5028,172.0182,0
k2998,30.9556,191.3165,0
k1646,4.7434,309.1035,0
k4119,14.8071,269.5561,0
k6239,95.6622,95.7405,0
k5769,67.5463,196.1842,0
k4320,83.4865,352.473,0
k2597,86.7828,109.2932,0
k3990,97.3717,0.0,1
k699,61.5406,116.3884,1
k3653,125.0,304.0843,1
k1134,155.1233,386.1768,0
k4554,87.4371,248.6765,0
k7121,158.9851,311.5004,1
k5884,136.2323,275.2199,1
k3720,58.2344,423.5425,1
k607,109.6141,104.9381,1
k5614,35.5985,632.4043,1
k6277,78.7464,122.8587,1
k3690,36.5548,435.5232,1
k6701,39.702,0.0,0
k454,44.8386,142.5491,0
k1371,98.718,708.5134,0
k2619,75.5811,0.0,0
k3682,124.913,181.0028,0
k3369,119.1239,183.4864,0
k1406,73.0924,96.0833,0
k5762,120.8387,299.1927,1
k7181,17.2192,384.5939,0
k6038,22.8035,50.3314,0
k5031,72.8577,275.2063,0
k381,75.4205,203.1994,0
k4015,50.232,316.942,0
k2018,69.4208,61.5183,0
k3479,23.6485,135.559,0
k3627,90.667,83.2721,0
k6459,40.3113,377.002,1
k3684,40.7707,360.6279,1
k3000,46.3303,89.5126,1
k1563,297.8532,251.0428,1
k5517,95.9284,23.0705,1
k4179,89.6131,188.1203,1
k3006,97.6281,181.6549,1
k5297,181.844,359.5598,0
k735,101.8258,114.2464,0
k4872,133.6507,423.5003,0
k4174,92.034,171.2921,0
k3852,50.01,846.0508,0
k1228,68.9148,523.7771,0
k2037,42.9331,0.0,1
k1698,103.0983,330.7329,0
k3904,140.6076,273.27,0
k2253,41.9076,488.5064,0
k4195,94.3319,772.2288,1
k3023,87.7568,433.6104,1
k4447,23.6907,346.5927,1
k4067,10.5119,143.7228,0
k1011,37.4733,113.0531,0
k314,98.5723,180.3607,1
k669,42.8077,101.6673,1
k6162,80.1639,190.6948,1
k6121,60.9118,385.573,1
k4943,75.0417,0.0,0
k3354,93.2872,152.0148,0
k1668,28.5044,0.0,1
k71,58.5854,76.4003,0
k1837,92.0054,196.8972,0
k4014,55.2268,183.1338,0
k7519,143.0044,201.0622,0
k3488,44.0369,505.6108,1
k812,72.7083,117.772,1
k5675,11.5434,354.9704,1
k3290,69.0398,52.6806,0
k4177,76.5065,91.6038,1
k3908,137.5327,472.7433,1
k3985,39.3732,349.1504,1
k3820,96.2873,57.6823,1
k7008,80.5062,103.0946,1
k665,33.0038,210.535,0
k956,143.8376,643.6989,1
k2794,120.7239,288.4588,1
k5473,74.0355,166.1423,0
k3228,71.2776,216.9239,0
k4138,75.4255,232.7767,0
k4549,69.0072,97.5,1
k3075,101.415,159.9539,1
k5820,101.7693,614.6863,0
k3147,400.0153,0.0,0
k6333,59.3317,332.6278,0
k6921,95.5052,150.1949,0
k6843,51.2104,402.4665,0
k3461,63.3285,128.6177,0
k4814,45.1885,0.0,0
k1766,39.6011,59.1798,0
k7314,15.5081,78.667,1
k1567,15.2069,475.3959,1
k3920,37.1618,919.2346,0
k6619,66.8674,72.2669,0
k3827,22.8035,74.2378,0
k6949,72.3136,113.1868,0
k1940,91.5874,351.4872,0
k6096,36.8409,112.5389,0
k4077,90.2358,0.0,0
k6761,101.5443,202.4846,0
k2679,91.7401,250.9308,0
k1697,85.7467,61.1249,0
k7397,106.5129,462.4722,1
k7512,56.1894,599.8687,0
k3375,95.6151,57.0898,0
k1924,132.9662,91.9239,1
k2321,141.6483,238.2315,1
k3686,125.001,749.3659,0
k835,100.9604,213.5843,0
k374,119.708,149.1107,0
k5508,24.1299,467.4497,0
k818,99.9162,0.0,0
k6759,49.0637,239.9568,0
k845,79.0759,72.6034,0
k2147,53.1507,429.4147,0
k2225,76.5261,60.4669,0
k6525,63.4133,144.8491,0
k2862,45.9619,203.0025,0
k1389,75.5993,100.1062,0
k3400,124.7848,113.2751,0
k4201,107.6812,183.6532,0
k5834,30.4015,114.0175,0
k2771,91.214,103.5917,0
k2139,67.5666,124.0494,0
k5504,89.1403,0.0,1
k1222,54.1687,317.6212,0
k830,61.131,152.8864,0
k4483,95.2169,255.0848,0
k2103,45.2355,246.7007,1
k2580,77.8155,169.0044,0
k2643,71.1758,47.3207,0
k3517,45.763,111.1227,0
k2507,16.8077,255.5044,0
k5222,88.844,127.8251,0
k766,33.1436,264.0928,1
k359,219.3245,145.1594,0
k2477,62.3157,135.5775,0
k5271,81.5981,56.0892,1
k6963,67.6702,119.1512,1
k6027,52.3116,45.401,0
k2530,65.0077,94.0811,1
k3763,69.1466,715.3143,0
k968,30.9919,110.8558,0
k5090,38.2688,276.2829,0
k2190,39.9061,288.1189,0
k6547,52.1536,67.2031,0
k6972,35.0036,466.7786,1
k1408,52.5856,210.6899,0
k7059,83.8004,79.1344,1
k1069,106.5188,166.527,1
k4831,98.6015,398.0314,0
k5177,100.7187,274.1573,1
k6925,59.7369,27.7218,1
k7215,90.7083,222.8419,0
k4010,111.6524,198.697,1
k7394,100.4241,20.5061,0
k2850,99.3793,78.4618,1
k4635,61.1903,102.7533,0
k6593,90.5884,146.2395,0
k5678,104.2605,318.624,0
k5357,56.8727,81.6104,0
k3387,156.5,0.0,0
k4253,98.1453,114.0175,1
k7229,29.6057,100.8179,0
k4136,15.0,140.0973,0
k3086,45.853,454.303,0
k3135,66.5676,450.0725,0
k2521,104.2929,84.217,1
k1487,140.532,93.4077,1
k3435,127.06,203.141,0
k421,37.1214,245.0,0
k5547,56.6149,106.5235,0
k2259,91.0673,1006.3332,1
k5318,65.6601,148.1022,1
k4744,45.31,208.0601,0
k2663,66.4906,200.8109,0
k1608,88.2638,150.6196,0
k2210,53.1648,147.2753,0
k4677,80.0156,305.6796,0
k5768,124.6796,434.7419,0
k361,117.3882,133.9123,1
k7202,68.7095,23.4361,1
k1953,80.9089,209.1531,0
k1088,39.702,671.4239,0
k6510,76.2955,113.4251,1
k253,23.6907,0.0,0
k4399,71.5856,102.0943,0
k1439,51.0882,122.602,0
k1566,41.1127,179.959,0
k1805,51.6624,240.1755,1
k5908,28.8141,382.4585,1
k5655,41.3038,54.7951,1
k5196,48.2597,249.3657,1
k2203,84.4349,108.721,1
k3209,154.1825,234.5767,1
k519,94.7008,105.5711,1
k6424,33.0492,548.5002,0
k2396,90.7331,118.938,0
k4799,105.4147,304.8942,0
k285,81.0586,310.3244,1
k5106,27.2809,215.5023,1
k2922,91.6365,0.0,0
k2494,56.8793,246.224,0
k747,66.2816,253.7839,1
k2076,79.3788,153.6953,1
k3037,40.3764,93.8416,0
k4213,145.5764,394.7851,1
k7344,54.0393,110.8885,0
k1644,47.6288,550.3135,0
k1712,58.1743,194.1237,1
k1927,38.0033,265.0924,0
k1677,60.5248,361.8207,1
k4552,53.0519,493.0254,1
k605,100.0562,236.8459,1
k4178,11.7686,473.4052,0
k7170,21.4709,256.5122,0
k5974,78.4618,215.5371,0
k1063,76.7626,153.1878,0
k6964,63.1269,134.6338,0
k3862,159.3989,0.0,1
k4727,92.057,207.8702,0
k5958,36.8409,105.5047,0
k6486,60.9118,149.459,0
k1443,173.693,457.3513,0
k3530,48.7083,134.5232,0
k5120,57.2189,112.661,0
k1009,80.7666,200.6801,0
k3919,33.712,172.8504,0
k5493,71.8053,824.4387,1
k4373,58.0539,203.3624,1
k5285,99.4585,104.2017,0
k3004,101.8455,223.1098,0
k5240,26.4055,182.6588,0
k4942,87.1005,125.7309,0
k3148,86.1177,446.1852,0
k1705,92.3066,349.6159,1
k1928,81.2604,309.5933,1
k4634,70.1445,97.0322,1
k7245,44.1616,161.4102,1
k4471,43.3503,430.3045,0
k4824,36.7865,159.803,0
k7393,53.0377,0.0,0
k2562,106.265,753.9504,1
k2790,50.9828,229.0775,0
k8,82.6831,99.1073,1
k6440,71.5996,269.0116,1
k1046,110.354,635.4577,1
k7027,76.896,58.1227,1
k5772,92.1805,208.8373,1
k7274,6.8007,383.2039,1
k643,93.2751,177.8145,1
k4750,99.4309,125.1259,1
k1854,52.4047,880.3602,0
k986,55.0568,92.0448,0
k7237,67.7532,87.122,0
k4878,54.5092,72.5017,0
k5390,55.7315,104.561,0
k869,42.1723,115.8123,0
k563,193.1864,726.654,0
k5148,97.0168,358.9596,0
k4184,91.6106,233.2349,0
k5420,119.7675,146.8681,0
k5588,97.1815,805.7745,1
k7412,42.547,0.0,0
k2586,52.4238,212.9842,0
k1684,58.6941,195.0519,1
k5533,48.9923,326.974,1
k1357,63.0099,525.1726,0
k6762,67.9577,81.2804,0
k2393,38.4708,179.747,0
k6966,29.2746,230.895,1
k2534,101.5603,201.0603,0
k4525,34.5398,109.5046,0
k243,35.4295,765.1283,0
k2894,104.969,323.7132,0
k5981,90.1388,142.8863,0
k5653,96.4326,543.5301,0
k2217,71.5437,110.6526,0
k914,84.5059,125.6433,0
k2789,58.5342,108.0289,0
k797,66.6202,110.6368,1
k4614,28.3769,809.7711,1
k4192,22.8528,112.5178,0
k437,16.5076,356.1685,0
k2452,93.5214,138.0226,0
k4967,69.9214,397.305,0
k7552,151.0033,283.4806,0
k7516,156.5032,208.1952,0
k5104,60.7063,76.6322,0
k5293,67.7588,238.4722,0
k3650,166.0369,607.0908,0
k3578,89.1361,115.8285,0
k4915,82.0549,454.5025,0
k1005,55.5,102.511,0
k2410,73.0839,112.1606,0
k3553,74.3186,169.5029,0
k6492,140.5036,383.4795,0
k3769,64.3467,0.0,0
k1307,234.8111,621.5002,1
k283,72.2011,63.1447,0
k6313,73.7462,221.6309,1
k1672,149.413,187.0541,1
k7249,141.5035,256.0176,1
k4359,79.2465,95.0224,1
k298,97.6844,164.8006,1
k3654,148.5034,269.0297,1
k2134,89.8568,610.6685,1
k2773,70.7549,278.4044,0
k52,94.6322,263.9555,0
k7327,22.6108,244.2048,0
k1409,118.7697,218.0573,0
k3795,50.9166,103.8472,0
k4035,107.4209,223.7856,1
k3385,62.002,114.5044,0
k87,23.0326,295.7047,0
k3136,43.5,140.5889,0
k3074,50.3016,134.1641,0
k5146,55.0091,633.6981,1
k4811,7.0711,327.112,0
k6198,132.1003,252.6267,0
k915,48.5103,142.5877,0
k4121,8.0156,88.0057,0
k5790,97.8174,161.6114,0
k2615,26.1008,25.8118,0
k4286,55.084,189.0298,0
k7465,168.0476,197.6259,0
k497,62.2274,299.6352,1
k1032,170.3555,236.5338,1
k7161,54.8657,161.038,1
k6914,126.9212,752.7008,0
k2081,65.2993,569.5184,1
k774,75.2396,538.1889,1
k2820,84.0788,211.9104,1
k4122,16.6208,133.5758,1
k5074,100.5199,134.1808,1
k3287,54.5206,88.1717,0
k3821,79.6273,77.0406,1
k4623,78.6384,387.3619,1
k549,43.2897,329.7764,1
k2238,71.5891,121.878,1
k3710,71.339,116.0172,1
k5313,24.5204,158.4653,1
k2441,27.2259,89.5237,1
k5595,59.4243,120.7653,1
k1430,51.0416,139.0,1
k7421,68.0294,158.749,1
k69,81.6241,534.8724,0
k7534,19.4743,55.599,0
k5325,24.1868,70.9102,0
k7293,58.809,138.153,0
k3318,44.0454,103.3562,0
k5415,41.3824,68.2495,0
k2456,35.0,59.7097,0
k7180,87.9318,547.0448,0
k6736,47.1301,198.0511,0
k2626,50.4207,106.4249,0
k4388,79.6775,114.5535,0
k4454,53.1601,68.4124,0
k357,89.4707,624.838,1
k5867,121.1487,180.1,1
k1817,67.309,167.1743,1
k2086,93.4893,125.004,1
k4148,121.7631,97.3255,1
k3496,105.0762,185.7969,1
k4738,88.8608,838.5335,1
k55,48.0885,91.3085,1
k6953,86.3148,95.4529,1
k4589,59.785,80.6877,1
k4918,82.4576,103.0012,1
k4331,110.92,150.5075,1
k6698,27.9016,147.5025,1
k1184,34.6302,77.4209,1
k7306,53.956,274.0,0
k939,177.0537,257.0311,1
k2658,90.7579,771.8654,1
k7427,135.1758,756.6033,1
k3043,254.0871,151.7934,1
k1762,101.115,0.0,0
k4360,42.9913,219.9892,0
k242,53.956,462.1558,0
k6451,79.6571,421.9328,1
k3365,13.6565,368.5919,0
k6890,112.5444,0.0,0
k847,31.004,363.3098,0
k4375,26.4764,77.3596,0
k1435,151.9581,741.5153,0
k2588,72.8577,409.1314,0
k3305,78.1425,230.9816,0
k3537,71.9253,385.5081,0
k5480,31.7844,172.9169,0
k520,48.3141,0.0,0
k7023,69.857,425.2064,0
k4376,77.5387,0.0,1
k2080,61.5873,264.6531,1
k4505,220.5,454.437,1
k3909,69.7316,87.7568,0
k4273,13.0863,541.4596,0
k7063,38.3275,205.5006,0
k5941,65.4714,149.6011,0
k2956,75.0816,249.3657,0
k1082,21.1009,224.5674,0
k404,30.6023,630.914,1
k1517,39.0128,225.8462,1
k5136,56.932,374.0655,1
k5546,45.722,132.8053,1
k6009,70.0179,161.3079,1
k5203,99.0316,621.8637,1
k1879,31.4682,246.1549,1
k1977,30.7002,90.5884,1
k1465,61.792,182.3417,0
k4187,77.6611,218.7521,0
k6783,92.5648,299.8754,0
k6035,52.0024,290.4385,0
k4709,71.2776,181.965,0
k6429,119.2361,235.0191,0
k6678,67.2402,199.7029,0
k7278,55.4617,469.3149,0
k955,55.6103,117.7763,0
k5880,46.9308,239.1025,0
k3744,88.4604,325.6275,0
k1881,188.7651,507.5355,0
k4074,52.0433,165.339,0
k5569,56.0022,128.1327,0
k1534,92.0014,751.5585,0
k1458,88.5056,169.5007,0
k5171,57.6303,238.5886,0
k7263,60.7968,115.3917,0
k6884,41.0761,154.8233,0
k3410,33.0,75.738,0
k7174,103.0643,496.7809,0
k4583,115.2964,0.0,1
k4994,77.248,105.8702,0
k1790,75.1083,269.5297,0
k1781,137.99,220.096,0
k6777,65.1959,172.0589,0
k4886,140.9113,643.5441,1
k6449,105.5047,210.0214,1
k7041,92.1954,216.0208,1
k136,45.8803,109.6734,1
k2866,116.2422,76.2529,0
k1464,66.2212,252.5045,0
k3019,19.4165,704.5002,0
k4540,20.7183,204.5807,0
k3878,91.1002,563.838,0
k4428,11.4237,122.5439,1
k7594,41.5482,176.6529,1
k1669,50.6187,130.3467,0
k2249,88.6707,84.4423,0
k5268,180.5997,335.226,1
k3695,71.395,75.0816,1
k653,10.8167,182.5062,1
k2946,28.8487,584.8216,0
k5620,74.6726,296.1271,0
k5211,36.4726,87.7852,0
k362,44.8386,254.6419,0
k2155,127.5627,93.1034,1
k1103,51.4198,195.3164,1
k1330,63.8161,172.0356,0
k958,46.0435,118.5591,0
k5149,82.7179,106.0189,0
k2553,71.2899,186.5905,0
k1177,44.3199,109.638,0
k5869,51.6188,161.9359,0
k1720,79.3095,116.5204,0
k6487,41.5482,168.0186,0
k7479,21.5232,144.5545,0
k2802,68.884,70.5868,0
k3541,122.2957,260.44,1
k7385,42.2404,183.5007,1
k5683,143.5009,803.5006,1
k1158,187.6706,86.2047,1
k261,38.5811,196.7905,1
k7346,22.1416,82.5136,0
k7321,19.4743,187.3019,0
k2541,48.5026,80.878,0
k3668,69.029,130.0615,0
k3859,52.469,266.77,0
k1123,105.8017,342.2663,0
k2034,85.8429,723.3072,0
k1955,62.9484,290.1556,0
k5937,127.548,159.0574,0
k2940,111.9565,122.8993,0
k4975,79.6947,590.4744,0
k5791,133.874,173.5065,1
k7269,36.5,196.8076,1
k4264,56.6789,148.5842,0
k2923,85.1469,177.7034,0
k5033,77.5403,158.5386,1
k4358,75.804,164.5615,1
k1654,76.3217,136.2736,1
k3,22.1923,794.308,0
k1652,108.1157,136.5586,1
k545,82.6075,116.0873,0
k4043,96.2938,124.4639,1
k1528,79.33,657.3197,0
k1627,68.0074,103.7039,0
k4953,75.015,100.5796,0
k3398,59.7704,482.2287,1
k1083,45.511,132.0606,0
k6186,63.8318,103.0594,0
k3062,39.3573,99.5301,0
k6344,62.0846,307.0916,1
k4499,47.4605,126.6689,0
k208,58.5534,122.0092,1
k6742,66.8973,0.0,0
k1354,45.9837,148.5135,0
k5842,27.0416,96.5117,1
k898,28.2312,357.1589,1
k1062,73.7055,103.6738,1
k1141,74.2159,175.1471,0
k6457,125.3924,662.9874,0
k2740,18.6682,157.035,0
k4419,72.0156,162.0903,0
k5497,44.5337,124.6044,1
k5224,39.9249,45.853,0
k4863,72.2305,252.1081,0
k3267,107.5941,123.3086,1
k2945,79.267,822.6896,1
k5963,84.257,68.469,0
k884,84.1487,218.8293,0
k2749,73.8394,129.1395,1
k6531,35.0321,90.8102,0
k1087,38.0132,104.3887,1
k30,56.1805,293.3108,0
k3262,60.6671,199.2185,0
k2230,57.8468,213.4391,0
k6723,128.8148,612.7424,0
k4530,17.9234,187.4166,0
k4921,26.6177,266.62,0
k7442,77.4661,440.3479,1
k1338,43.0465,146.4189,0
k5479,67.1361,121.1033,0
k199,93.086,62.5879,0
k6472,53.3971,92.6998,0
k900,139.866,0.0,0
k7288,207.2993,282.438,1
k4156,48.6338,621.8957,1
k5279,57.1183,48.1274,1
k6072,75.1332,114.7661,1
k2844,50.01,133.0423,1
k2329,103.2049,341.0367,1
k7044,49.8623,111.6121,1
k5317,42.5118,181.2236,1
k7406,70.9524,145.1981,0
k2695,6.8007,235.604,0
k6414,80.6257,134.0233,0
k7179,86.7208,589.8782,1
k6610,111.0158,157.334,1
k181,52.9245,223.0807,0
k6075,88.5438,165.4358,0
k1600,41.0366,50.4009,0
k6199,38.1084,204.0098,0
k3945,107.6894,172.529,0
k1932,16.9189,126.8671,1
k6321,56.7208,142.4254,1
k1750,48.8262,152.4549,1
k1612,86.5361,848.6849,0
k3383,99.5314,149.6103,0
k4220,66.2212,228.6974,0
k2841,88.8172,138.7309,0
k316,37.855,117.3084,0
k3857,98.5114,135.1758,0
k4437,50.1523,177.2907,0
k2498,24.0416,0.0,1
k1851,97.7471,352.23,0
k2448,39.9656,87.57,0
k1150,5.7009,347.7963,0
k5865,77.0016,216.9453,0
k4768,77.8412,258.0891,1
k3440,25.5196,144.0868,1
k6926,41.9315,100.5199,1
k6043,10.5119,116.5204,1
k2439,94.7589,165.5113,1
k182,60.407,199.0226,1
k426,122.6795,381.9453,1
k5025,53.7448,83.7257,1
k6428,39.0128,47.9296,1
k5724,82.2192,107.6708,1
k2680,40.2523,418.7317,0
k1284,57.4913,199.0157,0
k3032,55.4707,134.0755,0
k5995,42.9796,166.8682,0
k6741,74.2647,134.7368,0
k1923,51.923,170.913,1
k3482,125.6155,173.5029,1
k4055,47.8017,873.9637,1
k2338,75.6439,228.8154,1
k142,81.4079,275.3271,1
k2855,31.4841,318.4168,0
k2924,53.2189,142.5351,0
k7184,48.8365,112.5544,0
k3875,74.9083,197.0971,1
k1664,32.2684,542.6272,0
k4455,39.6295,56.1427,0
k645,35.5844,200.5224,0
k2256,98.7244,197.6088,0
k6514,51.0025,416.5948,0
k1393,1088.3516,1453.2072,0
k2354,55.491,300.5703,0
k233,58.5769,332.6718,0
k4985,3.0414,138.5442,0
k4409,84.1204,148.0034,1
k4671,89.1586,393.0919,0
k1730,49.2392,735.3533,1
k2183,133.0122,86.6487,1
k3661,42.8544,209.5865,1
k7270,14.8661,167.1743,1
k3104,47.8774,0.0,0
k2082,107.8239,294.3331,0
k3378,92.5338,229.5196,0
k4463,32.0156,107.2287,0
k5795,26.9072,210.5053,0
k3181,122.5612,181.8378,0
k4524,117.0235,647.5,0
k6823,94.0651,389.7708,0
k1571,80.5761,89.1866,0
k2684,144.8741,224.3819,0
k2198,65.2993,0.0,0
k1007,81.0015,89.6131,1
k4150,107.0047,130.5613,1
k4065,49.93,230.5195,1
k2828,92.4905,288.3834,1
k3315,95.2733,697.0088,0
k7540,112.3755,215.0593,0
k4228,107.5105,123.5364,0
k2563,74.4799,285.3769,0
k3429,60.5826,165.7739,0
k3490,43.4885,650.0325,0
k251,60.3366,99.0316,0
k2554,77.7817,339.73,0
k6552,12.3491,179.0112,0
k7016,76.4853,506.9795,0
k4792,61.502,477.256,0
k1902,79.712,93.5481,0
k4310,23.7171,41.9762,1
k228,65.4866,184.4587,1
k6090,3.1623,680.3178,0
k1947,57.2647,90.6091,0
k5484,36.2664,83.5374,0
k4354,65.5172,0.0,0
k322,79.5629,283.7781,0
k1656,65.622,157.2895,0
k3995,24.6272,290.3812,0
k7247,65.6087,86.9669,0
k7345,38.0132,89.237,0
k3416,112.5,567.5795,0
k7598,56.5685,75.4603,0
k4146,125.3236,374.4389,0
k1659,33.4701,212.5847,0
k2517,69.9089,36.5548,1
k3225,162.1496,0.0,0
k1160,105.9965,284.5861,0
k2963,75.5844,104.1933,0
k1105,76.6045,93.5535,0
k7443,58.9173,529.7955,0
k7221,101.7214,289.5155,0
k2053,51.3249,294.7563,0
k5895,159.7975,120.5498,0
k2493,85.3756,413.4834,0
k7298,43.1856,272.3417,0
k1557,102.06,36.868,0
k5898,88.6411,715.4658,0
k1001,60.9262,304.7971,1
k4651,64.438,152.2104,1
k2772,46.5242,201.7734,1
k816,62.2776,639.0618,0
k177,50.0625,481.1138,0
k2840,35.3871,119.9177,0
k2148,12.0,467.0043,0
k2977,102.2595,248.582,0
k1937,119.0011,124.904,0
k4981,95.5314,566.7241,0
k1171,66.0019,113.6101,0
k3727,75.4255,187.8224,0
k2383,58.9936,473.6465,0
k3880,43.2926,177.1588,0
k286,25.02,0.0,0
k5647,48.3839,52.1392,0
k90,173.4013,393.0385,0
k1164,60.3925,100.4502,0
k1333,15.8902,111.4473,0
k1266,112.0814,482.0664,0
k2138,16.3478,175.6595,0
k5522,68.5164,375.5163,0
k457,10.1242,433.8093,0
k4394,71.8418,37.8319,0
k1179,61.2944,98.4594,0
k1356,57.7603,211.5,0
k7375,75.7925,188.006,0
k2457,63.9414,177.9396,0
k5066,84.5355,171.0468,0
k34,26.4008,0.0,1
k7533,66.7533,394.3796,0
k2644,58.8069,261.6911,0
k2100,140.788,185.6946,0
k4934,15.1327,271.5005,0
k7404,41.5271,717.2247,0
k2350,99.505,219.0365,0
k7329,89.3155,90.5124,0
k163,90.1388,356.6546,0
k5471,43.5718,140.1749,0
k1100,21.9659,451.6949,1
k279,57.4674,55.6597,1
k3332,16.14,52.7376,1
k3417,28.0401,141.508,1
k4450,62.572,218.8024,1
k3977,42.0268,464.7819,1
k5818,49.2392,55.491,0
k2795,147.2753,518.5241,0
k266,97.4641,116.5043,0
k5565,105.1487,217.1687,0
k6481,69.6796,109.6586,0
k3449,104.7485,597.2441,0
k2958,34.7311,158.2024,0
k6423,32.9317,584.2929,0
k3468,54.5642,0.0,1
k168,105.5746,345.8949,0
k7458,95.0329,279.8272,0
k4531,108.6658,196.0638,0
k6955,57.4891,75.2629,0
k2078,50.6211,247.5727,0
k844,85.3288,333.0323,0
k7460,57.9245,95.2575,0
k6448,24.6221,87.4643,0
k7096,16.7705,117.0171,0
k4968,45.853,344.0124,1
k6192,21.7083,173.598,1
k6667,58.6366,112.0179,1
k4045,75.0417,133.9039,1
k4152,56.5442,192.5526,1
k1728,36.0451,142.6403,1
k38,104.1393,456.7631,0
k1370,38.1182,135.9871,0
k2267,145.3109,261.5808,0
k6483,15.2398,238.1344,0
k6411,14.151,194.5925,0
k5401,139.2157,642.5553,0
k833,109.5822,211.0148,0
k161,65.0404,255.6956,0
k6189,78.0577,130.8625,0
k4000,45.2217,448.1166,0
k2489,69.78,0.0,1
k5809,55.109,480.8807,1
k6375,58.1055,341.7868,1
k4585,93.0013,238.6179,1
k6840,112.0279,503.5717,1
k935,13.7295,117.4266,1
k5335,33.9559,148.6893,1
k88,95.6883,253.0494,1
k6060,59.5336,140.788,1
k3403,17.0294,707.259,0
k5116,16.3783,191.3459,0
k5324,62.452,245.2494,0
k5560,30.3727,80.6551,0
k3745,161.5008,344.6175,0
k5125,41.7433,167.7155,0
k1493,60.1041,78.5143,0
k6841,34.6591,122.1239,0
k3447,45.2604,105.9292,0
k4340,61.5325,213.758,0
k2187,21.691,247.767,0
k839,53.9838,185.6192,0
k5200,119.9604,223.0454,0
k6595,31.0161,73.0924,0
k4956,20.8087,285.5039,0
k4408,38.3308,141.4655,0
k1283,114.0055,0.0,0
k3458,57.5847,168.7965,0
k6383,52.7944,61.0184,0
k5248,83.3847,127.5353,0
k6951,42.4382,158.5008,0
k465,72.0069,656.0949,0
k24,108.462,116.8471,0
k730,36.2215,79.1344,0
k6906,41.0488,211.2865,0
k1637,18.0278,62.3939,0
k7441,130.5613,689.8371,1
k6209,25.4951,38.9391,0
k4564,30.4015,119.4508,0
k5978,27.2259,398.6289,0
k7240,83.8048,130.6771,0
k2753,165.0651,477.9838,0
k646,81.6165,82.5303,0
k7287,39.3192,186.6447,0
k3119,72.8097,420.9825,0
k1946,94.1608,621.3445,1
k2265,89.0351,178.5175,1
k3337,65.1556,307.0818,1
k3716,122.7538,277.8282,1
k5977,55.0091,79.1344,1
k1515,68.4854,395.1433,1
k5719,70.4716,367.6088,1
k1045,11.4018,276.1309,1
k1432,112.361,57.0,1
k172,27.0185,176.1817,1
k125,126.2785,721.7579,0
k5964,29.6816,185.632,0
k487,14.1156,169.0399,0
k1699,49.135,171.0592,0
k72,33.5336,127.1633,0
k4436,57.3629,121.064,0
k1507,15.5322,53.5093,0
k2698,384.0963,0.0,0
k5904,36.6742,98.6332,0
k3370,22.8254,105.5426,0
k554,46.2088,186.8241,0
k4658,68.6167,155.1362,0
k2531,111.9431,293.5209,0
k5208,37.7127,141.5141,0
k5315,47.0239,363.5994,1
k13,38.9391,109.573,1
k5578,94.2669,271.914,1
k4693,103.2594,435.3323,0
k4682,112.865,531.0202,0
k2595,31.4006,198.2738,0
k2573,48.3037,757.8709,0
k2038,122.0092,140.4608,0
k3838,215.3938,872.8717,0
k5721,80.5683,529.279,0
k2446,25.0,309.1092,0
k3770,74.6676,154.0008,0
k4699,14.5602,451.5377,0
k7006,46.7787,42.5735,0
k2638,163.7834,196.6246,0
k5599,116.0711,311.5064,0
k5694,72.1543,436.9751,0
k1342,41.003,76.6632,0
k5155,71.2057,269.6702,0
k7569,70.1231,159.803,0
k4680,53.1907,499.5928,0
k2632,18.1728,36.3456,0
k3268,113.6354,112.2553,0
k7072,109.532,426.6075,0
k246,10.0,207.9483,0
k959,57.7862,289.3596,0
k4203,155.2683,241.8703,0
k470,42.1456,29.5042,0
k647,70.1231,141.718,0
k5038,69.5701,185.5007,0
k1018,26.9119,200.5006,0
k1551,17.2192,53.1154,0
k2694,83.0136,617.4079,0
k4939,97.0,195.523,0
k2250,21.5,66.1154,0
k5635,11.4237,137.5736,0
k5939,65.2706,163.5069,0
k570,33.3654,143.7611,0
k391,114.9978,605.0052,0
k2585,27.1708,250.7638,0
k466,34.6157,81.0386,0
k6831,94.6177,185.597,0
k2258,32.6267,195.6847,0
k4609,67.9154,852.1367,0
k6147,49.2164,103.2049,0
k628,9.6566,251.0717,0
k4421,80.1639,207.6018,0
k603,36.5034,54.7768,0
k891,49.6236,328.7906,0
k5657,61.7778,138.8254,0
k1883,67.9117,241.1001,0
k5993,37.5932,72.4189,0
k1628,66.4078,93.6082,0
k6780,56.4469,100.0312,0
k6687,45.1248,549.4129,0
k1247,34.6302,100.3195,0
k5888,91.9239,291.776,0
k5819,40.0281,142.0,0
k5241,61.2883,122.5653,0
k1203,60.7454,142.9633,0
k1732,75.1881,0.0,1
k2544,42.8632,239.0758,0
k3424,51.4636,238.8812,0
k903,30.6023,184.6145,0
k5431,53.0212,68.6477,0
k4501,41.9672,137.5327,0
k2481,50.6211,59.0085,0
k7348,87.1321,139.858,0
k2737,163.0529,733.0921,1
k7331,75.1066,232.5005,1
k5340,65.3242,107.2287,1
k115,21.8289,346.0231,1
k6252,58.8558,0.0,0
k5872,24.8244,75.2014,0
k3408,116.6898,261.2317,0
k2328,55.2268,52.0433,0
k4800,55.0818,154.5073,0
k2054,99.5904,513.6295,0
k6641,50.2245,414.2855,0
k4706,86.7655,189.3198,0
k6775,79.4292,407.2386,0
k6997,74.3858,167.5478,0
k4342,65.192,191.0792,0
k3514,41.4638,143.2,0
k1385,5.2202,628.7394,0
k5601,38.8104,50.7666,0
k6062,16.3248,363.2509,0
k4582,80.1655,330.9082,0
k4850,127.3931,625.0588,0
k566,33.5932,221.382,0
k4537,145.833,547.7958,0
k6696,72.0781,336.0238,0
k5833,92.9422,291.8399,0
k5607,18.5068,74.049,0
k5758,90.4268,324.5385,0
k5929,68.6913,0.0,1
k2352,74.5453,280.6443,0
k5343,13.0863,92.6094,0
k141,22.8528,139.5323,0
k7200,70.2157,98.5013,1
k6174,41.6473,114.0099,1
k5288,20.025,93.0121,1
k7340,55.0568,125.8014,0
k5891,49.5202,204.4798,0
k949,44.2041,113.1592,0
k6958,62.566,165.128,0
k4602,55.0205,167.5381,0
k5368,64.5,0.0,0
k1764,79.712,250.0605,0
k6583,46.3816,104.7688,0
k3174,24.3516,480.6376,0
k4572,56.7737,154.707,0
k3316,37.1652,97.2522,0
k573,138.3808,778.0214,0
k3130,113.0177,357.6468,0
k1313,84.0134,132.0237,0
k2334,119.6432,173.693,0
k1301,45.0999,148.3122,0
k1770,18.527,474.3113,0
k3818,41.7732,369.5487,0
k7524,14.3003,184.5704,0
k460,80.0812,148.6556,0
k886,27.9732,343.6313,0
k4202,69.7227,188.0219,0
k3993,43.203,181.2988,0
k2982,109.638,718.9885,0
k7336,70.2318,235.1436,0
k1524,79.0,158.5788,0
k2915,27.5,0.0,1
k5917,23.7118,243.6047,0
k206,54.4243,93.6082,0
k1477,71.6327,344.5236,1
k65,64.2806,201.6358,1
k7158,62.9623,103.5012,1
k1918,61.6644,449.3,0
k2361,48.5618,122.0256,0
k5511,62.6997,185.2701,0
k7367,33.5336,107.0946,0
k499,31.004,118.0519,0
k2028,89.0505,471.465,0
k5587,40.0281,78.5255,0
k4539,50.1523,67.7422,0
k7434,40.5123,98.1644,0
k2932,36.6947,78.2768,0
k4937,42.4264,255.5905,0
k5697,40.7707,315.6759,0
k1073,45.9619,0.0,0
k7566,35.6721,260.5,0
k3569,133.9944,221.5812,0
k1029,55.0364,116.5869,0
k7435,35.4401,166.0098,0
k6501,65.622,167.9472,0
k1481,74.7061,147.0459,0
k2784,77.0,100.927,0
k3816,56.5796,91.2277,0
k6873,118.5169,218.0052,0
k1759,79.9531,102.7035,0
k1242,36.4177,50.3438,0
k3441,69.2261,314.8575,0
k3967,40.9207,160.3753,0
k3625,67.5074,214.5839,0
k1604,132.6216,228.6941,0
k2042,85.2115,91.6652,0
k3214,114.1271,122.001,0
k6233,45.9619,365.2684,0
k5282,71.2776,371.571,0
k3645,107.28,441.5484,0
k6682,113.2795,138.5938,0
k1091,57.0088,0.0,1
k3469,82.9729,560.0116,1
k5557,84.2511,216.0214,1
k6763,89.244,366.1291,0
k6711,45.7739,129.5782,0
k1800,47.2784,132.3414,0
k2682,58.5854,239.2749,0
k6562,64.1327,172.8381,0
k6108,31.197,136.4441,0
k6013,82.6105,379.9872,0
k981,46.5242,50.4505,0
k7557,72.1284,114.0702,0
k3994,50.324,301.5879,0
k3460,91.0824,207.5795,0
k3624,84.0773,345.167,1
k677,200.1599,327.3912,0
k1039,27.0185,191.8463,0
k2655,25.894,126.4367,0
k5388,28.7924,188.2691,0
k5456,32.2064,57.9741,1
k202,111.4271,0.0,0
k4389,47.0106,701.428,0
k587,71.5891,115.8296,0
k2051,31.1207,272.4133,0
k7363,95.1972,242.0976,0
k3101,35.7001,290.7116,0
k1642,28.3637,107.6673,0
k4885,73.2547,571.4169,0
k1324,34.6302,112.8716,0
k3243,25.3476,192.7077,0
k6971,66.9645,136.533,0
k3065,45.2355,128.0088,0
k829,26.5754,515.9075,1
k3363,48.7647,72.6395,1
k6210,118.0011,174.7069,1
k1760,13.2853,278.0112,1
k3550,57.743,635.0185,0
k4620,46.9521,307.7873,0
k3128,56.0357,258.1342,0
k6623,125.077,279.4875,0
k7379,32.8976,895.1633,0
k5168,31.217,1227.8477,0
k77,63.1229,0.0,0
k7227,62.8371,368.4461,0
k5020,44.0028,249.1586,0
k4372,102.9138,140.5569,1
k1945,45.511,184.5434,0
k5232,100.6541,175.6822,0
k248,44.78,108.8726,0
k6838,52.2015,139.4104,1
k1303,59.6343,296.6243,0
k1373,96.6398,33.6341,1
k6141,83.506,296.551,1
k5457,58.2344,157.7633,0
k7400,62.6039,502.4326,1
k1767,25.9471,271.8993,1
k3335,56.0803,37.1248,0
k4989,109.2577,538.4424,1
k5716,137.1022,184.0849,0
k6164,35.9201,142.1452,0
k7268,63.561,615.0246,0
k6524,158.7018,828.0257,1
k1727,121.6563,206.5188,1
k2890,80.025,337.4733,1
k5197,55.2268,91.4945,1
k4917,19.9249,95.1893,1
k892,115.5173,408.3754,0
k954,61.5081,197.5664,0
k6296,16.3248,318.0098,0
k813,96.7187,490.5928,0
k503,46.1736,300.6996,0
k4947,64.3448,0.0,0
k1862,44.5786,236.5005,0
k6103,80.6381,796.2401,0
k3139,61.9698,142.7953,0
k2833,37.977,208.4017,0
k5333,57.5196,172.1547,0
k7271,4.6098,282.9629,0
k3503,67.2309,209.5024,0
k1986,57.1774,128.6585,0
k6863,36.3456,410.5049,0
k3519,181.8969,399.7312,0
k4433,72.5603,256.002,0
k1695,53.782,130.5153,0
k3229,27.2259,216.3059,0
k3184,71.486,181.1353,0
k6813,44.9138,0.0,0
k7556,70.0,98.971,0
k46,47.3973,73.9814,0
k5207,92.7793,234.8537,0
k2620,283.8706,308.1416,0
k6634,114.6571,134.5929,0
k5953,162.0933,127.0482,0
k3585,48.5232,76.8668,0
k309,36.4177,99.6318,0
k2608,74.5268,0.0,0
k7203,36.3112,207.0151,0
k6161,49.3077,151.0828,0
k2621,29.9666,411.5368,0
k7527,58.6963,164.6003,0
k6705,4.0311,211.0095,0
k272,21.2603,690.704,0
k6171,33.444,74.0827,0
k2732,43.2926,96.3379,0
k3657,80.514,178.0709,0
k97,77.8621,260.5581,0
k4467,64.5,131.6938,0
k6893,34.6302,155.046,0
k6938,45.2134,225.633,1
k5652,65.192,252.448,0
k5223,25.1048,147.589,0
k6292,33.2415,171.2921,0
k5166,46.4462,219.7755,0
k7580,36.9628,174.5029,0
k1564,73.6699,195.6074,0
k3547,12.1758,442.5636,0
k4798,66.1287,41.5482,1
k5843,7.9057,204.0496,1
k5852,63.4547,267.6476,1
k3635,30.0167,109.5468,1
k1436,52.6118,154.9298,1
k2401,66.8169,119.8019,1
k1480,51.0906,182.3897,0
k2482,53.8354,168.2974,0
k2069,73.7987,449.1116,0
k4754,27.2259,849.8059,0
k4756,46.8108,51.12,0
k288,41.0122,99.3642,0
k918,60.0333,598.312,0
k7075,69.3271,92.7793,0
k7445,63.4133,72.0156,0
k6637,137.5545,135.0037,0
k7246,71.402,323.687,0
k5084,71.1073,156.3873,0
k1403,88.132,406.2182,1
k6772,137.9275,0.0,1
k2527,160.9301,425.7758,0
k3918,81.1249,307.197,0
k4060,90.6973,77.2431,0
k7051,60.5,126.4951,1
k3598,91.4166,270.5818,1
k3292,73.5697,147.7168,1
k2165,67.7956,110.0284,1
k5802,59.7369,132.1599,1
k4281,18.4391,178.7177,1
k373,60.21,145.6271,1
k7291,90.9189,784.7716,1
k406,22.8473,0.0,0
k4189,48.2105,348.7496,0
k4461,56.9232,48.6621,1
k6021,78.6527,138.0154,0
k1321,43.3503,96.8401,1
k3173,37.4066,744.3242,0
k2987,51.7421,325.5061,0
k3059,49.679,0.0,1
k3286,51.1297,146.9022,0
k784,48.0937,132.1968,0
k4123,23.0489,302.0141,1
k3734,74.049,745.2962,0
k6294,31.0161,138.6001,1
k3646,215.2324,96.7187,0
k5664,59.0445,237.1708,0
k3579,20.6519,97.2947,0
k4855,73.3553,344.5033,0
k4041,75.6257,55.3195,0
k2558,25.632,0.0,0
k2995,49.0026,292.1823,0
k7265,56.0022,159.5306,0
k2302,26.0768,160.0578,0
k1431,62.2615,131.2345,1
k765,35.7841,88.6242,0
k4291,31.5793,308.6118,0
k5249,33.234,427.3479,1
k3779,103.2049,186.184,0
k1135,69.3776,156.5966,0
k5189,356.806,0.0,0
k4963,73.0154,505.004,1
k5329,29.1548,110.6345,0
k2957,71.4703,205.1195,0
k250,28.7141,111.8928,1
k6304,37.3263,210.4198,1
k3505,62.8371,242.0331,1
k4452,85.4283,138.5081,1
k1722,60.5516,550.49,1
k1799,133.3042,273.3629,0
k1215,49.8623,543.1429,0
k3796,78.0401,210.2439,0
k3545,40.5278,312.5784,0
k5717,6.1033,123.5658,0
k2,113.0365,573.9872,0
k3812,47.8174,505.1309,0
k5259,44.0028,540.389,1
k1147,88.2836,532.5601,0
k604,88.3997,26.5047,1
k6387,58.1249,252.3846,0
k379,40.611,76.2053,0
k3941,91.9239,142.4307,0
k3118,81.8413,204.1378,0
k6596,74.0017,306.945,0
k618,68.7786,544.4897,0
k1232,97.2754,147.3516,0
k3324,28.4693,0.0,0
k732,52.7376,209.0293,1
k1802,64.3273,288.3401,0
k5515,127.3892,431.196,0
k2614,86.4653,257.5587,0
k3407,105.5888,642.9483,0
k4474,88.459,99.0454,1
k1806,65.4618,61.4837,0
k42,39.5601,85.2482,0
k410,44.5225,69.3271,0
k6554,139.0009,274.5656,0
k4046,80.7357,268.8438,0
k1615,54.0833,110.269,0
k3986,62.5979,225.7,1
k2860,74.0355,29.4109,0
k5482,189.7637,130.852,1
k3392,40.3113,181.2078,0
k4628,32.6841,299.4015,0
k6932,41.5482,302.0981,0
k278,54.037,168.5141,1
k6969,47.5421,362.1995,1
k4429,60.3013,169.1686,0
k6392,66.017,249.3842,1
k2246,77.2528,172.6101,1
k5064,40.5123,516.8426,1
k976,27.7714,758.9193,0
k6361,63.9062,52.2398,0
k4218,72.5155,472.5095,0
k1326,87.135,171.3542,0
k717,84.9264,170.4362,0
k1545,67.537,159.914,0
k1739,70.1088,108.9036,0
k1348,39.016,110.7079,1
k4545,73.6495,24.1506,0
k2282,85.279,300.7807,0
k6638,68.3264,336.0629,1
k6127,166.6651,110.7441,0
k431,91.4822,359.4165,0
k858,81.4325,199.6246,1
k4701,63.8318,136.5147,0
k7032,24.4131,121.9067,0
k3454,51.2957,98.0306,0
k4513,92.2293,121.9529,0
k2458,88.0696,198.1426,1
k2912,192.0378,103.5193,0
k4007,60.1664,133.8889,0
k2465,106.0047,391.1279,0
k2132,74.2378,453.7094,0
k6603,80.0141,116.0043,0
k164,110.1556,150.6892,0
k6235,38.9647,235.1771,0
k7377,97.889,583.2752,0
k589,96.1054,0.0,1
k2896,71.5,168.6313,0
k2049,90.0028,117.4787,1
k5334,25.0799,276.5416,0
k1364,91.6624,37.7127,0
k3975,50.0625,177.5451,0
k2748,99.5201,0.0,0
k5711,98.1644,152.8929,1
k2314,67.2012,283.0994,0
k5574,47.7127,186.8596,0
k5244,82.8523,129.0087,1
k3448,38.7105,367.9555,0
k3088,80.0156,169.1065,0
k6692,67.5518,336.2384,1
k2362,80.8223,855.5298,1
k5234,14.5774,620.1665,0
k5488,79.925,109.3949,0
k4292,63.5177,204.8908,0
k2219,27.5136,229.5545,0
k1102,57.413,331.7356,0
k6473,41.839,101.5012,0
k2526,142.2085,0.0,1
k5767,63.6965,221.8203,0
k880,114.4771,242.4072,1
k5755,84.5946,95.5314,1
k6140,22.4722,673.5002,1
k1489,86.6631,206.0874,1
k2216,148.0709,807.5683,1
k7045,44.95,230.7428,1
k676,53.1413,128.0176,1
k2810,13.7295,94.0479,1
k5305,71.5891,121.6553,1
k1496,78.2768,121.0372,1
k2703,40.0656,286.0358,1
k2726,44.0454,218.0694,1
k2604,72.4655,201.3157,1
k5157,90.312,121.7395,0
k5440,157.0032,359.5125,0
k3140,73.9814,299.1509,0
k6331,56.2694,709.1574,1
k4198,66.2816,382.0471,0
k6255,4.5277,101.6477,0
k1343,55.0568,342.5526,0
k7001,69.1556,91.444,1
k3285,49.0433,113.2089,0
k5256,65.0077,198.5057,0
k4767,56.932,341.8293,0
k7514,54.0786,163.6956,0
k3413,45.511,82.8387,0
k6922,45.3045,0.0,0
k4970,80.8965,139.0009,1
k3866,48.1274,83.6809,0
k3801,28.5044,92.9005,1
k3856,66.1853,166.5751,1
k3584,78.3534,557.2443,1
k64,49.023,309.1622,1
k6051,57.1402,155.1362,1
k666,41.5482,277.0884,1
k5623,54.1479,183.5436,1
k3889,45.2604,178.6967,0
k5813,153.0294,165.9827,0
k4096,53.912,224.7093,1
k6439,41.0761,99.5691,0
k5119,75.9227,239.1511,0
k5704,45.5686,869.9118,0
k6853,48.1274,110.8896,0
k3810,114.1852,0.0,0
k6789,79.8326,252.116,0
k1041,55.4008,958.4313,0
k5900,48.7878,21.9317,1
k4413,125.1259,247.4843,0
k6117,85.2599,0.0,0
k5561,35.9201,200.6103,0
k6767,60.6321,106.0189,0
k4668,97.0052,213.8697,0
k2428,87.2983,65.8426,0
k1448,32.5346,226.6787,0
k2305,8.2462,153.16,0
k2096,46.6154,98.237,1
k627,140.2079,0.0,0
k358,56.0022,379.9253,0
k3244,69.5881,435.3622,0
k1841,108.9151,0.0,0
k3604,132.0701,332.5432,0
k2343,95.9231,227.5703,0
k1769,100.0,274.6316,0
k7146,95.8449,300.0375,0
k2525,10.0623,454.8937,0
k5921,99.0063,243.1486,0
k4097,12.083,251.6272,0
k3245,22.4722,570.0634,0
k6194,59.4138,52.9741,0
k564,81.5,188.2817,0
k4893,109.4897,0.0,0
k4448,60.531,80.7233,0
k3443,85.5935,317.3724,0
k424,63.2653,186.988,0
k7508,154.4676,0.0,0
k5665,120.2664,248.5005,0
k7152,84.4304,204.5391,0
k2522,137.6735,208.4059,0
k5107,87.2726,234.8883,0
k3756,77.9295,137.2088,0
k6169,47.5657,271.8055,0
k6724,119.19,98.2344,0
k1751,43.909,521.7015,0
k3631,86.6631,442.1892,0
k5752,54.6717,53.0495,1
k6722,72.111,266.8019,1
k5901,28.1514,113.3678,0
k1030,87.8208,184.0679,0
k1718,104.8487,258.8035,0
k4933,30.5041,147.1343,1
k6418,47.7546,223.4066,1
k888,76.5849,305.7785,1
k2581,37.769,144.0668,1
k2720,62.7475,157.596,1
k722,53.4158,207.2661,1
k5392,30.7774,47.2017,1
k1758,33.1097,189.1038,1
k6830,32.3805,210.1886,0
k4414,44.6374,115.9105,0
k2564,27.7308,196.4306,0
k3003,52.0865,26.2774,0
k4692,24.5204,166.0158,1
k6680,18.5,214.8936,1
k2529,34.6446,0.0,1
k2426,98.2064,264.4844,1
k3219,74.3388,158.749,0
k6988,76.0428,50.9215,1
k106,91.6911,101.1237,1
k1525,53.4883,179.2184,1
k1122,111.3643,256.7358,0
k3732,49.5631,152.5991,0
k2673,71.0106,154.0203,0
k3588,40.4011,493.6583,0
k6686,148.092,178.085,0
k5466,98.5609,181.3202,1
k4491,59.5189,181.593,0
k5804,70.7549,150.49,1
k3954,53.9676,483.5838,1
k3979,93.7403,277.9663,0
k7426,89.0505,148.0287,0
k1312,70.0071,128.97,0
k6266,72.0434,0.0,0
k1789,75.228,78.4889,0
k7264,21.2426,250.6297,0
k3577,54.3783,120.5259,1
k121,89.0084,417.1624,0
k1784,86.077,95.3952,0
k2653,77.1767,425.15,0
k3777,24.2539,145.0836,0
k4938,41.3793,203.141,0
k2593,118.4673,353.9368,1
k7454,139.0441,199.7261,0
k4484,136.7955,362.4472,0
k4126,102.1078,194.7569,0
k5050,74.3589,843.8271,1
k137,104.1201,580.7342,0
k778,87.7568,135.0083,0
k4905,57.5022,222.514,0
k3123,27.7894,306.0261,0
k6933,72.6808,331.3476,1
k6589,77.719,24.4182,1
k5178,58.3888,323.939,0
k1704,37.2324,270.6335,0
k5450,139.1483,261.6223,1
k1252,59.3633,130.4847,0
k1629,34.5145,114.1326,1
k1374,89.9514,246.5507,0
k4785,51.5388,157.9193,0
k6860,126.5306,618.8184,1
k849,91.8491,406.6414,1
k5195,64.08,180.2339,1
k1323,54.1225,258.4652,0
k1589,80.3197,150.9387,1
k2714,88.2525,719.8272,1
k4304,79.177,424.945,0
k533,75.0417,234.9989,0
k6810,89.8109,200.1406,0
k2730,99.0883,154.8564,0
k1381,100.7782,111.8302,0
k1513,31.0644,191.387,0
k7028,170.7959,233.706,1
k3949,21.9659,321.1884,0
k2083,421.0701,246.575,1
k5968,47.5946,670.4364,1
k2571,138.8065,121.1249,1
k1453,118.3765,215.9282,1
k7541,84.5,281.5284,1
k6697,43.6835,152.1981,1
k348,45.6207,137.1541,0
k4836,160.7809,0.0,1
k5095,58.8919,62.0504,0
k6569,42.9942,91.1112,1
k6033,159.2836,193.0317,1
k3056,143.2655,111.2845,1
k924,43.9118,105.5462,1
k521,63.4133,224.8077,0
k4430,97.9707,188.6915,0
k4984,90.5387,123.9728,0
k5406,75.208,166.5803,1
k3092,15.8114,100.5547,1
k3652,93.7363,142.5219,1
k5441,77.6209,280.6622,0
k5131,72.0625,127.3283,1
k4566,109.1616,175.0714,0
k6046,43.8321,98.9002,0
k2538,59.1714,153.2123,0
k1442,63.8788,178.2653,0
k370,53.0024,85.072,0
k4952,121.4949,0.0,0
k6536,100.8067,141.1497,0
k1733,77.0876,191.0059,0
k7417,59.7181,342.8119,0
k3095,175.0007,290.5155,0
k4573,86.5014,0.0,0
k6129,99.1413,62.3899,0
k6735,102.2998,162.6691,1
k7066,99.077,69.4586,0
k2113,75.0417,69.6509,1
k2768,194.0522,587.5734,1
k4023,102.7716,558.506,0
k6000,133.2788,445.7379,0
k1146,81.0586,170.8954,0
k2936,68.6167,203.6087,0
k3619,63.5708,234.8601,0
k1351,114.0044,324.0174,1
k2808,86.0262,233.5193,0
k3869,40.078,221.0204,0
k7208,19.6596,316.2278,0
k1602,85.6461,196.5407,0
k5164,58.6003,240.8137,0
k1121,80.3275,111.3665,0
k2470,61.0123,74.5185,0
k1845,30.7002,188.5,1
k3987,92.4392,201.2523,1
k2453,66.4831,572.1713,0
k1641,79.0142,0.0,0
k6898,80.5559,252.5836,0
k729,56.5265,190.9097,0
k1630,167.3096,0.0,0
k6956,147.2158,528.3325,1
k6251,54.555,44.7772,0
k3187,77.6032,286.5157,1
k1279,72.4655,50.5693,0
k5910,48.3141,294.727,1
k6728,51.1957,0.0,0
k5735,28.2843,260.9837,0
k14,32.8672,284.1127,0
k1042,89.0084,253.6632,0
k7558,26.2393,93.6803,0
k6456,91.5669,145.2446,0
k5710,25.0,142.2436,0
k4580,121.5833,295.155,0
k6276,92.1805,368.5431,0
k3842,104.3887,205.8476,0
k6291,71.6327,138.5081,0
k2002,61.1658,0.0,0
k7038,85.3961,245.6242,0
k2642,90.0125,194.6362,0
k5181,31.753,404.6891,1
k2727,164.2209,407.2079,1
k57,95.2956,462.8998,0
k1167,36.0035,258.4918,1
k4896,72.8097,146.0214,1
k2759,73.5391,176.3434,1
k6601,64.5155,87.6727,1
k7250,98.3933,284.3554,0
k3670,125.7547,342.5949,0
k2127,104.2713,285.0425,0
k1080,15.2315,186.7492,0
k183,73.9138,209.0215,0
k2500,16.7108,0.0,0
k1899,152.6385,247.5611,0
k7408,50.065,317.5,0
k7490,55.0136,70.3438,1
k4294,17.8466,287.1489,0
k4145,64.3817,100.1312,0
k1873,187.2966,337.7692,0
k1183,63.7672,654.3764,1
k2041,117.5681,474.0643,0
k5535,90.2718,0.0,0
k2243,46.2385,230.7347,1
k1053,48.5026,64.0956,1
k6167,140.5142,365.381,1
k1277,49.7845,652.5002,0
k4316,128.5622,102.011,0
k6181,47.8774,325.0015,0
k6694,69.4208,303.5642,0
k6203,61.4431,698.2585,0
k6464,46.543,107.0806,1
k2598,53.956,109.7144,1
k1847,60.3738,29.9207,1
k7111,35.4683,256.8292,0
k4636,101.5111,388.9248,0
k1856,103.0594,106.2309,0
k144,107.2765,285.0439,1
k3671,74.1367,95.7079,0
k1099,79.0142,549.7811,1
k3783,47.0425,106.0189,1
k5736,41.9315,108.6105,1
k6463,73.2888,0.0,0
k3289,187.4313,329.5743,0
k2342,25.5196,225.9878,1
k4780,79.5141,147.1224,0
k5284,100.9715,243.0869,1
k7568,160.7,200.5773,0
k2318,66.6277,265.557,0
k5387,40.5216,223.6347,0
k2838,39.3573,298.0038,0
k244,94.3663,351.3307,0
k1529,10.2956,432.6413,1
k4731,35.5879,56.8243,0
k2141,79.5063,90.1138,0
k6903,61.5406,264.5397,0
k7173,67.574,199.1438,0
k7052,26.3059,478.3513,1
k4869,90.5166,205.5097,1
k6618,81.5751,281.285,1
k4565,33.1851,359.4096,0
k2607,27.7714,574.8691,1
k4548,101.1595,174.747,1
k4592,46.0353,179.2261,1
k2975,86.2337,215.6965,0
k6309,88.896,171.7942,0
k10,190.6476,725.0002,0
k7500,102.3096,85.6052,0
k1286,47.5105,400.7808,1
k368,124.291,245.848,0
k4112,23.2648,144.0312,0
k4932,65.683,163.8429,0
k3599,89.3784,95.1118,0
k4166,80.5559,75.3426,0
k3581,47.2705,0.0,0
k7077,27.9508,151.8634,0
k3926,69.2694,74.7011,0
k1213,92.2835,138.0906,0
k5661,78.6543,120.4004,0
k6681,45.6317,173.3818,0
k2705,81.8123,137.6526,0
k4976,25.5049,164.0922,0
k347,66.5977,176.6593,0
k3329,45.4533,0.0,0
k2821,116.7872,485.093,0
k7272,46.6744,548.3833,1
k2870,52.6901,384.7002,0
k2769,88.3233,247.2655,0
k3835,215.168,571.9869,0
k6786,20.3961,154.9911,0
k9,48.8697,348.9391,0
k4026,140.0732,239.6064,0
k2751,50.6014,0.0,0
k7515,86.419,325.9149,0
k2098,79.6947,126.5158,0
k2778,111.904,332.9869,0
k3319,9.9247,290.8006,0
k3936,97.3203,392.7658,1
k2271,140.1579,362.2051,1
k4425,111.7195,57.3847,1
k7341,70.1178,173.7023,1
k756,56.3205,199.3847,1
k501,76.1003,232.1659,1
k6878,66.6652,95.8853,0
k3425,63.0734,42.0743,1
k4737,77.4145,161.5936,1
k5602,117.7975,285.9204,1
k1952,122.043,388.9412,1
k3659,68.3977,140.6983,1
k1868,88.5353,241.4591,0
k2167,12.816,599.092,0
k2358,84.5237,215.5284,0
k260,79.2465,131.539,0
k4215,45.6755,212.667,0
k5413,42.003,265.8745,0
k7481,80.5761,81.2527,0
k6936,71.3109,197.3537,0
k1145,30.5164,617.5275,0
k3348,35.5985,738.8762,0
k5803,8.9022,325.1538,0
k1569,19.6023,212.9941,0
k3876,58.2409,238.0137,0
k3108,75.3011,0.0,0
k960,65.1959,78.2336,0
k6263,90.2552,110.2905,0
k7156,24.1299,102.06,0
k1182,140.6565,320.8746,0
k2087,158.7844,171.0117,0
k3195,33.541,75.8716,0
k4374,30.8302,77.1962,0
k3073,30.6105,86.5231,0
k4884,39.0512,93.6336,0
k5861,81.0015,0.0,0
k2767,48.0,150.0008,0
k5306,103.2049,269.5019,0
k1198,42.5265,181.5991,0
k7523,108.14,129.001,0
k1975,49.5404,44.0028,1
k4679,79.2606,109.8692,1
k2385,37.9012,149.2716,1
k5824,79.6634,332.0636,1
k5693,54.7083,80.5062,0
k2212,101.5443,575.9106,0
k2050,19.0066,69.0,0
k6146,55.0568,0.0,0
k4617,49.0026,231.8361,0
k6851,52.7565,113.2751,1
k1857,56.6083,87.6641,0
k5536,47.9505,427.7341,0
k7281,41.8808,24.3311,0
k1993,59.1122,0.0,1
k5604,94.4312,67.6018,0
k5294,73.8546,135.9458,0
k4108,23.5213,259.5019,0
k145,15.3052,196.6628,0
k23,22.8035,545.8177,1
k5513,46.4812,69.1809,1
k5954,3.3541,477.7682,0
k6137,40.5123,60.2536,0
k1420,49.8648,272.1369,0
k2442,16.7705,104.6482,0
k7083,31.5634,54.2794,0
k6119,93.5428,583.7949,0
k931,76.1052,141.508,0
k3660,14.2127,316.0775,0
k1196,77.9647,213.5632,0
k4140,83.4341,130.5038,0
k3508,43.3503,516.7555,0
k5636,47.3339,85.5132,0
k1586,47.0239,109.2245,0
k5593,67.9651,71.1214,0
k1132,13.0,167.9658,0
k7365,54.0231,0.0,0
k4287,66.5019,211.0906,0
k690,80.3508,151.0406,0
k2040,28.1603,153.6522,1
k546,98.5203,245.3946,1
k1889,74.0422,444.0405,1
k1054,14.9164,49.6236,1
k3252,59.1037,171.1432,1
k7360,81.1326,399.4277,1
k6504,21.0297,73.6495,1
k1320,70.7549,322.6399,1
k6887,7.8102,716.3039,0
k4107,46.9068,438.3107,0
k1218,51.5606,88.0227,0
k574,69.8892,88.37,1
k2670,57.9159,132.5943,1
k2760,38.3438,75.5993,1
k6447,52.6617,79.0348,1
k350,77.6209,398.4595,1
k5638,56.9956,313.8889,1
k5730,52.0096,195.6253,1
k3513,41.9076,712.2419,1
k1097,49.5101,135.8538,0
k130,44.7689,85.6461,0
k1234,15.7877,156.7713,0
k6847,49.5908,239.7003,1
k6561,56.8727,121.2023,1
k1085,46.8722,110.6345,1
k5192,60.8276,108.1504,1
k1486,38.0789,145.1499,1
k1981,103.0303,142.6482,1
k6560,54.1225,0.0,0
k823,35.7806,82.1416,1
k6726,33.3654,182.6561,0
k5553,85.8836,141.5221,0
k5785,77.0146,82.0549,0
k642,39.9531,123.0254,0
k153,115.807,585.5361,0
k6409,14.5774,121.7313,0
k1737,57.4674,152.7416,1
k4063,43.546,53.0,0
k2189,64.3991,146.0548,1
k5301,71.7722,260.3094,0
k329,67.6849,206.8586,1
k4845,50.0025,89.0688,1
k1822,91.7306,73.9003,1
k7128,62.452,256.8292,1
k5944,1277.1807,1162.4398,1
k5996,41.0,296.3549,1
k7492,106.1249,745.229,0
k5158,43.546,135.7442,0
k443,74.6358,183.0027,0
k671,99.7246,329.9898,1
k679,1157.2019,1084.5796,1
k6814,32.6841,449.273,1
k1259,77.1314,194.5308,1
k5725,77.3256,139.4211,1
k2026,106.2544,174.2326,1
k3052,93.484,470.5159,0
k4607,80.128,410.3566,0
k2260,14.089,351.8096,0
k7243,29.6057,63.0714,0
k6758,116.0,149.5535,0
k1368,10.6301,106.6677,0
k7595,23.4094,154.5979,0
k6800,50.3612,54.3438,0
k4839,43.9005,458.6189,0
k5169,40.6356,295.4526,0
k7391,45.8394,165.0916,0
k5544,54.0393,0.0,0
k4851,41.1005,177.9396,0
k5348,151.1969,267.2695,0
k2979,66.0984,469.6408,0
k3798,54.2033,97.8698,0
k6608,81.0062,181.7945,0
k1911,76.5278,92.8924,0
k3170,57.5543,287.6891,0
k306,37.9638,81.5,0
k528,57.7603,290.9729,0
k3359,1.4142,213.1789,0
k3150,66.2193,0.0,0
k640,53.584,59.1354,1
k2933,65.5534,259.6137,1
k5105,59.7704,68.1836,1
k1794,107.6151,462.5884,0
k4877,37.5766,221.299,0
k5432,28.8487,97.582,0
k277,41.9762,163.0192,0
k7138,85.213,466.7574,0
k5948,100.6591,281.5004,0
k4322,61.2046,289.0069,0
k543,40.0562,273.5658,0
k3742,62.1691,211.9257,0
k5428,44.0596,95.8188,0
k7324,173.0,248.5407,0
k3232,25.9471,288.6468,0
k2666,96.5466,348.023,0
k885,102.8227,317.2389,0
k1219,65.2725,0.0,0
k5864,58.6195,130.8625,0
k1796,70.0321,62.566,0
k6070,23.585,168.8379,0
k5221,43.0116,137.5082,0
k1891,92.1792,101.8541,0
k40,40.4042,117.3382,0
k2837,52.6165,84.0536,0
k791,66.7776,149.5209,0
k696,51.8773,180.1555,0
k26,27.1708,70.2887,0
k7561,57.717,223.538,0
k4343,54.0786,0.0,0
k4230,57.9159,131.5038,0
k2164,86.4827,115.5011,0
k3069,47.1832,60.2993,0
k6262,79.5314,111.1362,0
k3673,51.0392,300.0067,0
k5960,52.4047,113.5892,0
k2935,20.6519,163.2728,0
k6015,50.6063,78.6591,0
k4916,64.7012,103.3017,0
k4870,33.6341,51.8773,0
k4604,65.025,149.1518,0
k2719,82.0747,157.8837,0
k299,109.6586,132.0237,0
k280,59.785,466.7917,0
k7538,15.6924,115.0532,0
k4543,59.3001,0.0,0
k5935,46.0679,372.5443,0
k492,2.5,229.0922,0
k6576,89.5056,396.5,0
k2951,86.7078,306.9405,0
k6776,76.787,165.7264,0
k6974,70.3438,175.6082,0
k7118,48.9311,73.0616,0
k6360,50.7765,75.0417,0
k5206,52.5595,464.5455,1
k231,61.5,77.06,0
k7141,44.6346,76.4199,0
k4960,98.1644,231.6948,1
k2577,19.8116,817.2033,1
k7312,42.7142,150.1541,1
k1268,20.2608,115.5043,1
k3950,27.5545,318.202,1
k5747,113.7475,164.351,1
k4089,131.1964,181.5275,1
k5551,46.1979,183.2,1
k5990,37.5533,268.2,0
k3063,78.339,127.0118,0
k3237,36.6742,215.7835,0
k4613,29.4279,134.0457,0
k1742,44.3847,142.6087,0
k6299,23.7171,146.1925,0
k7444,39.016,161.698,0
k4844,44.5112,145.1516,0
k3322,72.6103,0.0,0
k5254,74.1232,112.0279,0
k6646,24.4387,167.5067,0
k2473,33.0946,381.5642,0
k2744,17.7553,303.3752,0
k1861,65.3644,305.3543,0
k7003,63.7377,212.9607,0
k6895,100.6591,252.24,0
k6185,56.932,147.147,0
k6537,33.1059,630.89,0
k7544,112.6599,242.55,0
k3574,25.9615,280.8247,0
k4852,59.7516,283.004,0
k4779,52.1177,122.4949,0
k6380,73.2683,531.1841,0
k5029,86.6833,188.7147,0
k7573,66.8674,286.8179,0
k1245,36.1697,153.5586,0
k7446,54.1872,132.0038,0
k4897,76.0592,461.2055,0
k6740,2.5495,192.8581,0
k3423,9.0554,329.0547,0
k4464,116.0873,564.4026,0
k1831,128.501,268.0914,0
k1282,50.3115,158.7766,0
k2868,93.0013,175.1828,0
k1227,19.6087,495.0,0
k3722,85.4751,186.6313,0
k2818,115.1835,0.0,0
k2842,57.4543,261.1915,0
k1846,45.2134,334.6211,0
k6031,20.3531,106.5,0
k6076,181.7058,423.8331,0
k4532,82.0549,170.2447,0
k4544,67.3647,307.6967,0
k3418,16.568,233.0193,0
k4969,7.0711,309.3429,0
k2867,101.5111,294.0718,0
k1263,71.8766,0.0,0
k5857,70.6045,262.7936,0
k7149,64.765,115.5692,0
k4415,14.0357,632.7598,0
k5684,119.6547,702.0621,1
k6446,163.0276,667.1469,1
k337,102.8944,645.3836,0
k1772,13.8293,216.0208,0
k500,127.5627,378.0212,0
k6273,111.528,110.1022,0
k5237,10.8167,342.646,0
k3766,31.4841,135.1268,0
k4972,114.632,359.834,0
k3863,117.0096,604.3612,1
k1962,33.1097,244.4013,0
k3929,39.3859,206.5387,1
k5800,110.0727,651.6504,1
k4386,172.6854,205.7942,1
k3045,66.6202,281.064,1
k535,126.5356,469.6799,1
k4019,60.1041,0.0,0
k7150,85.6519,214.8354,0
k1601,102.2411,239.4598,0
k7234,40.9176,201.6792,0
k2213,87.0919,212.9413,0
k2852,84.0,311.0904,0
k4362,83.182,453.1724,0
k1516,130.7765,595.4914,0
k6325,55.0114,521.9226,0
k2662,1103.2177,1074.1036,0
k536,173.2888,357.5052,0
k1726,140.7489,258.7441,0
k1300,21.5232,268.5168,0
k4344,8.5586,74.5822,1
k5807,108.5415,0.0,0
k1461,153.4446,275.055,0
k2835,108.0463,207.5054,0
k3384,71.1688,283.4365,0
k674,96.0325,222.2707,0
k4510,2.6926,283.511,0
k269,144.78,263.5384,0
k3464,11.5434,225.347,0
k4788,115.0532,99.6519,0
k5014,128.4718,677.7974,0
k4773,85.1778,256.9012,0
k2687,57.1074,206.0607,0
k702,106.099,209.6527,0
k745,116.5686,653.6704,0
k7589,79.5566,235.0899,0
k4106,76.5147,1414.8835,0
k2656,97.1043,470.8514,0
k4834,77.026,228.1074,0
k6888,2.8284,345.1753,0
k6477,34.7635,382.0393,0
k1703,59.0339,61.5995,0
k5575,95.901,138.7552,0
k2444,15.3052,304.2737,0
k4159,131.123,197.2777,0
k1294,45.31,77.7978,0
k6815,71.2776,101.9804,0
k3750,65.0942,162.2999,0
k1258,56.2228,238.4602,0
k636,25.8118,603.1625,0
k1275,32.0039,279.0448,0
k3396,41.9672,403.9715,0
k2532,110.0965,495.1528,0
k2123,172.5493,347.013,0
k2856,126.2894,377.0003,0
k1979,136.5586,667.9558,0
k6828,141.6272,212.0312,0
k4047,50.5,157.0072,0
k488,62.8371,184.1854,0
k235,28.8487,0.0,0
k913,140.5507,302.7974,0
k2606,35.805,274.0164,0
k264,112.7752,547.9891,0
k2570,45.6207,248.8664,0
k5751,120.9483,208.515,0
k4345,28.7924,202.8084,1
k6479,192.1991,247.0233,1
k4993,44.2832,526.9957,1
k3338,148.42,58.2409,0
k4336,70.3598,26.4764,1
k4562,59.0,409.3803,1
k3311,49.2062,286.5925,1
k1900,25.4608,212.627,0
k3789,81.9085,200.1599,0
k509,207.3475,385.643,0
k4911,17.4141,248.0247,0
k3166,20.025,291.7795,0
k4914,81.3895,180.6557,0
k4387,79.7261,244.525,0
k2395,66.6108,319.0251,0
k3203,23.7592,85.6417,0
k3070,123.3207,139.6657,0
k5344,153.0694,216.5369,0
k7509,146.3728,374.5013,0
k6833,169.6209,0.0,1
k1144,224.3931,298.7829,1
k3913,29.8203,362.5055,0
k1595,34.3984,365.3505,0
k4516,173.9864,638.0384,1
k93,132.035,195.1442,0
k1617,193.5439,93.771,1
k462,10.2591,352.0131,1
k5477,60.7166,245.0877,0
k1872,76.6322,91.5382,1
k783,16.9706,285.5438,1
k5892,101.0792,278.9521,0
k4395,122.083,560.8231,0
k1092,136.5147,263.593,0
k3216,6.5,261.5937,0
k762,52.5214,88.7384,0
k2854,243.237,0.0,1
k339,92.7631,240.127,1
k837,65.2763,478.5846,1
k982,41.9076,243.1008,1
k4402,12.0934,716.9275,0
k2728,66.9216,89.6939,0
k7606,32.596,251.6987,0
k6202,66.0076,358.5056,0
k7078,64.002,363.6114,0
k2992,120.7528,197.1605,0
k6550,35.3306,442.0775,1
k7204,82.6378,0.0,0
k1550,95.6831,172.0029,0
k5528,104.8725,322.9478,0
k4109,10.0499,185.4036,0
k5175,66.2288,157.5008,0
k2634,21.1896,161.0256,0
k713,58.5769,277.6626,0
k4704,79.853,179.0566,0
k4365,23.817,256.1528,0
k3823,80.0062,550.6399,1
k5986,89.9514,191.5529,0
k1810,29.3981,398.0028,0
k4095,119.7299,498.9439,0
k4307,105.3008,521.5093,0
k5185,76.0592,741.5721,1
k2370,84.5059,429.5431,1
k7386,75.5414,220.3838,0
k3231,8.9022,194.0928,0
k7349,113.3986,652.102,0
k974,78.1937,283.5004,0
k4563,66.8169,290.7275,0
k7095,33.5336,135.9016,0
k7605,170.6649,472.0095,0
k969,92.0122,432.5627,0
k2900,67.7827,68.0625,0
k5934,161.1932,387.7167,1
k909,37.7922,711.4389,0
k207,76.4003,103.2727,0
k6581,59.5084,412.5109,0
k7582,8.5147,382.0641,0
k5098,96.8736,213.7814,0
k6714,11.9269,178.4888,0
k5039,49.5707,108.4078,0
k6215,113.01,106.6501,0
k7157,4.4721,261.521,0
k5416,73.0274,500.2559,0
k3434,148.4529,237.4279,0
k4357,90.068,504.9802,1
k6586,32.5,290.5275,0
k4641,15.0333,303.1192,1
k7092,29.2062,442.685,1
k2888,59.7097,397.6211,1
k4079,8.3815,1210.1407,0
k5764,95.8853,21.8289,1
k6444,150.5075,153.2359,0
k3691,113.853,301.6061,0
k160,147.6906,567.5731,1
k5498,38.513,303.4555,1
k6261,92.6634,53.6004,1
k4252,93.094,151.758,1
k1214,101.0606,312.6024,1
k799,25.2438,151.1861,1
k84,45.2134,518.0,1
k7176,73.8241,138.3266,1
k3992,70.2887,96.566,1
k1060,64.3817,83.4341,1
k1816,132.0019,240.1838,1
k5470,35.6721,66.7308,1
k6959,87.7568,359.835,1
k3748,91.7074,389.3922,1
k6160,72.5017,265.4628,0
k7104,7.2801,281.1485,0
k4955,86.5592,366.2871,1
k4470,41.7433,126.7764,1
k2390,21.0,210.4525,1
k6571,18.6078,136.0588,0
k2005,57.1358,208.9049,0
k7228,61.8971,140.7782,1
k6622,93.7257,125.049,1
k2332,83.7929,105.5047,1
k86,50.5,128.7187,1
k31,28.7837,222.3241,1
k401,85.6344,226.6787,1
k3041,41.6773,137.7725,1
k3834,36.6674,152.942,1
k7050,6.9462,710.5508,1
k1776,98.5089,1283.5191,0
k6378,88.7764,332.0636,0
k3100,162.706,282.6278,0
k531,22.8254,173.9684,0
k3572,25.7099,258.6397,1
k4367,25.894,149.9108,0
k221,98.5,161.6052,0
k6067,46.9707,190.19,1
k2295,33.3804,407.6622,0
k2462,43.5259,196.7772,0
k1231,101.2978,204.6326,1
k3178,68.3118,231.338,0
k3555,70.2638,425.9404,1
k1081,78.3661,203.1711,1
k6928,60.7988,561.6558,0
k2336,123.415,309.1314,0
k3687,16.3478,120.9153,0
k5759,19.6977,112.5544,0
k1588,33.6341,136.0588,0
k6272,33.3054,119.2109,0
k5052,62.0081,113.0,0
k5485,24.7487,103.0109,0
k2700,1185.847,1164.1789,0
k6063,39.0032,0.0,0
k4231,86.3481,94.3107,0
k3265,137.3772,241.1001,0
k3603,97.5461,139.6755,0
k2783,82.5969,378.5476,1
k6101,33.5932,220.096,1
k1839,80.0281,243.8955,0
k2574,60.7824,252.5124,0
k2325,119.7675,275.5367,0
k764,125.1958,584.5864,0
k5163,26.6271,319.8066,0
k7510,2.5495,100.7795,0
k5308,56.2072,303.7585,0
k6950,94.3663,167.863,0
k6123,23.3452,347.5921,0
k4030,88.5113,358.2335,0
k1478,107.1273,122.2957,0
k5414,80.5388,249.7649,0
k7015,61.5833,83.8824,0
k5882,96.4909,234.5021,0
k1404,98.1147,262.0386,0
k3161,56.5796,522.6399,0
k3438,8.1394,178.6008,0
k4242,27.1017,0.0,0
k5151,97.5103,70.8467,0
k2928,117.8855,413.7904,1
k3516,142.051,312.7747,0
k4595,10.5119,166.4121,0
k4476,7.5166,169.0118,1
k2834,145.1766,367.7479,1
k315,82.3787,226.1996,1
k2397,148.5034,580.4655,0
k7136,54.6191,194.0103,0
k3099,85.1587,263.9934,0
k7536,104.8296,518.001,0
k3809,53.8934,476.2379,1
k6845,16.4012,576.885,1
k4904,22.2036,55.0114,1
k4130,87.0014,173.5115,1
k4311,54.1341,48.9311,1
k721,223.2023,250.5718,1
k5085,93.3515,169.0562,1
k2140,235.3593,200.9384,1
k3158,112.969,168.3278,0
k6155,276.8542,132.2422,1
k2128,101.115,387.0827,0
k5012,106.5317,96.3016,0
k1689,79.0142,203.6774,0
k2206,114.0537,71.7252,1
k3768,26.2155,127.4019,0
k3125,55.4707,490.4498,0
k7004,55.0318,249.7048,1
k5229,74.1772,0.0,0
k5959,78.9208,123.3015,0
k3314,69.694,501.6435,0
k6358,145.2481,429.9006,0
k3146,53.528,258.031,0
k1890,99.7459,295.8382,0
k6402,172.3231,204.1354,0
k3923,18.9011,361.1122,0
k4832,35.2278,272.3279,0
k5134,13.6015,235.5021,0
k3176,171.6566,427.0354,0
k2561,20.9881,602.8474,0
k622,157.9723,315.3811,0
k407,21.587,58.0775,0
k6676,79.69,211.6182,0
k5183,76.5278,186.8081,0
k7166,89.0126,270.8884,0
k2512,64.3467,180.0694,0
k4368,104.9405,248.0247,0
k345,54.7768,136.5009,0
k7335,10.7005,300.3502,0
k555,56.921,220.3548,0
k6941,78.6591,311.8052,0
k4356,88.1192,0.0,0
k6931,134.7665,289.5971,0
k2424,79.6006,452.1338,0
k6899,44.6542,94.5119,0
k1715,112.1807,633.2097,0
k7289,26.2774,108.1157,1
k1686,65.9109,327.6145,0
k3499,71.5629,250.9223,0
k4745,1177.0136,1203.323,0
k1378,10.1242,1477.6002,1
k4268,178.7659,642.8188,0
k4080,91.2921,0.0,0
k6565,40.302,69.1809,0
k6604,89.4539,246.0046,0
k4661,83.0015,311.9635,0
k2371,16.7705,386.2464,0
k513,75.0816,317.2389,0
k2777,68.5292,125.3994,0
k4715,33.5149,299.6769,0
k5947,128.9661,264.3449,0
k1446,10.9772,297.0829,0
k7193,66.3268,432.0706,0
k1353,108.2705,113.7036,0
k6073,76.0345,355.9277,0
k7076,133.3389,327.5462,0
k435,125.6433,648.0031,0
k4440,163.5489,243.6155,0
k2690,111.2531,389.2518,0
k5091,125.3994,128.0352,0
k247,94.0651,124.2266,0
k2885,1129.7545,33.6043,0
k1527,90.0056,206.5387,0
k6237,110.0023,194.2807,0
k7339,68.0974,239.9318,1
k1788,85.1778,468.3855,1
k6032,12.659,360.2867,0
k2746,13.4629,151.5008,0
k131,36.0174,353.2212,0
k6598,96.0052,525.5269,0
k4443,20.6155,137.0912,0
k5253,65.622,270.4741,0
k5319,124.4689,125.2138,0
k2299,91.1112,295.4336,0
k2333,49.3964,0.0,0
k5481,61.1882,364.1473,0
k6712,93.484,199.5157,0
k4959,89.7357,132.5009,1
k47,66.1532,118.5169,1
k5472,58.0452,148.5673,1
k1497,43.2897,158.1597,0
k567,56.1894,155.5201,0
k7498,112.0714,0.0,0
k2556,41.6203,297.9853,0
k4821,97.9617,350.6426,0
k2368,60.533,215.2539,0
k3506,12.4197,688.5231,0
k6289,92.9368,232.0005,0
k2991,1045.3796,1202.4376,0
k4817,140.7,155.3552,0
k5455,115.2128,555.502,0
k652,62.508,621.9518,0
k6480,121.5165,100.2622,0
k596,62.8371,548.6164,0
k3760,129.0659,211.5668,0
k382,43.7778,0.0,0
k3735,58.3545,71.0721,0
k4398,78.5828,166.5691,0
k3704,11.6726,260.4309,0
k3703,120.1041,160.1811,0
k3664,11.068,317.0319,0
k1929,19.4743,319.0611,0
k5676,11.2805,235.1664,0
k7574,111.5045,0.0,0
k3900,46.8028,353.6909,0
k2985,111.6288,290.0349,0
k366,61.8466,217.6264,0
k1671,142.088,392.9125,0
k7182,77.8621,264.2546,0
k5010,22.9456,223.7376,0
k2927,1095.8002,1242.2973,0
k1034,92.662,602.8766,0
k1456,1120.5215,1548.5591,0
k6469,18.3371,1219.8796,0
k2882,90.5345,397.7125,0
k6499,84.4541,425.4894,1
k3186,72.94,167.4701,1
k4511,68.9094,176.9357,1
k1337,68.3118,72.7805,1
k720,66.0492,80.0391,0
k7119,54.3369,85.4239,1
k4740,21.9317,150.1308,1
k2605,34.6771,239.0188,1
k3198,105.0583,103.0206,0
k629,137.2051,76.7235,1
k781,41.503,196.2301,1
k4922,75.3127,276.0072,1
k3439,96.8736,81.6777,1
k6407,48.3141,237.8424,1
k1970,103.4372,226.1791,1
k1850,83.936,85.92,1
k2859,124.6966,343.3402,1
k7449,76.4739,116.5386,1
k481,119.5073,195.3586,1
k6519,76.0016,146.5094,0
k1882,52.3927,523.0153,0
k4550,53.782,206.6023,0
k6630,26.2011,471.5032,0
k1096,64.531,158.0198,0
k6651,75.977,283.4365,0
k2286,115.0695,500.2512,0
k1888,71.4493,102.6365,0
k5597,39.5127,239.5005,0
k0,1258.4138,1050.0501,0
k3666,72.9932,1505.7161,0
k4930,25.0,516.8861,0
k2423,75.738,91.3154,1
k5184,117.1804,200.2255,0
k6889,111.072,206.2092,0
k6640,27.7714,261.959,0
k1101,14.3962,259.1419,1
k995,60.2516,59.7097,1
k6727,126.6669,173.518,1
k4050,72.4603,182.4966,0
k3085,25.5441,258.2344,0
k525,48.7571,68.0827,0
k2849,47.5421,435.4366,1
k6366,31.504,739.479,1
k3452,1121.7323,1175.1123,0
k4907,24.6272,609.0993,0
k4090,23.7171,126.5899,1
k2582,157.0812,681.5359,1
k896,129.8124,294.3098,1
k4475,135.5332,169.4299,1
k4246,56.6083,423.1229,1
k5903,7.433,241.6014,1
k1593,57.0701,388.057,1
k5534,121.3425,163.0598,1
k1194,118.7697,253.0005,1
k7315,9.6177,399.02,1
k4689,126.3616,551.6965,0
k3728,46.8615,464.9172,0
k794,6.5192,407.939,1
k3983,115.5692,700.6943,0
k7596,14.2302,166.1475,0
k4498,81.4647,0.0,0
k4571,77.5258,76.4853,0
k4648,55.3263,112.9436,0
k6324,13.7568,182.6342,0
k6663,71.4318,148.6893,0
k6478,5.7009,510.0189,0
k5108,21.7083,224.821,0
k6785,171.5554,240.7514,0
k2524,102.5926,212.1633,0
k2904,56.4358,702.8999,0
k1675,67.4685,187.131,0
k5715,21.783,95.1315,0
k7338,56.6127,207.099,0
k3814,49.0026,184.3909,0
k5690,90.2718,291.3319,0
k6848,58.2151,193.2938,0
k1693,58.0539,0.0,1
k4997,85.1146,179.7255,0
k5474,34.7131,169.0118,0
k2063,41.14,121.3342,0
k5186,14.3962,1151.7053,0
k1965,75.4205,91.325,0
k4418,77.9295,285.4689,0
k2478,37.3162,549.2163,0
k3851,76.5065,50.1124,0
k3472,29.6184,130.5996,0
k2364,91.0014,149.541,0
k5427,44.5028,170.0066,0
k1388,69.464,128.0722,0
k4444,59.1354,658.1172,0
k3749,67.0298,85.5862,0
k2792,52.5024,155.0395,0
k3194,38.9423,371.1526,0
k3340,102.0123,586.853,0
k5109,44.6794,175.5007,0
k1407,54.4518,293.5273,0
k5212,104.8344,428.2444,0
k2133,85.2115,195.0641,0
k2825,24.4591,279.004,0
k3643,15.2069,48.0234,0
k870,40.5216,68.4124,0
k4366,82.9608,124.7006,1
k3785,57.1402,0.0,0
k91,56.4026,168.6453,0
k3639,121.43,143.1477,0
k4346,69.6419,91.0179,0
k608,97.6844,185.7344,0
k6393,10.0623,164.8674,0
k5003,41.0,76.7756,0
k5821,39.6011,282.1099,0
k1813,54.4059,485.7309,0
k2552,36.7185,225.2293,0
k3106,109.2016,469.2297,0
k827,34.0147,433.29,0
k4383,74.6073,220.6043,1
k2596,84.0967,141.726,1
k2382,6.364,374.7212,1
k2379,74.0405,401.4038,1
k1367,19.1377,51.0906,1
k6491,73.0565,154.0146,0
k6737,53.1154,90.5677,0
k7040,39.3605,306.7801,1
k678,44.4775,87.0531,1
k3089,51.0392,377.2618,1
k3165,41.512,77.5645,1
k1460,89.7399,424.0203,1
k6532,70.4716,124.6966,1
k7302,87.0704,632.2992,1
k4169,67.0075,79.6241,1
k3402,75.5,0.0,0
k1452,77.5258,258.5237,0
k3090,55.8323,200.8893,0
k6870,45.6508,521.8537,1
k6311,90.05,845.7489,1
k973,110.151,683.3039,0
k2090,52.1177,107.0047,0
k1740,1178.531,1145.7724,0
k2947,25.807,160.507,0
k12,30.0,72.8371,0
k4494,44.5702,209.1172,0
k5337,77.558,614.1974,0
k7165,100.08,240.0083,0
k6857,46.0896,243.4938,0
k3246,64.4224,607.2967,0
k371,78.5446,329.3907,0
k4619,43.2001,55.0681,0
k626,36.6231,314.8877,0
k6846,30.6472,64.0703,0
k3299,55.6103,101.9031,0
k2623,45.3486,136.6062,0
k2484,46.9068,125.081,0
k2158,33.2453,295.2601,0
k6190,108.477,117.0684,0
k4815,38.422,343.5844,0
k3847,58.1055,139.5726,0
k5028,87.4371,144.7731,0
k5411,64.4864,0.0,0
k2386,57.1008,87.1436,0
k3612,52.0216,339.4013,0
k3901,100.3419,110.0284,0
k3109,84.5488,179.2791,0
k876,86.9741,445.8343,0
k1399,67.041,0.0,0
k2000,66.4267,496.5179,0
k5137,54.555,112.3221,0
k451,8.7321,159.5384,1
k2589,147.3813,403.7118,1
k4807,60.4401,444.6038,1
k3159,75.5017,109.638,1
k7117,83.0015,136.5586,1
k2319,58.1055,83.9598,1
k3367,66.547,620.1842,1
k5486,47.5421,100.2809,1
k4328,4.4721,65.9242,1
k3525,11.7686,167.0464,1
k5952,76.0428,90.312,1
k5122,93.4679,201.2014,0
k4542,59.4138,574.2269,1
k2242,65.0308,144.2437,1
k966,82.0518,217.1848,1
k5156,50.9755,168.7602,1
k2874,117.2711,396.5593,1
k5495,116.3035,0.0,0
k4170,76.2775,213.0376,0
k7416,58.809,163.1962,0
k6037,69.7585,134.5158,0
k6707,46.0027,169.0976,0
k7115,75.1415,112.51,0
k7206,44.4325,150.0533,0
k767,31.241,286.6971,0
k4600,124.4357,215.8622,0
k3996,98.6978,484.3537,1
k5049,102.9004,488.5194,0
k4274,120.8729,502.0458,0
k6908,124.8249,213.851,0
k538,61.0942,298.0822,0
k901,53.0212,700.9326,1
k4024,64.9038,341.8571,0
k3121,47.7127,83.1775,0
k588,42.547,583.9891,1
k3098,173.5259,294.0021,0
k539,67.6702,213.8019,0
k6315,64.158,0.0,1
k2169,63.0714,135.0037,1
k4683,110.5543,221.5203,1
k4690,42.1011,242.0331,1
k5920,82.9277,127.501,1
k6374,141.3966,300.7075,1
k2466,56.8859,62.8351,0
k5296,54.5894,112.9347,0
k7031,25.9278,125.069,1
k4183,47.1858,121.5257,1
k6999,123.199,232.1557,1
k3567,56.1805,142.1487,1
k3428,74.0,340.5719,0
k7371,94.5304,550.2556,0
k3284,57.1183,208.0727,0
k4478,63.6121,144.8456,1
k4031,78.9003,379.5161,0
k1094,83.2541,370.9262,1
k3897,54.0856,138.5469,0
k6632,103.9964,213.9024,0
k4894,86.954,119.3838,1
k1107,61.9718,70.9366,0
k2369,59.4348,149.2414,0
k4669,74.0422,124.998,0
k2400,42.0,97.6281,0
k3260,68.0165,154.5032,0
k5126,76.5506,154.0422,0
k127,69.9035,469.3533,0
k496,48.9004,534.5898,0
k2218,74.3539,327.6236,0
k6094,59.1798,83.5135,0
k615,43.4885,552.5333,0
k2192,56.6414,162.5123,0
k6599,78.4347,500.3124,1
k6061,71.332,345.7329,0
k2119,58.6622,307.6544,1
k2618,18.5068,161.834,0
k4377,23.0489,51.58,1
k1485,73.6699,232.0345,0
k1014,62.444,106.8,1
k1329,41.7732,133.2113,0
k360,53.033,209.2893,0
k7337,111.5135,484.4081,1
k7022,1224.2128,1115.7699,1
k2279,61.5081,225.2826,1
k5310,145.0552,307.2751,1
k899,14.1598,215.0703,1
k4629,49.0153,52.9741,1
k600,37.8451,684.8215,1
k4210,105.3874,124.0585,1
k3131,54.2609,432.8062,1
k3153,90.9464,200.5,0
k4008,48.1067,260.1389,0
k7046,27.2809,671.6057,0
k5328,74.0355,409.0736,0
k3811,49.163,459.0256,1
k4567,44.9027,224.0988,1
k6166,60.407,299.1028,0
k5576,80.5621,110.9076,1
k793,23.817,182.5027,0
k240,58.5021,83.3577,0
k5188,134.2386,219.5797,1
k2125,41.7163,226.4404,1
k405,75.1415,74.5,0
k4350,23.3452,348.7614,0
k5408,89.8693,334.8918,0
k4644,36.6776,374.8173,1
k3185,80.3508,48.9541,1
k6345,58.0,88.0511,1
k3288,52.0312,76.0066,1
k3539,68.884,195.686,0
k6900,67.6923,312.3604,1
k5621,36.4589,77.666,1
k1950,67.0466,132.2365,1
k7280,52.8441,57.5608,1
k3393,111.8805,165.4728,1
k3498,29.3002,447.5025,1
k4057,109.6563,29.3471,1
k3542,91.2277,452.0426,0
k5117,53.0589,96.566,0
k5853,61.0737,639.5782,0
k5443,99.4208,249.8024,0
k4485,26.7255,148.7086,0
k5629,20.0,90.1998,0
k236,40.1155,169.2705,0
k773,93.7777,0.0,0
k5506,27.1017,0.0,0
k6120,50.3115,82.0061,0
k4945,58.8218,87.5557,1
k1710,45.6098,192.0527,0
k3405,51.6236,131.0086,0
k6920,13.7568,141.5097,0
k6106,31.8159,117.1687,0
k5114,42.2641,150.5033,0
k6919,105.5959,0.0,1
k4164,80.3757,54.811,1
k4194,52.345,106.0047,1
k2961,59.4138,372.5349,0
k3989,169.6887,240.5047,0
k5580,90.5345,380.2821,0
k7105,21.095,159.3895,0
k5370,77.674,239.6336,0
k5976,60.1519,285.6418,0
k5915,74.4866,657.0803,0
k1498,58.9173,158.9921,0
k4208,23.7118,231.2618,0
k4760,113.0277,865.3843,1
k1309,76.1003,141.2869,1
k394,81.6838,339.5942,1
k2797,134.0821,195.5153,1
k7127,105.3008,666.0903,1
k6362,109.9147,209.6115,0
k4003,42.6907,366.4181,0
k146,23.4307,166.5751,0
k1116,82.1736,199.0641,0
k6820,69.0652,103.0437,0
k2832,159.2082,231.0438,0
k1413,61.8971,231.6619,0
k4293,91.7606,550.0368,0
k1942,15.0416,155.6767,0
k3211,20.5061,59.5336,0
k400,191.9753,129.3957,0
k4361,26.1964,304.0695,0
k7254,39.9061,457.7109,0
k5858,56.376,163.7758,0
k4734,99.7296,0.0,0
k1173,44.5112,91.7674,0
k7175,134.8925,63.366,0
k771,25.4608,1073.0825,0
k498,60.2536,110.726,0
k952,27.5409,100.1312,0
k1130,42.45,71.514,0
k287,13.0863,148.6422,0
k5027,88.1717,0.0,0
k681,84.4541,127.9932,0
k4900,63.4527,330.2128,1
k857,52.9009,208.6001,1
k3778,44.0511,188.1622,0
k2535,26.1964,111.6613,0
k5839,64.5949,158.1305,0
k452,51.2104,139.5797,0
k522,58.5235,163.5008,0
k927,46.0027,84.5931,0
k3274,27.2947,83.0241,0
k2013,133.6086,40.651,0
k6282,39.3224,394.0381,1
k2262,93.4077,729.1812,0
k61,15.5724,102.3743,0
k3007,59.4243,163.6498,0
k3083,85.6154,165.9345,0
k4665,33.7083,68.6586,0
k6082,46.2385,117.1068,0
k1852,112.1082,0.0,1
k4370,102.6475,487.3287,1
k1251,47.1222,191.3766,0
k1350,34.0588,133.4625,0
k7290,71.1425,128.2673,0
k5571,31.217,245.6649,0
k3144,65.4313,260.7436,0
k1169,22.0511,113.2828,0
k1287,59.0529,171.0629,0
k4172,105.201,259.512,0
k7597,41.1947,110.691,0
k6849,56.3649,534.4067,0
k2047,42.7229,129.5039,0
k3029,44.3199,166.3641,0
k3304,33.3017,130.5153,0
k2847,18.7883,142.5035,0
k5699,52.7565,633.9416,0
k2886,1000.7822,920.311,0
k5162,30.0416,122.501,0
k4497,30.5369,57.2647,0
k4016,31.3249,104.1693,0
k657,62.7714,431.7789,0
k2775,61.5731,95.5628,0
k4842,93.5361,151.6616,0
k5672,53.6493,362.7124,0
k54,102.5305,320.8415,0
k4578,76.2971,322.0314,0
k4903,97.5666,186.0544,0
k2609,57.7862,75.5149,0
k3162,75.3426,107.622,0
k3548,123.5496,660.1585,0
k5275,86.5,104.3132,0
k693,18.6078,277.414,0
k1535,84.8528,27.8568,0
k2550,30.3026,69.029,0
k363,38.3471,165.0273,0
k1774,95.5196,1445.4747,0
