Key_1_1,pupilDiamLag,regressLen,lastSaccLen
k7351,0.4446,0.0,288.0156
k1445,0.3264,0.0,117.2359
k6384,0.0859,258.0,805.0531
k7599,0.1453,0.0,306.5587
k2501,0.4074,0.0,161.4845
k7440,0.5542,0.0,204.5
k2713,0.122,0.0,245.0862
k2275,0.2636,0.0,208.5402
k865,0.5067,0.0,100.3606
k5829,0.3344,0.0,169.3259
k1142,0.114,0.0,114.2147
k6850,2.0226,0.0,115.434
k7086,0.948,22514.0,1098.318
k6856,0.1181,715.0,70.2638
k5797,0.2907,0.0,0.0
k2031,0.1229,258.0,921.2918
k2788,0.5105,0.0,407.939
k154,0.1377,0.0,536.0784
k1501,0.029,0.0,115.0848
k1538,0.1124,378.0,557.0613
k5549,0.082,0.0,394.0381
k634,0.3234,0.0,98.6927
k1687,0.0864,0.0,79.5692
k5510,0.1637,0.0,180.0062
k5998,0.1206,378.0,116.0097
k5006,0.1027,0.0,126.935
k3462,0.1649,299.0,50.324
k2994,0.2052,0.0,398.0028
k5174,0.3302,0.0,306.9405
k2709,0.5822,0.0,560.7069
k3637,0.3735,0.0,182.4966
k5916,0.2141,598.0,564.6072
k5556,0.1189,1372.0,94.7629
k502,-0.0108,0.0,70.0874
k2406,0.0261,0.0,147.6432
k6645,-0.0044,0.0,175.309
k2830,0.1859,0.0,138.1304
k6891,0.0867,3793.0,193.0317
k6590,0.2751,0.0,252.3846
k2693,0.1432,0.0,163.5619
k1235,0.1196,0.0,80.7233
k6716,-0.5825,0.0,135.0741
k7222,0.1191,0.0,157.0796
k6882,0.2822,278.0,442.0775
k7469,0.3484,0.0,195.6074
k1724,0.0865,398.0,172.0356
k2781,0.243,0.0,140.322
k800,0.143,0.0,373.5482
k978,2.3481,0.0,53.3877
k2281,0.2407,0.0,120.9153
k3380,0.1393,854.0,73.3757
k6488,1.2187,0.0,177.5
k5876,0.1753,338.0,209.1531
k6703,0.1271,0.0,510.6332
k5585,0.1086,8147.0,86.9253
k107,0.2812,0.0,68.8368
k58,0.1168,397.0,904.1507
k972,1.5602,897.0,94.4312
k1238,1.4382,2212.0,146.1617
k1614,0.258,0.0,160.1811
k2937,0.3466,0.0,95.0
k1050,0.4364,0.0,61.0082
k3848,0.2165,0.0,224.5802
k3399,0.2765,0.0,84.537
k1008,0.0766,6001.0,848.0908
k7205,0.2216,0.0,284.3554
k6232,0.1487,0.0,213.8019
k6788,1.7037,0.0,167.0397
k1095,0.948,1434.0,153.5008
k2427,0.1383,0.0,142.0079
k817,0.0116,0.0,156.1802
k5700,0.1167,6363.0,190.9097
k4171,0.4452,0.0,688.3931
k853,0.4533,0.0,318.2267
k369,0.126,0.0,302.0348
k4324,0.1795,0.0,330.276
k3306,0.3143,0.0,105.7946
k5531,0.0959,0.0,145.0078
k7294,0.3127,0.0,37.1652
k5353,0.4063,0.0,99.5691
k3226,0.9915,1255.0,70.0071
k1449,0.3329,0.0,91.0014
k961,0.419,0.0,159.8132
k6751,0.0859,0.0,222.2082
k3346,0.9383,0.0,719.9424
k482,0.2395,0.0,213.1695
k5682,0.1396,0.0,174.5287
k4533,0.3776,656.0,99.8424
k2652,0.1968,0.0,137.0912
k6400,1.011,0.0,193.5568
k1488,0.0073,0.0,89.7622
k2919,0.0823,2007.0,373.9803
k4496,0.3266,0.0,351.8114
k6301,0.0949,0.0,119.5073
k4104,1.1726,0.0,78.8495
k6247,0.8872,0.0,123.5364
k719,-0.3184,0.0,89.0505
k211,0.972,0.0,98.0816
k105,0.2546,0.0,123.3876
k5352,0.2486,0.0,205.0274
k4157,0.1875,0.0,527.5341
k4193,0.1352,1052.0,312.8011
k5712,0.2076,0.0,430.0814
k7528,0.1205,0.0,343.3402
k2373,0.3931,0.0,904.0781
k4132,0.2802,0.0,112.54
k7588,0.2232,0.0,95.2575
k6594,0.2322,0.0,89.7622
k4066,0.2485,0.0,319.1414
k4400,0.1458,378.0,79.6994
k737,0.2037,80.0,504.9802
k809,0.3768,0.0,173.5115
k4771,0.6525,11655.0,211.1711
k4688,0.4533,0.0,86.1423
k1700,0.0316,0.0,503.1073
k4694,0.2729,417.0,143.0428
k6990,0.253,0.0,487.3287
k803,0.4321,0.0,131.4201
k822,0.3083,0.0,149.0252
k6077,0.2497,0.0,229.8097
k4236,0.2141,0.0,122.602
k7369,0.3516,0.0,181.6549
k5902,0.1898,377.0,384.5208
k6970,0.1595,0.0,645.9106
k7151,0.1984,0.0,192.6266
k1956,0.1215,0.0,204.1378
k335,-0.1013,458.0,54.5206
k7546,0.2002,0.0,367.0766
k1288,0.2908,0.0,264.0928
k21,0.409,0.0,753.9513
k4899,-0.1019,0.0,311.5903
k1678,0.1462,0.0,1116.3301
k349,0.1315,0.0,229.5049
k4073,0.1335,219.0,88.7426
k1885,0.1306,4690.0,137.1313
k2185,0.2743,1272.0,62.476
k1124,0.4338,0.0,170.0007
k6688,0.1296,0.0,132.417
k3212,0.7263,0.0,245.2249
k6329,0.0997,0.0,541.4596
k507,0.2302,0.0,490.7178
k4579,-0.0316,0.0,584.2418
k6699,0.1711,0.0,166.7041
k6221,0.0681,0.0,164.931
k748,0.0418,0.0,194.2897
k1185,0.1649,299.0,184.954
k6339,0.188,0.0,742.0197
k267,0.3931,1389.0,174.4484
k917,0.2416,0.0,123.0447
k5687,0.8115,0.0,130.0779
k4570,0.419,0.0,135.5083
k3404,0.0437,358.0,154.7361
k3596,0.2388,1351.0,27.7218
k1568,0.1347,0.0,226.7918
k7316,0.1433,0.0,240.0047
k2518,0.0128,0.0,424.5027
k811,0.1978,0.0,275.3271
k1804,2.7591,0.0,111.5437
k3958,0.1644,0.0,294.9903
k6871,0.2298,0.0,599.092
k1402,0.1989,0.0,256.5448
k7276,0.162,2503.0,238.6891
k5141,0.1787,139.0,79.0
k3333,0.2206,0.0,108.2243
k6660,0.1802,537.0,99.0808
k1131,0.7781,0.0,199.2699
k985,0.1033,219.0,145.0836
k5144,0.7176,1593.0,231.9526
k5278,0.3085,398.0,64.5949
k3620,0.1366,99.0,65.4083
k1180,0.1448,0.0,236.6268
k5509,0.295,2369.0,77.9503
k595,0.1212,0.0,69.4586
k6770,0.6206,0.0,133.7881
k3436,0.1102,0.0,127.8329
k1265,0.3344,0.0,150.3671
k197,0.6206,597.0,164.4536
k4576,0.1082,0.0,181.6989
k3917,0.3438,0.0,100.7
k2999,0.409,0.0,124.0363
k4559,0.0387,0.0,160.5195
k1178,0.3006,0.0,280.9026
k611,0.0766,0.0,98.6116
k6268,0.1955,0.0,146.1232
k7292,0.2226,476.0,151.0761
k2752,0.248,159.0,94.3835
k3397,0.1469,0.0,112.5711
k6087,0.4978,1352.0,441.5343
k662,0.419,259.0,77.0276
k5082,0.1432,0.0,129.5154
k4299,0.1558,0.0,58.2087
k4673,0.2032,0.0,365.7448
k3884,0.1643,0.0,64.9346
k1893,0.3783,2845.0,95.5314
k4134,0.2949,0.0,784.7716
k6178,0.1525,0.0,138.6588
k1905,0.1507,0.0,352.066
k1624,0.3464,379.0,153.5489
k7522,0.147,0.0,356.6287
k5374,0.1433,0.0,64.0
k527,-0.0422,437.0,156.5008
k4245,0.356,0.0,344.5033
k102,0.2895,0.0,282.9629
k4929,0.2213,0.0,74.7011
k7097,0.2091,0.0,99.8624
k5685,0.1802,0.0,205.8501
k2057,0.1206,0.0,143.6672
k3054,0.2616,1193.0,258.4918
k2926,0.2891,0.0,175.5456
k6652,0.2911,0.0,129.1172
k6564,0.1518,0.0,254.3275
k1771,0.1586,199.0,332.1333
k1838,0.374,0.0,103.0946
k4401,0.0672,0.0,445.1957
k6074,0.1212,0.0,134.0009
k1137,0.3413,517.0,177.0254
k259,0.1741,258.0,108.1665
k5799,0.1212,0.0,396.5
k1024,0.0803,0.0,44.0028
k6053,0.2729,1134.0,178.6757
k5828,0.043,0.0,188.5975
k6495,0.3438,0.0,64.9788
k5913,0.3161,438.0,783.0704
k6335,1.2396,0.0,146.5486
k1645,0.196,1849.0,87.8877
k2909,0.2128,0.0,181.2078
k6305,0.2327,0.0,506.2964
k2572,0.2125,0.0,108.4735
k5733,0.1378,398.0,541.0333
k189,0.4452,0.0,184.8276
k1398,0.127,557.0,95.6935
k5058,0.2418,0.0,384.7002
k6874,-0.0945,0.0,147.6906
k2399,0.663,0.0,97.2895
k2146,0.2492,0.0,189.1144
k7005,0.4061,0.0,246.3701
k6437,0.1247,0.0,166.4332
k7261,0.4265,0.0,172.6963
k5781,0.7263,0.0,561.1
k3685,0.0016,0.0,242.3267
k7248,0.0047,457.0,98.1835
k1533,0.0293,0.0,780.0854
k5217,0.29,0.0,113.1868
k6114,0.0903,0.0,104.6721
k1345,0.3507,0.0,225.1444
k6982,-0.0433,0.0,0.0
k4099,0.1053,558.0,124.4689
k6977,0.3178,0.0,73.6376
k3969,0.0971,0.0,239.9318
k1996,0.4063,0.0,354.4929
k7187,0.556,0.0,318.5769
k6002,0.1698,0.0,114.4246
k5378,0.0642,0.0,226.3454
k6858,0.2768,258.0,508.2335
k2137,0.1128,0.0,105.5296
k578,0.3547,0.0,128.8148
k2200,0.314,0.0,159.5125
k2978,0.6131,517.0,194.6645
k4207,0.2449,0.0,126.0159
k3471,0.2672,0.0,141.1737
k912,0.2083,0.0,210.7143
k6661,0.1023,0.0,263.6854
k216,0.3791,0.0,448.5828
k5437,0.199,0.0,156.0072
k7592,0.0825,0.0,52.2398
k5814,0.2253,0.0,166.8682
k5079,0.1786,0.0,129.1908
k1561,0.6732,0.0,104.6757
k3414,0.2685,1113.0,253.1897
k4477,0.3547,0.0,103.0886
k377,0.1843,0.0,87.0531
k3675,0.1946,0.0,301.5933
k1512,0.2988,0.0,138.1774
k1384,0.1033,0.0,233.6204
k7576,0.2198,0.0,217.297
k5745,0.2091,0.0,131.2345
k6088,0.2583,0.0,359.1131
k241,0.1174,796.0,367.1597
k2708,0.126,0.0,487.0503
k2683,0.2482,0.0,131.577
k1591,0.1013,0.0,103.5809
k4255,0.1665,0.0,349.6159
k301,0.3008,0.0,190.6948
k1089,0.2671,0.0,162.5031
k3157,2.1322,658.0,55.3828
k1021,0.2777,0.0,174.018
k5646,1.8132,0.0,86.0131
k5331,0.1821,0.0,230.5049
k2905,0.2265,0.0,1074.4436
k3020,0.3061,0.0,180.2471
k4751,0.2636,0.0,212.5288
k1690,0.0753,3678.0,41.4367
k6391,0.0959,0.0,188.0538
k6929,0.327,0.0,74.8766
k2322,0.2271,0.0,189.5534
k3959,0.3076,0.0,137.5227
k873,0.2703,0.0,233.8616
k1951,0.147,0.0,108.14
k11,0.1822,0.0,370.3245
k6172,0.1327,0.0,261.9971
k1397,0.494,0.0,193.1094
k6773,0.1136,0.0,365.381
k3925,0.0216,1132.0,399.2174
k1210,0.2085,179.0,237.4031
k5070,0.3394,0.0,87.5357
k1447,0.1446,9816.0,494.3099
k3642,0.2647,119.0,54.2033
k5453,0.1476,0.0,363.1425
k572,0.1167,0.0,305.3072
k5476,0.2967,0.0,109.9022
k6986,0.212,0.0,348.7496
k5096,0.0411,0.0,320.0664
k3980,0.1127,0.0,138.5442
k1003,0.1621,0.0,184.3285
k881,0.1682,418.0,353.7814
k4528,0.1787,0.0,155.5072
k3563,0.3642,0.0,119.3367
k3921,0.2133,0.0,538.5165
k3775,0.0915,0.0,224.0006
k2578,0.2487,0.0,136.2654
k5914,-0.1907,0.0,0.0
k3343,0.2754,0.0,251.5244
k1112,0.1356,0.0,633.2097
k6142,0.3464,577.0,97.6371
k5338,0.205,0.0,205.548
k6416,0.2056,0.0,398.5452
k5046,0.2758,418.0,131.3097
k4251,0.8442,737.0,110.8388
k524,0.8872,0.0,222.1041
k353,0.1708,0.0,235.9158
k1992,0.1307,0.0,161.5031
k7383,0.1871,0.0,198.7719
k411,0.3797,0.0,560.8231
k5086,0.1946,0.0,215.2324
k2516,0.1367,378.0,104.2785
k6544,0.1729,0.0,277.6545
k4258,0.4497,0.0,605.0424
k2293,0.0592,0.0,236.5338
k746,0.2094,796.0,72.2928
k3044,0.3768,0.0,82.0686
k2755,-0.0406,0.0,121.9067
k3215,0.3207,0.0,311.0486
k7414,0.2758,0.0,103.5338
k185,0.1397,0.0,122.7609
k416,0.1872,0.0,324.2241
k937,0.2487,0.0,299.5004
k6500,0.2727,0.0,151.268
k854,0.0869,1409.0,199.6246
k989,0.2198,0.0,191.1969
k654,0.3684,0.0,140.1508
k7502,0.285,179.0,113.554
k2084,0.3684,0.0,393.9264
k6631,0.1752,0.0,345.6447
k6271,0.734,9087.0,87.0919
k83,0.2927,0.0,324.0174
k4705,0.4215,0.0,133.5459
k5270,0.2769,179.0,75.634
k2647,0.2781,259.0,667.003
k7062,0.0617,0.0,444.302
k5410,0.1821,8528.0,808.5303
k4551,0.1671,0.0,143.014
k4902,0.3045,0.0,150.0208
k2160,0.3257,0.0,97.0696
k1260,0.2388,0.0,108.0104
k3355,0.55,3363.0,147.5076
k6811,0.2539,697.0,246.2722
k512,0.0795,0.0,150.1408
k5667,0.0951,139.0,267.4177
k413,0.3443,0.0,185.4562
k1319,0.1166,4713.0,153.6953
k4053,0.3344,218.0,124.291
k5295,0.419,0.0,250.72
k2745,0.0775,0.0,100.7435
k3356,0.1554,357.0,504.2393
k5743,0.9915,0.0,163.3065
k4431,0.3303,0.0,88.8651
k6866,0.403,616.0,138.9469
k1917,0.3155,596.0,76.5278
k2178,0.0795,0.0,65.192
k6347,0.0173,833.0,80.9475
k7387,0.1176,318.0,101.2089
k4038,-0.0023,139.0,57.8662
k4879,0.1572,0.0,481.1138
k6973,0.0437,0.0,132.0947
k6011,0.406,0.0,150.0408
k4681,0.1755,159.0,282.0044
k4786,0.1812,0.0,95.2694
k176,0.2897,0.0,550.3519
k5047,0.1057,80.0,459.0256
k7155,0.2643,0.0,0.0
k5801,0.0377,0.0,176.0007
k6144,0.2902,0.0,368.5919
k6957,0.1642,11988.0,589.1657
k4278,0.3061,0.0,275.6216
k4735,0.0847,179.0,119.877
k4581,0.1802,0.0,433.8093
k2440,0.0838,0.0,242.55
k2331,0.0073,0.0,145.5137
k6069,0.4497,0.0,194.1449
k1674,0.0526,0.0,99.0454
k942,0.1388,0.0,196.5407
k4758,0.0971,0.0,220.3548
k3799,0.2477,0.0,210.4335
k1914,0.2015,0.0,485.218
k4503,0.6429,0.0,177.5451
k2504,0.2873,0.0,251.584
k4708,0.2236,0.0,211.6182
k5982,0.2198,0.0,183.4734
k7357,0.2327,278.0,71.8923
k7431,0.1852,0.0,244.8183
k205,0.0377,0.0,129.8124
k6979,0.2908,0.0,177.5028
k6427,0.2633,0.0,450.0156
k6212,0.0246,2504.0,380.5
k2316,0.1342,0.0,185.7323
k7256,0.267,80.0,207.6566
k3873,0.1728,1411.0,95.0118
k4021,-0.1383,556.0,94.5
k425,0.3303,0.0,259.2552
k7422,0.4046,0.0,118.0953
k1152,-0.0086,0.0,253.5005
k659,2.9147,0.0,515.5546
k4295,0.0842,0.0,159.0786
k2723,1.7931,577.0,179.1382
k1441,0.3036,1234.0,303.4967
k7411,0.054,0.0,135.5701
k429,0.0801,0.0,229.0546
k6836,0.1469,0.0,90.8983
k5380,0.1456,0.0,191.0236
k3364,-0.0114,0.0,112.0413
k5307,0.5117,0.0,825.9546
k2892,0.1296,0.0,546.6736
k1206,-0.0593,0.0,360.0889
k6055,0.5104,0.0,201.0025
k7085,0.5974,0.0,173.6412
k1499,0.0841,1173.0,533.271
k4098,0.0703,160.0,460.0024
k4002,2.3196,0.0,190.4652
k5640,0.2165,0.0,430.0012
k5402,0.231,0.0,122.451
k4996,0.0681,775.0,122.2007
k6303,0.4939,0.0,82.134
k2990,0.6945,0.0,119.8384
k7168,0.0971,2167.0,407.511
k5487,0.2482,1412.0,66.7308
k505,0.283,0.0,148.9001
k209,0.3131,0.0,225.5621
k6803,0.2758,418.0,36.0555
k1532,0.1072,0.0,1454.5416
k6242,0.2062,0.0,561.6558
k5385,0.2442,836.0,500.1
k59,0.1723,0.0,141.5883
k4840,0.2667,0.0,195.9751
k4534,0.2988,238.0,329.6673
k3662,0.4189,0.0,210.5024
k3868,1.2187,0.0,217.5575
k2911,-0.0169,0.0,233.8568
k5075,0.1448,139.0,563.2238
k1908,0.0195,0.0,212.5376
k3586,2.9916,379.0,113.1106
k3641,0.1254,0.0,373.1729
k5741,0.1913,0.0,243.2781
k6083,0.3603,0.0,114.0175
k2107,0.3118,0.0,174.5623
k5931,0.0989,3480.0,68.6913
k1072,0.0713,0.0,51.4782
k3773,0.005,0.0,294.6375
k4036,0.327,0.0,127.6656
k5235,0.2032,0.0,90.118
k4266,1.9801,0.0,121.5504
k7093,0.082,298.0,100.3457
k4776,0.1526,3658.0,506.0089
k5290,0.55,0.0,153.0033
k2144,0.2401,0.0,547.5386
k3189,-0.0854,0.0,96.5117
k173,0.734,796.0,1591.8029
k936,0.3122,0.0,209.5239
k3362,0.2751,0.0,200.2255
k7236,0.0585,259.0,655.8363
k5182,0.9767,0.0,59.203
k916,0.2873,0.0,855.5298
k2380,0.1822,0.0,127.0157
k7480,0.1138,0.0,432.2962
k616,-0.07,0.0,52.1943
k6417,0.3878,0.0,77.9647
k4523,0.3402,0.0,143.5862
k2467,0.1523,0.0,262.1092
k4460,0.0756,0.0,75.4072
k294,0.2137,3938.0,140.7782
k6807,0.2729,0.0,269.5116
k1797,2.0375,11655.0,202.0155
k1195,0.0756,0.0,0.0
k1603,2.582,1036.0,0.0
k5351,0.0817,0.0,212.627
k6468,0.0427,0.0,119.7884
k5063,0.2401,0.0,128.2078
k3079,0.1717,0.0,219.1118
k3709,0.2062,0.0,578.1544
k7124,0.2347,0.0,62.0504
k641,0.0417,0.0,137.4627
k6611,0.0645,0.0,543.1429
k6028,0.1893,99.0,59.6657
k826,0.1952,0.0,77.06
k1067,0.124,0.0,158.749
k4857,0.2369,0.0,160.8112
k751,0.1335,0.0,211.1694
k5541,2.3481,20.0,66.7308
k3038,0.1816,0.0,284.9649
k1807,0.9595,0.0,128.6283
k3273,0.1427,0.0,165.0485
k390,0.5893,0.0,445.8343
k2952,0.304,0.0,101.8982
k1328,0.1875,159.0,196.5229
k5775,0.556,140.0,89.9347
k4616,0.1212,0.0,330.8266
k5250,0.6157,0.0,172.0966
k4457,0.2282,0.0,202.2554
k3924,0.3616,0.0,129.5531
k263,1.7995,0.0,136.7013
k2475,0.2966,0.0,135.5701
k4630,0.2813,0.0,131.8797
k3955,0.2116,0.0,115.5097
k7013,0.3023,258.0,396.2783
k3806,0.3262,796.0,442.685
k7068,0.2583,0.0,177.3083
k3081,0.2636,0.0,682.9863
k7069,0.2379,378.0,807.1488
k775,0.55,3363.0,888.1319
k7495,0.2389,3599.0,322.3713
k6647,-0.2634,0.0,141.934
k3132,0.2986,0.0,107.3336
k7192,0.1531,119.0,38.5
k1057,0.0643,0.0,153.2359
k5099,0.1606,716.0,158.5386
k5591,0.2655,2406.0,410.0598
k975,1.0685,4105.0,99.791
k7358,1.0012,0.0,165.0189
k2672,0.106,0.0,119.6547
k94,0.5592,0.0,131.5466
k506,0.3008,0.0,101.6673
k3377,0.2895,0.0,355.1479
k2248,0.1042,4533.0,307.2751
k7497,0.522,0.0,0.0
k5681,1.2396,0.0,267.1353
k5147,0.5782,0.0,149.0252
k6068,0.2768,1193.0,175.6822
k273,0.5514,0.0,210.2617
k2433,0.1102,0.0,996.452
k455,0.3843,0.0,151.9803
k3871,0.4398,0.0,210.1886
k6993,0.199,0.0,244.0215
k1365,0.171,0.0,242.4113
k2227,0.1029,2566.0,140.4226
k409,0.105,0.0,101.1781
k6241,0.2327,0.0,141.0035
k5651,0.2931,9816.0,485.0673
k1476,0.0513,0.0,580.7342
k2474,0.2938,0.0,265.4642
k4741,0.4955,438.0,214.3648
k196,0.0441,299.0,283.9331
k2166,0.4211,0.0,118.9212
k953,0.2895,1389.0,138.6001
k7459,0.0736,0.0,100.8179
k776,0.0859,0.0,598.312
k4515,0.1693,0.0,91.5874
k733,0.1342,398.0,197.7321
k5863,0.1366,0.0,216.037
k1840,0.1468,0.0,417.6967
k6821,0.6398,0.0,69.8713
k2055,0.2333,0.0,50.3289
k6509,0.287,0.0,351.4872
k2770,0.0085,0.0,164.5068
k2019,4.4917,1155.0,0.0
k4042,0.2777,0.0,183.0027
k4672,2.7606,0.0,94.5476
k5354,0.8315,896.0,74.783
k1573,0.3311,0.0,361.0405
k2831,0.3684,0.0,99.1476
k750,0.2243,854.0,92.9005
k5525,0.3095,379.0,662.4519
k7071,0.3265,0.0,780.2854
k3937,0.556,0.0,359.2944
k4238,0.7725,1434.0,253.9734
k1474,1.3664,937.0,58.228
k4160,0.1274,4450.0,584.1836
k2344,0.1795,2802.0,580.8548
k2023,0.2587,834.0,70.8696
k1778,2.2632,1137.0,110.0102
k7055,0.1319,0.0,470.5159
k3117,0.0795,0.0,136.18
k2823,2.0375,0.0,111.4462
k5013,1.3177,0.0,83.9315
k3940,-0.0238,1193.0,356.6402
k2387,0.1091,198.0,98.6268
k744,0.5007,0.0,161.698
k2413,0.1433,0.0,412.9558
k6201,0.2699,0.0,521.318
k7587,0.2253,0.0,109.6141
k2351,0.5301,0.0,217.5092
k5045,1.1346,0.0,329.3543
k3233,0.147,358.0,180.2776
k6790,0.0526,0.0,124.901
k1702,0.2565,914.0,264.8443
k4296,0.1661,0.0,176.9364
k3025,0.3773,0.0,20.5183
k6511,1.4375,4225.0,116.6298
k964,0.1167,1271.0,151.7383
k6435,0.304,0.0,147.666
k2724,0.0971,0.0,208.1015
k6397,0.2482,0.0,183.5824
k5054,0.1795,0.0,125.9246
k4684,0.1032,0.0,387.5116
k5512,0.069,0.0,324.0004
k4129,0.2647,0.0,210.8418
k6702,0.748,11655.0,55.0091
k2102,0.1822,0.0,243.6658
k1971,0.2469,0.0,442.764
k1531,1.058,2152.0,135.9458
k3373,0.1356,0.0,315.9343
k2301,-0.0131,1670.0,927.045
k4348,0.3695,0.0,153.8059
k5570,0.1656,3596.0,329.5243
k6493,0.2802,119.0,58.6366
k1415,0.3596,0.0,125.5488
k245,0.214,0.0,212.5147
k7305,0.1165,0.0,56.8177
k4034,0.2644,0.0,166.0903
k6875,0.3575,1434.0,102.774
k53,0.6683,0.0,502.0458
k6787,1.1076,438.0,197.851
k6935,0.2327,0.0,195.075
k5173,0.0282,0.0,262.0558
k2611,0.1693,0.0,99.8123
k6413,0.3083,0.0,112.3755
k7079,0.132,0.0,620.942
k4664,0.1441,0.0,122.5
k2032,0.1507,0.0,178.6008
k6942,0.3512,0.0,211.1333
k5088,0.1555,0.0,1069.5379
k6081,0.2903,0.0,457.8398
k3922,0.0263,0.0,113.0863
k3974,0.1327,0.0,73.2069
k5191,0.123,0.0,67.574
k6580,0.1319,0.0,198.1067
k5567,0.1945,298.0,217.019
k6854,0.5893,0.0,148.0076
k2967,0.0915,3359.0,110.5486
k6200,0.0837,0.0,130.384
k4926,0.0833,597.0,141.8185
k1632,0.2486,0.0,210.965
k5761,0.0825,0.0,93.6082
k3982,0.2327,80.0,155.2417
k436,0.1476,0.0,239.4394
k5542,0.2428,0.0,79.3237
k7081,0.0522,0.0,225.1227
k4006,0.0904,0.0,89.9694
k2099,0.0395,1034.0,829.0544
k7231,-0.0406,0.0,696.6208
k124,0.1446,0.0,143.3954
k6543,0.3893,0.0,307.1404
k4017,0.1918,0.0,93.6336
k3254,2.157,0.0,70.2887
k7131,1.7537,1137.0,1442.3623
k5851,0.3395,0.0,133.4541
k3360,0.0925,0.0,152.5819
k5696,0.1254,0.0,231.6948
k6617,0.2781,0.0,95.1972
k217,0.8115,0.0,210.535
k6633,0.1913,0.0,242.8482
k4859,0.71,0.0,57.6823
k4190,0.3273,0.0,114.0537
k7266,0.1568,0.0,145.7232
k1405,2.1332,0.0,650.0763
k4957,0.0961,0.0,451.2084
k4279,-0.0089,0.0,340.1092
k3546,0.1693,0.0,117.1292
k7160,-0.1218,0.0,173.4596
k6797,0.5303,99.0,113.4251
k2864,0.0242,0.0,106.1379
k5787,0.522,0.0,263.574
k341,0.2743,318.0,212.1114
k581,0.1876,0.0,218.7287
k1619,0.208,2406.0,95.1381
k5451,0.1497,2464.0,590.5256
k1463,0.3977,0.0,92.2659
k6008,0.1671,0.0,800.5226
k1666,0.1138,279.0,171.1586
k5734,0.0923,0.0,200.0531
k3500,0.0581,0.0,174.3395
k1395,0.1916,0.0,113.5011
k2955,0.0859,0.0,223.5805
k716,0.2386,0.0,205.6502
k140,1.4366,0.0,307.033
k4958,0.1215,4791.0,821.5184
k7418,1.0317,0.0,142.5219
k2278,0.1764,318.0,146.6671
k7201,0.0647,0.0,307.1042
k5080,0.0628,0.0,0.0
k188,0.1755,219.0,117.3382
k6257,0.2802,0.0,102.0306
k7110,0.2978,0.0,286.507
k6754,0.1527,2147.0,346.061
k6793,1.2407,0.0,119.2665
k1479,0.6357,0.0,196.8712
k3538,0.3553,0.0,213.5053
k6363,0.1852,0.0,382.0393
k5140,0.0979,0.0,176.0575
k4323,0.5974,0.0,464.0178
k1587,0.1785,696.0,143.0472
k1117,0.9995,0.0,139.8231
k4332,0.496,0.0,122.2007
k6597,0.5288,199.0,134.8008
k872,0.0395,0.0,410.9699
k895,2.582,1036.0,326.5061
k6627,0.1306,457.0,55.0114
k6370,0.0441,0.0,147.0459
k7060,0.2033,0.0,272.1089
k1075,0.231,0.0,118.0858
k1115,0.3651,6143.0,126.8671
k7252,1.6662,638.0,195.7173
k3240,0.795,0.0,110.5554
k828,0.2373,0.0,310.2084
k882,0.1201,0.0,100.8179
k6657,0.29,0.0,72.2669
k2174,0.3438,0.0,163.1295
k948,0.2081,913.0,398.6142
k4059,0.1767,0.0,171.3337
k1875,0.1111,9184.0,79.6273
k5862,0.2713,0.0,247.358
k4240,0.2966,179.0,65.7742
k3129,0.0343,0.0,178.9839
k5942,0.1385,0.0,156.1802
k5372,0.1977,0.0,96.7497
k1450,0.2114,0.0,95.3362
k4736,1.2187,0.0,295.5486
k842,0.0128,0.0,279.3676
k6834,0.1206,139.0,52.8417
k6538,1.1741,0.0,123.2599
k782,0.1462,278.0,316.532
k1935,0.6234,0.0,104.4629
k1261,0.3212,2265.0,277.0451
k6996,0.1169,0.0,70.8025
k6219,0.231,0.0,118.6054
k3308,0.356,0.0,245.7931
k4730,0.3311,0.0,178.9728
k3656,0.1876,199.0,196.7543
k2914,0.1934,0.0,163.1104
k1635,0.0841,0.0,130.8482
k450,0.3303,0.0,207.9663
k532,0.117,379.0,573.6055
k770,-0.1683,914.0,154.0811
k4626,-0.0073,0.0,276.0041
k2657,0.3095,0.0,208.2793
k300,0.1796,0.0,698.8664
k4093,0.7736,2091.0,170.8106
k2887,0.2265,159.0,251.584
k5463,0.2022,11988.0,122.0656
k1064,0.0541,0.0,697.775
k3877,0.8215,0.0,176.8191
k7600,0.1623,0.0,180.3607
k4037,0.3464,577.0,119.8384
k2074,0.2802,0.0,77.5145
k1963,0.55,0.0,146.7762
k4243,0.2589,0.0,82.7602
k4410,0.2128,0.0,254.1776
k518,0.081,299.0,288.4441
k1811,0.447,617.0,165.4645
k6662,0.8481,0.0,560.9503
k785,0.1031,0.0,104.4761
k1376,0.2206,0.0,124.3483
k7020,0.3303,0.0,353.5127
k4520,0.2081,0.0,125.9573
k2252,0.203,0.0,158.2024
k1471,0.1792,4969.0,155.2297
k3368,-0.079,99.0,56.7825
k5911,0.2153,0.0,189.8486
k711,0.211,0.0,159.3047
k2451,0.3212,11988.0,660.0153
k2110,0.4488,855.0,194.4544
k4153,0.2182,6363.0,227.6648
k3320,0.4949,1372.0,79.5016
k728,0.279,0.0,321.5004
k1768,-0.1094,438.0,160.5631
k3017,0.3507,0.0,452.0426
k5997,0.1402,278.0,550.5908
k5067,0.5067,458.0,103.64
k4465,0.0161,8329.0,286.5349
k7478,-0.0162,0.0,173.7081
k1216,0.4191,0.0,126.0724
k2503,0.2924,0.0,870.0829
k295,0.0412,0.0,52.9009
k6901,0.1819,597.0,154.1752
k7413,0.1883,0.0,58.8069
k5445,0.1366,0.0,560.0116
k4507,-0.0228,0.0,703.4732
k218,0.2952,6363.0,262.3738
k7562,0.0751,0.0,201.8143
k3230,0.1015,0.0,196.0542
k7043,0.0696,497.0,189.9849
k7002,0.1831,874.0,553.097
k2793,0.2246,0.0,171.0117
k4793,0.1388,0.0,143.921
k1626,0.5327,0.0,184.6957
k310,0.0267,0.0,96.7471
k1059,0.0259,0.0,168.0216
k934,0.3345,0.0,496.258
k7505,0.2216,1193.0,256.9679
k4490,0.1698,0.0,152.5524
k586,0.2394,2347.0,136.0744
k6653,0.1595,517.0,189.4842
k6513,0.5288,0.0,44.78
k4033,1.1967,0.0,110.3279
k1616,0.2592,0.0,211.5148
k19,0.4046,0.0,118.0678
k1618,0.1461,199.0,71.5856
k6317,0.3408,0.0,151.0828
k332,0.1201,0.0,432.6413
k7518,0.2546,0.0,82.5136
k5323,0.5124,0.0,353.0871
k305,0.2671,0.0,87.5857
k1696,-0.0861,677.0,127.7204
k2815,4.4917,897.0,0.0
k7048,0.1201,0.0,200.1125
k4405,0.0418,0.0,84.5237
k6078,0.2221,259.0,259.525
k3894,0.0903,0.0,675.7139
k6976,0.0467,1511.0,60.6012
k3528,0.0634,0.0,86.7006
k5269,0.4182,0.0,155.1161
k104,0.2071,675.0,96.1054
k2327,1.5631,0.0,176.2874
k6379,0.1401,119.0,101.8148
k2463,0.1527,6363.0,190.19
k2560,0.2216,0.0,288.4185
k3239,0.2781,0.0,209.1728
k1495,0.2938,0.0,174.4484
k4633,0.3223,0.0,192.814
k3422,0.4364,0.0,58.4337
k3509,0.0435,0.0,128.4299
k1919,0.0526,418.0,130.0779
k1459,0.295,0.0,110.4095
k6892,0.1649,0.0,769.3585
k664,0.5782,0.0,203.9314
k5980,0.193,0.0,226.8816
k3527,0.1532,0.0,68.0
k2450,0.1592,0.0,141.9947
k2907,0.291,0.0,289.5004
k7484,0.3193,0.0,188.908
k6408,0.2298,0.0,292.0616
k4588,0.1456,1611.0,124.6445
k1549,-0.0193,457.0,577.0366
k1362,0.2625,0.0,383.4795
k5955,-0.0861,159.0,140.0143
k1143,-0.1215,0.0,110.0023
k2983,0.2524,0.0,79.489
k3792,0.5327,0.0,67.0914
k2877,0.3006,0.0,100.08
k2339,0.4955,0.0,198.7542
k4256,0.211,0.0,95.0224
k78,0.133,179.0,85.5015
k5037,0.2964,0.0,88.0227
k5262,0.0866,0.0,298.5737
k3084,0.4361,0.0,160.5895
k5419,0.1788,616.0,440.0821
k736,0.2119,99.0,116.2497
k6036,0.1086,0.0,189.8848
k7548,0.3575,9087.0,140.1517
k417,0.2385,0.0,311.6769
k1281,0.0996,278.0,236.3906
k2033,0.3023,0.0,125.6831
k6987,-0.3453,2550.0,1057.0072
k1341,0.0692,119.0,240.5546
k673,0.2751,338.0,300.5004
k3932,0.0823,0.0,220.6451
k3927,0.5097,0.0,744.0276
k7423,0.0841,576.0,194.5829
k1422,0.1935,0.0,115.7411
k4748,0.123,0.0,131.461
k1648,0.2327,0.0,550.3294
k1244,0.0605,0.0,179.5467
k6157,0.291,219.0,501.4192
k1113,0.1606,676.0,103.0837
k6226,0.3642,0.0,262.0305
k3861,0.1296,0.0,1019.6304
k4697,0.2322,834.0,312.5076
k3271,0.1913,616.0,698.5517
k3152,0.2431,0.0,49.023
k3080,0.6206,2127.0,553.9251
k5631,0.1206,139.0,370.7159
k5460,0.3418,0.0,127.548
k491,0.3241,0.0,271.0018
k660,0.2906,0.0,179.0175
k4353,0.4174,0.0,241.2105
k5641,0.2906,239.0,103.646
k6071,0.1795,676.0,216.2799
k2432,0.7781,0.0,1223.1088
k1670,0.3095,0.0,139.5224
k1876,0.1838,0.0,363.6661
k2126,0.205,0.0,1406.9333
k7216,0.1271,8147.0,169.0118
k4110,0.0079,0.0,67.5019
k1078,1.4366,0.0,117.5043
k3999,0.0487,0.0,77.0876
k395,0.7562,0.0,77.1038
k3169,1.9596,0.0,71.0634
k1246,0.4968,0.0,148.0135
k3133,0.2094,0.0,219.206
k7487,0.9595,0.0,111.8794
k3382,2.0166,0.0,82.5015
k7494,0.8567,338.0,98.9103
k6861,0.2302,0.0,618.0809
k1419,1.3035,897.0,335.8724
k2883,0.1405,0.0,352.473
k1278,0.1522,0.0,172.9227
k5139,0.0073,0.0,424.945
k3780,0.1808,0.0,58.3802
k2970,0.1356,6001.0,159.8202
k5238,0.1819,119.0,742.8879
k5927,0.1202,0.0,303.7585
k4128,0.3804,5363.0,605.2183
k4716,0.2142,0.0,149.5836
k2917,0.2636,0.0,239.9568
k1084,0.1491,0.0,151.4001
k4763,0.0916,8329.0,79.5692
k6098,0.1267,954.0,130.7765
k4517,0.1233,4314.0,147.9096
k3437,0.3622,0.0,585.0479
k1985,0.2116,516.0,193.0058
k1665,0.3466,338.0,349.7417
k2273,0.1753,338.0,23.4361
k6022,0.1172,6363.0,244.0005
k7370,0.1867,0.0,134.0168
k3520,0.2198,159.0,160.0445
k1457,0.1726,0.0,297.0038
k6782,0.3583,0.0,157.7862
k6679,0.2288,0.0,301.2682
k5564,0.3008,0.0,186.6936
k2635,0.0377,1292.0,502.0159
k2304,0.1396,0.0,179.3551
k5887,0.101,1013.0,131.3554
k5115,0.1745,0.0,90.1804
k1649,0.2699,0.0,232.1379
k7420,0.0329,0.0,231.2407
k7009,0.0835,0.0,92.0666
k1159,0.3045,0.0,116.3873
k3617,0.2758,278.0,151.6344
k707,0.2923,0.0,255.5044
k3281,0.1166,0.0,0.0
k6673,0.374,0.0,963.9922
k5500,0.4633,139.0,53.8145
k5848,0.5545,0.0,203.6989
k2235,-0.0238,0.0,85.9215
k1719,0.1708,0.0,147.085
k1257,0.4978,0.0,200.3902
k2491,0.1421,0.0,176.5453
k3964,0.1525,0.0,378.3784
k3874,0.0908,0.0,143.5035
k291,0.3131,0.0,142.4825
k1910,0.3965,933.0,311.5004
k624,0.0596,0.0,487.0657
k3902,0.4321,0.0,448.0784
k1392,0.3761,0.0,116.1034
k3978,0.3002,0.0,129.0242
k7230,0.4871,198.0,1274.0944
k806,0.2184,0.0,138.4133
k1558,0.0057,1412.0,138.5469
k6342,0.404,0.0,128.7643
k6139,0.6253,99.0,121.9529
k2756,0.2765,0.0,87.9233
k2417,0.127,0.0,45.467
k798,0.4046,199.0,435.3723
k2689,0.0136,0.0,417.0432
k5849,1.0896,0.0,59.5525
k4058,-0.0379,2091.0,91.0343
k2722,0.1345,0.0,726.9458
k5742,0.2645,0.0,289.7089
k2277,0.1681,0.0,98.8863
k5642,0.2232,0.0,81.2665
k6733,0.2822,0.0,148.6649
k3633,0.2271,15604.0,372.9786
k1136,0.164,0.0,129.0659
k3082,0.2122,0.0,129.124
k7453,0.1752,1172.0,558.2902
k2030,0.1586,99.0,338.6333
k5381,0.4381,0.0,958.4313
k1026,0.2875,1410.0,113.5837
k5030,0.4067,0.0,725.6793
k3723,0.0122,0.0,158.418
k6001,0.3547,0.0,130.124
k4654,-0.0378,0.0,125.1209
k3556,4.4917,3328.0,521.6474
k7491,0.6525,9087.0,147.5813
k5830,0.0651,0.0,160.0383
k4135,0.327,0.0,435.3323
k5756,0.3343,338.0,309.3429
k1416,0.1386,1152.0,62.9007
k5165,0.1487,0.0,190.0164
k3051,0.0265,0.0,41.1096
k1255,0.1968,0.0,322.1401
k7409,0.2227,2265.0,303.4555
k1308,0.1378,0.0,109.859
k5264,0.2094,0.0,546.7966
k3210,0.0993,0.0,308.8466
k3259,0.4201,0.0,60.0187
k2443,0.3302,0.0,327.5336
k5412,0.1859,2961.0,172.7035
k5170,0.2895,0.0,162.5
k6270,0.2847,0.0,113.6717
k3678,0.0971,1173.0,155.7731
k5065,0.5782,139.0,219.5797
k2060,0.1212,298.0,148.3139
k6691,0.2032,0.0,430.308
k2226,0.275,0.0,210.9247
k4818,0.1926,0.0,344.8279
k4610,1.4261,0.0,173.572
k3168,0.4009,0.0,161.2893
k7543,0.2843,0.0,316.532
k4263,0.3101,0.0,385.2768
k4820,0.0103,0.0,165.1802
k557,0.203,0.0,176.7831
k126,0.0443,0.0,542.6272
k6668,0.4043,0.0,23.0705
k3222,0.2327,139.0,240.127
k4711,0.283,0.0,164.0526
k2241,-0.1566,0.0,150.5033
k7024,0.4063,437.0,437.1032
k5897,0.3161,258.0,231.0779
k7018,0.0989,0.0,203.6916
k4272,0.3547,0.0,707.5601
k7607,-0.0379,0.0,262.1893
k5780,-0.2634,0.0,112.641
k1065,0.2338,437.0,164.56
k4725,0.2873,0.0,87.6156
k6285,0.4033,0.0,221.5457
k4271,0.4981,0.0,95.8775
k5936,0.2544,0.0,213.3928
k2355,0.1211,0.0,154.1371
k7593,0.0152,0.0,192.6662
k3699,0.2253,298.0,303.2375
k7531,0.2643,0.0,156.9721
k2405,1.49,896.0,568.4259
k6386,0.0608,0.0,100.8129
k6388,0.169,0.0,279.1008
k4382,-0.924,0.0,245.3166
k3600,0.0265,0.0,86.9511
k2004,3.2536,0.0,234.2845
k5448,0.1177,0.0,703.3129
k1175,0.0435,0.0,179.3941
k6467,0.1059,0.0,70.6771
k658,0.2545,0.0,160.1999
k5349,0.2635,0.0,178.1011
k1681,0.1771,0.0,219.8846
k1110,-0.05,0.0,194.5045
k3068,0.4621,0.0,0.0
k5850,0.5197,0.0,168.6891
k4392,0.4623,0.0,77.1767
k517,0.2213,0.0,137.6526
k2913,-0.1885,0.0,95.7405
k7547,0.3627,0.0,587.5734
k3227,0.1741,1153.0,747.2424
k6455,1.8012,0.0,114.6571
k3283,0.1174,0.0,165.1091
k2889,0.1315,438.0,177.1899
k848,0.0939,0.0,200.0156
k1809,0.2841,0.0,137.2334
k7403,0.0795,378.0,96.5829
k2579,0.2822,0.0,358.5056
k4743,0.056,0.0,279.0112
k3881,0.2063,0.0,88.4096
k4182,0.1806,1114.0,107.5174
k1274,0.6429,0.0,118.1059
k5434,0.1515,0.0,158.1305
k3207,1.9801,0.0,69.5701
k5073,0.2966,0.0,150.7987
k6981,0.0395,0.0,164.5919
k7384,1.1741,0.0,363.5691
k16,0.152,0.0,125.4442
k6356,0.1235,0.0,641.4415
k5808,0.5515,775.0,95.0053
k5798,0.3095,0.0,276.5651
k35,0.1416,795.0,238.3548
k5840,0.1113,477.0,12.3491
k1620,0.164,0.0,78.667
k4479,0.3095,0.0,320.3514
k6743,0.1748,0.0,181.0532
k2035,0.126,258.0,119.5094
k743,0.2986,0.0,662.9874
k2015,0.3344,3914.0,122.55
k2195,0.1383,0.0,104.1561
k6558,0.4465,0.0,188.8207
k262,0.2873,0.0,470.0234
k2712,1.3177,0.0,645.9729
k2058,0.1437,0.0,868.4752
k6474,0.2759,0.0,71.9253
k1347,0.152,0.0,181.0
k4216,0.0954,3897.0,138.5009
k5669,0.3082,1630.0,197.6392
k463,0.2303,0.0,85.1469
k1036,0.2232,259.0,285.0689
k6105,0.25,0.0,110.2112
k2044,1.3035,0.0,103.0194
k96,0.1795,0.0,239.669
k4631,-0.0379,0.0,379.0963
k2549,0.2591,0.0,146.4189
k3807,0.1211,0.0,374.3237
k6436,0.1427,0.0,242.6489
k4622,0.3958,219.0,94.0811
k6371,0.2776,0.0,749.3659
k3276,0.1296,0.0,193.5885
k1002,0.2927,0.0,216.3354
k7140,0.0841,1094.0,98.0319
k2492,0.1755,0.0,246.6577
k3175,-0.4835,1016.0,154.4385
k3202,0.3045,0.0,401.0527
k6665,0.1893,0.0,70.0179
k6573,0.1461,0.0,317.2389
k5369,0.4533,278.0,39.8811
k5087,0.0954,0.0,217.1555
k43,-0.0379,0.0,132.8345
k6909,0.3985,358.0,97.0322
k1606,0.1538,0.0,122.4847
k5483,1.7096,0.0,89.4539
k6832,0.4465,0.0,135.9062
k3571,0.037,0.0,113.2166
k7159,0.4446,0.0,200.3304
k2523,0.3507,1172.0,577.5866
k5000,0.1462,1888.0,105.0107
k5072,2.9916,2231.0,86.3713
k7053,0.8567,338.0,755.7508
k2120,0.3182,338.0,868.8757
k6269,0.3082,80.0,321.753
k5018,0.2379,0.0,362.4417
k6458,0.0871,0.0,183.1427
k4770,1.4635,0.0,60.698
k3928,0.212,0.0,96.8401
k4466,0.2253,0.0,96.9665
k6179,0.1529,0.0,189.191
k3886,0.1327,0.0,317.5661
k6755,0.029,0.0,77.1524
k5718,0.3241,0.0,158.5197
k6030,0.1379,0.0,118.6518
k7067,0.2848,0.0,246.6034
k3944,1.9002,897.0,104.0769
k6771,0.1289,0.0,148.1595
k1188,0.2182,0.0,297.1855
k4999,0.1542,954.0,243.0417
k4557,0.3375,656.0,152.8807
k2871,0.2018,675.0,373.3969
k6236,0.1102,0.0,192.5104
k5705,0.054,0.0,257.0627
k908,0.2282,0.0,476.5315
k6591,0.2482,0.0,63.1269
k2366,0.1469,0.0,102.2754
k6254,0.3328,0.0,293.8388
k5124,0.19,0.0,139.5036
k4227,0.0071,0.0,449.3
k4974,0.283,199.0,58.2151
k6353,0.0917,0.0,151.2878
k2180,1.4375,12432.0,75.0067
k5442,0.2242,0.0,73.0274
k4012,0.19,0.0,125.036
k1964,0.3008,0.0,657.164
k2311,0.1766,318.0,252.0005
k6125,0.2228,0.0,222.509
k3765,0.1538,0.0,613.3574
k2039,0.082,0.0,190.217
k5883,0.1356,0.0,409.2007
k5519,0.3266,198.0,120.9566
k2675,0.0259,99.0,30.7612
k6869,0.2497,0.0,385.5208
k438,0.3452,0.0,824.8674
k1814,0.2633,139.0,49.5429
k2269,0.258,0.0,296.551
k2960,0.2347,0.0,92.1588
k6346,0.8115,0.0,261.1384
k897,2.0375,22218.0,481.8641
k3445,0.0752,0.0,166.012
k4829,0.1455,0.0,243.837
k2348,-0.0238,0.0,107.3231
k6568,0.3843,199.0,239.3141
k166,0.5216,0.0,173.3854
k49,0.3507,0.0,85.6417
k3896,-0.8475,637.0,129.0591
k2263,-0.6298,0.0,80.6505
k511,0.0703,0.0,113.2089
k5002,0.2667,0.0,225.8058
k5032,0.1951,0.0,614.0004
k5489,0.1315,0.0,148.0076
k3568,0.1217,2265.0,176.5007
k5845,0.2853,0.0,261.0388
k1467,0.2743,0.0,670.9257
k5967,0.1402,0.0,215.0913
k945,0.682,0.0,155.5394
k7415,0.1396,0.0,76.4232
k7401,0.2292,0.0,137.5082
k6739,0.154,218.0,386.5
k5198,-0.0439,0.0,245.8709
k6228,1.7037,638.0,55.581
k5236,0.1309,0.0,178.6708
k3196,0.2689,0.0,62.9682
k843,0.2052,358.0,766.2997
k6213,0.0647,0.0,156.2314
k3725,0.193,0.0,170.5007
k3470,0.114,596.0,40.5278
k6476,0.447,20.0,53.1154
k2115,0.728,4225.0,242.1012
k6399,0.4313,0.0,585.7184
k846,0.4466,0.0,101.0272
k5617,0.0769,0.0,590.5294
k4830,0.1771,0.0,137.2088
k3914,0.196,0.0,184.0849
k2707,0.2496,0.0,472.6957
k2255,0.1034,179.0,91.9035
k1172,0.0966,0.0,102.528
k346,0.3006,0.0,107.3371
k2330,0.5545,0.0,202.5883
k7326,-0.0124,0.0,125.004
k6545,0.3642,0.0,642.5553
k1165,0.5094,0.0,125.6234
k3602,2.5372,239.0,398.0707
k1299,0.1327,0.0,249.1154
k2411,0.3163,0.0,105.3043
k5881,0.0652,0.0,481.0969
k3309,0.1595,0.0,125.9811
k2676,0.2019,0.0,388.5051
k2537,1.4612,0.0,119.3325
k6403,0.142,0.0,217.0576
k3248,0.3207,0.0,572.1713
k7470,0.0166,0.0,174.0065
k5879,0.3344,992.0,411.2922
k5778,1.4375,12432.0,84.0729
k4965,0.3402,0.0,247.601
k2374,0.4381,775.0,187.6306
k514,0.8215,398.0,303.5807
k749,0.2572,0.0,137.7725
k1071,0.1465,0.0,586.7355
k2902,0.0411,0.0,553.0509
k4608,0.3344,0.0,81.5751
k6746,0.0793,855.0,140.6289
k6049,0.748,1434.0,186.6936
k6732,-0.021,0.0,1041.8582
k1605,0.1859,0.0,178.1264
k6669,0.2303,0.0,169.0976
k3475,0.2347,0.0,658.1172
k6574,0.106,656.0,271.0018
k3651,0.1626,0.0,134.0755
k1830,0.1991,0.0,80.7233
k5907,0.2724,0.0,106.4918
k3815,0.1647,0.0,93.5481
k6881,0.1026,597.0,71.528
k6530,0.1767,0.0,92.9045
k1647,0.2401,1611.0,314.5894
k7396,1.5165,0.0,153.5985
k1713,-0.0316,159.0,191.7661
k6764,0.1646,0.0,151.4414
k4335,0.01,0.0,89.5126
k859,0.2265,0.0,156.5799
k3618,0.1752,0.0,242.7396
k2408,0.1882,0.0,177.3415
k3677,0.1718,0.0,109.8692
k4314,0.0752,0.0,87.8208
k4451,0.1794,0.0,340.0037
k3388,0.3095,0.0,168.4429
k4347,0.1437,0.0,86.5361
k6915,-0.8588,0.0,53.4439
k3808,0.1391,0.0,429.6283
k1939,0.0762,0.0,51.8773
k6886,0.2751,0.0,146.1249
k871,0.1871,0.0,291.5257
k3192,0.3876,6064.0,202.4846
k1581,0.1617,0.0,246.8694
k4352,0.3536,1132.0,152.0403
k1253,0.2232,0.0,61.4003
k7090,0.2182,6363.0,210.4525
k486,0.1201,0.0,606.7967
k4887,-0.1365,2152.0,409.4985
k17,0.0259,3837.0,40.05
k4127,0.2673,0.0,335.1869
k6450,0.1737,338.0,269.2438
k6835,1.954,1434.0,0.0
k540,0.0954,0.0,427.3585
k3143,-0.0439,0.0,169.4616
k2941,0.1342,0.0,418.0108
k6136,2.9147,0.0,106.6314
k550,0.2725,337.0,165.0916
k471,0.4941,497.0,107.8378
k2315,-0.1885,80.0,25.0799
k3323,0.3761,0.0,365.4436
k1174,0.1882,0.0,119.105
k3622,-0.0024,676.0,351.4616
k2244,0.0122,0.0,148.4461
k2161,0.348,3141.0,176.9357
k5326,-0.0315,0.0,420.2011
k3984,0.2246,0.0,224.2014
k2020,0.1174,0.0,191.0007
k3822,0.419,3596.0,716.0939
k7129,0.4067,0.0,326.0751
k220,0.3122,0.0,136.8247
k6017,0.2497,0.0,168.7965
k3272,0.2439,0.0,508.4958
k3279,0.3045,0.0,274.2358
k343,0.1361,0.0,114.9282
k5502,0.2781,0.0,134.1538
k174,0.0751,6938.0,100.6591
k5886,0.3516,0.0,110.5271
k1349,0.01,0.0,129.2604
k5490,0.5463,0.0,166.0158
k7361,-0.0299,0.0,311.6637
k3009,0.0707,0.0,210.3426
k6248,0.1788,2107.0,155.4638
k6034,0.1586,0.0,278.8301
k3114,0.374,218.0,151.9186
k2264,0.2701,80.0,206.8846
k2172,0.3834,0.0,181.7945
k5459,0.162,0.0,119.6046
k1723,0.0918,1331.0,116.7776
k1140,0.4224,0.0,142.4307
k2151,1.3035,4864.0,297.7302
k1193,-0.039,1612.0,809.7711
k861,0.3583,0.0,91.9633
k6405,0.2347,0.0,66.8973
k5613,0.3695,0.0,132.8053
k1966,0.0557,0.0,119.3838
k1925,0.447,637.0,450.0189
k5566,0.1806,1512.0,152.0526
k1599,0.0608,974.0,96.9459
k3247,0.35,1053.0,274.5551
k3655,0.1174,796.0,78.3661
k3263,0.3512,1273.0,451.0635
k2600,-0.0204,715.0,243.4184
k7103,0.1059,0.0,184.5644
k5373,0.1784,0.0,202.0
k1607,0.1183,0.0,825.7471
k6089,0.2405,0.0,197.0159
k281,0.948,17872.0,273.2018
k4487,0.2848,0.0,241.4591
k7232,0.1315,1551.0,465.758
k336,0.1592,2342.0,69.8033
k2487,0.5452,0.0,51.6188
k3493,0.3241,0.0,113.5473
k2071,0.128,0.0,101.0371
k3097,0.4836,0.0,59.4643
k155,0.2135,0.0,320.6513
k440,0.0606,9184.0,125.1259
k6280,0.1465,0.0,146.6024
k1815,0.1753,0.0,79.5016
k1270,1.9487,1334.0,109.3446
k6877,0.2135,0.0,462.4722
k4327,0.2842,4969.0,161.3978
k2075,0.2786,795.0,175.0893
k459,0.3381,179.0,53.0094
k2312,0.2455,657.0,125.8223
k610,0.1812,0.0,128.001
k5094,0.9212,0.0,973.2801
k7255,0.35,576.0,127.5088
k3235,0.0975,0.0,291.776
k5345,0.0591,0.0,628.7394
k700,0.2032,0.0,162.8381
k6826,1.5351,0.0,116.2723
k6355,0.2257,716.0,93.771
k6326,0.0305,1751.0,733.0921
k1315,0.4452,179.0,249.2007
k63,0.1167,0.0,309.7325
k1544,0.3358,0.0,144.17
k1425,0.3273,0.0,325.9149
k6628,1.3232,0.0,89.0351
k282,0.0839,0.0,193.0317
k3534,0.3379,417.0,578.2173
k7395,0.0958,0.0,345.3259
k3665,0.1882,0.0,171.4563
k2176,0.0386,0.0,151.5008
k340,0.6081,0.0,296.5611
k5559,0.4052,0.0,30.7002
k5375,0.8065,0.0,494.1225
k6150,0.494,656.0,221.6529
k3058,0.3901,0.0,547.7958
k1291,0.246,0.0,159.6598
k4161,0.1698,0.0,288.1189
k2418,0.287,0.0,107.3336
k2092,0.0377,0.0,331.425
k4923,0.3397,0.0,231.0779
k4248,0.4915,0.0,263.7698
k6541,0.1837,0.0,153.5814
k7466,0.1057,1630.0,176.8679
k5744,0.0985,0.0,26.0048
k5713,0.1795,0.0,333.5375
k227,0.0781,0.0,89.2328
k7148,0.2636,0.0,218.2441
k5300,0.1426,0.0,143.5871
k1999,0.1595,517.0,172.5877
k3697,0.9836,0.0,119.0851
k3705,0.1526,3639.0,160.8182
k5866,0.0455,0.0,254.5781
k7301,0.147,0.0,109.0046
k3791,0.3379,1134.0,244.6002
k252,1.1741,0.0,166.818
k819,0.2015,0.0,250.0125
k7012,2.3504,0.0,136.3607
k1912,0.1113,477.0,241.1327
k5017,0.0886,0.0,778.0214
k2077,0.1296,0.0,121.2322
k6991,0.1357,0.0,139.5797
k2284,0.1896,0.0,701.428
k7419,0.3339,697.0,88.5127
k4713,0.1896,0.0,56.5354
k6944,-0.0299,0.0,111.7016
k5219,0.1522,3938.0,250.7494
k712,0.4338,199.0,67.9283
k6664,0.3161,1492.0,158.0008
k740,0.237,0.0,414.9584
k1969,0.0958,0.0,49.6639
k5877,2.7764,398.0,233.0263
k3313,0.4211,0.0,848.6849
k3981,0.0726,0.0,133.0423
k2547,0.2116,516.0,100.6541
k4181,0.0939,0.0,613.2889
k5529,0.1393,477.0,179.2017
k2320,0.7781,0.0,372.6342
k5645,0.1316,0.0,232.5048
k1068,0.1205,139.0,139.4794
k296,0.3358,0.0,131.6368
k6528,0.092,557.0,101.7767
k6039,0.1469,995.0,100.0612
k3781,0.3512,0.0,84.0907
k855,0.1531,0.0,153.8343
k3302,0.2327,834.0,170.5
k7098,0.0572,0.0,305.3936
k4432,0.1211,497.0,105.5746
k4950,0.3303,0.0,192.5234
k3497,0.2875,1947.0,177.9129
k3883,0.0435,1612.0,356.1685
k4560,0.267,0.0,129.4025
k5890,0.285,0.0,199.4655
k4676,0.2988,0.0,167.6261
k4732,0.4361,0.0,208.3537
k695,0.3241,0.0,171.5488
k3317,-0.1215,458.0,152.1849
k1016,0.1871,0.0,286.5157
k6992,1.4366,9343.0,601.9487
k3790,1.7096,0.0,139.6612
k6395,0.0487,0.0,148.3543
k5433,0.2978,0.0,89.8888
k7273,0.1955,0.0,269.5056
k5492,0.122,0.0,166.5691
k2353,0.1054,0.0,89.8137
k4888,0.3893,0.0,261.8229
k5562,0.5327,0.0,336.9054
k7049,0.0811,0.0,81.7206
k4247,0.2565,0.0,214.0707
k1941,0.5288,0.0,61.5183
k3841,0.1859,0.0,183.8648
k495,0.1144,0.0,67.574
k1974,0.0593,0.0,189.1692
k5051,0.2676,4076.0,627.1475
k3817,0.2215,0.0,128.001
k3813,0.2006,0.0,98.0778
k4601,0.2927,0.0,199.01
k143,1.4375,22218.0,122.4091
k2391,0.3547,0.0,368.1644
k6130,0.3464,1570.0,80.4767
k7047,3.2536,0.0,83.1039
k6394,0.2687,238.0,179.6003
k186,0.3176,0.0,210.5718
k943,0.258,0.0,464.8252
k1660,0.1023,0.0,193.0648
k6995,0.3791,0.0,248.3948
k552,0.1542,0.0,294.0017
k5666,0.2401,2545.0,216.0579
k7439,0.0417,0.0,203.5301
k7521,0.4406,0.0,257.7518
k2437,0.5288,0.0,190.2374
k6007,0.0795,0.0,721.7579
k5702,0.5128,0.0,376.0618
k2918,0.043,0.0,408.5893
k3912,0.1855,0.0,295.1085
k2104,0.3344,992.0,192.0059
k1336,0.1168,397.0,846.1575
k7126,0.211,993.0,241.6676
k1396,0.0874,617.0,42.2404
k4481,0.2487,0.0,138.058
k4235,-0.1324,0.0,160.05
k5616,0.2016,0.0,454.8937
k1552,0.1458,0.0,96.0208
k135,0.1748,377.0,184.8161
k4062,0.0946,457.0,315.3336
k469,0.0925,0.0,101.4027
k2765,0.2703,0.0,246.4878
k2194,0.5086,0.0,182.1606
k2876,0.033,398.0,63.0734
k3696,0.1968,0.0,189.0238
k2651,0.1441,0.0,277.6698
k7309,0.1647,0.0,534.5898
k5418,0.4999,0.0,144.105
k571,1.2395,12432.0,129.501
k458,0.2992,1271.0,131.123
k3015,0.1796,0.0,296.0068
k5505,0.4915,0.0,461.0043
k4337,0.0622,0.0,787.5294
k4675,0.734,179.0,996.4834
k6148,0.2347,0.0,182.5445
k7402,0.7796,1234.0,113.7948
k4446,-0.8475,617.0,135.4114
k5786,1.5457,1334.0,60.1768
k7328,0.0852,0.0,680.3242
k6350,0.5936,714.0,57.9763
k5792,0.3802,0.0,309.9665
k7219,0.3034,0.0,216.2279
k738,0.4327,0.0,202.7566
k703,0.3006,0.0,103.8809
k4835,0.556,0.0,183.892
k5399,0.0833,0.0,105.6433
k3837,0.0756,0.0,86.7828
k2631,0.0639,199.0,168.3597
k5113,-0.0498,956.0,56.921
k4131,0.2743,258.0,419.5655
k4909,0.1838,238.0,264.8703
k1220,0.1739,0.0,134.708
k2800,0.2386,0.0,335.226
k5382,-0.0108,0.0,182.3904
k4212,0.3408,0.0,80.5062
k4458,0.1377,258.0,54.6466
k2356,0.0984,0.0,8.7464
k5231,0.1218,0.0,166.527
k2587,0.2196,0.0,106.0189
k3560,0.0829,9785.0,140.2257
k1033,0.2071,675.0,81.6241
k3442,0.2116,0.0,193.0525
k5449,0.1787,0.0,333.0323
k4838,0.248,933.0,271.3899
k6340,0.55,0.0,136.5229
k2555,0.1274,0.0,216.3805
k1736,0.5452,557.0,100.0012
k7604,2.47,0.0,176.7442
k3172,0.0958,0.0,677.7974
k6913,0.2052,358.0,126.58
k1510,0.2352,0.0,192.9378
k1322,0.2439,0.0,135.8538
k4305,0.048,318.0,115.9062
k1585,0.0825,0.0,161.4845
k2872,0.1254,0.0,279.6788
k6205,0.3893,0.0,126.3349
k5671,0.2544,0.0,196.4701
k2480,0.3742,0.0,161.834
k5520,0.3076,0.0,146.5307
k6994,0.1047,0.0,603.1625
k6484,0.304,259.0,138.5081
k2996,0.3241,0.0,324.2052
k3446,-0.0108,0.0,61.0512
k5938,0.2585,0.0,423.317
k4094,0.3783,0.0,262.9815
k427,0.0652,0.0,173.1221
k7178,0.1456,2504.0,349.5515
k5625,0.2003,0.0,417.1624
k1984,0.2482,0.0,685.4331
k311,0.2128,298.0,407.9571
k5619,0.2337,0.0,377.3185
k6643,0.1126,0.0,184.481
k5446,0.5029,3914.0,178.8582
k4910,0.7051,139.0,172.6101
k1108,0.3585,0.0,386.1768
k3805,0.0137,0.0,159.0503
k6016,0.1643,0.0,702.0621
k6453,0.2479,0.0,163.3554
k7114,0.3121,0.0,169.1892
k1434,0.9337,0.0,68.2092
k4535,0.2542,0.0,522.7504
k3729,0.0921,239.0,389.0145
k4928,0.237,0.0,35.171
k1870,0.2895,0.0,520.3953
k7560,0.2379,0.0,100.71
k2171,0.3013,576.0,300.72
k6910,0.2713,0.0,63.6965
k7123,0.4381,0.0,128.0791
k203,0.3776,0.0,207.0006
k4809,0.2647,0.0,250.1125
k6,0.032,398.0,91.9674
k6960,0.162,0.0,1362.7092
k4221,0.3761,0.0,121.2456
k4662,0.3161,258.0,185.5108
k5962,0.006,0.0,398.9778
k5606,0.0531,0.0,158.2127
k6671,0.2427,179.0,89.9347
k4747,0.0861,0.0,215.0052
k2215,0.2614,0.0,81.1187
k3463,0.1711,0.0,98.5013
k3561,0.3797,0.0,83.6212
k6745,0.279,0.0,201.7176
k326,0.275,0.0,398.6289
k553,0.2011,0.0,155.6767
k3743,1.5822,239.0,211.5053
k5627,0.1721,0.0,105.5012
k4687,0.1034,0.0,110.0227
k6357,0.8481,0.0,129.5473
k541,0.2537,616.0,220.0006
k3341,0.2253,0.0,190.2978
k3257,0.033,0.0,65.6906
k4720,0.1319,0.0,165.7181
k3177,0.0845,0.0,103.2049
k2202,0.1907,0.0,231.6948
k772,0.1166,0.0,303.5334
k6852,0.5936,714.0,99.7296
k6829,0.4043,159.0,202.5056
k4391,0.1191,0.0,292.1823
k1327,0.2297,0.0,163.1847
k1311,0.2071,0.0,190.1328
k5330,2.0375,22514.0,190.983
k710,0.0979,0.0,144.6046
k6152,0.2006,0.0,178.514
k3893,0.2687,0.0,91.5478
k4618,0.2347,0.0,89.8846
k6097,0.2812,0.0,672.1356
k3754,-0.0159,0.0,696.7944
k6438,0.1624,0.0,173.6412
k4011,1.0685,11655.0,338.634
k2229,0.295,2369.0,69.916
k472,0.231,0.0,133.3604
k1162,0.0443,0.0,118.2381
k3421,0.2228,0.0,170.0118
k2266,0.6053,0.0,121.1249
k7120,0.2227,80.0,152.2662
k3242,0.0988,0.0,135.3292
k5360,0.3695,0.0,296.6243
k1725,0.0692,537.0,463.0432
k3339,0.2221,0.0,144.5545
k4052,0.2646,816.0,100.6591
k3061,0.2236,0.0,176.1817
k3154,2.3504,0.0,113.381
k3759,0.2687,238.0,139.6755
k2803,0.1347,0.0,120.2341
k6620,0.1212,0.0,100.9022
k1960,0.2936,0.0,145.2481
k5407,0.142,99.0,55.0
k3182,0.1538,0.0,106.5106
k997,0.1279,179.0,359.4165
k5573,0.2394,0.0,350.8208
k7319,0.237,0.0,199.6509
k2686,0.2718,0.0,159.5125
k7499,0.2614,0.0,96.1067
k4876,0.4321,0.0,196.5057
k2114,0.948,24987.0,1600.9859
k3116,0.1748,0.0,68.884
k3776,0.3083,0.0,149.1208
k239,0.5605,0.0,102.4414
k1901,-0.0316,836.0,122.5826
k7586,0.1191,0.0,200.8015
k1598,-0.1324,319.0,260.1216
k3997,0.1595,0.0,169.9301
k6330,0.3339,0.0,122.0
k5260,0.5327,0.0,145.2902
k320,0.3222,1132.0,252.292
k1483,0.2802,1611.0,247.8003
k701,0.663,0.0,940.6488
k6792,0.1502,0.0,136.4597
k7116,0.1788,0.0,271.8607
k2891,1.1076,239.0,292.767
k4860,1.1076,0.0,97.8621
k4390,0.0829,0.0,314.331
k1429,0.2071,357.0,1121.4024
k3091,0.1386,516.0,202.5154
k2576,0.12,0.0,176.5574
k7109,0.1205,3141.0,99.193
k4441,0.2565,0.0,112.5278
k3968,0.0978,0.0,188.9153
k1683,0.1461,0.0,169.713
k4667,0.1138,0.0,199.5
k1056,0.4721,0.0,113.1592
k2231,0.3512,0.0,197.7758
k2717,0.123,0.0,88.5692
k6093,0.8376,0.0,109.6016
k6197,0.1267,358.0,115.0761
k4746,0.1377,0.0,147.6186
k2268,0.2116,1152.0,121.7508
k3800,0.1838,0.0,207.0441
k1833,0.2036,0.0,233.0
k5583,0.2085,896.0,81.2604
k5102,0.3861,0.0,280.6924
k5991,0.4355,0.0,174.2591
k6946,0.4999,0.0,203.104
k1658,0.374,0.0,177.3055
k2108,0.2978,0.0,393.008
k1414,0.179,0.0,223.9866
k2782,0.2633,0.0,173.1509
k6396,2.3504,937.0,0.0
k456,0.0311,0.0,652.5002
k7389,0.3214,2961.0,290.8509
k6307,1.0804,2112.0,231.5005
k2969,0.1279,0.0,161.1118
k6183,0.2389,0.0,307.2344
k2763,0.3136,0.0,107.2287
k1877,0.1167,0.0,83.0692
k3501,0.231,0.0,103.5978
k5961,0.2228,0.0,79.1581
k7132,0.1803,0.0,151.7383
k6738,0.2565,0.0,80.0765
k6279,0.3843,0.0,100.1299
k761,0.1752,0.0,193.0784
k6616,0.2724,0.0,114.0537
k1316,1.0915,22218.0,480.7788
k5503,0.0437,358.0,69.5072
k149,0.0979,617.0,313.6312
k2706,0.4083,100.0,116.5
k397,0.2036,9343.0,606.0101
k3018,0.1745,1013.0,44.9722
k3533,0.486,0.0,174.5523
k1276,0.0355,0.0,122.1024
k1306,0.3876,0.0,244.4407
k1763,0.2812,536.0,98.2306
k7125,0.1191,179.0,171.7942
k7233,0.3722,0.0,149.2414
k757,0.2651,0.0,713.472
k4426,0.1871,1212.0,83.8048
k6621,0.1427,0.0,198.0057
k478,0.1171,0.0,287.2686
k4434,0.1341,0.0,787.0815
k5266,0.2802,0.0,259.3318
k7070,0.0707,0.0,110.9516
k6419,0.3335,3363.0,454.0069
k4300,0.0886,0.0,167.2872
k3898,0.2727,2525.0,747.2486
k6176,0.1079,318.0,187.2385
k1010,0.0526,0.0,261.4273
k5019,0.4497,0.0,325.6662
k5868,0.1903,119.0,146.3233
k4206,0.0606,0.0,151.1663
k7010,0.2395,0.0,264.2546
k565,0.3023,0.0,216.5092
k3939,0.1012,0.0,191.1675
k2625,0.2756,0.0,213.6428
k3787,0.1211,0.0,97.7816
k4949,0.1169,0.0,137.8278
k2785,0.0853,0.0,536.1
k591,0.1997,0.0,219.3171
k4200,0.3023,278.0,116.2755
k5194,0.052,0.0,191.845
k4381,0.3893,1808.0,258.0514
k763,0.348,3359.0,65.622
k6602,0.1315,1372.0,51.5388
k3713,0.1366,119.0,73.6699
k2959,0.1591,0.0,93.8416
k4521,1.1076,0.0,97.949
k4288,0.3791,239.0,213.7832
k15,0.3057,338.0,338.0444
k2567,0.3363,0.0,289.573
k223,0.2213,0.0,120.4004
k5475,0.9337,0.0,208.9527
k2671,0.1859,0.0,267.0117
k3708,0.7263,0.0,370.4582
k2809,0.4138,0.0,255.1103
k7473,2.8676,0.0,97.6281
k4420,0.0764,0.0,137.5354
k6954,0.3395,0.0,218.0166
k3415,0.0752,0.0,174.5029
k856,0.2394,0.0,435.1839
k7451,0.0386,0.0,208.6295
k4812,0.1803,0.0,424.2717
k4492,0.0445,0.0,282.0217
k6151,0.1545,0.0,116.0388
k7602,0.3583,258.0,129.387
k879,0.0568,3519.0,170.0118
k6288,2.0367,3328.0,49.3077
k2337,0.2647,0.0,145.555
k6124,0.2109,0.0,77.2431
k836,0.3413,0.0,100.7782
k709,0.1737,0.0,202.6111
k7241,0.2206,0.0,133.1362
k6354,0.3585,0.0,326.531
k4459,0.1212,0.0,242.9532
k5458,0.3554,0.0,166.5008
k5662,0.1432,6919.0,392.3684
k2326,0.0615,219.0,112.8207
k2274,0.2431,219.0,299.9054
k1297,0.1335,0.0,152.645
k6349,0.2373,179.0,195.1442
k3055,0.0756,0.0,99.0051
k7424,0.6353,0.0,521.6742
k2454,0.3776,0.0,140.5569
k3583,0.4381,0.0,404.5346
k2858,0.2812,0.0,444.4868
k2124,0.1742,0.0,69.0887
k4044,0.0957,199.0,194.0309
k2805,2.2785,0.0,688.5821
k3849,0.6906,0.0,97.0
k5093,0.1274,338.0,177.5197
k1197,0.5592,0.0,101.8541
k4841,4.4917,1137.0,100.3457
k98,0.0487,0.0,244.778
k4185,0.4978,0.0,150.49
k1503,0.1437,0.0,136.1947
k5043,0.1325,0.0,152.5664
k3797,0.1316,0.0,236.0095
k6245,0.0753,3678.0,178.085
k801,0.1739,99.0,106.2462
k2184,0.1806,0.0,367.5241
k1913,0.1709,0.0,88.7257
k1055,0.2701,0.0,148.5
k6695,0.107,0.0,307.1795
k7019,0.1072,1789.0,129.0349
k1543,-1.113,2152.0,499.0774
k5844,0.3311,0.0,119.501
k2508,0.2765,337.0,170.7469
k270,0.1035,0.0,713.9009
k6566,0.7805,0.0,53.2189
k5336,0.142,0.0,120.0802
k50,0.1617,0.0,108.334
k6756,0.948,11655.0,112.5722
k4223,0.1433,258.0,91.9837
k7572,0.0585,318.0,122.1239
k3264,0.0537,1768.0,187.1069
k4920,0.0227,0.0,103.3017
k7485,0.2292,0.0,127.5157
k534,0.2367,0.0,261.3054
k1596,0.3076,0.0,141.8185
k4071,0.1806,0.0,228.1847
k831,0.58,1113.0,184.0448
k5145,0.0915,0.0,231.7159
k6983,0.1211,3917.0,215.1192
k5909,0.1308,0.0,119.4247
k7099,0.2141,0.0,91.4289
k6535,0.2109,0.0,157.2657
k388,0.1165,0.0,206.8139
k4992,0.4633,0.0,279.099
k4186,0.3379,417.0,108.5933
k4638,0.0766,0.0,198.142
k4120,-0.0083,0.0,158.5008
k5680,-0.0006,0.0,167.0067
k1518,0.1391,0.0,187.3533
k2308,0.2583,99.0,302.8473
k6749,2.9916,2211.0,224.5089
k3746,0.1039,0.0,157.1631
k6894,0.0395,0.0,207.406
k5154,0.1787,139.0,196.0006
k7461,0.4721,0.0,125.8014
k5103,0.409,0.0,108.1665
k3764,0.1837,80.0,464.7349
k230,0.1726,0.0,144.4412
k2654,0.2954,0.0,110.7576
k2630,0.3253,0.0,209.4684
k6570,0.1317,0.0,180.5339
k3504,0.3438,0.0,144.7731
k932,0.2537,0.0,107.4826
k5226,0.3536,0.0,1551.7633
k5287,0.1279,1409.0,102.8251
k1418,0.4446,0.0,300.1666
k4882,0.0596,0.0,200.0025
k4261,0.1102,0.0,162.4815
k4083,0.0755,0.0,147.2659
k705,0.0293,0.0,227.0666
k1858,1.4366,0.0,192.7706
k1440,0.047,0.0,436.9751
k1469,0.2724,0.0,691.7301
k7299,0.2699,0.0,147.6025
k2199,0.4127,0.0,141.8767
k4826,0.1803,0.0,558.9387
k6677,0.2118,0.0,233.0193
k414,1.4717,0.0,72.7633
k317,0.3464,0.0,228.2898
k419,0.0902,0.0,87.2353
k7171,0.1357,0.0,226.8447
k5405,0.1649,0.0,355.981
k473,0.3317,0.0,387.7435
k6805,0.2051,0.0,234.5021
k3700,0.3085,0.0,88.4096
k3134,0.1586,99.0,88.9565
k714,0.3621,0.0,99.5038
k2070,0.1345,0.0,1538.7094
k7373,0.3408,0.0,518.5022
k2430,0.1599,3576.0,428.7336
k3916,0.3804,0.0,96.791
k6975,0.4721,0.0,334.642
k304,0.2122,0.0,130.501
k1139,2.582,1495.0,306.6178
k3843,0.1251,2266.0,147.7921
k3688,0.0524,0.0,125.5488
k5822,0.0923,0.0,202.8725
k2024,0.1767,0.0,114.4246
k2392,0.1611,477.0,110.0011
k4577,0.1345,2445.0,124.2266
k7464,0.2091,179.0,197.31
k3804,0.2544,179.0,216.6893
k490,0.1937,0.0,84.5237
k1651,0.2548,0.0,330.7329
k2460,0.8215,0.0,163.0598
k4801,0.198,0.0,316.9941
k7330,0.1771,0.0,291.5017
k6872,0.0945,0.0,118.5854
k5008,0.55,477.0,725.0498
k4151,0.2236,0.0,327.9489
k5023,0.4735,4103.0,601.584
k1022,0.1879,0.0,146.5307
k1948,0.0925,0.0,0.0
k5469,1.8317,638.0,92.0054
k3667,0.2556,1908.0,226.0138
k2157,0.1527,796.0,160.5942
k825,2.8397,0.0,187.6006
k5972,0.1138,199.0,146.6714
k5770,0.1968,0.0,574.8211
k4753,0.1592,0.0,87.5914
k1176,0.0685,0.0,113.0
k1212,0.0514,119.0,333.1625
k6839,0.1819,0.0,481.0751
k4719,0.01,7889.0,446.1491
k4488,0.0841,139.0,140.8918
k2324,0.0761,0.0,163.0598
k1661,0.2431,0.0,582.5019
k5274,0.258,0.0,120.3755
k2514,0.2678,0.0,213.2985
k1592,0.9337,0.0,207.4729
k3345,0.3761,0.0,895.1633
k5377,0.2407,99.0,100.927
k2285,0.5383,0.0,95.1118
k5618,-0.5825,1016.0,556.234
k4282,0.1059,0.0,155.6478
k222,0.4355,0.0,163.8063
k6054,1.5725,0.0,103.5978
k4721,0.2356,0.0,105.6279
k2067,0.351,0.0,125.5886
k4087,0.0411,0.0,232.7928
k556,0.1034,179.0,304.6609
k4197,0.122,0.0,289.3596
k7526,0.1097,0.0,287.007
k3594,0.152,179.0,104.2029
k2309,0.3363,0.0,574.2269
k3374,0.2596,0.0,237.0243
k1241,0.4197,0.0,273.2215
k37,0.2938,99.0,170.6261
k7359,-0.1653,0.0,105.6882
k331,0.2903,0.0,1464.488
k6149,0.098,0.0,231.0779
k4813,0.2125,0.0,144.0139
k1783,0.2646,0.0,101.1002
k3351,0.2142,457.0,120.1759
k171,0.1602,536.0,280.6622
k6819,0.1531,0.0,167.863
k7212,0.2583,0.0,178.1327
k7410,0.2104,0.0,71.1354
k894,0.4623,0.0,115.0761
k3973,0.2221,0.0,181.0028
k464,0.6472,20.0,205.0494
k1655,0.0723,0.0,119.1774
k6766,0.0596,0.0,163.8856
k6159,0.0956,0.0,253.7504
k6670,0.38,0.0,87.5014
k7061,1.7487,618.0,238.0189
k5363,0.1356,0.0,174.1522
k113,0.2493,0.0,872.5173
k3433,0.1124,0.0,110.269
k3854,0.3363,0.0,170.7352
k6822,0.7158,238.0,123.9758
k4541,0.2996,0.0,299.6769
k4722,0.3554,0.0,243.2057
k2646,0.142,0.0,274.0972
k2741,0.0818,0.0,223.4066
k3300,0.556,0.0,161.3459
k3409,0.2015,0.0,207.5488
k6582,0.3023,0.0,246.7007
k5,1.9266,0.0,77.1622
k1989,0.1433,0.0,176.098
k4427,0.2592,139.0,103.3102
k1895,0.1325,0.0,184.0
k530,0.0355,0.0,397.102
k688,0.1741,0.0,246.3433
k338,-0.0308,0.0,0.0
k4378,0.3484,0.0,182.0687
k2085,0.2919,458.0,273.4273
k5677,0.185,0.0,165.6336
k2027,0.2023,0.0,156.5799
k6065,0.614,0.0,346.048
k1523,0.283,0.0,166.503
k6443,0.2767,278.0,444.8508
k4424,0.2216,0.0,220.2504
k423,0.1432,0.0,262.7818
k2270,1.954,4103.0,527.5192
k1916,0.1471,0.0,433.6465
k2506,0.275,0.0,307.4703
k3741,0.0989,3480.0,390.6549
k3201,0.3358,100.0,149.6103
k1753,-0.5825,0.0,180.5249
k3366,0.1968,0.0,163.0069
k1920,0.107,0.0,119.6766
k3870,0.207,0.0,144.0069
k3860,0.1366,0.0,130.3467
k4752,0.0971,139.0,119.105
k2617,0.0362,1511.0,125.2557
k3947,0.1529,0.0,24.0468
k4330,0.0271,3936.0,389.7749
k475,0.205,0.0,285.9204
k4196,-0.3683,0.0,149.9667
k6188,0.374,0.0,581.5325
k3030,0.5452,0.0,139.7033
k3031,0.1301,0.0,88.3091
k4075,0.1377,0.0,356.7948
k4205,0.1676,0.0,176.2839
k7057,0.2226,0.0,128.3988
k4639,0.0761,1094.0,144.105
k184,0.5463,0.0,0.0
k575,0.2931,0.0,262.5019
k2665,0.6398,0.0,177.5451
k4406,0.1881,775.0,142.8863
k6859,0.2372,458.0,163.833
k957,0.0951,0.0,97.269
k3492,0.1259,0.0,221.0481
k5454,0.5989,1670.0,822.3711
k3047,0.101,0.0,136.7644
k7456,0.1385,0.0,229.0775
k1044,1.9765,1255.0,63.8161
k4729,0.1916,795.0,226.9736
k178,1.4802,0.0,0.0
k4442,0.2447,0.0,29.3471
k3485,1.7096,0.0,86.0712
k2017,0.1432,0.0,111.5437
k788,0.1317,0.0,157.7157
k988,0.2033,0.0,427.7341
k1743,0.409,0.0,122.001
k796,0.9318,0.0,0.0
k3024,0.1289,0.0,147.5737
k6222,0.0621,775.0,230.9248
k6332,0.1787,0.0,73.5425
k1995,0.0047,0.0,153.018
k5391,0.283,0.0,660.1585
k6092,0.0723,0.0,310.3824
k907,0.663,0.0,147.5305
k1570,0.1622,418.0,358.0
k1548,0.6683,0.0,193.8414
k5394,-0.0378,258.0,136.2066
k1706,0.6206,597.0,39.9625
k4605,0.3651,0.0,111.0011
k5552,0.0979,2566.0,114.7279
k403,0.1587,0.0,288.0508
k5026,0.1397,0.0,249.8024
k5069,0.0837,0.0,220.4342
k5209,-0.0023,0.0,77.4919
k6666,0.1097,0.0,158.2948
k5202,0.2184,0.0,71.8766
k3961,1.0012,0.0,139.0
k3027,0.6906,0.0,55.3173
k7537,2.582,0.0,256.5239
k6085,1.525,0.0,93.2269
k7190,0.404,179.0,502.4326
k5283,0.4803,0.0,0.0
k6040,0.1015,1353.0,260.5389
k2758,0.0526,418.0,182.5842
k4652,0.3642,0.0,257.0238
k6642,0.248,0.0,159.4091
k3342,0.3223,0.0,117.8357
k3050,-0.0379,0.0,184.359
k3731,0.2906,0.0,101.7472
k5261,0.4061,0.0,285.0425
k6390,0.7158,0.0,228.3424
k7172,0.0935,0.0,225.0028
k5950,0.1124,358.0,284.103
k792,0.1816,0.0,337.7692
k6556,0.2269,0.0,143.7028
k6551,0.2648,0.0,121.5905
k6193,-0.2753,0.0,78.1361
k1957,0.403,0.0,332.733
k2931,0.3472,556.0,331.7748
k6765,0.4497,0.0,454.5099
k1820,0.2083,0.0,595.4914
k4234,0.1529,0.0,150.2065
k4082,0.3023,0.0,217.0184
k6635,0.1693,0.0,595.0011
k2066,1.4802,0.0,228.6072
k6808,0.1745,0.0,191.9642
k5530,0.1121,0.0,115.088
k2497,0.663,0.0,140.1517
k6278,0.3628,0.0,155.6808
k2616,0.2674,1292.0,221.9668
k6534,0.556,0.0,72.5844
k6689,0.1757,0.0,202.8084
k1040,0.2924,0.0,85.0368
k5321,0.1792,3160.0,96.566
k1773,0.3207,0.0,111.3665
k2303,1.261,0.0,166.0482
k4787,0.0417,0.0,671.6057
k1433,0.2927,278.0,116.1034
k2897,0.1816,0.0,112.9889
k5281,0.1215,0.0,310.5906
k3565,0.3684,0.0,236.6527
k1884,0.0246,0.0,164.0191
k568,0.2891,0.0,206.5871
k4403,0.2032,0.0,306.7801
k5491,0.0647,0.0,128.5243
k249,0.5086,0.0,66.8824
k4144,0.6975,0.0,286.0559
k420,0.1767,0.0,173.2404
k6864,0.1988,0.0,285.9204
k3846,0.1803,0.0,197.5152
k6302,0.2028,0.0,111.6121
k6521,1.2187,0.0,160.5125
k6557,0.2379,0.0,79.6492
k3522,0.1903,1411.0,130.5613
k1745,0.3065,0.0,129.3957
k2046,0.3547,0.0,42.0268
k4774,0.1288,1252.0,93.5909
k1584,0.237,0.0,666.9501
k5361,0.1698,0.0,83.6809
k5543,0.0864,3480.0,132.0606
k4663,-0.0379,0.0,119.7633
k6905,0.1215,0.0,229.5441
k428,0.2966,179.0,155.9623
k6191,0.1448,0.0,70.066
k4598,0.1198,0.0,262.6071
k7163,0.2243,298.0,89.8568
k1708,0.2125,0.0,132.5009
k5817,0.1427,0.0,87.7055
k2232,0.199,0.0,79.267
k147,1.1726,0.0,140.4724
k1842,0.3627,377.0,477.5128
k4469,0.3597,0.0,1097.7561
k6445,1.1002,0.0,534.6833
k3486,0.4466,0.0,382.4585
k4880,0.2743,0.0,179.0175
k2743,0.407,0.0,77.5065
k134,-1.206,9087.0,136.7708
k132,0.0001,0.0,104.1453
k5810,0.3464,0.0,134.3317
k4522,0.1072,0.0,182.654
k3786,0.496,0.0,165.4637
k824,0.1201,0.0,145.6683
k3179,0.308,0.0,137.4018
k6042,0.1352,0.0,83.1775
k4931,0.0775,0.0,70.0874
k4547,0.0778,0.0,265.0887
k81,0.3729,239.0,278.6149
k5059,0.1531,0.0,144.5554
k1541,0.0621,0.0,109.11
k6334,0.0435,0.0,103.5012
k2048,0.0984,617.0,186.1511
k392,0.2923,0.0,291.689
k4772,0.0047,0.0,82.3772
k2816,0.3765,0.0,408.3754
k4611,0.3214,0.0,638.1618
k4621,0.1976,4252.0,427.3479
k5932,-0.0292,119.0,194.6362
k2822,0.033,836.0,502.5062
k1887,0.3843,199.0,43.2348
k804,0.1855,0.0,80.0765
k3253,0.2142,457.0,73.5153
k201,0.2243,298.0,105.6279
k1086,0.203,0.0,168.2409
k2485,0.2083,0.0,681.7692
k4260,0.6906,319.0,173.6491
k3028,0.1495,557.0,136.045
k868,0.19,0.0,147.8792
k7551,0.6683,0.0,377.2218
k3582,1.4196,0.0,194.5308
k2003,0.1795,278.0,76.2053
k6760,0.1831,179.0,97.2895
k613,0.058,0.0,354.9704
k7147,0.2253,0.0,50.0
k962,0.1708,3380.0,152.0995
k1126,0.3413,0.0,477.256
k6099,0.211,99.0,106.0389
k2677,-0.0023,0.0,140.0009
k5429,-0.0385,0.0,138.8254
k4647,0.3207,0.0,188.5
k6812,0.0652,536.0,106.5422
k7457,0.1361,0.0,145.0138
k2962,0.5202,0.0,288.6468
k2648,0.1529,0.0,519.0323
k1355,0.122,0.0,216.6478
k6154,0.2298,0.0,592.964
k3371,0.1771,0.0,181.0249
k3532,0.3082,0.0,250.002
k7034,0.2544,1272.0,79.7762
k2402,0.0216,0.0,133.291
k2375,0.2953,100.0,588.5688
k6385,0.0263,0.0,150.1949
k1205,-0.1324,0.0,120.584
k1412,1.7037,399.0,1123.4996
k5365,0.2595,0.0,119.5377
k7082,1.7096,0.0,57.0548
k3719,0.1955,0.0,147.0077
k2791,0.0621,537.0,138.153
k2968,0.5592,0.0,84.0536
k6496,0.2119,0.0,218.5967
k4946,1.254,897.0,55.9732
k2879,0.332,0.0,176.5574
k2811,0.1205,0.0,394.5257
k293,0.1175,139.0,36.5034
k2701,0.1289,8784.0,194.3515
k1200,0.253,0.0,177.8103
k726,-0.021,0.0,313.2112
k3060,0.2671,0.0,116.9027
k3331,0.05,0.0,93.1625
k1808,0.123,0.0,257.8536
k5161,0.1211,3917.0,155.0887
k3976,0.5303,0.0,178.2414
k4954,0.0132,0.0,216.6576
k7169,0.133,0.0,247.3702
k2459,0.2469,0.0,70.8308
k1844,0.4056,0.0,154.5291
k447,0.3311,0.0,118.2582
k6965,1.1967,0.0,208.4448
k3067,0.1143,0.0,450.0725
k5452,0.0115,0.0,402.5102
k2736,0.0688,0.0,154.9653
k6719,0.2586,0.0,119.0976
k7530,0.2114,0.0,260.3094
k4040,0.1756,4076.0,385.1873
k3930,0.2911,0.0,62.1168
k5225,0.1988,0.0,229.5615
k5062,0.2015,0.0,129.1908
k5659,0.3241,0.0,108.2959
k2641,0.1946,0.0,130.384
k933,0.2769,0.0,188.5239
k2519,0.4355,0.0,145.5764
k433,0.179,0.0,83.6675
k7398,0.1819,139.0,144.5701
k5726,0.5592,139.0,40.2523
k5975,0.494,0.0,838.2412
k5303,0.4371,0.0,272.3279
k297,0.3011,0.0,168.3278
k7251,0.253,0.0,381.6733
k576,0.3377,0.0,129.9885
k6606,0.0963,0.0,182.1984
k3208,0.203,0.0,167.6343
k910,0.1006,0.0,114.2147
k1491,0.2126,0.0,124.0363
k3372,0.4981,496.0,52.1009
k6592,0.1029,736.0,108.5564
k6156,0.0915,0.0,174.6031
k2461,0.1795,0.0,60.92
k3529,0.4881,0.0,93.1034
k1438,0.2215,0.0,167.1414
k3218,0.5446,0.0,553.1121
k485,0.1465,0.0,304.5148
k1156,0.2052,0.0,698.2036
k6246,0.3695,0.0,272.1659
k6605,0.01,0.0,105.9835
k1990,0.2122,179.0,81.0941
k4113,0.3554,417.0,119.7466
k6490,0.3416,0.0,164.6003
k7432,0.3931,0.0,128.8187
k5035,0.404,0.0,157.7633
k6674,1.1785,657.0,259.2822
k5779,0.6906,0.0,195.1442
k3457,1.4766,0.0,149.6103
k3540,0.7725,11655.0,329.928
k3466,0.0925,139.0,57.1183
k3076,0.0941,0.0,253.7839
k4586,1.9801,0.0,49.0408
k6367,-0.0238,2286.0,96.791
k698,0.0854,9785.0,296.5034
k6084,0.1057,0.0,293.1092
k1926,-0.5825,199.0,67.5074
k6916,0.3266,0.0,654.3764
k4919,2.9916,0.0,208.9791
k6026,0.7427,0.0,130.853
k89,0.2226,0.0,683.5353
k6229,0.3622,377.0,226.7692
k2972,0.2988,0.0,204.8908
k408,0.2825,219.0,211.6058
k3998,0.1288,597.0,121.1084
k2407,0.1052,0.0,230.9816
k7425,0.2848,0.0,139.5036
k6415,0.5336,577.0,122.549
k4883,0.1357,159.0,93.3876
k4816,0.2906,0.0,209.3735
k238,0.3554,0.0,153.8059
k5243,0.1047,0.0,183.0983
k6048,0.279,0.0,371.066
k754,1.1616,0.0,78.6003
k3057,0.076,99.0,234.2584
k1526,0.1206,0.0,635.0185
k3275,0.2282,0.0,500.3124
k1865,0.2083,0.0,368.541
k4180,0.319,9087.0,186.3934
k4254,0.2469,0.0,54.5367
k1898,0.1465,0.0,320.8415
k5703,0.098,0.0,341.6771
k5005,0.2282,0.0,775.7385
k1967,0.3095,0.0,345.4917
k4101,0.0395,0.0,183.5824
k3518,0.1054,0.0,161.9452
k1272,0.162,0.0,298.6051
k4783,0.3603,80.0,52.7873
k4653,2.7764,398.0,166.1272
k5292,0.275,179.0,464.2933
k3648,0.2825,0.0,363.8259
k6700,0.4364,0.0,661.376
k7189,0.1592,2342.0,255.5117
k6520,0.0811,0.0,429.5975
k5928,0.3397,0.0,172.1918
k5494,0.3695,0.0,261.7007
k2637,0.2982,0.0,516.6297
k4568,3.0962,0.0,158.5788
k7300,0.2954,0.0,251.2867
k5024,0.1882,0.0,115.0272
k5478,0.0766,0.0,129.3136
k7283,0.4285,0.0,150.1707
k632,0.2385,0.0,126.8562
k5609,0.1271,0.0,166.4121
k3350,0.1937,0.0,163.2728
k2179,0.3083,0.0,193.0058
k2471,0.404,0.0,131.0467
k5267,0.4069,0.0,103.5193
k7539,0.0971,576.0,241.042
k268,0.1339,0.0,142.8356
k2603,0.1507,0.0,185.0547
k6336,0.0874,258.0,482.9319
k387,0.948,0.0,114.2147
k3347,0.1819,278.0,111.6121
k718,0.5336,0.0,169.4993
k3931,0.3397,0.0,98.5457
k5925,0.1416,0.0,209.5024
k5951,4.4917,897.0,108.074
k5637,0.259,0.0,558.2764
k6079,0.3695,0.0,129.848
k656,0.1542,358.0,179.1291
k1542,0.1572,318.0,230.411
k1325,0.2565,0.0,83.9315
k109,0.2036,0.0,408.0668
k4500,0.1432,0.0,209.5376
k3616,0.3222,0.0,137.5736
k3965,0.1803,0.0,203.0548
k3269,0.8872,0.0,427.7528
k4714,0.5411,0.0,133.1813
k4762,2.1322,658.0,401.4776
k2347,0.2246,0.0,48.0208
k5663,0.1676,0.0,41.3401
k4111,0.2133,0.0,469.0003
k190,0.308,0.0,136.5375
k4259,0.1538,0.0,194.0103
k878,0.1671,0.0,281.575
k6539,0.1628,0.0,77.4355
k832,0.3222,0.0,584.7959
k980,0.0969,0.0,68.4726
k234,0.1586,0.0,227.5703
k1484,0.2583,0.0,164.0831
k5806,-0.0292,0.0,130.4847
k3386,0.1665,0.0,114.4749
k80,0.1054,0.0,66.8431
k2283,0.1859,4395.0,874.0631
k2819,0.1465,0.0,131.6368
k4823,0.0271,0.0,110.7542
k2764,0.4172,0.0,148.6178
k2280,0.1237,11988.0,199.2768
k1667,0.1428,0.0,70.8414
k7356,0.1047,139.0,192.0319
k7209,0.1815,537.0,94.1833
k5332,0.0813,0.0,226.5657
k1577,0.1613,0.0,360.0559
k101,0.2624,0.0,146.1651
k3156,0.122,199.0,164.7741
k6029,0.9383,0.0,96.2549
k991,0.2487,0.0,129.0475
k85,0.2002,0.0,215.0145
k412,0.2002,0.0,169.6445
k3943,0.3095,119.0,106.9205
k265,0.1793,139.0,413.0366
k1233,0.2479,119.0,144.0009
k3251,0.0681,0.0,190.7367
k602,0.2712,0.0,258.774
k3008,0.6353,0.0,378.0268
k3071,0.1191,0.0,124.6154
k1391,0.1186,0.0,124.6044
k3832,0.3264,298.0,176.7067
k7388,0.1061,995.0,345.167
k1119,0.153,139.0,339.4971
k635,0.0126,0.0,161.0093
k4936,0.159,199.0,170.2072
k808,0.3143,0.0,173.1134
k5539,0.211,0.0,84.5931
k867,0.3173,0.0,144.6245
k2633,0.9162,0.0,237.0258
k789,2.1322,0.0,103.0594
k6614,0.2085,17872.0,260.0562
k2214,0.1181,3639.0,124.3262
k2162,0.1175,0.0,1050.0501
k1151,1.4802,0.0,92.4392
k3739,0.1534,0.0,162.1496
k6206,0.1875,219.0,681.5359
k3733,0.1167,0.0,239.1783
k3566,0.1767,0.0,624.1194
k6420,0.8065,0.0,651.8178
k7106,0.3328,199.0,102.0196
k1782,0.2151,0.0,130.1816
k2801,0.0853,0.0,170.0029
k5698,0.056,0.0,166.9686
k4069,0.2743,0.0,246.1229
k4649,0.2297,0.0,238.4602
k162,0.0939,0.0,192.2531
k1285,0.2008,238.0,120.5259
k7529,0.3253,160.0,410.9039
k1468,0.1937,0.0,162.0193
k5312,-0.0086,0.0,374.7616
k3644,0.3438,0.0,134.5149
k5701,0.1126,0.0,144.5424
k1475,0.1822,0.0,683.3039
k1938,0.3622,0.0,153.1617
k3291,0.6557,0.0,322.0749
k4303,0.1599,0.0,163.4786
k2317,0.1357,0.0,410.1756
k7235,0.7876,0.0,161.6741
k2257,2.0375,11655.0,98.1835
k3127,0.3222,1132.0,81.2527
k4805,0.1755,1353.0,98.9949
k7122,0.2243,854.0,315.643
k2734,0.131,0.0,137.6635
k5749,0.6747,1571.0,1542.1765
k6585,0.2729,417.0,119.8635
k1818,0.1091,198.0,130.9236
k2062,0.1568,558.0,355.777
k6548,0.2786,0.0,119.827
k3772,0.2765,0.0,22.3886
k3523,0.2413,0.0,159.7005
k2111,0.0781,0.0,124.1934
k7350,0.1296,0.0,324.2873
k3241,0.1448,0.0,148.1595
k6109,0.0701,537.0,245.1989
k6768,0.2337,0.0,210.1773
k4277,0.2297,0.0,304.2737
k1537,0.1476,0.0,745.7883
k3629,0.0681,3917.0,143.7228
k4908,0.052,0.0,97.0155
k5632,0.0771,0.0,136.5742
k4445,0.0781,219.0,190.3004
k1451,0.308,0.0,125.5747
k5577,0.1315,0.0,142.5175
k2135,0.1047,0.0,480.6376
k6182,0.0783,0.0,280.9008
k6704,0.1201,318.0,62.2977
k3107,0.2775,0.0,63.1447
k1310,1.3035,4864.0,249.6808
k5765,1.8132,0.0,134.6124
k5789,0.1491,0.0,145.994
k4514,0.1515,80.0,153.0817
k6937,0.5007,179.0,59.0339
k1462,0.4818,0.0,350.9622
k1394,0.1342,398.0,429.5431
k6575,0.2701,0.0,492.9148
k1292,0.0686,0.0,92.3147
k4853,0.2023,0.0,166.9558
k6939,0.4941,0.0,56.029
k7198,0.2052,0.0,264.5468
k6985,0.2786,4076.0,357.1589
k4085,0.0282,0.0,113.1106
k213,0.0859,0.0,153.1837
k3826,0.0818,0.0,198.5157
k3867,0.3684,0.0,110.7892
k6131,0.124,0.0,126.2864
k6322,0.2081,0.0,255.5905
k372,0.123,0.0,58.3095
k4495,0.3633,139.0,274.1573
k5210,0.2302,0.0,488.1252
k5465,0.3847,0.0,133.5758
k1869,0.4446,0.0,568.0603
k4072,0.2301,0.0,402.8613
k890,0.2841,0.0,166.0271
k2569,0.3283,0.0,177.9052
k6382,1.0915,0.0,198.0309
k274,0.1168,0.0,227.6587
k2150,0.1191,238.0,469.3967
k6862,0.1126,0.0,123.1016
k682,0.2469,0.0,196.5229
k3484,0.1191,0.0,728.6323
k2942,0.3163,0.0,48.283
k1250,0.1465,0.0,192.3441
k6636,0.1531,0.0,125.093
k6401,1.3177,0.0,144.3892
k1318,0.1427,0.0,773.8233
k1264,1.9801,0.0,340.5073
k1217,0.1665,0.0,125.049
k5611,0.1113,0.0,159.8452
k5218,0.6357,0.0,229.2886
k2091,0.007,0.0,228.3555
k3270,0.3222,0.0,164.6003
k1863,0.142,139.0,85.3756
k1387,0.0293,0.0,271.5
k3576,0.0116,0.0,1214.4073
k5728,0.2364,0.0,182.4918
k4308,0.1433,0.0,140.5222
k445,0.9212,737.0,99.0568
k3515,0.2282,1014.0,550.2556
k3036,0.4033,576.0,544.6341
k5656,0.2537,219.0,106.7907
k675,0.2226,1611.0,127.4019
k2533,0.1401,0.0,101.6366
k2559,0.0183,0.0,248.0811
k3111,0.0361,0.0,194.1198
k4338,0.1968,0.0,65.5477
k200,0.4633,0.0,241.6495
k1043,0.0305,0.0,248.1819
k214,0.3358,0.0,1453.2072
k2668,0.0047,0.0,115.5249
k4056,0.1837,0.0,426.6418
k1530,0.2198,0.0,392.7658
k6372,0.2347,219.0,101.0371
k2557,1.7037,0.0,51.5
k3014,0.0795,378.0,78.729
k3558,0.0282,0.0,167.503
k5123,0.8215,0.0,296.527
k810,0.1211,596.0,111.8403
k6138,0.0652,0.0,450.3476
k3033,0.3516,0.0,71.2531
k3476,0.3191,0.0,146.0548
k5527,1.0896,0.0,230.5781
k1639,0.1829,0.0,224.2644
k4284,0.2032,0.0,123.199
k4175,0.1625,0.0,181.6762
k5634,0.3916,0.0,159.0637
k7021,0.2699,0.0,361.4198
k237,0.0823,0.0,122.8587
k4412,0.1882,0.0,372.5443
k668,0.0853,0.0,688.3546
k3836,0.2776,0.0,128.2078
k1741,0.1487,0.0,294.0021
k3844,0.3416,0.0,122.2385
k2234,0.2443,0.0,116.0528
k4249,0.1755,0.0,179.0698
k5193,0.1093,1252.0,91.9157
k1302,0.17,0.0,293.3343
k4529,0.1795,0.0,186.184
k752,0.5086,0.0,420.4741
k515,1.0915,12432.0,102.1482
k3535,0.9595,0.0,92.0666
k1867,0.1764,318.0,38.1477
k4076,0.4221,0.0,112.5711
k2761,0.1327,199.0,90.0888
k6923,0.2765,0.0,273.9863
k355,0.1113,238.0,242.0418
k2934,0.1741,0.0,168.7965
k4199,0.2221,0.0,304.7774
k75,1.1741,0.0,96.3146
k2415,0.0652,0.0,101.5111
k4173,0.3262,0.0,201.748
k1633,0.2697,0.0,239.3878
k1202,4.4917,1155.0,136.0533
k3888,0.2847,0.0,74.5
k5314,0.2845,0.0,176.4086
k5022,0.2906,0.0,73.3792
k3782,0.1951,0.0,624.1036
k2921,0.1921,0.0,50.04
k6316,0.1043,0.0,122.9807
k5973,0.1238,0.0,316.2673
k7549,0.117,0.0,529.6414
k4889,0.3006,0.0,100.505
k6364,0.1736,0.0,505.004
k5633,0.3651,0.0,124.5642
k3942,0.2743,99.0,279.2535
k759,0.1893,198.0,90.7662
k3803,0.3083,0.0,208.0487
k3053,0.0522,477.0,229.7401
k2601,0.9525,0.0,137.5009
k5350,0.319,11655.0,353.5948
k448,-0.0083,1630.0,388.3298
k6312,0.1741,0.0,290.0431
k7164,0.4932,0.0,784.7345
k547,0.0959,0.0,580.7075
k987,1.4757,0.0,351.5252
k6310,0.2028,0.0,80.6489
k2447,0.2184,0.0,655.9971
k1109,0.0941,6064.0,33.0038
k1657,0.1774,4372.0,371.3812
k1578,0.2962,0.0,177.4965
k6725,0.0859,0.0,191.0792
k5746,-0.0238,0.0,77.8155
k4105,0.2302,338.0,213.7814
k3002,0.1461,0.0,136.7452
k569,1.9487,638.0,146.237
k6250,0.127,1751.0,653.3062
k6454,0.0652,0.0,231.2385
k4217,0.0825,0.0,367.6088
k2436,0.1538,0.0,145.7781
k479,1.0896,0.0,64.531
k4456,0.1739,0.0,419.5074
k2629,0.7725,2152.0,71.9253
k672,0.203,0.0,192.5058
k318,0.193,0.0,551.6965
k5777,-0.1324,299.0,78.5143
k1031,0.17,0.0,125.077
k1267,0.2337,0.0,156.7713
k1223,-0.021,99.0,618.2952
k7258,0.19,0.0,128.1181
k4334,0.2033,0.0,293.5106
k697,0.2122,0.0,297.056
k4176,0.253,259.0,31.7057
k5342,0.237,0.0,118.2381
k2988,0.4338,0.0,203.0025
k4297,0.4067,0.0,242.1699
k2910,0.4325,537.0,90.6035
k3459,0.4189,0.0,162.4962
k5965,0.3014,0.0,68.1707
k6050,0.6997,1395.0,101.1558
k6952,0.1572,0.0,153.5985
k2613,0.3642,0.0,69.3001
k694,0.308,239.0,116.3239
k5738,0.3061,0.0,253.6632
k4597,0.4191,0.0,117.031
k328,-0.07,0.0,177.5063
k1133,0.179,258.0,118.8876
k453,0.1218,219.0,79.1344
k2824,0.2401,1611.0,260.1082
k2697,0.207,0.0,306.1634
k3591,0.0005,0.0,334.506
k1752,0.1462,0.0,38.513
k2916,0.4063,0.0,857.5036
k1625,0.344,0.0,460.7779
k6196,1.7037,0.0,114.8151
k7225,0.1325,0.0,117.3765
k323,0.1643,0.0,308.1173
k2528,0.3253,0.0,130.384
k944,0.2875,1410.0,128.9079
k4757,0.2636,4690.0,433.5049
k7183,0.2451,0.0,742.43
k3715,1.15,0.0,430.6173
k3767,0.1289,0.0,272.1369
k7262,0.3235,0.0,223.6096
k631,0.1039,0.0,67.1751
k3012,0.1396,0.0,600.4759
k2943,0.1946,516.0,40.5771
k7000,0.1602,219.0,111.2845
k1514,0.269,0.0,123.2284
k3905,1.4366,0.0,222.7431
k1691,0.1711,159.0,58.1055
k3072,0.1791,0.0,162.0378
k1271,0.3061,0.0,189.1593
k3334,0.2724,0.0,140.5569
k6690,0.0795,0.0,263.5043
k902,0.3575,11655.0,206.1965
k6613,0.1812,0.0,513.5197
k6398,0.2347,0.0,182.2142
k7133,0.3642,0.0,140.5009
k779,0.1741,0.0,235.2573
k2421,0.4497,0.0,117.9841
k4702,0.3229,577.0,184.5332
k6948,0.0969,0.0,304.1488
k3946,0.2672,0.0,207.099
k4384,0.1208,0.0,72.8371
k683,0.2431,0.0,459.0103
k3910,0.2085,896.0,347.1041
k6816,0.5211,239.0,124.2578
k4380,0.0259,0.0,565.0179
k5689,0.3513,0.0,135.559
k5346,0.0543,0.0,195.0923
k5855,0.0886,0.0,280.5303
k6323,0.0173,0.0,194.1262
k5873,0.0621,775.0,265.5772
k7437,0.7725,9087.0,503.0002
k651,0.4915,0.0,314.7876
k862,0.9126,0.0,65.7305
k7455,0.2754,99.0,580.5603
k66,0.0526,0.0,74.8415
k446,-0.0216,0.0,131.911
k4723,0.1767,99.0,461.1196
k3702,0.0845,0.0,291.4125
k3793,0.38,0.0,103.0303
k5205,0.5446,0.0,224.0273
k7223,0.2215,0.0,141.5009
k4404,0.3554,0.0,159.0951
k67,0.0798,0.0,302.3384
k1240,0.253,0.0,499.5928
k1209,0.2235,0.0,93.7257
k753,0.1595,0.0,328.1421
k1611,0.0945,0.0,76.8668
k6517,0.3691,0.0,151.8634
k2298,0.4074,0.0,110.7079
k2209,0.1138,0.0,304.943
k585,0.1665,0.0,196.5204
k1061,0.2357,0.0,652.102
k2747,0.3121,298.0,64.1327
k2105,0.3791,397.0,505.5022
k312,0.3536,1132.0,848.1327
k802,0.2751,437.0,321.3973
k1522,0.1371,0.0,169.3576
k3087,0.6825,0.0,156.5966
k5339,0.2141,0.0,104.0685
k3293,0.132,0.0,141.5221
k5784,0.4174,0.0,99.0454
k2367,0.0959,0.0,244.232
k5040,0.1491,0.0,200.4507
k6368,0.4009,0.0,105.7568
k4871,0.3085,199.0,381.147
k5386,0.1745,0.0,307.0818
k2742,0.2954,279.0,179.4833
k2117,0.7736,0.0,94.4696
k3011,0.1437,0.0,167.8519
k7029,0.5383,0.0,329.5186
k2669,0.4406,0.0,230.2851
k1090,0.2678,0.0,342.646
k308,0.1852,2664.0,290.0108
k1973,0.3083,0.0,728.3716
k2966,0.0979,1571.0,206.3129
k4237,0.3583,0.0,150.2132
k6563,0.1124,358.0,169.1686
k129,0.1327,0.0,261.5578
k4718,0.2367,0.0,139.5143
k5356,0.6357,0.0,160.6526
k5956,0.1198,0.0,420.4608
k7520,0.1764,0.0,113.5099
k4822,0.1233,0.0,107.6162
k2156,0.1359,3619.0,117.8346
k5979,0.3464,0.0,117.5383
k5247,0.4949,3619.0,95.9231
k4163,0.2853,0.0,108.7945
k874,1.1726,0.0,115.5692
k1379,0.4798,0.0,265.993
k1590,0.1847,0.0,220.6043
k5679,0.0819,0.0,89.4497
k7563,0.3536,1132.0,533.496
k4728,0.2592,0.0,243.0741
k1707,0.1729,318.0,280.2356
k2476,0.126,159.0,88.459
k2645,1.0012,2525.0,120.0521
k3751,0.0837,0.0,196.3982
k3312,3.2536,0.0,97.7164
k1735,0.275,0.0,157.7862
k6911,0.3136,0.0,264.0573
k2685,0.0851,1152.0,123.3086
k3707,0.4061,0.0,150.3105
k2429,0.1126,0.0,304.2014
k6804,0.1428,0.0,239.2995
k2551,0.2405,0.0,475.3959
k598,0.106,0.0,191.0
k2488,1.4196,0.0,113.0896
k108,0.0427,457.0,58.826
k2291,0.0923,0.0,358.8851
k5398,0.2633,0.0,182.0247
k537,0.1211,0.0,101.4938
k5316,0.2853,0.0,339.4013
k1077,0.0366,676.0,110.269
k5737,0.1176,318.0,171.896
k6961,0.1133,0.0,258.56
k1189,0.1587,0.0,50.1224
k5347,0.2649,0.0,157.0199
k5970,1.598,1036.0,104.3935
k670,0.1443,0.0,299.1927
k2469,0.1091,2127.0,96.6049
k661,0.007,0.0,437.907
k6494,0.3621,0.0,158.7278
k2660,0.4398,0.0,207.2402
k637,0.1347,0.0,196.0057
k3199,0.1456,0.0,315.0778
k120,0.3262,0.0,133.6507
k6730,0.114,576.0,272.9991
k760,0.0608,4314.0,219.4767
k606,0.1127,0.0,92.5662
k3406,0.1717,0.0,205.2182
k1849,0.3878,0.0,354.9412
k4707,0.5094,1749.0,221.5141
k3122,0.1462,0.0,160.0383
k4029,0.102,0.0,142.1487
k6489,0.5446,199.0,308.6313
k3126,0.1643,0.0,339.6472
k4078,2.7764,0.0,490.2499
k284,0.9162,0.0,83.5
k7145,0.4465,0.0,430.3045
k4167,0.2765,0.0,219.9528
k6796,0.0771,15604.0,250.8371
k6842,0.4197,3160.0,201.748
k321,0.4009,0.0,334.9336
k2186,0.1315,0.0,62.5
k1505,0.2953,0.0,353.0598
k663,0.4355,0.0,534.4645
k7535,0.1525,0.0,114.5884
k1521,0.2953,0.0,198.4263
k7334,0.9915,2650.0,116.9241
k219,0.3413,0.0,58.5021
k3094,0.105,0.0,796.2401
k5896,0.0592,0.0,127.3283
k194,0.5452,0.0,287.6891
k4982,0.4932,0.0,206.6549
k4049,0.3329,0.0,398.4595
k5396,0.226,0.0,162.0633
k4527,0.1796,0.0,274.6643
k307,-0.1907,0.0,92.0666
k1701,0.1181,0.0,99.5301
k6734,0.1816,0.0,287.1489
k7039,0.3791,0.0,212.9941
k1127,0.0489,0.0,477.7682
k2515,0.0926,0.0,50.4009
k4022,0.1649,0.0,145.1043
k444,0.6081,0.0,406.9843
k5674,0.1837,0.0,216.2556
k2287,1.9487,618.0,1107.6039
k5592,0.2334,0.0,73.3485
k1494,0.106,0.0,180.025
k4162,0.1876,0.0,1500.8852
k3988,0.7577,0.0,71.2969
k6930,0.1538,0.0,161.6447
k5554,0.3554,5363.0,819.2565
k6752,0.12,0.0,138.0906
k2472,0.0265,0.0,319.8664
k1812,-0.0316,0.0,111.7866
k1295,0.2114,0.0,72.94
k5930,0.2236,0.0,146.96
k7253,0.082,0.0,137.816
k4141,0.5597,0.0,174.8607
k489,0.351,0.0,158.1597
k290,-1.206,4103.0,262.7741
k2272,0.1175,0.0,111.0281
k1386,0.1339,0.0,90.312
k193,0.2002,0.0,817.2033
k6338,2.7764,0.0,372.3657
k3249,0.2485,457.0,85.2877
k3575,0.0039,0.0,537.5733
k4948,0.2091,160.0,204.3679
k5753,0.327,0.0,313.9606
k4508,0.2284,0.0,92.7793
k1609,1.2617,1155.0,208.3273
k7036,0.385,0.0,167.638
k2376,0.0787,0.0,268.4143
k1906,0.4182,0.0,0.0
k6421,0.8376,0.0,387.3296
k5215,0.2416,0.0,140.0036
k2221,0.1815,338.0,431.1812
k4473,0.2389,0.0,199.1212
k4865,0.0883,975.0,727.8958
k7285,0.6825,1391.0,66.0
k1186,0.3047,278.0,22.102
k4765,-0.0083,0.0,152.1907
k7177,0.2373,159.0,85.0368
k1754,0.6234,0.0,168.2974
k7026,0.1393,854.0,106.0189
k2009,0.3011,0.0,200.5025
k6057,0.1386,1152.0,166.0188
k5499,0.522,0.0,126.7251
k6791,0.1388,0.0,228.6329
k4417,0.2477,716.0,245.0877
k4726,0.1086,2545.0,119.0378
k2112,0.0359,477.0,116.3497
k1880,0.0047,0.0,220.6111
k7162,0.404,0.0,271.8993
k3794,0.3783,0.0,242.4072
k4650,0.1393,477.0,63.7122
k4219,0.0487,0.0,97.3255
k4142,0.7675,2650.0,119.877
k3206,0.4364,0.0,263.6001
k1035,0.1729,0.0,204.0055
k5153,0.3303,0.0,0.0
k7603,0.2094,0.0,103.9639
k2181,0.2037,0.0,219.2761
k7430,0.2162,0.0,173.7074
k1954,-0.0086,0.0,589.9564
k516,0.085,0.0,358.8248
k1991,0.2284,0.0,583.7949
k3258,0.248,299.0,574.6723
k2455,0.0978,0.0,216.1926
k2884,3.0962,0.0,343.1268
k4698,0.291,0.0,214.9244
k5444,0.1233,0.0,130.1768
k6527,0.0752,0.0,148.1022
k7542,0.2751,0.0,321.5016
k2502,0.1194,378.0,56.6591
k5563,0.9383,1491.0,138.4783
k224,0.1325,0.0,529.279
k3663,1.3177,0.0,282.16
k5101,0.203,0.0,200.3578
k4847,0.0531,159.0,724.1768
k3740,0.1746,0.0,282.438
k1492,0.1212,0.0,187.5613
k3858,0.0954,0.0,219.4203
k3606,0.1958,0.0,384.5939
k6184,0.2508,0.0,205.3223
k5773,0.4497,0.0,266.9724
k6295,0.2537,616.0,321.0876
k1934,0.0437,0.0,164.746
k2170,0.1461,0.0,143.6706
k5384,0.1347,0.0,95.1223
k2389,0.5007,0.0,142.6087
k4285,0.9383,0.0,150.6793
k795,0.4201,0.0,186.5905
k4224,0.3344,0.0,89.0056
k3726,0.4466,0.0,112.8683
k6684,0.1461,0.0,127.5245
k2989,0.2322,0.0,71.0862
k7113,0.6747,0.0,125.865
k165,0.2544,0.0,62.0725
k5581,0.0526,995.0,133.2901
k2177,0.5605,0.0,470.1205
k630,0.4321,0.0,278.2175
k5142,-0.0593,0.0,37.8319
k3298,0.2076,139.0,118.0042
k5628,0.1529,0.0,203.81
k7134,0.1921,0.0,61.4003
k6389,0.1172,796.0,429.3673
k3349,0.2394,377.0,163.0
k342,0.0781,775.0,98.1122
k7353,0.029,0.0,98.1542
k5190,0.0267,0.0,120.2341
k3077,0.5964,139.0,60.2702
k3361,0.1168,0.0,198.5157
k18,0.0736,0.0,158.2561
k5467,0.1432,0.0,113.554
k4875,0.2184,1134.0,172.7614
k3669,0.1487,0.0,214.7819
k3711,0.2076,0.0,92.5054
k4349,0.3754,0.0,808.1765
k1638,0.1682,0.0,259.6137
k6211,0.0647,0.0,644.6877
k1785,0.6131,0.0,191.0026
k2711,0.1862,0.0,178.4888
k6005,0.0581,0.0,184.7444
k5603,0.3684,338.0,801.0275
k2007,0.291,0.0,151.2457
k1013,0.0183,338.0,195.9656
k2377,0.2395,0.0,96.3379
k2193,1.1966,0.0,165.0242
k7197,0.19,0.0,208.5096
k2065,0.2253,0.0,180.7242
k7277,0.1893,0.0,127.0984
k2766,0.2303,0.0,64.158
k6720,0.3804,0.0,170.8874
k3005,0.9383,0.0,307.6467
k820,0.111,0.0,138.8254
k3730,-0.157,20.0,109.8203
k7054,0.9162,0.0,190.0217
k62,0.0039,0.0,251.0005
k6659,0.1587,0.0,125.5807
k7296,0.1136,0.0,147.5686
k1052,0.2338,0.0,137.5582
k4810,0.614,0.0,402.4665
k6095,0.5989,0.0,143.6959
k7191,0.2118,0.0,314.8877
k644,0.2337,815.0,90.6104
k6779,0.4941,0.0,131.5485
k5518,0.1029,0.0,237.5426
k1909,0.0593,0.0,256.4888
k1428,0.3283,0.0,61.8971
k1843,0.4046,0.0,24.4591
k4700,0.3212,11988.0,261.5134
k2276,0.1144,0.0,350.4169
k3105,0.2667,219.0,84.0536
k6284,0.2923,0.0,232.2848
k4397,-1.067,219.0,90.05
k36,0.056,0.0,852.1367
k1711,0.3339,0.0,92.8924
k3621,0.2758,0.0,154.0552
k1871,0.127,0.0,169.0362
k6802,0.1215,0.0,701.9238
k5389,0.5365,0.0,152.0148
k1795,0.0079,2783.0,102.5597
k1472,-0.5825,657.0,205.5736
k7428,0.0823,298.0,98.7142
k5167,0.1643,0.0,152.0206
k1093,0.5446,0.0,135.1333
k2359,1.4375,11655.0,287.7725
k6238,0.1215,0.0,121.2642
k7477,0.1518,0.0,167.5
k2548,0.1259,0.0,177.7301
k27,0.2875,0.0,290.0728
k1290,0.0386,537.0,361.8764
k2814,0.3241,497.0,274.5073
k4784,-0.292,259.0,721.021
k7450,0.1529,0.0,427.452
k3507,1.3232,0.0,471.7648
k1358,0.253,0.0,390.4971
k2857,0.1356,0.0,168.1458
k5714,0.1567,1412.0,211.164
k256,1.1076,0.0,83.5733
k7284,0.2253,0.0,83.5419
k579,0.0708,99.0,90.5055
k7532,0.2246,3936.0,623.7708
k7325,0.3193,0.0,263.1316
k850,0.1741,0.0,207.3475
k6352,0.2241,795.0,172.1424
k3137,0.3121,0.0,258.0484
k2702,0.2906,1512.0,573.0218
k180,0.1327,3717.0,826.4581
k4462,0.1643,1550.0,197.784
k6549,0.0015,0.0,266.3104
k4168,0.1951,0.0,131.0
k1983,0.249,1632.0,255.6766
k6133,0.4325,0.0,220.096
k292,1.9487,618.0,84.257
k990,1.0804,0.0,0.0
k6426,0.1187,0.0,172.5007
k3692,0.8481,656.0,169.0067
k815,0.2986,0.0,191.802
k3142,0.2298,0.0,197.3537
k2696,0.3122,0.0,147.1436
k3784,0.3761,0.0,380.659
k2381,1.4802,698.0,590.0686
k3301,0.2751,278.0,26.5047
k2602,0.1557,119.0,369.3457
k6967,0.1538,0.0,212.8057
k3853,0.3302,179.0,58.5342
k3891,0.556,0.0,149.541
k4862,0.8065,0.0,241.5186
k1836,0.2052,0.0,315.833
k7471,0.3036,0.0,114.7966
k6466,0.1525,0.0,201.1523
k4764,0.3335,22218.0,150.1874
k1972,0.4915,159.0,319.188
k1682,0.0841,2167.0,89.2749
k614,0.2923,0.0,324.6798
k3614,0.3442,0.0,336.7911
k7035,0.5515,0.0,298.0759
k5220,0.0246,0.0,526.0271
k28,0.6028,0.0,0.0
k3042,0.0903,0.0,678.9464
k255,0.4046,0.0,170.5029
k704,0.4074,398.0,117.1164
k5918,0.1456,0.0,200.6103
k6844,0.0833,1252.0,79.5393
k6102,0.2556,0.0,230.7347
k3401,0.4466,0.0,91.0124
k2372,0.1947,378.0,258.6238
k5624,1.15,0.0,137.0328
k7042,0.1526,3639.0,524.1612
k1508,0.0925,0.0,146.5094
k6244,0.3797,0.0,335.0302
k6794,-0.0408,0.0,157.9818
k2045,0.0921,0.0,171.2921
k3640,0.1296,0.0,104.6721
k4257,0.147,139.0,139.0081
k777,0.289,0.0,688.5231
k4092,0.9337,0.0,266.1748
k1201,0.3684,0.0,142.4649
k7564,0.3893,0.0,67.0671
k5083,0.2395,0.0,129.8249
k7220,-0.0422,0.0,321.5603
k3391,0.1403,0.0,329.3907
k3630,0.111,0.0,259.512
k1424,0.133,0.0,270.2041
k7286,0.1665,0.0,158.9166
k6572,0.237,0.0,108.0116
k6644,0.1977,0.0,138.0154
k3890,0.4968,0.0,104.7485
k1289,0.3161,417.0,86.2047
k2398,0.2216,0.0,192.2869
k6506,0.211,0.0,165.1552
k3040,0.0841,2167.0,278.3779
k2546,0.0945,0.0,114.2639
k4790,0.0329,0.0,117.6287
k7405,0.3131,0.0,75.0267
k3064,0.1386,278.0,45.853
k5015,0.2327,0.0,321.624
k1546,0.123,0.0,128.4338
k1332,0.2033,0.0,24.3311
k625,0.2729,318.0,440.702
k755,0.3803,258.0,101.6526
k6609,0.7876,0.0,200.0625
k4895,0.2617,3717.0,94.012
k998,0.2133,0.0,1074.1036
k2152,0.104,0.0,164.1714
k138,0.0103,0.0,208.1952
k5723,0.3554,0.0,75.5993
k597,0.2128,0.0,557.2443
k3294,0.1717,0.0,170.0118
k6940,0.0775,0.0,150.1308
k6434,0.5086,0.0,202.9495
k5092,0.1801,0.0,390.9735
k6883,0.1462,0.0,221.5023
k2153,0.0047,0.0,569.5184
k1058,0.4978,3678.0,0.0
k3427,0.2243,0.0,143.1861
k7196,0.5197,0.0,179.8506
k1968,0.0761,0.0,117.0684
k3352,0.1958,0.0,448.0137
k510,0.3176,0.0,131.344
k5940,0.2099,0.0,52.9009
k3188,0.0698,119.0,61.7738
k6025,0.2521,0.0,92.1263
k7297,0.0708,0.0,319.5767
k6177,0.2022,0.0,269.8453
k7101,0.1757,0.0,122.0092
k103,0.0804,0.0,206.8586
k4068,0.1442,0.0,229.0851
k2016,0.1682,0.0,80.9151
k2247,0.2544,179.0,211.3534
k1988,0.2215,0.0,712.2837
k1980,0.1432,0.0,96.5829
k3698,2.5361,0.0,106.0106
k4013,-0.0285,993.0,223.7856
k590,0.5515,0.0,250.6472
k4064,0.4725,299.0,435.4366
k6158,-0.0043,0.0,130.1163
k6650,0.3413,0.0,81.3895
k4703,0.029,1353.0,210.0536
k3892,0.2322,338.0,222.3044
k1221,0.0639,0.0,132.795
k100,0.1166,0.0,246.3341
k4081,0.3222,377.0,135.0926
k5626,0.1471,476.0,51.1981
k4890,0.2116,0.0,68.469
k7577,0.2822,0.0,158.5757
k3151,0.3163,0.0,284.6753
k526,0.3188,0.0,81.7389
k6584,0.1643,80.0,162.2421
k4124,0.205,0.0,201.562
k1339,0.5303,0.0,92.6674
k2543,1.0012,2664.0,82.6514
k7333,0.0854,377.0,135.4289
k1012,0.2298,0.0,166.4227
k866,0.2215,0.0,92.5486
k4393,0.1196,497.0,179.5341
k5731,0.152,0.0,69.8355
k5922,0.1831,0.0,168.2624
k5732,0.1211,0.0,129.1375
k7579,0.2401,854.0,283.317
k2163,0.9836,1234.0,128.161
k7511,2.6022,200.0,74.6073
k2813,0.2718,0.0,122.7609
k1721,-0.0139,0.0,275.5454
k684,-0.0062,0.0,93.5855
k4973,0.6525,17872.0,119.5199
k2001,0.0819,0.0,284.2789
k6876,0.0437,0.0,125.8978
k5949,0.4932,0.0,201.4274
k1519,1.5457,0.0,128.8031
k6227,0.136,458.0,168.6335
k3721,0.085,0.0,135.2562
k6275,0.043,0.0,479.0942
k5298,0.2938,0.0,97.0
k1634,0.1497,0.0,103.0109
k1473,0.25,0.0,107.5186
k6223,0.2636,0.0,17.5285
k1792,0.9425,17872.0,80.514
k5423,0.4069,0.0,144.5415
k2419,0.4172,0.0,141.726
k7368,0.1289,0.0,112.1751
k7239,0.5104,299.0,252.9056
k4806,0.2004,1154.0,495.1336
k6731,0.2636,0.0,139.3592
k2118,0.1645,0.0,649.6676
k4655,0.1796,0.0,289.5622
k3261,0.5532,0.0,159.5282
k4188,0.1645,0.0,376.3313
k2780,0.1727,0.0,1924.1347
k5379,0.4446,0.0,500.536
k6243,0.1356,0.0,108.1157
k302,0.154,0.0,346.5274
k6526,0.2071,0.0,936.2094
k5538,0.0969,0.0,109.7144
k1650,0.3095,0.0,57.0898
k3376,0.0776,0.0,259.5308
k3762,0.1788,0.0,110.3913
k6267,0.1401,0.0,120.204
k6012,0.1171,0.0,430.4257
k2893,0.1816,0.0,348.509
k951,0.0596,159.0,67.8325
k1747,0.285,0.0,140.532
k467,0.4189,139.0,45.1221
k3419,0.0184,836.0,72.9126
k3494,0.2912,0.0,127.3862
k1149,0.2952,0.0,187.5167
k422,0.2022,0.0,423.7313
k6672,0.3359,0.0,88.37
k1023,2.2879,937.0,78.2336
k3390,0.1859,0.0,379.3761
k1866,0.1113,975.0,545.6796
k6515,0.1471,0.0,151.5074
k6947,0.1688,0.0,466.2502
k92,0.124,0.0,397.0519
k5521,-0.0043,0.0,131.4002
k1716,0.2373,0.0,149.688
k1382,0.1806,1253.0,85.856
k1427,0.1819,278.0,178.5343
k544,0.1465,0.0,184.1962
k20,0.3455,0.0,270.4741
k2739,0.0921,0.0,102.9332
k5397,0.2895,0.0,116.6812
k5358,0.0293,0.0,200.1406
k2022,0.3628,0.0,265.6991
k5727,0.4924,0.0,148.0304
k4312,0.3893,0.0,139.5609
k1982,0.2537,0.0,845.7489
k2920,0.1462,0.0,1581.9637
k599,0.25,0.0,277.5018
k7463,0.1022,954.0,451.0291
k5590,0.1935,4434.0,525.1726
k584,0.1774,0.0,118.4789
k5871,0.1206,0.0,220.1113
k6249,0.3028,0.0,571.9869
k2384,0.1151,0.0,138.5036
k5100,0.0957,0.0,81.5552
k2154,0.3207,0.0,270.8967
k7130,1.3812,0.0,66.7271
k2106,0.1432,0.0,764.5826
k3167,0.3328,675.0,471.255
k6170,0.1613,0.0,196.5312
k6327,0.3397,0.0,170.4531
k29,1.6042,200.0,128.1405
k1749,0.1795,278.0,93.0658
k2729,0.3536,0.0,392.699
k5532,0.6081,0.0,231.2926
k941,0.0921,0.0,98.6268
k2846,0.2337,0.0,144.6695
k1738,0.1682,0.0,225.0
k5034,0.2589,0.0,267.6476
k2404,0.0435,0.0,110.6368
k3120,0.404,179.0,457.7775
k3615,0.1274,0.0,243.6847
k5341,0.2496,0.0,97.8673
k4640,0.3933,0.0,132.0947
k5969,1.3177,0.0,57.2189
k6412,0.4009,0.0,133.7395
k1579,0.6353,0.0,315.0571
k5367,0.2565,914.0,371.3506
k3282,0.1335,0.0,268.8215
k601,0.114,1053.0,115.9741
k4781,0.2395,0.0,217.8124
k1377,0.0818,0.0,162.5131
k6132,0.4063,0.0,869.9118
k2692,0.0353,0.0,221.0713
k6115,0.2126,0.0,474.5432
k7354,0.1202,0.0,195.686
k1931,0.1063,0.0,95.7209
k7185,0.1595,0.0,318.0605
k6406,-0.0238,2286.0,142.2744
k904,0.1029,0.0,81.0062
k2464,0.3438,0.0,0.0
k1556,0.1855,0.0,248.0952
k5447,0.419,80.0,149.5209
k2201,0.1235,0.0,690.704
k6579,0.304,0.0,369.4117
k3933,0.1968,0.0,309.1622
k4191,0.2297,100.0,154.5
k6817,0.248,0.0,258.0237
k3191,1.2332,0.0,233.0161
k4881,0.2427,0.0,201.575
k3872,0.2451,0.0,453.6722
k4211,1.002,4105.0,369.3812
k655,0.0231,298.0,294.5819
k5550,-0.007,0.0,224.7454
k3474,0.0652,0.0,123.501
k1803,0.4063,3380.0,159.7568
k5709,0.279,0.0,219.2538
k4802,0.0639,0.0,215.6879
k1334,0.0978,4314.0,237.5084
k7188,0.124,278.0,480.837
k3164,0.0841,995.0,508.5199
k4670,0.2232,0.0,73.0924
k5776,0.0708,0.0,229.2477
k150,0.046,0.0,116.4989
k3833,0.2943,0.0,285.7866
k1383,0.2635,0.0,330.2128
k2121,0.0085,0.0,86.6747
k715,0.6412,0.0,283.5353
k7476,0.1572,0.0,406.5172
k1047,0.663,0.0,208.5863
k6600,0.1274,0.0,130.9599
k2340,2.7591,359.0,1292.0639
k2345,0.1101,0.0,174.2326
k3966,0.1456,0.0,351.3307
k6907,0.1432,2705.0,480.8123
k3016,0.0971,0.0,51.2299
k3511,0.139,0.0,425.4894
k875,0.3397,0.0,149.5008
k4086,0.2625,0.0,169.7425
k6658,0.1767,0.0,290.0845
k7214,0.1458,0.0,100.5
k3358,0.2754,0.0,110.6345
k6377,0.1682,199.0,296.2811
k6452,0.0161,0.0,142.7839
k3737,0.283,0.0,227.8163
k5837,0.1258,0.0,970.3105
k3412,-0.0083,0.0,91.1071
k5831,0.0282,0.0,853.2634
k5255,0.2565,0.0,100.5609
k5582,0.1487,219.0,77.7721
k6274,0.3768,0.0,429.4147
k484,0.0173,833.0,195.0026
k609,0.304,0.0,148.054
k442,0.2777,0.0,469.3149
k620,0.5964,0.0,55.3173
k4791,0.2081,1094.0,64.4748
k3562,0.1975,0.0,516.8861
k4657,0.1611,0.0,169.5435
k946,0.522,0.0,126.3576
k1680,0.0621,537.0,143.0079
k494,0.3642,0.0,241.5999
k4270,0.2052,0.0,323.7901
k449,0.2162,0.0,94.1913
k1829,0.2667,0.0,230.8533
k2540,0.3253,0.0,131.501
k4480,0.0708,0.0,163.01
k6306,0.2059,0.0,99.363
k5464,0.1377,0.0,110.911
k2984,0.2903,0.0,130.4003
k5097,0.3006,1452.0,82.2876
k380,0.0736,0.0,89.3588
k7565,0.8257,1215.0,94.1236
k4656,0.2032,0.0,142.4254
k1502,0.1166,0.0,337.8113
k2949,0.4172,377.0,201.5589
k6234,0.2284,0.0,111.2879
k4873,0.2002,0.0,262.2103
k4509,0.0259,0.0,720.6837
k7112,0.1061,0.0,78.5064
k7322,0.4,1849.0,131.264
k3141,0.361,0.0,632.4043
k2208,0.0843,0.0,212.3682
k2289,0.3913,0.0,275.2063
k3478,0.1494,0.0,194.5308
k3321,0.2648,0.0,188.9874
k1017,0.2907,0.0,99.2182
k5276,0.3554,0.0,184.5677
k5572,0.0723,0.0,309.9823
k1755,0.1325,0.0,72.1405
k1859,0.1174,3540.0,78.2768
k4317,0.1327,0.0,119.2015
k5277,0.248,1632.0,353.0287
k4088,0.2135,0.0,157.6959
k5739,0.3185,0.0,1236.1789
k3102,0.2347,0.0,179.0112
k7472,0.0441,0.0,57.2123
k6912,0.204,0.0,120.0135
k6220,0.8061,0.0,196.3982
k1226,0.052,0.0,275.1404
k3395,0.1568,0.0,531.1841
k1853,0.2758,0.0,123.0864
k2211,0.1063,0.0,147.147
k3250,2.3481,0.0,83.5853
k3845,0.1468,0.0,183.6968
k2346,0.1816,0.0,95.4005
k7513,0.1824,218.0,252.0005
k6546,0.0829,0.0,86.6444
k7304,0.2776,1391.0,71.6746
k6014,0.1113,219.0,249.3657
k6343,0.2636,0.0,108.4735
k2667,-0.0378,0.0,834.1902
k1998,0.212,0.0,674.9448
k1765,0.1525,0.0,148.7725
k5905,0.0016,5031.0,437.7925
k4506,0.3464,398.0,34.5326
k3829,0.1756,0.0,95.5667
k2624,0.2672,0.0,56.4734
k1623,-0.1317,0.0,242.7725
k1224,1.8132,0.0,292.6555
k6256,0.0837,0.0,243.2961
k1051,0.2724,0.0,154.7942
k7488,0.2037,0.0,277.2819
k1921,0.1557,3160.0,183.7621
k5327,0.2451,0.0,234.5645
k6706,0.1476,0.0,293.3586
k1192,0.2625,0.0,128.7808
k5658,0.0713,0.0,204.7877
k6286,0.0979,736.0,81.9421
k807,0.0592,0.0,264.5043
k2591,0.3547,0.0,243.654
k691,0.3397,99.0,44.7353
k7504,0.1757,0.0,179.5446
k4759,0.1024,0.0,228.5662
k2536,0.1402,0.0,150.1408
k4846,0.1113,219.0,521.0002
k542,0.2982,0.0,336.322
k1780,0.6975,0.0,174.8156
k3280,0.2777,0.0,236.5021
k6503,0.356,298.0,100.4502
k814,0.1647,0.0,201.1796
k3605,0.1802,0.0,282.0869
k4139,0.1289,0.0,220.4291
k2678,0.2777,0.0,127.2095
k3559,0.1301,219.0,632.8027
k1118,0.1324,0.0,331.7356
k3610,0.2496,0.0,167.6969
k4553,0.1187,0.0,105.5107
k2583,0.1402,477.0,131.595
k6685,0.2226,0.0,151.8898
k5540,-0.0408,0.0,125.3236
k3953,0.494,0.0,245.0862
k1410,0.1437,0.0,142.0317
k2101,0.0979,736.0,298.862
k4004,0.0939,0.0,214.5985
k2237,0.4325,3359.0,195.3586
k5044,0.3516,0.0,114.7661
k6056,0.0267,0.0,129.0213
k577,0.185,0.0,108.9461
k2881,0.1487,0.0,97.4166
k5720,0.1812,0.0,129.2256
k5841,0.4949,0.0,170.6605
k5598,0.1654,0.0,167.8288
k2826,0.2154,0.0,88.8735
k158,0.3512,0.0,70.8837
k122,0.6906,0.0,231.9925
k2735,0.3402,0.0,89.3826
k4028,-0.0228,914.0,153.2947
k367,0.4127,119.0,303.5927
k44,0.2895,0.0,96.7187
k5286,0.3627,377.0,194.1262
k3628,0.273,0.0,421.4647
k3951,0.1554,0.0,189.5554
k1709,0.2812,0.0,90.4268
k4449,0.3797,0.0,256.0005
k6710,0.614,0.0,356.7555
k483,-0.0593,0.0,273.7417
k1907,0.2719,0.0,98.0778
k4685,0.2647,0.0,142.4588
k7279,0.1072,0.0,68.5456
k2434,0.0661,457.0,48.9311
k2950,-0.1365,1434.0,505.0015
k7372,0.1946,0.0,125.03
k3224,0.0686,258.0,69.5881
k4593,0.1462,0.0,188.1495
k2610,0.043,119.0,84.9779
k4027,0.0971,0.0,154.7336
k7448,0.2028,0.0,620.1842
k2149,0.2699,0.0,89.5014
k692,0.073,1849.0,111.6882
k3205,-0.0378,0.0,1351.7157
k5788,0.1708,139.0,36.0139
k7506,0.0854,0.0,130.0548
k2762,0.4446,0.0,228.8154
k2468,0.2687,0.0,230.5217
k6135,0.0811,0.0,158.7844
k7303,0.1289,0.0,55.5788
k3647,0.2703,0.0,134.4061
k402,0.38,0.0,110.726
k5992,0.3536,0.0,144.2099
k2182,0.105,0.0,294.5505
k7545,0.0941,0.0,114.6571
k1572,0.5893,0.0,147.7176
k4048,0.0756,0.0,119.148
k612,0.1215,0.0,80.0078
k877,0.054,0.0,103.1855
k925,0.327,0.0,84.5946
k508,0.1989,0.0,449.2029
k5395,0.2416,0.0,111.809
k226,0.1994,0.0,148.5412
k2222,0.1181,0.0,139.6755
k4966,-0.2355,617.0,321.0876
k2938,0.8215,0.0,132.0038
k5011,0.3394,0.0,100.005
k852,0.0957,0.0,370.5955
k5199,0.2128,437.0,222.8419
k1,0.1397,0.0,144.5424
k7347,0.1824,0.0,442.1629
k3171,0.0162,0.0,451.6949
k3915,0.1441,875.0,63.7122
k7429,0.0738,0.0,280.2789
k3220,0.1167,0.0,110.0
k5400,0.2296,0.0,474.3113
k4318,0.1977,0.0,107.5291
k4504,0.0829,0.0,256.1411
k1187,0.263,358.0,80.7233
k5089,0.2776,4252.0,134.0037
k2365,0.283,0.0,165.2763
k4147,0.0891,1132.0,65.0692
k3124,0.3273,0.0,180.2505
k5584,0.1746,0.0,238.0005
k996,0.2083,0.0,300.0417
k7378,0.316,0.0,0.0
k1280,0.1853,0.0,101.357
k4808,0.3438,0.0,76.2365
k3593,0.0989,0.0,511.4834
k5754,2.2785,0.0,101.1781
k1128,0.1446,0.0,99.3202
k2509,0.3603,0.0,103.5917
k5999,0.1696,656.0,116.6812
k5906,0.2327,139.0,122.5122
k210,0.1307,0.0,242.5
k415,0.0701,0.0,165.003
k6283,0.082,298.0,150.4028
k4891,-0.0835,0.0,200.7212
k4118,0.3893,0.0,84.925
k1048,0.1921,398.0,66.3363
k4843,0.0841,1094.0,53.0377
k434,1.1346,0.0,163.1908
k2254,0.0411,80.0,374.9567
k6799,0.2246,0.0,254.9431
k1114,0.1181,1193.0,333.7911
k4795,0.4981,496.0,195.3164
k1314,0.106,0.0,788.9899
k4561,0.2215,1632.0,220.5499
k1049,0.0559,0.0,137.5582
k6112,0.2142,0.0,104.5108
k1317,0.3303,398.0,67.3146
k1819,0.1624,4372.0,76.5131
k7311,0.3516,0.0,564.2362
k4262,0.3095,0.0,563.1174
k648,0.267,0.0,89.1319
k3234,0.1176,0.0,44.2634
k5239,0.4069,0.0,226.241
k1437,0.2938,398.0,66.4831
k621,0.5974,0.0,106.0212
k1344,0.132,0.0,234.0192
k1536,0.3413,517.0,221.6055
k7407,1.4802,0.0,215.8894
k2612,0.0787,0.0,522.0931
k2861,0.3695,0.0,305.6276
k7144,0.1437,0.0,211.0024
k6927,0.186,10556.0,221.6309
k993,0.2226,0.0,174.0065
k1915,0.0949,0.0,107.7926
k6523,0.1587,0.0,338.0237
k7342,0.2466,0.0,327.6145
k1359,0.1876,0.0,317.3724
k7194,0.0976,0.0,56.2694
k2290,0.347,0.0,87.9673
k5750,0.4465,0.0,138.9469
k4833,0.0626,0.0,163.0989
k2731,0.1741,0.0,163.3317
k2064,0.0842,0.0,121.1652
k6880,0.5577,717.0,58.1485
k1509,0.5365,0.0,204.8518
k4696,0.2395,0.0,112.6421
k731,0.2302,0.0,234.0192
k3353,0.1729,418.0,57.0351
k5143,0.1977,0.0,624.838
k51,0.2004,0.0,181.5991
k195,0.1576,0.0,133.0883
k2954,0.0526,0.0,178.1579
k5630,0.3884,697.0,86.4653
k4837,0.1315,1372.0,251.0403
k592,0.1742,0.0,495.283
k5041,0.1732,159.0,288.4441
k3580,0.4803,0.0,731.5234
k3035,0.3182,0.0,126.3171
k3552,0.1613,0.0,692.9939
k1994,0.1206,179.0,65.1556
k5462,0.033,398.0,188.2352
k3217,0.3416,0.0,194.1237
k4351,0.1745,0.0,219.3285
k3344,0.2893,0.0,165.0273
k6508,0.1426,0.0,342.7922
k2068,1.16,0.0,113.1923
k2239,0.0959,0.0,59.5021
k3197,0.0841,913.0,127.0089
k1826,0.6683,0.0,700.9326
k2592,0.2183,0.0,96.0833
k1028,0.0184,0.0,110.5
k1801,0.1497,2603.0,172.605
k5643,0.1113,239.0,380.659
k4864,0.2678,0.0,161.038
k4991,0.0437,179.0,52.0433
k5112,0.1624,0.0,190.0539
k6100,0.3416,1770.0,809.0564
k1748,0.1386,417.0,94.0877
k1426,0.0751,0.0,97.4166
k6173,0.3804,0.0,395.6871
k3962,0.0647,0.0,371.7637
k623,0.2647,0.0,214.6683
k2159,0.147,358.0,182.5829
k1897,0.4406,0.0,29.5169
k4280,0.556,0.0,419.0716
k1520,0.2004,0.0,175.7
k5152,-0.0228,0.0,172.1228
k4518,0.2002,0.0,168.5007
k6404,0.0355,0.0,145.4184
k723,0.126,0.0,88.5056
k689,0.2352,0.0,86.0058
k5994,0.9836,0.0,425.7056
k1304,0.4172,0.0,96.6566
k5322,0.2198,0.0,362.2051
k4051,0.3931,0.0,406.0015
k561,0.114,596.0,419.1718
k1157,0.2356,0.0,189.7215
k1688,0.6357,0.0,597.2441
k7486,0.3553,756.0,71.1846
k1369,0.3121,0.0,211.3557
k6542,0.1769,0.0,72.3343
k2438,0.054,0.0,407.2386
k580,0.1988,0.0,215.4553
k1761,0.345,0.0,343.2739
k6693,0.2729,0.0,217.0052
k6442,-0.0378,0.0,538.1889
k5118,0.1978,0.0,160.7809
k3906,0.1572,0.0,374.8173
k2349,0.2401,854.0,283.893
k6512,0.0663,0.0,108.9082
k4306,0.2953,0.0,148.1022
k6648,0.2206,0.0,114.6843
k3450,0.2023,0.0,386.0534
k148,0.2364,0.0,141.673
k6116,0.1189,0.0,142.6482
k3885,0.1124,358.0,106.3602
k5291,0.4466,0.0,89.9514
k6709,0.1334,0.0,114.5535
k2829,0.1671,6938.0,217.6293
k3256,0.1562,0.0,192.0527
k950,0.1446,9816.0,180.7374
k2073,0.7562,0.0,283.1855
k3536,0.1951,0.0,401.5
k7318,0.1175,0.0,201.4907
k4222,0.2184,358.0,806.7455
k1125,0.2041,0.0,244.2335
k6359,0.2052,0.0,200.5898
k2878,0.0915,0.0,144.8456
k1454,0.4189,0.0,728.7059
k6655,0.0677,0.0,383.4169
k6769,0.2284,0.0,93.0121
k5009,0.2229,0.0,195.829
k7467,0.3548,199.0,77.5403
k4924,0.3006,1492.0,139.9035
k2056,0.1646,0.0,110.0659
k6497,0.3229,0.0,170.4362
k1019,0.0847,318.0,415.5193
k4755,0.2931,0.0,148.9505
k7474,0.3438,0.0,213.7341
k2786,0.1034,0.0,241.5186
k5179,0.1296,0.0,258.2562
k4298,0.1986,1212.0,85.5058
k4637,0.1469,0.0,91.0934
k3236,0.3893,0.0,136.1112
k6896,0.0949,0.0,144.5424
k4061,0.1806,0.0,107.0806
k1679,0.2226,0.0,127.0797
k2733,0.1015,1353.0,326.974
k333,1.7096,0.0,64.2806
k3855,0.3547,735.0,160.0008
k1504,1.7037,618.0,77.5016
k6044,0.0989,735.0,368.8204
k4892,0.237,0.0,134.0121
k3183,0.2651,0.0,33.6043
k619,0.2765,0.0,55.9151
k921,0.2229,0.0,233.0048
k3549,0.0445,0.0,97.6281
k2738,0.3508,0.0,224.831
k6708,1.1076,239.0,124.0343
k7295,0.1023,318.0,54.9409
k2565,0.1004,0.0,186.5811
k906,0.102,0.0,363.5994
k3672,0.3628,0.0,450.6531
k3295,0.1859,279.0,178.5252
k5971,0.1813,0.0,203.1976
k3895,1.3177,0.0,129.0087
k3864,0.1816,0.0,155.9888
k2360,0.4172,0.0,374.7212
k313,0.1568,0.0,1030.5199
k2097,0.0326,0.0,366.1291
k5404,-0.021,0.0,293.0004
k7282,0.5288,0.0,299.2161
k4039,0.5288,0.0,316.942
k6006,-0.003,1372.0,534.4067
k2394,0.1595,0.0,141.8529
k7482,0.4172,0.0,453.7744
k74,0.7122,0.0,103.3102
k2715,0.193,0.0,202.9495
k151,0.2586,0.0,606.132
k2079,1.4766,2211.0,76.6877
k2659,0.3761,0.0,149.5301
k6320,0.203,0.0,451.0809
k4423,0.4221,0.0,140.788
k7343,0.2583,0.0,310.7129
k2175,0.0756,0.0,85.0235
k1673,-0.021,0.0,328.7906
k4369,0.2797,1611.0,290.9729
k7503,0.348,278.0,122.5408
k5251,0.1181,3658.0,470.802
k6122,0.1871,457.0,191.2806
k5827,0.3768,0.0,107.3709
k559,0.3006,0.0,83.7437
k2594,2.3504,0.0,127.4402
k583,0.3754,1272.0,88.8623
k6885,0.2812,99.0,135.2036
k6778,0.4355,0.0,107.8761
k4502,0.6972,0.0,116.0528
k4204,0.2133,119.0,203.0185
k1560,0.4174,0.0,110.8659
k6004,0.3311,0.0,0.0
k5812,0.1859,199.0,391.554
k4289,0.1172,6363.0,144.7498
k5757,0.2496,0.0,130.0471
k5688,1.8132,0.0,68.5894
k3626,0.4488,0.0,385.593
k3430,0.314,0.0,210.0012
k7366,0.3554,0.0,144.5078
k7317,0.2802,0.0,140.1749
k1583,0.3223,218.0,86.2235
k5366,0.3583,0.0,873.9637
k727,0.4327,0.0,90.6091
k334,0.1058,0.0,72.6722
k3297,0.1315,0.0,63.4606
k5496,0.1796,0.0,251.8358
k3078,0.0409,0.0,140.0
k7390,0.3933,0.0,69.4262
k769,0.7562,0.0,102.5
k5622,0.2048,0.0,201.3157
k741,0.2496,0.0,306.8355
k6218,0.3507,0.0,96.8104
k4302,0.1317,0.0,85.5409
k4005,0.8305,4105.0,131.244
k6003,0.614,238.0,106.3602
k3451,0.19,0.0,152.6106
k6625,2.3504,0.0,0.0
k5055,0.0971,119.0,1124.1835
k6018,0.1319,0.0,503.2974
k6204,0.2081,0.0,252.9002
k1208,0.1233,0.0,410.2734
k851,0.1072,1789.0,741.5721
k4777,0.2931,0.0,94.5331
k1834,0.0545,0.0,170.793
k5439,0.1946,0.0,128.0625
k1936,0.2914,0.0,113.2166
k2873,0.1682,0.0,628.2653
k2520,-0.0379,0.0,84.3579
k7167,0.2154,239.0,442.0025
k6943,0.1951,0.0,232.5774
k5545,0.0578,0.0,223.2896
k2568,0.6747,1352.0,96.6863
k6475,0.5446,0.0,568.156
k3963,0.046,0.0,173.0181
k863,0.5446,258.0,462.3873
k4020,0.3884,0.0,447.2832
k7462,0.1708,0.0,251.2195
k1775,0.0686,258.0,218.3169
k6431,0.1432,0.0,184.6943
k70,0.2765,0.0,165.5272
k6224,0.162,0.0,73.2888
k6748,0.162,0.0,621.3445
k2929,0.2718,338.0,314.8956
k3706,0.2401,854.0,71.7252
k5893,0.1682,0.0,59.1354
k3524,0.3603,0.0,104.0108
k5216,0.0305,179.0,78.5016
k7525,0.1881,0.0,214.2574
k7195,0.4201,0.0,111.2048
k6432,-0.0083,578.0,146.154
k378,0.1091,0.0,457.5959
k430,0.0162,756.0,220.5091
k965,0.3163,0.0,170.913
k1262,0.0781,0.0,479.3071
k3957,0.8115,0.0,182.0783
k5524,0.1522,119.0,173.9684
k5076,0.2292,0.0,130.5412
k4925,0.3791,0.0,277.3793
k3296,0.1123,0.0,134.9379
k3911,0.2497,0.0,584.5864
k389,0.1448,0.0,149.2146
k4854,0.145,0.0,120.0333
k2997,0.4623,0.0,149.8332
k5159,1.1785,0.0,135.0454
k2906,0.3893,0.0,101.3817
k3701,0.2633,0.0,134.1827
k116,0.2891,0.0,90.4005
k4154,0.3884,0.0,191.6155
k7257,0.1795,4252.0,152.8275
k4988,0.4949,3599.0,299.2825
k3193,0.1729,318.0,45.9619
k3066,0.0522,0.0,182.9624
k650,0.3965,0.0,385.7191
k5555,0.105,0.0,243.5262
k4594,0.1054,0.0,106.6677
k2566,0.2052,0.0,460.4131
k4435,0.1127,0.0,463.2043
k1922,0.1542,358.0,223.1435
k2774,0.3223,218.0,117.4787
k7244,0.1529,0.0,75.4934
k2798,0.2085,179.0,87.9616
k4538,0.6906,1913.0,71.0862
k920,0.0647,0.0,161.4102
k1074,0.1254,0.0,168.3627
k1076,0.1206,0.0,333.524
k4422,0.2633,0.0,168.2149
k5835,0.1261,0.0,432.0706
k6113,0.3719,0.0,222.3342
k1744,0.0847,0.0,247.0233
k7224,0.3684,0.0,878.5898
k3325,0.1165,99.0,71.8923
k3681,0.35,596.0,203.0222
k2420,0.6353,0.0,219.1632
k2863,0.1347,0.0,147.2175
k2205,0.1859,0.0,129.0155
k6867,0.1929,0.0,384.9692
k4819,-0.0238,0.0,105.8702
k6980,0.1625,139.0,158.2561
k3554,0.2033,0.0,97.1249
k4556,0.0813,0.0,697.0088
k5180,0.2873,0.0,1001.4502
k5263,0.0271,0.0,71.0282
k5586,0.0568,0.0,305.7785
k1256,0.3283,0.0,738.8762
k3420,0.1339,0.0,154.0519
k2545,0.1124,0.0,189.6905
k3477,0.1468,0.0,172.3898
k7313,0.5989,0.0,367.032
k2964,0.2198,139.0,100.7633
k5760,0.5542,0.0,173.4416
k6153,0.2338,139.0,25.005
k7100,0.3378,0.0,225.2204
k6578,0.1643,0.0,244.5046
k3544,0.1975,2326.0,368.7058
k1248,0.3553,0.0,93.409
k4325,0.0395,0.0,153.0033
k1229,0.3328,0.0,116.2755
k5160,0.1312,0.0,283.5
k352,0.1771,6143.0,621.8957
k6052,0.2699,0.0,187.7292
k3935,0.1812,437.0,88.6143
k1594,0.2356,0.0,180.5028
k1886,0.2116,278.0,134.3503
k5957,0.0417,0.0,175.1207
k4214,-0.5818,0.0,71.1354
k4265,0.2687,238.0,212.1615
k2599,0.2401,0.0,227.3813
k1959,0.132,179.0,40.1404
k5201,-0.1094,0.0,603.4211
k1828,0.1887,219.0,294.6226
k4084,0.2071,357.0,84.7835
k4983,0.0152,756.0,55.5023
k1676,0.2002,0.0,90.1124
k6798,0.0581,0.0,399.0003
k45,0.1617,0.0,146.5034
k4100,0.1325,0.0,321.2262
k7,0.029,4434.0,527.5287
k1511,1.5677,1334.0,143.0079
k4766,0.0928,0.0,157.596
k2142,0.0841,139.0,260.2768
k5568,0.1393,0.0,715.4658
k2787,0.3438,0.0,177.0254
k375,0.1454,0.0,249.3842
k5933,0.2041,1390.0,565.0009
k5594,1.4757,0.0,106.4061
k110,0.1647,0.0,314.8341
k2292,0.374,119.0,369.7465
k4742,0.1259,0.0,155.6157
k887,0.2986,0.0,157.0645
k1335,0.0764,0.0,165.0068
k5311,-0.021,0.0,202.5938
k56,0.1729,139.0,64.2359
k5838,0.3395,0.0,223.1636
k6308,0.145,0.0,382.8998
k5507,0.183,0.0,165.0068
k739,0.183,0.0,141.1471
k2207,0.183,0.0,185.0007
k1170,0.183,0.0,221.6269
k79,0.1965,0.0,668.9516
k1860,0.34,0.0,196.3288
k5061,0.34,2246.0,102.5695
k276,0.1975,0.0,99.5753
k6045,0.186,0.0,145.8124
k477,0.186,0.0,191.7062
k5766,0.186,0.0,328.3146
k768,0.186,0.0,89.1586
k7452,0.125,0.0,74.2243
k6341,0.092,119.0,79.4292
k6718,0.092,0.0,134.2097
k3303,0.092,0.0,214.6311
k1976,0.092,0.0,218.9806
k2228,0.092,0.0,119.3032
k1958,0.092,0.0,646.4491
k6784,0.203,0.0,78.729
k2799,0.203,0.0,185.1385
k6433,0.1995,0.0,163.5619
k551,0.1305,0.0,269.919
k6110,0.1305,0.0,300.5204
k5272,0.1995,0.0,267.9151
k7392,0.0765,0.0,228.6974
k3712,0.0585,0.0,0.0
k1597,0.1305,119.0,0.0
k7447,0.055,0.0,106.0578
k1211,0.055,0.0,124.5361
k5128,0.055,0.0,278.2813
k1375,0.053,0.0,146.2771
k3676,0.166,0.0,150.0675
k5649,0.1675,0.0,226.505
k4940,0.2915,0.0,135.7765
k3839,0.2915,0.0,769.5474
k1798,0.2915,0.0,105.5746
k7571,0.1665,0.0,219.5091
k5706,0.088,0.0,708.5176
k1734,0.1705,0.0,0.0
k1793,0.236,0.0,747.6505
k3278,0.236,0.0,197.5057
k3330,0.227,0.0,123.9163
k1273,0.196,0.0,57.9008
k787,0.147,0.0,480.3543
k7380,0.147,0.0,311.137
k923,0.147,0.0,486.1548
k344,0.0775,0.0,115.9741
k6058,0.171,0.0,80.514
k2008,0.556,0.0,189.3621
k5660,0.0635,397.0,165.0969
k2973,0.0635,0.0,321.8113
k5686,0.0445,0.0,520.4087
k1717,0.0445,0.0,137.689
k6559,0.132,0.0,108.0567
k4901,0.132,0.0,169.9448
k4165,0.1855,0.0,62.0987
k5856,0.1855,0.0,116.4174
k5004,0.1215,0.0,477.3955
k5926,0.0345,0.0,456.5403
k2827,0.0345,0.0,156.5799
k4861,0.0265,0.0,219.2134
k1401,0.0265,0.0,126.0724
k7483,0.149,0.0,382.5735
k2378,0.225,0.0,341.0092
k4364,0.225,0.0,131.0506
k4233,0.225,497.0,721.5028
k4149,0.225,358.0,133.0338
k5782,0.225,0.0,73.4456
k6721,0.225,397.0,130.0471
k5615,0.225,219.0,161.6168
k4009,0.225,397.0,0.0
k2804,0.029,0.0,225.5272
k2875,0.101,0.0,220.2504
k2240,0.101,119.0,64.2806
k6806,0.101,0.0,427.7116
k5309,0.101,0.0,329.0745
k860,0.101,0.0,239.2305
k5783,0.101,0.0,260.0173
k2664,0.101,0.0,755.1864
k6639,0.8065,1649.0,114.5535
k6795,0.8065,0.0,519.2622
k893,0.3074,974.0,261.6028
k5722,0.5104,0.0,183.5436
k1892,0.5104,974.0,258.9295
k1500,0.5104,0.0,140.6707
k4519,0.5104,0.0,105.119
k1000,0.5104,0.0,227.1503
k3521,0.2924,139.0,67.5666
k480,0.5104,0.0,145.9495
k6624,0.0959,278.0,90.1124
k111,0.1614,0.0,82.1523
k4717,0.2539,0.0,127.501
k5816,0.3719,0.0,60.6671
k6180,0.3719,1291.0,296.7849
k1155,0.3719,0.0,83.8824
k2853,0.3719,0.0,192.9747
k3887,0.3719,0.0,220.5385
k5068,0.1744,0.0,388.0081
k1821,0.1974,0.0,186.3867
k2357,0.1994,0.0,580.9038
k5670,0.1994,0.0,94.4524
k5135,0.2759,0.0,68.5657
k6460,0.3034,0.0,135.0796
k5230,0.3034,0.0,132.8166
k4749,0.3034,0.0,210.0595
k7352,0.3034,0.0,293.5068
k3840,0.3034,0.0,455.4915
k2845,0.1059,0.0,201.446
k3865,0.1059,0.0,136.8804
k123,0.1059,0.0,315.7566
k6059,0.1059,2444.0,129.0475
k1352,0.1059,2226.0,400.0028
k5265,0.1059,0.0,85.3009
k1694,0.0354,0.0,67.1863
k3034,0.0354,0.0,146.5341
k6318,0.0639,0.0,142.088
k7307,0.0639,0.0,313.8571
k2036,0.0639,0.0,88.9297
k2129,0.2314,0.0,240.5047
k152,0.2314,457.0,458.033
k4468,0.2554,0.0,119.3786
k41,0.2789,0.0,168.6987
k7555,0.2789,0.0,137.2443
k3557,0.4939,0.0,193.3966
k4555,0.4939,0.0,0.0
k1098,0.1169,0.0,74.2849
k7323,0.0829,0.0,178.301
k4645,0.0624,0.0,189.1778
k5889,0.0334,0.0,322.2484
k3336,0.0139,0.0,370.9761
k204,-0.0176,0.0,134.1827
k633,0.0089,0.0,171.2381
k133,0.0089,1273.0,288.5212
k2539,0.0089,0.0,244.2478
k212,0.0089,0.0,271.5778
k354,0.0539,0.0,709.8204
k3026,0.0634,0.0,264.8971
k441,0.0634,0.0,280.7134
k7153,0.0634,0.0,213.0094
k119,0.0634,0.0,722.2557
k2986,0.0859,0.0,121.3796
k560,0.0859,1273.0,137.4382
k5036,0.0859,0.0,139.5323
k4512,0.0859,0.0,129.6784
k6287,0.0854,1273.0,77.2172
k7376,0.2943,0.0,114.0175
k6522,0.2978,0.0,152.9256
k6934,0.2978,0.0,102.5
k6217,0.2978,0.0,117.0043
k2425,0.2978,0.0,133.0564
k2116,0.2978,0.0,112.0379
k7438,0.0868,0.0,218.5006
k1243,0.0763,0.0,138.7921
k7308,0.0763,0.0,201.0305
k114,0.0813,0.0,508.0465
k4241,0.0813,0.0,87.1737
k6470,0.2168,0.0,130.1883
k3831,0.2703,0.0,103.9832
k76,0.2703,0.0,393.961
k2869,0.2703,0.0,173.6555
k1340,0.1968,0.0,171.0855
k5021,0.0823,0.0,124.5733
k2245,0.0823,0.0,82.4621
k5794,0.1298,0.0,153.9813
k4615,0.2128,3776.0,515.2439
k3879,0.2128,0.0,120.8139
k7501,0.1613,0.0,132.9596
k3213,0.5623,3776.0,125.8501
k940,0.5623,0.0,43.2695
k461,0.5623,0.0,88.8876
k1714,0.1383,0.0,194.2453
k3093,0.1383,0.0,180.2006
k786,0.1383,0.0,353.958
k4385,0.1383,0.0,772.1026
k7139,0.1383,0.0,128.2312
k2288,0.1233,4792.0,194.8153
k3394,0.0223,0.0,101.0
k6376,0.1853,0.0,213.5053
k4115,0.1853,0.0,101.8455
k5516,0.4488,0.0,103.5495
k7207,0.4488,4792.0,80.0078
k5523,0.4488,0.0,208.5402
k4998,0.4488,0.0,220.096
k5376,0.1968,0.0,276.6464
k3190,0.1968,0.0,273.7449
k2590,0.2003,0.0,132.5028
k232,0.2083,736.0,244.2396
k7496,0.2083,736.0,95.4385
k5252,0.0853,0.0,121.1218
k5409,0.0958,0.0,59.8415
k680,0.1138,0.0,165.9164
k3200,0.1538,0.0,129.2604
k7259,0.1538,0.0,129.3223
k5214,0.1978,0.0,338.9207
k6168,0.1978,0.0,437.0309
k1835,0.7263,0.0,116.2422
k1729,0.1378,0.0,124.0585
k5796,0.1378,2723.0,70.8467
k5364,0.1233,0.0,189.2564
k725,0.1233,0.0,89.8012
k971,0.0738,0.0,88.0696
k2021,0.3303,1590.0,274.8568
k7074,0.3303,0.0,183.0826
k7025,0.1676,0.0,101.4359
k1540,0.1676,0.0,258.9363
k5885,0.1611,0.0,150.3671
k5359,0.1611,0.0,157.8171
k6717,0.1611,2881.0,226.4757
k118,0.1611,0.0,97.4936
k7382,0.1391,0.0,75.3293
k4590,0.1391,0.0,86.7943
k156,0.0821,0.0,307.0102
k1787,0.0821,0.0,821.5024
k7493,0.0821,2881.0,340.2117
k4439,0.0821,0.0,121.6409
k7073,0.0841,0.0,157.3181
k25,0.0841,2585.0,278.004
k3724,0.1676,437.0,129.2478
k1554,0.1706,278.0,250.0785
k2505,0.1706,0.0,77.666
k474,0.2181,0.0,78.8432
k3970,0.2221,0.0,156.0008
k4625,0.2221,0.0,159.3212
k1190,0.1326,219.0,56.2228
k4,0.1326,0.0,158.0008
k4489,0.1326,219.0,189.6536
k356,0.1431,0.0,233.2349
k4927,0.1466,99.0,541.0501
k2721,0.1466,1391.0,126.0089
k2980,0.1466,0.0,192.0059
k1129,0.1466,1928.0,129.1395
k1004,0.1466,2306.0,194.6856
k2431,0.1466,0.0,365.9535
k3489,0.2246,994.0,124.6134
k1894,0.2401,3020.0,120.8387
k3204,0.2401,994.0,417.632
k4778,0.0751,6143.0,369.0166
k6516,0.0696,239.0,127.0984
k1038,0.0696,0.0,168.5007
k2011,0.0696,5487.0,105.3233
k6868,0.0696,0.0,198.0227
k2294,0.0696,0.0,138.5577
k2650,0.0696,0.0,116.3454
k6020,0.0271,2604.0,381.5659
k4733,0.0316,2306.0,89.0126
k117,0.0316,1928.0,85.3361
k1207,0.0316,1391.0,100.6293
k1506,0.0361,0.0,128.0088
k1361,0.0361,219.0,196.7803
k911,0.0756,0.0,214.2825
k5639,0.0756,99.0,109.1662
k2296,0.0756,0.0,498.2622
k4624,0.0756,1391.0,169.0044
k3455,0.0756,1928.0,186.1511
k3753,0.0756,2306.0,171.0117
k1944,0.0756,0.0,357.8243
k2681,0.0626,994.0,155.0
k4849,0.0626,0.0,182.8066
k2449,0.0831,3020.0,152.1003
k905,0.1391,239.0,159.38
k1878,0.1391,5487.0,245.002
k3221,0.1391,0.0,550.8223
k3587,0.1296,0.0,444.1804
k7089,0.1351,0.0,184.017
k617,0.1351,119.0,22.809
k139,0.1351,0.0,275.7
k2688,0.1351,0.0,471.8805
k2088,0.1396,0.0,105.5047
k6298,0.1396,0.0,425.0238
k5874,0.1396,0.0,514.3953
k4659,0.1341,0.0,55.7584
k3512,0.2406,0.0,163.6437
k1066,0.2406,0.0,140.1606
k2059,0.2406,0.0,257.3908
k2012,0.0386,0.0,82.4212
k1786,0.0681,1391.0,80.128
k2976,0.0681,0.0,236.9346
k7014,0.1211,1391.0,233.5048
k3991,0.1211,0.0,99.7647
k3473,0.1211,557.0,87.4486
k6577,0.1796,557.0,123.2325
k4642,0.1296,0.0,93.0054
k2510,0.1296,0.0,268.6471
k4290,0.1296,0.0,162.7775
k6225,0.1296,0.0,783.1706
k4486,0.1296,298.0,87.1321
k6656,0.1881,0.0,114.2804
k5912,0.1881,1391.0,90.3244
k4054,0.1226,557.0,103.1467
k2145,0.0966,0.0,249.2569
k7553,0.1771,2962.0,320.3268
k2944,0.2001,0.0,248.8785
k1555,0.1951,2962.0,103.2582
k3595,0.1039,0.0,119.0
k3830,0.1039,0.0,62.2294
k7218,0.1039,0.0,186.1196
k5793,0.1169,0.0,81.0586
k1827,0.5124,0.0,86.3308
k7581,0.5124,0.0,61.6786
k7355,0.1469,438.0,164.0732
k4986,0.1469,0.0,274.5656
k6675,0.1469,438.0,300.0104
k4158,0.1054,0.0,112.5278
k6607,0.1054,0.0,136.8
k2953,0.5964,0.0,218.1656
k889,0.5964,0.0,188.914
k2191,0.5964,0.0,190.8625
k7436,0.1159,1850.0,351.4232
k5899,0.1159,0.0,251.7628
k4371,0.1294,0.0,173.1416
k4526,0.1294,0.0,45.1359
k706,0.1294,0.0,755.4932
k2806,0.1529,0.0,348.5111
k3327,0.1529,0.0,90.7373
k3608,0.0924,0.0,95.7079
k1621,0.0924,0.0,140.4724
k4866,0.0924,0.0,421.9034
k5589,0.0819,0.0,307.6792
k2901,0.0819,0.0,510.8035
k2310,0.0819,0.0,174.6461
k3543,0.0819,0.0,113.9517
k4333,0.0509,0.0,194.9006
k7091,0.0764,0.0,173.8368
k2839,0.0814,1850.0,77.1038
k2817,-0.0171,0.0,149.7707
k6461,0.0039,0.0,0.0
k1470,0.2099,0.0,884.5575
k6865,0.2099,0.0,220.0528
k6231,0.2099,0.0,106.0389
k3758,0.2099,0.0,381.1263
k6107,0.2059,0.0,143.0638
k558,0.1309,2903.0,257.2086
k3634,0.1309,0.0,246.7919
k2014,0.2074,934.0,241.2494
k4114,0.2094,0.0,238.7179
k3001,0.2094,0.0,725.1
k6626,0.2094,2903.0,120.6451
k5692,0.2049,0.0,101.0111
k289,0.1449,0.0,94.5304
k1777,0.0989,0.0,148.054
k3802,0.0989,0.0,162.2421
k4912,0.0989,0.0,205.9235
k4117,0.0989,0.0,127.7047
k3502,0.0989,0.0,468.7177
k4493,0.1174,2903.0,84.8896
k2483,0.1174,0.0,113.3854
k6715,0.1174,0.0,470.5327
k2939,0.0989,0.0,244.5736
k1239,0.0989,934.0,83.3562
k229,0.0989,0.0,576.5312
k7468,0.0989,0.0,190.5151
k5600,0.0989,0.0,934.2292
k5729,0.1274,0.0,126.58
k2043,0.1274,458.0,113.3711
k2025,0.1294,955.0,142.4114
k4482,0.1294,199.0,205.4343
k7199,0.1294,0.0,131.0057
k2496,0.1294,0.0,247.2231
k5362,0.1429,0.0,294.7003
k4782,0.1429,0.0,121.4434
k3307,0.1429,3620.0,103.4843
k7007,0.1254,3620.0,591.0763
k2750,0.1189,458.0,66.191
k7559,0.1189,458.0,174.5
k7507,0.1189,0.0,306.9796
k175,0.1359,955.0,53.2259
k5150,0.2389,199.0,132.5009
k4536,0.2389,955.0,99.6519
k99,0.2389,0.0,135.7765
k1181,0.2389,0.0,155.7153
k1037,0.2389,0.0,142.486
k1346,0.2389,0.0,145.6511
k4712,0.2344,3620.0,157.5508
k6300,0.1319,0.0,229.7129
k1961,0.3684,0.0,166.2897
k3658,0.1034,0.0,211.5095
k2908,0.1034,0.0,152.4508
k4898,0.0854,0.0,358.8109
k938,0.1794,0.0,228.6099
k7135,0.0489,0.0,306.7544
k82,0.0489,0.0,304.9004
k5654,-0.0216,0.0,216.2088
k1636,0.0079,0.0,133.4541
k3952,0.0079,0.0,253.6912
k4710,0.0874,0.0,176.098
k4267,0.1229,0.0,149.5201
k4584,0.1229,0.0,150.5075
k7601,0.1694,0.0,160.0195
k3623,0.1819,0.0,175.5007
k4103,0.1819,0.0,178.7659
k7037,0.1819,0.0,139.23
k4848,0.3018,0.0,254.0049
k4796,0.3018,398.0,37.0135
k7399,0.3018,0.0,94.5423
k1020,0.3158,398.0,176.0178
k2136,0.3158,0.0,106.8
k4341,0.3158,0.0,369.041
k6422,0.2948,755.0,59.7369
k5558,0.2948,0.0,270.9142
k5805,0.2793,755.0,98.5812
k7238,0.2563,3958.0,75.1798
k7107,0.2848,0.0,96.6049
k3607,0.2768,0.0,221.338
k4438,0.2768,0.0,471.9883
k3453,0.2768,0.0,0.0
k6482,0.2768,0.0,0.0
k384,0.2343,816.0,63.502
k6369,0.3843,0.0,212.9519
k3757,0.3843,0.0,64.158
k2584,0.4623,0.0,39.6138
k1987,0.4623,0.0,85.0368
k2513,0.4623,0.0,227.2427
k6351,0.4623,0.0,661.274
k3155,0.0643,0.0,347.5245
k6430,0.3568,0.0,186.6039
k3907,0.3568,0.0,81.0015
k6118,0.0188,0.0,232.8626
k5138,0.0263,0.0,98.9949
k325,0.0263,0.0,84.7835
k2779,0.1793,0.0,174.5236
k4596,0.1793,0.0,66.2212
k2188,0.1793,0.0,276.0349
k1547,0.6678,437.0,683.9819
k7030,0.1208,0.0,0.0
k4232,0.6678,437.0,0.0
k5077,0.0438,0.0,171.1213
k6629,0.0438,537.0,86.6631
k365,0.0438,696.0,100.6007
k6902,0.0438,537.0,123.4555
k1943,0.0438,0.0,182.9624
k6462,0.0438,0.0,261.6305
k3481,0.0438,139.0,65.1959
k2718,0.0328,696.0,105.0536
k386,0.0418,0.0,101.2978
k4964,0.3878,0.0,64.9327
k4804,0.3878,0.0,95.5955
k4472,0.3878,0.0,70.8414
k1390,0.1592,0.0,198.4452
k1613,0.2087,2105.0,103.3852
k2052,0.4262,2105.0,80.1265
k4569,0.0487,0.0,148.9178
k398,0.1167,159.0,62.1168
k257,0.1167,0.0,53.3385
k159,0.1167,159.0,27.2259
k4301,0.1167,5783.0,132.6386
k6297,0.1232,0.0,102.5305
k1553,0.2992,4631.0,222.7717
k6240,0.3377,0.0,262.2794
k5053,0.3377,0.0,98.8433
k3736,0.3377,0.0,70.4006
k5501,0.2352,0.0,256.9012
k6293,0.2352,2981.0,314.5064
k6612,0.2352,0.0,506.5385
k4941,0.2352,0.0,113.1923
k6207,0.2202,0.0,90.0056
k5894,0.2202,219.0,52.5405
k5228,0.2202,0.0,191.2126
k529,0.2202,0.0,440.1548
k2754,0.1102,1034.0,198.1338
k6781,0.0837,0.0,211.254
k593,0.0837,458.0,142.4649
k5774,0.0837,80.0,24.4591
k6290,0.0462,0.0,163.2766
k4070,0.0767,458.0,291.0348
k3717,0.0767,0.0,99.5013
k6128,0.0767,0.0,221.009
k4794,0.0767,776.0,751.6465
k393,0.0767,239.0,31.504
k2636,0.0767,1034.0,172.529
k4407,0.0767,0.0,420.8622
k5771,0.0957,457.0,26.6177
k4951,0.1267,457.0,49.0026
k5057,0.1267,0.0,208.8043
k687,0.1267,0.0,138.067
k2409,0.1267,676.0,162.2968
k1466,0.1267,0.0,211.029
k7489,0.1567,676.0,158.7278
k7154,0.1567,0.0,229.9418
k271,0.1567,0.0,110.2384
k4018,0.1567,219.0,199.29
k6518,0.1567,219.0,140.4315
k2993,0.1567,0.0,267.8927
k4379,0.1567,0.0,177.5176
k6024,0.1567,0.0,68.9094
k3611,0.1427,199.0,881.0817
k1006,0.1427,0.0,120.3007
k3021,0.2482,0.0,225.2521
k2307,0.0467,0.0,240.9502
k2313,0.0467,855.0,195.5019
k6533,0.0467,0.0,66.5676
k6216,0.0467,0.0,124.3262
k7332,0.0467,0.0,112.9004
k4326,0.0467,0.0,111.1002
k1559,0.0467,1173.0,92.9368
k6104,0.0467,0.0,237.5132
k4987,0.0467,5921.0,111.7229
k1997,0.0622,0.0,54.5619
k6567,0.0622,0.0,89.1866
k376,0.0622,0.0,170.9218
k7011,0.0622,0.0,79.1991
k5514,0.1037,199.0,148.5034
k3601,0.1037,0.0,652.0276
k215,0.2587,0.0,151.1101
k6019,0.2587,0.0,262.2251
k6553,0.2587,0.0,235.3853
k4979,0.2327,0.0,98.256
k6945,0.2327,5921.0,248.7594
k4363,0.2327,0.0,158.7931
k324,0.1332,0.0,139.0225
k734,0.1332,0.0,240.6741
k5707,0.1332,179.0,669.6501
k5299,0.1332,5921.0,265.0005
k883,0.1332,0.0,123.0498
k3145,0.1332,0.0,228.0197
k4116,0.1332,199.0,572.5055
k60,0.1242,0.0,90.5055
k2725,0.1446,1411.0,128.6944
k7226,0.1446,219.0,135.4862
k6410,0.1446,8606.0,133.0883
k6195,0.2076,0.0,111.0281
k1161,0.2496,616.0,114.1337
k2495,0.2496,4592.0,87.0919
k5668,0.0161,5169.0,156.7586
k5393,0.0886,4592.0,151.514
k5811,0.0956,1710.0,289.9418
k5016,0.1251,139.0,57.8468
k724,0.1251,2366.0,146.4283
k2122,0.1681,1710.0,52.0
k2674,0.1681,1213.0,156.5288
k1896,0.1681,8606.0,80.05
k1249,0.2366,0.0,131.6368
k742,0.2366,0.0,363.1463
k6253,0.2366,219.0,59.5189
k1490,0.2366,1213.0,67.5
k5302,0.2366,1710.0,132.1855
k1400,0.2366,0.0,103.4517
k821,0.2366,2366.0,182.3904
k2131,0.2366,616.0,118.423
k1380,0.2366,0.0,108.9036
k6529,0.2031,616.0,222.2639
k5985,0.1906,4592.0,124.8779
k4546,0.1906,5169.0,151.6394
k7094,0.2486,0.0,425.2473
k3510,0.1741,0.0,106.0248
k385,0.1741,0.0,133.1841
k1662,0.0686,0.0,105.0536
k2971,0.0766,0.0,69.9946
k1366,0.0766,318.0,111.2531
k6744,0.0766,0.0,219.8551
k3465,0.1926,0.0,67.309
k3010,0.1926,0.0,136.2066
k5403,0.1926,0.0,92.5662
k5111,0.1411,0.0,66.0984
k5289,0.1411,0.0,453.7744
k6753,0.3311,0.0,703.7565
k638,0.5936,0.0,497.0362
k22,0.5936,0.0,848.7744
k7362,0.5936,0.0,32.1403
k5078,0.2081,0.0,293.3812
k5946,0.2206,0.0,78.5828
k2649,0.2206,0.0,113.3181
k73,0.2206,0.0,157.7862
k5048,0.2206,0.0,181.1353
k2981,0.0651,417.0,830.0208
k6010,0.0651,417.0,682.6377
k1104,0.2496,0.0,128.8507
k1421,0.2496,0.0,105.3862
k2412,0.2496,0.0,84.5237
k3679,0.0376,0.0,101.6772
k6879,0.0376,0.0,137.7942
k5605,0.0376,2960.0,64.8267
k5438,0.0376,0.0,98.9103
k790,0.0376,2960.0,910.9391
k6165,0.1176,0.0,89.0505
k6041,0.1176,0.0,193.1457
k6143,0.1176,0.0,0.0
k7381,0.0831,0.0,242.0294
k6827,0.0591,0.0,186.784
k1025,0.1031,0.0,75.738
k2843,0.1031,0.0,116.5011
k1027,0.2126,0.0,100.4241
k992,0.2126,0.0,124.1219
k5426,0.2126,0.0,109.5091
k2899,0.2126,0.0,40.6602
k2341,0.1286,0.0,103.7654
k2251,0.1171,5566.0,90.0347
k6507,0.1171,0.0,120.501
k6825,0.1171,636.0,263.257
k3149,0.1371,0.0,224.1082
k6066,0.2636,616.0,183.4973
k7585,0.2636,3260.0,92.5419
k2661,0.2636,5566.0,99.4585
k5579,0.2636,3260.0,257.0146
k930,0.1986,0.0,122.3162
k5548,0.1986,0.0,87.3284
k432,0.0766,3239.0,105.1023
k4250,0.1696,0.0,113.1923
k1855,0.1696,616.0,142.0088
k4666,0.1696,5566.0,236.244
k7320,0.1206,3239.0,175.9638
k2435,0.4183,0.0,82.3119
k6187,0.4183,159.0,57.5196
k3850,0.1829,0.0,158.1779
k4091,0.1829,0.0,0.0
k3039,0.4183,0.0,0.0
k4627,0.1653,2027.0,130.173
k258,0.1653,0.0,359.0198
k7142,0.2758,0.0,58.6963
k6208,0.2758,0.0,203.2265
k6259,0.1538,0.0,170.0
k3683,0.2718,0.0,150.7224
k6080,0.1023,0.0,27.2029
k2306,0.1079,0.0,55.5563
k6837,0.2379,2665.0,272.9194
k3570,0.2218,0.0,122.3622
k4761,0.0883,0.0,146.3771
k3432,0.1739,119.0,58.2001
k3649,0.1739,0.0,96.6049
k3819,0.1739,0.0,437.9235
k2716,0.0259,0.0,477.3306
k6540,0.0259,198.0,224.6091
k7242,0.0259,99.0,43.2666
k1204,0.0259,518.0,131.9185
k6713,0.0524,478.0,56.0803
k319,0.1729,0.0,95.7627
k2416,0.1729,0.0,233.637
k5280,0.1308,795.0,33.2415
k6824,0.1308,478.0,84.4423
k3718,0.1308,518.0,635.4725
k922,0.1308,0.0,556.4396
k1933,0.1213,795.0,94.6678
k5007,0.0969,99.0,70.7831
k1864,0.0838,795.0,94.5
k1372,0.0838,478.0,384.5939
k3689,0.0723,0.0,179.5341
k7475,0.0723,0.0,626.4761
k2335,0.4189,0.0,129.4025
k6774,0.4189,357.0,164.6853
k3934,0.3453,0.0,91.7878
k1643,0.3453,0.0,87.3742
k1580,0.3453,159.0,94.5013
k7186,0.3453,0.0,233.0649
k5823,0.2394,0.0,239.0612
k983,0.2394,0.0,454.7202
k4867,0.2394,357.0,173.1416
k112,0.2394,0.0,104.0
k3788,0.2394,357.0,225.9657
k5245,0.2394,0.0,249.6643
k3491,0.2394,0.0,109.7463
k639,0.2173,0.0,140.5436
k6615,0.2173,0.0,83.2541
k6729,0.2173,0.0,151.0406
k994,0.2173,0.0,471.365
k649,0.2173,0.0,242.0186
k3389,0.2173,0.0,145.4519
k4591,0.2173,0.0,0.0
k6904,0.1404,0.0,110.1635
k1254,0.1404,0.0,66.9216
k2094,0.4009,0.0,45.5439
k3960,0.4009,0.0,68.6477
k4995,0.2724,0.0,121.2023
k3589,0.2724,0.0,99.4409
k1574,0.2639,0.0,75.6208
k5258,0.2339,0.0,101.1781
k840,0.2339,0.0,316.1914
k4980,0.2339,99.0,79.577
k6587,0.2874,179.0,90.3562
k2072,0.2874,99.0,117.0694
k4971,0.2874,0.0,395.5114
k1168,0.2874,0.0,96.8814
k1360,0.2874,0.0,197.8061
k7584,0.2874,0.0,663.8392
k1225,0.2874,0.0,58.1485
k2414,0.2874,0.0,72.0347
k198,0.0969,0.0,98.8243
k4874,0.0969,0.0,202.021
k5320,0.0169,0.0,168.087
k5257,0.0169,0.0,535.3001
k4226,0.1259,0.0,154.7966
k6654,0.1259,0.0,151.0075
k685,0.0844,0.0,187.7472
k5987,0.0904,99.0,102.2008
k1746,0.0904,0.0,201.3864
k2903,0.2334,0.0,35.9201
k3483,0.2214,0.0,324.6448
k1153,0.2449,0.0,79.0142
k2233,0.2454,0.0,125.073
k3714,0.3014,0.0,72.5207
k6441,0.3014,0.0,352.7694
k4137,0.0969,0.0,644.3456
k6023,0.0969,0.0,167.5366
k5648,0.1139,0.0,249.0848
k1582,0.1609,0.0,124.2578
k32,0.1609,0.0,522.2511
k3899,0.1814,3597.0,41.14
k7260,0.2524,3259.0,103.5917
k5854,0.2524,3597.0,75.6637
k4133,0.2524,3597.0,196.6037
k6230,0.2524,0.0,172.9653
k6126,0.2524,616.0,109.4098
k5610,0.2524,3259.0,312.4684
k7578,0.2104,0.0,339.4971
k1825,0.2104,616.0,87.6727
k7211,0.1194,0.0,142.3938
k493,0.1194,0.0,169.8249
k1298,0.1054,0.0,277.4968
k5878,0.0499,616.0,46.2709
k4643,0.1709,3259.0,321.9231
k6989,0.1709,0.0,223.4284
k6214,0.8089,1750.0,134.0196
k5172,0.8089,3597.0,240.0271
k5919,0.3264,119.0,227.5659
k2196,0.3264,1791.0,306.1066
k4239,0.3264,4931.0,587.1226
k562,0.3264,4473.0,102.2314
k2363,0.3264,279.0,181.0249
k4977,0.3264,0.0,148.9841
k5612,0.3214,0.0,158.2024
k4319,0.2954,4473.0,82.0015
k5422,0.2954,2646.0,306.8391
k6978,0.1729,4912.0,151.1895
k4961,0.1339,4931.0,586.3519
k1331,0.1494,2646.0,317.2873
k5425,0.1314,4473.0,106.48
k5060,0.1224,1791.0,196.5204
k6381,0.1649,4473.0,200.3378
k2422,0.1649,4473.0,97.3242
k3938,0.1649,279.0,217.7918
k2490,0.1819,279.0,80.2153
k33,0.3234,1791.0,121.1084
k2143,0.3404,2646.0,167.7982
k5042,0.3404,4912.0,202.5913
k3755,0.3404,0.0,395.6959
k5763,0.3404,4931.0,56.3604
k7213,2.9684,0.0,122.6469
k3255,2.9684,0.0,217.3045
k2168,2.9684,0.0,209.457
k3411,2.9684,0.0,54.1872
k4686,2.9684,0.0,1246.5482
k39,2.9684,0.0,0.0
k3357,0.7454,0.0,209.1345
k5233,0.6819,0.0,71.3863
k5355,2.3504,0.0,180.5028
k3112,2.3504,0.0,97.1249
k1824,2.2879,0.0,78.2768
k6134,2.3504,0.0,429.7726
k1539,0.6274,0.0,394.1427
k1166,1.5359,0.0,258.9947
k4825,1.5854,299.0,441.5725
k5435,1.5854,279.0,178.362
k2511,1.5854,0.0,229.2886
k6258,2.3554,1095.0,123.1686
k1663,2.3554,1095.0,0.0
k5740,0.4999,0.0,144.7498
k4906,0.4999,0.0,495.4203
k5691,0.3379,718.0,752.7378
k1269,0.3729,0.0,87.5471
k4155,0.3729,0.0,393.749
k2223,0.3729,0.0,72.7496
k1622,0.3729,0.0,276.1386
k548,0.3729,319.0,1215.5355
k5847,0.3729,0.0,219.2373
k2974,0.5974,0.0,117.2774
k4990,0.5974,0.0,263.1511
k2796,0.7594,179.0,207.0054
k3828,1.8894,419.0,181.3464
k5537,1.8894,199.0,320.1265
k3609,1.8894,179.0,388.6811
k5608,1.8894,0.0,60.7063
k6260,2.0074,2112.0,109.7474
k5436,2.0074,0.0,150.1441
k3431,2.0074,0.0,270.0468
k191,2.0074,179.0,1317.3121
k1237,2.0074,0.0,141.0009
k6924,2.0074,0.0,154.6165
k947,2.0074,419.0,1641.2124
k2220,2.0074,0.0,68.5073
k5133,2.0074,0.0,0.0
k5748,2.6859,0.0,66.3042
k1874,1.8859,0.0,76.6045
k6373,2.2779,0.0,161.0419
k2627,2.2779,299.0,104.5813
k5943,2.2779,558.0,330.5771
k187,2.2779,299.0,251.0841
k1015,1.4619,0.0,62.6997
k5673,2.7764,0.0,175.0671
k3632,-0.0006,0.0,133.4138
k6163,-0.6566,0.0,72.5017
k6801,-0.6566,0.0,174.0
k169,-0.5396,0.0,83.5015
k504,-0.4376,856.0,197.1427
k977,-0.4286,0.0,202.2474
k2542,-0.1566,0.0,192.585
k4674,-0.1566,856.0,156.0513
k5273,-0.1566,0.0,103.5193
k5825,-0.1566,0.0,55.5203
k7058,-0.1566,0.0,726.0062
k7591,1.0804,0.0,981.6314
k2006,1.5602,0.0,59.1354
k4209,1.9002,0.0,72.4655
k1685,2.1322,3388.0,64.438
k476,0.6492,0.0,975.1833
k3277,1.4382,3388.0,132.035
k4978,0.9767,0.0,122.083
k330,0.9767,3388.0,224.6892
k6485,0.2277,638.0,140.6983
k3110,-0.3453,6098.0,168.6179
k1296,-0.3453,0.0,126.321
k2095,-0.3453,6098.0,80.8486
k3825,-0.3453,179.0,206.202
k4775,-0.3453,638.0,83.8824
k6984,-0.3453,0.0,949.6416
k4143,-0.3453,0.0,124.5161
k2204,-0.3948,60.0,1187.5692
k7102,-0.3948,6098.0,1179.4483
k4275,-0.0563,60.0,86.2047
k3824,-0.0563,0.0,346.6446
k841,0.6347,0.0,100.5448
k3046,1.0497,0.0,301.371
k2297,1.8132,0.0,1242.8175
k4102,1.8132,0.0,181.7973
k4416,4.4917,6098.0,229.752
k5966,0.3987,578.0,114.4137
k2776,0.5577,0.0,77.4758
k7567,0.5577,1494.0,203.0794
k4411,0.1557,578.0,110.3653
k2236,0.1557,0.0,69.7173
k4769,-0.0783,578.0,143.8923
k3956,-0.7208,0.0,155.9848
k4339,-0.8588,0.0,267.5916
k4558,-0.8588,0.0,678.6019
k2109,0.6117,0.0,222.797
k4612,0.0597,0.0,217.6718
k667,0.0737,0.0,399.0492
k5859,0.0737,0.0,157.0963
k2575,0.0737,0.0,118.9222
k7570,0.2517,0.0,122.7243
k5129,0.5427,0.0,95.7209
k4355,0.9047,0.0,74.788
k2691,0.9047,0.0,266.3691
k2699,0.9047,0.0,198.0101
k1653,1.4757,0.0,320.8913
k4828,0.8192,0.0,187.9661
k5826,0.8192,0.0,59.7013
k6465,0.8787,0.0,155.5289
k7143,0.9107,0.0,155.2329
k5836,0.9107,1036.0,570.8023
k439,0.9107,0.0,151.8988
k5526,0.7677,0.0,91.5874
k3564,0.6472,0.0,115.4784
k7137,0.6472,1036.0,386.4848
k3113,-0.0498,0.0,143.0219
k303,-0.2753,0.0,1179.6704
k6855,-0.1378,896.0,116.5172
k5204,0.0617,0.0,80.9475
k5984,0.2482,0.0,103.0364
k4789,0.2482,896.0,84.0015
k4724,0.2482,0.0,129.7787
k1417,0.2482,0.0,111.7195
k6175,0.2482,0.0,829.4607
k1779,1.4162,0.0,169.5184
k2628,0.4662,0.0,121.1466
k6588,0.8567,0.0,125.4472
k7433,0.8567,0.0,216.985
k3636,0.8567,1593.0,154.6367
k5424,0.3057,1593.0,50.1597
k6319,-0.0218,597.0,107.1972
k582,0.7267,0.0,102.2069
k3680,0.7267,0.0,1242.8944
k4575,0.7267,597.0,131.0057
k3310,0.7267,0.0,222.0023
k1610,0.7267,0.0,186.8241
k2323,0.7267,0.0,726.199
k383,0.3472,0.0,130.5527
k5001,0.6497,0.0,114.0537
k1138,1.2217,0.0,337.7965
k3160,1.3177,0.0,68.6822
k3426,1.196,0.0,100.0012
k4935,1.196,0.0,178.1643
k1903,1.094,0.0,64.8556
k7267,0.795,618.0,369.925
k364,0.6815,0.0,121.9108
k2089,0.6205,0.0,296.0511
k7088,0.6205,0.0,178.0344
k6265,0.6205,936.0,610.2368
k1757,0.4105,0.0,56.573
k5989,0.4105,0.0,84.2214
k5468,-1.1065,0.0,127.0157
k5176,-0.8475,618.0,333.2435
k5132,-0.8475,0.0,144.5554
k1305,-0.8475,0.0,119.3786
k95,0.447,0.0,1118.9992
k6998,0.447,837.0,99.7309
k4025,0.447,0.0,70.5443
k5924,0.6295,837.0,105.3767
k6047,0.828,0.0,253.5178
k2445,0.9995,0.0,279.732
k3971,0.3635,0.0,141.1072
k68,0.3635,677.0,183.7457
k3048,0.3635,12433.0,495.9859
k3613,0.3635,0.0,95.3795
k1363,0.6905,14824.0,342.2353
k6918,-0.037,219.0,55.7315
k3882,0.175,0.0,124.6004
k418,1.0915,0.0,420.5048
k686,1.0005,0.0,429.2528
k1079,0.9915,1335.0,88.0525
k170,1.7275,0.0,1337.6251
k2836,1.9765,0.0,104.7342
k7056,1.9765,459.0,1686.4404
k6897,1.9765,1335.0,58.4829
k3694,1.9765,1335.0,54.5573
k3774,1.9765,0.0,314.4344
k4244,1.4535,23930.0,155.9848
k2925,1.4535,0.0,85.2115
k6365,1.4375,14824.0,302.4111
k3526,1.7875,0.0,117.6573
k7550,1.7875,677.0,156.8192
k2130,1.7875,12433.0,65.622
k2880,1.7875,14824.0,167.0269
k1756,1.7875,0.0,99.776
k1444,1.63,12433.0,226.0006
k7087,1.63,14824.0,369.5971
k157,1.764,0.0,322.4008
k4944,1.8775,9724.0,103.0364
k3972,1.8775,14824.0,99.9025
k864,1.127,219.0,194.5829
k4678,1.1285,1912.0,125.4402
k6264,1.4325,1912.0,117.5521
k3693,1.525,1912.0,178.085
k2224,1.525,219.0,58.0539
k5246,1.525,179.0,72.5017
k2479,1.525,219.0,385.331
k2704,1.016,14824.0,91.1002
k523,1.016,12433.0,325.5918
k4739,1.016,677.0,101.2744
k2965,1.016,14824.0,144.0703
k1111,0.962,677.0,1033.2408
k1640,0.9425,0.0,513.8796
k594,2.0375,1335.0,384.7184
k2300,2.0375,0.0,177.799
k5081,1.5165,0.0,119.0567
k4396,1.5165,0.0,87.5014
k3013,1.5165,837.0,300.4813
k5127,1.5165,0.0,60.9631
k6064,1.5165,0.0,325.3325
k399,1.407,0.0,135.3403
k4225,1.407,0.0,113.1868
k4797,1.407,0.0,135.5323
k1482,1.407,0.0,696.3289
k6281,2.9875,0.0,158.2688
k3487,2.9875,0.0,1200.7081
k5130,2.9875,1316.0,514.7487
k7210,2.9875,0.0,0.0
k4827,2.9875,0.0,0.0
k225,0.556,0.0,88.0738
k979,0.556,837.0,92.5014
k254,0.556,0.0,75.634
k4858,0.556,0.0,164.0762
k926,0.556,0.0,100.1212
k2499,0.556,0.0,61.9879
k1163,0.556,0.0,134.1827
k928,0.9595,0.0,57.5348
k5695,0.9595,0.0,701.005
k4453,0.9595,0.0,230.0804
k4660,0.36,0.0,244.6268
k984,0.4215,0.0,130.0961
k3747,0.4215,0.0,495.0253
k7374,1.971,0.0,210.072
k805,1.971,0.0,196.2549
k7033,1.971,0.0,118.6276
k6498,2.157,0.0,583.1063
k1423,2.336,0.0,260.5691
k3456,2.451,0.0,0.0
k6750,0.3655,0.0,69.615
k4587,0.298,0.0,152.6434
k5421,0.298,0.0,105.9292
k3597,0.298,0.0,200.6795
k7064,0.194,458.0,155.1137
k6471,0.194,0.0,105.9552
k1154,0.194,458.0,170.7527
k5846,0.194,0.0,57.1686
k3551,0.4335,160.0,121.2456
k4856,0.4335,20.0,56.6789
k5875,0.4335,0.0,341.9521
k3238,1.0745,0.0,88.9508
k999,1.3035,0.0,249.2519
k4283,1.3035,0.0,387.6509
k4599,1.4612,0.0,100.7782
k5227,1.8407,0.0,140.0652
k1904,1.8407,0.0,72.5431
k6649,1.8407,0.0,170.0625
k6747,1.8407,0.0,308.3869
k2812,-0.2753,0.0,307.5
k2639,-0.2753,0.0,153.0964
k1692,-0.2753,0.0,115.1564
k7310,-0.0108,0.0,591.1584
k2848,-0.0108,0.0,141.5141
k5056,-0.0108,0.0,86.8692
k3590,-0.0108,0.0,275.8754
k4001,-0.0108,0.0,132.141
k5461,-0.0208,0.0,93.0336
k167,0.0947,0.0,283.9036
k5644,0.4217,0.0,144.105
k4309,0.4872,20.0,83.6436
k2093,0.5542,0.0,147.6558
k5988,1.9262,0.0,252.5005
k1791,1.9287,0.0,80.604
k1106,1.9287,0.0,99.2837
k5187,1.9287,0.0,447.3176
k4632,1.5692,0.0,132.1637
k6091,1.5692,0.0,51.7035
k758,1.5692,0.0,398.0154
k4695,1.0372,0.0,485.4083
k2197,0.9667,0.0,321.4129
k275,-0.4743,0.0,113.5892
k4032,-0.2613,0.0,200.1225
k6555,-0.2613,0.0,233.1577
k7084,-0.2613,0.0,77.785
k2710,-0.2613,438.0,320.7437
k3752,-0.2613,199.0,210.402
k2388,-0.0278,0.0,309.0344
k5430,1.5177,2351.0,1000.2986
k5708,1.5457,1135.0,50.6211
k6757,1.5457,2351.0,111.0101
k5815,1.5457,3266.0,257.2805
k5923,1.9487,1135.0,57.6281
k2261,1.9487,2351.0,129.4314
k3381,1.9977,1135.0,90.5345
k4269,1.9977,2351.0,105.2331
k6337,1.9977,3266.0,297.9413
k4646,0.9162,0.0,162.6968
k2029,0.6347,0.0,239.4097
k1949,1.5762,0.0,114.0932
k3738,1.5762,0.0,573.1043
k6086,0.9212,0.0,850.245
k2948,0.9212,0.0,97.5141
k5383,0.9212,0.0,159.695
k6818,0.7562,0.0,210.9431
k7108,0.9337,0.0,190.5026
k3096,0.5647,0.0,105.0762
k3531,0.7377,0.0,413.2723
k5650,0.7377,0.0,297.1952
k6917,0.7377,0.0,701.6566
k1236,-0.3694,478.0,163.233
k4125,-0.3694,0.0,71.6415
k48,-0.1024,478.0,110.5226
k919,0.0116,0.0,169.5007
k967,0.0116,0.0,446.5087
k838,0.0116,0.0,981.2967
k5596,0.0116,0.0,153.4731
k1978,1.4196,0.0,198.6064
k2895,1.6806,0.0,204.4749
k5110,2.4076,179.0,110.3291
k929,2.4076,0.0,177.7196
k5832,2.4076,857.0,75.208
k4691,2.5831,857.0,74.0017
k396,1.7096,0.0,109.1788
k468,1.7096,0.0,311.1696
k7017,1.5351,777.0,105.6705
k7217,0.9126,777.0,146.5137
k4574,2.3686,0.0,85.3478
k5304,2.5971,0.0,153.9683
k6145,3.3196,0.0,61.3922
k3049,3.3196,0.0,175.5862
k3903,3.3196,0.0,136.8768
k2486,3.3196,0.0,235.6194
k4606,0.5216,0.0,177.0664
k2061,0.5216,0.0,95.0842
k4276,1.3871,0.0,282.799
k128,1.3871,0.0,200.0625
k6425,1.3871,0.0,76.8651
k3467,1.3871,0.0,687.4511
k3495,0.1626,1853.0,155.1403
k3771,0.1626,0.0,140.9699
k834,0.1626,1853.0,122.3121
k5417,0.1626,0.0,198.7285
k4315,0.1626,0.0,530.7523
k7275,1.9801,0.0,51.4782
k5870,1.9801,0.0,72.4189
k3638,1.5631,0.0,160.2038
k5371,1.1616,0.0,198.1161
k3328,1.2976,0.0,64.7244
k4913,1.2976,0.0,104.5048
k1731,1.9266,0.0,72.0434
k1930,1.9266,0.0,148.0414
k7364,0.6921,0.0,421.4748
k1562,0.4576,0.0,127.548
k2807,0.4576,20.0,144.1882
k2851,0.4576,0.0,607.1822
k3948,1.1056,0.0,130.9208
k3379,1.7801,0.0,88.0909
k1293,2.0226,0.0,309.7773
k3674,1.1741,0.0,52.0048
k3444,0.8831,658.0,1124.984
k3326,0.8831,0.0,64.7611
k3573,-0.1409,658.0,138.9361
k1148,-0.1409,0.0,256.6384
k1823,1.6111,0.0,124.6796
k4803,1.6561,0.0,114.6833
k351,1.6561,0.0,300.2732
k7583,1.6561,0.0,73.7445
k1199,2.2261,0.0,82.4697
k2622,2.3196,0.0,70.8978
k3115,0.2646,1793.0,68.5584
k963,1.7931,0.0,179.0845
k7080,1.7931,1793.0,243.7263
k6328,1.7931,0.0,197.2777
k6962,1.7931,0.0,575.3438
k5983,0.9836,2728.0,89.9389
k7517,0.7796,2728.0,331.7699
k2173,0.7796,0.0,81.8123
k1848,0.3036,1076.0,71.5017
k3480,0.3036,1076.0,194.1604
k2930,-0.3204,2728.0,144.3468
k5860,-0.3204,0.0,92.0869
k4329,-1.1764,0.0,317.3704
k1832,-0.8904,637.0,249.6127
k6111,-0.8904,0.0,121.6481
k7575,-0.4489,0.0,119.5377
k4313,-0.4219,637.0,108.0937
k1070,-0.4219,0.0,423.3536
k6502,-0.4219,0.0,148.0008
k7065,-0.3369,0.0,84.0729
k3163,-0.3369,0.0,73.0616
k2640,-0.1939,0.0,529.3801
k6683,0.0736,0.0,197.5057
k1576,0.0771,0.0,372.5225
k3761,2.0166,0.0,153.209
k2865,2.0166,0.0,164.003
k6348,0.473,397.0,80.878
k1120,0.275,0.0,60.6486
k3266,0.275,0.0,177.0791
k2757,0.275,0.0,112.0179
k327,0.273,0.0,163.059
k1411,0.273,0.0,56.0022
k7554,0.273,397.0,91.1661
k1631,0.534,0.0,109.0287
k3180,0.534,0.0,69.5432
k5213,0.534,0.0,258.5595
k3022,0.534,0.0,542.2458
k4229,0.675,397.0,65.3911
k1575,0.9305,0.0,29.5169
k1230,0.675,0.0,5.0249
k179,0.1785,0.0,280.5539
k1565,0.1785,0.0,316.0775
k5242,0.1785,0.0,569.4974
k708,0.4355,0.0,106.2568
k7590,0.4355,80.0,26.6552
k6505,0.4355,0.0,217.2061
k5945,0.4355,0.0,269.0376
k4321,0.343,0.0,489.5575
k6314,0.5545,0.0,314.848
k970,0.5545,0.0,199.8912
k3103,0.5545,0.0,287.4182
k6809,0.5545,0.0,534.659
k3223,0.407,0.0,196.7803
k6968,0.407,180.0,695.034
k4962,0.407,0.0,99.4208
k780,0.407,0.0,244.0184
k5071,0.407,0.0,147.0009
k4868,0.407,278.0,348.246
k5121,0.278,0.0,185.2633
k4603,0.278,0.0,240.4189
k3138,0.085,0.0,192.9696
k192,0.085,0.0,153.3118
k2010,0.0565,736.0,883.3178
k2403,0.0565,0.0,112.6421
k1455,0.3265,0.0,221.5277
k2898,0.3265,0.0,177.0064
k1191,0.3265,0.0,172.0182
k3592,0.085,0.0,583.1243
k2998,0.068,0.0,309.1035
k1646,0.068,0.0,269.5561
k4119,0.068,0.0,597.1809
k6239,-0.0835,0.0,196.1842
k5769,-0.0835,0.0,212.2569
k4320,0.1405,0.0,109.2932
k2597,0.237,0.0,49.1757
k3990,0.248,0.0,116.3884
k699,0.248,0.0,304.0843
k3653,0.248,0.0,254.0177
k1134,0.3965,0.0,248.6765
k4554,0.3965,0.0,468.0021
k7121,0.3965,0.0,275.2199
k5884,0.361,0.0,423.5425
k3720,0.361,119.0,104.9381
k607,0.361,0.0,262.894
k5614,0.361,80.0,122.8587
k6277,0.373,0.0,435.5232
k3690,0.373,0.0,449.0225
k6701,0.3023,2583.0,142.5491
k454,0.3023,0.0,76.8798
k1371,0.4803,0.0,97.9617
k2619,0.3303,3001.0,181.0028
k3682,0.3303,2802.0,183.4864
k3369,0.3303,0.0,400.9115
k1406,0.1443,0.0,31.0644
k5762,0.1443,0.0,25.4657
k7181,0.1958,159.0,50.3314
k6038,0.1958,0.0,1067.1551
k5031,0.3978,0.0,203.1994
k381,0.4483,0.0,120.5249
k4015,0.5288,0.0,250.3003
k2018,0.5288,0.0,128.4883
k3479,0.3423,0.0,83.2721
k3627,0.1743,0.0,377.002
k6459,0.1743,0.0,360.6279
k3684,0.3018,0.0,89.5126
k3000,0.3018,0.0,251.0428
k1563,0.3018,894.0,41.8151
k5517,0.4043,894.0,188.1203
k4179,0.4043,0.0,181.6549
k3006,0.4043,894.0,359.5598
k5297,0.4043,0.0,114.2464
k735,0.2753,0.0,423.5003
k4872,0.2753,0.0,171.2921
k4174,0.2118,0.0,846.0508
k3852,0.4043,0.0,523.7771
k1228,0.2753,0.0,458.6897
k2037,0.2633,0.0,846.7628
k1698,0.2548,0.0,273.27
k3904,0.1708,0.0,488.5064
k2253,0.1708,0.0,772.2288
k4195,0.1708,0.0,433.6104
k3023,0.1708,0.0,346.5927
k4447,0.1708,0.0,722.0229
k4067,0.1548,199.0,113.0531
k1011,0.1548,0.0,535.1479
k314,0.3008,0.0,193.9001
k669,0.3008,577.0,460.2969
k6162,0.3008,577.0,385.573
k6121,0.3008,0.0,15.9765
k4943,0.5365,0.0,111.325
k3354,0.5365,0.0,306.6537
k1668,0.38,0.0,76.4003
k71,0.38,0.0,196.8972
k1837,0.439,0.0,183.1338
k4014,0.439,0.0,201.0622
k7519,0.439,0.0,505.6108
k3488,0.439,0.0,117.772
k812,0.439,0.0,280.5071
k5675,0.003,0.0,52.6806
k3290,0.003,417.0,91.6038
k4177,0.007,0.0,472.7433
k3908,0.007,0.0,349.1504
k3985,0.007,0.0,219.0576
k3820,0.71,0.0,100.7137
k7008,0.374,3954.0,774.717
k665,0.4625,239.0,643.6989
k956,0.2685,357.0,28.6356
k2794,0.2685,357.0,166.1423
k5473,0.2685,0.0,216.9239
k3228,0.2685,0.0,232.7767
k4138,0.0925,0.0,97.5
k4549,0.0925,3954.0,330.9026
k3075,0.0925,357.0,614.6863
k5820,0.0925,0.0,66.3193
k3147,0.496,0.0,722.9374
k6333,0.496,0.0,150.1949
k6921,0.496,0.0,160.2475
k6843,0.614,0.0,128.6177
k3461,-0.0275,0.0,693.6276
k4814,0.3645,0.0,145.664
k1766,0.164,0.0,211.048
k7314,0.164,854.0,162.5831
k1567,0.2405,854.0,239.852
k3920,0.29,0.0,72.7496
k6619,0.29,0.0,74.2378
k3827,0.29,0.0,86.4653
k6949,0.287,0.0,410.4878
k1940,0.5515,1492.0,112.5389
k6096,0.5515,0.0,83.0858
k4077,0.389,0.0,202.4846
k6761,0.361,0.0,250.9308
k2679,0.2135,0.0,61.1249
k1697,0.2135,0.0,49.4495
k7397,0.2135,0.0,599.8687
k7512,0.2485,0.0,628.9141
k3375,0.3095,0.0,99.3001
k1924,0.3095,0.0,238.2315
k2321,0.3095,0.0,0.0
k3686,0.6371,0.0,213.5843
k835,0.6371,0.0,149.1107
k374,0.6371,0.0,467.4497
k5508,0.6371,0.0,774.2391
k818,0.4406,0.0,534.7843
k6759,0.2636,0.0,72.6034
k845,0.2196,0.0,379.8585
k2147,0.2188,0.0,60.4669
k2225,0.2523,0.0,144.8491
k6525,0.4338,0.0,209.571
k2862,0.4338,0.0,100.1062
k1389,0.4338,0.0,62.7873
k3400,0.3263,0.0,183.6532
k4201,0.3603,0.0,332.2002
k5834,0.3603,0.0,127.4608
k2771,0.3603,0.0,124.0494
k2139,0.3603,0.0,79.0395
k5504,0.4858,0.0,317.6212
k1222,0.4858,0.0,152.8864
k830,0.4858,0.0,255.0848
k4483,0.4858,0.0,409.6248
k2103,0.3023,0.0,169.0044
k2580,0.3023,0.0,47.3207
k2643,0.3023,0.0,111.1227
k3517,0.2493,0.0,44.3424
k2507,0.2923,0.0,127.8251
k5222,0.2908,0.0,117.0438
k766,0.2943,0.0,145.1594
k359,0.2943,0.0,182.1929
k2477,0.2943,0.0,56.0892
k5271,0.2943,0.0,119.1512
k6963,0.2943,0.0,207.6132
k6027,0.2943,0.0,0.0
k2530,0.3958,299.0,715.3143
k3763,0.3958,219.0,110.8558
k968,0.3958,0.0,276.2829
k5090,0.3958,0.0,288.1189
k2190,-0.0077,0.0,67.2031
k6547,-0.0077,0.0,93.4345
k6972,-0.0077,0.0,440.6007
k1408,0.2633,0.0,73.7462
k7059,0.1218,299.0,182.6034
k1069,0.2428,299.0,398.0314
k4831,0.1218,0.0,679.6918
k5177,0.2388,0.0,44.3086
k6925,0.2388,0.0,183.14
k7215,0.2128,0.0,181.8193
k4010,0.2558,0.0,20.5061
k7394,0.2558,0.0,78.4618
k2850,0.2558,0.0,102.7533
k4635,0.2558,0.0,146.2395
k6593,0.2558,0.0,318.624
k5678,0.2558,0.0,81.6104
k5357,0.2558,0.0,227.5791
k3387,0.3448,0.0,433.7594
k4253,0.4138,0.0,100.8179
k7229,0.1163,0.0,140.0973
k4136,0.1163,0.0,454.303
k3086,0.1163,0.0,138.9541
k3135,0.1143,0.0,84.217
k2521,0.1143,0.0,93.4077
k1487,0.1143,457.0,87.4714
k3435,0.0933,0.0,245.0
k421,0.0933,0.0,136.0083
k5547,0.0933,0.0,0.0
k2259,0.2953,0.0,53.7075
k5318,0.2953,0.0,208.0601
k4744,0.2953,337.0,200.8109
k2663,0.2083,0.0,150.6196
k1608,0.1563,0.0,147.2753
k2210,0.1563,0.0,305.6796
k4677,0.1563,0.0,434.7419
k5768,0.1753,0.0,133.9123
k361,0.1753,378.0,81.8917
k7202,0.1753,378.0,120.8356
k1953,0.1753,1153.0,671.4239
k1088,0.1753,0.0,87.6427
k6510,0.5303,0.0,45.8394
k253,0.2811,0.0,134.1808
k4399,0.7691,0.0,125.504
k1439,0.2141,278.0,179.959
k1566,0.4466,0.0,240.1755
k1805,0.4466,80.0,75.6108
k5908,0.4466,80.0,54.7951
k5655,0.3086,0.0,249.3657
k5196,0.3086,0.0,108.721
k2203,0.3086,0.0,234.5767
k3209,0.7386,0.0,105.5711
k519,0.7386,0.0,548.5002
k6424,0.7386,0.0,118.938
k2396,0.7386,0.0,304.8942
k4799,0.7386,0.0,310.3244
k285,0.7386,0.0,215.5023
k5106,0.1916,0.0,706.5143
k2922,0.6741,1850.0,246.224
k2494,0.6741,0.0,82.1523
k747,0.0941,0.0,322.3973
k2076,0.1591,0.0,69.3055
k3037,0.1886,0.0,394.7851
k4213,0.2571,2903.0,298.6051
k7344,0.3011,2863.0,550.3135
k1644,0.3011,1869.0,29.3471
k1712,0.3416,0.0,265.0924
k1927,0.3416,1869.0,361.8207
k1677,0.2761,517.0,493.0254
k4552,0.3596,0.0,236.8459
k605,0.3596,2903.0,331.1654
k4178,0.7216,0.0,256.5122
k7170,0.7216,0.0,215.5371
k5974,0.7216,0.0,153.1878
k1063,0.7216,0.0,134.6338
k6964,0.7216,0.0,716.6786
k3862,0.1656,0.0,207.8702
k4727,0.2866,0.0,105.5047
k5958,0.2936,0.0,149.459
k6486,0.2936,0.0,314.6824
k1443,0.2346,0.0,134.5232
k3530,0.2446,0.0,112.661
k5120,0.2446,0.0,200.6801
k1009,0.2446,0.0,172.8504
k3919,0.2446,0.0,579.1032
k5493,0.4321,0.0,203.3624
k4373,0.4321,0.0,236.1573
k5285,0.2041,0.0,223.1098
k3004,0.5086,0.0,182.6588
k5240,0.5086,0.0,125.7309
k4942,0.5086,159.0,446.1852
k3148,0.5086,0.0,417.3068
k1705,0.1665,0.0,60.4152
k1928,0.263,0.0,97.0322
k4634,0.263,0.0,161.4102
k7245,0.263,0.0,507.7046
k4471,0.4465,0.0,159.803
k4824,0.4465,0.0,232.6209
k7393,0.131,0.0,753.9504
k2562,0.1385,0.0,181.1146
k2790,0.1385,0.0,433.3189
k8,0.1385,0.0,269.0116
k6440,0.1385,0.0,165.5483
k1046,0.108,3855.0,58.1227
k7027,0.1475,0.0,208.8373
k5772,0.2085,0.0,383.2039
k7274,0.2085,0.0,177.8145
k643,0.2085,0.0,125.1259
k4750,0.2085,0.0,880.3602
k1854,0.2085,0.0,92.0448
k986,0.2085,0.0,87.122
k7237,0.2085,0.0,72.5017
k4878,0.2085,0.0,104.561
k5390,0.2085,0.0,115.8123
k869,0.2085,0.0,726.654
k563,0.2085,0.0,358.9596
k5148,0.204,0.0,233.2349
k4184,0.204,0.0,146.8681
k5420,0.1955,0.0,491.2222
k5588,0.205,3855.0,105.5959
k7412,0.069,0.0,212.9842
k2586,0.1015,855.0,195.0519
k1684,0.1015,0.0,104.0637
k5533,0.1015,2248.0,291.7096
k1357,0.1935,855.0,81.2804
k6762,0.1935,0.0,179.747
k2393,0.2075,0.0,230.895
k6966,0.2075,2248.0,201.0603
k2534,0.2075,0.0,109.5046
k4525,0.2075,0.0,765.1283
k243,0.2075,0.0,323.7132
k2894,0.2075,0.0,142.8863
k5981,0.2075,0.0,543.5301
k5653,0.133,0.0,110.6526
k2217,0.1135,0.0,125.6433
k914,0.057,0.0,108.0289
k2789,0.0445,0.0,110.6368
k797,0.0135,2248.0,476.607
k4614,0.03,0.0,112.5178
k4192,0.03,1393.0,110.3381
k437,0.0435,0.0,138.0226
k2452,0.0435,0.0,397.305
k4967,0.0295,0.0,283.4806
k7552,0.0295,0.0,208.1952
k7516,0.0295,835.0,76.6322
k5104,0.0295,0.0,238.4722
k5293,0.0295,1490.0,607.0908
k3650,0.02,0.0,115.8285
k3578,0.02,835.0,454.5025
k4915,0.095,0.0,102.511
k1005,0.2625,0.0,112.1606
k2410,0.2625,835.0,169.5029
k3553,0.2625,0.0,574.5885
k6492,0.314,0.0,192.5649
k3769,0.2775,1909.0,621.5002
k1307,0.2775,0.0,155.6478
k283,0.2775,458.0,56.7979
k6313,0.186,0.0,187.0541
k1672,0.211,0.0,256.0176
k7249,0.211,318.0,965.5374
k4359,0.211,1870.0,164.8006
k298,0.2655,0.0,269.0297
k3654,0.2655,0.0,353.8057
k2134,0.27,1870.0,278.4044
k2773,0.27,0.0,263.9555
k52,0.27,0.0,244.2048
k7327,0.27,0.0,218.0573
k1409,0.27,0.0,103.8472
k3795,0.208,0.0,830.1581
k4035,0.002,1870.0,114.5044
k3385,0.006,0.0,295.7047
k87,0.0335,0.0,140.5889
k3136,0.0335,0.0,134.1641
k3074,0.0335,0.0,739.1747
k5146,0.091,0.0,327.112
k4811,0.091,0.0,252.6267
k6198,0.091,0.0,142.5877
k915,0.091,0.0,88.0057
k4121,0.091,1909.0,161.6114
k5790,0.091,0.0,748.5908
k2615,0.089,2086.0,189.0298
k4286,0.089,0.0,197.6259
k7465,0.089,458.0,299.6352
k497,0.089,0.0,236.5338
k1032,0.089,0.0,161.038
k7161,0.089,318.0,752.7008
k6914,0.1455,458.0,90.7331
k2081,0.0047,17794.0,165.1764
k774,0.0182,0.0,211.9104
k2820,0.0942,0.0,133.5758
k4122,0.0942,0.0,134.1808
k5074,0.0942,0.0,88.1717
k3287,0.0942,0.0,77.0406
k3821,0.1597,1731.0,832.5878
k4623,0.4492,1491.0,107.5744
k549,0.4907,1491.0,121.878
k2238,0.4907,835.0,116.0172
k3710,0.3587,1173.0,158.4653
k5313,0.3742,835.0,89.5237
k2441,0.3742,1491.0,120.7653
k5595,0.4087,835.0,139.0
k1430,0.4592,1173.0,158.749
k7421,0.4992,0.0,534.8724
k69,0.4992,0.0,55.599
k7534,0.5697,0.0,70.9102
k5325,0.5697,0.0,138.153
k7293,0.5697,815.0,103.3562
k3318,0.5697,0.0,68.2495
k5415,0.5697,815.0,59.7097
k2456,0.5697,497.0,547.0448
k7180,0.5402,0.0,198.0511
k6736,0.4552,0.0,106.4249
k2626,0.4192,0.0,114.5535
k4388,0.3822,0.0,68.4124
k4454,0.3822,0.0,380.2374
k357,0.2442,17794.0,180.1
k5867,0.2667,0.0,167.1743
k1817,0.2667,0.0,125.004
k2086,0.2667,0.0,462.5595
k4148,0.0487,0.0,185.7969
k3496,0.0487,1731.0,838.5335
k4738,0.0487,0.0,91.3085
k55,0.0442,0.0,95.4529
k6953,0.0997,0.0,80.6877
k4589,0.1177,0.0,103.0012
k4918,0.1177,0.0,150.5075
k4331,0.1177,0.0,147.5025
k6698,0.1177,1731.0,840.1341
k1184,0.1617,0.0,274.0
k7306,0.1617,0.0,257.0311
k939,0.1617,4871.0,82.0061
k2658,0.1602,0.0,756.6033
k7427,0.1602,895.0,151.7934
k3043,0.1602,4871.0,173.6102
k1762,0.2712,0.0,219.9892
k4360,0.2712,0.0,462.1558
k242,0.2712,0.0,421.9328
k6451,0.2712,0.0,72.8011
k3365,0.4237,0.0,316.0479
k6890,0.1662,3697.0,363.3098
k847,0.1882,3558.0,77.3596
k4375,0.1882,0.0,124.5361
k1435,0.1052,0.0,409.1314
k2588,0.1052,0.0,306.9287
k3305,0.1052,418.0,385.5081
k3537,0.1572,239.0,172.9169
k5480,0.1572,0.0,89.4218
k520,0.2532,0.0,72.5603
k7023,0.2532,0.0,80.2808
k4376,0.1347,338.0,264.6531
k2080,0.1347,0.0,454.437
k4505,0.1347,139.0,87.7568
k3909,0.1347,0.0,521.8058
k4273,0.0167,358.0,205.5006
k7063,0.0167,0.0,149.6011
k5941,-0.0118,0.0,249.3657
k2956,-0.0303,0.0,224.5674
k1082,-0.0403,0.0,630.914
k404,0.0422,338.0,225.8462
k1517,0.0422,0.0,374.0655
k5136,0.0487,0.0,132.8053
k5546,0.0487,0.0,161.3079
k6009,0.0487,0.0,621.8637
k5203,0.0552,0.0,246.1549
k1879,0.0552,139.0,90.5884
k1977,0.0552,0.0,182.3417
k1465,0.0552,0.0,218.7521
k4187,0.0592,0.0,299.8754
k6783,0.0592,0.0,561.0893
k6035,0.3402,0.0,181.965
k4709,0.3402,0.0,235.0191
k6429,0.3362,0.0,199.7029
k6678,0.3402,0.0,0.0
k7278,0.2777,0.0,117.7763
k955,0.2312,0.0,239.1025
k5880,0.2312,0.0,325.6275
k3744,0.2312,0.0,507.5355
k1881,0.2312,0.0,165.339
k4074,0.2312,0.0,128.1327
k5569,0.2312,0.0,751.5585
k1534,0.2067,0.0,169.5007
k1458,0.1682,0.0,238.5886
k5171,0.1682,0.0,115.3917
k7263,0.1682,0.0,154.8233
k6884,0.1682,0.0,75.738
k3410,0.1682,0.0,621.6257
k7174,0.0752,0.0,108.5012
k4583,-0.0683,0.0,442.6073
k4994,-0.0238,0.0,269.5297
k1790,-0.0238,0.0,220.096
k1781,-0.1093,0.0,172.0589
k6777,-0.1043,0.0,643.5441
k4886,-0.0168,0.0,210.0214
k6449,0.0647,0.0,216.0208
k7041,0.0862,0.0,109.6734
k136,0.0862,0.0,471.2674
k2866,0.2152,238.0,252.5045
k1464,0.1872,0.0,281.8639
k3019,-0.0803,298.0,204.5807
k4540,-0.1808,0.0,563.838
k3878,0.0362,0.0,122.5439
k4428,0.0362,0.0,176.6529
k7594,0.0362,0.0,502.4923
k1669,0.0901,0.0,84.4423
k2249,-0.0134,0.0,203.8553
k5268,0.3426,0.0,75.0816
k3695,0.3426,0.0,182.5062
k653,0.3426,0.0,584.8216
k2946,0.3426,794.0,296.1271
k5620,0.4036,0.0,87.7852
k5211,0.4036,0.0,254.6419
k362,0.4036,0.0,376.7658
k2155,0.4981,675.0,131.6435
k1103,0.4981,675.0,172.0356
k1330,0.4981,0.0,118.5591
k958,0.4981,0.0,106.0189
k5149,0.4981,0.0,253.1585
k2553,0.4201,0.0,109.638
k1177,0.4201,0.0,161.9359
k5869,0.4201,0.0,116.5204
k1720,0.4201,0.0,168.0186
k6487,0.4201,0.0,257.2105
k7479,0.2221,0.0,283.4277
k2802,0.2221,1272.0,227.0518
k3541,0.3586,0.0,183.5007
k7385,0.3586,2604.0,803.5006
k5683,0.3586,8291.0,64.2748
k1158,0.3161,0.0,196.7905
k261,0.3161,0.0,114.5622
k7346,0.2051,0.0,187.3019
k7321,0.2051,338.0,80.878
k2541,0.2051,0.0,130.0615
k3668,0.2586,338.0,266.77
k3859,0.2586,0.0,342.2663
k1123,0.2776,0.0,723.3072
k2034,0.2776,0.0,290.1556
k1955,0.2776,0.0,159.0574
k5937,0.2776,0.0,122.8993
k2940,0.2776,0.0,590.4744
k4975,0.2776,0.0,173.5065
k5791,0.2776,0.0,196.8076
k7269,0.2776,0.0,148.5842
k4264,0.2776,0.0,177.7034
k2923,0.2776,0.0,694.1623
k5033,0.1606,0.0,164.5615
k4358,0.1621,0.0,136.2736
k1654,0.1621,0.0,102.6158
k3,0.1916,0.0,136.5586
k1652,0.1916,0.0,116.0873
k545,0.1916,0.0,124.4639
k4043,0.1916,2604.0,657.3197
k1528,0.1916,1272.0,103.7039
k1627,0.1916,0.0,100.5796
k4953,0.1916,756.0,482.2287
k3398,0.1161,8291.0,132.0606
k1083,0.1581,0.0,103.0594
k6186,0.2141,1272.0,99.5301
k3062,0.2141,0.0,307.0916
k6344,0.2141,0.0,126.6689
k4499,0.2141,0.0,122.0092
k208,0.2141,2604.0,882.9454
k6742,-0.0969,4712.0,148.5135
k1354,-0.0969,0.0,180.6557
k5842,-0.0334,2405.0,169.5118
k898,0.2786,2405.0,103.6738
k1062,0.2786,0.0,175.1471
k1141,0.2786,0.0,126.5158
k6457,0.2986,0.0,157.035
k2740,0.2986,0.0,162.0903
k4419,0.2986,0.0,365.1756
k5497,0.1386,0.0,121.501
k5224,0.1386,358.0,252.1081
k4863,0.1386,1311.0,177.1588
k3267,0.0996,0.0,822.6896
k2945,0.0996,2346.0,579.4588
k5963,0.2116,0.0,218.8293
k884,0.1196,0.0,129.1395
k2749,0.1196,2346.0,90.8102
k6531,0.1196,0.0,770.3765
k1087,0.4681,0.0,293.3108
k30,0.4681,0.0,199.2185
k3262,0.4681,0.0,213.4391
k2230,0.4681,0.0,612.7424
k6723,0.4681,0.0,187.4166
k4530,0.4291,0.0,266.62
k4921,0.4681,0.0,0.0
k7442,0.4681,0.0,0.0
k1338,0.2591,0.0,121.1033
k5479,0.2591,0.0,62.5879
k199,0.2886,0.0,92.6998
k6472,0.3621,0.0,83.5853
k900,0.0371,0.0,235.8925
k7288,0.1771,4633.0,282.1436
k4156,0.1771,4633.0,48.1274
k5279,0.1771,0.0,114.7661
k6072,0.1771,0.0,60.5186
k2844,0.1056,0.0,341.0367
k2329,0.1056,0.0,111.6121
k7044,0.1056,378.0,181.2236
k5317,0.1056,0.0,145.1981
k7406,0.1056,0.0,235.604
k2695,0.1056,0.0,134.0233
k6414,0.0786,0.0,589.8782
k7179,0.0786,0.0,157.334
k6610,0.0786,4633.0,223.0807
k181,0.0786,0.0,165.4358
k6075,0.0751,0.0,554.5316
k1600,0.3651,0.0,204.0098
k6199,0.3651,0.0,172.529
k3945,0.3651,894.0,124.8089
k1932,0.2981,0.0,142.4254
k6321,0.3131,0.0,152.4549
k1750,0.3131,0.0,874.8634
k1612,0.4211,0.0,149.6103
k3383,0.4811,0.0,228.6974
k4220,0.5746,0.0,138.7309
k2841,0.5746,0.0,117.3084
k316,0.5746,0.0,135.1758
k3857,0.5746,0.0,177.2907
k4437,0.5746,0.0,949.8329
k2498,0.2423,0.0,352.23
k1851,0.2423,0.0,87.57
k2448,0.2423,0.0,347.7963
k1150,0.2423,0.0,216.9453
k5865,0.2423,0.0,582.3257
k4768,0.2008,0.0,144.0868
k3440,0.2008,1233.0,139.3126
k6926,0.1523,0.0,116.5204
k6043,0.1563,1233.0,165.5113
k2439,0.1818,556.0,199.0226
k182,0.1818,0.0,381.9453
k426,0.1818,0.0,83.7257
k5025,0.1818,0.0,47.9296
k6428,0.1818,0.0,107.6708
k5724,0.1818,0.0,418.7317
k2680,0.1933,0.0,199.0157
k1284,0.2253,0.0,134.0755
k3032,0.2253,0.0,303.9215
k5995,0.2718,0.0,134.7368
k6741,0.3048,179.0,139.0189
k1923,0.3163,0.0,173.5029
k3482,0.3163,0.0,700.6126
k4055,0.3583,556.0,228.8154
k2338,0.1378,0.0,80.1311
k142,0.1978,0.0,318.4168
k2855,0.1978,0.0,142.5351
k2924,0.1978,0.0,112.5544
k7184,0.1978,0.0,74.4866
k3875,0.1288,0.0,378.0245
k1664,0.0443,179.0,56.1427
k4455,0.0443,0.0,200.5224
k645,0.0443,0.0,197.6088
k2256,0.0693,99.0,416.5948
k6514,0.1538,179.0,61.5731
k1393,0.3358,0.0,300.5703
k2354,0.3358,0.0,332.6718
k233,0.3358,0.0,138.5442
k4985,0.3358,0.0,148.0034
k4409,0.3358,0.0,393.0919
k4671,0.3038,716.0,784.883
k1730,0.1148,80.0,86.6487
k2183,0.1148,0.0,209.5865
k3661,0.1148,0.0,167.1743
k7270,0.1148,0.0,771.7205
k3104,0.1563,0.0,294.3331
k2082,0.1563,0.0,229.5196
k3378,0.1563,0.0,107.2287
k4463,0.1563,0.0,210.5053
k5795,0.1033,0.0,181.8378
k3181,0.1033,974.0,647.5
k4524,0.1033,0.0,389.7708
k6823,0.1033,0.0,89.1866
k1571,0.1033,0.0,224.3819
k2684,0.1033,974.0,700.1116
k2198,0.1553,556.0,89.6131
k1007,0.1903,0.0,155.7899
k4150,0.1903,0.0,230.5195
k4065,0.1903,0.0,288.3834
k2828,0.1878,0.0,361.8304
k3315,0.0813,0.0,215.0593
k7540,0.0353,0.0,123.5364
k4228,0.0353,0.0,285.3769
k2563,0.0868,0.0,165.7739
k3429,0.0873,0.0,650.0325
k3490,0.1008,238.0,99.0316
k251,0.1008,0.0,339.73
k2554,0.1008,0.0,179.0112
k6552,0.1008,338.0,506.9795
k7016,0.1008,0.0,184.6734
k4792,0.3413,0.0,93.5481
k1902,0.3413,519.0,114.0395
k4310,0.2313,0.0,184.4587
k228,0.2313,0.0,174.1558
k6090,0.2918,399.0,90.6091
k1947,0.2713,0.0,83.5374
k5484,0.2538,399.0,142.762
k4354,0.1468,0.0,283.7781
k322,0.1468,258.0,157.2895
k1656,0.1423,0.0,290.3812
k3995,0.1423,0.0,86.9669
k7247,0.1183,0.0,89.237
k7345,0.1183,119.0,567.5795
k3416,0.1183,0.0,75.4603
k7598,0.1183,0.0,374.4389
k4146,0.1878,0.0,212.5847
k1659,0.1878,0.0,200.7648
k2517,0.1878,0.0,124.2578
k3225,0.0983,0.0,284.5861
k1160,0.0983,199.0,104.1933
k2963,0.0983,0.0,93.5535
k1105,0.0983,596.0,529.7955
k7443,0.0983,0.0,289.5155
k7221,0.0983,199.0,294.7563
k2053,0.0983,0.0,120.5498
k5895,0.0943,0.0,413.4834
k2493,0.0943,0.0,272.3417
k7298,0.0808,139.0,36.868
k1557,0.0768,0.0,639.1811
k5898,0.1393,377.0,349.2825
k1001,0.0623,0.0,152.2104
k4651,0.3173,80.0,201.7734
k2772,0.3173,0.0,639.0618
k816,0.3173,0.0,539.0659
k177,0.1572,199.0,119.9177
k2840,0.1572,0.0,467.0043
k2148,0.1572,0.0,248.582
k2977,0.1572,0.0,124.904
k1937,0.1357,0.0,764.3173
k4981,0.1332,0.0,113.6101
k1171,0.1332,0.0,187.8224
k3727,0.0472,0.0,473.6465
k2383,0.0472,0.0,177.1588
k3880,0.0472,0.0,207.4187
k286,0.0382,437.0,52.1392
k5647,0.0427,0.0,393.0385
k90,0.0812,0.0,100.4502
k1164,0.0812,0.0,111.4473
k1333,0.0812,318.0,482.0664
k1266,0.0812,437.0,175.6595
k2138,0.1767,0.0,375.5163
k5522,0.1767,0.0,313.0994
k457,0.1802,636.0,37.8319
k4394,0.1722,0.0,98.4594
k1179,0.1217,636.0,211.5
k1356,0.0722,0.0,188.006
k7375,0.0917,0.0,177.9396
k2457,0.0917,0.0,171.0468
k5066,0.0917,0.0,777.7739
k34,0.1392,0.0,394.3796
k7533,0.1392,0.0,261.6911
k2644,0.1392,0.0,185.6946
k2100,0.1392,0.0,271.5005
k4934,0.1392,0.0,717.2247
k7404,0.1392,0.0,219.0365
k2350,0.1392,0.0,90.5124
k7329,0.1392,0.0,356.6546
k163,0.1392,0.0,140.1749
k5471,0.1102,0.0,806.3723
k1100,0.0267,219.0,55.6597
k279,0.0267,0.0,52.7376
k3332,0.0267,0.0,141.508
k3417,0.0267,0.0,218.8024
k4450,0.0957,99.0,464.7819
k3977,0.1467,219.0,55.491
k5818,0.1467,0.0,518.5241
k2795,0.1467,0.0,116.5043
k266,0.1467,0.0,217.1687
k5565,0.2332,0.0,109.6586
k6481,0.2507,0.0,842.4525
k3449,0.6357,0.0,158.2024
k2958,0.6357,0.0,584.2929
k6423,0.6357,0.0,729.1257
k3468,0.0257,0.0,345.8949
k168,0.0882,0.0,279.8272
k7458,0.1787,0.0,196.0638
k4531,0.1787,0.0,75.2629
k6955,0.1787,0.0,247.5727
k2078,0.1787,0.0,719.9905
k844,0.1787,0.0,95.2575
k7460,0.1622,0.0,87.4643
k6448,0.1622,0.0,117.0171
k7096,0.1457,0.0,344.0124
k4968,0.1457,0.0,173.598
k6192,0.1457,0.0,112.0179
k6667,0.0417,0.0,133.9039
k4045,0.0947,0.0,192.5526
k4152,0.0947,0.0,142.6403
k1728,0.0947,0.0,760.0929
k38,0.1437,0.0,135.9871
k1370,0.1722,0.0,261.5808
k2267,0.2187,0.0,238.1344
k6483,0.2222,0.0,194.5925
k6411,0.2467,0.0,697.87
k5401,0.3567,0.0,211.0148
k833,0.3567,0.0,255.6956
k161,0.3567,0.0,130.8625
k6189,0.3522,80.0,448.1166
k4000,0.3522,0.0,255.811
k2489,0.133,0.0,196.9378
k5809,0.077,0.0,341.7868
k6375,0.077,0.0,238.6179
k4585,0.0765,816.0,503.5717
k6840,0.062,0.0,117.4266
k935,0.062,0.0,148.6893
k5335,0.062,0.0,253.0494
k88,0.062,816.0,140.788
k6060,0.062,0.0,707.259
k3403,0.062,0.0,191.3459
k5116,0.053,0.0,245.2494
k5324,0.053,0.0,80.6551
k5560,0.053,0.0,344.6175
k3745,0.053,0.0,167.7155
k5125,0.053,0.0,78.5143
k1493,0.053,0.0,576.5137
k6841,0.0585,0.0,105.9292
k3447,0.0805,0.0,213.758
k4340,0.1435,299.0,247.767
k2187,0.2825,0.0,185.6192
k839,0.2825,0.0,223.0454
k5200,0.2945,0.0,73.0924
k6595,0.2945,0.0,285.5039
k4956,0.2945,0.0,141.4655
k4408,0.36,0.0,606.7125
k1283,0.133,0.0,168.7965
k3458,0.166,0.0,61.0184
k6383,0.166,0.0,127.5353
k5248,0.166,0.0,158.5008
k6951,0.166,0.0,656.0949
k465,0.166,0.0,116.8471
k24,0.166,0.0,79.1344
k730,0.166,0.0,211.2865
k6906,0.159,0.0,62.3939
k1637,0.1435,0.0,623.0532
k7441,0.127,0.0,38.9391
k6209,0.069,0.0,119.4508
k4564,0.069,0.0,273.6585
k5978,0.275,0.0,130.6771
k7240,0.275,0.0,477.9838
k2753,0.275,0.0,82.5303
k646,0.275,0.0,186.6447
k7287,0.275,0.0,420.9825
k3119,0.162,0.0,394.5155
k1946,0.162,2166.0,178.5175
k2265,0.162,0.0,102.0943
k3337,0.1745,1708.0,277.8282
k3716,0.1085,0.0,79.1344
k5977,0.0895,3795.0,395.1433
k1515,0.0895,1708.0,133.7171
k5719,0.0825,1708.0,276.1309
k1045,0.0825,3795.0,57.0
k1432,0.0825,0.0,176.1817
k172,0.052,0.0,426.5563
k125,0.0675,0.0,185.632
k5964,0.173,0.0,169.0399
k487,0.1735,0.0,171.0592
k1699,0.1955,0.0,127.1633
k72,0.1955,0.0,737.6525
k4436,0.125,0.0,53.5093
k1507,0.125,0.0,94.1767
k2698,0.2555,0.0,747.9215
k5904,0.147,0.0,105.5426
k3370,0.147,0.0,186.8241
k554,0.1315,0.0,155.1362
k4658,0.1315,0.0,293.5209
k2531,0.1315,0.0,141.5141
k5208,0.106,0.0,756.0572
k5315,0.102,0.0,109.573
k13,0.076,0.0,271.914
k5578,0.0835,0.0,392.3853
k4693,0.327,0.0,531.0202
k4682,0.327,0.0,198.2738
k2595,0.086,0.0,757.8709
k2573,0.086,0.0,140.4608
k2038,0.086,0.0,872.8717
k3838,0.0785,0.0,911.8559
k5721,0.1325,0.0,309.1092
k2446,0.1325,0.0,154.0008
k3770,0.1055,0.0,451.5377
k4699,0.0845,298.0,42.5735
k7006,0.0845,0.0,196.6246
k2638,0.0845,298.0,311.5064
k5599,0.0845,0.0,481.2237
k5694,0.047,0.0,76.6632
k1342,0.0815,0.0,269.6702
k5155,0.0875,0.0,159.803
k7569,0.0875,0.0,453.4358
k4680,0.3345,0.0,36.3456
k2632,0.3345,0.0,143.1127
k3268,0.3095,0.0,426.6075
k7072,0.294,0.0,207.9483
k246,0.387,0.0,0.0
k959,0.122,0.0,241.8703
k4203,0.122,0.0,29.5042
k470,0.122,536.0,141.718
k647,0.122,0.0,185.5007
k5038,0.122,536.0,200.5006
k1018,0.122,0.0,53.1154
k1551,0.122,0.0,617.4079
k2694,0.122,0.0,195.523
k4939,0.046,0.0,66.1154
k2250,0.0785,0.0,137.5736
k5635,0.0785,0.0,163.5069
k5939,0.0785,0.0,143.7611
k570,0.0785,0.0,605.0052
k391,0.0785,0.0,250.7638
k2585,0.0785,0.0,81.0386
k466,0.049,0.0,185.597
k6831,0.049,0.0,195.6847
k2258,0.0195,0.0,673.8043
k4609,0.056,0.0,103.2049
k6147,0.117,0.0,251.0717
k628,0.117,0.0,207.6018
k4421,0.117,0.0,54.7768
k603,0.2055,0.0,364.8027
k891,-0.021,0.0,69.2604
k5657,0.0785,0.0,241.1001
k1883,0.0785,0.0,72.4189
k5993,0.024,0.0,93.6082
k1628,0.153,0.0,100.0312
k6780,0.153,0.0,549.4129
k6687,0.153,0.0,100.3195
k1247,0.153,0.0,61.2066
k5888,0.0975,0.0,142.0
k5819,0.0975,0.0,122.5653
k5241,0.0975,0.0,142.9633
k1203,0.214,0.0,414.5048
k1732,0.209,0.0,239.0758
k2544,0.209,0.0,238.8812
k3424,0.2235,0.0,184.6145
k903,0.2235,0.0,68.6477
k5431,0.2235,0.0,137.5327
k4501,0.2235,0.0,59.0085
k2481,0.2235,0.0,139.858
k7348,0.2235,0.0,768.789
k2737,0.011,0.0,232.5005
k7331,0.0475,0.0,107.2287
k5340,0.0475,0.0,346.0231
k115,0.2875,0.0,637.1156
k6252,0.1955,0.0,75.2014
k5872,0.1955,0.0,261.2317
k3408,0.1775,0.0,52.0433
k2328,0.1775,0.0,154.5073
k4800,0.1775,0.0,513.6295
k2054,0.1775,0.0,414.2855
k6641,0.122,0.0,189.3198
k4706,0.104,0.0,581.9203
k6775,0.121,0.0,167.5478
k6997,0.121,0.0,191.0792
k4342,0.121,0.0,143.2
k3514,0.121,0.0,520.4673
k1385,0.0751,179.0,50.7666
k5601,0.0751,0.0,363.2509
k6062,0.0751,0.0,330.9082
k4582,0.0751,0.0,625.0588
k4850,0.0751,0.0,221.382
k566,0.0751,0.0,228.0356
k4537,0.3901,0.0,336.0238
k6696,0.3901,0.0,291.8399
k5833,0.3901,0.0,74.049
k5607,0.3566,0.0,324.5385
k5758,0.3566,0.0,476.5231
k5929,0.2091,0.0,280.6443
k2352,0.2091,0.0,92.6094
k5343,0.2091,0.0,139.5323
k141,0.2091,0.0,278.5687
k7200,0.1711,0.0,114.0099
k6174,0.1711,0.0,93.0121
k5288,0.2086,0.0,209.1997
k7340,0.4721,0.0,204.4798
k5891,0.4721,0.0,181.0559
k949,0.4721,0.0,165.128
k6958,0.3621,0.0,167.5381
k4602,0.3621,0.0,104.0589
k5368,0.0651,0.0,250.0605
k1764,0.0651,179.0,104.7688
k6583,0.0651,0.0,480.6376
k3174,0.0651,0.0,154.707
k4572,0.0651,0.0,97.2522
k3316,0.0441,0.0,886.1072
k573,0.0886,0.0,357.6468
k3130,0.0886,0.0,132.0237
k1313,0.0996,0.0,173.693
k2334,0.1281,0.0,148.3122
k1301,0.1281,0.0,847.7217
k1770,0.2561,0.0,369.5487
k3818,0.2561,0.0,184.5704
k7524,0.2561,0.0,148.6556
k460,0.3536,0.0,343.6313
k886,0.3536,0.0,188.0219
k4202,0.3536,0.0,181.2988
k3993,0.3536,0.0,718.9885
k2982,0.3536,0.0,235.1436
k7336,0.3536,0.0,158.5788
k1524,0.3536,0.0,319.9394
k2915,0.2416,0.0,243.6047
k5917,0.2416,0.0,93.6082
k206,0.2416,0.0,105.0107
k1477,0.0796,0.0,201.6358
k65,0.0601,0.0,103.5012
k7158,0.0356,0.0,358.2304
k1918,0.0916,0.0,122.0256
k2361,0.0916,0.0,185.2701
k5511,0.1016,0.0,107.0946
k7367,0.1016,0.0,118.0519
k499,0.1016,0.0,471.465
k2028,0.1096,0.0,78.5255
k5587,0.2841,397.0,67.7422
k4539,0.2841,0.0,98.1644
k7434,0.2841,397.0,78.2768
k2932,0.2841,0.0,165.9187
k4937,0.2081,0.0,315.6759
k5697,0.2081,0.0,309.716
k1073,0.1966,0.0,260.5
k7566,0.2126,0.0,221.5812
k3569,0.2126,0.0,116.5869
k1029,0.2126,0.0,166.0098
k7435,0.2126,0.0,167.9472
k6501,0.2126,0.0,834.8151
k1481,0.0341,0.0,100.927
k2784,0.0656,0.0,91.2277
k3816,0.1126,0.0,218.0052
k6873,0.1126,0.0,102.7035
k1759,0.1126,0.0,607.225
k1242,0.3966,0.0,314.8575
k3441,0.3966,179.0,160.3753
k3967,0.3966,0.0,214.5839
k3625,0.3966,179.0,228.6941
k1604,0.3966,0.0,91.6652
k2042,0.3966,0.0,122.001
k3214,0.3226,0.0,365.2684
k6233,0.3156,0.0,371.571
k5282,0.3156,0.0,441.5484
k3645,0.3156,0.0,138.5938
k6682,0.3156,0.0,490.2808
k1091,0.1366,0.0,203.702
k3469,0.1366,0.0,216.0214
k5557,0.1366,0.0,173.926
k6763,0.0816,0.0,129.5782
k6711,0.0816,0.0,132.3414
k1800,0.0926,0.0,239.2749
k2682,0.1211,0.0,172.8381
k6562,0.2251,0.0,136.4441
k6108,0.2251,0.0,379.9872
k6013,0.3716,0.0,50.4505
k981,0.3716,0.0,114.0702
k7557,0.3716,0.0,301.5879
k3994,0.3716,0.0,207.5795
k3460,0.7781,0.0,276.7716
k3624,0.1061,0.0,327.3912
k677,0.1626,0.0,191.8463
k1039,0.1626,0.0,126.4367
k2655,0.1626,0.0,188.2691
k5388,0.1626,0.0,747.4525
k5456,0.1586,0.0,0.0
k202,0.1946,0.0,433.9484
k4389,0.1896,438.0,115.8296
k587,0.1766,0.0,272.4133
k2051,0.1766,417.0,242.0976
k7363,0.1766,0.0,290.7116
k3101,0.1766,417.0,107.6673
k1642,0.1766,0.0,571.4169
k4885,0.0461,0.0,112.8716
k1324,0.0446,0.0,192.7077
k3243,0.0446,0.0,136.533
k6971,0.0136,0.0,128.0088
k3065,0.0136,0.0,515.9075
k829,-0.0039,298.0,72.6395
k3363,-0.0039,0.0,174.7069
k6210,-0.0039,298.0,278.0112
k1760,0.0356,0.0,469.5905
k3550,0.1256,0.0,307.7873
k4620,0.1936,0.0,258.1342
k3128,0.2516,0.0,279.4875
k6623,0.3176,0.0,801.2219
k7379,0.3761,0.0,1227.8477
k5168,0.3761,0.0,130.3812
k77,0.249,1270.0,368.4461
k7227,0.249,0.0,249.1586
k5020,0.249,0.0,140.5569
k4372,0.249,0.0,184.5434
k1945,0.249,0.0,175.6822
k5232,0.188,0.0,354.2051
k248,0.179,0.0,139.4104
k6838,0.179,0.0,183.4802
k1303,0.3695,0.0,145.4003
k1373,0.3695,0.0,0.0
k6141,0.258,0.0,170.4171
k5457,0.404,0.0,350.5267
k7400,0.404,0.0,190.6233
k1767,0.3245,755.0,37.1248
k3335,0.3245,477.0,413.2242
k4989,0.196,755.0,115.1086
k5716,0.196,0.0,142.1452
k6164,0.196,0.0,615.0246
k7268,0.196,0.0,828.0257
k6524,0.196,139.0,206.5188
k1727,0.1625,0.0,337.4733
k2890,0.1625,0.0,91.4945
k5197,0.1625,0.0,95.1893
k4917,0.1625,0.0,577.1449
k892,0.3765,0.0,197.5664
k954,0.3765,0.0,318.0098
k6296,0.3765,0.0,490.5928
k813,0.3765,0.0,300.6996
k503,0.3765,0.0,335.0082
k4947,0.1845,199.0,236.5005
k1862,0.1845,0.0,105.0774
k6103,0.105,0.0,142.7953
k3139,0.124,0.0,208.4017
k2833,0.124,0.0,172.1547
k5333,0.124,0.0,81.5659
k7271,0.2895,0.0,209.5024
k3503,0.2895,0.0,128.6585
k1986,0.2895,0.0,410.5049
k6863,0.253,0.0,721.6171
k3519,0.253,536.0,256.002
k4433,0.253,0.0,130.5153
k1695,0.162,536.0,216.3059
k3229,0.162,0.0,181.1353
k3184,0.162,0.0,519.5123
k6813,0.236,179.0,98.971
k7556,0.236,0.0,73.9814
k46,0.236,0.0,234.8537
k5207,0.236,0.0,308.1416
k2620,0.236,0.0,134.5929
k6634,0.236,0.0,592.9058
k5953,0.0945,0.0,87.5557
k3585,0.0945,0.0,99.6318
k309,0.0945,0.0,264.1751
k2608,0.1335,0.0,207.0151
k7203,0.1765,0.0,151.0828
k6161,0.1765,0.0,411.5368
k2621,0.1765,0.0,164.6003
k7527,0.1765,0.0,211.0095
k6705,0.1765,0.0,550.8341
k272,0.1615,0.0,74.0827
k6171,0.183,0.0,96.3379
k2732,0.183,0.0,178.0709
k3657,0.199,0.0,260.5581
k97,0.199,0.0,131.6938
k4467,0.199,0.0,155.046
k6893,0.199,0.0,225.633
k6938,0.4955,0.0,617.2773
k5652,0.3249,0.0,147.589
k5223,0.3249,0.0,171.2921
k6292,0.5989,0.0,298.4644
k5166,0.5989,258.0,174.5029
k7580,0.5989,0.0,119.877
k1564,0.3484,0.0,442.5636
k3547,0.3484,139.0,41.5482
k4798,0.3484,0.0,204.0496
k5843,0.3139,854.0,105.6468
k5852,0.1599,0.0,109.5468
k3635,0.1599,0.0,154.9298
k1436,0.1599,854.0,119.8019
k2401,0.1599,0.0,793.512
k1480,0.6234,0.0,281.7024
k2482,0.6234,0.0,449.1116
k2069,0.6234,0.0,400.005
k4754,0.0404,99.0,51.12
k4756,0.0404,0.0,99.3642
k288,0.0404,0.0,352.7811
k918,0.0859,0.0,35.805
k7075,0.2284,0.0,72.0156
k7445,0.2284,0.0,135.0037
k6637,0.2284,0.0,323.687
k7246,0.0859,0.0,156.3873
k5084,0.0859,0.0,406.2182
k1403,0.0859,0.0,0.0
k6772,0.1339,0.0,425.7758
k2527,0.1339,100.0,307.197
k3918,0.1339,0.0,125.4193
k4060,0.2949,0.0,126.4951
k7051,0.5264,0.0,270.5818
k3598,0.5514,0.0,147.7168
k3292,0.5514,0.0,110.0284
k2165,0.5514,0.0,132.1599
k5802,0.5514,0.0,178.7177
k4281,0.5514,0.0,773.023
k373,0.5514,0.0,593.6449
k7291,0.5264,0.0,0.0
k406,0.179,0.0,235.2297
k4189,0.212,0.0,48.6621
k4461,0.212,0.0,138.0154
k6021,0.212,0.0,61.5731
k1321,0.212,0.0,744.3242
k3173,0.211,0.0,325.5061
k2987,0.211,0.0,335.8043
k3059,0.2646,0.0,146.9022
k3286,0.2646,0.0,132.1968
k784,0.2061,0.0,302.0141
k4123,0.2895,0.0,95.0053
k3734,0.2895,0.0,109.7235
k6294,0.2895,0.0,160.3824
k3646,0.2341,99.0,237.1708
k5664,0.3931,0.0,97.2947
k3579,0.3931,0.0,183.0874
k4855,0.356,0.0,115.088
k4041,0.356,0.0,0.0
k2558,0.1191,0.0,477.4018
k2995,0.2091,0.0,159.5306
k7265,0.2091,0.0,160.0578
k2302,0.2091,0.0,355.4128
k1431,0.2091,0.0,88.6242
k765,0.2091,0.0,308.6118
k4291,0.2091,0.0,528.9357
k5249,0.1795,457.0,609.3673
k3779,0.1795,0.0,224.2733
k1135,0.6825,0.0,67.4166
k5189,0.1746,0.0,783.9547
k4963,0.066,0.0,110.6345
k5329,0.066,218.0,205.1195
k2957,0.066,0.0,111.8928
k250,0.066,1094.0,210.4198
k6304,0.066,0.0,242.0331
k3505,0.0396,0.0,129.4083
k4452,0.304,1094.0,152.3327
k1722,0.304,0.0,114.9478
k1799,0.1016,0.0,0.0
k1215,0.0645,0.0,210.2439
k3796,0.0645,0.0,312.5784
k3545,0.0645,0.0,123.5658
k5717,0.0165,0.0,573.9872
k2,0.0165,0.0,505.1309
k3812,0.0165,0.0,540.389
k5259,0.0165,0.0,532.5601
k1147,0.2751,0.0,505.7836
k604,0.2751,0.0,184.6652
k6387,0.1006,0.0,70.578
k379,0.1795,0.0,66.2288
k3941,0.4224,0.0,204.1378
k3118,0.4224,0.0,306.945
k6596,0.4224,0.0,544.4897
k618,0.4224,0.0,147.3516
k1232,0.0209,0.0,94.9658
k3324,0.0854,1054.0,209.0293
k732,0.0854,0.0,288.3401
k1802,0.1319,0.0,431.196
k5515,0.4174,0.0,257.5587
k2614,0.4174,119.0,642.9483
k3407,0.4174,0.0,97.5
k4474,0.4174,0.0,61.4837
k1806,0.4174,0.0,85.2482
k42,0.4174,0.0,173.9799
k410,0.6429,0.0,274.5656
k6554,0.6429,0.0,268.8438
k4046,0.6429,0.0,105.9068
k1615,0.1124,0.0,225.7
k3986,0.0984,0.0,29.4109
k2860,0.0984,655.0,130.852
k5482,0.0984,0.0,181.2078
k3392,0.0984,0.0,299.4015
k4628,0.0179,0.0,302.0981
k6932,0.0499,0.0,168.5141
k278,0.0909,99.0,362.1995
k6969,0.0909,260.0,112.8051
k4429,0.1124,0.0,108.3444
k6392,0.1749,0.0,172.6101
k2246,0.2174,0.0,516.8426
k5064,0.2184,0.0,758.9193
k976,0.2184,139.0,52.2398
k6361,0.2184,0.0,472.5095
k4218,0.2184,0.0,171.3542
k1326,0.2184,0.0,681.3048
k717,0.3229,0.0,159.914
k1545,0.3229,0.0,108.9036
k1739,0.3229,1013.0,208.1736
k1348,0.4074,0.0,363.0158
k4545,0.4074,0.0,0.0
k2282,0.2479,218.0,240.646
k6638,0.2479,0.0,397.0028
k6127,0.2144,0.0,146.6092
k431,0.1279,0.0,157.5508
k858,0.0869,0.0,136.5147
k4701,0.2544,0.0,283.8045
k7032,-0.1201,0.0,98.0306
k3454,-0.0711,0.0,0.0
k4513,0.1069,0.0,241.0985
k2458,0.4069,0.0,143.4164
k2912,0.4069,0.0,133.8889
k4007,-0.0596,0.0,391.1279
k2465,0.0144,0.0,658.0129
k2132,0.6353,0.0,116.0043
k6603,0.6353,0.0,150.6892
k164,0.6353,0.0,235.1771
k6235,0.1198,0.0,583.2752
k7377,0.0153,0.0,183.4121
k589,0.2713,119.0,168.6313
k2896,0.2713,0.0,93.4692
k2049,0.3223,119.0,276.5416
k5334,0.5688,179.0,37.7127
k1364,0.6398,0.0,560.5644
k3975,0.6398,0.0,93.0013
k2748,0.3973,2344.0,152.8929
k5711,0.3973,0.0,283.0994
k2314,0.3973,0.0,186.8596
k5574,0.3973,0.0,129.0087
k5244,0.3783,0.0,367.9555
k3448,0.2868,0.0,169.1065
k3088,0.2793,0.0,899.2031
k6692,0.1913,0.0,342.4708
k2362,0.2873,0.0,522.6502
k5234,0.1118,0.0,109.3949
k5488,0.2988,0.0,159.8624
k4292,0.2988,0.0,229.5545
k2219,0.2988,0.0,331.7356
k1102,-0.1002,0.0,101.5012
k6473,0.0823,0.0,168.5067
k2526,0.3268,0.0,221.8203
k5767,0.3783,0.0,101.3903
k880,0.3783,0.0,112.641
k5755,0.4353,0.0,673.5002
k6140,0.4353,0.0,206.0874
k1489,0.4368,2905.0,807.5683
k2216,0.4368,0.0,230.7428
k7045,0.4718,0.0,128.0176
k676,0.4718,0.0,94.0479
k2810,0.4718,0.0,121.6553
k5305,0.4718,0.0,121.0372
k1496,0.2788,2905.0,286.0358
k2703,-0.0592,0.0,218.0694
k2726,0.0343,2905.0,879.3112
k2604,0.2253,0.0,88.6454
k5157,0.4548,0.0,359.5125
k5440,0.4548,0.0,299.1509
k3140,0.4548,0.0,709.1574
k6331,0.4548,0.0,382.0471
k4198,0.4548,0.0,101.6477
k6255,0.0218,358.0,342.5526
k1343,0.0828,0.0,91.444
k7001,0.0828,0.0,0.0
k3285,0.0703,0.0,198.5057
k5256,0.0703,0.0,199.9762
k4767,0.3253,0.0,163.6956
k7514,0.3253,0.0,82.8387
k3413,0.3253,0.0,96.0
k6922,0.0763,0.0,41.0
k4970,0.1663,0.0,294.3234
k3866,0.1698,1132.0,409.4905
k3801,0.2243,0.0,166.5751
k3856,0.0398,0.0,570.2949
k3584,0.1978,1133.0,180.5062
k64,0.1968,159.0,155.1362
k6051,0.1968,0.0,277.0884
k666,0.1708,1133.0,183.5436
k5623,0.1708,0.0,178.6967
k3889,0.1708,0.0,165.9827
k5813,0.1708,0.0,224.7093
k4096,0.1708,0.0,444.1725
k6439,0.4063,0.0,239.1511
k5119,0.4063,0.0,153.4829
k5704,0.4063,0.0,110.8896
k6853,0.4063,0.0,273.5804
k3810,0.2536,0.0,105.0952
k6789,0.1151,0.0,112.9292
k1041,0.4381,0.0,194.941
k5900,0.3681,0.0,65.5515
k4413,0.4381,0.0,0.0
k6117,0.2151,0.0,41.7612
k5561,0.1211,0.0,74.2428
k6767,0.4871,179.0,213.8697
k4668,0.4871,0.0,65.8426
k2428,0.4871,0.0,226.6787
k1448,0.4871,0.0,153.16
k2305,0.4871,0.0,445.6035
k2096,0.1296,0.0,312.4664
k627,0.5076,0.0,379.9253
k358,0.2611,0.0,435.3622
k3244,0.2611,0.0,124.5351
k1841,0.1586,0.0,332.5432
k3604,0.1586,0.0,330.4334
k2343,0.1586,0.0,274.6316
k1769,0.0901,0.0,300.0375
k7146,0.0901,0.0,114.0175
k2525,0.2526,0.0,243.1486
k5921,0.2526,0.0,251.6272
k4097,0.3306,179.0,570.0634
k3245,0.3306,0.0,117.618
k6194,0.6561,0.0,188.2817
k564,0.7766,0.0,0.0
k4893,0.3986,0.0,103.8472
k4448,0.1876,0.0,94.3941
k3443,0.1876,0.0,186.988
k424,0.1876,0.0,345.0815
k7508,0.1916,0.0,248.5005
k5665,0.1451,0.0,204.5391
k7152,0.1451,0.0,208.4059
k2522,0.1076,0.0,234.8883
k5107,0.0951,0.0,257.7023
k3756,0.7011,0.0,271.8055
k6169,0.7051,0.0,98.2344
k6724,0.7051,0.0,521.7015
k1751,0.7051,0.0,751.3809
k3631,0.1353,0.0,53.0495
k5752,0.0778,0.0,151.3151
k6722,0.0818,0.0,113.3678
k5901,0.0818,0.0,184.0679
k1030,0.0818,0.0,258.8035
k1718,0.0818,0.0,147.1343
k4933,0.0818,0.0,195.4002
k6418,0.0818,0.0,179.9472
k888,0.0608,0.0,144.0668
k2581,0.0928,0.0,165.4093
k2720,0.1563,0.0,207.2661
k722,0.2813,0.0,47.2017
k5392,0.3028,0.0,563.1239
k1758,0.4498,0.0,189.0192
k6830,0.4398,0.0,213.2416
k4414,0.5098,0.0,196.4306
k2564,0.5463,0.0,26.2774
k3003,0.5463,0.0,127.063
k4692,0.5463,0.0,214.8936
k6680,0.5463,0.0,257.7072
k2529,0.1138,0.0,264.4844
k2426,0.1138,0.0,158.749
k3219,0.1138,0.0,443.6623
k6988,0.1138,0.0,101.1237
k106,0.1138,0.0,179.2184
k1525,0.1138,0.0,256.7358
k1122,0.1138,0.0,152.5991
k3732,0.1138,0.0,154.0203
k2673,0.0528,557.0,493.6583
k3588,0.0558,0.0,219.1124
k6686,0.0753,0.0,186.3632
k5466,0.0753,0.0,181.593
k4491,0.0753,0.0,204.6277
k5804,0.4978,0.0,483.5838
k3954,0.4978,0.0,460.7
k3979,0.4978,0.0,148.0287
k7426,0.0723,0.0,128.97
k1312,0.0723,0.0,617.5032
k6266,0.2543,139.0,78.4889
k1789,0.2543,0.0,250.6297
k7264,0.2008,0.0,158.5599
k3577,0.2008,0.0,3.6056
k121,0.2003,139.0,95.3952
k1784,0.2003,0.0,425.15
k2653,0.2003,0.0,169.833
k3777,0.1033,0.0,203.141
k4938,0.1033,0.0,353.9368
k2593,0.1033,0.0,199.7261
k7454,0.1033,0.0,362.4472
k4484,0.1033,0.0,194.7569
k4126,0.1033,258.0,843.8271
k5050,0.1033,0.0,254.6566
k137,0.0513,0.0,135.0083
k778,0.0513,0.0,222.514
k4905,0.0513,0.0,306.0261
k3123,0.1023,0.0,707.356
k6933,0.9318,0.0,24.4182
k6589,0.9318,0.0,323.939
k5178,0.4683,0.0,270.6335
k1704,0.4683,0.0,113.1923
k5450,0.0188,239.0,352.2219
k1252,-0.0292,0.0,114.1326
k1629,-0.0292,1254.0,246.5507
k1374,-0.0562,596.0,157.9193
k4785,-0.0562,318.0,618.8184
k6860,-0.0562,3341.0,501.3415
k849,0.0143,3341.0,24.8697
k5195,0.1388,0.0,258.4652
k1323,0.1388,179.0,336.5416
k1589,0.1388,179.0,719.8272
k2714,0.1388,0.0,72.8097
k4304,0.0073,0.0,234.9989
k533,0.0293,0.0,89.9611
k6810,0.0293,0.0,154.8564
k2730,0.0613,179.0,111.8302
k1381,0.0613,0.0,191.387
k1513,0.0613,596.0,229.2182
k7028,0.1438,3341.0,321.1884
k3949,0.1933,596.0,246.575
k2083,0.1933,1254.0,670.4364
k5968,0.1933,0.0,191.5131
k2571,0.6053,239.0,215.9282
k1453,0.6053,339.0,281.5284
k7541,0.6053,239.0,124.917
k6697,0.6053,239.0,405.1114
k348,0.6053,0.0,0.0
k4836,0.2347,218.0,116.1658
k5095,0.2222,0.0,91.1112
k6569,0.1487,2701.0,78.7544
k6033,0.0867,2701.0,130.2459
k3056,0.1602,0.0,105.5462
k924,0.1602,0.0,224.8077
k521,0.1602,0.0,188.6915
k4430,0.1602,0.0,123.9728
k4984,0.1602,0.0,166.5803
k5406,0.1602,0.0,100.5547
k3092,0.1602,0.0,142.5219
k3652,0.1602,218.0,243.7714
k5441,0.1602,0.0,466.623
k5131,0.0592,2701.0,175.0714
k4566,0.0417,0.0,98.9002
k6046,0.0417,1272.0,286.9203
k2538,0.2442,1272.0,178.2653
k1442,0.2442,0.0,85.072
k370,0.2442,0.0,580.8324
k4952,0.1417,0.0,141.1497
k6536,0.0647,0.0,191.0059
k1733,0.0582,0.0,342.8119
k7417,0.0582,80.0,290.5155
k3095,0.2522,0.0,477.584
k4573,0.3012,0.0,62.3899
k6129,0.1847,0.0,122.084
k6735,0.1212,397.0,97.0477
k7066,0.1432,0.0,102.2314
k2113,0.3627,397.0,516.1095
k2768,0.0847,397.0,113.8859
k4023,0.2632,0.0,445.7379
k6000,0.1487,0.0,170.8954
k1146,0.1467,0.0,203.6087
k2936,0.5327,0.0,234.8601
k3619,0.5327,0.0,541.6013
k1351,0.2927,338.0,517.2316
k2808,0.2697,0.0,221.0204
k3869,0.2697,0.0,316.2278
k7208,0.2697,0.0,196.5407
k1602,0.1872,0.0,240.8137
k5164,0.3207,0.0,166.1994
k1121,0.3207,0.0,74.5185
k2470,0.3207,0.0,113.5925
k1845,0.3207,219.0,201.2523
k3987,0.3207,338.0,61.0266
k2453,0.3127,0.0,799.2723
k1641,0.3232,0.0,252.5836
k6898,0.2702,0.0,190.9097
k729,0.5112,0.0,180.1402
k1630,0.4056,0.0,79.5503
k6956,0.2011,0.0,44.7772
k6251,0.2011,0.0,75.9605
k3187,0.1871,0.0,50.5693
k1279,0.1871,0.0,88.319
k5910,0.1871,0.0,310.5672
k6728,0.3301,0.0,260.9837
k5735,0.3301,0.0,284.1127
k14,0.3301,0.0,536.28
k1042,0.2916,0.0,93.6803
k7558,0.2431,0.0,145.2446
k6456,0.2431,0.0,142.2436
k5710,0.2431,0.0,213.9071
k4580,0.1766,2504.0,368.5431
k6276,0.1766,0.0,205.8476
k3842,0.1766,0.0,138.5081
k6291,0.1766,2504.0,156.0328
k2002,0.2616,0.0,245.6242
k7038,0.2616,0.0,194.6362
k2642,0.2616,0.0,404.6891
k5181,0.2616,0.0,407.2079
k2727,0.2616,0.0,462.8998
k57,0.2616,0.0,74.8081
k1167,0.2616,0.0,146.0214
k4896,0.2326,0.0,176.3434
k2759,0.2326,0.0,87.6727
k6601,0.2326,0.0,724.0451
k7250,0.2216,0.0,342.5949
k3670,0.2216,0.0,364.6385
k2127,0.4061,0.0,186.7492
k1080,0.4061,0.0,209.0215
k183,0.4061,0.0,411.4903
k2500,0.1281,0.0,247.5611
k1899,0.1206,0.0,317.5
k7408,0.1206,0.0,360.8715
k7490,0.1206,0.0,97.8902
k4294,0.1816,0.0,100.1312
k4145,0.1816,0.0,511.2128
k1873,0.3266,0.0,356.0621
k1183,0.3266,0.0,474.0643
k2041,0.3266,0.0,317.7204
k5535,0.2556,0.0,111.6121
k2243,0.2556,358.0,64.0956
k1053,0.2556,0.0,166.5608
k6167,0.0411,0.0,102.5305
k1277,0.0311,0.0,102.011
k4316,0.0946,0.0,325.0015
k6181,0.0946,0.0,303.5642
k6694,0.0946,3358.0,698.2585
k6203,0.1806,0.0,165.4003
k6464,0.1806,0.0,109.7144
k2598,0.1806,358.0,29.9207
k1847,0.1806,595.0,256.8292
k7111,0.1236,0.0,388.9248
k4636,0.3861,238.0,106.2309
k1856,0.3861,0.0,285.0439
k144,0.3861,595.0,95.7079
k3671,0.3861,0.0,549.7811
k1099,0.3861,0.0,106.0189
k3783,0.3861,0.0,244.9908
k5736,0.3861,0.0,0.0
k6463,0.1411,874.0,329.5743
k3289,0.1411,0.0,293.6018
k2342,0.0326,7516.0,135.724
k4780,0.1526,874.0,243.0869
k5284,0.1526,139.0,200.5773
k7568,0.1526,0.0,265.557
k2318,0.1526,0.0,223.6347
k5387,0.1526,0.0,298.0038
k2838,0.1526,0.0,867.0066
k244,0.1456,0.0,77.2868
k1529,0.1201,139.0,56.8243
k4731,0.1201,0.0,90.1138
k2141,0.1201,0.0,264.5397
k6903,0.1201,0.0,199.1438
k7173,0.1201,0.0,478.3513
k7052,0.1201,139.0,205.5097
k4869,0.1201,0.0,281.285
k6618,0.0246,0.0,548.7304
k4565,0.0781,1233.0,237.4279
k2607,-0.1074,0.0,174.747
k4548,-0.1074,139.0,179.2261
k4592,-0.0404,934.0,215.6965
k2975,-0.0404,0.0,171.7942
k6309,0.3686,933.0,725.0002
k10,0.3686,874.0,85.6052
k7500,0.3686,0.0,400.7808
k1286,0.3686,934.0,245.848
k368,0.3686,0.0,144.0312
k4112,-0.0404,0.0,856.3243
k4932,-0.0404,0.0,0.0
k3599,0.5383,0.0,75.3426
k4166,0.5383,0.0,37.2726
k3581,0.1883,0.0,151.8634
k7077,0.1883,0.0,222.7128
k3926,0.2213,0.0,138.0906
k1213,0.2213,0.0,159.9445
k5661,0.2213,0.0,173.3818
k6681,0.2213,0.0,179.8249
k2705,0.5258,0.0,164.0922
k4976,0.5258,0.0,176.6593
k347,0.5258,0.0,205.1006
k3329,0.1328,0.0,485.093
k2821,0.1328,0.0,536.5541
k7272,0.1348,0.0,344.1693
k2870,0.2418,0.0,247.2655
k2769,0.3028,0.0,432.0932
k3835,0.3348,0.0,154.9911
k6786,0.3348,0.0,348.9391
k9,0.3348,0.0,239.6064
k4026,0.3348,0.0,113.3016
k2751,0.3273,0.0,118.9758
k7515,0.3273,0.0,126.5158
k2098,0.3273,0.0,332.9869
k2778,0.2868,0.0,290.8006
k3319,0.2868,0.0,160.3512
k3936,0.2198,0.0,59.3001
k2271,0.2198,0.0,57.3847
k4425,0.2198,0.0,66.191
k7341,0.1678,0.0,199.3847
k756,0.1678,0.0,232.1659
k501,0.1988,0.0,95.8853
k6878,0.1988,0.0,42.0743
k3425,0.1988,0.0,161.5936
k4737,0.1988,0.0,109.2016
k5602,0.1988,0.0,83.1039
k1952,0.4633,0.0,140.6983
k3659,0.4633,0.0,581.0491
k1868,0.2848,0.0,235.1834
k2167,0.2298,0.0,215.5284
k2358,0.2298,0.0,131.539
k260,0.2298,0.0,212.667
k4215,0.2298,0.0,265.8745
k5413,0.2298,139.0,81.2527
k7481,0.2298,0.0,59.0
k6936,0.3053,99.0,617.5275
k1145,0.3053,0.0,116.0399
k3348,0.3283,0.0,325.1538
k5803,0.3283,0.0,212.9941
k1569,0.3283,0.0,238.0137
k3876,0.3283,0.0,818.4737
k3108,0.2053,398.0,78.2336
k960,0.2053,0.0,110.2905
k6263,0.2638,398.0,102.06
k7156,0.2638,0.0,320.8746
k1182,0.2638,0.0,171.0117
k2087,0.2638,0.0,631.4826
k3195,0.2813,0.0,77.1962
k4374,0.2813,0.0,86.5231
k3073,0.2813,0.0,108.2647
k4884,0.1643,0.0,120.6172
k5861,0.2823,0.0,150.0008
k2767,0.2823,0.0,269.5019
k5306,0.2823,0.0,181.5991
k1198,0.2823,0.0,129.001
k7523,0.2823,0.0,663.8895
k1975,0.1718,0.0,102.5987
k4679,0.1718,0.0,149.2716
k2385,0.3408,0.0,332.0636
k5824,0.3408,0.0,527.2732
k5693,0.3408,0.0,575.9106
k2212,0.3408,0.0,69.0
k2050,0.3408,0.0,661.159
k6146,0.3358,0.0,231.8361
k4617,0.3358,0.0,113.2751
k6851,0.3358,0.0,49.7318
k1857,0.2118,0.0,91.0179
k5536,0.2033,0.0,107.0187
k7281,0.2033,0.0,564.0869
k1993,0.0558,219.0,67.6018
k5604,0.0558,0.0,135.9458
k5294,0.1413,0.0,259.5019
k4108,0.1418,0.0,196.6628
k145,0.1418,0.0,545.8177
k23,0.4663,219.0,69.1809
k5513,0.4663,0.0,77.4145
k5954,0.0734,199.0,60.2536
k6137,0.1289,0.0,105.0774
k1420,0.1289,0.0,104.6482
k2442,0.1834,0.0,54.2794
k7083,0.3684,0.0,74.9283
k6119,0.2284,0.0,141.508
k931,0.2284,0.0,316.0775
k3660,0.2284,0.0,213.5632
k1196,0.2284,0.0,130.5038
k4140,0.2284,0.0,731.7585
k3508,0.2469,0.0,85.5132
k5636,0.2469,0.0,109.2245
k1586,0.2469,0.0,71.1214
k5593,0.2469,0.0,167.9658
k1132,0.2469,0.0,289.7904
k7365,0.2719,0.0,212.6511
k4287,0.2119,0.0,151.0406
k690,0.1379,0.0,153.6522
k2040,0.1139,0.0,104.6482
k546,0.2504,0.0,444.0405
k1889,0.2504,0.0,49.6236
k1054,0.2504,0.0,171.1432
k3252,0.2504,0.0,399.4277
k7360,0.2504,0.0,73.6495
k6504,0.2504,0.0,322.6399
k1320,0.2504,0.0,816.383
k6887,0.2699,0.0,438.3107
k4107,0.2699,0.0,373.9923
k1218,0.3394,0.0,87.6584
k574,0.3359,0.0,132.5943
k2670,0.3554,0.0,77.9888
k2760,0.3554,0.0,79.0348
k6447,0.3554,0.0,65.8426
k350,0.3329,0.0,313.8889
k5638,0.2719,0.0,195.6253
k5730,0.2254,258.0,712.2419
k3513,0.2254,0.0,135.8538
k1097,0.2254,0.0,85.6461
k130,0.2364,0.0,156.7713
k1234,0.2364,0.0,239.7003
k6847,0.2364,0.0,121.2023
k6561,0.2364,0.0,123.3055
k1085,0.2754,0.0,108.1504
k5192,0.2754,0.0,145.1499
k1486,0.3804,0.0,142.6482
k1981,0.3804,0.0,191.6377
k6560,0.4109,1671.0,82.1416
k823,0.4109,0.0,182.6561
k6726,0.4109,0.0,141.5221
k5553,0.4109,0.0,82.0549
k5785,0.4109,0.0,123.0254
k642,0.4109,478.0,585.5361
k153,0.4109,0.0,121.7313
k6409,0.3964,0.0,152.7416
k1737,0.3964,0.0,107.0852
k4063,0.2369,0.0,146.0548
k2189,0.2369,0.0,166.554
k5301,0.2114,0.0,50.3513
k329,0.0459,0.0,89.0688
k4845,0.0459,1032.0,73.9003
k1822,0.0109,0.0,256.8292
k7128,0.0109,0.0,1162.4398
k5944,0.0109,0.0,296.3549
k5996,-0.0366,0.0,745.229
k7492,0.0209,0.0,135.7442
k5158,0.0629,0.0,183.0027
k443,0.1074,0.0,329.9898
k671,0.1074,1032.0,1084.5796
k679,0.1494,0.0,449.273
k6814,0.1494,0.0,104.9976
k1259,0.4249,0.0,139.4211
k5725,0.4249,0.0,174.2326
k2026,0.4249,0.0,101.0792
k3052,0.1319,0.0,410.3566
k4607,0.1319,0.0,351.8096
k2260,0.1319,338.0,63.0714
k7243,0.1319,0.0,149.5535
k6758,0.1319,338.0,97.1815
k1368,0.1054,238.0,154.5979
k7595,0.1139,139.0,54.3438
k6800,0.1654,0.0,88.5903
k4839,0.2004,0.0,93.8736
k5169,0.0734,557.0,165.0916
k7391,0.0734,0.0,111.7251
k5544,0.3659,0.0,177.9396
k4851,0.3369,0.0,267.2695
k5348,0.2834,0.0,469.6408
k2979,0.2644,0.0,97.8698
k3798,0.2644,0.0,62.3699
k6608,0.3884,0.0,85.9884
k1911,0.3339,0.0,59.8018
k3170,0.5452,0.0,81.5
k306,0.5452,0.0,85.0323
k528,0.2797,0.0,213.1789
k3359,0.2797,0.0,264.3274
k3150,0.1467,0.0,109.0562
k640,0.1682,1473.0,99.3227
k2933,0.1682,1473.0,101.7104
k5105,0.2292,1473.0,51.0
k1794,0.0642,0.0,221.299
k4877,0.0642,0.0,97.582
k5432,0.2142,0.0,163.0192
k277,0.2142,0.0,466.7574
k7138,0.2142,0.0,281.5004
k5948,0.2297,0.0,289.0069
k4322,0.2297,0.0,273.5658
k543,0.4182,0.0,761.4494
k3742,0.0437,0.0,95.8188
k5428,0.0437,0.0,248.5407
k7324,0.0437,0.0,113.8914
k3232,0.5202,0.0,348.023
k2666,0.5202,0.0,317.2389
k885,0.5202,0.0,122.2804
k1219,0.3002,0.0,130.8625
k5864,0.3002,0.0,62.566
k1796,0.3002,0.0,232.9211
k6070,0.2242,0.0,137.5082
k5221,0.5062,0.0,133.3304
k1891,0.5592,0.0,117.3382
k40,0.5592,0.0,141.2029
k2837,0.5592,0.0,149.5209
k791,0.5227,0.0,180.1555
k696,0.5227,0.0,70.2887
k26,0.5227,0.0,223.538
k7561,0.5227,0.0,297.2226
k4343,0.0772,0.0,131.5038
k4230,0.0927,0.0,115.5011
k2164,0.1077,0.0,60.2993
k3069,0.1077,0.0,111.1362
k6262,0.1077,0.0,300.0067
k3673,0.1077,0.0,113.5892
k5960,0.1077,0.0,826.2808
k2935,0.1937,0.0,78.6591
k6015,0.1937,0.0,132.9003
k4916,0.0052,0.0,84.5
k4870,0.1132,0.0,149.1518
k4604,0.4327,0.0,157.8837
k2719,0.4327,0.0,132.0237
k299,0.4327,0.0,466.7917
k280,0.4327,0.0,115.0532
k7538,0.4327,0.0,133.2151
k4543,0.1167,0.0,144.4896
k5935,0.2232,0.0,229.0922
k492,0.2232,0.0,236.1086
k6576,0.2067,0.0,77.1622
k2951,0.3302,0.0,165.7264
k6776,0.3302,0.0,175.6082
k6974,0.3302,0.0,73.0616
k7118,0.3302,0.0,75.0417
k6360,0.3017,0.0,77.6466
k5206,0.3717,0.0,590.7929
k231,0.1627,0.0,84.0119
k7141,0.3817,0.0,65.9109
k4960,0.2002,0.0,66.7271
k2577,0.2002,0.0,150.1541
k7312,0.2002,0.0,115.5043
k1268,0.1912,0.0,318.202
k3950,0.1797,318.0,164.351
k5747,0.0242,0.0,181.5275
k4089,0.0222,318.0,183.2
k5551,0.0222,0.0,268.2
k5990,0.0222,0.0,127.0118
k3063,0.0222,0.0,215.7835
k3237,0.1972,0.0,134.0457
k4613,0.1972,0.0,488.8377
k1742,0.5007,0.0,146.1925
k6299,0.5007,0.0,170.6436
k7444,0.4082,0.0,145.1516
k4844,0.4082,0.0,141.3833
k3322,0.2288,139.0,112.0279
k5254,0.2288,0.0,167.5067
k6646,0.2288,0.0,381.5642
k2473,0.2288,0.0,527.5332
k2744,0.1748,0.0,305.3543
k1861,0.1063,0.0,212.9607
k7003,0.1063,0.0,252.24
k6895,0.1063,0.0,75.0417
k6185,0.0663,0.0,630.89
k6537,0.0663,0.0,605.3173
k7544,0.0838,0.0,280.8247
k3574,0.0918,0.0,283.004
k4852,0.0918,80.0,122.4949
k4779,0.0918,0.0,457.5423
k6380,0.1568,0.0,188.7147
k5029,0.1568,0.0,286.8179
k7573,0.1568,516.0,153.5586
k1245,0.1568,0.0,132.0038
k7446,0.1568,516.0,461.2055
k4897,0.1568,0.0,110.2554
k6740,0.0748,0.0,329.0547
k3423,0.0583,0.0,564.4026
k4464,0.0258,0.0,268.0914
k1831,0.0258,0.0,158.7766
k1282,0.0708,80.0,175.1828
k2868,0.0708,0.0,495.0
k1227,0.0708,2305.0,186.6313
k3722,0.0708,0.0,723.1322
k2818,0.1043,0.0,261.1915
k2842,0.1533,0.0,334.6211
k1846,0.1533,139.0,106.5
k6031,0.1533,0.0,423.8331
k6076,0.1533,0.0,73.077
k4532,0.1008,0.0,307.6967
k4544,0.1448,0.0,233.0193
k3418,0.1448,0.0,527.8582
k4969,0.3343,0.0,294.0718
k2867,0.3343,0.0,666.9754
k1263,0.1478,0.0,262.7936
k5857,0.1478,199.0,115.5692
k7149,0.1478,0.0,632.7598
k4415,0.1643,0.0,575.0443
k5684,0.1643,0.0,667.1469
k6446,0.1758,0.0,645.3836
k337,0.1838,0.0,216.0208
k1772,0.1838,0.0,378.0212
k500,0.1838,139.0,110.1022
k6273,0.1838,0.0,471.9476
k5237,0.2678,0.0,135.1268
k3766,0.2678,0.0,359.834
k4972,0.2678,0.0,478.6047
k3863,0.1963,0.0,244.4013
k1962,0.1963,0.0,206.5387
k3929,0.1963,2407.0,432.6777
k5800,0.1658,0.0,205.7942
k4386,0.1658,0.0,281.064
k3045,0.1658,2407.0,469.6799
k535,0.1103,0.0,96.2549
k4019,0.1733,537.0,214.8354
k7150,0.1733,457.0,239.4598
k1601,0.1733,0.0,201.6792
k7234,0.1733,457.0,212.9413
k2213,0.1588,0.0,311.0904
k2852,0.1588,0.0,453.1724
k4362,0.1588,0.0,731.8021
k1516,0.2133,0.0,521.9226
k6325,0.2133,0.0,533.0553
k2662,0.2133,0.0,357.5052
k536,0.2133,0.0,258.7441
k1726,0.2133,0.0,268.5168
k1300,0.2133,0.0,130.9399
k4344,0.3583,0.0,301.059
k5807,0.1288,0.0,275.055
k1461,0.1628,0.0,207.5054
k2835,0.1708,139.0,283.4365
k3384,0.1708,0.0,222.2707
k674,0.1708,0.0,283.511
k4510,0.1708,0.0,263.5384
k269,0.1708,0.0,225.347
k3464,0.1708,159.0,99.6519
k4788,0.1708,0.0,684.4043
k5014,0.1033,0.0,256.9012
k4773,0.1033,0.0,206.0607
k2687,0.1033,0.0,209.6527
k702,0.1188,0.0,653.6704
k745,0.1188,0.0,235.0899
k7589,0.1308,0.0,1414.8835
k4106,0.1308,0.0,470.8514
k2656,0.1308,0.0,228.1074
k4834,0.1308,0.0,345.1753
k6888,0.1308,0.0,773.5273
k6477,0.1987,318.0,61.5995
k1703,0.2212,0.0,138.7552
k5575,0.2297,318.0,81.8551
k2444,0.2297,0.0,197.2777
k4159,0.2297,0.0,77.7978
k1294,0.2297,99.0,101.9804
k6815,0.2297,0.0,162.2999
k3750,0.2297,0.0,1385.84
k1258,0.2262,0.0,226.7355
k636,0.1047,0.0,279.0448
k1275,0.1047,0.0,403.9715
k3396,0.0957,0.0,692.9203
k2532,0.1982,0.0,347.013
k2123,0.1982,0.0,377.0003
k2856,0.1837,0.0,667.9558
k1979,0.1837,0.0,212.0312
k6828,0.1737,0.0,157.0072
k4047,0.1737,0.0,184.1854
k488,0.1327,0.0,334.5688
k235,0.1757,0.0,302.7974
k913,0.1757,0.0,274.0164
k2606,0.1757,0.0,547.9891
k264,0.1757,0.0,248.8664
k2570,0.1757,0.0,208.515
k5751,0.1757,0.0,469.5551
k4345,0.1757,715.0,287.9084
k6479,0.1167,715.0,156.205
k4993,0.1927,0.0,58.2409
k3338,0.1927,238.0,26.4764
k4336,0.1927,0.0,409.3803
k4562,0.1307,0.0,286.5925
k3311,0.1307,0.0,716.2096
k1900,0.0927,0.0,200.1599
k3789,0.1052,0.0,385.643
k509,0.1052,139.0,248.0247
k4911,0.1052,0.0,291.7795
k3166,0.1052,0.0,180.6557
k4914,0.1462,0.0,244.525
k4387,0.1462,0.0,319.0251
k2395,0.1462,0.0,684.5928
k3203,0.3507,0.0,139.6657
k3070,0.3507,0.0,216.5369
k5344,0.3507,0.0,374.5013
k7509,0.3507,0.0,598.7088
k6833,0.1387,0.0,298.7829
k1144,0.1497,0.0,362.5055
k3913,0.2257,0.0,365.3505
k1595,0.2257,298.0,638.0384
k4516,0.2257,0.0,195.1442
k93,0.2257,0.0,184.34
k1617,0.2257,0.0,352.0131
k462,0.2477,0.0,490.4921
k5477,0.2487,0.0,91.5382
k1872,0.2487,0.0,285.5438
k783,0.2487,0.0,331.5931
k5892,0.3797,0.0,80.6381
k4395,0.3797,0.0,263.593
k1092,0.3797,0.0,261.5937
k3216,0.1617,139.0,88.7384
k762,0.1617,0.0,445.445
k2854,0.1372,0.0,111.4955
k339,0.2327,0.0,478.5846
k837,0.3802,0.0,243.1008
k982,0.3802,0.0,716.9275
k4402,0.3802,0.0,89.6939
k2728,0.3802,0.0,251.6987
k7606,0.3802,0.0,228.1283
k6202,0.2822,0.0,363.6114
k7078,0.2822,0.0,197.1605
k2992,0.2822,0.0,120.7487
k6550,0.2822,0.0,214.6491
k7204,0.3162,0.0,172.0029
k1550,0.3162,0.0,322.9478
k5528,0.3162,298.0,185.4036
k4109,0.3162,318.0,157.5008
k5175,0.3162,298.0,161.0256
k2634,0.3162,457.0,277.6626
k713,0.3162,318.0,179.0566
k4704,0.3162,0.0,256.1528
k4365,0.2302,0.0,1013.6105
k3823,0.0837,0.0,191.5529
k5986,0.0837,0.0,201.3982
k1810,0.2052,0.0,498.9439
k4095,0.2047,0.0,521.5093
k4307,0.2047,0.0,47.8539
k5185,0.1072,0.0,85.3302
k2370,0.1412,0.0,220.3838
k7386,0.1412,0.0,194.0928
k3231,0.1542,0.0,410.8637
k7349,0.2357,0.0,283.5004
k974,0.2357,0.0,290.7275
k4563,0.2357,0.0,487.0547
k7095,0.3097,0.0,472.0095
k7605,0.2002,0.0,432.5627
k969,0.2002,0.0,68.0625
k2900,0.2002,0.0,83.9434
k5934,0.1727,0.0,51.7929
k909,0.0742,139.0,103.2727
k207,0.1107,0.0,412.5109
k6581,0.1107,0.0,382.0641
k7582,0.1107,0.0,707.5373
k5098,0.2302,0.0,61.4919
k6714,0.2407,80.0,108.4078
k5039,0.2407,0.0,106.6501
k6215,0.2482,0.0,261.521
k7157,0.2482,0.0,500.2559
k5416,0.2482,1412.0,237.4279
k3434,0.2482,0.0,846.4765
k4357,0.2037,1490.0,290.5275
k6586,0.2572,0.0,303.1192
k4641,0.2692,12364.0,207.7703
k7092,0.4197,2583.0,109.7474
k2888,0.4197,716.0,107.3837
k4079,0.3817,358.0,21.8289
k5764,0.3417,100.0,153.2359
k6444,0.3152,358.0,301.6061
k3691,0.3152,15964.0,567.5731
k160,0.3152,9382.0,73.6359
k5498,0.2227,12364.0,53.6004
k6261,0.2227,1490.0,151.758
k4252,0.2227,10396.0,312.6024
k1214,0.2227,695.0,151.1861
k799,0.2227,2087.0,518.0
k84,0.2227,10396.0,138.3266
k7176,0.2227,1490.0,141.9472
k3992,0.1792,2583.0,83.4341
k1060,0.1792,2385.0,240.1838
k1816,0.1792,1490.0,66.7308
k5470,0.1792,10396.0,359.835
k6959,0.1792,695.0,389.3922
k3748,0.1792,12364.0,265.4628
k6160,0.1792,358.0,281.1485
k7104,0.1792,298.0,366.2871
k4955,0.2092,10396.0,126.7764
k4470,0.2092,12364.0,96.2549
k2390,0.2182,2583.0,136.0588
k6571,0.2182,4195.0,208.9049
k2005,0.1557,0.0,430.0291
k7228,0.2137,0.0,125.049
k6622,0.2137,716.0,105.5047
k2332,0.2842,0.0,128.7187
k86,0.2842,716.0,222.3241
k31,0.2842,0.0,226.6787
k401,0.2842,0.0,468.3418
k3041,0.3857,100.0,152.942
k3834,0.3857,9382.0,710.5508
k7050,0.3857,0.0,432.3439
k1776,0.1522,358.0,332.0636
k6378,0.1522,15964.0,282.6278
k3100,0.1522,358.0,1146.5217
k531,0.1522,4195.0,258.6397
k3572,0.1172,2583.0,149.9108
k4367,0.1172,0.0,161.6052
k221,0.1172,4195.0,150.812
k6067,0.2587,12364.0,407.6622
k2295,0.2587,0.0,196.7772
k2462,0.2587,358.0,204.6326
k1231,0.2587,1490.0,231.338
k3178,0.2587,358.0,425.9404
k3555,0.3212,2087.0,203.1711
k1081,0.3212,695.0,389.1484
k6928,0.2407,0.0,309.1314
k2336,0.2407,0.0,296.9621
k3687,0.2407,0.0,112.5544
k5759,0.2407,99.0,136.0588
k1588,0.2407,0.0,119.2109
k6272,0.2407,0.0,113.0
k5052,0.2407,0.0,125.6831
k5485,0.1497,0.0,1164.1789
k2700,0.1497,0.0,1611.1568
k6063,0.2122,0.0,94.3107
k4231,0.2122,0.0,241.1001
k3265,0.2122,0.0,139.6755
k3603,0.2122,0.0,378.5476
k2783,0.2497,0.0,220.096
k6101,0.2497,0.0,243.8955
k1839,0.2497,0.0,252.5124
k2574,0.2497,0.0,275.5367
k2325,0.2497,0.0,493.0096
k764,0.2497,0.0,319.8066
k5163,0.2232,139.0,100.7795
k7510,0.2402,0.0,421.0205
k5308,0.1202,0.0,285.0952
k6950,0.1531,0.0,347.5921
k6123,0.1531,0.0,358.2335
k4030,0.1286,0.0,122.2957
k1478,0.1771,0.0,249.7649
k5414,0.1771,0.0,393.2951
k7015,0.1771,0.0,234.5021
k5882,0.1771,0.0,262.0386
k1404,0.1771,0.0,522.6399
k3161,0.0781,0.0,178.6008
k3438,0.0781,0.0,214.2924
k4242,0.1456,139.0,70.8467
k5151,0.1456,0.0,413.7904
k2928,0.1456,577.0,312.7747
k3516,0.1456,418.0,722.4586
k4595,0.1271,536.0,81.6241
k4476,0.2636,0.0,367.7479
k2834,0.2636,0.0,226.1996
k315,0.2636,0.0,580.4655
k2397,0.2636,0.0,194.0103
k7136,0.2636,0.0,263.9934
k3099,0.2636,0.0,518.001
k7536,0.2636,3418.0,467.285
k3809,0.3266,854.0,290.4587
k6845,0.2171,854.0,1015.529
k4904,0.1036,0.0,173.5115
k4130,0.1036,776.0,166.2415
k4311,0.0661,0.0,250.5718
k721,0.0661,776.0,169.0562
k5085,0.0661,0.0,200.9384
k2140,0.0471,776.0,168.3278
k3158,0.0471,3418.0,132.2422
k6155,0.1086,776.0,387.0827
k2128,0.1086,0.0,96.3016
k5012,0.1086,0.0,203.6774
k1689,0.1086,536.0,96.9239
k2206,0.2401,577.0,76.5914
k3768,0.2226,418.0,490.4498
k3125,0.2226,139.0,249.7048
k7004,0.2226,577.0,826.8933
k5229,0.1986,80.0,123.3015
k5959,0.1986,0.0,501.6435
k3314,0.2606,0.0,429.9006
k6358,0.2606,0.0,258.031
k3146,0.2606,0.0,295.8382
k1890,0.2606,0.0,204.1354
k6402,0.2606,0.0,361.1122
k3923,0.2606,0.0,557.7027
k4832,0.6081,0.0,235.5021
k5134,0.6081,0.0,427.0354
k3176,0.6081,0.0,602.8474
k2561,0.6081,0.0,315.3811
k622,0.6081,0.0,58.0775
k407,0.6081,0.0,302.6434
k6676,0.1611,0.0,186.8081
k5183,0.1611,0.0,270.8884
k7166,0.1856,298.0,180.0694
k2512,0.1856,159.0,248.0247
k4368,0.1856,0.0,50.5668
k345,0.1786,0.0,300.3502
k7335,0.1786,0.0,268.0532
k555,0.0971,0.0,157.8171
k6941,0.0971,0.0,571.5411
k4356,0.0761,0.0,289.5971
k6931,0.0761,0.0,452.1338
k2424,0.0761,0.0,94.5119
k6899,0.0701,0.0,750.9695
k1715,0.1356,557.0,129.5936
k7289,0.1356,0.0,521.5041
k1686,0.1471,0.0,250.9223
k3499,0.1026,0.0,1203.323
k4745,0.1026,0.0,1477.6002
k1378,0.1026,0.0,642.8188
k4268,0.1026,557.0,122.8993
k4080,0.1271,0.0,69.1809
k6565,0.1271,0.0,246.0046
k6604,0.1271,0.0,311.9635
k4661,0.1276,99.0,386.2464
k2371,0.1461,0.0,161.6052
k513,0.1861,0.0,125.3994
k2777,0.1861,0.0,181.4456
k4715,0.2996,0.0,264.3449
k5947,0.2996,0.0,297.0829
k1446,0.2996,0.0,337.9279
k7193,0.1316,139.0,113.7036
k1353,0.1316,0.0,355.9277
k6073,0.2531,0.0,327.5462
k7076,0.2531,0.0,648.0031
k435,0.2531,0.0,243.6155
k4440,0.2531,0.0,389.2518
k2690,0.2531,318.0,128.0352
k5091,0.2531,0.0,124.2266
k247,0.2531,318.0,651.553
k2885,0.2091,0.0,206.5387
k1527,0.0971,0.0,194.2807
k6237,0.0971,239.0,310.8641
k7339,0.0971,0.0,468.3855
k1788,0.2486,0.0,736.2404
k6032,0.13,0.0,151.5008
k2746,0.233,0.0,353.2212
k131,0.2395,0.0,525.5269
k6598,0.2395,0.0,137.0912
k4443,0.3095,0.0,184.674
k5253,0.3455,0.0,42.45
k5319,0.3455,0.0,295.4336
k2299,0.3455,0.0,605.2382
k2333,0.079,0.0,364.1473
k5481,0.0885,0.0,199.5157
k6712,0.0885,0.0,220.348
k4959,0.2125,0.0,118.5169
k47,0.351,99.0,148.5673
k5472,0.351,0.0,49.9124
k1497,0.351,0.0,155.5201
k567,0.351,0.0,162.9969
k7498,0.115,0.0,297.9853
k2556,0.115,0.0,350.6426
k4821,0.115,0.0,215.2539
k2368,0.115,0.0,675.6754
k3506,0.289,0.0,232.0005
k6289,0.289,0.0,1202.4376
k2991,0.289,0.0,155.3552
k4817,0.289,0.0,555.502
k5455,0.289,0.0,621.9518
k652,0.289,0.0,100.2622
k6480,0.1345,0.0,548.6164
k596,0.1345,0.0,211.5668
k3760,0.1345,0.0,367.3027
k382,0.122,0.0,71.0721
k3735,0.122,0.0,70.8025
k4398,0.1805,0.0,260.4309
k3704,0.1915,0.0,234.8154
k3703,0.258,0.0,317.0319
k3664,0.258,0.0,319.0611
k1929,0.258,0.0,1452.9874
k5676,0.33,0.0,165.364
k7574,0.128,0.0,353.6909
k3900,0.128,0.0,290.0349
k2985,0.1525,0.0,217.6264
k366,0.1525,99.0,392.9125
k1671,0.1525,0.0,431.6321
k7182,0.2395,0.0,223.7376
k5010,0.2395,0.0,201.9462
k2927,0.2635,0.0,602.8766
k1034,0.328,0.0,1548.5591
k1456,0.328,0.0,1219.8796
k6469,0.328,0.0,397.7125
k2882,0.328,0.0,425.9627
k6499,0.1625,0.0,167.4701
k3186,0.1625,0.0,102.3035
k4511,0.348,4075.0,72.7805
k1337,0.348,0.0,80.0391
k720,0.348,0.0,85.4239
k7119,0.348,0.0,126.5356
k4740,0.0765,0.0,239.0188
k2605,0.0765,0.0,103.0206
k3198,0.0915,0.0,76.7235
k629,0.0915,0.0,196.2301
k781,0.0915,4314.0,276.0072
k4922,0.0915,4075.0,81.6777
k3439,0.0915,0.0,237.8424
k6407,0.0915,4314.0,226.1791
k1970,0.0915,0.0,85.92
k1850,0.0915,4075.0,72.6722
k2859,0.1205,0.0,116.5386
k7449,0.159,0.0,204.6851
k481,0.4325,4075.0,469.517
k6519,0.0875,0.0,523.0153
k1882,0.07,0.0,206.6023
k4550,0.07,0.0,701.5429
k6630,0.325,0.0,158.0198
k1096,0.325,0.0,283.4365
k6651,0.325,0.0,500.2512
k2286,0.325,0.0,102.6365
k1888,0.325,0.0,239.5005
k5597,0.233,0.0,226.1084
k0,0.1175,0.0,1505.7161
k3666,0.1175,0.0,714.9133
k4930,0.2,417.0,91.3154
k2423,0.2,0.0,200.2255
k5184,0.2,417.0,206.2092
k6889,0.2,0.0,261.959
k6640,0.2,0.0,259.1419
k1101,0.2,278.0,59.7097
k995,0.2,0.0,173.518
k6727,0.246,278.0,162.0031
k4050,0.3735,0.0,258.2344
k3085,0.4,199.0,68.0827
k525,0.4,0.0,169.105
k2849,0.4725,0.0,622.761
k6366,0.4915,4093.0,1175.1123
k3452,0.4915,0.0,609.0993
k4907,0.4915,0.0,617.8327
k4090,0.143,4093.0,632.7152
k2582,0.1875,0.0,294.3098
k896,0.1875,0.0,169.4299
k4475,0.1875,0.0,423.1229
k4246,0.1875,0.0,241.6014
k5903,0.1875,0.0,388.057
k1593,0.191,0.0,163.0598
k5534,0.191,278.0,253.0005
k1194,0.191,139.0,399.02
k7315,0.193,278.0,101.8847
k4689,0.2265,0.0,464.9172
k3728,0.2265,0.0,424.8088
k794,0.5105,4093.0,700.6943
k3983,0.5105,179.0,166.1475
k7596,0.5105,0.0,494.7123
k4498,0.2377,0.0,58.5918
k4571,0.1492,0.0,112.9436
k4648,0.1477,0.0,182.6342
k6324,0.1477,0.0,148.6893
k6663,0.1477,0.0,510.0189
k6478,0.1477,0.0,224.821
k5108,0.1477,0.0,240.7514
k6785,0.1477,0.0,212.1633
k2524,0.1477,0.0,702.8999
k2904,0.1477,0.0,187.131
k1675,0.1772,0.0,95.1315
k5715,0.2672,0.0,312.9077
k7338,0.2672,0.0,184.3909
k3814,0.2672,0.0,291.3319
k5690,0.2672,0.0,193.2938
k6848,0.3547,0.0,596.4229
k1693,0.0942,0.0,179.7255
k4997,0.1252,0.0,169.0118
k5474,0.1572,0.0,121.3342
k2063,0.1572,0.0,1151.7053
k5186,0.1572,0.0,91.325
k1965,0.1572,119.0,285.4689
k4418,0.1572,0.0,394.8576
k2478,0.0122,179.0,50.1124
k3851,0.0122,0.0,130.5996
k3472,0.0122,0.0,149.541
k2364,0.0122,0.0,170.0066
k5427,0.0122,0.0,128.0722
k1388,0.0122,0.0,631.6051
k4444,0.2507,0.0,85.5862
k3749,0.2507,0.0,155.0395
k2792,0.2507,0.0,371.1526
k3194,0.2507,0.0,586.853
k3340,0.2507,0.0,175.5007
k5109,0.2507,0.0,293.5273
k1407,0.2507,0.0,428.2444
k5212,0.2507,0.0,195.0641
k2133,-0.0603,0.0,279.004
k2825,-0.0603,0.0,48.0234
k3643,-0.0603,557.0,68.4124
k870,-0.1053,0.0,750.3016
k4366,-0.0788,0.0,0.0
k3785,0.0882,0.0,168.6453
k91,0.0882,199.0,143.1477
k3639,0.0882,0.0,91.0179
k4346,0.1632,0.0,185.7344
k608,0.2387,0.0,164.8674
k6393,0.2387,179.0,76.7756
k5003,0.2387,0.0,282.1099
k5821,0.2387,0.0,654.4435
k1813,-0.0453,0.0,225.2293
k2552,-0.0453,0.0,240.6502
k3106,0.3397,0.0,70.7425
k827,0.1847,0.0,125.7716
k4383,0.1847,0.0,566.62
k2596,0.4172,973.0,201.3237
k2382,0.2352,278.0,401.4038
k2379,0.1587,973.0,51.0906
k1367,0.1587,0.0,154.0146
k6491,0.1587,0.0,90.5677
k6737,0.1587,0.0,62.155
k7040,0.1582,0.0,87.0531
k678,0.1602,0.0,66.2873
k3089,0.2642,0.0,77.5645
k3165,0.3562,0.0,424.0203
k1460,0.3622,0.0,124.6966
k6532,0.3622,0.0,632.2992
k7302,0.3622,1212.0,65.0
k4169,0.3622,1212.0,85.2877
k3402,0.3012,0.0,258.5237
k1452,0.3012,0.0,200.8893
k3090,0.2562,0.0,521.8537
k6870,0.1277,0.0,9.1924
k6311,0.2377,0.0,154.749
k973,0.1822,0.0,107.0047
k2090,0.1822,0.0,1145.7724
k1740,0.1822,0.0,160.507
k2947,0.2152,99.0,72.8371
k12,0.2152,0.0,209.1172
k4494,0.2242,0.0,614.1974
k5337,0.2242,0.0,240.0083
k7165,0.2242,0.0,243.4938
k6857,0.2242,0.0,607.2967
k3246,0.2152,0.0,472.1525
k371,0.2118,0.0,55.0681
k4619,0.2118,0.0,112.2074
k626,0.2118,0.0,64.0703
k6846,0.2118,0.0,101.9031
k3299,0.2118,0.0,136.6062
k2623,0.2508,0.0,125.081
k2484,0.2508,0.0,295.2601
k2158,0.2508,0.0,104.6733
k6190,0.3023,598.0,343.5844
k4815,0.3023,0.0,139.5726
k3847,0.3023,0.0,188.6379
k5028,0.3438,0.0,304.4011
k5411,0.3838,2783.0,87.1436
k2386,0.3838,0.0,146.4326
k3612,0.2853,0.0,110.0284
k3901,0.2853,0.0,179.2791
k3109,0.2853,0.0,269.717
k876,0.5893,0.0,74.9283
k1399,0.3628,0.0,496.5179
k2000,0.2823,0.0,112.3221
k5137,0.2533,0.0,159.5384
k451,0.2533,357.0,403.7118
k2589,0.2533,0.0,444.6038
k4807,0.2313,0.0,109.638
k3159,0.2023,357.0,136.5586
k7117,0.2023,0.0,83.9598
k2319,0.2023,0.0,306.4841
k3367,0.2028,0.0,100.2809
k5486,0.2028,0.0,65.9242
k4328,0.2028,0.0,167.0464
k3525,0.2028,0.0,90.312
k5952,0.2428,0.0,201.2014
k5122,0.3363,0.0,612.0182
k4542,0.3363,596.0,144.2437
k2242,0.3363,0.0,217.1848
k966,0.3363,0.0,168.7602
k5156,0.3013,0.0,396.5593
k2874,0.3013,596.0,103.0776
k5495,0.3523,0.0,213.0376
k4170,0.3523,0.0,163.1962
k7416,0.3523,0.0,134.5158
k6037,0.3178,0.0,534.4083
k6707,0.2303,0.0,112.51
k7115,0.2303,0.0,150.0533
k7206,0.2018,0.0,286.6971
k767,0.3988,0.0,215.8622
k4600,0.3988,0.0,273.2513
k3996,0.3988,0.0,488.5194
k5049,0.3988,0.0,435.9014
k4274,0.6683,0.0,213.851
k6908,0.6683,0.0,298.0822
k538,0.6683,0.0,513.1335
k901,0.1898,0.0,48.5412
k4024,0.1352,0.0,286.5925
k3121,0.1352,0.0,583.9891
k588,0.1352,0.0,170.1793
k3098,0.1487,0.0,337.9778
k539,0.1487,0.0,90.7979
k6315,0.3157,914.0,135.0037
k2169,0.1782,0.0,221.5203
k4683,0.1782,914.0,242.0331
k4690,0.1782,0.0,191.3426
k5920,0.1367,357.0,371.0569
k6374,0.2337,357.0,357.6262
k2466,0.3022,0.0,114.0175
k5296,0.3022,715.0,125.069
k7031,0.3022,914.0,121.5257
k4183,0.3022,0.0,232.1557
k6999,0.3022,914.0,142.1487
k3567,0.3022,0.0,340.5719
k3428,0.3022,715.0,164.2719
k7371,0.2277,0.0,208.0727
k3284,0.2277,557.0,144.8456
k4478,0.2277,99.0,379.5161
k4031,0.2277,0.0,99.3227
k1094,0.0057,99.0,415.1015
k3897,0.0057,0.0,213.9024
k6632,0.0247,557.0,276.0783
k4894,0.2312,99.0,70.9366
k1107,0.2312,0.0,437.7811
k2369,0.3722,0.0,115.9677
k4669,0.2597,0.0,97.6281
k2400,0.0542,0.0,154.5032
k3260,0.0542,0.0,154.0422
k5126,0.0542,0.0,469.3533
k127,0.0542,0.0,317.7373
k496,0.1647,0.0,327.6236
k2218,0.1647,0.0,83.5135
k6094,0.1647,0.0,552.5333
k615,-0.0013,0.0,162.5123
k2192,-0.0508,0.0,664.3087
k6599,0.2282,934.0,345.7329
k6061,0.2542,0.0,307.6544
k2119,0.2812,5448.0,110.7892
k2618,0.3742,99.0,51.58
k4377,0.3742,0.0,232.0345
k1485,0.3742,0.0,106.8
k1014,0.3742,4452.0,133.2113
k1329,0.3742,0.0,209.2893
k360,0.3742,0.0,226.0868
k7337,0.3287,0.0,1115.7699
k7022,0.2622,7035.0,369.6789
k2279,0.2592,4452.0,141.4929
k5310,0.1042,0.0,215.0703
k899,-0.0343,7035.0,52.9741
k4629,-0.0343,4612.0,684.8215
k600,-0.0343,934.0,124.0585
k4210,-0.0083,5448.0,94.5939
k3131,0.0207,934.0,200.5
k3153,0.0207,0.0,260.1389
k4008,0.0207,0.0,198.2524
k7046,0.0852,0.0,409.0736
k5328,0.0852,0.0,371.5219
k3811,0.1057,0.0,224.0988
k4567,0.1057,0.0,299.1028
k6166,0.1057,0.0,110.9076
k5576,0.1612,4452.0,182.5027
k793,0.1612,219.0,83.3577
k240,0.1612,0.0,255.7953
k5188,0.5782,7035.0,226.4404
k2125,0.1612,0.0,98.1033
k405,0.2847,0.0,348.7614
k4350,0.2847,0.0,334.8918
k5408,0.2847,0.0,65.307
k4644,0.1572,139.0,48.9541
k3185,0.0837,0.0,88.0511
k6345,0.1202,0.0,76.0066
k3288,0.1202,934.0,198.2839
k3539,0.1637,1213.0,312.3604
k6900,0.1637,0.0,77.666
k5621,0.1637,139.0,132.2365
k1950,0.1637,0.0,57.5608
k7280,0.1637,934.0,165.4728
k3393,0.1637,0.0,447.5025
k3498,0.1637,0.0,152.7195
k4057,0.2447,0.0,587.5053
k3542,0.4267,1213.0,96.566
k5117,0.4267,0.0,639.5782
k5853,0.4267,0.0,588.3292
k5443,0.1397,0.0,148.7086
k4485,0.4577,0.0,90.1998
k5629,0.4577,0.0,169.2705
k236,0.4577,0.0,413.0399
k773,0.0342,0.0,105.5616
k5506,0.1887,0.0,82.0061
k6120,0.1672,0.0,87.5557
k4945,0.1587,0.0,270.267
k1710,0.2307,0.0,131.0086
k3405,0.5022,0.0,141.5097
k6920,0.5022,0.0,117.1687
k6106,0.5022,119.0,150.5033
k5114,0.5022,0.0,328.2777
k6919,0.1687,0.0,54.811
k4164,0.1687,6261.0,237.6941
k4194,0.1357,6261.0,89.0056
k2961,0.2647,0.0,240.5047
k3989,0.2647,0.0,145.3487
k5580,0.2647,0.0,159.3895
k7105,0.1097,0.0,239.6336
k5370,0.0692,0.0,285.6418
k5976,0.0277,0.0,657.0803
k5915,0.0447,0.0,158.9921
k1498,0.0482,0.0,231.2618
k4208,0.0482,0.0,865.3843
k4760,0.0482,0.0,141.2869
k1309,0.0482,0.0,339.5942
k394,0.0482,0.0,195.5153
k2797,0.0482,0.0,666.0903
k7127,0.0482,6261.0,209.6115
k6362,0.0482,0.0,366.4181
k4003,-0.0348,199.0,166.5751
k146,0.2587,0.0,436.3697
k1116,-0.0505,0.0,103.0437
k6820,-0.0505,0.0,231.0438
k2832,-0.029,0.0,231.6619
k1413,0.0465,0.0,550.0368
k4293,0.0465,0.0,155.6767
k1942,0.0825,99.0,59.5336
k3211,0.0825,0.0,135.356
k400,0.3065,0.0,304.0695
k4361,0.3065,0.0,457.7109
k7254,0.3065,0.0,163.7758
k5858,0.3065,0.0,213.2416
k4734,0.399,0.0,91.7674
k1173,0.368,0.0,284.029
k7175,0.2515,0.0,1073.0825
k771,0.38,0.0,114.8085
k498,0.518,0.0,100.1312
k952,0.518,0.0,71.514
k1130,0.518,0.0,148.6422
k287,0.518,0.0,223.1423
k5027,0.201,0.0,127.9932
k681,0.0775,0.0,149.3829
k4900,0.2635,457.0,92.0054
k857,0.204,457.0,130.6618
k3778,0.204,0.0,111.6613
k2535,0.204,0.0,205.7
k5839,0.1515,0.0,139.5797
k452,0.1515,0.0,163.5008
k522,0.1515,0.0,84.5931
k927,0.1515,0.0,83.0241
k3274,0.522,0.0,170.2946
k2013,0.0395,0.0,72.111
k6282,0.082,0.0,729.1812
k2262,0.082,0.0,102.3743
k61,0.082,0.0,163.6498
k3007,0.124,0.0,165.9345
k3083,0.124,0.0,68.6586
k4665,0.124,239.0,117.1068
k6082,0.124,0.0,403.5991
k1852,0.25,0.0,120.6493
k4370,0.253,0.0,49.9925
k1251,0.267,0.0,133.4625
k1350,0.278,0.0,128.2673
k7290,0.278,0.0,245.6649
k5571,0.3105,0.0,260.7436
k3144,0.3185,0.0,113.2828
k1169,0.3185,0.0,171.0629
k1287,0.3185,0.0,126.58
k4172,0.111,0.0,110.691
k7597,0.111,0.0,149.5301
k6849,-0.005,0.0,129.5039
k2047,-0.005,0.0,166.3641
k3029,-0.005,0.0,130.5153
k3304,-0.0925,0.0,142.5035
k2847,-0.1045,0.0,633.9416
k5699,-0.1045,0.0,920.311
k2886,-0.0165,0.0,122.501
k5162,-0.0165,0.0,57.2647
k4497,-0.0165,0.0,104.1693
k4016,-0.0165,0.0,431.7789
k657,0.0005,238.0,95.5628
k2775,0.0005,0.0,151.6616
k4842,0.0535,238.0,362.7124
k5672,0.0535,0.0,470.3576
k54,0.1465,0.0,322.0314
k4578,0.1465,0.0,186.0544
k4903,0.1465,0.0,75.5149
k2609,0.1465,0.0,107.622
k3162,0.1465,0.0,734.0497
k3548,0.4035,0.0,104.3132
k5275,0.4035,0.0,277.414
k693,0.4085,417.0,27.8568
k1535,0.473,0.0,69.029
k2550,0.473,417.0,165.0273
k363,0.473,0.0,1445.4747
k1774,0.473,0.0,718.3572
