Key_1_3,D246,D520,D218,D441,D475,D104,D566,D756,D470,D340,Key_2_11
k2451,0.0,0.0,0.0,0.0,0.0,0.425414932,0.0,0.0,0.0,0.0,k1150
k876,0.0,0.0,0.0,0.0,0.0,0.427833018,0.0,0.0,0.0,0.0,k3063
k2595,0.0,0.0,0.677216666,0.08,0.0833,0.823320163,0.0,0.0,0.0,0.0,k702
k2735,0.0,0.0,0.0,0.0,0.0,0.510220155,0.0,0.0,0.0833,0.0,k479
k3170,0.0,0.0,0.747199808,0.0,0.0,0.609559819,0.0,0.0,0.125,0.0833,k2511
k729,0.0,0.0,0.0,0.04,0.0,0.36373692,0.0,0.0,0.0,0.0,k2558
k1441,0.0,0.0,0.70850019,0.04,0.0833,0.487049738,0.0,0.0,0.0417,0.0,k1649
k291,0.0,0.0,0.0,0.0,0.0,0.487839203,0.0,0.0,0.0,0.0,k480
k1462,0.0,0.0,0.733227167,0.04,0.0,0.451263917,0.0,0.0,0.0417,0.0,k1330
k3139,0.0,0.0,0.732520872,0.04,0.0,0.453955754,0.0,0.0,0.0,0.0,k487
k2338,0.0,0.0,0.0,0.0,0.0,0.187939445,0.0,0.0,0.0,0.0,k359
k2885,0.0,0.0,0.779716016,0.12,0.0,0.809290635,0.0,0.0,0.0,0.0,k832
k1261,0.0,0.0,0.794101773,0.12,0.0,0.831875589,0.0,0.0,0.0,0.0,k601
k1573,0.0,0.0,0.682007476,0.04,0.0417,0.541243566,0.0,0.0,0.0833,0.0,k3273
k1899,0.0,0.0,0.0,0.0,0.0,0.797297114,0.0,0.0,0.0,0.0,k611
k1019,0.0,0.0,0.0,0.0,0.0,0.603859185,0.0,0.0,0.0,0.0,k304
k1760,0.0,0.0,0.0,0.0,0.0,0.416438232,0.0,0.0,0.0,0.0,k2875
k1248,0.0,0.0,0.0,0.0,0.0,0.800352204,0.0,0.0,0.0,0.0,k1445
k3288,0.0,0.0,0.808027772,0.0,0.0,0.839252989,0.0,0.0,0.0,0.0,k3201
k567,0.0,0.0,0.701363948,0.0,0.0417,0.442297092,0.0,0.0,0.0,0.0,k356
k2321,0.0,0.0,0.0,0.0,0.0,0.519012298,0.0,0.0,0.0833,0.0,k505
k3082,0.0,0.0,0.68602536,0.04,0.0,0.513345613,0.0,0.0,0.0833,0.0,k3272
k1415,0.0,0.0,0.0,0.0,0.0,0.512859526,0.0,0.0,0.0,0.0,k342
k2227,0.0,0.0,0.0,0.0,0.0,0.750417726,0.0,0.0,0.0,0.166666667,k3399
k1457,0.0,0.0,0.0,0.0,0.0,0.362742835,0.0,0.0,0.0,0.0,k393
k1357,0.0,0.0,0.0,0.0,0.0,0.469425023,0.0,0.0,0.0,0.166666667,k1288
k2787,0.0,0.0,0.680628202,0.08,0.0,0.826757333,0.0,0.0,0.0,0.0,k105
k123,0.0,0.0,0.717781968,0.08,0.125,0.59355138,0.0,0.0,0.0,0.166666667,k343
k987,0.0,0.0,0.814264487,0.0,0.0,0.858139058,0.0,0.0,0.0,0.0,k1775
k3254,0.0,0.0,0.0,0.0,0.0,0.150455254,0.0,0.0,0.0,0.0,k314
k1427,0.0,0.0,0.733893483,0.08,0.0,0.525715658,0.0,0.0,0.0,0.0,k2779
k1107,0.0,0.0,0.73489962,0.0,0.0,0.793304726,0.0,0.0,0.0,0.0,k2595
k831,0.0,0.0,0.0,0.0,0.0,0.811550705,0.0,0.0,0.0417,0.0,k844
k3379,0.0,0.0,0.837978665,0.0,0.0,0.538311617,0.0,0.0,0.0,0.0,k1377
k585,0.0,0.0,0.820188034,0.0,0.0,0.528383731,0.0,0.0,0.0,0.0,k2567
k3004,0.0,0.0,0.0,0.0,0.0,0.395590226,0.0,0.0,0.0,0.0,k2046
k1618,0.0,0.0,0.812465435,0.0,0.0,0.576664282,0.0,0.0,0.0417,0.0,k755
k1901,0.0,0.0,0.0,0.0,0.0,0.38850849,0.0,0.0,0.0,0.0,k710
k733,0.0,0.0,0.717775305,0.0,0.0,0.830474426,0.0,0.0,0.0417,0.0,k826
k2744,0.0,0.0,0.0,0.0,0.0,0.811202266,0.0,0.0,0.0,0.0,k1825
k2558,0.0,0.0,0.722439515,0.24,0.666666667,0.80117531,0.0,0.0,0.0,0.0,k2345
k1719,0.0,0.0,0.0,0.0,0.0,0.156670677,0.0,0.0,0.0,0.0,k2388
k3169,0.0,0.0,0.741123009,0.04,0.0,0.811416143,0.0,0.0,0.0,0.0,k2222
k1996,0.0,0.0,0.671726224,0.08,0.0,0.459754531,0.0,0.0,0.0,0.0,k1907
k2331,0.0,0.0,0.672659066,0.28,0.0,0.886793763,0.0,0.0,0.0417,0.0,k370
k450,0.0,0.0,0.70269658,0.04,0.0,0.638675611,0.0,0.0,0.0417,0.0,k938
k1497,0.0,0.0,0.0,0.0,0.0,0.501409187,0.0,0.0,0.0417,0.0,k1685
k1469,0.0,0.0,0.0,0.0,0.0,0.432016755,0.0,0.0,0.0,0.0,k251
k2655,0.0,0.0,0.732054451,0.08,0.0833,0.566055566,0.0,0.0,0.0833,0.0,k2243
k1627,0.0,0.0,0.0,0.08,0.0,0.503013426,0.0,0.0,0.0417,0.0,k1200
k2635,0.0,0.0,0.0,0.0,0.0,0.318610837,0.0,0.0,0.0,0.0,k3336
k1527,0.0,0.0952,0.793195584,0.48,0.5,0.944862084,0.0,0.153846154,0.0,1.0,k1109
k1422,0.0,0.0,0.607086934,0.24,0.0,0.257521991,0.0,0.0,0.0,0.0,k3394
k2070,0.0,0.0,0.0,0.0,0.0,0.42284778,0.0,0.0,0.0,0.0,k2830
k3182,0.0,0.0,0.767682354,0.04,0.0,0.485322048,0.0,0.0,0.0,0.0,k377
k965,0.0,0.0,0.0,0.0,0.0,0.470397196,0.0,0.0,0.0,0.0,k1222
k3,0.0,0.0,0.0,0.04,0.0,0.402560856,0.0,0.0,0.0833,0.0,k2751
k106,0.0,0.0,0.693201581,0.04,0.0,0.843695354,0.0,0.0,0.125,0.0,k566
k368,0.0,0.0,0.0,0.0,0.0,0.204893515,0.0,0.0,0.0,0.0,k994
k2973,0.0,0.0,0.0,0.0,0.0,0.809742772,0.0,0.0,0.0,0.0,k830
k2604,0.0,0.0,0.686105318,0.08,0.0,0.841475097,0.0,0.0,0.0,0.0,k1097
k1308,0.0,0.0,0.690176507,0.04,0.0,0.432933992,0.0,0.0,0.0,0.0,k1352
k1825,0.0,0.0,0.0,0.0,0.0,0.789022538,0.0,0.0,0.0,0.0,k399
k3348,0.0,0.0,0.740623272,0.0,0.0,0.44876065,0.0,0.0,0.0,0.0,k2171
k1911,0.0,0.0,0.724638357,0.08,0.0,0.430037226,0.0,0.0,0.0417,0.0,k1812
k2287,0.0,0.0,0.831748612,0.0,0.0,0.450330323,0.0,0.0,0.0,0.0,k3366
k1006,0.0,0.0,0.0,0.0,0.0,0.835711504,0.0,0.0,0.0,0.0,k840
k33,0.0,0.0,0.755875239,0.04,0.0,0.411877046,0.0,0.0,0.0,0.0,k555
k3081,0.29989968,0.0,0.0,0.0,0.0,0.871999151,0.0,0.0,0.125,0.0,k2686
k479,0.0,0.0,0.0,0.0,0.0,0.494643793,0.0,0.0,0.0417,0.0,k1380
k1460,0.0,0.0,0.0,0.0,0.0,0.795946566,0.0,0.0,0.0,0.0,k1230
k838,0.0,0.0,0.702776538,0.0,0.0,0.40185688,0.0,0.0,0.0,0.0,k3014
k2177,0.0,0.0,0.659539309,0.04,0.0,0.471023707,0.0,0.0,0.0417,0.0,k108
k2236,0.0,0.0,0.0,0.0,0.0,0.77251289,0.0,0.0,0.0,0.0,k1959
k2982,0.0,0.0,0.0,0.0,0.0,0.454066242,0.0,0.0,0.0,0.0,k3291
k2519,0.0,0.0,0.765676744,0.04,0.0,0.852548604,0.0,0.0,0.0,0.0,k1548
k3016,0.0,0.0,0.0,0.0,0.0,0.401312464,0.0,0.0,0.0,0.0,k2679
k544,0.0,0.0,0.781874879,0.12,0.0,0.544965289,0.0,0.0,0.0,0.0,k3110
k150,0.0,0.0,0.713697453,0.08,0.0,0.629743044,0.0,0.0,0.0,0.0,k2389
k2425,0.0,0.0,0.0,0.0,0.0,0.45027693,0.0,0.0,0.0,0.0,k429
k1669,0.0,0.0,0.704802138,0.0,0.0,0.819184881,0.0,0.0,0.0,0.0,k1462
k1723,0.0,0.142857143,0.875045809,0.08,0.0,0.92470787,0.0,0.153846154,0.0,0.166666667,k1952
k3316,0.0,0.0,0.0,0.0,0.0,0.501697444,0.0,0.0,0.0833,0.0,k2753
k3083,0.0,0.0,0.0,0.0,0.0,0.493933953,0.0,0.0,0.0,0.0,k1152
k905,0.0,0.0,0.674358171,0.04,0.0417,0.518953967,0.0,0.0,0.0833,0.0,k858
k856,0.0,0.0,0.674298203,0.08,0.0,0.492408722,0.0,0.0,0.0,0.0,k3017
k3015,0.0,0.0,0.722659399,0.08,0.0833,0.55344325,0.0,0.0,0.0833,0.0,k815
k1839,0.0,0.0,0.713031137,0.08,0.0833,0.770007154,0.0,0.0769,0.0,0.166666667,k1400
k145,0.0,0.0,0.730028851,0.0,0.0,0.83970204,0.0,0.0,0.0417,0.0,k3432
k2450,0.0,0.0,0.664803204,0.0,0.0,0.389426344,0.0,0.0,0.0,0.0,k808
k972,0.0,0.0,0.0,0.0,0.0,0.81359381,0.0,0.0,0.0,0.0,k1977
k2066,0.0,0.0,0.647492321,0.0,0.0,0.749644308,0.0,0.0,0.0417,0.0,k2245
k756,0.0,0.0,0.0,0.0,0.0,0.478556037,0.0,0.0,0.0,0.0,k35
k2286,0.0,0.0,0.0,0.0,0.0,0.434139485,0.0,0.0,0.0,0.0,k426
k399,0.0,0.0,0.704409011,0.0,0.0,0.81387003,0.0,0.0,0.0833,0.0,k3357
k1287,0.0,0.0,0.673491961,0.04,0.0,0.822189974,0.0,0.0,0.0,0.0,k1458
k1302,0.0,0.0,0.0,0.04,0.0,0.528396693,0.0,0.0,0.208333333,0.0,k1376
k2267,0.0,0.0,0.0,0.0,0.0,0.560619425,0.0,0.0,0.0,0.0,k2115
k3335,0.0,0.0,0.0,0.0,0.0,0.785991212,0.0,0.0,0.0,0.0,k1829
k3351,0.0,0.0,0.0,0.0,0.0,0.782607434,0.0,0.0,0.0,0.0,k2873
k1164,0.0,0.0,0.0,0.0,0.0,0.823313682,0.0,0.0,0.0,0.0,k923
k1720,0.0,0.0,0.730915051,0.04,0.0,0.467351055,0.0,0.0,0.0,0.0,k3048
k2923,0.0,0.0,0.681461097,0.0,0.0,0.567783873,0.0,0.0,0.0417,0.0,k3203
k2773,0.0,0.0,0.825958329,0.0,0.0417,0.586670868,0.0,0.0,0.0417,0.0,k785
k2864,0.0,0.0,0.0,0.0,0.0417,0.808533575,0.0,0.0,0.0417,0.0,k2181
k108,0.0,0.0,0.70191699,0.04,0.0,0.441712554,0.0,0.0,0.0,0.0,k2503
k3352,0.0,0.0,0.823732834,0.0,0.0417,0.553024135,0.0,0.0,0.0,0.0,k301
k1033,0.0,0.0952,0.830136128,0.0,0.125,0.653745518,0.0,0.0,0.0417,0.0,k2545
k2867,0.0,0.0,0.71065239,0.08,0.0,0.78593535,0.0,0.0,0.0833,0.0,k1069
k1843,0.0,0.0,0.0,0.0,0.0,0.365973842,0.0,0.0,0.0,0.0,k1645
k744,0.0,0.0,0.820534518,0.0,0.0,0.847297638,0.0,0.0,0.0,0.0,k1808
k647,0.0,0.0,0.0,0.0,0.0,0.380317552,0.0,0.0,0.0,0.0,k558
k2731,0.0,0.0,0.642288395,0.0,0.0,0.771402453,0.0,0.0,0.0417,0.0,k624
k131,0.0,0.0,0.0,0.0,0.0,0.397947821,0.0,0.0,0.0,0.0,k2024
k2486,0.0,0.0,0.0,0.0,0.0,0.420310256,0.0,0.0,0.0,0.0,k1496
k1764,0.0,0.0,0.0,0.0,0.0,0.783447515,0.0,0.0,0.0,0.0,k2819
k1493,0.0,0.0,0.65396891,0.04,0.0,0.786405079,0.0,0.0,0.0417,0.0,k2980
k1578,0.0,0.0,0.791229952,0.0,0.0,0.293453484,0.0,0.0,0.0417,0.0,k2218
k1332,0.0,0.0476,0.688943823,0.0,0.0,0.413256605,0.0,0.0,0.0,0.0,k2269
k3221,0.0,0.0,0.0,0.0,0.0,0.285050519,0.0,0.0,0.0,0.0,k2438
k913,0.0,0.0,0.0,0.0,0.0,0.80733055,0.0,0.0,0.0,0.0,k1855
k2943,0.0,0.0,0.785119837,0.04,0.0,0.277736388,0.0,0.0,0.0,0.0,k1686
k2081,0.0,0.0,0.0,0.0,0.0,0.503244895,0.0,0.0,0.0,0.0,k2353
k1075,0.0,0.0,0.747333071,0.04,0.0833,0.859359675,0.0,0.0,0.166666667,0.0,k680
k163,0.0,0.0,0.697326075,0.04,0.0,0.573898374,0.0,0.0,0.0,0.0,k2185
k2435,0.0,0.0,0.0,0.0,0.0,0.387640325,0.0,0.0,0.0,0.0,k1529
k1114,0.0,0.0,0.696213328,0.08,0.0417,0.637894787,0.0,0.0,0.0417,0.0,k1583
k612,0.0,0.142857143,0.895315134,0.16,0.0417,0.937525114,0.0,0.153846154,0.0,0.25,k1589
k3212,0.0,0.0,0.0,0.0,0.0,0.439436436,0.0,0.0,0.0,0.0,k2890
k3104,0.0,0.0,0.0,0.0,0.0,0.805093937,0.0,0.0,0.0,0.0,k3055
k1372,0.0,0.0,0.679975213,0.04,0.0,0.536876814,0.0,0.0,0.0,0.0,k3138
k666,0.0,0.0,0.627549491,0.08,0.0,0.808583264,0.0,0.0,0.0,0.0,k274
k3358,0.0,0.0,0.696686412,0.04,0.0,0.392944991,0.0,0.0,0.0,0.0,k1059
k1503,0.0,0.0,0.739990272,0.04,0.0,0.592523655,0.0,0.0769,0.0,0.0,k575
k3051,0.0,0.0,0.0,0.0,0.0,0.416736673,0.0,0.0,0.0,0.0,k1093
k3243,0.0,0.0,0.727077073,0.08,0.125,0.619755284,0.0,0.0,0.0,0.166666667,k2709
k58,0.0,0.0,0.712224895,0.0,0.0,0.568581671,0.0,0.0,0.0417,0.0,k2342
k2411,0.0,0.0,0.707320811,0.0,0.0,0.421740429,0.0,0.0,0.0,0.0,k1609
k2401,0.0,0.0,0.669294172,0.12,0.125,0.477243141,0.0,0.0,0.0417,0.0,k1234
k2526,0.0,0.0,0.771940112,0.0,0.0,0.416486686,0.0,0.0,0.0,0.0,k1061
k945,0.0,0.0,0.81794255,0.0,0.0,0.61320099,0.0,0.0,0.0,0.0,k3339
k2182,0.0,0.0,0.665882635,0.0,0.0,0.757259042,0.0,0.0,0.125,0.0,k2639
k136,0.0,0.0,0.685192465,0.04,0.0,0.505795382,0.0,0.0,0.0,0.0,k1989
k1534,0.0,0.0,0.0,0.0,0.0,0.531974596,0.0,0.0,0.0833,0.0,k2695
k13,0.0,0.0,0.695973454,0.04,0.0,0.799390834,0.0,0.0,0.0,0.0,k532
k3061,0.0,0.0,0.0,0.0,0.0,0.450528152,0.0,0.0,0.0,0.0,k1436
k2456,0.0,0.0,0.753396544,0.08,0.0417,0.456551917,0.0,0.0,0.0417,0.0,k3406
k1706,0.0,0.0,0.729289241,0.08,0.0,0.610054238,0.0,0.0,0.0417,0.0,k1452
k672,0.0,0.0,0.779396185,0.08,0.0,0.530104013,0.0,0.0,0.0,0.0,k1335
k2849,0.0,0.0,0.0,0.0,0.0,0.577323816,0.0,0.0,0.0,0.0,k1167
k3361,0.0,0.0,0.644107437,0.04,0.0,0.197427848,0.0,0.0,0.0,0.0,k2428
k532,0.0,0.0,0.658533173,0.04,0.0,0.41836375,0.0,0.0,0.125,0.0,k2933
k142,0.0,0.0,0.813344972,0.04,0.0,0.470109865,0.0,0.0,0.0417,0.0,k2141
k2825,0.0,0.0,0.822153666,0.0,0.0,0.527901657,0.0,0.0,0.0,0.0,k261
k1530,0.0,0.0,0.0,0.0,0.0,0.163743463,0.0,0.0,0.0,0.0,k831
k1946,0.0,0.0,0.7159496,0.04,0.0,0.43922225,0.0,0.0,0.0,0.0,k2812
k1699,0.0,0.0,0.831288855,0.0,0.0,0.860047294,0.0,0.0,0.0,0.0,k448
k2608,0.0,0.0,0.0,0.0,0.0,0.591684809,0.0,0.0,0.0,0.0,k1131
k2788,0.0,0.0,0.67680355,0.0,0.0,0.547376894,0.0,0.0,0.166666667,0.0,k1053
k721,0.0,0.0,0.674171603,0.04,0.0,0.839564701,0.0,0.0,0.0,0.0,k51
k444,0.0,0.0,0.0,0.0,0.0,0.817641442,0.0,0.0,0.0,0.0,k1537
k1739,0.0,0.0,0.0,0.0,0.0,0.0,0.0,0.0,0.0,0.0,k2623
k1499,0.0,0.0,0.623551596,0.0,0.0,0.397784867,0.0,0.0,0.0,0.0,k2673
k1082,0.0,0.0,0.684872634,0.04,0.0417,0.548101857,0.0,0.0,0.0833,0.0,k1184
k2207,0.0,0.0,0.0,0.0,0.0,0.563619889,0.0,0.0,0.0,0.0,k573
k287,0.0,0.0,0.59336083,0.04,0.0,0.806821626,0.0,0.0,0.0,0.0,k2869
k2622,0.0,0.0,0.0,0.0,0.0,0.526118415,0.0,0.0,0.0417,0.0,k1793
k2722,0.0,0.0,0.726157557,0.16,0.0,0.580248975,0.0,0.0,0.0,0.0,k3254
k2029,0.0,0.0,0.821780529,0.04,0.0,0.469670072,0.0,0.0,0.0,0.0,k917
k2429,0.0,0.0,0.714497032,0.0,0.0,0.82216837,0.0,0.0,0.0417,0.0,k3363
k1501,0.0,0.0,0.0,0.04,0.0,0.552381576,0.0,0.0,0.208333333,0.0,k1297
k1349,0.0,0.0,0.0,0.0,0.0,0.431621096,0.0,0.0,0.0,0.0,k3296
k88,0.0,0.0,0.0,0.0,0.0,0.500238259,0.0,0.0,0.0,0.0,k1748
k580,0.0,0.0,0.0,0.0,0.0,0.392659203,0.0,0.0,0.0,0.0,k947
k1721,0.0,0.0,0.0,0.0,0.0,0.517319174,0.0,0.0,0.0,0.0,k2562
k1336,0.0,0.0,0.0,0.0,0.0,0.788408372,0.0,0.0,0.0,0.0,k2534
k833,0.0,0.0,0.0,0.0,0.0,0.813876511,0.0,0.0,0.0,0.0,k504
k2654,0.0,0.0,0.765323596,0.04,0.0,0.424369616,0.0,0.0,0.0,0.0,k1043
k873,0.0,0.0,0.0,0.0,0.0,0.505962966,0.0,0.0,0.0,0.0,k2807
k3235,0.0,0.0,0.726470725,0.0,0.0,0.435148693,0.0,0.0,0.0,0.0,k1665
k717,0.0,0.0,0.703003085,0.0,0.0,0.415908938,0.0,0.0,0.0,0.0,k1143
k2859,0.0,0.0,0.686418486,0.12,0.0,0.860851574,0.0,0.0,0.0,0.0,k3022
k3163,0.0,0.0,0.0,0.0,0.0,0.802392532,0.0,0.0,0.0,0.0,k3016
k1932,0.0,0.0,0.0,0.0,0.0,0.403696909,0.0,0.0,0.0,0.0,k661
k8,0.0,0.0,0.0,0.0,0.0,0.491222363,0.0,0.0,0.0,0.0,k216
k761,0.0,0.0,0.0,0.0,0.0,0.586192498,0.0,0.0,0.0,0.0,k1302
k516,0.0,0.0,0.0,0.0,0.0,0.338207055,0.0,0.0,0.0,0.0,k2532
k245,0.0,0.0,0.810213288,0.0,0.0,0.850580804,0.0,0.0,0.0,0.0,k1465
k2128,0.0,0.0,0.695933475,0.0,0.0,0.215716726,0.0,0.0,0.0,0.0,k279
k84,0.0,0.0,0.0,0.0,0.0,0.454585969,0.0,0.0,0.0,0.0,k2573
k2954,0.0,0.0,0.767222596,0.12,0.0,0.425289013,0.0,0.0,0.0,0.0,k3000
k2345,0.280498192,0.0,0.0,0.0,0.0,0.798773581,0.0,0.0,0.0,0.0,k1913
k955,0.0,0.0,0.717608726,0.04,0.0,0.573195633,0.0,0.0,0.0417,0.0,k956
k3014,0.0,0.0,0.721899799,0.04,0.0,0.574455136,0.0,0.0,0.0417,0.0,k3155
k1106,0.0,0.0,0.0,0.0,0.0,0.844589444,0.0,0.0,0.0,0.0,k117
k2730,0.0,0.0,0.0,0.0,0.0,0.811709338,0.0,0.0,0.0,0.0,k3211
k1273,0.0,0.0,0.712324842,0.04,0.0,0.460333205,0.0,0.0,0.0,0.0,k1183
k1943,0.0,0.0,0.678349403,0.0,0.0,0.492515816,0.0,0.0,0.0417,0.0,k3283
k2241,0.0,0.0,0.0,0.0,0.0,0.803114717,0.0,0.0,0.0,0.0,k854
k952,0.0,0.0,0.0,0.0,0.0,0.403365753,0.0,0.0,0.0417,0.0,k2254
k3424,0.0,0.0,0.0,0.0,0.0,0.801854288,0.0,0.0,0.0,0.0,k674
k578,0.0,0.0,0.68931696,0.04,0.0,0.764432131,0.0,0.0,0.0417,0.0,k2855
k1342,0.0,0.0,0.665802677,0.0,0.0,0.451794445,0.0,0.0,0.0,0.0,k414
k198,0.0,0.0,0.708200348,0.12,0.0,0.547584599,0.0,0.0,0.0,0.0,k3345
k1304,0.0,0.0,0.0,0.0,0.0,0.584443822,0.0,0.0,0.0,0.0,k1892
k321,0.0,0.0,0.767142638,0.08,0.0,0.340268986,0.0,0.0,0.0,0.0,k303
k526,0.0,0.0,0.0,0.0,0.0,0.507396843,0.0,0.0,0.0,0.0,k1248
k694,0.0,0.0,0.801617815,0.0,0.0833,0.667809304,0.0,0.0769,0.0417,0.0,k486
k3272,0.0,0.0,0.611817776,0.16,0.0,0.244912143,0.0,0.0,0.0417,0.0,k2480
k1771,0.0,0.0476,0.680541581,0.04,0.0417,0.588256281,0.0,0.0769,0.0833,0.0,k1538
k402,0.0,0.0,0.0,0.0,0.0,0.567277726,0.0,0.0,0.0,0.0,k1078
k453,0.0,0.0,0.741835966,0.0,0.0,0.600072342,0.0,0.0,0.0417,0.0,k2919
k962,0.0,0.0,0.765983249,0.0,0.0,0.757363049,0.0,0.0,0.0,0.0,k1060
k2725,0.0,0.0,0.0,0.0,0.0,0.479043358,0.0,0.0,0.0,0.0,k1739
k2870,0.0,0.0,0.714990105,0.08,0.0,0.327606672,0.0,0.0,0.0833,0.0,k2177
k1758,0.0,0.0,0.701017464,0.0,0.0,0.224031423,0.0,0.0,0.0417,0.0,k3350
k1519,0.0,0.0,0.744687798,0.08,0.0833,0.594383127,0.0,0.0,0.0833,0.0,k2956
k39,0.0,0.0,0.711392,0.04,0.0,0.81476412,0.0,0.0,0.0,0.0,k2253
k3248,0.0,0.0,0.744248029,0.08,0.0,0.481466999,0.0,0.0,0.0,0.0,k3121
k2059,0.0,0.0,0.0,0.0,0.0,0.787860869,0.0,0.0,0.0,0.0,k291
k1124,0.0,0.0,0.0,0.0,0.0,0.385800913,0.0,0.0,0.0,0.0,k1798
k502,0.0,0.0,0.811026193,0.0,0.0,0.505407748,0.0,0.0,0.0,0.0,k1823
k1679,0.0,0.0,0.700497738,0.12,0.0,0.588232208,0.0,0.0,0.0,0.0,k2410
k473,0.0,0.0,0.0,0.0,0.0,0.324486153,0.0,0.0,0.0,0.0,k256
k2657,0.0,0.0,0.828443686,0.0,0.0,0.851827345,0.0,0.0,0.0,0.0,k2285
k695,0.0,0.0,0.669034309,0.04,0.0,0.26201065,0.0,0.0,0.0,0.0,k3389
k825,0.0,0.0,0.719614336,0.08,0.0,0.401463999,0.0,0.0,0.0,0.0,k95
k2888,0.0,0.0,0.752117218,0.04,0.0,0.408779056,0.0,0.0,0.0,0.0,k2482
k2710,0.0,0.0,0.774305532,0.04,0.0417,0.836858358,0.0,0.0,0.0,0.0,k2795
k1478,0.0,0.0,0.0,0.0,0.0,0.389070498,0.0,0.0,0.0,0.0,k2560
k47,0.0,0.0,0.745340787,0.08,0.0,0.472973916,0.0,0.0,0.0,0.0,k444
k627,0.0,0.0,0.0,0.0,0.0,0.809806658,0.0,0.0,0.0,0.0,k289
k2754,0.0,0.0476,0.685472318,0.08,0.0,0.829147025,0.0,0.0,0.0833,0.0833,k2495
k3423,0.0,0.0,0.741709366,0.04,0.0,0.459897734,0.0,0.0,0.0,0.0,k2374
k652,0.0,0.0476,0.881742282,0.04,0.0417,0.488554907,0.0,0.0769,0.125,0.0,k2913
k2880,0.0,0.0,0.751237681,0.0,0.0,0.579522778,0.0,0.0,0.0417,0.0,k457
k1883,0.0,0.0,0.766409691,0.04,0.125,0.64273065,0.0,0.0,0.0833,0.0,k795
k261,0.0,0.0,0.0,0.0,0.0417,0.563711242,0.0,0.0,0.0833,0.0,k3243
k698,0.0,0.0,0.822153666,0.0,0.0,0.53052714,0.0,0.0,0.0,0.0,k2652
k615,0.0,0.0,0.0,0.0,0.0,0.500886992,0.0,0.0,0.0,0.0,k126
k1084,0.0,0.0,0.671073235,0.0,0.0,0.259978964,0.0,0.0,0.0417,0.0,k1174
k3317,0.0,0.0,0.0,0.0,0.0,0.795899346,0.0,0.0,0.0,0.0,k1325
k769,0.0,0.0,0.0,0.0,0.0,0.809298042,0.0,0.0,0.0,0.0,k682
k2686,0.0,0.0,0.0,0.0,0.0417,0.436869592,0.0,0.0,0.0,0.0,k1821
k1876,0.0,0.0,0.0,0.0,0.0,0.465542198,0.0,0.0,0.0,0.0,k1223
k157,0.0,0.0,0.701863685,0.04,0.0417,0.461759367,0.0,0.0,0.0,0.0,k179
k2842,0.0,0.0,0.0,0.0,0.0,0.481674087,0.0,0.0,0.0,0.0,k2275
k3345,0.0,0.0,0.0,0.0,0.0,0.619541406,0.0,0.0,0.0417,0.0,k3060
k91,0.0,0.0,0.726104252,0.0,0.0,0.583354989,0.0,0.0,0.0417,0.0,k3130
k3128,0.0,0.0,0.775098448,0.12,0.0,0.363138185,0.0,0.0,0.0,0.0,k475
k2091,0.0,0.0,0.723085841,0.04,0.0,0.810585322,0.0,0.0,0.0,0.0,k585
k1233,0.0,0.0,0.0,0.0,0.0,0.530256783,0.0,0.0,0.0,0.0,k1058
k1908,0.0,0.857142857,0.788258184,0.16,0.916666667,0.930361284,1.0,1.0,0.583333333,0.666666667,k1407
k3252,0.0,0.0,0.791856289,0.0,0.0,0.421004665,0.0,0.0,0.0,0.0,k685
k2858,0.0,0.0,0.701104085,0.0,0.0,0.388997662,0.0,0.0,0.0,0.0,k1833
k3038,0.0,0.0,0.0,0.0,0.0,0.496013167,0.0,0.0,0.0,0.0,k2934
k175,0.0,0.0,0.736851925,0.04,0.0,0.798740867,0.0,0.0,0.0,0.0,k2719
k1586,0.0,0.0,0.0,0.0,0.0,0.475495391,0.0,0.0,0.0,0.0,k1834
k1928,0.0,0.0,0.66532293,0.0,0.0,0.372010261,0.0,0.0,0.0417,0.0,k2904
k3234,0.0,0.142857143,0.874106304,0.08,0.0,0.918921129,0.0,0.153846154,0.0,0.166666667,k1896
k1616,0.0,0.0,0.0,0.0,0.0,0.405491879,0.0,0.0,0.0,0.0,k3356
k374,0.0,0.0,0.715596453,0.04,0.0,0.472763741,0.0,0.0,0.0,0.0,k364
k589,0.0,0.0,0.671293119,0.04,0.0,0.419806578,0.0,0.0,0.0,0.0,k121
k2533,0.0,0.0,0.732227693,0.04,0.0,0.584186736,0.0,0.0,0.0833,0.0,k696
k2112,0.0,0.0,0.753309923,0.08,0.0,0.883315855,0.0,0.0,0.0417,0.0,k1341
k730,0.0,0.0,0.722126347,0.12,0.0,0.546584959,0.0,0.0,0.0,0.0,k687
k71,0.0,0.0,0.763757754,0.04,0.0,0.577274127,0.0,0.0,0.208333333,0.0,k2042
k3141,0.0,0.0,0.0,0.0,0.0,0.499504655,0.0,0.0,0.0,0.0,k1567
k2012,0.0,0.0,0.830555907,0.08,0.0417,0.471881688,0.0,0.0,0.0417,0.0,k2702
k1856,0.0,0.0,0.768575217,0.12,0.0,0.888759403,0.0,0.0,0.0,0.0,k792
k300,0.0,0.0,0.642534932,0.0,0.0,0.202428826,0.0,0.0,0.0417,0.0,k955
k1450,0.0,0.0,0.761918723,0.08,0.0,0.455251675,0.0,0.0,0.0417,0.0,k2549
k29,0.0,0.0,0.645953131,0.0,0.0,0.342060561,0.0,0.0,0.0,0.0,k2850
k1474,0.0,0.19047619,0.706467927,0.08,0.0,0.856230823,0.0,0.0,0.0,0.0,k2794
k3327,0.0,0.0,0.76984788,0.0,0.0,0.45307154,0.0,0.0,0.0,0.0,k2434
k72,0.0,0.0,0.0,0.0,0.0,0.806150364,0.0,0.0,0.0,0.0,k2774
k161,0.0,0.0,0.0,0.0,0.0,0.379108663,0.0,0.0,0.0,0.0,k1822
k1915,0.0,0.0,0.675457592,0.04,0.0833,0.796458577,0.0,0.0,0.0,0.0,k541
k1360,0.0,0.0,0.0,0.0,0.0,0.466279814,0.0,0.0,0.0,0.0,k1957
k309,0.0,0.0,0.698432159,0.12,0.166666667,0.835545771,0.0,0.0,0.0,0.0,k3361
k2963,0.0,0.0,0.679242266,0.0,0.0,0.428125596,0.0,0.0,0.0,0.0,k1412
k301,0.0,0.0,0.690256465,0.0,0.0,0.419159697,0.0,0.0,0.0,0.0,k641
k2131,0.0,0.0476,0.732041125,0.08,0.166666667,0.847046108,0.0,0.0,0.25,0.0833,k1500
k2687,0.0,0.0,0.0,0.0,0.0,0.403721599,0.0,0.0,0.0,0.0,k300
k2511,0.0,0.142857143,0.793848573,0.16,0.0417,0.93111927,0.0,0.153846154,0.0,0.25,k1639
k2851,0.0,0.0,0.684053065,0.08,0.0833,0.468352547,0.0,0.0,0.0417,0.0,k3245
k1230,0.0,0.0,0.0,0.0,0.0,0.12687961,0.0,0.0,0.0,0.0,k2982
k3022,0.0,0.0,0.773272743,0.12,0.0,0.885305259,0.0,0.0,0.0,0.0,k2536
k1479,0.0,0.0,0.0,0.0,0.0,0.325669117,0.0,0.0,0.0,0.0,k3153
k2947,0.0,0.0,0.0,0.0,0.0,0.782066104,0.0,0.0,0.0,0.0,k3295
k705,0.0,0.0,0.738037967,0.08,0.25,0.880223729,0.0,0.0,0.0,0.0,k2944
k2346,0.0,0.0,0.67680355,0.04,0.0,0.273477038,0.0,0.0,0.0,0.0,k235
k1247,0.0,0.0,0.0,0.0,0.0,0.48250244,0.0,0.0,0.0,0.0,k2404
k3242,0.0,0.0,0.712178253,0.04,0.0,0.469308363,0.0,0.0,0.0,0.0,k2259
k2202,0.0,0.0,0.0,0.0,0.0,0.579558887,0.0,0.0,0.0,0.0,k988
k281,0.0,0.0476,0.731881209,0.08,0.0833,0.649064894,0.0,0.153846154,0.0417,0.0,k2296
k2102,0.0,0.0,0.0,0.0,0.0,0.425252595,0.0,0.0,0.0833,0.0,k912
k697,0.0,0.0,0.0,0.0,0.0,0.414841709,0.0,0.0,0.0,0.0,k2750
k2587,0.0,0.0,0.732300988,0.04,0.0,0.607029084,0.0,0.0,0.0,0.0,k2918
k1513,0.0,0.0,0.832521539,0.0,0.0,0.422411691,0.0,0.0,0.0,0.0,k2139
k1482,0.0,0.0,0.71833501,0.04,0.0,0.835476639,0.0,0.0,0.0833,0.0,k1988
k877,0.0,0.0,0.839791043,0.04,0.0,0.595997551,0.0,0.0,0.0833,0.0,k217
k2310,0.0,0.0,0.0,0.0,0.0,0.397033362,0.0,0.0,0.0,0.0,k1704
k2387,0.0,0.0,0.0,0.0,0.0,0.508653878,0.0,0.0,0.0,0.0,k2828
k3172,0.0,0.0,0.688863865,0.08,0.0,0.813667263,0.0,0.0,0.0,0.0,k759
k631,0.0,0.0,0.715303274,0.08,0.0,0.489473379,0.0,0.0,0.0,0.0,k630
k3305,0.0,0.0,0.66530294,0.0,0.0,0.412898907,0.0,0.0,0.0,0.0,k1624
k3198,0.0,0.0,0.0,0.0,0.0,0.19712416,0.0,0.0,0.0,0.0,k911
k2154,0.0,0.0,0.0,0.0,0.0,0.569438726,0.0,0.0,0.0,0.0,k954
k1711,0.0,0.0,0.698838612,0.04,0.0417,0.457934871,0.0,0.0,0.125,0.0,k3202
k3053,0.0,0.0,0.0,0.04,0.0,0.53680367,0.0,0.0,0.208333333,0.0,k3102
k74,0.0,0.0,0.0,0.0,0.0,0.387175842,0.0,0.0,0.0,0.0,k1811
k549,0.0,0.0,0.0,0.0,0.0,0.35395347,0.0,0.0,0.0,0.0,k200
k155,0.0,0.0,0.0,0.0,0.0,0.516146086,0.0,0.0,0.0,0.0,k3239
k2598,0.0,0.0,0.757954144,0.0,0.0417,0.819695658,0.0,0.0,0.0417,0.0,k847
k1759,0.0,0.0,0.761758807,0.04,0.0,0.449994229,0.0,0.0,0.0,0.0,k2014
k471,0.0,0.0,0.570992611,0.0,0.0,0.319770962,0.0,0.0,0.0,0.0,k2406
k1428,0.0,0.0,0.658293299,0.0,0.0,0.286765246,0.0,0.0,0.0,0.0,k719
k748,0.0,0.0,0.0,0.0,0.0,0.446195967,0.0,0.0,0.0,0.0,k3392
k3050,0.0,0.0,0.0,0.0,0.0,0.780806601,0.0,0.0,0.0,0.0,k2829
k1529,0.0,0.0,0.691229286,0.04,0.0,0.843695354,0.0,0.0,0.125,0.0,k2237
k2053,0.0,0.0,0.0,0.0,0.0,0.198892279,0.0,0.0,0.0,0.0,k3342
k1542,0.0,0.0,0.687911034,0.04,0.0,0.432325072,0.0,0.0,0.0,0.0,k2383
k1505,0.0,0.0,0.679735339,0.04,0.0,0.487543231,0.0,0.0,0.0,0.0,k2760
k1203,0.0,0.0,0.746713398,0.08,0.125,0.803721476,0.0,0.0,0.25,0.25,k2660
k2863,0.0,0.0,0.677763045,0.04,0.0,0.390109334,0.0,0.0,0.0,0.0,k3344
k3096,0.0,0.0,0.0,0.0,0.0,0.559676264,0.0,0.0,0.0,0.0,k2397
k2545,0.0,0.0,0.709912779,0.0,0.0,0.554009579,0.0,0.0,0.0417,0.0,k1063
k2147,0.0,0.0,0.679542108,0.04,0.0417,0.746286147,0.0,0.0,0.0,0.0,k158
k2647,0.0,0.0,0.642881416,0.12,0.0,0.830191416,0.0,0.0,0.208333333,0.0,k2102
k2162,0.0,0.0,0.742515608,0.08,0.0,0.440976789,0.0,0.0,0.0417,0.0,k720
k3136,0.0,0.0,0.69864538,0.08,0.0,0.46573478,0.0,0.0,0.0,0.0,k1466
k282,0.0,0.0,0.0,0.0,0.0,0.64304082,0.0,0.0,0.0,0.0,k1289
k280,0.0,0.0,0.0,0.0,0.0,0.462550684,0.0,0.0,0.0,0.0833,k185
k1310,0.0,0.0,0.660672046,0.0,0.0,0.411184489,0.0,0.0,0.0,0.0,k833
k3094,0.0,0.0,0.688150907,0.08,0.0,0.531599924,0.0,0.0,0.0,0.0,k431
k96,0.0,0.19047619,0.745880503,0.16,0.125,0.893781677,0.0,0.307692308,0.0,0.0,k208
k575,0.0,0.0,0.670247003,0.04,0.0417,0.842910209,0.0,0.0,0.0417,0.0,k2187
k2432,0.0,0.0,0.0,0.0,0.0,0.589737378,0.0,0.0,0.0,0.0,k942
k2187,0.0,0.0,0.0,0.0,0.0,0.575528229,0.0,0.0,0.125,0.0,k2053
k2478,0.0,0.0,0.802397404,0.0,0.0,0.493911732,0.0,0.0,0.0,0.0,k170
k1056,0.0,0.0,0.0,0.0,0.0,0.788272576,0.0,0.0,0.0,0.0,k114
k1718,0.0,0.0,0.713697453,0.08,0.0,0.636725402,0.0,0.0,0.0,0.0,k711
k3122,0.0,0.0,0.715523158,0.2,0.25,0.90737203,0.0,0.0,0.0,0.0,k177
k1949,0.0,0.0,0.0,0.0,0.0,0.798106023,0.0,0.0,0.0,0.0,k2564
k2211,0.0,0.0,0.734439862,0.24,0.0,0.900536269,0.0,0.0,0.0,0.0,k3194
k1551,0.0,0.0,0.714143884,0.04,0.0,0.562764994,0.0,0.0,0.0417,0.0,k1716
k1377,0.0,0.0,0.0,0.0,0.0,0.551206327,0.0,0.0,0.0,0.0,k227
k3374,0.0,0.0,0.624337849,0.0,0.0,0.411501448,0.0,0.0,0.0,0.0,k2263
k1601,0.0,0.0476,0.79700691,0.0,0.0417,0.895704418,0.0,0.0769,0.125,0.0,k985
k1289,0.0,0.0,0.702463369,0.08,0.0,0.321783514,0.0,0.0,0.0417,0.0,k1596
k1375,0.0,0.0,0.680934708,0.12,0.0,0.259450905,0.0,0.0,0.0,0.0,k1180
k1880,1.0,0.0,0.0,0.0,0.0833,0.625197289,0.0,0.461538462,0.166666667,0.0,k3325
k2727,0.0,0.0,0.786412489,0.12,0.0,0.85938776,0.0,0.0,0.0,0.0,k516
k855,0.0,0.0,0.0,0.0,0.0,0.820903312,0.0,0.0,0.0,0.0,k1219
k2531,0.0,0.0,0.764324123,0.08,0.125,0.830576273,0.0,0.0,0.375,0.0,k2955
k1337,0.0,0.0,0.843589043,0.0,0.0,0.616307313,0.0,0.0,0.0,0.0,k1860
k3425,0.0,0.0,0.648451815,0.04,0.0,0.819682078,0.0,0.0,0.0417,0.0,k966
k604,0.0,0.0,0.743221903,0.0,0.0,0.565100986,0.0,0.0,0.0417,0.0,k1651
k1315,0.0,0.0,0.631454101,0.04,0.0,0.256759685,0.0,0.0,0.0,0.0,k3075
k1383,0.0,0.0,0.71517001,0.08,0.0833,0.549259822,0.0,0.0,0.0833,0.0,k1990
k1178,0.0,0.0,0.716655895,0.04,0.0,0.584683316,0.0,0.0,0.0,0.0,k3193
k1717,0.0,0.0,0.726297483,0.0,0.0,0.572291049,0.0,0.0,0.0417,0.0,k1042
k1828,0.0,0.0,0.701470559,0.04,0.0,0.835310907,0.0,0.0,0.0,0.0,k2645
k2716,0.0,0.0,0.0,0.0,0.0,0.493884573,0.0,0.0,0.0,0.0,k2861
k1473,0.0,0.0,0.0,0.0,0.0,0.539632846,0.0,0.0,0.0,0.0,k662
k268,0.0,0.0,0.62087967,0.0,0.0,0.381924877,0.0,0.0,0.0,0.0,k2367
k2275,0.0,0.0,0.687857728,0.16,0.0,0.857560076,0.0,0.0,0.0,0.0,k1435
k1701,0.0,0.0,0.696886307,0.04,0.125,0.820890967,0.0909,0.0,0.0417,0.0,k3011
k2199,0.0,0.0,0.769328154,0.0,0.0,0.427367302,0.0,0.0,0.0,0.0,k1767
k2949,0.0,0.0,0.755808607,0.0,0.0,0.842466713,0.0,0.0,0.0417,0.0,k1299
k2749,0.0,0.0,0.0,0.04,0.0,0.442237527,0.0,0.0,0.0417,0.0,k3031
k1067,0.339895137,0.0,0.740823166,0.08,0.0417,0.554196606,0.0,0.0,0.0417,0.166666667,k492
k2170,0.0,0.0,0.633599638,0.16,0.0,0.332338837,0.0,0.0,0.0833,0.0,k1531
k1467,0.0,0.0,0.610718355,0.0,0.0,0.737856641,0.0,0.0,0.0,0.0,k2321
k1119,0.0,0.0,0.0,0.0,0.0,0.578930833,0.0,0.0,0.0,0.0,k164
k3179,0.0,0.0952,0.761698839,0.12,0.0833,0.640170905,0.0,0.153846154,0.25,0.166666667,k1706
k85,0.0,0.0,0.0,0.0,0.0,0.818697869,0.0,0.0,0.0,0.0,k1467
k3120,0.0,0.0,0.826671286,0.0,0.0833,0.574451741,0.0,0.0,0.0417,0.0,k507
k1840,0.0,0.0,0.0,0.0,0.0,0.777892244,0.0,0.0,0.0,0.0,k458
k1560,0.0,0.0,0.0,0.0,0.0,0.379460188,0.0,0.0,0.0,0.0,k1348
k2565,0.0,0.0,0.820521192,0.08,0.0,0.515225763,0.0,0.0,0.0,0.0,k3215
k2233,0.0,0.0,0.690496339,0.0,0.0,0.836904035,0.0,0.0,0.0417,0.0,k3033
k2764,0.0,0.0,0.719047968,0.04,0.0,0.446599341,0.0,0.0,0.0,0.0,k313
k2538,0.0,0.0,0.660345551,0.0,0.0,0.253553676,0.0,0.0,0.125,0.0,k625
k909,0.0,0.0,0.849659179,0.04,0.0,0.868344091,0.0,0.0,0.0,0.0,k42
k2939,0.0,0.0,0.711365348,0.0,0.0,0.428017268,0.0,0.0,0.0,0.0,k1782
k503,0.0,0.0,0.756168418,0.04,0.0,0.463125655,0.0,0.0,0.0,0.0,k1437
k3180,0.0,0.0,0.0,0.08,0.0,0.835233442,0.0,0.0,0.0833,0.0,k88
k1236,0.0,0.0,0.0,0.0,0.0,0.431417403,0.0,0.0,0.0,0.0,k1711
k432,0.0,0.0,0.819221876,0.0,0.0,0.85182395,0.0,0.0,0.0,0.0,k2403
k253,0.0,0.0,0.816083529,0.0,0.0,0.622148371,0.0,0.0,0.0,0.0,k2463
k3239,0.0,0.0,0.709413042,0.04,0.0417,0.807337957,0.0,0.0769,0.208333333,0.166666667,k786
k1952,0.0,0.0952,0.831681981,0.04,0.0,0.915992267,0.0,0.0769,0.0,0.0,k2748
k3246,0.0,0.0,0.741123009,0.04,0.0,0.811416143,0.0,0.0,0.0,0.0,k2128
k224,0.0,0.0,0.733027272,0.24,0.0,0.899983519,0.0,0.0,0.0,0.0,k1213
k390,0.0,0.0,0.743128619,0.0,0.0,0.458450894,0.0,0.0,0.0,0.0,k969
k674,0.0,0.0,0.0,0.08,0.125,0.807653991,0.0,0.0,0.25,0.5,k1505
k3130,0.0,0.0,0.685445665,0.08,0.0,0.266129883,0.0,0.0,0.0417,0.0,k841
k766,0.0,0.0,0.602462703,0.0,0.0,0.373066071,0.0,0.0,0.0,0.0,k2970
k1338,0.0,0.0,0.726583999,0.04,0.0,0.455208468,0.0,0.0,0.0,0.0,k802
k2822,0.0,0.0476,0.702176854,0.04,0.166666667,0.841602868,0.0,0.0,0.0833,0.0,k3409
k495,0.0,0.0,0.763884354,0.0,0.0,0.555707022,0.0,0.0,0.0417,0.0,k3372
k1886,0.0,0.0,0.693568054,0.04,0.0,0.604647725,0.0,0.0,0.125,0.0,k87
k1438,0.0,0.0,0.793602036,0.12,0.0417,0.524544113,0.0,0.0,0.0,0.0,k1163
k1290,0.0,0.0,0.0,0.0,0.0,0.407386535,0.0,0.0,0.0,0.0,k332
k2209,0.0,0.0,0.725731115,0.04,0.0833,0.765583615,0.0,0.0,0.0,0.0,k1332
k195,0.0,0.0,0.0,0.04,0.0,0.544519324,0.0,0.0,0.208333333,0.0,k333
k2461,0.0,0.0,0.0,0.04,0.0,0.820130512,0.0,0.0,0.0417,0.0,k1678
k28,0.0,0.0,0.660685372,0.04,0.0,0.704923143,0.0,0.0,0.125,0.0,k2196
k3072,0.0,0.0,0.667848267,0.0,0.0,0.567787885,0.0,0.0,0.125,0.0,k2634
k2828,0.0,0.0,0.735825798,0.04,0.0,0.578510484,0.0,0.0,0.0,0.0,k2475
k2829,0.0,0.0,0.757634313,0.0,0.0417,0.608314204,0.0,0.0,0.0417,0.0,k1067
k2916,0.0,0.0,0.0,0.0,0.0,0.809809127,0.0,0.0,0.0,0.0,k3352
k1967,0.0,0.0,0.758020776,0.0,0.0,0.82460127,0.0,0.0,0.0,0.0,k1670
k1975,0.0,0.0,0.0,0.0,0.0,0.235121596,0.0,0.0,0.0,0.0,k77
k3333,0.0,0.0,0.713224368,0.04,0.0,0.434078377,0.0,0.0,0.0,0.0,k1193
k202,0.0,0.0,0.0,0.0,0.0,0.412874217,0.0,0.0,0.0,0.0,k1492
k2976,0.0,0.0,0.707394106,0.08,0.0833,0.634907594,0.0,0.0,0.0,0.0,k2965
k2577,0.0,0.0,0.66555614,0.0,0.0,0.213144944,0.0,0.0,0.0417,0.0,k315
k3388,0.0,0.0,0.679548771,0.04,0.0,0.366926571,0.0,0.0,0.0,0.0,k1718
k482,0.0,0.0,0.0,0.0,0.0,0.564777237,0.0,0.0,0.0,0.0,k1227
k3113,0.0,0.0,0.0,0.0,0.0,0.491469881,0.0,0.0,0.0,0.0,k286
k1645,0.409740493,0.0,0.0,0.0,0.0,0.668074722,0.0,0.0,0.0,0.0,k184
k579,0.0,0.0,0.673312056,0.04,0.0,0.805813653,0.0,0.0,0.0,0.0,k2227
k2990,0.0,0.0,0.714636958,0.0,0.0,0.422419098,0.0,0.0,0.0,0.0,k701
k3347,0.0,0.0,0.699898054,0.04,0.0,0.620158041,0.0,0.0,0.0417,0.0,k2752
k1951,0.0,0.0,0.829876265,0.0,0.0,0.536073152,0.0,0.0,0.0,0.0,k2322
k917,0.0,0.0,0.0,0.0,0.0,0.487504961,0.0,0.0,0.0,0.0,k1867
k1579,0.0,0.0,0.0,0.0,0.0,0.477093149,0.0,0.0,0.0,0.0,k1773
k417,0.0,0.0,0.72453841,0.0,0.0,0.625040816,0.0,0.0,0.0833,0.0,k945
k2500,0.0,0.0476,0.74484105,0.08,0.0417,0.859559047,0.0,0.0,0.208333333,0.0,k2740
k2173,0.0,0.0,0.649064826,0.16,0.0,0.0,0.0,0.0,0.0,0.0,k531
k2365,0.0,0.0,0.699131791,0.16,0.0,0.461775107,0.0,0.0,0.0,0.0,k2305
k2554,0.0,0.0,0.0,0.0,0.0,0.412535654,0.0,0.0,0.0,0.0,k2235
k311,0.0,0.0,0.685085855,0.0,0.0,0.574388164,0.0,0.0,0.0417,0.0,k576
k1933,0.0,0.0,0.697565949,0.04,0.0,0.449484687,0.0,0.0,0.0,0.0,k3382
k1703,0.0,0.0,0.814664277,0.0,0.0,0.394943345,0.0,0.0,0.0833,0.0,k2806
k897,0.0,0.0,0.0,0.0,0.0,0.47443094,0.0,0.0,0.0,0.0,k750
k570,0.0,0.0,0.0,0.0,0.0,0.375182321,0.0,0.0,0.0,0.0,k1278
k3324,0.0,0.0,0.0,0.0,0.0,0.715824128,0.0,0.0,0.0,0.0,k3327
k2037,0.0,0.0,0.0,0.0,0.0,0.477275238,0.0,0.0,0.0,0.0,k927
k2389,0.0,0.0,0.76290487,0.08,0.0,0.489079263,0.0,0.0,0.0,0.0,k237
k1038,0.0,0.0,0.0,0.0,0.0,0.444528768,0.0,0.0,0.0,0.0,k248
k874,0.0,0.0,0.680108476,0.04,0.0,0.436045869,0.0,0.0,0.0,0.0,k1743
k1492,0.0,0.0,0.667914898,0.0,0.0,0.40400893,0.0,0.0,0.0,0.0,k3141
k540,0.0,0.0,0.692288728,0.08,0.0,0.832886648,0.0,0.0,0.0,0.0,k1038
k1865,0.0,0.0,0.0,0.0,0.0,0.515804129,0.0,0.0,0.0,0.0,k3391
k170,0.0,0.0,0.0,0.0,0.0,0.388963405,0.0,0.0,0.0,0.0,k1404
k1626,0.0,0.0,0.0,0.0,0.0,0.47506671,0.0,0.0,0.0,0.0,k3176
k62,0.0,0.0,0.0,0.0,0.0,0.43479439,0.0,0.0,0.0,0.0,k488
k1947,0.0,0.0,0.678755855,0.04,0.0,0.49715385,0.0,0.0,0.0,0.0,k663
k499,0.0,0.0,0.698658706,0.04,0.0,0.443752882,0.0,0.0,0.0,0.0,k3191
k1511,0.0,0.0,0.0,0.0,0.0,0.786936533,0.0,0.0,0.0,0.0,k2722
k2810,0.0,0.0,0.0,0.0,0.0,0.409358348,0.0,0.0,0.0,0.0,k2791
k1753,0.0,0.0,0.798719341,0.12,0.0,0.509895481,0.0,0.0,0.0,0.0,k509
k1776,0.0,0.0,0.686052013,0.04,0.0,0.49715385,0.0,0.0,0.0,0.0,k535
k2652,0.0,0.142857143,0.778583279,0.04,0.0,0.846281641,0.0,0.0,0.0833,0.0,k2022
k1195,0.0,0.0,0.827077739,0.0,0.0417,0.603946835,0.0,0.0,0.0417,0.0,k1848
k582,0.0,0.0,0.0,0.0,0.0,0.55108442,0.0,0.0,0.0417,0.0,k1765
k1344,0.0,0.0,0.669587351,0.0,0.0,0.278089456,0.0,0.0,0.0833,0.0,k712
k1168,0.0,0.0,0.674458119,0.04,0.0,0.802748995,0.0,0.0,0.0,0.0,k1606
k3338,0.0,0.0,0.823826118,0.0,0.0,0.856286375,0.0,0.0,0.0,0.0,k1192
k3112,0.0,0.0,0.689070423,0.04,0.0,0.507120006,0.0,0.0,0.0417,0.0,k2867
k3024,0.0,0.0,0.656314341,0.04,0.0833,0.808785414,0.0,0.0,0.125,0.0,k392
k1938,0.0,0.0,0.0,0.0,0.0,0.587680076,0.0,0.0,0.0,0.0,k1276
k2398,0.0,0.0,0.0,0.04,0.0,0.424982547,0.0,0.0,0.0,0.0,k7
k2575,0.0,0.0,0.0,0.0,0.0,0.800588612,0.0,0.0,0.0,0.0,k17
k0,0.0,0.0,0.634352574,0.04,0.0,0.798088123,0.0,0.0,0.0,0.0,k2831
k3325,0.0,0.0,0.0,0.0,0.0,0.579792825,0.0,0.0,0.0,0.0,k1526
k1426,0.0,0.0,0.67720334,0.04,0.0,0.336485847,0.0,0.0,0.0833,0.0,k3407
k464,0.0,0.0,0.663144077,0.04,0.0,0.435941245,0.0,0.0,0.0,0.0,k3119
k887,0.294448335,0.0,0.684206318,0.04,0.0,0.629065918,0.0,0.0,0.166666667,0.0,k2769
k1324,0.0,0.0,0.80230412,0.0,0.0,0.426608081,0.0,0.0,0.0,0.0,k2098
k2562,0.0,0.0476,0.808940625,0.04,0.0833,0.539281938,0.0,0.0,0.0417,0.0,k1321
k3300,0.0,0.0,0.683393413,0.04,0.0,0.634616868,0.0,0.0,0.166666667,0.0,k1202
k1835,0.0,0.0,0.698625391,0.0,0.0,0.591606418,0.0,0.0,0.0833,0.0,k3128
k467,0.277715735,0.0,0.0,0.0,0.0,0.791432291,0.0,0.0,0.0,0.0,k1141
k587,0.0,0.0,0.0,0.0,0.0,0.782075671,0.0,0.0,0.0,0.0,k616
k2282,0.0,0.0476,0.0,0.0,0.0,0.777146912,0.0,0.0,0.0,0.0,k3166
k3402,0.0,0.0,0.681914192,0.04,0.0,0.465851132,0.0,0.0,0.0,0.0,k1684
k2119,0.0,0.0,0.0,0.0,0.0417,0.81247504,0.0,0.0,0.0,0.0,k115
k1444,0.0,0.0,0.0,0.0,0.0,0.450882455,0.0,0.0,0.0,0.0,k1228
k1018,0.0,0.0,0.698805296,0.04,0.0,0.549877383,0.0,0.0,0.0,0.0,k1880
k1566,0.0,0.0,0.0,0.0,0.0,0.452828343,0.0,0.0,0.0,0.0,k476
k3185,0.0,0.0,0.703482832,0.04,0.0,0.28253213,0.0,0.0,0.0,0.0,k828
k2499,0.0,0.0,0.671692908,0.04,0.0,0.783081793,0.0,0.0,0.0,0.0,k1525
k2341,0.0,0.0,0.0,0.0,0.0417,0.817070792,0.0,0.0,0.0,0.0,k2104
k1313,0.0,0.0,0.693254886,0.0,0.0,0.846150475,0.0,0.0,0.0833,0.0,k1752
k2307,0.0,0.0,0.826398097,0.0,0.125,0.586670868,0.0,0.0,0.125,0.0,k1928
k1490,0.0,0.0,0.762898207,0.08,0.0,0.330409923,0.0,0.0,0.0,0.0,k2676
k1563,0.0,0.0476,0.0,0.0,0.0,0.7765025,0.0,0.0,0.0,0.0,k814
k656,0.0,0.0,0.824079318,0.08,0.0417,0.867402164,0.0,0.0,0.0,0.0833,k58
k749,0.0,0.0,0.741875945,0.08,0.0,0.507141301,0.0,0.0,0.0833,0.0,k1411
k2094,0.0,0.0,0.0,0.0,0.0,0.508118411,0.0,0.0,0.0,0.0,k2032
k618,0.0,0.0,0.0,0.0,0.0,0.512839157,0.0,0.0,0.0,0.0,k1186
k560,0.0,0.0,0.675677477,0.04,0.0,0.455152298,0.0,0.0,0.0,0.0,k1032
k3219,0.0,0.0,0.0,0.0,0.0,0.523804027,0.0,0.0,0.0833,0.0,k1493
k576,0.0,0.0,0.732334304,0.0,0.0,0.84158898,0.0,0.0,0.0417,0.0,k46
k1750,0.0,0.0,0.0,0.0,0.0,0.563536251,0.0,0.0,0.125,0.0,k276
k2104,0.0,0.285714286,0.731421451,0.16,0.0833,0.627824007,0.0,0.153846154,0.0833,0.0,k714
k2668,0.0,0.0,0.730122136,0.0,0.0,0.839073986,0.0,0.0,0.0,0.0,k445
k653,0.0,0.0,0.0,0.0,0.0,0.783884838,0.0,0.0,0.0,0.0,k1037
k1798,0.0,0.0,0.0,0.0,0.0417,0.799215534,0.0,0.0,0.0,0.0,k958
k2407,0.0,0.0,0.687444613,0.08,0.0417,0.523768535,0.0,0.0,0.0,0.166666667,k1307
k2027,0.0,0.0,0.689663444,0.08,0.0,0.459835391,0.0,0.0,0.0,0.0,k1324
k739,0.0,0.0,0.0,0.0,0.0,0.778098406,0.0,0.0,0.0,0.0,k207
k1643,0.0,0.0,0.743255219,0.04,0.0,0.838757335,0.0,0.0,0.0,0.0,k2578
k1103,0.0,0.0,0.832368286,0.0,0.0,0.849234268,0.0,0.0,0.0,0.0,k1960
k2048,0.0,0.0,0.0,0.0,0.0,0.788830264,0.0,0.0,0.0833,0.0,k2021
k104,0.0,0.0,0.0,0.0,0.0,0.475395396,0.0,0.0,0.0,0.0,k132
k2463,0.0,0.0476,0.85090519,0.04,0.0,0.886124044,0.0,0.0,0.0,0.0,k563
k1092,0.0,0.0,0.0,0.0,0.0,0.428948393,0.0,0.0,0.0,0.0,k1817
k2323,0.0,0.0,0.0,0.0,0.0,0.511489226,0.0,0.0,0.0,0.0,k700
k2449,0.316689065,0.0952,0.690782854,0.08,0.125,0.6632117,0.0,0.0,0.125,0.0,k1195
k2077,0.0,0.0,0.694014486,0.04,0.0,0.824461771,0.0,0.0,0.0,0.0,k3082
k1321,0.0,0.0,0.0,0.0,0.0,0.575262193,0.0,0.0,0.0,0.0,k1154
k3339,0.0,0.0,0.690176507,0.04,0.0,0.505975003,0.0,0.0,0.0,0.0,k2591
k1089,0.0,0.0,0.0,0.0,0.0,0.394675149,0.0,0.0,0.0,0.0,k3287
k312,0.0,0.0,0.0,0.0,0.0,0.338310136,0.0,0.0,0.0,0.0,k2938
k2643,0.0,0.0,0.731581367,0.04,0.0,0.868983873,0.0,0.0,0.0,0.0,k1535
k1154,0.0,0.0,0.715023421,0.04,0.0,0.844881096,0.0,0.0,0.0,0.0,k3429
k3383,0.0,0.0,0.750971155,0.08,0.0833,0.564607492,0.0,0.0,0.0833,0.0,k2203
k1757,0.0,0.0,0.0,0.0,0.0,0.789997179,0.0,0.0,0.0,0.0,k529
k463,0.0,0.0,0.0,0.0,0.0,0.394678544,0.0,0.0,0.0,0.0,k3064
k1642,0.0,0.0,0.0,0.0,0.0,0.731915587,0.0,0.0,0.0,0.0,k2255
k1800,0.0,0.0,0.677616455,0.24,0.0,0.893609463,0.0,0.0,0.0,0.0,k1252
k2032,0.0,0.0,0.77275968,0.04,0.0,0.453095304,0.0,0.0,0.0,0.0,k3195
k1453,0.0,0.0,0.728203146,0.04,0.0,0.444060273,0.0,0.0,0.0,0.0,k621
k2970,0.0,0.0,0.0,0.04,0.0,0.367350932,0.0,0.0,0.0,0.0,k3041
k871,0.0,0.0,0.0,0.0,0.0,0.723411084,0.0,0.0,0.0,0.0,k3375
k599,0.0,0.0,0.700897527,0.04,0.0417,0.588975997,0.0,0.0,0.0417,0.0,k739
k2158,0.0,0.0,0.743981503,0.08,0.0,0.460844907,0.0,0.0,0.0417,0.0,k2343
k795,0.0,0.0,0.725631168,0.04,0.0,0.513416597,0.0,0.0,0.0417,0.0,k3371
k3407,0.0,0.0,0.834500496,0.0,0.0,0.819696275,0.0,0.0,0.0,0.0,k2423
k715,0.0,0.0476,0.783820521,0.0,0.0833,0.519500235,0.0,0.0769,0.125,0.0,k1485
k1050,0.0,0.0,0.686052013,0.04,0.0,0.495010749,0.0,0.0,0.0,0.0,k658
k1143,0.0,0.0,0.0,0.0,0.0,0.439835181,0.0,0.0,0.0,0.0,k1603
k1254,0.0,0.0,0.0,0.04,0.125,0.526997382,0.0,0.0,0.0,0.0833,k442
k89,0.0,0.0,0.676030624,0.04,0.0,0.506798417,0.0,0.0,0.0,0.0,k2745
k2314,0.0,0.0,0.636931216,0.0,0.0,0.394017158,0.0,0.0,0.0,0.0,k2284
k1558,0.0,0.0,0.672852298,0.04,0.0,0.806467014,0.0,0.0,0.0,0.0,k10
k1664,0.0,0.0,0.683573318,0.08,0.0417,0.446333614,0.0,0.0,0.0,0.0,k1509
k2149,0.0,0.0,0.717042358,0.04,0.0833,0.447700828,0.0,0.0,0.0,0.0,k2333
k196,0.0,0.0,0.0,0.0,0.0417,0.80846969,0.0,0.0,0.0,0.0,k693
k1485,0.0,0.0,0.0,0.0,0.0,0.734701864,0.0,0.0,0.0,0.0,k1992
k1046,0.0,0.0,0.711218758,0.04,0.0,0.512991001,0.0,0.0,0.0,0.0,k1919
k1993,0.0,0.0,0.732834041,0.08,0.166666667,0.520586908,0.0,0.0,0.0,0.0,k2990
k916,0.0,0.0,0.674917877,0.04,0.0,0.264479659,0.0,0.0,0.0,0.0,k2525
k2736,0.0,0.0,0.678529308,0.04,0.0,0.442149878,0.0,0.0,0.0,0.0,k3359
k2578,0.0,0.0,0.0,0.0,0.0,0.573136068,0.0,0.0,0.0833,0.0,k2657
k1194,0.0,0.0,0.0,0.0,0.0,0.414841709,0.0,0.0,0.0,0.0,k610
k737,0.0,0.0476,0.808654109,0.04,0.0,0.540688656,0.0,0.0,0.0417,0.0,k1831
k105,0.0,0.0,0.0,0.0,0.0,0.427078736,0.0,0.0,0.0,0.0,k296
k538,0.0,0.0,0.0,0.0,0.0,0.792083183,0.0,0.0,0.0,0.0,k1008
k2172,0.0,0.0476,0.70016458,0.04,0.0,0.443721402,0.0,0.0,0.0,0.0,k2768
k1134,0.0,0.0,0.665222983,0.04,0.208333333,0.816700132,0.0,0.0,0.125,0.0,k2576
k2049,0.0,0.0476,0.711925053,0.4,0.0417,0.938324148,0.136363636,0.153846154,0.0,0.0,k1036
k2591,0.0,0.0,0.786652363,0.0,0.0,0.806022284,0.0,0.0,0.0,0.0,k2533
k3123,0.0,0.0,0.779789311,0.0,0.0,0.808757946,0.0,0.0,0.0,0.0,k381
k2229,0.0,0.0,0.0,0.0,0.0,0.818309309,0.0,0.0,0.0,0.0,k2154
k70,0.0,0.0,0.628682227,0.04,0.0,0.803714069,0.0,0.0,0.0,0.0,k1758
k1464,0.0,0.0,0.0,0.0,0.0,0.473298282,0.0,0.0,0.0417,0.0,k1857
k337,0.0,0.142857143,0.693001686,0.12,0.0,0.581659396,0.0,0.0769,0.208333333,0.0,k1551
k1857,0.0,0.0,0.0,0.0,0.0,0.483051486,0.0,0.0,0.0,0.0,k451
k2276,0.0,0.0,0.737798093,0.0,0.0,0.589013958,0.0,0.0,0.0833,0.0,k1536
k1312,0.0,0.0,0.764663944,0.12,0.0,0.884688007,0.0,0.0,0.0,0.0,k1987
k2015,0.0,0.0,0.763950986,0.04,0.0,0.602134273,0.0,0.0,0.0,0.0,k3023
k3377,0.0,0.0,0.0,0.0,0.0,0.437132851,0.0,0.0,0.0,0.0,k352
k743,0.0,0.0,0.727350262,0.04,0.0,0.482924332,0.0,0.0,0.125,0.0,k2072
k517,0.0,0.0,0.738377788,0.0,0.0,0.592642167,0.0,0.0,0.0417,0.0,k2730
k2289,0.0,0.0,0.701170717,0.08,0.0,0.81150688,0.0,0.0,0.0,0.0,k1940
k1162,0.0,0.0,0.687058149,0.08,0.0,0.833444336,0.0,0.0,0.0417,0.0,k2790
k1543,0.0,0.0,0.0,0.0,0.0,0.463509277,0.0,0.0,0.0,0.0,k1757
k1423,0.0,0.0,0.633759553,0.0,0.0,0.743364692,0.0,0.0,0.0,0.0,k1438
k836,0.0,0.0,0.0,0.0,0.0,0.823100113,0.0,0.0,0.0,0.0,k3329
k3269,0.0,0.0,0.714670274,0.12,0.125,0.65329585,0.0,0.307692308,0.208333333,0.5,k3376
k1068,0.0,0.0,0.699938033,0.0,0.0,0.336916997,0.0,0.0,0.0,0.0,k3186
k2528,0.0,0.0,0.677396571,0.04,0.0,0.442668369,0.0,0.0,0.0,0.0,k1741
k1930,0.0,0.0,0.722919263,0.12,0.166666667,0.539041827,0.0,0.0,0.0,0.0,k1457
k166,0.0,0.0,0.0,0.0,0.0,0.440385153,0.0,0.0,0.0,0.0,k1586
k3159,0.0,0.0,0.0,0.0,0.0,0.409943194,0.0,0.0,0.0,0.0,k28
k2676,0.0,0.0,0.701797054,0.04,0.0,0.629588114,0.0,0.0,0.0417,0.0,k2520
k1540,0.0,0.0,0.659532646,0.0,0.0833,0.815152063,0.0,0.0,0.125,0.0,k2653
k2772,0.0,0.0,0.0,0.0,0.0,0.576724773,0.0,0.0,0.0,0.0,k2628
k2020,0.0,0.0,0.0,0.0,0.0,0.47692433,0.0,0.0,0.0,0.0,k1595
k2803,0.0,0.0,0.0,0.0,0.0,0.818208079,0.0,0.0,0.0,0.0,k777
k1963,0.0,0.0,0.0,0.0,0.0,0.835763661,0.0,0.0,0.0,0.0,k246
k772,0.0,0.0,0.0,0.0,0.0,0.807229938,0.0,0.0,0.0,0.0,k2506
k3304,0.0,0.0,0.684766023,0.04,0.0,0.471869342,0.0,0.0,0.0,0.0,k489
k2271,0.0,0.0,0.721999747,0.04,0.0,0.438690795,0.0,0.0,0.0,0.0,k2114
k341,0.0,0.0,0.711998348,0.08,0.0,0.81500454,0.0,0.0,0.0,0.0,k12
k2221,0.0,0.0,0.628209143,0.04,0.0,0.798231634,0.0,0.0,0.0,0.0,k666
k1510,0.0,0.0,0.798426162,0.04,0.0,0.362670308,0.0,0.0,0.0,0.0,k2084
k771,0.0,0.0,0.739343946,0.0,0.0,0.815617163,0.0,0.0,0.0417,0.0,k770
k1675,0.0,0.0,0.678975739,0.04,0.0,0.518530532,0.0,0.0,0.0,0.0,k2219
k2759,0.0,0.0,0.0,0.04,0.0,0.757522608,0.0,0.0,0.0833,0.0,k1370
k1546,0.0,0.0,0.0,0.0,0.0,0.419331602,0.0,0.0,0.0,0.0,k1305
k878,0.0,0.0,0.657340467,0.0,0.0,0.339690312,0.0,0.0,0.0417,0.0,k107
k2496,0.0,0.0,0.0,0.04,0.0,0.479866464,0.0,0.0,0.0417,0.0,k2151
k590,0.0,0.0,0.0,0.0,0.0,0.192033988,0.0,0.0,0.0,0.0,k2365
k1126,0.0,0.0,0.704409011,0.0,0.0,0.447633239,0.0,0.0,0.0833,0.0,k3378
k2695,0.0,0.0,0.754382692,0.04,0.0833,0.468810549,0.0,0.0,0.0,0.0,k338
k2944,0.0,0.0,0.689010454,0.08,0.0,0.447019381,0.0,0.0,0.0,0.0,k3029
k1042,0.0,0.0,0.0,0.0,0.0,0.491659687,0.0,0.0,0.0,0.0,k1942
k2753,0.0,0.0,0.0,0.0,0.0,0.805098257,0.0,0.0,0.0,0.0,k690
k2318,0.0,0.0,0.819814897,0.0,0.0,0.417879825,0.0,0.0,0.0,0.0,k1984
k1204,0.0,0.0,0.0,0.0,0.0,0.404711672,0.0,0.0,0.0417,0.0,k2553
k3085,0.0,0.0,0.675997308,0.04,0.0,0.423272141,0.0,0.0,0.0,0.0,k2805
k1026,0.0,0.0,0.739950293,0.08,0.0,0.439510198,0.0,0.0,0.0417,0.0,k587
k1731,0.0,0.0,0.921574637,0.04,0.0417,0.899563788,0.0,0.0,0.0,0.0833,k501
k2726,0.0,0.0,0.0,0.0,0.0,0.380549947,0.0,0.0,0.0,0.0,k2531
k1724,0.0,0.0,0.0,0.0,0.0,0.41280848,0.0,0.0,0.0,0.0,k236
k2274,0.0,0.0,0.707040958,0.0,0.125,0.817931242,0.0,0.0,0.0417,0.333333333,k822
k1188,0.0,0.0,0.712025,0.04,0.0,0.463167319,0.0,0.0,0.0,0.0,k3306
k2953,0.0,0.0,0.698552096,0.08,0.0833,0.837804915,0.0,0.0,0.0833,0.0,k2386
k1140,0.0,0.0476,0.697945749,0.08,0.0417,0.836470415,0.0,0.0,0.0833,0.0,k1965
k630,0.0,0.142857143,0.718441621,0.08,0.333333333,0.845818702,0.0,0.153846154,0.25,0.0833,k907
k924,0.0,0.0,0.0,0.0,0.0,0.568489392,0.0,0.0,0.0,0.0,k2121
k2838,0.0,0.0,0.0,0.0,0.0,0.384500979,0.0,0.0,0.0,0.0,k3433
k2447,0.0,0.0,0.678029571,0.04,0.0,0.448373941,0.0,0.0,0.0833,0.0,k1369
k2277,0.0,0.0,0.0,0.0,0.0,0.403354026,0.0,0.0,0.0,0.0,k1764
k2900,0.0,0.0,0.711865084,0.0,0.0,0.402720108,0.0,0.0,0.0,0.0,k1114
k2285,0.0,0.0,0.730248736,0.08,0.0,0.447221531,0.0,0.0,0.0417,0.0,k1560
k968,0.0,0.0,0.735979051,0.04,0.0,0.845688153,0.0,0.0769,0.0,0.0,k2556
k318,0.0,0.0,0.701650464,0.0,0.0,0.38982046,0.0,0.0,0.0,0.0,k2044
k504,0.0,0.0,0.0,0.0,0.0,0.471688796,0.0,0.0,0.0,0.0,k1115
k3238,0.0,0.0,0.83286136,0.0,0.0,0.803688453,0.0,0.0,0.0,0.0,k649
k835,0.0,0.0,0.757454407,0.04,0.0,0.479326368,0.0,0.0,0.0,0.0,k206
k1850,0.0,0.0,0.717095663,0.0,0.0,0.79153815,0.0,0.0,0.0,0.0,k1049
k254,0.0,0.0,0.0,0.0,0.0,0.734135844,0.0,0.0,0.0,0.0,k603
k1137,0.0,0.0,0.0,0.0,0.0,0.596182109,0.0,0.0,0.0,0.0,k1051
k2058,0.0,0.0,0.0,0.0,0.0,0.50013919,0.0,0.0,0.0,0.0,k952
k2633,0.0,0.0,0.697066212,0.08,0.0,0.847341772,0.0,0.0,0.0,0.0,k1334
k1868,0.0,0.0,0.621086228,0.04,0.0,0.781370769,0.0,0.0,0.0,0.0,k2872
k216,0.0,0.0,0.676103919,0.08,0.0,0.820440372,0.0,0.0,0.0,0.0,k1747
k462,0.0,0.0,0.0,0.0,0.0,0.449012489,0.0,0.0,0.0,0.0,k629
k740,0.0,0.0,0.771880143,0.04,0.0,0.826821836,0.0,0.0,0.0833,0.0,k1255
k1217,0.0,0.0,0.0,0.0,0.0,0.589989834,0.0,0.0,0.0,0.0,k1328
k1225,0.0,0.0,0.0,0.0,0.0,0.414378769,0.0,0.0,0.0,0.0,k53
k867,0.0,0.0,0.798606067,0.0,0.0,0.460899843,0.0,0.0,0.0,0.0,k1226
k3357,0.0,0.0,0.0,0.0,0.0,0.436474551,0.0,0.0,0.0,0.0,k1750
k2269,0.0,0.0,0.710812306,0.04,0.0,0.487749393,0.0,0.0,0.0417,0.0,k2880
k1095,0.0,0.0,0.0,0.0,0.0,0.564726005,0.0,0.0,0.0417,0.0,k2103
k2878,0.0,0.0,0.622891944,0.04,0.0,0.168248479,0.0,0.0,0.0,0.0,k3182
k1085,0.0,0.0,0.724938199,0.04,0.0,0.624411218,0.0,0.0,0.0417,0.0,k1552
k3167,0.0,0.0,0.742175787,0.0,0.0,0.843157727,0.0,0.0,0.0417,0.0,k1830
k1683,0.0,0.0,0.759493334,0.08,0.0,0.49802078,0.0,0.0,0.0,0.0,k1475
k668,0.0,0.0,0.0,0.0,0.0,0.392899314,0.0,0.0,0.0,0.0,k1725
k1090,0.0,0.0,0.0,0.0,0.0,0.406910325,0.0,0.0,0.0,0.0,k2845
k2928,0.0,0.0,0.676703603,0.04,0.0,0.799186832,0.0,0.0,0.0417,0.0,k3322
k2115,0.0,0.0,0.0,0.04,0.0417,0.52029001,0.0,0.0,0.166666667,0.0,k2942
k1580,0.0,0.0,0.766209796,0.08,0.0,0.648451345,0.0,0.0,0.0,0.0,k2483
k3289,0.0,0.0,0.0,0.0,0.0,0.414380004,0.0,0.0,0.0,0.0,k778
k3087,0.0,0.0,0.799099141,0.0,0.0,0.420250382,0.0,0.0,0.0,0.0,k2040
k207,0.0,0.0,0.0,0.0,0.0,0.508335993,0.0,0.0,0.125,0.0,k1631
k2434,0.0,0.0,0.0,0.04,0.0,0.505638909,0.0,0.0,0.0417,0.0,k1405
k1730,0.0,0.0,0.0,0.0,0.0,0.538989978,0.0,0.0,0.0417,0.0,k657
k2057,0.0,0.0,0.0,0.0,0.0,0.429702984,0.0,0.0,0.0,0.0,k2724
k768,0.0,0.0,0.684153013,0.08,0.0833,0.588734034,0.0,0.0,0.0,0.0,k2519
k24,0.0,0.0,0.742488956,0.12,0.0,0.88350782,0.0,0.0,0.0,0.0,k9
k2465,0.0,0.0,0.657673625,0.0,0.0,0.752113318,0.0,0.0,0.0417,0.0,k2074
k1884,0.0,0.0,0.0,0.0,0.0,0.370137209,0.0,0.0,0.0,0.0,k2341
k1326,0.0,0.0,0.739050767,0.04,0.0,0.553413621,0.0,0.0,0.0833,0.0,k1094
k2778,0.0,0.0,0.0,0.0,0.0,0.524768484,0.0,0.0,0.0833,0.0,k1087
k2812,0.0,0.0,0.0,0.0,0.0,0.457779324,0.0,0.0,0.0,0.0,k3362
k2454,0.0,0.0,0.0,0.0,0.0,0.436184134,0.0,0.0,0.0,0.0,k2036
k3301,0.0,0.0,0.0,0.0,0.0,0.501740652,0.0,0.0,0.0417,0.0,k331
k3399,0.0,0.0,0.0,0.0,0.0,0.464602431,0.0,0.0,0.0,0.0,k3222
k3349,0.0,0.0,0.0,0.0,0.0,0.804419588,0.0,0.0,0.0,0.0,k1875
k2239,0.0,0.0,0.0,0.0,0.0,0.520481358,0.0,0.0,0.0833,0.0,k2377
k3428,0.0,0.0,0.704602243,0.04,0.0,0.449531289,0.0,0.0,0.0,0.0,k2414
k167,0.0,0.0,0.677416561,0.04,0.0,0.419671708,0.0,0.0,0.0,0.0,k3207
k1902,0.323995381,0.0,0.725824399,0.08,0.208333333,0.528290217,0.0,0.0,0.0,0.0,k3078
k2551,0.0,0.0476,0.727043757,0.08,0.0417,0.545239966,0.0,0.0,0.125,0.0,k3205
k2234,0.0,0.0,0.725417947,0.12,0.125,0.529959268,0.0,0.0,0.0417,0.0,k2326
k459,0.0,0.0,0.0,0.04,0.0,0.497967697,0.0,0.0,0.0417,0.0,k1383
k2961,0.0,0.0,0.747033229,0.04,0.0833,0.495881075,0.0,0.0,0.0417,0.0,k794
k389,0.0,0.0,0.824519087,0.08,0.0,0.462983069,0.0,0.0,0.0417,0.0,k780
k999,0.0,0.0,0.664030277,0.0,0.0,0.745335887,0.0,0.0,0.0417,0.0,k2159
k1945,0.0,0.0,0.770840691,0.04,0.0,0.474401003,0.0,0.0,0.0,0.0,k2596
k1549,0.0,0.0,0.702016938,0.04,0.0833,0.524249992,0.0,0.0,0.0833,0.0,k1605
k2205,0.0,0.0,0.760819302,0.0,0.0833,0.632620057,0.0,0.0,0.0833,0.0,k1636
k3187,0.0,0.0,0.755428807,0.04,0.0,0.465283877,0.0,0.0,0.0,0.0,k3104
k731,0.0,0.0,0.67315214,0.0,0.0,0.729557066,0.0,0.0,0.0417,0.0,k420
k1668,0.0,0.0,0.81692975,0.04,0.0,0.853817983,0.0,0.0,0.0,0.0,k2909
k197,0.0,0.0,0.697879117,0.04,0.0,0.253441953,0.0,0.0,0.0,0.0,k1101
k152,0.0,0.0,0.648012047,0.08,0.0,0.830958352,0.0,0.0,0.0417,0.0,k932
k3204,0.0,0.0,0.799612204,0.08,0.0,0.497107556,0.0,0.0,0.0,0.0,k2879
k1305,0.0,0.0476,0.0,0.0,0.0,0.743954168,0.0,0.0,0.0,0.0,k348
k3319,0.0,0.0,0.0,0.0,0.0,0.581181643,0.0,0.0,0.0,0.0,k1899
k702,0.0,0.0,0.674464782,0.08,0.0,0.852961237,0.0,0.0,0.0,0.0,k1071
k1108,0.0,0.0,0.0,0.0,0.0,0.437132851,0.0,0.0,0.0,0.0,k1881
k2381,0.0,0.0,0.0,0.0,0.0,0.598503287,0.0,0.0,0.0,0.0,k543
k2796,0.0,0.0,0.658819688,0.04,0.0,0.228576252,0.0,0.0,0.0,0.0,k1936
k1380,0.0,0.0,0.739603809,0.08,0.0417,0.500649349,0.0,0.0,0.0,0.0,k2207
k931,0.0,0.0,0.678709213,0.0,0.0,0.286340885,0.0,0.0,0.0417,0.0,k1991
k1905,0.0,0.0,0.684426202,0.04,0.0,0.511603726,0.0,0.0,0.0,0.0,k2842
k3160,0.0,0.0,0.734006756,0.08,0.0833,0.558641749,0.0,0.0,0.0833,0.0,k69
k1509,0.0,0.0,0.0,0.0,0.0,0.128594337,0.0,0.0,0.0,0.0,k2213
k2741,0.0,0.0,0.0,0.0,0.0,0.529841681,0.0,0.0,0.0833,0.0,k71
k370,0.0,0.0,0.654428668,0.08,0.166666667,0.498134972,0.0,0.0,0.0417,0.0,k2523
k2148,0.0,0.0,0.0,0.0,0.0,0.505295716,0.0,0.0,0.0,0.0,k848
k2580,0.0,0.0,0.703222969,0.04,0.0,0.503990536,0.0,0.0,0.0417,0.0,k2156
k940,0.0,0.0,0.0,0.04,0.0833,0.604800495,0.0,0.0,0.0417,0.0,k1872
k3259,0.0,0.0,0.647199142,0.04,0.0,0.832934794,0.0,0.0,0.0,0.0,k821
k1680,0.0,0.0,0.0,0.0,0.0,0.434777107,0.0,0.0,0.0,0.0,k2744
k1413,0.0,0.0,0.0,0.0,0.0,0.412414673,0.0,0.0,0.0,0.0,k204
k1398,0.0,0.0,0.0,0.0,0.0,0.573463211,0.0,0.0,0.0,0.0,k2396
k2000,0.0,0.0,0.0,0.0,0.0,0.353927854,0.0,0.0,0.0,0.0,k2249
k1936,0.0,0.0,0.868449283,0.0,0.0833,0.861094154,0.0,0.0,0.0,0.0,k104
k2354,0.0,0.0,0.701583833,0.12,0.0,0.867402473,0.0,0.0,0.0,0.0,k2004
k1132,0.0,0.0,0.71103219,0.0,0.0,0.448615287,0.0,0.0,0.0,0.0,k2380
k2742,0.0,0.0,0.748445819,0.04,0.0,0.480123858,0.0,0.0,0.0,0.0,k1528
k1156,0.0,0.0,0.0,0.0,0.0,0.495516588,0.0,0.0,0.0417,0.0,k3223
k3202,0.0,0.0,0.763204712,0.04,0.0,0.634925803,0.0,0.0,0.0,0.0,k1353
k1130,0.0,0.0,0.0,0.0,0.0,0.806058393,0.0,0.0,0.0,0.0,k2328
k331,0.0,0.0,0.763151407,0.08,0.0,0.466261914,0.0,0.0,0.0,0.0,k2037
k1294,0.0,0.0,0.693128286,0.04,0.0833,0.508748934,0.0,0.0,0.0833,0.0,k1920
k556,0.0,0.0,0.879736672,0.04,0.0,0.863155777,0.0,0.0,0.0,0.0,k2073
k2185,0.0,0.0,0.682014139,0.04,0.0,0.276138321,0.0,0.0,0.0417,0.0,k2064
k791,0.0,0.0,0.688424097,0.04,0.0,0.469539832,0.0,0.0,0.0,0.0,k50
k639,0.0,0.0,0.726390768,0.04,0.0,0.453722741,0.0,0.0,0.0,0.0,k2902
k990,0.0,0.0,0.754549271,0.0,0.0,0.842171049,0.0,0.0,0.0417,0.0,k1047
k1780,0.0,0.0,0.720853684,0.04,0.0,0.457968203,0.0,0.0,0.0,0.0,k373
k3331,0.0,0.0,0.761212428,0.24,0.0,0.906113144,0.0,0.0,0.0,0.0,k2800
k2843,0.0,0.0,0.0,0.0,0.0,0.393456076,0.0,0.0,0.0,0.0,k1642
k2143,0.0,0.0,0.0,0.0,0.0,0.189176419,0.0,0.0,0.0,0.0,k2250
k2902,0.0,0.0,0.694207717,0.04,0.0417,0.819108342,0.0,0.0,0.0,0.0,k3309
k77,0.0,0.0,0.802217499,0.04,0.0,0.857122752,0.0,0.0,0.0,0.0,k3233
k2560,0.0,0.0,0.696399896,0.04,0.0,0.578184883,0.0,0.0,0.0,0.0,k2190
k176,0.0,0.0952,0.83955117,0.04,0.0,0.920564255,0.0,0.0769,0.0,0.0,k1138
k2671,0.0,0.0,0.0,0.0,0.0,0.49303369,0.0,0.0,0.0,0.0,k2262
k2589,0.0,0.0,0.740183503,0.04,0.0,0.46270438,0.0,0.0,0.0,0.0,k704
k68,0.0,0.0,0.680168445,0.04,0.0,0.512001854,0.0,0.0,0.0,0.0,k2116
k3007,0.0,0.0,0.0,0.0,0.0,0.491075766,0.0,0.0,0.0,0.0,k1675
k154,0.0,0.0,0.0,0.0,0.0,0.842962984,0.0,0.0,0.0,0.0,k3152
k958,0.0,0.0,0.0,0.04,0.0,0.408453764,0.0,0.0,0.0,0.0,k125
k80,0.0,0.0,0.0,0.0,0.0,0.812100059,0.0,0.0,0.0,0.0,k1512
k2200,0.0,0.0,0.707207537,0.04,0.0,0.503353223,0.0,0.0,0.0,0.0,k358
k249,0.0,0.0,0.0,0.0,0.0,0.573004593,0.0,0.0,0.125,0.0,k1814
k1844,0.0,0.0,0.771473691,0.08,0.125,0.648901322,0.0,0.0,0.166666667,0.0,k2486
k1871,0.0,0.0,0.712691316,0.08,0.0,0.50706507,0.0,0.0,0.0,0.0,k1362
k259,0.0,0.0,0.0,0.0,0.0,0.813307405,0.0,0.0,0.0833,0.0,k1689
k709,0.0,0.0,0.713790737,0.08,0.0,0.476595335,0.0,0.0,0.0,0.0,k1016
k2045,0.0,0.0,0.0,0.0,0.0,0.533974494,0.0,0.0,0.0,0.0,k1961
k642,0.0,0.0,0.0,0.0,0.0,0.494195051,0.0,0.0,0.0,0.0,k2484
k3131,0.0,0.0,0.71694241,0.12,0.0,0.885987014,0.0,0.0,0.0417,0.0,k2574
k1609,0.0,0.0,0.716269431,0.12,0.0,0.87457587,0.0,0.0,0.0,0.0,k843
k3108,0.0,0.19047619,0.716322737,0.08,0.0,0.464450278,0.0,0.153846154,0.0,0.0,k3190
k819,0.0,0.0,0.784780016,0.08,0.0,0.484119949,0.0,0.0,0.0,0.0,k78
k1790,0.0,0.0,0.707080937,0.04,0.0,0.824413934,0.0,0.0,0.0,0.0,k1547
k964,0.0,0.0,0.0,0.04,0.0,0.405984755,0.0,0.0,0.0,0.0,k2588
k3206,0.0,0.0,0.0,0.0,0.0,0.401457209,0.0,0.0,0.0,0.0,k1007
k107,0.0,0.0,0.0,0.0,0.0,0.565342023,0.0,0.0,0.0,0.0,k1664
k2255,0.0,0.0,0.822700045,0.0,0.0,0.840408177,0.0,0.0,0.0,0.0,k344
k2063,0.0,0.0,0.685352381,0.04,0.0,0.46189331,0.0,0.0,0.0,0.0,k2473
k1514,0.0,0.0,0.735725851,0.16,0.0,0.917116901,0.0,0.0,0.0,0.0,k746
k208,0.0,0.0,0.0,0.0,0.0,0.13695286,0.0,0.0,0.0,0.0,k586
k1897,0.0,0.0,0.0,0.0,0.0,0.388358806,0.0,0.0,0.0,0.0,k3346
k236,0.0,0.0,0.740623272,0.0,0.0,0.444351925,0.0,0.0,0.0,0.0,k1611
k2979,0.0,0.0,0.0,0.0,0.0,0.489511957,0.0,0.0,0.0,0.0,k2298
k592,0.0,0.0,0.705621706,0.04,0.0833,0.53027993,0.0,0.0769,0.0,0.0,k2888
k794,0.0,0.0,0.0,0.0,0.0,0.41268256,0.0,0.0,0.0,0.0,k2810
k3117,0.0,0.0,0.0,0.0,0.0,0.493734272,0.0,0.0,0.0,0.0,k1851
k2384,0.0,0.0,0.745640629,0.04,0.0,0.428457986,0.0,0.0,0.0417,0.0,k2030
k381,0.0,0.19047619,0.703029738,0.08,0.0417,0.840165905,0.0,0.0769,0.125,0.0833,k1693
k1742,0.0,0.0,0.679895255,0.04,0.0,0.432290815,0.0,0.0,0.0,0.0,k159
k41,0.0,0.0,0.586730988,0.0,0.0,0.412358811,0.0,0.0,0.0,0.0,k190
k3295,0.0,0.0,0.715036747,0.08,0.0,0.623223008,0.0,0.0,0.0,0.0,k736
k3151,0.0,0.0,0.0,0.0,0.0,0.436985636,0.0,0.0,0.0,0.0,k997
k2945,0.0,0.0,0.0,0.04,0.166666667,0.806271654,0.0,0.0,0.25,0.0,k3264
k103,0.0,0.0,0.826564676,0.0,0.0,0.862073116,0.0,0.0,0.0,0.0,k3151
k1102,0.0,0.0,0.679608739,0.04,0.0,0.467452902,0.0,0.0,0.0,0.0,k3280
k1875,0.0,0.0,0.756494913,0.0,0.0,0.614900595,0.0,0.0,0.0833,0.0,k1103
k3037,0.0,0.0,0.0,0.0,0.0,0.793471692,0.0,0.0,0.0833,0.0,k513
k3121,0.0,0.0,0.0,0.0,0.0,0.779546789,0.0,0.0,0.0,0.0,k676
k1382,0.0,0.0,0.0,0.0,0.0,0.496064708,0.0,0.0,0.0,0.0,k1508
k494,0.0,0.0,0.690862812,0.04,0.0,0.519748062,0.0,0.0,0.0,0.0,k3397
k2855,0.0,0.0,0.0,0.08,0.0417,0.440541935,0.0,0.0,0.25,0.166666667,k1319
k3002,0.0,0.0,0.776857522,0.0,0.0417,0.606338379,0.0,0.0769,0.0833,0.0,k655
k3313,0.0,0.0,0.0,0.0,0.0,0.52014619,0.0,0.0,0.0,0.0,k2043
k661,0.0,0.0,0.742508945,0.24,0.0,0.903639814,0.0,0.0,0.0,0.0,k2661
k561,0.0,0.0,0.0,0.0,0.0,0.473512468,0.0,0.0,0.0,0.0,k2555
k1811,0.0,0.142857143,0.888125587,0.12,0.0417,0.933114229,0.0,0.153846154,0.0,0.25,k1646
k680,0.0,0.0,0.647159163,0.0,0.0,0.727830611,0.0,0.0,0.0417,0.0,k2033
k703,0.0,0.0,0.0,0.0,0.0,0.805437129,0.0,0.0,0.0,0.0,k1169
k1829,0.0,0.0,0.0,0.0,0.0,0.801412026,0.0,0.0,0.0,0.0,k1390
k1196,0.0,0.0,0.0,0.0,0.0,0.438930289,0.0,0.0,0.0,0.0,k3248
k1812,0.0,0.0,0.0,0.12,0.0,0.219542456,0.0,0.0,0.5,0.0,k3332
k3066,0.0,0.0,0.772479827,0.04,0.0,0.441870879,0.0,0.0,0.0,0.0,k2826
k767,0.0,0.0,0.657866857,0.0,0.0,0.793722914,0.0,0.0,0.0,0.0,k2372
k276,0.0,0.0,0.0,0.0,0.0,0.412380415,0.0,0.0,0.0,0.0,k678
k66,0.0,0.0,0.716256105,0.0,0.0,0.560850895,0.0,0.0,0.0417,0.0,k1835
k1329,0.0,0.0,0.0,0.0,0.0,0.504907773,0.0,0.0,0.0,0.0,k20
k478,0.0,0.0,0.0,0.0,0.0,0.474255023,0.0,0.0,0.0,0.0,k2117
k2222,0.291987659,0.19047619,0.688677297,0.04,0.0417,0.620010209,0.0,0.153846154,0.166666667,0.166666667,k3410
k73,0.0,0.0,0.0,0.0,0.0,0.46749148,0.0,0.0,0.0,0.0,k709
k2281,0.0,0.0,0.815610445,0.04,0.0,0.628002701,0.0,0.0,0.0417,0.0,k809
k2344,0.0,0.0,0.675830729,0.04,0.0,0.500402449,0.0,0.0,0.0,0.0,k1347
k839,0.0,0.0,0.722646073,0.0,0.0,0.575925122,0.0,0.0,0.0417,0.0,k3250
k339,0.0,0.0,0.733407072,0.08,0.0,0.456120149,0.0,0.0,0.0417,0.0,k2541
k1369,0.0,0.0,0.709606274,0.04,0.0,0.47962234,0.0,0.0,0.0,0.0,k202
k563,0.0,0.238095238,0.707394106,0.08,0.0,0.844270942,0.0,0.0769,0.0833,0.0833,k1688
k1893,0.0,0.0,0.87768442,0.0,0.166666667,0.822587793,0.0,0.0,0.0417,0.166666667,k76
k3343,0.0,0.0,0.727137041,0.08,0.125,0.452472497,0.0,0.0,0.0,0.0833,k950
k818,0.0,0.0,0.69322157,0.04,0.0,0.795191975,0.0,0.0,0.0833,0.0,k3227
k323,0.0,0.0,0.678649245,0.08,0.0,0.459754531,0.0,0.0,0.0,0.0,k4
k573,0.0,0.0,0.743588377,0.04,0.0,0.782344485,0.0,0.0,0.0,0.0,k1483
k1004,0.0,0.0,0.0,0.0,0.0,0.583277832,0.0,0.0,0.0,0.0,k1010
k2498,0.0,0.0,0.759779849,0.04,0.0,0.436210984,0.0,0.0,0.0,0.0,k3136
k1435,0.0,0.0952,0.769388122,0.24,0.125,0.917024313,0.0,0.153846154,0.0,0.25,k2468
k2074,0.0,0.142857143,0.693268212,0.16,0.0,0.694449297,0.0,0.0,0.0833,0.0,k459
k330,0.300505385,0.0,0.0,0.0,0.0,0.635710022,0.0,0.0,0.0417,0.0,k2771
k3291,0.0,0.0,0.832874686,0.0,0.0,0.842483996,0.0,0.0,0.0,0.0,k245
k1151,0.0,0.0,0.822200308,0.0,0.0417,0.49867229,0.0,0.0,0.0833,0.0,k723
k2602,0.0,0.0476,0.855775958,0.04,0.0,0.884334321,0.0909,0.0,0.0,0.0,k2095
k2693,0.0,0.0,0.0,0.0,0.0,0.551866478,0.0,0.0,0.0833,0.0,k1479
k2025,0.0,0.0,0.791782994,0.12,0.0,0.848847559,0.0,0.0,0.0,0.0,k628
k2079,0.0,0.0,0.0,0.0,0.0,0.81611868,0.0,0.0,0.0,0.0,k1423
k1489,0.0,0.0,0.0,0.0,0.0,0.712223386,0.0,0.0,0.0,0.0,k2967
k1892,0.0,0.0,0.666302414,0.04,0.0,0.451044175,0.0,0.0,0.0417,0.0,k2240
k491,0.0,0.0,0.0,0.0,0.0,0.257222624,0.0,0.0,0.0,0.0,k1257
k2235,0.0,0.0,0.722706041,0.04,0.0417,0.500960753,0.0,0.0,0.0417,0.0,k2585
k3420,0.0,0.0,0.755342186,0.0,0.0417,0.851533533,0.0,0.0,0.166666667,0.0,k2857
k241,0.0,0.0,0.0,0.0,0.0,0.421630558,0.0,0.0,0.0,0.0,k1198
k2356,0.0,0.0,0.704775485,0.08,0.0833,0.53996215,0.0,0.153846154,0.208333333,0.333333333,k201
k3140,0.0,0.0,0.675770761,0.04,0.0,0.445994742,0.0,0.0,0.0,0.0,k3157
k2396,0.0,0.0,0.643514416,0.08,0.0,0.529683973,0.0,0.0,0.25,0.0,k3430
k1763,0.0,0.0,0.0,0.0,0.0,0.438922265,0.0,0.0,0.0,0.0,k1459
k2584,0.0,0.0,0.0,0.0,0.0,0.783721266,0.0,0.0,0.0,0.0,k2802
k815,0.0,0.0,0.806022162,0.0,0.0,0.46261457,0.0,0.0,0.0,0.0,k3112
k2490,0.0,0.0,0.723099168,0.08,0.125,0.596020389,0.0,0.0,0.0,0.166666667,k2003
k441,0.0,0.0,0.73703183,0.04,0.0,0.58779581,0.0,0.0,0.0,0.0,k2630
k2621,0.0,0.0,0.742782135,0.12,0.333333333,0.539602909,0.0,0.0,0.0,0.0,k3046
k1052,0.0,0.0,0.726683946,0.04,0.0,0.448258824,0.0,0.0,0.0,0.0,k1340
k97,0.323843955,0.0,0.754635892,0.0,0.0,0.67377443,0.0,0.0,0.125,0.0,k2508
k1784,0.0,0.0,0.788238195,0.04,0.0417,0.887327378,0.0,0.0,0.0,0.166666667,k2631
k476,0.0,0.0,0.698512117,0.04,0.0,0.439149105,0.0,0.0,0.0,0.0,k2169
k1816,0.0,0.0,0.81378474,0.0,0.0,0.871113085,0.0,0.0,0.0,0.0,k1326
k501,0.0,0.0,0.765803344,0.0,0.0,0.483274005,0.0,0.0,0.0417,0.0,k637
k1810,0.0,0.0,0.0,0.0,0.0,0.500647189,0.0,0.0,0.0417,0.0,k3045
k1608,0.0,0.0,0.662337835,0.04,0.0,0.797807273,0.0,0.0,0.0417,0.0,k2170
k135,0.0,0.0,0.75836726,0.04,0.0,0.371734041,0.0,0.0,0.0417,0.0,k598
k2630,0.0,0.0,0.0,0.0,0.0,0.567688199,0.0,0.0,0.0,0.0,k435
k1146,0.0,0.0,0.637264374,0.0,0.0,0.274441495,0.0,0.0,0.0417,0.0,k135
k3055,0.0,0.0,0.0,0.0,0.0,0.358885008,0.0,0.0,0.0,0.0,k3049
k1182,0.0,0.0,0.660398857,0.0,0.0,0.392966904,0.0,0.0,0.0,0.0,k2385
k147,0.0,0.0,0.0,0.0,0.0,0.472352342,0.0,0.0,0.0,0.0,k1617
k481,0.0,0.0,0.0,0.0,0.0,0.24032781,0.0,0.0,0.0,0.0,k2179
k1403,0.0,0.0,0.0,0.0,0.0,0.585703325,0.0,0.0,0.0,0.0,k322
k269,0.0,0.0,0.0,0.0,0.0,0.424510658,0.0,0.0,0.0,0.0,k402
k1538,0.0,0.0,0.793275542,0.04,0.0,0.411369664,0.0,0.0,0.0833,0.0,k80
k2948,0.0,0.0,0.67870255,0.04,0.0,0.834335031,0.0,0.0,0.0,0.0,k351
k12,0.0,0.0,0.0,0.0,0.0,0.80474272,0.0,0.0,0.0,0.0,k3050
k1877,0.0,0.0,0.686052013,0.04,0.0,0.537000882,0.0,0.0,0.0417,0.0,k926
k2424,0.0,0.0,0.666495646,0.04,0.125,0.822365583,0.0,0.0,0.0833,0.166666667,k1515
k2514,0.0,0.0,0.0,0.04,0.0,0.803868691,0.0,0.0,0.0,0.0,k1777
k2873,0.0,0.0,0.0,0.0,0.0,0.410987277,0.0,0.0,0.0,0.0,k1889
k2718,0.0,0.0,0.694067791,0.24,0.0,0.28559833,0.0,0.0,0.0,0.0,k1766
k30,0.0,0.0,0.724405147,0.0,0.0,0.427438594,0.0,0.0,0.0,0.0,k1240
k2590,0.0,0.0,0.0,0.0,0.0,0.391110826,0.0,0.0,0.0,0.0,k437
k1831,0.0,0.0,0.0,0.0,0.0,0.403122556,0.0,0.0,0.0,0.0,k606
k778,0.0,0.0,0.806328667,0.0,0.0,0.42534364,0.0,0.0,0.0,0.0,k1108
k2335,0.0,0.0,0.826431413,0.0,0.125,0.577807125,0.0,0.0,0.0833,0.0,k1342
k2661,0.0,0.0,0.755015692,0.0,0.0,0.763571064,0.0,0.0,0.0417,0.0,k1783
k3306,0.0,0.0,0.0,0.0,0.0,0.464422502,0.0,0.0,0.0,0.0,k1260
k1867,0.0,0.0,0.0,0.0,0.0,0.202750106,0.0,0.0,0.0,0.0,k3241
k2329,0.0,0.0,0.0,0.0,0.0,0.568489392,0.0,0.0,0.0,0.0,k2324
k1000,0.0,0.0,0.710485811,0.08,0.0,0.522115842,0.0,0.0,0.0,0.0,k1402
k3208,0.0,0.0,0.71128539,0.08,0.0,0.280004173,0.0,0.0,0.0,0.0,k982
k1999,0.0,0.0,0.775331659,0.04,0.0,0.839540011,0.0,0.0,0.0,0.0,k565
k1746,0.0,0.0,0.684059729,0.08,0.125,0.510034671,0.0,0.0,0.0417,0.166666667,k924
k2922,0.0,0.0,0.738017977,0.04,0.0,0.605403859,0.0,0.0,0.0833,0.0,k1656
k2743,0.0,0.0,0.0,0.0,0.0,0.445793209,0.0,0.0,0.0,0.0,k3423
k1129,0.0,0.0,0.0,0.0,0.0,0.522400087,0.0,0.0,0.0,0.0,k2959
k2391,0.0,0.0,0.0,0.0,0.0,0.741560155,0.0,0.0,0.0,0.0,k3192
k452,0.0,0.0,0.740549977,0.0,0.0,0.587062515,0.0,0.0,0.0417,0.0,k569
k1777,0.0,0.0,0.0,0.0,0.0,0.778210129,0.0,0.0,0.0,0.0,k2246
k654,0.0,0.0,0.813118424,0.0,0.0,0.838938807,0.0,0.0,0.0,0.0,k902
k822,0.0,0.0,0.0,0.0,0.0,0.368028675,0.0,0.0,0.0,0.0,k2001
k1185,0.0,0.0,0.698245591,0.04,0.125,0.603206132,0.0,0.0,0.0417,0.166666667,k574
k3356,0.0,0.0,0.736098988,0.04,0.0833,0.549289759,0.0,0.0,0.0,0.0,k1626
k1333,0.0,0.0,0.0,0.0,0.0417,0.577379677,0.0,0.0,0.0,0.0,k447
k1408,0.0,0.0,0.0,0.0,0.0,0.505667919,0.0,0.0,0.0,0.0,k1980
k726,0.0,0.0,0.0,0.0,0.0417,0.818509607,0.0,0.0,0.0833,0.0,k2672
k949,0.0,0.0,0.694694128,0.04,0.0,0.463582113,0.0,0.0,0.0417,0.0,k453
k1666,0.0,0.0,0.664629962,0.0,0.0,0.408552525,0.0,0.0,0.0833,0.0,k1368
k431,0.0,0.0,0.0,0.0,0.0,0.467370499,0.0,0.0,0.0,0.0,k3396
k860,0.0,0.142857143,0.748612397,0.2,0.333333333,0.920770109,0.0,0.153846154,0.0,0.25,k219
k1964,0.0,0.0,0.82693115,0.0,0.0,0.597188539,0.0,0.0,0.0,0.0,k1797
k1694,0.0,0.0,0.729868936,0.04,0.0,0.498508101,0.0,0.0,0.0417,0.0,k3221
k882,0.0,0.0,0.735252767,0.0,0.0417,0.810468353,0.0,0.0,0.0417,0.0,k546
k2917,0.0,0.0,0.823852771,0.0,0.0,0.846510024,0.0,0.0,0.0,0.0,k2057
k203,0.304896746,0.0,0.697052885,0.04,0.0,0.569700133,0.0,0.0,0.0417,0.0,k2870
k2879,0.0,0.0,0.650970489,0.08,0.0,0.517085853,0.0,0.0,0.0833,0.0,k2590
k1917,0.0,0.0,0.7141772,0.12,0.125,0.55464041,0.0,0.153846154,0.208333333,0.5,k517
k2313,0.0,0.0,0.784440195,0.0,0.0,0.418535655,0.0,0.0,0.0,0.0,k1937
k2691,0.0,0.0,0.0,0.04,0.0417,0.815685678,0.0,0.0,0.125,0.0,k2163
k465,0.0,0.0,0.674151613,0.04,0.0,0.430570532,0.0,0.0,0.125,0.0,k1181
k3045,0.0,0.0,0.0,0.04,0.0,0.751300705,0.0,0.0,0.0,0.0,k1911
k126,0.0,0.0,0.711312042,0.0,0.0,0.776941675,0.0,0.0,0.0417,0.0,k2636
k1014,0.0,0.0,0.727483525,0.0,0.0,0.583444799,0.0,0.0,0.0417,0.0,k3164
k896,0.0,0.0,0.0,0.0,0.0,0.441469357,0.0,0.0,0.0,0.0,k1044
k1565,0.0,0.0,0.0,0.24,0.0,0.226651659,0.0,0.0,0.5,0.0,k2350
k1013,0.0,0.0,0.680721487,0.04,0.0,0.515889927,0.0,0.0,0.0,0.0,k1641
k777,0.0,0.0,0.0,0.0,0.0,0.321597103,0.0,0.0,0.0,0.0,k151
k2218,0.0,0.0,0.0,0.0,0.0,0.554595968,0.0,0.0,0.0,0.166666667,k1659
k2014,0.0,0.0,0.696426549,0.08,0.0,0.450877208,0.0,0.0,0.0,0.0,k1285
k751,0.0,0.0,0.725877704,0.04,0.0,0.478426414,0.0,0.0,0.0,0.0,k686
k3237,0.0,0.0,0.664150214,0.04,0.0,0.455789302,0.0,0.0,0.0,0.0,k1813
k1994,0.0,0.0,0.0,0.0,0.0,0.392936967,0.0,0.0,0.0,0.0,k2291
k191,0.0,0.0,0.0,0.0,0.0,0.424112221,0.0,0.0,0.0,0.0,k2122
k2995,0.0,0.0,0.0,0.0,0.0,0.420880288,0.0,0.0,0.0,0.0,k2825
k980,0.0,0.0,0.746853324,0.04,0.0,0.454137844,0.0,0.0,0.0,0.0,k2839
k2779,0.0,0.0,0.0,0.0,0.0,0.491388404,0.0,0.0,0.0,0.0,k1763
k314,0.0,0.0,0.0,0.0,0.0,0.53244772,0.0,0.0,0.0,0.0,k2048
k3395,0.0,0.0,0.750764597,0.04,0.0,0.465201166,0.0,0.0,0.0,0.0,k3140
k1673,0.0,0.0,0.699698159,0.04,0.0,0.754411657,0.0,0.0,0.0,0.0,k2369
k2706,0.0,0.0,0.0,0.0,0.0,0.484637515,0.0,0.0,0.0833,0.0,k1279
k3133,0.0,0.0,0.798659373,0.0,0.0,0.564336827,0.0,0.0,0.0833,0.0,k238
k708,0.0,0.0,0.813038466,0.0,0.0,0.59490378,0.0,0.0,0.0,0.0,k2929
k3058,0.0,0.0,0.809573625,0.0,0.0,0.505923462,0.0,0.0,0.0417,0.0,k2797
k1253,0.0,0.0,0.689010454,0.08,0.0,0.518491954,0.0,0.0,0.0,0.0,k346
k1299,0.0,0.0,0.0,0.0,0.0,0.393344045,0.0,0.0,0.0,0.0,k2512
k2597,0.0,0.0,0.825505234,0.0,0.0,0.873442595,0.0,0.0,0.0,0.0,k2015
k1432,0.0,0.0,0.665336256,0.0,0.0,0.526051752,0.0,0.0,0.125,0.0,k3408
k979,0.0,0.0,0.0,0.0,0.0,0.0,0.0,0.0,0.0,0.0,k1883
k2798,0.0,0.0,0.0,0.0,0.0,0.507156115,0.0,0.0,0.0833,0.0,k2992
k863,0.0,0.0,0.709359737,0.08,0.0,0.804305397,0.0,0.0,0.0,0.0,k1939
k2893,0.0,0.0,0.0,0.0,0.0,0.814245011,0.0,0.0,0.0,0.0,k189
k2703,0.0,0.0,0.0,0.0,0.0,0.435262885,0.0,0.0,0.0,0.0,k2146
k2339,0.0,0.0,0.0,0.0,0.0,0.420416114,0.0,0.0,0.0,0.0,k2694
k2955,0.0,0.0,0.715436537,0.04,0.0,0.527630374,0.0,0.0,0.0,0.0,k3161
k753,0.0,0.0,0.626523364,0.04,0.0,0.206286653,0.0,0.0,0.0833,0.0,k804
k42,0.0,0.0,0.0,0.04,0.0,0.820892818,0.0,0.0,0.0417,0.0,k335
k1872,0.0,0.0,0.0,0.0,0.0,0.825312345,0.0,0.0,0.0,0.0,k2897
k513,0.0,0.0,0.72299922,0.04,0.0,0.826650548,0.0,0.0,0.0,0.0,k515
k1570,0.0,0.0,0.737378314,0.08,0.0,0.489831694,0.0,0.0,0.0,0.0,k1272
k2124,0.0,0.0,0.0,0.0,0.0,0.569471132,0.0,0.0,0.0417,0.0,k2786
k3042,0.306486722,0.0,0.688783907,0.04,0.0833,0.559215485,0.0,0.0,0.125,0.0,k82
k545,0.0,0.0,0.72707041,0.04,0.0,0.511037706,0.0,0.0,0.0,0.0,k91
k2874,0.0,0.0,0.680248403,0.08,0.0,0.838585122,0.0,0.0,0.0,0.0,k1498
k1104,0.0,0.0,0.689363602,0.04,0.0417,0.552817047,0.0,0.0,0.0833,0.0,k1735
k2611,0.0,0.0,0.760559439,0.0,0.0,0.40971944,0.0,0.0,0.0,0.0,k807
k603,0.0,0.0,0.0,0.04,0.0,0.516404406,0.0,0.0,0.208333333,0.0,k862
k3134,0.0,0.0,0.0,0.0,0.0417,0.808186371,0.0,0.0,0.0417,0.0,k1856
k963,0.0,0.0,0.639409911,0.04,0.0,0.253274987,0.0,0.0,0.125,0.0,k1247
k1853,0.0,0.0,0.0,0.0,0.0,0.394154188,0.0,0.0,0.0,0.0,k899
k1077,0.0,0.0,0.717668694,0.08,0.0,0.811403798,0.0,0.0,0.0,0.0,k2647
k706,0.0,0.0,0.736925219,0.08,0.0,0.464023757,0.0,0.0,0.0,0.0,k497
k864,0.0,0.0,0.744234703,0.04,0.0,0.855729922,0.0,0.0,0.0,0.0,k506
k2701,0.0,0.0,0.742955377,0.0,0.0,0.471212277,0.0,0.0,0.0,0.0,k3080
k1180,0.0,0.0,0.741656061,0.08,0.0,0.503714624,0.0,0.0,0.0,0.0,k1728
k1716,0.0,0.0,0.0,0.12,0.0,0.358029187,0.0,0.0,0.0,0.0,k2492
k148,0.0,0.0,0.611717829,0.0,0.0,0.449329757,0.0,0.0,0.0833,0.0,k1802
k1863,0.0,0.0,0.0,0.0,0.0,0.394413743,0.0,0.0,0.0,0.0,k2943
k3409,0.0,0.0952,0.747826145,0.16,0.0,0.909849681,0.0,0.153846154,0.0,0.0,k452
k2506,0.0,0.0,0.768108796,0.0,0.0,0.41865139,0.0,0.0,0.0,0.0,k2940
k1062,0.0,0.0,0.621099554,0.0,0.0,0.518882057,0.0,0.0,0.125,0.0,k283
k120,0.0,0.0,0.0,0.0,0.0,0.428493478,0.0,0.0,0.0,0.0,k2268
k2441,0.0,0.0,0.724418473,0.08,0.0,0.895920147,0.0,0.0,0.0,0.0,k1473
k1768,0.0,0.0,0.0,0.0,0.0,0.751365516,0.0,0.0,0.0,0.0,k2446
k568,0.0,0.0,0.0,0.0,0.0,0.557207563,0.0,0.0,0.0,0.0,k2252
k2039,0.0,0.0,0.807468067,0.0,0.0,0.559516704,0.0,0.0,0.0417,0.0,k1191
k295,0.0,0.0,0.0,0.04,0.0,0.82102059,0.0,0.0,0.166666667,0.0,k2953
k127,0.0,0.0,0.742442314,0.04,0.0417,0.824191415,0.0,0.0,0.0,0.0,k1204
k2957,0.0,0.0,0.833660939,0.0,0.0,0.553674102,0.0,0.0,0.0,0.0,k22
k2818,0.0,0.0,0.0,0.04,0.0833,0.764733659,0.0,0.0,0.25,0.0,k1873
k118,0.0,0.0,0.757674292,0.0,0.0,0.838402107,0.0,0.0,0.0417,0.0,k1819
k3114,0.0,0.0,0.0,0.0,0.0,0.435008577,0.0,0.0,0.0,0.0,k8
k2926,0.0,0.0,0.883241493,0.04,0.0,0.884804667,0.0,0.0,0.0,0.0,k1925
k3062,0.0,0.0,0.0,0.0,0.0,0.784750534,0.0,0.0,0.0,0.0,k542
k975,0.0,0.0952,0.882815051,0.04,0.0,0.898282063,0.0,0.0,0.0,0.0,k887
k2845,0.0,0.0,0.845394759,0.0,0.0,0.86954835,0.0,0.0,0.0,0.0,k3220
k1430,0.0,0.0,0.0,0.08,0.208333333,0.810226081,0.0,0.0,0.375,0.5,k3178
k2423,0.0,0.0,0.0,0.0,0.0,0.432292049,0.0,0.0,0.0,0.0,k3232
k881,0.0,0.0,0.0,0.0,0.0,0.544098358,0.0,0.0,0.0,0.166666667,k116
k782,0.0,0.0,0.0,0.0,0.0,0.438810542,0.0,0.0,0.0,0.0,k31
k1055,0.0,0.0,0.661564909,0.08,0.0,0.456839557,0.0,0.0,0.0833,0.0,k155
k1686,0.0,0.0,0.0,0.0,0.0,0.819540419,0.0,0.0,0.0,0.0,k1983
k2913,0.0,0.0,0.777090732,0.0,0.0,0.473103539,0.0,0.0,0.0,0.0,k1545
k484,0.0,0.0,0.747199808,0.0,0.0,0.58296149,0.0,0.0,0.0417,0.0,k2935
k1351,0.0,0.0,0.731254872,0.04,0.0417,0.867241678,0.0,0.0,0.0417,0.0,k405
k2088,0.0,0.0,0.0,0.0,0.0,0.221610868,0.0,0.0,0.0,0.0,k875
k2111,0.0,0.0,0.734613104,0.12,0.0,0.896429689,0.0,0.0,0.0,0.0,k2138
k3138,0.0,0.0,0.699051833,0.04,0.0,0.444902514,0.0,0.0,0.0,0.0,k1256
k1927,0.0,0.0,0.605780955,0.04,0.0,0.23714927,0.0,0.0,0.0,0.0,k264
k229,0.0,0.0,0.0,0.0,0.0,0.447397448,0.0,0.0,0.0,0.0,k2056
k3211,0.0,0.0,0.74359504,0.0,0.0417,0.841861189,0.0,0.0,0.0417,0.0,k1726
k1367,0.0,0.0,0.726064273,0.08,0.0,0.528177569,0.0,0.0,0.0,0.0,k539
k1834,0.0,0.0,0.754356039,0.12,0.0,0.426627525,0.0,0.0,0.0,0.0,k2167
k2908,0.0,0.0,0.657740257,0.04,0.0,0.704413601,0.0,0.0,0.125,0.0,k1616
k2300,0.0,0.0,0.0,0.0,0.0,0.518258015,0.0,0.0,0.0833,0.0,k3040
k3097,0.0,0.0,0.0,0.0,0.0,0.353021111,0.0,0.0,0.0,0.0,k40
k1594,0.0,0.0,0.746833334,0.0,0.0417,0.80134166,0.0,0.0,0.166666667,0.0,k3184
k1923,0.0,0.0,0.0,0.04,0.0,0.463337989,0.0,0.0,0.0417,0.0,k731
k2535,0.0,0.0,0.753169997,0.04,0.0,0.483166912,0.0,0.0,0.0,0.0,k21
k3217,0.0,0.0,0.0,0.0,0.0,0.405436326,0.0,0.0,0.0,0.0,k199
k1792,0.0,0.0,0.0,0.04,0.0,0.400463742,0.0,0.0,0.0417,0.0,k1629
k346,0.0,0.0,0.784446858,0.04,0.0,0.443585606,0.0,0.0,0.0,0.0,k1160
k686,0.0,0.0,0.0,0.0,0.0,0.403670059,0.0,0.0,0.0417,0.0,k56
k2223,0.0,0.0,0.0,0.0,0.0,0.522851607,0.0,0.0,0.0833,0.0,k2260
k2761,0.0,0.0,0.0,0.0,0.0,0.82718694,0.0,0.0,0.0417,0.0,k2313
k2826,0.0,0.0,0.776084595,0.04,0.0,0.481306513,0.0,0.0,0.0,0.0,k779
k2998,0.0,0.0,0.740210156,0.12,0.166666667,0.546584959,0.0,0.0,0.0,0.0,k2331
k3146,0.0,0.0,0.663956983,0.04,0.0,0.414287725,0.0,0.0,0.0833,0.0,k2153
k629,0.0,0.0,0.0,0.0,0.0,0.449003539,0.0,0.0,0.0,0.0,k3386
k1355,0.0,0.0,0.659439362,0.08,0.0,0.815638458,0.0,0.0,0.0,0.0,k622
k1191,0.0,0.0,0.0,0.0,0.0,0.786181943,0.0,0.0,0.0,0.0,k1745
k3378,0.0,0.0476,0.726104252,0.0,0.0417,0.821668705,0.0,0.0,0.0417,0.0833,k1514
k1199,0.0,0.0,0.759433365,0.04,0.0,0.430527942,0.0,0.0,0.0,0.0,k2045
k3174,0.0,0.0,0.652016605,0.0,0.0,0.541171656,0.0,0.0,0.125,0.0,k85
k1677,0.0,0.0,0.0,0.0,0.0,0.792739323,0.0,0.0,0.0,0.0,k2575
k2712,0.0,0.0,0.676923487,0.0,0.0,0.839617476,0.0,0.0,0.125,0.0,k466
k2857,0.0,0.0,0.0,0.0,0.0833,0.840491814,0.0,0.0,0.0,0.0,k2455
k1201,0.0,0.0,0.691802317,0.0,0.0,0.361154027,0.0,0.0,0.0,0.0,k401
k398,0.0,0.0,0.703342906,0.0,0.0417,0.556152987,0.0,0.0,0.0417,0.0,k3056
k655,0.0,0.0,0.679801971,0.04,0.0,0.815296192,0.0,0.0,0.0417,0.0,k1955
k1440,0.0,0.0,0.866936747,0.12,0.0,0.863523968,0.0,0.0,0.0,0.0,k1224
k519,0.0,0.0,0.850212222,0.0,0.0,0.855239516,0.0,0.0,0.0,0.0,k1172
k546,0.0,0.0,0.0,0.04,0.0,0.450985845,0.0,0.0,0.0417,0.0,k1517
k628,0.0,0.0,0.615482513,0.04,0.0,0.24400756,0.0,0.0,0.0,0.0,k1258
k493,0.0,0.0,0.725004831,0.0,0.0,0.802749921,0.0,0.0,0.0417,0.0,k2174
k2055,0.0,0.0,0.724991504,0.12,0.166666667,0.529991982,0.0,0.0,0.0,0.0,k288
k2909,0.0,0.0,0.0,0.0,0.0,0.402923801,0.0,0.0,0.0,0.0,k829
k2394,0.0,0.0,0.710665716,0.04,0.0,0.799467682,0.0,0.0,0.0,0.0,k2256
k1574,0.0,0.0,0.0,0.0,0.0,0.266190066,0.0,0.0,0.0,0.0,k3355
k2008,0.0,0.0,0.613510218,0.04,0.0,0.241007097,0.0,0.0,0.0,0.0,k2741
k3376,0.0,0.0,0.670986614,0.0,0.0,0.282483058,0.0,0.0,0.0417,0.0,k2452
k2876,0.0,0.0,0.0,0.0,0.0,0.378157168,0.0,0.0,0.0,0.0,k639
k1960,0.0,0.0,0.0,0.0,0.0,0.510144851,0.0,0.0,0.0,0.0,k3006
k2095,0.0,0.0,0.0,0.04,0.0,0.801953357,0.0,0.0,0.0833,0.0,k2142
k2238,0.0,0.0,0.0,0.0,0.0,0.403929613,0.0,0.0,0.0,0.0,k290
k3370,0.0,0.0,0.0,0.0,0.0,0.401214012,0.0,0.0,0.0,0.0,k55
k1547,0.0,0.0,0.0,0.0,0.0,0.427966036,0.0,0.0,0.0,0.0,k1177
k3064,0.0,0.0,0.0,0.12,0.0,0.465510718,0.0,0.0,0.333333333,0.0,k1379
k2393,0.0,0.0,0.0,0.0,0.0,0.394106969,0.0,0.0,0.0,0.0,k2772
k718,0.0,0.0,0.722919263,0.04,0.0,0.598387552,0.0,0.0,0.0,0.0,k571
k2574,0.0,0.0,0.0,0.0,0.0,0.427383967,0.0,0.0769,0.0,0.0,k13
k505,0.0,0.0,0.0,0.0,0.0,0.579038543,0.0,0.0,0.0,0.0,k138
k2144,0.0,0.0,0.743368493,0.0,0.0,0.776869765,0.0,0.0,0.0417,0.0,k1784
k1597,0.0,0.19047619,0.731801251,0.08,0.25,0.729624655,0.0,0.153846154,0.0833,0.166666667,k2592
k1237,0.0,0.0,0.68729136,0.0,0.0,0.320199644,0.0,0.0,0.0,0.0,k901
k2510,0.0,0.0,0.720913652,0.04,0.0,0.458172822,0.0,0.0,0.0,0.0,k852
k3314,0.0,0.0,0.83273476,0.0,0.0,0.556143111,0.0,0.0,0.0,0.0,k1474
k593,0.0,0.0,0.0,0.0,0.0,0.432462411,0.0,0.0,0.0,0.0,k350
k3214,0.0,0.0,0.0,0.0,0.0,0.487638288,0.0,0.0,0.0,0.0,k2477
k2524,0.0,0.0,0.682713771,0.08,0.0,0.856852704,0.0,0.0,0.0,0.0,k3174
k895,0.0,0.0,0.0,0.08,0.0,0.42563344,0.0,0.0,0.0833,0.0,k3218
k3201,0.0,0.0,0.0,0.0,0.0,0.818691697,0.0,0.0,0.0,0.0,k111
k1,0.0,0.0,0.817462803,0.0,0.0,0.507568131,0.0,0.0,0.0,0.0,k109
k2226,0.0,0.0,0.753383218,0.08,0.0,0.444939241,0.0,0.0,0.0417,0.0,k398
k2628,0.0,0.0,0.678269445,0.08,0.0,0.825530235,0.0,0.0,0.0,0.0,k1129
k3135,0.0,0.0952,0.902937786,0.0,0.0,0.472456349,0.0,0.0,0.0,0.0,k3257
k859,0.0,0.0476,0.809407046,0.04,0.0833,0.540132203,0.0,0.0,0.0417,0.0,k944
k2358,0.0,0.0,0.0,0.0,0.0,0.401238393,0.0,0.0,0.0,0.0,k3395
k710,0.0,0.0,0.747726198,0.08,0.0833,0.604021214,0.0,0.0,0.0833,0.0,k1130
k2242,0.0,0.0,0.723005884,0.04,0.0,0.499301888,0.0,0.0,0.0833,0.0,k354
k439,0.0,0.0,0.825225381,0.0,0.0417,0.613591402,0.0,0.0,0.0417,0.0833,k2649
k1298,0.0,0.0,0.0,0.0,0.0,0.551543964,0.0,0.0,0.125,0.0,k3096
k1109,0.0,0.0,0.0,0.0,0.0,0.782281525,0.0,0.0,0.0,0.0,k1104
k1583,0.0,0.0,0.0,0.0,0.0,0.836255612,0.0,0.0,0.0,0.0,k1722
k2901,0.0,0.0,0.66116512,0.0,0.0,0.239006582,0.0,0.0,0.0417,0.0,k2513
k2964,0.0,0.0,0.0,0.0,0.0,0.431536532,0.0,0.0,0.0,0.0,k3059
k2775,0.0,0.0,0.0,0.0,0.0,0.42364527,0.0,0.0,0.0,0.0,k2010
k2894,0.0,0.0,0.684432865,0.08,0.0,0.838485436,0.0,0.0,0.0,0.0,k1910
k2293,0.0,0.0,0.0,0.16,0.0,0.838395625,0.0,0.0,0.208333333,0.0,k1601
k2846,0.0,0.0,0.614149881,0.04,0.0,0.752306209,0.0,0.0,0.0,0.0,k1694
k1385,0.0,0.0,0.668294698,0.0,0.0,0.758787976,0.0,0.0,0.0417,0.0,k3005
k2699,0.0,0.0,0.0,0.0,0.0,0.487783651,0.0,0.0,0.0,0.0,k449
k2005,0.0,0.0,0.0,0.0,0.0,0.751418909,0.0,0.0,0.0,0.0,k1166
k2841,0.0,0.0,0.0,0.0,0.0,0.476921861,0.0,0.0,0.0,0.0,k656
k1081,0.0,0.0,0.0,0.0,0.0,0.413139018,0.0,0.0,0.0,0.0,k614
k2433,0.0,0.0,0.0,0.0,0.0,0.498285582,0.0,0.0,0.0,0.0,k3411
k1472,0.0,0.0,0.696606454,0.04,0.0,0.48412211,0.0,0.0769,0.0,0.0,k725
k624,0.0,0.0,0.645433405,0.0,0.0,0.209287117,0.0,0.0,0.0417,0.0,k527
k2875,0.0,0.0,0.768375322,0.12,0.0,0.428342252,0.0,0.0,0.0,0.0,k2926
k350,0.0,0.0,0.0,0.0,0.0,0.521794254,0.0,0.0,0.0833,0.0,k119
k981,0.0,0.0,0.734966251,0.04,0.0,0.55519316,0.0,0.0,0.0833,0.0,k1403
k3152,0.0,0.0,0.791163321,0.0,0.0,0.571902489,0.0,0.0,0.0417,0.0,k3267
k518,0.0,0.0,0.744421271,0.04,0.0,0.463647542,0.0,0.0,0.0,0.0,k891
k79,0.0,0.0,0.661718162,0.0,0.0,0.193855809,0.0,0.0,0.0,0.0,k839
k982,0.0,0.0,0.828137181,0.08,0.0417,0.854006863,0.0,0.0,0.0,0.0833,k3097
k1682,0.0,0.0,0.699211748,0.08,0.0,0.468247306,0.0,0.0,0.0,0.0,k2960
k2468,0.0,0.0,0.0,0.0,0.0,0.442310672,0.0,0.0,0.0,0.0,k1963
k1121,0.0,0.0,0.0,0.0,0.0,0.741586079,0.0,0.0,0.0,0.0,k2916
k1636,0.0,0.0,0.679002392,0.0,0.0,0.5911049,0.0,0.0,0.166666667,0.0,k3027
k2872,0.0,0.0,0.0,0.0,0.0,0.477105803,0.0,0.0,0.0,0.0,k2785
k1053,0.0,0.0,0.69915178,0.04,0.0,0.623758783,0.0,0.0,0.0417,0.0,k960
k636,0.0,0.0,0.0,0.0,0.0,0.792413413,0.0,0.0,0.0,0.0,k2674
k1524,0.0,0.0,0.681027992,0.04,0.0,0.813965087,0.0,0.0,0.0,0.0,k49
k2351,0.0,0.0,0.0,0.0,0.0,0.812299432,0.0,0.0,0.0833,0.0,k224
k2723,0.0,0.0,0.688137581,0.04,0.0,0.518358936,0.0,0.0,0.0,0.0,k2344
k719,0.0,0.0,0.724471778,0.0,0.0,0.567669064,0.0,0.0,0.0417,0.0,k2112
k1796,0.0,0.0952,0.808520846,0.12,0.0833,0.649850964,0.0,0.153846154,0.25,0.166666667,k836
k59,0.0,0.0,0.686724992,0.04,0.0,0.550982882,0.0,0.0,0.0417,0.0,k627
k26,0.0,0.0,0.0,0.0,0.0,0.721842338,0.0,0.0,0.0,0.0,k1338
k554,0.0,0.0,0.726723925,0.08,0.0,0.473372352,0.0,0.0,0.0,0.0,k1339
k633,0.0,0.0,0.763704449,0.04,0.0,0.820250567,0.0,0.0,0.0,0.0,k1293
k2214,0.218735212,0.0,0.0,0.0,0.0,0.775749144,0.0,0.0,0.0,0.0,k1320
k1009,0.0,0.0,0.610018723,0.0,0.0,0.419217102,0.0,0.0,0.0,0.0,k500
k677,0.0,0.0,0.0,0.0,0.0,0.784930772,0.0,0.0,0.0,0.0,k3206
k3367,0.0,0.0,0.923233764,0.08,0.0,0.330447267,0.0,0.0,0.0,0.0,k18
k2151,0.0,0.0,0.728129852,0.0,0.0417,0.576034993,0.0,0.0,0.0417,0.0833,k1507
k1858,0.0,0.0,0.0,0.0,0.0,0.345918388,0.0,0.0,0.0,0.0,k2312
k2372,0.0,0.0,0.697186149,0.04,0.0,0.461732825,0.0,0.0,0.0,0.0,k1613
k2213,0.0,0.0476,0.82085435,0.08,0.0,0.837335803,0.0909,0.0,0.0,0.0,k3256
k1613,0.0,0.0,0.0,0.0,0.0,0.817329421,0.0,0.0,0.0,0.0,k1862
k1552,0.0,0.0,0.0,0.08,0.0,0.409680862,0.0,0.0,0.25,0.0,k1356
k3059,0.0,0.0,0.678269445,0.04,0.0,0.439897832,0.0,0.0,0.125,0.0,k1789
k65,0.0,0.0,0.0,0.0,0.0,0.484002671,0.0,0.0,0.0,0.0,k3047
k1285,0.0,0.0,0.758993597,0.0,0.0,0.832405192,0.0,0.0,0.0417,0.0,k212
k1722,0.0,0.0,0.767635712,0.04,0.0,0.821575191,0.0,0.0,0.0833,0.0,k1954
k1504,0.0,0.0,0.0,0.0,0.0,0.435008577,0.0,0.0,0.0,0.0,k2244
k1455,0.0,0.0952,0.82855696,0.04,0.0,0.91502781,0.0,0.0769,0.0,0.0,k2083
k2257,0.0,0.0,0.763704449,0.04,0.0,0.827793699,0.0,0.0,0.0,0.0,k3337
k3199,0.0,0.0,0.670480214,0.0,0.0,0.345918388,0.0,0.0,0.0,0.0,k2949
k614,0.0,0.0,0.710046042,0.04,0.0,0.835805635,0.0,0.0,0.0417,0.0,k1418
k2774,0.0,0.0,0.626523364,0.04,0.0,0.0,0.0,0.0,0.0,0.0,k1944
k3281,0.0,0.0,0.670646793,0.04,0.0,0.336742624,0.0,0.0,0.0833,0.0,k1401
k671,0.0,0.0,0.0,0.0,0.0,0.773048665,0.0,0.0,0.0,0.0,k1598
k168,0.0,0.238095238,0.800971488,0.12,0.125,0.93030604,0.0,0.153846154,0.0,0.0,k2362
k1589,0.0,0.0,0.704382359,0.08,0.0833,0.493643844,0.0,0.0,0.0417,0.0,k1265
k889,0.0,0.0,0.667741656,0.0,0.0417,0.60111519,0.0,0.0,0.166666667,0.0,k1621
k3231,0.0,0.0,0.0,0.0,0.0,0.397231808,0.0,0.0,0.0,0.0,k572
k49,0.0,0.0,0.701850359,0.24,0.0,0.82802486,0.0,0.0,0.0,0.0,k1085
k2627,0.0,0.0,0.69296837,0.04,0.0,0.486257186,0.0,0.0,0.0,0.0,k262
k3099,0.0,0.0,0.0,0.0,0.0,0.509300449,0.0,0.0,0.125,0.0,k1634
k1396,0.0,0.0,0.757634313,0.04,0.0,0.828206333,0.0,0.0,0.0,0.0,k2310
k608,0.0,0.0,0.77050087,0.04,0.0,0.469025661,0.0,0.0,0.0,0.0,k275
k1926,0.0,0.0,0.757634313,0.04,0.0,0.828206333,0.0,0.0,0.0,0.0,k3054
k102,0.304366754,0.19047619,0.711165453,0.08,0.0833,0.628885063,0.0,0.153846154,0.0,0.0,k2277
k2808,0.0,0.0,0.787072142,0.0,0.0417,0.770860505,0.0,0.0,0.0417,0.0,k738
k124,0.0,0.0,0.672319245,0.04,0.0417,0.842185246,0.0,0.0,0.125,0.0,k1790
k1912,0.0,0.0476,0.697059549,0.04,0.0,0.627633584,0.0,0.0,0.0417,0.0,k2334
k2931,0.0,0.0,0.0,0.04,0.0,0.273048356,0.0,0.0,0.0,0.0,k3401
k2462,0.0,0.0,0.0,0.0,0.0,0.235627125,0.0,0.0,0.0,0.0,k2152
k2133,0.0,0.761904762,0.734599777,0.2,0.0,0.572296296,0.0,0.615384615,0.0417,0.0,k3160
k2343,0.0,0.142857143,0.835440002,0.04,0.0,0.916609211,0.0455,0.0769,0.0,0.166666667,k2366
k2571,0.0,0.0,0.792429321,0.0,0.0,0.44229987,0.0,0.0,0.0,0.0,k1737
k2073,0.0,0.0,0.0,0.0,0.0,0.459794035,0.0,0.0,0.0,0.0,k2847
k3350,0.0,0.0,0.0,0.0,0.0,0.493349723,0.0,0.0,0.0,0.0,k3068
k1748,0.0,0.0,0.76417087,0.0,0.0417,0.800206224,0.0,0.0,0.166666667,0.0,k3090
k1267,0.0,0.0,0.86806282,0.04,0.0,0.8728596,0.0,0.0,0.0,0.0,k1771
k3173,0.0,0.0,0.0,0.0,0.0,0.507875214,0.0,0.0,0.0,0.0,k2214
k1619,0.0,0.0,0.0,0.0,0.0,0.408149459,0.0,0.0,0.0,0.0,k2964
k1251,0.0,0.0,0.0,0.0,0.0,0.83380728,0.0,0.0,0.0417,0.0,k2009
k947,0.0,0.0,0.868922368,0.04,0.0,0.844085149,0.0,0.0,0.0,0.0,k1949
k1127,0.0,0.0,0.680281718,0.04,0.0,0.387608845,0.0,0.0,0.0,0.0,k3004
k1870,0.0,0.0,0.714230505,0.04,0.0,0.809904184,0.0,0.0,0.0,0.0,k1463
k1652,0.0,0.0,0.763317986,0.0,0.0,0.859159376,0.0,0.0,0.0,0.0,k1385
k2188,0.0,0.0,0.730535251,0.04,0.0417,0.468401619,0.0,0.0,0.0,0.166666667,k827
k1416,0.0,0.0,0.0,0.0,0.0,0.451113924,0.0,0.0,0.0,0.0,k717
k2827,0.0,0.0,0.681954171,0.04,0.125,0.60708618,0.0,0.0,0.208333333,0.0,k2720
k1173,0.0,0.0,0.803956583,0.0,0.0,0.405144366,0.0,0.0,0.0,0.0,k334
k1774,0.0,0.0,0.0,0.0,0.0,0.392776173,0.0,0.0,0.0,0.0,k2264
k247,0.0,0.0,0.0,0.0,0.0,0.563298609,0.0,0.0,0.0417,0.0,k2306
k1320,0.0,0.0,0.685505634,0.04,0.0,0.294302206,0.0,0.0,0.0,0.0,k2307
k3359,0.0,0.0,0.0,0.0,0.0,0.442082597,0.0,0.0,0.0,0.0,k2232
k1968,0.0,0.0,0.684766023,0.04,0.0,0.452849021,0.0,0.0,0.0,0.0,k1729
k1049,0.0,0.0,0.603388882,0.0,0.0,0.37806705,0.0,0.0,0.0,0.0,k2129
k283,0.0,0.0,0.638070616,0.04,0.0,0.315055772,0.0,0.0,0.0,0.0,k1864
k558,0.0,0.0,0.0,0.0,0.0,0.592092504,0.0,0.0,0.0,0.0,k634
k10,0.0,0.0,0.722039726,0.08,0.166666667,0.505156835,0.0,0.0,0.0,0.0,k382
k1246,0.0,0.0,0.0,0.0,0.0,0.366475977,0.0,0.0,0.0,0.0,k2712
k1592,0.0,0.0,0.698425496,0.04,0.0,0.502097732,0.0,0.0,0.0833,0.0,k1153
k278,0.0,0.0,0.0,0.0,0.0,0.436647073,0.0,0.0,0.0,0.0,k743
k2806,0.0,0.0,0.674204919,0.04,0.0,0.473119587,0.0,0.0,0.0,0.0,k1908
k1234,0.0,0.0,0.644307331,0.0,0.0,0.239721051,0.0,0.0,0.0417,0.0,k1429
k1502,0.0,0.0,0.68085475,0.04,0.0,0.816104792,0.0,0.0,0.0,0.0,k1454
k9,0.0,0.19047619,0.713111095,0.08,0.0,0.620132425,0.0,0.153846154,0.0,0.0,k2130
k724,0.0,0.0,0.751257671,0.04,0.0,0.82294117,0.0,0.0,0.0,0.0,k668
k814,0.0,0.0,0.747746187,0.08,0.0,0.326980778,0.0,0.0,0.0,0.0,k477
k332,0.0,0.0,0.701617148,0.0,0.0,0.813770035,0.0,0.0,0.0,0.0,k677
k2412,0.305634949,0.0,0.709586285,0.0,0.0417,0.860987678,0.0,0.0,0.0417,0.0,k3365
k2660,0.0,0.0,0.0,0.0,0.0,0.383318015,0.0,0.0,0.0,0.0,k2101
k273,0.0,0.0476,0.657680288,0.0,0.0,0.751012757,0.0,0.0,0.0,0.0,k2394
k2219,0.0,0.0,0.69611338,0.04,0.0417,0.442951688,0.0,0.0,0.125,0.166666667,k1065
k1684,0.0,0.0,0.832268339,0.0,0.0833,0.581841486,0.0,0.0,0.0417,0.166666667,k3199
k2868,0.0,0.0,0.0,0.0,0.0,0.24378967,0.0,0.0,0.0,0.0,k242
k1158,0.0,0.0,0.745507366,0.08,0.0833,0.562874865,0.0,0.0,0.0833,0.0,k1898
k2623,0.0,0.0,0.80279053,0.0,0.0,0.458807049,0.0,0.0,0.0,0.0,k878
k3390,0.0,0.0,0.742442314,0.0,0.0,0.551849504,0.0,0.0,0.0417,0.0,k963
k51,0.0,0.0,0.802224162,0.08,0.0,0.838588208,0.0,0.0,0.0,0.0,k1590
k3326,0.0,0.0,0.0,0.04,0.0,0.795137348,0.0,0.0,0.0,0.0,k5
k1635,0.0,0.0,0.639483206,0.16,0.0,0.334807846,0.0,0.0,0.0833,0.0,k2097
k1564,0.0,0.0,0.683693255,0.12,0.0,0.526854797,0.0,0.0,0.0,0.0,k347
k1086,0.0,0.0,0.0,0.0,0.0,0.573708569,0.0,0.0,0.0833,0.0,k3307
k3098,0.0,0.0,0.0,0.0,0.0,0.208894236,0.0,0.0,0.0,0.0,k438
k1447,0.0,0.0,0.7168358,0.04,0.0833,0.501973356,0.0,0.0769,0.0,0.0,k638
k1379,0.0,0.0,0.75494906,0.04,0.125,0.487274417,0.0,0.0,0.0,0.0,k412
k2333,0.30166001,0.0,0.0,0.0,0.0417,0.873027802,0.0,0.0,0.125,0.0,k2936
k1698,0.0,0.0,0.83018277,0.0,0.0,0.660908731,0.0,0.0,0.0417,0.0,k1799
k159,0.0,0.0,0.0,0.04,0.0,0.421176261,0.0,0.0,0.0,0.0,k1754
k234,0.0,0.0,0.0,0.0,0.0,0.394469296,0.0,0.0,0.0,0.0,k2580
k1465,0.0,0.0,0.703862632,0.08,0.0,0.516057202,0.0,0.0,0.0,0.0,k523
k371,0.0,0.0,0.674817929,0.04,0.0,0.498731238,0.0,0.0,0.0,0.0,k1972
k1322,0.0,0.0,0.67353194,0.0,0.0,0.41701814,0.0,0.0,0.0417,0.0,k2731
k1429,0.307944199,0.0952,0.722526136,0.04,0.0833,0.877472327,0.0,0.0769,0.125,0.0,k522
k2137,0.0,0.0,0.0,0.04,0.0417,0.601329376,0.0,0.0,0.0417,0.0,k2668
k2509,0.0,0.0,0.642668195,0.0,0.0,0.30962642,0.0,0.0,0.0,0.0,k1527
k1054,0.0,0.0,0.740963093,0.04,0.0,0.481469468,0.0,0.0,0.0,0.0,k1594
k2311,0.0,0.0,0.752930123,0.04,0.0,0.830043893,0.0,0.0,0.0,0.0,k612
k2050,0.0,0.0,0.672132677,0.0,0.0,0.415123176,0.0,0.0,0.0,0.0,k239
k1010,0.0,0.0476,0.718781442,0.08,0.0417,0.768262799,0.0,0.0,0.125,0.0,k3052
k2865,0.0,0.0,0.0,0.0,0.0,0.274334401,0.0,0.0,0.0,0.0,k1117
k2781,0.0,0.0,0.0,0.0,0.0,0.596999969,0.0,0.0,0.0,0.0,k2522
k3337,0.0,0.0,0.817462803,0.0,0.0,0.538028299,0.0,0.0,0.0,0.0,k842
k2018,0.0,0.0,0.69638657,0.04,0.0,0.438531853,0.0,0.0,0.0,0.0,k1013
k288,0.0,0.0,0.0,0.0,0.0,0.426941397,0.0,0.0,0.0,0.0,k482
k1117,0.0,0.0,0.706021495,0.04,0.0,0.486051949,0.0,0.0,0.0,0.0,k2456
k1496,0.0,0.0,0.698685359,0.04,0.0,0.416696861,0.0,0.0,0.0833,0.0,k1113
k542,0.0,0.0476,0.757254513,0.04,0.0,0.821477356,0.0,0.0,0.0,0.0,k1824
k1258,0.0,0.0,0.680288381,0.04,0.0,0.594442075,0.0,0.0,0.0417,0.0,k2908
k2715,0.0,0.0476,0.721306778,0.0,0.0,0.838417846,0.0,0.0,0.125,0.0,k1208
k2933,0.0,0.0,0.685892097,0.04,0.0833,0.447288194,0.0,0.0,0.0417,0.0,k3197
k946,0.0,0.0,0.0,0.0,0.0,0.590960155,0.0,0.0,0.0,0.0,k2360
k1400,0.0,0.0,0.723172463,0.12,0.0,0.425362466,0.0,0.0,0.0,0.0,k880
k1576,0.0,0.0,0.0,0.0,0.0,0.76276092,0.0,0.0,0.0,0.0,k2075
k2444,0.0,0.0,0.726104252,0.12,0.166666667,0.540512431,0.0,0.0,0.0,0.0,k146
k1743,0.0,0.0476,0.701110748,0.04,0.0,0.624606887,0.0,0.0,0.0417,0.0,k2400
k1070,0.0,0.0,0.0,0.0,0.0,0.59281222,0.0,0.0,0.0,0.0,k1886
k1022,0.0,0.0952,0.777517174,0.48,0.25,0.953798972,0.0,0.153846154,0.0,0.5,k34
k1110,0.0,0.0,0.0,0.0,0.0,0.810340581,0.0,0.0,0.0,0.0,k1740
k3069,0.0,0.0,0.68828417,0.12,0.0,0.501843424,0.0,0.0,0.0,0.0,k1481
k1032,0.0,0.0,0.818708813,0.04,0.0,0.410302435,0.0,0.0,0.0,0.0,k2215
k2835,0.0,0.0,0.705062001,0.04,0.0,0.479438091,0.0,0.0,0.0,0.0,k3086
k1548,0.0,0.0,0.831815244,0.0,0.0,0.601709604,0.0,0.0,0.0,0.0,k2038
k3030,0.0,0.0,0.746720061,0.04,0.0,0.436161604,0.0,0.0,0.0,0.0,k578
k1894,0.0,0.0,0.70482879,0.04,0.0,0.475803092,0.0,0.0,0.0,0.0,k1371
k1891,0.0,0.0,0.0,0.04,0.0,0.367026257,0.0,0.0,0.0833,0.0,k2402
k3209,0.293331567,0.0,0.705361843,0.04,0.0833,0.588730639,0.0,0.0769,0.0,0.0,k1039
k2427,0.0,0.0,0.74207584,0.04,0.0417,0.488626817,0.0,0.0,0.0,0.0,k867
k54,0.0,0.0,0.0,0.0,0.0,0.418381342,0.0,0.0,0.0,0.0,k733
k1098,0.0,0.0,0.0,0.0,0.0,0.736619358,0.0,0.0,0.0,0.0,k2925
k616,0.0,0.0,0.720520526,0.04,0.0,0.41687679,0.0,0.0,0.0,0.0,k1358
k2642,0.0,0.0,0.693101633,0.04,0.0,0.456706848,0.0,0.0,0.0,0.0,k1681
k328,0.0,0.0,0.71280459,0.04,0.0,0.337166059,0.0,0.0,0.0,0.0,k218
k1696,0.0,0.0,0.0,0.0,0.0,0.414304391,0.0,0.0,0.0,0.0,k2018
k3385,0.0,0.0,0.809067225,0.0,0.0,0.833152067,0.0,0.0,0.0,0.0,k1033
k3091,0.0,0.0,0.0,0.0,0.0,0.811999447,0.0,0.0,0.0,0.0,k805
k2632,0.0,0.0,0.81682314,0.0,0.0,0.839153303,0.0,0.0,0.0,0.0,k1674
k903,0.0,0.0,0.0,0.0,0.0,0.818027225,0.0,0.0,0.0,0.0,k3065
k1629,0.0,0.0,0.0,0.0,0.0,0.805093937,0.0,0.0,0.0,0.0,k3368
k2485,0.0,0.333333333,0.720260663,0.28,0.375,0.951850615,0.0,0.230769231,0.0,0.666666667,k1290
k2244,0.0,0.0,0.0,0.0,0.0,0.462707775,0.0,0.0,0.0,0.0,k1292
k1138,0.0,0.0,0.0,0.0,0.0,0.406177646,0.0,0.0,0.0,0.0,k84
k2782,0.0,0.19047619,0.737671493,0.08,0.166666667,0.641035367,0.0,0.0,0.166666667,0.0,k644
k2469,0.0,0.0,0.0,0.0,0.0,0.775638964,0.0,0.0,0.0,0.0,k2881
k397,0.0,0.0,0.0,0.04,0.0,0.789367273,0.0,0.0,0.0833,0.0,k3302
k858,0.0,0.0,0.0,0.0,0.0,0.580523344,0.0,0.0,0.0,0.0,k2678
k64,0.0,0.0,0.70105078,0.16,0.166666667,0.577272276,0.0,0.0,0.0833,0.0,k2501
k2784,0.0,0.0,0.769914512,0.08,0.0,0.549147173,0.0,0.0,0.0,0.0,k1929
k56,0.0,0.0,0.0,0.0,0.0,0.456603767,0.0,0.0,0.0,0.0,k1933
k1562,0.0,0.0,0.665902625,0.04,0.0,0.435941245,0.0,0.0,0.0,0.0,k1304
k1439,0.0,0.0,0.729155978,0.08,0.0,0.497189033,0.0,0.0,0.0,0.0,k2840
k2697,0.0,0.0,0.687464602,0.04,0.0417,0.551959684,0.0,0.0,0.0833,0.0,k1317
k1528,0.0,0.0,0.0,0.0,0.0,0.816501377,0.0,0.0,0.0,0.0,k443
k3196,0.0,0.0,0.0,0.0,0.0,0.371600714,0.0,0.0,0.0,0.0,k2447
k1940,0.0,0.0,0.698705349,0.08,0.0,0.454373943,0.0,0.0,0.0,0.0,k825
k2096,0.0,0.0,0.0,0.0,0.0,0.214895163,0.0,0.0,0.0,0.0,k1884
k1157,0.0,0.0,0.0,0.0,0.0,0.412535654,0.0,0.0,0.0,0.0,k2464
k498,0.0,0.0,0.740416714,0.08,0.0,0.441769033,0.0,0.0,0.0417,0.0,k2627
k885,0.0,0.0,0.0,0.0,0.0,0.550147739,0.0,0.0,0.0,0.166666667,k2051
k1072,0.0,0.0,0.0,0.0,0.0,0.808183593,0.0,0.0,0.0,0.0,k136
k1807,0.0,0.0,0.0,0.0,0.0,0.805938646,0.0,0.0,0.0,0.0,k1701
k584,0.0,0.0,0.0,0.0,0.0,0.391766039,0.0,0.0,0.0,0.0,k3028
k3264,0.0,0.0,0.748479134,0.0,0.0,0.821455753,0.0,0.0,0.0,0.0,k2701
k1638,0.0,0.0,0.69096276,0.04,0.0,0.822796733,0.0,0.0,0.0,0.0,k2183
k2292,0.0,0.0,0.669167572,0.0,0.0,0.383101668,0.0,0.0,0.0417,0.0,k2544
k875,0.0,0.0,0.670580161,0.0,0.0,0.781934938,0.0,0.0,0.0417,0.0,k1544
k365,0.0,0.0,0.0,0.0,0.0,0.560850895,0.0,0.0,0.0,0.0,k2762
k1667,0.0,0.0,0.0,0.0,0.0,0.809709132,0.0,0.0,0.0,0.0,k2708
k910,0.0,0.0,0.746226987,0.04,0.0,0.873177794,0.0,0.0,0.0,0.0,k838
k2594,0.0,0.0476,0.759826491,0.08,0.0417,0.873156499,0.0,0.0,0.0417,0.166666667,k2632
k2975,0.0,0.0,0.711891737,0.0,0.0,0.608323462,0.0,0.0,0.0833,0.0,k2516
k507,0.322235051,0.0476,0.740396724,0.08,0.125,0.525410118,0.0,0.0769,0.0,0.0,k989
k2737,0.0,0.0,0.0,0.0,0.0,0.402131249,0.0,0.0,0.0,0.0,k2922
k725,0.0,0.0,0.0,0.0,0.0,0.805011533,0.0,0.0,0.0,0.0,k15
k823,0.0,0.0,0.700944169,0.04,0.0,0.616917467,0.0,0.0,0.0417,0.0,k2543
k572,0.0,0.0,0.0,0.0,0.0,0.78166705,0.0,0.0,0.0,0.0,k2094
k271,0.0,0.0,0.695866843,0.0,0.0,0.563422985,0.0,0.0,0.0417,0.0,k870
k1862,0.0,0.0476,0.765050407,0.04,0.125,0.890658997,0.0,0.0,0.0833,0.0,k2119
k2582,0.0,0.0476,0.791003405,0.0,0.0,0.895635903,0.0,0.0,0.0,0.0,k3385
k340,0.0,0.0,0.692075507,0.04,0.0,0.495867804,0.0,0.0,0.0,0.0,k1001
k2030,0.0,0.0,0.0,0.0,0.0,0.465562567,0.0,0.0,0.0,0.0,k2999
k1222,0.0,0.0,0.0,0.0,0.0,0.393922719,0.0,0.0,0.0,0.0,k781
k320,0.0,0.0,0.750044976,0.0,0.0,0.437837753,0.0,0.0,0.0417,0.0,k195
k2756,0.0,0.0,0.0,0.0,0.0,0.420310256,0.0,0.0,0.0,0.0,k1151
k2767,0.0,0.0,0.659612604,0.0,0.0,0.22600447,0.0,0.0,0.0417,0.0,k1468
k435,0.0,0.285714286,0.733007283,0.08,0.0,0.910163245,0.0,0.230769231,0.0417,0.0,k1028
k1152,0.0,0.0,0.0,0.0,0.0,0.484465919,0.0,0.0,0.0,0.0,k3319
k1585,0.0,0.0,0.693814591,0.0,0.0,0.40325866,0.0,0.0,0.0,0.0,k1569
k2,0.0,0.0,0.0,0.0,0.0,0.38203197,0.0,0.0,0.0,0.0,k3285
k2256,0.309212394,0.0,0.685092518,0.08,0.0833,0.504170774,0.0,0.0,0.125,0.0,k965
k171,0.0,0.0,0.0,0.0,0.0,0.400579476,0.0,0.0,0.0,0.0,k1416
k2481,0.0,0.0,0.852211169,0.0,0.0,0.766209509,0.0,0.0,0.0,0.0,k380
k1183,0.0,0.0,0.0,0.0,0.0,0.478003905,0.0,0.0,0.0,0.0,k2757
k2914,0.0,0.0,0.0,0.0,0.0,0.506927423,0.0,0.0,0.0,0.0,k2614
k1727,0.0,0.0,0.0,0.0,0.0,0.385966954,0.0,0.0,0.0,0.0,k2865
k1366,0.0,0.0,0.720920315,0.08,0.0,0.495545907,0.0,0.0,0.0,0.0,k1720
k1406,0.0,0.0,0.0,0.0,0.0,0.497494573,0.0,0.0,0.0,0.0,k2792
k2896,0.0,0.0,0.0,0.0,0.0,0.503797645,0.0,0.0,0.0417,0.0,k2295
k930,0.0,0.0,0.683280139,0.04,0.0,0.609840977,0.0,0.0,0.0833,0.0,k3388
k3240,0.0,0.0,0.750677976,0.08,0.0,0.541989207,0.0,0.0,0.0,0.0,k140
k3253,0.0,0.0,0.0,0.0,0.0,0.432078171,0.0,0.0,0.0,0.0,k3079
k2477,0.0,0.0,0.67832275,0.04,0.0,0.607301601,0.0,0.0,0.0833,0.0,k2356
k2891,0.0,0.0,0.0,0.0,0.0,0.481968516,0.0,0.0,0.0,0.0,k3132
k1093,0.0,0.380952381,0.749718482,0.16,0.125,0.637980894,0.0,0.307692308,0.0833,0.166666667,k667
k2028,0.0,0.0,0.682433918,0.0,0.0,0.207479185,0.0,0.0,0.0,0.0,k2728
k1848,0.0,0.0,0.803210309,0.0,0.0,0.437935896,0.0,0.0,0.0,0.0,k645
k1709,0.0,0.0,0.73374023,0.04,0.0833,0.52381236,0.0,0.0,0.0417,0.0,k1316
k3026,0.0,0.0,0.741482819,0.04,0.0,0.463967895,0.0,0.0,0.0417,0.0,k713
k2546,0.0,0.0,0.710539116,0.16,0.0,0.465828603,0.0,0.0,0.0,0.0,k1803
k2171,0.0,0.0,0.0,0.0,0.0,0.723314793,0.0,0.0,0.0,0.0,k1029
k1407,0.0,0.0,0.0,0.0,0.0,0.818926253,0.0,0.0,0.0,0.0,k3126
k299,0.0,0.0,0.0,0.0,0.0417,0.799063999,0.0,0.0,0.0,0.0,k2027
k454,0.0,0.0,0.0,0.0,0.0,0.466891511,0.0,0.0,0.0,0.0,k2433
k610,0.0,0.0,0.761418986,0.04,0.0,0.460581958,0.0,0.0,0.0,0.0,k2727
k3303,0.0,0.0,0.0,0.0,0.0,0.531614121,0.0,0.0,0.0833,0.0,k378
k1238,0.0,0.0,0.0,0.0,0.0,0.246363921,0.0,0.0,0.0,0.0,k640
k1094,0.0,0.0,0.714310463,0.04,0.0,0.28799759,0.0,0.0,0.0,0.0,k374
k2003,0.0,0.0,0.0,0.0,0.0,0.583416714,0.0,0.0,0.0,0.0,k2584
k475,0.0,0.0,0.0,0.0,0.0,0.481211456,0.0,0.0,0.0,0.0,k1999
k2860,0.0,0.0,0.72350562,0.16,0.166666667,0.807595969,0.0,0.0,0.0833,0.0,k2469
k231,0.0,0.0,0.642081837,0.0,0.0,0.388783167,0.0,0.0,0.0,0.0,k3154
k857,0.0,0.0,0.0,0.0,0.0,0.57813396,0.0,0.0,0.0,0.0,k2538
k527,0.0,0.0,0.0,0.0,0.0,0.410199354,0.0,0.0,0.0,0.0,k1398
k3408,0.0,0.0,0.0,0.04,0.0,0.488669099,0.0,0.0,0.0417,0.0,k2667
k2639,0.0,0.19047619,0.710898927,0.16,0.0,0.562262859,0.0,0.153846154,0.0,0.0,k2379
k448,0.0,0.0,0.651783394,0.04,0.0,0.264697549,0.0,0.0,0.125,0.0,k1918
k1681,0.0,0.0952,0.843242559,0.04,0.0,0.921074414,0.0,0.0769,0.0,0.0,k1056
k219,0.0,0.0476,0.769414775,0.04,0.0833,0.887938149,0.0,0.0,0.0,0.0,k2108
k214,0.0,0.0,0.680734813,0.08,0.0,0.527742097,0.0,0.0,0.0,0.0,k823
k352,0.0,0.0,0.758253986,0.0,0.0,0.5598636,0.0,0.0,0.0417,0.0,k3209
k3067,0.0,0.0,0.0,0.0,0.0,0.401967368,0.0,0.0,0.0,0.0,k3228
k1712,0.0,0.0,0.890324429,0.04,0.0,0.879684251,0.0,0.0,0.0,0.0,k1751
k2161,0.0,0.0,0.714077253,0.04,0.0,0.42411253,0.0,0.0,0.0,0.0,k1284
k2090,0.0,0.0,0.0,0.0,0.0,0.386889129,0.0,0.0,0.0,0.0,k1581
k2665,0.0,0.0,0.804796141,0.04,0.0,0.477834469,0.0,0.0,0.0417,0.0,k1236
k689,0.0,0.0,0.0,0.0,0.0,0.40469408,0.0,0.0,0.0,0.0,k2742
k162,0.0,0.0,0.0,0.0,0.0,0.805260595,0.0,0.0,0.0,0.0,k1842
k2929,0.0,0.0,0.0,0.0,0.0,0.396391728,0.0,0.0,0.0,0.0,k210
k400,0.0,0.0,0.812452109,0.04,0.0,0.486131575,0.0,0.0,0.0,0.0,k1136
k1554,0.0,0.0,0.750111608,0.04,0.0,0.274032874,0.0,0.0,0.0,0.0,k2583
k2382,0.0,0.0,0.741276261,0.04,0.0,0.458295655,0.0,0.0,0.0,0.0,k1249
k2308,0.0,0.0,0.0,0.0,0.0,0.432238348,0.0,0.0,0.0,0.0,k3137
k3273,0.0,0.0,0.750944503,0.16,0.0,0.513931694,0.0,0.0,0.0,0.0,k3183
k221,0.0,0.0,0.670653456,0.04,0.0,0.449393334,0.0,0.0,0.0,0.0,k1137
k2134,0.0,0.0,0.702036927,0.04,0.0,0.61603387,0.0,0.0,0.0417,0.0,k1250
k2497,0.0,0.0,0.0,0.0,0.0,0.478758496,0.0,0.0,0.0,0.0,k2789
k1832,0.0,0.0,0.0,0.0,0.0,0.410665688,0.0,0.0,0.0,0.0,k3231
k553,0.0,0.0,0.0,0.04,0.0417,0.506469113,0.0,0.0,0.0417,0.0,k2413
k492,0.0,0.0,0.69790577,0.04,0.0,0.441834153,0.0,0.0,0.0,0.0,k1850
k165,0.0,0.0,0.0,0.0,0.0,0.513578317,0.0,0.0,0.0,0.0,k3314
k3220,0.0,0.0,0.0,0.0,0.0,0.487220408,0.0,0.0,0.0,0.0,k1744
k1755,0.0,0.0,0.80910054,0.0,0.0,0.885777148,0.0,0.0,0.0,0.0,k2981
k405,0.0,0.0,0.777976932,0.0,0.0,0.77309465,0.0,0.0,0.0,0.0,k1367
k1431,0.0,0.0,0.0,0.0,0.0,0.44365443,0.0,0.0,0.0,0.0,k404
k3286,0.0,0.0,0.669440761,0.04,0.0,0.425432524,0.0,0.0,0.0,0.0,k3426
k851,0.0,0.0,0.727157031,0.04,0.0417,0.859697003,0.0,0.0,0.0417,0.0,k3076
k2093,0.0,0.0,0.694221044,0.04,0.0833,0.818636144,0.0,0.0,0.0417,0.0,k1655
k2376,0.0,0.0476,0.734166672,0.04,0.0833,0.602134273,0.0,0.0,0.0,0.0,k1870
k2072,0.0,0.0,0.0,0.0,0.0,0.463033684,0.0,0.0,0.0,0.0,k935
k888,0.0,0.0,0.0,0.0,0.0,0.459253014,0.0,0.0,0.0,0.0,k2257
k461,0.0,0.0,0.698472138,0.04,0.0,0.828464035,0.0,0.0,0.0,0.0,k152
k762,0.0,0.0,0.725797747,0.04,0.0,0.453869956,0.0,0.0,0.0,0.0,k2164
k1448,0.0,0.0,0.0,0.0,0.0,0.502957256,0.0,0.0,0.0833,0.0,k671
k2193,0.0,0.0,0.0,0.0,0.0,0.479424202,0.0,0.0,0.0,0.0,k123
k1545,0.0,0.0,0.0,0.0,0.0,0.508430432,0.0,0.0,0.0,0.0,k1707
k1291,0.0,0.0,0.746520166,0.04,0.0,0.465201166,0.0,0.0,0.0,0.0,k397
k619,0.0,0.0,0.921428048,0.0,0.0833,0.870567125,0.0,0.0,0.0,0.0,k483
k2194,0.0,0.0,0.0,0.04,0.0,0.57375332,0.0,0.0,0.166666667,0.0,k165
k319,0.0,0.0,0.0,0.0,0.0,0.428468788,0.0,0.0,0.0,0.0,k3115
k3181,0.0,0.0,0.776910827,0.04,0.0,0.443257228,0.0,0.0,0.0,0.0,k2644
k735,0.0,0.0,0.725198062,0.0,0.0,0.566368513,0.0,0.0,0.0417,0.0,k44
k1034,0.0,0.0476,0.785439668,0.0,0.0417,0.528266453,0.0,0.0769,0.125,0.0,k3237
k2985,0.0,0.0,0.790683573,0.0,0.0,0.576379729,0.0,0.0,0.125,0.0,k2517
k187,0.0,0.19047619,0.735219451,0.08,0.0,0.468634014,0.0,0.153846154,0.0,0.0,k3083
k3046,0.0,0.0,0.737238388,0.04,0.0,0.429352385,0.0,0.0,0.0,0.0,k549
k1713,0.0,0.0,0.0,0.0,0.0,0.524566025,0.0,0.0,0.0833,0.0,k2039
k520,0.0,0.0476,0.7169624,0.04,0.0833,0.84422403,0.0,0.0,0.0833,0.0,k3109
k1939,0.0,0.0,0.0,0.04,0.0,0.490196799,0.0,0.0,0.0417,0.0,k2131
k2516,0.0,0.0,0.0,0.0,0.0,0.304053866,0.0,0.0,0.0,0.0,k120
k829,0.0,0.0,0.0,0.0,0.0,0.163571866,0.0,0.0,0.0,0.0,k2716
k3077,0.0,0.0,0.0,0.0,0.0,0.413576341,0.0,0.0,0.0,0.0,k1591
k2026,0.0,0.0,0.760579428,0.08,0.0,0.492888945,0.0,0.0,0.0,0.0,k3404
k1288,0.0,0.0476,0.757247849,0.04,0.0,0.821477356,0.0,0.0,0.0,0.0,k2318
k1515,0.0,0.0,0.694760759,0.08,0.0,0.619411783,0.0,0.0,0.208333333,0.0,k2332
k3149,0.0,0.0,0.0,0.0,0.0,0.520727024,0.0,0.0,0.0833,0.0,k2008
k129,0.310991653,0.0,0.0,0.0,0.0417,0.652824578,0.0,0.0,0.0417,0.0,k1610
k1007,0.0,0.0,0.0,0.0,0.0,0.540435891,0.0,0.0,0.0417,0.0,k2603
k128,0.0,0.0,0.0,0.0,0.0,0.633731111,0.0,0.0,0.0417,0.0,k1012
k2797,0.0,0.0,0.705115306,0.12,0.0,0.354169817,0.0,0.0,0.0,0.0,k2932
k1163,0.0,0.0,0.681447771,0.0,0.0,0.756052005,0.0,0.0,0.0417,0.0,k1314
k1593,0.0,0.0,0.0,0.0,0.0,0.810424219,0.0,0.0,0.0,0.0,k851
k2084,0.0,0.0,0.0,0.0,0.0,0.455669247,0.0,0.0,0.0,0.0,k2270
k2132,0.0,0.0,0.680021855,0.0,0.0,0.564625701,0.0,0.0,0.0,0.0,k3266
k1265,0.0,0.0,0.827390907,0.08,0.0,0.45075314,0.0,0.0,0.0417,0.0,k2497
k3223,0.0,0.0,0.700764264,0.04,0.0,0.821610683,0.0,0.0,0.0,0.0,k544
k683,0.0,0.0,0.0,0.0,0.0,0.784475857,0.0,0.0,0.0,0.0,k1329
k2705,0.0,0.0,0.69258857,0.04,0.0,0.436045869,0.0,0.0,0.0,0.0,k3020
k215,0.0,0.0476,0.723458978,0.0,0.0833,0.793828156,0.0,0.0,0.0833,0.0833,k761
k3274,0.0,0.0,0.0,0.0,0.0,0.479253223,0.0,0.0,0.0,0.0,k3421
k2428,0.0,0.0,0.703829317,0.0,0.0,0.391998126,0.0,0.0,0.0,0.0,k3057
k2786,0.0,0.0,0.679288908,0.0,0.0,0.281947283,0.0,0.0,0.0833,0.0,k3311
k607,0.0,0.0,0.648898247,0.0,0.0,0.750669873,0.0,0.0,0.0417,0.0,k320
k2520,0.0,0.0,0.737211735,0.12,0.0417,0.816201392,0.0,0.0,0.166666667,0.0,k86
k383,0.0,0.0,0.0,0.0,0.0,0.195463134,0.0,0.0,0.0,0.0,k2292
k1136,0.0,0.0,0.683433392,0.08,0.0,0.795377459,0.0,0.0,0.0,0.0,k3288
k2305,0.0,0.0,0.0,0.0,0.0,0.256331311,0.0,0.0,0.0,0.0,k213
k1208,0.0,0.0,0.692075507,0.0,0.0,0.569828213,0.0,0.0,0.125,0.0,k3262
k911,0.0,0.0,0.802230825,0.04,0.0,0.809099904,0.0,0.0,0.0,0.0,k2012
k3284,0.0,0.0,0.699484938,0.04,0.0,0.617989017,0.0,0.0,0.0417,0.0,k2066
k1494,0.0,0.0,0.83613297,0.04,0.0,0.897330569,0.0,0.0,0.0,0.0,k1391
k181,0.0,0.0476,0.817382845,0.04,0.0,0.786094293,0.0,0.0,0.0,0.0,k2843
k1345,0.0,0.0,0.828183823,0.0,0.0,0.473103539,0.0,0.0,0.0,0.0,k1497
k534,0.0,0.0,0.829336549,0.0,0.0,0.568279218,0.0,0.0,0.0417,0.0,k1755
k2559,0.0,0.0,0.0,0.04,0.0,0.507782317,0.0,0.0,0.0417,0.0,k72
k1507,0.0,0.0,0.0,0.0,0.0,0.742451776,0.0,0.0,0.0,0.0,k3051
k3279,0.0,0.0,0.0,0.0,0.0,0.484599863,0.0,0.0,0.0,0.0,k521
k2190,0.0,0.0,0.716762505,0.12,0.0,0.555413828,0.0,0.0,0.0,0.0,k721
k2962,0.0,0.0476,0.0,0.0,0.0,0.776098509,0.0,0.0,0.0,0.0,k2339
k2847,0.0,0.0952,0.890864145,0.0,0.166666667,0.864089371,0.0,0.0,0.0,0.0,k2459
k53,0.0,0.0,0.812398803,0.0,0.0,0.414021998,0.0,0.0,0.0,0.0,k934
k1989,0.0,0.0,0.715962926,0.0,0.0,0.563654146,0.0,0.0,0.0417,0.0,k467
k2814,0.0,0.0,0.0,0.0,0.0,0.766183276,0.0,0.0,0.0,0.0,k857
k1307,0.0,0.0952,0.786592395,0.08,0.0,0.472435054,0.0,0.0,0.0,0.166666667,k698
k3426,0.0,0.0,0.769947827,0.0,0.0,0.627791292,0.0,0.0,0.0417,0.0,k1792
k2881,0.0,0.0952,0.785333058,0.0,0.0,0.825853984,0.0,0.0,0.0,0.0,k2236
k3353,0.0,0.0,0.742275735,0.04,0.0417,0.485791469,0.0,0.0,0.0,0.166666667,k2969
k1598,0.0,0.0,0.0,0.0,0.0,0.410868147,0.0,0.0,0.0,0.0,k3253
k713,0.0,0.0,0.0,0.0,0.0,0.408404693,0.0,0.0769,0.0,0.0,k384
k2196,0.0,0.0,0.0,0.0,0.0,0.772167228,0.0,0.0,0.0,0.0,k703
k2076,0.0,0.0,0.755428807,0.04,0.0,0.465283877,0.0,0.0,0.0,0.0,k760
k425,0.0,0.0476,0.693354833,0.04,0.0833,0.597924613,0.0,0.0769,0.125,0.166666667,k1923
k1096,0.0,0.0,0.0,0.0,0.0,0.465871193,0.0,0.0,0.0,0.0,k1577
k1219,0.0,0.0,0.0,0.0,0.0,0.572929905,0.0,0.0,0.0,0.0,k2619
k343,0.35032462,0.0,0.646126373,0.04,0.0,0.700984456,0.0,0.0,0.166666667,0.0,k3019
k2542,0.0,0.0,0.0,0.0,0.0,0.406318689,0.0,0.0,0.0,0.0,k635
k1971,0.0,0.0,0.750997808,0.0,0.0417,0.50321928,0.0,0.0,0.0417,0.0833,k3298
k957,0.0,0.0,0.830842423,0.0,0.0,0.589842619,0.0,0.0,0.0417,0.0833,k2422
k2819,0.0,0.0,0.687204739,0.12,0.0,0.257736178,0.0,0.0,0.0,0.0,k1759
k1506,0.0,0.0,0.756168418,0.04,0.0,0.463125655,0.0,0.0,0.0,0.0,k2261
k1640,0.0,0.0,0.750038313,0.0,0.0,0.588048575,0.0,0.0,0.0417,0.0,k3258
k3230,0.0,0.0,0.0,0.0,0.0,0.811523545,0.0,0.0,0.0,0.0,k1791
k1654,0.0,0.0,0.662564383,0.0,0.0,0.728795068,0.0,0.0,0.0417,0.0,k2907
k1778,0.0,0.0,0.0,0.0,0.0,0.38022805,0.0,0.0,0.0,0.0,k231
k3355,0.0,0.0,0.741869282,0.04,0.0,0.414865164,0.0,0.0,0.0,0.0,k2548
k211,0.0,0.0952,0.869548704,0.08,0.0,0.90867258,0.0,0.0,0.0,0.0,k2107
k3224,0.0,0.0,0.738684293,0.0,0.0,0.42094047,0.0,0.0,0.0,0.0,k2238
k1244,0.0,0.0,0.728496325,0.0,0.0,0.850008611,0.0,0.0,0.0833,0.0,k101
k3021,0.0,0.0,0.733653609,0.08,0.0,0.543323398,0.0,0.0,0.0,0.0,k533
k1531,0.409437641,0.0,0.0,0.0,0.0,0.667580303,0.0,0.0,0.0,0.0,k1082
k1368,0.0,0.0,0.700311169,0.04,0.0,0.615528649,0.0,0.0,0.0417,0.0,k2047
k649,0.0,0.0,0.0,0.0,0.0,0.501976751,0.0,0.0,0.0,0.0,k3149
k3060,0.0,0.0,0.0,0.0,0.0,0.388963405,0.0,0.0,0.0,0.0,k3414
k2460,0.0,0.0,0.705448464,0.16,0.0417,0.653555404,0.0,0.0,0.541666667,0.166666667,k1168
k2021,0.0,0.0,0.717528768,0.08,0.0,0.428777723,0.0,0.0,0.0417,0.0,k753
k1272,0.0,0.0,0.880716156,0.04,0.0,0.448899532,0.0,0.0,0.0833,0.0,k3216
k3427,0.0,0.0,0.0,0.0,0.0,0.472849231,0.0,0.0,0.0,0.0,k2898
k1249,0.0,0.0,0.636811279,0.04,0.0,0.228254663,0.0,0.0,0.0417,0.0,k1662
k807,0.0,0.0,0.697006243,0.04,0.0,0.634046219,0.0,0.0,0.0417,0.0,k176
k3070,0.0,0.0,0.713917337,0.08,0.125,0.853584353,0.0,0.0,0.0,0.0,k922
k760,0.0,0.0,0.0,0.0,0.0,0.403828693,0.0,0.0,0.0,0.0,k388
k2974,0.0,0.0,0.0,0.0,0.0,0.508430432,0.0,0.0,0.0,0.0,k577
k1433,0.0,0.0,0.0,0.0,0.0,0.460892744,0.0,0.0769,0.0,0.0,k897
k1269,0.0,0.0,0.677396571,0.04,0.0,0.811925685,0.0,0.0,0.0,0.0,k1575
k1959,0.0,0.0,0.682667129,0.12,0.125,0.846054492,0.0,0.0,0.208333333,0.0,k1902
k1491,0.0,0.0476,0.769834554,0.04,0.0,0.932861156,0.363636364,0.0,0.0,0.0,k415
k781,0.0,0.142857143,0.713577516,0.08,0.25,0.841746688,0.0,0.153846154,0.25,0.0833,k2212
k2130,0.0,0.0,0.0,0.0,0.0,0.213363451,0.0,0.0,0.0417,0.0,k3114
k989,0.0,0.0,0.710126,0.0,0.0,0.560508011,0.0,0.0,0.0417,0.0,k1244
k1590,0.0,0.0,0.677989592,0.04,0.0,0.444034349,0.0,0.0,0.125,0.0,k2620
k1378,0.0,0.0,0.760459491,0.0,0.0,0.433221014,0.0,0.0,0.0,0.0,k1215
k1035,0.0,0.0,0.0,0.0,0.0,0.622183863,0.0,0.0,0.0417,0.0,k1127
k379,0.0,0.0,0.741975893,0.0,0.0,0.438254398,0.0,0.0,0.0,0.0,k2743
k1625,0.0,0.0,0.0,0.0,0.0,0.53064843,0.0,0.0,0.0,0.0,k2972
k1948,0.0,0.0,0.0,0.0,0.0,0.794535527,0.0,0.0,0.0,0.0,k1296
k736,0.0,0.0,0.0,0.04,0.166666667,0.833884128,0.0,0.0,0.291666667,0.0833,k1637
k806,0.0,0.0,0.68022175,0.04,0.0,0.455152298,0.0,0.0,0.0,0.0,k1322
k3260,0.0,0.0,0.720720421,0.04,0.0,0.844162614,0.0,0.0,0.0417,0.0,k2198
k2334,0.0,0.0,0.0,0.0,0.0,0.582994822,0.0,0.0,0.0,0.0,k730
k43,0.0,0.0,0.741902598,0.08,0.0,0.634546502,0.0,0.0,0.166666667,0.0,k2026
k2246,0.0,0.0,0.0,0.0,0.0,0.488499355,0.0,0.0,0.0,0.0,k2507
k1977,0.0,0.0,0.0,0.04,0.0,0.54038898,0.0,0.0,0.208333333,0.0,k281
k1445,0.0,0.19047619,0.709906116,0.08,0.0,0.518031484,0.0,0.153846154,0.0,0.0,k269
k3430,0.0,0.0,0.0,0.16,0.0,0.826226496,0.0,0.0,0.208333333,0.0,k872
k832,0.0,0.0,0.0,0.0,0.0,0.482997167,0.0,0.0,0.0,0.0,k2758
k1043,0.0,0.0,0.0,0.08,0.0417,0.530155245,0.0,0.0,0.166666667,0.0,k250
k2487,0.0,0.0,0.0,0.0,0.0,0.516543288,0.0,0.0,0.0833,0.0,k2025
k149,0.0,0.0,0.0,0.0,0.0,0.813876511,0.0,0.0,0.0,0.0,k659
k1041,0.0,0.0,0.720307305,0.04,0.0,0.529708354,0.0,0.0,0.0,0.0,k360
k1390,0.0,0.0,0.0,0.0,0.0,0.460149881,0.0,0.0,0.0,0.0,k1211
k411,0.0,0.0,0.0,0.0,0.0,0.178746089,0.0,0.0,0.0,0.0,k2233
k2513,0.0,0.0,0.785819468,0.12,0.0,0.90849512,0.0,0.0,0.0,0.0,k2754
k605,0.0,0.0,0.0,0.0,0.0,0.527222679,0.0,0.0,0.0,0.0,k2354
k1953,0.0,0.0,0.0,0.04,0.0,0.420001012,0.0,0.0,0.0,0.0,k2421
k1483,0.0,0.0,0.0,0.08,0.0,0.430967426,0.0,0.0,0.25,0.0,k1874
k2997,0.0,0.0,0.762531733,0.08,0.0,0.482682369,0.0,0.0,0.0,0.0,k909
k1036,0.0,0.0,0.0,0.0,0.0,0.563277005,0.0,0.0,0.0,0.0,k148
k3245,0.0,0.0,0.0,0.0,0.0,0.430171479,0.0,0.0,0.0,0.0,k355
k1167,0.0,0.0,0.0,0.0,0.0,0.482915381,0.0,0.0,0.0,0.0,k2683
k2984,0.0,0.0,0.69940498,0.0,0.0,0.606287764,0.0,0.0,0.166666667,0.0,k222
k2089,0.0,0.0,0.639190027,0.0,0.0,0.386108613,0.0,0.0,0.0,0.0,k594
k1334,0.0,0.0,0.69573358,0.04,0.0,0.442255736,0.0,0.0,0.0,0.0,k2927
k2666,0.0,0.0,0.0,0.0,0.0,0.421754935,0.0,0.0,0.0,0.0,k2437
k1187,0.0,0.0,0.709779516,0.0,0.0,0.806728421,0.0,0.0,0.0417,0.0,k25
k2051,0.0,0.0,0.87008842,0.0,0.0833,0.854677199,0.0,0.0,0.0,0.0,k1844
k746,0.0,0.0,0.725631168,0.04,0.0,0.512665709,0.0,0.0,0.0417,0.0,k1024
k2672,0.0,0.0,0.683313455,0.04,0.0,0.406786566,0.0,0.0,0.0,0.0,k2514
k1073,0.0,0.0,0.0,0.0,0.0,0.413134697,0.0,0.0,0.0,0.0,k2488
k1955,0.0,0.0,0.0,0.0,0.0,0.587843648,0.0,0.0,0.0,0.0,k1397
k2971,0.0,0.0,0.0,0.0,0.0,0.813725902,0.0,0.0,0.0,0.0,k1550
k169,0.0,0.0,0.0,0.0,0.0,0.516982772,0.0,0.0,0.0,0.0,k2665
k1268,0.0,0.0,0.0,0.0,0.0,0.319485175,0.0,0.0,0.0,0.0,k774
k2696,0.0,0.0,0.0,0.0,0.0,0.780978505,0.0,0.0,0.0,0.0,k316
k3255,0.33105563,0.0,0.715509831,0.04,0.0833,0.539780369,0.0,0.0,0.0833,0.0,k2337
k1553,0.0,0.0,0.815257298,0.0,0.0417,0.62643488,0.0,0.0,0.0,0.0833,k2349
k2140,0.0,0.0,0.0,0.0,0.0,0.47636726,0.0,0.0,0.0,0.0,k1392
k3035,0.0,0.0,0.669913845,0.0,0.0417,0.781763033,0.0,0.0,0.0417,0.166666667,k1161
k2413,0.0,0.0,0.6418353,0.0,0.0,0.537313829,0.0,0.0,0.125,0.0,k3338
k1115,0.28129318,0.0,0.0,0.0,0.0,0.458657056,0.0,0.0,0.0,0.0,k2739
k1671,0.305426738,0.0,0.685758834,0.04,0.0833,0.555357658,0.0,0.0,0.125,0.0,k252
k185,0.0,0.0,0.724751631,0.24,0.0,0.895658432,0.0,0.0,0.0,0.0,k2465
k1207,0.0,0.19047619,0.701497211,0.12,0.0,0.537427712,0.0,0.153846154,0.0,0.0,k118
k2987,0.0,0.0,0.0,0.0,0.0,0.426490803,0.0,0.0,0.0,0.0,k1683
k1995,0.0,0.0,0.0,0.0,0.0,0.192033988,0.0,0.0,0.0,0.0,k3131
k2479,0.0,0.0,0.698192285,0.04,0.0,0.495743737,0.0,0.0,0.0,0.0,k3424
k522,0.0,0.0,0.629761659,0.0,0.0,0.780245518,0.0,0.0,0.0417,0.0,k2491
k2603,0.0,0.0,0.0,0.0,0.0,0.161975035,0.0,0.0,0.0,0.0,k2147
k954,0.0,0.0,0.0,0.04,0.0,0.741607066,0.0,0.0,0.0833,0.0,k1574
k2302,0.0,0.0,0.0,0.0,0.0,0.165457881,0.0,0.0,0.0,0.0,k2813
k1918,0.0,0.0,0.665349583,0.04,0.0,0.352035359,0.0,0.0,0.0833,0.0,k1147
k2850,0.0,0.0,0.0,0.08,0.0,0.591863503,0.0,0.0,0.25,0.0,k2681
k2544,0.0,0.0,0.0,0.0,0.0,0.562714071,0.0,0.0,0.0,0.0,k3251
k3406,0.0,0.0,0.0,0.0,0.0,0.236613494,0.0,0.0,0.0,0.0,k2563
k2932,0.0,0.0,0.772006743,0.04,0.0417,0.833080466,0.0,0.0,0.0,0.0,k2282
k416,0.0,0.0,0.0,0.0,0.0,0.193248432,0.0,0.0,0.0,0.0,k3044
k978,0.0,0.0,0.760492807,0.04,0.0417,0.819772197,0.0,0.0,0.0,0.0,k1105
k992,0.0,0.0,0.0,0.0,0.0,0.709754377,0.0,0.0,0.0,0.0,k518
k1749,0.0,0.0,0.772006743,0.04,0.0417,0.840296763,0.0,0.0,0.0,0.0,k2659
k1820,0.0,0.0,0.683759886,0.04,0.0,0.509301375,0.0,0.0,0.0,0.0,k2878
k2418,0.0,0.0,0.742035861,0.04,0.0,0.329059684,0.0,0.0,0.0,0.0,k2832
k2245,0.0,0.0,0.79977212,0.08,0.0,0.872371045,0.0,0.0,0.0,0.0,k2391
k3307,0.0,0.0,0.821640603,0.0,0.0,0.85134311,0.0,0.0,0.0,0.0,k1543
k2231,0.0,0.0,0.0,0.0,0.0,0.575493663,0.0,0.0,0.0,0.0,k1357
k2436,0.0,0.0,0.0,0.0,0.0,0.391016386,0.0,0.0,0.0,0.0,k2640
k2113,0.0,0.0,0.0,0.0,0.0417,0.780873573,0.0,0.0,0.0,0.0,k1865
k414,0.0,0.0,0.0,0.0,0.0,0.110590939,0.0,0.0,0.0,0.0,k2489
k1924,0.0,0.0,0.0,0.0,0.0,0.845660994,0.0,0.0,0.0,0.0,k2361
k2459,0.0,0.0,0.0,0.0,0.0,0.496206984,0.0,0.0,0.0417,0.0,k860
k530,0.0,0.0,0.0,0.0,0.0,0.55984786,0.0,0.0,0.0,0.0,k1238
k984,0.0,0.0,0.0,0.08,0.0833,0.840243062,0.0,0.0,0.25,0.0,k2191
k3103,0.0,0.0,0.0,0.0,0.0,0.595258082,0.0,0.0,0.0,0.0,k2849
k3403,0.0,0.0,0.661404993,0.0,0.0,0.614041688,0.0,0.0,0.166666667,0.0,k2279
k644,0.0,0.0,0.640016258,0.04,0.0,0.792461868,0.0,0.0,0.0,0.0,k260
k2507,0.0,0.0,0.73426662,0.04,0.0,0.454463753,0.0,0.0,0.0417,0.0,k1080
k1221,0.0,0.0,0.656281025,0.04,0.0417,0.452980187,0.0,0.0,0.0417,0.0,k1736
k1393,0.0,0.0,0.0,0.0,0.0417,0.807569118,0.0,0.0,0.0417,0.0,k2946
k2492,0.0,0.0,0.0,0.0,0.0,0.421793513,0.0,0.0,0.0,0.0,k2971
k2210,0.0,0.0,0.742768808,0.04,0.0,0.832684498,0.0,0.0,0.0,0.0,k2638
k799,0.0,0.0,0.72930923,0.04,0.0,0.472580417,0.0,0.0,0.0,0.0,k496
k267,0.0,0.0,0.683833181,0.04,0.0,0.563898578,0.0,0.0,0.0,0.0,k970
k2054,0.0,0.0,0.0,0.0,0.0,0.381697728,0.0,0.0,0.0,0.0,k3348
k460,0.0,0.0,0.0,0.0,0.0,0.826732951,0.0,0.0,0.0,0.0,k3428
k2417,0.0,0.0,0.698858601,0.04,0.0,0.620489506,0.0,0.0,0.0417,0.0,k3282
k2599,0.0,0.0,0.763424596,0.04,0.0,0.496828249,0.0,0.0,0.0,0.0,k1935
k2877,0.0,0.0,0.0,0.0,0.0417,0.799415524,0.0,0.0,0.0,0.0,k597
k1896,0.0,0.0,0.687984328,0.04,0.0,0.838907328,0.0,0.0,0.0,0.0,k2165
k387,0.0,0.0,0.727250315,0.0,0.0,0.474860239,0.0,0.0,0.0833,0.0,k2351
k3293,0.0,0.0,0.0,0.0,0.0,0.427833018,0.0,0.0,0.0,0.0,k1986
k770,0.0,0.0,0.636931216,0.0,0.0,0.405293124,0.0,0.0,0.0,0.0,k918
k17,0.0,0.0,0.692015538,0.04,0.0,0.414857757,0.0,0.0,0.0833,0.0,k1313
k1175,0.0,0.0,0.713390947,0.04,0.0833,0.505537988,0.0,0.0,0.0,0.0,k1158
k1954,0.0,0.0,0.749625197,0.04,0.0,0.44262331,0.0,0.0,0.208333333,0.0,k2355
k763,0.0,0.0,0.0,0.0,0.0,0.427078736,0.0,0.0,0.0,0.0,k1676
k1271,0.0,0.0,0.687990991,0.0,0.0833,0.815072746,0.0,0.0769,0.0417,0.0833,k2734
k2097,0.0,0.0,0.777710406,0.08,0.0,0.480131882,0.0,0.0,0.0,0.0,k253
k2330,0.0,0.0,0.0,0.0,0.0,0.18383626,0.0,0.0,0.0,0.0,k2299
k3142,0.0,0.0,0.0,0.0,0.0,0.450823199,0.0,0.0,0.0,0.0,k3091
k779,0.0,0.0,0.709899453,0.04,0.0417,0.612335294,0.0,0.0,0.0417,0.0,k1584
k2918,0.0,0.0,0.868575883,0.0,0.0417,0.558997903,0.0,0.0,0.0,0.0,k166
k658,0.0,0.0,0.841963233,0.0,0.0,0.452368798,0.0,0.0,0.0,0.0,k223
k237,0.0,0.0,0.0,0.0,0.0,0.502307289,0.0,0.0,0.0,0.0,k2859
k2317,0.0,0.19047619,0.715003432,0.16,0.0833,0.650300324,0.0,0.0769,0.0417,0.0,k2866
k755,0.0,0.0,0.678389382,0.08,0.125,0.507222778,0.0,0.0,0.0833,0.0,k959
k1047,0.0,0.0,0.829789644,0.0,0.0,0.856837582,0.0,0.0,0.0,0.0,k2824
k1209,0.0,0.0,0.830989012,0.0,0.0,0.578440734,0.0,0.0,0.0417,0.0,k1732
k243,0.0,0.0,0.0,0.0,0.0,0.594214617,0.0,0.0,0.0,0.0,k427
k2612,0.32390074,0.0,0.629961554,0.04,0.0,0.662290451,0.0,0.0,0.0833,0.0,k339
k2243,0.0,0.0,0.835173475,0.0,0.0,0.863787843,0.0,0.0,0.0,0.0,k2662
k1956,0.0,0.0,0.697452675,0.0,0.0417,0.446491939,0.0,0.0,0.0417,0.0,k747
k3166,0.0,0.0,0.0,0.0,0.0,0.49113996,0.0,0.0,0.0,0.0,k470
k3001,0.0,0.0,0.766009901,0.04,0.0,0.491820172,0.0,0.0,0.0,0.0,k266
k1060,0.0,0.0,0.0,0.0,0.0,0.497445501,0.0,0.0,0.0,0.0,k1354
k1516,0.0,0.0,0.0,0.0,0.0,0.806808664,0.0,0.0,0.0,0.0,k3261
k1961,0.0,0.0,0.0,0.0,0.0,0.833161634,0.0,0.0,0.0,0.0,k1123
k447,0.0,0.0,0.0,0.0,0.0,0.427833018,0.0,0.0,0.0,0.0,k3263
k577,0.0,0.0,0.0,0.0,0.0,0.799784332,0.0,0.0,0.0,0.0,k270
k849,0.0,0.0,0.0,0.0,0.0,0.426550985,0.0,0.0,0.0,0.0,k1915
k961,0.0,0.0,0.655068331,0.0,0.0,0.24582938,0.0,0.0,0.0417,0.0,k1091
k581,0.0,0.0,0.835173475,0.0,0.0,0.881148065,0.0,0.0,0.0,0.0,k2852
k3258,0.0,0.0,0.0,0.0,0.0,0.802265686,0.0,0.0,0.0,0.0,k2453
k298,0.0,0.0476,0.704508959,0.08,0.0833,0.536499365,0.0,0.0,0.208333333,0.0,k1346
k355,0.0,0.0,0.833314454,0.0,0.0417,0.6029438,0.0,0.0,0.0417,0.0,k1382
k2320,0.0,0.0,0.730601883,0.0,0.0,0.845088184,0.0,0.0,0.0417,0.0,k2646
k3364,0.0,0.0,0.696426549,0.08,0.0,0.500124376,0.0,0.0,0.0,0.0,k173
k1074,0.0,0.0,0.0,0.04,0.0,0.480853141,0.0,0.0,0.0417,0.0,k3089
k811,0.0,0.0,0.696946275,0.04,0.0,0.645851169,0.0,0.0,0.0417,0.0,k1178
k456,0.0,0.0,0.711998348,0.04,0.0,0.490841519,0.0,0.0,0.0,0.0,k3072
k650,0.0,0.0,0.757454407,0.04,0.0,0.493517616,0.0,0.0,0.0,0.0,k716
k2228,0.0,0.0,0.771953438,0.04,0.0,0.457718216,0.0,0.0,0.0,0.0,k1869
k3150,0.0,0.0,0.668561224,0.08,0.0,0.810392431,0.0,0.0,0.0,0.0,k3299
k2446,0.0,0.0,0.662317846,0.04,0.0,0.812258693,0.0,0.0,0.0417,0.0,k1703
k489,0.0,0.0,0.697306085,0.04,0.0,0.484469931,0.0,0.0,0.0,0.0,k2166
k67,0.0,0.0952,0.815357245,0.04,0.0417,0.583353445,0.0,0.0,0.0,0.0,k383
k1069,0.0,0.0,0.696060075,0.0,0.0,0.416915368,0.0,0.0,0.0417,0.0,k2127
k4,0.0,0.0,0.700690969,0.0,0.0,0.376146778,0.0,0.0,0.0,0.0,k562
k3362,0.0,0.0,0.760852618,0.08,0.0,0.49923615,0.0,0.0,0.0,0.0,k592
k160,0.0,0.0,0.0,0.0,0.0,0.417140974,0.0,0.0,0.0,0.0,k3290
k1449,0.0,0.0,0.774245564,0.0,0.0,0.427447236,0.0,0.0,0.0417,0.0,k2123
k2240,0.0,0.0,0.692495286,0.04,0.0,0.505795382,0.0,0.0,0.0,0.0,k3293
k2689,0.0,0.0,0.729595746,0.08,0.0833,0.557626986,0.0,0.0,0.0833,0.0,k3324
k2035,0.0,0.0,0.694281012,0.12,0.0,0.552470768,0.0,0.0,0.0,0.0,k2821
k1656,0.0,0.0,0.0,0.0,0.0,0.495351473,0.0,0.0,0.0,0.0,k3343
k2734,0.0,0.142857143,0.809686898,0.12,0.0,0.889474181,0.0,0.0,0.0,0.0,k599
k3310,0.0,0.19047619,0.73361363,0.08,0.0,0.482029316,0.0,0.153846154,0.0,0.0,k1570
k1198,0.0,0.0,0.689643454,0.04,0.0,0.611529471,0.0,0.0,0.0417,0.0,k285
k228,0.0,0.0,0.728829483,0.08,0.0833,0.55641748,0.0,0.0,0.0833,0.0,k59
k7,0.0,0.0,0.710752337,0.04,0.0833,0.843085509,0.0,0.0,0.0,0.0,k1724
k3000,0.0,0.0,0.0,0.0,0.0,0.578187352,0.0,0.0,0.0,0.0,k3094
k1980,0.0,0.0,0.677969603,0.04,0.0,0.437764917,0.0,0.0,0.0,0.0,k756
k991,0.0,0.0,0.671433045,0.0,0.0,0.215613953,0.0,0.0,0.0417,0.0,k182
k327,0.0,0.0,0.0,0.0,0.0,0.426771036,0.0,0.0,0.0,0.0,k3145
k1125,0.0,0.0,0.0,0.0,0.0,0.404184539,0.0,0.0,0.0,0.0,k1516
k1210,0.0,0.0,0.0,0.0,0.0,0.445930548,0.0,0.0,0.0,0.0,k52
k1512,0.0,0.0,0.800358478,0.08,0.0,0.880484827,0.0,0.0,0.0,0.0,k1904
k2328,0.0,0.0,0.0,0.0,0.0,0.406089997,0.0,0.0,0.0,0.0,k1615
k190,0.0,0.0,0.0,0.0,0.0,0.486934929,0.0,0.0,0.0,0.0,k1235
k172,0.0,0.0,0.732327641,0.0,0.0,0.0,0.0,0.0,0.0,0.0,k2462
k1389,0.0,0.0,0.0,0.0,0.0,0.290623073,0.0,0.0,0.0,0.0,k1827
k69,0.0,0.0,0.0,0.0,0.0,0.427358043,0.0,0.0,0.0,0.0,k510
k3391,0.0,0.0,0.0,0.0,0.0,0.440967839,0.0,0.0,0.0,0.0,k1189
k2203,0.0,0.0,0.0,0.0,0.0,0.800594476,0.0,0.0,0.0,0.0,k418
k3315,0.0,0.0,0.686291886,0.04,0.0,0.423272141,0.0,0.0,0.0,0.0,k2224
k1920,0.0,0.0,0.0,0.0,0.0,0.471263509,0.0,0.0,0.0,0.0,k1280
k2489,0.0,0.0,0.0,0.0,0.0,0.723362013,0.0,0.0,0.0,0.0,k2827
k3006,0.0,0.0,0.857728263,0.04,0.0,0.489976439,0.0,0.0,0.0,0.0,k2901
k2215,0.0,0.0476,0.748792303,0.04,0.0417,0.870084743,0.0,0.0,0.0,0.0,k1993
k1660,0.0,0.0,0.722865957,0.12,0.0417,0.509326991,0.0,0.0,0.0833,0.0,k1176
k640,0.0,0.0,0.824199255,0.08,0.0,0.813368821,0.0,0.0,0.0,0.0,k3304
k2180,0.0,0.0,0.758733734,0.08,0.0,0.819281481,0.0,0.0,0.0,0.0,k1546
k2534,0.0,0.0,0.0,0.0,0.0,0.48664266,0.0,0.0,0.0,0.0,k2062
k2840,0.0,0.0,0.0,0.0,0.0,0.409468527,0.0,0.0,0.0,0.0,k873
k360,0.0,0.0,0.0,0.0,0.0,0.141239369,0.0,0.0,0.0,0.0,k430
k1186,0.0,0.0,0.716276095,0.04,0.0,0.446621562,0.0,0.0,0.0,0.0,k1618
k2601,0.0,0.0,0.766023228,0.0,0.0,0.810279165,0.0,0.0,0.0,0.0,k2087
k2472,0.0,0.0,0.722732694,0.0,0.0,0.572431783,0.0,0.0,0.0417,0.0,k3168
k591,0.0,0.0,0.0,0.0,0.0,0.825618502,0.0,0.0,0.0,0.0,k811
k2110,0.0,0.0,0.0,0.0,0.0,0.417820877,0.0,0.0,0.0,0.0,k3278
k2795,0.0,0.0,0.0,0.0,0.0,0.811610887,0.0,0.0,0.0,0.0,k1425
k1821,0.0,0.0,0.732700778,0.04,0.0417,0.808597769,0.0,0.0769,0.208333333,0.166666667,k1073
k2224,0.0,0.0,0.0,0.0,0.0,0.3991027,0.0,0.0,0.0,0.0,k3331
k2625,0.0,0.0,0.669594014,0.04,0.0,0.774120215,0.0,0.0,0.0,0.0,k2106
k1213,0.0,0.0,0.785386363,0.0,0.0,0.810665256,0.0,0.0,0.0417,0.0,k1210
k3321,0.0,0.0,0.692042191,0.24,0.0,0.267492159,0.0,0.0,0.0,0.0,k3418
k3080,0.308530976,0.0952,0.761858754,0.04,0.0833,0.877901009,0.0,0.0769,0.125,0.0,k2729
k2298,0.0,0.0,0.685978718,0.08,0.0833,0.468857768,0.0,0.0,0.0417,0.0,k3053
k1245,0.0,0.0,0.70383598,0.08,0.166666667,0.603326188,0.0,0.0769,0.208333333,0.0,k636
k1508,0.0,0.0,0.733706914,0.0,0.0,0.849620359,0.0,0.0,0.0417,0.0,k1464
k1913,0.0,0.0,0.0,0.0,0.0,0.398749323,0.0,0.0,0.0,0.0,k3003
k928,0.0,0.0,0.62087967,0.0,0.0,0.404647478,0.0,0.0,0.0,0.0,k287
k1903,0.0,0.0,0.0,0.04,0.0417,0.810349223,0.0,0.0,0.0417,0.0,k1628
k2348,0.0,0.0,0.756781428,0.04,0.0,0.46140136,0.0,0.0,0.0,0.0,k2338
k2550,0.0,0.0,0.0,0.0,0.0,0.829214923,0.0,0.0,0.0,0.0,k2358
k1257,0.0,0.0476,0.80861413,0.04,0.0833,0.543849914,0.0,0.0,0.0417,0.0,k1588
k1029,0.0,0.0,0.0,0.0,0.0,0.812663302,0.0,0.0,0.0,0.0,k2211
k2548,0.0,0.0,0.0,0.0,0.0,0.439281815,0.0,0.0,0.0,0.0,k2288
k800,0.0,0.0,0.677496519,0.04,0.0,0.747627128,0.0,0.0,0.0417,0.0,k953
k3394,0.0,0.0,0.818868729,0.0,0.0833,0.558689586,0.0,0.0,0.0,0.0,k2105
k817,0.0,0.0,0.0,0.0,0.0,0.320971209,0.0,0.0,0.0,0.0,k3043
k2890,0.0,0.0,0.847153832,0.0,0.0,0.479260939,0.0,0.0,0.0,0.0,k2604
k240,0.0,0.0,0.0,0.0,0.0,0.792443659,0.0,0.0,0.0,0.0,k1691
k98,0.0,0.0,0.849912379,0.04,0.0,0.597724005,0.0,0.0,0.0833,0.0,k3135
k1670,0.0,0.0,0.0,0.0,0.0,0.783216045,0.0,0.0,0.0,0.0,k889
k275,0.0,0.0,0.0,0.0,0.0,0.233184349,0.0,0.0,0.0,0.0,k2450
k1488,0.0,0.0,0.771946775,0.0,0.0,0.254928914,0.0,0.0,0.0833,0.0,k45
k2711,0.0,0.0,0.80266393,0.0,0.0,0.61682673,0.0,0.0,0.0417,0.0,k2685
k2610,0.0,0.0,0.678256118,0.08,0.0,0.85176099,0.0,0.0,0.0,0.0,k2510
k861,0.0,0.0,0.795347784,0.0,0.0417,0.848462702,0.0,0.0,0.0417,0.0,k519
k1292,0.0,0.0,0.0,0.0,0.0,0.581001097,0.0,0.0,0.0,0.0,k1523
k2941,0.0,0.0,0.0,0.0,0.0,0.410335767,0.0,0.0,0.0,0.0,k987
k2800,0.0,0.142857143,0.717968537,0.08,0.25,0.809247736,0.0,0.153846154,0.25,0.0833,k1995
k2332,0.0,0.0,0.661225088,0.24,0.0,0.250346433,0.0,0.0,0.0,0.0,k194
k2295,0.0,0.0,0.0,0.0,0.0,0.482498428,0.0,0.0,0.0,0.0,k2247
k2760,0.0,0.0,0.0,0.0,0.0,0.411408243,0.0,0.0,0.0417,0.0,k192
k2675,0.0,0.0,0.0,0.0,0.0,0.536363569,0.0,0.0,0.0,0.0,k1695
k841,0.0,0.0,0.0,0.0,0.0,0.402732761,0.0,0.0,0.0,0.0,k3230
k3387,0.0,0.0,0.697332738,0.04,0.0,0.61305964,0.0,0.0,0.0417,0.0,k790
k1581,0.0,0.0,0.685225781,0.12,0.0,0.254735714,0.0,0.0,0.0,0.0,k3403
k3389,0.0,0.0,0.0,0.0,0.0,0.603569385,0.0,0.0,0.0,0.0,k648
k2789,0.0,0.0,0.734179999,0.04,0.0,0.461520799,0.0,0.0,0.0,0.0,k89
k1837,0.0,0.0,0.0,0.0,0.0,0.493257136,0.0,0.0,0.0,0.0,k1916
k367,0.0,0.0,0.699924706,0.0,0.0,0.4148593,0.0,0.0,0.0,0.0,k98
k3003,0.0,0.0,0.826211529,0.04,0.0,0.863367186,0.0,0.0,0.0,0.0,k2529
k347,0.0,0.0,0.821687245,0.04,0.0,0.385097862,0.0,0.0,0.125,0.0,k1327
k1091,0.0,0.0,0.707040958,0.0,0.0833,0.818499731,0.0,0.0,0.0417,0.166666667,k3113
k2981,0.0,0.0,0.691542454,0.0,0.0,0.36915979,0.0,0.0,0.0,0.0,k2474
k3203,0.0,0.0,0.757047955,0.04,0.0,0.819106182,0.0,0.0,0.0833,0.0,k855
k378,0.0,0.0,0.689516854,0.04,0.0,0.394681322,0.0,0.0,0.0,0.0,k2278
k3065,0.0,0.0,0.735632567,0.04,0.0,0.482906431,0.0,0.0,0.0,0.0,k3360
k854,0.0,0.0,0.0,0.0,0.0,0.712358564,0.0,0.0,0.0,0.0,k411
k2636,0.0,0.0,0.687211402,0.04,0.0,0.572415426,0.0,0.0,0.0,0.0,k557
k2895,0.0,0.0,0.777737058,0.04,0.0,0.451591369,0.0,0.0,0.0,0.0,k2809
k1189,0.0,0.0,0.0,0.0,0.0,0.809709132,0.0,0.0,0.0,0.0,k1187
k1942,0.0,0.0,0.0,0.0,0.0,0.744937759,0.0,0.0,0.0,0.0,k33
k2567,0.0,0.0,0.817576077,0.04,0.0,0.691396675,0.0,0.0,0.125,0.0,k1261
k2783,0.0,0.0,0.0,0.08,0.0,0.801219135,0.0,0.0,0.125,0.0,k1433
k440,0.0,0.0,0.725811073,0.24,0.0,0.895371719,0.0,0.0,0.0,0.0,k2594
k1838,0.0,0.0,0.744874366,0.0,0.0,0.582443307,0.0,0.0,0.0833,0.0,k2485
k2404,0.0,0.0,0.713370958,0.08,0.0833,0.649747575,0.0,0.0769,0.0833,0.0,k272
k2568,0.0,0.0,0.757760913,0.04,0.0,0.669143494,0.0,0.0,0.166666667,0.0,k2202
k2208,0.0,0.0,0.786312542,0.08,0.0,0.270316397,0.0,0.0,0.0,0.0,k996
k2250,0.0,0.0,0.0,0.0,0.0,0.307327464,0.0,0.0,0.0,0.0,k1023
k2390,0.0,0.0,0.78624591,0.04,0.0417,0.797348654,0.0,0.0,0.208333333,0.0,k1489
k11,0.0,0.333333333,0.743801598,0.24,0.0,0.871612751,0.181818182,0.0,0.0,0.0,k607
k1150,0.0,0.0,0.700697633,0.04,0.0833,0.825647513,0.0,0.0,0.0417,0.0,k1190
k776,0.0,0.0,0.0,0.0,0.0,0.284693439,0.0,0.0,0.0,0.0,k2454
k1454,0.0,0.0,0.0,0.0,0.0,0.44519324,0.0,0.0,0.0,0.0,k1095
k2010,0.0,0.0,0.0,0.0,0.0,0.726234705,0.0,0.0,0.0,0.0,k936
k2159,0.0,0.0,0.712684653,0.04,0.0,0.330572261,0.0,0.0,0.0,0.0,k1283
k3036,0.0,0.0,0.704295738,0.0,0.0,0.408236183,0.0,0.0,0.0833,0.0,k70
k678,0.0,0.0,0.744134756,0.24,0.0,0.909709564,0.0,0.0,0.0,0.0,k2856
k81,0.0,0.0,0.0,0.0,0.0,0.818620095,0.0,0.0,0.0,0.0,k768
k233,0.0,0.0,0.0,0.0,0.0,0.255473948,0.0,0.0,0.0,0.0,k2393
k324,0.0,0.0,0.67906236,0.04,0.0,0.453723359,0.0,0.0,0.0,0.0,k2746
k1040,0.0,0.0,0.0,0.0,0.0,0.74552384,0.0,0.0,0.0,0.0,k369
k1729,0.0,0.0,0.0,0.16,0.0,0.514377041,0.0,0.0,0.0,0.0,k141
k2830,0.0,0.0,0.0,0.04,0.0,0.817915193,0.0,0.0,0.0417,0.0,k2445
k2988,0.0,0.0,0.666802151,0.12,0.0,0.792265581,0.0,0.0,0.0,0.0,k977
k2326,0.335995911,0.0,0.723385684,0.08,0.125,0.547828414,0.0,0.153846154,0.0417,0.25,k2408
k2904,0.0,0.0,0.745247503,0.04,0.0,0.572412648,0.0,0.0,0.0833,0.0,k365
k2813,0.0,0.0,0.73097502,0.08,0.0,0.847201038,0.0,0.0,0.0417,0.0,k2978
k870,0.0,0.0,0.0,0.0,0.0,0.516082818,0.0,0.0,0.0,0.0,k2382
k1363,0.0,0.0,0.0,0.0,0.0,0.352776987,0.0,0.0,0.0,0.0,k1020
k2495,0.0,0.0,0.0,0.12,0.0,0.805608725,0.0,0.0,0.166666667,0.0,k1298
k1659,0.0,0.0,0.0,0.0,0.0,0.399747112,0.0,0.0,0.0,0.0,k3144
k2569,0.0,0.0,0.0,0.04,0.0833,0.817380961,0.0,0.0,0.0417,0.0,k1444
k2579,0.0,0.0,0.0,0.0,0.0,0.405317814,0.0,0.0,0.0,0.0,k2687
k537,0.0,0.0,0.0,0.0,0.0,0.355695974,0.0,0.0,0.0,0.0,k1696
k2892,0.0,0.0,0.0,0.0,0.0,0.487677792,0.0,0.0,0.0,0.0,k436
k2252,0.0,0.0,0.850098948,0.0,0.0,0.409130273,0.0,0.0,0.0833,0.0,k147
k2324,0.0,0.0,0.0,0.0,0.0417,0.813947495,0.0,0.0,0.0,0.0,k2984
k329,0.0,0.0,0.646779363,0.12,0.0,0.830358691,0.0,0.0,0.0,0.0,k673
k386,0.0,0.0,0.0,0.0,0.0,0.735130546,0.0,0.0,0.0,0.0,k705
k50,0.0,0.0,0.685845455,0.04,0.0,0.442292771,0.0,0.0,0.0,0.0,k302
k1045,0.0,0.0,0.0,0.04,0.0,0.436139383,0.0,0.0,0.0417,0.0,k3142
k1985,0.0,0.0,0.0,0.0,0.0,0.433533035,0.0,0.0,0.0,0.0,k1055
k218,0.0,0.0,0.791643068,0.04,0.0,0.255841522,0.0,0.0,0.0,0.0,k2572
k46,0.0,0.0,0.0,0.0,0.0,0.17660268,0.0,0.0,0.0,0.0,k1281
k1347,0.0,0.0,0.837945349,0.04,0.0,0.66338021,0.0,0.0,0.0833,0.0,k2799
k2141,0.0,0.0,0.690196497,0.04,0.0,0.415042007,0.0,0.0,0.0,0.0,k2895
k2157,0.0,0.0,0.0,0.0,0.0,0.514578574,0.0,0.0,0.0,0.0,k1440
k2155,0.0,0.0,0.698072349,0.0,0.0,0.784103345,0.0,0.0,0.0,0.0,k1969
k2915,0.0,0.0,0.779855943,0.0,0.0,0.782648482,0.0,0.0,0.0,0.0,k751
k922,0.0,0.0,0.0,0.0,0.0,0.430987795,0.0,0.0,0.0,0.0,k3308
k1341,0.0,0.0,0.0,0.0,0.0,0.751812407,0.0,0.0,0.0,0.0,k2478
k177,0.0,0.0,0.75066465,0.0,0.0,0.382460652,0.0,0.0,0.0,0.0,k2607
k3153,0.0,0.0,0.689843349,0.04,0.0,0.812895697,0.0,0.0,0.0,0.0,k2699
k1080,0.0,0.0,0.734599777,0.12,0.0,0.880653028,0.0,0.0,0.0,0.0,k2763
k256,0.0,0.0,0.636571406,0.08,0.0,0.815806042,0.0,0.0,0.0,0.0,k327
k531,0.0,0.0,0.0,0.0,0.0,0.431727572,0.0,0.153846154,0.0,0.0,k1439
k596,0.0,0.0,0.754049534,0.0,0.0833,0.441587252,0.0,0.0,0.0833,0.166666667,k389
k1788,0.0,0.0,0.824365834,0.0,0.0,0.658473671,0.0,0.0,0.0833,0.0,k1
k2664,0.0,0.0,0.0,0.0,0.0,0.241997169,0.0,0.0,0.0,0.0,k3067
k2650,0.0,0.0,0.557113254,0.04,0.0,0.763421072,0.0,0.0,0.0,0.0,k1868
k2266,0.0,0.0,0.0,0.04,0.0,0.460243086,0.0,0.0,0.0417,0.0,k241
k681,0.0,0.0,0.734160009,0.04,0.0417,0.853643301,0.0,0.0,0.0417,0.0,k2329
k1297,0.0,0.0,0.747193145,0.0,0.0833,0.593228865,0.0,0.0,0.0833,0.0,k1245
k3040,0.0,0.0,0.726170883,0.0,0.0,0.218918722,0.0,0.0,0.125,0.0,k3179
k3039,0.0,0.0,0.654422004,0.04,0.0,0.217002771,0.0,0.0,0.0,0.0,k2435
k1205,0.0,0.0,0.681301181,0.24,0.0,0.865689289,0.0,0.0,0.0,0.0,k2609
k1929,0.0,0.0,0.0,0.04,0.0,0.406362205,0.0,0.0,0.0,0.0,k647
k2264,0.0,0.0,0.654921741,0.0,0.0,0.404006461,0.0,0.0,0.0,0.0,k672
k1003,0.0,0.0,0.0,0.0,0.0833,0.201525477,0.0,0.0,0.0,0.0,k306
k1353,0.0,0.0,0.691495812,0.0,0.0,0.444489881,0.0,0.0,0.0,0.0,k1625
k1830,0.0,0.0,0.0,0.0,0.0,0.193645634,0.0,0.0,0.0,0.0,k3416
k2493,0.0,0.0,0.806435277,0.0,0.0,0.872432462,0.0,0.0,0.0,0.0,k2011
k1521,0.0,0.0,0.0,0.12,0.0,0.283764474,0.0,0.0,0.0,0.0,k484
k3405,0.0,0.0,0.768235396,0.0,0.0,0.583966377,0.0,0.0,0.0417,0.0,k1197
k2600,0.0,0.0,0.701743748,0.0,0.0,0.790367839,0.0,0.0,0.0417,0.0,k2239
k61,0.0,0.0,0.759433365,0.04,0.0,0.85616169,0.0,0.0,0.0417,0.0,k806
k338,0.0,0.0,0.0,0.0,0.0,0.229538548,0.0,0.0,0.0,0.0,k718
k1655,0.0,0.0,0.684226307,0.2,0.0,0.911969634,0.0,0.0,0.0,0.0,k2082
k2821,0.0,0.0,0.0,0.0,0.0417,0.82230324,0.0,0.0,0.0,0.0,k2928
k3296,0.0,0.0,0.0,0.0,0.0,0.409841348,0.0,0.0,0.0,0.0,k3236
k2920,0.0,0.0,0.690669581,0.12,0.0833,0.855935468,0.0,0.0,0.25,0.416666667,k1690
k846,0.0,0.0,0.790177173,0.0,0.0,0.502762204,0.0,0.0,0.0,0.0,k1273
k659,0.0,0.0,0.695267159,0.04,0.0,0.39119971,0.0,0.0,0.0,0.0,k3133
k1606,0.0,0.0,0.0,0.0,0.0,0.184299199,0.0,0.0,0.0,0.0,k536
k1197,0.0,0.285714286,0.769608006,0.04,0.0417,0.856280512,0.0909,0.0,0.166666667,0.0,k3294
k2839,0.0,0.0,0.0,0.0,0.0,0.39237681,0.0,0.0,0.0,0.0,k1076
k380,0.0,0.0,0.770794048,0.0,0.0833,0.794622251,0.0,0.0,0.0833,0.0,k1125
k1647,0.0,0.0,0.0,0.0,0.0,0.201335055,0.0,0.0,0.0,0.0,k1006
k3229,0.0,0.142857143,0.776404427,0.04,0.208333333,0.849265747,0.0,0.0769,0.0833,0.0833,k2050
k784,0.0,0.0,0.705468453,0.08,0.0,0.246857414,0.0,0.0,0.0,0.0,k2954
k78,0.0,0.0,0.683253486,0.0,0.0,0.182175234,0.0,0.0,0.0,0.0,k2641
k2776,0.0,0.0,0.0,0.0,0.0,0.20244148,0.0,0.0,0.0,0.0,k2985
k1153,0.0,0.0,0.0,0.0,0.0,0.395889285,0.0,0.0,0.0,0.0,k60
k757,0.0,0.0,0.0,0.0,0.0,0.422226207,0.0,0.0,0.0,0.0,k1762
k3132,0.0,0.0,0.685299076,0.04,0.0,0.799236829,0.0,0.0,0.0,0.0,k1241
k3100,0.0,0.0,0.0,0.0,0.0,0.727654694,0.0,0.0,0.0,0.0,k1149
k2951,0.0,0.0,0.0,0.0,0.0,0.512033334,0.0,0.0,0.0,0.0,k552
k1405,0.0,0.0,0.0,0.0,0.0,0.787319847,0.0,0.0,0.0,0.0,k3101
k2556,0.0,0.0,0.736552083,0.08,0.0,0.845376132,0.0,0.0,0.0,0.0,k1768
k3031,0.0,0.0,0.0,0.0,0.0,0.469549091,0.0,0.0,0.0,0.0,k1795
k225,0.0,0.0,0.0,0.0,0.0417,0.591296866,0.0,0.0,0.0833,0.0,k2988
k384,0.0,0.0,0.787818416,0.04,0.0,0.510325706,0.0,0.0,0.125,0.0,k433
k785,0.0,0.0,0.0,0.0,0.0,0.154741763,0.0,0.0,0.0,0.0,k2442
k3431,0.0,0.0,0.0,0.0,0.0,0.370965253,0.0,0.0,0.0,0.0,k1941
k3090,0.0,0.19047619,0.723612231,0.12,0.0,0.474422298,0.0,0.153846154,0.0417,0.0,k2704
k2044,0.0,0.0476,0.0,0.0,0.0833,0.80365759,0.0,0.0769,0.0833,0.0,k691
k1611,0.0,0.0,0.0,0.0,0.0,0.737882565,0.0,0.0,0.0,0.0,k2509
k621,0.0,0.0,0.812865224,0.0,0.0,0.466343082,0.0,0.0,0.0,0.0,k741
k2136,0.0,0.0,0.735166146,0.04,0.0,0.840419287,0.0,0.0,0.0417,0.0,k278
k1979,0.0,0.0,0.780055837,0.0,0.0,0.592150834,0.0,0.0,0.0417,0.0,k3340
k433,0.0,0.0,0.768595207,0.08,0.0,0.876167147,0.0,0.0,0.0,0.0,k2540
k1919,0.0,0.0,0.834880296,0.04,0.0,0.872594491,0.0,0.0,0.0,0.0,k2615
k3270,0.0,0.0,0.0,0.0,0.0417,0.752364539,0.0,0.0,0.0,0.0,k3377
k1726,0.0,0.0,0.74344845,0.0,0.0,0.421146015,0.0,0.0,0.0,0.0,k2390
k377,0.0,0.0,0.0,0.0,0.0,0.37783558,0.0,0.0,0.0,0.0,k589
k2375,0.0,0.0,0.768008849,0.0,0.0,0.758103443,0.0,0.0,0.0833,0.0,k3244
k1982,0.0,0.0,0.0,0.0,0.0,0.481295711,0.0,0.0,0.0833,0.0,k481
k555,0.0,0.0,0.650224215,0.04,0.0,0.763022635,0.0,0.0,0.0,0.0,k1770
k1819,0.0,0.0,0.870548178,0.04,0.0,0.820705174,0.0,0.0,0.0,0.0,k1455
k2935,0.0,0.0,0.730315367,0.04,0.0,0.465498373,0.0,0.0,0.0,0.0,k874
k1644,0.0,0.0,0.729622399,0.0,0.0,0.557262807,0.0,0.0,0.0417,0.0,k1780
k1997,0.0,0.0,0.833021275,0.0,0.0,0.423010735,0.0,0.0,0.0,0.0,k2184
k3191,0.0,0.0,0.0,0.0,0.0,0.406995506,0.0,0.0,0.0,0.0,k1119
k2259,0.0,0.0,0.0,0.0,0.0,0.75277779,0.0,0.0,0.0,0.0,k1469
k2785,0.0,0.0,0.79356872,0.0,0.0,0.40758313,0.0,0.0,0.0,0.0,k3185
k2755,0.0,0.0,0.712464769,0.04,0.125,0.833413782,0.0,0.0,0.0417,0.0,k784
k643,0.0,0.0,0.0,0.0,0.0,0.773477038,0.0,0.0,0.0,0.0,k1003
k3266,0.0,0.0,0.693954517,0.0,0.0,0.387653904,0.0,0.0,0.0,0.0,k600
k1328,0.0,0.0952,0.868669168,0.0,0.0417,0.720053232,0.0909,0.0,0.0833,0.0,k2838
k472,0.0,0.0,0.738970809,0.0,0.0,0.857142813,0.0,0.0,0.0,0.0,k2143
k1526,0.0,0.0,0.788558026,0.0,0.0,0.790886023,0.0,0.0,0.0833,0.0,k3087
k178,0.0,0.0,0.0,0.0,0.0,0.401321105,0.0,0.0,0.0,0.0,k2205
k3368,0.0,0.0,0.714650284,0.04,0.0833,0.825957374,0.0,0.0,0.0,0.0,k783
k664,0.0,0.0,0.689723412,0.12,0.0,0.909203417,0.0,0.0,0.0,0.0,k665
k2031,0.0,0.0,0.783274142,0.04,0.0,0.504867035,0.0,0.0,0.125,0.0,k3148
k2831,0.0,0.0,0.0,0.0,0.0,0.338738509,0.0,0.0,0.0,0.0,k171
k2448,0.0,0.0,0.730228746,0.04,0.0,0.804123616,0.0,0.0,0.0,0.0,k178
k1260,0.0,0.0,0.0,0.0,0.0,0.497556915,0.0,0.0,0.0417,0.0,k1102
k15,0.0,0.0,0.703402874,0.0,0.0417,0.800654041,0.0,0.0,0.0417,0.0833,k2894
k1088,0.0,0.0,0.691875612,0.04,0.0833,0.798666488,0.0,0.0,0.0,0.0,k551
k2106,0.0,0.0,0.720074094,0.04,0.0,0.341090549,0.0,0.0,0.0,0.0,k3274
k356,0.0,0.0,0.0,0.0,0.0,0.405573356,0.0,0.0,0.0,0.0,k1576
k2041,0.0,0.0,0.0,0.0,0.0,0.777803051,0.0,0.0,0.0,0.0,k1699
k213,0.0,0.0,0.804409678,0.04,0.0,0.431216796,0.0,0.0,0.0,0.0,k548
k2752,0.0,0.0,0.771733554,0.08,0.0,0.464776187,0.0,0.0,0.0833,0.0,k2987
k37,0.0,0.0,0.684266286,0.04,0.0,0.817676934,0.0,0.0,0.0417,0.0,k1571
k944,0.0,0.0952,0.748365861,0.08,0.0,0.867510183,0.0,0.0,0.0833,0.0,k3074
k1815,0.0,0.0,0.0,0.0,0.0,0.705124984,0.0,0.0,0.0,0.0,k2136
k2529,0.0,0.0,0.764110902,0.04,0.0,0.505147576,0.0,0.0,0.0,0.0,k1323
k292,0.0,0.0,0.703536138,0.04,0.0,0.417318434,0.0,0.0,0.0,0.0,k2749
k3298,0.0,0.0,0.0,0.0,0.0417,0.783408628,0.0,0.0769,0.0,0.0,k729
k1354,0.0,0.0,0.0,0.0,0.0,0.223890998,0.0,0.0,0.0,0.0,k957
k1710,0.0,0.0,0.0,0.0,0.0,0.335738046,0.0,0.0,0.0,0.0,k2346
k2168,0.0,0.0,0.710086021,0.04,0.0,0.822976045,0.0,0.0,0.0,0.0,k1568
k2466,0.0,0.0,0.691835633,0.24,0.0,0.266789726,0.0,0.0,0.0,0.0,k3208
k232,0.0,0.0,0.0,0.0,0.0,0.539721422,0.0,0.0,0.0,0.0,k2841
k250,0.0,0.0,0.676303813,0.04,0.0,0.809769932,0.0,0.0,0.0417,0.0,k143
k1063,0.0,0.0,0.0,0.0,0.0,0.755276736,0.0,0.0,0.0,0.0,k1233
k1738,0.0,0.0,0.672732361,0.0,0.0,0.470954575,0.0,0.0,0.0417,0.0,k1271
k997,0.0,0.0,0.678715876,0.04,0.0,0.786870179,0.0,0.0,0.0,0.0,k423
k334,0.0,0.0,0.0,0.0,0.0,0.279375193,0.0,0.0,0.0,0.0,k660
k796,0.0,0.0,0.824232571,0.08,0.0,0.478139392,0.0,0.0,0.0,0.0,k198
k391,0.0,0.0,0.0,0.0,0.0,0.485041507,0.0,0.0,0.0,0.0,k2109
k3386,0.0,0.19047619,0.683226834,0.08,0.0,0.818572876,0.0,0.0,0.0,0.0,k2776
k820,0.0,0.0,0.0,0.0,0.0,0.0,0.0,0.0,0.0,0.0,k767
k1767,0.0,0.0,0.0,0.0,0.0,0.78370244,0.0,0.0,0.0,0.0,k2006
k1836,0.0,0.0,0.723059189,0.04,0.0,0.350897763,0.0,0.0,0.0,0.0,k1363
k1177,0.0,0.0,0.722206305,0.0,0.0,0.520343094,0.0,0.0,0.0417,0.0,k2608
k2656,0.0,0.0,0.0,0.0,0.0,0.406357884,0.0,0.0,0.0,0.0,k1723
k2882,0.0,0.0,0.811046182,0.0,0.0,0.817737425,0.0,0.0,0.0,0.0,k1337
k2395,0.0,0.0,0.782301321,0.04,0.0,0.514715604,0.0,0.0,0.0,0.0,k2384
k747,0.0,0.0,0.701264001,0.0,0.0,0.784268152,0.0,0.0,0.0417,0.0,k2470
k1773,0.0,0.0,0.0,0.0,0.0,0.786671424,0.0,0.0,0.0,0.0,k2834
k2801,0.0,0.0,0.0,0.0,0.0,0.409683948,0.0,0.0,0.0,0.0,k1461
k2823,0.0,0.0,0.719774252,0.04,0.0,0.235760452,0.0,0.0,0.0,0.0,k2327
k1866,0.287804509,0.0,0.719087947,0.0,0.0,0.818510533,0.0,0.0,0.0417,0.0,k2924
k75,0.0,0.0,0.834933602,0.04,0.0,0.831403391,0.0,0.0,0.0,0.0,k803
k3373,0.0,0.0,0.850891864,0.0,0.0,0.0,0.0,0.0,0.0,0.0,k1431
k212,0.0,0.0,0.747446345,0.04,0.0417,0.863922404,0.0,0.0,0.0417,0.0,k2251
k2494,0.0,0.0,0.745953798,0.0,0.0,0.371173884,0.0,0.0,0.0417,0.0,k1201
k2437,0.0,0.0,0.781235216,0.04,0.0,0.508274267,0.0,0.0,0.0,0.0,k1277
k2733,0.0,0.0,0.792789131,0.0,0.0,0.437060015,0.0,0.0,0.0,0.0,k2654
k351,0.0,0.0,0.0,0.0,0.0,0.410037017,0.0,0.0,0.0,0.0,k74
k635,0.0,0.0,0.737704809,0.36,0.25,0.943912442,0.0,0.0,0.0,0.25,k1107
k134,0.0,0.0,0.0,0.0,0.0,0.369298363,0.0,0.0,0.0,0.0,k1826
k1522,0.0,0.0,0.0,0.0,0.0,0.499714212,0.0,0.0,0.0,0.0,k2860
k2261,0.0,0.0,0.0,0.0,0.0,0.844262609,0.0,0.0,0.0,0.0,k916
k2178,0.0,0.0,0.0,0.0,0.0,0.416893147,0.0,0.0,0.0,0.0,k2041
k1691,0.0,0.0,0.0,0.0,0.0,0.391462351,0.0,0.0,0.0,0.0,k2589
k808,0.0,0.0,0.0,0.0,0.0,0.346829453,0.0,0.0,0.0,0.0,k2407
k622,0.0,0.0,0.0,0.12,0.0,0.446972161,0.0,0.0,0.0,0.0,k3383
k2316,0.0,0.0,0.715389895,0.04,0.0417,0.827598339,0.0,0.0,0.0,0.0,k618
k3057,0.0,0.0,0.0,0.0,0.0,0.142096732,0.0,0.0,0.0,0.0,k1905
k1498,0.0,0.0,0.716269431,0.04,0.0,0.598387552,0.0,0.0,0.0,0.0,k1395
k2002,0.0,0.0,0.834713717,0.08,0.0,0.868705801,0.0,0.0,0.0,0.0,k3036
k2662,0.0,0.0952,0.755402155,0.04,0.0,0.413007543,0.0,0.0,0.0,0.0,k2966
k3175,0.0,0.0,0.0,0.0,0.0,0.20602679,0.0,0.0,0.0,0.0,k3037
k1847,0.0,0.0,0.695540349,0.04,0.0,0.452341639,0.0,0.0,0.0,0.0,k172
k1628,0.0,0.0,0.726810546,0.12,0.125,0.878986138,0.0,0.0,0.0,0.0,k3122
k1622,0.0,0.0,0.684945928,0.04,0.0,0.456192368,0.0,0.0,0.0,0.0,k14
k1651,0.0,0.0,0.772686385,0.04,0.0,0.429046228,0.0,0.0,0.0,0.0,k2311
k2501,0.0,0.0,0.0,0.0,0.0833,0.617791496,0.0,0.0769,0.0833,0.0,k228
k700,0.0,0.0,0.721426715,0.04,0.0,0.424781014,0.0,0.0,0.0417,0.0,k1513
k3168,0.0,0.0,0.0,0.0,0.0,0.536306165,0.0,0.0,0.0,0.0,k1666
k2392,0.0,0.0,0.727869988,0.04,0.0,0.83723087,0.0,0.0,0.0,0.0,k2289
k3354,0.0,0.0,0.689989939,0.04,0.0,0.833424892,0.0,0.0,0.0,0.0,k2518
k1371,0.0,0.0,0.745107577,0.0,0.0,0.529287697,0.0,0.0,0.0,0.0,k2684
k852,0.0,0.0,0.0,0.0,0.0,0.17660268,0.0,0.0,0.0,0.0,k2034
k687,0.0,0.0,0.715229979,0.12,0.0,0.876092151,0.0,0.0,0.0,0.0,k1306
k648,0.0,0.0,0.0,0.0,0.0,0.729575275,0.0,0.0,0.0,0.0,k134
k2614,0.0,0.0,0.785959395,0.0,0.0,0.416112631,0.0,0.0,0.0,0.0,k2848
k1620,0.0,0.0,0.0,0.0,0.0,0.853097341,0.0,0.0,0.0,0.0,k3330
k2399,0.0,0.0,0.778036901,0.04,0.0,0.421865114,0.0,0.0,0.0,0.0,k3292
k99,0.0,0.0,0.785499637,0.0,0.0,0.40754949,0.0,0.0,0.0,0.0,k357
k2631,0.0,0.0,0.770660785,0.08,0.0,0.885077802,0.0,0.0,0.0417,0.0,k2626
k1639,0.0,0.0,0.0,0.0,0.0,0.533117439,0.0,0.0,0.0,0.0,k1578
k2135,0.0,0.0,0.694247696,0.0,0.0,0.432433709,0.0,0.0,0.0,0.0,k3189
k3155,0.0,0.0,0.0,0.04,0.0,0.215078178,0.0,0.0,0.0417,0.0,k2120
k1569,0.0,0.0,0.0,0.0,0.0,0.350204897,0.0,0.0,0.0,0.0,k2582
k2189,0.0,0.0,0.0,0.04,0.0,0.431553815,0.0,0.0,0.0,0.0,k2023
k1424,0.0,0.0,0.680068497,0.04,0.0,0.78322839,0.0,0.0,0.0,0.0,k898
k2230,0.0,0.0,0.679702024,0.04,0.0,0.81118097,0.0,0.0,0.0,0.0,k2200
k2606,0.0,0.0,0.0,0.0,0.0,0.198360825,0.0,0.0,0.0,0.0,k1930
k2001,0.0,0.0952,0.803370225,0.24,0.0,0.917430156,0.0,0.153846154,0.0,0.0,k1562
k2368,0.0,0.0,0.747912766,0.08,0.0,0.437147665,0.0,0.0,0.0,0.0,k2693
k1841,0.0,0.0952,0.894328987,0.08,0.208333333,0.612154439,0.0909,0.0769,0.0,0.0,k3030
k3017,0.0,0.0,0.0,0.0,0.0,0.382335967,0.0,0.0,0.0,0.0,k3316
k813,0.0,0.0,0.0,0.0,0.0,0.337688563,0.0,0.0,0.0,0.0,k2877
k206,0.0,0.0,0.0,0.0,0.0,0.527945482,0.0,0.0,0.0,0.0,k2612
k1339,0.0,0.0,0.0,0.0,0.0833,0.201961566,0.0,0.0,0.0,0.0,k259
k783,0.0,0.0,0.726424083,0.0,0.0,0.575899198,0.0,0.0,0.0417,0.0,k914
k457,0.0,0.0,0.706261369,0.04,0.0417,0.466394006,0.0,0.0,0.0,0.0,k1217
k1316,0.0,0.0,0.0,0.0,0.0,0.387604524,0.0,0.0,0.0,0.0,k2303
k898,0.0,0.0,0.0,0.0,0.0,0.401946999,0.0,0.0,0.0,0.0,k2910
k1925,0.0,0.0,0.835453328,0.0,0.0,0.42546493,0.0,0.0,0.0833,0.0,k2189
k1184,0.0,0.0,0.0,0.0,0.0,0.391462351,0.0,0.0,0.0,0.0,k2304
k3346,0.0,0.0,0.0,0.0,0.0,0.363154542,0.0,0.0,0.0,0.0,k2528
k289,0.0,0.0,0.763258017,0.0,0.0,0.637003783,0.0,0.0,0.166666667,0.0,k1062
k3369,0.0,0.0,0.0,0.0,0.0,0.320199644,0.0,0.0,0.0,0.0,k3071
k3432,0.0,0.0,0.0,0.0,0.0,0.335738046,0.0,0.0,0.0,0.0,k1414
k1066,0.0,0.0,0.681694308,0.04,0.0,0.512358009,0.0,0.0,0.0,0.0,k800
k2682,0.0,0.0,0.764484038,0.04,0.0,0.821012565,0.0,0.0769,0.0417,0.0,k1450
k1381,0.0,0.0,0.735945735,0.04,0.0,0.834853523,0.0,0.0,0.0417,0.0,k2496
k1179,0.0,0.0,0.0,0.0,0.0,0.369641247,0.0,0.0,0.0,0.0,k1349
k1470,0.0,0.0,0.0,0.0,0.0,0.474281256,0.0,0.0,0.0,0.0,k1903
k1243,0.0,0.0,0.0,0.0,0.0,0.773802947,0.0,0.0,0.0,0.0,k3417
k1346,0.0,0.0,0.0,0.0,0.0,0.234041404,0.0,0.0,0.0417,0.0,k2228
k1141,0.0,0.0,0.0,0.0,0.0,0.342596645,0.0,0.0,0.0,0.0,k864
k2729,0.0,0.0,0.65382232,0.0,0.0,0.168458344,0.0,0.0,0.0,0.0,k2973
k1133,0.0,0.0,0.0,0.0,0.0,0.422004305,0.0,0.0,0.0,0.0,k175
k424,0.0,0.0,0.676057277,0.16,0.0,0.48129386,0.0,0.0,0.0,0.0,k664
k2993,0.0,0.0,0.0,0.0,0.0,0.487084612,0.0,0.0,0.0,0.0,k2688
k1631,0.0,0.0476,0.0,0.0,0.0,0.778581406,0.0,0.0,0.0,0.0,k2071
k3118,0.0,0.0,0.633306459,0.0,0.0,0.357063496,0.0,0.0,0.0,0.0,k2086
k1476,0.0,0.0,0.782581174,0.04,0.0,0.443114334,0.0,0.0,0.0,0.0,k1912
k824,0.0,0.0,0.0,0.0,0.0,0.430361901,0.0,0.0,0.0,0.0,k2817
k1789,0.0,0.0476,0.826757908,0.04,0.0833,0.813308948,0.0,0.0769,0.0,0.0833,k2823
k2225,0.0,0.571428571,0.765989912,0.24,0.0,0.916986969,0.0,0.0,0.0,0.0,k1893
k2616,0.0,0.0,0.0,0.0,0.0,0.400370537,0.0,0.0,0.0,0.0,k1372
k5,0.0,0.0,0.728089873,0.04,0.0,0.83517326,0.0,0.0,0.0,0.0,k991
k773,0.0,0.0,0.0,0.0,0.0,0.561845288,0.0,0.0,0.0,0.0,k3034
k474,0.0,0.0,0.72529801,0.04,0.0,0.535962972,0.0,0.0,0.0417,0.0,k3269
k1852,0.0,0.0,0.0,0.0,0.0,0.411253004,0.0,0.0,0.0,0.0,k1635
k722,0.0,0.0,0.0,0.0,0.0,0.408359325,0.0,0.0,0.0,0.0,k1890
k3372,0.0,0.0,0.857734926,0.0,0.0417,0.492837713,0.0,0.0,0.0,0.0,k2600
k1781,0.0,0.0,0.0,0.0,0.0,0.299418919,0.0,0.0,0.0,0.0,k2359
k2426,0.0,0.0,0.891870282,0.16,0.0,0.872395427,0.0,0.0,0.0,0.0,k3158
k2082,0.0,0.0,0.685512297,0.08,0.0,0.799760876,0.0909,0.0,0.0,0.0,k2267
k486,0.0,0.0,0.788231531,0.0,0.0,0.42534364,0.0,0.0,0.0,0.0,k928
k1374,0.0,0.0,0.0,0.0,0.0,0.290390986,0.0,0.0,0.0,0.0,k2689
k2906,0.0,0.0,0.658180025,0.08,0.0,0.81065754,0.0,0.0,0.0,0.0,k3390
k1456,0.0,0.0,0.64687931,0.0,0.0,0.792359095,0.0,0.0,0.0833,0.0,k2899
k111,0.0,0.0,0.796360583,0.0,0.0833,0.79535246,0.0,0.0,0.0833,0.0,k1970
k948,0.0,0.0,0.821247476,0.04,0.0,0.431998854,0.0,0.0,0.0,0.0,k1291
k862,0.0,0.0,0.848679695,0.08,0.0,0.841291156,0.0,0.0,0.0,0.0,k1761
k1599,0.0,0.0,0.707840537,0.04,0.0,0.842809597,0.0,0.0,0.0,0.0,k1025
k388,0.0,0.0,0.916830469,0.0,0.0,0.551049545,0.0,0.153846154,0.0,0.0,k366
k204,0.0,0.0,0.690842823,0.04,0.0,0.343465736,0.0,0.0,0.0,0.0,k2680
k2811,0.0,0.0,0.782834374,0.0,0.0,0.789615409,0.0,0.0,0.0,0.0,k407
k2967,0.0,0.0,0.0,0.04,0.0,0.419757198,0.0,0.0,0.0,0.0,k2781
k2349,0.0,0.0,0.0,0.0,0.0,0.429840014,0.0,0.0,0.0,0.0,k2691
k230,0.0,0.0,0.709752863,0.12,0.0,0.86173517,0.0,0.0,0.0,0.0,k2049
k2388,0.0,0.0,0.651097089,0.0,0.0,0.414832141,0.0,0.0,0.0,0.0,k2301
k3334,0.0,0.0,0.0,0.0,0.0,0.57099698,0.0,0.0,0.0,0.0,k3095
k1142,0.0,0.0,0.0,0.04,0.0,0.826346551,0.0,0.0,0.0417,0.0,k1311
k562,0.0,0.0,0.635891764,0.0,0.0,0.472744606,0.0,0.0,0.0417,0.0,k2770
k598,0.0,0.0,0.694354307,0.04,0.0,0.221186507,0.0,0.0,0.0,0.0,k1996
k344,0.0,0.0,0.0,0.0,0.0,0.164394972,0.0,0.0,0.0,0.0,k1426
k2515,0.0,0.0,0.762138607,0.04,0.0,0.504945117,0.0,0.0,0.0,0.0,k2160
k2475,0.0,0.0,0.69332818,0.04,0.0,0.833839069,0.0,0.0,0.0,0.0,k1974
k3320,0.0,0.0,0.788351468,0.04,0.0,0.507169386,0.0,0.0,0.0,0.0,k2945
k960,0.0,0.0,0.0,0.0,0.0,0.43101372,0.0,0.0,0.0,0.0,k689
k1544,0.0,0.0,0.0,0.0,0.0,0.731272719,0.0,0.0,0.0,0.0,k2818
k1814,0.0,0.0,0.0,0.0,0.0,0.354709296,0.0,0.0,0.0,0.0,k323
k1442,0.0,0.0,0.776604322,0.0,0.0,0.438995101,0.0,0.0,0.0,0.0,k441
k1734,0.0,0.0,0.705155285,0.0,0.0,0.392649636,0.0,0.0,0.0,0.0,k2451
k2698,0.0,0.0,0.697159496,0.08,0.0,0.839454522,0.0,0.0,0.0,0.0,k715
k180,0.0,0.0,0.834094044,0.08,0.0,0.450096693,0.0,0.0,0.0,0.0,k57
k2476,0.0,0.0,0.76153226,0.08,0.0,0.873383339,0.0,0.0,0.0,0.0,k3300
k827,0.0,0.0,0.684486171,0.0,0.0,0.555225257,0.0,0.0,0.166666667,0.0,k2472
k2969,0.0,0.0,0.835073528,0.04,0.0,0.671610035,0.0,0.0,0.0833,0.0,k885
k842,0.0,0.0,0.0,0.0,0.0,0.796652702,0.0,0.0,0.0,0.0,k1558
k2146,0.0,0.0,0.739157377,0.12,0.0,0.811267694,0.0,0.0,0.0,0.0,k1506
k1016,0.0,0.0,0.0,0.0,0.0,0.420750974,0.0,0.0,0.0,0.0,k2996
k3164,0.0,0.0,0.769794575,0.08,0.0,0.847091476,0.0,0.0,0.0417,0.0,k3100
k3192,0.0,0.0,0.0,0.0,0.0,0.487800934,0.0,0.0,0.0417,0.0,k1561
k1231,0.0,0.0,0.0,0.0,0.0,0.776220416,0.0,0.0,0.0,0.0,k3085
k2491,0.0,0.0,0.793095636,0.04,0.0,0.512387946,0.0,0.0,0.0,0.0,k1866
k609,0.0,0.0,0.721506673,0.08,0.0833,0.885900908,0.0,0.0,0.0,0.0,k3066
k665,0.0,0.0,0.0,0.0,0.0,0.771659538,0.0,0.0,0.0,0.0,k2579
k193,0.0,0.0,0.764190859,0.0,0.0,0.451357122,0.0,0.0,0.0,0.0,k1599
k3200,0.0,0.0,0.0,0.0,0.0,0.741560155,0.0,0.0,0.0,0.0,k2844
k1030,0.0,0.0,0.0,0.0,0.0,0.748027416,0.0,0.0,0.0,0.0,k2126
k1931,0.0,0.0,0.677323276,0.04,0.0,0.767003913,0.0,0.0,0.0,0.0,k1333
k2085,0.0,0.0,0.669320824,0.2,0.0,0.963233365,0.0,0.0,0.0,0.0,k371
k418,0.0,0.0,0.0,0.0,0.0,0.76944638,0.0,0.0,0.0,0.0,k1559
k1571,0.0,0.0,0.0,0.0,0.0,0.306163326,0.0,0.0,0.0,0.0,k2617
k1361,0.0,0.0,0.0,0.0,0.0,0.768856287,0.0,0.0,0.0,0.0,k1040
k1190,0.0,0.0,0.0,0.08,0.0,0.804193674,0.0,0.0,0.125,0.0,k3370
k1437,0.0,0.0,0.792475963,0.0,0.0,0.459598675,0.0,0.0,0.0,0.0,k403
k44,0.0,0.0,0.862585705,0.0,0.0,0.434707358,0.0,0.0,0.0,0.0,k2671
k1226,0.0,0.0,0.0,0.0,0.0,0.48622015,0.0,0.0,0.0,0.0,k131
k2523,0.0,0.0,0.783647279,0.0,0.0,0.793223248,0.0,0.0,0.0,0.0,k1922
k2108,0.0,0.0476,0.896601123,0.0,0.125,0.636989895,0.0,0.307692308,0.166666667,0.0,k2677
k3009,0.0,0.0,0.0,0.0,0.0,0.498603775,0.0,0.0,0.0,0.0,k3214
k2408,0.0,0.0,0.763944323,0.08,0.125,0.866391413,0.0,0.0,0.0833,0.0833,k590
k3241,0.0,0.0,0.745753903,0.08,0.0,0.347150424,0.0,0.0,0.0,0.0,k2283
k935,0.0,0.0,0.771780196,0.0,0.0,0.687495641,0.0,0.0,0.125,0.0,k1854
k1817,0.0,0.0,0.761165786,0.0,0.0,0.204134912,0.0,0.0,0.0,0.0,k1998
k1421,0.0,0.0,0.779636058,0.0,0.0,0.373050949,0.0,0.0,0.0417,0.0,k1566
k901,0.0,0.0,0.0,0.0,0.0,0.461318957,0.0,0.0,0.0,0.0,k2276
k1823,0.0,0.0,0.0,0.0,0.0,0.383873234,0.0,0.0,0.0,0.0,k455
k14,0.0,0.0,0.0,0.0,0.0,0.35859922,0.0,0.0,0.0,0.0,k1627
k2824,0.0,0.0,0.0,0.0,0.0,0.857856357,0.0,0.0,0.0,0.0,k3374
k409,0.0,0.0,0.630374669,0.04,0.0,0.817109062,0.0,0.0,0.0417,0.0,k1927
k2007,0.0,0.0,0.671699572,0.16,0.0833,0.850299337,0.0,0.0,0.0,0.0,k547
k3184,0.0,0.0,0.705668348,0.08,0.0833,0.828638718,0.0,0.0,0.125,0.0,k2427
k2607,0.0,0.0,0.0,0.0,0.0,0.41363282,0.0,0.0,0.0,0.0,k2864
k2191,0.0,0.0,0.0,0.0,0.0,0.825898735,0.0,0.0,0.0,0.0,k2197
k2707,0.0,0.0,0.663277341,0.0,0.0,0.822257255,0.0,0.0,0.0,0.0,k1021
k449,0.0,0.0,0.0,0.0,0.0,0.430340606,0.0,0.0,0.0,0.0,k968
k2553,0.0,0.0,0.0,0.0,0.0,0.2997331,0.0,0.0,0.0,0.0,k890
k94,0.0,0.0,0.0,0.0,0.0,0.387711617,0.0,0.0,0.0,0.0,k2557
k2791,0.0,0.19047619,0.72981563,0.16,0.0417,0.845051149,0.0909,0.0,0.0417,0.0,k2502
k662,0.0,0.0,0.628375722,0.0,0.0,0.395641767,0.0,0.0,0.0417,0.0,k1112
k1012,0.0,0.0,0.624211249,0.04,0.0,0.774137189,0.0,0.0,0.0,0.0,k2682
k1966,0.0,0.0,0.0,0.0,0.0,0.223753968,0.0,0.0,0.0,0.0,k1287
k373,0.0,0.0,0.682920329,0.04,0.0,0.801858608,0.0,0.0,0.0,0.0,k604
k1624,0.0,0.0,0.68754456,0.04,0.0,0.786893326,0.0,0.0,0.0,0.0,k1845
k2278,0.0,0.0,0.0,0.0,0.0,0.815190024,0.0,0.0,0.0,0.0,k530
k87,0.0,0.0,0.712671326,0.04,0.0,0.231902625,0.0,0.0,0.0,0.0,k1849
k758,0.0,0.0,0.635451995,0.04,0.0,0.786250766,0.0,0.0,0.0,0.0,k2975
k3086,0.0,0.0,0.0,0.0,0.0,0.405839084,0.0,0.0,0.0,0.0,k3246
k1283,0.0,0.0,0.733593641,0.24,0.0,0.197217365,0.0,0.0,0.0,0.0,k2853
k1277,0.0,0.142857143,0.832908002,0.12,0.0,0.868931407,0.0909,0.0,0.0,0.0,k160
k844,0.0,0.0476,0.706921022,0.04,0.0,0.566208645,0.0,0.0,0.0417,0.0,k1950
k1851,0.0,0.0,0.0,0.0,0.0,0.356634814,0.0,0.0,0.0,0.0,k230
k1122,0.0,0.0,0.0,0.0,0.0,0.0,0.0,0.0,0.0,0.0,k2401
k826,0.0,0.0,0.0,0.0,0.0,0.363068744,0.0,0.0,0.0,0.0,k3281
k1861,0.0,0.0,0.0,0.0,0.0,0.521329771,0.0,0.0,0.0,0.0,k1776
k121,0.0,0.0,0.815137361,0.0,0.0,0.873766961,0.0,0.0,0.0,0.0,k2863
k1335,0.0,0.0,0.707207537,0.0,0.0,0.51712474,0.0,0.0,0.0417,0.0,k387
k1220,0.0,0.0,0.807674625,0.0,0.0,0.796941576,0.0,0.0,0.0,0.0,k520
k2101,0.0,0.0,0.0,0.0,0.0,0.830738919,0.0,0.0,0.0,0.0,k2937
k1523,0.0,0.0,0.0,0.0,0.0,0.41300168,0.0,0.0,0.0,0.0,k3271
k1984,0.0,0.0,0.731494746,0.16,0.125,0.85807795,0.0,0.0,0.0417,0.0,k3242
k1402,0.0,0.0,0.0,0.0,0.0,0.405071839,0.0,0.0,0.0,0.0,k582
k1537,0.0,0.0,0.735739177,0.04,0.0,0.798638712,0.0,0.0,0.0,0.0,k2378
k2483,0.0,0.0,0.0,0.0,0.0,0.773091564,0.0,0.0,0.0,0.0,k2412
k646,0.0,0.0,0.0,0.0,0.0,0.741102153,0.0,0.0,0.0417,0.0,k2398
k403,0.0,0.0,0.0,0.0,0.0,0.250758757,0.0,0.0,0.0,0.0,k1981
k2340,0.0,0.0,0.0,0.0,0.0,0.42839873,0.0,0.0,0.0,0.0,k570
k2431,0.0,0.0,0.0,0.0,0.0,0.380317552,0.0,0.0,0.0,0.0,k1264
k2019,0.0,0.0,0.0,0.0,0.0417,0.800401276,0.0,0.0,0.0,0.0,k2581
k1176,0.0,0.0,0.0,0.04,0.0,0.84308304,0.0,0.0,0.0,0.0,k1511
k552,0.0,0.0952,0.0,0.0,0.0,0.813332712,0.0,0.0,0.0,0.0,k257
k3110,0.0,0.0,0.0,0.0,0.0,0.375675197,0.0,0.0,0.0,0.0,k3328
k143,0.0,0.0,0.0,0.0,0.0,0.771711696,0.0,0.0,0.0,0.0,k1351
k2152,0.0,0.0,0.0,0.0,0.0,0.304858455,0.0,0.0,0.0,0.0,k1891
k927,0.0,0.0,0.637470932,0.04,0.0,0.790854543,0.0,0.0,0.0,0.0,k493
k712,0.0,0.142857143,0.755715323,0.08,0.0,0.492068925,0.0,0.0,0.0,0.0,k2504
k1879,0.0,0.0,0.0,0.0,0.0,0.304768336,0.0,0.0,0.0,0.0,k11
k3421,0.0,0.0,0.772826311,0.04,0.0,0.439021025,0.0,0.0,0.0,0.0,k1667
k2409,0.0,0.0,0.0,0.0,0.0,0.830941378,0.0,0.0,0.0,0.0,k1486
k369,0.0,0.0,0.691002739,0.04,0.0,0.482568486,0.0,0.0,0.0,0.0,k1194
k669,0.0,0.0,0.0,0.0,0.0,0.376227638,0.0,0.0,0.0,0.0,k1997
k1155,0.0,0.0,0.805788951,0.0,0.0,0.434756738,0.0,0.0,0.0,0.0,k834
k2216,0.0,0.0,0.0,0.0,0.0,0.457051583,0.0,0.0,0.0417,0.0,k939
k2150,0.0,0.0,0.0,0.0,0.0833,0.466239693,0.0,0.0,0.0,0.166666667,k1556
k2780,0.0,0.0,0.755242239,0.04,0.0,0.465205795,0.0,0.0,0.0,0.0,k1967
k3380,0.0,0.0,0.0,0.0,0.0,0.844401182,0.0,0.0,0.0,0.0,k1660
k865,0.0,0.0,0.0,0.0,0.0,0.473406918,0.0,0.0,0.0,0.0,k3165
k410,0.0,0.0,0.691655728,0.04,0.0,0.823069559,0.0,0.0,0.0,0.0,k2206
k2350,0.0,0.0,0.699924706,0.04,0.0,0.821874558,0.0,0.0,0.0417,0.0,k1815
k850,0.0,0.0,0.0,0.0,0.0,0.365207523,0.0,0.0,0.0,0.0,k3313
k3197,0.20268403,0.0,0.0,0.0,0.0,0.76770758,0.0,0.0,0.0,0.0,k2736
k967,0.0,0.0,0.570073095,0.12,0.0,0.804571124,0.0,0.0,0.0,0.0,k363
k2869,0.0,0.0,0.707020969,0.04,0.0,0.822839015,0.0,0.0,0.0417,0.0,k2991
k3247,0.0,0.0,0.739270651,0.0,0.0,0.624011856,0.0,0.0,0.166666667,0.0,k1268
k342,0.0,0.0,0.826564676,0.0,0.0,0.879433338,0.0,0.0,0.0,0.0,k1962
k3137,0.283129223,0.0,0.0,0.0,0.0,0.607393572,0.0,0.0,0.0,0.0,k1133
k953,0.0,0.0,0.726983789,0.12,0.125,0.895415235,0.0,0.0,0.208333333,0.25,k2808
k1409,0.0,0.0,0.0,0.04,0.25,0.534064304,0.0,0.0,0.208333333,0.166666667,k2868
k3107,0.0,0.0,0.667008709,0.08,0.0,0.24615066,0.0,0.0,0.0,0.0,k1259
k1420,0.0,0.0,0.0,0.0,0.0,0.777232092,0.0,0.0,0.0,0.0,k1079
k1910,0.0,0.0,0.68351335,0.08,0.0,0.320628326,0.0,0.0,0.0,0.0,k1074
k1818,0.0,0.0952,0.816596592,0.0,0.0,0.652477682,0.0,0.153846154,0.0833,0.0,k1976
k2884,0.0,0.0,0.0,0.0,0.0,0.440533602,0.0,0.0,0.0,0.0,k1494
k199,0.0,0.0,0.0,0.0,0.0,0.220335625,0.0,0.0,0.0,0.0,k1364
k929,0.0,0.0,0.700251201,0.04,0.0,0.828955368,0.0,0.0,0.0417,0.0,k2210
k1973,0.0,0.0,0.850858548,0.04,0.0,0.865563987,0.0,0.0,0.0,0.0,k2780
k2871,0.0,0.0,0.0,0.0,0.0,0.816686244,0.0,0.0,0.0,0.0,k2568
k2624,0.0,0.0,0.681301181,0.04,0.0417,0.574987207,0.0,0.0,0.0417,0.0,k139
k1688,0.0,0.0,0.7143038,0.08,0.0,0.830731203,0.0,0.0,0.0,0.0,k63
k2232,0.0,0.0,0.0,0.0,0.0,0.843591964,0.0,0.0,0.0,0.0,k2242
k2198,0.0,0.0,0.827824013,0.04,0.0,0.787677236,0.0,0.0,0.0,0.0833,k948
k313,0.0,0.0,0.0,0.0,0.0,0.750691477,0.0,0.0,0.0,0.0,k3312
k2107,0.0,0.0,0.757747586,0.04,0.0,0.491561852,0.0,0.0,0.0,0.0,k853
k1754,0.0,0.0,0.800971488,0.0,0.0,0.848150681,0.0,0.0,0.0,0.0,k24
k1087,0.0,0.0,0.718175094,0.04,0.0,0.82615366,0.0,0.0,0.0,0.0,k1579
k1256,0.0,0.0,0.665636098,0.04,0.0,0.765491336,0.0,0.0,0.0,0.0,k473
k3412,0.0,0.0952,0.73489962,0.08,0.0,0.34047021,0.0,0.0,0.0,0.0,k345
k1250,0.0,0.0,0.688517381,0.04,0.0,0.784633874,0.0,0.0,0.0,0.0,k1075
k2999,0.0,0.0,0.0,0.0,0.0,0.829832175,0.0,0.0,0.0,0.0,k2417
k1064,0.0,0.0,0.771473691,0.04,0.0417,0.7611323,0.0,0.0,0.166666667,0.166666667,k905
k3008,0.0,0.0,0.0,0.0,0.0,0.399250841,0.0,0.0,0.0,0.0,k267
k3404,0.0,0.0,0.0,0.0,0.0,0.417895565,0.0,0.0,0.0,0.0,k776
k3285,0.0,0.0,0.787811752,0.0,0.0,0.481383978,0.0,0.0,0.0417,0.0,k1885
k821,0.0,0.0,0.740623272,0.08,0.0833,0.455754736,0.0,0.0,0.0,0.0,k2273
k754,0.0,0.0,0.687677823,0.0,0.0,0.518371898,0.0,0.0,0.0417,0.0,k3265
k727,0.0,0.0,0.651750078,0.04,0.0,0.235434543,0.0,0.0,0.0417,0.0,k2816
k1888,0.0,0.0476,0.0,0.0,0.0,0.717113568,0.0,0.0,0.0,0.0,k971
k3054,0.0,0.0,0.851798053,0.0,0.0,0.851655749,0.0,0.0,0.0,0.0,k888
k1559,0.0,0.0,0.611251408,0.0,0.0,0.350204897,0.0,0.0,0.0,0.0,k1593
k2471,0.0,0.0,0.693314854,0.04,0.0833,0.441710702,0.0,0.0,0.0417,0.0,k998
k847,0.0,0.0,0.788064952,0.0,0.0,0.434343796,0.0,0.0,0.0,0.0,k2373
k2103,0.0,0.0,0.751131071,0.04,0.0,0.855379015,0.0,0.0,0.0,0.0,k900
k684,0.0,0.0,0.671133203,0.04,0.0,0.438434944,0.0,0.0,0.0,0.0,k745
k3068,0.0,0.0,0.0,0.0,0.0,0.139471249,0.0,0.0,0.0,0.0,k425
k294,0.0,0.0,0.0,0.0,0.0,0.409788264,0.0,0.0,0.0,0.0,k293
k899,0.0,0.0,0.719734273,0.04,0.0,0.425826948,0.0,0.0,0.0,0.0,k865
k759,0.0,0.0,0.714583653,0.0,0.0,0.412041544,0.0,0.0,0.0,0.0,k2297
k3265,0.0,0.0,0.0,0.0,0.0,0.205572184,0.0,0.0,0.0,0.0,k460
k1083,0.0,0.0,0.727436883,0.04,0.0,0.828073315,0.0,0.0,0.0,0.166666667,k1805
k470,0.0,0.0,0.0,0.0,0.0,0.183032598,0.0,0.0,0.0,0.0,k1587
k2263,0.0,0.0476,0.737105125,0.08,0.0,0.847947914,0.0,0.0,0.0,0.0,k2080
k693,0.0,0.0,0.0,0.08,0.0833,0.813398141,0.0,0.0,0.25,0.0,k112
k1854,0.0,0.761904762,0.753583113,0.2,0.791666667,0.92947028,0.954545455,0.846153846,0.5,0.666666667,k471
k3186,0.0,0.0,0.735732514,0.0,0.0,0.769405333,0.0,0.0,0.0833,0.0,k1852
k487,0.0,0.0,0.0,0.0,0.0,0.772907005,0.0,0.0,0.0,0.0,k1945
k333,0.0,0.0,0.795334457,0.04,0.0,0.495418753,0.0,0.0,0.0,0.0,k3276
k1193,0.0,0.0,0.0,0.0,0.0,0.560824661,0.0,0.0,0.0,0.0,k1182
k1623,0.0,0.0,0.773565922,0.04,0.0,0.825375613,0.0,0.0,0.0,0.0,k47
k3312,0.0,0.0,0.0,0.0,0.0,0.778175254,0.0,0.0,0.0,0.0,k2426
k260,0.0,0.0,0.686418486,0.08,0.0,0.847208137,0.0,0.0,0.0,0.0,k3010
k3283,0.0,0.0,0.0,0.0,0.0,0.437760905,0.0,0.0,0.0,0.0,k220
k2790,0.0,0.0,0.777430553,0.0,0.0,0.484200192,0.0,0.0,0.0833,0.0,k819
k164,0.0,0.0,0.762831575,0.0,0.0,0.539480385,0.0,0.0,0.0833,0.0,k2069
k1958,0.0,0.0,0.800551709,0.0,0.0,0.447804835,0.0,0.0,0.0,0.0,k133
k632,0.0,0.0,0.0,0.0,0.0,0.772319998,0.0,0.0,0.0,0.0,k1839
k2980,0.0,0.142857143,0.797786499,0.04,0.125,0.88820079,0.0455,0.153846154,0.0833,0.0,k3204
k3205,0.0,0.0,0.69271517,0.04,0.0417,0.813321601,0.0,0.0,0.0,0.0,k1953
k1662,0.0,0.0952,0.862925526,0.12,0.0,0.872839848,0.0,0.0,0.0,0.0,k2862
k3005,0.0,0.0,0.0,0.0,0.0,0.777660774,0.0,0.0,0.0,0.0,k791
k52,0.0,0.0,0.830889065,0.08,0.0,0.833208854,0.0,0.0,0.0,0.0,k2461
k119,0.0,0.0,0.720187368,0.04,0.0,0.508344017,0.0,0.0,0.0,0.0,k584
k880,0.0,0.0,0.0,0.0,0.0,0.563453848,0.0,0.0,0.0,0.0,k1708
k2817,0.0,0.142857143,0.855975853,0.04,0.0833,0.929748352,0.0909,0.0769,0.0,0.166666667,k951
k2503,0.0,0.0,0.707180885,0.0,0.0,0.552620761,0.0,0.0,0.0417,0.0,k2287
k1766,0.0,0.0,0.0,0.0,0.0,0.384265189,0.0,0.0,0.0,0.0,k2515
k2270,0.0,0.0,0.68300695,0.04,0.0,0.25333486,0.0,0.0,0.0,0.0,k325
k2099,0.0,0.0,0.69613337,0.04,0.0,0.836189566,0.0,0.0,0.0,0.0,k737
k2512,0.0,0.0,0.767349196,0.04,0.0,0.614516664,0.0,0.0,0.0833,0.0,k908
k2992,0.0,0.0,0.0,0.0,0.0,0.408288032,0.0,0.0,0.0,0.0,k1555
k919,0.0,0.0,0.0,0.0,0.0,0.761479196,0.0,0.0,0.0,0.166666667,k318
k660,0.0,0.0,0.787112121,0.04,0.0417,0.506754284,0.0,0.0,0.125,0.0,k1388
k994,0.0,0.0,0.0,0.0,0.0,0.737822383,0.0,0.0,0.0,0.0,k1231
k1747,0.0,0.0,0.805788951,0.04,0.0,0.823138691,0.0,0.0,0.0,0.0,k1471
k1425,0.0,0.0,0.0,0.0,0.0,0.779023359,0.0,0.0,0.0,0.0,k2900
k2062,0.0,0.0,0.769434764,0.0,0.0,0.438266434,0.0,0.0,0.0,0.0,k651
k2527,0.0,0.0476,0.798386183,0.16,0.0833,0.719922374,0.0,0.0,0.166666667,0.0,k511
k711,0.0,0.0,0.0,0.0,0.0,0.348597572,0.0,0.0,0.0,0.0,k439
k2886,0.0,0.0,0.762698312,0.08,0.0,0.442663431,0.0,0.0,0.0,0.0,k995
k1621,0.0,0.0,0.0,0.0,0.0,0.129451392,0.0,0.0,0.0,0.0,k3107
k804,0.0,0.0,0.780262395,0.0,0.0,0.453402079,0.0,0.0,0.166666667,0.0,k742
k3227,0.0,0.0,0.721100221,0.04,0.0,0.566622821,0.0,0.0,0.0417,0.0,k1132
k1306,0.0,0.0,0.0,0.0,0.0,0.387355771,0.0,0.0,0.0,0.0,k3108
k3263,0.0,0.0,0.806282025,0.04,0.0,0.590727142,0.0,0.0,0.0833,0.0,k1749
k1005,0.0,0.0,0.66304413,0.04,0.0,0.797310076,0.0,0.0,0.0,0.0,k2570
k1532,0.0,0.0,0.0,0.0,0.0,0.427252184,0.0,0.0,0.0,0.0,k1099
k1223,0.0,0.0,0.675837392,0.0,0.0,0.433131204,0.0,0.0,0.0,0.0,k3181
k2903,0.0,0.0476,0.750244871,0.04,0.291666667,0.869263797,0.0,0.0769,0.125,0.166666667,k1810
k1898,0.0,0.0,0.651130405,0.0,0.0,0.186997518,0.0,0.0,0.0,0.0,k2546
k1318,0.0,0.0,0.726970462,0.04,0.0,0.844881096,0.0,0.0,0.0,0.0,k652
k1860,0.0,0.0,0.0,0.0,0.0,0.451345394,0.0,0.0,0.0,0.0,k2837
k1859,0.0,0.0,0.0,0.0,0.0,0.470654899,0.0,0.0,0.0,0.0,k1721
k305,0.0,0.0,0.667994856,0.0,0.0,0.208858435,0.0,0.0,0.0,0.0,k2606
k548,0.0,0.0,0.0,0.08,0.0833,0.845366256,0.0,0.0,0.291666667,0.0,k3042
k2156,0.0,0.0,0.716456,0.0,0.0,0.0,0.0,0.0,0.25,0.0,k850
k2220,0.0,0.0,0.760592754,0.0,0.0,0.79176036,0.0,0.0,0.0,0.0,k1070
k594,0.0,0.0,0.0,0.0,0.0,0.402679986,0.0,0.0,0.0,0.0,k2787
k272,0.0,0.0,0.0,0.04,0.0,0.214113721,0.0,0.0,0.0833,0.0,k694
k3073,0.0,0.0,0.0,0.0,0.0,0.463779325,0.0,0.0,0.0,0.0,k1083
k966,0.0,0.0,0.754575923,0.0,0.0,0.206402388,0.0,0.0,0.0,0.0,k2052
k2370,0.0,0.0,0.0,0.0,0.0,0.803217798,0.0,0.0,0.0,0.0,k1652
k480,0.0,0.0,0.83474037,0.0,0.0,0.848384311,0.0,0.0,0.0,0.0,k3103
k2040,0.0,0.0,0.0,0.0,0.0417,0.416634209,0.0,0.0,0.0,0.0,k3092
k2024,0.0,0.0,0.675037813,0.04,0.0,0.41557377,0.0,0.0,0.0,0.0,k1863
k1386,0.0,0.0,0.0,0.0,0.0,0.401964899,0.0,0.0,0.0,0.0,k975
k2740,0.0,0.0,0.0,0.0,0.0,0.372696029,0.0,0.0,0.0,0.0,k127
k2139,0.304896746,0.0,0.0,0.0,0.0,0.875759452,0.0,0.0,0.125,0.0,k1858
k2011,0.0,0.0,0.745520692,0.04,0.0,0.434926791,0.0,0.0,0.0,0.0,k416
k2966,0.0,0.0,0.746726724,0.12,0.125,0.621204593,0.0,0.0,0.0833,0.0,k2315
k2899,0.0,0.0,0.678962413,0.04,0.0,0.326633574,0.0,0.0,0.0,0.0,k1066
k738,0.0,0.0,0.699205085,0.0,0.0,0.506963841,0.0,0.0,0.0417,0.0,k749
k1756,0.0,0.0,0.651117078,0.08,0.0,0.840371759,0.0,0.0,0.0,0.0,k1630
k2504,0.0,0.0,0.0,0.0,0.0,0.493696002,0.0,0.0,0.0,0.0,k2521
k113,0.0,0.0,0.0,0.0,0.0,0.300053145,0.0,0.0,0.0,0.0,k1715
k1533,0.0,0.0,0.0,0.0,0.0,0.392499644,0.0,0.0,0.0,0.0,k2381
k1139,0.263424883,0.0,0.0,0.0,0.0833,0.806118884,0.0,0.0,0.0,0.0833,k2941
k125,0.22030626,0.0,0.646786026,0.0,0.0,0.432509631,0.0,0.0,0.0417,0.0,k3405
k2248,0.0,0.0,0.683759886,0.04,0.0,0.825995026,0.0,0.0,0.0,0.0,k2471
k3013,0.0,0.0,0.0,0.04,0.0,0.746823774,0.0,0.0,0.0,0.0,k2952
k891,0.0,0.0,0.0,0.0,0.0,0.500128697,0.0,0.0,0.0417,0.0,k1738
k18,0.0,0.0,0.0,0.0,0.0,0.10630443,0.0,0.0,0.0,0.0,k1772
k2361,0.0,0.0,0.0,0.0,0.0,0.744274213,0.0,0.0,0.0,0.0,k295
k2844,0.0,0.0,0.850858548,0.04,0.0,0.873150326,0.0,0.0,0.0,0.0,k362
k3322,0.0,0.0,0.749112134,0.0,0.0,0.553450039,0.0,0.0,0.0417,0.0,k298
k1387,0.0,0.0,0.0,0.0,0.0,0.269975983,0.0,0.0,0.0,0.0,k1769
k1705,0.0,0.0,0.797866457,0.0,0.0833,0.795416037,0.0,0.0,0.0833,0.0,k642
k2402,0.0,0.0,0.805782288,0.04,0.0,0.804414342,0.0,0.0,0.0,0.0,k1620
k1293,0.0,0.0,0.0,0.0,0.0,0.42082597,0.0,0.0,0.0,0.0,k1126
k500,0.0,0.0,0.67237255,0.04,0.0,0.841173878,0.0,0.0,0.0,0.0,k2524
k2297,0.0,0.0,0.0,0.0,0.0,0.370227019,0.0,0.0,0.0,0.0,k2093
k2105,0.0,0.0,0.686351855,0.04,0.0,0.784272472,0.0,0.0,0.0,0.0,k491
k2848,0.0,0.0,0.0,0.0,0.0,0.357646182,0.0,0.0,0.0,0.0,k1495
k688,0.0,0.0,0.677723066,0.04,0.0,0.81197414,0.0,0.0,0.0417,0.0,k2552
k1419,0.0,0.0,0.0,0.12,0.0,0.372494496,0.0,0.0,0.0,0.0,k337
k173,0.0,0.0,0.612177586,0.12,0.0,0.817859332,0.0,0.0,0.0,0.0,k64
k3011,0.0,0.0,0.663210709,0.0,0.0,0.427687347,0.0,0.0,0.0417,0.0,k796
k1023,0.0,0.0,0.653729036,0.08,0.0,0.216368235,0.0,0.0,0.0,0.0,k1015
k1799,0.0,0.0,0.0,0.0,0.0,0.486180646,0.0,0.0,0.0,0.0,k2466
k1037,0.0,0.0,0.0,0.0,0.0,0.354741393,0.0,0.0,0.0,0.0,k2593
k303,0.0,0.0952,0.790110542,0.0,0.0,0.391795667,0.0,0.0,0.0,0.0,k1477
k2883,0.0,0.0,0.0,0.0,0.0,0.384398207,0.0,0.0,0.0,0.0,k268
k1572,0.0,0.0,0.794115099,0.04,0.0,0.669603965,0.0,0.0769,0.125,0.0,k38
k2342,0.0,0.0,0.718934694,0.0,0.0,0.387591253,0.0,0.0,0.0417,0.0,k2977
k3115,0.0,0.0,0.0,0.0,0.0,0.455832201,0.0,0.0,0.0,0.0,k1847
k1869,0.0,0.0,0.0,0.0,0.0,0.252044803,0.0,0.0,0.0,0.0,k1971
k816,0.0,0.0,0.903584112,0.04,0.0417,0.441652989,0.0,0.0,0.0,0.0,k1282
k408,0.0,0.0,0.660232278,0.0,0.0,0.392426808,0.0,0.0,0.0,0.0,k1004
k1518,0.0,0.0,0.0,0.0,0.0,0.380536059,0.0,0.0,0.0,0.0,k1089
k3079,0.0,0.0,0.726703936,0.04,0.0,0.838388218,0.0,0.0,0.0,0.0,k29
k641,0.0,0.0,0.0,0.0,0.0,0.723136716,0.0,0.0,0.0,0.0,k3013
k1214,0.0,0.0,0.0,0.12,0.0,0.525667512,0.0,0.0,0.0,0.0,k2424
k2765,0.0,0.0,0.671006603,0.48,1.0,0.446792232,0.0,0.0,0.0,0.0,k1432
k2197,0.0,0.0,0.670726751,0.04,0.0833,0.82467318,0.0,0.0,0.0417,0.166666667,k2079
k1242,0.0,0.0,0.736438809,0.24,0.0,0.911867787,0.0,0.0,0.0,0.0,k1897
k3119,0.0,0.0,0.720373936,0.04,0.166666667,0.666690842,0.0,0.0769,0.0417,0.0,k1171
k1855,0.0,0.0,0.689476876,0.12,0.0,0.861695975,0.0,0.0,0.0,0.0,k3321
k996,0.0,0.0,0.0,0.0,0.0,0.363154542,0.0,0.0,0.0,0.0,k1705
k535,0.0,0.0,0.0,0.0,0.0,0.858564962,0.0,0.0,0.0,0.0,k3081
k2204,0.0,0.0,0.0,0.0,0.0,0.405140354,0.0,0.0,0.0,0.0,k2710
k3429,0.0,0.0,0.854463316,0.04,0.0417,0.848708369,0.0,0.0,0.0,0.0833,k197
k942,0.0,0.0,0.770367606,0.04,0.0833,0.816645197,0.0,0.0,0.166666667,0.0,k2670
k1284,0.0,0.0,0.812558719,0.0,0.0,0.744565556,0.0,0.0,0.0,0.0,k2425
k1525,0.0,0.0,0.0,0.0,0.0,0.778740966,0.0,0.0,0.0,0.0,k3353
k1914,0.0,0.0,0.860946568,0.12,0.0,0.842611459,0.0,0.0,0.0,0.0,k328
k2836,0.0,0.0,0.0,0.0,0.0,0.408943554,0.0,0.0,0.0,0.0,k3213
k1123,0.0,0.0,0.0,0.0,0.0,0.794731504,0.0,0.0,0.0833,0.0,k1128
k1011,0.0,0.0,0.0,0.0,0.0,0.195360361,0.0,0.0,0.0,0.0,k2281
k2125,0.0,0.0,0.726257504,0.04,0.0417,0.850618765,0.0,0.0,0.0417,0.0,k3134
k3256,0.0,0.0,0.793455447,0.0,0.0,0.601302526,0.0,0.0,0.0417,0.0,k2145
k1002,0.0,0.0,0.0,0.0,0.0,0.187318798,0.0,0.0,0.0,0.0,k2633
k316,0.0,0.0,0.709486337,0.04,0.0,0.541716998,0.0,0.0,0.0833,0.0,k1303
k2572,0.0,0.0,0.754136155,0.04,0.0,0.613192657,0.0,0.0,0.0417,0.0,k993
k1278,0.0,0.0,0.723765484,0.04,0.0,0.35017496,0.0,0.0,0.0,0.0,k3275
k566,0.0,0.0476,0.0,0.0,0.166666667,0.832847762,0.0,0.0,0.208333333,0.0833,k1781
k477,0.0,0.0,0.747732861,0.24,0.0,0.903297856,0.0,0.0,0.0,0.0,k3358
k1575,0.0,0.0,0.0,0.0,0.0,0.494659224,0.0,0.0,0.0417,0.0,k2637
k130,0.0,0.0,0.0,0.0,0.0,0.775975675,0.0,0.0,0.0,0.0,k1374
k1885,0.0,0.0,0.0,0.08,0.0,0.421450321,0.0,0.0,0.0833,0.0,k846
k392,0.0,0.0,0.0,0.0,0.0,0.0,0.0,0.0,0.0,0.0,k2440
k792,0.0,0.0,0.0,0.0,0.0,0.82446887,0.0,0.0,0.0,0.0,k157
k1648,0.0,0.0,0.0,0.0,0.0,0.37806705,0.0,0.0,0.0,0.0,k1533
k941,0.0,0.0,0.0,0.0,0.0,0.485831281,0.0,0.0,0.0,0.0,k2565
k3342,0.0,0.0,0.0,0.0,0.0,0.361354017,0.0,0.0,0.0,0.0,k2778
k2183,0.0,0.0,0.815463856,0.0,0.0,0.776978402,0.0,0.0,0.0,0.0,k2054
k188,0.0,0.0952,0.818428961,0.0,0.0,0.538730423,0.0,0.0,0.0,0.0,k2090
k2284,0.0,0.0,0.0,0.0,0.0,0.486266136,0.0,0.0,0.0,0.0,k215
k2547,0.0,0.0,0.727243652,0.04,0.0,0.312220732,0.0,0.0,0.0,0.0,k1602
k1826,0.0,0.0,0.0,0.0,0.0,0.716693836,0.0,0.0,0.0,0.0,k498
k906,0.0,0.0,0.0,0.0,0.0,0.79781684,0.0,0.0,0.0,0.0,k1232
k2648,0.0,0.0,0.0,0.0,0.0,0.762560622,0.0,0.0,0.0,0.0,k740
k223,0.0,0.0,0.0,0.0,0.0,0.306429979,0.0,0.0,0.0,0.0,k469
k2919,0.0,0.0,0.726643968,0.04,0.0,0.800960506,0.0,0.0,0.0,0.0,k2330
k2804,0.0,0.0,0.754002892,0.12,0.0,0.352478237,0.0,0.0,0.0,0.0,k2110
k3328,0.0,0.0,0.685692202,0.04,0.0,0.394226407,0.0,0.0,0.0,0.0,k48
k2750,0.0,0.0,0.0,0.0,0.0,0.408186803,0.0,0.0,0.0,0.0,k1318
k2443,0.0,0.0,0.645033616,0.0,0.0,0.219896141,0.0,0.0,0.0,0.0,k1480
k3363,0.0,0.0,0.668447951,0.04,0.0,0.781307192,0.0,0.0,0.0,0.0,k1687
k3309,0.0,0.0,0.0,0.12,0.0,0.383210922,0.0,0.0,0.0,0.0,k417
k1582,0.0,0.0,0.0,0.0,0.0,0.793317688,0.0,0.0,0.0,0.0,k2443
k422,0.0,0.0,0.0,0.0,0.0,0.857793088,0.0,0.0,0.0,0.0,k1384
k2033,0.0,0.0,0.738957482,0.0,0.0417,0.798577912,0.0,0.0,0.166666667,0.0,k1413
k1131,0.0,0.0,0.693114959,0.08,0.0,0.275624459,0.0,0.0,0.0,0.0,k868
k690,0.0,0.0,0.0,0.0,0.0,0.216792596,0.0,0.0,0.0,0.0,k3289
k3154,0.0,0.0,0.699451622,0.08,0.0,0.441637558,0.0,0.0,0.0,0.0,k1156
k443,0.0,0.0,0.746200334,0.04,0.0,0.450812705,0.0,0.0,0.0,0.0,k2368
k1113,0.0,0.0,0.72553122,0.0,0.0,0.0,0.0,0.0,0.0,0.0,k2725
k1388,0.0,0.0,0.767429154,0.04,0.0417,0.836189874,0.0,0.0,0.208333333,0.0,k294
k1687,0.0,0.0,0.849819095,0.04,0.0,0.432598206,0.0,0.0,0.0,0.0,k2111
k363,0.0,0.0,0.709819495,0.04,0.0,0.850367852,0.0,0.0,0.0,0.0,k1134
k2596,0.0,0.142857143,0.769248196,0.04,0.0833,0.864962474,0.0,0.0769,0.166666667,0.0,k203
k883,0.0,0.0,0.708053758,0.04,0.0,0.823340224,0.0,0.0,0.0417,0.0,k2458
k3157,0.0,0.0,0.784633426,0.04,0.0,0.509036265,0.0,0.0,0.0,0.0,k3400
k802,0.0,0.0,0.0,0.0,0.0,0.411163811,0.0,0.0,0.0,0.0,k186
k3236,0.0,0.0476,0.722266273,0.28,0.208333333,0.935863471,0.0,0.0769,0.0,0.25,k2436
k469,0.0,0.0,0.803230299,0.04,0.0,0.813672201,0.0,0.0,0.0,0.0,k861
k2709,0.0,0.0,0.684452855,0.08,0.0,0.840226087,0.0,0.0,0.0,0.0,k2448
k264,0.0,0.0952,0.73262082,0.08,0.0,0.341444852,0.0,0.0,0.0,0.0,k1122
k2629,0.0,0.0,0.775684806,0.0,0.0417,0.539622661,0.0,0.0,0.0417,0.0,k1366
k1770,0.0,0.0,0.734706388,0.04,0.0,0.786684386,0.0,0.0,0.0833,0.0,k1142
k1803,0.0,0.0,0.692195444,0.08,0.0,0.811060915,0.0,0.0,0.0,0.0,k813
k1443,0.0,0.0,0.0,0.0,0.0,0.20832266,0.0,0.0,0.0,0.0,k2655
k235,0.0,0.0,0.0,0.0,0.0,0.453777368,0.0,0.0,0.0417,0.0,k964
k2521,0.0,0.0,0.0,0.0,0.0,0.727585253,0.0,0.0,0.0,0.0,k3284
k3019,0.0,0.0,0.0,0.0,0.0,0.409707404,0.0,0.0,0.0,0.0,k2814
k413,0.0,0.142857143,0.653056057,0.48,0.0,1.0,0.0,0.0,0.0,0.0,k311
k3025,0.259147092,0.0,0.701770401,0.04,0.0,0.544513769,0.0,0.0,0.0833,0.0,k1027
k1567,0.0,0.0,0.693334844,0.04,0.0,0.827338784,0.0,0.0,0.0,0.0,k162
k2958,0.0,0.0,0.873433325,0.0,0.0,0.439116082,0.0,0.0,0.0,0.0,k707
k2452,0.0,0.333333333,0.784773353,0.2,0.0,0.893117204,0.136363636,0.0,0.0,0.0,k3007
k2142,0.0,0.0,0.724131957,0.04,0.0,0.332127428,0.0,0.0,0.0,0.0,k1428
k2644,0.0,0.0,0.0,0.04,0.0,0.82665919,0.0,0.0,0.0417,0.0,k3247
k1520,0.0,0.0,0.721679915,0.24,0.0,0.911507312,0.0,0.0,0.0,0.0,k2711
k2109,0.0,0.19047619,0.688750591,0.08,0.0833,0.810211884,0.0,0.153846154,0.0,0.0,k1478
k3148,0.0,0.0,0.800884867,0.0,0.0,0.442714355,0.0,0.0,0.0,0.0,k2248
k3126,0.0,0.0,0.0,0.0,0.0,0.347347327,0.0,0.0,0.0,0.0,k1924
k3392,0.516325642,0.0,0.0,0.0,0.0,0.798402921,0.0,0.0,0.0,0.0,k1048
k701,0.0,0.0,0.821947108,0.04,0.0,0.80949402,0.0,0.0,0.0,0.0,k280
k1343,0.0,0.0,0.836759307,0.04,0.0,0.677628245,0.0,0.0,0.0833,0.0,k2077
k2118,0.0,0.0,0.0,0.0,0.0,0.392087628,0.0,0.0,0.0,0.0,k2125
k246,0.0,0.0,0.0,0.0,0.0,0.188551142,0.0,0.0,0.0,0.0,k1800
k1685,0.0,0.0,0.0,0.0,0.0,0.0,0.0,0.0,0.0,0.0,k2144
k3262,0.0,0.0,0.0,0.0,0.0,0.757282806,0.0,0.0,0.0,0.0,k1490
k900,0.0,0.0,0.785512963,0.0,0.0,0.434343796,0.0,0.0,0.0,0.0,k247
k2419,0.0,0.0,0.0,0.0,0.0,0.0,0.0,0.0,0.0,0.0,k591
k2502,0.0,0.0,0.0,0.0,0.0,0.494528058,0.0,0.0,0.0,0.0,k1938
k353,0.0,0.0,0.0,0.0,0.0,0.709308721,0.0,0.0,0.0,0.0,k818
k2322,0.0,0.0,0.748958882,0.0,0.0,0.593233495,0.0,0.0,0.166666667,0.0,k1553
k279,0.0,0.0,0.0,0.0,0.0,0.0,0.0,0.0,0.0,0.0,k2370
k1079,0.0,0.0,0.0,0.0,0.0,0.759875883,0.0,0.0,0.0,0.166666667,k1343
k2386,0.0,0.0,0.0,0.0,0.0,0.421896286,0.0,0.0,0.0,0.0,k1146
k1970,0.0,0.0,0.0,0.04,0.0,0.41427075,0.0,0.0,0.0,0.0,k1564
k1744,0.0,0.0,0.727137041,0.04,0.0,0.755344942,0.0,0.0,0.0833,0.0,k1162
k1561,0.0,0.0,0.798706015,0.0,0.0,0.842921319,0.0,0.0,0.0,0.0,k540
k2978,0.0,0.0,0.689350276,0.0,0.0,0.403061757,0.0,0.0,0.0,0.0,k2554
k1211,0.0,0.0,0.807787898,0.0,0.0,0.408432469,0.0,0.0,0.0,0.0,k490
k559,0.0,0.0,0.676756908,0.04,0.0,0.823297016,0.0,0.0,0.0,0.0,k2706
k1239,0.0,0.0,0.699538243,0.08,0.0,0.8594393,0.0,0.0,0.0417,0.0,k1807
k95,0.0,0.0,0.0,0.0,0.0,0.798570197,0.0,0.0,0.0,0.0,k2124
k137,0.0,0.0,0.0,0.0,0.0,0.415685184,0.0,0.0,0.0,0.0,k468
k1805,0.0,0.0,0.636511437,0.04,0.0,0.798623898,0.0,0.0,0.0,0.0,k464
k100,0.0,0.0,0.631287522,0.04,0.0,0.795895334,0.0,0.0,0.0,0.0,k2911
k3162,0.0,0.0952,0.803876625,0.0,0.0,0.890052238,0.0,0.0,0.0,0.0,k2221
k1657,0.0,0.0,0.703276274,0.04,0.0,0.558907167,0.0,0.0,0.0417,0.0,k2968
k349,0.0,0.0,0.0,0.08,0.0833,0.471598369,0.0,0.0,0.0833,0.0,k2081
k1384,0.0,0.0,0.717808621,0.04,0.0,0.4390559,0.0,0.0,0.0,0.0,k2431
k1330,0.0,0.0,0.690149854,0.0,0.0,0.593846118,0.0,0.0,0.125,0.0,k1654
k1921,0.0,0.0,0.727256978,0.04,0.0,0.475588596,0.0,0.0,0.0,0.0,k613
k1983,0.0,0.0,0.795014626,0.04,0.0,0.443172356,0.0,0.0,0.0417,0.0,k3173
k2482,0.0,0.0,0.0,0.0,0.0,0.747627436,0.0,0.0,0.0,0.0,k1820
k752,0.0,0.0,0.897567281,0.12,0.0,0.849818188,0.0,0.0,0.0,0.0,k2320
k673,0.0,0.0,0.0,0.2,0.0,0.832431733,0.0,0.0,0.5,0.0,k1207
k514,0.0,0.0,0.788691289,0.0,0.0,0.754511034,0.0,0.0,0.0417,0.0,k3387
k393,0.0,0.0,0.695393759,0.04,0.0,0.785907574,0.0,0.0,0.0,0.0,k1365
k893,0.0,0.0,0.0,0.0,0.0,0.256013426,0.0,0.0,0.0,0.0,k3351
k1166,0.0,0.0,0.69083616,0.2,0.0,0.565111787,0.0,0.0,0.0,0.0,k2798
k1410,0.0,0.0,0.769661312,0.04,0.0,0.747423126,0.0,0.0,0.0,0.0,k3234
k1286,0.0,0.0,0.776597659,0.0,0.0,0.584720968,0.0,0.0,0.0417,0.0,k1206
k297,0.0,0.0,0.801211362,0.0,0.0,0.455264638,0.0,0.0,0.0417,0.0,k3347
k1118,0.0,0.0,0.0,0.0,0.0,0.734124116,0.0,0.0,0.0,0.0,k1539
k2763,0.0,0.0,0.0,0.0,0.0,0.439666054,0.0,0.0,0.0,0.0,k326
k2866,0.0,0.0,0.0,0.0,0.0,0.202559684,0.0,0.0,0.0,0.0,k2005
k1394,0.0,0.0,0.591814977,0.04,0.0,0.186997518,0.0,0.0,0.0417,0.0,k1837
k322,0.0,0.0,0.0,0.0,0.0,0.768555685,0.0,0.0,0.0,0.0,k1300
k3023,0.0,0.0,0.0,0.0,0.0,0.402358398,0.0,0.0,0.0,0.0,k1145
k1059,0.0,0.0,0.0,0.0,0.0,0.291480128,0.0,0.0,0.0,0.0,k395
k1228,0.0,0.0,0.0,0.0,0.0417,0.6005109,0.0,0.0,0.0417,0.0,k1026
k3158,0.0,0.0,0.727137041,0.04,0.0,0.807760467,0.0,0.0,0.0,0.0,k632
k2484,0.0,0.0,0.715609779,0.04,0.0,0.794865757,0.0,0.0,0.0,0.0,k2885
k1752,0.0,0.0,0.0,0.04,0.0,0.853061849,0.0,0.0,0.0,0.0,k1120
k1978,0.0,0.0,0.0,0.0,0.0,0.676004563,0.0,0.0,0.0,0.0,k277
k270,0.0,0.0,0.790850152,0.08,0.0,0.842500045,0.0,0.0,0.0417,0.0,k1144
k2927,0.0,0.0,0.0,0.0,0.0417,0.78573536,0.0,0.0,0.0,0.0,k2801
k2385,0.0,0.0,0.780922048,0.0,0.0,0.441429544,0.0,0.0,0.0,0.0,k3212
k2166,0.0,0.0,0.0,0.0,0.0,0.445793209,0.0,0.0,0.0,0.0,k1387
k918,0.334046299,0.0,0.72428521,0.08,0.125,0.544653268,0.0,0.153846154,0.0417,0.166666667,k3177
k317,0.0,0.0,0.696972928,0.04,0.125,0.829154741,0.0,0.0,0.0,0.0,k2874
k988,0.0,0.0,0.0,0.0,0.0,0.782256835,0.0,0.0,0.0,0.0,k2505
k723,0.0,0.0,0.788324816,0.0,0.0833,0.587356018,0.0,0.0,0.0833,0.0,k3301
k3222,0.0,0.0,0.839617801,0.04,0.0,0.682309178,0.0,0.0,0.0833,0.0,k400
k2457,0.0,0.0,0.7922161,0.04,0.0,0.432506236,0.0,0.0,0.0,0.0,k361
k2280,0.0,0.0,0.0,0.04,0.0,0.23517221,0.0,0.0,0.0833,0.0,k654
k1262,0.0,0.0,0.68047495,0.0,0.0,0.391578086,0.0,0.0,0.0417,0.0,k1680
k1486,0.0,0.0,0.0,0.04,0.0417,0.815610682,0.0,0.0,0.0417,0.0833,k1572
k1241,0.0,0.0,0.717868589,0.08,0.0,0.452370342,0.0,0.0,0.0,0.0,k2195
k2458,0.0,0.0,0.69701957,0.04,0.0,0.227718888,0.0,0.0,0.0,0.0,k1170
k3127,0.0,0.0,0.7187348,0.04,0.0833,0.827023677,0.0,0.0,0.208333333,0.0,k214
k451,0.0,0.0,0.0,0.0,0.0,0.413658436,0.0,0.0,0.0,0.0,k1541
k3095,0.0,0.0,0.784600111,0.0,0.0,0.871270484,0.0,0.0,0.0,0.0,k2314
k286,0.0,0.0,0.733387083,0.0,0.0,0.447686939,0.0,0.0,0.0,0.0,k1484
k1809,0.0,0.0476,0.703109696,0.0,0.0,0.420234642,0.0,0.0,0.0,0.0,k2962
k2670,0.0,0.0,0.76429747,0.24,0.0,0.910969376,0.0,0.0,0.0,0.0,k1968
k1395,0.0,0.0,0.0,0.0,0.0,0.414528145,0.0,0.0,0.0,0.0,k2871
k3365,0.0,0.0952,0.790110542,0.08,0.0,0.823725081,0.0,0.0,0.0,0.0,k1081
k959,0.0,0.0,0.0,0.0,0.0417,0.479496729,0.0,0.0,0.0,0.0,k726
k634,0.0,0.0,0.681187908,0.04,0.0,0.80439891,0.0,0.0,0.0,0.0,k2803
k696,0.0,0.0,0.748299229,0.04,0.0,0.67208285,0.0,0.0,0.166666667,0.0,k90
k55,0.0,0.0,0.0,0.0,0.0,0.81106863,0.0,0.0,0.0,0.0,k2669
k158,0.0,0.0,0.649884394,0.04,0.0,0.798205401,0.0,0.0,0.0,0.0,k869
k2453,0.0,0.0,0.0,0.0,0.0,0.788874089,0.0,0.0,0.0,0.0,k1542
k611,0.0,0.0,0.622358891,0.04,0.0,0.818823789,0.0,0.0,0.0,0.0,k3163
k657,0.0,0.0,0.837545559,0.08,0.0,0.450529695,0.0,0.0,0.0,0.0,k1931
k2061,0.0,0.0,0.690196497,0.04,0.0,0.831996262,0.0,0.0,0.0,0.0,k1315
k951,0.0,0.0,0.0,0.0,0.0,0.784259202,0.0,0.0,0.0,0.0,k1818
k3413,0.0,0.0,0.672312582,0.04,0.0,0.412573306,0.0,0.0,0.0,0.0,k1861
k1674,0.0,0.0,0.702596632,0.16,0.0,0.883718612,0.0,0.0,0.0,0.0,k3156
k3277,0.0,0.0,0.635591922,0.0,0.0,0.385782704,0.0,0.0,0.0,0.0,k1427
k2912,0.0,0.0,0.0,0.0,0.0,0.14345407,0.0,0.0,0.0,0.0,k946
k1135,0.0,0.0,0.0,0.0,0.0,0.121735738,0.0,0.0,0.0,0.0,k1966
k2064,0.0,0.0,0.843722306,0.16,0.0,0.556984735,0.0,0.0,0.0,0.0,k349
k1452,0.0,0.0,0.72350562,0.04,0.0,0.579899301,0.0,0.0,0.125,0.0,k1520
k394,0.0,0.0,0.0,0.0,0.0,0.50947328,0.0,0.0,0.0,0.0,k1502
k3012,0.0,0.19047619,0.700271191,0.08,0.0417,0.840627301,0.0455,0.0769,0.125,0.0833,k3235
k2009,0.0,0.0,0.0,0.0,0.0,0.716895369,0.0,0.0,0.0,0.0,k2733
k3299,0.0,0.0,0.734613104,0.04,0.0,0.821644323,0.0,0.0,0.0,0.0,k2947
k1649,0.0,0.0,0.791003405,0.04,0.0,0.431270188,0.0,0.0,0.0,0.0,k2089
k682,0.0,0.0,0.751264334,0.0,0.0,0.451892897,0.0,0.0,0.0417,0.0,k2997
k2700,0.0,0.0476,0.0,0.0,0.0833,0.602812016,0.0,0.0,0.0833,0.0,k1148
k2068,0.0,0.0476,0.0,0.0,0.0833,0.798365578,0.0,0.0,0.208333333,0.0833,k859
k1906,0.0,0.0,0.0,0.0,0.0,0.382586571,0.0,0.0,0.0,0.0,k3139
k679,0.0,0.0,0.840384064,0.0,0.0417,0.841860263,0.0,0.0,0.0,0.0,k2088
k2265,0.0,0.0,0.768368659,0.0,0.0417,0.581693345,0.0,0.153846154,0.0833,0.0,k168
k2312,0.0,0.19047619,0.790457026,0.08,0.0,0.258579962,0.0,0.0,0.0,0.0,k317
k1882,0.0,0.0,0.793781942,0.0,0.0,0.556629815,0.0,0.0,0.0417,0.0,k2204
k1266,0.0,0.0,0.748878924,0.0,0.0,0.747452754,0.0,0.0,0.0,0.0,k1600
k2539,0.0,0.0,0.0,0.0,0.0,0.217324359,0.0,0.0,0.0,0.0,k1482
k2889,0.0,0.0,0.0,0.0,0.0,0.404018806,0.0,0.0,0.0,0.0,k2290
k2069,0.0,0.0,0.75279686,0.04,0.0,0.830043893,0.0,0.0,0.0,0.0,k495
k1741,0.0,0.0,0.0,0.0,0.0,0.81579308,0.0,0.0,0.0,0.0,k1958
k3396,0.0,0.0,0.0,0.0,0.0,0.824916378,0.0,0.0,0.0,0.0,k2566
k1017,0.0,0.0,0.730008862,0.08,0.0,0.646336021,0.0,0.0,0.0,0.0,k1503
k2181,0.0,0.0,0.0,0.04,0.0,0.561771218,0.0,0.0,0.208333333,0.0,k877
k2685,0.0,0.0,0.719034642,0.04,0.0,0.394038454,0.0,0.0,0.0,0.0,k1623
k2746,0.0,0.0,0.824539076,0.04,0.0833,0.581150472,0.0,0.0,0.0833,0.0833,k254
k2184,0.0,0.0,0.0,0.0,0.0,0.297999856,0.0,0.0,0.0,0.0,k2194
k2078,0.0,0.0,0.0,0.0,0.0,0.814880472,0.0,0.0,0.0,0.0,k2457
k2046,0.0,0.0,0.0,0.0,0.0,0.458849948,0.0,0.0,0.0,0.0,k931
k192,0.0,0.0,0.804029878,0.0,0.0,0.2114475,0.0,0.0,0.0,0.0,k2788
k362,0.0,0.0,0.0,0.0,0.0,0.400489666,0.0,0.0,0.0,0.0,k615
k2505,0.0,0.0,0.791403194,0.0,0.0,0.586952644,0.0,0.0,0.0417,0.0,k1510
k115,0.0,0.0,0.0,0.0,0.0,0.797104222,0.0,0.0,0.0,0.0,k3270
k528,0.283148152,0.0,0.805522425,0.0,0.0,0.644615739,0.0,0.0,0.0417,0.0,k3240
k983,0.0,0.0,0.0,0.0,0.0,0.456885851,0.0,0.0,0.0,0.0,k1832
k1735,0.0,0.0,0.700084622,0.04,0.0,0.0,0.0,0.0,0.0,0.0,k1030
k3076,0.0,0.0,0.0,0.0,0.0,0.239872895,0.0,0.0,0.0,0.0,k744
k101,0.0,0.0,0.682887013,0.0,0.0,0.806082775,0.0,0.0,0.0,0.0,k1355
k1787,0.0,0.0,0.0,0.0,0.0,0.307768799,0.0,0.0,0.0,0.0,k1710
k2410,0.0,0.0,0.759559965,0.0,0.0,0.389853791,0.0,0.0,0.0417,0.0,k2271
k970,0.0,0.0,0.0,0.0,0.0,0.507802995,0.0,0.0,0.0,0.0,k1420
k2769,0.0,0.0,0.738884188,0.0,0.0,0.41062711,0.0,0.0,0.0,0.0,k1876
k1458,0.0,0.0,0.67732994,0.0,0.0,0.518877737,0.0,0.0,0.0833,0.0,k892
k1025,0.0,0.0,0.830162781,0.04,0.0,0.628509774,0.0,0.0,0.0833,0.0,k999
k184,0.0,0.0,0.72175321,0.04,0.0833,0.833432917,0.0,0.0,0.0417,0.0,k463
k2747,0.0,0.0,0.0,0.0,0.0,0.315744934,0.0,0.0,0.0,0.0,k973
k1878,0.0,0.0,0.683046929,0.08,0.0833,0.432195758,0.0,0.0,0.0833,0.0,k799
k2537,0.0,0.0,0.0,0.0,0.0,0.188176161,0.0,0.0,0.0,0.0,k2571
k1024,0.0,0.0,0.743628356,0.04,0.0,0.569975119,0.0,0.0,0.0833,0.0,k128
k220,0.0,0.0,0.0,0.0,0.0,0.774310637,0.0,0.0,0.0,0.0,k1046
k2921,0.0,0.0,0.613670134,0.0,0.0,0.175888211,0.0,0.0,0.0,0.0,k879
k2924,0.0,0.0952,0.709486337,0.08,0.0,0.397125332,0.0,0.0,0.0,0.0,k568
k3193,0.299558971,0.0,0.753696387,0.04,0.0,0.848018589,0.0,0.0,0.0,0.166666667,k2601
k1412,0.0,0.0,0.0,0.04,0.0,0.260617512,0.0,0.0,0.0,0.0,k474
k217,0.0,0.0476,0.878810493,0.08,0.208333333,0.611431328,0.0,0.0769,0.0,0.0,k2168
k2279,0.0,0.0,0.0,0.04,0.0,0.474098549,0.0,0.0,0.0417,0.0,k2663
k894,0.0,0.0,0.833794202,0.0,0.0,0.435485096,0.0,0.0,0.0,0.0,k3106
k2673,0.0,0.0,0.0,0.04,0.0,0.419532518,0.0,0.0,0.166666667,0.166666667,k1344
k2474,0.0,0.0,0.0,0.0,0.0,0.782375347,0.0,0.0,0.0,0.0,k1345
k926,0.0,0.0,0.0,0.0,0.0,0.40151986,0.0,0.0,0.0,0.0,k2302
k429,0.0,0.0,0.0,0.0,0.0,0.783581458,0.0,0.0,0.0,0.0,k1442
k437,0.0,0.0,0.694327654,0.04,0.0,0.385388279,0.0,0.0,0.0,0.0,k1002
k933,0.0,0.0,0.0,0.0,0.0,0.812494792,0.0,0.0,0.0,0.0,k1734
k415,0.0,0.0,0.0,0.0,0.0,0.820183904,0.0,0.0,0.0,0.0,k512
k1323,0.0,0.142857143,0.940577962,0.16,0.0,0.871605961,0.0,0.0,0.0,0.0,k3249
k1145,0.0,0.0,0.0,0.0,0.0,0.783863851,0.0,0.0,0.0,0.0,k2703
k3433,0.0,0.0,0.0,0.0,0.0,0.805125725,0.0,0.0,0.0,0.0,k1017
k2637,0.0,0.0,0.867483126,0.0,0.0,0.519152722,0.0,0.0,0.0,0.0,k149
k2592,0.0,0.0,0.730541915,0.24,0.0,0.902929356,0.0,0.0,0.0,0.0,k1816
k2936,0.0,0.0,0.746346924,0.0,0.0,0.557867406,0.0,0.0,0.0417,0.0,k1009
k307,0.0,0.0,0.672672393,0.04,0.0833,0.43703193,0.0,0.0,0.0,0.0,k1331
k1281,0.0,0.0,0.748252587,0.04,0.0,0.825723127,0.0,0.0,0.0,0.0,k773
k2290,0.0,0.0,0.790270458,0.16,0.0417,0.522166766,0.0,0.0,0.0,0.0833,k2325
k3195,0.0,0.0,0.793115626,0.0,0.0,0.623411578,0.0,0.0,0.0833,0.0,k3021
k2071,0.0,0.285714286,0.742795461,0.24,0.0,0.868933567,0.0909,0.0,0.0,0.0,k340
k1762,0.0,0.0,0.738071282,0.0,0.0,0.450474142,0.0,0.0,0.0,0.0,k3099
k2771,0.0,0.0,0.0,0.0,0.0,0.422646247,0.0,0.0,0.0,0.0,k886
k2260,0.0,0.0,0.0,0.0,0.0,0.743428577,0.0,0.0,0.0,0.0,k2610
k597,0.0,0.0,0.672465835,0.08,0.0,0.842422271,0.0,0.0,0.0,0.0,k409
k2738,0.0,0.0,0.743175261,0.04,0.0,0.556452972,0.0,0.0,0.0833,0.0,k1310
k1663,0.0,0.0,0.0,0.0,0.0,0.789320053,0.0,0.0,0.0,0.0,k976
k551,0.0,0.0,0.0,0.0,0.0,0.560592575,0.0,0.0,0.0,0.0,k456
k2983,0.0,0.0,0.766036554,0.0,0.0,0.589681825,0.0,0.0,0.0417,0.0,k3286
k1418,0.0,0.0,0.731408125,0.0,0.0,0.204254659,0.0,0.0,0.0833,0.0,k2930
k1171,0.0,0.0,0.0,0.04,0.0,0.839337552,0.0,0.0,0.125,0.0,k434
k3033,0.0,0.0,0.0,0.04,0.0,0.80432268,0.0,0.0,0.0417,0.0,k1050
k86,0.0,0.0,0.684246297,0.04,0.0,0.816639641,0.0,0.0,0.0,0.0,k2439
k921,0.0,0.0,0.0,0.0,0.0,0.775191765,0.0,0.0,0.0,0.0,k3024
k434,0.0,0.0,0.0,0.0,0.0,0.421768514,0.0,0.0,0.0,0.0,k368
k2887,0.0,0.0,0.764997102,0.08,0.0,0.431366479,0.0,0.0,0.0,0.0,k154
k2186,0.0,0.0,0.677036761,0.04,0.0,0.817353494,0.0,0.0,0.0,0.0,k2759
k3393,0.0,0.0,0.636704669,0.0,0.0,0.159456954,0.0,0.0,0.0,0.0,k1742
k692,0.0,0.0,0.0,0.0,0.0,0.392561677,0.0,0.0,0.0,0.0,k2767
k1174,0.0,0.0476,0.924739637,0.04,0.125,0.904444402,0.0,0.0769,0.25,0.0833,k695
k2253,0.0,0.0,0.880942704,0.04,0.0,0.861431482,0.0,0.0,0.0,0.0,k3398
k1889,0.0,0.0,0.0,0.0,0.0,0.384226302,0.0,0.0,0.0,0.0,k1806
k2373,0.0,0.0,0.0,0.0,0.0,0.769190838,0.0,0.0,0.0,0.0,k3373
k2268,0.0,0.0,0.814877498,0.0,0.0,0.825193215,0.0,0.0,0.0,0.0,k915
k1890,0.0,0.0,0.0,0.0,0.0,0.330629974,0.0,0.0,0.0,0.0,k1381
k2946,0.0,0.0,0.0,0.0,0.0,0.794587993,0.0,0.0,0.0,0.0,k1242
k1495,0.0,0.0,0.693388149,0.0,0.0417,0.819445362,0.0,0.0,0.0417,0.0,k1212
k2717,0.0,0.0476,0.83549997,0.08,0.0,0.841088389,0.0,0.0,0.0,0.0,k787
k36,0.0,0.0,0.732414262,0.04,0.0,0.796756092,0.0,0.0,0.0,0.0,k2193
k428,0.0,0.0,0.0,0.0,0.0,0.45498564,0.0,0.0,0.0,0.0,k376
k1051,0.0,0.0,0.804189793,0.04,0.0,0.818081543,0.0,0.0,0.0,0.0,k1657
k395,0.0,0.0,0.0,0.0,0.0,0.320199644,0.0,0.0,0.0,0.0,k462
k45,0.0,0.0,0.0,0.04,0.0,0.268333166,0.0,0.0,0.0,0.0,k1518
k1775,0.0,0.0,0.873933062,0.0,0.0,0.434707358,0.0,0.0,0.0,0.0,k1607
k1935,0.0,0.0,0.720307305,0.0,0.0,0.575901667,0.0,0.0,0.0417,0.0,k3277
k2833,0.0,0.0,0.687911034,0.04,0.0,0.786043061,0.0,0.0,0.0,0.0,k2460
k488,0.0,0.0,0.762138607,0.0,0.0,0.251723214,0.0,0.0,0.0,0.0,k1447
k1120,0.0,0.0,0.0,0.0,0.0,0.760514739,0.0,0.0,0.0,0.166666667,k2784
k1391,0.0,0.0,0.0,0.0,0.0,0.445527482,0.0,0.0,0.0417,0.0,k3001
k3041,0.0,0.0,0.84963919,0.08,0.0417,0.486843884,0.0,0.0,0.0,0.0,k27
k1252,0.0,0.0,0.654275415,0.0,0.0,0.397620369,0.0,0.0,0.0,0.0,k3180
k1535,0.0,0.0,0.0,0.0,0.0,0.80387332,0.0,0.0,0.0,0.0,k1719
k2766,0.0,0.0,0.0,0.0,0.0,0.274368659,0.0,0.0,0.0,0.0,k2961
k3340,0.0,0.0,0.0,0.0,0.0,0.371458746,0.0,0.0,0.0,0.0,k579
k1240,0.0,0.0,0.0,0.0,0.0,0.726511234,0.0,0.0,0.0,0.0,k1251
k1263,0.0,0.0952,0.754895755,0.24,0.25,0.904341938,0.0,0.0,0.0,0.25,k1712
k2047,0.0,0.0,0.775811406,0.16,0.0,0.408159952,0.0,0.0,0.0,0.0,k3073
k2167,0.0,0.0,0.728669567,0.04,0.0,0.828669272,0.0,0.0,0.0,0.0,k3077
k32,0.0,0.0,0.735499304,0.0,0.0,0.562805424,0.0,0.0,0.0417,0.0,k2300
k34,0.0,0.0,0.745527356,0.04,0.0,0.422454282,0.0,0.0,0.0,0.0,k413
k1761,0.0,0.0,0.810353214,0.0,0.0,0.416235773,0.0,0.0,0.0,0.0,k1052
k2440,0.0,0.0,0.825711792,0.08,0.0,0.850236994,0.0,0.0,0.0,0.0,k2979
k406,0.0,0.0,0.776697606,0.04,0.0,0.8225773,0.0,0.0,0.0,0.0,k79
k1352,0.0,0.0,0.731288188,0.04,0.0,0.832827701,0.0,0.0,0.0417,0.0,k2430
k376,0.0,0.0,0.0,0.0,0.0,0.509343348,0.0,0.0,0.0,0.0,k2395
k645,0.0,0.0,0.690389728,0.08,0.0417,0.458421266,0.0,0.0,0.0,0.0,k408
k3010,0.0,0.0,0.700890864,0.04,0.0,0.817412133,0.0,0.0,0.0,0.0,k153
k625,0.0,0.0,0.777537164,0.04,0.0833,0.620894732,0.0,0.0769,0.208333333,0.0,k2429
k2815,0.0,0.0,0.67416494,0.0,0.0,0.418128577,0.0,0.0,0.0,0.0,k99
k1301,0.0,0.0,0.764923807,0.0,0.0,0.543651467,0.0,0.0,0.0417,0.0,k1263
k2353,0.0,0.0,0.628262448,0.08,0.0,0.811673846,0.0,0.0,0.0,0.0,k2135
k912,0.0,0.0,0.679548771,0.12,0.0,0.240475642,0.0,0.0,0.0,0.0,k372
k2732,0.0,0.0,0.0,0.0,0.0,0.792581923,0.0,0.0,0.0,0.0,k978
k2719,0.0,0.0,0.0,0.0,0.0,0.428647483,0.0,0.0,0.0,0.0,k1677
k306,0.0,0.0,0.66644234,0.0,0.0,0.4063835,0.0,0.0,0.0,0.0,k2886
k1212,0.0,0.0,0.0,0.0,0.0,0.742168765,0.0,0.0,0.0,0.0,k1090
k617,0.0,0.0,0.671079898,0.04,0.0,0.382679159,0.0,0.0,0.0,0.0,k1220
k2728,0.0,0.0,0.0,0.0,0.0,0.421257429,0.0,0.0,0.0,0.0,k758
k1216,0.0,0.0,0.614489702,0.0,0.0,0.461653199,0.0,0.0,0.0417,0.0,k894
k1275,0.0,0.0952,0.742275735,0.08,0.0417,0.941823042,0.0,0.0769,0.0417,0.0,k187
k1348,0.0,0.0,0.0,0.0,0.0,0.415901531,0.0,0.0,0.0,0.0,k881
k2060,0.0,0.0,0.682453908,0.04,0.0,0.815466245,0.0,0.0,0.0417,0.0,k1031
k728,0.0,0.0,0.0,0.0,0.0,0.374637904,0.0,0.0,0.0,0.0,k2188
k3147,0.0,0.0,0.747166492,0.0,0.0,0.551103555,0.0,0.0,0.0417,0.0,k255
k1325,0.0,0.0,0.0,0.04,0.0,0.521027935,0.0,0.0,0.166666667,0.0,k2858
k2667,0.0,0.0,0.0,0.0,0.0,0.385782704,0.0,0.0,0.0,0.0,k1267
k3101,0.0,0.0,0.0,0.0,0.0,0.393519653,0.0,0.0,0.0,0.0,k1809
k1772,0.0,0.0,0.0,0.08,0.0,0.802607953,0.0,0.0,0.125,0.0,k478
k445,0.0,0.0,0.0,0.16,0.0,0.838400255,0.0,0.0,0.208333333,0.0,k2920
k3401,0.263708807,0.0,0.0,0.0,0.0417,0.806152524,0.0,0.0,0.0,0.0,k3088
k2938,0.0,0.0,0.0,0.0,0.0417,0.569471132,0.0,0.0,0.0,0.0,k2481
k92,0.0,0.0,0.821074234,0.08,0.0833,0.537224019,0.0,0.153846154,0.0,0.0,k2409
k82,0.0,0.0,0.76239847,0.0,0.0,0.59525407,0.0,0.0,0.0833,0.0,k2530
k1785,0.0,0.0,0.0,0.0,0.0,0.398967831,0.0,0.0,0.0,0.0,k3420
k3078,0.0,0.0952,0.711725158,0.08,0.0,0.408788932,0.0,0.0,0.0,0.0,k2597
k442,0.0,0.0,0.733733567,0.04,0.0,0.860976567,0.0,0.0,0.0,0.0,k1098
k1704,0.0,0.0952,0.0,0.2,0.0,0.89461219,0.0,0.0,0.0,0.0,k2078
k60,0.0,0.0,0.0,0.0,0.0,0.831143836,0.0,0.0,0.0,0.0,k249
k908,0.0,0.0,0.0,0.0,0.0,0.307768799,0.0,0.0,0.0,0.0,k2624
k3225,0.0,0.0476,0.767595733,0.04,0.0417,0.879311739,0.0,0.0,0.0,0.0,k1203
k2994,0.0,0.0,0.772273269,0.0,0.0417,0.806488927,0.0,0.0,0.125,0.0,k1557
k1779,0.0,0.0,0.0,0.0,0.0,0.444306557,0.0,0.0,0.0,0.0,k424
k2306,0.0,0.0,0.715663084,0.0,0.0,0.52654185,0.0,0.0,0.0833,0.0,k422
k2337,0.0,0.0,0.0,0.0,0.0,0.479241804,0.0,0.0,0.0,0.0,k1843
k2272,0.0,0.0,0.790083889,0.04,0.0,0.850626172,0.0,0.0,0.0,0.0,k3225
k1715,0.0,0.0,0.0,0.0,0.0,0.457832716,0.0,0.0,0.0,0.0,k3369
k140,0.0,0.0,0.0,0.0,0.0,0.176191282,0.0,0.0,0.0,0.0,k876
k238,0.0,0.0,0.708933295,0.04,0.0,0.577495721,0.0,0.0,0.0417,0.0,k2923
k1417,0.0,0.0,0.742082503,0.0,0.0417,0.796769363,0.0,0.0,0.166666667,0.0,k2449
k1605,0.0,0.0,0.0,0.0,0.0,0.177888725,0.0,0.0,0.0,0.0,k502
k2347,0.0,0.0,0.0,0.04,0.0,0.432993865,0.0,0.0,0.0,0.0,k144
k1048,0.0,0.0,0.689237002,0.04,0.0,0.785256373,0.0,0.0,0.0,0.0,k1175
k2364,0.0,0.0,0.805908888,0.04,0.0,0.811079432,0.0,0.0,0.0,0.0,k3118
k2247,0.0,0.0,0.0,0.0,0.0,0.474799131,0.0,0.0,0.0,0.0,k2804
k2164,0.0,0.142857143,0.696046749,0.12,0.0,0.85569011,0.0,0.0769,0.0417,0.0,k1501
k2518,0.0,0.0,0.674204919,0.04,0.0,0.436731637,0.0,0.0,0.0,0.0,k3009
k3144,0.0,0.0,0.747852798,0.0,0.0,0.0,0.0,0.0,0.0,0.0,k920
k25,0.0,0.0,0.0,0.08,0.0,0.8268277,0.0,0.0,0.291666667,0.416666667,k2076
k1481,0.0,0.0,0.734986241,0.12,0.0,0.826500247,0.0,0.0,0.0,0.0,k2180
k3124,0.0,0.0,0.0,0.0,0.0,0.718306099,0.0,0.0,0.0,0.0,k2635
k1976,0.0,0.0,0.744694461,0.04,0.0417,0.682858224,0.0,0.0,0.166666667,0.0,k2060
k2792,0.0,0.0,0.0,0.0,0.0,0.465176784,0.0,0.0,0.0,0.0,k96
k2123,0.0,0.0,0.69725278,0.04,0.0,0.301664791,0.0,0.0,0.0,0.0,k3415
k251,0.0,0.0,0.0,0.0,0.0,0.172316171,0.0,0.0,0.0,0.0,k23
k1279,0.0,0.0,0.0,0.0,0.0,0.240614215,0.0,0.0,0.0,0.0,k1702
k1340,0.0,0.0,0.705628369,0.0,0.0,0.437523571,0.0,0.0,0.0,0.0,k835
k2807,0.0,0.0,0.0,0.0,0.0,0.118958103,0.0,0.0,0.0,0.0,k1373
k2273,0.0,0.0,0.0,0.0,0.0,0.420957445,0.0,0.0,0.0,0.0,k2134
k2023,0.0,0.0,0.0,0.0,0.0,0.717238561,0.0,0.0,0.0,0.0,k1647
k775,0.0,0.0476,0.91290587,0.04,0.125,0.903173479,0.0,0.0769,0.25,0.0833,k1859
k670,0.0,0.0,0.0,0.0,0.0,0.743069028,0.0,0.0,0.0,0.0,k2175
k2414,0.0,0.0,0.0,0.0,0.0,0.408295439,0.0,0.0,0.0,0.0,k812
k2075,0.0,0.0,0.0,0.0,0.0,0.411338802,0.0,0.0,0.0,0.0,k3120
k667,0.0,0.0,0.0,0.0,0.0,0.345065654,0.0,0.0,0.0,0.0,k2835
k348,0.0,0.0,0.81998814,0.04,0.0,0.510419837,0.0,0.0,0.0,0.0,k2551
k2042,0.0,0.0952,0.795061268,0.04,0.0,0.435935381,0.0,0.0,0.0,0.0,k2500
k2816,0.0,0.0,0.702470032,0.04,0.0417,0.80557169,0.0,0.0,0.0,0.0,k1756
k2480,0.0,0.0,0.0,0.0,0.0,0.0,0.0,0.0,0.0,0.0,k2157
k1702,0.0,0.0,0.0,0.0,0.0,0.432399143,0.0,0.0,0.0417,0.0,k3200
k845,0.0,0.0,0.0,0.0,0.0,0.445544765,0.0,0.0,0.0,0.0,k1785
k20,0.0,0.0,0.647252447,0.04,0.0,0.801553686,0.0,0.0,0.0,0.0,k1982
k2065,0.0,0.0,0.0,0.0,0.0,0.476591014,0.0,0.0,0.0,0.0,k2068
k3109,0.0,0.0,0.0,0.0,0.0,0.746597551,0.0,0.0,0.0,0.0,k1205
k458,0.0,0.0,0.826324802,0.0,0.0,0.877216167,0.0,0.0,0.0,0.0,k3032
k1362,0.0,0.0,0.0,0.0,0.0,0.350320632,0.0,0.0,0.0,0.0,k1519
k430,0.0,0.0,0.0,0.04,0.0,0.820422472,0.0,0.0,0.0417,0.0,k36
k2934,0.0,0.0,0.0,0.04,0.0417,0.551426378,0.0,0.0,0.208333333,0.0,k1663
k1557,0.0,0.0,0.872587104,0.04,0.0,0.477169688,0.0,0.0,0.0,0.0,k1018
k1733,0.0,0.0,0.672345898,0.16,0.0,0.513948359,0.0,0.0,0.0,0.0,k3117
k1446,0.0,0.0,0.0,0.0,0.0,0.183460971,0.0,0.0,0.0,0.0,k3341
k1356,0.0,0.0,0.823019876,0.08,0.0,0.448311907,0.0,0.0,0.0,0.0,k762
k1536,0.0,0.0,0.813611498,0.04,0.0,0.445587356,0.0,0.0,0.0,0.0,k2140
k1665,0.0,0.0,0.0,0.0,0.0,0.415463899,0.0,0.0,0.0,0.0,k2713
k1359,0.0,0.0,0.786026026,0.08,0.0,0.861947505,0.0909,0.0,0.0833,0.0,k1106
k436,0.0,0.0,0.0,0.0,0.0,0.559779345,0.0,0.0,0.0,0.0,k2444
k1783,0.0,0.0,0.0,0.04,0.0833,0.795587942,0.0,0.0,0.25,0.0833,k61
k699,0.0,0.0,0.0,0.04,0.0,0.424112221,0.0,0.0,0.0417,0.0,k297
k2439,0.0,0.0,0.810919582,0.04,0.0,0.446676497,0.0,0.0,0.0,0.0,k406
k830,0.0,0.0,0.0,0.0,0.0,0.339595873,0.0,0.0,0.0,0.0,k2692
k1568,0.0,0.0952,0.898120323,0.0,0.0,0.91972757,0.0,0.0,0.0,0.0,k2199
k2745,0.0,0.0,0.685938739,0.04,0.0,0.818610837,0.0,0.0,0.0,0.0,k595
k2991,0.0,0.0,0.62328507,0.0,0.0,0.532808813,0.0,0.0,0.0833,0.0,k937
k239,0.0,0.0,0.667068677,0.12,0.0,0.334452309,0.0,0.0,0.0833,0.0,k538
k3216,0.0,0.0,0.0,0.04,0.0,0.390650973,0.0,0.0,0.0,0.0,k845
k1468,0.0,0.0,0.0,0.0,0.0,0.810718031,0.0,0.0,0.0,0.0,k273
k3063,0.0,0.0,0.752823513,0.0,0.0,0.581497368,0.0,0.0,0.0417,0.0,k81
k1165,0.0,0.0476,0.729515788,0.08,0.0417,0.588178198,0.0,0.0,0.0417,0.0,k2820
k3084,0.0,0.0,0.0,0.0,0.0,0.790118161,0.0,0.0,0.0,0.0,k1801
k2972,0.0,0.0952,0.777310616,0.0,0.0833,0.648711208,0.0,0.0769,0.208333333,0.0833,k1669
k620,0.0,0.0,0.763424596,0.0,0.0,0.469498476,0.0,0.0,0.0833,0.0,k1580
k2127,0.0,0.0,0.0,0.0,0.0,0.445271323,0.0,0.0,0.0,0.0,k1086
k93,0.0,0.0,0.0,0.0,0.0,0.354178459,0.0,0.0,0.0,0.0,k2793
k1147,0.0,0.0,0.0,0.0,0.0,0.793226026,0.0,0.0,0.0,0.0,k3035
k1988,0.0,0.0,0.70837359,0.04,0.0,0.222900925,0.0,0.0,0.0,0.0,k1522
k1264,0.0,0.0,0.0,0.0,0.0,0.298338727,0.0,0.0,0.0,0.0,k188
k2362,0.0,0.0,0.0,0.0,0.0,0.128379842,0.0,0.0,0.0,0.0,k1554
k3218,0.0,0.0,0.0,0.0,0.0,0.199139489,0.0,0.0,0.0,0.0,k232
k1295,0.0,0.0,0.6413289,0.04,0.0,0.820431114,0.0,0.0,0.0,0.0,k508
k2618,0.0,0.0,0.0,0.0,0.0,0.411623972,0.0,0.0,0.0,0.0,k1714
k1112,0.0,0.0,0.0,0.0,0.0,0.373834242,0.0,0.0,0.0,0.0,k2173
k2563,0.0,0.0,0.733427062,0.24,0.0,0.905554222,0.0,0.0,0.0,0.0,k503
k1678,0.0,0.0,0.641788658,0.04,0.0,0.200607006,0.0,0.0,0.0,0.0,k3018
k2258,0.0,0.0,0.0,0.0,0.0,0.365189932,0.0,0.0,0.0,0.0,k798
k468,0.0,0.0,0.795714257,0.04,0.0,0.808842201,0.0,0.0,0.0,0.0,k722
k2195,0.0,0.0,0.730441967,0.12,0.0,0.881038811,0.0,0.0,0.0,0.0,k2542
k1311,0.0,0.0,0.624211249,0.04,0.0,0.499802788,0.0,0.0,0.0833,0.0,k3058
k1833,0.0,0.0,0.0,0.0,0.0,0.403122556,0.0,0.0,0.0,0.0,k485
k2473,0.0,0.0,0.794761426,0.0,0.0,0.554911693,0.0,0.0,0.0833,0.0,k1294
k1845,0.0,0.0,0.0,0.0,0.0,0.817797915,0.0,0.0,0.0417,0.0,k883
k1487,0.0,0.0,0.716089526,0.04,0.0,0.432997569,0.0,0.0,0.0,0.0,k3150
k2379,0.0,0.0,0.688777244,0.04,0.0,0.785559752,0.0,0.0,0.0,0.0,k375
k186,0.0,0.0,0.694420938,0.04,0.0,0.81364998,0.0,0.0,0.0,0.0,k2
k2288,0.0,0.0,0.712837905,0.08,0.0,0.849598138,0.0,0.0,0.0,0.0,k1179
k1577,0.0,0.0,0.713497558,0.04,0.0,0.436989031,0.0,0.0,0.0,0.0,k3259
k1600,0.0,0.0,0.667701677,0.04,0.0,0.220003234,0.0,0.0,0.0,0.0,k1597
k6,0.0,0.0,0.749565229,0.12,0.0,0.425707819,0.0,0.0,0.0,0.0,k553
k2638,0.0,0.0,0.0,0.0,0.0,0.204188921,0.0,0.0,0.0,0.0,k1188
k1904,0.0,0.80952381,0.91982889,0.08,0.5,0.779001446,0.181818182,0.538461538,0.416666667,0.0,k1118
k21,0.0,0.0,0.0,0.0,0.0,0.399212263,0.0,0.0,0.0,0.0,k454
k2092,0.0,0.0,0.803150341,0.0,0.0,0.422340399,0.0,0.0,0.0,0.0,k929
k2692,0.0,0.0,0.776437743,0.04,0.0,0.824451587,0.0,0.0,0.0,0.0,k906
k1957,0.0,0.0,0.0,0.0,0.0,0.397527781,0.0,0.0,0.0,0.0,k2229
k840,0.0,0.0,0.835213454,0.0,0.0,0.462819498,0.0,0.0,0.0833,0.0,k2777
k2036,0.0,0.0,0.690616275,0.0,0.0,0.569012514,0.0,0.0,0.0833,0.0,k2241
k336,0.0,0.0,0.737111788,0.0,0.0,0.390470118,0.0,0.0,0.0,0.0,k1499
k48,0.3246768,0.0,0.758340607,0.04,0.0,0.675115102,0.0,0.0,0.0833,0.0,k706
k1941,0.0,0.0,0.0,0.0,0.0,0.404039793,0.0,0.0,0.0,0.0,k3147
k1676,0.0,0.0,0.0,0.0,0.0,0.511859269,0.0,0.0,0.0,0.0,k1116
k764,0.0,0.0,0.799418973,0.04,0.125,0.810687786,0.0,0.0,0.0833,0.0,k2316
k741,0.0,0.0,0.0,0.0,0.0,0.777763547,0.0,0.0,0.0,0.0,k3238
k2674,0.0,0.0,0.0,0.0,0.0,0.708982811,0.0,0.0,0.0,0.0,k2387
k483,0.0,0.0,0.728416367,0.04,0.0,0.501959159,0.0,0.0,0.0,0.0,k754
k685,0.0,0.0,0.0,0.0,0.0,0.189033525,0.0,0.0,0.0,0.0,k2467
k3418,0.0,0.0,0.692195444,0.12,0.0,0.85876094,0.0,0.0,0.0,0.0,k2217
k1128,0.0,0.0,0.0,0.24,0.0,0.0,0.0,0.0,0.0,0.0,k646
k2541,0.0,0.0,0.738284503,0.0,0.0,0.433836723,0.0,0.0,0.0,0.0,k2625
k525,0.0,0.0476,0.744128093,0.08,0.0,0.866528752,0.0,0.0,0.0,0.0,k1619
k3249,0.0,0.0,0.0,0.0,0.0,0.182929517,0.0,0.0,0.0,0.0,k1804
k2669,0.269273722,0.0,0.0,0.0,0.0,0.811747608,0.0,0.0,0.0,0.0,k2622
k1071,0.0,0.0952,0.0,0.16,0.0,0.898046582,0.0,0.0,0.0,0.0,k3224
k1296,0.0,0.0,0.718961347,0.0,0.0,0.848278144,0.0,0.0,0.0417,0.0,k3412
k3043,0.0,0.0,0.753369892,0.0,0.0,0.601700962,0.0,0.0,0.0833,0.0,k307
k182,0.0,0.0,0.0,0.0,0.0,0.379031506,0.0,0.0,0.0,0.0,k1274
k2626,0.0,0.0,0.822466834,0.04,0.0833,0.874636361,0.0,0.0,0.166666667,0.0,k3187
k1461,0.0,0.0,0.715643095,0.0,0.0,0.840893954,0.0,0.0,0.0417,0.0,k3318
k1808,0.0,0.0,0.715649758,0.04,0.0417,0.822966169,0.0,0.0,0.0,0.0,k2493
k2249,0.0,0.0,0.677529834,0.0,0.0,0.43454286,0.0,0.0,0.0,0.0,k1441
k2777,0.0,0.0,0.816769835,0.04,0.0833,0.61314266,0.0,0.0,0.0833,0.0,k2013
k3020,0.0,0.0,0.0,0.0,0.0,0.376031043,0.0,0.0,0.0,0.0,k1643
k2925,0.0,0.0,0.756001839,0.04,0.0,0.858480707,0.0,0.0,0.0,0.0,k1534
k1224,0.0,0.0,0.753543134,0.08,0.0,0.464959203,0.0,0.0,0.0,0.0,k990
k1097,0.0,0.0,0.758227334,0.0,0.0,0.542804597,0.0,0.0,0.125,0.0,k16
k2013,0.0,0.0,0.0,0.0,0.0,0.433456804,0.0,0.0,0.0,0.0,k2550
k508,0.0,0.0,0.0,0.24,0.0,0.507038528,0.0,0.0,0.0,0.0,k2764
k2861,0.0,0.0,0.752936787,0.04,0.0,0.832552098,0.0,0.0,0.0,0.0,k2274
k3071,0.27656111,0.0476,0.706961001,0.04,0.0833,0.818936746,0.0,0.0769,0.0417,0.0,k2912
k2299,0.0,0.0,0.680155118,0.0,0.0,0.37419194,0.0,0.0,0.0,0.0,k65
k774,0.0,0.0,0.66960734,0.0,0.0,0.831577456,0.0,0.0,0.0417,0.0,k1448
k1637,0.0,0.0,0.755748639,0.0,0.0,0.423842482,0.0,0.0,0.0833,0.0,k391
k3419,0.0,0.0,0.0,0.0,0.0,0.371637441,0.0,0.0,0.0,0.0,k1225
k1591,0.0,0.0,0.0,0.0,0.0,0.192600009,0.0,0.0,0.0,0.0,k2063
k837,0.0,0.0,0.76910827,0.04,0.0,0.459810084,0.0,0.0,0.0,0.0,k724
k2793,0.0,0.0,0.0,0.0,0.0,0.654892064,0.0,0.0,0.0,0.0,k930
k1909,0.0,0.0,0.691542454,0.04,0.0,0.808749305,0.0,0.0,0.0,0.0,k2815
k613,0.0,0.0,0.752330439,0.16,0.125,0.537207353,0.0,0.0,0.0,0.0,k1110
k3422,0.0,0.0,0.77463869,0.12,0.0,0.42914684,0.0,0.0,0.0,0.0,k1565
k40,0.0,0.0,0.735312735,0.08,0.0,0.458608911,0.0,0.0,0.0,0.0,k1165
k1331,0.0,0.0,0.737325009,0.0,0.0,0.453333255,0.0,0.0,0.208333333,0.0,k3129
k974,0.0,0.0,0.723159136,0.0,0.0,0.413430361,0.0,0.0,0.0,0.0,k180
k675,0.298612557,0.0,0.0,0.04,0.0417,0.594696074,0.0,0.0,0.125,0.0833,k3039
k3268,0.0,0.0,0.0,0.04,0.0,0.435621508,0.0,0.0,0.0417,0.0,k1877
k2820,0.0,0.0,0.0,0.0,0.0,0.786763086,0.0,0.0,0.0,0.0,k2317
k2646,0.0,0.0,0.0,0.0,0.0,0.799784332,0.0,0.0,0.0,0.0,k1084
k1873,0.0,0.0,0.687118118,0.04,0.0,0.812440782,0.0,0.0,0.0,0.0,k2811
k2201,0.0,0.0,0.710858948,0.0,0.0,0.583059016,0.0,0.0,0.0417,0.0,k1901
k2405,0.0,0.0,0.0,0.08,0.0,0.804554149,0.0,0.0,0.0833,0.0,k941
k1596,0.0,0.0,0.709019916,0.04,0.0,0.576446083,0.0,0.0,0.125,0.0,k1409
k404,0.0,0.0,0.840317433,0.04,0.0,0.488217579,0.0,0.0,0.0,0.0,k1361
k3375,0.0,0.0,0.0,0.0,0.0,0.813021308,0.0,0.0,0.0,0.0,k2526
k3176,0.0,0.0,0.67819615,0.04,0.0,0.415042007,0.0,0.0,0.0,0.0,k559
k786,0.0,0.0,0.0,0.0,0.0,0.411176156,0.0,0.0,0.0417,0.0833,k2319
k1411,0.0,0.0,0.754909081,0.0,0.0,0.787831858,0.0,0.0,0.0833,0.0,k1077
k3032,0.0,0.0,0.832921328,0.08,0.0,0.449270809,0.0,0.0,0.0,0.0,k113
k1849,0.0,0.0,0.805522425,0.08,0.0,0.881396509,0.0,0.0,0.0,0.0,k1614
k1169,0.0,0.0,0.0,0.0,0.0,0.490013166,0.0,0.0,0.0417,0.0,k353
k2708,0.0,0.0,0.0,0.0,0.0,0.233184349,0.0,0.0,0.0,0.0,k1199
k485,0.0,0.0,0.0,0.0,0.0,0.812963904,0.0,0.0,0.0,0.0,k394
k2377,0.0,0.0,0.695280486,0.04,0.0,0.386618155,0.0,0.0,0.0,0.0,k1229
k2540,0.0,0.0,0.747166492,0.0,0.0,0.579782949,0.0,0.0,0.0417,0.0,k692
k943,0.0,0.0,0.0,0.0,0.0,0.353927854,0.0,0.0,0.0,0.0,k1633
k3125,0.0,0.0,0.0,0.0,0.0,0.405791864,0.0,0.0,0.0,0.0,k895
k2862,0.0,0.0,0.0,0.0,0.0,0.372173216,0.0,0.0,0.0,0.0,k244
k950,0.0,0.0,0.0,0.12,0.0,0.540944507,0.0,0.0,0.416666667,0.0,k2272
k1255,0.0,0.0,0.0,0.0,0.0,0.410039794,0.0,0.0,0.0,0.0,k2118
k512,0.0,0.0,0.0,0.0,0.0,0.0,0.0,0.0,0.0,0.0,k1045
k2996,0.0,0.0,0.713291,0.0,0.0,0.829265229,0.0,0.0,0.0417,0.0,k258
k2762,0.0,0.0,0.0,0.0,0.0,0.800387696,0.0,0.0,0.0,0.0,k1092
k2564,0.0,0.0,0.0,0.0,0.0,0.216234909,0.0,0.0,0.0,0.0,k2586
k2043,0.0,0.0952,0.79333551,0.04,0.0,0.399490643,0.0,0.0,0.0,0.0,k1312
k1693,0.0,0.0,0.724598378,0.0,0.0,0.549641901,0.0,0.0,0.0833,0.0,k2162
k663,0.0,0.0,0.0,0.0,0.0,0.426198226,0.0,0.0,0.0,0.0,k1871
k803,0.0,0.0,0.0,0.0,0.0,0.320199644,0.0,0.0,0.0,0.0,k1421
k151,0.0,0.0952,0.811919056,0.0,0.0,0.804489338,0.0,0.0769,0.0,0.0,k3229
k3294,0.0,0.0,0.730441967,0.0,0.0,0.486568898,0.0,0.0,0.0417,0.0,k3320
k734,0.0,0.0,0.0,0.0,0.0,0.812406833,0.0,0.0,0.0,0.0,k2231
k2383,0.0,0.0,0.77668428,0.0,0.0,0.605696128,0.0,0.0,0.0417,0.0,k1679
k3156,0.0,0.0,0.765137028,0.04,0.0,0.357788459,0.0,0.0,0.0,0.0,k1788
k2438,0.0,0.0,0.778156837,0.0,0.0,0.52177944,0.0,0.0,0.0417,0.0,k3062
k3027,0.0,0.0,0.696399896,0.08,0.0,0.854183705,0.0,0.0,0.0417,0.0,k3210
k1227,0.0,0.0,0.0,0.0,0.0,0.408373522,0.0,0.0,0.0,0.0,k1746
k1614,0.0,0.0,0.760292912,0.0,0.0,0.453561947,0.0,0.0,0.0833,0.0,k1841
k1160,0.0,0.0,0.814984108,0.0,0.0,0.5088264,0.0,0.0,0.0,0.0,k980
k1436,0.0,0.0,0.0,0.0,0.0,0.371298261,0.0,0.0,0.0,0.0,k3116
k3226,0.0,0.0,0.760399523,0.0,0.0,0.211224672,0.0,0.0,0.0417,0.0,k385
k1990,0.0,0.0,0.775045143,0.08,0.0833,0.862078054,0.0,0.0,0.0833,0.0833,k554
k2380,0.0,0.0,0.750404787,0.04,0.0,0.613192657,0.0,0.0,0.0417,0.0,k2963
k2080,0.0,0.0,0.0,0.0,0.0,0.0,0.0,0.0,0.0,0.0,k1926
k1270,0.0,0.0,0.737758114,0.04,0.0,0.837063904,0.0,0.0,0.0417,0.0,k526
k626,0.0,0.0,0.789337616,0.0,0.0,0.398763212,0.0,0.0,0.0,0.0,k2643
k2570,0.0,0.0952,0.794028478,0.04,0.0,0.405823035,0.0,0.0,0.0,0.0,k2611
k3088,0.0,0.0,0.0,0.0,0.125,0.788710208,0.0,0.0,0.125,0.0,k1731
k2853,0.0,0.0,0.838531707,0.04,0.0,0.679039901,0.0,0.0,0.0833,0.0,k2648
k969,0.0,0.0,0.717382179,0.04,0.0,0.252558665,0.0,0.0,0.0,0.0,k1254
k2357,0.0,0.0,0.857068611,0.04,0.0,0.85185759,0.0,0.0,0.0,0.0,k308
k3417,0.0,0.0,0.0,0.0,0.0,0.771333938,0.0,0.0,0.0,0.0,k728
k533,0.0,0.0,0.650857215,0.0,0.0,0.359505964,0.0,0.0,0.0,0.0,k1932
k539,0.0,0.0,0.0,0.0,0.0,0.385979916,0.0,0.0,0.0,0.0,k2714
k3044,0.0,0.0,0.0,0.0,0.0,0.180460507,0.0,0.0,0.0,0.0,k2651
k114,0.0,0.0,0.796940278,0.0,0.0833,0.924712808,0.0,0.0,0.0417,0.0,k3
k1031,0.0,0.0,0.0,0.0,0.0,0.775721367,0.0,0.0,0.0,0.0,k1417
k872,0.0,0.0,0.743455114,0.04,0.0417,0.84660755,0.0,0.0,0.0,0.0,k1488
k2121,0.0,0.0,0.816263435,0.0,0.0417,0.589960823,0.0,0.0,0.0417,0.0,k2539
k3018,0.0,0.0952,0.0,0.12,0.0,0.888667741,0.181818182,0.0,0.0,0.0,k1309
k1399,0.0,0.0,0.0,0.0,0.0,0.749027056,0.0,0.0,0.0,0.0,k3146
k2315,0.0,0.0,0.0,0.0,0.0,0.409526549,0.0,0.0,0.0,0.0,k2715
k3178,0.0,0.0,0.639016784,0.04,0.0,0.201571463,0.0,0.0,0.0,0.0,k727
k3116,0.0,0.0,0.809786846,0.12,0.0,0.512333319,0.0,0.0,0.0,0.0,k1124
k3414,0.0,0.0,0.0,0.0,0.0,0.523790756,0.0,0.0,0.0,0.0,k2599
k1309,0.0,0.0952,0.80962693,0.0,0.0,0.40780781,0.0,0.0,0.0,0.0,k2995
k2758,0.0,0.0,0.0,0.0,0.0,0.824910205,0.0,0.0,0.0,0.0,k1270
k2251,0.0,0.0,0.0,0.0,0.0,0.754419681,0.0,0.0,0.0,0.0,k3297
k2086,0.0,0.0,0.710739011,0.0,0.0,0.506991308,0.0,0.0,0.166666667,0.0,k1698
k1376,0.0,0.0952,0.737784767,0.08,0.0,0.874629263,0.0,0.0,0.0,0.0,k3008
k1745,0.0,0.0,0.762051986,0.24,0.0,0.916757351,0.0,0.0,0.0,0.0,k675
k1795,0.0,0.0,0.753856302,0.0,0.0417,0.61026719,0.0,0.0,0.0417,0.0,k3002
k638,0.0,0.0,0.0,0.0,0.0,0.786147994,0.0,0.0,0.0,0.0,k2836
k2126,0.0,0.0,0.714656947,0.04,0.0,0.330867616,0.0,0.0,0.0,0.0,k2854
k3318,0.0,0.0,0.754256092,0.0,0.0417,0.589721946,0.0,0.0769,0.0417,0.0,k2265
k789,0.0,0.0,0.811259403,0.16,0.0,0.699272198,0.0,0.0,0.0,0.0,k2067
k1317,0.0,0.0,0.0,0.0,0.0,0.372369811,0.0,0.0,0.0,0.0,k1648
k1451,0.0,0.0,0.739623798,0.0,0.0,0.832958558,0.0,0.0,0.0,0.0,k2882
k3276,0.0,0.0,0.744554535,0.0,0.0,0.789350916,0.0,0.0,0.0417,0.0,k2158
k536,0.0,0.0,0.691822307,0.08,0.0,0.831729918,0.0,0.0,0.0,0.0,k209
k1595,0.0,0.0,0.0,0.0,0.0,0.747630831,0.0,0.0,0.0,0.0,k1111
k934,0.0,0.0,0.0,0.0,0.0,0.384586777,0.0,0.0,0.0,0.0,k330
k564,0.0,0.0,0.679628729,0.04,0.0,0.819097849,0.0,0.0,0.0,0.0,k528
k1937,0.0,0.0,0.0,0.0,0.0,0.200107032,0.0,0.0,0.0,0.0,k1386
k1615,0.0,0.0,0.0,0.0,0.0,0.737120259,0.0,0.0,0.0,0.0,k1753
k1500,0.0,0.0,0.797100194,0.12,0.0,0.916942836,0.0,0.0,0.0,0.0,k367
k366,0.0,0.0,0.0,0.0,0.0,0.201249874,0.0,0.0,0.0,0.0,k2055
k1864,0.0,0.0,0.0,0.0,0.0,0.480247926,0.0,0.0,0.0,0.0,k110
k257,0.0,0.0,0.0,0.0,0.0,0.718520286,0.0,0.0,0.0,0.0,k1644
k1802,0.0,0.0,0.0,0.0,0.0,0.802322165,0.0,0.0,0.0,0.0,k1909
k1587,0.0,0.0,0.962286529,0.0,0.0,0.930249253,0.0,0.0,0.0,0.0,k933
k1607,0.0,0.0,0.0,0.0,0.0,0.398916599,0.0,0.0,0.0,0.0,k183
k2098,0.0,0.0,0.720214021,0.0,0.0833,0.819937929,0.0,0.0,0.0417,0.0,k1979
k420,0.0,0.0,0.719974147,0.04,0.0,0.824553433,0.0,0.0,0.0417,0.0,k771
k2751,0.0,0.0,0.0,0.0,0.0,0.428737602,0.0,0.0,0.0,0.0,k1638
k244,0.0,0.0,0.697219464,0.08,0.0417,0.460645535,0.0,0.0,0.0,0.0,k2675
k1950,0.0,0.0,0.0,0.04,0.0,0.477388813,0.0,0.0,0.0417,0.0,k440
k2179,0.0,0.0,0.0,0.0,0.0,0.534377251,0.0,0.0,0.0,0.0,k2096
k2359,0.0,0.0952,0.802930457,0.24,0.0,0.926174461,0.0,0.153846154,0.0,0.166666667,k2822
k797,0.0,0.0,0.77982929,0.12,0.0417,0.890494808,0.0,0.0,0.0,0.0,k2939
k1065,0.0,0.0,0.67277234,0.0,0.0,0.369010724,0.0,0.0,0.0,0.0,k2951
k1827,0.0,0.0,0.747006577,0.04,0.0,0.790368765,0.0,0.0,0.0,0.0,k925
k401,0.0,0.0,0.74562064,0.16,0.0,0.607085872,0.0,0.0,0.208333333,0.0,k556
k892,0.362646931,0.0,0.0,0.0,0.0,0.591302112,0.0,0.0,0.0833,0.0,k1173
k189,0.0,0.0,0.0,0.0,0.0,0.325021928,0.0,0.0,0.0,0.0,k1064
k2006,0.0,0.0,0.0,0.0,0.0,0.284076186,0.0,0.0,0.0,0.0,k2019
k183,0.0,0.0,0.0,0.0,0.0,0.830594173,0.0,0.0,0.0,0.0,k2209
k1170,0.0,0.0,0.0,0.0,0.0,0.121735738,0.0,0.0,0.0,0.0,k2883
k3290,0.0,0.0,0.0,0.0,0.0,0.122387557,0.0,0.0,0.0,0.0,k763
k714,0.0,0.0,0.682280666,0.0,0.0,0.827503899,0.0,0.0,0.0833,0.0,k1214
k35,0.0,0.333333333,0.735745841,0.28,0.25,0.900955383,0.0,0.461538462,0.0417,0.0,k797
k2702,0.0,0.0,0.729395852,0.04,0.0,0.520755418,0.0,0.0,0.0,0.0,k1014
k2940,0.0,0.0,0.827257644,0.0,0.0,0.42443381,0.0,0.0,0.0,0.0,k766
k31,0.0,0.0,0.0,0.0,0.0,0.519880772,0.0,0.0,0.0,0.0,k2887
k252,0.0,0.0,0.674757961,0.04,0.0,0.811944203,0.0,0.0,0.0,0.0,k1878
k3416,0.0,0.0,0.637937353,0.04,0.0,0.787639584,0.0,0.0,0.0,0.0,k550
k1099,0.0,0.0,0.741942577,0.0,0.0,0.793838032,0.0,0.0,0.0417,0.0,k1139
k2854,0.0,0.0,0.0,0.0,0.0,0.376031043,0.0,0.0,0.0,0.0,k94
k3257,0.0,0.0,0.687158097,0.04,0.0,0.839314097,0.0,0.0,0.0,0.0,k421
k2138,0.0,0.0,0.758227334,0.0,0.0,0.579179894,0.0,0.0,0.166666667,0.0,k734
k1327,0.0,0.0,0.762731628,0.04,0.0,0.393240655,0.0,0.0,0.0,0.0,k3425
k3366,0.0,0.0,0.653489162,0.08,0.0833,0.42839873,0.0,0.0,0.0833,0.0,k1682
k2561,0.0,0.0,0.785013226,0.04,0.0,0.502326733,0.0,0.0,0.125,0.0,k1947
k3102,0.0,0.0,0.636204932,0.04,0.0,0.756164036,0.0,0.0,0.0,0.0,k593
k543,0.0,0.0,0.708393579,0.04,0.0,0.330062719,0.0,0.0,0.0,0.0,k2182
k1695,0.0,0.0,0.0,0.0,0.0,0.156884863,0.0,0.0,0.0,0.0,k3255
k938,0.0,0.0,0.0,0.0,0.0,0.419324504,0.0,0.0,0.0,0.0,k2616
k3048,0.0,0.0,0.709319758,0.0,0.0,0.372280309,0.0,0.0,0.0,0.0,k1760
k116,0.0,0.0,0.0,0.04,0.0,0.391676538,0.0,0.0,0.0833,0.0,k1406
k302,0.0,0.0,0.763278007,0.0,0.0417,0.801464184,0.0,0.0,0.166666667,0.0,k2000
k780,0.0,0.0,0.0,0.0,0.0,0.527090279,0.0,0.0,0.0,0.0,k910
k1480,0.0,0.0,0.722066378,0.04,0.0,0.331777446,0.0,0.0,0.0,0.0,k3419
k1692,0.0,0.0,0.0,0.0,0.0,0.367458025,0.0,0.0,0.0,0.0,k2375
k588,0.0,0.0,0.708253653,0.08,0.0,0.443364013,0.0,0.0,0.0,0.0,k903
k511,0.0,0.0,0.926485384,0.0,0.0,0.89816386,0.0,0.0,0.0,0.0,k1472
k2400,0.0,0.0,0.0,0.0,0.0,0.774905977,0.0,0.0,0.0,0.0,k626
k720,0.0,0.0,0.703322917,0.0,0.0,0.476007711,0.0,0.0,0.0417,0.0,k2286
k2897,0.0,0.0,0.0,0.0,0.0,0.372173216,0.0,0.0,0.0,0.0,k1360
k423,0.0,0.0,0.0,0.0,0.0,0.79162333,0.0,0.0,0.0,0.0,k2216
k1076,0.0,0.0,0.803969909,0.0,0.0,0.831694734,0.0,0.0,0.0,0.0,k3364
k976,0.0,0.0,0.0,0.0,0.0,0.822308795,0.0,0.0,0.0,0.0,k1308
k2363,0.0,0.0,0.0,0.0,0.0417,0.808160755,0.0,0.0,0.0,0.0,k1887
k985,0.0,0.0,0.0,0.04,0.0,0.848624114,0.0,0.0,0.0,0.0,k605
k2640,0.0,0.0,0.0,0.0,0.0,0.806801256,0.0,0.0,0.0,0.0,k1530
k3028,0.0,0.0,0.670800045,0.0,0.0,0.794056539,0.0,0.0,0.0,0.0,k2921
k2116,0.0,0.0,0.679375529,0.0,0.0,0.215716726,0.0,0.0,0.0,0.0,k3268
k1200,0.0,0.0,0.0,0.04,0.0,0.0,0.0,0.0,0.0,0.0,k1622
k1192,0.0,0.0,0.642528268,0.0,0.0,0.393798034,0.0,0.0,0.0,0.0,k43
k1484,0.0,0.0,0.0,0.0,0.0,0.370458489,0.0,0.0,0.0,0.0,k129
k547,0.0,0.0,0.684346244,0.04,0.0,0.77199841,0.0,0.0,0.0,0.0,k2783
k1105,0.0,0.0,0.0,0.0,0.0,0.353927854,0.0,0.0,0.0,0.0,k1787
k117,0.0,0.0,0.713644147,0.04,0.0,0.462447294,0.0,0.0,0.0833,0.0,k2028
k2613,0.0,0.0476,0.699771454,0.04,0.0,0.588380657,0.0,0.0,0.0,0.0,k789
k1846,0.0,0.0,0.0,0.0,0.0,0.752876242,0.0,0.0,0.0,0.0,k688
k828,0.0,0.0,0.649677836,0.04,0.0,0.390604988,0.0,0.0,0.0,0.0,k1410
k2212,0.0,0.0,0.659412709,0.0,0.0,0.812428437,0.0,0.0,0.0,0.0,k2479
k1806,0.0,0.0,0.624810933,0.04,0.0,0.248186976,0.0,0.0,0.0,0.0,k1906
k2739,0.0,0.0,0.824419139,0.12,0.0,0.436355113,0.0,0.0,0.0,0.0,k2948
k998,0.0,0.0,0.708926632,0.12,0.0,0.887005789,0.0,0.0,0.0,0.0,k514
k2688,0.0,0.0,0.779902585,0.08,0.0,0.448843979,0.0,0.0,0.0,0.0,k2226
k242,0.0,0.0,0.738884188,0.04,0.0,0.254192223,0.0,0.0,0.0,0.0,k1671
k2856,0.0,0.0,0.67984195,0.04,0.0,0.231576716,0.0,0.0,0.0,0.0,k2761
k357,0.0,0.0,0.737178419,0.12,0.0,0.287218926,0.0,0.0,0.0,0.0,k124
k2588,0.0,0.0,0.66922754,0.0,0.0,0.175316944,0.0,0.0,0.0,0.0,k161
k745,0.0,0.0,0.0,0.0,0.0,0.536091669,0.0,0.0,0.0,0.0,k41
k1672,0.0,0.0,0.73298063,0.0,0.0,0.512608922,0.0,0.0,0.0417,0.0,k3305
k798,0.0,0.0,0.0,0.12,0.125,0.815818078,0.0,0.0,0.0,0.0,k769
k1370,0.0,0.0,0.698232264,0.0,0.0,0.40185688,0.0,0.0,0.0,0.0,k2099
k3410,0.0,0.0,0.715683074,0.08,0.0833,0.834979442,0.0,0.0,0.0833,0.0,k1456
k914,0.0,0.0,0.72643741,0.0,0.0,0.517986116,0.0,0.0,0.0417,0.0,k1443
k506,0.0,0.0,0.755881902,0.04,0.0,0.446114798,0.0,0.0,0.0,0.0,k2717
k1459,0.0,0.0,0.0,0.12,0.0,0.547802798,0.0,0.0,0.416666667,0.0,k2487
k2794,0.0,0.0,0.698638717,0.12,0.0,0.864761867,0.0,0.0,0.0,0.0,k2132
k3271,0.0,0.0,0.651383605,0.08,0.0,0.812558986,0.0,0.0,0.0,0.0,k3427
k1475,0.0,0.0,0.0,0.0,0.0,0.573824613,0.0,0.0,0.0,0.0,k561
k2522,0.0,0.0,0.0,0.0,0.0,0.787367376,0.0,0.0,0.0,0.0,k2747
k262,0.0,0.0,0.0,0.0,0.0,0.792995482,0.0,0.0,0.0,0.0,k2796
k3188,0.0,0.0,0.759813165,0.08,0.0,0.817247326,0.0,0.0,0.0,0.0,k863
k868,0.0,0.0952,0.878030904,0.0,0.0,0.436282586,0.0,0.0,0.0,0.0,k866
k1111,0.0,0.0,0.67543094,0.08,0.0,0.828343054,0.0,0.0,0.0,0.0,k524
k1028,0.0,0.0,0.671952772,0.12,0.0,0.85768939,0.0,0.0,0.0,0.0,k310
k2653,0.0,0.0,0.0,0.0,0.0,0.734629646,0.0,0.0,0.0,0.0,k2598
k1471,0.0,0.0,0.708946621,0.04,0.0,0.782461763,0.0,0.0,0.0,0.0,k1140
k2022,0.0,0.0,0.765550144,0.0,0.0,0.45196172,0.0,0.0,0.208333333,0.0,k92
k438,0.0,0.0,0.784573458,0.0,0.0,0.786163116,0.0,0.0,0.25,0.0,k2993
k2555,0.0,0.0,0.0,0.08,0.0,0.876945502,0.0,0.0,0.0417,0.0,k837
k258,0.0,0.0,0.641875279,0.04,0.0,0.797610061,0.0,0.0,0.0,0.0,k3323
k2517,0.0,0.0,0.0,0.04,0.0417,0.773956334,0.0,0.0,0.208333333,0.0,k1068
k1822,0.0,0.0,0.715030084,0.04,0.0,0.82471824,0.0,0.0,0.0,0.0,k1218
k2837,0.0,0.0,0.0,0.0,0.0,0.835423555,0.0,0.0,0.0,0.0,k801
k2464,0.0,0.0,0.730675178,0.04,0.0,0.823829088,0.0,0.0,0.0,0.0,k775
k956,0.0,0.0,0.0,0.0,0.0,0.395435913,0.0,0.0,0.0,0.0,k2266
k285,0.0,0.0,0.732134409,0.04,0.0,0.482686998,0.0,0.0,0.0,0.0,k3334
k1707,0.0,0.0,0.0,0.04,0.0,0.429451763,0.0,0.0,0.0833,0.0,k2983
k2585,0.0,0.0,0.599684166,0.04,0.0,0.770279362,0.0,0.0,0.0,0.0,k321
k1887,0.0,0.0,0.0,0.0,0.0,0.78560512,0.0,0.0,0.0,0.0,k1975
k153,0.0,0.0,0.0,0.0,0.0,0.0,0.0,0.0,0.0,0.0,k2906
k801,0.0,0.0,0.0,0.0,0.0,0.725485978,0.0,0.0,0.0,0.0,k1155
k3278,0.0,0.0,0.0,0.0,0.0,0.821013183,0.0,0.0,0.0,0.0,k2258
k3292,0.0,0.0,0.688617328,0.08,0.0,0.826794368,0.0,0.0,0.0,0.0,k2137
k2176,0.0,0.0,0.0,0.0,0.0,0.146168746,0.0,0.0,0.0,0.0,k1713
k788,0.0,0.0,0.798972541,0.04,0.0,0.488597189,0.0,0.0,0.0833,0.0,k3310
k1276,0.0,0.0,0.828423697,0.0,0.0,0.635822671,0.0,0.0,0.166666667,0.0,k1895
k1364,0.0,0.0,0.0,0.0,0.0,0.791124591,0.0,0.0,0.0,0.0,k684
k3384,0.0,0.0,0.813744761,0.0,0.0,0.43220193,0.0,0.0,0.0,0.0,k2336
k793,0.0,0.0,0.770280985,0.12,0.0,0.866151919,0.0,0.0,0.0,0.0,k849
k923,0.0,0.0,0.762558386,0.0,0.0,0.281630015,0.0,0.0,0.125,0.0,k2113
k3129,0.0,0.0,0.716429347,0.0,0.0,0.543962254,0.0,0.0,0.0417,0.0,k1934
k920,0.0,0.0,0.0,0.0,0.0,0.30071484,0.0,0.0,0.0,0.0,k3169
k2617,0.0,0.0,0.0,0.0,0.0,0.516001649,0.0,0.0,0.0,0.0,k1072
k2583,0.0,0.0,0.725457925,0.0,0.0,0.807342278,0.0,0.0,0.0,0.0,k2658
k1604,0.0,0.0,0.0,0.0,0.0,0.77692717,0.0,0.0,0.0,0.0,k2613
k907,0.0,0.0,0.636358185,0.0,0.0,0.365104751,0.0,0.0,0.0,0.0,k2537
k3210,0.0,0.0,0.654768489,0.04,0.0,0.325347837,0.0,0.0,0.0,0.0,k2476
k1987,0.0,0.0,0.0,0.04,0.0,0.415048488,0.0,0.0,0.0417,0.0,k1608
k2720,0.285608828,0.0,0.0,0.0,0.0417,0.81046897,0.0,0.0,0.0,0.0,k3070
k1116,0.0,0.0,0.849226074,0.0,0.0,0.813830526,0.0,0.0,0.0,0.0,k788
k2455,0.0,0.0,0.0,0.0,0.0,0.469797535,0.0,0.0,0.0,0.0,k1396
k3233,0.0,0.0,0.571918789,0.0,0.0,0.454794909,0.0,0.0,0.0417,0.0,k2931
k2907,0.0,0.0,0.786938879,0.0,0.0,0.182711009,0.0,0.0,0.0,0.0,k1840
k2296,0.0,0.0,0.0,0.0,0.0,0.311805012,0.0,0.0,0.0,0.0,k390
k1801,0.0,0.0,0.685345718,0.04,0.0,0.867350932,0.0,0.0,0.166666667,0.0,k1434
k529,0.0,0.0,0.695800212,0.04,0.0833,0.824582444,0.0,0.0,0.0,0.0,k2994
k1728,0.0,0.0952,0.0,0.12,0.0,0.896208713,0.0,0.0,0.0,0.0,k1389
k2536,0.0,0.0,0.0,0.04,0.0,0.41428649,0.0,0.0,0.0417,0.0,k3038
k1969,0.0,0.0,0.780922048,0.0,0.0,0.405834763,0.0,0.0,0.0,0.0,k2220
k396,0.0,0.0,0.753336576,0.04,0.0417,0.866239569,0.0,0.0,0.0,0.0,k2225
k2641,0.0,0.0,0.652183184,0.08,0.0,0.797155146,0.0,0.0,0.0,0.0,k1196
k372,0.0,0.0,0.714823526,0.04,0.0,0.579560739,0.0,0.0,0.25,0.0,k2432
k3228,0.0,0.0,0.0,0.0,0.0,0.550151751,0.0,0.0,0.0833,0.0,k2230
k2809,0.0,0.0,0.809093877,0.04,0.0417,0.831215438,0.0,0.0,0.0,0.0833,k2697
k810,0.0,0.0,0.721813178,0.08,0.0,0.418149873,0.0,0.0,0.0,0.0,k1692
k2832,0.0,0.0,0.0,0.12,0.0,0.510424775,0.0,0.0,0.416666667,0.0,k580
k3029,0.0,0.0,0.0,0.04,0.0,0.800727185,0.0,0.0,0.0417,0.0,k3015
k1282,0.0,0.0,0.0,0.0,0.0,0.72441412,0.0,0.0,0.0,0.0,k992
k2942,0.0,0.0,0.0,0.0,0.0,0.790288214,0.0,0.0,0.0,0.0,k893
k2581,0.0,0.0,0.0,0.0,0.0,0.408268897,0.0,0.0,0.0,0.0,k2176
k676,0.0,0.0,0.0,0.04,0.0,0.794292329,0.0,0.0,0.0,0.0,k1921
k3323,0.0,0.0,0.857508379,0.0,0.0,0.435374299,0.0,0.0,0.0833,0.0,k2002
k2770,0.0,0.0,0.0,0.0,0.0,0.427584574,0.0,0.0,0.0,0.0,k282
k382,0.0,0.0,0.0,0.0,0.0,0.368976775,0.0,0.0,0.0,0.0,k73
k1206,0.0,0.0,0.657360457,0.04,0.0,0.818024138,0.0,0.0,0.0,0.0,k2587
k3330,0.0,0.0,0.719314494,0.04,0.0,0.465168143,0.0,0.0,0.0,0.0,k2065
k2360,0.0,0.0,0.0,0.04,0.0,0.230509486,0.0,0.0,0.0417,0.0,k2017
k2403,0.0,0.0,0.86818942,0.0,0.0,0.385704621,0.0,0.0,0.166666667,0.0,k2035
k3250,0.0,0.0,0.718414968,0.0,0.0,0.41559167,0.0,0.0,0.0417,0.0,k1424
k19,0.0,0.0,0.72956243,0.0,0.0,0.590784855,0.0,0.0,0.0417,0.0,k560
k2694,0.0,0.142857143,0.745567335,0.04,0.0,0.845011336,0.0,0.0,0.125,0.0,k1943
k2645,0.0,0.0,0.0,0.0,0.0,0.130104445,0.0,0.0,0.0,0.0,k3402
k1161,0.0,0.0,0.0,0.0,0.0,0.236243143,0.0,0.0,0.0,0.0,k428
k3075,0.0,0.0,0.0,0.0,0.0,0.827815303,0.0,0.0,0.0,0.0,k39
k2052,0.0,0.0,0.0,0.0,0.0,0.796053968,0.0,0.0,0.0,0.0,k122
k1057,0.0,0.0,0.755062334,0.04,0.0,0.467650114,0.0,0.0,0.0,0.0,k1978
k2952,0.0,0.0,0.0,0.0,0.0,0.398874934,0.0,0.0,0.0,0.0,k2363
k3049,0.0,0.0,0.0,0.0,0.0,0.736498377,0.0,0.0,0.0,0.0,k2903
k1633,0.0,0.0,0.693188254,0.04,0.0,0.809302363,0.0,0.0,0.0,0.0,k1476
k3411,0.0,0.0,0.0,0.0,0.0,0.578712634,0.0,0.0,0.0,0.0,k2773
k421,0.0,0.0476,0.807108256,0.0,0.0,0.791950474,0.0,0.0,0.0,0.0,k2357
k1274,0.0,0.0,0.0,0.0,0.0,0.378157168,0.0,0.0,0.0,0.0,k913
k122,0.0,0.0,0.0,0.0,0.0,0.76994512,0.0,0.0,0.0,0.0,k379
k3308,0.0,0.0,0.678862466,0.08,0.0,0.827404522,0.0,0.0,0.0,0.0,k2642
k2004,0.0,0.0476,0.826431413,0.0,0.0833,0.823546695,0.0,0.0,0.125,0.0,k1779
k3302,0.0,0.0,0.0,0.0,0.0,0.32762951,0.0,0.0,0.0,0.0,k2884
k1061,0.0,0.0,0.0,0.0,0.0,0.285997384,0.0,0.0,0.0,0.0,k2696
k993,0.0,0.0,0.0,0.0,0.0,0.813706767,0.0,0.0,0.0,0.0,k3188
k606,0.0,0.0,0.0,0.0,0.0,0.767476111,0.0,0.0,0.0,0.0,k465
k2748,0.0,0.0,0.0,0.0,0.0,0.780990233,0.0,0.0,0.0,0.0,k1216
k3297,0.0,0.0,0.0,0.12,0.0,0.210969747,0.0,0.0,0.5,0.0,k2737
k156,0.0,0.0,0.0,0.0,0.0,0.356741908,0.0,0.0,0.0,0.0,k3125
k1303,0.0,0.0,0.683559992,0.24,0.0,0.866152845,0.0,0.0,0.0,0.0,k1774
k1874,0.0,0.0,0.0,0.0,0.0,0.782290167,0.0,0.0,0.0,0.0,k3252
k2508,0.0,0.0,0.70054438,0.04,0.0,0.312067036,0.0,0.0,0.0,0.0,k2891
k2704,0.0,0.0,0.631147596,0.0,0.0,0.478906328,0.0,0.0,0.0417,0.0,k1632
k623,0.0,0.0,0.741562777,0.04,0.0,0.828784698,0.0,0.0,0.0,0.0,k2618
k22,0.0,0.0,0.670253666,0.04,0.0,0.242194381,0.0,0.0,0.0,0.0,k596
k200,0.0,0.0,0.743061987,0.12,0.0833,0.879466669,0.0,0.0,0.0833,0.0,k3279
k879,0.0,0.0,0.752483692,0.04,0.0,0.836696947,0.0,0.0,0.0,0.0,k683
k2145,0.0,0.0,0.66924753,0.0,0.0,0.304875429,0.0,0.0,0.0,0.0,k2723
k3111,0.0,0.0,0.629608406,0.04,0.0,0.797284151,0.0,0.0,0.0,0.0,k1582
k515,0.0,0.0,0.774985174,0.0,0.0417,0.580310083,0.0,0.0,0.0833,0.0,k3317
k1804,0.0,0.0,0.0,0.04,0.0,0.452767543,0.0,0.0,0.0417,0.0,k341
k3034,0.0,0.0,0.0,0.0,0.0,0.780671731,0.0,0.0,0.0,0.0,k446
k509,0.0,0.0,0.738844209,0.08,0.0,0.860155313,0.0909,0.0,0.0,0.0,k2091
k2470,0.0,0.0,0.639249995,0.04,0.0,0.831927438,0.0,0.0,0.125,0.0,k2392
k2294,0.0,0.0,0.0,0.0,0.0,0.814985714,0.0,0.0,0.0,0.0,k191
k3194,0.0,0.19047619,0.722499484,0.12,0.0,0.523171961,0.0,0.153846154,0.0417,0.0,k2085
k2805,0.0,0.0,0.0,0.0,0.0,0.490308213,0.0,0.0,0.0,0.0,k2294
k809,0.0,0.0,0.0,0.0,0.0,0.448636891,0.0,0.0,0.0,0.0,k2535
k419,0.0,0.0,0.7188614,0.08,0.0,0.406179498,0.0,0.0,0.0,0.0,k1504
k904,0.0,0.0,0.0,0.0,0.0,0.363368729,0.0,0.0,0.0,0.0,k1658
k325,0.0,0.0,0.774612038,0.04,0.0417,0.795069142,0.0,0.0,0.208333333,0.0,k26
k1630,0.0,0.0,0.0,0.0,0.0,0.777986683,0.0,0.0,0.0,0.0,k1836
k1466,0.0,0.0,0.0,0.12,0.0,0.550777028,0.0,0.0,0.416666667,0.0,k2755
k209,0.0,0.0,0.0,0.0,0.0,0.387963765,0.0,0.0,0.0,0.0,k221
k2852,0.0,0.0,0.0,0.0,0.0,0.567195014,0.0,0.0,0.0417,0.0,k1088
k304,0.0,0.0,0.0,0.0,0.0,0.766387278,0.0,0.0,0.0,0.0,k3069
k939,0.0,0.0,0.676310476,0.0,0.0833,0.482896864,0.0,0.0,0.0833,0.0,k3170
k2959,0.0,0.0,0.0,0.12,0.0,0.512470966,0.0,0.0,0.0,0.0,k1894
k3275,0.0,0.0,0.0,0.0,0.0,0.498759014,0.0,0.0,0.0,0.0,k1005
k977,0.0,0.0,0.667335203,0.12,0.0,0.836380297,0.0,0.0,0.0,0.0,k1491
k1972,0.0,0.0,0.785612911,0.04,0.0,0.65025403,0.0,0.0,0.208333333,0.0,k2896
k2977,0.0,0.0,0.804489635,0.0,0.0,0.463368852,0.0,0.0,0.0,0.0,k681
k2615,0.0,0.0952,0.798706015,0.08,0.0417,0.548139509,0.0,0.0,0.166666667,0.0,k949
k132,0.0,0.0952,0.788484731,0.0,0.0,0.835189617,0.0,0.0,0.0,0.0,k2559
k1737,0.0,0.0,0.0,0.0,0.0,0.731607887,0.0,0.0,0.0,0.0,k2958
k2649,0.0,0.0952,0.800251867,0.04,0.0,0.39776388,0.0,0.0,0.0,0.0,k1778
k2017,0.0,0.0,0.0,0.04,0.0,0.529513303,0.0,0.0,0.208333333,0.0,k940
k790,0.0,0.0,0.757561018,0.08,0.0,0.87181058,0.0,0.0,0.0,0.0,k1460
k2422,0.0,0.0,0.0,0.0,0.0,0.400682558,0.0,0.0,0.0,0.0,k3159
k3093,0.0,0.0,0.0,0.0,0.0,0.71831042,0.0,0.0,0.0,0.0,k1487
k2421,0.0,0.0,0.0,0.12,0.0,0.521758144,0.0,0.0,0.0,0.0,k2016
k1144,0.0,0.0,0.0,0.0,0.0,0.739009977,0.0,0.0,0.0,0.0,k1399
k1358,0.0,0.0,0.734659746,0.08,0.0,0.437147665,0.0,0.0,0.0,0.0,k2664
k1101,0.0,0.0,0.84067058,0.04,0.0,0.664769027,0.0,0.0,0.0833,0.0,k1185
k141,0.0,0.0,0.68439955,0.04,0.0,0.815590004,0.0,0.0,0.0,0.0,k336
k1539,0.0,0.0,0.661918056,0.04,0.0,0.383210922,0.0,0.0,0.0,0.0,k2957
k557,0.0,0.0,0.0,0.0,0.0,0.366078775,0.0,0.0,0.0,0.0,k1035
k2566,0.0,0.0,0.651610152,0.04,0.0,0.758633045,0.0,0.0,0.0,0.0,k1709
k2467,0.0,0.0,0.0,0.0,0.0,0.27033368,0.0,0.0,0.0,0.0,k3167
k541,0.0,0.0,0.75382965,0.04,0.0,0.451473474,0.0,0.0,0.0,0.0,k1786
k2721,0.0,0.0,0.0,0.0,0.0,0.793092082,0.0,0.0,0.0,0.0,k130
k3106,0.0,0.0,0.650117605,0.04,0.0,0.807571896,0.0,0.0,0.0,0.0,k97
k1021,0.0,0.0952,0.882315314,0.04,0.0833,0.827170275,0.0,0.153846154,0.125,0.0833,k3098
k1791,0.0,0.0,0.689756728,0.04,0.0,0.437764917,0.0,0.0,0.0,0.0,k3379
k1934,0.0,0.0,0.0,0.0,0.0,0.137405306,0.0,0.0,0.0,0.0,k2399
k2262,0.0,0.0,0.798412836,0.08,0.0,0.444570124,0.0,0.0,0.0,0.0,k2989
k1944,0.0,0.0,0.0,0.0,0.0,0.444704685,0.0,0.0,0.0,0.0,k3367
k1319,0.0,0.0,0.0,0.0,0.0,0.714216185,0.0,0.0,0.0,0.0,k2490
k2163,0.0,0.0,0.694507559,0.0,0.0,0.502554807,0.0,0.0,0.0417,0.0,k1985
k1365,0.0,0.0,0.0,0.0,0.0,0.553349736,0.0,0.0,0.0,0.0,k904
k1100,0.0,0.0,0.0,0.0,0.0,0.461650113,0.0,0.0,0.0,0.0,k2415
k38,0.0,0.0,0.771120543,0.08,0.0,0.417793718,0.0,0.0,0.0,0.0,k2092
k521,0.0,0.0,0.0,0.0,0.0,0.653954767,0.0,0.0,0.0833,0.166666667,k757
k925,0.0,0.0,0.762578375,0.0,0.0,0.582251959,0.0,0.0,0.0417,0.0,k1650
k2488,0.0,0.0,0.72540462,0.04,0.0417,0.849864174,0.0,0.0,0.0417,0.0,k2700
k716,0.0,0.0,0.0,0.0,0.0,0.387017208,0.0,0.0,0.0,0.0,k1994
k205,0.0,0.0,0.0,0.0,0.0417,0.810467735,0.0,0.0,0.0,0.0,k748
k497,0.0,0.0,0.714643621,0.04,0.0,0.867155263,0.0,0.0,0.0,0.0,k1121
k2557,0.0,0.0,0.842842769,0.04,0.0,0.490476414,0.0,0.0,0.0417,0.0,k810
k290,0.0,0.0,0.706121443,0.04,0.0,0.257093618,0.0,0.0,0.0,0.0,k145
k1603,0.0,0.0,0.0,0.04,0.0,0.831649057,0.0,0.0,0.0833,0.0,k1041
k2543,0.0,0.0,0.681461097,0.0,0.0,0.420271677,0.0,0.0,0.0,0.0,k1673
k3074,0.0,0.0,0.716889105,0.0,0.0,0.571155614,0.0,0.0,0.0833,0.0,k1243
k255,0.0,0.0,0.737051819,0.0,0.0,0.829031908,0.0,0.0,0.0417,0.0,k1951
k890,0.0,0.0,0.0,0.0,0.0,0.218404551,0.0,0.0,0.0,0.0,k2059
k1632,0.0,0.0,0.68515915,0.0,0.0,0.402714244,0.0,0.0,0.0,0.0,k1266
k2406,0.0,0.0,0.0,0.0,0.0,0.384461166,0.0,0.0,0.0,0.0,k1209
k602,0.0,0.0,0.696673086,0.08,0.0833,0.674541675,0.0,0.0,0.125,0.0,k410
k1842,0.0,0.0,0.0,0.0,0.0,0.35968867,0.0,0.0,0.0,0.0,k752
k1434,0.0,0.0,0.795894162,0.08,0.0,0.444072619,0.0,0.0,0.0,0.0,k1253
k2416,0.0,0.0,0.712511411,0.0,0.0,0.831627145,0.0,0.0,0.0417,0.0,k1672
k3311,0.0,0.0,0.0,0.0,0.0,0.473406918,0.0,0.0,0.0,0.0,k3335
k2968,0.0,0.0,0.810233277,0.04,0.0,0.851629515,0.0,0.0,0.0,0.0,k3393
k2165,0.0,0.142857143,0.672379214,0.04,0.0,0.82447103,0.0,0.0,0.125,0.0,k499
k265,0.0,0.0,0.856402295,0.04,0.0,0.547439236,0.0,0.0,0.0,0.0,k1661
k586,0.0,0.0,0.0,0.08,0.0,0.550265635,0.0,0.0,0.333333333,0.0,k305
k1650,0.0,0.0,0.72945582,0.0,0.0,0.419807812,0.0,0.0,0.0,0.0,k962
k3052,0.0,0.0,0.812118951,0.0,0.0,0.757895429,0.0,0.0,0.0,0.0,k3303
k201,0.0,0.0,0.705062001,0.04,0.0,0.44230666,0.0,0.0,0.0,0.0,k983
k1550,0.0,0.0,0.0,0.0,0.0,0.250426676,0.0,0.0,0.0,0.0,k2718
k569,0.0,0.0,0.672732361,0.04,0.0,0.227718888,0.0,0.0,0.0,0.0,k3431
k2415,0.0,0.0,0.666895435,0.0,0.0,0.754892496,0.0,0.0,0.0833,0.0,k142
k1039,0.0,0.0,0.77050087,0.04,0.0,0.386981716,0.0,0.0,0.0,0.0,k2405
k805,0.0,0.0,0.661065172,0.04,0.0,0.822222997,0.0,0.0,0.0417,0.0,k2914
k2336,0.0,0.0,0.80622872,0.0,0.0,0.836074448,0.0,0.0,0.0417,0.0,k583
k1584,0.0,0.0,0.0,0.0,0.0,0.745790493,0.0,0.0,0.0,0.0,k3162
k2605,0.272680812,0.0,0.732054451,0.04,0.0833,0.815100831,0.0,0.0,0.0,0.0,k2208
k2160,0.0,0.0,0.0,0.0,0.0,0.750195515,0.0,0.0,0.0,0.0,k419
k1181,0.0,0.0,0.788118258,0.0,0.0,0.518345048,0.0,0.0,0.0417,0.0,k1408
k2898,0.0,0.0,0.0,0.12,0.0,0.446972161,0.0,0.0,0.0,0.0,k2851
k1020,0.0,0.0952,0.752916797,0.12,0.208333333,0.877378196,0.0,0.0769,0.0,0.166666667,k1730
k600,0.0,0.0476,0.765263628,0.04,0.0417,0.86440633,0.0,0.0,0.0,0.0,k1019
k2609,0.0,0.0,0.0,0.0,0.0,0.772414129,0.0,0.0,0.0,0.0,k2149
k110,0.0,0.0,0.994036474,0.0,0.0,0.883861506,0.0,0.0,0.0,0.0,k0
k2937,0.0,0.0,0.682887013,0.04,0.0,0.808051501,0.0,0.0,0.0,0.0,k1888
k2309,0.0,0.0,0.69991138,0.04,0.0,0.387380153,0.0,0.0,0.0,0.0,k3127
k293,0.0,0.0,0.0,0.0,0.0,0.747541638,0.0,0.0,0.0,0.0,k2698
k1646,0.0,0.0,0.722586105,0.04,0.0,0.821155768,0.0,0.0,0.0,0.0,k2833
k139,0.0,0.0,0.770234343,0.0,0.0,0.597638516,0.0,0.0,0.0833,0.0,k1846
k2169,0.0,0.0,0.695187201,0.0,0.0,0.613467335,0.0,0.0,0.0833,0.0,k240
k427,0.0,0.0,0.689450223,0.04,0.0,0.840561564,0.0,0.0,0.0,0.0,k2494
k1714,0.0,0.0,0.770794048,0.36,0.25,0.948561277,0.0,0.0,0.0,0.25,k708
k2129,0.0,0.0,0.838205212,0.04,0.0833,0.641143077,0.0,0.0,0.0,0.0,k3422
k1922,0.0,0.0,0.806708467,0.08,0.0,0.447046849,0.0,0.0,0.0,0.0,k1275
k2663,0.0,0.0,0.806062141,0.0,0.0,0.842921319,0.0,0.0,0.0,0.0,k1524
k936,0.0,0.0,0.0,0.0,0.0,0.352455399,0.0,0.0,0.0,0.0,k1262
k2930,0.0,0.0,0.0,0.0,0.0,0.425561221,0.0,0.0,0.0,0.0,k1592
k2254,0.0,0.0,0.0,0.04,0.0,0.0,0.0,0.0,0.0,0.0,k3093
k2905,0.0,0.0,0.0,0.0,0.0,0.729583608,0.0,0.0,0.0,0.0,k226
k2910,0.0,0.0476,0.712118284,0.04,0.0,0.83296936,0.0,0.0,0.0417,0.0,k2998
k296,0.0,0.0952,0.785699532,0.08,0.0,0.466369316,0.0,0.0,0.0,0.0,k174
k1769,0.0,0.0,0.0,0.0,0.0,0.495405174,0.0,0.0,0.0,0.0,k3012
k524,0.0,0.0,0.0,0.0,0.0417,0.801255244,0.0,0.0,0.0,0.0,k1394
k2016,0.0,0.0,0.0,0.0,0.0,0.38884088,0.0,0.0,0.0,0.0,k1359
k2304,0.0,0.0,0.0,0.0,0.0,0.386730186,0.0,0.0,0.0,0.0,k1393
k1401,0.0,0.80952381,0.753783008,0.48,0.75,0.973558453,0.0,0.153846154,0.0417,0.583333333,k102
k1602,0.0,0.0,0.0,0.0,0.0,0.7317014,0.0,0.0,0.0,0.0,k793
k2175,0.0,0.0,0.716809147,0.0,0.0,0.804523287,0.0,0.0,0.0,0.0,k2629
k2679,0.0,0.0,0.0,0.0,0.0,0.531402712,0.0,0.0,0.0,0.0,k545
k3381,0.0,0.0,0.0,0.0,0.0,0.475567301,0.0,0.0,0.0,0.0,k2192
k2552,0.0,0.0,0.0,0.0,0.0417,0.789240119,0.0,0.0,0.0,0.0,k3196
k1998,0.0,0.0,0.0,0.0,0.0,0.367458025,0.0,0.0,0.0,0.0,k620
k1725,0.0,0.0,0.0,0.0,0.0,0.797297114,0.0,0.0,0.0,0.0,k1295
k2799,0.0,0.0,0.0,0.0,0.0,0.200803601,0.0,0.0,0.0,0.0,k2721
k3287,0.0,0.0,0.0,0.0,0.0,0.774802896,0.0,0.0,0.0,0.0,k2340
k194,0.0,0.0,0.0,0.0,0.0,0.401214012,0.0,0.0,0.0,0.0,k1269
k1229,0.0,0.0,0.725651157,0.08,0.0,0.702787141,0.0,0.0,0.0833,0.0,k1956
k1900,0.0,0.0476,0.0,0.0,0.0,0.765382391,0.0,0.0,0.0,0.0,k619
k1414,0.0,0.0,0.0,0.0,0.0,0.16252871,0.0,0.0,0.0,0.0,k981
k1986,0.0,0.0,0.666875446,0.04,0.0,0.792311258,0.0,0.0,0.0,0.0,k679
k144,0.0,0.19047619,0.778010248,0.08,0.208333333,0.862768451,0.318181818,0.0769,0.25,0.0,k602
k3382,0.0,0.0,0.0,0.0,0.0417,0.470336088,0.0,0.0,0.0,0.0,k150
k1008,0.0,0.0,0.0,0.0,0.0,0.371458746,0.0,0.0,0.0,0.0,k396
k510,0.0,0.0,0.672032729,0.04,0.0,0.808642212,0.0,0.0,0.0,0.0,k1453
k2367,0.0,0.0,0.891523797,0.04,0.0,0.877960265,0.0,0.0,0.0,0.0,k2707
k1300,0.0,0.0,0.900665649,0.0,0.0,0.503827582,0.0,0.0,0.0,0.0,k2133
k1793,0.0,0.0,0.0,0.0,0.0,0.352991174,0.0,0.0,0.0,0.0,k2178
k1556,0.0,0.0,0.0,0.0,0.0,0.501807623,0.0,0.0,0.0,0.0,k871
k412,0.0,0.0,0.0,0.0,0.0,0.380746233,0.0,0.0,0.0,0.0,k2335
k2573,0.0,0.0,0.0,0.0,0.0,0.811924451,0.0,0.0,0.0,0.0,k1022
k3207,0.0,0.0,0.0,0.0,0.0,0.375722417,0.0,0.0,0.0,0.0,k984
k2352,0.0,0.0,0.615415881,0.04,0.0,0.786996716,0.0,0.0,0.0,0.0,k820
k2371,0.0,0.0,0.70168378,0.04,0.0,0.822955676,0.0,0.0,0.0,0.0,k3124
k2911,0.0,0.0,0.0,0.04,0.0,0.832893747,0.0,0.0,0.0417,0.25,k2420
k2291,0.0,0.0,0.0,0.0,0.0,0.498133429,0.0,0.0,0.0,0.0,k617
k3244,0.0,0.0,0.691842296,0.0,0.0,0.508727331,0.0,0.0,0.0417,0.0,k2031
k1661,0.0,0.0,0.0,0.0,0.0,0.827509146,0.0,0.0,0.0,0.0,k324
k1881,0.0,0.0,0.705695001,0.04,0.0,0.524686081,0.0,0.0,0.0,0.0,k1100
k3398,0.0,0.0,0.707134243,0.08,0.0,0.853860882,0.0,0.0,0.0,0.0,k1246
k1981,0.0,0.0,0.764897154,0.36,0.25,0.939622846,0.0,0.0,0.0,0.25,k764
k550,0.0,0.0,0.0,0.04,0.0,0.443380061,0.0,0.0,0.0417,0.0,k472
k2397,0.0,0.0,0.707833874,0.04,0.0,0.848855892,0.0,0.0,0.0,0.0,k62
k63,0.0,0.0,0.74382825,0.04,0.0,0.503218662,0.0,0.0,0.0,0.0,k1054
k3341,0.0,0.0,0.0,0.0,0.0,0.282349423,0.0,0.0,0.0,0.0,k3217
k466,0.0,0.0,0.698811959,0.04,0.0,0.827154843,0.0,0.0,0.0,0.0,k564
k284,0.0,0.0,0.0,0.0,0.0,0.305047951,0.0,0.0,0.0,0.0,k2020
k1202,0.0,0.0,0.0,0.12,0.0833,0.852552308,0.0,0.0,0.333333333,0.0833,k106
k973,0.0,0.0,0.836186275,0.04,0.0,0.662625619,0.0,0.0,0.0833,0.0,k1422
k2960,0.0,0.0,0.0,0.12,0.0,0.543918737,0.0,0.0,0.416666667,0.0,k211
k2690,0.0,0.0952,0.786858921,0.16,0.0,0.938148231,0.0,0.0,0.0,0.0,k2498
k1148,0.0,0.0,0.0,0.0,0.0,0.796359816,0.0,0.0,0.0,0.0,k1532
k812,0.0,0.0,0.0,0.0,0.0,0.411998645,0.0,0.0,0.0,0.0,k461
k2677,0.0,0.0,0.0,0.0,0.0,0.273048356,0.0,0.0,0.0,0.0,k3219
k3282,0.0,0.0,0.0,0.0,0.0,0.391200945,0.0,0.0,0.0,0.0,k1917
k90,0.0,0.0,0.707120916,0.04,0.0,0.388614657,0.0,0.0,0.0,0.0,k37
k138,0.0,0.0,0.709173169,0.04,0.0,0.450920107,0.0,0.0,0.0,0.0,k653
k76,0.0,0.0,0.667361856,0.04,0.0,0.792577911,0.0,0.0,0.0,0.0,k2371
k2532,0.0,0.0,0.0,0.0,0.0,0.464100913,0.0,0.0,0.0,0.0,k309
k2956,0.0,0.0,0.817169624,0.0,0.0,0.560776516,0.0,0.0,0.0417,0.0,k782
k866,0.0,0.0,0.746180345,0.08,0.0,0.699843156,0.0,0.0,0.0417,0.0,k329
k2369,0.0,0.0,0.706141432,0.0,0.0,0.79107521,0.0,0.0,0.0417,0.0,k979
k354,0.0,0.0,0.657200541,0.0,0.0,0.543293461,0.0,0.0,0.0417,0.0,k772
k1797,0.0,0.0,0.840843822,0.08,0.0833,0.502994291,0.0,0.0,0.0,0.0,k3354
k2100,0.0,0.0,0.0,0.12,0.0,0.459974582,0.0,0.0,0.0,0.0,k1540
k2174,0.0,0.0,0.705741643,0.04,0.0,0.767638757,0.0,0.0,0.0,0.0,k608
k326,0.0,0.0,0.68237395,0.04,0.0,0.437927254,0.0,0.0,0.0,0.0,k1034
k426,0.0,0.0,0.685818802,0.16,0.0,0.886065097,0.0,0.0,0.0,0.0,k1900
k853,0.0,0.0,0.0,0.0,0.0,0.163467551,0.0,0.0,0.0,0.0,k2782
k2576,0.0,0.0,0.0,0.0,0.0,0.798235646,0.0,0.0,0.0,0.0,k1585
k1786,0.0,0.0,0.0,0.0,0.0,0.403122556,0.0,0.0,0.0,0.0,k2411
k1610,0.0,0.0,0.0,0.0,0.0,0.789753982,0.0,0.0,0.0,0.0,k816
k1058,0.0,0.0,0.761472291,0.04,0.0,0.842003774,0.0,0.0,0.0833,0.0,k2905
k3329,0.0,0.0,0.792589236,0.0,0.0,0.815910049,0.0,0.0,0.0,0.0,k1717
k345,0.0,0.0,0.771487017,0.08,0.0,0.270349112,0.0,0.0,0.0,0.0,k229
k2122,0.0,0.0476,0.954370698,0.16,0.0417,0.881234789,0.0,0.153846154,0.0,0.333333333,k167
k571,0.0,0.0,0.0,0.0,0.0,0.113163029,0.0,0.0,0.0,0.0,k2656
k446,0.0,0.0,0.61634206,0.04,0.0,0.787532491,0.0,0.0,0.0,0.0,k2223
k358,0.0,0.0,0.797013573,0.12,0.0,0.44111135,0.0,0.0,0.0,0.0,k2029
k1751,0.0,0.0,0.0,0.0,0.0,0.708125757,0.0,0.0,0.0,0.0,k974
k112,0.0,0.0,0.65548811,0.04,0.0,0.799834021,0.0,0.0,0.0,0.0,k884
k109,0.0,0.0,0.83699918,0.0,0.0,0.495743119,0.0,0.0,0.0,0.0,k1157
k3261,0.0,0.0,0.725098115,0.04,0.0,0.806355909,0.0,0.0,0.166666667,0.0,k2499
k1373,0.0,0.0,0.0,0.0,0.0,0.446186708,0.0,0.0,0.0,0.0,k1375
k3267,0.0,0.0,0.0,0.0,0.0,0.0994,0.0,0.0,0.0,0.0,k2186
k2083,0.0,0.0,0.771946775,0.0,0.0,0.589099447,0.0,0.0,0.0417,0.0,k2293
k2714,0.0,0.0,0.739210682,0.04,0.0,0.450320755,0.0,0.0,0.0,0.0,k2766
k651,0.0,0.0,0.0,0.0,0.0,0.0,0.0,0.0,0.0,0.0,k1419
k1992,0.0,0.0,0.809467014,0.04,0.0,0.400849833,0.0,0.0,0.0,0.0,k2735
k2586,0.0,0.0,0.674278213,0.04,0.0,0.509889,0.0,0.0,0.0,0.0,k2986
k2366,0.0,0.0,0.689090412,0.04,0.0,0.819822503,0.0,0.0,0.0,0.0,k3198
k2355,0.0,0.0,0.7210136,0.04,0.0,0.788989515,0.0,0.0,0.0,0.0,k1164
k1001,0.0,0.0,0.727969936,0.0,0.0,0.579972754,0.0,0.0,0.0417,0.0,k3315
k1463,0.0,0.0952,0.0,0.2,0.0,0.902727823,0.0,0.0,0.0,0.0,k633
k1044,0.0,0.0,0.0,0.0,0.0,0.449542709,0.0,0.0,0.0,0.0,k265
k843,0.0,0.0,0.0,0.0,0.0,0.442806325,0.0,0.0,0.0,0.0,k2976
k2067,0.0,0.0,0.781668321,0.0,0.0,0.430722068,0.0,0.0,0.0,0.0,k2348
k523,0.0,0.0,0.0,0.0,0.0,0.799810874,0.0,0.0,0.0,0.0,k3260
k2834,0.0,0.0,0.801737751,0.16,0.0417,0.522551005,0.0,0.0,0.0,0.0833,k284
k3360,0.0,0.0,0.0,0.0,0.0,0.411918402,0.0,0.0,0.0,0.0,k732
k2283,0.0,0.0,0.60384864,0.0,0.0,0.470226217,0.0,0.0,0.0417,0.0,k1449
k2442,0.0,0.0,0.704915411,0.04,0.0,0.84585049,0.0,0.0,0.0833,0.0,k319
k2530,0.0,0.476190476,0.751037787,1.0,0.0,0.955441172,0.272727273,0.0,0.0,0.0,k2690
k222,0.0,0.0,0.773599238,0.04,0.0,0.541496639,0.0,0.0,0.0833,0.0,k631
k3344,0.0,0.0,0.752517008,0.04,0.0,0.843500302,0.0,0.0,0.0417,0.0,k882
k2056,0.0,0.0,0.0,0.0,0.0,0.143168282,0.0,0.0,0.0,0.0,k623
k3232,0.0,0.0,0.712671326,0.0,0.0,0.600590834,0.0,0.0,0.0833,0.0,k2892
k2620,0.0,0.19047619,0.75710126,0.08,0.0,0.2428641,0.0,0.0,0.0,0.0,k3171
k179,0.0,0.0,0.691635739,0.04,0.0,0.82617619,0.0,0.0,0.0,0.0,k3413
k359,0.0,0.0,0.724871568,0.08,0.0,0.355300315,0.0,0.0,0.0,0.0,k1237
k375,0.0,0.0,0.820061434,0.04,0.0,0.824239252,0.0,0.0,0.0,0.0,k2726
k742,0.0,0.0,0.744014819,0.24,0.0,0.909709564,0.0,0.0,0.0,0.0,k1948
k277,0.0,0.0952,0.777530501,0.48,0.25,0.940439471,0.0,0.153846154,0.0,0.5,k765
k174,0.0,0.0,0.709679569,0.0,0.0,0.187471876,0.0,0.0,0.0,0.0,k2621
k1813,0.0,0.0,0.0,0.0,0.0,0.44943685,0.0,0.0,0.0,0.0,k1470
k986,0.0,0.0,0.0,0.0,0.0,0.346454163,0.0,0.0,0.0,0.0,k1604
k2374,0.0,0.0,0.0,0.0,0.0,0.713698002,0.0,0.0,0.0,0.0,k3123
k3189,0.0,0.0,0.788511384,0.0,0.0,0.751949746,0.0,0.0,0.0417,0.0,k669
k3047,0.0,0.0,0.0,0.0,0.0,0.877524176,0.0,0.0,0.0,0.0,k670
k637,0.0,0.0,0.763611165,0.04,0.0,0.844164157,0.0,0.0,0.0833,0.0,k3384
k2684,0.0,0.0,0.699398317,0.04,0.0,0.811625701,0.0,0.0,0.0,0.0,k3111
k3400,0.0,0.0,0.632553522,0.08,0.0,0.810619579,0.0,0.0,0.0833,0.0,k1973
k1215,0.0,0.0,0.712391474,0.08,0.0833,0.855451233,0.0,0.0,0.0,0.0,k66
k3161,0.0,0.0,0.750491408,0.0,0.0,0.410742845,0.0,0.0,0.0417,0.0,k1350
k266,0.0,0.0,0.0,0.0,0.0,0.398282063,0.0,0.0,0.0,0.0,k196
k1477,0.0,0.0,0.708806695,0.0,0.0,0.580915916,0.0,0.0,0.0417,0.0,k1914
k995,0.0,0.0,0.77212668,0.04,0.0,0.627059231,0.0,0.0,0.0417,0.0,k137
k2430,0.0,0.0,0.721719894,0.04,0.0,0.552603786,0.0,0.0,0.0833,0.0,k1451
k2038,0.0,0.0,0.685732181,0.04,0.0,0.833553281,0.0,0.0,0.0,0.0,k2155
k2681,0.0,0.0,0.0,0.0,0.0,0.394475777,0.0,0.0,0.0,0.0,k1378
k1392,0.0,0.0,0.770367606,0.04,0.0417,0.858358492,0.0,0.0,0.0417,0.0,k169
k1172,0.0,0.0,0.804729509,0.0,0.0,0.428816919,0.0,0.0769,0.0417,0.0,k525
k1641,0.0,0.0,0.701743748,0.16,0.125,0.861289823,0.0,0.0,0.0417,0.0,k2234
k2525,0.322007912,0.0,0.754396018,0.04,0.125,0.525047482,0.0,0.0,0.0,0.0,k1853
k3183,0.0,0.0,0.697386043,0.08,0.0,0.519229262,0.0,0.0,0.0,0.0,k1700
k574,0.0,0.0,0.649298036,0.0,0.0,0.589711762,0.0,0.0,0.166666667,0.0,k1612
k1895,0.0,0.0,0.799325688,0.08,0.0,0.883773547,0.0,0.0,0.0,0.0,k735
k1588,0.0,0.0,0.0,0.0,0.0,0.406161598,0.0,0.0,0.0,0.0,k2775
k1690,0.0,0.0,0.0,0.0,0.0,0.37307749,0.0,0.0,0.0,0.0,k103
k869,0.0,0.80952381,0.751684113,0.48,0.5,0.961270194,0.0,0.153846154,0.0,0.5,k1521
k1159,0.0,0.0,0.809127193,0.0,0.0,0.465083579,0.0,0.0,0.0,0.0,k1096
k2659,0.0,0.0,0.0,0.0,0.0,0.394908471,0.0,0.0,0.0,0.0,k856
k848,0.0,0.0,0.0,0.0,0.0,0.884275682,0.0,0.0,0.0,0.0,k3172
k765,0.0,0.0,0.799458952,0.12,0.0,0.50466581,0.0,0.0,0.0,0.0,k972
k1218,0.0,0.0,0.0,0.0,0.0,0.416733587,0.0,0.0,0.0,0.0,k2893
k1732,0.0,0.0,0.717115652,0.04,0.0,0.807438878,0.0,0.0,0.0,0.0,k1221
k1027,0.0,0.0476,0.821960434,0.12,0.125,0.477964709,0.0,0.0769,0.0,0.0,k2100
k1653,0.0,0.0,0.0,0.0,0.0,0.800748789,0.0,0.0,0.0,0.0,k537
k2713,0.0,0.142857143,0.697932422,0.04,0.0,0.800238012,0.0909,0.0,0.0,0.0,k1415
k2965,0.0,0.0,0.0,0.0,0.0,0.345144045,0.0,0.0,0.0,0.0,k3143
k1314,0.0,0.0,0.0,0.0,0.0,0.171681945,0.0,0.0,0.0,0.0,k205
k2619,0.0,0.0,0.0,0.0,0.0,0.279906647,0.0,0.0,0.0,0.0,k450
k583,0.0,0.0,0.684792676,0.04,0.0,0.818304371,0.0,0.0,0.0417,0.0,k2280
k133,0.0,0.0,0.784446858,0.04,0.0,0.458345035,0.0,0.0,0.0,0.0,k1653
k1700,0.0,0.0,0.723092505,0.04,0.0,0.845894007,0.0,0.0,0.0,0.0,k30
k565,0.0,0.0,0.0,0.0,0.0,0.205322196,0.0,0.0,0.0,0.0,k2569
k3371,0.0,0.0,0.0,0.0,0.0,0.424057903,0.0,0.0,0.0417,0.0,k1794
k2327,0.0,0.333333333,0.743201914,0.24,0.0,0.871505349,0.181818182,0.0,0.0,0.0,k1336
k2678,0.0,0.19047619,0.768948354,0.04,0.208333333,0.866117662,0.318181818,0.153846154,0.25,0.0,k67
k2237,0.0,0.0,0.0,0.0,0.0,0.363600198,0.0,0.0,0.0,0.0,k1668
k1962,0.0,0.0,0.0,0.0,0.0,0.176670269,0.0,0.0,0.0,0.0,k824
k310,0.0,0.0,0.0,0.0,0.0,0.42462238,0.0,0.0,0.0,0.0,k2201
k361,0.0,0.0,0.639629795,0.04,0.0,0.791390318,0.0,0.0,0.0,0.0,k2602
k1965,0.0,0.0,0.7886713,0.04,0.0,0.684230993,0.0,0.0,0.166666667,0.0,k2150
k971,0.0,0.19047619,0.83119557,0.16,0.0,0.90359352,0.181818182,0.0,0.0,0.0,k2915
k1782,0.0,0.0,0.732300988,0.0,0.0,0.572138588,0.0,0.0,0.0417,0.0,k2416
k248,0.0,0.0,0.726763904,0.04,0.0,0.585815048,0.0,0.0,0.0417,0.0,k3084
k1350,0.0,0.0,0.793482099,0.04,0.0,0.507338204,0.0,0.0,0.0417,0.0,k1882
k3056,0.0,0.0,0.707633979,0.0,0.0,0.828005417,0.0,0.0,0.0417,0.0,k2756
k1740,0.0,0.0,0.765356912,0.2,0.0,0.638676537,0.0,0.0,0.166666667,0.0,k233
k2319,0.0,0.0,0.805509099,0.08,0.0,0.455714923,0.0,0.0,0.0,0.0,k2308
k227,0.0,0.0,0.766989386,0.04,0.0833,0.826289764,0.0,0.0,0.208333333,0.0,k6
k3190,0.0,0.0,0.0,0.0,0.0,0.811609652,0.0,0.0,0.0,0.0,k163
k2768,0.0,0.0,0.0,0.0,0.0,0.405986915,0.0,0.0,0.0417,0.0,k1733
k1232,0.0,0.0,0.0,0.0,0.0,0.802322165,0.0,0.0,0.0,0.0,k75
k2217,0.0,0.0,0.0,0.0,0.0,0.393756987,0.0,0.0,0.0,0.0,k271
k210,0.0,0.0,0.711152127,0.16,0.0,0.858647366,0.0,0.0769,0.333333333,0.0,k2376
k2683,0.0,0.0,0.754729176,0.04,0.0,0.790878615,0.0,0.0,0.0,0.0,k2364
k2034,0.0,0.0,0.849659179,0.04,0.0,0.878379997,0.0,0.0,0.0,0.0,k299
k2420,0.0,0.0,0.765330259,0.04,0.0,0.463588285,0.0,0.0,0.0,0.0,k2950
k385,0.0,0.0,0.789237668,0.04,0.0,0.541220419,0.0,0.0,0.0833,0.0,k1563
k1634,0.0,0.0,0.862952179,0.04,0.0,0.491926648,0.0,0.0,0.0,0.0,k534
k2114,0.0,0.0,0.0,0.0,0.0,0.114877448,0.0,0.0,0.0,0.0,k1697
k407,0.0,0.0,0.645473384,0.04,0.0,0.259581762,0.0,0.0,0.0,0.0,k1057
k1259,0.0,0.0,0.750704629,0.24,0.0,0.90505363,0.0,0.0,0.0,0.25,k2419
k2634,0.0,0.0,0.0,0.0,0.0,0.344739745,0.0,0.0,0.0,0.0,k1301
k2206,0.0,0.0,0.0,0.0,0.0,0.453558552,0.0,0.0,0.0,0.0,k1011
k2989,0.0,0.0,0.0,0.0,0.0,0.442724231,0.0,0.0,0.0,0.0,k2352
k2986,0.0,0.0,0.0,0.0,0.0,0.395645779,0.0,0.0,0.0,0.0,k1239
k364,0.0,0.142857143,0.792495952,0.08,0.0,0.880898077,0.0,0.0,0.0,0.0,k3175
k2325,0.0,0.0,0.764837186,0.0,0.0,0.46426109,0.0,0.0,0.0833,0.0,k1964
k2724,0.0,0.0,0.776224522,0.04,0.0,0.811078198,0.0,0.0,0.0,0.0,k2161
k1736,0.0,0.0,0.678349403,0.04,0.0,0.805616441,0.0,0.0,0.0,0.0,k2876
k1149,0.0,0.0,0.678369392,0.08,0.0833,0.277727746,0.0,0.0,0.0833,0.0,k2418
k263,0.0,0.0,0.71605621,0.0,0.0417,0.779417474,0.0,0.0,0.0417,0.0,k3105
k490,0.0,0.0,0.836266233,0.04,0.0,0.480912398,0.0,0.0,0.0,0.0,k2347
k1397,0.0,0.0,0.0,0.0,0.0,0.829218009,0.0,0.0,0.0,0.0,k817
k335,0.0,0.0,0.803176993,0.04,0.0,0.807375918,0.0,0.0,0.0,0.0,k3025
k1765,0.0,0.0,0.0,0.0,0.0,0.492022631,0.0,0.0,0.0,0.0,k699
k1907,0.0,0.0,0.729575757,0.04,0.0,0.819511716,0.0,0.0,0.0,0.0,k234
k3143,0.0,0.0,0.0,0.0,0.0,0.41890292,0.0,0.0,0.0,0.0,k100
k3332,0.0,0.0,0.0,0.0,0.0,0.772325245,0.0,0.0,0.0,0.0,k1573
k1689,0.0,0.0,0.678396045,0.04,0.0,0.852892722,0.0,0.0,0.0,0.0,k1828
k3105,0.0,0.0,0.731821241,0.12,0.125,0.884037114,0.0,0.0,0.0,0.0,k193
k3177,0.0,0.0,0.734493167,0.04,0.0,0.836241106,0.0,0.0,0.0,0.0,k2846
k2651,0.0,0.0,0.606314008,0.08,0.0,0.829968588,0.0,0.0,0.0,0.0,k3333
k932,0.0,0.0,0.0,0.0,0.0417,0.480342982,0.0,0.0,0.0,0.0,k1549
k884,0.0,0.0,0.73840444,0.0,0.0,0.787193928,0.0,0.0,0.0,0.0,k19
k2192,0.0,0.0,0.0,0.0,0.0417,0.662596299,0.0,0.0,0.0833,0.166666667,k2527
k226,0.0,0.0,0.0,0.12,0.0,0.5050411,0.0,0.0,0.0,0.0,k2058
k3092,0.0,0.0,0.0,0.0,0.0,0.352991174,0.0,0.0,0.0,0.0,k2061
k1612,0.0,0.0,0.821434045,0.0,0.0,0.405090048,0.0,0.0,0.0,0.0,k1796
k308,0.0,0.0,0.0,0.0,0.0,0.347311527,0.0,0.0,0.0,0.0,k2732
k2680,0.0,0.0,0.672212635,0.04,0.0,0.817838345,0.0,0.0,0.0,0.0,k609
k886,0.0,0.0,0.0,0.04,0.166666667,0.829418616,0.0,0.0,0.25,0.0833,k567
k1974,0.0,0.0,0.0,0.0,0.0,0.739451312,0.0,0.0,0.0,0.0,k3381
k2303,0.0,0.0,0.786052679,0.04,0.0,0.454627325,0.0,0.0,0.0,0.0,k650
k2950,0.0,0.0,0.0,0.0,0.0,0.707593994,0.0,0.0,0.0,0.0,k1430
k707,0.0,0.0,0.0,0.0,0.0,0.214752269,0.0,0.0,0.0,0.0,k1879
k704,0.0,0.0,0.68879057,0.04,0.0,0.821880114,0.0,0.0,0.0,0.0,k2577
k3089,0.0,0.0,0.0,0.0,0.0,0.535341708,0.0,0.0,0.0,0.0,k919
k1916,0.0,0.0,0.832954644,0.0,0.0,0.887659151,0.0,0.0,0.0,0.0,k2705
k3165,0.0,0.19047619,0.704115832,0.2,0.458333333,0.934778342,0.0909,0.230769231,0.291666667,0.25,k3226
k1708,0.0,0.0,0.766922754,0.0,0.0,0.78695536,0.0,0.0,0.0,0.0,k54
k3213,0.0,0.0,0.0,0.0,0.0833,0.629890876,0.0,0.0,0.0,0.0,k2605
k834,0.0,0.0,0.0,0.0,0.0,0.808784797,0.0,0.0,0.0,0.0,k697
k595,0.0,0.0,0.708053758,0.04,0.0,0.817042707,0.0,0.0,0.0,0.0,k2441
k23,0.0,0.0,0.689103739,0.0,0.0417,0.817730635,0.0,0.0,0.0417,0.0,k2738
k3397,0.0,0.0,0.811172782,0.04,0.0,0.635132891,0.0,0.0,0.0833,0.0833,k3061
k2757,0.0,0.0,0.755182271,0.04,0.0,0.467650114,0.0,0.0,0.0,0.0,k3380
k2117,0.0,0.0476,0.0,0.0,0.0417,0.811142392,0.0,0.0769,0.0,0.0,k156
k732,0.0,0.0,0.758074081,0.04,0.0,0.8442623,0.0,0.0,0.0417,0.0,k181
k2593,0.0,0.0,0.806475256,0.08,0.0,0.682272143,0.0,0.0,0.25,0.0,k2323
k3415,0.0,0.0,0.0,0.0,0.0,0.746691065,0.0,0.0,0.0,0.0,k312
k937,0.0,0.0,0.823173129,0.0,0.0,0.422792845,0.0,0.0,0.0,0.0,k2148
k3280,0.0,0.0,0.697712538,0.04,0.0,0.752494471,0.0,0.0,0.0,0.0,k961
k2658,0.0,0.0,0.726823873,0.0,0.0,0.562957885,0.0,0.0,0.0417,0.0,k896
k83,0.0,0.0,0.756508239,0.04,0.0,0.241296588,0.0,0.0,0.0,0.0,k93
k2378,0.0,0.0,0.727770041,0.08,0.0,0.330504363,0.0,0.0,0.0,0.0,k1446
k3251,0.0,0.0,0.801891004,0.04,0.0,0.67917724,0.0,0.0769,0.125,0.0,k2666
k3215,0.0,0.0,0.0,0.0,0.0,0.739629698,0.0,0.0,0.0,0.0,k1727
k57,0.0,0.0,0.0,0.0,0.0,0.400356648,0.0,0.0,0.0,0.0,k1640
k455,0.0,0.238095238,0.802510678,0.04,0.0,0.845505138,0.0,0.0,0.0,0.0,k2007
k1078,0.0,0.0,0.0,0.0,0.0,0.435964392,0.0,0.0,0.0,0.0,k225
k787,0.0,0.0,0.705148622,0.08,0.0417,0.47228784,0.0,0.0,0.0,0.0,k1838
k1824,0.0,0.0,0.0,0.04,0.0,0.819624365,0.0,0.0,0.0417,0.0833,k967
k2445,0.0,0.0,0.749445292,0.0,0.125,0.823755326,0.0,0.0,0.0417,0.0,k921
k601,0.0,0.0,0.0,0.0,0.0,0.406883166,0.0,0.0,0.0417,0.0,k2765
k3171,0.0,0.0,0.726157557,0.0,0.0,0.565644168,0.0,0.0,0.0417,0.0,k432
k1617,0.0,0.0,0.707467401,0.0,0.0,0.392649636,0.0,0.0,0.0,0.0,k1159
k2802,0.0,0.0,0.0,0.0,0.0,0.736155802,0.0,0.0,0.0,0.0,k2172
k902,0.0,0.0,0.746800019,0.04,0.0,0.858546445,0.0,0.0,0.0,0.0,k1135
k915,0.0,0.0,0.0,0.0,0.0,0.142310919,0.0,0.0,0.0,0.0,k494
k750,0.0,0.0,0.0,0.0,0.0,0.382157889,0.0,0.0,0.0,0.0,k1286
k1658,0.0,0.0,0.0,0.0,0.0,0.411089123,0.0,0.0,0.0,0.0,k3349
k1404,0.0,0.0,0.732520872,0.04,0.0,0.87355617,0.0,0.0,0.0,0.0,k263
k691,0.0,0.0,0.0,0.0,0.0,0.531699302,0.0,0.0,0.0,0.0,k2974
k1015,0.0,0.0,0.0,0.0,0.0,0.819039518,0.0,0.0,0.0,0.0,k68
k315,0.0,0.0,0.703702717,0.16,0.0,0.90012487,0.0,0.0,0.0,0.0,k986
k2153,0.0,0.0,0.76731588,0.04,0.0,0.461321117,0.0,0.0,0.0,0.0,k2917
k1697,0.0,0.0,0.0,0.0,0.0,0.32698942,0.0,0.0,0.0,0.0,k943
k1235,0.0,0.0,0.0,0.0,0.0,0.794892299,0.0,0.0,0.0,0.0,k643
k1541,0.0,0.0,0.724218578,0.08,0.0,0.385618515,0.0,0.0,0.0,0.0,k32
k16,0.0,0.0,0.0,0.0,0.0,0.730964093,0.0,0.0,0.0,0.0,k243
k1280,0.0,0.0952,0.743041998,0.16,0.0417,0.641633484,0.0,0.0,0.0833,0.0,k2889
k27,0.0,0.0,0.749698492,0.24,0.0,0.889208454,0.0,0.0,0.0,0.0,k588
k1555,0.0,0.0,0.700117938,0.08,0.0,0.256575435,0.0,0.0,0.0,0.0,k3326
k1517,0.0,0.0,0.0,0.0,0.0,0.283764474,0.0,0.0,0.0,0.0,k3026
k1794,0.0,0.0,0.0,0.0,0.0,0.587855684,0.0,0.0,0.0,0.0,k2547
k2301,0.0,0.0,0.0,0.04,0.0,0.450014289,0.0,0.0,0.0,0.0,k2561
k2120,0.0,0.0,0.776624311,0.0,0.0,0.591396243,0.0,0.0,0.0417,0.0,k2070
k274,0.0,0.0,0.76051946,0.04,0.0,0.849728069,0.0,0.0,0.0833,0.0,k83
k1991,0.0,0.0,0.698245591,0.08,0.0833,0.713312219,0.0,0.0,0.208333333,0.0,k386
k496,0.287425943,0.0,0.0,0.04,0.0,0.468658396,0.0,0.0,0.125,0.0,k292
k3336,0.0,0.0,0.0,0.0,0.0417,0.827690927,0.0,0.0,0.0,0.0,k1000
k2087,0.290795177,0.0,0.642288395,0.04,0.0,0.823218317,0.0,0.0,0.0833,0.0,k581
k2549,0.0,0.0,0.715783021,0.04,0.0,0.340623598,0.0,0.0,0.0,0.0,k1946
k3145,0.0,0.0,0.767409165,0.08,0.0,0.858215906,0.0,0.0,0.0,0.0,k2650
k146,0.0,0.19047619,0.675924013,0.08,0.0,0.788751564,0.0,0.0,0.0,0.0,k2309
