Key_2_9,D459,D132,D30,D9,D13,D152,D211,D124,D21,D802,Key_3_30
k1864,0.0,0.0,0.10834515,0.757134028,0.0,0.272727273,0.0,0.0,0.00719,0.0,3010
k1706,0.0,0.0,0.0796,0.730734087,0.0,0.227272727,0.0,0.0,0.00505,0.0,1665
k59,0.0,0.0,0.25603145,0.687762121,0.0,0.0909,0.0,0.0,0.0074,0.0,1824
k1252,0.0,0.0,0.28454736,0.70508763,0.0,0.0758,0.859622722,0.0,0.00427,0.05,1660
k1910,0.0,0.0,0.20404282,0.722136761,0.0,0.121212121,0.0,0.0,0.00604,0.025,2944
k147,0.111111111,0.0,0.19816872,0.713000997,0.0,0.151515152,0.0,0.0,0.00645,0.025,3389
k2813,0.0,0.0,0.22394712,0.735825744,0.0,0.181818182,0.0,0.0,0.016,0.05,821
k2455,0.0,0.0,0.34076783,0.808510708,0.0,0.166666667,0.931703832,0.0,0.00561,0.0,1051
k3150,0.111111111,0.0,0.19279999,0.713965622,0.0,0.242424242,0.0,0.0,0.01,0.075,942
k1843,0.0,0.0,0.27169693,0.800240986,0.0,0.212121212,0.0,0.0,0.00561,0.0,2056
k2657,0.0,0.0,0.40108854,0.687510168,0.0,0.0,0.0,0.0,0.0347,0.0,2280
k240,0.0,0.0833,0.1884207,0.902560961,0.0,0.0455,0.0,0.0,0.0108,0.175,2241
k1074,0.444444444,0.0,0.20315248,0.78738198,0.0,0.181818182,0.0,0.0,0.00861,0.075,1422
k1557,0.0,0.0,0.21303681,0.686442595,0.0,0.0606,0.0,0.0,0.00946,0.075,2204
k1015,0.0,0.0,0.43287489,0.692423877,0.0,0.166666667,0.0,0.0,0.00314,0.025,2784
k2153,0.0,0.0,0.17347814,0.786586689,0.0323,0.393939394,0.0,0.0,0.0177,0.0,2618
k359,0.0,0.0,0.27550399,0.714775998,0.0,0.151515152,0.0,0.0,0.00875,0.0,958
k1769,0.0,0.0,0.26897609,0.81257277,0.0,0.166666667,0.0,0.0,0.00861,0.0,65
k2841,0.0,0.0,0.22026208,0.709095749,0.0,0.0606,0.0,0.0,0.00881,0.125,2951
k1924,0.0,0.0,0.24493591,0.711845981,0.0,0.121212121,0.0,0.0,0.00914,0.025,1562
k567,0.0,0.0,0.24892914,0.747301632,0.0,0.212121212,0.894751243,0.0,0.00441,0.0,2323
k258,0.0,0.0,0.22016425,0.692280922,0.0,0.0909,0.825695046,0.0,0.00646,0.05,2969
k333,0.0,0.0,0.34911734,0.671653956,0.0,0.0909,0.775198747,0.0,0.00332,0.0,1408
k1938,0.0,0.0,0.2011368,0.712166884,0.0,0.242424242,0.0,0.225885303,0.0156,0.05,2504
k793,0.0,0.166666667,0.51713645,0.839993309,0.0323,0.181818182,0.0,0.0,0.00298,0.05,1716
k999,0.222222222,0.0,0.13130903,0.827026149,0.0968,0.212121212,0.0,0.0,0.0256,0.0,148
k2984,0.0,0.0,0.25373217,0.708891193,0.0,0.0152,0.0,0.0,0.00597,0.025,1347
k429,0.0,0.0,0.18159324,0.755522962,0.0645,0.151515152,0.0,0.0,0.0117,0.075,1839
k1773,0.0,0.0,0.17261519,0.753583949,0.0,0.0758,0.0,0.0,0.00665,0.175,415
k321,0.0,0.0,0.5,0.630557489,0.0,0.0,0.0,0.0,0.387419388,0.0,517
k1578,0.0,0.0,0.16640155,0.733207901,0.0,0.0909,0.833812151,0.0,0.00798,0.0,77
k2652,0.0,0.333333333,0.27958518,0.902115441,0.0968,0.0606,0.0,0.0,0.00884,0.075,1032
k1061,0.111111111,0.0,0.36351988,0.651411944,0.0,0.0909,0.804763859,0.0,0.00445,0.0,1197
k1380,0.0,0.0,0.15491256,0.719431016,0.0,0.0,0.882773192,0.0,0.00514,0.05,2458
k2693,0.0,0.0,0.23660718,0.719258313,0.0,0.0455,0.90292915,0.0,0.00493,0.05,3111
k142,0.0,0.0,0.0875,0.727668311,0.0,0.151515152,0.0,0.0,0.00475,0.0,792
k113,0.111111111,0.0,0.20330219,0.697785481,0.0,0.257575758,0.0,0.0,0.00988,0.025,127
k1327,0.0,0.0,0.43924335,0.700855047,0.0,0.151515152,0.0,0.0,0.00314,0.0,2697
k2333,0.111111111,0.0,0.27489802,0.714350653,0.0,0.0303,0.0,0.0,0.00596,0.025,1985
k1263,0.0,0.0,0.25452784,0.760034833,0.0,0.121212121,0.85823947,0.0,0.00423,0.025,1643
k389,0.0,0.0,0.0774,0.749277629,0.0,0.0303,0.0,0.0,0.0154,0.0,2765
k837,0.0,0.0,0.39387852,0.742873643,0.0,0.0,0.0,0.0,0.0632,0.0,1081
k1625,0.222222222,0.0,0.29385006,0.767829364,0.0,0.166666667,0.0,0.0,0.00519,0.025,433
k192,0.0,0.0,0.25,0.687533828,0.0,0.0303,0.0,0.0,0.00521,0.0,7
k1857,0.111111111,0.0833,0.28511786,0.710227603,0.0,0.166666667,0.0,0.0,0.0174,0.0,14
k715,0.111111111,0.0,0.19992726,0.708004248,0.0,0.121212121,0.0,0.0,0.0113,0.075,2154
k63,0.0,0.0,0.32194847,0.712347704,0.0,0.106060606,0.85212884,0.0,0.00688,0.05,585
k2095,0.0,0.0,0.0794,0.782538026,0.0,0.318181818,0.0,0.0,0.0052,0.0,1958
k1584,0.111111111,0.0,0.14658107,0.770737482,0.0,0.136363636,0.0,0.0,0.025,0.05,84
k499,0.333333333,0.0,0.22242221,0.755598192,0.0,0.272727273,0.0,0.0,0.00737,0.25,2668
k1616,0.0,0.0,0.30257705,0.708522625,0.0323,0.0,0.0,0.0,0.0304,0.0,731
k501,0.888888889,0.0,0.0661,0.747875599,0.0,0.212121212,0.896043291,0.0,0.0358,0.05,2767
k3346,0.0,0.0833,0.42189303,0.621339872,0.0,0.0,0.0,0.0,0.00962,0.025,2339
k3053,0.111111111,0.0,0.34152195,0.756222618,0.0323,0.212121212,0.0,0.0,0.00579,0.1,2652
k3360,0.222222222,0.0,0.233236,0.824805971,0.0,0.196969697,0.0,0.0,0.00654,0.0,1527
k2133,0.0,0.0,0.43819264,0.69016419,0.0,0.0303,0.824752611,0.0,0.00404,0.05,2928
k3245,0.0,0.0,0.10698558,0.745312772,0.0,0.303030303,0.0,0.0,0.00696,0.0,258
k1158,0.0,0.0,0.18074958,0.813190267,0.0,0.0606,0.0,0.0,0.0111,0.05,119
k152,0.0,0.0,0.80641371,0.760946358,0.0,0.0,0.0,0.0,0.00692,0.05,443
k1391,0.111111111,0.0,0.25419959,0.771461334,0.0645,0.303030303,0.0,0.0,0.00712,0.05,2106
k2014,0.0,0.0,0.25926253,0.686782679,0.0,0.0152,0.0,0.0,0.00791,0.0,1278
k2764,0.0,0.0,0.33920842,0.742753505,0.0,0.151515152,0.0,0.0,0.00369,0.0,1986
k745,0.0,0.0,0.2401859,0.771372896,0.0,0.196969697,0.0,0.0,0.0161,0.025,2012
k1464,0.222222222,0.0,0.17581029,0.741322914,0.0,0.257575758,0.0,0.0,0.00499,0.0,3101
k2988,0.222222222,0.0,0.19294983,0.743988039,0.0,0.121212121,0.0,0.0,0.0123,0.1,3405
k195,0.222222222,0.0,0.21482256,0.733739142,0.0,0.181818182,0.0,0.0,0.00583,0.05,725
k1767,0.0,0.416666667,0.20237711,0.949464476,0.290322581,0.393939394,0.0,0.0,0.0213,0.05,331
k285,0.111111111,0.0833,0.25393918,0.783631365,0.0,0.121212121,0.0,0.0,0.0091,0.075,1299
k3185,0.0,0.0,0.21223903,0.7130219,0.0,0.257575758,0.0,0.0,0.00851,0.025,2059
k3372,0.0,0.0,0.34550598,0.726078609,0.0,0.0303,0.854697737,0.0,0.00489,0.0,1930
k370,0.0,0.0,0.24085791,0.783156097,0.0,0.272727273,0.0,0.0,0.00731,0.025,324
k1865,0.0,0.0,0.45086995,0.668211419,0.0,0.0303,0.0,0.0,0.00849,0.025,631
k1426,0.0,0.0,0.27611431,0.65330915,0.0,0.0303,0.0,0.0,0.00408,0.075,2864
k684,0.0,0.0,0.3110328,0.796797071,0.129032258,0.0303,0.0,0.0,0.00314,0.1,2143
k943,0.111111111,0.0,0.2520043,0.763729323,0.0,0.227272727,0.0,0.0,0.00466,0.0,3386
k1340,0.222222222,0.0,0.209135,0.739562615,0.0,0.212121212,0.0,0.0,0.0067,0.025,110
k2246,0.111111111,0.0,0.40665326,0.858158597,0.0645,0.196969697,0.0,0.0,0.00368,0.05,251
k2531,0.666666667,0.0,0.15571761,0.75618016,0.0,0.166666667,0.0,0.0,0.0107,0.225,1491
k1792,0.0,0.0,0.15983044,0.758524917,0.0,0.121212121,0.0,0.0,0.00639,0.0,2658
k2205,0.0,0.0,0.26748717,0.683934094,0.0,0.0909,0.0,0.0,0.00719,0.0,1679
k1070,0.0,0.0,0.28891546,0.664346791,0.0,0.0152,0.0,0.0,0.0053,0.125,1668
k1528,0.333333333,0.166666667,0.0907,0.857412731,0.225806452,0.166666667,0.0,0.0,0.0239,0.35,681
k3406,0.0,0.0,0.31883565,0.693395547,0.0,0.0758,0.851900831,0.0,0.00262,0.0,3140
k1102,0.0,0.0,0.24125043,0.743706186,0.0,0.212121212,0.893048779,0.0,0.0131,0.0,1069
k2293,0.0,0.0,0.2233455,0.672939064,0.0,0.0455,0.729399425,0.0,0.0062,0.075,2846
k2403,0.0,0.0,0.23869349,0.688737313,0.0,0.0455,0.0,0.0,0.00521,0.0,1021
k546,0.111111111,0.0,0.16424775,0.748918172,0.0,0.106060606,0.0,0.0,0.0126,0.05,1797
k23,0.0,0.0,0.15423508,0.729066245,0.0,0.242424242,0.0,0.209863493,0.018,0.05,1589
k2617,0.111111111,0.0,0.24944165,0.705940732,0.0,0.151515152,0.0,0.0,0.00567,0.025,3135
k1153,0.0,0.0,0.32292455,0.709684953,0.0,0.0606,0.0,0.0,0.00348,0.0,528
k1639,0.0,0.0,0.32567829,0.772697438,0.0,0.227272727,0.0,0.0,0.00571,0.025,3164
k251,0.0,0.0,0.50154233,0.782620377,0.0,0.0303,0.0,0.0,0.00416,0.025,2957
k3200,0.0,0.0,0.29775569,0.704895402,0.0,0.196969697,0.855974585,0.0,0.00829,0.05,2347
k583,0.111111111,0.0,0.36653146,0.827321785,0.0,0.257575758,0.0,0.0,0.00413,0.05,1946
k3084,0.0,0.0,0.20367153,0.654258155,0.0,0.121212121,0.0,0.0,0.00812,0.05,1498
k494,0.0,0.0,0.33238849,0.71263396,0.0,0.0,0.0,0.0,0.0343,0.0,404
k3041,0.0,0.0,0.19522834,0.718437333,0.0,0.272727273,0.871904784,0.0,0.00512,0.0,2993
k2467,0.0,0.0,0.22644001,0.68990056,0.0,0.242424242,0.0,0.0,0.00572,0.0,1288
k365,0.111111111,0.0,0.4161047,0.795161618,0.0,0.181818182,0.0,0.0,0.00403,0.025,1720
k3147,0.0,0.166666667,0.36469945,0.854677048,0.0,0.0152,0.0,0.0,0.00798,0.025,2091
k2247,0.222222222,0.0,0.23570146,0.850570613,0.0,0.181818182,0.0,0.0,0.0056,0.1,1137
k435,0.0,0.0,0.27081475,0.771447896,0.0,0.212121212,0.0,0.0,0.00509,0.0,2260
k843,0.111111111,0.0,0.25887388,0.710787596,0.0,0.151515152,0.0,0.0,0.0099,0.075,1302
k395,0.0,0.0,0.18467459,0.724635155,0.0,0.166666667,0.0,0.0,0.0108,0.1,3170
k2047,0.222222222,0.0,0.27660155,0.732414218,0.0,0.121212121,0.0,0.0,0.00544,0.025,1739
k1513,0.0,0.0,0.22242096,0.712020751,0.0,0.121212121,0.0,0.0,0.01,0.0,583
k1492,0.111111111,0.0,0.19681533,0.733612075,0.0,0.181818182,0.0,0.0,0.00622,0.1,2856
k1842,0.0,0.0,0.12252076,0.844846758,0.0,0.181818182,0.0,0.545613478,0.0218,0.05,2017
k3114,0.0,0.333333333,0.151145,0.776413711,0.0,0.106060606,0.0,0.0,0.0103,0.1,2771
k482,0.0,0.0,0.10365057,0.789994003,0.0,0.303030303,0.0,0.0,0.0157,0.0,1303
k1575,0.0,0.0,0.22525997,0.734989641,0.0,0.0303,0.0,0.0,0.00594,0.1,3412
k1329,0.0,0.0,0.56461263,0.631180575,0.0,0.0606,0.0,0.0,0.00402,0.0,2731
k2965,0.0,0.0,0.33685717,0.702395745,0.0,0.0152,0.0,0.0,0.0111,0.05,2430
k1397,0.0,0.0,0.43530184,0.68192387,0.0,0.166666667,0.0,0.0,0.0043,0.0,2597
k3242,0.0,0.0,0.30898046,0.714852108,0.0,0.363636364,0.0,0.0,0.00438,0.0,854
k1127,0.0,0.0,0.41082713,0.714519336,0.0,0.0152,0.811512913,0.0,0.0034,0.025,2832
k1544,0.0,0.0,0.33513355,0.729404606,0.0323,0.0758,0.0,0.0,0.00589,0.075,188
k1609,0.0,0.0,0.31265822,0.783442965,0.0,0.0,0.0,0.0,0.0396,0.025,141
k1907,0.0,0.0833,0.24937923,0.870484868,0.0,0.136363636,0.0,0.0,0.0174,0.025,1042
k438,0.0,0.0,0.32077575,0.747482528,0.0323,0.0,0.0,0.0,0.00979,0.0,447
k2818,0.111111111,0.0,0.27250034,0.788076697,0.0,0.257575758,0.0,0.0,0.00692,0.05,628
k1958,0.0,0.0833,0.27042982,0.85938555,0.0,0.0758,0.0,0.0,0.0179,0.125,1399
k2476,0.111111111,0.0,0.33183759,0.683492746,0.0,0.106060606,0.854028911,0.0,0.00327,0.0,397
k1337,0.222222222,0.0,0.14617957,0.681685164,0.0,0.272727273,0.0,0.0,0.0104,0.075,2609
k1197,0.0,0.0,0.22658123,0.717705747,0.0,0.121212121,0.0,0.0,0.00735,0.0,644
k266,0.0,0.0,0.26455712,0.678515446,0.0,0.0,0.0,0.0,0.0447,0.0,844
k1477,0.111111111,0.0,0.1807474,0.696797004,0.0,0.0606,0.0,0.0,0.0107,0.025,680
k1994,0.333333333,0.166666667,0.0598,0.857645771,0.483870968,0.196969697,0.0,0.0,0.0408,0.6,2424
k791,0.0,0.0,0.36331525,0.650986484,0.0,0.166666667,0.0,0.0,0.00407,0.0,1057
k2364,0.111111111,0.0,0.27726278,0.771401725,0.0,0.303030303,0.0,0.0,0.00622,0.05,184
k1388,0.0,0.0,0.2275167,0.694798037,0.0,0.0,0.771869822,0.0,0.00445,0.0,1801
k2712,0.0,0.0,0.29439935,0.69020079,0.0,0.0,0.0,0.0,0.00749,0.0,2141
k866,0.0,0.0,0.37034014,0.723498821,0.0,0.0,0.0,0.0,0.038,0.075,3087
k636,0.0,0.0,0.18014801,0.785943273,0.0323,0.212121212,0.0,0.0,0.0131,0.0,1171
k2868,0.0,0.0,0.13572514,0.71682956,0.0,0.196969697,0.0,0.0,0.00515,0.0,327
k1880,0.0,0.0,0.17252807,0.75866301,0.0645,0.181818182,0.0,0.0,0.0117,0.075,332
k1520,0.111111111,0.0,0.27629861,0.68835278,0.0,0.0606,0.0,0.0,0.0101,0.05,241
k2226,0.0,0.0,0.46227857,0.679741021,0.0,0.0152,0.0,0.0,0.0122,0.025,3100
k3359,0.111111111,0.0,0.23135941,0.745102013,0.0,0.106060606,0.0,0.0,0.00823,0.0,287
k3263,0.111111111,0.0,0.40014982,0.714865546,0.0,0.227272727,0.0,0.0,0.00315,0.025,1168
k2800,0.0,0.0,0.21391614,0.822144943,0.0,0.227272727,0.0,0.0,0.0068,0.1,82
k3429,0.0,0.0,0.28132111,0.677200322,0.0,0.0455,0.0,0.0,0.0196,0.05,3034
k1194,0.0,0.0,0.25754172,0.724209427,0.0,0.0152,0.830012008,0.0,0.00462,0.0,2657
k155,0.0,0.0,0.26075041,0.706673504,0.0,0.196969697,0.0,0.0,0.00441,0.0,2575
k2751,0.0,0.0,0.23131734,0.779379716,0.0,0.227272727,0.0,0.123270998,0.0272,0.0,765
k1705,0.0,0.0,0.25591537,0.687988499,0.0,0.0606,0.8005381,0.158873831,0.0311,0.0,1087
k527,0.222222222,0.0,0.15240616,0.725329948,0.0,0.333333333,0.0,0.0,0.016,0.15,3060
k93,0.0,0.0,0.18757573,0.803687657,0.0645,0.0909,0.0,0.0,0.00954,0.075,1329
k1094,0.0,0.0,0.15314911,0.713926457,0.0,0.121212121,0.877498594,0.0,0.011,0.15,1474
k1342,0.0,0.0,0.28437921,0.764362976,0.0,0.242424242,0.0,0.0,0.00522,0.0,2244
k2427,0.0,0.0,0.46574405,0.751861436,0.0,0.0,0.0,0.0,0.00721,0.0,1097
k1312,0.0,0.0,0.25701052,0.7063709,0.0,0.0606,0.0,0.0,0.0138,0.1,1732
k2599,0.111111111,0.0,0.13574868,0.869428244,0.0,0.363636364,0.0,0.0,0.0278,0.075,3374
k334,0.0,0.0,0.20346628,0.708051261,0.0,0.0303,0.879337863,0.0,0.00459,0.05,257
k1947,0.0,0.0,0.57904744,0.678006487,0.0,0.0,0.0,0.0,0.0999,0.0,2318
k1786,0.222222222,0.0,0.29191896,0.720998782,0.0,0.121212121,0.0,0.0,0.00484,0.0,1186
k532,0.777777778,0.0833,0.16960636,0.87981378,0.129032258,0.0758,0.0,0.0,0.00693,0.175,1421
k3321,0.0,0.0,0.20487978,0.786477041,0.0323,0.242424242,0.0,0.186594619,0.0217,0.05,1091
k201,0.0,0.0,0.23146117,0.683047608,0.0,0.0303,0.0,0.0,0.00653,0.025,2298
k186,0.0,0.0,0.28259176,0.672688719,0.0,0.0,0.0,0.0,0.0224,0.025,1144
k1866,0.111111111,0.0,0.23169082,0.772984957,0.0645,0.136363636,0.0,0.0,0.00754,0.075,2871
k2787,0.0,0.0,0.11925665,0.798540295,0.0,0.0,0.0,0.0,0.0376,0.0,2737
k2950,0.0,0.0,0.69560695,0.58605589,0.0,0.0,0.0,0.0,0.011,0.025,1902
k3238,0.0,0.0,0.20808333,0.738920539,0.0,0.0455,0.0,0.0,0.0102,0.075,383
k2485,0.0,0.0,0.32355678,0.770401418,0.0323,0.106060606,0.955127913,0.0,0.0079,0.0,2854
k2995,0.0,0.0,0.37328267,0.434378262,0.0,0.0,0.0,0.0,0.00269,0.025,2600
k840,0.111111111,0.0,0.29589492,0.737023141,0.0323,0.166666667,0.905118032,0.0,0.00354,0.0,218
k541,0.0,0.0,0.12179485,0.753893826,0.0,0.0455,0.0,0.0,0.00932,0.025,563
k898,0.222222222,0.0,0.24806871,0.737149558,0.0,0.242424242,0.0,0.0,0.00469,0.075,1513
k2513,0.111111111,0.0,0.2243752,0.700205889,0.0,0.0303,0.0,0.0,0.00596,0.075,2956
k737,0.0,0.0,0.1362112,0.774365241,0.0,0.575757576,0.927523675,0.0,0.00943,0.0,10
k1957,0.111111111,0.0,0.2012856,0.691330653,0.0,0.287878788,0.0,0.0,0.011,0.0,1977
k579,0.0,0.0,0.39034092,0.708575573,0.0,0.151515152,0.0,0.0,0.00972,0.0,2117
k2261,0.0,0.0,0.0892,0.745310474,0.0,0.0758,0.0,0.0,0.0054,0.0,2391
k2978,0.0,0.0,0.27639219,0.857082218,0.0645,0.333333333,0.0,0.0,0.00523,0.0,317
k930,0.0,0.0,0.42904016,0.699152978,0.0,0.0152,0.803532613,0.0,0.00501,0.025,2920
k1980,0.222222222,0.0,0.2298093,0.850913263,0.129032258,0.0909,0.0,0.0,0.00714,0.1,3109
k1410,0.111111111,0.25,0.25495532,0.850322451,0.0645,0.136363636,0.0,0.0,0.00498,0.125,1747
k1462,0.0,0.0,0.30990595,0.71794208,0.0,0.0758,0.0,0.0,0.00508,0.0,271
k1196,0.222222222,0.0,0.20761313,0.735215828,0.0,0.212121212,0.0,0.0,0.00403,0.0,1173
k717,0.111111111,0.0,0.20873922,0.716681168,0.0,0.242424242,0.0,0.0,0.00513,0.0,1829
k2615,0.0,0.0,0.20212434,0.690290721,0.0,0.0455,0.0,0.0,0.00712,0.0,16
k582,0.111111111,0.0,0.2876564,0.7681116,0.0645,0.212121212,0.0,0.0,0.00525,0.05,2930
k695,0.0,0.0,0.32458612,0.889761298,0.129032258,0.151515152,0.0,0.0,0.00317,0.1,2455
k3214,0.0,0.0,0.18994817,0.721166852,0.0,0.303030303,0.859789928,0.0,0.00949,0.1,3142
k2563,0.0,0.0,0.22304361,0.759505813,0.0,0.0758,0.877696201,0.0,0.00548,0.0,3267
k2517,0.0,0.0,0.14056475,0.734257596,0.0,0.0152,0.0,0.0,0.00394,0.0,2261
k1538,0.0,0.0,0.2055532,0.74325473,0.0,0.0758,0.0,0.0,0.00597,0.15,470
k2045,0.0,0.0,0.43192992,0.822448351,0.0,0.0303,0.0,0.0,0.00382,0.05,1721
k79,0.111111111,0.0,0.29451418,0.741661889,0.0,0.318181818,0.0,0.0,0.0063,0.05,1788
k535,0.0,0.0833,0.27031165,0.787378535,0.0,0.121212121,0.0,0.0,0.0135,0.025,20
k852,0.0,0.0,0.2722187,0.728451581,0.0323,0.318181818,0.0,0.0,0.00799,0.025,882
k3148,0.0,0.0,0.23776519,0.738661121,0.0323,0.0303,0.0,0.0,0.0363,0.1,2534
k1063,0.0,0.0,0.23007464,0.764955281,0.0645,0.0303,0.0,0.0,0.0352,0.1,3425
k2127,0.444444444,0.333333333,0.2344521,0.920511816,0.0645,0.287878788,0.0,0.0,0.00555,0.1,2925
k3033,0.333333333,0.0,0.20423234,0.797775747,0.0968,0.196969697,0.0,0.0,0.00889,0.075,3139
k1509,0.0,0.0,0.28859383,0.763772968,0.0,0.166666667,0.0,0.0,0.00458,0.0,1388
k3302,0.0,0.166666667,0.3598623,0.774750617,0.0323,0.0,0.739979023,0.0,0.00189,0.075,641
k1151,0.111111111,0.0,0.36669239,0.738648831,0.0,0.272727273,0.0,0.0,0.00475,0.025,2155
k1529,0.111111111,0.0,0.29916623,0.832035647,0.0645,0.0909,0.0,0.0,0.00597,0.0,3033
k1179,0.111111111,0.0,0.28714496,0.80898789,0.0645,0.212121212,0.0,0.0,0.00705,0.05,753
k1093,0.0,0.0,0.24688764,0.725869114,0.0,0.0758,0.0,0.0,0.00667,0.025,2072
k1601,0.0,0.0,0.46643451,0.676379265,0.0,0.0,0.0,0.0,0.0334,0.025,801
k2677,0.0,0.0,0.1472595,0.731329684,0.0,0.106060606,0.0,0.0,0.00929,0.0,1854
k1199,0.0,0.0,0.20664753,0.783002996,0.0,0.272727273,0.877863408,0.0,0.00691,0.0,1095
k2376,0.0,0.166666667,0.20561554,0.845985809,0.0,0.0606,0.0,0.0,0.00658,0.2,3306
k3211,0.0,0.0,0.22268167,0.732079876,0.0,0.151515152,0.879885084,0.0,0.00867,0.1,2383
k3152,0.111111111,0.0,0.12742963,0.763289468,0.0,0.227272727,0.912201499,0.0,0.0269,0.175,666
k3343,0.0,0.0,0.37220559,0.622746075,0.0,0.0,0.0,0.0,0.00749,0.05,3193
k1936,0.0,0.0,0.19858453,0.694991337,0.0323,0.136363636,0.0,0.0,0.0109,0.075,2238
k939,0.0,0.0,0.31449485,0.771812559,0.0323,0.106060606,0.946721997,0.0,0.00608,0.0,1657
k2079,0.0,0.0,0.32784906,0.72990208,0.0323,0.136363636,0.0,0.0,0.0122,0.025,274
k2691,0.0,0.416666667,0.32880956,0.953451118,0.0,0.121212121,0.0,0.0,0.00652,0.05,40
k1723,0.0,0.0,0.39216006,0.762885907,0.0,0.212121212,0.876419353,0.0,0.00338,0.0,1138
k26,0.0,0.0833,0.39005646,0.784344076,0.0,0.0152,0.0,0.0,0.0098,0.075,796
k1733,0.0,0.0,0.29832155,0.867552554,0.0,0.196969697,0.0,0.0,0.0222,0.0,1954
k2698,0.111111111,0.0,0.12753704,0.729490862,0.0,0.257575758,0.0,0.0,0.0127,0.05,3207
k3115,0.0,0.0,0.31656492,0.780721218,0.0,0.121212121,0.0,0.0,0.00522,0.025,1798
k1519,0.222222222,0.0,0.18954638,0.77017056,0.0,0.151515152,0.0,0.0,0.00604,0.0,720
k2731,0.0,0.0,0.16641457,0.794434588,0.0645,0.212121212,0.0,0.0,0.0177,0.2,1541
k2555,0.0,0.0,0.0922,0.741079729,0.0,0.0909,0.0,0.0,0.00475,0.0,2228
k461,0.0,0.0,0.24717216,0.700410636,0.0,0.0758,0.858224269,0.0,0.00432,0.05,766
k1002,0.0,0.0,0.15594104,0.740927393,0.0,0.0,0.790368918,0.0,0.00793,0.0,158
k1999,0.0,0.0,0.4311769,0.669325011,0.0,0.0,0.0,0.0,0.0158,0.0,2877
k3313,0.0,0.0,0.22488585,0.72404373,0.0,0.0,0.0,0.0,0.00909,0.1,3249
k3278,0.0,0.0,0.39693397,0.677284817,0.0,0.0,0.0,0.0,0.0135,0.125,3387
k3409,0.0,0.0,0.30884939,0.755160864,0.0323,0.0,0.0,0.0,0.0134,0.125,613
k2847,0.0,0.0,0.30280131,0.753093519,0.0,0.136363636,0.0,0.0,0.00495,0.075,360
k1011,0.666666667,0.0,0.2166796,0.806001365,0.0645,0.106060606,0.0,0.0,0.00725,0.05,2891
k2170,0.0,0.0,0.44898215,0.721325045,0.0,0.136363636,0.0,0.0,0.00338,0.0,1608
k2248,0.444444444,0.0,0.18976592,0.739886619,0.0,0.151515152,0.0,0.0,0.00604,0.0,996
k1605,0.111111111,0.0,0.32567868,0.735649136,0.0,0.272727273,0.0,0.0,0.00599,0.025,196
k150,0.0,0.0,0.11755705,0.756256309,0.0645,0.0455,0.79494429,0.684644874,0.0263,0.05,135
k2053,0.0,0.0,0.29545656,0.749725409,0.0,0.0303,0.0,0.0,0.00614,0.0,1852
k2218,0.222222222,0.166666667,0.16893132,0.817909642,0.0,0.136363636,0.0,0.0,0.0141,0.075,2755
k2668,0.111111111,0.0,0.29158938,0.759467107,0.0,0.121212121,0.0,0.0,0.0138,0.025,2612
k18,0.222222222,0.0833,0.16354851,0.785528304,0.0,0.303030303,0.0,0.0,0.0136,0.05,219
k1417,0.0,0.0,0.29805502,0.664254487,0.0,0.0909,0.825771049,0.0,0.00263,0.0,1633
k2404,0.0,0.0,0.20343883,0.709507426,0.0,0.0303,0.8803259,0.0,0.00459,0.05,519
k2298,0.0,0.0,0.36298549,0.732787648,0.0,0.196969697,0.922097071,0.0,0.00352,0.0,1058
k698,0.0,0.0,0.44963053,0.777702112,0.0645,0.0758,0.0,0.0,0.00666,0.05,890
k1481,0.0,0.0,0.3275815,0.763928328,0.0,0.227272727,0.0,0.0,0.00431,0.0,2094
k38,0.222222222,0.0,0.2419962,0.849431179,0.129032258,0.136363636,0.0,0.0,0.00487,0.1,3147
k3198,0.111111111,0.0,0.19883122,0.686708483,0.0,0.287878788,0.0,0.0,0.00897,0.0,763
k2592,0.0,0.0,0.44385749,0.681868932,0.0,0.0303,0.827990332,0.0,0.0032,0.0,1895
k1643,0.111111111,0.0,0.22710598,0.805464113,0.0,0.181818182,0.0,0.0,0.00783,0.075,2
k1832,0.0,0.0,0.39200646,0.762899881,0.0,0.166666667,0.879809081,0.0,0.00338,0.0,1325
k709,0.111111111,0.0,0.18090852,0.728803802,0.0,0.257575758,0.0,0.0,0.00861,0.0,3093
k2109,0.0,0.0,0.35805041,0.730491016,0.0323,0.121212121,0.0,0.0,0.00828,0.025,1540
k2292,0.0,0.333333333,0.14172629,0.817728363,0.0,0.0455,0.0,0.0,0.0253,0.225,2853
k1363,0.0,0.0,0.31758153,0.678721112,0.0,0.0606,0.0,0.0,0.00585,0.1,2380
k3178,0.111111111,0.0,0.35155025,0.860931876,0.0968,0.196969697,0.0,0.0,0.00615,0.0,1188
k1152,0.0,0.0,0.03,0.791493353,0.612903226,0.606060606,0.788544849,0.999938906,0.0808,0.65,320
k1872,0.0,0.0,0.34287834,0.774172745,0.0,0.242424242,0.0,0.0,0.00516,0.025,713
k605,0.0,0.0,0.44315839,0.693524223,0.0,0.0303,0.0,0.0,0.00613,0.025,1305
k2275,0.0,0.0,0.32701114,0.713630017,0.0,0.0606,0.847295058,0.0,0.00639,0.1,2621
k343,0.0,0.0833,0.18340038,0.955475506,0.322580645,0.257575758,0.0,0.0,0.0186,0.05,2887
k804,0.0,0.0,0.31193295,0.707196628,0.0,0.121212121,0.855260158,0.0,0.00687,0.0,1969
k1013,0.111111111,0.0,0.36601344,0.726429413,0.0,0.121212121,0.0,0.0,0.00586,0.0,2282
k1649,0.333333333,0.166666667,0.097,0.857395503,0.225806452,0.196969697,0.0,0.0,0.0231,0.325,2179
k1369,0.0,0.0,0.39818415,0.88946436,0.0645,0.212121212,0.0,0.0,0.00729,0.05,1670
k3184,0.0,0.0,0.3072708,0.726264176,0.0,0.121212121,0.0,0.0,0.00485,0.0,2296
k1480,0.0,0.0,0.39764258,0.68237881,0.0,0.0303,0.0,0.0,0.00752,0.0,3303
k2219,0.222222222,0.0,0.15794736,0.717007202,0.0,0.151515152,0.0,0.0,0.0144,0.15,463
k776,0.222222222,0.0,0.16403353,0.734883783,0.0,0.181818182,0.0,0.0,0.00953,0.05,2099
k978,0.444444444,0.0,0.15099557,0.732447641,0.0,0.136363636,0.0,0.0,0.00821,0.0,1848
k719,0.0,0.0,0.18863736,0.747058715,0.0323,0.257575758,0.0,0.0,0.0121,0.025,784
k663,0.0,0.0,0.20130497,0.723042236,0.0,0.0909,0.858999498,0.0,0.00513,0.0,235
k9,0.222222222,0.0,0.16595,0.713663516,0.0,0.303030303,0.0,0.0,0.016,0.15,3238
k1075,0.333333333,0.0,0.24719106,0.735003998,0.0,0.196969697,0.0,0.0,0.00662,0.0,254
k2730,0.0,0.0,0.54756057,0.728440058,0.0,0.0,0.0,0.0,0.00825,0.0,3265
k2341,0.222222222,0.0,0.1650148,0.735482482,0.0,0.181818182,0.0,0.0,0.0108,0.125,541
k3120,0.0,0.0,0.70258766,0.641433377,0.0,0.0,0.0,0.0,0.0029,0.025,2775
k269,0.0,0.0,0.16706575,0.78457034,0.0,0.0606,0.0,0.654201328,0.0152,0.15,3321
k2890,0.111111111,0.0,0.24901706,0.735518163,0.0,0.151515152,0.0,0.0,0.00559,0.05,883
k2069,0.111111111,0.0,0.36668599,0.738813495,0.0,0.227272727,0.0,0.0,0.00475,0.025,1524
k255,0.0,0.0,0.1,0.802397993,0.0,0.136363636,0.0,0.0,0.0037,0.0,1698
k55,0.0,0.0,0.24115928,0.803250789,0.0323,0.0,0.790824935,0.0,0.0162,0.0,549
k1926,0.0,0.0,0.54449284,0.676453193,0.0,0.0303,0.81596668,0.0,0.00423,0.0,2388
k2382,0.0,0.0,0.15737596,0.732929417,0.0323,0.0455,0.798866037,0.469540518,0.0154,0.0,722
k1758,0.0,0.0,0.42360565,0.676601968,0.0,0.121212121,0.0,0.0,0.00961,0.025,2766
k2119,0.0,0.0,0.17391975,0.808992217,0.0,0.181818182,0.0,0.0,0.00804,0.0,3218
k740,0.111111111,0.0,0.11698176,0.79250752,0.129032258,0.181818182,0.905802058,0.0,0.0122,0.125,1802
k2020,0.0,0.0,0.11492105,0.748959596,0.0,0.363636364,0.0,0.0,0.00406,0.0,879
k3232,0.333333333,0.166666667,0.0678,0.857629155,0.419354839,0.227272727,0.0,0.0,0.0378,0.55,92
k1046,0.0,0.0,0.21599598,0.743078467,0.0,0.0455,0.0,0.0,0.0111,0.125,152
k3035,0.0,0.0,1.0,0.784195186,0.0,0.0,0.0,0.0,0.00175,0.0,314
k1549,0.666666667,0.0,0.15481995,0.755824073,0.0,0.166666667,0.0,0.0,0.0095,0.15,2833
k3047,0.0,0.0,0.4105936,0.758146586,0.0,0.0606,0.0,0.0,0.00651,0.1,2038
k2104,0.0,0.0,0.40631771,0.7475403,0.0,0.0758,0.0,0.0,0.00816,0.025,2127
k295,0.0,0.0,0.15128784,0.729346375,0.0,0.0,0.0,0.0,0.00847,0.1,1523
k492,0.0,0.0,0.43380871,0.703013165,0.0323,0.0,0.0,0.0,0.0124,0.075,3116
k1725,0.0,0.0,0.30187491,0.693514384,0.0,0.181818182,0.845410187,0.0,0.0059,0.0,477
k3192,0.0,0.0,0.26149264,0.723447711,0.0,0.166666667,0.0,0.0,0.00575,0.0,809
k2217,0.0,0.0,0.33963293,0.727263678,0.0,0.257575758,0.0,0.0,0.00472,0.0,2052
k161,0.111111111,0.0,0.12796701,0.762093449,0.0,0.151515152,0.0,0.0,0.0245,0.075,54
k1854,0.0,0.0,0.26241487,0.712678523,0.0,0.181818182,0.0,0.0,0.00504,0.0,2801
k2618,0.111111111,0.0,0.30246624,0.758092259,0.0323,0.303030303,0.0,0.0,0.00757,0.1,3144
k1588,0.0,0.0,0.23898774,0.720608314,0.0,0.166666667,0.85557937,0.0,0.0045,0.0,2115
k1629,0.111111111,0.0,0.32677537,0.734255146,0.0,0.212121212,0.0,0.0,0.0041,0.025,698
k2560,0.222222222,0.0,0.18758905,0.707230128,0.0,0.151515152,0.816164288,0.0,0.00806,0.025,2362
k1097,0.0,0.166666667,0.18084028,0.867170203,0.0,0.439393939,0.0,0.0,0.0139,0.075,75
k3246,0.0,0.0,0.18690652,0.687440719,0.0,0.242424242,0.0,0.0,0.00572,0.0,1995
k356,0.0,0.0,0.27536672,0.745080536,0.0,0.0606,0.0,0.0,0.00846,0.0,592
k2619,0.0,0.0,0.34406561,0.682691788,0.0323,0.0,0.0,0.0,0.00826,0.1,2628
k1839,0.0,0.0,0.202503,0.721464057,0.0,0.181818182,0.0,0.0,0.00658,0.0,2902
k2312,0.0,0.0,0.50716627,0.710670291,0.0,0.0606,0.0,0.0,0.0066,0.05,776
k2091,0.0,0.0,0.35039073,0.762075646,0.0645,0.0,0.0,0.0,0.0639,0.0,2480
k2906,0.0,0.0,0.21107328,0.783027575,0.0,0.318181818,0.0,0.0,0.0158,0.0,2226
k838,0.111111111,0.0,0.1944613,0.804463079,0.0323,0.196969697,0.0,0.0,0.0153,0.1,3027
k2452,0.0,0.0,0.24702802,0.704865922,0.0323,0.166666667,0.849088726,0.0,0.00245,0.0,2711
k2739,0.0,0.0,0.53027785,0.710383958,0.0,0.0909,0.0,0.0,0.00591,0.0,138
k1309,0.0,0.0,0.25094652,0.766530473,0.0,0.151515152,0.0,0.0,0.0179,0.0,3073
k2537,0.0,0.0,0.3123543,0.854017744,0.0645,0.242424242,0.0,0.0,0.00413,0.0,265
k2001,0.222222222,0.0,0.26175207,0.742254309,0.0,0.166666667,0.0,0.0,0.00585,0.05,727
k280,0.111111111,0.0,0.27554995,0.800327777,0.0323,0.166666667,0.0,0.0,0.00571,0.075,2402
k1029,0.0,0.0,0.93995589,0.436923938,0.0,0.0,0.0,0.0,0.000533,0.025,899
k1165,0.0,0.0,0.60066092,0.672505143,0.0,0.0,0.0,0.0,0.0159,0.025,752
k2569,0.0,0.0,0.24448445,0.763115578,0.0,0.227272727,0.0,0.0,0.00466,0.0,2156
k3300,0.0,0.0,0.41191953,0.734160467,0.0,0.0606,0.0,0.0,0.00639,0.025,3133
k2162,0.0,0.0,0.17874835,0.785436382,0.0323,0.0303,0.0,0.0,0.015,0.05,2850
k141,0.0,0.0,0.39949453,0.7256904,0.0,0.0,0.0,0.0,0.0922,0.0,1437
k42,0.0,0.166666667,0.35577345,0.840366433,0.0,0.151515152,0.0,0.0,0.00459,0.05,3264
k563,0.0,0.0,0.32807052,0.714129481,0.0,0.0152,0.829206378,0.0,0.0044,0.0,1052
k1810,0.0,0.0,0.24300088,0.712982467,0.0323,0.0455,0.803350206,0.0929,0.00887,0.05,316
k2186,0.0,0.0,0.3949604,0.666058048,0.0,0.0152,0.0,0.0,0.0162,0.075,2862
k2738,0.0,0.0,0.34394306,0.739900057,0.0,0.0758,0.915545625,0.0,0.00424,0.0,1702
k1017,0.111111111,0.0,0.37048161,0.713178447,0.0,0.0606,0.0,0.0,0.0052,0.025,3299
k3391,0.111111111,0.0,0.37069306,0.714882774,0.0,0.0606,0.0,0.0,0.00735,0.025,2973
k1497,0.0,0.0,0.35838765,0.730770304,0.0,0.0,0.0,0.0,0.0111,0.0,177
k2240,0.222222222,0.0,0.16825856,0.717377072,0.0,0.181818182,0.0,0.0,0.0169,0.1,1943
k1188,0.0,0.0,0.18588601,0.703160293,0.0,0.151515152,0.0,0.0,0.00944,0.0,1308
k270,0.0,0.166666667,0.21152596,0.759997238,0.0,0.0,0.808716008,0.0,0.00859,0.0,1552
k31,0.0,0.0,0.31038645,0.756100489,0.0,0.212121212,0.0,0.0,0.00668,0.1,2943
k519,0.0,0.0,0.54185271,0.69548636,0.0,0.0303,0.0,0.0,0.00494,0.05,2966
k2017,0.0,0.0,0.22073208,0.727843656,0.0,0.0152,0.814644231,0.0,0.00616,0.0,0
k1572,0.0,0.0,0.0968,0.725949168,0.0,0.378787879,0.916670467,0.0,0.0236,0.025,1090
k2306,0.111111111,0.0,0.21144485,0.690941985,0.0,0.0606,0.0,0.0,0.0062,0.025,2153
k1484,0.0,0.0,0.2575992,0.795078386,0.0323,0.121212121,0.0,0.0,0.00756,0.0,2859
k1118,0.0,0.0,0.26283556,0.774303832,0.0,0.545454545,0.912049493,0.0,0.0101,0.0,1013
k377,0.0,0.0,0.188759,0.820605164,0.0,0.0303,0.0,0.0,0.0109,0.1,1292
k257,0.222222222,0.0,0.35943949,0.749402935,0.0,0.272727273,0.0,0.0,0.00559,0.025,31
k2895,0.0,0.0,0.15464936,0.761686787,0.0,0.136363636,0.0,0.0,0.00639,0.0,1504
k2044,0.222222222,0.0,0.16386501,0.7362754,0.0,0.0606,0.0,0.0,0.0112,0.025,3357
k1025,0.111111111,0.0,0.30465418,0.770327834,0.0645,0.212121212,0.0,0.0,0.00535,0.05,797
k505,0.222222222,0.0833,0.16212425,0.745907527,0.0,0.348484848,0.0,0.0,0.0105,0.025,2133
k1934,0.0,0.0,0.25458059,0.708432617,0.0323,0.0152,0.0,0.0,0.0226,0.1,267
k2611,0.0,0.0,0.34347084,0.755779164,0.0,0.212121212,0.0,0.0,0.00369,0.0,1978
k2475,0.0,0.0,0.67789429,0.595621401,0.0,0.0,0.0,0.0,0.017,0.025,47
k470,0.222222222,0.0,0.13278247,0.861460207,0.0,0.166666667,0.0,0.0,0.00875,0.05,3416
k1332,0.0,0.0,0.19363897,0.750772576,0.0,0.0606,0.0,0.0,0.0201,0.15,625
k169,0.0,0.0833,0.33647552,0.75243345,0.0,0.0,0.0,0.0,0.0134,0.025,709
k3102,0.444444444,0.0,0.13864221,0.71141183,0.0,0.545454545,0.0,0.134775663,0.0118,0.0,2517
k2722,0.0,0.333333333,0.14627366,0.941612902,0.193548387,0.181818182,0.0,0.0,0.0128,0.225,1937
k81,0.444444444,0.0,0.27468938,0.804608025,0.0645,0.196969697,0.0,0.0,0.00579,0.05,333
k2204,0.0,0.0,0.14348599,0.767478674,0.0,0.0455,0.792451396,0.0,0.0089,0.15,1580
k1515,0.111111111,0.0,0.21137093,0.756009946,0.0,0.196969697,0.0,0.0,0.00553,0.05,662
k753,0.0,0.0,0.289395,0.677827467,0.0,0.0,0.0,0.0,0.0111,0.025,1925
k2647,0.111111111,0.0,0.33284399,0.713469527,0.0323,0.0909,0.0,0.0,0.0109,0.025,3012
k1230,0.0,0.0,0.5,0.739224215,0.0,0.0,0.0,0.0,0.00491,0.0,59
k284,0.111111111,0.0,0.17641157,0.732106063,0.0,0.0758,0.0,0.0,0.00952,0.05,50
k2105,0.0,0.0,0.23496306,0.772978104,0.0323,0.106060606,0.935336769,0.0,0.00587,0.0,204
k2501,0.111111111,0.0,0.22617953,0.694950104,0.0,0.181818182,0.0,0.0,0.00982,0.05,3199
k2445,0.0,0.0,0.29613474,0.691411243,0.0,0.0152,0.817714746,0.0,0.00913,0.0,1979
k3072,0.0,0.0,0.22439042,0.753571812,0.0,0.212121212,0.913812759,0.0,0.0185,0.0,1005
k230,0.0,0.0,0.43777004,0.72643707,0.0323,0.121212121,0.86570295,0.0,0.00623,0.0,2643
k2612,0.0,0.0,0.65345734,0.665970912,0.0,0.0,0.0,0.0,0.00516,0.025,1841
k3174,0.0,0.0,0.1389163,0.788653382,0.0,0.0,0.0,0.0,0.0153,0.0,734
k1185,0.0,0.0,0.16973865,0.754669784,0.0,0.0758,0.80265098,0.627852027,0.0152,0.05,1626
k1829,0.0,0.0,0.30080426,0.686164762,0.0,0.0303,0.0,0.0,0.00706,0.05,664
k802,0.111111111,0.0,0.21503563,0.73197153,0.0,0.242424242,0.0,0.0,0.0089,0.025,2591
k138,0.111111111,0.0,0.36421537,0.708537671,0.0,0.242424242,0.0,0.0,0.00459,0.1,1600
k2088,0.111111111,0.0,0.12971976,0.733357136,0.0,0.287878788,0.0,0.0,0.0198,0.025,2053
k597,0.0,0.0,0.21583037,0.679284742,0.0,0.0,0.0,0.0,0.0113,0.025,955
k2912,0.0,0.0,0.74361569,0.683700594,0.0,0.0,0.0,0.0,0.0211,0.025,186
k3353,0.0,0.0,0.29420558,0.742835932,0.0,0.0758,0.904221199,0.0,0.00511,0.0,2123
k69,0.444444444,0.0833,0.14299668,0.788602923,0.0,0.303030303,0.0,0.0,0.015,0.0,3291
k118,0.0,0.0,0.32036498,0.736040254,0.0,0.287878788,0.0,0.0,0.00599,0.025,1701
k3193,0.111111111,0.0,0.21925513,0.702551756,0.0,0.287878788,0.0,0.0,0.01,0.025,3077
k299,0.0,0.0,0.52095926,0.742643589,0.0,0.0,0.0,0.0,0.00747,0.0,2286
k2274,0.0,0.166666667,0.53055286,0.840196678,0.0323,0.151515152,0.0,0.0,0.0049,0.05,694
k3038,0.222222222,0.0,0.1669255,0.810859025,0.0,0.196969697,0.0,0.0,0.011,0.25,1951
k1147,0.333333333,0.0,0.20352522,0.699853745,0.0,0.212121212,0.0,0.0,0.00868,0.025,2476
k1988,0.0,0.0,0.29836908,0.739701627,0.0,0.212121212,0.0,0.0,0.00365,0.0,1734
k2430,0.0,0.0,0.35683769,0.699376524,0.0,0.0,0.0,0.0,0.00808,0.025,895
k868,0.111111111,0.0,0.1697872,0.806929964,0.0,0.212121212,0.0,0.0,0.00683,0.225,412
k1955,0.0,0.333333333,0.35230571,0.928306461,0.0645,0.166666667,0.0,0.0,0.00375,0.05,570
k2571,0.222222222,0.0,0.23212676,0.778861071,0.0,0.242424242,0.0,0.0,0.00603,0.0,2283
k209,0.222222222,0.0,0.25656503,0.699626907,0.0,0.0758,0.0,0.0,0.00437,0.05,3209
k2892,0.0,0.0,0.0812,0.775424009,0.0,0.242424242,0.0,0.0,0.00447,0.0,1646
k190,0.0,0.0,0.22914717,0.73753612,0.0,0.0455,0.0,0.0,0.00594,0.1,2085
k2533,0.0,0.0,0.21016899,0.72910786,0.0,0.227272727,0.0,0.0,0.00569,0.1,768
k1355,0.0,0.0,0.24558941,0.712760759,0.0323,0.0455,0.0,0.0,0.00887,0.075,683
k3074,0.111111111,0.166666667,0.0994,0.836582319,0.193548387,0.136363636,0.914253576,0.0,0.0195,0.325,2019
k1190,0.222222222,0.0,0.29385006,0.767840428,0.0,0.166666667,0.0,0.0,0.00519,0.025,871
k2862,0.111111111,0.0833,0.16223772,0.7451983,0.0,0.303030303,0.0,0.0,0.0105,0.025,1277
k2707,0.111111111,0.0,0.35125417,0.728423557,0.0,0.212121212,0.0,0.0,0.0041,0.025,2189
k246,0.0,0.0,0.2529723,0.740115027,0.0323,0.181818182,0.0,0.0,0.0098,0.025,529
k3040,0.0,0.0,0.20931612,0.689763194,0.0,0.0,0.0,0.0,0.0124,0.125,1604
k2191,0.0,0.0,0.71812648,0.590346513,0.0,0.0,0.0,0.0,0.0146,0.025,2401
k2789,0.111111111,0.0,0.19222945,0.705571321,0.0,0.242424242,0.0,0.0,0.0109,0.0,2763
k2438,0.222222222,0.0,0.16309428,0.770760759,0.0,0.0909,0.0,0.0,0.0128,0.125,2983
k3101,0.0,0.166666667,0.26968485,0.778543498,0.0323,0.181818182,0.0,0.0,0.00595,0.075,667
k2806,0.0,0.0,0.18667576,0.696723995,0.0,0.106060606,0.0,0.0,0.00905,0.075,1634
k600,0.888888889,0.0,0.1324643,0.760416572,0.0,0.181818182,0.0,0.0,0.0107,0.15,1898
k2315,0.0,0.0,0.12855637,0.770315889,0.0,0.212121212,0.0,0.0,0.00632,0.0,149
k308,0.0,0.0,0.20214173,0.736691901,0.0,0.121212121,0.0,0.0,0.0147,0.05,2545
k3393,0.0,0.0,0.24693954,0.742108635,0.0323,0.166666667,0.0,0.0,0.00414,0.0,867
k2319,0.0,0.166666667,0.26997811,0.761456695,0.0,0.0152,0.0,0.0,0.013,0.025,1971
k2126,0.0,0.0,0.28866348,0.817418907,0.0,0.0303,0.0,0.0,0.015,0.0,1674
k953,0.0,0.0,0.29703701,0.679773525,0.0,0.0455,0.0,0.0,0.0254,0.025,3326
k3139,0.0,0.0,0.30211011,0.742221881,0.0,0.0758,0.0,0.0,0.00549,0.0,3194
k899,0.555555556,0.0,0.21203622,0.729832899,0.0,0.121212121,0.0,0.0,0.00578,0.075,1443
k2041,0.0,0.0,0.36046484,0.728330716,0.0,0.333333333,0.0,0.0,0.00505,0.025,1963
k3001,0.0,0.0,0.24005194,0.782109312,0.0,0.0303,0.0,0.0,0.0091,0.1,2650
k2177,0.0,0.0,0.45569703,0.772543264,0.0,0.0303,0.0,0.0,0.00667,0.1,3298
k450,0.444444444,0.0,0.29282102,0.718489477,0.0,0.106060606,0.0,0.0,0.00484,0.0,1068
k3162,0.0,0.0,0.36310509,0.868012891,0.0,0.242424242,0.0,0.0,0.00427,0.05,2432
k1473,0.0,0.0,0.18766257,0.750231841,0.0323,0.0909,0.0,0.0,0.00915,0.0,1545
k2816,0.0,0.0,0.46965238,0.839189786,0.0,0.106060606,0.0,0.0,0.00712,0.0,2265
k3426,0.0,0.0,0.37462363,0.590491191,0.0,0.0,0.0,0.0,0.00499,0.075,1778
k2180,0.0,0.0,0.32204369,0.771816503,0.0323,0.106060606,0.952467813,0.0,0.00701,0.0,961
k3195,0.0,0.0,0.29932752,0.725235767,0.0,0.0909,0.85583778,0.0,0.00907,0.0,1932
k2840,0.0,0.0,0.22710869,0.683714913,0.0,0.242424242,0.0,0.0,0.00683,0.0,1495
k3164,0.0,0.0,0.29882398,0.704393181,0.0,0.0152,0.78883366,0.0,0.0044,0.025,2079
k3098,0.0,0.0,0.32415998,0.659050999,0.0,0.0303,0.0,0.0,0.00956,0.05,926
k2832,0.111111111,0.0,0.22668107,0.694520893,0.0,0.106060606,0.0,0.0,0.0131,0.025,892
k2782,0.0,0.0,0.22917649,0.716153219,0.0,0.0303,0.888640613,0.0,0.00592,0.1,297
k1081,0.0,0.0,0.3646937,0.727093158,0.0,0.0455,0.888640613,0.0,0.00473,0.0,3214
k2290,0.0,0.0,0.42395291,0.720371178,0.0,0.0455,0.839542767,0.0,0.0048,0.05,39
k940,0.0,0.0,0.25545254,0.698912281,0.0,0.0,0.0,0.0,0.0135,0.05,2191
k1840,0.0,0.0,0.15285814,0.734196608,0.0,0.212121212,0.0,0.0,0.0103,0.025,782
k2222,0.0,0.0,0.125,0.590760908,0.0,0.0,0.0,0.0,0.00742,0.0,1628
k735,0.0,0.0833,0.17917679,0.734954955,0.0,0.151515152,0.0,0.0,0.0138,0.025,1673
k2362,0.0,0.0,0.0812,0.737317973,0.0,0.303030303,0.0,0.0,0.00421,0.0,2028
k1888,0.111111111,0.0,0.24684301,0.724300162,0.0,0.0758,0.0,0.0,0.0159,0.075,1127
k1064,0.0,0.0,0.22526005,0.689283906,0.0,0.181818182,0.0,0.0,0.00883,0.025,1313
k1485,0.222222222,0.0,0.22692941,0.794668738,0.0,0.181818182,0.0,0.0,0.0262,0.075,1690
k309,0.0,0.0,0.36758032,0.707313742,0.0,0.212121212,0.851961634,0.0,0.00439,0.0,2868
k1637,0.0,0.0,0.36754158,0.719445258,0.0,0.0303,0.0,0.0,0.00646,0.0,2004
k625,0.0,0.0,0.7361232,0.732393506,0.0,0.0,0.0,0.0,0.0277,0.025,551
k559,0.0,0.0,0.49745926,0.667319075,0.0,0.0455,0.0,0.0,0.00336,0.0,2554
k57,0.444444444,0.0,0.17288566,0.748253738,0.0,0.151515152,0.0,0.0,0.00698,0.0,2466
k2911,0.111111111,0.0,0.34752426,0.804002665,0.0,0.348484848,0.0,0.0,0.00549,0.05,2325
k1954,0.0,0.0,0.36187872,0.71000088,0.0,0.0606,0.0,0.0,0.00735,0.05,3378
k1975,0.0,0.0,0.45426959,0.709148965,0.0,0.0303,0.0,0.0,0.00505,0.0,3372
k442,0.0,0.0,0.20047492,0.732173062,0.0,0.0455,0.0,0.0,0.0076,0.0,2441
k1607,0.0,0.0,0.23340665,0.728386574,0.0,0.106060606,0.876875371,0.0,0.00755,0.0,2807
k2844,0.0,0.0,0.43767267,0.704271435,0.0,0.166666667,0.0,0.0,0.00314,0.0,283
k2386,0.0,0.0,0.31919372,0.696096009,0.0,0.181818182,0.852736863,0.0,0.00615,0.0,1775
k1565,0.0,0.0,0.0795,0.767628483,0.0,0.242424242,0.0,0.0,0.00475,0.0,2176
k557,0.0,0.0,0.32107887,0.713492728,0.0,0.0152,0.826835089,0.0,0.0044,0.0,785
k3003,0.0,0.0,0.22349747,0.69808797,0.0,0.121212121,0.0,0.0,0.00822,0.0,569
k1260,0.111111111,0.0,0.23369519,0.820975303,0.0323,0.136363636,0.0,0.0,0.0173,0.025,1386
k2005,0.0,0.0,0.72599977,0.650903329,0.0,0.0,0.744189582,0.0,0.0266,0.0,2578
k2165,0.222222222,0.0,0.16150856,0.811203512,0.0645,0.287878788,0.0,0.0,0.00833,0.3,475
k2372,0.0,0.0,0.31855679,0.718942578,0.0,0.0152,0.826835089,0.0,0.0044,0.0,2354
k1740,0.0,0.25,0.11300078,0.808263426,0.0968,0.136363636,0.0,0.0,0.0228,0.25,2934
k1992,0.0,0.0,0.19312191,0.75198613,0.0,0.227272727,0.0,0.0,0.00988,0.025,2378
k3024,0.0,0.0,0.23073699,0.700362512,0.0,0.151515152,0.799124447,0.0,0.0068,0.0,3172
k1916,0.0,0.0,0.32081437,0.76637094,0.0,0.0152,0.0,0.0,0.0061,0.0,3366
k1974,0.0,0.0,0.2763823,0.732888874,0.0323,0.0,0.789487285,0.0,0.0307,0.0,2793
k3161,0.0,0.0,0.19604573,0.730466629,0.0,0.0455,0.0,0.0,0.0066,0.125,2788
k3351,0.0,0.0,0.25882009,0.707549691,0.0,0.121212121,0.0,0.0,0.00515,0.025,914
k465,0.0,0.0,0.23064472,0.759800645,0.0,0.0152,0.715931719,0.0,0.0105,0.025,1641
k3077,0.0,0.0,0.26445523,0.784918847,0.0323,0.121212121,1.0,0.0,0.00648,0.0,2290
k2871,0.111111111,0.25,0.28721443,0.85356537,0.0645,0.181818182,0.0,0.0,0.00499,0.15,576
k1595,0.0,0.0833,0.29134694,0.894695145,0.0,0.0606,0.0,0.0,0.0111,0.025,3288
k845,0.0,0.0,0.43894866,0.631757911,0.0,0.0,0.0,0.0,0.0226,0.0,2107
k1048,0.0,0.0,0.27004114,0.80078264,0.0323,0.227272727,0.0,0.0,0.00585,0.0,3290
k1041,0.0,0.0,0.26282138,0.784929145,0.0,0.0455,0.0,0.0,0.0247,0.075,1530
k1460,0.0,0.0,0.29416394,0.686693514,0.0,0.0909,0.0,0.0,0.00664,0.025,157
k2952,0.0,0.0,0.24509966,0.531346397,0.0,0.0152,0.0,0.0,0.00278,0.05,642
k3111,0.0,0.0,0.32424662,0.777854562,0.0,0.257575758,0.0,0.0,0.00613,0.025,3149
k733,0.222222222,0.25,0.1399641,0.943998278,0.0,0.545454545,0.0,0.0,0.0293,0.1,2942
k1107,0.0,0.0,0.22085992,0.573048109,0.0,0.0,0.0,0.0,0.00884,0.075,3176
k2135,0.0,0.0,0.30110967,0.705199613,0.0,0.0,0.0,0.0,0.00758,0.05,2039
k1956,0.0,0.0,0.27230626,0.728400816,0.0323,0.287878788,0.0,0.0,0.00799,0.025,1393
k174,0.0,0.0,0.45605448,0.850643929,0.0,0.0909,0.0,0.0,0.00627,0.0,1111
k1281,0.0,0.0,0.20545827,0.746052588,0.0323,0.181818182,0.0,0.0,0.035,0.1,256
k3176,0.0,0.0,0.33958969,0.704425417,0.0,0.0152,0.0,0.0,0.0127,0.0,1334
k3023,0.0,0.0,0.20395496,0.785429375,0.0,0.287878788,0.0,0.0,0.00913,0.075,1226
k1396,0.0,0.0,0.0702,0.744047648,0.0,0.303030303,0.0,0.0,0.00517,0.0,3316
k3191,0.0,0.0,0.23761699,0.735095269,0.0323,0.166666667,0.0,0.0,0.00492,0.0,2960
k1150,0.111111111,0.0,0.42901641,0.724812222,0.0,0.227272727,0.0,0.0,0.00469,0.0,3431
k2966,0.0,0.0,0.41470402,0.71126451,0.0,0.0303,0.0,0.0,0.0122,0.075,436
k1436,0.0,0.0,0.35482368,0.844520877,0.0,0.0455,0.0,0.0,0.0373,0.0,693
k162,0.111111111,0.0,0.20386901,0.853003195,0.129032258,0.257575758,0.0,0.0,0.00701,0.1,1257
k364,0.222222222,0.0,0.17077564,0.714914742,0.0,0.151515152,0.0,0.0,0.0109,0.1,1682
k2696,0.0,0.0,0.1749043,0.705198541,0.0,0.166666667,0.0,0.0,0.0101,0.05,1330
k2590,0.0,0.25,0.21169072,0.845009392,0.0,0.0909,0.0,0.0,0.00583,0.2,2070
k2114,0.0,0.0,0.20737788,0.813854509,0.0323,0.181818182,0.0,0.0,0.0383,0.1,286
k1763,0.0,0.0833,0.15385653,0.817710714,0.0,0.242424242,0.0,0.0,0.0151,0.2,759
k1960,0.0,0.0833,0.28787041,0.78456452,0.0323,0.0152,0.816437898,0.0,0.0127,0.075,1791
k1665,0.0,0.0,0.27254915,0.713431204,0.0,0.196969697,0.867952635,0.0,0.008,0.05,1516
k2470,0.111111111,0.0,0.31246671,0.857681376,0.0,0.257575758,0.0,0.0,0.00427,0.0,1669
k0,0.0,0.0,0.36076102,0.693702133,0.0,0.0152,0.0,0.0,0.00904,0.0,2789
k1301,0.0,0.0,0.22385262,0.730953421,0.0,0.0606,0.891711128,0.0,0.00462,0.0,1112
k1535,0.111111111,0.0,0.21986252,0.716487293,0.0,0.181818182,0.0,0.0,0.0109,0.025,69
k1324,0.0,0.0,0.29233742,0.749432146,0.0,0.333333333,0.884414854,0.0,0.00815,0.0,1916
k1407,0.111111111,0.0,0.0964,0.730189982,0.0,0.212121212,0.0,0.0,0.0161,0.05,1341
k906,0.0,0.0,0.22062756,0.763864622,0.0,0.0303,0.0,0.0,0.00725,0.15,1869
k903,0.222222222,0.0,0.24540769,0.788830756,0.0323,0.257575758,0.0,0.0,0.00795,0.05,2886
k1211,0.0,0.0,0.29351839,0.727276351,0.0,0.0303,0.806314317,0.0,0.00717,0.05,411
k1454,0.111111111,0.0,0.20589447,0.707437211,0.0,0.0455,0.0,0.0,0.00919,0.0,496
k981,0.0,0.0,0.24000964,0.754918329,0.0,0.121212121,0.0,0.0,0.00816,0.125,2572
k1192,0.222222222,0.0,0.30586669,0.788230947,0.0323,0.257575758,0.0,0.0,0.00686,0.025,2742
k1469,0.444444444,0.0,0.28822586,0.74292035,0.0,0.136363636,0.0,0.0,0.00519,0.025,3398
k2207,0.0,0.0,0.20410481,0.745216906,0.0,0.0758,0.0,0.0,0.00816,0.15,1559
k1793,0.0,0.0,0.22421363,0.722429295,0.0,0.0909,0.885782905,0.0,0.0056,0.025,2559
k2266,0.0,0.0,0.35832828,0.725294803,0.0,0.151515152,0.857737851,0.0,0.00508,0.0,3276
k1168,0.111111111,0.0,0.15139934,0.802012043,0.0,0.136363636,0.0,0.0,0.00746,0.225,1996
k2552,0.0,0.0,0.0796,0.745455804,0.0,0.196969697,0.0,0.0,0.00475,0.0,3117
k187,0.0,0.0,0.28820112,0.733374287,0.0,0.0303,0.860990773,0.0,0.0149,0.0,2426
k2921,0.0,0.0,0.13249682,0.67334071,0.0,0.151515152,0.0,0.0,0.0123,0.125,1280
k2458,0.0,0.0,0.2368097,0.718807126,0.0323,0.0,0.799398057,0.320120893,0.0535,0.0,209
k3294,0.0,0.0,0.16579163,0.81111917,0.0,0.5,0.0,0.0,0.0246,0.05,363
k2280,0.0,0.0,0.32807302,0.758638393,0.0,0.151515152,0.0,0.0,0.00391,0.0,242
k2066,0.0,0.0,0.26972744,0.906224249,0.0645,0.181818182,0.0,0.0,0.00713,0.0,2292
k2544,0.0,0.0,0.60731769,0.776250771,0.0,0.106060606,0.0,0.0,0.00136,0.05,1630
k2435,0.0,0.0,0.17318158,0.715799237,0.0,0.0455,0.0,0.0,0.00695,0.1,49
k2867,0.0,0.0,0.24655041,0.723326654,0.0,0.151515152,0.0,0.0,0.00485,0.025,586
k2999,0.111111111,0.0,0.11310744,0.858934248,0.0,0.257575758,0.0,0.0,0.0414,0.05,2128
k2446,0.0,0.0833,0.42944402,0.782700698,0.0,0.0,0.0,0.0,0.00564,0.025,302
k1261,0.0,0.0,0.44948387,0.683496881,0.0,0.166666667,0.0,0.0,0.0043,0.0,783
k2706,0.0,0.0,0.66293514,0.543207699,0.0,0.0,0.0,0.0,0.00349,0.025,1837
k2112,0.0,0.0833,0.26652306,0.699288162,0.0,0.0303,0.821210878,0.0,0.0129,0.0,2164
k1995,0.111111111,0.0,0.24358416,0.803643094,0.0,0.257575758,0.0,0.0,0.00767,0.075,2222
k765,0.222222222,0.0,0.26216862,0.718903336,0.0,0.242424242,0.0,0.0,0.00501,0.0,2876
k2401,0.0,0.0,0.45529336,0.556471605,0.0,0.0,0.0,0.0,0.00183,0.0,423
k363,0.0,0.0,0.42740029,0.636974721,0.0,0.0,0.718835028,0.0,0.0138,0.025,1689
k554,0.111111111,0.0,0.20320483,0.715491083,0.0,0.121212121,0.0,0.0,0.0093,0.025,1850
k1860,0.222222222,0.0,0.15573697,0.793118546,0.0,0.287878788,0.0,0.0,0.0167,0.1,2489
k3369,0.0,0.0,0.1850179,0.745996616,0.0,0.181818182,0.0,0.0,0.0188,0.1,1116
k466,0.111111111,0.0,0.31768778,0.741557869,0.0,0.166666667,0.0,0.0,0.00467,0.05,2289
k816,0.111111111,0.0,0.14133538,0.861505766,0.0,0.212121212,0.0,0.0,0.00892,0.05,359
k1245,0.0,0.0,0.31918439,0.714988747,0.0,0.0152,0.812683357,0.0,0.0044,0.0,2625
k706,0.222222222,0.0,0.34724745,0.805536127,0.0,0.303030303,0.0,0.0,0.00549,0.05,281
k1174,0.222222222,0.0,0.11000191,0.820715693,0.0,0.424242424,0.0,0.0,0.0218,0.3,1752
k2408,0.0,0.0,0.26067781,0.697022923,0.0,0.0152,0.807834375,0.0,0.0039,0.0,1336
k2661,0.0,0.0,0.51328278,0.675700972,0.0,0.0152,0.0,0.0,0.00823,0.025,214
k1186,0.0,0.0,0.28672606,0.704011825,0.0323,0.0,0.784334291,0.0,0.0259,0.0,3003
k2745,0.111111111,0.0,0.28087151,0.736033516,0.0,0.0909,0.0,0.0,0.00561,0.1,2103
k1795,0.0,0.0,0.22341023,0.697649111,0.0,0.212121212,0.0,0.0,0.00756,0.0,2651
k3097,0.111111111,0.0,0.24102233,0.772244949,0.0,0.227272727,0.939608129,0.0,0.00648,0.05,2319
k2032,0.0,0.0,0.65755469,0.673031177,0.0,0.0,0.0,0.0,0.0289,0.025,2798
k3044,0.0,0.0,0.22890043,0.759088853,0.0,0.0758,0.0,0.0,0.00976,0.1,1477
k3307,0.0,0.0,0.16552165,0.737688571,0.0,0.0455,0.837110675,0.0,0.00929,0.0,1142
k215,0.0,0.0,0.378618,0.708769524,0.0,0.0152,0.0,0.0,0.0167,0.125,2219
k2481,0.0,0.0,0.35291395,0.694634905,0.0,0.0152,0.0,0.0,0.00904,0.0,1079
k440,0.111111111,0.0,0.30092034,0.696097999,0.0,0.212121212,0.85345129,0.0,0.00301,0.0,1293
k1848,0.0,0.0,0.30663493,0.756260022,0.0323,0.272727273,0.0,0.0,0.00757,0.1,474
k941,0.0,0.25,0.12791094,0.943989856,0.0,0.545454545,0.0,0.0,0.0311,0.15,754
k2491,0.0,0.0,0.0795,0.726993234,0.0,0.227272727,0.0,0.0,0.00505,0.0,1602
k1221,0.0,0.25,0.28381044,0.783580063,0.0,0.196969697,0.0,0.0,0.0161,0.025,1010
k2506,0.0,0.0,0.27063435,0.705904591,0.0,0.196969697,0.0,0.0,0.00991,0.05,434
k2742,0.0,0.0,0.18742414,0.777459309,0.0,0.0152,0.72500646,0.0,0.0134,0.025,660
k1841,0.0,0.166666667,0.12533379,0.740836314,0.0,0.181818182,0.901211486,0.548573607,0.0245,0.075,3320
k708,0.111111111,0.0,0.26137215,0.781161838,0.0645,0.272727273,0.0,0.0,0.00634,0.075,478
k1744,0.0,0.0,0.23299669,0.830387905,0.0,0.136363636,0.0,0.0,0.0214,0.1,2603
k2819,0.222222222,0.0,0.23587427,0.850114487,0.129032258,0.242424242,0.0,0.0,0.00589,0.1,2821
k751,0.0,0.0,0.42281204,0.620631257,0.0,0.0,0.0,0.0,0.0159,0.0,1241
k170,0.0,0.0,0.4591068,0.626005916,0.0,0.0455,0.791934577,0.0,0.00291,0.0,1162
k2314,0.0,0.0,0.16263166,0.690040798,0.0,0.121212121,0.0,0.0,0.00856,0.1,2620
k622,0.0,0.0,0.37969244,0.691315033,0.0,0.0152,0.821606092,0.0,0.00435,0.0,2348
k1294,0.222222222,0.0,0.19054502,0.73259787,0.0,0.0909,0.0,0.0,0.0164,0.05,1307
k511,0.666666667,0.0,0.15926833,0.755400183,0.0,0.136363636,0.0,0.0,0.00837,0.125,89
k3297,0.0,0.0,0.17427512,0.78851659,0.0323,0.227272727,0.0,0.0,0.0131,0.0,1131
k3331,0.0,0.0,0.14517254,0.751902592,0.0,0.272727273,0.0,0.0,0.00648,0.0,2412
k1734,0.0,0.0,0.45324576,0.679973793,0.0,0.0,0.0,0.0,0.0129,0.025,1649
k1850,0.0,0.0,0.32323962,0.725698172,0.0323,0.212121212,0.0,0.0,0.00913,0.025,1265
k2781,0.0,0.0,0.33145422,0.708120519,0.0323,0.0152,0.0,0.0,0.0104,0.1,2874
k514,0.0,0.0,0.22034006,0.702817184,0.0,0.0455,0.0,0.0,0.00629,0.0,130
k2960,0.0,0.0,0.24923822,0.833502761,0.0645,0.0606,0.0,0.0,0.00992,0.2,1785
k3364,0.0,0.0,0.48699334,0.704890004,0.0323,0.0,0.0,0.0,0.00778,0.05,2713
k1905,0.222222222,0.0,0.25426564,0.776429676,0.0645,0.227272727,0.0,0.0,0.00712,0.05,2605
k1310,0.333333333,0.0,0.11985862,0.702006273,0.0,0.348484848,0.0,0.0,0.01,0.0,2804
k3138,0.0,0.0,0.40963295,0.683442746,0.0,0.0,0.0,0.0,0.0367,0.025,560
k763,0.0,0.0,0.31194538,0.676192588,0.0,0.0909,0.0,0.0,0.0101,0.0,1453
k1913,0.444444444,0.0,0.15115318,0.733074096,0.0,0.121212121,0.0,0.0,0.00821,0.0,1342
k3386,0.0,0.0,0.11269436,0.726435883,0.0,0.287878788,0.0,0.0,0.00601,0.0,1683
k10,0.0,0.0,0.25452551,0.89034786,0.0645,0.181818182,0.0,0.0,0.00807,0.05,507
k3254,0.111111111,0.0,0.20642994,0.702553287,0.0,0.151515152,0.0,0.0,0.0113,0.075,2077
k669,0.0,0.0,0.21292378,0.653347397,0.0,0.0909,0.0,0.0,0.00563,0.025,2794
k2580,0.0,0.0,0.27482533,0.793878539,0.0323,0.287878788,0.0,0.0,0.00436,0.0,2577
k980,0.0,0.0,0.32529587,0.698850145,0.0,0.121212121,0.853025674,0.0,0.00848,0.0,978
k2951,0.111111111,0.0,0.20184129,0.853834283,0.129032258,0.257575758,0.0,0.0,0.00701,0.1,1157
k311,0.222222222,0.0,0.23832348,0.726571258,0.0,0.333333333,0.0,0.0,0.00898,0.075,909
k135,0.111111111,0.0,0.41181663,0.72273657,0.0,0.196969697,0.0,0.0,0.00412,0.025,817
k2697,0.0,0.0,0.33376223,0.704711481,0.0,0.0,0.0,0.0,0.0127,0.0,2492
k1963,0.222222222,0.0,0.29928103,0.774900042,0.0,0.196969697,0.0,0.0,0.00415,0.0,2878
k2705,0.0,0.0,0.32519367,0.725174397,0.0323,0.0,0.0,0.0,0.0207,0.1,2203
k180,0.0,0.0,0.48241654,0.57295657,0.0,0.0,0.0,0.0,0.00968,0.0,3122
k2881,0.0,0.0,0.20162773,0.902817815,0.0,0.0606,0.0,0.0,0.0131,0.1,1887
k2519,0.111111111,0.0,0.2400462,0.690531763,0.0,0.166666667,0.0,0.0,0.00497,0.025,894
k1770,0.0,0.0,0.25762472,0.697822809,0.0,0.0152,0.802818186,0.0,0.0039,0.0,1172
k2896,0.0,0.0,0.44331864,0.771840775,0.0323,0.181818182,0.0,0.0,0.0115,0.025,2110
k576,0.0,0.0,0.27531439,0.730988566,0.0,0.166666667,0.0,0.0,0.00875,0.0,675
k2773,0.0,0.0,0.3515341,0.68353528,0.0,0.0152,0.0,0.0,0.00902,0.0,3004
k3080,0.222222222,0.0,0.25777507,0.72953175,0.0,0.196969697,0.0,0.0,0.00834,0.2,811
k1000,0.0,0.0,0.8357451,0.803284747,0.0,0.0,0.0,0.0,0.00162,0.05,1656
k143,0.111111111,0.0,0.31883112,0.708324922,0.0,0.196969697,0.0,0.0,0.00476,0.0,1203
k276,0.333333333,0.0,0.21033563,0.732980719,0.0,0.242424242,0.0,0.0,0.00548,0.0,531
k2675,0.0,0.0,0.23293839,0.722629946,0.0,0.0152,0.0,0.0,0.00597,0.0,430
k1358,0.0,0.0,0.38695556,0.765408956,0.0,0.166666667,0.910012616,0.0,0.00338,0.0,3203
k846,0.111111111,0.0,0.32568401,0.734243545,0.0,0.257575758,0.0,0.0,0.00599,0.025,736
k703,0.111111111,0.0,0.3685644,0.738069007,0.0,0.121212121,0.0,0.0,0.00349,0.025,2240
k50,0.0,0.0,0.39486226,0.687072036,0.0,0.0606,0.0,0.0,0.00876,0.0,3009
k3146,0.0,0.0,0.33484292,0.723867773,0.0,0.0303,0.0,0.0,0.00774,0.0,3105
k168,0.444444444,0.0,0.16389906,0.713749006,0.0,0.242424242,0.0,0.0,0.0124,0.1,2751
k2688,0.222222222,0.25,0.0979,0.840791434,0.0,0.106060606,0.0,0.0,0.0177,0.325,1822
k718,0.111111111,0.0,0.35765949,0.775222095,0.0,0.242424242,0.0,0.0,0.00757,0.05,3335
k2417,0.111111111,0.0,0.29242292,0.889962025,0.0968,0.242424242,0.0,0.0,0.0094,0.0,3081
k850,0.0,0.0,0.21522409,0.796985547,0.0323,0.0909,0.0,0.0,0.0143,0.05,1531
k2734,0.0,0.0,0.2724317,0.716362791,0.0,0.242424242,0.0,0.0,0.00501,0.0,1252
k2424,0.0,0.0,0.25736654,0.695003205,0.0,0.0303,0.0,0.0,0.017,0.0,116
k1291,0.0,0.0,0.1108646,0.757674763,0.0645,0.0909,0.805022269,0.422480614,0.0391,0.05,95
k1893,0.111111111,0.0,0.11754315,0.792506065,0.129032258,0.196969697,0.906896499,0.0,0.0122,0.125,1167
k3179,0.0,0.0,0.25513905,0.774725348,0.0323,0.121212121,0.907306915,0.0,0.00458,0.0,1196
k1003,0.0,0.0,0.38676032,0.755585405,0.0,0.151515152,0.0,0.0,0.00525,0.1,2160
k1918,0.0,0.0,0.38063064,0.662641622,0.0,0.0303,0.0,0.0,0.00428,0.025,1476
k361,0.0,0.0,0.36451027,0.69903441,0.0,0.272727273,0.0,0.0,0.00344,0.0,1463
k3305,0.0,0.0,0.4405638,0.680515906,0.0,0.0152,0.0,0.0,0.0122,0.025,1264
k219,0.222222222,0.0,0.18499349,0.793116823,0.0,0.106060606,0.0,0.0,0.0191,0.1,1505
k191,0.0,0.0,0.21374996,0.711907122,0.0,0.151515152,0.0,0.0,0.0099,0.0,2637
k2077,0.0,0.0,0.42865887,0.679051434,0.0,0.121212121,0.0,0.0,0.00566,0.025,3247
k3100,0.0,0.0,0.0843,0.741873412,0.0,0.287878788,0.0,0.0,0.00467,0.0,1931
k1215,0.0,0.25,0.26779434,0.910089221,0.0645,0.0,0.0,0.0,0.00621,0.075,3233
k1491,0.222222222,0.0,0.22953103,0.74365542,0.0,0.242424242,0.0,0.0,0.00555,0.0,279
k2943,0.0,0.0,0.32354379,0.687271232,0.0,0.0303,0.0,0.0,0.0052,0.025,1216
k2527,0.0,0.333333333,0.59077156,0.79080392,0.0,0.0,0.0,0.0,0.0655,0.025,418
k2567,0.0,0.0,0.19273531,0.789768352,0.0323,0.303030303,0.0,0.0,0.0211,0.05,668
k710,0.0,0.0,0.47147858,0.678539718,0.0,0.0152,0.817486738,0.0,0.0115,0.0,2665
k3071,0.0,0.0,0.25346571,0.709286255,0.0,0.0152,0.0,0.0,0.00611,0.0,3124
k2198,0.0,0.0,0.48911181,0.60499859,0.0,0.0,0.0,0.0,0.0161,0.0,1441
k693,0.0,0.0,0.25731778,0.686734861,0.0,0.0606,0.0,0.717065532,0.0074,0.0,877
k1821,0.0,0.0,0.0701,0.727156519,0.0,0.378787879,0.0,0.0,0.0054,0.0,904
k2940,0.0,0.25,0.18188304,0.842191013,0.0,0.0606,0.0,0.0,0.00638,0.175,2358
k1787,0.0,0.0,0.23483303,0.783191778,0.0,0.272727273,0.0,0.0,0.00843,0.05,581
k2810,0.0,0.0,0.10565463,0.758173576,0.0,0.212121212,0.0,0.0,0.00864,0.0,1258
k306,0.111111111,0.0,0.32162568,0.77536237,0.0,0.257575758,0.0,0.0,0.00613,0.075,2880
k1890,0.0,0.0,0.0818,0.744699371,0.0,0.378787879,0.0,0.0,0.00421,0.0,3210
k848,0.0,0.0,0.30912182,0.727073364,0.0,0.287878788,0.0,0.0,0.00458,0.05,2560
k654,0.0,0.0,0.40149093,0.65212856,0.0,0.212121212,0.0,0.0,0.00173,0.0,38
k2886,0.0,0.0833,0.49188289,0.78349599,0.0,0.0,0.0,0.0,0.00562,0.025,1362
k3379,0.111111111,0.0,0.19242436,0.705025838,0.0,0.121212121,0.0,0.0,0.0099,0.075,527
k1568,0.111111111,0.0,0.23448408,0.764550457,0.0,0.212121212,0.0,0.0,0.00597,0.025,1007
k2235,0.666666667,0.0,0.16863599,0.747390606,0.0,0.181818182,0.0,0.0,0.00698,0.0,3314
k1757,0.0,0.0,0.1246053,0.754209179,0.0,0.151515152,0.0,0.0,0.00804,0.0,704
k1115,0.0,0.0,0.0692,0.769102412,0.0,0.303030303,0.0,0.0,0.00589,0.0,1233
k902,0.0,0.0,0.28587657,0.800455955,0.0,0.0758,0.0,0.0,0.0194,0.0,2909
k1579,0.111111111,0.0,0.23775308,0.690133868,0.0,0.121212121,0.868180644,0.0,0.00343,0.0,2192
k3230,0.444444444,0.0,0.1926848,0.737892859,0.0,0.196969697,0.0,0.0,0.00756,0.0,2576
k3244,0.0,0.0,0.12853278,0.769298124,0.0,0.227272727,0.0,0.0,0.00632,0.0,2245
k1360,0.0,0.0,0.3320367,0.797383633,0.0,0.333333333,0.0,0.0,0.00549,0.025,858
k2461,0.0,0.0,0.24168277,0.684016521,0.0,0.166666667,0.854560931,0.0,0.00294,0.0,2768
k1201,0.111111111,0.0,0.21595037,0.724953608,0.0,0.0758,0.862024412,0.0,0.00829,0.0,739
k2187,0.0,0.0,0.25742424,0.794970385,0.0,0.136363636,0.879216259,0.0,0.00407,0.0,1566
k1669,0.0,0.0,0.0788,0.739244314,0.0,0.272727273,0.0,0.0,0.00475,0.0,3190
k131,0.0,0.0,0.17137347,0.707377639,0.0,0.0152,0.755012388,0.0,0.00682,0.0,533
k3155,0.333333333,0.0,0.2214853,0.716270677,0.0,0.106060606,0.841138827,0.0,0.00702,0.0,2257
k779,0.0,0.0,0.47182086,0.807119168,0.0,0.0758,0.0,0.0,0.00589,0.025,1412
k2029,0.0,0.0,0.53957355,0.729754836,0.0,0.106060606,0.0,0.0,0.00567,0.05,3212
k2769,0.111111111,0.0,0.27458984,0.70615796,0.0,0.242424242,0.0,0.0,0.00623,0.075,1843
k1012,0.0,0.0,0.22112527,0.731977196,0.0,0.0303,0.897487346,0.0,0.00524,0.0,2959
k2117,0.0,0.0,0.23721236,0.712677604,0.0,0.242424242,0.0,0.0,0.0094,0.0,2367
k997,0.0,0.0,0.0701,0.741540219,0.0,0.333333333,0.0,0.0,0.00517,0.0,749
k1456,0.0,0.0,0.29560491,0.763145326,0.0,0.196969697,0.870567133,0.0,0.00483,0.0,1506
k593,0.222222222,0.0,0.27927327,0.683623374,0.0,0.196969697,0.0,0.0,0.00384,0.0,1842
k1181,0.111111111,0.0,0.26906347,0.773256052,0.0645,0.242424242,0.0,0.0,0.00696,0.05,2266
k2573,0.111111111,0.0,0.23176342,0.716728449,0.0,0.0303,0.885448493,0.0,0.00462,0.0,2254
k641,0.0,0.0,0.30477256,0.722176386,0.0,0.121212121,0.0,0.0,0.00484,0.0,384
k1166,0.0,0.0,0.34782687,0.729412263,0.0,0.0303,0.0,0.0,0.00954,0.0,2879
k533,0.222222222,0.0,0.14983416,0.743237464,0.0,0.303030303,0.0,0.0,0.0158,0.025,3275
k78,0.0,0.0,0.20067912,0.742563842,0.0,0.287878788,0.0,0.0,0.0114,0.05,307
k1132,0.222222222,0.0,0.11871262,0.713636296,0.0,0.303030303,0.0,0.0,0.0155,0.1,3114
k2748,0.0,0.0,0.30312979,0.704263127,0.0,0.151515152,0.874488881,0.0,0.00545,0.05,1609
k2168,0.0,0.0,0.18712319,0.759469021,0.0,0.242424242,0.0,0.0,0.00999,0.0,2253
k1737,0.222222222,0.0,0.1414596,0.71357906,0.0,0.303030303,0.0,0.0,0.0163,0.1,1675
k1219,0.0,0.0,0.42340127,0.796471381,0.0,0.0455,0.0,0.0,0.0172,0.025,1740
k1141,0.222222222,0.0,0.22982742,0.74404382,0.0,0.166666667,0.0,0.0,0.00555,0.0,2627
k3068,0.0,0.0,0.21918599,0.695504048,0.0,0.0758,0.824509402,0.0,0.00641,0.0,2799
k2873,0.222222222,0.0,0.15775385,0.720835611,0.0,0.0303,0.0,0.0,0.00868,0.1,950
k2139,0.222222222,0.0,0.23136961,0.740802049,0.0,0.242424242,0.0,0.0,0.00555,0.0,1088
k3208,0.0,0.0,0.42062944,0.78844182,0.0,0.0455,0.0,0.0,0.0203,0.025,1726
k99,0.0,0.25,0.2284283,0.917492633,0.0968,0.0909,0.0,0.0,0.00586,0.125,299
k102,0.0,0.0,0.42486218,0.716747132,0.0323,0.0,0.0,0.0,0.0205,0.075,2200
k391,0.0,0.0,0.21267867,0.647572393,0.0,0.0,0.0,0.0,0.00944,0.0,1997
k265,0.222222222,0.0,0.18522853,0.842218196,0.0645,0.287878788,0.0,0.0,0.00789,0.25,3112
k1642,0.0,0.0833,0.29512462,0.870484868,0.0,0.136363636,0.0,0.0,0.0192,0.025,493
k2680,0.0,0.0,0.26952317,0.802205765,0.0323,0.227272727,0.0,0.0,0.00585,0.0,3430
k1548,0.0,0.0,0.25524965,0.70958346,0.0,0.0152,0.0,0.0,0.00597,0.025,2704
k2503,0.0,0.0,0.14517263,0.748836396,0.0,0.318181818,0.0,0.0,0.00648,0.0,2135
k1126,0.0,0.0,0.25313002,0.765652486,0.0,0.378787879,0.0,0.0,0.00557,0.0,1613
k405,0.0,0.0,0.50740784,0.77308243,0.0,0.0,0.0,0.0,0.00203,0.075,1224
k1331,0.222222222,0.0,0.2245165,0.738967017,0.0,0.106060606,0.0,0.0,0.00735,0.125,3239
k400,0.0,0.0,0.33406311,0.796432216,0.0,0.0606,0.0,0.0,0.0165,0.025,1601
k724,0.0,0.0,0.29949331,0.712353561,0.0,0.0152,0.81011446,0.0,0.0044,0.0,3090
k834,0.111111111,0.0,0.14516012,0.809315417,0.0,0.136363636,0.0,0.0,0.0196,0.05,3095
k3052,0.0,0.0,1.0,0.573976134,0.0,0.0,0.0,0.0,0.0,0.0,2680
k3113,0.111111111,0.0,0.18960705,0.713906396,0.0,0.242424242,0.899615426,0.0,0.00629,0.0,513
k412,0.0,0.0,0.23417884,0.67284159,0.0,0.0455,0.0,0.0,0.00669,0.05,1543
k2796,0.0,0.0,0.35992369,0.765121399,0.0,0.151515152,0.934120723,0.0,0.00352,0.0,58
k3290,0.111111111,0.0,0.21492241,0.699464541,0.0,0.0758,0.0,0.0,0.00973,0.025,1742
k1198,0.111111111,0.0,0.16133101,0.793081142,0.0323,0.287878788,0.0,0.0,0.0305,0.05,1988
k890,0.0,0.0,0.31600136,0.602999124,0.0,0.0,0.0,0.0,0.0141,0.025,1793
k2125,0.0,0.0,0.0818,0.743845006,0.0,0.363636364,0.0,0.0,0.00421,0.0,1262
k2904,0.0,0.0,0.13313816,0.71658603,0.0,0.151515152,0.0,0.0,0.00515,0.0,2209
k243,0.0,0.0,0.2166325,0.7123951,0.0,0.242424242,0.0,0.0,0.00738,0.0,1784
k3333,0.0,0.0,0.17872134,0.767480244,0.0323,0.0909,0.0,0.0,0.0186,0.0,468
k886,0.0,0.0,0.14111671,0.737196572,0.0,0.0606,0.0,0.0,0.0131,0.15,751
k340,0.0,0.0,0.25310832,0.694257646,0.0,0.0303,0.800690106,0.0,0.00681,0.0,390
k1049,0.0,0.0,0.35104558,0.691051518,0.0,0.0,0.0,0.0,0.00882,0.05,748
k2346,0.222222222,0.0,0.25851932,0.735714488,0.0,0.181818182,0.0,0.0,0.0046,0.0,3008
k2783,0.0,0.0,0.53895062,0.581539003,0.0,0.0,0.0,0.0,0.00568,0.0,874
k2991,0.0,0.0,0.16292281,0.78769316,0.0323,0.181818182,0.0,0.0,0.0137,0.0,210
k915,0.111111111,0.0,0.27302277,0.773018533,0.0,0.181818182,0.0,0.0,0.00687,0.05,3257
k1678,0.222222222,0.25,0.21771279,0.853509972,0.0645,0.106060606,0.0,0.0,0.0055,0.175,3349
k37,0.0,0.0,0.16448332,0.678792934,0.0,0.0909,0.0,0.0,0.00448,0.05,1289
k626,0.111111111,0.0,0.15071183,0.807919589,0.0,0.227272727,0.0,0.0,0.00956,0.3,1710
k2148,0.0,0.0,0.28420725,0.797625861,0.0,0.0455,0.0,0.0,0.0194,0.075,1033
k1941,0.0,0.0,0.32965457,0.691811473,0.0,0.151515152,0.0,0.0,0.00492,0.0,3271
k2931,0.0,0.0,0.24501827,0.827328178,0.0,0.333333333,0.0,0.0,0.00772,0.0,2139
k1775,0.111111111,0.0,0.23752411,0.731505641,0.0,0.181818182,0.0,0.0,0.00696,0.025,338
k3130,0.0,0.0,0.2293009,0.732429111,0.0,0.0909,0.0,0.0,0.0435,0.0,128
k2090,0.222222222,0.0833,0.16175513,0.805569282,0.0323,0.242424242,0.0,0.0,0.00985,0.025,446
k477,0.0,0.0,0.31784004,0.813854509,0.0,0.151515152,0.0,0.0,0.0299,0.05,1659
k1991,0.0,0.0,0.42367899,0.734469924,0.0,0.0,0.0,0.0,0.0289,0.0,593
k2703,0.111111111,0.0,0.20023973,0.728496566,0.0,0.0152,0.804566252,0.0,0.0091,0.05,1538
k2975,0.0,0.166666667,0.21601252,0.78070353,0.0,0.106060606,0.0,0.0,0.00852,0.15,1942
k3377,0.0,0.0,0.22874661,0.712261907,0.0,0.121212121,0.846109414,0.0,0.00682,0.0,417
k823,0.111111111,0.166666667,0.0906,0.835663521,0.193548387,0.136363636,0.91250551,0.0,0.0209,0.35,19
k627,0.0,0.0,0.31210339,0.74823138,0.0,0.0152,0.897958563,0.0,0.0124,0.0,571
k208,0.222222222,0.0,0.26078075,0.764296092,0.0,0.196969697,0.0,0.0,0.0046,0.0,830
k2669,0.0,0.0,0.28820431,0.68206652,0.0,0.0455,0.812303343,0.0,0.00426,0.0,738
k746,0.0,0.0,0.35591206,0.859654004,0.0645,0.212121212,0.0,0.0,0.00442,0.0,2485
k1298,0.222222222,0.0833,0.25376669,0.814203169,0.0,0.196969697,0.0,0.0,0.00496,0.025,2971
k1700,0.111111111,0.25,0.3230266,0.850067052,0.0645,0.181818182,0.0,0.0,0.00341,0.1,2525
k2512,0.0,0.0,0.22188278,0.853308594,0.193548387,0.181818182,0.0,0.0,0.00606,0.1,1045
k1479,0.0,0.0,0.22997473,0.754490534,0.0,0.166666667,0.0,0.0,0.00561,0.1,81
k1,0.0,0.0,0.18015495,0.781650813,0.0323,0.318181818,0.0,0.0,0.013,0.0,249
k214,0.333333333,0.0833,0.15871058,0.791375589,0.0323,0.272727273,0.0,0.0,0.0162,0.05,3340
k716,0.0,0.0,0.20103033,0.736163684,0.0,0.106060606,0.0,0.0,0.0061,0.025,3401
k2656,0.0,0.0,0.22105375,0.727569843,0.0,0.151515152,0.0,0.0,0.00504,0.0,2208
k1783,0.0,0.0,0.20528886,0.769966463,0.0,0.151515152,0.0,0.0,0.00613,0.0,1894
k2534,0.111111111,0.0,0.33893579,0.818509413,0.0,0.196969697,0.0,0.0,0.00556,0.0,1003
k2040,0.0,0.0,0.36378449,0.716486719,0.0,0.242424242,0.904008391,0.0,0.00378,0.0,729
k741,0.111111111,0.0,0.19604081,0.706537057,0.0,0.0303,0.0,0.0,0.00623,0.05,366
k1656,0.0,0.0,0.25026938,0.722741202,0.0,0.0,0.813656193,0.0,0.0107,0.0,1229
k2361,0.0,0.0,0.20377493,0.77658852,0.0,0.212121212,0.0,0.0,0.00724,0.0,2229
k3019,0.0,0.0,0.17855246,0.755389233,0.0,0.196969697,0.0,0.0,0.0112,0.25,1484
k2065,0.0,0.0,0.24050669,0.765668911,0.0,0.0909,0.0,0.671629831,0.0118,0.025,1214
k1596,0.111111111,0.0833,0.32462719,0.833712447,0.0645,0.181818182,0.0,0.0,0.00309,0.1,2496
k2994,0.0,0.0,0.24497245,0.890303028,0.0645,0.242424242,0.0,0.0,0.00641,0.0,832
k2907,0.0,0.0,0.21117111,0.718206973,0.0,0.333333333,0.0,0.0,0.00805,0.0,602
k1004,0.222222222,0.0,0.21216577,0.777590473,0.0,0.0758,0.0,0.0,0.00816,0.1,1760
k1496,0.0,0.0,0.29326847,0.667670875,0.0,0.0606,0.0,0.0,0.00685,0.075,500
k1007,0.0,0.0,0.1464971,0.714178486,0.0,0.0303,0.0,0.0,0.00958,0.05,1286
k1100,0.0,0.0,0.45549241,0.754364807,0.0,0.0,0.0,0.0,0.0213,0.0,2270
k725,0.0,0.0,0.37802967,0.756133529,0.0,0.0909,0.0,0.0,0.006,0.1,375
k1940,0.222222222,0.0,0.17581034,0.741273259,0.0,0.257575758,0.0,0.0,0.00499,0.0,1360
k1593,0.0,0.0,0.22339152,0.7187778,0.0,0.303030303,0.0,0.0,0.0135,0.0,239
k1981,0.111111111,0.0,0.19933641,0.719222785,0.0,0.257575758,0.906957302,0.0,0.00821,0.0,393
k420,0.0,0.0,0.12853177,0.76855915,0.0,0.212121212,0.0,0.0,0.00632,0.0,1301
k1541,0.0,0.0,0.2672663,0.727910463,0.0,0.0909,0.859820329,0.0,0.0107,0.0,182
k2141,0.0,0.0,0.25719407,0.777571484,0.0,0.136363636,0.0,0.0,0.00782,0.0,3213
k1805,0.0,0.0,0.097,0.756529471,0.0645,0.0909,0.805964704,0.722808157,0.0427,0.075,2893
k1257,0.0,0.0,0.33310384,0.725271794,0.0,0.0758,0.0,0.0,0.00774,0.0,2670
k238,0.0,0.0,0.5,0.415506274,0.0,0.0,0.0,0.0,0.00221,0.05,1125
k995,0.0,0.0,0.22956266,0.71913607,0.0,0.121212121,0.0,0.0,0.00574,0.0,888
k923,0.0,0.0,0.36683545,0.82650693,0.0,0.272727273,0.0,0.0,0.00413,0.05,617
k3142,0.111111111,0.0,0.16577214,0.814341454,0.0968,0.166666667,0.864319698,0.0,0.00737,0.1,1711
k80,0.0,0.0,0.17033345,0.740917975,0.0,0.0152,0.0,0.0,0.00728,0.15,1703
k1730,0.0,0.0,0.30363786,0.672907402,0.0,0.0606,0.0,0.0,0.00461,0.025,1535
k2686,0.111111111,0.0,0.23801073,0.697652671,0.0,0.0152,0.0,0.0,0.0142,0.05,1901
k3257,0.0,0.0,0.28861189,0.684324944,0.0,0.0758,0.819660419,0.0,0.00262,0.025,2446
k2374,0.0,0.0,0.44769168,0.711527872,0.0,0.0455,0.0,0.0,0.0048,0.025,1071
k781,0.0,0.0,0.36650372,0.762876719,0.0,0.212121212,0.909085382,0.0,0.00352,0.0,1546
k1899,0.0,0.0,0.24814394,0.72392252,0.0,0.0152,0.819569216,0.0,0.00462,0.0,3096
k275,0.111111111,0.0,0.32166797,0.723675353,0.0,0.121212121,0.0,0.0,0.00528,0.0,1435
k2199,0.0,0.0,0.17055239,0.71773515,0.0,0.272727273,0.0,0.0,0.0141,0.05,609
k2209,0.0,0.0,0.20378953,0.709047548,0.0,0.121212121,0.84653503,0.0,0.00632,0.0,1254
k3315,0.222222222,0.0833,0.16211942,0.753982839,0.0,0.303030303,0.0,0.0,0.00961,0.025,2175
k2663,0.0,0.0,0.55729228,0.662236989,0.0323,0.0758,0.0,0.0,0.00356,0.0,1456
k1119,0.333333333,0.166666667,0.0722,0.857637578,0.35483871,0.181818182,0.0,0.0,0.0322,0.475,3110
k2407,0.0,0.0,0.46912614,0.779787182,0.0,0.0152,0.0,0.0,0.0141,0.025,2050
k1437,0.0,0.0,0.3182033,0.714436335,0.0,0.0152,0.0,0.0,0.00394,0.075,724
k483,0.0,0.0,0.35872811,0.720138942,0.0,0.121212121,0.0,0.0,0.00389,0.05,2376
k876,0.0,0.0,0.0702,0.744523759,0.0,0.227272727,0.0,0.0,0.00517,0.0,2745
k1764,0.0,0.0,0.18751815,0.760470171,0.0,0.227272727,0.0,0.0,0.00355,0.0,579
k2923,0.222222222,0.0,0.22501662,0.744328161,0.0,0.181818182,0.0,0.0,0.00654,0.0,455
k2151,0.0,0.0,0.38799965,0.690477475,0.0,0.0303,0.0,0.0,0.00431,0.0,1722
k743,0.0,0.0,0.0796,0.727718886,0.0,0.333333333,0.0,0.0,0.00505,0.0,1061
k294,0.0,0.0,0.25661445,0.623036083,0.0,0.0909,0.742411115,0.0,0.00431,0.025,2442
k2336,0.0,0.0,0.21505779,0.715461412,0.0,0.106060606,0.846975846,0.0,0.00605,0.05,697
k2296,0.0,0.0,0.42558381,0.717937064,0.0,0.0152,0.849392737,0.0,0.0048,0.05,2437
k2100,0.0,0.0,0.16112426,0.674221339,0.0,0.121212121,0.0,0.0,0.00851,0.1,1938
k1718,0.0,0.0,0.38855991,0.678524404,0.0,0.0455,0.817577941,0.0,0.00225,0.0,959
k2597,0.333333333,0.0,0.19766784,0.763262362,0.0,0.181818182,0.0,0.0,0.00588,0.175,1972
k561,0.0,0.0,0.32175511,0.695278588,0.0,0.0152,0.809156824,0.0,0.00602,0.0,1070
k957,0.0,0.0,0.35257411,0.726378915,0.0323,0.196969697,0.0,0.0,0.00584,0.025,2140
k228,0.222222222,0.0,0.20941556,0.793119005,0.0,0.106060606,0.0,0.0,0.0183,0.15,1182
k2835,0.0,0.0,0.38802049,0.712088018,0.0,0.166666667,0.0,0.0,0.00458,0.05,787
k48,0.0,0.0,0.10647438,0.757052596,0.0,0.0606,0.808062383,0.733369081,0.0601,0.05,1482
k128,0.111111111,0.0,0.176668,0.751047232,0.0,0.166666667,0.0,0.0,0.0111,0.05,3400
k89,0.0,0.0,0.17364179,0.706121283,0.0,0.181818182,0.0,0.0,0.0142,0.125,115
k1466,0.0,0.0,0.20598164,0.740428848,0.0,0.0758,0.0,0.0,0.0102,0.075,1687
k11,0.0,0.0,0.22596799,0.692928357,0.0,0.0303,0.0,0.0,0.00521,0.0,2295
k3123,0.111111111,0.0,0.26982194,0.799739607,0.0323,0.106060606,0.0,0.0,0.00687,0.15,1503
k1585,0.0,0.0,0.22392006,0.764839086,0.0,0.0758,0.906866098,0.0,0.00613,0.0,2726
k2797,0.111111111,0.0,0.2755498,0.800202662,0.0323,0.212121212,0.0,0.0,0.00571,0.075,876
k3091,0.555555556,0.0,0.0966,0.737165714,0.0,0.454545455,0.923632329,0.0,0.0233,0.025,2900
k919,0.0,0.0,0.16363287,0.704123081,0.0323,0.106060606,0.0,0.0,0.0112,0.075,2825
k1452,0.0,0.0,0.34441,0.453205802,0.0,0.0,0.707221792,0.0,0.00218,0.0,1259
k2508,0.0,0.0,0.22321998,0.755518942,0.0,0.121212121,0.0,0.0,0.0078,0.125,1762
k871,0.0,0.0,0.21257861,0.756524647,0.0,0.136363636,0.879489869,0.0,0.00446,0.025,886
k3221,0.111111111,0.0,0.11634301,0.777881668,0.0,0.0758,0.0,0.0,0.0146,0.275,290
k1304,0.0,0.0,0.31915322,0.697850183,0.0,0.0758,0.832079286,0.0,0.00262,0.0,198
k3373,0.0,0.333333333,0.12049923,0.906538797,0.258064516,0.227272727,0.0,0.0,0.02,0.35,1800
k3171,0.111111111,0.0,0.35772422,0.729445686,0.0,0.303030303,0.0,0.0,0.00505,0.025,2551
k668,0.0,0.0,0.77941144,0.736403462,0.0,0.0,0.0,0.0,0.0433,0.025,2371
k571,0.0,0.0,0.32496485,0.676465712,0.0,0.0303,0.0,0.0,0.00305,0.0,1816
k3382,0.0,0.0,0.25184485,0.764039775,0.0645,0.151515152,0.0,0.0,0.0106,0.2,3198
k3281,0.111111111,0.0,0.20697072,0.738762997,0.0,0.272727273,0.0,0.0,0.0153,0.05,2933
k398,0.0,0.0,0.14673847,0.793912115,0.0968,0.0606,0.0,0.0,0.0122,0.175,294
k2465,0.111111111,0.0,0.31957155,0.731224975,0.0,0.227272727,0.0,0.0,0.00285,0.0,2431
k1989,0.222222222,0.0,0.15690765,0.686392671,0.0,0.242424242,0.864958122,0.0,0.00565,0.0,618
k472,0.0,0.0,0.29904065,0.674165672,0.0,0.0303,0.0,0.0,0.00711,0.025,1719
k573,0.0,0.0,0.25712937,0.477130014,0.0,0.0,0.67393254,0.0,0.00386,0.05,1795
k1836,0.0,0.0,0.35420504,0.871027173,0.0645,0.257575758,0.0,0.0,0.00505,0.05,1134
k428,0.0,0.0,0.39125723,0.725943157,0.0,0.0152,0.0,0.0,0.0048,0.0,3151
k1122,0.111111111,0.0,0.31535882,0.778691201,0.0,0.151515152,0.0,0.0,0.00678,0.075,295
k267,0.0,0.0833,0.17571434,0.778991699,0.0645,0.151515152,0.0,0.0,0.0118,0.075,151
k1925,0.0,0.0,0.24425702,0.72247294,0.0,0.106060606,0.860823567,0.0,0.0045,0.0,162
k1255,0.666666667,0.0,0.14596283,0.735747796,0.0,0.136363636,0.0,0.0,0.00821,0.0,3278
k2518,0.0,0.0,0.23888546,0.816105162,0.0645,0.227272727,0.0,0.0,0.0135,0.15,1923
k259,0.0,0.0,0.16313381,0.628780305,0.0,0.0152,0.752945111,0.0,0.0074,0.025,3211
k458,0.0,0.0,0.14760524,0.785332783,0.0,0.106060606,0.0,0.0,0.0114,0.075,2421
k1111,0.0,0.0,0.23785901,0.707892073,0.0,0.121212121,0.0,0.0,0.00844,0.0,2777
k367,0.0,0.0,0.18973409,0.734138836,0.0,0.0455,0.0,0.0,0.00594,0.125,896
k2130,0.333333333,0.0,0.21187533,0.773190968,0.0,0.136363636,0.0,0.0,0.00854,0.125,2778
k210,0.0,0.0,0.33667096,0.699450758,0.0,0.0909,0.847188654,0.0,0.00545,0.05,1557
k1251,0.0,0.0,0.31505907,0.768212634,0.0,0.0303,0.0,0.0,0.0138,0.0,1792
k1242,0.0,0.0,0.2198288,0.787521567,0.0645,0.0303,0.0,0.0,0.0128,0.1,2795
k2063,0.0,0.0,0.22269911,0.784143425,0.0,0.272727273,0.0,0.0,0.0113,0.0,3188
k504,0.0,0.0,0.43483946,0.674183743,0.0,0.0,0.0,0.0,0.00633,0.025,244
k2583,0.0,0.0,0.53927541,0.799990335,0.0,0.181818182,0.0,0.0,0.00272,0.05,760
k2064,0.0,0.0,0.49415779,0.813836247,0.0,0.0152,0.0,0.0,0.0106,0.025,2351
k2576,0.0,0.0,0.37271646,0.68103279,0.0,0.0303,0.820040434,0.0,0.00225,0.0,3414
k2733,0.0,0.0,0.34189191,0.84957513,0.0,0.136363636,0.0,0.0,0.019,0.1,2235
k342,0.0,0.0,0.19912553,0.783162644,0.0,0.272727273,0.0,0.0,0.00799,0.0,635
k856,0.0,0.0,0.26009685,0.728113488,0.0,0.196969697,0.0,0.0,0.0122,0.0,1248
k2922,0.0,0.0,0.19880584,0.883984112,0.0645,0.121212121,0.0,0.0,0.0068,0.0,1050
k2023,0.0,0.0,0.31188917,0.698285864,0.0,0.0,0.0,0.0,0.0267,0.025,392
k3020,0.0,0.0,0.34752485,0.772919605,0.0,0.151515152,0.0,0.0,0.00469,0.075,2897
k39,0.0,0.0,0.27942193,0.672367585,0.0,0.0303,0.743991974,0.0,0.00479,0.025,1385
k1903,0.0,0.0,0.19928531,0.73271372,0.129032258,0.0,0.0,0.0,0.017,0.125,1462
k1155,0.222222222,0.0,0.23234035,0.834128221,0.0645,0.151515152,0.0,0.0,0.00742,0.125,176
k3121,0.0,0.0,0.17088237,0.746355422,0.0,0.212121212,0.0,0.0,0.00557,0.0,875
k347,0.0,0.166666667,0.31039146,0.78479936,0.0,0.0455,0.0,0.0,0.0092,0.05,643
k1233,0.0,0.0,0.17366911,0.812791492,0.0,0.166666667,0.0,0.0,0.00804,0.0,2061
k1574,0.111111111,0.0,0.38388854,0.775193802,0.0323,0.272727273,0.0,0.0,0.00628,0.05,1914
k2156,0.0,0.0,0.0821,0.725624397,0.0,0.272727273,0.0,0.0,0.00445,0.0,672
k223,0.0,0.0,0.28144965,0.695052861,0.0,0.0909,0.0,0.0,0.00405,0.05,2596
k2654,0.0,0.0,0.18841794,0.704820746,0.0,0.257575758,0.0,0.0,0.0108,0.025,387
k165,0.111111111,0.0,0.25325617,0.743366446,0.0,0.0909,0.0,0.290400932,0.0131,0.1,3200
k184,0.0,0.0,0.48866084,0.720493957,0.0,0.0152,0.849514342,0.0,0.0034,0.0,577
k914,0.0,0.0,0.71140593,0.879115885,0.0,0.106060606,0.0,0.0,0.00241,0.05,1875
k2459,0.0,0.0,0.25807127,0.772147093,0.0323,0.136363636,0.876540958,0.0,0.00458,0.0,486
k1835,0.0,0.0,0.18042327,0.758100031,0.0,0.121212121,0.0,0.0,0.00724,0.1,634
k1276,0.0,0.0,0.23611823,0.676220804,0.0,0.0303,0.0,0.0,0.044,0.15,3338
k2049,0.333333333,0.0,0.21241747,0.77742692,0.0645,0.166666667,0.0,0.0,0.00779,0.05,395
k277,0.0,0.0,0.20162737,0.674099669,0.0,0.0606,0.0,0.0,0.00888,0.125,2322
k844,0.0,0.0833,0.2736347,0.704441458,0.0,0.0606,0.735464453,0.0,0.00944,0.0,1223
k1379,0.0,0.0,0.49031273,0.769103063,0.0,0.0455,0.0,0.0,0.00667,0.05,769
k1650,0.0,0.0,0.25401297,0.720757625,0.0,0.121212121,0.919604177,0.0,0.00709,0.0,820
k1262,0.0,0.0,0.61339414,0.703554513,0.0,0.0,0.0,0.0,0.0317,0.025,1378
k1390,0.111111111,0.0,0.30202726,0.766998276,0.0,0.166666667,0.0,0.0,0.00716,0.025,1934
k1033,0.0,0.0833,0.2406016,0.889354751,0.0323,0.272727273,0.0,0.0,0.018,0.075,2762
k1704,0.222222222,0.0,0.22857949,0.715164857,0.0,0.0303,0.0,0.0,0.00529,0.1,893
k2200,0.0,0.0,0.35105905,0.765857502,0.0323,0.212121212,0.0,0.0,0.00678,0.1,2917
k183,0.222222222,0.0,0.18341167,0.719285342,0.0,0.181818182,0.0,0.538886056,0.0105,0.0,2968
k1171,0.0,0.0,0.160366,0.716183503,0.0,0.0152,0.8723456,0.0,0.00608,0.05,1113
k3368,0.0,0.0,0.32030073,0.716794606,0.0,0.181818182,0.0,0.0,0.00486,0.05,1060
k3227,0.0,0.0,0.30990589,0.717668228,0.0,0.0909,0.0,0.0,0.00508,0.0,2410
k3045,0.0,0.0,0.22672987,0.70372913,0.0,0.196969697,0.0,0.0,0.00441,0.0,3283
k3064,0.0,0.0,0.29914626,0.696801024,0.0,0.0909,0.0,0.0,0.00386,0.0,1356
k2163,0.111111111,0.0,0.3059704,0.658976076,0.0,0.0909,0.0,0.0,0.00545,0.025,2443
k570,0.0,0.0,0.39316621,0.705759185,0.0,0.0303,0.837293082,0.0,0.00421,0.0,3266
k2538,0.222222222,0.0,0.0862,0.730805182,0.0,0.5,0.0,0.0,0.0262,0.05,2353
k1362,0.111111111,0.0,0.21117033,0.822116728,0.0,0.181818182,0.0,0.0,0.00747,0.1,889
k738,0.111111111,0.0,0.24231943,0.736526242,0.0,0.227272727,0.0,0.0,0.00517,0.05,1584
k2905,0.222222222,0.0,0.27438721,0.771677835,0.0,0.166666667,0.0,0.0,0.00597,0.05,1617
k3299,0.0,0.0,0.21675356,0.71265762,0.0,0.151515152,0.0,0.0,0.00516,0.05,2505
k524,0.0,0.0,0.20538083,0.728226658,0.0323,0.272727273,0.0,0.0,0.00847,0.05,2483
k3028,0.0,0.0,0.28966433,0.727411381,0.0323,0.0,0.698040646,0.0,0.00282,0.125,341
k193,0.222222222,0.0,0.12451506,0.703183762,0.0,0.196969697,0.858391476,0.0,0.00723,0.0,2939
k3012,0.0,0.0,0.35162973,0.770851762,0.0,0.333333333,0.0,0.0,0.00457,0.025,2337
k538,0.111111111,0.0,0.22945452,0.703823081,0.0,0.151515152,0.874884096,0.0,0.00409,0.025,163
k1722,0.111111111,0.0,0.23486118,0.744690336,0.0,0.0,0.0,0.0,0.00933,0.075,3217
k1016,0.0,0.0,0.32479534,0.771526878,0.0,0.0303,0.0,0.0,0.0189,0.125,2346
k531,0.0,0.0,0.24301317,0.79752299,0.0323,0.212121212,0.0,0.0,0.0212,0.075,1017
k875,0.111111111,0.0,0.29711893,0.69450822,0.0,0.227272727,0.0,0.0,0.00486,0.025,957
k881,0.0,0.0,0.0702,0.731731828,0.0,0.303030303,0.0,0.0,0.0054,0.0,707
k2901,0.0,0.0,0.25,0.789561537,0.0,0.363636364,0.0,0.0,0.00346,0.0,381
k828,0.0,0.0,0.25305313,0.698030658,0.0,0.0152,0.801678143,0.0,0.0039,0.0,63
k1433,0.0,0.0,0.49528933,0.628325558,0.0,0.0,0.0,0.0,0.0117,0.0,3228
k2081,0.111111111,0.0,0.22384466,0.806639037,0.0,0.272727273,0.0,0.0,0.0191,0.05,3061
k274,0.0,0.0,0.22673963,0.73821024,0.0,0.0,0.0,0.0,0.00674,0.0,1647
k630,0.0,0.0,0.2722491,0.763452944,0.0,0.212121212,0.0,0.0,0.0046,0.0,1263
k271,0.0,0.0,0.42574149,0.644804933,0.0,0.0303,0.0,0.0,0.00408,0.0,2032
k2504,0.0,0.0,0.42232648,0.742601055,0.0,0.0455,0.0,0.0,0.00459,0.0,2332
k1350,0.0,0.0,0.37837374,0.668589137,0.0,0.166666667,0.0,0.0,0.00301,0.0,2528
k1461,0.111111111,0.0,0.39412886,0.803672764,0.0,0.257575758,0.0,0.0,0.00454,0.05,1554
k847,0.0,0.0,0.26002309,0.766659532,0.0,0.196969697,0.0,0.0,0.0046,0.0,488
k2804,0.0,0.0,0.4378517,0.709591576,0.0,0.212121212,0.864258896,0.0,0.00338,0.05,1353
k72,0.111111111,0.0,0.34590092,0.857426514,0.0968,0.196969697,0.0,0.0,0.00954,0.0,2301
k590,0.111111111,0.0,0.28772345,0.866770394,0.0,0.121212121,0.0,0.0,0.00444,0.05,2356
k2213,0.0,0.0,0.29452327,0.724106364,0.0,0.196969697,0.0,0.0,0.00633,0.025,2861
k2482,0.0,0.0,0.31704736,0.644199496,0.0,0.0455,0.800690106,0.0,0.00215,0.0,1315
k1330,0.222222222,0.0833,0.20670059,0.780433966,0.0,0.196969697,0.0,0.0,0.00654,0.05,459
k44,0.0,0.0,0.20682712,0.764954094,0.0323,0.121212121,0.0,0.0,0.00563,0.05,714
k1278,0.0,0.0,0.21458769,0.771346862,0.0645,0.181818182,0.0,0.0,0.00908,0.175,1805
k167,0.0,0.0,0.21434556,0.690856801,0.0,0.0455,0.0,0.0,0.00636,0.025,1614
k1630,0.0,0.0,0.0921,0.736207482,0.0,0.166666667,0.0,0.0,0.00475,0.0,3153
k774,0.222222222,0.0833,0.1650542,0.85934447,0.0,0.0758,0.0,0.0,0.00647,0.175,3399
k3143,0.0,0.0,0.30269408,0.832691122,0.0,0.0303,0.738018149,0.0,0.0149,0.025,1012
k1133,0.0,0.0,0.29011503,0.670033242,0.0,0.0,0.0,0.0,0.0528,0.0,2840
k1256,0.0,0.0,0.32347247,0.698282036,0.0,0.0606,0.852964871,0.0,0.0043,0.0,2746
k281,0.0,0.0,0.35277852,0.714062942,0.0323,0.0152,0.0,0.0,0.0157,0.1,2869
k2182,0.222222222,0.0,0.27234882,0.789579608,0.0,0.212121212,0.0,0.0,0.00692,0.05,2230
k1344,0.0,0.0,0.14520639,0.746592749,0.0,0.318181818,0.0,0.0,0.00708,0.0,1737
k767,0.0,0.0,0.16040061,0.757740039,0.0,0.0152,0.0,0.0,0.0215,0.0,2748
k1697,0.0,0.0,0.21197866,0.720483697,0.0,0.136363636,0.837809902,0.0,0.00628,0.0,2506
k1021,0.0,0.0,0.41945815,0.633524145,0.0,0.0,0.0,0.0,0.00387,0.0,2223
k417,0.0,0.166666667,0.25517151,0.7941437,0.0,0.0303,0.0,0.0,0.0157,0.025,3054
k1876,0.555555556,0.0,0.27453509,0.805627398,0.0645,0.136363636,0.0,0.0,0.00579,0.05,982
k2043,0.111111111,0.0,0.21992606,0.744516714,0.0,0.212121212,0.0,0.0,0.00884,0.025,3253
k1378,0.0,0.0,0.15522048,0.726069229,0.0,0.0152,0.0,0.0,0.00778,0.05,3418
k1691,0.0,0.0,0.24904475,0.662957893,0.0,0.227272727,0.795841124,0.0,0.00362,0.0,2384
k1949,0.0,0.0,0.17964391,0.744467901,0.0,0.136363636,0.0,0.0,0.00826,0.075,356
k525,0.0,0.0,0.21387307,0.723533776,0.0,0.136363636,0.840378798,0.0,0.00628,0.0,524
k1415,0.0,0.0,0.22646908,0.68567594,0.0,0.0152,0.799610865,0.0,0.00553,0.0,2552
k1423,0.0,0.0833,0.1958095,0.819738855,0.0,0.0606,0.0,0.0,0.0118,0.075,1053
k1503,0.0,0.0,0.31981283,0.705476757,0.0,0.242424242,0.0,0.0,0.0104,0.025,1251
k1220,0.0,0.0,0.25002161,0.669586343,0.0,0.121212121,0.842506878,0.0,0.00248,0.0,246
k3361,0.222222222,0.0,0.27040285,0.729554836,0.0,0.181818182,0.0,0.0,0.00576,0.025,1851
k1238,0.0,0.0,0.33984426,0.688691792,0.0,0.0152,0.0,0.0,0.00864,0.075,165
k2998,0.0,0.0,0.4379431,0.819786864,0.0,0.181818182,0.0,0.0,0.00227,0.05,3433
k279,0.0,0.0,0.33496049,0.727124207,0.0323,0.0,0.0,0.0,0.0246,0.1,2145
k221,0.111111111,0.0,0.21852183,0.801737503,0.0,0.257575758,0.0,0.0,0.00791,0.225,1652
k3247,0.333333333,0.0,0.27001387,0.770142995,0.0,0.166666667,0.0,0.0,0.00519,0.025,1509
k416,0.222222222,0.0,0.17608596,0.730422716,0.0,0.318181818,0.0,0.0,0.0053,0.0,3018
k353,0.0,0.0,0.17128196,0.848716133,0.0,0.106060606,0.0,0.0,0.0216,0.075,708
k1381,0.0,0.0,0.24235621,0.745090222,0.0,0.181818182,0.0,0.0,0.029,0.15,3368
k2653,0.0,0.0,0.45720866,0.591474079,0.0,0.0,0.0,0.0,0.00358,0.025,1691
k1161,0.0,0.0,0.17667203,0.754531882,0.0,0.121212121,0.0,0.0,0.02,0.0,1471
k292,0.0,0.0,0.10467856,0.7443099,0.0,0.212121212,0.90078587,0.0,0.022,0.025,3017
k1545,0.222222222,0.0,0.3104358,0.705898542,0.0,0.121212121,0.0,0.0,0.00283,0.05,364
k2466,0.0,0.0,0.38855994,0.593471783,0.0,0.0,0.690060346,0.0,0.00344,0.025,3432
k2011,0.0,0.0,0.0796,0.742736545,0.0,0.242424242,0.0,0.0,0.00475,0.0,779
k52,0.0,0.0,0.17992343,0.736290369,0.0,0.121212121,0.0,0.0,0.0064,0.025,230
k20,0.0,0.333333333,0.22575872,0.962193964,0.322580645,0.348484848,0.0,0.0,0.0174,0.075,2851
k796,0.0,0.0,0.31680712,0.758227252,0.0,0.166666667,0.877696201,0.0,0.00396,0.0,819
k188,0.0,0.0,0.29187259,0.772977989,0.0323,0.242424242,0.0,0.0,0.0155,0.025,2263
k3216,0.111111111,0.0,0.20620513,0.706370096,0.0,0.212121212,0.0,0.0,0.00587,0.0,2299
k2941,0.333333333,0.0,0.28900075,0.741023335,0.0,0.151515152,0.0,0.0,0.00519,0.025,2964
k409,0.0,0.0,0.2150453,0.754193788,0.0,0.0909,0.0,0.0,0.00701,0.05,2730
k1014,0.111111111,0.0,0.19521335,0.839177459,0.0,0.227272727,0.868545457,0.0,0.00665,0.075,3313
k1183,0.111111111,0.0,0.25794739,0.764850419,0.0,0.0303,0.0,0.0,0.0105,0.025,857
k91,0.0,0.0,0.30855691,0.713071632,0.0,0.287878788,0.0,0.0,0.00438,0.0,842
k2864,0.222222222,0.0833,0.14961421,0.810459867,0.0645,0.181818182,0.0,0.0,0.0117,0.25,368
k1089,0.0,0.0,0.43128425,0.753267945,0.0,0.0,0.0,0.0,0.0138,0.025,898
k2879,0.111111111,0.0833,0.13935922,0.812665037,0.0645,0.181818182,0.0,0.0,0.011,0.25,3421
k3329,0.0,0.0,0.17911367,0.732860313,0.0,0.151515152,0.930502987,0.0,0.00828,0.125,2440
k2568,0.0,0.0,0.19488262,0.740373526,0.0323,0.121212121,0.834724186,0.100501417,0.0077,0.025,508
k1140,0.222222222,0.0,0.36233306,0.865597767,0.0,0.181818182,0.0,0.0,0.00413,0.05,193
k2267,0.0,0.0,0.21635698,0.821691191,0.0,0.318181818,0.0,0.0,0.0196,0.0,479
k3345,0.111111111,0.0,0.40423748,0.668906787,0.0,0.151515152,0.0,0.0,0.00301,0.0,1304
k3141,0.222222222,0.0,0.22914566,0.719602686,0.0,0.0909,0.0,0.0,0.00582,0.05,2064
k133,0.222222222,0.0,0.21917091,0.850635353,0.129032258,0.257575758,0.0,0.0,0.00683,0.1,288
k2959,0.111111111,0.0,0.25341758,0.735382979,0.0,0.227272727,0.0,0.0,0.00475,0.05,1684
k495,0.111111111,0.0,0.30457056,0.768144295,0.0,0.227272727,0.0,0.0,0.0053,0.025,1331
k616,0.111111111,0.166666667,0.15572564,0.768957849,0.129032258,0.106060606,0.0,0.0,0.0134,0.15,2293
k592,0.0,0.0,0.5,0.678085621,0.0,0.0,0.0,0.0,0.0173,0.1,3377
k1530,0.444444444,0.0,0.19595091,0.709528598,0.0,0.0758,0.0,0.0,0.00723,0.05,106
k814,0.0,0.0,0.22340313,0.698062664,0.0,0.196969697,0.0,0.0,0.00822,0.0,1893
k2271,0.0,0.0,0.50835484,0.753797731,0.0,0.0,0.0,0.0,0.011,0.025,60
k2355,0.222222222,0.0,0.49904412,0.734541095,0.0,0.287878788,0.0,0.0,0.00386,0.05,1269
k3366,0.0,0.0,0.14828619,0.746183484,0.0323,0.0455,0.797315579,0.664756291,0.0146,0.125,1905
k1834,0.222222222,0.0,0.18609686,0.717660954,0.0,0.0758,0.0,0.0,0.0161,0.125,2927
k3249,0.0,0.0833,0.29415923,0.7198729,0.0,0.0909,0.0,0.0,0.0114,0.025,1035
k1710,0.0,0.0,0.30355719,0.786044958,0.0,0.0,0.0,0.0,0.0109,0.0,1686
k1636,0.0,0.0,0.25522575,0.719437027,0.0,0.121212121,0.888321401,0.0,0.00409,0.0,3058
k1440,0.111111111,0.0,0.5173021,0.774211719,0.0323,0.151515152,0.0,0.0,0.00389,0.05,565
k3220,0.0,0.0,0.15197194,0.793884473,0.0,0.0455,0.0,0.0,0.0106,0.175,2664
k1959,0.222222222,0.0,0.30770826,0.71789855,0.0,0.181818182,0.0,0.0,0.00638,0.15,3359
k2244,0.222222222,0.0,0.2296477,0.743615986,0.0,0.257575758,0.0,0.0,0.00555,0.0,1770
k1349,0.0,0.0,0.10473628,0.792599097,0.0,0.333333333,0.0,0.0,0.00464,0.0,2529
k291,0.0,0.0,0.4391638,0.613926237,0.0,0.0606,0.0,0.0,0.0022,0.0,2873
k3293,0.222222222,0.0,0.22800407,0.77736264,0.0,0.227272727,0.0,0.0,0.00603,0.0,1708
k679,0.111111111,0.0,0.29958263,0.831410034,0.0645,0.106060606,0.0,0.0,0.00597,0.0,1481
k694,0.0,0.0,0.2248366,0.713020637,0.0,0.0909,0.885782905,0.0,0.00462,0.0,1949
k2535,0.111111111,0.0,0.18406262,0.727319268,0.0,0.318181818,0.0,0.0,0.0105,0.075,3023
k2636,0.333333333,0.0,0.26296365,0.865348303,0.0,0.166666667,0.0,0.0,0.0054,0.05,216
k1187,0.666666667,0.0,0.14684615,0.735219848,0.0,0.106060606,0.0,0.0,0.00821,0.0,1568
k1882,0.0,0.0,0.24541849,0.686175711,0.0323,0.0,0.0,0.0,0.0101,0.1,2845
k2134,0.0,0.0,0.2448217,0.76483208,0.0,0.242424242,0.0,0.0,0.00466,0.0,2366
k2145,0.0,0.0,0.32701936,0.649510679,0.0,0.0,0.750619423,0.0,0.00799,0.025,1629
k3029,0.0,0.0,0.33405516,0.730946568,0.0,0.136363636,0.864866919,0.0,0.00579,0.025,537
k700,0.111111111,0.0,0.22443059,0.723042619,0.0,0.121212121,0.0,0.0,0.0099,0.05,2770
k119,0.222222222,0.0,0.24061291,0.753383566,0.0,0.227272727,0.0,0.0,0.00877,0.075,2312
k3338,0.0,0.0,0.37396836,0.743904807,0.0,0.0606,0.0,0.0,0.00394,0.025,2201
k2388,0.0,0.0,0.31067297,0.709968721,0.0,0.212121212,0.0,0.0,0.00563,0.0,2781
k2935,0.0,0.0,0.2673763,0.632042138,0.0,0.0,0.0,0.0,0.00625,0.05,2685
k517,0.222222222,0.0,0.21017922,0.731746798,0.0,0.348484848,0.0,0.0,0.0123,0.025,2722
k379,0.0,0.0,0.40420797,0.73839106,0.0,0.121212121,0.0,0.0,0.00922,0.025,608
k2649,0.111111111,0.0,0.30793899,0.690956304,0.0,0.0303,0.827640719,0.0,0.00461,0.025,1889
k40,0.0,0.0,0.24801223,0.688149487,0.0,0.0,0.0,0.0,0.0136,0.025,1774
k1239,0.0,0.166666667,0.16657993,0.821820173,0.0,0.166666667,0.0,0.0,0.0236,0.125,2669
k2016,0.111111111,0.0,0.17540956,0.755890535,0.0,0.151515152,0.0,0.0,0.0103,0.25,1126
k378,0.111111111,0.0,0.25553149,0.704434452,0.0,0.0909,0.0,0.0,0.0109,0.1,1008
k1121,0.0,0.0,0.45586202,0.784227231,0.0,0.0,0.0,0.0,0.00999,0.025,1059
k1053,0.111111111,0.0,0.1965327,0.714393647,0.0,0.121212121,0.0,0.0,0.00976,0.075,2516
k3357,0.222222222,0.0,0.15636815,0.730408474,0.0,0.106060606,0.0,0.0,0.00821,0.0,2885
k1621,0.0,0.0,0.25420088,0.890319989,0.0645,0.181818182,0.0,0.0,0.00891,0.0,1018
k1965,0.0,0.0,0.31988576,0.767451645,0.0,0.196969697,0.0,0.0,0.00522,0.025,1448
k350,0.0,0.0,0.42139184,0.664083162,0.0,0.0,0.0,0.0,0.00228,0.0,2435
k713,0.0,0.0,0.45192629,0.79277827,0.0,0.0152,0.0,0.0,0.0144,0.025,3196
k3105,0.0,0.0,0.35612893,0.796033517,0.0,0.0303,0.0,0.0,0.0138,0.025,2336
k3287,0.0,0.0,0.49855509,0.701369863,0.0,0.0909,0.0,0.0,0.00591,0.0,2057
k3389,0.0,0.0,0.3056168,0.857883367,0.0645,0.196969697,0.0,0.0,0.00482,0.0,55
k529,0.111111111,0.0,0.31775865,0.767263169,0.0645,0.166666667,0.0,0.0,0.0101,0.05,2163
k2591,0.0,0.0,0.15319191,0.758807689,0.0,0.212121212,0.0,0.0,0.00993,0.0,2433
k3112,0.0,0.0,1.0,0.708119179,0.0,0.0,0.0,0.0,0.000341,0.0,2820
k3420,0.0,0.0,0.0717,0.823355358,0.0,0.378787879,0.0,0.0,0.00697,0.0,1384
k1539,0.222222222,0.0,0.27084911,0.708878521,0.0,0.212121212,0.0,0.0,0.00611,0.0,1132
k2708,0.0,0.0,0.43763524,0.695113313,0.0,0.151515152,0.0,0.0,0.00314,0.0,72
k1062,0.0,0.0,0.29508388,0.713509803,0.0,0.181818182,0.0,0.0,0.00423,0.0,206
k2223,0.0,0.0,0.23430592,0.731005794,0.0,0.242424242,0.0,0.0,0.0107,0.0,34
k2304,0.0,0.0,0.27010176,0.800995312,0.0323,0.196969697,0.0,0.0,0.00585,0.0,3085
k1743,0.111111111,0.0,0.27908534,0.759329741,0.0,0.121212121,0.0,0.0,0.0112,0.05,637
k549,0.444444444,0.0,0.0658,0.769531049,0.0,0.333333333,0.0,0.0,0.0413,0.3,3084
k2607,0.0,0.0,0.43110815,0.669646412,0.0,0.0,0.0,0.0,0.0363,0.025,2185
k2371,0.222222222,0.0,0.29572418,0.732264371,0.0,0.196969697,0.0,0.0,0.00365,0.0,2413
k2634,0.0,0.0,0.19732048,0.723888102,0.0,0.0303,0.894979251,0.0,0.00619,0.1,171
k2260,0.0,0.0,0.0852,0.726549321,0.0,0.242424242,0.0,0.0,0.00678,0.0,3019
k782,0.0,0.0,0.32430154,0.697290726,0.0,0.0455,0.857950659,0.0,0.00396,0.0,2162
k226,0.0,0.0,0.20943749,0.721927993,0.0,0.0152,0.776642802,0.0,0.00616,0.025,3396
k785,0.222222222,0.0,0.2453676,0.728474667,0.0,0.136363636,0.0,0.0,0.0117,0.1,305
k907,0.222222222,0.0,0.23570162,0.85087092,0.129032258,0.196969697,0.0,0.0,0.0056,0.1,1846
k2850,0.0,0.0,0.21176568,0.704702714,0.0,0.0606,0.858847493,0.0,0.00459,0.05,1027
k691,0.222222222,0.0,0.14185378,0.725898325,0.0,0.363636364,0.0,0.0,0.0145,0.1,1620
k313,0.0,0.0833,0.21771921,0.753800832,0.0323,0.0,0.766032803,0.0,0.0379,0.0,2157
k1524,0.222222222,0.0,0.18002841,0.793988608,0.0645,0.303030303,0.0,0.0,0.00787,0.05,2197
k1589,0.0,0.25,0.13880147,0.943987673,0.225806452,0.545454545,0.0,0.0,0.0298,0.1,2170
k344,0.0,0.0,0.34555069,0.73442582,0.0,0.212121212,0.0,0.0,0.0167,0.05,1243
k2251,0.111111111,0.0,0.12948693,0.729882631,0.0,0.212121212,0.0,0.0,0.0173,0.05,1268
k1435,0.0,0.0,0.19873676,0.727321565,0.0,0.136363636,0.0,0.0,0.00531,0.0,2835
k1622,0.111111111,0.0,0.190962,0.75157763,0.0,0.227272727,0.0,0.0,0.0104,0.075,2548
k43,0.0,0.0,0.33204743,0.718211337,0.0,0.242424242,0.856415401,0.0,0.00578,0.0,1870
k2509,0.0,0.0,0.47518352,0.684595963,0.0,0.0,0.0,0.0,0.0104,0.025,831
k3355,0.111111111,0.0,0.24965733,0.740877279,0.0,0.106060606,0.0,0.0,0.0054,0.075,355
k858,0.0,0.0,0.45555055,0.813085213,0.0,0.0758,0.0,0.0,0.00848,0.0,2451
k813,0.0,0.0,0.3309181,0.716871022,0.0,0.287878788,0.0,0.0,0.00438,0.0,2693
k2480,0.111111111,0.0,0.30568787,0.777507586,0.0323,0.121212121,0.0,0.0,0.00833,0.15,1858
k1180,0.0,0.0,0.26594478,0.703219712,0.0,0.0152,0.0,0.0,0.00611,0.0,1736
k148,0.0,0.0,0.21692069,0.729971261,0.0,0.121212121,0.0,0.0,0.0187,0.05,627
k674,0.0,0.0,0.42369676,0.640322733,0.0,0.0,0.0,0.0,0.00707,0.025,1735
k2349,0.0,0.0,0.31616929,0.742798796,0.0,0.0,0.0,0.0,0.0141,0.05,2986
k610,0.0,0.0,0.37285638,0.697499761,0.0,0.0606,0.846459027,0.0,0.00348,0.0,2113
k1490,0.0,0.0833,0.61693704,0.691855041,0.0,0.0,0.0,0.0,0.0258,0.025,3121
k1658,0.0,0.0,0.35544062,0.744571041,0.0,0.0,0.877316187,0.0,0.00436,0.0,2250
k1765,0.0,0.0,0.38083416,0.66800805,0.0,0.166666667,0.0,0.0,0.00301,0.0,9
k2588,0.0,0.0,0.37119594,0.702457728,0.0,0.0152,0.821423686,0.0,0.00712,0.0,1030
k1047,0.0,0.0,0.26475945,0.713067,0.0,0.181818182,0.847325459,0.0,0.00605,0.0,629
k1719,0.0,0.0,0.48705384,0.795614451,0.0,0.0152,0.0,0.0,0.0111,0.0,1655
k2074,0.0,0.0833,0.27571535,0.753839423,0.0,0.0606,0.0,0.0,0.0122,0.025,386
k2578,0.0,0.0,0.2285836,0.697226675,0.0,0.121212121,0.879398665,0.0,0.00401,0.0,747
k920,0.111111111,0.0,0.23850885,0.749977706,0.0,0.106060606,0.0,0.0,0.0112,0.125,45
k2324,0.111111111,0.0,0.25511923,0.734113913,0.0323,0.212121212,0.0,0.0,0.0116,0.025,220
k2327,0.0,0.0,0.19811425,0.722644265,0.0,0.0455,0.0,0.0,0.00619,0.05,2335
k339,0.0,0.0,0.55516058,0.768610605,0.0,0.0,0.0,0.0,0.0275,0.025,2169
k2379,0.0,0.0833,0.15674002,0.820470785,0.0,0.242424242,0.0,0.0,0.0162,0.2,2014
k3358,0.222222222,0.0,0.18008108,0.691089305,0.0,0.151515152,0.0,0.0,0.0106,0.025,1270
k479,0.0,0.0,0.40735796,0.592234071,0.0,0.0,0.0,0.0,0.0212,0.0,2834
k3380,0.0,0.0,0.25569519,0.699332458,0.0,0.0606,0.0,0.441583539,0.0311,0.15,1644
k961,0.0,0.0,0.22965203,0.596763018,0.0,0.0455,0.0,0.0,0.00227,0.05,1956
k1465,0.0,0.0,0.37569606,0.710716845,0.0,0.181818182,0.852417651,0.0,0.00647,0.0,2642
k986,0.111111111,0.0,0.22288603,0.69411626,0.0,0.106060606,0.0,0.0,0.0116,0.025,1320
k513,0.0,0.25,0.18256009,0.955479794,0.322580645,0.272727273,0.0,0.0,0.0216,0.075,2822
k2384,0.222222222,0.0,0.24537487,0.716626305,0.0,0.0152,0.0,0.0,0.00663,0.05,1
k1831,0.111111111,0.0,0.25645623,0.71364468,0.0,0.166666667,0.0,0.0,0.00449,0.0,449
k1504,0.0,0.0,0.24793325,0.722571715,0.0,0.0,0.817000319,0.0,0.00462,0.0,983
k820,0.111111111,0.0,0.28763017,0.715949123,0.0,0.181818182,0.0,0.0,0.0101,0.025,2205
k648,0.444444444,0.166666667,0.14557801,0.788678421,0.0,0.348484848,0.821651694,0.0,0.0193,0.0,802
k3196,0.0,0.0,0.30568194,0.678652735,0.0,0.151515152,0.0,0.0,0.00323,0.0,122
k3381,0.0,0.0,0.70284647,0.726377384,0.0323,0.0,0.0,0.0,0.0156,0.025,824
k1614,0.222222222,0.25,0.22424777,0.851068278,0.0645,0.121212121,0.0,0.0,0.006,0.175,18
k808,0.333333333,0.0,0.21503724,0.735977658,0.0,0.181818182,0.0,0.0,0.0067,0.025,1267
k1374,0.0,0.0,0.48768616,0.776990434,0.0,0.0,0.0,0.0,0.0117,0.0,403
k2457,0.0,0.0,0.50262588,0.620792283,0.0,0.0,0.0,0.0,0.00269,0.05,3305
k3270,0.0,0.0,0.39067835,0.730073481,0.0,0.0455,0.0,0.0,0.0048,0.0,2393
k1243,0.0,0.416666667,0.15413716,0.962382326,0.0,0.348484848,0.0,0.0,0.0322,0.0,1312
k2629,0.111111111,0.0,0.22020875,0.713146058,0.0,0.121212121,0.0,0.0,0.0108,0.025,2049
k835,0.0,0.0,0.6838643,0.532902332,0.0,0.0,0.0,0.0,0.00143,0.0,1594
k996,0.0,0.0,0.27241302,0.716657316,0.0,0.0758,0.0,0.0,0.0124,0.05,3076
k1110,0.0,0.666666667,0.11203725,0.959870379,0.35483871,0.348484848,0.0,0.0,0.02,0.2,1593
k2128,0.111111111,0.0,0.2358702,0.853915141,0.0,0.181818182,0.0,0.0,0.0056,0.1,3310
k2179,0.111111111,0.0,0.4030202,0.701716801,0.0,0.106060606,0.0,0.0,0.00385,0.0,901
k2980,0.111111111,0.0,0.20634727,0.836830673,0.0,0.106060606,0.0,0.0,0.014,0.075,3248
k3210,0.0,0.0,0.25111261,0.697138773,0.0,0.121212121,0.845820603,0.0,0.0061,0.0,636
k1282,0.222222222,0.0,0.26047972,0.744505038,0.0,0.181818182,0.0,0.0,0.00585,0.05,1170
k2474,0.0,0.333333333,0.18657681,0.841646181,0.0,0.0909,0.0,0.0,0.00566,0.175,3367
k1229,0.0,0.0,0.35884464,0.718711644,0.0,0.242424242,0.0,0.0,0.00319,0.0,2996
k160,0.111111111,0.166666667,0.0991,0.836580328,0.193548387,0.106060606,0.910453433,0.0,0.0181,0.3,1145
k2115,0.222222222,0.0,0.21257818,0.737119428,0.0,0.212121212,0.0,0.0,0.0067,0.025,280
k3433,0.0,0.0,0.61923742,0.728954989,0.0,0.0,0.0,0.0,0.00519,0.025,870
k750,0.0,0.0,0.22474721,0.718200847,0.0323,0.0,0.0,0.0,0.0359,0.025,3392
k1288,0.0,0.0,0.49320638,0.642801907,0.0,0.0,0.0,0.0,0.0171,0.0,2479
k1271,0.0,0.0,0.27530301,0.745728622,0.0,0.0455,0.0,0.0,0.0216,0.075,2275
k3344,0.0,0.0,0.55457401,0.725547559,0.0,0.0152,0.0,0.0,0.00394,0.025,1414
k2551,0.111111111,0.0,0.11914419,0.745409249,0.0,0.166666667,0.86381808,0.0,0.0188,0.075,1616
k1156,0.0,0.0,0.22198288,0.724803378,0.0,0.136363636,0.0,0.0,0.00803,0.0,1940
k805,0.0,0.0,0.22488472,0.674687495,0.0,0.0455,0.721920744,0.0,0.0151,0.05,2972
k2031,0.0,0.0,0.45499104,0.800995044,0.0,0.242424242,0.0,0.0,0.00361,0.05,1105
k355,0.0,0.166666667,0.17211457,0.729750012,0.0,0.0303,0.0,0.0,0.0311,0.1,1440
k462,0.0,0.0,0.29726735,0.697946661,0.0,0.0909,0.0,0.0,0.00724,0.0,1880
k331,0.0,0.0,0.2373955,0.721601615,0.0,0.121212121,0.860337149,0.0,0.0035,0.0,1639
k3137,0.444444444,0.0,0.21877368,0.77651551,0.0645,0.151515152,0.0,0.0,0.00725,0.05,300
k938,0.0,0.0,0.23076166,0.774649774,0.0,0.196969697,0.0,0.0,0.00535,0.0,1603
k2709,0.444444444,0.0,0.21877369,0.776451881,0.0,0.151515152,0.0,0.0,0.00725,0.05,540
k1875,0.0,0.0,0.17111215,0.707850802,0.0,0.242424242,0.0,0.0,0.0115,0.075,1860
k2775,0.0,0.0,0.21035293,0.667790706,0.0,0.0303,0.0,0.0,0.00962,0.05,104
k2092,0.0,0.0,0.14269459,0.765595519,0.161290323,0.0,0.0,0.13239745,0.015,0.175,1103
k1943,0.111111111,0.0,0.2108921,0.688116639,0.0,0.0606,0.0,0.0,0.00951,0.025,2734
k387,0.0,0.25,0.45567867,0.852562383,0.0,0.0303,0.0,0.0,0.000979,0.1,3056
k2282,0.0,0.0,0.42125368,0.797404881,0.0,0.0758,0.0,0.0,0.0107,0.1,3074
k1929,0.111111111,0.0,0.10055463,0.737228616,0.0,0.0303,0.0,0.0,0.015,0.0,2990
k206,0.111111111,0.166666667,0.0993,0.836963407,0.0,0.181818182,0.0,0.0,0.0209,0.325,2090
k2234,0.222222222,0.0,0.3050088,0.730023673,0.0,0.151515152,0.0,0.0,0.00379,0.05,1096
k2347,0.111111111,0.0,0.29435167,0.741921154,0.0,0.318181818,0.0,0.0,0.0063,0.05,334
k955,0.0,0.0,0.19740154,0.728575088,0.0,0.257575758,0.886041315,0.0,0.00965,0.0,2754
k1825,0.0,0.0,0.16878593,0.794665369,0.0968,0.0606,0.0,0.0,0.0144,0.15,2459
k439,0.111111111,0.0,0.1,0.770962942,0.0,0.151515152,0.0,0.0,0.0163,0.35,1709
k153,0.0,0.0,0.31561962,0.739464759,0.0,0.242424242,0.939212914,0.0,0.00448,0.0,1367
k2003,0.0,0.0,0.33650163,0.756889234,0.0323,0.287878788,0.0,0.0,0.00579,0.1,710
k2856,0.111111111,0.0,0.20394617,0.721045451,0.0,0.0152,0.787131196,0.0,0.00674,0.075,1756
k1985,0.0,0.416666667,0.12067518,0.922046503,0.290322581,0.0758,0.0,0.0,0.0156,0.25,2328
k921,0.0,0.0,0.41288233,0.67287708,0.0,0.0152,0.0,0.0,0.0215,0.075,2733
k642,0.111111111,0.0,0.24185514,0.770167535,0.0645,0.0909,0.0,0.0,0.00698,0.05,2218
k1203,0.0,0.0,0.24339119,0.728355907,0.0,0.0,0.0,0.0,0.00864,0.1,2647
k1659,0.444444444,0.0,0.24394791,0.740446612,0.0,0.166666667,0.0,0.0,0.00543,0.0,3332
k242,0.0,0.0,0.28632462,0.729816284,0.0,0.303030303,0.0,0.0,0.00533,0.0,2271
k2414,0.0,0.0833,0.19105135,0.720643192,0.0,0.0455,0.0,0.0,0.028,0.025,1237
k1458,0.111111111,0.0,0.28556368,0.805362965,0.0,0.212121212,0.0,0.0,0.00616,0.075,1581
k196,0.0,0.0,0.35106292,0.746052282,0.0,0.121212121,0.0,0.0,0.0236,0.05,839
k2711,0.0,0.0,0.26691964,0.680145232,0.0,0.227272727,0.800066883,0.0,0.00371,0.0,2467
k1475,0.0,0.0,0.42172271,0.683336773,0.0,0.0152,0.0,0.0,0.00747,0.075,111
k1891,0.0,0.0,0.39671409,0.720636798,0.0,0.0,0.0,0.0,0.0134,0.1,2108
k826,0.0,0.0,0.32725352,0.706549078,0.0,0.0,0.0,0.0,0.0127,0.0,2646
k2329,0.0,0.0,0.70297331,0.547375045,0.0,0.0,0.0,0.0,0.00249,0.025,3030
k2449,0.0,0.0,0.4206475,0.759474688,0.0,0.0,0.0,0.0,0.0119,0.0,1306
k1095,0.0,0.0,0.19706197,0.812214156,0.0323,0.212121212,0.0,0.10585208,0.0227,0.05,3259
k2586,0.222222222,0.0,0.19505681,0.726319497,0.0,0.166666667,0.0,0.0,0.00658,0.0,2436
k1617,0.0,0.0,0.11402833,0.890369759,0.0645,0.196969697,0.0,0.0,0.00602,0.0,2699
k1754,0.0,0.0,0.18345234,0.698595666,0.0,0.0455,0.0,0.0,0.00687,0.05,1382
k3283,0.0,0.0,0.081,0.746180077,0.0,0.242424242,0.0,0.0,0.0041,0.0,2188
k2579,0.0,0.0,0.32318911,0.718917731,0.0,0.0455,0.0,0.0,0.00521,0.0,1457
k1911,0.0,0.0,0.48999298,0.758336708,0.0,0.0758,0.0,0.0,0.00589,0.0,2654
k388,0.0,0.0,0.26798126,0.713340545,0.0323,0.0,0.786948789,0.0,0.0385,0.0,2520
k2033,0.0,0.0,0.15983044,0.758520093,0.0,0.121212121,0.0,0.0,0.00639,0.0,3042
k2495,0.333333333,0.0,0.23028193,0.774417844,0.0,0.106060606,0.0,0.0,0.00698,0.05,3296
k30,0.0,0.0,0.23536803,0.804029579,0.0323,0.0152,0.0,0.0,0.00919,0.15,1156
k732,0.0,0.0,0.36447614,0.69197851,0.0,0.0152,0.0,0.0,0.00381,0.1,1085
k1673,0.0,0.0,0.17234689,0.722168078,0.0,0.106060606,0.0,0.0,0.00783,0.025,1400
k3335,0.0,0.0,0.46907344,0.643716341,0.0,0.0606,0.0,0.0,0.00231,0.0,473
k2880,0.0,0.0,0.3177529,0.762298005,0.0,0.0909,0.0,0.0,0.0197,0.05,2132
k521,0.0,0.0,0.19247988,0.764994906,0.0,0.181818182,0.0,0.0,0.0153,0.1,590
k2299,0.222222222,0.0,0.18709929,0.69847013,0.0,0.303030303,0.0,0.0,0.0118,0.025,2120
k1716,0.0,0.0,0.46319652,0.730423443,0.0,0.0,0.0,0.0,0.0243,0.05,1936
k829,0.111111111,0.0,0.12406495,0.84796552,0.0,0.196969697,0.0,0.0,0.0321,0.05,2379
k2834,0.111111111,0.0,0.31840917,0.77668829,0.0,0.212121212,0.0,0.0,0.00678,0.075,1597
k1755,0.0,0.0,0.27647382,0.735429151,0.0323,0.181818182,0.0,0.0,0.00581,0.075,2695
k3056,0.333333333,0.0,0.17250209,0.811326368,0.0968,0.212121212,0.0,0.0,0.00796,0.275,639
k1611,0.111111111,0.0,0.25586706,0.796559207,0.0,0.212121212,0.0,0.0,0.00553,0.175,638
k2899,0.0,0.0,0.20009328,0.716049238,0.0,0.0152,0.0,0.0,0.0137,0.025,2570
k2146,0.0,0.0,0.16666667,0.704403058,0.0,0.0455,0.0,0.0,0.00698,0.0,2512
k2263,0.0,0.0,0.18352485,0.689968746,0.0,0.181818182,0.806131911,0.0,0.00511,0.0,979
k2744,0.0,0.0,0.37112188,0.722052075,0.0,0.0,0.0,0.0,0.0688,0.0,456
k3182,0.0,0.0,0.16614233,0.747035897,0.0,0.212121212,0.0,0.0,0.02,0.0,1345
k702,0.333333333,0.0,0.33235183,0.731419845,0.0,0.181818182,0.0,0.0,0.00606,0.0,1426
k596,0.0,0.0,0.19102454,0.713045713,0.0,0.257575758,0.0,0.0,0.00738,0.05,1817
k2985,0.333333333,0.0,0.17601047,0.711804978,0.0,0.151515152,0.0,0.0,0.0098,0.075,1968
k2613,0.111111111,0.0,0.32179344,0.778940397,0.0,0.227272727,0.0,0.0,0.00483,0.15,2694
k2281,0.0,0.0,0.28344652,0.881955435,0.0645,0.151515152,0.0,0.0,0.00515,0.0,1212
k984,0.222222222,0.0,0.20477082,0.714429328,0.0,0.121212121,0.0,0.0,0.0058,0.0,1401
k1076,0.0,0.0,0.32714671,0.692449069,0.0,0.0152,0.0,0.0,0.00676,0.025,2006
k2667,0.111111111,0.0,0.3744835,0.733730375,0.0,0.151515152,0.0,0.0,0.00833,0.05,277
k2926,0.0,0.0,0.16128898,0.713005667,0.0,0.257575758,0.0,0.0,0.0084,0.025,2779
k2192,0.111111111,0.0,0.17922744,0.779301577,0.0323,0.242424242,0.0,0.183679882,0.0215,0.05,2747
k2291,0.0,0.0,0.54528165,0.628526745,0.0,0.0,0.0,0.0,0.0259,0.025,3388
k2289,0.0,0.0,0.23880565,0.739527737,0.0,0.257575758,0.0,0.0,0.00555,0.0,1519
k2101,0.0,0.25,0.1892422,0.84521257,0.0,0.196969697,0.0,0.0,0.0109,0.075,221
k1427,0.0,0.0,0.43794307,0.792833132,0.0,0.0909,0.0,0.0,0.0104,0.05,2041
k1145,0.0,0.0,0.20587233,0.707646705,0.0,0.257575758,0.0,0.0,0.0115,0.025,966
k2817,0.0,0.0,0.60343426,0.773158387,0.0,0.0,0.0,0.0,0.0113,0.05,775
k2054,0.0,0.0,0.20704046,0.796920195,0.0323,0.318181818,0.896301701,0.0,0.0132,0.0,3127
k599,0.0,0.0,0.20232038,0.709379976,0.0,0.0455,0.863848481,0.0,0.00459,0.05,2457
k1525,0.0,0.0,0.24278632,0.69821163,0.0,0.181818182,0.0,0.0,0.00769,0.0,1621
k1027,0.0,0.0,0.33138239,0.718129484,0.0,0.363636364,0.0,0.0,0.00438,0.0,984
k1101,0.0,0.0,0.37769848,0.711652566,0.0,0.212121212,0.0,0.0,0.00458,0.05,1339
k2202,0.0,0.0,0.30756164,0.69592767,0.0,0.0758,0.0,0.0,0.00386,0.0,1406
k3255,0.333333333,0.0,0.21886727,0.775158274,0.0,0.181818182,0.0,0.0,0.00725,0.05,2999
k1030,0.0,0.0,0.24359359,0.71471658,0.0323,0.121212121,0.0,0.0,0.0109,0.025,441
k241,0.111111111,0.0,0.15353289,0.787934775,0.0645,0.0606,0.770334565,0.0,0.00939,0.1,1029
k917,0.0,0.0,0.26786348,0.692315148,0.0,0.0606,0.0,0.0,0.0076,0.0,534
k3339,0.0,0.0,0.25522861,0.767035527,0.0,0.303030303,0.0,0.0,0.00557,0.0,1064
k722,0.111111111,0.0833,0.20606861,0.734153346,0.0,0.242424242,0.0,0.0,0.0176,0.075,2663
k2823,0.0,0.0,0.38378674,0.716893381,0.0645,0.0303,0.0,0.0,0.00413,0.05,1529
k1272,0.444444444,0.0,0.15179226,0.732475397,0.0,0.136363636,0.0,0.0,0.00821,0.0,1392
k1050,0.111111111,0.0,0.2069573,0.701023462,0.0,0.0606,0.0,0.0,0.0113,0.075,2345
k3311,0.0,0.0,0.20019868,0.788677846,0.0323,0.242424242,0.0,0.0,0.0245,0.05,3007
k3226,0.222222222,0.0,0.068,0.748905921,0.0,0.272727273,0.899402618,0.0,0.0358,0.05,2193
k1177,0.111111111,0.0,0.2768493,0.785914866,0.0,0.196969697,0.0,0.0,0.00579,0.05,2243
k1813,0.0,0.0,0.19714977,0.685289838,0.0,0.0606,0.0,0.0,0.00422,0.1,2678
k2019,0.0,0.0,0.15091255,0.874214771,0.0,0.348484848,0.0,0.0,0.0441,0.075,1294
k2542,0.222222222,0.0,0.38103637,0.684600327,0.0,0.121212121,0.0,0.0,0.00473,0.0,3415
k2716,0.0,0.0,0.20479558,0.784557821,0.0323,0.151515152,0.0,0.0,0.00576,0.05,1049
k2883,0.444444444,0.0,0.25053489,0.721526845,0.0,0.151515152,0.0,0.0,0.00501,0.0,614
k32,0.0,0.0,0.28622776,0.698912856,0.0323,0.0152,0.798273215,0.0,0.0195,0.075,460
k1345,0.111111111,0.0,0.20927498,0.781961686,0.0323,0.121212121,0.0,0.0,0.00754,0.0,236
k3034,0.0,0.0,0.25745729,0.739287308,0.0323,0.181818182,0.0,0.0,0.0139,0.0,538
k2933,0.666666667,0.0,0.20109567,0.727828227,0.0,0.106060606,0.0,0.0,0.00514,0.05,43
k3231,0.0,0.0,0.082,0.765594523,0.0,0.287878788,0.0,0.0,0.00421,0.0,3062
k564,0.0,0.0,0.28011605,0.746053392,0.0,0.166666667,0.0,0.0,0.033,0.075,2729
k689,0.444444444,0.0,0.29025486,0.724422176,0.0,0.106060606,0.0,0.0,0.00484,0.0,3103
k345,0.0,0.0,0.2886723,0.686976286,0.0,0.151515152,0.0,0.0,0.00406,0.0,85
k175,0.0,0.0,0.34757674,0.75534398,0.0,0.0303,0.0,0.0,0.00642,0.125,2899
k1024,0.0,0.0,0.0783,0.808090187,0.0,0.242424242,0.0,0.0,0.00529,0.0,1748
k2827,0.0,0.0,0.27736798,0.706756927,0.0,0.0606,0.0,0.0,0.00466,0.075,3086
k954,0.222222222,0.0,0.23587443,0.850443278,0.129032258,0.242424242,0.0,0.0,0.00589,0.1,2109
k1207,0.0,0.0,0.23515455,0.713968647,0.0,0.0303,0.871874382,0.0,0.00493,0.075,2919
k1317,0.111111111,0.0833,0.22967428,0.874069212,0.0,0.212121212,0.0,0.0,0.00536,0.1,1324
k287,0.111111111,0.0,0.27703595,0.771149427,0.0,0.227272727,0.0,0.0,0.00622,0.05,469
k327,0.222222222,0.0,0.10138673,0.753878933,0.0,0.212121212,0.929180537,0.0,0.0224,0.025,800
k67,0.0,0.0,0.50673109,0.703942453,0.0,0.0303,0.839041148,0.0,0.00269,0.0,1631
k736,0.111111111,0.0,0.36597702,0.670883052,0.0,0.227272727,0.0,0.0,0.00311,0.0,3040
k1822,0.0,0.0,0.12635399,0.699482611,0.0,0.151515152,0.0,0.511410556,0.0207,0.15,1896
k1086,0.222222222,0.0,0.39767137,0.745096347,0.0,0.151515152,0.0,0.0,0.00581,0.025,1488
k608,0.111111111,0.0,0.4752011,0.744501477,0.0323,0.121212121,0.0,0.0,0.00754,0.025,1695
k983,0.0,0.0,0.33260894,0.731756139,0.0,0.227272727,0.0,0.0,0.00528,0.0,3220
k3135,0.222222222,0.0,0.13285521,0.73137421,0.0,0.0152,0.0,0.0,0.0104,0.0,1974
k547,0.444444444,0.0,0.16672459,0.825661447,0.0,0.166666667,0.0,0.0,0.00805,0.0,2626
k1447,0.0,0.0,0.27855581,0.736193968,0.0,0.0606,0.0,0.0,0.0123,0.15,3092
k1591,0.0,0.0,0.28384611,0.691202207,0.0,0.106060606,0.0,0.0,0.00664,0.025,884
k47,0.222222222,0.0,0.19599709,0.767222357,0.0,0.166666667,0.0,0.0,0.00604,0.0,2812
k375,0.0,0.0,0.2017668,0.77823297,0.0,0.0606,0.0,0.0,0.012,0.075,421
k2300,0.111111111,0.0,0.35981765,0.741778925,0.0,0.242424242,0.0,0.0,0.00475,0.025,807
k1861,0.0,0.0,0.49642524,0.8019081,0.0,0.0909,0.0,0.0,0.00784,0.05,3215
k3134,0.0,0.0,0.19845417,0.729700357,0.0,0.121212121,0.0,0.0,0.0148,0.0,2735
k1830,0.0,0.0,0.75126094,0.758187933,0.0,0.0,0.0,0.0,0.00443,0.05,806
k2930,0.0,0.0,0.082,0.738227124,0.0,0.242424242,0.0,0.0,0.00421,0.0,3255
k1212,0.222222222,0.0,0.16516651,0.808441604,0.0,0.106060606,0.0,0.0,0.0185,0.1,309
k70,0.111111111,0.0,0.23587503,0.797725632,0.0,0.242424242,0.843069299,0.165570583,0.0127,0.05,502
k759,0.111111111,0.0,0.30444899,0.77309985,0.0645,0.166666667,0.0,0.0,0.00484,0.05,282
k5,0.111111111,0.0,0.36514455,0.718387524,0.0,0.121212121,0.0,0.0,0.00389,0.05,703
k1259,0.111111111,0.0,0.31387728,0.767106431,0.0323,0.333333333,0.0,0.0,0.00706,0.1,3071
k1052,0.0,0.0,0.32802472,0.694859446,0.0,0.0758,0.0,0.0,0.00375,0.075,3381
k2477,0.0,0.0,0.23399025,0.72905028,0.0323,0.0,0.795035493,0.0,0.05,0.0,3284
k2626,0.111111111,0.0,0.38887128,0.728928611,0.0,0.0606,0.0,0.0,0.0106,0.0,2688
k857,0.0,0.0,0.24728177,0.735150131,0.0,0.0303,0.0,0.0,0.0168,0.075,1993
k1241,0.0,0.0,0.40285051,0.708332847,0.0,0.181818182,0.0,0.0,0.0033,0.0,398
k2718,0.0,0.0,0.36667201,0.772637981,0.0,0.212121212,0.0,0.0,0.0046,0.025,3132
k2845,0.222222222,0.0,0.16888954,0.738266825,0.0,0.106060606,0.0,0.0,0.0105,0.05,1328
k1387,0.0,0.0,0.13718227,0.773019643,0.0,0.181818182,0.0,0.0,0.0114,0.075,2701
k621,0.0,0.0,0.27104452,0.684364645,0.0323,0.0,0.0,0.0,0.0111,0.05,2912
k1445,0.222222222,0.0,0.14987113,0.745377473,0.0,0.318181818,0.0,0.0,0.0158,0.025,2640
k655,0.0,0.0,0.12855753,0.774914399,0.0,0.166666667,0.0,0.0,0.00632,0.0,733
k2596,0.222222222,0.0,0.25533563,0.850310659,0.129032258,0.136363636,0.0,0.0,0.00495,0.1,1733
k3370,0.111111111,0.0,0.21713217,0.71322236,0.0,0.0909,0.0,0.0,0.00973,0.025,3244
k425,0.111111111,0.0,0.35973743,0.739056106,0.0,0.303030303,0.0,0.0,0.00601,0.025,3294
k2972,0.0,0.0,0.27886161,0.675309662,0.0,0.121212121,0.0,0.0,0.00534,0.025,692
k77,0.111111111,0.0,0.12687568,0.784636419,0.0323,0.151515152,0.890753492,0.0,0.0119,0.025,3293
k623,0.111111111,0.166666667,0.13585559,0.826312596,0.0,0.0606,0.0,0.0,0.0119,0.225,1177
k473,0.0,0.0,0.30266258,0.697742105,0.0,0.121212121,0.0,0.0,0.00724,0.0,2111
k1162,0.222222222,0.0,0.2875903,0.864455117,0.0645,0.333333333,0.0,0.0,0.00516,0.05,2084
k1408,0.0,0.0,0.39453748,0.80090787,0.0,0.333333333,0.0,0.0,0.0051,0.05,1358
k58,0.111111111,0.0,0.28701475,0.765026299,0.0,0.212121212,0.0,0.0,0.00716,0.025,2125
k2692,0.111111111,0.0,0.31241921,0.716133388,0.0,0.363636364,0.0,0.0,0.00438,0.0,2450
k1973,0.0,0.0,0.48158652,0.809795165,0.0,0.0303,0.0,0.0,0.00848,0.0,1537
k1971,0.333333333,0.0,0.11844772,0.730966284,0.0,0.287878788,0.0,0.0,0.0167,0.1,868
k1499,0.0,0.0,0.41348764,0.695325526,0.0,0.0606,0.83695867,0.0,0.00404,0.05,2183
k1853,0.0,0.0,0.5857774,0.662026116,0.0,0.0455,0.0,0.0,0.00307,0.075,3329
k2425,0.0,0.0,0.14809921,0.751178472,0.0,0.0606,0.0,0.0,0.0121,0.0,1210
k2497,0.0,0.0,0.18672238,0.692779774,0.0,0.136363636,0.0,0.0,0.00742,0.125,2896
k3004,0.0,0.0,0.48867625,0.797371458,0.0,0.0758,0.0,0.0,0.00844,0.0,1532
k1019,0.111111111,0.0,0.21172002,0.725805523,0.0,0.0606,0.0,0.0,0.00892,0.075,1494
k117,0.0,0.0,0.29788163,0.703724383,0.0,0.121212121,0.855472966,0.0,0.00829,0.05,1464
k322,0.0,0.0,0.30440471,0.721544915,0.0,0.0455,0.0,0.0,0.00579,0.0,516
k2326,0.0,0.0,0.0965,0.80374095,0.0323,0.106060606,0.0,0.0,0.00432,0.0,1102
k1867,0.222222222,0.0,0.19678517,0.723688944,0.0,0.181818182,0.0,0.0,0.00658,0.0,3064
k1998,0.0,0.0,0.24003811,0.729669117,0.0,0.121212121,0.884962075,0.0,0.00755,0.0,3385
k385,0.0,0.0,0.30331013,0.70127687,0.0,0.212121212,0.8670102,0.0,0.0037,0.0,2677
k122,0.0,0.0,0.30474952,0.66707007,0.0,0.121212121,0.0,0.0,0.00323,0.0,1501
k2394,0.444444444,0.0,0.17969248,0.741596383,0.0,0.166666667,0.0,0.0,0.00604,0.0,2350
k824,0.0,0.0,0.55560017,0.708800726,0.0,0.212121212,0.0,0.0,0.0047,0.05,2727
k2811,0.0,0.0,0.2024644,0.702851947,0.0323,0.121212121,0.0,0.0,0.00877,0.075,1155
k2640,0.0,0.0,0.23724592,0.722470949,0.0,0.333333333,0.867466217,0.0,0.00701,0.0,823
k1868,0.111111111,0.0,0.0926,0.730936078,0.0,0.181818182,0.0,0.0,0.0161,0.05,2758
k870,0.0,0.0,0.43116859,0.847726392,0.0,0.0303,0.0,0.0,0.0273,0.025,3187
k2846,0.111111111,0.0,0.27080637,0.805339419,0.0,0.181818182,0.0,0.0,0.0067,0.075,1518
k1870,0.111111111,0.0,0.17344983,0.716301267,0.0,0.151515152,0.0,0.0,0.00898,0.025,3371
k1195,0.333333333,0.0,0.20014937,0.764806889,0.0,0.227272727,0.0,0.0,0.00818,0.075,159
k526,0.0,0.0,0.18433201,0.733884548,0.0,0.0909,0.0,0.0,0.0249,0.0,13
k1863,0.0,0.0,0.69184422,0.718843535,0.0,0.0,0.0,0.0,0.0607,0.025,3345
k1894,0.111111111,0.0,0.36026448,0.731079914,0.0,0.287878788,0.0,0.0,0.00505,0.025,3191
k107,0.0,0.0,0.26346684,0.697382916,0.0,0.181818182,0.0,0.0,0.00726,0.0,344
k562,0.0,0.0,0.47202888,0.736208669,0.0,0.0,0.864836518,0.0,0.00414,0.0,1650
k1182,0.111111111,0.0,0.27828026,0.74251656,0.0,0.212121212,0.0,0.0,0.00884,0.175,986
k1264,0.111111111,0.0,0.18960452,0.713741005,0.0,0.242424242,0.903901987,0.0,0.00629,0.0,1410
k2903,0.0,0.0,0.24365683,0.790860505,0.0,0.181818182,0.0,0.0,0.015,0.2,1084
k2877,0.0,0.0,0.40811461,0.72764714,0.0,0.0152,0.0,0.0,0.0249,0.075,2131
k1647,0.0,0.0,0.25704297,0.765861675,0.0,0.378787879,0.0,0.0,0.00557,0.0,557
k2443,0.0,0.0,0.2819894,0.733564257,0.0,0.0909,0.881754754,0.0,0.00602,0.0,1678
k426,0.0,0.25,0.15294242,0.83578117,0.0645,0.303030303,0.0,0.0,0.0134,0.125,3261
k2377,0.0,0.0,0.60016698,0.745204157,0.0,0.0,0.0,0.0,0.00519,0.025,222
k1449,0.0,0.0,0.22697628,0.756696432,0.0,0.121212121,0.872406402,0.0,0.0039,0.0,399
k2419,0.111111111,0.0,0.30111489,0.821324269,0.0645,0.181818182,0.0,0.0,0.00842,0.0,1511
k3416,0.0,0.0,0.30257148,0.702269787,0.0,0.121212121,0.856415401,0.0,0.00545,0.05,2649
k64,0.0,0.0,0.12024178,0.735769427,0.0,0.0909,0.0,0.0,0.011,0.0,654
k3291,0.0,0.0,0.2481634,0.682076857,0.0,0.0152,0.0,0.0,0.0159,0.05,674
k2651,0.111111111,0.166666667,0.0908,0.836021407,0.193548387,0.136363636,0.94840926,0.0,0.0223,0.375,146
k1386,0.0,0.0,0.13487384,0.765214699,0.0323,0.181818182,0.0,0.0,0.0133,0.025,113
k1689,0.0,0.0,0.22610822,0.700252635,0.0,0.0455,0.790004104,0.0,0.0054,0.0,3341
k833,0.0,0.0,0.22371687,0.736452659,0.0323,0.0758,0.0,0.0,0.019,0.125,3256
k748,0.0,0.0,0.24034923,0.890323396,0.0645,0.181818182,0.0,0.0,0.00704,0.0,2138
k3083,0.111111111,0.0,0.13445975,0.808547691,0.0,0.242424242,0.0,0.0,0.0114,0.35,2075
k2746,0.111111111,0.0,0.34984478,0.703592683,0.0,0.151515152,0.0,0.0,0.00314,0.075,1551
k1054,0.0,0.0,0.37639892,0.802126171,0.0323,0.0909,0.0,0.0,0.00755,0.1,2728
k659,0.333333333,0.0,0.16686262,0.764765809,0.0,0.318181818,0.0,0.0,0.00985,0.075,777
k2027,0.111111111,0.0,0.40092573,0.857686583,0.0645,0.196969697,0.0,0.0,0.00368,0.05,2589
k1809,0.111111111,0.0,0.26250044,0.804346233,0.0323,0.318181818,0.0,0.0,0.00629,0.05,2510
k1144,0.0,0.166666667,0.38167635,0.840347291,0.0323,0.333333333,0.0,0.0,0.00535,0.05,621
k3314,0.0,0.0,0.27582431,0.902843734,0.0,0.106060606,0.0,0.0,0.0125,0.125,117
k756,0.0,0.0833,0.2711767,0.868601521,0.0,0.0758,0.0,0.0,0.0179,0.125,2184
k1997,0.222222222,0.0,0.26048249,0.734548522,0.0,0.196969697,0.0,0.0,0.0046,0.0,1083
k2919,0.0,0.0,0.0818,0.754703092,0.0,0.257575758,0.0,0.0,0.0041,0.0,1623
k873,0.0,0.166666667,0.13094933,0.842236726,0.0,0.257575758,0.0,0.0,0.0216,0.325,970
k580,0.0,0.0,0.3474164,0.687004042,0.0,0.0303,0.0,0.0,0.00615,0.0,2976
k1248,0.111111111,0.0,0.2104858,0.73609347,0.0,0.0606,0.0,0.0,0.0113,0.025,1496
k3340,0.0,0.0,0.29097599,0.695948956,0.0,0.121212121,0.85293447,0.0,0.0067,0.0,1960
k1812,0.0,0.0,0.082,0.721620757,0.0,0.363636364,0.0,0.0,0.00445,0.0,1975
k1726,0.0,0.0,0.25006756,0.757250145,0.0323,0.257575758,0.0,0.0,0.00888,0.15,73
k3425,0.0,0.0,0.24679871,0.700987781,0.0,0.151515152,0.0,0.0,0.0101,0.0,1080
k430,0.0,0.0,0.30485815,0.86092487,0.0645,0.257575758,0.0,0.0,0.00505,0.0,2629
k1898,0.0,0.0,0.35417378,0.724923401,0.0,0.106060606,0.883898035,0.0,0.00365,0.0,919
k1265,0.333333333,0.0,0.14521773,0.735394656,0.0,0.0758,0.0,0.0,0.009,0.2,1953
k469,0.0,0.0833,0.32480541,0.8409154,0.0323,0.0758,0.0,0.0,0.0131,0.05,611
k3187,0.0,0.0,0.14517255,0.752340992,0.0,0.242424242,0.0,0.0,0.00648,0.0,1693
k1608,0.0,0.0,0.38318545,0.681547798,0.0,0.0303,0.0,0.0,0.00595,0.0,1147
k1079,0.111111111,0.0,0.15590993,0.815928515,0.0323,0.0455,0.0,0.0,0.0136,0.1,1039
k2727,0.0,0.0,0.1683621,0.754595741,0.0,0.136363636,0.801389332,0.0,0.0125,0.025,3146
k3243,0.0,0.0,0.17829433,0.78574201,0.0323,0.257575758,0.0,0.0,0.0131,0.0,717
k3432,0.0,0.0,0.49022472,0.723398668,0.0,0.0152,0.840211592,0.0,0.0034,0.0,1994
k3397,0.222222222,0.0,0.32167149,0.755332265,0.0,0.242424242,0.0,0.0,0.00552,0.05,153
k1055,0.0,0.0,0.24521747,0.681104,0.0,0.0152,0.814978643,0.0,0.00401,0.0,688
k3363,0.0,0.0,0.36974487,0.715655631,0.0,0.166666667,0.0,0.0,0.00458,0.05,2839
k351,0.0,0.0,0.31187814,0.708949692,0.0,0.0606,0.859516318,0.0,0.00323,0.0,846
k98,0.0,0.0,0.29083934,0.695920204,0.0,0.196969697,0.853010473,0.0,0.0067,0.0,91
k2494,0.0,0.0,0.3127673,0.857235472,0.0,0.242424242,0.0,0.0,0.00427,0.0,2449
k463,0.333333333,0.0,0.29123694,0.865055117,0.0,0.166666667,0.0,0.0,0.00444,0.05,136
k909,0.0,0.0,0.13650855,0.753806307,0.0,0.212121212,0.0,0.0,0.0151,0.1,385
k2479,0.0,0.0,0.38683766,0.619577658,0.0,0.106060606,0.817243528,0.0,0.00248,0.0,2411
k2655,0.0,0.0,0.15527818,0.755145512,0.0,0.0152,0.0,0.0,0.0215,0.0,1369
k2397,0.111111111,0.0,0.25447026,0.82294169,0.0,0.227272727,0.0,0.0,0.00649,0.075,945
k3427,0.111111111,0.0,0.26498464,0.70157151,0.0,0.181818182,0.0,0.0,0.00868,0.025,1363
k1244,0.222222222,0.0,0.14087985,0.86139696,0.0,0.196969697,0.0,0.0,0.00811,0.05,1761
k3136,0.0,0.25,0.20279521,0.870012892,0.0,0.181818182,0.0,0.0,0.00779,0.05,670
k3063,0.0,0.0,0.2023475,0.802121155,0.0,0.181818182,0.0,0.0,0.00716,0.0,484
k2113,0.111111111,0.0,0.27102077,0.744198797,0.0,0.242424242,0.0,0.0,0.00656,0.075,1730
k2398,0.0,0.0,0.22112671,0.732077234,0.0,0.0455,0.896256099,0.0,0.00524,0.0,3307
k220,0.222222222,0.0,0.14987941,0.761568142,0.129032258,0.106060606,0.0,0.0,0.013,0.125,264
k2272,0.333333333,0.0,0.2577447,0.730835656,0.0,0.181818182,0.0,0.0,0.00834,0.2,382
k182,0.0,0.0,0.41167381,0.655687215,0.0,0.0,0.0,0.0,0.0205,0.0,114
k3107,0.0,0.0,0.33333334,0.674181752,0.0,0.0,0.0,0.0,0.483241492,0.0,291
k2643,0.111111111,0.0,0.36354014,0.720632319,0.0,0.242424242,0.0,0.0,0.00319,0.0,2102
k818,0.222222222,0.25,0.2197244,0.851762268,0.0645,0.166666667,0.0,0.0,0.0055,0.175,3289
k256,0.333333333,0.0,0.21886724,0.775184307,0.0645,0.181818182,0.0,0.0,0.00725,0.05,145
k1209,0.0,0.0,0.16674374,0.662374279,0.0,0.151515152,0.0,0.0,0.00856,0.1,147
k3,0.0,0.0,0.24427618,0.751309942,0.0,0.151515152,0.905224436,0.0,0.00504,0.0,526
k614,0.0,0.0,0.19763687,0.692174949,0.0,0.0909,0.775092343,0.215838706,0.00988,0.0,2374
k124,0.0,0.0,0.451958,0.685517135,0.0,0.0758,0.0,0.0,0.00405,0.0,990
k1664,0.111111111,0.0,0.17904311,0.72879067,0.0,0.318181818,0.0,0.0,0.0117,0.1,1245
k1333,0.0,0.0,0.27369404,0.794936464,0.0,0.0758,0.0,0.0,0.0105,0.175,262
k3253,0.0,0.0,0.38383025,0.799254346,0.0,0.0606,0.0,0.0,0.0197,0.025,78
k1693,0.111111111,0.0,0.27702847,0.783796411,0.0,0.212121212,0.0,0.0,0.00579,0.05,1025
k2270,0.0,0.0,0.32505566,0.800701591,0.0,0.0,0.867785429,0.0,0.0164,0.0,3408
k895,0.0,0.0,0.3049489,0.709798315,0.0,0.181818182,0.0,0.0,0.0059,0.0,993
k2622,0.222222222,0.0,0.13849752,0.713724657,0.0,0.303030303,0.0,0.0,0.0145,0.1,1163
k1148,0.0,0.0,0.20203748,0.732735734,0.0,0.0606,0.0,0.0,0.00747,0.0,567
k3405,0.0,0.0,0.39054081,0.724379182,0.0,0.0152,0.0,0.0,0.0048,0.0,166
k2630,0.0,0.0,0.32718176,0.71581191,0.0,0.0909,0.0,0.0,0.00735,0.05,2365
k3194,0.111111111,0.0833,0.15708333,0.785404529,0.0,0.0606,0.767522459,0.138970436,0.0183,0.125,349
k3222,0.0,0.0,0.34844866,0.734097144,0.0,0.121212121,0.882362777,0.0,0.00579,0.0,1405
k2343,0.0,0.0,0.44300494,0.693820165,0.0,0.0455,0.0,0.0,0.00613,0.025,853
k2085,0.0,0.0,0.30589843,0.783993004,0.0,0.0152,0.0,0.0,0.00687,0.0,2787
k565,0.0,0.0,0.33713481,0.694946429,0.0,0.0152,0.0,0.0,0.0141,0.05,2003
k944,0.0,0.0,0.14597197,0.793998026,0.0,0.0455,0.0,0.0,0.0108,0.15,2224
k2690,0.0,0.0,0.5,0.606379716,0.0,0.0,0.0,0.0,0.101633974,0.0,3363
k2876,0.0,0.0,0.26597765,0.725202804,0.0,0.0152,0.0,0.0,0.00747,0.025,416
k924,0.0,0.0,0.59976131,0.754533796,0.0,0.0,0.0,0.0,0.00201,0.05,976
k2939,0.0,0.0,0.26245984,0.874033607,0.0,0.0455,0.0,0.0,0.018,0.025,1283
k382,0.0,0.583333333,0.2315186,0.959186688,0.193548387,0.272727273,0.0,0.0,0.0101,0.025,2838
k2472,0.111111111,0.0,0.22713678,0.693786015,0.0,0.0606,0.0,0.0,0.0131,0.025,57
k784,0.333333333,0.166666667,0.13155349,0.851697988,0.0,0.121212121,0.0,0.0,0.0131,0.225,2590
k500,0.111111111,0.0833,0.2253851,0.805775292,0.0323,0.0758,0.0,0.0,0.0103,0.15,3202
k3008,0.444444444,0.0,0.24376588,0.729668236,0.0,0.196969697,0.0,0.0,0.00475,0.05,1076
k1072,0.111111111,0.0,0.23499647,0.711207466,0.0,0.227272727,0.0,0.0,0.0101,0.025,1666
k1266,0.111111111,0.0,0.21541776,0.728301045,0.0,0.0758,0.876191345,0.0,0.00829,0.0,598
k3093,0.0,0.333333333,0.37946859,0.831598089,0.0,0.0152,0.0,0.0,0.0472,0.05,3104
k3396,0.0,0.0,0.37771308,0.67916625,0.0,0.151515152,0.845364586,0.0,0.00278,0.0,1207
k2888,0.0,0.0,0.15218636,0.745727167,0.0,0.0758,0.0,0.0,0.00769,0.025,1215
k1359,0.0,0.0,0.21966499,0.746052473,0.0323,0.151515152,0.0,0.0,0.0321,0.1,3336
k574,0.0,0.0,0.11522224,0.738159666,0.0,0.121212121,0.0,0.0,0.0228,0.15,1836
k812,0.111111111,0.0,0.37904719,0.728377653,0.0,0.136363636,0.0,0.0,0.00298,0.025,1705
k1603,0.111111111,0.0,0.27626178,0.676683668,0.0,0.121212121,0.776414793,0.0,0.00603,0.025,2198
k935,0.0,0.0,0.40633401,0.765348237,0.0,0.212121212,0.0,0.0,0.00464,0.025,1153
k111,0.222222222,0.0,0.14353482,0.655841924,0.0,0.333333333,0.0,0.0,0.0131,0.1,3094
k1597,0.0,0.0,0.29570061,0.736391135,0.0323,0.121212121,0.0,0.0,0.0152,0.025,1883
k3006,0.0,0.25,0.18412909,0.926150908,0.193548387,0.227272727,0.0,0.0,0.0113,0.125,3066
k1307,0.222222222,0.0,0.19375366,0.709540466,0.0,0.257575758,0.0,0.0,0.00575,0.0,2716
k1670,0.0,0.0,0.34011766,0.830767078,0.0323,0.378787879,0.0,0.0,0.00451,0.05,427
k1167,0.0,0.0,0.26058656,0.857228619,0.0,0.196969697,0.832018484,0.0,0.0569,0.0,2641
k1712,0.111111111,0.0,0.40596363,0.740728236,0.0,0.212121212,0.0,0.0,0.00464,0.025,2420
k2338,0.222222222,0.0,0.23136967,0.74075626,0.0,0.242424242,0.0,0.0,0.00555,0.0,3327
k2614,0.0,0.0,0.18228285,0.688637466,0.0,0.121212121,0.0,0.0,0.0111,0.075,1859
k2735,0.0,0.0,0.24474449,0.76353966,0.0,0.257575758,0.0,0.0,0.00466,0.0,227
k2761,0.0,0.0,0.35444611,0.741428236,0.0,0.121212121,0.0,0.0,0.00484,0.0,669
k2887,0.0,0.0,0.35357076,0.682928389,0.0,0.0152,0.0,0.0,0.00815,0.0,190
k912,0.0,0.0,0.33889157,0.726157131,0.0,0.151515152,0.0,0.0,0.0096,0.1,2272
k1571,0.111111111,0.0,0.21364966,0.71137634,0.0,0.121212121,0.0,0.0,0.0108,0.025,2024
k2774,0.0,0.0,0.18402471,0.702245055,0.0,0.0909,0.0,0.0,0.0105,0.075,2465
k2124,0.0,0.0833,0.31994134,0.787306061,0.0,0.0,0.0,0.0,0.0163,0.025,1676
k3423,0.222222222,0.0,0.23212677,0.77881042,0.0,0.242424242,0.0,0.0,0.00603,0.0,462
k2889,0.0,0.0,0.21048954,0.693177477,0.0,0.0758,0.76302309,0.0,0.00432,0.025,2417
k2893,0.0,0.0,0.35247234,0.7385674,0.0,0.196969697,0.0,0.0,0.00566,0.025,2214
k2399,0.0,0.0,0.44633445,0.782788868,0.0,0.0303,0.0,0.0,0.0172,0.025,343
k3103,0.0,0.0,0.41684964,0.802652396,0.0323,0.287878788,0.0,0.0,0.00579,0.05,3161
k1488,0.222222222,0.0,0.26635733,0.748923647,0.0,0.181818182,0.0,0.0,0.00806,0.075,1753
k2036,0.111111111,0.0,0.0747,0.777242272,0.290322581,0.0909,0.0,0.0,0.0249,0.45,1377
k2664,0.0,0.0,0.42171699,0.686169509,0.0,0.0455,0.0,0.0,0.0146,0.025,1047
k908,0.333333333,0.0,0.17131287,0.716119529,0.0,0.121212121,0.0,0.0,0.0117,0.1,354
k2042,0.0,0.0,0.18507463,0.733583514,0.0,0.136363636,0.827549516,0.0,0.00776,0.0,346
k2084,0.0,0.0,0.23528302,0.70925712,0.0,0.121212121,0.0,0.0,0.00982,0.0,464
k2286,0.111111111,0.0,0.2173764,0.707682234,0.0,0.106060606,0.0,0.0,0.00973,0.025,1189
k2158,0.0,0.0,0.18659209,0.7379656,0.0,0.212121212,0.871767978,0.0,0.00969,0.0,2330
k1641,0.0,0.0,0.4392606,0.700083224,0.0,0.151515152,0.0,0.0,0.00314,0.0,3157
k1406,0.222222222,0.0,0.13267601,0.678042819,0.0,0.166666667,0.0,0.0,0.0103,0.1,3186
k1314,0.222222222,0.0,0.19736116,0.691746695,0.0,0.121212121,0.0,0.0,0.0115,0.1,2700
k2055,0.0,0.0,0.1696301,0.883896477,0.0645,0.151515152,0.0,0.0,0.00916,0.0,270
k1613,0.0,0.0,0.26291904,0.743663192,0.0,0.121212121,0.856810616,0.0,0.00717,0.0,1755
k1001,0.0,0.0833,0.45800382,0.74423578,0.0,0.0,0.0,0.0,0.00461,0.0,1725
k1270,0.111111111,0.0,0.21025303,0.687958714,0.0,0.106060606,0.0,0.0,0.00951,0.025,350
k212,0.222222222,0.0,0.17661966,0.7272373,0.0,0.242424242,0.0,0.0,0.0104,0.025,595
k896,0.0,0.0,0.1285575,0.774770716,0.0,0.242424242,0.0,0.0,0.00632,0.0,2574
k3240,0.0,0.0,0.31238502,0.857003619,0.0645,0.242424242,0.0,0.0,0.00427,0.0,480
k1930,0.0,0.0,0.20231321,0.731105871,0.0,0.303030303,0.0,0.0,0.012,0.0,268
k1434,0.0,0.0,0.27788243,0.710726991,0.0,0.0,0.78589995,0.0,0.0321,0.0,2796
k2947,0.0,0.0,0.1907346,0.788581215,0.0,0.136363636,0.816893915,0.180542099,0.0386,0.0,678
k53,0.111111111,0.0,0.0856,0.808580539,0.0,0.0,0.0,0.0,0.0181,0.3,30
k1302,0.111111111,0.0,0.11604766,0.792565751,0.129032258,0.287878788,0.0,0.0,0.0141,0.125,2630
k2444,0.0,0.0,0.4889583,0.729281367,0.0,0.0758,0.0,0.0,0.00341,0.0,1297
k1879,0.111111111,0.0,0.30039459,0.716539207,0.0,0.0152,0.858087464,0.0,0.00535,0.025,2147
k1059,0.111111111,0.0,0.21911471,0.70666064,0.0,0.227272727,0.0,0.0,0.00722,0.075,1746
k1654,0.0,0.0,0.34174424,0.70557469,0.0,0.0758,0.0,0.0,0.00375,0.05,795
k512,0.111111111,0.0,0.21086146,0.719933965,0.0,0.333333333,0.0,0.0,0.00975,0.05,2743
k1106,0.333333333,0.0,0.17930934,0.823516192,0.0,0.257575758,0.0,0.0,0.00593,0.0,2824
k1218,0.0,0.0,0.42180419,0.732879111,0.0323,0.0909,0.875112104,0.0,0.00466,0.0,1909
k2,0.0,0.0,0.26939154,0.808991106,0.0,0.181818182,0.0,0.0,0.00861,0.0,679
k1514,0.222222222,0.0,0.12694852,0.792496838,0.129032258,0.227272727,0.0,0.0,0.0108,0.15,2946
k3410,0.0,0.0,0.34282368,0.694880809,0.0,0.0152,0.0,0.0,0.00904,0.0,632
k2802,0.0,0.0,0.20319693,0.722666815,0.0,0.0,0.0,0.329992682,0.0505,0.025,2247
k2330,0.0,0.0,0.2153334,0.761481427,0.0,0.151515152,0.897259337,0.0,0.0039,0.0,1759
k41,0.555555556,0.0,0.14694008,0.706657539,0.0,0.287878788,0.0,0.0,0.0125,0.15,953
k2357,0.0,0.0,0.329896,0.708763054,0.0,0.121212121,0.876996975,0.0,0.00312,0.0,1109
k1694,0.0,0.0,0.16030209,0.749536664,0.0,0.363636364,0.899889036,0.0,0.00748,0.0,93
k1516,0.0,0.0,0.18029542,0.758095284,0.0,0.121212121,0.0,0.0,0.00724,0.1,1129
k1724,0.0,0.0,0.31075636,0.5971286,0.0,0.0455,0.0,0.0,0.00283,0.05,56
k137,0.0,0.0,0.52532738,0.6896019,0.0,0.0152,0.820542052,0.0,0.00722,0.0,2616
k1736,0.111111111,0.0,0.20752563,0.697031308,0.0,0.212121212,0.847355861,0.0,0.0069,0.05,424
k1205,0.0,0.0,0.26025552,0.701059526,0.0,0.181818182,0.877848207,0.0,0.0035,0.0,1371
k154,0.222222222,0.0,0.22991678,0.850926318,0.129032258,0.121212121,0.0,0.0,0.00714,0.1,1790
k1594,0.0,0.0,0.21932516,0.76180593,0.0,0.0303,0.0,0.0,0.0123,0.1,2749
k368,0.222222222,0.0,0.28694835,0.696271545,0.0,0.166666667,0.0,0.0,0.00441,0.0,2178
k1922,0.0,0.0,0.43541011,0.805109595,0.0,0.0909,0.0,0.0,0.0168,0.0,2945
k632,0.0,0.0,0.12919739,0.734088721,0.0,0.0606,0.911380668,0.0,0.012,0.05,1228
k671,0.0,0.0,0.23496266,0.681509475,0.0,0.0303,0.0,0.0,0.0482,0.0,975
k1295,0.111111111,0.333333333,0.28664786,0.843832362,0.0645,0.257575758,0.0,0.0,0.00536,0.15,1403
k234,0.111111111,0.0,0.35293022,0.714075883,0.0,0.196969697,0.0,0.0,0.00473,0.0,2752
k1760,0.222222222,0.0,0.17619313,0.780029525,0.0323,0.181818182,0.0,0.0,0.0075,0.0,3131
k1431,0.0,0.0,0.29659104,0.775905403,0.0,0.0606,0.966102725,0.0,0.00561,0.0,1123
k2190,0.0,0.0,0.68010831,0.743074447,0.0,0.0758,0.0,0.0,0.00679,0.0,2487
k1422,0.0,0.0,0.25790614,0.708869639,0.0,0.121212121,0.846337422,0.0,0.00583,0.05,791
k1895,0.0,0.0,0.2193401,0.668436496,0.0,0.151515152,0.750345813,0.0,0.00358,0.025,2066
k918,0.0,0.0,0.53318316,0.787342279,0.0,0.0152,0.0,0.0,0.0112,0.025,250
k2257,0.0,0.0,0.26677954,0.713954137,0.0,0.181818182,0.0,0.0,0.009,0.0,2475
k2194,0.111111111,0.0,0.38186198,0.85886032,0.0,0.257575758,0.0,0.0,0.00451,0.05,716
k507,0.111111111,0.0,0.26850072,0.651171208,0.0,0.0909,0.0,0.0,0.00445,0.025,3000
k2051,0.0,0.0,0.17742763,0.741198871,0.0,0.0,0.0,0.0,0.00938,0.1,2776
k362,0.0,0.0,0.18485938,0.745307565,0.0,0.181818182,0.0,0.0,0.0188,0.1,102
k528,0.0,0.0,0.43215385,0.702942031,0.0,0.0303,0.0,0.0,0.00607,0.075,2750
k247,0.0,0.0,0.0797,0.731699784,0.0,0.303030303,0.0,0.0,0.00505,0.0,2619
k2322,0.111111111,0.0,0.22296639,0.820360448,0.0323,0.121212121,0.0,0.0,0.0157,0.0,83
k2902,0.222222222,0.0,0.22617395,0.850666555,0.129032258,0.212121212,0.0,0.0,0.00748,0.1,2015
k2581,0.0,0.0,0.23733597,0.729690671,0.0,0.136363636,0.873196832,0.0,0.00682,0.0,2583
k1028,0.0,0.0,0.31287989,0.670740287,0.0,0.0,0.0,0.0,0.0374,0.0,2740
k2526,0.0,0.0,0.42158073,0.689989305,0.0,0.0303,0.801039719,0.0,0.00269,0.025,2033
k1946,0.111111111,0.0,0.15723577,0.716511566,0.0,0.333333333,0.0,0.0,0.0118,0.075,1906
k3354,0.0,0.0,0.20136465,0.722647022,0.0,0.227272727,0.0,0.0,0.00561,0.1,2889
k3250,0.0,0.0,0.35562199,0.712344909,0.0,0.181818182,0.852873668,0.0,0.00734,0.0,1300
k3010,0.0,0.0,0.32616332,0.810126138,0.0323,0.136363636,0.0,0.0,0.012,0.025,2047
k1612,0.0,0.0,0.38004252,0.684335358,0.0,0.0606,0.0,0.0,0.0026,0.025,1814
k1827,0.111111111,0.0,0.30190298,0.728292201,0.0,0.287878788,0.0,0.0,0.00415,0.0,1845
k2231,0.0,0.0,0.18138084,0.687255612,0.0,0.136363636,0.0,0.0,0.00687,0.075,691
k2351,0.222222222,0.0833,0.17687584,0.750640034,0.0,0.181818182,0.0,0.0,0.0108,0.025,1099
k3237,0.0,0.0,0.15223698,0.726384313,0.0,0.136363636,0.0,0.0,0.00929,0.0,2239
k2763,0.0,0.0,0.25446716,0.890397783,0.0645,0.272727273,0.0,0.0,0.00807,0.05,2372
k2821,0.0,0.0,0.80485946,0.802163498,0.0,0.0,0.0,0.0,0.00221,0.05,3365
k1570,0.0,0.0,0.32827604,0.69468502,0.0,0.166666667,0.0,0.0,0.00492,0.0,501
k2171,0.0,0.0,0.36061925,0.618747833,0.0,0.0,0.0,0.0,0.00344,0.025,1583
k1405,0.0,0.0,0.50756341,0.744988537,0.0,0.0,0.0,0.0,0.077,0.0,3178
k1448,0.0,0.0,0.7797758,0.660860878,0.0,0.0,0.0,0.0,0.00859,0.025,1176
k1598,0.0,0.0,0.0856,0.92892568,0.0,0.0909,0.0,0.0,0.0118,0.0,2158
k1227,0.0,0.0,0.24466904,0.680800325,0.0,0.0,0.0,0.0,0.0117,0.1,1225
k3374,0.111111111,0.0,0.41858104,0.66825514,0.0,0.151515152,0.0,0.0,0.00305,0.0,967
k3156,0.0,0.0833,0.30882722,0.829921671,0.0323,0.136363636,0.897411343,0.0,0.00659,0.0,619
k1950,0.0,0.0,0.8002212,0.736230568,0.0,0.0,0.0,0.0,0.0024,0.05,396
k235,0.333333333,0.0,0.26108831,0.749109482,0.0,0.151515152,0.0,0.0,0.00613,0.025,2542
k2715,0.0,0.0,0.35615036,0.764159262,0.0645,0.0,0.0,0.0,0.0639,0.0,1242
k1191,0.333333333,0.0,0.21858335,0.772549811,0.0,0.227272727,0.0,0.0,0.00779,0.05,2086
k2206,0.0,0.0,0.82603687,0.664238254,0.0,0.0,0.0,0.0,0.0759,0.025,1745
k861,0.444444444,0.0,0.25953355,0.749995968,0.0,0.0909,0.0,0.0,0.00613,0.025,1624
k2530,0.0,0.0,0.28888988,0.708755014,0.0,0.0455,0.8271239,0.0,0.00581,0.05,2866
k2295,0.0,0.0,0.20319885,0.850418928,0.0,0.212121212,0.0,0.0,0.0478,0.075,1918
k1289,0.222222222,0.0833,0.16770436,0.822139201,0.0645,0.287878788,0.0,0.0,0.00761,0.275,2418
k1901,0.0,0.0,0.20693974,0.74377127,0.0,0.0758,0.0,0.0,0.00709,0.175,293
k1798,0.0,0.0,0.22697628,0.756693713,0.0,0.121212121,0.872239196,0.0,0.0039,0.0,805
k2418,0.0,0.0,0.52157247,0.650944141,0.0,0.0303,0.0,0.0,0.00723,0.0,2171
k643,0.0,0.0,0.25684515,0.758958033,0.0323,0.287878788,0.0,0.0,0.00641,0.075,3221
k3298,0.0,0.0,0.36066589,0.794825285,0.0,0.0,0.0,0.0,0.0108,0.0,1661
k1067,0.0,0.0,0.24647401,0.746937352,0.0,0.106060606,0.0,0.0,0.00607,0.075,1063
k2039,0.0,0.0,0.27238646,0.817304282,0.0323,0.166666667,0.882560384,0.0,0.00714,0.0,2947
k149,0.0,0.0,0.31464595,0.760579244,0.0,0.181818182,0.905726055,0.0,0.00396,0.0,1317
k3206,0.111111111,0.0,0.19097412,0.839202727,0.0,0.227272727,0.0,0.0,0.00714,0.1,2633
k3037,0.0,0.0,0.18328218,0.811320434,0.0645,0.257575758,0.0,0.0999,0.0323,0.05,1764
k2440,0.0,0.0,0.24131575,0.751334751,0.0,0.0,0.0,0.0,0.00443,0.05,2276
k396,0.0,0.0,0.45632216,0.642318599,0.0,0.0,0.0,0.0,0.0315,0.0,2069
k2872,0.111111111,0.0,0.18907353,0.71749162,0.0,0.212121212,0.0,0.0,0.0137,0.075,86
k1325,0.0,0.0,0.27055731,0.673084929,0.0,0.0758,0.0,0.0,0.00609,0.075,1473
k975,0.222222222,0.0,0.28128949,0.721815934,0.0,0.166666667,0.0,0.0,0.00484,0.025,1296
k110,0.0,0.0,0.0797,0.746101593,0.0,0.227272727,0.0,0.0,0.00475,0.0,2011
k2428,0.444444444,0.0,0.28823745,0.742766752,0.0,0.166666667,0.0,0.0,0.00519,0.025,2965
k3081,0.0,0.0,0.26993841,0.73303382,0.0,0.212121212,0.0,0.0,0.0046,0.0,3394
k159,0.0,0.0,0.22993301,0.693799721,0.0,0.0606,0.762992689,0.0,0.00505,0.0,2343
k2594,0.111111111,0.0,0.44019786,0.776407968,0.0323,0.257575758,0.0,0.0,0.00464,0.05,2303
k867,0.222222222,0.0,0.25553787,0.82650758,0.0323,0.121212121,0.0,0.0,0.00817,0.075,1881
k523,0.111111111,0.0,0.22338174,0.693428128,0.0,0.0606,0.0,0.0,0.0116,0.025,1984
k1945,0.222222222,0.0,0.22659677,0.740543128,0.0,0.212121212,0.0,0.0,0.00654,0.0,1526
k2013,0.111111111,0.0,0.34023324,0.724957973,0.0,0.151515152,0.0,0.0,0.0054,0.025,2344
k2786,0.0,0.0,0.3080743,0.716022209,0.0,0.0,0.0,0.0,0.041,0.0,67
k2794,0.111111111,0.0,0.28117466,0.724752689,0.0,0.212121212,0.0,0.0,0.00768,0.0,1572
k263,0.0,0.0,0.0795,0.726199742,0.0,0.242424242,0.0,0.0,0.00505,0.0,646
k1962,0.0,0.0,0.39257255,0.613310655,0.0,0.0303,0.0,0.0,0.00816,0.05,2929
k36,0.111111111,0.0,0.23794635,0.736191135,0.0,0.121212121,0.0,0.0,0.00946,0.075,3230
k1732,0.0,0.0,0.17608154,0.746800598,0.0,0.212121212,0.0,0.0,0.0133,0.0,1391
k2732,0.111111111,0.0,0.1857875,0.745057182,0.0,0.0303,0.0,0.0,0.00558,0.05,150
k2577,0.0,0.0,0.0795,0.726164252,0.0,0.242424242,0.0,0.0,0.00505,0.0,2941
k929,0.0,0.0,0.22967835,0.729315709,0.0323,0.0303,0.0,0.0,0.0106,0.05,1512
k2488,0.444444444,0.0,0.1749143,0.826150229,0.0,0.0909,0.0,0.0,0.00805,0.0,2186
k658,0.0,0.0,0.3467181,0.761008418,0.0,0.0,0.0,0.0,0.121973151,0.0,1151
k2352,0.0,0.0,0.0685,0.77244001,0.0,0.227272727,0.0,0.0,0.00571,0.0,773
k2937,0.0,0.0,0.19486089,0.748844971,0.0,0.166666667,0.0,0.0,0.0078,0.025,156
k1908,0.0,0.0,0.20557204,0.755992028,0.0,0.166666667,0.0,0.0,0.0153,0.025,319
k1459,0.111111111,0.0,0.32491046,0.736523868,0.0,0.212121212,0.0,0.0,0.00393,0.025,2566
k2392,0.0,0.0,0.24988216,0.718363137,0.0,0.0909,0.851368811,0.0,0.0107,0.05,1098
k2861,0.111111111,0.0,0.12183826,0.772574926,0.129032258,0.151515152,0.0,0.0,0.0205,0.275,3136
k2836,0.111111111,0.0,0.28708208,0.696377134,0.0,0.0303,0.0,0.0,0.00582,0.0,530
k2487,0.0,0.0,0.35999838,0.73122754,0.0,0.0455,0.0,0.0,0.023,0.05,3274
k2279,0.0,0.0,0.20606415,0.729816475,0.0,0.166666667,0.0,0.0,0.0125,0.05,3234
k1562,0.0,0.0,0.18370222,0.787960694,0.0323,0.393939394,0.0,0.0,0.0179,0.0,1779
k293,0.0,0.0,0.42960581,0.565152622,0.0,0.0,0.0,0.0,0.00532,0.0,1831
k1948,0.0,0.0,0.171037,0.741383405,0.0,0.0152,0.0,0.0,0.00841,0.175,1122
k711,0.111111111,0.0,0.29105133,0.780522328,0.0,0.0909,0.0,0.0,0.00865,0.1,1425
k2916,0.0,0.0,0.32359079,0.709513705,0.0,0.121212121,0.878137018,0.0,0.00312,0.0,1904
k173,0.222222222,0.0,0.22993675,0.743986507,0.0,0.196969697,0.0,0.0,0.00555,0.0,94
k433,0.0,0.0,0.52228558,0.706409147,0.0323,0.0152,0.81940201,0.0,0.00441,0.0,2221
k2606,0.111111111,0.0,0.27286741,0.774895218,0.0645,0.181818182,0.0,0.0,0.00687,0.05,2547
k1619,0.111111111,0.0,0.35258636,0.745002856,0.0,0.227272727,0.0,0.0,0.00475,0.025,2617
k3172,0.0,0.0,0.0796,0.73293807,0.0,0.227272727,0.0,0.0,0.00505,0.0,1833
k3144,0.0,0.0,0.33543023,0.724602651,0.0,0.0303,0.0,0.0,0.00601,0.05,2022
k1474,0.0,0.0,0.28606367,0.713246441,0.0,0.121212121,0.0,0.0,0.0103,0.05,1333
k3095,0.0,0.0,0.43669555,0.769859572,0.0,0.0303,0.0,0.0,0.00457,0.025,1651
k2025,0.0,0.0,0.16554095,0.742324217,0.0,0.0303,0.0,0.0,0.00841,0.175,843
k2024,0.111111111,0.0,0.36712524,0.726358548,0.0,0.303030303,0.0,0.0,0.00505,0.025,3317
k2230,0.0,0.0,0.16262999,0.723393844,0.0,0.212121212,0.867952635,0.0,0.00671,0.0,2536
k2854,0.0,0.0,0.18194184,0.770633807,0.0323,0.166666667,0.971088513,0.075,0.0112,0.025,1344
k1066,0.111111111,0.0,0.21813652,0.710858346,0.0,0.181818182,0.0,0.0,0.0089,0.075,568
k1906,0.0,0.0,0.22601913,0.734392052,0.0,0.0,0.0,0.0,0.00674,0.0,1919
k2795,0.111111111,0.0,0.2943365,0.755245129,0.0323,0.257575758,0.0,0.0,0.00668,0.1,3163
k640,0.111111111,0.0,0.20223652,0.687389341,0.0,0.0909,0.0,0.0,0.00951,0.025,1681
k376,0.0,0.0,0.27636853,0.766028252,0.0,0.196969697,0.870947148,0.0,0.00485,0.0,907
k601,0.222222222,0.0,0.2297616,0.745407412,0.0,0.303030303,0.0,0.0,0.00555,0.0,2477
k1746,0.111111111,0.0,0.26370439,0.744619509,0.0,0.212121212,0.0,0.0,0.00476,0.175,1234
k3296,0.0,0.0,0.31900454,0.728041933,0.0323,0.0,0.771337802,0.0,0.0104,0.025,160
k2302,0.0,0.0,0.20253992,0.679281258,0.0323,0.0152,0.793667442,0.0,0.0164,0.025,1419
k2453,0.0,0.0,0.25819016,0.716876382,0.0,0.121212121,0.848921519,0.0,0.00911,0.0,342
k189,0.0,0.0,0.1868843,0.759139504,0.0,0.303030303,0.0,0.0,0.0204,0.15,859
k2658,0.111111111,0.0,0.32931632,0.844143733,0.0,0.242424242,0.0,0.0,0.00555,0.0,388
k485,0.0,0.0,0.25393429,0.759087015,0.0,0.121212121,0.0,0.0,0.00735,0.0,1380
k2131,0.444444444,0.0,0.17304426,0.747057107,0.0,0.181818182,0.0,0.0,0.00698,0.0,2317
k3167,0.0,0.0,0.41145048,0.870263543,0.0645,0.212121212,0.0,0.0,0.00442,0.05,3204
k2582,0.111111111,0.0,0.28733584,0.767121324,0.0,0.227272727,0.0,0.0,0.0071,0.025,3312
k1268,0.0,0.0,0.25637513,0.725470339,0.0,0.0152,0.815845076,0.0,0.00462,0.0,1731
k947,0.111111111,0.0,0.15454987,0.772265661,0.0,0.0758,0.0,0.0,0.0142,0.05,1160
k1982,0.0,0.0,0.17860849,0.729224897,0.0,0.0152,0.0,0.0,0.00926,0.05,1192
k13,0.0,0.0,0.24069476,0.726389788,0.0,0.121212121,0.870810342,0.0,0.00755,0.0,578
k460,0.0,0.5,0.0921,0.923656266,0.258064516,0.151515152,0.0,0.0,0.025,0.375,2264
k3202,0.0,0.0,0.20118394,0.773804789,0.0,0.181818182,0.0,0.0,0.00658,0.0,2883
k1610,0.111111111,0.0,0.2258309,0.703393793,0.0,0.0303,0.0,0.0,0.00385,0.05,911
k595,0.111111111,0.0,0.15392308,0.7824953,0.0,0.121212121,0.0,0.0,0.0159,0.05,326
k2767,0.222222222,0.0,0.22349121,0.725892506,0.0,0.242424242,0.0,0.0,0.0108,0.025,328
k2478,0.0,0.0,0.25814515,0.789253,0.0,0.378787879,0.0,0.0,0.00606,0.0,1991
k2233,0.0,0.0,0.32477996,0.686005114,0.0,0.0303,0.0,0.0,0.00535,0.025,87
k2891,0.0,0.0,0.4081732,0.80020986,0.0,0.0455,0.0,0.0,0.0172,0.0,2541
k2710,0.0,0.0,0.0702,0.728533013,0.0,0.454545455,0.0,0.0,0.0054,0.0,905
k3362,0.0,0.0,0.0949,0.719143918,0.0,0.166666667,0.0,0.0,0.00412,0.0,2130
k14,0.111111111,0.0,0.30685565,0.666120491,0.0,0.106060606,0.0,0.0,0.00352,0.0,863
k2723,0.222222222,0.0,0.15846944,0.823258535,0.0645,0.212121212,0.0,0.0,0.00796,0.275,27
k731,0.0,0.0,0.17188001,0.746573952,0.0,0.151515152,0.0,0.0,0.00848,0.0,656
k635,0.0,0.0,0.40278691,0.716580555,0.0,0.0152,0.852280846,0.0,0.0048,0.05,1148
k202,0.0,0.0,0.32317805,0.668922292,0.0,0.0,0.0,0.0,0.0144,0.05,1143
k1653,0.0,0.0,0.52337027,0.607474778,0.0,0.0,0.0,0.0,0.015,0.0,1478
k366,0.222222222,0.0,0.32157922,0.698377672,0.0,0.196969697,0.0,0.0,0.00392,0.0,936
k3269,0.0,0.0,0.33704713,0.775277301,0.0,0.242424242,0.0,0.0,0.00386,0.05,2149
k2973,0.111111111,0.0,0.29175767,0.807100638,0.0645,0.303030303,0.0,0.0,0.00637,0.05,2870
k1213,0.0,0.0,0.32122108,0.73068424,0.0,0.0606,0.0,0.0,0.00774,0.0,2046
k989,0.0,0.0,0.52009636,0.709172625,0.0,0.0152,0.82738231,0.0,0.00501,0.0,2215
k675,0.0,0.0,0.38038394,0.67340568,0.0,0.0152,0.779059693,0.0,0.0207,0.025,1765
k1927,0.555555556,0.0,0.20620121,0.762385256,0.0,0.166666667,0.0,0.0,0.00654,0.175,584
k1507,0.0,0.0,0.14771198,0.764586789,0.0323,0.121212121,0.0,0.0,0.0125,0.025,15
k3131,0.222222222,0.0,0.19325462,0.734362917,0.0,0.106060606,0.0,0.0,0.0134,0.1,12
k720,0.222222222,0.0,0.19185588,0.828660645,0.0,0.287878788,0.0,0.0,0.00799,0.25,2278
k3223,0.0,0.333333333,0.2315339,0.95156689,0.161290323,0.181818182,0.0,0.0,0.00588,0.125,3246
k795,0.0,0.0,0.3051466,0.715497093,0.0,0.0758,0.846793439,0.0,0.0106,0.05,2434
k2220,0.0,0.0,0.28939939,0.758454472,0.0323,0.287878788,0.0,0.0,0.00896,0.1,550
k806,0.0,0.0,0.5,0.684472188,0.0,0.0,0.0,0.0,0.160066857,0.0,2741
k2309,0.0,0.0,0.26629484,0.814148422,0.0645,0.227272727,0.0,0.0,0.00932,0.15,1844
k3325,0.0,0.5,0.23387484,0.927406728,0.129032258,0.0758,0.0,0.0,0.0068,0.1,200
k647,0.111111111,0.0,0.25466061,0.710121439,0.0,0.181818182,0.0,0.0,0.00814,0.075,3231
k1752,0.222222222,0.0,0.35920295,0.743739838,0.0,0.242424242,0.0,0.0,0.00475,0.025,509
k2780,0.0,0.0,0.0817,0.71833404,0.0,0.242424242,0.0,0.0,0.00445,0.0,1921
k2589,0.0,0.0,0.31893885,0.739992171,0.0,0.106060606,0.0,0.0,0.0122,0.05,2027
k2676,0.0,0.0,0.24067737,0.719247976,0.0323,0.0303,0.0,0.0,0.00965,0.075,1588
k2448,0.0,0.0,0.31897405,0.755959371,0.0,0.151515152,0.0,0.0,0.0299,0.05,1877
k19,0.0,0.0,0.28902143,0.692749643,0.0,0.0,0.0,0.0,0.0132,0.125,1158
k1432,0.0,0.0,0.18933105,0.858393245,0.0,0.136363636,0.0,0.0,0.025,0.1,2803
k2920,0.0,0.166666667,0.29626516,0.713280132,0.0,0.0152,0.0,0.0,0.0197,0.05,3174
k2639,0.333333333,0.0,0.16226624,0.713007773,0.0,0.287878788,0.0,0.0,0.00953,0.1,180
k1551,0.0,0.0,0.2067055,0.792919924,0.0,0.0758,0.0,0.0,0.0142,0.125,2500
k3011,0.0,0.0,0.17187572,0.713080782,0.0323,0.212121212,0.895024853,0.0,0.00635,0.0,2029
k683,0.111111111,0.0,0.21528679,0.718543305,0.0,0.0758,0.0,0.0,0.0143,0.075,2177
k2830,0.0,0.0,0.16357817,0.752670165,0.0,0.0303,0.0,0.0,0.0166,0.0,616
k950,0.0,0.0,0.469235,0.559978805,0.0,0.0,0.0,0.0,0.00518,0.05,2302
k2166,0.333333333,0.0,0.32680961,0.722603109,0.0,0.166666667,0.0,0.0,0.00516,0.075,2361
k1414,0.222222222,0.0,0.234713,0.823508918,0.0,0.242424242,0.0,0.0,0.00654,0.0,640
k2633,0.222222222,0.0,0.29136834,0.724035996,0.0,0.318181818,0.0,0.0,0.00701,0.025,1089
k2717,0.0,0.25,0.13904335,0.925338733,0.0,0.545454545,0.0,0.0,0.0285,0.1,612
k2608,0.222222222,0.0,0.27287069,0.774737676,0.0,0.136363636,0.0,0.0,0.00687,0.05,3165
k2359,0.111111111,0.0,0.24988198,0.714014359,0.0,0.242424242,0.0,0.0,0.00847,0.0,2161
k3016,0.0,0.0,0.23059791,0.717752034,0.0,0.0758,0.0,0.648786902,0.0106,0.075,652
k1573,0.0,0.0,0.18769683,0.719485419,0.0,0.0909,0.894462432,0.0,0.00782,0.125,1638
k2541,0.0,0.25,0.13521086,0.92200661,0.0,0.0303,0.0,0.0,0.0359,0.0,812
k3309,0.555555556,0.0,0.22661811,0.752322845,0.0,0.121212121,0.0,0.0,0.00713,0.125,431
k346,0.0,0.0,0.35430917,0.701638049,0.0,0.166666667,0.0,0.0,0.00391,0.0,2095
k3412,0.0,0.166666667,0.17658572,0.867170662,0.0,0.363636364,0.0,0.0,0.0154,0.075,1430
k1703,0.0,0.0,0.40168324,0.709459226,0.0,0.0606,0.0,0.0,0.00404,0.0,745
k2522,0.0,0.0,0.5,0.799412807,0.0,0.121212121,0.0,0.0,0.00141,0.1,2760
k2500,0.0,0.0,0.24095421,0.757478974,0.0,0.151515152,0.0,0.0,0.0285,0.05,389
k3394,0.0,0.0,0.28800094,0.725646602,0.0323,0.287878788,0.0,0.0,0.00746,0.025,1515
k352,0.0,0.0,0.22631855,0.673053995,0.0,0.0,0.0,0.0,0.0223,0.0,943
k3402,0.0,0.0,0.18772823,0.872949112,0.0968,0.181818182,0.0,0.0,0.00721,0.075,2067
k2665,0.0,0.0,0.23008893,0.776105671,0.0323,0.106060606,0.883168407,0.0,0.00746,0.05,865
k17,0.111111111,0.0,0.32641596,0.686121921,0.0,0.272727273,0.0,0.0,0.00336,0.0,445
k1502,0.111111111,0.0,0.13250796,0.817386518,0.0968,0.242424242,0.911122258,0.0,0.0115,0.1,3037
k2214,0.0,0.166666667,0.36150965,0.643554052,0.0,0.0,0.0,0.0,0.0133,0.05,1819
k1125,0.0,0.0,0.42839888,0.699903477,0.0,0.166666667,0.874975299,0.0,0.00286,0.0,1316
k928,0.0,0.0,0.36835122,0.7166974,0.0,0.227272727,0.0,0.0,0.0043,0.0,969
k1921,0.0,0.0,0.43982962,0.726261074,0.0323,0.0909,0.866189369,0.0,0.00623,0.0,1610
k198,0.0,0.0,0.46999928,0.68142521,0.0,0.151515152,0.0,0.0,0.0043,0.0,1903
k177,0.111111111,0.0,0.22069138,0.689078814,0.0,0.121212121,0.0,0.0,0.00896,0.025,523
k542,0.0,0.0833,0.31931821,0.795007368,0.0,0.0,0.0,0.0,0.0197,0.025,2429
k2068,0.0,0.0,0.18523906,0.767548123,0.0,0.0606,0.899539423,0.0,0.00724,0.1,495
k701,0.0,0.0,0.21580714,0.791017511,0.0,0.333333333,0.0,0.0,0.00794,0.0,1431
k1364,0.0,0.0,0.36599228,0.731658819,0.0,0.212121212,0.901561099,0.0,0.00352,0.0,3311
k1655,0.0,0.0,0.47201225,0.667459542,0.0,0.0455,0.0,0.0,0.00849,0.025,2220
k1555,0.0,0.166666667,0.1660599,0.838959771,0.129032258,0.212121212,0.0,0.0,0.00885,0.15,1373
k952,0.0,0.0,0.15660948,0.902586804,0.0,0.0758,0.0,0.0,0.0122,0.125,837
k1099,0.0,0.0,0.21522409,0.796985547,0.0,0.0909,0.0,0.0,0.0143,0.05,3391
k2076,0.111111111,0.0,0.42153639,0.688545927,0.0,0.0909,0.0,0.0,0.00719,0.025,1867
k3132,0.0,0.25,0.19172852,0.826517266,0.0,0.0606,0.0,0.0,0.00459,0.175,3395
k1284,0.0,0.0,0.35807839,0.754597962,0.0,0.0303,0.0,0.0,0.00565,0.125,467
k1543,0.0,0.0,0.19194359,0.773210876,0.0,0.0303,0.0,0.0,0.0181,0.1,2860
k3108,0.0,0.0,0.81509691,0.661912104,0.0,0.0,0.0,0.0,0.0478,0.025,3226
k65,0.0,0.0,0.27566501,0.684317632,0.0,0.151515152,0.0,0.0,0.00323,0.0,1980
k1372,0.111111111,0.0,0.20599774,0.745111202,0.0,0.227272727,0.0,0.0,0.0113,0.1,429
k2771,0.111111111,0.0,0.20416847,0.807268211,0.0968,0.136363636,0.0,0.0,0.00889,0.075,659
k3401,0.0,0.333333333,0.3053332,0.812646162,0.0,0.0,0.0,0.0,0.0135,0.075,1202
k84,0.222222222,0.0833,0.26125556,0.701421357,0.0,0.212121212,0.843449314,0.0,0.0114,0.0,3197
k2227,0.0,0.0,0.38441142,0.67379653,0.0,0.0455,0.0,0.0,0.00559,0.025,2105
k3234,0.111111111,0.0833,0.23188297,0.858130457,0.0323,0.257575758,0.0,0.0,0.0338,0.05,2212
k509,0.111111111,0.0,0.29350749,0.688336164,0.0,0.0303,0.0,0.0,0.00887,0.025,920
k3005,0.111111111,0.0,0.15135196,0.691394244,0.0,0.318181818,0.0,0.0,0.0173,0.0,2216
k112,0.0,0.0833,0.31491771,0.791493239,0.0,0.0758,0.0,0.0,0.0166,0.025,2172
k1246,0.0,0.0,0.12784967,0.866335746,0.0,0.348484848,0.0,0.0,0.102603947,0.15,401
k3328,0.0,0.0,0.18313439,0.848643353,0.0,0.0303,0.0,0.0,0.00661,0.0,2074
k1576,0.0,0.0,0.16768752,0.794733631,0.0968,0.0606,0.857692249,0.0,0.0144,0.125,2786
k200,0.0,0.0,0.069,0.858493398,0.322580645,0.151515152,0.855761777,0.751818166,0.076,0.225,2093
k2990,0.0,0.0,0.2654689,0.67947697,0.0,0.0606,0.0,0.0,0.00776,0.0,325
k803,0.0,0.0,0.15437394,0.859843399,0.0,0.0758,0.0,0.0,0.0294,0.0,522
k1646,0.111111111,0.0,0.27974141,0.755255351,0.0,0.227272727,0.0,0.0,0.00469,0.0,2478
k338,0.0,0.0,0.49653307,0.756226523,0.0,0.151515152,0.0,0.0,0.00762,0.025,718
k1923,0.0,0.0,0.36924839,0.793112612,0.0,0.0,0.0,0.0,0.0134,0.075,2772
k2956,0.0,0.0,0.24483538,0.785121374,0.0645,0.0758,0.0,0.0,0.00917,0.025,253
k2173,0.444444444,0.0833,0.17291044,0.742754041,0.0,0.257575758,0.0,0.0,0.00853,0.025,1459
k2828,0.333333333,0.0,0.27477631,0.80923142,0.0645,0.181818182,0.0,0.0,0.00622,0.05,3171
k723,0.0,0.0,0.4204933,0.675731447,0.0,0.0152,0.0,0.0,0.0216,0.0,3159
k964,0.0,0.0,0.36655983,0.695653014,0.0,0.0758,0.0,0.0,0.00569,0.05,2564
k2059,0.0,0.0,0.40124956,0.688817826,0.0,0.151515152,0.0,0.0,0.00762,0.075,1864
k1416,0.0,0.0,0.22297087,0.67512356,0.0,0.0,0.0,0.0,0.00467,0.0,2805
k1031,0.0,0.0,0.40520105,0.681029421,0.0,0.166666667,0.0,0.0,0.00305,0.025,2655
k3119,0.0,0.0,0.2542873,0.797839912,0.0,0.151515152,0.0,0.0,0.00773,0.15,1249
k1695,0.222222222,0.0,0.12695394,0.725318731,0.0,0.318181818,0.0,0.0,0.0155,0.025,2058
k28,0.222222222,0.0,0.22159223,0.691211779,0.0,0.166666667,0.768404092,0.0,0.00668,0.0,1950
k3387,0.0,0.0,0.22308955,0.69443904,0.0323,0.0,0.0,0.0,0.0135,0.125,212
k1583,0.0,0.0,0.26280403,0.726011342,0.0,0.0909,0.8457446,0.0,0.00646,0.1,3183
k1009,0.0,0.0,0.89565265,0.702521166,0.0,0.0152,0.0,0.0,0.00266,0.05,772
k1586,0.0,0.0,0.30938843,0.637982264,0.0,0.0455,0.0,0.0,0.00295,0.05,2661
k1790,0.0,0.0,0.27294219,0.763446819,0.0,0.227272727,0.0,0.0,0.0142,0.05,2940
k2743,0.0,0.0,0.15971427,0.775909308,0.0,0.0152,0.0,0.0,0.016,0.15,1549
k3125,0.0,0.0,0.38422704,0.822840311,0.0,0.0303,0.802514175,0.0,0.0242,0.0,3223
k2009,0.0,0.0,0.22683565,0.727584161,0.0,0.0303,0.0,0.0,0.0157,0.0,276
k1546,0.0,0.0,0.50779343,0.700618102,0.0,0.0152,0.820952468,0.0,0.0109,0.0,2573
k3276,0.222222222,0.0,0.20387447,0.730582096,0.0,0.196969697,0.0,0.0,0.0113,0.025,2988
k2431,0.222222222,0.0,0.27465048,0.849882826,0.129032258,0.121212121,0.0,0.0,0.0055,0.1,1707
k1035,0.0,0.0833,0.29891124,0.685019278,0.0,0.0,0.725903294,0.0,0.0133,0.0,422
k1057,0.0,0.0,0.45713678,0.746075674,0.0645,0.0,0.0,0.0,0.00768,0.05,3137
k3027,0.0,0.0,0.35531968,0.71393442,0.0,0.0152,0.0,0.0,0.00674,0.0,626
k3021,0.0,0.0,0.40352049,0.695677402,0.0,0.196969697,0.0,0.0,0.00621,0.05,2321
k3090,0.0,0.0,0.36835071,0.836302993,0.0,0.106060606,0.0,0.0,0.0415,0.0,2464
k2354,0.0,0.0,0.18510742,0.872447006,0.0968,0.272727273,0.0,0.0,0.0566,0.125,771
k260,0.0,0.0,0.4799273,0.75452254,0.0,0.0303,0.0,0.0,0.00667,0.0,1450
k3036,0.444444444,0.0833,0.17445534,0.719588827,0.0,0.272727273,0.0,0.0,0.00981,0.0,2394
k2337,0.0,0.0,0.33531415,0.740523488,0.0,0.0606,0.0,0.0,0.00569,0.0,3222
k1709,0.0,0.166666667,0.38125587,0.790572602,0.0,0.121212121,0.0,0.0,0.00437,0.0,1574
k1729,0.0,0.0,0.47628266,0.791896531,0.0,0.0152,0.0,0.0,0.00328,0.05,2826
k1200,0.0,0.25,0.27446368,0.940289738,0.193548387,0.333333333,0.0,0.0,0.00953,0.05,2844
k1523,0.0,0.0,0.36002037,0.721038215,0.0,0.106060606,0.0,0.0,0.0096,0.1,223
k3322,0.0,0.0833,0.245774,0.933621472,0.0,0.303030303,0.0,0.0,0.0231,0.025,2150
k3334,0.0,0.0833,0.33888748,0.872671011,0.0323,0.0758,0.0,0.0,0.0112,0.025,1579
k151,0.0,0.0,0.36767191,0.692808334,0.0,0.0455,0.0,0.0,0.00434,0.0,1107
k157,0.444444444,0.0,0.27643967,0.715707316,0.0,0.136363636,0.0,0.0,0.00759,0.025,1255
k2967,0.0,0.0,0.27884647,0.564159704,0.0,0.0,0.0,0.0,0.00601,0.0,3383
k1392,0.0,0.0,0.19232593,0.724550698,0.0,0.272727273,0.0,0.0,0.0135,0.0,3380
k3407,0.222222222,0.0,0.18023987,0.71367125,0.0,0.121212121,0.0,0.0,0.0127,0.05,1558
k612,0.222222222,0.0,0.15521266,0.810459867,0.0,0.181818182,0.0,0.0,0.0173,0.1,794
k1336,0.0,0.0,0.33493748,0.697950872,0.0,0.0455,0.0,0.0,0.0276,0.15,1048
k1884,0.0,0.0,0.55374908,0.392232676,0.0,0.0,0.0,0.0,0.00187,0.0,1768
k3411,0.111111111,0.0,0.2763932,0.667854872,0.0,0.151515152,0.0,0.0,0.00305,0.0,1335
k51,0.111111111,0.0,0.16043559,0.824061139,0.0323,0.0455,0.0,0.0,0.0145,0.05,1517
k217,0.222222222,0.0,0.17855288,0.72869201,0.0,0.151515152,0.0,0.0,0.0127,0.05,1828
k963,0.0,0.0,0.27860099,0.765522777,0.0,0.0,0.0,0.0,0.00702,0.05,1838
k1558,0.0,0.0,0.50756878,0.69309302,0.0,0.0,0.0,0.0,0.00747,0.075,351
k1634,0.0,0.0833,0.17951632,0.866370164,0.0,0.121212121,0.0,0.0,0.0463,0.025,1217
k2082,0.0,0.0,0.33869019,0.780369533,0.0,0.181818182,0.0,0.0,0.006,0.1,3319
k3375,0.0,0.0,0.33910307,0.746048722,0.0,0.0909,0.0,0.0,0.0172,0.025,789
k1231,0.0,0.333333333,0.23440418,0.756174417,0.0,0.0,0.0,0.0,0.00687,0.0,428
k560,0.0,0.0,0.31895146,0.70895666,0.0,0.0606,0.0,0.0,0.00754,0.125,2256
k3031,0.0,0.333333333,0.65175056,0.890173128,0.0,0.181818182,0.0,0.0,0.00312,0.05,1804
k1319,0.222222222,0.0,0.18422404,0.731315251,0.0,0.136363636,0.0,0.0,0.00756,0.15,217
k1952,0.0,0.0,0.33333334,0.682277929,0.0,0.0909,0.0,0.0,0.00533,0.15,1028
k1692,0.0,0.0,0.31906781,0.777695373,0.0323,0.136363636,0.0,0.0,0.00961,0.025,2686
k341,0.111111111,0.0,0.32852072,0.698088161,0.0,0.0758,0.0,0.0,0.0052,0.05,1480
k474,0.0,0.0,0.18676545,0.834549469,0.129032258,0.0758,0.0,0.0,0.0108,0.1,2913
k2869,0.0,0.25,0.35134444,0.782184886,0.0,0.0303,0.0,0.0,0.0244,0.0,3250
k1299,0.0,0.0,0.16818696,0.7105415,0.0,0.0152,0.0,0.0,0.0104,0.0,2152
k71,0.111111111,0.0833,0.22746888,0.874676372,0.161290323,0.242424242,0.0,0.0,0.00687,0.1,2720
k2562,0.0,0.0,0.0751,0.768294066,0.0,0.242424242,0.0,0.0,0.00501,0.0,3115
k2724,0.222222222,0.0,0.18008958,0.690462506,0.0,0.212121212,0.0,0.0,0.00647,0.025,1645
k2123,0.0,0.0833,0.16757442,0.816262512,0.0,0.121212121,0.0,0.0,0.0137,0.25,3145
k3225,0.0,0.0,0.31196815,0.699068369,0.0,0.0152,0.0,0.0,0.0134,0.075,1741
k358,0.0,0.0,0.146606,0.742653811,0.0,0.0,0.0,0.0,0.032,0.0,2639
k2037,0.111111111,0.0833,0.0874,0.837457396,0.161290323,0.0909,0.879231459,0.564817396,0.0211,0.125,1857
k2898,0.0,0.0,0.13800645,0.886811181,0.0,0.0152,0.0,0.0,0.0184,0.0,673
k2325,0.111111111,0.0833,0.1549744,0.78540472,0.0323,0.0909,0.0,0.141251771,0.0223,0.125,2555
k1096,0.0,0.0,0.55131066,0.851610813,0.0323,0.0758,0.0,0.0,0.0107,0.05,1855
k1154,0.0,0.0,0.099,0.80487154,0.0968,0.242424242,0.833614544,0.478817425,0.0301,0.05,2991
k1482,0.0,0.0,0.25396398,0.809290149,0.0,0.0303,0.0,0.0,0.0187,0.15,521
k1785,0.0,0.0,0.63559109,0.805803126,0.0,0.0,0.0,0.0,0.00767,0.025,260
k3414,0.0,0.25,0.55435228,0.947767232,0.0968,0.0909,0.0,0.0,0.00313,0.05,2481
k25,0.0,0.0,0.27743694,0.756838736,0.0,0.303030303,0.0,0.0,0.0134,0.05,2581
k2996,0.0,0.0,0.36073059,0.720928146,0.0,0.0909,0.0,0.0,0.0096,0.1,3254
k1540,0.0,0.0,0.26025015,0.809040302,0.0323,0.0303,0.808411996,0.0,0.0295,0.0,798
k572,0.0,0.166666667,0.43819749,0.803544165,0.0,0.0,0.0,0.0,0.0081,0.05,3355
k3177,0.0,0.0,0.28695622,0.730476965,0.0,0.0758,0.916260051,0.0,0.00473,0.0,352
k491,0.0,0.0833,0.23643886,0.927822502,0.193548387,0.242424242,0.0,0.0,0.00943,0.075,3070
k2224,0.0,0.0,0.189201,0.848711002,0.0,0.121212121,0.0,0.0,0.0194,0.075,2355
k1928,0.0,0.0,0.54189718,0.677116785,0.0,0.0455,0.816909116,0.0,0.00423,0.0,201
k3285,0.0,0.0,0.18527484,0.714100155,0.0,0.46969697,0.0,0.0,0.00813,0.0,3376
k3316,0.111111111,0.0,0.39374289,0.71037366,0.0,0.0303,0.0,0.0,0.02,0.025,2148
k2924,0.0,0.0,0.4395799,0.795274367,0.0,0.0,0.0,0.0,0.0277,0.0,1154
k976,0.0,0.0,0.15388425,0.744983905,0.0,0.303030303,0.0,0.0,0.0157,0.0,2783
k830,0.111111111,0.0,0.15205808,0.731575932,0.0,0.0758,0.0,0.0,0.0114,0.0,3277
k1419,0.0,0.0,0.14754021,0.757792948,0.0,0.393939394,0.0,0.0,0.0114,0.025,1135
k1323,0.0,0.0,0.33077917,0.712788133,0.0,0.0455,0.0,0.0,0.0276,0.125,2267
k2305,0.111111111,0.0,0.2809175,0.794416633,0.0,0.272727273,0.0,0.0,0.00949,0.075,68
k3228,0.0,0.0,0.16968751,0.758301371,0.0323,0.0455,0.0,0.358104564,0.0344,0.075,492
k2160,0.0,0.0,0.31711853,0.801998108,0.0323,0.136363636,0.0,0.0,0.0125,0.025,3273
k3075,0.222222222,0.0,0.12668203,0.763178633,0.161290323,0.272727273,0.0,0.0,0.0126,0.175,1205
k2853,0.0,0.0,0.22439747,0.74663046,0.0,0.0455,0.0,0.0,0.0224,0.05,2857
k2331,0.0,0.0,0.48691946,0.702358417,0.0,0.0303,0.0,0.0,0.00442,0.025,856
k1671,0.0,0.0,0.3774752,0.782489366,0.0,0.0,0.0,0.0,0.00573,0.05,1447
k3054,0.0,0.0,0.50757402,0.653700804,0.0,0.0909,0.0,0.0,0.0029,0.0,1169
k797,0.111111111,0.0,0.25658518,0.701236326,0.0,0.0303,0.0,0.316920326,0.0164,0.05,701
k788,0.222222222,0.0,0.2163541,0.71723358,0.0,0.363636364,0.0,0.0,0.00746,0.0,1715
k705,0.0,0.0,0.40740272,0.748704772,0.0645,0.0,0.0,0.0,0.00789,0.025,544
k1727,0.0,0.5,0.13300288,1.0,0.290322581,0.545454545,0.0,0.0,0.0257,0.15,2739
k2670,0.111111111,0.0,0.4208124,0.71618067,0.0,0.166666667,0.0,0.0,0.00362,0.125,2955
k2310,0.0,0.0,0.19687225,0.706706467,0.0,0.181818182,0.758082904,0.0,0.00703,0.025,374
k2610,0.111111111,0.0,0.32418126,0.73535484,0.0,0.181818182,0.0,0.0,0.0041,0.025,1309
k2791,0.0,0.0,0.26598516,0.874487781,0.0,0.196969697,0.833416936,0.0,0.0622,0.0,2277
k891,0.0,0.0,0.52020025,0.692774835,0.0,0.0758,0.0,0.0,0.00337,0.075,3397
k252,0.0,0.0833,0.25440127,0.934070209,0.161290323,0.257575758,0.0,0.0,0.00874,0.05,1187
k2320,0.111111111,0.0,0.17893124,0.689576823,0.0,0.0909,0.842917294,0.0,0.00806,0.025,728
k2678,0.0,0.0,0.44621959,0.685292747,0.0,0.0303,0.808001581,0.0,0.00269,0.025,1987
k2749,0.0,0.0,0.34604502,0.812665611,0.0323,0.0909,0.0,0.0,0.0099,0.025,1490
k575,0.222222222,0.0,0.0944,0.731501468,0.0,0.333333333,0.0,0.0,0.0152,0.15,2950
k1377,0.0,0.0,0.19768217,0.72020506,0.0,0.0758,0.0,0.0,0.00736,0.15,2231
k3002,0.222222222,0.0,0.22608304,0.762846665,0.0,0.166666667,0.0,0.0,0.0159,0.1,1928
k1606,0.0,0.0,0.48334479,0.76941853,0.0645,0.121212121,0.0,0.0,0.00226,0.1,2757
k2785,0.0,0.0,0.15777636,0.797750823,0.0,0.166666667,0.0,0.0,0.018,0.05,620
k3145,0.0,0.0,0.15539221,0.744546194,0.0,0.0,0.0,0.0,0.00853,0.05,1072
k2815,0.111111111,0.0,0.40965739,0.701502942,0.0,0.0606,0.0,0.0,0.0165,0.025,1810
k2252,0.0,0.0,0.14775531,0.711862405,0.0,0.0455,0.0,0.0,0.0032,0.0,2043
k3159,0.0,0.0,0.27048358,0.72127673,0.0,0.0152,0.806071108,0.0,0.00763,0.025,1427
k1904,0.0,0.0,0.30085996,0.680899253,0.0,0.166666667,0.840226793,0.0,0.00509,0.0,2503
k2524,0.0,0.0,0.26254508,0.799044966,0.0323,0.0909,0.0,0.602345943,0.015,0.05,972
k993,0.0,0.0,0.28706345,0.779690245,0.0,0.242424242,0.0,0.0,0.00708,0.0,1787
k447,0.0,0.0,0.32411385,0.826264969,0.0,0.0455,0.0,0.0,0.0197,0.075,2967
k1751,0.0,0.0,0.095,0.722900774,0.0,0.181818182,0.0,0.0,0.00412,0.0,2338
k145,0.333333333,0.0,0.30582187,0.788028497,0.0323,0.303030303,0.0,0.0,0.00686,0.025,1832
k3050,0.0,0.25,0.19017574,0.914384591,0.193548387,0.227272727,0.0,0.0,0.0102,0.2,2858
k2666,0.333333333,0.0,0.17404298,0.739164529,0.0,0.181818182,0.0,0.0,0.0151,0.2,2977
k2851,0.111111111,0.0,0.22433986,0.735659358,0.0,0.0455,0.0,0.339886332,0.0194,0.025,1811
k851,0.0,0.0,0.21912025,0.731292624,0.0,0.121212121,0.758098104,0.0,0.0157,0.05,3032
k2294,0.0,0.0,0.8048678,0.750360899,0.0,0.0,0.0,0.0,0.0104,0.025,2013
k2228,0.0,0.0,0.25345683,0.784580217,0.0,0.0758,0.855336161,0.0,0.00929,0.075,2515
k1566,0.0,0.0,0.43186596,0.635272844,0.0,0.0758,0.0,0.0,0.00453,0.125,1948
k444,0.0,0.0,0.21339005,0.749496235,0.0323,0.212121212,0.0,0.0,0.0213,0.125,1429
k86,0.0,0.0,0.44723925,0.877549459,0.129032258,0.151515152,0.0,0.0,0.00346,0.1,3362
k1034,0.0,0.0,0.1484787,0.717976038,0.0,0.0303,0.0,0.0,0.0032,0.0,1611
k1123,0.0,0.0,0.23823594,0.850426509,0.0,0.151515152,0.0,0.0,0.0204,0.05,1776
k2624,0.0,0.0,0.22114928,0.689725139,0.0,0.0152,0.0,0.0,0.0158,0.2,2281
k2486,0.0,0.0,0.38435981,0.740993205,0.0323,0.0909,0.858391476,0.0,0.00507,0.0,2196
k1404,0.0,0.0833,0.18727189,0.804902666,0.0323,0.0152,0.0,0.558631835,0.016,0.075,3237
k690,0.0,0.0833,0.61029464,0.735955644,0.0,0.0,0.0,0.0,0.00297,0.025,2595
k2570,0.0,0.0,0.42906615,0.82555892,0.0,0.0,0.743961573,0.0,0.0115,0.025,6
k1114,0.0,0.0,0.35038927,0.856977547,0.0,0.136363636,0.0,0.0,0.0238,0.0,497
k754,0.0,0.0,0.2568762,0.813383337,0.0,0.0,0.0,0.0,0.0123,0.0,2357
k121,0.0,0.0,0.15211572,0.848758208,0.0,0.227272727,0.0,0.0,0.0369,0.15,2020
k3128,0.0,0.0,0.19839065,0.727513411,0.0,0.484848485,0.875583322,0.0,0.00939,0.0,910
k3392,0.0,0.0,0.21298631,0.686088613,0.0,0.0909,0.0,0.0,0.00979,0.0,1374
k1518,0.0,0.0,0.24266905,0.77655303,0.0,0.0,0.0,0.0,0.0273,0.1,2316
k2674,0.0,0.0,0.35553613,0.793100016,0.0,0.151515152,0.0,0.0,0.00704,0.025,1077
k496,0.0,0.0,0.28354076,0.813898039,0.0,0.0455,0.0,0.0,0.0222,0.125,2660
k1044,0.0,0.0,0.30060953,0.704532117,0.0,0.0909,0.779166097,0.0,0.00678,0.075,922
k1274,0.0,0.0,0.69538397,0.774945793,0.0,0.0,0.813869001,0.0,0.00346,0.0,605
k1339,0.0,0.0,0.24120025,0.710269946,0.0,0.0606,0.0,0.0,0.00529,0.1,2236
k2102,0.0,0.0,0.20316249,0.685868169,0.0,0.227272727,0.866113366,0.0,0.0102,0.075,1432
k578,0.111111111,0.0,0.32977641,0.696551216,0.0,0.0303,0.0,0.0,0.0052,0.05,1418
k2038,0.111111111,0.0,0.35934871,0.748556342,0.0,0.227272727,0.0,0.0,0.00559,0.025,2211
k1071,0.0,0.0,0.58538765,0.865758219,0.0,0.0606,0.856506605,0.0,0.00595,0.0,1365
k660,0.0,0.0,0.35484794,0.81413709,0.0,0.0303,0.0,0.0,0.0192,0.075,555
k2760,0.111111111,0.0,0.25714573,0.674306867,0.0,0.121212121,0.0,0.0,0.00642,0.025,413
k2415,0.0,0.0833,0.18281336,0.806552054,0.0,0.333333333,0.0,0.0,0.00733,0.175,2653
k666,0.0,0.0,0.21432517,0.962134431,0.129032258,0.0,0.0,0.0,0.0158,0.025,3016
k1699,0.0,0.166666667,0.13453741,0.828884841,0.161290323,0.106060606,0.0,0.667943848,0.018,0.1,1092
k1563,0.0,0.0,0.33346632,0.730629377,0.0,0.0909,0.0,0.0,0.0131,0.025,1542
k874,0.0,0.333333333,0.19019961,0.940893606,0.0,0.363636364,0.0,0.0,0.0119,0.1,3309
k1628,0.0,0.0,0.24939477,0.707316269,0.0,0.181818182,0.0,0.0,0.00943,0.025,2030
k887,0.0,0.0,0.53969282,0.647490425,0.0,0.0303,0.0,0.0,0.00723,0.0,3141
k1450,0.555555556,0.0,0.1197897,0.739331297,0.0,0.181818182,0.0,0.0,0.0221,0.025,2718
k1117,0.0,0.0,0.27680424,0.721631554,0.0,0.0303,0.0,0.0,0.00978,0.0,3350
k2493,0.0,0.0,0.50498593,0.701070552,0.0,0.0152,0.825117424,0.0,0.0109,0.0,1973
k1645,0.333333333,0.0,0.3493067,0.778021484,0.0,0.151515152,0.0,0.0,0.0046,0.025,3216
k1885,0.111111111,0.0833,0.25440526,0.792270192,0.0,0.303030303,0.0,0.0,0.013,0.05,3126
k2807,0.0,0.0,0.46240246,0.671312416,0.0,0.0303,0.0,0.0,0.00295,0.0,2146
k2062,0.0,0.0,0.17888072,0.779939517,0.0323,0.0606,0.0,0.0,0.00884,0.0,420
k3390,0.0,0.0,0.21702236,0.727001083,0.0,0.0303,0.0,0.0,0.00659,0.0,2009
k2660,0.222222222,0.0,0.21387577,0.772033463,0.0645,0.0606,0.0,0.0,0.00758,0.075,2987
k2277,0.0,0.0833,0.30683967,0.825110834,0.0,0.0,0.0,0.0,0.0141,0.0,266
k296,0.0,0.0,0.21684341,0.715001534,0.0,0.181818182,0.0,0.0,0.00662,0.0,1195
k1707,0.0,0.166666667,0.10737251,0.931669212,0.0,0.181818182,0.0,0.0,0.0346,0.25,2407
k1184,0.0,0.0833,0.15844335,0.870484868,0.0,0.212121212,0.0,0.0,0.0321,0.075,3088
k2121,0.0,0.0,0.30853724,0.874607,0.0,0.227272727,0.0,0.0,0.0403,0.05,1472
k589,0.0,0.0,0.30323833,0.7164474,0.0,0.0,0.0,0.0,0.0168,0.0,2638
k2595,0.0,0.0,0.19440255,0.712942306,0.0,0.121212121,0.0,0.0,0.0131,0.0,2675
k478,0.0,0.0,0.34941208,0.711221976,0.0,0.0909,0.0,0.0,0.00735,0.05,2468
k1966,0.222222222,0.0,0.27833447,0.693596428,0.0,0.212121212,0.0,0.0,0.00664,0.075,2523
k2111,0.0,0.0,0.12874059,0.757793791,0.0,0.53030303,0.0,0.0,0.0208,0.0,2849
k92,0.111111111,0.0,0.22992878,0.716453066,0.0,0.0606,0.0,0.0,0.00871,0.075,248
k3403,0.0,0.0,0.34038302,0.81341163,0.0323,0.242424242,0.0,0.0,0.011,0.0,2081
k3233,0.222222222,0.0,0.31129441,0.676155069,0.0,0.121212121,0.0,0.0,0.00834,0.0,3352
k2713,0.0,0.0,0.31829026,0.686128314,0.0,0.0152,0.0,0.0,0.00692,0.025,940
k2225,0.0,0.0,0.30723754,0.714500155,0.0,0.106060606,0.0,0.0,0.0113,0.025,1247
k498,0.0,0.0,0.5,0.785526657,0.0,0.0909,0.0,0.0,0.00366,0.0,845
k2284,0.0,0.0,0.24574411,0.722522251,0.0,0.0,0.817577941,0.0,0.0107,0.0,3301
k2627,0.0,0.0,0.49206418,0.886100843,0.0,0.0152,0.0,0.0,0.0103,0.025,2340
k1800,0.222222222,0.0,0.24897639,0.663741508,0.0,0.121212121,0.0,0.0,0.00634,0.05,1821
k780,0.222222222,0.166666667,0.16329697,0.831458502,0.0,0.136363636,0.0,0.0,0.00802,0.175,3347
k1137,0.222222222,0.0,0.25313795,0.849968545,0.0,0.0758,0.0,0.0,0.0291,0.075,3328
k2400,0.0,0.0833,0.31658232,0.87771531,0.0323,0.0303,0.0,0.0,0.00919,0.025,2415
k2189,0.0,0.0,0.1361078,0.766180511,0.0,0.136363636,0.0,0.755396261,0.0166,0.125,2905
k94,0.0,0.0,0.38938475,0.734243622,0.0323,0.227272727,0.0,0.0,0.00676,0.0,2553
k752,0.0,0.0,0.4266001,0.642317795,0.0,0.0152,0.0,0.0,0.00435,0.05,944
k1858,0.0,0.0,0.34942448,0.688275444,0.0,0.0,0.0,0.0,0.00707,0.0,869
k2030,0.0,0.0,0.82424796,0.600334651,0.0,0.0,0.0,0.0,0.00559,0.05,1627
k3110,0.0,0.0,0.27381739,0.754560519,0.0,0.212121212,0.0,0.0,0.0073,0.15,2453
k3082,0.0,0.0,0.29241282,0.865230194,0.0,0.0909,0.0,0.0,0.0332,0.0,2811
k278,0.0,0.0,0.37710103,0.651002985,0.0,0.0606,0.0,0.0,0.0036,0.0,3026
k194,0.0,0.0,0.65427428,0.835094837,0.0323,0.0606,0.0,0.0,0.00595,0.05,948
k304,0.888888889,0.0,0.0851,0.741796001,0.0,0.333333333,0.954975907,0.0,0.0241,0.0,2683
k1632,0.0,0.0,0.23039484,0.661324278,0.0,0.0909,0.0,0.0,0.00868,0.15,243
k2604,0.0,0.0,0.0992,0.890056589,0.0,0.378787879,0.0,0.0,0.0268,0.4,873
k24,0.0,0.0,0.13047756,0.889269222,0.0645,0.242424242,0.0,0.0,0.00859,0.0,2114
k1494,0.0,0.0833,0.12238187,0.91223436,0.161290323,0.0,0.0,0.0,0.0437,0.0,1161
k360,0.0,0.0,0.24556829,0.868086628,0.0,0.272727273,0.0,0.0,0.0137,0.0,2080
k2762,0.0,0.0,0.41664061,0.805328393,0.0,0.0303,0.0,0.0,0.00965,0.0,2682
k486,0.111111111,0.0,0.22615907,0.689152819,0.0,0.212121212,0.0,0.0,0.00982,0.05,1350
k2848,0.0,0.0,0.22413537,0.690305499,0.0,0.212121212,0.0,0.0,0.00883,0.025,2818
k2469,0.0,0.0,0.48322079,0.653939778,0.0,0.0606,0.0,0.0,0.00225,0.0,321
k1817,0.0,0.0,0.48428303,0.67700304,0.0,0.212121212,0.0,0.0,0.00252,0.0,1908
k314,0.0,0.0,0.17740385,0.767878292,0.0,0.151515152,0.0,0.0,0.00534,0.05,1351
k2287,0.0,0.0,0.44181356,0.71819162,0.0,0.0909,0.0,0.0,0.00364,0.0,3180
k916,0.0,0.0,0.22505334,0.748332261,0.0,0.0909,0.0,0.0,0.0122,0.0,2071
k164,0.0,0.0833,0.15075943,0.800122417,0.0,0.0606,0.0,0.0,0.0111,0.075,941
k1554,0.0,0.0,0.56067687,0.697747503,0.0,0.0,0.0,0.0,0.00398,0.0,547
k2989,0.0,0.0,0.14130391,0.710052986,0.0,0.0303,0.0,0.0,0.0032,0.0,2926
k2857,0.0,0.0,0.30025035,0.712032083,0.0,0.0152,0.814978643,0.0,0.0044,0.0,690
k1772,0.0,0.25,0.17430677,0.943520062,0.193548387,0.333333333,0.0,0.0,0.015,0.025,1590
k2884,0.0,0.0,0.17224754,0.812839118,0.0323,0.0606,0.0,0.35511579,0.0237,0.075,1468
k1471,0.0,0.0,0.31814477,0.703251565,0.0,0.0303,0.0,0.0,0.0101,0.0,143
k2368,0.0,0.0,0.50878841,0.682921804,0.0,0.0909,0.0,0.0,0.00332,0.0,1564
k772,0.0,0.0,0.53250611,0.742057524,0.0,0.0606,0.0,0.0,0.00469,0.025,715
k2154,0.0,0.0,0.50472778,0.733705107,0.0,0.151515152,0.0,0.0,0.00768,0.0,269
k454,0.0,0.0,0.13428456,0.729341168,0.0,0.0152,0.0,0.0,0.00394,0.0,1002
k2276,0.0,0.0,0.82156551,0.739590065,0.0,0.0,0.0,0.0,0.00469,0.025,786
k2110,0.0,0.0,0.075,0.751975257,0.0,0.287878788,0.0,0.0,0.00601,0.0,2568
k3165,0.0,0.0,0.22017756,0.735678347,0.0,0.0303,0.0,0.0,0.00589,0.0,42
k213,0.0,0.0,0.31220335,0.76189008,0.0,0.212121212,0.935032757,0.0,0.00851,0.0,2982
k2363,0.0,0.0833,0.17963085,0.933179626,0.225806452,0.287878788,0.0,0.0,0.0248,0.075,1114
k1164,0.0,0.0,0.72787583,0.761224765,0.0,0.0,0.0,0.0,0.00469,0.025,1632
k3408,0.222222222,0.0,0.24986804,0.849968813,0.0,0.0606,0.0,0.0,0.0338,0.075,2806
k3388,0.0,0.0,0.49810085,0.795835431,0.0,0.0,0.0,0.0,0.0167,0.0,3175
k2307,0.333333333,0.0,0.16608663,0.87851106,0.161290323,0.242424242,0.0,0.316649551,0.0167,0.15,2167
k1517,0.444444444,0.0,0.14443387,0.741886927,0.0,0.106060606,0.0,0.0,0.0182,0.025,2632
k865,0.111111111,0.0,0.40493816,0.720184501,0.0,0.242424242,0.0,0.0,0.00617,0.05,315
k1577,0.222222222,0.0,0.29307523,0.70179004,0.0,0.121212121,0.0,0.0,0.00484,0.0,2648
k1320,0.0,0.166666667,0.32346499,0.84416479,0.0323,0.212121212,0.0,0.0,0.00771,0.05,799
k422,0.0,0.0,0.30486268,0.684693168,0.0,0.0,0.796981166,0.0,0.0106,0.125,1023
k2702,0.0,0.0,0.35492608,0.671197026,0.0,0.151515152,0.0,0.0,0.00305,0.0,2470
k2048,0.0,0.0,0.27072945,0.77817604,0.0,0.242424242,0.0,0.0,0.011,0.0,545
k1582,0.555555556,0.0,0.19931178,0.755645091,0.0,0.106060606,0.0,0.0,0.0089,0.175,558
k933,0.0,0.0,0.18222091,0.924649376,0.0,0.0303,0.0,0.0,0.00343,0.0,2911
k297,0.111111111,0.0,0.0842,0.860787389,0.322580645,0.303030303,0.0,0.0,0.0235,0.55,2608
k556,0.0,0.0,0.20632735,0.839857206,0.0645,0.0455,0.0,0.0,0.0332,0.1,1040
k1766,0.222222222,0.0,0.27481553,0.716341045,0.0,0.121212121,0.0,0.0,0.00405,0.05,2363
k302,0.0,0.166666667,0.50828385,0.892627417,0.0968,0.0606,0.0,0.0,0.00458,0.05,3281
k2587,0.0,0.0,0.21668693,0.754127134,0.0,0.0,0.760317388,0.0,0.0108,0.0,1056
k3350,0.0,0.0,0.31169116,0.563398447,0.0,0.0,0.0,0.0,0.00462,0.025,3243
k2609,0.111111111,0.166666667,0.15050918,0.785407362,0.0323,0.0909,0.0,0.142679771,0.0226,0.125,2035
k3262,0.0,0.0,0.34324154,0.851987536,0.0,0.227272727,0.0,0.0,0.0265,0.1,53
k3104,0.0,0.0,0.13787074,0.856482906,0.129032258,0.242424242,0.0,0.0,0.0147,0.35,3053
k2262,0.0,0.0,0.25821117,0.69073651,0.0,0.121212121,0.0,0.0,0.00484,0.025,1727
k3106,0.0,0.0,0.14814594,0.721494264,0.0,0.333333333,0.0,0.0,0.0116,0.05,2592
k2672,0.0,0.166666667,0.43029213,0.749621542,0.0,0.0455,0.0,0.0,0.00487,0.0,2494
k2288,0.0,0.0,0.30251181,0.691119321,0.0,0.181818182,0.0,0.0,0.00783,0.05,181
k2087,0.0,0.0,0.33270264,0.733636271,0.0,0.181818182,0.0,0.0,0.00513,0.1,1284
k1675,0.111111111,0.0,0.46694586,0.858402127,0.0,0.121212121,0.866204569,0.0,0.00339,0.0,838
k2759,0.0,0.0,0.31395888,0.726325891,0.0,0.0152,0.0,0.0,0.00842,0.0,1449
k1005,0.0,0.0,0.55514663,0.656266656,0.0,0.136363636,0.0,0.0,0.00436,0.075,1595
k3149,0.0,0.0,0.27770764,0.718424737,0.0,0.348484848,0.0,0.0,0.00562,0.0,2938
k860,0.111111111,0.0,0.3606917,0.704961405,0.0,0.151515152,0.0,0.0,0.00362,0.075,164
k104,0.0,0.0,0.51028097,0.602014782,0.0,0.0,0.700123125,0.0,0.0126,0.025,167
k2741,0.0,0.0,0.43029633,0.778246599,0.0,0.0152,0.0,0.0,0.0135,0.075,2514
k932,0.0,0.0,0.48148221,0.796861887,0.0,0.0455,0.0,0.0,0.0246,0.0,2269
k2525,0.0,0.0,0.252711,0.793014028,0.0,0.0758,0.855016949,0.0,0.0104,0.075,2790
k982,0.0,0.0,0.20352693,0.750611665,0.0,0.0303,0.0,0.717968463,0.0186,0.075,335
k822,0.0,0.0,0.23936756,0.868553244,0.0,0.151515152,0.870354325,0.0,0.00962,0.075,1910
k520,0.0,0.0,0.42035019,0.822663589,0.0,0.0758,0.0,0.0,0.0346,0.0,624
k697,0.0,0.0,0.47917682,0.711666961,0.0,0.0,0.0,0.0,0.00777,0.05,1181
k2750,0.0,0.0,0.13125841,0.92690087,0.0,0.0152,0.0,0.0,0.0136,0.0,2002
k2416,0.333333333,0.166666667,0.26823798,0.844288565,0.0645,0.196969697,0.0,0.0,0.00476,0.1,2852
k16,0.0,0.0,0.42916065,0.65393752,0.0,0.0606,0.0,0.0,0.00348,0.025,864
k1351,0.0,0.0,0.23526055,0.654071785,0.0,0.0303,0.0,0.0,0.00549,0.0,2613
k2831,0.0,0.0,0.12983775,0.863722345,0.0,0.333333333,0.0,0.0,0.0589,0.15,2341
k1146,0.111111111,0.0,0.12748317,0.760496702,0.161290323,0.287878788,0.0,0.0,0.0126,0.175,706
k2616,0.0,0.0,0.23589198,0.682668243,0.0,0.0606,0.0,0.0,0.00653,0.025,2623
k2825,0.444444444,0.0833,0.17958474,0.713298011,0.0,0.272727273,0.0,0.0,0.0114,0.0,2068
k2997,0.0,0.0,0.28198144,0.823720672,0.0323,0.106060606,0.0,0.0,0.00841,0.05,2558
k3087,0.0,0.333333333,0.16520314,0.775201076,0.0,0.0455,0.0,0.0,0.0235,0.25,3047
k1080,0.0,0.0,0.31043226,0.725126847,0.0,0.0909,0.0,0.0,0.0546,0.1,3411
k459,0.0,0.0,0.11446971,0.788277616,0.0,0.303030303,0.0,0.767399908,0.024,0.1,29
k1010,0.0,0.0,0.58952528,0.576588617,0.0,0.0758,0.0,0.0,0.000851,0.0,2848
k3215,0.0,0.166666667,0.37764138,0.866009329,0.0,0.0606,0.0,0.0,0.0095,0.025,1452
k1371,0.0,0.333333333,0.16185598,0.940930512,0.193548387,0.424242424,0.0,0.0,0.0192,0.1,815
k1780,0.0,0.0,0.17295265,0.74867491,0.0,0.106060606,0.0,0.0,0.0182,0.05,1840
k2758,0.0,0.0,0.55548948,0.726743043,0.0,0.0152,0.0,0.0,0.00394,0.025,1636
k1234,0.111111111,0.0,0.25381348,0.72108186,0.0,0.303030303,0.0,0.0,0.00499,0.05,2998
k2768,0.0,0.0,0.66209555,0.539967651,0.0,0.0,0.0,0.0,0.00312,0.025,1767
k1953,0.0,0.166666667,0.43768871,0.802908598,0.0,0.0152,0.0,0.0,0.0119,0.025,3025
k665,0.0,0.0,0.37762699,0.712117076,0.0,0.0758,0.0,0.0,0.00569,0.025,1298
k652,0.0,0.0,0.10916945,0.78861525,0.0968,0.0,0.0,0.868505503,0.0269,0.0,3155
k1444,0.0,0.0,0.40633723,0.765874998,0.0,0.227272727,0.0,0.0,0.00464,0.025,2023
k248,0.0,0.0,0.21446396,0.781833202,0.0,0.0303,0.0,0.0,0.0451,0.0,1038
k3122,0.111111111,0.0,0.35829908,0.768880819,0.0,0.0909,0.0,0.0,0.00905,0.025,2865
k399,0.0,0.0,0.34460041,0.771910798,0.0,0.0758,0.0,0.0,0.00942,0.025,3315
k283,0.111111111,0.166666667,0.31415349,0.821458266,0.0,0.242424242,0.0,0.0,0.00793,0.025,816
k1847,0.111111111,0.0,0.28357717,0.74039286,0.0,0.212121212,0.0,0.0,0.00506,0.025,1428
k1399,0.0,0.0,0.35390735,0.812497119,0.0,0.106060606,0.923100309,0.0,0.00553,0.0,237
k3400,0.0,0.0,0.30247071,0.685129998,0.0,0.212121212,0.0,0.0,0.00783,0.05,2922
k2132,0.0,0.0,0.078,0.836044072,0.290322581,0.363636364,0.0,0.278203506,0.0552,0.2,902
k205,0.0,0.0,0.36046275,0.71724116,0.0,0.196969697,0.91542402,0.0,0.00378,0.0,1663
k1501,0.0,0.0833,0.18138018,0.848880336,0.0968,0.0909,0.0,0.0,0.0087,0.025,562
k2483,0.0,0.166666667,0.20712265,0.80797024,0.0,0.0152,0.0,0.0,0.0165,0.15,2815
k3303,0.111111111,0.0,0.16620177,0.684828696,0.0,0.106060606,0.0,0.0,0.0115,0.05,1326
k2766,0.0,0.0,0.40047053,0.747254542,0.0,0.0,0.0,0.0,0.00511,0.05,2785
k1944,0.111111111,0.0,0.32639354,0.736521035,0.0,0.0909,0.0,0.0,0.0104,0.025,1022
k451,0.0,0.0,0.50800848,0.700048423,0.0,0.0455,0.829738398,0.0,0.00269,0.0,3227
k2641,0.0,0.0,0.10669693,0.706802486,0.0,0.212121212,0.0,0.0,0.00754,0.0,238
k594,0.0,0.0,0.2213947,0.702320438,0.0,0.0303,0.0,0.0,0.00497,0.0,711
k3413,0.0,0.0,0.31677422,0.785615746,0.0,0.121212121,0.0,0.0,0.0213,0.025,2533
k2565,0.0,0.0,0.29345632,0.513037426,0.0,0.0,0.679222339,0.0,0.00798,0.0,1019
k2073,0.0,0.0833,0.15325966,0.758022543,0.0323,0.0,0.723075988,0.0,0.018,0.0,1570
k1915,0.111111111,0.0,0.19337179,0.735042129,0.0,0.196969697,0.0,0.0,0.016,0.0,361
k931,0.0,0.0,0.0692,0.765187057,0.0,0.257575758,0.0,0.0,0.00773,0.0,2709
k1468,0.111111111,0.0833,0.22880103,0.857720426,0.0968,0.378787879,0.0,0.0,0.0167,0.025,3182
k757,0.0,0.0,0.27890351,0.617853116,0.0,0.0,0.0,0.0,0.00205,0.1,3031
k1338,0.0,0.0,0.25548196,0.778781668,0.0,0.121212121,0.0,0.0,0.0202,0.1,132
k1686,0.0,0.333333333,0.14839032,0.920871923,0.129032258,0.0455,0.0,0.0,0.0308,0.0,2843
k3168,0.0,0.0,0.50200081,0.651470902,0.0,0.0909,0.0,0.0,0.0029,0.0,677
k1856,0.111111111,0.0,0.11490332,0.772355477,0.129032258,0.151515152,0.0,0.0,0.0207,0.275,916
k34,0.0,0.0,0.55901736,0.635010133,0.0,0.0,0.0,0.0,0.00344,0.025,1211
k1036,0.0,0.0,0.50752872,0.722541853,0.0,0.0,0.0,0.0,0.00469,0.0,1992
k414,0.0,0.0,0.64090908,0.57579076,0.0,0.0,0.0,0.0,0.00982,0.0,1799
k2977,0.0,0.0,0.2847119,0.760786327,0.0,0.0606,0.0,0.0,0.0149,0.05,835
k3039,0.0,0.0,0.22053686,0.850248025,0.0,0.181818182,0.0,0.0,0.0451,0.0,1560
k2558,0.0,0.0,0.25449076,0.735569542,0.0,0.0909,0.846443826,0.0,0.0115,0.025,2863
k2393,0.0,0.0,0.3752175,0.795907828,0.0,0.0303,0.0,0.0,0.0199,0.075,369
k518,0.0,0.0,0.35902721,0.611431978,0.0,0.0,0.0,0.0,0.00747,0.0,2126
k3218,0.0,0.0,0.4080666,0.857905649,0.0645,0.272727273,0.0,0.0,0.00368,0.05,1886
k773,0.0,0.166666667,0.19850932,0.78497972,0.0,0.0152,0.0,0.0,0.0142,0.2,3046
k407,0.0,0.666666667,0.0734,0.959875931,0.0,0.363636364,0.0,0.0,0.0307,0.375,2251
k3070,0.0,0.0,0.16172782,0.836319723,0.0,0.363636364,0.0,0.101489683,0.0244,0.15,3351
k1990,0.0,0.0,0.52595186,0.743352931,0.0,0.0,0.0,0.0,0.00622,0.0,2395
k103,0.0,0.0,0.16666667,0.730419002,0.0,0.0,0.0,0.0,0.0463,0.0,3021
k2740,0.0,0.0,0.47438401,0.842924705,0.0645,0.151515152,0.0,0.0,0.00461,0.05,2507
k298,0.0,0.0,0.38404265,0.718720947,0.0,0.227272727,0.835560217,0.0,0.00461,0.0,289
k1676,0.0,0.0,0.16557613,0.748600523,0.0,0.136363636,0.0,0.0,0.00952,0.2,2906
k775,0.0,0.0,0.32750037,0.744705382,0.0,0.0152,0.0,0.0,0.0145,0.025,23
k3009,0.0,0.166666667,0.22923207,0.850195575,0.0,0.333333333,0.0,0.6961275,0.0181,0.05,1475
k2704,0.222222222,0.0,0.28119057,0.729890594,0.0,0.272727273,0.0,0.0,0.00843,0.025,2460
k2805,0.0,0.0,0.46690443,0.706709722,0.0,0.0,0.767066442,0.0,0.00777,0.0,2584
k2413,0.111111111,0.0,0.17777836,0.733722795,0.0,0.166666667,0.0,0.0,0.00902,0.0,663
k1505,0.0,0.0,0.65033716,0.671280448,0.0,0.0,0.752641099,0.0,0.0289,0.0,600
k911,0.0,0.166666667,0.19635248,0.952026193,0.290322581,0.272727273,0.0,0.0,0.0174,0.05,1082
k2932,0.0,0.0,0.25176284,0.708156507,0.0645,0.0,0.0,0.0,0.0136,0.1,3052
k1871,0.0,0.0,0.20970121,0.874293829,0.0,0.378787879,0.0,0.0,0.0492,0.025,1352
k484,0.0,0.0,0.5,0.53105616,0.0,0.0,0.0,0.0,0.0,0.0,371
k1135,0.0,0.0,0.56325328,0.668153992,0.0,0.166666667,0.0,0.0,0.00314,0.0,2614
k972,0.0,0.0,0.66273671,0.639180733,0.0,0.0606,0.0,0.0,0.00402,0.0,3379
k1498,0.111111111,0.0833,0.22912027,0.874710598,0.0,0.242424242,0.0,0.0,0.00789,0.125,1355
k2601,0.0,0.166666667,0.15878595,0.768057465,0.129032258,0.0758,0.0,0.0,0.0125,0.15,245
k216,0.222222222,0.0,0.17851441,0.776504178,0.129032258,0.242424242,0.0,0.0,0.00901,0.1,1340
k1851,0.0,0.166666667,0.46271759,0.790096071,0.0323,0.212121212,0.0,0.0,0.00662,0.0,2531
k2432,0.111111111,0.0,0.40645826,0.766569907,0.0,0.212121212,0.0,0.0,0.00464,0.025,1253
k2028,0.0,0.0,0.2078494,0.891689362,0.0968,0.0909,0.0,0.0,0.00292,0.0,1026
k2468,0.0,0.0,0.44337818,0.699269556,0.0323,0.0,0.0,0.0,0.00932,0.0,1553
k1169,0.111111111,0.166666667,0.17799452,0.807546082,0.0323,0.0758,0.0,0.0,0.0127,0.2,3354
k2777,0.0,0.0,0.62244189,0.664540015,0.0,0.0,0.0,0.0,0.00204,0.0,2262
k2603,0.0,0.0833,0.22919334,0.752507876,0.0,0.181818182,0.0,0.0,0.0138,0.125,1945
k2183,0.222222222,0.0,0.28118637,0.735635545,0.0,0.257575758,0.0,0.0,0.00843,0.025,448
k904,0.0,0.0,0.30970019,0.715489322,0.0,0.0,0.0,0.0,0.0168,0.0,1648
k2917,0.0,0.0833,0.40576774,0.920234518,0.129032258,0.212121212,0.0,0.0,0.00508,0.05,689
k1303,0.444444444,0.0,0.27342054,0.7204296,0.0,0.121212121,0.0,0.0,0.00379,0.05,419
k2318,0.111111111,0.0,0.37616411,0.705434032,0.0,0.151515152,0.0,0.0,0.00525,0.1,741
k2155,0.222222222,0.0,0.12605996,0.826625345,0.0968,0.287878788,0.0,0.0,0.0154,0.0,2953
k446,0.0,0.0,0.25073749,0.784544689,0.0,0.0303,0.0,0.0,0.0258,0.125,3287
k1759,0.0,0.0,0.25028735,0.741169737,0.0,0.106060606,0.0,0.0,0.0054,0.075,2083
k1409,0.0,0.0,0.51859164,0.713434037,0.0,0.0152,0.841534042,0.0,0.00501,0.0,3406
k800,0.0,0.0,0.44433299,0.675538491,0.0,0.0303,0.0,0.0,0.0107,0.0,851
k2098,0.0,0.0,0.21005346,0.765900304,0.0323,0.0,0.0,0.0,0.0195,0.025,1878
k792,0.0,0.0,0.61251152,0.760417759,0.0,0.0,0.0,0.0,0.0129,0.0,74
k811,0.0,0.0,0.6371358,0.428283657,0.0,0.0,0.0,0.0,0.00187,0.0,813
k3116,0.0,0.0,0.36416557,0.433691853,0.0,0.0,0.0,0.0,0.00224,0.0,908
k2258,0.0,0.0833,0.20972289,0.779015244,0.0323,0.0,0.0,0.0,0.0222,0.025,1011
k742,0.0,0.0,0.15800245,0.773942921,0.0323,0.0455,0.0,0.0,0.00595,0.1,2949
k3127,0.0,0.0,0.16461417,0.740963534,0.0,0.0303,0.0,0.0,0.00728,0.15,252
k2303,0.0,0.0,0.36678949,0.434552918,0.0,0.0,0.67979996,0.0,0.000871,0.0,329
k310,0.0,0.0833,0.25563088,0.703787285,0.0,0.136363636,0.0,0.0,0.00828,0.0,2611
k1826,0.0,0.0,0.16354547,0.746551402,0.0,0.166666667,0.834708985,0.0,0.0122,0.15,3308
k1296,0.0,0.0,0.34205148,0.748148608,0.0,0.0152,0.0,0.0,0.00243,0.1,2045
k502,0.0,0.0,0.48527431,0.796812231,0.0,0.0152,0.0,0.0,0.00625,0.025,518
k3252,0.0,0.0,0.27305219,0.655712483,0.0,0.0152,0.0,0.0,0.0103,0.15,1417
k2018,0.222222222,0.0,0.0936,0.729046145,0.0645,0.212121212,0.0,0.0,0.031,0.1,930
k1663,0.0,0.0,0.23688255,0.746749756,0.0,0.242424242,0.0,0.0,0.0109,0.0,2151
k2278,0.0,0.0,0.31483704,0.75438437,0.0,0.0909,0.0,0.0,0.00961,0.0,1250
k707,0.0,0.0,0.18694864,0.704262553,0.0323,0.0455,0.0,0.348494432,0.0185,0.075,2593
k2208,0.111111111,0.0,0.16994219,0.839708699,0.0645,0.212121212,0.0,0.0,0.00739,0.225,440
k253,0.0,0.0,0.41845036,0.702010178,0.0,0.0758,0.0,0.0,0.0101,0.025,2463
k3069,0.111111111,0.0,0.27657378,0.694598228,0.0,0.0303,0.0,0.0,0.0062,0.025,1536
k3051,0.0,0.0,0.1920459,0.848710926,0.0323,0.136363636,0.0,0.0,0.0194,0.075,810
k254,0.222222222,0.0,0.19071075,0.81950972,0.0,0.0303,0.0,0.0,0.0164,0.15,1952
k2934,0.333333333,0.0,0.19803701,0.871638736,0.0,0.166666667,0.0,0.0,0.0109,0.15,1796
k105,0.0,0.0,0.41935065,0.713875806,0.0,0.0303,0.0,0.0,0.00641,0.075,1983
k2150,0.111111111,0.0833,0.25369188,0.823501874,0.0323,0.272727273,0.0,0.0,0.00764,0.225,847
k2860,0.0,0.0,0.19588165,0.732261078,0.0,0.196969697,0.0,0.0,0.00756,0.15,3428
k123,0.0,0.0,0.29628563,0.699915077,0.0,0.0152,0.0,0.0,0.00573,0.125,1349
k3399,0.0,0.0,0.38349825,0.780570605,0.0,0.0,0.0,0.0,0.0104,0.025,2924
k62,0.0,0.0,0.20089841,0.825718032,0.0,0.0606,0.0,0.0,0.0249,0.15,465
k2434,0.0,0.0,0.22826865,0.874194519,0.0,0.181818182,0.0,0.0,0.0535,0.0,8
k2108,0.222222222,0.0,0.28622493,0.725077,0.0,0.257575758,0.0,0.0,0.00771,0.025,3409
k3236,0.111111111,0.0,0.18413401,0.735256371,0.0,0.196969697,0.0,0.0,0.0209,0.05,3138
k3151,0.0,0.0,0.33922639,0.733027886,0.0,0.0909,0.0,0.0,0.00639,0.0,2691
k108,0.0,0.0,0.22019343,0.698711401,0.0,0.0,0.0,0.0,0.0161,0.0,1654
k629,0.0,0.0,0.32571703,0.769207581,0.0323,0.136363636,0.0,0.0,0.00562,0.075,2511
k1803,0.444444444,0.0,0.1464318,0.754245166,0.0,0.303030303,0.0,0.0,0.0142,0.15,2444
k232,0.0,0.0,0.32056201,0.575215798,0.0,0.0606,0.740617447,0.0,0.00287,0.025,3069
k326,0.0,0.0,0.33531541,0.868603091,0.0,0.121212121,0.0,0.0,0.00683,0.025,648
k402,0.0,0.0,0.38900214,0.845625166,0.0,0.106060606,0.0,0.0,0.0316,0.025,2037
k22,0.0,0.0,0.20239195,0.728723863,0.0,0.0909,0.0,0.0,0.00828,0.075,284
k2436,0.0,0.0,0.8363601,0.722275582,0.0,0.0,0.0,0.0,0.00505,0.025,2985
k264,0.111111111,0.0,0.21505538,0.848712649,0.0323,0.166666667,0.0,0.0,0.0203,0.075,647
k2553,0.0,0.0,0.31413534,0.681233518,0.0,0.212121212,0.0,0.0,0.0109,0.025,80
k2353,0.333333333,0.0,0.21609393,0.72912038,0.0,0.151515152,0.0,0.0,0.0111,0.0,2814
k1849,0.0,0.0,0.3706722,0.682388304,0.0,0.0455,0.0,0.0,0.00595,0.0,2561
k2788,0.0,0.0,0.42222816,0.748372498,0.0,0.0,0.0,0.0,0.112371821,0.0,514
k878,0.0,0.0,0.52045822,0.710346171,0.0,0.181818182,0.0,0.0,0.0047,0.05,1238
k2728,0.111111111,0.0,0.34016061,0.720419532,0.0,0.0909,0.0,0.0,0.00379,0.075,2101
k8,0.0,0.0,0.4336082,0.714549811,0.0,0.0152,0.0,0.0,0.00363,0.05,414
k3160,0.0,0.0,0.33833486,0.872791493,0.0,0.196969697,0.0,0.0,0.034,0.05,303
k3424,0.0,0.0,0.18757044,0.754768635,0.0,0.242424242,0.0,0.0,0.0162,0.1,2368
k1157,0.0,0.0,0.55014253,0.805295966,0.0,0.0,0.0,0.0,0.00909,0.0,2063
k1292,0.0,0.0,0.19485511,0.839234962,0.0645,0.0909,0.0,0.0,0.0201,0.1,99
k1383,0.0,0.0,0.17966869,0.78341429,0.0,0.136363636,0.0,0.0,0.00628,0.15,2773
k900,0.0,0.0,0.0315,0.791493353,0.0,0.424242424,0.786310365,0.995424497,0.0772,0.625,1404
k245,0.0,0.0,0.30331302,0.666956786,0.0,0.0909,0.0,0.0,0.00897,0.05,1041
k1964,0.0,0.0,0.43900383,0.785570953,0.0323,0.166666667,0.0,0.0,0.00376,0.025,139
k319,0.222222222,0.0,0.27887788,0.726156289,0.0,0.272727273,0.0,0.0,0.00911,0.125,1287
k1749,0.0,0.0,0.31391287,0.747616525,0.0,0.181818182,0.0,0.0,0.00927,0.05,232
k185,0.0,0.0,0.2188877,0.745830842,0.0645,0.0606,0.0,0.0,0.0084,0.175,1685
k3261,0.0,0.0,0.60993946,0.684885741,0.0,0.0455,0.0,0.0,0.00497,0.025,712
k2255,0.0,0.0,0.24730366,0.733169846,0.0,0.0152,0.0,0.0,0.00674,0.025,762
k1467,0.222222222,0.0,0.14430854,0.903937456,0.129032258,0.287878788,0.0,0.0,0.013,0.0,1376
k611,0.111111111,0.0,0.20495291,0.660679599,0.0,0.0909,0.0,0.0,0.0098,0.05,4
k768,0.222222222,0.0,0.25555506,0.706809224,0.0,0.181818182,0.818961193,0.0,0.00622,0.025,357
k325,0.0,0.0,0.22414409,0.706501911,0.0,0.333333333,0.0,0.0,0.0108,0.075,998
k3088,0.0,0.166666667,0.39666474,0.869443405,0.0,0.0152,0.0,0.0,0.00714,0.0,107
k181,0.0,0.0,0.11379533,0.78599557,0.0968,0.242424242,0.865748552,0.238176827,0.0247,0.15,2499
k859,0.111111111,0.0,0.24047676,0.716550348,0.0323,0.0303,0.809354432,0.0,0.00831,0.025,2732
k1931,0.0,0.583333333,0.0822,0.954212106,0.483870968,0.318181818,0.0,0.0,0.029,0.225,1585
k2964,0.0,0.0,0.53594071,0.744104425,0.0,0.0,0.0,0.0,0.00471,0.025,2452
k584,0.0,0.0833,0.19143376,0.89993014,0.0,0.106060606,0.0,0.0,0.00821,0.175,1009
k2808,0.0,0.0,0.24333453,0.726933433,0.0,0.166666667,0.0,0.0,0.015,0.1,2034
k1542,0.0,0.0,0.27982888,0.714605745,0.0,0.318181818,0.0,0.0,0.00562,0.0,2717
k2776,0.111111111,0.166666667,0.0807,0.837611761,0.0,0.242424242,0.0,0.0,0.0256,0.4,330
k3304,0.111111111,0.0,0.37100482,0.707362478,0.0,0.0758,0.0,0.0,0.0052,0.025,2587
k225,0.0,0.0,0.4971725,0.692375217,0.0,0.0303,0.0,0.0,0.00525,0.05,931
k670,0.0,0.0,0.37922016,0.769981815,0.0323,0.0152,0.0,0.0,0.0162,0.125,1773
k1690,0.0,0.0,0.19312707,0.710252143,0.0,0.0909,0.0,0.735391495,0.0177,0.075,2607
k1457,0.0,0.0,0.13643423,0.815903783,0.0968,0.0758,0.0,0.0,0.0247,0.175,3236
k1489,0.0,0.0,0.30092171,0.660820449,0.0,0.0909,0.0,0.0,0.00644,0.0,2687
k508,0.0,0.0,0.21159206,0.73940714,0.0,0.272727273,0.0,0.227912098,0.0151,0.05,1020
k638,0.111111111,0.0,0.34711245,0.708155664,0.0,0.0606,0.0,0.0,0.0159,0.075,3413
k2437,0.0,0.166666667,0.50523502,0.948483695,0.0968,0.0455,0.0,0.0,0.00472,0.025,2923
k1781,0.333333333,0.0,0.24377154,0.740680839,0.0,0.181818182,0.0,0.0,0.00578,0.175,2997
k1978,0.0,0.0,0.43601498,0.696302823,0.0,0.0303,0.0,0.0,0.00469,0.075,2471
k537,0.111111111,0.25,0.26431212,0.807352667,0.0645,0.136363636,0.0,0.0,0.00476,0.1,3118
k324,0.666666667,0.0,0.10513987,0.73258604,0.0,0.106060606,0.0,0.0,0.0228,0.1,211
k761,0.0,0.0,0.17425519,0.702913012,0.0,0.0303,0.0,0.0,0.00666,0.0,1319
k1306,0.222222222,0.0,0.15219246,0.794075706,0.0,0.242424242,0.0,0.0,0.0215,0.15,425
k661,0.0,0.0,0.88610798,0.667134312,0.0,0.0,0.0,0.0,0.00461,0.0,651
k3173,0.444444444,0.0,0.13230143,0.727274743,0.0,0.272727273,0.0,0.0,0.00921,0.1,2498
k303,0.0,0.0,0.24804191,0.759207153,0.0,0.0152,0.0,0.0,0.0197,0.1,2738
k1564,0.0,0.0,0.1004405,0.769403369,0.0,0.151515152,0.0,0.0,0.00432,0.0,1933
k129,0.0,0.0833,0.21442728,0.868081344,0.0,0.151515152,0.0,0.0,0.0141,0.0,2284
k1862,0.0,0.0,0.30218995,0.709224999,0.0323,0.0,0.776232386,0.0,0.0162,0.0,1276
k2936,0.0,0.0,0.14519987,0.754684945,0.0,0.272727273,0.0,0.0,0.00648,0.0,458
k1512,0.0,0.0,0.49882829,0.665531861,0.0,0.0606,0.0,0.0,0.00535,0.025,2092
k1472,0.0,0.0,0.11235635,0.760464772,0.161290323,0.151515152,0.0,0.0,0.0126,0.125,536
k1175,0.0,0.0,0.62567836,0.7180327,0.0,0.0,0.0,0.0,0.0241,0.025,1434
k2389,0.0,0.0,0.23556504,0.725094458,0.0,0.166666667,0.0,0.0,0.00485,0.025,1465
k2528,0.0,0.0,0.27477014,0.702906618,0.0,0.272727273,0.0,0.0,0.00431,0.0,406
k2793,0.0,0.0,0.80503601,0.624583787,0.0,0.0758,0.0,0.0,0.000922,0.0,1184
k1837,0.0,0.0,0.45454326,0.728235884,0.0,0.0,0.0,0.0,0.00546,0.05,2549
k2050,0.0,0.0,0.18779491,0.832407355,0.0645,0.181818182,0.83961877,0.0,0.00665,0.05,1556
k1824,0.0,0.0,0.20628947,0.620743279,0.0,0.0,0.0,0.0,0.00963,0.075,1671
k2405,0.0,0.25,0.23857552,0.953160957,0.0,0.242424242,0.0,0.0,0.0119,0.075,3059
k3117,0.0,0.0,0.69296318,0.680338379,0.0,0.212121212,0.0,0.0,0.00217,0.05,2078
k158,0.0,0.0,0.36230749,0.745288308,0.0,0.0,0.0,0.0,0.0107,0.0,323
k1315,0.0,0.0,0.56892824,0.677413531,0.0,0.0303,0.821712496,0.0,0.00572,0.0,2509
k1889,0.0,0.166666667,0.49422881,0.945674045,0.0,0.0152,0.0,0.0,0.00403,0.025,2025
k1720,0.0,0.0,0.51145089,0.701709795,0.0,0.0152,0.0,0.0,0.0123,0.025,1637
k2421,0.222222222,0.0,0.23629765,0.799209017,0.0323,0.0909,0.0,0.0,0.00558,0.025,803
k2118,0.0,0.0,0.27338359,0.759227674,0.0,0.318181818,0.0,0.0,0.011,0.05,2908
k262,0.0,0.0,0.36194351,0.703229934,0.0,0.0455,0.0,0.0,0.00421,0.0,1966
k3289,0.0,0.0,0.40870261,0.857619048,0.0645,0.272727273,0.0,0.0,0.00368,0.05,987
k2536,0.0,0.0,0.11331602,0.726908701,0.0,0.121212121,0.0,0.0,0.00389,0.0,66
k179,0.0,0.0,0.18237877,0.713170216,0.0,0.439393939,0.0,0.0,0.00907,0.025,1578
k841,0.0,0.0,0.26883584,0.743633444,0.0,0.0455,0.0,0.0,0.0189,0.125,3331
k1979,0.111111111,0.0,0.21215241,0.731587341,0.0,0.0758,0.0,0.0,0.00851,0.025,142
k1032,0.0,0.0,0.45045778,0.674632671,0.0,0.0,0.0,0.0,0.00572,0.075,100
k125,0.0,0.0,0.32704726,0.665882627,0.0,0.0303,0.757611686,0.0,0.00331,0.025,721
k1082,0.0,0.0,0.19521812,0.650214163,0.0,0.0,0.0,0.0,0.00904,0.05,2538
k1311,0.0,0.0,0.48127794,0.702240921,0.0,0.0,0.823034946,0.0,0.0109,0.0,2134
k992,0.0,0.0,0.22669691,0.717258389,0.0,0.0,0.0,0.0,0.0472,0.0,2501
k2753,0.0,0.0,0.10660644,0.707679286,0.0,0.196969697,0.0,0.0,0.00754,0.0,2422
k3241,0.0,0.0,0.23474608,0.7644843,0.0323,0.151515152,0.0,0.0,0.0132,0.0,1178
k2875,0.0,0.0,0.37996963,0.633869972,0.0,0.0,0.0,0.0,0.00607,0.025,1587
k1441,0.0,0.0,0.31399009,0.675794081,0.0,0.0303,0.0,0.0,0.00434,0.025,726
k3286,0.0,0.0833,0.44687679,0.786903419,0.0,0.0,0.0,0.0,0.0081,0.075,3241
k568,0.0,0.0,0.38002506,0.687268284,0.0,0.106060606,0.800431696,0.0,0.00415,0.0,1780
k2942,0.0,0.0,0.22056821,0.824966997,0.0,0.0,0.0,0.0,0.0138,0.0,2385
k1136,0.0,0.0,0.31745914,0.736675094,0.0,0.0,0.0,0.0,0.0167,0.1,2974
k1968,0.111111111,0.0,0.16999476,0.839088714,0.0645,0.181818182,0.0,0.0,0.00739,0.225,848
k1748,0.0,0.0,0.26009962,0.65121359,0.0,0.0909,0.79389545,0.180002818,0.0108,0.025,125
k3124,0.0,0.0,0.16666667,0.720857396,0.0,0.272727273,0.0,0.0,0.0414,0.3,2484
k114,0.111111111,0.0833,0.15293959,0.785405256,0.0323,0.0606,0.0,0.143239335,0.0251,0.125,2352
k3190,0.0,0.0,0.25623283,0.723678837,0.0,0.121212121,0.0,0.0,0.00959,0.05,1321
k1112,0.0,0.0,0.42032096,0.709398506,0.0,0.106060606,0.0,0.0,0.00503,0.0,1266
k2035,0.0,0.0,0.15555668,0.726572522,0.129032258,0.0,0.0,0.0,0.0168,0.125,2439
k728,0.0,0.0,0.11795264,0.709673161,0.0,0.151515152,0.0,0.0,0.00323,0.0,836
k467,0.0,0.0,0.24627654,0.872212128,0.0,0.151515152,0.0,0.0,0.0467,0.0,2780
k831,0.0,0.0,0.0734,0.817976066,0.0,0.242424242,0.0,0.0,0.00919,0.0,2129
k1660,0.0,0.0,0.29016566,0.715920447,0.0,0.0152,0.792329792,0.0,0.00601,0.0,1964
k2765,0.0,0.0833,0.37493417,0.701673998,0.0,0.0,0.0,0.0,0.0169,0.05,1436
k1696,0.0,0.0,0.40176427,0.641070206,0.0,0.0,0.0,0.0,0.00737,0.0,2544
k1411,0.111111111,0.0,0.37818137,0.670502041,0.0,0.0909,0.0,0.0,0.00418,0.0,1853
k998,0.0,0.0,0.34198916,0.642734181,0.0,0.0,0.0,0.0,0.00546,0.1,3130
k936,0.0,0.0,0.39212731,0.712449388,0.0,0.0909,0.848435101,0.0,0.00563,0.05,1508
k656,0.0,0.0,0.23682815,0.662995029,0.0,0.0606,0.0,0.0,0.0042,0.0,2679
k815,0.0,0.166666667,0.2456916,0.948459575,0.0,0.303030303,0.0,0.0,0.0107,0.05,2100
k790,0.0,0.0,0.48762172,0.85515982,0.0645,0.181818182,0.0,0.0,0.00271,0.05,370
k1382,0.0,0.0833,0.25341862,0.704075991,0.0,0.0909,0.834982595,0.0,0.011,0.0,1786
k1553,0.222222222,0.0,0.24552926,0.756754471,0.0,0.303030303,0.0,0.0,0.00875,0.0,2060
k2737,0.0,0.0,0.4894141,0.759582459,0.0,0.212121212,0.0,0.0,0.00389,0.0,1460
k1816,0.0,0.0,0.5,0.603092693,0.0,0.0,0.0,0.0,0.00227,0.0,770
k1398,0.444444444,0.0833,0.18107572,0.811679891,0.0,0.409090909,0.0,0.0,0.0189,0.125,3098
k2689,0.0,0.0,0.32325667,0.704307308,0.0,0.0758,0.0,0.0,0.00348,0.0,36
k1092,0.0,0.0,0.81984299,0.727625853,0.0,0.0758,0.0,0.0,0.00337,0.05,2562
k1846,0.222222222,0.0,0.30988809,0.683735357,0.0,0.121212121,0.0,0.0,0.00726,0.0,1892
k7,0.0,0.0,0.48797935,0.746898186,0.0,0.0,0.0,0.0,0.0178,0.025,1149
k3089,0.0,0.0,0.29795858,0.732732442,0.0,0.0303,0.773207473,0.0,0.00434,0.0,367
k2729,0.0,0.333333333,0.10165856,0.776142271,0.0,0.0909,0.0,0.0,0.0241,0.1,2827
k755,0.111111111,0.0,0.27163309,0.726681787,0.0,0.0606,0.0,0.598208706,0.00776,0.0,3020
k2484,0.444444444,0.0,0.1868892,0.724939634,0.0,0.0606,0.0,0.0,0.0128,0.025,3334
k539,0.111111111,0.0,0.13175821,0.718723397,0.0,0.196969697,0.0,0.0,0.0176,0.15,2104
k2755,0.0,0.166666667,0.17016523,0.758751218,0.0,0.0152,0.0,0.0,0.0158,0.1,582
k305,0.0,0.0,0.22507565,0.736912689,0.0,0.0303,0.0,0.0,0.0122,0.0,2550
k2391,0.111111111,0.333333333,0.19585571,0.919350215,0.0645,0.363636364,0.0,0.0,0.00668,0.1,3419
k1602,0.0,0.0,0.47157156,0.717811184,0.0,0.0,0.768996914,0.0,0.0138,0.0,348
k127,0.222222222,0.0,0.18255416,0.891878029,0.0323,0.287878788,0.0,0.0,0.0238,0.1,1357
k1919,0.0,0.0,0.16769128,0.764294982,0.0968,0.0455,0.813215377,0.0,0.00813,0.1,1183
k2075,0.0,0.166666667,0.29721254,0.952486416,0.258064516,0.242424242,0.0,0.0,0.0112,0.05,1834
k798,0.0,0.0,0.48503453,0.799838267,0.0,0.0152,0.0,0.0,0.00625,0.025,2508
k762,0.0,0.166666667,0.17993319,0.803538423,0.0,0.242424242,0.0,0.0,0.0272,0.075,1467
k681,0.0,0.0,0.39268443,0.75327587,0.0,0.212121212,0.0,0.0,0.00525,0.05,1704
k1120,0.0,0.0,0.29133761,0.7028704,0.0,0.0606,0.847112651,0.0,0.00323,0.025,225
k1799,0.0,0.0,0.56072909,0.804779159,0.0,0.0455,0.0,0.0,0.0276,0.05,2021
k1023,0.111111111,0.0,0.16934322,0.815304472,0.0323,0.0152,0.0,0.0,0.0121,0.05,1485
k2946,0.111111111,0.0,0.26188838,0.747444473,0.0,0.151515152,0.0,0.0,0.0107,0.075,1281
k1280,0.0,0.25,0.75293511,0.830549926,0.0323,0.0,0.0,0.0,0.00237,0.05,687
k97,0.111111111,0.0,0.31116077,0.674078038,0.0,0.121212121,0.0,0.0,0.00603,0.075,3423
k1914,0.222222222,0.0,0.21299815,0.77413178,0.0,0.212121212,0.0,0.0,0.00818,0.1,1970
k1297,0.0,0.0,0.30139622,0.836191201,0.0,0.0455,0.0,0.0,0.0104,0.075,1522
k2078,0.0,0.0,0.14192146,0.795063609,0.129032258,0.272727273,0.0,0.0,0.00765,0.125,630
k958,0.666666667,0.0,0.15963869,0.724313677,0.0,0.0758,0.833219329,0.0,0.0121,0.0,3262
k3109,0.0,0.0,0.58462846,0.652889625,0.0,0.0455,0.0,0.0,0.00143,0.0,2373
k1430,0.0,0.5,0.27467623,0.959285731,0.129032258,0.439393939,0.0,0.0,0.00951,0.1,2288
k1130,0.0,0.0,0.30472231,0.610768272,0.0,0.0455,0.0,0.0,0.00272,0.0,118
k854,0.0,0.0,0.16666667,0.719674355,0.0,0.0,0.0,0.0,0.0268,0.0,525
k1389,0.222222222,0.0,0.35960418,0.772400845,0.0,0.181818182,0.0,0.0,0.0046,0.025,2702
k2545,0.0,0.0,0.90166467,0.680036044,0.0,0.0455,0.0,0.0,0.00195,0.05,1827
k1375,0.0,0.0,0.27004662,0.748693325,0.0,0.0303,0.910924651,0.0,0.00747,0.0,1110
k3260,0.0,0.0,0.51026064,0.828014664,0.0,0.121212121,0.0,0.0,0.00339,0.05,2792
k522,0.0,0.0,0.28746498,0.715689322,0.0,0.0758,0.0,0.0,0.00566,0.075,2565
k2297,0.111111111,0.0,0.16123943,0.740448258,0.0,0.212121212,0.0,0.0,0.0118,0.2,2759
k2181,0.0,0.0,0.52518523,0.68966553,0.0,0.0152,0.821484488,0.0,0.00722,0.0,633
k421,0.0,0.0,0.21757339,0.856891559,0.0,0.196969697,0.0,0.0,0.0525,0.075,2904
k951,0.0,0.0,0.21734789,0.878870172,0.0,0.348484848,0.0,0.0,0.0968,0.025,1664
k2137,0.111111111,0.0,0.41296548,0.717595678,0.0,0.181818182,0.0,0.0,0.00486,0.025,2217
k956,0.111111111,0.0,0.43217894,0.710764969,0.0,0.227272727,0.0,0.0,0.00425,0.025,1865
k95,0.0,0.0,0.15061212,0.87973966,0.129032258,0.0,0.0,0.0,0.0308,0.0,108
k2878,0.0,0.166666667,0.2488936,0.875564504,0.0645,0.0909,0.0,0.0,0.0114,0.1,580
k3061,0.0,0.0,0.20354439,0.879893565,0.0,0.0455,0.0,0.0,0.0244,0.05,935
k2784,0.0,0.0,0.36492196,0.670585655,0.0,0.0152,0.0,0.0,0.0135,0.125,1396
k979,0.0,0.0,0.27357104,0.824230933,0.0,0.272727273,0.0,0.0,0.0102,0.0,960
k286,0.0,0.0,0.70802176,0.660020908,0.0,0.0,0.0,0.0,0.00995,0.025,1159
k3267,0.0,0.0,0.35981977,0.847415596,0.0,0.0303,0.0,0.0,0.0199,0.0,2524
k2420,0.0,0.0833,0.3224664,0.668046181,0.0,0.0,0.0,0.0,0.00415,0.0,205
k3026,0.0,0.0,0.3196831,0.837761263,0.0,0.0758,0.0,0.0,0.0132,0.05,272
k2969,0.222222222,0.0,0.201994,0.801791369,0.0323,0.242424242,0.0,0.0,0.00834,0.0,742
k1560,0.0,0.0,0.17574012,0.793817206,0.0968,0.0455,0.0,0.0,0.0124,0.15,2349
k692,0.0,0.0,0.27294043,0.733742703,0.0,0.0,0.0,0.0,0.013,0.15,2800
k734,0.0,0.0,0.21843596,0.822812708,0.0968,0.0152,0.0,0.0,0.0426,0.0,1577
k60,0.0,0.0,0.24666891,0.726985922,0.0,0.0909,0.0,0.0,0.0085,0.075,929
k3248,0.0,0.0,0.27910081,0.726494306,0.0,0.166666667,0.0,0.0,0.00495,0.125,3251
k452,0.0,0.0,0.32001549,0.698031385,0.0,0.0,0.0,0.0,0.0125,0.05,756
k3118,0.0,0.0,0.1536033,0.793707099,0.0968,0.0455,0.800203688,0.0,0.00905,0.15,1073
k1527,0.0,0.0,0.17944776,0.848698407,0.0,0.303030303,0.0,0.0,0.0209,0.075,1576
k2843,0.0,0.0,0.21404338,0.704309107,0.0,0.0758,0.0,0.0,0.00554,0.05,1479
k1412,0.0,0.0,0.0811,0.760202445,0.129032258,0.348484848,0.832945719,0.811357213,0.0321,0.1,51
k90,0.0,0.0833,0.23505621,0.795443394,0.0323,0.0303,0.0,0.0,0.0133,0.025,3324
k3395,0.0,0.416666667,0.1856889,0.944744029,0.193548387,0.363636364,0.0,0.0,0.0121,0.1,2294
k744,0.0,0.0,0.0732,0.758348194,0.0,0.212121212,0.0,0.0,0.00665,0.0,3295
k1683,0.111111111,0.0,0.11782421,0.737795806,0.0,0.166666667,0.88724216,0.0,0.0185,0.025,1728
k650,0.0,0.5,0.19678412,0.954405368,0.225806452,0.212121212,0.0,0.0,0.0109,0.05,1907
k503,0.0,0.0,0.25233573,0.733616477,0.0,0.0152,0.0,0.0,0.00674,0.025,1444
k2986,0.0,0.0,0.20801166,0.807256993,0.0,0.0455,0.0,0.0,0.0222,0.15,1062
k1761,0.0,0.0,0.23897253,0.739644736,0.0,0.121212121,0.0,0.0,0.0131,0.025,3343
k949,0.222222222,0.0833,0.22643991,0.761776603,0.0323,0.0909,0.0,0.389210335,0.0182,0.025,168
k74,0.0,0.0,0.26488835,0.730787303,0.0,0.0455,0.0,0.0,0.00747,0.025,881
k602,0.0,0.0,0.54606444,0.740199445,0.0,0.0606,0.0,0.0,0.00595,0.05,658
k3078,0.0,0.0,0.24288009,0.752964614,0.0,0.212121212,0.0,0.0,0.0178,0.0,2676
k1587,0.0,0.0,0.38721669,0.811313313,0.0,0.106060606,0.0,0.0,0.0314,0.025,3108
k2549,0.0,0.0,0.20969714,0.732652656,0.0,0.363636364,0.0,0.0,0.00728,0.0,2624
k2987,0.0,0.0,0.079,0.788593352,0.0,0.0,0.0,0.925287852,0.02,0.0,1141
k1777,0.0,0.166666667,0.29761478,0.778954448,0.0,0.0303,0.0,0.0,0.0167,0.05,2984
k2321,0.0,0.0,0.37814745,0.677857597,0.0,0.0152,0.0,0.0,0.00926,0.0,750
k1721,0.222222222,0.0,0.28374198,0.740076934,0.0,0.257575758,0.0,0.0,0.00506,0.025,1343
k2602,0.0,0.583333333,0.0614,0.952778491,0.612903226,0.272727273,0.0,0.0,0.0366,0.35,2710
k2489,0.0,0.0833,0.35238189,0.821235984,0.0,0.0,0.0,0.0,0.01,0.075,999
k1037,0.111111111,0.0,0.34836289,0.727632438,0.0,0.196969697,0.0,0.0,0.00373,0.025,2320
k2380,0.333333333,0.0833,0.19291648,0.741987042,0.0,0.136363636,0.843266907,0.0,0.019,0.05,2016
k1580,0.0,0.0,0.1459637,0.80537154,0.0645,0.0303,0.79945886,0.187262826,0.0245,0.0,1037
k272,0.0,0.0,0.23829924,0.708496974,0.0,0.363636364,0.0,0.0,0.0094,0.025,1534
k1361,0.0,0.0,0.5,0.581839654,0.0,0.0,0.0,0.0,0.0382,0.0,1882
k2839,0.0,0.0,0.32569826,0.481328255,0.0,0.0,0.0,0.0,0.00766,0.0,2689
k2007,0.0,0.0,0.15096363,0.874555239,0.0,0.257575758,0.0,0.0,0.0547,0.1,2744
k1343,0.444444444,0.0833,0.17819797,0.7155139,0.0,0.257575758,0.0,0.0,0.0114,0.0,169
k2962,0.0,0.0,0.44100636,0.912618281,0.129032258,0.181818182,0.0,0.0,0.00753,0.05,3189
k3258,0.0,0.166666667,0.3594282,0.773180286,0.0323,0.0,0.0,0.0,0.0489,0.0,88
k1977,0.0,0.0,0.25,0.660187945,0.0,0.0,0.0,0.0,0.0376,0.0,504
k934,0.0,0.333333333,0.25,0.766615274,0.0,0.0,0.0,0.0,0.0135,0.1,1917
k609,0.0,0.0,0.31415892,0.685394164,0.0,0.181818182,0.0,0.0,0.0109,0.025,453
k3275,0.0,0.0,0.56415021,0.646360409,0.0,0.0,0.0,0.0,0.021,0.0,2901
k913,0.0,0.0,0.3923654,0.626984516,0.0,0.0,0.767796069,0.0,0.00955,0.0,2073
k687,0.0,0.0,0.6615594,0.815653783,0.0,0.0,0.0,0.0,0.0173,0.025,231
k1116,0.0,0.0,0.12886281,0.759502138,0.0323,0.121212121,0.0,0.0,0.0108,0.1,723
k1109,0.0,0.0,0.17533241,0.749548264,0.0,0.0,0.0,0.0,0.0243,0.0,552
k207,0.0,0.0,0.2215202,0.728393082,0.0,0.257575758,0.0,0.229774672,0.0153,0.05,2400
k1855,0.0,0.0,0.49254626,0.612327155,0.0,0.0606,0.0,0.0,0.0022,0.0,1001
k468,0.0,0.0,0.32150942,0.739397645,0.0,0.181818182,0.0,0.0,0.00513,0.1,1438
k1293,0.0,0.0,0.2981928,0.759492299,0.0645,0.0152,0.0,0.0,0.00765,0.1,1130
k178,0.0,0.0,0.18219174,0.752572654,0.0,0.106060606,0.0,0.0,0.0111,0.125,906
k1495,0.0,0.0,0.41364205,0.842345723,0.0323,0.0303,0.0,0.0,0.00698,0.025,2703
k2071,0.111111111,0.0,0.34811386,0.770190927,0.0,0.181818182,0.0,0.0,0.00457,0.025,3082
k3235,0.0,0.0,0.28195742,0.702121931,0.0,0.0455,0.0,0.0,0.0136,0.05,964
k1216,0.0,0.0,0.14169696,0.712535836,0.0323,0.0303,0.0,0.361586515,0.0255,0.075,2567
k1717,0.0,0.0,0.35456708,0.772780937,0.0,0.151515152,0.0,0.0,0.00431,0.025,1757
k2462,0.0,0.0,0.4091076,0.846084201,0.0,0.0303,0.857525043,0.0,0.00667,0.0,1118
k453,0.0,0.0,0.46098456,0.587917147,0.0,0.0,0.0,0.0,0.0101,0.0,912
k1438,0.0,0.0,0.38647255,0.619712191,0.0,0.0,0.0,0.0,0.00747,0.05,2213
k2195,0.111111111,0.0,0.16492893,0.738746113,0.0,0.106060606,0.0,0.0,0.00949,0.15,1672
k406,0.0,0.0,0.26250181,0.689382758,0.0,0.0152,0.0,0.0,0.0233,0.1,298
k2034,0.222222222,0.0,0.19147438,0.712834343,0.0,0.121212121,0.0,0.0,0.0198,0.1,730
k3199,0.0,0.0,0.26267853,0.715449888,0.0,0.181818182,0.0,0.0,0.00583,0.0,653
k2885,0.0,0.166666667,0.2488237,0.811625028,0.0,0.0,0.730797878,0.0,0.0154,0.05,1520
k1038,0.0,0.0,0.3659246,0.658220103,0.0,0.106060606,0.0,0.0,0.00713,0.125,1680
k2229,0.0,0.0,0.20480193,0.827300154,0.0,0.333333333,0.0,0.0,0.012,0.125,1364
k1522,0.0,0.0,0.56400925,0.707522739,0.0,0.0303,0.0,0.0,0.00685,0.025,2915
k2390,0.0,0.166666667,0.17800467,0.809544897,0.0,0.0909,0.0,0.0,0.0524,0.075,365
k801,0.0,0.0,0.21524762,0.746964342,0.0,0.121212121,0.0,0.0,0.00934,0.025,1275
k1912,0.0,0.166666667,0.26087636,0.869512969,0.0323,0.151515152,0.0,0.0,0.0456,0.05,1653
k3323,0.0,0.0,0.36004335,0.840481632,0.0,0.0152,0.0,0.0,0.0162,0.0,1967
k144,0.0,0.0,0.25,0.720857396,0.0,0.181818182,0.0,0.0,0.0222,0.2,499
k323,0.0,0.0,0.16139273,0.742278581,0.0,0.0152,0.0,0.0,0.0102,0.0,2065
k1367,0.0,0.0,0.16337475,0.878785257,0.0323,0.378787879,0.0,0.0,0.099,0.1,2076
k2358,0.0,0.0,0.31281304,0.801983138,0.0323,0.212121212,0.0,0.0,0.00961,0.025,1006
k2340,0.111111111,0.0,0.23376244,0.71386769,0.0,0.212121212,0.0,0.0,0.00879,0.025,1499
k3347,0.0,0.0,0.32224196,0.801045887,0.0,0.0152,0.0,0.0,0.0166,0.05,2892
k1149,0.0,0.0,0.34399587,0.720489363,0.0,0.121212121,0.82578625,0.0,0.00641,0.0,1658
k1470,0.0,0.0,0.707654,0.7566632,0.0,0.0909,0.0,0.0,0.00973,0.05,1065
k637,0.0,0.0,0.50168687,0.553723594,0.0,0.0,0.0,0.0,0.00249,0.025,2364
k2046,0.0,0.0,0.31747216,0.713923203,0.0,0.212121212,0.0,0.0,0.00422,0.025,3282
k490,0.0,0.0,0.54700005,0.704493066,0.0,0.227272727,0.0,0.0,0.00311,0.05,1567
k2236,0.0,0.0,0.66142255,0.767389968,0.0323,0.0,0.0,0.0,0.00214,0.05,3201
k476,0.0,0.0,0.2280549,0.755435787,0.0,0.257575758,0.0,0.0,0.0106,0.0,968
k1206,0.0,0.0833,0.25814888,0.860522879,0.0323,0.0,0.0,0.0,0.00757,0.0,2819
k2681,0.0,0.0,0.33738285,0.902106137,0.0645,0.0,0.0,0.0,0.00643,0.0,1036
k12,0.0,0.0,0.0683,0.817325338,0.483870968,0.106060606,0.0,0.60859729,0.0436,0.525,1694
k558,0.0,0.0,0.40475956,0.752193481,0.0,0.348484848,0.0,0.0,0.0065,0.0,1548
k1550,0.0,0.0,0.11932038,0.89010923,0.161290323,0.242424242,0.0,0.761374165,0.0242,0.1,825
k317,0.111111111,0.0,0.19231635,0.766286752,0.0645,0.242424242,0.0,0.0,0.0172,0.15,259
k2778,0.0,0.0,0.28061309,0.677365521,0.0,0.212121212,0.0,0.0,0.00763,0.025,3005
k1026,0.0,0.0,0.43482059,0.724313102,0.0,0.0,0.806481524,0.0,0.0111,0.0,971
k2770,0.111111111,0.0,0.13142516,0.727772561,0.0,0.318181818,0.0,0.0,0.0173,0.025,2329
k1742,0.0,0.0,0.17905405,0.718437792,0.0323,0.0303,0.79334823,0.0,0.0095,0.05,1359
k2196,0.0,0.0,0.17405786,0.794261349,0.0645,0.181818182,0.0,0.0,0.0288,0.15,918
k227,0.0,0.0,0.17678276,0.718516046,0.0323,0.212121212,0.0,0.0,0.0114,0.05,1763
k2241,0.444444444,0.0833,0.18163756,0.716825195,0.0,0.272727273,0.0,0.0,0.014,0.0,2914
k770,0.222222222,0.0,0.28009975,0.730328267,0.0,0.181818182,0.0,0.0,0.00373,0.075,841
k1942,0.0,0.0,0.25376919,0.869580695,0.0,0.303030303,0.0,0.0,0.0135,0.0,2936
k1547,0.111111111,0.0,0.35126835,0.715732124,0.0,0.121212121,0.0,0.0,0.00586,0.0,2310
k739,0.111111111,0.0,0.27421784,0.698843828,0.0,0.166666667,0.840576406,0.0,0.00486,0.025,1830
k619,0.0,0.0,0.20030855,0.725488141,0.0,0.212121212,0.0,0.0,0.00976,0.075,1599
k1802,0.0,0.0,0.44802895,0.826250536,0.0,0.0758,0.0,0.0,0.00627,0.075,1487
k2232,0.0,0.0,0.1448696,0.78990591,0.0,0.0303,0.755650812,0.0,0.0089,0.15,676
k1385,0.111111111,0.0,0.28888097,0.699806348,0.0,0.181818182,0.0,0.0,0.00469,0.0,1413
k1714,0.111111111,0.0,0.15700473,0.80403915,0.0645,0.0,0.0,0.0,0.0099,0.2,597
k1428,0.0,0.166666667,0.26970109,0.910344083,0.0968,0.0606,0.0,0.0,0.00867,0.05,3370
k2927,0.0,0.0833,0.17150122,0.870484868,0.0,0.212121212,0.0,0.0,0.0293,0.025,2867
k1698,0.0,0.0,0.13460985,0.734568775,0.0,0.0909,0.83405536,0.0,0.0143,0.0,2979
k1326,0.0,0.0,0.11645044,0.736935048,0.0,0.0303,0.0,0.0,0.0426,0.0,2181
k2752,0.0,0.25,0.14024167,0.931364541,0.290322581,0.151515152,0.0,0.703878038,0.0235,0.225,3269
k1228,0.0,0.0,0.23490112,0.742381453,0.0323,0.303030303,0.0,0.0,0.015,0.15,702
k1779,0.0,0.0,0.28220743,0.759605928,0.0,0.0606,0.0,0.0,0.0183,0.05,3292
k2638,0.0,0.0833,0.33406597,0.751726444,0.0,0.0758,0.0,0.0,0.0174,0.025,1108
k1236,0.0,0.0,0.20257646,0.827587596,0.0,0.0909,0.0,0.0,0.0198,0.05,3322
k569,0.0,0.0,0.38862273,0.675739295,0.0,0.0,0.0,0.0,0.00818,0.0,2910
k789,0.0,0.0,0.6219008,0.695315189,0.0,0.0455,0.0,0.0,0.00822,0.025,2585
k488,0.0,0.0,0.3944971,0.621285545,0.0,0.0,0.0,0.0,0.00469,0.05,3156
k2184,0.0,0.0,0.15033215,0.848807021,0.0,0.212121212,0.0,0.0,0.0369,0.15,1900
k3277,0.0,0.0,0.26632968,0.687449104,0.0,0.0152,0.804231839,0.0,0.00453,0.025,1862
k2188,0.0,0.0833,0.29706624,0.933539887,0.0,0.303030303,0.0,0.0,0.00869,0.05,2569
k2790,0.0,0.0,0.36320144,0.701811097,0.0,0.0303,0.0,0.0,0.00421,0.0,3143
k588,0.0,0.0,0.19766596,0.691286013,0.0,0.0152,0.802042957,0.0,0.0088,0.0,3106
k1762,0.0,0.0,0.61726016,0.723635384,0.0,0.0,0.0,0.0,0.00519,0.025,466
k1042,0.0,0.0,0.37907645,0.76212557,0.0,0.0,0.0,0.0,0.0129,0.0,828
k1193,0.0,0.0,0.1995192,0.888404176,0.0,0.0455,0.0,0.0,0.00392,0.0,1677
k1784,0.222222222,0.0,0.11054643,0.777191966,0.0,0.212121212,0.0,0.0,0.0165,0.45,1489
k3065,0.111111111,0.0,0.22351834,0.752102592,0.0,0.0909,0.0,0.0,0.0163,0.025,1999
k1235,0.0,0.0,0.30293736,0.534752219,0.0,0.0,0.744523994,0.0,0.00282,0.0,2522
k2212,0.0,0.0,0.1029439,0.756440038,0.0645,0.0909,0.802544576,0.718952281,0.0355,0.1,2119
k3076,0.0,0.0,0.52558005,0.847911308,0.0,0.0303,0.0,0.0,0.0212,0.025,780
k2441,0.222222222,0.0,0.25858045,0.757182496,0.0323,0.151515152,0.0,0.0,0.00789,0.0,2406
k3279,0.222222222,0.0,0.25385612,0.792980797,0.0,0.212121212,0.0,0.0,0.00963,0.075,275
k787,0.0,0.0,0.37895915,0.829265928,0.0323,0.106060606,0.0,0.0,0.00582,0.025,2096
k2938,0.0,0.0,0.11697222,0.835130251,0.0,0.651515152,0.0,0.0,0.0304,0.0,1815
k2164,0.0,0.0,0.1643289,0.819281618,0.0968,0.318181818,0.0,0.0,0.00696,0.1,2601
k3073,0.0,0.0,0.49386197,0.642919672,0.0,0.0455,0.0,0.0,0.00723,0.0,746
k2801,0.111111111,0.166666667,0.19136864,0.871121814,0.0,0.136363636,0.0,0.0,0.011,0.15,963
k1487,0.444444444,0.0,0.14319953,0.771933769,0.0,0.318181818,0.0,0.0,0.0146,0.15,3123
k2798,0.0,0.0,0.14512353,0.855561887,0.0,0.212121212,0.0,0.0,0.0676,0.15,1375
k392,0.0,0.0,0.30542395,0.76925915,0.0323,0.166666667,0.0,0.0,0.0136,0.025,2098
k587,0.0,0.0,0.38338292,0.782155675,0.0,0.106060606,0.0,0.0,0.00883,0.1,606
k1620,0.0,0.0,0.45434642,0.65597347,0.0,0.0,0.0,0.0,0.130383611,0.0,1034
k1869,0.0,0.0,0.58337104,0.652834877,0.0,0.0455,0.0,0.0,0.00723,0.0,1891
k1131,0.0,0.25,0.19313411,0.845227118,0.0645,0.212121212,0.0,0.0,0.0109,0.075,2557
k712,0.111111111,0.0,0.27608433,0.774583848,0.0645,0.166666667,0.0,0.0,0.008,0.05,2007
k1819,0.0,0.0,0.40199724,0.709557809,0.0,0.0758,0.0,0.0,0.00738,0.025,2389
k817,0.0,0.0,0.14976902,0.76468767,0.0,0.151515152,0.0,0.0,0.00639,0.0,2994
k434,0.0,0.0,0.20263156,0.742595044,0.0323,0.378787879,0.0,0.0,0.00632,0.0,829
k2909,0.0,0.0,0.36792168,0.655092612,0.0,0.0909,0.0,0.0,0.00509,0.075,1743
k2339,0.0,0.0,0.21776037,0.699655314,0.0,0.257575758,0.0,0.0,0.0114,0.075,2975
k1210,0.0,0.0,0.20865649,0.835293574,0.0,0.0909,0.0,0.0,0.00509,0.0,2308
k2949,0.0,0.0,0.28643724,0.767845979,0.0,0.348484848,0.0,0.0,0.00616,0.025,41
k680,0.0,0.0,0.52774632,0.664283162,0.0,0.0606,0.814416222,0.0,0.00201,0.0,1420
k2012,0.0,0.0,0.39317876,0.899822637,0.0323,0.0152,0.0,0.0,0.0067,0.025,510
k2792,0.0,0.0,0.32410356,0.646132193,0.0,0.0909,0.0,0.0,0.00297,0.0,2797
k1599,0.0,0.0,0.2812674,0.847505412,0.0323,0.257575758,0.0,0.0,0.0162,0.025,380
k959,0.0,0.0,0.33148411,0.711386026,0.0,0.0455,0.0,0.0,0.00394,0.075,1911
k1178,0.0,0.0,0.18987997,0.693446926,0.0,0.242424242,0.908811771,0.0,0.00751,0.025,3038
k3092,0.0,0.0,0.25377062,0.613907976,0.0,0.0,0.0,0.0,0.0414,0.0,263
k2335,0.0,0.0,0.28467247,0.725386074,0.0,0.0,0.0,0.0,0.0213,0.0,2307
k1937,0.0,0.0,0.3080335,0.76548388,0.0,0.242424242,0.0,0.0,0.0236,0.1,285
k197,0.0,0.0,0.32629064,0.704759223,0.0,0.0606,0.0,0.0,0.00585,0.1,2233
k1823,0.0,0.0,0.27419752,0.690496005,0.0,0.0,0.0,0.0,0.00313,0.0,2473
k1142,0.0,0.0,0.27061391,0.751608411,0.0,0.242424242,0.0,0.0,0.00793,0.025,2144
k2285,0.0,0.0,0.27598545,0.868672271,0.0,0.242424242,0.0,0.0,0.0171,0.0,3348
k794,0.0,0.0,0.41362837,0.697778054,0.0,0.151515152,0.0,0.0,0.00426,0.025,17
k2409,0.0,0.0,0.27252027,0.648561023,0.0,0.0,0.743839968,0.0,0.0052,0.05,64
k1413,0.222222222,0.0,0.16793568,0.865576021,0.0645,0.454545455,0.0,0.0,0.0245,0.125,2666
k544,0.0,0.0,0.19798139,0.742489722,0.0323,0.0455,0.0,0.0,0.0377,0.025,3360
k1624,0.0,0.0833,0.13228419,0.921591181,0.0,0.0909,0.0,0.0,0.00863,0.0,234
k4,0.222222222,0.0,0.20064209,0.717020716,0.0,0.272727273,0.0,0.0,0.0056,0.05,1285
k320,0.0,0.0833,0.71319455,0.791236309,0.0,0.0,0.0,0.0,0.0081,0.05,3067
k1685,0.0,0.0833,0.28707749,0.694312968,0.0,0.0606,0.820253242,0.0,0.00856,0.0,1044
k2426,0.0,0.0,0.40646166,0.769830093,0.0,0.242424242,0.0,0.0,0.00464,0.025,2390
k624,0.0,0.0,0.86497092,0.627132563,0.0,0.0,0.0,0.0,0.00648,0.025,705
k3057,0.0,0.0,0.20943896,0.825591692,0.0,0.0909,0.0,0.0,0.0247,0.15,3099
k369,0.111111111,0.0,0.20740868,0.706035563,0.0,0.303030303,0.0,0.0,0.00881,0.0,3325
k1078,0.0,0.0,0.5,0.640460099,0.0,0.0,0.0,0.0,0.0138,0.1,573
k3306,0.0,0.0,0.0971,0.890046367,0.0,0.424242424,0.0,0.0,0.0289,0.4,1863
k328,0.111111111,0.0,0.20778283,0.704550455,0.0,0.0455,0.0,0.0,0.0181,0.0,923
k1731,0.111111111,0.0,0.23781578,0.805474144,0.0645,0.363636364,0.0,0.0,0.00854,0.075,1744
k3042,0.0,0.0,0.21742618,0.747233906,0.0,0.212121212,0.0,0.0,0.0148,0.05,2001
k1356,0.222222222,0.0,0.2453611,0.78857061,0.0323,0.318181818,0.0,0.0,0.00795,0.05,192
k3398,0.0,0.0,0.17481685,0.721283315,0.0,0.0,0.0,0.0,0.0216,0.0,3013
k2814,0.111111111,0.0,0.49257654,0.702434451,0.0,0.151515152,0.0,0.0,0.00323,0.025,1093
k2993,0.0,0.0,0.34495375,0.72783263,0.0,0.0152,0.0,0.0,0.00496,0.0,2521
k3203,0.0,0.0,0.28743622,0.797348947,0.0,0.0909,0.0,0.0,0.0281,0.05,2631
k3266,0.0,0.0,0.3082687,0.736429573,0.0,0.106060606,0.0,0.0,0.0149,0.05,2980
k2992,0.0,0.666666667,0.0574,0.959949782,0.677419355,0.393939394,0.0,0.0,0.0402,0.575,1179
k3378,0.111111111,0.0,0.35934606,0.747496234,0.0,0.242424242,0.0,0.0,0.00559,0.025,2497
k948,0.0,0.0,0.41172969,0.710753292,0.0,0.0152,0.806025507,0.0,0.00801,0.025,1808
k967,0.0,0.0,0.17587063,0.756144555,0.0,0.196969697,0.0,0.0,0.0166,0.125,1939
k222,0.111111111,0.0,0.18588069,0.724625736,0.0,0.0455,0.0,0.0,0.0128,0.025,1635
k3356,0.111111111,0.0,0.33784458,0.764323657,0.0,0.0909,0.0,0.0,0.00678,0.025,2579
k427,0.0,0.0,0.32974434,0.669826045,0.0,0.0303,0.0,0.0,0.00404,0.0,2381
k2976,0.0,0.25,0.22199193,0.845001467,0.0323,0.212121212,0.0,0.0,0.00882,0.05,3036
k1778,0.0,0.0,0.11910234,0.838859158,0.0,0.424242424,0.0,0.0,0.0324,0.075,885
k1933,0.111111111,0.0,0.24004614,0.725418042,0.0323,0.333333333,0.0,0.0,0.00824,0.025,3152
k1667,0.0,0.0,0.0726,0.868172616,0.0,0.151515152,0.857889857,0.352166581,0.0757,0.2,2888
k2858,0.111111111,0.0,0.31748864,0.688228163,0.0,0.136363636,0.0,0.0,0.00463,0.05,2207
k1651,0.0,0.0,0.58567691,0.769166692,0.0,0.0152,0.0,0.0,0.0207,0.0,3134
k1368,0.0,0.0,0.53332865,0.716509843,0.0,0.0303,0.0,0.0,0.00469,0.025,2225
k2080,0.0,0.0,0.2392363,0.656490278,0.0,0.0,0.0,0.0,0.0171,0.0,1714
k464,0.111111111,0.166666667,0.24104394,0.80646197,0.0,0.151515152,0.0,0.0,0.00745,0.125,1119
k1424,0.111111111,0.0,0.430498,0.703010523,0.0,0.0909,0.0,0.0,0.00442,0.025,1612
k2829,0.0,0.0,0.16415559,0.852971802,0.0,0.333333333,0.0,0.0,0.0341,0.0,878
k401,0.0,0.0,0.32875523,0.777634654,0.0323,0.136363636,0.0,0.0,0.0117,0.025,1959
k2849,0.0,0.0,0.356141,0.762669598,0.0,0.0152,0.0,0.0,0.00444,0.025,340
k678,0.111111111,0.0,0.14586705,0.8476164,0.0,0.46969697,0.0,0.0,0.0179,0.025,2359
k3365,0.0,0.0,0.38073021,0.690747,0.0,0.151515152,0.0,0.0,0.00393,0.025,793
k1735,0.0,0.0,0.38493395,0.665269686,0.0,0.0303,0.0,0.0,0.00613,0.0,2314
k3219,0.0,0.0,0.55390972,0.730388681,0.0,0.0152,0.0,0.0,0.00394,0.025,543
k2585,0.0,0.0,0.11631545,0.703515194,0.0,0.121212121,0.0,0.0,0.0178,0.0,744
k2022,0.222222222,0.0,0.1880708,0.656053333,0.0,0.242424242,0.0,0.0,0.00915,0.1,757
k662,0.0,0.0,0.34904024,0.622339183,0.0,0.0606,0.0,0.0,0.00348,0.0,339
k927,0.0,0.0,0.91512239,0.64907136,0.0,0.0,0.0,0.0,0.0129,0.0,123
k883,0.0,0.0,0.0613,0.756467794,0.0,0.363636364,0.0,0.0,0.00778,0.0,247
k673,0.111111111,0.25,0.0944,0.850992244,0.225806452,0.378787879,0.0,0.0,0.0184,0.15,1826
k2910,0.111111111,0.0,0.15083393,0.839984733,0.0645,0.227272727,0.0,0.0,0.0102,0.3,1461
k1240,0.0,0.0,0.0884,0.805353585,0.0,0.106060606,0.0,0.0,0.00496,0.0,482
k2546,0.0,0.0,0.57478905,0.703434681,0.0,0.0303,0.0,0.0,0.0032,0.025,981
k2463,0.0,0.0,0.26397216,0.745465298,0.0,0.106060606,0.0,0.0,0.00531,0.075,1115
k2056,0.0,0.0,0.31112546,0.623764299,0.0,0.0,0.0,0.0,0.007,0.0,1591
k1569,0.0,0.0,0.63250792,0.71039866,0.0,0.0152,0.0,0.0,0.0219,0.025,133
k497,0.0,0.0,0.18693306,0.788123175,0.161290323,0.0606,0.0,0.0,0.0184,0.1,1086
k2140,0.0,0.583333333,0.13278648,0.95403925,0.322580645,0.287878788,0.0,0.0,0.0188,0.05,311
k2957,0.0,0.0833,0.20525651,0.947213441,0.193548387,0.348484848,0.0,0.0,0.0146,0.025,2992
k2021,0.0,0.0,0.49307874,0.42867757,0.0,0.0,0.702327208,0.0,0.00349,0.0,1004
k3059,0.0,0.166666667,0.24454175,0.894239478,0.0,0.136363636,0.0,0.0,0.0119,0.1,1806
k1920,0.0,0.0,0.48137075,0.697789769,0.0,0.0,0.0,0.0,0.00622,0.0,1332
k2496,0.0,0.0,0.44760132,0.711269985,0.0,0.0152,0.0,0.0,0.0207,0.1,1586
k2471,0.222222222,0.0,0.28178146,0.741781491,0.0,0.242424242,0.0,0.0,0.00506,0.025,3044
k566,0.111111111,0.0,0.29882348,0.688365912,0.0,0.166666667,0.0,0.0,0.00486,0.025,3022
k3265,0.0,0.0,0.22429632,0.856874216,0.0,0.181818182,0.0,0.0,0.0492,0.0,457
k1806,0.0,0.0833,0.34412417,0.914574637,0.0645,0.0152,0.0,0.0,0.00365,0.05,137
k990,0.0,0.0,0.21422809,0.727997293,0.0,0.318181818,0.0,0.224289545,0.0144,0.05,1483
k2412,0.0,0.0,0.23851357,0.795689566,0.0,0.257575758,0.0,0.0,0.0192,0.05,487
k229,0.222222222,0.0,0.14419161,0.83240678,0.0,0.242424242,0.0,0.0,0.0127,0.275,2526
k991,0.0,0.0,0.37714309,0.830413747,0.0,0.0758,0.0,0.0,0.0204,0.025,695
k1874,0.0,0.0,0.2162468,0.834480097,0.0,0.0758,0.0,0.0,0.0188,0.05,1550
k3048,0.0,0.0,0.31040585,0.876648808,0.0,0.196969697,0.0,0.0,0.00452,0.15,2166
k3336,0.0,0.0,0.2225617,0.677748255,0.0,0.0303,0.0,0.0,0.00748,0.0,3181
k3129,0.0,0.0,0.35823217,0.674819501,0.0,0.0152,0.0,0.0,0.0207,0.05,1947
k268,0.222222222,0.0,0.13533878,0.740183021,0.0,0.196969697,0.0,0.0,0.0198,0.075,2571
k3224,0.0,0.25,0.11492921,0.796989299,0.0,0.136363636,0.0,0.0,0.044,0.3,2829
k3384,0.0,0.166666667,0.23538353,0.87769521,0.0,0.0909,0.0,0.0,0.0126,0.05,435
k410,0.111111111,0.0,0.32557178,0.75980455,0.0,0.121212121,0.0,0.0,0.00929,0.025,105
k1347,0.222222222,0.0,0.20691429,0.729452003,0.0323,0.181818182,0.0,0.0,0.00991,0.1,3382
k3428,0.111111111,0.0,0.29543129,0.80541775,0.0645,0.181818182,0.0,0.0,0.0093,0.075,2808
k475,0.0,0.5,0.16549374,0.943082849,0.0,0.181818182,0.0,0.0,0.00832,0.125,3286
k87,0.0,0.0,0.24913564,0.715079597,0.0,0.196969697,0.0,0.0,0.00876,0.1,1323
k2648,0.111111111,0.0,0.11648684,0.816152328,0.0645,0.227272727,0.0,0.0,0.0253,0.075,2602
k3085,0.0,0.0,0.21036597,0.83768477,0.0,0.0909,0.0,0.0,0.0242,0.0,1389
k769,0.0,0.0,0.25496906,0.721889594,0.0,0.0909,0.0,0.0,0.0085,0.075,1561
k799,0.0,0.0,0.25437477,0.713290086,0.0,0.121212121,0.0,0.0,0.00519,0.025,3014
k1640,0.111111111,0.0,0.12085294,0.699152251,0.0,0.151515152,0.813245778,0.447675024,0.0202,0.075,814
k1771,0.0,0.0,0.48894751,0.692573648,0.0,0.0303,0.0,0.0,0.0036,0.025,2527
k1500,0.0,0.0,0.31691229,0.762072545,0.0,0.121212121,0.0,0.0,0.0123,0.025,451
k1214,0.0,0.0,0.27782091,0.632513884,0.0,0.0,0.0,0.0,0.00546,0.0,3417
k1425,0.0,0.0,0.32629454,0.696566185,0.0,0.0152,0.0,0.0,0.0135,0.125,3404
k132,0.111111111,0.0,0.31843436,0.761403364,0.0645,0.106060606,0.0,0.0,0.00446,0.05,1935
k1418,0.0,0.0,0.60935426,0.766861905,0.0,0.0,0.0,0.0,0.0106,0.0,410
k456,0.0,0.0,0.45178404,0.708171361,0.0,0.0909,0.0,0.0,0.00379,0.075,155
k335,0.0,0.0,0.54988587,0.702668677,0.0,0.0909,0.0,0.0,0.00394,0.025,2952
k1084,0.0,0.0,0.44211236,0.68789876,0.0,0.0,0.0,0.0,0.00778,0.075,400
k977,0.0,0.0,0.58498549,0.793537689,0.0,0.0152,0.0,0.0,0.0207,0.0,185
k1791,0.0,0.0,0.57477909,0.614368121,0.0,0.0,0.67979996,0.0,0.00143,0.025,1424
k2083,0.333333333,0.0,0.0821,0.762532768,0.0,0.0606,0.0,0.709411249,0.0183,0.2,928
k714,0.0,0.0,0.20034347,0.76205995,0.0,0.303030303,0.0,0.0,0.0124,0.0,2445
k1090,0.111111111,0.0,0.23216352,0.734670345,0.0,0.106060606,0.0,0.336791028,0.0155,0.025,1454
k1635,0.0,0.0,0.27727762,0.696487318,0.0,0.0455,0.0,0.0,0.00382,0.0,3427
k448,0.0,0.0,0.34261596,0.737998372,0.0323,0.151515152,0.0,0.0,0.00659,0.025,273
k3337,0.111111111,0.0,0.23526409,0.68711905,0.0,0.121212121,0.867451016,0.0,0.00343,0.0,2935
k2169,0.0,0.0,0.94647062,0.535655205,0.0,0.0,0.684025719,0.0,0.0,0.0,3272
k644,0.0,0.0,0.37932333,0.877973273,0.0645,0.0758,0.0,0.0,0.00824,0.05,1180
k2684,0.0,0.0,0.3780345,0.68635944,0.0,0.0152,0.0,0.0,0.00559,0.025,2333
k1160,0.0,0.0,0.27110153,0.619321149,0.0,0.0152,0.0,0.0,0.00349,0.05,900
k1782,0.0,0.0,0.23931406,0.737693662,0.0323,0.136363636,0.0,0.0,0.0111,0.0,622
k1357,0.0,0.0,0.31703371,0.744060244,0.0,0.181818182,0.0,0.0,0.00547,0.05,24
k1277,0.0,0.0,0.1279358,0.724103799,0.0,0.181818182,0.903795583,0.0,0.027,0.25,1395
k2837,0.111111111,0.0,0.21750712,0.789297449,0.0,0.121212121,0.0,0.0,0.00932,0.05,1361
k3332,0.0,0.0,0.66288215,0.789958781,0.0,0.0,0.781157372,0.0,0.0138,0.0,1221
k1592,0.0,0.0,0.15311359,0.709361829,0.0,0.166666667,0.0,0.0,0.0399,0.3,3080
k330,0.0,0.0,0.20673215,0.806174986,0.0,0.0,0.0,0.0,0.00856,0.1,1989
k2520,0.0,0.416666667,0.0422,0.950269913,1.0,0.454545455,0.0,0.429372725,0.0637,0.825,2124
k1878,0.222222222,0.0,0.28097937,0.735898064,0.0,0.272727273,0.0,0.0,0.00843,0.025,310
k3282,0.0,0.0,0.26819447,0.675227886,0.0,0.0,0.0,0.0,0.00557,0.0,21
k3126,0.0,0.0,0.14558171,0.749969321,0.0,0.242424242,0.0,0.0,0.012,0.025,2031
k2385,0.222222222,0.0833,0.18444881,0.753451674,0.0323,0.272727273,0.0,0.0,0.00658,0.075,32
k2402,0.0,0.0,0.19649811,0.734430375,0.0,0.166666667,0.0,0.0,0.0104,0.0,2142
k2632,0.0,0.0,0.24607843,0.652368606,0.0,0.0303,0.760879809,0.0,0.0044,0.05,862
k1493,0.0,0.0,0.39633799,0.682637386,0.0,0.151515152,0.850639184,0.0,0.00278,0.0,1873
k2350,0.111111111,0.0,0.20667312,0.758069365,0.0,0.136363636,0.0,0.0,0.00665,0.15,1598
k374,0.0,0.0,0.38541776,0.682749292,0.0,0.121212121,0.0,0.0,0.00561,0.0,1486
k3169,0.0,0.0,0.39046842,0.81724739,0.0,0.0,0.0,0.0,0.0223,0.0,2636
k1838,0.111111111,0.0,0.28877461,0.704196665,0.0,0.0303,0.0,0.0,0.0121,0.025,1174
k962,0.0,0.0,0.1763382,0.794187766,0.0968,0.0455,0.0,0.0,0.00905,0.15,2137
k3062,0.0,0.0,0.54352385,0.871179241,0.0,0.0606,0.0,0.0,0.00885,0.0,1563
k2642,0.111111111,0.25,0.25515202,0.85038451,0.0645,0.257575758,0.0,0.0,0.0043,0.1,1692
k1341,0.0,0.0,0.29877397,0.72741521,0.0,0.0455,0.819432411,0.0,0.00581,0.025,485
k2822,0.0,0.833333333,0.20529366,0.964704571,0.225806452,0.424242424,0.0,0.0,0.00959,0.075,2194
k384,0.0,0.0,0.32212108,0.748418784,0.0,0.303030303,0.0,0.0,0.0119,0.05,1117
k224,0.0,0.0,0.12848307,0.759844251,0.0,0.106060606,0.0,0.644141098,0.0296,0.125,154
k1808,0.0,0.0,0.32021704,0.723930636,0.0,0.0455,0.0,0.0,0.00521,0.0,880
k1335,0.0,0.0,0.25735945,0.653223622,0.0,0.0,0.0,0.0,0.00785,0.05,2671
k832,0.0,0.0,0.14269522,0.812543023,0.0,0.348484848,0.0,0.0,0.014,0.025,2774
k2908,0.0,0.0833,0.23880211,0.754337701,0.0323,0.0152,0.0,0.0,0.00679,0.175,997
k2120,0.0,0.0,0.45919192,0.837227572,0.0323,0.0303,0.0,0.0,0.0197,0.025,2454
k1987,0.0,0.0833,0.27073541,0.86710286,0.0,0.181818182,0.0,0.475172965,0.0164,0.05,604
k239,0.0,0.0,0.46828237,0.738358556,0.0,0.0606,0.855959384,0.0,0.00404,0.0,607
k2178,0.0,0.0,0.30490294,0.699025681,0.0,0.0152,0.0,0.0,0.018,0.1,2403
k1984,0.0,0.0,0.78949594,0.717095831,0.0,0.0,0.0,0.0,0.00312,0.0,1642
k1354,0.0,0.0,0.37245676,0.687823377,0.0,0.0,0.0,0.0,0.0507,0.0,1423
k604,0.0,0.0,0.35507271,0.702955087,0.0,0.227272727,0.0,0.0,0.00524,0.025,437
k548,0.0,0.0,0.12845258,0.858452663,0.0,0.0455,0.0,0.0,0.0276,0.0,915
k1668,0.0,0.0,0.62605959,0.675398292,0.0,0.0,0.7473361,0.0,0.00601,0.0,1835
k1443,0.0,0.0,0.54215747,0.654179863,0.0,0.0,0.0,0.0,0.0138,0.025,1772
k3013,0.111111111,0.25,0.0965,0.834409079,0.0,0.378787879,0.0,0.0,0.0159,0.15,2242
k1395,0.0,0.25,0.46277329,0.923449796,0.0968,0.166666667,0.0,0.0,0.00762,0.025,2995
k888,0.0,0.0,0.56115431,0.819972622,0.0,0.0,0.835012996,0.0,0.0106,0.0,1622
k337,0.0,0.0,0.29188582,0.803572994,0.0,0.287878788,0.0,0.0,0.00889,0.0,601
k2259,0.0,0.0,0.12158477,0.743148834,0.0,0.0152,0.0,0.0,0.00471,0.0,2309
k2645,0.0,0.0,0.20756881,0.887368608,0.0968,0.106060606,0.888853421,0.0,0.0137,0.075,2255
k2625,0.0,0.25,0.17436813,0.944317842,0.258064516,0.227272727,0.0,0.0,0.0131,0.125,3089
k973,0.0,0.0,0.19297837,0.876681656,0.0,0.151515152,0.862723638,0.722547946,0.0159,0.025,1140
k3180,0.0,0.0,0.39181134,0.748092636,0.0,0.0,0.0,0.0,0.093,0.05,2753
k2894,0.0,0.0,0.3309629,0.716000501,0.0,0.166666667,0.0,0.0,0.00382,0.0,2502
k2149,0.111111111,0.0,0.37035513,0.669733012,0.0,0.151515152,0.0,0.0,0.00301,0.0,2898
k415,0.0,0.0,0.39926165,0.677678615,0.0323,0.0,0.0,0.0,0.0194,0.0,394
k3017,0.0,0.0,0.27477658,0.808666527,0.0,0.121212121,0.86144679,0.0,0.00912,0.0,1366
k432,0.0,0.166666667,0.2475908,0.952231668,0.35483871,0.272727273,0.0,0.0,0.0144,0.025,1290
k2116,0.222222222,0.0,0.16566922,0.735956372,0.0,0.0758,0.0,0.0,0.0108,0.225,1729
k1273,0.0,0.0,0.45924306,0.737057942,0.0,0.0909,0.0,0.0,0.00641,0.0,1803
k1789,0.0,0.0,0.3179135,0.706061406,0.0,0.212121212,0.0,0.0,0.00504,0.075,2423
k82,0.222222222,0.0,0.20687044,0.755390343,0.0,0.257575758,0.909085382,0.0,0.00942,0.05,1555
k1993,0.0,0.0833,0.14761987,0.787834163,0.0,0.303030303,0.0,0.0,0.0134,0.075,2042
k2410,0.0,0.0,0.23088284,0.730330794,0.0,0.0455,0.0,0.0,0.00589,0.0,178
k1897,0.0,0.0,0.87394696,0.804305345,0.0,0.0758,0.0,0.0,0.00318,0.05,1769
k2256,0.0,0.0,0.14970769,0.850601394,0.0,0.242424242,0.0,0.0,0.0417,0.15,296
k821,0.222222222,0.0,0.22309065,0.71709116,0.0,0.272727273,0.0,0.0,0.0105,0.075,3403
k1896,0.0,0.0,0.0552,0.703555891,0.0,0.393939394,0.0,0.0,0.0102,0.0,1915
k889,0.0,0.0,0.0915,0.816623232,0.129032258,0.272727273,0.0,0.0833,0.0374,0.1,2875
k849,0.0,0.0,0.33665851,0.753622004,0.0,0.212121212,0.0,0.0,0.00481,0.0,1533
k96,0.111111111,0.0,0.16545393,0.817344787,0.0968,0.196969697,0.865186131,0.0,0.00737,0.1,2540
k628,0.111111111,0.0,0.32858253,0.670316818,0.0,0.151515152,0.0,0.0,0.00301,0.0,3068
k2701,0.0,0.0,0.35511661,0.71891329,0.0,0.121212121,0.0,0.0,0.0137,0.0,1354
k481,0.0,0.0,0.13222119,0.73688321,0.0,0.0303,0.0,0.0,0.00469,0.0,1445
k312,0.222222222,0.0,0.099,0.757404395,0.0,0.0303,0.0,0.0,0.0139,0.25,3242
k1814,0.0,0.0,0.3840425,0.665399051,0.0,0.0455,0.0,0.0,0.00613,0.0,615
k1715,0.0,0.0,0.31369597,0.44679948,0.0,0.0,0.671363643,0.0,0.00249,0.025,1124
k457,0.0,0.0,0.43732458,0.641191608,0.0,0.0,0.0,0.0,0.00999,0.075,2462
k2695,0.0,0.0,0.28156766,0.791913224,0.0,0.0606,0.0,0.0,0.0284,0.1,2414
k1581,0.111111111,0.0,0.26910868,0.775195066,0.0645,0.196969697,0.0,0.0,0.00696,0.05,1575
k380,0.0,0.0,0.33207822,0.741585434,0.0323,0.136363636,0.0,0.0,0.00804,0.025,372
k431,0.333333333,0.0,0.16310826,0.700376563,0.0,0.136363636,0.0,0.0,0.0127,0.175,3337
k2242,0.0,0.0,0.31085715,0.718397287,0.0,0.257575758,0.0,0.0,0.00629,0.025,2978
k2757,0.0,0.0,0.11142143,0.811709102,0.129032258,0.196969697,0.823992582,0.508170312,0.0177,0.1,952
k946,0.0,0.0,0.22820215,0.807541067,0.0,0.0303,0.0,0.0,0.0148,0.05,1723
k2159,0.111111111,0.0,0.42654425,0.748553968,0.0,0.121212121,0.0,0.0,0.00831,0.0,2404
k441,0.0,0.0,0.43016461,0.783079604,0.0323,0.0606,0.0,0.0,0.00717,0.0,2000
k1159,0.111111111,0.0,0.42603755,0.684052854,0.0,0.151515152,0.0,0.0,0.00314,0.025,2721
k1077,0.0,0.0,0.40260884,0.802539188,0.0,0.0,0.0,0.0,0.0132,0.075,1944
k2411,0.0,0.0,0.33244461,0.857592823,0.129032258,0.151515152,0.0,0.0,0.00156,0.1,3029
k1976,0.0,0.0,0.45301753,0.761136289,0.0,0.0,0.0,0.0,0.0478,0.0,2195
k2268,0.0,0.333333333,0.48761234,0.907480299,0.0,0.0909,0.0,0.0,0.00617,0.05,2615
k842,0.0,0.0,0.40646455,0.646394559,0.0,0.0,0.0,0.0,0.0178,0.0,391
k1316,0.0,0.0,0.12172914,0.772108042,0.0,0.0909,0.0,0.0,0.0196,0.0,2488
k2556,0.0,0.166666667,0.54965937,0.840187337,0.0323,0.151515152,0.0,0.0,0.006,0.05,2594
k1068,0.444444444,0.0833,0.17378537,0.739386887,0.0,0.227272727,0.0,0.0,0.00853,0.025,134
k2004,0.0,0.0,0.42510158,0.688185934,0.0,0.0,0.0,0.0,0.00737,0.0,671
k1828,0.0,0.0,0.40118012,0.776745603,0.0,0.212121212,0.0,0.0,0.00654,0.0,1239
k2620,0.0,0.166666667,0.23820998,0.924453778,0.129032258,0.212121212,0.0,0.0,0.0121,0.0,512
k2572,0.333333333,0.0,0.25260258,0.693341145,0.0,0.166666667,0.0,0.0,0.00668,0.0,1544
k233,0.0,0.0,0.39019307,0.566421497,0.0,0.0,0.673476523,0.0,0.00344,0.075,2890
k1774,0.0,0.0,0.071,0.718766123,0.0,0.393939394,0.0,0.0,0.00654,0.0,3339
k893,0.222222222,0.0,0.24974681,0.708130396,0.0,0.242424242,0.0,0.0,0.00756,0.025,1213
k879,0.0,0.0,0.24739383,0.735102658,0.0645,0.196969697,0.0,0.0,0.0173,0.025,1777
k2360,0.0,0.0,0.28507382,0.702564351,0.0,0.0455,0.0,0.0,0.0159,0.125,2044
k2540,0.0,0.0,0.22541468,0.873700414,0.0,0.196969697,0.0,0.0,0.0569,0.025,737
k1442,0.0,0.0,0.36685961,0.693371428,0.0,0.0303,0.0,0.0,0.00434,0.0,1318
k3319,0.0,0.0,0.18495391,0.732752426,0.0,0.0909,0.0,0.0,0.00904,0.05,788
k1232,0.0,0.0,0.28131783,0.731441476,0.0,0.181818182,0.0,0.0,0.00625,0.125,233
k1534,0.0,0.0,0.52526814,0.778869838,0.0,0.0455,0.0,0.0,0.00265,0.075,2369
k290,0.222222222,0.0833,0.21025227,0.783609734,0.0,0.151515152,0.0,0.0,0.0115,0.1,2696
k2559,0.0,0.0,0.41933021,0.866554812,0.0,0.136363636,0.0,0.0,0.0218,0.05,596
k1065,0.0,0.0,0.037,0.816226563,0.0,0.257575758,0.996686275,0.0,0.0587,0.475,472
k3274,0.0,0.0,0.33616921,0.878708687,0.129032258,0.151515152,0.0,0.0,0.00221,0.1,1024
k2548,0.0,0.0,0.23454729,0.810821314,0.0,0.0303,0.0,0.0,0.00639,0.075,120
k1039,0.111111111,0.0,0.26962376,0.686007296,0.0,0.151515152,0.0,0.0,0.0073,0.1,1244
k1552,0.0,0.0,0.0805,0.795392093,0.0,0.212121212,0.0,0.0,0.00649,0.0,2116
k2982,0.0,0.0,0.20363139,0.812241989,0.0323,0.106060606,0.0,0.0,0.0124,0.075,3333
k872,0.111111111,0.0,0.29624867,0.703181388,0.0,0.0303,0.746728077,0.0,0.00461,0.025,2202
k1900,0.0,0.0,0.4701027,0.677376739,0.0,0.0606,0.0,0.0,0.0157,0.025,947
k1285,0.0,0.0833,0.30545375,0.690454466,0.0,0.0606,0.746971286,0.0,0.00817,0.0,2311
k1728,0.0,0.0,0.23752546,0.810938236,0.0,0.272727273,0.0,0.0,0.00414,0.05,1771
k1226,0.0,0.0,0.45309743,0.725731212,0.0323,0.212121212,0.0,0.0,0.00359,0.0,5
k553,0.222222222,0.0,0.17535704,0.793789335,0.0645,0.151515152,0.0,0.0,0.0153,0.15,1046
k1741,0.0,0.0,0.42954472,0.692159176,0.0,0.0303,0.0,0.0,0.0032,0.05,1697
k3217,0.0,0.0,0.73183107,0.781884388,0.0,0.0,0.0,0.0,0.00777,0.025,3035
k1561,0.0,0.0,0.2894192,0.670413871,0.0,0.0606,0.835453813,0.0,0.0052,0.075,2399
k1684,0.0,0.0,0.66280359,0.684657104,0.0,0.0,0.0,0.0,0.013,0.0,2448
k2593,0.0,0.0,0.33035189,0.680374788,0.0,0.0606,0.0,0.0,0.00677,0.0,11
k1526,0.0,0.0,0.11736917,0.754221889,0.0,0.0,0.0,0.0,0.0143,0.0,2882
k3096,0.0,0.166666667,0.27281693,0.922983831,0.0968,0.151515152,0.0,0.0,0.00896,0.05,699
k672,0.222222222,0.0,0.12433817,0.769800077,0.0,0.0909,0.0,0.0,0.0145,0.3,1724
k249,0.0,0.333333333,0.58857065,0.905971377,0.0,0.0606,0.0,0.0,0.00486,0.05,2918
k3094,0.0,0.0,0.24250717,0.732276316,0.0323,0.166666667,0.0,0.0,0.0119,0.05,1888
k1258,0.0,0.416666667,0.0586,0.950714975,0.838709677,0.393939394,0.0,0.0,0.0439,0.6,1152
k2348,0.111111111,0.0,0.28416008,0.687826171,0.0,0.0606,0.0,0.0,0.00974,0.05,1592
k2249,0.111111111,0.0,0.24625467,0.687551171,0.0,0.0303,0.0,0.0,0.0126,0.05,2831
k2175,0.0,0.0,0.39386937,0.69130975,0.0,0.0758,0.0,0.0,0.00306,0.0,3043
k2406,0.222222222,0.0,0.17780624,0.738824061,0.0,0.121212121,0.0,0.0,0.0119,0.05,2456
k3025,0.111111111,0.0,0.28075516,0.701100415,0.0,0.0152,0.0,0.0,0.0111,0.025,25
k75,0.111111111,0.0833,0.19675589,0.750841106,0.0323,0.0152,0.841503641,0.0,0.00902,0.05,860
k1287,0.0,0.0,0.50729215,0.679301817,0.0,0.0152,0.0,0.0,0.00849,0.025,980
k2574,0.222222222,0.0833,0.21548285,0.712471326,0.0,0.212121212,0.0,0.0,0.0139,0.0,3168
k3154,0.0,0.0,0.39403084,0.691378088,0.0,0.0303,0.0,0.0,0.00306,0.0,991
k3015,0.222222222,0.0,0.27669486,0.725507935,0.0,0.257575758,0.0,0.0,0.00783,0.05,62
k236,0.888888889,0.0,0.17616503,0.733014103,0.0,0.0909,0.0,0.0,0.00658,0.0,1066
k1249,0.0,0.0,0.24555361,0.692452974,0.0,0.151515152,0.0,0.0,0.00742,0.025,2855
k3189,0.0,0.0,0.45122582,0.821778557,0.0645,0.151515152,0.0,0.0,0.00283,0.05,1539
k534,0.0,0.0,0.23852189,0.697824608,0.0323,0.0,0.0,0.0,0.0131,0.05,1014
k2490,0.333333333,0.0,0.22821485,0.776395832,0.0645,0.0758,0.0,0.0,0.00698,0.05,1282
k336,0.0,0.0,0.1939254,0.792616899,0.0645,0.166666667,0.0,0.0,0.0182,0.05,1446
k1559,0.0,0.0,0.44195914,0.82121443,0.0323,0.0303,0.0,0.0,0.0135,0.025,3048
k586,0.111111111,0.0,0.2838169,0.68630385,0.0,0.0606,0.0,0.0,0.0071,0.025,2769
k2699,0.222222222,0.0,0.26315874,0.759911709,0.0,0.106060606,0.0,0.0,0.00644,0.05,2122
k1394,0.0,0.0,0.28516579,0.696187816,0.0,0.0455,0.0,0.0,0.00382,0.0,208
k2061,0.0,0.0,0.18078855,0.869595932,0.0,0.0303,0.0,0.0,0.0572,0.0,3091
k199,0.444444444,0.0,0.22336449,0.730266552,0.0,0.242424242,0.0,0.0,0.00591,0.0,1976
k3007,0.0,0.0,0.19649029,0.722875123,0.0,0.166666667,0.830893642,0.0,0.00837,0.0,2836
k1631,0.111111111,0.0,0.26137531,0.709655014,0.0323,0.0909,0.813078572,0.0,0.00754,0.0,623
k1935,0.444444444,0.0,0.18124135,0.754702173,0.0,0.136363636,0.0,0.0,0.0103,0.075,179
k730,0.0,0.0833,0.2646693,0.78744113,0.0,0.0909,0.0,0.0,0.0143,0.025,2461
k945,0.0,0.0,0.21661276,0.793147489,0.0,0.0606,0.0,0.0,0.0277,0.15,1502
k1091,0.0,0.0,0.20354173,0.688628163,0.0,0.0606,0.0,0.0,0.00334,0.05,1781
k1217,0.0,0.0,0.43328607,0.711464893,0.0,0.0,0.0,0.0,0.00363,0.05,1043
k455,0.111111111,0.0,0.19962293,0.746454273,0.0,0.454545455,0.0,0.0,0.00982,0.05,861
k2060,0.0,0.0,0.39615658,0.684236774,0.0,0.227272727,0.0,0.0,0.00414,0.05,3001
k301,0.0,0.0,0.28890109,0.793960239,0.0,0.121212121,0.0,0.0,0.00779,0.05,2532
k2176,0.0,0.0,0.36153114,0.713148968,0.0,0.0606,0.0,0.0,0.00601,0.075,3375
k1776,0.0,0.0,0.36776012,0.69265462,0.0,0.0303,0.0,0.0,0.00434,0.0,2326
k1318,0.111111111,0.0,0.27549684,0.716280363,0.0,0.0758,0.0,0.0,0.00793,0.05,603
k1713,0.0,0.0,0.3633742,0.63977212,0.0,0.0303,0.0,0.0,0.00295,0.05,3258
k1674,0.111111111,0.0,0.24691102,0.697029508,0.0,0.0303,0.743763966,0.0,0.0097,0.025,1871
k1768,0.111111111,0.0,0.17188749,0.902094269,0.0968,0.272727273,0.0,0.0,0.0187,0.125,1370
k2635,0.0,0.0,0.51849115,0.717822133,0.0,0.0,0.0,0.0,0.0166,0.025,1750
k1300,0.0,0.0,0.33990902,0.735361808,0.0,0.0303,0.0,0.0,0.00569,0.0,665
k2099,0.111111111,0.0,0.2305717,0.751014996,0.0,0.212121212,0.0,0.0,0.015,0.05,561
k2514,0.0,0.0,0.21547639,0.871377135,0.0,0.0909,0.0,0.0,0.0136,0.1,1700
k2968,0.0,0.0,0.17452578,0.86871025,0.0,0.272727273,0.0,0.0,0.0179,0.15,682
k386,0.0,0.166666667,0.14788263,0.796535815,0.129032258,0.287878788,0.0,0.0,0.00815,0.2,946
k2913,0.0,0.0,0.28717971,0.85555178,0.0645,0.196969697,0.880401903,0.0,0.00724,0.0,2756
k2870,0.0,0.0833,0.32958469,0.704622737,0.0,0.0,0.0,0.0,0.0396,0.0,696
k1105,0.222222222,0.0,0.23285863,0.850573829,0.129032258,0.181818182,0.0,0.0,0.0065,0.1,2054
k1969,0.0,0.0,0.36013719,0.816732038,0.0,0.0303,0.0,0.0,0.0165,0.075,1220
k2106,0.0,0.0,0.33756545,0.736343508,0.0323,0.212121212,0.0,0.0,0.00727,0.025,2370
k2367,0.0,0.0,0.18166618,0.754681652,0.0,0.0909,0.0,0.0,0.0186,0.0,101
k1679,0.0,0.0,0.39363942,0.709754785,0.0,0.257575758,0.0,0.0,0.00552,0.05,559
k437,0.0,0.0,0.41282931,0.64695482,0.0,0.0909,0.0,0.0,0.00239,0.0,3429
k3183,0.0,0.0,0.22885773,0.695095319,0.0,0.0758,0.806086309,0.0,0.00715,0.0,2274
k2323,0.111111111,0.0833,0.46958265,0.860759479,0.0,0.181818182,0.0,0.0,0.00598,0.0,2802
k1393,0.0,0.0,0.25,0.538133691,0.0,0.0,0.0,0.0,0.00358,0.0,1075
k699,0.111111111,0.0,0.27509248,0.706604055,0.0,0.0303,0.0,0.0,0.00596,0.025,2438
k2167,0.0,0.25,0.20443359,0.880330434,0.0968,0.151515152,0.0,0.0,0.0323,0.075,515
k1365,0.0,0.0,0.4405005,0.880726031,0.0645,0.196969697,0.0,0.0,0.0128,0.05,3129
k2925,0.0,0.25,0.1585898,0.941593529,0.193548387,0.363636364,0.0,0.0,0.019,0.125,3260
k862,0.0,0.0,0.24302323,0.813599838,0.0323,0.0455,0.0,0.0,0.00722,0.05,2112
k1402,0.0,0.0,0.18932518,0.726538831,0.0,0.348484848,0.0,0.0,0.021,0.25,1200
k2945,0.0,0.0,0.46871403,0.726886075,0.0323,0.0,0.0,0.0,0.00398,0.0,2715
k3273,0.0,0.25,0.18095699,0.928390956,0.161290323,0.318181818,0.0,0.0,0.0165,0.075,1078
k2650,0.0,0.0,0.30519968,0.704417645,0.0,0.121212121,0.838904343,0.0,0.00372,0.025,2159
k2010,0.0,0.0,0.2757799,0.743223413,0.0,0.0303,0.0,0.0,0.00776,0.075,575
k3022,0.111111111,0.0,0.23992047,0.705206658,0.0,0.227272727,0.0,0.0,0.00806,0.025,2708
k21,0.0,0.166666667,0.18109825,0.952413406,0.258064516,0.363636364,0.0,0.0,0.0224,0.075,1261
k449,0.111111111,0.0,0.23801842,0.684486851,0.0,0.121212121,0.829920805,0.0,0.00641,0.025,532
k1208,0.0,0.0,0.14101119,0.757463162,0.0323,0.0303,0.0,0.361109685,0.0279,0.075,1199
k2369,0.0,0.0,0.12223839,0.769959802,0.0,0.121212121,0.0,0.0,0.0196,0.0,1139
k2460,0.222222222,0.0,0.2583909,0.760669596,0.0,0.0909,0.0,0.0,0.00891,0.05,2707
k1532,0.444444444,0.0,0.25732267,0.768442649,0.0,0.363636364,0.0,0.0,0.0103,0.025,2881
k2201,0.0,0.0,0.22942621,0.866707224,0.0,0.106060606,0.0,0.0,0.0532,0.0,3050
k413,0.0,0.0,0.36299381,0.781212413,0.0,0.0758,0.0,0.0,0.0268,0.025,1922
k1305,0.111111111,0.0,0.15086058,0.723863025,0.0323,0.257575758,0.0,0.359987376,0.014,0.05,3279
k2172,0.222222222,0.0,0.21328217,0.770114319,0.0,0.166666667,0.0,0.0,0.00818,0.1,1606
k688,0.0,0.0,1.0,0.275589758,0.0,0.0,0.0,0.0,0.0335,0.0,306
k1421,0.0,0.0,0.170553,0.812839577,0.0323,0.0303,0.0,0.356860357,0.0279,0.075,1411
k436,0.0,0.0,0.33405071,0.671914561,0.0,0.181818182,0.0,0.0,0.00524,0.025,1547
k2157,0.0,0.333333333,0.17101751,0.945873318,0.225806452,0.257575758,0.0,0.0,0.0141,0.125,822
k2561,0.0,0.0833,0.1906133,0.785506213,0.0323,0.287878788,0.0,0.0,0.0222,0.125,2206
k6,0.444444444,0.0833,0.17752931,0.716692462,0.0,0.212121212,0.0,0.0,0.014,0.0,2937
k1859,0.0,0.0,0.32790607,0.857871422,0.0323,0.106060606,0.0,0.0,0.0163,0.075,3353
k615,0.0,0.0833,0.17625584,0.806778433,0.0,0.166666667,0.0,0.0,0.0253,0.175,2931
k3308,0.0,0.0,0.57409012,0.710698583,0.0,0.0303,0.0,0.0,0.0032,0.025,2026
k1939,0.0,0.0,0.52367634,0.838543078,0.0,0.0303,0.0,0.0,0.0184,0.025,3119
k2499,0.0,0.0,0.47559634,0.703946205,0.0,0.0606,0.0,0.0,0.00697,0.05,1868
k1511,0.0,0.0,0.82060117,0.718881322,0.0,0.0,0.0,0.0,0.0138,0.05,2705
k810,0.0,0.0,0.0991,0.851787995,0.0,0.0152,0.797878,0.0,0.0147,0.225,1101
k633,0.0,0.0833,0.26433793,0.785450432,0.0,0.0758,0.0,0.0,0.0161,0.075,1890
k383,0.333333333,0.0,0.17321432,0.731095993,0.0,0.242424242,0.0,0.0,0.0133,0.125,33
k1069,0.0,0.0,0.18462838,0.77043262,0.0323,0.181818182,0.965479502,0.0,0.0112,0.025,2530
k530,0.0,0.166666667,0.0581,0.95232248,0.0,0.409090909,0.0,0.0,0.0447,0.525,1847
k760,0.0,0.0,0.52466625,0.758873232,0.0,0.0606,0.0,0.0,0.00469,0.025,2761
k882,0.0,0.0,0.31701007,0.685360932,0.0,0.272727273,0.0,0.0,0.00336,0.0,3407
k3163,0.0,0.0,0.54574841,0.635219169,0.0,0.0,0.0,0.0,0.00469,0.075,1273
k2523,0.333333333,0.166666667,0.15549387,0.865363004,0.129032258,0.227272727,0.0,0.0,0.00764,0.3,994
k443,0.0,0.0,0.13942379,0.88946727,0.0,0.272727273,0.0,0.0,0.0234,0.2,1957
k2826,0.0,0.166666667,0.13036256,0.850853385,0.0,0.242424242,0.0,0.0,0.0336,0.05,52
k2450,0.333333333,0.0,0.27376989,0.810405809,0.0645,0.121212121,0.0,0.0,0.008,0.05,587
k2097,0.0,0.0,0.33479419,0.681132675,0.0,0.0,0.0,0.0,0.0111,0.075,3219
k1662,0.0,0.0,0.21735391,0.809710747,0.0323,0.106060606,0.0,0.0,0.00592,0.1,1194
k1455,0.0,0.0,0.10605723,0.72741008,0.0,0.378787879,0.0,0.0,0.0176,0.275,1175
k2185,0.444444444,0.0833,0.17196862,0.746438576,0.0,0.272727273,0.0,0.0,0.00853,0.025,3304
k2447,0.111111111,0.0,0.20104422,0.727826504,0.0,0.212121212,0.0,0.0,0.0106,0.025,2168
k1672,0.0,0.0,0.41144609,0.727246527,0.0,0.0152,0.0,0.0,0.00394,0.05,2279
k2375,0.0,0.0,0.37098366,0.784727805,0.0,0.0,0.0,0.0,0.0111,0.075,3302
k974,0.111111111,0.0,0.2378186,0.743873835,0.0,0.0758,0.0,0.0,0.00701,0.025,1619
k1051,0.0,0.0,0.0843,0.737134053,0.0,0.393939394,0.0,0.0,0.0372,0.4,1998
k3295,0.0,0.0,0.41994968,0.91252544,0.129032258,0.212121212,0.0,0.0,0.00479,0.05,2118
k827,0.0,0.0,0.25814787,0.731179684,0.0,0.0909,0.0,0.0,0.0091,0.15,1383
k1283,0.111111111,0.0,0.25753167,0.7430947,0.0323,0.0606,0.0,0.508758943,0.00929,0.075,1240
k1275,0.0,0.0,0.23942621,0.653967535,0.0,0.0455,0.0,0.0,0.00549,0.0,1879
k1986,0.0,0.0,0.24723554,0.76295593,0.0,0.0,0.0,0.0,0.0223,0.075,1230
k1254,0.0,0.0,0.51639003,0.726056174,0.0,0.0303,0.0,0.0,0.00893,0.05,3051
k783,0.0,0.0,0.28453779,0.719775312,0.0,0.0455,0.0,0.0,0.0107,0.05,2816
k3349,0.0,0.0,0.31724,0.798181834,0.0323,0.0,0.0,0.0,0.0415,0.0,732
k1373,0.0,0.0,0.34190202,0.691473953,0.0,0.0303,0.0,0.0,0.0242,0.125,1094
k2961,0.666666667,0.0,0.17845167,0.730079415,0.0,0.333333333,0.0,0.0,0.012,0.025,2088
k2253,0.0,0.0,0.72092694,0.590178748,0.0,0.0,0.0,0.0,0.0196,0.0,1492
k2866,0.0,0.0,0.55409867,0.688304311,0.0,0.0455,0.81940201,0.0,0.00722,0.0,37
k682,0.0,0.0,0.70129371,0.619044656,0.0,0.0,0.0,0.0,0.00559,0.025,2377
k393,0.0,0.0,0.53598088,0.708993988,0.0,0.0,0.0,0.0,0.0121,0.025,3113
k2550,0.0,0.0,0.0917,0.918764226,0.258064516,0.0,0.0,0.0,0.013,0.3,2582
k1170,0.0,0.0,0.10461466,0.794224021,0.0323,0.181818182,0.0,0.0,0.00464,0.0,2736
k2981,0.0,0.0,0.20632428,0.736305147,0.0,0.136363636,0.0,0.0,0.00947,0.1,1582
k471,0.0,0.0833,0.20921926,0.779247365,0.0323,0.0,0.0,0.0,0.025,0.025,3078
k1508,0.0,0.0,0.4297488,0.648198848,0.0,0.212121212,0.0,0.0,0.00236,0.0,3128
k1657,0.0,0.0,0.23349027,0.779558545,0.0,0.106060606,0.0,0.0,0.0122,0.075,1920
k1328,0.111111111,0.0,0.30613488,0.64170183,0.0,0.151515152,0.0,0.0,0.00296,0.0,1409
k2250,0.0,0.0,0.37110239,0.760113815,0.0323,0.242424242,0.0,0.0,0.00841,0.0,2474
k3404,0.888888889,0.0,0.0864,0.743251897,0.0,0.424242424,0.0,0.0,0.0282,0.15,564
k2547,0.777777778,0.0,0.14082636,0.759220935,0.0,0.151515152,0.0,0.0,0.0114,0.2,956
k445,0.0,0.0,0.41002733,0.831037178,0.0323,0.0303,0.0,0.0,0.0162,0.025,48
k2387,0.0,0.0,0.30476677,0.754545932,0.0,0.0909,0.0,0.0,0.00938,0.1,2252
k3312,0.0,0.0833,0.29072779,0.729188565,0.0,0.0758,0.746864882,0.0,0.0126,0.0,3075
k394,0.111111111,0.0,0.28729001,0.706062286,0.0,0.121212121,0.0,0.0,0.00952,0.0,2182
k66,0.0,0.0,0.16666667,0.647784606,0.0,0.0909,0.0,0.0,0.00181,0.0,1718
k653,0.0,0.0,0.16776253,0.855412194,0.0,0.0606,0.0,0.0,0.026,0.0,740
k493,0.222222222,0.0,0.28132841,0.731466859,0.0,0.227272727,0.0,0.0,0.00843,0.025,1573
k3367,0.0,0.0,0.18443857,0.835199278,0.0,0.0,0.0,0.0,0.00768,0.0,1751
k3030,0.0,0.0,0.10626332,0.865108869,0.0,0.0758,0.0,0.0,0.0346,0.0,3011
k1626,0.0,0.0,0.28455698,0.751653396,0.0,0.0152,0.0,0.0,0.00267,0.05,2313
k1801,0.111111111,0.0,0.10523489,0.706118067,0.0,0.151515152,0.0,0.0,0.0191,0.025,408
k2464,0.0,0.0,0.20847738,0.766880895,0.0,0.0152,0.0,0.0,0.015,0.1,2513
k261,0.222222222,0.0,0.32689309,0.817092758,0.0,0.257575758,0.0,0.0,0.00561,0.025,2604
k863,0.0,0.0,0.26549977,0.703170439,0.0,0.181818182,0.904373204,0.0,0.00563,0.0,2563
k2210,0.0,0.0,0.34984785,0.681420271,0.0,0.0606,0.0,0.0,0.0085,0.0,3184
k1687,0.0,0.0,0.34613433,0.68049818,0.0323,0.0,0.735038837,0.0,0.00518,0.0,1314
k315,0.0,0.0833,0.27792412,0.86020542,0.0323,0.0,0.802590177,0.0,0.00692,0.025,3270
k100,0.0,0.0,0.39261824,0.691055883,0.0,0.0606,0.0,0.0,0.00306,0.0,2315
k2103,0.0,0.0,0.21142805,0.720993039,0.0,0.0152,0.0,0.0,0.00587,0.075,1120
k2644,0.0,0.0,0.20472381,0.682985357,0.0,0.0303,0.0,0.0,0.00334,0.05,1246
k747,0.0,0.0833,0.268071,0.842211266,0.0,0.151515152,0.0,0.0,0.00726,0.125,3039
k2529,0.222222222,0.0,0.23596105,0.690122383,0.0,0.0909,0.0,0.0,0.00509,0.05,1381
k2058,0.111111111,0.0,0.3986679,0.711574771,0.0,0.0606,0.0,0.0,0.0141,0.025,2963
k3251,0.0,0.0,0.42375079,0.715646443,0.0,0.0,0.0,0.0,0.00734,0.025,1204
k819,0.0,0.0,0.40124488,0.744595773,0.0,0.0,0.0,0.0,0.00865,0.075,1712
k877,0.0,0.0,1.0,0.601410915,0.0,0.0,0.0,0.0,0.000689,0.0,1322
k1018,0.0,0.0,0.3429327,0.646124191,0.0,0.121212121,0.0,0.0,0.00297,0.0,2903
k3067,0.0,0.0,0.50386149,0.673561422,0.0,0.0606,0.0,0.0,0.0036,0.025,834
k2269,0.0,0.0,0.42360929,0.795802851,0.0,0.151515152,0.0,0.0,0.00319,0.0,1121
k250,0.0,0.0,0.16994835,0.793832712,0.0968,0.0606,0.0,0.0,0.0147,0.15,1222
k550,0.0,0.166666667,0.34806803,0.792236884,0.0,0.0758,0.0,0.0,0.00759,0.05,1962
k545,0.0,0.0833,0.38361281,0.784610769,0.0,0.0,0.0,0.0,0.00793,0.075,1758
k2955,0.0,0.0,0.60963511,0.680829153,0.0,0.0606,0.0,0.0,0.00236,0.0,790
k2144,0.0,0.0,0.22649261,0.779793384,0.0,0.106060606,0.0,0.0,0.0122,0.075,3158
k2515,0.444444444,0.0,0.12161649,0.779415666,0.0,0.0,0.0,0.0,0.00976,0.2,2180
k2726,0.0,0.0,0.61361432,0.683954729,0.0,0.0303,0.0,0.0,0.00497,0.025,1054
k109,0.0,0.0,0.24678068,0.874181387,0.0,0.181818182,0.776414793,0.0,0.0506,0.025,1521
k1279,0.0,0.0,0.22507502,0.7395174,0.0,0.121212121,0.0,0.0,0.0122,0.0,1929
k3188,0.0,0.0,0.58250767,0.697253054,0.0,0.0152,0.0,0.0,0.00822,0.025,1696
k1750,0.0,0.0,0.26453674,0.705062515,0.0,0.106060606,0.0,0.0,0.00805,0.1,1311
k2161,0.0,0.0,0.50889605,0.719171139,0.0,0.0,0.0,0.0,0.0166,0.025,1615
k2070,0.222222222,0.0,0.24433909,0.849974671,0.129032258,0.136363636,0.0,0.0,0.00487,0.1,2580
k2584,0.0,0.0,0.094,0.775887677,0.0,0.0303,0.0,0.57132444,0.03,0.325,1596
k1820,0.222222222,0.0,0.28885454,0.769815391,0.0645,0.136363636,0.0,0.0,0.00525,0.05,2408
k2605,0.0,0.0,0.41989779,0.675536117,0.0,0.0606,0.0,0.0,0.0036,0.05,2327
k2772,0.0,0.0,0.4900361,0.754843406,0.0,0.0,0.0,0.0,0.00779,0.05,2690
k1060,0.0,0.0,0.45460299,0.642856961,0.0,0.0,0.0,0.0,0.0167,0.0,3232
k1996,0.0,0.0,0.45442277,0.794034894,0.0,0.0303,0.0,0.0,0.0184,0.075,2837
k1644,0.0,0.0,0.60746425,0.678429381,0.0,0.0606,0.0,0.0,0.00236,0.0,1510
k1088,0.0,0.0,0.37155449,0.703157192,0.0,0.0,0.0,0.0,0.0104,0.1,2048
k853,0.0,0.0,0.18168928,0.74278264,0.0,0.0303,0.0,0.0,0.0186,0.0,2199
k3066,0.111111111,0.0,0.26609555,0.711100957,0.0,0.136363636,0.0,0.0,0.00545,0.0,353
k2138,0.0,0.0,0.19954139,0.714183425,0.0,0.151515152,0.0,0.0,0.0101,0.0,3177
k2714,0.0,0.0,0.50211865,0.701218255,0.0,0.0303,0.0,0.0,0.00446,0.025,3015
k2510,0.0,0.0,0.45698184,0.63106974,0.0,0.0,0.0,0.0,0.00519,0.075,3364
k1058,0.0,0.0,0.17579749,0.726501695,0.129032258,0.0,0.0,0.0,0.0164,0.15,3420
k2779,0.0,0.0,0.4495427,0.752237585,0.0,0.0,0.0,0.0,0.00707,0.0,96
k2673,0.0,0.25,0.11916523,0.793509856,0.0,0.409090909,0.0,0.0,0.0203,0.225,28
k2511,0.0,0.0,0.2353363,0.720009079,0.0,0.0152,0.791660966,0.0,0.0107,0.025,2962
k1811,0.0,0.0,0.18264803,0.668866779,0.0,0.121212121,0.0,0.0,0.0135,0.15,3280
k1615,0.0,0.0,0.34851608,0.868916912,0.0,0.121212121,0.0,0.0,0.0138,0.075,1031
k3259,0.0,0.0,0.40589973,0.813346546,0.0,0.0,0.0,0.0,0.0132,0.075,2692
k1403,0.0,0.0,0.14592642,0.818685025,0.0,0.0,0.0,0.0,0.0117,0.0,1926
k3213,0.0,0.0,0.71238285,0.783127421,0.0,0.0,0.0,0.0,0.00747,0.025,2586
k3342,0.0,0.0,0.3570621,0.783944076,0.0645,0.212121212,0.0,0.0,0.0092,0.0,1820
k1073,0.0,0.0833,0.40198579,0.781646142,0.0323,0.0,0.0,0.0,0.0145,0.025,2673
k3018,0.0,0.0833,0.21305069,0.790446569,0.0323,0.0455,0.810464073,0.0,0.0161,0.025,977
k61,0.0,0.0,0.47359297,0.667228608,0.0,0.0303,0.0,0.0,0.00849,0.025,1812
k726,0.0,0.0,0.2078353,0.787319461,0.0,0.106060606,0.0,0.0,0.0196,0.0,129
k2147,0.0,0.0,0.3921687,0.65369598,0.0,0.0909,0.0,0.0,0.00445,0.025,1981
k869,0.111111111,0.0,0.25151932,0.757089655,0.0,0.136363636,0.0,0.0,0.00861,0.075,761
k88,0.0,0.0,0.22062381,0.746618668,0.0,0.0758,0.813002569,0.0,0.00793,0.0,3384
k1739,0.0,0.0,0.26711988,0.690746656,0.0,0.0455,0.802544576,0.0,0.00681,0.0,304
k83,0.0,0.0,0.25462708,0.614315709,0.0,0.0,0.0,0.0,0.00877,0.0,2782
k988,0.0,0.0,0.24509321,0.683918397,0.0,0.242424242,0.0,0.0,0.0087,0.0,1295
k289,0.0,0.0,0.55548227,0.652320788,0.0,0.0606,0.0,0.0,0.00565,0.025,866
k758,0.0,0.0,0.26356518,0.741012462,0.0,0.181818182,0.0,0.0,0.011,0.05,2409
k2687,0.0,0.0,0.11489661,0.794252697,0.0645,0.212121212,0.0,0.0,0.0317,0.3,2842
k1353,0.0,0.0,0.17654328,0.83185521,0.0,0.0303,0.0,0.0,0.0189,0.05,195
k1531,0.0,0.0833,0.21009767,0.748075216,0.0323,0.0,0.757581285,0.0,0.0282,0.0,962
k2429,0.0,0.166666667,0.17470631,0.746228278,0.0,0.0,0.0,0.0,0.0108,0.025,700
k3239,0.0,0.0,0.33452713,0.732193084,0.0,0.0,0.0,0.0,0.0167,0.05,921
k2107,0.0,0.0,0.32466277,0.723411455,0.0645,0.0606,0.0,0.0,0.00698,0.1,1924
k2838,0.0,0.0,0.2050059,0.698400145,0.0,0.0152,0.0,0.0,0.00397,0.05,927
k33,0.0,0.0,0.14847049,0.700514694,0.0,0.0455,0.0,0.0,0.0138,0.15,426
k2736,0.333333333,0.0,0.19778748,0.772893954,0.0,0.242424242,0.0,0.0,0.0105,0.225,1219
k1537,0.0,0.0,0.36867583,0.696355044,0.0,0.0,0.0,0.0,0.0104,0.05,476
k1453,0.0,0.0,0.21819182,0.74533402,0.0,0.257575758,0.895420068,0.0,0.0069,0.025,1104
k1098,0.222222222,0.0,0.21387587,0.772014014,0.0645,0.0606,0.0,0.0,0.00758,0.075,22
k540,0.0,0.166666667,0.21032242,0.840084925,0.0,0.136363636,0.0,0.0,0.0127,0.025,1185
k349,0.222222222,0.0,0.22537428,0.754125297,0.0323,0.166666667,0.0,0.0,0.00919,0.025,2273
k2631,0.0,0.0,0.68190742,0.834991813,0.0323,0.121212121,0.0,0.0,0.00485,0.05,808
k1172,0.0,0.0,0.36058113,0.669438296,0.0,0.0606,0.0,0.0,0.0118,0.125,1458
k2719,0.0,0.0,0.35711238,0.626246345,0.0,0.0455,0.0,0.0,0.0109,0.0,3
k1623,0.0,0.0,0.55527145,0.617678882,0.0,0.0,0.0,0.0,0.00224,0.0,684
k1483,0.0,0.0,0.59374291,0.695961437,0.0,0.0152,0.0,0.0,0.00822,0.025,849
k134,0.0,0.0,0.12565997,0.741236927,0.0,0.0,0.0,0.0,0.0293,0.0,2712
k2855,0.0,0.0,0.482384,0.763654935,0.0,0.0,0.764968763,0.0,0.0111,0.025,2392
k404,0.0,0.166666667,0.12991838,0.810293634,0.0,0.0455,0.0,0.0,0.0198,0.175,2872
k3060,0.0,0.0,0.23967144,0.653933768,0.0,0.0303,0.0,0.0,0.00549,0.0,1990
k1917,0.0,0.0,0.13397291,0.947144643,0.0968,0.0303,0.0,0.0,0.00411,0.0,804
k1666,0.0,0.0,0.25736061,0.751656229,0.0,0.0909,0.83642665,0.0,0.0132,0.0,442
k1844,0.0,0.0,0.11530629,0.813669478,0.0645,0.106060606,0.0,0.0,0.0196,0.1,951
k937,0.0,0.0,0.48130825,0.705927753,0.0,0.166666667,0.0,0.0,0.00323,0.025,2932
k1506,0.0,0.0,0.2754215,0.709703292,0.0,0.0758,0.0,0.0,0.00466,0.05,3229
k2623,0.0,0.0,0.23881124,0.890286068,0.0968,0.0455,0.0,0.0,0.015,0.0,2248
k73,0.0,0.0,0.24090841,0.785696987,0.0323,0.0152,0.0,0.0,0.0114,0.05,103
k2237,0.0,0.166666667,0.31547102,0.787319729,0.0,0.0152,0.0,0.0,0.00925,0.05,599
k120,0.0,0.0,0.3638449,0.947732929,0.0,0.0303,0.0,0.0,0.0124,0.05,764
k1124,0.0,0.0,0.25088421,0.702931005,0.0,0.0758,0.901910712,0.0,0.00463,0.0,649
k1370,0.0,0.0,0.32702893,0.711359074,0.0,0.0455,0.0,0.0,0.00663,0.1,3208
k639,0.0,0.0,0.24901636,0.749539114,0.0323,0.196969697,0.0,0.0,0.0189,0.075,1232
k2882,0.0,0.0,0.6232,0.735442742,0.0,0.0,0.0,0.0,0.0221,0.025,228
k156,0.0,0.0,0.45641115,0.717429369,0.0,0.0,0.0,0.0,0.00141,0.075,1897
k1346,0.0,0.0,0.38986883,0.707050112,0.0,0.212121212,0.0,0.0,0.00504,0.05,172
k1267,0.0,0.0,0.26756003,0.728671451,0.0323,0.318181818,0.0,0.0,0.00799,0.025,1927
k1138,0.0,0.0833,0.24092959,0.869747731,0.129032258,0.0455,0.0,0.0,0.0102,0.075,112
k2221,0.0,0.0,0.58707517,0.555350701,0.0,0.0,0.660799246,0.0,0.00691,0.025,1507
k2265,0.0,0.0,0.57329029,0.387507787,0.0,0.0,0.633362214,0.0,0.000733,0.025,3285
k408,0.0,0.166666667,0.48633468,0.92609551,0.0,0.0152,0.0,0.0,0.00366,0.025,3424
k1701,0.0,0.0,0.11416726,0.857846039,0.129032258,0.606060606,0.0,0.0,0.0501,0.4,2813
k2820,0.0,0.0,0.17287605,0.602233312,0.0,0.0152,0.0,0.0,0.00355,0.125,2165
k3175,0.0,0.0,0.19184844,0.710759303,0.0323,0.0606,0.797057169,0.0,0.00871,0.025,655
k3430,0.0,0.166666667,0.0613,0.952322288,0.838709677,0.348484848,0.0,0.0,0.0431,0.5,1782
k2243,0.0,0.0,0.3977266,0.689700139,0.0,0.242424242,0.0,0.0,0.0044,0.05,1607
k2308,0.0,0.0,0.33637768,0.876624612,0.0,0.0,0.0,0.0,0.00789,0.025,1348
k329,0.0,0.166666667,0.1624689,0.899036074,0.0323,0.151515152,0.936294405,0.0,0.00795,0.075,1398
k300,0.0,0.0,0.26977107,0.778494034,0.0,0.0,0.0,0.0,0.0103,0.0,362
k657,0.0,0.0,0.16880418,0.595069602,0.0,0.0152,0.0,0.0,0.0115,0.1,3206
k1366,0.0,0.0,0.32619065,0.66488879,0.0,0.121212121,0.8244638,0.0,0.00205,0.0,1662
k3317,0.0,0.0,0.17091617,0.814941455,0.129032258,0.151515152,0.0,0.572892953,0.0159,0.15,494
k1128,0.0,0.0,0.26614183,0.668738448,0.0,0.0909,0.0,0.0,0.0027,0.1,1861
k1902,0.0,0.0,0.23753938,0.641333913,0.0,0.0455,0.793044218,0.0,0.00262,0.0,1016
k2273,0.111111111,0.0,0.41109401,0.679770806,0.0,0.151515152,0.0,0.0,0.00314,0.025,3346
k2646,0.0,0.0,0.5,0.633839229,0.0,0.0,0.0,0.0,0.0104,0.05,1500
k2136,0.0,0.0,0.36711472,0.813425221,0.0,0.0152,0.0,0.0,0.00785,0.075,2841
k2365,0.0,0.0,0.46907067,0.847375511,0.0,0.0303,0.839694773,0.0,0.0212,0.0,2714
k2057,0.0,0.0,0.34402335,0.735100284,0.0,0.151515152,0.0,0.0,0.00339,0.125,2981
k3284,0.222222222,0.0,0.16084176,0.825365696,0.0,0.121212121,0.0,0.0,0.0108,0.05,965
k926,0.0,0.0,0.48944414,0.802091638,0.0,0.0455,0.0,0.0,0.0276,0.0,1191
k651,0.0,0.0,0.21046282,0.683827126,0.0,0.0606,0.0,0.0,0.00553,0.0,1415
k3058,0.0,0.0,0.2741279,0.689984289,0.0,0.0,0.0,0.0,0.00911,0.05,3079
k1796,0.0,0.0,0.21896979,0.693783105,0.0,0.212121212,0.0,0.0,0.00883,0.025,1823
k3292,0.0,0.0,0.34921929,0.699840039,0.0,0.0,0.0,0.0,0.00999,0.0,3120
k2948,0.0,0.0,0.13661614,0.731782786,0.0,0.0,0.0,0.0,0.0431,0.1,2387
k3133,0.222222222,0.0,0.23843509,0.706970709,0.0,0.242424242,0.0,0.0,0.0059,0.0,657
k3264,0.0,0.0,0.35253242,0.737543433,0.0323,0.0909,0.0,0.0,0.0111,0.025,1571
k3327,0.0,0.0,0.10499708,0.812939424,0.0645,0.136363636,0.785763145,0.489212837,0.0252,0.075,1818
k1420,0.0,0.0,0.0598,0.876203172,0.0,0.212121212,0.0,0.0,0.0657,0.0,2491
k139,0.0,0.5,0.17810811,0.839219534,0.0,0.0303,0.0,0.0,0.0236,0.1,2416
k2086,0.111111111,0.0,0.31802636,0.738483977,0.0,0.257575758,0.0,0.0,0.00599,0.025,735
k1883,0.111111111,0.0,0.31374115,0.758368178,0.0645,0.106060606,0.0,0.0,0.00446,0.05,2958
k2502,0.111111111,0.0,0.26496431,0.750132147,0.0,0.181818182,0.0,0.0,0.00709,0.225,2360
k2799,0.0,0.0,0.20197426,0.700654243,0.0,0.0,0.0,0.0,0.0161,0.0,197
k2809,0.0,0.0,0.2442611,0.774033196,0.0,0.0606,0.0,0.472565522,0.033,0.05,3063
k1083,0.0,0.0,0.2350965,0.763735372,0.0,0.151515152,0.814796236,0.0,0.0146,0.0,498
k2456,0.0,0.0,0.28381681,0.767329057,0.0,0.272727273,0.0,0.0,0.00522,0.0,939
k1661,0.0,0.0833,0.19649681,0.904838528,0.225806452,0.166666667,0.0,0.0,0.0115,0.1,3166
k1688,0.0,0.0,0.53490454,0.712339779,0.0,0.0909,0.0,0.0,0.00591,0.0,2173
k2897,0.0,0.0,0.57463592,0.70503763,0.0,0.0455,0.0,0.0,0.0032,0.025,491
k892,0.0,0.0,0.25007457,0.691246848,0.0,0.0909,0.0,0.0,0.0074,0.0,767
k2396,0.111111111,0.0,0.10103238,0.723363446,0.0645,0.0,0.0,0.749186859,0.0565,0.2,3205
k2963,0.0,0.0,0.57183284,0.561711731,0.0,0.0,0.0,0.0,0.00482,0.0,572
k1087,0.0,0.0,0.12455335,0.86812342,0.0,0.121212121,0.0,0.0,0.0397,0.0,1133
k130,0.222222222,0.0,0.24434018,0.849722642,0.129032258,0.136363636,0.0,0.0,0.00487,0.1,2635
k581,0.0,0.0,0.59578031,0.673119347,0.0,0.0606,0.0,0.0,0.00248,0.025,2672
k1521,0.0,0.0833,0.24082533,0.833017807,0.0323,0.272727273,0.0,0.0,0.0166,0.075,2089
k721,0.0,0.0,0.18566866,0.681353732,0.0,0.0455,0.0,0.0,0.00846,0.0,1394
k1618,0.0,0.0,0.49475652,0.699422006,0.0,0.0606,0.0,0.0,0.00404,0.0,3049
k423,0.0,0.0833,0.22185333,0.849152695,0.0,0.0455,0.0,0.0,0.0286,0.025,194
k1682,0.0,0.0,0.42719254,0.693662623,0.0,0.0455,0.0,0.0,0.0032,0.05,3323
k1533,0.0,0.0,0.24542931,0.844897409,0.0,0.151515152,0.0,0.0,0.0425,0.075,2830
k2174,0.0,0.0,0.49958238,0.547085113,0.0,0.0,0.689300318,0.0,0.00208,0.025,2300
k2671,0.0,0.0,0.21077162,0.778120335,0.0645,0.166666667,0.0,0.0,0.00734,0.025,1899
k1237,0.0,0.0,0.3465642,0.688292366,0.0,0.0,0.0,0.0,0.00779,0.1,489
k2334,0.0,0.0,0.12340277,0.772533119,0.0,0.0606,0.771748218,0.706759614,0.026,0.225,917
k1189,0.0,0.0,0.20202617,0.755160136,0.0,0.0455,0.0,0.0,0.0109,0.15,2495
k2953,0.0,0.0,0.66627985,0.693095126,0.0,0.0,0.0,0.0,0.00361,0.025,1397
k46,0.0,0.0,0.38080823,0.683571,0.0,0.0,0.0,0.0,0.00518,0.025,1470
k960,0.0,0.0,0.13829765,0.733075283,0.0,0.242424242,0.0,0.220616261,0.0194,0.15,855
k419,0.0,0.0,0.3473109,0.665489939,0.0,0.227272727,0.0,0.0,0.00404,0.05,2684
k894,0.0,0.0,0.2541292,0.749233257,0.0,0.272727273,0.0,0.0,0.0137,0.075,1327
k3326,0.0,0.166666667,0.12159394,0.81827867,0.0,0.0909,0.0,0.0,0.0169,0.2,949
k3318,0.0,0.0,0.23644368,0.606332626,0.0,0.0,0.687886665,0.0,0.00639,0.025,2174
k777,0.222222222,0.0,0.21943624,0.851271264,0.129032258,0.181818182,0.0,0.0,0.00852,0.1,2259
k552,0.111111111,0.0,0.1519201,0.724160575,0.0,0.0455,0.0,0.0,0.0114,0.0,1190
k942,0.0,0.0,0.32645851,0.818377253,0.0,0.166666667,0.944654719,0.0,0.00589,0.0,1206
k971,0.0,0.0,0.20987356,0.721961072,0.0,0.151515152,0.0,0.0,0.0176,0.15,511
k2433,0.0,0.166666667,0.21622691,0.807592101,0.0,0.0152,0.0,0.0,0.0152,0.15,2334
k126,0.0,0.0,0.12318257,0.68948115,0.0,0.212121212,0.0,0.0,0.0026,0.0,202
k2152,0.0,0.0,0.17502157,0.793924978,0.0968,0.0455,0.837065074,0.0,0.0138,0.125,191
k2659,0.0,0.0,0.46611813,0.822116919,0.0,0.0606,0.0,0.0,0.00717,0.025,2324
k1747,0.0,0.0,0.20308204,0.74683337,0.0,0.121212121,0.0,0.0,0.0118,0.0,758
k2803,0.0,0.0,0.039,0.790534011,0.0,0.272727273,0.0,0.0,0.0532,0.0,1525
k3049,0.0,0.0,0.38762867,0.693619897,0.0,0.166666667,0.0,0.0,0.00228,0.0,1274
k3385,0.111111111,0.0,0.35964227,0.762437362,0.0,0.0606,0.838752337,0.0,0.00717,0.025,2040
k3419,0.0,0.0,0.26898548,0.807242139,0.0,0.0,0.737866144,0.0,0.0101,0.05,891
k1143,0.0,0.0,0.30287668,0.735619656,0.0,0.0152,0.785185523,0.0,0.00671,0.0,1074
k2685,0.0,0.0,0.2290723,0.752357799,0.0,0.242424242,0.907641327,0.0,0.00919,0.0,3300
k634,0.0,0.0833,0.18645471,0.741199599,0.0323,0.0,0.733457978,0.0,0.0171,0.0,3024
k3207,0.222222222,0.0833,0.45966178,0.764182539,0.0,0.0606,0.0,0.0,0.00796,0.025,650
k2566,0.111111111,0.0,0.30802262,0.776052914,0.0,0.257575758,0.0,0.0,0.00717,0.075,3393
k56,0.0,0.0,0.11071432,0.764496245,0.0,0.318181818,0.91197349,0.510066913,0.0237,0.125,1876
k411,0.0,0.166666667,0.15813407,0.930440727,0.0645,0.181818182,0.0,0.0,0.013,0.125,2386
k2316,0.111111111,0.0,0.52904254,0.708836714,0.0,0.121212121,0.0,0.0,0.00567,0.025,187
k969,0.0,0.0833,0.13778153,0.872238966,0.0,0.348484848,0.0,0.0,0.0569,0.075,1146
k965,0.222222222,0.0,0.21294571,0.737280262,0.0,0.166666667,0.848617508,0.0,0.00856,0.0,2232
k2628,0.222222222,0.0,0.12821983,0.759381311,0.161290323,0.257575758,0.0,0.0,0.0126,0.175,588
k649,0.0,0.0,0.59903473,0.814997925,0.0,0.0,0.792649004,0.0,0.0173,0.0,2493
k3348,0.0,0.0,0.65315175,0.866928319,0.0,0.0606,0.0,0.0,0.00595,0.025,213
k2543,0.0,0.0,0.30054426,0.732353268,0.0,0.0152,0.788210437,0.0,0.00671,0.0,3055
k3014,0.0,0.0,0.30345556,0.794816595,0.0,0.0758,0.0,0.0,0.0346,0.125,312
k3186,0.0,0.0,0.23480009,0.660780824,0.0,0.0909,0.0,0.0,0.00868,0.15,1198
k2026,0.444444444,0.0833,0.17445265,0.72505246,0.0,0.257575758,0.0,0.0,0.00981,0.0,1789
k3371,0.0,0.0,0.30584934,0.666544764,0.0,0.0303,0.810783285,0.0,0.00379,0.0,1514
k3418,0.0,0.0,0.49632037,0.661735036,0.0,0.0455,0.0,0.0,0.00184,0.075,1015
k2381,0.0,0.0,0.0866,0.722750965,0.0,0.181818182,0.0,0.0,0.00617,0.0,2895
k1788,0.0,0.0,0.39812705,0.766584225,0.0,0.0,0.0,0.0,0.00998,0.025,3422
k910,0.0,0.0,0.25,0.702363624,0.0,0.0,0.0,0.0,0.0539,0.0,3263
k3212,0.0,0.0,0.23955464,0.708167724,0.0,0.106060606,0.0,0.0,0.0185,0.175,591
k1983,0.0,0.0,0.3909252,0.72021042,0.0,0.0152,0.0,0.0,0.00394,0.05,432
k1745,0.0,0.0,0.41439745,0.714428946,0.0,0.0,0.0,0.0,0.0117,0.0,318
k2197,0.0,0.0833,0.10614902,0.894613445,0.161290323,0.348484848,0.0,0.807713264,0.037,0.1,2537
k146,0.0,0.0,0.30095625,0.689809749,0.0,0.0303,0.0,0.0,0.00535,0.025,1706
k839,0.0,0.0,0.46260667,0.706787784,0.0,0.0,0.0,0.0,0.0691,0.0,2136
k1446,0.0,0.0,0.18899278,0.784987836,0.0,0.121212121,0.0,0.0,0.018,0.15,503
k2958,0.0,0.0,0.50774783,0.676524747,0.0,0.212121212,0.0,0.0,0.00322,0.0,1688
k1536,0.0,0.0,0.40786129,0.866200103,0.0,0.106060606,0.0,0.0,0.0415,0.025,1128
k1313,0.0,0.0,0.39925298,0.65012362,0.0,0.0606,0.756198033,0.0,0.00309,0.025,199
k2356,0.0,0.0,0.30234215,0.707153252,0.0,0.181818182,0.850061562,0.0,0.00513,0.0,1497
k3376,0.111111111,0.0,0.30658165,0.698271048,0.0,0.242424242,0.0,0.0,0.00392,0.0,70
k1738,0.111111111,0.0,0.21243633,0.749673303,0.0323,0.106060606,0.0,0.0,0.00815,0.15,2961
k1845,0.0,0.0,0.20859778,0.682638113,0.0,0.0758,0.814841838,0.0,0.00428,0.0,2556
k1439,0.0,0.0,0.32413033,0.777571292,0.0323,0.212121212,0.0,0.0,0.00883,0.025,3041
k2395,0.111111111,0.0,0.16952612,0.815354395,0.0323,0.0455,0.0,0.0,0.0121,0.05,109
k1056,0.0,0.0,0.0829,0.69159635,0.0,0.242424242,0.0,0.0,0.00597,0.0,313
k1308,0.0,0.0,0.24833633,0.749213157,0.0323,0.0606,0.0,0.0,0.00981,0.075,2656
k1638,0.0,0.0,0.19422267,0.722146447,0.0,0.106060606,0.0,0.0,0.00917,0.075,2268
k166,0.111111111,0.0,0.18185923,0.75223211,0.0,0.166666667,0.0,0.0,0.0103,0.075,2375
k704,0.0,0.0,0.29497591,0.735444848,0.0,0.0,0.0,0.0,0.0198,0.05,1794
k2332,0.0,0.0,0.36097363,0.652072855,0.0,0.151515152,0.0,0.0,0.00228,0.0,1872
k3181,0.0,0.0,0.48711064,0.693228396,0.0,0.0606,0.0,0.0,0.0036,0.025,2210
k2720,0.111111111,0.0,0.29544041,0.675140979,0.0,0.121212121,0.0,0.0,0.00534,0.025,255
k2694,0.111111111,0.0,0.26671296,0.77384361,0.0,0.181818182,0.0,0.0,0.00597,0.05,1955
k372,0.0,0.0833,0.56674802,0.94889005,0.129032258,0.0606,0.0,0.0,0.00288,0.05,2622
k807,0.0,0.0,0.46350873,0.631229848,0.0,0.0303,0.0,0.0,0.00225,0.05,985
k2521,0.0,0.0,0.24729981,0.675745229,0.0,0.0455,0.0,0.0,0.00748,0.0,3358
k2914,0.222222222,0.0833,0.28120536,0.703920363,0.0,0.151515152,0.0,0.0,0.0105,0.0,938
k727,0.0,0.0,0.29284191,0.721778874,0.0,0.0303,0.0,0.0,0.0124,0.0,444
k2093,0.0,0.0,0.18808846,0.793306869,0.0,0.121212121,0.0,0.0,0.0211,0.15,1272
k2245,0.111111111,0.0,0.29342994,0.691976595,0.0,0.0303,0.0,0.0,0.00955,0.025,2018
k2865,0.0,0.0,0.5197565,0.709815466,0.0,0.0152,0.841534042,0.0,0.00501,0.0,1825
k3086,0.0,0.166666667,0.18062124,0.817197122,0.0968,0.0758,0.0,0.0,0.00956,0.2,3224
k140,0.0,0.0,0.12512058,0.620890599,0.0,0.0303,0.757733291,0.42046634,0.0173,0.075,556
k2492,0.0,0.0,0.15106998,0.755931615,0.0,0.196969697,0.0,0.0,0.0174,0.125,189
k2422,0.111111111,0.0,0.14398926,0.688347496,0.0,0.166666667,0.83802271,0.0,0.00536,0.0,301
k2142,0.111111111,0.0,0.34071866,0.751134866,0.0,0.136363636,0.0,0.0,0.00899,0.075,1067
k3268,0.0,0.25,0.26850837,0.956084044,0.258064516,0.318181818,0.0,0.0,0.0141,0.05,3097
k2812,0.0,0.0,0.23646246,0.808990647,0.0,0.181818182,0.0,0.0,0.0088,0.0,1783
k2311,0.0,0.0,0.26440412,0.795403157,0.0,0.136363636,0.0,0.0,0.0484,0.15,2681
k2824,0.0,0.0,0.43275324,0.79322226,0.0,0.0,0.0,0.0,0.0135,0.075,2598
k2725,0.0,0.0,0.34271887,0.610542468,0.0,0.0,0.0,0.0,0.0142,0.05,131
k204,0.222222222,0.0,0.25175974,0.718093305,0.0,0.242424242,0.0,0.0,0.00958,0.075,2055
k577,0.0,0.0,0.30283833,0.760490691,0.0323,0.0606,0.0,0.0,0.00769,0.0,174
k3229,0.111111111,0.0,0.27005157,0.706024958,0.0,0.0455,0.0,0.0,0.0206,0.05,2706
k2974,0.0,0.0,0.5841096,0.707798237,0.0,0.0303,0.0,0.0,0.00884,0.025,183
k487,0.0,0.0833,0.23196673,0.746376708,0.0323,0.136363636,0.0,0.0,0.0135,0.0,2342
k115,0.0,0.0,0.10925028,0.866381458,0.0,0.424242424,0.0,0.292019887,0.114031193,0.375,126
k2366,0.111111111,0.0,0.23510091,0.72334886,0.0,0.0606,0.864410902,0.0,0.00499,0.025,3245
k1247,0.0,0.0,0.20899457,0.731242854,0.0,0.0303,0.0,0.0,0.00659,0.0,1856
k667,0.0,0.0,0.12960328,0.77140785,0.0,0.227272727,0.0,0.0,0.0201,0.15,407
k1008,0.0,0.0,0.15730372,0.858951706,0.0323,0.121212121,0.0,0.0,0.0114,0.025,76
k1970,0.0,0.0,0.55495328,0.722926156,0.0,0.0455,0.0,0.0,0.00394,0.025,3148
k603,0.0,0.0,0.11893397,0.976060857,0.322580645,0.0303,0.0,0.0,0.00964,0.2,3195
k1269,0.0,0.0,0.27732268,0.718595641,0.0,0.0455,0.0,0.0,0.00581,0.0,2588
k2833,0.0,0.0,0.33934692,0.832289054,0.0,0.0455,0.0,0.0,0.0197,0.075,1640
k116,0.0,0.166666667,0.17167744,0.952437488,0.258064516,0.439393939,0.0,0.0,0.0304,0.125,1451
k966,0.0,0.0833,0.25523627,0.815180237,0.0,0.0,0.0,0.0,0.0066,0.0,461
k1202,0.222222222,0.0,0.22346088,0.683586391,0.0,0.242424242,0.0,0.0,0.00683,0.025,2005
k1045,0.0,0.0,0.18777208,0.62644378,0.0,0.121212121,0.0,0.0,0.00633,0.05,79
k2451,0.0,0.0,0.31282336,0.698411171,0.0,0.0152,0.0,0.0,0.00995,0.025,3252
k3197,1.0,0.0,0.11256777,0.740323029,0.0,0.303030303,0.0,0.0,0.0219,0.025,2546
k3000,0.333333333,0.0,0.1471795,0.745978737,0.0,0.393939394,0.0,0.0,0.0086,0.075,2287
k2507,0.0,0.0,0.18205972,0.868540112,0.0,0.196969697,0.0,0.0,0.0191,0.15,610
k2203,0.0,0.0,0.18973297,0.792140406,0.0323,0.196969697,0.0,0.0,0.00829,0.15,3342
k2129,0.0,0.0,0.23844633,0.774331665,0.0323,0.0606,0.0,0.0,0.00685,0.0,3402
k3288,0.0,0.416666667,0.33224553,0.89802187,0.0645,0.0758,0.876358551,0.0,0.00885,0.0,755
k171,0.0,0.0,0.32775626,0.589389736,0.0,0.0,0.0,0.0,0.00787,0.0,1913
k786,0.0,0.0,0.66724962,0.678418968,0.0,0.0,0.0,0.0,0.00601,0.025,2989
k203,0.111111111,0.0,0.15213189,0.759909718,0.129032258,0.0606,0.0,0.0,0.012,0.125,1466
k551,0.0,0.333333333,0.16190629,0.93213667,0.193548387,0.257575758,0.0,0.0,0.0148,0.175,1569
k536,0.0,0.0,0.31711775,0.745799449,0.0,0.0,0.869639898,0.0,0.00573,0.05,2428
k373,0.111111111,0.0,0.2887314,0.768867917,0.0645,0.212121212,0.0,0.0,0.00525,0.05,574
k480,0.0,0.0,0.25516704,0.754343941,0.0,0.272727273,0.0,0.0,0.0126,0.0,3006
k3166,0.0,0.0,0.35051069,0.718099622,0.0,0.0303,0.0,0.0,0.00629,0.0,932
k3204,0.777777778,0.0,0.0766,0.751388158,0.0,0.318181818,0.0,0.0,0.0339,0.05,322
k2216,0.0,0.0,0.44390848,0.790729724,0.0,0.0303,0.0,0.0,0.0167,0.025,2249
k2682,0.0,0.0,0.30207098,0.754816453,0.0,0.0758,0.0,0.0,0.0101,0.1,207
k85,0.0,0.0,0.40803957,0.727538258,0.0323,0.196969697,0.0,0.0,0.00526,0.0,1618
k3431,0.0,0.0,0.51198536,0.679353463,0.0,0.0303,0.818991594,0.0,0.00423,0.0,992
k3324,0.0,0.0,0.30670416,0.724563217,0.0,0.151515152,0.831836077,0.0,0.00533,0.025,1337
k1040,0.0,0.0,0.61155969,0.668581365,0.0,0.0606,0.0,0.0,0.00236,0.0,61
k1873,0.0,0.0,0.43082532,0.690039611,0.0,0.166666667,0.0,0.0,0.00314,0.025,2847
k3301,0.0,0.333333333,0.50151795,0.922774911,0.0968,0.212121212,0.0,0.0,0.00532,0.05,3192
k3422,0.0,0.0,0.35667014,0.733212725,0.0323,0.0606,0.0,0.0,0.00773,0.075,827
k49,0.0,0.0,0.90921986,0.602509882,0.0,0.0,0.0,0.0,0.00691,0.0,2764
k864,0.444444444,0.0833,0.14684416,0.719662563,0.0,0.212121212,0.0,0.0,0.0132,0.0,1885
k318,0.0,0.0,0.24298482,0.74605523,0.0323,0.151515152,0.0,0.0,0.0388,0.05,934
k905,0.0,0.0,0.20775697,0.860697955,0.0,0.0758,0.0,0.0,0.0454,0.0,2482
k2915,0.0,0.0,0.38792884,0.689852551,0.0,0.0303,0.0,0.0,0.00421,0.025,2398
k3055,0.0,0.0,0.0544,0.874205927,0.0,0.318181818,0.828279143,0.800485949,0.088,0.325,1565
k897,0.333333333,0.0,0.22335936,0.778091124,0.0,0.0909,0.0,0.0,0.0101,0.15,2051
k1223,0.0,0.0,0.24928126,0.675146454,0.0,0.0303,0.0,0.0,0.00748,0.0,781
k101,0.0,0.0,0.34334135,0.672037608,0.0,0.121212121,0.0,0.0,0.00566,0.0,924
k3383,0.111111111,0.0,0.13455696,0.840114595,0.0645,0.242424242,0.0,0.0,0.0121,0.35,913
k1852,0.222222222,0.0,0.15093935,0.802737159,0.0,0.151515152,0.0,0.0,0.0126,0.275,2190
k618,0.0,0.0,0.19010663,0.71513645,0.0,0.0606,0.0,0.0,0.00373,0.0,2724
k2852,0.0,0.0,0.27236968,0.788457057,0.0,0.0909,0.0,0.0,0.0139,0.0,933
k968,0.0,0.0,0.5,0.56901143,0.0,0.0909,0.0,0.0,0.0016,0.0,1754
k631,0.111111111,0.0,0.28311017,0.77350743,0.0645,0.212121212,0.0,0.0,0.00889,0.05,505
k1376,0.0,0.0833,0.42629027,0.924193173,0.0968,0.348484848,0.0,0.0,0.00445,0.05,2291
k2264,0.0,0.0,0.46598119,0.59245934,0.0,0.0,0.0,0.0,0.00995,0.0,1136
k2283,0.0,0.0,0.27608192,0.728426849,0.0,0.0152,0.0,0.0,0.0114,0.05,661
k2979,0.111111111,0.0,0.29550472,0.710348928,0.0,0.121212121,0.0,0.0,0.00591,0.025,308
k1881,0.0,0.0,0.20508339,0.742109362,0.0,0.515151515,0.902077918,0.0,0.00905,0.0,1442
k3310,0.0,0.0,0.37119555,0.621050055,0.0,0.0606,0.750117804,0.0,0.00298,0.025,974
k1139,0.444444444,0.0,0.27452752,0.800475212,0.0645,0.166666667,0.0,0.0,0.00553,0.05,1368
k677,0.0,0.0,0.23056243,0.800056797,0.0,0.0152,0.840500403,0.0,0.00674,0.0,546
k645,0.0,0.0,0.22446679,0.824241155,0.0323,0.0152,0.0,0.0,0.0107,0.025,173
k2983,0.666666667,0.0,0.1118523,0.741541521,0.0,0.303030303,0.0,0.0,0.0219,0.025,224
k2971,0.0,0.0,0.36451063,0.668783816,0.0,0.227272727,0.0,0.0,0.00404,0.05,3162
k696,0.111111111,0.0,0.27571788,0.728807822,0.0,0.136363636,0.0,0.0,0.00656,0.025,3185
k1807,0.0,0.0,0.27695858,0.69385577,0.0,0.0758,0.843768526,0.0,0.00678,0.075,2894
k1711,0.0,0.0,0.20296879,0.841508241,0.0,0.0303,0.0,0.0,0.0191,0.0,2823
k357,0.0,0.0,0.27359873,0.717328144,0.0323,0.0152,0.0,0.0,0.0143,0.05,229
k1600,0.0,0.0,0.1479491,0.858217441,0.129032258,0.515151515,0.0,0.0,0.0343,0.3,818
k2342,0.111111111,0.0,0.14854632,0.817392988,0.0968,0.151515152,0.856202593,0.0,0.0081,0.125,1961
k1627,0.444444444,0.0833,0.174456,0.718077991,0.0,0.227272727,0.0,0.0,0.00981,0.0,2535
k2756,0.0,0.0,0.21042526,0.700524993,0.0,0.121212121,0.0,0.0,0.0111,0.0,897
k1909,0.666666667,0.0,0.0771,0.782901885,0.0645,0.242424242,0.0,0.0,0.0254,0.5,1379
k2301,0.0,0.0833,0.29281637,0.789483743,0.0,0.166666667,0.0,0.0,0.0121,0.075,3154
k348,0.0,0.0,0.4468284,0.75453104,0.0323,0.0,0.782738231,0.0,0.0111,0.0,1941
k1451,0.0,0.0,0.33048257,0.697512893,0.0,0.0,0.0,0.0,0.00559,0.0,743
k2000,0.0,0.0,0.0921,0.737900592,0.0,0.136363636,0.0,0.0,0.00475,0.0,1218
k1173,0.0,0.0,0.30572543,0.849935506,0.0,0.0455,0.0,0.0,0.0222,0.075,1390
k2954,0.222222222,0.0,0.30267963,0.722388063,0.0,0.0909,0.0,0.0,0.00484,0.0,3344
k613,0.0,0.0,0.3124651,0.781754603,0.0323,0.0,0.78430389,0.0,0.00819,0.0,2227
k2505,0.111111111,0.0,0.3182216,0.666171142,0.0,0.106060606,0.0,0.0,0.00352,0.0,3373
k2096,0.0,0.0,0.28295147,0.7933169,0.0323,0.212121212,0.0,0.0,0.0163,0.025,358
k1815,0.222222222,0.0,0.19579081,0.736769849,0.0,0.212121212,0.0,0.0,0.0132,0.175,719
k1892,0.111111111,0.0,0.25839573,0.703484222,0.0,0.0606,0.0,0.604134924,0.00793,0.075,1150
k3330,0.111111111,0.0,0.38080671,0.673757824,0.0,0.121212121,0.0,0.0,0.00374,0.025,2907
k1134,0.0,0.0,0.0878,0.795271342,0.0,0.454545455,0.0,0.0,0.0444,0.45,3072
k1020,0.0,0.0,0.21651529,0.727842584,0.0,0.0455,0.0,0.0,0.00659,0.0,2599
k515,0.111111111,0.0,0.24423306,0.753862165,0.0323,0.0455,0.833857753,0.0,0.00826,0.025,3065
k766,0.0,0.0,0.29478845,0.657350386,0.0,0.0606,0.0,0.0,0.00624,0.1,887
k825,0.0,0.0,0.22452363,0.719858084,0.0,0.0152,0.0,0.0,0.00939,0.0,1407
k2473,0.0,0.0,0.17669615,0.866487622,0.0,0.106060606,0.0,0.0,0.0521,0.0,261
k3280,0.0,0.0,0.34189841,0.810514614,0.0,0.0152,0.0,0.0,0.00628,0.05,2121
k1322,0.0,0.0,0.0711,0.727102384,0.0,0.333333333,0.0,0.0,0.00654,0.0,1439
k2575,0.111111111,0.0,0.45188531,0.688408101,0.0,0.151515152,0.0,0.0,0.00314,0.025,124
k390,0.111111111,0.0833,0.14543043,0.837359081,0.0,0.121212121,0.0,0.0,0.0117,0.05,826
k1043,0.222222222,0.0,0.30051982,0.718942119,0.0,0.121212121,0.0,0.0,0.0073,0.05,2405
k585,0.0,0.0,0.13824895,0.865401595,0.0,0.242424242,0.0,0.0,0.0702,0.1,2062
k1877,0.0,0.25,0.0628,0.844888182,0.580645161,0.196969697,0.0,0.0,0.066,0.575,1912
k2863,0.0,0.0833,0.19404997,0.850035008,0.0,0.0,0.0,0.0,0.00564,0.0,3160
k2498,0.0,0.0,0.48149928,0.550299472,0.0,0.0,0.0,0.0,0.0029,0.0,1165
k2532,0.0,0.0833,0.22085139,0.736296227,0.0,0.151515152,0.0,0.0,0.0129,0.025,450
k3032,0.0,0.0,0.83342326,0.73572628,0.0,0.0,0.0,0.0,0.00461,0.025,2698
k1702,0.0,0.0,0.33294484,0.794036158,0.0,0.0152,0.0,0.0,0.0167,0.05,3390
k543,0.222222222,0.0,0.24389245,0.749545508,0.0,0.212121212,0.0,0.0,0.00934,0.125,2469
k218,0.0,0.0,0.20265381,0.686791293,0.0,0.136363636,0.0,0.0,0.00582,0.1,292
k1677,0.0,0.0,0.29878113,0.853402162,0.0,0.151515152,0.0,0.0,0.043,0.0,1227
k2679,0.0,0.0,0.26878384,0.805263386,0.0,0.0,0.0,0.0,0.0104,0.0,1528
k1478,0.0,0.0,0.32854581,0.764585143,0.0323,0.166666667,0.0,0.0,0.0107,0.025,2306
k2557,0.0,0.0,0.23290905,0.812473536,0.0,0.166666667,0.0,0.0,0.0088,0.0,2427
k510,0.0,0.0,0.2709913,0.697765573,0.0,0.0152,0.0,0.0,0.0145,0.0,1271
k273,0.0,0.333333333,0.21075535,0.982245662,0.322580645,0.242424242,0.0,0.0,0.00846,0.1,471
k2662,0.0,0.0,0.30725044,0.687055612,0.0,0.0303,0.799641267,0.0,0.00367,0.0,1235
k2122,0.0,0.0,0.29758841,0.667142161,0.0,0.0303,0.811801724,0.0,0.00379,0.0,3002
k1818,0.0,0.0,0.33038825,0.677130376,0.0,0.0606,0.0,0.0,0.00585,0.1,850
k1290,0.111111111,0.0,0.30250075,0.697084524,0.0,0.227272727,0.0,0.0,0.00486,0.025,3102
k620,0.0,0.416666667,0.0439,0.950269799,1.0,0.393939394,0.0,0.429146808,0.0619,0.8,35
k2383,0.0,0.0,0.36677521,0.74079064,0.0,0.242424242,0.0,0.0,0.00611,0.0,840
k288,0.0,0.0,0.12748785,0.727099743,0.0,0.0606,0.0,0.0,0.019,0.0,2518
k3205,0.0,0.0,0.30049419,0.677892091,0.0,0.242424242,0.0,0.0,0.00709,0.025,121
k1794,0.0,0.0,0.33931082,0.726855677,0.0,0.0758,0.0,0.0,0.00773,0.075,833
k1334,0.0,0.0,0.11231936,0.858765948,0.0,0.46969697,0.0,0.0,0.0384,0.075,3028
k2454,0.0,0.0,0.0732,0.757949419,0.0,0.196969697,0.0,0.0,0.00665,0.0,2305
k3421,0.0,0.0,0.56622589,0.55807153,0.0,0.0,0.0,0.0,0.00321,0.025,989
k2094,0.0,0.0,0.14599349,0.758983416,0.0645,0.181818182,0.0,0.0,0.023,0.05,1338
k925,0.0,0.333333333,0.0951,0.800857946,0.258064516,0.272727273,0.0,0.367032678,0.0594,0.35,2087
k418,0.111111111,0.0,0.18722054,0.737402851,0.0,0.166666667,0.0,0.0,0.0193,0.05,377
k1108,0.0,0.0,0.17525837,0.81442124,0.0645,0.121212121,0.0,0.0,0.0173,0.05,1807
k2598,0.0,0.0,0.10830794,0.920189342,0.0,0.212121212,0.0,0.0,0.0068,0.0,1469
k397,0.111111111,0.0,0.25120348,0.689953049,0.0,0.227272727,0.765759193,0.0,0.00443,0.025,2397
k2370,0.0,0.0,0.17949471,0.854539299,0.0,0.151515152,0.0,0.0,0.0503,0.15,26
k1476,0.0,0.0,0.21694867,0.773034421,0.0,0.0152,0.0,0.0,0.00803,0.075,1310
k3272,0.0,0.0,0.18353787,0.860143514,0.0,0.151515152,0.0,0.0,0.0248,0.1,2810
k646,0.111111111,0.0,0.24385181,0.824115925,0.0,0.272727273,0.0,0.0,0.00829,0.1,3235
k1250,0.333333333,0.0833,0.17291306,0.741338611,0.0,0.272727273,0.0,0.0,0.00853,0.025,3356
k2637,0.222222222,0.0,0.0643,0.738292093,0.0,0.393939394,0.916396857,0.0,0.0379,0.0,2723
k617,0.0,0.0,0.35331458,0.865537583,0.0,0.0909,0.0,0.0,0.0332,0.025,1402
k29,0.0,0.0,0.46367687,0.661821292,0.0,0.0152,0.0,0.0,0.0117,0.0,2304
k2564,0.0,0.0,0.12107301,0.741987578,0.0,0.0,0.0,0.0,0.00471,0.0,2258
k1104,0.0,0.0,0.69134468,0.67388872,0.0,0.0,0.0,0.0,0.0289,0.025,347
k1886,0.0,0.0,0.20329876,0.865364459,0.0,0.166666667,0.0,0.0,0.0457,0.075,379
k2238,0.222222222,0.0,0.14378211,0.770912291,0.0,0.212121212,0.0,0.0,0.0138,0.2,44
k2747,0.111111111,0.0833,0.12880948,0.837434502,0.0,0.0909,0.902792345,0.437228882,0.0124,0.05,2644
k163,0.0,0.0,0.30538207,0.70404142,0.0,0.196969697,0.0,0.0,0.00449,0.0,3107
k231,0.0,0.0,0.46781567,0.607483737,0.0,0.0,0.0,0.0,0.00572,0.0,2539
k2089,0.0,0.0,0.17320754,0.699613239,0.0,0.0909,0.0,0.0,0.0102,0.025,2490
k3415,0.0,0.0,0.33901042,0.829463095,0.0323,0.136363636,0.0,0.0,0.0051,0.025,2954
k76,0.0,0.0,0.0876,0.807263195,0.0,0.257575758,0.0,0.0,0.00515,0.0,2234
k1321,0.111111111,0.0,0.27588081,0.709145405,0.0,0.0606,0.0,0.0,0.00793,0.05,1433
k1348,0.222222222,0.0,0.1807671,0.773902492,0.0,0.303030303,0.0,0.0,0.00985,0.1,409
k994,0.0,0.0,0.27625227,0.709794563,0.0,0.0303,0.749357776,0.0,0.00759,0.0,1849
k676,0.0,0.0,0.26033407,0.69539352,0.0,0.0152,0.0,0.0,0.0051,0.05,1717
k2143,0.0,0.25,0.22752137,0.874623539,0.0,0.106060606,0.0,0.0,0.0328,0.0,925
k1429,0.0,0.0,0.15098579,0.723893156,0.0323,0.272727273,0.0,0.369938651,0.0181,0.075,506
k3271,0.0,0.0,0.18677096,0.784699972,0.0,0.363636364,0.0,0.0,0.0145,0.025,402
k1567,0.0,0.0,0.15736248,0.71920391,0.0323,0.0,0.0,0.0,0.0193,0.025,778
k1932,0.222222222,0.0,0.17907771,0.744178161,0.0,0.181818182,0.0,0.0,0.0217,0.025,240
k136,0.0,0.0,0.28761789,0.67022237,0.0,0.0303,0.0,0.0,0.0134,0.125,1100
k1352,0.0,0.0,0.20764637,0.480261562,0.0,0.0,0.687126636,0.0,0.00386,0.05,336
k172,0.222222222,0.0,0.14200121,0.774856168,0.0,0.0606,0.0,0.0,0.00663,0.25,2519
k1680,0.0,0.0,0.19190758,0.837068116,0.0,0.257575758,0.0,0.0,0.0129,0.0,852
k35,0.0,0.0,0.36723527,0.746980154,0.0,0.303030303,0.0,0.0,0.00844,0.05,203
k1961,0.333333333,0.0,0.082,0.745486929,0.0,0.287878788,0.866356575,0.0,0.0312,0.025,3225
k282,0.111111111,0.0,0.29369074,0.777971675,0.0,0.272727273,0.0,0.0,0.00829,0.075,594
k3140,0.0,0.0,0.38465032,0.877730547,0.0,0.0758,0.0,0.0,0.00824,0.05,903
k2516,0.444444444,0.0,0.17166196,0.785512071,0.0,0.393939394,0.0,0.0,0.01,0.0,376
k1224,0.222222222,0.0,0.16309758,0.840812797,0.0645,0.287878788,0.0,0.0,0.00897,0.3,2486
k855,0.0,0.0,0.27537438,0.718069224,0.0,0.151515152,0.0,0.0,0.00875,0.0,2970
k2008,0.222222222,0.0,0.28735113,0.800211889,0.0323,0.0303,0.0,0.0,0.0109,0.0,2285
k1163,0.333333333,0.0,0.16044872,0.878460601,0.129032258,0.242424242,0.0,0.0,0.0174,0.175,3361
k1604,0.0,0.0,0.35027826,0.719028451,0.0,0.0758,0.0,0.0,0.00773,0.075,1982
k1463,0.0,0.166666667,0.16578324,0.843936535,0.129032258,0.151515152,0.0,0.0,0.0302,0.075,589
k598,0.0,0.0,0.0672,0.867137508,0.0,0.257575758,0.0,0.0,0.0279,0.0,1166
k987,0.0,0.0,0.38413402,0.820487592,0.0,0.136363636,0.0,0.0,0.0348,0.0,2331
k2554,0.0,0.0,0.27948022,0.750407913,0.0,0.0,0.0,0.0,0.00893,0.0,1231
k3158,0.111111111,0.0,0.21911402,0.736581717,0.0,0.0152,0.0,0.34110265,0.0194,0.025,3173
k2015,0.222222222,0.0,0.2281765,0.783118578,0.0,0.227272727,0.0,0.0,0.00603,0.0,1256
k211,0.0,0.0,0.18994133,0.713686947,0.0,0.0,0.0,0.0,0.00803,0.175,140
k1708,0.0,0.0,0.25,0.724979986,0.0,0.0,0.0,0.0,0.158111042,0.0,3169
k686,0.0,0.0,0.23712471,0.751031803,0.0,0.257575758,0.0,0.0,0.0144,0.0,3240
k381,0.0,0.0,0.069,0.858643896,0.0,0.136363636,0.855624971,0.749436883,0.076,0.225,973
k884,0.0,0.0,0.0546,0.874205927,0.258064516,0.287878788,0.824965419,0.803127086,0.0953,0.3,1749
k664,0.0,0.0,0.64311594,0.6170548,0.0,0.0909,0.0,0.0,0.0017,0.0,2916
k1384,0.0,0.0,0.31951272,0.83534813,0.0,0.136363636,0.0,0.0,0.0452,0.0,1738
k3079,0.0,0.0,0.1639992,0.749151212,0.0,0.606060606,0.0,0.0,0.019,0.0,378
k2002,0.0,0.0,0.46015128,0.66995116,0.0,0.0,0.0,0.0,0.00361,0.0,2396
k316,0.0,0.0833,0.28000006,0.838634081,0.0,0.196969697,0.0,0.0,0.0172,0.025,2610
k3209,0.0,0.583333333,0.052,0.957098976,0.806451613,0.409090909,0.0,0.0,0.0481,0.55,535
k1253,0.111111111,0.0,0.35632044,0.730465097,0.0,0.0455,0.0,0.0,0.0124,0.025,438
k2944,0.111111111,0.0,0.22868696,0.722461991,0.0,0.121212121,0.842081262,0.0,0.011,0.025,1387
k2929,0.111111111,0.0,0.1848665,0.737346266,0.0,0.242424242,0.0,0.0,0.011,0.1,1209
k607,0.111111111,0.0,0.28119814,0.683730801,0.0,0.0606,0.0,0.0,0.0052,0.025,553
k2439,0.0,0.0833,0.17575203,0.773501037,0.0,0.0303,0.759542159,0.0,0.026,0.0,2419
k2211,0.0,0.0,0.17096667,0.792977083,0.0,0.242424242,0.0,0.0,0.0167,0.15,405
k15,0.0,0.0,0.15170674,0.769631547,0.129032258,0.0455,0.809354432,0.0,0.00905,0.15,3150
k778,0.0,0.0,0.52580231,0.710429785,0.0,0.0,0.0,0.0,0.0121,0.025,490
k307,0.0,0.0,0.23846792,0.748828241,0.0,0.272727273,0.0,0.0,0.0124,0.0,98
k2006,0.0,0.0,0.56433839,0.707184186,0.0,0.0,0.0,0.0,0.0121,0.025,2543
k1103,0.0,0.0,0.38298416,0.674821224,0.0,0.0455,0.0,0.0,0.00748,0.0,2297
k749,0.0,0.0,0.0918,0.757585942,0.0323,0.151515152,0.845440589,0.115083728,0.0172,0.025,954
k2193,0.0,0.0,0.29161802,0.792984626,0.0,0.0909,0.0,0.0,0.0114,0.1,1236
k506,0.111111111,0.0,0.16983883,0.805636893,0.0645,0.181818182,0.0,0.0,0.00683,0.225,988
k2859,0.111111111,0.0833,0.24738038,0.823592532,0.0323,0.227272727,0.0,0.0,0.00764,0.225,144
k354,0.222222222,0.0,0.17943721,0.770159151,0.0,0.181818182,0.0,0.0,0.0237,0.05,2246
k371,0.333333333,0.0,0.15911637,0.813265956,0.0645,0.318181818,0.0,0.0,0.0195,0.125,2674
k591,0.0,0.0,0.22357543,0.822428366,0.0,0.0,0.0,0.0,0.00777,0.0,3369
k3157,0.0,0.0,0.44192213,0.665035919,0.0,0.0,0.0,0.0,0.0264,0.075,3318
k2373,0.0,0.0,0.12954144,0.722036454,0.0,0.0606,0.0,0.0,0.0133,0.05,2634
k685,0.0,0.0,0.18755724,0.664345873,0.0,0.0606,0.0,0.0,0.00595,0.0,2237
k2317,0.0,0.0,0.32640338,0.754960328,0.0,0.121212121,0.0,0.0,0.00798,0.1,2187
k1225,0.111111111,0.0,0.28701153,0.754324646,0.0,0.272727273,0.0,0.0,0.00415,0.0,2036
k2344,0.0,0.0,0.42801833,0.6998918,0.0,0.0303,0.0,0.0,0.00641,0.1,373
k2345,0.222222222,0.0,0.12168259,0.828038516,0.0,0.242424242,0.0,0.0,0.0246,0.2,1291
k3043,0.222222222,0.0,0.25314751,0.761575799,0.0,0.0909,0.0,0.0,0.0117,0.05,3426
k1129,0.0,0.0,0.24230188,0.877546971,0.0,0.0303,0.0,0.0,0.00774,0.125,1493
k809,0.0,0.0,0.27008867,0.723875238,0.0323,0.0152,0.793667442,0.0,0.0293,0.0,2719
k244,0.0,0.416666667,0.18537413,0.900759582,0.0,0.151515152,0.0,0.0,0.0105,0.05,226
k1652,0.111111111,0.0,0.19445109,0.749031342,0.0323,0.0758,0.776505997,0.0,0.0181,0.1,1260
k2918,0.111111111,0.0,0.17767194,0.927915879,0.0323,0.257575758,0.0,0.0,0.0124,0.125,2725
k3099,0.444444444,0.0,0.17772439,0.809385326,0.129032258,0.196969697,0.0,0.0,0.00901,0.1,90
k3256,0.0,0.583333333,0.23865868,0.964539984,0.225806452,0.272727273,0.0,0.0,0.0109,0.025,46
k2842,0.0,0.0,0.28621086,0.81271362,0.0,0.136363636,0.962530591,0.0,0.0101,0.0,1866
k836,0.0,0.0,0.24148561,0.763929859,0.0323,0.166666667,0.0,0.0,0.00547,0.0,1055
k3320,0.0,0.0,0.25504512,0.746780422,0.0,0.242424242,0.0,0.0,0.0111,0.0,1106
k489,0.0,0.0,0.26698723,0.867533565,0.0645,0.136363636,0.0,0.0,0.00621,0.075,1346
k3417,0.0,0.0,0.2314935,0.637636858,0.0,0.0152,0.0,0.0,0.00496,0.1,2097
k2052,0.222222222,0.0,0.20301662,0.724672291,0.0,0.257575758,0.0,0.0,0.0115,0.025,2645
k1633,0.0,0.0833,0.19521385,0.749357032,0.0,0.121212121,0.0,0.740269354,0.0133,0.075,3167
k2900,0.0,0.0,0.28033796,0.447936196,0.0,0.0,0.0,0.0,0.0034,0.0,337
k2215,0.333333333,0.0,0.18386249,0.738961351,0.0,0.227272727,0.0,0.0,0.0145,0.2,2884
k1887,0.0,0.166666667,0.27477151,0.914403389,0.161290323,0.0303,0.0,0.0,0.0104,0.075,97
k2067,0.0,0.0,0.1817745,0.694149759,0.0,0.0606,0.817881952,0.0,0.00455,0.0,215
k2621,0.0,0.0,0.30644083,0.728641895,0.0,0.0455,0.783635065,0.0,0.00434,0.0,1208
k771,0.0,0.0,0.19595765,0.700031195,0.0,0.0303,0.0,0.0,0.00373,0.0,1372
k68,0.0,0.0,0.33050403,0.751880042,0.0,0.196969697,0.0,0.0,0.00504,0.025,1813
k970,0.0,0.0,0.10732538,0.808868595,0.0,0.0303,0.0,0.0,0.00549,0.0,175
k516,0.0,0.0,0.29033163,0.689664534,0.0,0.0606,0.0,0.0,0.00993,0.05,872
k880,0.111111111,0.0,0.14275981,0.792431486,0.129032258,0.151515152,0.860960372,0.0,0.0081,0.125,1965
k2072,0.0,0.0,0.37761173,0.828609917,0.0,0.0303,0.0,0.0,0.0199,0.05,1164
k2539,0.222222222,0.0,0.23161699,0.826120559,0.0,0.227272727,0.0,0.0,0.00654,0.0,2010
k2442,0.0,0.0,0.72608948,0.791005911,0.0,0.0,0.0,0.0,0.0138,0.025,548
k3170,0.0,0.333333333,0.25,0.789830795,0.0,0.0,0.0,0.0,0.0479,0.0,1416
k1286,0.0,0.0,0.37171158,0.665818462,0.0,0.0303,0.0,0.0,0.00613,0.0,71
k764,0.0,0.0,0.35431659,0.793818853,0.0323,0.242424242,0.0,0.0,0.0102,0.0,2082
k1176,0.111111111,0.0,0.14863691,0.768104555,0.0,0.0,0.0,0.0,0.0128,0.25,1809
k555,0.0,0.0,0.119003,0.750072001,0.0968,0.121212121,0.729703437,0.413305656,0.025,0.15,3057
k1113,0.0,0.0833,0.2066773,0.785401619,0.0323,0.0606,0.85877149,0.202204384,0.0162,0.1,2809
k2254,0.0,0.0,0.14573109,0.742399447,0.0,0.196969697,0.85691702,0.0,0.00648,0.0,2008
k1951,0.0,0.0,0.60182774,0.729496796,0.0,0.0,0.0,0.0,0.0452,0.025,2472
k1756,0.0,0.0,0.23936985,0.72041643,0.0,0.196969697,0.833796951,0.0,0.00645,0.0,1625
k2874,0.0,0.0,0.19139941,0.78564021,0.129032258,0.0606,0.0,0.0,0.0177,0.1,2948
k1797,0.222222222,0.0,0.16198036,0.842841435,0.0323,0.257575758,0.0,0.0,0.0351,0.125,566
k1510,0.111111111,0.0,0.26495981,0.750043249,0.0,0.181818182,0.0,0.0,0.00709,0.225,1193
k1204,0.333333333,0.0,0.22556403,0.877733112,0.0,0.181818182,0.0,0.0,0.0119,0.075,1000
k332,0.0,0.0,0.17499353,0.814793369,0.0645,0.121212121,0.0,0.0,0.0193,0.05,3268
k3352,0.222222222,0.0833,0.25249997,0.702453325,0.0,0.136363636,0.839421162,0.0,0.0103,0.0,3125
k1401,0.0,0.0,0.46286419,0.834392195,0.0,0.0152,0.0,0.0,0.00741,0.025,483
k2328,0.111111111,0.0,0.23782143,0.806128892,0.0645,0.363636364,0.0,0.0,0.00854,0.075,3410
k1006,0.0,0.0,0.37245503,0.743707526,0.0323,0.0,0.0,0.0,0.0132,0.1,3083
k2313,0.111111111,0.0,0.33934793,0.704858801,0.0,0.0606,0.0,0.0,0.0109,0.025,995
k1222,0.0,0.0,0.26688284,0.870915803,0.0,0.212121212,0.0,0.0,0.0303,0.075,2659
k3153,0.0,0.0,0.2388712,0.749268747,0.0,0.0152,0.0,0.0,0.0163,0.15,1605
k1833,0.0,0.0833,0.34620836,0.72373278,0.0,0.0909,0.83697387,0.0,0.00992,0.025,686
k2970,0.0,0.0,0.47430465,0.679826855,0.0,0.151515152,0.0,0.0,0.00625,0.025,774
k1556,0.0,0.0,0.67058784,0.780528185,0.0,0.0,0.786067156,0.0,0.00777,0.0,278
k3046,0.0,0.25,0.1268777,0.933537131,0.225806452,0.318181818,0.0,0.731536553,0.0292,0.175,2382
k729,0.0,0.0,0.40462273,0.65732439,0.0,0.166666667,0.0,0.0,0.00407,0.0,2662
k27,0.0,0.0,0.20585038,0.720313559,0.0,0.212121212,0.0,0.0,0.00976,0.075,439
k922,0.222222222,0.0,0.15027331,0.740668626,0.0323,0.257575758,0.0,0.303051725,0.0195,0.2,1455
k45,0.111111111,0.0,0.16844825,0.786495111,0.0,0.196969697,0.791113746,0.0,0.0171,0.075,161
k985,0.0,0.0,0.23791128,0.750699452,0.0,0.257575758,0.0,0.0,0.0144,0.0,2606
k1590,0.111111111,0.0,0.2364769,0.723371409,0.0,0.121212121,0.85823947,0.0,0.0083,0.025,1884
k1972,0.0,0.0,0.46910271,0.661729102,0.0,0.0606,0.0,0.0,0.00348,0.025,2791
k1400,0.0,0.0,0.33835515,0.682054575,0.0,0.0152,0.0,0.0,0.0207,0.1,1766
k1648,0.222222222,0.0,0.23518866,0.69116488,0.0,0.0303,0.0,0.0,0.00361,0.1,3330
k2683,0.0,0.0,0.74772006,0.820342109,0.0323,0.0,0.0,0.0,0.0026,0.0,2447
k2754,0.0,0.0,0.21176051,0.690219703,0.0,0.0152,0.0,0.0,0.0115,0.0,645
k2600,0.0,0.0,0.42358157,0.765062708,0.0,0.0303,0.814674632,0.0,0.0212,0.0,1699
k901,0.0,0.0,0.15538995,0.723328109,0.0,0.0455,0.0,0.0,0.00763,0.125,542
k885,0.0,0.0,0.13946992,0.852671112,0.0645,0.272727273,0.0,0.0,0.0222,0.2,539
k2239,0.0,0.0,0.50965405,0.718835036,0.0,0.0,0.0,0.0,0.0166,0.025,1874
k1753,0.0,0.0,0.17546658,0.711316386,0.0,0.0152,0.792375393,0.0,0.00963,0.025,454
k106,0.0,0.416666667,0.20382327,0.933668869,0.129032258,0.121212121,0.0,0.0,0.00864,0.125,685
k424,0.0,0.0,0.12611844,0.916447112,0.161290323,0.0,0.0,0.0,0.0359,0.0,1667
k1486,0.0,0.0,0.58153236,0.697588927,0.0,0.0152,0.0,0.0,0.00822,0.025,481
k606,0.0,0.0,0.18138096,0.863429159,0.0,0.151515152,0.0,0.0,0.0248,0.1,452
k403,0.0,0.0833,0.52847141,0.943257543,0.0968,0.0455,0.0,0.0,0.00441,0.025,554
k2700,0.111111111,0.0833,0.10089995,0.837910153,0.129032258,0.136363636,0.916457659,0.497889281,0.0177,0.25,170
k1967,0.222222222,0.0,0.1456635,0.72530066,0.0,0.272727273,0.0,0.0,0.0158,0.05,2425
k2378,0.0,0.0,0.26497784,0.780910996,0.0,0.0303,0.0,0.0,0.0158,0.15,937
k2721,0.0,0.0,0.25558302,0.835997594,0.0,0.0909,0.0,0.0,0.0038,0.0,2921
k1681,0.0,0.0,0.21533325,0.761537821,0.0,0.166666667,0.897624151,0.0,0.0039,0.0,1279
k54,0.0,0.0,0.17530447,0.794854497,0.0,0.303030303,0.0,0.0,0.0294,0.25,1201
k2423,0.0,0.0,0.31648487,0.807215301,0.0323,0.151515152,0.0,0.0,0.0136,0.025,2828
k3341,0.333333333,0.0833,0.26696339,0.693469935,0.0,0.196969697,0.0,0.0,0.00812,0.0,520
k2928,0.0,0.0833,0.21453463,0.705566306,0.0,0.121212121,0.0,0.0,0.015,0.025,3179
k237,0.222222222,0.0,0.23939328,0.729920686,0.0,0.121212121,0.0,0.0,0.0123,0.0,3045
k1085,0.0,0.0,0.15635887,0.797696535,0.0323,0.272727273,0.0,0.0,0.016,0.2,3297
k176,0.0,0.0,0.22156937,0.487883275,0.0,0.0,0.687354645,0.0,0.00589,0.025,1713
k3201,0.0,0.0,0.34417313,0.802257947,0.0,0.0152,0.0,0.0,0.0134,0.075,345
k1022,0.0,0.0,0.12883912,0.872240612,0.0645,0.196969697,0.0,0.0,0.0445,0.225,2817
k1804,0.0,0.0,0.2219855,0.854116404,0.0,0.0606,0.0,0.0,0.0247,0.0,2667
