Key_2_8,D172,D207,D63,D586,D592,D76,D661,D929,D183,D444,Key_3_25
k1000,0.118016682,0.705213061,0.0,0.0,0.0,0.0,0.181818182,0.0,0.976739687,0.0,2820
k2294,0.0,0.705213061,0.0,0.0,0.0,0.0,0.227272727,0.0,0.976739687,0.0,2999
k3139,0.0,0.532589511,0.0,0.0,0.0,0.0638,0.0,0.0,0.976739687,0.0,1975
k404,0.0,0.705213061,0.0671,0.0,0.0,0.061,0.0,0.0,0.976739687,0.0,2758
k1767,0.0,0.685293747,0.0801,0.0,0.0,0.072,0.0909,0.0,0.976739687,0.0,688
k522,0.0,0.705213061,0.0377,0.0,0.0,0.0727,0.0,0.0,0.976739687,0.0,1997
k3410,0.212858262,0.705213061,0.0,0.0,0.0,0.0,0.0,0.0,0.976739687,0.0,2247
k210,0.0,0.705213061,0.0,0.0,0.0,0.0417,0.0909,0.0,0.976739687,0.0,1410
k2675,0.0,0.620918432,0.0,0.0,0.0,0.0638,0.0,0.0,0.976739687,0.0263,147
k1588,0.0,0.705213061,0.0,0.0,0.0,0.0,0.0,0.0,0.976739687,0.0,1957
k2511,0.0,0.837146999,0.0141,0.0,0.0,0.147637393,0.0,0.0,0.976739687,0.0,2738
k643,0.0,0.654942007,0.114722853,0.0,0.0,0.101620224,0.0,0.0,0.970489679,0.0,303
k1361,0.0,0.661608043,0.216136182,0.0,0.0,0.0957,0.0,0.0,0.917880673,0.0,1170
k1244,0.0,0.661734115,0.0,0.0,0.0,0.0453,0.0,0.0,0.976739687,0.0263,3324
k2717,0.0,0.705213061,0.0953,0.0,0.0,0.0453,0.0,0.0,0.976739687,0.0,1363
k39,0.095,0.705213061,0.045,0.0,0.0,0.0401,0.318181818,0.0,0.976739687,0.0,1780
k2316,0.0,0.705213061,0.0753,0.0,0.0,0.0443,0.181818182,0.0,0.976739687,0.0,1627
k2687,0.0,0.705213061,0.0,0.0,0.0,0.0655,0.136363636,0.0,0.976510609,0.0,3292
k1469,0.0,0.636377963,0.139578615,0.0,0.0,0.101620224,0.0909,0.0,0.976739687,0.0,1379
k1640,0.0,0.705213061,0.0753,0.0,0.0,0.0762,0.181818182,0.0,0.976739687,0.0,3197
k1792,0.0,0.705213061,0.0801,0.0,0.0,0.0685,0.0455,0.0,0.976739687,0.0,227
k3121,0.0,0.705213061,0.0379,0.0,0.0,0.0551,0.0,0.0,0.976739687,0.0,2849
k2322,0.0,0.705213061,0.0,0.0,0.0,0.0727,0.0,0.0,0.976739687,0.0,283
k820,0.0,0.705213061,0.19002758,0.0,0.0,0.134870448,0.181818182,0.0,0.976739687,0.0,741
k2115,0.0,0.705213061,0.0,0.0,0.0,0.00589,0.0,0.0,0.977285656,0.0,3248
k1895,0.0,0.777846067,0.140365811,0.0,0.0,0.0835,0.409090909,0.0,0.976739687,0.0,2937
k599,0.0,0.705213061,0.0574,0.0,0.0,0.0319,0.0,0.0,0.976739687,0.157894737,463
k2631,0.0,0.602937468,0.0702,0.0714,0.0,0.0926,0.0455,0.0,0.976739687,0.0,3244
k2415,0.0,0.705213061,0.254301458,0.0,0.0,0.159552008,0.0,0.0,0.976739687,0.0526,3090
k1538,0.0682,0.705213061,0.0,0.0,0.0,0.0,0.0,0.0,0.976739687,0.0,2902
k1708,0.0,0.705213061,0.0,0.0,0.0,0.0835,0.0,0.0,0.976739687,0.0,2629
k2997,0.0,0.755484115,0.0574,0.0,0.0,0.0957,0.0,0.0,0.965138166,0.0526,2267
k884,0.0,0.727181039,0.0438,0.0,0.0,0.107238764,0.0,0.0,0.976739687,0.0,1551
k2380,0.0,0.637969617,0.0,0.0,0.0,0.230747399,0.0,0.0,0.976739687,0.0263,2997
k171,0.0,0.679147756,0.0,0.0,0.0,0.105552454,0.0455,0.0,0.976739687,0.0263,2027
k745,0.0,0.705213061,0.0,0.0,0.0,0.0,0.0,0.0,0.976739687,0.0,2695
k3257,0.0,0.680660615,0.0829,0.0,0.0,0.072,0.0455,0.0,0.976739687,0.0263,1228
k1516,0.0,0.705213061,0.0379,0.0,0.0,0.0134,0.0,0.0,0.976739687,0.0,157
k2393,0.0,0.644556858,0.0,0.0,0.0,0.0718,0.0,0.0,0.976739687,0.0,2788
k1570,0.0,0.705213061,0.0574,0.0,0.0,0.100373735,0.0,0.0,0.976739687,0.0,292
k102,0.0,0.705213061,0.0,0.0,0.0,0.0134,0.0909,0.0,0.976739687,0.0,744
k723,0.138196932,0.705213061,0.0,0.0,0.0,0.0,0.0,0.0,0.976739687,0.0,776
k2367,0.0,0.705213061,0.0574,0.0,0.0,0.0319,0.0,0.0,0.976739687,0.0,1525
k3141,0.0,0.705213061,0.0,0.0,0.0,0.0,0.0,0.0,0.976739687,0.0,2906
k2878,0.0,0.705213061,0.0518,0.0,0.0,0.169512919,0.0,0.0,0.976739687,0.0,1830
k1026,0.0,0.640758951,0.0249,0.0,0.0,0.0512,0.0455,0.0,0.976739687,0.0263,3229
k906,0.0,0.705213061,0.0628,0.0,0.0,0.061,0.0,0.0,0.976739687,0.0263,350
k1927,0.0,0.705213061,0.0,0.0,0.0,0.0,0.272727273,0.0,0.976739687,0.0,2808
k3409,0.210171294,0.646290343,0.0379,0.0,0.0,0.0772,0.0909,0.0,0.976739687,0.0263,1772
k1188,0.0,0.705213061,0.137352284,0.0,0.0,0.0369,0.0,0.0,0.976739687,0.105263158,1294
k2399,0.212298477,0.768201589,0.0,0.0,0.0,0.0,0.0,0.0,0.976739687,0.0,3162
k3352,0.0,0.705213061,0.47259312,0.0,0.0,0.687751466,0.545454545,0.5,0.976739687,0.0,2391
k1560,0.0,0.705213061,0.0328,0.0,0.0,0.0869,0.0,0.0,0.976739687,0.0,1620
k2566,0.0,0.705213061,0.0249,0.0,0.0,0.0118,0.0455,0.0,0.976739687,0.0,632
k2490,0.0,0.734587746,0.0,0.0,0.0,0.0,0.0,0.0,0.976739687,0.0,2561
k2729,0.0,0.705213061,0.0249,0.0,0.0,0.0476,0.0,0.0,0.976739687,0.0,2325
k1189,0.0,0.705213061,0.0377,0.0,0.0,0.0727,0.0909,0.0,0.976739687,0.0,1679
k1452,0.0,0.495871155,0.0584,0.285714286,0.0,0.201941868,0.0,0.0,0.976739687,0.131578947,2226
k3294,0.0769,0.705213061,0.0,0.0,0.0,0.00589,0.0,0.0,0.976739687,0.0,2794
k3349,0.0,0.705213061,0.114722853,0.0,0.0,0.0638,0.272727273,0.0,0.976739687,0.0,2353
k2739,0.0,0.510290595,0.0,0.0,0.0,0.0638,0.0,0.0,0.976739687,0.0,2568
k280,0.0,0.705213061,0.0,0.0,0.0,0.0,0.0,0.0,0.976739687,0.0,3384
k3148,0.0,0.705213061,0.106088021,0.0,0.0,0.0541,0.136363636,0.0,0.976739687,0.0,777
k243,0.0,0.705213061,0.0448,0.0,0.0,0.0655,0.181818182,0.0,0.976739687,0.0,1979
k1795,0.0,0.60816944,0.0189,0.0,0.0,0.0777,0.136363636,0.0,0.976739687,0.0263,739
k2819,0.0,0.680896999,0.0379,0.0,0.0,0.0772,0.272727273,0.0,0.976739687,0.0,3208
k957,0.0,0.705213061,0.120859418,0.0,0.0,0.092,0.0,0.0,0.97246993,0.0263,204
k2228,0.0,0.630878089,0.0,0.0,0.0,0.0489,0.136363636,0.0,0.970609309,0.0,2910
k1014,0.0,0.689375315,0.0818,0.0,0.0,0.120546336,0.0455,0.0,0.976739687,0.0,1629
k2005,0.0,0.705213061,0.0379,0.0,0.0,0.0551,0.0,0.0,0.976739687,0.0,248
k2923,0.0,0.705213061,0.0574,0.0,0.0,0.0586,0.363636364,0.0,0.976739687,0.0,1714
k557,0.0,0.622856783,0.0,0.0,0.0,0.0319,0.0,0.0,0.976739687,0.0,1338
k2630,0.0,0.705213061,0.0,0.0,0.0,0.0319,0.0,0.0,0.976739687,0.0,110
k1854,0.0,0.705213061,0.114722853,0.0,0.0,0.0697,0.0,0.0,0.976739687,0.0,1032
k130,0.0,0.705213061,0.0338,0.0,0.0,0.0,0.318181818,0.0,0.976739687,0.0,2055
k2887,0.0,0.705213061,0.0574,0.142857143,0.0,0.0453,0.363636364,0.0,0.976739687,0.0526,2653
k3292,0.0,0.705213061,0.0379,0.0,0.0,0.0193,0.0,0.0,0.976739687,0.0263,650
k1070,0.0,0.593308749,0.0746,0.0,0.0,0.0496,0.0455,0.0,0.976739687,0.0526,196
k1823,0.0,0.705213061,0.0,0.0,0.0,0.0267,0.0,0.0,0.976739687,0.0,1759
k1020,0.0,0.712966465,0.140365811,0.0,0.0,0.0835,0.0,0.0,0.976739687,0.0,1530
k1732,0.0,0.705213061,0.0574,0.0,0.0,0.0957,0.0,0.0,0.976739687,0.0263,3167
k546,0.0,0.562405446,0.293866954,0.0,0.0,0.267061263,0.181818182,0.0,0.954547132,0.157894737,2211
k337,0.0,0.705213061,0.0422,0.0,0.0,0.0551,0.0,0.0,0.976739687,0.0,2742
k2783,0.0,0.705213061,0.0,0.0,0.0,0.0835,0.181818182,0.0,0.976739687,0.0,2508
k1657,0.0,0.603000504,0.0,0.0,0.0,0.0736,0.0,0.0,0.976739687,0.0263,2091
k2030,0.0,0.705213061,0.0,0.0,0.0,0.0,0.0,0.0,0.976739687,0.0,578
k2992,0.0,0.653586737,0.0379,0.0,0.0,0.0772,0.0455,0.0,0.976739687,0.0263,821
k668,0.0,0.705213061,0.19002758,0.0,0.0,0.108138774,0.181818182,0.05,0.976739687,0.0526,1761
k3023,0.0,0.642508195,0.0,0.0,0.0,0.0718,0.0455,0.0,0.976739687,0.0,502
k2220,0.0,0.705213061,0.0448,0.0,0.0,0.0655,0.0,0.0,0.976739687,0.0,1093
k3129,0.0,0.705213061,0.0574,0.0,0.0,0.0319,0.454545455,0.0,0.976739687,0.0,3144
k1855,0.0,0.705213061,0.108663859,0.0714,0.0,0.106210656,0.0,0.0,0.976739687,0.0263,2189
k1047,0.0,0.705213061,0.0249,0.0,0.0,0.0476,0.181818182,0.0,0.976739687,0.0,2822
k2087,0.0,0.705213061,0.0,0.0,0.0,0.00589,0.0909,0.0,0.976739687,0.0,581
k2779,0.0,0.601503404,0.0,0.0,0.0,0.142693752,0.0,0.0,0.976739687,0.0263,848
k2988,0.296826019,0.518816188,0.0,0.0,0.0,0.0638,0.0,0.0,0.976739687,0.0,2652
k1289,0.0,0.705213061,0.118078926,0.0,0.0,0.0818,0.181818182,0.0,0.976739687,0.0,687
k2615,0.0,0.705213061,0.0,0.0,0.0,0.0443,0.181818182,0.0,0.976739687,0.0,2217
k420,0.0,0.705213061,0.0574,0.0,0.0,0.0319,0.0,0.0,0.976739687,0.0,3050
k1655,0.0,0.705213061,0.0703,0.0,0.0,0.0718,0.0,0.0,0.968637967,0.0263,3242
k2022,0.0,0.705213061,0.114722853,0.0,0.0,0.0697,0.0909,0.0,0.976739687,0.0,1631
k3032,0.0,0.705213061,0.0,0.0,0.0,0.0,0.0,0.0,0.976739687,0.0,2031
k1989,0.0,0.705213061,0.0249,0.0,0.0,0.0453,0.0909,0.0,0.976739687,0.0,1880
k237,0.0,0.667407337,0.0319,0.0,0.0,0.0772,0.0,0.0,0.976739687,0.0263,3038
k1703,0.0,0.705213061,0.0953,0.0,0.0,0.0586,0.0455,0.0,0.976739687,0.0,3365
k1568,0.0,0.705213061,0.0,0.0,0.0,0.0,0.181818182,0.0,0.976739687,0.0,1607
k3189,0.0,0.644036813,0.0759,0.0,0.0,0.109807344,0.0,0.0,0.976739687,0.0526,1685
k453,0.0,0.62679652,0.0825,0.0714,0.0,0.112711467,0.0909,0.05,0.976739687,0.0263,3431
k2573,0.0,0.705213061,0.156943341,0.0714,0.0,0.0964,0.0,0.0,0.964676192,0.0,2686
k228,0.0,0.705213061,0.0,0.0,0.0,0.0,0.0909,0.0,0.976739687,0.0,1215
k3016,0.0,0.634880862,0.114722853,0.0,0.0,0.127641614,0.0455,0.0,0.976739687,0.105263158,246
k708,0.0,0.705213061,0.0379,0.0,0.0,0.0134,0.0,0.0,0.976739687,0.0,3310
k334,0.0,0.705213061,0.166025286,0.0714,0.0,0.138121059,0.0,0.0,0.976739687,0.0526,68
k484,0.0,0.705213061,0.0379,0.0,0.0,0.0134,0.0,0.0,0.976739687,0.0,2912
k2901,0.0,0.705213061,0.0379,0.0,0.0,0.0134,0.272727273,0.0,0.976739687,0.0,2899
k726,0.0,0.705213061,0.0574,0.0,0.0,0.0736,0.0,0.0,0.976739687,0.0,1106
k2562,0.0,0.705213061,0.108663859,0.0714,0.0,0.112099678,0.0,0.0,0.976739687,0.0526,1177
k3087,0.0,0.702691629,0.00706,0.0,0.0,0.0319,0.0,0.0,0.976739687,0.0,2605
k1316,0.0,0.85697176,0.0,0.0,0.0,0.0319,0.0,0.0,0.980429114,0.0,3267
k1961,0.0912,0.866695033,0.0,0.0,0.0,0.0,0.0,0.0,0.976739687,0.0,922
k3038,0.0,0.705213061,0.114722853,0.0,0.0,0.0638,0.136363636,0.0,0.976739687,0.0,16
k1697,0.0,0.69200706,0.0,0.0,0.0,0.0378,0.0,0.0,0.972354119,0.0263,35
k575,0.0,0.705213061,0.0717,0.0,0.0,0.0551,0.0,0.0,0.976739687,0.0,1415
k2444,0.0,0.60426122,0.11557033,0.0,0.0,0.137515033,0.0909,0.0,0.976739687,0.0263,1905
k2299,0.0,0.705213061,0.0,0.0,0.0,0.0134,0.0909,0.0,0.976739687,0.0,3289
k1790,0.132431146,0.743144856,0.0,0.0,0.0,0.0,0.0,0.0,0.976739687,0.0,616
k2919,0.0,0.623219239,0.0,0.0,0.0,0.0453,0.0455,0.0,0.976739687,0.0,755
k506,0.0,0.557252269,0.408589775,0.0,0.0,0.354438133,0.181818182,0.125,0.953562097,0.315789474,2749
k3214,0.0,0.705213061,0.113233959,0.0,0.0,0.0577,0.0,0.0,0.976739687,0.0,299
k202,0.0,0.705213061,0.114722853,0.0,0.0,0.0638,0.0909,0.0,0.976739687,0.0,3188
k2789,0.0,0.705213061,0.0338,0.0,0.0,0.0835,0.0,0.0,0.976739687,0.0,970
k1899,0.0,0.522960792,0.0,0.142857143,0.0,0.0638,0.0,0.0,0.976739687,0.105263158,3352
k1779,0.194861173,0.644714448,0.0,0.0,0.0,0.0319,0.0,0.0,0.976739687,0.0,1435
k3369,0.0,0.705213061,0.00706,0.0,0.0,0.0267,0.0909,0.0,0.976739687,0.0,2837
k602,0.0,0.705213061,0.0,0.0,0.0,0.0,0.0,0.0,0.976739687,0.0,1983
k1032,0.0,0.602937468,0.0702,0.142857143,0.0,0.0926,0.0455,0.0,0.976739687,0.0,1560
k1893,0.124090349,0.683528744,0.0,0.0,0.0,0.0772,0.0,0.0,0.976739687,0.0,391
k2431,0.0,0.614252395,0.0,0.0,0.0,0.0319,0.0,0.0,0.976739687,0.0,3172
k168,0.0,0.705213061,0.15271576,0.0,0.0,0.0743,0.0,0.0,0.921278662,0.0,534
k1269,0.0,0.721886031,0.0,0.0,0.0,0.0319,0.0,0.0,0.976739687,0.0,272
k123,0.0,0.658519289,0.0379,0.0,0.0,0.0964,0.0,0.0,0.976739687,0.0526,1092
k1216,0.112558777,0.602291351,0.108663859,0.0,0.0,0.151486906,0.0,0.0,0.976739687,0.0263,3226
k2151,0.0,0.705213061,0.0,0.0,0.0,0.0835,0.0,0.0,0.976739687,0.0,856
k3388,0.0,0.705213061,0.0801,0.0,0.0,0.0401,0.0455,0.0,0.976739687,0.0,2847
k2601,0.200696932,0.58804526,0.0,0.0,0.0,0.0638,0.0,0.0,0.976739687,0.0,2018
k238,0.0,0.705213061,0.0,0.0,0.0,0.11019498,0.0,0.0,0.976739687,0.0,2014
k1465,0.0,0.601739788,0.0437,0.0,0.0,0.0777,0.272727273,0.025,0.976739687,0.0263,2150
k1574,0.0,0.61463061,0.0513,0.0714,0.0,0.119576494,0.0,0.0,0.976739687,0.0526,695
k1245,0.0,0.622478568,0.0,0.0,0.0,0.147284102,0.0,0.0,0.976739687,0.0,3030
k3432,0.0,0.705213061,0.0,0.0,0.0,0.0134,0.227272727,0.0,0.976739687,0.0,2368
k2224,0.0,0.705213061,0.0,0.0,0.0,0.0,0.0,0.0,0.95977138,0.0,3169
k3154,0.0,0.575248991,0.0513,0.0,0.0,0.138121059,0.0,0.0,0.976739687,0.0263,80
k3295,0.0,0.651207136,0.0,0.0,0.0,0.0638,0.0455,0.05,0.976739687,0.0263,580
k1845,0.0,0.666540595,0.0,0.0,0.0,0.147284102,0.0,0.0,0.976739687,0.0263,791
k1435,0.142829154,0.705213061,0.0,0.0,0.0,0.0,0.0,0.0,0.976739687,0.0,1547
k2236,0.0,0.705213061,0.0,0.0,0.0,0.0,0.0,0.0,0.976739687,0.0,2482
k3083,0.0,0.663420323,0.172084273,0.0,0.0,0.165441042,0.0,0.0,0.958622173,0.0789,2589
k863,0.0922,0.705213061,0.0249,0.0,0.0,0.046,0.0909,0.0,0.976739687,0.0,1499
k588,0.0,0.627048664,0.0935,0.0,0.0,0.13294234,0.0,0.0,0.976739687,0.0263,1823
k3383,0.157411554,0.479781266,0.0,0.142857143,0.0,0.0957,0.0,0.0,0.976739687,0.0526,3016
k2987,0.0,0.705213061,0.172084273,0.0,0.0,0.0957,0.0909,0.0,0.976739687,0.0,2911
k1415,0.0,0.685214952,0.0,0.0,0.0,0.0,0.0,0.0,0.930701398,0.0,835
k1508,0.0,0.766137166,0.0,0.0,0.0,0.0319,0.0,0.0,0.976739687,0.0,2212
k2441,0.0,0.661371659,0.0,0.0,0.0,0.0453,0.0,0.0,0.976739687,0.0263,2153
k1923,0.0,0.705213061,0.0,0.0,0.0,0.0551,0.0,0.0,0.976739687,0.0,152
k1334,0.0,0.480506178,0.0,0.0,0.0,0.0957,0.0,0.0,0.976739687,0.0,1153
k1197,0.0,0.705213061,0.0,0.0,0.0,0.0685,0.0,0.0,0.976739687,0.0,1542
k1937,0.0,0.537585098,0.0,0.0,0.0,0.0319,0.0,0.0,0.976739687,0.0,3103
k2417,0.0,0.663183938,0.0249,0.0,0.0,0.0319,0.181818182,0.0,0.976739687,0.0,1623
k3387,0.0,0.587793116,0.114722853,0.0,0.0,0.161238327,0.0,0.0,0.976739687,0.0263,2024
k1470,0.0,0.705213061,0.118078926,0.0,0.0,0.0818,0.818181818,0.0,0.968247262,0.0,1352
k2980,0.0,0.802083333,0.0702,0.0,0.0,0.0417,0.136363636,0.0,0.976739687,0.0,1974
k2249,0.0,0.705213061,0.0,0.0,0.0,0.0134,0.0,0.0,0.976739687,0.0,3218
k2505,0.0,0.705213061,0.0,0.0,0.0,0.0,0.0455,0.0,0.976739687,0.0,3315
k1227,0.0,0.705213061,0.0,0.0,0.0,0.0134,0.272727273,0.0,0.976739687,0.0,2271
k3149,0.0,0.705213061,0.0574,0.0,0.0,0.0736,0.0,0.0,0.976739687,0.0,2823
k3078,0.0,0.705213061,0.114722853,0.0,0.0,0.0697,0.0909,0.0,0.976739687,0.0,55
k263,0.0,0.70162002,0.0249,0.0,0.0,0.0718,0.0,0.0,0.958466909,0.0,1396
k1970,0.0,0.705213061,0.0759,0.0,0.0,0.0401,0.0,0.0,0.976739687,0.0,3194
k987,0.0,0.705213061,0.0448,0.0,0.0,0.0655,0.0,0.0,0.976739687,0.0,2200
k2418,0.0,0.705213061,0.0448,0.0,0.0,0.0655,0.0,0.0,0.976739687,0.0,1582
k556,0.0,0.471098084,0.0,0.0,0.0,0.0638,0.0,0.0,0.976739687,0.0,2968
k2189,0.0,0.705213061,0.152652076,0.0,0.0,0.0772,0.0,0.0,0.976739687,0.0263,754
k164,0.0,0.705213061,0.0,0.0,0.0,0.0118,0.0,0.0,0.976739687,0.0,332
k2788,0.0,0.705213061,0.0497,0.0,0.0,0.0835,0.181818182,0.0,0.976739687,0.0,2065
k3127,0.0,0.705213061,0.0,0.0,0.0,0.11019498,0.0,0.0,0.976739687,0.0,3278
k2300,0.0,0.705213061,0.0,0.0,0.0,0.0,0.0,0.0,0.976739687,0.0,161
k2426,0.0,0.705213061,0.196940032,0.0,0.0,0.127641614,0.0,0.0,0.976739687,0.0526,1847
k1143,0.0,0.678407085,0.0,0.0,0.0,0.0638,0.0,0.0,0.976739687,0.0,817
k969,0.0,0.705213061,0.0249,0.0,0.0,0.0,0.227272727,0.0,0.976739687,0.0,3205
k753,0.0,0.705213061,0.0,0.0,0.0,0.0869,0.0909,0.0,0.976739687,0.0,1127
k3404,0.0,0.861920071,0.0953,0.0714,0.0,0.0643,0.181818182,0.0,0.976739687,0.0263,2725
k986,0.0854,0.642066944,0.0,0.0,0.0,0.0772,0.0,0.0,0.976739687,0.0526,1014
k2109,0.0924,0.641736006,0.0,0.0,0.0,0.0772,0.0,0.0,0.976739687,0.0526,2407
k2264,0.0,0.729150908,0.0,0.0,0.0,0.0697,0.0909,0.0,0.964220582,0.0263,1133
k3115,0.0,0.705213061,0.172084273,0.0,0.0,0.109097049,0.136363636,0.0,0.976739687,0.0,508
k285,0.0,0.705213061,0.0,0.0,0.0,0.0,0.0,0.0,0.976739687,0.0,2886
k1502,0.0,0.647204362,0.0,0.0,0.0,0.0795,0.0,0.0,0.968962494,0.0,1981
k2085,0.0,0.705213061,0.0574,0.0,0.0,0.0319,0.181818182,0.0,0.976739687,0.0,485
k1662,0.0,0.893516768,0.0379,0.0,0.0,0.0134,0.181818182,0.0,0.976739687,0.0,3361
k2554,0.0,0.705213061,0.114722853,0.0,0.0,0.0638,0.0,0.0,0.976739687,0.0,1072
k1637,0.0,0.705213061,0.0996,0.0,0.0,0.0453,0.0,0.0,0.976739687,0.0263,1767
k982,0.146215853,0.67457766,0.0,0.0,0.0,0.0319,0.0,0.0,0.976739687,0.0,2392
k817,0.0,0.705213061,0.0,0.0,0.0,0.0,0.0,0.0,0.976739687,0.0,536
k2909,0.0,0.705213061,0.0,0.0,0.0,0.0685,0.363636364,0.0,0.976739687,0.0,2499
k283,0.0,0.599880232,0.0,0.0,0.0,0.0697,0.0,0.0,0.946716487,0.0,2792
k2039,0.0,0.705213061,0.0497,0.0,0.0,0.0952,0.0909,0.0,0.976739687,0.0,1898
k795,0.0,0.671347075,0.0249,0.0,0.0,0.148992915,0.409090909,0.0,0.976739687,0.0,125
k3089,0.0,0.566739158,0.0,0.0,0.0,0.0319,0.0,0.0,0.976739687,0.0526,3095
k3351,0.0,0.808623298,0.0,0.142857143,0.0,0.0586,0.0,0.0,0.976739687,0.0,3025
k2708,0.0,0.705213061,0.0,0.0,0.0,0.0551,0.0,0.0,0.976739687,0.0,2012
k2871,0.128596619,0.671473147,0.0,0.0714,0.0,0.0643,0.0,0.0,0.976739687,0.0,1643
k1476,0.0,0.861920071,0.0574,0.0714,0.0,0.0638,0.0,0.0,0.979217546,0.0263,2085
k408,0.0,0.705213061,0.0,0.0,0.0,0.0417,0.0,0.0,0.976739687,0.0,1334
k33,0.0,0.625724912,0.0699,0.0,0.0,0.104594179,0.0,0.0,0.97022624,0.0526,1726
k2238,0.0,0.705213061,0.0513,0.0,0.0,0.0743,0.0,0.0,0.976739687,0.0,1575
k3420,0.0,0.62934947,0.0379,0.0,0.0,0.0772,0.363636364,0.0,0.976739687,0.0263,1725
k1326,0.0,0.705213061,0.0574,0.0,0.0,0.0319,0.0,0.0,0.976739687,0.0,583
k307,0.0,0.705213061,0.0,0.0,0.0,0.0,0.0,0.0,0.976739687,0.0,2316
k1063,0.0,0.705213061,0.164434376,0.0,0.0,0.0815,0.0909,0.0,0.974634716,0.0,1134
k1736,0.0,0.705213061,0.0,0.0,0.0,0.0,0.0,0.0,0.976739687,0.0,1478
k3311,0.0,0.683686334,0.0,0.0,0.0,0.105552454,0.0,0.0,0.976739687,0.0263,2938
k1762,0.0,0.705213061,0.0,0.0,0.0,0.0417,0.0,0.0,0.976739687,0.0,3392
k1868,0.0,0.705213061,0.0,0.0,0.0,0.0,0.0,0.0,0.976739687,0.0,2836
k3045,0.0,0.603867247,0.114722853,0.0,0.0,0.127641614,0.0,0.0,0.976739687,0.0789,2006
k892,0.0,0.663924609,0.0,0.0,0.0,0.0378,0.0,0.0,0.976739687,0.0263,221
k1478,0.0,0.605600731,0.0,0.0,0.0,0.0378,0.0,0.0,0.976739687,0.0,3420
k2090,0.0,0.667312784,0.0,0.0,0.0,0.0319,0.0,0.0,0.976739687,0.0,234
k2073,0.0,0.705213061,0.114722853,0.0,0.0,0.0638,0.0,0.0,0.976739687,0.0,2973
k209,0.0,0.705213061,0.00429,0.0,0.0,0.0,0.0,0.0,0.976739687,0.0,3119
k3393,0.0,0.705213061,0.0,0.0,0.0,0.0,0.0,0.0,0.976739687,0.0,2118
k1451,0.0,0.705213061,0.0574,0.0,0.0,0.0319,0.363636364,0.0,0.976739687,0.0,1367
k564,0.0,0.513001135,0.0,0.357142857,0.0667,0.259925753,0.0,0.0,0.976739687,0.105263158,2590
k461,0.0,0.705213061,0.00429,0.0,0.0,0.0,0.0,0.0,0.976739687,0.0,94
k1649,0.0,0.624606026,0.114895087,0.0,0.0,0.178236221,0.136363636,0.0,0.961525099,0.0526,2861
k1692,0.123936408,0.682204992,0.0,0.0,0.0,0.0453,0.0,0.0,0.976739687,0.0,1203
k771,0.0,0.705213061,0.0249,0.0,0.0,0.126919412,0.363636364,0.0,0.976739687,0.0,200
k3331,0.0,0.705213061,0.10811213,0.0,0.0,0.11019498,0.0,0.0,0.976739687,0.0263,2282
k2994,0.0,0.666540595,0.0,0.0,0.0,0.147284102,0.0,0.0,0.976739687,0.0263,2618
k1979,0.0,0.705213061,0.0,0.0,0.0,0.0417,0.0,0.0,0.976739687,0.0,162
k3271,0.0,0.705213061,0.0513,0.0,0.0,0.0802,0.0,0.0,0.976739687,0.0263,447
k623,0.0,0.705213061,0.0,0.0,0.0,0.0655,0.0,0.0,0.976739687,0.0,788
k1682,0.0,0.705213061,0.152652076,0.0,0.0,0.0831,0.0,0.0,0.976739687,0.0263,3414
k1079,0.0,0.785047907,0.103987348,0.0,0.0,0.0417,0.136363636,0.0,0.976739687,0.0,32
k1576,0.0,0.705213061,0.0,0.0,0.0,0.0417,0.0,0.0,0.976739687,0.0,1235
k2001,0.0,0.680660615,0.0,0.0,0.0,0.0378,0.181818182,0.0,0.976739687,0.0,1042
k1849,0.0,0.705213061,0.0,0.0,0.0,0.0417,0.0,0.0,0.976739687,0.0,3216
k3118,0.0,0.848178265,0.112957097,0.0,0.0,0.0886,0.136363636,0.0,0.976739687,0.0,242
k2609,0.0,0.694575769,0.0,0.0714,0.0,0.0643,0.0,0.0,0.976739687,0.0,2956
k1360,0.0,0.616238023,0.0,0.0,0.0,0.0957,0.0,0.0,0.965797401,0.0,3294
k2069,0.0,0.622494327,0.0574,0.0,0.0,0.0638,0.0,0.0,0.976739687,0.0,1556
k943,0.0,0.705213061,0.00706,0.0,0.0,0.0134,0.0,0.0,0.976739687,0.0,1832
k2760,0.0,0.470042234,0.686466716,0.785714286,0.8,0.929902548,0.0909,0.65,0.976739687,0.552631579,2830
k1240,0.0,0.751828038,0.0,0.0,0.0,0.0319,0.0909,0.0,0.976739687,0.0,2414
k2943,0.0,0.641736006,0.0,0.0,0.0,0.0319,0.0,0.0,0.976739687,0.0,2965
k1681,0.0,0.705213061,0.0497,0.0,0.0,0.0535,0.0,0.0,0.976739687,0.0,503
k2410,0.0,0.593813036,0.114722853,0.0,0.0,0.127641614,0.0,0.0,0.979491167,0.0,1030
k3060,0.0,0.705213061,0.0,0.0,0.0,0.0417,0.181818182,0.0,0.976739687,0.0,1475
k1871,0.0,0.705213061,0.0513,0.0,0.0,0.0743,0.0,0.0,0.976739687,0.0,1738
k475,0.0,0.582545386,0.23650552,0.0,0.0,0.235150863,0.181818182,0.0,0.95522673,0.105263158,1147
k2629,0.0,0.705213061,0.0249,0.0,0.0,0.00589,0.0,0.0,0.976739687,0.0,2603
k486,0.0,0.705213061,0.00429,0.0,0.0,0.0,0.0,0.0,0.976739687,0.0,1335
k846,0.0,0.705213061,0.0,0.0,0.0,0.0,0.0,0.0,0.976739687,0.0,2802
k1837,0.0,0.612518911,0.0249,0.0,0.0,0.109097049,0.0909,0.1,0.976739687,0.0263,1606
k1387,0.0,0.489772441,0.0,0.142857143,0.0,0.0638,0.181818182,0.0,0.976739687,0.0,908
k1643,0.0,0.705213061,0.0,0.0,0.0,0.0,0.0,0.0,0.976739687,0.0,2807
k2199,0.104022056,0.681480081,0.0759,0.214285714,0.0,0.0987,0.0,0.0,0.976739687,0.0,572
k3339,0.0,0.705213061,0.0,0.0,0.0,0.16692659,0.0,0.0,0.976739687,0.0,591
k1628,0.0,0.591401916,0.0437,0.0,0.0,0.0836,0.272727273,0.0,0.976739687,0.0263,1523
k535,0.0,0.705213061,0.0518,0.0,0.0,0.112957849,0.0,0.0,0.976739687,0.0,3217
k1829,0.0,0.705213061,0.0513,0.0,0.0,0.0743,0.0,0.0,0.976739687,0.0,400
k311,0.0,0.582435073,0.0,0.0,0.0,0.0319,0.227272727,0.0,0.976739687,0.0,424
k1035,0.0,0.708128467,0.0,0.0,0.0,0.0319,0.0,0.0,0.976739687,0.0,2558
k479,0.0,0.570868003,0.0822,0.214285714,0.133333333,0.133530629,0.0455,0.0,0.976739687,0.0263,1421
k1324,0.0,0.6352118,0.0,0.0,0.0,0.0638,0.0909,0.0,0.976739687,0.0,195
k683,0.0,0.705213061,0.0574,0.0,0.0,0.0319,0.181818182,0.0,0.976739687,0.0,2224
k1439,0.0,0.705213061,0.0,0.0,0.0,0.0,0.0,0.0,0.976739687,0.0,2045
k1313,0.0,0.558134771,0.0,0.0,0.0,0.147284102,0.0,0.0,0.976739687,0.0,3067
k2974,0.0,0.705213061,0.0,0.0,0.0,0.0417,0.0,0.0,0.976739687,0.0,2882
k1034,0.0,0.509865103,0.0,0.0,0.0,0.105552454,0.0,0.0,0.976739687,0.0,2461
k146,0.0,0.793305598,0.0,0.0,0.0,0.0319,0.0,0.0,0.976739687,0.0,2365
k1112,0.0,0.705213061,0.0448,0.0,0.0,0.0655,0.181818182,0.0,0.978909564,0.0,138
k2184,0.0,0.705213061,0.290163203,0.0,0.0,0.183449396,0.136363636,0.0,0.976739687,0.0789,1866
k1774,0.0,0.705213061,0.0,0.0,0.0,0.0,0.0909,0.0,0.976739687,0.0,1942
k3191,0.0,0.578542612,0.23650552,0.0,0.0,0.290617355,0.181818182,0.2,0.954372778,0.263157895,278
k1250,0.0,0.621974281,0.0,0.0,0.0,0.0319,0.0,0.0,0.976739687,0.0526,103
k2969,0.0,0.705213061,0.0,0.0,0.0,0.0,0.0,0.0,0.976739687,0.0,742
k973,0.0,0.500646117,0.0746,0.0,0.0,0.0815,0.0455,0.0,0.976739687,0.0526,1697
k3225,0.0,0.705213061,0.0,0.0,0.0,0.0118,0.0,0.0,0.976739687,0.0,506
k998,0.0,0.705213061,0.0574,0.0,0.0,0.0319,0.0,0.0,0.976739687,0.0,1183
k1337,0.0,0.511645865,0.114722853,0.0,0.0,0.127641614,0.0,0.0,0.976739687,0.184210526,2562
k3150,0.124006382,0.644178643,0.0,0.0,0.0,0.0319,0.0,0.0,0.976739687,0.0,1901
k204,0.0,0.705213061,0.0753,0.0,0.0,0.086,0.181818182,0.0,0.976739687,0.0,900
k52,0.0,0.705213061,0.0,0.0,0.0,0.0,0.0,0.0,0.976739687,0.0,677
k1924,0.0,0.705213061,0.0,0.0,0.0,0.0134,0.363636364,0.0,0.976739687,0.0,1568
k665,0.0,0.648843293,0.100160495,0.0,0.0,0.0955,0.181818182,0.05,0.976739687,0.105263158,2854
k611,0.0,0.705213061,0.0801,0.0,0.0,0.0267,0.0909,0.0,0.976739687,0.0,3251
k69,0.0,0.705213061,0.0249,0.0,0.0,0.0118,0.0455,0.0,0.976739687,0.0,2722
k755,0.0,0.705213061,0.0,0.0,0.0,0.0551,0.0,0.0,0.976739687,0.0,2172
k505,0.0,0.726361573,0.0,0.0,0.0,0.0319,0.0,0.0,0.976739687,0.0,3140
k1903,0.0,0.544976046,0.0,0.0,0.0,0.13746286,0.0909,0.0,0.976739687,0.0,2803
k1993,0.0,0.632627332,0.0,0.0,0.0,0.0453,0.181818182,0.0,0.961023673,0.0,484
k46,0.0,0.705213061,0.0753,0.0,0.0,0.0443,0.272727273,0.0,0.976739687,0.0,308
k1466,0.0,0.705213061,0.0759,0.0,0.0,0.0401,0.0,0.0,0.976739687,0.0,3064
k41,0.0,0.581788956,0.0574,0.0,0.0,0.0638,0.0,0.0,0.976739687,0.0,1888
k1124,0.0,0.705213061,0.0,0.0,0.0,0.0,0.0,0.0,0.976739687,0.0,948
k1425,0.0,0.705213061,0.0697,0.0,0.0,0.0714,0.0,0.0,0.976739687,0.0263,2810
k342,0.253498657,0.705213061,0.0,0.0,0.0,0.0,0.0,0.0,0.976739687,0.0,3192
k2507,0.0901,0.705213061,0.0,0.0,0.0,0.0401,0.0909,0.0,0.976739687,0.0,2951
k3312,0.0,0.573483989,0.0892,0.0,0.0,0.151486906,0.0455,0.0,0.976739687,0.0263,150
k1929,0.0,0.705213061,0.0759,0.142857143,0.0,0.0952,0.0,0.0,0.976739687,0.0,2811
k1944,0.102818518,0.705213061,0.0379,0.0,0.0,0.0134,0.0,0.0,0.976739687,0.0,2070
k2171,0.0867,0.705213061,0.0,0.0,0.0,0.0,0.0,0.0,0.976739687,0.0,3093
k3416,0.0,0.705213061,0.0,0.0,0.0,0.0134,0.181818182,0.0,0.976739687,0.0,1035
k1229,0.0,0.691045764,0.0574,0.0,0.0,0.0772,0.0909,0.0,0.976739687,0.0,3034
k10,0.0,0.671221004,0.0,0.0,0.0,0.0319,0.136363636,0.0,0.976739687,0.0,750
k1074,0.0,0.705213061,0.0,0.0,0.0,0.0319,0.0,0.0,0.976739687,0.0,1053
k518,0.130038065,0.672135023,0.0,0.0,0.0,0.0319,0.0,0.0,0.976739687,0.0,1232
k1332,0.0,0.705213061,0.0338,0.0,0.0,0.0,0.318181818,0.0,0.976739687,0.0,3118
k826,0.0,0.705213061,0.0574,0.0,0.0,0.0453,0.0,0.0,0.976739687,0.0,2421
k1445,0.0,0.491190746,0.0513,0.357142857,0.0,0.215307714,0.0,0.0,0.976739687,0.131578947,1839
k2425,0.243632445,0.705213061,0.0,0.0,0.0,0.0,0.0,0.0,0.976739687,0.0,2547
k64,0.0,0.705213061,0.0,0.0,0.0,0.00589,0.0,0.0,0.974062022,0.0,337
k1797,0.0,0.705213061,0.0,0.0,0.0,0.0417,0.0,0.0,0.976739687,0.0,394
k230,0.0,0.705213061,0.172256513,0.0,0.0,0.191602068,0.0,0.0,0.976739687,0.0789,2948
k3072,0.10028549,0.638190242,0.0,0.0,0.0,0.0319,0.0,0.0,0.976739687,0.0,619
k3317,0.0,0.705213061,0.0,0.0,0.0,0.0551,0.0,0.0,0.976739687,0.0,452
k1729,0.0,0.700737519,0.0,0.0,0.0,0.0453,0.0,0.0,0.976739687,0.0,1864
k1873,0.0,0.705213061,0.0574,0.0,0.0,0.0319,0.0,0.0,0.976739687,0.0,207
k2733,0.0,0.705213061,0.0637,0.0,0.0,0.114204427,0.0,0.0,0.976739687,0.0,2908
k392,0.0,0.604544881,0.0189,0.0,0.0,0.0777,0.181818182,0.0,0.976739687,0.0263,431
k1062,0.0,0.705213061,0.0,0.0,0.0,0.0,0.181818182,0.0,0.976739687,0.0,1626
k1800,0.0,0.694355144,0.0753,0.0,0.0,0.211244558,0.0,0.0,0.955345087,0.0,2856
k806,0.0,0.705213061,0.0587,0.0,0.0,0.0308,0.0,0.0,0.976739687,0.0263,2918
k679,0.0,0.705213061,0.0697,0.0,0.0,0.0714,0.0,0.0,0.976739687,0.0263,2799
k249,0.0,0.705213061,0.0,0.0,0.0,0.0417,0.0,0.0,0.976739687,0.0,3366
k2844,0.0,0.506224786,0.33509082,0.0,0.0,0.425106269,0.545454545,0.25,0.976739687,0.131578947,1704
k399,0.0,0.705213061,0.0,0.0,0.0,0.0718,0.0,0.0,0.976739687,0.0,1897
k1471,0.154864532,0.705213061,0.0,0.0,0.0,0.0134,0.227272727,0.0,0.976739687,0.0,2191
k691,0.0,0.705213061,0.0801,0.0,0.0,0.108367499,0.818181818,0.0,0.966964425,0.0,2986
k2683,0.0,0.646794629,0.0,0.0,0.0,0.127641614,0.0,0.0,0.963236819,0.0789,2791
k1213,0.0,0.705213061,0.0574,0.0,0.0,0.0319,0.181818182,0.0,0.976739687,0.0,1845
k1199,0.0,0.705213061,0.0,0.0,0.0,0.0267,0.0,0.0,0.976739687,0.0,2142
k309,0.0,0.705213061,0.109176628,0.0,0.0,0.144868252,0.0,0.0,0.976739687,0.0,149
k3328,0.0,0.705213061,0.114722853,0.0,0.0,0.0638,0.0,0.0,0.976739687,0.0,2958
k3386,0.0,0.705213061,0.0518,0.0,0.0,0.124589088,0.181818182,0.0,0.976739687,0.0,433
k216,0.119863972,0.639403681,0.0,0.0,0.0,0.0772,0.0,0.0,0.976739687,0.0526,384
k1402,0.0,0.705213061,0.0,0.0,0.0,0.0134,0.0,0.0,0.976739687,0.0,960
k870,0.0,0.703747479,0.0,0.0,0.0,0.0319,0.0,0.0,0.976739687,0.0,361
k3359,0.0,0.705213061,0.0847,0.0,0.0,0.11709081,0.0909,0.0,0.976739687,0.0,913
k847,0.0,0.639025466,0.0513,0.0,0.0,0.138121059,0.0,0.0,0.976739687,0.0526,1990
k614,0.0,0.705213061,0.0,0.0,0.0,0.0869,0.0,0.0,0.976739687,0.0,3046
k189,0.0,0.816565809,0.151163174,0.0,0.0,0.142099291,0.181818182,0.1,0.976739687,0.0,778
k2798,0.0,0.61132123,0.114722853,0.285714286,0.0,0.159552008,0.0,0.0,0.918558998,0.157894737,1274
k2902,0.0,0.705213061,0.114722853,0.0,0.0,0.0638,0.181818182,0.0,0.976739687,0.0,1944
k1004,0.0,0.705213061,0.255002534,0.142857143,0.0,0.201993961,0.0,0.0,0.976739687,0.105263158,2166
k1738,0.0,0.681243696,0.045,0.142857143,0.0,0.0906,0.0909,0.0,0.976739687,0.0263,655
k3309,0.0,0.524725794,0.108663859,0.214285714,0.0,0.170031455,0.0,0.0,0.976739687,0.0789,2614
k2571,0.118030676,0.701005421,0.0,0.0,0.0,0.0453,0.0,0.0,0.976739687,0.0,2009
k2967,0.0,0.705213061,0.0,0.0,0.0,0.0,0.0,0.0,0.976739687,0.0,1805
k2275,0.0,0.638946672,0.0379,0.0,0.0,0.0772,0.0,0.0,0.976739687,0.0263,2292
k493,0.0,0.705213061,0.0,0.0,0.0,0.0551,0.0,0.0,0.976739687,0.0,1085
k3286,0.0,0.688807993,0.0,0.0,0.0,0.0772,0.181818182,0.0,0.976739687,0.0,905
k2608,0.0,0.524883384,0.0,0.0714,0.0,0.105552454,0.0,0.0,0.976739687,0.0,1192
k1283,0.0,0.705213061,0.0,0.0,0.0,0.0835,0.136363636,0.0,0.976739687,0.0,923
k1331,0.0,0.840424861,0.0,0.0,0.0,0.0607,0.0,0.0,0.976739687,0.0,1712
k617,0.0,0.705213061,0.0,0.0,0.0,0.0319,0.0,0.0,0.976739687,0.0,3331
k2387,0.0,0.446372289,0.0,0.857142857,0.0,0.255283229,0.0,0.0,0.976739687,0.315789474,782
k1126,0.0,0.527972138,0.0574,0.0714,0.0,0.213691218,0.0455,0.0,0.976739687,0.0263,691
k2013,0.0,0.642744579,0.0,0.0,0.0,0.0638,0.0,0.0,0.976739687,0.0263,2363
k2286,0.0,0.655225668,0.0,0.0,0.0,0.0718,0.0,0.0,0.976739687,0.0,3259
k1670,0.0,0.705213061,0.0628,0.0,0.0,0.0193,0.0,0.0,0.976739687,0.0,1163
k319,0.0,0.705213061,0.0861,0.0,0.0,0.039,0.227272727,0.05,0.976739687,0.105263158,3299
k3426,0.0,0.705213061,0.00678,0.0,0.0,0.0,0.0,0.0,0.976739687,0.0526,3028
k1622,0.0,0.705213061,0.0985,0.0,0.0,0.103045157,0.0,0.0,0.976739687,0.0263,2124
k2051,0.0,0.705213061,0.0379,0.0,0.0,0.0685,0.136363636,0.0,0.976739687,0.0,2349
k2255,0.0,0.705213061,0.139812101,0.0,0.0,0.266397931,0.363636364,0.05,0.976739687,0.0,1746
k904,0.0,0.705213061,0.0574,0.0,0.0,0.0319,0.363636364,0.0,0.976739687,0.0,2671
k2815,0.0,0.693567196,0.045,0.0,0.0,0.0586,0.0455,0.0,0.976739687,0.0263,488
k1663,0.0,0.827045512,0.0438,0.0,0.0,0.0655,0.0,0.0,0.976739687,0.0,2410
k2761,0.0,0.705213061,0.0,0.0,0.0,0.00589,0.0,0.0,0.976444431,0.0,668
k3290,0.355099642,0.621028744,0.0746,0.0,0.0,0.0815,0.0,0.0,0.976739687,0.0263,1303
k1842,0.0,0.705213061,0.0,0.0,0.0,0.0718,0.227272727,0.0,0.976739687,0.0,3166
k1375,0.0,0.705213061,0.0,0.0,0.0,0.0,0.0,0.0,0.976739687,0.0,2206
k2377,0.0,0.643564044,0.0584,0.0,0.0,0.106210656,0.0,0.0,0.976739687,0.0,1174
k267,0.0,0.705213061,0.164434376,0.0,0.0,0.107509248,0.0909,0.0,0.976739687,0.0263,1101
k770,0.0,0.817747731,0.0,0.0,0.0,0.0638,0.0,0.0,0.972935722,0.0263,1012
k1461,0.0,0.705213061,0.0,0.0,0.0,0.0,0.0909,0.0,0.976739687,0.0,1445
k2379,0.0,0.705213061,0.190581302,0.0,0.0,0.0906,0.0,0.0,0.976739687,0.0,2881
k2839,0.0,0.946041351,0.0,0.0,0.0,0.0,0.181818182,0.0,0.976739687,0.0,2564
k2465,0.0,0.642586989,0.114722853,0.0,0.0,0.127641614,0.0455,0.0,0.976739687,0.0789,1815
k464,0.0,0.652830308,0.0379,0.0,0.0,0.0964,0.0909,0.0,0.976739687,0.0526,1381
k2854,0.0,0.705213061,0.13432729,0.0,0.0,0.181780825,0.0,0.0,0.976739687,0.0526,2586
k3363,0.0,0.589432047,0.254301458,0.0,0.0,0.282771542,0.227272727,0.0,0.951294226,0.236842105,2552
k2437,0.0,0.705213061,0.0574,0.0,0.0,0.0319,0.0,0.0,0.976739687,0.0,3230
k1449,0.0,0.705213061,0.0518,0.0,0.0,0.124589088,0.181818182,0.0,0.976739687,0.0,256
k1099,0.0,0.705213061,0.0,0.0,0.0,0.0319,0.0,0.0,0.976739687,0.0,1945
k1122,0.0,0.705213061,0.2453464,0.0,0.0,0.144691703,0.0,0.0,0.976739687,0.0789,1386
k3143,0.0,0.557015885,0.0,0.0,0.0,0.0319,0.0,0.0,0.976739687,0.0,1244
k653,0.0966,0.705213061,0.0,0.0,0.0,0.0319,0.0,0.0,0.976739687,0.0,2689
k3095,0.0,0.784055093,0.0702,0.0,0.0,0.0417,0.136363636,0.0,0.976739687,0.0,3130
k1317,0.0,0.705213061,0.216603755,0.0714,0.0667,0.175920487,0.0455,0.0,0.976739687,0.0789,3347
k1368,0.0,0.701036939,0.0,0.0,0.0,0.0512,0.0909,0.0,0.969603912,0.0,3394
k1601,0.0,0.670921583,0.0379,0.0,0.0,0.0586,0.0,0.0,0.976739687,0.0,3397
k442,0.0,0.596555093,0.0497,0.0,0.0,0.0638,0.181818182,0.0,0.976739687,0.105263158,432
k2364,0.107002911,0.705213061,0.0,0.0,0.0,0.0,0.0455,0.0,0.976739687,0.0,2218
k2460,0.0,0.705213061,0.114722853,0.0,0.0,0.0772,0.0,0.0,0.976739687,0.0,707
k1802,0.0,0.705213061,0.0829,0.0714,0.0,0.0535,0.0,0.0,0.976739687,0.0,387
k802,0.0,0.705213061,0.138802725,0.0,0.0,0.104366665,0.0,0.0,0.965365971,0.0,440
k619,0.0,0.605049168,0.0513,0.0,0.0,0.138190883,0.0,0.0,0.976739687,0.0526,628
k2375,0.215083408,0.614205119,0.0513,0.0,0.0,0.119576494,0.0,0.0,0.976739687,0.0,3232
k1673,0.0,0.705213061,0.0,0.0,0.0,0.0134,0.0,0.0,0.976739687,0.0,1057
k1021,0.0,0.677036056,0.0,0.0,0.0,0.109097049,0.0455,0.0,0.976739687,0.0,1883
k976,0.0,0.705213061,0.0574,0.0,0.0,0.0319,0.181818182,0.0,0.976739687,0.0,1604
k3185,0.0,0.66586296,0.172084273,0.0,0.0,0.127641614,0.0,0.0,0.976739687,0.0526,393
k816,0.0,0.705213061,0.0,0.0,0.0,0.0118,0.0,0.0,0.976739687,0.0,2865
k1210,0.0,0.705213061,0.0,0.0,0.0,0.0,0.0,0.0,0.976739687,0.0,2460
k1374,0.0,0.705213061,0.0,0.0,0.0,0.00589,0.0909,0.0,0.976739687,0.0,1557
k3024,0.0,0.688965582,0.00706,0.0714,0.0,0.0134,0.0455,0.0,0.976739687,0.0,2923
k2813,0.0,0.705213061,0.0513,0.0,0.0,0.0743,0.0,0.0,0.976739687,0.0,944
k1759,0.0,0.599060767,0.0702,0.0,0.0,0.0736,0.0,0.0,0.976739687,0.0,3202
k533,0.0,0.705213061,0.0,0.0,0.0,0.0551,0.0,0.0,0.976739687,0.0,1420
k1747,0.0,0.705213061,0.0,0.0,0.0,0.0835,0.0,0.0,0.976739687,0.0,1062
k2373,0.0,0.746422718,0.0,0.0,0.0,0.0685,0.181818182,0.0,0.976739687,0.0,2344
k945,0.0,0.705213061,0.0574,0.0,0.0,0.0736,0.0,0.0,0.976739687,0.0,1906
k2026,0.0,0.597910363,0.0,0.0,0.0,0.0638,0.0,0.0,0.976739687,0.0263,53
k491,0.0,0.647850479,0.0,0.0,0.0,0.0453,0.0455,0.0,0.976739687,0.0,3085
k2397,0.0,0.668242562,0.0249,0.0,0.0,0.111441478,0.0455,0.0,0.976739687,0.0526,1701
k88,0.0,0.705213061,0.0379,0.0,0.0,0.0551,0.0,0.0,0.976739687,0.0,1010
k833,0.0,0.705213061,0.0249,0.0,0.0,0.0476,0.0,0.0,0.976739687,0.0,2526
k3267,0.0,0.572380862,0.0,0.0,0.0,0.0772,0.0,0.0,0.95158821,0.0,733
k1412,0.0,0.510448185,0.0759,0.0,0.0667,0.135828723,0.0,0.0,0.976739687,0.0526,2949
k2545,0.0,0.705213061,0.0,0.0,0.0,0.0,0.0,0.0,0.916641108,0.0,2234
k2078,0.0,0.705213061,0.0,0.0,0.0,0.0869,0.181818182,0.0,0.976739687,0.0,2693
k1858,0.0,0.705213061,0.0,0.0,0.0,0.0,0.0,0.0,0.976739687,0.0,2542
k3192,0.0,0.705213061,0.0249,0.0,0.0,0.0453,0.0909,0.0,0.976739687,0.0,277
k1635,0.0,0.688618886,0.0,0.0,0.0,0.0319,0.181818182,0.0,0.976739687,0.0,2878
k115,0.134544335,0.68825643,0.0,0.0,0.0,0.0378,0.0455,0.0,0.976739687,0.0,2905
k607,0.0,0.705213061,0.0,0.0,0.0,0.0417,0.0,0.0,0.976739687,0.0,931
k450,0.0,0.705213061,0.0,0.0,0.0,0.0,0.0,0.0,0.976739687,0.0,2530
k8,0.0789,0.705213061,0.0574,0.0,0.0,0.0319,0.0,0.0,0.976739687,0.0,351
k911,0.0,0.829236006,0.0,0.0,0.0,0.100550376,0.0,0.0,0.976739687,0.0,2663
k287,0.0,0.705213061,0.0,0.0,0.0,0.0,0.0,0.0,0.976739687,0.0,3041
k1232,0.0,0.705213061,0.0,0.0,0.0,0.00589,0.227272727,0.0,0.976739687,0.0,2199
k1041,0.0,0.705213061,0.0249,0.0,0.0,0.00589,0.0,0.0,0.976739687,0.0,2489
k451,0.0,0.705213061,0.0448,0.0,0.0,0.0655,0.0,0.0,0.976739687,0.0,79
k1571,0.0,0.705213061,0.0,0.0,0.0,0.0655,0.0,0.0,0.976739687,0.0,596
k2622,0.0,0.705213061,0.0753,0.0,0.0,0.127781262,0.227272727,0.0,0.976739687,0.0,1504
k1513,0.0,0.705213061,0.0379,0.0,0.0,0.0134,0.0,0.0,0.976739687,0.0,938
k3094,0.0,0.705213061,0.0,0.0,0.0,0.0417,0.181818182,0.0,0.976739687,0.0,2312
k1862,0.0,0.705213061,0.0,0.0,0.0,0.0,0.318181818,0.0,0.976739687,0.0,1930
k2892,0.0,0.705213061,0.0,0.0,0.0,0.0417,0.0,0.0,0.976739687,0.0,74
k740,0.0,0.705213061,0.0702,0.0,0.0,0.0417,0.181818182,0.0,0.976739687,0.0,2492
k1935,0.0,0.705213061,0.0712,0.0,0.0,0.0541,0.0455,0.0,0.976739687,0.0,897
k3064,0.0762,0.705213061,0.0,0.0,0.0,0.0417,0.0,0.0,0.976739687,0.0,1096
k1345,0.0,0.60126702,0.0746,0.0,0.0,0.0815,0.0,0.0,0.976739687,0.0263,3260
k1123,0.0,0.705213061,0.0,0.0,0.0,0.0417,0.0,0.0,0.976739687,0.0,2219
k3134,0.0,0.592757186,0.172084273,0.0,0.0,0.210717282,0.0,0.075,0.932199313,0.105263158,3383
k2648,0.0,0.695347958,0.00706,0.0,0.0,0.072,0.0,0.0,0.976739687,0.0263,1640
k2282,0.0,0.705213061,0.0379,0.0,0.0,0.127781262,0.0,0.0,0.976739687,0.0,877
k1050,0.0,0.705213061,0.102604875,0.0,0.0,0.148600504,0.0,0.0,0.976739687,0.0263,262
k1211,0.0902,0.554494453,0.0,0.0,0.0,0.105552454,0.0,0.0,0.976739687,0.0,936
k1900,0.0,0.605206757,0.172084273,0.0,0.0,0.159552008,0.0455,0.0,0.976739687,0.105263158,1884
k411,0.0,0.705213061,0.0,0.0,0.0,0.0509,0.0,0.0,0.976739687,0.0,559
k1397,0.0,0.548395739,0.0513,0.0,0.0,0.21176311,0.0,0.0,0.976739687,0.0,1962
k438,0.0,0.705213061,0.0,0.0,0.0,0.0551,0.227272727,0.0,0.976739687,0.0,2619
k1051,0.0,0.705213061,0.0497,0.0,0.0,0.0458,0.0,0.0,0.960111179,0.0263,1211
k1512,0.0,0.705213061,0.0635,0.0,0.0,0.06,0.0,0.0,0.972322302,0.0,2383
k3357,0.135384013,0.538388805,0.0,0.0,0.0,0.0638,0.0,0.0,0.976739687,0.0,2151
k310,0.0,0.705213061,0.0,0.0,0.0,0.0134,0.227272727,0.0,0.976739687,0.0,3238
k421,0.09,0.638237519,0.0513,0.0,0.0,0.106210656,0.0,0.0,0.976739687,0.0263,839
k609,0.0,0.705213061,0.0,0.0,0.0,0.0319,0.0,0.0,0.976739687,0.0,1119
k1369,0.0,0.586642713,0.0379,0.0,0.0,0.141077275,0.0,0.0,0.976739687,0.0,3155
k179,0.0,0.754065809,0.0,0.0,0.0,0.0319,0.0909,0.0,0.976739687,0.0,3387
k1391,0.208701858,0.686207766,0.0,0.0,0.0667,0.0772,0.0909,0.025,0.980622557,0.0,1728
k775,0.0,0.591921962,0.0,0.0,0.0,0.116155423,0.0,0.0,0.976739687,0.0263,3363
k3221,0.0,0.627143217,0.0,0.0,0.0,0.0772,0.0,0.0,0.976739687,0.0,61
k1529,0.0,0.864803959,0.0953,0.0,0.0,0.0643,0.181818182,0.0,0.976739687,0.0,2915
k262,0.0,0.860060514,0.0438,0.0,0.0,0.0655,0.0,0.0,0.976739687,0.0,2559
k429,0.0,0.705213061,0.114722853,0.0,0.0,0.0697,0.0,0.025,0.976739687,0.0,344
k1157,0.0,0.705213061,0.0,0.0,0.0,0.0,0.0,0.0,0.976739687,0.0,1033
k2267,0.0,0.705213061,0.0822,0.0,0.0,0.0645,0.363636364,0.0,0.976739687,0.0,1281
k1645,0.0,0.705213061,0.0,0.0,0.0,0.0,0.363636364,0.0,0.976739687,0.0,1878
k3108,0.0,0.705213061,0.0,0.142857143,0.0,0.019,0.0,0.0,0.976739687,0.0,2239
k2037,0.0,0.705213061,0.0,0.0,0.0,0.0399,0.181818182,0.0,0.976739687,0.0,1391
k711,0.111747089,0.655698437,0.0,0.0,0.0,0.0319,0.0,0.0,0.976739687,0.0,962
k389,0.068,0.598761346,0.0,0.0,0.0,0.0638,0.0,0.0,0.976739687,0.0,2340
k372,0.0,0.705213061,0.114722853,0.0,0.0,0.0831,0.318181818,0.0,0.976739687,0.0,2403
k648,0.0,0.683765129,0.0249,0.0,0.0,0.11709081,0.0909,0.025,0.976739687,0.0,3178
k1164,0.0,0.669046268,0.052,0.0,0.0,0.0906,0.0,0.0,0.976739687,0.0263,2880
k1472,0.0,0.601424609,0.0,0.0,0.0,0.0697,0.0,0.0,0.947841514,0.0,690
k2360,0.0,0.705213061,0.114722853,0.0,0.0,0.0697,0.0,0.0,0.976739687,0.0,2155
k792,0.0,0.55394289,0.121782672,0.0714,0.0,0.127641614,0.0,0.0,0.948126588,0.0526,3207
k3403,0.0,0.617656329,0.0699,0.0,0.0,0.146325827,0.0,0.0,0.969556823,0.0,2644
k1075,0.0,0.705213061,0.100160495,0.0,0.0,0.0919,0.181818182,0.0,0.976739687,0.0263,2844
k2501,0.0,0.705213061,0.0,0.0,0.0,0.0134,0.181818182,0.0,0.976739687,0.0,2465
k2368,0.0,0.705213061,0.0,0.0,0.0,0.0,0.0,0.0,0.976739687,0.0,1378
k1805,0.0,0.705213061,0.118078926,0.0,0.0,0.0818,0.0,0.0,0.976739687,0.0,525
k3047,0.0,0.641515381,0.0,0.0,0.0,0.0718,0.0909,0.0,0.976739687,0.0,451
k2915,0.0,0.705213061,0.0801,0.0,0.0,0.108367499,0.454545455,0.0,0.976739687,0.0,3184
k793,0.0,0.56700706,0.0379,0.0,0.0,0.0772,0.363636364,0.05,0.976739687,0.0263,1468
k2701,0.0,0.582372037,0.114722853,0.142857143,0.0,0.127641614,0.0,0.0,0.951211504,0.0526,1968
k121,0.0,0.705213061,0.114722853,0.0,0.0,0.0772,0.227272727,0.0,0.976739687,0.0,2632
k278,0.0,0.705213061,0.114722853,0.0,0.0,0.105552454,0.0,0.0,0.976739687,0.0,2904
k1356,0.0,0.705213061,0.0702,0.0,0.0,0.0417,0.0,0.0,0.976739687,0.0,3199
k2512,0.0,0.625441251,0.0,0.0,0.0,0.0378,0.0455,0.0,0.976739687,0.0263,395
k3400,0.0,0.705213061,0.0574,0.0,0.0,0.0453,0.227272727,0.0,0.976739687,0.0,608
k764,0.0,0.714589637,0.0574,0.0,0.0,0.0319,0.0,0.0,0.976739687,0.0,756
k213,0.0,0.649284544,0.139578615,0.0,0.0,0.133530629,0.0909,0.0,0.976739687,0.0789,2535
k1687,0.0,0.705213061,0.175440353,0.0,0.0,0.113739575,0.0,0.0,0.976739687,0.0526,527
k2825,0.0,0.705213061,0.0,0.0,0.0,0.0417,0.0,0.0,0.976739687,0.0,1890
k842,0.0,0.59705938,0.196940032,0.285714286,0.0667,0.171330054,0.0455,0.0,0.976739687,0.157894737,1385
k2079,0.0,0.920149395,0.0,0.0,0.0,0.0,0.181818182,0.0,0.976739687,0.0,1271
k2017,0.0,0.705213061,0.0,0.0,0.0,0.0835,0.0,0.0,0.976739687,0.0,673
k2118,0.0,0.602212557,0.0377,0.0,0.0,0.0762,0.0,0.0,0.976739687,0.0263,640
k1691,0.0,0.526475038,0.0,0.0714,0.0,0.105552454,0.0,0.0,0.976739687,0.0,842
k1801,0.100075571,0.705213061,0.0249,0.0,0.0,0.0326,0.136363636,0.0,0.976739687,0.0,1121
k1145,0.0,0.705213061,0.0,0.0,0.0,0.0134,0.0,0.0,0.976739687,0.0,697
k1686,0.0,0.705213061,0.00706,0.0,0.0,0.0,0.0909,0.0,0.976739687,0.0,377
k850,0.0,0.705213061,0.0,0.0,0.0,0.00589,0.0,0.0,0.976739687,0.0,1150
k2580,0.0,0.496564549,0.114722853,0.214285714,0.0,0.19146242,0.0,0.0,0.976739687,0.131578947,2232
k1281,0.0,0.705213061,0.0574,0.0,0.0,0.0453,0.0,0.0,0.976739687,0.0,531
k2510,0.0,0.668794125,0.0379,0.0,0.0,0.0772,0.0909,0.1,0.976739687,0.0263,1128
k95,0.0,0.705213061,0.0635,0.0,0.0,0.06,0.0,0.0,0.971613434,0.0,3313
k3241,0.0,0.705213061,0.0379,0.0,0.0,0.0134,0.0,0.0,0.976739687,0.0,289
k489,0.0,0.705213061,0.0574,0.0,0.0,0.0319,0.0,0.0,0.976739687,0.0,399
k1716,0.0,0.705213061,0.0518,0.0,0.0,0.180292437,0.0,0.0,0.976739687,0.0,1238
k2515,0.0,0.670763994,0.0,0.0,0.0,0.0319,0.363636364,0.0,0.976739687,0.0,1373
k1,0.0,0.705213061,0.0,0.0,0.0,0.0,0.0,0.0,0.976739687,0.0,2963
k3411,0.0,0.416304211,0.0676,0.0,0.0,0.0,0.0,0.0,0.976739687,0.0,436
k1061,0.0,0.705213061,0.0574,0.0,0.0,0.104594179,0.0,0.0,0.976739687,0.0,1197
k2699,0.0,0.685104639,0.0,0.0,0.0,0.0586,0.0909,0.0,0.976739687,0.0,2471
k1578,0.0,0.609020424,0.0189,0.0,0.0,0.0777,0.136363636,0.0,0.976739687,0.0263,2413
k253,0.22455777,0.705213061,0.0249,0.0,0.0,0.00589,0.0,0.0,0.976739687,0.0,2416
k1936,0.0,0.709483737,0.0574,0.0,0.0,0.0638,0.0,0.0,0.976739687,0.0,490
k1154,0.0,0.705213061,0.0409,0.0,0.0,0.0772,0.0455,0.0,0.976739687,0.0,218
k500,0.0,0.705213061,0.0,0.0,0.0,0.0417,0.0,0.0,0.976739687,0.0,985
k2088,0.0,0.705213061,0.0,0.0,0.0,0.00589,0.227272727,0.0,0.976739687,0.0,2598
k2589,0.0,0.705213061,0.163254233,0.0,0.0,0.0236,0.954545455,0.0,0.976739687,0.0526,831
k1869,0.0,0.705213061,0.0,0.0,0.0,0.0835,0.0,0.0,0.976739687,0.0,1783
k113,0.0,0.705213061,0.0,0.0,0.0,0.0319,0.0,0.0,0.976739687,0.0,385
k2777,0.0,0.549152168,0.0,0.0714,0.0,0.105552454,0.0,0.0,0.976739687,0.0,771
k931,0.0,0.705213061,0.0249,0.0,0.0,0.0118,0.0,0.0,0.976739687,0.0,2515
k2252,0.0,0.705213061,0.0379,0.0,0.0,0.0134,0.0909,0.0,0.976739687,0.0,3035
k601,0.0,0.705213061,0.114722853,0.0,0.0,0.105552454,0.0909,0.0,0.976739687,0.0,2532
k233,0.114294111,0.705213061,0.0574,0.0,0.0,0.0319,0.0,0.0,0.976739687,0.0,1437
k948,0.0,0.705213061,0.0497,0.0,0.0,0.0,0.0,0.0,0.976739687,0.0526,367
k2643,0.0,0.705213061,0.0,0.0,0.0,0.0835,0.0909,0.0,0.976739687,0.0,3134
k2912,0.0,0.665043495,0.0,0.0,0.0,0.0378,0.0,0.0,0.976739687,0.0263,1881
k758,0.0,0.705213061,0.0,0.0,0.0,0.0,0.0,0.0,0.976739687,0.0,1349
k2607,0.0,0.705213061,0.0379,0.0,0.0,0.0685,0.0,0.0,0.976739687,0.0,1891
k2585,0.0,0.705213061,0.0249,0.0,0.0,0.0118,0.0,0.0,0.976739687,0.0,3011
k965,0.211416816,0.659055093,0.0249,0.0,0.0667,0.0831,0.0455,0.0,0.980201309,0.0,2985
k774,0.0,0.705213061,0.0,0.0,0.0,0.0,0.181818182,0.0,0.976739687,0.0,3010
k1667,0.0,0.705213061,0.099,0.0,0.0,0.094,0.136363636,0.0,0.976739687,0.0263,1034
k122,0.0,0.705213061,0.0249,0.0,0.0,0.00589,0.181818182,0.0,0.976739687,0.0,1760
k3068,0.0,0.527152673,0.0513,0.0,0.0,0.253494759,0.0,0.0,0.976739687,0.0,1069
k1942,0.0,0.586500883,0.103630402,0.428571429,0.0,0.431770471,0.227272727,0.1,0.976739687,0.0263,1272
k65,0.0,0.738858422,0.114722853,0.0,0.0,0.0957,0.0,0.0,0.976739687,0.0,1733
k2590,0.0,0.728347201,0.0822,0.0,0.0,0.0697,0.0455,0.0,0.976739687,0.0,3417
k473,0.0,0.705213061,0.114722853,0.0,0.0,0.0697,0.0909,0.0,0.976739687,0.0,2523
k1777,0.145586095,0.514545512,0.0,0.0,0.0,0.0638,0.0,0.0,0.976739687,0.0,2054
k1839,0.0,0.705213061,0.0379,0.0,0.0,0.0551,0.0,0.0,0.976739687,0.0,2977
k1948,0.0,0.667722516,0.0822,0.0,0.0,0.0842,0.0,0.0,0.976739687,0.0526,772
k1809,0.0,0.705213061,0.0,0.0,0.0,0.0835,0.0,0.0,0.976739687,0.0,2177
k859,0.0,0.67894289,0.0,0.0,0.0,0.0906,0.0909,0.05,0.976739687,0.0,963
k678,0.0,0.495130484,0.107072957,0.0,0.0,0.107509248,0.0,0.0,0.976739687,0.0526,3430
k1175,0.0,0.705213061,0.00706,0.0,0.0,0.0267,0.0909,0.0,0.976739687,0.0,270
k629,0.123530564,0.896006682,0.0,0.0,0.0,0.0,0.227272727,0.0,0.976739687,0.0,1875
k1233,0.0,0.705213061,0.0408,0.0,0.0,0.129374615,0.0,0.0,0.976739687,0.0,516
k3103,0.126707344,0.677871281,0.0,0.0714,0.0,0.0643,0.0,0.0,0.976739687,0.0,2866
k2308,0.124790081,0.59209531,0.0574,0.0,0.0,0.0638,0.0,0.0,0.976739687,0.0,746
k3265,0.0,0.524079677,0.0422,0.285714286,0.0,0.0772,0.0,0.0,0.976739687,0.0526,271
k721,0.0,0.705213061,0.0746,0.0,0.0,0.0236,0.0,0.0,0.976739687,0.0526,3381
k3280,0.0,0.705213061,0.0574,0.0,0.0,0.0638,0.0,0.0,0.976739687,0.0263,3225
k1150,0.0,0.705213061,0.114722853,0.0,0.0,0.0638,0.272727273,0.0,0.976739687,0.0,625
k3170,0.0,0.705213061,0.118078926,0.0,0.0,0.0535,0.136363636,0.05,0.976739687,0.0,345
k2549,0.152779333,0.573279123,0.0,0.0,0.0,0.0319,0.0,0.0,0.951212776,0.0,1938
k508,0.0,0.695537065,0.0,0.0,0.0,0.0,0.0,0.0,0.976739687,0.0,808
k2351,0.0,0.705213061,0.0,0.0,0.0,0.0,0.0,0.0,0.976739687,0.0,2136
k2662,0.0,0.705213061,0.0,0.0,0.0,0.0,0.181818182,0.0,0.976739687,0.0,550
k921,0.0,0.705213061,0.0319,0.0,0.0,0.00589,0.363636364,0.0,0.976739687,0.0,1873
k201,0.0,0.64348525,0.0249,0.0,0.0,0.0512,0.0455,0.0,0.976739687,0.0,255
k3243,0.0,0.611998865,0.0865,0.0,0.0,0.1850836,0.0,0.0,0.976739687,0.0263,39
k1653,0.0,0.705213061,0.0,0.0,0.0,0.0134,0.181818182,0.0,0.976739687,0.0,333
k398,0.0,0.705213061,0.0,0.0,0.0,0.0417,0.181818182,0.0,0.976739687,0.0,458
k961,0.0,0.705213061,0.114722853,0.0,0.0,0.0831,0.318181818,0.0,0.976739687,0.0,1825
k1291,0.0,0.705213061,0.157521922,0.0,0.0,0.0821,0.318181818,0.0,0.976739687,0.0,1255
k2278,0.0,0.705213061,0.0574,0.0,0.0,0.0319,0.0,0.0,0.976739687,0.0,2381
k3015,0.0,0.705213061,0.0,0.0,0.0,0.0,0.0,0.0,0.976739687,0.0,178
k549,0.0,0.705213061,0.0,0.0,0.0,0.0,0.0,0.0,0.976739687,0.0,2399
k2628,0.134698276,0.595499244,0.0574,0.0,0.0,0.0638,0.0,0.0,0.976739687,0.0,1522
k2730,0.0,0.543983232,0.0,0.0,0.0,0.0638,0.0,0.0,0.976739687,0.0,1401
k476,0.0,0.677414271,0.0,0.0,0.0,0.0638,0.0,0.0,0.976014274,0.0,1387
k935,0.0,0.627994201,0.0,0.0,0.0,0.0974,0.0,0.0,0.976739687,0.0,58
k605,0.0,0.705213061,0.0,0.0,0.0,0.0835,0.0,0.0,0.976739687,0.0,1130
k3027,0.0,0.705213061,0.127267473,0.0,0.0,0.104594179,0.0,0.0,0.976739687,0.0,1449
k3125,0.0,0.705213061,0.0753,0.0,0.0,0.0443,0.227272727,0.0,0.976739687,0.0,1507
k3392,0.0,0.705213061,0.0513,0.0,0.0,0.0743,0.0,0.0,0.976739687,0.0,2506
k2529,0.0,0.705213061,0.112496522,0.0,0.0,0.031,0.0,0.0,0.976739687,0.105263158,1431
k2036,0.0,0.705213061,0.0,0.0,0.0,0.00589,0.0,0.0,0.976739687,0.0,2469
k24,0.0,0.705213061,0.087,0.0,0.0,0.0789,0.0,0.0,0.976739687,0.0,309
k2495,0.0,0.705213061,0.0379,0.0,0.0,0.0134,0.181818182,0.0,0.976739687,0.0,983
k2924,0.0,0.705213061,0.0,0.0,0.0,0.0,0.0,0.0,0.976739687,0.0,2525
k1940,0.0,0.705213061,0.0,0.0,0.0,0.0417,0.0,0.0,0.976739687,0.0,2519
k3057,0.0,0.705213061,0.0574,0.0,0.0,0.0319,0.363636364,0.0,0.976739687,0.0,2362
k3029,0.0,0.705213061,0.0,0.0,0.0,0.0319,0.0,0.0,0.976739687,0.0,1687
k1564,0.0,0.705213061,0.0818,0.0,0.0,0.0531,0.0,0.0,0.976739687,0.0,2255
k3324,0.109703874,0.705213061,0.0,0.0,0.0,0.0,0.0,0.0,0.976739687,0.0,1324
k2298,0.0,0.605600731,0.0189,0.0,0.0,0.0777,0.227272727,0.0,0.976739687,0.0263,1518
k1302,0.0,0.581190116,0.318722724,0.142857143,0.0,0.241039868,0.272727273,0.0,0.94277762,0.184210526,389
k761,0.0,0.705213061,0.0,0.0,0.0,0.00589,0.0909,0.0,0.976739687,0.0,1899
k289,0.0,0.705213061,0.0114,0.0,0.0,0.0,0.0,0.0,0.976739687,0.0,44
k292,0.0,0.636598588,0.108663859,0.0,0.0,0.188645845,0.0,0.0,0.976739687,0.0263,281
k1827,0.0,0.705213061,0.0,0.0,0.0,0.0,0.0,0.0,0.976739687,0.0,1345
k2420,0.0,0.524646999,0.00493,0.0,0.0,0.139126037,0.0,0.0,0.976739687,0.0,941
k845,0.102440663,0.502883888,0.0,0.0714,0.0667,0.259925753,0.0,0.0,0.976739687,0.0263,551
k1674,0.0,0.705213061,0.290163203,0.0,0.0,0.183449396,0.136363636,0.0,0.976739687,0.0789,425
k803,0.0,0.705213061,0.0,0.0,0.0,0.0968,0.0,0.0,0.976739687,0.0,1411
k979,0.0,0.705213061,0.0249,0.0,0.0,0.0118,0.0,0.0,0.976739687,0.0,2796
k313,0.0,0.652830308,0.00401,0.0,0.0,0.0319,0.0,0.0,0.976739687,0.0526,2828
k2804,0.0,0.705213061,0.0379,0.0,0.0,0.0134,0.0,0.0,0.976739687,0.0,2833
k1808,0.0,0.604623676,0.0,0.0,0.0,0.0319,0.0,0.0,0.976739687,0.0,2572
k416,0.0,0.606546268,0.0189,0.0,0.0,0.0777,0.0909,0.0,0.976739687,0.0263,2090
k3084,0.0,0.545795512,0.0753,0.142857143,0.0,0.108138774,0.181818182,0.0,0.976739687,0.0526,1323
k767,0.0,0.717442007,0.0,0.0,0.0,0.0319,0.0,0.0,0.976739687,0.0,2087
k1906,0.0,0.705213061,0.0,0.0,0.0,0.0,0.181818182,0.0,0.976739687,0.0,610
k2453,0.0,0.670953101,0.114722853,0.0,0.0,0.0957,0.0,0.0,0.949200709,0.0263,1529
k1298,0.0,0.730206757,0.0,0.0,0.0,0.0,0.227272727,0.0,0.976739687,0.0,67
k58,0.0,0.708790343,0.0,0.0,0.0,0.0974,0.0,0.0,0.976739687,0.0,1795
k2743,0.254968092,0.705213061,0.0574,0.0,0.0,0.0319,0.0,0.0,0.976385889,0.0,1241
k1756,0.0943,0.705213061,0.0319,0.0,0.0,0.0326,0.136363636,0.0,0.976739687,0.0,1879
k1540,0.0,0.740324004,0.0,0.0,0.0,0.11555034,0.0,0.0,0.976739687,0.0,1136
k1267,0.0,0.50015759,0.0,0.142857143,0.0,0.0638,0.0,0.0,0.976739687,0.105263158,2283
k186,0.105057658,0.574618633,0.0,0.0,0.0,0.0638,0.0,0.0,0.976739687,0.0,2127
k735,0.0,0.538231215,0.0,0.0,0.0,0.0638,0.0,0.0,0.976739687,0.0,1300
k808,0.0,0.705213061,0.0,0.0,0.0,0.0,0.454545455,0.0,0.976739687,0.0,2950
k1615,0.0,0.58323878,0.0574,0.0,0.0,0.114986071,0.0,0.0,0.919790928,0.0526,2781
k509,0.0,0.705213061,0.0249,0.0,0.0,0.0326,0.363636364,0.0,0.976739687,0.0,1886
k2083,0.117764778,0.705213061,0.0,0.0,0.0,0.0,0.181818182,0.0,0.976739687,0.0,449
k1247,0.0,0.741458649,0.0249,0.0,0.0,0.0378,0.0909,0.0,0.976739687,0.0263,1535
k1159,0.0,0.705213061,0.0,0.0,0.0,0.0,0.227272727,0.0,0.976739687,0.0,188
k1038,0.0,0.664523449,0.0249,0.0,0.0,0.0,0.0,0.0,0.976739687,0.0,2739
k2346,0.0,0.705213061,0.075,0.0,0.0,0.0753,0.0,0.0,0.976739687,0.0,621
k3053,0.0,0.705213061,0.0507,0.0,0.0,0.0777,0.0,0.0,0.971282543,0.0,263
k2309,0.0,0.637559884,0.0249,0.0,0.0,0.0453,0.181818182,0.0,0.976739687,0.0,1195
k1744,0.0,0.644730207,0.0,0.0,0.0,0.0718,0.0,0.0,0.976739687,0.0,2062
k1198,0.0,0.705213061,0.0,0.0,0.0,0.0,0.181818182,0.0,0.976739687,0.0,818
k348,0.110459584,0.705213061,0.0,0.0,0.0,0.0,0.0,0.0,0.976739687,0.0,87
k1892,0.0,0.705213061,0.0,0.0,0.0,0.0,0.363636364,0.0,0.976739687,0.0,1995
k716,0.0,0.574082829,0.0513,0.0,0.0,0.138121059,0.0,0.0,0.976739687,0.0,3243
k694,0.0,0.705213061,0.118078926,0.0,0.0,0.0818,0.0,0.0,0.976739687,0.0263,1870
k1379,0.0,0.705213061,0.0,0.142857143,0.0,0.0134,0.363636364,0.0,0.976739687,0.0,419
k2493,0.105113636,0.705213061,0.0,0.0,0.0,0.0,0.0,0.0,0.976739687,0.0,1453
k3262,0.0,0.752820852,0.0,0.0,0.0,0.0319,0.0909,0.0,0.976739687,0.0,2022
k2849,0.0,0.705213061,0.0801,0.0,0.0,0.0685,0.0,0.0,0.976739687,0.0,761
k1983,0.0,0.705213061,0.0377,0.142857143,0.0,0.145526454,0.272727273,0.0,0.976739687,0.0,992
k2776,0.0,0.804762355,0.0379,0.0,0.0,0.0685,0.0,0.0,0.976739687,0.0,1789
k166,0.0,0.705213061,0.0,0.0,0.0,0.0,0.272727273,0.0,0.976739687,0.0,1001
k1447,0.0,0.705213061,0.0,0.0,0.0,0.0727,0.0,0.0,0.976739687,0.0,2864
k2605,0.0,0.705213061,0.0518,0.0,0.0,0.154689497,0.0,0.0,0.976739687,0.0,1858
k184,0.0,0.705213061,0.108663859,0.0714,0.0,0.106210656,0.0,0.0,0.976739687,0.0263,1862
k35,0.0,0.864993066,0.0,0.0,0.0,0.00589,0.0,0.0,0.976739687,0.0,2827
k440,0.0,0.633903807,0.0249,0.0,0.0,0.0453,0.0455,0.0,0.976739687,0.0,2694
k823,0.0,0.705213061,0.118078926,0.0,0.0,0.0818,0.0,0.0,0.976739687,0.0,437
k3113,0.0,0.705213061,0.113233959,0.0,0.0,0.0577,0.181818182,0.0,0.976739687,0.0263,412
k3247,0.0,0.705213061,0.0,0.0,0.0,0.0,0.363636364,0.0,0.976739687,0.0,2765
k667,0.0,0.705213061,0.0759,0.0,0.0,0.0685,0.0,0.0,0.976739687,0.0,1666
k1292,0.0,0.705213061,0.10966289,0.0,0.0,0.0267,0.0,0.0,0.976739687,0.0263,1599
k2799,0.0,0.705213061,0.114722853,0.0,0.0,0.0638,0.0909,0.0,0.976739687,0.0,107
k3151,0.0,0.705213061,0.118078926,0.0,0.0,0.0818,0.0,0.0,0.976739687,0.0263,2446
k322,0.0,0.705213061,0.0,0.0,0.0,0.0,0.0,0.0,0.976739687,0.0,1927
k1632,0.0995,0.705213061,0.0,0.0,0.0,0.0,0.0,0.0,0.976739687,0.0,328
k1091,0.0,0.705213061,0.0481,0.0,0.0,0.0256,0.318181818,0.05,0.976739687,0.0,1698
k2200,0.0,0.705213061,0.0759,0.0,0.0,0.0326,0.0909,0.0,0.976739687,0.0263,301
k1018,0.0,0.550601992,0.0189,0.0,0.0,0.0777,0.272727273,0.0,0.976739687,0.0263,115
k400,0.0,0.705213061,0.0587,0.0,0.0,0.0607,0.0,0.0,0.976739687,0.0,1950
k1619,0.0,0.705213061,0.0465,0.0,0.0,0.0134,0.272727273,0.0,0.976739687,0.0,2601
k483,0.0,0.589794503,0.0189,0.0,0.0,0.0777,0.272727273,0.0,0.976739687,0.0263,2244
k2449,0.0,0.705213061,0.108663859,0.0,0.0,0.106210656,0.0,0.0,0.976739687,0.0263,2350
k2526,0.0,0.705213061,0.0,0.0,0.0,0.0,0.0,0.0,0.976739687,0.0,1311
k21,0.0,0.705213061,0.117525213,0.0,0.0,0.0994,0.0,0.0,0.976739687,0.0,3356
k1764,0.0,0.647740166,0.0,0.0,0.0,0.154373289,0.0909,0.0,0.976739687,0.0263,1312
k105,0.0,0.705213061,0.0,0.0,0.0,0.0,0.181818182,0.0,0.976739687,0.0,3338
k1363,0.0,0.705213061,0.108663859,0.0,0.0,0.106210656,0.0,0.0,0.976739687,0.0,669
k1339,0.0,0.627631745,0.0574,0.0714,0.0,0.101620224,0.0,0.0,0.930426505,0.0263,1460
k2885,0.114923869,0.673474534,0.0,0.0,0.0,0.0319,0.0,0.0,0.976739687,0.0,2135
k2470,0.0,0.500330938,0.0513,0.285714286,0.0,0.201941868,0.0,0.0,0.976739687,0.105263158,1066
k1585,0.0,0.680629097,0.0746,0.0,0.0,0.0815,0.0,0.0,0.976739687,0.0263,734
k2197,0.0,0.875567322,0.0574,0.0,0.0,0.0319,0.0,0.0,0.980570378,0.0,2717
k2293,0.0,0.705213061,0.0,0.0,0.0,0.0134,0.227272727,0.0,0.976739687,0.0,569
k1077,0.0,0.705213061,0.0574,0.0,0.0,0.0319,0.0,0.0,0.976739687,0.0526,2156
k1200,0.12276086,0.705213061,0.0,0.0,0.0,0.0,0.227272727,0.0,0.976739687,0.0,3239
k717,0.0,0.705213061,0.0,0.0,0.0,0.0134,0.454545455,0.0,0.976739687,0.0,2137
k1352,0.0,0.694638805,0.0,0.0,0.0,0.0319,0.0,0.0,0.976739687,0.0,1578
k1177,0.0,0.705213061,0.0497,0.0,0.0,0.0378,0.0,0.0,0.976739687,0.0789,1126
k2953,0.0,0.714794503,0.0513,0.0,0.0,0.106210656,0.0,0.0,0.976739687,0.0263,643
k1917,0.0,0.705213061,0.0,0.0,0.0,0.0417,0.0,0.0,0.976739687,0.0,2650
k2210,0.0,0.662916036,0.0379,0.0,0.0,0.0772,0.0909,0.0,0.976739687,0.0263,2130
k525,0.0583,0.705213061,0.0,0.0,0.0,0.0,0.0,0.0,0.976739687,0.0,2805
k2059,0.0,0.705213061,0.118078926,0.0,0.0,0.0818,0.227272727,0.0,0.976739687,0.0,3378
k27,0.0,0.705213061,0.0,0.0,0.0,0.0,0.0,0.0,0.976739687,0.0526,2761
k3069,0.0,0.705213061,0.0,0.0,0.0,0.0417,0.0,0.0,0.976739687,0.0,1641
k2830,0.0,0.664350101,0.0,0.0,0.0,0.0319,0.0455,0.0,0.976739687,0.0,2427
k407,0.0961,0.705213061,0.0698,0.0,0.0,0.0401,0.136363636,0.0,0.976739687,0.0,2495
k1533,0.0,0.483248235,0.0,0.142857143,0.0,0.0957,0.0,0.0,0.976739687,0.0526,1717
k497,0.0,0.705213061,0.0,0.0,0.0,0.0,0.227272727,0.0,0.976739687,0.0,2396
k1413,0.0,0.705213061,0.0,0.0,0.0,0.0,0.0,0.0,0.976739687,0.0,2169
k1223,0.0,0.705213061,0.112957097,0.0,0.0,0.0886,0.181818182,0.0,0.976739687,0.0263,3266
k2011,0.189879086,0.705213061,0.0,0.0,0.0,0.0,0.0,0.0,0.976739687,0.0,1319
k3171,0.0,0.608342789,0.22944571,0.0,0.0,0.218194097,0.0909,0.0,0.976739687,0.105263158,1853
k1740,0.0,0.705213061,0.0518,0.0,0.0,0.154689497,0.0,0.0,0.976739687,0.0,1920
k897,0.0,0.587383384,0.0,0.0,0.0,0.0638,0.0,0.0,0.951603481,0.0,1280
k3142,0.0,0.72881997,0.0,0.0,0.0,0.0,0.0,0.0,0.976739687,0.0,853
k2116,0.0,0.705213061,0.075,0.0,0.0,0.0753,0.0,0.0,0.976739687,0.0,3072
k2218,0.0,0.705213061,0.0409,0.0,0.0,0.0267,0.0909,0.0,0.976739687,0.0,522
k1170,0.0,0.705213061,0.114722853,0.0,0.0,0.0638,0.0909,0.0,0.976739687,0.0,689
k1310,0.0,0.705213061,0.0497,0.0,0.0,0.0718,0.0,0.0,0.957456421,0.0526,1896
k197,0.0,0.705213061,0.0,0.0,0.0,0.108138774,0.0,0.0,0.976739687,0.0263,1989
k2119,0.0,0.705213061,0.156784496,0.0,0.0,0.0874,0.181818182,0.0,0.976739687,0.0789,480
k660,0.0,0.655619642,0.0513,0.0,0.0,0.106210656,0.0,0.0,0.976739687,0.0526,2432
k1850,0.0,0.705213061,0.0338,0.0,0.0,0.019,0.0,0.0,0.976739687,0.0,1178
k2144,0.0,0.705213061,0.0,0.0,0.0,0.0,0.0909,0.0,0.976739687,0.0,321
k3372,0.0,0.656376072,0.0,0.0,0.0,0.0718,0.0455,0.0,0.976739687,0.0,290
k2276,0.0,0.670149395,0.0,0.0,0.0,0.0,0.0455,0.0,0.976739687,0.0,692
k155,0.0,0.705213061,0.0518,0.0,0.0,0.124589088,0.272727273,0.0,0.976739687,0.0,2941
k3119,0.0,0.705213061,0.0,0.0,0.0,0.00589,0.0,0.0,0.976739687,0.0,1608
k1889,0.167669615,0.705213061,0.0,0.0,0.0,0.0,0.0,0.0,0.976739687,0.0,92
k2758,0.0,0.531943394,0.114722853,0.0,0.0,0.169373253,0.0,0.0,0.976739687,0.0,3121
k2469,0.0,0.613637796,0.0822,0.0,0.0,0.0697,0.0455,0.0,0.970731484,0.0789,2669
k1239,0.0,0.705213061,0.0,0.0,0.0,0.0551,0.0909,0.0,0.976739687,0.0,48
k459,0.0,0.55213061,0.311662914,0.0,0.0,0.314681919,0.227272727,0.0,0.94822331,0.236842105,3424
k996,0.0,0.705213061,0.0,0.0,0.0,0.0835,0.0,0.0,0.976739687,0.0,2480
k1328,0.0,0.705213061,0.0,0.0,0.0,0.0,0.0,0.0,0.976739687,0.0,1956
k1373,0.0,0.705213061,0.0702,0.0,0.0,0.0835,0.0,0.0,0.976739687,0.0,213
k2455,0.0,0.705213061,0.0,0.0,0.0,0.0134,0.0,0.0,0.976739687,0.0,370
k2638,0.0,0.705213061,0.0635,0.0,0.0,0.06,0.0,0.0,0.967285135,0.0,460
k772,0.0,0.705213061,0.0249,0.0,0.0,0.0399,0.0,0.0,0.962955563,0.0,1059
k2062,0.0,0.841244327,0.114722853,0.0,0.0,0.0697,0.136363636,0.0,0.976739687,0.0,1313
k77,0.0,0.705213061,0.0497,0.0,0.0,0.0,0.0,0.0,0.976739687,0.0526,1471
k1651,0.113258509,0.705213061,0.0379,0.0,0.0,0.0535,0.181818182,0.0,0.976739687,0.0,945
k1694,0.0,0.705213061,0.0948,0.0,0.0,0.199603198,0.363636364,0.025,0.976739687,0.0,390
k1546,0.0,0.633163137,0.0,0.0,0.0,0.0319,0.0,0.0,0.976739687,0.0,3212
k1887,0.0,0.705213061,0.0801,0.0,0.0,0.0922,0.0,0.0,0.976739687,0.0263,2374
k2632,0.0,0.705213061,0.0,0.0,0.0,0.0,0.0,0.0,0.976739687,0.0,2073
k2913,0.0,0.940825139,0.00706,0.0,0.0,0.0134,0.0,0.0,0.976739687,0.0,66
k1518,0.0,0.705213061,0.0,0.0,0.0,0.0417,0.0,0.0,0.976739687,0.0,570
k2241,0.0,0.577612834,0.0518,0.0,0.0,0.190144494,0.0,0.0,0.976739687,0.0,2635
k2936,0.0,0.705213061,0.0518,0.0,0.0,0.154689497,0.0,0.0,0.976739687,0.0,1279
k3197,0.0,0.705213061,0.0,0.0,0.0,0.0,0.0,0.0,0.976739687,0.0,909
k3065,0.0,0.630893848,0.0,0.0,0.0,0.0756,0.0909,0.0,0.976739687,0.0526,455
k2522,0.0,0.554431417,0.0702,0.0,0.0,0.13746286,0.0455,0.0,0.976739687,0.0263,1217
k778,0.0,0.705213061,0.0249,0.0,0.0,0.0399,0.0,0.0,0.971923961,0.0,1399
k1127,0.0,0.705213061,0.00706,0.0,0.0,0.0,0.363636364,0.0,0.976739687,0.0,592
k769,0.0,0.705213061,0.0,0.0,0.0,0.0267,0.181818182,0.0,0.976739687,0.0,3161
k2873,0.0,0.634644478,0.114722853,0.0,0.0,0.127641614,0.0,0.0,0.976739687,0.0,3047
k3336,0.0,0.705213061,0.0,0.0,0.0,0.0378,0.0,0.0,0.976739687,0.0,1394
k2010,0.0,0.565998487,0.0518,0.214285714,0.0,0.176778648,0.0,0.0,0.976739687,0.157894737,1125
k3235,0.0621,0.705213061,0.0,0.0,0.0,0.0,0.0,0.0,0.976739687,0.0,2775
k1946,0.0,0.705213061,0.0249,0.0,0.0,0.0118,0.0,0.0,0.976739687,0.0,100
k1876,0.0,0.705213061,0.0448,0.0,0.0,0.0655,0.181818182,0.0,0.976739687,0.0,1796
k2754,0.0,0.705213061,0.0759,0.0,0.0,0.0267,0.0909,0.0,0.976739687,0.0263,3412
k784,0.0,0.705213061,0.0753,0.0,0.0,0.086,0.318181818,0.0,0.976739687,0.0,1065
k1624,0.102804523,0.705213061,0.0,0.0,0.0,0.0,0.0455,0.0,0.976739687,0.0,614
k2312,0.0,0.705213061,0.0,0.0,0.0,0.0835,0.0909,0.0,0.976739687,0.0,2897
k1865,0.0,0.705213061,0.0422,0.0,0.0,0.0134,0.0455,0.0,0.976739687,0.0,3322
k2263,0.0994,0.504916793,0.0,0.357142857,0.266666667,0.305202002,0.0,0.025,0.976739687,0.105263158,1064
k3079,0.114056202,0.705213061,0.0,0.0,0.0,0.0,0.0,0.0,0.976739687,0.0,1910
k62,0.0,0.705213061,0.0,0.0,0.0,0.0638,0.0,0.0,0.976739687,0.0,710
k2962,0.0,0.705213061,0.0,0.0,0.0,0.0134,0.0,0.0,0.976739687,0.0,1836
k852,0.0,0.705213061,0.0,0.0,0.0,0.00589,0.0909,0.0,0.976739687,0.0,2571
k1462,0.0,0.705213061,0.23280177,0.0,0.0,0.151539,0.0455,0.0,0.976739687,0.0789,298
k1268,0.0,0.581174357,0.22944571,0.0,0.0,0.19146242,0.0455,0.0,0.976739687,0.157894737,2789
k1804,0.0,0.705213061,0.0,0.0,0.0,0.0319,0.0,0.0,0.976739687,0.0526,2801
k1249,0.0,0.64332766,0.013,0.0,0.0,0.0592,0.0455,0.0,0.976739687,0.0,1452
k363,0.0,0.705213061,0.0953,0.0714,0.0,0.100373735,0.0,0.0,0.976739687,0.0,3398
k284,0.0,0.705213061,0.0574,0.0,0.0,0.0319,0.0,0.0,0.976739687,0.0,340
k151,0.0,0.705213061,0.0,0.0,0.0,0.0417,0.0,0.0,0.976739687,0.0,1082
k646,0.0,0.705213061,0.0,0.0,0.0,0.0835,0.0,0.0,0.976739687,0.0,2928
k2211,0.0,0.705213061,0.150055748,0.0,0.0,0.0994,0.0,0.0,0.976739687,0.0,1155
k3008,0.0,0.66466528,0.0379,0.0,0.0,0.134870448,0.0909,0.0,0.976739687,0.0263,84
k3424,0.0,0.705213061,0.0753,0.0,0.0,0.169512919,0.181818182,0.0,0.976739687,0.0,2623
k1836,0.0,0.705213061,0.0518,0.0,0.0,0.124589088,0.181818182,0.0,0.976739687,0.0,1929
k2636,0.0,0.705213061,0.0,0.0,0.0,0.0134,0.0,0.0,0.976739687,0.0,562
k433,0.0,0.559316692,0.351228364,0.0,0.0,0.310749698,0.181818182,0.125,0.953922259,0.236842105,1952
k1165,0.0,0.705213061,0.108663859,0.0,0.0,0.106210656,0.0,0.0,0.976739687,0.0,3110
k423,0.0,0.705213061,0.172084273,0.0,0.0,0.0957,0.0,0.0,0.976739687,0.0263,1493
k2127,0.0,0.705213061,0.114722853,0.0,0.0,0.0638,0.0,0.0,0.976739687,0.0263,2345
k3329,0.0,0.705213061,0.0,0.0,0.0,0.0,0.272727273,0.0,0.976739687,0.0,2935
k174,0.0,0.705213061,0.11378767,0.0,0.0,0.0401,0.0,0.0,0.976739687,0.0,766
k2985,0.0,0.705213061,0.0,0.0,0.0,0.0,0.181818182,0.0,0.976739687,0.0,2304
k3202,0.0,0.705213061,0.0448,0.0,0.0,0.131014223,0.0,0.0,0.976739687,0.0,2992
k3361,0.0,0.705213061,0.0,0.0,0.0,0.0,0.227272727,0.0,0.976739687,0.0,1123
k274,0.0,0.657416162,0.0379,0.0,0.0,0.117960017,0.0,0.0,0.976739687,0.0263,587
k264,0.0,0.705213061,0.0249,0.0,0.0,0.125194952,0.0909,0.0,0.976739687,0.0,1730
k2714,0.0,0.705213061,0.0249,0.0,0.0,0.0476,0.0,0.0,0.976739687,0.0,3133
k2359,0.0,0.610801185,0.0444,0.0,0.0,0.0993,0.0,0.0,0.976739687,0.0263,3075
k2995,0.0,0.705213061,0.0,0.0,0.0,0.0835,0.0,0.0,0.976739687,0.0,1081
k1634,0.0,0.686617499,0.0746,0.0,0.0,0.0629,0.0455,0.0,0.976739687,0.0263,1596
k2884,0.0,0.705213061,0.0,0.0,0.0,0.0417,0.0,0.0,0.976739687,0.0,1473
k1920,0.0,0.700989662,0.0,0.0714,0.0,0.0643,0.0,0.0,0.976739687,0.0,2015
k1383,0.0,0.607208144,0.0437,0.0,0.0,0.0836,0.0909,0.0,0.976739687,0.0263,2186
k1278,0.0,0.705213061,0.0,0.0,0.0,0.0,0.0,0.0,0.976739687,0.0,383
k742,0.0,0.501386788,0.0,0.357142857,0.333333333,0.259925753,0.0,0.0,0.976739687,0.105263158,3045
k1234,0.0,0.832955119,0.106641732,0.0,0.0,0.0906,0.136363636,0.0,0.976739687,0.0526,2898
k797,0.0,0.642618507,0.0753,0.0,0.0,0.108138774,0.181818182,0.05,0.976739687,0.0,2701
k613,0.0,0.705213061,0.0996,0.142857143,0.0,0.0512,0.0,0.0,0.976739687,0.0263,699
k2713,0.0,0.705213061,0.0,0.0,0.0,0.0,0.0,0.0,0.976739687,0.105263158,773
k2697,0.0,0.705213061,0.107072957,0.0,0.0,0.0697,0.0,0.0,0.965326519,0.0,2033
k2613,0.0,0.705213061,0.0,0.0,0.0,0.0685,0.0455,0.0,0.976739687,0.0,1622
k1684,0.0,0.671252521,0.0,0.0,0.0,0.0319,0.0909,0.0,0.976739687,0.0,618
k34,0.0,0.705213061,0.311601294,0.214285714,0.0,0.42992534,0.545454545,0.275,0.976739687,0.184210526,568
k2345,0.0,0.372699193,0.101413329,0.142857143,0.0,0.0586,0.0,0.0,0.913175668,0.0,558
k3394,0.0,0.654500756,0.0702,0.0,0.0,0.138560791,0.0,0.0,0.976739687,0.0,837
k2503,0.0,0.650340393,0.139578615,0.0,0.0,0.101620224,0.0455,0.0,0.976739687,0.0,725
k2101,0.0,0.707750252,0.045,0.0,0.0,0.087,0.181818182,0.0,0.976739687,0.0,615
k1382,0.0,0.593923348,0.311662914,0.142857143,0.0667,0.235150863,0.136363636,0.0,0.976739687,0.131578947,3348
k3390,0.0,0.705213061,0.0379,0.0,0.0,0.0685,0.0,0.0,0.976739687,0.0,2983
k1057,0.0,0.620619012,0.0574,0.0,0.0,0.139419651,0.0,0.0,0.940785915,0.131578947,1322
k2254,0.0,0.705213061,0.0574,0.0,0.0,0.0319,0.181818182,0.0,0.976739687,0.0,2214
k1781,0.0687,0.705213061,0.0574,0.0,0.0,0.0319,0.0,0.0,0.976739687,0.0,3033
k809,0.0,0.705213061,0.0422,0.0,0.0,0.0134,0.0,0.0,0.976739687,0.0,3078
k3144,0.0,0.705213061,0.0,0.0,0.0,0.0236,0.0,0.0,0.976739687,0.0,306
k2281,0.213963838,0.705213061,0.0,0.0,0.0,0.0,0.0909,0.0,0.976739687,0.0,182
k2961,0.0,0.705213061,0.185280654,0.0,0.0,0.206945174,0.0,0.0,0.976739687,0.0263,3288
k674,0.0,0.827313414,0.0702,0.0,0.0,0.0417,0.0,0.0,0.976739687,0.0,187
k2041,0.0,0.705213061,0.118078926,0.0,0.0,0.0818,0.0455,0.0,0.976739687,0.0,3089
k3431,0.0,0.605679526,0.0,0.0,0.0,0.0319,0.0,0.0,0.976739687,0.0,2853
k125,0.0,0.54161939,0.0753,0.0,0.0,0.191602068,0.0,0.0,0.976739687,0.0263,2000
k2984,0.0,0.705213061,0.0,0.0,0.0,0.00589,0.227272727,0.0,0.976739687,0.0,2643
k1049,0.0,0.705213061,0.0,0.0,0.0,0.0655,0.0,0.0,0.976739687,0.0,1722
k1668,0.0,0.742089007,0.0249,0.0,0.0,0.0378,0.0909,0.0,0.976739687,0.0263,275
k1592,0.0,0.600384518,0.0702,0.0714,0.0,0.0926,0.0455,0.0,0.957747859,0.0,3283
k31,0.0,0.705213061,0.0,0.0714,0.0,0.0551,0.0,0.0,0.976739687,0.0,1377
k1840,0.0,0.705213061,0.0,0.0,0.0,0.0,0.0,0.0,0.976739687,0.0,1029
k1589,0.0,0.679494453,0.0,0.0,0.0,0.0697,0.0,0.0,0.976739687,0.0263,1669
k2740,0.0,0.584010968,0.0759,0.0,0.0,0.238934526,0.0,0.0,0.976739687,0.0,743
k1048,0.0,0.477212557,0.0657,0.142857143,0.0,0.101620224,0.0455,0.0,0.976739687,0.105263158,959
k1928,0.0,0.705213061,0.0,0.0,0.0,0.0,0.181818182,0.0,0.976739687,0.0,2753
k3140,0.0,0.617372668,0.172084273,0.0,0.0,0.159552008,0.0,0.0,0.976739687,0.105263158,1239
k470,0.0,0.705213061,0.0497,0.0,0.0,0.0437,0.0455,0.0,0.976739687,0.0,958
k128,0.0,0.705213061,0.0628,0.0,0.0,0.061,0.0,0.0,0.976739687,0.0263,611
k853,0.0,0.5727118,0.0513,0.0,0.0,0.138121059,0.0,0.0,0.976739687,0.0,1774
k1665,0.0,0.636519793,0.00706,0.0,0.0,0.0638,0.0,0.0,0.976739687,0.0526,1308
k606,0.0,0.705213061,0.00706,0.0,0.0,0.0267,0.0909,0.0,0.976739687,0.0,1422
k918,0.0,0.695300681,0.0513,0.0,0.0,0.106210656,0.0,0.0,0.976739687,0.0263,977
k3285,0.0,0.705213061,0.0,0.0,0.0,0.00589,0.0,0.0,0.976739687,0.0,1694
k2099,0.0,0.817842284,0.0,0.0,0.0,0.0319,0.0,0.0,0.976739687,0.0,2692
k2202,0.0,0.705213061,0.0,0.0,0.0,0.0835,0.0,0.0,0.976739687,0.0,1495
k480,0.0,0.705213061,0.0,0.0,0.0,0.0118,0.0,0.0,0.976739687,0.0,1056
k1238,0.0,0.705213061,0.0,0.0,0.0,0.0401,0.363636364,0.0,0.976739687,0.0,1876
k3341,0.114084192,0.705213061,0.0753,0.0,0.0,0.0443,0.181818182,0.0,0.976739687,0.0,2597
k137,0.0,0.705213061,0.00343,0.0,0.0,0.0753,0.0,0.0,0.976739687,0.0,1826
k439,0.151323892,0.491017398,0.0574,0.0714,0.0,0.0957,0.0,0.0,0.976739687,0.0526,1292
k187,0.0,0.705213061,0.0822,0.0,0.0,0.0319,0.0,0.0,0.976739687,0.0,468
k1746,0.0,0.577770424,0.0,0.0,0.0,0.0736,0.0,0.0,0.976739687,0.0526,2507
k397,0.0,0.705213061,0.29935175,0.0,0.0,0.232235784,0.0,0.0,0.976739687,0.105263158,1625
k2172,0.0,0.705213061,0.114132773,0.0,0.0,0.0437,0.0,0.0,0.976739687,0.0526,235
k1867,0.11749888,0.705213061,0.0,0.0,0.0,0.0,0.0,0.0,0.976739687,0.0,1018
k1336,0.0,0.705213061,0.0,0.0,0.0,0.0986,0.0,0.0,0.976739687,0.0,2145
k2700,0.0,0.705213061,0.0448,0.0,0.0,0.0655,0.136363636,0.0,0.975603207,0.0,3372
k2633,0.0,0.705213061,0.0,0.0,0.0,0.00589,0.0455,0.0,0.976739687,0.0,1110
k1722,0.0,0.705213061,0.0,0.0,0.0,0.0,0.0,0.0,0.976739687,0.0,2706
k1569,0.0,0.695111573,0.0,0.0,0.0,0.0638,0.0,0.0,0.976739687,0.0263,2066
k584,0.0,0.690273575,0.0493,0.0,0.0,0.0586,0.136363636,0.0,0.976739687,0.0263,3160
k2052,0.0,0.674451589,0.0822,0.0,0.0,0.0831,0.0455,0.0,0.976739687,0.0,37
k1925,0.0,0.705213061,0.0,0.0,0.0,0.0417,0.0,0.0,0.976739687,0.0,459
k176,0.0,0.705213061,0.0,0.0,0.0,0.00589,0.0,0.0,0.976739687,0.0,3341
k791,0.0,0.705213061,0.0,0.0,0.0,0.0968,0.0,0.0,0.976739687,0.0,2099
k2695,0.0,0.705213061,0.0497,0.0,0.0,0.0,0.0,0.0,0.976739687,0.105263158,760
k550,0.201270712,0.555707892,0.0,0.0,0.0,0.0638,0.0,0.0,0.976739687,0.0,1747
k1616,0.0,0.705213061,0.114722853,0.0,0.0,0.0638,0.0909,0.0,0.976739687,0.0526,1621
k1060,0.0,0.572727559,0.0702,0.0,0.0,0.0736,0.0,0.0,0.976739687,0.0789,2712
k1432,0.0,0.705213061,0.0,0.0,0.0,0.153616662,0.0,0.0,0.976739687,0.0,1365
k198,0.0,0.705213061,0.0,0.0,0.0,0.0193,0.0,0.0,0.976739687,0.0,1076
k1810,0.0,0.705213061,0.0,0.0,0.0,0.0505,0.0909,0.0,0.976739687,0.0,1198
k2,0.189319301,0.705213061,0.0574,0.0,0.0,0.0319,0.0,0.0,0.976739687,0.0,2174
k901,0.0,0.688776475,0.0,0.0,0.0,0.0453,0.0,0.0,0.976739687,0.0,3059
k144,0.0,0.705213061,0.0822,0.0,0.0,0.0512,0.0,0.0,0.976950948,0.0,729
k940,0.0,0.634234745,0.114722853,0.0,0.0,0.127641614,0.0455,0.0,0.976739687,0.0789,679
k3116,0.0,0.705213061,0.0,0.0,0.0,0.0118,0.0455,0.0,0.976739687,0.0,2978
k426,0.0,0.705213061,0.075,0.0,0.0,0.0753,0.0909,0.025,0.976739687,0.0,1459
k2749,0.0,0.598840141,0.0,0.0,0.0,0.147284102,0.0,0.0,0.976739687,0.0789,3419
k3234,0.0,0.705213061,0.0628,0.0,0.0,0.0326,0.0,0.0,0.976739687,0.0,1933
k457,0.0,0.705213061,0.0759,0.0,0.0,0.0401,0.0,0.0,0.976739687,0.0,3112
k3105,0.0,0.705213061,0.0801,0.0,0.0,0.0922,0.0,0.0,0.976739687,0.0,2611
k3020,0.0,0.705213061,0.0422,0.0,0.0,0.0134,0.0,0.0,0.976739687,0.0,2713
k1551,0.0,0.642555472,0.0513,0.0,0.0,0.106210656,0.0,0.0,0.976739687,0.0,2194
k1947,0.0,0.705213061,0.0,0.0,0.0,0.0417,0.0,0.0,0.976739687,0.0,457
k1863,0.0,0.491348336,0.39245223,0.0,0.0,0.43737417,0.818181818,0.35,0.976739687,0.184210526,1216
k1318,0.0,0.654091024,0.0379,0.142857143,0.0,0.0964,0.0,0.0,0.976739687,0.0263,2250
k1097,0.0,0.705213061,0.0,0.0,0.0,0.0,0.0909,0.0,0.976739687,0.0,430
k3233,0.0,0.693299294,0.0574,0.0,0.0,0.0772,0.0,0.0,0.976739687,0.0,1793
k3005,0.0,0.679305345,0.0953,0.0714,0.0,0.0906,0.181818182,0.0,0.976739687,0.0263,1295
k3402,0.0,0.838738654,0.0379,0.0714,0.0,0.0324,0.0455,0.0,0.976739687,0.0,529
k1789,0.0,0.583002395,0.0,0.0,0.0,0.0795,0.0,0.0,0.976739687,0.0,1434
k462,0.0,0.705213061,0.118078926,0.0,0.0,0.0818,0.0455,0.0,0.976739687,0.0,5
k2177,0.0,0.751181921,0.0,0.0,0.0,0.0319,0.0909,0.0,0.976739687,0.0,429
k160,0.0,0.705213061,0.137511129,0.0,0.0,0.100373735,0.0,0.0,0.976739687,0.0,1369
k2800,0.0,0.580654312,0.0762,0.0,0.0,0.106210656,0.0,0.0,0.976739687,0.0,3039
k1206,0.0,0.705213061,0.0574,0.0,0.0,0.0437,0.0,0.0,0.976739687,0.0,1700
k1971,0.0,0.705213061,0.108663859,0.0,0.0,0.112099678,0.0,0.0,0.976739687,0.0526,1184
k622,0.0,0.692542864,0.0379,0.0,0.0,0.0586,0.0,0.0,0.976739687,0.0263,1210
k1246,0.0,0.705213061,0.0,0.0,0.0,0.0,0.363636364,0.0,0.976739687,0.0,1305
k3293,0.0,0.705213061,0.0282,0.0,0.0,0.0,0.0,0.0,0.976739687,0.0,1753
k709,0.0,0.705213061,0.0,0.0,0.0,0.0835,0.0,0.0,0.976739687,0.0,1526
k2320,0.0,0.705213061,0.0379,0.0,0.0,0.0872,0.0,0.0,0.976739687,0.0,3131
k553,0.0,0.705213061,0.0698,0.0,0.0,0.0326,0.0909,0.0,0.976739687,0.0263,2208
k1877,0.0,0.705213061,0.0,0.0,0.0,0.0,0.0,0.0,0.976739687,0.0,2052
k2190,0.0,0.705213061,0.0,0.0,0.0,0.0,0.0,0.0,0.976739687,0.0,1939
k1978,0.0,0.705213061,0.0,0.0,0.0,0.0399,0.0,0.0,0.976739687,0.0,704
k2808,0.0,0.705213061,0.00429,0.0,0.0,0.0,0.0,0.0,0.976739687,0.0,1481
k967,0.0,0.705213061,0.0717,0.0,0.0,0.0134,0.0,0.0,0.976739687,0.0,2541
k2452,0.0,0.705213061,0.0,0.0,0.0,0.00589,0.0,0.0,0.976739687,0.0,2493
k1007,0.0,0.705213061,0.0,0.0,0.0,0.0,0.0,0.0,0.976739687,0.0,1307
k2538,0.0,0.705213061,0.0,0.0,0.0,0.0417,0.0,0.0,0.976739687,0.0,2448
k1992,0.0856,0.705213061,0.00706,0.0,0.0,0.0134,0.0,0.0,0.976739687,0.0,2332
k1693,0.0,0.705213061,0.0,0.0,0.0,0.00589,0.0,0.0,0.976739687,0.0526,3149
k1386,0.0,0.705213061,0.0574,0.0714,0.0,0.0453,0.0,0.0,0.976739687,0.0,2451
k2560,0.0,0.705213061,0.0379,0.0,0.0,0.0968,0.0,0.0,0.976739687,0.0,815
k3425,0.0,0.670921583,0.0,0.0,0.0,0.0906,0.0,0.0,0.963123553,0.0,181
k2934,0.0,0.690431165,0.0,0.142857143,0.0,0.0906,0.0909,0.0,0.976739687,0.0263,745
k494,0.0,0.705213061,0.0283,0.0,0.0,0.0496,0.0455,0.0,0.976739687,0.0263,2804
k3204,0.0,0.705213061,0.0,0.0,0.0,0.0319,0.0,0.0,0.976739687,0.105263158,2241
k142,0.0,0.705213061,0.0,0.0,0.0,0.0,0.0,0.0,0.976739687,0.0,392
k2735,0.0,0.644887796,0.172084273,0.142857143,0.0,0.165441042,0.0,0.0,0.956323758,0.0789,1159
k3101,0.0,0.582860565,0.0513,0.0,0.0,0.147942304,0.0,0.0,0.976739687,0.0,1708
k3342,0.0,0.705213061,0.0,0.0,0.0,0.0,0.0,0.0,0.96056679,0.0,114
k2734,0.0,0.705213061,0.0422,0.0,0.0,0.0551,0.0,0.0,0.976739687,0.0,2342
k1181,0.112026982,0.624511473,0.0574,0.0,0.0,0.0638,0.0,0.0,0.976739687,0.0,3374
k3315,0.0,0.705213061,0.114722853,0.0,0.0,0.0638,0.136363636,0.0,0.976739687,0.0,535
k2970,0.125195925,0.705213061,0.0,0.0,0.0,0.0,0.181818182,0.0,0.976739687,0.0,646
k1536,0.0,0.705213061,0.0,0.0,0.0,0.0,0.0,0.0,0.9576715,0.0,2079
k1807,0.0,0.705213061,0.0,0.0,0.0,0.0835,0.0,0.0,0.976739687,0.0,1097
k1793,0.0,0.705213061,0.00678,0.0,0.0,0.0,0.0,0.0,0.976739687,0.0,3081
k2917,0.0,0.705213061,0.138802725,0.0,0.0,0.104366665,0.0,0.0,0.965348154,0.0,1808
k2681,0.0,0.705213061,0.114722853,0.0,0.0,0.0638,0.181818182,0.0,0.976739687,0.0,573
k2212,0.0,0.571246218,0.0,0.0,0.0,0.0957,0.0,0.0,0.976739687,0.0,736
k2663,0.0,0.580260338,0.0,0.0,0.0,0.0638,0.0455,0.0,0.976739687,0.131578947,575
k2826,0.0,0.705213061,0.113233959,0.0,0.0,0.130367579,0.0,0.0,0.976739687,0.0263,3014
k3228,0.0,0.659370272,0.0444,0.0,0.0,0.0674,0.0,0.0,0.976739687,0.0,2324
k824,0.0,0.705213061,0.0,0.0,0.0,0.0835,0.0,0.0,0.976739687,0.0,822
k2747,0.0,0.51412002,0.0,0.0714,0.0,0.105552454,0.0,0.0,0.976739687,0.0,2428
k637,0.0,0.662821483,0.0,0.0,0.0,0.0453,0.0,0.0,0.97676514,0.0263,1438
k1566,0.113496417,0.722673979,0.0,0.0,0.0,0.0319,0.0455,0.0,0.976739687,0.0,293
k3419,0.0,0.705213061,0.118078926,0.0,0.0,0.0818,0.0,0.0,0.976739687,0.0,108
k3056,0.0,0.705213061,0.0953,0.0,0.0,0.0586,0.0909,0.0,0.976739687,0.0,780
k2881,0.0,0.59029879,0.0513,0.0,0.0,0.106210656,0.0,0.0,0.976739687,0.0,1354
k666,0.0,0.705213061,0.0379,0.0,0.0,0.0193,0.0,0.0,0.976739687,0.0,2303
k669,0.132151254,0.619326778,0.0574,0.0,0.0,0.0638,0.0,0.0,0.976739687,0.0,660
k2230,0.0,0.655335981,0.0497,0.0,0.0,0.0496,0.0,0.0,0.976739687,0.0526,2269
k139,0.0,0.705213061,0.0574,0.0,0.0,0.0319,0.0,0.0,0.976739687,0.0,2554
k1776,0.0,0.705213061,0.0448,0.0,0.0,0.0655,0.181818182,0.0,0.976739687,0.0,336
k946,0.0,0.623171962,0.0,0.0,0.0,0.0319,0.0909,0.0,0.976739687,0.0,1665
k1307,0.365455665,0.705213061,0.0,0.0,0.0,0.0177,0.0,0.0,0.976739687,0.0,3073
k2124,0.0,0.705213061,0.0513,0.0,0.0,0.106210656,0.0,0.0,0.976739687,0.0,2378
k1966,0.0,0.8037853,0.0,0.0,0.0,0.0,0.0,0.0,0.976739687,0.0,439
k165,0.0,0.505688981,0.259786097,0.0,0.0,0.380788278,0.454545455,0.25,0.976739687,0.157894737,2228
k1404,0.0,0.645644226,0.0,0.0,0.0,0.0638,0.0,0.0,0.976739687,0.0,1579
k2518,0.0,0.570962557,0.0513,0.0,0.0,0.147942304,0.0,0.0,0.976739687,0.0,379
k704,0.0,0.705213061,0.0,0.0,0.0,0.0,0.181818182,0.0,0.976739687,0.0,2533
k1565,0.0,0.705213061,0.0574,0.0,0.0,0.0453,0.0,0.0,0.976739687,0.0,978
k1741,0.0,0.705213061,0.0574,0.0,0.0,0.0378,0.0,0.0,0.988603376,0.0,1016
k540,0.0,0.705213061,0.0,0.0,0.0,0.0551,0.0,0.0,0.976739687,0.0,3359
k1824,0.10724082,0.721681165,0.00706,0.0714,0.0,0.0509,0.0909,0.0,0.976739687,0.0,3210
k2768,0.0,0.705213061,0.0801,0.0,0.0,0.0922,0.0909,0.0,0.976739687,0.0263,1544
k2719,0.0,0.705213061,0.0574,0.0,0.0,0.0319,0.0,0.0,0.976739687,0.0,2333
k598,0.0,0.691928265,0.0,0.0,0.0,0.0772,0.0455,0.0,0.976739687,0.0263,3332
k2288,0.0,0.705213061,0.175440353,0.0,0.0,0.119628587,0.0455,0.0,0.976739687,0.0,2019
k1166,0.0,0.651569592,0.0,0.0,0.0,0.0718,0.0,0.0,0.976739687,0.0,269
k499,0.0,0.705213061,0.0379,0.0,0.0,0.0134,0.181818182,0.0,0.976739687,0.0,2536
k3220,0.0,0.705213061,0.221795812,0.0,0.0,0.139419651,0.0909,0.0,0.965421968,0.0263,676
k3173,0.0,0.705213061,0.0635,0.0,0.0,0.06,0.0,0.0,0.976739687,0.0,435
k371,0.0,0.879002774,0.221795812,0.0,0.0,0.139419651,0.181818182,0.0,0.955028196,0.0263,2860
k2164,0.0,0.63746533,0.0822,0.0,0.0,0.13746286,0.136363636,0.0,0.976739687,0.0789,2486
k919,0.0,0.705213061,0.2453464,0.0,0.0,0.228154987,0.0,0.0,0.976739687,0.0789,2560
k3034,0.0,0.705213061,0.0,0.0,0.0,0.00589,0.181818182,0.0,0.976739687,0.0,3044
k2301,0.0926,0.705213061,0.045,0.0,0.0,0.0267,0.0455,0.0,0.976739687,0.0,3171
k2354,0.0,0.705213061,0.0717,0.0,0.0,0.0134,0.0,0.0,0.976739687,0.0,2931
k1528,0.0,0.705213061,0.0759,0.0,0.0,0.0906,0.0,0.0,0.976739687,0.0,2566
k94,0.0,0.705213061,0.114722853,0.0,0.0,0.0697,0.272727273,0.0,0.976739687,0.0,1651
k2886,0.0,0.705213061,0.0,0.0,0.0,0.0638,0.0909,0.0,0.976739687,0.0,511
k2358,0.0,0.701241805,0.0,0.0,0.0,0.0453,0.0455,0.0,0.976739687,0.0,1050
k251,0.0,0.705213061,0.273965168,0.0714,0.0,0.20783088,0.0909,0.0,0.948602561,0.105263158,3314
k2337,0.0,0.705213061,0.0,0.0,0.0,0.0118,0.0,0.0,0.976739687,0.0,2198
k1260,0.0,0.555109052,0.0518,0.214285714,0.0,0.176778648,0.0,0.0,0.976739687,0.0789,56
k236,0.0,0.705213061,0.0702,0.0,0.0,0.0417,0.181818182,0.0,0.976739687,0.0,3306
k1207,0.0,0.705213061,0.0507,0.0,0.0,0.0777,0.0,0.0,0.976739687,0.0,3228
k2781,0.0,0.705213061,0.0,0.0,0.0,0.0,0.0455,0.0,0.976739687,0.0,1652
k2348,0.0,0.608910111,0.22944571,0.0,0.0,0.245601622,0.0455,0.0,0.976739687,0.0,1762
k2989,0.0,0.570773449,0.0249,0.0,0.0,0.0319,0.136363636,0.0,0.976739687,0.157894737,1337
k1378,0.0,0.705213061,0.0,0.0,0.0,0.0869,0.0,0.0,0.976739687,0.0,995
k2977,0.0,0.601787065,0.0513,0.0,0.0,0.138190883,0.0,0.0,0.976739687,0.0526,1151
k1556,0.0,0.705213061,0.0801,0.0,0.0,0.0685,0.0,0.0,0.976739687,0.0,694
k127,0.0,0.705213061,0.0,0.0,0.0,0.00589,0.0,0.0,0.976739687,0.0,2457
k2272,0.0,0.705213061,0.179144089,0.0,0.0,0.17880687,0.0,0.0,0.976739687,0.0,3296
k3174,0.0,0.705213061,0.0876,0.0,0.0,0.0251,0.0,0.0,0.976739687,0.0526,2097
k2489,0.0,0.730080686,0.0,0.0,0.0,0.0,0.227272727,0.0,0.976739687,0.0,3401
k1300,0.0,0.705213061,0.0,0.0,0.0,0.0,0.0909,0.0,0.976739687,0.0,723
k356,0.0,0.705213061,0.0717,0.0,0.0,0.0134,0.0,0.0,0.976739687,0.0,146
k72,0.0,0.705213061,0.0,0.0,0.0,0.0,0.181818182,0.0,0.976739687,0.0,656
k600,0.0,0.89272882,0.0379,0.0,0.0,0.0134,0.181818182,0.0,0.976739687,0.0,2855
k555,0.0,0.705213061,0.118078926,0.0,0.0,0.0818,0.0,0.0,0.976739687,0.0,1765
k939,0.0,0.705213061,0.120146411,0.0,0.0,0.0645,0.545454545,0.0,0.976739687,0.0263,2129
k2280,0.0,0.705213061,0.0,0.0,0.0,0.00589,0.0,0.0,0.976739687,0.0,2509
k1437,0.0,0.705213061,0.0,0.0,0.0,0.0,0.0,0.0,0.976739687,0.0,316
k1272,0.0,0.605364347,0.0513,0.0,0.0,0.138121059,0.0,0.0,0.976739687,0.0789,1222
k861,0.0,0.705213061,0.0338,0.0,0.0,0.0,0.272727273,0.0,0.976739687,0.0,2326
k950,0.0,0.521715835,0.0377,0.214285714,0.0,0.178236221,0.0,0.0,0.976739687,0.0263,758
k1042,0.0,0.705213061,0.0574,0.0,0.0,0.0736,0.0,0.0,0.976739687,0.0,2373
k1967,0.0,0.686113212,0.132666162,0.0,0.0,0.121504611,0.181818182,0.0,0.976739687,0.0,1659
k1938,0.0,0.66480711,0.0,0.0,0.0,0.0319,0.318181818,0.0,0.976739687,0.0,759
k157,0.0,0.643374937,0.0513,0.0,0.0,0.119576494,0.0,0.0,0.976739687,0.0,3051
k2567,0.0,0.705213061,0.0,0.0,0.0,0.0655,0.0,0.0,0.976739687,0.0,1951
k2742,0.0,0.574256178,0.013,0.0,0.0,0.11709081,0.0,0.0,0.976739687,0.0,2608
k2660,0.0,0.705213061,0.207970887,0.0,0.0,0.120546336,0.590909091,0.0,0.976739687,0.0263,319
k567,0.0,0.662726929,0.0,0.0,0.0,0.0319,0.0,0.0,0.976739687,0.0,2394
k872,0.0,0.69350416,0.0,0.0,0.0,0.087,0.0,0.0,0.976739687,0.0,1790
k2472,0.0,0.537443268,0.0,0.214285714,0.0,0.109097049,0.0,0.0,0.976739687,0.0526,2681
k2054,0.0,0.705213061,0.139578615,0.0,0.0,0.150757267,0.181818182,0.0,0.956359393,0.0,1358
k673,0.0,0.705213061,0.156784496,0.0,0.0,0.0815,0.0455,0.0,0.976739687,0.0526,904
k3236,0.0,0.705213061,0.0874,0.0,0.0,0.0738,0.181818182,0.0,0.976739687,0.0263,3334
k2129,0.0,0.705213061,0.0507,0.0,0.0,0.0777,0.0,0.0,0.976739687,0.0,191
k650,0.0,0.687815179,0.0249,0.0,0.0,0.110783359,0.0909,0.0,0.976739687,0.0,2907
k1750,0.0,0.705213061,0.0,0.0,0.0,0.0,0.0,0.0,0.976739687,0.0,1413
k2271,0.0,0.705213061,0.00706,0.0,0.0,0.0,0.363636364,0.0,0.976739687,0.0,886
k3166,0.0,0.705213061,0.0574,0.0,0.0,0.0319,0.0,0.0,0.976739687,0.0,1558
k1857,0.0,0.705213061,0.0,0.0,0.0,0.0,0.0,0.0,0.976739687,0.0,1675
k2165,0.0,0.705213061,0.0507,0.0,0.0,0.0777,0.0,0.0,0.976739687,0.0,1755
k1586,0.0,0.700942385,0.0513,0.0,0.0,0.106210656,0.0,0.0,0.976739687,0.0263,2982
k2591,0.106219212,0.705213061,0.0379,0.0,0.0,0.0134,0.0,0.0,0.976739687,0.0,2320
k1006,0.0,0.705213061,0.0,0.0,0.0,0.0134,0.227272727,0.0,0.976739687,0.0,2257
k2960,0.0,0.705213061,0.184628891,0.0,0.0,0.136504582,0.0,0.0,0.976739687,0.0263,2005
k3046,0.246277429,0.705213061,0.0,0.0,0.0,0.0,0.0,0.0,0.976739687,0.0,148
k882,0.0,0.705213061,0.0,0.0,0.0,0.0134,0.0,0.0,0.976739687,0.0,2621
k3112,0.0,0.705213061,0.0,0.0,0.0,0.0,0.227272727,0.0,0.976739687,0.0,602
k1531,0.0,0.705213061,0.150055748,0.0,0.0,0.0994,0.0909,0.0,0.976739687,0.0,2094
k1733,0.0,0.705213061,0.0379,0.0,0.0,0.0134,0.0,0.0,0.976739687,0.0,2680
k177,0.0,0.705213061,0.0,0.0,0.0,0.0134,0.0,0.0,0.976739687,0.0,2245
k1861,0.0,0.705213061,0.145487631,0.0,0.0,0.086,0.181818182,0.0,0.976739687,0.0,1131
k3199,0.0,0.705213061,0.0,0.0,0.0,0.0134,0.227272727,0.0,0.976739687,0.0,3182
k2064,0.0,0.649126954,0.0574,0.0,0.0,0.0772,0.0,0.0,0.976739687,0.0,1262
k2818,0.0,0.566676122,0.174727803,0.0,0.0,0.266565305,0.272727273,0.3,0.976739687,0.131578947,164
k2482,0.290388491,0.612802572,0.0,0.0,0.0,0.0319,0.0,0.0,0.976739687,0.0,1987
k9,0.0,0.731735376,0.0,0.0,0.0,0.0,0.0,0.0,0.976739687,0.0,173
k1464,0.0,0.656817322,0.0249,0.0,0.0,0.153173117,0.0,0.0,0.976739687,0.0526,1634
k145,0.0,0.705213061,0.0,0.0,0.0,0.0,0.181818182,0.0,0.976739687,0.0,36
k129,0.0,0.705213061,0.0759,0.0,0.0,0.0685,0.0,0.0,0.976739687,0.0,1756
k2564,0.0,0.705213061,0.0574,0.0,0.0,0.0736,0.0,0.0,0.976739687,0.0,413
k1786,0.115231751,0.705213061,0.125569977,0.0,0.0,0.0267,0.0,0.0,0.976739687,0.0,2773
k696,0.0,0.705213061,0.114722853,0.0,0.0,0.0697,0.0909,0.0,0.976739687,0.0,2615
k1648,0.0,0.675570474,0.0,0.0,0.0,0.147284102,0.0,0.0,0.976739687,0.0263,537
k2570,0.0,0.604340015,0.0189,0.0,0.0,0.0777,0.227272727,0.0,0.976739687,0.0263,2649
k1255,0.153017241,0.502237771,0.0676,0.0,0.0,0.105552454,0.0,0.0,0.937589006,0.0526,969
k1117,0.0,0.732129349,0.0,0.0,0.0,0.0638,0.545454545,0.0,0.976739687,0.0,1577
k3232,0.212368451,0.664712557,0.0,0.0,0.0,0.0772,0.0455,0.025,0.980370572,0.0,3358
k89,0.0,0.705213061,0.0249,0.0,0.0,0.00589,0.181818182,0.0,0.976739687,0.0,933
k1314,0.0,0.614016011,0.0379,0.0,0.0,0.0772,0.363636364,0.0,0.976739687,0.0263,2329
k829,0.0,0.705213061,0.0801,0.0,0.0,0.0267,0.0,0.0,0.976739687,0.0526,2158
k2406,0.0,0.689044377,0.0319,0.0,0.0,0.0586,0.181818182,0.0,0.976739687,0.0526,1834
k485,0.0,0.705213061,0.0801,0.0,0.0,0.108367499,0.181818182,0.0,0.976739687,0.0,1874
k747,0.0,0.705213061,0.0635,0.0,0.0,0.06,0.0,0.0,0.976739687,0.0,91
k2906,0.0,0.705213061,0.172084273,0.0,0.0,0.0957,0.0,0.0,0.976739687,0.0263,1773
k521,0.104469884,0.705213061,0.0513,0.0,0.0,0.0743,0.0,0.0,0.976739687,0.0,3069
k762,0.0,0.705213061,0.0379,0.0,0.0,0.0134,0.181818182,0.0,0.976739687,0.0,243
k2401,0.0,0.705213061,0.0497,0.0,0.0,0.0177,0.0,0.0,0.976739687,0.0,633
k1418,0.0,0.521447932,0.0,0.0,0.0,0.0638,0.0,0.0,0.976739687,0.0,1503
k1749,0.214733542,0.705213061,0.190581302,0.0,0.0,0.0906,0.0,0.0,0.976739687,0.0,409
k3301,0.0,0.705213061,0.0574,0.0,0.0,0.0319,0.0,0.0,0.976739687,0.0,2251
k749,0.0,0.705213061,0.166025286,0.142857143,0.0,0.138121059,0.0,0.0,0.976739687,0.0526,2769
k370,0.0,0.705213061,0.0,0.0,0.0,0.0551,0.0,0.0,0.976739687,0.0,1107
k3050,0.0,0.705213061,0.0574,0.0,0.0,0.0319,0.0,0.0,0.957826764,0.0,1213
k2025,0.0,0.705213061,0.0,0.0,0.0,0.0835,0.0,0.0,0.976739687,0.0,2223
k2756,0.0,0.705213061,0.0717,0.0,0.0,0.0134,0.0,0.0,0.976739687,0.0,3325
k2690,0.0,0.705213061,0.0,0.0,0.0,0.0835,0.0,0.0,0.976739687,0.0,1616
k2982,0.0,0.705213061,0.0,0.0,0.0,0.0417,0.0,0.0,0.976739687,0.0,1442
k190,0.0,0.705213061,0.0513,0.0,0.0,0.0743,0.0,0.0,0.976739687,0.0,770
k1107,0.0,0.705213061,0.0,0.0,0.0,0.0869,0.0,0.0,0.976739687,0.0,1936
k1608,0.0,0.705213061,0.118078926,0.0,0.0,0.0818,0.0,0.0,0.976739687,0.0,3074
k594,0.0,0.625661876,0.0497,0.0,0.0,0.0512,0.0,0.0,0.976739687,0.0263,1639
k558,0.158936968,0.677745209,0.0,0.0,0.0,0.0453,0.0909,0.0,0.976739687,0.0,3076
k147,0.0,0.628593041,0.0,0.0,0.0,0.0638,0.0455,0.0,0.976739687,0.0789,1977
k2671,0.0,0.657337368,0.0,0.0,0.0,0.0319,0.0,0.0,0.976739687,0.0,2184
k2363,0.0,0.569623046,0.121782672,0.0714,0.0,0.127641614,0.0,0.0,0.950600629,0.0526,2082
k2304,0.0,0.653192763,0.0,0.0,0.0,0.0319,0.0909,0.0,0.976739687,0.0,2800
k1803,0.0835,0.705213061,0.0,0.0,0.0,0.0,0.0,0.0,0.976739687,0.0,2512
k2535,0.0,0.705213061,0.114722853,0.0,0.0,0.0756,0.0,0.0,0.976739687,0.0,2386
k2963,0.0,0.634266263,0.0,0.0,0.0,0.10391832,0.0,0.0,0.976739687,0.0,2377
k2832,0.0,0.705213061,0.0,0.0,0.0,0.0417,0.0,0.0,0.976739687,0.0,264
k1499,0.0,0.641893596,0.0,0.0,0.0,0.0453,0.0455,0.0,0.976739687,0.0,2751
k610,0.0,0.705213061,0.172084273,0.0,0.0,0.0957,0.0,0.0,0.964501838,0.0263,1682
k1988,0.0,0.552020298,0.114722853,0.0,0.0,0.127641614,0.0,0.0,0.976739687,0.0,2600
k1881,0.0,0.705213061,0.0379,0.0,0.0,0.0922,0.0,0.0,0.976739687,0.0,1112
k3321,0.0,0.705213061,0.0,0.0,0.0,0.0835,0.0,0.0,0.976739687,0.0,2067
k953,0.0,0.697696041,0.0,0.0,0.0,0.0453,0.0909,0.0,0.976739687,0.0,2960
k154,0.0,0.705213061,0.139812101,0.0,0.0,0.308129605,0.409090909,0.05,0.976739687,0.0,1860
k2277,0.0,0.705213061,0.0379,0.0,0.0,0.0267,0.0,0.0,0.976739687,0.0526,1043
k2179,0.091,0.705213061,0.0574,0.0,0.0,0.0319,0.0,0.0,0.976739687,0.0,378
k2416,0.0,0.648685703,0.0497,0.0,0.0,0.0718,0.0,0.0,0.958213651,0.0526,1613
k1344,0.0,0.705213061,0.0574,0.0714,0.0,0.0453,0.363636364,0.0,0.976739687,0.0,906
k2973,0.0,0.705213061,0.0438,0.0,0.0,0.0655,0.0,0.0,0.976739687,0.0,464
k3001,0.0,0.638095688,0.0,0.0,0.0,0.0638,0.0,0.0,0.976739687,0.0,118
k1500,0.0,0.705213061,0.0,0.0,0.0,0.0655,0.0,0.0,0.976739687,0.0,324
k1785,0.110109718,0.705213061,0.0,0.0,0.0,0.15061046,0.0,0.0,0.956981721,0.0,2254
k3283,0.0,0.690667549,0.0753,0.0,0.0,0.0896,0.181818182,0.05,0.976739687,0.0,50
k1641,0.0,0.705213061,0.0702,0.0,0.0,0.0417,0.0,0.0,0.976739687,0.0,1829
k2603,0.0,0.705213061,0.0249,0.0,0.0,0.0,0.0909,0.0,0.976739687,0.0,1393
k2827,0.0,0.598887418,0.22944571,0.0,0.0,0.20324045,0.0,0.0,0.958164017,0.0789,2263
k298,0.0,0.705213061,0.114722853,0.0,0.0,0.0697,0.136363636,0.0,0.976739687,0.0,2417
k401,0.0,0.705213061,0.112126533,0.0,0.0,0.086,0.0,0.0,0.976739687,0.0,2959
k2958,0.0,0.5814265,0.0762,0.0,0.0,0.106210656,0.0,0.0,0.976739687,0.0,3049
k1911,0.0,0.705213061,0.0753,0.0,0.0,0.127781262,0.181818182,0.0,0.976739687,0.0,2579
k2647,0.0,0.681779501,0.0574,0.0,0.0,0.0772,0.0909,0.0,0.976739687,0.0,3124
k2496,0.0,0.584783157,0.0574,0.0,0.0,0.114986071,0.0,0.0,0.921025403,0.0526,1935
k2751,0.0,0.705213061,0.0379,0.0,0.0,0.0134,0.0,0.0,0.976739687,0.0,3123
k2983,0.0,0.566896747,0.286807121,0.0,0.0,0.308792914,0.181818182,0.0,0.951054967,0.236842105,2343
k1549,0.0,0.705213061,0.0574,0.0714,0.0,0.0453,0.363636364,0.0,0.976739687,0.0,2472
k1263,0.0,0.721996344,0.0,0.0,0.0,0.0319,0.0,0.0,0.976739687,0.0,1610
k1299,0.0,0.524694276,0.0,0.214285714,0.0,0.109097049,0.0,0.0,0.976739687,0.0526,2824
k1434,0.0,0.705213061,0.0,0.0,0.0,0.0,0.0,0.0,0.946337236,0.0,3111
k1031,0.0962,0.63656707,0.0513,0.0,0.0,0.106210656,0.0,0.0,0.976739687,0.0263,1531
k239,0.0,0.705213061,0.0574,0.0,0.0,0.0319,0.0,0.0,0.976739687,0.0,2784
k1563,0.0,0.705213061,0.284641868,0.357142857,0.2,0.322856506,0.454545455,0.1,0.976739687,0.210526316,2760
k1134,0.0,0.705213061,0.0422,0.0,0.0,0.0134,0.0455,0.0,0.976739687,0.0,1922
k3013,0.115357703,0.579645739,0.0513,0.0,0.0,0.193218545,0.0,0.0,0.976739687,0.0263,1179
k86,0.0,0.705213061,0.0,0.0,0.0,0.00589,0.0,0.0,0.976739687,0.0,1139
k3096,0.0,0.705213061,0.114722853,0.285714286,0.0,0.237693737,0.0,0.0,0.976739687,0.131578947,2557
k1436,0.0,0.705213061,0.0338,0.0,0.0,0.019,0.0,0.0,0.976739687,0.0,2516
k3260,0.0,0.705213061,0.0801,0.0,0.0,0.0685,0.0,0.0,0.976739687,0.0,2105
k18,0.0,0.705213061,0.114722853,0.0,0.0,0.0638,0.0909,0.0,0.976739687,0.0,1918
k2319,0.0,0.705213061,0.0,0.0,0.0,0.0,0.318181818,0.0,0.976739687,0.0,714
k1429,0.0,0.705213061,0.114722853,0.0,0.0,0.0638,0.0909,0.0,0.976739687,0.0,997
k2853,0.0,0.629223399,0.0379,0.0,0.0,0.0586,0.272727273,0.0,0.976739687,0.0,141
k2584,0.0,0.590472138,0.0574,0.0714,0.0,0.156994986,0.0455,0.0,0.976739687,0.0789,3432
k2244,0.0,0.550743822,0.28074815,0.142857143,0.0,0.253107113,0.0,0.0,0.976739687,0.157894737,2101
k1384,0.0,0.631571483,0.0338,0.0,0.0,0.0453,0.0455,0.0,0.976739687,0.0,3027
k365,0.0,0.705213061,0.0,0.0,0.0,0.0118,0.0,0.0,0.97620899,0.0,961
k1954,0.0,0.705213061,0.0,0.0,0.0,0.0118,0.0,0.0,0.976739687,0.0,444
k2229,0.0,0.705213061,0.0377,0.0,0.0,0.0621,0.181818182,0.0,0.976739687,0.105263158,1058
k805,0.0,0.591354639,0.254301458,0.142857143,0.133333333,0.254405717,0.227272727,0.0,0.951474943,0.236842105,3042
k1440,0.0,0.706410741,0.0,0.0,0.0,0.0638,0.0,0.0,0.976739687,0.0,3407
k2225,0.0,0.705213061,0.0249,0.0,0.0,0.0,0.272727273,0.0,0.976739687,0.0,2972
k1604,0.0,0.882595814,0.0,0.0,0.0,0.125194952,0.227272727,0.0,0.976739687,0.0,2815
k2457,0.113174541,0.705213061,0.121782672,0.0,0.0,0.146896466,0.0,0.0,0.976739687,0.0,2260
k1874,0.0,0.705213061,0.451241529,0.0714,0.0,0.267061263,0.136363636,0.0,0.976739687,0.131578947,3333
k1620,0.0,0.705213061,0.0,0.0,0.0,0.0417,0.181818182,0.0,0.976739687,0.0,1368
k789,0.0,0.705213061,0.0249,0.0,0.0,0.0118,0.0455,0.0,0.976739687,0.0,54
k1196,0.0,0.66225416,0.215920945,0.0,0.0,0.202969966,0.0,0.0,0.976739687,0.0526,798
k984,0.0,0.690572995,0.286807121,0.0,0.0,0.20324045,0.0,0.0,0.93953235,0.0789,442
k403,0.0901,0.646763111,0.0,0.0,0.0,0.0319,0.0,0.0,0.976739687,0.0,397
k2205,0.0,0.705213061,0.114722853,0.0,0.0,0.0638,0.0,0.0,0.976739687,0.0,1259
k974,0.0,0.609051942,0.114722853,0.0,0.0,0.127641614,0.0,0.0,0.976739687,0.105263158,3213
k2569,0.0,0.705213061,0.0448,0.0,0.0,0.0655,0.0,0.0,0.976739687,0.0,3054
k682,0.0,0.705213061,0.0379,0.0,0.0,0.0134,0.318181818,0.0,0.976739687,0.0,131
k768,0.117638827,0.584042486,0.0547,0.0,0.0,0.194881732,0.0,0.0,0.976739687,0.0,2107
k3049,0.0,0.716070978,0.0,0.0,0.0,0.0378,0.181818182,0.0,0.976739687,0.0,526
k992,0.0,0.705213061,0.0,0.0,0.0,0.00589,0.0,0.0,0.976739687,0.0,1692
k700,0.0,0.705213061,0.0753,0.0,0.0,0.117001742,0.0,0.0,0.976739687,0.0,1187
k1610,0.0,0.62154879,0.0,0.0,0.0,0.0319,0.0,0.0,0.976739687,0.0,2576
k1721,0.0,0.705213061,0.0497,0.0,0.0,0.0118,0.0,0.0,0.976739687,0.0263,757
k1160,0.0,0.705213061,0.0,0.0,0.0,0.0,0.0,0.0,0.976739687,0.0,2612
k435,0.0,0.705213061,0.0,0.0,0.0,0.0319,0.0,0.0,0.976739687,0.0,2266
k2178,0.142857143,0.705213061,0.0,0.0,0.0,0.0,0.0,0.0,0.976739687,0.0,1973
k2458,0.0,0.705213061,0.0319,0.0,0.0,0.0326,0.0909,0.0,0.976739687,0.0526,1427
k192,0.0,0.705213061,0.0,0.0,0.0,0.0,0.0,0.0,0.976739687,0.0,153
k1025,0.0,0.940683308,0.0,0.0,0.0,0.0,0.0,0.0,0.976739687,0.0,2109
k527,0.14708352,0.60862645,0.00706,0.0,0.0,0.0638,0.0,0.0,0.976739687,0.0,836
k1045,0.0,0.705213061,0.0,0.0,0.0,0.0,0.181818182,0.0,0.976739687,0.0,1748
k293,0.0,0.705213061,0.0448,0.0,0.0,0.0655,0.0,0.0,0.976739687,0.0526,1731
k1593,0.0,0.705213061,0.0513,0.0,0.0,0.0743,0.0,0.0,0.976739687,0.0,1588
k2250,0.0,0.534149647,0.0,0.0714,0.0,0.105552454,0.0,0.0,0.976739687,0.0,1407
k1235,0.0,0.705213061,0.0,0.0,0.0,0.0267,0.0,0.0,0.976739687,0.0,3113
k2353,0.0,0.705213061,0.114722853,0.0,0.0,0.0638,0.0,0.0,0.976739687,0.0,1457
k2645,0.0,0.608279753,0.0,0.0,0.0,0.0638,0.0,0.0,0.976739687,0.0,1470
k705,0.0,0.705213061,0.0,0.0,0.0,0.0638,0.0,0.0,0.976739687,0.0,1506
k1717,0.0,0.653901916,0.0377,0.0,0.0,0.156036711,0.0,0.0,0.976739687,0.0526,2732
k1724,0.0,0.705213061,0.0338,0.0,0.0,0.0,0.0,0.0,0.976739687,0.0,3323
k960,0.0,0.705213061,0.0574,0.0714,0.0667,0.0638,0.0,0.0,0.976739687,0.0,2405
k1399,0.0,0.579188729,0.0892,0.0,0.0,0.151486906,0.0,0.0,0.976739687,0.0,1528
k990,0.0,0.685798033,0.0829,0.0,0.0,0.072,0.272727273,0.0,0.976739687,0.0526,2594
k2621,0.0,0.705213061,0.0249,0.0,0.0,0.00589,0.0,0.0,0.976739687,0.0,2163
k2324,0.0,0.667391578,0.0379,0.0,0.0,0.0772,0.0909,0.05,0.976739687,0.0263,171
k2686,0.0,0.747116112,0.0249,0.0,0.0,0.0378,0.0909,0.0,0.976739687,0.0,1804
k1350,0.0,0.703589889,0.0,0.0,0.0,0.0512,0.0455,0.0,0.976739687,0.0,2648
k2287,0.0,0.638663011,0.131928727,0.0,0.0,0.11339827,0.0,0.0,0.976739687,0.105263158,1331
k3365,0.0,0.705213061,0.107072957,0.0,0.0,0.0496,0.0,0.0,0.976739687,0.0263,1807
k1639,0.0,0.705213061,0.00678,0.0,0.0,0.0,0.0,0.0,0.976739687,0.0526,1539
k2890,0.0,0.705213061,0.0,0.0,0.0,0.0,0.0,0.0,0.976739687,0.0,1314
k1102,0.0,0.705213061,0.0753,0.0,0.0,0.189685518,0.0,0.0,0.976739687,0.0,2774
k929,0.260915808,0.705213061,0.0,0.0,0.0,0.0,0.0,0.0,0.976739687,0.0,982
k1734,0.0,0.705213061,0.145487631,0.0,0.0,0.086,0.181818182,0.05,0.976739687,0.0,386
k178,0.0,0.705213061,0.0,0.0,0.0,0.0399,0.181818182,0.0,0.976739687,0.0,1991
k5,0.0,0.685687721,0.139172266,0.0,0.0,0.152456739,0.0455,0.0,0.976739687,0.0,1667
k3035,0.0,0.649930661,0.0,0.0,0.0,0.109097049,0.363636364,0.0,0.976739687,0.0263,588
k3395,0.0,0.705213061,0.0497,0.0,0.0,0.0177,0.0,0.0,0.976739687,0.0,1885
k1492,0.0,0.705213061,0.00706,0.0,0.0,0.0,0.0909,0.0,0.976739687,0.0,1120
k1279,0.0,0.705213061,0.0,0.0,0.0,0.0,0.0,0.0,0.976739687,0.0,999
k879,0.0,0.685388301,0.0,0.0,0.0,0.0319,0.0,0.0,0.976739687,0.0,0
k221,0.0,0.705213061,0.0762,0.0,0.0,0.0802,0.0,0.0,0.976739687,0.0,1646
k3161,0.0,0.548773954,0.0818,0.0714,0.2,0.184367133,0.0455,0.05,0.976739687,0.0,2278
k1271,0.0929,0.705213061,0.0628,0.0,0.0,0.0535,0.136363636,0.0,0.976739687,0.0,1052
k1338,0.140394089,0.588959279,0.0,0.0,0.0,0.0319,0.0,0.0,0.976739687,0.0,816
k2532,0.0,0.705213061,0.0,0.0,0.0,0.0,0.181818182,0.0,0.976739687,0.0,2795
k2448,0.0,0.568330812,0.0574,0.285714286,0.0,0.114986071,0.0455,0.0,0.966475726,0.0,117
k869,0.0,0.705213061,0.0697,0.0,0.0,0.0714,0.0455,0.0,0.976739687,0.0263,769
k765,0.0,0.705213061,0.133219873,0.0,0.0,0.072,0.0909,0.0,0.976739687,0.0263,943
k347,0.0,0.705213061,0.0,0.0,0.0,0.00589,0.0,0.0,0.961539098,0.0,881
k2709,0.107842588,0.705213061,0.00706,0.0,0.0,0.0551,0.272727273,0.0,0.976739687,0.0,671
k3163,0.0,0.666540595,0.0,0.0,0.0,0.147284102,0.0,0.0,0.976739687,0.0263,1205
k2949,0.0,0.705213061,0.0,0.0,0.0,0.0,0.181818182,0.0,0.976739687,0.0,2903
k2326,0.0,0.705213061,0.0379,0.0,0.0,0.0134,0.181818182,0.0,0.976739687,0.0,70
k3132,0.0,0.705213061,0.0,0.0,0.0,0.0,0.0,0.0,0.976739687,0.0526,2220
k2904,0.0,0.705213061,0.0422,0.0,0.0,0.0134,0.0,0.0,0.976739687,0.0,767
k231,0.0,0.705213061,0.114722853,0.0,0.0667,0.0638,0.0909,0.0,0.976739687,0.0,3159
k3172,0.0,0.808245083,0.0,0.142857143,0.0,0.0586,0.0,0.0,0.976739687,0.0,1791
k1152,0.0,0.613826904,0.121782672,0.0,0.0,0.1827391,0.0455,0.0,0.976739687,0.0789,322
k718,0.0,0.705213061,0.0818,0.0,0.0,0.0531,0.0,0.0,0.976739687,0.0,362
k2619,0.0,0.705213061,0.0,0.0,0.0,0.0134,0.363636364,0.0,0.976739687,0.0,1660
k1709,0.0,0.705213061,0.0249,0.0,0.0,0.0928,0.227272727,0.05,0.976739687,0.0,1268
k2916,0.0,0.705213061,0.114722853,0.0,0.0,0.0638,0.0,0.0,0.976739687,0.0,208
k1998,0.0,0.705213061,0.0,0.0,0.0,0.0,0.0,0.0,0.976739687,0.0,1036
k1479,0.0,0.645234493,0.0249,0.0,0.0,0.0512,0.0455,0.0,0.976739687,0.0,95
k2935,0.095,0.705213061,0.0319,0.0,0.0,0.0326,0.0909,0.0,0.976739687,0.0,827
k1222,0.0,0.705213061,0.47259312,1.0,0.0,0.687751466,0.545454545,0.2,0.976739687,0.315789474,2222
k1503,0.0,0.869972895,0.114722853,0.0,0.0,0.0638,0.227272727,0.0,0.976739687,0.0,1739
k2801,0.0,0.570694655,0.0,0.0,0.0,0.0638,0.0,0.0,0.976739687,0.0,830
k857,0.0,0.695284922,0.0,0.0,0.0,0.0319,0.0,0.15,0.976739687,0.0,86
k362,0.0,0.705213061,0.0,0.0,0.0,0.0399,0.0,0.0,0.976739687,0.0,338
k2259,0.0,0.684206379,0.00706,0.142857143,0.0,0.0906,0.0909,0.0,0.976739687,0.0263,2036
k1488,0.0,0.705213061,0.0,0.0,0.0,0.0,0.0,0.0,0.976739687,0.0,3385
k2170,0.0,0.645029627,0.0,0.0,0.0,0.0736,0.0,0.0,0.976739687,0.0,1037
k2035,0.0,0.705213061,0.0699,0.0,0.0,0.0727,0.0,0.0,0.976739687,0.0,2708
k2581,0.0,0.828511094,0.0379,0.0,0.0,0.0324,0.181818182,0.0,0.976739687,0.0,2306
k2757,0.0,0.705213061,0.0,0.0,0.0,0.0638,0.0,0.0,0.976739687,0.0,1248
k1984,0.0,0.705213061,0.0,0.0,0.0,0.0,0.272727273,0.0,0.976739687,0.0,2575
k1453,0.0,0.705213061,0.0574,0.0,0.0,0.0378,0.0,0.0,0.976739687,0.0,341
k1364,0.0,0.705213061,0.0,0.0,0.0,0.0,0.0,0.0,0.976739687,0.0,2726
k2032,0.0,0.705213061,0.0379,0.0,0.0,0.0134,0.0,0.0,0.976739687,0.0,2919
k2339,0.0,0.652026601,0.0,0.0,0.0,0.0378,0.0,0.0,0.976739687,0.0263,2364
k3198,0.0,0.705213061,0.0,0.0,0.0,0.0,0.0,0.0,0.976739687,0.0,2028
k887,0.0,0.658267146,0.0574,0.0,0.0,0.0957,0.0,0.0,0.976739687,0.0526,22
k2374,0.0,0.705213061,0.114722853,0.0,0.0,0.0697,0.0909,0.0,0.976739687,0.0,1328
k3217,0.0,0.646841906,0.0574,0.0,0.0,0.13746286,0.0,0.0,0.976739687,0.0526,2252
k1149,0.0,0.705213061,0.114722853,0.0,0.0,0.0697,0.181818182,0.0,0.969542824,0.0,2154
k3138,0.0,0.705213061,0.114722853,0.0,0.0,0.0638,0.0909,0.0,0.976739687,0.0,2577
k2741,0.0,0.705213061,0.311601294,0.714285714,0.2,0.388193689,0.454545455,0.0,0.976739687,0.263157895,1114
k2745,0.0,0.705213061,0.0,0.0,0.0,0.0417,0.0,0.0,0.976739687,0.0,1169
k1284,0.0,0.705213061,0.10811213,0.0,0.0,0.0551,0.0,0.0,0.976739687,0.0,189
k2136,0.0,0.596618129,0.0,0.0,0.0,0.264921558,0.0,0.0,0.976739687,0.0,994
k3381,0.0,0.705213061,0.0574,0.0,0.0,0.0319,0.0,0.0,0.976739687,0.0,1270
k2625,0.0,0.705213061,0.127267473,0.0,0.0,0.104594179,0.0,0.0,0.976739687,0.0263,2883
k1783,0.0,0.705213061,0.0,0.0,0.0,0.0134,0.363636364,0.0,0.976739687,0.0,401
k2502,0.0,0.705213061,0.0,0.0,0.0,0.0,0.0,0.0,0.976739687,0.0,639
k2929,0.0,0.705213061,0.0,0.0,0.0,0.0,0.0,0.0,0.976739687,0.0,172
k754,0.0,0.705213061,0.0746,0.0,0.0,0.0177,0.0,0.0,0.976739687,0.0263,404
k909,0.0,0.705213061,0.0,0.0,0.0,0.0319,0.0,0.0,0.976739687,0.0,471
k760,0.0,0.705213061,0.0,0.0,0.0,0.0,0.0,0.0,0.976739687,0.0,3012
k2572,0.0,0.664192511,0.0,0.0714,0.0,0.0453,0.0,0.0,0.976739687,0.0263,2180
k1950,0.0,0.705213061,0.0574,0.0,0.0,0.0319,0.181818182,0.0,0.976739687,0.0,644
k1441,0.0,0.705213061,0.0,0.0,0.0,0.00589,0.0,0.0,0.976739687,0.0,2039
k2270,0.0,0.705213061,0.0,0.0,0.0,0.0,0.181818182,0.0,0.976739687,0.0,2527
k2810,0.0871,0.705213061,0.0,0.0,0.0,0.00589,0.0,0.0,0.976739687,0.0,3157
k3043,0.0,0.705213061,0.0,0.0,0.0,0.0,0.0,0.0,0.976739687,0.0,1336
k2046,0.0,0.610533283,0.0189,0.0,0.0,0.0777,0.0909,0.0,0.976850408,0.0263,700
k3222,0.0,0.705213061,0.0628,0.0,0.0,0.0744,0.0909,0.0,0.976739687,0.0263,1430
k2222,0.0,0.84044062,0.114722853,0.0,0.0,0.0638,0.0,0.0,0.976739687,0.0,1405
k612,0.0,0.705213061,0.114722853,0.0,0.0,0.0638,0.0,0.0,0.976739687,0.0,334
k2831,0.0,0.705213061,0.0,0.0,0.0,0.0118,0.0909,0.0,0.976739687,0.0,2622
k2122,0.0,0.653807363,0.0574,0.0,0.0,0.0957,0.0,0.0,0.976739687,0.0526,1374
k3196,0.0,0.525293116,0.0,0.0714,0.0,0.105552454,0.0,0.0,0.953571006,0.0,1628
k582,0.0,0.705213061,0.0513,0.0,0.0,0.0743,0.0,0.0,0.976739687,0.0,2258
k1550,0.0,0.705213061,0.223386705,0.142857143,0.0,0.170031455,0.0,0.0,0.976739687,0.0789,974
k1751,0.0,0.705213061,0.0379,0.0,0.0,0.0267,0.0,0.0,0.976739687,0.0,926
k1617,0.0,0.705213061,0.0574,0.0,0.0,0.0319,0.318181818,0.0,0.976739687,0.0,326
k2072,0.0,0.475037821,0.124970312,0.0,0.0,0.127641614,0.136363636,0.0,0.976739687,0.0526,3389
k2875,0.0,0.493727937,0.0725,0.0,0.0,0.101620224,0.0455,0.0,0.976739687,0.131578947,3240
k2685,0.165066614,0.605994705,0.0,0.0,0.0,0.0772,0.0,0.0,0.976739687,0.0,1181
k927,0.0,0.705213061,0.0481,0.0,0.0,0.0256,0.318181818,0.05,0.976739687,0.0,1994
k2442,0.10929803,0.705213061,0.0,0.0,0.0,0.0,0.0,0.0,0.976739687,0.0,1462
k2811,0.0,0.705213061,0.114722853,0.0,0.0,0.0697,0.0,0.0,0.976739687,0.0,2628
k2968,0.0,0.651664145,0.0,0.0,0.0,0.0453,0.0455,0.0,0.976739687,0.0,3077
k2057,0.0,0.705213061,0.0574,0.0,0.0,0.0319,0.181818182,0.0,0.976739687,0.0,1502
k1587,0.0,0.6889971,0.0,0.0,0.0,0.0762,0.0,0.0,0.976739687,0.0,987
k1520,0.0,0.458349092,0.139342552,0.0,0.0667,0.150828706,0.0909,0.0,0.976739687,0.0789,93
k3239,0.0,0.58954236,0.254301458,0.214285714,0.0,0.229261829,0.136363636,0.0,0.951733292,0.210526316,807
k291,0.0,0.705213061,0.0338,0.0,0.0,0.019,0.0,0.0,0.976739687,0.0,422
k132,0.0,0.705213061,0.0379,0.0,0.0,0.0193,0.363636364,0.0,0.976739687,0.0,1227
k410,0.0,0.705213061,0.0,0.0,0.0,0.00589,0.0455,0.0,0.976739687,0.0,2356
k3077,0.0,0.677792486,0.0,0.0,0.0,0.0319,0.0,0.0,0.976739687,0.0,2193
k1678,0.0,0.705213061,0.0379,0.0,0.0,0.0134,0.136363636,0.0,0.976739687,0.0,3150
k572,0.0956,0.705213061,0.0513,0.0,0.0,0.0743,0.0,0.0,0.976739687,0.0,2026
k2692,0.0,0.587131241,0.157521922,0.0,0.0,0.127393633,0.545454545,0.1,0.976739687,0.0789,1306
k2146,0.0,0.705213061,0.0249,0.0,0.0,0.0476,0.0,0.0,0.976739687,0.0,2607
k2028,0.0,0.700107161,0.0,0.0,0.0,0.0319,0.0,0.0,0.976739687,0.0,1273
k2606,0.0,0.705213061,0.0,0.0,0.0,0.0,0.0,0.0,0.960317349,0.0,2458
k949,0.0,0.618333964,0.0444,0.0,0.0,0.0541,0.0,0.0,0.976739687,0.0,3231
k1922,0.0,0.705213061,0.0379,0.0,0.0,0.0134,0.0,0.0,0.976739687,0.0,3211
k3385,0.0,0.677162128,0.0574,0.0,0.0,0.122462886,0.181818182,0.0,0.976739687,0.0263,1283
k900,0.0,0.705213061,0.0249,0.0,0.0,0.0476,0.181818182,0.0,0.976739687,0.0,2946
k277,0.0,0.705213061,0.0759,0.0,0.0,0.0401,0.0,0.0,0.976739687,0.0,682
k1975,0.0,0.705213061,0.0,0.0,0.0,0.0,0.0,0.0,0.976739687,0.0,1969
k1381,0.0,0.705213061,0.0,0.0,0.0,0.0,0.0,0.0,0.976739687,0.0,1118
k975,0.0,0.705213061,0.0753,0.0,0.0,0.127781262,0.272727273,0.0,0.976739687,0.0,2521
k752,0.0,0.705213061,0.0379,0.0,0.0,0.0551,0.0,0.0,0.976739687,0.0,1375
k3022,0.0,0.705213061,0.0379,0.0,0.0,0.0267,0.0,0.0,0.976739687,0.0,3305
k2066,0.0,0.705213061,0.0,0.0,0.0,0.0,0.0,0.0,0.976739687,0.0,3368
k359,0.0,0.705213061,0.0,0.0,0.0,0.0,0.0,0.0,0.976739687,0.0,1402
k303,0.0,0.796347075,0.0,0.142857143,0.0,0.0586,0.0,0.0,0.976739687,0.0,911
k1341,0.0,0.705213061,0.0,0.0,0.0,0.0835,0.0909,0.0,0.976739687,0.0,2060
k1542,0.0,0.544077786,0.0379,0.0,0.0,0.0772,0.363636364,0.0,0.976739687,0.184210526,297
k2396,0.0,0.674057615,0.0,0.0,0.0,0.0319,0.0,0.0,0.976739687,0.0,811
k90,0.0,0.690446924,0.0338,0.0,0.0,0.0378,0.181818182,0.0,0.976739687,0.0,601
k1409,0.0,0.660993444,0.0717,0.0,0.0,0.0453,0.136363636,0.0,0.976739687,0.0,882
k1174,0.0,0.62334531,0.0,0.0,0.0,0.0638,0.0455,0.0,0.976739687,0.0263,481
k2438,0.0,0.474769919,0.101413329,0.0,0.0,0.0,0.0455,0.0,0.916308945,0.0,2537
k818,0.167347738,0.705213061,0.0574,0.0,0.0,0.0319,0.0,0.0,0.976739687,0.0,52
k158,0.0,0.705213061,0.0574,0.0,0.0,0.0319,0.181818182,0.0,0.976739687,0.0,1816
k183,0.0,0.705213061,0.0753,0.0,0.0,0.109825072,0.181818182,0.0,0.976739687,0.0,2895
k1090,0.0,0.705213061,0.0,0.0,0.0,0.0417,0.0,0.0,0.976739687,0.0,3237
k226,0.0,0.887228946,0.0497,0.0,0.0,0.0378,0.0909,0.0,0.976739687,0.0263,1497
k3092,0.0,0.705213061,0.118078926,0.0,0.0,0.0818,0.181818182,0.0,0.976739687,0.0,2485
k781,0.0,0.705213061,0.0,0.0,0.0,0.0236,0.0,0.0,0.976739687,0.0263,3092
k695,0.121655284,0.659086611,0.0,0.0,0.0,0.0319,0.0,0.0,0.976739687,0.0,571
k368,0.0,0.705213061,0.0,0.0,0.0,0.0134,0.454545455,0.0,0.976739687,0.0,1013
k1114,0.0,0.705213061,0.0,0.0,0.0,0.0835,0.0,0.0,0.976739687,0.0,952
k1582,0.0,0.705213061,0.0644,0.0,0.0,0.0437,0.181818182,0.0,0.966998787,0.0,2563
k1880,0.0,0.809537317,0.0,0.0,0.0,0.0319,0.0,0.0,0.976739687,0.0,925
k822,0.0,0.705213061,0.0,0.0,0.0,0.11019498,0.0,0.0,0.976739687,0.0,2259
k713,0.0,0.942653177,0.0114,0.0,0.0,0.0,0.0,0.0,0.976739687,0.0,1200
k1815,0.0,0.705213061,0.0587,0.0,0.0,0.0607,0.0,0.0,0.976739687,0.0,1164
k1577,0.0,0.705213061,0.0,0.0,0.0,0.0,0.0,0.0,0.976739687,0.0,2876
k2113,0.0,0.562704866,0.0951,0.0,0.0,0.131813596,0.0,0.0,0.976739687,0.0263,1597
k1133,0.0,0.555644856,0.254301458,0.0,0.0,0.288660547,0.227272727,0.0,0.948519839,0.236842105,3190
k1913,0.0,0.46424294,0.101413329,0.0,0.0667,0.109097049,0.0909,0.0,0.976739687,0.0263,2366
k3288,0.0,0.705213061,0.0,0.0,0.0,0.0417,0.0,0.0,0.976739687,0.0,872
k1909,0.120927564,0.698610061,0.0497,0.0,0.0,0.0571,0.0455,0.0,0.976739687,0.0,3099
k1941,0.0,0.705213061,0.00706,0.0,0.0,0.0,0.363636364,0.0,0.976739687,0.0,2246
k1113,0.0,0.705213061,0.181640255,0.0,0.0,0.0933,0.181818182,0.0,0.976739687,0.0789,1970
k1256,0.0,0.705213061,0.0249,0.0,0.0,0.0319,0.0,0.0,0.976739687,0.0,843
k2450,0.0,0.705213061,0.0249,0.0,0.0,0.0118,0.0,0.0,0.976739687,0.0,177
k807,0.0,0.616143469,0.0,0.0,0.0,0.0638,0.272727273,0.0,0.976739687,0.0263,487
k3073,0.0,0.705213061,0.0379,0.0,0.0,0.0193,0.0,0.0,0.976739687,0.0,2896
k2002,0.0,0.705213061,0.114722853,0.0,0.0,0.0638,0.0909,0.0,0.976739687,0.0,2581
k1659,0.0,0.705213061,0.0,0.0,0.0,0.00589,0.0455,0.0,0.976502974,0.0,438
k875,0.0,0.680755169,0.0,0.0,0.0,0.0319,0.0,0.0,0.976463521,0.0263,2463
k924,0.0,0.692999874,0.0,0.0,0.0,0.0378,0.0,0.0,0.981914302,0.0263,715
k1553,0.0,0.705213061,0.0,0.0,0.0,0.0,0.0,0.0,0.976739687,0.0,820
k3067,0.0,0.705213061,0.0,0.0,0.0,0.0,0.0909,0.0,0.976739687,0.0,2023
k2167,0.0,0.638647252,0.0,0.0,0.0,0.107509248,0.0,0.0,0.966139745,0.0789,564
k2159,0.0,0.705213061,0.0,0.0,0.0,0.0,0.0,0.0,0.976739687,0.0,2290
k2350,0.0,0.651664145,0.0,0.0,0.0,0.0453,0.0455,0.0,0.976739687,0.0,819
k1178,0.0,0.705213061,0.0702,0.0,0.0,0.0835,0.181818182,0.0,0.976739687,0.0,2491
k1798,0.0,0.705213061,0.0,0.0,0.0,0.0,0.181818182,0.0,0.976739687,0.0,2264
k1671,0.0,0.705213061,0.0836,0.0,0.0,0.0308,0.0,0.0,0.976739687,0.0263,1664
k743,0.0,0.705213061,0.0,0.0,0.0,0.0,0.181818182,0.0,0.976739687,0.0,3060
k3303,0.0,0.705213061,0.0,0.0,0.0,0.0134,0.227272727,0.0,0.976739687,0.0,2757
k1039,0.0,0.705213061,0.00429,0.0,0.0,0.0417,0.0,0.0,0.976739687,0.0,2059
k83,0.0,0.705213061,0.254301458,0.0,0.0,0.19146242,0.272727273,0.0,0.976739687,0.0526,2731
k2153,0.0,0.71739473,0.0574,0.142857143,0.0,0.0638,0.0,0.0,0.965701952,0.0,1895
k2939,0.124804075,0.896164271,0.0,0.0,0.0,0.0,0.181818182,0.0,0.976739687,0.0,1095
k1931,0.0,0.705213061,0.0,0.0,0.0,0.0,0.0,0.0,0.976739687,0.0,1176
k185,0.0,0.705213061,0.181799103,0.0,0.0,0.0831,0.0,0.0,0.971724155,0.0789,380
k3379,0.0,0.53140759,0.0,0.0714,0.0,0.181780825,0.0455,0.0,0.976739687,0.0263,666
k693,0.0,0.705213061,0.00706,0.0,0.0,0.0267,0.0909,0.0,0.976739687,0.0,617
k581,0.0,0.705213061,0.0,0.0,0.0,0.0417,0.0,0.0,0.976739687,0.0,2230
k787,0.0,0.705213061,0.0628,0.0,0.0,0.0193,0.318181818,0.0,0.976739687,0.0263,1570
k2462,0.0,0.532384644,0.0,0.0,0.0,0.147284102,0.0,0.0,0.976739687,0.0,1403
k652,0.0,0.705213061,0.0,0.0,0.0,0.0,0.0,0.0,0.976739687,0.0526,1347
k405,0.0,0.705213061,0.0422,0.0,0.0,0.0551,0.0,0.0,0.976739687,0.0,3026
k3245,0.0,0.705213061,0.0702,0.0,0.0,0.0835,0.181818182,0.0,0.976739687,0.0,3106
k2386,0.0,0.705213061,0.0,0.0,0.0,0.0134,0.0909,0.0,0.976739687,0.0,112
k1962,0.0,0.705213061,0.0,0.0,0.0,0.00589,0.0,0.0,0.976739687,0.0,1146
k1486,0.0,0.621596067,0.114722853,0.0,0.0,0.154373289,0.545454545,0.0,0.976739687,0.105263158,2700
k161,0.0,0.705213061,0.0759,0.0714,0.0,0.121733336,0.0,0.0,0.976739687,0.0263,951
k1847,0.0,0.705213061,0.0,0.0,0.0,0.0,0.0,0.0,0.958283647,0.0,2061
k118,0.0,0.705213061,0.0249,0.0,0.0,0.0319,0.0,0.0,0.976739687,0.0,629
k944,0.0,0.696829299,0.0,0.0,0.0,0.0453,0.181818182,0.0,0.976739687,0.0,1466
k383,0.0,0.705213061,0.0717,0.0,0.0,0.0906,0.0909,0.0,0.976739687,0.0,858
k1053,0.0,0.676579047,0.0141,0.0,0.0,0.0772,0.0,0.0,0.969773175,0.0526,423
k1685,0.0,0.705213061,0.0,0.0,0.0,0.0,0.0,0.0,0.976739687,0.0,403
k3082,0.0,0.665910237,0.0,0.0,0.0,0.0319,0.0909,0.0,0.976739687,0.0,1934
k2750,0.0,0.705213061,0.118078926,0.0,0.0,0.0818,0.0,0.0,0.976739687,0.0,473
k327,0.0,0.527877584,0.216603755,0.0714,0.0667,0.239741288,0.0455,0.0,0.976739687,0.0526,2711
k1817,0.0,0.705213061,0.112496522,0.0,0.0,0.031,0.0,0.0,0.976739687,0.0526,1450
k3211,0.0945,0.782794377,0.0,0.0,0.0,0.0,0.0,0.0,0.976739687,0.0,762
k923,0.0,0.705213061,0.0,0.0,0.0,0.0,0.0,0.0,0.976739687,0.0,2687
k1514,0.0,0.705213061,0.0379,0.0,0.0,0.0134,0.0,0.0,0.976739687,0.0,2634
k2361,0.0,0.705213061,0.0497,0.0,0.0,0.0718,0.0,0.0,0.958357461,0.0,965
k2494,0.0,0.705213061,0.114722853,0.0,0.0,0.0638,0.0909,0.0,0.976739687,0.0,2360
k344,0.0,0.656722769,0.0818,0.0,0.0,0.0842,0.0,0.0,0.976739687,0.0263,638
k2732,0.0,0.705213061,0.0801,0.0,0.0,0.0685,0.0455,0.0,0.976739687,0.0,2310
k510,0.0,0.678548916,0.0753,0.0,0.0,0.287649555,0.0,0.0,0.976739687,0.0,3391
k422,0.0,0.705213061,0.0379,0.0,0.0,0.0267,0.0,0.0,0.976739687,0.0,2334
k3350,0.0,0.705213061,0.0876,0.0,0.0,0.0385,0.545454545,0.0,0.976739687,0.0263,2433
k3167,0.0,0.655068079,0.0,0.0,0.0,0.0437,0.0,0.0,0.976739687,0.0,651
k381,0.0,0.705213061,0.108663859,0.0714,0.0,0.106210656,0.0,0.0,0.976739687,0.0263,1236
k1273,0.0,0.705213061,0.114722853,0.0,0.0,0.0638,0.181818182,0.0,0.976739687,0.0,1157
k2475,0.0,0.705213061,0.00678,0.0,0.0,0.0505,0.0,0.0,0.976739687,0.0,155
k2492,0.0,0.705213061,0.0448,0.0,0.0,0.0789,0.0909,0.0,0.976739687,0.0,2641
k1951,0.0,0.599029249,0.0189,0.0,0.0,0.0777,0.272727273,0.0,0.976739687,0.0263,1749
k51,0.0,0.705213061,0.0,0.0,0.0,0.131014223,0.0,0.0,0.976739687,0.0,158
k3041,0.0,0.705213061,0.0,0.0,0.0,0.0655,0.0,0.0,0.976739687,0.0,168
k1636,0.0,0.705213061,0.0249,0.0,0.0,0.0,0.0,0.0,0.976739687,0.0,1021
k2954,0.0,0.593119642,0.0822,0.0714,0.0667,0.170083549,0.0,0.0,0.975421217,0.0,34
k2536,0.0,0.705213061,0.0,0.0,0.0,0.0417,0.0,0.0,0.976739687,0.0,224
k2447,0.0,0.64227181,0.0,0.0,0.0,0.0319,0.0,0.0,0.976739687,0.0,737
k654,0.0,0.705213061,0.102604875,0.0,0.0,0.148600504,0.0,0.0,0.976739687,0.0263,273
k3356,0.0,0.705213061,0.166025286,0.0,0.0,0.138121059,0.0,0.0,0.976739687,0.0526,90
k2856,0.0,0.705213061,0.223195999,0.0,0.0,0.146896466,0.0,0.0,0.913726728,0.0,493
k1394,0.0886,0.705213061,0.0,0.0,0.0,0.0,0.0,0.0,0.976739687,0.0,2470
k728,0.0,0.705213061,0.0574,0.0,0.0,0.0319,0.0,0.0,0.976739687,0.0526,880
k252,0.116239364,0.705213061,0.0338,0.0,0.0,0.00589,0.0,0.0,0.976739687,0.0,1361
k719,0.112012987,0.636661624,0.0513,0.0,0.0,0.119576494,0.0,0.0,0.976739687,0.0,3163
k250,0.0,0.610013238,0.0574,0.0,0.0,0.0957,0.0,0.0,0.965125439,0.0,2602
k1353,0.0,0.648465078,0.0,0.0,0.0,0.0453,0.0455,0.0,0.976739687,0.0,2873
k290,0.0,0.580386409,0.22944571,0.142857143,0.0,0.223372816,0.0909,0.0,0.955504169,0.0789,454
k1618,0.0,0.705213061,0.107072957,0.0,0.0,0.0697,0.0455,0.0,0.959087965,0.0,1158
k2670,0.0,0.641862078,0.0,0.0,0.0,0.0638,0.181818182,0.0,0.976739687,0.0,411
k103,0.0,0.703416541,0.00706,0.0,0.0,0.0453,0.0455,0.0,0.976739687,0.0263,2229
k551,0.0,0.705213061,0.0377,0.142857143,0.0,0.145526454,0.272727273,0.0,0.976739687,0.0,1632
k84,0.160504366,0.705213061,0.114722853,0.0,0.0,0.0638,0.0,0.0,0.97293954,0.0,2604
k2568,0.0,0.705213061,0.0379,0.0,0.0,0.0551,0.0,0.0,0.976739687,0.0,3395
k2265,0.0,0.585366238,0.0,0.0,0.0,0.0319,0.0,0.0,0.976739687,0.0,2112
k258,0.0,0.705213061,0.114722853,0.0,0.0,0.0697,0.0,0.0,0.976739687,0.0,2684
k1557,0.0,0.617057489,0.22944571,0.0,0.0,0.244925777,0.181818182,0.0,0.976739687,0.105263158,486
k1848,0.0,0.731105018,0.0,0.0,0.0,0.0319,0.0,0.0,0.976739687,0.0,1517
k2245,0.0,0.678391326,0.0,0.0,0.0,0.087,0.0,0.0,0.976739687,0.0,357
k2303,0.0,0.705213061,0.0574,0.0,0.0,0.0319,0.0455,0.0,0.976739687,0.0,2037
k1831,0.0,0.61929526,0.0877,0.0,0.0,0.115026691,0.181818182,0.05,0.976739687,0.0263,315
k2933,0.0,0.602511977,0.0,0.0714,0.0,0.0643,0.0,0.0,0.951931826,0.0,738
k534,0.0,0.615402799,0.114722853,0.0,0.0,0.159552008,0.0,0.0,0.939926873,0.0263,1797
k2706,0.0,0.705213061,0.0759,0.0,0.0,0.0267,0.0909,0.0,0.976739687,0.0,2442
k936,0.0,0.705213061,0.0,0.0,0.0,0.00589,0.0909,0.0,0.976739687,0.0,1932
k1176,0.0,0.705213061,0.0,0.0,0.0,0.0417,0.0,0.0,0.976739687,0.0,251
k2807,0.0,0.705213061,0.0574,0.0,0.0,0.0319,0.0,0.0,0.976739687,0.0,921
k6,0.0,0.705213061,0.0,0.0,0.0,0.0,0.181818182,0.0,0.976739687,0.0,868
k1209,0.0,0.677051815,0.0379,0.0,0.0,0.0586,0.0,0.0,0.976739687,0.0263,2
k3396,0.0,0.705213061,0.0338,0.0,0.0,0.0,0.318181818,0.0,0.976739687,0.0,2596
k988,0.0,0.705213061,0.0379,0.0,0.0,0.0267,0.136363636,0.0,0.976739687,0.0,3301
k3230,0.0,0.599423222,0.051,0.0,0.0,0.129397748,0.0,0.0,0.976739687,0.0,2980
k3186,0.0,0.705213061,0.0497,0.0,0.0,0.0118,0.0,0.0,0.976739687,0.0,2661
k3316,0.0,0.70433056,0.0753,0.0,0.0,0.0896,0.181818182,0.025,0.976739687,0.0,465
k57,0.0,0.651837494,0.00706,0.0,0.0,0.109097049,0.0,0.0,0.976739687,0.0789,71
k977,0.0,0.705213061,0.0,0.0,0.0,0.0869,0.0,0.0,0.976739687,0.0,2538
k1424,0.0,0.705213061,0.0,0.0,0.0,0.0,0.0909,0.0,0.976739687,0.0,957
k2217,0.0,0.639356404,0.0,0.0,0.0,0.159691674,0.0,0.0,0.976739687,0.0,38
k2018,0.0,0.705213061,0.0574,0.0,0.0,0.0319,0.181818182,0.0,0.976739687,0.0,1260
k2461,0.0,0.705213061,0.108663859,0.0,0.0,0.106210656,0.0,0.0,0.976739687,0.0,1489
k3367,0.0,0.705213061,0.0,0.0,0.0,0.00589,0.0455,0.0,0.976739687,0.0,1483
k2659,0.0,0.665626576,0.0,0.0,0.0,0.0319,0.0909,0.0,0.976739687,0.0,1247
k3427,0.0,0.604292738,0.483747169,0.0,0.0,0.342660099,0.136363636,0.075,0.976739687,0.210526316,3141
k1683,0.125587774,0.674325517,0.0,0.0,0.0,0.0319,0.0,0.0,0.976739687,0.0,3061
k2602,0.0,0.631114473,0.0249,0.0,0.0,0.11709081,0.136363636,0.05,0.976739687,0.0,2555
k978,0.0,0.705213061,0.0,0.0,0.0,0.0417,0.0,0.0,0.976739687,0.0,1914
k1309,0.0,0.792848588,0.0,0.0,0.0,0.0417,0.0909,0.0,0.976739687,0.0,1512
k618,0.0,0.651128341,0.0,0.0,0.0,0.0453,0.0455,0.0,0.976739687,0.0,356
k40,0.0,0.705213061,0.0,0.0,0.0,0.125194952,0.272727273,0.0,0.976739687,0.0,1214
k2390,0.0,0.705213061,0.0379,0.0,0.0,0.0134,0.0,0.0,0.976739687,0.0,373
k3237,0.0,0.635905194,0.11378767,0.0,0.0,0.130650004,0.0,0.0,0.976739687,0.0263,2969
k380,0.0,0.608579173,0.0189,0.0,0.0,0.0777,0.0909,0.0,0.976739687,0.0263,2311
k2867,0.0,0.705213061,0.00343,0.0,0.0,0.0753,0.363636364,0.0,0.976739687,0.0,43
k3401,0.0,0.705213061,0.0,0.0,0.0,0.0835,0.181818182,0.0,0.976739687,0.0,532
k81,0.0,0.705213061,0.0448,0.0,0.0,0.0655,0.0,0.0,0.955174551,0.0,205
k3248,0.0,0.624858169,0.0338,0.0,0.0,0.0453,0.0455,0.0,0.976739687,0.0,1960
k272,0.0,0.705213061,0.132666162,0.0,0.0,0.0762,0.318181818,0.0,0.976739687,0.0526,1778
k3002,0.108836207,0.705213061,0.0,0.0,0.0,0.0,0.0,0.0,0.976739687,0.0,1392
k2195,0.0,0.705213061,0.0,0.0,0.0,0.0134,0.181818182,0.0,0.976739687,0.0,3255
k2487,0.0,0.705213061,0.183416855,0.0,0.0,0.0994,0.181818182,0.025,0.976739687,0.0263,731
k2587,0.0,0.540547781,0.0,0.0714,0.0,0.105552454,0.0,0.0,0.976739687,0.0,192
k2242,0.0,0.705213061,0.0637,0.0,0.0,0.211033561,0.0,0.0,0.976739687,0.0,709
k2957,0.0,0.452581316,0.458891421,0.285714286,0.0667,0.38881386,0.0455,0.0,0.976739687,0.263157895,702
k1501,0.0,0.705213061,0.290163203,0.0,0.0,0.155083585,0.227272727,0.05,0.976739687,0.0789,631
k548,0.0,0.705213061,0.0818,0.0,0.0,0.0531,0.0,0.0,0.976739687,0.0,2651
k3330,0.0,0.691817953,0.0,0.0,0.0,0.087,0.0,0.0,0.976739687,0.0,249
k1573,0.0,0.577738906,0.0762,0.0,0.0,0.106210656,0.0455,0.0,0.976739687,0.0,915
k3370,0.0,0.69320474,0.0,0.0,0.0,0.0638,0.0,0.0,0.976739687,0.0263,2029
k1763,0.0,0.705213061,0.0628,0.0,0.0,0.0326,0.545454545,0.0,0.976739687,0.0,3373
k994,0.0,0.705213061,0.0448,0.0,0.0,0.0655,0.0455,0.0,0.976739687,0.0,2659
k1955,0.0,0.85021117,0.0,0.0,0.0,0.0607,0.0,0.0,0.976739687,0.0,630
k36,0.0,0.705213061,0.0,0.0,0.0,0.0655,0.0455,0.0,0.979077554,0.0,113
k680,0.0,0.705213061,0.347524636,0.0,0.0,0.186993997,0.0455,0.0,0.976739687,0.105263158,3329
k2546,0.0,0.705213061,0.0,0.0,0.0,0.0,0.0,0.0,0.976739687,0.0,3269
k560,0.0,0.517019667,0.0,0.214285714,0.0,0.109097049,0.0,0.0,0.976739687,0.0526,2441
k1084,0.0,0.705213061,0.0,0.0,0.0,0.11019498,0.0,0.0,0.976739687,0.0,396
k1370,0.0,0.609020424,0.0249,0.0,0.0,0.0906,0.181818182,0.0,0.976739687,0.0,2772
k2020,0.0,0.705213061,0.0,0.0,0.0,0.0835,0.0,0.0,0.976739687,0.0,1024
k1109,0.0,0.705213061,0.118078926,0.0,0.0,0.0818,0.454545455,0.0,0.976739687,0.0,2132
k324,0.0,0.705213061,0.0497,0.0,0.0,0.0,0.0,0.0,0.976739687,0.105263158,307
k995,0.0,0.705213061,0.227956812,0.0,0.0,0.121504611,0.0,0.0,0.976739687,0.0,3176
k2861,0.0,0.705213061,0.0,0.0,0.0,0.0417,0.0,0.0,0.976739687,0.0,864
k2405,0.0,0.705213061,0.100714208,0.0,0.0,0.0818,0.0455,0.0,0.976739687,0.0,752
k2544,0.0,0.705213061,0.0801,0.0,0.0,0.0685,0.0,0.0,0.976739687,0.0,2253
k2058,0.0,0.705213061,0.114722853,0.0,0.0,0.0697,0.0909,0.0,0.976739687,0.0,416
k1760,0.0,0.705213061,0.0497,0.0,0.0,0.0,0.0,0.0,0.976739687,0.0526,1425
k1329,0.0,0.705213061,0.105538109,0.0,0.0,0.0134,0.0,0.0,0.976739687,0.0526,657
k2042,0.0,0.705213061,0.0,0.0,0.0,0.0,0.0,0.0,0.976739687,0.0,2787
k1606,0.0,0.642539713,0.0518,0.142857143,0.0,0.23187615,0.227272727,0.0,0.976739687,0.0263,2783
k2094,0.0,0.836028114,0.0141,0.0,0.0,0.185624354,0.0,0.0,0.976739687,0.0,3371
k2268,0.0,0.705213061,0.0249,0.0,0.0,0.0458,0.0455,0.0,0.959304316,0.0,956
k821,0.0,0.705213061,0.112126533,0.0,0.0,0.086,0.0,0.0,0.976739687,0.0,838
k1009,0.0,0.705213061,0.0,0.0,0.0,0.0,0.0,0.0,0.976739687,0.0,1226
k1699,0.0,0.705213061,0.0,0.0,0.0,0.0551,0.0909,0.0,0.976739687,0.0,2502
k2050,0.0,0.705213061,0.0,0.0,0.0,0.0134,0.0,0.0,0.976739687,0.0,1966
k1495,0.0,0.705213061,0.0249,0.0,0.0,0.0835,0.0909,0.0,0.976739687,0.0,805
k2748,0.0,0.606577786,0.0379,0.0,0.0,0.113739575,0.0,0.0,0.976739687,0.0,230
k2592,0.0,0.705213061,0.0,0.0,0.0,0.0319,0.0,0.0,0.976739687,0.0,1028
k2812,0.0,0.705213061,0.0,0.0,0.0,0.0,0.0909,0.0,0.976739687,0.0,2106
k1140,0.0,0.705213061,0.0,0.0,0.0,0.00589,0.0909,0.0,0.976739687,0.0,1380
k87,0.0,0.628687595,0.0,0.0,0.0,0.0974,0.0,0.0,0.976739687,0.0,2724
k452,0.0,0.630846571,0.114722853,0.0,0.0,0.127641614,0.181818182,0.0,0.976739687,0.105263158,585
k968,0.226097179,0.705213061,0.0249,0.0,0.0,0.00589,0.0,0.0,0.976739687,0.0,539
k1902,0.106709024,0.661529249,0.0,0.0,0.0,0.0319,0.0,0.0,0.976739687,0.0,9
k412,0.0,0.705213061,0.0,0.0,0.0,0.0,0.227272727,0.0,0.976739687,0.0,914
k1535,0.0,0.705213061,0.0138,0.0,0.0,0.0222,0.0455,0.0,0.976739687,0.0,3369
k3229,0.0,0.705213061,0.114722853,0.0,0.0,0.0697,0.0909,0.0,0.976739687,0.0,1156
k899,0.0,0.705213061,0.0753,0.0,0.0,0.127781262,0.181818182,0.0,0.976739687,0.0,462
k1036,0.175310681,0.705213061,0.0,0.0,0.0,0.0,0.0,0.0,0.976739687,0.0,1299
k2421,0.0,0.705213061,0.0574,0.0,0.0,0.0736,0.0,0.0,0.976739687,0.0,1143
k325,0.0,0.705213061,0.0444,0.0,0.0,0.0541,0.227272727,0.025,0.976739687,0.0,1781
k2999,0.0,0.650371911,0.0759,0.0,0.0,0.109807344,0.0909,0.0,0.976739687,0.0526,2698
k2868,0.0,0.705213061,0.0,0.0,0.0,0.0417,0.0909,0.0,0.976739687,0.0,912
k446,0.0,0.705213061,0.146593092,0.0,0.0,0.119576494,0.0,0.0,0.976739687,0.0,1925
k182,0.0,0.641736006,0.0513,0.0,0.0,0.119576494,0.0,0.0,0.976739687,0.0,1233
k3306,0.0,0.705213061,0.0379,0.0,0.0,0.0134,0.181818182,0.0,0.976739687,0.0,123
k13,0.0,0.657731341,0.0444,0.0,0.0,0.0674,0.0,0.0,0.976739687,0.0,1598
k196,0.0,0.705213061,0.0518,0.0,0.0,0.124589088,0.0,0.0,0.976739687,0.0,2964
k1218,0.0,0.705213061,0.0,0.0,0.0,0.0,0.0,0.0,0.976739687,0.0,3015
k503,0.0,0.705213061,0.0319,0.0,0.0,0.00589,0.363636364,0.0,0.976739687,0.0263,2128
k2519,0.0,0.705213061,0.0,0.0,0.0,0.00589,0.0,0.0,0.976739687,0.0,1615
k2771,0.0,0.705213061,0.0338,0.0,0.0,0.019,0.0,0.0,0.976739687,0.0526,809
k1754,0.0,0.635905194,0.0,0.0,0.0,0.0974,0.0,0.0,0.976739687,0.0,2025
k244,0.139246529,0.705213061,0.0,0.0,0.0,0.0,0.0,0.0,0.976739687,0.0,2434
k3378,0.0,0.705213061,0.127267473,0.0,0.0,0.104594179,0.0,0.0,0.976739687,0.0263,3287
k1506,0.0,0.705213061,0.0,0.0,0.0,0.0,0.0,0.0,0.976739687,0.0,21
k1076,0.0,0.623093167,0.0513,0.0,0.0,0.138121059,0.0,0.0,0.976739687,0.0789,3298
k2908,0.0,0.705213061,0.0756,0.0,0.0,0.0994,0.0,0.0,0.976739687,0.0,291
k916,0.0,0.835775971,0.0379,0.0,0.0,0.0685,0.0,0.0,0.978587582,0.0,2673
k2588,0.107296798,0.705213061,0.0,0.0,0.0,0.00589,0.0,0.0,0.976739687,0.0,140
k1403,0.0,0.705213061,0.0574,0.0,0.0,0.0319,0.0,0.0,0.976739687,0.0,2987
k3033,0.253498657,0.705213061,0.0,0.0,0.0,0.0,0.0,0.0,0.976739687,0.0,3406
k1241,0.0,0.705213061,0.114722853,0.0,0.0,0.0638,0.0909,0.0,0.976739687,0.0,1799
k173,0.0,0.705213061,0.0574,0.0,0.0,0.0319,0.0,0.0,0.976739687,0.0,1104
k266,0.0,0.705213061,0.0574,0.0,0.0,0.0319,0.0,0.0,0.976739687,0.0,3312
k3205,0.0,0.705213061,0.0249,0.0,0.0,0.0476,0.0,0.0,0.976739687,0.0526,1207
k1455,0.0,0.696986889,0.0,0.0,0.0,0.0319,0.0,0.075,0.976739687,0.0,1532
k390,0.0,0.668021936,0.131928727,0.0,0.0,0.11339827,0.0,0.0,0.957026264,0.0263,1846
k3282,0.0,0.705213061,0.164434376,0.0,0.0,0.101620224,0.0,0.0,0.976739687,0.0526,675
k3137,0.0,0.705213061,0.0,0.0,0.0,0.11019498,0.0,0.0,0.976739687,0.0,1516
k1081,0.0,0.705213061,0.0379,0.0,0.0,0.0134,0.0,0.0,0.976739687,0.0,2901
k782,0.0,0.705213061,0.0574,0.142857143,0.0,0.0586,0.0455,0.0,0.976739687,0.0,594
k2823,0.0,0.705213061,0.0,0.0,0.0,0.0,0.0,0.0,0.980716734,0.0,2735
k260,0.0,0.705213061,0.172084273,0.0,0.0,0.0957,0.0455,0.0,0.976739687,0.0,477
k1088,0.0,0.930361195,0.045,0.0,0.0,0.0551,0.0,0.0,0.976739687,0.0,2475
k3081,0.0,0.705213061,0.0,0.0,0.0,0.0551,0.0,0.0,0.976739687,0.0,144
k3373,0.0,0.705213061,0.23280177,0.0,0.0,0.109807344,0.0455,0.0,0.976739687,0.0,1541
k1151,0.194469324,0.705213061,0.0319,0.0,0.0,0.0326,0.181818182,0.0,0.976739687,0.0,1550
k1710,0.0,0.587477937,0.0513,0.0,0.0,0.151486906,0.0,0.0,0.976739687,0.0263,360
k1596,0.125167936,0.562216339,0.0,0.0,0.0,0.0638,0.0,0.0,0.976739687,0.0,122
k579,0.0,0.621012985,0.0,0.0,0.0,0.0638,0.0909,0.0,0.976739687,0.0263,2920
k800,0.0,0.705213061,0.0,0.0,0.0,0.0319,0.0,0.0,0.976739687,0.0263,2157
k2100,0.0,0.705213061,0.0953,0.0,0.0,0.0586,0.0455,0.0,0.976739687,0.0,1908
k2752,0.0,0.705213061,0.0,0.0,0.0,0.0,0.181818182,0.0,0.976739687,0.0,3031
k2412,0.0,0.726960414,0.0574,0.0,0.0,0.0319,0.0,0.0,0.976739687,0.0,1894
k1095,0.0,0.705213061,0.0,0.0,0.0,0.0,0.0,0.0,0.976739687,0.0,252
k2950,0.0,0.705213061,0.0,0.0,0.0,0.0727,0.0,0.0,0.976739687,0.0,2734
k2833,0.0,0.705213061,0.0,0.0,0.0,0.00589,0.0,0.0,0.976739687,0.0,507
k2173,0.0,0.705213061,0.0893,0.0,0.0,0.0378,0.0,0.0,0.976739687,0.0263,3328
k2093,0.0,0.64408409,0.0,0.0,0.0,0.0453,0.0455,0.0,0.976739687,0.0,1511
k1713,0.0,0.705213061,0.0,0.0,0.0,0.0,0.181818182,0.0,0.976739687,0.0,116
k1813,0.0,0.705213061,0.0574,0.0,0.0,0.0453,0.0455,0.0,0.976739687,0.0,1148
k759,0.311996193,0.489157842,0.0,0.0,0.0,0.0638,0.0,0.0,0.976739687,0.0,2152
k3031,0.0,0.705213061,0.087,0.0,0.0,0.0789,0.0455,0.0,0.976739687,0.0,2585
k1826,0.0,0.705213061,0.0,0.0,0.0,0.0,0.227272727,0.0,0.976739687,0.0,2314
k1215,0.0,0.705213061,0.0,0.0,0.0,0.0638,0.0,0.0,0.976739687,0.0,3400
k3160,0.0,0.632895234,0.0513,0.0,0.0,0.106210656,0.0,0.0,0.976739687,0.0263,2192
k2676,0.0,0.705213061,0.145487631,0.0,0.0,0.086,0.227272727,0.05,0.976739687,0.0263,2084
k2154,0.0,0.705213061,0.0759,0.0,0.0,0.10391832,0.0,0.0,0.976739687,0.0263,1678
k434,0.0,0.705213061,0.0,0.0,0.0,0.0,0.227272727,0.0,0.976739687,0.0,2710
k1142,0.0,0.627316566,0.108663859,0.0,0.0,0.188645845,0.0,0.0,0.976739687,0.0526,3215
k1321,0.0,0.705213061,0.0,0.0,0.0,0.0,0.0,0.0,0.976739687,0.0,652
k2376,0.151631773,0.705213061,0.0,0.0,0.0,0.0,0.0,0.0,0.976739687,0.0,26
k3063,0.0,0.705213061,0.0,0.0,0.0,0.0,0.545454545,0.0,0.976739687,0.0,82
k112,0.0,0.676106278,0.0,0.142857143,0.0,0.0586,0.0909,0.0,0.976739687,0.0,261
k670,0.0,0.705213061,0.00706,0.0,0.0,0.0453,0.136363636,0.0,0.976739687,0.0,984
k812,0.0,0.730395865,0.0,0.0,0.0,0.0319,0.181818182,0.0,0.976739687,0.0,1409
k1825,0.0,0.705213061,0.0249,0.0,0.0,0.0835,0.0909,0.0,0.976739687,0.0,1662
k222,0.0,0.600069339,0.0,0.0,0.0,0.114986071,0.0909,0.0,0.976739687,0.157894737,1067
k1400,0.0,0.705213061,0.103710488,0.0,0.0,0.0727,0.0,0.0,0.976739687,0.0789,1484
k3183,0.0,0.705213061,0.114722853,0.0,0.0,0.101473426,0.0909,0.0,0.976739687,0.0,3019
k1146,0.0,0.6860029,0.00706,0.0,0.0,0.0772,0.0,0.0,0.976739687,0.0263,2215
k838,0.0945,0.705213061,0.00706,0.0,0.0,0.0267,0.318181818,0.0,0.976739687,0.0,2595
k3088,0.0,0.650135527,0.0,0.0,0.0,0.0773,0.0,0.0,0.976739687,0.0,2301
k736,0.0,0.59103946,0.196940032,0.0,0.0,0.165441042,0.0455,0.0,0.976739687,0.157894737,3175
k703,0.0,0.705213061,0.101013972,0.0,0.0,0.0861,0.0,0.0,0.976739687,0.0,59
k2576,0.0,0.705213061,0.0,0.0,0.0,0.0835,0.0,0.0,0.976739687,0.0,3236
k1949,0.0,0.727953227,0.0,0.0,0.0,0.0,0.0,0.0,0.976739687,0.0,724
k1677,0.0,0.847122416,0.0,0.0,0.0,0.0607,0.0,0.0,0.976739687,0.0,1737
k947,0.0,0.705213061,0.114722853,0.0,0.0,0.0638,0.0909,0.0,0.976739687,0.0,320
k1275,0.0,0.705213061,0.0574,0.0,0.0,0.0319,0.181818182,0.0,0.976739687,0.0,852
k1230,0.0,0.705213061,0.0,0.0,0.0,0.0,0.181818182,0.0,0.976739687,0.0,988
k17,0.0,0.705213061,0.114722853,0.0,0.0,0.0638,0.0,0.0,0.976739687,0.0,681
k3348,0.0,0.705213061,0.100160495,0.0,0.0,0.0502,0.181818182,0.0,0.976739687,0.0263,2682
k338,0.0,0.741679274,0.0513,0.0,0.0,0.106210656,0.0,0.0,0.976739687,0.0263,3009
k552,0.0,0.59103946,0.196940032,0.0,0.0,0.165441042,0.0455,0.0,0.976739687,0.131578947,2092
k734,0.0,0.705213061,0.0574,0.0,0.0,0.0319,0.181818182,0.0,0.976739687,0.0,930
k1974,0.0,0.705213061,0.118078926,0.0,0.0,0.0818,0.181818182,0.0,0.976739687,0.0,2385
k2898,0.0,0.692479829,0.00706,0.0,0.0,0.100373735,0.0,0.0,0.976739687,0.0263,1961
k2793,0.0,0.636157337,0.0249,0.0,0.0,0.0718,0.0909,0.0,0.976739687,0.0,2719
k1584,0.0,0.705213061,0.0,0.0,0.0,0.0,0.0,0.0,0.976739687,0.0,2702
k1406,0.0,0.705213061,0.0587,0.0,0.0,0.0249,0.0909,0.0,0.976739687,0.0263,1309
k656,0.0,0.613842663,0.0338,0.0,0.0,0.0453,0.0455,0.0,0.976739687,0.0263,863
k877,0.0,0.705213061,0.0,0.0,0.0,0.0417,0.0,0.0,0.976739687,0.0,3433
k1068,0.0,0.730206757,0.0,0.0,0.0,0.0,0.227272727,0.0,0.976739687,0.0,2703
k2311,0.0,0.707876324,0.0497,0.0,0.0,0.0496,0.0,0.0,0.976739687,0.0263,1372
k671,0.0,0.535678265,0.0377,0.0714,0.0,0.178236221,0.0,0.0,0.976739687,0.0526,980
k1401,0.0,0.532983485,0.0,0.142857143,0.0,0.150828706,0.0,0.0,0.976739687,0.0526,2534
k305,0.0,0.705213061,0.0,0.0,0.0,0.0417,0.0909,0.0,0.976739687,0.0,3115
k3098,0.0,0.622683434,0.00706,0.0,0.0,0.0772,0.181818182,0.05,0.976739687,0.0,2543
k3168,0.0,0.705213061,0.0892,0.0,0.0,0.0877,0.0,0.0,0.976739687,0.0263,3052
k2872,0.0,0.705213061,0.0448,0.0,0.0,0.0655,0.0,0.0,0.976739687,0.0,64
k3074,0.0,0.705213061,0.0,0.0,0.0,0.0,0.0,0.0,0.976739687,0.0,693
k55,0.0,0.705213061,0.0,0.0,0.0,0.00589,0.0,0.0,0.976739687,0.0,2565
k1505,0.0,0.720231341,0.0,0.0,0.0,0.0319,0.0,0.0,0.976739687,0.0,2872
k2349,0.0,0.705213061,0.0,0.0,0.0,0.0835,0.0,0.0,0.976739687,0.0,133
k346,0.0,0.654043747,0.0379,0.0,0.0,0.0772,0.0909,0.0,0.976739687,0.0263,3005
k2557,0.0,0.705213061,0.0249,0.0,0.0,0.0,0.0,0.0,0.976739687,0.0,1867
k1853,0.0,0.705213061,0.0753,0.0,0.0,0.127781262,0.272727273,0.0,0.976739687,0.0,2197
k834,0.0,0.569292108,0.22944571,0.0,0.0,0.235150863,0.0455,0.1,0.923335272,0.210526316,2213
k2806,0.0,0.705213061,0.0,0.0,0.0,0.0,0.0,0.0,0.976739687,0.0,2294
k2835,0.0,0.58533472,0.0,0.0,0.0,0.0772,0.0,0.0,0.976739687,0.0,2063
k2227,0.0,0.659638174,0.0379,0.0,0.0,0.0772,0.0909,0.0,0.976739687,0.0263,2990
k1498,0.0,0.705213061,0.132666162,0.0,0.0,0.0762,0.318181818,0.0,0.976739687,0.0,85
k3131,0.0,0.705213061,0.0,0.0,0.0,0.0134,0.318181818,0.0,0.976739687,0.0,2395
k856,0.0,0.68885527,0.0,0.0,0.0,0.0319,0.0,0.0,0.976739687,0.0,96
k1748,0.0,0.705213061,0.0513,0.0,0.0,0.0743,0.0,0.0,0.976739687,0.0,870
k70,0.0,0.705213061,0.0,0.0,0.0,0.0,0.363636364,0.0,0.976739687,0.0,3084
k140,0.0,0.705213061,0.0,0.0,0.0,0.0,0.0455,0.0,0.976739687,0.0,2307
k1509,0.0,0.705213061,0.105538109,0.0,0.0,0.0134,0.0,0.0,0.976739687,0.0,823
k1794,0.0,0.665941755,0.131928727,0.0,0.0,0.11339827,0.0,0.0,0.976739687,0.0789,513
k827,0.123250672,0.705213061,0.0,0.0,0.0,0.0,0.0,0.0,0.976739687,0.0,3418
k2223,0.0,0.705213061,0.0249,0.0,0.0,0.0476,0.0,0.0,0.976739687,0.0,3056
k447,0.0,0.590361826,0.0,0.0,0.0,0.0638,0.0,0.0,0.976739687,0.0263,2354
k590,0.131787394,0.705213061,0.0702,0.0,0.0,0.0417,0.0,0.0,0.976739687,0.0,1548
k26,0.0,0.705213061,0.0717,0.0,0.0,0.0134,0.0,0.0,0.976739687,0.0263,2609
k3037,0.0,0.705213061,0.0249,0.0,0.0,0.0,0.181818182,0.0,0.976739687,0.0,2909
k1723,0.0,0.705213061,0.114722853,0.0,0.0,0.0638,0.0,0.0,0.976739687,0.0,3345
k175,0.121585311,0.705213061,0.0,0.0,0.0,0.0,0.0,0.0,0.976739687,0.0,873
k2795,0.0,0.705213061,0.0,0.0,0.0,0.0417,0.0,0.0,0.976739687,0.0,1742
k3421,0.0,0.705213061,0.0574,0.0,0.0,0.087,0.0,0.0,0.976739687,0.0,339
k1791,0.0,0.689280761,0.112496522,0.0,0.0,0.0629,0.0,0.0,0.976739687,0.0526,1027
k3093,0.0,0.48121533,0.0676,0.0,0.0667,0.109097049,0.0,0.0,0.976739687,0.0526,445
k3039,0.130849754,0.705213061,0.125569977,0.0,0.0,0.0267,0.0,0.0,0.976739687,0.0526,2071
k2239,0.0,0.705213061,0.131928727,0.0,0.0,0.0815,0.0,0.0,0.976739687,0.0263,2859
k2772,0.0,0.659275719,0.0574,0.0714,0.0,0.0957,0.0,0.0,0.961946347,0.0526,2293
k630,0.0,0.705213061,0.0249,0.0,0.0,0.0417,0.0909,0.0,0.976739687,0.0,2891
k4,0.0,0.705213061,0.0249,0.0,0.0,0.0118,0.136363636,0.0,0.976739687,0.0,2313
k1172,0.128092812,0.705213061,0.0,0.0,0.0,0.0,0.0,0.0,0.976739687,0.0,65
k68,0.0,0.660520676,0.0,0.0,0.0,0.0697,0.0,0.0,0.976739687,0.0263,2049
k2128,0.0,0.771369138,0.114722853,0.0,0.0,0.127641614,0.0,0.0,0.937245389,0.0789,1721
k634,0.0,0.692337998,0.0249,0.0,0.0,0.0453,0.0909,0.0,0.976739687,0.0,3379
k376,0.0,0.761677383,0.0574,0.0,0.0,0.0319,0.181818182,0.0,0.976739687,0.0,2497
k2435,0.0,0.705213061,0.0,0.0,0.0,0.0,0.181818182,0.0,0.976739687,0.0,3316
k1187,0.0,0.705213061,0.114722853,0.0,0.0,0.0638,0.0909,0.0,0.976739687,0.0,768
k603,0.0,0.705213061,0.13432729,0.0,0.0,0.181780825,0.0,0.0,0.976739687,0.0526,359
k625,0.0,0.705213061,0.0,0.0,0.0,0.00589,0.0,0.0,0.976739687,0.0,2835
k2860,0.0,0.633352244,0.114722853,0.0714,0.0,0.0957,0.0,0.0,0.976739687,0.0263,1904
k2583,0.0,0.717741427,0.0822,0.0,0.0,0.0831,0.0455,0.0,0.976739687,0.0,2064
k2049,0.0,0.705213061,0.0,0.0,0.0,0.0986,0.0,0.0,0.976739687,0.0,1677
k1555,0.0,0.641420827,0.0818,0.0,0.0,0.152456739,0.0909,0.05,0.976739687,0.0,1831
k1698,0.0,0.626859556,0.0,0.0,0.0,0.0319,0.0,0.0,0.976739687,0.0526,764
k418,0.0,0.785961926,0.0759,0.142857143,0.0,0.0952,0.0455,0.0,0.976739687,0.0,1340
k1728,0.0,0.63070474,0.0249,0.0,0.0,0.0718,0.0909,0.0,0.976739687,0.0,2305
k82,0.0,0.705213061,0.0,0.0,0.0,0.0,0.0,0.0,0.959474852,0.0,1828
k1977,0.0,0.705213061,0.0,0.0,0.0,0.0638,0.0,0.0,0.976739687,0.0263,1948
k1433,0.0,0.705213061,0.0953,0.0,0.0,0.0453,0.0455,0.0,0.976739687,0.0,2272
k1489,0.0,0.705213061,0.0,0.0,0.0,0.0,0.0909,0.0,0.976739687,0.0,2806
k2295,0.0,0.705213061,0.132666162,0.0,0.0,0.0762,0.318181818,0.0,0.976739687,0.0,749
k2409,0.213138155,0.660426122,0.0,0.0,0.0667,0.0772,0.0455,0.025,0.978231239,0.0,3063
k1675,0.0,0.705213061,0.114722853,0.0,0.0,0.0638,0.0909,0.0,0.976739687,0.0,151
k143,0.0,0.705213061,0.0753,0.0,0.0,0.0443,0.227272727,0.0,0.976739687,0.0,467
k2541,0.0,0.705213061,0.0574,0.0,0.0,0.0453,0.0,0.0,0.976739687,0.0,3083
k1270,0.0,0.705213061,0.0497,0.0,0.0,0.121262721,0.181818182,0.0,0.976739687,0.0,1941
k2391,0.665864308,0.705213061,0.0,0.0,0.0,0.0,0.0,0.0,0.940972996,0.0,216
k1916,0.0,0.696592915,0.0876,0.0,0.0,0.0571,0.0455,0.0,0.976739687,0.0263,834
k1525,0.0,0.705213061,0.0,0.0,0.0,0.0655,0.0,0.0,0.976739687,0.0,1003
k2556,0.0,0.633273449,0.0,0.0,0.0,0.0453,0.227272727,0.0,0.960812412,0.0,1317
k1080,0.0,0.705213061,0.0,0.0,0.0,0.0655,0.0,0.0,0.976739687,0.0,119
k2565,0.0,0.705213061,0.0,0.0,0.0,0.0118,0.0,0.0,0.976739687,0.0,1357
k3299,0.182965741,0.732129349,0.0141,0.0,0.0,0.0638,0.0,0.0,0.976739687,0.0,2466
k1572,0.0,0.693772063,0.0,0.0714,0.0,0.0643,0.181818182,0.0,0.976739687,0.0,1253
k2930,0.167907524,0.455748865,0.0,0.285714286,0.0,0.127641614,0.0,0.0,0.976739687,0.105263158,1843
k2634,0.0,0.648260212,0.00706,0.0714,0.0,0.109097049,0.0909,0.0,0.971193458,0.0,1784
k3360,0.0,0.705213061,0.0249,0.0,0.0,0.102718156,0.0,0.0,0.976739687,0.0,2102
k2520,0.0,0.705213061,0.0759,0.0,0.0,0.0267,0.0,0.0,0.976739687,0.0,1537
k844,0.0,0.705213061,0.23280177,0.0,0.0,0.151539,0.136363636,0.0,0.976739687,0.0,1355
k2650,0.0,0.705213061,0.0,0.0,0.0,0.0986,0.0,0.0,0.976739687,0.0,1982
k20,0.0,0.705213061,0.0,0.0,0.0,0.0417,0.0,0.0,0.976739687,0.0,257
k2791,0.0,0.705213061,0.0422,0.0,0.0,0.0134,0.0,0.0,0.976739687,0.0,372
k141,0.0,0.836894856,0.0,0.0,0.0,0.0607,0.0,0.0,0.976739687,0.0,2044
k358,0.0,0.705213061,0.0379,0.0,0.0,0.0134,0.0,0.0,0.976739687,0.0,2746
k320,0.0,0.650482224,0.0,0.0,0.0,0.0453,0.0455,0.0,0.976739687,0.0,2993
k586,0.0,0.705213061,0.0,0.0,0.0,0.0869,0.0,0.0,0.976739687,0.0,2624
k2828,0.0,0.705213061,0.0497,0.0,0.0,0.121973017,0.0,0.0,0.976739687,0.0,1108
k3182,0.0,0.705213061,0.0,0.0,0.0,0.0,0.181818182,0.0,0.976739687,0.0,2336
k1054,0.0,0.705213061,0.0,0.0,0.0,0.0417,0.0,0.0,0.976739687,0.0,991
k496,0.0,0.628971256,0.0,0.0,0.0,0.0319,0.0,0.0,0.976739687,0.0,1996
k2715,0.0,0.628120272,0.176375535,0.142857143,0.0,0.133530629,0.0909,0.0,0.924946453,0.0526,2358
k2794,0.0,0.65383888,0.00706,0.0,0.0,0.0957,0.0,0.0,0.975033057,0.0,1389
k2528,0.0,0.636598588,0.108663859,0.142857143,0.0,0.188645845,0.0,0.0,0.976739687,0.0263,1563
k2838,0.0,0.655777231,0.0,0.0,0.0,0.0319,0.0,0.0,0.976739687,0.0,1080
k385,0.0,0.581946546,0.0574,0.0,0.0,0.114986071,0.0,0.0,0.920274537,0.0526,3086
k3353,0.0,0.644730207,0.0,0.0,0.0,0.0378,0.0,0.0,0.976739687,0.0263,1720
k2927,0.0,0.705213061,0.0497,0.0,0.0,0.0,0.0,0.0,0.976739687,0.0526,2430
k1110,0.0738,0.705213061,0.0574,0.0,0.0,0.0319,0.0,0.0,0.976739687,0.0,2551
k1841,0.0,0.705213061,0.0377,0.0,0.0,0.0443,0.0,0.0,0.976739687,0.0,1562
k32,0.0,0.669377206,0.0,0.0,0.0,0.0638,0.0455,0.0,0.976739687,0.0,1695
k2802,0.0,0.705213061,0.172084273,0.0,0.0,0.109097049,0.136363636,0.0,0.976739687,0.0,1509
k2234,0.0,0.705213061,0.172084273,0.0,0.0,0.0957,0.0,0.0,0.968254897,0.0,1993
k2550,0.0,0.705213061,0.0759,0.0,0.0,0.162762046,0.181818182,0.0,0.976739687,0.0526,29
k117,0.0,0.705213061,0.133219873,0.0,0.0,0.0586,0.0,0.0,0.976739687,0.0,795
k1788,0.0,0.705213061,0.109176628,0.142857143,0.0,0.156499491,0.0455,0.05,0.976739687,0.0789,470
k1545,0.0,0.681480081,0.00706,0.0,0.0,0.0453,0.0,0.0,0.976739687,0.0,1971
k1420,0.0,0.766468104,0.112957097,0.0,0.0,0.0886,0.363636364,0.025,0.976739687,0.0,2654
k2186,0.0,0.596365986,0.0,0.0,0.0,0.139574963,0.0455,0.0,0.976739687,0.0,1332
k1428,0.0,0.687263616,0.0,0.0,0.0,0.0638,0.0,0.1,0.976739687,0.0,3252
k1396,0.0,0.918069213,0.0,0.0,0.0,0.0,0.0,0.0,0.976739687,0.0,1758
k1131,0.108976153,0.705213061,0.159711895,0.0,0.0,0.156717719,0.0,0.0,0.976739687,0.0,1196
k3412,0.0,0.465535174,0.172084273,0.857142857,0.333333333,0.456566883,0.0,0.15,0.976739687,0.5,2388
k3326,0.0,0.556543116,0.0818,0.0,0.0,0.116931918,0.0,0.0,0.976739687,0.0,993
k956,0.0,0.705213061,0.0,0.0,0.0,0.0,0.0,0.0,0.976739687,0.0,1182
k286,0.0,0.705213061,0.0379,0.0,0.0,0.0134,0.318181818,0.0,0.976739687,0.0,2289
k1859,0.0,0.705213061,0.0574,0.0,0.0,0.0319,0.0,0.0,0.976739687,0.0,3403
k2388,0.0,0.660489158,0.0,0.0,0.0,0.0319,0.0,0.0,0.976739687,0.0,2032
k843,0.0,0.707576904,0.0584,0.0,0.0,0.106210656,0.0,0.0,0.976739687,0.0,1044
k3014,0.0,0.705213061,0.0711,0.0,0.0,0.124589088,0.181818182,0.0,0.976739687,0.0,3427
k3179,0.0,0.705213061,0.114722853,0.0,0.0,0.0638,0.181818182,0.0,0.976739687,0.0,1441
k502,0.0,0.705213061,0.140365811,0.0,0.0,0.0835,0.0,0.0,0.976739687,0.0,684
k1598,0.0,0.705213061,0.0249,0.0,0.0,0.00589,0.0,0.0,0.976739687,0.0526,1656
k675,0.0,0.705213061,0.0822,0.0,0.0,0.0378,0.0,0.0,0.976739687,0.0,1837
k585,0.233248433,0.705213061,0.169022214,0.0,0.0,0.0,0.0,0.0,0.908865186,0.0,2871
k659,0.0,0.705213061,0.132666162,0.0,0.0,0.0762,0.0,0.0,0.976739687,0.0,1851
k2191,0.0,0.705213061,0.0574,0.0,0.0,0.0437,0.0,0.0,0.976739687,0.131578947,844
k38,0.0,0.705213061,0.119861595,0.0,0.0,0.039,0.363636364,0.075,0.976739687,0.0526,919
k208,0.0,0.705213061,0.0379,0.0,0.0,0.136030371,0.0,0.0,0.976739687,0.0,804
k3061,0.0,0.593844554,0.0438,0.0,0.0,0.0974,0.0,0.0,0.976739687,0.0526,1167
k1349,0.0,0.705213061,0.0497,0.0,0.0,0.0952,0.0,0.0,0.976739687,0.0,2390
k3377,0.0,0.705213061,0.0,0.0,0.0,0.0,0.0,0.0,0.976739687,0.0,3249
k1784,0.0,0.705213061,0.190581302,0.0,0.0,0.0906,0.0,0.0,0.976739687,0.0,2514
k2029,0.0,0.705213061,0.00706,0.0,0.0,0.00589,0.0909,0.0,0.976739687,0.0,3280
k566,0.0,0.705213061,0.26709806,0.0714,0.0,0.195593787,0.0,0.0,0.976739687,0.0789,2276
k2016,0.0,0.705213061,0.0,0.0,0.0,0.0835,0.0,0.0,0.976739687,0.0,2970
k2711,0.0905,0.705213061,0.0,0.0,0.0,0.0,0.0,0.0,0.976739687,0.0,538
k2253,0.0,0.705213061,0.0,0.0,0.0,0.0417,0.0,0.0,0.976739687,0.0,2704
k1994,0.0,0.706300429,0.0,0.0,0.0,0.0319,0.272727273,0.0,0.976739687,0.0,1800
k532,0.0,0.705213061,0.114722853,0.0,0.0,0.109613997,0.0,0.0,0.976739687,0.0,220
k3058,0.0,0.705213061,0.0518,0.0,0.0,0.154689497,0.0,0.0,0.976739687,0.0,3057
k616,0.0,0.705213061,0.114722853,0.0,0.0,0.0638,0.0,0.0,0.976739687,0.0,920
k3193,0.0,0.705213061,0.0,0.0,0.0,0.0,0.0,0.0,0.976739687,0.0,1113
k3080,0.0,0.705213061,0.0379,0.0,0.0,0.0134,0.181818182,0.0,0.976739687,0.0,869
k2763,0.0,0.705213061,0.0,0.0,0.0,0.0134,0.0,0.0,0.976739687,0.0,2503
k896,0.0,0.705780383,0.0,0.0,0.0,0.0378,0.0,0.025,0.976739687,0.0,1288
k635,0.0,0.705213061,0.0141,0.0,0.0,0.0,0.0,0.0,0.976739687,0.0,2616
k163,0.0,0.705213061,0.0379,0.0,0.0,0.10766456,0.272727273,0.0,0.976739687,0.0,2887
k240,0.0,0.705213061,0.0,0.0,0.0,0.0,0.0,0.0,0.976739687,0.0,949
k2095,0.0,0.919613591,0.0,0.0,0.0,0.0134,0.0,0.0,0.977780719,0.0,2767
k1787,0.0,0.688067322,0.0,0.0,0.0,0.0638,0.0,0.0,0.976739687,0.0,2100
k1282,0.0,0.756713313,0.0574,0.0,0.0,0.0638,0.0,0.0,0.96396096,0.0,1350
k2820,0.0,0.705213061,0.0497,0.0,0.0,0.0118,0.0,0.0,0.976739687,0.0,185
k3044,0.0,0.900561019,0.0574,0.0714,0.0,0.0319,0.0,0.05,0.983139869,0.0,167
k1005,0.0,0.740844049,0.0,0.0,0.0,0.0319,0.0,0.0,0.980494019,0.0,3003
k1905,0.0,0.567858043,0.0,0.0,0.0,0.0638,0.0,0.0,0.976739687,0.0,342
k2483,0.0,0.705213061,0.109176628,0.0,0.0,0.144868252,0.0,0.0,0.976739687,0.0,4
k1872,0.0,0.507123046,0.0,0.285714286,0.0,0.127641614,0.0,0.0,0.976739687,0.105263158,1406
k2395,0.0,0.861195159,0.0379,0.0,0.0,0.0134,0.181818182,0.0,0.976739687,0.0,1000
k437,0.0,0.700832073,0.0753,0.0,0.0,0.108138774,0.181818182,0.1,0.976739687,0.0,3258
k2248,0.0,0.590361826,0.0249,0.0,0.0,0.0964,0.0909,0.0,0.975585389,0.0263,939
k14,0.0,0.705213061,0.0,0.0,0.0,0.0177,0.0,0.0,0.976739687,0.0,1103
k2009,0.0,0.705213061,0.0,0.0,0.0,0.0638,0.0,0.0,0.976739687,0.0,3170
k545,0.0,0.705213061,0.0377,0.0,0.0,0.0621,0.0,0.0,0.976739687,0.0,783
k1939,0.0,0.705213061,0.156943341,0.0,0.0,0.0772,0.0,0.0,0.96973754,0.0263,1019
k200,0.0,0.684159102,0.0753,0.0,0.0,0.134870448,0.181818182,0.0,0.976739687,0.0,3183
k1835,0.0,0.594080938,0.0156,0.0,0.0,0.0638,0.0,0.0,0.963487532,0.0,2888
k2905,0.0,0.67202471,0.0,0.0,0.0,0.0319,0.0,0.0,0.976739687,0.0,1199
k851,0.0,0.705213061,0.0518,0.0,0.0,0.124589088,0.0,0.05,0.976739687,0.0,371
k3012,0.0,0.705213061,0.0497,0.0,0.0,0.0118,0.0,0.0,0.976739687,0.0,1787
k2694,0.0,0.705213061,0.0,0.0,0.0,0.0319,0.0,0.0,0.976739687,0.0,3241
k345,0.0,0.705213061,0.215670538,0.0,0.0,0.127781262,0.0,0.0,0.955380721,0.0,2298
k3250,0.0,0.705213061,0.0497,0.0,0.0,0.0437,0.0,0.0,0.976739687,0.0263,3277
k2466,0.0,0.705213061,0.0,0.0,0.0,0.00589,0.0,0.0,0.982196831,0.0,2504
k7,0.0,0.705213061,0.139578615,0.0,0.0,0.127641614,0.181818182,0.0,0.976739687,0.0263,1868
k1359,0.0,0.705213061,0.0,0.0,0.0,0.0177,0.0,0.0,0.976739687,0.0,1351
k2014,0.0,0.72070411,0.0,0.0714,0.0,0.0643,0.0455,0.0,0.976739687,0.0,1806
k2274,0.0,0.682677761,0.0574,0.0,0.0,0.0772,0.0,0.0,0.976739687,0.0,282
k214,0.0,0.531990671,0.0644,0.142857143,0.0,0.133530629,0.0,0.0,0.976739687,0.105263158,784
k2542,0.0989,0.705213061,0.140365811,0.0,0.0,0.0835,0.0,0.0,0.969704451,0.0,2814
k50,0.0,0.705213061,0.0518,0.214285714,0.0,0.112957849,0.0,0.0,0.976739687,0.157894737,898
k898,0.0,0.705213061,0.146638431,0.0,0.0,0.0697,0.0,0.0,0.974707258,0.0263,3097
k1860,0.0,0.705213061,0.0,0.0,0.0,0.0,0.272727273,0.0,0.976739687,0.0,1803
k23,0.0,0.4615324,0.112680246,0.0714,0.0,0.21531927,0.0,0.0,0.976739687,0.0,3180
k2876,0.0,0.651522315,0.0746,0.0,0.0,0.0874,0.0909,0.0,0.958638717,0.0263,254
k1652,0.0,0.648575391,0.00706,0.0,0.0,0.0319,0.0,0.0,0.976739687,0.0263,1488
k3145,0.0,0.705213061,0.0,0.0,0.0,0.0,0.0,0.0,0.976739687,0.0,3275
k2837,0.0,0.527562405,0.0644,0.357142857,0.266666667,0.305202002,0.136363636,0.0,0.967053511,0.131578947,1619
k343,0.134572324,0.737518911,0.0,0.0,0.0,0.0,0.0,0.0,0.926753623,0.0,3386
k2021,0.0,0.651853253,0.0822,0.0,0.0,0.141717747,0.0455,0.0,0.975475941,0.0,2175
k2341,0.0,0.705213061,0.0,0.0,0.0,0.00589,0.0,0.0,0.976739687,0.0,1234
k1259,0.0,0.52734178,0.0,0.285714286,0.2,0.292934078,0.0455,0.0,0.976739687,0.0789,446
k1594,0.0,0.667990419,0.0,0.0,0.0,0.0638,0.0,0.0,0.976739687,0.0,1696
k3042,0.0,0.750441251,0.0,0.0,0.0,0.0319,0.0,0.0,0.976739687,0.0,231
k2946,0.0,0.705213061,0.0,0.0,0.0,0.00589,0.0,0.0,0.989378423,0.0,2095
k871,0.0,0.705213061,0.00706,0.0,0.0,0.00589,0.0909,0.0,0.976739687,0.0,1223
k1306,0.0,0.705213061,0.0497,0.0,0.0,0.0118,0.0,0.0,0.976739687,0.0263,620
k2213,0.0,0.563839511,0.0,0.0,0.0,0.105552454,0.0,0.0,0.976739687,0.0,765
k159,0.0,0.705213061,0.114722853,0.0,0.0,0.0638,0.0,0.0,0.972850454,0.0,2487
k3176,0.0,0.705213061,0.0379,0.0,0.0,0.0685,0.0,0.0,0.976739687,0.0,1644
k2175,0.0,0.705213061,0.172084273,0.0,0.0,0.0957,0.136363636,0.0,0.975262135,0.0,3355
k1669,0.0,0.529469239,0.0,0.142857143,0.0,0.0957,0.0909,0.0,0.976739687,0.105263158,2083
k698,0.0,0.705213061,0.0,0.0,0.0,0.0417,0.0,0.0,0.976739687,0.0,2069
k1968,0.0,0.861667927,0.0759,0.0714,0.0,0.0668,0.181818182,0.0,0.976739687,0.0,1245
k1834,0.0,0.705213061,0.0408,0.0,0.0,0.129374615,0.0455,0.0,0.976739687,0.0,1063
k2724,0.0702,0.705213061,0.0,0.0,0.0,0.0,0.0,0.0,0.976739687,0.0,2284
k2637,0.0,0.705213061,0.0,0.0,0.0,0.0,0.0909,0.0,0.976739687,0.0,2553
k2842,0.0,0.705213061,0.0377,0.0,0.0,0.0621,0.272727273,0.0,0.976739687,0.0526,1849
k1444,0.0,0.705213061,0.140279692,0.0,0.0667,0.0854,0.409090909,0.025,0.976739687,0.0263,2008
k905,0.0,0.705213061,0.0574,0.0,0.0,0.0437,0.0,0.0,0.976739687,0.0,667
k1033,0.0,0.743932804,0.0249,0.0,0.0,0.0378,0.227272727,0.0,0.976739687,0.0263,2924
k1416,0.0,0.533755673,0.0249,0.142857143,0.0,0.114986071,0.0455,0.0,0.976739687,0.0526,1861
k2125,0.0,0.713549546,0.0,0.0714,0.0,0.0643,0.0455,0.0,0.976739687,0.0,896
k1972,0.0,0.475731215,0.196940032,0.0714,0.0,0.171330054,0.5,0.0,0.976739687,0.131578947,2256
k2181,0.0,0.705213061,0.114722853,0.0,0.0,0.139126037,0.0909,0.0,0.976739687,0.0,2776
k830,0.0,0.705213061,0.127544333,0.0,0.0,0.0736,0.0,0.0,0.976739687,0.0,1330
k2920,0.0,0.698405194,0.0,0.0,0.0,0.0638,0.0,0.0,0.976739687,0.0263,1297
k3203,0.0,0.705213061,0.0379,0.0,0.0,0.0134,0.0,0.0,0.976739687,0.0,2498
k2226,0.0,0.65595058,0.0644,0.0,0.0,0.0772,0.0455,0.0,0.976739687,0.0263,3079
k1818,0.0,0.851660993,0.117525213,0.0,0.0,0.0577,0.136363636,0.0,0.976739687,0.0,183
k952,0.0,0.705213061,0.0574,0.0,0.0,0.0319,0.0,0.0,0.976739687,0.0,841
k3355,0.0,0.661718356,0.0822,0.0,0.0,0.0697,0.0455,0.075,1.0,0.0,1882
k3178,0.0,0.705213061,0.0249,0.0,0.0,0.0319,0.0,0.0,0.976739687,0.0,1105
k1096,0.0,0.667013364,0.0,0.0,0.0,0.117960017,0.0455,0.0,0.976739687,0.0,2662
k1443,0.0,0.728914523,0.0,0.0,0.0,0.0319,0.181818182,0.0,0.976739687,0.0,543
k2468,0.0,0.705213061,0.0,0.0,0.0,0.0417,0.0,0.0,0.976739687,0.0,683
k2655,0.0,0.705213061,0.0574,0.0,0.0,0.0319,0.0,0.0,0.976739687,0.0,1417
k2821,0.0,0.731498991,0.0,0.0,0.0,0.0638,0.0,0.0,0.976798229,0.0,586
k1991,0.0,0.544046268,0.0,0.0,0.0,0.150828706,0.181818182,0.0,0.976739687,0.0,2582
k886,0.0,0.705213061,0.0574,0.0,0.0,0.0736,0.0,0.0,0.976739687,0.0,2716
k2656,0.0,0.705213061,0.0,0.0,0.0,0.0319,0.0,0.0,0.979295178,0.0,2840
k80,0.0,0.630941125,0.0,0.285714286,0.0667,0.231559944,0.954545455,0.2,0.976739687,0.0526,2117
k1504,0.0,0.641767524,0.0822,0.0,0.0,0.133530629,0.0909,0.0,0.976739687,0.0789,1371
k621,0.0,0.65158535,0.0574,0.0,0.0,0.0697,0.0,0.0,0.976739687,0.0263,866
k71,0.0,0.705213061,0.0,0.0,0.0,0.00589,0.0,0.0,0.976739687,0.0,1893
k2480,0.0,0.529705623,0.152818562,0.142857143,0.0,0.127641614,0.272727273,0.0,0.976739687,0.0,3377
k2422,0.0,0.705213061,0.114722853,0.0,0.0,0.0638,0.0,0.0,0.976739687,0.0,665
k3218,0.0,0.705213061,0.0408,0.0,0.0,0.129374615,0.0455,0.0,0.976739687,0.0,1650
k1100,0.0,0.705213061,0.0,0.0,0.0,0.0,0.0,0.0,0.976739687,0.0,3043
k1459,0.0,0.705213061,0.0574,0.0,0.0,0.148947289,0.0,0.0,0.976739687,0.0,940
k1028,0.0,0.705213061,0.0759,0.0,0.0,0.0685,0.0,0.0,0.976739687,0.0,267
k2117,0.0,0.705213061,0.166025286,0.0,0.0,0.138121059,0.0455,0.0,0.976739687,0.0263,12
k2517,0.0,0.590645487,0.0,0.0,0.0,0.0772,0.0,0.0,0.976739687,0.0,3129
k2043,0.0,0.687468482,0.0,0.0,0.0,0.0319,0.0,0.0,0.976739687,0.0,1538
k2955,0.0,0.705213061,0.0,0.0,0.0,0.0,0.0,0.0,0.976739687,0.0,1432
k2537,0.0,0.705213061,0.0574,0.0,0.0,0.0453,0.181818182,0.0,0.976739687,0.0,426
k482,0.0,0.650655572,0.0,0.0,0.0,0.0756,0.0,0.0,0.959823559,0.0263,801
k647,0.0,0.59119705,0.0,0.0,0.0,0.0957,0.363636364,0.0,0.976739687,0.0526,1301
k912,0.0,0.542123676,0.0,0.214285714,0.0,0.109097049,0.0,0.0,0.976739687,0.0526,1984
k3207,0.0,0.499259329,0.0,0.0714,0.0667,0.199851177,0.0909,0.0,0.976739687,0.0,1902
k495,0.0,0.705213061,0.0574,0.0,0.0,0.0319,0.0,0.0,0.976739687,0.0,1674
k2764,0.0,0.650025214,0.0,0.0,0.0,0.0736,0.0909,0.0,0.976739687,0.0,285
k3210,0.0,0.635180282,0.0,0.0,0.0,0.0319,0.0,0.0,0.976739687,0.0,549
k2661,0.0,0.705213061,0.107072957,0.0,0.0,0.0571,0.0,0.0,0.976739687,0.0,946
k1844,0.0,0.705213061,0.0,0.0,0.0,0.0118,0.0,0.0,0.976739687,0.0263,398
k2400,0.0,0.705213061,0.0,0.0,0.0,0.0,0.0,0.0,0.976739687,0.0,2081
k2525,0.0,0.562578795,0.0249,0.0,0.0,0.0697,0.0455,0.025,0.976739687,0.0,3382
k1120,0.0,0.54191881,0.0,0.0,0.0,0.0638,0.0,0.0,0.976739687,0.0,1353
k2785,0.0,0.835712935,0.0,0.0,0.0,0.0551,0.0,0.0,0.976739687,0.0,2409
k1185,0.0,0.544156581,0.114722853,0.0714,0.0,0.172917855,0.0,0.0,0.964812366,0.0263,2002
k1625,0.0,0.705213061,0.127544333,0.0,0.0,0.0736,0.0,0.0,0.962068522,0.0,1872
k2736,0.0,0.67653177,0.0,0.0,0.0,0.0736,0.0,0.0,0.976739687,0.0,3222
k841,0.0,0.600652421,0.0,0.0,0.0,0.0638,0.0,0.0,0.976739687,0.0,2851
k352,0.0,0.705213061,0.0,0.0,0.0,0.0,0.0,0.0,0.976739687,0.0,3257
k1405,0.0,0.645975164,0.0,0.0,0.0,0.0638,0.181818182,0.0,0.976739687,0.0,504
k2893,0.0,0.705213061,0.0,0.0,0.0,0.0835,0.181818182,0.0,0.976739687,0.0,3364
k2914,0.0,0.546867121,0.0,0.0,0.266666667,0.127641614,0.0,0.0,0.976739687,0.0,1911
k2077,0.0,0.705213061,0.0497,0.0,0.0,0.0,0.0,0.0,0.976739687,0.0,642
k2106,0.0,0.705213061,0.0574,0.0,0.0,0.0319,0.0909,0.0,0.976322257,0.0,268
k2710,0.0,0.653224281,0.0,0.0,0.0,0.0378,0.0,0.0,0.976739687,0.0,2484
k642,0.0,0.632847958,0.0249,0.0,0.0,0.0795,0.0,0.0,0.976739687,0.0,2205
k547,0.0,0.705213061,0.0,0.0,0.0,0.0417,0.0,0.0,0.976739687,0.0,740
k2369,0.0,0.654217095,0.114722853,0.0,0.0,0.127641614,0.0,0.0,0.976739687,0.0789,1624
k1773,0.0,0.641121407,0.0,0.0,0.0,0.0736,0.0909,0.0,0.976739687,0.0,604
k2797,0.0,0.687074508,0.0574,0.0,0.0,0.0772,0.0,0.0,0.976739687,0.0,2051
k3165,0.0,0.863968734,0.0574,0.0,0.0,0.0319,0.181818182,0.0,0.976739687,0.0,209
k2321,0.0,0.705213061,0.0,0.0,0.0,0.0417,0.0,0.0,0.976739687,0.0,2104
k2539,0.0,0.69545827,0.0,0.0,0.0,0.0319,0.0,0.0,0.976739687,0.0,97
k1597,0.0,0.633525593,0.0438,0.0,0.0,0.110783359,0.0,0.0,0.976739687,0.0,786
k1463,0.0,0.638899395,0.139578615,0.0,0.0,0.0957,0.181818182,0.0,0.96186617,0.0,3284
k3347,0.0,0.59646054,0.0,0.0,0.0,0.0319,0.0,0.0,0.763945434,0.0,3247
k2767,0.0,0.499164776,0.28074815,0.214285714,0.0,0.265762683,0.0455,0.0,0.951777835,0.131578947,2961
k2015,0.110347627,0.721098084,0.00706,0.0,0.0,0.0319,0.0,0.0,0.976739687,0.0,1581
k1517,0.0,0.663861573,0.0,0.0714,0.0667,0.0638,0.0,0.0,0.966050659,0.0,2786
k1085,0.0,0.709200076,0.0,0.0,0.0,0.0319,0.181818182,0.0,0.976739687,0.0,907
k3076,0.0,0.705213061,0.0379,0.0,0.0,0.0134,0.0,0.0,0.976739687,0.0,2438
k1103,0.0,0.705213061,0.288111768,0.0,0.0,0.41510191,0.318181818,0.0,0.976739687,0.0789,1946
k2008,0.101810905,0.705213061,0.0,0.0,0.0,0.0,0.0,0.0,0.976739687,0.0,1218
k2478,0.0,0.705213061,0.0,0.0,0.0,0.0417,0.0,0.0,0.976739687,0.0,2444
k2060,0.0,0.769856278,0.0574,0.0,0.0,0.0319,0.318181818,0.0,0.976739687,0.0,2914
k2991,0.0,0.705213061,0.045,0.0,0.0,0.0193,0.0909,0.0,0.970181697,0.0,555
k2031,0.0,0.705213061,0.0759,0.0,0.0,0.0267,0.0,0.0,0.976739687,0.0,654
k326,0.0952,0.705213061,0.0,0.0,0.0,0.0,0.0,0.0,0.976739687,0.0,792
k2317,0.0,0.705213061,0.101413329,0.0,0.0,0.0,0.0,0.0,0.9223566,0.0,1194
k1718,0.0,0.637355018,0.114722853,0.0,0.0,0.0957,0.0,0.0,0.976739687,0.0,1940
k1071,0.0644,0.705213061,0.0,0.0,0.0,0.0,0.0,0.0,0.982572265,0.0,2119
k2168,0.0,0.705213061,0.0,0.0,0.0,0.0134,0.0909,0.0,0.976739687,0.0,3262
k2237,0.0,0.625378215,0.172084273,0.0714,0.0,0.19146242,0.0,0.125,0.906527319,0.131578947,1505
k1680,0.0,0.656565179,0.0,0.0,0.0,0.0319,0.0,0.375,0.980299303,0.0,2454
k1522,0.0,0.705213061,0.0,0.0,0.0,0.00589,0.0,0.0,0.976739687,0.0,3362
k3371,0.0,0.705213061,0.0,0.0,0.0,0.0,0.0,0.0,0.976739687,0.0,2984
k3219,0.0,0.705213061,0.127119935,0.0,0.0,0.157275824,0.181818182,0.0,0.976739687,0.0,3227
k934,0.0,0.705213061,0.0249,0.0,0.0,0.00589,0.0,0.0,0.976739687,0.0526,482
k2004,0.0,0.655131114,0.0379,0.0,0.0,0.0453,0.0455,0.0,0.976739687,0.0,2720
k1613,0.214229736,0.705213061,0.0829,0.0,0.0,0.0535,0.409090909,0.025,0.976739687,0.0263,3198
k2654,0.0,0.623266515,0.0,0.0,0.0,0.0638,0.0,0.0,0.976739687,0.0263,2967
k3090,0.0,0.911860187,0.0,0.0,0.0,0.0324,0.0455,0.0,0.976739687,0.0,3100
k3209,0.0,0.557425618,0.0379,0.0,0.0,0.0772,0.0,0.0,0.976739687,0.0,499
k1044,0.0,0.517713061,0.0574,0.0,0.0,0.0957,0.0,0.0,0.976739687,0.0,874
k928,0.0,0.721145361,0.0,0.0,0.0,0.0453,0.0,0.0,0.976739687,0.0,2080
k369,0.0,0.705213061,0.0141,0.0,0.0,0.0,0.0,0.0,0.976739687,0.0,3136
k2940,0.0,0.705213061,0.0518,0.0,0.0,0.154689497,0.0,0.0,0.976739687,0.0,727
k597,0.0,0.705213061,0.0574,0.0,0.0,0.0319,0.0,0.0,0.976739687,0.0,1574
k971,0.0,0.631792108,0.0,0.0,0.0,0.0638,0.181818182,0.0,0.976739687,0.0,2657
k1410,0.0,0.705213061,0.311662914,0.0,0.0,0.165441042,0.0909,0.0,0.961172573,0.0,806
k2134,0.0,0.667722516,0.0,0.0,0.0,0.0319,0.0455,0.0,0.976739687,0.0,2588
k2262,0.0,0.7325706,0.0,0.0,0.0,0.0319,0.0,0.0,0.981071804,0.0,2225
k3052,0.0,0.51172466,0.0574,0.142857143,0.0,0.172917855,0.0909,0.0,0.976739687,0.0526,1869
k2372,0.0,0.907762859,0.0,0.0,0.0,0.0324,0.0,0.0,0.976739687,0.0,2133
k2126,0.0,0.656517902,0.0,0.0,0.0,0.0638,0.0,0.0,0.976739687,0.0263,626
k1357,0.0,0.705213061,0.0377,0.0,0.0,0.0621,0.0,0.0,0.976739687,0.0,799
k2040,0.0,0.705213061,0.0,0.0,0.0,0.00589,0.0,0.0,0.976739687,0.0,1398
k2284,0.0,0.705213061,0.0746,0.0,0.0,0.0177,0.0,0.0,0.976739687,0.0,1514
k2261,0.0,0.601314297,0.0,0.0,0.0,0.0638,0.0,0.0,0.976739687,0.0,2243
k2696,0.0,0.566676122,0.0,0.0,0.0,0.0638,0.0,0.0,0.976739687,0.0,2439
k2555,0.0,0.705213061,0.0,0.0,0.0,0.00589,0.0,0.0,0.976739687,0.0,730
k3227,0.0,0.705213061,0.254239861,0.0,0.0,0.398014915,0.545454545,0.3,0.976739687,0.157894737,1647
k1672,0.0,0.61853883,0.0,0.0,0.0,0.0638,0.0,0.0,0.976739687,0.105263158,312
k3187,0.0,0.615938603,0.106482886,0.0,0.0,0.106631741,0.181818182,0.05,0.976739687,0.210526316,2072
k1192,0.0,0.705213061,0.0,0.0,0.0,0.0,0.0,0.0,0.976739687,0.0,606
k1201,1.0,0.705213061,0.0,0.0,0.0,0.0,0.0,0.0,0.951667114,0.0,1116
k2163,0.0,0.705213061,0.0379,0.0,0.0,0.0324,0.0455,0.0,0.976739687,0.0,1054
k417,0.0,0.705213061,0.140365811,0.0,0.0,0.0835,0.0,0.0,0.976739687,0.0,1161
k241,0.0,0.684505799,0.0,0.0,0.0,0.0772,0.181818182,0.0,0.976739687,0.0,1521
k676,0.0,0.682977181,0.0,0.0,0.0,0.0319,0.181818182,0.0,0.976739687,0.0,1779
k2956,0.0,0.705213061,0.0759,0.0,0.0,0.0267,0.0,0.0,0.976739687,0.0,3146
k1580,0.0,0.705213061,0.0379,0.0,0.0,0.0134,0.0,0.0,0.976739687,0.0,217
k849,0.0,0.689123172,0.0136,0.0,0.0,0.0638,0.181818182,0.0,0.976739687,0.0263,1757
k3048,0.0,0.705213061,0.0759,0.0,0.0,0.0267,0.0,0.0,0.976739687,0.0,2745
k3296,0.210087326,0.705213061,0.0,0.0,0.0,0.0,0.0,0.0,0.976739687,0.0,3201
k2467,0.0,0.594364599,0.00706,0.0714,0.0,0.109097049,0.0,0.0,0.959323406,0.0,2736
k1647,0.0,0.827045512,0.0702,0.0,0.0,0.0417,0.0,0.0,0.976739687,0.0,712
k794,0.0,0.705213061,0.0,0.0,0.0,0.0,0.0,0.0,0.976739687,0.0,3096
k593,0.0,0.705213061,0.0,0.0,0.0,0.0417,0.0,0.0,0.976739687,0.0,2816
k1427,0.0,0.584074004,0.0,0.142857143,0.0,0.109097049,0.0,0.075,0.976725688,0.0,1865
k297,0.0,0.536907463,0.0249,0.142857143,0.0,0.114986071,0.0455,0.0,0.976739687,0.0526,2011
k3085,0.0,0.705213061,0.0,0.0,0.0,0.0,0.0,0.0,0.976739687,0.0,2545
k357,0.0,0.705213061,0.0,0.0,0.0,0.0134,0.0,0.0,0.976739687,0.0,672
k1236,0.0,0.705213061,0.0574,0.0,0.0,0.0319,0.0,0.0,0.976739687,0.0,2718
k124,0.0,0.85787002,0.045,0.0,0.0,0.0872,0.0,0.0,0.976739687,0.0,2141
k3298,0.0,0.705213061,0.0,0.0,0.0,0.0,0.0,0.0,0.976739687,0.0,2740
k1507,0.0,0.74533535,0.0,0.0,0.0,0.0319,0.0,0.0,0.976739687,0.0,2966
k561,0.0,0.705213061,0.0,0.0,0.0,0.0,0.181818182,0.0,0.976739687,0.0,3021
k1066,0.0,0.705213061,0.101413329,0.0,0.0,0.0,0.0,0.0,0.916974543,0.157894737,711
k796,0.0,0.705213061,0.0,0.0,0.0,0.0417,0.0909,0.0,0.976739687,0.0,2331
k1125,0.0,0.827392209,0.172084273,0.0,0.0,0.0957,0.0,0.05,0.981252521,0.0,953
k3147,0.0,0.705213061,0.0,0.0,0.0,0.0319,0.0,0.0,0.976739687,0.0,46
k3021,0.0,0.659118129,0.0,0.0,0.0,0.0319,0.0455,0.0,0.976739687,0.0,2574
k3025,0.0,0.705213061,0.0,0.0,0.0,0.0134,0.0,0.0,0.976739687,0.0,722
k3307,0.0,0.609745335,0.127206228,0.0,0.0,0.0831,0.318181818,0.0,0.976739687,0.0789,1732
k1830,0.0,0.705213061,0.236296572,0.0,0.8,0.302144071,0.272727273,0.0,0.976739687,0.157894737,1498
k515,0.0,0.705213061,0.0249,0.0,0.0,0.00589,0.0,0.0,0.976739687,0.0,720
k1579,0.0,0.558182047,0.0379,0.0,0.0,0.0772,0.0,0.0,0.976739687,0.0,2737
k3201,0.0,0.705213061,0.0,0.0,0.0,0.0193,0.0455,0.0,0.974941426,0.0,901
k2910,0.0,0.593387544,0.0,0.0,0.0,0.0736,0.0,0.0,0.976739687,0.0,1937
k604,0.0,0.705213061,0.0759,0.0,0.0,0.0267,0.0,0.0,0.976739687,0.0,1094
k3157,0.0,0.705213061,0.00706,0.0,0.0,0.0,0.181818182,0.0,0.976739687,0.0,1716
k1348,0.0,0.68959594,0.112496522,0.0,0.0,0.0629,0.0909,0.0,0.976739687,0.0263,3268
k360,0.0,0.964573878,0.0,0.0,0.0,0.0,0.0,0.0,0.984855407,0.0,2627
k1482,0.0,0.637544125,0.271507337,0.0,0.0,0.174753761,0.363636364,0.0,0.976739687,0.131578947,1842
k573,0.0,0.573531266,0.0574,0.0,0.0,0.127641614,0.0,0.0,0.976739687,0.0,833
k2081,0.0,0.640900782,0.0,0.0,0.0,0.0638,0.0,0.0,0.976739687,0.0,478
k2430,0.0,0.915705371,0.0,0.0,0.0,0.00589,0.0,0.0,0.98017331,0.0,2056
k2232,0.0,0.521542486,0.0,0.0714,0.0,0.169373253,0.0,0.0,0.976739687,0.0526,98
k1816,0.0,0.610359934,0.0,0.0,0.0,0.110783359,0.0,0.0,0.976739687,0.0,2308
k2306,0.0,0.649662758,0.0822,0.0,0.0,0.141717747,0.136363636,0.0,0.970732756,0.0,678
k1766,0.0,0.705213061,0.0497,0.0,0.0,0.0494,0.0455,0.0,0.976739687,0.0,2955
k2071,0.0,0.652846067,0.181640255,0.0,0.0,0.0933,0.0909,0.0,0.976739687,0.0526,427
k341,0.0,0.524426374,0.0953,0.0714,0.0,0.109097049,0.0,0.0,0.976739687,0.0526,3117
k63,0.0,0.688382501,0.0759,0.0,0.0,0.0906,0.545454545,0.05,0.976739687,0.0789,2176
k3128,0.0,0.705213061,0.0,0.0,0.0,0.0753,0.0,0.0,0.976739687,0.0,1089
k1365,0.0,0.700642965,0.0574,0.0,0.0,0.0638,0.181818182,0.0,0.976739687,0.0,2528
k2056,0.0,0.705213061,0.0497,0.0,0.0,0.0118,0.0,0.0,0.976739687,0.0,3001
k312,0.0,0.705213061,0.0,0.0,0.0,0.0417,0.0,0.0,0.976739687,0.0,2287
k2626,0.0,0.705213061,0.0518,0.0,0.0,0.112957849,0.0,0.0,0.976739687,0.0,1953
k624,0.0,0.705213061,0.0,0.0,0.0,0.0319,0.0,0.0,0.976739687,0.0263,472
k991,0.0,0.705213061,0.0,0.0,0.0,0.0134,0.272727273,0.0,0.976739687,0.0,563
k1335,0.0,0.705213061,0.0953,0.0,0.0,0.0453,0.0,0.0,0.976739687,0.0,1285
k1219,0.0973,0.653413389,0.0,0.0,0.0,0.0736,0.0,0.0,0.976739687,0.0,3388
k1325,0.0,0.691345184,0.0,0.0,0.0,0.0319,0.0,0.0,0.976739687,0.0,567
k658,0.0,0.705213061,0.00706,0.0,0.0,0.0,0.0,0.0,0.976739687,0.0,2675
k245,0.0,0.652184191,0.0,0.0,0.0,0.0736,0.0455,0.0,0.976739687,0.0,1540
k150,0.0,0.526711422,0.0249,0.0,0.0,0.101620224,0.0,0.0,0.976739687,0.0,417
k885,0.0,0.659984871,0.0,0.0,0.0,0.0736,0.0909,0.0,0.976739687,0.0,2397
k414,0.0,0.705213061,0.0,0.0,0.0,0.0134,0.0,0.0,0.976739687,0.0,354
k2782,0.0,0.705213061,0.114722853,0.0,0.0,0.0638,0.0,0.0,0.976739687,0.0,2839
k2053,0.0,0.756729072,0.0,0.0,0.0,0.0,0.0,0.0,0.932275672,0.0,18
k855,0.0,0.682441377,0.0,0.0,0.0,0.0697,0.0,0.0,0.950164109,0.0263,2763
k1430,0.0,0.706757438,0.0379,0.0,0.0,0.0453,0.0,0.0,0.976739687,0.0,374
k2552,0.0,0.511582829,0.0,0.285714286,0.0,0.127641614,0.0,0.0,0.976739687,0.105263158,2389
k388,0.0,0.636661624,0.0,0.0,0.0,0.0638,0.0909,0.05,0.976739687,0.105263158,1958
k2289,0.0,0.475857287,0.196940032,0.0714,0.0,0.171330054,0.409090909,0.025,0.976739687,0.131578947,3087
k2843,0.0,0.65640759,0.0867,0.0,0.0,0.13294234,0.0,0.0,0.976739687,0.0263,11
k2673,0.0,0.705213061,0.0379,0.0,0.0,0.10766456,0.272727273,0.0,0.976739687,0.0,300
k2778,0.0,0.909953354,0.114722853,0.0,0.0,0.0638,0.181818182,0.0,0.976739687,0.0,3285
k2938,0.0,0.591102496,0.0574,0.0,0.0,0.127641614,0.0,0.0,0.96042807,0.0,47
k2155,0.0,0.705213061,0.0497,0.0,0.0,0.0118,0.0909,0.0,0.976739687,0.0,1764
k2534,0.0,0.538514876,0.00706,0.142857143,0.0,0.141007452,0.0909,0.0,0.976739687,0.0526,2962
k1609,0.0,0.705213061,0.0379,0.0,0.0,0.0267,0.0,0.0,0.976739687,0.0,2625
k1098,0.0,0.705213061,0.0574,0.0,0.0,0.0319,0.0,0.0,0.982842067,0.0,1524
k1904,0.0,0.688823752,0.0,0.0,0.0,0.0638,0.0,0.05,0.965917031,0.0,2852
k2394,0.0,0.705213061,0.114722853,0.0,0.0,0.0638,0.0909,0.0,0.976739687,0.0,105
k662,0.0,0.705213061,0.0574,0.0,0.0,0.0319,0.0,0.0,0.976739687,0.0,1903
k3135,0.0,0.634833585,0.0,0.0,0.0,0.0638,0.0909,0.0,0.976739687,0.0,3320
k903,0.0,0.705213061,0.127544333,0.0,0.0,0.0736,0.0,0.0,0.976739687,0.0,2666
k544,0.0,0.909480585,0.0574,0.0,0.0,0.0319,0.0,0.0,0.96780056,0.0,2748
k29,0.0,0.705213061,0.0574,0.0,0.0,0.0319,0.0,0.0,0.976739687,0.0,565
k1355,0.0,0.103378719,0.371848873,0.0,0.0,0.0638,0.0,0.0,0.382418782,0.315789474,685
k576,0.0,0.705213061,0.0574,0.0,0.0,0.0319,0.0,0.0,0.976739687,0.0,1231
k2737,0.0,0.705213061,0.0,0.0,0.0,0.0,0.0,0.0,0.976739687,0.0,2120
k2139,0.0,0.705213061,0.0574,0.0,0.0,0.0453,0.0,0.0,0.976739687,0.0,3037
k1627,0.0,0.705213061,0.133219873,0.0,0.0,0.0586,0.0,0.0,0.976739687,0.0,2048
k722,0.0,0.752663263,0.0,0.0,0.0,0.0453,0.0,0.0,0.973816399,0.0,3354
k1106,0.0,0.728205371,0.0,0.0,0.0,0.0319,0.318181818,0.0,0.976739687,0.0,2038
k3249,0.0,0.705213061,0.0,0.0,0.0,0.0417,0.0,0.0,0.977862169,0.0,2705
k2744,0.0,0.693378089,0.0574,0.0,0.0,0.0638,0.181818182,0.0,0.976739687,0.0,1705
k1362,0.0,0.671236762,0.0591,0.0,0.0,0.179517165,0.136363636,0.325,0.976739687,0.105263158,1237
k2945,0.0,0.705213061,0.0,0.0,0.0,0.0417,0.0,0.0,0.976739687,0.0,60
k2216,0.0,0.496076021,0.0861,0.428571429,0.0,0.224147552,0.0,0.0,0.956101044,0.263157895,850
k999,0.0,0.635794881,0.0,0.0,0.0,0.0638,0.0,0.0,0.971212547,0.0,2943
k815,0.0,0.520927887,0.0676,0.0,0.0,0.0906,0.0909,0.0,0.976739687,0.0,1038
k2865,0.0,0.705890696,0.0,0.0,0.0,0.0638,0.0,0.0,0.976739687,0.0263,971
k2530,0.0,0.738212305,0.00706,0.0,0.0,0.0319,0.0909,0.0,0.976739687,0.0,1289
k478,0.0,0.705213061,0.0,0.0,0.0,0.0417,0.0,0.0,0.976739687,0.0,2656
k2392,0.0,0.705213061,0.0,0.0,0.0,0.0,0.0,0.0,0.976739687,0.0,2501
k2486,0.0,0.705213061,0.0,0.0,0.0,0.0,0.0,0.0,0.976739687,0.0,1740
k2596,0.0,0.705213061,0.0574,0.0,0.0,0.0319,0.0909,0.0,0.928680422,0.0,2236
k710,0.0,0.59285174,0.0518,0.0,0.0,0.158768534,0.0,0.0,0.976739687,0.0,2877
k1650,0.256269592,0.438713439,0.202826656,0.0,0.0,0.105552454,0.0,0.0,0.841749188,0.0526,3132
k1957,0.0,0.559679148,0.0759,0.0,0.0,0.10391832,0.0909,0.0,0.976739687,0.105263158,2863
k1303,0.0,0.705213061,0.0,0.0,0.0,0.0,0.227272727,0.0,0.976739687,0.0,2285
k11,0.0,0.705213061,0.102350469,0.0,0.0,0.0453,0.0909,0.0,0.963720428,0.0263,2138
k2162,0.0,0.545795512,0.0,0.0,0.0,0.127641614,0.0,0.0,0.976739687,0.0,890
k2981,0.0,0.705213061,0.0497,0.0,0.0,0.0118,0.0909,0.0,0.958220014,0.0,1926
k1952,0.613398455,0.705213061,0.0,0.0,0.0,0.0,0.0,0.0,0.947852968,0.0,3264
k56,0.0,0.705213061,0.0379,0.0,0.0,0.0134,0.0,0.0,0.976739687,0.0,2647
k2880,0.0,0.536292864,0.0,0.0714,0.133333333,0.17880687,0.0909,0.0,0.976739687,0.157894737,3036
k3279,0.0,0.705213061,0.00706,0.0,0.0,0.0319,0.0,0.0,0.976739687,0.0,2617
k1468,0.0,0.58774584,0.0,0.0,0.0,0.0638,0.0,0.0,0.976739687,0.0,1500
k2307,0.101461039,0.705213061,0.0702,0.0,0.0,0.0417,0.0,0.0,0.976739687,0.0,30
k2578,0.0,0.579204488,0.0249,0.0,0.0,0.0697,0.0,0.0,0.976739687,0.0526,2620
k1695,0.0,0.599517776,0.0,0.0,0.0,0.0638,0.0,0.025,0.976739687,0.0,441
k2716,0.0,0.705213061,0.0574,0.0,0.0,0.115373699,0.0909,0.0,0.976739687,0.0,2638
k1030,0.0,0.695868003,0.0,0.0,0.0,0.0319,0.0,0.0,0.976739687,0.0,2714
k2595,0.0,0.575706001,0.0,0.0,0.0,0.0772,0.0,0.0,0.976739687,0.0,180
k2941,0.0,0.705213061,0.0379,0.0,0.0,0.0193,0.0,0.0,0.976739687,0.0,2610
k393,0.0,0.538388805,0.0,0.0,0.0,0.0638,0.0,0.0,0.959040876,0.0,1955
k2965,0.0,0.591070978,0.401529965,0.0,0.133333333,0.310749698,0.0,0.025,0.951785471,0.236842105,2954
k1101,0.0,0.63341528,0.0319,0.0,0.0,0.0831,0.0455,0.025,0.976739687,0.0526,2074
k1194,0.0,0.705213061,0.0702,0.0,0.0,0.0417,0.0,0.0,0.976739687,0.0,1569
k1915,0.0,0.705213061,0.0,0.0,0.0,0.0,0.0,0.0,0.929662912,0.0,2723
k657,0.0,0.705213061,0.0,0.0,0.0,0.00589,0.0,0.0,0.976739687,0.0,1426
k1423,0.0,0.705213061,0.0,0.0,0.0,0.0551,0.0,0.0,0.976739687,0.0,1339
k2790,0.0,0.705213061,0.221795812,0.0,0.0,0.133530629,0.181818182,0.0,0.976739687,0.0526,2645
k2680,0.0,0.690446924,0.00706,0.0,0.0,0.0453,0.0,0.0,0.976739687,0.0,1202
k2338,0.0,0.711737267,0.0982,0.0,0.0,0.0638,0.0455,0.0,0.966550813,0.0263,2927
k2543,0.0,0.705213061,0.132666162,0.0,0.0,0.0762,0.318181818,0.0,0.976739687,0.0,1004
k2074,0.0,0.705213061,0.0,0.0,0.0,0.0835,0.0,0.0,0.976739687,0.0,3413
k2866,0.0,0.513710287,0.139342552,0.0,0.0,0.0906,0.136363636,0.0,0.919967827,0.0,3304
k2061,0.0,0.705213061,0.0,0.0,0.0,0.0417,0.0,0.0,0.976739687,0.0,190
k933,0.0,0.595215582,0.0574,0.0,0.0,0.127641614,0.0,0.0,0.981844306,0.0,402
k1226,0.0,0.705213061,0.22944571,0.0,0.0,0.127641614,0.0,0.0,0.976739687,0.0263,76
k308,0.0,0.900561019,0.102350469,0.0,0.0,0.0453,0.0,0.025,0.976739687,0.0263,1913
k195,0.0,0.705213061,0.0,0.0,0.0,0.0,0.0,0.0,0.976739687,0.0,2667
k786,0.0,0.705213061,0.0,0.0,0.0,0.0399,0.0,0.0,0.976739687,0.0,3020
k738,0.0,0.705213061,0.0379,0.0,0.0,0.0134,0.0,0.0,0.976739687,0.0,2496
k2896,0.0,0.705213061,0.114132773,0.0,0.0,0.0437,0.0,0.0,0.975713928,0.0263,3429
k2012,0.0,0.705213061,0.22944571,0.0,0.0,0.146896466,0.0909,0.0,0.952214356,0.0263,1964
k167,0.0,0.705213061,0.22944571,0.0,0.0,0.127641614,0.181818182,0.0,0.976739687,0.0,1871
k2024,0.0,0.90640759,0.0,0.0,0.0,0.0399,0.0455,0.0,0.976739687,0.0,981
k907,0.0,0.705213061,0.0574,0.0,0.0,0.0319,0.0455,0.0,0.976739687,0.0,2573
k1083,0.0,0.705213061,0.0,0.0,0.0,0.0,0.0,0.0,0.976739687,0.0,3105
k270,0.122257053,0.551516011,0.0,0.0,0.0,0.0638,0.0,0.0,0.976739687,0.0,498
k1539,0.0,0.650781644,0.0497,0.0,0.0,0.0697,0.0909,0.0,0.960982948,0.0263,1423
k191,0.0,0.793494705,0.0702,0.0,0.0,0.0417,0.0,0.0,0.976739687,0.0,2426
k1919,0.0,0.64017587,0.0249,0.0,0.0,0.0378,0.0455,0.0,0.96379297,0.0,686
k43,0.0,0.705213061,0.132666162,0.0,0.0,0.0762,0.363636364,0.0,0.976739687,0.0,2591
k2586,0.0,0.705213061,0.0,0.0,0.0,0.0,0.0,0.0,0.976739687,0.0,902
k3333,0.0,0.705213061,0.0,0.0,0.0,0.00589,0.0,0.0,0.977561822,0.0,1465
k2551,0.0,0.64272882,0.0,0.0,0.0,0.0638,0.0,0.0,0.976739687,0.0,1838
k1067,0.0,0.705213061,0.0249,0.0,0.0,0.0458,0.0,0.0,0.976739687,0.0263,530
k332,0.0,0.770770298,0.207974697,0.0,0.0,0.0835,0.409090909,0.0,0.976739687,0.0,647
k2343,0.0,0.633840772,0.0249,0.0,0.0,0.0378,0.0455,0.0,0.976739687,0.0,77
k2540,0.0,0.705213061,0.172084273,0.0,0.0,0.0957,0.0,0.0,0.976739687,0.0,405
k273,0.0,0.705213061,0.0,0.0,0.0,0.0417,0.0,0.0,0.976739687,0.0,3082
k2439,0.0,0.705213061,0.0518,0.0,0.0,0.0753,0.0,0.0,0.976739687,0.0,418
k2427,0.0,0.532431921,0.0,0.214285714,0.0,0.109097049,0.0,0.0,0.96556196,0.0526,1928
k2459,0.0,0.705213061,0.0,0.0,0.0,0.0,0.0,0.0,0.976739687,0.0,2488
k964,0.0,0.705213061,0.0438,0.0,0.0,0.0655,0.0,0.0,0.976739687,0.0,661
k876,0.0,0.416304211,0.0,0.0,0.0,0.0957,0.0,0.0,0.976739687,0.0,885
k1277,0.0,0.537443268,0.0,0.214285714,0.0,0.109097049,0.0,0.0,0.968920496,0.0526,2455
k554,0.0,0.61193583,0.00706,0.0,0.0,0.141007452,0.0455,0.0,0.976739687,0.0526,2125
k232,0.0,0.581174357,0.22944571,0.0,0.0,0.19146242,0.0455,0.0,0.976739687,0.131578947,3004
k785,0.0,0.652688477,0.0,0.0,0.0,0.125194952,0.0,0.0,0.976739687,0.0,1676
k3177,0.0,0.705213061,0.169894127,0.0,0.0,0.172048855,0.0,0.0,0.976739687,0.0,2406
k152,0.0,0.705213061,0.150425745,0.0,0.0,0.127862041,0.0909,0.0,0.976739687,0.0,2328
k2404,0.0,0.642476677,0.0,0.0,0.0,0.0638,0.0,0.0,0.976739687,0.0,369
k729,0.0,0.705213061,0.0574,0.0,0.0,0.0319,0.0,0.0,0.976739687,0.0,2513
k2481,0.0,0.613559002,0.0,0.0,0.0,0.0638,0.0,0.0,0.976739687,0.0,867
k2559,0.0,0.61028114,0.15060947,0.0,0.0,0.243009213,0.181818182,0.05,0.976739687,0.0,3135
k2975,0.0,0.705213061,0.113233959,0.0,0.0,0.0577,0.136363636,0.0,0.976739687,0.0,3327
k1327,0.0,0.796961674,0.140365811,0.0,0.0,0.0835,0.0,0.0,0.976739687,0.0263,2408
k133,0.0,0.529075265,0.0249,0.142857143,0.0,0.114986071,0.0455,0.0,0.976739687,0.0526,1251
k2045,0.0,0.705213061,0.164434376,0.0,0.0,0.107509248,0.0909,0.0,0.976739687,0.0263,2443
k1898,0.0,0.705213061,0.0953,0.0,0.0,0.0453,0.0,0.0,0.976739687,0.0,2449
k2476,0.0,0.672276853,0.0,0.0,0.0,0.0453,0.0,0.0,0.976739687,0.0,2321
k318,0.0,0.546977433,0.0,0.0,0.0,0.0957,0.0909,0.0,0.976739687,0.0,975
k106,0.0,0.705213061,0.164434376,0.0,0.0,0.0756,0.363636364,0.0,0.969536461,0.0789,358
k3007,0.0,0.654469239,0.0644,0.0,0.0,0.0697,0.0909,0.0,0.976739687,0.0263,1965
k301,0.0,0.705213061,0.0822,0.0,0.0,0.0378,0.0,0.0,0.976739687,0.0,2144
k2251,0.0,0.705213061,0.0497,0.0,0.0,0.0437,0.0909,0.0,0.975055965,0.0,1931
k1548,0.0,0.705213061,0.196940032,0.0,0.0,0.127641614,0.181818182,0.0,0.976739687,0.0,250
k1371,0.0,0.626607413,0.0,0.0,0.0,0.0957,0.0,0.0,0.976739687,0.0,2210
k445,0.0,0.705213061,0.0574,0.0,0.0,0.0319,0.0,0.0,0.976739687,0.0,2148
k93,0.0,0.65128593,0.0,0.0,0.0,0.0638,0.0,0.0,0.976739687,0.0,2785
k1811,0.0,0.602291351,0.0,0.0,0.0,0.0638,0.0,0.025,0.976739687,0.0,2843
k3110,0.0,0.705213061,0.132666162,0.0,0.0,0.0762,0.318181818,0.0,0.976739687,0.0,653
k3433,0.0,0.674845562,0.133219873,0.0,0.0,0.117284167,0.0909,0.0,0.976739687,0.0789,1689
k2907,0.0,0.705213061,0.0,0.0,0.0,0.0,0.0,0.0,0.976739687,0.0,1572
k2870,0.0,0.705213061,0.0,0.0,0.0,0.0,0.0,0.0,0.976739687,0.0,2770
k2993,0.0,0.705213061,0.00343,0.0,0.0,0.0378,0.0455,0.0,0.976739687,0.0263,2690
k2185,0.0,0.649048159,0.0876,0.0,0.0,0.0772,0.272727273,0.05,0.976739687,0.0,1287
k627,0.0,0.618113338,0.0759,0.0,0.0,0.100373735,0.0,0.0,0.976739687,0.0,996
k663,0.0,0.705213061,0.0379,0.0,0.0,0.0453,0.0,0.0,0.976739687,0.0,2494
k415,0.0,0.705213061,0.0574,0.0,0.0,0.0319,0.0,0.0,0.976739687,0.0,1555
k2937,0.0,0.651995083,0.0574,0.0,0.0,0.109097049,0.227272727,0.0,0.976739687,0.0526,1316
k1467,0.0,0.705213061,0.0,0.0,0.0,0.0319,0.0,0.0,0.976739687,0.0,2370
k1704,0.0,0.654611069,0.0445,0.0,0.0,0.106210656,0.0909,0.025,0.976739687,0.0,3142
k531,0.0,0.707592663,0.0,0.0,0.0,0.0319,0.181818182,0.0,0.976739687,0.0,2456
k349,0.0,0.539917423,0.0417,0.0,0.0,0.086,0.181818182,0.0,0.976739687,0.0,1844
k2816,0.0,0.705213061,0.0,0.0,0.0,0.0,0.0,0.0,0.976739687,0.0,1892
k1297,0.12648343,0.705213061,0.0,0.0,0.0,0.0,0.0,0.0,0.976739687,0.0,1766
k1814,0.0,0.705213061,0.0,0.0,0.0,0.0,0.0,0.0,0.976739687,0.0,1636
k563,0.0,0.705213061,0.0249,0.0,0.0,0.0319,0.0,0.0,0.976739687,0.0,1145
k97,0.0,0.691297907,0.0,0.0,0.0,0.0638,0.0,0.0,0.976739687,0.0263,2826
k110,0.0,0.705213061,0.0,0.0,0.0,0.00589,0.0,0.0,0.976739687,0.0,3399
k1730,0.0,0.558071735,0.119894437,0.142857143,0.0,0.117330491,0.0909,0.0,0.976739687,0.0,1593
k1092,0.0,0.705213061,0.0702,0.0,0.0,0.0417,0.0,0.0,0.976739687,0.0,775
k1890,0.0,0.524079677,0.0574,0.142857143,0.0667,0.127641614,0.0909,0.0,0.976739687,0.105263158,2930
k3399,0.0,0.705213061,0.159711895,0.0714,0.0,0.124807316,0.0,0.0,0.976739687,0.0526,600
k537,0.0,0.469774332,0.648537515,0.714285714,0.733333333,0.921715425,0.0909,0.575,0.976739687,0.552631579,1388
k2942,0.0,0.656202723,0.0574,0.0,0.0,0.0772,0.0,0.0,0.976739687,0.0,990
k1115,0.0,0.705213061,0.0953,0.0,0.0,0.0453,0.0,0.0,0.976739687,0.0,2900
k3152,0.0,0.630216213,0.0,0.0,0.0,0.0319,0.227272727,0.0,0.976739687,0.0,701
k730,0.0,0.705213061,0.0249,0.0,0.0,0.0193,0.0455,0.0,0.976739687,0.0,751
k685,0.0,0.602275593,0.0574,0.0,0.0,0.101620224,0.0,0.0,0.976739687,0.0526,280
k2966,0.0,0.705213061,0.0574,0.0,0.0,0.0319,0.0,0.0,0.976739687,0.0,2947
k2160,0.0,0.705213061,0.0574,0.0,0.0,0.0319,0.0,0.0,0.976739687,0.0,1318
k1901,0.0,0.705213061,0.0141,0.0,0.0,0.0,0.727272727,0.0,0.976739687,0.0,229
k1727,0.0,0.61899584,0.0444,0.0,0.0,0.086,0.0455,0.0,0.976739687,0.0,1719
k276,0.0,0.628230585,0.0,0.0,0.0,0.0736,0.0909,0.0,0.976739687,0.0,1586
k848,0.0,0.704519667,0.0249,0.0,0.0,0.0319,0.272727273,0.0,0.976739687,0.0,1729
k1093,0.0,0.705213061,0.013,0.0,0.0,0.0399,0.0,0.0,0.975722836,0.0,3128
k3208,0.0,0.503325139,0.0509,0.357142857,0.133333333,0.25361829,0.0,0.2,0.976739687,0.0789,1325
k3231,0.0,0.544424483,0.0574,0.0,0.0,0.13746286,0.0,0.0,0.976739687,0.0,2183
k3259,0.0,0.525340393,0.286807121,0.214285714,0.133333333,0.298971664,0.0,0.025,0.932331669,0.157894737,2730
k1547,0.0,0.705213061,0.0574,0.0,0.0,0.0319,0.0,0.0,0.976739687,0.0,24
k2112,0.0,0.639939486,0.0574,0.0,0.0,0.101620224,0.0,0.0,0.932405483,0.0,1595
k640,0.0,0.705213061,0.0497,0.0,0.0,0.00589,0.0909,0.0,0.976739687,0.105263158,1022
k1737,0.0,0.705213061,0.0,0.0,0.0,0.0134,0.227272727,0.0,0.976739687,0.0,2402
k1497,0.0,0.549404312,0.388905638,0.142857143,0.0667,0.320570948,0.227272727,0.0,0.947608618,0.236842105,2437
k3269,0.0,0.700185956,0.0,0.0,0.0,0.0453,0.0,0.0,0.976739687,0.0,3127
k3223,0.0,0.705213061,0.0249,0.0,0.0,0.00589,0.0,0.0,0.976739687,0.0,3246
k2194,0.0,0.668478946,0.0,0.0,0.0,0.0378,0.0,0.0,0.976739687,0.0,1833
k2258,0.0,0.527688477,0.0249,0.0,0.0,0.101620224,0.0,0.0,0.976739687,0.0,2187
k706,0.0,0.619768028,0.0,0.0,0.0,0.12835191,0.0,0.0,0.976739687,0.0789,1635
k66,0.0,0.705213061,0.0759,0.0,0.0,0.0267,0.0,0.0,0.976739687,0.0,6
k98,0.0,0.705213061,0.227956812,0.0,0.0,0.121504611,0.181818182,0.0,0.976739687,0.0,824
k1089,0.0,0.705213061,0.0657,0.0,0.0,0.13526364,0.0455,0.0,0.976739687,0.0,2161
k3278,0.0,0.705213061,0.0574,0.0,0.0,0.0319,0.0,0.0,0.977807445,0.0,2639
k2888,0.0,0.705213061,0.139578615,0.0,0.0,0.0957,0.181818182,0.0,0.976739687,0.0,1152
k350,0.0,0.705213061,0.0822,0.0,0.0,0.0378,0.0,0.0,0.976739687,0.0263,2387
k490,0.0,0.686727811,0.0,0.0,0.0,0.0697,0.0455,0.0,0.950595539,0.0263,1775
k247,0.0,0.494106152,0.23180719,0.0,0.0,0.10391832,0.227272727,0.025,0.917320705,0.0,3055
k1496,0.0,0.705213061,0.0,0.0,0.0,0.0,0.0,0.0,0.976739687,0.0,2139
k2152,0.0,0.667580686,0.0497,0.0,0.0,0.0638,0.181818182,0.05,0.976739687,0.0,1702
k595,0.0,0.705213061,0.00706,0.0,0.0,0.0,0.0,0.0,0.976739687,0.0,135
k626,0.0,0.651049546,0.0,0.0,0.0,0.127641614,0.0909,0.3,0.976739687,0.0,1276
k148,0.0,0.638473903,0.0,0.0,0.0,0.0772,0.0,0.0,0.968425433,0.0526,1915
k432,0.0,0.705213061,0.0,0.0,0.0,0.0,0.0455,0.0,0.976739687,0.0,1051
k379,0.0,0.705213061,0.0,0.0,0.0,0.0943,0.0909,0.0,0.976739687,0.0,1916
k1726,0.0,0.558465709,0.0,0.0,0.0,0.105552454,0.0,0.0,0.976739687,0.0,1663
k3216,0.128218764,0.705213061,0.0,0.0,0.0,0.0,0.181818182,0.0,0.976739687,0.0,2510
k746,0.0,0.705213061,0.0,0.0,0.0,0.0319,0.0,0.0,0.976739687,0.0,1240
k2169,0.0,0.47640885,0.290163203,0.214285714,0.0,0.218904393,0.0909,0.0,0.976739687,0.0789,219
k858,0.0,0.654500756,0.0,0.0,0.0,0.0319,0.0,0.0,0.976739687,0.0,2875
k271,0.0,0.705213061,0.0574,0.0,0.0,0.0453,0.0,0.0,0.976739687,0.0,1921
k894,0.0,0.705213061,0.0759,0.0,0.0,0.0267,0.0909,0.0,0.976739687,0.0,244
k2443,0.0,0.705213061,0.0,0.0,0.0,0.0134,0.0,0.0,0.976739687,0.0,1243
k427,0.0,0.650860439,0.0,0.0,0.0,0.0638,0.0,0.0,0.976739687,0.0,352
k219,0.0,0.705213061,0.23280177,0.0,0.0,0.145649978,0.0455,0.0,0.976739687,0.0,3336
k1217,0.0,0.705213061,0.0234,0.0,0.0,0.0957,0.0,0.0,0.976739687,0.0,3408
k456,0.0,0.759250504,0.0574,0.0,0.0,0.0957,0.0,0.0,0.972468658,0.0,3253
k1612,0.0,0.705213061,0.0,0.0,0.0,0.0,0.0,0.0,0.976739687,0.0,40
k744,0.0,0.705213061,0.0759,0.0,0.0,0.0267,0.0,0.0,0.976739687,0.0,828
k1228,0.0,0.705213061,0.0,0.0,0.0,0.0417,0.0,0.0,0.976739687,0.0,88
k895,0.0,0.78545764,0.0,0.0,0.0,0.0319,0.0,0.0,0.982528994,0.0,1856
k1168,0.0,0.705213061,0.127544333,0.0,0.0,0.0736,0.0,0.0,0.976739687,0.0,2322
k2123,0.0,0.693078669,0.0,0.0,0.0,0.0718,0.181818182,0.0,0.963544802,0.0,49
k1315,0.0,0.908850227,0.0319,0.0,0.0,0.00589,0.0909,0.0,0.976739687,0.0,186
k223,0.0,0.705213061,0.0,0.0,0.0,0.0,0.0,0.0,0.976739687,0.0,1782
k727,0.0,0.705213061,0.0379,0.0,0.0,0.0193,0.0,0.0,0.976739687,0.0263,1684
k1108,0.0,0.705213061,0.0,0.0,0.0,0.0,0.0,0.0,0.976739687,0.0,1709
k1474,0.0,0.691833712,0.0818,0.0,0.0,0.120546336,0.0909,0.0,0.976739687,0.0,3017
k481,0.0,0.637512607,0.0249,0.0,0.0,0.0378,0.0455,0.0,0.976739687,0.0,2429
k741,0.0,0.63070474,0.108473146,0.0,0.0,0.0453,0.0,0.0,0.920693241,0.0,2869
k2855,0.0,0.650497983,0.0,0.0,0.0,0.0319,0.0,0.0,0.976739687,0.0,343
k810,0.0,0.637355018,0.0,0.0,0.0,0.115373699,0.0,0.0,0.976739687,0.0,605
k1864,0.0,0.426500252,0.114722853,0.285714286,0.0,0.19146242,0.0,0.0,0.976739687,0.105263158,1519
k1264,0.0,0.705213061,0.0,0.0,0.0,0.0417,0.0,0.0,0.976739687,0.0,662
k1438,0.136055755,0.705213061,0.0,0.0,0.0,0.0,0.0,0.0,0.956981721,0.0,2121
k883,0.0,0.705213061,0.0,0.0,0.0,0.0,0.0,0.0,0.976739687,0.0,2170
k2500,0.0,0.705213061,0.065,0.0,0.0,0.0655,0.0,0.0,0.976739687,0.0,3138
k854,0.0,0.705213061,0.0444,0.0,0.0,0.0541,0.0,0.0,0.976739687,0.0,812
k1167,0.0,0.529831694,0.0574,0.0,0.0,0.0957,0.0,0.0,0.976739687,0.0,1490
k1611,0.0,0.705213061,0.0574,0.0,0.0,0.0378,0.0,0.0,0.974198196,0.0,1433
k2328,0.0,0.705213061,0.0379,0.0714,0.0,0.0685,0.0,0.0,0.976739687,0.0,732
k3242,0.0,0.705213061,0.0,0.0,0.0,0.0,0.0,0.0,0.976739687,0.0,1424
k2247,0.0,0.705213061,0.114722853,0.0,0.0,0.0697,0.0,0.0,0.976739687,0.0,10
k488,0.0,0.705213061,0.164434376,0.0,0.0,0.107509248,0.0455,0.0,0.976739687,0.0263,2270
k1212,0.0,0.668305598,0.0379,0.0,0.0,0.100373735,0.0,0.0,0.976739687,0.0,228
k1543,0.0,0.705213061,0.0,0.0,0.0,0.0353,0.0,0.0,0.976739687,0.0,1814
k220,0.0,0.671189486,0.0893,0.0,0.0,0.12835191,0.0909,0.0,0.975454306,0.0,2976
k2883,0.0,0.705213061,0.114722853,0.0,0.0,0.139126037,0.0909,0.0,0.976739687,0.0,2235
k783,0.0,0.705213061,0.0379,0.0,0.0,0.0134,0.0,0.0,0.976739687,0.0,176
k1144,0.0,0.433323878,0.286807121,0.0714,0.0,0.223372816,0.0,0.0,0.976739687,0.105263158,803
k1879,0.0,0.705213061,0.0,0.0,0.0,0.0,0.0,0.0,0.976739687,0.0,548
k3180,0.0,0.602054967,0.0,0.0,0.0,0.0638,0.0,0.025,0.976739687,0.0,1724
k2027,0.0,0.705213061,0.0,0.0,0.0,0.0,0.181818182,0.0,0.976739687,0.0,1463
k686,0.0,0.563382501,0.0379,0.0714,0.0,0.118918294,0.0,0.0,0.976739687,0.0,3410
k460,0.168901142,0.705213061,0.0676,0.0,0.0,0.00589,0.0,0.0,0.933119442,0.0,317
k756,0.0,0.705213061,0.0518,0.0,0.0,0.112957849,0.0,0.0,0.976739687,0.0,2400
k2315,0.0,0.705213061,0.0824,0.0,0.0,0.0877,0.0,0.0,0.976739687,0.0263,2043
k114,0.0,0.616568961,0.0,0.0,0.0,0.0638,0.0,0.0,0.976739687,0.0,875
k2792,0.0,0.705213061,0.0249,0.0,0.0,0.0476,0.0,0.0,0.976739687,0.0,3101
k1358,0.0,0.705213061,0.0,0.0,0.0,0.0,0.0,0.0,0.976739687,0.0,3380
k763,0.0,0.759061397,0.0,0.0,0.0,0.0638,0.0,0.0,0.983122051,0.0,3423
k1866,0.0,0.705213061,0.0379,0.0,0.0,0.0193,0.0,0.0,0.976739687,0.0,523
k314,0.0,0.705213061,0.0753,0.0,0.0,0.180348337,0.0455,0.0,0.976739687,0.0526,20
k1385,0.0,0.705213061,0.0513,0.0,0.0,0.0743,0.181818182,0.0,0.976739687,0.0,1573
k959,0.0,0.705213061,0.0,0.0,0.0,0.0134,0.0,0.0,0.976739687,0.0,2424
k206,0.0,0.705213061,0.140365811,0.0,0.0,0.0835,0.0,0.0,0.976739687,0.0,2500
k2836,0.0,0.655288704,0.00706,0.0,0.0,0.0378,0.363636364,0.0,0.961032581,0.0,479
k1288,0.0,0.705213061,0.0448,0.0,0.0,0.0655,0.0,0.0,0.976739687,0.0,561
k3124,0.0,0.705213061,0.0,0.0,0.0,0.0,0.0,0.0,0.976739687,0.0,2237
k2514,0.0,0.553454362,0.0379,0.0,0.0,0.0772,0.0,0.0,0.976739687,0.0,1293
k3276,0.0,0.705213061,0.0644,0.0,0.0,0.0319,0.0,0.0,0.976739687,0.0,1185
k1252,0.0,0.705213061,0.101413329,0.0,0.0,0.0417,0.0,0.0,0.921482287,0.0,3018
k384,0.0,0.705213061,0.0,0.0,0.0,0.0,0.0,0.0,0.949960484,0.0,929
k1735,0.0,0.553958649,0.0513,0.0,0.0,0.138121059,0.0,0.0,0.976739687,0.0,2068
k255,0.0,0.705213061,0.160991838,0.0,0.0,0.257826103,0.0,0.0,0.976739687,0.0,552
k120,0.0,0.595089511,0.125016264,0.0,0.0,0.133282648,0.0909,0.05,0.976739687,0.0789,1002
k3070,0.0,0.426594806,0.0574,0.428571429,0.0,0.19146242,0.0,0.0,0.943304499,0.210526316,1852
k3274,0.203383901,0.705213061,0.0,0.0,0.0,0.0,0.0,0.0,0.976739687,0.0,2829
k559,0.0,0.685498613,0.0379,0.0,0.0,0.0831,0.181818182,0.0,0.960986766,0.0,3223
k942,0.0,0.705213061,0.0,0.0,0.0,0.0835,0.0,0.0,0.976739687,0.0,466
k2290,0.0,0.614409985,0.0644,0.0,0.0,0.0638,0.181818182,0.0,0.956617742,0.0263,27
k2389,0.0,0.749889687,0.217073313,0.0,0.0,0.1827391,0.0,0.0,0.976739687,0.0789,1451
k2131,0.0,0.785883132,0.0574,0.0,0.0,0.0638,0.0,0.0,0.983880554,0.0,917
k2198,0.0,0.705213061,0.0574,0.0,0.0,0.0319,0.0,0.0,0.976739687,0.0,2319
k2702,0.0,0.705213061,0.114722853,0.0,0.0,0.150757267,0.272727273,0.0,0.957206981,0.0,259
k2921,0.0,0.705213061,0.0249,0.0,0.0,0.0,0.0,0.0,0.976739687,0.0,1439
k3325,0.0,0.705213061,0.0996,0.0,0.0,0.087,0.0,0.0,0.976739687,0.0,1129
k1701,0.0,0.705213061,0.0,0.0,0.0,0.00589,0.0,0.0,0.976739687,0.0,197
k2738,0.0,0.705213061,0.156943341,0.0,0.0,0.0772,0.0,0.0,0.972774095,0.0263,3256
k3153,0.0,0.691124559,0.0,0.0,0.0,0.0512,0.0909,0.0,0.976739687,0.0,2167
k2166,0.0,0.705213061,0.0,0.0,0.0,0.00589,0.0,0.0,0.980452022,0.0,434
k323,0.0,0.63461296,0.0249,0.0,0.0,0.0453,0.0,0.0,0.976739687,0.0,1476
k3313,0.0,0.642602748,0.0249,0.0,0.0,0.0772,0.0455,0.0,0.976739687,0.0263,179
k993,0.0,0.673127837,0.0,0.0,0.0,0.0319,0.0,0.0,0.976739687,0.0,1190
k2959,0.0,0.705213061,0.294454482,0.0,0.0,0.141717747,0.0,0.0,0.976739687,0.0789,593
k3346,0.0,0.705213061,0.103630402,0.142857143,0.0,0.267647353,0.0,0.0,0.976739687,0.0,469
k3175,0.0,0.705213061,0.0379,0.0,0.0,0.0267,0.0,0.0,0.976739687,0.0,2879
k1884,0.0,0.705213061,0.114722853,0.0,0.0,0.0638,0.0,0.0,0.974102747,0.0,577
k1388,0.0,0.705213061,0.105538109,0.0,0.0,0.0134,0.0,0.0,0.976739687,0.0,2103
k2488,0.0,0.705213061,0.0,0.0,0.0,0.0,0.0,0.0,0.976739687,0.0,2831
k951,0.0,0.762355018,0.0574,0.0,0.0,0.0319,0.318181818,0.0,0.976739687,0.0,1168
k2616,0.0,0.705213061,0.0,0.0,0.0,0.0,0.0,0.0,0.976739687,0.0,2790
k1959,0.0,0.705213061,0.0,0.0,0.0,0.0835,0.0,0.0,0.976739687,0.0,2459
k275,0.0,0.705213061,0.0,0.0,0.0,0.00589,0.0,0.0,0.976739687,0.0,2893
k2371,0.0,0.680487267,0.0574,0.0,0.0,0.0957,0.0455,0.0,0.976739687,0.0263,2274
k2840,0.0,0.643311901,0.0497,0.0,0.0,0.139419651,0.227272727,0.0,0.976739687,0.131578947,2240
k2877,0.0,0.705213061,0.0,0.0,0.0,0.0417,0.0,0.0,0.976739687,0.0,2846
k1982,0.0,0.693188981,0.0,0.0,0.0,0.0319,0.0,0.025,0.976739687,0.0,1397
k1782,0.0,0.705213061,0.0574,0.0,0.0,0.0319,0.0,0.0,0.976739687,0.0,2335
k3120,0.0,0.705213061,0.0574,0.0,0.0,0.0319,0.0,0.0,0.976739687,0.0,3070
k1016,0.0,0.705213061,0.0953,0.0,0.0,0.0453,0.0,0.0,0.976739687,0.0263,2750
k2773,0.236873041,0.730427383,0.0,0.0,0.0,0.0,0.0,0.0,0.924142135,0.0,2078
k1757,0.0,0.802571861,0.0574,0.0714,0.0,0.0697,0.0,0.0,0.981288156,0.0263,554
k3006,0.0,0.72175996,0.0,0.0,0.0,0.0609,0.0,0.0,0.920837051,0.0,574
k2593,0.0,0.640585603,0.0,0.0,0.0,0.0378,0.0,0.0,0.976739687,0.0263,3156
k53,0.0,0.705213061,0.00706,0.0,0.0,0.0,0.0909,0.0,0.976739687,0.0,3104
k136,0.0997,0.70838061,0.0,0.0,0.0,0.0319,0.0,0.0,0.976739687,0.0,966
k1012,0.0,0.599643848,0.0,0.0,0.0,0.0638,0.0,0.0,0.976739687,0.0,1023
k1059,0.173771272,0.705213061,0.135217771,0.0,0.0,0.0,0.0,0.0,0.917879401,0.0,1020
k492,0.0,0.705213061,0.114722853,0.0,0.0,0.0638,0.0455,0.0,0.976739687,0.0,1583
k1997,0.0,0.838439233,0.0379,0.0,0.0,0.0533,0.545454545,0.0,0.967381856,0.0,501
k3130,0.0,0.705213061,0.121782672,0.0,0.0,0.146896466,0.0,0.0,0.976739687,0.0,3058
k3417,0.0,0.642523954,0.0,0.0,0.0,0.0638,0.0,0.0,0.976739687,0.105263158,1552
k2705,0.28200571,0.705213061,0.0,0.0,0.0,0.0,0.0,0.0,0.976739687,0.0,2809
k3310,0.0,0.631681795,0.0,0.0,0.0,0.0319,0.0,0.0,0.976739687,0.0526,2382
k811,0.0,0.687452723,0.0497,0.0,0.0,0.0437,0.0,0.0,0.976739687,0.0263,597
k1487,0.0,0.569150277,0.0,0.0,0.0,0.0638,0.0,0.0,0.949798857,0.0,2676
k91,0.0,0.705213061,0.159711895,0.0,0.0,0.188628115,0.0,0.0,0.976739687,0.0526,120
k2846,0.0,0.61913767,0.0702,0.0,0.0,0.0736,0.181818182,0.0,0.976739687,0.0,1122
k3126,0.0,0.507564297,0.152652076,0.0714,0.0,0.141007452,0.0,0.0,0.976739687,0.0789,1653
k254,0.0,0.492845436,0.0,0.5,0.133333333,0.328389078,0.0455,0.175,0.976739687,0.131578947,3154
k1262,0.0,0.551878467,0.0,0.142857143,0.0,0.109097049,0.0,0.0,0.969780811,0.0526,2660
k1156,0.0,0.663420323,0.0,0.0,0.0,0.0638,0.0,0.0,0.967796742,0.0,1446
k2627,0.0,0.705213061,0.0,0.0,0.0,0.0,0.181818182,0.0,0.976739687,0.0,1111
k1395,0.0,0.705213061,0.236296572,0.428571429,0.0667,0.343875745,0.318181818,0.0,0.976739687,0.184210526,2759
k111,0.0,0.599864473,0.114722853,0.0,0.0,0.127641614,0.0,0.0,0.951936917,0.0,237
k1454,0.0,0.705213061,0.0574,0.0,0.0,0.0319,0.0,0.0,0.976739687,0.105263158,641
k1833,0.0,0.648118381,0.0,0.0,0.0,0.0638,0.0,0.0,0.976739687,0.0,2300
k2845,0.0,0.701289082,0.0,0.0,0.0,0.0896,0.0,0.0,0.976739687,0.0,81
k1886,0.0,0.705213061,0.0574,0.0,0.0,0.139574963,0.0909,0.0,0.976739687,0.0,2728
k1019,0.0,0.705213061,0.0574,0.0,0.0,0.0319,0.0,0.0,0.976739687,0.105263158,3265
k45,0.0,0.705213061,0.00706,0.0,0.0,0.00589,0.0,0.0,0.976739687,0.0,19
k2964,0.0,0.705213061,0.045,0.0,0.0,0.0134,0.181818182,0.0,0.976739687,0.0263,2275
k2523,0.0,0.705213061,0.0644,0.0,0.0,0.0319,0.0,0.0,0.976739687,0.0,546
k1136,0.0,0.705213061,0.0,0.0,0.0,0.0,0.272727273,0.0,0.976739687,0.0,3357
k3238,0.0,0.0,0.642284418,0.0,0.0,0.0638,0.0,0.0,0.0,0.789473684,1212
k1623,0.0,0.618129097,0.0438,0.0,0.0,0.0709,0.0,0.0,0.975426308,0.0,3271
k804,0.0,0.539838628,0.0,0.0,0.0,0.0638,0.0,0.0,0.976739687,0.0,495
k2105,0.0,0.726534922,0.0,0.0,0.0,0.0319,0.318181818,0.0,0.976739687,0.0,1221
k2678,0.0,0.44200706,0.286807121,0.142857143,0.4,0.4064809,0.0,0.2,0.939641799,0.342105263,3302
k873,0.0,0.657053707,0.0,0.0,0.0,0.0319,0.0,0.0,0.977157118,0.0,1282
k2440,0.0,0.705213061,0.0953,0.0,0.0,0.0453,0.0,0.0,0.976739687,0.0,318
k1265,0.0,0.705213061,0.128486171,0.142857143,0.133333333,0.239962783,0.0909,0.0,0.976739687,0.0,388
k2174,0.0,0.541115103,0.0,0.0,0.266666667,0.224470757,0.0,0.0,0.976739687,0.0,8
k1990,0.0,0.7085382,0.0,0.0,0.0,0.0319,0.227272727,0.0,0.976739687,0.0,1242
k2948,0.0,0.705213061,0.0,0.0,0.0,0.0,0.0,0.0,0.976739687,0.0,1553
k1330,0.0,0.705213061,0.0877,0.0,0.0,0.131014223,0.0,0.0,0.976739687,0.0263,1576
k2333,0.0,0.686775088,0.0574,0.0,0.0,0.0638,0.0455,0.025,0.97269519,0.0,1277
k776,0.0,0.705213061,0.0379,0.0,0.0,0.10766456,0.272727273,0.0,0.976739687,0.0,3107
k539,0.0,0.705213061,0.0,0.0,0.0,0.00589,0.0,0.0,0.976739687,0.0,937
k279,0.163345275,0.705213061,0.0,0.0,0.0,0.0,0.0,0.0,0.977731085,0.0,747
k2473,0.0,0.705213061,0.0,0.0,0.0,0.0,0.0,0.0,0.956235945,0.0,2041
k2235,0.0,0.705213061,0.22944571,0.0,0.0,0.127641614,0.0,0.0,0.962599219,0.0,1589
k2297,0.0,0.708648512,0.0,0.0,0.0,0.0319,0.181818182,0.0,0.976739687,0.0,2453
k2285,0.0,0.705213061,0.0338,0.0,0.0,0.0,0.0,0.0,0.943863195,0.0,2688
k1163,0.0,0.755547151,0.0,0.0,0.0,0.128916187,0.0,0.0,0.976739687,0.0,1099
k2652,0.0,0.705213061,0.0574,0.0,0.0,0.0319,0.0,0.0,0.976739687,0.0,1429
k3418,0.0,0.654217095,0.0141,0.0,0.0,0.154373289,0.0,0.0,0.976739687,0.0,2474
k3018,0.0,0.711422088,0.0,0.0,0.0,0.0,0.0,0.0,0.957969301,0.0,1077
k1752,0.0,0.705213061,0.19002758,0.0,0.0,0.108138774,0.181818182,0.0,0.976739687,0.0,453
k2612,0.0,0.705213061,0.0717,0.0,0.0,0.0134,0.0,0.0,0.976739687,0.0,2842
k3003,0.0,0.705213061,0.0497,0.0,0.0,0.0118,0.0,0.0,0.976739687,0.0,1464
k1689,0.0,0.654642587,0.0644,0.0,0.0,0.0638,0.0,0.0,0.976739687,0.0526,3187
k2000,0.0,0.638536939,0.22944571,0.0,0.0,0.159552008,0.181818182,0.0,0.976739687,0.0,1657
k890,0.0,0.856593545,0.0,0.0,0.0,0.0319,0.0,0.0,0.976739687,0.0,2341
k1956,0.0,0.752190494,0.0,0.0,0.0,0.0319,0.0,0.0,0.976739687,0.0,1256
k1078,0.0,0.539744075,0.0249,0.0,0.0,0.0697,0.0,0.0,0.976739687,0.0,355
k211,0.0,0.473698311,0.0249,0.428571429,0.0,0.17880687,0.0455,0.0,0.976739687,0.157894737,2179
k467,0.0,0.705213061,0.0574,0.0,0.0,0.0453,0.0,0.0,0.976739687,0.0,288
k61,0.0,0.705213061,0.0,0.0,0.0,0.0835,0.0,0.0,0.976739687,0.0263,1298
k831,0.0,0.544708144,0.0,0.0,0.0,0.0638,0.0,0.0,0.976739687,0.0,2913
k3291,0.0,0.558197806,0.0,0.0,0.0,0.0697,0.0,0.0,0.976739687,0.0,226
k2334,0.0,0.613417171,0.114722853,0.0,0.0,0.19146242,0.227272727,0.0,0.976739687,0.131578947,2754
k1186,0.112866659,0.639813414,0.0,0.0,0.0,0.0772,0.0,0.0,0.976739687,0.0526,826
k750,0.0,0.705213061,0.125569977,0.0,0.0,0.0267,0.181818182,0.0,0.976739687,0.0263,2544
k3059,0.0,0.705213061,0.0,0.0,0.0,0.0,0.0,0.0,0.976739687,0.0,2934
k2082,0.0,0.57691944,0.0,0.0,0.0,0.118918294,0.0,0.0,0.968280351,0.0,541
k2114,0.0,0.599990545,0.0702,0.0,0.0,0.0736,0.0,0.0,0.976739687,0.0789,1752
k1720,0.0,0.721271432,0.0568,0.0,0.0,0.0437,0.0455,0.0,0.976739687,0.0,2517
k1342,0.0,0.705213061,0.0574,0.0,0.0,0.0319,0.0,0.0,0.976739687,0.0,979
k3099,0.0,0.705213061,0.114722853,0.0,0.0,0.150757267,0.272727273,0.0,0.955127463,0.0,2870
k441,0.0,0.705213061,0.17114909,0.0,0.0,0.0987,0.0,0.0,0.976739687,0.0,2295
k3155,0.0,0.699602874,0.0574,0.0,0.0,0.086,0.0,0.025,0.976739687,0.0,2262
k1253,0.0,0.603946041,0.0,0.0,0.0,0.0638,0.0,0.0,0.976739687,0.0,2286
k2951,0.0,0.705213061,0.0,0.0,0.0,0.0236,0.0,0.0,0.976739687,0.0,375
k1567,0.0,0.705213061,0.101413329,0.0,0.0,0.0,0.0,0.0,0.913624916,0.0,2040
k2006,0.0,0.68765759,0.0574,0.0,0.0,0.0638,0.0,0.025,0.976739687,0.0,924
k1442,0.0,0.71994768,0.0,0.0714,0.0,0.0643,0.0455,0.0,0.976739687,0.0,175
k2809,0.0,0.700769037,0.0379,0.0,0.0,0.0453,0.136363636,0.0,0.976739687,0.0,918
k3055,0.0,0.705213061,0.121782672,0.0,0.0,0.0638,0.0,0.0,0.977162209,0.0,2086
k2508,0.0,0.705213061,0.0,0.0,0.0,0.0835,0.0,0.0,0.976739687,0.0,1443
k2925,0.0,0.705213061,0.0,0.0,0.0,0.00589,0.0,0.0,0.976739687,0.0,1209
k914,0.0,0.705213061,0.0379,0.0,0.0,0.0453,0.0,0.0,0.976739687,0.0,2113
k2347,0.0,0.705213061,0.0953,0.0,0.0,0.0586,0.0,0.0,0.976739687,0.0,3008
k386,0.0,0.705213061,0.0,0.0,0.0,0.0,0.0,0.0,0.976739687,0.0,2779
k2147,0.0,0.886141578,0.0,0.0,0.0,0.00589,0.0,0.0,0.976739687,0.0,1310
k1819,0.0,0.867498739,0.052,0.0,0.0,0.0267,0.181818182,0.0,0.976739687,0.0263,1419
k413,0.0,0.573105774,0.013,0.0714,0.0,0.103724973,0.0,0.0,0.962269602,0.0526,1501
k868,0.0,0.60051059,0.0,0.142857143,0.0,0.0638,0.0,0.0,0.976248443,0.0,2379
k799,0.0,0.705213061,0.516252831,0.0,0.0,0.322527733,0.0,0.0,0.976739687,0.236842105,1567
k2727,0.0,0.705213061,0.0,0.0,0.0,0.0399,0.454545455,0.0,0.976739687,0.0,3029
k205,0.0,0.556527358,0.00706,0.142857143,0.0,0.141007452,0.0455,0.0,0.976739687,0.0526,45
k1285,0.0,0.705213061,0.164434376,0.0,0.0,0.089,0.0,0.0,0.976739687,0.0,159
k2108,0.0,0.684616112,0.0338,0.0,0.0,0.0319,0.136363636,0.0,0.976739687,0.0,1741
k269,0.0,0.705213061,0.00678,0.0,0.0,0.0505,0.0,0.0,0.976739687,0.0,1137
k3026,0.0,0.705213061,0.0861,0.0,0.0,0.039,0.227272727,0.075,0.976739687,0.0526,1585
k1111,0.0,0.507075769,0.0574,0.214285714,0.0,0.211104911,0.0,0.0,0.976739687,0.0789,2752
k2787,0.22622313,0.705213061,0.164434376,0.0,0.0,0.0756,0.0909,0.0,0.974118018,0.0,258
k1559,0.0,0.671000378,0.0759,0.0,0.0,0.117284167,0.0455,0.0,0.976739687,0.0,3274
k1190,0.0,0.705213061,0.0379,0.0,0.0,0.10766456,0.272727273,0.0,0.976739687,0.0,3000
k699,0.0,0.663893091,0.0249,0.0,0.0,0.0319,0.0455,0.0,0.976739687,0.0,1154
k1552,0.0,0.705213061,0.0759,0.0,0.0,0.0267,0.0,0.0,0.976739687,0.0,648
k1602,0.0,0.705213061,0.0445,0.0,0.0,0.0743,0.0,0.0,0.976739687,0.0,2885
k2120,0.0,0.705213061,0.133219873,0.0,0.0,0.100373735,0.0,0.0,0.976739687,0.0,1612
k1129,0.0,0.624479955,0.0,0.0,0.0,0.0319,0.181818182,0.0,0.976739687,0.0526,879
k109,0.0,0.701194528,0.0,0.0,0.0,0.0319,0.0,0.0,0.976739687,0.0,1533
k1086,0.0,0.577612834,0.251680256,0.142857143,0.0,0.210787106,0.0,0.0,0.976739687,0.0789,860
k3327,0.0,0.705213061,0.0338,0.0,0.0,0.0,0.0,0.0,0.976739687,0.0,126
k3322,0.0,0.590834594,0.139578615,0.0,0.0,0.19146242,0.0455,0.0,0.956493021,0.0263,2952
k138,0.0,0.794913011,0.0,0.0,0.0,0.0638,0.0,0.0,0.981165981,0.0263,3137
k1544,0.0,0.818267776,0.0,0.0,0.0,0.0319,0.0,0.35,0.980380753,0.0,295
k1205,0.0,0.705213061,0.103630402,0.285714286,0.0,0.309379004,0.0,0.0,0.976739687,0.0,1074
k1914,0.0,0.705213061,0.0,0.0,0.0,0.0,0.0,0.0,0.976739687,0.0,2467
k1878,0.144284595,0.625315179,0.0574,0.0,0.0,0.159552008,0.0,0.025,0.938776393,0.0789,3158
k1017,0.0,0.705213061,0.0497,0.0,0.0,0.031,0.0455,0.0,0.976739687,0.0,3235
k1996,0.0,0.574004034,0.0249,0.0,0.0,0.0697,0.0,0.0,0.976739687,0.0526,664
k67,0.0,0.589479324,0.0,0.0,0.0,0.139574963,0.0455,0.0,0.976739687,0.0,645
k1658,0.0,0.705213061,0.114722853,0.0,0.0,0.0638,0.272727273,0.0,0.969073215,0.0,1428
k596,0.0,0.561207766,0.0,0.142857143,0.0,0.0638,0.0,0.0,0.976739687,0.0,637
k162,0.0,0.705213061,0.0574,0.0,0.0,0.0319,0.0,0.0,0.976739687,0.0,2733
k3397,0.0,0.596507816,0.0635,0.0,0.0,0.0749,0.0,0.0,0.976739687,0.0,876
k1037,0.0,0.635243318,0.0,0.0,0.0,0.0638,0.181818182,0.0,0.976739687,0.105263158,3281
k712,0.0,0.518406455,0.0574,0.0714,0.0,0.13746286,0.0,0.0,0.976739687,0.0,382
k1372,0.0,0.705213061,0.114722853,0.0,0.0,0.0638,0.136363636,0.0,0.978805206,0.0,883
k378,0.0,0.705213061,0.0,0.0,0.0,0.0,0.0,0.0,0.976739687,0.0,210
k1852,0.0,0.49188414,0.0518,0.0,0.0,0.218510303,0.0,0.0,0.976739687,0.0,1219
k865,0.0,0.870098966,0.0,0.0,0.0,0.0319,0.0,0.0,0.976739687,0.0,349
k354,0.0,0.705213061,0.0,0.0,0.0,0.0,0.0,0.0,0.969668817,0.0,143
k3190,0.0,0.705213061,0.0,0.0,0.0,0.0,0.0,0.0,0.976739687,0.0,1045
k406,0.0,0.59809947,0.149134599,0.0,0.0,0.0992,0.0909,0.0,0.976739687,0.236842105,2917
k2331,0.0,0.67593293,0.00343,0.0,0.0,0.120581481,0.0,0.0,0.976739687,0.0,2098
k3297,0.0,0.669093545,0.140365811,0.0,0.0,0.16692659,0.0,0.0,0.976739687,0.0263,813
k1660,0.0,0.502269289,0.0574,0.428571429,0.266666667,0.337112403,0.0,0.0,0.976739687,0.131578947,2755
k520,0.0,0.705213061,0.0574,0.0,0.0,0.0319,0.0,0.0,0.976739687,0.0,364
k2834,0.0,0.575863591,0.0,0.0,0.0,0.0772,0.0455,0.0,0.976739687,0.0,2114
k2463,0.0,0.659653933,0.0379,0.0,0.0,0.0453,0.0909,0.0,0.976739687,0.0,3293
k1883,0.0,0.726991931,0.00706,0.0,0.0,0.0718,0.0,0.0,0.976739687,0.0,2633
k1457,0.211948612,0.705213061,0.0829,0.0,0.0,0.0535,0.318181818,0.1,0.976739687,0.0,717
k3305,0.0,0.705213061,0.237093026,0.0,0.0,0.109807344,0.0,0.0,0.976739687,0.0,2520
k2208,0.0,0.705213061,0.0379,0.0,0.0,0.0134,0.0,0.0,0.976739687,0.0,1723
k2668,0.0,0.708443646,0.0893,0.0,0.0,0.0756,0.0,0.0,0.972175947,0.0263,330
k1231,0.0,0.705023954,0.0568,0.0,0.0,0.089,0.0455,0.05,0.976739687,0.0263,266
k2858,0.0,0.698216087,0.0,0.0,0.0,0.0638,0.0,0.1,0.976739687,0.0,590
k690,0.0954,0.723698311,0.00706,0.0714,0.0,0.0509,0.0455,0.0,0.976739687,0.0,871
k2240,0.0,0.70808119,0.0574,0.0714,0.0,0.0638,0.0,0.0,0.976739687,0.0263,2058
k963,0.0986,0.705213061,0.0,0.0,0.0,0.0,0.0,0.0,0.976739687,0.0,1813
k860,0.0,0.705213061,0.0379,0.0,0.0,0.0134,0.0,0.0,0.976739687,0.0,279
k1203,0.0,0.567921079,0.0574,0.214285714,0.0,0.114986071,0.0455,0.0,0.966417184,0.0,215
k1121,0.0,0.705213061,0.114722853,0.0,0.0,0.0638,0.0909,0.0,0.976739687,0.0,3426
k2796,0.0,0.705213061,0.0953,0.0,0.0,0.0453,0.0,0.0,0.976739687,0.0,407
k2669,0.0,0.705213061,0.0,0.0,0.0,0.0267,0.0,0.0,0.976739687,0.0,2529
k396,0.0,0.705213061,0.0759,0.142857143,0.0,0.0668,0.0909,0.0,0.976739687,0.0,184
k2894,0.0,0.659338754,0.0,0.0,0.0,0.0319,0.0,0.0,0.976739687,0.0,2268
k2903,0.0,0.684111826,0.045,0.0,0.0,0.0586,0.227272727,0.0,0.976739687,0.0526,3126
k1581,0.0,0.705213061,0.0,0.0,0.0,0.0,0.0,0.0,0.976739687,0.0,1909
k1058,0.0,0.705213061,0.0574,0.0,0.0,0.0453,0.454545455,0.0,0.976739687,0.0,3177
k620,0.0,0.705213061,0.0,0.0,0.0,0.0417,0.0,0.0,0.976739687,0.0,2683
k1214,0.0,0.770675744,0.0,0.0,0.0,0.0319,0.0,0.0,0.9805182,0.0,3108
k2642,0.0,0.705213061,0.140365811,0.0,0.0,0.0835,0.0,0.0,0.976739687,0.0263,1812
k2524,0.0,0.726739788,0.0,0.0714,0.0,0.0643,0.0455,0.0,0.976739687,0.0,2281
k2862,0.0,0.705213061,0.172084273,0.0,0.0,0.0957,0.0,0.0,0.976739687,0.0,1132
k3414,0.0,0.647708649,0.0377,0.0714,0.0,0.131325854,0.0455,0.0,0.976739687,0.0,576
k256,0.0,0.765238906,0.0759,0.0,0.0,0.0267,0.0,0.0,0.976739687,0.0,1275
k1494,0.0,0.705213061,0.0,0.0,0.0,0.0,0.0,0.0,0.976739687,0.0,1818
k570,0.0,0.705213061,0.00686,0.0,0.0,0.0118,0.0,0.0,0.976739687,0.0,3022
k837,0.0,0.705213061,0.0822,0.0,0.0,0.0697,0.0,0.0,0.976739687,0.0263,3376
k2786,0.0,0.865717978,0.0,0.0,0.0,0.0,0.0,0.0,0.976739687,0.0,2762
k2617,0.0,0.710712935,0.00706,0.0,0.0,0.0319,0.0455,0.0,0.976739687,0.0,1611
k2516,0.0,0.847311523,0.0,0.0,0.0,0.100550376,0.0,0.0,0.976739687,0.0,214
k1583,0.0,0.72355648,0.0,0.0,0.0,0.0319,0.0,0.0,0.976739687,0.0,2003
k2863,0.0,0.634802068,0.00678,0.0,0.0,0.114345601,0.0,0.0,0.976739687,0.0,2013
k436,0.0,0.649646999,0.0319,0.0,0.0,0.0512,0.136363636,0.0,0.976739687,0.0263,1326
k3188,0.0,0.542092158,0.00706,0.142857143,0.0,0.18291575,0.0,0.0,0.976739687,0.0526,2511
k3146,0.0,0.94456001,0.0,0.0,0.0,0.0,0.0,0.0,0.983964549,0.0,2231
k1745,0.0,0.705213061,0.0759,0.0,0.0,0.0906,0.0,0.0,0.976739687,0.0263,2476
k568,0.0,0.705213061,0.0,0.0,0.0,0.00589,0.0,0.0,0.977379833,0.0,2419
k2414,0.0,0.705213061,0.0,0.0,0.0,0.136030371,0.0,0.0,0.976739687,0.0,2613
k641,0.0,0.705213061,0.0574,0.0,0.0,0.0319,0.0,0.0,0.976739687,0.0,1246
k3281,0.0,0.648307489,0.0,0.0,0.0,0.0319,0.0,0.0,0.976739687,0.0,2359
k1040,0.0,0.643910741,0.0,0.0,0.0,0.0638,0.0,0.0,0.976739687,0.0,1887
k2076,0.0,0.550822617,0.0759,0.142857143,0.0,0.0906,0.272727273,0.0,0.976739687,0.0,713
k2639,0.0,0.705213061,0.0,0.0,0.0,0.0118,0.0,0.0,0.976739687,0.0,2925
k3256,0.0,0.620965709,0.106482886,0.0,0.0667,0.106631741,0.136363636,0.125,0.976739687,0.105263158,514
k801,0.0,0.705213061,0.0377,0.0,0.0,0.0621,0.181818182,0.0,0.976739687,0.0,1745
k839,0.0,0.713738654,0.0,0.0,0.0,0.0378,0.227272727,0.0,0.976739687,0.0,461
k1367,0.0,0.705213061,0.107774025,0.0,0.0,0.0326,0.272727273,0.0,0.976739687,0.0526,136
k2378,0.0,0.705213061,0.114722853,0.0,0.0,0.0772,0.227272727,0.0,0.976739687,0.0,3200
k880,0.0,0.705213061,0.0,0.0,0.0,0.0,0.0,0.0,0.976739687,0.0,934
k333,0.0,0.705213061,0.0574,0.0,0.0,0.0319,0.0,0.0,0.976739687,0.0,2817
k2140,0.0,0.705213061,0.0,0.0,0.0,0.0,0.0,0.0,0.976739687,0.0,787
k1480,0.0,0.705213061,0.114722853,0.0,0.0,0.0638,0.0909,0.0,0.972818638,0.0,99
k2691,0.0,0.705213061,0.114722853,0.0,0.0,0.0638,0.0909,0.0,0.976739687,0.0,612
k1739,0.0,0.614914271,0.573614242,0.0,0.0,0.380459528,0.0,0.025,0.945111669,0.289473684,627
k2574,0.0,0.863086233,0.0574,0.0,0.0,0.0319,0.181818182,0.0,0.976739687,0.0,1711
k3004,0.0,0.705213061,0.0574,0.0,0.0,0.0736,0.0,0.0,0.976739687,0.0,1225
k430,0.0,0.705213061,0.0835,0.0,0.0,0.0437,0.590909091,0.0,0.976739687,0.0,2996
k3408,0.0,0.705213061,0.160991838,0.0,0.0,0.257826103,0.0,0.0,0.976739687,0.0,935
k1986,0.0,0.714148386,0.0,0.0,0.0,0.0453,0.0,0.0,0.976739687,0.0,3308
k1926,0.0,0.705213061,0.0702,0.0,0.0,0.0417,0.0,0.0,0.976739687,0.0,1296
k2672,0.0,0.575359304,0.0,0.214285714,0.0,0.0831,0.0455,0.0,0.967609661,0.0,566
k1208,0.0,0.690084468,0.115532963,0.0,0.0,0.0319,0.0455,0.1,0.921174304,0.0263,2297
k2944,0.0,0.669062027,0.0,0.0714,0.0,0.0776,0.0909,0.0,0.976739687,0.0,129
k2531,0.0,0.470956253,0.114722853,0.857142857,0.266666667,0.424656458,0.0,0.15,0.976739687,0.5,104
k188,0.0,0.683828164,0.0,0.0,0.0,0.0638,0.0,0.0,0.976739687,0.0263,1972
k1897,0.0,0.705213061,0.0,0.0,0.0,0.0134,0.0,0.0,0.976739687,0.0,2699
k1295,0.0,0.705213061,0.0574,0.0,0.0,0.0319,0.0,0.0,0.976739687,0.0,1992
k2233,0.137581169,0.469522189,0.0,0.285714286,0.0,0.127641614,0.0,0.0,0.976739687,0.105263158,1809
k1094,0.0,0.628860943,0.0497,0.0,0.0,0.0512,0.0,0.0,0.973790946,0.0263,500
k181,0.0,0.705213061,0.127544333,0.0,0.0,0.0736,0.0,0.0,0.976739687,0.0,2812
k1182,0.0,0.705213061,0.0,0.0,0.0,0.0134,0.272727273,0.0,0.976739687,0.0,1008
k1340,0.0,0.713912002,0.0,0.0714,0.0,0.0643,0.0455,0.0,0.976739687,0.0,368
k1875,0.0,0.727275593,0.0141,0.0,0.0,0.0319,0.0,0.0,0.976739687,0.0,1315
k1052,0.0,0.705213061,0.17425061,0.0,0.0,0.0453,0.0909,0.05,0.976739687,0.0,1206
k1595,0.0,0.705213061,0.0912,0.0,0.0,0.0509,0.0,0.0,0.976739687,0.0,2850
k1460,0.0,0.558087494,0.0,0.0,0.0,0.0638,0.0,0.0,0.976739687,0.0,3290
k519,0.0,0.705213061,0.0574,0.0,0.0,0.0319,0.0,0.0,0.976739687,0.0,193
k1169,0.0,0.737991679,0.0,0.0,0.0,0.0,0.0909,0.0,0.976739687,0.0,1750
k1179,0.0,0.593576652,0.0,0.0,0.0,0.0638,0.0909,0.0,0.976739687,0.0263,1776
k261,0.0,0.556826778,0.0379,0.0,0.0,0.0772,0.0,0.0,0.976739687,0.0,3153
k1696,0.0,0.705213061,0.0,0.0,0.0,0.0377,0.0,0.0,0.976739687,0.0,2668
k631,0.0,0.705213061,0.0,0.0,0.0,0.0,0.272727273,0.0,0.976739687,0.0,494
k49,0.0,0.617025971,0.0785,0.0714,0.0667,0.160262304,0.136363636,0.125,0.92767757,0.105263158,2818
k2103,0.0,0.705213061,0.156784496,0.0,0.0,0.0874,0.181818182,0.0,0.976739687,0.0789,2939
k516,0.0,0.705213061,0.0,0.0,0.0,0.0,0.0909,0.0,0.976739687,0.0,3193
k315,0.0,0.705213061,0.0574,0.0,0.0,0.0319,0.0,0.0,0.976739687,0.0,83
k1043,0.0,0.656691251,0.114722853,0.0,0.0,0.0957,0.0,0.0,0.976739687,0.0,2123
k938,0.0,0.782542234,0.0,0.0,0.0,0.0,0.0,0.0,0.976739687,0.0,3295
k448,0.0,0.705213061,0.0574,0.0,0.0,0.0319,0.0,0.0,0.976739687,0.0,1252
k3413,0.0,0.705213061,0.28074815,0.0,0.0,0.201941868,0.0,0.0,0.976739687,0.0789,802
k1832,0.0,0.54327408,0.114722853,0.214285714,0.0667,0.19146242,0.0,0.0,0.942459456,0.0526,3114
k3258,0.0,0.601235502,0.0574,0.0,0.0,0.0957,0.136363636,0.0,0.981606319,0.0,2642
k2352,0.0,0.705213061,0.0,0.0,0.0,0.157281998,0.0,0.0,0.976739687,0.0,542
k377,0.0,0.638536939,0.0574,0.0,0.0,0.0638,0.0909,0.0,0.979408445,0.0,3024
k2674,0.0,0.705213061,0.0702,0.0,0.0,0.0417,0.0,0.0,0.976739687,0.0,475
k2209,0.0,0.705213061,0.0,0.0,0.0,0.0118,0.0,0.0,0.976739687,0.0,3185
k1431,0.0,0.729087872,0.0,0.0,0.0,0.0319,0.454545455,0.0,0.976739687,0.0,1777
k644,0.0,0.692385275,0.0379,0.0,0.0,0.0586,0.0455,0.0,0.976739687,0.0263,3375
k2403,0.0,0.600542108,0.0,0.0,0.0,0.0638,0.0,0.025,0.976739687,0.0,1668
k471,0.0,0.686065935,0.0,0.0,0.0,0.0638,0.0,0.0,0.97103183,0.0,779
k2485,0.0,0.705213061,0.227956812,0.0,0.0,0.121504611,0.136363636,0.0,0.976739687,0.0,1078
k1193,0.0,0.705213061,0.0422,0.0,0.0,0.0193,0.227272727,0.0,0.976739687,0.0263,1976
k2722,0.0,0.64348525,0.106482886,0.0,0.0,0.0555,0.227272727,0.0,0.976739687,0.105263158,1889
k99,0.0,0.705213061,0.0,0.0,0.0,0.0319,0.0,0.0,0.976739687,0.0,2317
k2513,0.0,0.705213061,0.114722853,0.0,0.0,0.0638,0.181818182,0.0,0.973656045,0.0,2884
k92,0.0,0.705213061,0.0,0.0,0.0,0.0177,0.0,0.0,0.976739687,0.0,622
k580,0.0,0.705213061,0.0,0.0,0.0,0.0,0.0,0.0,0.976739687,0.0,2766
k1843,0.0,0.705213061,0.114722853,0.0,0.0,0.0772,0.0,0.0,0.976739687,0.0,2020
k3194,0.0,0.705213061,0.26115232,0.0,0.0,0.3080331,0.318181818,0.0,0.976739687,0.0789,2411
k766,0.0,0.555802446,0.0,0.0,0.0,0.127641614,0.0,0.0,0.950127202,0.263157895,1617
k3287,0.0,0.546788326,0.0249,0.0,0.0,0.0697,0.0,0.0,0.952606333,0.0,1472
k2111,0.0,0.705307615,0.0,0.0,0.0,0.0453,0.0,0.0,0.976739687,0.0,728
k1380,0.0,0.630531392,0.0,0.0,0.0,0.0638,0.227272727,0.0,0.976739687,0.0263,236
k1128,0.0,0.713439233,0.0,0.0,0.0,0.0378,0.181818182,0.0,0.976739687,0.0,33
k2214,0.0,0.550223777,0.114722853,0.0,0.0,0.159552008,0.0,0.0,0.926057481,0.0526,1040
k2246,0.0,0.623061649,0.0574,0.0,0.0,0.0638,0.181818182,0.0,0.976739687,0.0,2778
k835,0.0,0.525356152,0.152818562,0.0,0.0,0.172917855,0.636363636,0.075,0.976739687,0.0,2452
k3162,0.0,0.705213061,0.0,0.0,0.0,0.0267,0.0909,0.0,0.976739687,0.0,305
k788,0.0,0.639844932,0.0,0.0,0.0,0.0319,0.0,0.0,0.976739687,0.0,1754
k1985,0.0,0.566487015,0.0574,0.142857143,0.0,0.109097049,0.0,0.0,0.976739687,0.0,2357
k134,0.0,0.635621533,0.0867,0.0,0.0,0.186353525,0.181818182,0.0,0.976739687,0.0526,1124
k1969,0.0,0.705213061,0.0,0.0,0.0,0.0319,0.0,0.0,0.976739687,0.0,3080
k2563,0.0,0.705417927,0.0,0.0,0.0,0.0453,0.0909,0.0,0.970399321,0.0,2481
k172,0.0,0.498376828,0.0,0.0,0.0,0.127641614,0.0,0.0,0.976739687,0.0,2479
k523,0.0,0.612550429,0.0,0.0,0.0,0.0319,0.0,0.0,0.976739687,0.0,2204
k1333,0.0,0.705213061,0.152652076,0.0,0.0,0.0772,0.0,0.0,0.976739687,0.0263,2088
k1527,0.0,0.705213061,0.0,0.0,0.0,0.0134,0.0,0.0,0.976739687,0.0,1320
k1554,0.0,0.705213061,0.0,0.0,0.0,0.0319,0.0,0.0,0.976739687,0.0263,2034
k1646,0.0,0.705213061,0.0574,0.0,0.0,0.0319,0.0,0.0,0.976739687,0.0,1681
k2704,0.0,0.648669945,0.0,0.0,0.0,0.0319,0.0,0.0,0.976739687,0.0,1267
k282,0.0,0.705213061,0.0,0.0,0.0,0.0134,0.0,0.0,0.976739687,0.0,2299
k2972,0.0,0.652688477,0.0,0.0,0.0,0.0736,0.0,0.0,0.976739687,0.0,1699
k2419,0.0,0.393879223,0.286807121,0.785714286,0.2,0.39629068,0.227272727,0.075,0.976739687,0.421052632,1329
k2365,0.0,0.705213061,0.0,0.0,0.0,0.0,0.272727273,0.0,0.976739687,0.0,1384
k1458,0.0,0.545322743,0.0,0.214285714,0.0,0.109097049,0.0,0.0,0.976739687,0.0526,3415
k1524,0.0,0.705213061,0.0,0.0,0.0,0.0,0.0,0.0,0.976739687,0.0,3062
k78,0.0,0.71484178,0.00706,0.0714,0.0,0.0509,0.0,0.0,0.976739687,0.0,968
k2641,0.0,0.705213061,0.118078926,0.0,0.0,0.0818,0.0,0.0,0.976739687,0.0263,3102
k798,0.0,0.705213061,0.0,0.0,0.0,0.0417,0.0,0.0,0.976739687,0.0,517
k299,0.0,0.705213061,0.0,0.0,0.0,0.00589,0.0,0.0,0.98346185,0.0,139
k2243,0.0,0.705213061,0.133219873,0.0,0.0,0.0586,0.0,0.0,0.976739687,0.0,3351
k3335,0.0,0.705213061,0.224385743,0.0,0.0,0.0906,0.0,0.0,0.976739687,0.0263,1346
k1294,0.0,0.705213061,0.065,0.0,0.0,0.0655,0.0,0.0,0.976739687,0.0,3276
k3213,0.0,0.879790721,0.0628,0.0,0.0,0.0326,0.0,0.0,0.976739687,0.0,2798
k790,0.0,0.625677635,0.0,0.0,0.0,0.159062149,0.181818182,0.05,0.976739687,0.0526,2143
k715,0.0,0.685908346,0.00706,0.0,0.0,0.0772,0.0909,0.0,0.976739687,0.0263,2318
k3181,0.0,0.705213061,0.0,0.0,0.0,0.0417,0.0,0.0,0.976739687,0.0,2709
k131,0.0,0.631634518,0.0,0.0,0.0,0.0815,0.0,0.05,0.976739687,0.0526,928
k739,0.0,0.480222516,0.0,0.285714286,0.0,0.133530629,0.0,0.0,0.976739687,0.0,1986
k2456,0.0,0.903303076,0.745698496,0.0,0.0,0.473725428,0.0,0.025,0.964672374,0.394736842,1348
k2829,0.0,0.705213061,0.132666162,0.0,0.0,0.0762,0.409090909,0.0,0.976739687,0.0,2841
k1896,0.0,0.705213061,0.0,0.0,0.0,0.0,0.0,0.0,0.976739687,0.0,2936
k1666,0.0,0.48332703,0.0676,0.0,0.0667,0.109097049,0.0909,0.0,0.976739687,0.0263,145
k1758,0.0,0.620855396,0.0574,0.0,0.0,0.122462886,0.0909,0.0,0.960730962,0.0,774
k3332,0.0,0.705213061,0.0,0.0,0.0,0.0738,0.0,0.0,0.976739687,0.0,1963
k731,0.0,0.602984745,0.0,0.0,0.0,0.147284102,0.0,0.0,0.976739687,0.0263,973
k3264,0.0,0.705213061,0.0379,0.0,0.0,0.0551,0.0,0.0,0.976739687,0.0,2291
k2193,0.0,0.705213061,0.196940032,0.0,0.0,0.127641614,0.0,0.0,0.976739687,0.0,1592
k2851,0.0,0.705213061,0.0379,0.0,0.0,0.0134,0.0,0.0,0.976739687,0.0,797
k229,0.0,0.705213061,0.00706,0.0,0.0,0.0,0.0,0.0,0.976739687,0.0,2464
k2143,0.0,0.671142209,0.0,0.0,0.0,0.120581481,0.0,0.0,0.976739687,0.0,1098
k85,0.0,0.705213061,0.121782672,0.0,0.0,0.146896466,0.0,0.0,0.976739687,0.0,3396
k3289,0.0,0.705213061,0.00706,0.0,0.0,0.0,0.0,0.0,0.976739687,0.0,1798
k989,0.0,0.705213061,0.0628,0.0,0.0,0.0533,0.0,0.0,0.960593515,0.0526,3179
k3334,0.0,0.705213061,0.0574,0.0,0.0,0.0736,0.0,0.0,0.976739687,0.0526,1009
k375,0.0,0.610375693,0.0574,0.0,0.0,0.101620224,0.0,0.0,0.96205325,0.0,1802
k73,0.0,0.705213061,0.0414,0.0,0.0,0.0193,0.0909,0.0,0.976739687,0.0,2780
k25,0.171518137,0.517917927,0.0574,0.285714286,0.0,0.172917855,0.0909,0.0,0.976739687,0.157894737,2337
k3164,0.0,0.705213061,0.0448,0.0,0.0,0.0655,0.0,0.0,0.976739687,0.0526,2309
k1484,0.0,0.56445411,0.140365811,0.0,0.0,0.147284102,0.0,0.0,0.976739687,0.105263158,170
k1301,0.0,0.705213061,0.209244796,0.0,0.0,0.072,0.363636364,0.0,0.976739687,0.0,2352
k1621,0.0,0.570868003,0.0574,0.0714,0.0,0.0957,0.0,0.0,0.95518346,0.0526,1691
k3086,0.0,0.924262481,0.0574,0.0,0.0,0.0319,0.0,0.0,0.976739687,0.0,223
k2145,0.0,0.593954866,0.0,0.0,0.0,0.171485369,0.0455,0.0,0.976739687,0.0,518
k1731,0.0,0.705213061,0.0,0.0,0.0,0.0417,0.0,0.0,0.976739687,0.0,2431
k687,0.119835983,0.625425492,0.0,0.0,0.0,0.0638,0.0,0.0,0.976739687,0.0,2583
k1870,0.0,0.705213061,0.0702,0.0,0.0,0.0417,0.0,0.0,0.976739687,0.0,3148
k565,0.201368674,0.705213061,0.0,0.0,0.0,0.0,0.0,0.0,0.976739687,0.0,1835
k1191,0.0,0.705213061,0.0,0.0,0.0,0.0319,0.0,0.0,0.976739687,0.0,3250
k2423,0.0,0.705213061,0.0,0.0,0.0,0.0,0.0,0.0,0.976739687,0.0,2035
k569,0.0,0.705213061,0.0702,0.0,0.0,0.0835,0.0,0.0,0.976739687,0.0,1584
k119,0.0,0.705213061,0.0574,0.0,0.0,0.0453,0.0,0.0,0.976739687,0.0,1068
k707,0.0,0.608657968,0.0785,0.142857143,0.0667,0.160262304,0.136363636,0.125,0.927342862,0.105263158,2330
k3405,0.0,0.705213061,0.0574,0.0,0.0,0.0319,0.0,0.0,0.975582844,0.0,3023
k2491,0.0,0.705213061,0.0,0.0,0.0,0.0417,0.0,0.0,0.976739687,0.0,1923
k2900,0.0,0.937846697,0.00706,0.0,0.0,0.0,0.0909,0.0,0.976739687,0.0,2995
k2932,0.0,0.705213061,0.0,0.0,0.0,0.0,0.0,0.0,0.976739687,0.0,1686
k2034,0.0,0.660394604,0.0,0.0,0.0,0.0736,0.136363636,0.0,0.976739687,0.0,1166
k1768,0.0,0.64468293,0.0,0.0,0.0,0.0957,0.0,0.0,0.957828036,0.0263,1291
k2575,0.0,0.579267524,0.0,0.0,0.0,0.13746286,0.0455,0.0,0.976739687,0.0,1302
k3382,0.0,0.705213061,0.0249,0.0,0.0,0.0,0.0909,0.0,0.976739687,0.0,1229
k1450,0.0,0.705213061,0.0801,0.0,0.0,0.0267,0.0,0.0,0.976739687,0.0,3002
k689,0.0,0.705213061,0.0717,0.0,0.0,0.0134,0.0,0.0,0.976739687,0.0,73
k2007,0.244696037,0.536198311,0.0,0.0,0.0,0.0638,0.0,0.0,0.976739687,0.0,3065
k538,0.0,0.705213061,0.0,0.0,0.0,0.0417,0.181818182,0.0,0.979380446,0.0,2473
k1446,0.0,0.960949319,0.0644,0.0,0.0,0.0319,0.0,0.0,0.988893541,0.0,130
k2928,0.0,0.705213061,0.131928727,0.0,0.0,0.107509248,0.181818182,0.0,0.976739687,0.0526,206
k374,0.0,0.705213061,0.00706,0.0,0.0,0.0,0.0,0.0,0.976739687,0.0,3209
k2474,0.0,0.705213061,0.0953,0.0,0.0,0.0453,0.181818182,0.0,0.976739687,0.0,2679
k1719,0.0,0.705213061,0.117525213,0.0,0.0,0.0965,0.0455,0.0,0.976739687,0.0526,302
k3273,0.0,0.658093797,0.0,0.0,0.0,0.0319,0.272727273,0.0,0.964277851,0.0,1587
k3308,0.0,0.705213061,0.101413329,0.0,0.0,0.0,0.0,0.0,0.918832619,0.0,2696
k1261,0.0,0.705213061,0.0,0.0,0.0,0.00589,0.0,0.0,0.976739687,0.0,1810
k2721,0.0,0.635274836,0.0,0.0,0.0,0.0638,0.0909,0.0,0.976739687,0.105263158,603
k1908,0.0,0.64528177,0.0379,0.0,0.0,0.0453,0.227272727,0.0,0.976739687,0.0,3143
k2070,0.0,0.705213061,0.0,0.0,0.0,0.0,0.363636364,0.0,0.976739687,0.0,3291
k2548,0.0,0.532479198,0.128842489,0.285714286,0.0,0.255283229,0.0909,0.15,0.976739687,0.105263158,89
k3244,0.0,0.705213061,0.0,0.0,0.0,0.0134,0.0,0.0,0.976739687,0.0,346
k1135,0.0,0.705213061,0.23280177,0.0,0.0,0.151539,0.0455,0.0,0.976739687,0.0,363
k591,0.0,0.705213061,0.0717,0.0,0.0,0.0134,0.0,0.0,0.976739687,0.0,313
k2086,0.0,0.705213061,0.0,0.0,0.0,0.0753,0.0909,0.0,0.976739687,0.0,1633
k1257,0.0,0.705213061,0.0,0.0,0.0,0.0,0.0,0.0,0.976739687,0.0,2046
k235,0.0,0.55438414,0.344168554,0.0,0.0,0.319104007,0.454545455,0.0,0.976739687,0.236842105,1998
k1323,0.0,0.554557489,0.0,0.0,0.0,0.0638,0.0,0.0,0.976739687,0.0,3165
k3107,0.0,0.592126828,0.0,0.0,0.0,0.146325827,0.0,0.0,0.976739687,0.0,2178
k2682,0.0,0.632989788,0.0377,0.0,0.0,0.094,0.0,0.0,0.976739687,0.0,232
k2996,0.0,0.913782779,0.0,0.0,0.0,0.0118,0.0,0.0,0.976739687,0.0,2296
k1799,0.0,0.705213061,0.114722853,0.0,0.0,0.0638,0.0909,0.0,0.976739687,0.0,75
k1907,0.0,0.715235754,0.0,0.0714,0.0,0.0643,0.0455,0.0,0.976739687,0.0,1673
k2183,0.0,0.603678139,0.0497,0.0,0.0,0.109097049,0.181818182,0.0,0.976739687,0.0,1117
k100,0.0,0.705213061,0.0574,0.0,0.0,0.0453,0.227272727,0.0,0.976739687,0.0,1039
k3252,0.0,0.617750883,0.045,0.214285714,0.0667,0.222836623,0.0,0.0,0.976739687,0.105263158,3122
k207,0.0,0.648370524,0.0444,0.0,0.0,0.086,0.0,0.0,0.976739687,0.0,1770
k1806,0.0,0.705213061,0.0,0.0,0.0,0.0134,0.0,0.0,0.976739687,0.0,3346
k1087,0.0,0.705213061,0.00706,0.0,0.0,0.0,0.0,0.0,0.976739687,0.0,832
k215,0.0,0.705213061,0.0953,0.0,0.0,0.0453,0.0,0.0,0.976739687,0.0,1362
k1707,0.0,0.690982728,0.0,0.0,0.0,0.0319,0.0,0.0,0.976739687,0.0,3319
k2693,0.0,0.705213061,0.0753,0.0,0.0,0.0561,0.0,0.0,0.976739687,0.0,557
k1980,0.0582,0.705213061,0.0,0.0,0.0,0.0,0.0,0.0,0.976739687,0.0,1138
k2979,0.0,0.705213061,0.0,0.0,0.0,0.00589,0.0,0.0,0.988030681,0.0,599
k466,0.0,0.475037821,0.0,0.0,0.0,0.0638,0.0,0.0,0.949165075,0.0,2445
k1069,0.146271832,0.705213061,0.0,0.0,0.0,0.0,0.0909,0.0,0.976739687,0.0,2678
k3319,0.0,0.705213061,0.0,0.0,0.0,0.00589,0.0,0.0,0.976925495,0.0,3317
k3184,0.0,0.705213061,0.0711,0.0,0.0,0.124589088,0.181818182,0.0,0.976739687,0.0,127
k28,0.0,0.705213061,0.0,0.0,0.0,0.0753,0.0,0.0,0.976739687,0.0,3151
k3054,0.0,0.94140822,0.00706,0.0,0.0,0.0,0.0455,0.0,0.976739687,0.0,3297
k2859,0.0,0.612487393,0.0,0.0,0.0,0.0638,0.0,0.0,0.971860329,0.0,3404
k2976,0.0,0.705213061,0.0897,0.0,0.0,0.126323686,0.0,0.0,0.976739687,0.0,519
k0,0.0,0.58774584,0.0,0.0,0.0,0.0736,0.0,0.0,0.976739687,0.0,2522
k1490,0.0,0.705213061,0.0,0.0,0.0,0.0,0.136363636,0.0,0.976739687,0.0,3109
k3111,0.0,0.681480081,0.0,0.0,0.0,0.0453,0.0909,0.0,0.976739687,0.0,2412
k1702,0.0,0.829157211,0.0574,0.0,0.0,0.0643,0.0,0.0,0.9544695,0.0,3405
k608,0.0,0.632406707,0.0249,0.0,0.0,0.0378,0.0455,0.0,0.976739687,0.0,1527
k1477,0.0,0.600652421,0.0574,0.0,0.0,0.0957,0.0,0.025,0.976739687,0.0,286
k2679,0.0,0.569229072,0.0,0.0,0.0,0.0638,0.0,0.0,0.976739687,0.0,1220
k2497,0.0,0.705213061,0.114722853,0.0,0.0,0.0638,0.0,0.0,0.976739687,0.0,329
k958,0.0,0.709972264,0.0497,0.0,0.0,0.0437,0.0,0.0,0.976739687,0.0,1877
k3011,0.0,0.697916667,0.0,0.0,0.0,0.0319,0.0,0.0,0.976739687,0.0,2355
k3195,0.0,0.557283787,0.11401957,0.0,0.0,0.0992,0.0,0.0,0.968332529,0.0,2249
k2098,0.0,0.705213061,0.0,0.0,0.0,0.00589,0.0,0.0,0.976739687,0.0,2578
k2864,0.0,0.510038452,0.105143899,0.5,0.333333333,0.523396081,0.0455,1.0,0.976739687,0.473684211,2821
k3019,0.0,0.705213061,0.0379,0.0,0.0,0.0251,0.0,0.0,0.976739687,0.0,609
k2822,0.0,0.649111195,0.0,0.0,0.0,0.0957,0.136363636,0.0,0.968053818,0.0,1736
k1024,0.0,0.616096193,0.0822,0.0,0.0,0.0638,0.181818182,0.0,0.976739687,0.0,1321
k16,0.0,0.705213061,0.0,0.0,0.0,0.0,0.0455,0.0,0.976739687,0.0,2181
k54,0.0,0.701635779,0.0671,0.0,0.0,0.0512,0.181818182,0.0,0.970217331,0.0263,7
k443,0.0,0.621139057,0.0,0.0,0.0,0.087,0.0,0.0,0.976739687,0.0,2185
k1224,0.109689879,0.7223588,0.0,0.0,0.0,0.0319,0.0,0.0,0.976739687,0.0,2756
k2561,0.0,0.606987519,0.0,0.0,0.0,0.219493668,0.0,0.0,0.976739687,0.0,1075
k2436,0.0,0.705213061,0.0,0.0,0.0,0.034,0.0,0.0,0.976739687,0.0,1382
k2038,0.0,0.705213061,0.0,0.0,0.0,0.0134,0.0,0.0,0.976739687,0.0,331
k3212,0.0,0.644194402,0.165473548,0.0,0.0,0.124807316,0.0455,0.0,0.976739687,0.0526,584
k3340,0.0,0.705213061,0.114722853,0.0,0.0,0.0638,0.0,0.0,0.976739687,0.0263,1794
k1511,0.0,0.705213061,0.0574,0.0,0.0,0.0319,0.0,0.0,0.976739687,0.0,421
k757,0.0,0.642193016,0.0,0.0,0.0,0.0736,0.0,0.0,0.976739687,0.0,810
k472,0.0,0.705213061,0.0379,0.0,0.0,0.0872,0.0,0.0,0.976739687,0.0,3326
k684,0.0,0.705213061,0.0518,0.0,0.0,0.112957849,0.0,0.0,0.976739687,0.0,1189
k2720,0.0,0.705213061,0.30423998,0.0,0.0,0.0,0.0,0.0,0.652369238,0.157894737,2655
k2600,0.0,0.816313666,0.0,0.0,0.0,0.0638,0.0,0.0,0.980018046,0.0263,1456
k76,0.0,0.705213061,0.33651864,0.0,0.0667,0.20324045,0.0909,0.0,0.976739687,0.131578947,2248
k501,0.0,0.705213061,0.0,0.0,0.0,0.00589,0.0,0.0,0.981556686,0.0,2016
k3097,0.0,0.705213061,0.058,0.0,0.0,0.0714,0.0,0.0,0.976739687,0.0,1792
k3051,0.0,0.91811649,0.458891421,0.0,0.0,0.302395366,0.0,0.0,0.973500781,0.263157895,598
k242,0.0,0.580796142,0.0574,0.0,0.0,0.103724973,0.0,0.0,0.976739687,0.0,3273
k615,0.0,0.656313036,0.013,0.0,0.0,0.0592,0.0455,0.0,0.976739687,0.0,3164
k194,0.0,0.705213061,0.0702,0.0,0.0,0.0417,0.0,0.0,0.976739687,0.0,2874
k1173,0.0,0.588612582,0.0414,0.0,0.0,0.165857721,0.0909,0.0,0.976739687,0.105263158,1017
k336,0.0,0.628372416,0.0,0.0,0.0,0.0718,0.0,0.0,0.976739687,0.0,1670
k2188,0.0,0.529390444,0.114722853,0.0,0.0,0.169373253,0.0,0.0,0.959107054,0.0,753
k3251,0.0,0.705213061,0.0,0.0,0.0,0.0319,0.0,0.0,0.976739687,0.0,1602
k889,0.0,0.705213061,0.045,0.0,0.0,0.10766456,0.0455,0.0,0.976739687,0.0526,1817
k3362,0.0,0.705213061,0.0702,0.0,0.0,0.0417,0.0,0.0,0.976739687,0.0,2273
k878,0.0,0.53755358,0.0,0.142857143,0.0,0.0638,0.181818182,0.0,0.976739687,0.0,3224
k2292,0.0,0.705213061,0.0,0.0,0.0,0.0,0.0,0.0,0.976739687,0.0,888
k2780,0.0,0.682457136,0.0379,0.0,0.0,0.0586,0.0,0.0,0.976739687,0.0,2021
k828,0.0,0.705213061,0.0,0.0,0.0,0.0458,0.0,0.0,0.976739687,0.0263,735
k1475,0.449353448,0.705213061,0.169022214,0.0,0.0,0.00589,0.0,0.0,0.913789088,0.157894737,582
k3430,0.0,0.705213061,0.114722853,0.0,0.0,0.0638,0.0,0.0,0.976739687,0.0526,1967
k2664,0.0,0.705213061,0.058,0.0,0.0,0.0714,0.0,0.0,0.976739687,0.0789,3007
k1930,0.0,0.705213061,0.0,0.0,0.0,0.0319,0.0,0.0,0.976739687,0.0,41
k922,0.0,0.705213061,0.0,0.0,0.0,0.0718,0.0,0.0,0.976739687,0.0,3196
k3136,0.0,0.682929904,0.0,0.0,0.0,0.0638,0.0,0.0,0.976739687,0.0,2606
k75,0.0,0.705213061,0.0,0.0,0.0,0.0,0.0,0.0,0.976739687,0.0,2834
k2428,0.33700459,0.705213061,0.0,0.0,0.0,0.0,0.0,0.0,0.976739687,0.0,17
k1725,0.0,0.705213061,0.0,0.0,0.0,0.0,0.181818182,0.0,0.976739687,0.0,2929
k1654,0.0,0.717457766,0.0,0.0,0.0,0.16692659,0.181818182,0.0,0.976739687,0.0,2042
k2149,0.0,0.554021684,0.0,0.0,0.0,0.105552454,0.0,0.0,0.976739687,0.0,3340
k3302,0.0,0.705213061,0.126269088,0.0,0.0,0.0319,0.0,0.0,0.918471185,0.157894737,2242
k1286,0.0,0.705213061,0.0,0.0,0.0,0.0869,0.0909,0.0,0.976739687,0.0,3349
k1473,0.0,0.626544377,0.0,0.0,0.0,0.0638,0.0,0.0,0.976739687,0.105263158,3279
k2445,0.0,0.705213061,0.0422,0.0,0.0,0.0906,0.0,0.0,0.976739687,0.0,1688
k355,0.0,0.696041351,0.0,0.0,0.0,0.0638,0.0,0.0,0.976739687,0.0263,137
k1308,0.0,0.705213061,0.144042121,0.0714,0.0,0.0886,0.136363636,0.025,0.976739687,0.0,1534
k2824,0.0,0.705213061,0.100160495,0.0,0.0,0.0443,0.0,0.0,0.976739687,0.0,1026
k1408,0.0,0.705213061,0.114722853,0.0,0.0,0.0638,0.0909,0.0,0.974812888,0.0,2664
k524,0.0,0.705213061,0.0822,0.0,0.0,0.0378,0.0,0.0,0.976739687,0.0,1343
k2506,0.0,0.567322239,0.0,0.0,0.0,0.0638,0.0,0.0,0.976739687,0.0,2076
k2411,0.0,0.664618003,0.0,0.0,0.0,0.0772,0.0455,0.0,0.976739687,0.0,1713
k3255,0.0,0.705213061,0.19002758,0.0,0.0,0.108138774,0.0,0.0,0.976739687,0.0263,1477
k2553,0.0,0.671410111,0.0,0.0,0.0,0.167940765,0.0,0.0,0.976739687,0.0,1006
k1599,0.0,0.635432426,0.095,0.0,0.0,0.0736,0.227272727,0.025,0.972729552,0.0526,2302
k391,0.0,0.705213061,0.0574,0.0,0.0,0.0319,0.0,0.0,0.976739687,0.0,3343
k1225,0.0,0.705213061,0.0,0.0,0.0,0.0,0.0,0.0,0.976739687,0.0,1841
k733,0.0,0.705213061,0.0698,0.0,0.0,0.0193,0.272727273,0.0,0.976739687,0.0263,613
k2384,0.0,0.660725542,0.0574,0.0,0.0,0.141007452,0.0,0.0,0.976739687,0.0,2134
k1856,0.0,0.641468104,0.0,0.0,0.0,0.0638,0.181818182,0.0,0.976739687,0.105263158,253
k1638,0.0,0.548206631,0.172084273,0.142857143,0.0,0.146896466,0.0455,0.0,0.919318773,0.0526,28
k1526,0.0,0.705213061,0.0379,0.0,0.0,0.0685,0.0,0.0,0.976739687,0.0,1208
k1644,0.105743395,0.705213061,0.0,0.0,0.0,0.0,0.0,0.0,0.960498066,0.0,2658
k2547,0.0,0.705213061,0.114722853,0.0,0.0,0.0697,0.0909,0.0,0.976739687,0.0,544
k469,0.0,0.65429589,0.0,0.0,0.0,0.0319,0.0,0.0,0.976739687,0.0,2674
k1347,0.0,0.71484178,0.0,0.0714,0.0,0.0643,0.0455,0.0,0.976739687,0.0,2075
k983,0.186408419,0.705213061,0.0,0.0,0.0,0.0,0.0,0.0,0.976739687,0.0,2989
k2366,0.0,0.705213061,0.0628,0.0,0.0,0.0193,0.0,0.0,0.976739687,0.0,3191
k891,0.0,0.705213061,0.0702,0.0,0.0,0.0417,0.0,0.0,0.976739687,0.0,927
k218,0.0,0.705213061,0.11378767,0.0,0.0,0.0952,0.0,0.0,0.976739687,0.0,1257
k2599,0.0,0.705213061,0.0379,0.0,0.0,0.0533,0.0,0.0,0.976739687,0.0263,2550
k651,0.0,0.635905194,0.280731632,0.0,0.0,0.16692659,0.0,0.0,0.976739687,0.105263158,1070
k2614,0.0,0.643753152,0.0,0.0,0.0,0.0718,0.0,0.0,0.976739687,0.0,955
k1755,0.0,0.705213061,0.0822,0.0,0.0,0.0378,0.0455,0.0,0.975833557,0.0263,2171
k1679,0.0,0.705213061,0.0,0.0,0.0,0.00589,0.0,0.0,0.976739687,0.0,2640
k1820,0.0,0.674908598,0.0,0.0,0.0,0.0957,0.0,0.05,0.9614971,0.0263,106
k578,0.0,0.689926878,0.0,0.0,0.0,0.0906,0.0,0.0,0.976739687,0.0263,894
k571,0.0,0.705213061,0.0497,0.0,0.0,0.0294,0.0909,0.0,0.976739687,0.0,862
k530,0.0,0.705213061,0.0702,0.0,0.0,0.0417,0.0,0.0,0.976739687,0.0,3370
k1934,0.0,0.747494327,0.114722853,0.0,0.0,0.0957,0.272727273,0.0,0.962259421,0.0263,1025
k2471,0.0,0.705213061,0.0,0.0,0.0,0.0926,0.0,0.0,0.976739687,0.0,1015
k1426,0.0,0.705213061,0.210013496,0.0,0.0,0.109097049,0.0,0.0,0.976739687,0.0789,1171
k1481,0.0,0.68690116,0.0379,0.0,0.0,0.0586,0.0909,0.0,0.976739687,0.0,3068
k234,0.0,0.687090267,0.0,0.0,0.0,0.0319,0.0,0.025,0.988366662,0.0,2168
k1688,0.0,0.705213061,0.0377,0.0,0.0,0.0958,0.0,0.0,0.976739687,0.0,42
k628,0.0,0.493948563,0.0249,0.214285714,0.0,0.17880687,0.0455,0.0,0.976739687,0.0526,3204
k3114,0.143892745,0.705213061,0.0,0.0,0.0,0.0,0.0909,0.0,0.976739687,0.0,967
k395,0.0,0.674341276,0.0,0.0,0.0,0.0638,0.0,0.0,0.976739687,0.0,2793
k517,0.0,0.678832577,0.0379,0.0,0.0,0.0852,0.727272727,0.0,0.961115304,0.0263,2207
k649,0.0,0.705213061,0.0,0.0,0.0,0.0,0.0,0.0,0.976739687,0.0,878
k583,0.0,0.742593293,0.00706,0.0,0.0,0.0319,0.0,0.0,0.976739687,0.0,859
k714,0.0,0.520297529,0.0953,0.142857143,0.0,0.154373289,0.136363636,0.0,0.976739687,0.0526,2004
k2499,0.0,0.640695915,0.0249,0.0,0.0,0.0772,0.0455,0.0,0.976739687,0.0263,2323
k1456,0.0,0.705213061,0.0,0.0,0.0,0.147637393,0.0,0.0,0.976739687,0.0,950
k2841,0.0,0.533708396,0.0249,0.142857143,0.0,0.114986071,0.0455,0.0,0.976739687,0.0526,512
k351,0.0,0.717063792,0.0,0.0,0.0,0.0319,0.0909,0.0,0.976739687,0.0,2093
k1885,0.0,0.650371911,0.0,0.0,0.0,0.0957,0.0,0.0,0.9621347,0.0263,1520
k47,0.0,0.807110439,0.0644,0.0714,0.0,0.095,0.0,0.0,0.976547516,0.0263,2140
k3337,0.0,0.705213061,0.0379,0.0,0.0,0.10766456,0.272727273,0.0,0.976739687,0.0,2001
k1537,0.0,0.705008195,0.0,0.0,0.0,0.0319,0.0,0.0,0.976739687,0.0,2111
k42,0.0,0.638899395,0.139578615,0.0,0.0,0.0957,0.227272727,0.0,0.961156029,0.0,891
k1711,0.0,0.705213061,0.0574,0.0,0.0,0.0319,0.0,0.0,0.976739687,0.0,2096
k487,0.0,0.705213061,0.0,0.0,0.0,0.0319,0.0,0.0,0.976739687,0.0,414
k2978,0.0,0.705213061,0.0249,0.0,0.0,0.00589,0.0,0.0,0.976739687,0.0,1469
k2107,0.0,0.705213061,0.0,0.0,0.0,0.00589,0.0,0.0,0.976739687,0.0,1278
k1119,0.0,0.487881367,0.23650552,0.571428571,0.0,0.328925256,0.0909,0.0,0.91312349,0.342105263,2569
k2176,0.0,0.705213061,0.0822,0.0,0.0,0.0512,0.0,0.0,0.976919132,0.0,942
k335,0.0,0.550854135,0.094,0.0,0.0,0.101201785,0.181818182,0.0,0.976739687,0.0526,2867
k507,0.0,0.694827912,0.00706,0.0,0.0,0.100373735,0.0455,0.0,0.976739687,0.0263,2050
k2803,0.0,0.920180913,0.523312641,0.0,0.133333333,0.322527733,0.0,0.0,0.981277975,0.315789474,2637
k2688,0.0,0.705213061,0.0574,0.0,0.0,0.0319,0.0,0.0,0.976739687,0.0,3272
k1242,0.0,0.705213061,0.0759,0.0,0.0,0.0267,0.0,0.0,0.976739687,0.0,25
k3422,0.0,0.666540595,0.0,0.0,0.0,0.0319,0.0,0.0,0.976739687,0.0,2777
k2231,0.0,0.676799672,0.0746,0.0,0.0,0.0874,0.0,0.0,0.957294794,0.0526,2361
k1407,0.0,0.705213061,0.106482886,0.0,0.0,0.0369,0.227272727,0.0,0.976739687,0.0526,2771
k1590,0.0,0.747935577,0.0,0.0,0.0,0.0638,0.0,0.6,0.977767992,0.0,785
k2273,0.0,0.705213061,0.114722853,0.0,0.0,0.0638,0.0909,0.0,0.976739687,0.0,2376
k2657,0.0,0.705213061,0.172084273,0.0,0.0,0.0957,0.0,0.0,0.976739687,0.0,1327
k3066,0.0,0.705213061,0.0409,0.0,0.0,0.0831,0.0,0.0,0.976739687,0.0526,595
k2509,0.0,0.486273954,0.156784496,0.285714286,0.0,0.235150863,0.0,0.2,0.976739687,0.105263158,2089
k2610,0.0,0.705213061,0.0711,0.0,0.0,0.124589088,0.181818182,0.0,0.976739687,0.0,212
k1821,0.0,0.681684947,0.113233959,0.0,0.0,0.102960045,0.136363636,0.0,0.976739687,0.0263,497
k814,0.0,0.705213061,0.114722853,0.0,0.0,0.0638,0.0,0.0,0.976739687,0.0,910
k1712,0.0,0.658330182,0.0,0.0,0.0,0.0319,0.0,0.0,0.976739687,0.0,1173
k425,0.0,0.695253404,0.0379,0.0,0.0,0.072,0.181818182,0.0,0.976739687,0.0,698
k3122,0.0,0.558686334,0.125016264,0.0,0.0,0.228055575,0.0909,0.1,0.976739687,0.0,2584
k2047,0.0,0.705213061,0.0,0.0,0.0,0.00589,0.0,0.0,0.976739687,0.0,899
k1414,0.0,0.687941251,0.107072957,0.0,0.0,0.0756,0.0,0.0,0.976739687,0.0526,1048
k1530,0.0,0.666650908,0.114722853,0.0,0.0,0.109097049,0.0455,0.0,0.976739687,0.0,1031
k1153,0.0,0.5276412,0.0,0.0,0.0,0.127641614,0.0,0.0,0.976739687,0.0,1768
k2891,0.0,0.705213061,0.179144089,0.0,0.0,0.0957,0.0,0.0,0.976739687,0.0,1734
k1346,0.10367219,0.705213061,0.0249,0.0,0.0,0.00589,0.0,0.0,0.976739687,0.0,2149
k528,0.0,0.548994579,0.0249,0.0,0.0,0.0697,0.0,0.0,0.976739687,0.0,3270
k2342,0.176626176,0.705213061,0.0,0.0,0.0,0.0,0.0,0.0,0.978087429,0.0,3174
k107,0.0,0.705213061,0.0574,0.0,0.0,0.0437,0.0,0.0,0.976739687,0.0,2201
k3075,0.0,0.705213061,0.184481355,0.214285714,0.0,0.189186217,0.363636364,0.0,0.976739687,0.0789,142
k2635,0.0913,0.705213061,0.0702,0.0,0.0,0.0417,0.0,0.0,0.976739687,0.0,528
k3406,0.0,0.705213061,0.0,0.0,0.0,0.0417,0.0,0.0,0.976739687,0.0,2209
k2990,0.0,0.705213061,0.0574,0.0,0.0,0.0319,0.0,0.0,0.976739687,0.0,2953
k777,0.0,0.705213061,0.0574,0.0,0.0,0.0319,0.0,0.0,0.976739687,0.0,659
k2805,0.0,0.527909102,0.344168554,0.0,0.0,0.382924831,0.181818182,0.0,0.913549829,0.447368421,276
k541,0.0,0.705213061,0.0,0.0,0.0,0.0,0.0,0.0,0.976739687,0.0,366
k329,0.0,0.699382249,0.0822,0.0,0.0,0.0964,0.0455,0.0,0.976739687,0.0,408
k449,0.0,0.549026097,0.0,0.142857143,0.0,0.109097049,0.0,0.0,0.969215752,0.0526,2744
k2770,0.0,0.705213061,0.113233959,0.0,0.0,0.0577,0.0,0.0,0.976739687,0.0263,649
k3030,0.0,0.659165406,0.0,0.0,0.0,0.0319,0.0455,0.0,0.976739687,0.0,3321
k1158,0.0,0.705213061,0.0756,0.0,0.0,0.0754,0.0,0.0,0.976739687,0.0,2227
k3318,0.0,0.910583712,0.0,0.0,0.0,0.0324,0.0455,0.0,0.976739687,0.0,2975
k2335,0.0,0.705213061,0.418674269,0.0,0.0,0.390150473,0.545454545,0.2,0.976739687,0.157894737,1549
k645,0.0,0.49654879,0.0994,0.0,0.0,0.0874,0.0909,0.0,0.976739687,0.0526,2339
k1147,0.0,0.920196672,0.0,0.0,0.0,0.0319,0.0,0.0,0.976739687,0.0,3221
k3323,0.0,0.650765885,0.0574,0.0,0.0,0.0638,0.0455,0.0,0.976739687,0.0,2216
k3091,0.0,0.705213061,0.0343,0.0,0.0,0.230329085,0.0,0.0,0.976739687,0.0,1230
k1448,0.0,0.819024206,0.0379,0.0,0.0,0.0401,0.0,0.0,0.976739687,0.0,3234
k2649,0.0,0.705213061,0.0,0.0,0.0,0.0,0.0,0.0,0.976739687,0.0,889
k1943,0.0,0.705213061,0.0,0.0,0.0,0.0,0.0,0.0,0.976739687,0.0,353
k867,0.0,0.705213061,0.132666162,0.0,0.0,0.0762,0.227272727,0.0,0.976739687,0.0,1924
k44,0.0,0.705213061,0.0,0.0,0.0,0.0,0.0,0.0,0.976739687,0.0,1263
k2775,0.0,0.705213061,0.0,0.0,0.0,0.0,0.0,0.0,0.976739687,0.0,3189
k2882,0.0,0.625693394,0.013,0.0,0.0,0.103724973,0.0,0.0,0.976739687,0.0,211
k2314,0.0,0.46168999,0.216587499,0.285714286,0.466666667,0.388123879,0.0,0.1,0.976739687,0.105263158,2116
k331,0.0,0.705213061,0.0497,0.0,0.0,0.0,0.0,0.0,0.976739687,0.0526,1486
k2084,0.0,0.759928139,0.0,0.0,0.0,0.0319,0.0909,0.0,0.976739687,0.0,2233
k3272,0.0,0.705213061,0.0,0.0,0.0,0.0505,0.0909,0.0,0.976739687,0.0,13
k1376,0.0,0.554904186,0.0,0.0,0.0,0.0638,0.0,0.0,0.976739687,0.0,3066
k1541,0.0,0.553454362,0.0,0.0,0.0,0.105552454,0.0,0.0,0.976739687,0.0,1142
k2728,0.0,0.65190053,0.013,0.0,0.0,0.113546218,0.0,0.0,0.964878544,0.0263,1771
k169,0.0,0.705213061,0.0702,0.0,0.0,0.0417,0.0,0.0,0.976739687,0.0,2351
k2219,0.0,0.501749244,0.172084273,0.142857143,0.0,0.159552008,0.0,0.0,0.976739687,0.105263158,1763
k1312,0.0,0.705213061,0.045,0.0,0.0,0.0906,0.0,0.0,0.976739687,0.0263,1047
k3344,0.0,0.662002017,0.0,0.0,0.0,0.0378,0.0455,0.0,0.970471862,0.0,2813
k1965,0.0,0.705213061,0.0759,0.0,0.0,0.0906,0.0,0.0,0.976739687,0.0263,1543
k455,0.0,0.705213061,0.0408,0.0,0.0,0.129374615,0.0455,0.0,0.976739687,0.0,1249
k2712,0.0,0.705213061,0.0574,0.0,0.0,0.0319,0.0,0.0,0.976739687,0.0,1614
k317,0.0,0.655603883,0.0,0.0,0.0,0.0319,0.0,0.0,0.976739687,0.0,121
k2092,0.0,0.705213061,0.0702,0.0,0.0,0.0417,0.0,0.0,0.976739687,0.0,57
k1780,0.0,0.705213061,0.140365811,0.0,0.0,0.0835,0.0,0.0,0.976739687,0.0,1487
k288,0.0,0.724265633,0.0,0.0,0.0,0.0319,0.0,0.0,0.976739687,0.0,1645
k203,0.0,0.705213061,0.0759,0.0,0.0,0.0267,0.0,0.0,0.976739687,0.0,1718
k1027,0.0,0.705213061,0.121782672,0.0,0.0,0.146896466,0.0,0.0,0.976739687,0.0,1820
k543,0.0,0.910993444,0.0249,0.0,0.0,0.0193,0.0,0.0,0.977146937,0.0,2933
k3266,0.0,0.653775845,0.0,0.0,0.0,0.0319,0.0,0.0,0.9715638,0.0,2490
k2132,0.0,0.705213061,0.0379,0.0,0.0,0.0134,0.0,0.0,0.976739687,0.0,2375
k732,0.0,0.651018028,0.0,0.0,0.0,0.0319,0.0455,0.0,0.976739687,0.0526,3040
k2558,0.0,0.705213061,0.344168554,0.0,0.0,0.255283229,0.545454545,0.0,0.976739687,0.0263,1609
k2323,0.0,0.705213061,0.0574,0.0,0.0,0.0319,0.0,0.0,0.976739687,0.0,381
k3109,0.0,0.681086107,0.0,0.0,0.0,0.0736,0.0,0.025,0.976739687,0.0,194
k1073,0.205860949,0.705213061,0.0,0.0,0.0,0.0,0.0,0.0,0.976739687,0.0,1265
k2848,0.0,0.705213061,0.0574,0.0,0.0,0.0319,0.0,0.0,0.976739687,0.0,2848
k2383,0.0,0.67322239,0.0822,0.0,0.0,0.0697,0.0909,0.0,0.976739687,0.0,1546
k2313,0.0,0.705213061,0.0574,0.0,0.0,0.0319,0.0,0.0,0.976739687,0.0,2858
k1296,0.0,0.705213061,0.152652076,0.0,0.0,0.0831,0.0,0.0,0.976739687,0.0263,3425
k2707,0.0,0.705213061,0.516252831,0.0,0.0,0.298971664,0.0,0.0,0.976739687,0.210526316,233
k259,0.0,0.705213061,0.152652076,0.0,0.0,0.0772,0.0,0.0,0.976739687,0.0263,845
k2044,0.0,0.705213061,0.0574,0.0,0.0,0.0638,0.0,0.0,0.976739687,0.0,861
k1705,0.0,0.718371785,0.0,0.0,0.0,0.0638,0.0,0.0,0.976739687,0.0263,347
k512,0.0,0.705213061,0.0676,0.0,0.0,0.0,0.0,0.0,0.935820016,0.0,174
k1796,0.0,0.705213061,0.0,0.0,0.0,0.0378,0.0,0.0,0.976739687,0.0,847
k3358,0.0,0.705213061,0.0379,0.0,0.0,0.0134,0.0,0.0,0.976739687,0.0,51
k1274,0.0,0.616568961,0.0574,0.0,0.0,0.0638,0.0,0.0,0.976739687,0.0,2677
k1417,0.181314375,0.705213061,0.0,0.0,0.0,0.0,0.0,0.0,0.976739687,0.0,1390
k74,0.0,0.705213061,0.0422,0.0,0.0,0.0134,0.0,0.0,0.976739687,0.0,1680
k1493,0.0,0.705213061,0.0379,0.0,0.0,0.100550376,0.0909,0.0,0.976739687,0.0,1654
k328,0.0,0.705213061,0.0912,0.0,0.0,0.0319,0.0,0.0,0.976739687,0.0,1046
k1072,0.0,0.653413389,0.0,0.0,0.0,0.0319,0.0,0.0,0.976739687,0.0,1186
k1812,0.0,0.705213061,0.286807121,0.0,0.0,0.19146242,0.0,0.0,0.976739687,0.0789,1515
k1562,0.0,0.705213061,0.0,0.0,0.0,0.0,0.0,0.0,0.976739687,0.0,718
k1046,0.0,0.624322365,0.0,0.0,0.0,0.0957,0.409090909,0.0,0.964711826,0.0,2921
k2998,0.0,0.705213061,0.109176628,0.142857143,0.0,0.186599909,0.0,0.0,0.976739687,0.0,2347
k2665,0.0,0.61343293,0.0,0.0,0.0,0.0638,0.0909,0.0,0.976739687,0.105263158,658
k296,0.0,0.703668684,0.0,0.0,0.0,0.0319,0.0,0.0,0.976739687,0.0,1658
k367,0.0,0.676122037,0.0,0.0,0.0,0.0319,0.0,0.0,0.976739687,0.0,1266
k1888,0.0,0.705213061,0.0,0.0,0.0,0.0,0.0,0.0,0.964562926,0.0,169
k1002,0.0,0.750819465,0.0,0.0,0.0,0.0319,0.0,0.0,0.976739687,0.0,1821
k2141,0.0,0.910221256,0.0,0.0,0.0,0.0324,0.0455,0.0,0.976739687,0.0,1007
k1742,0.109381997,0.710681417,0.0,0.0,0.0,0.0453,0.0,0.0,0.975137415,0.0,2646
k2150,0.0,0.705213061,0.158774746,0.0,0.0,0.087,0.136363636,0.0,0.914777941,0.0,2540
k1248,0.0,0.632501261,0.0,0.0,0.0,0.0319,0.0,0.0,0.976739687,0.0,3168
k79,0.0,0.53711233,0.00343,0.0,0.0,0.139126037,0.0909,0.0,0.976739687,0.0,1224
k463,0.0,0.698736132,0.0,0.0,0.0,0.0453,0.0,0.0,0.976739687,0.0,2030
k1715,0.0,0.705213061,0.0249,0.0,0.0,0.0319,0.0,0.0,0.976739687,0.0,3120
k2158,0.0,0.705213061,0.11378767,0.0,0.0,0.0952,0.0,0.0,0.976739687,0.0,327
k2624,0.0,0.705213061,0.0518,0.142857143,0.0,0.154689497,0.0,0.0,0.976739687,0.0,2007
k48,0.0,0.531580938,0.0,0.285714286,0.0,0.127641614,0.0,0.0,0.976739687,0.0,1444
k1419,0.0,0.798947302,0.0,0.0,0.0,0.100550376,0.181818182,0.0,0.976739687,0.0,1566
k2330,0.0,0.69801122,0.0,0.0,0.0,0.105729095,0.0,0.0,0.976739687,0.0,3013
k2329,0.0,0.87785237,0.114722853,0.0,0.0,0.0638,0.181818182,0.0,0.976739687,0.0,287
k1987,0.0,0.618302446,0.164434376,0.0,0.0,0.139419651,0.0909,0.2,0.972719371,0.0526,72
k2527,0.0,0.727527736,0.0,0.0,0.0,0.0638,0.0,0.0,0.964919269,0.0,247
k2327,0.173421406,0.493491553,0.0676,0.0,0.0,0.105552454,0.0,0.0,0.933739225,0.0526,1395
k1220,0.0,0.411529249,0.0574,0.571428571,0.0,0.223372816,0.0,0.0,0.941889307,0.210526316,2743
k1964,0.0,0.705213061,0.114722853,0.0,0.0,0.0772,0.0,0.0,0.976739687,0.0,1561
k1311,0.0,0.641499622,0.0574,0.0,0.0,0.0638,0.0,0.0,0.976739687,0.0263,2468
k1519,0.0,0.705213061,0.0493,0.0,0.0,0.0772,0.0,0.0,0.976739687,0.0,2462
k1510,0.0,0.705213061,0.193263725,0.0,0.0,0.19146242,0.0,0.0,0.976739687,0.157894737,680
k1343,0.0,0.891278996,0.169857942,0.0,0.0,0.0629,0.0909,0.0,0.976739687,0.105263158,265
k748,0.0,0.561018659,0.0,0.0,0.0,0.0697,0.0,0.0,0.976739687,0.0,1819
k2137,0.0,0.705213061,0.174886649,0.0,0.0,0.122532719,0.0455,0.0,0.976739687,0.0526,2988
k2133,0.0,0.633289208,0.114722853,0.0,0.0,0.0957,0.0,0.0,0.976739687,0.0,2524
k2302,0.0,0.705213061,0.0574,0.0,0.0,0.0762,0.181818182,0.0,0.975841193,0.0,2549
k1319,0.0,0.563571609,0.0,0.0,0.0,0.0957,0.136363636,0.0,0.976739687,0.0,3147
k96,0.0,0.705213061,0.0,0.0,0.0,0.0,0.0,0.0,0.976739687,0.0,3263
k1029,0.0,0.597973399,0.0702,0.0,0.0,0.0736,0.0,0.0,0.976739687,0.0789,706
k902,0.0,0.705213061,0.0759,0.0,0.0,0.0267,0.0,0.0,0.976739687,0.0,3098
k257,0.0,0.573893722,0.0,0.0,0.0,0.0638,0.0,0.0,0.976739687,0.0,2265
k915,0.0,0.705213061,0.0574,0.0,0.0,0.0319,0.0,0.0,0.976739687,0.0,2998
k589,0.0,0.705213061,0.0,0.0,0.0,0.0,0.0,0.0,0.976739687,0.0,2971
k1676,0.0,0.705213061,0.0574,0.0,0.0,0.0736,0.0,0.0,0.976739687,0.0,1091
k932,0.0,0.705213061,0.401529965,0.0,0.0,0.236738654,0.0,0.0,0.952066728,0.105263158,1857
k1642,0.0,0.537695411,0.0,0.0,0.0,0.127641614,0.0,0.0,0.976739687,0.0,2450
k529,0.0,0.705213061,0.0,0.0,0.0,0.0,0.0,0.0,0.985724631,0.0,239
k2357,0.0,0.705213061,0.00343,0.0,0.0,0.117036886,0.0,0.0,0.976739687,0.0,1850
k2646,0.0,0.619752269,0.0141,0.0,0.0,0.154373289,0.0909,0.0,0.976739687,0.105263158,2126
k101,0.0,0.705213061,0.0574,0.0,0.0,0.0319,0.0,0.0,0.976739687,0.0,2764
k1999,0.0,0.69575769,0.0,0.0,0.0,0.0638,0.0455,0.0,0.976739687,0.0263,674
k2899,0.0,0.732491805,0.0518,0.0,0.0,0.112957849,0.0,0.0,0.976739687,0.0,1011
k2196,0.0,0.705213061,0.00706,0.0,0.0,0.0772,0.0,0.0,0.976739687,0.0,2862
k1055,0.0,0.666004791,0.0,0.0,0.0,0.0772,0.0,0.0,0.970693304,0.0,1160
k825,0.0,0.755815053,0.0,0.0,0.0,0.00589,0.0,0.0,0.931607529,0.0,2932
k2579,0.0,0.705213061,0.0759,0.0,0.0,0.0818,0.0,0.0,0.976739687,0.0,2916
k3364,0.0,0.697664523,0.0822,0.0,0.0,0.0697,0.0,0.0,0.976739687,0.0263,903
k1629,0.0,0.705213061,0.0822,0.0,0.0,0.0512,0.0,0.0,0.976739687,0.0,2599
k2067,0.0,0.705213061,0.0,0.0,0.0,0.0319,0.0,0.0,0.976739687,0.0,1461
k1591,0.0,0.67894289,0.0,0.0,0.0,0.0319,0.0,0.0,0.976739687,0.0,1743
k632,0.0,0.705213061,0.0379,0.0,0.0,0.0134,0.181818182,0.0,0.976739687,0.0,2580
k225,0.0,0.857523323,0.0953,0.0,0.0,0.0643,0.181818182,0.0,0.976739687,0.0,3303
k2640,0.0,0.657416162,0.0574,0.0,0.0,0.0957,0.0,0.0,0.957989663,0.0526,1959
k340,0.0,0.705213061,0.0,0.0,0.0,0.0679,0.0,0.0,0.976739687,0.0,789
k639,0.0,0.705213061,0.0,0.0,0.0,0.0736,0.0,0.0,0.976739687,0.0,2715
k1290,0.0,0.786371659,0.0,0.0,0.0,0.0319,0.0,0.0,0.977461283,0.0,1454
k2684,0.0,0.705213061,0.0,0.0,0.0,0.0471,0.0,0.0,0.976739687,0.0,2398
k3062,0.0,0.476314297,0.114722853,0.142857143,0.0,0.186283685,0.0,0.0,0.936715965,0.0526,2747
k2765,0.0,0.51667297,0.0,0.142857143,0.0,0.179194515,0.0,0.0,0.976739687,0.0526,2518
k153,0.0,0.924687973,0.465951231,0.0,0.0,0.290617355,0.0,0.0,0.981905393,0.263157895,505
k1605,0.0,0.705213061,0.0379,0.0,0.0,0.0134,0.181818182,0.0,0.976739687,0.0,3048
k2055,0.0,0.731987519,0.0,0.0,0.0,0.0319,0.0,0.0,0.980749823,0.0,1172
k2604,0.0,0.495508699,0.0587,0.0,0.0,0.143351881,0.0,0.0,0.96702424,0.0526,893
k3268,0.0,0.555833964,0.0,0.0,0.0,0.127641614,0.0,0.0,0.976739687,0.0,1648
k2755,0.0,0.560341024,0.013,0.0,0.0,0.135828723,0.0,0.0,0.976739687,0.0526,3219
k2746,0.0,0.705213061,0.0379,0.0,0.0,0.0685,0.0,0.0,0.976739687,0.0,510
k1183,0.0,0.575973903,0.179144089,0.0,0.0,0.127641614,0.0,0.0,0.95243707,0.0263,2338
k1377,0.0,0.618475794,0.0,0.0,0.0,0.0638,0.0,0.0,0.976739687,0.0,1193
k3343,0.0,0.705213061,0.11378767,0.0,0.0,0.123560818,0.0,0.0,0.976739687,0.0,3353
k2256,0.0,0.705213061,0.0953,0.0,0.0,0.0453,0.0,0.0,0.976739687,0.0,3032
k638,0.0,0.705213061,0.114722853,0.0,0.0,0.0638,0.0,0.0,0.976739687,0.0,670
k246,0.0,0.705213061,0.0822,0.0,0.0,0.0378,0.0,0.0,0.976015547,0.0263,3393
k3159,0.0,0.705213061,0.0,0.0,0.0,0.0417,0.0,0.0,0.976739687,0.0,240
k2221,0.0,0.705213061,0.107072957,0.0,0.0,0.0437,0.0,0.0,0.976739687,0.0263,1366
k655,0.0,0.683103253,0.0,0.0,0.0,0.0638,0.272727273,0.0,0.976739687,0.0,2404
k2879,0.0,0.705213061,0.0,0.0,0.0,0.0134,0.0,0.0,0.976739687,0.0,2729
k941,0.0,0.705213061,0.0,0.0,0.0,0.0,0.0,0.0,0.976739687,0.0,781
k866,0.0,0.517256051,0.0,0.142857143,0.0,0.127641614,0.0,0.0,0.976739687,0.0526,589
k3253,0.0,0.674814044,0.0,0.0,0.0,0.0319,0.181818182,0.0,0.976739687,0.0,3233
k2130,0.0,0.705213061,0.0377,0.0,0.0,0.0621,0.0,0.0,0.976739687,0.0,1418
k1828,0.0,0.623534418,0.0141,0.0,0.0,0.127641614,0.0,0.0,0.976739687,0.0,998
k2703,0.0,0.705213061,0.0445,0.0,0.0,0.0743,0.0909,0.0,0.976739687,0.0,2478
k2769,0.0,0.688177635,0.0,0.0714,0.0,0.0643,0.0,0.0,0.976739687,0.0,201
k1266,0.0,0.526033787,0.0,0.285714286,0.133333333,0.241381177,0.0909,0.0,0.976739687,0.105263158,2981
k3100,0.0,0.705213061,0.0,0.0,0.0,0.0,0.0,0.0,0.976739687,0.0,3344
k3010,0.0,0.705213061,0.0,0.0,0.0,0.0681,0.0,0.0,0.959626298,0.0263,1649
k697,0.0,0.705213061,0.0574,0.0,0.0,0.0319,0.363636364,0.0,0.976739687,0.0,3411
k108,0.0,0.705213061,0.152652076,0.0,0.0,0.0772,0.0,0.0,0.976739687,0.0,1180
k3017,0.0,0.705213061,0.0746,0.0,0.0,0.0437,0.0,0.0,0.976739687,0.0526,2277
k3263,0.0,0.705213061,0.0,0.0,0.0,0.0,0.0,0.0,0.976739687,0.0,132
k980,0.0,0.705213061,0.114722853,0.0,0.0,0.0906,0.0,0.0,0.976739687,0.0,294
k633,0.0,0.557189233,0.0,0.0,0.0,0.105552454,0.0,0.0,0.976739687,0.0,1088
k156,0.0,0.705213061,0.0,0.0,0.0,0.0134,0.227272727,0.0,0.976739687,0.0,2401
k720,0.0,0.71424294,0.172084273,0.0,0.0,0.127641614,0.0,0.0,0.967403491,0.0263,1605
k832,0.101237125,0.705213061,0.0379,0.0,0.0,0.0134,0.0,0.0,0.976739687,0.0,916
k1118,0.0,0.705213061,0.0574,0.0,0.0,0.0319,0.0,0.0,0.976739687,0.0,540
k2148,0.0,0.524442133,0.0,0.0,0.0,0.0638,0.0,0.0,0.976739687,0.0,15
k2897,0.0,0.603268406,0.286807121,0.0,0.0,0.282014903,0.0455,0.0,0.976739687,0.0789,1735
k664,0.0,0.710318961,0.0702,0.0,0.0,0.0417,0.0,0.0,0.976739687,0.0,2182
k1011,0.0,0.705213061,0.0,0.0,0.0,0.0,0.0,0.0,0.976739687,0.0,1162
k2521,0.0,0.705213061,0.152652076,0.0,0.0,0.0831,0.0,0.0,0.976739687,0.0263,708
k2918,0.0,0.705213061,0.0574,0.0,0.0,0.0319,0.0,0.0,0.976739687,0.0,851
k1022,0.0,0.920858548,0.0822,0.0,0.0,0.0512,0.0,0.0,0.976835136,0.0,840
k387,0.0,0.705213061,0.11378767,0.0,0.0,0.0401,0.0,0.0,0.976739687,0.0,274
k2644,0.0,0.705213061,0.0,0.0,0.0,0.0,0.0,0.0,0.976739687,0.0,3416
k3304,0.0,0.705213061,0.0518,0.0,0.0,0.124589088,0.0,0.0,0.976739687,0.0,1414
k2677,0.0,0.705213061,0.114722853,0.0,0.0,0.0638,0.0,0.0,0.976739687,0.0,2108
k3429,0.0,0.679100479,0.0,0.0,0.0,0.0319,0.0,0.025,0.976739687,0.0,1135
k2161,0.0,0.629333712,0.0,0.0,0.0,0.0736,0.0,0.0,0.976739687,0.0,2945
k513,0.0,0.565777862,0.0574,0.142857143,0.0,0.122462886,0.0,0.0,0.976739687,0.0,198
k1204,0.0,0.58593356,0.0,0.0,0.0,0.0638,0.0,0.0,0.976739687,0.0,2348
k862,0.0,0.541840015,0.0379,0.142857143,0.0,0.156717719,0.0909,0.0,0.976739687,0.0789,1565
k1521,0.0,0.602701084,0.172084273,0.0,0.0,0.127641614,0.0455,0.0,0.976739687,0.105263158,2697
k1918,0.0,0.715424861,0.0,0.0,0.0,0.0319,0.0,0.0,0.976739687,0.0,579
k1575,0.0,0.518437973,0.0574,0.0,0.0,0.0957,0.0,0.0,0.976739687,0.0,420
k37,0.0,0.678659228,0.0497,0.0,0.0,0.115696366,0.0909,0.025,0.976739687,0.0,3195
k2895,0.0,0.705213061,0.138089719,0.0,0.0,0.0577,0.0,0.0,0.976739687,0.0,3311
k1195,0.0,0.705213061,0.0822,0.0,0.0,0.0512,0.0455,0.0,0.976739687,0.0,3422
k2850,0.0,0.454913641,0.286807121,0.214285714,0.0,0.255283229,0.0455,0.0,0.947347724,0.157894737,1811
k1973,0.0,0.492672088,0.0513,0.357142857,0.0,0.21176311,0.0,0.0,0.976739687,0.105263158,1554
k3254,0.0,0.705213061,0.114722853,0.0,0.0,0.0697,0.136363636,0.0,0.976739687,0.0,202
k1287,0.0,0.705213061,0.0377,0.0,0.0,0.0621,0.181818182,0.0,0.976739687,0.0526,365
k2408,0.0,0.705213061,0.0,0.0,0.0,0.0417,0.136363636,0.0,0.977944891,0.0,3261
k2446,0.0,0.809253656,0.0746,0.0,0.0,0.0177,0.454545455,0.0,0.976739687,0.0,1071
k2206,0.0,0.628325139,0.0,0.0,0.0,0.0638,0.0,0.0,0.971403446,0.0,1785
k2464,0.0,0.705213061,0.0,0.0,0.0,0.0,0.0,0.0,0.976739687,0.0,1494
k688,0.0,0.705213061,0.159711895,0.0,0.0,0.156717719,0.0,0.0,0.976739687,0.0,2994
k2187,0.0,0.705213061,0.0574,0.0,0.0,0.0319,0.0,0.0,0.976739687,0.0,1359
k542,0.0,0.705213061,0.11378767,0.0,0.0,0.0668,0.0,0.0,0.976739687,0.0,2146
k1614,0.0,0.896715835,0.0,0.0,0.0,0.0,0.0,0.6,0.976739687,0.0,496
k1932,0.0,0.705213061,0.075,0.0,0.0,0.0753,0.0,0.0,0.976739687,0.0,2196
k3275,0.0,0.705213061,0.0574,0.0,0.0,0.0736,0.0,0.0,0.976739687,0.0,23
k3246,0.0,0.653334594,0.0,0.0,0.0,0.147284102,0.0,0.0,0.976739687,0.0,854
k3040,0.0,0.705213061,0.101413329,0.0,0.0,0.0417,0.0,0.0,0.920259265,0.0,1788
k1243,0.0,0.705213061,0.00678,0.0,0.0,0.0505,0.181818182,0.0,0.976739687,0.0,1455
k302,0.231737013,0.468466339,0.135217771,0.0,0.0,0.105552454,0.0,0.0,0.922740942,0.0526,3206
k3200,0.0,0.629239158,0.00343,0.0,0.0,0.126209117,0.0,0.0,0.976739687,0.0,1954
k966,0.0,0.742561775,0.0249,0.0,0.0,0.0378,0.136363636,0.0,0.976739687,0.0263,2926
k1013,0.0,0.63281644,0.0829,0.0,0.0,0.164194534,0.181818182,0.0,0.976739687,0.0,1400
k1558,0.0,0.601519163,0.205888714,0.142857143,0.0,0.159552008,0.0,0.0,0.902009395,0.0263,69
k864,0.0,0.705213061,0.0574,0.0,0.0,0.0319,0.0,0.0,0.976739687,0.0,1479
k248,0.0,0.693866616,0.0,0.0,0.0,0.0319,0.0,0.275,0.98025476,0.0,1204
k1389,0.0,0.705213061,0.0759,0.0,0.0,0.11019498,0.0,0.0,0.976739687,0.0,3337
k819,0.0,0.476014876,0.196940032,0.0714,0.0,0.171330054,0.318181818,0.025,0.976739687,0.131578947,2782
k1130,0.0,0.705213061,0.0,0.0,0.0,0.0417,0.0,0.0,0.976739687,0.0,323
k2598,0.0,0.705213061,0.0574,0.0,0.0,0.0319,0.0,0.0,0.976739687,0.0,2974
k3391,0.0,0.705213061,0.101413329,0.0,0.0,0.0417,0.0,0.0,0.921221392,0.0,128
k1600,0.0,0.705213061,0.0574,0.0,0.0,0.0437,0.0,0.0,0.976739687,0.0,2567
k3376,0.0,0.637575643,0.0,0.0,0.0,0.0638,0.0,0.0,0.976739687,0.0,1102
k511,0.0,0.705213061,0.0379,0.0,0.0,0.10766456,0.318181818,0.0,0.976739687,0.0,1485
k419,0.0,0.558560262,0.0,0.0,0.0,0.105552454,0.0,0.0,0.976739687,0.0,2422
k1607,0.0,0.669456001,0.0,0.0,0.0,0.0319,0.0,0.0,0.976739687,0.0,636
k2454,0.0,0.705213061,0.0,0.0,0.0,0.0,0.0909,0.0,0.976739687,0.0,1201
k116,0.0,0.705213061,0.0574,0.0,0.0,0.0319,0.0,0.0,0.976739687,0.0,296
k2033,0.245171854,0.705213061,0.0,0.0,0.0,0.0,0.0,0.0,0.976739687,0.0,2440
k2814,0.0,0.646920701,0.0249,0.0,0.0,0.0437,0.0455,0.0,0.976739687,0.0263,3152
k1483,0.0,0.705213061,0.114722853,0.0,0.0,0.0638,0.0,0.0,0.976739687,0.0,1912
k1390,0.0,0.511992562,0.0,0.0,0.0,0.0638,0.0,0.0,0.955882147,0.0,2819
k1180,0.0,0.619815305,0.152652076,0.428571429,0.133333333,0.256410202,0.0909,0.05,0.963292816,0.131578947,1061
k773,0.0,0.656565179,0.0,0.0,0.0,0.0319,0.0,0.0,0.976739687,0.0526,3402
k692,0.0,0.705213061,0.0,0.0,0.0,0.0,0.0,0.0,0.976739687,0.0,2691
k212,0.0,0.627994201,0.0,0.0,0.0,0.0638,0.181818182,0.0,0.976739687,0.105263158,1618
k2332,0.0,0.705213061,0.0338,0.0,0.0,0.019,0.0,0.0,0.976739687,0.0,1115
k1515,0.0,0.705213061,0.0574,0.0,0.0,0.0319,0.0,0.0,0.976739687,0.0,553
k2784,0.0,0.645470877,0.0,0.0,0.0,0.0736,0.0,0.0,0.976739687,0.0,1703
k2068,0.0,0.705213061,0.0,0.0,0.0,0.0551,0.0909,0.0,0.976739687,0.0,635
k59,0.0,0.705213061,0.0717,0.0,0.0,0.0134,0.0,0.0,0.976739687,0.0,2195
k1714,0.0,0.602086485,0.0,0.0,0.0,0.0638,0.0455,0.0,0.976739687,0.0,1144
k954,0.0,0.704566944,0.0,0.0714,0.0,0.180292437,0.0,0.0,0.976739687,0.0,2483
k3133,0.0,0.720310136,0.0,0.0714,0.0,0.0643,0.0455,0.0,0.976739687,0.0,1536
k3104,0.0,0.705213061,0.156943341,0.0,0.0,0.0772,0.0,0.0,0.972753732,0.0263,2190
k1661,0.0,0.705213061,0.0,0.0,0.0,0.0,0.181818182,0.0,0.976739687,0.0,2047
k2382,0.0,0.705213061,0.172084273,0.0,0.0,0.109097049,0.0,0.0,0.976739687,0.0263,2942
k955,0.0,0.629018533,0.114722853,0.0,0.0,0.0957,0.0909,0.0,0.976739687,0.0789,2447
k3389,0.0,0.705213061,0.0671,0.0,0.0,0.0453,0.181818182,0.0,0.976739687,0.0,800
k2325,0.0,0.705213061,0.0249,0.0,0.0,0.00589,0.0,0.0,0.976739687,0.0,2147
k972,0.0,0.705213061,0.0849,0.0,0.0,0.093,0.0,0.0,0.976739687,0.0,1341
k2620,0.0,0.705213061,0.0,0.0,0.0,0.0319,0.0,0.0,0.976739687,0.0,1947
k321,0.0,0.674010338,0.0,0.0,0.0,0.0586,0.0,0.0,0.976739687,0.0,1140
k2091,0.0,0.676862708,0.0574,0.0,0.0,0.0772,0.0,0.0,0.976739687,0.0263,1949
k3407,0.0,0.705213061,0.0,0.0,0.0,0.00589,0.0,0.0,0.988052316,0.0,1630
k2731,0.0,0.686192007,0.0,0.0,0.0,0.0638,0.0,0.0,0.976739687,0.0263,1005
k574,0.0,0.705213061,0.0,0.0,0.0,0.0,0.0,0.0,0.976739687,0.0,1751
k104,0.0,0.705213061,0.0379,0.0,0.0,0.10766456,0.181818182,0.0,0.976739687,0.0,1109
k1148,0.10067734,0.705213061,0.0,0.0,0.0,0.0,0.0,0.0,0.976739687,0.0,3094
k2192,0.0,0.631019919,0.0,0.0,0.0,0.0638,0.0909,0.0,0.976739687,0.105263158,3335
k3423,0.0,0.641342032,0.0,0.0,0.0,0.0718,0.0,0.0,0.976739687,0.0,696
k2718,0.0,0.705213061,0.0,0.0,0.0,0.0417,0.0,0.0,0.976739687,0.0,1980
k180,0.0,0.601377332,0.196940032,0.0,0.0,0.133530629,0.0,0.0,0.963502804,0.0263,2393
k985,0.0,0.519147126,0.0,0.285714286,0.133333333,0.241381177,0.0,0.0,0.976739687,0.105263158,1356
k316,0.0,0.653492184,0.0628,0.0,0.0,0.0586,0.272727273,0.0,0.976739687,0.0,2280
k2533,0.0,0.705213061,0.151716893,0.0,0.0,0.178658303,0.0909,0.0,0.976739687,0.0,1079
k2698,0.0,0.742404186,0.0249,0.0,0.0,0.0378,0.0455,0.0,0.976739687,0.0,1100
k224,0.0,0.785063666,0.0574,0.0,0.0,0.0638,0.0,0.0,0.977370924,0.0,1638
k2986,0.0,0.705213061,0.0,0.0,0.0,0.0,0.0455,0.0,0.978368686,0.0,284
k751,0.0,0.705213061,0.0,0.0,0.0,0.0177,0.0,0.0,0.976739687,0.0,624
k2180,0.0,0.67653177,0.0,0.0,0.0,0.0319,0.0,0.0,0.976739687,0.0,314
k2385,0.115959472,0.648906329,0.0574,0.0,0.0,0.0772,0.0,0.0,0.976739687,0.0,607
k514,0.0,0.67457766,0.0,0.0,0.0,0.0319,0.0909,0.0,0.976739687,0.0,1250
k917,0.0,0.55047592,0.0513,0.142857143,0.0,0.138121059,0.0,0.0,0.976739687,0.0526,520
k465,0.0,0.646384897,0.0574,0.0,0.0,0.0772,0.181818182,0.0,0.976739687,0.0,1284
k2477,0.0,0.705213061,0.0574,0.0,0.0,0.0319,0.0,0.0,0.976739687,0.0,2160
k1700,0.0,0.705213061,0.058,0.0,0.0,0.140812347,0.0,0.0,0.976739687,0.0,790
k2305,0.0,0.705213061,0.0574,0.0,0.0,0.0731,0.0,0.0,0.976739687,0.0,1360
k2257,0.0,0.705213061,0.00678,0.0,0.0,0.0736,0.0,0.0,0.976739687,0.0,2238
k1846,0.0,0.705213061,0.101413329,0.0,0.0,0.0,0.0,0.0,0.921393201,0.0,1084
k2658,0.0,0.603047781,0.0379,0.0714,0.0,0.0831,0.136363636,0.05,0.976739687,0.0,2548
k881,0.0,0.504743444,0.0338,0.0,0.0667,0.109097049,0.0,0.0,0.976739687,0.0263,2741
k1491,0.0,0.705213061,0.0574,0.0,0.0,0.0319,0.0,0.0,0.976739687,0.0,448
k2623,0.0,0.561916919,0.114722853,0.0,0.0,0.255283229,0.363636364,0.0,0.868277678,0.315789474,102
k3300,0.0,0.705213061,0.0,0.0,0.0,0.0655,0.0,0.0,0.976739687,0.0,703
k1958,0.0,0.655083838,0.0,0.0,0.0,0.0319,0.0,0.0,0.976739687,0.0,203
k3338,0.0,0.974643848,0.0574,0.0,0.0,0.0437,0.0,0.0,0.989206614,0.0,1404
k1421,0.0,0.551216591,0.013,0.0714,0.0,0.103724973,0.0,0.0,0.958440183,0.0526,31
k2725,0.0,0.667627963,0.0,0.0,0.0,0.0586,0.181818182,0.0,0.976739687,0.0,3342
k1631,0.0,0.636756178,0.0379,0.0,0.0,0.121504611,0.0455,0.0,0.976739687,0.0263,1383
k227,0.0,0.705213061,0.127544333,0.0,0.0,0.0736,0.0,0.0,0.976739687,0.0,3421
k300,0.0,0.705213061,0.288111768,0.0,0.0,0.41510191,0.454545455,0.0,0.976739687,0.0789,1655
k2874,0.0,0.705213061,0.0249,0.0,0.0,0.0762,0.5,0.0,0.976739687,0.0,1978
k1770,0.0,0.633667423,0.0,0.0,0.0,0.0638,0.136363636,0.0,0.976739687,0.105263158,3282
k3156,0.0,0.666083585,0.196940032,0.0,0.0,0.133530629,0.181818182,0.0,0.976739687,0.0,2685
k2019,0.105435513,0.705213061,0.0,0.0,0.0,0.0,0.0,0.0,0.976739687,0.0,165
k2931,0.0,0.705213061,0.0,0.0,0.0,0.0835,0.0,0.0,0.985135391,0.0,721
k294,0.0,0.315131745,0.101413329,0.0,0.0,0.0,0.0,0.0,0.976739687,0.0,241
k1485,0.0,0.705213061,0.127544333,0.0,0.0,0.0736,0.0,0.0,0.976739687,0.0,1907
k373,0.0,0.543100731,0.172084273,0.0,0.0667,0.17880687,0.0455,0.0,0.976739687,0.0,410
k339,0.0,0.640680156,0.0,0.0,0.0,0.0957,0.0,0.0,0.95360664,0.0263,2261
k962,0.0,0.705213061,0.0249,0.0,0.0,0.0894,0.0,0.0,0.976739687,0.0,2768
k498,0.0,0.705213061,0.152652076,0.0,0.0,0.0772,0.0,0.0,0.976739687,0.0,2288
k1753,0.0,0.705213061,0.00706,0.0,0.0,0.0,0.272727273,0.0,0.976739687,0.0,1496
k3036,0.104595835,0.705213061,0.0702,0.0,0.0,0.0417,0.0,0.0,0.976739687,0.0,443
k1105,0.0,0.594427635,0.41523171,0.357142857,1.0,0.617653943,0.681818182,0.225,0.976739687,0.184210526,1786
k3415,0.0,0.905115356,0.0574,0.0,0.0,0.0319,0.0,0.0,0.976739687,0.0,3139
k1320,0.0,0.731041982,0.0822,0.0,0.0,0.0697,0.0,0.0,0.976739687,0.0,376
k295,0.0,0.902294503,0.0,0.0,0.0,0.0324,0.0,0.0,0.976739687,0.0,325
k2023,0.0,0.705213061,0.0,0.0,0.0,0.0417,0.0,0.0,0.976739687,0.0,1545
k2336,0.0,0.705213061,0.0574,0.0714,0.0,0.087,0.0,0.0,0.976739687,0.0,1364
k2774,0.0,0.705213061,0.0379,0.0,0.0,0.0134,0.0,0.0,0.976739687,0.0,3125
k1894,0.0,0.705213061,0.0953,0.0,0.0,0.0453,0.0,0.0,0.976739687,0.0,846
k1392,0.0,0.705213061,0.0,0.0,0.0,0.00589,0.0,0.0,0.98202375,0.0,1571
k1001,0.0,0.705213061,0.0822,0.0,0.0,0.0378,0.0,0.0,0.976739687,0.0,895
k3123,0.0,0.705213061,0.0,0.0,0.0,0.0134,0.0,0.0,0.976739687,0.0,2889
k3366,0.0,0.705213061,0.0379,0.0,0.0,0.10766456,0.272727273,0.0,0.976739687,0.0,3330
k702,0.0,0.705213061,0.114722853,0.0,0.0,0.0638,0.0,0.0,0.976739687,0.0,1188
k677,0.0737,0.705213061,0.0,0.0,0.0,0.0,0.0,0.0,0.976739687,0.0,1985
k1626,0.0,0.705213061,0.0574,0.0,0.0,0.0319,0.0,0.0,0.976739687,0.0,3181
k306,0.0,0.508147378,0.172084273,0.428571429,0.2,0.471353337,0.0,0.3,0.976739687,0.263157895,3203
k1976,0.0,0.705213061,0.0746,0.0,0.0,0.0177,0.0909,0.0,0.976739687,0.0,1683
k149,0.0,0.705213061,0.0,0.0,0.0,0.0,0.0,0.0,0.976739687,0.0,705
k2611,0.0,0.559852496,0.0,0.0,0.0,0.0638,0.0,0.0,0.976739687,0.0,892
k3009,0.0,0.705213061,0.181640255,0.0,0.0,0.0933,0.181818182,0.0,0.976739687,0.0789,932
k19,0.0,0.708806102,0.124278829,0.0,0.0,0.0614,0.181818182,0.025,0.976739687,0.0526,1600
k1171,0.0,0.881855144,0.0,0.0,0.0,0.0,0.0,0.0,0.976739687,0.0,1863
k2577,0.0,0.705213061,0.0,0.0,0.0,0.0267,0.0,0.0,0.976739687,0.0,160
k1116,0.0,0.705213061,0.0759,0.0,0.0,0.0267,0.0,0.0,0.976739687,0.0,2890
k1322,0.0,0.705213061,0.114722853,0.0,0.0,0.0638,0.0909,0.0,0.976739687,0.0,156
k1184,0.0,0.705213061,0.0,0.0,0.0,0.00589,0.0,0.0,0.978950289,0.0,1715
k1706,0.11525974,0.550791099,0.0,0.0,0.0,0.0638,0.0,0.0,0.976739687,0.0,825
k3158,0.0,0.549719491,0.0249,0.0,0.0,0.0697,0.0,0.0,0.976739687,0.0,1727
k2667,0.0,0.705213061,0.203402771,0.0,0.0,0.100373735,0.0,0.0,0.976739687,0.0,849
k3345,0.0,0.705213061,0.0,0.0,0.0,0.0417,0.818181818,0.0,0.976739687,0.0,3318
k1532,0.0,0.635621533,0.0379,0.0,0.0,0.087,0.0,0.0,0.976739687,0.0,3350
k1953,0.0,0.836485124,0.114722853,0.0,0.0,0.0638,0.318181818,0.0,0.976739687,0.0,2505
k1237,0.0,0.705213061,0.0,0.0,0.0,0.0835,0.0,0.0,0.976739687,0.0,1769
k3226,0.0,0.705213061,0.0574,0.0,0.0,0.0319,0.0,0.0,0.976739687,0.0,1090
k2075,0.0,0.705213061,0.288111768,0.0,0.0,0.41510191,0.454545455,0.0,0.976739687,0.0789,2010
k394,0.0,0.705213061,0.138089719,0.0,0.0,0.0577,0.0,0.0,0.976739687,0.0263,1854
k1933,0.0,0.705213061,0.0574,0.0,0.0,0.0319,0.0,0.0,0.976739687,0.0,3254
k428,0.0,0.647661372,0.0,0.0,0.0,0.0736,0.0,0.0,0.976739687,0.0,2546
k3368,0.0,0.705213061,0.0,0.0,0.0,0.0,0.0,0.0,0.976739687,0.0,3390
k2204,0.0,0.540468986,0.0249,0.0,0.0,0.0697,0.0,0.0,0.976739687,0.0,1480
k526,0.0,0.705213061,0.0,0.0,0.0,0.0353,0.0,0.0,0.976739687,0.0,1049
k304,0.0,0.705213061,0.290163203,0.0,0.0,0.183449396,0.0455,0.0,0.976739687,0.0263,857
k1155,0.0,0.705213061,0.0379,0.0,0.0,0.10766456,0.272727273,0.0,0.976739687,0.0,3214
k2857,0.0,0.705213061,0.11378767,0.0,0.0,0.0668,0.0,0.0,0.976739687,0.0,2477
k701,0.0,0.561176248,0.279157229,0.0,0.0,0.267061263,0.454545455,0.2,0.976739687,0.105263158,483
k2362,0.0,0.705213061,0.0574,0.0,0.0,0.0453,0.0,0.0,0.976583151,0.0,547
k3380,0.0,0.705213061,0.0,0.0,0.0,0.0835,0.0,0.0,0.976739687,0.0,2110
k2370,0.0,0.705213061,0.0,0.0,0.0,0.0,0.0,0.0,0.976739687,0.0,2425
k2484,0.0,0.705213061,0.0,0.0,0.0,0.0,0.0,0.0,0.976739687,0.0,491
k2726,0.0,0.655430535,0.0,0.0,0.0,0.0319,0.0,0.0,0.976739687,0.0,3116
k2296,0.0,0.705213061,0.0,0.0,0.0,0.0,0.0,0.0,0.976739687,0.0,2894
k1963,0.0,0.558560262,0.0,0.0,0.0,0.105552454,0.0,0.0,0.976739687,0.0,2115
k2869,0.0,0.705213061,0.105538109,0.0,0.0,0.0134,0.0,0.0,0.976739687,0.0263,634
k2135,0.107800605,0.721224155,0.00706,0.0714,0.0,0.0509,0.136363636,0.0,0.976739687,0.0,1175
k2429,0.0,0.606262607,0.0,0.0,0.0,0.0894,0.272727273,0.0,0.976739687,0.0263,2122
k2356,0.0,0.650954992,0.0574,0.0,0.0,0.109097049,0.0455,0.0,0.976739687,0.0,428
k1960,0.0,0.705213061,0.0,0.0,0.0,0.0453,0.0,0.0,0.976739687,0.0,1412
k1023,0.0,0.636236132,0.163254233,0.0,0.0,0.0992,0.0909,0.05,0.976739687,0.210526316,1900
k2096,0.0,0.705213061,0.101413329,0.0,0.0,0.0,0.0,0.0,0.92200662,0.0,2832
k1603,0.0,0.705213061,0.0574,0.0,0.0,0.115373699,0.0,0.0,0.976739687,0.0,524
k2089,0.0,0.642823374,0.0,0.0,0.0,0.0638,0.0,0.0,0.976739687,0.0,1943
k135,0.0,0.705213061,0.0518,0.0,0.0,0.112957849,0.0,0.0,0.976739687,0.0,1690
k2269,0.0741,0.705213061,0.0,0.0,0.0,0.0,0.0,0.0,0.976739687,0.0,763
k1202,0.0,0.705213061,0.114722853,0.0,0.0,0.0638,0.0,0.0,0.976804593,0.0,972
k424,0.0,0.705213061,0.0,0.0,0.0,0.0,0.181818182,0.0,0.976739687,0.0,1
k2504,0.0,0.705213061,0.0953,0.0,0.0,0.0453,0.0,0.0,0.976739687,0.0,989
k1664,0.0,0.546520424,0.00706,0.142857143,0.0,0.141007452,0.0909,0.0,0.969379924,0.0789,2940
k1822,0.0,0.662427509,0.0574,0.0,0.0,0.0638,0.181818182,0.0,0.976739687,0.0,2670
k199,0.0,0.637859304,0.0,0.0,0.0,0.0638,0.0,0.05,0.976739687,0.0263,2017
k2594,0.0,0.587997983,0.337703594,0.0,0.0,0.258288497,0.0,0.0,0.915766794,0.210526316,154
k2398,0.0,0.705213061,0.0,0.0,0.0,0.0,0.0,0.0,0.983633659,0.0,111
k409,0.0,0.550538956,0.0,0.0,0.0,0.0638,0.0,0.0,0.976739687,0.0,163
k2048,0.0,0.705213061,0.0,0.0,0.0,0.0869,0.181818182,0.0,0.976739687,0.0,1801
k2402,0.0,0.705213061,0.0574,0.0,0.0,0.0319,0.0,0.0,0.976739687,0.0,829
k1354,0.0,0.563839511,0.0,0.0,0.0,0.0697,0.0,0.0,0.976739687,0.0,3006
k2266,0.0,0.705213061,0.0497,0.0,0.0,0.0378,0.181818182,0.0,0.976739687,0.0,521
k1945,0.0,0.610848462,0.0953,0.0714,0.0,0.10391832,0.0,0.0,0.976739687,0.0,1416
k1137,0.0,0.705213061,0.0,0.0,0.0,0.0134,0.0,0.0,0.976739687,0.0,63
k3374,0.0,0.705213061,0.0,0.0,0.0,0.0,0.0,0.0,0.976739687,0.0,1855
k937,0.0,0.71063414,0.0,0.0714,0.0,0.0643,0.0909,0.0,0.976739687,0.0,3428
k2291,0.0,0.705213061,0.0,0.0,0.0,0.0,0.136363636,0.0,0.973228433,0.0,793
k3354,0.0,0.705213061,0.140365811,0.0,0.0,0.0835,0.0,0.0,0.976739687,0.0,2165
k1251,0.0,0.714053833,0.0,0.0,0.0,0.0638,0.0,0.0,0.980823637,0.0,1559
k813,0.0,0.705213061,0.0,0.0,0.0,0.0417,0.0,0.0,0.976739687,0.0,1086
k1912,0.0,0.549530383,0.0,0.0,0.0,0.105552454,0.0,0.0,0.976739687,0.0,2727
k217,0.0,0.642476677,0.0574,0.0,0.0,0.0638,0.0,0.0,0.976739687,0.0,1191
k2201,0.0,0.694465456,0.0379,0.0,0.0,0.0586,0.0,0.0,0.976739687,0.0,1827
k780,0.0,0.907810136,0.688337086,0.0,0.0,0.441815027,0.0,0.025,0.965462693,0.342105263,3091
k2451,0.0,0.705213061,0.0,0.0,0.0,0.0134,0.0,0.0,0.976739687,0.0,2636
k3117,0.0,0.705213061,0.0,0.0,0.0,0.0,0.0,0.0,0.976739687,0.0,1508
k170,0.0,0.710240166,0.0,0.0,0.0,0.0319,0.181818182,0.0,0.976739687,0.0,1448
k2817,0.0,0.705213061,0.0822,0.0,0.0,0.0378,0.0,0.0,0.976739687,0.0,1824
k1254,0.0,0.691912506,0.115532963,0.0,0.0,0.0319,0.0455,0.1,0.921160305,0.0263,2991
k1561,0.0,0.705213061,0.0,0.0,0.0,0.0,0.227272727,0.0,0.976739687,0.0,1376
k1280,0.0,0.705213061,0.0,0.0,0.0,0.0453,0.0,0.0,0.976739687,0.0,2367
k3000,0.0,0.531123928,0.0,0.214285714,0.0,0.154373289,0.0455,0.0,0.976739687,0.0789,1467
k3106,0.0,0.705213061,0.207260803,0.0,0.0,0.527801421,0.0,0.1,0.976739687,0.684210526,311
k2413,0.22531348,0.662017776,0.0379,0.0,0.0,0.0772,0.0455,0.0,0.976739687,0.0263,954
k1010,0.0,0.543668053,0.0644,0.142857143,0.0,0.127641614,0.0455,0.0,0.976739687,0.0526,2415
k3028,0.0,0.705213061,0.0,0.0,0.0,0.0,0.0,0.0,0.976739687,0.0,2315
k2283,0.0,0.613748109,0.0379,0.0,0.0,0.100373735,0.0,0.0,0.976739687,0.0263,134
k2121,0.0,0.694749117,0.0,0.0,0.0,0.0638,0.0,0.05,0.976739687,0.0,1603
k1761,0.0,0.519162885,0.172084273,0.142857143,0.0,0.159552008,0.0,0.0,0.976739687,0.105263158,2420
k661,0.0,0.645455119,0.0,0.0,0.0,0.0638,0.0,0.05,0.976739687,0.0,1060
k737,0.0,0.705213061,0.0822,0.0,0.0,0.0638,0.136363636,0.0,0.976739687,0.0,1440
k930,0.0,0.705213061,0.0711,0.0,0.0,0.124589088,0.181818182,0.0,0.976739687,0.0,2944
k30,0.0,0.705213061,0.357870299,0.0,0.0,0.623930641,0.636363636,0.45,0.976739687,0.157894737,1482
k2762,0.0,0.758903807,0.0,0.0,0.0,0.0319,0.0,0.0,0.976739687,0.0,476
k3224,0.0,0.705213061,0.0,0.0,0.0,0.0134,0.0,0.0,0.976739687,0.0,2570
k2104,0.0,0.705213061,0.0,0.0,0.0,0.0,0.0,0.0,0.976739687,0.0,1269
k2381,0.0,0.705213061,0.0574,0.0,0.0,0.0319,0.0,0.0,0.976739687,0.0,2838
k3169,0.0,0.713391957,0.121782672,0.0,0.0,0.0957,0.0,0.0,0.976739687,0.0526,1744
k2433,0.0,0.705213061,0.279157229,0.0,0.0,0.139419651,0.409090909,0.0,0.976739687,0.131578947,796
k1995,0.0,0.542391578,0.00706,0.142857143,0.0,0.1827391,0.0909,0.0,0.968875953,0.0789,1848
k910,0.0,0.578952345,0.0,0.0714,0.0,0.0772,0.0,0.0,0.976739687,0.0,3
k2479,0.0,0.529800177,0.0699,0.0,0.0,0.136504582,0.0,0.0,0.976739687,0.0526,2372
k2310,0.0,0.505358043,0.132666162,0.0,0.0,0.203869976,0.181818182,0.0,0.976739687,0.0789,623
k3384,0.0,0.741521684,0.045,0.0,0.0,0.0453,0.0,0.0,0.976739687,0.0,2922
k3270,0.0,0.705213061,0.0,0.0,0.0,0.0,0.0909,0.0,0.976739687,0.0,2173
k1082,0.0,0.663830055,0.0,0.0,0.0,0.0772,0.0455,0.0,0.976739687,0.0,1706
k2142,0.0,0.635400908,0.0249,0.0,0.0,0.0772,0.272727273,0.0,0.976739687,0.0263,406
k2666,0.0,0.705213061,0.0,0.0,0.0,0.122664525,0.0,0.0,0.976739687,0.0,1822
k2653,0.0,0.512969617,0.114722853,0.0,0.0,0.127641614,0.0,0.0,0.976739687,0.0,1333
k1882,0.0,0.705213061,0.0,0.0,0.0,0.0,0.0,0.0,0.981168526,0.0,124
k2340,0.0,0.527656959,0.0249,0.285714286,0.0,0.12835191,0.0909,0.0,0.976739687,0.0526,304
k1015,0.0,0.718655446,0.0788,0.0,0.0,0.0453,0.0455,0.0,0.976739687,0.0526,2053
k840,0.0,0.243302446,0.169022214,0.214285714,0.0,0.109097049,0.0,0.0,0.90714583,0.0526,1264
k1921,0.0,0.705213061,0.0481,0.0,0.0,0.0256,0.318181818,0.0,0.976739687,0.0,719
k265,0.0,0.540327156,0.0,0.0,0.0,0.0319,0.0,0.0,0.976739687,0.105263158,109
k970,0.0,0.570064297,0.0,0.0,0.0,0.191602068,0.0,0.0,0.976739687,0.0263,2587
k1838,0.0,0.55693709,0.279157229,0.0,0.0,0.19146242,0.0,0.0,0.976739687,0.236842105,1492
k926,0.0,0.705213061,0.0702,0.0,0.0,0.0417,0.136363636,0.0,0.976739687,0.0,3300
k361,0.0,0.705213061,0.0,0.0,0.0,0.00589,0.181818182,0.0,0.976739687,0.0,245
k2889,0.0,0.705213061,0.41523171,0.357142857,1.0,0.614109391,0.681818182,0.2,0.976739687,0.184210526,2593
k364,0.0,0.743349723,0.0249,0.0,0.0,0.0378,0.181818182,0.0,0.976739687,0.0263,1707
k2003,0.0,0.705213061,0.0,0.0,0.0,0.00589,0.0,0.0,0.98346185,0.0,1436
k1138,0.0,0.832041099,0.0379,0.0,0.0,0.0533,1.0,0.0,0.964746188,0.0,1590
k458,0.0,0.603473273,0.0746,0.0,0.0,0.0815,0.0,0.0,0.976739687,0.0263,1510
k893,0.0,0.705213061,0.0753,0.0,0.0,0.0443,0.227272727,0.0,0.976739687,0.0,2202
k1161,0.0,0.583601236,0.0,0.0,0.0,0.0638,0.0,0.0,0.976739687,0.0,474
k2582,0.0,0.605742562,0.0698,0.0,0.0,0.0512,0.272727273,0.0,0.976739687,0.105263158,2556
k2102,0.0,0.705213061,0.0822,0.0,0.0,0.0378,0.0,0.0,0.976739687,0.0,101
k1534,0.0,0.578810514,0.114722853,0.0,0.2,0.159552008,0.0,0.025,0.965045262,0.0,166
k12,0.0,0.705213061,0.0,0.0,0.0,0.0,0.0455,0.0,0.976739687,0.0,3286
k474,0.0,0.705213061,0.00706,0.0,0.0,0.0,0.0,0.0,0.976739687,0.0,2539
k1132,0.0,0.705213061,0.0,0.0,0.0,0.0,0.0,0.0,0.976739687,0.0,2435
k3277,0.0,0.541115103,0.0,0.214285714,0.0,0.109097049,0.0,0.0,0.976739687,0.0526,2957
k15,0.0,0.705213061,0.0,0.0,0.0,0.0,0.0909,0.0,0.976739687,0.0,3339
k3261,0.0,0.55769352,0.114722853,0.142857143,0.0,0.165441042,0.0,0.0,0.976739687,0.0789,2418
k1765,0.186212494,0.705213061,0.0,0.0,0.0,0.0,0.0,0.0,0.976739687,0.0,1370
k1366,0.0,0.705213061,0.045,0.0,0.0,0.0134,0.181818182,0.0,0.976739687,0.0263,238
k1743,0.0,0.465582451,0.172084273,0.857142857,0.333333333,0.456566883,0.0,0.15,0.976739687,0.5,814
k2182,0.0,0.506082955,0.172084273,0.428571429,0.2,0.497374685,0.0,0.325,0.976739687,0.210526316,14
k1981,0.0,0.705213061,0.0379,0.0,0.0,0.0134,0.0,0.0,0.976739687,0.0,2384
k2407,0.0,0.705213061,0.00706,0.0,0.0,0.0,0.0,0.0,0.976739687,0.0,1917
k2947,0.0,0.705213061,0.0,0.0,0.0,0.0,0.181818182,0.0,0.976739687,0.0,556
k2847,0.0,0.55783535,0.0,0.0,0.0,0.0638,0.0,0.0,0.976739687,0.0,2825
k1523,0.0,0.593214196,0.00678,0.0,0.0,0.1483681,0.0,0.0,0.976739687,0.0526,1149
k2434,0.0,0.453684443,0.573614242,0.142857143,0.133333333,0.418258958,0.0,0.1,0.957010992,0.394736842,1840
k1141,0.0,0.698405194,0.0,0.0,0.0,0.0453,0.0,0.0,0.976739687,0.0,2423
k3206,0.0,0.672261094,0.0,0.0,0.0,0.162313119,0.0909,0.0,0.976739687,0.0,1087
k3240,0.0,0.641609934,0.0,0.0,0.0,0.0638,0.0455,0.0,0.976739687,0.0526,2159
k268,0.0,0.643374937,0.0,0.0,0.0,0.0718,0.0,0.0,0.976739687,0.0,1988
k2424,0.0,0.705213061,0.104844721,0.0,0.0,0.211335609,0.0455,0.0,0.921091582,0.0,310
k193,0.0,0.621580308,0.0,0.0,0.0,0.0638,0.227272727,0.0,0.976739687,0.105263158,1661
k3071,0.0,0.705213061,0.217073313,0.0,0.0,0.188628115,0.0,0.0,0.976739687,0.0789,2380
k913,0.0,0.705213061,0.0574,0.0,0.0,0.0319,0.0,0.0,0.976739687,0.0,976
k1633,0.0,0.705213061,0.045,0.0,0.0,0.0134,0.272727273,0.0,0.976739687,0.0263,2592
k1003,0.0,0.705213061,0.0574,0.0,0.0,0.0319,0.0,0.0,0.976739687,0.0,492
k2207,0.0,0.705213061,0.0702,0.0,0.0,0.0417,0.0,0.0,0.976739687,0.0,545
k2318,0.0,0.500378215,0.151716893,0.214285714,0.0,0.309844526,0.272727273,0.075,0.976739687,0.0526,2162
k3320,0.0,0.652452093,0.0574,0.0,0.0,0.0638,0.0455,0.0,0.976739687,0.0,1447
k2922,0.0,0.705213061,0.164434376,0.0,0.0,0.107509248,0.0455,0.0,0.976739687,0.0263,2979
k1276,0.0,0.705213061,0.0497,0.0,0.0,0.0437,0.181818182,0.0,0.974716166,0.0263,1141
k2723,0.201382669,0.673553328,0.0379,0.0,0.0,0.0772,0.136363636,0.0,0.976739687,0.0263,2665
k724,0.0,0.634187468,0.095,0.0,0.0,0.0736,0.318181818,0.0,0.976739687,0.0526,3220
k592,0.0,0.705213061,0.0,0.0,0.0,0.0,0.0,0.0,0.976739687,0.0,2131
k3284,0.100873265,0.578353505,0.0,0.0,0.0,0.0319,0.0,0.0,0.976739687,0.0,964
k2138,0.0,0.595388931,0.198921043,0.0714,0.0,0.316468202,0.181818182,0.0,0.976739687,0.0263,1408
k1771,0.0,0.705213061,0.0,0.0,0.0,0.0,0.0,0.0,0.976739687,0.0,1580
k779,0.0,0.705213061,0.0497,0.0,0.0,0.0,0.0,0.0,0.976739687,0.0,3307
k1008,0.0,0.705213061,0.0379,0.0,0.0,0.0134,0.318181818,0.0,0.976739687,0.0,1601
k1104,0.0,0.705213061,0.0497,0.0,0.0,0.0118,0.0,0.0,0.976739687,0.0263,1055
k366,0.0,0.495162002,0.164434376,0.0,0.133333333,0.19146242,0.272727273,0.025,0.976739687,0.0789,560
k2498,0.0,0.665736889,0.0,0.0,0.0,0.0638,0.0,0.0,0.976739687,0.0,1564
k1056,0.0,0.635416667,0.0574,0.142857143,0.0,0.0957,0.0,0.0,0.965727405,0.0263,3186
k636,0.0,0.553076147,0.0,0.0,0.0,0.105552454,0.0,0.0,0.976739687,0.0,348
k1305,0.0,0.705213061,0.0759,0.0,0.0,0.0906,0.0,0.0,0.977453647,0.0263,2626
k1772,0.0,0.648874811,0.0822,0.0,0.0,0.124807316,0.0,0.0,0.976739687,0.0,456
k2651,0.0,0.655005043,0.095,0.0,0.0,0.0736,0.227272727,0.0,0.973617865,0.0526,1041
k2971,0.0,0.705213061,0.22944571,0.0,0.0,0.127641614,0.227272727,0.0,0.976739687,0.0,1999
k2952,0.0,0.612771054,0.0574,0.0,0.0,0.0957,0.0,0.0,0.96967518,0.0,1672
k1398,0.0,0.705213061,0.0,0.0,0.0,0.0417,0.181818182,0.0,0.976739687,0.0,2346
k2097,0.0,0.582056858,0.0,0.142857143,0.0,0.0906,0.0,0.0,0.976739687,0.0,887
k2753,0.0,0.705213061,0.0753,0.0,0.0,0.0443,0.181818182,0.0,0.976739687,0.0,1513
k1393,0.0,0.705213061,0.0953,0.0,0.0,0.0512,0.181818182,0.0,0.976739687,0.0,1594
k536,0.0,0.473241301,0.0,0.285714286,0.0,0.127641614,0.0,0.0,0.976739687,0.0526,335
k2203,0.0,0.705213061,0.184481355,0.0,0.0,0.189186217,0.318181818,0.0,0.976739687,0.0,794
k1139,0.0,0.537963313,0.0249,0.0,0.0,0.101620224,0.0909,0.0,0.959793015,0.0,1491
k681,0.0,0.417754034,0.0,0.0,0.0,0.127641614,0.0,0.0,0.976739687,0.0,2279
k981,0.0,0.705213061,0.137352284,0.0,0.0,0.0369,0.272727273,0.0,0.976739687,0.0263,716
k1775,0.0,0.777026601,0.0574,0.0,0.0,0.0957,0.0,0.0,0.979447897,0.0526,2672
k1851,0.0,0.687421205,0.0,0.0714,0.0,0.222024095,0.0,0.0,0.976739687,0.0,2057
k1293,0.0,0.705213061,0.101413329,0.0,0.0,0.0417,0.0,0.0,0.92206389,0.0,748
k2618,0.0,0.705213061,0.0,0.0,0.0,0.0,0.0,0.0,0.976739687,0.0,1304
k2260,0.0,0.732019037,0.0,0.0,0.0,0.0319,0.0909,0.0,0.976739687,0.0,3367
k2355,0.0,0.705213061,0.0,0.0,0.0,0.0,0.0,0.0,0.980371844,0.0,1073
k1064,0.0,0.548348462,0.0249,0.0,0.0,0.0697,0.0,0.0,0.976739687,0.0,2857
k3375,0.0,0.705213061,0.290163203,0.0,0.0,0.183449396,0.0455,0.0,0.976739687,0.0789,489
k1656,0.0,0.705213061,0.114722853,0.0,0.0,0.0638,0.0,0.0,0.976739687,0.0,2630
k925,0.0,0.705213061,0.0,0.0,0.0,0.0,0.0909,0.0,0.976739687,0.0,2797
k2597,0.0,0.705213061,0.0574,0.0,0.0,0.0319,0.0,0.0,0.976739687,0.0,3360
k22,0.389512427,0.705213061,0.0,0.0,0.0,0.0,0.0,0.0,0.973283157,0.0,515
k2063,0.0,0.548443016,0.0,0.0,0.0,0.0638,0.0,0.0,0.976739687,0.0,260
k1630,0.0,0.912269919,0.0,0.0,0.0,0.0324,0.0455,0.0,0.976739687,0.0,1642
k1769,0.0,0.596176878,0.164434376,0.0,0.0,0.145308675,0.0,0.0,0.976739687,0.184210526,3071
k587,0.0,0.488196546,0.0991,0.428571429,0.4,0.408307803,0.0,0.0,0.976739687,0.131578947,3409
k1351,0.0,0.686916919,0.0822,0.0,0.0,0.124807316,0.0,0.0,0.97594046,0.0,1591
k2065,0.0,0.813776475,0.0417,0.357142857,0.0,0.152526563,0.0455,0.0,0.976739687,0.0,199
k353,0.0,0.705213061,0.0574,0.0,0.0,0.0319,0.0,0.0,0.976739687,0.0,509
k2157,0.0,0.552036056,0.0,0.142857143,0.0,0.118918294,0.0,0.0,0.976739687,0.0,2631
k3398,0.0,0.705213061,0.28074815,0.0,0.0,0.201941868,0.0,0.0,0.976739687,0.0789,3173
k504,0.0,0.635700328,0.0319,0.0,0.0,0.0512,0.136363636,0.0,0.976739687,0.0789,1258
k2759,0.0,0.705213061,0.0746,0.0,0.0,0.0437,0.0,0.0,0.976739687,0.0263,2371
k444,0.0,0.705213061,0.127206228,0.0,0.0,0.0512,0.227272727,0.0,0.976739687,0.0526,855
k2926,0.0,0.54732413,0.0644,0.142857143,0.0,0.127641614,0.0455,0.0,0.976739687,0.0526,2436
k431,0.0,0.705213061,0.0759,0.0,0.0,0.162762046,0.181818182,0.0,0.976739687,0.0,2164
k920,0.0,0.880673222,0.0574,0.0714,0.0,0.0319,0.0,0.0,0.976739687,0.0,2892
k1065,0.0,0.714369012,0.0,0.0,0.0,0.0378,0.227272727,0.0,0.976739687,0.0,1637
k3428,0.0,0.65158535,0.0574,0.0,0.0,0.0638,0.0,0.0,0.976739687,0.0,726
k1422,0.111481191,0.700674483,0.0,0.0,0.0,0.0453,0.0,0.0,0.976739687,0.0,865
k2766,0.0,0.706978064,0.0,0.0,0.0,0.0319,0.0,0.0,0.976739687,0.0,1286
k2911,0.0,0.619941377,0.0,0.0,0.0,0.0638,0.0,0.0,0.976739687,0.0,1165
k3215,0.0,0.705213061,0.0443,0.0,0.0,0.161633311,0.0909,0.0,0.976739687,0.0526,78
k2110,0.0,0.705213061,0.0574,0.0,0.0,0.0319,0.0,0.0,0.976739687,0.0,1919
k2080,0.0,0.705213061,0.0,0.0,0.0,0.0417,0.0,0.0,0.976739687,0.0,415
k888,0.0,0.6147882,0.114722853,0.0,0.0,0.159552008,0.0,0.25,0.940129225,0.0526,2221
k281,0.0,0.705213061,0.113233959,0.0,0.0,0.0577,0.0,0.0,0.976739687,0.0263,2369
k1778,0.0,0.632627332,0.0,0.0,0.0,0.0319,0.181818182,0.0,0.976739687,0.0,2531
k1411,0.0,0.705213061,0.227219379,0.0,0.0,0.108219544,0.0909,0.0,0.976739687,0.0263,2188
k2689,0.0,0.592237141,0.114722853,0.0,0.0,0.150828706,0.136363636,0.025,0.976739687,0.0,1671
k1891,0.0,0.705213061,0.045,0.0,0.0,0.0134,0.136363636,0.0,0.976739687,0.0263,2203
k1258,0.0,0.696640192,0.0,0.0,0.0,0.087,0.0909,0.0,0.976739687,0.0,1254
k874,0.0,0.717962052,0.0379,0.0,0.0,0.0453,0.0,0.0,0.976739687,0.0263,986
k3314,0.0,0.705213061,0.114722853,0.0,0.0,0.0697,0.0,0.0,0.976739687,0.0,1458
k1910,0.0,0.555376954,0.114722853,0.0,0.0,0.127641614,0.0,0.0,0.940373575,0.0,1344
k477,0.0,0.705213061,0.0,0.0,0.0,0.0,0.0,0.0,0.976739687,0.0,1342
k2432,0.0,0.705213061,0.0,0.0,0.0,0.0,0.0,0.0,0.976739687,0.0,62
k2156,0.0,0.705213061,0.00706,0.0,0.0,0.0417,0.0,0.0,0.976739687,0.0,1290
k330,0.0,0.488952975,0.172084273,0.285714286,0.0,0.223372816,0.0,0.0,0.976739687,0.157894737,222
k402,0.0,0.956410741,0.106482886,0.0,0.0,0.0369,0.227272727,0.0,0.976739687,0.0263,663
k577,0.0,0.705213061,0.0574,0.0,0.0,0.0319,0.0,0.0,0.976739687,0.0,3245
k468,0.0,0.460760212,0.109176628,0.214285714,0.0,0.250420715,0.0,0.0,0.976739687,0.0,3309
k382,0.0,0.655824508,0.0,0.0,0.0,0.0957,0.0,0.0,0.962904657,0.0526,884
k1304,0.840517241,0.705213061,0.0,0.0,0.0,0.0,0.0,0.0,0.955691249,0.0,2868
k3102,0.0,0.705213061,0.0574,0.0,0.0,0.0319,0.0,0.0,0.976739687,0.0,1474
k2279,0.0,0.64272882,0.0,0.0,0.0,0.0638,0.0,0.05,0.976739687,0.0,2327
k908,0.0,0.705213061,0.0574,0.0,0.0,0.0319,0.0,0.0,0.984392161,0.0,3053
k1690,0.0,0.605600731,0.00706,0.0,0.0,0.1827391,0.0909,0.075,0.968314712,0.131578947,947
k1221,0.0,0.705213061,0.128486171,0.0,0.0,0.225915698,0.363636364,0.1,0.976739687,0.0,533
k725,0.0,0.658361699,0.0,0.0,0.0,0.0638,0.0,0.0,0.976739687,0.0,1083
k3,0.0,0.705213061,0.0,0.0,0.0,0.0,0.0,0.0,0.976739687,0.0,225
k997,0.0,0.705213061,0.0,0.0,0.0,0.11019498,0.0,0.0,0.976739687,0.0,2845
k2215,0.0,0.705213061,0.0497,0.0,0.0,0.0294,0.0,0.0,0.976739687,0.0263,3145
k2344,0.0,0.716732854,0.0,0.0714,0.0,0.0643,0.0455,0.0,0.976739687,0.0,1261
k126,0.0,0.705213061,0.0379,0.0,0.0,0.159805823,0.0,0.0,0.976739687,0.0263,2707
k836,0.0,0.539996218,0.0379,0.0,0.0,0.152940803,0.0455,0.0,0.976739687,0.0,2721
k672,0.0,0.705213061,0.0759,0.0,0.0,0.0267,0.0,0.0,0.976739687,0.0,3088
k2852,0.0,0.705213061,0.189290154,0.0,0.0,0.0949,0.227272727,0.0,0.976739687,0.0,1693
k60,0.0,0.508777736,0.0377,0.0,0.0,0.181780825,0.0,0.0,0.976739687,0.0,1710
k454,0.0,0.682583207,0.0,0.0,0.0,0.0319,0.0,0.0,0.976739687,0.0,2077
k562,0.0,0.558938477,0.0574,0.142857143,0.0,0.165441042,0.0,0.075,0.976739687,0.105263158,1859
k1162,0.0,0.588612582,0.0,0.0,0.266666667,0.127641614,0.0,0.0,0.976739687,0.0,450
