Key_2_11,D741,D56,D11,D2,D311,D162,D70,D194,D449,D43,Key_3_36
k1150,0.0,0.0,0.0409,0.437475431,0.0,0.0417,0.702974583,0.0,0.0,0.0,1030
k3063,0.0,0.0,0.0,0.384300706,0.0,0.0417,0.666930572,0.0,0.0,0.0,2380
k702,0.0,0.227943989,0.228110605,0.671014807,0.2,0.0833,0.5694092,0.823313376,0.125,0.233306334,3395
k479,0.0217,0.0,0.076,0.630179114,0.0,0.0833,0.5694092,0.0,0.0,0.0327,2120
k2511,0.0652,0.0,0.0507,0.614132745,0.0,0.0833,0.656893288,0.0,0.0,0.0952,1270
k2558,0.0,0.0551,0.290322588,0.569671938,0.0,0.0417,0.517375509,0.0,0.0,0.0,2708
k1649,0.0,0.376862168,0.319354849,0.741078851,0.0,0.0833,0.646366212,0.0,0.0,0.0123,2312
k480,0.0435,0.0,0.056,0.453863513,0.0,0.25,0.635299093,0.0,0.0,0.0,713
k1330,0.0435,0.0,0.202764976,0.582473908,0.0,0.125,0.656893288,0.0,0.0,0.133279319,3380
k487,0.0435,0.152126484,0.0484,0.560479996,0.0,0.291666667,0.666930572,0.0,0.0,0.16666667,540
k359,0.087,0.0,0.290322588,0.675912747,0.0,0.0,0.517375509,0.0,0.0,0.0,1063
k832,0.0,0.0,0.0,0.541131703,0.0,0.0,0.666930572,0.79510524,0.125,0.0666,955
k601,0.0,0.0,0.0,0.634524115,0.0,0.208333333,0.711117512,0.814610209,0.125,0.0666,2410
k3273,0.0652,0.207199573,0.283870982,0.693239915,0.0,0.0833,0.584295238,0.0,0.0,0.0789,3332
k611,0.0,0.0,0.0,0.583543677,0.0,0.0417,0.536149276,0.797296463,0.0,0.0279,267
k304,0.217391304,0.277587103,0.274713833,0.55103048,0.0,0.166666667,0.740925167,0.0,0.0,0.0286,990
k2875,0.0435,0.0,0.168081487,0.521209524,0.0,0.166666667,0.635299093,0.0,0.0,0.0,2086
k1445,0.0435,0.0,0.112054332,0.507393747,0.0,0.166666667,0.635299093,0.80035183,0.0,0.0,3164
k3201,0.0,0.0,0.168081487,0.558634221,0.0,0.208333333,0.635299093,0.827911857,0.0,0.0666,2365
k356,0.0652,0.0,0.212903226,0.586335298,0.0,0.166666667,0.646366212,0.0,0.0,0.0666,3266
k505,0.0652,0.0,0.0591,0.566193139,0.0,0.0417,0.623633424,0.0,0.0,0.0606,1835
k3272,0.0652,0.152126484,0.141935491,0.821491206,0.0,0.166666667,0.584295238,0.0,0.0,0.045,757
k342,0.0,0.0,0.133064516,0.549319882,0.0,0.0417,0.448665187,0.0,0.0,0.051,2972
k3399,0.0435,0.235146178,0.370266483,0.614470706,0.0,0.166666667,0.676521598,0.750416641,0.0,0.00134,1017
k393,0.0,0.0625,0.0968,0.482438334,0.0,0.0417,0.517375509,0.0,0.0,0.0,1735
k1288,0.152173913,0.284696756,0.187855789,0.585591923,0.0,0.291666667,0.760855832,0.0,0.0,0.0,697
k105,0.0,0.304252973,0.163771719,0.744065402,0.0,0.125,0.55341952,0.82673909,0.0,0.333333345,3279
k343,0.130434783,0.365265732,0.202764976,0.753254139,0.0,0.125,0.656893288,0.0,0.0,0.233306334,482
k1775,0.0,0.0,0.0,0.590052756,0.0,0.208333333,0.656893288,0.83602864,0.0,0.0666,939
k314,0.0,0.0556,0.0,0.594765302,0.0,0.0,0.149555062,0.0,0.0,0.0,228
k2779,0.130434783,0.304252973,0.15207374,0.716043286,0.0,0.25,0.656893288,0.0,0.0,0.333333345,2531
k2595,0.0,0.0,0.112054332,0.510344579,0.0,0.0,0.635299093,0.793284365,0.0,0.133279319,1718
k844,0.0,0.0,0.106451613,0.638457723,0.0,0.0417,0.49681115,0.811554842,0.0,0.0548,515
k1377,0.173913043,0.0,0.0,0.655531616,0.0,0.333333333,0.666930572,0.0,0.0,0.133279319,2908
k2567,0.0435,0.0,0.0,0.569005394,0.0,0.25,0.646366212,0.0,0.0,0.133279319,3208
k2046,0.0,0.0,0.0,0.38954343,0.0,0.0833,0.623633424,0.0,0.0,0.0,773
k755,0.0652,0.110146179,0.177419358,0.589435649,0.0,0.0417,0.685704338,0.0,0.0,0.0946,1176
k710,0.0,0.0,0.0,0.482438334,0.0,0.0417,0.536149276,0.0,0.0,0.0279,2808
k826,0.0,0.0,0.177419358,0.602487925,0.0,0.0833,0.536149276,0.830473428,0.0,0.121486889,3147
k1825,0.0435,0.0,0.0,0.615922166,0.0,0.25,0.623633424,0.811184495,0.0,0.00134,2456
k2345,0.217391304,0.912758889,0.266129032,0.747042339,0.0,0.333333333,0.747775312,0.0,0.0,1.0,2382
k2388,0.0,0.056,0.266129032,0.560939183,0.0,0.0,0.299110125,0.0,0.0,0.0,2128
k2222,0.0435,0.152126484,0.0463,0.587506204,0.0,0.25,0.676521598,0.811400531,0.0,0.16666667,1854
k1907,0.0,0.304252973,0.177419358,0.744718502,0.0,0.0833,0.536149276,0.0,0.0,0.333333345,3350
k370,0.0652,0.0551,0.425806462,0.743418124,0.1,0.0417,0.584295238,0.886797111,0.3125,0.0,2193
k938,0.0217,0.152126484,0.212903226,0.736351182,0.0,0.166666667,0.646366212,0.0,0.0,0.233306334,2872
k1685,0.0217,0.0625,0.15207374,0.684631199,0.0,0.0833,0.5694092,0.0,0.0,0.0327,836
k251,0.0,0.0,0.0,0.385633527,0.0,0.125,0.694512174,0.0,0.0,0.0,1454
k2243,0.087,0.266715983,0.368486367,0.79053901,0.0,0.0833,0.702974583,0.0,0.0,0.299945974,2700
k1200,0.0,0.0686,0.0926,0.638055007,0.0,0.166666667,0.676521598,0.0,0.0,0.0,348
k3336,0.0,0.0573,0.354838717,0.607527607,0.0,0.0,0.386594243,0.0,0.0,0.0,2195
k1109,0.260869565,0.0,0.15207374,0.764628215,1.0,0.666666667,0.893932499,0.926486019,0.875,0.26592048,1518
k3394,0.0,0.0,0.212903226,0.825865322,0.0,0.0,0.347256087,0.0,0.0,0.0,997
k2830,0.0,0.124999999,0.187855789,0.510304405,0.0,0.0417,0.611300769,0.0,0.0,0.0,2774
k377,0.0652,0.152126484,0.0394,0.538676206,0.0,0.166666667,0.711117512,0.0,0.0,0.16666667,3034
k1222,0.0217,0.0,0.118279569,0.583543677,0.0,0.0833,0.474078361,0.0,0.0,0.0,2255
k2751,0.130434783,0.0,0.187855789,0.542305189,0.0,0.0833,0.611300769,0.0,0.0,0.0,165
k566,0.0217,0.257939243,0.375711589,0.706133449,0.1,0.0,0.611300769,0.843682489,0.125,0.199918983,1719
k994,0.0,0.11846418,0.212903226,0.658679097,0.0,0.0,0.347256087,0.0,0.0,0.0,2798
k830,0.0,0.0,0.0,0.476475901,0.0,0.0833,0.718964262,0.797296463,0.0,0.0,2130
k1097,0.0,0.227943989,0.163771719,0.777810275,0.1,0.125,0.55341952,0.841460404,0.125,0.233306334,1923
k1352,0.0,0.152126484,0.0819,0.627945629,0.0,0.125,0.55341952,0.0,0.0,0.16666667,319
k399,0.130434783,0.165219257,0.220244725,0.641373618,0.0,0.25,0.726535682,0.789025369,0.0,0.0,2469
k2171,0.0652,0.072,0.0409,0.497054972,0.0,0.0417,0.702974583,0.0,0.0,0.0,2258
k1812,0.0,0.0,0.313092993,0.615225883,0.0,0.0417,0.611300769,0.0,0.0,0.133279319,443
k3366,0.0435,0.0,0.0444,0.548185984,0.0,0.125,0.685704338,0.0,0.0,0.161191689,509
k840,0.0,0.0,0.193548396,0.450557291,0.0,0.0,0.75441466,0.766866243,0.0,0.0,1544
k555,0.0,0.0,0.15207374,0.537267109,0.0,0.0417,0.5694092,0.0,0.0,0.0666,2878
k2686,0.239130435,0.0758,0.0819,0.679939365,0.0,0.166666667,0.702974583,0.871983211,0.0,0.000672,823
k1380,0.0435,0.0,0.0,0.610334508,0.0,0.125,0.55341952,0.0,0.0,0.0327,3387
k1230,0.0435,0.0,0.0852,0.542083333,0.0,0.25,0.694512174,0.795938522,0.0,0.00134,1020
k3014,0.0,0.0,0.106451613,0.660209615,0.0,0.0833,0.49681115,0.0,0.0,0.0666,2638
k108,0.0,0.152126484,0.212903226,0.713691624,0.0,0.0833,0.49681115,0.0,0.0,0.0789,896
k1959,0.0,0.0,0.0,0.579809883,0.0,0.0,0.49681115,0.769643849,0.0,0.0,109
k3291,0.0,0.0,0.0,0.433634598,0.0,0.208333333,0.694512174,0.0,0.0,0.0,1201
k1548,0.087,0.152126484,0.0367,0.597146391,0.0,0.0833,0.726535682,0.852539967,0.0625,0.16666667,1817
k2679,0.0217,0.0,0.0,0.541885003,0.0,0.0833,0.623633424,0.0,0.0,0.0279,2958
k3110,0.087,0.220772631,0.110122363,0.634442633,0.0,0.208333333,0.726535682,0.0,0.0,0.233306334,3148
k2389,0.087,0.304252973,0.0968,0.719993503,0.0,0.25,0.666930572,0.0,0.0,0.334678136,2963
k429,0.087,0.284696756,0.0819,0.612894425,0.0,0.0833,0.55341952,0.0,0.0,0.0,1318
k1462,0.0,0.138317505,0.106451613,0.610143174,0.0,0.125,0.49681115,0.776618727,0.0,0.0666,2741
k1952,0.0435,0.0,0.115708273,0.59765177,0.0,0.375,0.82607666,0.815073144,0.0,0.199918983,506
k2753,0.0,0.0,0.0,0.569671938,0.0,0.0417,0.536149276,0.0,0.0,0.0327,386
k1152,0.0435,0.0466,0.236559137,0.607266124,0.0,0.166666667,0.623633424,0.0,0.0,0.0,315
k858,0.0652,0.152126484,0.245657567,0.731189102,0.0,0.0833,0.55341952,0.0,0.0,0.0789,3183
k3017,0.0,0.304252973,0.177419358,0.744718502,0.0,0.0833,0.536149276,0.0,0.0,0.333333345,2237
k815,0.087,0.152126484,0.241935487,0.735703592,0.0,0.0833,0.666930572,0.0,0.0,0.299945974,361
k1400,0.087,0.53939911,0.342165897,0.70706511,0.0,0.208333333,0.718964262,0.770014197,0.0,0.333333345,1974
k3432,0.0217,0.0,0.133064516,0.588272128,0.0,0.0417,0.59822025,0.839701253,0.0,0.121486889,96
k808,0.0,0.072,0.118279569,0.603220709,0.0,0.0833,0.474078361,0.0,0.0,0.0,2585
k1977,0.0,0.0,0.0,0.428760848,0.0,0.208333333,0.7338503,0.813591754,0.0,0.0,212
k2245,0.0,0.182121738,0.133064516,0.683895171,0.0,0.0,0.448665187,0.749645084,0.0625,0.0,1498
k35,0.0217,0.0,0.177419358,0.522609242,0.0,0.166666667,0.623633424,0.0,0.0,0.0,910
k426,0.0,0.0,0.0,0.438248233,0.0,0.166666667,0.702974583,0.0,0.0,0.0,816
k3357,0.0435,0.0551,0.228110605,0.676333362,0.0,0.0417,0.5694092,0.813869514,0.0,0.188126538,3217
k1458,0.0,0.0758,0.319354849,0.755377692,0.0,0.0,0.49681115,0.822171471,0.125,0.0666,1003
k1376,0.130434783,0.0,0.112054332,0.585121169,0.0,0.0833,0.635299093,0.0,0.0,0.0327,1558
k2115,0.0,0.0,0.212903226,0.513632786,0.0,0.0833,0.584295238,0.0,0.0,0.0,820
k1829,0.0,0.0,0.0,0.447549637,0.0,0.0833,0.676521598,0.785970002,0.0625,0.0,1635
k2873,0.0,0.0,0.0,0.533755131,0.0,0.0,0.536149276,0.744645392,0.0,0.0,382
k923,0.0,0.0,0.0,0.50965615,0.0,0.166666667,0.718964262,0.811184495,0.125,0.0,3291
k3048,0.0435,0.152126484,0.0484,0.562135374,0.0,0.125,0.666930572,0.0,0.0,0.16666667,2112
k3203,0.0217,0.0,0.177419358,0.652153252,0.0,0.166666667,0.623633424,0.0,0.0,0.0666,2026
k785,0.087,0.110146179,0.170322581,0.598467285,0.0,0.0833,0.694512174,0.0,0.0,0.133279319,3364
k2181,0.087,0.0,0.0,0.553827494,0.0,0.125,0.676521598,0.808530338,0.0625,0.0,2717
k2503,0.0435,0.152126484,0.202764976,0.587469196,0.0,0.166666667,0.656893288,0.0,0.0,0.16666667,3044
k301,0.0652,0.0,0.0426,0.650162062,0.0,0.208333333,0.694512174,0.0,0.0,0.133951716,2519
k2545,0.326086957,0.220292358,0.290322588,0.613595516,0.0,0.208333333,0.75441466,0.0,0.0625,0.133279319,2479
k1069,0.0435,0.339626473,0.224108663,0.715135347,0.0,0.0833,0.635299093,0.78593914,0.1875,0.000672,3037
k1645,0.0,0.0,0.313092993,0.502835918,0.0,0.0833,0.611300769,0.0,0.0,0.0,2115
k1808,0.0,0.0,0.0,0.55329894,0.0,0.291666667,0.656893288,0.845904574,0.0,0.133279319,611
k558,0.0,0.0,0.0,0.655264232,0.0,0.0417,0.419854137,0.0,0.0,0.0,2988
k624,0.0,0.189548657,0.532258064,0.67333243,0.0,0.0,0.448665187,0.755910129,0.125,0.0,1586
k2024,0.0,0.0,0.0,0.584995137,0.0,0.0417,0.536149276,0.0,0.0,0.0279,346
k1496,0.0435,0.0,0.0,0.449293257,0.0,0.0,0.656893288,0.0,0.0,0.0279,1345
k2819,0.0,0.0,0.0,0.583543677,0.0,0.125,0.474078361,0.783439294,0.0,0.0,211
k2980,0.0,0.244621738,0.118279569,0.706469027,0.0,0.0,0.474078361,0.786402074,0.0625,0.0,1290
k2218,0.0,0.0515,0.354838717,0.70863549,0.0,0.0,0.584295238,0.0,0.0,0.0666,2594
k2269,0.0,0.0,0.253456223,0.431282897,0.0,0.0,0.656893288,0.0,0.0,0.0666,223
k2438,0.0,0.0,0.212903226,0.481055576,0.0,0.0,0.347256087,0.0,0.0,0.0,155
k1855,0.0,0.0,0.0,0.480035478,0.0,0.208333333,0.711117512,0.795197827,0.125,0.0,3424
k1686,0.0,0.124999999,0.532258064,0.488275946,0.0,0.0,0.59822025,0.0,0.0,0.0666,3233
k2353,0.0,0.0,0.0,0.627945629,0.0,0.0833,0.55341952,0.0,0.0,0.0279,1255
k680,0.108695652,0.0,0.122828789,0.717051347,0.0,0.166666667,0.702974583,0.859360533,0.0625,0.0555,531
k2185,0.0217,0.152126484,0.177419358,0.616599652,0.0,0.166666667,0.623633424,0.0,0.0,0.167339068,2471
k1529,0.0,0.0,0.177419358,0.598112442,0.0,0.0,0.386594243,0.0,0.0,0.0,2466
k1583,0.0435,0.304252973,0.202764976,0.786113309,0.0,0.166666667,0.656893288,0.0,0.0,0.399972984,172
k1589,0.087,0.0,0.145161294,0.588888532,0.0,0.375,0.903969722,0.811801741,0.0,0.199918983,333
k2890,0.0,0.0,0.0,0.682514016,0.0,0.0417,0.536149276,0.0,0.0,0.0279,1191
k3055,0.0,0.0,0.0,0.489785244,0.0,0.0833,0.676521598,0.793376952,0.125,0.0,1531
k3138,0.0,0.152126484,0.0887,0.80947595,0.0,0.166666667,0.536149276,0.0,0.0,0.232006232,2239
k274,0.0,0.283017067,0.456221199,0.713691624,0.0,0.0,0.419854137,0.8085612,0.125,0.233306334,3145
k1059,0.0,0.11846418,0.473118285,0.684956264,0.0,0.0,0.474078361,0.0,0.0,0.0666,2003
k575,0.130434783,0.262272651,0.245657567,0.602487925,0.0,0.208333333,0.702974583,0.0,0.0,0.167339068,3363
k1093,0.0,0.0,0.0,0.459297588,0.0,0.0417,0.611300769,0.0,0.0,0.0,1277
k2709,0.130434783,0.365265732,0.202764976,0.753254139,0.0,0.125,0.656893288,0.0,0.0,0.233306334,1501
k2342,0.0217,0.0573,0.228110605,0.677390664,0.0,0.0833,0.5694092,0.0,0.0,0.133279319,2135
k1609,0.0,0.0,0.0968,0.67389381,0.0,0.125,0.517375509,0.0,0.0,0.0666,2164
k1234,0.0435,0.072,0.212903226,0.752700927,0.0,0.0833,0.584295238,0.0,0.0,0.0,1789
k1061,0.0,0.0,0.0,0.461882907,0.0,0.0833,0.59822025,0.0,0.0,0.0666,2030
k3339,0.0217,0.0,0.0444,0.619324838,0.0,0.25,0.685704338,0.0,0.0,0.161191689,2729
k2639,0.0,0.301916495,0.580645176,0.777487554,0.0,0.0,0.517375509,0.757237208,0.0,0.0,2457
k1989,0.0,0.152126484,0.0887,0.694185605,0.0,0.166666667,0.536149276,0.0,0.0,0.16666667,2866
k2695,0.0652,0.0,0.0591,0.566193139,0.0,0.0417,0.623633424,0.0,0.0,0.0286,1844
k532,0.0217,0.300553196,0.504244492,0.631524785,0.1,0.0833,0.635299093,0.799395099,0.125,0.0666,3153
k1436,0.0,0.330438525,0.827957002,0.502977191,0.0,0.0,0.474078361,0.0,0.0,0.0,745
k3406,0.0217,0.0,0.283870982,0.587342656,0.0,0.166666667,0.7338503,0.0,0.0,0.133279319,776
k1452,0.130434783,0.224102042,0.127741935,0.702740001,0.0,0.125,0.694512174,0.0,0.0,0.233306334,3243
k1335,0.087,0.0,0.138849927,0.631664573,0.0,0.25,0.676521598,0.0,0.0,0.133279319,569
k1167,0.0,0.0,0.0,0.4518504,0.0,0.208333333,0.666930572,0.0,0.0,0.000672,3158
k2428,0.0,0.152126484,0.177419358,0.77681636,0.0,0.0,0.386594243,0.0,0.0,0.16666667,3376
k2933,0.0,0.189548657,0.580645176,0.699499314,0.0,0.0,0.517375509,0.0,0.0,0.0123,741
k2141,0.0652,0.0,0.456221199,0.501889954,0.0,0.208333333,0.76711024,0.0,0.0,0.133279319,2667
k261,0.087,0.0,0.0,0.615278015,0.0,0.25,0.646366212,0.0,0.0,0.133279319,2362
k831,0.0,0.113258934,0.354838717,0.683895171,0.0,0.0,0.237039181,0.0,0.0,0.0,2846
k2812,0.0,0.152126484,0.071,0.602487925,0.0,0.0833,0.584295238,0.0,0.0,0.16666667,2322
k448,0.0,0.0,0.0,0.563000286,0.0,0.333333333,0.740925167,0.846182334,0.0,0.133279319,2406
k1131,0.130434783,0.222514023,0.31541219,0.623409255,0.0,0.25,0.711117512,0.0,0.0,0.000672,2501
k1053,0.0217,0.072,0.30414748,0.700019974,0.0,0.0833,0.5694092,0.0,0.0,0.0673,2319
k51,0.0,0.0758,0.319354849,0.765646203,0.0,0.0,0.49681115,0.839546942,0.125,0.133279319,433
k1537,0.0,0.0,0.0,0.513751705,0.0,0.166666667,0.694512174,0.799209925,0.0,0.0,136
k2623,0.0,0.0,0.0507,0.390797241,0.0,0.0,0.656893288,0.0,0.0,0.0,146
k2673,0.0,0.0,0.266129032,0.707842484,0.0,0.0,0.299110125,0.0,0.0,0.0666,2934
k1184,0.0652,0.152126484,0.266129032,0.675061864,0.0,0.0833,0.59822025,0.0,0.0,0.0789,301
k573,0.0,0.0,0.0,0.582179286,0.0,0.208333333,0.623633424,0.0,0.0,0.000672,2938
k2869,0.0,0.0758,0.266129032,0.608337143,0.0,0.0,0.299110125,0.806802049,0.125,0.133279319,3359
k1793,0.0435,0.0,0.0,0.550774351,0.0,0.0833,0.59822025,0.0,0.0625,0.000672,1633
k3254,0.130434783,0.608505946,0.15207374,0.710882027,0.0,0.333333333,0.718964262,0.0,0.0,0.733306305,325
k917,0.0,0.0,0.0,0.474631847,0.0,0.0833,0.694512174,0.0,0.0,0.0789,3412
k3363,0.0,0.0,0.0887,0.687137851,0.0,0.125,0.536149276,0.81380779,0.0,0.121486889,2042
k1297,0.391304348,0.0,0.129032257,0.535057072,0.0,0.166666667,0.75441466,0.0,0.0,0.0327,1373
k3296,0.0435,0.142348377,0.15967743,0.51778954,0.0,0.125,0.646366212,0.0,0.0,0.0,832
k1748,0.0,0.0502,0.319354849,0.561723005,0.0,0.0417,0.49681115,0.0,0.0,0.000672,143
k947,0.0,0.0,0.0,0.390538334,0.0,0.125,0.635299093,0.0,0.0,0.0,353
k2562,0.0652,0.0,0.0,0.439239529,0.0,0.166666667,0.718964262,0.0,0.0,0.000672,263
k2534,0.0,0.0,0.0,0.718645097,0.0,0.125,0.474078361,0.788408123,0.0,0.0,459
k504,0.0,0.0,0.0,0.509061396,0.0,0.166666667,0.711117512,0.804610826,0.0,0.0,3073
k1043,0.0,0.0,0.0591,0.566193139,0.0,0.125,0.623633424,0.0,0.0,0.0666,1241
k2807,0.0652,0.0,0.071,0.542305189,0.0,0.125,0.584295238,0.0,0.0,0.0286,3420
k1665,0.0652,0.072,0.0507,0.518930082,0.0,0.0417,0.656893288,0.0,0.0,0.0,1965
k1143,0.0217,0.072,0.141935491,0.552095402,0.0,0.125,0.584295238,0.0,0.0,0.0,2062
k3022,0.0,0.380070458,0.212903226,0.731189102,0.1,0.125,0.584295238,0.860841923,0.125,0.399972984,3389
k3016,0.0,0.0,0.0,0.582179286,0.0,0.0833,0.623633424,0.790907969,0.0,0.0279,829
k661,0.0,0.0,0.0,0.493893148,0.0,0.25,0.676521598,0.0,0.0,0.0,2500
k216,0.0435,0.0,0.177419358,0.579640706,0.0,0.25,0.685704338,0.0,0.0,0.0,1007
k1302,0.087,0.0,0.0,0.635501069,0.0,0.291666667,0.635299093,0.0,0.0,0.00134,2542
k2532,0.0,0.0,0.0,0.385024431,0.0,0.125,0.474078361,0.0,0.0,0.0,2444
k1465,0.0,0.0,0.0,0.578621585,0.0,0.166666667,0.646366212,0.82081353,0.0,0.0666,1463
k279,0.0,0.0,0.0,0.549319882,0.0,0.0,0.448665187,0.0,0.0,0.133279319,1407
k2573,0.0,0.0,0.0,0.436629433,0.0,0.0833,0.711117512,0.0,0.0,0.0,2116
k3000,0.0,0.0625,0.30414748,0.604742004,0.0,0.0417,0.5694092,0.0,0.0,0.0243,1842
k1913,0.0435,0.00701,0.106451613,0.63679367,0.0,0.166666667,0.646366212,0.798777853,0.0625,0.0,898
k956,0.0,0.158906404,0.491315135,0.733415904,0.0,0.0,0.55341952,0.0,0.0,0.133279319,2965
k3155,0.0217,0.102942225,0.456221199,0.709686187,0.0,0.0,0.5694092,0.0,0.0,0.133279319,1852
k117,0.0,0.151635011,0.0,0.510413633,0.0,0.125,0.718964262,0.83899142,0.0,0.0,340
k3211,0.0,0.0625,0.0409,0.561084364,0.0,0.291666667,0.702974583,0.784210851,0.0,0.000672,1932
k1183,0.0435,0.152126484,0.0591,0.585591923,0.0,0.208333333,0.623633424,0.0,0.0,0.16666667,1461
k3283,0.0,0.0625,0.15207374,0.660209615,0.0,0.0,0.419854137,0.0,0.0,0.0666,1359
k854,0.0,0.0,0.0,0.438248233,0.0,0.125,0.694512174,0.803098574,0.0,0.0,3299
k2254,0.0217,0.0,0.0,0.486480272,0.0,0.208333333,0.676521598,0.0,0.0,0.0,2755
k674,0.0,0.0,0.0,0.486480272,0.0,0.208333333,0.676521598,0.790722795,0.0,0.0,2676
k2855,0.0,0.214626483,0.266129032,0.719993503,0.0,0.0833,0.536149276,0.764428122,0.0,0.0,1111
k414,0.0,0.0,0.266129032,0.712449944,0.0,0.0,0.448665187,0.0,0.0,0.0666,785
k3345,0.087,0.45637943,0.193548396,0.721163863,0.0,0.208333333,0.666930572,0.0,0.0,0.499999975,480
k1892,0.0652,0.0,0.0852,0.512829268,0.0,0.25,0.694512174,0.0,0.0,0.00134,1906
k303,0.0,0.0,0.133064516,0.576083123,0.0,0.0,0.59822025,0.0,0.0,0.133279319,2097
k1248,0.087,0.0,0.168081487,0.593905666,0.0,0.25,0.635299093,0.0,0.0,0.0,1202
k486,0.282608696,0.235146178,0.30414748,0.713817422,0.0,0.375,0.76711024,0.0,0.0,0.0666,2352
k2480,0.0,0.152126484,0.30414748,0.699499314,0.0,0.0,0.419854137,0.0,0.0,0.16666667,454
k1538,0.087,0.157855831,0.224108663,0.779835464,0.0,0.0833,0.635299093,0.0,0.0,0.0789,501
k1078,0.0,0.0,0.0,0.582179286,0.0,0.208333333,0.623633424,0.0,0.0,0.000672,779
k2919,0.0,0.0643,0.133064516,0.807295301,0.0,0.125,0.59822025,0.0,0.0,0.0666,434
k1060,0.0,0.0625,0.112054332,0.475167669,0.0,0.0,0.635299093,0.757360657,0.0625,0.0,2775
k1739,0.0435,0.0,0.0,0.467970942,0.0,0.208333333,0.59822025,0.0,0.0,0.0,1512
k2177,0.087,0.147471453,0.212903226,0.671266832,0.0,0.0,0.49681115,0.0,0.0,0.0666,2162
k3350,0.087,0.182121738,0.071,0.511764384,0.0,0.0,0.584295238,0.0,0.0,0.0,1044
k2956,0.130434783,0.152126484,0.166330645,0.68276057,0.0,0.166666667,0.747775312,0.0,0.0,0.299945974,2368
k2253,0.0435,0.152126484,0.056,0.613574295,0.0,0.208333333,0.635299093,0.814764521,0.0625,0.16666667,1564
k3121,0.108695652,0.304252973,0.0852,0.640995014,0.0,0.25,0.694512174,0.0,0.0,0.333333345,2792
k291,0.0,0.249999999,0.342165897,0.528802206,0.0,0.166666667,0.718964262,0.769150052,0.0,0.0,608
k1798,0.0,0.0,0.0,0.38954343,0.0,0.0833,0.623633424,0.0,0.0,0.0,27
k1823,0.0435,0.0,0.0,0.576863897,0.0,0.208333333,0.635299093,0.0,0.0,0.133279319,3253
k2410,0.0,0.45637943,0.187855789,0.770905161,0.0,0.208333333,0.611300769,0.0,0.0,0.532669808,79
k256,0.0,0.0,0.0,0.528218824,0.0,0.0,0.237039181,0.0,0.0,0.0,2954
k2285,0.0,0.0,0.0,0.652311095,0.0,0.333333333,0.666930572,0.851830134,0.0,0.133279319,1804
k3389,0.0,0.124999999,0.456221199,0.553083181,0.0,0.0,0.419854137,0.0,0.0,0.0666,3086
k95,0.0,0.0,0.177419358,0.704064022,0.0,0.0,0.536149276,0.0,0.0,0.0789,3010
k2482,0.0,0.0,0.076,0.52279999,0.0,0.0833,0.5694092,0.0,0.0,0.0789,978
k2795,0.087,0.152126484,0.0367,0.584930577,0.0,0.125,0.726535682,0.832757237,0.0,0.16666667,2909
k2560,0.0,0.0,0.0,0.467970942,0.0,0.0,0.59822025,0.0,0.0,0.0,3374
k444,0.130434783,0.304252973,0.0852,0.640995014,0.0,0.0833,0.694512174,0.0,0.0,0.333333345,1480
k289,0.0,0.0,0.0,0.436629433,0.0,0.0417,0.711117512,0.809795692,0.0,0.0,2962
k2495,0.0435,0.258179208,0.504244492,0.737011512,0.2,0.0,0.635299093,0.825874946,0.3125,0.266558642,116
k2374,0.0652,0.152126484,0.0507,0.598733067,0.0,0.125,0.656893288,0.0,0.0,0.16666667,3226
k2913,0.108695652,0.197421454,0.129032257,0.719099633,0.0,0.208333333,0.75441466,0.0,0.0,0.0666,2765
k457,0.0,0.0573,0.283870982,0.58695901,0.0,0.125,0.584295238,0.0,0.0,0.0666,2949
k795,0.0652,0.0,0.171696147,0.64707789,0.0,0.291666667,0.740925167,0.0,0.0,0.00134,1847
k3243,0.0435,0.142348377,0.0,0.598112442,0.0,0.0833,0.55341952,0.0,0.0,0.0327,2532
k2652,0.087,0.0,0.0,0.615278015,0.0,0.25,0.646366212,0.0,0.0,0.133279319,2446
k126,0.0652,0.0,0.0,0.454332353,0.0,0.0417,0.646366212,0.0,0.0,0.0,1730
k1174,0.0,0.182121738,0.106451613,0.631993195,0.0,0.0,0.49681115,0.0,0.0,0.0,1090
k1325,0.0435,0.0,0.0626,0.541885003,0.0,0.208333333,0.611300769,0.795876798,0.0,0.0,1479
k682,0.0,0.0,0.0,0.609805408,0.0,0.0833,0.646366212,0.800660453,0.0,0.0279,174
k1821,0.0435,0.142348377,0.15967743,0.51778954,0.0,0.125,0.646366212,0.0,0.0,0.0,3272
k1223,0.0217,0.0,0.118279569,0.489133199,0.0,0.0833,0.474078361,0.0,0.0,0.0,590
k179,0.0217,0.152126484,0.193548396,0.616740808,0.0,0.125,0.666930572,0.0,0.0,0.233306334,331
k2275,0.0435,0.0,0.0,0.467970942,0.0,0.208333333,0.59822025,0.0,0.0,0.0,2407
k3060,0.087,0.0,0.168081487,0.547929543,0.0,0.0417,0.635299093,0.0,0.0,0.0,2384
k3130,0.0,0.00701,0.071,0.764319133,0.0,0.125,0.584295238,0.0,0.0,0.0666,581
k475,0.0,0.187499999,0.462833079,0.542527826,0.0,0.0,0.676521598,0.0,0.0,0.199918983,1915
k585,0.0,0.0,0.0968,0.575001279,0.0,0.0833,0.517375509,0.810567249,0.0,0.0666,1223
k1058,0.087,0.0551,0.0,0.483176394,0.0,0.0833,0.656893288,0.0,0.0,0.0,2400
k1407,0.869565217,0.290219256,0.351393666,0.714841897,0.0,0.416666667,1.0,0.857231035,0.625,0.56727037,1771
k685,0.0,0.0,0.0,0.451233292,0.0,0.125,0.666930572,0.0,0.0,0.0666,1798
k1833,0.0,0.0,0.106451613,0.593905666,0.0,0.0833,0.49681115,0.0,0.0,0.0666,1831
k2934,0.0217,0.0,0.193548396,0.604914111,0.0,0.125,0.517375509,0.0,0.0,0.0,2956
k2719,0.0,0.0758,0.137356911,0.477182111,0.2,0.0,0.740925167,0.744398494,0.25,0.0666,279
k1834,0.0217,0.0,0.125237193,0.458535885,0.0,0.166666667,0.611300769,0.0,0.0,0.0,1429
k2904,0.0217,0.072,0.290322588,0.614470706,0.0,0.0417,0.517375509,0.0,0.0,0.0,1351
k1896,0.0435,0.0,0.118279569,0.59078046,0.0,0.333333333,0.821334448,0.813437442,0.0,0.199918983,3083
k3356,0.0,0.0,0.0591,0.4518504,0.0,0.125,0.623633424,0.0,0.0,0.0,577
k364,0.0435,0.152126484,0.056,0.623205298,0.0,0.0417,0.635299093,0.0,0.0,0.16666667,586
k121,0.0,0.152126484,0.106451613,0.775821703,0.0,0.0833,0.49681115,0.0,0.0,0.16666667,3294
k696,0.0435,0.0,0.245657567,0.632568448,0.0,0.166666667,0.702974583,0.0,0.0,0.199918983,1112
k1341,0.0652,0.227943989,0.170322581,0.618649071,0.3,0.25,0.694512174,0.883309672,0.125,0.0789,1188
k687,0.108695652,0.45637943,0.127741935,0.703273556,0.0,0.125,0.694512174,0.0,0.0,0.499999975,1042
k2042,0.0652,0.112367844,0.187855789,0.802374539,0.0,0.0833,0.611300769,0.0,0.0,0.0666,2849
k1567,0.173913043,0.0,0.0626,0.558634221,0.0,0.25,0.611300769,0.0,0.0,0.0,299
k2702,0.0435,0.0,0.283870982,0.587342656,0.0,0.166666667,0.7338503,0.0,0.0,0.133279319,2910
k792,0.0,0.0,0.0463,0.589225204,0.3,0.0417,0.676521598,0.888741436,0.1875,0.0501,1710
k955,0.0,0.182121738,0.532258064,0.603841216,0.0,0.0,0.386594243,0.0,0.0,0.0,3111
k2549,0.087,0.152126484,0.163771719,0.61234516,0.0,0.25,0.702974583,0.0,0.0,0.0789,1609
k2850,0.0,0.0,0.266129032,0.516704022,0.0,0.0,0.299110125,0.0,0.0,0.0666,3242
k2794,0.0,0.0758,0.266129032,0.562513353,0.2,0.25,0.685704338,0.811709154,0.1875,0.133279319,1279
k2434,0.0,0.0,0.0,0.482395737,0.0,0.125,0.685704338,0.0,0.0,0.133279319,2715
k2774,0.0,0.0,0.0,0.438248233,0.0,0.125,0.694512174,0.806153941,0.0,0.0,2191
k1822,0.0,0.0,0.0,0.389127552,0.0,0.166666667,0.59822025,0.0,0.0,0.0,1542
k541,0.0,0.130890595,0.591397875,0.606164897,0.1,0.0,0.474078361,0.796463181,0.25,0.0666,2491
k1957,0.0,0.0,0.0,0.622021339,0.0,0.0833,0.448665187,0.0,0.0,0.0,1331
k3361,0.0652,0.431541556,0.336162973,0.799496161,0.1,0.125,0.635299093,0.835534844,0.1875,0.399972984,2317
k1412,0.0,0.0,0.193548396,0.583543677,0.0,0.0417,0.517375509,0.0,0.0,0.0666,1448
k641,0.0435,0.072,0.112054332,0.514043944,0.0,0.166666667,0.635299093,0.0,0.0,0.0,953
k1500,0.260869565,0.214626483,0.137356911,0.721158079,0.0,0.166666667,0.740925167,0.802172705,0.0,0.199336453,2664
k300,0.0,0.0,0.0,0.382375302,0.0,0.0833,0.646366212,0.0,0.0,0.0,798
k1639,0.087,0.0,0.149697581,0.582744496,0.0,0.333333333,0.897330375,0.841028332,0.0,0.266558642,983
k3245,0.0217,0.152126484,0.266129032,0.658555488,0.0,0.0833,0.59822025,0.0,0.0,0.0789,2448
k2982,0.0,0.102942225,0.0,0.538824788,0.0,0.0,0.237039181,0.0,0.0,0.0,2234
k2536,0.0652,0.296590124,0.114055303,0.639661262,0.3,0.208333333,0.718964262,0.885284859,0.125,0.233306334,1208
k3153,0.0,0.187499999,0.532258064,0.528218824,0.0,0.0,0.448665187,0.0,0.0,0.0,1054
k3295,0.0,0.110146179,0.266129032,0.529158613,0.0,0.0833,0.536149276,0.782050491,0.0,0.0,149
k2944,0.087,0.304252973,0.0819,0.682514016,0.0,0.333333333,0.702974583,0.880223443,0.0,0.466612663,1905
k235,0.0,0.0,0.177419358,0.660209615,0.0,0.0,0.386594243,0.0,0.0,0.0666,2316
k2404,0.0,0.0,0.133064516,0.546864307,0.0,0.125,0.59822025,0.0,0.0,0.0,1313
k2259,0.0435,0.152126484,0.0591,0.668958041,0.0,0.0417,0.623633424,0.0,0.0,0.16666667,100
k988,0.0435,0.0,0.0,0.441709602,0.0,0.0,0.694512174,0.0,0.0,0.0,827
k2296,0.260869565,0.414399158,0.290322588,0.734484578,0.0,0.333333333,0.75441466,0.0,0.0,0.399972984,2293
k912,0.0652,0.0,0.056,0.556840658,0.0,0.0417,0.635299093,0.0,0.0,0.0279,855
k2750,0.0,0.124999999,0.224108663,0.500141762,0.0,0.125,0.635299093,0.0,0.0,0.0,2926
k2918,0.087,0.152126484,0.056,0.65996142,0.0,0.0833,0.635299093,0.0,0.0,0.199336453,486
k2139,0.0,0.0,0.0,0.445226777,0.0,0.166666667,0.656893288,0.0,0.0,0.0666,784
k1988,0.0435,0.0758,0.212903226,0.636655093,0.1,0.125,0.646366212,0.835473119,0.125,0.0666,677
k217,0.087,0.0509,0.157706095,0.520483149,0.0,0.0833,0.711117512,0.0,0.0,0.0123,2031
k1704,0.0,0.0,0.141935491,0.51781076,0.0,0.0833,0.584295238,0.0,0.0,0.0,2394
k2828,0.0652,0.0,0.177419358,0.513994117,0.0,0.166666667,0.623633424,0.0,0.0,0.000672,1809
k759,0.0,0.0,0.0,0.756685066,0.0,0.0,0.474078361,0.813653478,0.0625,0.0789,1397
k630,0.108695652,0.304252973,0.0968,0.660209615,0.0,0.0833,0.666930572,0.0,0.0,0.333333345,1533
k1624,0.0217,0.134475568,0.290322588,0.623502069,0.0,0.0833,0.517375509,0.0,0.0,0.0,518
k911,0.0,0.056,0.354838717,0.660209615,0.0,0.0,0.386594243,0.0,0.0,0.0,1124
k954,0.087,0.222514023,0.310483864,0.553279674,0.0,0.166666667,0.685704338,0.0,0.0,0.000672,2222
k3202,0.0435,0.134475568,0.448217316,0.673503873,0.0,0.0417,0.635299093,0.0,0.0,0.0402,3342
k3102,0.0,0.0,0.0,0.611852912,0.0,0.0833,0.517375509,0.0,0.0625,0.0,1523
k1811,0.0,0.0,0.133064516,0.622021339,0.0,0.0417,0.448665187,0.0,0.0,0.0279,2645
k200,0.0,0.108765862,0.387096781,0.559984426,0.0,0.0417,0.517375509,0.0,0.0,0.0,1980
k3239,0.0435,0.0,0.0,0.441709602,0.0,0.0833,0.702974583,0.0,0.0,0.000672,954
k847,0.0652,0.0,0.0444,0.549522667,0.0,0.0833,0.685704338,0.819702488,0.0,0.0666,985
k2014,0.0,0.0,0.0409,0.481720244,0.0,0.0833,0.702974583,0.0,0.0,0.0666,1249
k2406,0.0,0.0,0.0,0.594765302,0.0,0.0,0.149555062,0.0,0.0,0.0,2139
k719,0.0,0.0,0.212903226,0.721583423,0.0,0.0,0.347256087,0.0,0.0,0.0666,2010
k3392,0.0,0.0,0.0,0.433634598,0.0,0.208333333,0.694512174,0.0,0.0,0.0,2096
k2829,0.0,0.0551,0.193548396,0.54392559,0.0,0.125,0.517375509,0.780785137,0.0,0.000672,2970
k2237,0.0217,0.202866166,0.465725806,0.690035417,0.1,0.0,0.59822025,0.843682489,0.125,0.199918983,2919
k3342,0.0,0.11192836,0.425806462,0.699499314,0.0,0.0,0.347256087,0.0,0.0,0.0,1928
k2383,0.0435,0.214626483,0.15207374,0.644708095,0.0,0.0833,0.5694092,0.0,0.0,0.16666667,2927
k2760,0.0,0.152126484,0.0968,0.679969457,0.0,0.125,0.517375509,0.0,0.0,0.16666667,2047
k2660,0.087,0.202544533,0.283870982,0.714625356,0.0,0.0833,0.584295238,0.80371582,0.0,0.0,2614
k3344,0.0,0.119794754,0.456221199,0.660244982,0.0,0.0,0.419854137,0.0,0.0,0.0666,43
k2397,0.0435,0.0,0.0,0.502835918,0.0,0.125,0.623633424,0.0,0.0,0.0,3189
k1063,0.0,0.0,0.0968,0.559984426,0.0,0.0833,0.517375509,0.0,0.0,0.0666,717
k158,0.0217,0.214626483,0.266129032,0.650481109,0.0,0.0833,0.536149276,0.746281094,0.0,0.16666667,676
k2102,0.0,0.182121738,0.532258064,0.657124154,0.0,0.0,0.448665187,0.830195667,0.0,0.0548,503
k720,0.0217,0.0,0.277699854,0.660168659,0.0,0.125,0.676521598,0.0,0.0,0.133279319,2057
k1466,0.0435,0.304252973,0.202764976,0.660244982,0.0,0.166666667,0.656893288,0.0,0.0,0.333333345,3041
k1289,0.260869565,0.0,0.327543437,0.554829185,0.0,0.0,0.55341952,0.0,0.0,0.119819503,156
k185,0.0217,0.124999999,0.199596774,0.684631199,0.0,0.0417,0.59822025,0.0,0.0,0.0,2156
k833,0.0217,0.072,0.212903226,0.647893562,0.0,0.0833,0.49681115,0.0,0.0,0.0,2333
k431,0.0,0.304252973,0.15207374,0.747740459,0.0,0.166666667,0.5694092,0.0,0.0,0.333333345,1288
k208,0.260869565,0.0758,0.191612914,0.702993159,0.2,0.541666667,0.844067237,0.846953892,0.375,0.116784893,2527
k2187,0.0217,0.152126484,0.245657567,0.731189102,0.0,0.0833,0.55341952,0.842910931,0.0,0.288153549,2442
k942,0.0,0.0,0.0,0.507393747,0.0,0.25,0.685704338,0.0,0.0,0.000672,2363
k2053,0.391304348,0.0802,0.125237193,0.580305335,0.0,0.166666667,0.760855832,0.0,0.0,0.0,2473
k170,0.0,0.0,0.0426,0.52279999,0.0,0.0,0.694512174,0.0,0.0,0.266558642,3016
k114,0.0,0.0,0.0409,0.440468274,0.0,0.0417,0.702974583,0.788253811,0.0,0.0,840
k711,0.087,0.304252973,0.0968,0.719993503,0.0,0.25,0.666930572,0.0,0.0,0.334678136,826
k177,0.0217,0.304252973,0.145161294,0.776570666,0.2,0.166666667,0.666930572,0.896426147,0.25,0.383478553,2379
k2564,0.0,0.0,0.0,0.50640929,0.0,0.0833,0.623633424,0.787760015,0.0,0.0,2070
k3194,0.0,0.0,0.118279569,0.590388256,0.2,0.0417,0.711117512,0.900530831,0.1875,0.0,685
k1716,0.0,0.117573089,0.387096781,0.693879689,0.0,0.0,0.517375509,0.0,0.0,0.133279319,1943
k227,0.0,0.0,0.0,0.467970942,0.0,0.166666667,0.59822025,0.0,0.0,0.000672,1146
k2263,0.0,0.0,0.212903226,0.744718502,0.0,0.0,0.347256087,0.0,0.0,0.0666,2437
k985,0.195652174,0.0,0.0665,0.681316535,0.0,0.291666667,0.747775312,0.895685452,0.0,0.149399255,1219
k1596,0.0435,0.182121738,0.465725806,0.643557471,0.0,0.0,0.59822025,0.0,0.0,0.133279319,41
k1180,0.0,0.0,0.30414748,0.631451979,0.0,0.0,0.419854137,0.0,0.0,0.0243,878
k3325,0.52173913,0.220292358,0.125237193,0.572727425,0.0,0.0833,0.760855832,0.0,0.0,0.0,2186
k516,0.0,0.0,0.171696147,0.554804291,0.0,0.0,0.740925167,0.842447997,0.125,0.212217222,1242
k1219,0.0,0.0,0.0,0.481720244,0.0,0.0833,0.702974583,0.818097648,0.0,0.0,1138
k2955,0.0652,0.0625,0.118279569,0.731090777,0.0,0.0833,0.623633424,0.790012962,0.1875,0.0,3214
k1860,0.0652,0.110146179,0.0394,0.610056729,0.0,0.125,0.711117512,0.0,0.0,0.133279319,2662
k966,0.0,0.320439246,0.591397875,0.717734969,0.1,0.0,0.474078361,0.761928276,0.1875,0.0666,3065
k1651,0.0,0.0,0.177419358,0.645861533,0.0,0.0417,0.536149276,0.0,0.0,0.0666,602
k3075,0.0,0.152126484,0.212903226,0.652311095,0.0,0.0,0.347256087,0.0,0.0,0.16666667,972
k1990,0.0435,0.152126484,0.15967743,0.771377596,0.0,0.0833,0.646366212,0.0,0.0,0.299945974,286
k3193,0.0435,0.152126484,0.0532,0.646393408,0.0,0.208333333,0.646366212,0.0,0.0,0.167339068,3324
k1042,0.0217,0.0,0.202764976,0.551969604,0.0,0.125,0.656893288,0.0,0.0,0.133279319,762
k2645,0.0,0.0758,0.0887,0.786783878,0.1,0.166666667,0.536149276,0.835287945,0.125,0.0666,240
k2861,0.0435,0.102942225,0.290322588,0.561066895,0.0,0.25,0.666930572,0.0,0.0,0.0,724
k662,0.0,0.00701,0.0,0.732868201,0.0,0.125,0.536149276,0.0,0.0,0.0,3265
k2367,0.0,0.0,0.266129032,0.516704022,0.0,0.0,0.299110125,0.0,0.0,0.0666,2629
k1435,0.0,0.303270027,0.496774197,0.616139215,0.2,0.0,0.584295238,0.84275662,0.5,0.266558642,3377
k3011,0.0217,0.0758,0.39219015,0.660620929,0.1,0.0833,0.635299093,0.763965187,0.25,0.152314751,466
k1767,0.0,0.0,0.0,0.647841273,0.0,0.0833,0.584295238,0.0,0.0,0.133279319,154
k1299,0.0435,0.0,0.224108663,0.559648731,0.0,0.125,0.635299093,0.842447997,0.0,0.121486889,781
k3031,0.0,0.0,0.0626,0.594178286,0.0,0.0417,0.611300769,0.0,0.0,0.0,3241
k492,0.260869565,0.304252973,0.230165653,0.743237732,0.0,0.291666667,0.779100159,0.0,0.0,0.333333345,475
k1531,0.0,0.421826071,0.532258064,0.744419894,0.0,0.0,0.49681115,0.0,0.0,0.0,259
k2321,0.0,0.185946687,0.638709698,0.797372256,0.0,0.0,0.347256087,0.737855688,0.0,0.0,398
k164,0.108695652,0.0,0.0,0.521209524,0.0,0.125,0.676521598,0.0,0.0,0.0279,1002
k1706,0.282608696,0.184796741,0.182488488,0.707151789,0.0,0.333333333,0.76711024,0.0,0.0,0.00134,2823
k1467,0.0,0.0,0.0,0.436629433,0.0,0.0417,0.711117512,0.818684032,0.0,0.0,2470
k507,0.108695652,0.110146179,0.177419358,0.563658037,0.0,0.0417,0.685704338,0.0,0.0,0.0946,3094
k458,0.0,0.0,0.212903226,0.575098118,0.0,0.0,0.347256087,0.777884081,0.0,0.0548,182
k1348,0.0,0.0625,0.0887,0.574079427,0.0,0.0833,0.536149276,0.0,0.0,0.0,768
k3215,0.0,0.0,0.0367,0.662222455,0.0,0.25,0.726535682,0.0,0.0,0.145577573,872
k3033,0.0217,0.0,0.224108663,0.565660209,0.0,0.125,0.635299093,0.836892784,0.0,0.121486889,1323
k313,0.0217,0.152126484,0.0626,0.593948966,0.0,0.125,0.611300769,0.0,0.0,0.16666667,1714
k625,0.0,0.127048657,0.473118285,0.666595672,0.0,0.0,0.474078361,0.0,0.0,0.0,1038
k42,0.0,0.0,0.0,0.571382067,0.0,0.208333333,0.711117512,0.850626505,0.125,0.0666,1358
k1782,0.0,0.0,0.163771719,0.51781076,0.0,0.0,0.55341952,0.0,0.0,0.0666,2552
k1437,0.0652,0.152126484,0.0394,0.53813886,0.0,0.125,0.711117512,0.0,0.0,0.16666667,1226
k88,0.0,0.0,0.0,0.664529136,0.0,0.125,0.5694092,0.834763286,0.0,0.0,1122
k1711,0.0,0.0,0.0,0.376759327,0.0,0.125,0.711117512,0.0,0.0,0.0,2957
k2403,0.0,0.0,0.0,0.55329894,0.0,0.291666667,0.656893288,0.832695513,0.0,0.133279319,82
k2463,0.0217,0.0,0.0444,0.625350189,0.0,0.166666667,0.685704338,0.0,0.0,0.133951716,1252
k786,0.0652,0.202544533,0.283870982,0.740784894,0.0,0.0833,0.584295238,0.807326708,0.0,0.0673,2412
k2748,0.0435,0.0,0.10138249,0.606291476,0.0,0.375,0.806448351,0.809116721,0.0,0.199918983,1147
k2128,0.0435,0.152126484,0.0463,0.587506204,0.0,0.25,0.676521598,0.811400531,0.0,0.16666667,364
k1213,0.0,0.0,0.118279569,0.590388256,0.2,0.0417,0.711117512,0.89997531,0.1875,0.0,2044
k969,0.0,0.0,0.0507,0.445226777,0.0,0.0417,0.656893288,0.0,0.0,0.0666,876
k1505,0.087,0.147471453,0.236559137,0.757285643,0.0,0.0417,0.623633424,0.807635331,0.0,0.0,2884
k841,0.0217,0.152126484,0.15207374,0.818664218,0.0,0.166666667,0.5694092,0.0,0.0,0.0789,809
k2970,0.0,0.0573,0.354838717,0.719993503,0.0,0.0,0.237039181,0.0,0.0,0.0666,2455
k802,0.0652,0.294474848,0.185133247,0.583543677,0.0,0.166666667,0.676521598,0.0,0.0,0.16666667,877
k3409,0.0217,0.286602051,0.241935487,0.717318692,0.0,0.0833,0.666930572,0.79738905,0.1875,0.16666667,2564
k3372,0.0,0.0625,0.212903226,0.582179286,0.0,0.0417,0.584295238,0.0,0.0,0.0666,2432
k87,0.0652,0.152126484,0.177419358,0.799561463,0.0,0.166666667,0.623633424,0.0,0.0,0.0789,13
k1163,0.130434783,0.152126484,0.0912,0.594110482,0.0,0.125,0.76711024,0.0,0.0,0.324542497,982
k332,0.0,0.0,0.0507,0.449293257,0.0,0.208333333,0.656893288,0.0,0.0,0.0,3257
k1332,0.108695652,0.387272683,0.413978506,0.6613339,0.0,0.125,0.623633424,0.765570027,0.0,0.167339068,1494
k333,0.0,0.0,0.0819,0.590053733,0.0,0.0833,0.55341952,0.0,0.0,0.0,2291
k1678,0.0,0.0551,0.473118285,0.606164897,0.0,0.0,0.474078361,0.82013456,0.0,0.0,474
k2196,0.087,0.279175141,0.573201026,0.70056834,0.0,0.0,0.55341952,0.0,0.0,0.0,63
k2634,0.0,0.296711258,0.580645176,0.806620668,0.0,0.0,0.517375509,0.0,0.0,0.0,1099
k2475,0.0435,0.152126484,0.0532,0.610740507,0.0,0.125,0.646366212,0.0,0.0,0.16666667,529
k1067,0.0652,0.0,0.0426,0.575510761,0.0,0.125,0.694512174,0.0,0.0,0.199918983,1616
k3352,0.0,0.0,0.0,0.447549637,0.0,0.0417,0.666930572,0.809795692,0.0,0.0,1648
k1670,0.0,0.0,0.228110605,0.570753352,0.0,0.166666667,0.5694092,0.821399914,0.0,0.0666,2364
k77,0.0,0.124999999,0.399193548,0.506262936,0.0,0.0,0.448665187,0.0,0.0,0.0,2039
k1193,0.0,0.152126484,0.071,0.602487925,0.0,0.0833,0.584295238,0.0,0.0,0.16666667,1828
k1492,0.0,0.0,0.0,0.447549637,0.0,0.166666667,0.676521598,0.0,0.0,0.0,2100
k2965,0.0652,0.309982288,0.138849927,0.773290079,0.0,0.0833,0.676521598,0.0,0.0,0.16666667,3090
k315,0.0,0.182121738,0.118279569,0.590091563,0.0,0.0,0.474078361,0.0,0.0,0.0,4
k1718,0.0,0.142348377,0.15207374,0.687996628,0.0,0.0,0.419854137,0.0,0.0,0.0666,1911
k1227,0.0,0.0,0.0,0.582179286,0.0,0.208333333,0.623633424,0.0,0.0,0.000672,2015
k286,0.087,0.0,0.0626,0.630876062,0.0,0.25,0.611300769,0.0,0.0,0.0,619
k184,0.087,0.0,0.125237193,0.537886991,0.0,0.0833,0.611300769,0.0,0.0,0.0599,2900
k2227,0.0,0.152126484,0.0968,0.729007711,0.0,0.125,0.517375509,0.805814456,0.0,0.16666667,2254
k701,0.0,0.0,0.177419358,0.683895171,0.0,0.0833,0.536149276,0.0,0.0,0.133279319,2523
k2752,0.0217,0.152126484,0.168081487,0.807172708,0.0,0.166666667,0.635299093,0.0,0.0,0.233306334,1855
k2322,0.0652,0.0,0.0507,0.596548393,0.0,0.25,0.656893288,0.0,0.0,0.133279319,3160
k1867,0.0652,0.0,0.0,0.50640929,0.0,0.166666667,0.584295238,0.0,0.0,0.0279,2332
k1773,0.0,0.0,0.106451613,0.561723005,0.0,0.125,0.49681115,0.0,0.0,0.0,1592
k945,0.0,0.0,0.0,0.796507148,0.0,0.0,0.536149276,0.0,0.0,0.133951716,157
k2740,0.152173913,0.351182917,0.133064516,0.67113232,0.3,0.125,0.685704338,0.859545707,0.1875,0.133279319,75
k531,0.0,0.608505946,0.354838717,0.48415921,0.0,0.0,0.536149276,0.0,0.0,0.0,2515
k2305,0.0,0.152126484,0.241935487,0.689129705,0.0,0.166666667,0.666930572,0.0,0.0,0.190956591,1653
k2235,0.0,0.0,0.0,0.372990166,0.0,0.0,0.685704338,0.0,0.0,0.0,2067
k576,0.0217,0.0,0.15967743,0.716770755,0.0,0.25,0.646366212,0.0,0.0,0.0666,1690
k3382,0.0217,0.152126484,0.212903226,0.596548393,0.0,0.125,0.646366212,0.0,0.0,0.233306334,946
k2806,0.0217,0.181013991,0.506912446,0.5601486,0.0,0.125,0.656893288,0.0,0.0,0.0666,1688
k750,0.0435,0.0,0.076,0.471656512,0.0,0.125,0.5694092,0.0,0.0,0.0,1371
k1278,0.087,0.0,0.177419358,0.493893148,0.0,0.0833,0.536149276,0.0,0.0,0.0,3182
k3327,0.0,0.119794754,0.532258064,0.606164897,0.0,0.0,0.299110125,0.715820011,0.0,0.0,1909
k927,0.0,0.110146179,0.0,0.675912747,0.0,0.0,0.386594243,0.0,0.0,0.00134,1776
k237,0.173913043,0.304252973,0.071,0.612894425,0.0,0.0833,0.7338503,0.0,0.0,0.333333345,1089
k248,0.0,0.0625,0.0426,0.44420664,0.0,0.0417,0.694512174,0.0,0.0,0.0,2685
k1743,0.0217,0.214626483,0.266129032,0.650481109,0.0,0.0833,0.536149276,0.0,0.0,0.16666667,2720
k3141,0.0435,0.072,0.193548396,0.614470706,0.0,0.0833,0.517375509,0.0,0.0,0.0,376
k1038,0.0,0.304252973,0.212903226,0.753883401,0.0,0.166666667,0.584295238,0.832880686,0.0,0.333333345,2867
k3391,0.0435,0.0,0.112054332,0.547929543,0.0,0.25,0.635299093,0.0,0.0,0.0,1802
k1404,0.0,0.0,0.0,0.482438334,0.0,0.0417,0.536149276,0.0,0.0,0.0279,660
k3176,0.0217,0.0,0.133064516,0.463335501,0.0,0.125,0.59822025,0.0,0.0,0.0,3125
k488,0.0,0.0,0.0,0.379444815,0.0,0.208333333,0.694512174,0.0,0.0,0.0,1352
k663,0.0,0.152126484,0.0968,0.679969457,0.0,0.125,0.517375509,0.0,0.0,0.16666667,1744
k3191,0.0435,0.294474848,0.15967743,0.607202034,0.0,0.166666667,0.646366212,0.0,0.0,0.16666667,1113
k2722,0.173913043,0.220292358,0.220244725,0.632780924,0.0,0.291666667,0.726535682,0.786926733,0.0,0.0,1051
k2791,0.0,0.112367844,0.354838717,0.61392316,0.0,0.0,0.237039181,0.0,0.0,0.0,544
k509,0.0,0.0625,0.038,0.58575512,0.0,0.25,0.718964262,0.0,0.0,0.145577573,24
k535,0.0,0.152126484,0.0968,0.679969457,0.0,0.125,0.517375509,0.0,0.0,0.16666667,2722
k2022,0.0217,0.124999999,0.322580652,0.594854912,0.0,0.0,0.75441466,0.781556694,0.0,0.199918983,585
k1848,0.130434783,0.110146179,0.177419358,0.582026445,0.0,0.208333333,0.685704338,0.0,0.0,0.068,2633
k1765,0.108695652,0.0,0.141935491,0.656058879,0.0,0.166666667,0.584295238,0.0,0.0,0.051,2171
k712,0.0,0.309170389,0.193548396,0.696172614,0.0,0.0,0.517375509,0.0,0.0,0.0,2996
k1606,0.0,0.236054472,0.591397875,0.773966901,0.1,0.0,0.474078361,0.802728227,0.1875,0.0666,3422
k1192,0.0,0.0,0.0,0.570230973,0.0,0.333333333,0.666930572,0.834176903,0.0,0.133279319,1731
k2867,0.0,0.152126484,0.076,0.806433007,0.0,0.0833,0.5694092,0.0,0.0,0.24573113,1239
k392,0.0,0.202866166,0.580645176,0.732183095,0.0,0.0,0.517375509,0.808777236,0.125,0.0666,3304
k1276,0.0435,0.0,0.0,0.484602725,0.0,0.25,0.685704338,0.0,0.0,0.000672,771
k7,0.0,0.0,0.0626,0.568952519,0.0,0.125,0.611300769,0.0,0.0,0.0,2205
k17,0.0,0.0,0.177419358,0.468250284,0.0,0.0,0.536149276,0.800567866,0.0625,0.0,1863
k2831,0.0,0.0758,0.212903226,0.879293792,0.0,0.0,0.347256087,0.79806802,0.125,0.0666,221
k1526,0.0,0.0,0.0,0.449440939,0.0,0.208333333,0.676521598,0.0,0.0,0.000672,620
k3407,0.0,0.24556264,0.620967717,0.716952788,0.0,0.0,0.536149276,0.0,0.0,0.0789,2105
k3119,0.0217,0.152126484,0.245657567,0.654641341,0.0,0.0833,0.55341952,0.0,0.0,0.233306334,2361
k2769,0.0,0.0,0.0,0.749664745,0.0,0.0,0.49681115,0.0,0.0,0.0673,20
k2098,0.0,0.0,0.0463,0.44948932,0.0,0.125,0.676521598,0.0,0.0,0.0666,2251
k1321,0.087,0.22473569,0.202764976,0.566033107,0.0,0.0833,0.806448351,0.0,0.0,0.133279319,2075
k1202,0.0435,0.0,0.118279569,0.71313341,0.0,0.0,0.474078361,0.0,0.0,0.0,2002
k3128,0.0,0.0,0.0,0.833936926,0.0,0.0,0.49681115,0.0,0.0,0.133951716,145
k1141,0.0435,0.00701,0.106451613,0.63679367,0.0,0.166666667,0.646366212,0.791432628,0.0625,0.0,1005
k616,0.0,0.0,0.0,0.558369026,0.0,0.0,0.448665187,0.782081353,0.0,0.0548,1258
k3166,0.0,0.124999999,0.560271668,0.496793294,0.0,0.0,0.635299093,0.760693784,0.0,0.0,524
k1684,0.0,0.152126484,0.0887,0.810577803,0.0,0.166666667,0.536149276,0.0,0.0,0.16666667,2896
k115,0.0435,0.0,0.118279569,0.567401484,0.0,0.291666667,0.711117512,0.812480711,0.0,0.00134,276
k1228,0.0,0.0,0.0,0.371043238,0.0,0.0833,0.726535682,0.0,0.0,0.0,740
k1880,0.0,0.152126484,0.0819,0.779366742,0.0,0.125,0.55341952,0.0,0.0,0.16666667,56
k476,0.0217,0.0802,0.0,0.503586561,0.0,0.0,0.694512174,0.0,0.0,0.0,392
k828,0.0,0.119794754,0.118279569,0.796507148,0.0,0.0,0.474078361,0.0,0.0,0.0666,709
k1525,0.0,0.131781685,0.745161279,0.565274296,0.1,0.0,0.49681115,0.783068946,0.125,0.0666,699
k2104,0.0435,0.0,0.0,0.558253038,0.0,0.25,0.7338503,0.807419295,0.0,0.000672,1350
k1752,0.0435,0.0,0.241935487,0.643348043,0.0,0.166666667,0.666930572,0.846151472,0.0,0.188126538,1256
k1928,0.130434783,0.110146179,0.170322581,0.620644286,0.0,0.0833,0.694512174,0.0,0.0,0.133279319,3047
k2676,0.0,0.0,0.141935491,0.586991251,0.0,0.0,0.584295238,0.0,0.0,0.133279319,163
k814,0.0,0.124999999,0.616298813,0.489606611,0.0,0.0,0.635299093,0.760107401,0.0,0.0,2973
k58,0.0652,0.235146178,0.0394,0.598146519,0.0,0.0,0.711117512,0.818869206,0.125,0.133279319,2622
k1411,0.087,0.147471453,0.266129032,0.657516514,0.0,0.0,0.536149276,0.0,0.0,0.0666,421
k2032,0.0217,0.0,0.177419358,0.602353959,0.0,0.166666667,0.623633424,0.0,0.0,0.0,2689
k1186,0.0217,0.0,0.0,0.44985198,0.0,0.166666667,0.676521598,0.0,0.0625,0.000672,1015
k1032,0.0,0.152126484,0.0968,0.810577803,0.0,0.125,0.517375509,0.0,0.0,0.16666667,1814
k1493,0.087,0.0,0.0,0.579315368,0.0,0.125,0.635299093,0.0,0.0,0.0606,1989
k46,0.0217,0.0,0.224108663,0.632478877,0.0,0.125,0.635299093,0.841583853,0.0,0.121486889,324
k276,0.260869565,0.0802,0.118279569,0.609834444,0.0,0.125,0.711117512,0.0,0.0,0.0,1540
k714,0.173913043,0.45637943,0.19609507,0.749156552,0.0,0.25,0.784854155,0.0,0.0,0.633279333,300
k445,0.0,0.0,0.0591,0.582593922,0.0,0.0,0.623633424,0.831677057,0.125,0.133279319,2573
k1037,0.0,0.0625,0.0852,0.540434481,0.0,0.208333333,0.694512174,0.771958521,0.0,0.000672,1360
k958,0.0217,0.0551,0.193548396,0.604914111,0.0,0.125,0.517375509,0.796956978,0.0,0.0,2790
k1307,0.0435,0.441718573,0.212903226,0.822788653,0.0,0.125,0.584295238,0.0,0.0,0.333333345,3078
k1324,0.0,0.277126471,0.250474386,0.668078161,0.0,0.0833,0.611300769,0.0,0.0,0.233306334,440
k207,0.0,0.0625,0.0444,0.506223895,0.0,0.208333333,0.685704338,0.778100117,0.0,0.000672,1614
k2578,0.0652,0.152126484,0.0463,0.587506204,0.0,0.125,0.676521598,0.838744522,0.0,0.16666667,2852
k1960,0.0,0.0,0.0926,0.566488035,0.0,0.291666667,0.676521598,0.808314302,0.0,0.133279319,2607
k2021,0.087,0.0,0.0532,0.640972777,0.0,0.125,0.646366212,0.788809333,0.0,0.0606,3048
k132,0.0435,0.0,0.071,0.465635342,0.0,0.166666667,0.584295238,0.0,0.0,0.0,1657
k563,0.0,0.0,0.0,0.576096449,0.0,0.375,0.726535682,0.844392321,0.1875,0.133279319,1080
k1817,0.0,0.0,0.0,0.379444815,0.0,0.0833,0.694512174,0.0,0.0,0.0,2458
k700,0.087,0.0,0.056,0.679263951,0.0,0.333333333,0.635299093,0.0,0.0,0.0,478
k1195,0.087,0.304252973,0.266129032,0.742628831,0.0,0.166666667,0.685704338,0.0,0.0,0.0912,819
k3082,0.0217,0.127288613,0.354838717,0.876391145,0.1,0.0,0.584295238,0.824455281,0.1875,0.0666,2862
k1154,0.0435,0.285014013,0.354838717,0.548827595,0.0,0.25,0.773188486,0.0,0.0,0.000672,1416
k2591,0.0,0.207199573,0.0819,0.67292475,0.0,0.125,0.55341952,0.0,0.0,0.167339068,1672
k3287,0.0,0.0,0.0426,0.44476548,0.0,0.166666667,0.694512174,0.0,0.0,0.0,2904
k2938,0.0,0.0,0.0,0.513632786,0.0,0.0,0.448665187,0.0,0.0,0.0,3137
k1535,0.0,0.0758,0.0463,0.576335851,0.2,0.291666667,0.676521598,0.850595642,0.25,0.199918983,1283
k3429,0.0435,0.152126484,0.056,0.661572325,0.0,0.0833,0.635299093,0.844886118,0.0625,0.16666667,2480
k2203,0.130434783,0.152126484,0.56182797,0.586432411,0.0,0.0833,0.773188486,0.0,0.0,0.299945974,1078
k529,0.0,0.0,0.0,0.507565502,0.0,0.0,0.347256087,0.7899821,0.0,0.0,1960
k3064,0.0,0.0,0.0,0.584995137,0.0,0.0417,0.536149276,0.0,0.0,0.0279,1581
k2255,0.0,0.113364848,0.0,0.549319882,0.0,0.0,0.237039181,0.731899265,0.0,0.0,1619
k1252,0.0,0.0,0.228110605,0.876081908,0.2,0.125,0.5694092,0.893586816,0.1875,0.0,1378
k3195,0.0,0.0,0.0367,0.474671512,0.0,0.125,0.726535682,0.0,0.0,0.0666,2974
k621,0.0435,0.152126484,0.056,0.576863897,0.0,0.0417,0.635299093,0.0,0.0,0.16666667,3087
k3041,0.0,0.0,0.0,0.619398972,0.0,0.0,0.237039181,0.0,0.0,0.0,1536
k3375,0.0,0.117573089,0.532258064,0.604404472,0.0,0.0,0.299110125,0.723412135,0.0,0.0701,2256
k739,0.0652,0.152126484,0.202764976,0.657801093,0.0,0.166666667,0.656893288,0.0,0.0,0.233978727,2483
k2343,0.0217,0.0625,0.34064515,0.57476809,0.0,0.125,0.694512174,0.0,0.0,0.133279319,1949
k3371,0.087,0.376862168,0.338709668,0.738229627,0.0,0.125,0.666930572,0.0,0.0,0.0123,1992
k2423,0.0,0.0,0.0,0.487489896,0.0,0.208333333,0.666930572,0.819702488,0.0,0.0666,3172
k1485,0.282608696,0.220292358,0.071,0.670956383,0.0,0.166666667,0.7338503,0.0,0.0,0.0673,828
k658,0.0,0.152126484,0.0968,0.679969457,0.0,0.125,0.517375509,0.0,0.0,0.16666667,2576
k1603,0.0,0.0625,0.0426,0.44420664,0.0,0.0417,0.694512174,0.0,0.0,0.0,3329
k442,0.130434783,0.178792326,0.0409,0.562406587,0.0,0.583333333,0.852529645,0.0,0.0,0.0,1830
k2745,0.0,0.152126484,0.0968,0.719555498,0.0,0.125,0.517375509,0.0,0.0,0.16666667,1624
k2284,0.0,0.0,0.354838717,0.497447996,0.0,0.0,0.386594243,0.0,0.0,0.0666,951
k10,0.0,0.127288613,0.473118285,0.813053894,0.1,0.0,0.474078361,0.806462564,0.1875,0.0666,737
k1509,0.0217,0.214626483,0.228110605,0.679734705,0.0,0.0833,0.5694092,0.0,0.0,0.16666667,1066
k2333,0.0652,0.152126484,0.177419358,0.623205298,0.0,0.125,0.623633424,0.0,0.0,0.194579041,1589
k693,0.0652,0.0,0.0,0.547716363,0.0,0.125,0.685704338,0.796061971,0.125,0.0,1025
k1992,0.0,0.0625,0.266129032,0.717734969,0.0,0.0,0.299110125,0.734707734,0.0,0.0,3198
k1919,0.0435,0.152126484,0.0507,0.739419487,0.0,0.291666667,0.656893288,0.0,0.0,0.16666667,1630
k2990,0.130434783,0.304252973,0.193548396,0.702721399,0.0,0.25,0.666930572,0.0,0.0,0.333333345,1427
k2525,0.0,0.187499999,0.532258064,0.538824788,0.0,0.0,0.448665187,0.0,0.0,0.0666,231
k3359,0.0,0.152126484,0.0968,0.810577803,0.0,0.125,0.517375509,0.0,0.0,0.16666667,1819
k2657,0.0435,0.0,0.0,0.555679091,0.0,0.0417,0.59822025,0.0,0.0,0.0327,3356
k610,0.0,0.124999999,0.224108663,0.500141762,0.0,0.125,0.635299093,0.0,0.0,0.0,3026
k1831,0.087,0.287235678,0.222805695,0.580702073,0.0,0.0833,0.811525371,0.0,0.0,0.133279319,1760
k296,0.0,0.0,0.0,0.384300706,0.0,0.0417,0.666930572,0.0,0.0,0.0,2021
k1008,0.130434783,0.24537016,0.212903226,0.668501277,0.0,0.25,0.7338503,0.792080736,0.0625,0.0,1551
k2768,0.0217,0.152126484,0.212903226,0.592742184,0.0,0.166666667,0.646366212,0.0,0.0,0.16666667,2440
k2576,0.0435,0.202866166,0.573201026,0.716693729,0.1,0.0,0.55341952,0.816677983,0.1875,0.0666,1190
k1036,0.130434783,0.113971116,0.207710452,0.748356434,0.2,0.375,0.801249039,0.916486637,0.375,0.216766723,2586
k2533,0.0,0.0,0.0,0.522162717,0.0,0.166666667,0.676521598,0.794210234,0.0,0.0666,1095
k381,0.0,0.0,0.479032247,0.496793294,0.0,0.125,0.646366212,0.808746374,0.0,0.0666,180
k2154,0.0,0.0,0.0,0.518179282,0.0,0.0833,0.694512174,0.807295846,0.0,0.0,702
k1758,0.0,0.0758,0.212903226,0.781594482,0.0,0.0,0.347256087,0.80371582,0.125,0.0666,3028
k1857,0.0,0.0,0.0,0.721583423,0.0,0.0417,0.386594243,0.0,0.0,0.0606,1849
k1551,0.0652,0.152126484,0.224108663,0.752622376,0.0,0.166666667,0.635299093,0.0,0.0,0.0789,3143
k451,0.0,0.0,0.0,0.655531616,0.0,0.125,0.474078361,0.0,0.0,0.0,213
k1536,0.0435,0.0,0.177419358,0.6678005,0.0,0.25,0.685704338,0.0,0.0,0.133279319,889
k1987,0.0435,0.296590124,0.0789,0.642851965,0.3,0.208333333,0.711117512,0.854237393,0.1875,0.233306334,866
k3023,0.130434783,0.262272651,0.245657567,0.602487925,0.0,0.208333333,0.702974583,0.0,0.0,0.167339068,801
k352,0.0,0.0,0.0409,0.437475431,0.0,0.0833,0.702974583,0.0,0.0,0.0,2502
k2072,0.0,0.0,0.0819,0.945323402,0.0,0.125,0.55341952,0.0,0.0,0.0,2485
k2730,0.0,0.0643,0.141935491,0.764319133,0.0,0.0833,0.584295238,0.0,0.0,0.0666,2233
k1940,0.0,0.0573,0.106451613,0.751962007,0.0,0.0,0.49681115,0.811493118,0.0625,0.0789,821
k2790,0.0,0.227943989,0.245657567,0.752722694,0.2,0.0833,0.55341952,0.833436208,0.125,0.0666,695
k1757,0.0,0.0,0.250474386,0.549319882,0.0,0.166666667,0.611300769,0.0,0.0,0.0,2182
k1438,0.0,0.0,0.354838717,0.546952471,0.0,0.0,0.386594243,0.743349176,0.0,0.0666,2766
k3329,0.0,0.0,0.0,0.476475901,0.0,0.0833,0.718964262,0.806431702,0.0,0.0,3408
k3376,0.347826087,0.304252973,0.171696147,0.710835991,0.0,0.208333333,0.740925167,0.0,0.0,0.333333345,1843
k3186,0.0,0.0,0.133064516,0.658679097,0.0,0.0,0.448665187,0.0,0.0,0.0666,2017
k1741,0.0217,0.152126484,0.177419358,0.728378215,0.0,0.0417,0.536149276,0.0,0.0,0.16666667,1957
k1457,0.087,0.45637943,0.127741935,0.703273556,0.0,0.125,0.694512174,0.0,0.0,0.499999975,387
k1586,0.0,0.0,0.0,0.444132232,0.0,0.0417,0.666930572,0.0,0.0,0.0,2089
k28,0.0,0.0,0.114055303,0.495415186,0.0,0.25,0.718964262,0.0,0.0,0.0,1117
k2520,0.0217,0.152126484,0.212903226,0.736351182,0.0,0.166666667,0.646366212,0.0,0.0,0.233306334,1898
k2653,0.0,0.072,0.266129032,0.763885856,0.0,0.0417,0.536149276,0.815134868,0.0,0.121486889,3413
k2628,0.0217,0.0,0.0,0.44584834,0.0,0.208333333,0.685704338,0.0,0.0,0.000672,815
k1595,0.0217,0.0,0.125237193,0.534323389,0.0,0.166666667,0.611300769,0.0,0.0,0.0,2575
k777,0.0,0.0,0.0,0.558253038,0.0,0.25,0.7338503,0.80815999,0.0,0.000672,1545
k246,0.0217,0.0,0.138849927,0.588820573,0.0,0.166666667,0.676521598,0.83575088,0.0,0.0,2655
k2506,0.0,0.0,0.0,0.462299927,0.0,0.0417,0.611300769,0.807234121,0.0,0.0,173
k489,0.0,0.152126484,0.0887,0.810577803,0.0,0.166666667,0.536149276,0.0,0.0,0.16666667,2338
k2114,0.0,0.152126484,0.0626,0.594178286,0.0,0.125,0.611300769,0.0,0.0,0.16666667,269
k12,0.0,0.0,0.0968,0.842546424,0.0,0.0,0.517375509,0.814980557,0.0625,0.0789,2975
k666,0.0,0.0758,0.212903226,0.73902146,0.0,0.0,0.347256087,0.798222332,0.125,0.0666,1169
k2084,0.0,0.0,0.231416545,0.49176346,0.0,0.0,0.676521598,0.0,0.0,0.133279319,1107
k770,0.0435,0.0,0.071,0.602487925,0.0,0.0417,0.584295238,0.815597803,0.0,0.121486889,2943
k2219,0.0,0.152126484,0.0968,0.719555498,0.0,0.125,0.517375509,0.0,0.0,0.199336453,738
k1370,0.108695652,0.209971464,0.380184345,0.612279076,0.0,0.0417,0.5694092,0.757514968,0.0,0.0,937
k1305,0.0435,0.0,0.168081487,0.521209524,0.0,0.166666667,0.635299093,0.0,0.0,0.0,839
k107,0.0,0.182121738,0.66532258,0.616669136,0.0,0.0,0.448665187,0.0,0.0,0.0,2125
k2151,0.0217,0.0,0.15207374,0.617842075,0.0,0.125,0.656893288,0.0,0.0,0.0,2807
k2365,0.0,0.0,0.0,0.48415921,0.0,0.0,0.347256087,0.0,0.0,0.0,2276
k3378,0.0435,0.072,0.141935491,0.637822404,0.0,0.125,0.584295238,0.0,0.0,0.0,2356
k338,0.0652,0.152126484,0.0394,0.574769223,0.0,0.0417,0.711117512,0.0,0.0,0.16666667,3391
k3029,0.0,0.304252973,0.163771719,0.731189102,0.0,0.125,0.55341952,0.0,0.0,0.333333345,2487
k1942,0.0217,0.0,0.0,0.467970942,0.0,0.208333333,0.59822025,0.0,0.0,0.0,1772
k690,0.0,0.0,0.0,0.436629433,0.0,0.0417,0.711117512,0.805104623,0.0,0.0,3358
k1984,0.0,0.0,0.0,0.45104778,0.0,0.0833,0.646366212,0.0,0.0,0.0666,3124
k2553,0.0217,0.0,0.177419358,0.641854767,0.0,0.0833,0.536149276,0.0,0.0,0.0,3196
k2805,0.0,0.152126484,0.193548396,0.743103455,0.0,0.0833,0.517375509,0.0,0.0,0.16666667,760
k587,0.0217,0.0,0.290322588,0.602630409,0.0,0.0833,0.666930572,0.0,0.0,0.133279319,3336
k501,0.0435,0.0,0.0484,0.600959634,0.0,0.416666667,0.816485634,0.818344547,0.3125,0.133279319,3119
k2531,0.0,0.0625,0.224108663,0.455515726,0.0,0.125,0.635299093,0.0,0.0,0.0,1260
k236,0.108695652,0.0551,0.0394,0.463202708,0.0,0.0833,0.711117512,0.0,0.0,0.0,1640
k822,0.087,0.182121738,0.39219015,0.667151933,0.0,0.0,0.635299093,0.817912475,0.0,0.0666,30
k3306,0.0435,0.152126484,0.056,0.576863897,0.0,0.0417,0.635299093,0.0,0.0,0.16666667,2939
k2386,0.0,0.0758,0.212903226,0.882760867,0.1,0.0833,0.584295238,0.837787791,0.125,0.0666,3306
k1965,0.0435,0.311871989,0.580645176,0.759842629,0.2,0.0,0.666930572,0.82781927,0.3125,0.266558642,1445
k907,0.217391304,0.214626483,0.137356911,0.721158079,0.0,0.166666667,0.740925167,0.801401148,0.0,0.199336453,1173
k2121,0.0435,0.0,0.0,0.537886991,0.0,0.208333333,0.623633424,0.0,0.0,0.000672,1374
k3433,0.0,0.124999999,0.266129032,0.530182697,0.0,0.0417,0.536149276,0.0,0.0,0.0,2583
k1369,0.0,0.152126484,0.193548396,0.729007711,0.0,0.0417,0.517375509,0.0,0.0,0.0666,2929
k1764,0.0,0.0,0.0,0.465675438,0.0,0.0,0.59822025,0.0,0.0,0.0279,1700
k1114,0.0,0.0,0.0968,0.67389381,0.0,0.125,0.517375509,0.0,0.0,0.0666,5
k1560,0.0,0.0625,0.39219015,0.663452998,0.0,0.0833,0.635299093,0.0,0.0,0.133279319,2640
k2556,0.0435,0.0758,0.202764976,0.620399569,0.1,0.166666667,0.656893288,0.845688538,0.125,0.0666,1183
k2044,0.0,0.0,0.193548396,0.480124267,0.0,0.0417,0.517375509,0.0,0.0,0.0666,684
k1115,0.0,0.0,0.0,0.439357393,0.0,0.0,0.676521598,0.0,0.0,0.0,733
k649,0.0,0.0,0.0,0.510344579,0.0,0.0,0.646366212,0.787327943,0.0,0.0666,1600
k206,0.0435,0.152126484,0.0394,0.534259221,0.0,0.0833,0.711117512,0.0,0.0,0.16666667,1487
k1049,0.0217,0.0,0.193548396,0.623502069,0.0,0.0833,0.517375509,0.791525214,0.0,0.0666,2548
k603,0.0,0.230392539,0.532258064,0.654906614,0.0,0.0,0.448665187,0.734121351,0.0,0.0,521
k1051,0.130434783,0.277587103,0.342165897,0.572911921,0.0,0.208333333,0.718964262,0.0,0.0,0.000672,747
k952,0.0,0.0,0.0968,0.750791726,0.0,0.125,0.517375509,0.0,0.0,0.0,1263
k1334,0.0,0.227943989,0.163771719,0.679734705,0.2,0.125,0.55341952,0.847324239,0.125,0.233306334,2769
k2872,0.0,0.131781685,0.266129032,0.744718502,0.0,0.0,0.299110125,0.78137152,0.125,0.0666,93
k1747,0.0217,0.227943989,0.228110605,0.671014807,0.2,0.0833,0.5694092,0.820443183,0.125,0.233306334,2800
k629,0.0,0.0,0.0,0.376759327,0.0,0.0,0.702974583,0.0,0.0,0.0,856
k1255,0.0,0.0,0.125237193,0.632181402,0.0,0.0,0.611300769,0.826800815,0.0,0.133279319,2835
k1328,0.0652,0.0,0.122828789,0.535319962,0.0,0.25,0.702974583,0.0,0.0,0.00134,1367
k53,0.0,0.0,0.0444,0.445892891,0.0,0.0833,0.685704338,0.0,0.0,0.0,3354
k1226,0.0,0.0,0.0463,0.489785244,0.0,0.125,0.676521598,0.0,0.0,0.0666,707
k1750,0.0,0.0,0.0,0.372990166,0.0,0.0833,0.685704338,0.0,0.0,0.0,2781
k2880,0.0435,0.152126484,0.0591,0.622149246,0.0,0.0833,0.623633424,0.0,0.0,0.0,974
k2103,0.0,0.0,0.0,0.598161682,0.0,0.0,0.49681115,0.0,0.0,0.019,1933
k3182,0.0,0.072,0.177419358,0.622116849,0.0,0.0,0.386594243,0.0,0.0,0.0,842
k1552,0.0217,0.152126484,0.202764976,0.655531616,0.0,0.166666667,0.656893288,0.0,0.0,0.233306334,372
k1830,0.0435,0.0,0.106451613,0.565660209,0.0,0.208333333,0.646366212,0.84315783,0.0,0.121486889,1519
k1475,0.130434783,0.304252973,0.071,0.612894425,0.0,0.0833,0.7338503,0.0,0.0,0.333333345,489
k1725,0.0,0.0,0.056,0.457245785,0.0,0.0833,0.635299093,0.0,0.0,0.0,1018
k2845,0.0,0.0,0.0,0.383739759,0.0,0.166666667,0.702974583,0.0,0.0,0.0,1777
k3322,0.0,0.257939243,0.709677444,0.621590758,0.0,0.0,0.536149276,0.799179063,0.125,0.0666,2058
k2942,0.087,0.0,0.0,0.597282349,0.0,0.0417,0.611300769,0.0,0.0,0.0606,76
k2483,0.130434783,0.304252973,0.0687,0.639406501,0.0,0.0833,0.740925167,0.0,0.0,0.333333345,2709
k778,0.0,0.0,0.0507,0.449293257,0.0,0.208333333,0.656893288,0.0,0.0,0.0,2897
k2040,0.0,0.0,0.0,0.451233292,0.0,0.0833,0.666930572,0.0,0.0,0.0666,1508
k1631,0.0435,0.0,0.0,0.584210142,0.0,0.0417,0.59822025,0.0,0.0,0.0327,2129
k1405,0.0435,0.0802,0.106451613,0.605422382,0.0,0.25,0.646366212,0.0,0.0,0.0,3195
k657,0.087,0.0,0.0,0.540497478,0.0,0.0833,0.611300769,0.0,0.0,0.0333,323
k2724,0.0,0.0,0.0,0.379444815,0.0,0.125,0.694512174,0.0,0.0,0.0,1861
k2519,0.0,0.304252973,0.228110605,0.770242056,0.0,0.125,0.5694092,0.0,0.0,0.384366148,494
k9,0.0217,0.0,0.0665,0.708899786,0.3,0.0833,0.59822025,0.883494846,0.1875,0.0828,3246
k2074,0.0,0.182121738,0.118279569,0.655751596,0.0,0.0,0.474078361,0.752114067,0.0625,0.0,40
k2341,0.0,0.0,0.118279569,0.483176394,0.0,0.0,0.474078361,0.0,0.0,0.0,1126
k1094,0.0652,0.0,0.0665,0.588272128,0.0,0.0417,0.59822025,0.0,0.0,0.0123,2169
k1087,0.108695652,0.0,0.0,0.570164772,0.0,0.166666667,0.646366212,0.0,0.0,0.0606,1691
k3362,0.0652,0.0,0.145161294,0.609958756,0.0,0.125,0.666930572,0.0,0.0,0.0279,1805
k2036,0.0,0.0,0.0,0.371043238,0.0,0.0833,0.726535682,0.0,0.0,0.0,266
k331,0.0217,0.0,0.0,0.637822404,0.0,0.208333333,0.59822025,0.0,0.0,0.0606,3252
k3222,0.0217,0.0,0.0,0.593948966,0.0,0.0417,0.611300769,0.0,0.0,0.0558,2241
k1875,0.0,0.0,0.0,0.561746257,0.0,0.0833,0.666930572,0.792759706,0.0,0.0,3227
k2377,0.087,0.0,0.0,0.579315368,0.0,0.125,0.635299093,0.0,0.0,0.0606,2248
k2414,0.0217,0.152126484,0.071,0.602487925,0.0,0.0833,0.584295238,0.0,0.0,0.16666667,10
k3207,0.0,0.152126484,0.193548396,0.743103455,0.0,0.0833,0.517375509,0.0,0.0,0.16666667,999
k3078,0.130434783,0.304252973,0.236559137,0.645128671,0.0,0.25,0.773188486,0.0,0.0,0.333333345,1019
k3205,0.130434783,0.387272683,0.118279569,0.713342642,0.0,0.166666667,0.711117512,0.0,0.0,0.16666667,2268
k2326,0.0435,0.152126484,0.274713833,0.637302996,0.0,0.166666667,0.740925167,0.0,0.0,0.299945974,1618
k1383,0.0217,0.0,0.0819,0.712004474,0.0,0.0833,0.55341952,0.0,0.0,0.0397,2303
k794,0.173913043,0.152126484,0.183537271,0.610334508,0.0,0.166666667,0.726535682,0.0,0.0,0.16666667,431
k780,0.0435,0.0,0.256952169,0.627917726,0.0,0.166666667,0.726535682,0.0,0.0,0.133279319,1945
k2159,0.0,0.244621738,0.709677444,0.606164897,0.0,0.0,0.474078361,0.745324363,0.0,0.0,2701
k2596,0.087,0.152126484,0.0394,0.534259221,0.0,0.0417,0.711117512,0.0,0.0,0.16666667,2082
k1605,0.087,0.152126484,0.133064516,0.813404322,0.0,0.166666667,0.59822025,0.0,0.0,0.0327,316
k1636,0.130434783,0.0,0.0819,0.627945629,0.0,0.25,0.702974583,0.0,0.0,0.266558642,1995
k3104,0.0652,0.152126484,0.0394,0.534259221,0.0,0.0417,0.711117512,0.0,0.0,0.16666667,1521
k420,0.0,0.244621738,0.745161279,0.589531785,0.0,0.0,0.49681115,0.729553731,0.0,0.0,2032
k2909,0.0,0.0,0.0532,0.547929543,0.0,0.0,0.646366212,0.853805321,0.0625,0.133279319,3110
k1101,0.0,0.0625,0.30414748,0.628675599,0.0,0.0,0.419854137,0.0,0.0,0.0666,1012
k932,0.0,0.333756725,0.532258064,0.744065402,0.0,0.0,0.49681115,0.830936362,0.25,0.133279319,64
k2879,0.0,0.0625,0.0394,0.57510738,0.0,0.25,0.711117512,0.0,0.0,0.145577573,2381
k348,0.0,0.0625,0.253456223,0.426416612,0.0,0.0,0.656893288,0.74393556,0.0,0.0,2814
k1899,0.0,0.0,0.0,0.449440939,0.0,0.208333333,0.676521598,0.0,0.0,0.000672,66
k1071,0.0,0.304252973,0.163771719,0.744065402,0.0,0.125,0.55341952,0.852941176,0.0,0.333333345,1484
k1881,0.0,0.0,0.0409,0.437475431,0.0,0.125,0.702974583,0.0,0.0,0.0,711
k543,0.0,0.0,0.0,0.442633329,0.0,0.166666667,0.702974583,0.0,0.0,0.000672,1471
k1936,0.0,0.0,0.0,0.570230973,0.0,0.0,0.386594243,0.0,0.0,0.0666,2826
k2207,0.0217,0.152126484,0.0968,0.63928383,0.0,0.125,0.666930572,0.0,0.0,0.245604574,642
k1991,0.0,0.182121738,0.677419348,0.594652987,0.0,0.0,0.517375509,0.0,0.0,0.0666,1988
k2842,0.0,0.152126484,0.0968,0.679969457,0.0,0.125,0.517375509,0.0,0.0,0.199336453,1780
k69,0.087,0.152126484,0.368486367,0.67627826,0.0,0.0833,0.702974583,0.0,0.0,0.299945974,2323
k2213,0.0,0.0,0.0,0.535763712,0.0,0.0,0.0,0.0,0.0,0.0,394
k71,0.130434783,0.0,0.0426,0.560317776,0.0,0.166666667,0.694512174,0.0,0.0,0.0327,2611
k2523,0.0,0.304252973,0.245657567,0.744065402,0.0,0.0833,0.55341952,0.0,0.0,0.178964915,1895
k848,0.0435,0.0,0.0,0.454332353,0.0,0.208333333,0.646366212,0.0,0.0,0.0,3
k2156,0.0435,0.152126484,0.224108663,0.720354014,0.0,0.125,0.635299093,0.0,0.0,0.233306334,671
k1872,0.217391304,0.340087109,0.399193548,0.599547566,0.0,0.25,0.747775312,0.0,0.0,0.000672,1931
k821,0.0,0.0758,0.266129032,0.756685066,0.0,0.0,0.448665187,0.832911549,0.125,0.133279319,264
k2744,0.0,0.0,0.0,0.372990166,0.0,0.0833,0.685704338,0.0,0.0,0.0,3127
k204,0.0,0.0,0.0,0.459297588,0.0,0.0417,0.611300769,0.0,0.0,0.0,388
k2396,0.0435,0.0,0.145161294,0.566193139,0.0,0.125,0.666930572,0.0,0.0,0.019,477
k2249,0.0,0.056,0.212903226,0.544047285,0.0,0.0417,0.49681115,0.0,0.0,0.0,2924
k104,0.130434783,0.235146178,0.228110605,0.644708095,0.0,0.333333333,0.718964262,0.776032344,0.0,0.13462411,491
k2004,0.0,0.0,0.0968,0.76297737,0.1,0.0833,0.517375509,0.867384729,0.1875,0.0828,1701
k2380,0.0,0.0,0.0,0.699499314,0.0,0.0,0.49681115,0.0,0.0,0.133279319,2725
k1528,0.0435,0.152126484,0.0484,0.559351061,0.0,0.0833,0.666930572,0.0,0.0,0.16666667,580
k3223,0.0,0.0,0.266129032,0.54103201,0.0,0.0,0.299110125,0.0,0.0,0.019,791
k1353,0.130434783,0.262272651,0.236559137,0.652347048,0.0,0.25,0.711117512,0.0,0.0,0.167339068,2484
k2328,0.0,0.0,0.0,0.486269554,0.0,0.125,0.685704338,0.794148509,0.125,0.0,1394
k2037,0.0,0.0,0.0,0.57545433,0.0,0.166666667,0.666930572,0.0,0.0,0.0789,890
k1920,0.0,0.152126484,0.0665,0.743961372,0.0,0.125,0.59822025,0.0,0.0,0.338016858,1302
k2073,0.0,0.0,0.071,0.578497585,0.0,0.25,0.7338503,0.863156595,0.0625,0.0666,2890
k2064,0.0217,0.182121738,0.620967717,0.621590758,0.0,0.0,0.536149276,0.0,0.0,0.0666,2409
k50,0.0,0.152126484,0.0819,0.790106905,0.0,0.0417,0.55341952,0.0,0.0,0.16666667,1068
k2902,0.0435,0.152126484,0.0444,0.543781269,0.0,0.291666667,0.685704338,0.0,0.0,0.16666667,1300
k1047,0.0217,0.0,0.187855789,0.575011205,0.0,0.0417,0.611300769,0.842170236,0.0,0.121486889,1862
k373,0.0217,0.152126484,0.266129032,0.866432967,0.0,0.0833,0.646366212,0.0,0.0,0.16666667,735
k2800,0.0,0.0,0.071,0.57911188,0.3,0.125,0.7338503,0.906116906,0.1875,0.0,38
k1642,0.0,0.0,0.567741964,0.439239529,0.0,0.0,0.584295238,0.0,0.0,0.0,1253
k2250,0.0,0.0573,0.266129032,0.560939183,0.0,0.0,0.299110125,0.0,0.0,0.0,2913
k3309,0.0217,0.0758,0.228110605,0.648931832,0.2,0.125,0.5694092,0.80924017,0.3125,0.0666,640
k3233,0.0,0.0,0.0463,0.541443324,0.0,0.166666667,0.676521598,0.857107586,0.0,0.0666,2873
k2190,0.0435,0.152126484,0.177419358,0.652879158,0.0,0.166666667,0.623633424,0.0,0.0,0.167339068,1708
k1138,0.0435,0.0625,0.123780945,0.61280634,0.0,0.375,0.811525371,0.811678291,0.0,0.199918983,2520
k2262,0.0435,0.0,0.163771719,0.615862726,0.0,0.208333333,0.55341952,0.0,0.0,0.0,289
k704,0.0435,0.152126484,0.0484,0.559351061,0.0,0.208333333,0.666930572,0.0,0.0,0.16666667,1711
k2116,0.0,0.294474848,0.0887,0.723454326,0.0,0.125,0.536149276,0.0,0.0,0.16666667,111
k1675,0.0,0.0,0.0,0.616830418,0.0,0.166666667,0.59822025,0.0,0.0,0.000672,2760
k3152,0.0,0.0,0.0591,0.50640929,0.0,0.166666667,0.623633424,0.842941794,0.0,0.0,3019
k125,0.0,0.0,0.0,0.558134509,0.0,0.0833,0.584295238,0.0,0.0,0.0,380
k1512,0.0,0.0,0.0,0.510413633,0.0,0.0833,0.718964262,0.803561509,0.0,0.0,3128
k358,0.0435,0.152126484,0.056,0.641038783,0.0,0.208333333,0.635299093,0.0,0.0,0.16666667,239
k1814,0.282608696,0.0,0.183537271,0.57030077,0.0,0.25,0.726535682,0.0,0.0625,0.000672,283
k2486,0.173913043,0.0924,0.182488488,0.682333976,0.0,0.375,0.76711024,0.0,0.0,0.00134,2744
k1362,0.087,0.304252973,0.0968,0.676173956,0.0,0.25,0.666930572,0.0,0.0,0.399972984,912
k1689,0.0435,0.0,0.056,0.631236572,0.0,0.125,0.635299093,0.813313993,0.0,0.0,2921
k1016,0.0652,0.304252973,0.10138249,0.669801069,0.0,0.25,0.656893288,0.0,0.0,0.333333345,246
k1961,0.087,0.0551,0.0,0.489133199,0.0,0.0833,0.656893288,0.0,0.0,0.0,906
k2484,0.0435,0.0,0.0,0.463766863,0.0,0.0417,0.611300769,0.0,0.0,0.0,59
k2574,0.0,0.0,0.0665,0.76633936,0.2,0.125,0.59822025,0.885963829,0.1875,0.183424552,1035
k843,0.0,0.0,0.0819,0.815692362,0.2,0.166666667,0.55341952,0.874575643,0.1875,0.0828,1340
k3190,0.087,0.304252973,0.0968,0.660244982,0.0,0.25,0.666930572,0.0,0.0,0.333333345,106
k78,0.0,0.249999999,0.290322588,0.58456397,0.0,0.0833,0.666930572,0.0,0.0,0.133279319,2354
k1547,0.0217,0.218165873,0.375711589,0.602353959,0.1,0.0833,0.611300769,0.824393556,0.125,0.133279319,3061
k2588,0.0,0.0,0.0,0.569671938,0.0,0.0833,0.5694092,0.0,0.0,0.0,393
k1007,0.0,0.0,0.0819,0.444959276,0.0,0.208333333,0.702974583,0.0,0.0,0.0,1883
k1664,0.0435,0.0,0.193548396,0.489133199,0.0,0.166666667,0.666930572,0.0,0.0,0.00134,964
k344,0.0,0.0,0.0926,0.544157997,0.0,0.25,0.676521598,0.840411086,0.0,0.133279319,1199
k2473,0.0217,0.152126484,0.163771719,0.679734705,0.0,0.125,0.55341952,0.0,0.0,0.233306334,1296
k746,0.0435,0.152126484,0.0852,0.711261139,0.3,0.25,0.694512174,0.917103882,0.1875,0.350091222,1118
k586,0.0,0.0,0.0,0.484850647,0.0,0.0,0.237039181,0.0,0.0,0.0,1481
k3346,0.0,0.124999999,0.245657567,0.51781076,0.0,0.0833,0.55341952,0.0,0.0,0.0,3043
k1611,0.0652,0.072,0.0409,0.497054972,0.0,0.0417,0.702974583,0.0,0.0,0.0,1695
k2298,0.087,0.0,0.138849927,0.660209615,0.0,0.0833,0.676521598,0.0,0.0,0.0558,2201
k2888,0.087,0.152126484,0.133064516,0.643139474,0.0,0.166666667,0.685704338,0.0,0.0,0.16666667,2305
k2810,0.0,0.0,0.0507,0.449293257,0.0,0.208333333,0.656893288,0.0,0.0,0.0,3418
k1851,0.0435,0.0,0.118279569,0.616599652,0.0,0.25,0.623633424,0.0,0.0,0.0,1728
k2030,0.0652,0.203597588,0.106451613,0.714933383,0.0,0.208333333,0.646366212,0.0,0.0,0.0,2337
k1693,0.087,0.370547046,0.532258064,0.759681933,0.2,0.0,0.702974583,0.833621381,0.3125,0.333198282,1209
k159,0.0,0.152126484,0.193548396,0.743103455,0.0,0.0833,0.517375509,0.0,0.0,0.16666667,1013
k190,0.0,0.0,0.354838717,0.619398972,0.0,0.0,0.237039181,0.0,0.0,0.133279319,2417
k736,0.087,0.304252973,0.10138249,0.703217281,0.0,0.0833,0.656893288,0.0,0.0,0.333333345,2273
k997,0.0,0.0,0.0,0.438248233,0.0,0.0833,0.702974583,0.0,0.0,0.0,2157
k3264,0.087,0.0625,0.106451613,0.704576669,0.0,0.0417,0.646366212,0.775013888,0.0,0.0327,1929
k3151,0.0,0.0,0.0,0.583014928,0.0,0.375,0.676521598,0.839948151,0.0,0.133279319,61
k3280,0.0,0.152126484,0.193548396,0.683504062,0.0,0.0833,0.517375509,0.0,0.0,0.233306334,831
k1103,0.0217,0.0,0.212903226,0.755767435,0.0,0.125,0.584295238,0.0,0.0,0.029,970
k513,0.0,0.0,0.0,0.673056918,0.0,0.0833,0.536149276,0.793469539,0.0625,0.0327,639
k676,0.0,0.0,0.106451613,0.561723005,0.0,0.0833,0.49681115,0.779550645,0.0,0.0,3188
k1508,0.0652,0.0,0.0,0.454332353,0.0,0.208333333,0.646366212,0.0,0.0,0.0,1761
k3397,0.0,0.152126484,0.0887,0.694185605,0.0,0.166666667,0.536149276,0.0,0.0,0.199336453,2828
k1319,0.195652174,0.0924,0.0532,0.598161682,0.0,0.0833,0.646366212,0.0,0.0,0.0279,1299
k655,0.0652,0.0551,0.323983152,0.623502069,0.0,0.0833,0.676521598,0.0,0.0,0.180227126,962
k2043,0.0652,0.0,0.118279569,0.579315368,0.0,0.208333333,0.623633424,0.0,0.0,0.0327,2811
k2661,0.0,0.0,0.106451613,0.579703625,0.2,0.0417,0.7338503,0.903617061,0.1875,0.0,2387
k2555,0.0,0.0,0.0,0.658679097,0.0,0.0,0.347256087,0.0,0.0,0.0,2510
k1646,0.087,0.0,0.133064516,0.592720338,0.0,0.375,0.868519325,0.812881921,0.0,0.199918983,3260
k2033,0.0,0.189548657,0.66532258,0.625451913,0.0,0.0,0.448665187,0.727825443,0.0,0.0,2644
k1169,0.0,0.0,0.0,0.594765302,0.0,0.125,0.474078361,0.792574532,0.0,0.0,3429
k1390,0.0,0.0,0.0,0.531861015,0.0,0.0833,0.55341952,0.801401148,0.0,0.0,3284
k3248,0.0,0.0,0.0,0.371043238,0.0,0.166666667,0.726535682,0.0,0.0,0.0,497
k3332,0.0,0.330438525,0.177419358,0.598112442,0.0,0.125,0.623633424,0.0,0.0,0.0,186
k2826,0.0652,0.152126484,0.0426,0.543862086,0.0,0.0833,0.694512174,0.0,0.0,0.16666667,2825
k2372,0.0,0.072,0.212903226,0.707842484,0.0,0.0833,0.49681115,0.793716437,0.0,0.0,1303
k678,0.0,0.0,0.0,0.384300706,0.0,0.0417,0.666930572,0.0,0.0,0.0,3012
k1835,0.0,0.0,0.106451613,0.679773902,0.0,0.0417,0.49681115,0.0,0.0,0.113587467,37
k20,0.087,0.0,0.125237193,0.606426965,0.0,0.208333333,0.611300769,0.0,0.0,0.0,192
k2117,0.0217,0.0,0.106451613,0.561723005,0.0,0.125,0.49681115,0.0,0.0,0.0,1799
k3410,0.108695652,0.207199573,0.212903226,0.74617727,0.0,0.0833,0.646366212,0.0,0.0,0.0796,886
k709,0.0,0.0,0.0,0.549319882,0.0,0.0833,0.448665187,0.0,0.0,0.0,2887
k809,0.0652,0.0686,0.0409,0.60306396,0.0,0.208333333,0.702974583,0.0,0.0,0.0666,2034
k1347,0.0,0.152126484,0.0968,0.803102594,0.0,0.125,0.517375509,0.0,0.0,0.16666667,1094
k3250,0.0,0.00701,0.076,0.684631199,0.0,0.0833,0.5694092,0.0,0.0,0.0666,770
k2541,0.0,0.0625,0.425806462,0.606311407,0.0,0.0833,0.646366212,0.0,0.0,0.133279319,2915
k202,0.0435,0.152126484,0.0591,0.622149246,0.0,0.0417,0.623633424,0.0,0.0,0.16666667,2635
k1688,0.087,0.258179208,0.456221199,0.85068845,0.2,0.0,0.718964262,0.836707611,0.3125,0.266558642,2587
k76,0.173913043,0.220292358,0.220244725,0.598669953,0.0,0.166666667,0.726535682,0.822572681,0.0,0.0673,2318
k950,0.0435,0.0,0.212903226,0.647493933,0.0,0.166666667,0.694512174,0.0,0.0,0.133279319,1435
k3227,0.0,0.214626483,0.380184345,0.71338137,0.0,0.0417,0.5694092,0.795197827,0.0625,0.0,48
k4,0.0,0.304252973,0.177419358,0.744718502,0.0,0.0833,0.536149276,0.0,0.0,0.333333345,2403
k1483,0.0,0.0,0.0532,0.554371053,0.0,0.125,0.646366212,0.782328251,0.0,0.0789,1677
k1010,0.130434783,0.0,0.0507,0.539593447,0.0,0.291666667,0.656893288,0.0,0.0,0.00134,3146
k3136,0.0,0.0,0.0409,0.481720244,0.0,0.0833,0.702974583,0.0,0.0,0.0666,1857
k2468,0.326086957,0.0,0.143300254,0.71241614,0.5,0.458333333,0.852529645,0.884729338,0.4375,0.100290462,977
k459,0.0652,0.157855831,0.15207374,0.911798431,0.0,0.0833,0.656893288,0.0,0.0,0.0789,3024
k2771,0.0,0.141067602,0.0,0.594765302,0.0,0.0,0.347256087,0.0,0.0,0.0606,2882
k245,0.0,0.0,0.0484,0.547929543,0.0,0.333333333,0.666930572,0.832849824,0.0,0.0666,2019
k723,0.0435,0.0,0.0,0.596548393,0.0,0.208333333,0.666930572,0.0,0.0,0.0666,2738
k2095,0.0,0.0,0.0645,0.586088431,0.0,0.333333333,0.75441466,0.822356645,0.3125,0.133279319,1733
k1479,0.0217,0.0,0.0,0.569671938,0.0,0.0833,0.536149276,0.0,0.0,0.0327,1935
k628,0.0,0.124999999,0.177419358,0.553449436,0.0,0.0,0.773188486,0.848836492,0.0,0.199918983,1449
k1423,0.0,0.0,0.0,0.447549637,0.0,0.0417,0.666930572,0.816122462,0.0,0.0,644
k2967,0.0,0.11846418,0.532258064,0.606164897,0.0,0.0,0.299110125,0.712209123,0.0,0.0,919
k2240,0.0,0.152126484,0.118279569,0.751962007,0.0,0.0417,0.474078361,0.0,0.0,0.0,2033
k1257,0.0,0.375000004,0.573201026,0.554758685,0.0,0.0,0.55341952,0.0,0.0,0.0,1666
k2585,0.087,0.376862168,0.25548386,0.704405891,0.0,0.0833,0.694512174,0.0,0.0,0.0123,2812
k2857,0.0217,0.124999999,0.212903226,0.690305067,0.0,0.125,0.646366212,0.787142769,0.0,0.0673,3080
k1198,0.0652,0.142348377,0.0,0.455585171,0.0,0.0833,0.59822025,0.0,0.0,0.0,2094
k201,0.173913043,0.152126484,0.10138249,0.7065967,0.0,0.125,0.656893288,0.0,0.0,0.199336453,2647
k3157,0.0,0.152126484,0.177419358,0.771668896,0.0,0.0833,0.536149276,0.0,0.0,0.233306334,3140
k3430,0.0,0.0,0.30414748,0.749664745,0.0,0.0,0.419854137,0.0,0.0,0.0,3091
k1459,0.0,0.0,0.0,0.444095614,0.0,0.291666667,0.711117512,0.0,0.0,0.0,730
k2802,0.0,0.0,0.106451613,0.561723005,0.0,0.125,0.49681115,0.783717055,0.0,0.0,1478
k3112,0.0,0.0,0.0444,0.486269554,0.0,0.166666667,0.685704338,0.0,0.0,0.0666,104
k2003,0.152173913,0.365265732,0.193548396,0.735703592,0.0,0.125,0.666930572,0.0,0.0,0.233306334,3320
k2630,0.0652,0.152126484,0.056,0.65996142,0.0,0.0833,0.635299093,0.0,0.0,0.199336453,2225
k3046,0.087,0.45637943,0.127741935,0.703273556,0.0,0.125,0.694512174,0.0,0.0,0.499999975,2746
k1340,0.0,0.187499999,0.266129032,0.5319729,0.0,0.0,0.646366212,0.0,0.0,0.133279319,3126
k2508,0.0435,0.0,0.071,0.76257567,0.0,0.166666667,0.584295238,0.0,0.0,0.192561366,1803
k2631,0.130434783,0.35860983,0.0734,0.678217982,0.2,0.208333333,0.726535682,0.88732177,0.125,0.133279319,3392
k2169,0.0217,0.152126484,0.168081487,0.565660209,0.0,0.166666667,0.635299093,0.0,0.0,0.16666667,1773
k1326,0.0,0.0,0.0,0.57127831,0.0,0.291666667,0.656893288,0.851984445,0.0,0.133279319,3152
k637,0.0435,0.0551,0.122828789,0.565920792,0.0,0.166666667,0.702974583,0.0,0.0,0.0666,1908
k3045,0.0217,0.0,0.0819,0.712004474,0.0,0.0833,0.55341952,0.0,0.0,0.0327,555
k2170,0.0,0.257939243,0.638709698,0.658539465,0.0,0.0,0.49681115,0.79779026,0.125,0.0666,3390
k598,0.0,0.0515,0.0665,0.847339435,0.0,0.0,0.59822025,0.0,0.0,0.133279319,245
k435,0.0652,0.110146179,0.231416545,0.500571521,0.0,0.166666667,0.676521598,0.0,0.0,0.000672,207
k135,0.0,0.127048657,0.456221199,0.683895171,0.0,0.0,0.419854137,0.0,0.0,0.0666,294
k3049,0.0,0.0625,0.106451613,0.493941685,0.0,0.0417,0.49681115,0.0,0.0,0.0,2928
k2385,0.0,0.0,0.608294961,0.464414218,0.0,0.0,0.419854137,0.0,0.0,0.0666,2880
k1617,0.0,0.0,0.0,0.549319882,0.0,0.0833,0.448665187,0.0,0.0,0.0,994
k2179,0.0,0.187499999,0.655086874,0.461851604,0.0,0.0,0.55341952,0.0,0.0,0.0,3109
k322,0.087,0.0,0.122828789,0.507787632,0.0,0.25,0.702974583,0.0,0.0,0.00202,1114
k402,0.0435,0.0,0.212903226,0.582473908,0.0,0.166666667,0.646366212,0.0,0.0,0.0,102
k80,0.0,0.0,0.0484,0.626385997,0.0,0.166666667,0.666930572,0.0,0.0,0.0,1981
k351,0.0,0.138317505,0.319354849,0.763787415,0.0,0.0,0.49681115,0.782729461,0.1875,0.0666,751
k3050,0.0,0.0,0.0,0.512279025,0.0,0.166666667,0.611300769,0.804734276,0.0,0.0,3383
k926,0.0,0.152126484,0.177419358,0.719555498,0.0,0.0833,0.536149276,0.0,0.0,0.233306334,3085
k1515,0.0652,0.147471453,0.491315135,0.72169863,0.0,0.0,0.55341952,0.816029875,0.0,0.0666,2748
k1777,0.0435,0.123719237,0.0,0.569464542,0.0,0.291666667,0.702974583,0.803870131,0.0,0.0,1930
k1889,0.0,0.0,0.0507,0.449293257,0.0,0.0417,0.656893288,0.0,0.0,0.0,1268
k1766,0.0,0.0625,0.0,0.677846255,0.0,0.0,0.474078361,0.0,0.0,0.0,1721
k1240,0.0435,0.072,0.112054332,0.514043944,0.0,0.166666667,0.635299093,0.0,0.0,0.0,3066
k437,0.0,0.0625,0.177419358,0.459843141,0.0,0.125,0.623633424,0.0,0.0,0.0,2920
k606,0.0,0.0,0.0,0.379444815,0.0,0.0,0.656893288,0.0,0.0,0.0,2935
k1108,0.0,0.0,0.0,0.500483123,0.0,0.166666667,0.623633424,0.0,0.0,0.133279319,337
k1342,0.130434783,0.110146179,0.212903226,0.580126467,0.0,0.125,0.694512174,0.0,0.0,0.0666,2415
k1783,0.0217,0.0625,0.33266129,0.58268701,0.0,0.0833,0.59822025,0.763563978,0.0625,0.0666,1334
k1260,0.0,0.0,0.0,0.476475901,0.0,0.125,0.474078361,0.0,0.0,0.0,3344
k3241,0.0,0.0,0.0,0.477182111,0.0,0.0,0.448665187,0.0,0.0,0.0,739
k2324,0.0435,0.0,0.0,0.537886991,0.0,0.208333333,0.623633424,0.0,0.0,0.000672,2550
k1402,0.087,0.304252973,0.0968,0.694000797,0.0,0.25,0.666930572,0.0,0.0,0.333333345,1322
k982,0.0,0.236928359,0.483870984,0.721583423,0.0,0.0,0.517375509,0.0,0.0,0.133279319,3120
k565,0.0435,0.152126484,0.0409,0.596540421,0.0,0.125,0.702974583,0.818221097,0.0,0.16666667,2768
k924,0.087,0.294474848,0.199596774,0.71868953,0.0,0.0833,0.59822025,0.0,0.0,0.0789,368
k1656,0.0435,0.0,0.177419358,0.732509098,0.0,0.0833,0.536149276,0.0,0.0,0.051,2666
k3423,0.0,0.110146179,0.0,0.532659883,0.0,0.0,0.448665187,0.0,0.0625,0.0,869
k2959,0.0435,0.0,0.125237193,0.497009014,0.0,0.166666667,0.611300769,0.0,0.0,0.051,2
k3192,0.0,0.114589511,0.425806462,0.675912747,0.0,0.0,0.347256087,0.741559163,0.0,0.0,132
k569,0.0435,0.0,0.0532,0.593800893,0.0,0.25,0.646366212,0.0,0.0,0.0666,1899
k2246,0.0435,0.117573089,0.290322588,0.502195636,0.0,0.0833,0.666930572,0.778192704,0.0,0.0,88
k902,0.0,0.0,0.0,0.554758685,0.0,0.25,0.646366212,0.838929696,0.0,0.133279319,1061
k2001,0.0,0.124999999,0.327543437,0.51781076,0.0,0.0417,0.55341952,0.0,0.0,0.0,1067
k574,0.108695652,0.152126484,0.253456223,0.647893562,0.0,0.166666667,0.656893288,0.0,0.0,0.185702112,858
k1626,0.130434783,0.152126484,0.0463,0.685452342,0.0,0.291666667,0.676521598,0.0,0.0,0.299945974,2841
k447,0.0435,0.0,0.0591,0.578947589,0.0,0.0833,0.623633424,0.0,0.0,0.0279,1788
k1980,0.0435,0.0,0.071,0.542305189,0.0,0.125,0.584295238,0.0,0.0,0.0286,121
k2672,0.0652,0.0,0.0591,0.645392694,0.0,0.0417,0.623633424,0.818498858,0.0,0.0279,3102
k453,0.0,0.152126484,0.076,0.704064022,0.0,0.0417,0.5694092,0.0,0.0,0.16666667,2595
k1368,0.0217,0.072,0.266129032,0.67292475,0.0,0.0417,0.536149276,0.0,0.0,0.0666,1882
k3396,0.0435,0.0,0.106451613,0.516704022,0.0,0.0833,0.49681115,0.0,0.0,0.0,759
k219,0.173913043,0.151635011,0.186757219,0.692364099,0.4,0.541666667,0.872338228,0.849392013,0.5625,0.183424552,3154
k1797,0.0217,0.0,0.0426,0.608610037,0.0,0.208333333,0.694512174,0.0,0.0,0.133279319,2961
k3221,0.0652,0.152126484,0.0409,0.570276814,0.0,0.125,0.702974583,0.0,0.0,0.0123,1348
k546,0.0435,0.0,0.0532,0.565660209,0.0,0.25,0.646366212,0.810474662,0.0,0.0666,332
k2057,0.087,0.0,0.0463,0.599058757,0.0,0.166666667,0.676521598,0.846490957,0.0625,0.0666,1891
k2870,0.0435,0.159136594,0.15207374,0.747361855,0.0,0.166666667,0.656893288,0.0,0.0,0.0123,2154
k2590,0.0,0.0625,0.15207374,0.713209381,0.0,0.0,0.419854137,0.0,0.0,0.0123,2092
k517,0.217391304,0.304252973,0.133064516,0.748238335,0.0,0.166666667,0.685704338,0.0,0.0,0.366003104,631
k1937,0.0,0.0,0.0,0.452026063,0.0,0.0833,0.656893288,0.0,0.0,0.0666,708
k2163,0.0652,0.0,0.0,0.645392694,0.0,0.0833,0.623633424,0.815690389,0.0,0.0327,924
k1181,0.108695652,0.072,0.199596774,0.63954117,0.0,0.166666667,0.59822025,0.0,0.0,0.0123,1482
k1911,0.0,0.124999999,0.212903226,0.631235321,0.0,0.0,0.49681115,0.751280785,0.0625,0.0,2001
k2636,0.0652,0.244621738,0.560271668,0.586141345,0.0,0.0417,0.635299093,0.77692735,0.0,0.0,114
k3164,0.0,0.0,0.071,0.598669953,0.0,0.0417,0.584295238,0.0,0.0,0.0946,1762
k1044,0.0,0.0,0.0,0.376759327,0.0,0.0,0.702974583,0.0,0.0,0.0,1942
k2350,0.0,0.322753922,0.0,0.560939183,0.0,0.0,0.536149276,0.0,0.0,0.0,2557
k1641,0.0,0.152126484,0.0968,0.719555498,0.0,0.125,0.517375509,0.0,0.0,0.199336453,2127
k151,0.0,0.0551,0.425806462,0.655264232,0.0,0.0,0.347256087,0.0,0.0,0.0,1504
k1659,0.108695652,0.165219257,0.399193548,0.526643677,0.0,0.0833,0.685704338,0.0,0.0,0.0286,176
k1285,0.0,0.304252973,0.15207374,0.712449944,0.0,0.166666667,0.5694092,0.0,0.0,0.333333345,2889
k686,0.0652,0.152126484,0.0484,0.559351061,0.0,0.208333333,0.666930572,0.0,0.0,0.16666667,1659
k1813,0.0,0.232277399,0.106451613,0.751962007,0.0,0.0417,0.49681115,0.0,0.0,0.16666667,194
k2291,0.0,0.0,0.0,0.458535885,0.0,0.0833,0.623633424,0.0,0.0,0.0,137
k2122,0.0,0.0,0.0,0.584995137,0.0,0.0417,0.536149276,0.0,0.0,0.0279,22
k2825,0.0,0.0625,0.0532,0.456315063,0.0,0.0417,0.646366212,0.0,0.0,0.0,178
k2839,0.0652,0.152126484,0.0484,0.559351061,0.0,0.208333333,0.666930572,0.0,0.0,0.16666667,2259
k1763,0.0435,0.0,0.0,0.552095402,0.0,0.0417,0.59822025,0.0,0.0,0.0,2137
k2048,0.087,0.111037269,0.0484,0.542083333,0.0,0.0833,0.666930572,0.0,0.0,0.0,2964
k3140,0.0652,0.152126484,0.0444,0.587506204,0.0,0.125,0.685704338,0.0,0.0,0.16666667,1145
k2369,0.0217,0.214626483,0.199596774,0.670654257,0.0,0.0833,0.59822025,0.754397877,0.0625,0.16666667,3316
k1279,0.0,0.0,0.0,0.588471513,0.0,0.0833,0.448665187,0.0,0.0,0.0653,1321
k238,0.0435,0.0538,0.125237193,0.610740507,0.0,0.0417,0.611300769,0.0,0.0,0.133279319,533
k2929,0.0217,0.0,0.0,0.588820573,0.0,0.0833,0.685704338,0.0,0.0,0.13462411,1127
k2797,0.0217,0.242573088,0.241935487,0.681313057,0.0,0.0833,0.666930572,0.0,0.0,0.0666,1244
k346,0.0,0.304252973,0.228110605,0.733776609,0.0,0.125,0.5694092,0.0,0.0,0.399972984,2749
k2512,0.0,0.0,0.0,0.38954343,0.0,0.0833,0.623633424,0.0,0.0,0.0,1964
k2015,0.0,0.0,0.0,0.560005881,0.0,0.333333333,0.740925167,0.850749954,0.1875,0.133279319,1976
k3408,0.0652,0.127048657,0.677419348,0.627768442,0.0,0.0,0.517375509,0.0,0.0,0.0,553
k1883,0.0,0.0,0.0,0.535763712,0.0,0.0,0.299110125,0.0,0.0,0.0,29
k2992,0.0,0.0,0.0,0.658174343,0.0,0.0833,0.55341952,0.0,0.0,0.0327,3283
k1939,0.0,0.056,0.106451613,0.751962007,0.0,0.0,0.49681115,0.804302204,0.0625,0.0789,268
k189,0.0,0.0,0.0,0.480035478,0.0,0.208333333,0.711117512,0.799765447,0.125,0.0,1999
k2146,0.0,0.0,0.0463,0.44584834,0.0,0.0417,0.676521598,0.0,0.0,0.0,2014
k2694,0.0,0.0,0.0,0.588471513,0.0,0.125,0.536149276,0.0,0.0,0.0,875
k3161,0.130434783,0.152126484,0.118279569,0.652879158,0.0,0.208333333,0.623633424,0.0,0.0,0.199336453,6
k804,0.0,0.152126484,0.212903226,0.700496746,0.0,0.0,0.347256087,0.0,0.0,0.0,2984
k335,0.0,0.0551,0.532258064,0.589531785,0.0,0.0,0.49681115,0.820875255,0.0,0.0,3333
k2897,0.0,0.0,0.0,0.481720244,0.0,0.0833,0.702974583,0.820906117,0.0,0.0,891
k515,0.0,0.127288613,0.122828789,0.569892308,0.2,0.208333333,0.702974583,0.826646503,0.125,0.133279319,2683
k1272,0.087,0.304252973,0.0852,0.674023789,0.0,0.291666667,0.694512174,0.0,0.0,0.466612663,3025
k2786,0.0217,0.0,0.0819,0.612893761,0.0,0.0417,0.55341952,0.0,0.0,0.0789,181
k82,0.0217,0.262272651,0.177419358,0.732865778,0.0,0.0833,0.623633424,0.0,0.0,0.0123,2813
k91,0.108695652,0.152126484,0.118279569,0.652879158,0.0,0.208333333,0.623633424,0.0,0.0,0.16666667,649
k1498,0.0,0.227943989,0.163771719,0.731189102,0.1,0.125,0.55341952,0.83859021,0.125,0.233306334,647
k1735,0.0652,0.207199573,0.236559137,0.643139474,0.0,0.0833,0.623633424,0.0,0.0,0.0789,2540
k807,0.0,0.056,0.187855789,0.535902328,0.0,0.125,0.611300769,0.0,0.0,0.0666,596
k862,0.0,0.0,0.0,0.61415416,0.0,0.0417,0.536149276,0.0,0.0,0.0327,1347
k1856,0.087,0.0,0.0463,0.553827494,0.0,0.0833,0.676521598,0.808190852,0.0625,0.0,2783
k1247,0.0,0.134475568,0.399193548,0.706469027,0.0,0.0,0.448665187,0.0,0.0,0.0123,3017
k899,0.0,0.0,0.0,0.583543677,0.0,0.0833,0.55341952,0.0,0.0,0.0279,1938
k2647,0.0,0.0,0.0968,0.765646203,0.0,0.0,0.517375509,0.811400531,0.0625,0.0789,727
k497,0.0,0.131146147,0.168081487,0.582593922,0.0,0.125,0.635299093,0.0,0.0,0.0666,609
k506,0.0435,0.152126484,0.0463,0.587506204,0.0,0.25,0.676521598,0.855718783,0.0,0.16666667,89
k3080,0.0652,0.072,0.0463,0.510150353,0.0,0.0417,0.676521598,0.0,0.0,0.0,2837
k1728,0.0217,0.214626483,0.416549781,0.58557762,0.0,0.125,0.676521598,0.0,0.0,0.233306334,1073
k2492,0.0,0.171884265,0.266129032,0.719993503,0.0,0.0,0.536149276,0.0,0.0,0.0,3404
k1802,0.0,0.072,0.425806462,0.751084159,0.0,0.0,0.347256087,0.0,0.0,0.0666,1947
k2943,0.0,0.0,0.266129032,0.623502069,0.0,0.0417,0.536149276,0.0,0.0,0.0,97
k452,0.217391304,0.0758,0.16935484,0.691717252,0.3,0.583333333,0.816485634,0.846552682,0.375,0.149454671,227
k2940,0.0,0.0,0.0,0.506262936,0.0,0.0833,0.59822025,0.0,0.0,0.133279319,2111
k283,0.0,0.072,0.354838717,0.737793341,0.0,0.0,0.386594243,0.0,0.0,0.0,557
k2268,0.0,0.0,0.0,0.379444815,0.0,0.0417,0.694512174,0.0,0.0,0.0,542
k1473,0.087,0.304252973,0.0968,0.714238428,0.0,0.125,0.666930572,0.895901488,0.0625,0.333333345,230
k2446,0.0,0.0,0.161290332,0.430896086,0.0,0.0,0.75441466,0.75134251,0.0,0.0,3394
k2252,0.0435,0.0,0.0,0.510304405,0.0,0.208333333,0.611300769,0.0,0.0,0.000672,3216
k1191,0.0435,0.119377954,0.336162973,0.669182437,0.0,0.0833,0.635299093,0.0,0.0,0.0666,1841
k2953,0.130434783,0.0,0.106451613,0.6263366,0.0,0.125,0.646366212,0.820998704,0.0,0.0,2578
k1204,0.0652,0.152126484,0.0463,0.587506204,0.0,0.0833,0.676521598,0.82417752,0.0,0.16666667,1342
k22,0.0435,0.0,0.0968,0.551969604,0.0,0.208333333,0.666930572,0.0,0.0,0.133951716,1530
k1873,0.087,0.0625,0.112054332,0.680926168,0.0,0.0417,0.635299093,0.764736745,0.0625,0.0327,2475
k1819,0.0,0.0,0.228110605,0.660937358,0.0,0.0833,0.5694092,0.838405037,0.0,0.121486889,1567
k8,0.0435,0.0,0.0,0.449293257,0.0,0.0,0.656893288,0.0,0.0,0.0279,1885
k1925,0.0,0.0,0.0968,0.565645046,0.0,0.25,0.75441466,0.779982717,0.0,0.0666,1057
k542,0.0,0.0625,0.532258064,0.52158891,0.0,0.0,0.299110125,0.78473551,0.0,0.0614,1011
k887,0.0,0.0,0.0645,0.567471241,0.0,0.25,0.75441466,0.863465218,0.0,0.0666,3095
k3220,0.087,0.0,0.076,0.584930577,0.0,0.333333333,0.718964262,0.86954509,0.0,0.165949102,2150
k3178,0.130434783,0.147471453,0.224108663,0.677809169,0.0,0.0833,0.635299093,0.810227764,0.0,0.0653,366
k3232,0.0,0.0,0.0,0.438248233,0.0,0.0833,0.702974583,0.0,0.0,0.0,312
k116,0.108695652,0.277587103,0.327543437,0.53075885,0.0,0.125,0.702974583,0.0,0.0,0.0286,1443
k31,0.0,0.0,0.0,0.584995137,0.0,0.0417,0.536149276,0.0,0.0,0.0279,2249
k155,0.0,0.0,0.163771719,0.671996881,0.0,0.125,0.55341952,0.0,0.0,0.0,141
k1983,0.0,0.0,0.0,0.50324434,0.0,0.0833,0.7338503,0.809147583,0.0,0.0,3144
k1545,0.0,0.0,0.0,0.468250284,0.0,0.0833,0.702974583,0.0,0.0,0.133279319,1141
k2935,0.0217,0.0,0.056,0.527545598,0.0,0.208333333,0.635299093,0.0,0.0,0.0666,188
k405,0.0435,0.189548657,0.193548396,0.655903537,0.0,0.0833,0.666930572,0.812017777,0.25,0.0,3162
k875,0.0,0.124999999,0.638709698,0.507565502,0.0,0.0,0.347256087,0.0,0.0,0.0,2013
k2138,0.0,0.0,0.0626,0.670906478,0.3,0.0833,0.611300769,0.896426147,0.1875,0.183424552,848
k1256,0.0435,0.294474848,0.15967743,0.607202034,0.0,0.166666667,0.646366212,0.0,0.0,0.16666667,3001
k264,0.0,0.134475568,0.638709698,0.652311095,0.0,0.0,0.347256087,0.0,0.0,0.0,2546
k2056,0.0,0.0,0.0,0.439357393,0.0,0.0,0.676521598,0.0,0.0,0.0,2005
k1726,0.0435,0.0625,0.295698938,0.690146012,0.0,0.166666667,0.623633424,0.776094068,0.0,0.0857,2861
k539,0.0217,0.152126484,0.185133247,0.732910642,0.0,0.25,0.676521598,0.0,0.0,0.233306334,2597
k2167,0.0,0.0625,0.245657567,0.622034196,0.0,0.0833,0.55341952,0.0,0.0,0.0243,277
k1616,0.0435,0.279175141,0.44354838,0.716643746,0.0,0.0,0.536149276,0.0,0.0,0.0,2228
k3040,0.0652,0.0,0.0,0.566193139,0.0,0.0833,0.623633424,0.0,0.0,0.0606,463
k40,0.0,0.0625,0.193548396,0.482438334,0.0,0.0417,0.517375509,0.0,0.0,0.0,2187
k3184,0.0217,0.124999999,0.168081487,0.683504062,0.0,0.125,0.635299093,0.784087402,0.1875,0.0673,2320
k731,0.0217,0.0,0.112054332,0.609805408,0.0,0.0833,0.635299093,0.0,0.0,0.0,2281
k21,0.0435,0.152126484,0.0394,0.534259221,0.0,0.0833,0.711117512,0.0,0.0,0.16666667,2980
k199,0.0,0.0,0.0,0.386381013,0.0,0.0833,0.656893288,0.0,0.0,0.0,1985
k1629,0.0,0.0,0.0,0.655264232,0.0,0.0417,0.419854137,0.0,0.0,0.0,930
k1160,0.0652,0.152126484,0.0394,0.53813886,0.0,0.125,0.711117512,0.0,0.0,0.16666667,1148
k56,0.0217,0.0,0.0,0.486480272,0.0,0.208333333,0.676521598,0.0,0.0,0.0,2395
k2260,0.108695652,0.0,0.0,0.579315368,0.0,0.125,0.635299093,0.0,0.0,0.0327,2324
k2313,0.087,0.0,0.146829806,0.559984426,0.0,0.333333333,0.726535682,0.827171162,0.0625,0.0,1160
k779,0.087,0.152126484,0.0367,0.561382542,0.0,0.125,0.726535682,0.0,0.0,0.16666667,3176
k2331,0.087,0.45637943,0.127741935,0.703273556,0.0,0.125,0.694512174,0.0,0.0,0.499999975,1405
k2153,0.0,0.072,0.387096781,0.699499314,0.0,0.0,0.517375509,0.0,0.0,0.145577573,2847
k3386,0.0,0.0,0.0,0.433634598,0.0,0.208333333,0.694512174,0.0,0.0,0.0,2272
k622,0.0,0.130890595,0.399193548,0.738312319,0.0,0.0,0.448665187,0.815628665,0.1875,0.0666,54
k1745,0.0435,0.0,0.0665,0.535873799,0.0,0.208333333,0.59822025,0.786186038,0.0,0.0,1740
k1514,0.0217,0.0,0.15207374,0.620399569,0.0,0.208333333,0.656893288,0.821646812,0.0,0.0666,1034
k2045,0.0,0.0,0.0789,0.477434996,0.0,0.0833,0.711117512,0.0,0.0,0.0666,1372
k85,0.0,0.182121738,0.118279569,0.722819241,0.0,0.0,0.474078361,0.0,0.0,0.0,2509
k2575,0.0435,0.0,0.141935491,0.547477351,0.0,0.125,0.584295238,0.792728844,0.0,0.0,3305
k466,0.0,0.0,0.266129032,0.706469027,0.0,0.0,0.448665187,0.839608666,0.0,0.121486889,1499
k2455,0.0217,0.0,0.133064516,0.563410936,0.0,0.291666667,0.747775312,0.84047281,0.0,0.0,1433
k401,0.0,0.0,0.290322588,0.574079427,0.0,0.0417,0.517375509,0.0,0.0,0.0666,2339
k3056,0.0217,0.0,0.0968,0.614470706,0.0,0.0833,0.517375509,0.0,0.0,0.0666,3321
k1955,0.0,0.127288613,0.354838717,0.736689182,0.1,0.0,0.474078361,0.81528918,0.125,0.133279319,2518
k1224,0.0,0.0,0.0,0.732239369,0.0,0.5,0.760855832,0.863526943,0.0,0.0243,659
k1172,0.0,0.0,0.133064516,0.578646479,0.0,0.208333333,0.685704338,0.855224986,0.0,0.0666,424
k1517,0.0435,0.0802,0.212903226,0.628877798,0.0,0.166666667,0.646366212,0.0,0.0,0.0,2541
k1258,0.0,0.134475568,0.532258064,0.622116849,0.0,0.0,0.386594243,0.0,0.0,0.0,3131
k2174,0.0435,0.0,0.212903226,0.628877798,0.0,0.166666667,0.646366212,0.802728227,0.0,0.0666,1656
k288,0.152173913,0.45637943,0.127741935,0.703273556,0.0,0.125,0.694512174,0.0,0.0,0.499999975,3238
k829,0.0,0.0,0.0789,0.49994011,0.0,0.25,0.711117512,0.0,0.0,0.0,1535
k2256,0.0435,0.152126484,0.056,0.613574295,0.0,0.25,0.635299093,0.799456824,0.0,0.16666667,2103
k3355,0.0,0.0,0.0,0.358867488,0.0,0.0,0.149555062,0.0,0.0,0.0,77
k2741,0.0,0.134475568,0.709677444,0.622116849,0.0,0.0,0.386594243,0.0,0.0,0.0,1096
k2452,0.0,0.182121738,0.638709698,0.611862642,0.0,0.0,0.49681115,0.0,0.0,0.0666,3011
k639,0.0,0.0,0.133064516,0.622021339,0.0,0.0417,0.448665187,0.0,0.0,0.0279,2649
k3006,0.0435,0.0,0.0,0.448980541,0.0,0.208333333,0.685704338,0.0,0.0,0.000672,2478
k2142,0.0652,0.154898366,0.30414748,0.668395293,0.0,0.0417,0.5694092,0.776803901,0.0,0.0,2776
k290,0.0,0.0,0.106451613,0.497447996,0.0,0.0833,0.646366212,0.0,0.0,0.0,2257
k55,0.0,0.110146179,0.0,0.507565502,0.0,0.0,0.237039181,0.0,0.0,0.0,252
k1177,0.0,0.0,0.0,0.390157768,0.0,0.25,0.702974583,0.0,0.0,0.0,2231
k1379,0.195652174,0.0924,0.10138249,0.593562741,0.0,0.125,0.656893288,0.0,0.0,0.0279,2093
k2772,0.0,0.0,0.0,0.482438334,0.0,0.0417,0.536149276,0.0,0.0,0.0279,2711
k571,0.0435,0.152126484,0.0591,0.63536386,0.0,0.0417,0.623633424,0.0,0.0,0.16666667,3211
k13,0.087,0.197421454,0.253456223,0.544047285,0.0,0.125,0.656893288,0.0,0.0,0.0,1722
k138,0.0,0.0,0.0,0.449440939,0.0,0.208333333,0.676521598,0.0,0.0,0.000672,60
k1784,0.0,0.0625,0.283870982,0.555586433,0.0,0.125,0.584295238,0.776865626,0.0,0.0666,3317
k2592,0.565217391,0.429252954,0.354838717,0.667471644,0.0,0.5,0.893932499,0.0,0.0,0.599891967,2284
k901,0.0,0.0,0.30414748,0.721583423,0.0,0.0,0.419854137,0.0,0.0,0.0666,1250
k852,0.0,0.152126484,0.0626,0.593948966,0.0,0.0833,0.611300769,0.0,0.0,0.16666667,3428
k1474,0.087,0.0,0.0484,0.630431725,0.0,0.291666667,0.666930572,0.0,0.0,0.165949102,1187
k350,0.0,0.0,0.0,0.444132232,0.0,0.0417,0.666930572,0.0,0.0,0.0,601
k2477,0.0435,0.0,0.0,0.55381151,0.0,0.125,0.5694092,0.0,0.0,0.0,2850
k3174,0.0,0.304252973,0.15207374,0.765688643,0.0,0.166666667,0.5694092,0.856829825,0.0,0.366003104,2055
k3218,0.0,0.0,0.187855789,0.698723269,0.0,0.125,0.611300769,0.0,0.0,0.0,2009
k111,0.0,0.0,0.0,0.50965615,0.0,0.166666667,0.718964262,0.808129128,0.0,0.0,1085
k109,0.087,0.0,0.0,0.615278015,0.0,0.25,0.646366212,0.0,0.0,0.133279319,2753
k398,0.0217,0.0,0.256952169,0.571462219,0.0,0.166666667,0.726535682,0.0,0.0,0.133279319,1365
k1129,0.0,0.127288613,0.44354838,0.960920315,0.1,0.0,0.536149276,0.825535461,0.1875,0.0666,1574
k3257,0.0,0.0,0.0,0.439513282,0.0,0.416666667,0.816485634,0.0,0.0,0.133279319,599
k944,0.087,0.22473569,0.198049511,0.565753805,0.0,0.0833,0.811525371,0.0,0.0,0.133279319,749
k3395,0.0,0.0518,0.295698938,0.522609242,0.0,0.125,0.623633424,0.0,0.0,0.0,452
k1130,0.130434783,0.152126484,0.156546496,0.757681677,0.0,0.25,0.760855832,0.0,0.0,0.299945974,3149
k354,0.0435,0.152126484,0.0532,0.675061864,0.0,0.125,0.646366212,0.0,0.0,0.16666667,2056
k2649,0.108695652,0.110146179,0.177419358,0.597702964,0.0,0.208333333,0.685704338,0.0,0.0,0.0673,1254
k3096,0.130434783,0.0802,0.106451613,0.649511892,0.0,0.0833,0.646366212,0.0,0.0,0.0,2398
k1104,0.0,0.0625,0.354838717,0.535763712,0.0,0.0,0.237039181,0.782266527,0.0,0.0614,3212
k1722,0.0,0.0,0.0,0.537054202,0.0,0.125,0.635299093,0.823159064,0.0,0.0,2735
k2513,0.0,0.182121738,0.118279569,0.714717897,0.0,0.0,0.474078361,0.0,0.0,0.0,3055
k3059,0.0435,0.0,0.0,0.449293257,0.0,0.0,0.656893288,0.0,0.0,0.0279,1281
k2010,0.0,0.0625,0.283870982,0.537267109,0.0,0.125,0.584295238,0.0,0.0,0.0,3385
k1910,0.0,0.227943989,0.163771719,0.679734705,0.1,0.125,0.55341952,0.838466761,0.125,0.233306334,2842
k1601,0.0,0.22473569,0.354838717,0.772618104,0.0,0.125,0.584295238,0.833621381,0.0,0.0,857
k1694,0.0,0.269699561,0.425806462,0.699499314,0.0,0.0,0.347256087,0.752299241,0.0,0.16666667,1848
k3005,0.0,0.182121738,0.532258064,0.633541338,0.0,0.0,0.49681115,0.758780322,0.125,0.0,2663
k449,0.0,0.0,0.118279569,0.531481317,0.0,0.0833,0.474078361,0.0,0.0,0.000672,2426
k1166,0.0,0.0625,0.0,0.73902146,0.0,0.0,0.347256087,0.751404234,0.0,0.0,2653
k656,0.0,0.0,0.0,0.504349007,0.0,0.208333333,0.517375509,0.0,0.0,0.0,498
k614,0.0,0.0,0.0,0.584995137,0.0,0.0417,0.536149276,0.0,0.0,0.0279,1010
k3411,0.0,0.0,0.0,0.707842484,0.0,0.166666667,0.49681115,0.0,0.0,0.0327,57
k725,0.087,0.152126484,0.125237193,0.630876062,0.0,0.166666667,0.611300769,0.0,0.0,0.16666667,2411
k527,0.0,0.127048657,0.608294961,0.582471016,0.0,0.0,0.419854137,0.0,0.0,0.0,2224
k2926,0.0,0.0,0.228110605,0.604742004,0.0,0.0833,0.5694092,0.0,0.0,0.0243,2196
k119,0.087,0.0,0.0,0.588581561,0.0,0.0833,0.623633424,0.0,0.0,0.0606,1235
k1403,0.0435,0.0,0.212903226,0.596548393,0.0,0.0833,0.584295238,0.0,0.0,0.0123,2817
k3267,0.0217,0.0,0.224108663,0.587339842,0.0,0.0833,0.635299093,0.0,0.0,0.0666,969
k891,0.0435,0.152126484,0.0484,0.616499686,0.0,0.25,0.666930572,0.0,0.0,0.299945974,2158
k839,0.0,0.0515,0.354838717,0.716037815,0.0,0.0,0.386594243,0.0,0.0,0.0666,3309
k3097,0.0652,0.235146178,0.0394,0.590322524,0.0,0.0,0.711117512,0.810968459,0.125,0.133279319,3295
k2960,0.0435,0.304252973,0.231416545,0.666403556,0.0,0.166666667,0.676521598,0.0,0.0,0.399972984,1324
k1963,0.0,0.106829028,0.0,0.566193139,0.0,0.0,0.237039181,0.0,0.0,0.0,3360
k2916,0.0,0.375000004,0.827957002,0.54103201,0.0,0.0,0.474078361,0.741590025,0.0,0.0,3057
k3027,0.0,0.0538,0.0,0.751121363,0.0,0.0,0.448665187,0.0,0.0,0.000672,2764
k2785,0.0435,0.0,0.071,0.550377145,0.0,0.166666667,0.584295238,0.0,0.0,0.0,3186
k960,0.0217,0.152126484,0.168081487,0.807172708,0.0,0.166666667,0.635299093,0.0,0.0,0.233306334,3223
k2674,0.0,0.0,0.161290332,0.44614179,0.0,0.0,0.75441466,0.761650515,0.0,0.0,1125
k49,0.0,0.0758,0.177419358,0.594765302,0.2,0.125,0.536149276,0.807943954,0.25,0.0666,956
k224,0.0435,0.0,0.0591,0.615922166,0.0,0.0833,0.623633424,0.812295537,0.0625,0.0,1654
k2344,0.0,0.152126484,0.0887,0.694185605,0.0,0.166666667,0.536149276,0.0,0.0,0.199336453,2628
k2112,0.0217,0.0,0.177419358,0.596591498,0.0,0.125,0.623633424,0.0,0.0,0.0666,1834
k836,0.304347826,0.291340924,0.252122246,0.692742665,0.0,0.333333333,0.784854155,0.0,0.0,0.00134,2549
k627,0.0,0.152126484,0.0819,0.723454326,0.0,0.0417,0.55341952,0.0,0.0,0.16666667,2221
k1338,0.0,0.0625,0.266129032,0.606164897,0.0,0.0,0.299110125,0.721838158,0.0,0.0,1120
k1339,0.0,0.0,0.056,0.582593922,0.0,0.125,0.635299093,0.0,0.0,0.0789,2579
k1293,0.087,0.152126484,0.0367,0.597146391,0.0,0.0833,0.726535682,0.820227146,0.0625,0.16666667,3307
k1320,0.0,0.0,0.425806462,0.575098118,0.0,0.0,0.347256087,0.775754583,0.0,0.0548,1389
k500,0.0,0.0,0.266129032,0.598112442,0.0,0.0,0.299110125,0.0,0.0,0.133279319,1846
k3206,0.0,0.0,0.106451613,0.561723005,0.0,0.125,0.49681115,0.784920684,0.0,0.0,2514
k18,0.0,0.102942225,0.133064516,0.546178185,0.0,0.0,0.795921275,0.0,0.0,0.0,487
k1507,0.0652,0.0,0.193548396,0.591927919,0.0,0.166666667,0.666930572,0.0,0.0,0.0666,417
k2312,0.0,0.142348377,0.0,0.566193139,0.0,0.0,0.237039181,0.0,0.0,0.0,626
k1613,0.0217,0.152126484,0.168081487,0.729547832,0.0,0.208333333,0.635299093,0.0,0.0,0.16666667,3063
k3256,0.0,0.138317505,0.112054332,0.530274847,0.4,0.0,0.784854155,0.796463181,0.375,0.0666,1155
k1862,0.0,0.0,0.0,0.50965615,0.0,0.25,0.718964262,0.807264984,0.125,0.0,1568
k1356,0.087,0.0924,0.076,0.609202837,0.0,0.0417,0.5694092,0.0,0.0,0.0,1467
k1789,0.087,0.072,0.354838717,0.610056729,0.0,0.0833,0.623633424,0.0,0.0,0.0123,3053
k3047,0.0,0.0,0.125237193,0.566193139,0.0,0.166666667,0.611300769,0.0,0.0,0.0,1475
k212,0.0652,0.0,0.0444,0.549522667,0.0,0.0833,0.685704338,0.83238689,0.0,0.0666,190
k1954,0.0,0.0,0.133064516,0.647066088,0.0,0.0,0.59822025,0.821554225,0.0,0.133279319,3331
k2244,0.0,0.0,0.0,0.452757674,0.0,0.0833,0.635299093,0.0,0.0,0.0279,2612
k2083,0.0435,0.0,0.0779,0.611764513,0.0,0.375,0.801249039,0.808838961,0.0,0.199918983,3396
k3337,0.087,0.152126484,0.0367,0.597146391,0.0,0.0833,0.726535682,0.827788408,0.0625,0.16666667,618
k2949,0.0,0.0,0.425806462,0.493893148,0.0,0.0,0.347256087,0.0,0.0,0.0666,1826
k1418,0.0,0.127288613,0.380184345,0.86452275,0.2,0.0,0.5694092,0.835781742,0.125,0.133279319,3237
k1944,0.0,0.152126484,0.0,0.719993503,0.0,0.0,0.386594243,0.0,0.0,0.16666667,1229
k1401,0.0,0.24556264,0.580645176,0.742914309,0.0,0.0,0.517375509,0.0,0.0,0.0789,3105
k1598,0.0,0.0,0.0,0.483176394,0.0,0.125,0.474078361,0.773038701,0.0,0.0,1392
k2362,0.108695652,0.0,0.163771719,0.704087821,0.2,0.416666667,0.790458671,0.901271526,0.25,0.0501,864
k1265,0.0652,0.304252973,0.145161294,0.791332954,0.0,0.166666667,0.666930572,0.0,0.0,0.16666667,2675
k1621,0.0217,0.239416492,0.532258064,0.803153007,0.0,0.0,0.536149276,0.0,0.0,0.0666,2851
k572,0.0,0.0625,0.071,0.472407468,0.0,0.0417,0.584295238,0.0,0.0,0.0,468
k1085,0.0,0.124999999,0.496774197,0.682514016,0.0,0.0,0.584295238,0.828004444,0.125,0.0486,1377
k262,0.0,0.152126484,0.076,0.869368206,0.0,0.0833,0.5694092,0.0,0.0,0.206331458,584
k1634,0.0435,0.0,0.0,0.575618973,0.0,0.0833,0.611300769,0.0,0.0,0.0327,2678
k2310,0.0652,0.152126484,0.0367,0.584930577,0.0,0.208333333,0.726535682,0.81112277,0.0,0.16666667,1426
k275,0.0652,0.152126484,0.0355,0.520585968,0.0,0.208333333,0.7338503,0.0,0.0,0.16666667,2340
k3054,0.0652,0.152126484,0.0367,0.584930577,0.0,0.208333333,0.726535682,0.81112277,0.125,0.16666667,2090
k2277,0.0652,0.214626483,0.197132611,0.649311843,0.0,0.166666667,0.711117512,0.0,0.0,0.2612187,2071
k738,0.0652,0.277874917,0.15967743,0.685358785,0.0,0.0833,0.646366212,0.770847479,0.0625,0.0666,2673
k1790,0.0435,0.134475568,0.236559137,0.704089619,0.0,0.0,0.623633424,0.792327634,0.25,0.0,1355
k2334,0.0217,0.152126484,0.168081487,0.807172708,0.0,0.166666667,0.635299093,0.0,0.0,0.233306334,2388
k3401,0.0,0.0,0.15207374,0.570230973,0.0,0.0,0.419854137,0.0,0.0,0.0,844
k2152,0.0,0.187499999,0.591397875,0.494230563,0.0,0.0,0.474078361,0.0,0.0,0.0,3245
k3160,0.130434783,0.688656832,0.212903226,0.7572382,0.0,0.333333333,0.7338503,0.0,0.0,0.666666699,2822
k2366,0.0435,0.0,0.123780945,0.600959634,0.0,0.375,0.811525371,0.811585705,0.3125,0.199918983,1970
k1737,0.0,0.0,0.0,0.48415921,0.0,0.166666667,0.656893288,0.0,0.0,0.133279319,2252
k2847,0.0,0.0,0.0,0.436629433,0.0,0.0833,0.711117512,0.0,0.0,0.0,2245
k3068,0.130434783,0.00951,0.0852,0.504331655,0.0,0.208333333,0.694512174,0.0,0.0,0.0,513
k3090,0.0217,0.119794754,0.212903226,0.720756418,0.0,0.125,0.646366212,0.783223258,0.0,0.0673,1811
k1771,0.0,0.0625,0.0968,0.604556649,0.0,0.208333333,0.75441466,0.814641072,0.4375,0.0666,2716
k2214,0.0652,0.0,0.0,0.441709602,0.0,0.0417,0.694512174,0.0,0.0,0.0,944
k2964,0.0,0.124999999,0.187855789,0.510304405,0.0,0.0417,0.611300769,0.0,0.0,0.0,2206
k2009,0.0,0.0,0.0819,0.71808399,0.0,0.166666667,0.55341952,0.832448614,0.0,0.0548,2330
k1949,0.0,0.0625,0.103017687,0.55329894,0.0,0.0,0.740925167,0.799858033,0.0,0.0666,144
k3004,0.0,0.11846418,0.456221199,0.660244982,0.0,0.0,0.419854137,0.0,0.0,0.0666,2170
k1463,0.0435,0.152126484,0.0507,0.623321599,0.0,0.125,0.656893288,0.797450775,0.0,0.16666667,748
k1385,0.0,0.0,0.0,0.688179872,0.0,0.25,0.611300769,0.859144497,0.0,0.133279319,1626
k827,0.130434783,0.224102042,0.0887,0.621590758,0.0,0.0833,0.685704338,0.0,0.0,0.16666667,297
k717,0.0652,0.0,0.0,0.437475431,0.0,0.0,0.702974583,0.0,0.0,0.0279,3081
k2720,0.0,0.290887609,0.532258064,0.802907039,0.0,0.0,0.59822025,0.0,0.0,0.0,950
k334,0.0,0.0,0.168081487,0.502087424,0.0,0.0833,0.635299093,0.0,0.0,0.0666,3032
k2264,0.0,0.0,0.491315135,0.44985198,0.0,0.0,0.55341952,0.0,0.0,0.0,3121
k2306,0.0217,0.0,0.0819,0.594765302,0.0,0.0417,0.55341952,0.0,0.0,0.051,1924
k2307,0.0,0.0625,0.0,0.751084159,0.0,0.0,0.448665187,0.0,0.0,0.0666,1390
k2232,0.0,0.0,0.177419358,0.67292475,0.0,0.166666667,0.536149276,0.0,0.0,0.0,484
k1729,0.0,0.152126484,0.0887,0.810577803,0.0,0.166666667,0.536149276,0.0,0.0,0.16666667,2106
k2129,0.0,0.0,0.354838717,0.549319882,0.0,0.0,0.237039181,0.0,0.0,0.0666,2263
k1864,0.0,0.152126484,0.354838717,0.77681636,0.0,0.0,0.386594243,0.0,0.0,0.16666667,780
k634,0.152173913,0.165219257,0.319354849,0.5576457,0.0,0.25,0.7338503,0.0,0.0625,0.000672,403
k382,0.087,0.304252973,0.0968,0.660209615,0.0,0.0833,0.666930572,0.0,0.0,0.333333345,329
k2712,0.0,0.0,0.0,0.388464275,0.0,0.0833,0.611300769,0.0,0.0,0.0,2183
k1153,0.0217,0.208140475,0.125237193,0.783449831,0.0,0.125,0.611300769,0.0,0.0,0.299945974,817
k743,0.0,0.0,0.0,0.366047028,0.0,0.0,0.711117512,0.0,0.0,0.0,2385
k1908,0.0,0.224102042,0.177419358,0.719555498,0.0,0.125,0.536149276,0.0,0.0,0.16666667,2693
k1429,0.0,0.22871012,0.15207374,0.77681636,0.0,0.0,0.419854137,0.0,0.0,0.0,1444
k1454,0.0,0.127288613,0.387096781,0.89415159,0.1,0.0,0.517375509,0.816091599,0.1875,0.0666,2331
k2130,0.087,0.304252973,0.0968,0.719993503,0.0,0.25,0.666930572,0.0,0.0,0.334678136,1801
k668,0.0,0.152126484,0.0507,0.623321599,0.0,0.125,0.656893288,0.806524289,0.125,0.16666667,3228
k477,0.0,0.0,0.15207374,0.559449815,0.0,0.0,0.5694092,0.0,0.0,0.133279319,1039
k677,0.0,0.0758,0.0,0.594765302,0.0,0.125,0.474078361,0.813746065,0.0,0.0666,2419
k3365,0.130434783,0.0,0.112054332,0.695339473,0.0,0.0833,0.635299093,0.850348744,0.0,0.0666,2049
k2101,0.0,0.0,0.0,0.51781076,0.0,0.0417,0.419854137,0.0,0.0,0.0,3005
k2394,0.0,0.0,0.491315135,0.497447996,0.0,0.0,0.55341952,0.751003025,0.0625,0.0666,2838
k1065,0.087,0.189548657,0.448217316,0.673503873,0.0,0.0417,0.635299093,0.0,0.0,0.106850289,932
k3199,0.152173913,0.110146179,0.204714648,0.577898571,0.0,0.125,0.702974583,0.0,0.0,0.0946,2698
k242,0.0,0.0,0.0819,0.683504062,0.0,0.25,0.55341952,0.0,0.0,0.0,1157
k1898,0.130434783,0.152126484,0.498991935,0.615128183,0.0,0.0833,0.747775312,0.0,0.0,0.299945974,632
k878,0.0,0.0,0.0444,0.486269554,0.0,0.166666667,0.685704338,0.0,0.0,0.0666,558
k963,0.0,0.0625,0.228110605,0.598669953,0.0,0.0417,0.5694092,0.0,0.0,0.0666,814
k1590,0.0,0.0,0.038,0.58575512,0.0,0.25,0.718964262,0.83859021,0.0,0.145577573,1934
k5,0.0,0.131146147,0.133064516,0.579691354,0.0,0.125,0.59822025,0.795136103,0.0625,0.0,3106
k2097,0.0217,0.476899134,0.580645176,0.732183095,0.0,0.0,0.517375509,0.0,0.0,0.0,355
k347,0.0,0.45637943,0.212903226,0.749664745,0.0,0.125,0.584295238,0.0,0.0,0.499999975,1716
k3307,0.0435,0.0,0.141935491,0.607527607,0.0,0.0833,0.584295238,0.0,0.0,0.10206564,1926
k438,0.0,0.113258934,0.425806462,0.699499314,0.0,0.0,0.347256087,0.0,0.0,0.0,2654
k638,0.108695652,0.404621042,0.275985653,0.724021138,0.0,0.25,0.711117512,0.0,0.0,0.16666667,2367
k412,0.0652,0.232277399,0.038,0.601011024,0.0,0.0417,0.718964262,0.0,0.0,0.16666667,2290
k2936,0.239130435,0.0758,0.0819,0.655692038,0.0,0.166666667,0.702974583,0.801648046,0.0,0.000672,1261
k1799,0.0435,0.0,0.0734,0.610961503,0.0,0.291666667,0.726535682,0.0,0.0,0.199918983,1204
k1754,0.0,0.131146147,0.141935491,0.558134509,0.0,0.125,0.584295238,0.0,0.0,0.0,2266
k2580,0.0,0.0551,0.10138249,0.454447208,0.0,0.166666667,0.656893288,0.0,0.0,0.0,2789
k523,0.0217,0.304252973,0.125237193,0.699499314,0.0,0.0833,0.611300769,0.0,0.0,0.333333345,455
k1972,0.0,0.152126484,0.193548396,0.784664624,0.0,0.0833,0.517375509,0.0,0.0,0.233306334,1526
k2731,0.0435,0.072,0.327543437,0.633834514,0.0,0.0833,0.55341952,0.0,0.0,0.0,1726
k522,0.239130435,0.151635011,0.114055303,0.673242156,0.1,0.166666667,0.718964262,0.838744522,0.1875,0.0673,643
k2668,0.173913043,0.222514023,0.31541219,0.647721728,0.0,0.25,0.711117512,0.0,0.0,0.000672,314
k1527,0.0,0.0,0.212903226,0.719993503,0.0,0.0,0.347256087,0.0,0.0,0.0666,3268
k1594,0.0435,0.152126484,0.0394,0.534259221,0.0,0.125,0.711117512,0.0,0.0,0.16666667,3240
k612,0.0,0.138317505,0.177419358,0.578051412,0.3,0.166666667,0.685704338,0.809672242,0.1875,0.0666,1864
k239,0.0217,0.134475568,0.409429286,0.584488937,0.0,0.0833,0.55341952,0.0,0.0,0.0,3151
k3052,0.108695652,0.269699561,0.22177419,0.73442674,0.0,0.166666667,0.685704338,0.768255046,0.0,0.167339068,1001
k1117,0.0,0.0625,0.0,0.740741242,0.0,0.0,0.419854137,0.0,0.0,0.0,3135
k2522,0.173913043,0.222514023,0.190092167,0.548484983,0.0,0.166666667,0.718964262,0.0,0.0,0.000672,587
k842,0.087,0.0,0.0,0.615278015,0.0,0.25,0.646366212,0.0,0.0,0.133279319,1940
k1013,0.0217,0.152126484,0.177419358,0.575717219,0.0,0.125,0.623633424,0.0,0.0,0.16666667,2831
k482,0.0435,0.0,0.0,0.449293257,0.0,0.0,0.656893288,0.0,0.0,0.0279,1488
k2456,0.0435,0.152126484,0.0591,0.622149246,0.0,0.0417,0.623633424,0.0,0.0,0.16666667,1825
k1113,0.0,0.152126484,0.076,0.704064022,0.0,0.0417,0.5694092,0.0,0.0,0.0,2521
k1824,0.0652,0.152126484,0.0367,0.584930577,0.0,0.208333333,0.726535682,0.806493426,0.125,0.16666667,1059
k2908,0.0652,0.157855831,0.187855789,0.83054039,0.0,0.0833,0.611300769,0.0,0.0,0.233306334,3056
k1208,0.0652,0.0,0.0852,0.651022988,0.0,0.166666667,0.694512174,0.830658601,0.0,0.133951716,2081
k3197,0.0217,0.152126484,0.228110605,0.697244493,0.0,0.0833,0.5694092,0.0,0.0,0.16666667,1168
k2360,0.0217,0.0,0.0,0.442633329,0.0,0.166666667,0.702974583,0.0,0.0,0.000672,2402
k880,0.0,0.0625,0.338709668,0.591927919,0.0,0.125,0.666930572,0.0,0.0,0.0243,1247
k2075,0.0,0.0,0.0,0.549319882,0.0,0.0,0.448665187,0.762761558,0.0,0.0,2736
k146,0.130434783,0.45637943,0.127741935,0.703273556,0.0,0.125,0.694512174,0.0,0.0,0.499999975,2350
k2400,0.0435,0.152126484,0.212903226,0.736351182,0.0,0.166666667,0.646366212,0.0,0.0,0.233306334,1751
k1886,0.152173913,0.277587103,0.330367066,0.603480706,0.0,0.25,0.726535682,0.0,0.0,0.000672,715
k34,0.260869565,0.0,0.15207374,0.764628215,0.8,0.666666667,0.893932499,0.92488118,0.875,0.200580923,535
k1740,0.0,0.00951,0.0,0.481720244,0.0,0.208333333,0.702974583,0.806956361,0.125,0.0,3007
k1481,0.0,0.152126484,0.071,0.669466507,0.0,0.125,0.584295238,0.0,0.0,0.299945974,3133
k2215,0.0,0.0625,0.56182797,0.429644323,0.0,0.0,0.773188486,0.0,0.0,0.0666,1129
k3086,0.0,0.232277399,0.071,0.696490058,0.0,0.0417,0.584295238,0.0,0.0,0.16666667,3282
k2038,0.173913043,0.110146179,0.0394,0.606808892,0.0,0.0833,0.711117512,0.0,0.0,0.133951716,1495
k578,0.0,0.152126484,0.056,0.576863897,0.0,0.0417,0.635299093,0.0,0.0,0.16666667,2098
k1371,0.0,0.113971116,0.399193548,0.679502102,0.0,0.0,0.448665187,0.0,0.0,0.0666,1000
k2402,0.108695652,0.147471453,0.266129032,0.555679091,0.0,0.0417,0.536149276,0.0,0.0,0.0,448
k1039,0.0435,0.159136594,0.133064516,0.794111405,0.0,0.25,0.685704338,0.0,0.0,0.16666667,664
k867,0.0652,0.152126484,0.0444,0.59951724,0.0,0.125,0.685704338,0.0,0.0,0.299945974,2006
k733,0.0,0.0,0.0,0.372990166,0.0,0.166666667,0.685704338,0.0,0.0,0.0,3076
k2925,0.0,0.124999999,0.598790322,0.475167669,0.0,0.0,0.59822025,0.736621196,0.0,0.0,1889
k1358,0.0,0.152126484,0.071,0.602487925,0.0,0.0833,0.584295238,0.0,0.0,0.16666667,3368
k1681,0.0217,0.152126484,0.076,0.671996881,0.0,0.0417,0.5694092,0.0,0.0,0.194579041,1869
k218,0.0,0.124999999,0.319354849,0.563000286,0.0,0.0,0.49681115,0.0,0.0,0.0666,3036
k2018,0.0,0.0,0.0,0.387973508,0.0,0.166666667,0.711117512,0.0,0.0,0.0,2639
k1033,0.0,0.0,0.0,0.532086857,0.0,0.208333333,0.635299093,0.833158447,0.0,0.133279319,1579
k805,0.0,0.0,0.0,0.518179282,0.0,0.0833,0.694512174,0.803129436,0.0,0.0,1203
k1674,0.0435,0.0,0.0,0.604936465,0.0,0.25,0.646366212,0.839145732,0.0,0.133279319,2971
k3065,0.0,0.0,0.0,0.50965615,0.0,0.208333333,0.718964262,0.816708845,0.125,0.0,552
k3368,0.0,0.0,0.0,0.489785244,0.0,0.0833,0.676521598,0.793376952,0.125,0.0,1707
k1290,0.173913043,0.152126484,0.177419358,0.78037367,0.4,0.375,0.806448351,0.938707487,0.4375,0.29962691,1818
k1292,0.0,0.0,0.0,0.489785244,0.0,0.0833,0.448665187,0.0,0.0,0.0,1900
k84,0.0217,0.142348377,0.0,0.528218824,0.0,0.0417,0.55341952,0.0,0.0,0.0279,1563
k644,0.130434783,0.0,0.0968,0.779366742,0.0,0.0833,0.666930572,0.0,0.0,0.00134,1580
k2881,0.0,0.0,0.056,0.457322499,0.0,0.0833,0.635299093,0.775631134,0.0,0.0,2172
k3302,0.108695652,0.147471453,0.266129032,0.650481109,0.0,0.0417,0.536149276,0.789364854,0.0,0.0,1328
k2678,0.0435,0.0,0.0,0.442633329,0.0,0.0417,0.702974583,0.0,0.0,0.0,36
k2501,0.0217,0.608505946,0.266129032,0.769489772,0.0,0.166666667,0.646366212,0.0,0.0,0.499999975,2399
k1929,0.173913043,0.304252973,0.071,0.616830418,0.0,0.166666667,0.7338503,0.0,0.0,0.333333345,369
k1933,0.0,0.0,0.283870982,0.527017162,0.0,0.166666667,0.584295238,0.0,0.0,0.0,1810
k1304,0.0,0.152126484,0.245657567,0.654641341,0.0,0.0833,0.55341952,0.0,0.0,0.233306334,2516
k2840,0.108695652,0.304252973,0.0852,0.640995014,0.0,0.25,0.694512174,0.0,0.0,0.333333345,1741
k1317,0.0652,0.152126484,0.313092993,0.658346724,0.0,0.0833,0.611300769,0.0,0.0,0.0789,1575
k443,0.0,0.0,0.0,0.438248233,0.0,0.0417,0.694512174,0.816492809,0.0,0.0,1892
k2447,0.0,0.0625,0.245657567,0.556782351,0.0,0.0833,0.55341952,0.0,0.0,0.0,2059
k825,0.0,0.304252973,0.253456223,0.775821703,0.0,0.166666667,0.656893288,0.0,0.0,0.333333345,84
k1884,0.0,0.119794754,0.212903226,0.658679097,0.0,0.0,0.347256087,0.0,0.0,0.0,1958
k2464,0.0,0.0,0.0,0.372990166,0.0,0.0,0.685704338,0.0,0.0,0.0,874
k2627,0.0217,0.0625,0.338709668,0.561105037,0.0,0.0833,0.666930572,0.0,0.0,0.133279319,441
k2051,0.0652,0.0551,0.319354849,0.55962372,0.0,0.0833,0.646366212,0.0,0.0625,0.0286,1311
k136,0.0,0.0,0.0,0.497447996,0.0,0.0833,0.656893288,0.794889204,0.0,0.0,131
k1701,0.0,0.0,0.0,0.531861015,0.0,0.0833,0.55341952,0.798376643,0.0,0.0,1813
k3028,0.0,0.124999999,0.236559137,0.502835918,0.0,0.0417,0.623633424,0.0,0.0,0.0,1213
k2701,0.0,0.0,0.0,0.560005881,0.0,0.125,0.5694092,0.821461638,0.0,0.133279319,3072
k2183,0.0217,0.127288613,0.30414748,0.885983459,0.1,0.0,0.5694092,0.822788717,0.1875,0.0666,2545
k2544,0.0217,0.072,0.266129032,0.701747923,0.0,0.0833,0.536149276,0.0,0.0,0.0,3405
k1544,0.0,0.244621738,0.580645176,0.652311095,0.0,0.0,0.517375509,0.763903463,0.1875,0.0,2651
k2762,0.0435,0.0,0.0,0.51781076,0.0,0.0417,0.59822025,0.0,0.0,0.0279,2087
k2708,0.0,0.0,0.0,0.428736501,0.0,0.208333333,0.718964262,0.809703105,0.0,0.0,481
k838,0.0435,0.130890595,0.118279569,0.681394851,0.3,0.291666667,0.711117512,0.816677983,0.1875,0.133279319,1873
k2632,0.173913043,0.357329083,0.0734,0.702878343,0.2,0.208333333,0.726535682,0.873155978,0.125,0.133279319,743
k2516,0.0,0.0,0.0,0.833936926,0.0,0.0,0.517375509,0.0,0.0,0.133951716,1294
k989,0.173913043,0.304252973,0.236559137,0.645128671,0.0,0.25,0.773188486,0.0,0.0,0.333333345,3059
k2922,0.0,0.0,0.0507,0.449293257,0.0,0.208333333,0.656893288,0.0,0.0,0.0,1983
k15,0.0,0.0,0.0,0.536390003,0.0,0.0833,0.646366212,0.797512499,0.0,0.0,1245
k2543,0.0217,0.152126484,0.168081487,0.720354014,0.0,0.166666667,0.635299093,0.0,0.0,0.233306334,345
k2094,0.0,0.0,0.0463,0.447809361,0.0,0.0417,0.676521598,0.781649281,0.0,0.0,2940
k870,0.0,0.0,0.193548396,0.614470706,0.0,0.0417,0.517375509,0.0,0.0,0.0857,2451
k2119,0.173913043,0.185963672,0.0998,0.740660542,0.3,0.291666667,0.747775312,0.890654898,0.1875,0.133279319,358
k3385,0.0,0.0,0.0665,0.580112399,0.0,0.375,0.747775312,0.852756003,0.25,0.199918983,2742
k1001,0.0,0.152126484,0.076,0.869368206,0.0,0.0833,0.5694092,0.0,0.0,0.206331458,2295
k2999,0.0435,0.0,0.0,0.496886968,0.0,0.166666667,0.718964262,0.0,0.0,0.0,2497
k781,0.0,0.0625,0.125237193,0.464027485,0.0,0.125,0.611300769,0.0,0.0,0.0,885
k195,0.0435,0.0,0.106451613,0.593800893,0.0,0.208333333,0.646366212,0.0,0.0,0.0666,922
k1151,0.0435,0.0,0.0,0.449293257,0.0,0.0,0.656893288,0.0,0.0,0.0279,1079
k1468,0.0,0.182121738,0.118279569,0.714717897,0.0,0.0,0.474078361,0.0,0.0,0.0,3250
k1028,0.152173913,0.304252973,0.191066998,0.684209959,0.0,0.333333333,0.790458671,0.910159867,0.0,0.399972984,2178
k3319,0.0,0.0,0.118279569,0.583543677,0.0,0.0833,0.474078361,0.0,0.0,0.0,2068
k1569,0.0,0.0,0.133064516,0.566193139,0.0,0.0417,0.448665187,0.0,0.0,0.0666,1560
k3285,0.0,0.0,0.0,0.588471513,0.0,0.0417,0.49681115,0.0,0.0,0.0,1541
k965,0.0,0.269699561,0.187855789,0.748052394,0.0,0.0833,0.611300769,0.0,0.0,0.0246,3230
k1416,0.0,0.0,0.236559137,0.561445304,0.0,0.0417,0.474078361,0.0,0.0,0.0279,1991
k380,0.130434783,0.117573089,0.177419358,0.608610037,0.0,0.25,0.685704338,0.766187272,0.0,0.13462411,2134
k2757,0.0217,0.0,0.177419358,0.522609242,0.0,0.166666667,0.623633424,0.0,0.0,0.0,3337
k2614,0.0652,0.0,0.0665,0.531861015,0.0,0.166666667,0.59822025,0.0,0.0,0.000672,934
k2865,0.0,0.0,0.0,0.39046198,0.0,0.208333333,0.611300769,0.0,0.0,0.0,2507
k1720,0.108695652,0.304252973,0.0968,0.660209615,0.0,0.0833,0.666930572,0.0,0.0,0.333333345,1768
k2792,0.0435,0.0,0.112054332,0.547929543,0.0,0.25,0.635299093,0.0,0.0,0.0,1725
k2295,0.0652,0.0,0.0,0.512279025,0.0,0.0417,0.611300769,0.0,0.0,0.0327,400
k3388,0.0,0.152126484,0.0819,0.723454326,0.0,0.0417,0.55341952,0.0,0.0,0.0,2893
k140,0.130434783,0.304252973,0.0852,0.640995014,0.0,0.0833,0.694512174,0.0,0.0,0.333333345,1509
k3079,0.0,0.0,0.0,0.550235676,0.0,0.0417,0.59822025,0.0,0.0,0.0,1590
k2356,0.0652,0.157855831,0.187855789,0.809384464,0.0,0.0833,0.611300769,0.0,0.0,0.0789,3232
k3132,0.087,0.0,0.0968,0.489133199,0.0,0.25,0.666930572,0.0,0.0,0.0,1704
k667,0.217391304,0.45637943,0.19609507,0.749156552,0.0,0.25,0.784854155,0.0,0.0,0.633279333,571
k2728,0.0,0.0,0.709677444,0.523559583,0.0,0.0,0.474078361,0.0,0.0,0.0666,125
k645,0.0,0.0,0.15967743,0.569005394,0.0,0.125,0.646366212,0.0,0.0,0.0666,1674
k1316,0.152173913,0.207199573,0.0852,0.703385676,0.0,0.208333333,0.694512174,0.0,0.0,0.2612187,3277
k713,0.0435,0.0,0.138849927,0.578295074,0.0,0.208333333,0.676521598,0.0,0.0,0.133279319,2314
k1803,0.0217,0.152126484,0.224108663,0.964380785,0.0,0.0833,0.635299093,0.0,0.0,0.16666667,1418
k1029,0.0,0.11846418,0.425806462,0.675912747,0.0,0.0,0.347256087,0.723319548,0.0625,0.0,464
k3126,0.0,0.0,0.0,0.447549637,0.0,0.0417,0.666930572,0.81893093,0.0,0.0,3313
k2027,0.0,0.0,0.187855789,0.615922166,0.0,0.125,0.611300769,0.799055614,0.0,0.0,2126
k2433,0.0,0.0,0.0,0.465675438,0.0,0.166666667,0.49681115,0.0,0.0,0.0,425
k2727,0.0,0.0625,0.145161294,0.547929543,0.0,0.0833,0.666930572,0.0,0.0,0.0789,272
k378,0.173913043,0.0,0.0426,0.560317776,0.0,0.166666667,0.694512174,0.0,0.0,0.0606,655
k640,0.0,0.375000004,0.638709698,0.533951976,0.0,0.0,0.584295238,0.0,0.0,0.0,1414
k374,0.0,0.0625,0.106451613,0.751121363,0.0,0.0,0.49681115,0.0,0.0,0.0666,787
k2584,0.0435,0.0,0.0,0.442633329,0.0,0.166666667,0.702974583,0.0,0.0,0.000672,1087
k1999,0.087,0.0,0.0626,0.497009014,0.0,0.25,0.611300769,0.0,0.0,0.0,2077
k2469,0.0,0.49175296,0.171696147,0.678958113,0.0,0.166666667,0.740925167,0.807573607,0.0,0.333333345,1100
k3154,0.0,0.0,0.425806462,0.493893148,0.0,0.0,0.347256087,0.0,0.0,0.0666,879
k2538,0.087,0.0,0.0,0.566193139,0.0,0.25,0.623633424,0.0,0.0,0.00134,1629
k1398,0.108695652,0.0551,0.0887,0.472288587,0.0,0.0833,0.685704338,0.0,0.0,0.0,2288
k2667,0.0217,0.0,0.0819,0.712004474,0.0,0.0833,0.55341952,0.0,0.0,0.0397,2788
k2379,0.130434783,0.608505946,0.212903226,0.738312319,0.0,0.25,0.694512174,0.0,0.0,0.666666699,1757
k1918,0.0435,0.072,0.193548396,0.792572641,0.0,0.0,0.517375509,0.0,0.0,0.0,1524
k1056,0.0435,0.0625,0.145161294,0.607619679,0.0,0.375,0.816485634,0.83010308,0.0,0.199918983,1927
k2108,0.152173913,0.241036774,0.0968,0.704381271,0.3,0.291666667,0.75441466,0.887939016,0.1875,0.133279319,1627
k823,0.0,0.304252973,0.163771719,0.763885856,0.0,0.125,0.55341952,0.0,0.0,0.333333345,1218
k3209,0.0217,0.0,0.313092993,0.647664359,0.0,0.125,0.611300769,0.0,0.0,0.0666,453
k3228,0.0217,0.0,0.0789,0.443454512,0.0,0.25,0.711117512,0.0,0.0,0.0,2669
k1751,0.0,0.0,0.0998,0.584210142,0.0,0.291666667,0.747775312,0.879667922,0.0625,0.0666,2287
k1284,0.0,0.0,0.0,0.539018975,0.0,0.0417,0.536149276,0.0,0.0,0.0789,783
k1581,0.0,0.0625,0.30414748,0.506954413,0.0,0.0833,0.5694092,0.0,0.0,0.0,2895
k1236,0.0652,0.0,0.146829806,0.554206254,0.0,0.25,0.726535682,0.0,0.0,0.133279319,247
k2742,0.0,0.0,0.0,0.541885003,0.0,0.0833,0.623633424,0.0,0.0,0.0279,1076
k1842,0.0,0.0,0.0,0.483176394,0.0,0.291666667,0.702974583,0.793716437,0.125,0.0,894
k210,0.0,0.0625,0.118279569,0.459843141,0.0,0.125,0.623633424,0.0,0.0,0.0,349
k1136,0.0,0.0509,0.241935487,0.503568194,0.0,0.0833,0.666930572,0.0,0.0,0.0666,573
k2583,0.0,0.124999999,0.465725806,0.488275946,0.0,0.0,0.59822025,0.0,0.0,0.0666,91
k1249,0.0652,0.152126484,0.0484,0.559351061,0.0,0.0417,0.666930572,0.0,0.0,0.16666667,541
k3137,0.0,0.0,0.0,0.366047028,0.0,0.0833,0.711117512,0.0,0.0,0.0,1097
k3183,0.0,0.124999999,0.266129032,0.554275699,0.0,0.0,0.747775312,0.0,0.0,0.212217222,2386
k1137,0.0,0.152126484,0.106451613,0.768149572,0.0,0.0833,0.49681115,0.0,0.0,0.16666667,2634
k1250,0.0435,0.152126484,0.212903226,0.70217354,0.0,0.166666667,0.646366212,0.0,0.0,0.233306334,92
k2789,0.0435,0.142348377,0.118279569,0.502087424,0.0,0.166666667,0.623633424,0.0,0.0,0.0,3134
k3231,0.0,0.0,0.0,0.379444815,0.0,0.0,0.656893288,0.0,0.0,0.0,2101
k2413,0.0217,0.124999999,0.236559137,0.687797047,0.0,0.0833,0.623633424,0.0,0.0,0.0397,2202
k1850,0.0217,0.152126484,0.168081487,0.643192076,0.0,0.166666667,0.635299093,0.0,0.0,0.16666667,623
k3314,0.0435,0.0,0.0,0.444959276,0.0,0.291666667,0.711117512,0.0,0.0,0.000672,3165
k1744,0.0652,0.0,0.0,0.510304405,0.0,0.0417,0.611300769,0.0,0.0,0.0,666
k2981,0.0,0.0758,0.0444,0.592618067,0.0,0.333333333,0.685704338,0.833991729,0.0,0.0666,3261
k1367,0.0,0.0,0.266129032,0.473181246,0.0,0.0,0.59822025,0.773100426,0.0625,0.0666,3270
k404,0.0,0.0,0.0409,0.437475431,0.0,0.0833,0.702974583,0.0,0.0,0.0,3142
k3426,0.0,0.152126484,0.106451613,0.775821703,0.0,0.0833,0.49681115,0.0,0.0,0.16666667,1548
k3076,0.130434783,0.152126484,0.170322581,0.647248746,0.0,0.25,0.694512174,0.850256157,0.0,0.0,3187
k1655,0.0,0.0758,0.375711589,0.657432336,0.1,0.0417,0.611300769,0.818622307,0.1875,0.152314751,1636
k1870,0.108695652,0.262272651,0.245657567,0.602487925,0.0,0.208333333,0.702974583,0.0,0.0,0.167339068,3155
k935,0.0,0.0,0.0,0.476475901,0.0,0.125,0.474078361,0.0,0.0,0.0,1907
k2257,0.0217,0.0,0.0409,0.502237295,0.0,0.208333333,0.702974583,0.0,0.0,0.0,3215
k152,0.0,0.0758,0.0968,0.679969457,0.1,0.125,0.517375509,0.828467379,0.125,0.0666,1485
k2164,0.0217,0.152126484,0.0591,0.622149246,0.0,0.0417,0.623633424,0.0,0.0,0.16666667,1415
k671,0.0217,0.0,0.0,0.555679091,0.0,0.0833,0.55341952,0.0,0.0,0.0327,2311
k123,0.0435,0.142348377,0.118279569,0.502087424,0.0,0.166666667,0.623633424,0.0,0.0,0.0,2180
k1707,0.0435,0.0,0.0,0.44985198,0.0,0.166666667,0.676521598,0.0,0.0625,0.000672,1215
k397,0.0652,0.152126484,0.0444,0.587506204,0.0,0.125,0.685704338,0.0,0.0,0.16666667,197
k483,0.130434783,0.0,0.15967743,0.565660209,0.0,0.5,0.795921275,0.870563545,0.0,0.13462411,1227
k165,0.0,0.0802,0.0,0.712498559,0.0,0.0417,0.536149276,0.0,0.0,0.000672,98
k3115,0.0,0.0,0.0,0.588471513,0.0,0.125,0.536149276,0.0,0.0,0.0,3400
k2644,0.0435,0.110146179,0.0,0.549617591,0.0,0.208333333,0.666930572,0.0,0.0,0.0789,1
k44,0.0217,0.0,0.168081487,0.519424557,0.0,0.125,0.635299093,0.0,0.0,0.0666,2888
k3237,0.195652174,0.0,0.0687,0.65982171,0.0,0.291666667,0.740925167,0.0,0.0,0.0952,2967
k2517,0.087,0.220292358,0.168081487,0.603914569,0.0,0.0,0.635299093,0.0,0.0,0.0666,1668
k3083,0.087,0.304252973,0.0852,0.643139474,0.0,0.333333333,0.694512174,0.0,0.0,0.333333345,1747
k549,0.0,0.0,0.0887,0.48583147,0.0,0.0417,0.685704338,0.0,0.0,0.0666,1470
k2039,0.108695652,0.0,0.0,0.570164772,0.0,0.166666667,0.646366212,0.0,0.0,0.0327,3298
k3109,0.0,0.210293076,0.193548396,0.687254973,0.1,0.0833,0.666930572,0.813344855,0.3125,0.0666,426
k2131,0.0217,0.0,0.15207374,0.617842075,0.0,0.125,0.656893288,0.0,0.0,0.0,436
k120,0.0,0.0573,0.266129032,0.598112442,0.0,0.0,0.299110125,0.0,0.0,0.0,1693
k2716,0.0,0.0,0.0,0.535763712,0.0,0.0,0.237039181,0.0,0.0,0.0,1207
k1591,0.0217,0.0,0.0,0.452757674,0.0,0.0833,0.635299093,0.0,0.0,0.0279,2702
k3404,0.0,0.0,0.0,0.57545433,0.0,0.166666667,0.666930572,0.0,0.0,0.0789,2504
k2318,0.0652,0.152126484,0.0367,0.584930577,0.0,0.208333333,0.726535682,0.806493426,0.0,0.16666667,46
k2332,0.087,0.214626483,0.112054332,0.752622376,0.0,0.0833,0.635299093,0.0,0.0,0.0789,1220
k2008,0.0652,0.0,0.056,0.556840658,0.0,0.0833,0.635299093,0.0,0.0,0.0606,925
k1610,0.130434783,0.0,0.266129032,0.675597686,0.0,0.0833,0.59822025,0.0,0.0,0.111614972,847
k2603,0.0,0.0,0.0,0.638457723,0.0,0.0833,0.536149276,0.0,0.0,0.0,378
k1012,0.087,0.0,0.177419358,0.553644874,0.0,0.333333333,0.7338503,0.0,0.0,0.0,3014
k2932,0.0,0.0,0.0887,0.554758685,0.0,0.0,0.536149276,0.0,0.0,0.0789,226
k1314,0.0,0.182121738,0.677419348,0.575098118,0.0,0.0,0.517375509,0.756033578,0.0625,0.0,1412
k851,0.0,0.0,0.0,0.481720244,0.0,0.25,0.702974583,0.797512499,0.125,0.0,2007
k2270,0.0,0.110146179,0.473118285,0.452909968,0.0,0.0,0.474078361,0.0,0.0,0.051,1293
k3266,0.0217,0.072,0.199596774,0.591785434,0.0,0.125,0.59822025,0.0,0.0,0.000672,1686
k2497,0.0435,0.0,0.256952169,0.571462219,0.0,0.166666667,0.726535682,0.0,0.0,0.133279319,3069
k544,0.0,0.152126484,0.228110605,0.732425858,0.0,0.166666667,0.5694092,0.820381458,0.0,0.16666667,2220
k1329,0.0,0.0,0.106451613,0.561723005,0.0,0.125,0.49681115,0.78445775,0.0,0.0,2931
k3020,0.0,0.214626483,0.266129032,0.650481109,0.0,0.0833,0.536149276,0.0,0.0,0.16666667,262
k761,0.108695652,0.117573089,0.323983152,0.612468066,0.0,0.125,0.676521598,0.793809024,0.125,0.0666,3015
k3421,0.0435,0.0,0.0665,0.459843141,0.0,0.208333333,0.59822025,0.0,0.0,0.0,2146
k3057,0.0,0.0,0.106451613,0.593905666,0.0,0.0833,0.49681115,0.0,0.0,0.0666,2568
k3311,0.0,0.254097318,0.177419358,0.675912747,0.0,0.0,0.536149276,0.0,0.0,0.0,1511
k320,0.0,0.307121737,0.66532258,0.67333243,0.0,0.0,0.448665187,0.750663539,0.0,0.0,1134
k86,0.0217,0.0625,0.10138249,0.806082657,0.0,0.125,0.656893288,0.796123696,0.125,0.0673,62
k2292,0.0,0.0582,0.0,0.594765302,0.0,0.0,0.149555062,0.0,0.0,0.0,3236
k3288,0.0,0.304252973,0.228110605,0.736020958,0.0,0.125,0.5694092,0.795383001,0.0,0.333333345,887
k213,0.0,0.136581113,0.212903226,0.658679097,0.0,0.0,0.347256087,0.0,0.0,0.0,634
k3262,0.0652,0.184343414,0.33266129,0.665975008,0.0,0.0,0.59822025,0.0,0.0,0.0,371
k2012,0.0,0.0758,0.0409,0.48060401,0.4,0.0,0.702974583,0.769304364,0.1875,0.0666,1366
k2066,0.0217,0.152126484,0.168081487,0.807172708,0.0,0.166666667,0.635299093,0.0,0.0,0.233306334,2414
k1391,0.0,0.0,0.0645,0.575618973,0.0,0.333333333,0.75441466,0.848620456,0.25,0.199918983,2761
k2843,0.0,0.0,0.127741935,0.5238009,0.0,0.166666667,0.694512174,0.786093451,0.0,0.0789,1325
k1497,0.0,0.0,0.0,0.468250284,0.0,0.0833,0.702974583,0.0,0.0,0.133279319,2020
k1755,0.087,0.110146179,0.177419358,0.533421,0.0,0.0417,0.685704338,0.0,0.0,0.0666,636
k72,0.0435,0.0802,0.106451613,0.605422382,0.0,0.25,0.646366212,0.0,0.0,0.0,2371
k3051,0.0,0.236928359,0.638709698,0.611862642,0.0,0.0,0.49681115,0.742454169,0.0,0.0,2334
k521,0.0217,0.0,0.0,0.538504177,0.0,0.0417,0.536149276,0.0,0.0,0.0279,1683
k721,0.108695652,0.45637943,0.127741935,0.704610356,0.0,0.291666667,0.694512174,0.0,0.0,0.56663963,1778
k2339,0.0,0.124999999,0.563567389,0.502285636,0.0,0.0,0.611300769,0.759767916,0.0,0.0,2085
k2459,0.260869565,0.455438537,0.375711589,0.63954117,0.0,0.333333333,0.760855832,0.75646565,0.0,0.13462411,1874
k934,0.0,0.0,0.0,0.446742172,0.0,0.0833,0.635299093,0.0,0.0,0.0666,2681
k467,0.0435,0.0551,0.193548396,0.614470706,0.0,0.0417,0.517375509,0.0,0.0,0.0666,1070
k857,0.0,0.0,0.0507,0.452026063,0.0,0.208333333,0.656893288,0.766187272,0.0,0.0,788
k698,0.0435,0.0,0.076,0.616830418,0.0,0.0833,0.718964262,0.0,0.0,0.133279319,2477
k1792,0.0,0.00701,0.0591,0.807265952,0.0,0.125,0.623633424,0.0,0.0,0.0666,437
k2236,0.0,0.0625,0.0734,0.528802206,0.0,0.0,0.726535682,0.792111598,0.0,0.199918983,3180
k2969,0.152173913,0.152126484,0.0444,0.624266117,0.0,0.0417,0.685704338,0.0,0.0,0.194579041,1424
k3253,0.0,0.0,0.0,0.44420664,0.0,0.291666667,0.702974583,0.0,0.0,0.0,356
k384,0.0217,0.0551,0.887096749,0.400591245,0.0,0.0,0.623633424,0.0,0.0,0.0,2072
k703,0.0,0.0,0.0507,0.452026063,0.0,0.0417,0.656893288,0.772174557,0.0,0.0,637
k760,0.0652,0.152126484,0.0394,0.534259221,0.0,0.0417,0.711117512,0.0,0.0,0.16666667,1782
k1923,0.087,0.152126484,0.212903226,0.771377596,0.0,0.166666667,0.646366212,0.0,0.0,0.0789,420
k1577,0.0,0.0,0.0,0.433634598,0.0,0.208333333,0.694512174,0.0,0.0,0.0,124
k2619,0.0435,0.0,0.0,0.493531544,0.0,0.0833,0.666930572,0.0,0.0,0.0279,2358
k3019,0.0,0.279175141,0.425806462,0.744419894,0.0,0.0,0.49681115,0.0,0.0,0.0,2951
k635,0.0,0.0,0.245657567,0.506954413,0.0,0.125,0.55341952,0.0,0.0,0.0,2668
k3298,0.0652,0.0,0.241935487,0.591927919,0.0,0.166666667,0.666930572,0.0,0.0,0.0673,2626
k2422,0.087,0.110146179,0.163771719,0.595064848,0.0,0.208333333,0.702974583,0.0,0.0,0.199918983,457
k1759,0.0,0.0625,0.399193548,0.611403886,0.0,0.0,0.448665187,0.0,0.0,0.0243,344
k2261,0.0652,0.152126484,0.0394,0.53813886,0.0,0.125,0.711117512,0.0,0.0,0.16666667,731
k3258,0.087,0.0,0.071,0.656058879,0.0,0.0833,0.584295238,0.0,0.0625,0.11834488,679
k1791,0.0,0.0,0.0,0.447809361,0.0,0.0833,0.676521598,0.81152398,0.0,0.0,310
k2907,0.0,0.244621738,0.709677444,0.606164897,0.0,0.0,0.474078361,0.728782174,0.0,0.0,128
k231,0.0,0.0625,0.187855789,0.461888808,0.0,0.0417,0.611300769,0.0,0.0,0.0,2778
k2548,0.0,0.0,0.0968,0.489133199,0.0,0.0833,0.666930572,0.0,0.0,0.0666,1786
k2107,0.0,0.124999999,0.145161294,0.596696466,0.0,0.291666667,0.816485634,0.823004753,0.0,0.133279319,2922
k2238,0.0,0.0573,0.177419358,0.669466507,0.0,0.125,0.536149276,0.0,0.0,0.0666,1332
k101,0.0435,0.0,0.231416545,0.631664573,0.0,0.166666667,0.676521598,0.850009259,0.0,0.188126538,2606
k533,0.087,0.304252973,0.15967743,0.702069705,0.0,0.208333333,0.646366212,0.0,0.0,0.333333345,2658
k1082,0.0435,0.0,0.202764976,0.506885085,0.0,0.166666667,0.656893288,0.0,0.0,0.0599,2719
k2047,0.0217,0.152126484,0.168081487,0.720354014,0.0,0.166666667,0.635299093,0.0,0.0,0.233306334,1673
k3149,0.108695652,0.0,0.170322581,0.504331655,0.0,0.291666667,0.694512174,0.0,0.0,0.0,2819
k3414,0.0,0.0,0.0,0.482438334,0.0,0.0417,0.536149276,0.0,0.0,0.0279,2610
k1168,0.260869565,0.152126484,0.185133247,0.752376956,0.0,0.208333333,0.676521598,0.0,0.0,0.146922374,669
k753,0.0,0.0625,0.33266129,0.629614568,0.0,0.0417,0.59822025,0.0,0.0,0.133279319,948
k3216,0.0217,0.0,0.0734,0.583886406,0.0,0.25,0.726535682,0.0,0.0,0.0,881
k2898,0.0435,0.0,0.187855789,0.497009014,0.0,0.166666667,0.611300769,0.0,0.0,0.0,3340
k1662,0.0,0.224102042,0.30414748,0.73367766,0.0,0.0,0.419854137,0.0,0.0,0.0,2439
k176,0.0217,0.152126484,0.168081487,0.807172708,0.0,0.166666667,0.635299093,0.0,0.0,0.233306334,2911
k922,0.0652,0.304252973,0.157706095,0.70004053,0.0,0.208333333,0.711117512,0.853589285,0.0,0.333333345,19
k388,0.0,0.0,0.0507,0.449293257,0.0,0.208333333,0.656893288,0.0,0.0,0.0,1420
k577,0.0435,0.0,0.0,0.44985198,0.0,0.166666667,0.676521598,0.0,0.0,0.000672,1403
k897,0.108695652,0.197421454,0.212903226,0.614182884,0.0,0.125,0.694512174,0.0,0.0,0.0279,825
k1575,0.0,0.127288613,0.425806462,0.864042343,0.1,0.0,0.49681115,0.81192519,0.1875,0.0666,2024
k1902,0.108695652,0.402414096,0.814041764,0.597515694,0.0,0.0,0.611300769,0.846058885,0.0,0.0548,3274
k415,0.0,0.138317505,0.084,0.606254507,0.2,0.458333333,0.784854155,0.824331831,0.625,0.199918983,2467
k2212,0.217391304,0.214626483,0.199596774,0.710923451,0.0,0.125,0.747775312,0.798963027,0.0,0.167339068,122
k3114,0.0,0.165219257,0.15207374,0.554829185,0.0,0.0,0.419854137,0.0,0.0,0.0,2091
k1244,0.0217,0.0,0.0887,0.594178286,0.0,0.125,0.536149276,0.0,0.0,0.0666,243
k2620,0.130434783,0.072,0.177419358,0.656948178,0.0,0.0417,0.623633424,0.0,0.0,0.0123,942
k1215,0.0,0.0,0.0,0.524504218,0.0,0.0833,0.5694092,0.0,0.0,0.133279319,2796
k1127,0.0435,0.0,0.15207374,0.52860544,0.0,0.291666667,0.718964262,0.0,0.0,0.0,2216
k2743,0.0652,0.072,0.0409,0.503894509,0.0,0.125,0.702974583,0.0,0.0,0.0,830
k2972,0.0,0.00701,0.0,0.614470706,0.0,0.125,0.536149276,0.0,0.0,0.0,168
k1296,0.0435,0.0,0.112054332,0.507393747,0.0,0.166666667,0.635299093,0.794518857,0.0,0.0,1594
k1637,0.087,0.123719237,0.185133247,0.71907681,0.0,0.0417,0.676521598,0.790846244,0.0,0.0,384
k1322,0.0,0.152126484,0.0968,0.810577803,0.0,0.125,0.517375509,0.0,0.0,0.16666667,548
k2198,0.0217,0.127288613,0.354838717,0.861029218,0.2,0.0,0.623633424,0.844145423,0.125,0.133279319,2657
k730,0.087,0.0,0.0,0.566193139,0.0,0.25,0.623633424,0.0,0.0,0.00134,992
k2026,0.0217,0.0,0.138849927,0.631664573,0.0,0.166666667,0.676521598,0.0,0.0,0.0123,3178
k2507,0.0,0.0,0.0,0.52702443,0.0,0.0833,0.55341952,0.0,0.0,0.0,1941
k281,0.260869565,0.0,0.122828789,0.556881887,0.0,0.125,0.702974583,0.0,0.0,0.0327,2670
k269,0.087,0.304252973,0.0968,0.694000797,0.0,0.25,0.666930572,0.0,0.0,0.333333345,1438
k872,0.0,0.0,0.0,0.774101296,0.0,0.0833,0.448665187,0.815258317,0.0,0.0,3302
k2758,0.0,0.0,0.0,0.675061864,0.0,0.125,0.474078361,0.0,0.0,0.0,1200
k250,0.130434783,0.0,0.187855789,0.635501069,0.0,0.166666667,0.611300769,0.0,0.0,0.013,767
k2025,0.0652,0.0,0.0,0.575618973,0.0,0.0417,0.611300769,0.0,0.0,0.0606,1338
k659,0.0,0.0,0.0,0.509061396,0.0,0.166666667,0.711117512,0.804610826,0.0,0.0,3088
k360,0.0435,0.152126484,0.0484,0.753337614,0.0,0.333333333,0.666930572,0.0,0.0,0.16666667,2772
k1211,0.0217,0.0,0.0,0.582538077,0.0,0.0833,0.623633424,0.0,0.0,0.0279,1969
k2233,0.0,0.149530594,0.0,0.538824788,0.0,0.0,0.386594243,0.0,0.0,0.0,1105
k2754,0.108695652,0.0,0.0998,0.671173275,0.3,0.375,0.747775312,0.908493303,0.1875,0.183424552,140
k2354,0.0,0.110146179,0.496774197,0.665678119,0.0,0.0,0.584295238,0.0,0.0,0.0248,1612
k2421,0.0,0.0625,0.125237193,0.568952519,0.0,0.0833,0.611300769,0.0,0.0,0.0,1806
k1874,0.173913043,0.0924,0.056,0.586991251,0.0,0.0417,0.635299093,0.0,0.0,0.0,2506
k909,0.152173913,0.304252973,0.071,0.616669136,0.0,0.208333333,0.7338503,0.0,0.0,0.333333345,237
k148,0.0,0.0,0.0,0.4957399,0.0,0.25,0.635299093,0.0,0.0,0.000672,1195
k355,0.0,0.15673454,0.0,0.606164897,0.0,0.0,0.347256087,0.0,0.0,0.0,635
k2683,0.0435,0.0,0.133064516,0.58392146,0.0,0.166666667,0.59822025,0.0,0.0,0.0,903
k222,0.0435,0.0,0.076,0.674379571,0.0,0.0417,0.5694092,0.0,0.0,0.000672,2132
k594,0.0,0.0,0.532258064,0.477182111,0.0,0.0,0.386594243,0.0,0.0,0.0666,200
k2927,0.0217,0.152126484,0.187855789,0.665098293,0.0,0.125,0.611300769,0.0,0.0,0.16666667,3254
k2437,0.0,0.0,0.0,0.44420664,0.0,0.166666667,0.702974583,0.0,0.0,0.0,17
k25,0.0,0.0,0.106451613,0.647893562,0.0,0.0417,0.49681115,0.806709462,0.0,0.121486889,926
k1844,0.173913043,0.0,0.0819,0.617459953,0.0,0.333333333,0.702974583,0.854669465,0.0,0.133279319,3258
k1024,0.087,0.376862168,0.338709668,0.738229627,0.0,0.125,0.666930572,0.0,0.0,0.0123,2449
k2514,0.0,0.119794754,0.133064516,0.687996628,0.0,0.0,0.448665187,0.0,0.0,0.0666,2923
k2488,0.0,0.0,0.0,0.384300706,0.0,0.0417,0.666930572,0.0,0.0,0.0,2856
k1397,0.173913043,0.220292358,0.190092167,0.589292187,0.0,0.291666667,0.718964262,0.0,0.0,0.0,1547
k1550,0.0,0.0,0.0394,0.509061396,0.0,0.125,0.711117512,0.80451824,0.0,0.0,3004
k2665,0.0435,0.0,0.118279569,0.556840658,0.0,0.208333333,0.623633424,0.0,0.0,0.0,1023
k774,0.0,0.114589511,0.425806462,0.570230973,0.0,0.0,0.347256087,0.0,0.0,0.0,12
k316,0.0,0.0,0.0,0.610740507,0.0,0.0833,0.448665187,0.78097031,0.0,0.0,1785
k2337,0.108695652,0.152126484,0.166330645,0.628377538,0.0,0.291666667,0.747775312,0.0,0.0,0.0789,3070
k2349,0.0652,0.0,0.0444,0.658679097,0.0,0.166666667,0.685704338,0.0,0.0,0.161864082,899
k1392,0.0217,0.0,0.141935491,0.547477351,0.0,0.125,0.584295238,0.0,0.0,0.0,1681
k1161,0.087,0.127048657,0.425806462,0.633471776,0.0,0.0417,0.584295238,0.781741868,0.0,0.0279,2301
k3338,0.0,0.182121738,0.133064516,0.751121363,0.0,0.0,0.448665187,0.0,0.0,0.0,1663
k2739,0.0217,0.0,0.0,0.438899496,0.0,0.0833,0.685704338,0.0,0.0,0.0279,1091
k252,0.0217,0.262272651,0.187855789,0.749664745,0.0,0.0833,0.611300769,0.0,0.0,0.0123,2366
k2465,0.0,0.0,0.138849927,0.605422382,0.2,0.0833,0.676521598,0.895654589,0.1875,0.0,1363
k118,0.108695652,0.45637943,0.193548396,0.721163863,0.0,0.208333333,0.666930572,0.0,0.0,0.499999975,2261
k1683,0.0217,0.0,0.114055303,0.495415186,0.0,0.25,0.718964262,0.0,0.0,0.0,806
k3131,0.0,0.0625,0.212903226,0.48415921,0.0,0.0,0.347256087,0.0,0.0,0.0,729
k3424,0.0,0.152126484,0.0819,0.790106905,0.0,0.0417,0.55341952,0.0,0.0,0.16666667,461
k2491,0.0,0.0,0.0,0.688179872,0.0,0.0,0.299110125,0.780229615,0.0,0.121486889,318
k2147,0.0,0.113258934,0.532258064,0.631993195,0.0,0.0,0.299110125,0.0,0.0,0.0,1344
k1574,0.0,0.209971464,0.425806462,0.699499314,0.0,0.0,0.347256087,0.741590025,0.0,0.0,2088
k2813,0.0,0.0,0.0665,0.364623713,0.0,0.0,0.59822025,0.0,0.0,0.0,2623
k1147,0.0,0.188267883,0.483870984,0.699499314,0.0,0.0,0.517375509,0.0,0.0,0.145577573,339
k2681,0.087,0.0,0.0819,0.611852912,0.0,0.0417,0.55341952,0.0,0.0,0.0,224
k3251,0.0217,0.00573,0.0,0.595049177,0.0,0.0833,0.623633424,0.0,0.0,0.0279,2253
k2563,0.0,0.0625,0.0,0.719993503,0.0,0.0,0.299110125,0.0,0.0,0.0,1822
k2282,0.087,0.152126484,0.038,0.561382542,0.0,0.0833,0.718964262,0.83306586,0.0,0.16666667,1765
k3044,0.0,0.0573,0.354838717,0.660209615,0.0,0.0,0.386594243,0.0,0.0,0.0,2124
k1105,0.0652,0.152126484,0.0409,0.596540421,0.0,0.125,0.702974583,0.80519721,0.125,0.16666667,3060
k518,0.0,0.114296396,0.354838717,0.647841273,0.0,0.0,0.237039181,0.709740139,0.0,0.0,2604
k2659,0.087,0.152126484,0.038,0.561382542,0.0,0.0833,0.718964262,0.840287637,0.0,0.16666667,1643
k2878,0.0,0.152126484,0.177419358,0.704064022,0.0,0.125,0.536149276,0.0,0.0,0.16666667,1472
k2832,0.0,0.0625,0.709677444,0.445226777,0.0,0.0,0.656893288,0.0,0.0,0.0666,1583
k2391,0.0,0.0,0.038,0.58575512,0.0,0.25,0.718964262,0.872353558,0.0,0.145577573,2119
k1543,0.0,0.0,0.0507,0.576083123,0.0,0.166666667,0.656893288,0.829887044,0.0,0.0666,1894
k1357,0.087,0.0,0.0,0.566193139,0.0,0.25,0.623633424,0.0,0.0,0.00134,1532
k2640,0.0,0.0,0.0,0.699499314,0.0,0.0833,0.448665187,0.0,0.0,0.0,822
k1865,0.0652,0.0,0.0926,0.593905666,0.0,0.166666667,0.676521598,0.780877724,0.0625,0.000672,2556
k2489,0.0,0.0,0.0,0.468220974,0.0,0.0,0.299110125,0.0,0.0,0.0,1678
k2361,0.0,0.0,0.0,0.531861015,0.0,0.166666667,0.646366212,0.825936671,0.0,0.0,1368
k860,0.0217,0.0551,0.0,0.596548393,0.0,0.125,0.611300769,0.0,0.0,0.0327,2833
k1238,0.0435,0.0,0.0,0.510304405,0.0,0.208333333,0.611300769,0.0,0.0,0.000672,1251
k2191,0.0652,0.0625,0.112054332,0.699226968,0.0,0.0417,0.635299093,0.766279859,0.125,0.0,621
k2849,0.152173913,0.279808768,0.365927419,0.610002057,0.0,0.25,0.747775312,0.0,0.0,0.000672,693
k2279,0.0,0.127048657,0.0968,0.744419894,0.0,0.0,0.517375509,0.0,0.0,0.0673,35
k260,0.0,0.0758,0.212903226,0.781594482,0.0,0.0,0.347256087,0.792451083,0.125,0.0666,1104
k1080,0.0217,0.0,0.241935487,0.637857654,0.0,0.125,0.666930572,0.0,0.0,0.133279319,3117
k1736,0.0217,0.152126484,0.266129032,0.694831593,0.0,0.0833,0.536149276,0.0,0.0,0.0789,72
k2946,0.087,0.0,0.0,0.561746257,0.0,0.0833,0.666930572,0.807573607,0.0625,0.0,2167
k2971,0.0,0.0,0.0,0.379444815,0.0,0.0417,0.694512174,0.0,0.0,0.0,3409
k2638,0.0652,0.152126484,0.0463,0.587506204,0.0,0.125,0.676521598,0.83266465,0.0,0.16666667,2932
k496,0.0435,0.152126484,0.0484,0.559351061,0.0,0.125,0.666930572,0.0,0.0,0.16666667,3312
k970,0.0,0.152126484,0.193548396,0.719555498,0.0,0.0833,0.517375509,0.0,0.0,0.217699497,2637
k3348,0.0,0.0625,0.133064516,0.467245661,0.0,0.0417,0.59822025,0.0,0.0,0.0,3205
k3428,0.0435,0.0551,0.0444,0.538399913,0.0,0.291666667,0.685704338,0.82673909,0.0,0.0,3421
k3282,0.0217,0.152126484,0.168081487,0.807172708,0.0,0.166666667,0.635299093,0.0,0.0,0.233306334,918
k1935,0.087,0.152126484,0.0426,0.543862086,0.0,0.0833,0.694512174,0.0,0.0,0.16666667,1713
k597,0.0652,0.0,0.056,0.527545598,0.0,0.0833,0.635299093,0.799395099,0.0,0.000672,3129
k2165,0.0,0.0758,0.290322588,0.745880577,0.0,0.0,0.517375509,0.838898833,0.125,0.0666,1192
k2351,0.0435,0.072,0.112054332,0.776896669,0.0,0.166666667,0.635299093,0.0,0.0,0.0,598
k1986,0.0,0.0,0.0,0.384300706,0.0,0.0417,0.666930572,0.0,0.0,0.0,126
k918,0.0,0.0,0.456221199,0.566193139,0.0,0.0,0.419854137,0.0,0.0,0.133279319,3020
k1313,0.0217,0.072,0.283870982,0.656948178,0.0,0.0417,0.584295238,0.0,0.0,0.0789,3432
k1158,0.0652,0.404621042,0.25548386,0.639346709,0.0,0.208333333,0.694512174,0.0,0.0,0.16666667,683
k2355,0.087,0.0,0.0,0.661264494,0.0,0.25,0.656893288,0.0,0.0,0.0673,435
k1676,0.0,0.0,0.0,0.384300706,0.0,0.0417,0.666930572,0.0,0.0,0.0,1319
k2734,0.108695652,0.182121738,0.313092993,0.699226968,0.0,0.0,0.611300769,0.815073144,0.0,0.0666,3023
k253,0.173913043,0.304252973,0.071,0.616830418,0.0,0.166666667,0.7338503,0.0,0.0,0.333333345,1489
k2299,0.0,0.056,0.425806462,0.601626373,0.0,0.0,0.347256087,0.0,0.0,0.0,338
k3091,0.0,0.0,0.0,0.377102439,0.0,0.208333333,0.7338503,0.0,0.0,0.0,2704
k1584,0.0435,0.152126484,0.10138249,0.747361855,0.0,0.166666667,0.656893288,0.0,0.0,0.233978727,1644
k166,0.108695652,0.220292358,0.245657567,0.566660415,0.0,0.125,0.702974583,0.0,0.0,0.0673,406
k223,0.0,0.0,0.0,0.433482929,0.0,0.0833,0.685704338,0.0,0.0,0.0666,1549
k2859,0.0435,0.0,0.118279569,0.696822314,0.0,0.25,0.623633424,0.0,0.0,0.0,2844
k2866,0.0652,0.214626483,0.220244725,0.664546175,0.0,0.0833,0.726535682,0.0,0.0,0.367258031,3210
k959,0.0217,0.244524847,0.163771719,0.823979764,0.0,0.125,0.55341952,0.0,0.0,0.16666667,3419
k2824,0.0,0.0,0.10138249,0.765469914,0.0,0.333333333,0.656893288,0.856829825,0.0,0.0,1492
k1732,0.087,0.110146179,0.170322581,0.624725929,0.0,0.0833,0.694512174,0.0,0.0,0.133279319,3194
k427,0.152173913,0.277587103,0.274713833,0.529055365,0.0,0.166666667,0.740925167,0.0,0.0,0.000672,3323
k339,0.0,0.152126484,0.15207374,0.719993503,0.0,0.0,0.419854137,0.0,0.0,0.0,721
k2662,0.0,0.0,0.0444,0.579809883,0.0,0.375,0.685704338,0.858650701,0.0,0.133279319,2976
k747,0.0435,0.127048657,0.187855789,0.63954117,0.0,0.166666667,0.611300769,0.0,0.0,0.0,2571
k470,0.0,0.0,0.0,0.52702443,0.0,0.0833,0.55341952,0.0,0.0,0.0,705
k266,0.0652,0.152126484,0.0394,0.534259221,0.0,0.0833,0.711117512,0.0,0.0,0.16666667,989
k1354,0.0,0.00701,0.0,0.640995014,0.0,0.0,0.419854137,0.0,0.0,0.0,1386
k3261,0.0,0.0,0.0,0.486269554,0.0,0.125,0.685704338,0.794642306,0.0,0.0,3167
k1123,0.0,0.0,0.0,0.438248233,0.0,0.0417,0.694512174,0.833158447,0.0,0.0,422
k3263,0.0,0.0,0.0,0.384300706,0.0,0.0417,0.666930572,0.0,0.0,0.0,1910
k270,0.0,0.0,0.193548396,0.530182697,0.0,0.125,0.517375509,0.797327325,0.0,0.0,1428
k1915,0.0652,0.0,0.212903226,0.578295074,0.0,0.166666667,0.646366212,0.0,0.0,0.0,755
k1091,0.0,0.182121738,0.118279569,0.686819898,0.0,0.0,0.474078361,0.0,0.0,0.0666,1815
k2852,0.0,0.0,0.0444,0.579809883,0.0,0.375,0.685704338,0.854144806,0.0,0.133279319,938
k2453,0.0,0.0,0.0,0.447549637,0.0,0.0417,0.666930572,0.802265292,0.0,0.0,1622
k1346,0.130434783,0.152126484,0.145161294,0.696376102,0.0,0.125,0.666930572,0.0,0.0,0.199336453,1262
k1382,0.108695652,0.110146179,0.170322581,0.572884838,0.0,0.208333333,0.694512174,0.0,0.0,0.0673,800
k2646,0.0217,0.0,0.224108663,0.597749782,0.0,0.125,0.635299093,0.845071292,0.0,0.121486889,3403
k173,0.0,0.304252973,0.15207374,0.712449944,0.0,0.166666667,0.5694092,0.0,0.0,0.333333345,3181
k3089,0.0,0.124999999,0.199596774,0.684631199,0.0,0.0417,0.59822025,0.0,0.0,0.0397,2349
k1178,0.0217,0.152126484,0.168081487,0.807172708,0.0,0.166666667,0.635299093,0.0,0.0,0.233306334,2771
k3072,0.087,0.152126484,0.056,0.623205298,0.0,0.25,0.635299093,0.0,0.0,0.16666667,2464
k716,0.0435,0.152126484,0.0394,0.534259221,0.0,0.0833,0.711117512,0.0,0.0,0.16666667,3248
k1869,0.0,0.131146147,0.133064516,0.584210142,0.0,0.125,0.59822025,0.0,0.0,0.0666,1468
k3299,0.0,0.130890595,0.473118285,0.717734969,0.0,0.0,0.474078361,0.810382075,0.1875,0.0666,522
k1703,0.0,0.182361703,0.425806462,0.75656216,0.1,0.0,0.49681115,0.812264675,0.1875,0.133279319,1839
k2166,0.0435,0.152126484,0.177419358,0.696822314,0.0,0.166666667,0.623633424,0.0,0.0,0.16666667,379
k383,0.108695652,0.220292358,0.273732732,0.616213544,0.0,0.166666667,0.76711024,0.0,0.0,0.133951716,2953
k2127,0.0217,0.127048657,0.15207374,0.630179114,0.0,0.0417,0.5694092,0.0,0.0,0.0279,152
k562,0.0,0.072,0.266129032,0.543542804,0.0,0.125,0.536149276,0.0,0.0,0.0,2865
k592,0.152173913,0.304252973,0.071,0.612894425,0.0,0.0833,0.7338503,0.0,0.0,0.333333345,526
k3290,0.0,0.0,0.0,0.616669136,0.0,0.166666667,0.59822025,0.0,0.0,0.0,357
k2123,0.0435,0.0551,0.15207374,0.511765947,0.0,0.208333333,0.656893288,0.0,0.0,0.0666,3199
k3293,0.0,0.152126484,0.0887,0.694185605,0.0,0.166666667,0.536149276,0.0,0.0,0.16666667,2043
k3324,0.130434783,0.152126484,0.22177419,0.703747749,0.0,0.0833,0.685704338,0.0,0.0,0.299945974,668
k2821,0.0217,0.45637943,0.250474386,0.753883401,0.0,0.166666667,0.611300769,0.0,0.0,0.499999975,47
k3343,0.0435,0.0,0.112054332,0.547929543,0.0,0.25,0.635299093,0.0,0.0,0.0,849
k599,0.0,0.0625,0.158544955,0.556520712,0.0,0.0833,0.830716875,0.810166039,0.0,0.199918983,2390
k1570,0.087,0.304252973,0.0852,0.644579992,0.0,0.166666667,0.694512174,0.0,0.0,0.333333345,2592
k285,0.0,0.152126484,0.071,0.717734969,0.0,0.125,0.584295238,0.0,0.0,0.299945974,3193
k59,0.087,0.152126484,0.310483864,0.703747749,0.0,0.0833,0.685704338,0.0,0.0,0.299945974,2787
k1724,0.0217,0.152126484,0.127741935,0.707413467,0.0,0.208333333,0.694512174,0.843065243,0.0,0.16666667,3370
k3094,0.0435,0.0,0.0,0.444959276,0.0,0.25,0.702974583,0.0,0.0,0.000672,1783
k756,0.0217,0.152126484,0.177419358,0.664442731,0.0,0.0833,0.536149276,0.0,0.0,0.233306334,734
k182,0.0,0.182121738,0.709677444,0.549520283,0.0,0.0,0.474078361,0.0,0.0,0.0,216
k3145,0.0,0.0,0.0,0.376759327,0.0,0.0,0.702974583,0.0,0.0,0.0,1164
k1516,0.0,0.0,0.0,0.387309786,0.0,0.0417,0.611300769,0.0,0.0,0.0,1402
k52,0.0,0.0,0.0,0.628675599,0.0,0.0833,0.55341952,0.0,0.0,0.0279,445
k1904,0.0,0.0,0.038,0.58575512,0.0,0.291666667,0.718964262,0.880470341,0.0,0.145577573,572
k1615,0.0,0.0,0.056,0.500210659,0.0,0.0833,0.635299093,0.0,0.0,0.0,1682
k1235,0.0,0.0,0.106451613,0.561723005,0.0,0.125,0.49681115,0.0,0.0,0.0,1724
k2462,0.0,0.0,0.0,0.570230973,0.0,0.0,0.536149276,0.0,0.0,0.133279319,1680
k1827,0.0,0.142348377,0.0,0.749664745,0.0,0.0,0.299110125,0.0,0.0,0.0,897
k510,0.0217,0.0,0.0,0.542634045,0.0,0.0417,0.611300769,0.0,0.0,0.0279,845
k1189,0.0,0.0,0.0,0.439357393,0.0,0.0833,0.676521598,0.0,0.0,0.0,3280
k418,0.0,0.0,0.0,0.491712656,0.0,0.166666667,0.666930572,0.789735202,0.0,0.0,175
k2224,0.0,0.152126484,0.193548396,0.743103455,0.0,0.0833,0.517375509,0.0,0.0,0.16666667,1400
k1280,0.0,0.0,0.0,0.593905666,0.0,0.125,0.474078361,0.0,0.0,0.0,2142
k2827,0.0,0.227719268,0.709677444,0.56955763,0.0,0.0,0.386594243,0.72335041,0.0,0.0,2860
k2901,0.0435,0.0686,0.0394,0.596096123,0.0,0.291666667,0.711117512,0.0,0.0,0.0946,1317
k1993,0.130434783,0.296109852,0.118279569,0.697286425,0.3,0.208333333,0.711117512,0.870069749,0.1875,0.133279319,718
k1176,0.0217,0.152126484,0.212903226,0.766144938,0.0,0.166666667,0.646366212,0.0,0.0,0.16666667,1571
k3304,0.0,0.0,0.0394,0.57510738,0.0,0.25,0.711117512,0.813375718,0.0625,0.0789,3141
k1546,0.0,0.0,0.0484,0.539593447,0.0,0.0,0.666930572,0.819270415,0.0625,0.145577573,1998
k2062,0.0217,0.0,0.125237193,0.665098293,0.0,0.208333333,0.611300769,0.0,0.0,0.0,3239
k873,0.0,0.124999999,0.266129032,0.493941685,0.0,0.125,0.646366212,0.0,0.0,0.0,704
k430,0.0,0.11192836,0.354838717,0.586195861,0.0,0.0,0.237039181,0.0,0.0,0.0,1276
k1618,0.0,0.187499999,0.187855789,0.558634221,0.0,0.0,0.611300769,0.0,0.0,0.133279319,1115
k2087,0.0,0.0,0.10138249,0.5319729,0.0,0.0,0.656893288,0.800290106,0.0,0.0666,447
k3168,0.0217,0.0,0.177419358,0.570538374,0.0,0.125,0.623633424,0.0,0.0,0.0666,756
k811,0.0,0.0,0.0,0.438248233,0.0,0.0833,0.694512174,0.825597185,0.0,0.0,2184
k3278,0.0,0.0,0.0,0.379444815,0.0,0.0,0.656893288,0.0,0.0,0.0,1827
k1425,0.0,0.0,0.118279569,0.623205298,0.0,0.25,0.623633424,0.811616567,0.0,0.0,2912
k1073,0.0652,0.202544533,0.266129032,0.723172991,0.0,0.125,0.59822025,0.808592062,0.0,0.0673,395
k3331,0.0,0.0625,0.567741964,0.439239529,0.0,0.0,0.584295238,0.0,0.0,0.0,1729
k2106,0.0,0.124999999,0.399193548,0.573478537,0.0,0.0,0.448665187,0.757329794,0.125,0.0666,1902
k1210,0.0435,0.0,0.483870984,0.525650661,0.0,0.125,0.666930572,0.810659836,0.0,0.0666,2978
k3418,0.0,0.124999999,0.532258064,0.647722588,0.0,0.0,0.448665187,0.0,0.0,0.0,2215
k2729,0.260869565,0.0758,0.110122363,0.663717606,0.0,0.166666667,0.726535682,0.877877909,0.0,0.0673,3092
k3053,0.0217,0.214626483,0.375711589,0.644002785,0.0,0.0833,0.611300769,0.0,0.0,0.0789,107
k636,0.130434783,0.152126484,0.10138249,0.702069197,0.0,0.166666667,0.656893288,0.0,0.0625,0.16666667,275
k1464,0.0217,0.0,0.202764976,0.69925577,0.0,0.208333333,0.656893288,0.849608049,0.0,0.121486889,3045
k3003,0.0,0.0,0.0,0.597968628,0.0,0.0833,0.517375509,0.0,0.0,0.0,1432
k287,0.0,0.0,0.425806462,0.594765302,0.0,0.0,0.347256087,0.0,0.0,0.133279319,1696
k1628,0.0652,0.0,0.0,0.562135374,0.0,0.0833,0.666930572,0.810351213,0.0,0.0,653
k2338,0.0652,0.152126484,0.0394,0.538676206,0.0,0.125,0.711117512,0.0,0.0,0.16666667,317
k2358,0.0217,0.0,0.10138249,0.561746257,0.0,0.125,0.656893288,0.829208074,0.0,0.0,2660
k1588,0.087,0.22473569,0.198049511,0.570735883,0.0,0.0833,0.811525371,0.0,0.0,0.133279319,1460
k2211,0.0,0.0,0.0,0.486269554,0.0,0.125,0.685704338,0.798500093,0.125,0.0,976
k2288,0.108695652,0.0,0.138849927,0.515449641,0.0,0.125,0.676521598,0.0,0.0,0.0,2038
k953,0.0217,0.269699561,0.409429286,0.699546757,0.0,0.0833,0.55341952,0.747608172,0.0,0.0123,1458
k2105,0.087,0.0,0.0926,0.619324838,0.0,0.25,0.676521598,0.0,0.0,0.0993,923
k3043,0.0,0.114589511,0.168081487,0.61644603,0.0,0.0,0.635299093,0.0,0.0,0.0,1641
k2604,0.0435,0.0,0.0852,0.576209937,0.0,0.25,0.694512174,0.0,0.0,0.0946,2378
k1691,0.0217,0.0,0.0819,0.567401484,0.0,0.0417,0.55341952,0.792420221,0.0,0.0,18
k3135,0.087,0.0509,0.146829806,0.509070306,0.0,0.166666667,0.726535682,0.0,0.0,0.0123,2551
k889,0.0,0.0,0.118279569,0.583543677,0.0,0.0833,0.474078361,0.783223258,0.0,0.0,1628
k2450,0.0,0.124999999,0.15207374,0.570230973,0.0,0.0,0.419854137,0.0,0.0,0.0,979
k45,0.0435,0.332220706,0.399193548,0.693429647,0.0,0.0,0.59822025,0.0,0.0,0.133279319,841
k2685,0.0435,0.00701,0.106451613,0.63679367,0.0,0.125,0.646366212,0.0,0.0,0.0666,3297
k2510,0.0,0.151635011,0.290322588,0.768149572,0.0,0.0,0.517375509,0.849854947,0.25,0.133279319,3326
k519,0.130434783,0.0758,0.0367,0.58620782,0.0,0.0833,0.726535682,0.848466144,0.0625,0.133279319,1750
k1523,0.087,0.0625,0.10138249,0.578295074,0.0,0.25,0.656893288,0.0,0.0,0.000672,3285
k987,0.0217,0.0,0.0,0.516704022,0.0,0.0,0.59822025,0.0,0.0,0.0558,2505
k1995,0.217391304,0.214626483,0.141935491,0.710796286,0.0,0.166666667,0.7338503,0.791093142,0.0,0.199336453,3042
k194,0.0,0.0,0.354838717,0.679263951,0.0,0.0,0.386594243,0.0,0.0,0.0,1515
k2247,0.0,0.0,0.0,0.482438334,0.0,0.0417,0.536149276,0.0,0.0,0.0,2421
k192,0.0435,0.0,0.163771719,0.52702443,0.0,0.0417,0.55341952,0.0,0.0,0.0,2430
k1695,0.0,0.00701,0.0,0.732868201,0.0,0.125,0.536149276,0.0,0.0,0.0,74
k3230,0.0,0.0,0.0,0.584995137,0.0,0.0417,0.536149276,0.0,0.0,0.0279,988
k790,0.0217,0.152126484,0.177419358,0.739197163,0.0,0.125,0.623633424,0.0,0.0,0.233306334,1393
k3403,0.0,0.0625,0.532258064,0.611403886,0.0,0.0,0.448665187,0.0,0.0,0.0243,752
k648,0.130434783,0.0,0.0968,0.638457723,0.0,0.333333333,0.666930572,0.0,0.0,0.00134,3427
k89,0.0435,0.152126484,0.0367,0.529278744,0.0,0.375,0.726535682,0.0,0.0,0.16666667,2979
k1916,0.0435,0.0,0.0,0.454332353,0.0,0.125,0.646366212,0.0,0.0,0.0,1237
k98,0.0,0.0,0.106451613,0.660209615,0.0,0.0833,0.49681115,0.0,0.0,0.0666,1646
k2529,0.0435,0.0625,0.0819,0.601736578,0.0,0.0417,0.702974583,0.804055305,0.1875,0.0666,2891
k1327,0.0652,0.0612,0.163771719,0.560784114,0.0,0.0,0.702974583,0.0,0.0,0.212217222,1246
k3113,0.087,0.182121738,0.39219015,0.667151933,0.0,0.0,0.635299093,0.818498858,0.0625,0.0666,1901
k2474,0.0,0.0,0.212903226,0.593905666,0.0,0.0417,0.49681115,0.0,0.0,0.0666,628
k855,0.0,0.0,0.071,0.663308246,0.0,0.0,0.584295238,0.819085242,0.0,0.133279319,1346
k2278,0.0,0.124999999,0.354838717,0.579809883,0.0,0.0,0.474078361,0.0,0.0,0.0666,2526
k3360,0.0435,0.152126484,0.0444,0.739419487,0.0,0.416666667,0.685704338,0.0,0.0,0.16666667,888
k411,0.0,0.11846418,0.354838717,0.647841273,0.0,0.0,0.237039181,0.712363434,0.0,0.0,1137
k557,0.0,0.152126484,0.0819,0.723454326,0.0,0.0417,0.55341952,0.0,0.0,0.185702112,1537
k2809,0.0,0.113971116,0.15207374,0.559183956,0.0,0.208333333,0.718964262,0.0,0.0,0.133279319,2236
k1187,0.0,0.0,0.0409,0.561084364,0.0,0.291666667,0.702974583,0.769767298,0.0,0.000672,2336
k33,0.0,0.187499999,0.532258064,0.517794347,0.0,0.0,0.448665187,0.744923153,0.0,0.0,2143
k1261,0.108695652,0.0,0.133064516,0.771034554,0.0,0.166666667,0.685704338,0.0,0.0,0.0279,2302
k1433,0.0,0.0,0.0,0.768149572,0.0,0.125,0.474078361,0.801215974,0.0,0.0,3112
k2594,0.0,0.0625,0.555399719,0.563906975,0.2,0.0833,0.676521598,0.802049256,0.25,0.0,1684
k2485,0.0217,0.0,0.163771719,0.675037557,0.0,0.0833,0.55341952,0.0,0.0,0.0,813
k272,0.217391304,0.152126484,0.220244725,0.686625046,0.0,0.208333333,0.726535682,0.0,0.0,0.16666667,166
k2202,0.087,0.0551,0.295698938,0.665269501,0.0,0.0833,0.623633424,0.0,0.0,0.0,564
k996,0.0,0.227942236,0.87666035,0.475563077,0.0,0.0,0.760855832,0.0,0.0,0.133279319,802
k1023,0.0,0.0,0.106451613,0.375648611,0.0,0.0,0.49681115,0.0,0.0,0.0,1165
k1489,0.0435,0.119794754,0.212903226,0.722598284,0.0,0.125,0.646366212,0.780908586,0.0,0.0,1651
k607,0.0217,0.303270027,0.630019766,0.570345438,0.2,0.0,0.83970829,0.777976668,0.75,0.399837961,1212
k1190,0.0217,0.0758,0.228110605,0.668395293,0.1,0.0833,0.5694092,0.825628048,0.125,0.0666,2870
k2454,0.0,0.0,0.851612913,0.358867488,0.0,0.0,0.49681115,0.0,0.0,0.0,2275
k1095,0.0,0.0,0.0,0.441709602,0.0,0.208333333,0.694512174,0.0,0.0,0.0,3415
k936,0.0,0.0625,0.319354849,0.471774376,0.0,0.0417,0.49681115,0.726220604,0.0,0.0,3192
k1283,0.0,0.0625,0.473118285,0.500483123,0.0,0.0,0.474078361,0.0,0.0,0.0666,273
k70,0.0652,0.182121738,0.168081487,0.616091147,0.0,0.0417,0.635299093,0.0,0.0,0.0666,687
k2856,0.0,0.0,0.0734,0.583995399,0.3,0.0417,0.726535682,0.909696932,0.1875,0.0,1559
k768,0.0,0.0,0.0,0.489785244,0.0,0.166666667,0.676521598,0.814208999,0.0,0.0,793
k2393,0.0,0.321519647,0.354838717,0.771800165,0.0,0.0,0.386594243,0.0,0.0,0.0,1022
k2746,0.0,0.152126484,0.193548396,0.673056918,0.0,0.0833,0.517375509,0.0,0.0,0.16666667,2886
k369,0.0,0.124999999,0.319354849,0.531861015,0.0,0.0417,0.49681115,0.745509536,0.0,0.0,1743
k141,0.0,0.0,0.0,0.507565502,0.0,0.0,0.386594243,0.0,0.0,0.0,58
k2445,0.0,0.0,0.0,0.643139474,0.0,0.0417,0.536149276,0.817912475,0.0,0.0,3190
k977,0.0,0.277126471,0.15207374,0.68493649,0.0,0.0,0.5694092,0.79226591,0.0625,0.0,3271
k2408,0.239130435,0.304252973,0.236559137,0.716147941,0.0,0.25,0.773188486,0.0,0.0,0.333333345,1986
k365,0.0217,0.0,0.071,0.73857431,0.0,0.0417,0.584295238,0.0,0.0,0.0,1425
k2978,0.0217,0.0,0.0819,0.823697101,0.0,0.0,0.55341952,0.84720079,0.0,0.121486889,2427
k2382,0.0,0.0,0.177419358,0.63536386,0.0,0.166666667,0.536149276,0.0,0.0,0.0327,391
k1020,0.0,0.0,0.0,0.497447996,0.0,0.0833,0.419854137,0.0,0.0,0.0,2682
k1298,0.0,0.0,0.0,0.749664745,0.0,0.0833,0.448665187,0.80559842,0.0,0.0,1396
k3144,0.087,0.117573089,0.30414748,0.492848117,0.0,0.125,0.656893288,0.0,0.0,0.0,2357
k1444,0.0435,0.197723993,0.199596774,0.665457201,0.0,0.0,0.59822025,0.785198445,0.25,0.0,1050
k2687,0.0435,0.110146179,0.76036868,0.464549239,0.0,0.0,0.419854137,0.0,0.0,0.0,360
k1696,0.0,0.0,0.118279569,0.558634221,0.0,0.0833,0.474078361,0.0,0.0,0.0,796
k436,0.0,0.0,0.0,0.698921521,0.0,0.166666667,0.49681115,0.0,0.0,0.0,284
k147,0.0435,0.110146179,0.30414748,0.53687424,0.0,0.0833,0.656893288,0.0,0.0,0.0,1082
k2984,0.0217,0.0802,0.0,0.629614568,0.0,0.0833,0.656893288,0.804487377,0.125,0.0,2250
k673,0.0,0.106544194,0.354838717,0.750793993,0.0,0.0,0.386594243,0.830349978,0.25,0.0,1101
k705,0.0,0.0,0.212903226,0.507565502,0.0,0.0,0.347256087,0.735108944,0.0,0.0,1838
k302,0.0,0.152126484,0.0968,0.743103455,0.0,0.125,0.517375509,0.0,0.0,0.16666667,1278
k3142,0.0,0.0,0.0591,0.617677588,0.0,0.125,0.623633424,0.0,0.0,0.0,2107
k1055,0.0435,0.110146179,0.887096749,0.405213868,0.0,0.0,0.536149276,0.0,0.0,0.0,1217
k2572,0.0,0.0625,0.770856474,0.439471545,0.0,0.0,0.726535682,0.0,0.0,0.0666,2580
k1281,0.0,0.220292358,0.0,0.484850647,0.0,0.0,0.448665187,0.0,0.0,0.0,385
k2799,0.0652,0.0,0.138849927,0.650084918,0.0,0.125,0.676521598,0.0,0.0,0.0,117
k2895,0.0,0.152126484,0.193548396,0.623502069,0.0,0.0833,0.517375509,0.0,0.0,0.16666667,612
k1440,0.0,0.0,0.0,0.460345589,0.0,0.0833,0.5694092,0.0,0.0,0.000672,3038
k1969,0.0,0.0758,0.0,0.549319882,0.0,0.0,0.448665187,0.784087402,0.0,0.0666,712
k751,0.0,0.0509,0.0,0.467557987,0.0,0.0,0.694512174,0.782636874,0.0,0.0666,3052
k3308,0.0,0.0,0.245657567,0.506954413,0.0,0.125,0.55341952,0.0,0.0,0.0,2192
k2478,0.0,0.0,0.212903226,0.410541451,0.0,0.0,0.7338503,0.751805444,0.0625,0.0,1326
k2607,0.0,0.0,0.212903226,0.436629433,0.0,0.0,0.584295238,0.0,0.0,0.0666,1447
k2699,0.0,0.0758,0.106451613,0.544047285,0.2,0.0833,0.49681115,0.812881921,0.125,0.0666,622
k2763,0.0,0.0,0.0665,0.659642725,0.3,0.0833,0.59822025,0.80599963,0.25,0.0501,3093
k327,0.0,0.151635011,0.30414748,0.619398972,0.0,0.0,0.419854137,0.815782976,0.25,0.133279319,528
k1439,0.130434783,0.00951,0.146829806,0.489133199,0.0,0.166666667,0.726535682,0.0,0.0,0.0279,1925
k389,0.087,0.0,0.25548386,0.610334508,0.0,0.166666667,0.694512174,0.0,0.0,0.133279319,986
k1,0.108695652,0.0625,0.228110605,0.557820152,0.0,0.208333333,0.718964262,0.0,0.0,0.133279319,8
k3067,0.0,0.249999999,0.798387096,0.517794347,0.0,0.0,0.448665187,0.0,0.0,0.0,2076
k1868,0.0,0.0758,0.0,0.594765302,0.0,0.0,0.149555062,0.763409666,0.125,0.0666,744
k241,0.0,0.0802,0.0,0.643139474,0.0,0.0,0.536149276,0.0,0.0,0.0,698
k2329,0.173913043,0.152126484,0.118279569,0.60265585,0.0,0.25,0.711117512,0.844207148,0.0,0.0,3382
k1245,0.173913043,0.0,0.170322581,0.610334508,0.0,0.25,0.694512174,0.0,0.0,0.133279319,1705
k3179,0.0,0.0,0.0,0.836017687,0.0,0.0,0.517375509,0.0,0.0,0.0666,103
k2435,0.0,0.0625,0.212903226,0.538824788,0.0,0.0,0.347256087,0.0,0.0,0.0666,2876
k2609,0.0,0.0625,0.798387096,0.546192761,0.1,0.0,0.59822025,0.865687303,0.1875,0.0,2854
k647,0.0,0.0686,0.163771719,0.51781076,0.0,0.125,0.55341952,0.0,0.0,0.0,496
k672,0.0,0.0,0.483870984,0.463766863,0.0,0.0,0.517375509,0.0,0.0,0.0666,2855
k306,0.130434783,0.284696756,0.193548396,0.570230973,0.0,0.0,0.517375509,0.0,0.0,0.0,2079
k1625,0.0,0.0,0.266129032,0.561398057,0.0,0.125,0.536149276,0.0,0.0,0.0666,1421
k3416,0.0,0.0625,0.0,0.464414218,0.0,0.0,0.474078361,0.0,0.0,0.0,514
k2011,0.0,0.0758,0.0484,0.570230973,0.0,0.25,0.666930572,0.83454725,0.0,0.0666,1436
k484,0.0,0.20593843,0.0,0.586195861,0.0,0.0,0.386594243,0.0,0.0,0.0,1284
k1197,0.0217,0.00701,0.187855789,0.622594365,0.0,0.125,0.611300769,0.0,0.0,0.0666,2453
k2239,0.0,0.0,0.0968,0.623502069,0.0,0.0833,0.517375509,0.790352447,0.0,0.0666,726
k806,0.0,0.138317505,0.15207374,0.686667409,0.2,0.0,0.656893288,0.788006913,0.1875,0.133279319,2425
k718,0.0,0.340660939,0.354838717,0.707842484,0.0,0.0,0.474078361,0.0,0.0,0.0,543
k2082,0.0,0.304252973,0.199596774,0.806552826,0.1,0.125,0.59822025,0.91194988,0.1875,0.383478553,959
k2928,0.0217,0.0551,0.0,0.565920792,0.0,0.166666667,0.694512174,0.799425961,0.0,0.0,1185
k3236,0.0,0.0,0.0,0.379444815,0.0,0.166666667,0.694512174,0.0,0.0,0.0,362
k1690,0.087,0.0758,0.177419358,0.740784894,0.2,0.125,0.623633424,0.855934819,0.125,0.133279319,2099
k1273,0.0,0.0,0.122828789,0.621235328,0.0,0.208333333,0.702974583,0.0,0.0,0.133279319,1671
k3133,0.0217,0.117573089,0.473118285,0.582538077,0.0,0.0,0.474078361,0.0,0.0,0.0666,1987
k536,0.0,0.0,0.0,0.598112442,0.0,0.25,0.536149276,0.0,0.0,0.0,2885
k3294,0.152173913,0.0758,0.236559137,0.70403225,0.1,0.0833,0.773188486,0.820628356,0.25,0.333198282,1913
k1076,0.0,0.0,0.0,0.597335185,0.0,0.0,0.635299093,0.0,0.0,0.0,1240
k1125,0.108695652,0.172646179,0.34064515,0.593931771,0.0,0.125,0.694512174,0.794611444,0.0,0.0666,1872
k1006,0.0,0.0625,0.591397875,0.439199902,0.0,0.0,0.474078361,0.0,0.0,0.0,1234
k2050,0.217391304,0.185963672,0.469639468,0.610658557,0.2,0.0417,0.760855832,0.849268564,0.3125,0.199918983,2299
k2954,0.0,0.0,0.483870984,0.554758685,0.0,0.0,0.517375509,0.0,0.0,0.133279319,2646
k2641,0.0,0.0,0.354838717,0.456231041,0.0,0.0,0.386594243,0.0,0.0,0.0666,1243
k2985,0.0,0.0625,0.0,0.45104778,0.0,0.0,0.55341952,0.0,0.0,0.0,929
k60,0.087,0.117573089,0.319354849,0.499747525,0.0,0.0833,0.646366212,0.0,0.0,0.0,1582
k1762,0.0,0.0,0.245657567,0.506954413,0.0,0.125,0.55341952,0.0,0.0,0.0,588
k1241,0.0217,0.17875973,0.677419348,0.611726801,0.0,0.0,0.517375509,0.799240788,0.1875,0.0666,1647
k1149,0.0,0.124999999,0.354838717,0.49531354,0.0,0.0,0.386594243,0.727640269,0.0,0.0,2986
k552,0.0435,0.0,0.071,0.542305189,0.0,0.125,0.584295238,0.0,0.0,0.0286,1154
k3101,0.0,0.0,0.0,0.497447996,0.0,0.125,0.685704338,0.767853836,0.0,0.0,908
k1768,0.0,0.138317505,0.425806462,0.524504218,0.1,0.0833,0.646366212,0.845379915,0.125,0.133279319,2566
k1795,0.0,0.0,0.0,0.622021339,0.0,0.0833,0.448665187,0.0,0.0,0.0,34
k2988,0.195652174,0.220292358,0.110122363,0.545838621,0.0,0.166666667,0.726535682,0.0,0.0,0.0558,516
k433,0.0217,0.0,0.10138249,0.880351133,0.0,0.25,0.656893288,0.0,0.0,0.0,2869
k2442,0.0,0.0573,0.532258064,0.468220974,0.0,0.0,0.299110125,0.0,0.0,0.0,3079
k1941,0.0,0.102942225,0.313092993,0.502835918,0.0,0.0833,0.611300769,0.0,0.0,0.0,238
k2704,0.0435,0.384403859,0.177419358,0.710053458,0.0,0.25,0.685704338,0.0,0.0,0.333333345,2165
k691,0.239130435,0.220292358,0.0863,0.583171364,0.0,0.25,0.779100159,0.803654095,0.0625,0.0,1936
k2509,0.0,0.312499998,0.798387096,0.517794347,0.0,0.0,0.448665187,0.73788655,0.0,0.0,204
k741,0.0,0.0625,0.163771719,0.478518989,0.0,0.125,0.702974583,0.0,0.0,0.0666,25
k278,0.0435,0.189788613,0.387096781,0.78109219,0.1,0.166666667,0.666930572,0.840411086,0.125,0.133279319,2853
k3340,0.0217,0.00701,0.177419358,0.688500365,0.0,0.125,0.623633424,0.0,0.0,0.0666,2078
k2540,0.0,0.0758,0.084,0.555067063,0.1,0.0417,0.784854155,0.856521202,0.3125,0.0666,1658
k2615,0.0,0.0,0.0968,0.779461549,0.0,0.333333333,0.666930572,0.872600457,0.0,0.0,2211
k3377,0.0217,0.142348377,0.106451613,0.593905666,0.0,0.0833,0.49681115,0.752360965,0.0,0.0,2751
k2390,0.0,0.0,0.0887,0.51781076,0.0,0.0,0.536149276,0.0,0.0,0.133279319,1196
k589,0.0,0.0,0.133064516,0.502835918,0.0,0.0417,0.448665187,0.0,0.0,0.0279,1759
k3244,0.0217,0.117573089,0.266129032,0.730890025,0.0,0.125,0.59822025,0.758101352,0.0,0.0,2052
k481,0.152173913,0.0,0.0444,0.609964267,0.0,0.208333333,0.685704338,0.0,0.0,0.0279,3062
k1770,0.0,0.152126484,0.30414748,0.648324728,0.0,0.0,0.419854137,0.763008456,0.0,0.16666667,1972
k1455,0.0,0.0,0.173798545,0.459559813,0.0,0.125,0.83970829,0.820690081,0.0,0.0666,1184
k874,0.0,0.0,0.0,0.549463852,0.0,0.0417,0.59822025,0.0,0.0,0.0789,2144
k1780,0.108695652,0.0551,0.187855789,0.606426965,0.0,0.0417,0.611300769,0.0,0.0,0.0863,1388
k2184,0.0,0.0,0.0,0.445226777,0.0,0.166666667,0.656893288,0.0,0.0,0.0666,404
k1119,0.0217,0.0551,0.94623657,0.394661835,0.0,0.0,0.623633424,0.0,0.0,0.0,633
k1469,0.0,0.0,0.15207374,0.570753352,0.0,0.0417,0.419854137,0.752762175,0.0,0.0,2917
k3185,0.0,0.0,0.0,0.467557987,0.0,0.0,0.694512174,0.0,0.0,0.133279319,2463
k784,0.0217,0.0758,0.15967743,0.636655093,0.1,0.166666667,0.646366212,0.833405345,0.125,0.133279319,1881
k1003,0.0,0.0,0.0,0.610740507,0.0,0.0833,0.448665187,0.773470773,0.0,0.0,2374
k600,0.0,0.0,0.212903226,0.44420664,0.0,0.0833,0.584295238,0.0,0.0,0.0,1655
k2838,0.239130435,0.0,0.0722,0.574132029,0.0,0.5,0.879779071,0.0,0.0,0.399837961,517
k2143,0.0,0.0,0.0926,0.564149426,0.0,0.291666667,0.676521598,0.857138448,0.0,0.199918983,1866
k3087,0.0,0.123719237,0.413978506,0.559483033,0.0,0.125,0.623633424,0.790877106,0.0,0.0666,2353
k2205,0.0,0.0,0.0,0.566193139,0.0,0.0,0.474078361,0.0,0.0,0.0,7
k783,0.0435,0.0758,0.266129032,0.592904638,0.1,0.166666667,0.747775312,0.807326708,0.25,0.0666,2391
k665,0.0,0.45637943,0.187855789,0.731162332,0.0,0.208333333,0.611300769,0.909203136,0.0,0.499999975,1914
k3148,0.0217,0.0,0.106451613,0.874415431,0.0,0.208333333,0.646366212,0.0,0.0,0.0,390
k171,0.0,0.0,0.0,0.387309786,0.0,0.0833,0.448665187,0.0,0.0,0.0,2199
k178,0.0,0.0,0.0887,0.731404392,0.0,0.125,0.536149276,0.80411703,0.0,0.0327,71
k1102,0.0217,0.0,0.0819,0.664442731,0.0,0.125,0.55341952,0.0,0.0,0.0606,217
k2894,0.0652,0.182121738,0.438330175,0.610668913,0.0,0.0833,0.611300769,0.791802975,0.0,0.0,1738
k551,0.0,0.0758,0.266129032,0.578947589,0.1,0.0417,0.59822025,0.798654404,0.125,0.0666,1295
k3274,0.0,0.0625,0.638709698,0.489982089,0.0,0.0,0.49681115,0.0,0.0,0.0666,1829
k1576,0.0,0.0,0.0,0.387309786,0.0,0.0417,0.611300769,0.0,0.0,0.0,3229
k1699,0.0,0.0625,0.0444,0.506223895,0.0,0.208333333,0.685704338,0.777791494,0.0,0.000672,646
k548,0.0,0.0625,0.0789,0.535057072,0.0,0.0,0.711117512,0.0,0.0,0.133279319,3204
k2987,0.087,0.0,0.206035372,0.600446165,0.0,0.25,0.740925167,0.0,0.0,0.199918983,3050
k1571,0.0,0.0758,0.250474386,0.771704928,0.0,0.166666667,0.611300769,0.817665576,0.125,0.133279319,1739
k3074,0.0,0.0758,0.241935487,0.797678993,0.2,0.208333333,0.666930572,0.867508179,0.125,0.0673,716
k2136,0.0,0.0625,0.354838717,0.464549239,0.0,0.0,0.237039181,0.705110796,0.0,0.0,2280
k1323,0.0217,0.0625,0.228110605,0.569005394,0.0,0.0833,0.5694092,0.0,0.0,0.0666,1419
k2749,0.0,0.0,0.118279569,0.594765302,0.0,0.0417,0.474078361,0.0,0.0,0.0666,902
k729,0.0435,0.180073089,0.504244492,0.549695008,0.0,0.0833,0.635299093,0.783408432,0.0,0.0,2665
k957,0.0,0.0,0.0,0.516704022,0.0,0.0,0.536149276,0.0,0.0,0.0,101
k2346,0.0,0.0,0.0,0.387309786,0.0,0.0833,0.448665187,0.0,0.0,0.0,2219
k1568,0.0,0.138317505,0.532258064,0.502285636,0.1,0.0833,0.623633424,0.822973891,0.125,0.0666,2207
k3208,0.0,0.124999999,0.212903226,0.593639064,0.0,0.0,0.49681115,0.0,0.0,0.0246,723
k2841,0.0,0.00573,0.0,0.614470706,0.0,0.125,0.536149276,0.0,0.0,0.0,2355
k143,0.0,0.193390583,0.456221199,0.615190125,0.1,0.0,0.5694092,0.763749151,0.25,0.133279319,1395
k1233,0.0,0.142348377,0.0,0.614881317,0.0,0.0,0.347256087,0.755262021,0.0,0.0,1267
k1271,0.0217,0.0,0.608294961,0.532659883,0.0,0.0,0.419854137,0.0,0.0,0.0666,2948
k423,0.0,0.127288613,0.44354838,0.614881317,0.1,0.0,0.536149276,0.786865008,0.125,0.0666,270
k660,0.0,0.0,0.638709698,0.358867488,0.0,0.0,0.347256087,0.0,0.0,0.0,2037
k198,0.0,0.124999999,0.532258064,0.482395737,0.0,0.0833,0.718964262,0.0,0.0,0.133279319,1442
k2109,0.087,0.0,0.110122363,0.472407468,0.0,0.333333333,0.726535682,0.0,0.0,0.0,3249
k2776,0.0,0.151635011,0.266129032,0.570753352,0.4,0.0833,0.59822025,0.818560583,0.25,0.133279319,1437
k767,0.0,0.0,0.0,0.516704022,0.0,0.5,0.685704338,0.0,0.0,0.0,1534
k2006,0.0,0.0,0.125237193,0.456703242,0.0,0.125,0.611300769,0.783686192,0.0,0.0,1858
k1363,0.0,0.187499999,0.620967717,0.511153568,0.0,0.0,0.536149276,0.0,0.0,0.0666,672
k2608,0.0217,0.0625,0.266129032,0.602487925,0.0,0.0833,0.536149276,0.0,0.0,0.0666,282
k1723,0.0,0.0,0.0,0.43833413,0.0,0.0,0.299110125,0.0,0.0,0.0,1500
k1337,0.0,0.0,0.0,0.554758685,0.0,0.25,0.646366212,0.817727301,0.0,0.133279319,280
k2384,0.0217,0.0625,0.212903226,0.555970899,0.0,0.125,0.646366212,0.0,0.0,0.0666,769
k2470,0.0,0.0,0.0968,0.623502069,0.0,0.0833,0.517375509,0.784272576,0.0,0.0666,1171
k2834,0.0,0.0,0.0409,0.440468274,0.0,0.0833,0.702974583,0.786648972,0.0,0.0,3379
k1461,0.0,0.0,0.0,0.445959678,0.0,0.0,0.419854137,0.0,0.0,0.0,2230
k2327,0.0,0.0625,0.532258064,0.475606612,0.0,0.0,0.49681115,0.0,0.0,0.0666,1071
k2924,0.0435,0.0,0.177419358,0.67292475,0.0,0.0417,0.536149276,0.818498858,0.0,0.121486889,2782
k803,0.0,0.0,0.0,0.545870041,0.0,0.333333333,0.726535682,0.831399296,0.0,0.0789,1617
k1431,0.0,0.0,0.0,0.480124267,0.0,0.0,0.694512174,0.0,0.0,0.0666,2699
k2251,0.087,0.202866166,0.286600508,0.642792407,0.3,0.0417,0.702974583,0.800845627,0.375,0.0666,99
k1201,0.0,0.056,0.327543437,0.623049174,0.0,0.0417,0.55341952,0.0,0.0,0.0666,119
k1277,0.0,0.0509,0.038,0.487475046,0.0,0.0,0.718964262,0.0,0.0,0.145577573,1041
k2654,0.0217,0.0,0.212903226,0.511765947,0.0,0.125,0.646366212,0.0,0.0,0.0666,2286
k74,0.0,0.0,0.0,0.699499314,0.0,0.0833,0.448665187,0.0,0.0,0.0,285
k1107,0.0217,0.0,0.161290332,0.784645162,0.6,0.25,0.75441466,0.888062465,0.625,0.15043568,1109
k1826,0.0,0.0,0.118279569,0.558634221,0.0,0.0833,0.474078361,0.0,0.0,0.0,2944
k2860,0.0,0.0,0.0,0.698921521,0.0,0.166666667,0.49681115,0.0,0.0,0.0327,2879
k916,0.0,0.0,0.0,0.428736501,0.0,0.208333333,0.718964262,0.844268872,0.0,0.0,3335
k2041,0.087,0.117573089,0.30414748,0.529278744,0.0,0.0833,0.656893288,0.0,0.0,0.0279,2925
k2589,0.0,0.0,0.0,0.549319882,0.0,0.0833,0.448665187,0.0,0.0,0.0558,1357
k2407,0.0,0.0,0.118279569,0.489133199,0.0,0.0417,0.474078361,0.0,0.0,0.0,1110
k3383,0.0,0.0,0.0,0.682514016,0.0,0.0833,0.517375509,0.0,0.0,0.0,2443
k618,0.0435,0.152126484,0.0484,0.638055007,0.0,0.125,0.666930572,0.82269613,0.0,0.233306334,418
k1905,0.0,0.056,0.0,0.455703582,0.0,0.0,0.347256087,0.0,0.0,0.0,233
k1395,0.0435,0.152126484,0.187855789,0.630876062,0.0,0.125,0.611300769,0.0,0.0,0.167339068,1330
k3036,0.0,0.0625,0.339739183,0.504349007,0.0,0.0,0.830716875,0.803067712,0.1875,0.199918983,600
k2966,0.0,0.0,0.290322588,0.443445367,0.0,0.0,0.75441466,0.0,0.0,0.0666,2282
k3037,0.0,0.0625,0.840407497,0.403578655,0.0,0.0,0.635299093,0.0,0.0,0.0,432
k172,0.0,0.152126484,0.0819,0.775821703,0.0,0.208333333,0.55341952,0.0,0.0,0.16666667,1966
k3122,0.0435,0.0,0.193548396,0.70236249,0.1,0.166666667,0.666930572,0.878988951,0.1875,0.0501,293
k14,0.0217,0.214626483,0.266129032,0.650481109,0.0,0.0833,0.536149276,0.0,0.0,0.16666667,2185
k2311,0.0217,0.0625,0.133064516,0.588272128,0.0,0.0417,0.59822025,0.0,0.0,0.0946,2671
k228,0.239130435,0.445028051,0.198049511,0.596816323,0.0,0.25,0.811525371,0.0,0.0,0.0,1457
k1513,0.0,0.0,0.212903226,0.609805408,0.0,0.0833,0.584295238,0.0,0.0,0.133279319,882
k1666,0.0217,0.0621,0.266129032,0.549328323,0.0,0.0833,0.59822025,0.0,0.0,0.0,1845
k2289,0.0,0.0758,0.071,0.697758821,0.3,0.0833,0.584295238,0.83723227,0.125,0.0946,3031
k2518,0.0,0.0758,0.0968,0.683504062,0.1,0.125,0.517375509,0.816276773,0.1875,0.0666,2433
k2684,0.0,0.0502,0.327543437,0.614550233,0.0,0.0833,0.55341952,0.0,0.0,0.0673,662
k2034,0.0,0.330438525,0.0,0.506262936,0.0,0.0,0.474078361,0.0,0.0,0.0,1639
k1306,0.0,0.0,0.0819,0.815692362,0.1,0.166666667,0.55341952,0.876087896,0.1875,0.0828,2392
k134,0.0,0.0,0.0968,0.427636094,0.0,0.0,0.517375509,0.729553731,0.0625,0.0,927
k2848,0.0,0.0,0.187855789,0.506370718,0.0,0.0833,0.611300769,0.0,0.0,0.133279319,1745
k3330,0.0,0.0625,0.0,0.578646479,0.0,0.333333333,0.694512174,0.829887044,0.3125,0.0,2758
k3292,0.0,0.0625,0.425806462,0.561723005,0.0,0.125,0.646366212,0.0,0.0,0.0666,1391
k357,0.0,0.0,0.0532,0.433032066,0.0,0.166666667,0.646366212,0.0,0.0,0.0666,127
k2626,0.0435,0.0758,0.177419358,0.654813604,0.3,0.25,0.7338503,0.862847972,0.1875,0.199918983,786
k1578,0.0,0.0621,0.163771719,0.594178286,0.0,0.0833,0.55341952,0.0,0.0,0.0,2621
k3189,0.0,0.0,0.0,0.675912747,0.0,0.0,0.474078361,0.0,0.0,0.133279319,1601
k2120,0.0,0.135223993,0.212903226,0.629409126,0.0,0.0,0.347256087,0.0,0.0,0.0,70
k2582,0.0,0.0,0.354838717,0.506262936,0.0,0.0,0.237039181,0.0,0.0,0.0,1456
k2023,0.0,0.0686,0.212903226,0.546864307,0.0,0.166666667,0.584295238,0.0,0.0,0.0,1645
k898,0.0,0.0758,0.818858572,0.456231041,0.1,0.0,0.55341952,0.783223258,0.125,0.0666,160
k2200,0.0,0.0758,0.118279569,0.558634221,0.1,0.0417,0.474078361,0.811184495,0.125,0.0666,1337
k1930,0.0,0.0625,0.456221199,0.456231041,0.0,0.0,0.419854137,0.0,0.0,0.0,16
k1562,0.347826087,0.0,0.140596468,0.690288106,0.6,0.5,0.856639508,0.917412505,0.375,0.100290462,2401
k2693,0.0,0.0,0.15207374,0.579691354,0.0,0.0833,0.5694092,0.0,0.0,0.133279319,2315
k3030,0.130434783,0.110146179,0.173798545,0.591235309,0.0,0.291666667,0.83970829,0.0,0.0,0.133279319,14
k3316,0.0,0.0,0.0,0.459843141,0.0,0.125,0.611300769,0.0,0.0,0.0,1770
k2877,0.0,0.0573,0.15967743,0.618687955,0.0,0.0,0.646366212,0.0,0.0,0.0,2661
k2612,0.087,0.0,0.168081487,0.59637187,0.0,0.0417,0.635299093,0.0,0.0,0.0403,2533
k259,0.0435,0.284696756,0.456221199,0.549319882,0.0,0.0,0.419854137,0.0,0.0,0.0,44
k914,0.0217,0.0,0.202764976,0.551969604,0.0,0.125,0.656893288,0.0,0.0,0.133279319,2858
k1217,0.0217,0.152126484,0.212903226,0.596548393,0.0,0.125,0.646366212,0.0,0.0,0.233306334,215
k2303,0.0,0.0,0.0,0.570753352,0.0,0.0417,0.419854137,0.0,0.0,0.0558,3118
k2910,0.0,0.0,0.0,0.489785244,0.0,0.0,0.517375509,0.0,0.0,0.0279,3098
k2189,0.0,0.0,0.0,0.598169537,0.0,0.166666667,0.676521598,0.0,0.0,0.133279319,3157
k2304,0.0,0.0,0.133064516,0.549319882,0.0,0.0417,0.448665187,0.0,0.0,0.0558,1128
k2528,0.0,0.0,0.212903226,0.544047285,0.0,0.0833,0.49681115,0.0,0.0,0.0,722
k1062,0.0435,0.101729684,0.280135829,0.608727628,0.0,0.0,0.635299093,0.0,0.0,0.133951716,2321
k3071,0.0,0.142348377,0.0,0.506370718,0.0,0.0,0.347256087,0.0,0.0,0.0,3075
k1414,0.0,0.0,0.0,0.387309786,0.0,0.0833,0.448665187,0.0,0.0,0.0,2035
k800,0.0,0.152126484,0.0968,0.679969457,0.0,0.125,0.517375509,0.0,0.0,0.199336453,591
k1450,0.0435,0.0758,0.0665,0.505247215,0.2,0.0,0.747775312,0.820998704,0.125,0.133279319,2565
k2496,0.0435,0.138317505,0.354838717,0.685246587,0.3,0.125,0.656893288,0.834855873,0.125,0.133279319,183
k1349,0.0,0.0,0.118279569,0.603220709,0.0,0.0833,0.474078361,0.0,0.0,0.0,658
k1903,0.0,0.0,0.133064516,0.489785244,0.0,0.0417,0.448665187,0.0,0.0,0.000672,2547
k3417,0.0,0.0,0.118279569,0.483176394,0.0,0.0833,0.474078361,0.773810259,0.0,0.0,449
k2228,0.0,0.110146179,0.0,0.762079513,0.0,0.0,0.49681115,0.0,0.0,0.0279,2718
k864,0.0,0.0,0.0,0.385024431,0.0,0.125,0.474078361,0.0,0.0,0.0,2148
k2973,0.0,0.0,0.266129032,0.48415921,0.0,0.0,0.299110125,0.0,0.0,0.0666,1029
k175,0.0,0.0,0.0463,0.387309786,0.0,0.0417,0.676521598,0.0,0.0,0.0,3357
k664,0.0,0.152126484,0.0819,0.806433007,0.0,0.0833,0.55341952,0.0,0.0,0.16666667,2820
k2688,0.0435,0.0,0.177419358,0.44948932,0.0,0.208333333,0.623633424,0.0,0.0,0.0,650
k2071,0.0,0.0,0.199596774,0.454949812,0.0,0.0,0.747775312,0.744645392,0.0,0.0,2066
k2086,0.0,0.0,0.266129032,0.48415921,0.0,0.0,0.299110125,0.0,0.0,0.0,320
k1912,0.0,0.0625,0.405529963,0.590697259,0.0,0.166666667,0.656893288,0.0,0.0,0.0666,169
k2817,0.0,0.110146179,0.532258064,0.417250228,0.0,0.0,0.448665187,0.0,0.0,0.0,198
k2823,0.130434783,0.110146179,0.199596774,0.574724751,0.0,0.0833,0.747775312,0.813313993,0.0,0.0946,852
k1893,0.087,0.0,0.137356911,0.733163878,0.4,0.291666667,0.740925167,0.882044318,0.4375,0.100290462,1766
k1372,0.0,0.0,0.141935491,0.467245661,0.0,0.125,0.584295238,0.0,0.0,0.0,1287
k991,0.0,0.0758,0.071,0.602487925,0.4,0.0833,0.584295238,0.835164496,0.125,0.0946,351
k3034,0.0,0.0625,0.106451613,0.49994011,0.0,0.125,0.646366212,0.0,0.0,0.0,2816
k3269,0.0217,0.0,0.0887,0.818664218,0.0,0.166666667,0.536149276,0.0,0.0,0.0993,3355
k1635,0.0,0.0,0.0,0.538504177,0.0,0.0417,0.536149276,0.0,0.0,0.0279,1264
k1890,0.087,0.0551,0.145161294,0.53687424,0.0,0.166666667,0.666930572,0.0,0.0,0.0,2990
k2600,0.0435,0.0,0.118279569,0.589369408,0.0,0.291666667,0.711117512,0.0,0.0,0.0946,370
k2359,0.0,0.0,0.0,0.375648611,0.0,0.0,0.517375509,0.0,0.0,0.0,742
k3158,0.0,0.193646159,0.11088709,0.583620742,0.0,0.333333333,0.835259401,0.857724832,0.0,0.0666,2174
k2267,0.0,0.138317505,0.650537622,0.521144143,0.1,0.0,0.623633424,0.741713474,0.1875,0.133279319,1642
k928,0.0,0.0,0.0,0.500483123,0.0,0.166666667,0.623633424,0.0,0.0,0.133279319,3373
k2689,0.0,0.0,0.0887,0.45104778,0.0,0.0,0.536149276,0.0,0.0,0.0,1879
k3390,0.0,0.151635011,0.473118285,0.66994285,0.0,0.0,0.474078361,0.803160299,0.3125,0.133279319,527
k2899,0.0,0.0,0.0,0.700496746,0.0,0.0,0.347256087,0.792358496,0.0,0.0548,1040
k1970,0.108695652,0.117573089,0.275985653,0.578086701,0.0,0.125,0.711117512,0.795352139,0.0,0.0666,2773
k1291,0.0,0.120117264,0.462833079,0.529712646,0.0,0.125,0.676521598,0.0,0.0,0.0,423
k1761,0.0,0.131146147,0.125237193,0.572727425,0.0,0.333333333,0.760855832,0.84127523,0.0,0.0666,1139
k1025,0.0,0.0758,0.071,0.644127136,0.2,0.0833,0.584295238,0.825566323,0.1875,0.0666,2537
k366,0.087,0.0,0.0532,0.603857395,0.0,0.333333333,0.795921275,0.0,0.0,0.189104055,1737
k2680,0.0,0.102942225,0.0,0.679263951,0.0,0.0,0.419854137,0.0,0.0,0.0,3327
k407,0.0,0.0,0.177419358,0.502087424,0.0,0.125,0.623633424,0.789611752,0.0,0.0666,504
k2781,0.0,0.0686,0.0819,0.52702443,0.0,0.125,0.55341952,0.0,0.0,0.0,2292
k2691,0.0217,0.0,0.0968,0.477434996,0.0,0.0417,0.517375509,0.0,0.0625,0.0,1047
k2049,0.0,0.0,0.0887,0.641854767,0.2,0.125,0.536149276,0.86173693,0.1875,0.0501,838
k2301,0.0,0.0,0.236559137,0.558634221,0.0,0.0417,0.474078361,0.0,0.0,0.0666,3084
k3095,0.0,0.0,0.112054332,0.457245785,0.0,0.0833,0.635299093,0.0,0.0,0.000672,846
k1311,0.0,0.0,0.0,0.605427423,0.0,0.0417,0.59822025,0.82633788,0.0,0.0,3136
k2770,0.0,0.056,0.266129032,0.804578752,0.0,0.0,0.299110125,0.0,0.0,0.0666,1222
k1996,0.0,0.0625,0.456221199,0.506262936,0.0,0.0,0.419854137,0.0,0.0,0.0666,2721
k1426,0.0,0.165219257,0.709677444,0.413641137,0.0,0.0,0.474078361,0.0,0.0,0.0,1570
k2160,0.0217,0.0625,0.30414748,0.569005394,0.0,0.0833,0.5694092,0.0,0.0,0.0666,2993
k1974,0.0,0.138317505,0.336162973,0.661264494,0.2,0.166666667,0.635299093,0.833837417,0.125,0.133279319,1272
k2945,0.0435,0.0,0.125237193,0.555079178,0.0,0.0833,0.611300769,0.0,0.0,0.0666,996
k689,0.0,0.110146179,0.851612913,0.410481112,0.0,0.0,0.49681115,0.0,0.0,0.0,162
k2818,0.0,0.0625,0.266129032,0.52158891,0.0,0.0,0.299110125,0.728257515,0.125,0.0,3077
k323,0.0,0.0,0.0,0.596448388,0.0,0.0,0.656893288,0.0,0.0,0.0,1953
k441,0.0,0.0,0.056,0.536390003,0.0,0.0833,0.635299093,0.0,0.0,0.133279319,2690
k2451,0.0,0.0,0.118279569,0.603220709,0.0,0.0417,0.474078361,0.0,0.0,0.0946,1962
k715,0.0,0.151635011,0.177419358,0.598112442,0.2,0.0833,0.536149276,0.839454355,0.25,0.133279319,2210
k57,0.0,0.124999999,0.688804571,0.463165152,0.0,0.0833,0.760855832,0.0,0.0,0.133279319,2244
k3300,0.0,0.0758,0.084,0.555067063,0.1,0.0417,0.784854155,0.853095488,0.3125,0.0666,2084
k2472,0.0217,0.072,0.228110605,0.700019974,0.0,0.0833,0.5694092,0.0,0.0,0.0666,853
k885,0.0652,0.0,0.138849927,0.724719962,0.0,0.125,0.676521598,0.0,0.0,0.0,258
k1558,0.0,0.0,0.0968,0.486480272,0.0,0.208333333,0.666930572,0.791710388,0.0,0.0,895
k1506,0.0,0.249999999,0.532258064,0.58236386,0.0,0.0,0.646366212,0.811246219,0.0,0.199918983,444
k2996,0.0,0.124999999,0.231416545,0.682514016,0.0,0.333333333,0.676521598,0.0,0.0,0.0,3388
k3100,0.108695652,0.193390583,0.364976966,0.574969976,0.3,0.125,0.76711024,0.847077341,0.1875,0.200591376,1529
k1561,0.0,0.0,0.0,0.598112442,0.0,0.0,0.347256087,0.0,0.0,0.0,1453
k3085,0.0,0.0,0.141935491,0.436629433,0.0,0.0833,0.584295238,0.776217517,0.0,0.0,1198
k1866,0.0,0.0509,0.193548396,0.467746234,0.0,0.0,0.75441466,0.0,0.0,0.145577573,2605
k3066,0.087,0.304252973,0.177419358,0.846848867,0.0,0.333333333,0.685704338,0.885902105,0.0,0.333333345,0
k2579,0.0,0.0,0.0,0.483176394,0.0,0.125,0.474078361,0.771649898,0.0,0.0,1462
k1599,0.0,0.0,0.0,0.481055576,0.0,0.0833,0.676521598,0.0,0.0,0.133279319,3334
k2844,0.0,0.204848388,0.0,0.719993503,0.0,0.0,0.237039181,0.741559163,0.0,0.0,1890
k2126,0.0,0.0,0.425806462,0.439357393,0.0,0.0,0.49681115,0.748009382,0.0,0.0,652
k1333,0.0,0.152126484,0.193548396,0.673056918,0.0,0.0833,0.517375509,0.766989692,0.0,0.16666667,2874
k371,0.0,0.0758,0.310483864,0.753903293,0.1,0.0,0.685704338,0.963212147,0.125,0.0666,343
k1559,0.0,0.0,0.0507,0.452026063,0.0,0.208333333,0.656893288,0.769427813,0.0,0.0,797
k2617,0.0,0.102942225,0.76036868,0.506262936,0.0,0.0,0.419854137,0.0,0.0,0.0,1152
k1040,0.0217,0.0,0.266129032,0.529158613,0.0,0.0417,0.536149276,0.76884143,0.125,0.0,2554
k3370,0.0217,0.0,0.193548396,0.695393911,0.0,0.125,0.517375509,0.804178754,0.0,0.0,2525
k403,0.0435,0.110146179,0.133064516,0.517896892,0.0,0.0417,0.59822025,0.0,0.0,0.0666,808
k2671,0.0,0.0,0.0,0.433503563,0.0,0.166666667,0.702974583,0.0,0.0,0.0666,23
k131,0.0217,0.0,0.0,0.45442591,0.0,0.0833,0.59822025,0.0,0.0,0.0,2815
k1922,0.0,0.0,0.177419358,0.502087424,0.0,0.125,0.623633424,0.793222641,0.0,0.0666,3006
k2677,0.456521739,0.0551,0.429541604,0.579793547,0.0,0.0833,0.872338228,0.0,0.0,0.294471008,2133
k3214,0.0217,0.0,0.0,0.463766863,0.0,0.0417,0.611300769,0.0,0.0,0.0,3378
k590,0.087,0.0758,0.145161294,0.783444985,0.1,0.0,0.666930572,0.866397136,0.125,0.133279319,1031
k2283,0.0,0.124999999,0.399193548,0.530274847,0.0,0.0,0.59822025,0.0,0.0,0.133279319,2859
k1854,0.0652,0.0,0.0968,0.773445343,0.0,0.208333333,0.666930572,0.0,0.0,0.0673,2159
k1998,0.0,0.0,0.0,0.51781076,0.0,0.0,0.536149276,0.0,0.0,0.133279319,680
k1566,0.0217,0.110146179,0.380184345,0.51778954,0.0,0.0417,0.5694092,0.0,0.0,0.0666,3251
k2276,0.0,0.0,0.0,0.489785244,0.0,0.0833,0.448665187,0.0,0.0,0.0,2754
k455,0.0,0.0,0.076,0.471774376,0.0,0.125,0.5694092,0.0,0.0,0.0,1937
k1627,0.0,0.0,0.0,0.502835918,0.0,0.0833,0.448665187,0.0,0.0,0.0,3108
k3374,0.0,0.0,0.10138249,0.63928383,0.0,0.166666667,0.656893288,0.857848281,0.0,0.0,2864
k1927,0.0,0.0,0.212903226,0.829243608,0.0,0.0,0.347256087,0.817110055,0.1875,0.0786,2857
k547,0.0217,0.127288613,0.425806462,0.872852242,0.1,0.0,0.584295238,0.850287019,0.1875,0.0666,196
k2427,0.087,0.127288613,0.241935487,0.738764003,0.0,0.25,0.666930572,0.82862169,0.125,0.0666,296
k2864,0.0,0.0,0.0852,0.390157768,0.0,0.0833,0.694512174,0.0,0.0,0.0,33
k2197,0.087,0.0551,0.236559137,0.502071948,0.0,0.0833,0.711117512,0.825874946,0.0,0.0279,1554
k1021,0.0,0.151635011,0.0,0.594765302,0.0,0.0,0.448665187,0.822233195,0.0,0.133279319,2726
k968,0.0,0.0,0.193548396,0.616146718,0.0,0.166666667,0.666930572,0.0,0.0,0.0,2229
k890,0.0,0.171884265,0.177419358,0.609663548,0.0,0.0,0.623633424,0.0,0.0,0.0,3255
k2557,0.0,0.0,0.133064516,0.502835918,0.0,0.0417,0.448665187,0.0,0.0,0.0279,470
k2502,0.0435,0.138317505,0.220244725,0.632406736,0.1,0.0833,0.726535682,0.84504043,0.125,0.267231035,205
k1112,0.0,0.0,0.266129032,0.606164897,0.0,0.0,0.299110125,0.0,0.0,0.0666,383
k2682,0.0,0.0758,0.266129032,0.560939183,0.0,0.0,0.299110125,0.774118882,0.125,0.0666,2190
k1287,0.0,0.199643122,0.0,0.749664745,0.0,0.0,0.237039181,0.0,0.0,0.0,1248
k604,0.0,0.138317505,0.354838717,0.609805408,0.0,0.125,0.584295238,0.801864082,0.125,0.0666,234
k1845,0.0,0.0758,0.784380299,0.44614179,0.1,0.0,0.635299093,0.786895871,0.125,0.0666,3099
k530,0.0435,0.0,0.112054332,0.678442886,0.0,0.291666667,0.635299093,0.815196593,0.0,0.0327,438
k1849,0.0,0.0625,0.591397875,0.48415921,0.0,0.0,0.474078361,0.0,0.0,0.0666,251
k2975,0.0,0.130890595,0.425806462,0.652311095,0.0,0.0,0.347256087,0.786247762,0.1875,0.0666,561
k3246,0.0217,0.0,0.0,0.541885003,0.0,0.0833,0.623633424,0.0,0.0,0.0279,547
k2853,0.0,0.0,0.0,0.551585842,0.0,0.0,0.5694092,0.0,0.0,0.0246,2306
k160,0.0,0.200817517,0.149032258,0.550562383,0.4,0.0,0.844067237,0.814054688,0.5625,0.0666,1310
k1950,0.0652,0.290219256,0.368486367,0.577076412,0.0,0.0833,0.702974583,0.0,0.0,0.133279319,2122
k230,0.0,0.142348377,0.212903226,0.506370718,0.0,0.0,0.347256087,0.0,0.0,0.0,1431
k2401,0.0,0.0,0.0,0.317045243,0.0,0.0,0.419854137,0.0,0.0,0.0,1878
k3281,0.0,0.0,0.177419358,0.472407468,0.0,0.0417,0.536149276,0.0,0.0,0.0,1853
k1776,0.0435,0.0551,0.163771719,0.51781076,0.0,0.0417,0.55341952,0.0,0.0625,0.0,1807
k2863,0.0,0.0,0.0887,0.579809883,0.0,0.291666667,0.685704338,0.808005679,0.0,0.0666,1398
k387,0.0217,0.110146179,0.532258064,0.555539459,0.0,0.0,0.49681115,0.0,0.0,0.0666,1717
k520,0.087,0.165219257,0.228110605,0.612835415,0.0,0.166666667,0.718964262,0.796926116,0.0,0.0666,2630
k2937,0.0217,0.0,0.0926,0.545966177,0.0,0.208333333,0.676521598,0.830720326,0.0,0.0,248
k3271,0.0,0.0551,0.266129032,0.48534907,0.0,0.0,0.299110125,0.0,0.125,0.0,429
k3242,0.0435,0.0758,0.15207374,0.747790794,0.2,0.166666667,0.656893288,0.858064317,0.125,0.0666,570
k582,0.0,0.106544194,0.354838717,0.582723589,0.0,0.0,0.237039181,0.0,0.0,0.0,1888
k2378,0.0,0.0758,0.137356911,0.482395737,0.2,0.0,0.740925167,0.751095611,0.1875,0.133279319,214
k2412,0.0,0.124999999,0.456221199,0.560997451,0.0,0.0,0.419854137,0.755848404,0.0,0.0,1083
k2398,0.0435,0.227719268,0.766451644,0.459700461,0.0,0.0,0.694512174,0.741096229,0.0,0.0279,2969
k1981,0.0,0.0,0.0,0.358867488,0.0,0.0,0.0,0.0,0.0,0.0,1887
k570,0.0,0.0802,0.0,0.583543677,0.0,0.0,0.536149276,0.0,0.0,0.0,389
k1264,0.0,0.0,0.0,0.655264232,0.0,0.0417,0.419854137,0.0,0.0,0.0279,2843
k2581,0.0217,0.0551,0.0409,0.556905882,0.0,0.166666667,0.702974583,0.800382692,0.0625,0.0,3207
k1511,0.0,0.117573089,0.15967743,0.606715452,0.0,0.0833,0.646366212,0.801925807,0.25,0.000672,1362
k257,0.0,0.0,0.0,0.524457401,0.0,0.166666667,0.7338503,0.800382692,0.0,0.0,2966
k3328,0.0435,0.190297083,0.071,0.529038912,0.0,0.0417,0.584295238,0.0,0.0,0.0,1593
k1351,0.0,0.0,0.0507,0.452026063,0.0,0.208333333,0.656893288,0.771711623,0.0,0.0,1573
k1891,0.0,0.0,0.106451613,0.385024431,0.0,0.0,0.49681115,0.0,0.0,0.0,51
k493,0.0,0.0758,0.212903226,0.699499314,0.0,0.0,0.347256087,0.790846244,0.125,0.0666,860
k2504,0.0,0.0,0.15207374,0.533871276,0.0,0.166666667,0.718964262,0.0,0.0,0.145577573,2279
k11,0.0,0.142348377,0.0,0.531861015,0.0,0.0,0.299110125,0.0,0.0,0.0,2777
k1667,0.0,0.0,0.193548396,0.57275056,0.0,0.166666667,0.666930572,0.0,0.0,0.0666,2041
k1486,0.0217,0.0,0.0926,0.545966177,0.0,0.208333333,0.676521598,0.830936362,0.0,0.0,2028
k1194,0.0,0.152126484,0.0819,0.775821703,0.0,0.208333333,0.55341952,0.0,0.0,0.16666667,2459
k1997,0.0,0.0,0.0,0.4518504,0.0,0.0833,0.635299093,0.0,0.0,0.0,396
k834,0.0,0.0,0.0,0.48415921,0.0,0.0833,0.656893288,0.0,0.0,0.133279319,2114
k939,0.0,0.0802,0.0591,0.622034196,0.0,0.0417,0.623633424,0.0,0.0,0.0123,2584
k1556,0.152173913,0.284696756,0.199596774,0.543542804,0.0,0.208333333,0.747775312,0.0,0.0,0.0,2335
k1967,0.0,0.124999999,0.295698938,0.667444444,0.0,0.166666667,0.623633424,0.0,0.0,0.0666,949
k1660,0.0,0.0,0.0,0.537054202,0.0,0.125,0.635299093,0.825195976,0.0,0.0,1379
k3165,0.0,0.0,0.0,0.593905666,0.0,0.125,0.474078361,0.0,0.0,0.0,260
k2206,0.0,0.0,0.106451613,0.768149572,0.1,0.0833,0.49681115,0.823066477,0.125,0.0786,1064
k1815,0.0,0.127288613,0.354838717,0.716952788,0.1,0.0,0.536149276,0.821862848,0.125,0.133279319,1876
k3313,0.0,0.0,0.0,0.464549239,0.0,0.0,0.237039181,0.0,0.0,0.0,1621
k2736,0.0,0.0,0.0,0.700496746,0.0,0.0,0.149555062,0.767699525,0.0,0.0548,399
k363,0.0,0.151635011,0.0,0.570230973,0.0,0.0,0.237039181,0.804549102,0.1875,0.0,377
k2991,0.0,0.127288613,0.409429286,0.694314647,0.1,0.0,0.55341952,0.822819579,0.125,0.133279319,686
k1268,0.0435,0.0,0.0507,0.667811168,0.0,0.0833,0.656893288,0.0,0.0,0.267231035,1720
k1962,0.0,0.0,0.0,0.583014928,0.0,0.375,0.676521598,0.85352756,0.0,0.133279319,2140
k1133,0.0,0.0,0.0,0.528218824,0.0,0.0,0.237039181,0.0,0.0,0.0599,2296
k2808,0.087,0.0,0.0968,0.770350385,0.3,0.0833,0.666930572,0.895407691,0.1875,0.0279,3200
k2868,0.152173913,0.0,0.241935487,0.651470803,0.0,0.291666667,0.666930572,0.0,0.0,0.0653,2495
k1259,0.0,0.0,0.0,0.614576964,0.0,0.0,0.419854137,0.0,0.0,0.133279319,1587
k1079,0.0,0.0,0.0968,0.462299927,0.0,0.125,0.517375509,0.777235973,0.0,0.0,663
k1074,0.0,0.0,0.266129032,0.594867613,0.0,0.0,0.448665187,0.0,0.0,0.133279319,966
k1976,0.434782609,0.0,0.229601524,0.651575536,0.0,0.5,0.84833992,0.0,0.0,0.266558642,199
k1494,0.087,0.110146179,0.266129032,0.539593447,0.0,0.125,0.646366212,0.0,0.0,0.0279,9
k1364,0.0,0.387638999,0.0,0.719993503,0.0,0.0,0.49681115,0.0,0.0,0.0,719
k2210,0.0435,0.138317505,0.295698938,0.738121024,0.1,0.125,0.623633424,0.828961175,0.125,0.133279319,1434
k2780,0.0,0.0625,0.0,0.575127506,0.0,0.208333333,0.711117512,0.848898216,0.0,0.0666,2227
k2568,0.0,0.0,0.0,0.758139808,0.0,0.125,0.5694092,0.816677983,0.0,0.0279,1364
k139,0.0217,0.152126484,0.163771719,0.69755033,0.0,0.0833,0.55341952,0.0,0.0,0.233306334,3224
k63,0.0,0.138317505,0.425806462,0.524504218,0.1,0.0833,0.646366212,0.830720326,0.125,0.133279319,3301
k2242,0.0,0.0,0.118279569,0.501739419,0.0,0.333333333,0.711117512,0.843589902,0.0,0.0,1214
k948,0.0217,0.0625,0.170322581,0.578051412,0.0,0.0417,0.694512174,0.787667428,0.0625,0.0666,1225
k3312,0.0,0.0,0.212903226,0.531861015,0.0,0.0833,0.49681115,0.750694402,0.0,0.0,2429
k853,0.0,0.0625,0.133064516,0.565118486,0.0,0.0833,0.685704338,0.0,0.0,0.0789,3375
k24,0.0,0.0,0.0484,0.570230973,0.0,0.25,0.666930572,0.805073761,0.0,0.0666,1341
k1579,0.0,0.0758,0.0887,0.594765302,0.0,0.166666667,0.536149276,0.826152707,0.0,0.145577573,1977
k473,0.0,0.152126484,0.399193548,0.625671971,0.0,0.0,0.448665187,0.76547744,0.0625,0.16666667,148
k345,0.0,0.124999999,0.563567389,0.52236558,0.0,0.0,0.611300769,0.0,0.0,0.133279319,3132
k1075,0.0,0.0758,0.896434642,0.432919087,0.1,0.0,0.635299093,0.784612061,0.125,0.0666,1033
k2417,0.0435,0.0,0.0968,0.553827494,0.0,0.166666667,0.666930572,0.829825319,0.0,0.0,2218
k905,0.173913043,0.169044197,0.298064516,0.714511517,0.0,0.25,0.694512174,0.761125856,0.0,0.0666,534
k267,0.0,0.0,0.133064516,0.497009014,0.0,0.0417,0.448665187,0.0,0.0,0.0,1749
k776,0.0,0.0,0.0,0.570230973,0.0,0.166666667,0.49681115,0.0,0.0,0.0,2997
k1885,0.0,0.117573089,0.133064516,0.684631199,0.0,0.0417,0.59822025,0.0,0.0,0.0666,2942
k2273,0.0435,0.0,0.183537271,0.571462219,0.0,0.208333333,0.726535682,0.0,0.0,0.185788193,993
k3265,0.0,0.0,0.118279569,0.707030368,0.0,0.0417,0.474078361,0.0,0.0,0.0946,606
k2816,0.0,0.0,0.118279569,0.561445304,0.0,0.0,0.474078361,0.0,0.0,0.0,2684
k971,0.0,0.0625,0.709677444,0.428736501,0.0,0.0,0.536149276,0.717116227,0.0,0.0,2995
k888,0.0435,0.0,0.076,0.55962372,0.0,0.333333333,0.718964262,0.85164496,0.0,0.133951716,1497
k1593,0.0,0.0,0.354838717,0.506262936,0.0,0.0,0.237039181,0.0,0.0,0.0,1404
k998,0.0217,0.134475568,0.456221199,0.57611681,0.0,0.0833,0.656893288,0.0,0.0,0.0666,1233
k2373,0.0,0.0,0.177419358,0.529653519,0.0,0.125,0.623633424,0.0,0.0,0.0666,414
k900,0.0217,0.0758,0.138849927,0.702898586,0.3,0.166666667,0.676521598,0.855379298,0.125,0.0666,3166
k745,0.0,0.152126484,0.106451613,0.775821703,0.0,0.0833,0.49681115,0.0,0.0,0.16666667,2636
k425,0.0,0.11192836,0.532258064,0.560939183,0.0,0.0,0.299110125,0.0,0.0,0.0,2465
k293,0.0,0.0,0.0,0.550235676,0.0,0.0417,0.59822025,0.0,0.0,0.0,2530
k865,0.0,0.0,0.0,0.531861015,0.0,0.0833,0.55341952,0.0,0.0,0.0789,1539
k2297,0.0,0.0,0.0,0.544047285,0.0,0.0,0.49681115,0.0,0.0,0.133279319,2795
k460,0.0,0.0625,0.814041764,0.407711453,0.0,0.0,0.611300769,0.0,0.0,0.0,2517
k1805,0.087,0.227680167,0.286600508,0.577898571,0.2,0.166666667,0.702974583,0.828066169,0.125,0.0666,381
k1587,0.0,0.142348377,0.425806462,0.481055576,0.0,0.0,0.347256087,0.0,0.0,0.0,1163
k2080,0.0,0.138317505,0.405529963,0.541774447,0.1,0.0833,0.656893288,0.748966113,0.1875,0.133279319,1179
k112,0.0435,0.0625,0.0591,0.709861499,0.0,0.0833,0.623633424,0.78137152,0.1875,0.0599,3341
k471,0.782608696,0.310963681,0.347368421,0.720130282,0.1,0.375,0.98255518,0.856521202,0.75,0.56727037,2793
k1852,0.0,0.0612,0.177419358,0.712004474,0.0,0.0833,0.536149276,0.769396951,0.0,0.0666,3202
k1945,0.0,0.0,0.0,0.574079427,0.0,0.0833,0.536149276,0.77288439,0.0,0.0279,963
k3276,0.0,0.0,0.138849927,0.518179282,0.0,0.208333333,0.676521598,0.0,0.0,0.0666,1736
k1182,0.0217,0.0,0.236559137,0.515892688,0.0,0.125,0.623633424,0.0,0.0,0.000672,1384
k47,0.0,0.0,0.0591,0.582593922,0.0,0.166666667,0.623633424,0.825381149,0.0,0.145577573,2536
k2426,0.0,0.0,0.0,0.630876062,0.0,0.0833,0.448665187,0.778161842,0.0,0.0,416
k3010,0.0,0.304252973,0.15207374,0.736020958,0.0,0.166666667,0.5694092,0.84720079,0.0,0.333333345,1709
k220,0.173913043,0.110146179,0.15207374,0.454447208,0.0,0.333333333,0.806448351,0.0,0.0,0.0,1667
k819,0.0217,0.0,0.118279569,0.755740743,0.0,0.166666667,0.623633424,0.0,0.0,0.133279319,3417
k2069,0.0435,0.0,0.187855789,0.578947589,0.0,0.0833,0.611300769,0.0,0.0,0.0,3371
k133,0.0,0.0,0.212903226,0.479899207,0.0,0.166666667,0.694512174,0.0,0.0,0.0666,2247
k1839,0.0,0.0,0.0,0.494576965,0.0,0.0,0.517375509,0.772298006,0.0,0.0,1305
k3204,0.108695652,0.184489078,0.230165653,0.782645375,0.1,0.0417,0.779100159,0.888185914,0.125,0.29555057,2727
k1953,0.0217,0.0758,0.245657567,0.630179114,0.2,0.0833,0.55341952,0.786093451,0.25,0.0666,947
k2862,0.0,0.214135001,0.102357322,0.528625839,0.8,0.0,0.852529645,0.80936362,0.5625,0.133279319,305
k791,0.0,0.0,0.0,0.471774376,0.0,0.166666667,0.49681115,0.777668045,0.0,0.0,3397
k2461,0.0,0.0,0.0,0.541884691,0.0,0.0,0.694512174,0.833189309,0.0625,0.133279319,2981
k584,0.0435,0.152126484,0.202764976,0.731011953,0.0,0.25,0.656893288,0.0,0.0,0.16666667,2512
k1708,0.0217,0.0,0.112054332,0.457245785,0.0,0.0833,0.635299093,0.0,0.0,0.000672,407
k951,0.087,0.38492148,0.125237193,0.624107883,0.0,0.375,0.84833992,0.836398988,0.3125,0.199918983,1156
k2287,0.0,0.0,0.0968,0.559984426,0.0,0.0833,0.517375509,0.0,0.0,0.0666,2203
k2515,0.0,0.0,0.212903226,0.482438334,0.0,0.0833,0.49681115,0.0,0.0,0.0,2871
k325,0.0,0.0625,0.473118285,0.526432529,0.0,0.0,0.474078361,0.0,0.0,0.0666,1048
k737,0.0,0.138317505,0.253456223,0.732747914,0.2,0.208333333,0.656893288,0.836182952,0.125,0.133279319,1800
k908,0.0652,0.117573089,0.44354838,0.58229293,0.0,0.0,0.685704338,0.0,0.0,0.199918983,3269
k1555,0.0,0.0,0.0,0.683895171,0.0,0.0833,0.55341952,0.0,0.0,0.0,2599
k318,0.087,0.235146178,0.323983152,0.614470706,0.0,0.166666667,0.676521598,0.761465342,0.0,0.0279,3156
k1388,0.0217,0.0,0.15207374,0.845129555,0.0,0.208333333,0.656893288,0.0,0.0,0.0,1955
k1231,0.0,0.0,0.0,0.433634598,0.0,0.0,0.55341952,0.737824826,0.0,0.0,1161
k1471,0.0,0.0,0.0,0.563766015,0.0,0.125,0.676521598,0.820659219,0.0,0.0789,1712
k2900,0.0,0.0,0.118279569,0.547929543,0.0,0.0833,0.474078361,0.779025986,0.0,0.0,2570
k651,0.0,0.0,0.056,0.536390003,0.0,0.0833,0.635299093,0.0,0.0,0.133279319,1538
k511,0.108695652,0.0,0.118279569,0.840552146,0.0,0.416666667,0.773188486,0.0,0.0,0.0796,2991
k439,0.0,0.0,0.0,0.502835918,0.0,0.0833,0.448665187,0.0,0.0,0.0,2285
k995,0.0,0.0,0.293659623,0.50640929,0.0,0.166666667,0.726535682,0.0,0.0,0.157875827,451
k3107,0.0,0.0,0.0,0.44555407,0.0,0.0,0.237039181,0.0,0.0,0.0,952
k742,0.0435,0.0,0.141935491,0.611149672,0.0,0.166666667,0.7338503,0.0,0.0,0.266558642,3347
k1132,0.0,0.117573089,0.354838717,0.670493835,0.0,0.0,0.536149276,0.0,0.0,0.133279319,2198
k3108,0.0,0.0,0.0,0.39046198,0.0,0.25,0.611300769,0.0,0.0,0.0,3115
k1749,0.0217,0.0,0.177419358,0.600318414,0.0,0.0833,0.623633424,0.0,0.0,0.0,1824
k2570,0.0,0.127288613,0.456221199,0.711654242,0.1,0.0,0.419854137,0.797296463,0.1875,0.0666,1014
k1099,0.0,0.0,0.0409,0.437475431,0.0,0.0417,0.702974583,0.0,0.0,0.0,1084
k3181,0.0,0.0,0.118279569,0.615278015,0.0,0.0833,0.474078361,0.0,0.0,0.0666,130
k1810,0.152173913,0.0758,0.103017687,0.696357187,0.1,0.0833,0.740925167,0.847509413,0.3125,0.0946,3114
k2546,0.0,0.0515,0.212903226,0.770553404,0.0,0.0,0.347256087,0.0,0.0,0.0666,2710
k652,0.0435,0.152126484,0.056,0.661572325,0.0,0.0833,0.635299093,0.844886118,0.0625,0.16666667,3393
k2837,0.087,0.0,0.0,0.493893148,0.0,0.0,0.656893288,0.0,0.0,0.0558,1144
k1721,0.0,0.0,0.0,0.531861015,0.0,0.0,0.347256087,0.0,0.0,0.0,2508
k2606,0.0,0.0,0.354838717,0.546952471,0.0,0.0,0.386594243,0.0,0.0,0.133279319,2498
k3042,0.130434783,0.0625,0.106451613,0.67836074,0.0,0.0833,0.646366212,0.757052034,0.0,0.0327,3103
k850,0.0,0.0,0.0,0.781594482,0.0,0.125,0.536149276,0.0,0.0,0.0,408
k1070,0.0,0.0758,0.0394,0.476063102,0.0,0.0,0.711117512,0.75618789,0.125,0.0666,648
k2787,0.0,0.0,0.0,0.497447996,0.0,0.0,0.49681115,0.0,0.0,0.0,1565
k694,0.0,0.0,0.266129032,0.494230563,0.0,0.0,0.448665187,0.0,0.0,0.0,2617
k1083,0.0,0.0,0.0,0.622021339,0.0,0.0833,0.448665187,0.0,0.0,0.0,265
k2052,0.0,0.0,0.0887,0.45104778,0.0,0.0,0.536149276,0.0,0.0,0.0666,1615
k1652,0.0,0.142348377,0.0,0.750793993,0.0,0.166666667,0.517375509,0.803222023,0.0,0.0,3029
k3103,0.0,0.0,0.0532,0.565660209,0.0,0.125,0.646366212,0.848373557,0.0,0.0666,1939
k3092,0.087,0.0646,0.138849927,0.498062173,0.0,0.166666667,0.676521598,0.0,0.0,0.0,559
k1863,0.0,0.152126484,0.106451613,0.647893562,0.0,0.0833,0.49681115,0.0,0.0,0.16666667,2309
k975,0.0,0.0,0.0,0.541885003,0.0,0.0833,0.623633424,0.0,0.0,0.0279,799
k127,0.0,0.0,0.0,0.390797241,0.0,0.0833,0.55341952,0.0,0.0,0.0,1130
k1858,0.260869565,0.0758,0.0998,0.589924809,0.0,0.208333333,0.747775312,0.875748411,0.0,0.000672,359
k416,0.0,0.0625,0.266129032,0.652879158,0.0,0.125,0.59822025,0.0,0.0,0.0666,551
k2315,0.0435,0.0,0.133064516,0.728823059,0.0,0.0833,0.59822025,0.0,0.0,0.0,2152
k1066,0.0,0.0,0.177419358,0.546952471,0.0,0.0,0.386594243,0.0,0.0,0.0666,3235
k749,0.0,0.0,0.106451613,0.638457723,0.0,0.0833,0.49681115,0.0,0.0,0.0666,2805
k1630,0.0,0.151635011,0.354838717,0.610143174,0.0,0.0,0.474078361,0.832356027,0.375,0.133279319,2260
k2521,0.0,0.0,0.0,0.698921521,0.0,0.166666667,0.49681115,0.0,0.0,0.0,1450
k1715,0.0,0.0,0.0,0.507565502,0.0,0.0,0.386594243,0.0,0.0,0.0,2404
k2381,0.0,0.0,0.076,0.471774376,0.0,0.125,0.5694092,0.0,0.0,0.0,2161
k2941,0.0652,0.110146179,0.354838717,0.579128723,0.0,0.0,0.584295238,0.806123079,0.0,0.0548,3325
k3405,0.0,0.0,0.354838717,0.640995014,0.0,0.0,0.386594243,0.0,0.0,0.0666,209
k2471,0.0,0.0758,0.106451613,0.588243951,0.1,0.0833,0.49681115,0.808869823,0.1875,0.0666,2155
k2952,0.0,0.0686,0.177419358,0.49531354,0.0,0.0,0.386594243,0.746805753,0.0625,0.0,350
k1738,0.0,0.0551,0.266129032,0.565346047,0.0,0.0417,0.448665187,0.0,0.0625,0.0,3288
k1772,0.0,0.0,0.532258064,0.341549387,0.0,0.0,0.299110125,0.0,0.0,0.0,904
k295,0.0,0.124999999,0.532258064,0.517794347,0.0,0.0,0.448665187,0.744275045,0.125,0.0,2757
k362,0.0,0.0625,0.0,0.575127506,0.0,0.208333333,0.711117512,0.848898216,0.0,0.0666,1060
k298,0.0217,0.110146179,0.245657567,0.714781011,0.0,0.0833,0.55341952,0.0,0.0,0.0666,2686
k1769,0.0,0.750000007,0.0,0.538824788,0.0,0.0,0.623633424,0.0,0.0,0.0,907
k642,0.108695652,0.227719268,0.394265222,0.578086701,0.0,0.125,0.711117512,0.795413863,0.0,0.0666,2307
k1620,0.0,0.0,0.118279569,0.638926446,0.0,0.166666667,0.623633424,0.80439479,0.0,0.0,967
k1126,0.0,0.0,0.0,0.570940739,0.0,0.0833,0.55341952,0.0,0.0,0.0279,3022
k2524,0.0,0.138317505,0.44354838,0.592692435,0.1,0.0,0.536149276,0.780723412,0.4375,0.0666,336
k2093,0.0,0.0,0.0,0.390157768,0.0,0.0417,0.536149276,0.0,0.0,0.0,256
k491,0.0,0.0758,0.87666035,0.439199902,0.1,0.0,0.611300769,0.784272576,0.125,0.0666,1502
k1495,0.0,0.0,0.250474386,0.389821252,0.0,0.0833,0.611300769,0.0,0.0,0.0,2840
k2552,0.0,0.127288613,0.118279569,0.81008575,0.0,0.0,0.474078361,0.811956052,0.125,0.0666,3345
k337,0.0,0.0,0.30414748,0.855346479,0.0,0.0,0.419854137,0.0,0.0,0.0,2740
k64,0.0,0.0,0.0,0.684956264,0.0,0.0,0.299110125,0.81785075,0.1875,0.0,3308
k796,0.0,0.072,0.212903226,0.679773902,0.0,0.0417,0.49681115,0.0,0.0,0.0279,1767
k1015,0.0,0.0,0.0,0.596448388,0.0,0.0,0.386594243,0.0,0.0,0.133279319,3173
k2466,0.0,0.0625,0.212903226,0.561723005,0.0,0.0833,0.49681115,0.0,0.0,0.0,1136
k2593,0.0,0.0,0.0,0.51781076,0.0,0.0417,0.419854137,0.0,0.0,0.0,520
k1477,0.0,0.0,0.0409,0.458150051,0.0,0.0,0.702974583,0.0,0.0,0.133279319,1024
k268,0.0,0.0,0.0,0.574079427,0.0,0.0833,0.55341952,0.0,0.0,0.0279,3213
k38,0.087,0.0,0.177419358,0.790761725,0.0,0.166666667,0.623633424,0.0,0.0,0.0463,90
k2977,0.0435,0.072,0.295698938,0.56696043,0.0,0.0833,0.623633424,0.0,0.0,0.0,2652
k1847,0.0,0.0551,0.0,0.477434996,0.0,0.0833,0.517375509,0.0,0.0,0.0,147
k1971,0.0,0.284696756,0.0,0.608337143,0.0,0.0,0.299110125,0.0,0.0,0.0,242
k1282,0.0217,0.172646179,0.256952169,0.527112985,0.0,0.0833,0.726535682,0.0,0.0,0.0666,203
k1004,0.0,0.072,0.118279569,0.603220709,0.0,0.0833,0.474078361,0.0,0.0,0.0,1993
k1089,0.0,0.0,0.15207374,0.497447996,0.0,0.0417,0.419854137,0.0,0.0,0.0,563
k29,0.0,0.0758,0.071,0.697758821,0.3,0.0833,0.584295238,0.838374174,0.125,0.0946,2297
k3013,0.0,0.227719268,0.608294961,0.508525613,0.0,0.0,0.419854137,0.723134374,0.0,0.0,1053
k2424,0.0,0.0,0.0,0.679773902,0.0,0.0833,0.517375509,0.0,0.0,0.0,2054
k1432,0.0,0.858505939,0.638709698,0.731090777,0.0,0.0,0.646366212,0.0,0.0,0.0,1865
k2079,0.0217,0.147793076,0.30414748,0.676333362,0.1,0.0833,0.5694092,0.824671317,0.125,0.0666,641
k1897,0.0,0.0,0.106451613,0.716623698,0.5,0.125,0.646366212,0.830689464,0.4375,0.100290462,2454
k1171,0.130434783,0.152126484,0.293659623,0.683527939,0.0,0.208333333,0.726535682,0.0,0.0,0.299945974,3054
k3321,0.0,0.151635011,0.425806462,0.595613293,0.1,0.0,0.584295238,0.842725758,0.3125,0.199918983,2905
k1705,0.0,0.0,0.212903226,0.544047285,0.0,0.0833,0.49681115,0.0,0.0,0.0,271
k3081,0.0217,0.151635011,0.0,0.558253038,0.0,0.0833,0.7338503,0.849021665,0.0,0.0,1685
k2710,0.0,0.110146179,0.532258064,0.48534907,0.0,0.0,0.299110125,0.0,0.0,0.0,1507
k197,0.0217,0.329448949,0.354838717,0.521284205,0.0,0.0417,0.711117512,0.848713042,0.0,0.0789,537
k2670,0.0652,0.0625,0.118279569,0.692060645,0.0,0.0833,0.623633424,0.781711005,0.0,0.0,2596
k2425,0.0,0.0,0.0,0.45104778,0.0,0.0,0.694512174,0.744552805,0.0,0.0666,2608
k3353,0.0,0.0,0.0968,0.462299927,0.0,0.125,0.517375509,0.778748225,0.0,0.0,3259
k328,0.0,0.0,0.0665,0.72739532,0.0,0.416666667,0.747775312,0.842602308,0.0,0.0243,530
k3213,0.0,0.0,0.0,0.552231048,0.0,0.166666667,0.59822025,0.0,0.0,0.0,1715
k1128,0.0,0.0,0.0,0.650481109,0.0,0.0833,0.55341952,0.794734893,0.0,0.0327,837
k2281,0.0,0.124999999,0.798387096,0.424424796,0.0,0.0,0.448665187,0.0,0.0,0.0,2544
k3134,0.130434783,0.152126484,0.133064516,0.632571379,0.0,0.25,0.685704338,0.841182643,0.0,0.0,2799
k2145,0.0,0.113971116,0.125237193,0.643551179,0.0,0.0417,0.611300769,0.0,0.0,0.0666,330
k2633,0.0,0.0625,0.177419358,0.468250284,0.0,0.0,0.386594243,0.0,0.0,0.0,2511
k1303,0.0217,0.0,0.0968,0.623502069,0.0,0.0417,0.517375509,0.0,0.0,0.0123,462
k993,0.0435,0.0,0.0926,0.578295074,0.0,0.25,0.676521598,0.0,0.0,0.145577573,2529
k3275,0.0,0.0,0.15207374,0.487541521,0.0,0.0,0.5694092,0.0,0.0,0.0666,2179
k1781,0.087,0.0625,0.0887,0.715375374,0.0,0.0,0.685704338,0.792111598,0.0,0.0,2593
k3358,0.0217,0.0,0.106451613,0.77248832,0.6,0.125,0.646366212,0.901703599,0.375,0.100290462,471
k2637,0.0,0.0,0.0,0.570230973,0.0,0.0417,0.386594243,0.0,0.0,0.0,1632
k1374,0.0,0.0625,0.0394,0.48653725,0.0,0.0833,0.711117512,0.75955188,0.0,0.0,78
k846,0.0,0.0,0.0,0.699499314,0.0,0.0833,0.448665187,0.0,0.0,0.0,2246
k2440,0.0,0.0,0.0,0.390797241,0.0,0.25,0.536149276,0.0,0.0,0.0,2063
k157,0.0,0.0,0.0,0.428736501,0.0,0.25,0.718964262,0.824455281,0.0,0.0,804
k1533,0.0,0.0,0.0,0.51781076,0.0,0.0417,0.386594243,0.0,0.0,0.0,968
k2565,0.087,0.0,0.056,0.483176394,0.0,0.333333333,0.635299093,0.0,0.0,0.0,1056
k2778,0.0,0.0,0.0968,0.482438334,0.0,0.0417,0.517375509,0.0,0.0,0.0,1528
k2054,0.0,0.0,0.0532,0.530764204,0.0,0.208333333,0.646366212,0.776958212,0.0,0.133279319,2656
k2090,0.0,0.0,0.0968,0.549319882,0.0,0.375,0.75441466,0.0,0.0,0.266558642,2994
k215,0.0,0.0,0.0,0.675061864,0.0,0.125,0.474078361,0.0,0.0,0.0,3346
k1602,0.0,0.0,0.798387096,0.436368342,0.0,0.0,0.646366212,0.0,0.0,0.0666,2428
k498,0.0,0.0625,0.988479232,0.387056588,0.0,0.0,0.718964262,0.716684155,0.0,0.0,2217
k1232,0.0,0.0,0.076,0.472407468,0.0,0.125,0.5694092,0.797821122,0.0,0.0,2102
k740,0.0,0.0,0.0819,0.567401484,0.0,0.0417,0.55341952,0.762545522,0.0,0.0279,2298
k469,0.0,0.114589511,0.118279569,0.611730631,0.0,0.0,0.623633424,0.0,0.0,0.0,1006
k2330,0.0,0.0625,0.224108663,0.502285636,0.0,0.0,0.635299093,0.800938214,0.0625,0.0666,2901
k2110,0.0,0.124999999,0.0,0.809616832,0.0,0.0,0.656893288,0.0,0.0,0.0,2012
k48,0.0,0.124999999,0.532258064,0.560005881,0.0,0.0,0.448665187,0.0,0.0,0.0666,3139
k1318,0.087,0.165219257,0.0887,0.535319962,0.0,0.166666667,0.685704338,0.0,0.0,0.0,3000
k1480,0.0,0.0573,0.266129032,0.658679097,0.0,0.0,0.299110125,0.0,0.0,0.0666,654
k1687,0.0,0.0758,0.709677444,0.48415921,0.1,0.0,0.474078361,0.781309796,0.125,0.0666,1652
k417,0.0,0.0741,0.0,0.586195861,0.0,0.0,0.347256087,0.0,0.0,0.0,2289
k2443,0.0,0.0,0.380184345,0.487541521,0.0,0.125,0.5694092,0.7880995,0.0,0.0,1975
k1384,0.0652,0.0,0.0789,0.532042697,0.0,0.166666667,0.711117512,0.857786556,0.0,0.0,1430
k1413,0.0217,0.0625,0.118279569,0.759447807,0.0,0.125,0.623633424,0.781803592,0.0,0.0673,499
k868,0.0,0.0,0.354838717,0.580519649,0.0,0.0,0.474078361,0.0,0.0,0.133279319,290
k3289,0.0,0.0,0.532258064,0.523866476,0.0,0.0,0.49681115,0.0,0.0,0.0,763
k1156,0.0217,0.152126484,0.228110605,0.662372013,0.0,0.0833,0.5694092,0.0,0.0,0.233306334,3051
k2368,0.0,0.0686,0.15207374,0.563203892,0.0,0.125,0.5694092,0.0,0.0,0.0666,87
k2725,0.0,0.0,0.0,0.584210142,0.0,0.0,0.517375509,0.0,0.0,0.133279319,1702
k294,0.0435,0.138317505,0.118279569,0.706133449,0.0,0.125,0.623633424,0.781865317,0.0,0.0,1781
k2111,0.108695652,0.214362661,0.342165897,0.509070306,0.0,0.0833,0.718964262,0.0,0.0,0.0666,105
k1134,0.0,0.0758,0.0665,0.661455086,0.2,0.125,0.59822025,0.83158447,0.25,0.0666,2045
k203,0.282608696,0.127288613,0.387096781,0.66256706,0.1,0.0833,0.816485634,0.864946608,0.1875,0.333198282,3401
k2458,0.0,0.127288613,0.0819,0.742172458,0.1,0.0,0.55341952,0.823344238,0.125,0.133279319,411
k3400,0.0,0.0509,0.0367,0.482971968,0.0,0.0,0.726535682,0.0,0.0,0.145577573,1224
k186,0.0,0.0,0.0444,0.389127552,0.0,0.0833,0.685704338,0.0,0.0,0.0,2559
k2436,0.087,0.152126484,0.161290332,0.797776262,0.3,0.291666667,0.75441466,0.891704216,0.4375,0.266957112,3286
k861,0.0,0.0758,0.0394,0.500210659,0.4,0.0,0.711117512,0.784118264,0.25,0.0666,1556
k2448,0.0,0.304252973,0.15207374,0.736020958,0.0,0.166666667,0.5694092,0.840225912,0.0,0.333333345,3381
k1122,0.0,0.124999999,0.532258064,0.530274847,0.0,0.0,0.59822025,0.0,0.0,0.133279319,818
k1366,0.0652,0.0,0.33266129,0.569892308,0.0,0.0833,0.59822025,0.0,0.0,0.104710543,696
k1142,0.0435,0.0551,0.354838717,0.650042321,0.0,0.0833,0.623633424,0.786679835,0.0,0.0,1820
k813,0.0,0.304252973,0.228110605,0.736020958,0.0,0.125,0.5694092,0.811061046,0.0,0.333333345,843
k2655,0.0,0.235146178,0.0,0.551355467,0.0,0.0,0.419854137,0.0,0.0,0.0,164
k964,0.152173913,0.110146179,0.319354849,0.629851821,0.0,0.125,0.646366212,0.0,0.0,0.0,1973
k3284,0.0,0.227719268,0.774193572,0.471901073,0.0,0.0,0.517375509,0.727578545,0.0,0.0,2360
k2814,0.0,0.0,0.15207374,0.4518504,0.0,0.125,0.656893288,0.0,0.0,0.0,1836
k311,0.0,0.0758,0.283870982,0.538202247,0.1,0.0,0.7338503,1.0,0.125,0.0666,2188
k1027,0.0435,0.0,0.193548396,0.68024239,0.0,0.0,0.517375509,0.0,0.0,0.0,1121
k162,0.0,0.0758,0.0968,0.702181239,0.1,0.125,0.517375509,0.827325474,0.125,0.0666,2731
k707,0.0,0.0,0.0,0.433503563,0.0,0.166666667,0.702974583,0.0,0.0,0.0666,1577
k3007,0.0,0.227452507,0.116431452,0.550989485,0.4,0.0,0.897330375,0.833559657,0.6875,0.266558642,2907
k1428,0.0,0.0625,0.212903226,0.489982089,0.0,0.0,0.49681115,0.0,0.0,0.0666,134
k3247,0.0435,0.0,0.0,0.527256837,0.0,0.0417,0.646366212,0.826646503,0.0,0.0,3174
k2711,0.0435,0.0,0.177419358,0.81274661,0.2,0.333333333,0.685704338,0.831522746,0.25,0.0327,2346
k1478,0.0217,0.26178119,0.638709698,0.642359795,0.2,0.0,0.584295238,0.806431702,0.4375,0.133279319,1880
k2248,0.0,0.0,0.177419358,0.444095614,0.0,0.166666667,0.685704338,0.0,0.0,0.0666,3089
k1924,0.0,0.0,0.0,0.619398972,0.0,0.0,0.237039181,0.0,0.0,0.0,957
k1048,0.0,0.0,0.212903226,0.751084159,0.0,0.0,0.347256087,0.798407506,0.0,0.109694454,2632
k280,0.0,0.0625,0.560271668,0.433572539,0.0,0.166666667,0.784854155,0.809487069,0.0,0.0666,583
k2077,0.0652,0.0,0.138849927,0.724719962,0.0,0.125,0.676521598,0.0,0.0,0.0,2194
k2125,0.0,0.0,0.0,0.525354515,0.0,0.125,0.635299093,0.0,0.0,0.0,3287
k1800,0.0,0.113258934,0.354838717,0.660209615,0.0,0.0,0.386594243,0.0,0.0,0.0,916
k2144,0.0,0.0,0.0,0.282127517,0.0,0.0,0.299110125,0.0,0.0,0.0,2692
k1490,0.0,0.249999999,0.532258064,0.551014379,0.0,0.0,0.448665187,0.75726807,0.0,0.0,674
k247,0.0,0.0,0.177419358,0.529653519,0.0,0.125,0.623633424,0.0,0.0,0.0666,3035
k591,0.0,0.0,0.0,0.535763712,0.0,0.0,0.299110125,0.0,0.0,0.0,871
k1938,0.0,0.0551,0.354838717,0.640995014,0.0,0.0,0.386594243,0.0,0.0,0.000672,115
k818,0.0,0.0625,0.638709698,0.443543105,0.0,0.0,0.347256087,0.709308067,0.0,0.0,2642
k1553,0.0217,0.275365436,0.15967743,0.686364541,0.0,0.0,0.646366212,0.0,0.0,0.267903433,2200
k2370,0.0,0.0,0.0,0.388464275,0.0,0.0,0.517375509,0.0,0.0,0.0,1763
k1343,0.0652,0.235146178,0.323983152,0.589367337,0.0,0.166666667,0.676521598,0.759860502,0.0,0.0,2110
k1146,0.0,0.0,0.0,0.655264232,0.0,0.0417,0.419854137,0.0,0.0,0.0279,334
k1564,0.0,0.0686,0.163771719,0.52702443,0.0,0.125,0.55341952,0.0,0.0,0.0,1723
k1162,0.0,0.110146179,0.193548396,0.611060531,0.0,0.0,0.517375509,0.755323745,0.0,0.0123,465
k540,0.0,0.0,0.202764976,0.568469416,0.0,0.25,0.656893288,0.794210234,0.0,0.0666,673
k2554,0.0,0.0,0.193548396,0.462299927,0.0,0.0,0.517375509,0.0,0.0,0.0666,1916
k490,0.0,0.0,0.0,0.452026063,0.0,0.0833,0.656893288,0.0,0.0,0.0666,2714
k2706,0.0,0.138317505,0.245657567,0.708493982,0.2,0.125,0.55341952,0.823282513,0.125,0.0666,1867
k1807,0.0435,0.214135001,0.338709668,0.7754456,0.2,0.166666667,0.666930572,0.844484908,0.25,0.199918983,2341
k2124,0.0,0.0,0.0,0.541885003,0.0,0.166666667,0.611300769,0.798561817,0.0,0.000672,2845
k468,0.0,0.0,0.0,0.484850647,0.0,0.0,0.448665187,0.0,0.125,0.0,2434
k464,0.0,0.0758,0.212903226,0.73902146,0.0,0.0,0.347256087,0.798623542,0.125,0.0666,605
k2911,0.0,0.138317505,0.425806462,0.586195861,0.0,0.0,0.347256087,0.795876798,0.125,0.0666,375
k2221,0.0,0.0,0.0343,0.554160648,0.0,0.375,0.740925167,0.852694278,0.0,0.266558642,2376
k2968,0.0,0.173537269,0.425806462,0.721201809,0.0,0.0,0.49681115,0.0,0.0,0.133279319,2577
k2081,0.0435,0.0,0.163771719,0.732744827,0.0,0.333333333,0.702974583,0.0,0.0,0.0246,3206
k2431,0.0217,0.152126484,0.133064516,0.594178286,0.0,0.125,0.59822025,0.0,0.0,0.16666667,2325
k1654,0.0435,0.0,0.290322588,0.693105559,0.0,0.0,0.517375509,0.0,0.0,0.0673,1546
k613,0.0435,0.142348377,0.163771719,0.654641341,0.0,0.0417,0.55341952,0.0,0.0,0.0666,1423
k3173,0.0217,0.178792326,0.185133247,0.565920792,0.0,0.125,0.676521598,0.0,0.0,0.0666,560
k1820,0.0,0.0,0.118279569,0.603220709,0.0,0.0833,0.474078361,0.747608172,0.0,0.0,2779
k2320,0.0,0.0,0.0591,0.744525331,0.0,0.583333333,0.773188486,0.849824085,0.0,0.0243,1422
k1207,0.130434783,0.0551,0.30414748,0.628893156,0.0,0.125,0.5694092,0.832417752,0.0,0.00134,1963
k3387,0.0435,0.0551,0.72580646,0.489928784,0.0,0.0,0.666930572,0.754490464,0.0625,0.0,1503
k1365,0.0,0.0758,0.591397875,0.48415921,0.1,0.0,0.474078361,0.785908277,0.125,0.0666,2804
k3351,0.0,0.499999985,0.0,0.538824788,0.0,0.0,0.536149276,0.0,0.0,0.0,1474
k2798,0.0,0.304252973,0.125237193,0.911262022,0.0,0.166666667,0.611300769,0.0,0.0,0.333333345,2989
k3234,0.0,0.0625,0.907969621,0.424553525,0.0,0.0,0.760855832,0.747422999,0.0,0.0666,1297
k1206,0.0217,0.00701,0.187855789,0.622594365,0.0,0.0833,0.611300769,0.0,0.0,0.0666,1491
k3347,0.0435,0.0551,0.0484,0.620056527,0.0,0.166666667,0.666930572,0.0,0.0,0.0946,1769
k1539,0.0,0.235146178,0.425806462,0.527525393,0.0,0.0,0.49681115,0.734121351,0.0,0.0,3163
k326,0.0,0.0,0.212903226,0.516704022,0.0,0.0833,0.49681115,0.0,0.0,0.0,682
k2005,0.0,0.227942236,0.0,0.594652987,0.0,0.0,0.386594243,0.0,0.0,0.0,502
k1837,0.0,0.0,0.0,0.719993503,0.0,0.0,0.237039181,0.0,0.0,0.0,1009
k1300,0.0,0.0,0.0626,0.591785434,0.0,0.0417,0.611300769,0.768532807,0.0625,0.0279,1266
k1145,0.0,0.0,0.0,0.469312432,0.0,0.0,0.584295238,0.0,0.0,0.0,229
k395,0.0,0.0625,0.177419358,0.493893148,0.0,0.0,0.386594243,0.0,0.0,0.0,1119
k1026,0.152173913,0.220292358,0.0409,0.58347943,0.0,0.208333333,0.702974583,0.0,0.0,0.000672,2327
k632,0.0,0.0758,0.0819,0.578844144,0.2,0.0,0.55341952,0.798129745,0.1875,0.0666,1496
k2885,0.0,0.0758,0.177419358,0.493893148,0.1,0.0,0.536149276,0.794858342,0.125,0.0666,1961
k1120,0.0,0.312499998,0.292741946,0.5697415,0.0,0.0,0.795921275,0.799827171,0.0,0.0,592
k277,0.0435,0.0802,0.0,0.499595388,0.0,0.166666667,0.711117512,0.0,0.0,0.0,630
k1144,0.108695652,0.138317505,0.322580652,0.570151681,0.3,0.0417,0.75441466,0.842478859,0.1875,0.200591376,2149
k2801,0.0435,0.180073089,0.30414748,0.569692416,0.0,0.125,0.656893288,0.778161842,0.0,0.0,2123
k3212,0.0,0.0,0.177419358,0.529653519,0.0,0.125,0.623633424,0.0,0.0,0.0666,1764
k1387,0.0,0.110146179,0.425806462,0.478489953,0.0,0.0,0.347256087,0.0,0.0,0.051,854
k3177,0.239130435,0.304252973,0.236559137,0.716147941,0.0,0.25,0.773188486,0.0,0.0,0.333333345,627
k2874,0.0435,0.0758,0.266129032,0.675061864,0.1,0.125,0.59822025,0.817572989,0.25,0.165949102,2705
k2505,0.0,0.23958951,0.380184345,0.583465322,0.0,0.166666667,0.718964262,0.782235664,0.0,0.0,2423
k3301,0.152173913,0.0551,0.241935487,0.63527171,0.0,0.0833,0.666930572,0.0,0.0,0.189104055,3209
k400,0.0652,0.0,0.133064516,0.759335648,0.0,0.166666667,0.685704338,0.0,0.0,0.0,2348
k361,0.0,0.0,0.0,0.492295843,0.0,0.0833,0.646366212,0.0,0.0,0.0789,1522
k654,0.0435,0.0,0.133064516,0.470399083,0.0,0.0,0.59822025,0.0,0.0,0.0,3330
k1680,0.0,0.127048657,0.290322588,0.614470706,0.0,0.0417,0.517375509,0.0,0.0,0.0,1194
k1572,0.0652,0.0,0.071,0.637822404,0.0,0.166666667,0.584295238,0.815597803,0.0,0.0606,2809
k2195,0.0217,0.152126484,0.212903226,0.623321599,0.0,0.125,0.646366212,0.0,0.0,0.233306334,2283
k1170,0.0,0.0625,0.0,0.528218824,0.0,0.0,0.448665187,0.0,0.0,0.0666,2270
k214,0.0435,0.0625,0.177419358,0.731090777,0.0,0.0417,0.623633424,0.788222949,0.1875,0.0666,3067
k1541,0.0,0.0,0.076,0.471774376,0.0,0.125,0.5694092,0.0,0.0,0.0,1569
k2314,0.0,0.0,0.0789,0.580948666,0.0,0.25,0.711117512,0.864946608,0.0,0.266558642,1687
k1484,0.0,0.0,0.118279569,0.482770355,0.0,0.0,0.623633424,0.0,0.0,0.133279319,419
k2962,0.0,0.0,0.309053058,0.421335583,0.0,0.0,0.740925167,0.0,0.0,0.0666,2493
k1968,0.087,0.0,0.138849927,0.774983834,0.6,0.25,0.676521598,0.910962286,0.375,0.100290462,401
k2871,0.0,0.0,0.056,0.560939183,0.0,0.333333333,0.635299093,0.0,0.0,0.0,2916
k1081,0.0,0.0625,0.163771719,0.561302624,0.0,0.0,0.790458671,0.823714586,0.0,0.278856887,1304
k726,0.0435,0.297646166,0.295698938,0.570412811,0.0,0.0833,0.623633424,0.0,0.0,0.0,539
k2803,0.0,0.138317505,0.354838717,0.670654257,0.0,0.125,0.584295238,0.80439479,0.125,0.0666,873
k90,0.0435,0.0551,0.250474386,0.770220133,0.0,0.0833,0.611300769,0.0,0.0,0.0,68
k2669,0.0,0.0,0.0665,0.438031418,0.0,0.333333333,0.747775312,0.811061046,0.0,0.0,1464
k869,0.0,0.0758,0.30414748,0.549319882,0.1,0.0,0.419854137,0.79819147,0.125,0.0666,1413
k1542,0.0,0.0,0.0,0.679263951,0.0,0.125,0.474078361,0.788871057,0.0,0.0,142
k3163,0.0,0.0,0.0,0.598112442,0.0,0.0,0.299110125,0.818807481,0.0,0.0666,1572
k1931,0.0,0.124999999,0.532258064,0.482395737,0.0,0.0833,0.718964262,0.0,0.0,0.133279319,2308
k1315,0.0,0.0758,0.0968,0.673056918,0.1,0.125,0.517375509,0.814857108,0.1875,0.0666,3168
k1818,0.0,0.0,0.0,0.471774376,0.0,0.125,0.676521598,0.748225418,0.125,0.0,2383
k1861,0.0,0.152126484,0.106451613,0.647893562,0.0,0.0833,0.49681115,0.0,0.0,0.16666667,510
k3156,0.0,0.0758,0.15207374,0.769052782,0.2,0.125,0.5694092,0.849268564,0.3125,0.116784893,2982
k1427,0.0,0.0,0.212903226,0.493893148,0.0,0.0,0.347256087,0.0,0.0,0.0666,2534
k946,0.0,0.0,0.0,0.560939183,0.0,0.0,0.299110125,0.0,0.0,0.0,2048
k1966,0.0,0.0,0.0,0.358867488,0.0,0.0,0.386594243,0.0,0.0,0.0,1381
k349,0.0,0.137292295,0.161290332,0.597282349,0.0,0.416666667,0.75441466,0.0,0.0,0.133279319,2177
k1520,0.0,0.110146179,0.295698938,0.665269501,0.0,0.0833,0.623633424,0.0,0.0,0.0666,311
k1502,0.0,0.284696756,0.0,0.619398972,0.0,0.0,0.419854137,0.0,0.0,0.0653,1665
k3235,0.087,0.375752288,0.510967731,0.731645631,0.2,0.0,0.694512174,0.769674711,0.375,0.333198282,1904
k2733,0.0,0.0625,0.66532258,0.424424796,0.0,0.0,0.448665187,0.716900191,0.0625,0.0,1984
k2947,0.0,0.0758,0.10138249,0.629778273,0.2,0.0833,0.656893288,0.821646812,0.125,0.0666,834
k2089,0.0217,0.0625,0.236559137,0.562915014,0.0,0.0417,0.623633424,0.0,0.0,0.0946,363
k2997,0.0,0.0802,0.071,0.630876062,0.0,0.0417,0.584295238,0.0,0.0,0.0666,2732
k1148,0.239130435,0.445028051,0.30414748,0.566118379,0.0,0.25,0.83970829,0.0,0.0,0.0,1170
k859,0.087,0.0625,0.0926,0.698404535,0.0,0.0,0.676521598,0.781834455,0.0,0.0,1140
k3139,0.0,0.0,0.0,0.699499314,0.0,0.0833,0.448665187,0.0,0.0,0.0,2496
k2088,0.0435,0.0551,0.0789,0.568012378,0.0,0.166666667,0.711117512,0.841861613,0.0625,0.0666,1604
k168,0.173913043,0.220292358,0.166330645,0.606496606,0.0,0.25,0.747775312,0.0,0.0,0.133279319,2046
k317,0.0,0.124999999,0.770856474,0.456011569,0.0,0.0,0.726535682,0.0,0.0,0.133279319,3058
k2204,0.0217,0.0643,0.295698938,0.688500365,0.0,0.0833,0.623633424,0.0,0.0,0.0666,2431
k1600,0.0,0.0,0.354838717,0.549319882,0.0,0.0417,0.536149276,0.747453861,0.0625,0.0666,2176
k1482,0.0,0.0,0.0,0.751084159,0.0,0.0,0.237039181,0.0,0.0,0.0,3074
k2290,0.0,0.0,0.0,0.699499314,0.0,0.0833,0.448665187,0.0,0.0,0.0279,3234
k495,0.0,0.138317505,0.177419358,0.578051412,0.3,0.125,0.685704338,0.787235356,0.1875,0.0666,253
k1958,0.0,0.0,0.0,0.549522667,0.0,0.125,0.685704338,0.800814765,0.0,0.0,3244
k2566,0.0,0.0,0.0,0.714717897,0.0,0.125,0.5694092,0.824918215,0.0,0.0279,1289
k1503,0.087,0.304252973,0.0968,0.719993503,0.0,0.25,0.666930572,0.0,0.0,0.334678136,3002
k877,0.130434783,0.0,0.168081487,0.579315368,0.0,0.125,0.635299093,0.0,0.0625,0.000672,870
k1623,0.0,0.0,0.106451613,0.544047285,0.0,0.0417,0.49681115,0.0,0.0,0.0666,3296
k254,0.087,0.110146179,0.212903226,0.595064848,0.0,0.125,0.694512174,0.0,0.0,0.0666,1451
k2194,0.0,0.0,0.133064516,0.379444815,0.0,0.0,0.448665187,0.0,0.0,0.0,2677
k2457,0.0435,0.0,0.0,0.499595388,0.0,0.208333333,0.711117512,0.814857108,0.0,0.000672,2238
k931,0.0,0.0,0.0,0.50640929,0.0,0.0417,0.419854137,0.0,0.0,0.0,1452
k2788,0.0,0.0,0.0,0.436629433,0.0,0.0,0.59822025,0.0,0.0,0.0666,2785
k615,0.0,0.284696756,0.0,0.538824788,0.0,0.0833,0.49681115,0.0,0.0,0.0,665
k1510,0.0435,0.00701,0.372580634,0.580941827,0.0,0.0833,0.646366212,0.0,0.0,0.0666,2108
k3270,0.0,0.0,0.0,0.594765302,0.0,0.125,0.474078361,0.797080427,0.0,0.0,236
k3240,0.152173913,0.0,0.138849927,0.605422382,0.0,0.125,0.676521598,0.0,0.0,0.0993,578
k1832,0.0,0.0,0.236559137,0.744718502,0.0,0.0,0.474078361,0.0,0.0,0.0,2025
k1030,0.0,0.152126484,0.076,0.675061864,0.0,0.25,0.5694092,0.0,0.0,0.16666667,675
k744,0.0,0.470292363,0.212903226,0.693101299,0.0,0.0,0.584295238,0.0,0.0,0.0,2131
k1355,0.0,0.0,0.193548396,0.575001279,0.0,0.125,0.517375509,0.806061354,0.0,0.0666,945
k1710,0.0,0.0,0.266129032,0.375648611,0.0,0.0,0.299110125,0.0,0.0,0.0,1356
k2271,0.0652,0.220292358,0.187855789,0.560479996,0.0,0.0417,0.611300769,0.0,0.0,0.0666,536
k1420,0.0435,0.0,0.125237193,0.515190973,0.0,0.0,0.611300769,0.0,0.0,0.00134,554
k1876,0.0,0.0,0.076,0.472407468,0.0,0.0417,0.5694092,0.0,0.0,0.0666,2960
k892,0.0,0.0,0.30414748,0.683895171,0.0,0.0,0.419854137,0.0,0.0,0.133279319,2488
k999,0.108695652,0.172646179,0.293659623,0.537755332,0.0,0.0833,0.726535682,0.0,0.0,0.0123,2197
k463,0.0,0.237434792,0.500948771,0.720039539,0.1,0.0,0.611300769,0.833436208,0.125,0.133279319,3177
k973,0.0,0.0,0.0,0.375648611,0.0,0.0,0.59822025,0.0,0.0,0.0,2073
k799,0.0435,0.0,0.125237193,0.631993195,0.0,0.0833,0.611300769,0.0,0.0,0.0,2490
k2571,0.0,0.0625,0.177419358,0.435942177,0.0,0.0,0.386594243,0.0,0.0,0.0,123
k128,0.0,0.0,0.177419358,0.732509098,0.0,0.0833,0.536149276,0.0,0.0,0.0,1603
k1046,0.0,0.0,0.0507,0.452026063,0.0,0.208333333,0.656893288,0.774304055,0.0,0.0,1206
k879,0.0,0.0,0.0,0.719993503,0.0,0.0,0.237039181,0.0,0.0,0.0666,1333
k568,0.0,0.124999999,0.638709698,0.539018975,0.0,0.0,0.584295238,0.0,0.0,0.133279319,3369
k2601,0.0652,0.0758,0.133064516,0.583543677,0.3,0.166666667,0.685704338,0.84800321,0.125,0.122464406,1979
k474,0.0,0.0686,0.532258064,0.52158891,0.0,0.0,0.299110125,0.0,0.0,0.0,3410
k2168,0.130434783,0.110146179,0.187855789,0.585744764,0.0,0.291666667,0.84833992,0.0,0.0,0.133279319,1578
k2663,0.0,0.0802,0.106451613,0.743563306,0.0,0.25,0.646366212,0.0,0.0,0.0,2743
k3106,0.0,0.0,0.163771719,0.479899207,0.0,0.166666667,0.702974583,0.0,0.0,0.0666,594
k1344,0.260869565,0.110146179,0.338709668,0.574579999,0.0,0.125,0.666930572,0.0,0.0,0.0,920
k1345,0.0,0.0625,0.0852,0.540434481,0.0,0.208333333,0.694512174,0.772575767,0.0,0.000672,777
k2302,0.0,0.0,0.0819,0.577292328,0.0,0.25,0.55341952,0.0,0.0,0.0,613
k1442,0.0,0.0,0.0,0.483176394,0.0,0.0417,0.536149276,0.783562743,0.0,0.0,45
k1002,0.0,0.152126484,0.0968,0.623502069,0.0,0.125,0.517375509,0.0,0.0,0.16666667,2060
k1734,0.0,0.0,0.0968,0.649458783,0.0,0.333333333,0.666930572,0.812480711,0.0,0.0,2618
k512,0.0,0.0,0.118279569,0.704636422,0.0,0.25,0.623633424,0.820165422,0.0,0.0,2486
k3249,0.0,0.124999999,0.139608661,0.557004323,0.0,0.0,0.886971817,0.810628974,0.0,0.0789,1108
k2703,0.0,0.0,0.0409,0.440468274,0.0,0.0833,0.702974583,0.783840504,0.0,0.0,2832
k1017,0.0,0.0,0.0,0.768149572,0.0,0.166666667,0.49681115,0.805104623,0.0,0.0,2113
k149,0.0,0.0,0.15207374,0.622140375,0.0,0.458333333,0.76711024,0.0,0.0,0.0666,446
k1816,0.0,0.0,0.106451613,0.716623698,0.4,0.125,0.646366212,0.859977779,0.4375,0.100290462,261
k1009,0.0,0.0,0.177419358,0.543542804,0.0,0.0417,0.536149276,0.0,0.0,0.0666,2745
k1331,0.0,0.294474848,0.0968,0.702181239,0.0,0.0833,0.517375509,0.0,0.0,0.16666667,171
k773,0.0,0.138317505,0.145161294,0.567810102,0.3,0.125,0.666930572,0.825720635,0.125,0.0666,2659
k2325,0.173913043,0.448011623,0.311565689,0.632628826,0.0,0.208333333,0.801249039,0.0,0.0,0.0666,2560
k3021,0.087,0.00701,0.10138249,0.657472706,0.0,0.125,0.656893288,0.0,0.0,0.0,322
k340,0.0217,0.303270027,0.643145186,0.565118876,0.2,0.0,0.835259401,0.774242331,0.6875,0.399837961,2208
k3099,0.0,0.0,0.071,0.516704022,0.0,0.0417,0.584295238,0.0,0.0,0.133279319,3097
k886,0.0,0.110146179,0.709677444,0.426224105,0.0,0.0,0.386594243,0.0,0.0,0.0,1676
k2610,0.0,0.0,0.118279569,0.483176394,0.0,0.0833,0.474078361,0.743410901,0.0,0.0,3367
k409,0.0,0.208929756,0.319354849,0.755377692,0.0,0.0,0.49681115,0.841059194,0.25,0.133279319,2898
k1310,0.0652,0.0,0.0626,0.595049177,0.0,0.125,0.611300769,0.0,0.0,0.0123,2609
k976,0.0217,0.142348377,0.106451613,0.593905666,0.0,0.0417,0.49681115,0.789303129,0.0625,0.0,191
k456,0.0435,0.0,0.567741964,0.414132604,0.0,0.166666667,0.7338503,0.0,0.0,0.000672,2763
k3286,0.0217,0.00701,0.187855789,0.710469188,0.0,0.125,0.611300769,0.0,0.0,0.0666,1093
k2930,0.0,0.110146179,0.0,0.590091563,0.0,0.0,0.474078361,0.0,0.0,0.0,2930
k434,0.152173913,0.165219257,0.19609507,0.585118785,0.0,0.208333333,0.784854155,0.839330905,0.0,0.0,1952
k1050,0.0,0.0,0.0,0.712351346,0.0,0.0417,0.517375509,0.804302204,0.0,0.0397,1228
k2439,0.0,0.0758,0.106451613,0.660244982,0.1,0.0833,0.49681115,0.816616258,0.125,0.0666,812
k3024,0.0,0.0,0.0,0.483176394,0.0,0.125,0.474078361,0.775168199,0.0,0.0,1469
k368,0.0,0.00951,0.112054332,0.554758685,0.0,0.166666667,0.635299093,0.0,0.0,0.0,973
k154,0.0,0.0,0.168081487,0.559449815,0.0,0.0833,0.635299093,0.0,0.0,0.133279319,1406
k2759,0.0,0.0758,0.118279569,0.675061864,0.1,0.0417,0.474078361,0.817356953,0.125,0.0946,133
k1742,0.0,0.0,0.0,0.61392316,0.0,0.0,0.237039181,0.0,0.0,0.0,794
k2767,0.0,0.0,0.15207374,0.3887236,0.0,0.125,0.656893288,0.0,0.0,0.0,3256
k695,0.434782609,0.110146179,0.102357322,0.591898531,0.0,0.125,0.852529645,0.904450343,0.0625,0.212217222,1742
k3398,0.0,0.0625,0.071,0.577963287,0.0,0.25,0.7338503,0.861428307,0.0,0.0666,2598
k1806,0.0,0.0,0.0,0.390797241,0.0,0.25,0.623633424,0.0,0.0,0.0,3384
k3373,0.0,0.0,0.0,0.497009014,0.0,0.0833,0.448665187,0.769180915,0.0,0.0,1948
k915,0.0,0.0,0.0,0.537054202,0.0,0.25,0.635299093,0.825195976,0.0,0.0666,914
k1381,0.0,0.0,0.266129032,0.531861015,0.0,0.0,0.299110125,0.0,0.0,0.0,1877
k1242,0.0,0.0,0.0,0.694000797,0.0,0.166666667,0.49681115,0.794580581,0.0,0.0,3130
k1212,0.0435,0.178519765,0.33266129,0.713087217,0.0,0.0,0.59822025,0.784920684,0.0,0.0,1868
k787,0.0,0.151635011,0.0532,0.49811837,0.7,0.0,0.795921275,0.804888587,0.375,0.133279319,2561
k2193,0.0,0.0758,0.146829806,0.478161215,0.2,0.125,0.726535682,0.787266218,0.1875,0.0666,1133
k376,0.0,0.0,0.0,0.683895171,0.0,0.0,0.237039181,0.0,0.0,0.0,3293
k1657,0.0,0.0,0.106451613,0.50324434,0.0,0.0833,0.646366212,0.818066786,0.0625,0.0666,1753
k462,0.0,0.142348377,0.212903226,0.506370718,0.0,0.0,0.347256087,0.0,0.0,0.0,3407
k1518,0.0,0.193646159,0.709677444,0.49531354,0.0,0.0,0.386594243,0.0,0.0,0.0,772
k1607,0.0,0.0,0.0,0.433503563,0.0,0.166666667,0.702974583,0.0,0.0,0.0666,1149
k3277,0.0217,0.0,0.071,0.598669953,0.0,0.0417,0.584295238,0.0,0.0,0.0946,1840
k2460,0.0,0.0758,0.840407497,0.439513282,0.1,0.0,0.635299093,0.786031726,0.125,0.0666,1086
k1447,0.0,0.0,0.0,0.506370718,0.0,0.0,0.55341952,0.0,0.0,0.133279319,538
k2784,0.087,0.235146178,0.338709668,0.625963779,0.0,0.125,0.666930572,0.760508611,0.0,0.0279,1074
k3001,0.130434783,0.0,0.245657567,0.658481197,0.0,0.208333333,0.702974583,0.0,0.0,0.0,1441
k27,0.0435,0.123719237,0.0998,0.599225158,0.0,0.333333333,0.747775312,0.0,0.0,0.0666,298
k3180,0.0,0.0,0.638709698,0.45104778,0.0,0.0,0.49681115,0.0,0.0,0.0666,3361
k1719,0.0,0.0,0.146829806,0.44584834,0.0,0.333333333,0.726535682,0.803870131,0.0,0.0,931
k2961,0.0,0.0,0.133064516,0.537054202,0.0,0.0,0.59822025,0.0,0.0,0.0,1306
k579,0.0,0.0,0.0,0.570230973,0.0,0.0833,0.448665187,0.0,0.0,0.0,138
k1251,0.0,0.235146178,0.709677444,0.586302314,0.0,0.0,0.386594243,0.726498364,0.0,0.0,2712
k1712,0.0217,0.0,0.166330645,0.739330581,0.3,0.291666667,0.747775312,0.865934202,0.4375,0.100290462,397
k3073,0.0,0.187499999,0.591397875,0.540484386,0.0,0.0,0.711117512,0.0,0.0,0.278856887,1812
k3077,0.0,0.0758,0.224108663,0.633047878,0.2,0.0833,0.635299093,0.828652552,0.125,0.0666,1598
k2300,0.0,0.0,0.228110605,0.51778954,0.0,0.125,0.5694092,0.0,0.0,0.0666,2985
k413,0.0,0.0,0.212903226,0.525884592,0.0,0.0833,0.646366212,0.0,0.0,0.145577573,179
k1052,0.0,0.0,0.15967743,0.569005394,0.0,0.125,0.646366212,0.0,0.0,0.0666,225
k2979,0.0,0.0758,0.0367,0.554913675,0.7,0.0,0.726535682,0.800722178,0.25,0.133279319,218
k79,0.0,0.0,0.177419358,0.536390003,0.0,0.125,0.623633424,0.822572681,0.0,0.0666,1476
k2430,0.195652174,0.0758,0.290322588,0.592587116,0.1,0.333333333,0.816485634,0.815350904,0.25,0.133279319,1151
k2395,0.0435,0.0,0.483870984,0.439357393,0.0,0.0833,0.666930572,0.0,0.0,0.00134,645
k408,0.0217,0.152126484,0.228110605,0.662372013,0.0,0.0833,0.5694092,0.0,0.0,0.233306334,402
k153,0.0,0.0758,0.141935491,0.637822404,0.2,0.0833,0.584295238,0.800197519,0.1875,0.0666,460
k2429,0.260869565,0.0551,0.250474386,0.717571186,0.0,0.291666667,0.760855832,0.0,0.0,0.199918983,1058
k99,0.0,0.0,0.118279569,0.493941685,0.0,0.0833,0.474078361,0.0,0.0,0.0666,1596
k1263,0.0,0.0,0.228110605,0.60363128,0.0,0.0417,0.5694092,0.0,0.0,0.0666,2952
k2135,0.0,0.151635011,0.354838717,0.614576964,0.0,0.0,0.386594243,0.811678291,0.25,0.133279319,189
k372,0.0,0.124999999,0.30414748,0.553083181,0.0,0.0,0.419854137,0.0,0.0,0.0246,1380
k978,0.0,0.0,0.0,0.617459953,0.0,0.0833,0.55341952,0.783130671,0.0,0.0279,2447
k1677,0.0,0.0,0.354838717,0.426224105,0.0,0.0,0.386594243,0.0,0.0,0.0,2262
k2886,0.0,0.0,0.133064516,0.566193139,0.0,0.0,0.448665187,0.0,0.0,0.0,1860
k1090,0.0,0.0,0.133064516,0.497009014,0.0,0.0417,0.448665187,0.742176409,0.0,0.0,3107
k1220,0.0,0.0625,0.354838717,0.546952471,0.0,0.0,0.386594243,0.0,0.0,0.0666,3263
k758,0.0,0.110146179,0.709677444,0.426224105,0.0,0.0,0.386594243,0.0,0.0,0.0,1792
k894,0.0,0.0,0.0,0.647841273,0.0,0.0,0.237039181,0.0,0.0,0.0666,1016
k187,0.0435,0.206708091,0.15207374,0.632156939,0.5,0.583333333,0.806448351,0.88368002,0.5625,0.333198282,1903
k881,0.087,0.0,0.197132611,0.46773322,0.0,0.208333333,0.711117512,0.0,0.0,0.0,728
k1031,0.0,0.0758,0.266129032,0.743967116,0.0,0.125,0.59822025,0.815443491,0.125,0.133279319,2747
k2188,0.0,0.0,0.0,0.51781076,0.0,0.0417,0.386594243,0.0,0.0,0.0,2023
k255,0.0,0.00701,0.141935491,0.660937358,0.0,0.0833,0.584295238,0.0,0.0,0.0666,833
k2858,0.0652,0.0,0.0,0.597282349,0.0,0.0417,0.611300769,0.0,0.0,0.0606,2022
k1267,0.0,0.0,0.0,0.44896147,0.0,0.0,0.0,0.0,0.0,0.0,1591
k1809,0.0,0.0625,0.0,0.433032066,0.0,0.166666667,0.656893288,0.0,0.0,0.0,1180
k478,0.0,0.0,0.0,0.768149572,0.0,0.125,0.474078361,0.802604777,0.0,0.0,1382
k2920,0.0,0.0,0.0,0.855346479,0.0,0.125,0.474078361,0.831152398,0.0,0.0,1486
k3088,0.0652,0.110146179,0.30414748,0.591227688,0.0,0.0,0.5694092,0.806153941,0.0,0.0548,1897
k2481,0.0435,0.0551,0.0591,0.570538374,0.0,0.125,0.623633424,0.0,0.0,0.0279,2730
k2409,0.087,0.375000004,0.399193548,0.595911745,0.0,0.25,0.747775312,0.0,0.0,0.133279319,960
k2530,0.087,0.110146179,0.168081487,0.583543677,0.0,0.125,0.635299093,0.0,0.0,0.133279319,593
k3420,0.0,0.0551,0.532258064,0.43833413,0.0,0.0,0.299110125,0.0,0.0,0.0,2620
k2597,0.0,0.499999985,0.745161279,0.565905629,0.0,0.0,0.646366212,0.0,0.0,0.133279319,1553
k1098,0.0,0.151635011,0.056,0.573759638,0.3,0.0,0.635299093,0.859113635,0.1875,0.133279319,3231
k2078,0.0,0.249999999,0.205207924,0.551373795,0.0,0.0,0.953419446,0.802944263,0.0,0.0,1043
k249,0.0217,0.0,0.0926,0.545966177,0.0,0.208333333,0.676521598,0.831121536,0.0,0.0,758
k2624,0.0,0.0,0.266129032,0.375648611,0.0,0.0,0.299110125,0.0,0.0,0.0,1606
k1203,0.152173913,0.296109852,0.103017687,0.692129543,0.3,0.25,0.740925167,0.879297574,0.1875,0.133279319,2672
k1557,0.0435,0.0,0.0968,0.630431725,0.0,0.125,0.666930572,0.806493426,0.0,0.0673,1997
k424,0.0,0.0,0.0819,0.570230973,0.0,0.125,0.55341952,0.0,0.0,0.0,681
k422,0.0,0.0,0.177419358,0.67292475,0.0,0.0833,0.536149276,0.0,0.0,0.133279319,2036
k1843,0.0217,0.0,0.0,0.538504177,0.0,0.0417,0.536149276,0.0,0.0,0.0279,958
k3225,0.0,0.0,0.0,0.576083123,0.0,0.208333333,0.656893288,0.822480094,0.0,0.0789,2752
k3369,0.0,0.0,0.0,0.660244982,0.0,0.0417,0.517375509,0.0,0.0,0.0279,2706
k876,0.0,0.165219257,0.532258064,0.405213868,0.0,0.0,0.536149276,0.0,0.0,0.0,1917
k2923,0.0,0.0,0.15207374,0.805621556,0.0,0.0833,0.5694092,0.0,0.0,0.0666,691
k2449,0.0217,0.0625,0.118279569,0.673787318,0.0,0.125,0.623633424,0.780383927,0.0,0.0673,3040
k502,0.0,0.0,0.118279569,0.431749235,0.0,0.0,0.474078361,0.0,0.0,0.0,984
k144,0.0,0.0,0.0,0.609805408,0.0,0.0833,0.646366212,0.0,0.0,0.0279,921
k1175,0.0,0.152126484,0.177419358,0.704064022,0.0,0.125,0.536149276,0.785260169,0.0,0.16666667,604
k3118,0.0,0.138317505,0.038,0.500210659,0.4,0.0,0.718964262,0.779056848,0.1875,0.0666,1608
k2804,0.0435,0.235146178,0.118279569,0.691329229,0.0,0.0417,0.623633424,0.0,0.0,0.0279,2770
k1501,0.0652,0.290443977,0.394265222,0.751839571,0.0,0.0833,0.711117512,0.832633788,0.1875,0.366585653,2264
k3009,0.0,0.224102042,0.177419358,0.719555498,0.0,0.125,0.536149276,0.0,0.0,0.16666667,2803
k920,0.0,0.284696756,0.0,0.650481109,0.0,0.0,0.5694092,0.0,0.0,0.133279319,1150
k2076,0.087,0.110146179,0.147849474,0.622735091,0.0,0.208333333,0.773188486,0.826831677,0.0,0.0,2827
k2180,0.0,0.0,0.0819,0.598310615,0.0,0.0,0.55341952,0.826492192,0.0625,0.145577573,3322
k2635,0.0,0.0625,0.532258064,0.427636094,0.0,0.0,0.49681115,0.718288995,0.0,0.0,579
k2060,0.087,0.0,0.185133247,0.664684791,0.0,0.0833,0.676521598,0.0,0.0,0.0666,2064
k96,0.0,0.0,0.118279569,0.476475901,0.0,0.0833,0.474078361,0.0,0.0,0.0,2243
k3415,0.0,0.119794754,0.473118285,0.656470154,0.0,0.0,0.474078361,0.0,0.0,0.133279319,1123
k23,0.0,0.142348377,0.0,0.528218824,0.0,0.0,0.237039181,0.0,0.0,0.0,2160
k1702,0.0,0.0573,0.266129032,0.610143174,0.0,0.0,0.299110125,0.0,0.0,0.0,2294
k835,0.0,0.0,0.141935491,0.467557987,0.0,0.125,0.584295238,0.0,0.0,0.0666,2650
k1373,0.0,0.0,0.798387096,0.349205113,0.0,0.0,0.448665187,0.0,0.0,0.0,1167
k2134,0.0,0.197421454,0.266129032,0.560939183,0.0,0.0,0.299110125,0.0,0.0,0.0,1466
k1647,0.0,0.117573089,0.532258064,0.558805313,0.0,0.0,0.299110125,0.717239677,0.0,0.0,2892
k1859,0.391304348,0.110146179,0.0852,0.606498208,0.0,0.125,0.844067237,0.903154126,0.0625,0.212217222,2603
k2175,0.0,0.0,0.0,0.428736501,0.0,0.0,0.5694092,0.743071415,0.0,0.0,2027
k812,0.0,0.0,0.354838717,0.426224105,0.0,0.0,0.386594243,0.0,0.0625,0.0,3423
k3120,0.087,0.119660464,0.0,0.443982479,0.0,0.166666667,0.694512174,0.0,0.0,0.0,32
k2835,0.0,0.0,0.0,0.382930012,0.0,0.166666667,0.49681115,0.0,0.0,0.0,790
k2551,0.0435,0.0,0.15207374,0.517156018,0.0,0.0833,0.656893288,0.0,0.0,0.0666,1077
k2500,0.0,0.0,0.0645,0.544706325,0.0,0.0,0.75441466,0.0,0.0,0.199918983,2476
k1756,0.0217,0.130890595,0.290322588,0.550058762,0.2,0.0833,0.666930572,0.805567558,0.1875,0.133279319,1028
k2157,0.0,0.0,0.0887,0.472407468,0.0,0.5,0.685704338,0.0,0.0,0.0,1177
k3200,0.0435,0.0,0.0,0.546864307,0.0,0.0417,0.611300769,0.0,0.0,0.0279,2591
k1785,0.0,0.0,0.0,0.584995137,0.0,0.0417,0.536149276,0.0,0.0,0.0279,26
k1982,0.0,0.133112262,0.354838717,0.756685066,0.0,0.0,0.386594243,0.80155546,0.125,0.0666,2413
k2068,0.0217,0.0,0.106451613,0.445311619,0.0,0.166666667,0.646366212,0.0,0.0,0.0,2906
k1205,0.0435,0.0551,0.0,0.44791472,0.0,0.0,0.760855832,0.746589717,0.0,0.0,2791
k3032,0.0,0.0758,0.127741935,0.57510738,0.0,0.291666667,0.694512174,0.811153632,0.0,0.0666,1562
k1519,0.0,0.0,0.212903226,0.465675438,0.0,0.0417,0.49681115,0.0,0.0,0.0,1103
k36,0.0,0.0,0.0591,0.585591923,0.0,0.125,0.623633424,0.82041232,0.0,0.0,943
k1663,0.260869565,0.124999999,0.231416545,0.614182884,0.0,0.166666667,0.676521598,0.0,0.0,0.0,303
k1018,0.130434783,0.0,0.156546496,0.550800495,0.0,0.291666667,0.760855832,0.0,0.0,0.0789,2242
k3117,0.0,0.152126484,0.0819,0.806433007,0.0,0.0833,0.55341952,0.0,0.0,0.16666667,2555
k3341,0.0,0.124999999,0.0,0.48415921,0.0,0.0,0.347256087,0.0,0.0,0.0,195
k762,0.0,0.124999999,0.608294961,0.482395737,0.0,0.0833,0.718964262,0.0,0.0,0.133279319,3398
k2140,0.0217,0.0,0.138849927,0.615311311,0.0,0.125,0.676521598,0.0,0.0,0.0946,3352
k2713,0.0,0.0,0.177419358,0.387973508,0.0,0.166666667,0.685704338,0.0,0.0,0.0,2569
k1106,0.0435,0.357519454,0.321830456,0.707630945,0.4,0.166666667,0.811525371,0.840596259,0.375,0.266558642,1236
k2444,0.0,0.0,0.0,0.552095402,0.0,0.166666667,0.59822025,0.0,0.0,0.000672,574
k61,0.087,0.0625,0.106451613,0.704576669,0.0,0.0417,0.646366212,0.779550645,0.0,0.0327,1576
k297,0.0,0.0,0.0,0.584995137,0.0,0.0417,0.536149276,0.0,0.0,0.0,3008
k406,0.0,0.0,0.118279569,0.704636422,0.0,0.166666667,0.623633424,0.0,0.0,0.0,2759
k2692,0.0,0.0,0.118279569,0.385024431,0.0,0.0833,0.474078361,0.0,0.0,0.0,3138
k2199,0.0,0.0,0.0237,0.567857036,0.0,0.75,0.821334448,0.880532066,0.0,0.266558642,1490
k595,0.0,0.0758,0.106451613,0.660244982,0.1,0.0833,0.49681115,0.818591445,0.125,0.0666,1968
k937,0.0,0.0,0.0,0.658679097,0.0,0.0,0.299110125,0.0,0.0,0.019,863
k538,0.0,0.141370141,0.266129032,0.706469027,0.0,0.0,0.448665187,0.0,0.0,0.0,835
k845,0.0,0.124999999,0.567741964,0.455585171,0.0,0.0,0.584295238,0.0,0.0,0.0,3197
k273,0.0,0.0,0.0,0.561746257,0.0,0.0833,0.666930572,0.796864391,0.0,0.0,1946
k81,0.0217,0.00701,0.133064516,0.640432187,0.0,0.125,0.59822025,0.0,0.0,0.0666,2836
k2820,0.0217,0.0,0.177419358,0.614182884,0.0,0.166666667,0.685704338,0.0,0.0,0.224515487,1514
k1801,0.0217,0.0,0.106451613,0.522840946,0.0,0.125,0.646366212,0.790105549,0.0,0.000672,2707
k1669,0.195652174,0.106544194,0.248387093,0.701835188,0.0,0.0417,0.7338503,0.0,0.0,0.266558642,2902
k1580,0.0217,0.0,0.283870982,0.755767435,0.0,0.125,0.584295238,0.0,0.0,0.133279319,1896
k1086,0.0217,0.0,0.290322588,0.456763737,0.0,0.0417,0.517375509,0.0,0.0625,0.0,782
k2793,0.0,0.0,0.193548396,0.456763737,0.0,0.0417,0.517375509,0.0,0.0,0.0,2875
k3035,0.0,0.0,0.0,0.583543677,0.0,0.0417,0.536149276,0.793222641,0.0,0.0279,1231
k1522,0.0,0.0625,0.399193548,0.494230563,0.0,0.0,0.448665187,0.0,0.0,0.0666,2223
k188,0.0,0.0,0.0,0.707842484,0.0,0.0,0.55341952,0.0,0.0,0.0,700
k1554,0.0,0.056,0.354838717,0.484850647,0.0,0.0,0.237039181,0.0,0.0,0.0,1631
k232,0.0,0.0625,0.0,0.433634598,0.0,0.0,0.55341952,0.0,0.0,0.0,328
k508,0.0,0.0758,0.0,0.744718502,0.0,0.0,0.386594243,0.82041232,0.125,0.0666,2588
k1714,0.0,0.0,0.168081487,0.559449815,0.0,0.166666667,0.635299093,0.0,0.0,0.0,1893
k2173,0.0,0.0625,0.0887,0.574079427,0.0,0.0833,0.536149276,0.0,0.0,0.0,2572
k503,0.0,0.0,0.0734,0.583995399,0.2,0.125,0.726535682,0.905530523,0.1875,0.0,565
k3018,0.0,0.0,0.0,0.658812124,0.0,0.0,0.299110125,0.0,0.0,0.0,113
k798,0.0435,0.110146179,0.076,0.460345589,0.0,0.0417,0.5694092,0.0,0.0,0.0,1982
k722,0.0,0.0758,0.0887,0.456763737,0.4,0.0,0.685704338,0.808838961,0.125,0.0666,2641
k2542,0.0,0.0,0.071,0.731404392,0.3,0.0417,0.584295238,0.881025863,0.1875,0.0501,158
k3058,0.0,0.0,0.0,0.688179872,0.0,0.0,0.299110125,0.0,0.0,0.0,458
k485,0.0,0.0,0.106451613,0.386381013,0.0,0.166666667,0.646366212,0.0,0.0,0.0,3365
k1294,0.0435,0.0,0.177419358,0.56696043,0.0,0.0833,0.623633424,0.0,0.0,0.0,1353
k883,0.0,0.00701,0.125237193,0.817280054,0.0,0.0833,0.611300769,0.817789025,0.0625,0.0,753
k3150,0.0,0.0625,0.228110605,0.68963782,0.0,0.125,0.5694092,0.0,0.0,0.0666,754
k375,0.0,0.138317505,0.90483873,0.456231041,0.1,0.0,0.646366212,0.717887785,0.1875,0.0666,281
k2,0.0,0.0758,0.106451613,0.544047285,0.1,0.0833,0.49681115,0.813653478,0.125,0.0666,3430
k1179,0.087,0.304252973,0.15207374,0.698921521,0.0,0.25,0.656893288,0.849577187,0.0,0.333333345,703
k3259,0.0,0.0686,0.141935491,0.55381151,0.0,0.125,0.584295238,0.0,0.0,0.0666,2724
k1597,0.0,0.0625,0.0,0.570230973,0.0,0.0,0.386594243,0.0,0.0,0.0666,1884
k553,0.0217,0.142348377,0.0591,0.633047878,0.0,0.0417,0.623633424,0.0,0.0,0.0123,1238
k1188,0.0,0.0625,0.736972723,0.419221097,0.0,0.0,0.55341952,0.0,0.0,0.0,1376
k1118,0.826086957,0.220292358,0.0887,0.630652291,0.0,0.333333333,0.984814463,0.0,0.0,0.898985339,575
k454,0.0,0.0,0.0,0.627945629,0.0,0.0833,0.584295238,0.0,0.0,0.0279,2762
k929,0.0,0.0,0.0591,0.532231335,0.0,0.0833,0.623633424,0.0,0.0,0.199918983,2696
k906,0.0,0.0,0.125237193,0.543081117,0.0,0.125,0.611300769,0.824455281,0.0,0.0789,255
k2229,0.0,0.0,0.0532,0.390797241,0.0,0.0833,0.646366212,0.0,0.0,0.0,1408
k2777,0.130434783,0.0,0.202764976,0.640691442,0.0,0.0833,0.656893288,0.0,0.0,0.0666,2489
k2241,0.0217,0.0,0.0968,0.614470706,0.0,0.0833,0.517375509,0.0,0.0,0.0,998
k1499,0.0,0.056,0.193548396,0.643139474,0.0,0.0833,0.517375509,0.0,0.0,0.0666,607
k706,0.087,0.0,0.15207374,0.768052302,0.0,0.0833,0.5694092,0.0,0.0,0.0,1291
k3147,0.0,0.0,0.0,0.506370718,0.0,0.166666667,0.635299093,0.0,0.0,0.0,1637
k1116,0.0,0.0,0.0,0.603220709,0.0,0.0833,0.49681115,0.0,0.0,0.0,936
k2316,0.0652,0.259921466,0.245657567,0.699792764,0.0,0.0833,0.702974583,0.810690698,0.0,0.0402,549
k3238,0.0,0.0,0.0,0.566193139,0.0,0.0833,0.448665187,0.777760632,0.0,0.0,2602
k2387,0.0,0.0625,0.266129032,0.452909968,0.0,0.0,0.299110125,0.708968582,0.0,0.0,410
k754,0.0,0.0,0.0968,0.623502069,0.0,0.0833,0.517375509,0.0,0.0,0.0666,3027
k2467,0.0,0.0551,0.266129032,0.658679097,0.0,0.0,0.299110125,0.0,0.0,0.0279,2069
k2217,0.0,0.0,0.106451613,0.689404514,0.1,0.0417,0.49681115,0.858743287,0.1875,0.0501,2212
k646,0.0,0.0,0.163771719,0.468220974,0.0,0.0,0.55341952,0.0,0.0,0.0,2481
k2625,0.0,0.0,0.118279569,0.475167669,0.0,0.0,0.623633424,0.0,0.0,0.0666,3267
k1619,0.0,0.0625,0.122828789,0.60323892,0.0,0.125,0.702974583,0.803623233,0.3125,0.0789,616
k1804,0.0,0.0,0.0,0.439357393,0.0,0.0,0.536149276,0.0,0.0,0.0,135
k2622,0.0435,0.230937937,0.354838717,0.633471776,0.0,0.0,0.584295238,0.811740016,0.0,0.0548,3343
k3224,0.0,0.124999999,0.107994384,0.537668184,0.0,0.0,0.913560733,0.833096722,0.0,0.0,2359
k3412,0.0,0.0625,0.245657567,0.734769117,0.0,0.0833,0.55341952,0.790537621,0.0,0.121486889,2538
k307,0.0217,0.0,0.228110605,0.71145939,0.0,0.0833,0.5694092,0.0,0.0,0.029,2750
k1274,0.0,0.142348377,0.0,0.497009014,0.0,0.0833,0.474078361,0.0,0.0,0.0,1699
k3187,0.130434783,0.0758,0.0887,0.776273152,0.0,0.125,0.685704338,0.874637368,0.0,0.0666,2408
k3318,0.0,0.0,0.163771719,0.757894114,0.0,0.125,0.55341952,0.84087402,0.0,0.121486889,720
k2493,0.0217,0.0758,0.212903226,0.631988075,0.2,0.125,0.584295238,0.810196901,0.3125,0.0666,1794
k1441,0.0,0.0,0.106451613,0.660209615,0.0,0.125,0.49681115,0.0,0.0,0.0666,3123
k2013,0.087,0.110146179,0.266129032,0.670541044,0.0,0.0417,0.646366212,0.0,0.0,0.0,430
k1643,0.0217,0.142348377,0.0,0.497009014,0.0,0.0833,0.474078361,0.0,0.0,0.0,65
k1534,0.0,0.0758,0.145161294,0.52194262,0.3,0.208333333,0.666930572,0.858465527,0.125,0.0666,2627
k990,0.0,0.304252973,0.0968,0.660209615,0.0,0.0833,0.666930572,0.0,0.0,0.333333345,1316
k16,0.0435,0.0,0.133064516,0.694168879,0.0,0.0417,0.59822025,0.0,0.0,0.0,1455
k2550,0.0,0.0802,0.0,0.627945629,0.0,0.0833,0.5694092,0.0,0.0,0.0,2441
k2764,0.0,0.0,0.236559137,0.802926227,0.0,0.0,0.474078361,0.0,0.0,0.0123,1754
k2274,0.0,0.152126484,0.0507,0.623321599,0.0,0.125,0.656893288,0.812573298,0.0,0.16666667,1588
k2912,0.0652,0.275845709,0.448217316,0.657725551,0.0,0.0,0.635299093,0.81893093,0.0,0.22151389,3414
k65,0.0,0.0,0.66532258,0.45432653,0.0,0.0,0.448665187,0.0,0.0,0.0,1158
k1448,0.0,0.0,0.193548396,0.743103455,0.0,0.0833,0.517375509,0.831553608,0.0,0.121486889,778
k391,0.0,0.0,0.071,0.690791219,0.0,0.0833,0.584295238,0.0,0.0,0.133279319,3315
k1225,0.0,0.0,0.0,0.51781076,0.0,0.0417,0.386594243,0.0,0.0,0.0,1411
k2063,0.0,0.056,0.177419358,0.570230973,0.0,0.0,0.536149276,0.0,0.0,0.0,1692
k724,0.0435,0.152126484,0.0444,0.548185984,0.0,0.0417,0.685704338,0.0,0.0,0.16666667,1967
k930,0.130434783,0.0,0.138849927,0.605422382,0.0,0.166666667,0.676521598,0.0,0.0,0.119819503,1343
k2815,0.0217,0.0758,0.266129032,0.602487925,0.2,0.0417,0.536149276,0.808746374,0.1875,0.0666,291
k1110,0.0435,0.110146179,0.15207374,0.68519297,0.0,0.125,0.656893288,0.0,0.0,0.0789,327
k1565,0.0,0.0625,0.283870982,0.589617877,0.0,0.0833,0.584295238,0.0,0.0,0.0243,2697
k1165,0.0,0.124999999,0.567741964,0.528218824,0.0,0.0,0.584295238,0.0,0.0,0.133279319,1049
k3129,0.0,0.0,0.0,0.71808399,0.0,0.0833,0.5694092,0.0,0.0,0.0673,2581
k180,0.0,0.0,0.0,0.544047285,0.0,0.0,0.49681115,0.0,0.0,0.133279319,1075
k3039,0.239130435,0.0,0.133064516,0.589924809,0.0,0.208333333,0.747775312,0.0,0.0,0.0,2968
k1877,0.0,0.0,0.0819,0.623502069,0.0,0.0417,0.55341952,0.0,0.0,0.0,1211
k2317,0.0,0.0,0.118279569,0.4957399,0.0,0.166666667,0.623633424,0.786741559,0.0,0.0,1314
k1084,0.0,0.0,0.193548396,0.530182697,0.0,0.125,0.517375509,0.799765447,0.0,0.0,347
k2811,0.0,0.0758,0.106451613,0.544047285,0.1,0.0833,0.49681115,0.812418986,0.125,0.0666,469
k1901,0.0,0.0,0.228110605,0.582179286,0.0,0.0833,0.5694092,0.0,0.0,0.133279319,2452
k941,0.0,0.0,0.0,0.749664745,0.0,0.0833,0.448665187,0.804549102,0.0,0.0,2643
k1409,0.0,0.0,0.15207374,0.75008536,0.0,0.0833,0.5694092,0.0,0.0,0.0666,220
k1361,0.0652,0.142348377,0.212903226,0.62770908,0.0,0.125,0.7338503,0.0,0.0,0.0789,603
k2526,0.0,0.0,0.0,0.679263951,0.0,0.208333333,0.517375509,0.81300537,0.0,0.0,1477
k559,0.0217,0.152126484,0.193548396,0.623502069,0.0,0.0833,0.517375509,0.0,0.0,0.16666667,184
k2319,0.173913043,0.110146179,0.338709668,0.550058762,0.0,0.125,0.666930572,0.0,0.0,0.0,701
k1077,0.0217,0.0,0.15207374,0.569692416,0.0,0.0,0.656893288,0.787821739,0.0625,0.200591376,568
k113,0.0,0.0,0.163771719,0.512279025,0.0,0.0833,0.702974583,0.0,0.0,0.133279319,295
k1614,0.0217,0.0625,0.0852,0.634076808,0.0,0.0417,0.694512174,0.822726992,0.1875,0.0666,3431
k353,0.0217,0.0551,0.0,0.597029308,0.0,0.125,0.59822025,0.0,0.0,0.0606,1446
k1199,0.0,0.0573,0.0,0.586195861,0.0,0.0,0.347256087,0.0,0.0,0.0,1027
k394,0.0,0.0,0.0,0.513751705,0.0,0.125,0.702974583,0.803900994,0.0,0.0,2416
k1229,0.0,0.0625,0.591397875,0.500483123,0.0,0.0,0.474078361,0.0,0.0,0.0666,2723
k692,0.0217,0.00701,0.141935491,0.660937358,0.0,0.0833,0.584295238,0.0,0.0,0.0666,1602
k1633,0.0,0.0,0.212903226,0.544047285,0.0,0.0833,0.49681115,0.0,0.0,0.0,1269
k895,0.0,0.0625,0.15207374,0.552515704,0.0,0.0417,0.5694092,0.0,0.0,0.0279,656
k244,0.0,0.142348377,0.0,0.506370718,0.0,0.0417,0.448665187,0.0,0.0,0.0,2468
k2272,0.0435,0.0551,0.193548396,0.688859156,0.0,0.125,0.517375509,0.0,0.0,0.0333,1520
k2118,0.0,0.135223993,0.076,0.576928378,0.0,0.0417,0.5694092,0.0,0.0,0.0279,1920
k1045,0.0,0.569393513,0.0,0.379444815,0.0,0.0,0.474078361,0.0,0.0,0.0,3386
k258,0.0,0.0,0.177419358,0.602487925,0.0,0.0833,0.536149276,0.829269798,0.0,0.121486889,732
k1092,0.0,0.0,0.399193548,0.426758286,0.0,0.25,0.747775312,0.800382692,0.0,0.0,1821
k2586,0.0,0.0,0.0,0.428736501,0.0,0.0,0.5694092,0.0,0.0,0.0,2695
k1312,0.0,0.0,0.193548396,0.484558683,0.0,0.0,0.75441466,0.0,0.0,0.199918983,3221
k2162,0.0,0.0551,0.177419358,0.614881317,0.0,0.0,0.536149276,0.0,0.0,0.133279319,3349
k1871,0.0,0.499999985,0.0,0.548914977,0.0,0.0833,0.646366212,0.0,0.0,0.0,2445
k1421,0.0,0.142348377,0.212903226,0.506370718,0.0,0.0,0.347256087,0.0,0.0,0.0,511
k3229,0.0435,0.0625,0.115082827,0.506158906,0.0,0.0833,0.779100159,0.761959138,0.0,0.0666,566
k3320,0.0,0.0,0.0,0.743103455,0.0,0.0833,0.536149276,0.0,0.0,0.0791,1513
k2231,0.0,0.0,0.177419358,0.632637697,0.0,0.166666667,0.536149276,0.772637492,0.0,0.0279,1919
k1679,0.0435,0.0551,0.0507,0.632435108,0.0,0.166666667,0.656893288,0.0,0.0,0.0946,1784
k1788,0.0,0.0,0.187855789,0.430564729,0.0,0.0,0.760855832,0.0,0.0,0.0666,2104
k3062,0.0435,0.0,0.0665,0.714781011,0.0,0.166666667,0.59822025,0.0,0.0,0.0993,1756
k3210,0.0435,0.214135001,0.370266483,0.760770304,0.1,0.166666667,0.676521598,0.829763595,0.25,0.199918983,479
k1746,0.0,0.0,0.168081487,0.559449815,0.0,0.166666667,0.635299093,0.0,0.0,0.0,2810
k1841,0.0,0.0,0.0665,0.732509098,0.0,0.125,0.59822025,0.0,0.0,0.133279319,2600
k980,0.087,0.0802,0.0939,0.54392559,0.0,0.125,0.760855832,0.0,0.0,0.0666,28
k3116,0.0,0.0515,0.887096749,0.409833092,0.0,0.0,0.536149276,0.0,0.0,0.0,545
k385,0.0,0.161617284,0.580645176,0.558967884,0.0,0.0,0.517375509,0.0,0.0,0.0666,1679
k554,0.0435,0.0758,0.190092167,0.670509428,0.3,0.166666667,0.718964262,0.8419542,0.1875,0.133279319,3406
k2963,0.0435,0.0,0.0926,0.578295074,0.0,0.25,0.676521598,0.0,0.0,0.145577573,1465
k1926,0.0,0.0,0.0,0.358867488,0.0,0.0,0.149555062,0.0,0.0,0.0971,3276
k526,0.0435,0.138317505,0.338709668,0.713342642,0.3,0.166666667,0.666930572,0.837047096,0.125,0.133279319,940
k2643,0.0,0.0,0.141935491,0.467557987,0.0,0.0833,0.584295238,0.0,0.0,0.0666,3319
k2611,0.0,0.0,0.0687,0.492576787,0.0,0.0,0.740925167,0.0,0.0,0.199918983,2460
k1731,0.0652,0.352719265,0.290322588,0.648504222,0.0,0.0,0.666930572,0.788716746,0.125,0.0,3314
k2648,0.0652,0.0,0.133064516,0.759335648,0.0,0.166666667,0.685704338,0.0,0.0,0.0,2310
k1254,0.0,0.0,0.491315135,0.473370275,0.0,0.0,0.55341952,0.0,0.0,0.0666,2168
k308,0.0,0.0,0.0,0.662259503,0.0,0.5,0.75441466,0.851860996,0.0,0.0789,2141
k728,0.0,0.0,0.0,0.497009014,0.0,0.0833,0.448665187,0.771310413,0.0,0.0,1516
k1932,0.0,0.0,0.76036868,0.44680634,0.0,0.0,0.419854137,0.0,0.0,0.0,193
k2714,0.0,0.0,0.193548396,0.472407468,0.0,0.0833,0.517375509,0.0,0.0,0.0,2418
k2651,0.0,0.124999999,0.532258064,0.452909968,0.0,0.0,0.299110125,0.0,0.0,0.0,2868
k3,0.152173913,0.151635011,0.0591,0.643093282,0.0,0.125,0.773188486,0.866613172,0.375,0.199918983,508
k1417,0.0435,0.117573089,0.295698938,0.514667461,0.0,0.125,0.623633424,0.775723721,0.125,0.0,3292
k1488,0.0217,0.0758,0.236559137,0.601736578,0.2,0.291666667,0.711117512,0.846583544,0.125,0.0666,94
k2539,0.130434783,0.110146179,0.170322581,0.572884838,0.0,0.208333333,0.694512174,0.0,0.0,0.0673,3273
k1309,0.0435,0.180073089,0.123422161,0.551963234,0.0,0.0,0.913560733,0.823035615,0.5625,0.0,278
k3146,0.0,0.0,0.118279569,0.483176394,0.0,0.0417,0.474078361,0.749027838,0.0625,0.0,1557
k2715,0.0,0.0,0.0,0.516704022,0.0,0.0,0.59822025,0.0,0.0,0.0558,3220
k727,0.0,0.0,0.0,0.560939183,0.0,0.0,0.299110125,0.0,0.0,0.0666,2987
k1124,0.0,0.0,0.0343,0.577963287,0.0,0.25,0.740925167,0.0,0.0,0.145577573,1660
k2599,0.108695652,0.165219257,0.191066998,0.538793875,0.0,0.333333333,0.790458671,0.0,0.0625,0.0,1610
k2995,0.0,0.0,0.247561901,0.435827713,0.0,0.0,0.811525371,0.0,0.0,0.133279319,1312
k1270,0.0,0.0,0.0,0.549522667,0.0,0.208333333,0.685704338,0.818838343,0.0,0.0,3203
k3297,0.0,0.124999999,0.425806462,0.552508944,0.0,0.0,0.347256087,0.743071415,0.0,0.0,2189
k1698,0.0,0.0625,0.071,0.760486546,0.0,0.125,0.584295238,0.0,0.0,0.0673,789
k3008,0.0,0.276635013,0.230165653,0.594771008,0.4,0.25,0.779100159,0.851922721,0.3125,0.266558642,2271
k675,0.0,0.0,0.0734,0.583995399,0.4,0.0417,0.726535682,0.916733535,0.1875,0.0,2691
k3002,0.173913043,0.0,0.193548396,0.614182884,0.0,0.166666667,0.666930572,0.0,0.0,0.0946,1026
k2836,0.0,0.0,0.0,0.547929543,0.0,0.125,0.474078361,0.786155176,0.0,0.0,2232
k2854,0.0,0.0625,0.354838717,0.500483123,0.0,0.0,0.474078361,0.0,0.0,0.0666,1527
k2265,0.130434783,0.0,0.0409,0.565920792,0.0,0.125,0.702974583,0.0,0.0,0.0946,3082
k2067,0.217391304,0.249999999,0.371342826,0.648124523,0.0,0.25,0.811525371,0.0,0.0,0.266558642,3191
k1648,0.0,0.0,0.0,0.457322499,0.0,0.0833,0.623633424,0.0,0.0,0.0,31
k2882,0.0,0.0,0.228110605,0.570753352,0.0,0.166666667,0.5694092,0.832942411,0.0,0.0666,254
k2158,0.0,0.0,0.228110605,0.612279076,0.0,0.0833,0.5694092,0.762638109,0.0,0.0666,2553
k209,0.0,0.151635011,0.177419358,0.598112442,0.2,0.0833,0.536149276,0.831707919,0.25,0.133279319,1335
k1111,0.0,0.165219257,0.532258064,0.545401866,0.0,0.0,0.536149276,0.747608172,0.1875,0.0,1046
k330,0.0,0.0,0.212903226,0.579640706,0.0,0.0833,0.49681115,0.0,0.0,0.0,1385
k528,0.0,0.138317505,0.245657567,0.644708095,0.2,0.125,0.55341952,0.819085242,0.125,0.0666,2396
k1386,0.0,0.0573,0.30414748,0.628675599,0.0,0.0,0.419854137,0.0,0.0,0.0,201
k1753,0.0,0.249999999,0.76036868,0.528640885,0.0,0.0,0.419854137,0.737114993,0.0,0.0,3222
k367,0.087,0.0,0.106451613,0.666434155,0.3,0.166666667,0.7338503,0.852509104,0.25,0.0501,595
k2055,0.0,0.198312569,0.0,0.749664745,0.0,0.0,0.237039181,0.0,0.0,0.0,3071
k110,0.0,0.0,0.0,0.675061864,0.0,0.125,0.474078361,0.0,0.0,0.0,512
k1644,0.0,0.0625,0.354838717,0.506262936,0.0,0.0,0.237039181,0.718505031,0.0,0.0,222
k1909,0.0,0.0,0.0,0.694000797,0.0,0.166666667,0.49681115,0.802327017,0.0,0.0,933
k933,0.0,0.151635011,0.0,0.584157854,0.0,0.416666667,0.83970829,0.890346275,0.0,0.266558642,1210
k183,0.0,0.0,0.0,0.386381013,0.0,0.0833,0.656893288,0.0,0.0,0.0,1994
k1979,0.087,0.0551,0.224108663,0.621978312,0.0,0.125,0.635299093,0.819918524,0.0625,0.0666,2040
k771,0.0,0.127288613,0.456221199,0.674478404,0.2,0.0,0.5694092,0.824547867,0.125,0.133279319,3264
k1638,0.0,0.0,0.0,0.588471513,0.0,0.0,0.517375509,0.0,0.0,0.0279,3372
k2675,0.0217,0.152126484,0.33266129,0.629614568,0.0,0.0833,0.59822025,0.0,0.0,0.233306334,3318
k440,0.0,0.0802,0.0,0.683504062,0.0,0.0,0.536149276,0.0,0.0,0.0,1069
k2096,0.0217,0.0621,0.228110605,0.576928378,0.0,0.0833,0.5694092,0.0,0.0,0.0,2482
k2822,0.260869565,0.0,0.174193544,0.701573823,0.6,0.5,0.864631611,0.893278193,0.5,0.100290462,1308
k2939,0.0652,0.296590124,0.141935491,0.642009093,0.3,0.25,0.7338503,0.890500586,0.125,0.233306334,2674
k2951,0.0,0.0,0.532258064,0.439357393,0.0,0.0,0.49681115,0.0,0.0,0.0,2151
k925,0.0,0.0625,0.245657567,0.548721337,0.0,0.0833,0.55341952,0.790352447,0.0,0.0666,567
k556,0.0,0.0,0.0591,0.919661037,0.0,0.166666667,0.623633424,0.0,0.0,0.0,151
k1173,0.0435,0.110146179,0.071,0.683527939,0.0,0.125,0.584295238,0.0,0.0,0.0279,2163
k1064,0.0,0.0,0.0,0.390797241,0.0,0.0,0.386594243,0.0,0.0,0.0,1752
k2019,0.0,0.0,0.827957002,0.358867488,0.0,0.0,0.474078361,0.0,0.0,0.0,1298
k2209,0.0435,0.0,0.0926,0.545966177,0.0,0.208333333,0.676521598,0.830596877,0.0,0.0,2166
k2883,0.0,0.0,0.212903226,0.344406056,0.0,0.0,0.347256087,0.0,0.0,0.0,1698
k763,0.0,0.0,0.851612913,0.350958889,0.0,0.0,0.49681115,0.0,0.0,0.0,120
k1214,0.0,0.0,0.0,0.713691624,0.0,0.0,0.448665187,0.827510647,0.0,0.188126538,354
k797,0.173913043,0.0758,0.193548396,0.797776262,0.3,0.166666667,0.75441466,0.896734769,0.5,0.23356978,428
k1014,0.0435,0.152126484,0.0463,0.753337614,0.0,0.375,0.676521598,0.0,0.0,0.16666667,2304
k766,0.0,0.0,0.0,0.446894739,0.0,0.166666667,0.694512174,0.0,0.0,0.0666,2235
k2887,0.0,0.0,0.141935491,0.513632786,0.0,0.0833,0.584295238,0.0,0.0,0.051,3003
k1878,0.0,0.0758,0.177419358,0.627945629,0.2,0.0833,0.536149276,0.81192519,0.125,0.0666,1790
k550,0.0,0.0758,0.212903226,0.652311095,0.0,0.0,0.347256087,0.787636566,0.1875,0.0666,525
k1139,0.0,0.0,0.0819,0.579793235,0.0,0.0,0.55341952,0.793839886,0.0,0.0666,1274
k94,0.0,0.142348377,0.0,0.497009014,0.0,0.0833,0.474078361,0.0,0.0,0.0,2624
k421,0.0,0.0758,0.0887,0.61415416,0.1,0.166666667,0.536149276,0.833713968,0.3125,0.0666,2601
k734,0.0,0.0,0.0,0.71808399,0.0,0.0833,0.5694092,0.0,0.0,0.0666,500
k3425,0.0,0.0625,0.199596774,0.536390003,0.0,0.0417,0.59822025,0.0,0.0,0.0666,667
k1682,0.0435,0.0,0.177419358,0.683895171,0.0,0.0833,0.536149276,0.0,0.0,0.0,456
k1947,0.0435,0.0,0.106451613,0.833314699,0.0,0.208333333,0.646366212,0.0,0.0,0.0,1670
k593,0.0,0.214626483,0.354838717,0.67389381,0.0,0.0,0.386594243,0.756157027,0.0625,0.16666667,2240
k2182,0.0,0.0,0.266129032,0.513016889,0.0,0.0,0.448665187,0.0,0.0,0.0666,2616
k3255,0.0,0.142348377,0.0,0.570230973,0.0,0.0,0.149555062,0.0,0.0,0.0,2728
k2616,0.0,0.284696756,0.0,0.538824788,0.0,0.0833,0.49681115,0.0,0.0,0.0,2945
k1760,0.0,0.0,0.118279569,0.493941685,0.0,0.0417,0.474078361,0.0,0.0,0.0666,901
k1406,0.0,0.0,0.0,0.531861015,0.0,0.125,0.517375509,0.0,0.0,0.0,657
k2000,0.0217,0.0625,0.15967743,0.735564624,0.0,0.125,0.646366212,0.784179989,0.0,0.0673,1506
k910,0.0217,0.0625,0.125237193,0.508162719,0.0,0.125,0.611300769,0.0,0.0,0.000672,1664
k3419,0.0,0.0,0.118279569,0.500483123,0.0,0.0,0.474078361,0.0,0.0,0.0666,1092
k2375,0.0,0.0,0.0,0.50640929,0.0,0.0417,0.419854137,0.0,0.0,0.0279,3310
k903,0.0217,0.152126484,0.33266129,0.629614568,0.0,0.0833,0.59822025,0.0,0.0,0.233306334,3353
k1472,0.0,0.0,0.0,0.546806469,0.0,0.416666667,0.821334448,0.885007098,0.0,0.133279319,688
k626,0.0,0.0,0.0,0.630876062,0.0,0.0833,0.448665187,0.774890439,0.0,0.0,1354
k2286,0.0217,0.0,0.896434642,0.443358141,0.0,0.0,0.635299093,0.0,0.0,0.0666,1483
k1360,0.0,0.0,0.212903226,0.544047285,0.0,0.0833,0.49681115,0.0,0.0,0.0,3425
k2216,0.0,0.0,0.0,0.679263951,0.0,0.125,0.474078361,0.791617801,0.0,0.0,532
k3364,0.0,0.0,0.177419358,0.536390003,0.0,0.166666667,0.623633424,0.831677057,0.0,0.0666,987
k1308,0.0,0.0,0.0,0.679263951,0.0,0.208333333,0.517375509,0.82229492,0.0,0.0,690
k1887,0.0217,0.0,0.0,0.609805408,0.0,0.0833,0.646366212,0.799919758,0.0,0.0279,367
k605,0.0,0.187499999,0.370266483,0.581649991,0.0,0.0,0.676521598,0.797327325,0.5625,0.0,1959
k1530,0.0217,0.0,0.0,0.582179286,0.0,0.0833,0.623633424,0.793716437,0.0,0.0279,2648
k2921,0.0,0.0,0.118279569,0.558634221,0.0,0.0833,0.474078361,0.794055922,0.0,0.0666,15
k3268,0.0,0.0,0.456221199,0.528218824,0.0,0.0,0.419854137,0.0,0.0,0.133279319,413
k1622,0.0,0.0,0.0,0.751084159,0.0,0.0,0.299110125,0.0,0.0,0.0,2370
k43,0.0,0.124999999,0.76036868,0.506262936,0.0,0.0,0.419854137,0.0,0.0,0.0666,3100
k129,0.0,0.0,0.0,0.50640929,0.0,0.0417,0.419854137,0.0,0.0,0.0279,108
k2783,0.0,0.0625,0.30414748,0.553083181,0.0,0.0,0.419854137,0.771989383,0.0625,0.0666,2999
k1787,0.0,0.0,0.212903226,0.544047285,0.0,0.0833,0.49681115,0.0,0.0,0.0,865
k2028,0.0435,0.152126484,0.133064516,0.676333362,0.0,0.125,0.59822025,0.0,0.0,0.0,3170
k789,0.0652,0.152126484,0.212903226,0.714824116,0.0,0.166666667,0.646366212,0.0,0.0,0.167339068,1748
k688,0.0,0.0,0.118279569,0.603220709,0.0,0.0833,0.474078361,0.752854762,0.0,0.0,1232
k1410,0.0,0.0,0.0,0.570230973,0.0,0.0,0.347256087,0.0,0.0,0.0789,2109
k2479,0.0,0.0625,0.483870984,0.586195861,0.0,0.0,0.517375509,0.774921301,0.0,0.0666,750
k1906,0.0,0.207199573,0.425806462,0.652311095,0.0,0.0,0.347256087,0.0,0.0,0.16666667,1918
k2948,0.0,0.187499999,0.2817837,0.540497478,0.0,0.125,0.760855832,0.0,0.0,0.199918983,2265
k514,0.0,0.0,0.0819,0.857513489,0.1,0.166666667,0.55341952,0.847169928,0.25,0.0828,249
k2226,0.0,0.124999999,0.354838717,0.554371053,0.0,0.0833,0.623633424,0.0,0.0,0.133279319,1189
k1671,0.0,0.0,0.266129032,0.481055576,0.0,0.0,0.536149276,0.0,0.0,0.0666,3303
k2761,0.0,0.0625,0.399193548,0.494230563,0.0,0.0,0.448665187,0.0,0.0,0.0666,2703
k124,0.0652,0.45637943,0.15207374,0.697244493,0.0,0.25,0.656893288,0.0,0.0,0.499999975,167
k161,0.0,0.0,0.425806462,0.468250284,0.0,0.0,0.347256087,0.0,0.0,0.0666,638
k41,0.0217,0.00701,0.212903226,0.562135374,0.0,0.0833,0.584295238,0.0,0.0,0.0,495
k3305,0.0,0.0,0.118279569,0.603857395,0.0,0.0,0.474078361,0.0,0.0,0.0666,792
k769,0.0652,0.0551,0.15967743,0.714768075,0.0,0.166666667,0.646366212,0.815813839,0.0,0.0,2631
k2099,0.0,0.0,0.106451613,0.660209615,0.0,0.0833,0.49681115,0.0,0.0,0.0666,450
k1456,0.0,0.185963672,0.39219015,0.643837477,0.1,0.0833,0.635299093,0.834979322,0.125,0.0666,439
k1443,0.0,0.0,0.106451613,0.579640706,0.0,0.0417,0.49681115,0.0,0.0,0.0666,2539
k2717,0.0435,0.110146179,0.177419358,0.553827494,0.0,0.125,0.623633424,0.0,0.0,0.0789,2863
k2487,0.087,0.0,0.177419358,0.670906478,0.0,0.125,0.536149276,0.0,0.0,0.0333,21
k2132,0.0,0.0,0.0968,0.76297737,0.1,0.0833,0.517375509,0.864761434,0.1875,0.0501,909
k3427,0.0,0.151635011,0.354838717,0.610143174,0.2,0.0,0.474078361,0.812542436,0.25,0.133279319,1320
k561,0.0435,0.0,0.125237193,0.578947589,0.0,0.0833,0.611300769,0.0,0.0,0.00134,774
k2747,0.0,0.0758,0.118279569,0.610740507,0.0,0.0417,0.474078361,0.787358805,0.0625,0.0,2436
k2796,0.0,0.0,0.15207374,0.486480272,0.0,0.166666667,0.656893288,0.792975742,0.0,0.0,2563
k863,0.0,0.249999999,0.39219015,0.5399343,0.0,0.166666667,0.784854155,0.817233504,0.0,0.133279319,3179
k866,0.0,0.0,0.0323,0.442633329,0.0,0.0,0.75441466,0.0,0.0,0.133279319,2181
k524,0.0,0.127288613,0.44354838,0.960920315,0.1,0.0,0.536149276,0.828343929,0.1875,0.0666,67
k310,0.0,0.227452507,0.44354838,0.61555044,0.0,0.0,0.536149276,0.840225912,0.4375,0.199918983,1727
k2598,0.0,0.110146179,0.532258064,0.552423945,0.0,0.0,0.448665187,0.734615147,0.1875,0.0,1595
k1140,0.0,0.0,0.0968,0.563203892,0.0,0.0,0.517375509,0.782451701,0.0,0.0666,1833
k92,0.0,0.0,0.0,0.697244493,0.0,0.0833,0.584295238,0.0,0.0,0.0666,2492
k2993,0.0,0.352719265,0.354838717,0.699499314,0.0,0.125,0.623633424,0.786155176,0.0,0.0,706
k837,0.0217,0.0686,0.118279569,0.605301782,0.0,0.208333333,0.711117512,0.876921178,0.0,0.0,1182
k3323,0.0,0.200817517,0.532258064,0.569221505,0.1,0.0,0.386594243,0.797605086,0.125,0.0666,3366
k1068,0.195652174,0.0625,0.15207374,0.637230659,0.0,0.166666667,0.656893288,0.773933708,0.0,0.0,980
k1218,0.0435,0.152126484,0.0484,0.638055007,0.0,0.125,0.666930572,0.820597494,0.0,0.233306334,2214
k801,0.304347826,0.0,0.190092167,0.521284205,0.0,0.25,0.718964262,0.835411394,0.0,0.0,1625
k775,0.0,0.0758,0.212903226,0.525884592,0.2,0.125,0.646366212,0.823807172,0.125,0.133279319,694
k2266,0.0,0.0,0.0,0.462299927,0.0,0.125,0.536149276,0.0,0.0,0.0,3218
k3334,0.0435,0.142348377,0.15207374,0.735569783,0.0,0.0833,0.5694092,0.0,0.0,0.0666,3275
k2983,0.0,0.0,0.0,0.721583423,0.0,0.125,0.474078361,0.0,0.0,0.0,2955
k321,0.0,0.0758,0.0,0.586195861,0.0,0.0,0.237039181,0.770261095,0.125,0.0666,1459
k1975,0.0,0.0,0.0,0.679263951,0.0,0.125,0.474078361,0.785599654,0.0,0.0,615
k2906,0.0,0.0,0.0,0.387309786,0.0,0.333333333,0.635299093,0.0,0.0,0.0,2524
k1155,0.0,0.0551,0.425806462,0.538682264,0.0,0.0,0.347256087,0.725479909,0.125,0.0,342
k2258,0.0,0.187499999,0.295698938,0.611459965,0.0,0.0,0.623633424,0.772051108,0.5,0.0,3433
k2137,0.0,0.151635011,0.177419358,0.598112442,0.2,0.0833,0.536149276,0.826800815,0.25,0.133279319,1329
k1713,0.0,0.0,0.0,0.367461167,0.0,0.0,0.517375509,0.0,0.0,0.0,412
k3310,0.0,0.110146179,0.283870982,0.660079284,0.0,0.0833,0.584295238,0.0,0.0,0.0,52
k1895,0.173913043,0.0551,0.103017687,0.606381985,0.0,0.0417,0.740925167,0.0,0.0,0.266558642,2377
k684,0.0,0.0,0.0,0.483176394,0.0,0.0417,0.536149276,0.791124005,0.0,0.0,335
k2336,0.0,0.0,0.0,0.500210659,0.0,0.208333333,0.635299093,0.0,0.0,0.133279319,1307
k849,0.0,0.0,0.106451613,0.544680806,0.4,0.0,0.646366212,0.866150238,0.1875,0.0501,442
k2113,0.0,0.0,0.15207374,0.691087599,0.0,0.166666667,0.5694092,0.0,0.0,0.0666,302
k1934,0.0,0.0,0.387096781,0.568092922,0.0,0.0,0.517375509,0.0,0.0,0.133279319,3013
k3169,0.0,0.0,0.0,0.663669812,0.0,0.0,0.676521598,0.0,0.0,0.0,725
k1072,0.0652,0.0,0.071,0.570753352,0.0,0.125,0.584295238,0.0,0.0,0.0613,2278
k2658,0.0,0.0,0.177419358,0.561398057,0.0,0.125,0.536149276,0.807326708,0.0,0.0666,614
k2613,0.0435,0.117573089,0.473118285,0.524376935,0.0,0.0833,0.623633424,0.77692735,0.0,0.0,1205
k2537,0.0,0.0515,0.638709698,0.594652987,0.0,0.0,0.347256087,0.0,0.0,0.0,1791
k2476,0.0,0.0,0.0,0.594765302,0.0,0.0,0.386594243,0.0,0.0,0.0789,1787
k1608,0.0217,0.0,0.0591,0.535902328,0.0,0.125,0.623633424,0.0,0.0,0.0,1978
k3070,0.0435,0.00701,0.106451613,0.63679367,0.0,0.166666667,0.646366212,0.810474662,0.0625,0.0,288
k788,0.0,0.0,0.0426,0.497502591,0.0,0.0,0.694512174,0.81380779,0.0,0.133279319,2894
k1396,0.0,0.0,0.0,0.605264813,0.0,0.0,0.149555062,0.0,0.0,0.0,3122
k2931,0.0,0.0,0.0,0.700496746,0.0,0.0,0.149555062,0.0,0.0,0.0666,556
k1840,0.0,0.0,0.0,0.45104778,0.0,0.0,0.536149276,0.0,0.0,0.0666,1172
k390,0.0,0.750000007,0.0,0.517232497,0.0,0.0,0.760855832,0.0,0.0,0.0,2937
k1434,0.0,0.0,0.0,0.755377692,0.0,0.0,0.517375509,0.867353867,0.125,0.13462411,1008
k2994,0.0435,0.0758,0.283870982,0.656948178,0.1,0.0833,0.584295238,0.82457873,0.1875,0.133279319,2733
k1389,0.0435,0.117573089,0.109582546,0.546701892,0.0,0.0,0.910410894,0.832109129,0.0,0.0,73
k3038,0.0,0.0,0.0626,0.54392559,0.0,0.0833,0.611300769,0.0,0.0,0.0,2053
k2220,0.0,0.0,0.056,0.436868171,0.0,0.166666667,0.635299093,0.0,0.0,0.0666,2050
k2225,0.0652,0.138317505,0.0819,0.687164347,0.3,0.208333333,0.702974583,0.866242825,0.1875,0.133279319,2558
k1196,0.0,0.151635011,0.532258064,0.594867613,0.0,0.0,0.448665187,0.797142152,0.25,0.133279319,651
k2432,0.087,0.0,0.245657567,0.716693729,0.0,0.0,0.55341952,0.0,0.0,0.0,2946
k2230,0.0,0.0,0.0,0.58456397,0.0,0.0417,0.517375509,0.0,0.0,0.0327,1732
k2697,0.0217,0.172646179,0.241935487,0.575784085,0.0,0.0,0.666930572,0.777390285,0.0,0.0666,1135
k1692,0.0,0.0,0.0,0.569221505,0.0,0.0833,0.536149276,0.0,0.0,0.133279319,1597
k580,0.0,0.0,0.0,0.604242761,0.0,0.125,0.474078361,0.0,0.0,0.0653,2274
k3015,0.0,0.0,0.0,0.583543677,0.0,0.0417,0.536149276,0.800722178,0.0,0.0,884
k992,0.0,0.124999999,0.354838717,0.535763712,0.0,0.0,0.237039181,0.724399728,0.0,0.0,1102
k893,0.0,0.0,0.0819,0.496281506,0.0,0.125,0.55341952,0.790290723,0.0,0.0,11
k2176,0.0217,0.0551,0.66532258,0.417250228,0.0,0.0,0.448665187,0.0,0.0625,0.0,582
k1921,0.0,0.0686,0.0,0.588243951,0.0,0.125,0.517375509,0.794271959,0.0,0.0,1193
k2002,0.0435,0.0,0.212903226,0.56511278,0.0,0.0833,0.694512174,0.0,0.0,0.133279319,1216
k282,0.0,0.110146179,0.798387096,0.417250228,0.0,0.0,0.448665187,0.0,0.0,0.0,2503
k73,0.0,0.0,0.118279569,0.497009014,0.0,0.0833,0.474078361,0.0,0.0,0.0,1230
k2587,0.0,0.0758,0.425806462,0.597696399,0.1,0.0,0.49681115,0.818005061,0.125,0.199918983,2619
k2065,0.0217,0.152126484,0.212903226,0.596548393,0.0,0.125,0.646366212,0.0,0.0,0.233306334,3351
k2017,0.0,0.190297083,0.354838717,0.603841216,0.0,0.0,0.386594243,0.0,0.0,0.0,3225
k2035,0.087,0.110146179,0.0912,0.749664745,0.0,0.5,0.76711024,0.0,0.0,0.266558642,766
k1424,0.0,0.072,0.199596774,0.591785434,0.0,0.0833,0.59822025,0.0,0.0,0.0,2061
k560,0.0,0.00701,0.0665,0.807295301,0.0,0.166666667,0.59822025,0.0,0.0,0.0666,2589
k1943,0.108695652,0.185963672,0.418202751,0.630060585,0.3,0.0417,0.718964262,0.845009567,0.1875,0.266558642,562
k3402,0.0,0.0,0.952461786,0.35451788,0.0,0.0,0.635299093,0.0,0.0,0.0,374
k428,0.0,0.0,0.39219015,0.47612266,0.0,0.0,0.635299093,0.0,0.0,0.0,2008
k39,0.0,0.0,0.0,0.436629433,0.0,0.0417,0.711117512,0.82781927,0.0,0.0,2117
k122,0.0,0.0,0.0,0.617459953,0.0,0.0833,0.55341952,0.785044133,0.0,0.0279,678
k1978,0.0,0.0,0.106451613,0.581608175,0.0,0.125,0.646366212,0.0,0.0,0.0789,86
k2363,0.0,0.0,0.0,0.570230973,0.0,0.166666667,0.49681115,0.0,0.0,0.0,3338
k2903,0.0435,0.235146178,0.736972723,0.536450108,0.0,0.0,0.55341952,0.736497747,0.25,0.0,2767
k1476,0.0435,0.127288613,0.380184345,0.652153252,0.1,0.0417,0.5694092,0.809301895,0.1875,0.0666,2977
k2773,0.0,0.0,0.0,0.4518504,0.0,0.208333333,0.666930572,0.0,0.0,0.000672,1620
k2357,0.0,0.0,0.038,0.506821073,0.0,0.0,0.718964262,0.784426887,0.0,0.0666,736
k913,0.0,0.0,0.133064516,0.622021339,0.0,0.0417,0.448665187,0.0,0.0,0.0279,1055
k379,0.0,0.0,0.0,0.497009014,0.0,0.0833,0.448665187,0.769952472,0.0,0.0,287
k2642,0.0,0.227943989,0.228110605,0.671014807,0.2,0.0833,0.5694092,0.827387198,0.125,0.233306334,2797
k1779,0.130434783,0.352719265,0.399193548,0.743940816,0.0,0.25,0.747775312,0.782235664,0.0,0.199918983,3426
k2884,0.0,0.142348377,0.0,0.719993503,0.0,0.0,0.299110125,0.0,0.0,0.0,941
k2696,0.0,0.0,0.900744431,0.358867488,0.0,0.0,0.55341952,0.0,0.0,0.0,2004
k3188,0.0217,0.0,0.0,0.609805408,0.0,0.0833,0.646366212,0.803468922,0.0,0.0279,2756
k465,0.0,0.0,0.0,0.513632786,0.0,0.0417,0.419854137,0.767452626,0.0,0.0,1990
k1216,0.0435,0.117573089,0.290322588,0.509970781,0.0,0.0833,0.666930572,0.78097031,0.0,0.0,2829
k2737,0.0,0.0,0.212903226,0.560939183,0.0,0.125,0.584295238,0.0,0.0,0.0,3262
k3125,0.0,0.0,0.118279569,0.476475901,0.0,0.0417,0.474078361,0.0,0.0,0.0,2435
k1774,0.0,0.0625,0.620967717,0.586466058,0.2,0.0,0.536149276,0.866150238,0.1875,0.0,1178
k3252,0.0,0.0,0.0,0.566193139,0.0,0.0833,0.448665187,0.782266527,0.0,0.0,2794
k2891,0.0,0.0625,0.751423168,0.446742172,0.0,0.0,0.611300769,0.0,0.0,0.0666,1525
k1632,0.0,0.0,0.266129032,0.658679097,0.0,0.0,0.299110125,0.0,0.0,0.0666,2375
k2618,0.0435,0.138317505,0.106451613,0.633047878,0.3,0.0833,0.646366212,0.780106166,0.25,0.0673,935
k596,0.0,0.0625,0.30414748,0.577292328,0.0,0.0,0.419854137,0.0,0.0,0.133279319,2000
k3279,0.152173913,0.138317505,0.206035372,0.694168879,0.0,0.125,0.740925167,0.879451886,0.0625,0.106850289,1045
k683,0.0,0.0625,0.212903226,0.586680606,0.0,0.166666667,0.584295238,0.836645886,0.0,0.0666,1650
k2723,0.0,0.0,0.212903226,0.493893148,0.0,0.0,0.347256087,0.0,0.0,0.0666,3247
k1582,0.0,0.0758,0.212903226,0.586195861,0.0,0.0,0.347256087,0.767792112,0.1875,0.0666,625
k3317,0.130434783,0.110146179,0.342165897,0.609741473,0.0,0.208333333,0.718964262,0.0,0.0,0.133951716,2016
k341,0.0,0.0,0.0819,0.664442731,0.0,0.0417,0.55341952,0.0,0.0,0.0279,1851
k446,0.0435,0.117573089,0.319354849,0.533813946,0.0,0.0417,0.646366212,0.780661688,0.125,0.0,409
k2091,0.0,0.0758,0.163771719,0.597478178,0.1,0.125,0.702974583,0.824393556,0.4375,0.133279319,219
k2392,0.0,0.202866166,0.473118285,0.768149572,0.0,0.0,0.474078361,0.831923955,0.125,0.0666,2688
k191,0.0,0.0,0.076,0.504331655,0.0,0.125,0.718964262,0.805474971,0.0,0.0,1286
k2085,0.087,0.384403859,0.177419358,0.710053458,0.0,0.25,0.685704338,0.0,0.0,0.333333345,2342
k2294,0.0435,0.0,0.0,0.449440939,0.0,0.25,0.646366212,0.0,0.0,0.0,1285
k2535,0.0,0.00951,0.220244725,0.545835651,0.0,0.25,0.726535682,0.0,0.0,0.0,352
k1504,0.0,0.124999999,0.456221199,0.548708792,0.0,0.0,0.5694092,0.0,0.0,0.133279319,177
k1658,0.0,0.0,0.0,0.387309786,0.0,0.0,0.517375509,0.0,0.0,0.0,206
k26,0.0435,0.0625,0.118279569,0.762427714,0.0,0.125,0.623633424,0.778995124,0.0,0.0,1098
k1836,0.0,0.0,0.193548396,0.462299927,0.0,0.0833,0.517375509,0.777976668,0.0625,0.0,2347
k2755,0.130434783,0.0551,0.30414748,0.637743815,0.0,0.125,0.5694092,0.0,0.0,0.00134,2818
k221,0.0,0.0,0.436724576,0.382930012,0.0,0.0,0.790458671,0.0,0.0,0.0,50
k1088,0.0,0.0,0.0,0.58456397,0.0,0.0417,0.517375509,0.0,0.0,0.019,150
k3069,0.0217,0.0,0.193548396,0.54392559,0.0,0.0417,0.517375509,0.766372446,0.125,0.0,1795
k3170,0.0435,0.0,0.591397875,0.631993195,0.0,0.0,0.474078361,0.0,0.0,0.133279319,1971
k1894,0.0,0.0,0.0,0.769430488,0.0,0.125,0.536149276,0.0,0.0,0.0,692
k1005,0.0435,0.0,0.250474386,0.497009014,0.0,0.0833,0.611300769,0.0,0.0,0.051,714
k1491,0.0,0.127288613,0.44354838,0.882760867,0.1,0.0,0.536149276,0.836368125,0.1875,0.0666,1951
k2896,0.0,0.0,0.0626,0.720354014,0.0,0.0833,0.611300769,0.0,0.0,0.0,3049
k681,0.0,0.0625,0.0887,0.486269554,0.0,0.125,0.685704338,0.0,0.0,0.0666,3184
k949,0.217391304,0.0625,0.287707051,0.649313524,0.0,0.208333333,0.779100159,0.0,0.0,0.232588761,2277
k2559,0.0,0.0625,0.0687,0.561350419,0.0,0.0,0.740925167,0.797512499,0.1875,0.133279319,1613
k2958,0.0,0.0625,0.236559137,0.483176394,0.0,0.0417,0.474078361,0.731590643,0.0,0.0,3030
k1778,0.0,0.0625,0.560271668,0.42154591,0.0,0.0,0.784854155,0.0,0.0,0.0666,3018
k940,0.108695652,0.0,0.118279569,0.6263366,0.0,0.25,0.623633424,0.0,0.0,0.0653,2462
k1460,0.0,0.0758,0.084,0.555067063,0.1,0.125,0.784854155,0.850996852,0.3125,0.0666,811
k3159,0.0,0.0551,0.638709698,0.431836422,0.0,0.0,0.347256087,0.0,0.0,0.0,2018
k1487,0.0,0.0,0.0,0.456231041,0.0,0.0,0.419854137,0.718288995,0.0,0.0,2175
k2016,0.0,0.0,0.0,0.769430488,0.0,0.125,0.536149276,0.0,0.0,0.0,3171
k1399,0.0,0.312499998,0.851612913,0.499518518,0.0,0.0,0.49681115,0.738997593,0.0,0.0,3348
k2664,0.0,0.0,0.15207374,0.579691354,0.0,0.0833,0.5694092,0.0,0.0,0.133279319,2074
k1185,0.0652,0.0,0.138849927,0.650084918,0.0,0.125,0.676521598,0.0,0.0,0.0,2136
k336,0.0,0.0758,0.106451613,0.647893562,0.1,0.0833,0.49681115,0.81556694,0.125,0.0666,1410
k2957,0.0,0.0625,0.0,0.594765302,0.0,0.0,0.386594243,0.0,0.0,0.0666,2344
k1035,0.0,0.0,0.141935491,0.390797241,0.0,0.125,0.584295238,0.0,0.0,0.0,3339
k1709,0.0,0.214626483,0.456221199,0.648324728,0.0,0.0,0.419854137,0.758626011,0.0625,0.16666667,1106
k3167,0.0,0.0,0.212903226,0.586195861,0.0,0.0,0.347256087,0.0,0.0,0.0,764
k1786,0.0,0.187499999,0.413978506,0.540121765,0.0,0.0833,0.623633424,0.0,0.0,0.0666,39
k130,0.0,0.0,0.0,0.547929543,0.0,0.125,0.474078361,0.792327634,0.0,0.0,304
k97,0.0,0.0758,0.177419358,0.756685066,0.0,0.0,0.386594243,0.807573607,0.125,0.0666,1375
k3098,0.304347826,0.0515,0.339739183,0.598517464,0.0,0.0833,0.830716875,0.808406888,0.125,0.133279319,232
k3379,0.0,0.152126484,0.177419358,0.664442731,0.0,0.0833,0.536149276,0.0,0.0,0.233306334,467
k2399,0.0,0.0,0.354838717,0.535763712,0.0,0.0,0.237039181,0.0,0.0,0.0,2806
k2989,0.0,0.124999999,0.319354849,0.524504218,0.0,0.0833,0.646366212,0.0,0.0,0.133279319,483
k3367,0.0,0.0,0.0,0.615278015,0.0,0.0,0.49681115,0.0,0.0,0.0,308
k2490,0.0,0.0625,0.887096749,0.409833092,0.0,0.0,0.536149276,0.714215172,0.0,0.0,629
k1985,0.0,0.0,0.118279569,0.603220709,0.0,0.0417,0.474078361,0.0,0.0,0.0666,2687
k904,0.0217,0.0,0.141935491,0.513632786,0.0,0.125,0.584295238,0.0,0.0,0.000672,550
k2415,0.0,0.0,0.0,0.542634045,0.0,0.0417,0.611300769,0.0,0.0,0.0279,1774
k2092,0.0,0.0,0.118279569,0.562696559,0.0,0.0417,0.623633424,0.0,0.0,0.133279319,2393
k757,0.173913043,0.0,0.133064516,0.591137414,0.0,0.0833,0.59822025,0.0,0.125,0.119819503,2998
k1650,0.0217,0.00701,0.199596774,0.640432187,0.0,0.0833,0.59822025,0.0,0.0,0.0666,2369
k2700,0.173913043,0.152126484,0.133064516,0.632571379,0.0,0.25,0.685704338,0.840411086,0.0,0.0,2877
k1994,0.0,0.0,0.141935491,0.389127552,0.0,0.0833,0.584295238,0.0,0.0,0.0,235
k748,0.0217,0.0551,0.245657567,0.613574295,0.0,0.125,0.55341952,0.782822048,0.0,0.0,1175
k1121,0.0435,0.152126484,0.15207374,0.638055007,0.0,0.25,0.656893288,0.859237084,0.0,0.233306334,917
k810,0.108695652,0.110146179,0.146829806,0.580653692,0.0,0.166666667,0.726535682,0.0,0.0,0.0789,365
k145,0.0217,0.152126484,0.141935491,0.822788653,0.0,0.25,0.584295238,0.0,0.0,0.16666667,1870
k1041,0.0,0.0,0.0,0.696376102,0.0,0.0,0.517375509,0.831646195,0.0,0.0548,1132
k1673,0.0,0.0,0.118279569,0.493941685,0.0,0.0833,0.474078361,0.0,0.0,0.0666,2029
k1243,0.0217,0.0,0.0968,0.614470706,0.0,0.0417,0.517375509,0.0,0.0,0.0,1954
k1951,0.0435,0.0,0.0532,0.565660209,0.0,0.25,0.646366212,0.8290229,0.0,0.0666,3161
k2059,0.0,0.0,0.0,0.45104778,0.0,0.0,0.55341952,0.0,0.0,0.0,2121
k1266,0.0,0.0,0.0,0.570230973,0.0,0.0,0.448665187,0.0,0.0,0.133279319,1561
k1209,0.0,0.0,0.0,0.570230973,0.0,0.0833,0.448665187,0.0,0.0,0.0,2267
k410,0.0435,0.152126484,0.212903226,0.771377596,0.0,0.125,0.646366212,0.0,0.0,0.16666667,1116
k752,0.0,0.0,0.118279569,0.610740507,0.0,0.0833,0.474078361,0.0,0.0,0.0,2567
k1253,0.0,0.124999999,0.425806462,0.524504218,0.0,0.0833,0.646366212,0.0,0.0,0.133279319,2422
k1672,0.0,0.0,0.177419358,0.712004474,0.0,0.0833,0.536149276,0.831615332,0.0,0.121486889,55
k3335,0.0,0.0,0.0,0.593905666,0.0,0.125,0.474078361,0.0,0.0,0.0,1275
k3393,0.0,0.0,0.0463,0.577076998,0.0,0.166666667,0.676521598,0.804981174,0.0,0.0666,1143
k499,0.0,0.296109852,0.465725806,0.714370752,0.1,0.0,0.59822025,0.824455281,0.1875,0.266558642,1493
k1661,0.130434783,0.182160463,0.177419358,0.545882273,0.0,0.375,0.773188486,0.0,0.0,0.0952,805
k305,0.195652174,0.0,0.0507,0.605500385,0.0,0.208333333,0.656893288,0.0,0.0,0.098,867
k962,0.0,0.0,0.236559137,0.4957399,0.0,0.0833,0.623633424,0.0,0.0,0.0666,2499
k3303,0.0,0.0,0.076,0.44107651,0.0,0.0,0.718964262,0.757885316,0.0,0.0666,2011
k983,0.0435,0.152126484,0.106451613,0.549617591,0.0,0.166666667,0.646366212,0.0,0.0,0.16666667,2615
k2718,0.0,0.375000004,0.912442409,0.47347239,0.0,0.0,0.5694092,0.0,0.0,0.0,427
k3431,0.0,0.0625,0.456221199,0.506262936,0.0,0.0,0.419854137,0.0,0.0,0.0666,868
k142,0.0,0.118513991,0.354838717,0.77681636,0.0,0.0,0.386594243,0.754891673,0.0,0.0666,3416
k2405,0.0,0.0,0.236559137,0.500141762,0.0,0.0833,0.623633424,0.0,0.0,0.0666,2209
k2914,0.0,0.249454535,0.212903226,0.823979764,0.0,0.0,0.49681115,0.822202333,0.125,0.0666,1886
k583,0.0,0.0,0.106451613,0.716770755,0.0,0.25,0.646366212,0.836059502,0.0,0.0666,473
k3162,0.0,0.0,0.118279569,0.603220709,0.0,0.0833,0.474078361,0.745787297,0.0,0.0,765
k2208,0.0217,0.106544194,0.283870982,0.717680687,0.0,0.0,0.584295238,0.815104006,0.0,0.0548,3169
k419,0.0,0.937500054,1.0,0.494956351,0.0,0.0,0.75441466,0.750200605,0.0,0.0,1832
k1408,0.0435,0.0,0.0665,0.609805408,0.0,0.166666667,0.59822025,0.0,0.0,0.0993,1837
k2851,0.0,0.0,0.0,0.682514016,0.0,0.0833,0.517375509,0.0,0.0,0.0,1174
k1730,0.152173913,0.290443977,0.212903226,0.609022914,0.0,0.125,0.76711024,0.877384112,0.0625,0.2612187,1996
k1019,0.152173913,0.241036774,0.110122363,0.64929582,0.3,0.208333333,0.726535682,0.864391087,0.1875,0.133279319,307
k2149,0.0,0.0,0.0,0.483176394,0.0,0.125,0.474078361,0.772390593,0.0,0.0,1634
k0,0.0,0.0,0.0,0.549319882,0.0,0.333333333,0.835259401,0.883865194,0.0,0.399837961,1401
k1888,0.0,0.152126484,0.177419358,0.704064022,0.0,0.125,0.536149276,0.808036541,0.0,0.16666667,1361
k3127,0.0,0.0625,0.638709698,0.489982089,0.0,0.0,0.49681115,0.0,0.0,0.0666,2269
k2698,0.0,0.249999999,0.316477771,0.441117231,0.0,0.0,0.779100159,0.747546448,0.0,0.0,1417
k2833,0.0,0.0758,0.0819,0.596222155,0.2,0.0,0.55341952,0.80775878,0.1875,0.0666,1349
k1846,0.0435,0.0,0.125237193,0.578947589,0.0,0.0833,0.611300769,0.0,0.0,0.0,2613
k240,0.0435,0.0,0.163771719,0.68963782,0.0,0.0417,0.55341952,0.0,0.0,0.199262568,2739
k2494,0.0,0.294474848,0.0819,0.802080581,0.0,0.166666667,0.55341952,0.840565397,0.0,0.16666667,129
k708,0.0435,0.0,0.140067914,0.760898837,0.8,0.25,0.784854155,0.895068206,0.625,0.15043568,1315
k3422,0.152173913,0.0,0.0608,0.57145792,0.0,0.25,0.76711024,0.0,0.0,0.0789,2329
k1275,0.0,0.0625,0.277699854,0.518113042,0.0,0.0833,0.676521598,0.0,0.0,0.133279319,53
k1524,0.0,0.0,0.0484,0.571143485,0.0,0.25,0.666930572,0.801339423,0.0,0.0666,1339
k1262,0.0,0.0,0.118279569,0.489133199,0.0,0.0417,0.474078361,0.0,0.0,0.0,3281
k1592,0.0,0.0551,0.0887,0.455703582,0.0,0.0,0.536149276,0.0,0.0,0.0,880
k3093,0.0,0.0,0.0,0.570230973,0.0,0.0,0.347256087,0.0,0.0,0.0,3411
k226,0.0,0.204848388,0.266129032,0.658679097,0.0,0.0,0.299110125,0.729584594,0.0,0.0,2373
k2998,0.0,0.138317505,0.15967743,0.641839097,0.1,0.0833,0.646366212,0.800382692,0.3125,0.0673,1072
k174,0.0,0.0625,0.0687,0.567549049,0.0,0.0,0.740925167,0.0,0.0,0.199918983,83
k3012,0.0,0.0,0.0887,0.576863897,0.0,0.208333333,0.536149276,0.0,0.0,0.0,915
k1394,0.0217,0.0,0.0,0.582179286,0.0,0.0833,0.623633424,0.790167274,0.0,0.0279,85
k1359,0.087,0.110146179,0.319354849,0.477204113,0.0,0.0833,0.646366212,0.0,0.0,0.0,2535
k1393,0.0217,0.142348377,0.106451613,0.598169537,0.0,0.0833,0.49681115,0.0,0.0,0.0,2080
k102,0.130434783,0.0,0.174193544,0.784185624,0.8,0.416666667,0.864631611,0.906055182,0.8125,0.267220582,170
k793,0.0,0.0625,0.425806462,0.439357393,0.0,0.0,0.49681115,0.731683229,0.0,0.0,1775
k2629,0.0,0.0,0.30414748,0.537267109,0.0,0.125,0.5694092,0.80451824,0.0,0.0666,2372
k545,0.0,0.00701,0.0887,0.614470706,0.0,0.0833,0.536149276,0.0,0.0,0.0,3290
k2192,0.0,0.0,0.0,0.622021339,0.0,0.0833,0.448665187,0.0,0.0,0.0,991
k3196,0.0435,0.0551,0.15207374,0.591785434,0.0,0.0833,0.5694092,0.789241405,0.125,0.0,2590
k620,0.0,0.0,0.0,0.50640929,0.0,0.0417,0.419854137,0.0,0.0,0.0279,1081
k1295,0.0,0.0,0.0,0.583543677,0.0,0.0417,0.536149276,0.797296463,0.0,0.0279,153
k2721,0.0,0.0625,0.0,0.444132232,0.0,0.0,0.5694092,0.0,0.0,0.0,2118
k2340,0.0,0.0,0.266129032,0.51781076,0.0,0.0833,0.536149276,0.774797852,0.0,0.0,1259
k1269,0.0,0.0,0.0,0.452066276,0.0,0.0,0.149555062,0.0,0.0,0.0,2438
k1956,0.087,0.152126484,0.163771719,0.78614852,0.0,0.166666667,0.702974583,0.0,0.0,0.16666667,2173
k619,0.0,0.113971116,0.563567389,0.529200702,0.0,0.0,0.611300769,0.752885624,0.0,0.0,2450
k981,0.0,0.0573,0.851612913,0.421841861,0.0,0.0,0.49681115,0.0,0.0,0.0,2213
k679,0.0,0.152126484,0.106451613,0.696376102,0.0,0.0833,0.49681115,0.792296772,0.0,0.16666667,3116
k602,0.173913043,0.193390583,0.600936525,0.588689656,0.2,0.0,0.89048023,0.815690389,0.3125,0.466477605,2145
k150,0.0435,0.0551,0.118279569,0.553206243,0.0,0.208333333,0.711117512,0.0,0.0,0.0,1369
k396,0.0,0.0,0.0,0.570230973,0.0,0.0833,0.448665187,0.0,0.0,0.0,187
k1453,0.0,0.0758,0.193548396,0.538504177,0.2,0.0417,0.517375509,0.808622925,0.125,0.0666,3159
k2707,0.0,0.0625,0.0998,0.582684118,0.0,0.291666667,0.747775312,0.877939633,0.0,0.0666,95
k2133,0.0,0.0625,0.0968,0.548913023,0.0,0.333333333,0.75441466,0.0,0.0,0.0666,1383
k2178,0.0,0.0,0.118279569,0.390015982,0.0,0.0417,0.474078361,0.0,0.0,0.0,1912
k871,0.0435,0.0,0.399193548,0.464414218,0.0,0.0833,0.59822025,0.0,0.0,0.00134,3201
k2335,0.0,0.0,0.0,0.594765302,0.0,0.0,0.386594243,0.0,0.0,0.0558,1062
k1022,0.0,0.0,0.0,0.549522667,0.0,0.125,0.685704338,0.798345781,0.0,0.0,1309
k984,0.0,0.0,0.0,0.457322499,0.0,0.0833,0.623633424,0.0,0.0,0.0,1543
k820,0.0,0.133112262,0.266129032,0.744718502,0.0,0.0,0.299110125,0.786988458,0.125,0.0666,1669
k3124,0.0,0.0758,0.228110605,0.626346213,0.2,0.125,0.5694092,0.822943028,0.125,0.0666,2065
k2420,0.108695652,0.142348377,0.0626,0.622034196,0.0,0.208333333,0.611300769,0.832880686,0.0,0.0279,476
k617,0.087,0.0,0.0998,0.467557987,0.0,0.166666667,0.747775312,0.0,0.0,0.0,1370
k2031,0.0,0.0,0.118279569,0.666538811,0.0,0.0417,0.474078361,0.0,0.0,0.0946,859
k324,0.0,0.0209,0.0,0.473181246,0.0,0.25,0.726535682,0.825905808,0.0,0.0,2138
k1100,0.0,0.152126484,0.15207374,0.651213423,0.0,0.166666667,0.5694092,0.0,0.0,0.199336453,118
k1246,0.0435,0.304252973,0.250474386,0.687708532,0.0,0.166666667,0.611300769,0.853867045,0.0,0.333333345,1159
k764,0.0435,0.0,0.140067914,0.760898837,0.7,0.25,0.784854155,0.914820073,0.625,0.15043568,1638
k472,0.0,0.0,0.0819,0.664442731,0.0,0.0417,0.55341952,0.0,0.0,0.0279,810
k62,0.0435,0.152126484,0.125237193,0.622034196,0.0,0.166666667,0.611300769,0.848836492,0.0,0.16666667,610
k1054,0.0217,0.0625,0.177419358,0.602487925,0.0,0.0833,0.536149276,0.0,0.0,0.0666,1387
k3217,0.0,0.0,0.76036868,0.358867488,0.0,0.0,0.419854137,0.0,0.0,0.0,3399
k564,0.0,0.0758,0.228110605,0.68963782,0.2,0.125,0.5694092,0.8271403,0.125,0.0666,523
k2020,0.0,0.499999985,0.0,0.511153568,0.0,0.0,0.718964262,0.0,0.0,0.0,1142
k106,0.087,0.0625,0.10138249,0.721330616,0.0,0.0833,0.656893288,0.78325412,0.0,0.0327,2313
k1422,0.0652,0.0,0.138849927,0.650084918,0.0,0.125,0.676521598,0.0,0.0,0.0,80
k211,0.087,0.110146179,0.327543437,0.653658876,0.0,0.125,0.55341952,0.0,0.0,0.00134,2780
k2498,0.0,0.0,0.140596468,0.58508334,0.0,0.5,0.856639508,0.92339979,0.0,0.266558642,1399
k1532,0.0435,0.0551,0.212903226,0.525114331,0.0,0.0833,0.646366212,0.796339732,0.125,0.0,1552
k461,0.0,0.0551,0.425806462,0.478489953,0.0,0.0,0.347256087,0.0,0.0,0.0,761
k3219,0.0,0.0,0.0,0.358867488,0.0,0.0,0.237039181,0.0,0.0,0.0,1257
k1917,0.0,0.0,0.0,0.38954343,0.0,0.0833,0.623633424,0.0,0.0,0.0,1697
k37,0.0,0.0625,0.620967717,0.473370275,0.0,0.0,0.536149276,0.0,0.0,0.0666,1409
k653,0.0217,0.152126484,0.071,0.602487925,0.0,0.0833,0.584295238,0.0,0.0,0.16666667,185
k2371,0.0,0.0758,0.30414748,0.597451525,0.0,0.0,0.419854137,0.792574532,0.1875,0.0666,1585
k309,0.0,0.0,0.0,0.628675599,0.0,0.0833,0.55341952,0.0,0.0,0.0279,3064
k782,0.0652,0.119377954,0.319354849,0.652093069,0.0,0.0833,0.646366212,0.0,0.0,0.0666,1021
k329,0.087,0.0,0.190092167,0.597958975,0.0,0.25,0.718964262,0.0,0.0,0.133279319,2625
k979,0.0,0.0,0.228110605,0.626346213,0.0,0.0833,0.5694092,0.79106228,0.0,0.133279319,905
k772,0.0,0.0,0.118279569,0.603220709,0.0,0.0417,0.474078361,0.0,0.0,0.0666,2083
k3354,0.087,0.455438537,0.378494628,0.590785384,0.0,0.333333333,0.821334448,0.0,0.0,0.133279319,1301
k1540,0.0,0.0,0.0,0.682514016,0.0,0.0833,0.517375509,0.0,0.0,0.0,2513
k608,0.0435,0.152126484,0.212903226,0.676374044,0.0,0.166666667,0.584295238,0.7676378,0.0,0.199336453,519
k1034,0.0,0.0,0.177419358,0.569671938,0.0,0.0833,0.536149276,0.0,0.0,0.133279319,883
k1900,0.0,0.152126484,0.15207374,0.769052782,0.1,0.125,0.5694092,0.886056416,0.1875,0.216811903,1517
k2782,0.0,0.0573,0.887096749,0.414505151,0.0,0.0,0.536149276,0.0,0.0,0.0,81
k1585,0.0,0.0,0.0,0.506370718,0.0,0.125,0.536149276,0.796123696,0.0,0.0,1875
k2411,0.0,0.0,0.106451613,0.386381013,0.0,0.166666667,0.646366212,0.0,0.0,0.0,1649
k816,0.0,0.0,0.0,0.583543677,0.0,0.0417,0.536149276,0.789735202,0.0,0.0279,1950
k2905,0.0435,0.0758,0.170322581,0.672943157,0.1,0.0417,0.694512174,0.841985063,0.125,0.199918983,911
k1717,0.0,0.0,0.187855789,0.50640929,0.0,0.0833,0.611300769,0.815906426,0.0625,0.0666,3362
k229,0.0,0.0,0.827957002,0.461439626,0.0,0.0,0.711117512,0.0,0.0,0.133279319,3113
k167,0.087,0.193646159,0.230645165,0.559220535,0.0,0.0,0.883405363,0.828529103,0.0,0.0666,961
k2656,0.0,0.0,0.0,0.344406056,0.0,0.0,0.347256087,0.0,0.0,0.0,2204
k2223,0.0,0.0758,0.266129032,0.598112442,0.0,0.0,0.299110125,0.787513116,0.125,0.0666,1273
k2029,0.0,0.0,0.212903226,0.582473908,0.0,0.166666667,0.646366212,0.0,0.0,0.0243,981
k974,0.0,0.0,0.0,0.464549239,0.0,0.0,0.237039181,0.708104438,0.0,0.0,139
k884,0.0,0.200817517,0.66532258,0.538824788,0.1,0.0,0.448665187,0.799827171,0.125,0.0666,2343
k1157,0.0,0.0,0.138849927,0.516868822,0.0,0.166666667,0.676521598,0.0,0.0,0.0666,2914
k2499,0.0,0.0,0.0665,0.707842484,0.0,0.0833,0.59822025,0.806339115,0.0625,0.000672,2328
k1375,0.0435,0.110146179,0.798387096,0.397545684,0.0,0.0,0.59822025,0.0,0.0625,0.0,807
k2186,0.0,0.0,0.354838717,0.337305133,0.0,0.0,0.237039181,0.0,0.0,0.0,2899
k2293,0.0435,0.00701,0.125237193,0.710469188,0.0,0.125,0.611300769,0.0,0.0,0.0666,1796
k2766,0.0435,0.152126484,0.106451613,0.549617591,0.0,0.166666667,0.646366212,0.0,0.0,0.16666667,1052
k1419,0.0,0.284696756,0.0,0.538824788,0.0,0.25,0.5694092,0.0,0.0,0.0,2424
k2735,0.0,0.0,0.0,0.483176394,0.0,0.0,0.75441466,0.0,0.0,0.133279319,1153
k2986,0.0,0.152126484,0.106451613,0.707842484,0.0,0.0833,0.49681115,0.0,0.0,0.199336453,1808
k3198,0.0,0.0758,0.106451613,0.647893562,0.1,0.0833,0.49681115,0.819825937,0.125,0.0666,2713
k1164,0.0,0.0,0.0968,0.575001279,0.0,0.0833,0.517375509,0.788994507,0.0,0.0666,1584
k3315,0.0217,0.0,0.071,0.598669953,0.0,0.0417,0.584295238,0.0,0.0,0.0946,2389
k633,0.0,0.187499999,0.194728561,0.547896168,0.0,0.0,0.950804101,0.802419604,0.0,0.0,1599
k265,0.0435,0.220292358,0.0819,0.506370718,0.0,0.0417,0.55341952,0.0,0.0,0.0,824
k2976,0.0,0.0,0.0591,0.566099348,0.0,0.291666667,0.623633424,0.0,0.0,0.0,3096
k2348,0.0,0.0,0.187855789,0.460345589,0.0,0.0833,0.611300769,0.0,0.0,0.0666,689
k3260,0.0,0.0,0.266129032,0.51781076,0.0,0.125,0.536149276,0.799796309,0.0,0.0,1823
k284,0.173913043,0.448011623,0.362903225,0.611820475,0.0,0.208333333,0.816485634,0.0,0.0,0.0666,2694
k732,0.0,0.0,0.0444,0.389127552,0.0,0.0833,0.685704338,0.0,0.0,0.0,110
k1449,0.0,0.0,0.0,0.647841273,0.0,0.0,0.237039181,0.0,0.0,0.0666,292
k319,0.0652,0.127288613,0.435483872,0.664684791,0.3,0.0417,0.666930572,0.845842849,0.125,0.199918983,1271
k2690,0.0,0.249999999,0.372580634,0.695624169,0.8,0.0,0.795921275,0.949447565,0.75,0.0,1162
k631,0.0435,0.114589511,0.30414748,0.767852253,0.0,0.0417,0.656893288,0.0,0.0,0.133279319,1703
k882,0.0,0.17875973,0.253456223,0.701378697,0.2,0.0833,0.656893288,0.824640454,0.1875,0.133279319,2801
k623,0.0,0.0,0.0,0.367461167,0.0,0.0,0.517375509,0.0,0.0,0.0,900
k2892,0.0652,0.0,0.071,0.637822404,0.0,0.0417,0.584295238,0.0,0.0,0.0279,2345
k3171,0.0,0.124999999,0.76036868,0.48277059,0.0,0.0,0.656893288,0.0,0.0,0.133279319,2936
k3413,0.0,0.0758,0.0887,0.597335185,0.1,0.0,0.536149276,0.792451083,0.3125,0.0666,1779
k1237,0.0,0.0,0.560271668,0.487776351,0.0,0.0,0.635299093,0.0,0.0,0.133279319,3039
k2726,0.0,0.0,0.0426,0.513751705,0.0,0.208333333,0.694512174,0.824239244,0.0625,0.0789,1797
k1948,0.0,0.0,0.0734,0.583995399,0.3,0.0417,0.726535682,0.909696932,0.1875,0.0,313
k765,0.304347826,0.0,0.157059763,0.819795186,0.8,0.583333333,0.886971817,0.92123943,0.75,0.26592048,3068
k2621,0.0,0.0,0.818858572,0.41580803,0.0,0.0,0.55341952,0.0,0.0,0.0666,2737
k1470,0.0,0.110146179,0.709677444,0.466679787,0.0,0.0,0.386594243,0.0,0.0,0.0,321
k1604,0.0,0.0,0.0,0.382930012,0.0,0.166666667,0.49681115,0.0,0.0,0.0,1032
k3123,0.0,0.113971116,0.354838717,0.61392316,0.0,0.0,0.237039181,0.713690513,0.0,0.0,3104
k669,0.0217,0.235146178,0.840407497,0.504053877,0.0,0.0,0.635299093,0.751928893,0.0,0.0666,795
k670,0.0,0.0,0.0968,0.546864307,0.0,0.416666667,0.75441466,0.842941794,0.0,0.0,2992
k3384,0.0435,0.0758,0.163771719,0.689474232,0.1,0.0417,0.702974583,0.844145423,0.1875,0.199918983,3289
k3111,0.0,0.0758,0.15207374,0.610334508,0.2,0.0417,0.5694092,0.811616567,0.125,0.0666,803
k1973,0.0,0.223288949,0.354838717,0.770242056,0.0,0.0,0.386594243,0.810598111,0.125,0.0666,2543
k66,0.0,0.151635011,0.193548396,0.673787318,0.2,0.208333333,0.666930572,0.837479168,0.3125,0.133279319,2300
k1350,0.0,0.0,0.076,0.591785434,0.0,0.0417,0.5694092,0.0,0.0,0.0946,2153
k196,0.0,0.0,0.0,0.389821252,0.0,0.125,0.656893288,0.0,0.0,0.0,589
k1914,0.0,0.0,0.228110605,0.582179286,0.0,0.0833,0.5694092,0.0,0.0,0.133279319,210
k137,0.087,0.0,0.110122363,0.554206254,0.0,0.291666667,0.726535682,0.0,0.0,0.145577573,2582
k1451,0.0,0.0,0.0968,0.708471511,0.0,0.0833,0.517375509,0.0,0.0,0.0,3021
k2155,0.0,0.0758,0.0968,0.605175046,0.1,0.125,0.517375509,0.802820814,0.25,0.0666,2881
k1378,0.0,0.0,0.709677444,0.409833092,0.0,0.0,0.536149276,0.0,0.0,0.0,2950
k169,0.108695652,0.138317505,0.256952169,0.696334873,0.3,0.166666667,0.726535682,0.858342078,0.125,0.133279319,928
k525,0.130434783,0.275365436,0.245657567,0.599031362,0.0,0.125,0.702974583,0.0,0.0,0.0666,1793
k2234,0.0217,0.127288613,0.313092993,0.869477317,0.2,0.0,0.611300769,0.861273995,0.125,0.133279319,1280
k1853,0.130434783,0.152126484,0.206989253,0.689115636,0.0,0.333333333,0.773188486,0.0,0.0,0.16666667,2959
k1700,0.0,0.152126484,0.212903226,0.76520425,0.0,0.0833,0.584295238,0.0,0.0,0.233306334,1439
k1612,0.0,0.0,0.15207374,0.719993503,0.0,0.0,0.419854137,0.0,0.0,0.0,2397
k735,0.0,0.0,0.0,0.583309433,0.0,0.291666667,0.694512174,0.870563545,0.0,0.157875827,2574
k2775,0.0217,0.142348377,0.30414748,0.445226152,0.0,0.166666667,0.656893288,0.0,0.0,0.0,1746
k103,0.0,0.0,0.266129032,0.461888808,0.0,0.0833,0.59822025,0.0,0.0,0.0,617
k1521,0.130434783,0.0,0.163771719,0.79203846,0.7,0.416666667,0.852529645,0.904203444,0.8125,0.233250702,2983
k1096,0.0,0.0625,0.127741935,0.482438334,0.0,0.125,0.694512174,0.0,0.0,0.0666,492
k856,0.0,0.0625,0.0,0.433032066,0.0,0.166666667,0.656893288,0.0,0.0,0.0,775
k3172,0.087,0.0,0.0968,0.514183771,0.0,0.208333333,0.75441466,0.884266403,0.0,0.0,488
k972,0.0,0.124999999,0.038,0.585989403,0.0,0.25,0.718964262,0.0,0.0,0.145577573,1037
k2893,0.0435,0.0,0.168081487,0.521209524,0.0,0.166666667,0.635299093,0.0,0.0,0.0,3185
k1221,0.0,0.0758,0.283870982,0.489096268,0.2,0.0833,0.584295238,0.807419295,0.125,0.0666,1327
k2100,0.130434783,0.172646179,0.199596774,0.574724751,0.0,0.0833,0.747775312,0.0,0.0,0.0525,1505
k537,0.0,0.0,0.177419358,0.51781076,0.0,0.125,0.536149276,0.80075304,0.0,0.0,2821
k1415,0.0,0.0758,0.491315135,0.505375045,0.1,0.0,0.702974583,0.777760632,0.25,0.133279319,1036
k3143,0.0,0.0,0.650537622,0.372990166,0.0,0.0417,0.623633424,0.0,0.0,0.0,2941
k205,0.0,0.165219257,0.798387096,0.405213868,0.0,0.0,0.536149276,0.0,0.0,0.0,670
k450,0.0,0.0,0.266129032,0.358867488,0.0,0.0,0.299110125,0.0,0.0,0.0,2679
k2280,0.0,0.0758,0.250474386,0.771704928,0.0,0.166666667,0.611300769,0.818282822,0.125,0.133279319,1555
k1653,0.0652,0.152126484,0.0394,0.53813886,0.0,0.125,0.711117512,0.0,0.0,0.16666667,1181
k30,0.0,0.214135001,0.177419358,0.61392316,0.0,0.0,0.536149276,0.783902228,0.25,0.0666,2883
k2569,0.0,0.0,0.212903226,0.586195861,0.0,0.0,0.347256087,0.0,0.0,0.0,1758
k1794,0.152173913,0.110146179,0.336162973,0.570155198,0.0,0.0833,0.635299093,0.0,0.0,0.0,3009
k1336,0.0217,0.303270027,0.630019766,0.570345438,0.2,0.0,0.83970829,0.777945806,0.75,0.399837961,2830
k67,0.173913043,0.193390583,0.680592287,0.588689656,0.2,0.0,0.886971817,0.812758472,0.3125,0.533117284,250
k1668,0.0,0.0,0.0,0.52702443,0.0,0.0,0.386594243,0.0,0.0,0.0279,244
k824,0.0,0.165219257,0.851612913,0.399190745,0.0,0.0,0.584295238,0.0,0.0,0.0,971
k2201,0.087,0.220292358,0.258936363,0.451831446,0.0,0.333333333,0.779100159,0.0,0.0,0.0,69
k2602,0.0,0.0758,0.212903226,0.570230973,0.0,0.0,0.347256087,0.791370903,0.125,0.0666,2802
k2150,0.152173913,0.110146179,0.145161294,0.664596509,0.0,0.0833,0.666930572,0.0,0.0,0.0,2834
k2915,0.0,0.200817517,0.131241713,0.540252682,0.1,0.0,0.925719605,0.780661688,0.75,0.0666,49
k2416,0.0,0.0,0.163771719,0.693644586,0.0,0.125,0.55341952,0.0,0.0,0.0666,1871
k3084,0.0435,0.0,0.15207374,0.68519297,0.0,0.166666667,0.656893288,0.0,0.0,0.0666,472
k1882,0.0435,0.0551,0.185133247,0.644966373,0.0,0.0833,0.676521598,0.0,0.0,0.133279319,373
k2756,0.0,0.0,0.193548396,0.623502069,0.0,0.0417,0.517375509,0.828004444,0.0,0.121486889,505
k233,0.0,0.102942225,0.163771719,0.935826872,0.0,0.166666667,0.702974583,0.0,0.0,0.0,2734
k2308,0.0,0.0625,0.310483864,0.52875957,0.0,0.125,0.685704338,0.0,0.0,0.133279319,1859
k6,0.0435,0.0625,0.118279569,0.706133449,0.0,0.0833,0.623633424,0.787605703,0.0,0.0,1131
k163,0.0,0.0,0.0,0.694000797,0.0,0.166666667,0.49681115,0.811616567,0.0,0.0,2933
k1733,0.173913043,0.110146179,0.319354849,0.50689888,0.0,0.0833,0.646366212,0.0,0.0,0.0,485
k75,0.0,0.0,0.0,0.694000797,0.0,0.166666667,0.49681115,0.802327017,0.0,0.0,1336
k271,0.0,0.142348377,0.0,0.652311095,0.0,0.125,0.49681115,0.0,0.0,0.0,3328
k2376,0.108695652,0.151635011,0.273732732,0.695044148,0.1,0.208333333,0.76711024,0.833405345,0.25,0.26525854,1816
k2364,0.0,0.0625,0.30414748,0.537267109,0.0,0.0833,0.5694092,0.790877106,0.0,0.0666,975
k299,0.0,0.0,0.0,0.571382067,0.0,0.208333333,0.711117512,0.850626505,0.0,0.0666,2095
k2950,0.0,0.0625,0.133064516,0.565118486,0.0,0.0833,0.685704338,0.0,0.0,0.0789,2472
k1563,0.0435,0.114589511,0.370266483,0.728300915,0.0,0.0417,0.676521598,0.0,0.0,0.133279319,1265
k534,0.0652,0.142348377,0.232862903,0.582168227,0.0,0.208333333,0.747775312,0.0,0.0,0.0789,1922
k1697,0.0,0.0,0.266129032,0.341549387,0.0,0.0,0.299110125,0.0,0.0,0.0,2461
k1057,0.0,0.119794754,0.354838717,0.756685066,0.0,0.0,0.386594243,0.0,0.0,0.0,2824
k2419,0.087,0.0,0.103017687,0.763103246,0.4,0.25,0.740925167,0.890191963,0.4375,0.166930121,208
k1301,0.0,0.0,0.0,0.51781076,0.0,0.0417,0.419854137,0.0,0.0,0.0,1510
k1011,0.0,0.0,0.0,0.631993195,0.0,0.25,0.623633424,0.0,0.0,0.0,710
k2352,0.0,0.0,0.0,0.438899496,0.0,0.166666667,0.685704338,0.0,0.0,0.0,851
k1239,0.0,0.0,0.212903226,0.531861015,0.0,0.0833,0.49681115,0.0,0.0,0.0,1856
k3175,0.0,0.0758,0.325268811,0.553111514,0.2,0.375,0.773188486,0.854854639,0.25,0.212217222,1473
k1964,0.0,0.0,0.0626,0.75714394,0.0,0.166666667,0.611300769,0.0,0.0,0.133279319,2562
k2161,0.0,0.0,0.0,0.539593447,0.0,0.0,0.656893288,0.811061046,0.0625,0.133279319,1166
k2876,0.0217,0.17875973,0.532258064,0.772468624,0.1,0.0,0.49681115,0.80559842,0.1875,0.0666,1706
k2418,0.0435,0.0551,0.199596774,0.584995137,0.0,0.0,0.59822025,0.0,0.0,0.0,1292
k3105,0.0652,0.117573089,0.448217316,0.586141345,0.0,0.0833,0.635299093,0.779396334,0.0,0.0666,2405
k2347,0.0652,0.142348377,0.190092167,0.544057328,0.0,0.125,0.718964262,0.0,0.0,0.0789,309
k817,0.0,0.0,0.0,0.524457401,0.0,0.25,0.7338503,0.802327017,0.0,0.0,893
k3025,0.0,0.0758,0.0409,0.474508394,0.4,0.0,0.702974583,0.755910129,0.1875,0.0666,2226
k699,0.0435,0.0,0.15967743,0.440826322,0.0,0.208333333,0.646366212,0.0,0.0,0.0,2848
k234,0.0435,0.0758,0.0591,0.622021339,0.2,0.0833,0.623633424,0.819517314,0.1875,0.0673,3402
k100,0.0435,0.110146179,0.266129032,0.513751705,0.0,0.125,0.646366212,0.0,0.0,0.0,306
k1573,0.0,0.0,0.0409,0.543269325,0.0,0.25,0.702974583,0.772328869,0.0,0.0,1440
k1828,0.0,0.151635011,0.0968,0.611830675,0.1,0.125,0.517375509,0.851305475,0.1875,0.133279319,3101
k193,0.0217,0.0,0.127741935,0.697912013,0.1,0.166666667,0.694512174,0.840966607,0.25,0.0501,2326
k2846,0.0,0.0758,0.231416545,0.598443134,0.2,0.166666667,0.676521598,0.836244676,0.125,0.133279319,493
k3333,0.0,0.151635011,0.212903226,0.586195861,0.0,0.0,0.347256087,0.829948769,0.25,0.133279319,1956
k1549,0.0435,0.0,0.236559137,0.572659192,0.0,0.25,0.711117512,0.0,0.0,0.0279,1944
k19,0.0,0.0,0.112054332,0.502285636,0.0,0.0,0.635299093,0.787173631,0.0,0.0666,1689
k2527,0.195652174,0.0,0.125237193,0.598161682,0.0,0.125,0.611300769,0.0,0.125,0.152489291,1550
k2058,0.0,0.0,0.0,0.679773902,0.0,0.0833,0.517375509,0.0,0.0,0.0,995
k2061,0.0,0.0,0.118279569,0.390015982,0.0,0.0833,0.474078361,0.0,0.0,0.0,1221
k1796,0.0,0.0,0.0,0.460345589,0.0,0.166666667,0.623633424,0.0,0.0,0.0666,1662
k2732,0.0,0.0,0.0,0.381073834,0.0,0.0833,0.517375509,0.0,0.0,0.0,1921
k609,0.0,0.138317505,0.266129032,0.664442731,0.2,0.0833,0.536149276,0.817819888,0.125,0.0666,746
k567,0.087,0.0625,0.10138249,0.721330616,0.0,0.0417,0.656893288,0.789827788,0.0,0.0327,1607
k3381,0.0,0.0625,0.591397875,0.468220974,0.0,0.0,0.474078361,0.731714092,0.125,0.0,3219
k650,0.0652,0.152126484,0.0394,0.538676206,0.0,0.125,0.711117512,0.0,0.0,0.16666667,1605
k1430,0.0,0.0625,0.532258064,0.452909968,0.0,0.0,0.299110125,0.707579779,0.0,0.0,1611
k1879,0.0,0.229179019,0.532258064,0.594867613,0.0,0.0,0.448665187,0.0,0.0,0.0,661
k2577,0.0,0.0758,0.106451613,0.660244982,0.1,0.0833,0.49681115,0.821862848,0.125,0.0666,2494
k919,0.0217,0.0621,0.283870982,0.562135374,0.0,0.0833,0.584295238,0.0,0.0,0.0,2522
k2705,0.0,0.0,0.185133247,0.587907162,0.0,0.25,0.676521598,0.885377446,0.0,0.133279319,861
k3226,0.108695652,0.206546852,0.309053058,0.818424972,0.1,0.0,0.740925167,0.860440714,0.3125,0.145577573,624
k54,0.0652,0.117573089,0.319354849,0.575694475,0.0,0.125,0.646366212,0.786957595,0.0,0.0666,257
k2605,0.282608696,0.0,0.0852,0.58508334,0.0,0.166666667,0.694512174,0.0,0.0625,0.0517,3175
k697,0.0,0.0,0.0,0.630876062,0.0,0.25,0.536149276,0.808777236,0.0,0.0,1282
k2441,0.0435,0.0758,0.199596774,0.626848388,0.2,0.0417,0.59822025,0.81704833,0.1875,0.0666,913
k2738,0.0217,0.241019777,0.354838717,0.731968,0.0,0.0,0.584295238,0.778038393,0.0,0.0,507
k3061,0.087,0.227719268,0.532258064,0.529778105,0.0,0.0833,0.702974583,0.0,0.0,0.013,1197
k3380,0.0,0.0,0.106451613,0.581608175,0.0,0.125,0.646366212,0.0,0.0,0.0789,3046
k156,0.087,0.110146179,0.157706095,0.550377145,0.0,0.0833,0.711117512,0.81112277,0.0625,0.0279,597
k181,0.0,0.17875973,0.290322588,0.685246587,0.2,0.0833,0.666930572,0.8252577,0.1875,0.133279319,3033
k2323,0.087,0.0,0.15967743,0.712227815,0.0,0.208333333,0.646366212,0.0,0.0,0.0,2903
k312,0.0,0.0,0.0968,0.45104778,0.0,0.0,0.517375509,0.746682304,0.0625,0.0,850
k2148,0.0,0.0,0.163771719,0.479899207,0.0,0.166666667,0.702974583,0.0,0.0,0.0666,576
k961,0.0,0.0625,0.399193548,0.538824788,0.0,0.0,0.448665187,0.752484415,0.0,0.0666,490
k896,0.0,0.056,0.177419358,0.645861533,0.0,0.0833,0.536149276,0.0,0.0,0.0666,2918
k93,0.0,0.0625,0.0,0.450928704,0.0,0.0,0.611300769,0.0,0.0,0.0666,2420
k1446,0.0,0.0,0.354838717,0.543775837,0.0,0.0,0.536149276,0.0,0.0,0.133279319,862
k2666,0.0435,0.0,0.168081487,0.730045121,0.0,0.208333333,0.635299093,0.0,0.0,0.0,2784
k1727,0.0,0.0625,0.212903226,0.482438334,0.0,0.0417,0.49681115,0.739614839,0.0,0.0,1850
k1640,0.0,0.0551,0.266129032,0.43833413,0.0,0.0,0.299110125,0.0,0.0,0.0,241
k2007,0.0,0.0625,0.236559137,0.494221809,0.0,0.0,0.821334448,0.80924017,0.0,0.199918983,1661
k225,0.0,0.0,0.0,0.682514016,0.0,0.0417,0.536149276,0.0,0.0,0.0279,161
k1838,0.0217,0.152126484,0.212903226,0.623321599,0.0,0.125,0.646366212,0.0,0.0,0.233306334,112
k967,0.087,0.117573089,0.319354849,0.605250705,0.0,0.208333333,0.7338503,0.805289797,0.0,0.0,1186
k921,0.108695652,0.0551,0.34064515,0.574582618,0.0,0.166666667,0.694512174,0.804147892,0.1875,0.0666,1088
k2765,0.152173913,0.110146179,0.336162973,0.570155198,0.0,0.0833,0.635299093,0.0,0.0,0.0,2947
k432,0.0435,0.0,0.168081487,0.555970899,0.0,0.166666667,0.635299093,0.0,0.0,0.0666,415
k1159,0.0,0.0,0.118279569,0.603220709,0.0,0.0417,0.474078361,0.0,0.0,0.0946,3300
k2172,0.0,0.249999999,0.709677444,0.540511664,0.0,0.0,0.386594243,0.736158262,0.0,0.0,1566
k1135,0.0,0.0,0.0,0.589723783,0.0,0.0833,0.5694092,0.858527251,0.125,0.133279319,3278
k494,0.0,0.0515,0.0,0.506262936,0.0,0.0,0.299110125,0.0,0.0,0.0,274
k1286,0.0,0.0,0.0,0.586195861,0.0,0.125,0.474078361,0.0,0.0,0.0,546
k3349,0.0435,0.220292358,0.66532258,0.458417122,0.0,0.0,0.448665187,0.0,0.0,0.0,405
k263,0.0,0.0758,0.0444,0.585568944,0.2,0.333333333,0.685704338,0.843312141,0.3125,0.199918983,2528
k2974,0.108695652,0.165219257,0.191066998,0.543660513,0.0,0.333333333,0.790458671,0.0,0.0,0.0,159
k68,0.0,0.0,0.0,0.679263951,0.0,0.208333333,0.517375509,0.819023517,0.0,0.0,2051
k986,0.0,0.0758,0.141935491,0.769066812,0.2,0.166666667,0.584295238,0.861428307,0.375,0.116784893,3311
k2917,0.0,0.0,0.138849927,0.524713646,0.0,0.0,0.676521598,0.0,0.0,0.133279319,2839
k943,0.0,0.0,0.112054332,0.61644603,0.0,0.0,0.635299093,0.0,0.0,0.0,341
k643,0.0,0.0,0.0,0.679263951,0.0,0.125,0.474078361,0.794889204,0.0,0.0,42
k32,0.0,0.0,0.560271668,0.487776351,0.0,0.0,0.635299093,0.0,0.0,0.133279319,2147
k243,0.0,0.0,0.0,0.439357393,0.0,0.0,0.536149276,0.730942534,0.0,0.0,1004
k2889,0.0652,0.0625,0.182488488,0.69126932,0.0,0.166666667,0.76711024,0.0,0.0,0.224515487,1065
k588,0.0,0.0,0.133064516,0.653779867,0.4,0.166666667,0.747775312,0.88920437,0.375,0.100290462,1675
k3326,0.0,0.0,0.425806462,0.56701096,0.0,0.0,0.49681115,0.0,0.0,0.133279319,326
k3026,0.0,0.0,0.0,0.372990166,0.0,0.0,0.386594243,0.0,0.0,0.0,2474
k2547,0.087,0.0,0.0,0.566193139,0.0,0.25,0.623633424,0.0,0.0,0.00134,1734
k2561,0.0,0.38114614,0.553548365,0.515540775,0.0,0.166666667,0.694512174,0.0,0.0,0.0,202
k2070,0.0217,0.00701,0.236559137,0.688500365,0.0,0.125,0.623633424,0.0,0.0,0.0666,892
k83,0.0217,0.0,0.133064516,0.760486546,0.0,0.0417,0.59822025,0.849731498,0.0625,0.0,2351
k386,0.087,0.152126484,0.185133247,0.81966462,0.0,0.166666667,0.676521598,0.0,0.0,0.16666667,1623
k292,0.130434783,0.0,0.185133247,0.500445841,0.0,0.25,0.676521598,0.0,0.0,0.0,2786
k1000,0.0217,0.0551,0.197132611,0.583883709,0.0,0.333333333,0.711117512,0.82161595,0.0,0.0,1694
k581,0.0,0.0758,0.266129032,0.765646203,0.1,0.0,0.448665187,0.823220789,0.125,0.0666,2680
k1946,0.0,0.0625,0.473118285,0.500483123,0.0,0.0,0.474078361,0.0,0.0,0.0666,1755
k2650,0.0,0.214135001,0.62402671,0.52056377,0.0,0.0,0.726535682,0.838837109,0.1875,0.133279319,965
k2309,0.0,0.151635011,0.736972723,0.533951976,0.2,0.0,0.55341952,0.788747608,0.25,0.133279319,3150
