Key_2_9,D138,D913,D474,D526,D222,D84,D889,D135,D451,D210,Key_3_29
k1864,0.0,0.0,0.0,0.0,1.0,0.0711,0.0385,0.0,0.0,0.927678014,2820
k1706,0.0,0.0,0.0,0.0,1.0,0.0651,0.0,0.0,0.0,0.927678014,2989
k59,0.0,0.0,0.0,0.0,1.0,0.0277,0.0,0.153846154,0.0,0.927678014,3159
k1252,0.0,0.0,0.0455,0.0,1.0,0.039,0.0,0.0,0.0,0.927678014,1589
k1910,0.0,0.0,0.0455,0.0,1.0,0.0698,0.0,0.0769,0.0,0.927678014,994
k147,0.0,0.0,0.0,0.0,1.0,0.0125,0.0,0.0,0.0,0.927678014,905
k2813,0.0,0.0,0.0,0.0,1.0,0.0445,0.0,0.0769,0.0,0.927678014,3271
k2455,0.0,0.0,0.0,0.0,1.0,0.0828,0.0,0.0769,0.0,0.927678014,3
k3150,0.0,0.0,0.0,0.0,1.0,0.049,0.0,0.153846154,0.0,0.927678014,1776
k1843,0.0,0.0,0.0,0.0,1.0,0.0685,0.0,0.0769,0.0,0.927678014,1969
k2657,0.0,0.0,0.0,0.0,1.0,0.100985775,0.0,0.153846154,0.0,0.927678014,1664
k240,0.0,0.0,0.0,0.0,1.0,0.162730021,0.0,0.0,0.0,0.877370184,1993
k1074,0.0,0.0,0.0,0.0,1.0,0.0946,0.0,0.230769231,0.0667,0.453907538,1431
k1557,0.0,0.0,0.0,0.0,1.0,0.0231,0.0,0.0769,0.0,0.927678014,2010
k1015,0.0,0.0,0.0,0.0,1.0,0.0214,0.0,0.0,0.0,0.927678014,2061
k2153,0.0,0.0,0.0,0.0,1.0,0.0713,0.0,0.0,0.0,0.927678014,2798
k359,0.0,0.0,0.0455,0.0,1.0,0.0652,0.0,0.0769,0.0,0.927678014,1642
k1769,0.0,0.0,0.0,0.0,1.0,0.1658796,0.0,0.230769231,0.0,0.92583411,3122
k2841,0.0,0.0,0.0,0.0,1.0,0.0417,0.0,0.0,0.0,0.927678014,2067
k1924,0.0,0.0,0.0909,0.0,1.0,0.0577,0.0,0.0769,0.0,0.927678014,3065
k567,0.0,0.0,0.0455,0.0,1.0,0.0419,0.0,0.0,0.0,0.927678014,896
k258,0.0,0.0,0.0909,0.0,1.0,0.0372,0.0,0.0769,0.0,0.927678014,3174
k333,0.0,0.0,0.0,0.0,1.0,0.00886,0.0,0.0,0.0,0.927678014,1823
k1938,0.0,0.00333,0.0909,0.0,1.0,0.0336,0.0,0.0,0.0,0.927678014,1134
k793,0.0,0.0,0.0,0.0,1.0,0.0615,0.0,0.0,0.0,0.93207265,1974
k999,0.0,0.0,0.0,0.0,1.0,0.146072925,0.153846154,0.0,0.0,0.927678014,3095
k2984,0.0,0.0,0.0,0.0,1.0,0.0296,0.0,0.153846154,0.0,0.927678014,1432
k429,0.0,0.0,0.0909,0.0,1.0,0.0563,0.0,0.0769,0.0,0.927678014,2455
k1773,0.0,0.0,0.0,0.0,1.0,0.0589,0.0,0.0,0.0,0.927678014,1404
k321,0.0,0.0,0.0,0.0,1.0,0.0,0.0,0.0769,0.0,0.927678014,2709
k1578,0.0,0.0,0.181818182,0.0,1.0,0.0574,0.0,0.153846154,0.0,0.927678014,2206
k2652,0.0,0.0,0.0,0.0,1.0,0.218802814,0.0,0.0769,0.0,0.828127721,2229
k1061,0.0,0.0,0.0,0.0,1.0,0.0157,0.0,0.0,0.0,0.927678014,2791
k1380,0.0,0.0,0.0,0.0,1.0,0.0728,0.0,0.0,0.0,0.927678014,1179
k2693,0.0,0.0,0.0,0.0,1.0,0.0635,0.0,0.0,0.0,0.927678014,908
k142,0.0,0.0,0.0,0.0,1.0,0.0685,0.0,0.0,0.0,0.927678014,2538
k113,0.0,0.0,0.181818182,0.0,1.0,0.0755,0.0,0.0769,0.0,0.927678014,2081
k1327,0.0,0.0,0.0,0.0,1.0,0.0334,0.0,0.0,0.0,0.927678014,1498
k2333,0.0,0.0,0.0,0.0,1.0,0.0372,0.0,0.0769,0.0,0.927678014,1976
k1263,0.0,0.0,0.0,0.0,1.0,0.0464,0.0,0.0,0.0,0.927678014,2549
k389,0.0,0.0,0.181818182,0.0,1.0,0.0803,0.0,0.461538462,0.0,0.927678014,2626
k837,0.0,0.0,0.0,0.0,1.0,0.0852,0.0192,0.0769,0.0,0.927678014,964
k1625,0.0,0.0,0.0,0.0,1.0,0.0637,0.0,0.0769,0.0,0.927678014,2787
k192,0.0,0.0,0.181818182,0.0,1.0,0.0238,0.0,0.153846154,0.0,0.927678014,246
k1857,0.0,0.0,0.0,0.0,0.167328885,0.0315,0.0,0.230769231,0.2,0.927678014,1537
k715,0.0,0.0,0.0909,0.0,1.0,0.0467,0.0,0.0769,0.0,0.927678014,3078
k63,0.0,0.0,0.0455,0.0,1.0,0.0449,0.0,0.0,0.0,0.927678014,1091
k2095,0.0,0.0,0.0,0.0,1.0,0.0815,0.0,0.0,0.0,0.927678014,2272
k1584,0.0,0.0,0.181818182,0.0,1.0,0.0653,0.0385,0.0769,0.0,0.927678014,507
k499,0.0,0.0,0.0,0.0,1.0,0.0487,0.0,0.0,0.0,0.927678014,2633
k1616,0.0,0.0,0.0,0.0,1.0,0.0492,0.0577,0.0769,0.0,0.927678014,1125
k501,0.0,0.127777778,0.363636364,0.0,0.0447,0.257848816,0.0,0.923076923,0.0667,0.927678014,3272
k3346,0.0556,0.0,0.0,0.0,0.126246345,0.0167,0.0,0.230769231,0.0,0.927678014,684
k3053,0.0,0.0,0.0,0.0,1.0,0.0375,0.0,0.0,0.0,0.927678014,798
k3360,0.0,0.0,0.0,0.0,1.0,0.0748,0.0,0.0769,0.0,0.927678014,1793
k2133,0.0,0.0,0.0,0.0,1.0,0.0175,0.0,0.0,0.0,0.927678014,1403
k3245,0.0,0.0,0.0,0.0,1.0,0.0273,0.0,0.0,0.0,0.927678014,53
k1158,0.0,0.0,0.136363636,0.0,1.0,0.0491,0.0,0.153846154,0.0,0.927678014,1949
k152,0.0,0.0,0.0,0.0,1.0,0.0125,0.0192,0.0,0.0,0.927678014,1800
k1391,0.0,0.0,0.0,0.0,1.0,0.0832,0.0,0.0,0.0,0.927678014,3261
k2014,0.0,0.0,0.0,0.0,1.0,0.0419,0.0385,0.153846154,0.0,0.927678014,2029
k2764,0.0,0.0,0.0,0.0,1.0,0.0316,0.0,0.0769,0.0,0.927678014,1947
k745,0.0,0.0,0.0909,0.0,1.0,0.11271102,0.0385,0.0,0.0,0.927678014,1318
k1464,0.0,0.0,0.0,0.0,1.0,0.0697,0.0,0.0,0.0,0.927678014,1013
k2988,0.0,0.0,0.0,0.0,1.0,0.0516,0.0,0.153846154,0.0,0.927678014,241
k195,0.0,0.0,0.0,0.0,1.0,0.0592,0.0,0.0,0.0,0.927678014,2982
k1767,0.0,0.00222,0.0,0.0,1.0,0.305433505,0.0,0.0769,0.0,0.855294564,1408
k285,0.0,0.0,0.0,0.0,1.0,0.131488947,0.0,0.230769231,0.0,0.878333111,3031
k3185,0.0,0.0,0.0,0.0,1.0,0.0673,0.0385,0.0,0.0,0.927678014,2682
k3372,0.0,0.0,0.0,0.0,1.0,0.0684,0.0,0.0,0.0,0.927678014,2656
k370,0.0,0.0,0.0,0.0,1.0,0.0575,0.0,0.0,0.0,0.927678014,2308
k1865,0.0,0.0,0.0,0.0,1.0,0.0374,0.0962,0.0769,0.0,0.927678014,707
k1426,0.0,0.0,0.0,0.0,1.0,0.0168,0.0,0.0769,0.0,0.927678014,2924
k684,0.0,0.0,0.0,0.0,1.0,0.035,0.0,0.0,0.0,0.927678014,2203
k943,0.0,0.0,0.0,0.0,1.0,0.0706,0.0,0.0,0.0,0.927678014,2863
k1340,0.0,0.0,0.0455,0.0,1.0,0.0771,0.0,0.0769,0.0,0.927678014,1548
k2246,0.0,0.0,0.0,0.0,1.0,0.0505,0.0,0.0,0.0,0.927678014,3081
k2531,0.0,0.0,0.0455,0.0,1.0,0.0695,0.0,0.0769,0.0,0.927678014,1056
k1792,0.0,0.0,0.181818182,0.0,1.0,0.0544,0.0,0.153846154,0.0,0.927678014,3145
k2205,0.0,0.0,0.0,0.0,1.0,0.0339,0.0577,0.0,0.0,0.927678014,1624
k1070,0.0,0.0,0.0,0.0,1.0,0.022,0.0,0.0,0.0,0.927678014,2859
k1528,0.0556,0.00222,0.0,0.0,1.0,0.21235531,0.0,0.0769,0.0,0.749044756,3169
k3406,0.0,0.0,0.0,0.0,1.0,0.0317,0.0,0.0,0.0,0.927678014,226
k1102,0.0,0.0,0.0,0.0,1.0,0.0502,0.0,0.0,0.0,0.927678014,1747
k2293,0.0,0.0,0.0,0.0,1.0,0.024,0.0,0.153846154,0.0,0.927678014,2319
k2403,0.0,0.0,0.0,0.0,1.0,0.0238,0.0,0.153846154,0.0,0.927678014,3013
k546,0.0,0.0,0.181818182,0.0,1.0,0.0653,0.0,0.0769,0.0,0.927678014,2755
k23,0.0,0.0,0.181818182,0.0,1.0,0.0573,0.0,0.153846154,0.0,0.927678014,2496
k2617,0.0,0.0,0.0,0.0,1.0,0.0406,0.0,0.0769,0.0,0.927678014,944
k1153,0.0,0.0,0.0,0.0,1.0,0.0222,0.0,0.0,0.0,0.927678014,1562
k1639,0.0,0.0,0.0,0.0,1.0,0.0849,0.0,0.0,0.0,0.927678014,2736
k251,0.0,0.0,0.0,0.0,1.0,0.0243,0.0,0.0,0.0,0.927678014,434
k3200,0.0,0.0,0.0,0.0,1.0,0.0379,0.0,0.0,0.0,0.927678014,2541
k583,0.0,0.0,0.0,0.0,1.0,0.0796,0.0,0.0,0.0,0.927678014,996
k3084,0.0,0.0,0.0,0.0,1.0,0.0219,0.0,0.0,0.0,0.927678014,1329
k494,0.0,0.0,0.0,0.0,1.0,0.0947,0.153846154,0.230769231,0.0,0.927678014,2674
k3041,0.0,0.0,0.0,0.0,1.0,0.0403,0.0,0.0,0.0,0.927678014,1620
k2467,0.0,0.0,0.0,0.0,1.0,0.0177,0.0,0.0,0.0,0.927678014,232
k365,0.0,0.0,0.0,0.0,1.0,0.0759,0.0,0.0,0.0,0.927678014,1544
k3147,0.0,0.0,0.0,0.0,1.0,0.208903089,0.0,0.153846154,0.0,0.895071656,2084
k2247,0.0,0.0,0.0,0.0,1.0,0.0967,0.0,0.0,0.1,0.927678014,3212
k435,0.0,0.0,0.0,0.0,1.0,0.0646,0.0,0.0769,0.0,0.927678014,66
k843,0.0,0.0,0.0,0.0,1.0,0.0434,0.0385,0.0,0.0,0.927678014,519
k395,0.0,0.0,0.0455,0.0,1.0,0.0791,0.0,0.0769,0.0,0.927678014,139
k2047,0.0,0.0,0.0455,0.0,1.0,0.0796,0.0,0.0,0.0,0.927678014,3351
k1513,0.0,0.0,0.0,0.0,1.0,0.064,0.0,0.153846154,0.0,0.927678014,2102
k1492,0.0,0.0,0.0455,0.0,1.0,0.0695,0.0,0.0,0.0,0.927678014,2920
k1842,0.0,0.0311,0.227272727,0.0,1.0,0.0948,0.0,0.0,0.1,0.927678014,3082
k3114,0.0,0.0,0.272727273,0.0,1.0,0.093,0.0,0.0769,0.166666667,0.830576015,2446
k482,0.0,0.0,0.0,0.0,1.0,0.025,0.0,0.0,0.0,0.927678014,2735
k1575,0.0,0.0,0.0,0.0,1.0,0.0676,0.0,0.0,0.0,0.927678014,1234
k1329,0.0,0.0,0.0,0.0,1.0,0.0156,0.0385,0.0,0.0,0.927678014,231
k2965,0.0,0.0,0.0,0.0,1.0,0.0287,0.0,0.0,0.0667,0.927678014,809
k1397,0.0,0.0,0.0,0.0,1.0,0.0322,0.0385,0.0,0.0,0.927678014,1488
k3242,0.0,0.0,0.0,0.0,1.0,0.0467,0.0,0.0,0.0,0.927678014,2843
k1127,0.0,0.0,0.0,0.0,1.0,0.0334,0.0,0.0,0.0,0.927678014,2793
k1544,0.0,0.0,0.0,0.0,1.0,0.0185,0.0,0.0,0.0,0.927678014,69
k1609,0.0,0.0,0.0,0.0,1.0,0.128541164,0.0385,0.230769231,0.0,0.927678014,600
k1907,0.0,0.0,0.0,0.0,1.0,0.16358237,0.0,0.0769,0.0,0.957375101,2757
k438,0.0,0.0,0.0,0.0,1.0,0.0565,0.0385,0.153846154,0.0,0.927678014,1659
k2818,0.0,0.0,0.0,0.0,1.0,0.0985,0.0,0.0,0.0667,0.927678014,3181
k1958,0.0,0.0,0.0,0.0,1.0,0.118657805,0.0,0.0769,0.0,0.892377508,2437
k2476,0.0,0.0,0.0,0.0,1.0,0.0301,0.0,0.0,0.0,0.927678014,347
k1337,0.0,0.0,0.136363636,0.0,1.0,0.0552,0.0,0.0,0.0,0.927678014,1955
k1197,0.0,0.0,0.0909,0.0,1.0,0.0473,0.0,0.0769,0.0,0.927678014,1763
k266,0.0,0.0,0.0,0.0,1.0,0.0595,0.0577,0.0769,0.0,0.927678014,2789
k1477,0.0,0.0,0.181818182,0.0,1.0,0.0535,0.0,0.153846154,0.0,0.927678014,2833
k1994,0.0556,0.198888889,0.0,0.0,1.0,0.294838172,0.0,0.0769,0.0,0.741115971,2895
k791,0.0,0.0,0.0,0.0,1.0,0.0283,0.0192,0.0,0.0,0.927678014,2265
k2364,0.0,0.0,0.0,0.0,1.0,0.0655,0.0,0.0,0.0667,0.927678014,3388
k1388,0.0,0.0,0.0,0.0,1.0,0.0343,0.0,0.0769,0.0,0.927678014,2913
k2712,0.0,0.0,0.0,0.0,1.0,0.0125,0.0,0.153846154,0.0,0.927678014,699
k866,0.0,0.0,0.0,0.0,1.0,0.0654,0.0192,0.0,0.0,0.927678014,2901
k636,0.0,0.0,0.181818182,0.0,1.0,0.0862,0.0,0.153846154,0.0,0.927678014,1212
k2868,0.0,0.0,0.0,0.0,1.0,0.0493,0.0577,0.0,0.0,0.927678014,3142
k1880,0.0,0.0,0.0,0.0,1.0,0.0542,0.0,0.0769,0.0,0.927678014,1260
k1520,0.0,0.0,0.0455,0.0,1.0,0.0362,0.0192,0.0769,0.0,0.927678014,3371
k2226,0.0,0.0,0.0,0.0,1.0,0.0574,0.134615385,0.0769,0.0,0.927678014,1724
k3359,0.0,0.0,0.136363636,0.0,1.0,0.0507,0.0,0.230769231,0.0,0.481258771,162
k3263,0.0,0.0,0.0,0.0,1.0,0.0383,0.0,0.0,0.0,0.927678014,2044
k2800,0.0,0.0,0.0455,0.0,1.0,0.0626,0.0,0.0,0.0333,0.927678014,2603
k3429,0.0,0.0,0.0455,0.0,1.0,0.0124,0.0,0.0,0.0,0.927678014,1460
k1194,0.0,0.0,0.0,0.0,1.0,0.0429,0.0,0.0769,0.0,0.927678014,2799
k155,0.0,0.0,0.0455,0.0,1.0,0.0445,0.0,0.0,0.0,0.927678014,2738
k2751,0.0,0.0,0.0,0.0,1.0,0.0392,0.0,0.0769,0.0,0.927678014,1608
k1705,0.0,0.0,0.0,0.0,1.0,0.0,0.0,0.0,0.0,0.927678014,3220
k527,0.0,0.0156,0.0,0.0,1.0,0.0535,0.0,0.0769,0.0,0.927678014,2953
k93,0.0,0.0,0.181818182,0.0,1.0,0.0799,0.0,0.0769,0.0,0.927678014,273
k1094,0.0,0.0,0.0,0.0,1.0,0.0596,0.0,0.0,0.0,0.927678014,2543
k1342,0.0,0.0,0.0,0.0,1.0,0.0702,0.0,0.0,0.0,0.927678014,1847
k2427,0.0,0.0,0.0,0.0,1.0,0.141854217,0.0,0.307692308,0.0,0.791095996,3191
k1312,0.0,0.0,0.0,0.0,1.0,0.0115,0.0,0.0,0.0,0.927678014,2615
k2599,0.0,0.0978,0.0,0.0,1.0,0.0658,0.0,0.0769,0.0,0.927678014,1521
k334,0.0,0.0,0.0,0.0,1.0,0.0572,0.0,0.0,0.0,0.927678014,592
k1947,0.0,0.0,0.0,0.0,1.0,0.0,0.0,0.0,0.0,0.927678014,1293
k1786,0.0,0.0,0.0,0.0,1.0,0.0451,0.0,0.0769,0.0,0.927678014,935
k532,0.0,0.0,0.0,0.0,1.0,0.130822242,0.0,0.0,0.0,0.781845747,1136
k3321,0.0,0.0,0.0,0.0,1.0,0.068,0.0385,0.0,0.0,0.927678014,565
k201,0.0,0.0,0.0909,0.0,1.0,0.0411,0.0,0.0,0.0,0.927678014,136
k186,0.0,0.0,0.0,0.0,1.0,0.0682,0.115384615,0.153846154,0.0,0.927678014,3324
k1866,0.0,0.0,0.0,0.0,1.0,0.0877,0.0,0.0,0.0,0.927678014,1632
k2787,0.111111111,0.0,0.0,0.0,1.0,0.224145483,0.538461538,0.0,0.0,0.742386216,799
k2950,0.0,0.0,0.0,0.0,1.0,0.0426,0.0,0.0769,0.0,0.927678014,1126
k3238,0.0,0.0,0.0,0.0,1.0,0.0537,0.0,0.153846154,0.0,0.927678014,1236
k2485,0.0,0.0,0.0,0.0,1.0,0.0868,0.0385,0.0,0.0,0.927678014,1657
k2995,0.0,0.0,0.0,0.0,1.0,0.0056,0.0,0.0769,0.0667,0.927678014,1089
k840,0.0,0.0,0.0,0.0,1.0,0.0379,0.0,0.0,0.0,0.927678014,1931
k541,0.0,0.0,0.181818182,0.0,1.0,0.0794,0.0,0.307692308,0.0,0.927678014,1769
k898,0.0,0.0,0.0,0.0,1.0,0.0647,0.0,0.0,0.0,0.927678014,91
k2513,0.0,0.0,0.0455,0.0,1.0,0.028,0.0,0.0,0.0,0.927678014,2424
k737,0.0,0.0,0.0,0.0,1.0,0.076,0.0,0.0,0.0,0.859320419,3045
k1957,0.0,0.0,0.0,0.0,1.0,0.0468,0.0385,0.0,0.0,0.927678014,2837
k579,0.0,0.0,0.0,0.0,1.0,0.00886,0.0,0.0,0.0,0.927678014,1484
k2261,0.0,0.0,0.0,0.0,1.0,0.075,0.0,0.0,0.0,0.927678014,77
k2978,0.0,0.0,0.0,0.0,1.0,0.0838,0.0,0.0,0.0,0.927678014,1587
k930,0.0,0.0,0.0,0.0,1.0,0.0358,0.0385,0.0,0.0,0.927678014,174
k1980,0.0,0.0,0.0,0.0,1.0,0.113053724,0.0,0.0,0.0,0.927678014,336
k1410,0.0556,0.0,0.0,0.0,1.0,0.106977722,0.0,0.0769,0.0,0.843821387,1061
k1462,0.0,0.0,0.0,0.0,1.0,0.0475,0.0,0.0,0.0,0.927678014,513
k1196,0.0,0.0,0.0,0.0,1.0,0.0544,0.0,0.0,0.0,0.927678014,2539
k717,0.0,0.0,0.0,0.0,1.0,0.0234,0.0,0.0,0.0,0.927678014,2862
k2615,0.0,0.0,0.0,0.0,1.0,0.0375,0.0,0.230769231,0.0,0.927678014,1218
k582,0.0,0.0,0.0455,0.0,1.0,0.0484,0.0,0.0,0.0,0.927678014,1564
k695,0.0,0.0,0.0,0.0,1.0,0.0776,0.0,0.0,0.0,0.927678014,43
k3214,0.0,0.0,0.0,0.0,1.0,0.0494,0.0,0.0,0.0,0.927678014,143
k2563,0.0,0.0,0.0,0.0,1.0,0.0685,0.0385,0.0,0.0,0.927678014,3016
k2517,0.0,0.0,0.0,0.0,1.0,0.044,0.0,0.0,0.0,0.927678014,2927
k1538,0.0,0.0,0.0,0.0,1.0,0.055,0.0,0.0,0.0,0.927678014,925
k2045,0.0,0.0,0.0,0.0,1.0,0.0153,0.0,0.0,0.0,0.927678014,745
k79,0.0,0.0,0.0,0.0,1.0,0.0615,0.0,0.0,0.0,0.927678014,1787
k535,0.0,0.0,0.0,0.0,0.333664443,0.0749,0.0,0.153846154,0.0,0.927678014,2700
k852,0.0,0.0,0.0,0.0,1.0,0.0461,0.0,0.0,0.0333,0.927678014,2845
k3148,0.0,0.0,0.0,0.0,1.0,0.0268,0.0,0.0769,0.0,0.927678014,956
k1063,0.0,0.0,0.0,0.0,1.0,0.112005104,0.0,0.153846154,0.0,0.927678014,1841
k2127,0.0556,0.0,0.0,0.0,1.0,0.118410846,0.0,0.0,0.0,0.866030179,1161
k3033,0.0,0.0,0.0455,0.0,1.0,0.0942,0.0,0.0,0.0,0.927678014,2521
k1509,0.0,0.0,0.0,0.0,1.0,0.0489,0.0,0.0769,0.0,0.927678014,2742
k3302,0.0,0.0,0.0,0.0,1.0,0.0589,0.0,0.0769,0.0,0.865077495,959
k1151,0.0,0.0,0.0,0.0,1.0,0.072,0.0,0.0,0.0,0.927678014,2666
k1529,0.0,0.0,0.0,0.0,1.0,0.0904,0.0,0.0,0.0,0.927678014,1515
k1179,0.0,0.0,0.0,0.0,1.0,0.0835,0.0,0.0,0.0,0.927678014,2122
k1093,0.0,0.0,0.0,0.0,1.0,0.0291,0.0,0.0769,0.0,0.927678014,2407
k1601,0.0,0.0,0.0,0.0,1.0,0.0825,0.153846154,0.153846154,0.0,0.927678014,563
k2677,0.0,0.0,0.181818182,0.0,1.0,0.0489,0.0,0.230769231,0.0,0.927678014,3193
k1199,0.0,0.0,0.0,0.0,1.0,0.0598,0.0,0.0,0.0,0.927678014,153
k2376,0.0556,0.0,0.0,0.0,1.0,0.119386037,0.0,0.0769,0.0,0.773681353,8
k3211,0.0,0.0,0.0,0.0,1.0,0.0479,0.0,0.0,0.0,0.927678014,2025
k3152,0.0,0.0,0.136363636,0.0,1.0,0.123639387,0.0769,0.0769,0.0,0.927678014,1575
k3343,0.0,0.0,0.0,0.0,1.0,0.0121,0.0,0.153846154,0.0,0.927678014,3343
k1936,0.0,0.0,0.0,0.0,1.0,0.0397,0.0,0.0769,0.0,0.927678014,1087
k939,0.0,0.0,0.0,0.0,1.0,0.062,0.0385,0.0,0.0,0.927678014,1361
k2079,0.0,0.0,0.0,0.0,1.0,0.0572,0.0385,0.0,0.0,0.927678014,1422
k2691,0.0,0.0,0.0,0.0,1.0,0.271515198,0.0,0.0769,0.0,0.895297022,840
k1723,0.0,0.0,0.0,0.0,1.0,0.0473,0.0,0.0,0.0,0.927678014,3381
k26,0.0,0.0,0.0,0.0,1.0,0.124467614,0.0,0.230769231,0.0,0.875249695,3429
k1733,0.0,0.0,0.0,0.0,1.0,0.0106,0.0,0.0,0.0,0.927678014,1227
k2698,0.0,0.0,0.181818182,0.0,1.0,0.079,0.0,0.0769,0.0,0.927678014,2779
k3115,0.0,0.0,0.0,0.0,1.0,0.0518,0.0,0.0769,0.0,0.927678014,306
k1519,0.0,0.0,0.0,0.0,1.0,0.0656,0.0,0.153846154,0.0,0.927678014,3400
k2731,0.0,0.00667,0.0,0.0,1.0,0.138112212,0.0,0.0769,0.0,0.910734591,1636
k2555,0.0,0.0,0.0,0.0,1.0,0.0572,0.0,0.0,0.0,0.927678014,2047
k461,0.0,0.0,0.0455,0.0,1.0,0.0517,0.0,0.0,0.0,0.927678014,2695
k1002,0.0,0.0,0.0909,0.0,1.0,0.0525,0.0,0.230769231,0.0,0.927678014,176
k1999,0.0,0.0,0.0,0.0,1.0,0.0,0.0192,0.0,0.0,0.927678014,1279
k3313,0.0,0.0,0.0,0.0,1.0,0.0859,0.115384615,0.0,0.0,0.927678014,1495
k3278,0.0,0.0,0.0,0.0,1.0,0.00886,0.0,0.0769,0.0,0.927678014,1036
k3409,0.0,0.0,0.0,0.0,1.0,0.067,0.0385,0.0769,0.0,0.927678014,1063
k2847,0.0,0.0,0.0,0.0,1.0,0.026,0.0,0.0,0.0,0.927678014,1826
k1011,0.0,0.0,0.0455,0.0,1.0,0.0873,0.0,0.0769,0.0,0.927678014,2366
k2170,0.0,0.0,0.0,0.0,1.0,0.0409,0.0,0.0,0.0,0.927678014,1958
k2248,0.0,0.0,0.0,0.0,1.0,0.068,0.0,0.153846154,0.0,0.927678014,2510
k1605,0.0,0.0,0.0,0.0,1.0,0.0716,0.0,0.0,0.0,0.927678014,1045
k150,0.0,0.0,0.181818182,0.0833,1.0,0.0498,0.0,0.153846154,0.233333333,0.927678014,9
k2053,0.0,0.0,0.0909,0.0,1.0,0.0784,0.0,0.0769,0.0,0.927678014,2536
k2218,0.0,0.0,0.0,0.0,1.0,0.148677897,0.0769,0.0,0.0,0.8052121,2996
k2668,0.0,0.0,0.0,0.0,1.0,0.036,0.0,0.0,0.0,0.927678014,3223
k18,0.0,0.0,0.0,0.0,0.37094235,0.106338115,0.0,0.230769231,0.0,0.927678014,1480
k1417,0.0,0.0,0.0455,0.0,1.0,0.0302,0.0,0.0,0.0,0.927678014,1322
k2404,0.0,0.0,0.0,0.0,1.0,0.0572,0.0,0.0,0.0,0.927678014,775
k2298,0.0,0.0,0.0,0.0,1.0,0.0564,0.0,0.0,0.0,0.927678014,2771
k698,0.0,0.0,0.0,0.0,1.0,0.046,0.0,0.0,0.0,0.927678014,20
k1481,0.0,0.0,0.0,0.0,1.0,0.0459,0.0,0.0,0.0,0.927678014,1697
k38,0.0,0.0,0.0455,0.0,1.0,0.064,0.0,0.0,0.0,0.927678014,3117
k3198,0.0,0.0,0.0,0.0,1.0,0.0334,0.0,0.0,0.0,0.927678014,1065
k2592,0.0,0.0,0.0,0.0,1.0,0.0205,0.0,0.0,0.0,0.927678014,2001
k1643,0.0,0.0,0.0455,0.0,1.0,0.0517,0.0,0.0769,0.0,0.927678014,2931
k1832,0.0,0.0,0.0,0.0,1.0,0.0473,0.0,0.0,0.0,0.927678014,595
k709,0.0,0.0,0.0,0.0,1.0,0.0669,0.0,0.0769,0.0,0.927678014,5
k2109,0.0,0.0,0.0,0.0,1.0,0.0604,0.0385,0.0769,0.0,0.927678014,2509
k2292,0.0556,0.0,0.0,0.0,1.0,0.14477894,0.0,0.230769231,0.0,0.839600897,1868
k1363,0.0,0.0,0.0,0.0,1.0,0.019,0.0,0.0,0.0,0.927678014,1954
k3178,0.0,0.0,0.0,0.0,1.0,0.107813387,0.0,0.0,0.0,0.927678014,2992
k1152,0.0,0.726666667,1.0,0.666666667,1.0,0.339066915,0.0,0.307692308,0.8,0.927678014,1634
k1872,0.0,0.0,0.0,0.0,1.0,0.0709,0.0,0.0,0.0,0.927678014,667
k605,0.0,0.0,0.0,0.0,1.0,0.0389,0.0385,0.0769,0.0,0.927678014,1164
k2275,0.0,0.0,0.0,0.0,1.0,0.0223,0.0,0.0,0.0,0.927678014,2131
k343,0.0556,0.0,0.0,0.0,1.0,0.259668811,0.0,0.0769,0.0,0.921623864,482
k804,0.0,0.0,0.0,0.0,1.0,0.0484,0.0,0.0,0.0,0.927678014,1709
k1013,0.0,0.0,0.0,0.0,1.0,0.0276,0.0,0.0,0.0,0.927678014,1824
k1649,0.0556,0.00222,0.0,0.0,1.0,0.206523504,0.0,0.0769,0.0,0.754515002,2323
k1369,0.0,0.0,0.0,0.0,1.0,0.0519,0.0,0.0,0.0,0.927678014,1048
k3184,0.0,0.0,0.0,0.0,1.0,0.0528,0.0,0.0769,0.0,0.927678014,1579
k1480,0.0,0.0,0.0,0.0,1.0,0.0467,0.0385,0.0769,0.0,0.927678014,1670
k2219,0.0,0.00444,0.0,0.0,1.0,0.0655,0.0,0.230769231,0.0,0.927678014,2819
k776,0.0,0.0,0.0,0.0,1.0,0.0501,0.0,0.153846154,0.0667,0.927678014,604
k978,0.0,0.0,0.363636364,0.0,1.0,0.0642,0.0,0.230769231,0.0,0.927678014,574
k719,0.0,0.0,0.181818182,0.0833,1.0,0.0399,0.0,0.0,0.0333,0.927678014,2018
k663,0.0,0.0,0.0,0.0,1.0,0.0531,0.0,0.0,0.0,0.927678014,3103
k9,0.0,0.00111,0.0,0.0,1.0,0.0507,0.0,0.0,0.0,0.927678014,1031
k1075,0.0,0.0,0.0,0.0,0.207643002,0.0791,0.0,0.230769231,0.0,0.927678014,1434
k2730,0.0,0.0,0.0,0.0,1.0,0.0106,0.0,0.0,0.0,0.927678014,186
k2341,0.0,0.0,0.0,0.0,1.0,0.0497,0.0,0.0769,0.0,0.927678014,219
k3120,0.0,0.0,0.0,0.0,1.0,0.0125,0.0,0.0769,0.0,0.927678014,1798
k269,0.0,0.0,0.0,0.0,1.0,0.0831,0.0,0.0769,0.0,0.927678014,989
k2890,0.0,0.0,0.0,0.0,1.0,0.0723,0.0,0.0,0.0,0.927678014,2380
k2069,0.0,0.0,0.0,0.0,1.0,0.072,0.0,0.0,0.0,0.927678014,739
k255,0.0,0.0,0.0,0.0,1.0,0.0484,0.0,0.0,0.0,0.927678014,2870
k55,0.0,0.0,0.0909,0.0,1.0,0.0181,0.0,0.0769,0.133333333,0.927678014,1314
k1926,0.0,0.0,0.0,0.0,1.0,0.0303,0.0385,0.0,0.0,0.927678014,3135
k2382,0.0,0.0,0.0455,0.0,1.0,0.0571,0.0,0.230769231,0.133333333,0.927678014,2057
k1758,0.0,0.0,0.0,0.0,1.0,0.045,0.0192,0.0,0.0,0.927678014,2672
k2119,0.0,0.0,0.0,0.0,1.0,0.167317573,0.0,0.230769231,0.0,0.945143876,2338
k740,0.0,0.0,0.363636364,0.0,1.0,0.0871,0.0,0.0769,0.0,0.927678014,3094
k2020,0.0,0.0,0.0,0.0,1.0,0.0504,0.0,0.0,0.0,0.927678014,264
k3232,0.0556,0.198888889,0.0,0.0,1.0,0.275577272,0.0,0.0769,0.0,0.74764134,454
k1046,0.0,0.0,0.0,0.0,1.0,0.047,0.0,0.153846154,0.0,0.927678014,1213
k3035,0.0,0.0,0.0,0.0,1.0,0.0,0.0,0.0,0.0,0.927678014,1807
k1549,0.0,0.0,0.0455,0.0,1.0,0.0699,0.0,0.153846154,0.0,0.927678014,740
k3047,0.0,0.0,0.0,0.0,1.0,0.0125,0.0,0.0,0.0,0.927678014,2749
k2104,0.0,0.0,0.0,0.0,1.0,0.0277,0.0,0.0,0.0,0.927678014,2942
k295,0.0,0.0,0.0,0.0,1.0,0.0728,0.0,0.153846154,0.0,0.927678014,980
k492,0.0,0.0,0.0,0.0,1.0,0.0399,0.0,0.0769,0.0,0.927678014,2544
k1725,0.0,0.0,0.0455,0.0,1.0,0.0261,0.0,0.0,0.0,0.927678014,2090
k3192,0.0,0.0,0.0,0.0,1.0,0.0598,0.0,0.0769,0.0,0.927678014,2974
k2217,0.0,0.0,0.0,0.0,1.0,0.0617,0.0,0.0,0.0,0.927678014,1813
k161,0.0,0.0,0.272727273,0.0,1.0,0.109139677,0.0385,0.230769231,0.0,0.927678014,1619
k1854,0.0,0.0,0.0455,0.0,1.0,0.0677,0.0,0.0769,0.0,0.927678014,1209
k2618,0.0,0.0,0.0,0.0,1.0,0.0353,0.0,0.0,0.0,0.927678014,730
k1588,0.0,0.0,0.0,0.0,1.0,0.0484,0.0,0.0769,0.0,0.927678014,2562
k1629,0.0,0.0,0.0,0.0,1.0,0.0516,0.0,0.0,0.0,0.927678014,35
k2560,0.0,0.0,0.0909,0.0,1.0,0.0411,0.0,0.153846154,0.0,0.927678014,2955
k1097,0.0,0.0,0.0,0.0,1.0,0.0604,0.0,0.0,0.0,0.801176001,2526
k3246,0.0,0.0,0.0,0.0,1.0,0.0158,0.0,0.0,0.0,0.927678014,3011
k356,0.0,0.0,0.0,0.0,1.0,0.0506,0.0,0.0,0.0,0.927678014,816
k2619,0.0,0.0,0.0,0.0,1.0,0.0425,0.0385,0.0,0.0,0.927678014,1790
k1839,0.0,0.0,0.0,0.0,1.0,0.0568,0.0,0.153846154,0.0,0.927678014,622
k2312,0.0,0.0,0.0,0.0,1.0,0.0152,0.0,0.0,0.0,0.927678014,2409
k2091,0.0,0.0,0.0,0.0,1.0,0.0894,0.0577,0.0769,0.0,0.927678014,247
k2906,0.0,0.0,0.0,0.0,1.0,0.0407,0.0,0.0,0.0,0.927678014,1326
k838,0.0,0.0,0.181818182,0.0,1.0,0.03,0.0,0.0,0.0,0.927678014,845
k2452,0.0,0.0,0.0,0.0,1.0,0.021,0.0,0.0,0.0667,0.927678014,559
k2739,0.0,0.0,0.0,0.0,1.0,0.0125,0.0385,0.0,0.0,0.927678014,2739
k1309,0.0,0.0,0.0,0.0,1.0,0.0125,0.0,0.0,0.0,0.927678014,438
k2537,0.0,0.0,0.0,0.0,1.0,0.0818,0.0,0.0,0.0,0.927678014,1705
k2001,0.0,0.0,0.0,0.0,1.0,0.0717,0.0,0.0769,0.0,0.927678014,2373
k280,0.0,0.0,0.0,0.0,1.0,0.0839,0.0,0.0769,0.0,0.927678014,3206
k1029,0.0,0.0,0.0,0.0,1.0,0.0,0.0,0.0769,0.0,0.927678014,2991
k1165,0.0,0.0,0.0,0.0,1.0,0.052,0.0385,0.153846154,0.0,0.927678014,758
k2569,0.0,0.0,0.0,0.0,1.0,0.0685,0.0,0.0,0.0,0.927678014,2485
k3300,0.0,0.0,0.0,0.0,1.0,0.0309,0.0,0.0,0.0,0.927678014,1052
k2162,0.0,0.0,0.136363636,0.0,1.0,0.0751,0.0,0.230769231,0.0333,0.927678014,1533
k141,0.0,0.0,0.0,0.0,1.0,0.0348,0.0385,0.0,0.0,0.927678014,659
k42,0.0,0.0,0.0455,0.0,1.0,0.0734,0.0,0.0769,0.0,0.906124832,1215
k563,0.0,0.0,0.0909,0.0,1.0,0.0361,0.0,0.0769,0.0,0.927678014,1108
k1810,0.0,0.0,0.181818182,0.0,1.0,0.0357,0.0,0.0,0.0,0.927678014,2584
k2186,0.0,0.0,0.0,0.0,1.0,0.00511,0.0,0.0,0.0,0.927678014,1448
k2738,0.0,0.0,0.0,0.0833,1.0,0.0661,0.0,0.0,0.0,0.927678014,1728
k1017,0.0,0.0,0.0,0.0,1.0,0.0339,0.0,0.0769,0.0,0.927678014,2759
k3391,0.0,0.0,0.0,0.0,1.0,0.0244,0.0,0.0769,0.0,0.927678014,105
k1497,0.0,0.0,0.0,0.0,1.0,0.0149,0.0,0.0,0.0,0.927678014,1778
k2240,0.0,0.0,0.0,0.0,1.0,0.0738,0.0385,0.0769,0.0,0.927678014,716
k1188,0.0,0.0,0.0,0.0,1.0,0.0442,0.0,0.153846154,0.0,0.927678014,1831
k270,0.0,0.0,0.0,0.0,1.0,0.163516379,0.0,0.307692308,0.0,0.841567728,24
k31,0.0,0.0,0.0,0.0,1.0,0.0449,0.0,0.0,0.0,0.927678014,3017
k519,0.0,0.0,0.0,0.0,1.0,0.0152,0.0,0.0,0.0,0.927678014,358
k2017,0.0,0.0,0.0,0.0,1.0,0.0448,0.0,0.153846154,0.0,0.927678014,3292
k1572,0.0,0.114444444,0.454545455,0.0,0.190419072,0.133200233,0.0,0.307692308,0.0667,0.927678014,2347
k2306,0.0,0.0,0.136363636,0.0,1.0,0.0259,0.0,0.0769,0.0,0.927678014,343
k1484,0.0,0.0,0.0,0.0,1.0,0.0901,0.0769,0.0,0.0,0.927678014,2961
k1118,0.0,0.0,0.0,0.0,1.0,0.0816,0.0,0.0,0.0667,0.84899456,1445
k377,0.0,0.0,0.0,0.0,1.0,0.321644076,0.0,0.461538462,0.0,0.873334085,709
k257,0.0,0.0,0.0,0.0,1.0,0.0711,0.0,0.0,0.0,0.927678014,619
k2895,0.0,0.0,0.0909,0.0,1.0,0.0523,0.0,0.153846154,0.0,0.927678014,1628
k2044,0.0,0.0,0.0,0.0,0.129301297,0.0759,0.0,0.384615385,0.0,0.927678014,288
k1025,0.0,0.0,0.0,0.0,1.0,0.0501,0.0,0.0,0.0,0.927678014,1602
k505,0.0,0.0,0.0,0.0,0.156214859,0.0768,0.0,0.230769231,0.0,0.927678014,939
k1934,0.0,0.0,0.0,0.0,1.0,0.0728,0.0,0.0769,0.0,0.927678014,808
k2611,0.0,0.0,0.0,0.0,1.0,0.037,0.0,0.0,0.0,0.927678014,63
k2475,0.0,0.0,0.0,0.0,1.0,0.0394,0.0385,0.0769,0.0,0.927678014,310
k470,0.0,0.0,0.0909,0.0,1.0,0.111383456,0.0,0.0,0.0,0.927678014,694
k1332,0.0,0.0,0.0909,0.0,1.0,0.0638,0.0,0.153846154,0.0,0.927678014,1264
k169,0.0,0.0,0.0,0.0,0.395869256,0.062,0.0,0.307692308,0.0,0.927678014,2797
k3102,0.0,0.00444,0.0,0.0,1.0,0.0579,0.0,0.0,0.0,0.927678014,1368
k2722,0.0,0.0,0.0,0.0,1.0,0.264224591,0.0,0.0769,0.0333,0.755221832,3138
k81,0.0,0.0,0.0,0.0,1.0,0.0799,0.0,0.0,0.0,0.927678014,3067
k2204,0.0,0.0,0.136363636,0.0833,1.0,0.0534,0.0,0.0,0.166666667,0.927678014,1248
k1515,0.0,0.0,0.0,0.0,1.0,0.0835,0.0,0.0,0.0,0.927678014,1039
k753,0.0,0.0,0.0,0.0,1.0,0.0175,0.0,0.0769,0.0,0.927678014,2169
k2647,0.0,0.0,0.0,0.0,1.0,0.0754,0.0,0.0769,0.0,0.927678014,3327
k1230,0.0,0.0,0.0,0.0,1.0,0.032,0.0,0.153846154,0.0,0.927678014,107
k284,0.0,0.0,0.181818182,0.0,1.0,0.071,0.0,0.230769231,0.0,0.927678014,2912
k2105,0.0,0.0,0.181818182,0.0,1.0,0.0538,0.0,0.0769,0.0,0.927678014,62
k2501,0.0,0.0,0.0,0.0,1.0,0.045,0.0,0.0769,0.0,0.927678014,825
k2445,0.0,0.0,0.0,0.166666667,1.0,0.0565,0.0769,0.0769,0.0,0.927678014,838
k3072,0.0,0.0,0.0,0.0,1.0,0.0753,0.0,0.0,0.0,0.927678014,1946
k230,0.0,0.0,0.0,0.0,1.0,0.0517,0.0385,0.0,0.0,0.927678014,1270
k2612,0.0,0.0,0.0,0.0,1.0,0.0,0.0,0.0,0.0,0.927678014,1206
k3174,0.0,0.0,0.0,1.0,1.0,0.05,0.0,0.307692308,0.0,0.927678014,997
k1185,0.0,0.0,0.181818182,0.0833,1.0,0.0472,0.0,0.0769,0.166666667,0.927678014,2801
k1829,0.0,0.0,0.0,0.0,1.0,0.0563,0.0769,0.0,0.0,0.927678014,1892
k802,0.0,0.0,0.0,0.0,1.0,0.0378,0.0,0.0,0.0,0.927678014,2947
k138,0.0,0.0,0.0,0.0,1.0,0.0325,0.0,0.0,0.0,0.927678014,2654
k2088,0.0,0.00111,0.181818182,0.0,1.0,0.110120181,0.0962,0.153846154,0.0,0.927678014,3120
k597,0.0,0.0,0.181818182,0.0,1.0,0.0218,0.0,0.153846154,0.0,0.927678014,1527
k2912,0.0,0.0,0.0,0.0,1.0,0.0,0.0,0.0,0.0,0.927678014,1423
k3353,0.0,0.0,0.0455,0.0833,1.0,0.0808,0.0,0.0,0.0,0.927678014,1683
k69,0.0,0.0,0.181818182,0.0,0.369836569,0.11710379,0.0,0.230769231,0.0,0.927678014,1978
k118,0.0,0.0,0.0,0.0,1.0,0.0694,0.0,0.0,0.0,0.927678014,2940
k3193,0.0,0.0,0.0,0.0,1.0,0.0768,0.0,0.0769,0.0,0.927678014,2868
k299,0.0,0.0,0.0,0.0,1.0,0.0168,0.0,0.0,0.0,0.927678014,156
k2274,0.0,0.0,0.0,0.0,1.0,0.0816,0.0385,0.0,0.0,0.925301427,1509
k3038,0.0,0.0,0.0,0.0,1.0,0.113549874,0.0962,0.0,0.0,0.927678014,672
k1147,0.0,0.0,0.0,0.0,1.0,0.0345,0.0,0.0,0.0,0.927678014,2460
k1988,0.0,0.0,0.0,0.0,1.0,0.0428,0.0,0.0769,0.0,0.927678014,506
k2430,0.0,0.0,0.0,0.0,1.0,0.0356,0.0,0.0769,0.0,0.927678014,3073
k868,0.0,0.0,0.0,0.0,1.0,0.0742,0.0,0.0,0.0,0.927678014,3037
k1955,0.0556,0.0,0.0,0.0,1.0,0.125027629,0.0,0.0,0.0,0.887132628,3218
k2571,0.0,0.0,0.0,0.0,1.0,0.0754,0.0,0.0769,0.0,0.927678014,859
k209,0.0,0.0,0.0,0.0,1.0,0.0388,0.0,0.0,0.0,0.927678014,3058
k2892,0.0,0.0,0.0,0.0,1.0,0.0837,0.0,0.0,0.0,0.927678014,1438
k190,0.0,0.0,0.0,0.0,1.0,0.0666,0.0,0.0,0.0,0.927678014,2166
k2533,0.0,0.0,0.0455,0.0,1.0,0.0594,0.0,0.0,0.0333,0.927678014,1554
k1355,0.0,0.0,0.136363636,0.0,1.0,0.0334,0.0,0.0,0.0,0.927678014,2013
k3074,0.0,0.0,0.0,0.0,1.0,0.180607779,0.0,0.0769,0.0,0.722861328,366
k1190,0.0,0.0,0.0,0.0,1.0,0.0637,0.0,0.0769,0.0,0.927678014,1759
k2862,0.0,0.0,0.0,0.0,0.157076992,0.0772,0.0,0.230769231,0.0,0.927678014,128
k2707,0.0,0.0,0.0,0.0,1.0,0.0564,0.0,0.0,0.0,0.927678014,211
k246,0.0,0.0,0.227272727,0.0,1.0,0.0481,0.0385,0.0,0.0,0.927678014,751
k3040,0.0,0.0,0.0,0.0,1.0,0.0488,0.0577,0.0769,0.0,0.927678014,2055
k2191,0.0,0.0,0.0,0.0,1.0,0.0,0.0,0.0,0.0,0.927678014,3382
k2789,0.0,0.0,0.0,0.0,1.0,0.0539,0.0,0.0769,0.0,0.927678014,1929
k2438,0.0,0.0,0.181818182,0.0833,1.0,0.0609,0.0,0.0769,0.166666667,0.927678014,3399
k3101,0.0,0.0,0.0,0.0,1.0,0.0706,0.0,0.0,0.0,0.870240425,3207
k2806,0.0,0.0,0.0909,0.0,1.0,0.0461,0.0,0.153846154,0.0,0.927678014,349
k600,0.0,0.0,0.0455,0.0,1.0,0.0976,0.0,0.230769231,0.0,0.927678014,2088
k2315,0.0,0.0,0.0,0.0,1.0,0.0558,0.0385,0.0,0.0,0.927678014,1100
k308,0.0,0.0,0.0,0.0,1.0,0.0383,0.0,0.0769,0.0,0.927678014,1231
k3393,0.0,0.0,0.0,0.0,1.0,0.0465,0.0,0.0769,0.0667,0.927678014,1944
k2319,0.0,0.0,0.0,0.0,1.0,0.0649,0.0,0.0769,0.0,0.836128213,1296
k2126,0.0,0.0,0.0,0.0,1.0,0.0174,0.0,0.0769,0.0,0.927678014,1135
k953,0.0,0.0,0.0,0.0,1.0,0.0124,0.0,0.0,0.0,0.927678014,645
k3139,0.0,0.0,0.0909,0.0,1.0,0.0681,0.0,0.0769,0.0,0.927678014,523
k899,0.0,0.0,0.0455,0.0,1.0,0.0745,0.0,0.0769,0.0,0.927678014,999
k2041,0.0,0.0,0.0,0.0,1.0,0.0541,0.0,0.0,0.0,0.927678014,505
k3001,0.0,0.0,0.0,0.0,1.0,0.0359,0.0,0.0,0.0,0.927678014,554
k2177,0.0,0.0,0.0,0.0,1.0,0.0376,0.0,0.0769,0.0,0.927678014,2284
k450,0.0,0.0,0.0,0.0,1.0,0.0451,0.0,0.0769,0.0,0.927678014,3406
k3162,0.0,0.0,0.0,0.0,1.0,0.063,0.0,0.0,0.0,0.927678014,166
k1473,0.0,0.0,0.0,0.0,1.0,0.0886,0.0,0.153846154,0.0,0.927678014,2034
k2816,0.0,0.0,0.0,0.0,1.0,0.0106,0.0,0.0,0.0,0.927678014,1169
k3426,0.0,0.0,0.0,0.0,1.0,0.0138,0.0,0.0,0.0,0.927678014,1149
k2180,0.0,0.0,0.0,0.0,1.0,0.0767,0.0385,0.0,0.0,0.927678014,71
k3195,0.0,0.0,0.0,0.0,1.0,0.0706,0.115384615,0.0,0.0,0.927678014,259
k2840,0.0,0.0,0.0,0.0,1.0,0.0244,0.0,0.0,0.0,0.927678014,1725
k3164,0.0,0.0,0.0,0.0,1.0,0.0276,0.0,0.0769,0.0,0.927678014,464
k3098,0.0,0.0,0.0,0.0,1.0,0.0399,0.0769,0.153846154,0.0,0.927678014,620
k2832,0.0,0.0,0.0909,0.0,1.0,0.0764,0.0385,0.0769,0.0,0.927678014,2133
k2782,0.0,0.0,0.0,0.0,1.0,0.0546,0.0,0.0,0.0,0.927678014,2632
k1081,0.0,0.0,0.0,0.0,1.0,0.0678,0.0,0.0,0.0,0.927678014,2836
k2290,0.0,0.0,0.0,0.0,1.0,0.0318,0.0,0.0,0.0,0.927678014,1393
k940,0.0556,0.0,0.0,0.0,1.0,0.150079847,0.153846154,0.153846154,0.0,0.725227671,95
k1840,0.0,0.0,0.227272727,0.0,1.0,0.0573,0.0,0.0769,0.0,0.927678014,175
k2222,0.111111111,0.0,0.0,0.0,1.0,0.0349,0.0,0.307692308,0.0,0.443929973,3106
k735,0.0,0.0,0.0455,0.0,0.279799835,0.0737,0.0,0.153846154,0.0,0.927678014,1557
k2362,0.0,0.0,0.0,0.0,1.0,0.0617,0.0,0.0,0.0,0.927678014,2096
k1888,0.0,0.0,0.0,0.0,1.0,0.0764,0.115384615,0.0,0.0,0.927678014,606
k1064,0.0,0.0,0.0,0.0,1.0,0.0372,0.0,0.0769,0.0,0.927678014,55
k1485,0.0,0.0,0.0,0.0,1.0,0.0429,0.0,0.0,0.0,0.927678014,2683
k309,0.0,0.0,0.0,0.0,1.0,0.0279,0.0,0.0,0.0,0.927678014,3064
k1637,0.0,0.0,0.0,0.0,1.0,0.0634,0.0,0.153846154,0.0,0.927678014,1641
k625,0.0,0.0,0.0,0.0,1.0,0.0,0.0192,0.0,0.0,0.927678014,2349
k559,0.0,0.0,0.0,0.0,1.0,0.0141,0.0,0.0,0.0,0.927678014,1702
k57,0.0,0.0,0.0,0.0,1.0,0.0811,0.0,0.153846154,0.0,0.927678014,2620
k2911,0.0,0.0,0.0,0.0,1.0,0.0649,0.0,0.0,0.0,0.927678014,536
k1954,0.0,0.0,0.0,0.0,1.0,0.0191,0.0,0.0769,0.0,0.927678014,88
k1975,0.0,0.0,0.0455,0.0,1.0,0.0396,0.0,0.0769,0.0,0.927678014,722
k442,0.0,0.0,0.0,0.0,1.0,0.0437,0.0,0.153846154,0.0,0.927678014,3270
k1607,0.0,0.0,0.0455,0.0,1.0,0.0621,0.0,0.0,0.0,0.927678014,1352
k2844,0.0,0.0,0.0,0.0,1.0,0.0299,0.0,0.0,0.0,0.927678014,2101
k2386,0.0,0.0,0.0,0.0,1.0,0.0307,0.0,0.0,0.0,0.927678014,748
k1565,0.0,0.0,0.0,0.0,1.0,0.0816,0.0,0.0,0.0,0.927678014,584
k557,0.0,0.0,0.0,0.0,1.0,0.0361,0.0,0.0769,0.0,0.927678014,1312
k3003,0.0,0.0,0.0,0.0,1.0,0.0412,0.0,0.0769,0.0,0.927678014,1566
k1260,0.0,0.0,0.0909,0.0,1.0,0.117897906,0.0385,0.0,0.0,0.927678014,1176
k2005,0.0,0.0,0.0,0.0,1.0,0.0,0.0,0.0,0.0,0.927678014,2151
k2165,0.0,0.0,0.0,0.0,1.0,0.0733,0.0,0.0,0.0,0.927678014,2915
k2372,0.0,0.0,0.0,0.0,1.0,0.033,0.0,0.0769,0.0,0.927678014,1414
k1740,0.0556,0.0144,0.0,0.0,1.0,0.14257161,0.0,0.0,0.0,0.747835975,2192
k1992,0.0,0.0,0.0,0.0,1.0,0.0763,0.0,0.0769,0.0,0.927678014,1803
k3024,0.0,0.0,0.0455,0.0,1.0,0.0385,0.0,0.0,0.0,0.927678014,1746
k1916,0.0,0.0,0.0909,0.0,1.0,0.0387,0.0,0.0,0.0,0.927678014,848
k1974,0.0,0.0,0.0,0.0,1.0,0.0181,0.0,0.0769,0.133333333,0.927678014,3161
k3161,0.0,0.0,0.0,0.0,1.0,0.0788,0.0,0.0,0.0,0.927678014,2979
k3351,0.0,0.0,0.136363636,0.0,1.0,0.0407,0.0,0.0769,0.0,0.927678014,1569
k465,0.0,0.0,0.0909,0.0,1.0,0.02,0.0,0.153846154,0.0333,0.927678014,1995
k3077,0.0,0.0,0.0,0.0,1.0,0.0816,0.0,0.0,0.0,0.927678014,2491
k2871,0.0556,0.0,0.0,0.0,1.0,0.0945,0.0,0.0,0.0,0.852672123,1158
k1595,0.0,0.0,0.0,0.0,1.0,0.12342792,0.0,0.0769,0.0,0.892121411,2910
k845,0.0,0.0,0.0,0.0,1.0,0.0739,0.0,0.153846154,0.0,0.927678014,3247
k1048,0.0,0.0,0.0,0.0,1.0,0.0816,0.0,0.0,0.0,0.927678014,777
k1041,0.0,0.0,0.0,0.0,1.0,0.0195,0.0192,0.0769,0.0,0.927678014,2825
k1460,0.0,0.0,0.0,0.0,1.0,0.0221,0.0,0.0769,0.0,0.927678014,2975
k2952,0.0,0.0,0.0455,0.0,1.0,0.0171,0.0,0.0,0.0,0.927678014,467
k3111,0.0,0.0,0.0,0.0,1.0,0.0664,0.0,0.0,0.0,0.927678014,1287
k733,0.0,0.0611,0.0,0.0,1.0,0.253900764,0.0,0.0,0.0,0.925967281,1190
k1107,0.0,0.0,0.0,0.0,1.0,0.00985,0.0,0.0,0.0,0.927678014,3063
k2135,0.0,0.0,0.0,0.0,1.0,0.0566,0.0769,0.0769,0.0,0.927678014,406
k1956,0.0,0.0,0.0455,0.0,1.0,0.0461,0.0,0.0,0.0333,0.927678014,3287
k174,0.0,0.0,0.0,0.0,1.0,0.0119,0.0,0.0,0.0,0.927678014,2177
k1281,0.0,0.01,0.0,0.0,1.0,0.0137,0.0,0.0,0.0,0.927678014,2499
k3176,0.0,0.0,0.0,0.0,1.0,0.0617,0.115384615,0.0769,0.0,0.927678014,2528
k3023,0.0,0.0,0.0,0.0,1.0,0.0626,0.0,0.0,0.0,0.927678014,2019
k1396,0.0,0.0,0.0,0.0,1.0,0.077,0.0,0.0,0.0,0.927678014,351
k3191,0.0,0.0,0.0,0.0,1.0,0.0262,0.0,0.0769,0.0,0.927678014,1049
k1150,0.0,0.0,0.0,0.0,1.0,0.0649,0.0,0.0,0.0,0.927678014,1637
k2966,0.0,0.0,0.0,0.0,1.0,0.0438,0.0769,0.0,0.0,0.927678014,1092
k1436,0.0,0.0,0.0,0.0,1.0,0.00686,0.0192,0.0769,0.0,0.927678014,1968
k162,0.0,0.0,0.0455,0.0,1.0,0.0998,0.0,0.0,0.0,0.927678014,1850
k364,0.0,0.0,0.0,0.0,1.0,0.0482,0.0,0.0769,0.0,0.927678014,824
k2696,0.0,0.0,0.0455,0.0,1.0,0.0782,0.0,0.0769,0.0,0.927678014,2069
k2590,0.0556,0.0,0.0,0.0,1.0,0.0779,0.0,0.0,0.0,0.776447208,2764
k2114,0.0,0.01,0.0,0.0,1.0,0.0137,0.0,0.0,0.0,0.927678014,3166
k1763,0.0556,0.0,0.0455,0.0,1.0,0.109506928,0.0,0.0,0.133333333,0.697364243,851
k1960,0.0,0.0,0.0909,0.0,1.0,0.135841973,0.0,0.230769231,0.0,0.8698614,3417
k1665,0.0,0.0,0.0455,0.0,1.0,0.031,0.0,0.0,0.0,0.927678014,2027
k2470,0.0,0.0,0.0,0.0,1.0,0.0661,0.0,0.0,0.0,0.927678014,2139
k0,0.0,0.0,0.0,0.0,1.0,0.0467,0.0769,0.0769,0.0,0.927678014,390
k1301,0.0,0.0,0.0455,0.0,1.0,0.0683,0.0,0.0,0.0,0.927678014,2952
k1535,0.0,0.0,0.0,0.0,1.0,0.0605,0.0,0.0769,0.0,0.927678014,1413
k1324,0.0,0.0,0.0,0.0,1.0,0.0589,0.0,0.0,0.0667,0.927678014,831
k1407,0.0,0.0,0.363636364,0.0,1.0,0.10278473,0.0,0.230769231,0.0,0.927678014,3192
k906,0.0556,0.0,0.0,0.0,1.0,0.0968,0.0,0.0769,0.1,0.722195474,2657
k903,0.0,0.0,0.0455,0.0,1.0,0.0719,0.0,0.0,0.0,0.927678014,2744
k1211,0.0,0.0,0.0455,0.0,1.0,0.0262,0.0,0.0,0.0,0.927678014,371
k1454,0.0,0.0,0.0909,0.0,1.0,0.039,0.0,0.153846154,0.0,0.927678014,2965
k981,0.0,0.0,0.0909,0.0,1.0,0.0377,0.0,0.0769,0.0,0.927678014,1729
k1192,0.0,0.0,0.0,0.0,1.0,0.0771,0.0,0.0,0.0,0.927678014,2119
k1469,0.0,0.0,0.0,0.0,1.0,0.064,0.0,0.0769,0.0,0.927678014,3009
k2207,0.0,0.0,0.0,0.0,1.0,0.0622,0.0,0.0,0.0,0.927678014,40
k1793,0.0,0.0,0.136363636,0.0,1.0,0.0673,0.0,0.0,0.0,0.927678014,2806
k2266,0.0,0.0,0.0,0.0,1.0,0.0421,0.0,0.0,0.0,0.927678014,2990
k1168,0.0,0.0,0.0,0.0,1.0,0.0902,0.0,0.0,0.0,0.927678014,470
k2552,0.0,0.0,0.0,0.0,1.0,0.0784,0.0,0.0,0.0,0.927678014,1591
k187,0.0,0.0,0.0,0.0,1.0,0.102615344,0.192307692,0.0,0.0,0.927678014,1707
k2921,0.0,0.0,0.136363636,0.0,1.0,0.0398,0.0,0.153846154,0.0,0.927678014,2071
k2458,0.0,0.0,0.0,0.0,1.0,0.114354085,0.115384615,0.153846154,0.133333333,0.927678014,2724
k3294,0.0,0.0667,0.0455,0.0,1.0,0.0677,0.0,0.0,0.0,0.927678014,474
k2280,0.0,0.0,0.0909,0.0,1.0,0.0304,0.0,0.0769,0.0,0.927678014,106
k2066,0.0,0.0,0.0,0.0,1.0,0.0718,0.0,0.0,0.0,0.927678014,923
k2544,0.0,0.0,0.0,0.0,1.0,0.0167,0.0,0.0,0.0,0.927678014,3167
k2435,0.0,0.0,0.0,0.166666667,1.0,0.0669,0.0,0.0769,0.0,0.927678014,724
k2867,0.0,0.0,0.0909,0.0,1.0,0.0484,0.0,0.0769,0.0,0.927678014,2628
k2999,0.0,0.0667,0.181818182,0.0,1.0,0.0653,0.0,0.0769,0.0,0.927678014,2467
k2446,0.0,0.0,0.0,0.0,1.0,0.118205861,0.0,0.230769231,0.0,0.886415554,297
k1261,0.0,0.0,0.0,0.0,1.0,0.0319,0.0577,0.0,0.0,0.927678014,2165
k2706,0.0,0.0,0.0,0.0,1.0,0.0,0.0,0.0,0.0,0.927678014,2601
k2112,0.0,0.0,0.0455,0.0833,0.150854637,0.0541,0.0385,0.230769231,0.1,0.927678014,2568
k1995,0.0,0.0,0.0,0.0,1.0,0.0975,0.0,0.0769,0.0,0.927678014,3352
k765,0.0,0.0,0.0,0.0,1.0,0.0427,0.0,0.0769,0.0,0.927678014,2285
k2401,0.0,0.0,0.0,0.0,1.0,0.00537,0.0,0.230769231,0.0,0.927678014,1704
k363,0.0,0.0,0.0,0.0,1.0,0.0,0.0,0.0,0.0,0.927678014,52
k554,0.0,0.0,0.0909,0.0,1.0,0.0493,0.0,0.153846154,0.0,0.927678014,646
k1860,0.0,0.00111,0.0,0.0,1.0,0.0442,0.0,0.0769,0.0,0.927678014,1516
k3369,0.0,0.0,0.0909,0.0,1.0,0.0477,0.0,0.0769,0.0,0.927678014,2900
k466,0.0,0.0,0.0,0.0,1.0,0.0573,0.0,0.0,0.0,0.927678014,265
k816,0.0,0.0,0.0909,0.0,1.0,0.104610038,0.0,0.0,0.0,0.927678014,243
k1245,0.0,0.0,0.0,0.0,1.0,0.0364,0.0,0.0769,0.0,0.927678014,1302
k706,0.0,0.0,0.0,0.0,1.0,0.0649,0.0,0.0,0.0,0.927678014,1816
k1174,0.0,0.00222,0.136363636,0.0,1.0,0.170850449,0.0,0.0,0.0,0.927678014,1178
k2408,0.0,0.0,0.0909,0.0,1.0,0.0296,0.0,0.0769,0.0,0.927678014,1405
k2661,0.0,0.0,0.0,0.0,1.0,0.0,0.0,0.0,0.0,0.927678014,2995
k1186,0.0,0.0,0.0,0.0,1.0,0.0181,0.0,0.0769,0.133333333,0.927678014,2482
k2745,0.0,0.0,0.0,0.0,1.0,0.0263,0.0,0.0769,0.0,0.927678014,1867
k1795,0.0,0.0,0.0455,0.0,1.0,0.0276,0.0,0.0769,0.0,0.927678014,974
k3097,0.0,0.0,0.0,0.0,1.0,0.0731,0.0,0.0,0.0667,0.927678014,817
k2032,0.0,0.0,0.0,0.0,1.0,0.0558,0.0,0.0769,0.0,0.927678014,1822
k3044,0.0,0.0,0.0,0.0,1.0,0.0717,0.0769,0.0769,0.0,0.927678014,44
k3307,0.0,0.0,0.0,0.0,1.0,0.0638,0.0,0.153846154,0.0,0.927678014,3348
k215,0.0,0.0,0.0,0.0,1.0,0.00886,0.0,0.0769,0.0,0.927678014,2746
k2481,0.0,0.0,0.0,0.0,1.0,0.0483,0.0769,0.0769,0.0,0.927678014,2540
k440,0.0,0.0,0.0,0.0,1.0,0.0369,0.0,0.0,0.0,0.927678014,201
k1848,0.0,0.0,0.0,0.0,1.0,0.0375,0.0,0.0,0.0,0.927678014,364
k941,0.0,0.0844,0.0,0.0,1.0,0.248607826,0.0,0.0,0.0,0.924881427,805
k2491,0.0,0.0,0.0,0.0,1.0,0.0685,0.0,0.0,0.0,0.927678014,794
k1221,0.0556,0.0,0.0909,0.0,1.0,0.141812774,0.0385,0.0,0.0,0.927678014,2093
k2506,0.0,0.0,0.0,0.0,1.0,0.0396,0.0,0.0769,0.0,0.927678014,611
k2742,0.0,0.0,0.181818182,0.0,1.0,0.0312,0.0,0.153846154,0.166666667,0.927678014,3160
k1841,0.0,0.0,0.0,0.333333333,0.0701,0.156906928,0.0,0.538461538,0.0,0.927678014,3020
k708,0.0,0.0,0.0,0.0,1.0,0.0737,0.0,0.0,0.0,0.927678014,1026
k1744,0.0,0.00111,0.0,0.0,1.0,0.0345,0.0,0.0,0.0,0.927678014,1855
k2819,0.0,0.0,0.0,0.0,1.0,0.081,0.0,0.0,0.0,0.927678014,2089
k751,0.0,0.0,0.0,0.0,1.0,0.045,0.0,0.153846154,0.0,0.927678014,2414
k170,0.0,0.0,0.0,0.0,1.0,0.0146,0.0,0.0,0.0,0.927678014,1986
k2314,0.0,0.0,0.318181818,0.0,1.0,0.0388,0.0,0.153846154,0.0,0.927678014,2705
k622,0.0,0.0,0.0,0.0,1.0,0.0378,0.0385,0.0,0.0,0.927678014,3210
k1294,0.0,0.00111,0.0,0.0,1.0,0.0969,0.0769,0.153846154,0.0,0.927678014,155
k511,0.0,0.0,0.0455,0.0,1.0,0.0705,0.0,0.153846154,0.0,0.927678014,3155
k3297,0.0,0.0,0.0,0.0,1.0,0.084,0.0,0.153846154,0.0,0.927678014,27
k3331,0.0,0.0,0.0,0.0,1.0,0.0737,0.0385,0.0,0.0,0.927678014,2861
k1734,0.0,0.0,0.0,0.0,0.302271535,0.0833,0.0385,0.230769231,0.0,0.927678014,2646
k1850,0.0,0.0,0.0,0.0,1.0,0.0371,0.0,0.0,0.0,0.927678014,2517
k2781,0.0,0.0,0.0,0.0,1.0,0.0359,0.0769,0.0,0.0,0.927678014,307
k514,0.0,0.0,0.0,0.0,1.0,0.036,0.0,0.153846154,0.0,0.927678014,1650
k2960,0.0,0.0,0.0,0.0,1.0,0.0493,0.0,0.0,0.0,0.927678014,3222
k3364,0.0,0.0,0.0,0.0,1.0,0.0158,0.0,0.0769,0.0,0.927678014,2524
k1905,0.0,0.0,0.0,0.0,1.0,0.0808,0.0,0.0,0.0,0.927678014,972
k1310,0.0,0.0,0.181818182,0.0,1.0,0.0646,0.0,0.153846154,0.0,0.927678014,958
k3138,0.0556,0.0,0.0,0.0,1.0,0.225631382,0.0962,0.307692308,0.0,0.722205718,3034
k763,0.0,0.0,0.0,0.0,1.0,0.0411,0.0192,0.0769,0.0,0.927678014,2056
k1913,0.0,0.0,0.181818182,0.0,1.0,0.0644,0.0,0.230769231,0.0,0.927678014,2916
k3386,0.0,0.0,0.0,0.0,1.0,0.0646,0.0577,0.0,0.0,0.927678014,457
k10,0.0,0.0,0.0455,0.0,1.0,0.0798,0.0,0.0,0.0,0.927678014,1018
k3254,0.0,0.0,0.0909,0.0,1.0,0.0489,0.0,0.0769,0.0,0.927678014,1727
k669,0.0,0.0,0.136363636,0.0,1.0,0.0245,0.0,0.0,0.0,0.927678014,2462
k2580,0.0,0.0,0.0,0.0,1.0,0.0651,0.0,0.0,0.0,0.927678014,1225
k980,0.0,0.0,0.0,0.0,1.0,0.0508,0.0385,0.0,0.0,0.927678014,2498
k2951,0.0,0.0,0.0455,0.0,1.0,0.100668681,0.0,0.0,0.0,0.927678014,216
k311,0.0,0.0,0.0,0.0,1.0,0.0424,0.0,0.0,0.0,0.927678014,2500
k135,0.0,0.0,0.0,0.0,1.0,0.0387,0.0,0.0,0.0,0.927678014,1719
k2697,0.0,0.0,0.0,0.0,1.0,0.063,0.115384615,0.0769,0.0,0.927678014,2696
k1963,0.0,0.0,0.0,0.0,1.0,0.0468,0.0,0.0769,0.0,0.927678014,1428
k2705,0.0,0.0,0.0,0.0,1.0,0.152266987,0.115384615,0.0769,0.0,0.927678014,328
k180,0.0,0.0,0.0,0.0,1.0,0.0056,0.0,0.0769,0.0,0.927678014,630
k2881,0.0,0.0,0.0,0.0,1.0,0.192897821,0.0,0.153846154,0.0,0.921838986,3347
k2519,0.0,0.0,0.0,0.0,1.0,0.032,0.0,0.0,0.0,0.927678014,772
k1770,0.0,0.0,0.0909,0.0,1.0,0.0299,0.0,0.0769,0.0,0.927678014,324
k2896,0.0,0.0,0.0455,0.0,1.0,0.0342,0.0,0.0,0.0,0.927678014,2118
k576,0.0,0.0,0.0455,0.0,1.0,0.0618,0.0,0.0769,0.0,0.927678014,1119
k2773,0.0,0.0,0.0,0.0,1.0,0.0106,0.0,0.0,0.0,0.927678014,3259
k3080,0.0,0.0,0.0,0.0,1.0,0.045,0.0,0.0,0.0,0.927678014,2103
k1000,0.0,0.0,0.0,0.0,1.0,0.0289,0.0,0.0,0.0,0.927678014,245
k143,0.0,0.0,0.0,0.0,1.0,0.0338,0.0,0.0,0.0,0.927678014,759
k276,0.0,0.0,0.0455,0.0,1.0,0.0697,0.0,0.0769,0.0,0.927678014,3340
k2675,0.0,0.0,0.0,0.0,1.0,0.0349,0.0,0.153846154,0.0,0.927678014,13
k1358,0.0,0.0,0.0,0.0,1.0,0.0449,0.0,0.0,0.0,0.927678014,2828
k846,0.0,0.0,0.0,0.0,1.0,0.0716,0.0,0.0,0.0,0.927678014,1002
k703,0.0,0.0,0.0,0.0,1.0,0.0659,0.0,0.0,0.0,0.927678014,3086
k50,0.0,0.0,0.0,0.0,1.0,0.0493,0.0385,0.0769,0.0,0.927678014,1466
k3146,0.0,0.0,0.0,0.0,1.0,0.0244,0.0385,0.0769,0.0,0.927678014,2326
k168,0.0,0.0,0.0,0.0,1.0,0.039,0.0,0.0769,0.0,0.927678014,2890
k2688,0.0,0.00667,0.0,0.0,1.0,0.268273275,0.0,0.153846154,0.166666667,0.774521353,1468
k718,0.0,0.0,0.0,0.0,1.0,0.0501,0.0,0.0,0.0,0.927678014,1267
k2417,0.0,0.0,0.0,0.0,1.0,0.128642966,0.0,0.0,0.0,0.927678014,1494
k850,0.0,0.0,0.0455,0.0,1.0,0.0437,0.0,0.0,0.0,0.927678014,2908
k2734,0.0,0.0,0.0,0.0,1.0,0.0449,0.0,0.0769,0.0,0.927678014,919
k2424,0.0,0.0,0.0,0.0,0.260045731,0.0841,0.0385,0.230769231,0.0,0.927678014,1256
k1291,0.0,0.0,0.181818182,0.0833,1.0,0.0512,0.0,0.153846154,0.133333333,0.927678014,435
k1893,0.0,0.0,0.272727273,0.0,1.0,0.0871,0.0,0.0769,0.0,0.927678014,115
k3179,0.0,0.0,0.0,0.0,1.0,0.0496,0.0,0.0,0.0,0.927678014,2978
k1003,0.0,0.0,0.0,0.0,1.0,0.0198,0.0,0.0,0.0,0.927678014,2577
k1918,0.0,0.0,0.0,0.0,1.0,0.0274,0.0,0.153846154,0.0,0.927678014,3217
k361,0.0,0.0,0.0,0.0,1.0,0.0313,0.0,0.0,0.0,0.927678014,206
k3305,0.0,0.0,0.0,0.0,1.0,0.0537,0.153846154,0.0769,0.0,0.927678014,1076
k219,0.0,0.0,0.0,0.0,1.0,0.0466,0.0385,0.0769,0.0,0.927678014,1233
k191,0.0,0.0,0.0455,0.0,1.0,0.059,0.0,0.153846154,0.0,0.927678014,2200
k2077,0.0,0.0,0.0,0.0,1.0,0.0227,0.0,0.0769,0.0,0.927678014,2332
k3100,0.0,0.0,0.0,0.0,1.0,0.0789,0.0,0.0,0.0,0.927678014,1927
k1215,0.277777778,0.0,0.0,0.0,1.0,0.226012979,0.0,0.153846154,0.0,0.793185753,3173
k1491,0.0,0.0,0.0,0.0,1.0,0.0759,0.0,0.0769,0.0,0.927678014,2030
k2943,0.0,0.0,0.0455,0.0,1.0,0.0286,0.0,0.0769,0.0,0.927678014,1988
k2527,0.0556,0.0,0.0,0.0,1.0,0.0751,0.173076923,0.0,0.0,0.924830207,1308
k2567,0.0,0.0,0.0,0.0,1.0,0.0628,0.0,0.0,0.0,0.927678014,3333
k710,0.0,0.0,0.0,0.0,1.0,0.0577,0.115384615,0.0769,0.0,0.927678014,1482
k3071,0.0,0.0,0.0,0.0,1.0,0.0378,0.0,0.153846154,0.0,0.927678014,526
k2198,0.0,0.0,0.0,0.0,1.0,0.00686,0.0,0.0769,0.0,0.927678014,2266
k693,0.0,0.0,0.0,0.0,1.0,0.0277,0.0,0.153846154,0.0,0.927678014,1029
k1821,0.0,0.0,0.0,0.0,1.0,0.0661,0.0,0.0,0.0,0.927678014,779
k2940,0.111111111,0.0,0.0,0.0,1.0,0.131161545,0.0,0.0769,0.0,0.755600856,981
k1787,0.0,0.0,0.0,0.0,1.0,0.0568,0.0,0.0,0.0,0.927678014,643
k2810,0.0,0.0,0.0,0.0,1.0,0.0688,0.0385,0.0,0.0,0.927678014,308
k306,0.0,0.0,0.0,0.0,1.0,0.0618,0.0,0.0,0.0,0.927678014,1174
k1890,0.0,0.0,0.0,0.0,1.0,0.0639,0.0,0.0,0.0,0.927678014,839
k848,0.0,0.0,0.0,0.0,1.0,0.0402,0.0,0.0769,0.0,0.927678014,421
k654,0.0,0.0,0.0,0.0,1.0,0.0145,0.0,0.0,0.0,0.927678014,2923
k2886,0.0,0.0,0.0,0.0,1.0,0.118205861,0.0,0.230769231,0.0,0.883752138,1407
k3379,0.0,0.0,0.136363636,0.0,1.0,0.0402,0.0,0.0769,0.0,0.927678014,3079
k1568,0.0,0.0,0.0,0.0,1.0,0.06,0.0,0.0769,0.0,0.927678014,2964
k2235,0.0,0.0,0.0,0.0,1.0,0.0812,0.0,0.153846154,0.0,0.927678014,1563
k1757,0.0,0.0,0.0,0.0,1.0,0.0534,0.0385,0.0,0.0,0.927678014,2800
k1115,0.0,0.0,0.0,0.0,1.0,0.0712,0.0,0.0,0.0,0.927678014,2552
k902,0.0,0.0,0.0909,0.0,1.0,0.0175,0.0,0.0769,0.0,0.927678014,2138
k1579,0.0,0.0,0.0455,0.0,1.0,0.0459,0.0,0.0,0.0,0.927678014,1085
k3230,0.0,0.0,0.0,0.0,1.0,0.0809,0.0,0.153846154,0.0,0.927678014,625
k3244,0.0,0.0,0.0,0.0,1.0,0.0587,0.0385,0.0,0.0,0.927678014,2867
k1360,0.0,0.0,0.0,0.0,1.0,0.0566,0.0,0.0,0.0,0.927678014,2374
k2461,0.0,0.0,0.0,0.0,1.0,0.0331,0.0,0.0,0.0,0.927678014,2241
k1201,0.0,0.0,0.0455,0.0,1.0,0.0692,0.0,0.0,0.0,0.927678014,774
k2187,0.0,0.0,0.0,0.0833,1.0,0.0572,0.0,0.0,0.0333,0.927678014,3088
k1669,0.0,0.0,0.0,0.0,1.0,0.0818,0.0,0.0,0.0,0.927678014,1614
k131,0.0,0.0,0.0909,0.0,1.0,0.0304,0.0,0.153846154,0.0,0.927678014,453
k3155,0.0,0.0,0.0,0.0,0.196885074,0.0557,0.0,0.230769231,0.0,0.927678014,3129
k779,0.0,0.0,0.0,0.0,1.0,0.0243,0.0,0.0,0.0,0.927678014,1275
k2029,0.0,0.0,0.0,0.0,1.0,0.00886,0.0,0.0,0.0,0.927678014,2760
k2769,0.0,0.0,0.0,0.0,1.0,0.0272,0.0,0.0,0.0,0.927678014,3278
k1012,0.0,0.0,0.0455,0.0,1.0,0.0821,0.0,0.0,0.0,0.927678014,1473
k2117,0.0,0.0,0.136363636,0.0,1.0,0.0707,0.0,0.0769,0.0,0.927678014,2160
k997,0.0,0.0,0.0,0.0,1.0,0.0794,0.0,0.0,0.0,0.927678014,1615
k1456,0.0,0.0,0.0455,0.0,1.0,0.0565,0.0,0.0,0.0,0.927678014,253
k593,0.0,0.0,0.0,0.0,1.0,0.0342,0.0,0.0,0.0,0.927678014,1997
k1181,0.0,0.0,0.0,0.0,1.0,0.0793,0.0,0.0,0.0,0.927678014,89
k2573,0.0,0.0,0.0909,0.0,1.0,0.0706,0.0,0.0,0.0,0.927678014,3413
k641,0.0,0.0,0.0,0.0,1.0,0.0437,0.0,0.0769,0.0,0.927678014,2344
k1166,0.0,0.0,0.0,0.0,1.0,0.0244,0.0385,0.0769,0.0,0.927678014,2673
k533,0.0,0.00556,0.181818182,0.0,1.0,0.0913,0.0,0.153846154,0.0,0.927678014,1003
k78,0.0,0.0,0.181818182,0.0,1.0,0.0718,0.0,0.0769,0.0,0.927678014,2727
k1132,0.0,0.0,0.0,0.0,1.0,0.0554,0.0,0.0769,0.0,0.927678014,2897
k2748,0.0,0.0,0.0,0.0,1.0,0.0355,0.0,0.0,0.0,0.927678014,3354
k2168,0.0,0.0,0.136363636,0.0,1.0,0.0798,0.0,0.0769,0.0,0.927678014,3046
k1737,0.0,0.0,0.0,0.0,1.0,0.0636,0.0385,0.0,0.0,0.927678014,290
k1219,0.0,0.0,0.0,0.0,1.0,0.0106,0.0,0.0,0.0,0.927678014,874
k1141,0.0,0.0,0.0,0.0,1.0,0.0715,0.0,0.0769,0.0,0.927678014,1666
k3068,0.0,0.0,0.136363636,0.0,1.0,0.0544,0.0,0.0769,0.0,0.927678014,271
k2873,0.0,0.0,0.0,0.0,1.0,0.0765,0.0,0.153846154,0.0,0.927678014,2970
k2139,0.0,0.0,0.0,0.0,1.0,0.0737,0.0,0.0769,0.0,0.927678014,2533
k3208,0.0,0.0,0.0455,0.0,1.0,0.0106,0.0,0.0,0.0,0.927678014,3227
k99,0.0556,0.0,0.0,0.0,1.0,0.168615915,0.0,0.0769,0.0333,0.725832061,141
k102,0.0,0.0,0.0,0.0,1.0,0.0654,0.0,0.0769,0.0,0.927678014,84
k391,0.0,0.0,0.0,0.0,1.0,0.0243,0.0,0.153846154,0.0,0.927678014,341
k265,0.0,0.0,0.0,0.0,1.0,0.0788,0.0,0.0,0.0,0.927678014,2529
k1642,0.0,0.0,0.0,0.0,1.0,0.16358237,0.0,0.0769,0.0,0.958512175,2973
k2680,0.0,0.0,0.0,0.0,1.0,0.0782,0.0,0.0,0.0,0.927678014,2217
k1548,0.0,0.0,0.181818182,0.0,1.0,0.0296,0.0,0.153846154,0.0,0.927678014,2182
k2503,0.0,0.0,0.0,0.0,1.0,0.0739,0.0385,0.0,0.0,0.927678014,224
k1126,0.0,0.0,0.0,0.0,1.0,0.068,0.0,0.0,0.0,0.927678014,1546
k405,0.0,0.0,0.0,0.0,1.0,0.024,0.0,0.0,0.0,0.927678014,2351
k1331,0.0,0.0,0.0455,0.0,1.0,0.0528,0.0,0.0769,0.0,0.927678014,51
k400,0.0,0.0,0.0,0.0,1.0,0.0215,0.0,0.0,0.0,0.927678014,1192
k724,0.0,0.0,0.0,0.0,1.0,0.0374,0.0,0.0769,0.0,0.927678014,2278
k834,0.0,0.0,0.181818182,0.0,1.0,0.0653,0.0,0.0769,0.0,0.927678014,2275
k3052,0.0,0.0,0.0,0.0,1.0,0.0,0.0,0.0,0.0,0.927678014,2585
k3113,0.0,0.0,0.0455,0.0,1.0,0.0737,0.0,0.0,0.0,0.927678014,2997
k412,0.0,0.0,0.0,0.0,1.0,0.0214,0.0,0.153846154,0.0,0.927678014,1144
k2796,0.0,0.0,0.0,0.0,1.0,0.054,0.0,0.0,0.0,0.927678014,835
k3290,0.0,0.0,0.0909,0.0,1.0,0.052,0.0,0.0769,0.0,0.927678014,1211
k1198,0.0,0.00667,0.0,0.0,1.0,0.0812,0.0385,0.0,0.0,0.927678014,2352
k890,0.0,0.0,0.0,0.0,1.0,0.0373,0.0192,0.0769,0.0,0.927678014,1099
k2125,0.0,0.0,0.0,0.0,1.0,0.0639,0.0,0.0,0.0,0.927678014,61
k2904,0.0,0.0,0.0,0.0,1.0,0.0481,0.0769,0.0,0.0,0.927678014,373
k243,0.0,0.0,0.181818182,0.0,1.0,0.064,0.0,0.0769,0.0,0.927678014,3265
k3333,0.0,0.0,0.0,0.0,1.0,0.0528,0.0577,0.0,0.0,0.927678014,1113
k886,0.0,0.0,0.0909,0.0,1.0,0.0665,0.0,0.0,0.0,0.927678014,2215
k340,0.0,0.0,0.0,0.0,0.22061249,0.0404,0.0,0.230769231,0.0,0.927678014,3422
k1049,0.0556,0.0,0.0,0.0,1.0,0.12751231,0.115384615,0.0769,0.0,0.725350598,2691
k2346,0.0,0.0,0.0,0.0,1.0,0.0583,0.0,0.0769,0.0,0.927678014,940
k2783,0.0,0.0,0.0,0.0,1.0,0.0,0.0,0.0,0.0,0.927678014,1526
k2991,0.0,0.0,0.0,0.0,1.0,0.0887,0.0,0.153846154,0.0,0.927678014,1098
k915,0.0,0.0,0.0,0.0,1.0,0.0787,0.0,0.0,0.0667,0.927678014,1940
k1678,0.0556,0.0,0.0,0.0,1.0,0.121628434,0.0,0.0,0.0,0.842940411,160
k37,0.0,0.0,0.136363636,0.0,1.0,0.0369,0.0,0.0769,0.0,0.927678014,2253
k626,0.0,0.0,0.0,0.0,1.0,0.079,0.0,0.0,0.0,0.927678014,278
k2148,0.0,0.0,0.0,0.0,1.0,0.0169,0.0,0.0,0.0,0.927678014,3245
k1941,0.0,0.0,0.0909,0.0,1.0,0.037,0.0,0.0769,0.0,0.927678014,1779
k2931,0.0,0.0,0.0,0.0,1.0,0.0677,0.0,0.0769,0.0,0.927678014,3315
k1775,0.0,0.0,0.0,0.0,1.0,0.0378,0.0,0.0,0.0,0.927678014,718
k3130,0.0,0.0,0.0,0.0,1.0,0.123317936,0.0962,0.153846154,0.0,0.927678014,2814
k2090,0.0,0.0,0.0,0.0,0.147987105,0.107592676,0.0,0.230769231,0.0,0.927678014,3074
k477,0.0,0.00222,0.0,0.0,1.0,0.0,0.0,0.0,0.0,0.927678014,1756
k1991,0.0,0.0,0.0,0.0,1.0,0.0492,0.0192,0.0769,0.0,0.927678014,3053
k2703,0.0,0.0,0.0455,0.0,1.0,0.0444,0.0,0.0769,0.2,0.927678014,1141
k2975,0.0,0.0,0.0,0.0,1.0,0.122853347,0.0,0.0769,0.0,0.879316526,982
k3377,0.0,0.0,0.0909,0.0,1.0,0.0398,0.0,0.0769,0.0,0.927678014,3068
k823,0.0,0.0,0.0,0.0,1.0,0.177431208,0.0,0.0,0.0,0.69814278,2888
k627,0.0,0.0,0.0,0.0,1.0,0.0612,0.0,0.0,0.0,0.927678014,697
k208,0.0,0.0,0.0,0.0,1.0,0.0558,0.0,0.0769,0.0,0.927678014,1410
k2669,0.0,0.0,0.181818182,0.0,1.0,0.0284,0.0,0.0769,0.0,0.927678014,2456
k746,0.0,0.0,0.0,0.0,1.0,0.0508,0.0,0.0,0.0,0.927678014,3002
k1298,0.0,0.0,0.0,0.0,1.0,0.0711,0.0,0.0,0.0,0.851576025,1982
k1700,0.0556,0.0,0.0,0.0,1.0,0.0893,0.0,0.0,0.0,0.86189164,3346
k2512,0.0,0.0,0.0,0.0,1.0,0.102644886,0.0,0.0,0.0,0.927678014,1616
k1479,0.0,0.0,0.0,0.0,1.0,0.0369,0.0,0.0769,0.0,0.927678014,2729
k1,0.0,0.00111,0.0,0.0,1.0,0.0756,0.0385,0.0,0.0,0.927678014,1840
k214,0.0,0.0,0.0909,0.0,0.361946173,0.128569218,0.0,0.230769231,0.0,0.927678014,3325
k716,0.0,0.0,0.0,0.0,1.0,0.0599,0.0,0.153846154,0.0,0.927678014,2922
k2656,0.0,0.0,0.0455,0.0,1.0,0.0597,0.0,0.0,0.0,0.927678014,3361
k1783,0.0,0.0,0.0,0.0,1.0,0.0587,0.0,0.153846154,0.0,0.927678014,3147
k2534,0.0,0.0,0.0,0.0,1.0,0.0965,0.0,0.0,0.0,0.927678014,2831
k2040,0.0,0.0,0.0,0.0,1.0,0.0407,0.0,0.0,0.0,0.927678014,1522
k741,0.0,0.0,0.136363636,0.0,0.183484519,0.0592,0.0,0.230769231,0.0333,0.927678014,2983
k1656,0.0,0.0,0.0,0.0,0.202264038,0.0731,0.0577,0.230769231,0.0,0.927678014,2858
k2361,0.0,0.0,0.0,0.0,1.0,0.0608,0.0,0.153846154,0.0,0.927678014,822
k3019,0.0,0.0,0.0,0.0,1.0,0.0516,0.0,0.0,0.0,0.927678014,1964
k2065,0.0,0.0,0.0,0.0,1.0,0.0371,0.0,0.0769,0.0,0.927678014,1458
k1596,0.0,0.0,0.0,0.0,1.0,0.064,0.0,0.0,0.0,0.888915068,1844
k2994,0.0,0.0,0.0,0.0,1.0,0.0726,0.0,0.0,0.0,0.927678014,820
k2907,0.0,0.0,0.0,0.0,1.0,0.0354,0.0,0.0,0.0,0.927678014,3144
k1004,0.0,0.0,0.0,0.0,1.0,0.0667,0.0,0.0,0.0,0.927678014,2009
k1496,0.0,0.0,0.0,0.0,1.0,0.0244,0.0,0.0769,0.0,0.927678014,322
k1007,0.0,0.0,0.0,0.0,0.110934103,0.0818,0.0,0.307692308,0.0,0.927678014,1094
k1100,0.0,0.0,0.0,0.0,1.0,0.120492783,0.0,0.230769231,0.0,0.927678014,2327
k725,0.0,0.0,0.0,0.0,1.0,0.0375,0.0,0.0,0.0,0.927678014,1186
k1940,0.0,0.0,0.0,0.0,1.0,0.0697,0.0,0.0,0.0,0.927678014,2671
k1593,0.0,0.0,0.0,0.0,1.0,0.0997,0.0,0.0,0.0,0.927678014,3294
k1981,0.0,0.0,0.136363636,0.0,1.0,0.0511,0.0,0.0769,0.0,0.927678014,1903
k420,0.0,0.0,0.0,0.0,1.0,0.0587,0.0385,0.0,0.0,0.927678014,447
k1541,0.0,0.0,0.0,0.0,1.0,0.0775,0.0769,0.0,0.0,0.927678014,2840
k2141,0.0,0.0,0.0,0.0,1.0,0.0615,0.0,0.0769,0.0,0.927678014,1980
k1805,0.0,0.0,0.272727273,0.166666667,1.0,0.0613,0.0192,0.153846154,0.233333333,0.927678014,1606
k1257,0.0,0.0,0.0,0.0,1.0,0.0244,0.0385,0.0769,0.0,0.927678014,146
k238,0.0,0.0,0.0,0.0,1.0,0.0,0.0,0.0,0.0,0.927678014,647
k995,0.0,0.0,0.0909,0.0,1.0,0.0523,0.0,0.153846154,0.0,0.927678014,3303
k923,0.0,0.0,0.0,0.0,1.0,0.0796,0.0,0.0,0.0,0.927678014,3289
k3142,0.0,0.0,0.0909,0.0,1.0,0.0562,0.0,0.0,0.0,0.927678014,1396
k80,0.0,0.0,0.0,0.0,1.0,0.0814,0.0,0.0,0.0,0.927678014,1735
k1730,0.0,0.0,0.0,0.0,1.0,0.0197,0.0,0.0769,0.0,0.927678014,3116
k2686,0.0,0.0,0.0,0.0,1.0,0.0582,0.0769,0.0,0.0,0.927678014,2348
k3257,0.0,0.0,0.0455,0.0833,1.0,0.0293,0.0,0.0,0.0,0.927678014,3419
k2374,0.0,0.0,0.0,0.0,1.0,0.0396,0.0,0.0769,0.0,0.927678014,2589
k781,0.0,0.0,0.0,0.0,1.0,0.0564,0.0,0.0,0.0,0.927678014,164
k1899,0.0,0.0,0.0,0.0,1.0,0.0441,0.0,0.0769,0.0,0.927678014,73
k275,0.0,0.0,0.0909,0.0,1.0,0.0584,0.0,0.0,0.0,0.927678014,1621
k2199,0.0,0.00222,0.0455,0.0,1.0,0.0345,0.0,0.0,0.0,0.927678014,1291
k2209,0.0,0.0,0.0455,0.0,1.0,0.0415,0.0,0.0,0.0,0.927678014,119
k3315,0.0,0.0,0.0,0.0,0.152785066,0.09,0.0,0.230769231,0.0,0.927678014,3326
k2663,0.0,0.0,0.0,0.0,1.0,0.0,0.0,0.0,0.0,0.927678014,1938
k1119,0.0556,0.0567,0.0,0.0,1.0,0.253596741,0.0,0.0769,0.0,0.744014997,1142
k2407,0.0,0.0,0.0455,0.0,1.0,0.015,0.0,0.0,0.0,0.927678014,1810
k1437,0.0,0.0,0.0,0.0,1.0,0.0216,0.0,0.0,0.0,0.927678014,1768
k483,0.0,0.0,0.0,0.0,1.0,0.0291,0.0,0.0,0.0,0.927678014,2023
k876,0.0,0.0,0.0,0.0,1.0,0.0772,0.0,0.0,0.0,0.927678014,1177
k1764,0.0,0.0,0.0,0.0,1.0,0.0499,0.0,0.0,0.0,0.927678014,1743
k2923,0.0,0.0,0.0,0.0,1.0,0.0694,0.0,0.0769,0.0,0.927678014,1711
k2151,0.0,0.0,0.0909,0.0,1.0,0.0168,0.0,0.0,0.0,0.927678014,806
k743,0.0,0.0,0.0,0.0,1.0,0.0661,0.0,0.0,0.0,0.927678014,2951
k294,0.0,0.0,0.0455,0.0,1.0,0.0143,0.0,0.0,0.0,0.927678014,2036
k2336,0.0,0.0,0.0,0.0,1.0,0.0424,0.0,0.0,0.0,0.927678014,437
k2296,0.0,0.0,0.0,0.0,1.0,0.0314,0.0,0.0,0.0,0.927678014,2821
k2100,0.0,0.0,0.0455,0.0,1.0,0.0368,0.0,0.0769,0.0,0.927678014,79
k1718,0.0,0.0,0.0,0.0,1.0,0.0205,0.0,0.0,0.0,0.927678014,1613
k2597,0.0,0.0,0.0,0.0,1.0,0.0673,0.0,0.0,0.0,0.927678014,3358
k561,0.0,0.0,0.0909,0.0,1.0,0.0381,0.0385,0.0769,0.0,0.927678014,2155
k957,0.0,0.0,0.0,0.0,1.0,0.0403,0.0,0.0769,0.0,0.927678014,3012
k228,0.0,0.0,0.0455,0.0,1.0,0.0338,0.0,0.0769,0.0,0.927678014,2108
k2835,0.0,0.0,0.0,0.0,1.0,0.0397,0.0,0.0769,0.0,0.927678014,2179
k48,0.0,0.0,0.181818182,0.0833,1.0,0.14598972,0.115384615,0.230769231,0.233333333,0.927678014,692
k128,0.0,0.0,0.0,0.0,1.0,0.0786,0.0,0.0,0.0,0.927678014,2563
k89,0.0,0.00444,0.181818182,0.0,1.0,0.0556,0.0,0.0769,0.0,0.927678014,2750
k1466,0.0,0.0,0.0909,0.0,1.0,0.0321,0.0,0.0769,0.0333,0.927678014,473
k11,0.0,0.0,0.0,0.0,1.0,0.0216,0.0,0.153846154,0.0,0.927678014,92
k3123,0.0,0.0,0.0,0.0,1.0,0.12806733,0.0,0.230769231,0.0,0.835810652,1475
k1585,0.0,0.0,0.0,0.0,1.0,0.0866,0.0,0.0769,0.0,0.927678014,3213
k2797,0.0,0.0,0.0,0.0,1.0,0.0839,0.0,0.0769,0.0,0.927678014,601
k3091,0.0,0.116666667,0.272727273,0.333333333,0.149280306,0.165115663,0.0,0.461538462,0.0667,0.927678014,392
k919,0.0556,0.0,0.0909,0.0,1.0,0.0573,0.0,0.307692308,0.133333333,0.416035813,557
k1452,0.0,0.0,0.0,0.0,1.0,0.00767,0.0,0.0769,0.0,0.927678014,1487
k2508,0.0,0.0,0.0,0.0,1.0,0.0791,0.0,0.0,0.0,0.927678014,2305
k871,0.0,0.0,0.0,0.0,1.0,0.0618,0.0,0.0,0.0,0.927678014,715
k3221,0.0,0.0,0.0,0.0,1.0,0.125928328,0.0,0.0,0.233333333,0.927678014,1397
k1304,0.0,0.0,0.0,0.0,1.0,0.0391,0.0,0.0,0.0,0.927678014,2535
k3373,0.0556,0.0,0.0,0.0,1.0,0.26032999,0.0,0.230769231,0.0,0.82865016,1123
k3171,0.0,0.0,0.0,0.0,1.0,0.0542,0.0,0.0,0.0,0.927678014,337
k668,0.0,0.0,0.0,0.0,1.0,0.0,0.0192,0.0,0.0,0.927678014,2442
k571,0.0,0.0,0.0,0.0,1.0,0.0238,0.0,0.0769,0.0,0.927678014,315
k3382,0.0,0.0,0.0,0.0,1.0,0.025,0.0,0.0,0.0,0.927678014,580
k3281,0.0,0.0,0.0,0.0,1.0,0.0598,0.0,0.0769,0.0,0.927678014,2379
k398,0.0,0.0,0.0455,0.0,1.0,0.0573,0.0,0.0,0.0,0.927678014,80
k2465,0.0,0.0,0.0,0.0,1.0,0.0397,0.0,0.0,0.0,0.927678014,1084
k1989,0.0,0.0,0.0909,0.0,1.0,0.0448,0.0,0.0769,0.0,0.927678014,954
k472,0.0,0.0,0.0455,0.0,1.0,0.033,0.0385,0.153846154,0.0,0.927678014,237
k573,0.0,0.0,0.0,0.0,1.0,0.0112,0.0,0.153846154,0.0,0.927678014,3408
k1836,0.0,0.0,0.0,0.0,1.0,0.0959,0.0,0.0,0.0,0.927678014,1399
k428,0.0,0.0,0.0,0.0,1.0,0.0395,0.0,0.0,0.0,0.927678014,2891
k1122,0.0,0.0,0.0,0.0,1.0,0.0761,0.0,0.0,0.0,0.927678014,491
k267,0.0556,0.0,0.0909,0.0,1.0,0.0922,0.0,0.0769,0.0,0.774808183,2443
k1925,0.0,0.0,0.0,0.0833,1.0,0.0484,0.0,0.0769,0.0,0.927678014,501
k1255,0.0,0.0,0.0,0.0,1.0,0.0623,0.0,0.230769231,0.0,0.927678014,909
k2518,0.0,0.0,0.0,0.0,1.0,0.0973,0.0,0.0769,0.0,0.927678014,1983
k259,0.0,0.0,0.136363636,0.0,1.0,0.0462,0.0192,0.0769,0.0,0.927678014,99
k458,0.0,0.0,0.136363636,0.0,1.0,0.109683114,0.0,0.0769,0.0,0.927678014,2748
k1111,0.0,0.0,0.0,0.0,1.0,0.05,0.0,0.0769,0.0,0.927678014,58
k367,0.0,0.0,0.0,0.0,1.0,0.0592,0.0,0.0,0.0,0.927678014,2345
k2130,0.0,0.0,0.0455,0.0,1.0,0.0689,0.0,0.0,0.0,0.927678014,1469
k210,0.0,0.0,0.0455,0.0,1.0,0.0449,0.0,0.0,0.0,0.927678014,379
k1251,0.0,0.0,0.0909,0.0,1.0,0.0175,0.0,0.0769,0.0,0.927678014,628
k1242,0.0,0.0,0.0,0.0,1.0,0.0746,0.0385,0.0,0.0,0.927678014,834
k2063,0.0,0.0,0.0,0.0,1.0,0.0743,0.0,0.0769,0.0,0.927678014,3378
k504,0.0,0.0,0.0,0.0,1.0,0.0304,0.0,0.0769,0.0,0.927678014,1939
k2583,0.0,0.0,0.0,0.0,1.0,0.0191,0.0,0.0,0.0,0.927678014,572
k2064,0.0,0.0,0.0,0.0,1.0,0.0153,0.0,0.0,0.0,0.927678014,1412
k2576,0.0,0.0,0.0,0.0,1.0,0.0177,0.0,0.0,0.0,0.927678014,1273
k2733,0.0,0.0,0.0,0.0,1.0,0.0342,0.0,0.0,0.0,0.927678014,1895
k342,0.0,0.0,0.0,0.0,1.0,0.0584,0.0,0.0,0.0,0.927678014,2167
k856,0.0,0.0,0.0455,0.0,1.0,0.06,0.0385,0.0769,0.0,0.927678014,195
k2922,0.0,0.0,0.0,0.0,0.406945798,0.098,0.0,0.230769231,0.0,0.927678014,2264
k2023,0.0,0.0,0.0,0.166666667,1.0,0.0702,0.115384615,0.153846154,0.0,0.927678014,1012
k3020,0.0,0.0,0.0,0.0,1.0,0.0371,0.0,0.0,0.0,0.927678014,1201
k39,0.0,0.0,0.0,0.0,1.0,0.0248,0.0,0.153846154,0.0,0.927678014,2400
k1903,0.0,0.0,0.136363636,0.0,1.0,0.0386,0.0,0.0,0.0,0.927678014,916
k1155,0.0,0.0,0.0455,0.0,1.0,0.0922,0.0,0.0,0.0,0.927678014,573
k3121,0.0,0.0,0.0,0.0,1.0,0.0584,0.0385,0.0,0.0,0.927678014,2822
k347,0.0,0.0,0.0,0.0,0.319308044,0.0354,0.0,0.0769,0.0,0.927678014,602
k1233,0.0,0.0,0.0,0.0,1.0,0.165069969,0.0,0.230769231,0.0,0.918530204,2713
k1574,0.0,0.0,0.0,0.0,1.0,0.0428,0.0,0.0,0.0,0.927678014,1760
k2156,0.0,0.0,0.0,0.0,1.0,0.046,0.0,0.0,0.0,0.927678014,193
k223,0.0,0.0,0.0,0.0,1.0,0.0415,0.0,0.0,0.0,0.927678014,810
k2654,0.0,0.0,0.0,0.0,1.0,0.0756,0.0,0.0769,0.0,0.927678014,2969
k165,0.0,0.0,0.0,0.0,1.0,0.0432,0.0,0.0769,0.0,0.927678014,3202
k184,0.0,0.0,0.0,0.0,1.0,0.0419,0.0,0.0,0.0,0.927678014,3092
k914,0.0,0.0,0.0,0.0,1.0,0.0205,0.0,0.0,0.0,0.927678014,393
k2459,0.0,0.0,0.0,0.0,1.0,0.0521,0.0,0.0,0.0,0.927678014,96
k1835,0.0,0.0,0.0,0.0,1.0,0.0488,0.0,0.153846154,0.0,0.927678014,1005
k1276,0.0,0.0,0.0,0.0,1.0,0.00886,0.0,0.0,0.0,0.927678014,401
k2049,0.0,0.0,0.0,0.0,1.0,0.0754,0.0,0.0769,0.0,0.927678014,1461
k277,0.0,0.0,0.0,0.0,1.0,0.0289,0.0,0.0769,0.0,0.927678014,2252
k844,0.0,0.0,0.0,0.0,0.346427768,0.0527,0.0,0.0769,0.0,0.927678014,2625
k1379,0.0,0.0,0.0,0.0,1.0,0.0354,0.0,0.0,0.0333,0.927678014,159
k1650,0.0,0.0,0.0,0.0,1.0,0.0581,0.0,0.0,0.0,0.927678014,1253
k1262,0.0,0.0,0.0,0.0,1.0,0.0137,0.0385,0.0,0.0,0.927678014,853
k1390,0.0,0.0,0.0,0.0,1.0,0.0729,0.0385,0.0769,0.0,0.927678014,41
k1033,0.0,0.0,0.0,0.0,1.0,0.177004662,0.0,0.230769231,0.0,0.929378502,184
k1704,0.0,0.0,0.0,0.0,1.0,0.0532,0.0,0.0,0.0,0.927678014,1630
k2200,0.0,0.0,0.0,0.0,1.0,0.025,0.0,0.0,0.0,0.927678014,445
k183,0.0,0.0,0.0455,0.0,1.0,0.051,0.0,0.0769,0.0,0.927678014,2508
k1171,0.0,0.0,0.0,0.0,1.0,0.067,0.0,0.0769,0.0,0.927678014,641
k3368,0.0,0.0,0.0,0.0,1.0,0.0488,0.0,0.0,0.0333,0.927678014,3190
k3227,0.0,0.0,0.0,0.0,1.0,0.0475,0.0,0.0,0.0,0.927678014,3228
k3045,0.0,0.0,0.0455,0.0,1.0,0.0445,0.0,0.0,0.0,0.927678014,1870
k3064,0.0,0.0,0.0909,0.0,1.0,0.0393,0.0,0.0769,0.0,0.927678014,2020
k2163,0.0,0.0,0.0,0.0,1.0,0.0243,0.0,0.0,0.0,0.927678014,1888
k570,0.0,0.0,0.0,0.0,1.0,0.0419,0.0,0.0769,0.0,0.927678014,376
k2538,0.0,0.151111111,0.590909091,0.0,0.143414049,0.15020609,0.0,0.384615385,0.0,0.927678014,2339
k1362,0.0,0.0,0.0455,0.0,1.0,0.0745,0.0,0.0,0.0,0.927678014,2158
k738,0.0,0.0,0.0,0.0,1.0,0.0714,0.0,0.0769,0.0,0.927678014,2998
k2905,0.0,0.0,0.0,0.0,1.0,0.0626,0.0,0.0769,0.0,0.927678014,884
k3299,0.0,0.0,0.0,0.0,1.0,0.0538,0.0,0.0,0.0667,0.927678014,3156
k524,0.0,0.0,0.136363636,0.0,1.0,0.0447,0.0,0.0769,0.0333,0.927678014,1596
k3028,0.0,0.0,0.0,0.0,1.0,0.0123,0.0,0.0769,0.0,0.927678014,3042
k193,0.0,0.0,0.272727273,0.0,1.0,0.0545,0.0,0.153846154,0.0,0.927678014,1862
k3012,0.0,0.0,0.0,0.0,1.0,0.0566,0.0,0.0,0.0,0.927678014,2232
k538,0.0,0.0,0.0909,0.0,1.0,0.0515,0.0,0.0,0.0,0.927678014,2903
k1722,0.0,0.0,0.0,0.0,1.0,0.0628,0.0,0.0,0.0,0.927678014,849
k1016,0.0,0.0,0.0,0.0,1.0,0.108237065,0.0,0.0769,0.0333,0.927678014,1429
k531,0.0,0.0,0.0,0.0,1.0,0.0357,0.0,0.0,0.0,0.927678014,934
k875,0.0,0.0,0.0,0.0,1.0,0.0333,0.0,0.0769,0.0,0.927678014,2662
k881,0.0,0.0,0.0,0.0,1.0,0.0637,0.0,0.0,0.0,0.927678014,38
k2901,0.0,0.0,0.0,0.0,1.0,0.0672,0.0,0.0,0.0,0.927678014,3162
k828,0.0,0.0,0.0,0.0,1.0,0.0299,0.0,0.0769,0.0,0.927678014,1880
k1433,0.0,0.0,0.0,0.0,1.0,0.0,0.0,0.0,0.0,0.927678014,1415
k2081,0.0,0.0,0.0,0.0,1.0,0.0682,0.0,0.0,0.0333,0.927678014,527
k274,0.0,0.0,0.0,0.0,1.0,0.0493,0.0,0.153846154,0.0,0.927678014,943
k630,0.0,0.0,0.0,0.0,1.0,0.0581,0.0,0.0769,0.0,0.927678014,1519
k271,0.0,0.0,0.0,0.0,1.0,0.0183,0.0,0.0769,0.0,0.927678014,2732
k2504,0.0,0.0,0.0,0.0,1.0,0.0697,0.0,0.0,0.0,0.927678014,1872
k1350,0.0,0.0,0.0,0.0,1.0,0.0203,0.0,0.0,0.0,0.927678014,477
k1461,0.0,0.0,0.0,0.0,1.0,0.0496,0.0,0.0,0.0,0.927678014,2478
k847,0.0,0.0,0.0,0.0,1.0,0.056,0.0,0.0769,0.0,0.927678014,2329
k2804,0.0,0.0,0.0,0.0,1.0,0.0381,0.0,0.0,0.0,0.927678014,3263
k72,0.0,0.0,0.0,0.0,1.0,0.0988,0.0385,0.0,0.0,0.927678014,1443
k590,0.0,0.0,0.0,0.0,1.0,0.0728,0.0,0.0769,0.0,0.927678014,1237
k2213,0.0,0.0,0.0,0.0833,1.0,0.0381,0.0,0.0769,0.0,0.927678014,617
k2482,0.0,0.0,0.0,0.0,1.0,0.0158,0.0,0.0,0.0,0.927678014,32
k1330,0.0556,0.0,0.0,0.0,1.0,0.0545,0.0,0.0,0.0,0.818078448,2548
k44,0.0,0.0,0.0,0.0,1.0,0.0837,0.0,0.0,0.0333,0.927678014,700
k1278,0.0,0.0,0.0,0.0,1.0,0.0789,0.0,0.0,0.0,0.927678014,1985
k167,0.0,0.0,0.0,0.0,1.0,0.0293,0.0,0.153846154,0.0,0.927678014,2721
k1630,0.0,0.0,0.0,0.0,1.0,0.0615,0.0,0.0,0.0,0.927678014,3336
k774,0.0,0.0,0.0,0.0833,1.0,0.124103126,0.0,0.0,0.0,0.76334525,819
k3143,0.0,0.0,0.0,0.0,1.0,0.0131,0.0,0.0769,0.0,0.927678014,2693
k1133,0.0,0.0,0.0,0.0,1.0,0.479951998,0.0,0.461538462,0.0,0.797498438,1764
k1256,0.0,0.0,0.0,0.0,1.0,0.0518,0.0385,0.0,0.0,0.927678014,2222
k281,0.0,0.0,0.0,0.0,1.0,0.047,0.0769,0.0,0.0,0.927678014,590
k2182,0.0,0.0,0.0,0.0,1.0,0.0985,0.0,0.0,0.0667,0.927678014,1251
k1344,0.0,0.0,0.0,0.0,1.0,0.0578,0.0385,0.0,0.0,0.927678014,436
k767,0.0,0.0,0.0,0.0,1.0,0.225072005,0.211538462,0.230769231,0.0,0.774193548,1530
k1697,0.0,0.0,0.0,0.0,1.0,0.0476,0.0,0.0769,0.0,0.927678014,325
k1021,0.0,0.0,0.0,0.0,1.0,0.0248,0.0,0.153846154,0.0,0.927678014,3131
k417,0.0,0.0,0.0,0.0,1.0,0.0649,0.0,0.0769,0.0,0.835984798,1345
k1876,0.0,0.0,0.0,0.0,1.0,0.0799,0.0,0.0,0.0,0.927678014,2298
k2043,0.0,0.0,0.0,0.0,1.0,0.0735,0.0,0.0769,0.0,0.927678014,2271
k1378,0.0,0.0,0.0,0.0,1.0,0.0755,0.0,0.153846154,0.0,0.927678014,2082
k1691,0.0,0.0,0.0,0.0,1.0,0.0225,0.0,0.0,0.0,0.927678014,528
k1949,0.0,0.0,0.136363636,0.0,1.0,0.0292,0.0,0.0769,0.0,0.927678014,2710
k525,0.0,0.0,0.0,0.0,1.0,0.0478,0.0,0.0769,0.0,0.927678014,1105
k1415,0.0,0.0,0.0909,0.0,1.0,0.0333,0.0,0.153846154,0.0,0.927678014,2609
k1423,0.0,0.0,0.0,0.0,1.0,0.188895999,0.0,0.307692308,0.0,0.927882892,3136
k1503,0.0,0.0,0.0,0.0,1.0,0.0342,0.0192,0.0,0.0,0.927678014,858
k1220,0.0,0.0,0.0,0.0,1.0,0.0318,0.0,0.0,0.0,0.927678014,621
k3361,0.0,0.0,0.0455,0.0,1.0,0.062,0.0,0.0,0.0,0.927678014,2389
k1238,0.0,0.0,0.0,0.0,1.0,0.0146,0.0,0.0,0.0,0.927678014,126
k2998,0.0,0.0,0.0,0.0,1.0,0.0313,0.0,0.0,0.0,0.927678014,1033
k279,0.0,0.0,0.0,0.0,1.0,0.163292798,0.115384615,0.0769,0.0,0.927678014,384
k221,0.0,0.0,0.0,0.0,1.0,0.0491,0.0,0.0769,0.0,0.927678014,375
k3247,0.0,0.0,0.0,0.0,1.0,0.0617,0.0,0.0769,0.0,0.927678014,1951
k416,0.0,0.0,0.0,0.0,1.0,0.0541,0.0,0.0,0.0,0.927678014,2363
k353,0.0,0.0,0.0909,0.0,1.0,0.0764,0.0,0.153846154,0.0,0.927678014,2105
k1381,0.0,0.0,0.0,0.0,1.0,0.0217,0.0,0.0,0.0,0.927678014,378
k2653,0.0,0.0,0.0,0.0,1.0,0.0123,0.0,0.0,0.0,0.927678014,1323
k1161,0.0,0.0,0.0,0.0,1.0,0.0494,0.0192,0.0,0.0,0.927678014,2659
k292,0.0,0.0456,0.409090909,0.0,0.141783492,0.157567151,0.0,0.307692308,0.0667,0.927678014,624
k1545,0.0,0.0,0.0,0.0,1.0,0.0417,0.0,0.0,0.0,0.927678014,3383
k2466,0.0,0.0,0.0,0.0,1.0,0.0162,0.0,0.0769,0.0,0.927678014,182
k2011,0.0,0.0,0.0,0.0,1.0,0.0782,0.0,0.0,0.0,0.927678014,1030
k52,0.0,0.0,0.0909,0.0,1.0,0.0563,0.0,0.153846154,0.0,0.927678014,267
k20,0.0,0.00222,0.0,0.0,1.0,0.316942501,0.0,0.0769,0.0,0.932123869,895
k796,0.0,0.0,0.0,0.0,1.0,0.0473,0.0,0.0,0.0,0.927678014,1235
k188,0.0,0.0,0.0,0.0,1.0,0.0432,0.0192,0.0,0.0,0.927678014,1973
k3216,0.0,0.0,0.0,0.0,1.0,0.0471,0.0,0.0,0.0,0.927678014,633
k2941,0.0,0.0,0.0,0.0,1.0,0.064,0.0,0.0769,0.0,0.927678014,517
k409,0.0,0.0,0.0,0.0,1.0,0.0788,0.0,0.0769,0.0,0.927678014,3035
k1014,0.0,0.0,0.0909,0.0,1.0,0.0465,0.0,0.0,0.0667,0.927678014,2636
k1183,0.0,0.0,0.0,0.0,1.0,0.0696,0.0385,0.0769,0.0,0.927678014,2493
k91,0.0,0.0,0.0,0.0,1.0,0.049,0.0,0.0,0.0,0.927678014,3268
k2864,0.0,0.0,0.0,0.0,1.0,0.179030917,0.0,0.230769231,0.0,0.836578945,2606
k1089,0.0,0.0,0.0,0.0,1.0,0.0,0.0,0.0,0.0,0.927678014,1171
k2879,0.0,0.0,0.0,0.0,1.0,0.13322223,0.0,0.0769,0.0,0.752916953,1597
k3329,0.0,0.0,0.0,0.0,1.0,0.0675,0.0,0.0,0.0,0.927678014,240
k2568,0.0,0.0,0.227272727,0.0,1.0,0.0477,0.0,0.0,0.0,0.927678014,1919
k1140,0.0,0.0,0.0,0.0,1.0,0.0785,0.0,0.0,0.0,0.927678014,1617
k2267,0.0,0.0,0.0,0.0,1.0,0.0558,0.0,0.0,0.0,0.927678014,1836
k3345,0.0,0.0,0.0,0.0,1.0,0.0224,0.0,0.0,0.0,0.927678014,2111
k3141,0.0,0.0,0.0909,0.0,1.0,0.0301,0.0,0.0,0.0,0.927678014,1350
k133,0.0,0.0,0.0,0.0,1.0,0.0965,0.0,0.0,0.0,0.927678014,2243
k2959,0.0,0.0,0.0,0.0,1.0,0.0745,0.0,0.0,0.0,0.927678014,1866
k495,0.0,0.0,0.0,0.0,1.0,0.0545,0.0,0.0769,0.0,0.927678014,1567
k616,0.0,0.0,0.0909,0.0833,1.0,0.0924,0.0,0.0,0.266666667,0.701195464,489
k592,0.0,0.0,0.0,0.0,1.0,0.0,0.0,0.0,0.0,0.927678014,688
k1530,0.0,0.0,0.0,0.0,0.155184047,0.0586,0.0,0.230769231,0.0,0.927678014,583
k814,0.0,0.0,0.0,0.0,1.0,0.0412,0.0,0.0769,0.0,0.927678014,2763
k2271,0.0,0.0,0.0,0.0,1.0,0.0,0.0,0.0,0.0,0.927678014,2075
k2355,0.0,0.0,0.0,0.0,1.0,0.0614,0.0,0.0,0.0,0.927678014,4
k3366,0.0,0.0,0.0909,0.0,1.0,0.0484,0.0,0.0,0.0,0.927678014,2803
k1834,0.0,0.0,0.0,0.0,1.0,0.0739,0.0769,0.0769,0.0,0.927678014,3328
k3249,0.0,0.0,0.0,0.0,0.338949696,0.0493,0.0,0.0769,0.0,0.927678014,1082
k1710,0.0,0.0,0.0,0.0,1.0,0.0608,0.0,0.153846154,0.0,0.927678014,1278
k1636,0.0,0.0,0.0455,0.0,1.0,0.0598,0.0,0.0,0.0,0.927678014,1450
k1440,0.0,0.0,0.0,0.0,1.0,0.025,0.0,0.0,0.0,0.927678014,330
k3220,0.0,0.0,0.0455,0.0,1.0,0.0573,0.0,0.0,0.0667,0.927678014,2583
k1959,0.0,0.0,0.0,0.0,1.0,0.0397,0.0,0.0,0.0,0.927678014,3231
k2244,0.0,0.0,0.0,0.0,1.0,0.0759,0.0,0.0769,0.0,0.927678014,3182
k1349,0.0,0.0,0.0,0.0,1.0,0.0661,0.0,0.0,0.0,0.927678014,1817
k291,0.0,0.0,0.0,0.0,1.0,0.00519,0.0,0.0,0.0,0.927678014,1391
k3293,0.0,0.0,0.0,0.0,1.0,0.0753,0.0,0.0769,0.0,0.927678014,2834
k679,0.0,0.0,0.0,0.0,1.0,0.0937,0.0,0.0,0.0,0.927678014,462
k694,0.0,0.0,0.0455,0.0,1.0,0.0718,0.0,0.0,0.0,0.927678014,1987
k2535,0.0,0.0,0.0909,0.0,1.0,0.0582,0.0,0.0,0.0333,0.927678014,680
k2636,0.0,0.0,0.0455,0.0,1.0,0.0859,0.0,0.0769,0.0,0.927678014,1600
k1187,0.0,0.0,0.363636364,0.0,1.0,0.0621,0.0,0.230769231,0.0,0.927678014,3256
k1882,0.0,0.0,0.0,0.0,1.0,0.0392,0.0,0.153846154,0.0,0.927678014,670
k2134,0.0,0.0,0.0,0.0,1.0,0.0663,0.0,0.0,0.0,0.927678014,2107
k2145,0.0,0.0,0.0,0.0,1.0,0.0181,0.0,0.0769,0.166666667,0.927678014,3305
k3029,0.0,0.0,0.0,0.0,1.0,0.05,0.0,0.0,0.0,0.927678014,3100
k700,0.0,0.0,0.0455,0.0,1.0,0.0591,0.0,0.0769,0.0,0.927678014,1385
k119,0.0,0.0,0.0,0.0,1.0,0.0777,0.0,0.0769,0.0,0.927678014,377
k3338,0.0,0.0,0.0,0.0,1.0,0.0124,0.0,0.0,0.0,0.927678014,2643
k2388,0.0,0.0,0.0,0.0,1.0,0.0266,0.0,0.0,0.0,0.927678014,1734
k2935,0.0,0.0,0.0,0.0,1.0,0.0199,0.0,0.0769,0.0,0.927678014,3241
k517,0.0,0.0233,0.181818182,0.0,1.0,0.0816,0.0,0.0,0.0,0.927678014,2669
k379,0.0,0.0,0.0,0.0,1.0,0.0299,0.0192,0.0769,0.0,0.927678014,2050
k2649,0.0,0.0,0.0,0.0,1.0,0.0299,0.0,0.0769,0.0,0.927678014,1086
k40,0.0,0.0,0.0,0.0,1.0,0.0273,0.0,0.153846154,0.0667,0.927678014,2073
k1239,0.0,0.0,0.0,0.0,0.229233826,0.211153031,0.153846154,0.0769,0.0,0.76363208,599
k2016,0.0,0.0,0.0,0.0,1.0,0.057,0.0,0.0,0.0,0.927678014,255
k378,0.0,0.0,0.0909,0.0,1.0,0.0346,0.0,0.0,0.0,0.927678014,3414
k1121,0.0,0.0,0.0,0.0,1.0,0.0434,0.0,0.0769,0.0,0.927678014,152
k1053,0.0,0.0,0.0,0.0,1.0,0.043,0.0,0.0769,0.0,0.927678014,2506
k3357,0.0,0.0,0.0,0.0,1.0,0.0664,0.0,0.230769231,0.0,0.927678014,2830
k1621,0.0,0.0,0.0,0.0,1.0,0.107397786,0.0385,0.0,0.0,0.927678014,2003
k1965,0.0,0.0,0.0,0.0,1.0,0.0568,0.0,0.0769,0.0,0.927678014,1266
k350,0.0,0.0,0.0,0.0,1.0,0.0,0.0,0.0769,0.0,0.927678014,342
k713,0.0,0.0,0.0,0.0,1.0,0.0,0.0,0.0,0.0,0.927678014,251
k3105,0.0,0.0,0.0,0.0,1.0,0.026,0.0,0.0769,0.0,0.927678014,2511
k3287,0.0,0.0,0.0,0.0,1.0,0.0097,0.0192,0.0,0.0,0.927678014,381
k3389,0.0,0.0,0.0,0.0,1.0,0.0828,0.0,0.0,0.0,0.927678014,217
k529,0.0,0.0,0.0455,0.0,1.0,0.0293,0.0,0.0,0.0,0.927678014,1401
k2591,0.0,0.0,0.0,0.0,1.0,0.0495,0.0769,0.0,0.0,0.927678014,2412
k3112,0.0,0.0,0.0,0.0,1.0,0.0,0.0,0.0,0.0,0.927678014,1668
k3420,0.0,0.0,0.0,0.0,1.0,0.0738,0.0,0.0,0.0,0.927678014,987
k1539,0.0,0.0,0.0909,0.0,1.0,0.0465,0.0,0.0,0.0,0.927678014,1552
k2708,0.0,0.0,0.0,0.0,1.0,0.0334,0.0,0.0,0.0,0.927678014,145
k1062,0.0,0.0,0.0,0.0,1.0,0.0405,0.0,0.0769,0.0,0.927678014,1107
k2223,0.0,0.0,0.0455,0.0,1.0,0.0406,0.0,0.0,0.0,0.927678014,1116
k2304,0.0,0.0,0.0,0.0,1.0,0.0816,0.0,0.0,0.0,0.927678014,2737
k1743,0.0,0.0,0.0,0.0,1.0,0.036,0.0,0.0,0.0,0.927678014,1716
k549,0.0,0.201111111,0.181818182,0.0,1.0,0.141612571,0.0,0.307692308,0.0,0.927678014,2686
k2607,0.0,0.0,0.0,0.0,1.0,0.0861,0.0769,0.153846154,0.0,0.927678014,1417
k2371,0.0,0.0,0.0,0.0,1.0,0.0428,0.0,0.0769,0.0,0.927678014,899
k2634,0.0,0.0,0.0,0.0,1.0,0.0623,0.0,0.0,0.0,0.927678014,258
k2260,0.0,0.0,0.0,0.0,1.0,0.0745,0.0769,0.0,0.0,0.927678014,541
k782,0.0,0.0,0.0,0.0,1.0,0.0477,0.0,0.0,0.0,0.927678014,3350
k226,0.0,0.0,0.0,0.0,1.0,0.0375,0.0,0.153846154,0.0,0.927678014,2884
k785,0.0,0.0,0.0,0.0,1.0,0.0333,0.0385,0.0,0.0,0.927678014,637
k907,0.0,0.0,0.0,0.0,1.0,0.0967,0.0,0.0,0.0,0.927678014,801
k2850,0.0,0.0,0.0909,0.0,1.0,0.062,0.0,0.0,0.0,0.927678014,3186
k691,0.0,0.00556,0.0,0.0,1.0,0.0568,0.0,0.0769,0.0,0.927678014,1078
k313,0.0,0.0,0.0,0.0,1.0,0.173474018,0.0,0.230769231,0.133333333,0.612544689,3344
k1524,0.0,0.00556,0.0,0.0,1.0,0.135545176,0.0,0.0,0.0,0.927678014,280
k1589,0.0,0.0733,0.0,0.0,1.0,0.250453644,0.0,0.0,0.0,0.925321915,256
k344,0.0,0.0,0.0,0.0,1.0,0.0323,0.0192,0.0,0.0,0.927678014,1283
k2251,0.0,0.0,0.181818182,0.0,1.0,0.119187428,0.0769,0.0769,0.0,0.927678014,3342
k1435,0.0,0.0,0.0909,0.0,1.0,0.0629,0.0,0.0769,0.0,0.927678014,802
k1622,0.0,0.0,0.0,0.0,1.0,0.0735,0.0,0.0769,0.0,0.927678014,3204
k43,0.0,0.0,0.0,0.0,1.0,0.0459,0.0,0.0,0.0667,0.927678014,3232
k2509,0.0,0.0,0.0,0.0,1.0,0.0,0.0,0.0,0.0,0.927678014,1541
k3355,0.0,0.0,0.0,0.0,1.0,0.0506,0.0,0.0,0.0,0.927678014,34
k858,0.0,0.0,0.0,0.0,1.0,0.0454,0.0192,0.0,0.0,0.927678014,1362
k813,0.0,0.0,0.0,0.0,1.0,0.0508,0.0,0.0,0.0,0.927678014,486
k2480,0.0,0.0,0.0,0.0,1.0,0.0376,0.0,0.0,0.0,0.927678014,2766
k1180,0.0,0.0,0.0,0.0,1.0,0.0397,0.0,0.153846154,0.0,0.927678014,3219
k148,0.0,0.0,0.0,0.0,1.0,0.0288,0.0,0.0,0.0,0.927678014,2483
k674,0.0,0.0,0.0,0.0,1.0,0.0056,0.0,0.0769,0.0,0.927678014,695
k2349,0.0,0.0,0.0,0.0,1.0,0.0494,0.0,0.153846154,0.0,0.927678014,1392
k610,0.0,0.0,0.0,0.0,1.0,0.0165,0.0,0.0,0.0,0.927678014,2191
k1490,0.0556,0.0,0.0,0.0,1.0,0.222373413,0.0,0.230769231,0.0,0.775443305,3370
k1658,0.0,0.0,0.0,0.0,1.0,0.0593,0.0,0.0,0.0,0.927678014,1529
k1765,0.0,0.0,0.0,0.0,1.0,0.0203,0.0,0.0,0.0,0.927678014,2156
k2588,0.0,0.0,0.0,0.0,1.0,0.0527,0.0769,0.0,0.0,0.927678014,3264
k1047,0.0,0.0,0.0,0.0,1.0,0.0398,0.0,0.0769,0.0,0.927678014,3262
k1719,0.0,0.0,0.0,0.0,1.0,0.015,0.0,0.0,0.0,0.927678014,199
k2074,0.0,0.0,0.0,0.0,0.329728615,0.0743,0.0,0.153846154,0.0,0.927678014,1479
k2578,0.0,0.0,0.0455,0.0,1.0,0.0573,0.0,0.0,0.0,0.927678014,1820
k920,0.0,0.0,0.0,0.0,1.0,0.042,0.0,0.0769,0.0,0.927678014,2813
k2324,0.0,0.0,0.0,0.0,1.0,0.0464,0.0385,0.0,0.0,0.927678014,1331
k2327,0.0,0.0,0.0,0.0,1.0,0.0657,0.0,0.0769,0.0,0.927678014,844
k339,0.0,0.0,0.0,0.0,1.0,0.0261,0.0192,0.0769,0.0,0.927678014,773
k2379,0.0556,0.0,0.0455,0.0,1.0,0.121586672,0.0,0.0,0.133333333,0.717278399,363
k3358,0.0,0.0,0.0455,0.0,1.0,0.0491,0.0,0.153846154,0.0,0.927678014,1924
k479,0.0,0.0,0.0,0.0,1.0,0.0,0.0192,0.0,0.0,0.927678014,1604
k3380,0.0,0.0,0.0,0.0,1.0,0.0,0.0,0.0,0.0,0.927678014,2664
k961,0.0,0.0,0.0,0.0,1.0,0.0108,0.0,0.0,0.0,0.927678014,335
k1465,0.0,0.0,0.0,0.0,1.0,0.048,0.0385,0.0,0.0,0.927678014,915
k986,0.0,0.0,0.0909,0.0,1.0,0.0617,0.0385,0.0769,0.0,0.927678014,3416
k513,0.111111111,0.00222,0.0,0.0,1.0,0.319962544,0.0,0.0769,0.0,0.814032104,2175
k2384,0.0,0.0,0.0,0.0,1.0,0.0331,0.0,0.0769,0.0667,0.927678014,1852
k1831,0.0,0.0,0.0,0.0833,1.0,0.0502,0.0,0.0,0.0333,0.927678014,2321
k1504,0.0,0.0,0.0,0.0,1.0,0.0439,0.0,0.0769,0.0,0.927678014,1262
k820,0.0,0.0,0.0,0.0,1.0,0.0573,0.0,0.0769,0.0,0.927678014,2486
k648,0.0,0.00222,0.181818182,0.0,0.351169503,0.106146201,0.0,0.0769,0.0,0.927678014,2060
k3196,0.0,0.0,0.0909,0.0,1.0,0.0264,0.0,0.0769,0.0,0.927678014,1200
k3381,0.0,0.0,0.0,0.0,1.0,0.0492,0.0,0.0769,0.0,0.927678014,1463
k1614,0.0556,0.0,0.0,0.0,1.0,0.10538779,0.0,0.0769,0.0,0.845583339,23
k808,0.0,0.0,0.0455,0.0,1.0,0.0792,0.0,0.0769,0.0,0.927678014,1930
k1374,0.0,0.0,0.0,0.0,1.0,0.0,0.0,0.0,0.0,0.927678014,461
k2457,0.0,0.0,0.0,0.0,1.0,0.0125,0.0,0.0769,0.0,0.927678014,579
k3270,0.0,0.0,0.0,0.0,1.0,0.0363,0.0,0.0,0.0,0.927678014,881
k1243,0.0,0.00222,0.0,0.0,0.305195292,0.45469692,0.0385,0.230769231,0.0,0.768487692,791
k2629,0.0,0.00222,0.0909,0.0,1.0,0.0672,0.0,0.153846154,0.0,0.927678014,3404
k835,0.0,0.0,0.0,0.0,1.0,0.0,0.0,0.0,0.0,0.927678014,3230
k996,0.0,0.0,0.0,0.0,1.0,0.0628,0.0769,0.0769,0.0,0.927678014,886
k1110,0.0556,0.0,0.0,0.0833,1.0,0.327933033,0.0,0.0769,0.266666667,0.856349686,262
k2128,0.0,0.0,0.0,0.0,1.0,0.0943,0.0,0.0,0.1,0.927678014,3274
k2179,0.0,0.0,0.0,0.0,1.0,0.0304,0.0,0.0,0.0,0.927678014,1910
k2980,0.0,0.0,0.0,0.0,1.0,0.0474,0.0,0.0,0.0,0.927678014,1513
k3210,0.0,0.0,0.0909,0.0,1.0,0.0363,0.0,0.0,0.0,0.927678014,1054
k1282,0.0,0.0,0.0,0.0,1.0,0.0717,0.0,0.0769,0.0,0.927678014,1357
k2474,0.0556,0.0,0.0,0.0,1.0,0.10589871,0.0,0.0769,0.0,0.758366711,548
k1229,0.0,0.0,0.0,0.0,1.0,0.0467,0.0,0.0,0.0,0.927678014,2944
k160,0.0,0.0,0.0,0.0,1.0,0.181205411,0.0,0.0769,0.0,0.720935474,1198
k2115,0.0,0.0,0.0455,0.0,1.0,0.077,0.0,0.0769,0.0,0.927678014,1229
k3433,0.0,0.0,0.0,0.0,1.0,0.00886,0.0,0.0,0.0,0.927678014,2753
k750,0.0,0.0,0.0,0.0,1.0,0.0934,0.0192,0.230769231,0.0667,0.927678014,46
k1288,0.111111111,0.0,0.0,0.0,1.0,0.173071487,0.0,0.307692308,0.0,0.682961309,2586
k1271,0.0,0.0,0.0,0.0,1.0,0.0195,0.0192,0.0769,0.0,0.927678014,3299
k3344,0.0,0.0,0.0,0.0,1.0,0.0399,0.0,0.0,0.0,0.927678014,3260
k2551,0.0,0.0267,0.272727273,0.333333333,0.11155259,0.123640875,0.0,0.230769231,0.0333,0.927678014,1205
k1156,0.0,0.0,0.0455,0.0,1.0,0.0541,0.0,0.153846154,0.0,0.927678014,938
k805,0.0,0.0,0.0909,0.0,1.0,0.0212,0.0,0.0769,0.0,0.927678014,1162
k2031,0.0,0.0,0.0,0.0,1.0,0.0368,0.0,0.0,0.0,0.927678014,1751
k355,0.0,0.0,0.0,0.0,0.301634305,0.0963,0.0,0.461538462,0.133333333,0.927678014,3196
k462,0.0,0.0,0.0909,0.0,1.0,0.0493,0.0385,0.0769,0.0,0.927678014,766
k331,0.0,0.0,0.0,0.0,1.0,0.0476,0.0,0.0,0.0,0.927678014,2185
k3137,0.0,0.0,0.0,0.0,1.0,0.0907,0.0,0.0769,0.0,0.927678014,2631
k938,0.0,0.0,0.0,0.0,1.0,0.087,0.0,0.0769,0.0,0.927678014,1059
k2709,0.0,0.0,0.0,0.0,1.0,0.0907,0.0,0.0769,0.0667,0.927678014,1435
k1875,0.0,0.0,0.0455,0.0,1.0,0.0545,0.0,0.0769,0.1,0.927678014,2856
k2775,0.0,0.0,0.0455,0.0,1.0,0.0467,0.0,0.0,0.0333,0.927678014,1011
k2092,0.0,0.0,0.227272727,0.25,1.0,0.0607,0.0,0.0,0.266666667,0.927678014,30
k1943,0.0,0.0,0.0909,0.0,1.0,0.0483,0.0,0.0769,0.0,0.927678014,1878
k387,0.0556,0.0,0.0,0.0,1.0,0.0342,0.0,0.0,0.0,0.923406304,990
k2282,0.0,0.0,0.0,0.0,1.0,0.0125,0.0,0.0,0.0,0.927678014,2530
k1929,0.0,0.0,0.454545455,0.0,1.0,0.09,0.0,0.307692308,0.0,0.927678014,1907
k206,0.0,0.00222,0.0,0.166666667,1.0,0.178670361,0.0,0.0769,0.133333333,0.724315963,220
k2234,0.0,0.0,0.0,0.0,1.0,0.0589,0.0,0.0,0.0,0.927678014,1132
k2347,0.0,0.0,0.0,0.0,1.0,0.0615,0.0,0.0,0.0,0.927678014,1223
k955,0.0,0.0,0.0,0.0,1.0,0.0794,0.0,0.0,0.0,0.927678014,3368
k1825,0.0,0.0,0.0455,0.0,1.0,0.0573,0.0192,0.0,0.0,0.927678014,500
k439,0.0,0.0,0.0,0.166666667,1.0,0.101857677,0.0,0.0,0.3,0.927678014,2698
k153,0.0,0.0,0.0,0.0,1.0,0.0717,0.0,0.0,0.0,0.927678014,2554
k2003,0.0,0.0,0.0,0.0,1.0,0.0353,0.0,0.0,0.0,0.927678014,3033
k2856,0.0,0.0,0.0909,0.0,1.0,0.0354,0.0,0.0,0.0,0.927678014,56
k1985,0.0556,0.0,0.0,0.0,1.0,0.226107554,0.0,0.0769,0.0,0.794117948,2207
k921,0.0,0.0,0.0,0.0,1.0,0.00511,0.0,0.0,0.0,0.927678014,3221
k642,0.0,0.0,0.0,0.0,1.0,0.0644,0.0,0.0769,0.0,0.927678014,2595
k1203,0.0,0.0,0.0,0.0,1.0,0.0678,0.0769,0.0,0.0,0.927678014,1856
k1659,0.0,0.0,0.0,0.0,1.0,0.064,0.0,0.0769,0.0,0.927678014,701
k242,0.0,0.0,0.0,0.0,1.0,0.0637,0.0,0.0,0.0,0.927678014,1117
k2414,0.111111111,0.0,0.136363636,0.0,0.367774946,0.0708,0.0,0.153846154,0.0,0.927678014,2504
k1458,0.0,0.0,0.0,0.0,1.0,0.0398,0.0,0.0,0.0,0.927678014,1038
k196,0.0,0.0,0.0,0.0,1.0,0.0,0.0,0.0,0.0,0.927678014,165
k2711,0.0,0.0,0.0,0.0,1.0,0.0225,0.0,0.0,0.0,0.927678014,321
k1475,0.0,0.0,0.0,0.0,1.0,0.0408,0.0385,0.0,0.0,0.927678014,781
k1891,0.0,0.0,0.0,0.0,1.0,0.0473,0.0769,0.0,0.0,0.927678014,2703
k826,0.0,0.0,0.0,0.0,1.0,0.0583,0.115384615,0.0769,0.0,0.927678014,3267
k2329,0.0,0.0,0.0,0.0,1.0,0.0,0.0,0.0,0.0,0.927678014,1095
k2449,0.0,0.0,0.0,0.0,1.0,0.0266,0.0192,0.0769,0.0,0.927678014,3273
k1095,0.0,0.0,0.0,0.0,1.0,0.10652344,0.0385,0.0,0.0,0.927678014,407
k2586,0.0,0.0,0.0,0.0,1.0,0.0546,0.0,0.153846154,0.0,0.927678014,399
k1617,0.0,0.0,0.0,0.0,1.0,0.0588,0.0,0.0,0.0,0.927678014,2756
k1754,0.0,0.0,0.136363636,0.0,1.0,0.0453,0.0385,0.0769,0.0,0.927678014,946
k3283,0.0,0.0,0.0,0.0,1.0,0.0797,0.0,0.0,0.0,0.927678014,26
k2579,0.0,0.0,0.0,0.0,1.0,0.0341,0.0,0.0769,0.0,0.927678014,261
k1911,0.0,0.0,0.0,0.0,1.0,0.0106,0.0,0.0,0.0,0.927678014,2121
k388,0.0,0.0,0.0,0.0,1.0,0.0842,0.0192,0.153846154,0.133333333,0.927678014,1917
k2033,0.0,0.0,0.181818182,0.0,1.0,0.0544,0.0,0.153846154,0.0,0.927678014,2561
k2495,0.0,0.0,0.0455,0.0,1.0,0.06,0.0,0.0769,0.0667,0.927678014,720
k30,0.0,0.0,0.0,0.0,1.0,0.0735,0.0,0.0769,0.0,0.927678014,2667
k732,0.0,0.0,0.0,0.0,1.0,0.023,0.0,0.0,0.0,0.927678014,2687
k1673,0.0,0.0,0.0909,0.0,1.0,0.0439,0.0,0.0769,0.0,0.927678014,614
k3335,0.0,0.0,0.0,0.0,1.0,0.00669,0.0,0.0,0.0,0.927678014,648
k2880,0.0,0.0,0.0,0.0,1.0,0.0112,0.0,0.0,0.0,0.927678014,2289
k521,0.0,0.0,0.0455,0.0,1.0,0.028,0.0,0.0,0.0,0.927678014,1411
k2299,0.0,0.0,0.0,0.0,1.0,0.0752,0.0,0.0769,0.0,0.927678014,238
k1716,0.0,0.0,0.0,0.0,1.0,0.0807,0.192307692,0.0,0.0,0.927678014,790
k829,0.0,0.0233,0.181818182,0.0,1.0,0.0653,0.0,0.0769,0.0,0.927678014,269
k2834,0.0,0.0,0.0,0.0,1.0,0.076,0.0,0.0,0.0,0.927678014,2193
k1755,0.0,0.0,0.0,0.0,1.0,0.0276,0.0,0.0,0.0,0.927678014,538
k3056,0.0,0.0,0.0,0.0,1.0,0.0845,0.0,0.0,0.0,0.927678014,19
k1611,0.0,0.0,0.0,0.0,1.0,0.0409,0.0,0.0,0.0333,0.927678014,1007
k2899,0.0,0.0,0.181818182,0.0,1.0,0.0174,0.0,0.153846154,0.0,0.927678014,2342
k2146,0.0,0.0,0.0,0.0,1.0,0.0356,0.0,0.230769231,0.0,0.927678014,2186
k2263,0.0,0.0,0.0,0.0,1.0,0.0272,0.0,0.0,0.0,0.927678014,966
k2744,0.0,0.0,0.0,0.0,1.0,0.0348,0.0385,0.0,0.0,0.927678014,1843
k3182,0.0,0.0,0.181818182,0.0,1.0,0.0803,0.0769,0.0769,0.0,0.927678014,930
k702,0.0,0.0,0.0,0.0,1.0,0.0745,0.0,0.0769,0.0,0.927678014,1506
k596,0.0,0.0,0.0455,0.0,1.0,0.0552,0.0,0.0,0.0,0.927678014,2588
k2985,0.0,0.0,0.0,0.0,1.0,0.0788,0.0577,0.0,0.0,0.927678014,2832
k2613,0.0,0.0,0.0,0.0,1.0,0.0376,0.0,0.0,0.0,0.927678014,1675
k2281,0.0,0.0,0.0,0.0,1.0,0.0601,0.0,0.0,0.0,0.927678014,2046
k984,0.0,0.0,0.0,0.0,1.0,0.0392,0.0,0.153846154,0.0,0.927678014,326
k1076,0.0,0.0,0.0,0.0,1.0,0.0456,0.0,0.153846154,0.0,0.927678014,2892
k2667,0.0,0.0,0.0455,0.0,1.0,0.0348,0.0,0.0,0.0,0.927678014,1055
k2926,0.0,0.0,0.0,0.0,1.0,0.061,0.0,0.0769,0.133333333,0.927678014,1524
k2192,0.0,0.0,0.0,0.0,1.0,0.0644,0.0385,0.0,0.0,0.927678014,36
k2291,0.0,0.0,0.0,0.0,1.0,0.0536,0.0,0.153846154,0.0,0.927678014,1282
k2289,0.0,0.0,0.0,0.0,1.0,0.0759,0.0,0.0769,0.0,0.927678014,3396
k2101,0.0,0.0,0.0,0.25,1.0,0.0954,0.0,0.0769,0.0333,0.8450609,3066
k1427,0.0,0.0,0.0,0.0,1.0,0.0152,0.0,0.0,0.0,0.927678014,465
k1145,0.0,0.0,0.181818182,0.0,1.0,0.0606,0.0,0.0769,0.0,0.927678014,502
k2817,0.0,0.0,0.0,0.0,1.0,0.204636668,0.0577,0.230769231,0.0,0.805324783,2015
k2054,0.0,0.0,0.0,0.0,1.0,0.0691,0.0,0.0,0.0,0.927678014,904
k599,0.0,0.0,0.0455,0.0,1.0,0.057,0.0,0.0,0.0,0.927678014,511
k1525,0.0,0.0,0.0,0.0,1.0,0.0323,0.0,0.0769,0.0,0.927678014,1398
k1027,0.0,0.0,0.0,0.0,1.0,0.0484,0.0,0.0,0.0,0.927678014,2639
k1101,0.0,0.0,0.0,0.0,1.0,0.0397,0.0,0.0769,0.0,0.927678014,894
k2202,0.0,0.0,0.0,0.0,1.0,0.0343,0.0,0.0769,0.0,0.927678014,512
k3255,0.0,0.0,0.0,0.0,1.0,0.0907,0.0,0.0769,0.0667,0.927678014,368
k1030,0.0,0.0,0.0909,0.0,1.0,0.0565,0.0,0.0769,0.0,0.927678014,3431
k241,0.0,0.0,0.0455,0.0,1.0,0.0872,0.0,0.0769,0.0,0.927678014,1972
k917,0.0,0.0,0.136363636,0.0,1.0,0.0411,0.0,0.153846154,0.0,0.927678014,3014
k3339,0.0,0.0,0.0,0.0,1.0,0.0652,0.0,0.0,0.0,0.927678014,875
k722,0.0,0.00111,0.0,0.0,0.369068146,0.0692,0.0,0.230769231,0.0,0.927678014,1130
k2823,0.0,0.0,0.0,0.0,1.0,0.0183,0.0,0.0,0.0,0.927678014,3163
k1272,0.0,0.0,0.181818182,0.0,1.0,0.0642,0.0,0.230769231,0.0,0.927678014,2968
k1050,0.0,0.0,0.0909,0.0,1.0,0.0489,0.0,0.0769,0.0,0.927678014,355
k3311,0.0,0.0,0.0,0.0,1.0,0.0848,0.0385,0.0,0.0,0.927678014,1464
k3226,0.0,0.127777778,0.0909,1.0,0.0473,0.263662451,0.0,0.923076923,0.0667,0.927678014,2807
k1177,0.0,0.0,0.0,0.0,1.0,0.0809,0.0,0.0,0.0667,0.927678014,2553
k1813,0.0,0.0,0.0455,0.0,1.0,0.0361,0.0,0.0769,0.0,0.927678014,1622
k2019,0.0,0.171111111,0.0,0.0,1.0,0.082,0.0,0.0769,0.0,0.927678014,1507
k2542,0.0,0.0,0.0,0.0,1.0,0.0309,0.0,0.0769,0.0,0.927678014,104
k2716,0.0,0.0,0.0,0.0,1.0,0.0872,0.0,0.0,0.0333,0.927678014,2402
k2883,0.0,0.0,0.0,0.0,1.0,0.0429,0.0,0.0769,0.0,0.927678014,786
k32,0.0,0.0,0.0,0.0,1.0,0.0176,0.0,0.0,0.0,0.927678014,1900
k1345,0.0,0.0,0.0,0.0,1.0,0.0319,0.0,0.0,0.0,0.927678014,1805
k3034,0.0,0.0,0.0455,0.0,1.0,0.0865,0.0769,0.0769,0.0333,0.927678014,658
k2933,0.0,0.0,0.0455,0.0,1.0,0.0668,0.0,0.0769,0.0,0.927678014,3266
k3231,0.0,0.0,0.0,0.0,1.0,0.0617,0.0,0.0,0.0,0.927678014,1586
k564,0.0,0.00333,0.0,0.0,1.0,0.0,0.0,0.0,0.0,0.927678014,562
k689,0.0,0.0,0.0,0.0,1.0,0.0418,0.0,0.0769,0.0,0.927678014,172
k345,0.0,0.0,0.0909,0.0,1.0,0.0276,0.0,0.0769,0.0,0.927678014,3188
k175,0.0,0.0,0.0,0.0,1.0,0.0357,0.0,0.0769,0.0,0.927678014,1015
k1024,0.0,0.0,0.0,0.0,1.0,0.0877,0.0,0.0,0.0,0.927678014,2619
k2827,0.0,0.0,0.0,0.0,1.0,0.0474,0.0,0.0,0.0,0.927678014,1128
k954,0.0,0.0,0.0,0.0,1.0,0.081,0.0,0.0,0.0,0.927678014,1886
k1207,0.0,0.0,0.0,0.0,1.0,0.0552,0.0,0.0,0.0,0.927678014,1454
k1317,0.0,0.0,0.0,0.0,1.0,0.103912729,0.0,0.0,0.1,0.869748717,2085
k287,0.0,0.0,0.0,0.0,1.0,0.0678,0.0,0.0,0.0667,0.927678014,789
k327,0.0,0.0144,0.318181818,0.5,0.0534,0.131801259,0.0,0.538461538,0.0667,0.927678014,1752
k67,0.0,0.0,0.0,0.0,1.0,0.0242,0.0,0.0,0.0,0.927678014,1257
k736,0.0,0.0,0.0,0.0,1.0,0.0225,0.0,0.0,0.0,0.927678014,21
k1822,0.0,0.0,0.0,0.0,1.0,0.0524,0.0,0.0,0.0,0.927678014,3372
k1086,0.0,0.0,0.0,0.0,1.0,0.0534,0.0,0.0,0.0,0.927678014,3070
k608,0.0,0.0,0.0,0.0,1.0,0.0199,0.0,0.0,0.0,0.927678014,827
k983,0.0,0.0,0.0,0.0,1.0,0.0794,0.0,0.0,0.0,0.927678014,2473
k3135,0.0,0.0,0.0909,0.0,1.0,0.0536,0.0,0.307692308,0.0,0.927678014,524
k547,0.0,0.0,0.0,0.0,1.0,0.0845,0.0,0.153846154,0.0,0.927678014,3040
k1447,0.0,0.0,0.0,0.0,1.0,0.0276,0.0,0.0,0.0,0.927678014,674
k1591,0.0,0.0,0.0455,0.0,1.0,0.0197,0.0,0.0769,0.0,0.927678014,2372
k47,0.0,0.0,0.0,0.0,1.0,0.0677,0.0,0.153846154,0.0,0.927678014,148
k375,0.0,0.0,0.0,0.0,1.0,0.0447,0.0,0.0769,0.0,0.927678014,1390
k2300,0.0,0.0,0.0,0.0,1.0,0.0697,0.0,0.0,0.0,0.927678014,1992
k1861,0.0,0.0,0.0,0.0,1.0,0.0451,0.0385,0.0,0.0,0.927678014,644
k3134,0.0,0.0,0.0,0.0,1.0,0.0613,0.0,0.153846154,0.0,0.927678014,3338
k1830,0.0,0.0,0.0,0.0,1.0,0.0125,0.0192,0.0,0.0,0.927678014,2786
k2930,0.0,0.0,0.0,0.0,1.0,0.0617,0.0,0.0,0.0,0.927678014,582
k1212,0.0,0.0,0.0,0.0,1.0,0.16820754,0.0,0.307692308,0.0,0.928569233,1655
k70,0.0,0.0,0.0,0.0833,1.0,0.0514,0.0,0.0,0.0333,0.927678014,3171
k759,0.0,0.0,0.0,0.0,1.0,0.0632,0.0,0.0,0.0,0.927678014,1197
k5,0.0,0.0,0.0,0.0,1.0,0.0313,0.0,0.0,0.0,0.927678014,3125
k1259,0.0,0.0,0.0,0.0,1.0,0.0399,0.0,0.0,0.0,0.927678014,1573
k1052,0.0,0.0,0.0,0.0,1.0,0.0337,0.0,0.0,0.0,0.927678014,1019
k2477,0.0556,0.0,0.0,0.0,1.0,0.245065068,0.0962,0.307692308,0.133333333,0.741187679,586
k2626,0.0,0.0,0.0,0.0,1.0,0.0623,0.0385,0.0,0.0,0.927678014,1643
k857,0.0,0.0,0.0,0.0,1.0,0.0437,0.0,0.0769,0.0667,0.927678014,995
k1241,0.0,0.0,0.0,0.0,1.0,0.0415,0.0,0.0,0.0333,0.927678014,469
k2718,0.0,0.0,0.0,0.0,1.0,0.0851,0.0,0.0,0.0,0.927678014,852
k2845,0.0,0.0,0.0,0.0,1.0,0.0755,0.0,0.0769,0.0,0.927678014,632
k1387,0.0,0.0,0.181818182,0.0,1.0,0.105517433,0.0,0.0769,0.0,0.927678014,892
k621,0.0,0.0,0.0,0.0,1.0,0.0709,0.115384615,0.0769,0.0,0.927678014,3080
k1445,0.0,0.00556,0.227272727,0.0,1.0,0.0913,0.0,0.153846154,0.0,0.927678014,2016
k655,0.0,0.0,0.0,0.0,1.0,0.056,0.0385,0.0,0.0,0.927678014,2236
k2596,0.0,0.0,0.0,0.0,1.0,0.0657,0.0,0.0,0.0,0.927678014,542
k3370,0.0,0.0,0.0909,0.0,1.0,0.0558,0.0,0.0769,0.0,0.927678014,1576
k425,0.0,0.0,0.0,0.0,1.0,0.0582,0.0,0.0,0.0,0.927678014,157
k2972,0.0,0.0,0.0,0.0,1.0,0.0197,0.0,0.0769,0.0,0.927678014,2076
k77,0.0,0.0,0.181818182,0.0,1.0,0.0978,0.0,0.0769,0.0,0.927678014,108
k623,0.0,0.0,0.0,0.25,1.0,0.136155135,0.0,0.0769,0.0333,0.726395476,2258
k473,0.0,0.0,0.0909,0.0,1.0,0.0493,0.0385,0.0769,0.0,0.927678014,910
k1162,0.0,0.0,0.0,0.0,1.0,0.0766,0.0,0.0,0.0,0.927678014,2425
k1408,0.0,0.0,0.0,0.0,1.0,0.0368,0.0,0.0,0.0,0.927678014,971
k58,0.0,0.0,0.0,0.0,1.0,0.0681,0.0577,0.0769,0.0,0.927678014,951
k2692,0.0,0.0,0.0,0.0,1.0,0.0464,0.0,0.0,0.0,0.927678014,1999
k1973,0.0,0.0,0.0,0.0,1.0,0.0454,0.0385,0.0,0.0,0.927678014,404
k1971,0.0,0.00222,0.227272727,0.0,1.0,0.0872,0.0,0.153846154,0.0,0.927678014,878
k1499,0.0,0.0,0.0,0.0,1.0,0.0151,0.0,0.0,0.0,0.927678014,2592
k1853,0.0,0.0,0.0,0.0,1.0,0.0171,0.0,0.0769,0.0,0.927678014,1276
k2425,0.0,0.0,0.0,0.0,1.0,0.188784634,0.115384615,0.230769231,0.0,0.795490632,1561
k2497,0.0,0.0,0.0909,0.0,1.0,0.0283,0.0,0.0769,0.0,0.927678014,2715
k3004,0.0,0.0,0.0,0.0,1.0,0.0612,0.0,0.0769,0.0,0.927678014,1667
k1019,0.0,0.0,0.0,0.0,1.0,0.0548,0.0,0.0,0.0,0.927678014,2246
k117,0.0,0.0,0.0,0.0,1.0,0.0379,0.0,0.0,0.0,0.927678014,1347
k322,0.0,0.0,0.0,0.0,1.0,0.0575,0.0,0.0,0.0,0.927678014,1718
k2326,0.0,0.0,0.0,0.0,1.0,0.0661,0.0,0.0,0.0,0.927678014,2675
k1867,0.0,0.0,0.0,0.0,1.0,0.0546,0.0,0.153846154,0.0,0.927678014,3330
k1998,0.0,0.0,0.0,0.0,1.0,0.058,0.0,0.0,0.0,0.927678014,900
k385,0.0,0.0,0.0,0.0,1.0,0.0392,0.0,0.0,0.0,0.927678014,761
k122,0.0,0.0,0.0,0.0,1.0,0.0238,0.0,0.0769,0.0667,0.927678014,3279
k2394,0.0,0.0,0.0,0.0,1.0,0.068,0.0,0.153846154,0.0,0.927678014,2415
k824,0.0,0.0,0.0,0.0,1.0,0.0479,0.0385,0.0,0.0,0.927678014,1252
k2811,0.0,0.0,0.0909,0.0,1.0,0.0376,0.0,0.0769,0.0333,0.927678014,1243
k2640,0.0,0.0,0.0,0.0,1.0,0.0559,0.0,0.0,0.0,0.927678014,3250
k1868,0.0,0.0,0.181818182,0.0,1.0,0.0983,0.0,0.230769231,0.0,0.927678014,132
k870,0.0,0.0,0.0,0.0,1.0,0.0174,0.0192,0.0769,0.0,0.927678014,87
k2846,0.0,0.0,0.0,0.0,1.0,0.0465,0.0,0.0,0.0,0.927678014,275
k1870,0.0,0.0,0.227272727,0.0,1.0,0.0646,0.0,0.0769,0.0,0.927678014,111
k1195,0.0,0.0,0.0,0.0,1.0,0.0684,0.0,0.153846154,0.0,0.927678014,503
k526,0.0556,0.0,0.0,0.0,1.0,0.0884,0.0192,0.307692308,0.0,0.441256313,1814
k1863,0.0,0.0,0.0,0.0,1.0,0.0602,0.0192,0.0,0.0,0.927678014,334
k1894,0.0,0.0,0.0,0.0,1.0,0.0541,0.0,0.0,0.0,0.927678014,2404
k107,0.0,0.0,0.0909,0.0,1.0,0.0247,0.0,0.0,0.0,0.927678014,1383
k562,0.0,0.0,0.0,0.0,1.0,0.0549,0.0,0.0,0.0,0.927678014,1815
k1182,0.0,0.0,0.0,0.0,1.0,0.0698,0.0,0.0769,0.0,0.927678014,1001
k1264,0.0,0.0,0.0455,0.0,1.0,0.0737,0.0,0.0,0.0,0.927678014,3108
k2903,0.0,0.0,0.0,0.0,1.0,0.025,0.0,0.0,0.0,0.927678014,78
k2877,0.0,0.0,0.0,0.0,1.0,0.159682349,0.115384615,0.0769,0.0,0.927678014,873
k1647,0.0,0.0,0.0,0.0,1.0,0.0672,0.0,0.0,0.0,0.927678014,2115
k2443,0.0,0.0,0.0,0.0,1.0,0.0661,0.0,0.0,0.0,0.927678014,1653
k426,0.0556,0.0,0.181818182,0.0,1.0,0.117761356,0.0,0.153846154,0.0,0.849271146,263
k2377,0.0,0.0,0.0,0.0,1.0,0.0153,0.0,0.0,0.0,0.927678014,1189
k1449,0.0,0.0,0.0,0.0,1.0,0.0511,0.0,0.0,0.0,0.927678014,1875
k2419,0.0,0.0,0.0,0.0,1.0,0.105421475,0.0,0.0,0.0,0.927678014,2109
k3416,0.0,0.0,0.0,0.0,1.0,0.039,0.0,0.0,0.0,0.927678014,1960
k64,0.0,0.0,0.181818182,0.0,1.0,0.0607,0.0,0.307692308,0.0,0.927678014,2555
k3291,0.0,0.0,0.0,0.0,1.0,0.0398,0.0,0.0,0.0,0.927678014,1147
k2651,0.0,0.00444,0.0,0.0,1.0,0.17663433,0.0,0.0,0.0,0.70052961,276
k1386,0.0,0.0,0.0909,0.0,1.0,0.104908961,0.0,0.0769,0.0,0.927678014,1885
k1689,0.0,0.0,0.0,0.0,1.0,0.034,0.0,0.153846154,0.0,0.927678014,3062
k833,0.0,0.0,0.0455,0.0,1.0,0.0916,0.0,0.0769,0.0,0.927678014,1289
k748,0.0,0.0,0.0,0.0,1.0,0.0903,0.0,0.0,0.0,0.927678014,679
k3083,0.0,0.0,0.0,0.0,1.0,0.0844,0.0,0.0,0.0,0.927678014,2014
k2746,0.0,0.0,0.0,0.0,1.0,0.0202,0.0,0.0,0.0,0.927678014,3077
k1054,0.0,0.0,0.0,0.0,1.0,0.0323,0.0,0.0,0.0,0.927678014,3426
k659,0.0,0.0,0.0,0.0,1.0,0.0728,0.0,0.0769,0.0,0.927678014,1848
k2027,0.0,0.0,0.0,0.0,1.0,0.0508,0.0,0.0,0.0,0.927678014,2788
k1809,0.0,0.0,0.0,0.0,1.0,0.0881,0.0,0.0,0.0667,0.927678014,1384
k1144,0.0,0.0,0.0,0.0,1.0,0.0792,0.0,0.0,0.0,0.925772647,1652
k3314,0.0,0.0,0.0,0.0,1.0,0.169353605,0.0,0.153846154,0.0,0.925455086,2195
k756,0.0,0.0,0.0,0.0,1.0,0.184628197,0.0,0.230769231,0.0,0.969329741,140
k1997,0.0,0.0,0.0,0.0,1.0,0.0583,0.0,0.0769,0.0,0.927678014,442
k2919,0.0,0.0,0.0,0.0,1.0,0.0772,0.0,0.0,0.0,0.927678014,711
k873,0.0,0.0,0.0,0.0,1.0,0.187298522,0.0,0.230769231,0.0,0.842356508,1627
k580,0.0,0.0,0.0,0.0,1.0,0.0307,0.0,0.0769,0.0,0.927678014,2694
k1248,0.0,0.0,0.0909,0.0,1.0,0.0542,0.0,0.0769,0.0,0.927678014,1138
k3340,0.0,0.0,0.0,0.0,1.0,0.0395,0.0,0.0,0.0,0.927678014,2226
k1812,0.0,0.0,0.0,0.0,1.0,0.0484,0.0,0.0,0.0,0.927678014,787
k1726,0.0,0.0,0.0,0.0,1.0,0.0454,0.0,0.0,0.0,0.927678014,400
k3425,0.0,0.0,0.0,0.0,1.0,0.0524,0.0385,0.0769,0.0,0.927678014,1378
k430,0.0,0.0,0.0,0.0,1.0,0.0992,0.0,0.0,0.0,0.927678014,1869
k1898,0.0,0.0,0.0,0.0,1.0,0.0512,0.0,0.0,0.0,0.927678014,3308
k1265,0.0,0.0,0.0,0.0,1.0,0.067,0.0,0.0,0.0,0.927678014,2453
k469,0.0,0.0,0.0,0.0,1.0,0.110664363,0.0,0.153846154,0.0,0.838832604,1699
k3187,0.0,0.0,0.0,0.0,1.0,0.0737,0.0385,0.0,0.0,0.927678014,3390
k1608,0.0,0.0,0.0,0.0,1.0,0.032,0.0385,0.0769,0.0,0.927678014,1918
k1079,0.0,0.0,0.0909,0.0,1.0,0.197496744,0.0,0.307692308,0.0,0.887306774,298
k2727,0.0,0.0,0.136363636,0.0833,1.0,0.0346,0.0,0.0769,0.166666667,0.927678014,70
k3243,0.0,0.0,0.0,0.0,1.0,0.0862,0.0,0.153846154,0.0,0.927678014,2164
k3432,0.0,0.0,0.0,0.0,1.0,0.0409,0.0,0.0,0.0,0.927678014,403
k3397,0.0,0.0,0.0,0.0,1.0,0.0674,0.0,0.0,0.0,0.927678014,1882
k1055,0.0,0.0,0.0,0.0,1.0,0.0292,0.0,0.0769,0.0,0.927678014,296
k3363,0.0,0.0,0.0,0.0,1.0,0.0377,0.0,0.0769,0.0,0.927678014,2049
k351,0.0,0.0,0.0,0.0,1.0,0.0494,0.0,0.0,0.0,0.927678014,710
k98,0.0,0.0,0.0,0.0,1.0,0.0395,0.0,0.0,0.0,0.927678014,3425
k2494,0.0,0.0,0.0,0.0,1.0,0.0663,0.0,0.0,0.0,0.927678014,705
k463,0.0,0.0,0.0455,0.0,1.0,0.0728,0.0,0.0769,0.0,0.927678014,2811
k909,0.0,0.0,0.0909,0.0,1.0,0.10349766,0.0,0.0,0.0,0.927678014,2854
k2479,0.0,0.0,0.0,0.0,1.0,0.0244,0.0,0.0,0.0667,0.927678014,2098
k2655,0.0,0.0,0.0,0.0,1.0,0.223567828,0.192307692,0.230769231,0.0,0.779120868,3146
k2397,0.0,0.0,0.0455,0.0,1.0,0.0716,0.0,0.0,0.0,0.927678014,2627
k3427,0.0,0.0,0.0,0.0,1.0,0.0402,0.0,0.0769,0.0,0.927678014,1580
k1244,0.0,0.0,0.0909,0.0,1.0,0.106070221,0.0,0.0,0.0,0.927678014,1687
k3136,0.0,0.0,0.0,0.0,1.0,0.0803,0.0,0.0,0.0,0.871602864,2719
k3063,0.0,0.0,0.0,0.0,1.0,0.0804,0.0,0.153846154,0.0,0.927678014,312
k2113,0.0,0.0,0.0,0.0,1.0,0.0672,0.0,0.0769,0.0,0.927678014,357
k2398,0.0,0.0,0.0455,0.0,1.0,0.0821,0.0,0.0,0.0,0.927678014,227
k220,0.0,0.0,0.136363636,0.0,1.0,0.0637,0.0,0.0769,0.2,0.927678014,1381
k2272,0.0,0.0,0.0,0.0,1.0,0.045,0.0,0.0,0.0,0.927678014,3242
k182,0.0,0.0,0.0,0.0,1.0,0.0301,0.0192,0.0769,0.0,0.927678014,902
k3107,0.0,0.0,0.0,0.0,1.0,1.0,0.0,0.230769231,0.0,0.927678014,3128
k2643,0.0,0.0,0.0,0.0,1.0,0.0467,0.0,0.0,0.0,0.927678014,1014
k818,0.0556,0.0,0.0,0.0,1.0,0.123683381,0.0,0.0,0.0,0.843831631,1797
k256,0.0,0.0,0.0,0.0,1.0,0.0907,0.0,0.0769,0.0,0.927678014,3235
k1209,0.0,0.0,0.272727273,0.0,1.0,0.0404,0.0,0.153846154,0.0,0.927678014,2043
k3,0.0,0.0,0.0455,0.0,1.0,0.0563,0.0,0.0,0.0,0.927678014,2782
k614,0.0,0.0,0.0909,0.0,1.0,0.039,0.0,0.153846154,0.0,0.927678014,803
k124,0.0,0.0,0.0,0.0,1.0,0.0465,0.0385,0.0,0.0,0.927678014,2569
k1664,0.0,0.0,0.0909,0.0,1.0,0.0576,0.0,0.0,0.0,0.927678014,1067
k1333,0.0,0.0,0.0,0.0,1.0,0.044,0.0,0.0769,0.0,0.927678014,1006
k3253,0.0,0.0,0.0,0.0,1.0,0.0243,0.0,0.0,0.0,0.927678014,31
k1693,0.0,0.0,0.0,0.0,1.0,0.0809,0.0,0.0,0.0667,0.927678014,1991
k2270,0.0,0.0,0.0,0.0,1.0,0.100483462,0.0,0.153846154,0.0,0.927678014,2464
k895,0.0,0.0,0.0455,0.0,1.0,0.0256,0.0,0.0,0.0,0.927678014,2189
k2622,0.0,0.0,0.0,0.0,1.0,0.0612,0.0,0.0,0.0,0.927678014,1748
k1148,0.0,0.0,0.0,0.0,1.0,0.0406,0.0,0.0769,0.0,0.927678014,76
k3405,0.0,0.0,0.0,0.0,1.0,0.0407,0.0,0.0,0.0,0.927678014,2914
k2630,0.0,0.0,0.0,0.0,1.0,0.0171,0.0,0.0769,0.0,0.927678014,1612
k3194,0.0,0.0,0.0,0.0,1.0,0.186442985,0.0,0.384615385,0.1,0.917065325,1493
k3222,0.0,0.0,0.0,0.0,1.0,0.0561,0.0,0.0,0.0,0.927678014,1693
k2343,0.0,0.0,0.0,0.0,1.0,0.0389,0.0385,0.0769,0.0,0.927678014,544
k2085,0.0,0.0,0.0909,0.0,1.0,0.0565,0.0,0.0,0.0,0.927678014,2062
k565,0.0,0.0,0.0,0.0,1.0,0.0106,0.0,0.0,0.0,0.927678014,696
k944,0.0,0.0,0.0455,0.0,1.0,0.0684,0.0,0.230769231,0.0667,0.420471425,1199
k2690,0.0,0.0,0.0,0.0,1.0,0.0,0.0,0.0769,0.0,0.927678014,1342
k2876,0.0,0.0,0.0455,0.0,1.0,0.0335,0.0,0.153846154,0.0,0.927678014,1531
k924,0.0,0.0,0.0,0.0,1.0,0.0125,0.0,0.0,0.0,0.927678014,2781
k2939,0.0,0.0,0.0,0.0,1.0,0.0584,0.0,0.0,0.0,0.927678014,394
k382,0.0556,0.0,0.0,0.0,1.0,0.286865876,0.0,0.0769,0.0,0.862680421,28
k2472,0.0,0.0,0.0909,0.0,1.0,0.0764,0.0385,0.0769,0.0,0.927678014,1321
k784,0.0556,0.0,0.0,0.0,1.0,0.137892988,0.0,0.0,0.0,0.756748174,2525
k500,0.0,0.0,0.0,0.0,1.0,0.222969452,0.0,0.307692308,0.0,0.832563333,495
k3008,0.0,0.0,0.0,0.0,1.0,0.0725,0.0,0.0,0.0,0.927678014,1336
k1072,0.0,0.0,0.0,0.0,1.0,0.0809,0.0,0.0769,0.0,0.927678014,1204
k1266,0.0,0.0,0.0455,0.0,1.0,0.0623,0.0,0.0,0.0,0.927678014,1825
k3093,0.0556,0.0,0.0,0.0,1.0,0.0751,0.0385,0.0,0.0,0.897089706,3375
k3396,0.0,0.0,0.0,0.0,1.0,0.0259,0.0,0.0,0.0,0.927678014,1744
k2888,0.0,0.0,0.0,0.0,1.0,0.0697,0.0,0.230769231,0.0,0.927678014,1753
k1359,0.0,0.00333,0.0,0.0,1.0,0.0137,0.0,0.0,0.0,0.927678014,1914
k574,0.0,0.00333,0.181818182,0.0,1.0,0.0665,0.0,0.0,0.0,0.927678014,1911
k812,0.0,0.0,0.0,0.0,1.0,0.0518,0.0,0.0,0.0,0.927678014,2911
k1603,0.0,0.0,0.0,0.0,1.0,0.0165,0.0,0.0,0.0,0.927678014,422
k935,0.0,0.0,0.0,0.0,1.0,0.0587,0.0,0.0,0.0,0.927678014,726
k111,0.0,0.0256,0.0909,0.0,1.0,0.0424,0.0,0.0,0.0,0.927678014,2429
k1597,0.0556,0.0,0.0,0.0,1.0,0.232489493,0.0,0.230769231,0.0,0.727993526,2534
k3006,0.0556,0.0,0.0,0.0,1.0,0.226476824,0.0,0.0,0.0,0.761460371,3096
k1307,0.0,0.0,0.0,0.0,1.0,0.0545,0.0,0.0769,0.0,0.927678014,2775
k1670,0.0,0.0,0.0,0.0,1.0,0.0866,0.0,0.0,0.0,0.927678014,2596
k1167,0.0,0.0111,0.0,0.0,1.0,0.0,0.0,0.0,0.0,0.927678014,1343
k1712,0.0,0.0,0.0,0.0,1.0,0.0584,0.0,0.0,0.0,0.927678014,860
k2338,0.0,0.0,0.0,0.0,1.0,0.0737,0.0,0.0769,0.0,0.927678014,1379
k2614,0.0,0.0,0.0,0.0,1.0,0.0482,0.0,0.153846154,0.0,0.927678014,2282
k2735,0.0,0.0,0.0,0.0,1.0,0.0685,0.0,0.0,0.0,0.927678014,3019
k2761,0.0,0.0,0.0455,0.0,1.0,0.0705,0.0,0.0,0.0,0.927678014,1339
k2887,0.0,0.0,0.0,0.0,1.0,0.0142,0.0,0.0769,0.0,0.927678014,1182
k912,0.0,0.0,0.0,0.0,1.0,0.0205,0.0,0.0,0.0,0.927678014,991
k1571,0.0,0.00111,0.0909,0.0,1.0,0.0542,0.0,0.0769,0.0,0.927678014,2263
k2774,0.0,0.0,0.0455,0.0,1.0,0.0872,0.0,0.0769,0.0,0.927678014,3269
k2124,0.0,0.0,0.0,0.0,0.396656421,0.0803,0.0,0.307692308,0.0,0.927678014,945
k3423,0.0,0.0,0.0,0.0,1.0,0.0754,0.0,0.0769,0.0,0.927678014,1079
k2889,0.0,0.0,0.0,0.0833,1.0,0.0351,0.0,0.0,0.0667,0.927678014,741
k2893,0.0,0.0,0.0,0.0,1.0,0.0706,0.0,0.0,0.0,0.927678014,244
k2399,0.0,0.0,0.0455,0.0,1.0,0.0106,0.0,0.0,0.0,0.927678014,2381
k3103,0.0,0.0,0.0,0.0,1.0,0.0399,0.0,0.0,0.0,0.927678014,472
k1488,0.0,0.0,0.0,0.0,1.0,0.0622,0.0,0.0769,0.0,0.927678014,1672
k2036,0.0,0.0233,0.0,0.0,1.0,0.1410516,0.0,0.0,0.0,0.927678014,2579
k2664,0.0,0.0,0.0,0.0,1.0,0.0528,0.115384615,0.0,0.0,0.927678014,1051
k908,0.0,0.00111,0.0,0.0,1.0,0.0571,0.0,0.153846154,0.0,0.927678014,3415
k2042,0.0,0.0,0.0,0.0,1.0,0.0474,0.0,0.153846154,0.0,0.927678014,2244
k2084,0.0,0.0,0.0,0.0,1.0,0.0877,0.0,0.153846154,0.0,0.927678014,1042
k2286,0.0,0.0,0.0909,0.0,1.0,0.0594,0.0,0.0769,0.0,0.927678014,882
k2158,0.0,0.0,0.0,0.0,1.0,0.0777,0.0,0.0,0.0,0.927678014,383
k1641,0.0,0.0,0.0,0.0,1.0,0.0334,0.0,0.0,0.0,0.927678014,610
k1406,0.0,0.0,0.363636364,0.0,1.0,0.0535,0.0,0.230769231,0.0,0.927678014,1876
k1314,0.0,0.0,0.0,0.0,1.0,0.0265,0.0,0.0769,0.0,0.927678014,83
k2055,0.0,0.0,0.0,0.0,0.340805158,0.109300349,0.0,0.0769,0.0,0.927678014,1921
k1613,0.0,0.0,0.0,0.0,1.0,0.0455,0.0,0.0,0.0,0.927678014,1354
k1001,0.0,0.0,0.0,0.0,1.0,0.0727,0.0,0.153846154,0.0,0.754095002,2550
k1270,0.0,0.0,0.0909,0.0,1.0,0.0483,0.0,0.0769,0.0,0.927678014,3355
k212,0.0,0.0,0.136363636,0.0,1.0,0.0589,0.0,0.153846154,0.0,0.927678014,1497
k896,0.0,0.0,0.0,0.0,1.0,0.056,0.0385,0.0,0.0,0.927678014,1465
k3240,0.0,0.0,0.0,0.0,1.0,0.0685,0.0,0.0,0.0,0.927678014,345
k1930,0.0,0.00111,0.136363636,0.0,1.0,0.0637,0.0,0.0,0.0,0.927678014,1120
k1434,0.0,0.0,0.0,0.0,1.0,0.055,0.0192,0.0769,0.133333333,0.927678014,1583
k2947,0.0,0.0,0.0909,0.0,1.0,0.0149,0.0,0.0,0.0,0.927678014,955
k53,0.0,0.0,0.0,0.333333333,1.0,0.14045673,0.0,0.0769,0.3,0.927678014,2128
k1302,0.0,0.0,0.181818182,0.0,1.0,0.0845,0.0,0.0769,0.0,0.927678014,2396
k2444,0.0,0.0,0.0,0.0,1.0,0.0106,0.0,0.0,0.0,0.927678014,178
k1879,0.0,0.0,0.0455,0.0,1.0,0.0439,0.0,0.0769,0.0,0.927678014,496
k1059,0.0,0.0,0.0,0.0,1.0,0.0374,0.0,0.0,0.0,0.927678014,3394
k1654,0.0,0.0,0.0,0.0,1.0,0.0424,0.0,0.0,0.0,0.927678014,1523
k512,0.0,0.0,0.0909,0.0,1.0,0.0523,0.0,0.0,0.0,0.927678014,2849
k1106,0.0,0.0,0.0,0.0,1.0,0.0734,0.0,0.0,0.0,0.927678014,1166
k1218,0.0,0.0,0.0,0.0,1.0,0.0493,0.0,0.0,0.0,0.927678014,2726
k2,0.0,0.0,0.0,0.0,1.0,0.168252384,0.0,0.230769231,0.0,0.946496071,2117
k1514,0.0,0.0,0.272727273,0.0,1.0,0.0601,0.0,0.0,0.0,0.927678014,1854
k3410,0.0,0.0,0.0,0.0,1.0,0.0483,0.0769,0.0769,0.0,0.927678014,1595
k2802,0.0,0.0,0.0,0.0,1.0,0.123521858,0.115384615,0.230769231,0.0667,0.927678014,3007
k2330,0.0,0.0,0.0,0.0,1.0,0.0463,0.0,0.0,0.0,0.927678014,3198
k41,0.0,0.0,0.0455,0.0,1.0,0.0515,0.0,0.0,0.0,0.927678014,2291
k2357,0.0,0.0,0.0,0.0,1.0,0.033,0.0,0.0,0.0,0.927678014,3291
k1694,0.0,0.0,0.0,0.0,1.0,0.0533,0.0,0.0,0.0,0.927678014,1858
k1516,0.0,0.0,0.0,0.0,1.0,0.0488,0.0,0.153846154,0.0,0.927678014,1726
k1724,0.0,0.0,0.0,0.0,1.0,0.0109,0.0,0.0,0.0,0.927678014,100
k137,0.0,0.0,0.0,0.0,1.0,0.0463,0.0769,0.0,0.0,0.927678014,1784
k1736,0.0,0.0,0.0,0.0,1.0,0.0299,0.0,0.0,0.0,0.927678014,427
k1205,0.0,0.0,0.0455,0.0,1.0,0.0453,0.0,0.0,0.0,0.927678014,1194
k154,0.0,0.0,0.0,0.0,1.0,0.109494495,0.0,0.0,0.0,0.927678014,1442
k1594,0.0,0.0,0.0,0.0,1.0,0.088,0.115384615,0.0769,0.0,0.927678014,2145
k368,0.0,0.0,0.0455,0.0,1.0,0.0404,0.0,0.0,0.0,0.927678014,552
k1922,0.0,0.0,0.0,0.0,1.0,0.0,0.0,0.0,0.0,0.927678014,2040
k632,0.0,0.0,0.0,0.0833,0.153328585,0.112917068,0.0,0.230769231,0.0,0.927678014,3334
k671,0.0,0.0,0.0,0.0,1.0,0.100985775,0.0,0.153846154,0.0,0.927678014,948
k1295,0.0,0.0,0.0,0.0,1.0,0.0804,0.0,0.0,0.0,0.844282363,690
k234,0.0,0.0,0.0,0.0,1.0,0.046,0.0,0.0,0.0,0.927678014,2740
k1760,0.0,0.0,0.0,0.0,1.0,0.0855,0.0,0.153846154,0.0,0.927678014,877
k1431,0.0,0.0,0.0,0.0,1.0,0.0773,0.0,0.0,0.0,0.927678014,488
k2190,0.0,0.0,0.0,0.0,1.0,0.0,0.0,0.0,0.0,0.927678014,2022
k1422,0.0,0.0,0.0,0.0,1.0,0.0349,0.0,0.0,0.0,0.927678014,183
k1895,0.0,0.0,0.0,0.0,1.0,0.0267,0.0,0.0769,0.0,0.927678014,2573
k918,0.0,0.0,0.0,0.0,1.0,0.0,0.0,0.0,0.0,0.927678014,1638
k2257,0.0,0.0,0.0,0.0,1.0,0.0495,0.0,0.0769,0.0,0.927678014,2956
k2194,0.0,0.0,0.0,0.0,1.0,0.0835,0.0,0.0,0.0,0.927678014,3110
k507,0.0,0.0,0.0,0.0,1.0,0.0143,0.0,0.0,0.0,0.927678014,151
k2051,0.0,0.0,0.0909,0.0,1.0,0.112372249,0.0,0.153846154,0.0,0.927678014,1341
k362,0.0,0.0,0.0909,0.0,1.0,0.0477,0.0,0.0769,0.0,0.927678014,3280
k528,0.0,0.0,0.0,0.0,1.0,0.0205,0.0385,0.0,0.0,0.927678014,947
k247,0.0,0.0,0.0,0.0,1.0,0.0627,0.0,0.0,0.0,0.927678014,2635
k2322,0.0,0.0,0.0,0.0,1.0,0.122390246,0.0385,0.0,0.0,0.927678014,86
k2902,0.0,0.0,0.0,0.0,1.0,0.0904,0.0,0.0,0.0,0.927678014,1000
k2581,0.0,0.0,0.0455,0.0,1.0,0.0446,0.0,0.0,0.0,0.927678014,2893
k1028,0.0,0.0,0.0,0.0,1.0,0.0,0.0385,0.0,0.0,0.927678014,888
k2526,0.0,0.0,0.0,0.0,1.0,0.0157,0.0,0.0,0.0,0.927678014,631
k1946,0.0,0.0,0.0909,0.0,1.0,0.0611,0.0,0.0769,0.0,0.927678014,869
k3354,0.0,0.0,0.0455,0.0,1.0,0.0594,0.0,0.0,0.0333,0.927678014,522
k3250,0.0,0.0,0.0,0.0,1.0,0.0478,0.0,0.0,0.0,0.927678014,1140
k3010,0.0,0.0,0.0455,0.0,1.0,0.035,0.0,0.0,0.0,0.927678014,2406
k1612,0.0,0.0,0.0,0.0,1.0,0.0124,0.0,0.0,0.0,0.927678014,1369
k1827,0.0,0.0,0.0,0.0,1.0,0.062,0.0,0.0,0.0,0.927678014,360
k2231,0.0,0.0,0.136363636,0.0,1.0,0.0292,0.0,0.0769,0.0,0.927678014,1845
k2351,0.0,0.0,0.0,0.0,0.162287278,0.0723,0.0,0.230769231,0.0,0.927678014,1545
k3237,0.0,0.0,0.0,0.0,1.0,0.0511,0.0,0.230769231,0.0,0.927678014,2378
k2763,0.0,0.0,0.0,0.0,1.0,0.0798,0.0,0.0,0.0,0.927678014,1348
k2821,0.0,0.0,0.0,0.0,1.0,0.0125,0.0,0.0,0.0,0.927678014,2772
k1570,0.0,0.0,0.0,0.0,1.0,0.0338,0.0,0.0769,0.0,0.927678014,2375
k2171,0.0,0.0,0.0,0.0,1.0,0.0108,0.0,0.0769,0.0,0.927678014,1678
k1405,0.0,0.0,0.0,0.0,1.0,0.0,0.0385,0.0,0.0,0.927678014,3301
k1448,0.0,0.0,0.0,0.0,1.0,0.0,0.0,0.0,0.0,0.927678014,413
k1598,0.0,0.0,0.0,0.0,1.0,0.134526735,0.0,0.0769,0.0,0.927678014,721
k1227,0.0,0.0,0.0,0.0,1.0,0.0348,0.0,0.153846154,0.0,0.927678014,230
k3374,0.0,0.0,0.0,0.0,1.0,0.0198,0.0,0.0,0.0,0.927678014,1891
k3156,0.0,0.0,0.0455,0.0,1.0,0.154775152,0.0,0.0769,0.0,0.942552167,3304
k1950,0.0,0.0,0.0,0.0,1.0,0.0201,0.0,0.0,0.0,0.927678014,1474
k235,0.0,0.0,0.0,0.0,1.0,0.0771,0.0,0.0769,0.0,0.927678014,2343
k2715,0.0,0.0,0.0,0.0,1.0,0.118757587,0.0577,0.0769,0.0,0.927678014,386
k1191,0.0,0.0,0.0,0.0,1.0,0.0751,0.0,0.0769,0.0667,0.927678014,2202
k2206,0.0,0.0,0.0,0.0,1.0,0.0,0.0,0.0,0.0,0.927678014,1183
k861,0.0,0.0,0.0,0.0,1.0,0.0773,0.0,0.0769,0.0,0.927678014,1151
k2530,0.0,0.0,0.0909,0.0,1.0,0.027,0.0,0.0769,0.0,0.927678014,225
k2295,0.0,0.0256,0.0,0.0,1.0,0.00626,0.0,0.0,0.0,0.927678014,2005
k1289,0.0,0.0,0.0,0.0,1.0,0.095,0.0,0.0,0.0,0.768999887,593
k1901,0.0,0.0,0.0,0.0,1.0,0.0543,0.0,0.0,0.0,0.927678014,2542
k1798,0.0,0.0,0.0,0.0,1.0,0.0511,0.0,0.0,0.0,0.927678014,706
k2418,0.0,0.0,0.0,0.0,1.0,0.0309,0.0577,0.0,0.0,0.927678014,636
k643,0.0,0.0,0.0455,0.0,1.0,0.0528,0.0,0.0,0.0667,0.927678014,3099
k3298,0.0,0.0,0.0,0.0,1.0,0.366181838,0.0,0.461538462,0.0,0.959690224,348
k1067,0.0,0.0,0.0,0.0,1.0,0.0684,0.0,0.0,0.0,0.927678014,2
k2039,0.0,0.0,0.0455,0.0,1.0,0.0784,0.0,0.0,0.0,0.927678014,770
k149,0.0,0.0,0.0,0.0,1.0,0.0444,0.0,0.0,0.0,0.927678014,1420
k3206,0.0,0.0,0.0455,0.0,1.0,0.0449,0.0,0.0,0.0667,0.927678014,520
k3037,0.0,0.0,0.0,0.0,1.0,0.10652344,0.0385,0.0,0.0,0.927678014,2688
k2440,0.0,0.0,0.0,0.0,1.0,0.0403,0.0,0.0,0.0333,0.927678014,365
k396,0.0,0.0,0.0,0.0,1.0,0.123922264,0.0,0.153846154,0.0,0.927678014,1426
k2872,0.0,0.0,0.0,0.0,1.0,0.0689,0.0,0.153846154,0.0,0.927678014,2602
k1325,0.0,0.0,0.0,0.0,1.0,0.0168,0.0,0.0769,0.0,0.927678014,1424
k975,0.0,0.0,0.0455,0.0,1.0,0.0654,0.0,0.0,0.0,0.927678014,180
k110,0.0,0.0,0.0,0.0,1.0,0.075,0.0,0.0,0.0,0.927678014,446
k2428,0.0,0.0,0.0455,0.0,1.0,0.064,0.0,0.0769,0.0,0.927678014,1684
k3081,0.0,0.0,0.0,0.0,1.0,0.0606,0.0,0.0769,0.0,0.927678014,3397
k159,0.0,0.0,0.0,0.0,1.0,0.0185,0.0,0.0769,0.0,0.927678014,1775
k2594,0.0,0.0,0.0,0.0,1.0,0.0399,0.0,0.0,0.0,0.927678014,2000
k867,0.0,0.0,0.0455,0.0,1.0,0.0851,0.0,0.0,0.0,0.927678014,2058
k523,0.0,0.0,0.0909,0.0,1.0,0.0617,0.0385,0.0769,0.0,0.927678014,1609
k1945,0.0,0.0,0.0,0.0,1.0,0.0723,0.0,0.0769,0.0,0.927678014,555
k2013,0.0,0.0,0.0,0.0,1.0,0.0498,0.0,0.0,0.0,0.927678014,3195
k2786,0.0,0.0,0.0,0.0,1.0,0.107648358,0.192307692,0.230769231,0.0,0.927678014,3306
k2794,0.0,0.0,0.0,0.0,1.0,0.0583,0.0385,0.0,0.0,0.927678014,2768
k263,0.0,0.0,0.0,0.0,1.0,0.0685,0.0,0.0,0.0,0.927678014,2104
k1962,0.0,0.0,0.0,0.0,1.0,0.0,0.0,0.0,0.0,0.927678014,2608
k36,0.0,0.0,0.0,0.0,1.0,0.037,0.0,0.0769,0.0,0.927678014,2295
k1732,0.0,0.0,0.272727273,0.0,1.0,0.0541,0.0,0.0769,0.0,0.927678014,1016
k2732,0.0,0.0,0.0,0.0,1.0,0.0767,0.0,0.0,0.0,0.927678014,2360
k2577,0.0,0.0,0.0,0.0,1.0,0.0685,0.0,0.0,0.0,0.927678014,2570
k929,0.0,0.0,0.0909,0.0,1.0,0.0437,0.0,0.0,0.0,0.927678014,2572
k2488,0.0,0.0,0.0,0.0,1.0,0.0847,0.0,0.153846154,0.0,0.927678014,2574
k658,0.0,0.0,0.0,0.0,1.0,0.167332025,0.0577,0.0769,0.0,0.927678014,3312
k2352,0.0,0.0,0.0,0.0,1.0,0.0947,0.0,0.0,0.0,0.927678014,1689
k2937,0.0,0.0,0.181818182,0.0,1.0,0.0657,0.0,0.0769,0.0,0.927678014,1568
k1908,0.0,0.0,0.0,0.0,1.0,0.0899,0.0,0.0,0.0,0.927678014,137
k1459,0.0,0.0,0.0,0.0,1.0,0.0671,0.0,0.0,0.0,0.927678014,1068
k2392,0.0,0.0,0.0,0.0,1.0,0.067,0.0769,0.0,0.0,0.927678014,2980
k2861,0.0,0.0,0.136363636,0.0,1.0,0.0815,0.0,0.307692308,0.0,0.927678014,3313
k2836,0.0,0.0,0.181818182,0.0,1.0,0.0245,0.0,0.0769,0.0,0.927678014,3405
k2487,0.0,0.0,0.0,0.0,1.0,0.122787463,0.153846154,0.0,0.0,0.927678014,1250
k2279,0.0,0.0,0.0455,0.0,1.0,0.0978,0.0,0.0769,0.0,0.927678014,2286
k1562,0.0,0.0,0.0,0.0,1.0,0.073,0.0,0.0,0.0,0.927678014,1263
k293,0.0,0.0,0.0,0.0,1.0,0.0106,0.0,0.0769,0.0,0.927678014,792
k1948,0.0,0.0,0.0,0.0,1.0,0.0807,0.0,0.0,0.0,0.927678014,1271
k711,0.0,0.0,0.0909,0.0,1.0,0.0448,0.0,0.0,0.0,0.927678014,2430
k2916,0.0,0.0,0.0,0.0,1.0,0.0332,0.0,0.0,0.0,0.927678014,209
k173,0.0,0.0,0.0,0.0,1.0,0.0713,0.0,0.0769,0.0,0.927678014,957
k433,0.0,0.0,0.0,0.0,1.0,0.0341,0.0,0.0,0.0,0.927678014,279
k2606,0.0,0.0,0.0,0.0,1.0,0.082,0.0,0.0,0.0,0.927678014,1860
k1619,0.0,0.0,0.0,0.0,1.0,0.0676,0.0,0.0,0.0,0.927678014,962
k3172,0.0,0.0,0.0,0.0,1.0,0.0649,0.0,0.0,0.0,0.927678014,2665
k3144,0.0,0.0,0.0,0.0,1.0,0.0262,0.0,0.0,0.0,0.927678014,1514
k1474,0.0,0.0,0.0909,0.0,1.0,0.0548,0.0,0.0769,0.0,0.927678014,2240
k3095,0.0,0.0,0.0,0.0,1.0,0.0215,0.0,0.0,0.0,0.927678014,627
k2025,0.0,0.0,0.0,0.0,1.0,0.0822,0.0,0.0,0.0,0.927678014,1842
k2024,0.0,0.0,0.0,0.0,1.0,0.0563,0.0,0.0,0.0,0.927678014,2386
k2230,0.0,0.0,0.0,0.0,1.0,0.0522,0.0,0.0769,0.0,0.927678014,1239
k2854,0.0,0.0,0.0455,0.0,1.0,0.0876,0.0,0.0769,0.0,0.927678014,3376
k1066,0.0,0.0,0.0,0.0,1.0,0.0374,0.0,0.0769,0.0,0.927678014,569
k1906,0.0,0.0,0.0,0.0,1.0,0.0523,0.0,0.153846154,0.0,0.927678014,2904
k2795,0.0,0.0,0.0,0.0,1.0,0.0413,0.0,0.0,0.0,0.927678014,2403
k640,0.0,0.0,0.0909,0.0,1.0,0.0463,0.0,0.0769,0.0,0.927678014,1338
k376,0.0,0.0,0.0,0.0,1.0,0.0591,0.0,0.0769,0.0,0.927678014,460
k601,0.0,0.0,0.0,0.0,1.0,0.0735,0.0,0.0769,0.0,0.927678014,983
k1746,0.0,0.0,0.0,0.0,1.0,0.0365,0.0,0.0,0.0,0.927678014,2450
k3296,0.0,0.0,0.0455,0.0,1.0,0.0181,0.0,0.0769,0.133333333,0.927678014,3000
k2302,0.0,0.0,0.0909,0.0,1.0,0.0256,0.0,0.0769,0.166666667,0.927678014,1812
k2453,0.0,0.0,0.0,0.0,1.0,0.0597,0.0,0.0769,0.0,0.927678014,1540
k189,0.0,0.0111,0.0455,0.0,1.0,0.0961,0.0,0.0,0.0,0.927678014,236
k2658,0.0,0.0,0.0455,0.0,1.0,0.0286,0.0,0.0,0.0,0.927678014,289
k485,0.0,0.0,0.0,0.0,1.0,0.0276,0.0,0.0,0.0,0.927678014,3164
k2131,0.0,0.0,0.0,0.0,1.0,0.0811,0.0,0.153846154,0.0,0.927678014,2361
k3167,0.0,0.0,0.0,0.0,1.0,0.0475,0.0,0.0,0.0,0.927678014,204
k2582,0.0,0.0,0.0,0.0,1.0,0.0631,0.0,0.0769,0.0,0.927678014,2270
k1268,0.0,0.0,0.0,0.0,1.0,0.0432,0.0,0.0769,0.0,0.927678014,301
k947,0.0,0.0,0.181818182,0.0,1.0,0.124165078,0.0,0.230769231,0.0,0.927678014,1990
k1982,0.0,0.0,0.0,0.0,1.0,0.0389,0.0,0.230769231,0.0,0.927678014,3373
k13,0.0,0.0,0.0,0.0,1.0,0.0648,0.0,0.0,0.0,0.927678014,2480
k460,0.111111111,0.0578,0.0,0.0,1.0,0.335674521,0.0,0.230769231,0.0,0.781046722,2864
k3202,0.0,0.0,0.0,0.0,1.0,0.0764,0.0,0.153846154,0.0,0.927678014,2993
k1610,0.0,0.0,0.136363636,0.0,1.0,0.0381,0.0,0.0769,0.0,0.927678014,1556
k595,0.0,0.0,0.181818182,0.0,1.0,0.0653,0.0,0.0769,0.0,0.927678014,2761
k2767,0.0,0.0,0.136363636,0.0,1.0,0.0655,0.0385,0.0769,0.0,0.927678014,1551
k2478,0.0,0.0,0.0,0.0,1.0,0.0689,0.0,0.0,0.0,0.927678014,1560
k2233,0.0,0.0,0.0455,0.0,1.0,0.0316,0.0,0.153846154,0.0,0.927678014,2794
k2891,0.0,0.0,0.0,0.0,1.0,0.0106,0.0,0.0,0.0,0.927678014,3295
k2710,0.0,0.0,0.0,0.0,1.0,0.0637,0.0,0.0,0.0,0.927678014,1838
k3362,0.0,0.0,0.0,0.0,1.0,0.0531,0.0,0.0,0.0,0.927678014,2356
k14,0.0,0.0,0.0,0.0,1.0,0.0256,0.0,0.0,0.0,0.927678014,578
k2723,0.0,0.0,0.0,0.0,1.0,0.0808,0.0,0.0,0.0,0.927678014,1859
k731,0.0,0.0,0.0,0.0,1.0,0.0551,0.115384615,0.0,0.0,0.927678014,2621
k635,0.0,0.0,0.0,0.0,1.0,0.0328,0.0,0.0,0.0,0.927678014,281
k202,0.0,0.0,0.0,0.0,1.0,0.0711,0.153846154,0.0,0.0,0.927678014,1857
k1653,0.0,0.0,0.0,0.0,1.0,0.0394,0.0,0.0769,0.0,0.927678014,560
k366,0.0,0.0,0.0,0.0,1.0,0.0358,0.0,0.0,0.0,0.927678014,2894
k3269,0.0,0.0,0.0,0.0,1.0,0.0592,0.0,0.0,0.0,0.927678014,1883
k2973,0.0,0.0,0.0,0.0,1.0,0.0692,0.0,0.0,0.0,0.927678014,727
k1213,0.0,0.0,0.0,0.0,1.0,0.0217,0.0385,0.0769,0.0,0.927678014,1662
k989,0.0,0.0,0.0,0.0,1.0,0.043,0.0577,0.0,0.0,0.927678014,494
k675,0.0,0.0,0.0455,0.0,1.0,0.0,0.0,0.0,0.0,0.927678014,1265
k1927,0.0,0.0,0.0909,0.0,1.0,0.0678,0.0,0.0,0.0,0.927678014,2216
k1507,0.0,0.0,0.136363636,0.0,1.0,0.0916,0.0,0.0769,0.0,0.927678014,698
k3131,0.0,0.0,0.136363636,0.0,1.0,0.0452,0.0385,0.0769,0.0,0.927678014,1046
k720,0.0,0.0,0.0,0.0,1.0,0.0796,0.0,0.0,0.0,0.927678014,2607
k3223,0.0,0.0,0.0,0.0,1.0,0.251646253,0.0,0.0769,0.0,0.853020416,2187
k795,0.0,0.0,0.0,0.0,1.0,0.0612,0.0769,0.0,0.0,0.927678014,737
k2220,0.0,0.0,0.0,0.0,1.0,0.0422,0.0,0.0,0.0,0.927678014,1241
k806,0.0,0.0,0.0,0.0,1.0,0.0,0.0,0.0,0.0,0.927678014,416
k2309,0.0,0.0,0.0,0.0,1.0,0.0565,0.0,0.0769,0.0,0.927678014,1109
k3325,0.0556,0.0,0.0,0.0,1.0,0.293412843,0.0,0.0769,0.0,0.789415995,1281
k647,0.0,0.0,0.0,0.0,1.0,0.0342,0.0,0.0769,0.0,0.927678014,212
k1752,0.0,0.0,0.0,0.0,1.0,0.0697,0.0,0.0,0.0,0.927678014,2647
k2780,0.0,0.0,0.0,0.0,1.0,0.0531,0.0,0.0,0.0,0.927678014,2852
k2589,0.0,0.0,0.0,0.0,1.0,0.0756,0.0769,0.0,0.0,0.927678014,1452
k2676,0.0,0.0,0.136363636,0.0,1.0,0.0479,0.0,0.0,0.0,0.927678014,300
k2448,0.0,0.00333,0.0,0.0,1.0,0.0,0.0,0.0,0.0,0.927678014,1828
k19,0.0,0.0,0.0,0.0,1.0,0.0226,0.0,0.0769,0.1,0.927678014,1663
k1432,0.0,0.00556,0.0455,0.0,1.0,0.0767,0.0,0.0769,0.0,0.927678014,683
k2920,0.0,0.0,0.0,0.0,0.309974511,0.0177,0.0,0.0769,0.0,0.927678014,3111
k2639,0.0,0.00444,0.0,0.0,1.0,0.0605,0.0,0.0,0.0,0.927678014,2630
k1551,0.0,0.0,0.0,0.0,1.0,0.0219,0.0,0.0769,0.0,0.927678014,1571
k3011,0.0,0.0,0.0455,0.0,1.0,0.0477,0.0,0.0769,0.0667,0.927678014,2824
k683,0.0,0.0,0.0,0.0,1.0,0.0739,0.0769,0.0769,0.0,0.927678014,1682
k2830,0.0,0.0,0.0,0.0,1.0,0.208866747,0.153846154,0.230769231,0.0,0.788709165,2153
k950,0.0,0.0,0.0,0.0,1.0,0.0,0.0,0.0,0.0,0.927678014,120
k2166,0.0,0.0,0.0,0.0,1.0,0.0619,0.0,0.0,0.0,0.927678014,967
k1414,0.0,0.0,0.0,0.0,1.0,0.0774,0.0,0.0769,0.0,0.927678014,2839
k2633,0.0,0.0,0.0,0.0,1.0,0.0372,0.0,0.0,0.0,0.927678014,2578
k2717,0.0,0.0733,0.0,0.0,1.0,0.23900458,0.0,0.0,0.0,0.92232045,1755
k2608,0.0,0.0,0.0,0.0,1.0,0.0787,0.0,0.0,0.0667,0.927678014,1909
k2359,0.0,0.0,0.0455,0.0,1.0,0.0652,0.0,0.0769,0.0,0.927678014,1950
k3016,0.0,0.0,0.0909,0.0,1.0,0.0184,0.0,0.0769,0.0,0.927678014,3003
k1573,0.0,0.0,0.0,0.0,1.0,0.0564,0.0,0.0,0.0,0.927678014,1020
k2541,0.166666667,0.0,0.0,0.0,1.0,0.302119428,0.519230769,0.153846154,0.0,0.811839908,2198
k3309,0.0,0.0,0.0455,0.0,1.0,0.0605,0.0,0.0,0.0,0.927678014,2906
k346,0.0,0.0,0.0,0.0,1.0,0.0266,0.0,0.0,0.0,0.927678014,1181
k3412,0.0,0.0,0.0,0.0,1.0,0.0911,0.0,0.0,0.0,0.799475512,2180
k1703,0.0,0.0,0.0,0.0,1.0,0.023,0.0,0.0,0.0,0.927678014,214
k2522,0.0,0.0,0.0,0.0,1.0,0.0205,0.0,0.0,0.0,0.927678014,605
k2500,0.0,0.0,0.0,0.0,1.0,0.0375,0.0385,0.0,0.0,0.927678014,1502
k3394,0.0,0.0,0.0,0.0,1.0,0.0437,0.0,0.0,0.0,0.927678014,3054
k352,0.0,0.0,0.0,0.333333333,1.0,0.0719,0.0577,0.230769231,0.0,0.927678014,1386
k3402,0.0,0.0,0.0455,0.0,1.0,0.182611824,0.0,0.153846154,0.0,0.883035065,1837
k2665,0.0,0.0,0.0,0.0,1.0,0.0594,0.0,0.0,0.0,0.927678014,2593
k17,0.0,0.0,0.0,0.0,1.0,0.0293,0.0,0.0,0.0,0.927678014,1631
k1502,0.0,0.0,0.272727273,0.0,1.0,0.0814,0.0,0.0769,0.0,0.927678014,1770
k2214,0.0556,0.0,0.0,0.0,0.314528825,0.0177,0.0,0.0769,0.0,0.927678014,635
k1125,0.0,0.0,0.0,0.0,1.0,0.0254,0.0,0.0,0.0,0.927678014,1148
k928,0.0,0.0,0.0,0.0,1.0,0.0237,0.0,0.0,0.0,0.927678014,1316
k1921,0.0,0.0,0.0,0.0,1.0,0.0517,0.0385,0.0,0.0,0.927678014,1230
k198,0.0,0.0,0.0,0.0,1.0,0.0358,0.0385,0.0,0.0,0.927678014,836
k177,0.0,0.0,0.0909,0.0,1.0,0.0416,0.0,0.0769,0.0,0.927678014,961
k542,0.0,0.0,0.0,0.0,0.400929605,0.037,0.0,0.230769231,0.0,0.927678014,2514
k2068,0.0,0.0,0.0,0.0,1.0,0.0609,0.0,0.0,0.0,0.927678014,2214
k701,0.0,0.0,0.0,0.0,1.0,0.0859,0.0,0.0769,0.0,0.927678014,1989
k1364,0.0,0.0,0.0,0.0,1.0,0.0589,0.0,0.0,0.0,0.927678014,1593
k1655,0.0,0.0,0.0,0.0,1.0,0.0412,0.0769,0.0769,0.0,0.927678014,1440
k1555,0.0556,0.0,0.136363636,0.0833,1.0,0.126193246,0.0,0.0,0.166666667,0.718456448,567
k952,0.0,0.0,0.0,0.0,1.0,0.188529492,0.0,0.153846154,0.0,0.913940934,525
k1099,0.0,0.0,0.0455,0.0,1.0,0.0437,0.0,0.0,0.0,0.927678014,2655
k2076,0.0,0.0,0.0,0.0,1.0,0.0299,0.0192,0.0769,0.0,0.927678014,2369
k3132,0.111111111,0.0,0.0,0.0,1.0,0.116142413,0.0,0.0769,0.0,0.757475491,2899
k1284,0.0,0.0,0.0,0.0,1.0,0.0176,0.0,0.0,0.0,0.927678014,3356
k1543,0.0,0.0,0.0,0.0,1.0,0.110068749,0.192307692,0.0769,0.0,0.927678014,3224
k3108,0.0,0.0,0.0,0.0,1.0,0.0,0.0,0.0,0.0,0.927678014,1280
k65,0.0,0.0,0.181818182,0.0,1.0,0.0284,0.0,0.0769,0.0,0.927678014,3277
k1372,0.0,0.0,0.0,0.0,1.0,0.0729,0.0,0.0,0.0,0.927678014,1027
k2771,0.0,0.0,0.0909,0.0,1.0,0.0935,0.0,0.0,0.0,0.927678014,1373
k3401,0.0556,0.0,0.0,0.0,1.0,0.0751,0.0,0.0,0.0,0.859381883,703
k84,0.0,0.0,0.0909,0.0,0.297192443,0.0823,0.0385,0.0769,0.0,0.927678014,744
k2227,0.0,0.0,0.0,0.0,1.0,0.0311,0.0,0.0,0.0,0.927678014,920
k3234,0.0,0.0,0.0,0.25,0.138166279,0.0475,0.0,0.230769231,0.0333,0.927678014,2350
k509,0.0,0.0,0.0,0.0,1.0,0.0575,0.0385,0.0769,0.0,0.927678014,1555
k3005,0.0,0.0,0.136363636,0.0,1.0,0.0877,0.0385,0.0769,0.0,0.927678014,3126
k112,0.0,0.0,0.0,0.0,0.292394482,0.0581,0.0,0.0769,0.0,0.927678014,42
k1246,0.0,0.188888889,0.0,0.0,1.0,0.0125,0.0,0.0,0.0,0.927678014,743
k3328,0.0,0.0,0.0,0.0,1.0,0.0587,0.0,0.0769,0.0,0.927678014,2410
k1576,0.0,0.0,0.0909,0.0,1.0,0.0593,0.0192,0.0,0.0,0.927678014,431
k200,0.0,0.0622,0.0,0.75,1.0,0.201505792,0.0,0.384615385,0.0667,0.927678014,2751
k2990,0.0,0.0,0.0909,0.0,1.0,0.0429,0.0,0.153846154,0.0,0.927678014,475
k803,0.0,0.0,0.0,0.0,1.0,0.0,0.0,0.0,0.0,0.927678014,1700
k1646,0.0,0.0,0.0,0.0,1.0,0.0779,0.0,0.0,0.0,0.927678014,3387
k338,0.0,0.0,0.0,0.0,1.0,0.0125,0.0,0.0,0.0,0.927678014,985
k1923,0.0,0.0,0.0,0.0,1.0,0.0232,0.0,0.0769,0.0,0.927678014,2432
k2956,0.0,0.0,0.0455,0.0,1.0,0.0711,0.0,0.0,0.0,0.927678014,1874
k2173,0.0,0.0,0.0,0.0,0.141689782,0.0881,0.0,0.230769231,0.0,0.927678014,3367
k2828,0.0,0.0,0.0,0.0,1.0,0.0642,0.0,0.0,0.0,0.927678014,1811
k723,0.0,0.0,0.0909,0.0,1.0,0.0,0.0,0.0,0.0,0.927678014,2558
k964,0.0,0.0,0.0,0.0,1.0,0.0191,0.0,0.0769,0.0,0.927678014,2188
k2059,0.0,0.0,0.0,0.0,1.0,0.00723,0.0,0.0,0.0,0.927678014,2397
k1416,0.111111111,0.0,0.0,0.0,1.0,0.0204,0.0,0.307692308,0.0,0.381339698,327
k1031,0.0,0.0,0.0,0.0,1.0,0.0218,0.0,0.0,0.0,0.927678014,283
k3119,0.0,0.0,0.0455,0.0,1.0,0.0414,0.0,0.0769,0.0667,0.927678014,94
k1695,0.0,0.00111,0.181818182,0.0,1.0,0.0838,0.0,0.153846154,0.0,0.927678014,2370
k28,0.0,0.0,0.0,0.0,0.308062823,0.0512,0.0,0.230769231,0.0,0.927678014,2094
k3387,0.0,0.0,0.0,0.0,1.0,0.0487,0.0577,0.0,0.0,0.927678014,2676
k1583,0.0,0.0,0.0,0.0,1.0,0.0304,0.0,0.0,0.0,0.927678014,3015
k1009,0.0,0.0,0.0,0.0,1.0,0.025,0.0,0.0,0.0,0.927678014,1083
k1586,0.0,0.0,0.0,0.0,1.0,0.0123,0.0,0.0,0.0,0.927678014,767
k1790,0.0,0.0,0.0,0.0,1.0,0.0743,0.0,0.0769,0.0,0.927678014,2853
k2743,0.0,0.0,0.136363636,0.0833,1.0,0.0566,0.0,0.0769,0.233333333,0.927678014,2152
k3125,0.0,0.0,0.0,0.0,1.0,0.0,0.0,0.0,0.0,0.927678014,833
k2009,0.0,0.0,0.0,0.0,1.0,0.0473,0.0769,0.0,0.0,0.927678014,1680
k1546,0.0,0.0,0.0,0.0,1.0,0.0601,0.115384615,0.0,0.0,0.927678014,942
k3276,0.0,0.0,0.0,0.0,1.0,0.037,0.0,0.0,0.0,0.927678014,1696
k2431,0.0,0.0,0.0455,0.0,1.0,0.0693,0.0,0.0,0.1,0.927678014,207
k1035,0.0,0.0,0.0,0.0,0.28795262,0.0293,0.0,0.230769231,0.0,0.927678014,2765
k1057,0.0,0.0,0.0,0.0,1.0,0.0317,0.0,0.153846154,0.0,0.927678014,829
k3027,0.0,0.0,0.0,0.0,1.0,0.0462,0.0385,0.0769,0.0,0.927678014,2668
k3021,0.0,0.0,0.0,0.0,1.0,0.0469,0.0385,0.0,0.0,0.927678014,1492
k3090,0.0,0.0,0.0,0.0,1.0,0.0,0.0,0.0,0.0,0.927678014,783
k2354,0.0,0.0867,0.0,0.0,1.0,0.0484,0.0,0.0,0.0,0.927678014,1730
k260,0.0,0.0,0.0,0.0,1.0,0.0475,0.0,0.0,0.0,0.927678014,2747
k3036,0.0,0.0,0.0,0.0,0.312317265,0.0749,0.0,0.0769,0.0,0.927678014,2394
k2337,0.0,0.0,0.0,0.0,1.0,0.0217,0.0,0.0769,0.0,0.927678014,1009
k1709,0.0,0.0,0.0,0.0,1.0,0.118594046,0.0,0.0769,0.0,0.93605753,1963
k1729,0.0,0.0,0.0,0.0,1.0,0.0324,0.0,0.0,0.0,0.927678014,2476
k1200,0.0556,0.0,0.0,0.0,1.0,0.174141998,0.0,0.0,0.0,0.835329188,1304
k1523,0.0,0.0,0.0,0.0,1.0,0.0223,0.0,0.0,0.0,0.927678014,1708
k3322,0.0,0.01,0.0,0.0,1.0,0.21578564,0.0,0.0769,0.0,0.979194624,1965
k3334,0.0,0.0,0.0,0.0,1.0,0.147050135,0.0,0.0769,0.0,0.95789754,250
k151,0.0,0.0,0.0,0.0,1.0,0.0314,0.0,0.0769,0.0,0.927678014,2353
k157,0.0,0.0,0.0,0.0,0.208355199,0.056,0.0,0.230769231,0.0,0.927678014,1503
k2967,0.0,0.0,0.0,0.333333333,1.0,0.0112,0.0,0.153846154,0.0,0.927678014,3430
k1392,0.0,0.0,0.0,0.0,1.0,0.104492191,0.0,0.153846154,0.0,0.927678014,753
k3407,0.0,0.00556,0.0909,0.0,1.0,0.0748,0.0,0.153846154,0.0,0.927678014,1864
k612,0.0,0.0,0.0455,0.0,1.0,0.18497717,0.0,0.230769231,0.0,0.918386789,2545
k1336,0.0,0.0,0.0,0.0,1.0,0.0,0.0,0.0,0.0,0.927678014,3148
k1884,0.0,0.0,0.0,0.0,1.0,0.0,0.0,0.0769,0.0,0.927678014,2580
k3411,0.0,0.0,0.0,0.0,1.0,0.0227,0.0,0.0,0.0,0.927678014,2716
k51,0.0,0.0,0.0,0.0,1.0,0.331952601,0.0,0.538461538,0.0,0.892264825,2855
k217,0.0,0.0,0.0909,0.0,1.0,0.0835,0.0,0.153846154,0.0,0.927678014,2219
k963,0.0,0.0,0.0,0.0,1.0,0.110220708,0.0769,0.0769,0.0,0.821008205,1791
k1558,0.0,0.0,0.0,0.0,1.0,0.00886,0.0,0.0769,0.0,0.927678014,3284
k1634,0.0,0.0,0.0,0.0,0.206387285,0.019,0.0,0.230769231,0.0,0.927678014,1309
k2082,0.0,0.0,0.0,0.0,1.0,0.025,0.0,0.0,0.0,0.927678014,1721
k3375,0.0,0.0,0.0,0.0,1.0,0.0,0.0,0.0,0.0,0.927678014,2817
k1231,0.0,0.0,0.0,0.0,1.0,0.148178347,0.0,0.153846154,0.0,0.841711142,439
k560,0.0,0.0,0.0,0.0,1.0,0.0227,0.0,0.0,0.0,0.927678014,561
k3031,0.0,0.0,0.0,0.0,1.0,0.0513,0.0,0.0,0.0,0.971603889,553
k1319,0.0,0.0,0.0,0.0,1.0,0.0533,0.0,0.0,0.0,0.927678014,3366
k1952,0.0,0.0,0.0,0.0,1.0,0.0,0.0,0.0,0.0,0.927678014,771
k1692,0.0,0.0,0.0,0.0,1.0,0.0548,0.0,0.0,0.0,0.927678014,3374
k341,0.0,0.0,0.0,0.0,1.0,0.0276,0.0,0.0769,0.0,0.927678014,953
k474,0.0,0.0,0.0,0.0,1.0,0.0912,0.0,0.153846154,0.0,0.927678014,2106
k2869,0.0556,0.0,0.0909,0.0,1.0,0.139244462,0.0577,0.0,0.0,0.871049693,3300
k1299,0.0,0.0,0.136363636,0.0,0.0975,0.0542,0.0,0.384615385,0.0,0.927678014,752
k71,0.0,0.0,0.0455,0.0,1.0,0.130043322,0.0,0.0,0.0,0.911318493,2826
k2562,0.0,0.0,0.0,0.0,1.0,0.068,0.0,0.0,0.0,0.927678014,608
k2724,0.0,0.0,0.0455,0.0,1.0,0.0333,0.0,0.0769,0.133333333,0.927678014,242
k2123,0.0556,0.0,0.0,0.0,1.0,0.107495656,0.0385,0.0,0.0,0.781978918,1913
k3225,0.0,0.0,0.0,0.0,1.0,0.0387,0.0,0.0769,0.0,0.927678014,1044
k358,0.0,0.0,0.0,0.0,1.0,0.130916074,0.192307692,0.0,0.0,0.927678014,2809
k2037,0.0,0.00222,0.272727273,0.0833,1.0,0.262273146,0.0,0.153846154,0.133333333,0.849711634,3288
k2898,0.166666667,0.0,0.0,0.0,1.0,0.287226645,0.480769231,0.0769,0.0,0.775904281,1376
k2325,0.0,0.00778,0.0,0.0,1.0,0.185604025,0.0,0.307692308,0.0,0.917505813,3102
k1096,0.0,0.0,0.0,0.0,1.0,0.0125,0.0,0.0,0.0,0.927678014,2611
k1154,0.0,0.00111,0.363636364,0.0833,1.0,0.0785,0.0,0.0769,0.166666667,0.927678014,1453
k1482,0.0,0.0,0.0,0.0,1.0,0.0125,0.0,0.0,0.0,0.927678014,3311
k1785,0.0,0.0,0.0,0.0,1.0,0.0587,0.0,0.153846154,0.0,0.927678014,449
k3414,0.0,0.0,0.0,0.0,1.0,0.166851496,0.0,0.0769,0.0,0.967342423,1167
k25,0.0,0.0,0.0,0.0,1.0,0.0603,0.0,0.0769,0.0,0.927678014,3038
k2996,0.0,0.0,0.0,0.0,1.0,0.0223,0.0,0.0,0.0,0.927678014,756
k1540,0.0,0.0,0.0,0.0,1.0,0.0181,0.0,0.0769,0.133333333,0.927678014,2422
k572,0.0,0.0,0.0,0.0,1.0,0.128272846,0.0,0.0769,0.0,0.896372632,2248
k3177,0.0,0.0,0.0,0.0,1.0,0.0442,0.0,0.0,0.0,0.927678014,2197
k491,0.0,0.0,0.0,0.0,1.0,0.159867462,0.0,0.0,0.0,0.915784837,638
k2224,0.0,0.0,0.0,0.0,1.0,0.0463,0.0,0.0769,0.0,0.927678014,1075
k1928,0.0,0.0,0.0,0.0,1.0,0.0303,0.0385,0.0,0.0,0.927678014,2052
k3285,0.0,0.00444,0.0,0.0833,1.0,0.0626,0.0,0.0,0.0,0.927678014,478
k3316,0.0,0.0,0.0,0.0,0.194654772,0.112830887,0.115384615,0.0769,0.0,0.927678014,2281
k2924,0.0,0.0,0.0,0.0,1.0,0.0,0.0192,0.0,0.0,0.927678014,2302
k976,0.0,0.0,0.0,0.0,1.0,0.0376,0.0,0.0,0.0,0.927678014,344
k830,0.0,0.0,0.227272727,0.0,1.0,0.0663,0.0,0.153846154,0.0,0.927678014,1558
k1419,0.0,0.0256,0.136363636,0.0,1.0,0.110131445,0.0,0.0,0.0,0.927678014,2488
k1323,0.0,0.0,0.0,0.0,1.0,0.0,0.0,0.0,0.0,0.927678014,493
k2305,0.0,0.0,0.0,0.0,1.0,0.0618,0.0,0.0,0.0,0.927678014,305
k3228,0.0,0.0,0.0,0.0,1.0,0.0826,0.115384615,0.0769,0.1,0.927678014,3018
k2160,0.0,0.0,0.0,0.0,1.0,0.100560291,0.0385,0.0769,0.0,0.927678014,2143
k3075,0.0,0.0,0.0,0.166666667,1.0,0.113264659,0.0,0.0769,0.3,0.927678014,2451
k2853,0.0,0.0,0.0,0.0,0.188825999,0.129741849,0.153846154,0.0769,0.0,0.927678014,1449
k2331,0.0,0.0,0.0,0.0,1.0,0.0214,0.0,0.0,0.0,0.927678014,3124
k1671,0.0,0.0,0.0,0.0,1.0,0.0674,0.0,0.0769,0.0,0.927678014,1528
k3054,0.0,0.0,0.0,0.0,1.0,0.0102,0.0,0.0,0.0,0.927678014,911
k797,0.0,0.0,0.0,0.0,1.0,0.0653,0.0769,0.0,0.0,0.927678014,795
k788,0.0,0.0,0.0,0.0,1.0,0.0638,0.0385,0.0,0.0,0.927678014,1203
k705,0.0,0.0,0.0,0.0,1.0,0.0363,0.0,0.153846154,0.0,0.927678014,1906
k1727,0.0556,0.126666667,0.0,0.0,1.0,0.45796966,0.0,0.153846154,0.0,0.924553622,50
k2670,0.0,0.0,0.0,0.0,1.0,0.0353,0.0,0.0,0.0,0.927678014,1175
k2310,0.0,0.0,0.0,0.0,1.0,0.0342,0.0,0.0,0.0,0.927678014,2958
k2610,0.0,0.0,0.0,0.0,1.0,0.0516,0.0,0.0,0.0,0.927678014,1720
k2791,0.0,0.0111,0.0,0.0,1.0,0.0,0.0,0.0,0.0,0.927678014,3211
k891,0.0,0.0,0.0,0.0,1.0,0.00886,0.0,0.0,0.0,0.927678014,2466
k252,0.111111111,0.0,0.0,0.0,1.0,0.198878504,0.0,0.0,0.0,0.922074596,2423
k2320,0.0,0.0,0.0,0.0833,1.0,0.0471,0.0,0.0769,0.0,0.927678014,2599
k2678,0.0,0.0,0.0,0.0,1.0,0.0181,0.0,0.0,0.0,0.927678014,1766
k2749,0.0,0.0,0.0,0.0,1.0,0.173602704,0.0,0.230769231,0.0,0.94824778,3314
k575,0.0,0.128888889,0.0,0.0833,1.0,0.151448749,0.0,0.0,0.0,0.927678014,2774
k1377,0.0,0.0,0.0,0.0,1.0,0.0604,0.0,0.0,0.0,0.927678014,2902
k3002,0.0,0.0,0.0,0.0,1.0,0.0429,0.0,0.0,0.0,0.927678014,3369
k1606,0.0,0.0,0.0,0.0,1.0,0.0167,0.0,0.0,0.0,0.927678014,15
k2785,0.0,0.0,0.0,0.0,1.0,0.109654848,0.0,0.153846154,0.0,0.927678014,412
k3145,0.0,0.0,0.0,0.0,1.0,0.0434,0.0,0.230769231,0.0,0.927678014,112
k2815,0.0,0.0,0.0,0.0,0.225148062,0.0969,0.0769,0.0769,0.0,0.927678014,1025
k2252,0.0,0.0,0.0,0.0,1.0,0.0354,0.0,0.0,0.0,0.927678014,1004
k3159,0.0,0.0,0.0,0.0,0.394032536,0.0694,0.0,0.230769231,0.0,0.927678014,1512
k1904,0.0,0.0,0.0455,0.0,1.0,0.0303,0.0,0.0,0.0,0.927678014,2161
k2524,0.0,0.0,0.0,0.0,1.0,0.0385,0.0,0.0,0.0,0.927678014,2842
k993,0.0,0.0,0.0,0.0,1.0,0.033,0.0,0.0769,0.0,0.927678014,1863
k447,0.0,0.0,0.0,0.0,1.0,0.00626,0.0,0.0,0.0,0.927678014,2196
k1751,0.0,0.0,0.0,0.0,1.0,0.0496,0.0,0.0,0.0,0.927678014,1941
k145,0.0,0.0,0.0,0.0,1.0,0.0771,0.0,0.0,0.0,0.927678014,2140
k3050,0.111111111,0.0,0.0,0.0,1.0,0.204980435,0.0,0.0,0.0,0.881539454,1584
k2666,0.0,0.0,0.0,0.0,1.0,0.0691,0.0,0.153846154,0.0,0.927678014,1832
k2851,0.0,0.0,0.0,0.166666667,1.0,0.0732,0.115384615,0.0769,0.0,0.927678014,2220
k851,0.0,0.0,0.181818182,0.0,0.230452058,0.0829,0.0385,0.307692308,0.0333,0.927678014,285
k2294,0.0,0.0,0.0,0.0,1.0,0.0,0.0,0.0,0.0,0.927678014,1191
k2228,0.0,0.0,0.0,0.0,1.0,0.0643,0.0,0.0769,0.0,0.927678014,48
k1566,0.0,0.0,0.0,0.0,1.0,0.0107,0.0,0.0,0.0,0.927678014,2471
k444,0.0,0.0,0.0,0.0,1.0,0.0569,0.0,0.0769,0.0,0.927678014,1713
k86,0.0,0.0,0.0,0.0,1.0,0.0409,0.0,0.0,0.0,0.927678014,2364
k1034,0.0,0.0,0.0,0.0,1.0,0.0307,0.0,0.0,0.0,0.927678014,1437
k1123,0.0,0.0,0.0,0.0,1.0,0.0209,0.0,0.0769,0.0,0.927678014,1102
k2624,0.0,0.0,0.0,0.0,1.0,0.00723,0.0,0.0,0.0,0.927678014,409
k2486,0.0,0.0,0.0,0.0,1.0,0.0545,0.0,0.0,0.0,0.927678014,2086
k1404,0.0,0.0,0.0,0.0833,1.0,0.131609026,0.0,0.153846154,0.0667,0.831672113,1214
k690,0.0,0.0,0.0,0.0,1.0,0.0741,0.0,0.230769231,0.0,0.809586249,1749
k2570,0.0,0.0,0.0,0.0,1.0,0.00886,0.0,0.0769,0.0,0.927678014,1920
k1114,0.0,0.0,0.0,0.0,1.0,0.0394,0.0,0.0769,0.0,0.927678014,2490
k754,0.0,0.0,0.0,0.0,1.0,0.0,0.0,0.0,0.0,0.927678014,2391
k121,0.0,0.0289,0.0,0.0,1.0,0.0699,0.0,0.0,0.0,0.927678014,346
k3128,0.0,0.00556,0.0,0.0,1.0,0.0736,0.0,0.0,0.0,0.927678014,1686
k3392,0.0,0.0,0.0,0.0,1.0,0.0317,0.0,0.153846154,0.0,0.927678014,3121
k1518,0.0,0.0,0.0,0.0,1.0,0.142183956,0.307692308,0.0,0.0,0.927678014,2304
k2674,0.0,0.0,0.0,0.0,1.0,0.105329769,0.0,0.0769,0.0,0.924318012,2411
k496,0.0,0.0,0.0,0.0,1.0,0.0496,0.0,0.0769,0.0,0.927678014,1261
k1044,0.0,0.0,0.0,0.0,1.0,0.0202,0.0,0.0769,0.0,0.927678014,3141
k1274,0.0,0.0,0.0,0.0,1.0,0.145160217,0.0,0.461538462,0.0,0.927678014,634
k1339,0.0,0.0,0.0,0.0,1.0,0.0574,0.0,0.0,0.0,0.927678014,1072
k2102,0.0,0.0,0.0,0.0,1.0,0.0312,0.0,0.0,0.0,0.927678014,2221
k578,0.0,0.0,0.0,0.0,1.0,0.0276,0.0,0.0769,0.0,0.927678014,3412
k2038,0.0,0.0,0.0,0.0,1.0,0.0739,0.0,0.0,0.0,0.927678014,1574
k1071,0.0,0.0,0.0,0.0,1.0,0.0177,0.0,0.0,0.0,0.927678014,2829
k660,0.0,0.0,0.0,0.0,1.0,0.0496,0.0,0.0769,0.0,0.927678014,2497
k2760,0.0,0.0,0.0,0.0,1.0,0.0151,0.0,0.0,0.0,0.927678014,1679
k2415,0.0,0.0,0.0,0.0,1.0,0.0864,0.0,0.0,0.0,0.807957467,1945
k666,0.833333333,0.0,0.0,0.0,1.0,0.518469759,0.846153846,0.0769,0.0,0.72926377,458
k1699,0.0,0.0,0.0909,0.0833,1.0,0.111388663,0.0,0.0769,0.2,0.726754013,1676
k1563,0.0,0.0,0.0,0.0,1.0,0.0362,0.0,0.0,0.0,0.927678014,1050
k874,0.0,0.0,0.0,0.0,1.0,0.181015835,0.0,0.0769,0.0333,0.852989684,1518
k1628,0.0,0.0,0.0,0.0,1.0,0.057,0.0,0.0769,0.0,0.927678014,1334
k887,0.0,0.0,0.0,0.0,1.0,0.0356,0.0577,0.0,0.0,0.927678014,960
k1450,0.0,0.0,0.272727273,0.0,0.0556,0.133761842,0.0,0.692307692,0.0333,0.927678014,2183
k1117,0.0,0.0,0.0,0.0,1.0,0.0326,0.0769,0.0,0.0,0.927678014,757
k2493,0.0,0.0,0.0,0.0,1.0,0.0625,0.115384615,0.0,0.0,0.927678014,233
k1645,0.0,0.0,0.0,0.0,1.0,0.0809,0.0,0.0,0.0,0.927678014,1037
k1885,0.0,0.0,0.0909,0.0,1.0,0.0897,0.0,0.0769,0.0,0.874891158,2604
k2807,0.0,0.0,0.0,0.0,1.0,0.0274,0.0,0.0,0.0,0.927678014,2176
k2062,0.0,0.0,0.0,0.0,1.0,0.0705,0.0385,0.0769,0.0,0.927678014,3244
k3390,0.0,0.0,0.0,0.0,1.0,0.0432,0.0385,0.230769231,0.0,0.489935361,2932
k2660,0.0,0.0,0.0,0.0,1.0,0.074,0.0,0.0769,0.0,0.927678014,1780
k2277,0.0,0.0,0.0,0.0,1.0,0.165843045,0.0577,0.230769231,0.0,0.974625841,2976
k296,0.0,0.0,0.0,0.0,1.0,0.0273,0.0,0.0769,0.0,0.927678014,3239
k1707,0.166666667,0.13,0.0,0.0833,1.0,0.290413841,0.0,0.153846154,0.0333,0.730011576,3098
k1184,0.0,0.105555556,0.0,0.0,1.0,0.201058736,0.0,0.0769,0.0,0.956330223,903
k2121,0.0,0.0111,0.0,0.0,1.0,0.0125,0.0,0.0,0.0,0.927678014,2985
k589,0.0,0.0,0.0,0.0,1.0,0.0748,0.153846154,0.0769,0.0,0.927678014,1146
k2595,0.0,0.0,0.181818182,0.0,0.217220181,0.0805,0.0,0.307692308,0.0,0.927678014,1933
k478,0.0,0.0,0.0,0.0,1.0,0.0191,0.0,0.0769,0.0,0.927678014,2439
k1966,0.0,0.0,0.0,0.0,1.0,0.0269,0.0,0.0,0.0,0.927678014,248
k2111,0.0,0.07,0.0909,0.0,1.0,0.122012262,0.0,0.0,0.0,0.927678014,626
k92,0.0,0.0,0.0,0.0,1.0,0.0456,0.0,0.153846154,0.0,0.927678014,2223
k3403,0.0,0.0,0.0,0.0,1.0,0.0728,0.0,0.0769,0.0,0.927678014,1690
k3233,0.0,0.0,0.0,0.0,1.0,0.0722,0.0385,0.0769,0.0,0.927678014,1971
k2713,0.0,0.0,0.0,0.0,1.0,0.0395,0.0385,0.0769,0.0,0.927678014,3199
k2225,0.0,0.0,0.0,0.0,1.0,0.0262,0.0,0.0769,0.0,0.927678014,3283
k498,0.0,0.0,0.0,0.0,1.0,0.0336,0.0,0.0,0.0,0.927678014,3183
k2284,0.0,0.0,0.0,0.0,0.197428593,0.0731,0.0577,0.230769231,0.0,0.927678014,3237
k2627,0.0,0.0,0.0,0.0,1.0,0.0918,0.0,0.0769,0.0,0.927678014,1288
k1800,0.0,0.0,0.0,0.0,1.0,0.0286,0.0,0.0,0.0,0.927678014,883
k780,0.0,0.0,0.0,0.0,1.0,0.114786582,0.0,0.0,0.2,0.802374538,1333
k1137,0.0,0.0,0.0,0.0,1.0,0.098,0.0962,0.0769,0.0,0.927678014,2211
k2400,0.0556,0.0,0.0,0.0,1.0,0.260506602,0.0,0.230769231,0.0,0.943545826,2883
k2189,0.0,0.00111,0.0909,0.0,1.0,0.103566094,0.0577,0.0769,0.0667,0.927678014,1916
k94,0.0,0.0,0.0,0.0,1.0,0.0294,0.0,0.0,0.0,0.927678014,2445
k752,0.0,0.0,0.0,0.0,1.0,0.0309,0.0385,0.0,0.0,0.927678014,897
k1858,0.0,0.0,0.0,0.0,1.0,0.00868,0.0,0.0769,0.0,0.927678014,2717
k2030,0.0,0.0,0.0,0.0,1.0,0.0,0.0,0.0,0.0,0.927678014,1799
k3110,0.0,0.0,0.0,0.0,1.0,0.0305,0.0,0.0,0.0,0.927678014,2461
k3082,0.0,0.0,0.0,0.0,1.0,0.00686,0.0,0.0769,0.0,0.927678014,3286
k278,0.0,0.0,0.0,0.0,1.0,0.0137,0.0,0.0769,0.0,0.927678014,2622
k194,0.0,0.0,0.0,0.0,1.0,0.0125,0.0,0.0,0.0,0.927678014,1698
k304,0.0,0.127777778,0.545454545,0.0,0.14830572,0.18493052,0.0,0.461538462,0.0667,0.927678014,59
k1632,0.0,0.0,0.0,0.0,1.0,0.0242,0.0,0.0,0.0,0.927678014,1722
k2604,0.0,0.0567,0.136363636,0.0,1.0,0.160362337,0.0,0.0,0.0333,0.927678014,682
k24,0.0,0.0,0.0,0.0,1.0,0.0795,0.0385,0.0,0.0,0.927678014,597
k1494,0.111111111,0.0,0.0,0.0,1.0,0.255509824,0.557692308,0.153846154,0.0,0.820834059,1603
k360,0.0,0.0,0.0,0.0,1.0,0.0652,0.0,0.0,0.0,0.927678014,1651
k2762,0.0,0.0,0.0,0.0,1.0,0.0,0.0,0.0,0.0,0.927678014,1185
k486,0.0,0.0,0.0455,0.0,1.0,0.045,0.0,0.0769,0.0,0.927678014,2838
k2848,0.0,0.0,0.0,0.0,1.0,0.0372,0.0,0.0769,0.0,0.927678014,3025
k2469,0.0,0.0,0.0,0.0,1.0,0.0137,0.0,0.0,0.0,0.927678014,2315
k1817,0.0,0.0,0.0,0.0,1.0,0.0177,0.0,0.0,0.0,0.927678014,2784
k314,0.0,0.0,0.0,0.0,1.0,0.0618,0.0,0.0,0.0,0.927678014,1306
k2287,0.0,0.0,0.0,0.0,1.0,0.0097,0.0,0.0,0.0,0.927678014,1804
k916,0.0,0.0,0.0,0.0,1.0,0.0217,0.0769,0.0,0.0,0.927678014,2072
k164,0.0556,0.0,0.0,0.0,1.0,0.0811,0.0,0.0,0.0,0.78749014,425
k1554,0.0,0.0,0.0,0.0,1.0,0.0153,0.0,0.0,0.0,0.927678014,2314
k2989,0.0,0.0,0.0,0.0,1.0,0.0354,0.0,0.0,0.0,0.927678014,2242
k2857,0.0,0.0,0.0,0.0,1.0,0.0374,0.0,0.0769,0.0,0.927678014,673
k1772,0.0,0.0,0.0,0.0,1.0,0.354273498,0.0,0.307692308,0.0,0.908675565,1611
k2884,0.0,0.0,0.0,0.0,1.0,0.111233091,0.0769,0.153846154,0.1,0.927678014,2977
k1471,0.0,0.0,0.0,0.0,1.0,0.0389,0.0385,0.0,0.0,0.927678014,2590
k2368,0.0,0.0,0.0,0.0,1.0,0.00886,0.0,0.0,0.0,0.927678014,941
k772,0.0,0.0,0.0,0.0,1.0,0.0177,0.0,0.0,0.0,0.927678014,2123
k2154,0.0,0.0,0.0,0.0,1.0,0.0464,0.0,0.0,0.0,0.927678014,970
k454,0.0,0.0,0.0,0.0,1.0,0.0484,0.0,0.0,0.0,0.927678014,3149
k2276,0.0,0.0,0.0,0.0,1.0,0.0153,0.0,0.0769,0.0,0.927678014,396
k2110,0.0,0.0,0.0,0.0,1.0,0.0579,0.0,0.0,0.0,0.927678014,1436
k3165,0.0,0.0,0.0,0.0,1.0,0.0327,0.0,0.307692308,0.0,0.446613876,1160
k213,0.0,0.0,0.0,0.0,1.0,0.0471,0.0,0.0,0.0,0.927678014,2587
k2363,0.0,0.01,0.0,0.0,1.0,0.226289161,0.0,0.0769,0.0,0.964002909,780
k1164,0.0,0.0,0.0,0.0,1.0,0.0354,0.0,0.0769,0.0,0.927678014,734
k3408,0.0,0.0,0.0,0.0,1.0,0.112664583,0.134615385,0.0769,0.0,0.927678014,2741
k3388,0.0,0.0,0.0,0.0,1.0,0.0868,0.0,0.153846154,0.0,0.927678014,2168
k2307,0.0,0.0,0.136363636,0.0,1.0,0.113767504,0.0,0.0769,0.0,0.927678014,2051
k1517,0.0,0.0,0.272727273,0.0,0.134755229,0.128765489,0.0,0.461538462,0.0333,0.927678014,3290
k865,0.0,0.0,0.0,0.0,1.0,0.0228,0.0,0.0,0.0,0.927678014,856
k1577,0.0,0.0,0.0,0.0,1.0,0.045,0.0,0.0769,0.0,0.927678014,388
k1320,0.0,0.0,0.0,0.0,1.0,0.0938,0.0,0.0,0.0333,0.913203372,356
k422,0.0,0.0,0.0,0.0,1.0,0.0462,0.0577,0.0,0.0,0.927678014,510
k2702,0.0,0.0,0.0,0.0,1.0,0.0274,0.0,0.0,0.0,0.927678014,1360
k2048,0.0,0.0,0.0,0.0,1.0,0.101494889,0.0,0.0769,0.0,0.927678014,1543
k1582,0.0,0.0,0.0455,0.0,1.0,0.0678,0.0,0.0,0.0,0.927678014,187
k933,0.0,0.0,0.0,0.0,1.0,0.140667878,0.0,0.0769,0.0,0.993003411,3101
k297,0.0,0.00889,0.0,0.0,1.0,0.157802633,0.0,0.0,0.0,0.927678014,2677
k556,0.0,0.0,0.0,0.0,1.0,0.0542,0.0,0.153846154,0.0,0.927678014,598
k1766,0.0,0.0,0.0,0.0,1.0,0.0415,0.0,0.0,0.0,0.927678014,1332
k302,0.0,0.0,0.0,0.0,1.0,0.104292519,0.0,0.0769,0.0,0.955316076,319
k2587,0.0,0.0,0.0,0.166666667,1.0,0.025,0.0,0.153846154,0.133333333,0.927678014,3050
k3350,0.0,0.0,0.0,0.0,1.0,0.00542,0.0,0.0,0.0,0.927678014,2653
k2609,0.0,0.0167,0.0,0.0,1.0,0.318434883,0.0,0.538461538,0.0,0.890052141,391
k3262,0.0,0.00333,0.0,0.0,1.0,0.078,0.0,0.0,0.0,0.927678014,1337
k3104,0.0,0.0,0.0,0.0,1.0,0.104980371,0.0,0.0,0.0,0.927678014,2147
k2262,0.0,0.0,0.0,0.166666667,1.0,0.0331,0.0,0.0769,0.0667,0.927678014,3072
k3106,0.0,0.0256,0.0909,0.0,1.0,0.124276444,0.0,0.0,0.0,0.927678014,3296
k2672,0.0,0.0,0.0,0.0,0.501949172,0.0419,0.0,0.0769,0.0,0.927678014,2268
k2288,0.0,0.0,0.0,0.0,1.0,0.0333,0.0,0.0,0.0,0.927678014,2711
k2087,0.0,0.0,0.0,0.0,1.0,0.0227,0.0,0.0,0.0,0.927678014,2434
k1675,0.0,0.0,0.0,0.0,1.0,0.0372,0.0,0.0,0.0,0.927678014,2487
k2759,0.0,0.0,0.0,0.0,0.242428218,0.0637,0.0,0.230769231,0.0,0.927678014,2474
k1005,0.0,0.0,0.0,0.0,1.0,0.00723,0.0,0.0,0.0,0.927678014,1112
k3149,0.0,0.0,0.0,0.0,1.0,0.033,0.0,0.0,0.0,0.927678014,1967
k860,0.0,0.0,0.0,0.0,1.0,0.033,0.0,0.0,0.0,0.927678014,2575
k104,0.0,0.0,0.0,0.0,1.0,0.00886,0.0,0.0769,0.0,0.927678014,2218
k2741,0.0,0.0,0.0,0.0,1.0,0.00626,0.0,0.0,0.0,0.927678014,1654
k932,0.0,0.0,0.0,0.0,1.0,0.0168,0.0,0.0,0.0,0.927678014,1297
k2525,0.0,0.0,0.0,0.0,1.0,0.021,0.0,0.0,0.0,0.927678014,257
k982,0.0,0.0,0.0,0.0,1.0,0.0696,0.0962,0.0769,0.0667,0.927678014,664
k822,0.0,0.0,0.0,0.0,1.0,0.0335,0.0,0.0,0.0,0.927678014,131
k520,0.0,0.0,0.0,0.0,1.0,0.0,0.0,0.0,0.0,0.927678014,3197
k697,0.0,0.0,0.0,0.0,1.0,0.0194,0.0,0.0769,0.0667,0.927678014,3084
k2750,0.222222222,0.0,0.0,0.0,1.0,0.292959412,0.423076923,0.0769,0.0,0.787797457,3353
k2416,0.166666667,0.0,0.0,0.0,1.0,0.0969,0.0,0.0769,0.0,0.817125764,2638
k16,0.0,0.0,0.0,0.0,1.0,0.0177,0.0,0.0769,0.0,0.927678014,1358
k1351,0.0,0.0,0.0,0.333333333,1.0,0.025,0.0,0.153846154,0.0,0.927678014,1925
k2831,0.0,0.127777778,0.0,0.0,1.0,0.0242,0.0,0.0,0.0,0.927678014,713
k1146,0.0,0.0,0.0,0.166666667,1.0,0.115289958,0.0,0.0769,0.3,0.927678014,82
k2616,0.0,0.0,0.0455,0.0,1.0,0.041,0.0,0.0,0.0,0.927678014,571
k2825,0.0,0.0,0.0,0.0,0.301334433,0.0773,0.0385,0.0769,0.0,0.927678014,2435
k2997,0.0,0.0,0.0,0.0,1.0,0.0736,0.0,0.0,0.0,0.927678014,704
k3087,0.0556,0.0,0.0,0.0,1.0,0.0905,0.0,0.0,0.0,0.796381852,1313
k1080,0.0,0.0,0.0,0.0,1.0,0.200904971,0.230769231,0.0,0.0,0.927678014,1935
k459,0.0,0.00889,0.181818182,0.0,1.0,0.101390112,0.0,0.0769,0.1,0.927678014,3251
k1010,0.0,0.0,0.0,0.0,1.0,0.0,0.0,0.0,0.0,0.927678014,1625
k3215,0.0,0.0,0.0,0.0,1.0,0.284325619,0.0,0.307692308,0.0,0.943935095,2257
k1371,0.0,0.01,0.0,0.0,1.0,0.178422127,0.0,0.0,0.0,0.852590172,2581
k1780,0.0,0.0,0.0,0.0,1.0,0.106220798,0.0769,0.153846154,0.0,0.927678014,2841
k2758,0.0,0.0,0.0,0.0,1.0,0.0386,0.0,0.0,0.0,0.927678014,1066
k1234,0.0,0.0,0.0,0.0,1.0,0.0589,0.0,0.0,0.0,0.927678014,2597
k2768,0.0,0.0,0.0,0.0,1.0,0.0,0.0,0.0,0.0,0.927678014,768
k1953,0.0,0.0,0.0,0.0,1.0,0.0926,0.0,0.153846154,0.0,0.855724808,2880
k665,0.0,0.0,0.0,0.0,1.0,0.0244,0.0,0.0769,0.0,0.927678014,1295
k652,0.777777778,0.0,0.0,0.0,1.0,0.221476646,0.0962,0.769230769,0.133333333,0.186705457,1210
k1444,0.0,0.0,0.0,0.0,1.0,0.0587,0.0,0.0,0.0,0.927678014,1380
k248,0.0,0.0,0.0,0.0,1.0,0.0,0.0,0.0,0.0,0.927678014,712
k3122,0.0,0.0,0.0,0.0,1.0,0.0359,0.0,0.0,0.0667,0.927678014,890
k399,0.0,0.0,0.0,0.0,1.0,0.0271,0.0,0.0,0.0,0.927678014,1570
k283,0.111111111,0.0,0.0,0.0,1.0,0.0651,0.0,0.0769,0.0,0.904147758,868
k1847,0.0,0.0,0.0,0.0,1.0,0.0671,0.0,0.0,0.0,0.927678014,2310
k1399,0.0,0.0,0.0,0.0,1.0,0.164852233,0.0,0.230769231,0.0,0.93671314,1962
k3400,0.0,0.0,0.0,0.0,1.0,0.0333,0.0,0.0,0.0,0.927678014,3112
k2132,0.0,0.238888889,0.136363636,0.0,1.0,0.283057987,0.0,0.230769231,0.0,0.927678014,1953
k205,0.0,0.0,0.0,0.0,1.0,0.0409,0.0,0.0,0.0,0.927678014,907
k1501,0.0556,0.0,0.272727273,0.0,0.288683559,0.151585405,0.0,0.153846154,0.0,0.761552567,729
k2483,0.0,0.0,0.0,0.0,1.0,0.1746984,0.0,0.230769231,0.0,0.883188724,2988
k3303,0.0,0.0,0.0909,0.0,1.0,0.058,0.0385,0.0,0.0,0.927678014,800
k2766,0.0,0.0,0.0,0.0,1.0,0.064,0.0,0.0,0.0,0.927678014,3395
k1944,0.0,0.0,0.0,0.0,1.0,0.0313,0.0,0.0,0.0,0.927678014,2358
k451,0.0,0.0,0.0,0.0,1.0,0.0279,0.0,0.0,0.0,0.927678014,2634
k2641,0.0,0.0,0.0,0.0,1.0,0.0525,0.0385,0.0,0.0,0.927678014,2846
k594,0.0,0.0,0.0,0.0,1.0,0.0327,0.0577,0.0,0.0,0.927678014,85
k3413,0.0556,0.0,0.0,0.0,1.0,0.262266877,0.192307692,0.230769231,0.0,0.726528647,291
k2565,0.0,0.0,0.0,0.0,1.0,0.0217,0.0,0.153846154,0.2,0.927678014,2762
k2073,0.111111111,0.0,0.0909,0.0,1.0,0.0754,0.0,0.307692308,0.133333333,0.360995298,1349
k1915,0.0,0.0,0.0,0.0,1.0,0.0768,0.0385,0.0769,0.0,0.927678014,2385
k931,0.0,0.0,0.0,0.0,1.0,0.065,0.0,0.0,0.0,0.927678014,3075
k1468,0.0,0.0,0.0909,0.0,1.0,0.0979,0.0,0.0,0.0,0.82288284,292
k757,0.0,0.0,0.0,0.0,1.0,0.0227,0.0,0.0,0.0,0.927678014,2097
k1338,0.0,0.0,0.0,0.0,1.0,0.238361679,0.115384615,0.230769231,0.0,0.778608672,2280
k1686,0.166666667,0.0,0.0,0.0,1.0,0.269921122,0.461538462,0.0769,0.0,0.822493572,893
k3168,0.0,0.0,0.0,0.0,1.0,0.0102,0.0,0.0,0.0,0.927678014,39
k1856,0.0,0.0,0.136363636,0.0,1.0,0.0833,0.0,0.307692308,0.0333,0.927678014,372
k34,0.0,0.0,0.0,0.0,1.0,0.0274,0.0,0.0769,0.0,0.927678014,2523
k1036,0.0,0.0,0.0,0.0,1.0,0.00686,0.0,0.0769,0.0,0.927678014,784
k414,0.0,0.0,0.0,0.0,1.0,0.0,0.0,0.0,0.0,0.927678014,2651
k2977,0.0,0.0,0.0,0.0,1.0,0.0485,0.0385,0.0769,0.0,0.927678014,359
k3039,0.0,0.00667,0.0,0.0,1.0,0.00686,0.0,0.0769,0.0,0.927678014,223
k2558,0.0,0.0,0.0,0.0,1.0,0.0832,0.0769,0.0,0.0,0.927678014,965
k2393,0.0,0.0,0.0,0.0,1.0,0.00626,0.0,0.0,0.0,0.927678014,929
k518,0.0,0.0,0.0,0.0,1.0,0.00686,0.0,0.0769,0.133333333,0.927678014,1517
k3218,0.0,0.0,0.0455,0.0,1.0,0.0502,0.0,0.0,0.0,0.927678014,1547
k773,0.0,0.0,0.0,0.0,1.0,0.243642184,0.0,0.461538462,0.0,0.856452125,2874
k407,0.0556,0.0133,0.0,0.166666667,1.0,0.37070255,0.0,0.0769,0.433333333,0.837449677,468
k3070,0.0,0.0122,0.0,0.0,1.0,0.0531,0.0,0.0769,0.0,0.927678014,2605
k1990,0.0,0.0,0.0,0.0,1.0,0.0,0.0,0.0,0.0,0.927678014,2875
k103,0.166666667,0.0,0.0,0.0,1.0,0.359858345,0.0,0.461538462,0.0,0.738216945,2417
k2740,0.0,0.0,0.0,0.0,1.0,0.0277,0.0,0.0,0.0,0.927678014,2560
k298,0.0,0.0,0.0,0.0833,1.0,0.0262,0.0,0.0,0.0,0.927678014,1226
k1676,0.0,0.0,0.0,0.0,1.0,0.0604,0.0,0.0,0.0,0.927678014,2882
k775,0.0,0.0,0.0455,0.0,1.0,0.0399,0.0,0.0769,0.0,0.927678014,3401
k3009,0.0,0.00556,0.0,0.0,1.0,0.110923648,0.0385,0.0,0.0,0.845665291,340
k2704,0.0,0.0,0.0,0.0,1.0,0.0727,0.0,0.0,0.0,0.927678014,1327
k2805,0.0,0.0,0.0,0.0,1.0,0.025,0.0,0.0769,0.0667,0.927678014,623
k2413,0.0,0.0,0.0,0.0,1.0,0.0504,0.0,0.307692308,0.0,0.470707547,45
k1505,0.0,0.0,0.0,0.0,1.0,0.0,0.0,0.0,0.0,0.927678014,3194
k911,0.0,0.0,0.0,0.0,1.0,0.264846983,0.0,0.0769,0.0,0.946793145,3423
k2932,0.0,0.0,0.0,0.0,1.0,0.0224,0.0,0.0,0.0,0.927678014,3215
k1871,0.0,0.0389,0.0,0.0,1.0,0.0194,0.0,0.0,0.0,0.927678014,57
k484,0.0,0.0,0.0,0.0,1.0,0.0,0.0,0.0,0.0,0.927678014,121
k1135,0.0,0.0,0.0,0.0,1.0,0.0213,0.0,0.0,0.0,0.927678014,163
k972,0.0,0.0,0.0,0.0,1.0,0.0201,0.0385,0.0,0.0,0.927678014,2701
k1498,0.0,0.0,0.0455,0.0,1.0,0.129445689,0.0,0.0,0.0333,0.919421424,3424
k2601,0.0,0.0,0.0455,0.166666667,1.0,0.0858,0.0,0.0,0.333333333,0.730267673,1783
k216,0.0,0.0,0.0,0.0,1.0,0.100230127,0.0,0.0,0.0,0.927678014,1364
k1851,0.0,0.0,0.0,0.0,1.0,0.0806,0.0,0.0769,0.0,0.927678014,613
k2432,0.0,0.0,0.0,0.0,1.0,0.0558,0.0,0.0,0.0,0.927678014,2515
k2028,0.0,0.0,0.0,0.0,1.0,0.0466,0.0,0.0,0.0,0.927678014,3226
k2468,0.0,0.0,0.0,0.0,1.0,0.0404,0.0,0.153846154,0.0,0.927678014,2960
k1169,0.0,0.0,0.0,0.0,1.0,0.227363922,0.0,0.230769231,0.0,0.850223829,1639
k2777,0.0,0.0,0.0,0.0,1.0,0.0188,0.0,0.0769,0.0,0.927678014,1594
k2603,0.0556,0.0,0.0,0.0,1.0,0.119399532,0.0385,0.0769,0.0,0.823466743,1896
k2183,0.0,0.0,0.0,0.0,1.0,0.0648,0.0,0.0,0.0,0.927678014,2936
k904,0.0,0.0,0.0,0.0,1.0,0.0734,0.153846154,0.0769,0.0,0.927678014,657
k2917,0.0,0.0,0.0,0.0,1.0,0.0957,0.0,0.0,0.0,0.934295578,1319
k1303,0.0,0.0,0.0,0.0,1.0,0.0572,0.0,0.0,0.0,0.927678014,2320
k2318,0.0,0.0,0.0,0.0,1.0,0.0373,0.0,0.0,0.0,0.927678014,2269
k2155,0.0,0.0,0.0,0.0,1.0,0.0899,0.0,0.0,0.0,0.927678014,3083
k446,0.0,0.0,0.0,0.0,1.0,0.108080749,0.115384615,0.0769,0.0,0.927678014,2582
k1759,0.0,0.0,0.0,0.0,1.0,0.0507,0.0,0.0,0.0,0.927678014,154
k1409,0.0,0.0,0.0,0.0,1.0,0.0395,0.0577,0.0,0.0,0.927678014,2142
k800,0.0,0.0,0.0,0.0,1.0,0.0438,0.0385,0.0769,0.0,0.927678014,807
k2098,0.0,0.0,0.0,0.0,1.0,0.161145189,0.0,0.307692308,0.1,0.837705774,1363
k792,0.0,0.0,0.0,0.0,1.0,0.0651,0.0,0.230769231,0.0,0.927678014,2879
k811,0.0,0.0,0.0,0.0,1.0,0.0,0.0,0.0769,0.0,0.927678014,1245
k3116,0.0,0.0,0.0,0.0,1.0,0.00434,0.0,0.230769231,0.0,0.927678014,871
k2258,0.0556,0.0,0.0,0.0,1.0,0.161145189,0.0,0.153846154,0.0667,0.864739446,804
k742,0.0,0.0,0.0,0.0,1.0,0.0555,0.0,0.0,0.0,0.927678014,2645
k3127,0.0,0.0,0.0,0.0,1.0,0.0828,0.0,0.0,0.0,0.927678014,1846
k2303,0.0,0.0,0.0,0.0,1.0,0.00886,0.0,0.230769231,0.0,0.927678014,2274
k310,0.0,0.0,0.0455,0.0,0.179454982,0.0787,0.0,0.230769231,0.0,0.927678014,2307
k1826,0.0,0.0,0.0,0.0,1.0,0.0543,0.0,0.0,0.0,0.927678014,3362
k1296,0.0,0.0,0.0,0.0,1.0,0.0125,0.0,0.0,0.0,0.927678014,3410
k502,0.0,0.0,0.0,0.0,1.0,0.0631,0.0,0.0769,0.0,0.927678014,1539
k3252,0.0,0.0,0.0,0.0,1.0,0.0125,0.0,0.0,0.0,0.927678014,1777
k2018,0.0,0.207777778,0.0,0.0,1.0,0.198937268,0.0769,0.153846154,0.0,0.927678014,979
k1663,0.0,0.0,0.0455,0.0,1.0,0.0356,0.0,0.0,0.0,0.927678014,405
k2278,0.0,0.0,0.0,0.0,1.0,0.0282,0.0,0.0,0.0,0.927678014,7
k707,0.0,0.0,0.0,0.0,1.0,0.0723,0.0769,0.0769,0.1,0.927678014,1330
k2208,0.0,0.0,0.0,0.0,1.0,0.0765,0.0,0.0,0.0,0.927678014,2294
k253,0.0,0.0,0.0,0.0,1.0,0.0758,0.0962,0.0,0.0,0.927678014,2566
k3069,0.0,0.0,0.0909,0.0,1.0,0.0316,0.0,0.153846154,0.0,0.927678014,2135
k3051,0.0,0.0,0.0,0.0,1.0,0.0487,0.0,0.0769,0.0,0.927678014,1501
k254,0.0,0.0,0.0,0.0,1.0,0.322679201,0.0,0.461538462,0.0,0.898687755,2723
k2934,0.0,0.0,0.0455,0.0,1.0,0.0936,0.0,0.0,0.0,0.927678014,3001
k105,0.0,0.0,0.0,0.0,1.0,0.0198,0.0,0.0,0.0,0.927678014,2685
k2150,0.0,0.0,0.0,0.0,1.0,0.124666223,0.0,0.0769,0.0,0.914125324,3104
k2860,0.0,0.0,0.0,0.0,1.0,0.057,0.0,0.0,0.0,0.927678014,2092
k123,0.0,0.0,0.0,0.0,1.0,0.0413,0.0,0.0769,0.0,0.927678014,2613
k3399,0.0,0.0,0.0,0.0,1.0,0.0316,0.0,0.153846154,0.0,0.927678014,1520
k62,0.0,0.0,0.0,0.0,1.0,0.0464,0.0,0.153846154,0.0,0.927678014,3255
k2434,0.0,0.00667,0.0,0.0,1.0,0.00686,0.0,0.0769,0.0,0.927678014,3282
k2108,0.0,0.0,0.0,0.0,1.0,0.055,0.0,0.0,0.0,0.927678014,778
k3236,0.0,0.0,0.0,0.0,1.0,0.0787,0.0385,0.0,0.0,0.927678014,1553
k3151,0.0,0.0,0.0,0.0,1.0,0.0125,0.0,0.0,0.0,0.927678014,113
k108,0.0,0.0,0.0,0.0,1.0,0.0696,0.153846154,0.0,0.0,0.927678014,1849
k629,0.0,0.0,0.0,0.0,1.0,0.0591,0.0,0.0,0.0,0.927678014,2649
k1803,0.0,0.00111,0.0,0.0,1.0,0.0682,0.0,0.153846154,0.0,0.927678014,350
k232,0.0,0.0,0.0,0.0,1.0,0.0131,0.0,0.0769,0.0,0.927678014,147
k326,0.0,0.0,0.0,0.0,1.0,0.0137,0.0,0.0,0.0,0.927678014,1685
k402,0.0,0.0,0.0,0.0,1.0,0.0,0.0,0.0,0.0,0.927678014,1712
k22,0.0,0.0,0.0,0.0,1.0,0.0806,0.0,0.0,0.0,0.927678014,596
k2436,0.0,0.0,0.0,0.0,1.0,0.0,0.0,0.0,0.0,0.927678014,2475
k264,0.0,0.0,0.0909,0.0,1.0,0.0535,0.0,0.0,0.0,0.927678014,918
k2553,0.0,0.0,0.0,0.0,1.0,0.0601,0.0385,0.0,0.0,0.927678014,2251
k2353,0.0,0.0,0.0,0.0,1.0,0.0812,0.0962,0.0769,0.0667,0.927678014,268
k1849,0.0,0.0,0.0,0.0,1.0,0.032,0.0385,0.0769,0.0,0.927678014,1196
k2788,0.0,0.0,0.0,0.0,1.0,0.0,0.0385,0.0,0.0,0.927678014,1324
k878,0.0,0.0,0.0,0.0,1.0,0.0444,0.0385,0.0,0.0,0.927678014,2465
k2728,0.0,0.0,0.0,0.0,1.0,0.0379,0.0,0.0,0.0,0.927678014,530
k8,0.0,0.0,0.0,0.0,1.0,0.0433,0.0,0.0,0.0,0.927678014,2312
k3160,0.0,0.00333,0.0,0.0,1.0,0.0125,0.0,0.0,0.0,0.927678014,2112
k3424,0.0,0.0,0.0909,0.0,1.0,0.0551,0.0,0.0769,0.0,0.927678014,3152
k1157,0.0,0.0,0.0,0.0,1.0,0.0,0.0,0.0,0.0,0.927678014,514
k1292,0.0,0.0,0.0,0.0,1.0,0.0657,0.0,0.153846154,0.0,0.927678014,603
k1383,0.0,0.0,0.0455,0.0,1.0,0.0533,0.0,0.0,0.1,0.927678014,3032
k900,0.0,0.461111111,0.954545455,0.583333333,1.0,0.328793777,0.0,0.384615385,0.833333333,0.927678014,455
k245,0.0,0.0,0.0,0.0,1.0,0.0344,0.0385,0.0,0.0,0.927678014,811
k1964,0.0,0.0,0.0,0.0,1.0,0.0254,0.0,0.0,0.0,0.927678014,452
k319,0.0,0.0,0.0,0.0,1.0,0.0419,0.0,0.0,0.0,0.927678014,72
k1749,0.0,0.0,0.0,0.0,1.0,0.05,0.0,0.0769,0.0,0.927678014,650
k185,0.0,0.0,0.0,0.0,1.0,0.0532,0.0,0.0,0.0,0.927678014,2341
k3261,0.0,0.0,0.0,0.0,1.0,0.028,0.0385,0.0,0.0,0.927678014,2041
k2255,0.0,0.0,0.0,0.0,1.0,0.044,0.0,0.153846154,0.0,0.927678014,1247
k1467,0.0,0.0,0.0,0.0,1.0,0.120644104,0.0,0.0,0.0,0.927678014,2917
k611,0.0,0.0,0.0,0.0,1.0,0.0563,0.0385,0.0,0.0,0.927678014,2652
k768,0.0,0.0,0.0,0.0,1.0,0.0274,0.0,0.0769,0.0,0.927678014,2930
k325,0.0,0.00556,0.0,0.0,1.0,0.0398,0.0,0.0,0.0,0.927678014,2640
k3088,0.0,0.0,0.0,0.0,1.0,0.195184424,0.0,0.153846154,0.0,0.923590694,1400
k181,0.0,0.0144,0.318181818,0.0833,1.0,0.115256591,0.0,0.0769,0.1,0.927678014,1979
k859,0.0,0.0,0.0,0.0,1.0,0.0386,0.0,0.0769,0.133333333,0.927678014,1786
k1931,0.0556,0.03,0.0,0.25,1.0,0.549440283,0.0,0.230769231,0.3,0.763642324,1894
k2964,0.0,0.0,0.0,0.0,1.0,0.0499,0.0,0.0,0.0,0.927678014,1159
k584,0.111111111,0.0,0.0,0.0,1.0,0.219790012,0.0,0.0769,0.0,0.761736957,1173
k2808,0.0,0.0,0.0,0.0,1.0,0.0701,0.0769,0.0769,0.0,0.927678014,1673
k1542,0.0,0.0,0.0,0.0,1.0,0.0354,0.0,0.0,0.0,0.927678014,931
k2776,0.0,0.0178,0.0455,0.166666667,1.0,0.195073484,0.0,0.0,0.133333333,0.693194972,3386
k3304,0.0,0.0,0.0,0.0,1.0,0.0374,0.0,0.0769,0.0,0.927678014,2438
k225,0.0,0.0,0.0,0.0,1.0,0.0175,0.0,0.0,0.0,0.927678014,2847
k670,0.0,0.0,0.0,0.0,1.0,0.0266,0.0,0.0769,0.0,0.927678014,284
k1690,0.0,0.0,0.0,0.0,1.0,0.0726,0.0962,0.0769,0.0667,0.927678014,2440
k1457,0.0,0.00222,0.0455,0.0,1.0,0.129707207,0.0,0.153846154,0.0,0.927678014,2399
k1489,0.0,0.0,0.0,0.0,1.0,0.0407,0.0385,0.0,0.0,0.927678014,891
k508,0.0,0.0,0.0455,0.0,1.0,0.0499,0.0,0.0,0.0,0.927678014,2247
k638,0.0,0.0,0.0455,0.0,0.224173476,0.084,0.0385,0.0769,0.0,0.927678014,1490
k2437,0.166666667,0.0,0.0,0.0,1.0,0.219370692,0.0,0.153846154,0.0,0.884940432,1740
k1781,0.0,0.0,0.0,0.0,1.0,0.0602,0.0,0.0,0.0,0.927678014,609
k1978,0.0,0.0,0.0,0.0,1.0,0.0152,0.0,0.0,0.0,0.927678014,937
k537,0.166666667,0.0,0.0,0.0,1.0,0.0988,0.0,0.0769,0.0,0.818856985,2276
k324,0.0,0.02,0.0909,0.0,1.0,0.123494761,0.0962,0.230769231,0.0,0.449400219,2933
k761,0.0,0.0,0.0,0.0,1.0,0.0455,0.0577,0.0,0.0,0.927678014,3323
k1306,0.0,0.00889,0.0,0.0,1.0,0.0635,0.0,0.0,0.0,0.927678014,2136
k661,0.0,0.0,0.0,0.0,1.0,0.0475,0.0,0.230769231,0.0,0.927678014,551
k3173,0.0,0.00444,0.0,0.0,1.0,0.0752,0.0,0.0,0.0,0.927678014,649
k303,0.0556,0.0,0.0,0.0,1.0,0.246950416,0.0,0.230769231,0.0,0.860754566,537
k1564,0.0,0.0,0.0,0.0,1.0,0.0677,0.0,0.0,0.0,0.927678014,14
k129,0.0,0.0,0.0,0.0,0.376508734,0.068,0.0,0.0769,0.0,0.927678014,3087
k1862,0.0,0.0,0.0,0.0,1.0,0.0181,0.0,0.0769,0.133333333,0.927678014,429
k2936,0.0,0.0,0.0,0.0,1.0,0.0711,0.0385,0.0,0.0,0.927678014,432
k1512,0.0,0.0,0.0,0.0,1.0,0.0262,0.0577,0.0,0.0,0.927678014,2851
k1472,0.0,0.0,0.136363636,0.416666667,1.0,0.104011024,0.0,0.0769,0.3,0.927678014,2886
k1175,0.0,0.0,0.0,0.0,1.0,0.0261,0.0192,0.0769,0.0,0.927678014,190
k2389,0.0,0.0,0.0,0.0,1.0,0.0464,0.0,0.0769,0.0,0.927678014,1106
k2528,0.0,0.0,0.0,0.0,1.0,0.0446,0.0,0.0,0.0,0.927678014,2481
k2793,0.0,0.0,0.0,0.0,1.0,0.0,0.0,0.0,0.0,0.927678014,2489
k1837,0.0,0.0,0.0,0.0,1.0,0.0185,0.0,0.0769,0.0,0.927678014,1928
k2050,0.0,0.0,0.0,0.0,1.0,0.0595,0.0,0.0,0.0,0.927678014,1315
k1824,0.0,0.0,0.0,0.0,1.0,0.0534,0.0,0.0,0.0,0.927678014,3203
k2405,0.111111111,0.0,0.0,0.0,1.0,0.270237366,0.0,0.0769,0.0,0.873518475,2340
k3117,0.0,0.0,0.0,0.0,1.0,0.0151,0.0,0.0,0.0,0.927678014,218
k158,0.0,0.0,0.0,0.0,1.0,0.0549,0.0,0.153846154,0.0,0.927678014,2254
k1315,0.0,0.0,0.0,0.0,1.0,0.045,0.0385,0.0,0.0,0.927678014,1047
k1889,0.111111111,0.0,0.0,0.0,1.0,0.125488392,0.0,0.0769,0.0,0.974277548,1532
k1720,0.0,0.0,0.0455,0.0,1.0,0.075,0.0769,0.0,0.0,0.927678014,1172
k2421,0.0,0.0,0.0,0.0,1.0,0.0771,0.0,0.0,0.0,0.821469181,1715
k2118,0.0,0.0,0.0,0.0,1.0,0.0737,0.0,0.0769,0.0,0.927678014,411
k262,0.0,0.0,0.0,0.0,1.0,0.0296,0.0,0.0769,0.0,0.927678014,1222
k3289,0.0,0.0,0.0,0.0,1.0,0.0505,0.0,0.0,0.0,0.927678014,2065
k2536,0.0,0.0,0.0,0.0,1.0,0.0496,0.0,0.0,0.0,0.927678014,2706
k179,0.0,0.02,0.0,0.0,1.0,0.065,0.0,0.0,0.0,0.927678014,1599
k841,0.0,0.0,0.0,0.0,1.0,0.075,0.0769,0.0769,0.0,0.927678014,2441
k1979,0.0,0.0,0.0,0.0,1.0,0.0606,0.0,0.307692308,0.0,0.476546574,830
k1032,0.0,0.0,0.0,0.0,1.0,0.0232,0.0,0.0769,0.0,0.927678014,97
k125,0.0,0.0,0.0455,0.0,1.0,0.0253,0.0,0.0769,0.0,0.927678014,2860
k1082,0.0,0.0,0.0,0.333333333,1.0,0.027,0.0,0.153846154,0.333333333,0.927678014,277
k1311,0.0,0.0,0.0,0.0,1.0,0.0564,0.115384615,0.0,0.0,0.927678014,2449
k992,0.111111111,0.0,0.0,0.0,1.0,0.235221876,0.0,0.307692308,0.0,0.768641351,1375
k2753,0.0,0.0,0.0,0.0,1.0,0.0525,0.0385,0.0,0.0,0.927678014,1255
k3241,0.0,0.0,0.0455,0.0,1.0,0.0677,0.0,0.0769,0.0,0.927678014,1346
k2875,0.0,0.0,0.0,0.0,1.0,0.0123,0.0,0.0,0.0,0.927678014,2594
k1441,0.0,0.0,0.0,0.0,1.0,0.0194,0.0,0.0769,0.0,0.927678014,2383
k3286,0.0,0.0,0.0,0.0,1.0,0.118205861,0.0,0.230769231,0.0,0.90722093,993
k568,0.0,0.0,0.0,0.0833,1.0,0.0097,0.0,0.0,0.0,0.927678014,3276
k2942,0.0,0.0,0.0,0.0,1.0,0.0,0.0,0.0,0.0,0.927678014,1703
k1136,0.0,0.0,0.0,0.0,1.0,0.0388,0.0,0.153846154,0.0667,0.927678014,194
k1968,0.0,0.0,0.0,0.0,1.0,0.0764,0.0,0.0,0.0,0.927678014,898
k1748,0.0,0.0,0.0455,0.0,1.0,0.0324,0.0192,0.0,0.0,0.927678014,1961
k3124,0.0,0.0,0.0,0.0,1.0,0.0,0.0,0.0,0.0,0.927678014,812
k114,0.0,0.0156,0.0,0.0,1.0,0.196912288,0.0,0.307692308,0.0,0.917331667,1549
k3190,0.0,0.0,0.0,0.0,0.326280081,0.0617,0.0,0.0769,0.0,0.927678014,2943
k1112,0.0,0.0,0.0,0.0,1.0,0.0452,0.0385,0.0,0.0,0.927678014,2954
k2035,0.0,0.0,0.0,0.333333333,1.0,0.043,0.0,0.0769,0.4,0.927678014,2661
k728,0.0,0.0,0.0,0.0,1.0,0.0354,0.0,0.0,0.0,0.927678014,2359
k467,0.0,0.00111,0.0,0.0,1.0,0.00686,0.0,0.0769,0.0,0.927678014,723
k831,0.0,0.0,0.0,0.0,1.0,0.0444,0.0,0.0,0.0,0.927678014,463
k1660,0.0,0.0,0.0,0.166666667,1.0,0.0299,0.0,0.0769,0.0667,0.927678014,1457
k2765,0.0556,0.0,0.0,0.0,1.0,0.0564,0.0,0.153846154,0.0,0.576568086,1133
k1696,0.0,0.0,0.0,0.0,0.312785816,0.0395,0.0,0.461538462,0.0,0.927678014,749
k1411,0.0,0.0,0.0,0.0,1.0,0.0185,0.0,0.0,0.0,0.927678014,1890
k998,0.0,0.0,0.0,0.0,1.0,0.0177,0.0,0.153846154,0.0,0.927678014,837
k936,0.0,0.0,0.0,0.0,1.0,0.0151,0.0,0.0,0.0,0.927678014,2077
k656,0.0,0.0,0.0,0.0,1.0,0.0201,0.0385,0.0,0.0,0.927678014,1355
k815,0.0,0.0,0.0,0.0,1.0,0.222854048,0.0,0.0769,0.0,0.952785831,1598
k790,0.0,0.0,0.0,0.0,1.0,0.0347,0.0,0.0,0.0,0.927678014,2745
k1382,0.0,0.0,0.0909,0.0,0.325193043,0.083,0.0,0.0769,0.0,0.927678014,1041
k1553,0.0,0.0,0.0,0.0,1.0,0.0357,0.0,0.0,0.0,0.927678014,2116
k2737,0.0,0.0,0.0,0.0,1.0,0.0217,0.0,0.0,0.0,0.927678014,1535
k1816,0.0,0.0,0.0,0.0,1.0,0.0,0.0,0.0,0.0,0.927678014,2935
k1398,0.0,0.0,0.0455,0.0,1.0,0.0813,0.0,0.0,0.0,0.801247708,123
k2689,0.0,0.0,0.0,0.0,1.0,0.0256,0.0,0.0,0.0,0.927678014,1292
k1092,0.0,0.0,0.0,0.0,1.0,0.00886,0.0,0.0,0.0,0.927678014,1536
k1846,0.0,0.0,0.0,0.0,1.0,0.0621,0.0385,0.0769,0.0,0.927678014,444
k7,0.0,0.0,0.0,0.0,1.0,0.0168,0.0,0.0,0.0,0.927678014,3139
k3089,0.0,0.0,0.0,0.0,1.0,0.0308,0.0,0.230769231,0.0,0.482897797,992
k2729,0.0,0.0,0.0,0.0,1.0,0.0881,0.0,0.307692308,0.0,0.712125713,2805
k755,0.0,0.0,0.0,0.0,1.0,0.0413,0.0,0.0769,0.0,0.927678014,885
k2484,0.0,0.0,0.0,0.0,0.116200615,0.089,0.0,0.461538462,0.0,0.927678014,2317
k539,0.0,0.0,0.181818182,0.0,1.0,0.0646,0.0,0.153846154,0.0667,0.927678014,3039
k2755,0.0,0.0,0.0,0.333333333,1.0,0.085,0.0,0.230769231,0.133333333,0.658550077,1717
k305,0.0,0.0,0.0,0.0,1.0,0.025,0.0769,0.0,0.0,0.927678014,1447
k2391,0.0556,0.0,0.0,0.0,1.0,0.117116967,0.0,0.0,0.0,0.853143343,1647
k1602,0.0,0.0,0.0,0.0,1.0,0.0,0.0,0.0,0.0,0.927678014,424
k127,0.0556,0.0,0.0,0.0,1.0,0.0728,0.0,0.0,0.0,0.765711593,1359
k1919,0.0,0.0,0.0455,0.0,1.0,0.0589,0.0,0.0,0.0,0.927678014,2520
k2075,0.0556,0.0,0.0,0.0,1.0,0.242325883,0.0,0.0,0.0,0.946219486,566
k798,0.0,0.0,0.0,0.0,1.0,0.0641,0.0,0.0769,0.0,0.927678014,755
k762,0.0,0.0,0.0,0.0,0.237686483,0.210751776,0.153846154,0.0769,0.0,0.770454522,3048
k681,0.0,0.0,0.0,0.0,1.0,0.0451,0.0,0.0,0.0,0.927678014,81
k1120,0.0,0.0,0.0455,0.0,1.0,0.0397,0.0,0.0,0.0,0.927678014,2209
k1799,0.0,0.0,0.0,0.0,1.0,0.0,0.0,0.0,0.0,0.927678014,1481
k1023,0.0,0.0,0.0,0.0,1.0,0.204417976,0.0,0.307692308,0.0,0.895757998,1646
k2946,0.0,0.0,0.0,0.0,1.0,0.0392,0.0,0.0,0.0,0.927678014,1101
k1280,0.0556,0.0,0.0,0.0,1.0,0.0681,0.0,0.0,0.0,0.957559491,3409
k97,0.0,0.0,0.0,0.0,1.0,0.0117,0.0,0.0,0.0,0.927678014,912
k1914,0.0,0.0,0.0,0.0,1.0,0.0684,0.0,0.153846154,0.0,0.927678014,215
k1297,0.0,0.0,0.0,0.0,1.0,0.0725,0.0,0.153846154,0.0,0.927678014,2148
k2078,0.0,0.0,0.181818182,0.0,1.0,0.0674,0.0,0.0,0.0,0.927678014,2063
k958,0.0,0.0,0.136363636,0.25,0.143376565,0.0887,0.0,0.461538462,0.0,0.927678014,793
k3109,0.0,0.0,0.0,0.0,1.0,0.0119,0.0,0.0,0.0,0.927678014,2725
k1430,0.0,0.0,0.0,0.0,1.0,0.238589086,0.0,0.0,0.0,0.844487241,2518
k1130,0.0,0.0,0.0,0.0,1.0,0.0104,0.0,0.0,0.0,0.927678014,2144
k854,0.0,0.0,0.0,0.0,1.0,0.0904,0.230769231,0.0,0.0,0.927678014,2617
k1389,0.0,0.0,0.0,0.0,1.0,0.0828,0.0,0.0,0.0,0.927678014,2641
k2545,0.0,0.0,0.0,0.0,1.0,0.0125,0.0,0.0,0.0,0.927678014,735
k1375,0.0,0.0,0.0,0.0,1.0,0.0944,0.0,0.0,0.0,0.927678014,2987
k3260,0.0,0.0,0.0,0.0,1.0,0.0319,0.0,0.0,0.0,0.927678014,785
k522,0.0,0.0,0.0,0.0,1.0,0.054,0.0,0.0,0.0,0.927678014,2208
k2297,0.0,0.0,0.0,0.0,1.0,0.111872805,0.0,0.0,0.0,0.927678014,2426
k2181,0.0,0.0,0.0,0.0,1.0,0.0463,0.0769,0.0,0.0,0.927678014,1590
k421,0.0,0.0178,0.0,0.0,1.0,0.00626,0.0,0.0,0.0,0.927678014,2355
k951,0.0,0.116666667,0.0,0.0,1.0,0.0,0.0,0.0,0.0,0.927678014,1633
k2137,0.0,0.0,0.0,0.0,1.0,0.0234,0.0,0.0,0.0,0.927678014,2083
k956,0.0,0.0,0.0,0.0,1.0,0.0254,0.0,0.0,0.0,0.927678014,3029
k95,0.166666667,0.0,0.0,0.0,1.0,0.268634044,0.5,0.0769,0.0,0.769389156,3339
k2878,0.0,0.0,0.0,0.0,1.0,0.189779271,0.0,0.0769,0.0,0.964289739,847
k3061,0.222222222,0.0,0.0,0.0,1.0,0.274895797,0.423076923,0.0769,0.0,0.76245403,2637
k2784,0.0,0.0,0.0,0.0,1.0,0.00511,0.0,0.0,0.0,0.927678014,2937
k979,0.0,0.0,0.0,0.0,1.0,0.100108985,0.0,0.0,0.0,0.927678014,3150
k286,0.0,0.0,0.0,0.0,1.0,0.0153,0.0192,0.0769,0.0,0.927678014,2230
k3267,0.0,0.0,0.0,0.0,1.0,0.00686,0.0,0.0769,0.0,0.927678014,2907
k2420,0.0556,0.0,0.0,0.0,1.0,0.019,0.0,0.230769231,0.0,0.453897295,2929
k3026,0.0,0.0,0.0,0.0,1.0,0.0256,0.0,0.0,0.0,0.927678014,669
k2969,0.0,0.0,0.0,0.0,1.0,0.0855,0.0,0.0,0.0,0.852354562,1137
k1560,0.0,0.0,0.0455,0.0,1.0,0.0766,0.0,0.0,0.0,0.927678014,677
k692,0.0,0.0,0.0,0.0,1.0,0.0125,0.0,0.0,0.0,0.927678014,3238
k734,0.0,0.0,0.0,0.0,1.0,0.118757587,0.0962,0.0769,0.0,0.927678014,3320
k60,0.0,0.0,0.0455,0.0,1.0,0.0305,0.0,0.153846154,0.0,0.927678014,671
k3248,0.0,0.0,0.0,0.0,1.0,0.0276,0.0,0.0,0.0,0.927678014,1795
k452,0.0556,0.0,0.0,0.0,1.0,0.139405028,0.153846154,0.0769,0.0,0.710824737,18
k3118,0.0,0.0,0.0909,0.0,1.0,0.0553,0.0,0.0,0.0,0.927678014,420
k1527,0.0,0.0,0.0,0.0,1.0,0.0571,0.0,0.0,0.0,0.927678014,1796
k2843,0.0,0.0,0.0,0.25,1.0,0.039,0.0,0.0769,0.1,0.927678014,2876
k1412,0.0,0.0744,0.227272727,0.25,1.0,0.11664207,0.0,0.153846154,0.166666667,0.927678014,3177
k90,0.0,0.0,0.0,0.0,1.0,0.161145189,0.0,0.153846154,0.0667,0.871664328,3233
k3395,0.0,0.0,0.0,0.0,1.0,0.231537042,0.0,0.0769,0.0,0.85166822,857
k744,0.0,0.0,0.0,0.0,1.0,0.0688,0.0,0.0,0.0,0.927678014,1208
k1683,0.0,0.0,0.136363636,0.333333333,0.0771,0.120437632,0.0,0.538461538,0.0333,0.927678014,2731
k650,0.0,0.0,0.0,0.0,1.0,0.282211377,0.0,0.0769,0.0,0.834171626,3137
k503,0.0,0.0,0.0,0.0,1.0,0.0428,0.0,0.153846154,0.0,0.927678014,1762
k2986,0.0,0.0,0.0,0.0,1.0,0.0464,0.0,0.153846154,0.0,0.927678014,2479
k1761,0.0,0.0,0.0,0.0,1.0,0.0575,0.0,0.0769,0.0,0.927678014,668
k949,0.0,0.0,0.0455,0.0,0.3896469,0.102291555,0.0,0.307692308,0.0,0.927678014,2277
k74,0.0,0.0,0.0,0.0,1.0,0.031,0.0,0.153846154,0.0,0.927678014,2507
k602,0.0,0.0,0.0,0.0,1.0,0.0238,0.0,0.0,0.0,0.927678014,1732
k3078,0.0,0.0,0.0,0.0,1.0,0.111519687,0.0385,0.0769,0.0,0.927678014,1491
k1587,0.0,0.0,0.0,0.0,1.0,0.0168,0.0,0.0,0.0,0.927678014,266
k2549,0.0,0.0,0.0,0.0,1.0,0.0297,0.0,0.0,0.0,0.927678014,984
k2987,1.0,0.0,0.0,0.0,1.0,0.160155865,0.0,0.923076923,0.133333333,0.0,196
k1777,0.0,0.0,0.0,0.0,1.0,0.156531814,0.0,0.0769,0.0,0.917106301,728
k2321,0.0,0.0,0.0,0.0,1.0,0.05,0.0769,0.0769,0.0,0.927678014,1833
k1721,0.0,0.0,0.0,0.0,1.0,0.0671,0.0,0.0,0.0,0.927678014,1459
k2602,0.0556,0.0822,0.0,0.333333333,1.0,0.610700705,0.0,0.307692308,0.5,0.838924799,2080
k2489,0.0,0.0,0.0,0.0,1.0,0.189055928,0.0,0.307692308,0.0,0.931038015,3153
k1037,0.0,0.0,0.0,0.0,1.0,0.0528,0.0,0.0,0.0,0.927678014,2418
k2380,0.0,0.0,0.0,0.25,0.11136517,0.107267612,0.0769,0.230769231,0.0667,0.927678014,492
k1580,0.0,0.0,0.0909,0.0,1.0,0.0362,0.0,0.153846154,0.333333333,0.927678014,612
k272,0.0,0.00111,0.0,0.0,1.0,0.0431,0.0,0.0,0.0,0.927678014,487
k1361,0.0,0.0,0.0,0.0,1.0,0.0,0.0,0.0,0.0,0.927678014,1220
k2839,0.0,0.0,0.0,0.0,1.0,0.0,0.0,0.0,0.0,0.927678014,1984
k2007,0.0,0.217777778,0.0,0.0,1.0,0.305725201,0.0,0.461538462,0.0,0.911400445,2365
k1343,0.0,0.0,0.0,0.0,0.29541195,0.0734,0.0385,0.0769,0.0,0.927678014,1694
k2962,0.0,0.0,0.0,0.0,1.0,0.0951,0.0385,0.0,0.0,0.927678014,2390
k3258,0.0,0.0,0.0,0.0,1.0,0.226314027,0.0769,0.0769,0.0,0.935658017,1416
k1977,0.0,0.0,0.0,0.0,1.0,0.309838707,0.0,0.461538462,0.0,0.762638421,928
k934,0.0556,0.0,0.0,0.0,1.0,0.0751,0.0,0.0,0.0,0.813857958,3302
k609,0.0,0.0,0.0,0.0,1.0,0.0601,0.0385,0.0,0.0,0.927678014,2505
k3275,0.0,0.0,0.0,0.0,1.0,0.154919354,0.0,0.461538462,0.0,0.663047153,2513
k913,0.0,0.0,0.0,0.0,1.0,0.0163,0.0,0.0769,0.0,0.927678014,2371
k687,0.0,0.0,0.0,0.0,1.0,0.0,0.0,0.0,0.0,0.927678014,2802
k1116,0.0,0.0,0.272727273,0.0,1.0,0.0806,0.0,0.0,0.0,0.927678014,3252
k1109,0.0556,0.0,0.0,0.0,1.0,0.158682611,0.230769231,0.0769,0.0,0.776590623,862
k207,0.0,0.0,0.0455,0.0,1.0,0.0534,0.0,0.0,0.0,0.927678014,1952
k1855,0.0,0.0,0.0,0.0,1.0,0.00669,0.0,0.0,0.0,0.927678014,1
k468,0.0,0.0,0.0,0.0,1.0,0.025,0.0,0.0,0.0,0.927678014,1365
k1293,0.0,0.0,0.0,0.0,1.0,0.053,0.0,0.0769,0.0,0.927678014,2237
k178,0.0,0.0,0.0,0.0,1.0,0.0564,0.0,0.0,0.0,0.927678014,1644
k1495,0.0,0.0,0.0,0.0,1.0,0.0496,0.0,0.0769,0.0,0.927678014,2026
k2071,0.0,0.0,0.0,0.0,1.0,0.0572,0.0,0.0,0.0,0.927678014,479
k3235,0.0,0.0,0.0,0.0,1.0,0.0506,0.0769,0.0769,0.0667,0.927678014,2767
k1216,0.0,0.0,0.0,0.333333333,1.0,0.0894,0.115384615,0.153846154,0.1,0.927678014,362
k1717,0.0,0.0,0.0,0.0,1.0,0.0399,0.0,0.0,0.0,0.927678014,2170
k2462,0.0,0.0,0.0,0.0833,1.0,0.0354,0.0,0.0,0.0,0.927678014,1104
k453,0.0,0.0,0.0,0.0,1.0,0.0417,0.0,0.153846154,0.0,0.927678014,270
k1438,0.0,0.0,0.0,0.0,1.0,0.00686,0.0,0.0769,0.0667,0.927678014,1155
k2195,0.0,0.0,0.0,0.0,1.0,0.112988052,0.0,0.0,0.0,0.927678014,2231
k406,0.0,0.0,0.0,0.0,1.0,0.0139,0.0,0.0,0.0,0.927678014,2871
k2034,0.0,0.0,0.0,0.0,1.0,0.0991,0.0769,0.0,0.0,0.927678014,181
k3199,0.0,0.0,0.0,0.0,1.0,0.0273,0.0,0.0769,0.0,0.927678014,2776
k2885,0.0556,0.0,0.0,0.0,1.0,0.150929008,0.0385,0.0769,0.0,0.859586761,1792
k1038,0.0,0.0,0.0,0.0,1.0,0.0193,0.0,0.0,0.0,0.927678014,1745
k2229,0.0,0.0,0.0,0.0,1.0,0.0402,0.0,0.0,0.0,0.927678014,1496
k1522,0.0,0.0,0.0,0.0,1.0,0.0326,0.0385,0.0,0.0,0.927678014,2796
k2390,0.0,0.0,0.0,0.0,0.196435265,0.312815819,0.326923077,0.0769,0.0,0.753715977,2984
k801,0.0,0.0,0.0,0.0,1.0,0.0461,0.0,0.0769,0.0,0.927678014,1572
k1912,0.0,0.02,0.0,0.0,1.0,0.111173477,0.0,0.153846154,0.0,0.927678014,118
k3323,0.0,0.0,0.0,0.0,1.0,0.0209,0.0,0.0769,0.0,0.927678014,3185
k144,0.0,0.0,0.0,0.0,1.0,0.0,0.0,0.0,0.0,0.927678014,352
k323,0.0,0.0,0.0,0.0,1.0,0.0598,0.0385,0.384615385,0.0,0.419651912,2758
k1367,0.0,0.194444444,0.0,0.0,1.0,0.0257,0.0,0.0769,0.0,0.927678014,2708
k2358,0.0,0.0,0.0,0.0,1.0,0.0805,0.0,0.0769,0.0,0.927678014,430
k2340,0.0,0.0,0.0,0.0,1.0,0.0681,0.0385,0.0,0.0,0.927678014,1922
k3347,0.0,0.0,0.0,0.0,1.0,0.136297636,0.0,0.230769231,0.0,0.931078991,3114
k1149,0.0,0.0,0.0,0.0,1.0,0.025,0.0,0.0,0.0,0.927678014,1008
k1470,0.0,0.0,0.0,0.0,1.0,0.0,0.0,0.0,0.0,0.927678014,2405
k637,0.0,0.0,0.0,0.0,1.0,0.0,0.0,0.0,0.0,0.927678014,2419
k2046,0.0,0.0,0.0455,0.0,1.0,0.0411,0.0,0.0,0.0667,0.927678014,3044
k490,0.0,0.0,0.0,0.0,1.0,0.0279,0.0,0.0,0.0,0.927678014,2297
k2236,0.0,0.0,0.0,0.0,1.0,0.0305,0.0,0.0769,0.0,0.927678014,1998
k476,0.0,0.0,0.0,0.0,1.0,0.0909,0.0385,0.0,0.0,0.927678014,2224
k1206,0.0,0.0,0.0,0.166666667,1.0,0.198569911,0.0,0.230769231,0.0,0.85748676,2999
k2681,0.0,0.0,0.0,0.0,1.0,0.152130862,0.0,0.230769231,0.0,0.923723865,2024
k12,0.0,0.0222,0.0,0.0,1.0,0.1438606,0.0,0.0,0.0,0.927678014,3057
k558,0.0,0.0,0.0,0.0,1.0,0.0726,0.0,0.0,0.0,0.927678014,2770
k1550,0.0,0.00111,0.181818182,0.0,1.0,0.101554079,0.0,0.0769,0.1,0.927678014,1115
k317,0.0,0.0,0.0,0.0,1.0,0.0806,0.0,0.0769,0.0,0.927678014,1542
k2778,0.0,0.0,0.0,0.0,1.0,0.032,0.0,0.0,0.0,0.927678014,2306
k1026,0.0,0.0,0.0,0.0,1.0,0.0137,0.0,0.0,0.0,0.927678014,75
k2770,0.0,0.00111,0.136363636,0.0,1.0,0.0971,0.0385,0.153846154,0.0,0.927678014,518
k1742,0.0,0.0,0.0455,0.0,1.0,0.048,0.0,0.0769,0.166666667,0.927678014,254
k2196,0.0,0.00667,0.0,0.0,1.0,0.139307477,0.0385,0.0769,0.0,0.906575564,2712
k227,0.0,0.0,0.0,0.0,1.0,0.0502,0.0,0.0,0.0,0.927678014,1017
k2241,0.0,0.0,0.0,0.0,0.287202939,0.0973,0.0769,0.0769,0.0,0.927678014,3432
k770,0.0,0.0,0.0,0.0,1.0,0.0494,0.0,0.0,0.0,0.927678014,235
k1942,0.0,0.0,0.0,0.0,1.0,0.0274,0.0,0.0,0.0,0.927678014,2658
k1547,0.0,0.0,0.0,0.0,1.0,0.0154,0.0,0.0,0.0,0.927678014,2928
k739,0.0,0.0,0.0909,0.0,1.0,0.0319,0.0,0.0,0.0,0.927678014,1915
k619,0.0,0.0,0.0455,0.0,1.0,0.0349,0.0,0.0769,0.0,0.927678014,654
k1802,0.0,0.0,0.0,0.0,1.0,0.00626,0.0,0.0,0.0,0.927678014,117
k2232,0.0,0.0,0.136363636,0.0833,1.0,0.0536,0.0,0.0769,0.233333333,0.927678014,1370
k1385,0.0,0.0,0.0,0.0,1.0,0.0223,0.0,0.0,0.0,0.927678014,922
k1714,0.0,0.0,0.0,0.0,1.0,0.141152339,0.0,0.153846154,0.0,0.76470769,3246
k1428,0.0,0.0,0.0,0.0,1.0,0.195355829,0.0,0.0769,0.0,0.963306324,1660
k2927,0.0,0.0889,0.0,0.0,1.0,0.199003896,0.0,0.0769,0.0,0.956985833,747
k1698,0.0,0.0,0.0,0.5,0.125834021,0.0989,0.0,0.461538462,0.0,0.927678014,2720
k1326,0.0,0.0,0.0,0.0,1.0,0.203342471,0.307692308,0.0,0.0,0.927678014,2296
k2752,0.0556,0.00111,0.0,0.0,1.0,0.283634473,0.0577,0.0,0.0,0.769419888,6
k1228,0.0,0.0,0.0,0.0,1.0,0.025,0.0,0.0,0.0,0.927678014,1163
k1779,0.0,0.0,0.0,0.0,1.0,0.0506,0.0769,0.0769,0.0,0.927678014,3127
k2638,0.0,0.0,0.0,0.0,0.282667366,0.0605,0.0385,0.0769,0.0,0.927678014,3433
k1236,0.0,0.0,0.0,0.0,1.0,0.598927003,0.0,0.923076923,0.0,0.912250689,2120
k569,0.0,0.0,0.0,0.0,1.0,0.0056,0.0,0.0769,0.0,0.927678014,2564
k789,0.0,0.0,0.0,0.0,1.0,0.0481,0.0769,0.0,0.0,0.927678014,846
k488,0.0,0.0,0.0,0.0,1.0,0.00886,0.0,0.0769,0.0,0.927678014,1834
k2184,0.0,0.0178,0.0,0.0,1.0,0.0676,0.0,0.0,0.0,0.927678014,1640
k3277,0.0,0.0,0.0,0.25,1.0,0.0296,0.0,0.0769,0.0,0.927678014,924
k2188,0.0,0.0,0.0,0.0,1.0,0.150446248,0.0,0.0,0.0,0.944303875,1202
k2790,0.0,0.0,0.0,0.0,1.0,0.0296,0.0,0.0769,0.0,0.927678014,576
k588,0.0,0.0,0.136363636,0.0,0.176381288,0.0544,0.0,0.307692308,0.0,0.927678014,3027
k1762,0.0,0.0,0.0,0.0,1.0,0.0307,0.0,0.0769,0.0,0.927678014,2945
k1042,0.0,0.0,0.0,0.0,1.0,0.257118884,0.0,0.461538462,0.0,0.870762864,2362
k1193,0.0,0.0,0.0,0.0,1.0,0.0307,0.0,0.0,0.0,0.927678014,3055
k1784,0.0,0.0,0.0,0.0,1.0,0.0717,0.0,0.0,0.0,0.927678014,2031
k3065,0.0,0.0,0.0909,0.0,0.357935377,0.0673,0.0,0.153846154,0.0,0.927678014,441
k1235,0.0,0.0,0.0,0.0,1.0,0.0153,0.0,0.0,0.0,0.927678014,2436
k2212,0.0,0.0,0.272727273,0.166666667,1.0,0.0613,0.0,0.153846154,0.266666667,0.927678014,3176
k3076,0.0,0.0,0.0,0.0,1.0,0.0217,0.0,0.0,0.0,0.927678014,2011
k2441,0.0,0.0,0.0909,0.0,1.0,0.0819,0.0385,0.0769,0.0,0.927678014,1272
k3279,0.0,0.0,0.0,0.0,1.0,0.0269,0.0,0.0,0.0,0.927678014,1899
k787,0.0,0.0,0.0455,0.0,1.0,0.047,0.0,0.0,0.0,0.927678014,1145
k2938,0.0,0.192222222,0.0455,0.0,1.0,0.128140865,0.0,0.0,0.0,0.927678014,661
k2164,0.0,0.0,0.181818182,0.0,1.0,0.0618,0.0,0.0,0.0,0.927678014,2547
k3073,0.0,0.0,0.0,0.0,1.0,0.0311,0.0769,0.0,0.0,0.927678014,3321
k2801,0.0,0.0,0.0909,0.0,1.0,0.134759986,0.0,0.0,0.0333,0.890943361,2154
k1487,0.0,0.00778,0.0455,0.0,1.0,0.0841,0.0,0.0,0.0,0.927678014,499
k2798,0.0,0.0856,0.0,0.0,1.0,0.0559,0.0,0.0,0.0,0.927678014,2233
k392,0.0,0.0,0.0,0.0,1.0,0.0467,0.0192,0.0,0.0,0.927678014,963
k587,0.0,0.0,0.0,0.0,1.0,0.0359,0.0,0.0769,0.0,0.927678014,2679
k1620,0.0,0.0,0.0,0.0,1.0,0.268328214,0.0,0.230769231,0.0,0.927678014,1581
k1869,0.0,0.0,0.0,0.0,1.0,0.0402,0.0385,0.0,0.0,0.927678014,1150
k1131,0.0556,0.0,0.0,0.166666667,1.0,0.0992,0.0,0.153846154,0.0333,0.84458968,1525
k712,0.0,0.0,0.0,0.0,1.0,0.0805,0.0769,0.0,0.0,0.927678014,1635
k1819,0.0,0.0,0.0,0.0,1.0,0.0543,0.0962,0.0,0.0,0.927678014,1781
k817,0.0,0.0,0.0,0.0,1.0,0.0503,0.0,0.153846154,0.0,0.927678014,750
k434,0.0,0.0,0.0,0.0,1.0,0.0324,0.0,0.0,0.0667,0.927678014,17
k2909,0.0,0.0,0.0,0.0,1.0,0.0133,0.0,0.0,0.0,0.927678014,1021
k2339,0.0,0.0,0.0,0.0,1.0,0.0726,0.0,0.0769,0.0,0.927678014,3184
k1210,0.0,0.0,0.0,0.0,1.0,0.0177,0.0,0.0,0.0,0.927678014,950
k2949,0.0,0.0,0.0455,0.0,1.0,0.0728,0.0,0.0,0.0,0.927678014,1772
k680,0.0,0.0,0.0,0.0,1.0,0.0102,0.0,0.0,0.0,0.927678014,1877
k2012,0.111111111,0.0,0.0,0.0,1.0,0.21487729,0.0,0.153846154,0.0,0.935842408,3024
k2792,0.0,0.0,0.0,0.0,1.0,0.0153,0.0,0.0,0.0,0.927678014,1879
k1599,0.0,0.0,0.0,0.0,1.0,0.0371,0.0,0.0,0.0,0.927678014,323
k959,0.0,0.0,0.0,0.0,1.0,0.0238,0.0,0.0,0.0,0.927678014,395
k1178,0.0,0.0,0.0,0.0,1.0,0.0453,0.0,0.0,0.0333,0.927678014,968
k3092,0.0,0.0,0.0,0.0,1.0,0.0535,0.0,0.153846154,0.0,0.927678014,2730
k2335,0.0,0.0,0.0,0.0,1.0,0.0852,0.192307692,0.0769,0.0,0.927678014,0
k1937,0.0,0.0,0.0909,0.0,1.0,0.0504,0.0,0.0,0.0,0.927678014,2079
k197,0.0,0.0,0.0,0.0,1.0,0.0233,0.0,0.0,0.0,0.927678014,2163
k1823,0.0,0.0,0.0,0.0,1.0,0.0217,0.0,0.0769,0.0,0.927678014,497
k1142,0.0,0.0,0.0,0.0,1.0,0.0373,0.0,0.0,0.0,0.927678014,3427
k2285,0.0,0.0,0.0,0.0,1.0,0.0448,0.0,0.0,0.0,0.927678014,2889
k794,0.0,0.0,0.0,0.0,1.0,0.0374,0.0,0.0769,0.0,0.927678014,417
k2409,0.0,0.0,0.0,0.0,1.0,0.0263,0.0,0.153846154,0.0,0.927678014,736
k1413,0.0,0.0156,0.0,0.0,1.0,0.0557,0.0,0.0,0.0,0.927678014,3021
k544,0.0,0.0,0.0,0.0,1.0,0.0659,0.0,0.153846154,0.0667,0.927678014,74
k1624,0.0,0.0,0.0,0.0,1.0,0.173704612,0.0,0.0769,0.0,0.985832676,1794
k4,0.0,0.0,0.0,0.0,1.0,0.0291,0.0,0.0,0.0,0.927678014,2199
k320,0.0,0.0,0.0,0.0,1.0,0.118205861,0.0,0.230769231,0.0,0.932830699,2469
k1685,0.0556,0.0,0.0909,0.0,0.37767074,0.0452,0.0,0.0769,0.0,0.927678014,2095
k2426,0.0,0.0,0.0,0.0,1.0,0.056,0.0,0.0,0.0,0.927678014,2885
k624,0.0,0.0,0.0,0.0,1.0,0.0246,0.0,0.230769231,0.0,0.927678014,2190
k3057,0.0,0.0,0.0,0.0,1.0,0.0102,0.0,0.0,0.0,0.927678014,2322
k369,0.0,0.0,0.0,0.0,1.0,0.0607,0.0,0.0769,0.0,0.927678014,2618
k1078,0.0,0.0,0.0,0.0,1.0,0.0,0.0,0.0,0.0,0.927678014,656
k3306,0.0,0.1,0.136363636,0.0,1.0,0.162417284,0.0,0.0,0.0333,0.927678014,338
k328,0.0,0.0,0.0,0.0,1.0,0.0897,0.153846154,0.0,0.0,0.927678014,252
k1731,0.0,0.00111,0.0,0.0,1.0,0.0575,0.0,0.0,0.0,0.927678014,2012
k3042,0.0,0.0,0.0455,0.0,1.0,0.07,0.0,0.0769,0.0,0.927678014,568
k1356,0.0,0.0,0.0,0.0,1.0,0.0719,0.0,0.0,0.0,0.927678014,2171
k3398,0.0,0.0,0.0,0.0,1.0,0.083,0.230769231,0.0,0.0,0.927678014,188
k2814,0.0,0.0,0.0,0.0,1.0,0.0256,0.0,0.0,0.0,0.927678014,353
k2993,0.0,0.0,0.0,0.0,1.0,0.0406,0.0,0.0769,0.0,0.927678014,2571
k3203,0.0,0.0,0.0,0.0,1.0,0.229782931,0.153846154,0.0769,0.0,0.896116535,3275
k3266,0.0,0.0,0.0,0.0,1.0,0.0864,0.0769,0.0,0.0,0.927678014,3214
k2992,0.0,0.0889,0.0,0.0,1.0,0.418081829,0.0,0.0,0.0,0.829275039,2495
k3378,0.0,0.0,0.0,0.0,1.0,0.0737,0.0,0.0,0.0,0.927678014,3004
k948,0.0,0.0,0.0,0.0,1.0,0.0523,0.0769,0.0,0.0,0.927678014,3391
k967,0.0,0.0,0.0455,0.0,1.0,0.0981,0.0385,0.0,0.0,0.927678014,1901
k222,0.0,0.0,0.0,0.0,0.131269211,0.0891,0.0,0.461538462,0.0,0.927678014,2002
k3356,0.0,0.0,0.0,0.0,1.0,0.0458,0.0,0.0769,0.0,0.927678014,3411
k427,0.0,0.0,0.0455,0.0,1.0,0.0207,0.0,0.0769,0.0,0.927678014,450
k2976,0.0556,0.0,0.0,0.166666667,1.0,0.092,0.0,0.0769,0.0333,0.854188222,1419
k1778,0.0,0.0989,0.0455,0.0,1.0,0.117631607,0.0,0.230769231,0.0,0.480418771,3200
k1933,0.0,0.0,0.0,0.0833,1.0,0.0437,0.0,0.0,0.0,0.927678014,2235
k1667,0.0,0.0633,0.0,0.75,1.0,0.195292602,0.0,0.384615385,0.0667,0.927678014,1758
k2858,0.0,0.0,0.0,0.0,1.0,0.03,0.0,0.0,0.0,0.927678014,906
k1651,0.0,0.0,0.0,0.0,1.0,0.0,0.0,0.0,0.0,0.927678014,2778
k1368,0.0,0.0,0.0,0.0,1.0,0.0302,0.0,0.0,0.0,0.927678014,408
k2080,0.0,0.0,0.0,0.333333333,1.0,0.0342,0.0385,0.153846154,0.0,0.927678014,2181
k464,0.0,0.0,0.0,0.0,1.0,0.116895192,0.0,0.0769,0.0,0.90394288,1224
k1424,0.0,0.0,0.0,0.0,1.0,0.0171,0.0,0.0,0.0333,0.927678014,3360
k2829,0.0,0.08,0.0,0.0,1.0,0.0428,0.0,0.0,0.0,0.927678014,2792
k401,0.0,0.0,0.0,0.0,1.0,0.0572,0.0385,0.0,0.0,0.927678014,313
k2849,0.0,0.0,0.0,0.0,1.0,0.0379,0.0,0.0,0.0,0.927678014,1782
k678,0.0,0.0289,0.136363636,0.0,1.0,0.100535319,0.0,0.0,0.0,0.927678014,1661
k3365,0.0,0.0,0.0,0.0,1.0,0.0293,0.0,0.0,0.0,0.927678014,2238
k1735,0.0,0.0,0.0,0.0,1.0,0.0338,0.0385,0.0769,0.0,0.927678014,1097
k3219,0.0,0.0,0.0,0.0,1.0,0.0366,0.0,0.0,0.0,0.927678014,2421
k2585,0.0,0.0,0.0,0.0,1.0,0.0987,0.153846154,0.0769,0.0,0.927678014,508
k2022,0.0,0.0,0.0,0.0,1.0,0.0266,0.0,0.0,0.0,0.927678014,3154
k662,0.0,0.0,0.0,0.0,1.0,0.0137,0.0,0.0769,0.0,0.927678014,1942
k927,0.0,0.0,0.0,0.0,1.0,0.0376,0.0,0.230769231,0.0,0.927678014,2470
k883,0.0,0.0,0.0,0.0,1.0,0.0383,0.0,0.0,0.0,0.927678014,1819
k673,0.111111111,0.0478,0.0909,0.0,1.0,0.235638434,0.0,0.0769,0.0333,0.718190106,1601
k2910,0.0,0.0,0.0,0.0,1.0,0.0813,0.0,0.0,0.0,0.927678014,2827
k1240,0.0,0.0,0.0,0.0,1.0,0.0838,0.0,0.0,0.0,0.927678014,2299
k2546,0.0,0.0,0.0,0.0,1.0,0.0256,0.0,0.0,0.0,0.927678014,594
k2463,0.0,0.0,0.0,0.0,1.0,0.0541,0.0,0.0,0.0,0.927678014,138
k2056,0.0,0.0,0.0,0.0,1.0,0.0246,0.0192,0.0769,0.0,0.927678014,1418
k1569,0.0,0.0,0.0,0.0,1.0,0.100970048,0.115384615,0.0,0.0,0.927678014,1937
k497,0.0,0.0,0.0909,0.0,1.0,0.0688,0.0,0.0769,0.0,0.927678014,615
k2140,0.111111111,0.0,0.0,0.166666667,1.0,0.506564076,0.0,0.230769231,0.0667,0.78510331,2503
k2957,0.0,0.0,0.0,0.0,1.0,0.185175247,0.0,0.0769,0.0,0.966850716,1249
k2021,0.0,0.0,0.0,0.0,1.0,0.0188,0.0,0.230769231,0.0,0.927678014,2228
k3059,0.0,0.0,0.0,0.0,1.0,0.19042823,0.0,0.0769,0.0,0.949159487,1053
k1920,0.0,0.0,0.0,0.0,1.0,0.0,0.0,0.0,0.0,0.927678014,229
k2496,0.0,0.0,0.0,0.0,1.0,0.0,0.0,0.0,0.0,0.927678014,2127
k2471,0.0,0.0,0.0,0.0,1.0,0.0671,0.0,0.0,0.0,0.927678014,1062
k566,0.0,0.0,0.0,0.0,1.0,0.0354,0.0,0.0769,0.0,0.927678014,2038
k3265,0.0,0.00667,0.0,0.0,1.0,0.00686,0.0,0.0769,0.0,0.927678014,191
k1806,0.111111111,0.0,0.0,0.0,1.0,0.170694027,0.0,0.0769,0.0,0.891578484,1629
k990,0.0,0.0,0.0455,0.0,1.0,0.0356,0.0,0.0,0.0,0.927678014,480
k2412,0.0,0.0,0.0,0.0,1.0,0.099,0.134615385,0.0,0.0,0.927678014,419
k229,0.0,0.0,0.0909,0.0,1.0,0.0984,0.0,0.0,0.0,0.927678014,733
k991,0.0,0.0,0.0,0.0,1.0,0.0,0.0,0.0,0.0,0.927678014,304
k1874,0.0,0.0,0.0,0.0,1.0,0.353950772,0.0,0.461538462,0.0,0.915262398,2239
k3048,0.0,0.0,0.0,0.0,1.0,0.0576,0.0,0.0,0.0,0.927678014,1865
k3336,0.0,0.0,0.0,0.0,1.0,0.0348,0.0769,0.0,0.0,0.927678014,2565
k3129,0.0,0.0,0.0,0.0,1.0,0.0,0.0,0.0,0.0,0.927678014,1421
k268,0.0,0.0,0.136363636,0.0,0.163449284,0.122328612,0.0,0.461538462,0.0333,0.927678014,130
k3224,0.0,0.00111,0.0,0.0,1.0,0.0653,0.0,0.0769,0.0,0.713467665,428
k3384,0.0,0.0,0.0,0.0,1.0,0.240036304,0.0385,0.230769231,0.0667,0.800018439,1733
k410,0.0,0.0,0.0,0.0,1.0,0.0392,0.0,0.0769,0.0,0.927678014,2387
k1347,0.0,0.0,0.0,0.0,1.0,0.0405,0.0,0.0769,0.0,0.927678014,1320
k3428,0.0,0.0,0.0,0.0,1.0,0.0746,0.0385,0.0,0.0,0.927678014,823
k475,0.0,0.0,0.0,0.0,1.0,0.246635554,0.0,0.0769,0.0,0.797385755,1761
k87,0.0,0.0,0.0,0.0,1.0,0.0315,0.0,0.0,0.0,0.927678014,1060
k2648,0.0,0.00111,0.0909,0.0,1.0,0.138139522,0.0,0.153846154,0.0,0.927678014,3093
k3085,0.0,0.00889,0.0,0.0833,1.0,0.147857959,0.0,0.153846154,0.0,0.927678014,25
k769,0.0,0.0,0.0,0.0,1.0,0.0333,0.0,0.153846154,0.0,0.927678014,170
k799,0.0,0.0,0.0,0.25,1.0,0.041,0.0,0.0769,0.0,0.927678014,339
k1640,0.0,0.0,0.181818182,0.0,1.0,0.119515255,0.0962,0.0769,0.0,0.927678014,65
k1771,0.0,0.0,0.0,0.0,1.0,0.0279,0.0,0.0,0.0,0.927678014,1618
k1500,0.0,0.0,0.0,0.0,1.0,0.253212063,0.0,0.230769231,0.0,0.876642867,3253
k1214,0.0,0.0,0.0,0.0,1.0,0.0137,0.0,0.153846154,0.0,0.927678014,1122
k1425,0.0,0.0,0.0,0.0,1.0,0.00362,0.0,0.0,0.0,0.927678014,1508
k132,0.0,0.0,0.0,0.0,1.0,0.0328,0.0,0.0,0.0,0.927678014,2614
k1418,0.0,0.0,0.0,0.0,1.0,0.0614,0.0,0.153846154,0.0,0.927678014,2250
k456,0.0,0.0,0.0,0.0,1.0,0.0118,0.0,0.0,0.0,0.927678014,3398
k335,0.0,0.0,0.0,0.0,1.0,0.0125,0.0,0.0,0.0,0.927678014,2492
k1084,0.0,0.0,0.0,0.0,1.0,0.00511,0.0,0.0,0.0,0.927678014,921
k977,0.0,0.0,0.0,0.0,1.0,0.0,0.0,0.0,0.0,0.927678014,385
k1791,0.0,0.0,0.0,0.0,1.0,0.0125,0.0,0.230769231,0.0,0.927678014,2684
k2083,0.0,0.00444,0.0,0.75,1.0,0.13064223,0.0,0.230769231,0.0667,0.927678014,769
k714,0.0,0.0,0.0,0.0,1.0,0.101709012,0.0,0.153846154,0.0,0.927678014,1801
k1090,0.0,0.0,0.0,0.166666667,1.0,0.0635,0.0769,0.0769,0.0,0.927678014,329
k1635,0.0,0.0,0.0,0.0,1.0,0.0325,0.0,0.0,0.0,0.927678014,3060
k448,0.0,0.0,0.0,0.0,1.0,0.0495,0.0,0.0769,0.0,0.927678014,3134
k3337,0.0,0.0,0.0455,0.0,1.0,0.0439,0.0,0.0,0.0,0.927678014,1425
k2169,0.0,0.0,0.0,0.0,1.0,0.0,0.0,0.0,0.0,0.927678014,689
k644,0.0556,0.0,0.0,0.0,1.0,0.247904354,0.0,0.153846154,0.0,0.954158514,1382
k2684,0.0,0.0,0.0,0.0,1.0,0.0319,0.0,0.0,0.0,0.927678014,1607
k1160,0.0,0.0,0.0,0.0,1.0,0.0159,0.0,0.0,0.0,0.927678014,2848
k1782,0.0,0.0,0.0909,0.0,1.0,0.0677,0.0,0.0769,0.0,0.927678014,742
k1357,0.0,0.0,0.0,0.0,1.0,0.0505,0.0,0.0,0.0333,0.927678014,109
k1277,0.0,0.0189,0.0,0.0,1.0,0.067,0.0,0.0,0.0,0.927678014,93
k2837,0.0,0.0,0.0,0.0,1.0,0.0637,0.0,0.0,0.0,0.927678014,1096
k3332,0.0,0.0,0.0,0.0,1.0,0.0,0.0,0.0,0.0,0.927678014,1057
k1592,0.0,0.0122,0.0,0.0,1.0,0.0102,0.0,0.0,0.0,0.927678014,534
k330,0.0,0.0,0.0,0.0,1.0,0.0836,0.0,0.0769,0.0,0.927678014,1478
k2520,0.0556,0.431111111,0.0,0.0,1.0,0.477982701,0.0,0.0,0.0,0.845204315,3402
k1878,0.0,0.0,0.0,0.0,1.0,0.0659,0.0,0.0,0.0,0.927678014,1948
k3282,0.0,0.0,0.0,0.0,1.0,0.0,0.0,0.0,0.0,0.927678014,927
k3126,0.0,0.0,0.0909,0.0,1.0,0.0785,0.0,0.0769,0.0,0.927678014,2401
k2385,0.0,0.0,0.0455,0.0,1.0,0.063,0.0,0.0,0.0,0.798819902,2795
k2402,0.0,0.0,0.0,0.0,1.0,0.0885,0.0,0.0,0.0,0.927678014,3393
k2632,0.0,0.0,0.0,0.0,1.0,0.0279,0.0,0.153846154,0.0,0.927678014,3319
k1493,0.0,0.0,0.0,0.0,1.0,0.0259,0.0,0.0,0.0,0.927678014,361
k2350,0.0,0.0,0.0,0.0,1.0,0.0697,0.0,0.0,0.0,0.927678014,850
k374,0.0,0.0,0.0,0.0,1.0,0.0499,0.0,0.0,0.0,0.927678014,3091
k3169,0.0,0.0,0.0,0.0,1.0,0.146949077,0.0,0.230769231,0.0,0.927678014,3418
k1838,0.0,0.0,0.0909,0.0,0.308700052,0.0784,0.0385,0.307692308,0.0,0.927678014,1232
k962,0.0,0.0,0.0455,0.0,1.0,0.0618,0.0,0.0,0.0,0.927678014,1274
k3062,0.0,0.0,0.0,0.0,1.0,0.0412,0.0,0.0769,0.0,0.927678014,2053
k2642,0.0556,0.0,0.0,0.0,1.0,0.103258883,0.0,0.0,0.0,0.852385294,1994
k1341,0.0,0.0,0.0,0.0,1.0,0.0291,0.0,0.0769,0.0,0.927678014,2704
k2822,0.0556,0.0,0.0,0.0,1.0,0.313049388,0.0,0.0769,0.0333,0.864821397,1217
k384,0.0,0.0,0.0455,0.0,1.0,0.0751,0.0,0.0,0.0,0.927678014,398
k224,0.0,0.0,0.0455,0.0,1.0,0.101373322,0.0,0.230769231,0.0667,0.927678014,16
k1808,0.0,0.0,0.0,0.0,1.0,0.031,0.0,0.0769,0.0,0.927678014,702
k1335,0.0,0.0,0.0,0.0,1.0,0.0543,0.0769,0.0,0.0,0.927678014,1956
k832,0.0,0.00556,0.181818182,0.0,1.0,0.0963,0.0,0.0,0.0,0.927678014,1427
k2908,0.0556,0.0,0.0,0.0,1.0,0.0661,0.0,0.0769,0.0,0.754166709,1538
k2120,0.0,0.0,0.0,0.0,1.0,0.0614,0.0,0.0769,0.0,0.927678014,855
k1987,0.0,0.0,0.0,0.0,0.264168978,0.0754,0.0,0.153846154,0.0,0.927678014,2650
k239,0.0,0.0,0.0,0.0,1.0,0.0197,0.0,0.0,0.0,0.927678014,311
k2178,0.0,0.0,0.0,0.0,1.0,0.0171,0.0192,0.0,0.0,0.927678014,1774
k1984,0.0,0.0,0.0,0.0,1.0,0.0,0.0,0.0,0.0,0.927678014,2388
k1354,0.0,0.0,0.0,0.0,1.0,0.0558,0.0,0.0769,0.0,0.927678014,1154
k604,0.0,0.0,0.0,0.0,1.0,0.0279,0.0,0.0,0.0,0.927678014,2810
k548,0.0,0.0,0.0,0.0,1.0,0.0,0.0,0.0,0.0,0.927678014,3428
k1668,0.0,0.0,0.0,0.0,1.0,0.0,0.0,0.0,0.0,0.927678014,1124
k1443,0.0,0.0,0.0,0.0,1.0,0.0,0.0,0.0,0.0,0.927678014,988
k3013,0.0,0.0478,0.0909,0.0,1.0,0.210574739,0.0,0.0,0.0333,0.71848718,949
k1395,0.111111111,0.0,0.0,0.0,1.0,0.134917258,0.0,0.0,0.0,0.893883363,3380
k888,0.0,0.0,0.0,0.0,1.0,0.0684,0.0,0.153846154,0.0,0.927678014,3365
k337,0.0,0.0,0.0,0.0,1.0,0.0767,0.0,0.0,0.0,0.927678014,1143
k2259,0.0,0.0,0.0,0.0,1.0,0.0617,0.0,0.0,0.0,0.927678014,876
k2645,0.0,0.0,0.0,0.0,1.0,0.111735723,0.0,0.0769,0.0,0.927678014,2556
k2625,0.0,0.0,0.0,0.0,1.0,0.267948212,0.0577,0.153846154,0.0,0.822032596,1433
k973,0.0,0.0,0.0,0.0,1.0,0.0715,0.0,0.0769,0.0,0.927678014,3076
k3180,0.0,0.0,0.0,0.0,1.0,0.271720183,0.384615385,0.0,0.0,0.927678014,3389
k2894,0.0,0.0,0.0,0.0,1.0,0.0555,0.0,0.0,0.0,0.927678014,2431
k2149,0.0,0.0,0.0,0.0,1.0,0.0224,0.0,0.0,0.0,0.927678014,1156
k415,0.0,0.0,0.0,0.0,1.0,0.0302,0.0,0.0769,0.0,0.927678014,841
k3017,0.0,0.0,0.0,0.0,1.0,0.17236217,0.0,0.230769231,0.0,0.948934121,2690
k432,0.0,0.0,0.0,0.0,1.0,0.299304158,0.0,0.0,0.0,0.967004374,3043
k2116,0.0,0.0,0.0,0.0,1.0,0.06,0.0,0.0,0.0,0.927678014,1372
k1273,0.0,0.0,0.0,0.0,1.0,0.0461,0.0,0.0769,0.0,0.927678014,2458
k1789,0.0,0.0,0.0,0.0,1.0,0.0325,0.0,0.0,0.0,0.927678014,2939
k82,0.0,0.0,0.0455,0.0,1.0,0.0409,0.0,0.0,0.0,0.927678014,1344
k1993,0.0,0.0,0.0909,0.0,1.0,0.1554324,0.0,0.230769231,0.0,0.827369672,1022
k2410,0.0,0.0,0.0,0.0,1.0,0.035,0.0,0.307692308,0.0,0.461569981,1184
k1897,0.0,0.0,0.0,0.0,1.0,0.0,0.0,0.0,0.0,0.927678014,3180
k2256,0.0,0.04,0.0,0.0,1.0,0.0242,0.0,0.0,0.0,0.927678014,717
k821,0.0,0.0,0.0,0.0,1.0,0.0595,0.0385,0.0,0.0,0.927678014,2866
k1896,0.0,0.00111,0.0,0.0,1.0,0.0409,0.0,0.0,0.0,0.927678014,1902
k889,0.0,0.0633,0.0,0.0,1.0,0.120693305,0.0,0.153846154,0.0,0.927678014,1977
k849,0.0,0.0,0.0,0.0,1.0,0.0479,0.0,0.0,0.0,0.927678014,2134
k96,0.0,0.0,0.181818182,0.0,1.0,0.0554,0.0,0.0,0.0,0.927678014,1127
k628,0.0,0.0,0.0,0.0,1.0,0.0209,0.0,0.0,0.0,0.927678014,765
k2701,0.0,0.0,0.0,0.0,0.345940475,0.086,0.0769,0.0769,0.0,0.927678014,249
k481,0.0,0.0,0.0,0.0,1.0,0.0302,0.0,0.0,0.0,0.927678014,1219
k312,0.0,0.0,0.0,0.0,1.0,0.166739175,0.0,0.0,0.0,0.927678014,1228
k1814,0.0,0.0,0.0,0.0,1.0,0.0338,0.0385,0.0769,0.0,0.927678014,1388
k1715,0.0,0.0,0.0,0.0,1.0,0.00626,0.0,0.0769,0.0,0.927678014,2261
k457,0.0,0.0,0.0,0.0,1.0,0.0175,0.0,0.153846154,0.0,0.927678014,2099
k2695,0.0,0.0,0.0,0.0,1.0,0.0583,0.0,0.0769,0.0,0.927678014,481
k1581,0.0,0.0,0.0,0.0,1.0,0.0793,0.0,0.0,0.0,0.927678014,1299
k380,0.0,0.0,0.0,0.0,1.0,0.0548,0.0,0.0,0.0,0.927678014,3028
k431,0.0,0.0,0.0,0.0,1.0,0.0541,0.0,0.153846154,0.0,0.927678014,2925
k2242,0.0,0.0,0.0,0.0,1.0,0.0433,0.0,0.0,0.0,0.927678014,575
k2757,0.0,0.0,0.181818182,0.0833,1.0,0.108684014,0.0,0.0769,0.0667,0.927678014,1511
k946,0.0,0.0,0.0,0.0,1.0,0.0495,0.0385,0.0,0.0,0.927678014,3349
k2159,0.0,0.0,0.0,0.0,1.0,0.0342,0.0,0.0,0.0,0.927678014,2865
k441,0.0,0.0,0.0,0.0,1.0,0.0514,0.0,0.0769,0.0,0.927678014,1114
k1159,0.0,0.0,0.0,0.0,1.0,0.0236,0.0,0.0,0.0,0.927678014,2110
k1077,0.0,0.0,0.0,0.0,1.0,0.0496,0.0,0.0769,0.0,0.927678014,2007
k2411,0.0,0.0,0.0,0.0,1.0,0.0517,0.0,0.0,0.0,0.927678014,681
k1976,0.0,0.0,0.0,0.0,1.0,0.0,0.0192,0.0,0.0,0.927678014,3113
k2268,0.0,0.0,0.0,0.0,1.0,0.211820161,0.0,0.230769231,0.0,0.966266813,879
k842,0.111111111,0.0,0.0,0.0,1.0,0.184779518,0.0,0.307692308,0.0,0.705723271,2551
k1316,0.0,0.0,0.0,0.0,1.0,0.110951915,0.173076923,0.0769,0.0,0.927678014,1058
k2556,0.0,0.0,0.0,0.0,1.0,0.0963,0.0385,0.0,0.0,0.929173624,3059
k1068,0.0,0.0,0.0,0.0,0.147481071,0.0903,0.0,0.230769231,0.0,0.927678014,1908
k2004,0.0,0.0,0.0,0.0,0.500206162,0.0748,0.0,0.461538462,0.0,0.927678014,2225
k1828,0.0,0.0,0.0,0.0,1.0,0.0435,0.0,0.0,0.0,0.927678014,2039
k2620,0.0,0.0,0.0,0.0,1.0,0.2202427,0.0,0.153846154,0.0,0.871889694,2773
k2572,0.0,0.0,0.0,0.0,0.21435265,0.0463,0.0,0.230769231,0.0,0.927678014,1444
k233,0.0,0.0,0.0,0.0,1.0,0.00511,0.0,0.0769,0.0,0.927678014,547
k1774,0.0,0.0,0.0,0.0,1.0,0.0354,0.0,0.0,0.0,0.927678014,1472
k893,0.0,0.0,0.0,0.0,1.0,0.0266,0.0,0.0,0.0,0.927678014,2994
k879,0.0556,0.0,0.0,0.0833,1.0,0.232067409,0.0,0.230769231,0.0,0.748419877,760
k2360,0.0,0.0,0.0,0.0,1.0,0.05,0.0769,0.0,0.0,0.927678014,179
k2540,0.0,0.00667,0.0,0.0,1.0,0.00686,0.0,0.0769,0.0,0.927678014,3105
k1442,0.0,0.0,0.0,0.0,1.0,0.0279,0.0,0.0769,0.0,0.927678014,3071
k3319,0.0,0.0,0.0,0.0,1.0,0.0531,0.0,0.153846154,0.0,0.927678014,815
k1232,0.0,0.0,0.0,0.0,1.0,0.0353,0.0,0.0769,0.0,0.927678014,2146
k1534,0.0,0.0,0.0,0.0,1.0,0.00626,0.0,0.0,0.0,0.927678014,3140
k290,0.0,0.0,0.0909,0.0,1.0,0.136616855,0.0,0.230769231,0.0,0.860006761,660
k2559,0.0,0.0,0.0,0.0,1.0,0.0125,0.0,0.0,0.0,0.927678014,2331
k1065,0.0,0.744444444,0.545454545,0.0,1.0,0.470179473,0.0,0.307692308,0.233333333,0.927678014,1374
k3274,0.0,0.0,0.0,0.0,1.0,0.0469,0.0,0.0,0.0,0.927678014,1789
k2548,0.0,0.0,0.0,0.0,1.0,0.174622952,0.0,0.230769231,0.0,0.857763345,2670
k1039,0.0,0.0,0.0,0.0,1.0,0.0262,0.0,0.0,0.0,0.927678014,854
k1552,0.0,0.0,0.0,0.0,1.0,0.0881,0.0,0.0769,0.0,0.927678014,2393
k2982,0.0,0.0,0.0,0.0,1.0,0.181151535,0.0385,0.230769231,0.0,0.875177988,901
k872,0.0,0.0,0.0,0.0,1.0,0.0328,0.0,0.0769,0.0,0.927678014,2384
k1900,0.0,0.0,0.0,0.0,1.0,0.0513,0.0577,0.0,0.0,0.927678014,1610
k1285,0.0,0.0,0.0909,0.0,0.30065972,0.0529,0.0,0.153846154,0.0,0.927678014,1040
k1728,0.0,0.0,0.0,0.0,1.0,0.0479,0.0,0.0,0.0,0.927678014,2957
k1226,0.0,0.0,0.0,0.0,1.0,0.0239,0.0,0.0,0.0,0.927678014,286
k553,0.0,0.00111,0.0909,0.0,1.0,0.0802,0.0,0.0,0.0,0.927678014,418
k1741,0.0,0.0,0.0,0.0,1.0,0.0158,0.0,0.0,0.0,0.927678014,1187
k3217,0.0,0.0,0.0,0.0,1.0,0.0434,0.0,0.0769,0.0,0.927678014,2494
k1561,0.0,0.0,0.0,0.0,1.0,0.021,0.0,0.0,0.0,0.927678014,1244
k1684,0.0,0.0,0.0,0.0,1.0,0.0,0.0,0.0,0.0,0.927678014,2610
k2593,0.0,0.0,0.0,0.0,0.249793838,0.033,0.0,0.230769231,0.0,0.927678014,797
k1526,0.388888889,0.0,0.0,0.0,1.0,0.123474889,0.0192,0.615384615,0.0,0.233847919,2279
k3096,0.0,0.0,0.0,0.0,1.0,0.21517143,0.0,0.0769,0.0,0.925690695,864
k672,0.0,0.0,0.0,0.0833,1.0,0.0769,0.0,0.0,0.3,0.927678014,1773
k249,0.0,0.0,0.0,0.0,1.0,0.160839678,0.0,0.0769,0.0,0.943863387,887
k3094,0.0,0.0,0.0455,0.0,1.0,0.0341,0.0,0.0,0.0,0.927678014,2559
k1258,0.0,0.241111111,0.0,0.0,1.0,0.438651909,0.0,0.0,0.0,0.883004333,1671
k2348,0.0,0.0,0.0,0.0,1.0,0.0402,0.0385,0.0,0.0,0.927678014,2718
k2249,0.0,0.0,0.0,0.0,1.0,0.0582,0.0385,0.0,0.0,0.927678014,539
k2175,0.0,0.0,0.0,0.0,1.0,0.0266,0.0,0.0,0.0,0.927678014,1351
k2406,0.0556,0.0,0.0455,0.0,0.280624485,0.0843,0.0,0.0769,0.0,0.927678014,2873
k3025,0.0,0.0,0.0,0.0,1.0,0.0577,0.0769,0.0769,0.0,0.927678014,11
k75,0.0,0.0,0.0455,0.0,1.0,0.0978,0.0,0.153846154,0.2,0.785748676,2850
k1287,0.0,0.0,0.0,0.0,1.0,0.045,0.0769,0.0,0.0,0.927678014,3307
k2574,0.0,0.0,0.0,0.0,0.339961766,0.0819,0.0,0.153846154,0.0,0.927678014,776
k3154,0.0,0.0,0.0,0.0,1.0,0.0266,0.0,0.0,0.0,0.927678014,515
k3015,0.0,0.0,0.0,0.0,1.0,0.0423,0.0,0.0769,0.0667,0.927678014,1439
k236,0.0,0.0,0.181818182,0.0,1.0,0.0505,0.0,0.153846154,0.0,0.927678014,3089
k1249,0.0,0.0,0.0,0.0,1.0,0.0511,0.0,0.0,0.0,0.927678014,589
k3189,0.0,0.0,0.0,0.0,1.0,0.0369,0.0,0.0,0.0,0.927678014,1904
k534,0.0556,0.0,0.0,0.0,1.0,0.0338,0.0192,0.307692308,0.0,0.420973376,476
k2490,0.0,0.0,0.0,0.0,1.0,0.06,0.0,0.0769,0.0,0.927678014,2948
k336,0.0,0.0,0.0,0.0,1.0,0.0524,0.0,0.0769,0.0,0.927678014,796
k1559,0.0,0.0,0.0,0.0,1.0,0.0177,0.0,0.0,0.0,0.927678014,3329
k586,0.0,0.0,0.0,0.0,1.0,0.0341,0.0385,0.0,0.0,0.927678014,433
k2699,0.0,0.0,0.0,0.0,1.0,0.0477,0.0385,0.0,0.0,0.927678014,2367
k1394,0.0,0.0,0.0,0.0,1.0,0.0177,0.0,0.0,0.0,0.927678014,2172
k2061,0.0,0.0,0.0,0.0,1.0,0.165283773,0.134615385,0.0,0.0,0.927678014,1010
k199,0.0,0.0,0.0,0.0,1.0,0.0583,0.0,0.0769,0.0,0.927678014,3056
k3007,0.0,0.0,0.0,0.0,1.0,0.0833,0.0,0.153846154,0.0,0.927678014,2567
k1631,0.0,0.0,0.0,0.0,1.0,0.0306,0.0,0.0769,0.133333333,0.927678014,866
k1935,0.0,0.0,0.0455,0.0,1.0,0.0608,0.0,0.230769231,0.0,0.458660712,90
k730,0.0,0.0,0.0,0.0,0.330515781,0.0926,0.0,0.153846154,0.0,0.927678014,1470
k945,0.0,0.0,0.0,0.0,1.0,0.0102,0.0,0.0,0.0,0.927678014,2537
k1091,0.0,0.0,0.0,0.0,1.0,0.046,0.0,0.0,0.0,0.927678014,2064
k1217,0.0,0.0,0.0,0.0,1.0,0.0432,0.0,0.0,0.0,0.927678014,2078
k455,0.0,0.0322,0.0455,0.0,1.0,0.0621,0.0,0.0,0.0333,0.927678014,3165
k2060,0.0,0.0,0.0,0.0,1.0,0.0214,0.0,0.0,0.0,0.927678014,3341
k301,0.0,0.0,0.0,0.0,1.0,0.113250314,0.0,0.0769,0.0,0.912168738,2926
k2176,0.0,0.0,0.0,0.0,1.0,0.0233,0.0,0.0,0.0,0.927678014,3052
k1776,0.0,0.0,0.0,0.0,1.0,0.0314,0.0,0.0769,0.0,0.927678014,1153
k1318,0.0,0.0,0.0,0.0,1.0,0.046,0.0,0.0769,0.0,0.927678014,3023
k1713,0.0,0.0,0.0,0.0,1.0,0.0123,0.0,0.0,0.0,0.927678014,2591
k1674,0.0,0.0,0.0909,0.0,0.313891596,0.0576,0.0,0.307692308,0.0,0.927678014,2227
k1768,0.0,0.00111,0.0455,0.0,1.0,0.191355177,0.0385,0.153846154,0.0,0.895399461,1294
k2635,0.0,0.0,0.0,0.0,1.0,0.0694,0.153846154,0.0,0.0,0.927678014,2033
k1300,0.0,0.0,0.0,0.0,1.0,0.0244,0.0,0.0769,0.0,0.927678014,3236
k2099,0.0,0.0,0.0455,0.0,1.0,0.0714,0.0,0.0769,0.0,0.927678014,213
k2514,0.0,0.0,0.0455,0.0,1.0,0.120351451,0.0,0.0,0.0,0.927678014,2905
k2968,0.0,0.0,0.0,0.0,1.0,0.0492,0.0,0.0,0.0,0.927678014,976
k386,0.111111111,0.0,0.181818182,0.166666667,1.0,0.104749776,0.0,0.0,0.266666667,0.695776437,917
k2913,0.0,0.0,0.0,0.0,1.0,0.0664,0.0,0.0,0.0,0.927678014,1024
k2870,0.0556,0.0,0.0,0.0,1.0,0.222373413,0.0,0.230769231,0.0,0.796945267,2648
k1105,0.0,0.0,0.0,0.0,1.0,0.0952,0.0,0.0,0.0,0.927678014,3107
k1969,0.0,0.0,0.0,0.0,1.0,0.00511,0.0,0.0,0.0,0.927678014,2769
k2106,0.0,0.0,0.0,0.0,1.0,0.0371,0.0,0.0,0.0,0.927678014,2616
k2367,0.0,0.0,0.0,0.0,1.0,0.0217,0.0769,0.0,0.0,0.927678014,2395
k1679,0.0,0.0,0.0,0.0,1.0,0.0211,0.0,0.0,0.0,0.927678014,2629
k437,0.0,0.0,0.0,0.0,1.0,0.00886,0.0,0.0,0.0,0.927678014,665
k3183,0.0,0.0,0.0,0.0,1.0,0.0235,0.0385,0.0,0.0,0.927678014,2468
k2323,0.0,0.0,0.0,0.0,1.0,0.0722,0.0,0.0769,0.0,0.927678014,1853
k1393,0.0,0.0,0.0,0.0,1.0,0.0133,0.0,0.0,0.0,0.927678014,2823
k699,0.0,0.0,0.0,0.0,1.0,0.0406,0.0,0.0769,0.0,0.927678014,1706
k2167,0.0,0.06,0.0,0.0,1.0,0.233427066,0.0,0.0769,0.0,0.920384351,545
k1365,0.0,0.0,0.0,0.0,1.0,0.0205,0.0,0.0,0.0,0.927678014,880
k2925,0.0,0.00444,0.0,0.0,1.0,0.189267713,0.0,0.0769,0.0,0.831395528,1500
k862,0.0,0.0,0.0,0.0,1.0,0.0682,0.0,0.0769,0.0,0.927678014,2612
k1402,0.0,0.0,0.0,0.0,1.0,0.0125,0.0,0.0,0.0,0.927678014,1996
k2945,0.0,0.0,0.0,0.0,1.0,0.0177,0.0,0.0,0.0,0.927678014,1409
k3273,0.0556,0.0,0.0,0.0,1.0,0.218215064,0.0,0.0769,0.0,0.836322847,380
k2650,0.0,0.0,0.0455,0.0,1.0,0.039,0.0,0.0,0.0,0.927678014,1829
k2010,0.0,0.0,0.0,0.0,1.0,0.0381,0.0,0.0,0.0,0.927678014,2898
k3022,0.0,0.0,0.0,0.0,1.0,0.0579,0.0385,0.0,0.0,0.927678014,1932
k21,0.0,0.0122,0.0,0.0,1.0,0.292961112,0.0,0.153846154,0.0,0.963439494,2519
k449,0.0,0.0,0.0,0.0,1.0,0.042,0.0192,0.0,0.0,0.927678014,828
k1208,0.0,0.0,0.0,0.166666667,1.0,0.0894,0.115384615,0.153846154,0.1,0.927678014,2531
k2369,0.0,0.0,0.0,0.0,1.0,0.115012288,0.153846154,0.0769,0.0,0.927678014,127
k2460,0.0,0.0,0.0,0.0,1.0,0.0624,0.0769,0.0,0.0,0.927678014,3041
k1532,0.0556,0.0,0.0,0.0,1.0,0.0826,0.0,0.0,0.0,0.801913562,616
k2201,0.0,0.0,0.0,0.0,1.0,0.0,0.0,0.0,0.0,0.927678014,3298
k413,0.0,0.0,0.0,0.0,1.0,0.0222,0.0,0.0,0.0,0.927678014,173
k1305,0.0,0.0,0.0909,0.0,1.0,0.0823,0.0385,0.0769,0.0667,0.927678014,2427
k2172,0.0,0.0,0.0,0.0,1.0,0.0707,0.0,0.153846154,0.0,0.927678014,2330
k688,0.0,0.0,0.0,0.0,1.0,0.0,0.0,0.0769,0.0,0.927678014,1070
k1421,0.0,0.0,0.0,0.0,1.0,0.125934173,0.115384615,0.153846154,0.1,0.927678014,863
k436,0.0,0.0,0.0,0.0,1.0,0.0231,0.0,0.0,0.0,0.927678014,969
k2157,0.0556,0.0,0.0,0.0,1.0,0.262083676,0.0,0.153846154,0.0,0.829223819,2699
k2561,0.0,0.0,0.181818182,0.0833,1.0,0.169166366,0.0,0.230769231,0.133333333,0.926131183,287
k6,0.0,0.0,0.0,0.0,0.290838893,0.092,0.0769,0.0769,0.0,0.927678014,2028
k1859,0.0,0.0,0.0,0.0,1.0,0.0188,0.0,0.0,0.0,0.927678014,2256
k615,0.0,0.0,0.0,0.0,1.0,0.22587526,0.153846154,0.0,0.0,0.802241367,1765
k3308,0.0,0.0,0.0,0.0,1.0,0.0222,0.0,0.0,0.0,0.927678014,3208
k1939,0.0,0.0,0.0,0.0,1.0,0.0,0.0,0.0,0.0,0.927678014,1111
k2499,0.0,0.0,0.0,0.0,1.0,0.0175,0.0,0.0,0.0,0.927678014,1238
k1511,0.0,0.0,0.0,0.0,1.0,0.0,0.0,0.0,0.0,0.927678014,1681
k810,0.0556,0.0,0.0909,0.416666667,1.0,0.20401672,0.0,0.230769231,0.133333333,0.625247134,22
k633,0.0,0.0,0.0,0.0,1.0,0.181432393,0.0,0.230769231,0.1,0.929122404,607
k383,0.0,0.0,0.0455,0.0,1.0,0.0593,0.0,0.0769,0.0,0.927678014,202
k1069,0.0,0.0,0.0,0.0,1.0,0.0898,0.0,0.0769,0.0,0.927678014,2354
k530,0.0,0.221111111,0.0,0.0833,1.0,0.431449608,0.0,0.0,0.6,0.928149233,1301
k760,0.0,0.0,0.0,0.0,1.0,0.0239,0.0,0.0769,0.0,0.927678014,2909
k882,0.0,0.0,0.0,0.0,1.0,0.0296,0.0,0.0,0.0,0.927678014,2408
k3163,0.0,0.0,0.0,0.0,1.0,0.00886,0.0,0.0769,0.0,0.927678014,320
k2523,0.0556,0.0,0.0,0.0,1.0,0.159096406,0.0,0.0,0.0,0.834755529,2184
k443,0.0,0.00667,0.181818182,0.0,1.0,0.134135256,0.0,0.0,0.0,0.927678014,1118
k2826,0.0,0.28,0.0,0.0,1.0,0.331498532,0.0,0.153846154,0.0,0.931816552,685
k2450,0.0,0.0,0.0,0.0,1.0,0.0793,0.0769,0.0,0.0,0.927678014,2815
k2097,0.0,0.0,0.0,0.0,1.0,0.0137,0.0,0.0,0.0,0.927678014,872
k1662,0.0,0.0,0.0,0.0,1.0,0.0308,0.0,0.0,0.0,0.927678014,577
k1455,0.0,0.00111,0.0,0.0,1.0,0.0868,0.0,0.153846154,0.2,0.927678014,171
k2185,0.0,0.0,0.0,0.0,0.131063048,0.0861,0.0,0.230769231,0.0,0.927678014,867
k2447,0.0,0.0,0.136363636,0.0,1.0,0.065,0.0,0.153846154,0.0,0.927678014,1695
k1672,0.0,0.0,0.0,0.0,1.0,0.027,0.0,0.0,0.0,0.927678014,2357
k2375,0.0,0.0,0.0,0.0,1.0,0.0666,0.0,0.153846154,0.0,0.927678014,124
k974,0.0,0.0,0.0455,0.0833,1.0,0.0902,0.0,0.0769,0.0,0.927678014,678
k1051,0.0,0.0667,0.0,0.0,1.0,0.0752,0.0,0.0,0.0,0.927678014,1216
k3295,0.0,0.0,0.0,0.0,1.0,0.0603,0.0,0.0,0.0,0.927678014,1645
k827,0.0,0.0,0.0,0.0,1.0,0.0382,0.0,0.0769,0.0,0.927678014,49
k1283,0.0,0.0,0.0,0.0,1.0,0.0438,0.0,0.0769,0.0,0.927678014,2663
k1275,0.0,0.0,0.0,0.0,1.0,0.0274,0.0,0.153846154,0.0,0.927678014,2428
k1986,0.0,0.0,0.0,0.0,1.0,0.075,0.0,0.230769231,0.1,0.927678014,570
k1254,0.0,0.0,0.0,0.0,1.0,0.0198,0.0385,0.0,0.0,0.927678014,309
k783,0.0,0.0,0.0,0.0,1.0,0.0485,0.0385,0.0769,0.0667,0.927678014,1310
k3349,0.0,0.0,0.0,0.0,1.0,0.298119306,0.0769,0.230769231,0.0,0.938526311,3133
k1373,0.0,0.0,0.0,0.0,1.0,0.0,0.0,0.0,0.0,0.927678014,2255
k2961,0.0,0.0,0.0,0.0,0.150367344,0.083,0.0,0.230769231,0.0333,0.927678014,1290
k2253,0.0,0.0,0.0,0.0,1.0,0.0,0.0,0.0,0.0,0.927678014,490
k2866,0.0,0.0,0.0,0.0,1.0,0.0504,0.0769,0.0,0.0,0.927678014,675
k682,0.0,0.0,0.0,0.0,1.0,0.0,0.0,0.0,0.0,0.927678014,1471
k393,0.0,0.0,0.0,0.0,1.0,0.0544,0.115384615,0.0,0.0,0.927678014,2377
k2550,0.0556,0.0,0.0,0.0,1.0,0.253924992,0.0,0.0,0.0,0.673362767,2501
k1170,0.0,0.0,0.0,0.0,1.0,0.0663,0.0,0.0,0.0,0.927678014,3318
k2981,0.0,0.0,0.0,0.0833,1.0,0.0502,0.0,0.0769,0.0333,0.927678014,177
k471,0.0556,0.0,0.0,0.0,1.0,0.161145189,0.0,0.153846154,0.0667,0.867116033,2692
k1508,0.0,0.0,0.0,0.0,1.0,0.0177,0.0,0.0,0.0,0.927678014,2714
k1657,0.0,0.0,0.0,0.0,1.0,0.0307,0.0,0.0769,0.0,0.927678014,932
k1328,0.0,0.0,0.0,0.0,1.0,0.0207,0.0,0.0,0.0,0.927678014,2459
k2250,0.0,0.0,0.0,0.0,1.0,0.0294,0.0,0.0,0.0,0.927678014,666
k3404,0.0,0.132222222,0.272727273,0.0,0.129020166,0.163320746,0.0,0.461538462,0.0667,0.927678014,1207
k2547,0.0,0.0,0.0455,0.0,1.0,0.0771,0.0,0.153846154,0.0,0.927678014,2259
k445,0.0,0.0,0.0,0.0,1.0,0.0614,0.0,0.0769,0.0,0.927678014,870
k2387,0.0,0.0,0.0,0.0,1.0,0.0212,0.0,0.0,0.0,0.927678014,1254
k3312,0.0,0.0,0.318181818,0.0,0.232851038,0.093,0.0385,0.307692308,0.0,0.927678014,818
k394,0.0,0.0,0.0,0.0,1.0,0.0474,0.0769,0.0,0.0,0.927678014,2205
k66,0.0,0.0,0.0,0.0,1.0,0.0,0.0,0.0,0.0,0.927678014,1195
k653,0.0,0.0,0.0,0.0,1.0,0.0,0.0,0.0,0.0,0.927678014,1180
k493,0.0,0.0,0.0,0.0,1.0,0.0679,0.0,0.0,0.0,0.927678014,1504
k3367,0.0,0.0,0.0,0.0,1.0,0.0708,0.0,0.153846154,0.0,0.927678014,1943
k3030,0.0,0.0,0.0,0.0,1.0,0.0,0.0,0.0,0.0,0.927678014,1578
k1626,0.0,0.0,0.0,0.0,1.0,0.019,0.0,0.0,0.0,0.927678014,3285
k1801,0.0,0.0,0.272727273,0.0,0.163468026,0.111322353,0.0,0.538461538,0.0667,0.927678014,1377
k2464,0.0,0.0,0.0,0.0,1.0,0.101345056,0.153846154,0.0769,0.0,0.927678014,2477
k261,0.0,0.0,0.0,0.0,1.0,0.0733,0.0,0.0,0.0,0.927678014,1069
k863,0.0,0.0,0.0,0.0,1.0,0.0227,0.0,0.0,0.0,0.927678014,459
k2210,0.0,0.0,0.0,0.0,1.0,0.0359,0.0385,0.0769,0.0,0.927678014,3322
k1687,0.0,0.0,0.0,0.0,1.0,0.0233,0.0,0.153846154,0.133333333,0.927678014,1534
k315,0.0,0.0,0.0,0.0,1.0,0.200199693,0.0,0.230769231,0.0,0.870291644,1242
k100,0.0,0.0,0.0,0.0,1.0,0.023,0.0,0.0,0.0,0.927678014,564
k2103,0.0,0.0,0.0,0.333333333,1.0,0.0334,0.0,0.0769,0.133333333,0.927678014,1090
k2644,0.0,0.0,0.0,0.0,1.0,0.0448,0.0,0.0,0.0,0.927678014,952
k747,0.0,0.0,0.0,0.0,1.0,0.0652,0.0,0.0,0.0,0.877226769,1835
k2529,0.0,0.0,0.0,0.0,1.0,0.0158,0.0,0.0,0.0,0.927678014,504
k2058,0.0,0.0,0.0,0.0,0.236130894,0.0945,0.0385,0.0769,0.0,0.927678014,2150
k3251,0.0,0.0,0.0,0.0,1.0,0.024,0.0,0.0769,0.0,0.927678014,2066
k819,0.0,0.0,0.0,0.0,1.0,0.0483,0.0,0.153846154,0.0,0.927678014,1677
k877,0.0,0.0,0.0,0.0,1.0,0.0,0.0,0.0769,0.0,0.927678014,3421
k1018,0.0,0.0,0.0909,0.0,1.0,0.0177,0.0,0.0,0.0,0.927678014,3240
k3067,0.0,0.0,0.0,0.0,1.0,0.0197,0.0,0.0769,0.0,0.927678014,2368
k2269,0.0,0.0,0.0,0.0,1.0,0.0299,0.0,0.0,0.0,0.927678014,1367
k250,0.0,0.0,0.0455,0.0,1.0,0.0553,0.0192,0.0,0.0,0.927678014,529
k550,0.0,0.0,0.0,0.0,1.0,0.125824508,0.0,0.0769,0.0,0.930956064,2972
k545,0.0,0.0,0.0,0.0,1.0,0.141418744,0.0,0.307692308,0.0,0.886016042,2382
k2955,0.0,0.0,0.0,0.0,1.0,0.0177,0.0,0.0,0.0,0.927678014,1340
k2144,0.0,0.0,0.0455,0.0,1.0,0.0279,0.0,0.0769,0.0,0.927678014,588
k2515,0.0,0.0,0.0,0.0,1.0,0.175659351,0.0,0.0,0.0,0.927678014,2262
k2726,0.0,0.0,0.0,0.0,1.0,0.028,0.0385,0.0,0.0,0.927678014,3119
k109,0.0,0.0111,0.0,0.0,1.0,0.00886,0.0,0.0769,0.0,0.927678014,222
k1279,0.0,0.0,0.0,0.0,1.0,0.025,0.0769,0.0,0.0,0.927678014,2447
k3188,0.0,0.0,0.0,0.0,1.0,0.0443,0.0769,0.0,0.0,0.927678014,1839
k1750,0.0,0.0,0.0,0.0,1.0,0.036,0.0,0.0,0.0,0.927678014,2100
k2161,0.0,0.0,0.0,0.0,1.0,0.0708,0.153846154,0.0,0.0,0.927678014,1701
k2070,0.0,0.0,0.0455,0.0,1.0,0.0637,0.0,0.0,0.0,0.927678014,185
k2584,0.0,0.0,0.0,0.25,1.0,0.0835,0.0,0.0,0.533333333,0.927678014,302
k1820,0.0,0.0,0.0455,0.0,1.0,0.0481,0.0,0.0,0.0,0.927678014,662
k2605,0.0,0.0,0.0,0.0,1.0,0.0157,0.0,0.0,0.0,0.927678014,272
k2772,0.0,0.0,0.0,0.0,1.0,0.0307,0.0,0.153846154,0.0,0.927678014,1456
k1060,0.0,0.0,0.0,0.0,1.0,0.112956492,0.0,0.461538462,0.0,0.598305658,1830
k1996,0.0,0.0,0.0,0.0,1.0,0.0,0.0,0.0,0.0,0.927678014,2260
k1644,0.0,0.0,0.0,0.0,1.0,0.0177,0.0,0.0,0.0,0.927678014,295
k1088,0.0,0.0,0.0,0.0,1.0,0.0188,0.0,0.0769,0.0667,0.927678014,2074
k853,0.0,0.0,0.0,0.0,1.0,0.025,0.0769,0.0,0.0,0.927678014,2311
k3066,0.0,0.0,0.0,0.0,1.0,0.0378,0.0,0.0769,0.0,0.927678014,1905
k2138,0.0,0.0,0.0909,0.0,1.0,0.0375,0.0,0.0769,0.0,0.927678014,1462
k2714,0.0,0.0,0.0,0.0,1.0,0.0192,0.0,0.0,0.0,0.927678014,1353
k2510,0.0,0.0,0.0,0.0,1.0,0.00886,0.0,0.0769,0.0,0.927678014,3170
k1058,0.0,0.0,0.0,0.0,1.0,0.0386,0.0,0.0,0.0,0.927678014,47
k2779,0.0,0.0,0.0,0.0,1.0,0.0056,0.0,0.0769,0.0,0.927678014,2042
k2673,0.0,0.00333,0.0,0.0,1.0,0.138332924,0.0,0.0,0.0,0.830862844,2245
k2511,0.0,0.0,0.0,0.25,0.157939126,0.0664,0.0385,0.230769231,0.0333,0.927678014,1268
k1811,0.0,0.0,0.0,0.0,1.0,0.0242,0.0,0.0,0.0,0.927678014,1071
k1615,0.0,0.0,0.0,0.0,1.0,0.0188,0.0,0.0,0.0,0.927678014,973
k3259,0.0,0.0,0.0,0.0,1.0,0.0522,0.0,0.153846154,0.0,0.927678014,813
k1403,0.0,0.0,0.0,0.0,1.0,0.195740508,0.0,0.461538462,0.0,0.829664307,1483
k3213,0.0,0.0,0.0,0.0,1.0,0.0153,0.0,0.0769,0.0,0.927678014,3234
k3342,0.0,0.0,0.0,0.0,1.0,0.0511,0.0,0.0,0.0,0.927678014,1887
k1073,0.0,0.0,0.0,0.0,1.0,0.199338949,0.0,0.307692308,0.0,0.914780934,114
k3018,0.0,0.0,0.0455,0.0,1.0,0.199740735,0.0385,0.461538462,0.0,0.455413393,1741
k61,0.0,0.0,0.0,0.0,1.0,0.0412,0.0769,0.0769,0.0,0.927678014,1476
k726,0.0,0.0,0.0,0.0,0.33889347,0.0613,0.0,0.153846154,0.0,0.927678014,2642
k2147,0.0,0.0,0.0,0.0,1.0,0.0143,0.0,0.0,0.0,0.927678014,116
k869,0.0,0.0,0.0455,0.0,1.0,0.0542,0.0,0.0,0.0,0.927678014,2962
k88,0.0,0.0,0.0,0.0,1.0,0.0542,0.0385,0.0769,0.0,0.927678014,1565
k1739,0.0,0.0,0.0,0.25,0.230583252,0.0432,0.0,0.230769231,0.0,0.927678014,1754
k83,0.0,0.0,0.0,0.0,1.0,0.0112,0.0,0.153846154,0.0,0.927678014,2557
k988,0.0,0.0,0.0,0.0,1.0,0.0318,0.0,0.0,0.0,0.927678014,2835
k289,0.0,0.0,0.0,0.0,1.0,0.0215,0.0,0.0769,0.0,0.927678014,2059
k758,0.0,0.0,0.0,0.0,1.0,0.0489,0.0,0.0,0.0,0.927678014,2346
k2687,0.0,0.0822,0.0,0.0,1.0,0.185733137,0.0,0.230769231,0.0,0.89531751,1585
k1353,0.0,0.0,0.0,0.0,1.0,0.593295718,0.0,0.923076923,0.0,0.90389166,1893
k1531,0.0,0.0,0.0,0.0,1.0,0.0946,0.0,0.230769231,0.133333333,0.581556869,861
k2429,0.0,0.0,0.0,0.666666667,1.0,0.0605,0.0,0.230769231,0.133333333,0.647158852,1451
k3239,0.0,0.0,0.0,0.0,1.0,0.0388,0.0,0.153846154,0.133333333,0.927678014,2126
k2107,0.0,0.0,0.0,0.0,1.0,0.0226,0.0,0.0,0.0,0.927678014,3005
k2838,0.0,0.0,0.0,0.0,1.0,0.0579,0.0,0.0,0.0,0.927678014,2887
k33,0.0,0.0,0.0,0.0,1.0,0.0382,0.0,0.0,0.0,0.927678014,64
k2736,0.0,0.0,0.0,0.0,1.0,0.0874,0.0,0.0769,0.0,0.927678014,3249
k1537,0.0,0.0,0.0,0.0,1.0,0.00686,0.0,0.0769,0.0667,0.927678014,369
k1453,0.0,0.0,0.0455,0.0,1.0,0.0409,0.0,0.0,0.0,0.927678014,826
k1098,0.0,0.0,0.0,0.0,1.0,0.074,0.0,0.0769,0.0,0.927678014,1389
k540,0.0556,0.0,0.0,0.0,1.0,0.254015742,0.0,0.153846154,0.0,0.916829716,3008
k349,0.0,0.0,0.0,0.0,1.0,0.0543,0.0,0.0769,0.0,0.927678014,1489
k2631,0.0,0.0,0.0,0.0,1.0,0.0631,0.0,0.0,0.0,0.927678014,2532
k1172,0.0,0.0,0.0,0.0,1.0,0.0439,0.0385,0.0,0.0,0.927678014,1131
k2719,0.0,0.0,0.0,0.0,1.0,0.0432,0.115384615,0.0,0.0,0.927678014,693
k1623,0.0,0.0,0.0,0.0,1.0,0.0097,0.0,0.230769231,0.0,0.927678014,1767
k1483,0.0,0.0,0.0,0.0,1.0,0.0427,0.0769,0.0,0.0,0.927678014,1467
k134,0.0,0.0,0.0,0.0,1.0,0.133775869,0.384615385,0.0,0.0,0.927678014,2981
k2855,0.0,0.0,0.0,0.0,1.0,0.0137,0.0,0.0,0.0667,0.927678014,1406
k404,0.0,0.0,0.0,0.333333333,1.0,0.100693441,0.0,0.0,0.466666667,0.72907938,3403
k3060,0.0,0.0,0.0,0.0,1.0,0.0274,0.0,0.153846154,0.0,0.927678014,1981
k1917,0.0,0.0,0.0,0.0,1.0,0.149681674,0.0,0.0769,0.0,1.0,3123
k1666,0.0,0.0,0.0909,0.0,0.373978559,0.0578,0.0,0.0769,0.0,0.927678014,1966
k1844,0.0,0.0,0.181818182,0.0,1.0,0.134775288,0.0,0.0769,0.0,0.927678014,2210
k937,0.0,0.0,0.0,0.0,1.0,0.0234,0.0,0.0,0.0,0.927678014,2818
k1506,0.0,0.0,0.0,0.0,1.0,0.0592,0.0,0.0,0.0,0.927678014,1259
k2623,0.0,0.0,0.0,0.0,0.233544494,0.143781539,0.0,0.307692308,0.0,0.927678014,2035
k73,0.0,0.0,0.0,0.0,1.0,0.0734,0.0192,0.0,0.0,0.927678014,2433
k2237,0.0,0.0,0.0,0.0,1.0,0.123306353,0.0,0.153846154,0.0,0.879009209,2201
k120,0.222222222,0.0,0.0,0.0,1.0,0.309657313,0.423076923,0.0769,0.0,0.786855018,3179
k1124,0.0,0.0,0.0,0.0,1.0,0.0419,0.0,0.0,0.0,0.927678014,1193
k1370,0.0,0.0,0.0,0.0,1.0,0.0328,0.0,0.0769,0.0,0.927678014,1510
k639,0.0,0.0,0.0,0.0,1.0,0.0615,0.0,0.0769,0.0,0.927678014,3097
k2882,0.0,0.0,0.0,0.0,1.0,0.0,0.0,0.0,0.0,0.927678014,2878
k156,0.0,0.0,0.0,0.0,1.0,0.0171,0.0,0.0,0.0,0.927678014,3281
k1346,0.0,0.0,0.0,0.0,1.0,0.0445,0.0,0.0,0.0,0.927678014,103
k1267,0.0,0.0,0.0,0.0,1.0,0.0437,0.0,0.0,0.0333,0.927678014,3248
k1138,0.0556,0.0,0.0,0.0,1.0,0.169329058,0.0,0.153846154,0.0,0.776754525,1827
k2221,0.0,0.0,0.0,0.0,1.0,0.0,0.0,0.0769,0.0,0.927678014,1808
k2265,0.0,0.0,0.0,0.0,1.0,0.0,0.0,0.0769,0.0,0.927678014,331
k408,0.0,0.0,0.0,0.0,1.0,0.186098369,0.0,0.0769,0.0,0.926971184,1023
k1701,0.0,0.02,0.0,0.0,1.0,0.0409,0.0,0.0,0.0,0.927678014,2335
k2820,0.0,0.0,0.0,0.0,1.0,0.0388,0.0,0.0769,0.266666667,0.605517369,210
k3175,0.0,0.0,0.0455,0.0,1.0,0.0423,0.0,0.0769,0.133333333,0.927678014,540
k3430,0.0,0.236666667,0.0,0.0,1.0,0.435685105,0.0,0.0,0.0,0.93136582,3172
k2243,0.0,0.0,0.0,0.0,1.0,0.0268,0.0,0.0,0.0,0.927678014,1861
k2308,0.111111111,0.0,0.0,0.0,1.0,0.240364768,0.0,0.230769231,0.0,0.941568752,832
k329,0.0,0.0,0.0,0.0,1.0,0.127046977,0.0,0.0769,0.0,0.849476024,1818
k300,0.0,0.0,0.0,0.0,1.0,0.0137,0.0,0.153846154,0.0,0.927678014,1975
k657,0.0,0.0,0.0,0.0,1.0,0.019,0.0,0.0,0.0,0.927678014,150
k1366,0.0,0.0,0.0,0.0,1.0,0.0214,0.0,0.0,0.0,0.927678014,2337
k3317,0.111111111,0.0,0.0455,0.0,1.0,0.124680887,0.0,0.153846154,0.0,0.732060357,2392
k1128,0.0,0.0,0.0,0.0,1.0,0.0242,0.0,0.0,0.0,0.927678014,3363
k1902,0.0,0.0,0.0,0.0,1.0,0.0229,0.0,0.0,0.0,0.927678014,2949
k2273,0.0,0.0,0.0,0.0,1.0,0.0218,0.0,0.0,0.0,0.927678014,2950
k2646,0.0,0.0,0.0,0.0,1.0,0.0,0.0,0.0,0.0,0.927678014,1170
k2136,0.0,0.0,0.0,0.0,1.0,0.154589614,0.0,0.230769231,0.0,0.92184923,543
k2365,0.0,0.0,0.0,0.0,1.0,0.0217,0.0,0.0,0.0,0.927678014,293
k2057,0.0,0.0,0.0,0.0,1.0,0.0204,0.0,0.0,0.0,0.927678014,2921
k3284,0.0,0.0,0.0,0.0,1.0,0.0485,0.0,0.0,0.0,0.927678014,2017
k926,0.0,0.0,0.0,0.0,1.0,0.0,0.0,0.0,0.0,0.927678014,1335
k651,0.0,0.0,0.0,0.0,1.0,0.0262,0.0577,0.0,0.0,0.927678014,3331
k3058,0.0,0.0,0.0,0.0,1.0,0.0298,0.0,0.153846154,0.0,0.927678014,532
k1796,0.0,0.0,0.0455,0.0,1.0,0.0348,0.0,0.0769,0.0,0.927678014,2777
k3292,0.0,0.0,0.0,0.0,1.0,0.00614,0.0,0.0,0.0,0.927678014,354
k2948,0.0,0.0,0.0,0.0,1.0,0.271468973,0.384615385,0.0,0.0,0.927678014,550
k3133,0.0,0.0,0.0,0.0,1.0,0.0212,0.0,0.0,0.0,0.927678014,546
k3264,0.0,0.0,0.0,0.0,1.0,0.0767,0.0769,0.0769,0.0,0.927678014,2045
k3327,0.0,0.0,0.227272727,0.0,1.0,0.104797277,0.0,0.153846154,0.2,0.927678014,1371
k1420,0.0,0.0233,0.0,0.0,1.0,0.0,0.0,0.0,0.0,0.927678014,2502
k139,0.0,0.0,0.0,0.0,1.0,0.416286593,0.0,0.615384615,0.0,0.890246776,1588
k2086,0.0,0.0,0.0,0.0,1.0,0.0696,0.0,0.0,0.0,0.927678014,509
k1883,0.0,0.0,0.0,0.0,1.0,0.0328,0.0,0.0,0.0,0.927678014,1889
k2502,0.0,0.0,0.0,0.0,1.0,0.0421,0.0,0.0,0.0,0.927678014,98
k2799,0.0,0.0,0.0,0.0,1.0,0.0649,0.153846154,0.0,0.0,0.927678014,197
k2809,0.0,0.0,0.0909,0.0,1.0,0.0307,0.0,0.0,0.2,0.927678014,3205
k1083,0.0,0.0,0.0,0.0,1.0,0.0306,0.0,0.0769,0.133333333,0.927678014,1121
k2456,0.0,0.0,0.0,0.0,1.0,0.0668,0.0,0.0,0.0,0.927678014,587
k1661,0.0556,0.0,0.0,0.0,1.0,0.215226369,0.0,0.0769,0.0,0.876315062,2204
k1688,0.0,0.0,0.0,0.0,1.0,0.0125,0.0385,0.0,0.0,0.927678014,1959
k2897,0.0,0.0,0.0,0.0,1.0,0.0256,0.0,0.0,0.0,0.927678014,1742
k892,0.0,0.0,0.0909,0.0,1.0,0.0253,0.0,0.153846154,0.0,0.927678014,2132
k2396,0.0,0.0,0.0909,0.0,1.0,0.176644318,0.192307692,0.0769,0.0,0.927678014,642
k2963,0.0,0.0,0.0,0.0,1.0,0.0213,0.0,0.0769,0.0,0.927678014,1311
k1087,0.0,0.0,0.0,0.0,1.0,0.0,0.0,0.0,0.0,0.927678014,2918
k130,0.0,0.0,0.0909,0.0,1.0,0.0637,0.0,0.0,0.0,0.927678014,1499
k581,0.0,0.0,0.0,0.0,1.0,0.00792,0.0,0.0,0.0,0.927678014,2546
k1521,0.0,0.0,0.0,0.0,1.0,0.171325877,0.0,0.230769231,0.0,0.928446307,556
k721,0.0,0.0,0.0,0.0,1.0,0.0855,0.0,0.230769231,0.0,0.927678014,2213
k1618,0.0,0.0,0.0,0.0,1.0,0.0317,0.0,0.0769,0.0,0.927678014,2398
k423,0.0,0.0,0.0,0.0,0.202657621,0.0407,0.0,0.230769231,0.0,0.927678014,2114
k1682,0.0,0.0,0.0,0.0,1.0,0.0158,0.0,0.0,0.0,0.927678014,1032
k1533,0.0,0.00556,0.0,0.0,1.0,0.00886,0.0,0.0769,0.0,0.927678014,1325
k2174,0.0,0.0,0.0,0.0,1.0,0.00723,0.0,0.0769,0.0,0.927678014,1674
k2671,0.0,0.0,0.0909,0.0,1.0,0.0597,0.0,0.0769,0.233333333,0.927678014,2681
k1237,0.0,0.0,0.0,0.0,1.0,0.0153,0.0,0.0769,0.0,0.927678014,316
k2334,0.0,0.0,0.0,0.0,1.0,0.124034798,0.0962,0.153846154,0.0,0.927678014,639
k1189,0.0,0.0,0.0,0.0,1.0,0.0329,0.0,0.0,0.0,0.927678014,101
k2953,0.0,0.0,0.0,0.0,1.0,0.0296,0.0,0.153846154,0.0,0.927678014,294
k46,0.0,0.0,0.0,0.0,1.0,0.0193,0.0,0.153846154,0.133333333,0.927678014,129
k960,0.0,0.0122,0.0455,0.0,1.0,0.0558,0.0,0.0,0.0,0.927678014,456
k419,0.0,0.0,0.0,0.0,1.0,0.0194,0.0,0.0,0.0,0.927678014,2472
k894,0.0,0.0,0.0,0.0,1.0,0.0672,0.0,0.0769,0.1,0.927678014,1188
k3326,0.0,0.0,0.0,0.25,1.0,0.106445123,0.0,0.0769,0.3,0.691094971,1738
k3318,0.0,0.0,0.0,0.166666667,1.0,0.02,0.0,0.153846154,0.0333,0.927678014,2919
k777,0.0,0.0,0.0,0.0,1.0,0.0909,0.0,0.0,0.0,0.927678014,814
k552,0.0,0.0,0.227272727,0.0,1.0,0.0725,0.0,0.153846154,0.0,0.927678014,1168
k942,0.0,0.0,0.0,0.0,1.0,0.183903897,0.0,0.230769231,0.0,0.937378994,2273
k971,0.0,0.0,0.0,0.0,1.0,0.07,0.0769,0.0,0.0,0.927678014,2157
k2433,0.0,0.0,0.0,0.0,1.0,0.138498165,0.0,0.0769,0.0,0.88472531,663
k126,0.0,0.0,0.0,0.0,1.0,0.0177,0.0,0.0,0.0,0.927678014,332
k2152,0.0,0.0,0.0909,0.0,1.0,0.0874,0.0,0.0,0.0,0.927678014,2516
k2659,0.0,0.0,0.0,0.0,1.0,0.0374,0.0,0.0,0.0,0.927678014,382
k1747,0.0,0.0,0.0,0.0,1.0,0.0534,0.0385,0.0769,0.0,0.927678014,158
k2803,0.0,0.315555556,0.0,0.0,1.0,0.175577421,0.0,0.153846154,0.0,0.927678014,274
k3049,0.0,0.0,0.0,0.0,1.0,0.0289,0.0,0.0,0.0,0.927678014,1873
k3385,0.0,0.0,0.0,0.0,1.0,0.0386,0.0,0.0769,0.0667,0.927678014,1088
k3419,0.0,0.0,0.0,0.0,1.0,0.0177,0.0,0.153846154,0.0,0.927678014,2959
k1143,0.0,0.0,0.0,0.0,1.0,0.0495,0.0577,0.230769231,0.0,0.473053401,926
k2685,0.0,0.0,0.0,0.0,1.0,0.0388,0.0,0.0,0.0,0.927678014,725
k634,0.0,0.0,0.0909,0.0,1.0,0.0595,0.0,0.230769231,0.133333333,0.493029021,2697
k3207,0.0,0.0,0.0,0.0,0.296873829,0.0782,0.0,0.153846154,0.0,0.927678014,1736
k2566,0.0,0.0,0.0,0.0,1.0,0.0618,0.0,0.0,0.0,0.927678014,933
k56,0.0,0.0111,0.136363636,0.0,1.0,0.10347917,0.0,0.0,0.0,0.927678014,2068
k411,0.166666667,0.0,0.0,0.0833,1.0,0.254943539,0.0,0.0,0.1,0.724797427,975
k2316,0.0,0.0,0.0,0.0,1.0,0.0125,0.0,0.0,0.0,0.927678014,1923
k969,0.0,0.25,0.0,0.0,1.0,0.169844016,0.0,0.0769,0.0,0.955971686,3225
k965,0.0,0.0,0.0,0.0,1.0,0.057,0.0385,0.0,0.0,0.927678014,1550
k2628,0.0,0.0,0.0,0.166666667,1.0,0.117445112,0.0,0.0769,0.3,0.927678014,2130
k649,0.0,0.0,0.0,0.0,1.0,0.0,0.0,0.0,0.0,0.927678014,2173
k3348,0.0,0.0,0.0,0.0,1.0,0.0137,0.0,0.0,0.0,0.927678014,2159
k2543,0.0,0.0,0.0,0.0,1.0,0.0494,0.0385,0.230769231,0.0,0.480797796,1626
k3014,0.0,0.0,0.0,0.0,1.0,0.0,0.0,0.0,0.0,0.927678014,2484
k3186,0.0,0.0,0.0,0.0,1.0,0.0266,0.0,0.0,0.0,0.927678014,3178
k2026,0.0,0.0,0.0,0.0,0.311248969,0.0713,0.0,0.0769,0.0,0.927678014,110
k3371,0.0,0.0,0.0909,0.0,1.0,0.0239,0.0,0.0769,0.0,0.927678014,2734
k3418,0.0,0.0,0.0,0.0,1.0,0.00511,0.0,0.0,0.0,0.927678014,1669
k2381,0.0,0.0,0.0,0.0,1.0,0.0428,0.0,0.0,0.0,0.927678014,3209
k1788,0.0,0.0,0.0,0.0,1.0,0.0183,0.0,0.0769,0.0,0.927678014,2174
k910,0.0,0.0,0.0,0.0,1.0,0.0911,0.0,0.153846154,0.0,0.927678014,3420
k3212,0.0,0.00111,0.0,0.0,1.0,0.0226,0.0,0.0,0.0,0.927678014,3047
k1983,0.0,0.0,0.0,0.0,1.0,0.0314,0.0,0.0,0.0,0.927678014,498
k1745,0.0,0.0,0.0,0.0,1.0,0.167566233,0.0,0.307692308,0.0,0.759790615,3216
k2197,0.166666667,0.04,0.136363636,0.0833,0.312898268,0.313766781,0.0,0.307692308,0.133333333,0.819440888,414
k146,0.0,0.0,0.0,0.0,1.0,0.0293,0.0,0.153846154,0.0,0.927678014,686
k839,0.0,0.0,0.0,0.0,1.0,0.0,0.0,0.0,0.0,0.927678014,3316
k1446,0.0,0.0,0.0,0.0,1.0,0.110958184,0.0,0.153846154,0.0,0.927678014,200
k2958,0.0,0.0,0.0,0.0,1.0,0.0251,0.0,0.0,0.0,0.927678014,1970
k1536,0.0,0.0,0.0,0.0,1.0,0.0,0.0,0.0,0.0,0.927678014,389
k1313,0.0,0.0,0.0,0.0,1.0,0.0151,0.0,0.0769,0.0,0.927678014,2872
k2356,0.0,0.0,0.0,0.0,1.0,0.0279,0.0,0.0,0.0,0.927678014,731
k3376,0.0,0.0,0.0,0.0,1.0,0.038,0.0,0.0,0.0,0.927678014,1077
k1738,0.0,0.0,0.0,0.0,1.0,0.0445,0.0,0.0,0.0,0.927678014,1073
k1845,0.0,0.0,0.0,0.166666667,1.0,0.0484,0.0,0.153846154,0.0333,0.927678014,3061
k1439,0.0,0.0,0.0,0.0,1.0,0.0371,0.0,0.0,0.0,0.927678014,1957
k2395,0.0,0.0,0.0,0.0,1.0,0.207977099,0.0,0.307692308,0.0,0.895594095,1240
k1056,0.0,0.0,0.0,0.0,1.0,0.0205,0.0,0.0,0.0,0.927678014,2194
k1308,0.0,0.0,0.0455,0.0,1.0,0.0336,0.0,0.0,0.0,0.927678014,2444
k1638,0.0,0.0,0.0,0.0,1.0,0.0645,0.0,0.0769,0.0,0.927678014,2941
k166,0.0,0.0,0.0455,0.0,1.0,0.0779,0.0,0.0,0.0,0.927678014,2463
k704,0.0,0.0,0.0,0.0,1.0,0.0756,0.153846154,0.0769,0.0,0.927678014,54
k2332,0.0,0.0,0.0,0.0,1.0,0.0185,0.0,0.0,0.0,0.927678014,1582
k3181,0.0,0.0,0.0,0.0,1.0,0.0242,0.0,0.0,0.0,0.927678014,1936
k2720,0.0,0.0,0.0,0.0,1.0,0.0143,0.0,0.0,0.0,0.927678014,687
k2694,0.0,0.0,0.0,0.0,1.0,0.06,0.0,0.0769,0.0,0.927678014,1317
k372,0.0,0.0,0.0,0.0,1.0,0.181800494,0.0,0.0769,0.0,0.958799004,1080
k807,0.0,0.0,0.0,0.0,1.0,0.0145,0.0,0.0,0.0,0.927678014,2733
k2521,0.0,0.0,0.0,0.0,1.0,0.0402,0.0769,0.0,0.0,0.927678014,3345
k2914,0.0,0.0,0.0909,0.0,0.287427843,0.0537,0.0,0.153846154,0.0,0.927678014,1129
k727,0.0,0.0,0.0,0.0,1.0,0.0473,0.0769,0.0,0.0,0.927678014,1152
k2093,0.0,0.0,0.0,0.0,1.0,0.0242,0.0,0.0,0.0,0.927678014,708
k2245,0.0,0.0,0.0,0.0,1.0,0.0577,0.0385,0.0769,0.0,0.927678014,1221
k2865,0.0,0.0,0.0,0.0,1.0,0.0443,0.0385,0.0,0.0,0.927678014,1034
k3086,0.0,0.0,0.0,0.0,1.0,0.113481758,0.0,0.0,0.0,0.821131132,2804
k140,0.0,0.0,0.227272727,0.0,1.0,0.0299,0.0,0.0769,0.2,0.927678014,1897
k2492,0.0,0.0,0.0,0.0,1.0,0.0995,0.0,0.0,0.0,0.927678014,2212
k2422,0.0,0.0,0.0455,0.0,1.0,0.0459,0.0,0.0,0.0,0.927678014,2702
k2142,0.0,0.0,0.0,0.0,1.0,0.0528,0.0,0.0769,0.0,0.927678014,2600
k3268,0.111111111,0.0,0.0,0.0,1.0,0.259365638,0.0,0.0,0.0,0.883905797,1477
k2812,0.0,0.0,0.0,0.0,1.0,0.171277846,0.0,0.307692308,0.0,0.940790215,2137
k2311,0.0,0.00111,0.0,0.0,1.0,0.0,0.0,0.0,0.0,0.927678014,2162
k2824,0.0,0.0,0.0,0.0,1.0,0.00886,0.0,0.0769,0.0,0.927678014,2091
k2725,0.0,0.0,0.0,0.0,1.0,0.00767,0.0,0.0,0.0,0.927678014,581
k204,0.0,0.0,0.0,0.0,1.0,0.0313,0.0,0.0,0.0,0.927678014,3022
k577,0.0,0.0,0.0,0.0,1.0,0.024,0.0,0.0769,0.0,0.927678014,1246
k3229,0.0,0.0,0.0,0.0,1.0,0.127577344,0.115384615,0.0,0.0,0.927678014,763
k2974,0.0,0.0,0.0,0.0,1.0,0.0473,0.0385,0.0,0.0,0.927678014,2934
k487,0.0,0.0,0.0909,0.0,0.443642702,0.0902,0.0,0.230769231,0.0,0.927678014,936
k115,0.0,0.137777778,0.0,0.0,1.0,0.0,0.0,0.0,0.0,0.927678014,440
k2366,0.0,0.0,0.0,0.0,1.0,0.0483,0.0,0.0,0.0,0.927678014,1074
k1247,0.0,0.0,0.0,0.0,1.0,0.0393,0.0577,0.230769231,0.0,0.482180723,889
k667,0.0,0.00222,0.0,0.0,1.0,0.0884,0.0,0.0769,0.0,0.927678014,203
k1008,0.0,0.0,0.0909,0.0,1.0,0.111817122,0.0,0.0769,0.0,0.927678014,1688
k1970,0.0,0.0,0.0,0.0,1.0,0.0433,0.0,0.0,0.0,0.927678014,2376
k603,0.222222222,0.0,0.0,0.0,1.0,0.310268548,0.0,0.0,0.0,0.677624233,591
k1269,0.0,0.0,0.0,0.0,1.0,0.0349,0.0,0.0769,0.0,0.927678014,1771
k2833,0.0,0.0,0.0,0.0,1.0,0.00511,0.0,0.0,0.0,0.927678014,2416
k116,0.0,0.0333,0.0,0.0,1.0,0.284105757,0.0,0.0769,0.0,0.968786814,3118
k966,0.0,0.0,0.0,0.166666667,1.0,0.173796637,0.0,0.230769231,0.0,0.843257972,2318
k1202,0.0,0.0,0.0,0.0,1.0,0.0231,0.0,0.0,0.0,0.927678014,134
k1045,0.0,0.0,0.0455,0.0,1.0,0.0231,0.0,0.0769,0.0,0.927678014,466
k2451,0.0,0.0,0.136363636,0.0,1.0,0.0645,0.0385,0.0769,0.0,0.927678014,2293
k3197,0.0,0.0,0.272727273,0.0,0.049,0.146585652,0.0,0.692307692,0.0333,0.927678014,3229
k3000,0.0,0.0156,0.0455,0.0,1.0,0.0808,0.0,0.0,0.0,0.927678014,317
k2507,0.0,0.0,0.0,0.0,1.0,0.0367,0.0,0.0,0.0,0.927678014,1592
k2203,0.0,0.0,0.0,0.0,1.0,0.0624,0.0,0.0,0.0,0.927678014,208
k2129,0.0,0.0,0.0,0.0,1.0,0.045,0.0385,0.0769,0.0,0.927678014,655
k3288,0.0,0.0,0.0,0.0,1.0,0.244467223,0.0,0.0769,0.0,0.956248271,842
k171,0.0,0.0,0.0,0.0,1.0,0.0152,0.0,0.153846154,0.0,0.927678014,2598
k786,0.0,0.0,0.0,0.0,1.0,0.0,0.0,0.0,0.0,0.927678014,3364
k203,0.0,0.0,0.0909,0.0833,1.0,0.0593,0.0,0.0769,0.233333333,0.927678014,2303
k551,0.0,0.0,0.0,0.0,1.0,0.250201372,0.0577,0.153846154,0.0,0.818621375,2752
k536,0.0,0.0,0.0,0.0,1.0,0.0506,0.0,0.0,0.0,0.927678014,3377
k373,0.0,0.0,0.0455,0.0,1.0,0.0481,0.0,0.0,0.0,0.927678014,228
k480,0.0,0.0,0.0,0.0,1.0,0.0659,0.0,0.0769,0.0,0.927678014,1691
k3166,0.0,0.0,0.0,0.0,1.0,0.0214,0.0385,0.0,0.0,0.927678014,68
k3204,0.0,0.04,0.636363636,0.25,0.000206,0.210773985,0.0,1.0,0.0333,0.927678014,2309
k2216,0.0,0.0,0.0,0.0,1.0,0.0524,0.0,0.0769,0.0,0.927678014,3254
k2682,0.0,0.0,0.0,0.0,1.0,0.041,0.0,0.0769,0.0,0.927678014,415
k85,0.0,0.0,0.0,0.0,1.0,0.0294,0.0,0.0,0.0,0.927678014,531
k3431,0.0,0.0,0.0,0.0,1.0,0.0262,0.0385,0.0,0.0,0.927678014,3201
k3324,0.0,0.0,0.0,0.166666667,1.0,0.0341,0.0,0.0,0.0,0.927678014,1934
k1040,0.0,0.0,0.0,0.0,1.0,0.0137,0.0,0.0,0.0,0.927678014,1658
k1873,0.0,0.0,0.0,0.0,1.0,0.0214,0.0,0.0,0.0,0.927678014,2576
k3301,0.0,0.0,0.0,0.0,1.0,0.0867,0.0,0.0,0.0,0.970210717,198
k3422,0.0,0.0,0.0,0.0,1.0,0.0254,0.0,0.0,0.0,0.927678014,3036
k49,0.0,0.0,0.0,0.0,1.0,0.0,0.0,0.0769,0.0,0.927678014,998
k864,0.0,0.0,0.0909,0.0,0.253204888,0.0854,0.0385,0.153846154,0.0,0.927678014,318
k318,0.0,0.00333,0.0,0.0,1.0,0.0137,0.0,0.0,0.0,0.927678014,1081
k905,0.0,0.0,0.0,0.0,1.0,0.0,0.0192,0.0,0.0,0.927678014,12
k2915,0.0,0.0,0.0,0.0,1.0,0.0198,0.0,0.0769,0.0,0.927678014,738
k3055,0.0,0.466666667,0.318181818,0.25,1.0,0.145503027,0.0,0.230769231,0.366666667,0.927678014,2785
k897,0.0,0.0,0.0455,0.0,1.0,0.0832,0.0,0.0,0.0,0.927678014,2448
k1223,0.0,0.0,0.0,0.0,1.0,0.0402,0.0769,0.0,0.0,0.927678014,3309
k101,0.0,0.0,0.0,0.0,1.0,0.0158,0.0,0.0769,0.0,0.927678014,484
k3383,0.0,0.0,0.0,0.0,1.0,0.0867,0.0,0.0,0.0,0.927678014,977
k1852,0.0,0.00222,0.0,0.0,1.0,0.112275548,0.0,0.0769,0.0,0.927678014,1064
k618,0.0,0.0,0.0,0.0,1.0,0.0276,0.0,0.0769,0.0,0.927678014,1298
k2852,0.0,0.0,0.0,0.0833,1.0,0.0611,0.0,0.0,0.0,0.927678014,33
k968,0.0,0.0,0.0,0.0,1.0,0.0,0.0,0.0,0.0,0.927678014,618
k631,0.0,0.0,0.0,0.0,1.0,0.0915,0.0769,0.0,0.0,0.927678014,122
k1376,0.0,0.0,0.0,0.0,1.0,0.0713,0.0,0.0,0.0,0.945471681,1277
k2264,0.0,0.0,0.0,0.0,1.0,0.00686,0.0,0.0769,0.0,0.927678014,168
k2283,0.0,0.0,0.0,0.0,1.0,0.0598,0.0385,0.0769,0.0667,0.927678014,1110
k2979,0.0,0.0,0.0909,0.0,1.0,0.0414,0.0,0.0,0.0,0.927678014,1881
k1881,0.0,0.0,0.0,0.0,1.0,0.0753,0.0,0.0,0.0,0.927678014,1623
k3310,0.0,0.0,0.0,0.0,1.0,0.0151,0.0,0.0769,0.0,0.927678014,3335
k1139,0.0,0.0,0.0,0.0,1.0,0.093,0.0,0.0,0.0,0.927678014,133
k677,0.0,0.0,0.0,0.0,1.0,0.0682,0.0,0.153846154,0.0,0.927678014,1430
k645,0.0,0.0,0.0,0.0,1.0,0.0592,0.0,0.153846154,0.0,0.927678014,1821
k2983,0.0,0.0,0.272727273,0.0,0.0641,0.146694148,0.0,0.692307692,0.0333,0.927678014,2527
k2971,0.0,0.0,0.0,0.0,1.0,0.0214,0.0,0.0,0.0,0.927678014,3297
k696,0.0,0.0,0.0,0.0,1.0,0.0333,0.0,0.0769,0.0,0.927678014,558
k1807,0.0,0.0,0.0,0.0,1.0,0.021,0.0,0.0,0.0,0.927678014,676
k1711,0.0,0.0,0.0,0.0,1.0,0.0,0.0,0.0,0.0,0.927678014,1455
k357,0.0,0.0,0.0,0.0,1.0,0.0619,0.0769,0.0769,0.0667,0.927678014,3379
k1600,0.0,0.0,0.0,0.0,1.0,0.0409,0.0,0.0,0.0,0.927678014,1157
k2342,0.0,0.0,0.181818182,0.0,1.0,0.0601,0.0,0.0,0.0,0.927678014,1649
k1627,0.0,0.0,0.0,0.0,0.313048205,0.0749,0.0,0.0769,0.0,0.927678014,2288
k2756,0.0,0.0,0.0,0.0,1.0,0.0227,0.0385,0.0,0.0,0.927678014,3258
k1909,0.0,0.06,0.0,0.0,1.0,0.161961727,0.0,0.0,0.0,0.927678014,1300
k2301,0.0,0.0,0.0,0.0,1.0,0.174885638,0.0,0.230769231,0.1,0.926418013,2287
k348,0.0,0.0,0.0,0.0,1.0,0.025,0.0,0.0769,0.0,0.927678014,2660
k1451,0.0,0.0,0.0,0.0,1.0,0.0,0.0,0.0,0.0,0.927678014,1395
k2000,0.0,0.0,0.0,0.0,1.0,0.0606,0.0,0.0,0.0,0.927678014,167
k1173,0.0,0.0,0.0,0.0,1.0,0.0485,0.0,0.0769,0.0,0.927678014,410
k2954,0.0,0.0,0.0,0.0,1.0,0.0439,0.0,0.0769,0.0,0.927678014,387
k613,0.0,0.0,0.0,0.0,1.0,0.0512,0.0,0.153846154,0.133333333,0.927678014,3151
k2505,0.0,0.0,0.0,0.0,1.0,0.027,0.0,0.0,0.0,0.927678014,3317
k2096,0.0,0.0,0.0,0.0,1.0,0.0866,0.0192,0.0769,0.0,0.927678014,782
k1815,0.0,0.0,0.0,0.0,1.0,0.0551,0.0,0.0769,0.0,0.927678014,1898
k1892,0.0,0.0,0.0,0.0,1.0,0.0398,0.0,0.0769,0.0,0.927678014,125
k3330,0.0,0.0,0.0,0.0,1.0,0.00886,0.0,0.0,0.0,0.927678014,1737
k1134,0.0,0.141111111,0.0909,0.0,1.0,0.0961,0.0,0.0,0.0,0.927678014,2292
k1020,0.0,0.0,0.0,0.0,1.0,0.0432,0.0385,0.230769231,0.0,0.487118286,448
k515,0.0,0.0,0.0909,0.0,1.0,0.059,0.0,0.153846154,0.0,0.927678014,239
k766,0.0,0.0,0.0,0.0,1.0,0.0235,0.0,0.0,0.0,0.927678014,1806
k825,0.0,0.0,0.0,0.0,0.173776145,0.0588,0.0,0.307692308,0.0,0.927678014,2413
k2473,0.0,0.0,0.0,0.0,1.0,0.0,0.0192,0.0,0.0,0.927678014,2234
k3280,0.0,0.0,0.0,0.0,1.0,0.155404983,0.0,0.230769231,0.0,0.928200453,719
k1322,0.0,0.0,0.0,0.0,1.0,0.033,0.0,0.0,0.0,0.927678014,3030
k2575,0.0,0.0,0.0,0.0,1.0,0.0236,0.0,0.0,0.0,0.927678014,370
k390,0.0,0.0,0.0909,0.0,1.0,0.223934867,0.0,0.153846154,0.0333,0.868437497,2021
k1043,0.0,0.0,0.0,0.0,1.0,0.0322,0.0,0.0,0.0333,0.927678014,471
k585,0.0,0.0867,0.0,0.0,1.0,0.0125,0.0,0.0,0.0,0.927678014,2457
k1877,0.0556,0.0656,0.136363636,0.0,1.0,0.397351501,0.0,0.230769231,0.0,0.72622133,2512
k2863,0.0556,0.0,0.0,0.0,1.0,0.165843045,0.0,0.230769231,0.0,0.98316926,2008
k2498,0.0,0.0,0.0,0.0,1.0,0.0056,0.0,0.0769,0.0,0.927678014,1139
k2532,0.0,0.0,0.0,0.0,0.309281056,0.0795,0.0,0.0769,0.0,0.927678014,149
k3032,0.0,0.0,0.0,0.0,1.0,0.0274,0.0,0.230769231,0.0,0.927678014,1303
k1702,0.0,0.0,0.0,0.0,1.0,0.00686,0.0,0.0769,0.0667,0.927678014,3243
k543,0.0,0.0,0.0,0.0,1.0,0.0682,0.0,0.0769,0.0,0.927678014,314
k218,0.0,0.0,0.0455,0.0833,1.0,0.0328,0.0,0.0,0.0,0.927678014,2971
k1677,0.0,0.0,0.0,0.0,1.0,0.0434,0.0,0.0,0.0,0.927678014,3090
k2679,0.0,0.0,0.0,0.0,1.0,0.0,0.0,0.0,0.0,0.927678014,653
k1478,0.0,0.0,0.0,0.0,1.0,0.0864,0.0385,0.0769,0.0,0.927678014,2869
k2557,0.0,0.0,0.0,0.0,1.0,0.169030241,0.0,0.307692308,0.0,0.899415073,1165
k510,0.0,0.0,0.0909,0.0,1.0,0.0735,0.230769231,0.0,0.0,0.927678014,2124
k273,0.0556,0.0,0.0,0.0,1.0,0.279448282,0.0,0.0,0.0,0.91429947,3384
k2662,0.0,0.0,0.0,0.0,1.0,0.0197,0.0,0.0769,0.0,0.927678014,29
k2122,0.0,0.0,0.0,0.0,1.0,0.0214,0.0,0.0769,0.0,0.927678014,189
k1818,0.0,0.0,0.0,0.0,1.0,0.0212,0.0,0.0,0.0,0.927678014,2452
k1290,0.0,0.0,0.0455,0.0,1.0,0.033,0.0,0.0769,0.0,0.927678014,3187
k620,0.0556,0.446666667,0.0,0.0,1.0,0.482218199,0.0,0.0,0.0,0.846505291,2048
k2383,0.0,0.0,0.0,0.0,1.0,0.0198,0.0,0.0,0.0,0.927678014,652
k288,0.0,0.0,0.0,0.0,1.0,0.0988,0.211538462,0.0,0.0,0.927678014,1871
k3205,0.0,0.0,0.0,0.0,1.0,0.0253,0.0,0.0,0.0,0.927678014,2678
k1794,0.0,0.0,0.0,0.0,1.0,0.0256,0.0,0.0,0.0,0.927678014,1402
k1334,0.0,0.158888889,0.0455,0.0,1.0,0.117631607,0.0,0.230769231,0.0,0.480306088,2623
k2454,0.0,0.0,0.0,0.0,1.0,0.0688,0.0,0.0,0.0,0.927678014,1286
k3421,0.0,0.0,0.0,0.0,1.0,0.0,0.0,0.0,0.0,0.927678014,1486
k2094,0.0,0.0,0.0909,0.0,1.0,0.0461,0.0,0.0769,0.1,0.927678014,2946
k925,0.0,0.00111,0.0,0.0,0.0108,0.153374584,0.0,0.923076923,0.0,0.927678014,1656
k418,0.0,0.0,0.0,0.0,1.0,0.0534,0.0385,0.0,0.0,0.927678014,2313
k1108,0.0,0.0,0.0,0.0,1.0,0.0603,0.0,0.0769,0.0,0.927678014,2032
k2598,0.0,0.0,0.0,0.0,1.0,0.0354,0.0,0.0,0.0,0.927678014,1750
k397,0.0,0.0,0.0,0.0,1.0,0.0287,0.0,0.0769,0.0,0.927678014,2316
k2370,0.0,0.0189,0.0,0.0,1.0,0.0125,0.0,0.0,0.0,0.927678014,1802
k1476,0.0,0.0,0.0,0.333333333,1.0,0.0452,0.0,0.0769,0.133333333,0.927678014,2812
k3272,0.0,0.00111,0.0,0.0,1.0,0.0267,0.0,0.0,0.0,0.927678014,1757
k646,0.0,0.0,0.0,0.0,1.0,0.0711,0.0,0.0,0.0,0.927678014,1305
k1250,0.0,0.0,0.0,0.0,0.141202489,0.0881,0.0,0.230769231,0.0,0.927678014,1387
k2637,0.0,0.112222222,0.272727273,0.0,0.0775,0.255571139,0.0769,0.923076923,0.0667,0.927678014,651
k617,0.0,0.0,0.0,0.0,1.0,0.0153,0.0,0.0769,0.0,0.927678014,2966
k29,0.0,0.0,0.0,0.0,1.0,0.0,0.0,0.0,0.0,0.927678014,485
k2564,0.0,0.0,0.0,0.0,1.0,0.0614,0.0,0.0,0.0,0.927678014,2680
k1104,0.0,0.0,0.0,0.0,1.0,0.0,0.0,0.0,0.0,0.927678014,788
k1886,0.0,0.00222,0.0,0.0,1.0,0.0187,0.0,0.0,0.0,0.927678014,2333
k2238,0.0,0.0,0.0,0.0,1.0,0.114183318,0.0,0.0,0.0,0.927678014,1328
k2747,0.0,0.0,0.181818182,0.0,1.0,0.229084878,0.0,0.153846154,0.1,0.864380909,451
k163,0.0,0.0,0.0,0.166666667,1.0,0.033,0.0,0.0769,0.0,0.927678014,2129
k231,0.0,0.0,0.0,0.0,1.0,0.00686,0.0,0.0769,0.0667,0.927678014,1731
k2089,0.0,0.0,0.227272727,0.0,1.0,0.0489,0.0,0.153846154,0.0,0.927678014,746
k3415,0.0,0.0,0.0455,0.0,1.0,0.0405,0.0,0.0,0.0,0.927678014,1269
k76,0.0,0.0,0.0,0.0,1.0,0.0664,0.0,0.0,0.0,0.927678014,2808
k1321,0.0,0.0,0.0,0.0,1.0,0.0496,0.0,0.0769,0.0,0.927678014,1307
k1348,0.0,0.0,0.0,0.0,1.0,0.0728,0.0,0.0769,0.0,0.927678014,1809
k994,0.0,0.0,0.0,0.0,0.337750206,0.0518,0.0,0.230769231,0.0,0.927678014,3006
k676,0.0,0.0,0.0,0.0,1.0,0.0273,0.0,0.0769,0.0,0.927678014,2644
k2143,0.0,0.0,0.0,0.0,1.0,0.103317647,0.0,0.0,0.0,0.963326811,426
k1429,0.0,0.00111,0.0909,0.0833,1.0,0.094,0.0769,0.0769,0.1,0.927678014,2006
k3271,0.0,0.00556,0.0,0.0,1.0,0.058,0.0,0.0,0.0,0.927678014,2881
k1567,0.0556,0.0,0.0455,0.0,1.0,0.0572,0.0,0.384615385,0.0667,0.367500179,3085
k1932,0.0,0.00556,0.136363636,0.0,1.0,0.135284721,0.134615385,0.0769,0.0,0.927678014,2896
k136,0.0,0.0,0.0,0.0,1.0,0.0471,0.0385,0.0769,0.0,0.927678014,2754
k1352,0.0,0.0,0.0,0.0,1.0,0.0125,0.0,0.153846154,0.0,0.927678014,3293
k172,0.0,0.0,0.0,0.0,1.0,0.0739,0.0,0.0,0.0,0.927678014,2070
k1680,0.0,0.00111,0.0,0.0,1.0,0.0391,0.0,0.0,0.0,0.927678014,2986
k35,0.0,0.0,0.0,0.0,1.0,0.025,0.0,0.0,0.0,0.927678014,142
k1961,0.0,0.0267,0.5,0.333333333,0.0302,0.203328656,0.0,0.923076923,0.0333,0.927678014,2149
k282,0.0,0.0,0.0,0.0,1.0,0.0618,0.0,0.0,0.0,0.927678014,1028
k3140,0.0556,0.0,0.0,0.0,1.0,0.238736581,0.0,0.153846154,0.0,0.953799977,2178
k2516,0.0556,0.0,0.0,0.0,1.0,0.0759,0.0,0.0,0.0,0.83113943,3109
k1224,0.0,0.0,0.0,0.0,1.0,0.0756,0.0,0.0,0.0,0.927678014,2325
k855,0.0,0.0,0.0455,0.0,1.0,0.0618,0.0,0.0769,0.0,0.927678014,3310
k2008,0.0,0.0,0.0,0.0,1.0,0.0871,0.0,0.153846154,0.0,0.927678014,978
k1163,0.0,0.0,0.0909,0.0,1.0,0.0986,0.0,0.0,0.0,0.927678014,2283
k1604,0.0,0.0,0.0,0.0,1.0,0.0233,0.0,0.0,0.0,0.927678014,3143
k1463,0.0,0.00333,0.0,0.0,1.0,0.113159032,0.0,0.153846154,0.0,0.833546748,37
k598,0.0,0.00444,0.0,0.0,1.0,0.0125,0.0,0.0,0.0,0.927678014,986
k987,0.0,0.0,0.0,0.0,1.0,0.0168,0.0,0.0,0.0,0.927678014,2816
k2554,0.0,0.0,0.0,0.0,1.0,0.0,0.0,0.0,0.0,0.927678014,2336
k3158,0.0,0.0,0.0,0.166666667,1.0,0.0697,0.115384615,0.0769,0.0,0.927678014,1785
k2015,0.0,0.0,0.0,0.0,1.0,0.0733,0.0,0.0769,0.0,0.927678014,2454
k211,0.0,0.0,0.0,0.166666667,1.0,0.0355,0.0,0.0,0.233333333,0.927678014,629
k1708,0.0,0.0,0.0,0.0,1.0,0.273252095,0.0,0.153846154,0.0,0.927678014,1665
k686,0.0,0.0,0.0,0.0,1.0,0.0746,0.0,0.0769,0.0,0.927678014,303
k381,0.0,0.0633,0.0,0.75,1.0,0.209011267,0.0,0.384615385,0.0667,0.927678014,2743
k884,0.0,0.466666667,0.318181818,0.166666667,1.0,0.140012012,0.0,0.230769231,0.4,0.927678014,865
k664,0.0,0.0,0.0,0.0,1.0,0.0,0.0,0.0,0.0,0.927678014,2938
k1384,0.0,0.0,0.0,0.0,1.0,0.0168,0.0,0.0,0.0,0.927678014,2054
k3079,0.0,0.0811,0.0,0.0,1.0,0.0927,0.0,0.0,0.0,0.927678014,1577
k2002,0.0,0.0,0.0,0.0,1.0,0.0236,0.0,0.153846154,0.0,0.927678014,1093
k316,0.0,0.0,0.0,0.0,0.283135917,0.07,0.0,0.0769,0.0,0.927678014,3189
k3209,0.111111111,0.245555556,0.0,0.25,1.0,0.671922872,0.0,0.153846154,0.6,0.832491626,2328
k1253,0.0,0.0,0.0,0.0,1.0,0.0513,0.0769,0.0,0.0,0.927678014,762
k2944,0.0,0.0,0.181818182,0.0,0.3310593,0.0757,0.0,0.153846154,0.0,0.927678014,397
k2929,0.0,0.0,0.0,0.0,1.0,0.0606,0.0,0.0,0.0,0.927678014,2037
k607,0.0,0.0,0.0,0.0,1.0,0.0229,0.0,0.0769,0.0,0.927678014,1912
k2439,0.0556,0.0,0.545454545,0.0,0.203369818,0.138494446,0.0385,0.538461538,0.0,0.479752917,913
k2211,0.0,0.00111,0.0,0.0,1.0,0.0367,0.0,0.0,0.0,0.927678014,1043
k15,0.0,0.0,0.0909,0.0,1.0,0.0552,0.0,0.0,0.0,0.927678014,3337
k778,0.0,0.0,0.0,0.0,1.0,0.0558,0.115384615,0.0,0.0,0.927678014,914
k307,0.0,0.0,0.0,0.0,1.0,0.0641,0.0,0.0769,0.0,0.927678014,3257
k2006,0.0,0.0,0.0,0.0,1.0,0.059,0.115384615,0.0,0.0,0.927678014,640
k1103,0.0,0.0,0.0,0.0,1.0,0.0414,0.115384615,0.0,0.0,0.927678014,402
k749,0.0,0.00556,0.136363636,0.166666667,1.0,0.0963,0.0,0.153846154,0.1,0.927678014,60
k2193,0.0,0.0,0.0,0.0,1.0,0.0212,0.0,0.0,0.0,0.927678014,3010
k506,0.0,0.0,0.0,0.0,1.0,0.0741,0.0,0.0,0.0,0.927678014,2125
k2859,0.0,0.0,0.0,0.0,1.0,0.125361194,0.0,0.0769,0.0,0.911390201,102
k354,0.0,0.0,0.0,0.0,1.0,0.0534,0.0385,0.0,0.0,0.927678014,260
k371,0.0,0.00556,0.0455,0.0,1.0,0.110644916,0.0385,0.0769,0.0,0.927678014,3385
k591,0.0,0.0,0.0,0.0,1.0,0.0434,0.0,0.0769,0.0,0.927678014,1605
k3157,0.0,0.0,0.0,0.0,1.0,0.01,0.0192,0.0769,0.0,0.927678014,1505
k2373,0.0,0.0,0.272727273,0.0,0.153178649,0.119809926,0.0,0.461538462,0.0667,0.927678014,1884
k685,0.0,0.0,0.0,0.0,1.0,0.0348,0.0385,0.0,0.0,0.927678014,2844
k2317,0.0,0.0,0.0,0.0,1.0,0.0652,0.0769,0.0,0.0,0.927678014,1559
k1225,0.0,0.0,0.0,0.0,1.0,0.0602,0.0,0.0,0.0,0.927678014,2522
k2344,0.0,0.0,0.0,0.0,1.0,0.0145,0.0,0.0,0.0,0.927678014,2141
k2345,0.0,0.0111,0.0,0.0,1.0,0.0864,0.0,0.0769,0.0,0.927678014,3049
k3043,0.0,0.0,0.0,0.0,1.0,0.0774,0.115384615,0.0,0.0,0.927678014,764
k1129,0.0556,0.0,0.0,0.0,1.0,0.142420395,0.0,0.0,0.0,0.839037482,282
k809,0.0,0.0,0.0,0.0,1.0,0.0181,0.0192,0.0769,0.133333333,0.927678014,1103
k244,0.0,0.0,0.0,0.0,1.0,0.240475177,0.0,0.0769,0.0,0.920988742,1446
k1652,0.0,0.0,0.0,0.0,1.0,0.073,0.0,0.153846154,0.0,0.927678014,2707
k2918,0.111111111,0.0,0.0455,0.0,1.0,0.219565688,0.0,0.153846154,0.0,0.915108739,1258
k3099,0.0,0.0,0.0,0.0,1.0,0.099,0.0,0.0,0.0,0.927678014,367
k3256,0.0556,0.0,0.0,0.0,1.0,0.299928144,0.0,0.0769,0.0,0.871438962,2300
k2842,0.0,0.0,0.0,0.0,1.0,0.104442459,0.0,0.153846154,0.0,0.927678014,533
k836,0.0,0.0,0.0909,0.0,1.0,0.0506,0.0,0.0769,0.166666667,0.927678014,754
k3320,0.0,0.0,0.0455,0.0,1.0,0.0356,0.0,0.0,0.0,0.927678014,516
k489,0.0,0.0,0.0455,0.0,1.0,0.0849,0.0,0.0,0.0,0.927678014,2420
k3417,0.0,0.0,0.0,0.0,1.0,0.0225,0.0,0.0769,0.133333333,0.927678014,192
k2052,0.0,0.0,0.136363636,0.0,0.206368543,0.0702,0.0,0.230769231,0.0333,0.927678014,2722
k1633,0.0,0.0,0.0,0.0,1.0,0.12524494,0.0385,0.153846154,0.0667,0.791270142,2780
k2900,0.0,0.0,0.0,0.0,1.0,0.0097,0.0,0.153846154,0.266666667,0.927678014,2728
k2215,0.0,0.0,0.0909,0.0,1.0,0.0625,0.0,0.0,0.0,0.927678014,3407
k1887,0.0,0.0,0.0,0.0,1.0,0.207241535,0.0,0.0769,0.0,0.949477049,1788
k2067,0.0,0.0,0.0,0.166666667,1.0,0.0538,0.0,0.153846154,0.0333,0.927678014,714
k2621,0.0,0.0,0.0,0.0,1.0,0.0333,0.0,0.230769231,0.0,0.487579262,3132
k771,0.0,0.0,0.0,0.0,1.0,0.0279,0.0,0.0,0.0,0.927678014,1485
k68,0.0,0.0,0.0,0.0,1.0,0.0425,0.0,0.0,0.0,0.927678014,10
k970,0.0,0.0,0.0,0.0,1.0,0.159397029,0.0,0.230769231,0.0,0.956914125,821
k516,0.0,0.0,0.0,0.0,1.0,0.0342,0.0385,0.0769,0.0667,0.927678014,443
k880,0.0,0.0,0.181818182,0.0,1.0,0.061,0.0,0.0,0.0,0.927678014,2967
k2072,0.0,0.0,0.0,0.0,1.0,0.0289,0.0,0.0,0.0,0.927678014,2087
k2539,0.0,0.0,0.0,0.0,1.0,0.075,0.0,0.0769,0.0,0.927678014,1851
k2442,0.0,0.0,0.0,0.0,1.0,0.0,0.0,0.0,0.0,0.927678014,1710
k3170,0.0556,0.0,0.0,0.0,1.0,0.0751,0.230769231,0.0,0.0,0.899855561,3392
k1286,0.0,0.0,0.0,0.0,1.0,0.0299,0.0385,0.0769,0.0,0.927678014,2301
k764,0.0,0.0,0.0,0.0,1.0,0.0294,0.0,0.0,0.0,0.927678014,234
k1176,0.0,0.0,0.0,0.0,1.0,0.0617,0.0,0.0,0.0,0.927678014,1284
k555,0.0,0.0,0.227272727,0.333333333,0.0606,0.101657687,0.0,0.384615385,0.166666667,0.927678014,2963
k1113,0.0,0.0,0.0,0.0,1.0,0.181551197,0.0,0.307692308,0.0,0.92124484,535
k2254,0.0,0.0,0.0909,0.0833,1.0,0.0724,0.0,0.0,0.0667,0.927678014,2004
k1951,0.0,0.0,0.0,0.0,1.0,0.136377654,0.192307692,0.0,0.0,0.927678014,3175
k1756,0.0,0.0,0.0909,0.0833,1.0,0.0443,0.0,0.0769,0.133333333,0.927678014,3130
k2874,0.0,0.0,0.0909,0.0,1.0,0.055,0.0,0.0,0.0,0.927678014,3051
k1797,0.0,0.0178,0.0,0.0,1.0,0.0529,0.0,0.0,0.0,0.927678014,3157
k1510,0.0,0.0,0.0,0.0,1.0,0.0421,0.0,0.0,0.0,0.927678014,161
k1204,0.0,0.0,0.0909,0.0,1.0,0.0956,0.0,0.0,0.0333,0.927678014,2113
k332,0.0,0.0,0.0,0.0,1.0,0.0603,0.0,0.0769,0.0,0.927678014,3069
k3352,0.0,0.0,0.0909,0.0,0.307631757,0.078,0.0,0.0769,0.0,0.927678014,2783
k1401,0.0,0.0,0.0,0.0,1.0,0.0644,0.0,0.0769,0.0,0.927678014,483
k2328,0.0,0.00111,0.0,0.0,1.0,0.0575,0.0,0.0,0.0,0.927678014,1926
k1006,0.0,0.0,0.0,0.0,1.0,0.0257,0.0,0.0769,0.0,0.927678014,2857
k2313,0.0,0.0,0.0,0.0,1.0,0.0342,0.0,0.0,0.0,0.927678014,2324
k1222,0.0,0.0,0.0,0.0,1.0,0.00626,0.0,0.0,0.0,0.927678014,1739
k3153,0.0,0.0,0.0,0.0,1.0,0.0626,0.0,0.153846154,0.0,0.927678014,299
k1833,0.0,0.0,0.0909,0.0,0.310555514,0.0758,0.0,0.0769,0.0,0.927678014,2877
k2970,0.0,0.0,0.0,0.0,1.0,0.0102,0.0,0.0,0.0,0.927678014,2790
k1556,0.0,0.0,0.0,0.0,1.0,0.0434,0.0,0.0769,0.0,0.927678014,3158
k3046,0.111111111,0.164444444,0.0,0.0,1.0,0.309363704,0.0,0.0769,0.0,0.757547199,144
k729,0.0,0.0,0.0,0.0,1.0,0.03,0.0385,0.0,0.0,0.927678014,374
k27,0.0,0.0,0.0,0.0,1.0,0.0377,0.0,0.0769,0.0,0.927678014,2624
k922,0.0,0.0156,0.0455,0.0,1.0,0.0678,0.0,0.0,0.0,0.927678014,2290
k45,0.0,0.0,0.0455,0.0,1.0,0.0749,0.0,0.0769,0.0667,0.927678014,135
k985,0.0,0.0,0.0,0.0,1.0,0.0641,0.0,0.0769,0.0,0.927678014,1035
k1590,0.0,0.0,0.0,0.0,1.0,0.055,0.0,0.0769,0.0,0.927678014,205
k1972,0.0,0.0,0.0,0.0,1.0,0.0197,0.0,0.0769,0.0,0.927678014,1723
k1400,0.0,0.0,0.0,0.0,1.0,0.0,0.0,0.0,0.0,0.927678014,423
k1648,0.0,0.0,0.0,0.0,1.0,0.0487,0.0,0.0769,0.133333333,0.634958359,2267
k2683,0.0,0.0,0.0,0.0,1.0,0.046,0.0,0.0,0.0,0.927678014,1366
k2754,0.0,0.0,0.0,0.0,1.0,0.0498,0.115384615,0.0,0.0,0.927678014,1714
k2600,0.0,0.0,0.0,0.0,1.0,0.0168,0.0,0.0,0.0,0.927678014,549
k901,0.0,0.0,0.0,0.166666667,1.0,0.0748,0.0,0.0769,0.0,0.927678014,3332
k885,0.0,0.00667,0.136363636,0.0,1.0,0.125279901,0.0,0.0,0.0,0.927678014,1648
k2239,0.0,0.0,0.0,0.0,1.0,0.0708,0.153846154,0.0,0.0,0.927678014,221
k1753,0.0,0.0,0.0,0.5,0.118131044,0.0602,0.0,0.307692308,0.0,0.927678014,2249
k106,0.0,0.0,0.0,0.0,1.0,0.280809214,0.0,0.153846154,0.0,0.852385294,67
k424,0.111111111,0.0,0.0,0.0,1.0,0.269682026,0.5,0.153846154,0.0,0.833454553,3357
k1486,0.0,0.0,0.0,0.0,1.0,0.0443,0.0769,0.0,0.0,0.927678014,521
k606,0.0,0.00111,0.0,0.0,1.0,0.0239,0.0,0.0,0.0,0.927678014,169
k403,0.111111111,0.0,0.0,0.0,1.0,0.179616542,0.0,0.0769,0.0,0.950204366,732
k2700,0.0,0.0156,0.181818182,0.0,1.0,0.250726744,0.0,0.0769,0.0,0.859863346,1441
k1967,0.0,0.0,0.0,0.0,0.199583927,0.11588079,0.0,0.461538462,0.0,0.927678014,3168
k2378,0.0,0.0,0.0,0.0,1.0,0.0125,0.0,0.0,0.0,0.927678014,3359
k2721,0.0,0.0,0.0,0.0,1.0,0.0,0.0,0.0,0.0,0.927678014,3026
k1681,0.0,0.0,0.0,0.0,1.0,0.0463,0.0,0.0,0.0,0.927678014,691
k54,0.0,0.0144,0.0,0.0,1.0,0.0342,0.0,0.0,0.0,0.927678014,1692
k2423,0.0,0.0,0.0,0.0,1.0,0.0572,0.0385,0.0,0.0,0.927678014,2689
k3341,0.0556,0.0,0.0,0.0,0.272490442,0.0483,0.0,0.0769,0.0667,0.927678014,3115
k2928,0.0,0.0,0.136363636,0.0,0.245464428,0.0892,0.0,0.153846154,0.0,0.927678014,585
k237,0.0,0.00111,0.0,0.0,1.0,0.0935,0.0,0.0,0.0,0.927678014,1285
k1085,0.0,0.0,0.136363636,0.0,1.0,0.0747,0.0,0.0,0.0,0.927678014,1394
k176,0.0,0.0,0.0909,0.0,1.0,0.0119,0.0,0.153846154,0.1,0.927678014,843
k3201,0.0,0.0,0.0,0.0,1.0,0.0496,0.0,0.0769,0.0,0.927678014,333
k1022,0.0,0.0456,0.0,0.166666667,1.0,0.0417,0.0,0.0,0.2,0.927678014,2334
k1804,0.0,0.0,0.0,0.0,1.0,0.0137,0.0,0.153846154,0.0,0.927678014,1356
