Key_2_6,D99,D702,D118,D443,D374,D950,D221,D206,D145,D882,Key_3_21
k1577,0.535030808,0.0,0.0,0.0,0.0,0.0357,0.0361,0.0,0.173076923,0.0,1094
k571,0.542812155,0.0,0.0,0.0,0.0,0.0357,0.0361,0.0,0.230769231,0.0,2276
k980,0.542652411,0.0,0.0,0.0,0.0,0.0714,0.0361,0.0,0.0962,0.0,2702
k28,0.47779884,0.0,0.0,0.0294,0.0833,0.107142857,0.0361,0.0,0.0769,0.0,2196
k539,0.548514746,0.0,0.0,0.0588,0.0833,0.107142857,0.0361,0.0,0.0962,0.0,2862
k783,0.522993644,0.0,0.0,0.0,0.0,0.0357,0.0361,0.0,0.173076923,0.0,898
k513,0.592831428,0.0833,0.0,0.0,0.0,0.0714,0.0361,0.0,0.230769231,0.0,1147
k1499,0.503802389,0.0,0.0,0.0,0.0,0.0714,0.0361,0.0,0.115384615,0.0,3018
k2784,0.614843259,0.0,0.0,0.0,0.0,0.0714,0.0361,0.0,0.269230769,0.0,1256
k2495,0.534924753,0.0,0.0,0.0,0.0,0.0357,0.0361,0.0,0.115384615,0.0,1808
k1085,0.514056655,0.0,0.0,0.0,0.0,0.0357,0.0361,0.0,0.0,0.0,1843
k439,0.524038126,0.0,0.0,0.0294,0.0,0.321428571,0.0361,0.0,0.0962,0.0,772
k989,0.562914426,0.0,0.0,0.0,0.0,0.142857143,0.0361,0.0,0.0769,0.0,1043
k3357,0.588203946,0.0417,0.0,0.0,0.0,0.0714,0.0361,0.0,0.134615385,0.0,2668
k3088,0.409260561,0.0,0.0,0.0294,0.0,0.0357,0.0361,0.0,0.115384615,0.0,254
k1626,0.670989532,0.0,0.0,0.0,0.0,0.0357,0.0361,0.0,0.346153846,0.0,98
k690,0.623487793,0.0,0.0,0.0,0.0,0.107142857,0.0361,0.0,0.25,0.0,2990
k1886,0.552853933,0.0,0.0,0.0,0.0,0.107142857,0.0361,0.0,0.230769231,0.0,3227
k1994,0.570072486,0.0,0.0,0.0882,0.0,0.142857143,0.0361,0.0,0.0962,0.0,1453
k93,0.650577793,0.0417,0.0,0.0,0.0,0.107142857,0.0361,0.0,0.346153846,0.0,2738
k712,0.503753048,0.0,0.0,0.0294,0.0833,0.0714,0.0361,0.0,0.173076923,0.0,2997
k2581,0.526080019,0.0,0.0,0.0,0.0417,0.107142857,0.586129282,0.0,0.153846154,0.0,477
k3304,0.389370023,0.0,0.0,0.0,0.0,0.0357,0.0361,0.0,0.115384615,0.0,1861
k2,0.709721967,0.0,0.340386423,0.0,0.0,0.107142857,0.0361,0.0,0.461538462,0.0,1619
k14,0.413860065,0.0,0.0,0.0,0.0,0.0357,0.0361,0.0,0.153846154,0.0,750
k2446,0.66605258,0.0,0.0,0.0,0.0,0.178571429,0.0361,0.734110825,0.269230769,0.0,3077
k781,0.455613465,0.0,0.0,0.0,0.0,0.107142857,0.0361,0.0,0.0385,0.0,2358
k80,0.579302497,0.0833,0.0,0.0588,0.0,0.0714,0.0361,0.612763462,0.153846154,0.0,14
k1176,0.520701832,0.0,0.0,0.205882353,0.0,0.178571429,0.0361,0.0,0.0192,0.0,1552
k2506,0.173600738,0.0,0.0,0.0,0.0,0.0357,0.0361,0.0,0.0,0.0,1353
k2356,0.550251517,0.0,0.0,0.0,0.0,0.178571429,0.0361,0.0,0.0962,0.0,3056
k441,0.509185113,0.0,0.0,0.0,0.0,0.178571429,0.0361,0.0,0.134615385,0.0,3358
k2553,0.441904183,0.0,0.314428504,0.0,0.0417,0.0357,0.0361,0.0,0.115384615,0.0,1520
k1362,0.503235249,0.0,0.0,0.0,0.0,0.214285714,0.0361,0.0,0.0,0.0,2695
k2693,0.504249484,0.0,0.0,0.0,0.0,0.142857143,0.0361,0.0,0.0385,0.0,2640
k1894,0.500481218,0.0,0.0,0.0,0.0,0.0714,0.0361,0.0,0.211538462,0.0,758
k1753,0.63532608,0.0,0.0852,0.0,0.0,0.0357,0.0361,0.0,0.25,0.0,1196
k694,0.431893409,0.0,0.0,0.0,0.0,0.0357,0.0361,0.0,0.173076923,0.0,441
k1755,0.455117974,0.0,0.654691247,0.0,0.0,0.0714,0.0361,0.0,0.0385,0.0,2051
k3326,0.520279313,0.0,0.0,0.0,0.0,0.0714,0.0361,0.0,0.230769231,0.0,3068
k1298,0.629218173,0.666666667,0.0,0.0,0.0,0.25,0.0361,0.0,0.0769,0.0,2461
k1923,0.287715317,0.0,0.0,0.0,0.0,0.0357,0.0361,0.0,0.0,0.0,228
k1837,0.539203066,0.0,0.0,0.0,0.0,0.0714,0.0361,0.0,0.0962,0.0,1783
k2758,0.494036619,0.0,0.0,0.0,0.0,0.0714,0.0361,0.0,0.0769,0.0,2573
k1209,0.604302398,0.0,0.47454895,0.0882,0.0,0.0357,0.0361,0.0,0.192307692,0.0,215
k2456,0.599864718,0.0,0.0,0.0,0.0,0.107142857,0.311739467,0.0,0.211538462,0.0,698
k1683,0.506217648,0.0,0.0,0.0,0.0417,0.0714,0.732784694,0.0,0.173076923,0.0,2903
k2867,0.556744701,0.0,0.0,0.0,0.0,0.0357,0.0361,0.0,0.192307692,0.0,2292
k2487,0.642862612,0.0833,0.0,0.0,0.0,0.107142857,0.315467398,0.0,0.134615385,0.0,1255
k447,0.521020942,0.0,0.0,0.117647059,0.0,0.0714,0.0361,0.0,0.211538462,0.0,3228
k3200,0.356196503,0.0,0.0,0.0,0.0,0.0357,0.0361,0.0,0.0,0.0333,1135
k1522,0.860167333,0.0,0.0,0.0588,0.0,0.464285714,0.0361,0.0,0.384615385,0.0,304
k956,0.284670721,0.0,0.0,0.0,0.0,0.0357,0.0361,0.0,0.0,0.0,734
k2118,0.558581856,0.0,0.0,0.0,0.0,0.0357,0.0361,0.0,0.307692308,0.0,3001
k1723,0.537194824,0.0,0.0,0.0,0.0,0.0357,0.0361,0.0,0.115384615,0.0,1749
k2739,0.425380565,0.0,0.0,0.0,0.0,0.0714,0.0361,0.0,0.115384615,0.0,2113
k1461,0.524876548,0.0,0.0,0.0,0.0833,0.0357,0.0361,0.0,0.230769231,0.0,1407
k1075,0.54109996,0.0,0.0211,0.0882,0.0,0.0714,0.0361,0.0,0.0192,0.0,2651
k1255,0.280824001,0.0,0.0,0.0,0.0,0.0357,0.0361,0.0,0.0385,0.0,2856
k2881,0.613855868,0.0,0.0,0.0,0.0,0.0714,0.0361,0.0,0.269230769,0.0,901
k3113,0.471880358,0.0,0.0,0.0,0.0,0.107142857,0.0361,0.0,0.0385,0.0,355
k545,0.459535615,0.0,0.0,0.0,0.0,0.0357,0.0361,0.0,0.153846154,0.0,1099
k567,0.629041793,0.0,0.0,0.0294,0.0,0.107142857,0.0361,0.0,0.230769231,0.0,2476
k848,0.557382355,0.0,0.0,0.0,0.0,0.0357,0.0361,0.0,0.211538462,0.0,1472
k3216,0.544299952,0.0,0.0,0.0294,0.0,0.0357,0.0361,0.0,0.0769,0.0,3161
k1667,0.581752163,0.0,0.0,0.0882,0.0,0.107142857,0.0361,0.0,0.211538462,0.0,1262
k2241,0.675802281,0.0,0.0,0.0294,0.0,0.178571429,0.0361,0.0,0.230769231,0.0,548
k40,0.541416046,0.0,0.0,0.0,0.0,0.0357,0.0361,0.0,0.115384615,0.0,1393
k1303,0.650980462,0.0,0.0,0.0294,0.0833,0.107142857,0.0361,0.0,0.307692308,0.0,220
k3424,0.445074684,0.0,0.0,0.0,0.0417,0.107142857,0.780122389,0.0,0.0962,0.0,376
k308,0.586051839,0.0,0.0,0.0,0.0,0.0714,0.0361,0.0,0.307692308,0.0,2408
k2709,0.406613342,0.0,0.0,0.0,0.0,0.0714,0.0361,0.0,0.0385,0.0333,109
k1462,0.446077387,0.0,0.0,0.0,0.0,0.0714,0.0361,0.0,0.0577,0.0,1855
k1417,0.352203461,0.0,0.0,0.0294,0.0,0.0714,0.0361,0.0,0.0385,0.0,2729
k2247,0.556414058,0.0,0.0,0.0,0.0,0.0357,0.0361,0.0,0.211538462,0.0,2528
k358,0.577236785,0.0,0.0,0.0,0.0,0.107142857,0.0361,0.0,0.115384615,0.0,1235
k2000,0.474192965,0.0,0.0,0.0,0.0,0.0,0.0361,0.0,0.173076923,0.0,145
k2353,0.559749596,0.0,0.0,0.0,0.0,0.107142857,0.0361,0.0,0.153846154,0.0,2201
k524,0.591980341,0.0,0.0,0.0,0.0,0.0714,0.0361,0.0,0.230769231,0.0,2713
k2574,0.501900202,0.0,0.0,0.0294,0.0,0.0714,0.0361,0.576212659,0.0769,0.0,3294
k2678,0.430707709,0.0,0.0,0.0294,0.0,0.107142857,0.0361,0.0,0.0577,0.0,3405
k47,0.682193379,0.0,0.0,0.264705882,0.0,0.392857143,0.0361,0.0,0.0,0.0,82
k2125,0.405969449,0.0,0.0,0.0,0.0833,0.0714,0.0361,0.0,0.0769,0.0,741
k388,0.590945689,0.0,0.0,0.0,0.0,0.107142857,0.0361,0.0,0.192307692,0.0,3081
k69,0.538851818,0.0417,0.0,0.0,0.0,0.0714,0.0361,0.0,0.0962,0.0,2748
k3322,0.467613576,0.0,0.0,0.0,0.0,0.0714,0.0361,0.0,0.0385,0.0,2046
k2664,0.576463774,0.0833,0.0,0.0,0.0,0.107142857,0.351269607,0.0,0.115384615,0.0,1668
k2225,0.704840028,0.0833,0.0998,0.0588,0.0,0.142857143,0.0361,0.0,0.365384615,0.0,3264
k2597,0.525229309,0.0,0.673263863,0.0,0.0,0.0357,0.0361,0.0,0.173076923,0.0,2449
k3253,0.392299489,0.0,0.0,0.0,0.0,0.0714,0.0361,0.0,0.0769,0.0,444
k1199,0.558043262,0.0,0.0,0.0,0.0,0.0357,0.0361,0.0,0.230769231,0.0,3178
k754,0.385668491,0.0,0.0,0.0294,0.0,0.0714,0.0361,0.0,0.0577,0.0,2326
k814,0.606117057,0.0,0.0,0.0,0.0,0.107142857,0.0361,0.0,0.269230769,0.0,1767
k3041,0.535667139,0.0,0.0,0.0,0.0,0.0714,0.0361,0.0,0.153846154,0.0,557
k3323,0.557096138,0.0,0.62965469,0.0,0.0,0.0357,0.0361,0.0,0.134615385,0.0,1994
k1973,0.435187547,0.0,0.0,0.0,0.0,0.0357,0.0361,0.0,0.0,0.133333333,2124
k23,0.559846577,0.0,0.0,0.0,0.208333333,0.0714,0.0361,0.0,0.211538462,0.0,1377
k526,0.557347003,0.0,0.0,0.0,0.0,0.0357,0.0361,0.0,0.307692308,0.0,1392
k1507,0.490999019,0.0,0.0,0.0,0.0,0.0357,0.0361,0.0,0.115384615,0.0,2639
k3312,0.387999057,0.0,0.0,0.0294,0.0,0.142857143,0.0361,0.0,0.0,0.0,2347
k1636,0.552330841,0.0,0.0,0.0294,0.0,0.142857143,0.0361,0.0,0.115384615,0.0,23
k2191,0.534924753,0.0,0.0,0.0,0.0,0.0357,0.0361,0.0,0.115384615,0.0,2920
k1510,0.617464768,0.0,0.0,0.0,0.0,0.107142857,0.0361,0.0,0.307692308,0.0,3053
k1432,0.627750226,0.0417,0.0851,0.0588,0.0,0.0714,0.0361,0.0,0.134615385,0.0,63
k2421,0.526295343,0.0417,0.0,0.0,0.0417,0.142857143,0.0361,0.0,0.153846154,0.0,154
k3374,0.660021616,0.0,0.0,0.0,0.0,0.107142857,0.0361,0.0,0.307692308,0.0,1769
k2299,0.563540548,0.0417,0.0,0.147058824,0.0,0.178571429,0.0361,0.0,0.0769,0.0,1038
k419,0.733930708,0.0833,0.489330396,0.0882,0.0,0.214285714,0.0361,0.0,0.211538462,0.0,278
k3055,0.5632963,0.0,0.0,0.147058824,0.0417,0.142857143,0.0361,0.0,0.115384615,0.0,3311
k1926,0.615478077,0.0,0.0,0.0,0.0,0.0357,0.0361,0.0,0.326923077,0.0,573
k1868,0.50584447,0.0,0.0,0.0588,0.0,0.178571429,0.0361,0.0,0.0385,0.0,1522
k1843,0.332879874,0.0,0.0,0.0,0.0,0.0357,0.0361,0.0,0.0769,0.0,3404
k1180,0.452021957,0.0,0.479547801,0.0294,0.0,0.0357,0.0361,0.0,0.0,0.0,1176
k934,0.409260561,0.0,0.0,0.0,0.0,0.0357,0.0361,0.0,0.115384615,0.0,1639
k2043,0.535006043,0.0,0.0,0.0,0.0,0.0,0.0361,0.0,0.25,0.0,1012
k2946,0.385177915,0.0,0.0,0.0,0.0,0.107142857,0.0361,0.0,0.0385,0.0,3190
k1375,0.40642524,0.0,0.0,0.0588,0.0,0.0714,0.0361,0.0,0.0577,0.0,2251
k1900,0.554613956,0.0,0.0,0.0,0.0,0.0357,0.0361,0.0,0.0,0.0,797
k1620,0.660883479,0.0,0.0,0.0,0.0,0.107142857,0.0361,0.0,0.115384615,0.0,2881
k1816,0.295970604,0.0,0.0,0.0,0.0,0.0357,0.0361,0.0,0.0,0.0,1978
k2577,0.582808556,0.0,0.0,0.0,0.0,0.107142857,0.0361,0.0,0.115384615,0.0,269
k311,0.607163997,0.0,0.0,0.0,0.0,0.0357,0.0361,0.0,0.134615385,0.0,719
k2559,0.437428694,0.0,0.0,0.0,0.0,0.0714,0.0361,0.0,0.115384615,0.0,2167
k3079,0.659626886,0.0417,0.0,0.0588,0.0833,0.142857143,0.0361,0.0,0.269230769,0.0,1944
k3416,0.606553187,0.0,0.0,0.0,0.0,0.107142857,0.0361,0.0,0.230769231,0.0,496
k3188,0.356196503,0.0,0.0,0.0,0.0,0.0357,0.0361,0.0,0.0,0.0667,3380
k3094,0.639077143,0.0417,0.0,0.0,0.0,0.107142857,0.265105156,0.0,0.192307692,0.0,2346
k976,0.820989693,0.0417,0.0,0.382352941,0.0,0.607142857,0.0361,0.0,0.0769,0.0,2140
k1955,0.409260561,0.0,0.0,0.0294,0.0,0.0357,0.0361,0.0,0.115384615,0.0,576
k511,0.562358061,0.0,0.0,0.0,0.0,0.0714,0.0361,0.0,0.173076923,0.0,2137
k1473,0.448004339,0.0,0.0,0.0,0.0,0.142857143,0.0361,0.0,0.0385,0.0,3280
k2738,0.427682964,0.0,0.0,0.0,0.0,0.0357,0.0361,0.0,0.0,0.0,2390
k2655,0.495032895,0.0,0.0,0.0,0.0,0.0357,0.0361,0.0,0.0385,0.0,1078
k2627,0.622803066,0.0,0.0,0.0,0.0,0.0714,0.0361,0.0,0.211538462,0.0,892
k1531,0.473911852,0.0,0.0,0.0,0.0,0.0357,0.0361,0.0,0.153846154,0.0,578
k1911,0.576686282,0.0833,0.0,0.0588,0.0,0.0714,0.0361,0.612763462,0.0962,0.0,3143
k3059,0.554902631,0.0,0.0,0.0,0.0,0.0714,0.0361,0.0,0.153846154,0.0,198
k1627,0.44010238,0.0,0.0,0.0,0.0,0.107142857,0.0361,0.0,0.0385,0.0667,1179
k1305,0.538073324,0.0,0.0,0.0,0.0,0.0714,0.0361,0.0,0.0577,0.0,3429
k735,0.43738389,0.0,0.0,0.0,0.0,0.0357,0.0361,0.0,0.0962,0.0,1173
k386,0.565740105,0.0,0.0,0.0588,0.0,0.142857143,0.0361,0.0,0.115384615,0.0,3119
k3280,0.520845129,0.0,0.350106343,0.0294,0.0,0.0357,0.0361,0.0,0.0577,0.0,1425
k3061,0.450364775,0.0,0.0,0.0,0.0,0.142857143,0.0361,0.0,0.0,0.0,1431
k1962,0.505863186,0.0,0.0,0.0294,0.0833,0.0714,0.0361,0.0,0.134615385,0.0,625
k1159,0.644048312,0.0,0.0,0.0,0.0,0.0714,0.0361,0.0,0.269230769,0.0,3095
k241,0.559066571,0.0,0.173638493,0.0,0.0,0.0357,0.0361,0.0,0.0962,0.0,1502
k1587,0.713811991,0.0417,0.0,0.0294,0.0,0.0714,0.0361,0.0,0.403846154,0.0,3272
k1441,0.589216101,0.0,0.0,0.0588,0.0,0.178571429,0.0361,0.0,0.153846154,0.0,3116
k37,0.609610449,0.0,0.0,0.0,0.0,0.178571429,0.0361,0.0,0.192307692,0.0,1088
k3039,0.553607094,0.0,0.0,0.0,0.0,0.0357,0.0361,0.0,0.288461538,0.0,3306
k1552,0.294280716,0.0,0.0,0.0,0.0,0.0357,0.0361,0.0,0.0,0.0,2572
k3167,0.517564792,0.0,0.0,0.0588,0.0,0.0357,0.0361,0.0,0.0577,0.0,628
k3117,0.794479121,0.0,0.0,0.0,0.0,0.0357,0.0361,0.0,0.384615385,0.0,1263
k3275,0.494415658,0.0,0.0,0.0,0.0,0.142857143,0.0361,0.0,0.0,0.0,693
k1277,0.275846971,0.0,0.0,0.0,0.0,0.0357,0.0361,0.0,0.0,0.0,882
k1582,0.459548092,0.0,0.0,0.0,0.0,0.0714,0.0361,0.0,0.0962,0.0,1060
k2307,0.544846486,0.0,0.0,0.0882,0.0,0.178571429,0.0361,0.0,0.0192,0.0,695
k2431,0.655615885,0.0,0.199154544,0.0,0.0,0.107142857,0.0361,0.0,0.269230769,0.0,73
k1611,0.484214892,0.0,0.0,0.0588,0.0833,0.107142857,0.0361,0.0,0.0192,0.0,1481
k321,0.42902406,0.0,0.316837993,0.0,0.0,0.0357,0.0361,0.0,0.0,0.0667,3199
k1202,0.564532286,0.0,0.0,0.0,0.0,0.142857143,0.0361,0.0,0.153846154,0.0,470
k2533,0.490350778,0.0,0.0,0.0,0.0,0.321428571,0.0361,0.0,0.0,0.466666667,3426
k988,0.287715317,0.0,0.0,0.0,0.0,0.0357,0.0361,0.0,0.0,0.0,259
k1351,0.599087737,0.0417,0.0,0.0,0.0,0.0714,0.0361,0.0,0.115384615,0.0,1996
k1018,0.504648561,0.0,0.0,0.0,0.0,0.0714,0.0361,0.0,0.153846154,0.0,80
k1748,0.287715317,0.0,0.525795731,0.0,0.0,0.0357,0.0361,0.0,0.0,0.0,2726
k41,0.457126594,0.0,0.0,0.0,0.0417,0.0714,0.0361,0.0,0.0962,0.0,852
k160,0.583447344,0.0,0.0,0.0,0.0,0.178571429,0.0361,0.0,0.0,0.0,1727
k1826,0.530684249,0.0,0.0,0.0,0.0,0.0357,0.0361,0.0,0.173076923,0.0,1001
k3288,0.47845899,0.0,0.643537405,0.0,0.0,0.107142857,0.0361,0.0,0.0769,0.0,297
k2898,0.564727383,0.0,0.0,0.0,0.208333333,0.0714,0.0361,0.0,0.288461538,0.0,1323
k686,0.631143991,0.0,0.0,0.0,0.0,0.0714,0.0361,0.713717953,0.326923077,0.0,210
k2156,0.485037812,0.0,0.0,0.0,0.0,0.0357,0.0361,0.0,0.153846154,0.0,464
k1360,0.502083955,0.0,0.0,0.0,0.0,0.107142857,0.0361,0.0,0.0769,0.0,1850
k907,0.589884381,0.0,0.0,0.0,0.0,0.0,0.0361,0.0,0.288461538,0.0,5
k2305,0.385177915,0.0,0.0,0.0,0.0,0.107142857,0.0361,0.0,0.0385,0.0,946
k846,0.572178465,0.0,0.0,0.0294,0.0,0.142857143,0.0361,0.0,0.0962,0.0,135
k3390,0.46953221,0.0,0.0,0.0294,0.0,0.107142857,0.0361,0.0,0.115384615,0.0,1705
k2954,0.482859995,0.0,0.0,0.0,0.0,0.107142857,0.0361,0.0,0.115384615,0.0,2689
k2452,0.502348053,0.0,0.0,0.0,0.0,0.0357,0.0361,0.0,0.173076923,0.0,287
k1825,0.495317599,0.0,0.0,0.0,0.0,0.0714,0.0361,0.0,0.192307692,0.0,416
k558,0.483920169,0.0,0.0,0.0,0.0,0.107142857,0.0361,0.0,0.0,0.0,1825
k984,0.50319347,0.0,0.0,0.0,0.0,0.0714,0.0361,0.0,0.134615385,0.0,2241
k1732,0.466067931,0.0,0.0,0.0,0.0,0.0,0.0361,0.0,0.0769,0.0,2142
k2591,0.663005338,0.0,0.0,0.0294,0.0,0.142857143,0.0361,0.0,0.307692308,0.0,3418
k1956,0.540053776,0.0,0.0,0.0,0.0,0.107142857,0.0361,0.0,0.211538462,0.0,769
k2140,0.359790657,0.0,0.0,0.0,0.0,0.107142857,0.0361,0.0,0.0,0.0,1408
k137,0.527987121,0.0,0.0,0.147058824,0.0,0.142857143,0.0361,0.0,0.0769,0.0,977
k471,0.346945508,0.0,0.0,0.0,0.0,0.0714,0.0361,0.0,0.0385,0.0,1934
k2262,0.558310007,0.0,0.0,0.0,0.0,0.0,0.0361,0.0,0.307692308,0.0,1917
k3353,0.527749678,0.0,0.0,0.0,0.0,0.0357,0.0361,0.0,0.115384615,0.0,2579
k29,0.592374503,0.0,0.0,0.0,0.0,0.0714,0.0361,0.0,0.269230769,0.0,936
k2712,0.543263031,0.0,0.46895684,0.0,0.0,0.0357,0.0361,0.0,0.0769,0.0,2108
k2999,0.555516087,0.0,0.473414808,0.0,0.0,0.0357,0.0361,0.0,0.0577,0.0,2467
k1597,0.52755893,0.0,0.0,0.0294,0.0,0.0714,0.0361,0.0,0.211538462,0.0,3155
k1489,0.585025883,0.0,0.0,0.0,0.0,0.142857143,0.0361,0.0,0.173076923,0.0,447
k2445,0.519536927,0.0,0.0,0.0,0.0,0.0357,0.0361,0.0,0.173076923,0.0,1933
k1738,0.297770139,0.0,0.0,0.0,0.0,0.0357,0.0361,0.0,0.0,0.0,1165
k1094,0.551204123,0.0,0.0,0.0,0.0,0.0357,0.0361,0.0,0.173076923,0.0,2992
k807,0.527957818,0.0,0.0,0.0,0.0417,0.107142857,0.0361,0.0,0.0769,0.0,962
k2172,0.543907869,0.0,0.0,0.0,0.0,0.107142857,0.0361,0.0,0.0962,0.0,2970
k3237,0.456007249,0.0,0.0,0.0588,0.0417,0.107142857,0.0361,0.0,0.0385,0.0,983
k1036,0.376406152,0.0,0.0,0.0,0.0,0.0357,0.0361,0.0,0.0,0.133333333,143
k1122,0.569035566,0.0,0.0,0.0,0.0,0.142857143,0.0361,0.0,0.0962,0.0,1242
k1899,0.586051839,0.0,0.0,0.0,0.0,0.0714,0.0361,0.0,0.307692308,0.0,2194
k2778,0.474972971,0.0,0.0,0.117647059,0.0,0.142857143,0.0361,0.0,0.0577,0.0,1745
k1777,0.569199091,0.0,0.0,0.0,0.0,0.178571429,0.0361,0.0,0.192307692,0.0,2784
k3293,0.675250265,0.0833,0.0,0.0,0.0,0.25,0.0361,0.0,0.230769231,0.0,13
k859,0.427682964,0.0,0.0,0.0,0.0,0.0357,0.0361,0.0,0.0,0.0,1559
k2897,0.632876792,0.0417,0.0,0.0,0.0,0.107142857,0.0361,0.0,0.25,0.0,2456
k1705,0.504648561,0.0,0.0,0.0,0.0,0.0714,0.0361,0.0,0.153846154,0.0,1110
k904,0.527723779,0.0,0.237744721,0.0,0.0,0.0714,0.0361,0.0,0.153846154,0.0,1442
k396,0.490864228,0.0,0.0,0.0,0.0,0.214285714,0.0361,0.0,0.153846154,0.0,1213
k339,0.480274783,0.0,0.0,0.0,0.0,0.0357,0.0361,0.0,0.153846154,0.0,285
k2849,0.504020549,0.0,0.0,0.0,0.0833,0.0357,0.0361,0.0,0.0192,0.0,518
k950,0.530131665,0.0,0.0,0.0,0.0,0.0357,0.0361,0.0,0.25,0.0,552
k67,0.652611178,0.0833,0.0,0.0,0.0,0.107142857,0.284448196,0.0,0.288461538,0.0,170
k139,0.525565434,0.0,0.0,0.0,0.0,0.0714,0.0361,0.0,0.0962,0.0,1212
k2488,0.551963901,0.0,0.0,0.0,0.0,0.0714,0.0361,0.0,0.0385,0.0,491
k1613,0.716190575,0.0,0.526522223,0.0294,0.0,0.107142857,0.0361,0.0,0.403846154,0.0,1051
k2406,0.479742239,0.0,0.0,0.0,0.0,0.0714,0.0361,0.0,0.0769,0.0,2709
k2984,0.502083955,0.0,0.0,0.0,0.0,0.107142857,0.0361,0.0,0.0769,0.0,3177
k2940,0.481109991,0.0,0.0,0.0,0.0,0.178571429,0.0361,0.0,0.0,0.0,2368
k3375,0.275846971,0.0,0.0,0.0,0.0,0.0357,0.0361,0.0,0.0,0.0,1814
k32,0.503235249,0.0,0.0,0.0588,0.0,0.214285714,0.0361,0.0,0.0,0.0,92
k699,0.465449181,0.0,0.0,0.0,0.0,0.0357,0.0361,0.0,0.0192,0.0,1919
k3087,0.46574485,0.0,0.0,0.0294,0.0,0.142857143,0.0361,0.0,0.0,0.0,2412
k1463,0.474764264,0.0,0.0,0.0,0.0,0.0714,0.0361,0.0,0.115384615,0.0,851
k1181,0.534152497,0.0417,0.0,0.0,0.0,0.107142857,0.0361,0.0,0.0577,0.0,3099
k2117,0.4515397,0.0,0.0,0.0,0.0,0.0357,0.0361,0.0,0.0962,0.0,707
k2343,0.55440298,0.0,0.0,0.0,0.0,0.0714,0.0361,0.0,0.115384615,0.0,3182
k2416,0.566192116,0.0,0.0,0.0,0.0,0.0357,0.0361,0.0,0.288461538,0.0,226
k2143,0.646290972,0.0,0.512836026,0.0,0.0,0.0357,0.0361,0.0,0.0577,0.0,2555
k2480,0.516096278,0.0,0.0,0.0,0.0,0.142857143,0.0361,0.0,0.0385,0.0,816
k821,0.653180019,0.0417,0.0,0.0294,0.0,0.285714286,0.0361,0.668241196,0.230769231,0.0333,140
k3007,0.504911147,0.0,0.2324474,0.0,0.0,0.107142857,0.0361,0.0,0.115384615,0.0,3058
k2438,0.649718576,0.125,0.0,0.0,0.0,0.107142857,0.0361,0.0,0.326923077,0.0,2406
k951,0.468830847,0.0,0.0,0.0,0.0833,0.107142857,0.0361,0.66247516,0.134615385,0.0,255
k56,0.491624196,0.0,0.0,0.0,0.0,0.142857143,0.0361,0.0,0.0385,0.0,2000
k1645,0.478544061,0.0,0.0,0.0,0.0,0.0357,0.0361,0.0,0.134615385,0.0,362
k52,0.415901579,0.0,0.0,0.0294,0.0,0.107142857,0.0361,0.0,0.0,0.0,3078
k1568,0.511750475,0.0,0.0,0.0,0.0,0.0357,0.0361,0.0,0.173076923,0.0,1598
k1099,0.501443087,0.0,0.0,0.0588,0.0,0.0714,0.0361,0.0,0.0962,0.0,2468
k1930,0.631143991,0.0,0.0,0.0,0.0,0.0714,0.0361,0.687852233,0.326923077,0.0,517
k1012,0.425380565,0.0,0.0,0.0,0.0,0.0714,0.0361,0.0,0.115384615,0.0,1385
k913,0.63239529,0.0417,0.0,0.0,0.0,0.107142857,0.0361,0.0,0.192307692,0.0,2496
k1505,0.474686565,0.0,0.0,0.0,0.0,0.0357,0.0361,0.0,0.173076923,0.0,1504
k1586,0.594303723,0.0,0.0,0.0294,0.0417,0.0357,0.0361,0.0,0.192307692,0.0,2103
k354,0.501027374,0.0,0.0,0.0,0.0,0.0714,0.0361,0.0,0.153846154,0.0,2382
k2067,0.618225869,0.0,0.0,0.0882,0.0,0.0357,0.0361,0.0,0.173076923,0.0,880
k873,0.441634036,0.0,0.0,0.0588,0.0,0.0714,0.0361,0.0,0.0577,0.0,1266
k1971,0.499974195,0.0,0.0,0.0,0.0,0.107142857,0.0361,0.0,0.115384615,0.0,2374
k850,0.93441047,0.541666667,0.893558161,0.382352941,0.208333333,0.571428571,0.493353028,0.0,0.692307692,0.0,2941
k2112,0.532238401,0.0,0.0,0.0,0.0,0.0714,0.0361,0.0,0.134615385,0.0,86
k1546,0.443167204,0.0,0.0,0.0,0.0,0.0714,0.0361,0.0,0.0769,0.0,2023
k715,0.450879927,0.0,0.0,0.0294,0.0,0.107142857,0.0361,0.0,0.0769,0.0,1070
k1247,0.647882177,0.0,0.0,0.0,0.0,0.178571429,0.0361,0.0,0.153846154,0.0,964
k1845,0.599646748,0.0,0.0,0.0,0.0,0.107142857,0.0361,0.0,0.307692308,0.0,1484
k1838,0.488462391,0.0,0.0,0.0,0.0,0.0357,0.0361,0.0,0.115384615,0.0,3213
k1594,0.677968566,0.0,0.0,0.235294118,0.0,0.357142857,0.0361,0.0,0.0,0.0,3237
k1289,0.512929937,0.0,0.0,0.0,0.0,0.0357,0.0361,0.0,0.230769231,0.0,609
k269,0.525565434,0.0,0.0,0.0,0.0,0.0714,0.0361,0.0,0.0962,0.0,166
k416,0.443167204,0.0,0.0,0.0,0.0,0.0714,0.0361,0.0,0.0769,0.0,2788
k248,0.701171579,0.0,0.0,0.0,0.0,0.107142857,0.0361,0.0,0.307692308,0.0,321
k2935,0.550302749,0.0,0.0,0.0,0.0,0.142857143,0.0361,0.0,0.153846154,0.0,1681
k862,0.577426777,0.0,0.0,0.0,0.0,0.107142857,0.0361,0.0,0.115384615,0.0,3084
k2244,0.565797764,0.0,0.225970562,0.0,0.166666667,0.0714,0.0361,0.0,0.153846154,0.0,2832
k161,0.546564163,0.0,0.0,0.0,0.0,0.178571429,0.0361,0.0,0.153846154,0.0,1326
k2854,0.670788387,0.0417,0.0,0.0294,0.0,0.0714,0.0361,0.0,0.403846154,0.0,2079
k1276,0.524201651,0.0,0.0,0.0,0.0,0.0357,0.0361,0.0,0.134615385,0.0,500
k1429,0.368680952,0.0,0.0,0.0,0.0,0.0357,0.0361,0.0,0.0,0.0,1683
k1169,0.557703545,0.0,0.0,0.0,0.0,0.142857143,0.0361,0.0,0.173076923,0.0,857
k1898,0.287715317,0.0,0.0,0.0,0.0,0.0357,0.0361,0.0,0.0,0.0,2510
k2395,0.627089319,0.0,0.0,0.0882,0.0,0.178571429,0.0361,0.0,0.0577,0.0,1156
k2530,0.562213063,0.0,0.0,0.0,0.0,0.107142857,0.0361,0.0,0.115384615,0.0,1114
k960,0.54430619,0.0,0.0,0.0,0.0,0.0357,0.0361,0.0,0.192307692,0.0,2344
k128,0.4515397,0.0,0.0,0.0,0.0,0.0357,0.0361,0.0,0.0962,0.0,1390
k2177,0.503015388,0.0,0.349888526,0.0,0.0,0.0357,0.0361,0.0,0.0192,0.0,1440
k3372,0.376305201,0.0,0.0,0.0,0.0,0.0714,0.0361,0.0,0.0769,0.0,2426
k1343,0.595991153,0.0833,0.402450021,0.0,0.0,0.107142857,0.0361,0.0,0.0962,0.0,205
k1921,0.488462391,0.0,0.0,0.0,0.0,0.0357,0.0361,0.0,0.115384615,0.0,3104
k303,0.606216495,0.0,0.0,0.0,0.0,0.107142857,0.0361,0.0,0.269230769,0.0,2224
k658,0.652840869,0.166666667,0.0,0.0882,0.208333333,0.25,0.0361,0.0,0.192307692,0.0,874
k42,0.51560419,0.0,0.0,0.0,0.0,0.0,0.0361,0.0,0.230769231,0.0,2075
k2264,0.814562487,0.0417,0.0,0.294117647,0.0,0.535714286,0.0361,0.0,0.134615385,0.0,1891
k395,0.599087737,0.0833,0.0,0.0,0.0,0.0714,0.0361,0.0,0.115384615,0.0,3383
k3086,0.0,0.0,0.0,0.0,0.0,0.0,0.0361,0.0,0.0,0.0,900
k1654,0.547746461,0.0,0.0,0.0,0.0,0.107142857,0.0361,0.0,0.134615385,0.0,2459
k1330,0.464052883,0.0,0.0,0.0,0.0,0.0357,0.0361,0.0,0.0962,0.0,1715
k1095,0.468847483,0.0,0.0,0.0,0.0,0.0714,0.0361,0.0,0.115384615,0.0,2918
k1164,0.544350805,0.25,0.0,0.0588,0.0,0.214285714,0.0361,0.0,0.0,0.0,1218
k189,0.356196503,0.0,0.0,0.0,0.0,0.0357,0.0361,0.0,0.0,0.0,847
k1194,0.579950171,0.0,0.0,0.0,0.0,0.0714,0.0361,0.0,0.307692308,0.0,1361
k3160,0.519536927,0.0,0.0,0.0,0.0,0.0357,0.82928888,0.0,0.173076923,0.0,3222
k1684,0.545019841,0.0,0.0,0.0,0.0,0.0357,0.0361,0.0,0.230769231,0.0,1142
k229,0.682385451,0.0833,0.0,0.0882,0.0,0.25,0.0361,0.0,0.211538462,0.0,49
k1696,0.518666745,0.0,0.0,0.0294,0.0833,0.0714,0.0361,0.0,0.134615385,0.0,2045
k879,0.560555502,0.0,0.0,0.0,0.0,0.0714,0.0361,0.0,0.288461538,0.0,1602
k2110,0.503802389,0.0,0.0,0.0,0.0,0.107142857,0.0361,0.0,0.115384615,0.0,533
k3054,0.488524777,0.0,0.0,0.0,0.0,0.0357,0.0361,0.0,0.0962,0.0,2355
k3423,0.583633744,0.0,0.0,0.0,0.0,0.0714,0.0361,0.0,0.153846154,0.0,1701
k1286,0.614997899,0.0,0.0,0.0,0.0,0.0357,0.0361,0.890412744,0.423076923,0.0,2603
k1135,0.557347003,0.0,0.0,0.0,0.0,0.0357,0.0361,0.0,0.307692308,0.0,2114
k3234,0.535038748,0.0,0.0,0.0,0.0,0.142857143,0.0361,0.0,0.153846154,0.0,340
k998,0.350122814,0.0,0.0,0.0294,0.0,0.142857143,0.0361,0.0,0.0,0.0,465
k3071,0.584074412,0.0,0.0,0.0,0.0,0.0714,0.0361,0.0,0.192307692,0.0,1739
k1985,0.503315027,0.0,0.0,0.0,0.0,0.0714,0.0361,0.0,0.192307692,0.0,836
k1372,0.356196503,0.0,0.0,0.0,0.0,0.0357,0.0361,0.0,0.0,0.0333,2632
k764,0.637826032,0.0,0.195837471,0.0,0.0,0.0357,0.0361,0.0,0.269230769,0.0,757
k654,0.559538809,0.0417,0.0,0.0588,0.0,0.0357,0.0361,0.0,0.153846154,0.0,971
k2787,0.368873023,0.0,0.0,0.0588,0.208333333,0.0714,0.0361,0.0,0.0962,0.0,2576
k3172,0.389370023,0.0,0.0,0.0,0.0,0.0357,0.0361,0.0,0.115384615,0.0,1467
k3394,0.522993644,0.0,0.0,0.0,0.0,0.0357,0.0361,0.0,0.173076923,0.0,3074
k1925,0.529084725,0.0,0.0,0.0,0.0,0.0,0.0361,0.0,0.173076923,0.0,2084
k1059,0.554996209,0.0417,0.0,0.0,0.0,0.0714,0.0361,0.0,0.153846154,0.0,2215
k2757,0.553064341,0.0,0.0,0.0,0.0,0.0357,0.0361,0.0,0.153846154,0.0,2641
k2970,0.173600738,0.0,0.0,0.0,0.0,0.0357,0.0361,0.0,0.0,0.0,1014
k613,0.295970604,0.0,0.0,0.0,0.0,0.0357,0.0361,0.0,0.0,0.0,1937
k2183,0.550184973,0.0,0.0,0.0,0.0,0.0357,0.0361,0.0,0.211538462,0.0,324
k1073,0.455338591,0.0,0.0,0.0,0.0,0.107142857,0.0361,0.0,0.0769,0.0,697
k543,0.540577435,0.0,0.511872858,0.0882,0.0,0.0357,0.0361,0.0,0.0,0.0,369
k3058,0.345124422,0.0,0.0,0.0,0.0,0.0357,0.0361,0.0,0.0,0.0333,2116
k1428,0.501128892,0.0,0.0,0.0,0.0,0.0714,0.0361,0.0,0.153846154,0.0,1730
k766,0.448229683,0.0,0.0,0.0,0.0,0.107142857,0.0361,0.0,0.0385,0.0,2546
k903,0.572136119,0.0833,0.187344317,0.0,0.166666667,0.107142857,0.0361,0.0,0.0962,0.0,2387
k3135,0.452620101,0.0,0.0,0.0,0.0,0.0357,0.0361,0.0,0.0192,0.0,542
k179,0.479130862,0.0,0.0,0.0,0.0,0.142857143,0.0361,0.0,0.0962,0.0,1607
k1988,0.45858471,0.0,0.0,0.0,0.0,0.0714,0.0361,0.0,0.0769,0.0,2460
k151,0.51707157,0.0417,0.0,0.0,0.0,0.0714,0.0361,0.0,0.153846154,0.0,678
k433,0.413367221,0.0,0.586180872,0.0,0.0833,0.0357,0.0361,0.0,0.0385,0.0,1347
k2560,0.629683606,0.0,0.0,0.0294,0.0,0.0714,0.0361,0.0,0.25,0.0,52
k1583,0.646054853,0.0,0.0,0.0,0.0,0.107142857,0.0361,0.0,0.25,0.0,1201
k579,0.508161047,0.0,0.183676939,0.0,0.0,0.0357,0.0361,0.0,0.0,0.0,2661
k1221,0.539613865,0.0,0.0,0.0,0.0,0.0357,0.766758106,0.0,0.288461538,0.0,1259
k531,0.464534385,0.0,0.0,0.0,0.0,0.0714,0.0361,0.0,0.153846154,0.0,3350
k355,0.471841036,0.0,0.0,0.0,0.0,0.142857143,0.0361,0.0,0.0,0.0,1454
k3097,0.864122944,0.0,0.0,0.0882,0.0,0.321428571,0.0361,0.0,0.75,0.0,1257
k1895,0.52179679,0.0417,0.620493337,0.0,0.0,0.0714,0.0361,0.0,0.115384615,0.0,577
k12,0.539031034,0.0,0.0,0.0,0.0,0.107142857,0.0361,0.0,0.134615385,0.0,2265
k2801,0.581557823,0.0,0.0,0.0294,0.208333333,0.107142857,0.0361,0.0,0.269230769,0.0,704
k2503,0.577722635,0.0,0.0,0.0,0.0,0.25,0.0361,0.0,0.0192,0.0,76
k3328,0.535030808,0.0,0.0,0.0,0.0,0.0357,0.0361,0.0,0.173076923,0.0,1588
k1784,0.582658264,0.0,0.0,0.0,0.0,0.0714,0.0361,0.0,0.192307692,0.0,445
k3023,0.550674414,0.0,0.0,0.0588,0.0,0.142857143,0.0361,0.0,0.0577,0.0,2404
k532,0.50319347,0.0,0.0,0.0,0.0,0.0714,0.0361,0.0,0.134615385,0.0,3026
k2027,0.588225497,0.0,0.0,0.0,0.0,0.0357,0.0361,0.0,0.25,0.0,2968
k400,0.537265339,0.0,0.441403444,0.0,0.0,0.0357,0.0361,0.0,0.0385,0.0,3113
k1219,0.485769044,0.0,0.0,0.0,0.0,0.0,0.0361,0.0,0.269230769,0.0,3197
k2252,0.360816802,0.0,0.0,0.0,0.0,0.0357,0.0361,0.0,0.0,0.0,582
k332,0.621006367,0.0,0.0,0.0294,0.0,0.285714286,0.0361,0.0,0.0769,0.0,2979
k3404,0.598568993,0.0,0.0,0.0588,0.0,0.0357,0.0361,0.0,0.0,0.0,265
k605,0.368747307,0.0,0.0,0.0,0.0,0.0357,0.0361,0.0,0.0,0.0,1509
k2983,0.684121087,0.0,0.0,0.0,0.166666667,0.0714,0.0361,0.0,0.423076923,0.0,2830
k2412,0.631111286,0.0,0.0,0.0294,0.0,0.214285714,0.0361,0.0,0.192307692,0.0,2831
k3410,0.533593298,0.0,0.0,0.0,0.0,0.0714,0.0361,0.0,0.134615385,0.0,2568
k1524,0.539639386,0.125,0.0,0.147058824,0.25,0.214285714,0.0361,0.0,0.0577,0.0,1355
k365,0.575678474,0.0,0.0,0.0294,0.0,0.178571429,0.0361,0.0,0.115384615,0.0,2984
k2893,0.465543516,0.0,0.0435,0.0882,0.0,0.0357,0.0361,0.0,0.0385,0.0,2578
k1187,0.500208613,0.0,0.0,0.0,0.0,0.0357,0.0361,0.0,0.115384615,0.0,423
k2062,0.295970604,0.0,0.0,0.0,0.0,0.0357,0.0361,0.0,0.0,0.0,1617
k1701,0.550106518,0.0833,0.0,0.0,0.0,0.107142857,0.333755363,0.0,0.0962,0.0,1564
k3178,0.545838791,0.0,0.0,0.0,0.0,0.0714,0.0361,0.0,0.153846154,0.0,891
k2684,0.659561098,0.0,0.0,0.0,0.0,0.0714,0.0361,0.0,0.307692308,0.0,3408
k1398,0.427301278,0.0,0.0,0.0,0.0,0.142857143,0.0361,0.0,0.0,0.0,1488
k2633,0.631081227,0.0,0.0,0.0,0.0,0.178571429,0.0361,0.0,0.192307692,0.0,2648
k350,0.42418787,0.0,0.0,0.0,0.0,0.0714,0.0361,0.0,0.0962,0.0,276
k3369,0.349063019,0.0,0.0,0.0,0.0,0.0357,0.0361,0.0,0.0,0.0,1752
k1942,0.504425675,0.0,0.0,0.0,0.0,0.0357,0.0361,0.0,0.0192,0.0,2754
k2666,0.658920419,0.0417,0.495411509,0.0,0.0,0.0714,0.0361,0.0,0.230769231,0.0,849
k2038,0.444184841,0.0,0.0,0.0,0.0,0.142857143,0.0361,0.0,0.0385,0.0,3320
k631,0.603192317,0.0,0.699333627,0.0,0.0,0.0714,0.0361,0.0,0.230769231,0.0,2863
k2545,0.465017588,0.0,0.0,0.0588,0.0,0.0357,0.0361,0.0,0.173076923,0.0,165
k2521,0.71296336,0.0,0.0,0.0294,0.0417,0.214285714,0.0361,0.0,0.326923077,0.0333,1209
k323,0.51505104,0.0,0.0,0.0,0.0,0.0357,0.0361,0.0,0.0,0.0,2281
k2706,0.406309355,0.0,0.0447,0.0294,0.0,0.0357,0.0361,0.0,0.0192,0.0,1787
k1974,0.53750108,0.0,0.0,0.0,0.0,0.142857143,0.0361,0.0,0.115384615,0.0,3266
k965,0.70007284,0.0833,0.0,0.0,0.166666667,0.142857143,0.0361,0.0,0.423076923,0.0,494
k2270,0.560115402,0.0,0.0,0.0,0.0,0.0357,0.0361,0.0,0.230769231,0.0,744
k2649,0.627093478,0.0,0.0856,0.0294,0.0,0.0357,0.0361,0.0,0.173076923,0.0,743
k361,0.345124422,0.0,0.0,0.0,0.0,0.0357,0.0361,0.0,0.0,0.0,912
k1619,0.451963164,0.0,0.0,0.0,0.0,0.0714,0.0361,0.0,0.153846154,0.0,1337
k2647,0.560706172,0.0,0.0,0.147058824,0.0,0.25,0.0361,0.0,0.0577,0.0,1083
k1121,0.631384836,0.0,0.63468315,0.0,0.0,0.0714,0.0361,0.0,0.346153846,0.0,2418
k3045,0.475764509,0.0,0.0,0.0,0.0,0.0357,0.0361,0.0,0.0962,0.0,948
k2922,0.424310561,0.0,0.0,0.0294,0.0,0.0357,0.0361,0.0,0.0,0.0,1591
k993,0.559361295,0.0,0.0,0.205882353,0.0,0.178571429,0.0361,0.0,0.0769,0.0,1100
k910,0.412566986,0.0,0.0,0.0,0.0,0.107142857,0.0361,0.0,0.173076923,0.0,1941
k377,0.568331745,0.0,0.0,0.0,0.0,0.0357,0.0361,0.0,0.173076923,0.0,1792
k872,0.453761942,0.0,0.0,0.0,0.0,0.107142857,0.0361,0.0,0.0962,0.0,1795
k916,0.527968216,0.0,0.0,0.0,0.0,0.0,0.0361,0.0,0.153846154,0.0,1328
k1819,0.514443633,0.0,0.0,0.0588,0.0,0.178571429,0.0361,0.0,0.0385,0.0,2967
k33,0.565740105,0.0,0.0,0.0588,0.0,0.142857143,0.0361,0.0,0.115384615,0.0,2450
k935,0.572136119,0.0417,0.185999134,0.0294,0.0833,0.107142857,0.0361,0.0,0.0962,0.0,596
k1079,0.671556672,0.0,0.797554401,0.147058824,0.0,0.357142857,0.0361,0.0,0.0192,0.0,2378
k39,0.539203066,0.0,0.0,0.0,0.0,0.0714,0.0361,0.0,0.0962,0.0,1886
k1965,0.579414224,0.0,0.0,0.0,0.0,0.0357,0.0361,0.0,0.211538462,0.0,692
k2648,0.502348053,0.0,0.0,0.0,0.0,0.0357,0.0361,0.0,0.173076923,0.0,2056
k2217,0.582414394,0.0417,0.194330484,0.0,0.25,0.0714,0.0361,0.0,0.115384615,0.0,429
k3190,0.488568636,0.0,0.0,0.0,0.0,0.142857143,0.0361,0.0,0.0192,0.0,994
k310,0.275846971,0.0,0.0,0.0,0.0,0.0357,0.0361,0.0,0.0,0.0,1817
k1593,0.64625373,0.0,0.0,0.0,0.0,0.107142857,0.0361,0.69397661,0.269230769,0.0,2913
k2231,0.606697241,0.166666667,0.0,0.0882,0.0,0.178571429,0.0361,0.0,0.134615385,0.0,1188
k2924,0.542834085,0.0,0.0,0.0,0.0,0.0357,0.0361,0.0,0.192307692,0.0,1292
k442,0.590123714,0.0,0.0,0.0294,0.0417,0.107142857,0.538369558,0.0,0.173076923,0.0,1289
k2049,0.582410802,0.0417,0.0,0.0,0.0,0.107142857,0.0361,0.0,0.115384615,0.0,3364
k448,0.506458115,0.0,0.0,0.0,0.0,0.0357,0.0361,0.0,0.134615385,0.0,1384
k2634,0.563099124,0.0833,0.0937,0.0,0.0,0.107142857,0.0361,0.0,0.192307692,0.0,2952
k22,0.424352719,0.0,0.0,0.0588,0.208333333,0.0714,0.0361,0.0,0.0962,0.0,3114
k1382,0.49110772,0.0,0.223093233,0.0294,0.0,0.0357,0.0361,0.0,0.0385,0.0,479
k736,0.560471187,0.0,0.128463813,0.0,0.0,0.0357,0.0361,0.0,0.0769,0.0,2385
k1706,0.520845129,0.0,0.220327183,0.0294,0.0,0.0357,0.0361,0.0,0.0577,0.0,3309
k407,0.514876928,0.0,0.0,0.0,0.0,0.142857143,0.0361,0.0,0.0962,0.0,1288
k1248,0.554051165,0.0417,0.0,0.0,0.0,0.107142857,0.0361,0.0,0.0962,0.0,2730
k484,0.545767899,0.0,0.0,0.0,0.0,0.0357,0.0361,0.0,0.192307692,0.0,2040
k2255,0.509588727,0.0,0.0,0.0588,0.0,0.142857143,0.0361,0.0,0.0577,0.0,1696
k66,0.427682964,0.0,0.0,0.0,0.0,0.0357,0.0361,0.0,0.0769,0.0,2006
k652,0.467449105,0.0,0.0,0.0,0.0,0.0714,0.0361,0.0,0.115384615,0.0,298
k402,0.514036049,0.0,0.0,0.0,0.0,0.0714,0.0361,0.0,0.173076923,0.0,3217
k1009,0.600985954,0.0833,0.0,0.0,0.0,0.142857143,0.0361,0.0,0.153846154,0.0,1940
k3150,0.400752141,0.0,0.0,0.0,0.0,0.0357,0.0361,0.0,0.134615385,0.0,183
k1688,0.398040645,0.0,0.0,0.0588,0.0,0.0357,0.0361,0.503827736,0.0192,0.0,2720
k3305,0.504648561,0.0,0.0,0.0,0.0,0.0714,0.0361,0.0,0.153846154,0.0,3409
k107,0.534606587,0.0,0.0,0.0,0.0,0.178571429,0.0361,0.0,0.0962,0.0,2792
k2167,0.585883021,0.0,0.0,0.0,0.0,0.0357,0.0361,0.0,0.230769231,0.0,281
k2765,0.448229683,0.0,0.0,0.0,0.0,0.107142857,0.0361,0.0,0.0385,0.0,1867
k2380,0.431391491,0.0,0.0,0.0,0.0,0.0714,0.0361,0.0,0.0385,0.0,1145
k2682,0.597711477,0.0,0.0,0.0,0.0,0.107142857,0.324822396,0.0,0.134615385,0.0,3097
k2610,0.5078115,0.0,0.0,0.0294,0.0,0.142857143,0.0361,0.0,0.0577,0.0,1938
k1598,0.474822868,0.0,0.0,0.0,0.0,0.142857143,0.0361,0.0,0.0769,0.0,2486
k1662,0.413308238,0.0,0.0,0.0,0.0,0.107142857,0.0361,0.0,0.0577,0.0,2349
k1380,0.398676976,0.0,0.0,0.0294,0.0,0.142857143,0.0361,0.0,0.0,0.133333333,1693
k849,0.601362724,0.0,0.0,0.117647059,0.208333333,0.142857143,0.0361,0.0,0.230769231,0.0,3353
k2344,0.368652973,0.0,0.0,0.705882353,0.0,0.0357,0.0361,0.0,0.0,0.0,6
k2002,0.650660784,0.0,0.0,0.0,0.0,0.107142857,0.0361,0.0,0.269230769,0.0,227
k680,0.500121841,0.0,0.0,0.0,0.0,0.0,0.0361,0.0,0.115384615,0.0,2558
k1037,0.617717145,0.0,0.0,0.0,0.0,0.178571429,0.0361,0.0,0.230769231,0.1,1033
k2811,0.638545733,0.0,0.0,0.0,0.0,0.0714,0.0361,0.0,0.269230769,0.0,1084
k1983,0.59014829,0.0,0.0,0.0294,0.0,0.107142857,0.0361,0.0,0.0962,0.0,3083
k2939,0.511521351,0.0,0.0,0.0,0.0,0.0714,0.0361,0.0,0.230769231,0.0,530
k1165,0.494036619,0.0,0.0,0.0,0.0,0.0714,0.0361,0.0,0.0769,0.0,32
k2279,0.349063019,0.0,0.0,0.0,0.0,0.0357,0.0361,0.0,0.0,0.0,3092
k2750,0.270237013,0.0,0.0,0.0,0.0,0.0357,0.0361,0.0,0.0577,0.0,868
k2375,0.561340045,0.0,0.0,0.0,0.0,0.0714,0.0361,0.0,0.115384615,0.0,1883
k2957,0.546379086,0.0,0.0,0.0,0.0,0.0357,0.0361,0.0,0.25,0.0,2633
k3240,0.51707157,0.0,0.0,0.0,0.0,0.0714,0.0361,0.0,0.153846154,0.0,2734
k2725,0.480375923,0.0,0.0,0.0,0.0,0.0714,0.0361,0.0,0.115384615,0.0,2081
k2329,0.479735433,0.0,0.0,0.0,0.0,0.142857143,0.0361,0.0,0.0,0.0,1974
k2701,0.585576765,0.0,0.0,0.0,0.0,0.178571429,0.0361,0.0,0.173076923,0.0,1542
k1752,0.409260561,0.0,0.0,0.0,0.0,0.0357,0.0361,0.0,0.115384615,0.0,1954
k3125,0.579950171,0.0,0.0,0.0,0.0,0.0714,0.0361,0.0,0.307692308,0.0,902
k1070,0.547266849,0.0,0.0,0.0,0.0,0.0357,0.0361,0.0,0.211538462,0.0,2300
k1231,0.448229683,0.0,0.0,0.0,0.0,0.107142857,0.0361,0.0,0.0385,0.0,2789
k1313,0.650577793,0.0,0.0,0.0,0.0,0.107142857,0.0361,0.668860149,0.346153846,0.0,1310
k893,0.622301714,0.0,0.0,0.0,0.0,0.107142857,0.0361,0.0,0.192307692,0.0,1790
k204,0.275846971,0.0,0.151613334,0.0,0.0,0.0357,0.0361,0.0,0.0,0.0,2703
k1265,0.560016341,0.0,0.0,0.205882353,0.0,0.107142857,0.0361,0.0,0.0577,0.0,3258
k2471,0.417604133,0.0,0.0,0.0,0.0,0.107142857,0.0361,0.0,0.0,0.0,3195
k2282,0.749438579,0.0,0.0,0.0882,0.0,0.107142857,0.0361,0.0,0.153846154,0.0,3219
k1733,0.628534581,0.0,0.0856,0.0,0.0,0.0357,0.0361,0.0,0.230769231,0.0,1307
k1859,0.537527735,0.0,0.0,0.0,0.0417,0.107142857,0.737216009,0.0,0.211538462,0.0,787
k2147,0.463287055,0.0,0.0,0.0,0.0,0.107142857,0.0361,0.0,0.0962,0.0,93
k1482,0.503015388,0.0,0.356496428,0.0,0.0,0.0357,0.0361,0.0,0.0192,0.0,825
k2771,0.52551061,0.0,0.0,0.0882,0.0,0.214285714,0.0361,0.0,0.0,0.0,3191
k3109,0.482748647,0.0,0.0,0.0,0.0,0.0714,0.377154111,0.0,0.0962,0.0,1656
k1946,0.520505412,0.0,0.0907,0.0294,0.0,0.0357,0.0361,0.0,0.0192,0.0,382
k2785,0.539031034,0.0,0.0,0.0,0.0,0.107142857,0.0361,0.0,0.134615385,0.0,249
k1741,0.447178394,0.0,0.0,0.0588,0.0,0.107142857,0.0361,0.0,0.0962,0.0,1362
k2450,0.474605843,0.0,0.0,0.0,0.0,0.0714,0.0361,0.0,0.115384615,0.0,2793
k465,0.295970604,0.0,0.28792523,0.0,0.0,0.0357,0.0361,0.0,0.0,0.0,1581
k641,0.551637985,0.0,0.0,0.0,0.0,0.0714,0.0361,0.0,0.192307692,0.0,151
k3409,0.564995451,0.0,0.0,0.0294,0.0,0.0357,0.0361,0.0,0.0962,0.0,2121
k1250,0.550740959,0.0,0.0,0.0,0.0,0.0714,0.0361,0.0,0.153846154,0.0,2487
k1145,0.424881671,0.0,0.0,0.117647059,0.0417,0.107142857,0.0361,0.0,0.0769,0.0,3034
k1304,0.534715289,0.0,0.0,0.0,0.0,0.0714,0.0361,0.0,0.153846154,0.0,2133
k1125,0.780834493,0.0833,0.0,0.0,0.0,0.321428571,0.0361,0.0,0.461538462,0.0,1766
k1410,0.495032895,0.0,0.476327146,0.0,0.0,0.0357,0.0361,0.0,0.0385,0.0,2231
k1685,0.405641075,0.0,0.0,0.0294,0.0,0.107142857,0.0361,0.0,0.0192,0.0,1608
k1191,0.603422386,0.0,0.0,0.0,0.0,0.0714,0.0361,0.0,0.326923077,0.0,3386
k832,0.389370023,0.0,0.0,0.0,0.0,0.0357,0.0361,0.0,0.115384615,0.0,357
k74,0.747662297,0.0,0.500673145,0.0294,0.0,0.0357,0.0361,0.0,0.25,0.0,2213
k177,0.450364775,0.0,0.0,0.0,0.0,0.142857143,0.0361,0.0,0.0,0.0333,2109
k318,0.590119933,0.0417,0.0,0.0294,0.0,0.107142857,0.0361,0.0,0.307692308,0.0,2652
k755,0.547154178,0.0,0.0,0.0,0.0,0.0,0.0361,0.0,0.211538462,0.0,478
k2379,0.424352719,0.0,0.0,0.0,0.0,0.0357,0.0361,0.0,0.0962,0.0,358
k3266,0.529237853,0.0,0.0,0.0,0.0,0.0357,0.0361,0.0,0.134615385,0.0,2744
k3356,0.385177915,0.0,0.0,0.0,0.0,0.107142857,0.0361,0.0,0.0192,0.0333,381
k2312,0.57061297,0.0,0.0,0.0,0.0,0.0357,0.0361,0.0,0.0769,0.0,306
k3099,0.599901393,0.0417,0.0,0.0294,0.0,0.0714,0.0361,0.0,0.230769231,0.0,147
k1836,0.671801109,0.0,0.644259583,0.0,0.0,0.107142857,0.0361,0.0,0.307692308,0.0,199
k3224,0.627750226,0.0,0.0853,0.0588,0.0417,0.0714,0.0361,0.0,0.134615385,0.0,1958
k1143,0.444184841,0.0,0.0,0.117647059,0.0,0.142857143,0.0361,0.0,0.0962,0.0,2516
k1193,0.747662297,0.0,0.500531284,0.0294,0.0,0.0357,0.0361,0.0,0.25,0.0,2598
k1674,0.559540322,0.0417,0.630685479,0.0882,0.0,0.25,0.0361,0.0,0.173076923,0.0,3261
k592,0.534934016,0.0,0.413219861,0.0588,0.0833,0.0357,0.0361,0.0,0.0192,0.0,368
k2913,0.594286898,0.0,0.0,0.0294,0.0,0.107142857,0.0361,0.0,0.269230769,0.0,1847
k2535,0.531282581,0.0,0.0,0.0,0.0,0.0714,0.0361,0.0,0.173076923,0.0,2973
k213,0.448229683,0.0,0.0,0.0,0.0,0.107142857,0.0361,0.0,0.0385,0.0,466
k1235,0.482639189,0.0,0.0,0.0294,0.0833,0.142857143,0.0361,0.0,0.0577,0.0,3367
k414,0.614640223,0.0,0.676911704,0.0,0.0,0.0714,0.0361,0.0,0.230769231,0.0,3400
k2073,0.585922531,0.0,0.0,0.0294,0.208333333,0.107142857,0.0361,0.0,0.192307692,0.0,523
k3391,0.700558689,0.0833,0.0,0.0,0.0,0.178571429,0.0627,0.0,0.211538462,0.0,1621
k1954,0.483936238,0.0,0.0,0.0882,0.0,0.178571429,0.0361,0.0,0.0577,0.0,375
k1631,0.579950549,0.0,0.0,0.0,0.0,0.0714,0.0361,0.0,0.269230769,0.0,916
k676,0.474843285,0.0417,0.0,0.0,0.0,0.107142857,0.0361,0.0,0.0962,0.0,46
k2563,0.519296648,0.0,0.0,0.0,0.0,0.107142857,0.0361,0.536567091,0.0962,0.0,1399
k1324,0.591518122,0.0,0.0,0.0,0.0,0.0714,0.0361,0.0,0.192307692,0.0,415
k270,0.559711598,0.0,0.0,0.0,0.0,0.0714,0.0361,0.0,0.25,0.0,3411
k1657,0.516381739,0.0,0.0,0.0,0.0,0.0714,0.0361,0.0,0.115384615,0.0,1448
k239,0.536326344,0.0,0.0,0.117647059,0.0,0.178571429,0.0361,0.0,0.0769,0.0,113
k569,0.512120628,0.0,0.0,0.0294,0.0833,0.142857143,0.0361,0.0,0.0962,0.0,2826
k2320,0.514058356,0.0,0.0,0.0,0.0,0.107142857,0.0361,0.0,0.153846154,0.0,501
k20,0.585366167,0.0,0.0,0.117647059,0.0,0.25,0.0361,0.0,0.0577,0.0,3357
k1186,0.528141572,0.0,0.0,0.0,0.0,0.0357,0.0361,0.0,0.153846154,0.0,850
k2536,0.544108259,0.0,0.0,0.0,0.0,0.25,0.0361,0.0,0.0962,0.0,3328
k1284,0.706827475,0.125,0.0,0.0,0.0,0.107142857,0.0361,0.0,0.230769231,0.0,2557
k892,0.576599131,0.0,0.388518589,0.0,0.0,0.0357,0.0361,0.0,0.0,0.1,2325
k132,0.772720613,0.0,0.0,0.0,0.0,0.0714,0.0361,0.0,0.519230769,0.0,2750
k171,0.459535615,0.0,0.0,0.0,0.0,0.0357,0.0361,0.0,0.153846154,0.0,2384
k3083,0.557213914,0.0,0.0,0.0,0.0,0.0357,0.0361,0.0,0.173076923,0.0,2401
k2870,0.293733616,0.0,0.0,0.0,0.0,0.0714,0.0361,0.0,0.115384615,0.0,3156
k1422,0.549549209,0.0,0.0,0.0588,0.0,0.178571429,0.0361,0.0,0.0,0.0,2790
k1961,0.52289912,0.0,0.0,0.0588,0.0,0.107142857,0.0361,0.0,0.153846154,0.0,2118
k2555,0.782415301,0.0833,0.0,0.0,0.0,0.107142857,0.384680312,0.0,0.326923077,0.0,3129
k1127,0.284670721,0.0,0.0,0.0,0.0,0.0357,0.0361,0.0,0.0,0.0,2747
k1032,0.409260561,0.0,0.0,0.0,0.0,0.0357,0.0361,0.0,0.115384615,0.0,461
k453,0.275846971,0.0,0.0,0.0,0.0,0.0357,0.0361,0.647001336,0.0,0.0,2818
k1609,0.538937834,0.0,0.492455513,0.0,0.0,0.107142857,0.0361,0.0,0.0962,0.0,2701
k576,0.597234135,0.0,0.0,0.0,0.0,0.0714,0.0361,0.0,0.173076923,0.0,2596
k2818,0.517149268,0.0,0.0,0.0,0.0,0.0357,0.0361,0.0,0.153846154,0.0,1689
k796,0.189046602,0.0,0.0,0.0,0.0,0.0357,0.0361,0.0,0.0,0.0,2917
k183,0.349063019,0.0,0.272422283,0.0,0.0,0.0357,0.0361,0.0,0.0,0.0,1741
k2422,0.657637927,0.0417,0.0,0.0,0.0,0.107142857,0.0361,0.0,0.269230769,0.0,2076
k3429,0.669326678,0.0,0.0,0.0294,0.0,0.0714,0.0361,0.0,0.269230769,0.0,1791
k2053,0.572417042,0.0,0.0,0.0,0.0,0.107142857,0.0361,0.0,0.173076923,0.0,3106
k2930,0.503763256,0.0,0.0,0.0,0.0,0.0714,0.0361,0.0,0.0769,0.0,1998
k2952,0.616712551,0.0417,0.0,0.0294,0.0,0.214285714,0.0361,0.0,0.153846154,0.0,2929
k799,0.423415615,0.0,0.0,0.0,0.0,0.107142857,0.0361,0.0,0.0385,0.0,982
k1734,0.544742888,0.0,0.0,0.0,0.0,0.0357,0.0361,0.0,0.211538462,0.0,2043
k2486,0.673497425,0.125,0.0,0.0588,0.0,0.214285714,0.0361,0.0,0.576923077,0.0,935
k969,0.448229683,0.0,0.0,0.0,0.0,0.107142857,0.0361,0.0,0.0385,0.0,1904
k1676,0.453391033,0.0,0.0,0.0,0.0,0.0357,0.0361,0.0,0.0385,0.0,1457
k2730,0.503015388,0.0,0.359512457,0.0,0.0,0.0357,0.0361,0.0,0.0192,0.0,2032
k2976,0.5325439,0.0417,0.0,0.0,0.0,0.0714,0.0361,0.0,0.153846154,0.0,1106
k817,0.574277261,0.0833,0.0,0.0,0.0,0.0714,0.0361,0.0,0.25,0.0,841
k1494,0.563291952,0.0417,0.0,0.0,0.0,0.107142857,0.0361,0.0,0.134615385,0.0,1146
k2715,0.287715317,0.0,0.267629663,0.0,0.0,0.0357,0.0361,0.0,0.0,0.0,1420
k3325,0.576566804,0.0,0.0,0.0,0.0,0.107142857,0.0361,0.0,0.211538462,0.0,1687
k1488,0.585350098,0.166666667,0.0,0.0,0.0,0.178571429,0.0361,0.0,0.153846154,0.0,50
k291,0.5054004,0.0,0.0,0.0,0.0,0.0357,0.0361,0.0,0.0385,0.0,2111
k3035,0.44010238,0.0,0.0,0.0,0.0,0.107142857,0.0361,0.0,0.0385,0.0333,2886
k1233,0.480274783,0.0,0.0,0.0,0.0833,0.0714,0.0361,0.0,0.153846154,0.0,1720
k1088,0.610813919,0.0,0.0,0.0,0.0,0.0714,0.0361,0.0,0.384615385,0.0,3336
k3073,0.795043992,0.0,0.0,0.0,0.0,0.321428571,0.0361,0.0,0.519230769,0.0,712
k421,0.551121699,0.0,0.0,0.0,0.0,0.0357,0.0361,0.0,0.307692308,0.0,544
k2230,0.632365232,0.0,0.0,0.0,0.0,0.107142857,0.0361,0.0,0.230769231,0.0,1970
k1630,0.638545733,0.0,0.0,0.0,0.0,0.107142857,0.0361,0.0,0.269230769,0.0,1784
k981,0.555290743,0.0833,0.373799614,0.0294,0.0,0.0357,0.0361,0.0,0.0192,0.0,2787
k1182,0.714232241,0.0417,0.0,0.0588,0.0,0.214285714,0.0361,0.0,0.134615385,0.0,1737
k1793,0.561744416,0.0,0.0,0.0,0.0,0.107142857,0.0361,0.0,0.115384615,0.0,1239
k3206,0.679666204,0.0,0.0,0.0,0.0,0.107142857,0.0361,0.0,0.211538462,0.0,407
k2382,0.554623031,0.0,0.0,0.0294,0.0,0.0714,0.0361,0.0,0.153846154,0.0,966
k1019,0.295970604,0.0,0.281059761,0.0,0.0,0.0357,0.0361,0.0,0.0,0.0,2766
k3420,0.270237013,0.0,0.0,0.0,0.0417,0.0357,0.765492017,0.0,0.0577,0.0,3282
k588,0.6158919,0.0,0.0,0.0294,0.0833,0.107142857,0.0361,0.0,0.211538462,0.0,2199
k2937,0.385177915,0.0,0.0,0.0,0.0,0.107142857,0.0361,0.0,0.0385,0.0,2870
k3229,0.674701084,0.0,0.0,0.0,0.0,0.178571429,0.0361,0.0,0.192307692,0.0,1231
k1675,0.531382209,0.0,0.0,0.0,0.0,0.107142857,0.0361,0.0,0.0962,0.0,1414
k2909,0.607463635,0.0,0.0,0.0,0.0,0.0714,0.0361,0.0,0.134615385,0.0,267
k995,0.54485159,0.0,0.0,0.0,0.0,0.0357,0.0361,0.0,0.173076923,0.0,648
k3031,0.451455007,0.0,0.0,0.0588,0.0,0.142857143,0.0361,0.0,0.0,0.0,2295
k2905,0.51676626,0.0,0.234575155,0.0,0.0,0.0357,0.0361,0.0,0.153846154,0.0,123
k600,0.390082729,0.0,0.0,0.0294,0.0,0.142857143,0.0361,0.0,0.0192,0.0333,2808
k590,0.468918186,0.0,0.0,0.0588,0.0417,0.107142857,0.0361,0.0,0.0385,0.0,645
k1768,0.517197286,0.0,0.0,0.0588,0.0,0.178571429,0.0361,0.0,0.134615385,0.0,405
k1518,0.418281109,0.0,0.0,0.0,0.0,0.0357,0.0361,0.0,0.0,0.0,752
k2819,0.560378933,0.0,0.0,0.0,0.0,0.0714,0.0361,0.0,0.230769231,0.0,647
k1554,0.703664158,0.0,0.0,0.0,0.208333333,0.142857143,0.0361,0.0,0.326923077,0.0,225
k2179,0.369526746,0.0,0.0,0.0,0.0,0.0357,0.0361,0.0,0.0,0.2,603
k1346,0.500208613,0.0,0.0,0.0,0.0,0.0357,0.0361,0.0,0.115384615,0.0,2050
k1447,0.568507558,0.166666667,0.0,0.0,0.0,0.107142857,0.0361,0.0,0.0769,0.0,1771
k2708,0.535564676,0.0,0.0,0.0,0.0,0.0357,0.0361,0.0,0.211538462,0.0,1649
k1089,0.631420755,0.0,0.0,0.0,0.0,0.0714,0.0361,0.0,0.25,0.0,1920
k1995,0.613991226,0.0,0.0,0.0,0.0,0.107142857,0.315608075,0.0,0.153846154,0.0,2165
k489,0.517597497,0.0833,0.629927864,0.0588,0.0417,0.0714,0.0361,0.0,0.0769,0.0,1304
k1061,0.52969856,0.0,0.0,0.0,0.0,0.0,0.0361,0.0,0.192307692,0.0,2019
k1781,0.599646748,0.0,0.0,0.0,0.0,0.107142857,0.0361,0.0,0.307692308,0.0,2254
k2977,0.599901393,0.0,0.0,0.0294,0.0,0.0714,0.0361,0.0,0.230769231,0.0,1082
k2386,0.595852015,0.0,0.0,0.0588,0.0,0.107142857,0.0361,0.0,0.288461538,0.0,593
k2368,0.473911852,0.0,0.0,0.0,0.0,0.0357,0.0361,0.0,0.153846154,0.0,2423
k3252,0.448004339,0.0,0.0,0.0,0.0,0.142857143,0.0361,0.0,0.0385,0.0333,2257
k2045,0.463639249,0.0,0.0,0.0,0.0,0.0357,0.0361,0.0,0.0962,0.0,2164
k1541,0.403060778,0.0,0.0,0.0294,0.0,0.142857143,0.0361,0.0,0.0,0.0667,2018
k800,0.360816802,0.0,0.0,0.0,0.0,0.0357,0.0361,0.0,0.0,0.0,3176
k3102,0.629433497,0.0,0.0,0.0294,0.0,0.214285714,0.0361,0.0,0.0192,0.0,1327
k1004,0.512202297,0.0,0.662298928,0.0,0.0,0.0357,0.0361,0.0,0.211538462,0.0,438
k3327,0.44010238,0.0,0.0,0.0,0.0,0.107142857,0.0361,0.0,0.0385,0.0,2030
k2411,0.553860039,0.0,0.0,0.0294,0.0833,0.0357,0.0361,0.0,0.153846154,0.0,3359
k1339,0.612827266,0.0,0.0,0.0,0.0,0.107142857,0.0361,0.0,0.25,0.0,3016
k1384,0.454057422,0.0,0.0,0.0,0.0,0.0357,0.0361,0.0,0.0769,0.0,2554
k1801,0.523030886,0.0,0.0,0.0882,0.0,0.107142857,0.0361,0.0,0.153846154,0.0,1388
k597,0.25728562,0.0,0.0,0.0,0.0,0.0714,0.0361,0.0,0.0,0.0,2280
k667,0.493984443,0.0,0.0,0.0294,0.0833,0.107142857,0.0361,0.0,0.153846154,0.0,905
k470,0.568331745,0.0833,0.0,0.0,0.0,0.0357,0.0361,0.0,0.173076923,0.0,24
k863,0.461434588,0.0,0.0,0.0,0.0,0.107142857,0.0361,0.0,0.0,0.0,1868
k2371,0.457126594,0.0,0.0,0.0,0.0,0.0357,0.0361,0.0,0.0962,0.0,2227
k727,0.57054359,0.0,0.0,0.0,0.0,0.0357,0.0361,0.0,0.269230769,0.0,1334
k2511,0.46815009,0.0,0.0,0.0,0.0,0.0714,0.0361,0.0,0.0577,0.0,1322
k1751,0.527104651,0.0,0.0,0.0,0.0417,0.0714,0.0361,0.0,0.153846154,0.0,439
k978,0.480375923,0.0,0.0,0.0,0.0,0.0714,0.0361,0.0,0.115384615,0.0,877
k2169,0.610507853,0.0,0.0,0.0294,0.0,0.0357,0.0361,0.0,0.25,0.0,101
k1025,0.681674446,0.0417,0.0,0.235294118,0.0,0.392857143,0.0361,0.0,0.0385,0.0,2619
k2489,0.612580371,0.0,0.0,0.0,0.0,0.0714,0.0361,0.0,0.307692308,0.0,3170
k2458,0.576615956,0.0,0.0,0.0,0.0,0.107142857,0.0361,0.0,0.173076923,0.0,3277
k43,0.612278652,0.0417,0.0737,0.0588,0.0,0.107142857,0.0361,0.0,0.134615385,0.0,1374
k3134,0.544354775,0.0,0.0,0.0,0.0,0.0357,0.0361,0.0,0.192307692,0.0,1037
k288,0.531801136,0.0,0.0,0.0,0.0,0.0714,0.0361,0.0,0.0769,0.0,2472
k2734,0.660040142,0.0,0.395875072,0.0588,0.0,0.0357,0.0361,0.0,0.0769,0.0,1992
k1516,0.667227694,0.333333333,0.0,0.0882,0.208333333,0.25,0.0361,0.0,0.230769231,0.0,938
k499,0.489711044,0.0,0.0,0.0,0.0,0.0714,0.0361,0.0,0.0962,0.0,2626
k1184,0.501158383,0.0,0.0,0.0,0.0,0.0357,0.0361,0.0,0.230769231,0.0,1185
k2235,0.420001055,0.0,0.0,0.0,0.0,0.0714,0.0361,0.0,0.0192,0.0,2685
k822,0.471110371,0.0,0.0,0.0,0.0,0.0,0.0361,0.0,0.211538462,0.0,1449
k1716,0.404541769,0.0,0.0,0.0,0.0,0.107142857,0.0361,0.0,0.0,0.1,1576
k1647,0.599522166,0.0,0.0,0.0294,0.0,0.0714,0.0361,0.0,0.115384615,0.0,1191
k549,0.630205375,0.0,0.0,0.0588,0.0,0.107142857,0.0361,0.0,0.25,0.0,835
k2152,0.500744749,0.0,0.0,0.0,0.0,0.0357,0.0361,0.0,0.153846154,0.0,3075
k1064,0.516711247,0.0,0.0,0.0,0.0,0.0,0.989800943,0.0,0.153846154,0.0,2090
k1106,0.467377835,0.0,0.0,0.0,0.0,0.178571429,0.0361,0.0,0.0,0.0,3065
k2266,0.576230868,0.0,0.0,0.0,0.0,0.0357,0.0361,0.0,0.230769231,0.0,3376
k2464,0.480375923,0.0,0.0,0.0,0.0,0.0714,0.0361,0.0,0.115384615,0.0,3399
k1246,0.369526746,0.0,0.0,0.0,0.0,0.0357,0.0361,0.0,0.0,0.1,2345
k1628,0.657143759,0.0,0.0,0.0,0.0,0.0714,0.0361,0.0,0.288461538,0.0,584
k459,0.404541769,0.0,0.0,0.0,0.0,0.107142857,0.0361,0.0,0.0,0.0333,2993
k550,0.431676951,0.0,0.0,0.0,0.0,0.107142857,0.0361,0.0,0.0,0.0,1017
k2904,0.287715317,0.0,0.0,0.0,0.0,0.0357,0.0361,0.0,0.0,0.0,1823
k2630,0.565060672,0.0,0.0,0.0,0.0,0.0714,0.0361,0.0,0.153846154,0.0,367
k1713,0.577442279,0.0,0.0,0.0,0.0,0.0,0.0361,0.0,0.346153846,0.0,1586
k2956,0.473230339,0.0,0.0,0.0882,0.0,0.142857143,0.0361,0.0,0.0577,0.0,3312
k2860,0.609675481,0.0,0.0,0.0,0.0,0.0714,0.0361,0.0,0.346153846,0.0,2544
k3346,0.534741756,0.0,0.0,0.0,0.0,0.0714,0.0361,0.0,0.153846154,0.0,3352
k2754,0.534715289,0.0,0.0,0.0,0.0,0.0714,0.0361,0.0,0.153846154,0.0,397
k1291,0.539777957,0.0,0.0,0.0,0.0,0.0,0.0361,0.0,0.211538462,0.0,759
k63,0.495402859,0.0,0.0,0.0,0.0,0.0357,0.0361,0.0,0.0769,0.0,1357
k134,0.358469033,0.0,0.0,0.0,0.0417,0.0357,0.0361,0.0,0.173076923,0.0,2548
k2072,0.359854744,0.0,0.0,0.0,0.0,0.0357,0.0361,0.0,0.0,0.0,434
k2185,0.608973362,0.0,0.0,0.0588,0.0,0.107142857,0.0361,0.0,0.230769231,0.0,1227
k2604,0.562599096,0.0,0.687286249,0.0,0.0,0.0357,0.0361,0.0,0.153846154,0.0,623
k932,0.575978302,0.0,0.0,0.0,0.0,0.0714,0.0361,0.0,0.115384615,0.0,1583
k3403,0.486028416,0.0,0.0,0.0,0.0,0.0714,0.0361,0.0,0.115384615,0.0,475
k3265,0.552859604,0.0,0.0,0.0,0.0,0.0,0.0361,0.0,0.288461538,0.0,116
k1472,0.567259851,0.0,0.0,0.0,0.0,0.0357,0.0361,0.0,0.0769,0.0,79
k2736,0.492599487,0.0,0.0,0.0,0.166666667,0.0714,0.0361,0.0,0.173076923,0.0,3269
k216,0.596662647,0.0,0.0,0.0,0.0,0.107142857,0.0361,0.0,0.115384615,0.0,1134
k477,0.505200199,0.0,0.0,0.0,0.0,0.0357,0.0361,0.0,0.0962,0.0,3321
k1273,0.545767899,0.0,0.0,0.0,0.0,0.0357,0.0361,0.0,0.192307692,0.0,1903
k2538,0.474686565,0.0,0.0,0.0,0.125,0.0357,0.0361,0.0,0.173076923,0.0,3134
k2510,0.575936145,0.0,0.0,0.0,0.0,0.178571429,0.0361,0.0,0.115384615,0.0,1470
k408,0.47890325,0.0,0.0,0.0,0.0417,0.142857143,0.0361,0.0,0.134615385,0.0,213
k2593,0.551204123,0.0,0.0,0.0,0.0,0.0357,0.0361,0.0,0.173076923,0.0,1178
k1535,0.493597086,0.0833,0.0,0.0,0.0,0.107142857,0.0361,0.0,0.0769,0.0,2273
k3080,0.460144345,0.0,0.0,0.0,0.0,0.0714,0.0361,0.0,0.0962,0.0,2785
k173,0.40642524,0.0,0.0,0.0294,0.0,0.0714,0.0361,0.0,0.0577,0.0,3036
k3392,0.400752141,0.0,0.0,0.0,0.0,0.0357,0.0361,0.0,0.134615385,0.0,344
k2662,0.520147736,0.0,0.0,0.0,0.0,0.0357,0.0361,0.0,0.153846154,0.0,560
k121,0.498897386,0.0,0.0,0.0294,0.0833,0.178571429,0.0361,0.0,0.0577,0.0,657
k1746,0.644452116,0.0,0.0,0.0,0.0,0.0714,0.828655835,0.0,0.365384615,0.0,139
k1458,0.581433809,0.0,0.0,0.0,0.0,0.0,0.0361,0.0,0.230769231,0.0,2627
k103,0.470974257,0.0,0.0,0.0294,0.0417,0.0357,0.808468735,0.0,0.173076923,0.0,133
k371,0.473911852,0.0,0.0,0.0294,0.0,0.0357,0.0361,0.0,0.153846154,0.0,802
k795,0.546110829,0.0,0.0,0.0,0.0,0.0714,0.867201238,0.0,0.153846154,0.0,2878
k2144,0.509926932,0.0,0.0,0.0294,0.0833,0.142857143,0.0361,0.0,0.0769,0.0,2616
k2546,0.485008888,0.0,0.0,0.0,0.0,0.0714,0.0361,0.0,0.0962,0.0,911
k1297,0.480375923,0.0,0.0,0.0,0.0,0.0714,0.0361,0.0,0.115384615,0.0,100
k1238,0.71979248,0.208333333,0.0,0.0,0.0,0.178571429,0.0361,0.0,0.307692308,0.0,1859
k765,0.611841577,0.0417,0.0,0.0,0.125,0.107142857,0.394809031,0.0,0.326923077,0.0,2268
k2735,0.665705302,0.125,0.0,0.0294,0.0,0.0714,0.0361,0.0,0.326923077,0.0,784
k1449,0.438986816,0.0,0.0,0.0,0.0,0.0714,0.658155729,0.0,0.0962,0.0,770
k2643,0.623009316,0.0833,0.0,0.0,0.0417,0.142857143,0.0361,0.0,0.288461538,0.0,3351
k662,0.654213159,0.0,0.0,0.0294,0.0,0.0714,0.0361,0.0,0.365384615,0.0,91
k3395,0.492700627,0.0,0.0729,0.0294,0.0,0.0357,0.0361,0.0,0.0769,0.0,3369
k3029,0.52280006,0.0,0.0,0.0,0.0,0.0357,0.0361,0.0,0.134615385,0.0,2015
k1772,0.522665459,0.0833,0.0,0.0882,0.0833,0.142857143,0.469860027,0.0,0.0769,0.0,1317
k3162,0.572658077,0.0833,0.0,0.0,0.0,0.142857143,0.0361,0.0,0.0769,0.0,1945
k991,0.568331745,0.0,0.0,0.0,0.0,0.0357,0.0361,0.0,0.173076923,0.0,3394
k2858,0.528545375,0.0,0.0,0.0,0.0,0.0357,0.0361,0.0,0.0962,0.0,452
k337,0.503458135,0.0,0.0,0.0588,0.0,0.178571429,0.0361,0.0,0.0769,0.0,662
k84,0.413897118,0.0,0.0,0.0,0.0,0.0357,0.0361,0.0,0.0,0.0,2891
k329,0.475926333,0.0,0.0239,0.117647059,0.0,0.0357,0.0361,0.0,0.0,0.0,2875
k1185,0.551254598,0.0,0.0,0.147058824,0.0,0.107142857,0.0361,0.0,0.0577,0.0,472
k899,0.660883479,0.0,0.0,0.0,0.0,0.107142857,0.0361,0.0,0.115384615,0.0,3188
k1719,0.542576981,0.0,0.0,0.0,0.0,0.0714,0.0361,0.0,0.173076923,0.0,3421
k1833,0.492209295,0.0,0.0,0.0588,0.0,0.107142857,0.0361,0.0,0.0385,0.0,96
k3279,0.547084608,0.0,0.0,0.0,0.0,0.0357,0.0361,0.0,0.134615385,0.0,194
k1119,0.577442279,0.0,0.0,0.0,0.0,0.0,0.0361,0.0,0.346153846,0.0,2361
k1435,0.322435427,0.0,0.0,0.0,0.0,0.0714,0.0361,0.0,0.0,0.0,1402
k2417,0.548126633,0.0417,0.0,0.0,0.0,0.107142857,0.0361,0.0,0.173076923,0.0,3096
k1420,0.525032511,0.0,0.0,0.0294,0.0,0.0357,0.0361,0.0,0.0385,0.0,3338
k2459,0.423415615,0.0,0.0,0.0,0.0,0.107142857,0.0361,0.0,0.0385,0.0,2513
k1689,0.642862612,0.0833,0.0,0.0,0.0,0.107142857,0.368994865,0.0,0.134615385,0.0,1697
k609,0.0,0.0,0.0,0.0,0.0,0.0357,0.0361,0.0,0.0,0.0,2940
k3251,0.602622719,0.0,0.0,0.0294,0.0833,0.142857143,0.0361,0.0,0.25,0.0,761
k722,0.538851818,0.166666667,0.0,0.0,0.0,0.0714,0.0361,0.0,0.0962,0.0,1375
k3310,0.467869545,0.0,0.0,0.0,0.0,0.0357,0.0361,0.0,0.0962,0.0,1519
k1403,0.585138177,0.0,0.0,0.0,0.0,0.0714,0.337553633,0.0,0.115384615,0.0,1573
k780,0.698567462,0.0,0.0,0.0,0.0,0.107142857,0.0361,0.0,0.346153846,0.0,2417
k1258,0.41048823,0.0,0.303753502,0.0,0.0,0.0357,0.0361,0.0,0.0,0.0,2066
k2668,0.538751812,0.0,0.0,0.0,0.0,0.0,0.0361,0.0,0.211538462,0.0,1226
k188,0.482759233,0.0,0.0,0.0,0.0,0.0357,0.0361,0.0,0.153846154,0.0,2521
k2484,0.644452116,0.0,0.0,0.0,0.0,0.107142857,0.0361,0.0,0.365384615,0.0,3131
k885,0.441904183,0.0,0.0,0.0,0.0,0.0357,0.0361,0.0,0.115384615,0.0,3381
k1006,0.598404333,0.0833,0.393967234,0.0588,0.0,0.214285714,0.0361,0.0,0.0769,0.0,3163
k131,0.411810233,0.0,0.0,0.0,0.0,0.0714,0.0361,0.0,0.0385,0.0,3166
k2306,0.349991427,0.0,0.0,0.0294,0.0,0.142857143,0.0361,0.0,0.0,0.0667,3296
k2769,0.49863272,0.0,0.0,0.0,0.0,0.0357,0.0361,0.0,0.115384615,0.0,2284
k125,0.349063019,0.0,0.0,0.0,0.0417,0.0357,0.0361,0.0,0.0,0.0,3050
k2869,0.608337031,0.0,0.0,0.0,0.0,0.107142857,0.0361,0.0,0.134615385,0.0,2815
k2207,0.564816423,0.0,0.0,0.0,0.0,0.107142857,0.0361,0.0,0.134615385,0.0,2293
k540,0.510480838,0.0,0.0,0.0,0.0,0.142857143,0.0361,0.0,0.0962,0.0,1718
k1331,0.498428739,0.0833,0.0,0.0,0.0,0.107142857,0.0361,0.0,0.0769,0.0,3103
k1373,0.572787195,0.0,0.0,0.205882353,0.0,0.214285714,0.0361,0.0,0.115384615,0.0,2837
k2213,0.557515444,0.0,0.0,0.0,0.0,0.0357,0.0361,0.0,0.0962,0.0,2068
k1824,0.459535615,0.0,0.0,0.0,0.0,0.0357,0.644299079,0.0,0.153846154,0.0,2138
k450,0.594207499,0.0,0.0,0.0,0.0,0.0357,0.0361,0.0,0.230769231,0.0,799
k853,0.546413304,0.0,0.697927237,0.0,0.0,0.0357,0.0361,0.0,0.173076923,0.0,1365
k1126,0.609884944,0.0,0.0,0.0,0.0,0.0714,0.0361,0.0,0.0962,0.1,1731
k1437,0.586889883,0.0,0.0,0.0,0.0,0.0714,0.0361,0.0,0.173076923,0.0,1770
k2760,0.693906707,0.0,0.0,0.0,0.0,0.0357,0.0361,0.0,0.211538462,0.0,3287
k2295,0.287715317,0.0,0.0,0.0,0.0,0.0357,0.0361,0.0,0.0,0.0,2174
k271,0.531874675,0.0417,0.383416408,0.0,0.0,0.107142857,0.0361,0.0,0.0577,0.0,2244
k3011,0.530952695,0.0,0.0,0.0588,0.0,0.107142857,0.0361,0.0,0.0962,0.0,1628
k3141,0.606553187,0.0,0.0,0.0,0.0,0.107142857,0.0361,0.0,0.230769231,0.0,388
k3090,0.673814456,0.0,0.81875753,0.176470588,0.0,0.357142857,0.0361,0.0,0.0577,0.0,538
k3185,0.454439107,0.0,0.0,0.0,0.0,0.178571429,0.0361,0.0,0.0,0.0,1900
k1151,0.520091778,0.0,0.0,0.0,0.0,0.0357,0.0361,0.0,0.0962,0.0,3082
k1338,0.464611327,0.0,0.0,0.0,0.0,0.107142857,0.0361,0.568980682,0.0577,0.0,617
k2726,0.411334592,0.0,0.0,0.0,0.0,0.0,0.996342407,0.0,0.0962,0.0,2605
k1678,0.459808787,0.0,0.0,0.0,0.0,0.0357,0.0361,0.0,0.134615385,0.0,2739
k1371,0.414398092,0.0,0.0,0.0,0.0,0.0714,0.0361,0.0,0.153846154,0.0,1206
k3332,0.552756006,0.0,0.0,0.0294,0.0,0.0714,0.0361,0.0,0.0577,0.0,1804
k1043,0.549559417,0.0,0.0,0.0,0.0,0.0357,0.0361,0.0,0.25,0.0,1496
k2962,0.677247731,0.0,0.0,0.0294,0.125,0.142857143,0.0361,0.0,0.423076923,0.0,1027
k777,0.682803433,0.125,0.0,0.0,0.0833,0.178571429,0.0361,0.0,0.326923077,0.0,294
k3407,0.578076908,0.0,0.0,0.0,0.0,0.107142857,0.0361,0.0,0.0962,0.0,1237
k746,0.518967896,0.0,0.0,0.0294,0.0833,0.107142857,0.0361,0.0,0.0962,0.0,33
k2887,0.557055493,0.0,0.0,0.0,0.0,0.0714,0.0361,0.0,0.0769,0.0,3013
k3430,0.499974195,0.0,0.0,0.0,0.0,0.178571429,0.0361,0.0,0.115384615,0.0,3206
k2799,0.482759233,0.0,0.0,0.0,0.0,0.0357,0.0361,0.0,0.153846154,0.0,1514
k1260,0.496677222,0.0,0.0,0.0,0.0,0.107142857,0.0361,0.0,0.0769,0.0,1664
k3269,0.454798107,0.0,0.0,0.0,0.0,0.142857143,0.0361,0.0,0.0385,0.0,2629
k1160,0.598524756,0.0,0.0,0.0,0.0,0.0714,0.0361,0.0,0.173076923,0.0,676
k1966,0.637360977,0.0,0.0,0.0,0.0,0.0714,0.0361,0.0,0.269230769,0.0,3017
k721,0.632339711,0.0,0.0,0.0,0.0,0.0714,0.0361,0.628921393,0.192307692,0.0,3262
k1500,0.409344687,0.0,0.0,0.0,0.0,0.0357,0.0361,0.0,0.153846154,0.0,1875
k236,0.58894463,0.0,0.0,0.0,0.0,0.0357,0.0361,0.0,0.211538462,0.0,1716
k2089,0.652671673,0.0,0.0,0.0,0.0,0.0714,0.0361,0.0,0.384615385,0.0,70
k3408,0.510041683,0.0,0.0,0.0588,0.0,0.142857143,0.0361,0.0,0.0,0.0,1169
k1501,0.485982856,0.0,0.0,0.0,0.0,0.107142857,0.0361,0.0,0.0962,0.0,1190
k2699,0.557562516,0.0,0.0,0.0,0.0,0.142857143,0.0361,0.0,0.0,0.0,2206
k1156,0.189046602,0.0,0.0,0.0,0.0,0.0357,0.0361,0.0,0.0,0.0,374
k2032,0.527718107,0.0,0.0,0.0,0.0,0.0714,0.0361,0.0,0.230769231,0.0,2678
k2339,0.557382355,0.0,0.0,0.0,0.0,0.0357,0.0361,0.0,0.211538462,0.0,1948
k1908,0.625237419,0.0,0.0,0.0,0.0,0.0357,0.888654428,0.0,0.346153846,0.0,1614
k3311,0.640248286,0.0833,0.0,0.0,0.0,0.107142857,0.0361,0.0,0.288461538,0.0,1801
k894,0.518328541,0.0,0.0,0.0,0.0,0.0357,0.0361,0.0,0.134615385,0.0,3275
k3361,0.579754886,0.0,0.0,0.0,0.0,0.178571429,0.0361,0.0,0.115384615,0.0,630
k1607,0.545803629,0.0,0.0,0.0588,0.0417,0.107142857,0.0361,0.0,0.173076923,0.0,2372
k2636,0.698465565,0.0417,0.56249135,0.0,0.0,0.0357,0.0361,0.0,0.134615385,0.0,2102
k1000,0.455338591,0.0,0.0,0.0,0.0,0.0714,0.0361,0.0,0.0577,0.0,3239
k3205,0.275846971,0.0,0.0,0.0,0.0,0.0357,0.0361,0.0,0.0,0.0,1747
k3103,0.556863422,0.0,0.0,0.0,0.0,0.107142857,0.0361,0.0,0.134615385,0.0,2773
k665,0.540831703,0.0,0.0,0.0,0.0,0.0714,0.0361,0.0,0.192307692,0.0,153
k3359,0.549829376,0.166666667,0.0,0.0588,0.208333333,0.142857143,0.0361,0.0,0.0962,0.0,1957
k2040,0.527594471,0.0,0.0,0.117647059,0.0,0.25,0.0361,0.0,0.0,0.0,2200
k1363,0.425017028,0.0,0.0,0.0,0.0,0.0714,0.0361,0.0,0.0769,0.0,1567
k3340,0.552986454,0.0,0.211513311,0.0,0.0,0.107142857,0.0361,0.0,0.0769,0.0,931
k68,0.43089789,0.0,0.0,0.0294,0.0833,0.107142857,0.0361,0.0,0.115384615,0.0,2089
k2121,0.420537002,0.0,0.0,0.0,0.0,0.0714,0.0361,0.0,0.0385,0.0,537
k737,0.4791492,0.0,0.0,0.0,0.0,0.0357,0.0361,0.0,0.0962,0.0,990
k1015,0.427301278,0.0,0.0,0.0,0.0,0.142857143,0.0361,0.0,0.0,0.0,2438
k390,0.533253581,0.0,0.0,0.0588,0.25,0.107142857,0.0361,0.0,0.115384615,0.0,551
k392,0.701016371,0.0417,0.490083629,0.0,0.0,0.0357,0.0361,0.0,0.326923077,0.0,2432
k1411,0.590073617,0.0,0.0,0.0,0.0,0.142857143,0.0361,0.0,0.192307692,0.0,2022
k3110,0.587952892,0.0,0.0,0.0,0.0,0.0357,0.0361,0.0,0.173076923,0.0,2672
k3180,0.189046602,0.0,0.0,0.0,0.0,0.0,0.0361,0.0,0.0962,0.0,1537
k591,0.75547616,0.0417,0.0,0.323529412,0.0,0.5,0.0361,0.0,0.0385,0.0,146
k1207,0.494153639,0.0,0.0,0.0,0.0,0.0357,0.0361,0.0,0.0385,0.0,3372
k2187,0.385177915,0.0,0.0,0.0294,0.0,0.107142857,0.0361,0.0,0.0385,0.0,1806
k2677,0.418416844,0.0,0.0,0.0,0.0,0.0714,0.0361,0.0,0.0769,0.0,2157
k812,0.536813139,0.0,0.0,0.0,0.0,0.0,0.0361,0.0,0.192307692,0.0,3305
k2414,0.485224968,0.0,0.0,0.0,0.5,0.107142857,0.0361,0.0,0.230769231,0.0,2288
k1747,0.541706233,0.0,0.0,0.0,0.0,0.0714,0.0361,0.0,0.153846154,0.0,2027
k2372,0.464534385,0.0,0.0,0.0,0.0,0.0714,0.0361,0.0,0.153846154,0.0,288
k2979,0.556902555,0.0,0.0,0.0,0.0,0.0357,0.0361,0.0,0.230769231,0.0,3346
k620,0.441904183,0.0,0.394317809,0.0,0.0,0.0357,0.0361,0.0,0.115384615,0.0,2712
k498,0.575248771,0.0,0.0,0.0,0.0,0.142857143,0.0361,0.0,0.173076923,0.0,2187
k2746,0.430707709,0.0,0.0,0.0,0.0,0.107142857,0.0361,0.0,0.0577,0.0,2315
k1889,0.646128581,0.0,0.0,0.0588,0.0,0.142857143,0.0361,0.0,0.173076923,0.0,567
k2959,0.357705095,0.0,0.0,0.0,0.0,0.0714,0.0361,0.0,0.0385,0.0,365
k3335,0.530142252,0.0,0.0,0.0,0.0,0.0714,0.0361,0.0,0.153846154,0.0,57
k2009,0.448229683,0.0,0.0,0.0,0.0,0.107142857,0.0361,0.0,0.0385,0.0,2444
k249,0.489589676,0.0,0.0,0.0,0.0,0.0357,0.0361,0.0,0.153846154,0.0,1189
k2332,0.619731815,0.0,0.0,0.0294,0.0,0.0714,0.0361,0.0,0.153846154,0.0,958
k263,0.519536927,0.0,0.0,0.0,0.0,0.0357,0.0361,0.0,0.173076923,0.0,2331
k3111,0.693562453,0.0,0.576129891,0.0,0.0,0.0357,0.0361,0.0,0.0769,0.1,1788
k856,0.639001713,0.125,0.0984,0.0,0.0417,0.107142857,0.0361,0.0,0.173076923,0.0,2341
k1021,0.711790515,0.125,0.0,0.0,0.0,0.107142857,0.0361,0.0,0.384615385,0.0,3270
k1296,0.531106579,0.0,0.272944894,0.0,0.0833,0.0714,0.0361,0.0,0.0769,0.0,1096
k2518,0.431391491,0.0,0.0,0.0,0.0,0.0714,0.0361,0.0,0.0385,0.0,1269
k2405,0.558071808,0.0,0.0,0.0294,0.0,0.0714,0.0361,0.0,0.192307692,0.0,2007
k2517,0.576566804,0.0,0.0,0.0,0.0,0.107142857,0.0361,0.0,0.211538462,0.0,1858
k714,0.557558924,0.0,0.0,0.0,0.0,0.0357,0.0361,0.0,0.134615385,0.0,2446
k963,0.835205619,0.0,0.0,0.0294,0.0,0.285714286,0.0361,0.0,0.5,0.0,1527
k1478,0.625957119,0.0,0.612082892,0.0,0.0,0.107142857,0.0361,0.0,0.173076923,0.0,1024
k2561,0.360816802,0.0,0.0,0.0,0.0417,0.0357,0.0361,0.478092322,0.0,0.0,1415
k1559,0.551431735,0.0,0.0,0.0882,0.0,0.178571429,0.0361,0.0,0.0,0.0,3012
k2114,0.546822779,0.0417,0.0,0.0294,0.0417,0.0714,0.0361,0.0,0.192307692,0.0,3022
k3138,0.661497881,0.0,0.0,0.176470588,0.0,0.357142857,0.0361,0.0,0.0,0.0,1977
k2631,0.43089789,0.0,0.0,0.0,0.0833,0.107142857,0.0361,0.0,0.115384615,0.0,929
k2239,0.632605699,0.0,0.0,0.117647059,0.0,0.214285714,0.0361,0.0,0.173076923,0.0,715
k1319,0.538809661,0.0,0.0,0.0,0.0,0.0357,0.0361,0.0,0.173076923,0.0,2240
k2697,0.349063019,0.0,0.0,0.0,0.0,0.0357,0.0361,0.0,0.0,0.0,458
k598,0.370370272,0.0,0.0,0.0588,0.0417,0.0714,0.0361,0.0,0.0192,0.0,1599
k669,0.579470182,0.0,0.0,0.0,0.0,0.0357,0.0361,0.0,0.211538462,0.0,572
k79,0.634715081,0.0417,0.0,0.0,0.0,0.0714,0.0361,0.0,0.269230769,0.0,1629
k2589,0.575093375,0.0417,0.0,0.117647059,0.0,0.214285714,0.0361,0.0,0.153846154,0.0,38
k2910,0.449373982,0.0,0.0,0.0,0.0,0.0357,0.0361,0.727074307,0.0962,0.0,1631
k1023,0.589006449,0.0,0.0,0.0,0.208333333,0.107142857,0.0361,0.0,0.173076923,0.0,2556
k1929,0.494036619,0.0,0.0,0.0,0.0,0.0714,0.0361,0.0,0.0769,0.0,661
k2934,0.427682964,0.0,0.101304334,0.0,0.0833,0.0357,0.0361,0.0,0.0,0.0,360
k53,0.55511493,0.0,0.0,0.0,0.0,0.0357,0.0361,0.0,0.115384615,0.0,2543
k2687,0.430707709,0.0,0.0,0.0,0.0,0.107142857,0.0361,0.0,0.0577,0.0,2653
k936,0.531730054,0.0,0.0,0.0,0.0,0.107142857,0.0361,0.0,0.115384615,0.0,266
k3095,0.575391501,0.0833,0.0,0.0588,0.0,0.0714,0.0361,0.637619311,0.153846154,0.0,88
k1827,0.493331287,0.0,0.0,0.0,0.0,0.107142857,0.0361,0.0,0.0962,0.0,1976
k1796,0.543780452,0.333333333,0.0,0.0,0.0,0.107142857,0.0361,0.0,0.0192,0.0,3234
k2899,0.609136509,0.0,0.0,0.0294,0.0,0.0714,0.0361,0.0,0.173076923,0.0,3247
k772,0.525588875,0.0,0.0,0.0294,0.0833,0.142857143,0.0361,0.0,0.0577,0.0,862
k703,0.577727739,0.0,0.0,0.0882,0.0,0.214285714,0.0361,0.0,0.0962,0.0,995
k1634,0.632493784,0.0,0.0,0.0,0.0,0.107142857,0.0361,0.0,0.307692308,0.0,2376
k1196,0.514443633,0.0,0.0,0.0588,0.0,0.178571429,0.0361,0.0,0.0385,0.0,559
k1272,0.539734098,0.0,0.0,0.0,0.0,0.107142857,0.0361,0.0,0.192307692,0.0,17
k547,0.468830847,0.0,0.0,0.0,0.0417,0.0714,0.728564395,0.0,0.134615385,0.0,2869
k2409,0.51717271,0.0,0.0,0.0,0.0,0.0357,0.0361,0.0,0.0385,0.0,1250
k2537,0.485181109,0.0,0.0,0.0,0.0,0.142857143,0.0361,0.0,0.0192,0.0,1708
k3337,0.601283513,0.0,0.0,0.0,0.0,0.0357,0.0361,0.0,0.211538462,0.0,2470
k3092,0.417489382,0.0,0.0,0.0294,0.0,0.0357,0.0361,0.0,0.0,0.0,1391
k316,0.407184262,0.0,0.0,0.0,0.0,0.0357,0.0361,0.0,0.153846154,0.0,3344
k1017,0.452620101,0.0,0.0,0.0,0.0,0.0357,0.0361,0.0,0.0192,0.0,1016
k1465,0.346945508,0.0,0.0,0.0,0.0,0.0714,0.0361,0.0,0.0385,0.0,258
k423,0.567259851,0.0,0.0,0.0,0.0,0.0357,0.0361,0.0,0.153846154,0.0,1494
k2102,0.609675481,0.0,0.0,0.0,0.0,0.0714,0.0361,0.0,0.346153846,0.0,1117
k220,0.638545733,0.0,0.0,0.0,0.0,0.107142857,0.0361,0.0,0.269230769,0.0,1674
k118,0.509484752,0.0,0.0,0.0,0.0,0.0357,0.0361,0.0,0.0962,0.0,2139
k2822,0.42902406,0.0,0.319214913,0.0,0.0,0.0357,0.0361,0.0,0.0,0.0667,2429
k3068,0.482759233,0.0,0.0,0.0294,0.0,0.0357,0.0361,0.0,0.153846154,0.0,972
k1105,0.431391491,0.0,0.0,0.0,0.0,0.0714,0.0361,0.0,0.0385,0.0,2253
k478,0.546484953,0.125,0.597390343,0.117647059,0.0833,0.0357,0.0361,0.0,0.0,0.0,1426
k244,0.516535245,0.0,0.0,0.0,0.0,0.0714,0.0361,0.0,0.173076923,0.0,2965
k1172,0.502348053,0.0,0.0,0.0,0.0,0.0357,0.0361,0.0,0.173076923,0.0,3218
k1158,0.364142132,0.0,0.0,0.0,0.0,0.0714,0.0361,0.0,0.0385,0.0,1194
k632,0.552853933,0.0,0.0,0.0,0.0,0.107142857,0.0361,0.0,0.230769231,0.0,310
k593,0.5842472,0.0,0.0,0.0,0.0,0.0714,0.0361,0.0,0.307692308,0.0,446
k2742,0.493559466,0.0,0.0,0.0,0.0,0.0,0.0361,0.0,0.173076923,0.0,3032
k1440,0.479742239,0.0,0.0,0.0,0.0,0.0714,0.0361,0.0,0.0769,0.0,2210
k3074,0.648582217,0.0,0.0859,0.0294,0.0417,0.0714,0.0361,0.0,0.25,0.0,2610
k2280,0.60696512,0.0,0.0,0.0294,0.0,0.0714,0.0361,0.0,0.192307692,0.0,672
k500,0.385177915,0.0,0.0,0.0,0.0,0.107142857,0.0361,0.0,0.0385,0.0,1785
k1318,0.293733616,0.0,0.0,0.0,0.0,0.0714,0.0361,0.0,0.115384615,0.0,2692
k2490,0.505863186,0.0,0.0,0.0,0.0,0.0714,0.0361,0.0,0.134615385,0.0,884
k1439,0.591980341,0.0,0.0,0.0,0.0,0.0714,0.0361,0.0,0.230769231,0.0,2072
k2346,0.546584958,0.0,0.0,0.0,0.0,0.0357,0.0361,0.0,0.0192,0.0,724
k3027,0.563312558,0.0,0.0,0.0,0.0,0.107142857,0.0361,0.0,0.153846154,0.0,2708
k2363,0.566017058,0.0833,0.0,0.0588,0.0,0.0714,0.0361,0.51718409,0.0962,0.0,1056
k2075,0.474605843,0.0,0.426425321,0.0,0.0,0.0714,0.0361,0.0,0.115384615,0.0,1268
k1999,0.357705095,0.0,0.0,0.0,0.0,0.0714,0.0361,0.0,0.0385,0.0,2329
k933,0.565971498,0.0,0.0,0.0,0.0,0.107142857,0.0361,0.0,0.153846154,0.0,3173
k1242,0.345124422,0.0,0.277728029,0.0,0.0,0.0357,0.0361,0.0,0.0,0.0333,2848
k1849,0.558282973,0.0,0.0,0.0,0.0,0.0714,0.0361,0.0,0.173076923,0.0,1482
k2001,0.634382737,0.0,0.359946328,0.0,0.0,0.0714,0.0361,0.0,0.230769231,0.0,899
k536,0.494415658,0.0,0.0,0.0588,0.0,0.142857143,0.0361,0.0,0.0,0.0,1922
k2443,0.537786729,0.0,0.0,0.0,0.0,0.0357,0.0361,0.0,0.230769231,0.0,1031
k891,0.677534893,0.0833,0.0,0.0,0.0417,0.107142857,0.0361,0.0,0.326923077,0.0,487
k710,0.526877228,0.0833,0.0,0.0,0.0,0.178571429,0.0361,0.0,0.0,0.0,2667
k461,0.519732023,0.0417,0.0,0.0,0.0,0.107142857,0.0361,0.0,0.134615385,0.0,2971
k2016,0.492603079,0.0,0.0,0.0,0.0,0.107142857,0.0361,0.0,0.0962,0.0,2150
k1532,0.505863186,0.0417,0.0,0.0294,0.0833,0.0714,0.0361,0.0,0.134615385,0.0,2949
k3287,0.467603935,0.0,0.0,0.0,0.0417,0.0714,0.0361,0.0,0.115384615,0.0,219
k1644,0.483071349,0.0,0.0,0.0294,0.0,0.0357,0.0361,0.0,0.0769,0.0,1281
k2927,0.443167204,0.0,0.0,0.0,0.0,0.0714,0.0361,0.0,0.0769,0.0,1524
k789,0.867140128,0.0,0.0,0.117647059,0.0,0.321428571,0.0361,0.0,0.769230769,0.0,1465
k3164,0.563540548,0.0,0.0,0.0882,0.0,0.178571429,0.0361,0.0,0.0769,0.0,872
k2615,0.568226446,0.0,0.0,0.0,0.0,0.0357,0.0361,0.0,0.153846154,0.0,1177
k1215,0.563631857,0.0417,0.0,0.0,0.0,0.0714,0.0361,0.0,0.0962,0.0,2248
k693,0.564350613,0.0,0.0,0.0294,0.0,0.142857143,0.0361,0.0,0.173076923,0.0,2308
k2710,0.615403404,0.0,0.0,0.0,0.0,0.0714,0.0361,0.0,0.269230769,0.0,2717
k1517,0.36978782,0.0,0.0,0.0294,0.0,0.0357,0.0361,0.0,0.0385,0.0,2562
k174,0.58825669,0.0,0.0,0.0,0.208333333,0.142857143,0.0361,0.0,0.115384615,0.0,3377
k1166,0.534114688,0.0,0.0,0.0,0.0,0.0357,0.0361,0.0,0.192307692,0.0,2389
k1147,0.509264323,0.0417,0.0,0.0294,0.0833,0.107142857,0.0361,0.0,0.115384615,0.0,2735
k2271,0.550212952,0.0,0.0,0.0588,0.0,0.142857143,0.0361,0.0,0.0385,0.0,2934
k2327,0.446077387,0.0,0.0,0.0294,0.0,0.0714,0.0361,0.0,0.0577,0.0,203
k1764,0.631525676,0.0,0.318350219,0.0294,0.0,0.0357,0.0361,0.0,0.230769231,0.0,131
k563,0.493984443,0.0,0.0,0.0,0.0,0.0357,0.0361,0.0,0.153846154,0.0,1305
k2672,0.552859604,0.0,0.0,0.0,0.0,0.0,0.0361,0.0,0.288461538,0.0,1609
k1256,0.341463345,0.0,0.0,0.0,0.5,0.0,0.0361,0.0,0.0,0.0,442
k1869,0.423415615,0.0,0.0,0.0,0.0,0.107142857,0.0361,0.0,0.0385,0.0,1862
k2680,0.406309355,0.0,0.0,0.0,0.0,0.0357,0.0361,0.0,0.0192,0.0,2391
k3341,0.652970366,0.0,0.0,0.0,0.0,0.0714,0.0361,0.0,0.173076923,0.0,3390
k2004,0.465101525,0.0,0.0,0.0,0.0,0.142857143,0.0361,0.0,0.0,0.0,937
k2148,0.533163973,0.0,0.0,0.0,0.0,0.0357,0.0361,0.0,0.115384615,0.0,2911
k268,0.443167204,0.0,0.0,0.0,0.0,0.0714,0.0361,0.0,0.0769,0.0,83
k281,0.463629419,0.0,0.0,0.0,0.0,0.107142857,0.0361,0.0,0.0385,0.0,3076
k2661,0.409260561,0.0,0.0,0.0294,0.0,0.0357,0.0361,0.0,0.115384615,0.0,2014
k1034,0.496392896,0.0,0.0,0.0,0.0,0.0357,0.0361,0.0,0.192307692,0.0,1569
k1669,0.502554114,0.0,0.0,0.0,0.0,0.0357,0.0361,0.0,0.0577,0.0,307
k1562,0.480274783,0.0,0.0,0.0,0.0,0.0357,0.0361,0.0,0.153846154,0.0,189
k2696,0.524000128,0.0,0.0,0.0,0.0,0.107142857,0.0361,0.0,0.115384615,0.0,403
k2116,0.512058054,0.0,0.0,0.0,0.0,0.107142857,0.0361,0.0,0.0962,0.0,3335
k2146,0.53903179,0.0,0.0,0.0,0.0,0.107142857,0.0361,0.0,0.153846154,0.0,10
k1132,0.357705095,0.0,0.0,0.0,0.0833,0.0714,0.0361,0.0,0.0385,0.0,1351
k1860,0.476643954,0.0,0.0,0.0294,0.0,0.107142857,0.0361,0.0,0.153846154,0.0,2756
k1469,0.5356868,0.0,0.0,0.0,0.0,0.178571429,0.0361,0.0,0.0962,0.0,2643
k1033,0.611754048,0.0,0.0,0.0,0.0,0.107142857,0.689034255,0.0,0.230769231,0.0,918
k2543,0.464125666,0.0,0.0,0.0,0.0,0.107142857,0.0361,0.0,0.0385,0.0,333
k1275,0.484049855,0.0,0.0,0.0,0.0,0.0714,0.0361,0.0,0.115384615,0.0,1713
k2139,0.544846486,0.0,0.0,0.0882,0.0,0.285714286,0.0361,0.0,0.0192,0.0,2972
k1829,0.544488809,0.0,0.096,0.0294,0.0,0.0357,0.0361,0.0,0.0577,0.0,1187
k3049,0.183554987,0.0,0.0,0.0,0.0,0.0357,0.0361,0.0,0.0,0.0,583
k2086,0.440529814,0.0,0.0,0.0,0.0833,0.107142857,0.0361,0.0,0.0577,0.0,738
k900,0.390082729,0.0,0.0,0.0294,0.0,0.142857143,0.0361,0.0,0.0192,0.0333,1563
k164,0.570428839,0.0,0.0,0.0,0.0,0.107142857,0.0361,0.0,0.115384615,0.0,3110
k2208,0.542095101,0.0,0.0,0.0,0.0,0.0357,0.0361,0.0,0.25,0.0,2800
k2410,0.446812211,0.0,0.0,0.0,0.0,0.107142857,0.0361,0.0,0.0385,0.133333333,2684
k854,0.560631877,0.0,0.0,0.0,0.0,0.142857143,0.0361,0.0,0.192307692,0.0,2751
k1163,0.295970604,0.0,0.0,0.0,0.0,0.0357,0.0361,0.0,0.0,0.0,1015
k2813,0.528456712,0.0,0.22617074,0.0294,0.0,0.0357,0.0361,0.0,0.0577,0.0,1536
k2827,0.528109623,0.0,0.0,0.0,0.0,0.0714,0.0361,0.0,0.134615385,0.0,386
k2428,0.593896895,0.0,0.0775,0.0,0.0,0.0714,0.0361,0.0,0.134615385,0.0,3141
k3286,0.557210512,0.0,0.0,0.0,0.0,0.178571429,0.0361,0.0,0.0,0.0,2421
k1687,0.43916452,0.0,0.0,0.0294,0.0417,0.0357,0.0361,0.0,0.153846154,0.0,222
k506,0.594870485,0.0833,0.0,0.0,0.0,0.107142857,0.0361,0.0,0.192307692,0.0,366
k451,0.544887509,0.0,0.0,0.0,0.0,0.142857143,0.0361,0.0,0.153846154,0.0,1531
k1283,0.492209295,0.0,0.0,0.0,0.0,0.107142857,0.0361,0.0,0.0385,0.0,1991
k1452,0.629694382,0.0417,0.0,0.0,0.0,0.0714,0.0361,0.0,0.134615385,0.0,1335
k225,0.575570718,0.0,0.0,0.0,0.0,0.0714,0.0361,0.0,0.269230769,0.0,2159
k1591,0.399870238,0.0,0.0,0.0,0.208333333,0.0714,0.0361,0.0,0.0577,0.0,842
k1896,0.548137787,0.0417,0.0,0.0,0.0417,0.107142857,0.0361,0.0,0.192307692,0.0,1468
k2293,0.445278098,0.0,0.0,0.0588,0.0,0.0357,0.0361,0.0,0.0192,0.0,3382
k497,0.407346653,0.0,0.0,0.0,0.0,0.0714,0.0361,0.0,0.153846154,0.0,2396
k449,0.403060778,0.0,0.0,0.0294,0.0,0.142857143,0.0361,0.0,0.0,0.0667,303
k1702,0.542167506,0.0,0.0,0.0,0.0,0.0357,0.0361,0.0,0.230769231,0.0,831
k734,0.521006008,0.0,0.0,0.0588,0.0,0.0714,0.0361,0.0,0.0769,0.0,1982
k599,0.542095101,0.0,0.0,0.0,0.0,0.0357,0.0361,0.0,0.230769231,0.0,1836
k1232,0.658818334,0.0,0.0,0.0,0.0,0.107142857,0.0361,0.0,0.153846154,0.0,3396
k309,0.465169203,0.0,0.0,0.0,0.0,0.107142857,0.0361,0.0,0.0,0.0,1897
k1083,0.345124422,0.0,0.0,0.0294,0.0,0.0357,0.0361,0.0,0.0,0.0,3373
k2528,0.526857,0.0,0.0,0.0,0.0,0.0357,0.0361,0.0,0.173076923,0.0,3003
k2474,0.803148231,0.0,0.0,0.0588,0.0,0.392857143,0.0361,0.0,0.365384615,0.0,763
k110,0.42175087,0.0,0.0,0.0,0.0,0.0714,0.0361,0.0,0.0385,0.0,701
k1418,0.356196503,0.0,0.0834,0.0294,0.0,0.0357,0.0361,0.0,0.0,0.0,2958
k1542,0.540330919,0.0,0.0,0.0,0.0,0.0357,0.0361,0.0,0.173076923,0.0,803
k1576,0.526699902,0.0,0.0,0.117647059,0.0,0.142857143,0.0361,0.0,0.115384615,0.0,1452
k2803,0.670181169,0.0,0.0,0.0294,0.0,0.142857143,0.0361,0.0,0.230769231,0.0,2307
k2991,0.508460308,0.0,0.0,0.0,0.0,0.0357,0.0361,0.0,0.25,0.0,314
k3030,0.548600951,0.0,0.0,0.0,0.0,0.0357,0.0361,0.0,0.153846154,0.0,1931
k2568,0.568993597,0.0,0.0,0.0,0.166666667,0.107142857,0.0361,0.0,0.230769231,0.0,1487
k2841,0.52562971,0.0417,0.0,0.0,0.0,0.0714,0.0361,0.0,0.115384615,0.0,504
k920,0.544795443,0.0,0.0,0.0,0.0,0.107142857,0.0361,0.0,0.0577,0.0,3105
k1743,0.549569626,0.0833,0.0,0.0588,0.208333333,0.107142857,0.0361,0.0,0.153846154,0.0,128
k2313,0.523780456,0.0,0.697680217,0.0,0.0,0.0714,0.0361,0.0,0.0769,0.0,2443
k1205,0.539675872,0.0,0.0,0.0,0.0,0.0,0.0361,0.0,0.307692308,0.0,2294
k1602,0.646710088,0.0,0.0,0.205882353,0.0,0.142857143,0.0361,0.0,0.134615385,0.0,1490
k2906,0.349063019,0.0,0.0,0.0,0.0,0.0357,0.0361,0.0,0.0,0.0,1302
k1526,0.640861932,0.0,0.0,0.235294118,0.0,0.178571429,0.0361,0.0,0.134615385,0.0,2530
k1129,0.616237477,0.0,0.0,0.0588,0.0,0.178571429,0.0361,0.0,0.153846154,0.0,1590
k349,0.587756283,0.125,0.194607408,0.0,0.375,0.107142857,0.0361,0.0,0.115384615,0.0,1912
k1749,0.526393458,0.0,0.0,0.0,0.0,0.0714,0.0361,0.0,0.153846154,0.0,2919
k1884,0.646063738,0.0,0.0,0.0,0.0,0.0357,0.0361,0.0,0.288461538,0.0,3171
k888,0.431893409,0.0,0.0,0.0294,0.0,0.0357,0.0361,0.0,0.173076923,0.0,1914
k3217,0.515190745,0.0,0.0,0.0294,0.0,0.107142857,0.0361,0.0,0.134615385,0.0,2951
k1423,0.591483904,0.0,0.0,0.0294,0.0,0.0714,0.0361,0.0,0.173076923,0.0,2838
k841,0.556977795,0.0,0.0,0.0,0.0,0.0714,0.0361,0.0,0.134615385,0.0,2963
k2966,0.521168966,0.0,0.0,0.0,0.0,0.0357,0.0361,0.0,0.115384615,0.0,3189
k398,0.596198916,0.0417,0.0577,0.147058824,0.0,0.178571429,0.0361,0.0,0.173076923,0.0,1746
k1651,0.406309355,0.0,0.0,0.0,0.0,0.0357,0.0361,0.0,0.0192,0.0,1485
k559,0.470009931,0.0,0.0,0.0,0.0,0.107142857,0.0361,0.0,0.0577,0.0,1611
k1216,0.638545733,0.0,0.0,0.0,0.0,0.107142857,0.0361,0.675114832,0.269230769,0.0,1624
k1975,0.406309355,0.0,0.0,0.0,0.0,0.0357,0.0361,0.0,0.0192,0.0,75
k1624,0.509762461,0.0,0.0,0.0,0.0,0.0,0.0361,0.0,0.173076923,0.0,158
k185,0.610216532,0.0417,0.480921893,0.0588,0.0,0.142857143,0.0361,0.0,0.0577,0.0,3424
k3401,0.618252714,0.0,0.0,0.0,0.0,0.178571429,0.0361,0.0,0.153846154,0.0333,2359
k2396,0.504111291,0.0,0.0,0.0,0.0,0.0714,0.0361,0.0,0.115384615,0.0,2820
k2236,0.5094632,0.0,0.126738964,0.0,0.0,0.0357,0.0361,0.0,0.0385,0.0,722
k3271,0.482830504,0.0,0.0,0.0294,0.0833,0.107142857,0.0361,0.0,0.0962,0.0,2303
k2005,0.45890193,0.0,0.0,0.0,0.0,0.0357,0.0361,0.0,0.153846154,0.0,3395
k681,0.557108804,0.0417,0.0,0.117647059,0.0,0.214285714,0.0361,0.0,0.134615385,0.0,1013
k647,0.516717107,0.0,0.0,0.0588,0.0,0.0714,0.0361,0.0,0.192307692,0.0,1394
k2105,0.582745036,0.0,0.0,0.0,0.0,0.0357,0.0361,0.0,0.211538462,0.0,1939
k1958,0.534114688,0.0,0.0,0.0,0.0,0.0357,0.0361,0.0,0.192307692,0.0,3167
k2626,0.332879874,0.0,0.0,0.0,0.0,0.0357,0.0361,0.0,0.0769,0.0,3302
k747,0.538671467,0.0,0.0,0.0,0.0,0.0357,0.0361,0.0,0.134615385,0.0,2181
k760,0.53750108,0.0,0.0,0.0,0.0417,0.107142857,0.0361,0.0,0.115384615,0.0,1192
k1,0.5085036,0.0,0.0,0.0294,0.0833,0.142857143,0.0361,0.0,0.0962,0.0,3069
k1047,0.625864865,0.0,0.0,0.0,0.0417,0.214285714,0.0361,0.0,0.384615385,0.0,1751
k1993,0.524882975,0.0,0.0,0.0,0.0,0.107142857,0.0361,0.0,0.0962,0.0,2205
k1308,0.540859115,0.166666667,0.0,0.0,0.0,0.107142857,0.0361,0.0,0.0577,0.0,105
k1802,0.460911685,0.0,0.0,0.0588,0.0,0.0357,0.0361,0.0,0.0192,0.0,1972
k3063,0.537095953,0.0,0.0,0.0,0.0,0.0357,0.0361,0.0,0.134615385,0.0,2437
k1027,0.462000215,0.0,0.362474234,0.0588,0.0,0.0357,0.0361,0.0,0.0,0.0,1464
k252,0.53579588,0.0,0.0,0.0,0.0,0.142857143,0.0361,0.0,0.153846154,0.0,420
k719,0.647436972,0.0417,0.0,0.0294,0.0,0.142857143,0.0361,0.0,0.269230769,0.0,2910
k2047,0.565875841,0.0,0.0,0.0,0.0,0.0714,0.0361,0.0,0.153846154,0.0,2393
k938,0.392299489,0.0,0.0,0.0294,0.0,0.0714,0.0361,0.0,0.0769,0.0,3379
k2462,0.541162913,0.0,0.0,0.0,0.0,0.0714,0.0361,0.0,0.269230769,0.0,22
k784,0.41048823,0.0,0.632706923,0.0294,0.0,0.0357,0.0361,0.0,0.0,0.0,2810
k2006,0.715484675,0.0,0.0,0.0294,0.0,0.178571429,0.0361,0.0,0.384615385,0.0,1229
k1455,0.500744749,0.0,0.0,0.0,0.0,0.0357,0.0361,0.0,0.153846154,0.0,271
k17,0.489113846,0.0417,0.0,0.0,0.0,0.0714,0.0361,0.0,0.115384615,0.0,233
k2083,0.433933033,0.0,0.420292238,0.0,0.0,0.0357,0.0361,0.0,0.0,0.0,2004
k2079,0.561693563,0.0,0.0,0.0882,0.0,0.25,0.0361,0.0,0.153846154,0.0667,2833
k2308,0.56041712,0.0,0.0,0.205882353,0.0,0.178571429,0.0361,0.0,0.0577,0.0,3284
k1321,0.636252597,0.0,0.0,0.0,0.0,0.107142857,0.0361,0.0,0.307692308,0.0,1343
k1198,0.418281109,0.0,0.0,0.0,0.0,0.0357,0.0361,0.0,0.0,0.0,2172
k44,0.648136445,0.0,0.0,0.0,0.0,0.107142857,0.0361,0.0,0.307692308,0.0,2630
k126,0.577598431,0.166666667,0.0,0.0,0.0,0.107142857,0.0361,0.0,0.153846154,0.0,3362
k3192,0.610125979,0.0,0.0,0.0,0.0,0.0714,0.0361,0.0,0.211538462,0.0,1136
k2278,0.547249646,0.0,0.0,0.0,0.0,0.0714,0.0361,0.0,0.134615385,0.0,1492
k1947,0.173600738,0.0,0.0,0.0,0.0,0.0357,0.0361,0.0,0.0,0.0,669
k2842,0.453391033,0.0,0.0,0.0,0.0,0.0357,0.0361,0.0,0.0385,0.0,1042
k1218,0.502737489,0.0,0.0,0.0294,0.0,0.0357,0.0361,0.0,0.0385,0.0,553
k1358,0.389370023,0.0,0.0,0.0,0.0,0.0357,0.0361,0.0,0.115384615,0.0,1275
k2828,0.541209796,0.0,0.0,0.0,0.0,0.0357,0.0361,0.0,0.192307692,0.0,1925
k73,0.499146549,0.0,0.533655469,0.0294,0.0833,0.0357,0.0361,0.0,0.134615385,0.0,1789
k3289,0.493003858,0.0,0.0,0.0,0.0,0.0714,0.0361,0.0,0.153846154,0.0,253
k1369,0.0,0.0,0.0,0.0,0.0,0.0,0.0361,0.0,0.0,0.0,928
k970,0.577442279,0.0,0.0,0.0,0.0,0.0,0.0361,0.0,0.346153846,0.0,663
k61,0.590595196,0.0,0.0,0.0588,0.333333333,0.107142857,0.0361,0.0,0.25,0.0,2261
k556,0.431893409,0.0,0.0,0.0,0.0,0.0357,0.0361,0.0,0.173076923,0.0,1813
k162,0.49798845,0.0,0.0,0.0,0.0,0.0714,0.0361,0.0,0.134615385,0.0,2493
k1405,0.667729046,0.0,0.0,0.0,0.0,0.0714,0.0361,0.698113822,0.346153846,0.0,391
k278,0.557675377,0.0,0.0,0.0,0.0,0.0714,0.0361,0.0,0.211538462,0.0,3041
k2933,0.504911147,0.0,0.634268703,0.0,0.0,0.107142857,0.0361,0.0,0.115384615,0.0,3332
k3320,0.855731543,0.25,0.206550778,0.117647059,0.0,0.321428571,0.0361,0.0,0.596153846,0.0,1461
k1211,0.367460278,0.0,0.0,0.0,0.0,0.0357,0.0361,0.0,0.0,0.133333333,1382
k3231,0.463639249,0.0,0.0,0.0,0.0,0.0357,0.0361,0.0,0.0769,0.0,580
k2840,0.526854542,0.0,0.0,0.0,0.0,0.178571429,0.0361,0.0,0.0385,0.0,3205
k2338,0.53796708,0.0,0.0,0.0,0.0,0.0357,0.0361,0.0,0.211538462,0.0,2675
k3005,0.472106646,0.0,0.0,0.0,0.0,0.107142857,0.0361,0.0,0.134615385,0.0,1694
k2851,0.471841036,0.0,0.0,0.0588,0.0,0.142857143,0.0361,0.0,0.0,0.0,2221
k1098,0.513813163,0.0,0.0,0.0,0.0,0.107142857,0.0361,0.0,0.192307692,0.0,1873
k534,0.558305658,0.0,0.0,0.0294,0.0,0.0714,0.0361,0.0,0.0962,0.0,1610
k2340,0.522529912,0.0,0.0,0.0,0.0,0.142857143,0.0361,0.0,0.0769,0.0,398
k2120,0.696221393,0.0,0.0,0.0294,0.0,0.0714,0.0361,0.0,0.403846154,0.0,1570
k2165,0.510879159,0.0,0.381553945,0.0,0.0,0.0357,0.0361,0.0,0.0,0.0,871
k2786,0.66676453,0.0,0.0,0.0,0.0,0.0714,0.0361,0.0,0.153846154,0.0,610
k2900,0.783672839,0.0833,0.0,0.0,0.0,0.178571429,0.0361,0.0,0.461538462,0.0,1706
k3202,0.62600854,0.0,0.0,0.0,0.0,0.0714,0.0361,0.0,0.384615385,0.0,1112
k1960,0.666636734,0.0833,0.0,0.0,0.0,0.178571429,0.232397834,0.0,0.211538462,0.0,2549
k3263,0.531804161,0.0,0.0,0.0588,0.0833,0.107142857,0.0361,0.0,0.0769,0.0,1545
k505,0.628534581,0.0,0.0857,0.0,0.0,0.0357,0.0361,0.0,0.230769231,0.0,598
k1208,0.575301515,0.0,0.0,0.0294,0.208333333,0.107142857,0.0361,0.0,0.192307692,0.0,353
k1054,0.275846971,0.0,0.0,0.0,0.0,0.0357,0.0361,0.0,0.0,0.0,2564
k708,0.508492257,0.0,0.0,0.0,0.0,0.107142857,0.0361,0.0,0.0962,0.0,2996
k200,0.40642524,0.0,0.0,0.0,0.0,0.0714,0.0361,0.0,0.0577,0.0,3433
k1317,0.539675872,0.0,0.0,0.0,0.0,0.0,0.0361,0.0,0.307692308,0.0,748
k1797,0.527140003,0.0,0.0,0.0,0.0,0.107142857,0.0361,0.0,0.173076923,0.0,1726
k857,0.471880358,0.0,0.0,0.0,0.0,0.107142857,0.0361,0.0,0.0385,0.0,1224
k594,0.525505506,0.0,0.0,0.0588,0.0833,0.107142857,0.0361,0.0,0.115384615,0.0,1596
k844,0.360816802,0.0,0.0,0.0588,0.0,0.0357,0.0361,0.0,0.0,0.0,197
k1703,0.475926333,0.0,0.0607,0.0588,0.0,0.0357,0.0361,0.0,0.0,0.0,1606
k434,0.392299489,0.0,0.0,0.0,0.0,0.0714,0.0361,0.0,0.0769,0.0,556
k1093,0.284670721,0.0,0.274864838,0.0,0.0,0.0357,0.0361,0.0,0.0,0.0,725
k2400,0.398389436,0.0,0.0,0.0,0.0,0.178571429,0.0361,0.0,0.0,0.0,39
k2473,0.409260561,0.0,0.0,0.0294,0.0,0.0357,0.0361,0.0,0.115384615,0.0,760
k912,0.390082729,0.0,0.0,0.0,0.0,0.142857143,0.0361,0.0,0.0,0.0333,1434
k127,0.576840733,0.0,0.0,0.0,0.0,0.107142857,0.0361,0.0,0.230769231,0.0,1168
k2316,0.452620101,0.0,0.0,0.0,0.0,0.0357,0.0361,0.0,0.0192,0.0,1380
k2348,0.518185054,0.0,0.0,0.0,0.0,0.0714,0.0361,0.0,0.115384615,0.0,1794
k3151,0.4969296,0.0,0.0,0.0294,0.0833,0.107142857,0.0361,0.0,0.134615385,0.0,516
k828,0.533085897,0.0,0.0,0.0,0.0,0.0714,0.0361,0.0,0.134615385,0.0,1087
k163,0.610732062,0.0,0.255756308,0.0,0.0,0.0357,0.0361,0.0,0.230769231,0.0,2202
k1565,0.521863712,0.0,0.0,0.0,0.0,0.142857143,0.0361,0.0,0.0385,0.0,2110
k454,0.418281109,0.0,0.0,0.0,0.0,0.0357,0.0361,0.0,0.0,0.0,525
k3276,0.559540322,0.0417,0.630502015,0.0882,0.0,0.25,0.0361,0.0,0.173076923,0.0,1053
k1835,0.67888185,0.0,0.0,0.0,0.0,0.107142857,0.0361,0.0,0.269230769,0.0,402
k422,0.275846971,0.0,0.0,0.0,0.0,0.0357,0.0361,0.764634981,0.0,0.0,975
k135,0.559066571,0.0,0.264444716,0.0,0.0,0.0357,0.0361,0.0,0.0962,0.0,1389
k2995,0.357705095,0.0,0.0,0.0294,0.0,0.0714,0.0361,0.0,0.0385,0.0,4
k707,0.536518983,0.0,0.0,0.0,0.0,0.107142857,0.0361,0.0,0.230769231,0.0,2480
k1700,0.597711477,0.0,0.0,0.0,0.0,0.107142857,0.313005557,0.0,0.134615385,0.0,1648
k819,0.671292196,0.0,0.0,0.0294,0.0,0.214285714,0.0361,0.0,0.173076923,0.0,3002
k1527,0.493030892,0.0,0.0,0.0,0.0,0.107142857,0.0361,0.0,0.0577,0.0,1167
k315,0.515884357,0.0,0.0,0.0,0.0833,0.107142857,0.0361,0.0,0.173076923,0.0,881
k374,0.448004339,0.0,0.0,0.0,0.0,0.142857143,0.0361,0.0,0.0385,0.0,2977
k2714,0.612187721,0.0,0.0,0.0,0.0,0.0714,0.0361,0.0,0.269230769,0.0,915
k90,0.735873729,0.0833,0.0,0.0,0.166666667,0.142857143,0.0361,0.0,0.442307692,0.0,384
k1863,0.459535615,0.0,0.0,0.0,0.0417,0.0714,0.0361,0.0,0.153846154,0.0,1811
k1981,0.287715317,0.0,0.275336518,0.0,0.0,0.0357,0.0361,0.0,0.0,0.0,1294
k2093,0.532138206,0.0,0.0,0.0,0.0,0.107142857,0.0361,0.0,0.173076923,0.0,2865
k91,0.584241907,0.0,0.0,0.0,0.0,0.107142857,0.0361,0.0,0.173076923,0.0,1902
k260,0.406309355,0.0,0.0,0.0,0.0,0.0357,0.0361,0.0,0.0192,0.0,1360
k2245,0.287715317,0.0,0.0,0.0,0.0,0.0357,0.0361,0.0,0.0,0.0,138
k1475,0.40351449,0.0,0.0,0.0,0.0,0.107142857,0.0361,0.0,0.0192,0.0,1034
k2435,0.672186764,0.0,0.0,0.117647059,0.0,0.357142857,0.0361,0.0,0.211538462,0.0,1842
k3008,0.67955202,0.0417,0.0,0.0,0.0,0.107142857,0.0361,0.0,0.346153846,0.0,185
k1939,0.275846971,0.0,0.0,0.0,0.0,0.0357,0.0361,0.551975763,0.0,0.0,733
k1933,0.607074767,0.0,0.0,0.0,0.0,0.142857143,0.0361,0.0,0.192307692,0.0333,814
k3070,0.676791373,0.0,0.0,0.117647059,0.0,0.285714286,0.0361,0.0,0.25,0.0,2083
k2098,0.552756006,0.0,0.0,0.0294,0.0,0.142857143,0.0361,0.0,0.0577,0.0,3146
k1736,0.482513284,0.0,0.0,0.0294,0.25,0.0714,0.0361,0.0,0.0962,0.0,1329
k2211,0.591378038,0.0,0.0,0.0588,0.0,0.0714,0.0361,0.0,0.153846154,0.0,952
k3316,0.599646748,0.0,0.0,0.0,0.0,0.107142857,0.0361,0.0,0.307692308,0.0,2761
k1992,0.546813137,0.0,0.0,0.0,0.0,0.0714,0.0361,0.0,0.134615385,0.0,378
k2866,0.448257661,0.0,0.0,0.0882,0.0,0.142857143,0.0361,0.0,0.0962,0.0,2725
k2700,0.464679005,0.0,0.0,0.0,0.0,0.0,0.0361,0.0,0.153846154,0.0,2697
k253,0.66504723,0.0,0.794164782,0.147058824,0.0,0.357142857,0.0361,0.0,0.0,0.0,2370
k3342,0.583852282,0.0,0.0,0.0,0.0,0.107142857,0.0361,0.0,0.115384615,0.0,2183
k2653,0.345124422,0.0,0.0,0.0,0.0,0.0357,0.0361,0.0,0.0,0.0,2742
k3314,0.550398784,0.0,0.460980402,0.0,0.0,0.0357,0.0361,0.0,0.0192,0.0,1007
k3377,0.294280716,0.0,0.0,0.0,0.0,0.0357,0.0361,0.0,0.0,0.0,2267
k115,0.535511743,0.0,0.0,0.0294,0.0,0.0357,0.0361,0.0,0.0769,0.0,497
k338,0.385177915,0.0,0.0,0.0,0.0,0.107142857,0.0361,0.0,0.0385,0.0,782
k2556,0.740115746,0.0,0.0,0.176470588,0.0,0.285714286,0.0361,0.0,0.403846154,0.0,1871
k3212,0.586530694,0.0833,0.0,0.0588,0.0417,0.107142857,0.573398045,0.0,0.173076923,0.0,1341
k2341,0.536153745,0.0417,0.449878868,0.0294,0.0,0.0357,0.0361,0.0,0.0577,0.0,2539
k3218,0.486944158,0.0,0.0,0.0,0.0,0.0357,0.0361,0.0,0.25,0.0,2649
k223,0.580266824,0.0,0.555277812,0.0588,0.0,0.0357,0.0361,0.0,0.0192,0.0,480
k3072,0.467603935,0.0,0.0,0.0,0.0,0.0714,0.560455792,0.0,0.115384615,0.0,1199
k2941,0.485478291,0.0,0.0,0.0,0.125,0.0714,0.0361,0.0,0.134615385,0.0,3355
k2427,0.58234369,0.0,0.0,0.0,0.0,0.107142857,0.0361,0.0,0.0962,0.0,2131
k475,0.561583727,0.0,0.0,0.0,0.0,0.0357,0.0361,0.0,0.115384615,0.0,62
k428,0.58234369,0.0,0.0,0.0,0.0,0.107142857,0.0361,0.0,0.0962,0.0,932
k2477,0.658488448,0.0833,0.0,0.0588,0.0,0.142857143,0.0361,0.0,0.288461538,0.0,1723
k1610,0.559842796,0.0417,0.381514172,0.0294,0.0,0.142857143,0.0361,0.0,0.0385,0.0,2962
k363,0.567816593,0.0417,0.109942285,0.117647059,0.0,0.178571429,0.0361,0.0,0.0385,0.0,1513
k1707,0.607989374,0.0,0.0,0.0,0.0,0.107142857,0.289020187,0.0,0.192307692,0.0,2752
k2997,0.284670721,0.0,0.0,0.0,0.0,0.0357,0.0361,0.0,0.0769,0.0,1085
k1470,0.504450819,0.0,0.0,0.0,0.0,0.0357,0.0361,0.0,0.115384615,0.0,184
k2625,0.646550533,0.0,0.0,0.0,0.0,0.25,0.0361,0.0,0.0385,0.0,134
k364,0.677894459,0.0,0.801719681,0.205882353,0.0,0.357142857,0.0361,0.0,0.0192,0.0,3137
k1230,0.490730194,0.0,0.0,0.0,0.0,0.0714,0.0361,0.0,0.115384615,0.0,2156
k2466,0.558310007,0.0,0.0,0.0,0.0,0.0,0.0361,0.0,0.307692308,0.0,2565
k749,0.592255593,0.0,0.0,0.0,0.0,0.178571429,0.0361,0.0,0.192307692,0.0,1118
k2124,0.575093375,0.0417,0.0,0.0882,0.0,0.214285714,0.0361,0.0,0.153846154,0.0,1221
k7,0.642447465,0.0,0.0,0.323529412,0.0,0.321428571,0.0361,0.0,0.0192,0.0,588
k2437,0.540330919,0.0,0.0,0.0,0.0,0.0357,0.0361,0.0,0.173076923,0.0,3169
k578,0.532310805,0.0,0.0,0.0,0.0,0.0357,0.0361,0.0,0.25,0.0,2462
k1142,0.480230924,0.0,0.325064975,0.0294,0.0417,0.142857143,0.0361,0.0,0.0385,0.0,646
k2657,0.595936897,0.0,0.0,0.205882353,0.0,0.321428571,0.0361,0.0,0.0385,0.0,1756
k561,0.452620101,0.0,0.0,0.0,0.0,0.0357,0.0361,0.0,0.0192,0.0,843
k440,0.57302029,0.0,0.0,0.0,0.0,0.107142857,0.0361,0.0,0.173076923,0.0,3238
k1445,0.455818202,0.0,0.0,0.0588,0.0,0.214285714,0.0361,0.0,0.0,0.0,1776
k1294,0.543751717,0.0,0.0,0.0,0.0,0.0714,0.0361,0.0,0.153846154,0.0,745
k809,0.552859604,0.0,0.0,0.0,0.0,0.0,0.0361,0.0,0.288461538,0.0,805
k113,0.598891695,0.0833,0.109063656,0.0294,0.0,0.0357,0.0361,0.0,0.0577,0.0,1773
k2233,0.580876688,0.0,0.0,0.0,0.0,0.0714,0.0361,0.0,0.192307692,0.0,3231
k1280,0.655962407,0.0,0.0,0.0,0.0,0.0357,0.0361,0.0,0.173076923,0.0,957
k3345,0.43916452,0.0,0.0,0.0,0.0417,0.0357,0.0361,0.0,0.153846154,0.0,2718
k2013,0.327808131,0.0,0.0,0.0,0.0,0.107142857,0.0361,0.0,0.0,0.0,997
k2830,0.463720539,0.0,0.0,0.0,0.0,0.142857143,0.0361,0.0,0.0769,0.0,2583
k2671,0.443216167,0.0,0.0,0.0,0.0,0.142857143,0.0361,0.0,0.0,0.0333,65
k2176,0.275846971,0.0,0.0,0.0,0.0,0.0357,0.0361,0.0,0.0,0.0,1301
k2931,0.356196503,0.0,0.0,0.0,0.0,0.0357,0.0361,0.0,0.0,0.0,178
k2324,0.6694057,0.0,0.0,0.0,0.0,0.107142857,0.0361,0.0,0.25,0.0,2674
k1491,0.54224804,0.166666667,0.0,0.0,0.0,0.0714,0.0361,0.0,0.153846154,0.0,1646
k1633,0.473911852,0.0,0.0,0.0,0.0,0.0357,0.0361,0.0,0.153846154,0.0,2642
k917,0.516236362,0.0,0.0,0.0294,0.0,0.142857143,0.0361,0.0,0.0385,0.0,2197
k290,0.527968216,0.0,0.0,0.0,0.0,0.0,0.0361,0.0,0.153846154,0.0,328
k1737,0.464611327,0.0,0.0,0.0,0.0,0.107142857,0.0361,0.0,0.0577,0.0,173
k1904,0.347370296,0.0,0.0,0.0,0.0,0.0357,0.0361,0.0,0.0962,0.0,654
k367,0.514056655,0.0,0.373428238,0.0,0.0,0.0357,0.0361,0.0,0.0,0.0,1438
k582,0.601158742,0.0,0.0,0.0,0.0,0.0714,0.0361,0.0,0.230769231,0.0,879
k336,0.514725123,0.0,0.0,0.0,0.0,0.107142857,0.0361,0.0,0.0962,0.0,1207
k3032,0.483397455,0.0,0.0,0.117647059,0.0,0.142857143,0.0361,0.0,0.0,0.0,348
k2034,0.359790657,0.0,0.0,0.0294,0.0,0.107142857,0.0361,0.0,0.0,0.0,3
k2192,0.583552643,0.0417,0.0,0.0294,0.0,0.107142857,0.0361,0.0,0.0769,0.0,3183
k1621,0.332879874,0.0,0.0,0.0,0.0,0.0357,0.0361,0.0,0.0769,0.0,1983
k608,0.639234996,0.0,0.0,0.0,0.0,0.0357,0.0361,0.0,0.134615385,0.0,132
k685,0.634577455,0.0,0.0,0.0882,0.0,0.0357,0.0361,0.0,0.173076923,0.0,513
k3207,0.649649007,0.0,0.0862,0.0294,0.0,0.0714,0.0361,0.0,0.288461538,0.0,1963
k3204,0.431155561,0.0,0.0,0.0,0.0,0.214285714,0.0361,0.0,0.0,0.133333333,2048
k2923,0.73253233,0.0833,0.0,0.0,0.0,0.107142857,0.380600689,0.0,0.25,0.0,1620
k3142,0.53975754,0.0,0.0,0.0,0.0,0.107142857,0.0361,0.0,0.134615385,0.0,624
k3384,0.537944961,0.0,0.0,0.0,0.0,0.0357,0.0361,0.0,0.192307692,0.0,2282
k732,0.553248095,0.0,0.0,0.176470588,0.0,0.142857143,0.0361,0.0,0.0577,0.0,619
k325,0.503856645,0.0,0.0,0.0,0.0,0.0357,0.0361,0.0,0.153846154,0.0,941
k3238,0.520505412,0.0,0.0,0.0,0.0,0.0357,0.0361,0.0,0.0192,0.0,236
k119,0.483920169,0.0,0.0,0.0,0.0,0.107142857,0.0361,0.0,0.0,0.0,3276
k1506,0.473546236,0.0,0.0,0.0,0.0833,0.0714,0.0361,0.0,0.153846154,0.0,1219
k2238,0.345124422,0.0,0.0,0.0,0.0,0.0357,0.0361,0.0,0.0,0.0333,1126
k884,0.707436583,0.0833,0.0,0.0,0.0,0.178571429,0.0361,0.693487963,0.288461538,0.0333,1124
k1254,0.568407175,0.125,0.0,0.0,0.0,0.0714,0.0361,0.0,0.115384615,0.0,2130
k2968,0.650980462,0.0417,0.0,0.0294,0.0833,0.107142857,0.0361,0.0,0.307692308,0.0,2581
k697,0.628623054,0.0,0.0,0.0,0.0,0.142857143,0.0361,0.0,0.134615385,0.0,2946
k3120,0.502831635,0.0,0.0,0.0,0.0,0.0357,0.0361,0.0,0.211538462,0.0,589
k1179,0.521778263,0.0,0.0,0.0,0.0,0.0357,0.0361,0.0,0.0962,0.0,1049
k2549,0.495196042,0.0,0.0,0.0,0.0,0.0714,0.0361,0.0,0.0962,0.0,2591
k1316,0.459791584,0.0,0.0,0.0,0.0,0.0714,0.308503904,0.0,0.0385,0.0,2599
k1545,0.522694383,0.0,0.0,0.0,0.0,0.0714,0.0361,0.0,0.0769,0.0,3196
k2131,0.678981099,0.0,0.0,0.0294,0.0833,0.107142857,0.0361,0.0,0.307692308,0.0,2095
k1530,0.655615885,0.0,0.19986604,0.0,0.0,0.107142857,0.0361,0.0,0.269230769,0.0,476
k1206,0.295970604,0.0,0.0,0.0,0.0,0.0357,0.0361,0.0,0.0,0.0,1296
k356,0.584657621,0.0,0.0,0.0,0.0,0.0357,0.0361,0.0,0.153846154,0.0,237
k2942,0.56082565,0.0,0.0,0.0588,0.0,0.142857143,0.0361,0.0,0.192307692,0.0,2342
k1124,0.569597412,0.0,0.0,0.0,0.0,0.0714,0.0361,0.0,0.211538462,0.0,3145
k1495,0.609925211,0.0417,0.384406227,0.0,0.125,0.107142857,0.360483928,0.0,0.25,0.0,746
k3226,0.297770139,0.0,0.0,0.0,0.0,0.0357,0.0361,0.0,0.0,0.0,371
k1543,0.57979969,0.0,0.0802,0.0,0.0,0.0357,0.0361,0.0,0.25,0.0,700
k1046,0.504249484,0.0,0.0,0.0,0.0,0.142857143,0.0361,0.0,0.0385,0.0,323
k488,0.61499374,0.0,0.0,0.0,0.0,0.0714,0.0361,0.0,0.307692308,0.0,2094
k968,0.535006043,0.0,0.0,0.0,0.0,0.0,0.0361,0.0,0.25,0.0,1658
k2692,0.52713263,0.0,0.0,0.0,0.0,0.0357,0.0361,0.0,0.153846154,0.0,2711
k2673,0.457722469,0.0,0.0,0.0,0.0833,0.0714,0.0361,0.0,0.0769,0.0,3393
k1497,0.592161258,0.0,0.0,0.0,0.0,0.107142857,0.0361,0.0,0.115384615,0.0,1815
k650,0.577341139,0.0,0.0,0.0,0.0,0.107142857,0.422592671,0.0,0.211538462,0.0,443
k2453,0.615567307,0.0,0.0,0.0,0.0,0.178571429,0.0361,0.0,0.0962,0.0,1786
k3181,0.565060672,0.0833,0.0,0.0,0.0417,0.0714,0.0361,0.0,0.153846154,0.0,1159
k1234,0.552859604,0.0,0.0,0.0,0.0,0.0,0.0361,0.0,0.288461538,0.0,602
k1861,0.684655711,0.0,0.0,0.0,0.0,0.0714,0.0361,0.0,0.384615385,0.0,2180
k2149,0.346945508,0.0,0.0,0.0,0.0,0.0714,0.0361,0.0,0.0385,0.0,2594
k1421,0.565888696,0.166666667,0.0,0.0,0.0,0.107142857,0.0361,0.0,0.115384615,0.0,383
k1493,0.628280691,0.0,0.0,0.0,0.0,0.107142857,0.318421608,0.0,0.230769231,0.0,507
k720,0.664326018,0.0,0.0,0.0,0.0,0.107142857,0.0361,0.0,0.288461538,0.0,2410
k2998,0.858816028,0.0,0.0,0.235294118,0.0,0.464285714,0.0361,0.0,0.307692308,0.0,2155
k2780,0.55603691,0.0,0.0,0.0,0.0,0.0714,0.0361,0.0,0.192307692,0.0,2287
k2397,0.487107872,0.0,0.0,0.0294,0.0,0.107142857,0.0361,0.0,0.0769,0.0,9
k1910,0.839986986,0.0,0.0,0.0,0.0,0.107142857,0.0361,0.0,0.423076923,0.0,1547
k2457,0.461496784,0.0,0.0,0.0,0.0,0.0714,0.0361,0.0,0.0769,0.0,631
k456,0.561615486,0.0,0.0,0.0,0.0,0.178571429,0.0361,0.0,0.134615385,0.0,1412
k1377,0.489591945,0.0,0.0,0.0,0.0,0.0357,0.0361,0.0,0.153846154,0.0,1443
k2166,0.445278098,0.0,0.36832416,0.0,0.0,0.0357,0.0361,0.0,0.0192,0.0,389
k1862,0.518210954,0.0,0.0,0.0,0.0833,0.0357,0.0361,0.0,0.115384615,0.0,1483
k3321,0.648471624,0.0833,0.0,0.0,0.0,0.142857143,0.0361,0.0,0.269230769,0.0333,3117
k1115,0.52450129,0.0417,0.0,0.0,0.0,0.107142857,0.0361,0.0,0.0577,0.0,1141
k340,0.523267383,0.0,0.0,0.0,0.0,0.0,0.0361,0.0,0.153846154,0.0,2515
k3014,0.711058716,0.0,0.0,0.0294,0.0,0.0357,0.0361,0.0,0.230769231,0.0,59
k36,0.45649669,0.0,0.0,0.0,0.0,0.0714,0.0361,0.0,0.0962,0.0,614
k623,0.486091936,0.0,0.0,0.0,0.0,0.0357,0.0361,0.0,0.173076923,0.0,2371
k738,0.47533008,0.0,0.0,0.0,0.0,0.0357,0.0361,0.0,0.0769,0.0,2991
k238,0.527968216,0.0,0.0,0.0,0.0,0.0,0.0361,0.0,0.153846154,0.0,3164
k2041,0.486737908,0.0,0.0,0.0294,0.0,0.107142857,0.0361,0.0,0.0385,0.0,317
k664,0.56234445,0.0,0.0,0.0294,0.0,0.0714,0.0361,0.0,0.134615385,0.0,1852
k375,0.491624196,0.0,0.0,0.0294,0.0,0.142857143,0.0361,0.0,0.0385,0.0,380
k2025,0.542418749,0.0,0.0,0.0294,0.0,0.107142857,0.0361,0.0,0.115384615,0.0,2351
k2373,0.565567128,0.0,0.0,0.0,0.0,0.0714,0.0361,0.0,0.230769231,0.0,1848
k3221,0.730087391,0.0833,0.0,0.205882353,0.0,0.25,0.0361,0.0,0.346153846,0.0,2160
k2582,0.346945508,0.0,0.0,0.0,0.0,0.0714,0.0361,0.0,0.0385,0.0,248
k383,0.43916452,0.0,0.0,0.0294,0.0,0.0357,0.0361,0.686549174,0.153846154,0.0,2767
k1914,0.648727972,0.166666667,0.0,0.0,0.0,0.0714,0.0361,0.0,0.134615385,0.0,811
k2249,0.486028416,0.0,0.0,0.0,0.0,0.0714,0.0361,0.0,0.115384615,0.0,110
k577,0.518210954,0.0,0.189397832,0.0,0.0833,0.0357,0.0361,0.0,0.115384615,0.0,2656
k2104,0.565412865,0.0,0.0,0.0,0.0,0.0714,0.0361,0.0,0.211538462,0.0,1889
k3084,0.523849836,0.166666667,0.0,0.0,0.0,0.142857143,0.0361,0.0,0.0,0.0,909
k1096,0.547255128,0.0,0.0,0.0,0.0,0.0714,0.0361,0.0,0.115384615,0.0,2250
k1614,0.514932508,0.0,0.0,0.0294,0.0,0.142857143,0.0361,0.0,0.173076923,0.0,2182
k3052,0.502594381,0.0,0.0,0.0,0.0,0.0714,0.0361,0.0,0.0962,0.0,2770
k1407,0.574278206,0.0,0.0,0.0,0.0,0.0714,0.0361,0.0,0.0962,0.0,1712
k2601,0.617951185,0.0417,0.0,0.0,0.0,0.0714,0.0361,0.0,0.115384615,0.0,392
k178,0.540330919,0.0,0.0,0.0,0.0,0.0357,0.0361,0.0,0.173076923,0.0,3009
k2598,0.527718107,0.0,0.0,0.0,0.0,0.0714,0.0361,0.0,0.230769231,0.0,1743
k1730,0.660021616,0.0,0.0,0.0,0.0,0.107142857,0.0361,0.0,0.307692308,0.0,2935
k2261,0.280824001,0.0,0.0,0.0,0.0,0.0357,0.0361,0.0,0.0385,0.0,945
k621,0.49770885,0.0,0.0,0.0,0.0,0.0,0.0361,0.0,0.153846154,0.0,2061
k3223,0.638948213,0.0,0.0,0.0294,0.0,0.0714,0.0361,0.0,0.115384615,0.0,1702
k2695,0.587293497,0.0,0.0,0.0,0.0,0.0714,0.0361,0.0,0.134615385,0.0,2846
k1344,0.490776133,0.0,0.0,0.0,0.0,0.0714,0.0361,0.0,0.0577,0.0,2340
k2660,0.434376348,0.0,0.0,0.0294,0.0,0.0714,0.0361,0.0,0.0962,0.0,157
k237,0.565208128,0.0,0.0,0.0,0.0,0.0357,0.0361,0.0,0.25,0.0,607
k1387,0.423245473,0.0,0.0,0.0294,0.0,0.107142857,0.0361,0.0,0.0192,0.0,2737
k1490,0.551663317,0.0,0.385300508,0.0,0.0,0.0357,0.0361,0.0,0.0,0.1,3086
k1100,0.516462462,0.0,0.0,0.0,0.0,0.0714,0.0361,0.0,0.115384615,0.0,3094
k1573,0.504131141,0.0,0.497558462,0.0588,0.0,0.0357,0.0361,0.0,0.0,0.0,372
k3268,0.461026247,0.0,0.0,0.0,0.0,0.0714,0.0361,0.0,0.134615385,0.0,1160
k3427,0.54577565,0.0,0.0,0.0,0.0,0.0357,0.0361,0.0,0.173076923,0.0,1812
k2360,0.611884868,0.0,0.0,0.0882,0.0,0.25,0.0361,0.0,0.0769,0.0,3397
k2310,0.608627217,0.0,0.0,0.0882,0.0,0.214285714,0.0361,0.0,0.0962,0.0,1551
k2804,0.403060778,0.0,0.0,0.0294,0.0,0.142857143,0.0361,0.0,0.0,0.0667,2921
k292,0.713108737,0.125,0.0,0.0,0.0,0.178571429,0.0361,0.0,0.307692308,0.0,2299
k199,0.487914156,0.0,0.0,0.0,0.0,0.0357,0.0361,0.0,0.115384615,0.0,694
k351,0.501443087,0.0,0.0,0.0294,0.0,0.0714,0.0361,0.0,0.0962,0.0,1140
k251,0.591612645,0.0,0.0,0.0,0.0,0.107142857,0.331574875,0.0,0.153846154,0.0,2420
k1915,0.536525032,0.0,0.0,0.0,0.0,0.0357,0.0361,0.0,0.192307692,0.0,2908
k1822,0.500744749,0.0,0.428079928,0.0,0.0,0.0357,0.0361,0.0,0.153846154,0.0,2710
k756,0.625047238,0.0,0.0,0.117647059,0.0833,0.285714286,0.0361,0.0,0.192307692,0.0,3031
k272,0.613505187,0.0,0.740856535,0.147058824,0.0,0.25,0.0361,0.0,0.0192,0.0,3263
k2364,0.482748647,0.0,0.0,0.0,0.0,0.0714,0.50418513,0.0,0.0962,0.0,193
k955,0.578515685,0.0,0.0,0.0,0.0,0.0,0.0361,0.0,0.288461538,0.0,1761
k1538,0.555821397,0.0,0.0,0.0,0.0,0.0714,0.0361,0.0,0.307692308,0.0,202
k2567,0.562599096,0.0,0.0,0.0,0.0,0.0357,0.0361,0.0,0.153846154,0.0,3175
k3281,0.535006043,0.0,0.0,0.0,0.0,0.0,0.0361,0.0,0.25,0.0,2634
k2762,0.425380565,0.0,0.0,0.0,0.0,0.0714,0.0361,0.0,0.115384615,0.0,1164
k2315,0.717773462,0.0,0.0,0.0882,0.0,0.214285714,0.0361,0.0,0.307692308,0.0,2016
k368,0.392299489,0.0,0.0,0.0,0.0,0.0714,0.0361,0.0,0.0769,0.0,2394
k2646,0.363758556,0.0,0.0,0.0,0.0,0.0357,0.0361,0.0,0.0577,0.0,3187
k1693,0.412335971,0.0,0.0,0.0,0.0,0.0357,0.0361,0.0,0.0769,0.0,776
k1044,0.57884595,0.0833,0.0,0.0,0.0,0.107142857,0.0361,0.0,0.173076923,0.0,212
k2273,0.422806317,0.0,0.0,0.0,0.0,0.0357,0.951255539,0.0,0.0962,0.0,2336
k3146,0.564508277,0.0,0.379391544,0.0,0.0,0.142857143,0.0361,0.0,0.0962,0.0,1111
k507,0.62108312,0.0,0.0,0.0,0.0,0.107142857,0.0361,0.0,0.346153846,0.0,2041
k133,0.50119468,0.0,0.0,0.0,0.0,0.142857143,0.0361,0.0,0.0962,0.0,1491
k1872,0.475454284,0.0,0.0,0.0,0.0,0.0714,0.0361,0.0,0.0962,0.0,3268
k3313,0.562115137,0.0,0.0,0.0,0.0,0.0714,0.0361,0.0,0.153846154,0.0,3184
k1223,0.576046359,0.0,0.0,0.0,0.0,0.178571429,0.0361,0.0,0.0769,0.0,2178
k1453,0.487226783,0.0,0.0,0.0,0.0417,0.0357,0.0361,0.0,0.211538462,0.0,2974
k152,0.459535615,0.0,0.0,0.0,0.0833,0.0714,0.0361,0.0,0.134615385,0.0,164
k927,0.531752929,0.0,0.0,0.0,0.0,0.0714,0.0361,0.0,0.115384615,0.0,526
k1395,0.480274783,0.0,0.0,0.0,0.0,0.0357,0.0361,0.0,0.153846154,0.0,652
k2272,0.577341139,0.0,0.0,0.0,0.0,0.107142857,0.0361,0.0,0.211538462,0.0,136
k618,0.63888526,0.0,0.0,0.0,0.0,0.142857143,0.0361,0.0,0.384615385,0.0,888
k3132,0.678301666,0.0833,0.0,0.0,0.0,0.178571429,0.0,0.0,0.192307692,0.0,1529
k425,0.540038652,0.0,0.0,0.0,0.0,0.0357,0.0361,0.0,0.0577,0.0,437
k1783,0.600560788,0.0,0.0,0.0,0.0,0.107142857,0.0361,0.0,0.192307692,0.0,973
k1789,0.561938945,0.0417,0.0,0.0294,0.0,0.178571429,0.0361,0.0,0.115384615,0.0,1909
k3343,0.595789063,0.0,0.0,0.0,0.0,0.0357,0.0361,0.0,0.192307692,0.0,2600
k331,0.58732469,0.0,0.0,0.0,0.0,0.0714,0.0361,0.0,0.0962,0.0,1371
k376,0.345124422,0.0,0.0,0.0,0.0,0.0357,0.0361,0.0,0.0,0.0,3200
k1897,0.535564676,0.0,0.0,0.0,0.0,0.0357,0.0361,0.0,0.211538462,0.0,3052
k711,0.603390437,0.0417,0.0,0.0,0.0,0.0714,0.0361,0.0,0.346153846,0.0,2225
k2587,0.399080024,0.0,0.0,0.0,0.0,0.142857143,0.0361,0.0,0.0385,0.0,1246
k2779,0.573040896,0.0,0.0,0.0294,0.0,0.0714,0.0361,0.0,0.173076923,0.0,2052
k762,0.586246368,0.0,0.0,0.0294,0.0833,0.142857143,0.0361,0.0,0.25,0.0,3000
k51,0.631567644,0.0,0.0,0.0,0.0,0.0357,0.0361,0.0,0.25,0.0,1733
k1870,0.403047734,0.0,0.0,0.0,0.0,0.107142857,0.0361,0.0,0.0,0.0667,861
k3355,0.577442279,0.0,0.0,0.0,0.0,0.0,0.0361,0.0,0.346153846,0.0,433
k1874,0.546564163,0.0,0.0,0.0,0.0,0.178571429,0.0361,0.0,0.153846154,0.0,1298
k2980,0.6644247,0.166666667,0.0,0.0882,0.0,0.178571429,0.0361,0.0,0.307692308,0.0,2563
k1712,0.345124422,0.0,0.0,0.0,0.0,0.0357,0.0361,0.0,0.0,0.0,667
k2206,0.525572806,0.0,0.0,0.0,0.0,0.0714,0.0361,0.0,0.230769231,0.0,282
k2388,0.558334772,0.0,0.0,0.0,0.0,0.107142857,0.0361,0.0,0.115384615,0.0,3315
k1615,0.447416404,0.0,0.0,0.0,0.0,0.0714,0.699796019,0.0,0.153846154,0.0,1630
k38,0.608013572,0.0,0.0,0.0,0.0,0.178571429,0.0361,0.0,0.0962,0.0,2074
k1026,0.52842552,0.0,0.0,0.0882,0.0,0.0357,0.0361,0.0,0.0385,0.0,1984
k71,0.684522811,0.0,0.822829012,0.176470588,0.0,0.357142857,0.0361,0.0,0.0962,0.0,2821
k2174,0.633614263,0.0,0.0,0.0882,0.0,0.285714286,0.0361,0.0,0.192307692,0.0,600
k3329,0.468466176,0.0,0.0,0.0,0.0,0.107142857,0.0361,0.0,0.0,0.0,2440
k2292,0.592714031,0.0,0.0,0.0,0.0,0.107142857,0.0361,0.0,0.173076923,0.0,2080
k59,0.610125979,0.0,0.0,0.0,0.0,0.0714,0.0361,0.0,0.211538462,0.0,984
k1220,0.590602758,0.0,0.0,0.264705882,0.0,0.25,0.0361,0.0,0.115384615,0.0,3126
k619,0.431893409,0.0,0.0,0.0,0.0,0.0357,0.0361,0.0,0.173076923,0.0,290
k21,0.554771999,0.0,0.0,0.0,0.0,0.0714,0.0361,0.0,0.269230769,0.0,2663
k1391,0.654998647,0.0,0.0,0.0,0.0,0.0357,0.0361,0.0,0.307692308,0.0,364
k2795,0.474192965,0.0,0.0,0.0294,0.0,0.0,0.0361,0.0,0.173076923,0.0,2247
k1924,0.567458539,0.0,0.0,0.0,0.0,0.0714,0.0361,0.0,0.134615385,0.0,2301
k2288,0.563433548,0.0,0.0,0.0,0.0,0.0714,0.0361,0.0,0.307692308,0.0,2805
k902,0.653797256,0.0,0.0,0.0,0.0,0.142857143,0.0361,0.820014985,0.153846154,0.0,3317
k517,0.634340769,0.0,0.0,0.0,0.0,0.0357,0.0361,0.0,0.153846154,0.0,2896
k1625,0.515752025,0.0,0.0,0.0,0.0,0.0357,0.0361,0.0,0.134615385,0.0,2185
k637,0.515587554,0.0,0.0,0.0,0.0,0.0,0.0361,0.0,0.153846154,0.0,3040
k299,0.666376795,0.0,0.0,0.117647059,0.0,0.142857143,0.0361,0.0,0.173076923,0.0,1833
k181,0.443167204,0.0,0.0,0.0,0.0,0.0714,0.0361,0.0,0.0769,0.0,2777
k280,0.628280691,0.0,0.0,0.0,0.0,0.107142857,0.332489273,0.0,0.230769231,0.0,94
k1288,0.62108312,0.0,0.0,0.0,0.0,0.107142857,0.0361,0.682868033,0.346153846,0.0,844
k1436,0.535006043,0.0,0.0,0.0,0.0,0.0,0.0361,0.0,0.25,0.0,3313
k1589,0.551016022,0.0417,0.0,0.0294,0.0,0.0714,0.66314975,0.0,0.230769231,0.0,150
k285,0.623487793,0.0,0.0,0.0,0.0,0.107142857,0.0361,0.0,0.25,0.0,796
k457,0.55511493,0.0,0.0,0.0,0.0,0.0357,0.0361,0.0,0.115384615,0.0,3220
k275,0.475454284,0.0,0.0,0.0,0.0,0.0714,0.0361,0.0,0.0962,0.0,762
k1340,0.586986675,0.0,0.0,0.147058824,0.0,0.25,0.0361,0.0,0.0769,0.0,103
k752,0.562403055,0.0,0.0,0.0294,0.0,0.0714,0.0361,0.0,0.0577,0.0,1501
k1596,0.537943638,0.0,0.0,0.0,0.0,0.0357,0.0361,0.0,0.192307692,0.0,238
k1735,0.443167204,0.0,0.0,0.0,0.0,0.0714,0.0361,0.0,0.0769,0.0,2608
k2350,0.601133221,0.0417,0.0,0.0882,0.0417,0.214285714,0.0361,0.0,0.0,0.0,2743
k617,0.623383628,0.0,0.484118607,0.0,0.0,0.0357,0.0361,0.0,0.192307692,0.0,1905
k870,0.633361129,0.0833,0.0,0.0,0.0,0.0714,0.0361,0.0,0.192307692,0.0,2527
k487,0.385177915,0.0,0.0,0.0,0.0,0.107142857,0.0361,0.0,0.0385,0.0,3107
k2872,0.578869581,0.0,0.0,0.0,0.0,0.0357,0.0361,0.0,0.230769231,0.0,2067
k604,0.404541769,0.0,0.0,0.0,0.0,0.107142857,0.0361,0.0,0.0,0.0,1153
k2294,0.488081462,0.0,0.0,0.0,0.0,0.0357,0.0361,0.0,0.0962,0.0,890
k811,0.440529814,0.0,0.0,0.0,0.0833,0.107142857,0.0361,0.0,0.0577,0.0,2304
k2033,0.606117057,0.0,0.0,0.0,0.0,0.107142857,0.0361,0.691468222,0.269230769,0.0,1618
k305,0.514036049,0.0,0.0,0.0,0.0,0.0714,0.0361,0.0,0.173076923,0.0,432
k643,0.516788756,0.0,0.0,0.0,0.0,0.107142857,0.0361,0.0,0.0962,0.0,2078
k2052,0.663975903,0.0833,0.0,0.0588,0.0,0.285714286,0.0361,0.0,0.307692308,0.0,216
k1828,0.399870238,0.0,0.0,0.0,0.25,0.107142857,0.0361,0.0,0.0769,0.0,2985
k1498,0.45607833,0.0,0.0,0.0,0.0,0.107142857,0.0361,0.0,0.0385,0.0,1002
k3133,0.514207325,0.0,0.0,0.0,0.0,0.0714,0.0361,0.0,0.115384615,0.0,89
k1466,0.637742663,0.0,0.0,0.0,0.0,0.0714,0.0361,0.0,0.346153846,0.0,1549
k1356,0.614939105,0.0,0.0,0.0294,0.0,0.25,0.0361,0.0,0.0769,0.0,1684
k2122,0.551275015,0.0,0.0,0.0294,0.0,0.107142857,0.0361,0.0,0.211538462,0.0,3303
k1446,0.586752068,0.0,0.0,0.0,0.0,0.0714,0.0361,0.0,0.0769,0.0,1884
k1243,0.576831847,0.0,0.0,0.0,0.0,0.0357,0.0361,0.0,0.192307692,0.0,240
k1882,0.507022042,0.0,0.0,0.0294,0.0833,0.178571429,0.0361,0.0,0.0577,0.0,2478
k2790,0.606304591,0.0,0.0,0.117647059,0.0,0.178571429,0.0361,0.0,0.134615385,0.0,1418
k2321,0.536472099,0.0,0.0,0.0882,0.0,0.107142857,0.0361,0.0,0.211538462,0.0,1921
k1718,0.287715317,0.0,0.0,0.0,0.0,0.0357,0.0361,0.0,0.0,0.0,301
k1916,0.189046602,0.0,0.0,0.0,0.0,0.0357,0.0361,0.0,0.0,0.0,2245
k112,0.464679005,0.0,0.0,0.0,0.0,0.0,0.0361,0.0,0.153846154,0.0,1006
k1341,0.530408619,0.0,0.0,0.0294,0.0,0.142857143,0.0361,0.0,0.173076923,0.0,363
k357,0.592161258,0.0,0.0,0.0,0.0,0.107142857,0.0361,0.0,0.115384615,0.0,933
k18,0.59148277,0.0,0.0,0.0588,0.125,0.107142857,0.0361,0.0,0.173076923,0.0,1989
k1629,0.502366013,0.0,0.0,0.0294,0.0833,0.107142857,0.0361,0.0,0.115384615,0.0,2322
k2768,0.616299296,0.0,0.295628065,0.0,0.0417,0.0714,0.0361,0.0,0.230769231,0.0,1865
k2616,0.43089789,0.0,0.0,0.0,0.0417,0.107142857,0.0361,0.0,0.115384615,0.0,2704
k2366,0.639844861,0.0,0.0,0.0,0.0417,0.214285714,0.0361,0.0,0.442307692,0.0,1133
k3358,0.474403752,0.0,0.0,0.0588,0.0,0.107142857,0.0361,0.0,0.0,0.0,176
k3168,0.525032511,0.0,0.0767,0.0294,0.0,0.0357,0.0361,0.0,0.0385,0.0,3215
k2989,0.559954145,0.0,0.0,0.0,0.0,0.0714,0.0361,0.0,0.153846154,0.0,2868
k1744,0.470604104,0.0,0.0,0.0,0.0,0.0357,0.0361,0.0,0.0,0.0,2234
k1282,0.574590133,0.0,0.0,0.0,0.0,0.0714,0.0361,0.0,0.269230769,0.0,1707
k2852,0.654213159,0.0,0.0,0.0294,0.0,0.0714,0.0361,0.0,0.365384615,0.0,514
k1936,0.47216544,0.0,0.0,0.0,0.0,0.142857143,0.0361,0.0,0.0,0.0,2900
k2433,0.424881671,0.0,0.0,0.0,0.0,0.107142857,0.0361,0.0,0.0769,0.0,1348
k1885,0.463574217,0.0,0.0,0.0588,0.0,0.0714,0.0361,0.0,0.0962,0.0,499
k672,0.66551531,0.0833,0.365138151,0.0588,0.0,0.107142857,0.0361,0.0,0.153846154,0.0,2017
k2755,0.518250843,0.0,0.0,0.0,0.0,0.142857143,0.0361,0.0,0.115384615,0.0,2317
k779,0.420537002,0.0,0.0,0.0,0.0,0.0714,0.0361,0.0,0.0385,0.0,1272
k327,0.460323372,0.0,0.0,0.0,0.0,0.142857143,0.0361,0.0,0.0385,0.0,554
k283,0.454057422,0.0,0.058,0.0588,0.0,0.0357,0.0361,0.0,0.0769,0.0,2669
k2260,0.568055926,0.0417,0.0,0.176470588,0.0,0.214285714,0.0361,0.0,0.115384615,0.0,3144
k1263,0.173600738,0.0,0.0,0.0,0.0,0.0357,0.0361,0.0,0.0,0.0,1413
k2476,0.493597086,0.0,0.0,0.0,0.0,0.107142857,0.0361,0.0,0.0769,0.0,2657
k1306,0.280824001,0.0,0.0,0.0,0.0,0.0357,0.0361,0.0,0.0385,0.0,474
k169,0.578728363,0.0,0.110298056,0.0294,0.0,0.0714,0.0361,0.0,0.173076923,0.0,2506
k782,0.550922632,0.0,0.0,0.0,0.0,0.142857143,0.0361,0.0,0.211538462,0.0,1321
k1520,0.607989374,0.0,0.0,0.0,0.0,0.107142857,0.325947809,0.0,0.192307692,0.0,2097
k1379,0.609752423,0.0,0.0,0.176470588,0.0,0.25,0.0361,0.0,0.0,0.0,718
k2242,0.613418792,0.0,0.0,0.0294,0.0,0.107142857,0.0361,0.0,0.192307692,0.0,489
k2837,0.533593298,0.0,0.0,0.0,0.0,0.0714,0.0361,0.0,0.134615385,0.0,1643
k776,0.628534581,0.0,0.0854,0.0,0.0,0.0357,0.0361,0.0,0.230769231,0.0,1837
k3009,0.574750255,0.0,0.0,0.0,0.0,0.178571429,0.0361,0.0,0.0385,0.0,3300
k2482,0.446506334,0.0,0.0,0.0294,0.0,0.0357,0.0361,0.0,0.115384615,0.0,1677
k1547,0.431893409,0.0,0.0,0.0,0.0,0.0357,0.0361,0.0,0.173076923,0.0,696
k791,0.582448989,0.0,0.0,0.0,0.0,0.142857143,0.0361,0.0,0.0385,0.0,1363
k1299,0.716214962,0.0,0.498632458,0.0294,0.0,0.0357,0.0361,0.0,0.211538462,0.0,144
k3198,0.69673352,0.166666667,0.333431062,0.0588,0.0,0.214285714,0.0361,0.0,0.192307692,0.0,67
k896,0.448509472,0.0,0.0,0.0,0.0,0.0357,0.0361,0.0,0.0769,0.0,2537
k483,0.488462391,0.0,0.364701637,0.0,0.0,0.0357,0.0361,0.0,0.115384615,0.0,3071
k1854,0.518328541,0.0,0.0,0.0,0.0,0.0357,0.0361,0.0,0.134615385,0.0,1722
k1310,0.729735197,0.0,0.0,0.0,0.0,0.0714,0.0361,0.0,0.461538462,0.0,913
k2251,0.546241082,0.0,0.252795682,0.0,0.0,0.0714,0.0361,0.0,0.153846154,0.0,1421
k3296,0.598319451,0.0,0.744630337,0.0294,0.0,0.178571429,0.0361,0.0,0.153846154,0.0,3027
k2972,0.552854122,0.0,0.0,0.0882,0.0,0.0357,0.0361,0.0,0.173076923,0.0,1379
k1635,0.550968193,0.0,0.0,0.0,0.0,0.0714,0.0361,0.0,0.192307692,0.0,2505
k3136,0.742419657,0.0,0.0,0.0,0.0,0.0357,0.0361,0.0,0.269230769,0.0,1647
k2944,0.502348053,0.0,0.0,0.0,0.0,0.0357,0.0361,0.0,0.173076923,0.0,1367
k1818,0.568331745,0.0,0.0,0.0,0.0,0.0357,0.0361,0.0,0.173076923,0.0,595
k883,0.643459621,0.0417,0.0,0.0294,0.0417,0.107142857,0.59379616,0.0,0.211538462,0.0,2525
k527,0.543469848,0.0,0.0,0.0,0.0,0.0357,0.0361,0.0,0.173076923,0.0,2482
k176,0.520388203,0.0,0.0,0.0,0.0,0.107142857,0.0361,0.0,0.115384615,0.0,1405
k2499,0.461432319,0.0,0.101460311,0.0588,0.0417,0.0357,0.0361,0.0,0.0192,0.0,620
k2764,0.479591191,0.0,0.0,0.0,0.0,0.107142857,0.0361,0.0,0.134615385,0.0,594
k2557,0.673701028,0.0417,0.0,0.0,0.0,0.107142857,0.0361,0.0,0.346153846,0.0,2452
k2263,0.624525091,0.0,0.0842,0.0,0.0,0.107142857,0.0361,0.0,0.0577,0.0,1829
k3413,0.427635891,0.0,0.0,0.0,0.0,0.0357,0.0361,0.0,0.0,0.0,1026
k406,0.568331745,0.0,0.0,0.0,0.0,0.0357,0.0361,0.0,0.173076923,0.0,417
k235,0.486949829,0.0,0.423717384,0.0,0.0,0.107142857,0.0361,0.0,0.0962,0.0,846
k286,0.54870833,0.0,0.0,0.0,0.0,0.0714,0.0361,0.0,0.230769231,0.0,1969
k427,0.505318543,0.0,0.0,0.0,0.0,0.0357,0.0361,0.0,0.0577,0.0,2077
k583,0.532310805,0.0,0.0,0.0,0.0,0.0357,0.0361,0.0,0.25,0.0,3410
k2337,0.544040958,0.0,0.0,0.0,0.0,0.0714,0.0361,0.0,0.115384615,0.0,3029
k2918,0.736154274,0.0,0.0,0.323529412,0.0,0.428571429,0.0361,0.0,0.134615385,0.0,546
k1406,0.471545934,0.0,0.0,0.0,0.0,0.107142857,0.0361,0.0,0.0577,0.0333,740
k2419,0.679493794,0.0,0.686938903,0.0,0.0,0.107142857,0.0361,0.0,0.269230769,0.0,3236
k871,0.516999921,0.0,0.0,0.0,0.0,0.142857143,0.0361,0.0,0.0769,0.0,1439
k1014,0.632722341,0.0,0.0,0.0,0.0,0.107142857,0.0361,0.0,0.153846154,0.0,396
k2085,0.597711477,0.0,0.0,0.0,0.0,0.107142857,0.33136386,0.0,0.134615385,0.0,2716
k3025,0.6612283,0.0,0.0,0.0,0.0,0.178571429,0.0361,0.0,0.307692308,0.0,1671
k2800,0.431893409,0.0,0.0,0.0,0.0,0.0357,0.0361,0.0,0.173076923,0.0,2243
k2479,0.606653571,0.0,0.0,0.117647059,0.416666667,0.142857143,0.0361,0.0,0.115384615,0.0,1404
k2826,0.539952825,0.0,0.0,0.0294,0.0,0.0357,0.0361,0.0,0.0962,0.0,1313
k3001,0.603292889,0.0,0.0,0.0,0.0,0.0714,0.0361,0.0,0.173076923,0.0,15
k887,0.599646748,0.0,0.0,0.0,0.0,0.107142857,0.0361,0.0,0.307692308,0.0,1949
k187,0.345724645,0.0,0.0,0.0588,0.0417,0.0357,0.0361,0.0,0.0,0.0,1690
k1715,0.597711477,0.0,0.0,0.0,0.0,0.107142857,0.27924316,0.0,0.134615385,0.0,3033
k1951,0.64037835,0.125,0.0,0.0882,0.0,0.142857143,0.0361,0.0,0.230769231,0.0,2514
k1945,0.491761633,0.0,0.0,0.0,0.0,0.0357,0.0361,0.0,0.0769,0.0,1324
k573,0.538344228,0.0,0.0,0.0,0.0,0.0,0.0361,0.0,0.25,0.0,3331
k1694,0.69380103,0.0,0.0,0.0,0.0,0.0714,0.814658507,0.700785093,0.403846154,0.0,3252
k8,0.50482135,0.0,0.367468839,0.0,0.0,0.0357,0.0361,0.0,0.0192,0.0,3427
k1188,0.658503004,0.0833,0.634347278,0.0,0.0833,0.0357,0.0361,0.0,0.173076923,0.0,1548
k2919,0.658568603,0.0,0.0,0.294117647,0.0,0.464285714,0.0361,0.0,0.0,0.0,709
k718,0.707352079,0.25,0.0,0.0882,0.208333333,0.214285714,0.0361,0.0,0.288461538,0.0,1075
k206,0.347370296,0.0,0.0,0.0,0.0417,0.0357,0.0361,0.0,0.0962,0.0,97
k1038,0.493030892,0.0,0.0,0.0,0.0,0.107142857,0.0361,0.0,0.0577,0.0,1345
k3331,0.553946244,0.0,0.0,0.0588,0.0,0.0357,0.0361,0.0,0.173076923,0.0,2024
k2963,0.436325229,0.0,0.0,0.0,0.0,0.107142857,0.0361,0.0,0.0577,0.0,188
k3270,0.632717615,0.0,0.0,0.0,0.0417,0.178571429,0.0361,0.0,0.442307692,0.0,1054
k2894,0.557382355,0.0,0.0,0.0,0.0,0.0357,0.0361,0.0,0.211538462,0.0,1067
k2153,0.413033742,0.0,0.0,0.0,0.0,0.0714,0.0361,0.0,0.115384615,0.0,808
k492,0.606216495,0.0,0.0,0.0,0.0,0.107142857,0.0361,0.0,0.269230769,0.0,1154
k2717,0.59145498,0.166666667,0.0,0.117647059,0.208333333,0.178571429,0.0361,0.0,0.134615385,0.0,1757
k1728,0.423415615,0.0,0.0,0.0,0.0,0.107142857,0.0361,0.0,0.0385,0.0,2636
k1177,0.606337485,0.0,0.477727347,0.0,0.0,0.0357,0.0361,0.0,0.0192,0.1,3124
k645,0.501925534,0.0,0.0,0.0,0.0,0.0714,0.0361,0.0,0.153846154,0.0,3430
k1060,0.661763869,0.0,0.0,0.0,0.0,0.107142857,0.0361,0.0,0.134615385,0.0,1128
k1963,0.418416844,0.0,0.0,0.0,0.0,0.0714,0.0361,0.0,0.0577,0.0,2500
k1887,0.56939154,0.0,0.0,0.0,0.208333333,0.0714,0.0361,0.0,0.211538462,0.0,766
k2498,0.601158742,0.0,0.0,0.0,0.0,0.0714,0.0361,0.0,0.230769231,0.0,2681
k761,0.357705095,0.0,0.0,0.0588,0.0833,0.0714,0.0361,0.0,0.0385,0.0,2577
k818,0.385177915,0.0,0.0,0.0,0.0,0.107142857,0.0361,0.0,0.0385,0.0333,1515
k2605,0.577197274,0.0,0.0,0.0294,0.125,0.107142857,0.0361,0.0,0.192307692,0.0,2700
k2665,0.482029514,0.0,0.0,0.0294,0.0833,0.0714,0.0361,0.0,0.134615385,0.0,1691
k3191,0.570463245,0.0,0.0,0.0294,0.0,0.142857143,0.0361,0.0,0.0577,0.0,3274
k1803,0.57944882,0.0,0.0,0.0,0.0,0.142857143,0.0361,0.0,0.192307692,0.0,3207
k3121,0.484049855,0.0,0.0,0.0,0.0,0.0714,0.0361,0.0,0.115384615,0.0,1633
k2024,0.287715317,0.0,0.0,0.0,0.0,0.0,0.0361,0.0,0.115384615,0.0,616
k1281,0.629229327,0.0,0.0,0.0,0.0,0.214285714,0.0361,0.0,0.134615385,0.0,1764
k1570,0.634654775,0.0,0.196966508,0.0,0.0,0.0357,0.0361,0.0,0.0577,0.0,3361
k2017,0.474364619,0.0,0.0,0.0294,0.0,0.0714,0.0361,0.0,0.230769231,0.0,174
k966,0.534067048,0.0,0.0,0.0294,0.25,0.0714,0.0361,0.0,0.153846154,0.0,2107
k823,0.565006415,0.0,0.0,0.0,0.0,0.0714,0.0361,0.0,0.0769,0.0,2357
k829,0.521424368,0.0,0.0,0.0,0.0,0.107142857,0.0361,0.0,0.153846154,0.0,463
k420,0.189046602,0.0,0.0,0.0,0.0,0.0,0.0361,0.0,0.0962,0.0,531
k186,0.570435456,0.0,0.0,0.0,0.0,0.107142857,0.0361,0.0,0.230769231,0.0,1669
k2817,0.501979601,0.0,0.0,0.0294,0.0833,0.0714,0.0361,0.0,0.134615385,0.0,1924
k2985,0.453391033,0.0,0.0,0.0,0.0,0.0357,0.0361,0.0,0.0385,0.0,2144
k2106,0.587257389,0.0,0.0,0.0,0.0,0.0714,0.0361,0.0,0.230769231,0.0,325
k3333,0.535667139,0.0,0.0,0.0,0.0,0.0714,0.0361,0.0,0.153846154,0.0,2101
k1086,0.441904183,0.0,0.62888664,0.0,0.0,0.0357,0.0361,0.0,0.115384615,0.0,462
k2550,0.54121301,0.0833,0.0,0.0588,0.0,0.214285714,0.0361,0.0,0.0,0.0,1603
k836,0.572417042,0.0,0.0,0.0294,0.0,0.107142857,0.0361,0.0,0.173076923,0.0,2771
k2509,0.385668491,0.0,0.0,0.0,0.0,0.0714,0.0361,0.0,0.0577,0.0,2895
k2807,0.538809661,0.0,0.0,0.0,0.0,0.0357,0.0361,0.0,0.173076923,0.0,1314
k868,0.617911485,0.0,0.0,0.0,0.0,0.107142857,0.0361,0.0,0.173076923,0.0,1845
k429,0.568924784,0.0,0.0,0.0294,0.0,0.107142857,0.0361,0.0,0.134615385,0.0,1030
k2704,0.582033276,0.0,0.0,0.0,0.0,0.142857143,0.0361,0.0,0.192307692,0.0,1333
k1959,0.406309355,0.0,0.0,0.0,0.0,0.0357,0.0361,0.0,0.0192,0.0,2877
k1029,0.346945508,0.0,0.0,0.0,0.0,0.0714,0.0361,0.0,0.0385,0.0,1971
k948,0.673744508,0.0833,0.0,0.0,0.0,0.178571429,0.0361,0.0,0.403846154,0.0,2190
k2331,0.565740105,0.0417,0.0,0.0882,0.0,0.142857143,0.0361,0.0,0.115384615,0.0,3038
k3085,0.548430053,0.0,0.0,0.0,0.0,0.0714,0.0361,0.0,0.230769231,0.0,2839
k157,0.587461938,0.0,0.0,0.0294,0.0,0.0357,0.0361,0.0,0.134615385,0.0,1816
k45,0.357705095,0.0,0.0,0.0294,0.0,0.0714,0.0361,0.0,0.0577,0.0,318
k307,0.52969856,0.0,0.0,0.0,0.0,0.0,0.0361,0.0,0.192307692,0.0,1572
k1328,0.57884595,0.0833,0.0,0.0,0.0,0.107142857,0.0361,0.0,0.173076923,0.0,2497
k1347,0.551475972,0.0,0.0,0.0,0.0,0.0714,0.0361,0.0,0.115384615,0.0,2117
k302,0.610665329,0.0,0.0,0.0,0.0,0.142857143,0.0361,0.0,0.153846154,0.0,3249
k1326,0.615723649,0.0,0.0,0.0,0.0,0.0714,0.0361,0.0,0.173076923,0.0,260
k2393,0.280824001,0.0,0.0,0.0,0.0,0.0357,0.0361,0.0,0.0385,0.0,2327
k2037,0.424352719,0.0,0.0,0.0,0.0,0.0357,0.497291974,0.0,0.0962,0.0,3378
k1008,0.287715317,0.0,0.539669615,0.0,0.0,0.0357,0.0361,0.0,0.0,0.0,649
k228,0.349063019,0.0,0.0,0.0,0.0,0.0357,0.0361,0.0,0.0,0.0333,2696
k2949,0.406309355,0.0,0.163946376,0.0,0.0833,0.0357,0.0361,0.0,0.0192,0.0,2352
k1195,0.473828672,0.0,0.0,0.0,0.0,0.178571429,0.0361,0.0,0.0769,0.0,2719
k2719,0.515392647,0.0,0.0,0.0588,0.0,0.0357,0.0361,0.0,0.0385,0.0,2623
k790,0.484948582,0.0,0.0,0.0294,0.25,0.0714,0.0361,0.0,0.173076923,0.0,906
k3418,0.474556501,0.0,0.0,0.0,0.0,0.0714,0.0361,0.0,0.134615385,0.0,818
k3020,0.173600738,0.0,0.0,0.0,0.0,0.0357,0.0361,0.0,0.0,0.0,2483
k521,0.532689655,0.0417,0.0,0.0,0.0,0.0714,0.0361,0.0,0.115384615,0.0,1615
k2336,0.356196503,0.0,0.0,0.0,0.0,0.0357,0.0361,0.0,0.0,0.0333,483
k639,0.572819711,0.0417,0.0,0.0,0.0,0.107142857,0.0361,0.0,0.134615385,0.0,3293
k3432,0.275846971,0.0,0.0,0.0,0.0,0.0357,0.0361,0.0,0.0,0.0,838
k282,0.528268044,0.0417,0.0,0.0,0.0,0.0714,0.0361,0.0,0.115384615,0.0,77
k1806,0.464611327,0.0,0.0,0.0,0.0,0.107142857,0.0361,0.0,0.0577,0.0,3254
k1419,0.773401748,0.0,0.0,0.0,0.0,0.0357,0.0361,0.0,0.288461538,0.0,104
k1792,0.551755383,0.0,0.0,0.176470588,0.0,0.142857143,0.0361,0.0,0.0577,0.0,1401
k3106,0.55208905,0.0,0.0,0.147058824,0.0,0.142857143,0.0361,0.0,0.0962,0.0,1197
k2863,0.529912938,0.0,0.0,0.0,0.0,0.0714,0.0361,0.0,0.230769231,0.0,2455
k168,0.346945508,0.0,0.0,0.0,0.0,0.0714,0.0361,0.0,0.0385,0.0,1844
k3166,0.575670912,0.0417,0.0,0.0,0.0,0.107142857,0.0361,0.0,0.230769231,0.0,1695
k1842,0.183554987,0.0,0.0,0.0,0.0,0.0357,0.0361,0.0,0.0,0.0,1539
k1519,0.515481877,0.0,0.0,0.0588,0.0,0.142857143,0.0361,0.0,0.0192,0.0,2399
k906,0.482759233,0.0,0.0,0.0294,0.0417,0.0714,0.848772596,0.0,0.115384615,0.0,102
k2865,0.493626577,0.0,0.0,0.0,0.0,0.0357,0.0361,0.0,0.211538462,0.0,172
k304,0.549569626,0.0833,0.0,0.0882,0.166666667,0.107142857,0.0361,0.0,0.153846154,0.0,1143
k585,0.691153999,0.0,0.0,0.0,0.0,0.107142857,0.0361,0.0,0.326923077,0.0,2029
k2523,0.433724515,0.0,0.0,0.0588,0.0,0.142857143,0.0361,0.0,0.0577,0.0,2312
k435,0.295970604,0.0,0.0,0.0,0.0,0.0357,0.0361,0.0,0.0,0.0,1960
k1270,0.639762626,0.0,0.0,0.0,0.0,0.0714,0.0361,0.0,0.269230769,0.0,1
k2654,0.524324343,0.0417,0.0,0.0,0.0,0.0714,0.0361,0.0,0.0962,0.0,1233
k1754,0.524962942,0.0417,0.0,0.0,0.0417,0.107142857,0.0361,0.0,0.192307692,0.0,1780
k3124,0.529237853,0.0,0.0,0.0,0.0,0.0357,0.0361,0.0,0.134615385,0.0,171
k792,0.518860896,0.0,0.0,0.0,0.0,0.0714,0.0361,0.0,0.0962,0.0,960
k458,0.534924753,0.0,0.0,0.0,0.0,0.0357,0.0361,0.0,0.115384615,0.0,2760
k1359,0.425017028,0.0,0.0,0.0,0.0,0.0714,0.0361,0.0,0.0769,0.0,1979
k3179,0.494672761,0.0,0.0,0.0,0.0,0.0357,0.0361,0.0,0.192307692,0.0,1409
k1090,0.509874377,0.0,0.0,0.0,0.0,0.107142857,0.0361,0.0,0.134615385,0.0,768
k1109,0.607989374,0.0,0.0,0.0,0.0,0.107142857,0.316381796,0.0,0.192307692,0.0,1315
k3047,0.544589571,0.0,0.0,0.0,0.0,0.0714,0.0361,0.0,0.153846154,0.0,2835
k3299,0.52442794,0.0417,0.0,0.0,0.0,0.0714,0.0361,0.0,0.230769231,0.0,2037
k345,0.430433024,0.0,0.326242232,0.0,0.0,0.0357,0.0361,0.0,0.0,0.266666667,1626
k2159,0.543929988,0.0,0.0,0.0294,0.0833,0.107142857,0.722304284,0.0,0.211538462,0.0,250
k1553,0.553607094,0.0,0.0,0.0,0.0,0.0357,0.0361,0.0,0.288461538,0.0,3334
k55,0.493412577,0.0,0.0,0.0,0.0,0.0357,0.0361,0.0,0.0577,0.0,30
k2554,0.505459004,0.0,0.0,0.0294,0.0,0.0357,0.0361,0.0,0.134615385,0.0,2772
k820,0.6842158,0.0833,0.0,0.0294,0.0,0.142857143,0.0361,0.614750627,0.365384615,0.0,1819
k3147,0.539870212,0.0,0.0,0.0588,0.0833,0.178571429,0.0361,0.0,0.0962,0.0,2038
k1567,0.560630176,0.0,0.0,0.0,0.0,0.0357,0.0361,0.0,0.288461538,0.0,1354
k1551,0.583836969,0.0833,0.0679,0.0588,0.0,0.107142857,0.0361,0.0,0.115384615,0.0,2621
k3012,0.549923143,0.0,0.0,0.0,0.0,0.0714,0.0361,0.0,0.115384615,0.0,1625
k2365,0.360816802,0.0,0.0,0.0,0.0,0.0357,0.0361,0.0,0.0,0.0667,3109
k1875,0.558043262,0.0,0.0,0.0,0.0,0.0357,0.0361,0.0,0.230769231,0.0,1091
k2707,0.582503813,0.0417,0.0,0.0,0.0,0.107142857,0.377857495,0.0,0.211538462,0.0,243
k2965,0.634191233,0.0417,0.0973,0.0,0.0,0.107142857,0.830554969,0.0,0.173076923,0.0,1029
k2180,0.517527172,0.0,0.0,0.0,0.0,0.0357,0.0361,0.0,0.134615385,0.0,1627
k1544,0.579754886,0.0,0.0,0.0,0.0,0.178571429,0.0361,0.0,0.115384615,0.0,1763
k803,0.660774966,0.0833,0.0,0.0588,0.0,0.178571429,0.0361,0.0,0.25,0.0,2883
k1866,0.496817117,0.0833,0.0,0.0588,0.0833,0.107142857,0.0361,0.0,0.0962,0.0,3316
k2936,0.551454232,0.0,0.0,0.0588,0.0,0.25,0.0361,0.0,0.0,0.0667,687
k2608,0.627750226,0.0,0.0852,0.0,0.0,0.0714,0.675669973,0.0,0.134615385,0.0,1277
k1600,0.670989532,0.0,0.0,0.0,0.0,0.0357,0.0361,0.0,0.346153846,0.0,1036
k2269,0.417489382,0.0,0.0,0.0,0.0,0.0357,0.0361,0.0,0.0,0.0,543
k2491,0.548707952,0.0,0.0,0.117647059,0.0,0.25,0.0361,0.0,0.0,0.0,1435
k30,0.536696687,0.0417,0.0,0.0,0.0,0.107142857,0.0361,0.0,0.211538462,0.0,2290
k75,0.414187494,0.0,0.0,0.0,0.0,0.0714,0.0361,0.0,0.0385,0.0,2961
k2907,0.537194824,0.0,0.0,0.0,0.0,0.0357,0.0361,0.0,0.115384615,0.0,2914
k1523,0.324600767,0.0,0.0,0.0,0.0,0.0714,0.0361,0.0,0.0385,0.0,1961
k333,0.563967982,0.0,0.0,0.0,0.0,0.107142857,0.0361,0.0,0.211538462,0.0,3354
k3175,0.529237853,0.0,0.0,0.0,0.0,0.0357,0.0361,0.0,0.134615385,0.0,1089
k2394,0.539520854,0.0,0.0,0.0,0.0,0.0357,0.0361,0.0,0.269230769,0.0,3281
k167,0.474843285,0.0,0.0,0.0,0.0,0.107142857,0.0361,0.0,0.0962,0.0,604
k3069,0.650577793,0.0,0.0,0.0,0.0,0.107142857,0.0361,0.0,0.346153846,0.0,1040
k2392,0.425380565,0.0,0.0,0.0,0.0,0.0714,0.0361,0.0,0.115384615,0.0,532
k2914,0.552157296,0.0,0.0,0.0882,0.0,0.25,0.0361,0.0,0.0,0.0,2994
k1871,0.547600138,0.0,0.0,0.0,0.0,0.0357,0.0361,0.0,0.25,0.0,980
k467,0.61823759,0.0833,0.0,0.0,0.208333333,0.107142857,0.0361,0.0,0.211538462,0.0,3139
k1990,0.627750226,0.0,0.0853,0.0,0.0,0.0714,0.0361,0.0,0.134615385,0.0,1566
k261,0.614640223,0.0,0.678115659,0.0,0.0,0.0714,0.0361,0.0,0.230769231,0.0,3292
k1934,0.473553798,0.0,0.0,0.0,0.0,0.142857143,0.0361,0.0,0.0385,0.0,224
k2182,0.528806638,0.0,0.0,0.0,0.0,0.0357,0.731096575,0.0,0.25,0.0,1274
k2703,0.591612645,0.0,0.0,0.0,0.0,0.107142857,0.265667862,0.0,0.153846154,0.0,541
k897,0.547249646,0.0,0.0,0.0,0.0,0.0714,0.0361,0.0,0.134615385,0.0,1623
k1780,0.572633311,0.0,0.0,0.0,0.0,0.0357,0.0361,0.0,0.192307692,0.0,1311
k886,0.503856645,0.0,0.0,0.0,0.0,0.0357,0.0361,0.0,0.153846154,0.0,3025
k2502,0.503015388,0.0,0.360564883,0.0294,0.0,0.0357,0.0361,0.0,0.0192,0.0,1477
k1769,0.503280053,0.0,0.413868093,0.0,0.0,0.0357,0.0361,0.0,0.0192,0.0,561
k997,0.606553187,0.0,0.0,0.0,0.0,0.107142857,0.0361,0.0,0.230769231,0.0,2064
k2275,0.697517875,0.0417,0.0995,0.0,0.0,0.107142857,0.688330871,0.0,0.326923077,0.0,2567
k1485,0.484172168,0.0,0.0,0.0,0.0,0.0714,0.0361,0.0,0.173076923,0.0,2871
k572,0.443588588,0.0,0.0,0.0,0.0,0.107142857,0.0361,0.0,0.115384615,0.0,1105
k1050,0.565006415,0.0,0.0,0.0,0.0,0.0714,0.0361,0.0,0.0769,0.0,1086
k2378,0.411334592,0.0,0.0,0.0,0.0,0.0,0.968207076,0.0,0.0962,0.0,1885
k141,0.570437346,0.0,0.0,0.0,0.0,0.0357,0.0361,0.0,0.192307692,0.0,2011
k1745,0.427301278,0.0,0.0,0.0,0.0,0.142857143,0.0361,0.0,0.0,0.0,1386
k544,0.587830201,0.0833,0.0,0.0,0.0,0.107142857,0.344728142,0.0,0.0962,0.0,2727
k878,0.496195343,0.0,0.0,0.117647059,0.0,0.142857143,0.0361,0.0,0.0385,0.0,1511
k3044,0.578009041,0.0,0.0,0.0,0.0,0.178571429,0.0361,0.0,0.153846154,0.0,2451
k806,0.738457618,0.0,0.0,0.205882353,0.0,0.357142857,0.0361,0.0,0.288461538,0.0,2523
k2903,0.586752068,0.0,0.0,0.0,0.0,0.0714,0.0361,0.0,0.0769,0.0,2644
k801,0.488375997,0.0,0.0,0.0,0.0,0.107142857,0.0361,0.0,0.0769,0.0,2320
k1140,0.60963597,0.0833,0.0,0.0,0.0,0.107142857,0.361890694,0.0,0.134615385,0.0,2624
k100,0.639065233,0.0833,0.0,0.0294,0.0,0.142857143,0.0361,0.0,0.230769231,0.0,1018
k967,0.577442279,0.0,0.0,0.0,0.0,0.0,0.0361,0.0,0.346153846,0.0,3179
k324,0.494036619,0.0,0.0,0.0,0.0,0.0714,0.0361,0.0,0.0769,0.0,2926
k1867,0.492700627,0.0,0.0,0.0,0.0,0.0357,0.0361,0.0,0.0769,0.0,2070
k2969,0.588796418,0.0,0.0,0.0,0.0,0.0,0.0361,0.0,0.288461538,0.0,1710
k116,0.508460308,0.0,0.0,0.0,0.0,0.0357,0.0361,0.0,0.25,0.0,1238
k197,0.432640522,0.0,0.0,0.0294,0.0,0.0714,0.0361,0.0,0.0962,0.0,3122
k1695,0.549497599,0.0,0.0,0.147058824,0.0,0.142857143,0.0361,0.0,0.0577,0.0,2945
k2385,0.486028416,0.0,0.0,0.0,0.0,0.0714,0.0361,0.0,0.115384615,0.0,755
k2782,0.424881671,0.0,0.0,0.0,0.0,0.107142857,0.0361,0.0,0.0769,0.0,656
k1536,0.403410325,0.0,0.0,0.0,0.0,0.214285714,0.0361,0.0,0.0,0.0667,2983
k554,0.287715317,0.0,0.0,0.0,0.0,0.0357,0.0361,0.507736912,0.0,0.0,2380
k810,0.473911852,0.0,0.0,0.0,0.0,0.0357,0.0361,0.0,0.134615385,0.0,878
k2724,0.538344228,0.0,0.0,0.0,0.0,0.0,0.0361,0.0,0.25,0.0,3289
k909,0.545032697,0.0,0.0,0.0,0.0,0.0714,0.0361,0.0,0.153846154,0.0,944
k393,0.425017028,0.0,0.0,0.0,0.0,0.0714,0.0361,0.0,0.0769,0.0,1074
k1989,0.385177915,0.0,0.0,0.0,0.0,0.107142857,0.0361,0.0,0.0385,0.0,1048
k170,0.453391033,0.0,0.270642958,0.0,0.0,0.0357,0.0361,0.0,0.0385,0.0,1093
k5,0.551188432,0.0,0.0,0.0,0.0,0.0714,0.0361,0.0,0.134615385,0.0,2694
k320,0.603829404,0.0,0.0,0.0882,0.0,0.25,0.0361,0.0,0.0385,0.0,1692
k490,0.552555806,0.0417,0.0,0.0,0.0,0.142857143,0.0361,0.0,0.153846154,0.0,2230
k2505,0.551254598,0.0,0.0,0.147058824,0.0,0.178571429,0.0361,0.0,0.0577,0.0,322
k2485,0.493223341,0.0,0.0,0.0294,0.0,0.142857143,0.0361,0.0,0.134615385,0.0,2882
k3381,0.570439426,0.0,0.0,0.0,0.0,0.142857143,0.0361,0.0,0.192307692,0.0333,2998
k833,0.588996429,0.0,0.0,0.0,0.0,0.0714,0.0361,0.0,0.346153846,0.0,961
k2389,0.275846971,0.0,0.0,0.0,0.0,0.0357,0.0361,0.0,0.0,0.0,410
k2720,0.550444723,0.0,0.0,0.0294,0.0,0.0714,0.0361,0.0,0.153846154,0.0,1121
k2334,0.482017604,0.0,0.0,0.0,0.0,0.214285714,0.0361,0.0,0.0962,0.0,2465
k2796,0.612187721,0.0,0.0,0.0,0.0,0.0714,0.0361,0.0,0.269230769,0.0,1210
k481,0.530684249,0.0,0.0,0.0,0.0,0.0357,0.0361,0.0,0.173076923,0.0,1877
k1604,0.551731941,0.0,0.0,0.0,0.0,0.0,0.0361,0.0,0.346153846,0.0,127
k2823,0.54500623,0.0,0.0,0.0,0.0,0.178571429,0.0361,0.0,0.115384615,0.0,2092
k2515,0.575665052,0.0417,0.18761652,0.0294,0.0833,0.142857143,0.0361,0.0,0.0769,0.0,1022
k1357,0.693906707,0.0,0.0,0.0,0.0,0.0357,0.0361,0.0,0.211538462,0.0,401
k1003,0.465880208,0.0,0.475506155,0.0294,0.0,0.0357,0.0361,0.0,0.0192,0.0,419
k1290,0.70925748,0.0,0.0,0.0,0.0,0.107142857,0.0361,0.0,0.211538462,0.0,535
k218,0.437152119,0.0,0.0,0.0,0.0,0.0357,0.0361,0.0,0.0385,0.0,515
k518,0.692741045,0.0833,0.0,0.0294,0.0833,0.107142857,0.0361,0.0,0.346153846,0.0,247
k2061,0.635596227,0.0833,0.0,0.0,0.0,0.0714,0.0361,0.0,0.153846154,0.0,953
k1076,0.592528387,0.166666667,0.0,0.0588,0.208333333,0.142857143,0.0361,0.0,0.230769231,0.0,2531
k3324,0.633919384,0.0,0.684650857,0.0,0.0,0.142857143,0.0361,0.0,0.192307692,0.0333,3329
k2134,0.450482362,0.0,0.0,0.0,0.0,0.0714,0.0361,0.0,0.0769,0.0,2430
k2413,0.406309355,0.0,0.0,0.0,0.0,0.0357,0.0361,0.0,0.0192,0.0,394
k3148,0.524962942,0.0417,0.0,0.0,0.0,0.0714,0.0361,0.0,0.192307692,0.0,2980
k3006,0.568331745,0.0,0.0,0.0,0.0,0.0357,0.0361,0.0,0.173076923,0.0,2691
k670,0.584838727,0.0,0.0,0.0294,0.0,0.0714,0.0361,0.0,0.288461538,0.0,449
k852,0.783672839,0.0833,0.0,0.0,0.0,0.285714286,0.0361,0.0,0.461538462,0.0,2498
k232,0.550649838,0.0,0.0,0.0,0.0,0.107142857,0.0361,0.0,0.134615385,0.0,1122
k2890,0.657272878,0.0,0.0,0.0,0.0,0.0714,0.0361,0.0,0.384615385,0.0,16
k389,0.557397101,0.0,0.317376052,0.0,0.0,0.0714,0.0361,0.0,0.115384615,0.0,2686
k3042,0.592262209,0.0833,0.0,0.0294,0.0,0.178571429,0.0361,0.0,0.192307692,0.0,56
k2767,0.422500062,0.0,0.0,0.0,0.0,0.214285714,0.0361,0.0,0.0577,0.233333333,940
k3397,0.52153893,0.0,0.0,0.0,0.0,0.107142857,0.0361,0.0,0.0962,0.0,3201
k2926,0.469332577,0.0,0.0,0.0,0.0,0.0357,0.0361,0.0,0.192307692,0.0,2509
k1848,0.628133424,0.0,0.0,0.0,0.0,0.107142857,0.0361,0.90559338,0.384615385,0.0,2860
k3131,0.392299489,0.0,0.0,0.0,0.0,0.0714,0.0361,0.0,0.0769,0.0,3057
k655,0.289264932,0.0,0.0,0.0,0.0,0.0357,0.0361,0.0,0.0769,0.0,2715
k2267,0.59336454,0.0,0.0,0.0,0.0,0.0714,0.0361,0.0,0.153846154,0.0,161
k3021,0.580367775,0.0,0.0,0.0,0.0,0.0357,0.0361,0.0,0.269230769,0.0,2740
k219,0.430433024,0.0,0.317316991,0.0,0.0,0.0357,0.0361,0.0,0.0,0.0667,981
k2381,0.565178826,0.0417,0.0,0.0882,0.0,0.178571429,0.0361,0.0,0.0577,0.0,422
k625,0.575788688,0.0,0.0,0.0,0.0,0.107142857,0.0361,0.0,0.192307692,0.0,2842
k1214,0.471110371,0.0,0.0,0.0294,0.0,0.0,0.0361,0.0,0.211538462,0.0,716
k1374,0.666329345,0.25,0.0,0.0882,0.208333333,0.214285714,0.0361,0.0,0.288461538,0.0,1244
k19,0.335054666,0.0,0.0,0.0,0.0,0.0357,0.0361,0.0,0.0,0.0,1395
k1249,0.409260561,0.0,0.0,0.0,0.0,0.0357,0.0361,0.0,0.115384615,0.0,1344
k3351,0.498974517,0.0,0.0,0.0,0.0417,0.0357,0.0361,0.0,0.211538462,0.0,1368
k2097,0.413033742,0.0,0.0,0.0,0.0,0.0714,0.0361,0.0,0.115384615,0.0,1736
k2781,0.431893409,0.0,0.0,0.0,0.0,0.0357,0.0361,0.0,0.173076923,0.0,1506
k3100,0.588635917,0.0,0.0,0.0,0.0,0.0714,0.331082507,0.0,0.192307692,0.0,3048
k3034,0.46748975,0.0,0.0,0.0,0.0,0.0357,0.0361,0.0,0.0192,0.0,2143
k1496,0.585881319,0.0,0.0,0.0,0.0,0.142857143,0.0361,0.0,0.230769231,0.0,673
k3415,0.638995474,0.0,0.0,0.0,0.0,0.0357,0.0361,0.0,0.326923077,0.0,3045
k3093,0.489458478,0.0,0.0,0.0,0.0,0.0357,0.0361,0.0,0.115384615,0.0,1318
k1834,0.420537002,0.0,0.0,0.0,0.0,0.0714,0.0361,0.0,0.0385,0.0,2595
k2362,0.574883911,0.0,0.0,0.0882,0.0,0.178571429,0.0361,0.0,0.173076923,0.0,2256
k15,0.645359539,0.0,0.0,0.0882,0.0,0.178571429,0.0361,0.0,0.0385,0.0,3007
k2585,0.612278652,0.0417,0.0737,0.0294,0.0,0.107142857,0.0361,0.0,0.134615385,0.0,1265
k901,0.458350292,0.0,0.0,0.0,0.0,0.0357,0.0361,0.0,0.115384615,0.0,2120
k3158,0.43907718,0.0,0.0,0.0882,0.0,0.142857143,0.0361,0.0,0.0577,0.0,2373
k3144,0.465880208,0.0,0.0,0.0,0.0,0.0357,0.0361,0.0,0.0962,0.0,390
k2955,0.571075,0.0,0.0,0.0,0.0,0.214285714,0.0361,0.0,0.0769,0.0333,1373
k1799,0.275846971,0.0,0.0,0.0,0.0,0.0357,0.0361,0.0,0.0,0.0,2613
k2945,0.459535615,0.0,0.0,0.0,0.0,0.0714,0.0361,0.0,0.153846154,0.0,2518
k2100,0.633481552,0.0,0.0,0.0,0.0,0.0714,0.0361,0.0,0.173076923,0.0,3412
k2994,0.602216647,0.0,0.0,0.0,0.0,0.142857143,0.0361,0.0,0.153846154,0.0,3290
k713,0.369526746,0.0,0.0,0.0882,0.0,0.0357,0.0361,0.0,0.0,0.0,564
k3010,0.629210422,0.0,0.0,0.0588,0.0417,0.107142857,0.0361,0.0,0.230769231,0.0,2658
k3171,0.370370272,0.0,0.0,0.0294,0.0833,0.107142857,0.0361,0.0,0.0,0.0,1171
k1111,0.680356413,0.0,0.267840568,0.0,0.0,0.0714,0.0361,0.0,0.230769231,0.0,1923
k2698,0.528301316,0.0,0.0,0.0,0.0,0.0714,0.0361,0.0,0.115384615,0.0,106
k666,0.691492203,0.0833,0.202116232,0.0,0.0833,0.107142857,0.0361,0.0,0.5,0.0,1930
k195,0.61623294,0.0,0.0,0.0588,0.0,0.0714,0.0361,0.0,0.153846154,0.0,299
k2161,0.891540751,0.0,0.0,0.0,0.0,0.0357,0.0361,0.0,0.461538462,0.0,2274
k1968,0.443167204,0.0,0.0,0.0,0.0,0.0714,0.0361,0.0,0.0769,0.0,2526
k3053,0.575093375,0.0417,0.0,0.0882,0.0833,0.214285714,0.0361,0.0,0.153846154,0.0,2721
k2090,0.798012591,0.0,0.337256517,0.0294,0.0,0.0357,0.0361,0.0,0.115384615,0.0,1473
k3344,0.565060672,0.0,0.0,0.0,0.0417,0.0714,0.0361,0.0,0.153846154,0.0,406
k2222,0.586733163,0.0,0.0,0.0,0.0,0.0357,0.0361,0.0,0.115384615,0.0,920
k1649,0.556414058,0.0,0.0,0.0,0.0,0.0357,0.0361,0.0,0.211538462,0.0,2171
k2513,0.485037812,0.0,0.0,0.0,0.0,0.0357,0.0361,0.0,0.153846154,0.0,1020
k109,0.503015388,0.0,0.0,0.0,0.0,0.0357,0.0361,0.0,0.0192,0.0,3324
k2304,0.563451696,0.0,0.0,0.0,0.0,0.142857143,0.0361,0.0,0.0769,0.0,1372
k2987,0.600831692,0.0,0.0,0.0,0.0,0.0357,0.0361,0.0,0.211538462,0.0,2220
k78,0.532294737,0.0,0.0,0.0,0.0,0.0714,0.0361,0.0,0.153846154,0.0,1662
k882,0.453391033,0.0,0.0,0.0,0.0,0.0357,0.0361,0.601752614,0.0385,0.0,3046
k215,0.455338591,0.0,0.0,0.0,0.0,0.0714,0.0361,0.0,0.0577,0.0,2933
k861,0.485037812,0.0,0.278528828,0.0,0.0,0.0357,0.0361,0.0,0.153846154,0.0,914
k1557,0.294280716,0.0,0.0,0.0,0.0,0.0357,0.0361,0.0,0.0,0.0,1667
k614,0.409260561,0.0,0.0,0.0,0.0,0.0357,0.0361,0.0,0.115384615,0.0,223
k1352,0.488034201,0.0,0.0,0.0,0.0,0.142857143,0.0361,0.0,0.0962,0.0,2566
k2357,0.723996309,0.0833,0.0,0.0294,0.0417,0.178571429,0.0361,0.0,0.365384615,0.0,2291
k2948,0.457922102,0.0,0.0,0.0588,0.0,0.0357,0.0361,0.0,0.115384615,0.0,1735
k3317,0.47638307,0.0,0.0,0.0,0.0,0.142857143,0.0361,0.0,0.0192,0.0,2367
k2888,0.443017479,0.0,0.0,0.0294,0.0,0.142857143,0.0361,0.0,0.0,0.0,1863
k2454,0.324600767,0.0,0.0,0.0,0.0,0.0714,0.0361,0.0,0.0385,0.0,1728
k895,0.357705095,0.0,0.0,0.0882,0.0833,0.0714,0.0361,0.0,0.0385,0.0,1793
k2861,0.577125248,0.0,0.0,0.0,0.0,0.0714,0.0361,0.0,0.173076923,0.0,431
k1831,0.539329161,0.0833,0.0,0.117647059,0.0,0.178571429,0.0361,0.0,0.0192,0.0,2434
k3051,0.493412577,0.0,0.0,0.0,0.0,0.0357,0.0361,0.0,0.0577,0.0,1108
k1123,0.425380565,0.0,0.0,0.0,0.0,0.0714,0.0361,0.0,0.115384615,0.0,2550
k3013,0.390082729,0.0,0.0,0.0,0.0,0.142857143,0.0361,0.0,0.0,0.0333,426
k2565,0.576464152,0.0,0.0,0.0,0.0,0.0357,0.0361,0.0,0.230769231,0.0,2861
k2638,0.51347061,0.0417,0.0,0.0294,0.0,0.107142857,0.0361,0.0,0.0385,0.0,2902
k748,0.359854744,0.0,0.0,0.0882,0.0,0.0357,0.0361,0.0,0.0,0.0,1077
k1333,0.295970604,0.0,0.450806689,0.0,0.0,0.0357,0.0361,0.0,0.0,0.0,1132
k1623,0.423415615,0.0,0.0,0.0,0.0,0.107142857,0.0361,0.0,0.0385,0.0,280
k3064,0.538396783,0.0,0.0,0.0,0.0,0.0714,0.0361,0.0,0.25,0.0,1827
k294,0.634793536,0.0,0.0,0.0,0.0,0.0357,0.0361,0.0,0.153846154,0.0,3158
k1128,0.819537059,0.0,0.0,0.0,0.0,0.0714,0.0361,0.0,0.365384615,0.0,1339
k2844,0.376305201,0.0,0.0,0.0,0.0,0.0714,0.0361,0.0,0.0769,0.0,615
k1259,0.588889429,0.0,0.0,0.0588,0.0,0.0714,0.0361,0.0,0.192307692,0.0,2490
k1984,0.425017028,0.0,0.0,0.0,0.0,0.0714,0.0361,0.0,0.0769,0.0,3008
k298,0.445360522,0.0,0.0,0.0,0.0,0.0714,0.0361,0.0,0.0962,0.0,2622
k1648,0.327808131,0.0,0.0,0.0,0.0,0.107142857,0.0361,0.0,0.0,0.0,2386
k1190,0.580617884,0.0,0.0,0.0,0.0,0.107142857,0.0361,0.891683226,0.211538462,0.0,566
k2669,0.505425543,0.0,0.0,0.0294,0.0,0.107142857,0.0361,0.0,0.153846154,0.0,1163
k2600,0.692285065,0.0,0.0,0.0,0.0,0.214285714,0.0361,0.0,0.211538462,0.0,2091
k869,0.52591706,0.0,0.0,0.0,0.0,0.107142857,0.0361,0.0,0.0577,0.0,2741
k595,0.420537002,0.0,0.0,0.0,0.0,0.0714,0.0361,0.0,0.0385,0.0,998
k633,0.487575763,0.0,0.0,0.0,0.0,0.0714,0.0361,0.0,0.0962,0.0,505
k2257,0.427682964,0.0,0.0,0.0,0.0,0.0357,0.0361,0.0,0.0,0.0,2690
k1794,0.651092377,0.0,0.0,0.0,0.0,0.142857143,0.0361,0.0,0.269230769,0.0,2950
k1035,0.703146548,0.0833,0.0,0.0,0.0,0.107142857,0.0361,0.0,0.307692308,0.0,2647
k3115,0.661020916,0.0,0.596181804,0.0,0.0,0.142857143,0.0361,0.0,0.288461538,0.0,1810
k98,0.528235717,0.0,0.0,0.0,0.0,0.0357,0.0361,0.0,0.0769,0.0,528
k1938,0.173600738,0.0,0.0,0.0,0.0,0.0357,0.0361,0.0,0.0,0.0,2207
k485,0.431893409,0.0,0.0,0.0,0.0,0.0357,0.0361,0.0,0.173076923,0.0,2425
k2656,0.605006219,0.0417,0.0,0.0882,0.0417,0.214285714,0.0361,0.0,0.0,0.0,1203
k840,0.670998796,0.0833,0.0,0.0,0.0,0.178571429,0.0361,0.0,0.230769231,0.0,2379
k2862,0.359189489,0.0,0.0,0.0294,0.0,0.178571429,0.0361,0.0,0.0,0.0333,547
k769,0.360816802,0.0,0.0,0.0,0.0,0.0357,0.0361,0.0,0.0,0.0,1673
k3036,0.690965142,0.0,0.0,0.0,0.0,0.0357,0.0361,0.0,0.173076923,0.0,2489
k2540,0.484948582,0.0,0.0,0.0,0.0,0.0357,0.0361,0.0,0.211538462,0.0,1864
k2351,0.611828911,0.0,0.0,0.0,0.0,0.0357,0.0361,0.0,0.134615385,0.0,37
k3298,0.490395582,0.0,0.0,0.0588,0.0,0.0357,0.0361,0.641170147,0.0385,0.0,2010
k2886,0.475140466,0.0,0.0,0.0,0.0,0.107142857,0.0361,0.0,0.134615385,0.0,574
k2776,0.345724645,0.0,0.0,0.0,0.0,0.0,0.0361,0.0,0.230769231,0.0,549
k1104,0.558956357,0.0,0.0,0.147058824,0.0,0.178571429,0.0361,0.0,0.115384615,0.0,726
k923,0.287715317,0.0,0.0,0.0,0.0,0.0,0.0361,0.0,0.115384615,0.0,2783
k198,0.555819507,0.0,0.0,0.0,0.0,0.0714,0.0361,0.0,0.173076923,0.0,1973
k957,0.469266032,0.0,0.0,0.0,0.0,0.0714,0.0361,0.0,0.0577,0.0,587
k2205,0.537236604,0.0,0.0,0.0294,0.0,0.142857143,0.0361,0.0,0.0962,0.0,2350
k3082,0.45890193,0.0,0.0,0.0,0.0,0.0357,0.0361,0.648304395,0.0385,0.0,674
k2184,0.506659072,0.0,0.0,0.0,0.0,0.107142857,0.0361,0.0,0.0385,0.0,27
k3308,0.493505966,0.0417,0.0,0.0,0.0,0.107142857,0.0361,0.0,0.134615385,0.0,2611
k2756,0.542073361,0.0,0.0,0.0,0.0,0.0,0.0361,0.0,0.230769231,0.0,3125
k2493,0.573071143,0.0833,0.685868905,0.0,0.208333333,0.107142857,0.0361,0.0,0.192307692,0.0,2931
k1426,0.563265107,0.0,0.0,0.176470588,0.0,0.25,0.0361,0.0,0.0577,0.0,2665
k802,0.506878933,0.0,0.0,0.0,0.0,0.0357,0.0361,0.0,0.0192,0.0,519
k1643,0.403410325,0.0,0.0,0.0,0.0,0.214285714,0.0361,0.0,0.0,0.0667,1893
k3002,0.697240165,0.0417,0.646829702,0.0294,0.0,0.178571429,0.0361,0.0,0.173076923,0.0,2
k1670,0.423300863,0.0,0.0,0.0,0.0,0.285714286,0.0361,0.0,0.0,0.266666667,326
k1302,0.693085677,0.0833,0.368110793,0.0294,0.0,0.107142857,0.0361,0.0,0.173076923,0.0,2533
k2109,0.504450819,0.0,0.0,0.0,0.0,0.0357,0.0361,0.0,0.115384615,0.0,1052
k1424,0.699286217,0.0833,0.611415642,0.0,0.0,0.0714,0.0361,0.0,0.269230769,0.0,2364
k661,0.564653276,0.0,0.0,0.0,0.0,0.0357,0.0361,0.0,0.0577,0.0,2607
k1010,0.36978782,0.0,0.0,0.0,0.0,0.0357,0.0361,0.0,0.0,0.0,643
k1309,0.367130014,0.0,0.0,0.0,0.0,0.0357,0.0361,0.0,0.153846154,0.0,1064
k1640,0.577728306,0.0,0.0,0.0,0.0,0.0357,0.0361,0.0,0.230769231,0.0,705
k1580,0.495972835,0.0,0.0,0.0,0.0,0.107142857,0.0361,0.0,0.153846154,0.0,642
k2579,0.570095928,0.0,0.358045311,0.0,0.0,0.0357,0.0361,0.0,0.0577,0.0,934
k876,0.335054666,0.0,0.0,0.0294,0.0,0.0357,0.0361,0.0,0.0,0.0,1709
k1982,0.468954862,0.0,0.0,0.0,0.0,0.107142857,0.0361,0.0,0.0962,0.0,2728
k2531,0.568032673,0.0,0.0,0.0,0.0,0.142857143,0.0361,0.0,0.153846154,0.0,749
k3360,0.622159362,0.0,0.0,0.0,0.0,0.0714,0.0361,0.0,0.134615385,0.0,2356
k1189,0.357705095,0.0,0.0,0.0,0.0,0.0714,0.0361,0.0,0.0385,0.0,2801
k2461,0.679910074,0.0,0.0,0.0,0.0833,0.142857143,0.0361,0.0,0.538461538,0.0,1642
k1370,0.563931307,0.0,0.0,0.0588,0.0,0.214285714,0.0361,0.0,0.0385,0.0333,2814
k480,0.349063019,0.0,0.0,0.0,0.0,0.0357,0.0361,0.0,0.0,0.0,3147
k129,0.615478077,0.0,0.0,0.0,0.0,0.0357,0.0361,0.0,0.326923077,0.0,2088
k635,0.622312112,0.0,0.0,0.0,0.0,0.178571429,0.0361,0.0,0.0385,0.0,2786
k874,0.740168112,0.0,0.0,0.0,0.0833,0.25,0.0361,0.0,0.615384615,0.0,3341
k1977,0.528235717,0.0,0.265129176,0.0,0.0,0.0357,0.0361,0.0,0.0769,0.0,2764
k815,0.582823679,0.0,0.0,0.0,0.0,0.0714,0.0361,0.0,0.192307692,0.0,2511
k649,0.655154611,0.0,0.50159035,0.0,0.0,0.142857143,0.0361,0.0,0.115384615,0.0333,1750
k653,0.569306658,0.0,0.0,0.0,0.0,0.0714,0.0361,0.0,0.153846154,0.0,2836
k709,0.639660918,0.0,0.0,0.147058824,0.0,0.178571429,0.0361,0.0,0.173076923,0.0,3174
k1152,0.546925431,0.0,0.0,0.117647059,0.0,0.25,0.0361,0.0,0.0,0.0667,241
k2496,0.464534385,0.0417,0.0,0.0,0.0,0.0714,0.0361,0.650421865,0.153846154,0.0,3223
k751,0.448004339,0.0,0.0,0.0,0.0,0.142857143,0.0361,0.0,0.0385,0.0,1115
k1909,0.389370023,0.0,0.0,0.0,0.0,0.0357,0.0361,0.0,0.115384615,0.0,1125
k370,0.577447761,0.0,0.0757,0.0,0.0,0.107142857,0.0361,0.0,0.0769,0.0,1636
k1103,0.548323242,0.0,0.0,0.0294,0.0833,0.0714,0.0361,0.0,0.269230769,0.0,2928
k542,0.367460278,0.0,0.0,0.0588,0.0,0.0357,0.0361,0.0,0.0,0.0,2889
k2309,0.794491031,0.0,0.0,0.0,0.0,0.25,0.0361,0.0,0.403846154,0.0,2135
k1888,0.485490012,0.0,0.0,0.0294,0.0,0.0357,0.0361,0.0,0.230769231,0.0,2475
k1157,0.579821998,0.0,0.445492407,0.0,0.0,0.0357,0.0361,0.0,0.25,0.0,1759
k663,0.514654987,0.0,0.0,0.0,0.0,0.0357,0.0361,0.0,0.153846154,0.0,2397
k1005,0.742419657,0.0,0.0,0.0,0.0,0.0357,0.0361,0.0,0.269230769,0.0,1243
k1502,0.347370296,0.0,0.0,0.0,0.0,0.0357,0.0361,0.0,0.0962,0.0,989
k2986,0.557273842,0.0,0.0,0.0,0.0,0.178571429,0.0361,0.0,0.0962,0.0,413
k2175,0.628915699,0.0417,0.0,0.0,0.0,0.107142857,0.0361,0.0,0.230769231,0.0,3060
k2883,0.376305201,0.0,0.0,0.0,0.0,0.0714,0.0361,0.0,0.0769,0.0,3194
k472,0.557671218,0.0,0.0,0.0,0.0,0.0714,0.0361,0.0,0.115384615,0.0,117
k1830,0.768015432,0.0417,0.0,0.0,0.0,0.25,0.0361,0.0,0.346153846,0.0,1505
k297,0.536326344,0.0,0.0,0.117647059,0.0,0.178571429,0.0361,0.0,0.0769,0.0,1102
k3000,0.509518024,0.0,0.684964821,0.0294,0.0,0.107142857,0.0361,0.0,0.0577,0.0,2419
k503,0.330952732,0.0,0.0,0.0294,0.0,0.0,0.0361,0.0,0.134615385,0.0,2780
k3380,0.671279152,0.0417,0.0,0.0882,0.0,0.142857143,0.0361,0.0,0.134615385,0.0,819
k1641,0.481109991,0.0,0.0,0.264705882,0.0,0.178571429,0.0361,0.0,0.0,0.0,2332
k2441,0.56404776,0.0,0.0,0.0588,0.0,0.178571429,0.0361,0.0,0.0769,0.0,1758
k2967,0.357705095,0.0,0.0,0.0,0.0,0.0714,0.0361,0.0,0.0385,0.0,1205
k2234,0.45607833,0.0,0.0,0.0,0.0,0.107142857,0.0361,0.0,0.0385,0.0,277
k1225,0.481245159,0.0,0.0,0.0294,0.0417,0.0714,0.726946613,0.0,0.192307692,0.0,3127
k838,0.599275649,0.0417,0.0774,0.0294,0.0,0.0714,0.0361,0.0,0.153846154,0.0,350
k3222,0.561410749,0.0,0.0,0.0,0.0,0.0714,0.0361,0.0,0.173076923,0.0,710
k2628,0.553359632,0.0,0.0,0.0,0.0,0.0357,0.0361,0.0,0.0577,0.0,3322
k729,0.493626577,0.0,0.0,0.0,0.0,0.0357,0.0361,0.0,0.211538462,0.0,1463
k2440,0.554341351,0.0,0.0,0.0,0.0,0.0714,0.0361,0.0,0.230769231,0.0,2069
k2996,0.57816784,0.0,0.0,0.0588,0.0,0.178571429,0.0361,0.0,0.153846154,0.0,2457
k2639,0.586054675,0.0,0.0,0.0294,0.0,0.142857143,0.0361,0.0,0.192307692,0.0,864
k1376,0.593252813,0.0,0.0,0.0,0.0,0.142857143,0.0361,0.0,0.0192,0.0333,2570
k3050,0.599987599,0.0,0.0,0.0,0.0,0.142857143,0.0361,0.0,0.211538462,0.0,488
k2101,0.275846971,0.0,0.0,0.0,0.0,0.0357,0.0361,0.0,0.0,0.0,1340
k2003,0.534633432,0.0,0.0,0.0,0.0,0.0714,0.0361,0.0,0.0577,0.0,3339
k245,0.409729397,0.0,0.0,0.0,0.0,0.0357,0.0361,0.0,0.0962,0.0,1300
k954,0.635921766,0.0417,0.34953131,0.0,0.0,0.0714,0.0361,0.0,0.211538462,0.0,1950
k2374,0.395211374,0.0,0.0,0.0,0.0,0.0,0.0361,0.0,0.192307692,0.0,2008
k2285,0.346945508,0.0,0.0,0.0,0.0,0.0714,0.0361,0.0,0.0385,0.0,765
k1487,0.676431239,0.0,0.0,0.0,0.0,0.0714,0.0361,0.0,0.25,0.0,2343
k1655,0.519513107,0.0,0.0,0.117647059,0.0,0.0357,0.0361,0.0,0.0385,0.0,545
k145,0.408619693,0.0,0.0,0.0,0.0,0.0714,0.0361,0.0,0.0769,0.0,2975
k276,0.566678343,0.0,0.663096701,0.0294,0.0,0.0357,0.0361,0.0,0.0,0.0,2316
k175,0.284670721,0.0,0.436804383,0.0,0.0,0.0357,0.0361,0.540671727,0.0,0.0,2166
k688,0.465449181,0.0,0.0,0.0,0.0,0.0357,0.0361,0.0,0.0192,0.0,2885
k739,0.548255563,0.0,0.0,0.0,0.0,0.0357,0.0361,0.0,0.153846154,0.0,284
k682,0.406309355,0.0,0.0,0.0,0.0,0.0357,0.0361,0.0,0.0192,0.0,468
k3003,0.732126636,0.0,0.0,0.0,0.0,0.0714,0.0361,0.0,0.269230769,0.0,47
k2115,0.713493258,0.0,0.0,0.0,0.0,0.178571429,0.0361,0.0,0.538461538,0.0,242
k343,0.616299296,0.0,0.0,0.0,0.0,0.0714,0.0361,0.0,0.230769231,0.0,2765
k2154,0.554457993,0.0,0.0,0.0,0.0,0.285714286,0.0361,0.0,0.0385,0.133333333,3288
k2961,0.53819904,0.0,0.0,0.0,0.0,0.0714,0.0361,0.0,0.153846154,0.0,824
k254,0.59446895,0.0,0.0,0.0,0.0,0.0357,0.0361,0.0,0.0577,0.0,331
k2123,0.463574217,0.0,0.0,0.0294,0.0,0.0714,0.0361,0.0,0.0962,0.0,714
k1139,0.183554987,0.0,0.0,0.0,0.0,0.0357,0.0361,0.0,0.0,0.0,1116
k77,0.522529912,0.0,0.0,0.0,0.0,0.142857143,0.0361,0.0,0.0769,0.0,2363
k2012,0.640451133,0.0,0.0,0.0,0.0,0.0714,0.0361,0.0,0.230769231,0.0,3014
k415,0.489113846,0.0,0.0,0.0,0.0,0.0714,0.0361,0.0,0.115384615,0.0,28
k1632,0.53288286,0.0,0.0,0.0,0.0,0.0357,0.0361,0.0,0.153846154,0.0,1253
k3426,0.332879874,0.0,0.0,0.0,0.0,0.0357,0.0361,0.0,0.0769,0.0,954
k2418,0.537572918,0.0,0.0,0.0,0.0,0.0357,0.0361,0.0,0.0385,0.0,1946
k3108,0.521608121,0.0,0.112386602,0.0294,0.0,0.0357,0.0361,0.0,0.134615385,0.0,2755
k1935,0.552400221,0.0,0.0,0.0882,0.0,0.107142857,0.0361,0.0,0.230769231,0.0,2448
k1967,0.413059264,0.0,0.0,0.0,0.0,0.357142857,0.0361,0.0,0.0,0.733333333,2063
k2794,0.62445401,0.0417,0.0415,0.147058824,0.0,0.142857143,0.0361,0.0,0.173076923,0.0,2807
k3236,0.524190498,0.0,0.0,0.0,0.0,0.0357,0.0361,0.0,0.134615385,0.0,640
k687,0.612594549,0.0,0.0,0.0,0.0,0.25,0.0361,0.946998078,0.25,0.0,3185
k744,0.638545733,0.0,0.0,0.0,0.0,0.0714,0.0361,0.0,0.269230769,0.0,1541
k348,0.376305201,0.0,0.0,0.0,0.0,0.0714,0.0361,0.0,0.0769,0.0,1853
k2227,0.685063296,0.0,0.0,0.0294,0.0,0.178571429,0.0361,0.0,0.192307692,0.0,1762
k3183,0.425380565,0.0,0.0,0.0,0.0,0.0714,0.0361,0.0,0.115384615,0.0,3004
k860,0.390082729,0.0,0.0,0.0,0.0,0.142857143,0.0361,0.0,0.0,0.1,592
k724,0.525748053,0.0,0.0,0.0,0.0,0.0357,0.0361,0.0,0.134615385,0.0,1685
k3402,0.573514836,0.0,0.0,0.0,0.0,0.0357,0.0361,0.0,0.230769231,0.0,473
k2694,0.376305201,0.0,0.0,0.0,0.0,0.0714,0.0361,0.0,0.0769,0.0,1066
k774,0.40642524,0.0,0.0,0.0,0.0,0.0357,0.0361,0.0,0.0769,0.0,20
k3315,0.450482362,0.0,0.0,0.0,0.0,0.0714,0.0361,0.0,0.0769,0.0,978
k203,0.576770029,0.0417,0.0,0.0294,0.0,0.142857143,0.0361,0.0,0.153846154,0.0,435
k2501,0.284670721,0.0,0.0,0.0,0.0,0.0357,0.0361,0.0,0.0,0.0,1428
k3261,0.540906376,0.0,0.0,0.0,0.0,0.0714,0.0361,0.0,0.192307692,0.0,1433
k2713,0.779027397,0.0,0.0,0.0588,0.0,0.428571429,0.0361,0.0,0.230769231,0.0,2822
k1850,0.810538063,0.0,0.0,0.0,0.0,0.107142857,0.0361,0.0,0.192307692,0.0,512
k855,0.736171288,0.0,0.0,0.0,0.0,0.0357,0.0361,0.0,0.307692308,0.0,785
k2973,0.425886832,0.0,0.0,0.0,0.0,0.178571429,0.0361,0.0,0.0,0.0667,234
k2576,0.665606241,0.0,0.0,0.0,0.0,0.107142857,0.0361,0.0,0.307692308,0.0,1556
k512,0.492524814,0.0,0.0,0.0,0.0,0.0714,0.0361,0.0,0.0962,0.0,2033
k805,0.512471121,0.0,0.0,0.0588,0.0,0.0357,0.0361,0.0,0.134615385,0.0,910
k1832,0.790917672,0.0,0.0,0.0,0.0833,0.25,0.0361,0.0,0.730769231,0.0,1430
k2019,0.496628637,0.0,0.0,0.0,0.0,0.0714,0.0361,0.0,0.0577,0.0,1665
k1856,0.561410749,0.0,0.0,0.0,0.0,0.0357,0.0361,0.0,0.173076923,0.0,3428
k2534,0.459548092,0.0,0.0,0.0588,0.0,0.0714,0.0361,0.0,0.0962,0.0,2306
k3114,0.423415615,0.0,0.0,0.0588,0.0,0.107142857,0.0361,0.0,0.0385,0.0,1350
k574,0.502594381,0.0,0.0,0.0,0.0,0.0714,0.0361,0.0,0.0962,0.0,2298
k551,0.293059853,0.0,0.0,0.0,0.0,0.0,0.0361,0.0,0.230769231,0.0,606
k1013,0.454798107,0.0,0.0,0.0,0.0,0.142857143,0.0361,0.0,0.0385,0.0,1005
k1581,0.44010238,0.0,0.0,0.0,0.0,0.107142857,0.0361,0.0,0.0385,0.0,790
k1378,0.5498842,0.0,0.0,0.0,0.0,0.0357,0.0361,0.0,0.153846154,0.0,343
k2133,0.561525122,0.0,0.0,0.0294,0.0,0.214285714,0.0361,0.0,0.0962,0.0,2776
k2326,0.681005032,0.0,0.0,0.0,0.0,0.107142857,0.0361,0.0,0.153846154,0.0333,1489
k971,0.516405559,0.0,0.0,0.0,0.0,0.178571429,0.0361,0.0,0.0577,0.0,1956
k1521,0.664078367,0.0,0.564991001,0.0882,0.0,0.178571429,0.0361,0.0,0.153846154,0.0,1967
k412,0.470942687,0.0,0.0,0.0,0.0,0.0357,0.0361,0.0,0.173076923,0.0,1286
k644,0.385177915,0.0,0.0,0.0,0.0,0.107142857,0.0361,0.0,0.0385,0.0,1952
k2256,0.360816802,0.0,0.0,0.0,0.0,0.0357,0.0361,0.0,0.0,0.0,1330
k921,0.275846971,0.0,0.0,0.0,0.0,0.0357,0.0361,0.0,0.0,0.0,820
k3057,0.495783032,0.0,0.0,0.0294,0.0,0.0714,0.0361,0.0,0.134615385,0.0,876
k731,0.645396214,0.0,0.0,0.0,0.0,0.0357,0.0361,0.0,0.134615385,0.0,2545
k2407,0.40642524,0.0,0.0,0.0,0.0,0.0357,0.0361,0.0,0.0769,0.0,3011
k1486,0.416106506,0.0,0.0,0.0,0.0,0.0357,0.0361,0.0,0.0769,0.0,3245
k2743,0.822593564,0.0,0.0,0.0,0.0,0.321428571,0.0361,0.0,0.423076923,0.0,2296
k962,0.485159558,0.0,0.0,0.0,0.0,0.0714,0.0361,0.0,0.0769,0.0,1742
k2190,0.754078539,0.208333333,0.0,0.0882,0.0,0.392857143,0.0361,0.0,0.384615385,0.0,2065
k2391,0.498881128,0.0,0.0,0.0,0.0,0.0357,0.0361,0.0,0.192307692,0.0,633
k2158,0.424361982,0.0,0.0,0.0,0.0,0.214285714,0.0361,0.0,0.0,0.266666667,1447
k942,0.592558067,0.0,0.0,0.0,0.0,0.0357,0.921502427,0.0,0.326923077,0.0,319
k1976,0.493412577,0.0,0.0,0.0,0.0,0.0357,0.0361,0.657132619,0.0577,0.0,211
k726,0.657060768,0.0,0.0,0.0,0.0,0.0714,0.0361,0.0,0.307692308,0.0,3120
k1775,0.62017286,0.0417,0.0,0.0,0.0,0.0714,0.0361,0.0,0.211538462,0.0,2733
k3274,0.332879874,0.0,0.0,0.0,0.0,0.0357,0.0361,0.0,0.0769,0.0,682
k992,0.40013755,0.0,0.0,0.0,0.0,0.0,0.0361,0.0,0.192307692,0.0,2353
k2859,0.547390675,0.0,0.0,0.0,0.0,0.0714,0.0361,0.0,0.173076923,0.0,1870
k2470,0.389370023,0.0,0.0,0.0,0.0,0.0357,0.0361,0.0,0.115384615,0.0,1881
k1353,0.41640709,0.0,0.0,0.0,0.0,0.0714,0.0361,0.0,0.134615385,0.0,2283
k432,0.536788185,0.0,0.0,0.0882,0.0,0.178571429,0.0361,0.936801642,0.0385,0.0,1019
k1592,0.345124422,0.0,0.0,0.0,0.0,0.0357,0.0361,0.643613382,0.0,0.0,1264
k1434,0.376305201,0.0,0.0,0.0,0.0,0.0714,0.0361,0.0,0.0769,0.0,3089
k1389,0.44010238,0.0,0.0,0.0,0.0,0.107142857,0.0361,0.0,0.0385,0.0,529
k865,0.664446629,0.0,0.0,0.0,0.0,0.142857143,0.0361,0.0,0.192307692,0.0,179
k2586,0.642907227,0.0,0.494918079,0.0,0.0,0.107142857,0.0361,0.0,0.115384615,0.0333,2407
k2783,0.425380565,0.0,0.0,0.0,0.0,0.0714,0.0361,0.0,0.115384615,0.0,2736
k1918,0.389370023,0.0,0.0,0.0,0.0,0.0357,0.0361,0.0,0.115384615,0.0,190
k1656,0.392299489,0.0,0.0,0.0,0.0,0.0714,0.0361,0.0,0.0769,0.0,2321
k2588,0.348217792,0.0,0.0,0.0,0.0417,0.0357,0.0361,0.0,0.0962,0.0,3307
k1240,0.385177915,0.0,0.0,0.0,0.0,0.107142857,0.0361,0.0,0.0385,0.0,492
k2095,0.287715317,0.0,0.0,0.0,0.0,0.0357,0.0361,0.0,0.0,0.0,1429
k504,0.536525032,0.0,0.0,0.0,0.0,0.0357,0.0361,0.0,0.211538462,0.0,992
k496,0.43346382,0.0,0.0,0.0,0.0,0.0714,0.0361,0.0,0.0385,0.0,68
k1354,0.536391944,0.0,0.0,0.0,0.0,0.142857143,0.0361,0.0,0.153846154,0.0,2561
k3414,0.701016749,0.0,0.0,0.0294,0.0,0.214285714,0.0361,0.0,0.153846154,0.0,926
k3386,0.287715317,0.0,0.0,0.0,0.0,0.0357,0.0361,0.0,0.0,0.0,302
k2953,0.683929394,0.0,0.0,0.0,0.0,0.142857143,0.0361,0.0,0.134615385,0.0333,3098
k898,0.475077136,0.0,0.0,0.0,0.0,0.0357,0.0361,0.0,0.0,0.0,540
k1617,0.620037125,0.0833,0.738506672,0.0,0.0,0.107142857,0.0361,0.0,0.326923077,0.0,1830
k279,0.653689122,0.0,0.0,0.0294,0.0,0.214285714,0.0361,0.0,0.153846154,0.0,11
k2667,0.495317599,0.0,0.0,0.0,0.0,0.0714,0.0361,0.0,0.192307692,0.0,3212
k2330,0.459548092,0.0,0.0,0.0588,0.0,0.0714,0.0361,0.0,0.0962,0.0,335
k2226,0.514872391,0.0,0.0,0.0,0.0,0.107142857,0.0361,0.0,0.173076923,0.0,1252
k1030,0.450364775,0.0,0.0,0.0,0.0,0.142857143,0.0361,0.0,0.0192,0.0,2034
k3163,0.431893409,0.0,0.0,0.0,0.0,0.0357,0.0361,0.0,0.173076923,0.0,3054
k452,0.54141529,0.0,0.0,0.0,0.0,0.0357,0.0361,0.0,0.192307692,0.0,2988
k86,0.551130017,0.0417,0.0,0.0,0.0,0.142857143,0.0361,0.0,0.115384615,0.0,2986
k2201,0.358618379,0.0,0.0,0.0,0.0,0.142857143,0.0361,0.0,0.0385,0.0,2840
k58,0.699472617,0.0,0.0,0.147058824,0.0,0.321428571,0.0361,0.0,0.25,0.0,1666
k1052,0.670127102,0.0,0.0,0.0,0.0,0.0357,0.0361,0.0,0.134615385,0.0,1098
k2044,0.474391086,0.0,0.0,0.0,0.0,0.0714,0.0361,0.0,0.0962,0.0,2323
k3290,0.445422719,0.0,0.0,0.0,0.0,0.0714,0.0361,0.0,0.0962,0.0,659
k615,0.474723051,0.0,0.359335136,0.0,0.0,0.0357,0.0361,0.0,0.0,0.0,2698
k581,0.345124422,0.0,0.562947355,0.0,0.0,0.0357,0.0361,0.0,0.0,0.0,2517
k2155,0.706000207,0.0833,0.370380702,0.0294,0.0,0.107142857,0.0361,0.0,0.153846154,0.0,3304
k2548,0.694660624,0.0,0.0,0.0,0.0,0.0357,0.0361,0.0,0.269230769,0.0,2162
k1659,0.609019678,0.0,0.0,0.0588,0.0,0.214285714,0.0361,0.0,0.211538462,0.0,2795
k2277,0.485008888,0.0,0.0,0.0294,0.0,0.0714,0.0361,0.0,0.0962,0.0,2981
k1767,0.704130347,0.0,0.0,0.0,0.0,0.142857143,0.633044946,0.0,0.423076923,0.0,2362
k2882,0.2823808,0.0,0.0,0.0,0.0,0.0357,0.0361,0.0,0.0577,0.0,1151
k3364,0.606117057,0.0,0.0,0.0,0.0,0.0714,0.0361,0.0,0.269230769,0.0,1241
k638,0.484948582,0.0,0.0,0.0,0.0,0.0357,0.0361,0.0,0.211538462,0.0,2136
k1782,0.441904183,0.0,0.0,0.0,0.0,0.0714,0.0361,0.0,0.115384615,0.0,2013
k533,0.45607833,0.0,0.0,0.0,0.0,0.107142857,0.0361,0.0,0.0385,0.0,1798
k804,0.458171643,0.0,0.0,0.0,0.0,0.0357,0.0361,0.0,0.134615385,0.0,1525
k2681,0.554051921,0.0,0.0,0.0,0.0,0.0357,0.0361,0.0,0.269230769,0.0,54
k2142,0.457126594,0.0,0.0,0.0588,0.0,0.0357,0.0361,0.0,0.134615385,0.0,3432
k1932,0.287715317,0.0,0.0,0.0,0.0,0.0357,0.0361,0.0,0.0,0.0,2176
k3417,0.446849075,0.0,0.0,0.0,0.0,0.0357,0.0361,0.0,0.0385,0.0,2922
k438,0.473672709,0.0,0.0,0.0,0.0,0.0357,0.0361,0.0,0.115384615,0.0,313
k391,0.552391146,0.0,0.0,0.0,0.0,0.0714,0.0361,0.0,0.0769,0.0,352
k1261,0.601876174,0.0,0.302113418,0.0,0.0,0.142857143,0.0361,0.0,0.0385,0.0,1575
k2447,0.556536371,0.0,0.0,0.0,0.0,0.0714,0.0361,0.0,0.173076923,0.0,2812
k2497,0.586733163,0.0,0.0,0.0,0.0,0.0357,0.0361,0.0,0.115384615,0.0,1641
k2276,0.287715317,0.0,0.43228986,0.0,0.0,0.0357,0.0361,0.0,0.0,0.0,1258
k2571,0.435773024,0.0,0.0,0.0,0.0,0.321428571,0.0361,0.0,0.0385,0.233333333,1638
k1855,0.485681705,0.0,0.0,0.0,0.0,0.0714,0.0361,0.0,0.134615385,0.0,36
k612,0.40642524,0.0,0.0,0.0,0.0,0.0357,0.0361,0.0,0.0769,0.0,1732
k2076,0.431391491,0.0,0.0,0.0,0.0,0.0714,0.0361,0.0,0.0385,0.0,1474
k1293,0.832243259,0.0,0.0,0.0,0.0,0.0714,0.0361,0.0,0.384615385,0.0,2964
k717,0.676875876,0.0,0.0,0.147058824,0.0,0.178571429,0.0361,0.0,0.192307692,0.0,2916
k2434,0.480575556,0.0,0.0,0.0588,0.0833,0.107142857,0.0361,0.0,0.0192,0.0,690
k165,0.588889429,0.0,0.0,0.0588,0.0,0.0714,0.0361,0.0,0.192307692,0.0,2175
k222,0.563965147,0.0,0.0,0.0,0.0,0.178571429,0.0361,0.0,0.134615385,0.0,2203
k2877,0.602743898,0.0,0.0,0.176470588,0.0,0.0357,0.0361,0.0,0.230769231,0.0,3368
k1813,0.649026665,0.0,0.0,0.0,0.0,0.25,0.0361,0.0,0.0962,0.2,2269
k287,0.698883737,0.0,0.596063816,0.0,0.0,0.0357,0.0361,0.0,0.384615385,0.0,1249
k2361,0.189046602,0.0,0.0,0.0,0.0417,0.0357,0.0361,0.0,0.0962,0.0,889
k2465,0.525613451,0.0,0.0,0.0,0.0,0.0714,0.0361,0.0,0.115384615,0.0,1518
k1514,0.692455963,0.0,0.0,0.0,0.0,0.107142857,0.0361,0.979965469,0.307692308,0.0,511
k1237,0.600039019,0.0833,0.0,0.117647059,0.0,0.25,0.0361,0.0,0.0,0.0,2512
k1065,0.385177915,0.0,0.0,0.0,0.0,0.107142857,0.0361,0.0,0.0385,0.0,1346
k1315,0.562358061,0.0,0.0,0.0,0.0,0.0714,0.0361,0.0,0.173076923,0.0,921
k1858,0.275846971,0.0,0.400229823,0.0,0.0,0.0357,0.0361,0.484118969,0.0,0.0,1320
k985,0.503956084,0.0,0.0,0.0,0.0,0.0357,0.0361,0.0,0.0192,0.0,2798
k335,0.455338591,0.0,0.0,0.0,0.0,0.0714,0.0361,0.0,0.0577,0.0,1714
k2675,0.561261402,0.0,0.910118007,0.470588235,0.0,0.0357,0.0361,0.0,0.0,0.0667,1498
k1144,0.505200199,0.0,0.0,0.0,0.0,0.0357,0.0361,0.0,0.0962,0.0,1841
k1660,0.493412577,0.0,0.0,0.0,0.0,0.0357,0.0361,0.0,0.0577,0.0,1560
k190,0.483071349,0.0,0.333420853,0.0,0.0,0.0357,0.0361,0.0,0.0769,0.0,162
k1257,0.460636811,0.0,0.0,0.0294,0.0833,0.107142857,0.0361,0.0,0.0385,0.0,3340
k94,0.479813509,0.0,0.0,0.0,0.0,0.0357,0.0361,0.0,0.230769231,0.0,764
k1815,0.55109164,0.0,0.0,0.0,0.0,0.0357,0.0361,0.0,0.192307692,0.0,1660
k642,0.460144345,0.0,0.0,0.0,0.0,0.0714,0.0361,0.0,0.0962,0.0,686
k2439,0.605411724,0.0,0.0,0.0,0.0,0.0714,0.0361,0.0,0.269230769,0.0,481
k105,0.814982737,0.125,0.652088334,0.0588,0.0,0.0714,0.711050151,0.0,0.307692308,0.0,2731
k1153,0.473911852,0.0,0.0,0.0,0.0,0.0357,0.0361,0.0,0.134615385,0.0,148
k34,0.522981734,0.0417,0.0,0.0,0.0417,0.142857143,0.0361,0.0,0.0962,0.0,1634
k2212,0.600778948,0.0,0.0,0.0294,0.0,0.0357,0.0361,0.0,0.0385,0.0,1678
k2303,0.63358704,0.0,0.0,0.117647059,0.0,0.142857143,0.0361,0.0,0.115384615,0.0,471
k696,0.403410325,0.0,0.0,0.0,0.0,0.214285714,0.0361,0.0,0.0,0.0,2395
k2221,0.535660144,0.0,0.0,0.0,0.0,0.0357,0.0361,0.0,0.153846154,0.0,1533
k2595,0.357705095,0.0,0.0,0.0,0.0,0.0714,0.0361,0.0,0.0385,0.0,320
k1776,0.511521351,0.0,0.0,0.0,0.0,0.0714,0.0361,0.0,0.230769231,0.0,1236
k1063,0.346945508,0.0,0.0,0.0,0.0,0.0714,0.0361,0.0,0.0385,0.0,586
k2602,0.555749181,0.0,0.376920463,0.0,0.0,0.107142857,0.0361,0.0,0.153846154,0.0,1370
k2599,0.295970604,0.0,0.451958267,0.0,0.0417,0.0357,0.0361,0.0,0.0,0.0,2232
k2383,0.541078598,0.0,0.401341334,0.117647059,0.0,0.0357,0.0361,0.0,0.0,0.0,3255
k2558,0.621944227,0.0,0.0624,0.0,0.125,0.178571429,0.0361,0.0,0.0577,0.0,1025
k50,0.538771662,0.0,0.0,0.0,0.0,0.0714,0.0361,0.0,0.192307692,0.0,3020
k2749,0.62498334,0.0,0.0,0.0,0.0,0.107142857,0.0361,0.0,0.269230769,0.0,1748
k546,0.346945508,0.0,0.0,0.0588,0.0,0.142857143,0.0361,0.0,0.0,0.0,1997
k1322,0.604348526,0.0,0.0,0.0,0.0,0.107142857,0.0361,0.0,0.230769231,0.0,2938
k394,0.418821026,0.0,0.0,0.0,0.0,0.178571429,0.0361,0.0,0.0962,0.2,3265
k2345,0.389370023,0.0,0.0,0.0,0.0,0.0357,0.0361,0.0,0.115384615,0.0,1962
k2727,0.660774966,0.0417,0.0,0.0588,0.0,0.178571429,0.0361,0.0,0.25,0.0,1459
k1241,0.287715317,0.0,0.0,0.0,0.0,0.0357,0.0361,0.0,0.0,0.0,1071
k3177,0.287715317,0.0,0.0,0.0,0.0,0.0357,0.0361,0.0,0.0,0.0,1303
k3104,0.275846971,0.0,0.0,0.0,0.0,0.0357,0.0361,0.552496987,0.0,0.0,2592
k117,0.588846704,0.0,0.0,0.0,0.0,0.107142857,0.0361,0.0,0.115384615,0.0,756
k182,0.751216184,0.0,0.0,0.0,0.0,0.0357,0.0361,0.0,0.25,0.0,252
k259,0.582535194,0.0,0.0,0.0,0.0,0.214285714,0.0361,0.0,0.0577,0.0,3066
k1698,0.524346461,0.0,0.0,0.0,0.0,0.0357,0.0361,0.0,0.0577,0.0,2169
k3,0.360816802,0.0,0.326458852,0.0,0.0,0.0357,0.0361,0.0,0.0,0.0,781
k648,0.482903665,0.0,0.0,0.0,0.0,0.0,0.0361,0.0,0.192307692,0.0,1228
k87,0.550446802,0.0,0.0,0.117647059,0.0,0.0357,0.0361,0.0,0.0,0.0,2612
k3262,0.731912825,0.0,0.0,0.235294118,0.0,0.5,0.0361,0.0,0.288461538,0.0,2365
k3173,0.734948346,0.0,0.19140516,0.0,0.0,0.0714,0.0361,0.0,0.307692308,0.0,2104
k2788,0.406309355,0.0,0.0,0.0,0.0,0.0357,0.0361,0.615076392,0.0192,0.0,2093
k1201,0.293059853,0.0,0.0,0.0,0.0,0.0357,0.0361,0.0,0.0,0.0,2086
k3219,0.479715394,0.0,0.0,0.0,0.0,0.0714,0.0361,0.0,0.134615385,0.0,2328
k3015,0.470942687,0.0,0.0,0.0,0.0,0.0714,0.0361,0.0,0.173076923,0.0,35
k2850,0.608428907,0.0,0.0,0.147058824,0.0,0.214285714,0.0361,0.0,0.173076923,0.0,2191
k1022,0.542363926,0.0,0.0,0.0,0.0,0.0357,0.0361,0.0,0.0385,0.0,1828
k994,0.7188308,0.0,0.0,0.0294,0.0,0.142857143,0.0361,0.0,0.423076923,0.0,2383
k3376,0.60081222,0.0,0.0,0.0294,0.0,0.142857143,0.0361,0.0,0.173076923,0.0,2145
k826,0.287715317,0.0,0.155023212,0.0,0.0,0.0357,0.0361,0.0,0.0,0.0,1729
k1197,0.585835948,0.0,0.0,0.0588,0.0417,0.107142857,0.0361,0.0,0.134615385,0.0,2699
k1084,0.275846971,0.0,0.134740405,0.0,0.0,0.0357,0.0361,0.0,0.0,0.0,427
k277,0.649393227,0.0,0.0,0.0,0.0,0.178571429,0.0361,0.0,0.134615385,0.0,597
k2679,0.398040645,0.0,0.478996709,0.0588,0.0,0.0357,0.0361,0.0,0.0192,0.0,2936
k2632,0.788055317,0.0,0.122233611,0.0,0.0417,0.0714,0.0361,0.0,0.403846154,0.0,191
k2136,0.0,0.0,0.0,0.0,0.0,0.0357,0.0361,0.0,0.0,0.0,2427
k362,0.409260561,0.0,0.0,0.0,0.0,0.0357,0.0361,0.0,0.115384615,0.0,826
k671,0.332879874,0.0,0.0,0.0,0.0,0.0357,0.0361,0.0,0.0769,0.0,870
k83,0.516071324,0.0417,0.0,0.0,0.0,0.214285714,0.0361,0.0,0.173076923,0.0,2547
k1020,0.599735978,0.0,0.424612524,0.0882,0.0,0.178571429,0.0361,0.0,0.192307692,0.0,3193
k300,0.635157261,0.0,0.0,0.0,0.0,0.142857143,0.0361,0.0,0.192307692,0.0,1740
k3354,0.524469531,0.0,0.0,0.0,0.0,0.0714,0.0361,0.0,0.230769231,0.0,2473
k226,0.506458115,0.0,0.0,0.0,0.0,0.0357,0.0361,0.0,0.134615385,0.0,2876
k1893,0.377796779,0.0,0.0,0.0,0.0,0.0357,0.0361,0.0,0.134615385,0.0,2502
k911,0.295970604,0.0,0.290138675,0.0,0.0,0.0357,0.0361,0.0,0.0,0.0,2305
k2126,0.652184122,0.0,0.0,0.0294,0.0,0.107142857,0.0361,0.0,0.230769231,0.0,896
k1578,0.287715317,0.0,0.0,0.0,0.0,0.0357,0.0361,0.597224484,0.0,0.0,2026
k3433,0.646648648,0.0,0.0,0.0,0.0,0.107142857,0.0361,0.0,0.288461538,0.0,440
k293,0.595051403,0.0,0.0,0.0294,0.0,0.142857143,0.0361,0.0,0.173076923,0.0,637
k2620,0.447417538,0.0,0.0,0.0,0.0,0.178571429,0.0361,0.0,0.0,0.0667,683
k1108,0.470412033,0.0,0.0,0.0,0.0,0.0357,0.0361,0.0,0.134615385,0.0,3342
k1590,0.473585747,0.0,0.0,0.0,0.0,0.0714,0.0361,0.0,0.0769,0.0,0
k1852,0.465101336,0.0,0.0,0.0294,0.0,0.0714,0.0361,0.0,0.0962,0.0,87
k586,0.657383659,0.0,0.0,0.0,0.0,0.107142857,0.0361,0.711926247,0.346153846,0.0,1009
k2912,0.618021699,0.0,0.0,0.0,0.0,0.142857143,0.0361,0.0,0.115384615,0.0333,886
k2864,0.495639357,0.0,0.0,0.0588,0.0,0.107142857,0.0361,0.0,0.0385,0.0,1157
k2401,0.359790657,0.0,0.0,0.0,0.0,0.107142857,0.0361,0.0,0.0,0.0,1676
k2880,0.443167204,0.0,0.0,0.0,0.0,0.0714,0.0361,0.0,0.0769,0.0,1915
k1074,0.482763392,0.0,0.448220874,0.0,0.0,0.0357,0.0361,0.0,0.0,0.0,1605
k1342,0.189046602,0.0,0.0,0.0,0.0,0.0357,0.0361,0.0,0.0,0.0,1138
k741,0.173600738,0.0,0.0,0.0,0.0,0.0357,0.0361,0.0,0.0,0.0,1554
k13,0.189046602,0.0,0.0,0.0,0.0,0.0357,0.0361,0.0,0.0,0.0,833
k2298,0.507137171,0.0,0.454681156,0.0,0.0,0.0357,0.0361,0.0,0.0192,0.0,168
k2524,0.546384569,0.0,0.0,0.0588,0.0,0.178571429,0.0361,0.0,0.0769,0.0,2942
k3156,0.536907663,0.0,0.0,0.0882,0.0,0.25,0.0361,0.0,0.0,0.0,3030
k2951,0.189046602,0.0,0.0,0.0,0.0,0.0357,0.0361,0.0,0.0,0.0,1661
k2021,0.568061786,0.0,0.0,0.117647059,0.0833,0.107142857,0.0361,0.0,0.134615385,0.0,527
k1229,0.604501464,0.25,0.0,0.0294,0.208333333,0.214285714,0.0361,0.0,0.153846154,0.0,1779
k3228,0.324600767,0.0,0.0,0.0294,0.0,0.0714,0.0361,0.0,0.0385,0.0,1703
k1847,0.448229683,0.0,0.0,0.0,0.0,0.107142857,0.0361,0.0,0.0385,0.0,1240
k3208,0.452021957,0.0,0.0,0.117647059,0.0,0.0357,0.0361,0.0,0.0,0.0,732
k2594,0.848128845,0.0,0.190932238,0.176470588,0.0,0.321428571,0.0361,0.0,0.461538462,0.0,1456
k1839,0.640546413,0.0,0.0,0.0294,0.0,0.0714,0.0361,0.0,0.384615385,0.0,2645
k757,0.41640709,0.0,0.0,0.0,0.0,0.0714,0.0361,0.652897677,0.134615385,0.0,1247
k2291,0.616841103,0.0,0.464149245,0.0,0.0,0.107142857,0.0361,0.0,0.115384615,0.0333,731
k1048,0.559361295,0.0,0.0,0.205882353,0.0,0.107142857,0.0361,0.0,0.0769,0.0,334
k1056,0.436325229,0.0,0.0,0.0,0.0,0.107142857,0.0361,0.0,0.0577,0.0333,221
k516,0.53184197,0.0417,0.0,0.0,0.0,0.0714,0.0361,0.0,0.115384615,0.0,801
k379,0.654741544,0.0,0.0,0.0,0.0,0.0714,0.0361,0.0,0.192307692,0.0,2930
k510,0.585653329,0.0,0.0,0.0,0.0,0.25,0.0361,0.0,0.0192,0.0,2463
k1350,0.617709583,0.0,0.0,0.0882,0.0,0.214285714,0.0361,0.0,0.173076923,0.0,71
k2838,0.464534385,0.0,0.0,0.0,0.0,0.0714,0.0361,0.0,0.153846154,0.0,1271
k2265,0.583340344,0.0,0.0,0.0882,0.0,0.107142857,0.0361,0.0,0.192307692,0.0,2246
k2300,0.583902946,0.0,0.0,0.147058824,0.0,0.178571429,0.0361,0.0,0.153846154,0.0,2424
k1149,0.434172555,0.0,0.0,0.147058824,0.0,0.142857143,0.0361,0.0,0.0,0.0,1290
k401,0.376406152,0.0,0.0,0.0588,0.0,0.0357,0.0361,0.0,0.0,0.0,821
k1448,0.678978453,0.0,0.0,0.0,0.0,0.0357,0.0361,0.0,0.0962,0.0,345
k1785,0.751216184,0.0,0.0,0.0,0.0,0.0357,0.0361,0.0,0.25,0.0,2620
k2214,0.606610279,0.0,0.0,0.0294,0.0,0.107142857,0.0361,0.0,0.288461538,0.0,2337
k158,0.670958151,0.0417,0.3594889,0.0,0.125,0.178571429,0.0361,0.0,0.115384615,0.0,2255
k3425,0.389370023,0.0,0.0,0.0,0.0,0.0357,0.0361,0.0,0.115384615,0.0,632
k925,0.399080024,0.0,0.0,0.0,0.0,0.142857143,0.0361,0.0,0.0385,0.0667,3297
k831,0.500440006,0.0,0.0,0.0,0.0,0.0714,0.74094394,0.0,0.115384615,0.0,201
k1334,0.670498578,0.0833,0.0,0.0,0.0,0.107142857,0.0361,0.0,0.307692308,0.0,53
k523,0.40642524,0.0,0.0,0.0294,0.0,0.0357,0.0361,0.0,0.0769,0.0,1584
k233,0.441130605,0.0,0.0,0.0,0.0,0.0357,0.0361,0.0,0.153846154,0.0,2753
k2352,0.634793536,0.0,0.0,0.0,0.0,0.0357,0.0361,0.0,0.153846154,0.0,2263
k973,0.615716654,0.0,0.0,0.0294,0.0,0.178571429,0.0361,0.0,0.173076923,0.0,2553
k3220,0.275846971,0.0,0.0,0.0,0.0,0.0357,0.0361,0.0,0.0,0.0,486
k122,0.668547617,0.0833,0.0,0.0,0.0,0.0714,0.0361,0.0,0.230769231,0.0,1148
k580,0.605411724,0.0,0.0,0.0,0.0,0.0714,0.0361,0.0,0.269230769,0.0,1622
k834,0.591169709,0.0,0.0,0.0,0.0,0.142857143,0.0361,0.0,0.173076923,0.0333,261
k97,0.420537002,0.0,0.0,0.0,0.0,0.0714,0.0361,0.0,0.0385,0.0,568
k2539,0.349063019,0.0,0.0,0.0,0.0,0.0357,0.0361,0.0,0.0,0.0333,1073
k2843,0.461026247,0.0,0.0,0.0,0.0,0.0357,0.0361,0.0,0.134615385,0.0,591
k1588,0.461263879,0.0,0.0,0.0,0.0,0.0714,0.0361,0.0,0.153846154,0.0,2707
k2932,0.390082729,0.0,0.0,0.0,0.0,0.142857143,0.0361,0.0,0.0,0.0,1546
k706,0.70343182,0.0,0.0,0.0,0.0,0.0357,0.0361,0.0,0.269230769,0.0,996
k2130,0.629709127,0.0,0.0,0.0,0.0,0.107142857,0.0361,0.705443529,0.25,0.0,2492
k918,0.406309355,0.0,0.0,0.0,0.0,0.0357,0.0361,0.673876926,0.0192,0.0,873
k3245,0.632753156,0.0,0.0,0.0,0.0,0.0714,0.0361,0.0,0.134615385,0.0,3387
k2547,0.523374762,0.0833,0.0,0.0882,0.125,0.178571429,0.0361,0.0,0.0962,0.0,815
k3412,0.894612569,0.5,0.888205189,0.382352941,0.166666667,0.535714286,0.416191883,0.0,0.519230769,0.0,1223
k462,0.508488665,0.0,0.0,0.0294,0.0,0.0714,0.0361,0.0,0.115384615,0.0,1366
k2404,0.409260561,0.0,0.0,0.0,0.0,0.0357,0.0361,0.0,0.115384615,0.0,7
k3302,0.561372751,0.0,0.0,0.0,0.0,0.107142857,0.0361,0.0,0.211538462,0.0,708
k1612,0.612187721,0.0,0.0,0.0,0.0,0.0714,0.0361,0.0,0.269230769,0.0,3210
k944,0.533894638,0.0,0.0,0.147058824,0.0,0.178571429,0.0361,0.0,0.0385,0.0,3230
k977,0.357705095,0.0,0.0,0.0,0.0,0.0714,0.0361,0.0,0.0385,0.0,1981
k212,0.471841036,0.0,0.0,0.0588,0.0,0.142857143,0.0361,0.0,0.0,0.0,1291
k57,0.622363532,0.0,0.0,0.0,0.0,0.0714,0.0361,0.0,0.230769231,0.0,264
k1585,0.546011202,0.0,0.0,0.0294,0.0,0.142857143,0.0361,0.0,0.0769,0.0,3417
k209,0.516033326,0.0,0.0,0.0,0.0,0.0357,0.0361,0.0,0.153846154,0.0,3010
k1808,0.694390855,0.0,0.0,0.0,0.0,0.0714,0.0361,0.0,0.423076923,0.0,3148
k953,0.367252894,0.0,0.0,0.0,0.0,0.107142857,0.0361,0.0,0.0,0.0,3431
k1840,0.729079772,0.125,0.185977904,0.0294,0.0,0.178571429,0.0361,0.0,0.25,0.0,273
k2702,0.528301316,0.0417,0.376840736,0.0,0.0,0.0714,0.0361,0.0,0.115384615,0.0,3286
k2420,0.73271079,0.0,0.0,0.176470588,0.0,0.428571429,0.0361,0.0,0.230769231,0.0,2495
k1409,0.385648263,0.0,0.0,0.0,0.0,0.142857143,0.0361,0.0,0.0,0.0,681
k1414,0.493421651,0.0,0.0,0.147058824,0.0,0.357142857,0.0361,0.0,0.0192,0.0,2559
k867,0.594420932,0.0,0.0,0.0294,0.0,0.178571429,0.0361,0.0,0.0769,0.0333,684
k1905,0.579367151,0.0,0.0,0.0,0.0,0.0357,0.0361,0.0,0.307692308,0.0,1180
k908,0.715219821,0.0833,0.843412931,0.264705882,0.0,0.392857143,0.0361,0.708831482,0.153846154,0.0,1183
k344,0.469266032,0.0,0.0,0.0,0.0,0.0714,0.0361,0.0,0.0577,0.0,2802
k2248,0.464534385,0.0,0.0,0.0,0.0,0.0714,0.0361,0.0,0.153846154,0.0,1149
k3285,0.506878933,0.0,0.0,0.0294,0.0,0.0357,0.0361,0.0,0.0192,0.0,1654
k1396,0.61091487,0.0,0.304948083,0.0,0.0,0.142857143,0.602940142,0.0,0.0962,0.0,1980
k1528,0.670526746,0.0,0.553070871,0.0,0.0,0.0714,0.0361,0.0,0.0769,0.0,1679
k2219,0.445547678,0.0,0.0,0.0,0.0,0.0714,0.0361,0.0,0.153846154,0.0,2012
k3201,0.659075815,0.0,0.107308136,0.0294,0.0,0.107142857,0.0361,0.0,0.365384615,0.0,1562
k622,0.588166136,0.0417,0.0,0.0588,0.0,0.178571429,0.0361,0.0,0.115384615,0.0,1988
k3139,0.347254221,0.0,0.0,0.0,0.0,0.107142857,0.0361,0.0,0.0385,0.0,3168
k2659,0.557395399,0.0,0.0,0.117647059,0.0,0.107142857,0.0361,0.0,0.134615385,0.0,3024
k3431,0.425380565,0.0,0.0,0.0,0.0,0.0714,0.0361,0.0,0.115384615,0.0,2969
k322,0.515347276,0.0,0.0,0.0,0.0,0.0714,0.0361,0.0,0.134615385,0.0,2507
k2624,0.751206543,0.0417,0.0,0.205882353,0.0,0.285714286,0.0361,0.0,0.115384615,0.0333,565
k486,0.346945508,0.0,0.0,0.0,0.0,0.0714,0.0361,0.0,0.0385,0.0,1574
k2237,0.709869802,0.0,0.0,0.0,0.0,0.107142857,0.0361,0.0,0.326923077,0.0,2823
k2532,0.189046602,0.0,0.0,0.0,0.0,0.0357,0.0361,0.0,0.0,0.0,1119
k2229,0.698078209,0.0,0.0,0.0588,0.0,0.25,0.0361,0.0,0.230769231,0.0,2259
k2063,0.541197697,0.0,0.448756607,0.0,0.0,0.0357,0.0361,0.0,0.0385,0.0,506
k1438,0.490550033,0.0,0.0,0.0,0.0,0.0714,0.0361,0.0,0.153846154,0.0,1182
k2733,0.571453283,0.0,0.0,0.0,0.0,0.0714,0.0361,0.0,0.230769231,0.0,2198
k2748,0.413897118,0.0,0.345240589,0.0,0.0,0.0357,0.0361,0.0,0.0,0.0,2297
k1692,0.535030808,0.0,0.0,0.0,0.0,0.0357,0.0361,0.0,0.173076923,0.0,895
k1742,0.392299489,0.0,0.0,0.0,0.0,0.0714,0.0361,0.0,0.0769,0.0,2654
k705,0.649557697,0.125,0.0,0.176470588,0.0833,0.25,0.0361,0.0,0.134615385,0.0,456
k2650,0.360816802,0.0,0.0,0.0,0.0,0.0357,0.0361,0.0,0.0,0.0,245
k2289,0.503802389,0.0,0.0,0.0588,0.0,0.107142857,0.0361,0.0,0.115384615,0.0,283
k1292,0.513555303,0.0,0.0,0.0294,0.0,0.0,0.0361,0.0,0.230769231,0.0,1103
k1226,0.189046602,0.0,0.0,0.0,0.0,0.0357,0.0361,0.0,0.0962,0.0,156
k1944,0.356196503,0.0,0.0,0.0,0.0,0.0357,0.0361,0.0,0.0,0.0,988
k3247,0.556639213,0.0833,0.0,0.0294,0.25,0.142857143,0.0361,0.0,0.153846154,0.0,3067
k49,0.403410325,0.0,0.0,0.0882,0.0,0.214285714,0.0361,0.0,0.0,0.1,1376
k2216,0.582737852,0.0,0.0,0.0294,0.0,0.321428571,0.0361,0.0,0.192307692,0.0,502
k2805,0.358469033,0.0,0.0,0.0,0.0,0.0,0.0361,0.0,0.173076923,0.0,2270
k257,0.475077136,0.0,0.0,0.0,0.0833,0.0357,0.0361,0.0,0.0,0.0,2763
k1416,0.376305201,0.0,0.0,0.0,0.0,0.0714,0.0361,0.0,0.0769,0.0,2335
k2741,0.409762102,0.0,0.0,0.0,0.0,0.142857143,0.0361,0.0,0.0192,0.0,1181
k538,0.433724515,0.0,0.0,0.0,0.0,0.142857143,0.0361,0.64002997,0.0,0.0333,2334
k929,0.514487681,0.0,0.0,0.0294,0.0,0.107142857,0.0361,0.0,0.115384615,0.0,947
k2094,0.572458065,0.0417,0.0,0.0,0.0,0.0357,0.0361,0.0,0.230769231,0.0,1947
k3336,0.420537002,0.0,0.0,0.0,0.0,0.0714,0.0361,0.0,0.0385,0.0,2381
k1381,0.482903665,0.0,0.0,0.0,0.0,0.0,0.0361,0.0,0.192307692,0.0,1076
k460,0.434376348,0.0,0.0,0.0,0.0,0.0714,0.0361,0.0,0.0962,0.0,3073
k2731,0.713136338,0.0,0.0,0.0294,0.0833,0.107142857,0.0361,0.0,0.461538462,0.0,44
k3203,0.58814761,0.0,0.0,0.0,0.0,0.107142857,0.0361,0.0,0.115384615,0.0333,2262
k525,0.548670898,0.0,0.0,0.0,0.0,0.0714,0.0361,0.0,0.0577,0.0,1530
k155,0.356196503,0.0,0.0,0.0,0.0,0.0357,0.0361,0.0,0.0,0.0,3406
k924,0.443167204,0.0,0.0,0.0,0.0,0.0714,0.0361,0.0,0.0769,0.0,2915
k2938,0.422476998,0.0,0.595233159,0.117647059,0.0,0.0357,0.0361,0.0,0.0,0.0,3233
k1525,0.385648263,0.0,0.0,0.0,0.0,0.142857143,0.0361,0.0,0.0,0.0333,108
k1773,0.294280716,0.0,0.0,0.0,0.0,0.0357,0.0361,0.0,0.0,0.0,728
k930,0.494795831,0.0,0.0,0.0,0.0,0.0714,0.0361,0.0,0.192307692,0.0,1918
k2358,0.565569018,0.0,0.0,0.0,0.0,0.107142857,0.0361,0.0,0.0962,0.0,1650
k2010,0.403790876,0.0,0.0,0.0,0.0,0.0357,0.0361,0.0,0.0192,0.0,327
k877,0.406613342,0.0,0.0,0.0588,0.0,0.0714,0.0361,0.0,0.0385,0.0,2646
k2716,0.359854744,0.0,0.0,0.0,0.0,0.0357,0.0361,0.0,0.0,0.0,2398
k2978,0.408252754,0.0,0.0,0.0294,0.0417,0.0714,0.0361,0.0,0.134615385,0.0,735
k2022,0.349063019,0.0,0.0,0.0,0.0,0.0357,0.0361,0.0,0.0,0.0,2890
k2622,0.475077136,0.0,0.2645183,0.0,0.0,0.0357,0.0361,0.0,0.0,0.0,1309
k437,0.57309364,0.0,0.0,0.205882353,0.0,0.107142857,0.0361,0.0,0.0769,0.0,845
k1136,0.541249496,0.0,0.211533864,0.0,0.0,0.0714,0.0361,0.0,0.115384615,0.0,373
k1561,0.594794677,0.0,0.0,0.0,0.0,0.0,0.0361,0.0,0.346153846,0.0,436
k2064,0.70476025,0.0833,0.370785574,0.0294,0.0,0.107142857,0.0361,0.0,0.192307692,0.0,2400
k3347,0.560276091,0.0,0.0,0.0,0.0,0.107142857,0.0361,0.0,0.153846154,0.0,3242
k881,0.432640522,0.0,0.0,0.0,0.0,0.0714,0.0361,0.0,0.0962,0.0,1878
k1133,0.494795831,0.0,0.614153595,0.147058824,0.0,0.0357,0.0361,0.0,0.0,0.0,1079
k3187,0.431893409,0.0,0.0,0.0,0.0,0.0357,0.0361,0.0,0.173076923,0.0,1553
k1650,0.720411985,0.0,0.0,0.0,0.0,0.0357,0.0361,0.0,0.211538462,0.0,3389
k1672,0.585900602,0.0,0.0,0.0,0.0,0.0357,0.0361,0.0,0.269230769,0.0,1319
k2570,0.404133239,0.0,0.0,0.0,0.0417,0.0714,0.0361,0.0,0.0385,0.0,2540
k1805,0.345724645,0.0,0.0,0.0,0.0,0.0357,0.0361,0.0,0.0,0.0,129
k1912,0.183554987,0.0,0.0,0.0,0.0,0.0357,0.0361,0.0,0.0,0.0,2650
k491,0.441904183,0.0,0.0,0.0294,0.0,0.0357,0.0361,0.0,0.115384615,0.0,3251
k3122,0.36978782,0.0,0.0,0.0294,0.0,0.0357,0.0361,0.0,0.0,0.0,29
k3077,0.441904183,0.0,0.0,0.0,0.0,0.0714,0.0361,0.0,0.0962,0.0,1170
k630,0.332879874,0.0,0.0,0.0,0.0,0.0357,0.0361,0.0,0.0769,0.0,3248
k1162,0.585209259,0.0,0.0,0.0,0.0,0.25,0.0361,0.0,0.173076923,0.0,2849
k3399,0.407346653,0.0,0.0,0.0294,0.0,0.0,0.0361,0.0,0.153846154,0.0,777
k476,0.571202229,0.0,0.0,0.0588,0.0417,0.107142857,0.510796933,0.0,0.173076923,0.0,3216
k2128,0.58482833,0.0,0.0,0.0,0.0,0.0357,0.0361,0.0,0.230769231,0.0,1528
k2283,0.40013755,0.0,0.0,0.0,0.0,0.0,0.0361,0.0,0.192307692,0.0,2484
k3096,0.349063019,0.0,0.0,0.0294,0.0,0.0357,0.0361,0.53953155,0.0,0.0,1765
k1267,0.611017901,0.0417,0.0,0.0294,0.0,0.0714,0.0361,0.0,0.365384615,0.0,2954
k2157,0.40642524,0.0,0.0,0.0,0.0,0.0714,0.0361,0.0,0.0577,0.0,671
k317,0.347370296,0.0,0.0,0.0,0.0,0.0357,0.0361,0.0,0.0962,0.0,1544
k313,0.459548092,0.0,0.0,0.0588,0.0,0.0714,0.0361,0.0,0.0962,0.0,1557
k247,0.41888568,0.0,0.115395448,0.0,0.0,0.0357,0.0361,0.0,0.0385,0.0,1437
k35,0.411810233,0.0,0.0,0.0,0.0,0.0714,0.0361,0.0,0.0385,0.0,274
k3194,0.563258679,1.0,0.0,0.176470588,0.0,0.0357,0.0361,0.0,0.230769231,0.0,454
k2789,0.557095571,0.0,0.0,0.0,0.0,0.0714,0.0361,0.0,0.115384615,0.0,621
k1717,0.519463009,0.0,0.0,0.0,0.0,0.107142857,0.0361,0.0,0.0962,0.0,754
k1213,0.685540449,0.166666667,0.18501451,0.117647059,0.0,0.142857143,0.0361,0.0,0.288461538,0.0,1826
k2745,0.541691298,0.0,0.672025692,0.117647059,0.0,0.0357,0.0361,0.0,0.0,0.0,399
k2791,0.464534385,0.0,0.0,0.0,0.0,0.0714,0.0361,0.0,0.153846154,0.0,1777
k1068,0.590535457,0.0,0.0,0.0882,0.0,0.0714,0.0361,0.0,0.346153846,0.0,2847
k2889,0.349063019,0.0,0.0,0.0,0.0,0.0357,0.0361,0.0,0.0,0.0,2106
k3282,0.672185252,0.0417,0.796473471,0.0,0.0,0.0357,0.0361,0.943447242,0.230769231,0.0,2768
k144,0.539639386,0.0833,0.0,0.0294,0.0833,0.214285714,0.0361,0.0,0.0577,0.0,2829
k2015,0.563077951,0.0,0.0,0.0,0.0,0.178571429,0.0361,0.0,0.173076923,0.0,339
k62,0.44010238,0.0,0.0,0.0,0.0,0.107142857,0.0361,0.0,0.0385,0.0,2499
k858,0.57672825,0.0,0.0,0.0,0.0,0.285714286,0.0361,0.0,0.153846154,0.0667,2679
k2478,0.485769044,0.0,0.0,0.0,0.0,0.0,0.0361,0.0,0.269230769,0.0,2226
k3278,0.440529814,0.0,0.0,0.0294,0.0833,0.107142857,0.0361,0.0,0.0577,0.0,2454
k689,0.528235717,0.0,0.0,0.0,0.0,0.0357,0.0361,0.0,0.0769,0.0,2947
k1141,0.593578163,0.0417,0.0,0.0882,0.0417,0.214285714,0.0361,0.0,0.0,0.0,1999
k3193,0.556536371,0.0,0.0,0.0294,0.0,0.0714,0.0361,0.0,0.173076923,0.0,1166
k3186,0.287715317,0.0,0.0,0.0,0.0,0.0357,0.0361,0.0,0.0385,0.0,1308
k240,0.488462391,0.0,0.0,0.0,0.0,0.0357,0.0361,0.0,0.115384615,0.0,1336
k3227,0.567680101,0.0,0.0,0.0,0.0,0.0714,0.0361,0.0,0.192307692,0.0,665
k1057,0.507783332,0.0,0.0,0.0,0.0,0.107142857,0.0361,0.0,0.0577,0.0,1719
k2091,0.58079313,0.166666667,0.0,0.117647059,0.166666667,0.142857143,0.0361,0.0,0.153846154,0.0,1130
k1320,0.510910541,0.0,0.0,0.0,0.0,0.107142857,0.0361,0.0,0.0577,0.0,1799
k728,0.270237013,0.0,0.0,0.0,0.0417,0.0714,0.0361,0.0,0.0577,0.0,1432
k3272,0.565463341,0.0,0.608305521,0.0,0.0,0.0714,0.0361,0.0,0.326923077,0.0,2152
k2011,0.357705095,0.0,0.0,0.0294,0.0,0.0714,0.0361,0.0,0.0385,0.0,1095
k2209,0.403410325,0.0,0.0,0.0,0.0,0.214285714,0.0361,0.0,0.0,0.2,2216
k555,0.540893521,0.0,0.0,0.0,0.0,0.0357,0.0361,0.0,0.134615385,0.0,1068
k1922,0.270237013,0.0,0.0,0.0,0.0,0.0357,0.0361,0.0,0.0577,0.0,1589
k1881,0.552405703,0.0,0.0,0.0,0.0,0.25,0.0361,0.0,0.0769,0.0,959
k3161,0.441904183,0.0,0.0,0.0,0.0,0.0714,0.0361,0.0,0.115384615,0.0,1260
k2611,0.52899058,0.0,0.0,0.0,0.0,0.107142857,0.0361,0.0,0.0962,0.0,2999
k1913,0.629327442,0.0,0.0,0.0588,0.0,0.321428571,0.0361,0.0,0.0192,0.0,217
k3255,0.385177915,0.0,0.0,0.0,0.0,0.107142857,0.0361,0.0,0.0385,0.0,55
k773,0.762089388,0.0,0.0,0.0,0.0,0.0357,0.0361,0.0,0.269230769,0.0,498
k2529,0.860650536,0.0,0.0,0.0,0.0,0.0357,0.0361,0.0,0.461538462,0.0,1123
k2572,0.483470238,0.0,0.0,0.0,0.0,0.0714,0.0361,0.0,0.153846154,0.0,943
k1821,0.43916452,0.0,0.0,0.0,0.0,0.0357,0.0361,0.0,0.153846154,0.0,653
k2390,0.432822006,0.0,0.0,0.0,0.0,0.25,0.0361,0.0,0.0192,0.3,955
k2423,0.56791244,0.0,0.0,0.0294,0.0,0.142857143,0.0361,0.0,0.153846154,0.0,356
k2564,0.480954027,0.0,0.0,0.0,0.0,0.285714286,0.0361,0.0,0.0577,0.233333333,2314
k2066,0.494153639,0.0,0.0,0.0,0.0,0.0357,0.0361,0.0,0.0385,0.0,1486
k937,0.562212307,0.0,0.0,0.0,0.0,0.0714,0.0361,0.0,0.25,0.0,1516
k768,0.287715317,0.0,0.0,0.0,0.0,0.0357,0.0361,0.0,0.0,0.0,1820
k3165,0.540038652,0.0,0.0,0.0,0.0,0.0357,0.0361,0.0,0.0577,0.0,1869
k999,0.284670721,0.0,0.0,0.0,0.0,0.0357,0.0361,0.0,0.0,0.0,2589
k3350,0.57463834,0.0,0.0,0.0294,0.0,0.107142857,0.0361,0.0,0.134615385,0.0,58
k1616,0.575362766,0.0,0.0,0.0294,0.0,0.107142857,0.0361,0.0,0.25,0.0,1964
k48,0.546088333,0.0417,0.0,0.0882,0.0,0.214285714,0.0361,0.0,0.115384615,0.0,1942
k1800,0.495032895,0.0,0.0,0.0,0.0,0.0357,0.0361,0.0,0.0385,0.0,2948
k1798,0.502444467,0.0,0.0,0.0,0.0,0.0357,0.0361,0.0,0.0,0.0667,1772
k1492,0.516655667,0.0,0.0,0.0,0.0,0.0714,0.0361,0.0,0.0962,0.0,993
k824,0.490143583,0.0,0.0,0.0,0.0,0.0357,0.0361,0.0,0.192307692,0.0,3224
k413,0.359189489,0.0,0.0,0.0294,0.0,0.178571429,0.0361,0.0,0.0,0.133333333,2944
k2243,0.546088333,0.0417,0.0,0.0882,0.0833,0.214285714,0.0361,0.0,0.115384615,0.0,1383
k1953,0.656320083,0.0,0.0,0.0588,0.0,0.0357,0.0361,0.68048995,0.25,0.0,3093
k3081,0.488369759,0.0,0.0,0.0294,0.0,0.107142857,0.0361,0.0,0.0577,0.0,3160
k3067,0.767517484,0.0,0.651425669,0.0,0.0,0.0714,0.0361,0.0,0.384615385,0.0,3363
k2552,0.458318344,0.0,0.0,0.0,0.0,0.107142857,0.0361,0.0,0.0385,0.0,2593
k60,0.611667087,0.0,0.0,0.0,0.0,0.142857143,0.0361,0.950092843,0.25,0.0,1565
k839,0.534741756,0.0,0.0,0.0,0.0,0.0714,0.0361,0.0,0.153846154,0.0,130
k808,0.681892606,0.0833,0.0,0.117647059,0.0,0.214285714,0.0361,0.0,0.134615385,0.0,3416
k3277,0.552255789,0.0,0.0,0.0294,0.0,0.178571429,0.0361,0.0,0.134615385,0.0,2222
k2617,0.471841036,0.0,0.0,0.0,0.0,0.142857143,0.0361,0.0,0.0,0.0,1821
k2197,0.65776818,0.0,0.0,0.0,0.0,0.0357,0.0361,0.0,0.0769,0.0,1419
k2670,0.603859462,0.0417,0.0,0.0,0.0,0.0714,0.0361,0.0,0.192307692,0.0,2932
k1864,0.622101136,0.0,0.354581611,0.0,0.0,0.0714,0.0361,0.0,0.153846154,0.0,2724
k3264,0.464125666,0.0,0.0,0.0,0.0,0.107142857,0.0361,0.0,0.0385,0.0,107
k1175,0.332879874,0.0,0.0,0.0,0.0,0.0357,0.0361,0.0,0.0769,0.0,2774
k1427,0.575023617,0.0,0.0,0.0,0.0417,0.0714,0.82464655,0.0,0.230769231,0.0,3407
k3149,0.532321581,0.0,0.125349356,0.0,0.0,0.0357,0.0361,0.0,0.115384615,0.0,2105
k2081,0.537343415,0.0,0.0,0.0,0.0,0.0357,0.0361,0.0,0.230769231,0.0,142
k1049,0.613150346,0.0,0.922242628,1.0,0.0,0.0357,0.0361,0.0,0.0,0.0,2146
k1271,0.53074153,0.0,0.140535402,0.0,0.0,0.0357,0.0361,0.0,0.0385,0.0,570
k1721,0.44010238,0.0,0.0,0.0,0.0,0.107142857,0.0361,0.0,0.0385,0.0333,634
k2792,0.54485159,0.0,0.0,0.0,0.0,0.0357,0.0361,0.0,0.153846154,0.0,111
k1957,0.791004066,0.0,0.0,0.294117647,0.0,0.571428571,0.0361,0.0,0.230769231,0.0,18
k381,0.478019835,0.0,0.0,0.0,0.0,0.0357,0.0361,0.0,0.0,0.0,207
k1066,0.478544061,0.0,0.0,0.0,0.0,0.0357,0.0361,0.0,0.134615385,0.0,1555
k1697,0.624178569,0.0,0.0,0.0,0.0,0.25,0.0361,0.0,0.0,0.0,1369
k636,0.634654775,0.0,0.370789616,0.0588,0.0,0.0357,0.0361,0.0,0.0577,0.0,347
k691,0.675004126,0.0,0.0,0.0,0.0,0.0714,0.0361,0.0,0.423076923,0.0,822
k493,0.275846971,0.0,0.0,0.0,0.0,0.0357,0.0361,0.0,0.0,0.0,2508
k758,0.406309355,0.0,0.0,0.0588,0.0,0.0357,0.0361,0.0,0.0192,0.0,2211
k1361,0.859437424,0.0,0.0,0.0,0.0,0.142857143,0.0361,0.0,0.365384615,0.0,893
k3112,0.581488632,0.0,0.0,0.0588,0.0,0.0714,0.0361,0.0,0.211538462,0.0,605
k1069,0.495181297,0.0,0.0,0.0,0.0,0.0357,0.0361,0.0,0.134615385,0.0,3419
k1608,0.335054666,0.0,0.0,0.0,0.0,0.0357,0.0361,0.0,0.0,0.0333,2529
k1051,0.183554987,0.0,0.0,0.0,0.0,0.0357,0.0361,0.0,0.0,0.0,2272
k2029,0.369526746,0.0,0.0,0.176470588,0.0,0.0357,0.0361,0.0,0.0,0.0,411
k353,0.606117057,0.0,0.0,0.0,0.0,0.0714,0.0361,0.0,0.269230769,0.0,1632
k557,0.183554987,0.0,0.0,0.0,0.0,0.0357,0.0361,0.0,0.0,0.0,2806
k3028,0.418281109,0.0,0.0,0.0,0.0,0.0357,0.0361,0.0,0.0,0.0,2960
k2895,0.406309355,0.0,0.0,0.0,0.0,0.0357,0.0361,0.0,0.0192,0.0,904
k82,0.585283176,0.0,0.0,0.0588,0.0,0.178571429,0.0361,0.0,0.0385,0.0,2258
k2246,0.359189489,0.0,0.0,0.0,0.0,0.178571429,0.0361,0.0,0.0,0.233333333,2519
k1114,0.678516045,0.0,0.106632981,0.0,0.0,0.107142857,0.0361,0.0,0.423076923,0.0,3241
k816,0.332879874,0.0,0.0,0.0,0.0,0.0357,0.0361,0.0,0.0769,0.0,3349
k2751,0.484948582,0.0,0.0,0.0,0.0,0.0357,0.0361,0.0,0.211538462,0.0,1721
k328,0.45743474,0.0,0.0834,0.0,0.0,0.107142857,0.0361,0.0,0.0385,0.0,66
k2960,0.623097411,0.0,0.0,0.147058824,0.0,0.178571429,0.0361,0.0,0.153846154,0.0,2924
k1529,0.480375923,0.0,0.0,0.0,0.0,0.0714,0.0361,0.0,0.115384615,0.0,903
k827,0.499936575,0.0,0.0,0.0,0.0,0.0357,0.0361,0.0,0.173076923,0.0,860
k2500,0.525276759,0.0,0.293000353,0.0,0.0,0.107142857,0.0361,0.0,0.0962,0.0333,3101
k1001,0.646230477,0.0,0.513429217,0.0,0.0,0.142857143,0.0361,0.0,0.0962,0.0333,3209
k2164,0.482759233,0.0,0.0,0.0,0.0,0.0357,0.0361,0.0,0.153846154,0.0,3070
k1725,0.376305201,0.0,0.0,0.0,0.0,0.0714,0.0361,0.0,0.0769,0.0,3130
k552,0.295970604,0.0,0.0,0.0,0.0,0.0357,0.0361,0.0,0.0,0.0,2289
k2199,0.360816802,0.0,0.244843862,0.0,0.0,0.0357,0.0361,0.0,0.0,0.0,897
k1810,0.618845186,0.0,0.0,0.0588,0.0,0.321428571,0.0361,0.0,0.0192,0.0,2816
k2325,0.527496545,0.0,0.434014527,0.0,0.0,0.0357,0.0361,0.0,0.0577,0.0,1216
k3152,0.686036697,0.0833,0.0,0.0,0.0,0.214285714,0.0361,0.0,0.307692308,0.0667,1158
k1618,0.501466151,0.0,0.0,0.0,0.0,0.0714,0.0361,0.0,0.153846154,0.0,2676
k2640,0.467613576,0.0,0.0,0.0294,0.0,0.0357,0.0361,0.0,0.0385,0.0,126
k2728,0.503463617,0.0,0.0,0.0588,0.0,0.0357,0.0361,0.559533505,0.134615385,0.0,1680
k508,0.666335205,0.0,0.0,0.0,0.0,0.0357,0.0361,0.0,0.346153846,0.0,885
k2200,0.425380565,0.0,0.0,0.0,0.0,0.0714,0.0361,0.0,0.115384615,0.0,677
k1512,0.587273647,0.0,0.0,0.0,0.0,0.428571429,0.0361,0.0,0.0769,0.133333333,1932
k148,0.525287724,0.0,0.0,0.0294,0.416666667,0.107142857,0.0361,0.0,0.0385,0.0,1444
k342,0.749426858,0.0,0.0,0.0,0.0,0.0357,0.0361,0.0,0.192307692,0.0,788
k111,0.469679855,0.0,0.0,0.0,0.0,0.0357,0.0361,0.0,0.0192,0.0,1822
k1504,0.4821333,0.0,0.0,0.0,0.0,0.0,0.0361,0.0,0.230769231,0.0,8
k611,0.484988093,0.0,0.0,0.0,0.0,0.142857143,0.0361,0.0,0.0,0.0,2132
k606,0.903475074,0.0,0.0,0.0294,0.0,0.0357,0.0361,0.0,0.480769231,0.0,336
k2137,0.560596714,0.0,0.0,0.0,0.0,0.0357,0.0361,0.0,0.153846154,0.0,2491
k3211,0.53673166,0.0,0.0,0.0,0.0,0.142857143,0.0361,0.0,0.173076923,0.0,2020
k3137,0.452256186,0.0,0.11006016,0.0,0.0,0.0357,0.0361,0.0,0.0385,0.0,1072
k2974,0.441904183,0.0,0.0,0.0,0.0,0.0714,0.0361,0.0,0.0769,0.0,668
k3157,0.287715317,0.0,0.0,0.0,0.0,0.0,0.0361,0.0,0.115384615,0.0,1592
k1011,0.275846971,0.0,0.0,0.0,0.0,0.0357,0.0361,0.0,0.0,0.0,377
k1477,0.50222177,0.0,0.0,0.0,0.0,0.0714,0.0361,0.0,0.173076923,0.0,2177
k2194,0.451279949,0.0,0.0,0.0,0.0,0.0,0.0361,0.0,0.173076923,0.0,2170
k842,0.295970604,0.0,0.0,0.0,0.0,0.0357,0.0361,0.0,0.0,0.0,1959
k1807,0.579285861,0.0,0.0,0.0,0.0417,0.107142857,0.0361,0.0,0.326923077,0.0,2797
k659,0.416453973,0.0,0.0,0.0588,0.0,0.142857143,0.0361,0.0,0.0,0.0,1840
k2836,0.468890019,0.0,0.0,0.0,0.0,0.107142857,0.0361,0.0,0.0,0.0,778
k2328,0.746443135,0.0,0.0,0.323529412,0.0,0.464285714,0.0361,0.0,0.134615385,0.0,2100
k214,0.575263517,0.0,0.0,0.0,0.0,0.0357,0.0361,0.0,0.269230769,0.0,3374
k2580,0.679429518,0.0,0.587934269,0.0,0.0,0.0714,0.0361,0.0,0.288461538,0.0,644
k1566,0.633599706,0.0417,0.352879236,0.0,0.0,0.0714,0.0361,0.0,0.192307692,0.0,2324
k1450,0.605411724,0.0,0.0,0.0,0.0,0.0714,0.0361,0.0,0.269230769,0.0,262
k1113,0.345124422,0.0,0.0,0.0,0.0,0.0357,0.0361,0.0,0.0,0.0,509
k1224,0.723996309,0.0833,0.0,0.0294,0.0417,0.178571429,0.0361,0.0,0.365384615,0.0,3203
k1513,0.543156976,0.0417,0.39581269,0.0294,0.0,0.107142857,0.0361,0.0,0.0192,0.0,1965
k2590,0.727885754,0.0,0.318725142,0.0,0.0,0.107142857,0.0361,0.0,0.346153846,0.0,3211
k2039,0.658192023,0.0,0.119470227,0.0588,0.0,0.0357,0.0361,0.0,0.25,0.0,1332
k2737,0.595769213,0.0,0.0,0.0588,0.0,0.107142857,0.0361,0.0,0.134615385,0.0333,2501
k2857,0.470684827,0.0,0.0,0.0,0.0,0.0357,0.0361,0.0,0.115384615,0.0,2899
k1964,0.587977279,0.0,0.0,0.0,0.0833,0.0357,0.0361,0.0,0.307692308,0.0,26
k1663,0.457082168,0.0,0.0,0.0,0.0,0.0357,0.0361,0.0,0.153846154,0.0,2722
k1770,0.515821594,0.0,0.0,0.0,0.0,0.107142857,0.0361,0.0,0.192307692,0.0,72
k1759,0.60179961,0.0,0.0,0.0,0.0,0.0714,0.0361,0.0,0.211538462,0.0,2893
k369,0.348030068,0.0,0.0,0.0,0.0,0.0357,0.0361,0.0,0.0962,0.0,3422
k3038,0.555123059,0.0833,0.0,0.0882,0.125,0.178571429,0.0361,0.0,0.0769,0.0,408
k996,0.483470238,0.0,0.0,0.0,0.0,0.0714,0.0361,0.0,0.153846154,0.0,120
k3075,0.560466461,0.0,0.0,0.294117647,0.0,0.285714286,0.0361,0.0,0.0,0.0,2275
k660,0.514070455,0.0,0.0,0.0,0.0,0.142857143,0.0361,0.0,0.134615385,0.0,2887
k136,0.795677865,0.0,0.0,0.0,0.0,0.107142857,0.0361,0.0,0.192307692,0.0,2615
k2845,0.552582462,0.0,0.0,0.0,0.0,0.178571429,0.0361,0.0,0.0962,0.0,2218
k1920,0.530064365,0.0,0.0,0.0,0.0,0.25,0.0361,0.0,0.0,0.2,3192
k1016,0.662328173,0.0,0.0,0.0294,0.0,0.25,0.0361,0.0,0.153846154,0.0,2809
k2455,0.586273591,0.0417,0.0,0.0,0.0,0.0714,0.0361,0.0,0.326923077,0.0,137
k2915,0.588846704,0.0,0.0,0.0,0.0,0.107142857,0.0361,0.0,0.115384615,0.0333,1571
k2752,0.59166917,0.0,0.0,0.0588,0.0,0.0714,0.0361,0.0,0.134615385,0.0,1446
k2884,0.623883278,0.0,0.0,0.0,0.0,0.25,0.0361,0.0,0.0,0.0,1698
k2812,0.465449181,0.0,0.0,0.0,0.0,0.0357,0.0361,0.0,0.0192,0.0,81
k959,0.370370272,0.0,0.0,0.0,0.0,0.107142857,0.0361,0.0,0.0,0.0333,1039
k1534,0.287715317,0.0,0.559694854,0.0,0.0,0.0357,0.0361,0.0,0.0,0.0,612
k2467,0.712977161,0.0,0.0,0.0,0.0,0.0714,0.0361,0.0,0.230769231,0.0,2123
k210,0.423415615,0.0,0.0,0.0588,0.0,0.107142857,0.0361,0.0,0.0385,0.0,1597
k1483,0.559177352,0.0,0.0,0.0,0.0,0.214285714,0.0361,0.0,0.173076923,0.0,2260
k2178,0.443167204,0.0,0.0,0.0,0.0,0.0714,0.0361,0.0,0.0769,0.0,3153
k3116,0.477074791,0.0,0.0,0.0,0.0,0.107142857,0.0361,0.0,0.0385,0.0,1832
k2810,0.360816802,0.0,0.0,0.0,0.0,0.0357,0.0361,0.0,0.0,0.0,1293
k2596,0.183554987,0.0,0.0,0.0,0.0,0.0357,0.0361,0.0,0.0,0.0,2858
k1515,0.270237013,0.0,0.0,0.0,0.0,0.0357,0.0361,0.0,0.0577,0.0,2333
k2451,0.589245971,0.0,0.0,0.0588,0.0,0.178571429,0.0361,0.0,0.153846154,0.0,1500
k2834,0.589358453,0.0,0.0,0.0,0.0,0.0714,0.0361,0.0,0.115384615,0.0,3021
k267,0.398040645,0.0,0.297239759,0.0,0.0,0.0357,0.0361,0.4969541,0.0192,0.0,2036
k701,0.683657167,0.0417,0.560265505,0.0,0.0,0.0357,0.0361,0.0,0.115384615,0.0,2134
k2592,0.465304183,0.0,0.0,0.0,0.0,0.0357,0.0361,0.0,0.0385,0.0,2898
k193,0.579104755,0.0,0.0,0.0,0.0,0.107142857,0.0361,0.0,0.153846154,0.0,1510
k1337,0.575242911,0.0,0.0,0.0588,0.0,0.0357,0.0361,0.0,0.153846154,0.0,963
k3352,0.495123637,0.0,0.0,0.0,0.0,0.142857143,0.0361,0.0,0.0769,0.0,1273
k326,0.86478196,0.0,0.0,0.0,0.0833,0.25,0.0361,0.0,0.807692308,0.0,789
k1549,0.580816572,0.0833,0.0,0.117647059,0.166666667,0.107142857,0.0361,0.0,0.211538462,0.0,2264
k2562,0.357705095,0.0,0.0,0.0,0.0,0.0714,0.0361,0.0,0.0385,0.0333,418
k2609,0.557995811,0.0417,0.0,0.0,0.0,0.25,0.0361,0.0,0.173076923,0.0,2466
k2322,0.718023193,0.0417,0.0,0.0,0.0,0.178571429,0.0361,0.0,0.423076923,0.0,1109
k2210,0.813076013,0.0,0.0,0.0,0.0,0.0357,0.0361,0.0,0.326923077,0.0,43
k1443,0.570104624,0.0,0.0,0.0,0.0,0.0357,0.0361,0.0,0.115384615,0.0,2082
k3421,0.511354801,0.0,0.0,0.0294,0.0,0.0357,0.0361,0.0,0.0962,0.0,300
k1658,0.189046602,0.0,0.0,0.0,0.0,0.0357,0.0361,0.0,0.0,0.0,717
k0,0.357705095,0.0,0.0,0.0,0.0,0.0714,0.0361,0.0,0.0385,0.0333,495
k987,0.561592423,0.0,0.0,0.0588,0.0,0.107142857,0.0361,0.0,0.173076923,0.0,3063
k1978,0.562213063,0.0,0.0,0.0,0.0,0.107142857,0.0361,0.0,0.153846154,0.0,3240
k1244,0.436325229,0.0,0.0,0.0,0.0,0.107142857,0.0361,0.0,0.0577,0.0333,414
k1348,0.560437915,0.0,0.0,0.0,0.0,0.0714,0.0361,0.0,0.153846154,0.0,1582
k2472,0.572001707,0.0,0.0,0.0588,0.208333333,0.0714,0.0361,0.0,0.307692308,0.0,1717
k1468,0.441904183,0.0,0.0,0.0,0.0,0.0357,0.0361,0.0,0.115384615,0.0,1655
k1393,0.648582217,0.0,0.0858,0.0294,0.0,0.0714,0.0361,0.0,0.25,0.0,2693
k2766,0.389370023,0.0,0.0,0.0,0.0,0.0357,0.0361,0.0,0.115384615,0.0,2003
k541,0.585855231,0.0,0.0,0.0,0.0,0.0357,0.0361,0.0,0.288461538,0.0,2129
k931,0.332879874,0.0,0.0,0.0,0.0,0.0357,0.0361,0.0,0.0769,0.0,2574
k1349,0.419207815,0.0,0.0,0.0,0.0,0.142857143,0.0361,0.0,0.0,0.0,810
k601,0.41640709,0.0,0.0,0.0,0.0,0.0714,0.0361,0.626771346,0.134615385,0.0,1512
k2051,0.650490075,0.0,0.0,0.0,0.0,0.0357,0.0361,0.0,0.230769231,0.0,2758
k3362,0.370370272,0.0,0.0,0.0882,0.0,0.107142857,0.0361,0.0,0.0,0.0,3244
k2839,0.641397311,0.0,0.0,0.0,0.0,0.107142857,0.0361,0.0,0.25,0.0,1220
k1969,0.515105296,0.0,0.0,0.0,0.0,0.0357,0.0361,0.0,0.0192,0.0,1725
k104,0.443747199,0.0,0.0,0.0,0.0,0.214285714,0.0361,0.0,0.0,0.133333333,3157
k1236,0.557347003,0.0,0.0,0.0,0.0,0.0357,0.0361,0.0,0.307692308,0.0,2388
k3078,0.450879927,0.0,0.0,0.0,0.0,0.107142857,0.0361,0.0,0.0769,0.0,3343
k258,0.287715317,0.0,0.0,0.0,0.0,0.0357,0.0361,0.0,0.0,0.0,490
k1253,0.575570718,0.0,0.0,0.0,0.0,0.0714,0.0361,0.0,0.269230769,0.0,359
k2384,0.585883021,0.0,0.0,0.0,0.0,0.0357,0.0361,0.0,0.230769231,0.0,1782
k2232,0.486091936,0.0,0.0,0.0,0.0,0.0357,0.0361,0.0,0.173076923,0.0,807
k1638,0.367460278,0.0,0.385998249,0.0294,0.0,0.0357,0.0361,0.0,0.0,0.0,927
k2753,0.711153617,0.0,0.0,0.0,0.0,0.107142857,0.0361,0.0,0.326923077,0.0,1851
k138,0.60901533,0.0,0.467503359,0.0,0.0,0.0357,0.0361,0.0,0.0577,0.0,813
k1727,0.47544313,0.0,0.0,0.0,0.0,0.178571429,0.0361,0.0,0.0962,0.0,2209
k2168,0.530543787,0.0833,0.0,0.0,0.0,0.0714,0.0361,0.0,0.173076923,0.0,2569
k2522,0.359854744,0.0,0.0,0.0,0.0,0.0357,0.0361,0.0,0.0,0.0,3318
k1970,0.474605843,0.0,0.0,0.0,0.0,0.0714,0.0361,0.0,0.115384615,0.0,2458
k469,0.491761633,0.0,0.0,0.0,0.0,0.0357,0.0361,0.0,0.0769,0.0,979
k366,0.189046602,0.0,0.0,0.0,0.0,0.0357,0.0361,0.0,0.0,0.0,887
k610,0.665014336,0.0,0.0,0.0,0.0,0.0357,0.0361,0.0,0.134615385,0.0,2845
k2988,0.61432338,0.0,0.0,0.0882,0.0,0.107142857,0.0361,0.0,0.269230769,0.0,2474
k2876,0.349063019,0.0,0.0,0.0,0.0,0.0357,0.0361,0.0,0.0,0.0,51
k983,0.784642081,0.208333333,0.0,0.0882,0.0,0.392857143,0.0361,0.0,0.403846154,0.0,3221
k3267,0.606049567,0.0,0.0,0.0,0.0,0.178571429,0.0361,0.0,0.134615385,0.0,1523
k1682,0.670280797,0.0,0.0,0.0,0.0,0.107142857,0.0361,0.0,0.346153846,0.0,660
k1601,0.618990941,0.0,0.0,0.0,0.166666667,0.0714,0.0361,0.0,0.326923077,0.0,2635
k120,0.573009136,0.0,0.0,0.0,0.0,0.0714,0.0361,0.0,0.25,0.0,638
k2186,0.431155561,0.0,0.0,0.0,0.0,0.214285714,0.0361,0.0,0.0,0.133333333,563
k1412,0.431893409,0.0,0.0,0.0,0.0,0.0357,0.0361,0.0,0.173076923,0.0,256
k191,0.404541769,0.0,0.0,0.0,0.0,0.107142857,0.0361,0.0,0.0,0.0,2278
k914,0.577900528,0.0,0.0,0.0,0.0,0.25,0.0361,0.0,0.0,0.0667,1803
k1952,0.54500623,0.0,0.0,0.0,0.0,0.178571429,0.0361,0.0,0.115384615,0.0,1526
k266,0.796259184,0.0,0.0,0.352941176,0.0,0.571428571,0.0361,0.0,0.307692308,0.0,827
k2048,0.537943638,0.0,0.0,0.0,0.0,0.0357,0.0361,0.0,0.192307692,0.0,286
k1386,0.390082729,0.0,0.0,0.0,0.0,0.142857143,0.0361,0.0,0.0,0.0333,3015
k2369,0.609023648,0.0,0.0,0.0294,0.0,0.321428571,0.0361,0.0,0.192307692,0.0,1882
k156,0.551096555,0.0,0.0,0.0882,0.0,0.107142857,0.0361,0.0,0.134615385,0.0,2163
k54,0.500208613,0.0,0.0,0.0,0.0,0.0357,0.0361,0.0,0.115384615,0.0,2115
k1890,0.480375923,0.0833,0.0,0.0,0.0,0.0714,0.0361,0.605694368,0.115384615,0.0,3235
k2430,0.536004965,0.0,0.0,0.0588,0.0,0.107142857,0.0361,0.0,0.173076923,0.0,894
k2181,0.802544983,0.0,0.0,0.0,0.0,0.107142857,0.0361,0.0,0.5,0.0,1416
k180,0.609123654,0.0,0.0,0.0,0.0,0.0357,0.0361,0.0,0.269230769,0.0,922
k146,0.800300055,0.0,0.334900692,0.0294,0.0,0.0357,0.0361,0.0,0.192307692,0.0,951
k64,0.49462947,0.0,0.0,0.0,0.0,0.107142857,0.0361,0.0,0.153846154,0.0,3198
k939,0.453391033,0.0,0.0,0.0,0.0,0.0357,0.0361,0.0,0.0385,0.0,1892
k2442,0.425380565,0.0,0.0,0.0,0.0,0.0714,0.0361,0.0,0.115384615,0.0,2309
k1314,0.42902406,0.0,0.31390063,0.0,0.0,0.0357,0.0361,0.0,0.0,0.0333,275
k3040,0.528122856,0.0,0.0,0.0,0.0,0.0714,0.0361,0.0,0.115384615,0.0,1215
k3060,0.441904183,0.0,0.478756533,0.0,0.0,0.0357,0.0361,0.565788188,0.115384615,0.0,182
k1637,0.80302554,0.0,0.0,0.0,0.0,0.107142857,0.0361,0.0,0.538461538,0.0,2560
k153,0.555819507,0.0,0.0,0.0,0.0,0.0714,0.0361,0.0,0.173076923,0.0,3325
k1131,0.359790657,0.0,0.0,0.0,0.0,0.107142857,0.0361,0.0,0.0,0.0,1538
k359,0.739281672,0.0,0.0,0.0,0.0417,0.178571429,0.0361,0.0,0.461538462,0.0,2415
k1791,0.386272494,0.0,0.0,0.0,0.0,0.0357,0.638179644,0.0,0.115384615,0.0,855
k964,0.443167204,0.0,0.0,0.0,0.0,0.0714,0.0361,0.0,0.0769,0.0,2348
k607,0.359790657,0.0,0.0,0.0,0.0,0.107142857,0.0361,0.0,0.0,0.0,1927
k3388,0.564015055,0.0,0.0,0.0,0.0,0.107142857,0.0361,0.0,0.153846154,0.0,626
k2821,0.611503372,0.0,0.0,0.0,0.0,0.0357,0.0361,0.0,0.230769231,0.0,3138
k1795,0.40642524,0.0,0.0,0.0588,0.0,0.0357,0.0361,0.0,0.0769,0.0,1906
k1171,0.189046602,0.0,0.0,0.0,0.0,0.0357,0.0361,0.0,0.0,0.0,867
k2824,0.537343415,0.0,0.0,0.0,0.0,0.0357,0.0361,0.0,0.230769231,0.0,1834
k1402,0.727059053,0.0833,0.0,0.0882,0.0,0.25,0.0361,0.0,0.307692308,0.0,1711
k2018,0.572787195,0.0,0.0,0.205882353,0.0,0.142857143,0.0361,0.0,0.115384615,0.0,1600
k692,0.501778267,0.0,0.0,0.0,0.0,0.107142857,0.0361,0.0,0.0962,0.0,1284
k352,0.376305201,0.0,0.0,0.0,0.0,0.0714,0.0361,0.0,0.0769,0.0,737
k154,0.495639357,0.0,0.0,0.0588,0.0,0.107142857,0.0361,0.0,0.0385,0.0,2441
k1844,0.287715317,0.0,0.0,0.0,0.0,0.0357,0.0361,0.0,0.0,0.0,1635
k1804,0.390082729,0.0,0.0,0.0,0.0,0.142857143,0.0361,0.0,0.0,0.1,2442
k1987,0.53156634,0.0417,0.583092637,0.0882,0.0,0.0714,0.0361,0.0,0.0577,0.0,608
k1664,0.647803534,0.0,0.0,0.0588,0.0,0.285714286,0.0361,0.0,0.211538462,0.0,2494
k1883,0.652075987,0.0,0.0,0.0,0.0,0.107142857,0.0361,0.0,0.192307692,0.0,1047
k759,0.189046602,0.0,0.0,0.0,0.0,0.0357,0.0361,0.0,0.0,0.0,720
k2891,0.576154304,0.0,0.0,0.0588,0.0,0.142857143,0.0361,0.0,0.0577,0.0,2173
k753,0.406309355,0.0,0.0,0.0,0.0,0.0357,0.0361,0.645600547,0.0192,0.0,1916
k2520,0.453391033,0.0,0.0,0.0,0.0,0.0357,0.0361,0.0,0.0385,0.0,1214
k2964,0.563903139,0.0,0.0,0.0,0.0,0.0357,0.0361,0.0,0.211538462,0.0,2229
k1307,0.524189552,0.0,0.0,0.0,0.0,0.0357,0.0361,0.0,0.192307692,0.0,1295
k3396,0.751216184,0.0,0.0,0.0,0.0,0.0357,0.0361,0.0,0.25,0.0,3150
k2508,0.352568888,0.0,0.0,0.0,0.0,0.142857143,0.0361,0.0,0.0,0.0,2477
k1062,0.662690386,0.0,0.106012755,0.0294,0.0,0.0714,0.0361,0.0,0.423076923,0.0,1150
k1368,0.632329313,0.0,0.0,0.0,0.0417,0.142857143,0.0361,0.0,0.346153846,0.0333,1561
k3232,0.625209062,0.0417,0.0,0.0588,0.0,0.178571429,0.0361,0.0,0.25,0.0,1297
k473,0.586733163,0.0,0.0,0.0,0.0,0.0357,0.0361,0.0,0.115384615,0.0,1021
k2311,0.610535454,0.0,0.0,0.0,0.0,0.25,0.0361,0.0,0.115384615,0.0,2168
k2761,0.479313292,0.0,0.0,0.0,0.0,0.178571429,0.0361,0.0,0.192307692,0.0,85
k159,0.346945508,0.0,0.0,0.0,0.0,0.0714,0.0361,0.0,0.0385,0.0,1104
k417,0.453391033,0.0,0.275045546,0.0,0.0,0.0357,0.0361,0.0,0.0385,0.0,272
k360,0.687307279,0.0,0.0,0.0588,0.0,0.214285714,0.0361,0.0,0.230769231,0.0,2153
k767,0.663099483,0.0,0.0,0.117647059,0.0,0.0357,0.0361,0.0,0.153846154,0.0,2781
k2080,0.597738133,0.0,0.327768191,0.0,0.0,0.107142857,0.0361,0.0,0.153846154,0.0,192
k3297,0.477443621,0.0,0.0,0.0,0.0,0.107142857,0.0361,0.0,0.115384615,0.0,1342
k3209,0.555663165,0.0,0.0,0.0,0.0,0.0357,0.0361,0.0,0.192307692,0.0,590
k2060,0.600560788,0.0,0.0,0.0,0.0,0.107142857,0.0361,0.0,0.192307692,0.0,2757
k2808,0.52010539,0.0,0.0,0.0588,0.0,0.285714286,0.0361,0.0,0.153846154,0.0,2481
k1456,0.587791257,0.0,0.0,0.0588,0.0,0.0714,0.0361,0.0,0.211538462,0.0,510
k890,0.700215759,0.0,0.0,0.0882,0.0,0.214285714,0.0361,0.0,0.288461538,0.0,2602
k750,0.698443258,0.0,0.0,0.0,0.0,0.0714,0.0361,0.0,0.192307692,0.0,3375
k147,0.542652411,0.0417,0.0,0.0,0.0,0.0714,0.0361,0.0,0.0962,0.0,795
k786,0.501027374,0.0,0.0,0.0,0.0,0.107142857,0.0361,0.0,0.153846154,0.0,3425
k2621,0.656004942,0.0417,0.426136992,0.0,0.125,0.214285714,0.0361,0.0,0.173076923,0.0,2009
k787,0.425380565,0.0,0.0,0.0,0.0,0.0714,0.0361,0.0,0.115384615,0.0,2912
k3389,0.542103609,0.0,0.0,0.0,0.0,0.0357,0.0361,0.0,0.153846154,0.0,791
k2847,0.36978782,0.0,0.0,0.117647059,0.0,0.0357,0.0361,0.0,0.0,0.0,2313
k246,0.446849075,0.0,0.0,0.0,0.0,0.0357,0.0361,0.0,0.0385,0.0,19
k742,0.432640522,0.0,0.0,0.0294,0.0,0.0714,0.0361,0.0,0.0962,0.0,639
k1150,0.36978782,0.0,0.0,0.0,0.0,0.0357,0.0361,0.0,0.0,0.0,187
k1431,0.389370023,0.0,0.0,0.0,0.0,0.0357,0.0361,0.0,0.115384615,0.0,218
k2885,0.389370023,0.0,0.0,0.0,0.0,0.0357,0.0361,0.0,0.115384615,0.0,2825
k411,0.403790876,0.0,0.0,0.0,0.0,0.0357,0.0361,0.0,0.0192,0.0,3136
k1997,0.453391033,0.0,0.0,0.0,0.0,0.0357,0.0361,0.0,0.0385,0.0,2614
k565,0.189046602,0.0,0.0,0.0,0.0,0.0357,0.0361,0.0,0.0,0.0,829
k1433,0.705159895,0.0417,0.0,0.147058824,0.0,0.392857143,0.0361,0.0,0.0962,0.0,2852
k1480,0.635549722,0.0,0.0,0.0,0.0,0.107142857,0.0361,0.0,0.230769231,0.0,1835
k3182,0.579789481,0.0,0.0,0.0,0.0,0.107142857,0.0361,0.0,0.0192,0.0333,866
k2635,0.270237013,0.0,0.0,0.0,0.0,0.0357,1.0,0.0,0.0577,0.0,986
k3370,0.488955992,0.0,0.0,0.0,0.0,0.0357,0.0361,0.0,0.115384615,0.0,3043
k2008,0.492599487,0.0,0.0,0.0,0.166666667,0.0714,0.0361,0.0,0.173076923,0.0,1849
k1024,0.0,0.0,0.0,0.0,0.0,0.0357,0.0361,0.0,0.0,0.0,2905
k1788,0.508160102,0.0,0.0,0.0,0.0,0.142857143,0.0361,0.0,0.0962,0.0,25
k2468,0.385177915,0.0,0.0,0.0294,0.0833,0.107142857,0.0361,0.0,0.0385,0.0,3006
k3153,0.385177915,0.0,0.0,0.0588,0.0833,0.107142857,0.0361,0.0,0.0385,0.0,3005
k3348,0.53244673,0.0417,0.0,0.0,0.0,0.107142857,0.0361,0.0,0.0962,0.0,421
k2846,0.519732023,0.0417,0.0,0.0,0.0,0.107142857,0.0361,0.0,0.134615385,0.0,3023
k1222,0.746242179,0.0833,0.0,0.0,0.0,0.178571429,0.0361,0.0,0.230769231,0.0,1653
k1203,0.575175043,0.0,0.0703,0.0,0.0,0.142857143,0.0361,0.0,0.0962,0.0,1968
k1555,0.349063019,0.0,0.0,0.0,0.0,0.0357,0.0361,0.0,0.0,0.0,2541
k763,0.752481095,0.0,0.0,0.0,0.0,0.0357,0.0361,0.0,0.230769231,0.0,124
k1998,0.506837343,0.0,0.0,0.176470588,0.0,0.214285714,0.0361,0.0,0.0,0.0,3133
k1415,0.890094166,0.0,0.0,0.441176471,0.0,0.75,0.0361,0.0,0.326923077,0.0,987
k1757,0.588242133,0.0,0.0,0.0294,0.0,0.142857143,0.0361,0.0,0.173076923,0.0,727
k657,0.349063019,0.0,0.0,0.0,0.0,0.0357,0.0361,0.0,0.0,0.0,312
k2878,0.625434405,0.0,0.0,0.0588,0.0,0.214285714,0.0361,0.0,0.288461538,0.0,2447
k2318,0.539623695,0.0417,0.0,0.0294,0.0,0.142857143,0.0361,0.0,0.25,0.0,2769
k1550,0.481245159,0.0,0.0,0.0,0.0,0.0714,0.881057888,0.0,0.192307692,0.0,3283
k3176,0.431391491,0.0,0.0,0.0,0.0,0.0714,0.0361,0.0,0.0385,0.0,1887
k3243,0.431893409,0.0,0.0,0.0,0.0,0.0357,0.0361,0.0,0.173076923,0.0,455
k1355,0.517667445,0.0,0.0,0.117647059,0.0,0.178571429,0.0361,0.0,0.0,0.0,239
k1173,0.3987318,0.0,0.0,0.0,0.0,0.0357,0.835478652,0.0,0.134615385,0.0,792
k1092,0.487101445,0.0,0.0,0.0,0.0,0.0357,0.0361,0.0,0.0,0.0,1911
k2113,0.537057388,0.0,0.0,0.0,0.0,0.0714,0.0361,0.0,0.115384615,0.0,2959
k1646,0.546088333,0.0417,0.0,0.0882,0.0,0.214285714,0.0361,0.0,0.115384615,0.0,1000
k1722,0.40642524,0.0,0.0,0.0,0.0,0.0357,0.0361,0.0,0.0769,0.0,1943
k634,0.493554362,0.0,0.0,0.0,0.0,0.0714,0.0361,0.0,0.211538462,0.0,2366
k295,0.428130815,0.0,0.0,0.0,0.0,0.107142857,0.0361,0.0,0.0385,0.0,520
k403,0.558154232,0.0,0.0,0.0,0.0,0.107142857,0.0361,0.0,0.326923077,0.0,209
k1192,0.562150299,0.0,0.0,0.0,0.0,0.0357,0.910388971,0.0,0.25,0.0,2002
k704,0.678425869,0.0,0.494083085,0.0294,0.0,0.0714,0.0361,0.0,0.134615385,0.0,1953
k1335,0.449152041,0.0,0.0,0.0,0.0,0.107142857,0.0361,0.0,0.0192,0.0,3323
k1940,0.446053378,0.0,0.0,0.0588,0.0,0.214285714,0.0361,0.470925498,0.0192,0.0,118
k385,0.70892438,0.0,0.0,0.0294,0.25,0.178571429,0.0361,0.0,0.384615385,0.0,923
k1451,0.447592406,0.0,0.0,0.147058824,0.0,0.142857143,0.0361,0.0,0.0,0.0,1144
k986,0.537572918,0.0,0.0,0.0,0.0,0.0357,0.0361,0.0,0.0385,0.0,3085
k446,0.652936527,0.0417,0.0,0.0588,0.0,0.0714,0.0361,0.0,0.230769231,0.0,939
k587,0.392299489,0.0,0.0,0.0,0.0,0.0714,0.0361,0.0,0.0769,0.0,3055
k479,0.489382481,0.0,0.0,0.0588,0.0,0.0357,0.0361,0.0,0.0192,0.0,160
k3037,0.275846971,0.0,0.0,0.0,0.0,0.0357,0.0361,0.628921393,0.0,0.0,257
k640,0.287715317,0.0,0.0,0.0,0.0,0.0357,0.0361,0.0,0.0,0.0,1894
k2875,0.518349525,0.0,0.0,0.0,0.0,0.0714,0.0361,0.0,0.211538462,0.0,2428
k683,0.528235717,0.0,0.0,0.0,0.0,0.0357,0.0361,0.0,0.0769,0.0,1888
k4,0.349063019,0.0,0.0,0.0,0.0,0.0357,0.0361,0.61647718,0.0,0.0,305
k1183,0.349063019,0.0,0.252576443,0.0,0.0,0.0357,0.0361,0.0,0.0,0.0,2049
k1508,0.730201575,0.0833,0.0,0.0882,0.0,0.321428571,0.0361,0.0,0.307692308,0.0,1471
k3250,0.399170955,0.0,0.0,0.0,0.0,0.107142857,0.0361,0.0,0.115384615,0.0,448
k1266,0.36978782,0.0,0.0,0.0,0.0,0.0357,0.0361,0.0,0.0,0.0,2617
k2103,0.553813344,0.0,0.0,0.0,0.0,0.0714,0.0361,0.0,0.269230769,0.0,1152
k250,0.390082729,0.0,0.0,0.0,0.0,0.142857143,0.0361,0.0,0.0,0.0,3299
k330,0.577189524,0.0,0.0,0.0,0.0,0.142857143,0.0361,0.0,0.115384615,0.0,1585
k972,0.61575503,0.0,0.0,0.0,0.0,0.178571429,0.0361,0.0,0.153846154,0.0,2844
k2868,0.664903555,0.0417,0.0,0.0,0.0,0.107142857,0.0361,0.0,0.269230769,0.0,1926
k2087,0.579313651,0.0,0.0,0.0,0.0,0.392857143,0.0361,0.0,0.0,0.266666667,2119
k2460,0.470661385,0.0,0.0,0.0294,0.0417,0.0714,0.0361,0.0,0.0962,0.0,1951
k1161,0.431893409,0.0,0.0,0.0,0.0,0.0357,0.0361,0.0,0.173076923,0.0,2682
k2507,0.356196503,0.0,0.297322581,0.0,0.0,0.0357,0.0361,0.0,0.0,0.0,2888
k2892,0.639086217,0.0,0.0,0.0,0.0,0.107142857,0.0361,0.0,0.307692308,0.0,3151
k1605,0.635819681,0.0,0.0,0.0,0.0,0.178571429,0.0361,0.0,0.211538462,0.0,74
k1217,0.611972019,0.0,0.0,0.0588,0.0,0.214285714,0.0361,0.0,0.230769231,0.0,1400
k1739,0.458350292,0.0,0.0,0.0,0.0,0.0357,0.0361,0.0,0.115384615,0.0,1069
k2224,0.529722379,0.0,0.0,0.0588,0.0,0.0714,0.0361,0.0,0.211538462,0.0,919
k124,0.5766946,0.0417,0.0,0.0294,0.208333333,0.107142857,0.0361,0.0,0.211538462,0.0,2436
k2943,0.648371052,0.0,0.0,0.0,0.0,0.178571429,0.0361,0.0,0.307692308,0.0,2439
k65,0.472915577,0.0,0.0,0.0,0.0,0.0714,0.0361,0.0,0.0385,0.0,208
k1691,0.189046602,0.0,0.0,0.0,0.0,0.0,0.0361,0.0,0.0962,0.0,387
k1671,0.762043072,0.0,0.0,0.0,0.0,0.0714,0.0361,0.0,0.269230769,0.0,2179
k3428,0.630558136,0.0,0.0,0.0588,0.0,0.0714,0.0361,0.0,0.288461538,0.0,2666
k2135,0.674909225,0.0,0.0,0.0,0.0,0.0714,0.0361,0.0,0.461538462,0.0,1422
k3309,0.76749234,0.0,0.0,0.0,0.0,0.25,0.0361,0.0,0.173076923,0.0,679
k2541,0.485769044,0.0,0.0,0.0,0.0,0.0,0.0361,0.0,0.269230769,0.0,2582
k418,0.555234785,0.0833,0.0,0.0882,0.208333333,0.142857143,0.0361,0.0,0.134615385,0.0,2392
k114,0.431893409,0.0,0.0,0.0,0.0,0.0357,0.0361,0.0,0.173076923,0.0,3072
k2215,0.560276091,0.0,0.0,0.0,0.0,0.107142857,0.0361,0.0,0.153846154,0.0,3273
k1454,0.425380565,0.0,0.0,0.0,0.0,0.0714,0.0361,0.0,0.115384615,0.0,393
k464,0.659567148,0.0,0.0,0.176470588,0.0,0.464285714,0.0361,0.0,0.0,0.0,2071
k2566,0.420537002,0.0,0.0,0.0,0.0,0.0714,0.0361,0.0,0.0385,0.0,1004
k3128,0.287715317,0.0,0.329449968,0.0,0.0,0.0357,0.0361,0.0,0.0,0.0,2285
k2833,0.475077136,0.0,0.0,0.0588,0.0,0.0357,0.0361,0.0,0.0,0.0,34
k2284,0.604687108,0.0,0.0,0.0,0.0,0.0357,0.0361,0.0,0.0962,0.0,2843
k3155,0.530819795,0.0,0.0,0.0,0.0,0.0714,0.823028768,0.0,0.153846154,0.0,484
k1327,0.527723779,0.0,0.0,0.0,0.0,0.0714,0.0361,0.0,0.153846154,0.0,550
k1572,0.66352654,0.0417,0.0,0.0588,0.0,0.107142857,0.0361,0.0,0.25,0.0,308
k2770,0.59989818,0.0,0.0,0.0,0.0,0.0714,0.0361,0.0,0.307692308,0.0,806
k2831,0.64251401,0.0417,0.621627095,0.0,0.0417,0.178571429,0.0361,0.0,0.192307692,0.0,828
k3339,0.541116029,0.0,0.0,0.0294,0.0,0.142857143,0.0361,0.0,0.0192,0.0,534
k2151,0.488462391,0.0,0.0,0.0,0.0,0.0357,0.0361,0.0,0.115384615,0.0,1044
k1178,0.455338591,0.0,0.0,0.0,0.0,0.0357,0.0361,0.0,0.0769,0.0,341
k2408,0.431893409,0.0,0.0,0.0,0.0,0.0357,0.0361,0.0,0.173076923,0.0,3079
k990,0.459646396,0.0,0.0,0.0,0.0,0.0357,0.0361,0.0,0.0192,0.0,2479
k2297,0.321061247,0.0,0.0,0.0294,0.0,0.0,0.0361,0.0,0.0769,0.0,1640
k149,0.275846971,0.0,0.0,0.0,0.0,0.0357,0.0361,0.0,0.0,0.0,1760
k2274,0.462630118,0.0,0.0,0.0,0.0,0.0357,0.0361,0.0,0.230769231,0.0,2411
k2747,0.294280716,0.0,0.288156643,0.0,0.0,0.0357,0.0361,0.0,0.0,0.0,2819
k2132,0.543958912,0.0,0.0,0.0,0.0,0.107142857,0.0361,0.0,0.115384615,0.0,3291
k1045,0.451963164,0.0,0.0,0.0,0.0,0.0714,0.0361,0.0,0.153846154,0.0,985
k3254,0.610792557,0.0,0.0,0.0,0.0,0.0357,0.0361,0.0,0.211538462,0.0,1688
k2975,0.183554987,0.0,0.0,0.0,0.0,0.0357,0.0361,0.0,0.0,0.0,1283
k723,0.511521351,0.0,0.0,0.0,0.0,0.0714,0.0361,0.0,0.230769231,0.0,293
k2138,0.575780559,0.0,0.0,0.0,0.0,0.107142857,0.0361,0.0,0.134615385,0.0,1081
k3230,0.457922102,0.0,0.0,0.0882,0.0,0.0357,0.0361,0.0,0.115384615,0.0,1616
k2111,0.287715317,0.0,0.0,0.0,0.0,0.0357,0.0361,0.0,0.0,0.0,2228
k677,0.603281547,0.0,0.0,0.0,0.0,0.0714,0.0361,0.0,0.384615385,0.0,1734
k2835,0.521500743,0.0,0.0,0.0,0.0,0.0357,0.0361,0.0,0.153846154,0.0,968
k2014,0.536380223,0.0,0.333392101,0.0,0.0,0.0357,0.0361,0.0,0.153846154,0.0,1854
k2573,0.549768314,0.0,0.0,0.0,0.0,0.107142857,0.0361,0.0,0.115384615,0.0333,2723
k2415,0.765376909,0.0,0.0,0.0,0.0,0.0357,0.0361,0.0,0.269230769,0.0,783
k1906,0.406613342,0.0,0.0,0.0,0.0,0.0714,0.0361,0.0,0.0385,0.0,1287
k624,0.581195232,0.0,0.0,0.117647059,0.0,0.178571429,0.0361,0.0,0.153846154,0.0,3298
k2798,0.538925735,0.0,0.0,0.0,0.0,0.0357,0.0361,0.0,0.211538462,0.0,1507
k2685,0.270237013,0.0,0.0,0.0,0.0,0.0357,0.0361,0.0,0.0577,0.0,1595
k284,0.601613021,0.0,0.0,0.0294,0.0,0.0357,0.0361,0.603902661,0.192307692,0.0,3256
k140,0.622466185,0.0,0.0,0.0,0.0,0.0357,0.0361,0.0,0.192307692,0.0,883
k1622,0.863484533,0.416666667,0.0,0.147058824,0.0,1.0,0.0361,0.0,0.211538462,0.0,1211
k2173,0.410569331,0.0,0.0,0.0294,0.0,0.0,0.0361,0.0,0.0962,0.0,3413
k2035,0.503315594,0.0,0.0,0.0882,0.0,0.107142857,0.0361,0.0,0.0385,0.0,48
k2287,0.556536371,0.0,0.0,0.0588,0.0,0.0714,0.0361,0.0,0.173076923,0.0,361
k3016,0.553295924,0.0,0.0,0.0,0.0,0.0714,0.0361,0.0,0.134615385,0.0,2039
k668,0.571946883,0.0,0.0,0.0294,0.0417,0.0714,0.0361,0.0,0.211538462,0.0,430
k2424,0.489113846,0.0,0.0,0.0,0.0,0.0714,0.0361,0.0,0.115384615,0.0,1601
k515,0.474843285,0.0,0.0,0.0,0.0,0.0714,0.0361,0.0,0.115384615,0.0,125
k1714,0.518185054,0.0,0.0,0.0,0.0,0.0714,0.0361,0.0,0.115384615,0.0,1838
k2078,0.47845899,0.0,0.0,0.0,0.0,0.0,0.0361,0.0,0.153846154,0.0,1267
k2342,0.358469033,0.0,0.0,0.0,0.0,0.0,0.0361,0.0,0.173076923,0.0,1593
k3213,0.669807046,0.125,0.0,0.0,0.0,0.142857143,0.604135894,0.658826595,0.25,0.0,863
k1548,0.376305201,0.0,0.0,0.0,0.0,0.0714,0.0361,0.0,0.0769,0.0,730
k2071,0.287715317,0.0,0.0,0.0,0.0,0.0357,0.0361,0.0,0.0,0.0,1028
k1817,0.441634036,0.0,0.0,0.0,0.0,0.0714,0.0361,0.0,0.0577,0.0,292
k314,0.349063019,0.0,0.0,0.0,0.0,0.0357,0.0361,0.0,0.0,0.0,121
k1154,0.412335971,0.0,0.0,0.0,0.0,0.0357,0.0361,0.0,0.0769,0.0,1245
k1928,0.419838286,0.0,0.0,0.294117647,0.0,0.0357,0.0361,0.0,0.0,0.0,2976
k445,0.483463999,0.0,0.0,0.0,0.0,0.142857143,0.0361,0.0,0.115384615,0.0,774
k627,0.631038314,0.0,0.0,0.147058824,0.0,0.25,0.0361,0.0,0.153846154,0.0,1753
k1787,0.360443813,0.0,0.0,0.0,0.0,0.107142857,0.0361,0.0,0.153846154,0.0,2319
k3382,0.580361915,0.0,0.0,0.0,0.0,0.107142857,0.0361,0.782714923,0.134615385,0.0,1807
k1385,0.825452705,0.0,0.0,0.294117647,0.0,0.607142857,0.0361,0.0,0.365384615,0.0,2369
k793,0.512288124,0.0,0.669830022,0.0294,0.0,0.0714,0.0361,0.0,0.0769,0.0,1896
k845,0.549468108,0.0,0.207833805,0.0,0.0,0.0714,0.0361,0.0,0.134615385,0.0,3080
k1569,0.40642524,0.0,0.0,0.0,0.0,0.0714,0.0361,0.673616314,0.0577,0.0,1499
k1117,0.58579001,0.0833,0.0,0.0588,0.0417,0.142857143,0.411408877,0.0,0.134615385,0.0,2266
k2463,0.491956729,0.0,0.660932222,0.0,0.0,0.107142857,0.0361,0.0,0.0385,0.0,200
k2483,0.531009031,0.0417,0.400648156,0.0,0.0,0.107142857,0.0361,0.0,0.0577,0.0,751
k1704,0.430707709,0.0,0.0,0.0,0.0,0.107142857,0.0361,0.0,0.0577,0.0,1120
k1392,0.586013463,0.0,0.0862,0.0588,0.0,0.0357,0.0361,0.0,0.134615385,0.0,2606
k1937,0.425380565,0.0,0.0,0.0,0.0,0.0714,0.0361,0.669185914,0.115384615,0.0,2503
k1200,0.551971652,0.0,0.0,0.0,0.0,0.107142857,0.0361,0.0,0.192307692,0.0,969
k1325,0.501913624,0.0,0.0,0.0,0.0,0.0714,0.0361,0.0,0.0769,0.0,3186
k1400,0.527351735,0.0,0.0,0.0294,0.0417,0.0357,0.727227967,0.0,0.134615385,0.0,2609
k679,0.417753858,0.0,0.0,0.0,0.0,0.0357,0.0361,0.0,0.0962,0.0,1659
k1690,0.429000429,0.0,0.0,0.0,0.0,0.0357,0.0361,0.0,0.0,0.0,2154
k2223,0.508715521,0.0,0.0,0.0,0.0,0.107142857,0.0361,0.0,0.0962,0.0,3326
k16,0.629122516,0.0833,0.0,0.0,0.0,0.107142857,0.0361,0.0,0.134615385,0.0,1261
k2911,0.465304183,0.0,0.0,0.0,0.0,0.0357,0.0361,0.0,0.0385,0.0,2828
k1053,0.455338591,0.0,0.611568344,0.0,0.0,0.0714,0.0361,0.0,0.0769,0.0,2874
k2777,0.499601962,0.0,0.0,0.0294,0.0,0.142857143,0.0361,0.0,0.0769,0.0,3019
k92,0.270237013,0.0,0.0,0.0,0.0,0.0357,0.980727298,0.0,0.0577,0.0,3401
k947,0.47845899,0.0,0.0,0.0,0.0,0.107142857,0.0361,0.0,0.0769,0.0,3392
k2119,0.544298251,0.0,0.0,0.0,0.0,0.0357,0.0361,0.0,0.211538462,0.0,2834
k1665,0.633140134,0.0,0.0,0.0,0.0,0.107142857,0.813884786,0.0,0.269230769,0.0,2552
k2403,0.500208613,0.0,0.371809294,0.0,0.0,0.0357,0.0361,0.0,0.115384615,0.0,1651
k1040,0.569496272,0.0,0.0,0.0,0.0,0.107142857,0.0361,0.0,0.153846154,0.0,2551
k2068,0.551030956,0.0,0.0,0.0,0.0,0.0714,0.0361,0.0,0.115384615,0.0,370
k1112,0.647577434,0.0,0.0,0.0,0.0,0.0357,0.0361,0.0,0.115384615,0.0,1107
k1274,0.428678672,0.0,0.0,0.0882,0.0833,0.142857143,0.0361,0.0,0.0,0.0,2904
k2057,0.399080024,0.0,0.0,0.0,0.0,0.142857143,0.0361,0.0,0.0385,0.0,3108
k1366,0.732325135,0.0417,0.0,0.0,0.125,0.107142857,0.0361,0.0,0.519230769,0.0,1809
k2512,0.43916452,0.0,0.0,0.0,0.0,0.0357,0.0361,0.0,0.153846154,0.0,2625
k3241,0.560276091,0.0,0.0,0.0,0.0,0.107142857,0.0361,0.0,0.153846154,0.0,1928
k1077,0.450879927,0.0,0.0,0.0,0.0,0.107142857,0.0361,0.0,0.0769,0.0,60
k1042,0.443167204,0.0,0.0,0.0,0.0,0.0714,0.0361,0.0,0.0769,0.0,2021
k3189,0.53662258,0.0,0.0,0.0294,0.0,0.0714,0.0361,0.0,0.0769,0.0,1824
k2074,0.376305201,0.0,0.0,0.0,0.0,0.0714,0.0361,0.0,0.0769,0.0,1966
k1879,0.537057388,0.0,0.0,0.0,0.0,0.0714,0.0361,0.0,0.115384615,0.0,3102
k3026,0.6936186,0.0,0.0,0.0,0.0,0.142857143,0.0361,0.664494902,0.25,0.0,251
k2802,0.398389436,0.0,0.0,0.0,0.0,0.178571429,0.0361,0.0,0.0,0.0667,2127
k2026,0.480375923,0.0,0.0,0.0,0.0,0.0714,0.0361,0.0,0.115384615,0.0,1441
k1081,0.618990941,0.0,0.0,0.0,0.0417,0.0714,0.0361,0.0,0.326923077,0.0,2925
k1606,0.585146873,0.0,0.0,0.0588,0.0,0.214285714,0.0361,0.0,0.0192,0.0,1356
k255,0.647331106,0.0,0.0,0.0,0.0,0.0714,0.0361,0.0,0.307692308,0.0,1503
k1986,0.571622101,0.0,0.0,0.0882,0.0,0.178571429,0.0361,0.0,0.230769231,0.0,3135
k1996,0.470974257,0.0,0.0,0.0,0.0417,0.0357,0.873320672,0.0,0.173076923,0.0,2955
k2319,0.284670721,0.0,0.0,0.0,0.0,0.0357,0.0361,0.0,0.0,0.0,1568
k2896,0.563312936,0.0,0.0,0.0294,0.0,0.107142857,0.0361,0.0,0.0962,0.0,840
k2848,0.530172499,0.0,0.0,0.0,0.0,0.0357,0.0361,0.0,0.0577,0.0,3159
k1148,0.51676626,0.0,0.0,0.0,0.0,0.0357,0.0361,0.0,0.153846154,0.0,2047
k1786,0.41640709,0.0,0.0,0.0,0.0,0.0714,0.0361,0.0,0.134615385,0.0,99
k3307,0.477485211,0.0,0.0,0.0,0.0,0.0357,0.0361,0.0,0.173076923,0.0,2158
k2302,0.389370023,0.0,0.0,0.0,0.0,0.0357,0.0361,0.660292537,0.115384615,0.0,524
k629,0.460636811,0.0,0.0,0.0,0.416666667,0.107142857,0.0361,0.0,0.0385,0.0,742
k2793,0.464637604,0.0,0.0,0.0,0.0,0.0714,0.0361,0.0,0.134615385,0.0,3088
k1950,0.424917779,0.0,0.0,0.0588,0.0,0.0357,0.0361,0.464931427,0.0769,0.0,2062
k3379,0.488188085,0.0,0.649654,0.0,0.0,0.0714,0.0361,0.0,0.0769,0.0,723
k771,0.76341952,0.0,0.0,0.0,0.0,0.178571429,0.0361,0.0,0.173076923,0.0,2208
k1709,0.484120558,0.0,0.0,0.0,0.0,0.0,0.0361,0.0,0.230769231,0.0,1672
k443,0.673780238,0.0,0.0,0.0,0.0,0.107142857,0.0361,0.0,0.25,0.0,869
k1118,0.469822207,0.0,0.0,0.0,0.0,0.107142857,0.0361,0.0,0.0577,0.0,2872
k2204,0.574619246,0.0,0.0,0.0,0.0,0.0,0.0361,0.0,0.365384615,0.0,1839
k656,0.345124422,0.0,0.0,0.0,0.0,0.0357,0.0361,0.650389289,0.0,0.0,152
k548,0.650423909,0.0,0.0,0.0,0.0,0.178571429,0.0361,0.0,0.307692308,0.0,2192
k1442,0.42418787,0.0,0.0,0.0,0.0,0.0714,0.541675459,0.0,0.0962,0.0,2532
k602,0.438921217,0.0,0.0,0.0588,0.0,0.142857143,0.0361,0.0,0.0577,0.0,839
k2402,0.534081605,0.0,0.0,0.0,0.0,0.107142857,0.0361,0.0,0.230769231,0.0,412
k946,0.706149554,0.0,0.0,0.0,0.0,0.142857143,0.0361,0.0,0.211538462,0.0,84
k2981,0.512630298,0.0,0.0,0.0,0.0,0.142857143,0.0361,0.0,0.115384615,0.0,1010
k1457,0.664440958,0.0,0.513005803,0.0,0.0,0.142857143,0.0361,0.0,0.115384615,0.0333,149
k2829,0.564015055,0.0,0.0,0.0,0.0,0.107142857,0.0361,0.0,0.153846154,0.0,457
k224,0.504186342,0.0,0.0,0.0294,0.0,0.178571429,0.0361,0.0,0.0385,0.0,1985
k1941,0.582838236,0.0,0.0,0.0294,0.0,0.142857143,0.0361,0.0,0.326923077,0.0,753
k217,0.634793536,0.0,0.0,0.0,0.0,0.0357,0.0361,0.0,0.153846154,0.0,1139
k372,0.500733973,0.0,0.0,0.0,0.0,0.0357,0.0361,0.0,0.0769,0.0,2377
k3129,0.651642503,0.0,0.552957536,0.0,0.0,0.107142857,0.0361,0.0,0.230769231,0.0,2001
k1245,0.575405491,0.0,0.0,0.0,0.0,0.0714,0.0361,0.0,0.211538462,0.0,2706
k3004,0.173600738,0.0,0.0,0.0,0.0,0.0357,0.0361,0.0,0.0,0.0,395
k1383,0.646230477,0.0,0.499523667,0.0,0.0,0.142857143,0.0361,0.0,0.0962,0.0333,798
k1107,0.518349525,0.0,0.0,0.0,0.0,0.0357,0.0361,0.0,0.153846154,0.0,3152
k1212,0.613875907,0.0,0.0,0.0,0.0,0.178571429,0.0361,0.0,0.192307692,0.0,2536
k1503,0.645992467,0.0,0.363109616,0.0294,0.0833,0.0714,0.0361,0.0,0.230769231,0.0,2464
k101,0.605049699,0.0,0.0,0.0588,0.0,0.107142857,0.0361,0.0,0.192307692,0.0,1200
k2917,0.585180334,0.0,0.0,0.0,0.0,0.0714,0.0361,0.0,0.153846154,0.0,2943
k273,0.561760107,0.0,0.0,0.0882,0.0,0.25,0.0361,0.0,0.153846154,0.0667,2664
k2658,0.346945508,0.0,0.0,0.0,0.0,0.0714,0.0361,0.0,0.0385,0.0,522
k509,0.493412577,0.0,0.0,0.0,0.0,0.0357,0.0361,0.0,0.0577,0.0,467
k1300,0.503315027,0.0,0.0,0.0,0.0,0.0714,0.0361,0.0,0.192307692,0.0,2403
k2651,0.349063019,0.0,0.0,0.0,0.0,0.0357,0.0361,0.0,0.0,0.0,1497
k1251,0.599449761,0.0833,0.0,0.294117647,0.0,0.428571429,0.0361,0.0,0.0,0.0,2147
k797,0.610638106,0.0,0.35148118,0.0294,0.0,0.107142857,0.0361,0.0,0.0769,0.0,1217
k31,0.636566604,0.0417,0.0,0.0588,0.0,0.178571429,0.0361,0.0,0.288461538,0.0,636
k373,0.650955697,0.0417,0.0842,0.0,0.0,0.0714,0.0361,0.0,0.173076923,0.0,2044
k1101,0.80679286,0.0,0.0,0.323529412,0.0,0.821428571,0.0361,0.0,0.288461538,0.0,611
k81,0.40642524,0.0,0.0,0.0,0.0,0.0357,0.0361,0.0,0.0769,0.0,1744
k108,0.471110371,0.0,0.0,0.0,0.0,0.0,0.0361,0.0,0.211538462,0.0,235
k537,0.287715317,0.0,0.0,0.0,0.0,0.0357,0.0361,0.0,0.0,0.0,917
k3123,0.561089181,0.0,0.0,0.176470588,0.0,0.178571429,0.0361,0.0,0.0192,0.0,950
k2874,0.700959468,0.0,0.0,0.0,0.0,0.25,0.0361,0.0,0.480769231,0.0,1594
k1823,0.855571421,0.0,0.0,0.0,0.0,0.25,0.0361,0.0,0.211538462,0.0,2433
k698,0.539031034,0.0,0.0,0.0,0.0,0.107142857,0.0361,0.0,0.134615385,0.0,1225
k982,0.345124422,0.0,0.444104311,0.0294,0.0,0.0357,0.0361,0.0,0.0,0.0,2098
k3258,0.490539257,0.0,0.0,0.0588,0.0,0.142857143,0.0361,0.0,0.134615385,0.0,2587
k2797,0.74389233,0.0,0.344211562,0.205882353,0.0,0.178571429,0.0361,0.0,0.153846154,0.0,3301
k1853,0.562163154,0.0,0.0,0.0,0.0,0.0357,0.0361,0.0,0.173076923,0.0,2966
k2902,0.619939388,0.0,0.0,0.0294,0.0,0.107142857,0.0361,0.0,0.288461538,0.0,2058
k2370,0.359790657,0.0,0.0,0.0294,0.0,0.107142857,0.0361,0.0,0.0,0.0,2277
k1579,0.474723051,0.0,0.0,0.0,0.0,0.0357,0.0361,0.0,0.0,0.0,2237
k1174,0.597590299,0.0417,0.0,0.0,0.0,0.142857143,0.0361,0.0,0.134615385,0.0,3308
k3210,0.795188046,0.0,0.0,0.294117647,0.0,0.178571429,0.0361,0.0,0.423076923,0.0,2031
k1367,0.468526671,0.0,0.0,0.0,0.0,0.0,0.0361,0.0,0.134615385,0.0,1521
k2816,0.475136496,0.0,0.0,0.0294,0.0,0.142857143,0.0361,0.0,0.0,0.0,1796
k3283,0.558796045,0.0,0.0,0.0294,0.0,0.0714,0.0361,0.0,0.115384615,0.0,2956
k1991,0.467613576,0.0,0.0,0.0,0.0,0.0714,0.0361,0.0,0.0385,0.0,40
k3195,0.487101445,0.0,0.101066552,0.0,0.0,0.0357,0.0361,0.0,0.0,0.0,1476
k2349,0.464534385,0.0,0.0,0.0,0.0,0.0714,0.0361,0.0,0.153846154,0.0,1880
k1948,0.525276759,0.0,0.299415102,0.0,0.0,0.107142857,0.0361,0.0,0.0962,0.0,1406
k306,0.357705095,0.0,0.0,0.0,0.0,0.0357,0.0361,0.0,0.0,0.0333,3327
k1575,0.493412577,0.0,0.26152881,0.0,0.0,0.0357,0.0361,0.0,0.0577,0.0,3415
k1809,0.632651638,0.0,0.0,0.117647059,0.0,0.107142857,0.0361,0.0,0.269230769,0.0,2867
k10,0.275846971,0.0,0.0,0.0,0.0,0.0357,0.0361,0.601752614,0.0,0.0,1316
k2820,0.370370272,0.0,0.0,0.0,0.0,0.107142857,0.0361,0.0,0.0,0.0333,400
k2254,0.275846971,0.0,0.0,0.0,0.0,0.0357,0.0361,0.0,0.0,0.0,450
k2990,0.385648263,0.0,0.0,0.0,0.0,0.142857143,0.0361,0.0,0.0,0.0333,1460
k221,0.630904469,0.0,0.0,0.235294118,0.0,0.5,0.0361,0.0,0.0,0.0,3229
k1097,0.499936575,0.0,0.0,0.0,0.0,0.0357,0.0361,0.0,0.173076923,0.0,42
k3349,0.593709739,0.0833,0.0,0.0,0.0,0.142857143,0.0361,0.0,0.173076923,0.0,2005
k2028,0.527400698,0.0,0.464965628,0.0,0.0,0.0357,0.0361,0.0,0.0385,0.0,1955
k2527,0.40013755,0.0,0.0,0.0294,0.0,0.0,0.0361,0.0,0.192307692,0.0,3049
k3363,0.590930754,0.0417,0.0,0.0,0.0,0.0714,0.0361,0.0,0.134615385,0.0,69
k1227,0.431893409,0.0,0.0,0.0588,0.0,0.0357,0.0361,0.0,0.173076923,0.0,2055
k2722,0.510463446,0.0,0.0,0.0,0.0,0.0357,0.0361,0.0,0.173076923,0.0,316
k2645,0.822244584,0.0,0.0,0.117647059,0.0,0.321428571,0.0361,0.0,0.5,0.0,2571
k1980,0.564850452,0.0417,0.0,0.0294,0.0,0.142857143,0.0361,0.0,0.115384615,0.0,1278
k2676,0.537572918,0.0,0.0,0.0,0.0,0.0357,0.0361,0.0,0.0385,0.0,1579
k1481,0.541249496,0.0,0.0,0.0,0.0,0.0714,0.0361,0.0,0.115384615,0.0,775
k1851,0.497946103,0.0,0.0,0.0,0.0417,0.107142857,0.0361,0.0,0.0962,0.0,3423
k1774,0.500771027,0.0,0.0,0.0,0.0833,0.107142857,0.0361,0.0,0.134615385,0.0333,1276
k3242,0.287715317,0.0,0.0,0.0,0.0,0.0,0.0361,0.0,0.115384615,0.0,2850
k716,0.559066571,0.0,0.0,0.0,0.0,0.0357,0.0361,0.0,0.0962,0.0,263
k1811,0.610876683,0.0,0.0,0.0294,0.0,0.142857143,0.0361,0.0,0.230769231,0.0,970
k2065,0.295970604,0.0,0.0,0.0,0.0,0.0357,0.0361,0.0,0.0,0.0,3225
k3127,0.586733163,0.0,0.0,0.0,0.0,0.0357,0.0361,0.0,0.115384615,0.0,581
k1762,0.327808131,0.0,0.0,0.0294,0.0,0.107142857,0.0361,0.0,0.0,0.0,2212
k1345,0.717547362,0.0,0.0,0.117647059,0.0,0.214285714,0.0361,0.0,0.288461538,0.0,78
k2929,0.577293499,0.0,0.0,0.0,0.0,0.178571429,0.0361,0.0,0.134615385,0.0333,2112
k2992,0.523966856,0.0,0.0,0.0,0.0,0.0357,0.0361,0.0,0.134615385,0.0,1644
k700,0.518349525,0.0,0.0,0.0,0.0,0.0357,0.0361,0.0,0.153846154,0.0,1580
k2856,0.527104651,0.0,0.0,0.0,0.0,0.0714,0.0361,0.0,0.153846154,0.0,579
k380,0.295970604,0.0,0.321728026,0.0,0.0,0.0357,0.0361,0.0,0.0,0.0,641
k958,0.416453973,0.0,0.0,0.0294,0.0,0.142857143,0.0361,0.0,0.0,0.0,2085
k2070,0.392299489,0.0,0.0,0.0,0.0,0.0714,0.0361,0.682542268,0.0769,0.0,3348
k1564,0.450364775,0.0,0.0,0.0294,0.0,0.142857143,0.0361,0.0,0.0,0.0,1936
k2551,0.414454617,0.0,0.0,0.0294,0.0417,0.178571429,0.0361,0.0,0.0192,0.0,2151
k3145,0.543251689,0.0,0.0,0.0,0.0,0.0714,0.0361,0.0,0.134615385,0.0,3388
k1031,0.535277136,0.0833,0.0,0.0,0.0,0.0714,0.0361,0.0,0.230769231,0.0,1860
k2690,0.56404776,0.0,0.0,0.0588,0.0,0.178571429,0.0361,0.0,0.0769,0.0,3140
k1168,0.356196503,0.0,0.0,0.0588,0.0,0.0357,0.0361,0.0,0.0,0.0,771
k196,0.427393722,0.0,0.0,0.0,0.0,0.0357,0.0361,0.0,0.0,0.0,1090
k1907,0.173600738,0.0,0.0,0.0,0.0,0.0357,0.0361,0.570088282,0.0,0.0,338
k2240,0.441904183,0.0,0.0,0.0,0.0,0.0714,0.0361,0.635436688,0.0769,0.0,2188
k740,0.40642524,0.0,0.0,0.0,0.0,0.0357,0.0361,0.0,0.0769,0.0,1411
k2814,0.3987318,0.0,0.0,0.0,0.0833,0.0357,0.0361,0.0,0.153846154,0.0,232
k2195,0.575093375,0.0417,0.0,0.0882,0.0,0.214285714,0.0361,0.0,0.153846154,0.0,337
k1756,0.537834747,0.0,0.0,0.0,0.0,0.107142857,0.0361,0.0,0.153846154,0.0,180
k3215,0.430434915,0.0,0.0,0.0,0.0,0.0357,0.0361,0.0,0.0,0.0,613
k289,0.332879874,0.0,0.0,0.0,0.0,0.0357,0.0361,0.0,0.0769,0.0,1381
k3398,0.570684619,0.0,0.0,0.0,0.0,0.0714,0.0361,0.0,0.134615385,0.0,3208
k2705,0.575870734,0.0,0.0,0.176470588,0.0,0.357142857,0.0361,0.0,0.0,0.0,229
k3065,0.376305201,0.0,0.0,0.0,0.0,0.0714,0.0361,0.0,0.0769,0.0,2286
k2809,0.751216184,0.0,0.0,0.0,0.0,0.0357,0.0361,0.0,0.25,0.0,699
k1653,0.441904183,0.0,0.0,0.0,0.0,0.0714,0.0361,0.0,0.0769,0.0,2906
k628,0.385177915,0.0,0.0,0.0,0.0,0.107142857,0.0361,0.0,0.0385,0.0333,1059
k522,0.567105967,0.0,0.0,0.0588,0.0,0.107142857,0.0361,0.0,0.134615385,0.0,119
k1699,0.398389436,0.0,0.0,0.0,0.0,0.178571429,0.0361,0.0,0.0,0.0667,1364
k3199,0.501443087,0.0417,0.0,0.0294,0.0,0.0714,0.0361,0.0,0.0962,0.0,1781
k3197,0.591768987,0.0,0.594970306,0.235294118,0.0,0.178571429,0.0361,0.0,0.0192,0.0,2782
k1679,0.486548105,0.0,0.0,0.0,0.0,0.0714,0.0361,0.0,0.134615385,0.0,1450
k1091,0.392299489,0.0,0.0,0.0294,0.0,0.0714,0.0361,0.0,0.0769,0.0,2414
k227,0.427682964,0.0,0.0,0.0,0.0,0.0357,0.0361,0.0,0.0,0.0,1872
k409,0.183554987,0.0,0.0,0.0,0.0,0.0357,0.0361,0.0,0.0,0.0,2604
k25,0.493412577,0.0,0.0,0.0,0.0,0.0357,0.0361,0.0,0.0577,0.0,1113
k2494,0.332879874,0.0,0.0,0.0,0.0,0.0357,0.0361,0.0,0.0769,0.0,2535
k455,0.413897118,0.0,0.580247583,0.0,0.0,0.0357,0.0361,0.0,0.0,0.0,2330
k1264,0.464534385,0.0,0.0,0.0,0.0,0.0714,0.0361,0.0,0.153846154,0.0,1306
k3291,0.493701629,0.0,0.0,0.0,0.0833,0.107142857,0.0361,0.0,0.0769,0.0,2749
k1228,0.646688537,0.0,0.0,0.0,0.0,0.107142857,0.0361,0.0,0.307692308,0.0,2824
k1539,0.425380565,0.0,0.0,0.0,0.0,0.0714,0.0361,0.0,0.115384615,0.0,12
k919,0.360816802,0.0,0.0,0.0,0.0,0.0357,0.0361,0.0,0.0,0.0,575
k1673,0.48279553,0.0,0.585555451,0.117647059,0.0,0.0357,0.0361,0.0,0.0,0.0,2762
k3118,0.360816802,0.0,0.0,0.0,0.0,0.0357,0.0361,0.0,0.0,0.0,1092
k961,0.695128515,0.0,0.0,0.0882,0.0,0.0357,0.0361,0.0,0.461538462,0.0,2618
k3225,0.430898268,0.0,0.0,0.0882,0.0,0.142857143,0.0361,0.0,0.0,0.0,1222
k589,0.588352347,0.0,0.0,0.0,0.0,0.0714,0.0361,0.0,0.0769,0.0,291
k2481,0.521608121,0.0,0.0,0.0,0.0,0.0357,0.0361,0.0,0.134615385,0.0,31
k1903,0.475077136,0.0,0.0,0.0,0.0,0.0357,0.0361,0.0,0.0,0.0,830
k926,0.497690512,0.0,0.0,0.0,0.0,0.214285714,0.0361,0.0,0.0,0.0,823
k274,0.360816802,0.0,0.0,0.0,0.0,0.0357,0.0361,0.0,0.0,0.0,1041
k1877,0.51676626,0.0,0.0,0.0,0.0,0.0357,0.0361,0.0,0.153846154,0.0,2238
k142,0.430434915,0.0,0.0,0.0,0.0,0.0357,0.0361,0.0,0.0,0.0,3420
k1295,0.583892738,0.0,0.37670739,0.0,0.0,0.142857143,0.0361,0.0,0.0385,0.0,1802
k684,0.443167204,0.0,0.0,0.0,0.0,0.0714,0.0361,0.0,0.0769,0.0,713
k466,0.589634272,0.0,0.0,0.0,0.0,0.0714,0.0361,0.0,0.115384615,0.0,186
k482,0.441904183,0.0,0.0,0.0,0.0,0.0357,0.0361,0.0,0.115384615,0.0,1724
k2160,0.542069013,0.0,0.0,0.0,0.0,0.107142857,0.0361,0.0,0.153846154,0.0,1550
k3239,0.474403752,0.0,0.0,0.0,0.416666667,0.107142857,0.0361,0.0,0.0,0.0,2705
k2947,0.42544503,0.0,0.0,0.0,0.0,0.0714,0.0361,0.0,0.0385,0.0,122
k2108,0.515105296,0.0,0.0,0.0,0.0,0.0357,0.0361,0.0,0.0192,0.0,3257
k2059,0.585883021,0.0,0.0,0.0,0.0,0.0357,0.0361,0.0,0.230769231,0.0,739
k2993,0.40642524,0.0,0.0,0.0,0.0,0.0357,0.0361,0.0,0.0769,0.0,3267
k875,0.589324803,0.0,0.0,0.0,0.0,0.107142857,0.0361,0.0,0.25,0.0,1161
k1681,0.82222965,0.0,0.335236067,0.0588,0.0,0.107142857,0.0361,0.0,0.384615385,0.0,289
k1846,0.64846652,0.0,0.0,0.0,0.0,0.25,0.0361,0.0,0.0769,0.0,2189
k312,0.510879159,0.0,0.382685241,0.0,0.0,0.0357,0.0361,0.0,0.0,0.0,2524
k130,0.468371464,0.0,0.647304476,0.117647059,0.0,0.0357,0.0361,0.0,0.0,0.0,1254
k2583,0.475077136,0.0,0.299289232,0.0,0.0,0.0357,0.0361,0.0,0.0,0.0,1080
k495,0.455338591,0.0,0.0,0.0,0.0,0.107142857,0.0361,0.0,0.0769,0.0,246
k1408,0.433679144,0.0,0.0,0.0882,0.0833,0.178571429,0.0361,0.0,0.0,0.0,1234
k864,0.530000656,0.0,0.0,0.0882,0.0,0.214285714,0.0361,0.0,0.0,0.0,424
k889,0.562884934,0.0,0.0,0.117647059,0.0,0.107142857,0.0361,0.0,0.115384615,0.0,45
k502,0.418281109,0.0,0.262396011,0.0,0.0,0.0357,0.0361,0.0,0.0,0.0,112
k382,0.534703946,0.0417,0.0,0.0294,0.208333333,0.107142857,0.0361,0.0,0.192307692,0.0,311
k1931,0.57860605,0.0,0.0,0.0294,0.0,0.142857143,0.0361,0.0,0.153846154,0.0,1479
k2916,0.597545305,0.0,0.0,0.0,0.0,0.142857143,0.0361,0.0,0.230769231,0.0,1652
k2432,0.58791168,0.0,0.0,0.0,0.0,0.0714,0.0361,0.0,0.115384615,0.0,3100
k979,0.42418787,0.0,0.0,0.0,0.0,0.0714,0.0361,0.0,0.0962,0.0,976
k172,0.526858512,0.0,0.0,0.0588,0.0,0.0714,0.0361,0.56086914,0.0962,0.0,1175
k646,0.370370272,0.0,0.0,0.0,0.0833,0.107142857,0.0361,0.0,0.0,0.1,651
k2718,0.189046602,0.0,0.0,0.0,0.0,0.0357,0.0361,0.0,0.0,0.0,1011
k733,0.385177915,0.0,0.0,0.0,0.0,0.107142857,0.0361,0.0,0.0385,0.0,195
k1110,0.481531376,0.0,0.0,0.0,0.0,0.285714286,0.0361,0.0,0.0,0.2,2841
k570,0.345124422,0.0,0.267188519,0.0,0.0,0.0357,0.0361,0.0,0.0,0.0,332
k2007,0.539325002,0.0,0.573884984,0.176470588,0.0,0.178571429,0.0361,0.0,0.0,0.0,2311
k2286,0.494036619,0.0,0.0,0.0,0.0,0.0714,0.0361,0.0,0.0769,0.0,453
k1067,0.358618379,0.0,0.0,0.0,0.0,0.0714,0.0361,0.0,0.0385,0.0,780
k1949,0.518261996,0.0,0.0,0.0,0.0,0.0714,0.0361,0.0,0.0769,0.0,2851
k1758,0.626617459,0.0,0.0,0.0,0.0,0.321428571,0.0361,0.0,0.134615385,0.0,688
k1841,0.409260561,0.0,0.0,0.0,0.0,0.0357,0.0361,0.0,0.115384615,0.0,2799
k2023,0.502083955,0.0,0.0,0.0,0.0,0.107142857,0.0361,0.0,0.0769,0.0,2866
k1857,0.525275058,0.0,0.0,0.0,0.0,0.142857143,0.0361,0.0,0.0385,0.0,1929
k1464,0.470530565,0.0,0.0,0.0294,0.0,0.178571429,0.0361,0.0,0.0,0.0,2485
k2644,0.49464119,0.0,0.0,0.0,0.0,0.0357,0.0361,0.0,0.0,0.0,2469
k3259,0.453208981,0.0,0.0,0.0,0.0,0.392857143,0.0361,0.0,0.0385,0.233333333,1975
k778,0.482859995,0.0,0.0,0.0,0.0,0.107142857,0.0361,0.0,0.115384615,0.0,3365
k1556,0.464611327,0.0,0.0,0.0,0.0,0.107142857,0.0361,0.0,0.0577,0.0,865
k843,0.619947706,0.0,0.345609143,0.0,0.0,0.0714,0.0361,0.0,0.211538462,0.0,503
k3107,0.406309355,0.0,0.0,0.0,0.0,0.0357,0.0361,0.0,0.0192,0.0,1874
k2099,0.322435427,0.0,0.0,0.0,0.0,0.0714,0.0361,0.0,0.0,0.0,3243
k3174,0.552077518,0.0,0.0,0.0,0.0,0.0714,0.0361,0.0,0.288461538,0.0,1675
k1080,0.584979945,0.0417,0.0,0.0294,0.0,0.0714,0.0361,0.0,0.269230769,0.0,1663
k575,0.526000808,0.0,0.0,0.0,0.0,0.214285714,0.0361,0.0,0.0192,0.0,2096
k2607,0.173600738,0.0,0.0,0.0,0.0,0.0357,0.0361,0.0,0.0,0.0,1558
k2141,0.173600738,0.0,0.0,0.0,0.0,0.0357,0.0361,0.0,0.0,0.0,2796
k564,0.349289497,0.0,0.0,0.0,0.0,0.142857143,0.0361,0.0,0.0385,0.0,2909
k3169,0.719329316,0.0,0.0,0.0,0.0,0.0,0.0361,0.0,0.615384615,0.0,3142
k11,0.395098135,0.0,0.0,0.0882,0.0,0.142857143,0.0361,0.0,0.0,0.0,2597
k1137,0.535372415,0.0,0.390726229,0.0294,0.0,0.0714,0.0361,0.0,0.0577,0.0,1543
k1269,0.813801196,0.0,0.0,0.294117647,0.0,0.607142857,0.0361,0.0,0.307692308,0.0,230
k468,0.526947553,0.0,0.0,0.0,0.0,0.0357,0.0361,0.0,0.288461538,0.0,1204
k341,0.500510331,0.0,0.0,0.0,0.0,0.178571429,0.0361,0.0,0.0385,0.0,1436
k1444,0.551866353,0.0417,0.0,0.147058824,0.0,0.178571429,0.0361,0.0,0.0192,0.0,2219
k3273,0.475077136,0.0,0.0,0.0,0.0,0.0357,0.0361,0.0,0.0,0.0,1778
k1252,0.500721685,0.0,0.185099861,0.0294,0.0,0.0357,0.0361,0.0,0.0385,0.0,2193
k1765,0.3987318,0.0,0.0,0.0,0.0833,0.0714,0.0361,0.0,0.134615385,0.0,2995
k2082,0.586756227,0.0417,0.738638505,0.0882,0.0,0.0714,0.0361,0.0,0.0769,0.0,569
k1401,0.399870238,0.0,0.0,0.0294,0.0,0.0714,0.0361,0.0,0.0769,0.0,2488
k3260,0.370370272,0.0,0.0,0.0,0.416666667,0.107142857,0.0361,0.0,0.0,0.0,1195
k2171,0.431893409,0.0,0.0,0.0,0.0,0.0357,0.0361,0.0,0.173076923,0.0,114
k2544,0.275846971,0.0,0.404229392,0.0,0.0,0.0357,0.0361,0.0,0.0,0.0,2746
k2228,0.463536786,0.0,0.0,0.0,0.0,0.107142857,0.0361,0.0,0.0577,0.0,1045
k2740,0.465304183,0.0,0.0,0.0,0.0,0.0357,0.0361,0.0,0.0385,0.0,1455
k123,0.3987318,0.0,0.0,0.0294,0.0,0.0357,0.0361,0.0,0.153846154,0.0,2683
k1404,0.582490201,0.0,0.0,0.0294,0.0,0.178571429,0.0361,0.0,0.153846154,0.0,599
k3256,0.528235717,0.0,0.0,0.0,0.0,0.0357,0.0361,0.0,0.0769,0.0,2638
k2050,0.392299489,0.0,0.0,0.0,0.0,0.0714,0.0361,0.0,0.0769,0.0,2149
k3062,0.512233111,0.0,0.0,0.0294,0.0,0.0357,0.0361,0.0,0.0192,0.0,3064
k1820,0.60179961,0.0,0.0,0.0,0.0,0.0714,0.0361,0.0,0.211538462,0.0,21
k234,0.403790876,0.0,0.0,0.0,0.0,0.0357,0.0361,0.0,0.0192,0.0,1534
k1055,0.667458898,0.0,0.0,0.0588,0.0,0.464285714,0.0361,0.0,0.0,0.133333333,2775
k1666,0.518241012,0.0,0.0,0.0,0.0,0.0357,0.0361,0.0,0.230769231,0.0,1755
k3284,0.505452199,0.0,0.0,0.0,0.0,0.107142857,0.0361,0.0,0.0962,0.0333,2339
k2448,0.666229528,0.0,0.59070906,0.0,0.0,0.0357,0.0361,0.0,0.192307692,0.0,539
k378,0.756839753,0.0,0.0,0.0,0.0,0.0357,0.0361,0.0,0.288461538,0.0,2873
k2732,0.623416144,0.0,0.0,0.0,0.0,0.0357,0.0361,0.0,0.0769,0.0,1670
k3033,0.553863063,0.0,0.0,0.0,0.0,0.0357,0.0361,0.0,0.230769231,0.0,206
k2150,0.432640522,0.0,0.0,0.0294,0.0,0.0714,0.0361,0.0,0.0962,0.0,2073
k2218,0.496712763,0.0,0.0,0.0882,0.0,0.107142857,0.0361,0.0,0.134615385,0.0,3132
k1943,0.385648263,0.0,0.0,0.0,0.0,0.142857143,0.0361,0.0,0.0,0.0667,3035
k2096,0.583028795,0.0,0.31082405,0.0,0.0,0.0357,0.0361,0.0,0.0962,0.0,3204
k1058,0.570253971,0.0,0.372800106,0.0,0.0,0.0357,0.0361,0.0,0.153846154,0.0,2982
k2971,0.54462549,0.0,0.0,0.0,0.0,0.0357,0.0361,0.0,0.25,0.0,2864
k520,0.589586633,0.0,0.0,0.0,0.0,0.214285714,0.0361,0.0,0.134615385,0.0,2939
k1323,0.389370023,0.0,0.0,0.0,0.0,0.0357,0.0361,0.0,0.115384615,0.0,167
k1876,0.357705095,0.0,0.0,0.0,0.0,0.0714,0.0361,0.0,0.0385,0.0,3112
k566,0.516655667,0.0,0.0,0.0,0.0,0.0714,0.0361,0.0,0.0962,0.0,691
k194,0.652561648,0.0833,0.579722149,0.0,0.0,0.214285714,0.0361,0.0,0.0192,0.1,1396
k1509,0.287715317,0.0,0.0,0.0,0.0,0.0357,0.0361,0.520832655,0.0,0.0,1604
k2516,0.655962407,0.0,0.0,0.0,0.0,0.0357,0.0361,0.0,0.173076923,0.0,1738
k2958,0.491689606,0.0,0.0,0.0294,0.0,0.0714,0.0361,0.0,0.115384615,0.0,974
k674,0.332879874,0.0,0.0,0.0,0.0,0.0357,0.0361,0.0,0.0769,0.0,1899
k166,0.634382737,0.0,0.361006253,0.0,0.0,0.0714,0.0361,0.0,0.230769231,0.0,1480
k3306,0.483920169,0.0,0.0,0.0,0.5,0.107142857,0.0361,0.0,0.0,0.0,1358
k2077,0.40642524,0.0,0.0,0.0,0.0,0.0357,0.0361,0.0,0.0769,0.0,425
k2163,0.541113004,0.0,0.0,0.0,0.0,0.0357,0.0361,0.0,0.0769,0.0,3091
k3046,0.357705095,0.0,0.0,0.0294,0.0,0.0714,0.0361,0.0,0.0385,0.0,1299
k2584,0.720411985,0.0,0.0,0.0,0.0,0.0357,0.0361,0.0,0.211538462,0.0,555
k651,0.287715317,0.0,0.0,0.0,0.0,0.0357,0.0361,0.0,0.0,0.0,2302
k596,0.524383514,0.0,0.0,0.0,0.0,0.107142857,0.0361,0.0,0.153846154,0.0,1913
k1771,0.413897118,0.0,0.0,0.0,0.0,0.0357,0.0361,0.0,0.0,0.0,1990
k2853,0.597503904,0.0833,0.0,0.117647059,0.0,0.25,0.0361,0.0,0.0192,0.0,817
k1116,0.546561327,0.0,0.0,0.0294,0.0,0.142857143,0.0361,0.0,0.0385,0.0,2637
k1708,0.295970604,0.0,0.0,0.0,0.0,0.0357,0.0361,0.0,0.0,0.0,3403
k296,0.295970604,0.0,0.530941592,0.0,0.0,0.0357,0.0361,0.0,0.0,0.0,2053
k1028,0.732486581,0.0417,0.509934484,0.0,0.0,0.142857143,0.0361,0.0,0.346153846,0.0,2271
k770,0.43916452,0.0,0.0,0.0588,0.0,0.0357,0.0361,0.0,0.153846154,0.0,1035
k3338,0.620161707,0.0,0.350239463,0.0294,0.0,0.0357,0.0361,0.0,0.211538462,0.0,2520
k89,0.666005508,0.0,0.694039197,0.0882,0.0,0.214285714,0.0361,0.0,0.115384615,0.0,907
k2054,0.433933033,0.0,0.0823,0.0882,0.0,0.0357,0.0361,0.0,0.0,0.0,2778
k1891,0.570308794,0.0,0.0,0.0294,0.0,0.107142857,0.0361,0.0,0.115384615,0.0,3232
k347,0.635202443,0.0,0.0,0.0,0.0,0.178571429,0.0361,0.0,0.134615385,0.0,1186
k3249,0.50786897,0.0,0.0,0.0,0.0,0.0714,0.0361,0.0,0.115384615,0.0,2817
k1902,0.651507335,0.0,0.0,0.0,0.0,0.142857143,0.0361,0.0,0.346153846,0.0,1127
k2921,0.582362784,0.0,0.0,0.0294,0.0,0.0357,0.0361,0.0,0.0769,0.0,2660
k1979,0.40013755,0.0,0.0,0.0,0.0,0.0,0.0361,0.0,0.192307692,0.0,2214
k431,0.546088333,0.0417,0.0,0.0882,0.0833,0.214285714,0.0361,0.0,0.115384615,0.0,562
k3018,0.441634036,0.0,0.0,0.0,0.0,0.0714,0.0361,0.0,0.0577,0.0,482
k3244,0.525287724,0.0,0.0,0.0,0.416666667,0.107142857,0.0361,0.0,0.0385,0.0,1857
k2203,0.894759458,0.0,0.0,0.0,0.0,0.0357,0.0361,0.0,0.25,0.0,1397
k2674,0.368873023,0.0,0.0,0.0,0.0417,0.0714,0.0361,0.0,0.0962,0.0,859
k3143,0.455338591,0.0,0.314024942,0.0,0.0,0.0357,0.0361,0.0,0.0769,0.0,2099
k3119,0.515105296,0.0833,0.0,0.0,0.0,0.0357,0.0361,0.0,0.0192,0.0,2413
k102,0.427057975,0.0,0.0,0.0,0.0,0.107142857,0.0361,0.0,0.0385,0.0,169
k1413,0.585883021,0.0,0.0,0.0,0.0,0.0357,0.0361,0.0,0.230769231,0.0,1910
k1312,0.510879159,0.0,0.385791251,0.0,0.0,0.0357,0.0361,0.0,0.0,0.0,2884
k1336,0.479522188,0.0,0.0,0.0588,0.0,0.107142857,0.0361,0.0,0.0769,0.0,1270
k775,0.544307325,0.0,0.0,0.0,0.0,0.0714,0.0361,0.0,0.173076923,0.0,2857
k1167,0.710114617,0.0417,0.0,0.0,0.125,0.107142857,0.0361,0.0,0.326923077,0.0,2953
k410,0.595918559,0.0,0.766870986,0.0294,0.0,0.25,0.0361,0.0,0.115384615,0.0,3118
k1533,0.441130605,0.0,0.0,0.0,0.0,0.0357,0.0361,0.0,0.153846154,0.0,1063
k1814,0.878517141,0.0,0.0,0.0,0.0,0.107142857,0.0361,0.0,0.365384615,0.0,1818
k1917,0.539344851,0.0,0.0,0.0,0.208333333,0.178571429,0.0361,0.0,0.0769,0.0,1445
k1599,0.684892587,0.0,0.0,0.147058824,0.0,0.178571429,0.0361,0.0,0.211538462,0.0,508
k3303,0.406309355,0.0,0.0,0.0,0.0,0.0357,0.0361,0.0,0.0192,0.0,3250
k528,0.332879874,0.0,0.0,0.0,0.0,0.0357,0.0361,0.0,0.0769,0.0,3314
k2873,0.45607833,0.0,0.0,0.0,0.0,0.107142857,0.0361,0.0,0.0385,0.0,1155
k301,0.586733163,0.0,0.269760331,0.0,0.0,0.0357,0.0361,0.0,0.115384615,0.0,1876
k3159,0.544880514,0.0,0.0,0.0,0.0,0.0714,0.0361,0.0,0.153846154,0.0,1174
k2429,0.581488632,0.0,0.0,0.0588,0.0,0.0714,0.0361,0.0,0.211538462,0.0,90
k2335,0.443167204,0.0,0.0,0.0,0.0,0.0714,0.0361,0.0,0.0769,0.0,2057
k2652,0.270237013,0.0,0.0,0.0,0.0,0.0357,0.0361,0.0,0.0577,0.0,1198
k830,0.548430053,0.0,0.0,0.0,0.0,0.0714,0.0361,0.0,0.230769231,0.0,155
k184,0.373669514,0.0,0.0,0.0588,0.0,0.0357,0.0361,0.0,0.0,0.0,2680
k2763,0.295970604,0.0,0.0,0.0,0.0,0.0357,0.0361,0.0,0.0,0.0,3154
k3235,0.664695226,0.0,0.0,0.0,0.0,0.0714,0.0361,0.0,0.269230769,0.0,1890
k1120,0.385177915,0.0,0.0,0.0,0.0,0.107142857,0.0361,0.0,0.0385,0.0,1162
k1892,0.294280716,0.0,0.297502951,0.0,0.0,0.0357,0.0361,0.0,0.0,0.0,379
k404,0.718692229,0.0833,0.681898946,0.0,0.0417,0.0714,0.0361,0.0,0.403846154,0.0,1280
k3154,0.431391491,0.0,0.0,0.0,0.0,0.0714,0.0361,0.0,0.0385,0.0,2859
k2398,0.275846971,0.0,0.0,0.0,0.0,0.0357,0.0361,0.0,0.0,0.0,3246
k405,0.61184082,0.0,0.0,0.0,0.0,0.0714,0.0361,0.0,0.0769,0.0,1003
k1388,0.358469033,0.0,0.0,0.0,0.0,0.0,0.805022157,0.0,0.173076923,0.0,3202
k2806,0.634793536,0.0,0.0,0.0,0.0,0.0357,0.0361,0.0,0.153846154,0.0,2060
k1537,0.40642524,0.0,0.0,0.0,0.0,0.0357,0.0361,0.0,0.0769,0.0,2688
k3024,0.548430053,0.0,0.0,0.0,0.0,0.0714,0.0361,0.0,0.230769231,0.0,711
k96,0.498881128,0.0,0.0,0.0,0.0,0.0357,0.0361,0.0,0.192307692,0.0,2588
k3126,0.515004912,0.0,0.0,0.117647059,0.0,0.142857143,0.0361,0.0,0.0769,0.0,1352
k230,0.527829456,0.0,0.0,0.0,0.0833,0.107142857,0.0361,0.0,0.115384615,0.0,2453
k265,0.546256962,0.0,0.0,0.0,0.0,0.0357,0.0361,0.0,0.173076923,0.0,95
k3319,0.597073445,0.0417,0.0,0.0882,0.0417,0.214285714,0.0361,0.0,0.0,0.0,536
k3300,0.557347003,0.0,0.0,0.0,0.0,0.0357,0.0361,0.0,0.307692308,0.0,666
k2603,0.512288124,0.0417,0.329491029,0.0,0.0,0.107142857,0.0361,0.0,0.0769,0.0,2923
k1812,0.588680343,0.0,0.0,0.0588,0.0,0.178571429,0.0361,0.0,0.0769,0.0,1908
k106,0.656519905,0.0,0.0,0.0588,0.0417,0.142857143,0.0361,0.0,0.307692308,0.0,1768
k673,0.468276373,0.0,0.0,0.0,0.0,0.214285714,0.0361,0.0,0.0,0.0667,342
k2088,0.386272494,0.0,0.0,0.0,0.0417,0.0357,0.0361,0.0,0.115384615,0.0,1993
k3076,0.392299489,0.0,0.0,0.0,0.0,0.0714,0.0361,0.0,0.0769,0.0,244
k2196,0.488462391,0.0,0.0,0.0,0.0,0.0357,0.0361,0.0,0.115384615,0.0,2659
k88,0.555718367,0.0,0.0,0.0,0.0,0.0714,0.0361,0.0,0.134615385,0.0,3037
k560,0.362649609,0.0,0.0,0.0,0.0,0.0714,0.0361,0.0,0.0385,0.0,3391
k2578,0.376305201,0.0,0.0,0.0,0.0,0.0714,0.0361,0.0,0.0769,0.0,2042
k1329,0.357705095,0.0,0.0,0.0,0.0,0.0714,0.0361,0.0,0.0385,0.0333,2318
k2879,0.606853393,0.0833,0.0,0.0588,0.0417,0.0714,0.0361,0.0,0.230769231,0.0,558
k3385,0.425380565,0.0,0.0,0.0,0.0,0.0714,0.0361,0.0,0.115384615,0.0,2445
k2721,0.631634945,0.0,0.0,0.0,0.0,0.0714,0.0361,0.0,0.115384615,0.0,296
k1007,0.488188085,0.0,0.650791191,0.0,0.0,0.0714,0.0361,0.0,0.0769,0.0,2745
k1365,0.385177915,0.0,0.0,0.0,0.0,0.107142857,0.0361,0.0,0.0385,0.0,1062
k2619,0.54095723,0.0,0.0,0.117647059,0.0,0.214285714,0.0361,0.0,0.0769,0.0,853
k530,0.642819509,0.0,0.476477544,0.0,0.0,0.0357,0.0361,0.0,0.0962,0.0,3337
k1102,0.6472708,0.0,0.0,0.0294,0.0,0.214285714,0.0361,0.0,0.25,0.0,3115
k1584,0.56539207,0.0,0.0,0.0294,0.333333333,0.142857143,0.0361,0.0,0.192307692,0.0,3279
k2084,0.597361363,0.0,0.0,0.0,0.0,0.0714,0.0361,0.0,0.230769231,0.0,721
k2637,0.59774078,0.0,0.0,0.0,0.0,0.178571429,0.0361,0.0,0.153846154,0.0,1359
k3365,0.616289843,0.0,0.0,0.0,0.0,0.107142857,0.0361,0.0,0.230769231,0.0,706
k1778,0.675597543,0.0,0.0,0.0,0.0,0.0357,0.0361,0.0,0.192307692,0.0,3059
k584,0.465449181,0.0,0.0,0.0,0.0,0.0357,0.0361,0.0,0.0192,0.0,1901
k1563,0.403790876,0.0,0.196040697,0.0294,0.0,0.0357,0.0361,0.0,0.0192,0.0,3371
k2612,0.613612943,0.0,0.0,0.0,0.0,0.0357,0.0361,0.0,0.288461538,0.0,2927
k2772,0.408447094,0.0,0.0,0.0588,0.0,0.0714,0.0361,0.0,0.0577,0.0,2987
k3368,0.592570922,0.0,0.0,0.0294,0.0,0.178571429,0.0361,0.0,0.134615385,0.0333,3347
k1729,0.425380565,0.0,0.0,0.0,0.0,0.0714,0.0361,0.0,0.115384615,0.0,1577
k2107,0.540194805,0.0833,0.0,0.0,0.0,0.107142857,0.0361,0.0,0.0962,0.0,1248
k2614,0.904815792,0.0,0.278939617,0.0,0.0,0.0357,0.0361,0.0,0.557692308,0.0,1208
k616,0.490716583,0.0,0.0,0.0,0.0,0.178571429,0.0361,0.0,0.0769,0.0,3162
k1558,0.411810233,0.0,0.0,0.0,0.0,0.0714,0.0361,0.0,0.0385,0.0,670
k2129,0.695864473,0.166666667,0.0,0.117647059,0.0,0.214285714,0.0361,0.0,0.211538462,0.0,1612
k1239,0.605123049,0.0,0.0,0.0588,0.0,0.25,0.0361,0.0,0.134615385,0.0,1831
k3066,0.370370272,0.0,0.0,0.0,0.0,0.107142857,0.0361,0.0,0.0,0.0,3180
k1972,0.595426093,0.0,0.0,0.117647059,0.0,0.428571429,0.0361,0.0,0.0,0.0,3260
k562,0.464611327,0.0,0.0,0.0,0.0,0.107142857,0.0361,0.0,0.0577,0.0,204
k743,0.561919095,0.0,0.0,0.0,0.0,0.0357,0.0361,0.0,0.0769,0.0,428
k2258,0.753503081,0.0,0.294770305,0.0,0.0,0.142857143,0.0361,0.0,0.307692308,0.0,2855
k27,0.416453973,0.0,0.0,0.0588,0.0,0.142857143,0.0361,0.0,0.0,0.0,2580
k2514,0.585883021,0.0,0.0,0.0,0.0,0.0357,0.0361,0.0,0.230769231,0.0,1387
k262,0.533980465,0.0,0.486444777,0.0,0.0,0.0357,0.0361,0.0,0.115384615,0.0,1800
k2354,0.460034887,0.0,0.0,0.0588,0.0,0.142857143,0.0361,0.571879988,0.0,0.0,1645
k2220,0.689223833,0.0,0.0,0.0294,0.0,0.178571429,0.0361,0.0,0.173076923,0.0,351
k3393,0.702270317,0.0833,0.0,0.0,0.0,0.107142857,0.0361,0.0,0.5,0.0,956
k2399,0.63916694,0.0,0.0,0.0,0.0,0.0714,0.0361,0.0,0.211538462,0.0,2538
k243,0.583902946,0.0,0.0,0.147058824,0.0,0.178571429,0.0361,0.0,0.153846154,0.0,858
k208,0.40642524,0.0,0.0,0.0,0.0,0.0357,0.0361,0.0,0.0769,0.0,2471
k915,0.414173882,0.0,0.0,0.0,0.0,0.107142857,0.0361,0.0,0.0,0.0,635
k1262,0.295970604,0.0,0.0,0.0,0.0,0.0357,0.0361,0.0,0.0,0.0,3087
k626,0.349063019,0.0,0.0,0.0294,0.0,0.0357,0.0361,0.575756589,0.0,0.0,1279
k3371,0.610811651,0.0,0.0,0.0588,0.0,0.178571429,0.0361,0.0,0.134615385,0.0,1987
k1071,0.613875907,0.0,0.0,0.0,0.0,0.178571429,0.0361,0.0,0.192307692,0.0,908
k2686,0.428526489,0.0,0.0,0.0,0.0,0.178571429,0.0361,0.0,0.0192,0.0,773
k1311,0.50319347,0.0417,0.0,0.0,0.0,0.0714,0.0361,0.0,0.134615385,0.0,3330
k2526,0.57522325,0.0,0.0,0.0,0.0,0.0357,0.0361,0.0,0.288461538,0.0,2186
k430,0.464534385,0.0,0.0,0.0,0.0,0.0714,0.0361,0.662996384,0.153846154,0.0,1193
k1460,0.783904232,0.0417,0.0,0.117647059,0.0,0.285714286,0.0361,0.0,0.403846154,0.0,3253
k2773,0.537572918,0.0,0.0,0.0,0.0,0.0357,0.0361,0.0,0.0385,0.0,2204
k1511,0.54156993,0.0,0.0,0.0,0.0,0.107142857,0.0361,0.0,0.115384615,0.0,409
k1130,0.427479171,0.0,0.0,0.0,0.0,0.0357,0.0361,0.0,0.153846154,0.0,2035
k3214,0.346945508,0.0,0.0,0.0,0.0,0.0714,0.0361,0.0,0.0385,0.0,837
k1278,0.485039892,0.0417,0.0,0.0,0.0,0.107142857,0.0361,0.0,0.173076923,0.0,2759
k1467,0.332879874,0.0,0.0,0.0,0.0,0.0357,0.0361,0.0,0.0769,0.0,2662
k695,0.409260561,0.0,0.0,0.0294,0.0,0.0357,0.0361,0.0,0.115384615,0.0,1058
k143,0.446377215,0.0,0.0,0.0,0.0,0.0,0.0361,0.0,0.288461538,0.0,1578
k3248,0.507618105,0.0,0.0,0.0,0.0,0.0714,0.0361,0.0,0.153846154,0.0,1879
k494,0.173600738,0.0,0.0,0.0,0.0,0.0357,0.0361,0.0,0.0,0.0,1424
k2323,0.621237193,0.0,0.0,0.0588,0.0,0.107142857,0.0361,0.0,0.192307692,0.0,3319
k399,0.716214962,0.0,0.49987081,0.0,0.0,0.0357,0.0361,0.0,0.211538462,0.0,2585
k2925,0.586733163,0.0,0.0,0.0,0.0,0.0357,0.0361,0.0,0.115384615,0.0,3044
k424,0.443167204,0.0,0.0,0.0,0.0,0.0714,0.0361,0.0,0.0769,0.0,2670
k1459,0.96066186,0.125,0.624188608,0.0882,0.0,0.178571429,0.0361,0.0,0.461538462,0.0,163
k2268,0.555994375,0.0417,0.0,0.0,0.0,0.142857143,0.0361,0.0,0.173076923,0.0,627
k1642,0.376305201,0.0,0.0,0.0,0.0,0.0714,0.0361,0.0,0.0769,0.0,3398
k794,0.500744749,0.0,0.0,0.0,0.0,0.0357,0.0361,0.0,0.153846154,0.0,1398
k2613,0.590602758,0.0,0.0,0.264705882,0.0,0.178571429,0.0361,0.0,0.115384615,0.0,629
k835,0.657831889,0.0,0.0,0.0882,0.0,0.214285714,0.0361,0.0,0.25,0.0,736
k346,0.40642524,0.0,0.0,0.0,0.0,0.0357,0.0361,0.0,0.0769,0.0,2804
k2982,0.60366361,0.0,0.0,0.0,0.0,0.0714,0.0361,0.0,0.153846154,0.0,279
k1571,0.287715317,0.0,0.0,0.0,0.0,0.0,0.0361,0.0,0.115384615,0.0,3370
k1661,0.553377592,0.0,0.0,0.0,0.0,0.107142857,0.0361,0.0,0.153846154,0.0,2732
k2031,0.4657647,0.0,0.0,0.0,0.0,0.0,0.0361,0.0,0.230769231,0.0,2897
k2253,0.287715317,0.0,0.272813987,0.0,0.0,0.0357,0.0361,0.0,0.0,0.0,3090
k788,0.526593469,0.0,0.313372238,0.0,0.0,0.107142857,0.0361,0.0,0.0769,0.0,622
k1919,0.526638273,0.0,0.0,0.0588,0.0,0.142857143,0.0361,0.620418933,0.173076923,0.0,3214
k1760,0.631716991,0.0,0.0,0.0,0.0,0.0714,0.0361,0.0,0.423076923,0.0,601
k1332,0.40642524,0.0,0.0,0.0294,0.0,0.0357,0.0361,0.0,0.0769,0.0,2590
k6,0.531354419,0.0,0.0,0.0,0.0,0.0714,0.0361,0.0,0.115384615,0.0,2542
k2775,0.464125666,0.0,0.0,0.0,0.0,0.142857143,0.0361,0.0,0.0,0.0,854
k2691,0.506389492,0.0,0.0,0.0588,0.0,0.142857143,0.0361,0.0,0.0192,0.0,346
k211,0.690629584,0.0,0.0,0.117647059,0.0,0.178571429,0.0361,0.0,0.211538462,0.0,1637
k2296,0.43916452,0.0,0.0,0.0588,0.0,0.0357,0.0361,0.0,0.153846154,0.0,451
k1686,0.525323832,0.0,0.0,0.0588,0.0,0.107142857,0.0361,0.0,0.115384615,0.0,1797
k1865,0.481303197,0.0,0.0,0.0,0.0,0.0714,0.0361,0.0,0.0577,0.0,2827
k2020,0.493412577,0.0,0.0,0.0,0.0,0.0357,0.0361,0.0,0.0577,0.0,3360
k678,0.526593469,0.0,0.306984275,0.0,0.0,0.107142857,0.0361,0.0,0.0769,0.0333,991
k1041,0.659163155,0.0,0.0,0.0,0.0,0.0,0.0361,0.0,0.5,0.0,2025
k2426,0.56237224,0.0833,0.0,0.0882,0.208333333,0.178571429,0.0361,0.0,0.134615385,0.0,214
k702,0.599392858,0.0,0.0,0.0588,0.0,0.0714,0.0361,0.0,0.25,0.0,1055
k3301,0.5123127,0.0,0.0,0.0,0.416666667,0.107142857,0.0361,0.0,0.0769,0.0,231
k474,0.773484361,0.0,0.0,0.352941176,0.0,0.392857143,0.0361,0.0,0.0,0.0,3181
k3294,0.596607634,0.0,0.373160981,0.0294,0.0,0.0714,0.0361,0.0,0.153846154,0.0,924
k1087,0.360816802,0.0,0.0,0.0,0.0,0.0357,0.0361,0.0,0.0,0.0,1495
k1574,0.275846971,0.0,0.0,0.0,0.0,0.0357,0.0361,0.0,0.0,0.0,1427
k426,0.486548105,0.0,0.0,0.0,0.0,0.0714,0.0361,0.0,0.134615385,0.0,385
k2683,0.601489385,0.0,0.0,0.0,0.0,0.0357,0.0361,0.0,0.0769,0.0,1410
k813,0.486949829,0.0,0.0,0.0,0.0,0.0714,0.0361,0.0,0.153846154,0.0,3285
k3246,0.367460278,0.0,0.342225148,0.0,0.0,0.0357,0.0361,0.0,0.0,0.0,64
k2908,0.437428694,0.0,0.0,0.0294,0.0,0.0714,0.0361,0.0,0.115384615,0.0,2880
k798,0.551930062,0.0,0.0,0.0,0.0,0.0357,0.0361,0.0,0.153846154,0.0,2409
k1268,0.589138592,0.0,0.573543872,0.0,0.0,0.142857143,0.0361,0.0,0.192307692,0.0,3111
k444,0.558796045,0.0,0.0,0.0294,0.0,0.0714,0.0361,0.0,0.115384615,0.0,834
k837,0.441130605,0.0,0.0,0.0,0.0,0.0357,0.0361,0.0,0.153846154,0.0,2128
k1766,0.843443325,0.0833,0.0,0.117647059,0.0,0.285714286,0.0361,0.0,0.5,0.0,460
k2575,0.42544503,0.0,0.0,0.0,0.0,0.0714,0.0361,0.0,0.0385,0.0,2655
k2355,0.503181749,0.0,0.0,0.0,0.0,0.142857143,0.0361,0.0,0.0,0.0,2854
k264,0.507618105,0.0,0.0,0.0,0.0,0.0714,0.0361,0.0,0.153846154,0.0,848
k3043,0.475085454,0.0,0.0,0.0,0.0,0.107142857,0.0361,0.0,0.0385,0.0,809
k3056,0.634793536,0.0,0.0,0.0,0.0,0.0357,0.0361,0.0,0.153846154,0.0,3333
k1039,0.45607833,0.0,0.0,0.0,0.0,0.107142857,0.0361,0.0,0.0385,0.0,485
k463,0.547571403,0.0,0.0,0.0,0.0,0.0714,0.0361,0.0,0.269230769,0.0,2879
k905,0.431893409,0.0,0.0,0.0294,0.0,0.0357,0.0361,0.0,0.173076923,0.0,1285
k2145,0.637797108,0.0,0.0,0.0,0.0,0.178571429,0.0361,0.0,0.134615385,0.0,1532
k940,0.5498842,0.0,0.71025016,0.0,0.0,0.0357,0.0361,0.0,0.153846154,0.0,1535
k1301,0.82360969,0.0,0.0,0.0,0.0,0.0357,0.0361,0.0,0.346153846,0.0,175
k1790,0.744830946,0.0417,0.0,0.264705882,0.0,0.642857143,0.0361,0.0,0.115384615,0.0,469
k866,0.284670721,0.0,0.0,0.0,0.0,0.0357,0.0361,0.0,0.0,0.0,2586
k1711,0.287715317,0.0,0.0,0.0,0.0,0.0357,0.0361,0.0,0.0,0.0,1866
k2188,0.619582846,0.0,0.0,0.0,0.0,0.107142857,0.0361,0.0,0.269230769,0.0,804
k922,0.189046602,0.0,0.0,0.0,0.0,0.0357,0.0361,0.0,0.0,0.0,2233
k974,0.5054004,0.0,0.277208106,0.0,0.0,0.0357,0.0361,0.0,0.0385,0.0,2028
k2469,0.621309031,0.0,0.0,0.0588,0.0,0.107142857,0.0361,0.0,0.211538462,0.0,2522
k2290,0.548008101,0.0,0.0,0.0882,0.0833,0.107142857,0.0361,0.0,0.115384615,0.0,3051
k1138,0.632070508,0.0,0.0,0.0,0.0,0.0357,0.0361,0.0,0.153846154,0.0,779
k2347,0.275846971,0.0,0.0,0.0,0.0,0.0357,0.0361,0.0,0.0,0.0,3062
k2759,0.552066743,0.0,0.0,0.0,0.0,0.0714,0.0361,0.0,0.134615385,0.0,1704
k941,0.559673033,0.0,0.0,0.0,0.0,0.107142857,0.0361,0.0,0.192307692,0.0,1846
k1471,0.450073454,0.0,0.0,0.0,0.0,0.214285714,0.0361,0.569501906,0.0,0.1,2338
k1927,0.598180502,0.0,0.0,0.0,0.0,0.142857143,0.0361,0.0,0.192307692,0.0,268
k603,0.406613342,0.0,0.0,0.0,0.0,0.0714,0.0361,0.0,0.0385,0.0,930
k3406,0.406613342,0.0,0.0,0.0,0.0,0.0714,0.0361,0.0,0.0385,0.0,2957
k3170,0.474843285,0.0,0.0,0.0,0.0,0.0714,0.0361,0.0,0.115384615,0.0,1097
k3318,0.493984443,0.0,0.0,0.0,0.0,0.0357,0.0361,0.0,0.153846154,0.0,1312
k880,0.894661721,0.0,0.0,0.411764706,0.0,0.75,0.0361,0.0,0.346153846,0.0,3128
k568,0.482074696,0.0,0.0,0.0,0.0,0.0357,0.0361,0.0,0.230769231,0.0,2504
k2058,0.544548926,0.0,0.0,0.0,0.0,0.214285714,0.0361,0.0,0.0769,0.0333,949
k2492,0.585900602,0.0,0.0,0.0,0.0,0.0357,0.0361,0.0,0.269230769,0.0,3345
k2569,0.489798384,0.0,0.0,0.0,0.0,0.107142857,0.0361,0.0,0.115384615,0.0,404
k1425,0.837349219,0.0,0.0,0.0,0.0,0.107142857,0.0361,0.0,0.557692308,0.0,2059
k3330,0.538125123,0.0,0.0,0.0,0.0,0.0714,0.0361,0.0,0.173076923,0.0,832
k70,0.275846971,0.0,0.0,0.0,0.0,0.0357,0.0361,0.0,0.0,0.0,747
k3019,0.630695761,0.0,0.519010215,0.0,0.0,0.0357,0.0361,0.0,0.192307692,0.0,2184
k3419,0.706022892,0.0,0.0,0.205882353,0.0,0.25,0.0361,0.0,0.307692308,0.0,1466
k1134,0.592258428,0.0,0.0,0.0,0.0,0.0714,0.451150032,0.0,0.134615385,0.0,3366
k1072,0.551893765,0.0,0.0,0.0,0.0,0.142857143,0.0361,0.0,0.0577,0.0,1101
k2519,0.40013755,0.0,0.0,0.0,0.0,0.0714,0.0361,0.0,0.192307692,0.0,729
k928,0.493984443,0.0,0.0,0.0,0.0,0.0357,0.0361,0.0,0.153846154,0.0,1462
k192,0.755167636,0.0,0.0,0.0,0.0,0.0357,0.0361,0.0,0.211538462,0.0,295
k2525,0.450364775,0.0,0.0,0.0294,0.0,0.142857143,0.0361,0.0,0.0,0.0,1995
k2333,0.700392517,0.0,0.0,0.0294,0.0,0.107142857,0.0361,0.0,0.211538462,0.0,1050
k2641,0.60267206,0.0,0.0,0.0294,0.0,0.107142857,0.0361,0.0,0.307692308,0.0,3259
k1880,0.600831692,0.0,0.0,0.0,0.0,0.0357,0.0361,0.0,0.192307692,0.0,2054
k2629,0.847032753,0.0,0.0,0.0,0.0,0.392857143,0.0361,0.0,0.423076923,0.0,2978
k3405,0.645396214,0.0,0.0,0.0,0.0,0.0357,0.0361,0.0,0.134615385,0.0,655
k2189,0.453391033,0.0,0.0,0.0,0.0,0.0357,0.0361,0.0,0.0385,0.0,793
k2729,0.399080024,0.0,0.0,0.0,0.0,0.142857143,0.0361,0.0,0.0385,0.0,2631
k730,0.275846971,0.0,0.217725173,0.0,0.0,0.0357,0.0361,0.0,0.0,0.0,1417
k3101,0.703347505,0.0,0.0851,0.0,0.0,0.0357,0.0361,0.0,0.211538462,0.0,1895
k2723,0.629327442,0.0,0.0,0.0588,0.0,0.321428571,0.0361,0.0,0.0192,0.0,2235
k529,0.636687972,0.0,0.477533358,0.0,0.0,0.178571429,0.0361,0.0,0.0962,0.0,115
k949,0.489589676,0.0,0.0,0.0,0.0,0.0714,0.0361,0.0,0.153846154,0.0,2217
k3387,0.418281109,0.0,0.163273683,0.0,0.0833,0.0357,0.0361,0.0,0.0,0.0,2354
k384,0.650176636,0.0,0.0,0.0588,0.0,0.142857143,0.0361,0.0,0.25,0.0,1458
k2688,0.482098894,0.0,0.0,0.0,0.0,0.107142857,0.0361,0.0,0.115384615,0.0,2779
k2436,0.513858345,0.0,0.0,0.0,0.0,0.0357,0.0361,0.0,0.173076923,0.0,61
k1484,0.558796045,0.0,0.0,0.0294,0.0,0.0714,0.0361,0.0,0.115384615,0.0,1046
k1731,0.616981754,0.0,0.0,0.0,0.0,0.0714,0.0361,0.0,0.307692308,0.0,159
k745,0.411810233,0.0,0.0,0.0,0.0,0.0714,0.0361,0.0,0.0385,0.0,925
k519,0.44010238,0.0,0.0,0.0882,0.0,0.107142857,0.0361,0.0,0.0385,0.0,459
k3196,0.525117771,0.0,0.0,0.0,0.0,0.0357,0.0361,0.0,0.115384615,0.0,3042
k242,0.691938353,0.0417,0.545608371,0.0,0.0,0.142857143,0.0361,0.0,0.269230769,0.0333,3385
k1560,0.708459892,0.0,0.0,0.0,0.0417,0.107142857,0.0361,0.0,0.423076923,0.0,999
k3378,0.584804321,0.0,0.4805247,0.0882,0.0,0.0357,0.0361,0.0,0.0192,0.0,2242
k725,0.718743082,0.125,0.0,0.0,0.0,0.25,0.0361,0.0,0.307692308,0.0333,2141
k2928,0.527312224,0.0,0.0,0.117647059,0.0,0.0714,0.0361,0.0,0.0769,0.0,2803
k1726,0.427682964,0.0,0.420536909,0.0,0.0,0.0357,0.0361,0.0,0.0,0.0,2310
k202,0.525753535,0.0,0.0,0.0588,0.0,0.214285714,0.0361,0.0,0.0385,0.0,2435
k3098,0.674742674,0.0,0.0,0.0,0.0,0.107142857,0.0361,0.699807799,0.384615385,0.0,658
k2281,0.587977279,0.0,0.0,0.0,0.0,0.0357,0.0361,0.0,0.307692308,0.0,315
k2317,0.786096795,0.0,0.0,0.117647059,0.0,0.285714286,0.0361,0.0,0.423076923,0.0,2223
k1724,0.560438671,0.0,0.0,0.0,0.0,0.0714,0.0361,0.0,0.173076923,0.0,1032
k319,0.508160102,0.0,0.0,0.0,0.0,0.142857143,0.0361,0.0,0.0962,0.0,1061
k3373,0.578990381,0.0,0.0,0.0294,0.0,0.107142857,0.0361,0.0,0.326923077,0.0,1137
k785,0.560016341,0.0,0.0,0.205882353,0.0,0.107142857,0.0361,0.0,0.0577,0.0,3149
k3257,0.617619597,0.0,0.0,0.0,0.0,0.107142857,0.0361,0.0,0.25,0.0,1230
k2170,0.564533988,0.0,0.0,0.0,0.0,0.0714,0.0361,0.0,0.115384615,0.0,680
k2623,0.625700583,0.125,0.0,0.0,0.0,0.107142857,0.0361,0.0,0.346153846,0.0,2125
k1474,0.489798384,0.0,0.0,0.0,0.0,0.107142857,0.0361,0.0,0.115384615,0.0,875
k3422,0.716172994,0.0,0.0,0.0294,0.0,0.142857143,0.0361,0.0,0.173076923,0.0,702
k1740,0.69856784,0.0,0.0,0.0,0.0,0.0357,0.0361,0.0,0.307692308,0.0,2794
k76,0.548646322,0.0,0.0,0.0,0.0,0.0357,0.0361,0.0,0.115384615,0.0,1774
k1652,0.349063019,0.0,0.0,0.0,0.0,0.0357,0.0361,0.0,0.0,0.0,2405
k2711,0.589454678,0.0,0.0,0.0,0.0,0.142857143,0.0361,0.0,0.0385,0.0333,1517
k1639,0.538671467,0.0,0.0,0.0,0.0,0.0357,0.0361,0.0,0.134615385,0.0,1775
k2689,0.450364775,0.0,0.511654793,0.0882,0.0,0.142857143,0.0361,0.0,0.0192,0.0,2431
k2036,0.295970604,0.0,0.0,0.0,0.0,0.0357,0.0361,0.0,0.0,0.0,2087
k2504,0.557399747,0.0,0.0,0.0,0.0417,0.0357,0.961384258,0.0,0.269230769,0.0,1856
k2314,0.798204095,0.0,0.337175728,0.0294,0.0,0.0357,0.0361,0.0,0.153846154,0.0,3061
k847,0.96056072,0.125,0.643091879,0.0882,0.0,0.0357,0.0361,0.0,0.461538462,0.0,1331
k2901,0.287715317,0.0,0.0,0.0,0.0,0.0,0.0361,0.0,0.115384615,0.0,2416
k99,0.607143958,0.0,0.0,0.0,0.0,0.0357,0.0361,0.0,0.173076923,0.0,856
k2046,0.786381877,0.0,0.0,0.0,0.0,0.178571429,0.0361,0.0,0.692307692,0.0,689
k256,0.295970604,0.0,0.0,0.0,0.0,0.0357,0.0361,0.0,0.0,0.0,2907
k72,0.633420679,0.0,0.0887,0.0588,0.0,0.0714,0.0361,0.0,0.25,0.0,330
k1078,0.812938198,0.0,0.0,0.382352941,0.0,0.714285714,0.0361,0.0,0.307692308,0.0,1008
k1479,0.519718789,0.0,0.0,0.0,0.0,0.107142857,0.0361,0.0,0.0577,0.0,1478
k1595,0.622070132,0.0,0.0,0.0,0.0,0.107142857,0.0361,0.0,0.192307692,0.0,177
k397,0.63422961,0.0,0.0,0.0,0.0,0.0714,0.465991419,0.0,0.288461538,0.0,703
k1394,0.455338591,0.0,0.643521008,0.0,0.0,0.0357,0.0361,0.0,0.0769,0.0,2673
k1720,0.637346988,0.0,0.0,0.0,0.0,0.178571429,0.0361,0.0,0.0769,0.0,3121
k436,0.661093321,0.0,0.0,0.0,0.0,0.0714,0.0361,0.0,0.25,0.0,571
k387,0.539639386,0.0833,0.0,0.0882,0.0833,0.214285714,0.0361,0.0,0.0577,0.0,2402
k2069,0.385648263,0.0,0.0,0.0,0.0,0.142857143,0.0361,0.0,0.0,0.0333,1700
k3366,0.57522325,0.0,0.0,0.0,0.0417,0.0357,0.0361,0.0,0.288461538,0.0,967
k514,0.399080024,0.0,0.0,0.0,0.0,0.142857143,0.0361,0.0,0.0385,0.0333,3356
k2444,0.393648337,0.0,0.0,0.0,0.0,0.107142857,0.0361,0.618822686,0.0385,0.0333,1282
k2055,0.758506388,0.0,0.534195493,0.0294,0.291666667,0.142857143,0.0361,0.0,0.288461538,0.0,3028
k3367,0.57158864,0.0,0.0,0.0,0.0,0.0714,0.0361,0.0,0.134615385,0.0,1682
k1170,0.57309364,0.0,0.0,0.205882353,0.0,0.107142857,0.0361,0.0,0.0769,0.0,585
k825,0.574907164,0.0,0.0,0.0294,0.0,0.107142857,0.0361,0.0,0.211538462,0.0,767
k3184,0.631628139,0.0,0.0,0.0,0.0,0.0714,0.476260815,0.0,0.134615385,0.0,2239
k553,0.701053802,0.0,0.0,0.0,0.0,0.107142857,0.0361,0.67596182,0.326923077,0.0,2148
k2387,0.287715317,0.0,0.0,0.0,0.0,0.0357,0.0361,0.0,0.0,0.0,2161
k3295,0.418281109,0.0,0.0,0.0,0.0,0.0357,0.0361,0.0,0.0,0.0,3384
k3292,0.661678609,0.0,0.0,0.0294,0.0,0.214285714,0.0361,0.0,0.173076923,0.0,1325
k1082,0.332879874,0.0,0.0,0.0,0.0,0.0357,0.0361,0.0,0.0769,0.0,1754
k1285,0.529912938,0.0,0.0,0.0,0.0,0.0714,0.0361,0.0,0.230769231,0.0,1057
k24,0.53636283,0.0,0.0,0.0,0.0,0.0,0.0361,0.0,0.230769231,0.0,1023
k1603,0.464534385,0.0,0.0,0.0,0.0,0.0714,0.0361,0.0,0.153846154,0.0,2252
k1779,0.695707376,0.0,0.0,0.147058824,0.0,0.214285714,0.0361,0.0,0.115384615,0.0,812
k2449,0.505388112,0.0,0.0,0.0294,0.0,0.214285714,0.0361,0.0,0.0,0.0333,1898
k2162,0.487055885,0.0,0.0,0.0588,0.0,0.321428571,0.0361,0.0,0.0192,0.0,1493
k1710,0.538650672,0.0,0.361310167,0.0,0.0,0.0357,0.0361,0.0,0.0385,0.0,2989
k2744,0.535592654,0.0833,0.0,0.0,0.0,0.107142857,0.0361,0.0,0.0769,0.0,3278
k2259,0.663180017,0.0417,0.344120993,0.0,0.0,0.0714,0.0361,0.0,0.230769231,0.0,1251
k1155,0.668045131,0.0,0.0,0.0,0.0,0.142857143,0.0361,0.677297456,0.25,0.0,2249
k2301,0.614774824,0.0,0.0,0.0,0.0,0.142857143,0.0361,0.0,0.173076923,0.0,794
k2377,0.550922632,0.0,0.0,0.0,0.0,0.142857143,0.0361,0.0,0.211538462,0.0,2687
k2642,0.543565695,0.0,0.0,0.0,0.0,0.142857143,0.0361,0.0,0.153846154,0.0,2677
k1750,0.519536927,0.0,0.0,0.0,0.0,0.0714,0.0361,0.0,0.173076923,0.0,41
k945,0.640546413,0.0,0.0,0.0,0.0,0.0714,0.0361,0.0,0.384615385,0.0,3295
k207,0.577696736,0.0,0.0,0.0294,0.0,0.0714,0.0361,0.0,0.173076923,0.0,1907
k501,0.417604133,0.0,0.0,0.0882,0.0,0.107142857,0.0361,0.0,0.0,0.0,2813
k3140,0.647116538,0.0,0.0,0.0294,0.0,0.107142857,0.0361,0.0,0.288461538,0.0,1378
k2030,0.655440827,0.0,0.329923681,0.0,0.0,0.107142857,0.0361,0.0,0.192307692,0.0,2892
k334,0.295970604,0.0,0.552690573,0.0,0.0,0.0357,0.0361,0.0,0.0,0.0,1349
k1668,0.647294998,0.0417,0.0,0.0,0.0,0.178571429,0.0361,0.0,0.326923077,0.0,2894
k1204,0.508389983,0.0,0.0,0.0294,0.0,0.178571429,0.0361,0.0,0.0769,0.0,2534
k3411,0.529131798,0.0,0.0,0.0,0.0833,0.142857143,0.0361,0.0,0.0577,0.0,618
k85,0.42544503,0.0,0.0,0.0,0.0,0.0714,0.0361,0.0,0.0385,0.0,1657
k1430,0.425380565,0.0,0.0,0.0,0.0,0.0714,0.0361,0.0,0.115384615,0.0,3165
k1680,0.487958771,0.0,0.0,0.0,0.0,0.0357,0.0361,0.0,0.192307692,0.0,1423
k3334,0.450482362,0.0,0.0,0.0,0.0,0.0714,0.0361,0.0,0.0769,0.0,2360
k2198,0.527104651,0.0,0.291126958,0.0,0.0,0.0714,0.0361,0.0,0.153846154,0.0,3039
k2606,0.55424834,0.166666667,0.0,0.0882,0.208333333,0.178571429,0.0361,0.0,0.0769,0.0,1131
k1873,0.457079899,0.0,0.0,0.0294,0.0,0.0357,0.0361,0.0,0.0385,0.0,1232
k3089,0.538671467,0.0,0.0,0.0,0.0,0.0357,0.0361,0.0,0.134615385,0.0,3271
k26,0.349063019,0.0,0.0,0.0,0.0,0.0357,0.0361,0.0,0.0,0.0,3047
k2618,0.369526746,0.0,0.0,0.0,0.0,0.0357,0.0361,0.0,0.0,0.2,270
k205,0.406613342,0.0,0.0,0.0,0.0,0.0714,0.0361,0.0,0.0385,0.0,521
k95,0.545345002,0.0,0.0,0.0,0.0,0.0357,0.0361,0.0,0.192307692,0.0,493
k3105,0.53975565,0.0,0.0,0.147058824,0.0,0.285714286,0.0361,0.0,0.0385,0.0,2671
k1677,0.670366813,0.166666667,0.286110355,0.176470588,0.0,0.178571429,0.0361,0.0,0.115384615,0.0,3310
k1540,0.627895036,0.0,0.358406592,0.0294,0.0,0.107142857,0.0361,0.0,0.134615385,0.0,2584
k1279,0.564197485,0.0,0.0,0.0,0.0,0.178571429,0.0361,0.0,0.153846154,0.0,1508
k2367,0.403410325,0.0,0.0,0.0,0.0,0.214285714,0.0361,0.0,0.0,0.133333333,786
k2855,0.529649407,0.0,0.389243251,0.0,0.0,0.0714,0.0361,0.0,0.153846154,0.0,1587
k2825,0.520098962,0.0417,0.574311764,0.0882,0.0,0.0714,0.0361,0.0,0.0577,0.0,1935
k1761,0.722338181,0.0,0.0,0.0,0.0,0.0714,0.0361,0.0,0.230769231,0.0,1540
k851,0.500722442,0.0,0.0,0.0882,0.0,0.107142857,0.0361,0.0,0.134615385,0.0,2901
k3383,0.617647765,0.0417,0.0,0.0,0.0,0.142857143,0.0361,0.0,0.288461538,0.0,141
k2663,0.574570472,0.0,0.0,0.0,0.0,0.142857143,0.0361,0.0,0.0577,0.0,800
k1390,0.588225497,0.0,0.0,0.117647059,0.166666667,0.142857143,0.0361,0.0,0.115384615,0.0,3123
k231,0.448229683,0.0,0.0,0.0,0.0,0.107142857,0.0361,0.0,0.0385,0.0,1986
k535,0.671401276,0.0,0.0,0.0,0.0,0.107142857,0.0361,0.0,0.346153846,0.0,2279
k2056,0.459646396,0.0,0.0,0.0588,0.0,0.0357,0.0361,0.0,0.0192,0.0,309
k3130,0.516462462,0.0,0.0,0.0,0.0,0.0714,0.0361,0.0,0.115384615,0.0,1475
k2202,0.571083129,0.0,0.0,0.0,0.0,0.0357,0.0361,0.0,0.269230769,0.0,349
k1878,0.542385855,0.0,0.0,0.117647059,0.0,0.0357,0.0361,0.0,0.0,0.0,1403
k3233,0.57428539,0.0,0.0,0.0588,0.0,0.142857143,0.0361,0.0,0.134615385,0.0,329
k952,0.485037812,0.0,0.0,0.0,0.0,0.0357,0.0361,0.0,0.153846154,0.0,3402
k2920,0.287715317,0.0,0.0,0.0,0.0,0.0357,0.0361,0.0,0.0,0.0,196
k2376,0.808891278,0.0,0.834542731,0.0294,0.0,0.178571429,0.0361,0.0,0.230769231,0.0,2811
k975,0.409260561,0.0,0.0,0.0294,0.0,0.0357,0.0361,0.0,0.115384615,0.0,675
k2950,0.62017286,0.0417,0.0,0.0,0.0,0.0714,0.0361,0.0,0.211538462,0.0,1184
k2475,0.742538189,0.0,0.403120569,0.0,0.0,0.142857143,0.0361,0.0,0.423076923,0.0,1451
k3022,0.689818952,0.0833,0.389691826,0.0294,0.0,0.107142857,0.0361,0.0,0.269230769,0.0,2575
k3048,0.557399747,0.0,0.0,0.0,0.0417,0.0357,0.945980165,0.0,0.269230769,0.0,1172
k2774,0.630114443,0.0,0.0,0.0,0.0,0.107142857,0.0361,0.0,0.269230769,0.0,3414
k2542,0.40642524,0.0,0.0,0.0,0.0,0.0357,0.0361,0.0,0.0769,0.0,2422
k675,0.453391033,0.0,0.249536609,0.0,0.0,0.0357,0.0361,0.0,0.0385,0.0,2375
k2359,0.414917214,0.0,0.0,0.0294,0.0,0.107142857,0.0361,0.0,0.0385,0.0,650
k2193,0.173600738,0.0,0.0,0.0,0.0,0.0357,0.0361,0.0,0.0,0.0,2236
k1002,0.359790657,0.0,0.0,0.0,0.0,0.107142857,0.0361,0.0,0.0,0.0333,1613
k3400,0.465304183,0.0,0.0,0.0,0.0,0.0357,0.0361,0.0,0.0385,0.0,2853
k1364,0.559209301,0.0,0.0,0.0882,0.0,0.214285714,0.0361,0.0,0.0,0.0,2122
k2127,0.700959468,0.0,0.0,0.0,0.0,0.214285714,0.0361,0.0,0.480769231,0.0,965
k1476,0.398389436,0.0,0.0,0.0,0.0,0.178571429,0.0361,0.0,0.0,0.1,1202
k1399,0.469359988,0.0,0.0,0.147058824,0.0,0.142857143,0.0361,0.0,0.0,0.0,2714
k1146,0.522679259,0.0,0.0,0.0,0.0,0.178571429,0.0361,0.0,0.134615385,0.0,181
k2871,0.422500062,0.0,0.0,0.0,0.0,0.214285714,0.0361,0.0,0.0,0.2,942
k1210,0.385177915,0.0,0.0,0.0,0.0,0.107142857,0.0361,0.0,0.0385,0.0,2791
k150,0.700392517,0.0,0.0,0.0294,0.0,0.107142857,0.0361,0.0,0.211538462,0.0,1065
k1901,0.334272391,0.0,0.0,0.0,0.0,0.107142857,0.0361,0.0,0.0385,0.0,685
k3091,0.719818946,0.0417,0.496773089,0.0294,0.0,0.214285714,0.0361,0.0,0.153846154,0.0,2195
k1287,0.718291828,0.0,0.0,0.0,0.0,0.107142857,0.0361,0.0,0.346153846,0.0,1469
k1397,0.53211949,0.0,0.0,0.0,0.0,0.0357,0.0361,0.0,0.0385,0.0,1805
k2815,0.287715317,0.0,0.0,0.0,0.0,0.0,0.0361,0.0,0.115384615,0.0,2628
k1763,0.499996125,0.0,0.0,0.0,0.0,0.0714,0.0361,0.0,0.153846154,0.0,354
k2832,0.723714441,0.0,0.0,0.0,0.0,0.0714,0.0361,0.0,0.384615385,0.0,1129
k9,0.583497063,0.0,0.0,0.0,0.0,0.0714,0.0361,0.0,0.173076923,0.0,2937
k2042,0.479571719,0.0,0.709759621,0.0588,0.0,0.0357,0.0361,0.0,0.134615385,0.0,664
k943,0.65188505,0.0833,0.0,0.147058824,0.0417,0.107142857,0.0803,0.0,0.173076923,0.0,1699
k3017,0.671128103,0.0,0.0,0.0,0.125,0.178571429,0.0361,0.0,0.173076923,0.0,3226
k2250,0.631504881,0.0417,0.0,0.0294,0.0,0.214285714,0.0361,0.0,0.211538462,0.0,1686
k46,0.475077136,0.0,0.175991472,0.0,0.0,0.0357,0.0361,0.0,0.0,0.0,1338
k2425,0.500008413,0.0,0.0,0.0,0.0,0.0357,0.0361,0.0,0.0192,0.0,2126
k2092,0.806184697,0.0,0.303207492,0.0882,0.0,0.142857143,0.0361,0.0,0.269230769,0.0,2601
k201,0.63201266,0.0,0.0,0.0,0.0,0.0357,0.0361,0.0,0.0962,0.0,3172
