Key_0_0,D139,D184,D203,D865,D770,D585,D815,D767,D107,D188,Key_1_1
k2639,0.119047619,0.0,0.0836,0.0,0.0,0.0,0.0,0.0,0.754351798,0.0,k2240
k2931,0.166666667,0.0,0.0836,0.0,0.0,0.0,0.0,0.0,0.787131088,0.0,k709
k3004,0.119047619,0.0,0.390606719,0.0,0.0,0.0,0.0,0.0,0.571434419,0.0,k1956
k967,0.0952,0.0,0.0836,0.0,0.0,0.0,0.0,0.0,0.727028355,0.0,k427
k940,0.0952,0.0,0.0836,0.0,0.0,0.0,0.0,0.0,0.678171261,0.0,k1786
k1783,0.19047619,0.0,0.0836,0.0,0.0,0.0,0.0,0.0,0.728947931,0.0,k1056
k1859,0.119047619,0.0,0.0836,0.0,0.0,0.0,0.0,0.0,0.568308644,0.0,k191
k226,0.0714,0.0,0.0836,0.0,0.0,0.0,0.0,0.0,0.724638056,0.0,k2471
k1964,0.142857143,0.0,0.0836,0.0,0.0,0.0,0.0,0.0,0.647148562,0.0,k2775
k644,0.142857143,0.0,0.0836,0.0,0.0,0.0,0.0,0.0,0.587828925,0.0,k3324
k2688,0.0,0.0,0.0836,0.0,0.0,0.0,0.0,0.0,0.751355969,0.949766902,k208
k1941,0.0476,0.0,0.0836,0.0,0.0,0.0,0.0,0.230769231,0.609780669,0.0,k1131
k2029,0.0,0.0,0.512351663,0.882352941,0.0303,0.111111111,0.0625,0.0,0.336523006,0.0,k1750
k601,0.119047619,0.0,0.499715862,0.0,0.0,0.0,0.0,0.0,0.563845583,0.0,k2429
k393,0.0952,0.0,0.0836,0.0,0.0,0.0,0.0,0.0,0.709612886,0.0,k1827
k579,0.261904762,0.0,0.0836,0.0,0.0,0.0,0.0,0.0,0.700566691,0.0,k1930
k1423,0.214285714,0.0,0.0836,0.0,0.0,0.0,0.0,0.0,0.753318379,0.0,k1342
k2886,0.142857143,0.0,0.0836,0.0,0.0,0.0,0.0,0.0,0.686403753,0.0,k2330
k182,0.119047619,0.0,0.0836,0.0,0.0,0.0,0.0,0.0,0.65459682,0.0,k1781
k1020,0.238095238,0.0,0.353133879,0.0,0.0,0.0,0.0,0.0,0.735891213,0.0,k3253
k2813,0.0714,0.0,0.0836,0.0,0.0,0.0,0.0,0.0,0.730586653,0.0,k49
k3235,0.0952,0.0,0.0836,0.0,0.0,0.0,0.0,0.0,0.566777312,0.0,k2726
k2207,0.142857143,0.0,0.0836,0.0,0.0,0.0,0.0,0.0,0.758971843,0.0,k84
k2427,0.333333333,0.0,0.0836,0.0,0.0,0.0,0.0,0.0,0.69550258,0.0,k1441
k402,0.119047619,0.0,0.0836,0.0,0.0,0.0,0.0,0.0,0.691030405,0.0,k515
k1241,0.166666667,0.0,0.710045128,0.0,0.0,0.0,0.0,0.0,0.649246235,0.0,k365
k1953,0.0238,0.0,0.0836,0.0,0.0,0.0,0.0,0.0,0.53882791,0.0,k2608
k2194,0.0476,0.0,0.0836,0.0,0.0,0.111111111,0.0,0.0,0.569661498,0.0,k1196
k3304,0.0476,0.0,0.0836,0.0,0.0,0.0,0.0,0.153846154,0.635180739,0.0,k1824
k3428,0.0,0.0,0.0836,0.0,0.0,0.0,0.0,0.0,0.754225117,0.0,k2932
k1445,0.0476,0.0,0.0836,0.0,0.0,0.0,0.0,0.307692308,0.557075689,0.0,k1616
k1558,0.0952,0.0,0.305966906,0.0,0.0,0.0,0.0,0.0,0.613964699,0.0,k2182
k3242,0.0952,0.0,0.0836,0.0,0.0,0.0,0.0,0.0,0.6983614,0.0,k2036
k1250,0.0,0.0,0.0836,0.0,0.0,0.0,0.0,0.0,0.655366625,0.0,k774
k3346,0.0476,0.0,0.0836,0.0,0.0,0.0,0.0,0.0,0.675211431,0.0,k1941
k115,0.0952,0.0,0.0836,0.0,0.0,0.0,0.0,0.0,0.788085522,0.0,k1735
k407,0.142857143,0.0,0.0836,0.0,0.0,0.0,0.0,0.0,0.67593468,0.0,k236
k1064,0.119047619,0.0,0.0836,0.0,0.0,0.0,0.0,0.0,0.768859082,0.0,k347
k1347,0.0476,0.0,0.0836,0.0,0.0,0.0,0.0,0.0,0.658538121,0.0,k1911
k1242,0.142857143,0.0,0.0836,0.0,0.0,0.0,0.0,0.0,0.694622499,0.0,k634
k3118,0.0476,0.0,0.0836,0.0,0.484848485,0.0,1.0,0.0,0.498253357,0.0,k2761
k251,0.0,0.0,0.0836,0.0,0.0,0.0,0.0,0.0,0.734359198,0.0,k1555
k1492,0.0476,0.0,0.0836,0.0,0.0,0.0,0.0,0.0,0.579657495,0.0,k1970
k2112,0.0476,0.0,0.0836,0.0,0.0,0.0,0.0,0.307692308,0.565969002,0.0,k1964
k1726,0.214285714,0.0,0.0836,0.0,0.0,0.222222222,0.0,0.0,0.350348584,0.0,k2633
k2197,0.142857143,0.0,0.0836,0.0,0.0,0.0,0.0,0.0,0.572660518,0.0,k192
k2384,0.142857143,0.0,0.0836,0.0,0.0,0.0,0.0,0.0,0.737604439,0.0,k2420
k338,0.0952,0.0,0.0836,0.0,0.0,0.0,0.0,0.0,0.777911049,0.0,k2655
k2344,0.119047619,0.0,0.0836,0.0,0.0,0.0,0.0,0.0769,0.567470486,0.0,k3023
k2240,0.0952,0.0,0.0836,0.0,0.0,0.0,0.0,0.0769,0.700462642,0.0,k1127
k3013,0.0,0.0,0.0836,0.0,0.0,0.0,0.0,0.0,0.665854002,0.0,k1670
k3369,0.142857143,0.0,0.0836,0.0,0.0,0.666666667,0.0,0.0,0.300646269,0.0,k3232
k3148,0.0,0.0,0.0836,0.0,0.0,0.0,0.0,0.0,0.333700413,0.0,k2300
k1399,0.238095238,0.0,0.0836,0.0,0.0,0.0,0.0,0.0,0.711783772,0.0,k2524
k2358,0.119047619,0.0,0.655189704,0.0,0.0,0.0,0.0,0.0,0.585309515,0.0,k2156
k3218,0.0952,0.0,0.0836,0.0,0.0,0.0,0.0,0.0,0.745491143,0.0,k2569
k2095,0.19047619,0.0,0.0836,0.0,0.0,0.0,0.0,0.0,0.669304454,0.0,k2329
k3144,0.0476,0.0,0.0836,0.0,0.0,0.0,0.0,0.0769,0.586881707,0.0,k85
k531,0.0714,0.0,0.0836,0.0,0.0,0.0,0.0,0.0,0.729612473,0.0,k1254
k1626,0.119047619,0.0,0.639712519,0.0,0.0,0.0,0.0,0.0,0.622491261,0.0,k534
k2179,0.0238,0.0,0.0836,0.0,0.0,0.0,0.0,0.0,0.555438031,0.0,k2896
k1298,0.0952,0.0,0.743439746,0.0,0.0,0.0,0.0,0.0,0.584733984,0.0,k167
k3249,0.166666667,0.0,0.0836,0.0,0.0,0.0,0.0,0.0,0.689747954,0.0,k3091
k2266,0.142857143,0.0,0.0836,0.0,0.0,0.0,0.0,0.0,0.726452065,0.0,k804
k684,0.119047619,0.0,0.0836,0.0,0.0,0.0,0.0,0.0,0.641002047,0.0,k785
k2703,0.166666667,0.0,0.0836,0.0,0.0,0.0,0.0,0.0,0.627083661,0.0,k1126
k1309,0.119047619,0.0,0.803743941,0.0,0.0,0.0,0.0,0.0,0.634104181,0.0,k817
k3246,0.0952,0.0,0.0836,0.0,0.0,0.0,0.0,0.0,0.651186545,0.0,k2422
k2310,0.19047619,0.0,0.613738927,0.0,0.0,0.0,0.0,0.0,0.680134962,0.0,k1814
k2818,0.0714,0.0,0.0836,0.0,0.0,0.0,0.0,0.0,0.741215596,0.0,k2839
k1476,0.238095238,0.0,0.0836,0.0,0.0,0.0,0.0,0.0,0.693972844,0.0,k1620
k263,0.0476,0.0,0.0836,0.0,0.0,0.0,0.0,0.0,0.648081275,0.0,k1326
k2662,0.0952,0.0,0.215711182,0.0,0.0,0.0,0.0,0.0,0.560711909,0.0,k3276
k1654,0.0238,0.0,0.607822163,0.0,0.0,0.0,0.0,0.0,0.632480421,0.0,k2987
k2692,0.142857143,0.0,0.0836,0.117647059,0.0,0.0,0.0,0.0,0.673788856,0.0,k2580
k1559,0.142857143,0.0,0.0836,0.0,0.0,0.0,0.0,0.0,0.569419681,0.0,k2767
k441,0.119047619,0.0,0.0836,0.0,0.0,0.0,0.0,0.0,0.715312526,0.0,k2863
k2056,0.0952,0.0,0.0836,0.0,0.0,0.0,0.0,0.230769231,0.56062343,0.0,k1498
k985,0.142857143,0.0,0.0836,0.0,0.121212121,0.0,0.25,0.0,0.571259436,0.0,k608
k1999,0.142857143,0.0,0.571820157,0.0,0.0,0.0,0.0,0.0,0.691505078,0.0,k582
k2331,0.0714,0.0,0.0836,0.0,0.0,0.0,0.0,0.0,0.646302126,0.0,k3058
k3202,0.119047619,0.0,0.0836,0.0,0.121212121,0.0,0.0625,0.384615385,0.555331324,0.0,k2220
k3126,0.0714,0.0,0.0836,0.0,0.0,0.0,0.0,0.0,0.730400049,0.0,k1816
k1506,0.166666667,0.0,0.0836,0.0,0.0,0.0,0.0,0.0,0.750999698,0.0,k2926
k272,0.0952,0.0,0.43352833,0.0,0.0,0.0,0.0,0.0,0.562162356,0.0,k3311
k1175,0.0714,0.0,0.0836,0.0,0.0,0.0,0.0,0.0,0.56000871,0.0,k762
k1273,0.0714,0.0,0.0836,0.0,0.0,0.0,0.0,0.0769,0.569348139,0.0,k2731
k1024,0.166666667,0.0,0.0836,0.0,0.0,0.0,0.0,0.0,0.546855496,0.0,k1186
k1992,0.119047619,0.0,0.0836,0.0,0.0,0.0,0.0,0.0,0.657552321,0.0,k344
k217,0.0714,0.0,0.0836,0.0,0.0,0.0,0.0,0.0,0.727678619,0.0,k1634
k1056,0.166666667,0.0,0.0836,0.0,0.0,0.0,0.0,0.0,0.711832986,0.0,k1990
k3253,0.0952,0.0,0.0836,0.0,0.0,0.0,0.0,0.0,0.661941789,0.0,k812
k3187,0.261904762,0.0,0.768711349,0.0,0.0,0.0,0.0,0.0,0.747089612,0.0,k547
k90,0.142857143,0.0,0.814006351,0.0,0.0,0.0,0.0,0.0,0.708485596,0.0,k1939
k1940,0.119047619,0.0,0.0836,0.0,0.0,0.0,0.0,0.0,0.637791893,0.0,k1133
k2877,0.0,0.0,0.346648838,0.0,0.0,0.0,0.0,0.0,0.597941805,0.0,k1062
k2046,0.19047619,0.0,0.0836,0.0,0.0,0.0,0.0,0.0,0.719543187,0.0,k1137
k589,0.285714286,0.0,0.0836,0.0,0.0,0.0,0.0,0.0,0.767681438,0.0,k2737
k1863,0.119047619,0.0,0.0836,0.0,0.0,0.0,0.0,0.0,0.662118823,0.0,k1793
k141,0.0238,0.0,0.0836,0.0,0.0,0.0,0.0,0.0,0.663597826,0.0,k2080
k1434,0.0952,0.0,0.775864951,0.0,0.0,0.0,0.0,0.0,0.62014372,0.0,k1024
k2377,0.142857143,0.0,0.0836,0.0,0.0,0.0,0.0,0.0,0.585255137,0.0,k606
k2777,0.238095238,0.0,0.295503928,0.0,0.0,0.0,0.0,0.0769,0.735920757,0.0,k2483
k2403,0.119047619,0.0,0.0836,0.0,0.0,0.0,0.0,0.0,0.669549233,0.0,k2124
k311,0.0952,0.0,0.0836,0.0,0.0,0.0,0.0,0.0,0.709353677,0.0,k2058
k2228,0.19047619,0.0,0.727962561,0.0,0.0,0.0,0.0,0.0,0.581225281,0.0,k266
k2656,0.0952,0.0,0.485040949,0.0,0.0,0.111111111,0.0,0.0,0.658286279,0.0,k3298
k265,0.214285714,0.0,0.0836,0.0588,0.0,0.222222222,0.0,0.0,0.64225298,0.0,k1371
k1621,0.166666667,0.0,0.0836,0.0,0.0,0.0,0.0,0.0,0.567865945,0.0,k81
k494,0.333333333,0.0,0.0836,0.0,0.0,0.0,0.0,0.0,0.7699225,0.0,k1615
k1645,0.0476,0.0,0.0836,0.0,0.0,0.0,0.0,0.0,0.653875849,0.0,k96
k1356,0.0952,0.0,0.0836,0.0,0.0,0.0,0.0,0.0,0.729085017,0.0,k1001
k259,0.0476,0.0,0.0836,0.0,0.0,0.0,0.0,0.0,0.620803477,0.0,k707
k2043,0.0952,0.0,0.0836,0.0,0.0,0.0,0.0,0.0,0.741785203,0.0,k3403
k3199,0.142857143,0.0,0.0836,0.0,0.0,0.0,0.0,0.0,0.770100521,0.0,k40
k667,0.0238,0.0,0.0836,0.0,0.0,0.0,0.0,0.0,0.700077284,0.0,k1043
k898,0.119047619,0.0,0.0836,0.0,0.0,0.0,0.0,0.0,0.62317684,0.0,k2075
k788,0.0,0.0,0.0836,0.0,0.0,0.0,0.0,0.0,0.686556712,0.0,k3425
k1507,0.0952,0.0,0.356342972,0.0,0.0,0.0,0.0,0.0,0.709789692,0.0,k973
k2062,0.0,0.0,0.0836,0.0,0.0,0.0,0.0,0.0,0.69761605,0.0,k2821
k241,0.0238,0.0,0.648838375,0.0,0.0,0.111111111,0.0,0.0,0.624288181,0.0,k1100
k2396,0.142857143,0.0,0.0836,0.0,0.0,0.0,0.0,0.0,0.661598506,0.0,k1379
k1650,0.0714,0.0,0.0836,0.0588,0.0,0.0,0.0,0.0,0.660373547,0.0,k193
k1569,0.214285714,0.0,0.0836,0.0588,0.0606,0.111111111,0.0625,0.0,0.639122419,0.0,k2239
k633,0.19047619,0.0,0.0836,0.0,0.0,0.0,0.0,0.0,0.580668509,0.0,k560
k2537,0.0,0.0,0.461708173,0.0,0.0,0.0,0.0,0.0,0.634970971,0.0,k2268
k734,0.142857143,0.0,0.0836,0.0,0.0,0.0,0.125,0.0,0.568337048,0.0,k15
k472,0.261904762,0.0,0.0836,0.0,0.212121212,0.0,0.0625,0.769230769,0.549452372,0.0,k1077
k3377,0.0952,0.0,0.0836,0.0,0.0,0.0,0.0,0.0,0.714359611,0.0,k491
k2873,0.0714,0.0,0.636603711,0.0,0.0,0.111111111,0.0,0.0,0.623839255,0.0,k390
k3375,0.0,0.0,0.0836,0.0,0.0,0.0,0.0,0.0,0.556921743,0.0,k2438
k2252,0.0,0.0,0.0836,0.0,0.0,0.0,0.0,0.0,0.568046017,0.0,k1535
k2602,0.0476,0.0,0.466922948,0.0,0.0,0.0,0.0,0.0,0.658615512,0.0,k1811
k2815,0.166666667,0.0,0.0836,0.0,0.0,0.0,0.0,0.0,0.581451605,0.0,k3365
k2559,0.119047619,0.0,0.0836,0.0,0.0,0.0,0.0,0.0,0.750308195,0.0,k1464
k1054,0.0238,0.0,0.0836,0.0,0.0,0.222222222,0.0,0.0,0.569315861,0.0,k2643
k1742,0.0952,0.0,0.0836,0.0,0.0,0.0,0.0,0.0,0.677322546,0.0,k1201
k2560,0.0238,0.0,0.0836,0.0,0.0,0.0,0.0,0.0,0.643936966,0.0,k506
k1340,0.142857143,0.0,0.0836,0.0,0.0,0.0,0.0,0.0,0.356795321,0.0,k1841
k1725,0.0952,0.0,0.63045295,0.0,0.0,0.0,0.0,0.0,0.695808725,0.0,k3214
k3153,0.0952,0.0,0.503292663,0.0,0.0,0.444444444,0.0,0.0,0.665266016,0.0,k2277
k1817,0.0476,0.0,0.0836,0.0,0.0,0.0,0.0,0.0769,0.638172922,0.0,k187
k1895,0.0238,0.0,0.0836,0.0,0.0,0.0,0.0,0.0,0.572336297,0.0,k661
k1810,0.0952,0.0,0.0836,0.0,0.0,0.0,0.0,0.0,0.753617081,0.0,k3414
k3049,0.142857143,0.0,0.0836,0.0,0.0,0.0,0.0,0.0,0.631303917,0.0,k717
k827,0.142857143,0.0,0.0836,0.0,0.0,0.0,0.0,0.0,0.741332783,0.0,k1637
k1754,0.404761905,0.0,0.0836,0.0,0.0303,0.0,0.0625,0.0,0.637905055,0.0,k2787
k1128,0.0476,0.0,0.0836,0.0,0.0606,0.0,0.1875,0.0,0.572196781,0.0,k2423
k1980,0.0476,0.0,0.0836,0.0,0.0,0.0,0.0,0.0,0.647897482,0.0,k267
k2144,0.166666667,0.0,0.0836,0.0,0.0,0.0,0.0,0.0,0.764982944,0.0,k2140
k1286,0.0,0.0,0.0836,0.0,0.0,0.0,0.0,0.0,0.574499437,0.0,k725
k1737,0.0476,0.0,0.282333278,0.0,0.0,0.0,0.0,0.0,0.625138794,0.0,k3075
k1209,0.380952381,0.0,0.0836,0.0,0.0,0.0,0.0,0.0,0.661745464,0.0,k1683
k688,0.0476,0.0,0.0836,0.0,0.0,0.0,0.0,0.0,0.669135622,0.0,k1467
k1515,0.0,0.0,0.0836,0.0,0.0,0.0,0.0,0.0,0.741567158,0.0,k3357
k2674,0.0952,0.0,0.0836,0.0,0.0,0.0,0.0,0.0,0.583693502,0.0,k1129
k108,0.0,0.0,0.0836,0.0,0.0,0.0,0.0,0.153846154,0.579649368,0.0,k650
k582,0.261904762,0.0,0.0836,0.0,0.0,0.0,0.0,0.0,0.69562197,0.0,k2586
k1348,0.0238,0.0,0.0836,0.0,0.0,0.0,0.0,0.0,0.650103076,0.0,k3221
k1983,0.0,0.0,0.153568444,0.0,0.0,0.0,0.0,0.0,0.579128368,0.0,k3216
k2014,0.0476,0.0,0.622463647,0.0,0.0,0.0,0.0,0.0,0.617960454,0.0,k1866
k1820,0.0,0.0,0.0836,0.0,0.0,0.0,0.0,0.0,0.55040073,0.0,k2164
k1845,0.0,0.0,0.297141902,0.0,0.0,0.0,0.0,0.0,0.717130332,0.0,k1851
k822,0.119047619,0.0,0.503192378,0.0,0.0,0.0,0.0,0.0,0.56374875,0.0,k1856
k3300,0.119047619,0.0,0.0836,0.0,0.0,0.0,0.0,0.0,0.68581364,0.0,k2321
k2701,0.0,0.0,0.0278,0.0,0.0,0.0,0.0,0.0,0.579475296,0.0,k3280
k3177,0.119047619,0.0,0.700685275,0.0,0.0,0.111111111,0.0,0.0,0.677391431,0.0,k3132
k1767,0.0476,0.0,0.0836,0.0,0.121212121,0.0,0.25,0.307692308,0.522725043,0.0,k2640
k2206,0.142857143,0.0,0.0836,0.0,0.0,0.0,0.0,0.0,0.667514976,0.0,k2546
k2538,0.0238,0.0,0.0836,0.0,0.0,0.0,0.0,0.0769,0.631182933,0.0,k2447
k2720,0.30952381,0.0,0.0836,0.0,0.0,0.0,0.0,0.0,0.637088239,0.0,k1079
k3071,0.238095238,0.0,0.685876651,0.0,0.0,0.0,0.0,0.0,0.734453981,0.0,k1936
k2622,0.166666667,0.0,0.0836,0.0,0.0,0.0,0.0,0.0,0.761911319,0.0,k868
k692,0.0714,0.0,0.0836,0.0,0.0,0.0,0.0,0.0,0.788702596,0.0,k2031
k2167,0.142857143,0.0,0.0836,0.0,0.0,0.0,0.0,0.0,0.724919822,0.0,k1828
k1856,0.0238,0.0,0.0836,0.0,0.0,0.0,0.0,0.0,0.693002917,0.0,k3161
k794,0.0476,0.0,0.0836,0.0,0.0,0.0,0.0,0.0,0.621721608,0.0,k1188
k2879,0.0476,0.0,0.0836,0.0,0.0,0.0,0.0,0.0,0.62560291,0.0,k3240
k2758,0.0714,0.0,0.0836,0.0,0.0,0.0,0.0,0.0,0.759998578,0.0,k19
k1040,0.119047619,0.0,0.0836,0.0,0.0,0.0,0.0,0.0,0.726852537,0.0,k1344
k3130,0.166666667,0.0,0.0836,0.0,0.0,0.0,0.0,0.0,0.724598488,0.0,k675
k537,0.0714,0.0,0.0836,0.0,0.0,0.0,0.0,0.0,0.541197855,0.0,k3172
k1607,0.0714,0.0,0.617850577,0.0,0.0,0.0,0.0,0.0,0.622822164,0.0,k1076
k1743,0.0476,0.0,0.0836,0.0,0.0,0.0,0.0,0.0,0.709781717,0.0,k79
k3234,0.357142857,0.0,0.0836,0.0,0.0,0.0,0.0,0.0,0.740351768,0.0,k726
k2847,0.119047619,0.0,0.0836,0.0,0.0,0.0,0.0,0.0,0.730212155,0.0,k1581
k979,0.0238,0.0,0.0836,0.0,0.0,0.0,0.0,0.0,0.792902119,0.0,k1078
k3174,0.0952,0.0,0.0836,0.0,0.0,0.0,0.0,0.0769,0.652936985,0.0,k1850
k2942,0.0476,0.0,0.0836,0.0,0.0,0.0,0.0,0.0,0.674849312,0.0,k36
k3250,0.214285714,0.0,0.669095771,0.0,0.0,0.0,0.0,0.0,0.759033816,0.0,k116
k2782,0.0952,0.0,0.0836,0.0,0.0,0.0,0.0,0.0,0.417750869,0.0,k1923
k844,0.214285714,0.0,0.675146248,0.0,0.0,0.111111111,0.0,0.0,0.707211271,0.0,k587
k2294,0.0714,0.0,0.0836,0.0,0.0,0.0,0.0,0.0,0.646741711,0.0,k978
k232,0.0476,0.0,0.0836,0.0,0.0,0.0,0.0,0.0,0.64584158,0.0,k3412
k3044,0.166666667,0.0,0.673040281,0.0,0.0,0.0,0.0,0.0,0.642064022,0.0,k2605
k3134,0.0476,0.0,0.619989972,0.0,0.0,0.0,0.0,0.0,0.617736865,0.0,k3326
k2927,0.119047619,0.0,0.0836,0.0,0.0,0.0,0.0,0.0,0.583853828,0.0,k521
k2126,0.0238,0.0,0.0836,0.0,0.0,0.0,0.0,0.0,0.641358545,0.0,k2992
k3159,0.142857143,0.0,0.815945178,0.0,0.0,0.0,0.0,0.0,0.71170266,0.0,k761
k3247,0.0952,0.0,0.0836,0.0,0.0,0.0,0.0,0.0,0.717692952,0.0,k1086
k294,0.0476,0.0,0.649707505,0.0,0.0,0.0,0.0,0.0,0.626032242,0.0,k154
k819,0.0,0.0,0.0836,0.0,0.0,0.0,0.0,0.0,0.572030456,0.0,k205
k3241,0.0,0.0,0.222864784,0.0,0.0,0.0,0.0,0.0,0.615515245,0.0,k3183
k1867,0.0714,0.0,0.0836,0.0,0.0,0.0,0.0,0.307692308,0.541803765,0.0,k2015
k2957,0.238095238,0.0,0.0836,0.0,0.0,0.0,0.0,0.0,0.697072797,0.0,k1538
k1937,0.0,0.0,0.0836,0.0,0.0,0.0,0.0,0.0,0.573599913,0.0,k676
k3093,0.0952,0.0,0.0836,0.0,0.0,0.0,0.0,0.0769,0.734440766,0.0,k3353
k1865,0.142857143,0.0,0.0836,0.0,0.0,0.0,0.0,0.0769,0.671447012,0.0,k614
k752,0.0,0.0,0.0836,0.0,0.0,0.0,0.0,0.0,0.525346602,0.0,k1461
k3394,0.238095238,0.0,0.279057329,0.0,0.0,0.444444444,0.125,0.0,0.566273096,0.0,k827
k2675,0.119047619,0.0,0.0836,0.0,0.0,0.0,0.0,0.0,0.679764793,0.0,k509
k678,0.0952,0.0,0.0836,0.0,0.0,0.111111111,0.0,0.0,0.671512023,0.0,k1405
k1959,0.0952,0.0,0.453852582,0.0,0.0,0.0,0.0,0.0,0.663761342,0.0,k2758
k2393,0.119047619,0.0,0.0836,0.0,0.0,0.0,0.0,0.0,0.752928084,0.0,k168
k2504,0.0476,0.0,0.0836,0.0,0.0,0.0,0.0,0.0,0.648897484,0.0,k2779
k1707,0.30952381,0.0,0.0836,0.0,0.0,0.0,0.0,0.0,0.753433971,0.0,k3203
k410,0.238095238,0.0,0.0836,0.0,0.0,0.0,0.0,0.0769,0.566896626,0.0,k155
k870,0.0714,0.0,0.0836,0.0,0.0,0.0,0.0,0.0,0.575680726,0.0,k3211
k27,0.0476,0.0,0.0836,0.0,0.0,0.0,0.0,0.0,0.572902714,0.0,k364
k1491,0.285714286,0.0,0.0836,0.0,0.0303,0.0,0.0,0.0,0.622254076,0.0,k2516
k829,0.0952,0.0,0.0836,0.0,0.0,0.0,0.0,0.0,0.792107479,0.0,k2469
k343,0.0714,0.0,0.0836,0.0,0.0,0.0,0.0,0.0,0.677398494,0.0,k2137
k1065,0.0,0.0,0.0836,0.0,0.0,0.0,0.0,0.0,0.529025276,0.0,k348
k3086,0.0,0.0,0.57569781,0.0,0.0,0.0,0.0,0.0,0.799582698,0.0,k991
k3191,0.0,0.0,0.0836,0.0,0.0,0.0,0.0,0.0769,0.638932398,0.0,k2103
k1552,0.0476,0.0,0.0836,0.0,0.0,0.0,0.0,0.0,0.667873373,0.0,k2288
k24,0.0238,0.0,0.0836,0.0,0.0,0.0,0.0,0.0,0.62495014,0.0,k1975
k1519,0.0714,0.0,0.725522313,0.0,0.0,0.0,0.0,0.0,0.669508373,0.0,k2292
k3340,0.0714,0.0,0.0836,0.0,0.0,0.0,0.0,0.153846154,0.573444449,0.0,k1147
k2554,0.0952,0.0,0.0836,0.0,0.0,0.0,0.0,0.0,0.786481736,0.0,k2187
k247,0.0476,0.0,0.0836,0.0,0.0,0.0,0.0,0.0,0.572781654,0.0,k3094
k368,0.166666667,0.0,0.0836,0.0,0.0,0.0,0.0,0.0,0.711173533,0.0,k2647
k3316,0.0476,0.0,0.0836,0.0,0.0,0.111111111,0.0,0.0,0.595139186,0.0,k1622
k2299,0.0476,0.0,0.0836,0.0,0.0,0.0,0.0,0.0,0.584082886,0.0,k2235
k3194,0.30952381,0.0,0.0836,0.0,0.0,0.0,0.0,0.153846154,0.596972409,0.0,k1523
k2137,0.0952,0.0,0.0836,0.0,0.0,0.0,0.0,0.0,0.67667889,0.0,k1268
k1907,0.261904762,0.0,0.0836,0.0,0.0,0.0,0.0,0.0,0.43286019,0.0,k2898
k565,0.142857143,0.0,0.0836,0.0,0.0,0.0,0.0,0.0,0.716257618,0.0,k1208
k1094,0.0476,0.0,0.0836,0.0,0.0,0.0,0.0,0.0,0.669135622,0.0,k2284
k726,0.0952,0.0,0.0836,0.0,0.0,0.0,0.0,0.0,0.752871655,0.0,k2979
k2000,0.119047619,0.0,0.0836,0.0,0.0,0.0,0.0,0.0,0.69736641,0.0,k2412
k2263,0.166666667,0.0,0.0836,0.0,0.0,0.0,0.0,0.0,0.744841107,0.0,k1989
k738,0.0714,0.0,0.0836,0.0,0.0,0.0,0.0,0.0,0.621327819,0.0,k3059
k388,0.238095238,0.0,0.65936821,0.117647059,0.0,0.0,0.0,0.0,0.664625777,0.0,k2500
k266,0.0952,0.0,0.68229985,0.0,0.0,0.0,0.0,0.0,0.747938326,0.0,k2342
k3026,0.142857143,0.0,0.0836,0.0,0.0,0.0,0.0,0.153846154,0.573421664,0.0,k1630
k2683,0.119047619,0.0,0.0836,0.0,0.0,0.0,0.0,0.0,0.752147343,0.0,k1281
k1105,0.142857143,0.0,0.75396958,0.0,0.0,0.0,0.0,0.0,0.739078203,0.0,k505
k1513,0.0714,0.0,0.0836,0.0,0.0,0.111111111,0.0,0.0,0.682646245,0.0,k2216
k1703,0.142857143,0.0,0.0836,0.0,0.0,0.0,0.0,0.0,0.622471818,0.0,k809
k484,0.0476,0.0,0.0836,0.0,0.0,0.0,0.0,0.0,0.647905456,0.0,k3146
k3409,0.0952,0.0,0.0836,0.0,0.0,0.0,0.0,0.0,0.741222659,0.0,k3370
k1586,0.523809524,0.0,0.0836,0.0,0.333333333,0.888888889,1.0,0.846153846,0.520494537,0.0,k849
k612,0.0714,0.0,0.0836,0.0,0.0,0.0,0.0,0.0,0.710235884,0.0,k598
k2243,0.0476,0.0,0.0836,0.0,0.0,0.0,0.0,0.0,0.657180937,0.0,k1347
k1699,0.0952,0.0,0.0836,0.0,0.0,0.0,0.0,0.0,0.734767037,0.0,k990
k742,0.0476,0.0,0.0836,0.0,0.0,0.0,0.0,0.0,0.634082992,0.0,k2844
k295,0.19047619,0.0,0.78134715,0.0,0.0,0.0,0.0,0.0,0.748422568,0.0,k3144
k991,0.166666667,0.0,0.0836,0.0,0.0,0.0,0.0,0.0,0.731345901,0.0,k2781
k2370,0.142857143,0.0,0.0836,0.0,0.121212121,0.0,0.0625,0.307692308,0.559389509,0.0,k2049
k3267,0.166666667,0.0,0.850041785,0.0,0.0,0.0,0.0,0.0,0.743947583,0.0,k295
k249,0.0714,0.0,0.0836,0.0,0.0,0.0,0.0,0.0,0.582094122,0.0,k1711
k2979,0.0476,0.0,0.0836,0.0,0.0,0.0,0.0,0.0,0.581766256,0.0,k937
k1972,0.238095238,0.0,0.0836,0.0,0.0,0.0,0.0,0.153846154,0.643101542,0.0,k88
k2352,0.19047619,0.0,0.0836,0.0,0.0,0.0,0.0,0.0,0.550195064,0.0,k2244
k1425,0.0476,0.0,0.0836,0.0,0.121212121,0.0,0.25,0.615384615,0.548643226,0.0,k1503
k3152,0.142857143,0.0,0.590807287,0.0,0.0,0.222222222,0.0,0.0,0.669158558,0.0,k2997
k1636,0.0476,0.0,0.0836,0.0,0.0,0.0,0.0,0.0,0.730519363,0.0,k1420
k44,0.357142857,0.0,0.0836,0.0,0.0,0.0,0.0,0.0,0.632919626,0.0,k1041
k2109,0.0952,0.0,0.0836,0.0,0.0,0.0,0.0,0.0,0.366689167,0.0,k631
k1797,0.0714,0.0,0.0836,0.0,0.0,0.0,0.0,0.0,0.741567158,0.0,k3242
k2647,0.19047619,0.0,0.0836,0.0,0.0,0.0,0.0,0.0,0.55495265,0.0,k613
k2497,0.0,0.0,0.510713689,0.0,0.0,0.0,0.0,0.0,0.68917736,0.0,k2765
k2919,0.0238,0.0,0.698612736,0.0,0.0,0.111111111,0.0,0.0,0.623025476,0.0,k1570
k799,0.0952,0.0,0.542771185,0.0,0.0,0.0,0.0,0.0,0.65403701,0.0,k2142
k928,0.142857143,0.0,0.809794418,0.0,0.0,0.0,0.0,0.0,0.711858581,0.0,k2225
k855,0.0952,0.0,0.0836,0.0,0.0,0.0,0.0,0.0,0.730132866,0.0,k3098
k2732,0.0476,0.0,0.0836,0.0,0.0,0.0,0.0,0.0,0.616887998,0.0,k1329
k1214,0.0476,0.0,0.0836,0.0,0.0,0.0,0.0,0.0,0.742565717,0.0,k5
k2024,0.0476,0.0,0.0836,0.0,0.0,0.0,0.125,0.0,0.548152757,0.0,k486
k1543,0.166666667,0.0,0.341233495,0.0,0.0,0.0,0.0,0.0,0.730224231,0.0,k952
k698,0.142857143,0.0,0.0836,0.0,0.0,0.0,0.0,0.0,0.700717143,0.0,k732
k1790,0.119047619,0.0,0.0836,0.0,0.0606,0.0,0.1875,0.0,0.566995965,0.0,k2639
k527,0.119047619,0.0,0.835467157,0.0,0.0,0.0,0.0,0.0,0.769904424,0.0,k2473
k190,0.285714286,0.0,0.0836,0.0,0.212121212,0.0,0.125,0.538461538,0.554291678,0.0,k3141
k50,0.119047619,0.0,0.466053819,0.0,0.0,0.0,0.0,0.0,0.562562068,0.0,k545
k808,0.0714,0.0,0.0836,0.0,0.0,0.0,0.0,0.0,0.795363429,0.0,k489
k2578,0.0952,0.0,0.0836,0.0,0.0,0.0,0.0,0.230769231,0.555865844,0.0,k411
k2973,0.119047619,0.0,0.664716697,0.0,0.0,0.0,0.0,0.0,0.71695102,0.0,k2152
k2889,0.0952,0.0,0.0836,0.0,0.0,0.0,0.0,0.0,0.713044654,0.0,k1038
k1750,0.0,0.0,0.0836,0.0,0.0,0.0,0.0,0.0,0.531953132,0.0,k2751
k2708,0.0,0.0,0.0836,0.0,0.0,0.0,0.0,0.0,0.648039124,0.0,k1482
k3349,0.238095238,0.0,0.0836,0.0,0.0,0.0,0.0,0.0,0.743231094,0.0,k887
k2566,0.119047619,0.0,0.0836,0.0,0.0,0.0,0.0,0.0,0.583619453,0.0,k3110
k2224,0.19047619,0.0,0.0836,0.0,0.0,0.0,0.0,0.0,0.779544682,0.0,k1300
k2838,0.119047619,0.0,0.0836,0.0,0.0606,0.0,0.1875,0.0769,0.542161706,0.0,k3174
k1115,0.0714,0.0,0.0836,0.0,0.0,0.0,0.0,0.0,0.76029766,0.0,k1744
k2972,0.238095238,0.0,0.0836,0.0,0.0,0.0,0.0,0.0,0.709840045,0.0,k617
k1045,0.0714,0.0,0.0836,0.0,0.0,0.222222222,0.0,0.0,0.572776717,0.0,k82
k1539,0.119047619,0.0,0.0836,0.0,0.0,0.0,0.0,0.0,0.697960625,0.0,k3246
k2829,0.142857143,0.0,0.0836,0.0,0.0,0.0,0.0,0.0,0.610549563,0.0,k1587
k1299,0.380952381,0.0,0.0836,0.0,0.0,0.0,0.0,0.0,0.593986985,0.0,k626
k712,0.285714286,0.0,0.0836,0.0,0.0,0.0,0.0,0.0,0.753968642,0.0,k1185
k2123,0.0952,0.0,0.0836,0.0,0.0,0.0,0.0,0.0,0.759147737,0.0,k837
k2697,0.0,0.0,0.0836,0.0,0.0,0.111111111,0.0,0.0,0.583811829,0.0,k1167
k1837,0.0952,0.0,0.0836,0.0,0.121212121,0.0,0.25,0.0,0.573817503,0.0,k3177
k2787,0.142857143,0.0,0.0836,0.0,0.0,0.0,0.0,0.0,0.720010189,0.0,k3295
k2413,0.0,0.0,0.0836,0.0,0.0,0.0,0.0,0.0,0.703549457,0.0,k103
k1808,0.261904762,0.0,0.0836,0.0,0.0,0.0,0.0,0.0,0.70687581,0.0,k893
k796,0.119047619,0.0,0.324151763,0.0,0.0,0.0,0.0,0.230769231,0.624288029,0.0,k983
k1966,0.0714,0.0,0.594818653,0.0,0.0,0.222222222,0.0,0.0,0.668432499,0.0,k2350
k2534,0.142857143,0.0,0.0836,0.0,0.0,0.0,0.0,0.0,0.729499918,0.0,k1595
k899,0.19047619,0.0,0.0836,0.0,0.0,0.0,0.0,0.0,0.744543316,0.0,k1403
k1483,0.119047619,0.0,0.0836,0.0,0.0,0.0,0.0,0.0,0.726631301,0.0,k3386
k1564,0.0714,0.0,0.0836,0.0,0.0,0.0,0.0,0.0,0.680941374,0.0,k2861
k356,0.142857143,0.0,0.0836,0.0,0.0,0.0,0.0,0.0,0.671387165,0.0,k336
k2716,0.0,0.0,0.0836,0.0,0.0,0.0,0.0,0.0,0.782705469,0.0,k457
k3035,0.0,0.0,0.0836,0.0,0.0,0.0,0.0,0.0,0.623778117,0.0,k118
k938,0.119047619,0.0,0.0836,0.117647059,0.0,0.0,0.0,0.0,0.676727724,0.0,k1906
k158,0.0476,0.0,0.0836,0.0,0.0,0.0,0.0,0.0,0.711437755,0.0,k1408
k1871,0.0238,0.0,0.0836,0.0,0.0,0.0,0.0,0.0769,0.584628569,0.0,k23
k2865,0.0238,0.0,0.0836,0.0,0.0,0.0,0.0,0.0,0.706054665,0.0,k924
k1718,0.0714,0.0,0.0836,0.0,0.0,0.0,0.0,0.153846154,0.581830963,0.0,k1006
k960,0.0238,0.0,0.0836,0.0,0.0,0.0,0.0,0.0,0.579698886,0.0,k3136
k309,0.0952,0.0,0.0836,0.0,0.0,0.0,0.0,0.0,0.618435355,0.0,k1072
k1942,0.0476,0.0,0.45251546,0.0,0.0,0.0,0.0,0.0,0.655468623,0.0,k1027
k301,0.0714,0.0,0.0836,0.0,0.0,0.0,0.0,0.0,0.753856164,0.0,k1868
k854,0.0714,0.0,0.0836,0.0,0.0,0.0,0.0,0.0,0.685612075,0.0,k1974
k926,0.0952,0.0,0.0836,0.0,0.0,0.0,0.0,0.0,0.579519422,0.0,k2875
k3072,0.0238,0.0,0.0836,0.0,0.0,0.0,0.0,0.0,0.710977209,0.0,k1478
k970,0.214285714,0.0,0.0836,0.0,0.0,0.0,0.0,0.0,0.639255024,0.0,k1783
k989,0.214285714,0.0,0.649573792,0.0,0.0,0.0,0.0,0.0,0.575336455,0.0,k2542
k1582,0.0,0.917260135,0.0836,0.0,0.0,0.0,0.0,0.0,0.623932746,0.0,k1012
k2966,0.214285714,0.0,0.0836,0.0,0.0,0.0,0.0,0.0,0.711683673,0.0,k1758
k2991,0.142857143,0.0,0.0836,0.0,0.0,0.0,0.0,0.0,0.719472024,0.0,k2587
k2863,0.0238,0.0,0.0836,0.0,0.0,0.0,0.0,0.0,0.554812071,0.0,k2206
k1165,0.404761905,0.0,0.0836,0.0,0.0,0.333333333,0.0,0.0,0.359711101,0.0,k2582
k1135,0.0476,0.0,0.146013705,0.0,0.0,0.0,0.0,0.153846154,0.569786584,0.0,k504
k921,0.119047619,0.0,0.0836,0.0,0.0,0.0,0.0,0.0,0.680440347,0.0,k1978
k3427,0.285714286,0.0,0.0836,0.0,0.0,0.111111111,0.0,0.0,0.629438872,0.0,k1945
k3061,0.0476,0.0,0.468995487,0.0,0.0,0.0,0.0,0.0769,0.64747901,0.0,k333
k645,0.119047619,0.0,0.0836,0.0,0.0,0.0,0.0,0.0,0.692644368,0.0,k1416
k552,0.119047619,0.0,0.0836,0.0,0.121212121,0.0,0.25,0.0,0.570350495,0.0,k44
k1894,0.0238,0.0,0.0836,0.0,0.0,0.111111111,0.0,0.0,0.33494041,0.0,k918
k1093,0.0714,0.0,0.631221795,0.0,0.0,0.0,0.0,0.0,0.625860069,0.0,k2838
k950,0.142857143,0.0,0.0836,0.0,0.0,0.0,0.0,0.0,0.345846714,0.0,k3432
k681,0.0238,0.0,0.0836,0.0,0.0,0.0,0.0,0.0,0.656055773,0.0,k1759
k2035,0.19047619,0.0,0.0836,0.0,0.0,0.0,0.0,0.0,0.766833787,0.0,k2690
k1614,0.0,0.0,0.258432225,0.0,0.0,0.0,0.0,0.0,0.687067763,0.0,k2279
k220,0.0952,0.0,0.0836,0.235294118,0.0,0.0,0.0,0.0,0.61883089,0.0,k2413
k2447,0.119047619,0.0,0.0836,0.0,0.0303,0.0,0.125,0.153846154,0.653645728,0.0,k2117
k39,0.0,0.0,0.0836,0.0,0.0,0.0,0.0,0.0,0.442963044,0.0,k2143
k470,0.380952381,0.0,0.706869463,0.0,0.0,0.0,0.0,0.0,0.741435313,0.0,k801
k1622,0.0952,0.0,0.271435735,0.0,0.0,0.222222222,0.0625,0.0769,0.559916737,0.0,k354
k1779,0.119047619,0.0,0.0836,0.0,0.0,0.0,0.0,0.0,0.62079687,0.0,k1406
k1364,0.0476,0.0,0.0836,0.0,0.0,0.111111111,0.0,0.0769,0.585246935,0.0,k966
k2744,0.0952,0.0,0.570951028,0.0,0.0,0.111111111,0.0,0.0,0.676221002,0.0,k916
k1734,0.0714,0.0,0.0836,0.0,0.0,0.0,0.0,0.0,0.600786346,0.0,k2795
k2645,0.142857143,0.0,0.0836,0.0,0.0,0.0,0.0,0.0,0.676006526,0.0,k1378
k1653,0.0,0.0,0.0836,0.0,0.0,0.0,0.0,0.0,0.593544666,0.0,k9
k149,0.0476,0.0,0.0836,0.0,0.0,0.0,0.0,0.0769,0.568786506,0.0,k2211
k3011,0.119047619,0.0,0.0836,0.0,0.0,0.0,0.0,0.0,0.578346107,0.0,k2964
k440,0.238095238,0.0,0.59983286,0.0,0.0303,0.0,0.125,0.0,0.67986307,0.0,k896
k529,0.0238,0.0,0.0836,0.0,0.0,0.0,0.0,0.0,0.600867231,0.0,k1646
k3228,0.19047619,0.0,0.0836,0.0,0.0,0.0,0.0,0.0,0.75353126,0.0,k2001
k2177,0.0476,0.0,0.0836,0.0,0.0,0.0,0.0,0.0,0.743757714,0.0,k112
k1954,0.0238,0.0,0.334280461,0.0,0.0,0.0,0.0,0.0,0.744731666,0.0,k1525
k1955,0.0,0.0,0.0836,0.0,0.0,0.0,0.0,0.0,0.554236768,0.0,k3124
k420,0.166666667,0.0,0.0836,0.0,0.0,0.0,0.0,0.0,0.602354588,0.0,k2430
k1996,0.0476,0.0,0.0836,0.0,0.0,0.0,0.0,0.0,0.657663812,0.0,k2204
k3287,0.142857143,0.0,0.0836,0.0,0.0,0.0,0.0,0.0,0.663682964,0.0,k1459
k2419,0.119047619,0.0,0.0836,0.0,0.0,0.0,0.0,0.0,0.734573674,0.0,k2092
k2936,0.238095238,0.0,0.524853752,0.0,0.0,0.0,0.0,0.0,0.568358086,0.0,k3142
k2067,0.0238,0.0,0.0836,0.0,0.0,0.0,0.0,0.307692308,0.54043124,0.0,k1443
k2924,0.0476,0.0,0.0836,0.0,0.0,0.0,0.0,0.0,0.689609881,0.0,k3083
k2546,0.0952,0.0,0.0836,0.0,0.0,0.0,0.0,0.0,0.748018299,0.0,k1862
k1331,0.333333333,0.0,0.0836,0.0,0.0,0.0,0.0,0.0,0.432409517,0.0,k157
k2547,0.142857143,0.0,0.0836,0.0,0.0,0.0,0.0,0.0,0.71320217,0.0,k815
k424,0.119047619,0.0,0.0836,0.0,0.0,0.0,0.0,0.0,0.682161472,0.0,k309
k2959,0.0238,0.0,0.0836,0.0,0.0,0.0,0.0,0.0,0.746489702,0.0,k2101
k152,0.0714,0.0,0.0836,0.0,0.0,0.0,0.0,0.0,0.686007079,0.0,k3171
k1270,0.0952,0.0,0.599732576,0.0,0.0,0.0,0.0,0.0769,0.609842795,0.0,k517
k1067,0.238095238,0.0,0.20257396,0.0,0.0,0.0,0.0,0.0,0.714805803,0.0,k563
k502,0.0714,0.0,0.683971252,0.0,0.0,0.0,0.0,0.0,0.58392932,0.0,k2835
k1439,0.0238,0.0,0.0836,0.0,0.0,0.0,0.0,0.0,0.658059955,0.0,k2842
k1229,0.119047619,0.0,0.599565435,0.0,0.0,0.222222222,0.0,0.0769,0.648754626,0.0,k1098
k3180,0.0952,0.0,0.366371386,0.0,0.0,0.0,0.0,0.0,0.657708393,0.0,k1922
k110,0.119047619,0.0,0.813772355,0.0,0.0,0.0,0.125,0.0,0.583904561,0.0,k1002
k1947,0.0476,0.0,0.0836,0.0,0.0,0.0,0.0,0.0,0.654937673,0.0,k794
k2738,0.19047619,0.0,0.895871636,0.0,0.0,0.0,0.0,0.0,0.776071294,0.0,k1721
k9,0.0476,0.0,0.0836,0.0,0.0,0.0,0.0,0.0,0.657588776,0.0,k1762
k1651,0.0952,0.0,0.491225138,0.0,0.0,0.333333333,0.0,0.0,0.66252932,0.0,k1509
k438,0.0952,0.0,0.0836,0.0,0.0,0.0,0.0,0.0769,0.613785463,0.0,k1172
k1012,0.166666667,0.0,0.0836,0.0,0.121212121,0.0,0.0625,0.461538462,0.535919952,0.0,k2226
k591,0.0476,0.0,0.0836,0.0,0.0,0.0,0.0,0.0,0.579657495,0.0,k3121
k1152,0.166666667,0.0,0.0836,0.0,0.0,0.0,0.0,0.0,0.346195465,0.0,k1662
k3404,0.119047619,0.0,0.396590339,0.0,0.0,0.0,0.0,0.0,0.745839438,0.0,k2824
k1922,0.0952,0.0,0.0836,0.0,0.0,0.0,0.0,0.0,0.627437652,0.0,k963
k2492,0.0,0.0,0.0836,0.0,0.0,0.0,0.0,0.0,0.542706554,0.0,k434
k2253,0.0,0.0,0.297643323,0.0,0.0,0.0,0.0,0.0,0.696209577,0.0,k1916
k3133,0.166666667,0.0,0.621594518,0.0,0.0,0.0,0.0,0.0,0.576195271,0.0,k885
k782,0.0714,0.0,0.0836,0.0,0.0606,0.0,0.0625,0.0769,0.564367571,0.0,k3224
k1570,0.166666667,0.0,0.0836,0.0,0.0,0.0,0.0,0.0,0.645184557,0.0,k1099
k1254,0.142857143,0.0,0.0836,0.0,0.0606,0.0,0.1875,0.0769,0.564253725,0.0,k3339
k51,0.0714,0.0,0.0836,0.0,0.0,0.0,0.0,0.230769231,0.560454218,0.0,k1537
k331,0.0952,0.0,0.0836,0.0,0.0,0.0,0.0,0.0,0.756604404,0.0,k3088
k2753,0.0714,0.0,0.0836,0.0,0.0,0.0,0.0,0.0,0.572389233,0.0,k859
k909,0.0714,0.0,0.636603711,0.0,0.0,0.111111111,0.0,0.0,0.69515474,0.0,k3049
k2900,0.0714,0.0,0.0836,0.0,0.0,0.0,0.0,0.0,0.61989803,0.0,k1288
k3309,0.0714,0.447289861,0.0836,0.0,0.0,0.0,0.0,0.0,0.545314291,0.0,k2467
k194,0.0476,0.0,0.0836,0.0,0.0,0.0,0.0,0.0,0.64391122,0.0,k3239
k3183,0.0714,0.0,0.0836,0.0,0.0,0.0,0.0,0.0,0.583544721,0.0,k2343
k1693,0.0714,0.0,0.0836,0.0,0.0,0.0,0.0,0.0,0.650189201,0.0,k24
k2941,0.0952,0.0,0.0836,0.0,0.0,0.0,0.0,0.0,0.713618363,0.0,k967
k955,0.0,0.0,0.0836,0.0,0.0,0.0,0.0,0.0,0.654758285,0.0,k788
k2799,0.0714,0.0,0.0836,0.0,0.0,0.0,0.0,0.0,0.71408544,0.0,k2022
k2321,0.0714,0.0,0.0836,0.0,0.0,0.0,0.0,0.0,0.583433306,0.0,k47
k2567,0.119047619,0.0,0.0836,0.0,0.0,0.0,0.0,0.0,0.708481191,0.0,k2892
k2755,0.0952,0.0,0.646398128,0.0,0.0,0.333333333,0.125,0.0,0.569586994,0.0,k2472
k1465,0.166666667,0.0,0.0836,0.0,0.0,0.0,0.0,0.0,0.753433971,0.0,k1981
k449,0.0,0.0,0.0836,0.0,0.0,0.0,0.0,0.0,0.636611819,0.0,k900
k1585,0.119047619,0.0,0.0836,0.0,0.0,0.0,0.0,0.0,0.683899761,0.0,k2753
k2423,0.0476,0.0,0.0836,0.0,0.0,0.0,0.0,0.0,0.731487999,0.0,k2645
k2020,0.30952381,0.489614825,0.0836,0.0,0.0,0.0,0.0,0.0,0.707629818,0.0,k3066
k1851,0.0238,0.0,0.0836,0.0,0.0,0.0,0.0,0.0,0.569403732,0.0,k1152
k161,0.0476,0.0,0.0836,0.0,0.0,0.0,0.0,0.0,0.636056263,0.0,k3178
k80,0.166666667,0.0,0.0836,0.0,0.0,0.0,0.0,0.0,0.573726822,0.0,k1187
k1842,0.0714,0.0,0.0836,0.0,0.0,0.0,0.0,0.0,0.669951375,0.0,k2832
k2160,0.0476,0.0,0.0836,0.0,0.0,0.0,0.0,0.0,0.749654211,0.0,k2801
k2781,0.0476,0.0,0.0836,0.0,0.0,0.0,0.0,0.0,0.743849079,0.0,k27
k2057,0.0,0.0,0.0836,0.0,0.0,0.0,0.0,0.0,0.537677759,0.0,k2079
k2080,0.142857143,0.0,0.0836,0.0,0.0,0.222222222,0.0,0.0,0.593911037,0.0,k1493
k1660,0.0,0.0,0.0836,0.0,0.0,0.0,0.0,0.0,0.329126925,0.0,k2752
k262,0.142857143,0.0,0.0836,0.0,0.0,0.0,0.0,0.153846154,0.395926945,0.0,k678
k437,0.142857143,0.0,0.0836,0.0,0.0,0.0,0.0,0.0,0.788437159,0.0,k2692
k2451,0.166666667,0.0,0.284138392,0.0,0.0,0.0,0.0,0.0769,0.712565957,0.0,k308
k3402,0.19047619,0.0,0.566939662,0.0,0.0,0.0,0.0,0.0,0.576730854,0.0,k1042
k2905,0.142857143,0.0,0.0836,0.0,0.0,0.0,0.0,0.0,0.679597101,0.0,k2073
k2721,0.142857143,0.0,0.0836,0.0,0.0,0.0,0.0,0.0,0.748928531,0.0,k304
k2850,0.0476,0.0,0.0836,0.0,0.0,0.0,0.0,0.0,0.78169286,0.0,k1412
k1639,0.0238,0.0,0.0836,0.0,0.0,0.0,0.0,0.0,0.703857121,0.0,k2074
k2651,0.0714,0.0,0.0836,0.0,0.0,0.0,0.0,0.0,0.747544538,0.439684709,k1485
k1130,0.0714,0.0,0.0836,0.0,0.0,0.0,0.0,0.0,0.57238141,0.0,k3130
k1764,0.142857143,0.0,0.0836,0.0,0.0,0.0,0.0,0.0,0.708745792,0.0,k1558
k2183,0.0952,0.0,0.0836,0.0,0.0,0.0,0.0,0.0,0.580046878,0.0,k221
k71,0.0952,0.0,0.0836,0.0,0.0,0.0,0.0,0.0,0.723325682,0.0,k1096
k1201,0.0476,0.0,0.0836,0.0,0.0,0.0,0.0,0.0,0.55022719,0.0,k1309
k1170,0.0952,0.0,0.0836,0.0,0.0,0.0,0.0,0.0,0.728588167,0.0,k1584
k2923,0.0952,0.0,0.0836,0.0,0.0,0.0,0.0,0.0,0.76952013,0.0,k1563
k1713,0.238095238,0.0,0.778238342,0.0,0.0,0.0,0.0,0.0,0.748378671,0.0,k183
k2555,0.166666667,0.0,0.0836,0.0,0.0,0.0,0.0,0.0,0.787823579,0.0,k2021
k1394,0.0238,0.0,0.0836,0.0,0.0,0.0,0.0,0.0,0.577842347,0.0,k3426
k954,0.238095238,0.0,0.703660371,0.0,0.0,0.0,0.0,0.0,0.579313756,0.0,k1414
k2448,0.19047619,0.0,0.0836,0.0,0.0,0.0,0.0,0.0,0.691049468,0.0,k2111
k257,0.0,0.0,0.0836,0.0,0.0,0.0,0.0,0.0,0.731018871,0.0,k1481
k1440,0.119047619,0.0,0.608925288,0.0,0.0,0.0,0.0,0.0769,0.634255849,0.0,k3129
k1500,0.0238,0.0,0.0836,0.0,0.0,0.0,0.0,0.0,0.578763667,0.0,k1560
k3401,0.119047619,0.0,0.533745613,0.0,0.0,0.0,0.3125,0.0769,0.554434991,0.0,k2918
k214,0.166666667,0.0,0.0836,0.0,0.0,0.0,0.0,0.0,0.683015882,0.0,k564
k1517,0.142857143,0.0,0.0836,0.0,0.0,0.0,0.0,0.0,0.745157201,0.0,k3319
k362,0.0952,0.0,0.0836,0.0,0.0,0.0,0.0,0.0769,0.686642305,0.0,k1872
k2849,0.0476,0.0,0.0836,0.0,0.0,0.0,0.0,0.0,0.615133533,0.0,k1272
k563,0.0476,0.0,0.0836,0.0,0.0,0.0,0.0,0.0,0.639572333,0.0,k199
k3162,0.0476,0.0,0.0836,0.0,0.0,0.0,0.0,0.153846154,0.574723634,0.0,k13
k2432,0.0476,0.0,0.0836,0.0,0.0,0.111111111,0.0,0.0,0.612197398,0.0,k1049
k2953,0.119047619,0.0,0.0836,0.0,0.0,0.0,0.0,0.0,0.68255002,0.0,k3152
k3243,0.0952,0.0,0.0836,0.0,0.0,0.0,0.0,0.0,0.632163948,0.0,k54
k426,0.0476,0.0,0.0836,0.0,0.0,0.0,0.0,0.0,0.661410839,0.0,k2565
k2618,0.0,0.0,0.0836,0.0,0.0,0.0,0.0,0.0,0.607369637,0.0,k2151
k2964,0.119047619,0.0,0.0836,0.0,0.0,0.0,0.0,0.0,0.720924674,0.0,k1179
k690,0.119047619,0.0,0.0836,0.0,0.0,0.0,0.0,0.0,0.655492774,0.0,k1544
k596,0.119047619,0.0,0.299849574,0.0,0.0,0.0,0.0,0.0,0.577435723,0.0,k1896
k2827,0.0476,0.0,0.381079726,0.0,0.0,0.0,0.0,0.0,0.630627376,0.0,k438
k392,0.0952,0.0,0.0836,0.0,0.0,0.0,0.0,0.0,0.711311834,0.0,k2719
k2116,0.285714286,0.0,0.0836,0.0,0.0,0.0,0.0,0.0,0.678614491,0.0,k3264
k2579,0.0476,0.0,0.0836,0.0,0.0,0.0,0.0,0.0,0.633173064,0.0,k104
k2995,0.0238,0.0,0.0836,0.0,0.0,0.0,0.0,0.0,0.650148721,0.0,k367
k16,0.19047619,0.0,0.688985459,0.0,0.0,0.111111111,0.0,0.0,0.708220994,0.0,k2377
k150,0.142857143,0.0,0.0836,0.0,0.0,0.0,0.0,0.0,0.762400042,0.0,k2562
k3426,0.333333333,0.0,0.576332943,0.0,0.0,0.0,0.125,0.0,0.625106365,0.0,k2774
k697,0.0238,0.0,0.0836,0.0,0.0,0.0,0.0,0.0,0.567207479,0.0,k1173
k1843,0.214285714,0.0,0.0836,0.0,0.0,0.0,0.0,0.0,0.687566511,0.0,k254
k1917,0.166666667,0.0,0.842119338,0.0,0.0,0.0,0.0,0.0,0.787524953,0.0,k117
k838,0.0714,0.0,0.678555908,0.0,0.0,0.0,0.0,0.0,0.583489431,0.0,k1507
k1677,0.119047619,0.0,0.0836,0.0,0.0,0.0,0.0,0.0,0.67908286,0.0,k3212
k353,0.0238,0.0,0.0836,0.0,0.0,0.0,0.0,0.0,0.663907237,0.0,k2956
k561,0.119047619,0.0,0.0836,0.0,0.0,0.0,0.0,0.0,0.636470557,0.0,k3162
k3179,0.119047619,0.0,0.0836,0.0,0.0,0.0,0.0,0.0,0.621173646,0.0,k3349
k1164,0.238095238,0.0,0.184589671,0.0,0.0,0.0,0.0,0.153846154,0.677433126,0.0,k3396
k2765,0.119047619,0.0,0.0836,0.0,0.0,0.0,0.0,0.0,0.670340379,0.0,k298
k732,0.0238,0.0,0.0836,0.0,0.0,0.0,0.0,0.0,0.575651562,0.0,k1949
k713,0.333333333,0.0,0.578873475,0.0,0.0,0.0,0.125,0.0,0.625468863,0.0,k1731
k1470,0.0952,0.0,0.60839044,0.0,0.0,0.222222222,0.0,0.384615385,0.51701439,0.0,k2858
k1535,0.0238,0.0,0.0836,0.0,0.0,0.0,0.0,0.0,0.620973979,0.0,k3368
k956,0.238095238,0.0,0.0836,0.0,0.0,0.0,0.0,0.0,0.732506988,0.0,k2210
k1269,0.119047619,0.0,0.0836,0.0,0.0,0.0,0.0,0.0,0.726518291,0.0,k454
k289,0.0238,0.0,0.0836,0.0,0.0,0.0,0.0,0.0,0.573051116,0.0,k3025
k982,0.0476,0.0,0.0836,0.0,0.0,0.0,0.0,0.0,0.725790713,0.0,k20
k2665,0.238095238,0.0,0.0836,0.0,0.0,0.0,0.0,0.0,0.657072788,0.0,k2207
k89,0.19047619,0.0,0.0836,0.0,0.0,0.111111111,0.0,0.0,0.645845909,0.0,k1609
k920,0.19047619,0.0,0.0836,0.0,0.0,0.0,0.0,0.0769,0.555096722,0.0,k2589
k3129,0.0238,0.0,0.213872639,0.0,0.0,0.444444444,0.0,0.0,0.535425305,0.0,k372
k1720,0.166666667,0.0,0.0836,0.0,0.0,0.0,0.0,0.0769,0.682662498,0.0,k338
k1587,0.0714,0.0,0.0836,0.0,0.0,0.0,0.0,0.0,0.680792972,0.0,k1734
k737,0.0476,0.0,0.0836,0.0,0.0,0.0,0.0,0.0,0.550357364,0.0,k2405
k2268,0.119047619,0.0,0.0836,0.0,0.0606,0.0,0.0625,0.307692308,0.572188503,0.0,k284
k475,0.119047619,0.0,0.0836,0.0,0.0,0.0,0.0,0.0,0.690988634,0.0,k441
k1787,0.0714,0.0,0.574694969,0.0,0.0,0.0,0.0,0.0,0.57507474,0.0,k373
k554,0.0476,0.0,0.0836,0.0,0.0,0.0,0.0,0.0769,0.650204314,0.0,k2636
k273,0.0714,0.0,0.0836,0.0,0.0,0.0,0.0,0.0,0.681515082,0.0,k3374
k1874,0.0952,0.0,0.0836,0.0,0.0,0.0,0.0,0.0,0.749115134,0.0,k479
k2225,0.0952,0.0,0.569079057,0.0,0.0303,0.222222222,0.0,0.153846154,0.635644475,0.0,k291
k687,0.166666667,0.0,0.862410162,0.0,0.0,0.0,0.0,0.0,0.788435337,0.0,k3343
k2468,0.0,0.0,0.0836,0.0,0.0,0.0,0.0,0.0,0.71824942,0.0,k140
k900,0.238095238,0.0,0.427578138,0.0,0.0,0.0,0.25,0.0,0.557062246,0.0,k1848
k1714,0.0,0.0,0.0836,0.0,0.0,0.0,0.0,0.0,0.601633998,0.0,k380
k2017,0.380952381,0.0,0.0836,0.0,0.0,0.0,0.0,0.0,0.70534463,0.0,k3017
k538,0.0952,0.0,0.0836,0.0,0.0,0.0,0.0,0.0,0.584733984,0.0,k3340
k1673,0.19047619,0.0,0.0836,0.0,0.0,0.0,0.0,0.0,0.737291611,0.0,k3181
k641,0.0952,0.0,0.759485208,0.0,0.0,0.0,0.0,0.0,0.720822221,0.0,k2130
k2401,0.0476,0.0,0.0836,0.0,0.0,0.222222222,0.0,0.0,0.587214585,0.0,k1497
k1150,0.0952,0.0,0.0836,0.0,0.0,0.111111111,0.0,0.0,0.56398806,0.0,k836
k244,0.357142857,0.0,0.0836,0.0,0.0,0.0,0.0,0.0769,0.57111787,0.0,k37
k2751,0.0,0.0,0.0836,0.0,0.0,0.0,0.0,0.0,0.657180937,0.0,k2229
k2410,0.0952,0.0,0.0836,0.0,0.0,0.0,0.0,0.0,0.745477092,0.0,k7
k665,0.0,0.0,0.0836,0.0,0.0,0.0,0.0,0.0,0.676167839,0.0,k2180
k246,0.0714,0.0,0.0836,0.0,0.0,0.0,0.0,0.0,0.34367241,0.0,k1118
k2238,0.119047619,0.0,0.0836,0.0,0.0,0.0,0.0,0.0,0.671172537,0.0,k959
k1282,0.0952,0.0,0.0836,0.0,0.0,0.0,0.0,0.0,0.582707778,0.0,k1710
k2426,0.0,0.0,0.0836,0.0,0.0,0.0,0.0,0.0,0.54853371,0.0,k727
k662,0.0238,0.0,0.0836,0.0,0.0,0.0,0.0,0.0,0.695945886,0.0,k596
k2990,0.238095238,0.0,0.0836,0.0,0.0,0.0,0.0,0.0,0.577808094,0.0,k1356
k3206,0.214285714,0.0,0.0836,0.0,0.0,0.0,0.0,0.0,0.641411556,0.0,k965
k2573,0.0714,0.0,0.0836,0.0,0.0,0.0,0.0,0.0,0.564393089,0.0,k2822
k1527,0.0714,0.0,0.0836,0.0,0.0,0.0,0.0,0.0,0.689831421,0.0,k459
k3196,0.0952,0.0,0.0836,0.117647059,0.0,0.0,0.0,0.0,0.638450511,0.0,k2508
k1710,0.0238,0.0,0.0836,0.0,0.0,0.0,0.0,0.0,0.578763667,0.0,k3316
k1664,0.166666667,0.0,0.0836,0.0,0.0,0.0,0.0,0.0,0.707795991,0.0,k3335
k1312,0.404761905,0.0,0.0836,0.0,0.0909,0.0,0.0,0.0769,0.693268809,0.0,k2624
k283,0.0238,0.0,0.0836,0.0,0.0,0.0,0.0,0.0,0.573623078,0.0,k2658
k756,0.0714,0.0,0.334280461,0.0,0.0,0.0,0.0,0.0,0.744731666,0.0,k2185
k3273,0.0476,0.0,0.52438576,0.0,0.0,0.0,0.0,0.0,0.61255982,0.0,k892
k3303,0.166666667,0.0,0.0836,0.0,0.0,0.0,0.0,0.0,0.578722959,0.0,k648
k1424,0.214285714,0.0,0.643723884,0.0,0.0,0.0,0.0,0.0,0.57957061,0.0,k1284
k109,0.0476,0.0,0.626040448,0.0,0.0,0.111111111,0.0,0.0,0.620409309,0.0,k2653
k3058,0.0,0.0,0.0836,0.0,0.0,0.0,0.0,0.0,0.641006907,0.0,k3344
k187,0.119047619,0.0,0.0836,0.0,0.0,0.0,0.0,0.0,0.571136553,0.0,k3202
k3245,0.0952,0.0,0.0836,0.0,0.0,0.0,0.0,0.0,0.563368632,0.0,k2688
k319,0.0714,0.0,0.0836,0.0,0.0,0.0,0.0,0.0,0.668411538,0.0,k278
k2417,0.0238,0.0,0.0836,0.0,0.0,0.0,0.0,0.0,0.570104653,0.0,k1037
k2885,0.119047619,0.0,0.0836,0.0,0.0,0.0,0.0,0.0,0.729194457,0.0,k197
k2807,0.261904762,0.0,0.0836,0.0,0.0,0.0,0.0,0.0,0.711244392,0.0,k2682
k2025,0.285714286,0.0,0.0836,0.0,0.0,0.0,0.0,0.0,0.665524769,0.0,k2250
k1935,0.166666667,0.0,0.0836,0.0,0.0,0.0,0.0,0.0,0.787065621,0.0,k572
k3062,0.166666667,0.0,0.0836,0.0,0.0303,0.0,0.0,0.0,0.651847441,0.0,k3392
k1667,0.261904762,0.0,0.715393615,0.0,0.0,0.0,0.0,0.0,0.58041811,0.0,k2559
k237,0.0476,0.0,0.0836,0.0,0.0,0.111111111,0.0,0.0,0.601956243,0.0,k1199
k1383,0.214285714,0.0,0.0836,0.0,0.0606,0.444444444,0.5,0.0,0.310948333,0.0,k2366
k2219,0.0,0.0,0.623733913,0.0,0.0303,0.0,0.0625,0.0,0.620915044,0.0,k73
k572,0.214285714,0.0,0.647768678,0.0,0.0,0.0,0.0,0.0769,0.697151631,0.0,k251
k977,0.0714,0.0,0.0836,0.0,0.0,0.0,0.0,0.0,0.620867653,0.0,k1410
k2275,0.0,0.0,0.0836,0.0,0.0,0.0,0.0,0.0,0.590023583,0.0,k1084
k2117,0.0714,0.0,0.0836,0.0,0.0,0.0,0.0,0.0,0.74016076,0.0,k1480
k856,0.142857143,0.0,0.0836,0.0,0.0,0.0,0.0625,0.153846154,0.560368625,0.0,k1579
k2702,0.0238,0.0,0.0836,0.0,0.0,0.0,0.0,0.0,0.72803018,0.0,k601
k359,0.19047619,0.0,0.0836,0.0,0.0,0.0,0.0,0.0,0.675112471,0.0,k217
k1022,0.0714,0.0,0.0836,0.0,0.0,0.0,0.0,0.230769231,0.551108334,0.0,k2938
k1601,0.166666667,0.0,0.0836,0.0,0.0,0.0,0.0,0.0,0.581810913,0.0,k2900
k1474,0.166666667,0.0,0.836871135,0.0,0.0,0.0,0.0,0.0,0.72904241,0.0,k2233
k2844,0.0,0.0,0.0836,0.0,0.0,0.0,0.0,0.0,0.405034354,0.0,k980
k2213,0.119047619,0.0,0.0836,0.0,0.0,0.111111111,0.0,0.0,0.674597546,0.0,k673
k1872,0.0,0.0,0.0836,0.0,0.0,0.111111111,0.0,0.0,0.592660636,0.0,k2588
k1848,0.0,0.0,0.0836,0.0,0.0,0.0,0.0,0.0,0.560272704,0.0,k853
k656,0.0714,0.0,0.0836,0.0,0.0,0.0,0.0,0.0,0.695840851,0.0,k2626
k3355,0.0238,0.0,0.294735083,0.0,0.0,0.0,0.0,0.0,0.649108011,0.0,k981
k2868,0.142857143,0.0,0.642787899,0.0,0.0,0.0,0.0,0.0,0.61908539,0.0,k2304
k1920,0.19047619,0.0,0.0836,0.0,0.0,0.0,0.125,0.0,0.573517814,0.0,k1270
k1123,0.0,0.0,0.0836,0.0,0.0,0.0,0.0,0.0,0.535436242,0.0,k3213
k2235,0.142857143,0.0,0.562560588,0.0,0.0,0.0,0.0,0.0,0.576938874,0.0,k2365
k3260,0.0714,0.0,0.0836,0.0,0.0,0.0,0.0,0.307692308,0.55257192,0.0,k2209
k2541,0.119047619,0.0,0.0836,0.0,0.0,0.0,0.0,0.0,0.749967343,0.0,k1477
k2510,0.238095238,0.0,0.0836,0.0,0.0,0.0,0.0,0.0,0.726673149,0.0,k2698
k2119,0.214285714,0.0,0.0836,0.0,0.0606,0.0,0.0625,0.0,0.572947979,0.0,k2470
k1442,0.166666667,0.0,0.0836,0.0,0.0,0.0,0.0,0.0769,0.642845751,0.0,k2792
k3362,0.166666667,0.0,0.842286478,0.0,0.0,0.0,0.0,0.0,0.716325211,0.0,k939
k2760,0.19047619,0.0,0.766672238,0.0,0.0,0.0,0.0,0.0,0.745057558,0.0,k377
k1510,0.119047619,0.0,0.0836,0.0,0.0,0.0,0.0,0.0,0.620245414,0.0,k2107
k2878,0.166666667,0.0,0.0836,0.0,0.0,0.0,0.0,0.0769,0.695671488,0.0,k1932
k2021,0.119047619,0.0,0.0836,0.0,0.0,0.0,0.0,0.0,0.714444065,0.0,k1313
k2819,0.0,0.0,0.0836,0.0,0.0,0.0,0.0,0.0,0.564261016,0.0,k492
k863,0.0714,0.0,0.0836,0.0,0.0,0.0,0.0,0.0,0.585852465,0.0,k1222
k2582,0.0,0.0,0.0836,0.0,0.0,0.111111111,0.0,0.0,0.59380342,0.0,k1372
k1057,0.0,0.0,0.367307371,0.0,0.0,0.0,0.0,0.0,0.610065321,0.0,k936
k2511,0.0238,0.0,0.657863948,0.0,0.0,0.0,0.0,0.0,0.65814456,0.0,k585
k2227,0.119047619,0.0,0.0836,0.0,0.0,0.0,0.0,0.0,0.650553293,0.0,k2066
k910,0.0238,0.0,0.0836,0.0,0.0,0.0,0.0,0.0,0.570866483,0.0,k757
k2099,0.238095238,0.0,0.0836,0.0,0.0,0.0,0.0,0.0,0.689409456,0.0,k3135
k1346,0.19047619,0.0,0.0836,0.0,0.0,0.0,0.0,0.0,0.753774064,0.0,k721
k3186,0.0714,0.0,0.623767341,0.0,0.0,0.0,0.0,0.0,0.724352418,0.0,k3195
k2627,0.142857143,0.0,0.0836,0.0,0.0,0.0,0.0,0.0769,0.72734931,0.0,k805
k619,0.0,0.0,0.0836,0.0,0.0,0.0,0.0,0.0,0.729612473,0.0,k1458
k2340,0.0952,0.0,0.0836,0.0,0.0,0.0,0.0,0.0,0.714929218,0.0,k1533
k2962,0.119047619,0.0,0.0836,0.0,0.0,0.0,0.0,0.0,0.581292495,0.0,k663
k2369,0.0238,0.0,0.0836,0.0,0.0,0.0,0.0,0.0,0.561239517,0.0,k493
k1512,0.119047619,0.0,0.0836,0.0,0.0,0.0,0.0,0.0,0.75580384,0.0,k1518
k1705,0.166666667,0.0,0.0836,0.0,0.0,0.0,0.0,0.0,0.711113914,0.0,k1996
k2858,0.0476,0.0,0.0836,0.0,0.0,0.0,0.0,0.0,0.70055545,0.0,k2662
k1538,0.0952,0.0,0.0836,0.0,0.0,0.0,0.0,0.0,0.741483008,0.0,k527
k595,0.0952,0.0,0.0836,0.0,0.0,0.0,0.0,0.0,0.580614586,0.0,k2697
k2093,0.261904762,0.0,0.0836,0.0,0.0,0.0,0.0,0.0,0.63976524,0.0,k2441
k243,0.0952,0.0,0.0836,0.0,0.0909,0.222222222,0.0,0.461538462,0.57421957,0.0,k2046
k3025,0.357142857,0.0,0.0836,0.0,0.0,0.0,0.0,0.0,0.724336469,0.0,k839
k1449,0.142857143,0.0,0.0836,0.0,0.0,0.0,0.0,0.0,0.741829329,0.0,k1952
k2640,0.142857143,0.0,0.486946348,0.0,0.0,0.0,0.0,0.0,0.613627568,0.0,k2816
k906,0.119047619,0.0,0.0836,0.0,0.0,0.0,0.0,0.0,0.582298193,0.0,k708
k2459,0.0476,0.0,0.0836,0.0,0.0,0.0,0.0,0.0,0.387922827,0.0,k1361
k1879,0.166666667,0.0,0.0836,0.0,0.0,0.555555556,0.0625,0.0,0.590264033,0.0,k1121
k2761,0.0952,0.0,0.0836,0.0,0.0,0.0,0.0,0.0,0.569979035,0.0,k496
k2343,0.119047619,0.0,0.0836,0.0,0.0,0.0,0.0,0.0,0.676776179,0.0,k2165
k1934,0.214285714,0.0,0.0836,0.0,0.0,0.0,0.0,0.0,0.713804586,0.0,k2181
k236,0.0238,0.0,0.0836,0.0,0.0,0.0,0.0,0.0,0.563321013,0.0,k1433
k2437,0.142857143,0.0,0.0836,0.0,0.0,0.0,0.0,0.0,0.770441298,0.0,k1506
k2302,0.0238,0.0,0.0836,0.0,0.0,0.0,0.0,0.0,0.639291099,0.0,k419
k1525,0.119047619,0.0,0.0836,0.0,0.0,0.0,0.0,0.0,0.640220166,0.0,k3325
k1146,0.166666667,0.0,0.0836,0.0,0.0,0.0,0.0,0.0,0.610944718,0.0,k1030
k1903,0.142857143,0.0,0.606652181,0.0,0.0,0.0,0.0,0.0,0.693667686,0.0,k1145
k594,0.166666667,0.0,0.0836,0.0,0.0,0.0,0.0,0.0,0.790416658,0.0,k2116
k2609,0.0238,0.0,0.692629116,0.0,0.0,0.0,0.0,0.0,0.588056312,0.0,k1448
k3006,0.166666667,0.0,0.635600869,0.0,0.0,0.0,0.0,0.0,0.583534924,0.0,k2797
k2136,0.0952,0.0,0.0836,0.0,0.0,0.0,0.0,0.0769,0.68949315,0.0,k2769
k2210,0.142857143,0.0,0.0836,0.0,0.0,0.0,0.0,0.0,0.685661289,0.0,k1530
k1120,0.238095238,0.0,0.0836,0.0,0.0,0.0,0.0,0.0,0.70047487,0.0,k343
k963,0.0238,0.0,0.0836,0.0,0.0,0.0,0.0,0.0,0.704690418,0.444281141,k3331
k1217,0.0238,0.0,0.0836,0.0,0.0,0.0,0.0,0.0,0.557716611,0.0,k2718
k79,0.0,0.0,0.0836,0.0,0.0,0.0,0.0,0.0,0.624832877,0.0,k2434
k394,0.0952,0.0,0.406017048,0.0,0.0,0.0,0.0,0.0,0.573768289,0.0,k1840
k1669,0.19047619,0.0,0.0836,0.0,0.0,0.0,0.0,0.0,0.786544089,0.0,k67
k1251,0.0,0.0,0.0836,0.0,0.0,0.0,0.0,0.0,0.560194781,0.0,k1034
k1395,0.285714286,0.0,0.0836,0.0,0.0,0.0,0.0,0.0,0.69705662,0.0,k3294
k1030,0.119047619,0.0,0.0836,0.0,0.0,0.0,0.0,0.0,0.754097145,0.0,k2230
k386,0.0952,0.0,0.0836,0.0,0.0,0.0,0.0,0.0,0.705236025,0.0,k1953
k1139,0.142857143,0.0,0.828514123,0.0,0.0,0.0,0.0,0.0,0.787253972,0.0,k1692
k2550,0.142857143,0.0,0.56098947,0.0,0.0,0.0,0.0,0.0,0.57009364,0.0,k1014
k3359,0.119047619,0.0,0.0836,0.0,0.0,0.0,0.0,0.0,0.757213807,0.0,k2954
k2251,0.0,0.0,0.0836,0.0,0.0,0.0,0.0,0.0,0.655203186,0.0,k1066
k221,0.19047619,0.0,0.0836,0.0,0.0,0.0,0.0,0.0,0.563040994,0.0,k233
k2568,0.119047619,0.0,0.0836,0.0,0.0,0.0,0.0,0.0,0.658619841,0.0,k2141
k159,0.0714,0.0,0.0836,0.0,0.0,0.0,0.0,0.0,0.572420219,0.0,k635
k2520,0.0952,0.0,0.0836,0.0,0.0,0.0,0.0,0.0,0.755905838,0.0,k2679
k2408,0.19047619,0.0,0.0836,0.0,0.0,0.0,0.0,0.0,0.767700881,0.0,k1861
k1752,0.119047619,0.0,0.0836,0.0,0.0,0.0,0.0,0.0,0.624575567,0.0,k2771
k2010,0.119047619,0.0,0.0836,0.0,0.0,0.0,0.0,0.0,0.723688939,0.0,k87
k776,0.142857143,0.0,0.0836,0.0,0.121212121,0.0,0.25,0.0,0.572536647,0.0,k2297
k546,0.166666667,0.0,0.0836,0.0,0.0,0.0,0.0,0.0,0.756510684,0.0,k306
k1546,0.0952,0.0,0.0836,0.0,0.0,0.0,0.0,0.0,0.710717544,0.0,k2242
k1264,0.119047619,0.0,0.0836,0.0,0.0,0.0,0.0,0.0,0.727021292,0.0,k686
k1696,0.0714,0.0,0.0836,0.0,0.0,0.0,0.0,0.0,0.645479082,0.0,k2925
k476,0.0952,0.0,0.764900552,0.0,0.0,0.111111111,0.0,0.0,0.709549622,0.0,k2395
k2754,0.142857143,0.0,0.836837707,0.0,0.0,0.0,0.0,0.0,0.787650342,0.0,k163
k2208,0.0476,0.0,0.0836,0.0,0.0,0.0,0.0,0.0,0.551777812,0.0,k1914
k3135,0.0714,0.0,0.0836,0.0,0.0,0.222222222,0.0,0.0,0.362328408,0.0,k1050
k2898,0.119047619,0.0,0.0836,0.0,0.0,0.0,0.0,0.0,0.661150643,0.0,k2618
k1472,0.166666667,0.0,0.742838041,0.0,0.0,0.0,0.0,0.0,0.75659848,0.0,k2427
k2685,0.142857143,0.0,0.0836,0.0,0.0,0.0,0.0,0.0,0.653408392,0.0,k2034
k1090,0.0238,0.0,0.0836,0.0,0.0,0.0,0.0,0.0,0.725977241,0.0,k467
k1376,0.238095238,0.0,0.0836,0.0,0.0,0.0,0.0,0.0,0.752460019,0.0,k2024
k887,0.19047619,0.0,0.85388601,0.0,0.0,0.0,0.0,0.0,0.787504143,0.0,k3307
k2856,0.119047619,0.0,0.0836,0.0,0.0,0.0,0.0,0.0,0.742038564,0.0,k451
k773,0.119047619,0.0,0.0836,0.0588,0.0,0.0,0.0,0.0,0.664993667,0.0,k3297
k49,0.0714,0.0,0.642620759,0.0,0.0,0.0,0.0,0.0,0.625832348,0.0,k553
k183,0.0714,0.0,0.0836,0.0,0.0,0.0,0.0,0.0,0.726457002,0.0,k1171
k1469,0.0952,0.0,0.0836,0.0,0.0,0.0,0.0,0.0,0.58326812,0.0,k536
k88,0.0952,0.0,0.0836,0.0,0.0,0.0,0.0,0.0,0.582724259,0.0,k1007
k1987,0.333333333,0.0,0.588233328,0.0,0.0,0.0,0.125,0.0,0.572829957,0.0,k2806
k2233,0.238095238,0.0,0.0836,0.0,0.0,0.0,0.0625,0.0,0.58103602,0.0,k987
k1844,0.333333333,0.0,0.0836,0.0,0.0,0.0,0.0,0.0,0.559945673,0.0,k530
k1623,0.0476,0.0,0.0836,0.0,0.0,0.0,0.0,0.0,0.739384879,0.0,k1434
k1272,0.285714286,0.0,0.0836,0.0,0.0,0.0,0.0,0.0,0.580813569,0.0,k654
k3066,0.30952381,0.0,0.0836,0.0,0.0,0.0,0.0,0.0,0.632147011,0.0,k1210
k2376,0.0952,0.0,0.0836,0.0,0.0,0.0,0.0,0.0,0.687428438,0.0,k3182
k1998,0.119047619,0.0,0.0836,0.0,0.0,0.0,0.0,0.0,0.582863319,0.0,k3375
k1227,0.0476,0.0,0.0836,0.0,0.0,0.0,0.0,0.0,0.571774133,0.0,k611
k1188,0.0952,0.0,0.0836,0.0,0.0,0.0,0.0,0.153846154,0.660074845,0.0,k1059
k433,0.119047619,0.0,0.0836,0.0,0.0,0.0,0.0,0.0,0.582842433,0.0,k62
k569,0.119047619,0.0,0.0836,0.0,0.0,0.0,0.0,0.0769,0.702449812,0.0,k2044
k286,0.0238,0.0,0.534447602,0.0,0.0,0.222222222,0.0,0.0,0.538124331,0.0,k2160
k567,0.0,0.0,0.0836,0.0,0.0,0.0,0.0,0.0,0.67247595,0.0,k1983
k227,0.0714,0.0,0.0836,0.0,0.0,0.0,0.0,0.0,0.589028518,0.0,k1325
k1686,0.0952,0.0,0.0836,0.0,0.0,0.0,0.0,0.0769,0.645072838,0.0,k2670
k2091,0.0952,0.0,0.68520809,0.0,0.0,0.0,0.0,0.0,0.695251725,0.0,k144
k946,0.0952,0.0,0.0836,0.0,0.0,0.0,0.0,0.0,0.72087546,0.0,k1085
k1473,0.0238,0.0,0.0836,0.0,0.0,0.0,0.0,0.307692308,0.548212831,0.0,k3137
k3350,0.166666667,0.0,0.82924954,0.0,0.0,0.0,0.0,0.0,0.72900793,0.0,k1608
k1627,0.19047619,0.0,0.0836,0.0,0.0,0.0,0.0,0.0,0.763216402,0.0,k2549
k446,0.0476,0.0,0.0836,0.0,0.0,0.0,0.0,0.0,0.682672599,0.0,k3308
k1902,0.119047619,0.0,0.0836,0.0,0.0,0.0,0.0,0.230769231,0.568691875,0.0,k2050
k2951,0.119047619,0.0,0.0836,0.0,0.0,0.0,0.0,0.0,0.692391311,0.0,k1857
k2499,0.0238,0.0,0.0836,0.0,0.0,0.0,0.0,0.0,0.575346025,0.0,k174
k1102,0.119047619,0.0,0.0836,0.0,0.0,0.0,0.0,0.0769,0.570120602,0.0,k2790
k746,0.0,0.0,0.0836,0.0,0.0,0.0,0.0,0.0,0.799582698,0.0,k2594
k7,0.119047619,0.0,0.0836,0.0,0.0,0.0,0.0,0.0,0.724397075,0.0,k2720
k1003,0.0952,0.0,0.284974093,0.0,0.0,0.0,0.0,0.0,0.557415631,0.0,k3128
k1505,0.0952,0.0,0.0836,0.0,0.0,0.0,0.0,0.0,0.753866493,0.0,k405
k2987,0.142857143,0.0,0.0836,0.0,0.0,0.0,0.0,0.0,0.574775279,0.0,k2709
k32,0.30952381,0.0,0.0836,0.0,0.0,0.0,0.0,0.0,0.687162394,0.0,k1265
k2430,0.0,0.0,0.138626107,0.0,0.0,0.0,0.0,0.0,0.580794962,0.0,k2403
k1583,0.142857143,0.0,0.82600702,0.0,0.0,0.0,0.0,0.0,0.787253972,0.0,k1988
k1387,0.142857143,0.0,0.0836,0.0,0.0,0.0,0.0,0.0,0.752375641,0.0,k537
k2903,0.238095238,0.0,0.0836,0.0,0.0,0.0,0.0,0.0,0.749695374,0.0,k2946
k3184,0.0952,0.0,0.0836,0.0,0.0,0.0,0.0,0.0,0.721082417,0.0,k1003
k381,0.0952,0.0,0.0836,0.0,0.0606,0.0,0.0,0.153846154,0.641083462,0.0,k1360
k1124,0.0476,0.0,0.0836,0.0,0.0,0.222222222,0.0,0.0,0.371943223,0.0,k2493
k2030,0.0,0.0,0.39127528,0.0,0.0,0.0,0.0,0.0,0.537765631,0.0,k3081
k3125,0.119047619,0.0,0.633561758,0.0,0.0,0.0,0.0,0.0,0.58327936,0.0,k1005
k2705,0.0238,0.0,0.0836,0.0,0.0,0.0,0.0,0.0,0.809867295,0.0,k435
k1458,0.119047619,0.0,0.0836,0.176470588,0.0,0.0,0.0,0.0,0.569462516,0.0,k3099
k2045,0.0714,0.0,0.639712519,0.0,0.0,0.111111111,0.0,0.0,0.623509186,0.0,k1396
k2256,0.0952,0.0,0.0836,0.0,0.0,0.0,0.0,0.153846154,0.624947862,0.0,k2715
k1647,0.0238,0.0,0.0836,0.0,0.0,0.0,0.0,0.153846154,0.561236934,0.0,k860
k3410,0.119047619,0.0,0.608156443,0.0,0.0,0.111111111,0.0,0.230769231,0.650315957,0.0,k2139
k1314,0.119047619,0.0,0.0836,0.0,0.0,0.0,0.0,0.0,0.663871921,0.0,k501
k3333,0.0952,0.0,0.0836,0.0,0.0,0.0,0.0,0.0,0.581925822,0.0,k532
k748,0.119047619,0.0,0.0836,0.0,0.0,0.0,0.0,0.0,0.586094206,0.0,k2510
k1487,0.119047619,0.0,0.0836,0.0,0.0,0.0,0.0,0.0,0.6642329,0.0,k262
k1181,0.0714,0.0,0.0836,0.0,0.0,0.0,0.0,0.0,0.571860561,0.0,k3247
k1388,0.119047619,0.0,0.0836,0.0,0.0,0.0,0.0,0.0,0.342515576,0.0,k2540
k509,0.285714286,0.0,0.630319238,0.0,0.0,0.0,0.0625,0.0,0.776848846,0.0,k2857
k1545,0.0,0.0,0.0836,0.0,0.0,0.0,0.0,0.0,0.697030038,0.0,k1592
k3063,0.0714,0.0,0.0836,0.0,0.0,0.0,0.0,0.0,0.604268316,0.0,k1865
k3090,0.0714,0.0,0.686210931,0.0,0.0,0.0,0.0,0.0,0.64364115,0.0,k289
k2318,0.19047619,0.0,0.0836,0.0,0.0,0.0,0.0,0.0,0.579413171,0.0,k2905
k3190,0.166666667,0.0,0.0836,0.0,0.151515152,0.0,0.125,0.538461538,0.517592352,0.0,k376
k2740,0.0476,0.0,0.0836,0.0,0.0,0.0,0.0,0.0,0.749147868,0.0,k2535
k2182,0.0714,0.0,0.0836,0.0,0.0,0.0,0.0,0.0,0.583325004,0.0,k751
k578,0.0476,0.0,0.0836,0.0,0.0,0.0,0.0,0.0,0.569038121,0.0,k740
k1781,0.0476,0.0,0.0836,0.0,0.0,0.0,0.0,0.0,0.73720374,0.0,k562
k398,0.0952,0.0,0.0836,0.0,0.0,0.0,0.0,0.0,0.631351764,0.0,k3373
k2269,0.0952,0.0,0.0836,0.0,0.0,0.0,0.0,0.0,0.638999232,0.0,k855
k1991,0.0714,0.0,0.754437573,0.0,0.0,0.0,0.0,0.0,0.624049933,0.0,k2958
k1009,0.166666667,0.0,0.0836,0.0,0.0,0.0,0.0,0.0,0.574576828,0.0,k260
k1240,0.285714286,0.0,0.656326258,0.0,0.0,0.333333333,0.0,0.0,0.685736629,0.0,k738
k1798,0.238095238,0.0,0.0836,0.0,0.0,0.0,0.0625,0.0,0.429214477,0.0,k1664
k2040,0.0476,0.0,0.0836,0.0,0.121212121,0.0,0.25,0.0,0.564093476,0.0,k113
k1035,0.0476,0.0,0.0836,0.0,0.0,0.0,0.0,0.0,0.731972393,0.0,k1806
k1982,0.0952,0.0,0.0836,0.0,0.0,0.0,0.0,0.0,0.573893983,0.0,k2711
k1358,0.0952,0.0,0.91308708,0.0,0.0,0.0,0.0,0.0,0.730720093,0.0,k1335
k146,0.0952,0.0,0.0836,0.0,0.0,0.0,0.0,0.0,0.751992637,0.0,k3041
k1382,0.0476,0.0,0.0836,0.0,0.0,0.0,0.0,0.0,0.356897319,0.0,k909
k2932,0.0,0.0,0.0836,0.0,0.0,0.222222222,0.0,0.0,0.3645078,0.0,k1302
k2682,0.0952,0.0,0.0836,0.0,0.0,0.0,0.0,0.0,0.577861713,0.0,k2593
k1092,0.214285714,0.0,0.0836,0.0,0.0,0.0,0.0,0.0,0.651954375,0.0,k846
k3420,0.142857143,0.0,0.0836,0.0,0.0,0.0,0.0,0.0,0.615103609,0.0,k974
k1073,0.0952,0.0,0.0836,0.0,0.0,0.0,0.0,0.0,0.659033907,0.0,k1362
k2026,0.238095238,0.0,0.0836,0.0,0.0,0.0,0.0,0.0,0.729352732,0.0,k1291
k1481,0.428571429,0.0,0.0836,0.0,0.0,0.0,0.0,0.0,0.769682657,0.0,k2311
k1775,0.0476,0.0,0.0836,0.0,0.0,0.0,0.0,0.0,0.640085739,0.0,k2005
k845,0.0476,0.0,0.0836,0.0,0.0,0.0,0.0,0.0,0.568416034,0.0,k1421
k2387,0.0476,0.0,0.0836,0.0,0.0,0.0,0.0,0.0,0.327499595,0.0,k1808
k932,0.0,0.0,0.0836,0.0,0.0,0.0,0.0,0.0,0.736820432,0.0,k3408
k515,0.166666667,0.0,0.0836,0.0,0.0,0.0,0.0,0.0,0.713530112,0.0,k382
k935,0.142857143,0.0,0.0836,0.0,0.0,0.0,0.0,0.0,0.726452065,0.0,k3108
k686,0.333333333,0.0,0.0836,0.0,0.0,0.0,0.0,0.0,0.771556968,0.0,k3169
k412,0.166666667,0.0,0.0836,0.0,0.0,0.0,0.0,0.0,0.576090691,0.0,k3415
k1939,0.142857143,0.0,0.0836,0.0,0.0,0.0,0.0,0.0,0.756832171,0.0,k498
k986,0.142857143,0.0,0.0836,0.0,0.0,0.0,0.0,0.0,0.731303142,0.0,k1782
k2549,0.0952,0.0,0.0836,0.0,0.0,0.0,0.0,0.0,0.580664712,0.0,k2673
k1224,0.119047619,0.0,0.0836,0.0,0.0,0.0,0.0,0.0769,0.591242163,0.0,k2388
k1016,0.119047619,0.0,0.0836,0.0,0.0,0.0,0.0,0.0,0.579970778,0.0,k1673
k2398,0.0,0.0,0.148554237,0.0,0.0,0.0,0.0,0.0,0.702538518,0.0,k3338
k2388,0.0714,0.0,0.0836,0.0,0.0,0.111111111,0.0,0.0,0.570617147,0.0,k2628
k747,0.119047619,0.0,0.818385425,0.0,0.0,0.0,0.0,0.0,0.709353981,0.0,k2550
k3078,0.0952,0.0,0.0836,0.0,0.0,0.0,0.0,0.0,0.633675153,0.0,k1700
k2435,0.0238,0.0,0.0836,0.0,0.0,0.0,0.0,0.153846154,0.627990323,0.0,k1424
k2517,0.0714,0.0,0.234397459,0.0,0.0,0.0,0.0,0.0,0.568067738,0.0,k1602
k144,0.0714,0.0,0.0836,0.0,0.0,0.0,0.0,0.0,0.657946717,0.0,k1933
k632,0.0952,0.0,0.0836,0.0,0.0,0.0,0.0,0.0,0.702819828,0.0,k326
k593,0.0714,0.0,0.0836,0.0,0.0,0.0,0.0,0.0,0.711413148,0.0,k1015
k1531,0.119047619,0.0,0.0836,0.0,0.0,0.0,0.0,0.0,0.751155771,0.0,k86
k431,0.0238,0.0,0.0836,0.0,0.0,0.0,0.0,0.0,0.569839975,0.0,k697
k314,0.0952,0.0,0.0836,0.0,0.0,0.0,0.0,0.0,0.715685429,0.0,k834
k573,0.30952381,0.0,0.0836,0.0,0.0,0.0,0.0,0.0769,0.668228048,0.0,k3125
k2202,0.142857143,0.0,0.0836,0.0,0.0,0.0,0.0,0.0,0.720941459,0.0,k1182
k78,0.119047619,0.0,0.0836,0.0,0.0,0.0,0.0,0.0,0.344457632,0.0,k1082
k3214,0.119047619,0.0,0.724786896,0.0,0.0,0.0,0.0,0.0,0.784580692,0.0,k261
k3416,0.19047619,0.0,0.0836,0.0,0.151515152,0.0,0.0625,0.538461538,0.551605335,0.0,k1698
k1025,0.0714,0.0,0.0836,0.0,0.0,0.0,0.0,0.0769,0.701988354,0.0,k2684
k3292,0.0238,0.0,0.0836,0.0,0.0,0.0,0.0,0.0,0.664213154,0.0,k3106
k1341,0.0476,0.0,0.0836,0.0,0.0,0.0,0.0,0.0,0.702777601,0.0,k2401
k258,0.19047619,0.0,0.0836,0.0,0.0,0.0,0.0,0.0,0.787524953,0.0,k2387
k3033,0.142857143,0.0,0.0836,0.0,0.0,0.0,0.0,0.0,0.752734266,0.0,k1686
k1166,0.119047619,0.0,0.0836,0.0,0.0,0.0,0.0,0.0,0.583598036,0.0,k2830
k2797,0.142857143,0.0,0.0836,0.0,0.0,0.0,0.0,0.0769,0.714071314,0.0,k2916
k2257,0.119047619,0.0,0.0836,0.0,0.0,0.0,0.0,0.0,0.787027572,0.0,k80
k1350,0.0952,0.0,0.0836,0.0,0.0,0.0,0.0,0.0,0.664733471,0.0,k904
k2840,0.166666667,0.0,0.0836,0.0,0.0,0.0,0.0,0.0,0.726303436,0.0,k1176
k749,0.0714,0.0,0.0836,0.0,0.0,0.0,0.0,0.0,0.749007213,0.0,k1796
k383,0.19047619,0.0,0.505264917,0.0,0.0,0.0,0.0625,0.0,0.562292074,0.0,k2231
k3397,0.0714,0.0,0.0836,0.0,0.0,0.0,0.0,0.0,0.741918795,0.0,k2702
k390,0.119047619,0.0,0.0836,0.0,0.0,0.0,0.0,0.153846154,0.678810056,0.0,k3369
k1544,0.0238,0.0,0.0836,0.0,0.0,0.0,0.0,0.0,0.57328549,0.0,k1701
k2746,0.0952,0.0,0.0836,0.0,0.0,0.111111111,0.0,0.0,0.685731845,0.0,k188
k3398,0.166666667,0.0,0.0836,0.0,0.0,0.0,0.0,0.153846154,0.640539981,0.0,k2793
k1970,0.119047619,0.0,0.0836,0.0,0.0,0.0,0.0,0.0,0.579634558,0.0,k1578
k85,0.0476,0.0,0.0836,0.0,0.0,0.0,0.0,0.0,0.589542379,0.0,k2644
k181,0.166666667,0.0,0.725254889,0.0,0.0,0.0,0.0,0.0,0.681430704,0.0,k1228
k404,0.19047619,0.0,0.0836,0.0,0.0,0.0,0.0,0.0,0.657601307,0.0,k1340
k1883,0.0714,0.0,0.0836,0.0,0.0,0.0,0.0,0.153846154,0.565389749,0.0,k1967
k2752,0.0476,0.0,0.0836,0.0,0.0,0.0,0.0,0.0,0.550409844,0.0,k2232
k223,0.142857143,0.0,0.0836,0.0,0.0,0.0,0.0,0.0769,0.619662364,0.0,k3342
k2590,0.119047619,0.0,0.0836,0.0,0.0,0.0,0.0,0.0,0.748969543,0.0,k2584
k1002,0.142857143,0.0,0.0836,0.0,0.0,0.0,0.0,0.0,0.671404709,0.0,k288
k823,0.30952381,0.0,0.0836,0.0,0.0,0.222222222,0.0,0.0,0.343035134,0.0,k241
k996,0.142857143,0.0,0.551596189,0.352941176,0.0606,0.444444444,0.1875,0.0769,0.308443581,0.0,k743
k3022,0.0,0.400891784,0.0836,0.0,0.0,0.0,0.0,0.0,0.663334136,0.0,k1195
k157,0.142857143,0.0,0.0836,0.0,0.0,0.0,0.0,0.0,0.66132312,0.0,k787
k47,0.119047619,0.0,0.0836,0.0,0.0,0.0,0.0,0.0,0.688996301,0.0,k3206
k2125,0.119047619,0.0,0.0836,0.0,0.0909,0.222222222,0.125,0.153846154,0.56696027,0.0,k2828
k2,0.0952,0.0,0.0836,0.0,0.0,0.0,0.0,0.0,0.724028881,0.0,k258
k2304,0.119047619,0.0,0.71154939,0.0,0.0303,0.0,0.125,0.538461538,0.603163279,0.0,k874
k2742,0.119047619,0.0,0.0836,0.0,0.0,0.0,0.0,0.0,0.714027796,0.0,k1597
k2444,0.0238,0.0,0.0836,0.0,0.0,0.0,0.0,0.0,0.710317908,0.0,k2952
k479,0.0238,0.0,0.0836,0.0,0.0,0.0,0.0,0.0,0.577722729,0.0,k3186
k2279,0.238095238,0.0,0.0836,0.0,0.0,0.0,0.0,0.0,0.714969015,0.0,k1642
k2855,0.119047619,0.0,0.0836,0.0,0.0,0.0,0.0,0.0,0.568677825,0.0,k1719
k562,0.0714,0.0,0.0836,0.0,0.0303,0.0,0.0,0.230769231,0.618600237,0.0,k3062
k40,0.119047619,0.0,0.737422698,0.0,0.0,0.0,0.0,0.0,0.746616306,0.0,k2820
k931,0.0714,0.0,0.0836,0.0,0.0,0.0,0.0,0.0,0.576570376,0.0,k28
k2041,0.0476,0.0,0.0836,0.0,0.0,0.0,0.0,0.153846154,0.57199666,0.0,k3255
k3015,0.0,0.0,0.0836,0.0,0.0,0.0,0.0,0.0,0.608926107,0.0,k1090
k2607,0.0714,0.0,0.0836,0.0,0.0,0.0,0.0,0.0,0.710362565,0.0,k2849
k871,0.0714,0.0,0.0836,0.0,0.0,0.0,0.0,0.0,0.7438948,0.0,k3149
k2130,0.0952,0.0,0.0836,0.0,0.0,0.0,0.0,0.0,0.705545436,0.0,k32
k1584,0.0476,0.0,0.0836,0.0,0.0,0.111111111,0.0,0.0,0.569320722,0.0,k1075
k1502,0.0952,0.0,0.0836,0.0,0.0,0.111111111,0.0,0.0,0.573704797,0.0,k1091
k1910,0.0714,0.0,0.0836,0.0,0.0,0.0,0.0,0.0,0.546536212,0.0,k1526
k60,0.0952,0.0,0.372187866,0.0,0.0,0.0,0.0,0.0769,0.675372515,0.0,k575
k2324,0.0,0.432584909,0.0836,0.0,0.0,0.0,0.0,0.0,0.629361633,0.0,k494
k1437,0.0476,0.0,0.0836,0.117647059,0.0,0.0,0.0,0.0,0.577893308,0.0,k1562
k2593,0.19047619,0.0,0.727962561,0.0,0.0,0.0,0.0,0.0,0.581524894,0.0,k1986
k3373,0.0476,0.0,0.0836,0.0,0.0,0.0,0.0,0.0,0.626540407,0.0,k1511
k28,0.142857143,0.0,0.386394785,0.0,0.0,0.0,0.0,0.0769,0.739414043,0.0,k1691
k1633,0.142857143,0.0,0.0836,0.0,0.0,0.0,0.0,0.0,0.737225005,0.0,k2077
k941,0.0952,0.0,0.0836,0.0,0.0,0.0,0.0,0.0,0.623915354,0.0,k1435
k2478,0.0,0.0,0.0836,0.0,0.0,0.0,0.0,0.0,0.643644036,0.0,k386
k754,0.19047619,0.0,0.0836,0.0,0.0,0.0,0.0,0.0,0.708924649,0.0,k929
k371,0.0238,0.0,0.0836,0.0,0.0,0.0,0.0,0.0,0.68299606,0.0,k951
k1511,0.119047619,0.0,0.0836,0.0,0.0,0.0,0.0,0.0,0.718797002,0.0,k2969
k2605,0.0476,0.0,0.360688618,0.0,0.0,0.0,0.0,0.0,0.742048893,0.0,k2796
k1876,0.0476,0.0,0.0836,0.0,0.0,0.0,0.0,0.0,0.736820432,0.0,k31
k166,0.19047619,0.0,0.0836,0.0,0.0,0.0,0.0,0.0,0.719674653,0.0,k1336
k2234,0.285714286,0.0,0.0836,0.0,0.0,0.0,0.0,0.0,0.698606559,0.0,k2017
k1857,0.261904762,0.0,0.0836,0.0,0.0,0.0,0.0,0.0,0.724757142,0.0,k1668
k3050,0.0952,0.0,0.0836,0.0,0.0,0.0,0.0,0.0,0.447452763,0.0,k1101
k2259,0.0,0.0,0.0836,0.0,0.0,0.0,0.0,0.0,0.584539634,0.0,k3210
k2260,0.142857143,0.0,0.0836,0.0,0.0,0.0,0.0,0.0,0.643900663,0.0,k3158
k2910,0.0476,0.0,0.0836,0.0,0.0,0.0,0.0,0.0,0.562561612,0.0,k65
k3269,0.0238,0.0,0.0909,0.0,0.0,0.0,0.0,0.0,0.550389718,0.0,k1705
k1728,0.119047619,0.0,0.0836,0.0,0.0,0.0,0.0,0.0,0.651538486,0.0,k460
k1017,0.119047619,0.0,0.0836,0.0,0.0,0.0,0.0,0.0,0.730579514,0.0,k38
k67,0.0714,0.0,0.0836,0.0,0.0,0.0,0.0,0.0,0.411933511,0.0,k184
k859,0.142857143,0.0,0.0836,0.0,0.0,0.0,0.0,0.0,0.680992486,0.0,k2163
k250,0.261904762,0.0,0.0836,0.0,0.0,0.0,0.0,0.0,0.723816227,0.0,k3254
k846,0.142857143,0.0,0.0836,0.0,0.0,0.0,0.0,0.0,0.789512653,0.0,k464
k1319,0.0952,0.0,0.0836,0.0,0.0,0.0,0.0,0.0,0.682904695,0.0,k2274
k2884,0.19047619,0.0,0.0836,0.0,0.0,0.0,0.0,0.0,0.680574319,0.0,k2994
k465,0.166666667,0.0,0.0836,0.0,0.0,0.111111111,0.0,0.0769,0.640493426,0.0,k3356
k2772,0.0238,0.0,0.0836,0.0,0.0,0.0,0.0,0.0,0.754267344,0.0,k3119
k2789,0.0952,0.0,0.0836,0.0,0.0,0.0,0.0,0.0,0.741127649,0.0,k131
k1468,0.119047619,0.0,0.0836,0.0,0.0,0.0,0.0,0.0,0.682008134,0.0,k1191
k3039,0.142857143,0.0,0.0836,0.0,0.121212121,0.0,0.25,0.0,0.566111859,0.0,k315
k927,0.0476,0.0,0.0836,0.0,0.0,0.0,0.0,0.0,0.615719165,0.0,k1029
k818,0.0952,0.0,0.565234832,0.0,0.0,0.0,0.0,0.0,0.565676452,0.0,k385
k1676,0.119047619,0.0,0.435834865,0.0,0.0,0.0,0.0,0.0,0.55671266,0.0,k127
k676,0.0476,0.0,0.0836,0.0,0.0,0.0,0.0,0.0,0.422928294,0.0,k2475
k487,0.0714,0.0,0.0836,0.0,0.0,0.0,0.0,0.0,0.718273115,0.0,k1221
k209,0.0952,0.0,0.0836,0.0,0.0,0.0,0.0,0.0,0.763328501,0.0,k1183
k1289,0.0238,0.0,0.0836,0.0,0.0,0.0,0.0,0.0,0.647218662,0.0,k1353
k1417,0.119047619,0.0,0.0836,0.0,0.0,0.0,0.0,0.0,0.679850007,0.0,k1318
k3176,0.166666667,0.0,0.0836,0.0,0.0,0.0,0.0,0.0,0.65091245,0.0,k628
k1108,0.0476,0.0,0.0836,0.0,0.0,0.0,0.0,0.0769,0.653566363,0.0,k3003
k599,0.238095238,0.0,0.0836,0.0,0.0,0.0,0.0,0.0,0.715809147,0.0,k3347
k2392,0.238095238,0.0,0.0836,0.0,0.0,0.0,0.0,0.0,0.579074141,0.0,k932
k2617,0.0238,0.0,0.0836,0.0,0.0,0.0,0.0,0.0,0.552683715,0.0,k2756
k1142,0.119047619,0.0,0.0836,0.0,0.0,0.0,0.0,0.0,0.753498602,0.0,k1804
k2694,0.0714,0.0,0.0836,0.0,0.0,0.0,0.0,0.0,0.760139689,0.0,k2923
k92,0.0952,0.0,0.0836,0.0,0.0,0.0,0.0,0.0,0.719862547,0.0,k2086
k2484,0.0476,0.0,0.0836,0.0,0.0,0.0,0.0,0.0,0.580402237,0.0,k75
k2054,0.0952,0.0,0.0836,0.0,0.0,0.0,0.0,0.0,0.657574726,0.0,k2332
k1578,0.0476,0.0,0.0836,0.0,0.0,0.0,0.0,0.0,0.7493448,0.0,k998
k2514,0.404761905,0.0,0.0836,0.0,0.0,0.222222222,0.0,0.0,0.34066048,0.0,k3430
k2695,0.0952,0.0,0.506368043,0.0,0.0,0.111111111,0.0,0.0,0.66313523,0.0,k3433
k1739,0.142857143,0.0,0.743640314,0.0,0.0,0.0,0.0,0.0,0.570535883,0.0,k2336
k2519,0.142857143,0.0,0.0836,0.0,0.0,0.0,0.0,0.0,0.682026209,0.0,k1454
k2759,0.142857143,0.0,0.0836,0.0,0.0,0.222222222,0.0,0.0,0.675285783,0.0,k2251
k3265,0.19047619,0.0,0.575229818,0.0,0.0,0.111111111,0.0,0.0,0.567407298,0.0,k1203
k2592,0.0714,0.0,0.0836,0.0,0.0,0.0,0.0,0.0,0.628876404,0.0,k1294
k994,0.0476,0.0,0.0836,0.0,0.0,0.0,0.0,0.0,0.54973391,0.0,k600
k2690,0.0714,0.0,0.0836,0.0,0.0,0.0,0.0,0.0,0.709926474,0.0,k110
k1385,0.0476,0.0,0.0836,0.0,0.0,0.0,0.0,0.0,0.688527096,0.0,k1746
k1280,0.0238,0.0,0.0836,0.0,0.0,0.0,0.0,0.0,0.627740911,0.0,k328
k604,0.0952,0.0,0.0836,0.0,0.0,0.0,0.0,0.0,0.678119312,0.0,k2270
k2679,0.30952381,0.0,0.0836,0.0,0.0,0.0,0.0,0.0,0.657867504,0.0,k2376
k2938,0.119047619,0.0,0.0836,0.0,0.0,0.0,0.0,0.0,0.681663711,0.0,k351
k139,0.19047619,0.0,0.0836,0.0,0.0,0.0,0.0,0.0,0.786603708,0.0,k2490
k2172,0.285714286,0.0,0.0836,0.0,0.0,0.0,0.0,0.0,0.777958744,0.0,k2125
k3070,0.0238,0.0,0.0836,0.0,0.0,0.0,0.0,0.0,0.569270216,0.0,k296
k1687,0.0476,0.0,0.640481364,0.0,0.0,0.0,0.0,0.0,0.732337473,0.39813896,k2402
k2135,0.285714286,0.0,0.0836,0.0,0.0,0.0,0.0,0.0,0.718563159,0.0,k3115
k1694,0.0,0.0,0.0836,0.0,0.0,0.0,0.0,0.0,0.561549003,0.0,k2630
k1059,0.0952,0.0,0.0836,0.0,0.0,0.0,0.0,0.0,0.582711272,0.0,k2435
k1749,0.0476,0.0,0.0836,0.0,0.0,0.0,0.0,0.0,0.570690437,0.0,k3282
k795,0.0476,0.0,0.0836,0.0,0.0,0.0,0.0,0.0,0.78762095,0.0,k2627
k3028,0.0952,0.0,0.0836,0.0,0.0,0.0,0.0,0.0,0.671639159,0.0,k1395
k2621,0.142857143,0.0,0.0836,0.0,0.0,0.0,0.0,0.0,0.711294062,0.0,k3405
k1283,0.0952,0.0,0.0836,0.0,0.0,0.0,0.0,0.0,0.583465887,0.0,k1487
k3400,0.119047619,0.0,0.0836,0.0,0.0,0.0,0.0,0.0,0.743434633,0.0,k50
k2097,0.142857143,0.0,0.0836,0.0,0.0,0.0,0.0,0.0,0.739752921,0.0,k1568
k695,0.0714,0.0,0.0836,0.0,0.0,0.0,0.0,0.0,0.582824282,0.0,k3383
k1145,0.0714,0.0,0.0836,0.0,0.0,0.111111111,0.0,0.0,0.578792527,0.0,k2738
k3385,0.0714,0.0,0.0836,0.0,0.0,0.0,0.0,0.0,0.722931894,0.0,k2705
k2961,0.119047619,0.0,0.0836,0.0,0.0,0.0,0.0,0.0,0.60651234,0.0,k2289
k646,0.0714,0.0,0.558616079,0.0,0.0,0.333333333,0.0,0.0,0.642273561,0.0,k1999
k2341,0.261904762,0.0,0.0836,0.0,0.0,0.0,0.0,0.0,0.694398302,0.0,k715
k1381,0.0238,0.0,0.106668895,0.0,0.0,0.0,0.0,0.0,0.545037462,0.0,k2970
k574,0.0714,0.0,0.0836,0.0,0.0,0.0,0.0,0.0,0.788239771,0.0,k1718
k3207,0.0,0.0,0.499147585,0.0,0.0,0.222222222,0.0,0.153846154,0.565936572,0.0,k1976
k849,0.0952,0.0,0.0836,0.0,0.0,0.0,0.0,0.0,0.628805924,0.0,k1264
k66,0.0,0.0,0.0836,0.0,0.0,0.0,0.0,0.0,0.591254238,0.0,k2254
k1048,0.0476,0.0,0.0836,0.0,0.0,0.0,0.0,0.0,0.72625574,0.0,k1954
k1629,0.0,0.0,0.0836,0.0,0.0,0.111111111,0.0,0.0,0.605582286,0.0,k1904
k2660,0.0476,0.0,0.640815644,0.0,0.0,0.111111111,0.0,0.0,0.623051754,0.0,k3355
k2711,0.142857143,0.0,0.0836,0.0,0.0,0.0,0.0,0.0,0.728622496,0.0,k1315
k2488,0.0238,0.0,0.0836,0.0,0.0,0.0,0.0,0.0,0.57397555,0.0,k1679
k1281,0.0714,0.0,0.0836,0.0,0.0,0.0,0.0,0.0,0.57173145,0.0,k2823
k2258,0.0,0.0,0.0836,0.0,0.0,0.0,0.0,0.0,0.580886707,0.0,k897
k3286,0.0952,0.0,0.0836,0.0,0.0,0.0,0.0,0.0,0.619790412,0.0,k2928
k2894,0.142857143,0.0,0.0836,0.0,0.0,0.0,0.0,0.0,0.619847145,0.0,k356
k2481,0.0952,0.0,0.0836,0.0,0.0,0.0,0.0,0.0,0.623208282,0.0,k1282
k918,0.0238,0.0,0.0836,0.0,0.0,0.0,0.0,0.0,0.547510012,0.0,k2333
k3008,0.119047619,0.0,0.0836,0.0,0.0,0.0,0.0,0.0,0.728951425,0.0,k2968
k2643,0.166666667,0.0,0.505164633,0.0,0.0,0.0,0.0,0.0,0.563332709,0.0,k2819
k679,0.0714,0.0,0.0836,0.0,0.0,0.0,0.0,0.0,0.574145749,0.0,k1241
k2542,0.0238,0.0,0.0836,0.0,0.0,0.111111111,0.0,0.0,0.56356283,0.0,k672
k1326,0.119047619,0.0,0.509744275,0.0,0.0,0.0,0.0,0.0,0.563787559,0.0,k245
k2088,0.142857143,0.0,0.0836,0.0,0.0,0.0,0.0,0.0,0.696182235,0.0,k538
k2795,0.0238,0.0,0.0836,0.0,0.0,0.0,0.0,0.0,0.720161173,0.0,k1583
k498,0.166666667,0.0,0.0836,0.0,0.0,0.0,0.0,0.0,0.709447928,0.0,k30
k3291,0.0,0.0,0.0836,0.0,0.0,0.0,0.0,0.0,0.632392474,0.0,k2033
k2619,0.0952,0.0,0.778840047,0.0,0.0,0.0,0.0,0.0,0.70754544,0.0,k1400
k117,0.0,0.0,0.0836,0.0,0.0,0.111111111,0.0,0.0,0.600264207,0.0,k683
k2810,0.119047619,0.0,0.0836,0.0,0.0,0.0,0.0,0.153846154,0.660486101,0.0,k2315
k2825,0.0714,0.0,0.0836,0.0,0.0,0.0,0.0,0.0,0.56556891,0.0,k239
k1692,0.142857143,0.0,0.0836,0.0,0.0,0.0,0.0,0.0,0.726057897,0.0,k689
k2281,0.119047619,0.0,0.0836,0.0,0.0,0.0,0.0,0.0,0.56947687,0.0,k749
k275,0.214285714,0.0,0.0836,0.0,0.0,0.0,0.0,0.0,0.651408691,0.0,k3234
k2416,0.0238,0.0,0.192679258,0.0,0.0,0.0,0.0,0.0,0.712559425,0.0,k1797
k1218,0.166666667,0.0,0.546247702,0.0,0.0,0.0,0.0,0.0,0.735274747,0.0,k748
k710,0.166666667,0.0,0.0836,0.0,0.0,0.555555556,0.0,0.0,0.340002394,0.0,k2988
k974,0.0714,0.0,0.0836,0.0,0.0,0.0,0.0,0.0,0.659065577,0.0,k3362
k2613,0.0,0.0,0.0836,0.0,0.0,0.0,0.0,0.0,0.623074842,0.0,k3048
k1715,0.119047619,0.0,0.0836,0.0,0.0,0.0,0.0,0.0,0.787986866,0.0,k3188
k2015,0.0714,0.0,0.0836,0.0,0.0,0.333333333,0.0,0.0,0.540252991,0.0,k3034
k1744,0.0952,0.0,0.0836,0.0,0.0,0.0,0.0,0.0,0.678350041,0.0,k1249
k1969,0.166666667,0.0,0.0836,0.0,0.0,0.0,0.0,0.0,0.750704186,0.0,k840
k2383,0.0714,0.0,0.0836,0.0,0.0,0.111111111,0.0,0.0,0.695706955,0.0,k1695
k3106,0.166666667,0.0,0.0836,0.0,0.0,0.0,0.0,0.0,0.716442019,0.0,k2032
k1778,0.0476,0.0,0.0836,0.0,0.0,0.0,0.0,0.0,0.578578279,0.0,k293
k3154,0.0952,0.0,0.0836,0.0,0.0,0.0,0.0,0.0,0.681368123,0.0,k2742
k3372,0.119047619,0.0,0.0836,0.0,0.0,0.111111111,0.0,0.0,0.67767631,0.0,k2522
k503,0.0476,0.0,0.0836,0.0,0.0,0.0,0.0,0.0,0.661915207,0.0,k227
k3001,0.19047619,0.0,0.0836,0.0,0.0,0.0,0.0,0.0,0.770100521,0.0,k2247
k1243,0.119047619,0.0,0.58682935,0.0,0.0606,0.0,0.0,0.0769,0.620230832,0.0,k51
k3255,0.0238,0.0,0.0836,0.0,0.0,0.0,0.0,0.0,0.72152542,0.0,k2571
k215,0.119047619,0.0,0.511181681,0.0,0.0,0.0,0.0,0.0769,0.558203739,0.0,k424
k715,0.214285714,0.0,0.0836,0.0,0.0,0.0,0.0,0.0,0.655117745,0.0,k2119
k2089,0.0952,0.0,0.0836,0.0,0.0,0.0,0.0,0.0,0.624179956,0.0,k1468
k2385,0.142857143,0.0,0.0836,0.0,0.0,0.0,0.0,0.0,0.706694599,0.0,k1490
k1897,0.261904762,0.0,0.0836,0.0,0.0,0.0,0.0,0.0,0.741851126,0.0,k379
k1144,0.119047619,0.0,0.0836,0.0588,0.0,0.0,0.0,0.0,0.669571637,0.0,k2862
k3111,0.0952,0.0,0.0836,0.0,0.0,0.0,0.0,0.0,0.720090845,0.0,k949
k1419,0.0952,0.0,0.0836,0.0,0.0,0.0,0.0,0.0,0.620181998,0.0,k705
k1191,0.0952,0.0,0.0836,0.0,0.0,0.0,0.0,0.0,0.654038757,0.0,k744
k1571,0.142857143,0.0,0.0836,0.0,0.0,0.0,0.0,0.0,0.685856855,0.0,k2603
k1697,0.0952,0.0,0.0836,0.0,0.0,0.0,0.0,0.0769,0.519860679,0.0,k1541
k1589,0.0476,0.0,0.0836,0.0,0.0,0.0,0.0,0.0,0.740248631,0.0,k1991
k3092,0.0476,0.0,0.297141902,0.0,0.0,0.0,0.0,0.0,0.345431736,0.0,k2841
k43,0.261904762,0.0,0.697409326,0.0,0.0,0.0,0.0,0.0,0.578936144,0.0,k2998
k2382,0.0476,0.0,0.0836,0.0,0.0,0.0,0.0,0.0,0.72073435,0.0,k2581
k1575,0.142857143,0.0,0.0836,0.0,0.0,0.0,0.0,0.0,0.76096767,0.0,k3019
k1691,0.0476,0.0,0.0836,0.0,0.0303,0.0,0.0,0.0769,0.608610924,0.0,k728
k889,0.119047619,0.0,0.0836,0.0,0.0,0.0,0.0,0.0,0.555675823,0.0,k1521
k1770,0.0476,0.0,0.0836,0.0,0.0,0.0,0.0,0.0,0.419895706,0.0,k1455
k923,0.0238,0.444620834,0.0836,0.0,0.0,0.0,0.0,0.0,0.544489044,0.0,k235
k914,0.0714,0.0,0.0836,0.0,0.0,0.0,0.0,0.0,0.728519207,0.0,k3044
k832,0.214285714,0.0,0.0836,0.0,0.0,0.0,0.0,0.0,0.726968357,0.0,k43
k548,0.0714,0.0,0.0836,0.0,0.0,0.111111111,0.0,0.0769,0.620009141,0.0,k714
k1762,0.142857143,0.0,0.0836,0.0,0.0,0.0,0.0,0.0769,0.732039758,0.0,k2972
k1179,0.166666667,0.0,0.638910246,0.0,0.0,0.0,0.0,0.0,0.583554442,0.0,k2155
k2940,0.0714,0.0,0.844024737,0.0,0.0,0.0,0.0,0.0,0.729673687,0.0,k3388
k2313,0.0952,0.0,0.0836,0.0,0.0,0.0,0.0,0.0,0.655247083,0.0,k2883
k2864,0.119047619,0.0,0.0836,0.0,0.0,0.0,0.0,0.0,0.587181016,0.0,k1725
k375,0.0952,0.0,0.0836,0.0,0.0,0.0,0.0,0.0,0.717692952,0.0,k335
k892,0.0238,0.0,0.0836,0.0,0.0,0.0,0.0,0.0,0.725342167,0.0,k2728
k196,0.261904762,0.0,0.0836,0.0,0.0,0.0,0.0,0.0,0.695813814,0.0,k1852
k1031,0.0714,0.0,0.0836,0.0,0.0,0.0,0.0,0.153846154,0.582461556,0.0,k179
k170,0.0476,0.0,0.0836,0.0,0.0,0.0,0.0,0.615384615,0.54864315,0.0,k2122
k2916,0.0,0.0,0.0836,0.0,0.0,0.0,0.0,0.0,0.596000964,0.0,k941
k865,0.0952,0.0,0.0836,0.117647059,0.0,0.0,0.0,0.0,0.676710181,0.0,k2183
k670,0.0238,0.0,0.0836,0.0,0.0,0.111111111,0.0,0.0,0.599334152,0.0,k1688
k2159,0.0714,0.0,0.0836,0.0,0.0,0.0,0.0,0.0,0.70934912,0.0,k3148
k1618,0.19047619,0.0,0.0836,0.0,0.0,0.0,0.0,0.0,0.678562998,0.0,k2517
k3197,0.119047619,0.0,0.0836,0.0,0.0,0.0,0.0,0.0,0.668294806,0.0,k2893
k3389,0.0714,0.0,0.0836,0.0,0.0,0.0,0.0,0.0,0.657972083,0.0,k1732
k2821,0.19047619,0.0,0.0836,0.0,0.0,0.0,0.0,0.0,0.740841554,0.0,k2040
k2372,0.0,0.0,0.0836,0.0,0.0,0.0,0.0,0.0,0.624657059,0.0,k1982
k2425,0.238095238,0.0,0.0836,0.0,0.0,0.0,0.0625,0.0,0.695770372,0.0,k18
k2989,0.142857143,0.0,0.0836,0.0,0.0,0.0,0.0,0.0,0.667296931,0.0,k850
k2686,0.0952,0.0,0.0836,0.0,0.0,0.0,0.0,0.0,0.682129118,0.0,k2223
k1908,0.0238,0.0,0.0836,0.0,0.0,0.111111111,0.0,0.0,0.606914862,0.0,k471
k1698,0.0476,0.0,0.0836,0.0,0.0,0.0,0.0,0.0,0.375439471,0.0,k2641
k123,0.142857143,0.0,0.0836,0.0,0.0,0.0,0.0,0.153846154,0.657683938,0.0,k546
k3146,0.238095238,0.0,0.0836,0.0,0.0,0.0,0.0,0.0769,0.647189042,0.0,k3250
k306,0.0238,0.0,0.0836,0.0,0.0,0.0,0.0,0.0,0.717144382,0.0,k2689
k1520,0.285714286,0.0,0.0836,0.0,0.0,0.0,0.0,0.0769,0.679385815,0.0,k1081
k3215,0.0714,0.0,0.0836,0.0,0.0,0.0,0.0,0.0,0.558718891,0.0,k2764
k2531,0.19047619,0.0,0.0836,0.0,0.0,0.0,0.0,0.0,0.728188227,0.0,k2895
k1732,0.0952,0.0,0.0836,0.0,0.0,0.0,0.0,0.0,0.580648763,0.0,k1800
k3343,0.0,0.0,0.668560923,0.0,0.0,0.0,0.0,0.0,0.820679272,0.0,k2379
k3164,0.0714,0.0,0.0836,0.0,0.0,0.0,0.0,0.0,0.722580256,0.0,k359
k2646,0.0952,0.0,0.0836,0.0,0.0,0.0,0.0,0.0,0.685710731,0.0,k1915
k1079,0.142857143,0.0,0.0836,0.0,0.0,0.0,0.0,0.0,0.725808029,0.0,k693
k1721,0.119047619,0.0,0.0836,0.0,0.0,0.0,0.0,0.0,0.727074304,0.0,k935
k1956,0.0952,0.0,0.0836,0.0,0.0,0.0,0.0,0.0,0.607132908,0.0,k2089
k873,0.0952,0.0,0.0836,0.0,0.0,0.0,0.0,0.0,0.727070279,0.0,k3190
k6,0.0714,0.0,0.0836,0.0,0.0,0.0,0.0,0.0,0.782705469,0.0,k561
k3117,0.19047619,0.0,0.0836,0.0,0.0,0.0,0.0,0.0,0.777383973,0.0,k522
k2368,0.166666667,0.0,0.0836,0.0,0.0,0.0,0.0,0.0,0.711695293,0.0,k2489
k858,0.119047619,0.0,0.0836,0.0,0.0,0.0,0.0,0.0,0.768859082,0.0,k1055
k3320,0.0952,0.0,0.0836,0.0,0.0,0.111111111,0.0,0.0,0.581039361,0.0,k1613
k2248,0.261904762,0.0,0.0836,0.0,0.0,0.0,0.0,0.0,0.727249211,0.0,k2945
k3113,0.119047619,0.0,0.0836,0.0,0.0,0.0,0.0,0.0,0.72087546,0.0,k1870
k1084,0.0952,0.0,0.0836,0.0,0.0,0.0,0.0,0.0,0.651997437,0.0,k667
k2465,0.380952381,0.0,0.0836,0.0,0.121212121,0.0,0.5,0.384615385,0.56332443,0.0,k2245
k2591,0.0,0.0,0.0836,0.0,0.0,0.0,0.0,0.0,0.603033104,0.0,k250
k3160,0.0952,0.0,0.622129367,0.0,0.0,0.0,0.0,0.0,0.584312399,0.0,k2812
k3314,0.0714,0.0,0.0836,0.0,0.0,0.0,0.0,0.0,0.664445174,0.0,k1255
k1496,0.142857143,0.0,0.0836,0.0,0.0,0.0,0.0,0.0,0.777878088,0.0,k2888
k784,0.0714,0.0,0.0836,0.0,0.0,0.0,0.0,0.0,0.742977353,0.0,k1745
k2583,0.0238,0.0,0.0836,0.0,0.0,0.0,0.0,0.0,0.53674649,0.0,k1063
k1334,0.119047619,0.0,0.0836,0.0,0.0,0.0,0.0,0.0,0.718482123,0.0,k1903
k1042,0.0952,0.0,0.795955206,0.0,0.0,0.0,0.0,0.0,0.621012105,0.0,k1633
k2316,0.0476,0.0,0.0836,0.0,0.0,0.0,0.0,0.0,0.673488559,0.0,k914
k1029,0.30952381,0.0,0.0836,0.0,0.0,0.0,0.0,0.0,0.639157887,0.0,k3010
k177,0.0,0.0,0.0836,0.0,0.0,0.0,0.0,0.0,0.454131823,0.0,k2827
k2935,0.0952,0.0,0.778973759,0.0,0.0,0.0,0.0,0.0,0.667880512,0.0,k200
k992,0.30952381,0.0,0.607086746,0.0,0.0,0.0,0.0,0.0,0.668252731,0.0,k657
k511,0.285714286,0.0,0.0836,0.0,0.0,0.0,0.0,0.0,0.735725799,0.0,k2766
k3098,0.19047619,0.0,0.0836,0.0,0.0,0.0,0.0,0.0769,0.564334382,0.0,k428
k1498,0.0238,0.0,0.0836,0.0,0.0,0.0,0.0,0.0,0.575661283,0.0,k2831
k1912,0.166666667,0.0,0.0836,0.0,0.0,0.0,0.0,0.0,0.679977978,0.0,k2381
k192,0.166666667,0.0,0.0836,0.0,0.0,0.111111111,0.0,0.0,0.647163448,0.0,k3086
k2597,0.0,0.0,0.0836,0.0,0.0,0.0,0.0,0.0,0.716251314,0.0,k3072
k2633,0.0714,0.0,0.0836,0.0,0.0,0.0,0.0,0.0,0.672198361,0.0,k2465
k1428,0.119047619,0.0,0.0836,0.0,0.0,0.0,0.0,0.0,0.697014773,0.0,k1331
k853,0.19047619,0.0,0.0836,0.0,0.0,0.0,0.0,0.0,0.778505947,0.0,k3042
k1784,0.19047619,0.0,0.0836,0.0,0.0,0.0,0.0,0.0769,0.71893067,0.0,k778
k724,0.0238,0.0,0.0836,0.0,0.0,0.0,0.0,0.0,0.564537617,0.0,k1445
k885,0.0476,0.0,0.0836,0.0,0.0,0.0,0.0,0.0,0.652465654,0.0,k526
k2596,0.0,0.0,0.0836,0.0,0.0,0.0,0.0,0.0,0.576843104,0.0,k569
k253,0.0714,0.0,0.0836,0.0,0.0,0.0,0.0,0.0,0.641812104,0.0,k969
k2061,0.0714,0.0,0.0836,0.0,0.0,0.0,0.0,0.0,0.747896175,0.0,k3168
k1631,0.0,0.0,0.0836,0.0,0.0,0.0,0.0,0.0,0.57490439,0.0,k620
k1760,0.0,0.0,0.0836,0.0,0.0,0.0,0.0,0.0,0.749520619,0.0,k2672
k629,0.0952,0.0,0.0836,0.0,0.0,0.0,0.0,0.0,0.671639083,0.0,k2360
k20,0.0238,0.0,0.0836,0.0,0.0,0.0,0.0,0.0,0.71607785,0.0,k1905
k1780,0.0952,0.0,0.0836,0.0,0.0,0.0,0.0,0.0,0.5804554,0.0,k2560
k592,0.0476,0.0,0.0836,0.0,0.0,0.0,0.0,0.0,0.746841339,0.0,k1826
k597,0.0476,0.0,0.0836,0.0,0.0,0.0,0.0,0.0,0.416159843,0.0,k2755
k274,0.0476,0.0,0.0836,0.0,0.0,0.0,0.0,0.0,0.725098223,0.0,k2324
k409,0.119047619,0.0,0.0836,0.0,0.0,0.0,0.0,0.0,0.649431927,0.0,k2804
k3351,0.238095238,0.0,0.0836,0.0,0.0,0.0,0.0,0.0,0.638891083,0.0,k2
k523,0.0476,0.0,0.0836,0.0,0.0,0.0,0.0,0.0,0.559079946,0.0,k290
k2315,0.0238,0.0,0.0836,0.0,0.0,0.0,0.0,0.0,0.664694814,0.0,k470
k1603,0.0952,0.0,0.628714692,0.0,0.0,0.111111111,0.0,0.384615385,0.531781947,0.0,k3004
k1711,0.142857143,0.0,0.514858767,0.0,0.0,0.0,0.0,0.153846154,0.56942796,0.0,k2110
k1222,0.0,0.0,0.0836,0.0,0.0,0.0,0.0,0.0,0.737875269,0.0,k1948
k2110,0.142857143,0.0,0.0836,0.0,0.0,0.0,0.0,0.0,0.690935471,0.0,k535
k1343,0.0714,0.0,0.0836,0.0,0.0,0.0,0.0,0.0,0.65357692,0.0,k3286
k2809,0.0952,0.0,0.0836,0.0,0.0,0.0,0.0,0.0,0.745026647,0.0,k1452
k2016,0.166666667,0.0,0.0836,0.0,0.0,0.0,0.0,0.0,0.572693099,0.0,k1321
k366,0.0476,0.0,0.0836,0.0,0.0,0.0,0.0,0.0,0.603514156,0.0,k695
k728,0.0714,0.0,0.0836,0.0,0.0,0.0,0.0,0.0,0.613939332,0.0,k622
k3132,0.119047619,0.0,0.0836,0.0,0.0,0.0,0.0,0.0,0.724623551,0.0,k1810
k1279,0.0,0.0,0.0836,0.0,0.0,0.0,0.0,0.0,0.569579703,0.0,k633
k650,0.285714286,0.0,0.0836,0.0,0.0,0.0,0.0,0.0,0.684146742,0.0,k962
k2303,0.380952381,0.0,0.0836,0.0,0.0,0.0,0.0,0.0,0.42484468,0.0,k2826
k1482,0.0952,0.0,0.0836,0.0,0.0,0.0,0.0,0.0,0.579122292,0.0,k2198
k2853,0.0,0.0,0.0836,0.0,0.0,0.0,0.0,0.0,0.681090383,0.0,k1703
k2636,0.119047619,0.0,0.0836,0.0,0.0,0.0,0.0,0.153846154,0.626905943,0.0,k2018
k38,0.142857143,0.0,0.0836,0.0,0.0606,0.0,0.0625,0.0,0.578023102,0.0,k3398
k1948,0.0476,0.0,0.580344309,0.0,0.0,0.0,0.0,0.0,0.753961427,0.0,k750
k1608,0.0,0.0,0.176433227,0.0,0.0,0.0,0.0,0.0,0.655422902,0.0,k447
k1892,0.0476,0.0,0.0836,0.0,0.0,0.0,0.0,0.0,0.746841339,0.0,k279
k1835,0.0476,0.0,0.0836,0.0,0.0,0.0,0.0,0.0,0.406219365,0.0,k502
k689,0.238095238,0.0,0.0836,0.0,0.0,0.0,0.0,0.0,0.68076396,0.0,k1973
k361,0.0,0.0,0.478221628,0.0,0.0,0.0,0.0,0.0,0.777431364,0.0,k1577
k1192,0.142857143,0.0,0.0836,0.0,0.0,0.0,0.0,0.0,0.575337367,0.0,k337
k1563,0.214285714,0.0,0.0836,0.0,0.0,0.0,0.0,0.0,0.575787053,0.0,k3151
k318,0.0714,0.0,0.0836,0.0,0.0,0.0,0.0,0.0,0.621455032,0.0,k2361
k951,0.0952,0.0,0.0836,0.0,0.0,0.0,0.0,0.0,0.717566347,0.0,k3067
k233,0.142857143,0.0,0.0836,0.0,0.0,0.0,0.0,0.0,0.6281167,0.0,k2286
k406,0.19047619,0.0,0.0836,0.0,0.0,0.0,0.0,0.0,0.742019653,0.0,k1590
k416,0.0952,0.0,0.0836,0.0,0.0,0.0,0.0,0.0,0.676479604,0.0,k3109
k1807,0.0238,0.0,0.0836,0.0,0.0,0.0,0.0,0.0,0.56224643,0.0,k2188
k3121,0.142857143,0.0,0.809760989,0.0,0.0,0.0,0.0,0.0,0.770174114,0.0,k2852
k282,0.142857143,0.0,0.0836,0.0,0.121212121,0.0,0.0625,0.461538462,0.534492061,0.0,k242
k2212,0.119047619,0.0,0.0836,0.0,0.0606,0.0,0.0625,0.0,0.578023102,0.0,k1880
k1990,0.0238,0.0,0.529266254,0.0,0.0,0.0,0.0,0.0,0.695857939,0.0,k1871
k825,0.0238,0.0,0.0836,0.0,0.0,0.0,0.0,0.0,0.600773055,0.0,k2634
k129,0.0,0.0,0.0836,0.0,0.0,0.0,0.0,0.0,0.506339954,0.0,k495
k2612,0.0952,0.0,0.0836,0.0,0.0,0.0,0.0,0.0,0.654686134,0.0,k3193
k285,0.0238,0.0,0.0836,0.0,0.0,0.0,0.0,0.0,0.716293465,0.0,k1629
k3353,0.214285714,0.0,0.0836,0.0,0.0,0.111111111,0.0625,0.0769,0.327745665,0.0,k3176
k1071,0.0952,0.0,0.0836,0.0,0.0,0.0,0.125,0.0,0.566904145,0.0,k3422
k1609,0.0238,0.0,0.0836,0.0,0.0,0.0,0.0,0.0769,0.627255454,0.0,k2257
k427,0.142857143,0.0,0.0836,0.0,0.0,0.0,0.0,0.0,0.715520395,0.0,k2234
k1462,0.0,0.0,0.0836,0.0,0.0,0.0,0.0,0.307692308,0.404772563,0.0,k3063
k1234,0.0476,0.0,0.0836,0.0,0.0,0.0,0.0,0.0,0.577781589,0.0,k2020
k2150,0.0714,0.0,0.0836,0.0,0.0,0.0,0.0,0.0,0.727207896,0.0,k92
k1524,0.0714,0.0,0.609694133,0.0,0.0606,0.0,0.1875,0.0,0.576904622,0.0,k2213
k772,0.119047619,0.0,0.0836,0.0,0.0,0.0,0.0,0.0,0.583287334,0.0,k2967
k1397,0.0714,0.0,0.609694133,0.0,0.0606,0.111111111,0.1875,0.0,0.576904622,0.0,k1330
k2375,0.166666667,0.0,0.600534849,0.0,0.0,0.111111111,0.0,0.0,0.575241825,0.0,k915
k2485,0.0714,0.0,0.0836,0.0,0.0,0.0,0.0,0.0769,0.631164401,0.0,k671
k1497,0.0238,0.0,0.0836,0.0,0.0303,0.111111111,0.0625,0.230769231,0.563621385,0.0,k2368
k775,0.142857143,0.0,0.0836,0.0588,0.0,0.0,0.0,0.0,0.570514998,0.0,k2161
k901,0.0952,0.0,0.0836,0.0,0.0,0.0,0.0,0.0,0.684606453,0.0,k567
k2806,0.142857143,0.0,0.0836,0.0,0.0,0.0,0.0,0.0,0.720601137,0.0,k1636
k2539,0.0952,0.0,0.0836,0.0,0.0,0.0,0.0,0.307692308,0.531002344,0.0,k1748
k3431,0.19047619,0.0,0.0836,0.0,0.121212121,0.222222222,0.0625,0.461538462,0.536996813,0.0,k877
k1785,0.0476,0.0,0.612802942,0.0,0.0,0.0,0.0,0.0769,0.688347708,0.0,k1778
k568,0.214285714,0.0,0.670466321,0.0,0.0,0.0,0.0,0.0,0.759109156,0.0,k392
k1756,0.119047619,0.0,0.75106134,0.0,0.0,0.0,0.0,0.0,0.685631214,0.0,k2334
k430,0.0714,0.0,0.0836,0.0,0.0,0.0,0.0,0.0769,0.622744698,0.0,k357
k2066,0.119047619,0.0,0.0836,0.0,0.0606,0.111111111,0.0,0.384615385,0.554169554,0.0,k2920
k2048,0.119047619,0.0,0.0836,0.0,0.0,0.0,0.0,0.0,0.752471183,0.0,k2008
k147,0.19047619,0.0,0.0836,0.0,0.0,0.0,0.0,0.0,0.71125624,0.0,k2860
k1685,0.0238,0.0,0.0836,0.0,0.0,0.0,0.0,0.0769,0.638861387,0.0,k107
k2309,0.142857143,0.0,0.712151095,0.0,0.0,0.0,0.0,0.153846154,0.568872859,0.0,k2503
k2386,0.0476,0.0,0.465151262,0.0,0.0,0.0,0.0,0.0,0.659603514,0.0,k1891
k2515,0.0952,0.0,0.585993649,0.0,0.0606,0.0,0.0625,0.0,0.576360305,0.0,k2191
k750,0.0,0.0,0.415878322,0.0,0.0,0.0,0.0,0.0,0.641426518,0.0,k1233
k1194,0.0714,0.0,0.0836,0.0,0.0,0.0,0.0,0.0,0.577137705,0.0,k642
k884,0.19047619,0.0,0.0836,0.0,0.0,0.0,0.0,0.0,0.778165094,0.0,k934
k1913,0.0476,0.0,0.0836,0.0,0.0,0.0,0.0,0.0,0.431578422,0.0,k665
k840,0.19047619,0.0,0.0836,0.0,0.0,0.0,0.0,0.0,0.664550665,0.0,k2433
k1406,0.238095238,0.0,0.628146415,0.0,0.0,0.0,0.0625,0.0,0.769728758,0.0,k926
k2490,0.119047619,0.0,0.0836,0.0,0.0,0.0,0.0,0.0,0.73369815,0.0,k169
k843,0.0,0.0,0.0836,0.0,0.0,0.0,0.0,0.0,0.647453112,0.0,k706
k1801,0.0476,0.0,0.0836,0.0,0.0,0.0,0.0,0.0,0.724601981,0.0,k1517
k831,0.0,0.0,0.0836,0.0,0.0,0.0,0.0,0.0,0.564261092,0.0,k851
k1819,0.0,0.0,0.297141902,0.0,0.0,0.0,0.0,0.0,0.736293052,0.0,k1900
k3201,0.0,0.0,0.0836,0.0,0.0,0.0,0.0,0.0,0.578366993,0.0,k841
k2217,0.261904762,0.0,0.0836,0.0,0.0,0.0,0.0,0.0,0.696355168,0.0,k2070
k3289,0.0952,0.0,0.0836,0.0,0.0,0.0,0.0,0.0,0.569141105,0.0,k3361
k1372,0.119047619,0.0,0.925956878,0.0,0.0,0.0,0.0,0.0,0.749910913,0.0,k908
k813,0.0238,0.0,0.0836,0.0,0.0,0.0,0.0,0.153846154,0.562770772,0.0,k3112
k1818,0.19047619,0.0,0.0836,0.0,0.0,0.0,0.0,0.0,0.789240761,0.0,k2512
k2399,0.0476,0.0,0.0836,0.0,0.0,0.0,0.0,0.0,0.569628841,0.0,k1398
k3100,0.119047619,0.0,0.0836,0.0,0.0,0.0,0.0,0.0,0.747105029,0.0,k1702
k155,0.0,0.0,0.0836,0.0,0.0,0.0,0.0,0.0,0.605329912,0.0,k476
k1909,0.142857143,0.0,0.0836,0.0,0.0,0.0,0.0,0.0,0.572714213,0.0,k425
k2124,0.0714,0.0,0.536653853,0.0,0.0,0.111111111,0.0,0.153846154,0.570782181,0.0,k3163
k42,0.0,0.0,0.0836,0.0,0.0,0.0,0.0,0.0,0.641052628,0.0,k2919
k1822,0.0238,0.0,0.0836,0.0,0.0,0.0,0.0,0.0,0.657093066,0.0,k22
k2157,0.0952,0.0,0.492328263,0.0,0.0,0.0,0.0,0.0769,0.663046067,0.0,k2813
k3238,0.0952,0.0,0.0836,0.0,0.0,0.0,0.0,0.0,0.674233985,0.0,k21
k3105,0.19047619,0.0,0.326826007,0.0,0.0,0.0,0.0,0.0,0.660246183,0.0,k4
k630,0.142857143,0.0,0.0836,0.0,0.0,0.0,0.0,0.230769231,0.627035814,0.0,k41
k2860,0.19047619,0.0,0.0836,0.0,0.0,0.0,0.0,0.0,0.678415432,0.0,k2444
k270,0.0,0.0,0.0836,0.0,0.0,0.0,0.0,0.0,0.697203427,0.0,k2707
k339,0.261904762,0.0,0.0836,0.0,0.0,0.0,0.0,0.0769,0.570815598,0.0,k1730
k3082,0.0714,0.0,0.0836,0.0,0.0,0.0,0.0,0.0769,0.707962165,0.0,k3096
k3290,0.166666667,0.0,0.0836,0.0,0.0,0.0,0.0,0.0,0.673264438,0.0,k2528
k1928,0.0952,0.0,0.598328598,0.0,0.0,0.0,0.0,0.153846154,0.607571581,0.0,k1161
k1479,0.119047619,0.0,0.0836,0.0,0.0,0.0,0.0,0.0769,0.645894288,0.0,k449
k2595,0.0476,0.0,0.0836,0.0,0.0,0.0,0.0,0.307692308,0.54096948,0.0,k701
k2322,0.0714,0.0,0.0836,0.0,0.0,0.0,0.0,0.0,0.536978434,0.0,k177
k1965,0.0952,0.0,0.0836,0.0,0.0,0.0,0.0,0.0,0.727826261,0.0,k2000
k1238,0.0238,0.0,0.0836,0.0,0.0,0.0,0.0,0.0,0.694568728,0.0,k444
k1204,0.166666667,0.0,0.0836,0.0,0.0,0.0,0.0,0.0,0.564696424,0.0,k430
k1011,0.0714,0.0,0.0836,0.0,0.0,0.0,0.0,0.0,0.575843406,0.0,k716
k280,0.19047619,0.0,0.596222631,0.0,0.0,0.0,0.0625,0.0,0.678363864,0.0,k763
k291,0.166666667,0.0,0.0836,0.0,0.0,0.0,0.0,0.0769,0.661128846,0.0,k2481
k2684,0.214285714,0.0,0.0836,0.0,0.0,0.0,0.0,0.0769,0.714044884,0.0,k2671
k1323,0.0952,0.0,0.75330102,0.0,0.0,0.0,0.0,0.0,0.730604045,0.0,k549
k2784,0.0952,0.0,0.0836,0.0,0.0,0.0,0.0,0.0,0.559668161,0.0,k2519
k1866,0.0476,0.0,0.0836,0.0,0.0,0.0,0.0,0.0,0.576960975,0.0,k2996
k1333,0.19047619,0.0,0.0836,0.0,0.0,0.0,0.0,0.0769,0.725797473,0.0,k2259
k1915,0.19047619,0.0,0.575062678,0.0,0.0,0.222222222,0.0625,0.0,0.612374812,0.0,k3060
k2585,0.261904762,0.0,0.0836,0.0,0.0,0.0,0.0,0.0,0.687183355,0.0,k1366
k1363,0.0,0.0,0.0836,0.0,0.0,0.0,0.0,0.0,0.605963239,0.0,k2991
k2928,0.166666667,0.0,0.739963229,0.0,0.0,0.0,0.0,0.0,0.582361457,0.0,k889
k2574,0.142857143,0.0,0.0836,0.0,0.0,0.0,0.0,0.0769,0.621803327,0.0,k1628
k1141,0.19047619,0.0,0.0836,0.0,0.0,0.0,0.0,0.0,0.720670402,0.0,k1341
k894,0.19047619,0.0,0.0836,0.0,0.0,0.0,0.0625,0.0,0.578590583,0.0,k2570
k1484,0.0238,0.0,0.0836,0.0,0.0,0.0,0.0,0.0,0.597055724,0.0,k2452
k2420,0.166666667,0.0,0.0836,0.0,0.0,0.0,0.0,0.0,0.700383657,0.0,k175
k239,0.0476,0.0,0.0836,0.0,0.0,0.0,0.0,0.0,0.669135622,0.0,k2071
k3411,0.238095238,0.0,0.72488718,0.0,0.0,0.0,0.0,0.0,0.581491401,0.0,k2264
k2747,0.142857143,0.0,0.0836,0.0,0.0,0.0,0.0,0.0,0.778505947,0.0,k2762
k1640,0.119047619,0.0,0.0836,0.0,0.0,0.0,0.0,0.0,0.578240388,0.0,k988
k3083,0.0714,0.0,0.0836,0.0,0.0,0.0,0.0,0.0,0.57376396,0.0,k597
k3308,0.0476,0.0,0.608323583,0.0,0.0606,0.111111111,0.0625,0.0,0.577962952,0.0,k2575
k2330,0.142857143,0.0,0.279090757,0.0,0.0606,0.444444444,0.1875,0.0,0.58118875,0.0,k3040
k1374,0.0714,0.0,0.489353167,0.0,0.0,0.0,0.0,0.0,0.607859195,0.0,k1886
k1336,0.0952,0.0,0.0836,0.0,0.0,0.0,0.0,0.0,0.578151757,0.0,k2478
k1961,0.19047619,0.0,0.0836,0.0,0.0,0.0,0.0,0.0,0.762954155,0.0,k487
k1195,0.30952381,0.0,0.0836,0.0,0.0,0.0,0.0,0.0769,0.432102461,0.0,k499
k1475,0.0476,0.0,0.600467993,0.0,0.0,0.0,0.0,0.0,0.633974767,0.0,k1322
k3198,0.0476,0.0,0.0836,0.0,0.0,0.0,0.0,0.307692308,0.55257192,0.0,k403
k229,0.19047619,0.0,0.0836,0.0,0.0,0.0,0.0,0.0769,0.57316367,0.0,k206
k1068,0.261904762,0.0,0.0836,0.0,0.0,0.0,0.0,0.0,0.695627362,0.0,k878
k3380,0.19047619,0.0,0.0836,0.0,0.0,0.222222222,0.0,0.0,0.301711586,0.0,k469
k883,0.119047619,0.0,0.681531005,0.0,0.0,0.111111111,0.0,0.0,0.623086842,0.0,k2521
k2975,0.0238,0.0,0.0836,0.0,0.0,0.0,0.0,0.153846154,0.562248632,0.0,k1600
k1683,0.404761905,0.0,0.789336453,0.0,0.0,0.0,0.0,0.0,0.682987782,0.0,k653
k584,0.0476,0.0,0.0836,0.0,0.0,0.0,0.0,0.0,0.57077527,0.0,k461
k172,0.0952,0.0,0.571586161,0.0,0.0,0.333333333,0.0,0.0,0.677648589,0.0,k2214
k948,0.142857143,0.0,0.0836,0.0,0.0,0.0,0.0,0.0,0.583208653,0.0,k2882
k2641,0.0,0.0,0.0836,0.0,0.0,0.0,0.0,0.0,0.644050735,0.0,k1380
k2274,0.119047619,0.0,0.0836,0.0,0.0,0.0,0.0,0.0,0.711124851,0.0,k3002
k400,0.142857143,0.0,0.631556076,0.0,0.0,0.111111111,0.0,0.0,0.577693945,0.0,k542
k2226,0.0476,0.0,0.0836,0.0,0.0,0.0,0.0,0.153846154,0.569828507,0.0,k857
k203,0.142857143,0.0,0.0836,0.0,0.0,0.0,0.0,0.0,0.787702518,0.0,k2450
k2862,0.30952381,0.0,0.626709009,0.0,0.0,0.0,0.125,0.0,0.700822862,0.0,k1204
k1183,0.0714,0.0,0.0836,0.0,0.0,0.0,0.0,0.0,0.584354626,0.0,k2585
k3390,0.119047619,0.0,0.0836,0.0,0.0,0.0,0.0,0.0,0.580588764,0.0,k2030
k575,0.0714,0.0,0.0836,0.0,0.0,0.0,0.0,0.0,0.662138645,0.0,k1486
k103,0.19047619,0.0,0.0836,0.0,0.0,0.0,0.0,0.0,0.782445501,0.0,k881
k2362,0.0714,0.0,0.0836,0.0,0.0,0.0,0.0,0.0,0.665148373,0.0,k2069
k2666,0.0714,0.0,0.0836,0.0,0.0,0.0,0.0,0.0,0.62234491,0.0,k124
k1946,0.0476,0.0,0.0836,0.0,0.0,0.0,0.0,0.0,0.659642171,0.0,k551
k322,0.0952,0.0,0.0836,0.0,0.0,0.0,0.0,0.0,0.620694568,0.0,k2770
k1834,0.119047619,0.0,0.636603711,0.0,0.0,0.111111111,0.0,0.0,0.623839255,0.0,k3379
k1140,0.261904762,0.0,0.0836,0.0,0.0,0.222222222,0.0,0.0,0.304170541,0.0,k77
k1386,0.0476,0.0,0.0836,0.0,0.0,0.0,0.0,0.0,0.753697661,0.0,k1690
k2929,0.119047619,0.0,0.0836,0.0,0.0,0.0,0.0,0.0,0.735807823,0.0,k646
k1212,0.19047619,0.0,0.0836,0.0,0.0,0.0,0.0,0.0,0.635438733,0.929976971,k3199
k13,0.0952,0.0,0.0836,0.0,0.0,0.0,0.0,0.0,0.694198408,0.0,k2432
k41,0.119047619,0.0,0.0836,0.0,0.0,0.0,0.0,0.0,0.635177245,0.0,k1937
k708,0.166666667,0.0,0.0836,0.0,0.0,0.0,0.0,0.0,0.779665818,0.0,k886
k1799,0.0238,0.0,0.0836,0.0,0.0,0.0,0.0,0.0,0.512584215,0.0,k1769
k3142,0.0952,0.0,0.0836,0.0,0.0,0.0,0.0,0.0,0.562203823,0.0,k442
k1172,0.0952,0.0,0.73481531,0.0,0.0,0.0,0.0,0.0,0.738585758,0.0,k2811
k2790,0.0952,0.0,0.27374227,0.0,0.0,0.0,0.0,0.153846154,0.574287771,0.0,k1917
k3192,0.0476,0.0,0.0836,0.0,0.121212121,0.0,0.25,0.0,0.574246304,0.0,k1760
k598,0.142857143,0.0,0.509877988,0.0,0.0,0.0,0.0,0.0,0.563919252,0.0,k164
k11,0.119047619,0.0,0.0836,0.0,0.0,0.0,0.0,0.0,0.71449738,0.0,k2616
k1247,0.166666667,0.0,0.0836,0.0,0.0,0.0,0.0,0.0,0.727902133,0.0,k1979
k735,0.19047619,0.0,0.0836,0.0,0.0,0.0,0.0,0.0,0.577067681,0.0,k1227
k978,0.0714,0.0,0.0836,0.0,0.0,0.0,0.0,0.0,0.718126537,0.0,k1283
k624,0.142857143,0.0,0.0836,0.0,0.0,0.0,0.0,0.0,0.788820163,0.0,k3159
k1207,0.119047619,0.0,0.0836,0.0,0.0,0.0,0.0,0.0,0.642143311,0.0,k3419
k1712,0.214285714,0.0,0.0836,0.0,0.0,0.0,0.0,0.0,0.71525716,0.0,k2114
k18,0.0714,0.0,0.638776534,0.0,0.0,0.0,0.0,0.0,0.624692298,0.0,k1119
k2918,0.0952,0.0,0.0836,0.0,0.0,0.0,0.0,0.0,0.694535919,0.0,k361
k2944,0.214285714,0.0,0.0836,0.0,0.0,0.0,0.0,0.0,0.713788409,0.0,k318
k2726,0.0238,0.0,0.475012536,0.0,0.0,0.0,0.0,0.0,0.662996549,0.0,k779
k1869,0.0,0.0,0.0836,0.0,0.0,0.0,0.0,0.0,0.549510016,0.0,k151
k1352,0.119047619,0.0,0.0836,0.0,0.0,0.0,0.0,0.0,0.729721458,0.0,k2617
k2986,0.0952,0.0,0.0836,0.0,0.0,0.0,0.0,0.0769,0.611925354,0.0,k1925
k2092,0.0952,0.0,0.0836,0.0,0.0,0.0,0.0,0.0,0.767846472,0.0,k1033
k1367,0.119047619,0.0,0.0836,0.0,0.0,0.0,0.0,0.0,0.712437529,0.0,k1516
k2513,0.0714,0.0,0.0836,0.235294118,0.0303,0.222222222,0.125,0.0,0.576840142,0.0,k670
k3296,0.0476,0.0,0.0836,0.0588,0.0,0.222222222,0.0,0.0,0.585849579,0.0,k723
k2704,0.0,0.0,0.0836,0.0,0.0,0.0,0.0,0.0,0.607076631,0.0,k182
k1536,0.333333333,0.0,0.595955206,0.0,0.0,0.0,0.125,0.0,0.571723552,0.0,k294
k2032,0.119047619,0.0,0.0836,0.0,0.0,0.0,0.0,0.0,0.756405725,0.0,k3263
k1727,0.0714,0.0,0.0836,0.0,0.0,0.0,0.0,0.0,0.624365724,0.0,k685
k435,0.119047619,0.0,0.0836,0.0,0.0,0.0,0.0,0.0,0.574320049,0.0,k2054
k2608,0.166666667,0.0,0.0836,0.0,0.0,0.0,0.0,0.0,0.692694114,0.0,k1256
k1553,0.142857143,0.0,0.0836,0.0,0.0,0.0,0.0,0.0,0.67995489,0.0,k2710
k2265,0.0714,0.0,0.0836,0.411764706,0.0,0.222222222,0.0,0.0,0.56879843,0.0,k1957
k3040,0.0714,0.0,0.0836,0.0,0.0303,0.222222222,0.0,0.307692308,0.538544777,0.0,k970
k1547,0.0476,0.0,0.0836,0.0,0.0,0.0,0.0,0.0,0.579201277,0.0,k1462
k1853,0.142857143,0.0,0.0836,0.0,0.0,0.0,0.0,0.0,0.698021838,0.0,k1756
k3102,0.166666667,0.0,0.0836,0.0,0.0,0.0,0.0,0.0,0.714832461,0.0,k1610
k1921,0.119047619,0.0,0.0836,0.0,0.0,0.0,0.0,0.0,0.67455942,0.0,k2596
k2958,0.142857143,0.0,0.0836,0.0,0.0,0.0,0.0,0.0,0.76795766,0.0,k2922
k2496,0.0952,0.0,0.0836,0.0,0.0,0.0,0.0,0.0,0.706968846,0.0,k3341
k2506,0.261904762,0.0,0.0836,0.0,0.0,0.0,0.0,0.230769231,0.561169569,0.0,k1475
k2028,0.0714,0.0,0.0836,0.0,0.0,0.0,0.0,0.0,0.739457485,0.0,k2099
k1162,0.0714,0.0,0.0836,0.0,0.0,0.0,0.0,0.0,0.685309652,0.0,k1422
k1824,0.0952,0.0,0.0836,0.0,0.0,0.0,0.0,0.0,0.58976688,0.0,k181
k3219,0.142857143,0.0,0.487180344,0.0,0.0,0.0,0.0,0.0,0.562268455,0.0,k3315
k2921,0.119047619,0.0,0.0836,0.0,0.0,0.0,0.0,0.0,0.744460913,0.0,k1671
k1453,0.119047619,0.0,0.0836,0.0,0.0,0.0,0.0,0.0769,0.674250845,0.0,k2780
k1457,0.238095238,0.0,0.771118168,0.0,0.0,0.0,0.0,0.0,0.747305227,0.0,k2784
k743,0.0476,0.0,0.0836,0.0,0.0,0.0,0.0,0.0,0.761229157,0.0,k1365
k2002,0.0714,0.0,0.0836,0.0,0.0,0.0,0.0,0.0,0.729739077,0.0,k3378
k2121,0.0714,0.0,0.0836,0.0,0.0,0.0,0.0,0.0,0.571860182,0.0,k3272
k326,0.0952,0.0,0.0836,0.0,0.0,0.0,0.0,0.0,0.742322988,0.0,k353
k3302,0.119047619,0.0,0.0836,0.0,0.0,0.0,0.0,0.0,0.730938214,0.0,k2354
k2405,0.119047619,0.0,0.0836,0.0,0.0,0.0,0.0,0.0,0.57112668,0.0,k674
k3000,0.0714,0.0,0.0836,0.0,0.0,0.0,0.0,0.0,0.560173592,0.0,k2650
k493,0.119047619,0.0,0.0836,0.0,0.0,0.0,0.0,0.0,0.741324961,0.0,k1660
k2134,0.142857143,0.0,0.266220959,0.0,0.0606,0.444444444,0.1875,0.0769,0.56524917,0.0,k1437
k1985,0.142857143,0.0,0.0836,0.0,0.0,0.0,0.0,0.0,0.74735072,0.0,k610
k1127,0.142857143,0.0,0.0836,0.0,0.121212121,0.0,0.375,0.0769,0.547002606,0.0,k141
k674,0.0952,0.0,0.0836,0.0,0.0,0.0,0.0,0.0,0.672757108,0.0,k2891
k1368,0.142857143,0.0,0.0836,0.0588,0.0,0.0,0.0,0.0,0.654920888,0.0,k1751
k421,0.0714,0.0,0.0836,0.176470588,0.0,0.0,0.0,0.0,0.566395296,0.0,k3304
k1753,0.119047619,0.0,0.0836,0.0,0.0,0.0,0.0,0.0,0.648319295,0.0,k388
k2429,0.0714,0.0,0.0836,0.176470588,0.0,0.0,0.0,0.0,0.327142262,0.0,k2951
k2013,0.0238,0.0,0.0836,0.0,0.0,0.0,0.0,0.0,0.702934129,0.0,k1559
k81,0.119047619,0.0,0.0836,0.0,0.0,0.0,0.0,0.0,0.714103212,0.0,k2598
k1456,0.285714286,0.0,0.0836,0.0,0.0,0.0,0.0,0.0,0.735144041,0.0,k1236
k21,0.0,0.0,0.0836,0.0,0.0,0.0,0.0,0.0,0.755497923,0.0,k2600
k1701,0.119047619,0.0,0.736419856,0.0,0.0,0.0,0.0,0.0,0.656862413,0.0,k2948
k2350,0.119047619,0.0,0.0836,0.0,0.0,0.0,0.0,0.0,0.724254901,0.0,k1499
k2699,0.285714286,0.0,0.0836,0.0,0.0,0.0,0.0,0.0,0.717184179,0.0,k72
k2553,0.0,0.0,0.0836,0.0,0.0,0.0,0.0,0.0,0.665542237,0.0,k1104
k852,0.19047619,0.0,0.0836,0.0,0.0,0.0,0.0,0.0,0.762691908,0.0,k247
k2241,0.0476,0.0,0.0836,0.0,0.0,0.0,0.0,0.0,0.750773526,0.0,k1225
k839,0.166666667,0.0,0.0836,0.0,0.121212121,0.0,0.125,0.307692308,0.572342069,0.0,k2597
k512,0.0238,0.0,0.343573458,0.0,0.0,0.0,0.0,0.0,0.738051087,0.0,k1158
k2332,0.142857143,0.0,0.0836,0.0,0.0,0.0,0.0,0.0,0.743705159,0.0,k2876
k2823,0.0952,0.0,0.923750627,0.0,0.0,0.0,0.0,0.0,0.730837963,0.0,k1784
k1485,0.0714,0.0,0.0836,0.0,0.0,0.0,0.0,0.0,0.739384879,0.0,k159
k1345,0.0476,0.0,0.0836,0.0,0.0,0.0,0.0,0.307692308,0.531381551,0.0,k1202
k1495,0.0238,0.0,0.0836,0.0,0.0,0.0,0.0,0.0,0.619094656,0.0,k2759
k2131,0.166666667,0.0,0.0836,0.0,0.151515152,0.0,0.125,0.538461538,0.519366791,0.0,k700
k1594,0.0952,0.0,0.0836,0.470588235,0.0,0.222222222,0.0,0.0,0.571640313,0.0,k2729
k3151,0.0714,0.0,0.0836,0.0,0.0,0.0,0.0,0.0,0.554502584,0.0,k692
k178,0.119047619,0.0,0.0836,0.0,0.0,0.0,0.0,0.0769,0.673189326,0.0,k3113
k878,0.19047619,0.0,0.0836,0.0,0.0,0.0,0.0,0.0,0.729078257,0.0,k2815
k740,0.119047619,0.0,0.604546214,0.0,0.0,0.111111111,0.0,0.230769231,0.648173627,0.0,k1381
k1828,0.119047619,0.0,0.0836,0.0,0.0,0.0,0.0,0.0,0.664824912,0.0,k1505
k3120,0.214285714,0.0,0.0836,0.0,0.0,0.0,0.0,0.0,0.728002232,0.0,k3078
k553,0.214285714,0.0,0.0836,0.0,0.0,0.0,0.0,0.0,0.644845375,0.0,k74
k851,0.119047619,0.0,0.0836,0.0,0.0,0.0,0.0,0.0,0.713603705,0.0,k274
k1751,0.0714,0.0,0.651211767,0.0,0.0,0.111111111,0.0,0.0,0.625335802,0.0,k1714
k668,0.166666667,0.0,0.0836,0.0,0.0,0.0,0.0,0.0,0.68635583,0.0,k2884
k3423,0.142857143,0.0,0.804479358,0.0,0.0,0.111111111,0.0,0.0,0.675985033,0.0,k3219
k2008,0.166666667,0.0,0.0836,0.0,0.0,0.0,0.0,0.0,0.681882137,0.0,k1764
k2981,0.0952,0.0,0.0836,0.0,0.0,0.0,0.0,0.0,0.583203868,0.0,k3384
k99,0.142857143,0.0,0.833561758,0.0,0.0,0.0,0.0,0.0,0.790050818,0.0,k3275
k1349,0.142857143,0.0,0.564098278,0.0,0.0606,0.0,0.25,0.230769231,0.619198628,0.0,k3092
k3225,0.0476,0.0,0.0836,0.0,0.0,0.0,0.0,0.0,0.580770051,0.0,k1708
k197,0.19047619,0.0,0.0836,0.0,0.0,0.0,0.0,0.0,0.574419008,0.0,k2328
k3382,0.238095238,0.0,0.754337289,0.0,0.0,0.0,0.0,0.0,0.739080253,0.0,k1216
k2198,0.142857143,0.0,0.0836,0.0,0.0,0.0,0.0,0.0,0.786944561,0.0,k2458
k1160,0.142857143,0.0,0.0836,0.0,0.0,0.0,0.0,0.0,0.70863825,0.0,k1370
k1400,0.214285714,0.0,0.709744275,0.0,0.0,0.0,0.0,0.0,0.580210317,0.0,k2669
k882,0.0714,0.0,0.0836,0.0,0.0,0.0,0.0,0.0,0.729349466,0.0,k2358
k2600,0.0714,0.0,0.0836,0.0,0.0,0.0,0.0,0.0,0.749925192,0.0,k2745
k2337,0.0714,0.0,0.0836,0.0,0.0606,0.0,0.0,0.230769231,0.620354399,0.0,k2173
k126,0.0714,0.0,0.623299348,0.0,0.0,0.111111111,0.0,0.0,0.621903958,0.0,k3153
k2216,0.166666667,0.0,0.844793582,0.0,0.0,0.0,0.0,0.0,0.728770745,0.0,k1343
k2733,0.0476,0.0,0.0836,0.0,0.0,0.0,0.0,0.0,0.578894753,0.0,k1263
k877,0.0714,0.0,0.0836,0.0,0.0,0.0,0.0,0.0,0.562864036,0.0,k292
k2237,0.166666667,0.0,0.0836,0.0,0.0,0.0,0.0,0.0,0.604004854,0.0,k2199
k355,0.166666667,0.0,0.0836,0.0,0.0,0.0,0.0,0.0,0.580814025,0.0,k2937
k1893,0.0238,0.0,0.0836,0.0,0.0,0.0,0.0,0.0,0.751981853,0.0,k268
k1662,0.19047619,0.0,0.0836,0.0,0.0,0.0,0.0,0.0,0.753379137,0.0,k450
k3109,0.0238,0.0,0.0836,0.0,0.0,0.222222222,0.0,0.0,0.604481729,0.0,k1798
k897,0.119047619,0.0,0.0836,0.0,0.0,0.0,0.0,0.0,0.578929537,0.0,k2425
k2883,0.0476,0.0,0.0836,0.0,0.0,0.0,0.0,0.0,0.73070946,0.0,k437
k277,0.261904762,0.0,0.744944008,0.0,0.0,0.0,0.0,0.0,0.738716084,0.0,k1415
k860,0.119047619,0.0,0.0836,0.0,0.0,0.0,0.0,0.0,0.727468092,0.0,k1770
k648,0.0476,0.0,0.0836,0.0,0.0,0.0,0.0,0.153846154,0.582802105,0.0,k1430
k2232,0.238095238,0.0,0.0836,0.0,0.0,0.0,0.0,0.0,0.647469897,0.0,k2065
k3399,0.0476,0.0,0.0836,0.0,0.0,0.0,0.0,0.0,0.64781637,0.0,k2271
k142,0.0238,0.0,0.0836,0.0,0.0,0.0,0.0,0.0,0.577634022,0.0,k694
k2661,0.119047619,0.0,0.0836,0.0,0.0,0.0,0.0,0.0,0.67048111,0.0,k3270
k2982,0.285714286,0.0,0.76834364,0.0,0.0,0.0,0.0,0.0,0.683732904,0.0,k775
k1596,0.119047619,0.0,0.0836,0.235294118,0.0,0.0,0.0,0.0,0.636411394,0.0,k1863
k2242,0.214285714,0.0,0.0836,0.0,0.0,0.0,0.0,0.0,0.646197015,0.0,k2657
k1379,0.142857143,0.0,0.0836,0.0,0.0,0.0,0.0,0.0,0.580818733,0.0,k1286
k1794,0.119047619,0.0,0.0836,0.0,0.0,0.0,0.0,0.0,0.668832895,0.0,k1543
k1758,0.0238,0.0,0.0836,0.0,0.0,0.0,0.0,0.0,0.725911774,0.0,k2255
k1328,0.0476,0.0,0.0836,0.0,0.0,0.0,0.0625,0.0769,0.570024072,0.0,k1879
k3307,0.119047619,0.0,0.0836,0.0,0.0,0.0,0.0,0.0769,0.728668064,0.0,k3256
k2246,0.0,0.0,0.0836,0.0,0.0,0.0,0.0,0.0,0.714258829,0.0,k463
k2766,0.0,0.0,0.0836,0.0,0.0,0.0,0.0,0.0,0.7442254,0.0,k1928
k340,0.142857143,0.0,0.809760989,0.0,0.0,0.0,0.0,0.0,0.770174114,0.0,k1349
k2443,0.0952,0.0,0.0836,0.0,0.0,0.0,0.0,0.0,0.625604581,0.0,k121
k2522,0.0476,0.0,0.608323583,0.0,0.0606,0.0,0.0625,0.0,0.577962952,0.0,k636
k669,0.166666667,0.0,0.0836,0.0,0.0606,0.0,0.1875,0.230769231,0.559414192,0.0,k2072
k466,0.0714,0.0,0.0836,0.0,0.0,0.0,0.0,0.0,0.73115626,0.0,k1582
k1301,0.142857143,0.439023465,0.0836,0.0,0.0,0.0,0.0,0.0,0.67491926,0.425783078,k178
k1648,0.0952,0.0,0.0836,0.0,0.0,0.0,0.0,0.0,0.742903304,0.0,k3185
k2634,0.285714286,0.0,0.0836,0.0,0.0,0.0,0.0,0.0,0.739030128,0.0,k3021
k807,0.119047619,0.0,0.0836,0.0,0.0,0.0,0.0,0.0,0.654104376,0.0,k3257
k876,0.119047619,0.0,0.0836,0.0,0.0,0.0,0.0,0.0,0.655040126,0.0,k3406
k2691,0.0952,0.0,0.636737423,0.0,0.0,0.111111111,0.0,0.0,0.622949377,0.0,k314
k2356,0.0238,0.0,0.0836,0.0,0.0,0.0,0.0,0.0,0.738666415,0.0,k3036
k3376,0.285714286,0.0,0.0836,0.0,0.0,0.0,0.0,0.0,0.72107619,0.0,k136
k473,0.30952381,0.0,0.0836,0.0,0.0,0.0,0.0,0.0,0.636600731,0.0,k2222
k1290,0.0952,0.0,0.0836,0.0,0.0,0.0,0.0,0.0,0.56408778,0.0,k319
k2075,0.0476,0.0,0.0836,0.0,0.0,0.0,0.0,0.0,0.746180291,0.0,k2060
k1833,0.0714,0.0,0.0836,0.0,0.0,0.0,0.0,0.0,0.576953,0.0,k823
k2802,0.119047619,0.0,0.0836,0.0,0.0303,0.0,0.0625,0.230769231,0.633753,0.0,k814
k1802,0.0714,0.0,0.0836,0.0,0.0,0.0,0.0,0.0,0.752631205,0.0,k1638
k2357,0.0714,0.0,0.0836,0.0,0.0,0.0,0.0,0.0,0.657441134,0.0,k3376
k3103,0.0714,0.0,0.0836,0.0,0.0,0.0,0.0,0.0769,0.68488427,0.0,k1089
k639,0.0714,0.0,0.0836,0.0,0.0,0.0,0.0,0.0,0.678709957,0.0,k1148
k1086,0.0476,0.0,0.0836,0.176470588,0.0,0.0,0.0,0.0769,0.311734923,0.0,k1240
k2354,0.0,0.0,0.0836,0.0,0.0,0.0,0.0,0.0,0.702538518,0.0,k1017
k976,0.0476,0.0,0.0836,0.0,0.0,0.0,0.0,0.153846154,0.550448729,0.0,k1984
k2373,0.0714,0.0,0.0836,0.0,0.0,0.0,0.0,0.0,0.664564715,0.0,k554
k2298,0.119047619,0.0,0.0836,0.0,0.0,0.0,0.0,0.0,0.654733981,0.0,k332
k2204,0.119047619,0.0,0.0836,0.0,0.0,0.0,0.0,0.0,0.639585244,0.0,k1726
k929,0.142857143,0.0,0.0836,0.0,0.0,0.0,0.0,0.0,0.573810212,0.0,k228
k1927,0.0476,0.0,0.0836,0.0,0.0909,0.333333333,0.0625,0.307692308,0.561047369,0.0,k1479
k1180,0.119047619,0.0,0.665853251,0.0,0.0,0.0,0.0,0.0769,0.617250724,0.0,k452
k1888,0.119047619,0.0,0.0836,0.0,0.0,0.0,0.0,0.0,0.657242911,0.0,k2544
k3422,0.166666667,0.0,0.0836,0.0,0.0,0.0,0.0,0.0,0.686908197,0.0,k2104
k1815,0.0714,0.0,0.0836,0.0,0.0,0.0,0.0,0.0,0.645479082,0.0,k2189
k240,0.142857143,0.0,0.0836,0.0,0.0,0.0,0.0,0.0,0.665092172,0.0,k1460
k2948,0.119047619,0.0,0.0836,0.0,0.0,0.0,0.0,0.0,0.741827354,0.0,k387
k1706,0.0476,0.0,0.0836,0.0,0.121212121,0.0,0.25,0.0,0.539795102,0.0,k277
k1641,0.285714286,0.0,0.576700652,0.0,0.0,0.0,0.125,0.0,0.62552476,0.0,k1136
k1896,0.238095238,0.0,0.0836,0.0,0.0606,0.0,0.125,0.0,0.645287618,0.0,k2341
k1430,0.0952,0.0,0.0836,0.0,0.0,0.0,0.0,0.0,0.70024604,0.0,k753
k3170,0.166666667,0.0,0.0836,0.0,0.0,0.0,0.0,0.0,0.674845819,0.0,k2098
k456,0.142857143,0.0,0.0836,0.0,0.0,0.0,0.0,0.0,0.695124741,0.0,k2241
k1178,0.333333333,0.0,0.615310045,0.0,0.0,0.0,0.0,0.0769,0.646362277,0.0,k2604
k2005,0.0714,0.0,0.0836,0.0,0.0,0.111111111,0.0,0.0,0.539725762,0.0,k1239
k76,0.0476,0.0,0.605950192,0.0,0.0303,0.0,0.1875,0.153846154,0.56453982,0.0,k960
k3413,0.119047619,0.0,0.0836,0.0,0.0,0.0,0.0,0.0,0.576374128,0.0,k3306
k980,0.0952,0.0,0.827644994,0.0,0.0,0.0,0.0,0.0,0.712183333,0.0,k1470
k868,0.357142857,0.0,0.884104964,0.0,0.0,0.0,0.0,0.0,0.753259367,0.0,k1377
k2734,0.119047619,0.0,0.0836,0.0,0.0,0.0,0.0,0.0,0.694715307,0.0,k2367
k45,0.119047619,0.0,0.0836,0.0,0.0,0.0,0.0,0.0,0.582842433,0.0,k3277
k2620,0.238095238,0.0,0.606217617,0.0,0.0,0.0,0.0,0.0,0.565713134,0.0,k2238
k342,0.119047619,0.0,0.0836,0.176470588,0.0,0.0,0.0,0.0,0.676057487,0.0,k2527
k1747,0.119047619,0.0,0.0836,0.0,0.0,0.0,0.0,0.0,0.778975986,0.0,k1345
k1177,0.0,0.432388843,0.0836,0.0,0.0,0.0,0.0,0.0,0.529970824,0.0,k1502
k988,0.0714,0.0,0.741935484,0.0,0.0,0.0,0.0,0.0,0.745652835,0.0,k1277
k2999,0.238095238,0.0,0.0836,0.0,0.0,0.0,0.0,0.0,0.687348997,0.0,k1231
k1416,0.0952,0.0,0.0836,0.0,0.0,0.0,0.0,0.0,0.662049407,0.0,k2573
k1619,0.0,0.0,0.0836,0.0,0.0,0.0,0.0,0.0,0.443281189,0.0,k2482
k65,0.119047619,0.0,0.813772355,0.0,0.0,0.0,0.125,0.0,0.583904561,0.0,k1752
k1322,0.0714,0.0,0.0836,0.0,0.0,0.222222222,0.0,0.0,0.65603466,0.0,k718
k457,0.119047619,0.0,0.0836,0.0,0.0,0.0,0.0,0.0,0.71418797,0.0,k3230
k3043,0.119047619,0.0,0.0836,0.0,0.0,0.0,0.0,0.0769,0.702268145,0.0,k3354
k72,0.19047619,0.0,0.0836,0.0,0.0,0.0,0.0,0.0,0.728133469,0.0,k2246
k1311,0.0952,0.0,0.0836,0.0,0.0,0.0,0.0,0.0,0.668695278,0.0,k3175
k933,0.142857143,0.0,0.0836,0.0,0.181818182,0.0,0.1875,0.615384615,0.546601071,0.0,k1875
k1568,0.0238,0.0,0.0836,0.0,0.0,0.0,0.0,0.0,0.672886143,0.0,k397
k2247,0.238095238,0.0,0.0836,0.0,0.0,0.0,0.0,0.153846154,0.652063512,0.0,k2414
k3322,0.119047619,0.0,0.0836,0.0,0.0,0.0,0.0,0.0,0.553367699,0.0,k942
k2205,0.0952,0.524900386,0.0836,0.0,0.0,0.0,0.0,0.0,0.730007097,0.0,k1675
k2453,0.166666667,0.0,0.0836,0.0,0.0,0.0,0.0,0.0,0.574296429,0.0,k78
k1111,0.285714286,0.0,0.0836,0.0,0.0,0.0,0.0,0.0,0.746758556,0.0,k2280
k2561,0.119047619,0.0,0.0836,0.0,0.0,0.0,0.0,0.0,0.76952013,0.0,k2129
k2404,0.214285714,0.0,0.0836,0.0,0.121212121,0.0,0.375,0.153846154,0.555183303,0.0,k1401
k1963,0.119047619,0.0,0.0836,0.0,0.0,0.0,0.0,0.0,0.641198979,0.0,k2456
k1757,0.142857143,0.0,0.0836,0.0,0.0,0.0,0.0,0.0,0.420649562,0.0,k2312
k206,0.19047619,0.0,0.0836,0.0,0.0,0.0,0.0,0.0,0.749741019,0.0,k845
k485,0.0,0.0,0.0836,0.0,0.0,0.0,0.0,0.0,0.558560009,0.0,k777
k526,0.166666667,0.0,0.0836,0.0588,0.0,0.0,0.0,0.0,0.569739573,0.0,k2372
k727,0.119047619,0.0,0.0836,0.0,0.0606,0.0,0.0625,0.0,0.54531862,0.0,k2591
k736,0.119047619,0.0,0.0836,0.0,0.0,0.0,0.0,0.0,0.756376181,0.0,k2190
k1324,0.142857143,0.0,0.0836,0.0,0.0,0.0,0.0,0.0,0.727468092,0.0,k1704
k821,0.261904762,0.0,0.0836,0.0,0.0,0.0,0.0,0.0,0.726749856,0.0,k623
k587,0.0238,0.0,0.473842554,0.0,0.0,0.0,0.0,0.0,0.608415511,0.0,k1514
k907,0.19047619,0.0,0.0836,0.0,0.0,0.0,0.0,0.0,0.715008887,0.0,k2102
k360,0.0238,0.0,0.0836,0.0,0.0909,0.333333333,0.25,0.615384615,0.533838304,0.0,k2783
k267,0.166666667,0.0,0.0836,0.0,0.0,0.0,0.0,0.0,0.57472971,0.0,k2411
k2523,0.119047619,0.0,0.0836,0.0,0.0,0.0,0.0,0.0,0.754815838,0.0,k2135
k242,0.0714,0.0,0.0836,0.0,0.0,0.0,0.0,0.0,0.681319137,0.0,k1386
k2244,0.119047619,0.0,0.0836,0.0,0.0,0.0,0.0,0.0,0.626334437,0.0,k114
k2431,0.0476,0.0,0.549389938,0.0,0.0,0.0,0.0,0.0,0.681983451,0.0,k3209
k623,0.30952381,0.0,0.0836,0.0,0.0,0.0,0.0,0.0,0.751192226,0.0,k2179
k411,0.142857143,0.0,0.0836,0.0,0.0,0.0,0.0,0.0,0.72888254,0.0,k558
k1225,0.0476,0.0,0.0836,0.0,0.0,0.0,0.0,0.0,0.757649747,0.0,k2706
k2033,0.142857143,0.0,0.0836,0.0,0.0,0.0,0.0,0.0,0.701724512,0.0,k954
k1171,0.0714,0.0,0.0836,0.0,0.0303,0.0,0.0,0.0,0.595210957,0.0,k3252
k188,0.0238,0.0,0.0836,0.0,0.0,0.0,0.0,0.0,0.568405249,0.0,k91
k783,0.0238,0.0,0.0836,0.0,0.0,0.0,0.0,0.0,0.597077141,0.0,k638
k2968,0.0952,0.0,0.0836,0.0,0.0,0.0,0.0,0.0,0.742486579,0.0,k1399
k1371,0.333333333,0.0,0.0836,0.0,0.0,0.0,0.0,0.0,0.641416037,0.0,k2177
k228,0.0476,0.0,0.0836,0.0,0.0,0.0,0.0,0.0,0.746827213,0.0,k1791
k3185,0.214285714,0.0,0.0836,0.0,0.0,0.0,0.0,0.0,0.686484106,0.0,k2694
k1196,0.142857143,0.0,0.0836,0.0,0.0,0.0,0.0,0.0,0.567566636,0.0,k1447
k1789,0.0714,0.0,0.0836,0.0,0.0,0.0,0.0,0.0,0.648039124,0.0,k1440
k786,0.0238,0.0,0.0836,0.0,0.0,0.0,0.0,0.0,0.725920584,0.0,k1197
k1466,0.261904762,0.0,0.0836,0.0,0.0,0.0,0.0,0.0,0.724979745,0.0,k2699
k2735,0.0714,0.0,0.0836,0.0,0.0,0.0,0.0,0.0,0.7279496,0.0,k240
k2143,0.0238,0.0,0.0836,0.0,0.0,0.0,0.0,0.0,0.621721608,0.0,k1047
k2374,0.0952,0.0,0.0836,0.0,0.0,0.0,0.0,0.0,0.562346453,0.0,k1902
k1924,0.0714,0.0,0.0836,0.117647059,0.0,0.0,0.0,0.0,0.65577454,0.0,k803
k642,0.142857143,0.0,0.0836,0.0,0.0,0.0,0.0,0.0,0.789034411,0.0,k2249
k2743,0.119047619,0.0,0.0836,0.0,0.0,0.444444444,0.0,0.0,0.344675906,0.0,k655
k1211,0.0952,0.0,0.0836,0.0,0.0,0.0,0.0,0.0,0.750812032,0.955795623,k769
k1303,0.142857143,0.0,0.0836,0.0,0.0,0.0,0.0,0.0,0.625945738,0.0,k1619
k605,0.0952,0.0,0.0836,0.0,0.0,0.0,0.0,0.0,0.717225494,0.0,k466
k3139,0.0714,0.0,0.606217617,0.0,0.0,0.0,0.0,0.0,0.575167776,0.0,k2197
k2221,0.0952,0.0,0.0836,0.0,0.0,0.0,0.0,0.0,0.685735186,0.0,k2609
k2127,0.119047619,0.0,0.0836,0.0,0.0,0.0,0.0,0.0,0.776376528,0.0,k1293
k1550,0.19047619,0.0,0.0836,0.0,0.0,0.0,0.0,0.0,0.742597843,0.0,k375
k1661,0.166666667,0.0,0.0836,0.0,0.0,0.222222222,0.0,0.0,0.64023733,0.0,k1693
k602,0.0714,0.0,0.351395621,0.0,0.0,0.0,0.0,0.0,0.748623981,0.0,k3269
k1050,0.238095238,0.0,0.0836,0.0,0.0,0.0,0.0,0.0,0.582030933,0.0,k1269
k276,0.142857143,0.0,0.838943674,0.0,0.0,0.0,0.0,0.0,0.715078228,0.0,k2394
k204,0.0952,0.0,0.0836,0.0,0.0,0.0,0.0,0.0,0.650894146,0.0,k711
k637,0.0,0.0,0.0836,0.0,0.0,0.0,0.0,0.0,0.651934932,0.0,k2462
k490,0.0714,0.0,0.0836,0.0,0.0,0.0,0.0,0.0,0.564393089,0.0,k548
k193,0.0952,0.0,0.55945178,0.0,0.0,0.0,0.0,0.0,0.666720108,0.0,k2664
k439,0.119047619,0.0,0.0836,0.0,0.0,0.0,0.0,0.0,0.787131088,0.0,k895
k118,0.166666667,0.0,0.0836,0.0,0.0,0.0,0.0,0.0,0.711429325,0.0,k2509
k3386,0.0714,0.0,0.0836,0.0,0.0,0.0,0.0,0.0,0.62199874,0.0,k3074
k1748,0.166666667,0.0,0.0836,0.0,0.0,0.0,0.0,0.0,0.731348103,0.0,k1023
k857,0.0476,0.0,0.689954872,0.0,0.0,0.0,0.0,0.0,0.730470377,0.0,k2846
k332,0.0476,0.0,0.0836,0.0,0.0,0.0,0.0,0.0,0.698846629,0.0,k2265
k3231,0.30952381,0.0,0.506869463,0.0,0.0,0.0,0.125,0.0,0.561127646,0.0,k2501
k1904,0.0952,0.0,0.486010363,0.0,0.0,0.333333333,0.0,0.0,0.661342638,0.0,k129
k1193,0.238095238,0.0,0.0836,0.0,0.0,0.0,0.0,0.0,0.749120527,0.0,k102
k106,0.142857143,0.0,0.0836,0.0,0.0,0.0,0.0,0.0769,0.648654603,0.0,k2953
k1221,0.0476,0.0,0.0836,0.0,0.0,0.0,0.0,0.0,0.657180937,0.0,k3127
k660,0.166666667,0.0,0.758916931,0.0,0.0,0.0,0.0,0.0,0.769757922,0.0,k2805
k3216,0.142857143,0.0,0.500551563,0.0,0.0,0.0,0.0,0.0,0.563206104,0.0,k2088
k685,0.0952,0.0,0.0836,0.0,0.0,0.0,0.0,0.0,0.348305518,0.0,k1549
k1001,0.0714,0.0,0.0836,0.0,0.0,0.0,0.0,0.0,0.548451535,0.0,k2677
k1046,0.261904762,0.0,0.0836,0.0,0.0,0.0,0.0,0.0,0.725906609,0.0,k2084
k1403,0.0714,0.0,0.0836,0.0,0.0,0.0,0.0,0.0,0.735941415,0.0,k2097
k1646,0.0714,0.0,0.0836,0.0,0.0,0.0,0.0,0.0,0.58263502,0.0,k2138
k245,0.0,0.0,0.0836,0.0,0.0,0.0,0.0,0.0,0.654368066,0.0,k3077
k717,0.0238,0.0,0.0836,0.0,0.0,0.0,0.0,0.0,0.746182038,0.0,k3260
k1329,0.0476,0.0,0.0836,0.0,0.0,0.0,0.0,0.0,0.682802698,0.0,k2148
k1875,0.0238,0.0,0.0836,0.0,0.0,0.0,0.0,0.0,0.757059102,0.0,k413
k35,0.0714,0.0,0.0836,0.0,0.0,0.0,0.0,0.0769,0.648193981,0.0,k222
k2023,0.166666667,0.0,0.0836,0.0,0.0,0.0,0.0,0.0,0.710885768,0.0,k3237
k2946,0.0952,0.0,0.0836,0.0,0.0,0.111111111,0.0,0.0,0.69879863,0.0,k3332
k1230,0.0238,0.0,0.0836,0.0,0.0,0.0,0.0,0.0,0.691990307,0.0,k2474
k1239,0.0714,0.0,0.0836,0.0,0.0,0.0,0.0,0.0,0.57823773,0.0,k0
k1786,0.0,0.0,0.0836,0.0,0.0,0.0,0.0,0.0,0.717950794,0.0,k2294
k1342,0.0476,0.0,0.584522815,0.0,0.0,0.111111111,0.0,0.0,0.574986413,0.0,k415
k1215,0.0,0.0,0.0836,0.0,0.0,0.0,0.0,0.0,0.71101936,0.0,k2039
k771,0.0952,0.0,0.0836,0.0,0.0,0.0,0.0,0.0,0.57823773,0.0,k3051
k1773,0.0476,0.0,0.0836,0.0,0.0,0.0,0.0,0.0,0.574438907,0.0,k1532
k268,0.357142857,0.0,0.819421695,0.0,0.0,0.0,0.125,0.0,0.683809915,0.0,k1165
k1537,0.0952,0.0,0.533478188,0.0,0.0,0.0,0.0,0.0769,0.570130931,0.0,k883
k2783,0.142857143,0.0,0.0836,0.0,0.0,0.0,0.0,0.0769,0.659828547,0.0,k1213
k1467,0.142857143,0.0,0.0836,0.0,0.0,0.0,0.0,0.0,0.744165249,0.0,k128
k3147,0.0476,0.0,0.0836,0.0,0.0,0.0,0.0,0.0,0.714786285,0.0,k1571
k2725,0.19047619,0.0,0.725020893,0.0,0.0,0.222222222,0.0,0.0,0.679522217,0.0,k2652
k2530,0.0,0.0,0.0836,0.0,0.0,0.0,0.0,0.0,0.711504589,0.0,k1260
k3034,0.0952,0.0,0.0836,0.0,0.0,0.0,0.0,0.0,0.681308352,0.0,k2064
k1452,0.0714,0.0,0.871770015,0.0,0.0,0.0,0.0,0.0,0.732238969,0.0,k1601
k3263,0.142857143,0.0,0.0836,0.0,0.0,0.0,0.0,0.0,0.753838544,0.0,k1944
k2169,0.119047619,0.0,0.0836,0.0,0.0,0.111111111,0.0,0.0,0.673456965,0.0,k651
k1549,0.261904762,0.0,0.0836,0.0,0.0,0.0,0.0,0.0,0.693073472,0.0,k1206
k1060,0.0238,0.0,0.0836,0.0,0.0,0.111111111,0.0,0.0,0.631028227,0.0,k1457
k2722,0.0,0.0,0.0836,0.0,0.0,0.0,0.0,0.0,0.618855497,0.0,k2966
k506,0.238095238,0.0,0.0836,0.0,0.0,0.0,0.0,0.0,0.647190789,0.0,k1749
k455,0.119047619,0.0,0.269095771,0.0,0.0,0.0,0.0,0.0,0.564414658,0.0,k3039
k55,0.119047619,0.0,0.0836,0.0,0.0,0.0,0.0,0.0,0.709167149,0.0,k1528
k2230,0.119047619,0.0,0.0836,0.0,0.0,0.0,0.0,0.0,0.789054234,0.0,k1489
k2141,0.0714,0.0,0.650342637,0.0,0.0,0.0,0.0,0.153846154,0.577190716,0.0,k2668
k505,0.142857143,0.0,0.732408491,0.0,0.0,0.0,0.0,0.0,0.582681348,0.0,k2087
k1936,0.0714,0.0,0.0836,0.0,0.0,0.0,0.0,0.0,0.574808088,0.0,k2310
k1974,0.19047619,0.0,0.0836,0.0,0.0,0.0,0.0,0.0,0.723691825,0.0,k3073
k993,0.0952,0.0,0.0836,0.0,0.0,0.0,0.0,0.0,0.707197828,0.0,k2955
k2859,0.142857143,0.0,0.0836,0.0,0.0,0.0,0.0,0.0,0.572955878,0.0,k2273
k1995,0.119047619,0.0,0.0836,0.0,0.0,0.0,0.0,0.0,0.582553832,0.0,k2722
k694,0.142857143,0.0,0.0836,0.0,0.0,0.0,0.0,0.0,0.710967411,0.0,k2178
k1840,0.0,0.0,0.0836,0.0,0.0,0.0,0.0,0.0,0.583642997,0.0,k26
k2644,0.0952,0.0,0.0836,0.0,0.0,0.0,0.0,0.0,0.71333804,0.0,k2513
k621,0.166666667,0.0,0.0836,0.0,0.0,0.0,0.0,0.0,0.787065621,0.0,k1115
k3370,0.0952,0.0,0.300183854,0.0,0.0,0.0,0.0,0.0769,0.736981897,0.0,k1252
k3077,0.0952,0.0,0.0836,0.0,0.0,0.0,0.0,0.0,0.629839799,0.0,k2595
k2521,0.19047619,0.0,0.0836,0.0,0.0,0.0,0.0,0.0,0.567665747,0.0,k2515
k496,0.0476,0.0,0.0836,0.0,0.0,0.0,0.0,0.0,0.628565854,0.0,k2971
k104,0.166666667,0.0,0.0836,0.0,0.0,0.0,0.0,0.0,0.787027572,0.0,k3266
k3421,0.119047619,0.0,0.473006853,0.0,0.0,0.0,0.0,0.0,0.612392508,0.0,k816
k730,0.0952,0.0,0.0836,0.0,0.0,0.0,0.0,0.0,0.576844699,0.0,k3056
k119,0.0,0.0,0.0836,0.0,0.0,0.0,0.0,0.0,0.723942756,0.0,k735
k2659,0.166666667,0.0,0.0836,0.0,0.0,0.0,0.0,0.0,0.787780592,0.0,k3359
k3157,0.142857143,0.0,0.0836,0.0,0.0,0.111111111,0.0,0.0,0.578809767,0.0,k2879
k1540,0.19047619,0.0,0.0836,0.0,0.0,0.0,0.0,0.0,0.698909134,0.0,k1765
k2178,0.119047619,0.0,0.0836,0.0,0.0,0.0,0.0,0.0,0.699905187,0.0,k2746
k2786,0.142857143,0.0,0.0836,0.0,0.0,0.0,0.0,0.0,0.721809692,0.0,k1621
k3275,0.142857143,0.0,0.0836,0.0,0.0606,0.0,0.0625,0.153846154,0.568398642,0.0,k559
k3223,0.0714,0.0,0.0836,0.0,0.0,0.0,0.0,0.0,0.543792073,0.0,k2869
k2677,0.0476,0.0,0.0836,0.0,0.0,0.0,0.0,0.0,0.539762217,0.0,k1713
k2824,0.119047619,0.0,0.0836,0.0,0.0,0.0,0.0,0.0,0.678515303,0.0,k2486
k2727,0.261904762,0.0,0.0836,0.0,0.0,0.0,0.0,0.0,0.703604595,0.0,k1709
k2994,0.0238,0.416463222,0.0836,0.0,0.0,0.0,0.0,0.0,0.556228494,0.0,k1547
k1881,0.0714,0.0,0.0836,0.0,0.0,0.0,0.0,0.153846154,0.632747833,0.0,k1142
k1448,0.166666667,0.0,0.0836,0.0,0.0,0.0,0.0,0.0769,0.72884806,0.0,k2750
k2454,0.0714,0.0,0.0836,0.0,0.0,0.0,0.0,0.0,0.744070619,0.0,k2351
k3127,0.119047619,0.0,0.641116497,0.0,0.0,0.0,0.0,0.0,0.58287904,0.0,k2027
k2359,0.0476,0.0,0.729433395,0.0,0.0,0.0,0.0,0.0,0.756158971,0.0,k1747
k2203,0.0952,0.0,0.639712519,0.0,0.0,0.0,0.0,0.0,0.623396252,0.0,k588
k1643,0.119047619,0.0,0.0836,0.0,0.0,0.0,0.0,0.0,0.717049676,0.0,k311
k317,0.166666667,0.0,0.0836,0.0,0.0,0.0,0.0,0.0,0.787329388,0.0,k2437
k3030,0.0714,0.0,0.665853251,0.0,0.0,0.0,0.0,0.0,0.68128815,0.0,k555
k300,0.238095238,0.0,0.0836,0.0,0.0,0.0,0.0,0.0,0.748774206,0.0,k3227
k3165,0.0952,0.0,0.0836,0.0,0.0,0.0,0.0,0.0,0.705344403,0.0,k2479
k399,0.0476,0.0,0.0836,0.0,0.0,0.0,0.0,0.0769,0.631747299,0.0,k2834
k1684,0.119047619,0.0,0.0836,0.0,0.0,0.0,0.0,0.0,0.711550917,0.0,k115
k1566,0.142857143,0.0,0.0836,0.0,0.0,0.0,0.0,0.0,0.578436485,0.0,k119
k1033,0.119047619,0.0,0.0836,0.0,0.0,0.0,0.0,0.0,0.670681004,0.0,k3380
k722,0.238095238,0.0,0.0836,0.0,0.0,0.0,0.0,0.0769,0.654489582,0.0,k1391
k481,0.0,0.0,0.0836,0.0,0.0,0.0,0.0,0.0,0.561549003,0.0,k2121
k334,0.166666667,0.0,0.0836,0.0,0.0,0.0,0.0,0.0,0.710072065,0.0,k94
k1353,0.119047619,0.0,0.0836,0.117647059,0.0,0.0,0.0,0.0,0.568694306,0.0,k1585
k2083,0.0952,0.0,0.0836,0.0,0.0,0.0,0.0,0.0,0.582523985,0.0,k662
k2587,0.119047619,0.0,0.649038944,0.0,0.0,0.0,0.0,0.0,0.583534924,0.0,k1966
k2869,0.119047619,0.0,0.0836,0.0,0.0,0.0,0.0,0.0769,0.669513385,0.0,k898
k2848,0.0476,0.0,0.0836,0.0,0.0,0.0,0.0,0.0,0.606066756,0.0,k478
k1480,0.0,0.0,0.0836,0.0,0.0,0.111111111,0.0,0.0,0.604771089,0.0,k844
k2476,0.19047619,0.0,0.0836,0.0,0.0,0.0,0.0,0.0,0.580819569,0.0,k1977
k2174,0.285714286,0.0,0.0836,0.0,0.0,0.0,0.0,0.0,0.647995302,0.0,k2782
k2653,0.142857143,0.0,0.0836,0.0,0.0,0.0,0.0,0.0,0.698755264,0.0,k1438
k2709,0.0714,0.0,0.0836,0.0,0.0,0.0,0.0,0.0,0.736468871,0.0,k3068
k3217,0.0714,0.0,0.0836,0.0,0.0,0.0,0.0,0.0,0.572277818,0.0,k1317
k1624,0.0476,0.0,0.0836,0.0,0.0,0.0,0.0,0.0,0.718216838,0.0,k1860
k1493,0.119047619,0.0,0.0836,0.0,0.0,0.0,0.0,0.0,0.695011351,0.0,k731
k3173,0.0238,0.0,0.0836,0.0,0.0,0.0,0.0,0.0,0.573257542,0.0,k2786
k1190,0.0476,0.0,0.0836,0.0,0.0,0.0,0.0,0.0769,0.569118701,0.0,k722
k1061,0.0238,0.0,0.0836,0.0,0.0,0.0,0.0,0.0,0.530076619,0.0,k3333
k1361,0.0952,0.0,0.0836,0.0,0.0,0.0,0.0,0.0,0.739376449,0.0,k2299
k1741,0.261904762,0.0,0.454387431,0.0,0.0,0.0,0.0625,0.230769231,0.560821653,0.0,k880
k2069,0.142857143,0.0,0.0836,0.0,0.0,0.0,0.0,0.0,0.578244945,0.0,k2638
k3115,0.0476,0.0,0.0836,0.0,0.0,0.0,0.0,0.153846154,0.564358305,0.0,k500
k2977,0.0714,0.0,0.0836,0.0,0.0,0.0,0.0,0.0769,0.569779521,0.0,k2985
k1078,0.119047619,0.0,0.0836,0.0,0.0606,0.0,0.0625,0.0,0.568728026,0.0,k322
k733,0.19047619,0.0,0.844225305,0.0,0.0,0.0,0.0,0.0,0.766584223,0.0,k1965
k1266,0.0476,0.0,0.0836,0.0,0.0,0.0,0.0,0.153846154,0.575268786,0.0,k1623
k1960,0.0952,0.0,0.0836,0.0,0.0,0.0,0.0,0.0,0.748159865,0.0,k1624
k2314,0.142857143,0.0,0.0836,0.0,0.0,0.0,0.0,0.0,0.786582974,0.0,k1918
k603,0.166666667,0.0,0.0836,0.0,0.0,0.0,0.0,0.0,0.787547357,0.0,k3387
k380,0.0714,0.0,0.0836,0.0588,0.0,0.0,0.0,0.0,0.620831578,0.0,k2132
k405,0.0476,0.0,0.589771018,0.0,0.0,0.0,0.0,0.230769231,0.637229805,0.0,k1151
k2563,0.0952,0.0,0.0836,0.0,0.0,0.0,0.0,0.0,0.725608819,0.0,k8
k1185,0.0476,0.0,0.0836,0.0,0.0,0.0,0.0,0.0,0.74068814,0.0,k2877
k797,0.0,0.0,0.0836,0.0,0.0,0.0,0.0,0.0,0.632422929,0.0,k345
k2880,0.0,0.0,0.0836,0.0,0.0,0.0,0.0,0.0,0.622020006,0.0,k1102
k2604,0.119047619,0.0,0.0836,0.0588,0.0,0.0,0.0,0.0,0.673432358,0.0,k2747
k1814,0.142857143,0.0,0.0836,0.0,0.0,0.0,0.0,0.0,0.767824068,0.0,k1723
k1107,0.0476,0.0,0.645228146,0.0,0.0,0.0,0.0,0.0,0.62642603,0.0,k2252
k3298,0.0714,0.0,0.0836,0.0,0.0,0.0,0.0,0.0,0.579217302,0.0,k2174
k525,0.0238,0.0,0.0836,0.0,0.0,0.0,0.0,0.0,0.741960946,0.0,k1542
k1174,0.0714,0.0,0.0836,0.0,0.0,0.0,0.0,0.0,0.702538518,0.0,k2386
k2997,0.166666667,0.0,0.0836,0.0,0.0,0.0,0.0,0.153846154,0.680096381,0.0,k1423
k2776,0.0952,0.0,0.0836,0.235294118,0.0,0.222222222,0.0,0.0,0.579821465,0.0,k1259
k1489,0.119047619,0.0,0.0836,0.0,0.0,0.0,0.0,0.153846154,0.572848944,0.0,k2538
k1501,0.0952,0.0,0.618686278,0.0,0.0,0.111111111,0.0,0.0769,0.628863721,0.0,k3429
k2323,0.0714,0.0,0.355674411,0.0,0.0,0.222222222,0.0,0.0,0.601353295,0.0,k3424
k3095,0.142857143,0.0,0.0836,0.0,0.0,0.0,0.0,0.0,0.723939263,0.0,k3382
k2115,0.30952381,0.0,0.0836,0.0,0.0,0.0,0.0,0.0,0.71061023,0.0,k819
k716,0.0,0.0,0.0836,0.0,0.0,0.0,0.0,0.0,0.767410457,0.0,k2572
k2584,0.0714,0.0,0.367909076,0.0,0.0,0.0,0.0,0.0769,0.666230702,0.0,k485
k3280,0.0476,0.0,0.322747785,0.0,0.0,0.0,0.0,0.0,0.585264554,0.0,k321
k606,0.285714286,0.0,0.0836,0.0,0.0,0.0,0.0,0.0769,0.68156346,0.0,k1788
k2739,0.142857143,0.0,0.709978272,0.0,0.0,0.0,0.0,0.0,0.71498223,0.0,k832
k1039,0.238095238,0.0,0.0836,0.0,0.0,0.0,0.0,0.0,0.786944561,0.0,k756
k1131,0.0952,0.0,0.0836,0.0,0.0,0.0,0.0,0.0,0.698936323,0.0,k2212
k3425,0.0714,0.0,0.0836,0.0,0.0,0.0,0.0,0.0769,0.613391674,0.0,k3231
k1877,0.285714286,0.0,0.657161959,0.0,0.0,0.0,0.0625,0.0,0.747344644,0.0,k3279
k1850,0.0238,0.0,0.0836,0.0,0.0,0.0,0.0,0.0,0.615613673,0.0,k2507
k2296,0.214285714,0.0,0.0836,0.0,0.0,0.0,0.0,0.0769,0.693811683,0.0,k2275
k213,0.0238,0.0,0.0836,0.0,0.0,0.0,0.0,0.0,0.408153674,0.0,k1390
k830,0.19047619,0.0,0.592110981,0.0,0.0606,0.0,0.1875,0.0,0.657029194,0.0,k3399
k3339,0.166666667,0.0,0.473875982,0.0,0.0,0.0,0.0,0.0,0.562967477,0.0,k2149
k2558,0.119047619,0.0,0.0836,0.0,0.0,0.222222222,0.125,0.0,0.576385596,0.0,k824
k2817,0.142857143,0.0,0.0836,0.0,0.0,0.0,0.0,0.0769,0.651865592,0.0,k1074
k3279,0.0476,0.0,0.0836,0.0,0.0,0.0,0.0,0.0,0.584743554,0.0,k940
k464,0.0476,0.0,0.267424369,0.0,0.0,0.0,0.0,0.0,0.729542145,0.0,k3244
k2912,0.119047619,0.0,0.0836,0.0,0.0,0.0,0.0,0.0,0.707337344,0.0,k1431
k2808,0.119047619,0.0,0.0836,0.0,0.0,0.0,0.0,0.0,0.584753123,0.0,k126
k346,0.214285714,0.0,0.0836,0.0,0.0,0.0,0.0,0.0,0.698205404,0.0,k2325
k997,0.30952381,0.0,0.600568277,0.0,0.0,0.0,0.0,0.0,0.666185285,0.0,k232
k3282,0.0952,0.0,0.633662042,0.0,0.0,0.111111111,0.0,0.0,0.621968134,0.0,k3005
k2007,0.261904762,0.0,0.0836,0.0,0.0,0.0,0.0,0.0,0.75273138,0.0,k571
k1729,0.142857143,0.0,0.0836,0.0,0.0,0.0,0.0,0.0,0.568117484,0.0,k76
k1704,0.119047619,0.0,0.0836,0.0,0.0,0.0,0.0,0.0,0.668871173,0.0,k3100
k3220,0.0,0.0,0.0836,0.0,0.0,0.0,0.0,0.0,0.60188865,0.0,k1053
k2700,0.119047619,0.0,0.0836,0.0,0.0,0.0,0.0,0.0769,0.683616324,0.0,k894
k861,0.166666667,0.0,0.0836,0.0,0.0,0.0,0.0,0.0,0.742178991,0.0,k2693
k2741,0.30952381,0.0,0.0836,0.0,0.0,0.0,0.0,0.0,0.592721166,0.0,k1663
k3271,0.0714,0.0,0.0836,0.0,0.0,0.0,0.0,0.0,0.745610684,0.0,k3089
k2164,0.0476,0.0,0.0836,0.0,0.0,0.0,0.0,0.0,0.725041566,0.0,k2903
k850,0.0476,0.0,0.0836,0.0,0.0,0.0,0.0,0.0769,0.700742889,0.0,k3336
k2428,0.19047619,0.0,0.0836,0.0,0.0,0.111111111,0.0,0.0,0.682257925,0.0,k2057
k2201,0.0,0.0,0.0836,0.0,0.0,0.0,0.0,0.0,0.567546358,0.0,k1178
k1126,0.0714,0.0,0.0836,0.0,0.0,0.222222222,0.0,0.0,0.653929013,0.0,k2872
k1013,0.142857143,0.0,0.0836,0.0,0.0,0.0,0.0,0.0,0.675623294,0.0,k1105
k3224,0.142857143,0.0,0.0836,0.0,0.0,0.0,0.0,0.0,0.763627127,0.0,k1926
k483,0.119047619,0.0,0.0836,0.0,0.0,0.0,0.0,0.0,0.572159871,0.0,k352
k3051,0.0238,0.0,0.0836,0.0,0.0,0.0,0.0,0.0,0.409999581,0.0,k150
k875,0.0952,0.0,0.0836,0.0,0.0,0.0,0.0,0.0,0.75233349,0.0,k439
k745,0.261904762,0.0,0.0836,0.0,0.0,0.0,0.0,0.0,0.756398054,0.0,k2196
k1580,0.0476,0.0,0.0836,0.0,0.0,0.0,0.0,0.0,0.743015782,0.0,k1942
k1261,0.119047619,0.0,0.0836,0.0,0.0,0.0,0.0,0.0,0.745118468,0.0,k477
k1186,0.19047619,0.0,0.0836,0.0,0.0,0.0,0.0,0.0,0.574237038,0.0,k1993
k634,0.0476,0.0,0.0836,0.0,0.0,0.0,0.0,0.0,0.445014617,0.0,k1832
k1951,0.142857143,0.0,0.0836,0.0,0.0,0.0,0.0,0.0,0.73146962,0.0,k3160
k3042,0.166666667,0.0,0.0836,0.0,0.0,0.0,0.0,0.0,0.585152456,0.0,k215
k2395,0.142857143,0.0,0.803342805,0.0,0.0,0.0,0.0,0.0,0.75077102,0.0,k2944
k429,0.0714,0.0,0.0836,0.0,0.0,0.0,0.0,0.0,0.651027814,0.0,k2301
k3189,0.0714,0.0,0.0836,0.0,0.0,0.222222222,0.0,0.0,0.532656407,0.0,k3043
k463,0.0476,0.0,0.78408825,0.0,0.0,0.0,0.0,0.0,0.663015688,0.0,k1207
k952,0.142857143,0.0,0.486946348,0.0,0.0,0.111111111,0.0,0.0,0.613627568,0.0,k1439
k3412,0.142857143,0.0,0.0836,0.0,0.0,0.0,0.0,0.0,0.663945894,0.0,k2551
k3138,0.0,0.0,0.0836,0.0,0.0,0.0,0.0,0.0,0.561587205,0.0,k1802
k3116,0.0952,0.0,0.465084406,0.0,0.0,0.0,0.0,0.0,0.658622575,0.0,k2306
k3358,0.0238,0.0,0.0836,0.0,0.0,0.0,0.0,0.0,0.547712716,0.0,k406
k2364,0.0,0.0,0.0836,0.0,0.0,0.0,0.0,0.0,0.705703027,0.0,k618
k3163,0.0952,0.0,0.0836,0.0,0.0,0.0,0.0,0.0,0.580050599,0.0,k1658
k1411,0.119047619,0.0,0.0836,0.0,0.0,0.0,0.0,0.0,0.670499717,0.0,k1350
k2998,0.0952,0.0,0.628112987,0.0,0.0,0.0,0.0625,0.0,0.619950282,0.0,k3087
k1295,0.142857143,0.0,0.0836,0.0,0.0,0.0,0.0,0.0,0.6371392,0.0,k1419
k1981,0.166666667,0.0,0.0836,0.0,0.0,0.0,0.0,0.0,0.402974807,0.0,k3200
k2911,0.0714,0.0,0.0836,0.0,0.0,0.0,0.0,0.0,0.685133909,0.0,k3394
k919,0.238095238,0.0,0.0836,0.0,0.0,0.0,0.0,0.0,0.338536073,0.0,k1838
k1103,0.0952,0.0,0.0836,0.0,0.0,0.0,0.0,0.0,0.676331202,0.0,k992
k3272,0.30952381,0.0,0.0836,0.0,0.0,0.0,0.125,0.0,0.576059856,0.0,k414
k1205,0.119047619,0.0,0.0836,0.0,0.0,0.0,0.0,0.0,0.401034422,0.0,k1599
k1149,0.595238095,0.0,0.0836,0.0,0.0,0.0,0.0,0.0,0.679118555,0.0,k2167
k2215,0.0476,0.0,0.869129199,0.0,0.0,0.0,0.0,0.0,0.746046699,0.0,k2296
k2845,0.0714,0.0,0.0836,0.0,0.0,0.0,0.0,0.0769,0.626304742,0.0,k968
k2570,0.261904762,0.0,0.0836,0.0,0.0,0.0,0.125,0.230769231,0.566904752,0.0,k1773
k3248,0.0952,0.0,0.0836,0.0,0.0,0.0,0.0,0.0,0.616119864,0.0,k1787
k305,0.166666667,0.0,0.758783219,0.0,0.0,0.0,0.0,0.0,0.779072136,0.0,k2105
k1110,0.142857143,0.0,0.0836,0.0,0.0,0.0,0.0,0.0,0.769285224,0.0,k1155
k588,0.166666667,0.0,0.0836,0.0,0.0,0.0,0.0,0.0,0.709537622,0.0,k111
k704,0.0476,0.0,0.0836,0.0,0.0,0.0,0.0,0.0,0.666213766,0.0,k2943
k2980,0.166666667,0.0,0.0836,0.0,0.0,0.0,0.0,0.0769,0.686656811,0.0,k3029
k1313,0.142857143,0.0,0.0836,0.0,0.0,0.0,0.0,0.0,0.339964496,0.0,k1130
k1132,0.119047619,0.0,0.0836,0.0,0.0,0.0,0.0,0.0,0.620683936,0.0,k783
k3433,0.0714,0.0,0.0836,0.0,0.0,0.0,0.0,0.0,0.729436654,0.0,k2930
k2449,0.119047619,0.0,0.0836,0.0,0.0,0.0,0.0,0.0,0.578348689,0.0,k3278
k564,0.166666667,0.0,0.0836,0.0,0.0,0.0,0.0,0.0,0.692660393,0.0,k1237
k3068,0.0,0.0,0.0836,0.0,0.0,0.0,0.0,0.0,0.282717089,0.0,k2491
k2890,0.0952,0.0,0.0836,0.0,0.0,0.0,0.0,0.0,0.686934095,0.0,k105
k2006,0.0238,0.0,0.0836,0.0,0.0,0.0,0.0,0.153846154,0.547430951,0.0,k891
k2610,0.333333333,0.0,0.530803945,0.0,0.0,0.0,0.125,0.0,0.568407604,0.0,k2890
k3181,0.0952,0.0,0.0836,0.0,0.0,0.0,0.0,0.0,0.407378401,0.0,k148
k533,0.0238,0.0,0.0836,0.0,0.0,0.0,0.0,0.0,0.601631415,0.0,k2146
k3294,0.0714,0.0,0.0836,0.0,0.0,0.0,0.0,0.0,0.723227254,0.0,k3053
k1058,0.0476,0.0,0.0836,0.0,0.0,0.0,0.0,0.0,0.762487913,0.0,k1553
k3,0.0714,0.0,0.0836,0.0,0.0,0.0,0.0,0.0,0.670717914,0.0,k1882
k2270,0.166666667,0.0,0.0836,0.0,0.0,0.0,0.0,0.0,0.688639423,0.0,k1947
k915,0.0476,0.0,0.0836,0.0,0.0,0.0,0.0,0.0769,0.578492003,0.0,k953
k1738,0.0952,0.0,0.0836,0.0,0.0,0.0,0.0,0.0,0.75035027,0.0,k488
k453,0.0952,0.0,0.0836,0.0,0.0,0.0,0.0,0.0,0.7584655,0.0,k3104
k143,0.0238,0.0,0.0836,0.0,0.0,0.0,0.0,0.0,0.713968177,0.0,k1193
k3337,0.19047619,0.0,0.0836,0.0,0.0,0.0,0.0,0.0,0.688291355,0.0,k1039
k2892,0.0238,0.0,0.0836,0.0,0.0,0.0,0.0,0.0769,0.614735871,0.0,k1273
k2113,0.0,0.0,0.0836,0.0,0.0,0.222222222,0.0,0.0,0.399231577,0.0,k772
k2801,0.0,0.0,0.0836,0.0,0.0,0.0,0.0,0.0,0.642765018,0.0,k1849
k2757,0.0238,0.0,0.0836,0.0,0.0,0.0,0.0,0.0,0.578426156,0.0,k2963
k3081,0.19047619,0.0,0.0836,0.0,0.0,0.0,0.0,0.0,0.73338874,0.0,k1987
k3419,0.214285714,0.0,0.0836,0.0,0.0,0.0,0.0,0.0,0.78105733,0.0,k1869
k1216,0.404761905,0.0,0.0836,0.0,0.0606,0.0,0.0625,0.0,0.688042703,0.0,k3217
k522,0.0476,0.0,0.0836,0.0,0.0,0.0,0.0,0.0,0.781386943,0.0,k2029
k1933,0.214285714,0.0,0.0836,0.0,0.0,0.0,0.0,0.0,0.409104842,0.0,k301
k2749,0.0714,0.0,0.0836,0.0,0.0,0.0,0.0,0.0,0.585630622,0.0,k1246
k2438,0.0952,0.0,0.843423032,0.0,0.0,0.0,0.0,0.0,0.693982109,0.0,k2398
k489,0.0,0.0,0.0836,0.0,0.0,0.0,0.0,0.0,0.679508166,0.0,k401
k2152,0.0714,0.0,0.735082734,0.0,0.0303,0.0,0.0625,0.0,0.619303892,0.0,k2615
k23,0.119047619,0.0,0.744275447,0.0,0.0,0.0,0.0,0.0,0.749309864,0.0,k243
k1854,0.119047619,0.0,0.855991977,0.0,0.0,0.111111111,0.0,0.0,0.67471367,0.0,k1651
k1306,0.0476,0.0,0.671569447,0.0,0.0,0.0,0.0,0.0,0.704941652,0.0,k773
k1567,0.0714,0.0,0.0836,0.0,0.0,0.0,0.0,0.0,0.621577003,0.0,k1504
k3171,0.0714,0.0,0.0836,0.0,0.0,0.0,0.0,0.0,0.366975566,0.0,k3283
k284,0.0,0.0,0.270065185,0.0,0.0,0.0,0.0,0.0,0.592302011,0.0,k3367
k777,0.19047619,0.0,0.774594685,0.0,0.0,0.0,0.0,0.0,0.762945801,0.0,k920
k116,0.19047619,0.0,0.0836,0.0,0.0,0.0,0.0,0.0,0.68566091,0.0,k928
k1302,0.166666667,0.0,0.0836,0.0,0.0,0.0,0.0,0.0,0.632421866,0.0,k847
k52,0.119047619,0.0,0.0836,0.0,0.0,0.0,0.0,0.0,0.737337332,0.0,k3428
k1541,0.0,0.0,0.0,0.0,0.0,0.0,0.0,0.0,0.668784061,0.0,k3093
k2978,0.119047619,0.0,0.0836,0.0,0.0,0.0,0.0,0.0,0.655337081,0.0,k1669
k1792,0.0238,0.0,0.0836,0.0,0.0,0.0,0.0,0.0,0.564467442,0.0,k1842
k1759,0.19047619,0.0,0.0836,0.0,0.0,0.0,0.0,0.0,0.677621552,0.0,k2014
k1825,0.0,0.0,0.0836,0.0,0.0,0.0,0.0,0.0,0.608688163,0.0,k3296
k1958,0.0,0.0,0.0836,0.0,0.0,0.0,0.0,0.0,0.671772751,0.0,k1299
k2493,0.238095238,0.0,0.0836,0.0,0.0,0.0,0.0,0.0,0.366179787,0.0,k71
k264,0.142857143,0.0,0.0836,0.0,0.0,0.0,0.0,0.0,0.715566571,0.0,k230
k3392,0.19047619,0.0,0.335951864,0.0,0.0,0.0,0.0,0.0,0.745111405,0.0,k263
k3003,0.0476,0.0,0.0836,0.0,0.0,0.0,0.0,0.0,0.624038237,0.0,k2448
k467,0.119047619,0.0,0.339562093,0.0,0.0,0.0,0.0,0.0,0.731166589,0.0,k2866
k225,0.214285714,0.0,0.0836,0.0,0.0,0.0,0.0,0.0,0.720338738,0.0,k2548
k2153,0.142857143,0.0,0.0836,0.0,0.0,0.0,0.0,0.0769,0.630993291,0.0,k101
k414,0.142857143,0.0,0.0836,0.0,0.0,0.0,0.0,0.0,0.716251314,0.0,k3407
k968,0.0952,0.0,0.0836,0.0,0.0,0.111111111,0.0,0.0,0.69523608,0.0,k45
k618,0.119047619,0.0,0.0836,0.0,0.0,0.0,0.0,0.0,0.676913264,0.0,k3293
k864,0.0714,0.0,0.0836,0.0,0.0,0.111111111,0.0,0.0769,0.604291404,0.0,k2667
k3407,0.0952,0.0,0.0836,0.0,0.0,0.0,0.0,0.0,0.645783556,0.0,k2094
k930,0.0238,0.0,0.0836,0.0,0.0,0.0,0.0,0.0,0.322042228,0.0,k3097
k2464,0.0238,0.0,0.712886512,0.0,0.0,0.0,0.0,0.0,0.642628313,0.0,k2010
k1886,0.19047619,0.0,0.0836,0.0,0.0,0.0,0.0,0.0,0.768289626,0.0,k1722
k2630,0.19047619,0.0,0.0836,0.0,0.0,0.0,0.0,0.0,0.570330901,0.0,k2269
k2469,0.0952,0.0,0.52044125,0.0,0.0,0.0,0.0,0.0769,0.579747416,0.0,k1717
k785,0.0476,0.0,0.472137724,0.0,0.0,0.0,0.0,0.0,0.660475544,0.0,k1821
k2960,0.0,0.0,0.0836,0.0,0.0,0.0,0.0,0.0,0.767760272,0.0,k985
k790,0.0714,0.0,0.0836,0.0,0.0303,0.111111111,0.0625,0.0769,0.590752984,0.0,k225
k1310,0.0,0.0,0.694367374,0.0,0.0,0.0,0.0,0.0,0.575244255,0.0,k964
k1630,0.142857143,0.0,0.0836,0.0,0.0303,0.0,0.0625,0.230769231,0.634478755,0.0,k416
k499,0.142857143,0.0,0.0836,0.0,0.0,0.0,0.0,0.0,0.737478442,0.0,k3220
k2098,0.238095238,0.0,0.0836,0.0,0.0,0.111111111,0.0,0.0,0.60205057,0.0,k2359
k1878,0.0952,0.0,0.0836,0.0,0.0,0.0,0.0,0.307692308,0.669829479,0.0,k1181
k2108,0.0,0.0,0.0836,0.0,0.0,0.0,0.0,0.0,0.709570735,0.0,k2851
k583,0.0952,0.0,0.0836,0.0,0.0,0.0,0.0,0.0,0.717174306,0.0,k2154
k1148,0.214285714,0.0,0.0836,0.0,0.0,0.0,0.0,0.0,0.68899106,0.0,k369
k2140,0.119047619,0.0,0.741935484,0.0,0.0,0.0,0.0,0.0,0.751686493,0.0,k3150
k2170,0.0952,0.0,0.0836,0.0,0.0,0.0,0.0,0.0,0.619635479,0.0,k3364
k2278,0.0238,0.0,0.0836,0.0,0.0,0.0,0.0,0.0,0.664564715,0.0,k3363
k659,0.0714,0.0,0.0836,0.0,0.0,0.0,0.0,0.0,0.746531853,0.0,k3397
k2934,0.0476,0.0,0.0836,0.0,0.0606,0.0,0.0,0.0,0.644851071,0.0,k1650
k835,0.142857143,0.0,0.0836,0.0,0.0,0.0,0.0,0.0,0.603073508,0.0,k2995
k2277,0.0714,0.0,0.0836,0.0,0.0,0.0,0.0,0.0,0.739809122,0.0,k1212
k2655,0.285714286,0.0,0.0836,0.0,0.0,0.0,0.0,0.0,0.752857149,0.0,k2371
k937,0.0238,0.0,0.0836,0.0,0.0,0.0,0.0,0.0,0.361427138,0.0,k1935
k281,0.0238,0.0,0.0836,0.0,0.0,0.0,0.0,0.0,0.749742082,0.0,k445
k3363,0.333333333,0.0,0.0836,0.0,0.0,0.0,0.0,0.0,0.775591001,0.0,k3090
k3395,0.0714,0.0,0.0836,0.0,0.0,0.0,0.0,0.153846154,0.561081849,0.0,k1878
k1244,0.285714286,0.0,0.0836,0.0,0.0,0.0,0.0,0.0,0.706252432,0.0,k1567
k3318,0.119047619,0.0,0.0836,0.0,0.0,0.0,0.0,0.0,0.694561438,0.0,k1890
k3169,0.142857143,0.0,0.0836,0.0,0.0,0.0,0.0,0.0,0.706434403,0.0,k3013
k1089,0.0952,0.0,0.0836,0.0,0.0,0.0,0.0,0.0,0.60514065,0.0,k2623
k2103,0.0952,0.0,0.0836,0.0,0.0,0.111111111,0.0,0.0,0.691788135,0.0,k3401
k3210,0.142857143,0.0,0.0836,0.0,0.0,0.111111111,0.0,0.0,0.552433012,0.0,k249
k1615,0.0476,0.0,0.0836,0.0,0.0,0.0,0.0,0.0,0.359061977,0.0,k1306
k2366,0.142857143,0.0,0.0836,0.0,0.0,0.0,0.0,0.0,0.690310726,0.0,k2897
k1839,0.0,0.0,0.5563764,0.0,0.0,0.0,0.0,0.0,0.684486912,0.0,k2675
k1330,0.142857143,0.0,0.683035267,0.0,0.0,0.0,0.0,0.0,0.772157182,0.0,k1639
k3209,0.0714,0.0,0.0836,0.0,0.0,0.0,0.0,0.0,0.664033082,0.0,k330
k1359,0.166666667,0.0,0.0836,0.0,0.0,0.0,0.0,0.0,0.72548305,0.0,k3207
k303,0.0,0.0,0.0836,0.0,0.0,0.0,0.0,0.0,0.577019378,0.0,k1426
k1806,0.214285714,0.0,0.594885509,0.0,0.0,0.0,0.0,0.153846154,0.666808891,0.0,k2261
k1413,0.142857143,0.0,0.0836,0.0,0.0,0.0,0.0,0.0,0.661639745,0.0,k2426
k893,0.19047619,0.0,0.0836,0.0,0.0,0.0,0.0,0.0,0.669357769,0.0,k3046
k313,0.119047619,0.0,0.0836,0.0,0.0,0.0,0.0,0.0,0.699191204,0.0,k516
k2149,0.357142857,0.0,0.0836,0.0,0.0,0.0,0.0,0.0,0.75410793,0.0,k1021
k202,0.119047619,0.0,0.0836,0.0,0.0,0.0,0.0,0.0,0.687243582,0.0,k2095
k173,0.0476,0.0,0.700885843,0.0,0.0303,0.0,0.125,0.0,0.683615641,0.0,k796
k2339,0.142857143,0.0,0.0836,0.0,0.0,0.0,0.0,0.0,0.610099953,0.0,k350
k396,0.0476,0.0,0.0836,0.0,0.0,0.0,0.0,0.0,0.706701586,0.0,k2059
k391,0.0476,0.0,0.413972923,0.0,0.0,0.0,0.0,0.0,0.703022836,0.0,k1192
k382,0.30952381,0.0,0.0836,0.0,0.0606,0.444444444,0.25,0.153846154,0.65197845,0.0,k503
k1831,0.0476,0.0,0.215778038,0.0,0.0,0.0,0.0,0.0769,0.657191494,0.0,k3000
k175,0.0714,0.0,0.0836,0.0,0.0,0.0,0.0,0.0,0.649086138,0.0,k264
k2841,0.119047619,0.0,0.634130035,0.0,0.0,0.0,0.0,0.0,0.7105377,0.0,k1144
k2055,0.142857143,0.0,0.605281631,0.117647059,0.0,0.111111111,0.0,0.0,0.601955484,0.0,k33
k2638,0.0,0.0,0.0836,0.0,0.0,0.0,0.0,0.0,0.501466244,0.0,k3352
k171,0.0476,0.0,0.0836,0.0,0.0,0.0,0.0,0.0,0.373777433,0.0,k994
k1838,0.0714,0.0,0.0836,0.0,0.0,0.0,0.0,0.0,0.789386049,0.0,k2338
k350,0.0238,0.0,0.0836,0.0,0.0,0.0,0.0,0.0,0.442217618,0.0,k541
k2976,0.142857143,0.0,0.0836,0.0,0.0,0.0,0.0,0.0,0.736915595,0.0,k2980
k917,0.142857143,0.0,0.0836,0.0,0.0,0.0,0.0,0.0,0.629063235,0.0,k1338
k866,0.119047619,0.0,0.0836,0.0,0.0,0.0,0.0,0.0,0.632557129,0.0,k158
k922,0.0952,0.0,0.612100953,0.0,0.0,0.0,0.0,0.0,0.6792163,0.0,k1580
k532,0.142857143,0.0,0.0836,0.0,0.0,0.0,0.0,0.0,0.787670164,0.0,k3218
k2473,0.119047619,0.0,0.0836,0.0,0.0,0.0,0.0,0.0,0.691037848,0.0,k1588
k2669,0.119047619,0.0,0.562694301,0.0,0.0,0.0,0.0,0.0,0.653562034,0.0,k446
k2378,0.19047619,0.0,0.0836,0.0,0.0,0.0,0.0,0.153846154,0.632822262,0.0,k2915
k2965,0.0952,0.0,0.0836,0.0,0.0,0.0,0.0,0.0,0.609173696,0.0,k64
k617,0.142857143,0.0,0.0836,0.0,0.0,0.111111111,0.0,0.0,0.375930244,0.0,k2810
k2218,0.0,0.0,0.0836,0.0,0.0,0.0,0.0,0.0,0.712031969,0.0,k481
k2805,0.0476,0.0,0.0836,0.0,0.0,0.0,0.0,0.0,0.66117525,0.0,k2266
k1761,0.0714,0.0,0.0836,0.0,0.0,0.0,0.0,0.0,0.654016428,0.0,k1404
k2614,0.142857143,0.0,0.644760154,0.0,0.0,0.0,0.0,0.0,0.646271292,0.0,k3328
k1855,0.0952,0.0,0.0836,0.0,0.0,0.0,0.0,0.0,0.734545574,0.0,k1776
k628,0.0476,0.0,0.0836,0.0,0.0,0.0,0.0,0.0,0.791671464,0.0,k2957
k2342,0.238095238,0.0,0.0836,0.0,0.0,0.0,0.0,0.0,0.619029493,0.0,k2680
k2142,0.0476,0.0,0.0836,0.0,0.0,0.0,0.0,0.0,0.609077243,0.0,k2556
k2236,0.0714,0.0,0.0836,0.0,0.0,0.0,0.0,0.0,0.750659757,0.0,k2449
k474,0.0238,0.0,0.0836,0.0,0.0,0.111111111,0.0,0.0,0.5851921,0.0,k906
k706,0.0,0.0,0.0836,0.0,0.0,0.0,0.0,0.0,0.600220233,0.0,k3274
k2955,0.0476,0.0,0.0836,0.0,0.0,0.0,0.0,0.0,0.673949181,0.0,k552
k675,0.166666667,0.0,0.0836,0.0,0.0,0.0,0.0,0.0,0.637381852,0.0,k89
k2195,0.0476,0.0,0.739361524,0.0,0.0,0.0,0.0,0.0,0.777167598,0.0,k3300
k1870,0.261904762,0.0,0.0836,0.0,0.0,0.0,0.0,0.0,0.659218839,0.0,k802
k1680,0.19047619,0.0,0.0836,0.0,0.0,0.0,0.0,0.0,0.747302797,0.0,k720
k1112,0.142857143,0.0,0.432458633,0.0,0.0,0.0,0.0,0.0,0.611461162,0.0,k842
k1735,0.0,0.0,0.0836,0.0,0.0,0.0,0.0,0.0,0.688472642,0.0,k1846
k1858,0.142857143,0.0,0.0836,0.0,0.0,0.0,0.0,0.0,0.685281551,0.0,k3262
k2967,0.0952,0.0,0.596256059,0.0,0.0,0.0,0.0,0.0,0.662712201,0.0,k2205
k1409,0.0714,0.0,0.0836,0.0,0.0,0.0,0.0,0.0,0.652894834,0.0,k829
k1122,0.0,0.0,0.0836,0.0,0.0,0.0,0.0,0.0,0.687770962,0.0,k786
k315,0.0476,0.0,0.0836,0.0,0.0,0.0,0.0,0.0,0.663193481,0.0,k1603
k230,0.238095238,0.0,0.684606385,0.0,0.0,0.0,0.0,0.0,0.656886412,0.0,k2659
k3283,0.0952,0.0,0.0836,0.0,0.0,0.0,0.0,0.0769,0.679029241,0.0,k285
k2937,0.19047619,0.0,0.79742604,0.0,0.0,0.0,0.0,0.0,0.692580192,0.0,k828
k1599,0.0952,0.0,0.0836,0.0,0.0,0.0,0.0,0.0,0.728469765,0.0,k876
k3285,0.0476,0.0,0.0836,0.0,0.0,0.0,0.0,0.0,0.683069957,0.0,k3321
k2400,0.166666667,0.0,0.350526492,0.0,0.0,0.0,0.0,0.0,0.653221789,0.0,k1451
k1581,0.142857143,0.0,0.0836,0.0,0.0,0.0,0.0,0.0,0.599014261,0.0,k1235
k2284,0.0,0.0,0.0836,0.0,0.0,0.0,0.0,0.0,0.540667057,0.0,k1214
k2424,0.19047619,0.0,0.0836,0.0,0.0,0.0,0.0,0.0769,0.538809986,0.0,k1524
k3195,0.142857143,0.0,0.0836,0.0,0.0,0.0,0.0,0.0,0.695425721,0.0,k1122
k2922,0.119047619,0.0,0.732709343,0.0,0.0303,0.0,0.125,0.0,0.63240136,0.0,k412
k372,0.19047619,0.0,0.622129367,0.0,0.0,0.0,0.0,0.0,0.689689778,0.0,k3427
k2064,0.0476,0.0,0.0836,0.0,0.0,0.0,0.0,0.0,0.723241304,0.0,k142
k2349,0.142857143,0.0,0.0836,0.0,0.0,0.111111111,0.125,0.0,0.305056014,0.0,k1536
k1393,0.0952,0.0,0.0836,0.0,0.0,0.0,0.0,0.0,0.729750773,0.0,k2038
k2594,0.0238,0.0,0.0836,0.0,0.0,0.0,0.0,0.0,0.715740339,0.0,k1054
k2291,0.119047619,0.0,0.0836,0.0,0.0,0.0,0.0,0.0,0.718923531,0.0,k668
k965,0.214285714,0.0,0.0836,0.0,0.0,0.0,0.0,0.0,0.648631591,0.0,k3139
k999,0.0476,0.0,0.0836,0.0,0.0,0.0,0.0,0.0,0.761299485,0.0,k1184
k1198,0.0952,0.0,0.0836,0.0,0.0,0.0,0.0,0.0,0.723543727,0.0,k699
k2050,0.0476,0.0,0.0836,0.0,0.0,0.0,0.0,0.0,0.363229678,0.0,k3012
k1114,0.0952,0.0,0.0836,0.0,0.0606,0.0,0.1875,0.0,0.57177269,0.0,k677
k1889,0.0,0.0,0.0836,0.0,0.0,0.0,0.0,0.0,0.722580256,0.0,k1373
k2312,0.214285714,0.0,0.0836,0.0,0.0,0.0,0.0,0.0,0.579061534,0.0,k2134
k739,0.333333333,0.0,0.630854087,0.0,0.0606,0.444444444,0.1875,0.384615385,0.541220563,0.0,k3225
k2163,0.19047619,0.0,0.668761491,0.0,0.0,0.0,0.0,0.0,0.664323278,0.0,k1611
k2833,0.380952381,0.0,0.0836,0.0,0.0,0.0,0.0,0.0,0.737159842,0.0,k186
k1308,0.0,0.0,0.0836,0.0,0.0,0.0,0.0,0.0,0.553771588,0.0,k3191
k1774,0.19047619,0.0,0.0836,0.0,0.0,0.0,0.0,0.0,0.370571609,0.0,k2347
k96,0.119047619,0.0,0.0836,0.0,0.0,0.0,0.0,0.0,0.57888693,0.0,k2415
k703,0.0952,0.0,0.0836,0.0,0.0,0.0,0.0,0.0,0.663636484,0.0,k822
k2096,0.30952381,0.0,0.0836,0.0,0.0,0.0,0.0,0.0,0.730506528,0.0,k1812
k180,0.0476,0.0,0.0836,0.0,0.0,0.0,0.0,0.0,0.648281928,0.0,k806
k3405,0.119047619,0.0,0.0836,0.0,0.0,0.0,0.0,0.0,0.745742377,0.0,k3170
k454,0.0952,0.0,0.0836,0.0,0.0,0.0,0.0,0.0,0.616550107,0.0,k576
k1153,0.0238,0.0,0.0836,0.0,0.0,0.111111111,0.0,0.0,0.597407361,0.0,k858
k0,0.0952,0.0,0.0836,0.0,0.0,0.0,0.0,0.0,0.695450328,0.0,k1442
k458,0.142857143,0.0,0.0836,0.0,0.0,0.0,0.0,0.0,0.787979575,0.0,k1465
k2800,0.0,0.0,0.0836,0.0,0.0,0.222222222,0.0,0.0,0.3625482,0.0,k216
k1708,0.0238,0.0,0.0836,0.0,0.0,0.0,0.0,0.0,0.685573418,0.0,k1715
k1134,0.19047619,0.0,0.0836,0.0,0.0,0.0,0.0,0.0,0.652384998,0.0,k423
k719,0.0476,0.0,0.0836,0.0,0.0303,0.0,0.0,0.230769231,0.594869192,0.0,k1367
k2283,0.166666667,0.0,0.0836,0.0,0.0,0.0,0.0,0.0,0.669704014,0.0,k3389
k2158,0.0,0.0,0.0836,0.0,0.0,0.0,0.0,0.0,0.699537601,0.0,k2446
k2199,0.19047619,0.0,0.0836,0.0,0.0,0.222222222,0.0,0.0,0.594523099,0.0,k138
k384,0.0952,0.0,0.0836,0.0,0.0,0.0,0.0,0.0,0.762539254,0.0,k2825
k672,0.0238,0.0,0.451646331,0.0,0.0,0.0,0.0,0.0,0.66430224,0.0,k1164
k1072,0.0,0.0,0.0836,0.0,0.0,0.0,0.0,0.0,0.662284161,0.0,k2909
k3107,0.0,0.0,0.54320575,0.0,0.0,0.0,0.0,0.0,0.79219892,0.0,k2554
k545,0.142857143,0.0,0.700050142,0.0,0.0,0.0,0.0,0.0,0.708056492,0.0,k1080
k491,0.19047619,0.0,0.0836,0.0,0.0,0.0,0.0,0.0,0.637697946,0.0,k1689
k758,0.0952,0.0,0.0836,0.0,0.0,0.0,0.0,0.0,0.621007396,0.0,k83
k2409,0.0952,0.0,0.0836,0.0,0.0,0.0,0.0,0.0,0.737344395,0.0,k2523
k3312,0.238095238,0.0,0.0836,0.0,0.0,0.222222222,0.0,0.0,0.342640282,0.0,k418
k2891,0.0476,0.0,0.0836,0.0,0.0,0.0,0.0,0.0,0.645999779,0.0,k682
k3168,0.238095238,0.0,0.0836,0.0,0.121212121,0.0,0.1875,0.153846154,0.636877332,0.0,k758
k2526,0.119047619,0.0,0.85645997,0.0,0.0,0.0,0.0,0.0,0.748377835,0.0,k867
k153,0.0,0.0,0.0836,0.0,0.0,0.0,0.0,0.0,0.608556318,0.0,k625
k1695,0.30952381,0.0,0.0836,0.0,0.0,0.0,0.0,0.0,0.740186202,0.0,k821
k836,0.0952,0.0,0.0836,0.0,0.0,0.0,0.0,0.0,0.732200312,0.0,k767
k2648,0.238095238,0.0,0.59983286,0.0,0.0,0.0,0.0,0.0,0.677788788,0.0,k1057
k3057,0.214285714,0.0,0.551562761,0.0,0.0,0.0,0.0,0.0,0.575236205,0.0,k2090
k972,0.0952,0.0,0.0836,0.0,0.0,0.0,0.0,0.0,0.760729878,0.0,k2454
k616,0.142857143,0.0,0.0836,0.0,0.0,0.0,0.0,0.0,0.778837762,0.0,k3167
k1868,0.142857143,0.0,0.0836,0.0,0.0,0.0,0.0,0.0,0.680014661,0.0,k2416
k3110,0.142857143,0.0,0.0836,0.0,0.0,0.0,0.0,0.0,0.76114478,0.0,k632
k492,0.0952,0.0,0.0836,0.0,0.0,0.0,0.0,0.0,0.729127244,0.0,k1363
k895,0.0238,0.0,0.586729066,0.0,0.0,0.111111111,0.0,0.0,0.58383879,0.0,k1303
k324,0.0238,0.0,0.677853919,0.0,0.0,0.0,0.0,0.0,0.746489702,0.0,k2567
k3032,0.0476,0.0,0.0836,0.0,0.0,0.0,0.0,0.0,0.788725001,0.0,k2978
k3258,0.0238,0.0,0.0836,0.0,0.0,0.0,0.0,0.0,0.575085828,0.0,k2337
k3383,0.0476,0.0,0.739562093,0.0,0.0,0.0,0.0625,0.0,0.629388898,0.0,k1472
k2852,0.0952,0.0,0.0836,0.0,0.0,0.0,0.0,0.0,0.606659982,0.0,k550
k2187,0.0952,0.0,0.0836,0.0,0.0,0.0,0.0,0.0,0.748444669,0.0,k2380
k2950,0.142857143,0.0,0.0836,0.0,0.0,0.0,0.0,0.0,0.775849071,0.0,k194
k15,0.0714,0.0,0.0836,0.0,0.0,0.0,0.0,0.0,0.718360987,0.0,k1312
k2908,0.0476,0.0,0.0836,0.0,0.0,0.0,0.0,0.0,0.757618152,0.472178016,k2642
k1053,0.0238,0.0,0.0836,0.0,0.0,0.0,0.0,0.0,0.789955656,0.0,k1819
k2440,0.0,0.0,0.0836,0.0,0.0,0.0,0.0,0.0,0.707109501,0.0,k327
k2804,0.166666667,0.0,0.0836,0.0,0.0,0.0,0.0,0.0,0.768379473,0.0,k3022
k2930,0.0476,0.0,0.0836,0.0,0.0,0.0,0.0,0.0,0.33111417,0.0,k1087
k2027,0.166666667,0.0,0.0836,0.0,0.0,0.0,0.0,0.0,0.761234853,0.0,k2459
k1169,0.0952,0.0,0.795487214,0.0,0.0,0.0,0.0,0.0,0.64086086,0.0,k903
k834,0.0,0.0,0.390005014,0.0,0.0,0.0,0.0,0.0,0.703241793,0.0,k1522
k1592,0.142857143,0.0,0.0836,0.0,0.0,0.0,0.0,0.0,0.665559705,0.0,k2186
k2896,0.0238,0.0,0.0836,0.0,0.0,0.0,0.0,0.0,0.747105029,0.0,k1617
k1202,0.19047619,0.0,0.76954705,0.0,0.0,0.0,0.0625,0.0,0.598943174,0.0,k2854
k652,0.0952,0.0,0.0836,0.0,0.0,0.111111111,0.0,0.0,0.337148435,0.0,k349
k2078,0.166666667,0.0,0.0836,0.0,0.0,0.0,0.0,0.0,0.757298185,0.0,k2744
k57,0.0952,0.0,0.0836,0.0,0.0,0.0,0.0,0.0,0.616914656,0.0,k2557
k1588,0.0952,0.0,0.0836,0.0,0.0,0.0,0.0,0.0,0.677042983,0.0,k1792
k880,0.0,0.0,0.0836,0.0,0.0,0.0,0.0,0.0,0.633876263,0.0,k2789
k905,0.119047619,0.0,0.0836,0.0,0.0,0.0,0.0,0.0,0.760420467,0.0,k2224
k2556,0.142857143,0.0,0.0836,0.0,0.0,0.0,0.0,0.0,0.725689399,0.0,k3037
k1606,0.142857143,0.0,0.0836,0.0,0.0,0.0,0.0,0.153846154,0.68024463,0.0,k273
k1880,0.0238,0.0,0.897409326,0.0,0.0,0.0,0.0,0.0,0.736205105,0.0,k754
k1316,0.214285714,0.0,0.0836,0.0,0.242424242,0.0,0.125,0.769230769,0.578689694,0.0,k2043
k2516,0.142857143,0.0,0.0836,0.0,0.0,0.0,0.0,0.0,0.624308155,0.0,k1789
k3067,0.0952,0.0,0.0836,0.0,0.0,0.0,0.0,0.0,0.656780086,0.0,k2006
k1233,0.0714,0.0,0.0836,0.0,0.0,0.0,0.0,0.0,0.708261019,0.0,k1659
k1709,0.0,0.0,0.0836,0.0,0.0,0.0,0.0,0.0,0.599253268,0.0,k149
k2822,0.0238,0.0,0.0836,0.0,0.0,0.0,0.0,0.0,0.642061744,0.0,k2118
k2293,0.142857143,0.0,0.0836,0.0,0.0303,0.0,0.0625,0.230769231,0.633932464,0.0,k2619
k3091,0.261904762,0.0,0.0836,0.0,0.0,0.0,0.0,0.0769,0.631354878,0.0,k1768
k102,0.142857143,0.0,0.0836,0.0,0.0303,0.0,0.0,0.538461538,0.623724574,0.0,k2803
k540,0.0952,0.0,0.0836,0.0,0.0,0.0,0.0,0.0,0.600645919,0.0,k1772
k1765,0.285714286,0.0,0.0836,0.0,0.0,0.0,0.0,0.0,0.679657403,0.0,k1022
k3089,0.0714,0.0,0.64379074,0.0,0.0,0.0,0.0,0.0,0.485947263,0.0,k1469
k3347,0.19047619,0.0,0.594852081,0.0,0.0,0.0,0.0,0.0,0.685568102,0.0,k544
k1526,0.142857143,0.0,0.751328765,0.0,0.0,0.0,0.0,0.0,0.713736765,0.0,k3265
k1337,0.0952,0.0,0.0836,0.0,0.0,0.0,0.0,0.0,0.720639415,0.0,k1727
k2528,0.0238,0.0,0.0836,0.0,0.0,0.0,0.0,0.0,0.380784435,0.0,k204
k1672,0.142857143,0.0,0.321176667,0.0,0.0,0.0,0.0,0.0,0.740660039,0.0,k1092
k428,0.261904762,0.0,0.0836,0.0,0.0,0.0,0.0,0.0,0.772428163,0.0,k1739
k134,0.119047619,0.0,0.0836,0.0,0.0,0.0,0.0,0.0,0.705657307,0.0,k1853
k1460,0.0,0.0,0.0836,0.0,0.0,0.0,0.0,0.0,0.66280668,0.0,k659
k1514,0.0238,0.0,0.0836,0.0,0.0,0.0,0.0,0.0,0.681090383,0.0,k2558
k4,0.0714,0.0,0.0836,0.0,0.0,0.0,0.0,0.0,0.784941671,0.0,k1657
k2635,0.0952,0.0,0.0836,0.0,0.0,0.0,0.0,0.0,0.662212466,0.0,k346
k769,0.0238,0.0,0.0836,0.0,0.0,0.0,0.0,0.0,0.6017464,0.0,k982
k2264,0.19047619,0.0,0.0836,0.0,0.0,0.0,0.0,0.0,0.665971189,0.0,k997
k3002,0.166666667,0.0,0.0836,0.0,0.0,0.0,0.0,0.0,0.780411548,0.0,k1135
k2307,0.0,0.0,0.0836,0.0,0.0,0.0,0.0,0.0,0.645226252,0.0,k2295
k867,0.0476,0.0,0.812100953,0.0,0.0,0.0,0.0,0.0,0.584062608,0.0,k2078
k2036,0.0714,0.0,0.583854254,0.0,0.0,0.0,0.0,0.0,0.605809065,0.0,k1114
k3167,0.0952,0.0,0.0836,0.0,0.0,0.0,0.0,0.0,0.688516388,0.0,k1508
k2450,0.0476,0.0,0.0836,0.0,0.0,0.0,0.0,0.0,0.594453835,0.0,k810
k1829,0.476190476,0.0,0.0836,0.0,0.0,0.0,0.0,0.0,0.654732918,0.0,k1020
k2629,0.166666667,0.0,0.0836,0.0,0.0,0.111111111,0.0,0.0,0.55316697,0.0,k1261
k1014,0.0,0.0,0.0836,0.0,0.0,0.0,0.0,0.0,0.664248318,0.0,k2566
k2974,0.214285714,0.0,0.0836,0.0,0.0,0.0,0.0,0.0,0.404651123,0.0,k1963
k800,0.0714,0.0,0.0836,0.0,0.0303,0.0,0.0,0.0,0.707573085,0.0,k1215
k581,0.214285714,0.0,0.397158616,0.0,0.0,0.0,0.0,0.0,0.590426182,0.0,k3431
k3415,0.0952,0.0,0.0836,0.0,0.0,0.0,0.0,0.0,0.720001683,0.0,k3222
k2565,0.285714286,0.0,0.0836,0.0,0.0,0.0,0.0,0.0,0.607430091,0.0,k2848
k1638,0.119047619,0.0,0.0836,0.0,0.0,0.0,0.0,0.0,0.811185822,0.0,k3064
k2543,0.0476,0.0,0.0836,0.0,0.0,0.0,0.0,0.0,0.699822404,0.0,k2681
k2996,0.214285714,0.0,0.737823834,0.0,0.0303,0.0,0.125,0.0,0.632100456,0.0,k202
k1099,0.0952,0.0,0.0836,0.0,0.121212121,0.0,0.25,0.0,0.543391677,0.0,k2927
k1006,0.0238,0.0,0.0836,0.0,0.0,0.0,0.0,0.0,0.71400805,0.0,k1958
k163,0.0714,0.0,0.538325255,0.0,0.0,0.0,0.0,0.0,0.653850483,0.0,k3281
k3348,0.0,0.0,0.0836,0.0,0.0,0.0,0.0,0.0,0.65929061,0.0,k3015
k2952,0.0476,0.0,0.614775196,0.0,0.0,0.0,0.0,0.0,0.634423009,0.0,k2488
k307,0.119047619,0.0,0.0836,0.0,0.0,0.0,0.0,0.0,0.575985883,0.0,k35
k452,0.0,0.0,0.0836,0.352941176,0.0,0.0,0.0,0.0,0.138421955,0.0,k1028
k801,0.166666667,0.0,0.0836,0.0,0.0,0.0,0.0,0.0,0.694803255,0.0,k393
k1800,0.0952,0.0,0.731338793,0.0,0.0,0.0,0.0,0.0,0.769344311,0.0,k2735
k1916,0.0952,0.0,0.0836,0.0,0.0,0.0,0.0,0.0,0.655858917,0.0,k2136
k664,0.119047619,0.0,0.0836,0.0,0.0,0.0,0.0,0.0,0.68731034,0.0,k1681
k2458,0.19047619,0.0,0.0836,0.0,0.0,0.0,0.0,0.0,0.670329367,0.0,k1065
k1977,0.142857143,0.0,0.0836,0.0,0.0,0.0,0.0,0.0,0.698850351,0.0,k368
k374,0.0714,0.0,0.0836,0.0,0.0,0.0,0.0,0.0,0.694472655,0.0,k1755
k1362,0.19047619,0.0,0.594852081,0.0,0.0,0.0,0.0,0.0,0.682064563,0.0,k2685
k608,0.285714286,0.0,0.0836,0.0,0.0606,0.0,0.25,0.230769231,0.630834637,0.0,k2621
k1827,0.119047619,0.0,0.0836,0.0,0.0,0.0,0.0,0.0,0.752417868,0.0,k3320
k615,0.119047619,0.0,0.0836,0.0,0.0,0.0,0.0,0.0,0.399530431,0.0,k1258
k2826,0.0238,0.0,0.0836,0.0,0.0,0.0,0.0,0.0,0.654319004,0.0,k734
k2288,0.142857143,0.0,0.0836,0.0,0.0,0.0,0.0,0.0,0.598958895,0.0,k2442
k451,0.0,0.0,0.0836,0.0,0.0,0.0,0.0,0.0,0.688094423,0.0,k590
k2334,0.166666667,0.0,0.0836,0.0,0.0,0.0,0.0,0.0,0.703677732,0.0,k358
k723,0.0714,0.0,0.0836,0.0,0.0,0.0,0.0,0.0,0.751412246,0.0,k539
k2051,0.142857143,0.0,0.0836,0.0,0.0,0.0,0.0,0.0,0.772662158,0.0,k1394
k2311,0.0476,0.0,0.0836,0.0,0.0,0.0,0.0,0.0,0.751588064,0.0,k120
k1414,0.0952,0.0,0.0836,0.0,0.0,0.0,0.0,0.0,0.538637813,0.0,k2389
k2081,0.0,0.390658402,0.0836,0.0,0.0,0.0,0.0,0.0,0.516420024,0.0,k2939
k154,0.0,0.0,0.0836,0.117647059,0.0,0.0,0.0,0.0,0.267639819,0.0,k599
k1351,0.214285714,0.0,0.0836,0.0,0.0,0.0,0.0,0.0,0.617632892,0.0,k53
k1390,0.119047619,0.0,0.0836,0.0,0.0,0.0,0.0,0.0,0.768617189,0.0,k3413
k1404,0.238095238,0.0,0.0836,0.0,0.0,0.0,0.0,0.0,0.610074055,0.0,k17
k316,0.0,0.0,0.0836,0.0,0.0,0.0,0.0,0.0,0.610944339,0.0,k2126
k2713,0.19047619,0.0,0.0836,0.0,0.0303,0.0,0.0,0.0,0.577253449,0.0,k422
k3029,0.0238,0.0,0.0836,0.0,0.0,0.0,0.0,0.0,0.609789251,0.0,k869
k663,0.142857143,0.0,0.675513956,0.0,0.0,0.0,0.0,0.0,0.768465293,0.0,k1428
k2154,0.142857143,0.0,0.0836,0.0,0.0,0.0,0.0625,0.153846154,0.603289807,0.0,k1280
k903,0.0,0.0,0.334280461,0.0,0.0,0.0,0.0,0.0,0.744731666,0.0,k3385
k1147,0.0,0.0,0.0836,0.0,0.0,0.0,0.0,0.0,0.631161819,0.0,k1010
k1681,0.0,0.0,0.0836,0.0,0.0,0.0,0.0,0.0,0.69515474,0.0,k604
k1151,0.0952,0.0,0.0836,0.0,0.0,0.0,0.0,0.0,0.627042953,0.0,k134
k2402,0.333333333,0.0,0.83593515,0.0,0.0,0.0,0.0,0.0,0.636835561,0.0,k1920
k1431,0.142857143,0.0,0.0836,0.0,0.0,0.0,0.0,0.0,0.68664876,0.0,k201
k3065,0.0714,0.0,0.0836,0.0,0.0,0.0,0.0,0.0,0.683266813,0.0,k1969
k344,0.0,0.0,0.0836,0.0,0.0,0.0,0.0,0.0,0.625360333,0.0,k2708
k3317,0.0952,0.0,0.0836,0.0,0.0,0.0,0.0,0.0,0.717190558,0.0,k2497
k626,0.0476,0.0,0.0836,0.0,0.0,0.0,0.0,0.0,0.607375485,0.0,k1554
k682,0.261904762,0.0,0.0836,0.0,0.0303,0.0,0.0625,0.307692308,0.554130213,0.0,k2656
k2803,0.404761905,0.0,0.0836,0.0,0.0,0.0,0.0,0.0769,0.653166878,0.0,k593
k254,0.0476,0.0,0.580344309,0.0,0.0,0.0,0.0,0.0,0.76006883,0.0,k1859
k1529,0.0,0.0,0.0836,0.0,0.0,0.0,0.0,0.0,0.547303055,0.0,k1301
k328,0.119047619,0.0,0.0836,0.0,0.0,0.0,0.0,0.0,0.717390528,0.0,k1647
k780,0.0952,0.0,0.0836,0.0,0.0,0.111111111,0.0,0.0,0.74170637,0.0,k514
k3047,0.0952,0.0,0.0836,0.0,0.0606,0.0,0.0,0.0,0.651915566,0.0,k135
k122,0.0714,0.0,0.513922781,0.0,0.0,0.0,0.0,0.0,0.68065133,0.0,k2577
k3315,0.214285714,0.0,0.0836,0.0588,0.0,0.0,0.0,0.0,0.626969207,0.0,k3107
k571,0.19047619,0.0,0.0836,0.0,0.0,0.0,0.0,0.0,0.698447525,0.0,k3165
k2971,0.0,0.0,0.0836,0.0,0.0,0.0,0.0,0.0,0.700077284,0.0,k2910
k2220,0.19047619,0.0,0.0836,0.176470588,0.0,0.111111111,0.0,0.0,0.348977958,0.0,k2309
k1736,0.0,0.0,0.0836,0.0,0.0,0.0,0.0,0.0,0.739691935,0.0,k1625
k2867,0.0476,0.0,0.0836,0.0,0.0,0.0,0.0625,0.0,0.634760141,0.0,k1094
k3236,0.0,0.0,0.0836,0.0,0.0,0.0,0.0,0.0,0.594946127,0.0,k1815
k1360,0.404761905,0.0,0.0836,0.0,0.0,0.0,0.0,0.0,0.706597918,0.0,k1803
k1076,0.0,0.0,0.0836,0.0,0.0,0.0,0.0,0.0,0.91561378,0.0,k46
k1265,0.0952,0.0,0.0836,0.0,0.0,0.0,0.0,0.0,0.676391732,0.0,k299
k3270,0.0952,0.0,0.0836,0.0,0.0,0.0,0.0,0.0,0.743325193,0.0,k1304
k1986,0.0476,0.0,0.729934815,0.0,0.0,0.0,0.0,0.0,0.646869151,0.0,k3271
k1591,0.119047619,0.0,0.0836,0.0,0.0,0.0,0.0,0.0,0.541416052,0.0,k2867
k547,0.0476,0.0,0.623466488,0.0,0.0,0.0,0.125,0.0,0.618025617,0.0,k2931
k61,0.142857143,0.0,0.7563764,0.0,0.0,0.0,0.0,0.0,0.659014388,0.0,k265
k1415,0.0952,0.0,0.0836,0.0,0.0,0.0,0.0,0.0,0.694896974,0.0,k519
k1260,0.119047619,0.0,0.791977269,0.0,0.0,0.0,0.0,0.0,0.748951012,0.0,k950
k2500,0.0,0.0,0.0836,0.0,0.0,0.0,0.0,0.0,0.613698579,0.0,k473
k138,0.119047619,0.0,0.663647,0.0,0.0,0.0,0.0625,0.0769,0.630348116,0.0,k2526
k1885,0.0,0.0,0.0836,0.0,0.0,0.0,0.0,0.0,0.730315672,0.0,k789
k1335,0.142857143,0.0,0.0836,0.0,0.0,0.0,0.0,0.0,0.610507792,0.0,k1799
k718,0.119047619,0.0,0.0836,0.0,0.0,0.0,0.0,0.0,0.698513067,0.0,k2340
k793,0.0,0.0,0.0836,0.0,0.0,0.0,0.0,0.0,0.558417379,0.0,k55
k2839,0.0952,0.0,0.0836,0.0,0.0,0.0,0.0,0.0,0.692675886,0.0,k1159
k2505,0.0952,0.0,0.0836,0.0,0.0,0.0,0.0,0.0,0.657659103,0.0,k2042
k2290,0.0714,0.0,0.0836,0.0,0.0,0.0,0.0,0.0,0.662208517,0.0,k1687
k1249,0.214285714,0.0,0.69135885,0.235294118,0.0,0.0,0.0,0.0,0.647153803,0.0,k1955
k886,0.0476,0.0,0.0836,0.0,0.0,0.0,0.0,0.0,0.653372241,0.0,k1198
k2624,0.0952,0.0,0.0836,0.0,0.0,0.0,0.0,0.0,0.680998942,0.0,k2302
k1305,0.0238,0.0,0.0836,0.0,0.0,0.0,0.0,0.0,0.743325193,0.0,k1402
k709,0.0476,0.0,0.0836,0.0,0.0,0.0,0.0,0.0,0.54378463,0.0,k1921
k1275,0.0238,0.0,0.0836,0.0,0.0,0.111111111,0.0,0.0,0.604505197,0.0,k2267
k2649,0.0,0.0,0.0836,0.0,0.0,0.0,0.0,0.0,0.727854438,0.0,k2168
k31,0.0,0.0,0.0836,0.0,0.0,0.0,0.0,0.0,0.858653075,0.0,k305
k2984,0.0,0.0,0.0836,0.0,0.0,0.0,0.0,0.0,0.54853371,0.0,k1052
k2866,0.0238,0.0,0.0836,0.0,0.0,0.111111111,0.0,0.0,0.60691866,0.0,k2886
k2899,0.0714,0.0,0.0836,0.0,0.0,0.0,0.0,0.153846154,0.619565835,0.0,k2109
k2871,0.0238,0.0,0.0836,0.0,0.0,0.0,0.0,0.0769,0.62061019,0.0,k713
k2480,0.0,0.382999178,0.0836,0.0,0.0,0.0,0.0,0.0,0.662455119,0.0,k374
k1339,0.0714,0.0,0.0836,0.0,0.0,0.333333333,0.0,0.0,0.355262546,0.0,k2773
k3140,0.166666667,0.0,0.0836,0.0,0.0,0.0,0.0,0.0,0.699454362,0.0,k2016
k1530,0.0476,0.0,0.0836,0.0,0.0,0.0,0.0,0.0,0.657532575,0.0,k1901
k1979,0.0238,0.0,0.0836,0.0,0.0,0.0,0.0,0.0,0.718093727,0.0,k404
k2052,0.0476,0.0,0.0836,0.0,0.0,0.0,0.0,0.0,0.64359824,0.0,k2599
k3366,0.19047619,0.0,0.0836,0.0,0.0,0.0,0.0,0.0,0.58456371,0.0,k2028
k761,0.261904762,0.0,0.0836,0.0,0.0,0.0,0.0,0.0,0.745457346,0.0,k3346
k1083,0.0952,0.0,0.0836,0.0,0.0,0.0,0.0,0.0,0.731985835,0.0,k398
k1702,0.0714,0.0,0.0836,0.0,0.0,0.0,0.0,0.0,0.602883715,0.0,k1035
k556,0.119047619,0.0,0.0836,0.0,0.0,0.0,0.0,0.0769,0.65310331,0.0,k1951
k53,0.0476,0.0,0.0836,0.0,0.0,0.0,0.0,0.0,0.702580745,0.0,k426
k1805,0.0952,0.0,0.0836,0.0,0.0,0.0,0.0,0.0,0.575569235,0.0,k3245
k2650,0.142857143,0.0,0.0836,0.0,0.0,0.0,0.0,0.0,0.611509009,0.0,k1463
k3332,0.142857143,0.0,0.0836,0.0,0.0,0.0,0.0,0.0769,0.666276347,0.0,k2356
k1901,0.166666667,0.0,0.0836,0.0,0.0,0.111111111,0.0,0.0769,0.642715273,0.0,k2184
k1066,0.142857143,0.0,0.0836,0.0,0.0,0.0,0.0,0.0,0.694400884,0.0,k108
k1823,0.119047619,0.0,0.0836,0.0,0.0,0.0,0.0,0.153846154,0.657603965,0.0,k944
k1655,0.119047619,0.0,0.0836,0.0,0.0606,0.0,0.0,0.0,0.65660609,0.0,k3241
k3305,0.0238,0.0,0.0836,0.0,0.0,0.0,0.0,0.0,0.627645749,0.0,k1068
k1036,0.0,0.0,0.0836,0.0,0.0,0.111111111,0.0,0.0,0.579656583,0.0,k1369
k1317,0.142857143,0.0,0.0836,0.0,0.0,0.0,0.125,0.0769,0.661779185,0.0,k2428
k2920,0.333333333,0.0,0.0836,0.0,0.0,0.0,0.0,0.0,0.638172543,0.0,k2553
k2623,0.166666667,0.0,0.0836,0.0,0.0,0.0,0.0,0.0,0.698288414,0.0,k3305
k191,0.238095238,0.0,0.0836,0.0,0.0,0.0,0.0,0.0,0.673135782,0.0,k2724
k2188,0.142857143,0.0,0.0836,0.0,0.0,0.0,0.0,0.0,0.751123949,0.0,k3208
k1554,0.0,0.0,0.0836,0.0,0.0,0.0,0.0,0.0,0.719139222,0.0,k2984
k577,0.166666667,0.0,0.0836,0.0,0.0,0.0,0.0,0.0,0.698162189,0.0,k482
k542,0.285714286,0.0,0.0836,0.0,0.0303,0.0,0.0,0.0,0.660703083,0.0,k2843
k1884,0.0952,0.0,0.0836,0.0,0.0,0.0,0.0,0.0,0.64579586,0.0,k3080
k3252,0.142857143,0.0,0.0836,0.0,0.0,0.0,0.0,0.0,0.710713443,0.0,k1446
k231,0.214285714,0.0,0.765301688,0.0,0.0,0.0,0.0,0.0,0.714231867,0.0,k2949
k826,0.166666667,0.0,0.0836,0.0,0.0,0.0,0.0,0.0,0.662121481,0.0,k1998
k1700,0.0,0.0,0.376065519,0.0,0.0,0.0,0.0,0.0,0.736293052,0.0,k2632
k1576,0.142857143,0.0,0.0836,0.0,0.0,0.0,0.0,0.0,0.663384338,0.0,k2871
k934,0.19047619,0.0,0.617014875,0.0,0.0,0.0,0.0,0.0,0.688920961,0.0,k1843
k377,0.119047619,0.0,0.0836,0.0,0.0,0.0,0.0,0.0,0.608107088,0.0,k875
k2625,0.0714,0.0,0.0836,0.0,0.0,0.0,0.0,0.0,0.577195349,0.0,k2663
k1811,0.0238,0.0,0.0836,0.0,0.0,0.0,0.0,0.0,0.772025337,0.0,k2461
k1722,0.0952,0.0,0.0836,0.0,0.0,0.0,0.0,0.0,0.738311284,0.0,k109
k2719,0.0952,0.0,0.0836,0.0,0.0,0.0,0.0,0.0,0.665011515,0.0,k391
k2664,0.0238,0.0,0.537021561,0.0,0.0,0.0,0.0,0.0,0.681062206,0.0,k1724
k1516,0.333333333,0.0,0.0836,0.0,0.0,0.0,0.0,0.0,0.73721574,0.0,k2112
k298,0.214285714,0.0,0.0836,0.0,0.0303,0.0,0.125,0.0,0.616855721,0.0,k161
k1534,0.0476,0.0,0.0836,0.0,0.0,0.0,0.0,0.0,0.742358304,0.0,k3404
k3016,0.119047619,0.0,0.0836,0.0,0.0,0.0,0.0,0.0,0.600480202,0.0,k3351
k1091,0.0714,0.464784011,0.0836,0.0,0.0,0.0,0.0,0.0,0.620675733,0.0,k2487
k1719,0.380952381,0.0,0.0836,0.0,0.333333333,0.888888889,1.0,0.846153846,0.520506765,0.0,k681
k625,0.0476,0.0,0.0836,0.0,0.0,0.0,0.0,0.0,0.660455418,0.0,k543
k1665,0.0952,0.0,0.741066355,0.0,0.0,0.0,0.0,0.0,0.656913754,0.0,k2011
k2022,0.19047619,0.0,0.0836,0.0,0.0,0.0,0.0,0.0,0.651627952,0.0,k784
k541,0.285714286,0.0,0.0836,0.0,0.0,0.0,0.0,0.0,0.703799628,0.0,k658
k292,0.0952,0.0,0.614574628,0.0,0.0,0.0,0.0,0.0,0.587419416,0.0,k1271
k2893,0.0714,0.0,0.0836,0.0,0.0,0.0,0.0,0.0,0.703417536,0.0,k2201
k2508,0.0238,0.0,0.0836,0.0,0.0,0.0,0.0,0.0,0.542822298,0.0,k3223
k94,0.214285714,0.0,0.762594016,0.0,0.0,0.0,0.0,0.0,0.703384119,0.0,k2272
k1008,0.0952,0.0,0.0836,0.0,0.0,0.0,0.0,0.0,0.632429005,0.0,k3318
k3074,0.19047619,0.0,0.0836,0.0,0.0,0.0,0.0,0.0,0.650669114,0.0,k3076
k369,0.380952381,0.0,0.613638643,0.0,0.0,0.0,0.0,0.0,0.687434286,0.0,k1794
k1984,0.0238,0.0,0.0836,0.0,0.0,0.0,0.0,0.0,0.684738298,0.0,k1829
k841,0.142857143,0.0,0.630185526,0.0,0.0,0.444444444,0.0625,0.0769,0.590476459,0.0,k66
k3064,0.0952,0.0,0.0836,0.0,0.0,0.0,0.0,0.0,0.610281544,0.0,k2578
k1307,0.0952,0.0,0.850944342,0.0,0.0,0.0,0.0625,0.0769,0.55675033,0.0,k146
k1782,0.0,0.0,0.0836,0.0,0.0,0.0,0.0,0.0,0.720470584,0.0,k807
k2947,0.0238,0.0,0.629048972,0.0,0.0,0.111111111,0.0,0.0769,0.564746018,0.0,k2914
k3124,0.214285714,0.0,0.0836,0.0,0.0,0.0,0.0,0.0,0.568296872,0.0,k1728
k3073,0.30952381,0.0,0.0836,0.0,0.0,0.0,0.0,0.0,0.772352747,0.0,k2133
k763,0.238095238,0.0,0.0836,0.0,0.151515152,0.222222222,0.125,0.692307692,0.513930386,0.0,k106
k288,0.119047619,0.0,0.0836,0.0,0.0,0.0,0.0,0.0,0.685351879,0.0,k629
k1232,0.142857143,0.0,0.686946348,0.0,0.0,0.0,0.0,0.0,0.754618906,0.0,k407
k278,0.0476,0.0,0.0836,0.0,0.0,0.0,0.0,0.0,0.670071145,0.0,k724
k1384,0.0952,0.0,0.0836,0.0,0.0,0.0,0.0,0.0,0.602212263,0.0,k2499
k184,0.0476,0.0,0.0836,0.0,0.0,0.0,0.0,0.0,0.622524678,0.0,k1357
k2222,0.0952,0.0,0.0836,0.0,0.0,0.0,0.0,0.0,0.706432048,0.0,k1552
k3052,0.214285714,0.0,0.0836,0.0,0.0,0.0,0.0,0.0,0.691049544,0.0,k1004
k2415,0.0952,0.0,0.0836,0.0,0.0,0.0,0.0,0.0,0.373387518,0.0,k436
k1658,0.0238,0.0,0.0836,0.0,0.0,0.0,0.0,0.0,0.656082203,0.0,k2661
k731,0.0952,0.0,0.0836,0.0,0.0303,0.0,0.0,0.153846154,0.646811279,0.0,k2400
k1997,0.0952,0.0,0.0836,0.0,0.0,0.0,0.0,0.0,0.70751734,0.0,k927
k2904,0.0952,0.0,0.654320575,0.0,0.0,0.0,0.0,0.0,0.607090681,0.0,k1545
k77,0.166666667,0.0,0.0836,0.0,0.0,0.0,0.0,0.0769,0.333181767,0.0,k2962
k1605,0.0476,0.0,0.0836,0.0,0.0,0.0,0.0,0.0,0.777431288,0.0,k1320
k1918,0.238095238,0.0,0.0836,0.0,0.0,0.0,0.0,0.0,0.669636193,0.0,k2145
k2811,0.0,0.0,0.0836,0.0,0.0,0.0,0.0,0.0,0.839666174,0.0,k2228
k3222,0.19047619,0.0,0.502456961,0.0,0.0,0.0,0.0,0.0,0.661669972,0.0,k34
k1284,0.0238,0.0,0.0836,0.0,0.0,0.0,0.0,0.0,0.638155986,0.0,k2856
k3046,0.0952,0.0,0.0836,0.0,0.0,0.0,0.0,0.0,0.771601626,0.0,k1113
k1477,0.19047619,0.0,0.0836,0.0,0.0,0.0,0.0,0.0,0.435118568,0.0,k1924
k962,0.0,0.0,0.0836,0.0,0.0,0.0,0.0,0.0,0.617051817,0.0,k252
k1080,0.119047619,0.0,0.0836,0.0,0.0,0.0,0.0,0.0,0.728508498,0.0,k3249
k3056,0.0714,0.0,0.330402808,0.0,0.0,0.0,0.0,0.0,0.726272145,0.0,k1048
k2667,0.0952,0.0,0.0836,0.0,0.0,0.111111111,0.0,0.0,0.554383574,0.0,k218
k2280,0.0,0.0,0.0836,0.0,0.0,0.0,0.0,0.0,0.663334136,0.0,k1680
k333,0.0714,0.0,0.0836,0.0,0.0,0.222222222,0.0,0.0,0.563283267,0.0,k3016
k3212,0.166666667,0.0,0.0836,0.0,0.0,0.0,0.0,0.0,0.765923403,0.0,k933
k1957,0.119047619,0.0,0.0836,0.0,0.0,0.0,0.0,0.0,0.830172723,0.0,k1510
k2292,0.0,0.0,0.0836,0.0,0.0,0.0,0.0,0.0,0.661576101,0.0,k2880
k1047,0.119047619,0.0,0.743138894,0.0,0.0,0.0,0.0,0.0,0.671732954,0.0,k669
k2193,0.0,0.0,0.0836,0.0,0.0,0.0,0.0,0.0,0.599533439,0.0,k1174
k349,0.0476,0.0,0.378639479,0.0,0.0606,0.111111111,0.0625,0.0,0.647618374,0.0,k14
k1137,0.119047619,0.0,0.0836,0.0,0.0,0.0,0.0,0.0,0.76037824,0.0,k759
k56,0.0238,0.0,0.0836,0.0,0.0,0.0,0.0,0.0,0.711504589,0.0,k2308
k3010,0.0476,0.0,0.0836,0.0,0.0,0.0,0.0,0.0,0.74847277,0.0,k616
k293,0.0238,0.0,0.0836,0.0,0.0,0.0,0.0,0.0,0.716068508,0.0,k2947
k1919,0.0714,0.0,0.0836,0.0,0.0,0.0,0.0,0.0,0.696490886,0.0,k2313
k2009,0.142857143,0.0,0.0836,0.0,0.0,0.0,0.0,0.0,0.609031598,0.0,k2887
k1236,0.166666667,0.0,0.865652683,0.0,0.0,0.0,0.0,0.0,0.736157941,0.0,k462
k766,0.0714,0.0,0.0836,0.0,0.0,0.0,0.0,0.0,0.583608745,0.0,k3143
k1891,0.0952,0.0,0.0836,0.0,0.0,0.0,0.0,0.0,0.716262327,0.0,k1641
k661,0.0952,0.0,0.0836,0.0,0.0,0.0,0.0,0.0,0.789470426,0.0,k1831
k2436,0.285714286,0.0,0.63643657,0.0,0.0,0.0,0.0,0.0,0.681326352,0.0,k2063
k3119,0.0714,0.0,0.0836,0.0,0.0,0.0,0.0,0.0,0.655142807,0.0,k2899
k2474,0.119047619,0.0,0.0836,0.176470588,0.0,0.0,0.0,0.0,0.353304237,0.0,k3131
k702,0.0,0.0,0.0836,0.0,0.0,0.0,0.0,0.0,0.661400282,0.0,k581
k3019,0.0476,0.0,0.0836,0.0,0.0,0.0,0.0,0.0,0.655071265,0.0,k2613
k2693,0.0,0.0,0.0836,0.0,0.0,0.222222222,0.0,0.0,0.515658194,0.0,k145
k1723,0.0,0.0,0.0836,0.0,0.0,0.0,0.0,0.0,0.711211583,0.0,k1385
k3156,0.0,0.0,0.0836,0.0,0.0,0.0,0.0,0.0,0.569864658,0.0,k2651
k2363,0.166666667,0.0,0.0836,0.0,0.0,0.0,0.0,0.0,0.772779725,0.0,k1355
k2442,0.0476,0.0,0.597492897,0.0,0.0,0.0,0.0,0.0,0.691790717,0.0,k3194
k1826,0.0238,0.0,0.297141902,0.0,0.0,0.0,0.0,0.0,0.736293052,0.0,k48
k2487,0.0476,0.0,0.0836,0.0,0.0,0.111111111,0.0,0.0,0.60325115,0.0,k995
k966,0.0,0.0,0.0836,0.0,0.0,0.0,0.0,0.0,0.672607795,0.0,k3289
k3232,0.119047619,0.0,0.0836,0.0,0.0,0.111111111,0.0,0.0,0.738768336,0.0,k1492
k1562,0.0238,0.0,0.0836,0.0,0.0,0.0,0.0,0.0,0.789825557,0.0,k70
k91,0.0238,0.0,0.0836,0.0,0.0,0.0,0.0,0.0,0.654280194,0.0,k257
k1925,0.142857143,0.0,0.0836,0.0,0.0,0.0,0.0,0.0769,0.65310331,0.0,k1274
k2245,0.0714,0.0,0.0836,0.0,0.0,0.0,0.0,0.0,0.669987754,0.0,k811
k913,0.428571429,0.0,0.0836,0.0,0.0,0.0,0.0,0.0,0.7322976,0.0,k2004
k2712,0.142857143,0.0,0.0836,0.0,0.0303,0.0,0.0625,0.230769231,0.634402276,0.0,k680
k3345,0.0952,0.0,0.0836,0.0,0.0303,0.0,0.0,0.0,0.414760432,0.0,k173
k655,0.0714,0.0,0.0836,0.0,0.0,0.0,0.0,0.0,0.743233828,0.0,k195
k580,0.0,0.0,0.0836,0.0,0.0,0.111111111,0.0,0.0,0.520840934,0.0,k269
k1628,0.119047619,0.0,0.0836,0.0,0.0,0.0,0.0,0.0,0.787845983,0.0,k132
k2843,0.285714286,0.0,0.0836,0.0,0.0,0.0,0.0,0.0,0.638058545,0.0,k3261
k128,0.238095238,0.0,0.0836,0.0,0.0,0.0,0.0,0.0,0.736391936,0.0,k153
k3338,0.0476,0.0,0.0836,0.0,0.0,0.222222222,0.0,0.0,0.619414623,0.0,k3417
k403,0.0,0.0,0.0836,0.0,0.0,0.0,0.0,0.0,0.427462897,0.0,k1093
k3007,0.0,0.0,0.0836,0.0,0.0,0.0,0.0,0.0,0.409296382,0.0,k1488
k2698,0.0952,0.0,0.0836,0.0,0.0,0.0,0.0,0.0,0.740336503,0.0,k1820
k1408,0.0,0.0,0.0836,0.0,0.0,0.0,0.0,0.0,0.645050434,0.0,k2845
k1023,0.0714,0.0,0.0836,0.0,0.0,0.0,0.0,0.0,0.737966709,0.0,k2494
k1138,0.0952,0.0,0.0836,0.0,0.0,0.0,0.0,0.0,0.748071918,0.0,k615
k2128,0.0476,0.0,0.747685108,0.0,0.0,0.0,0.0,0.0,0.706385948,0.0,k3001
k348,0.0952,0.0,0.0836,0.0,0.0,0.0,0.0,0.0,0.717830037,0.0,k511
k2073,0.142857143,0.0,0.0836,0.0,0.0,0.0,0.0,0.0,0.414320924,0.0,k2683
k1081,0.357142857,0.0,0.0836,0.0,0.0,0.0,0.0,0.0,0.728851554,0.0,k3006
k248,0.142857143,0.0,0.0836,0.0,0.0,0.0,0.0,0.0,0.76764954,0.0,k1836
k1208,0.0238,0.0,0.0836,0.0,0.0,0.0,0.0,0.0,0.687770962,0.0,k2583
k1268,0.30952381,0.0,0.0836,0.0,0.0,0.0,0.0,0.0,0.594032857,0.0,k324
k385,0.119047619,0.0,0.0836,0.0,0.0,0.0,0.0,0.0,0.725393128,0.0,k244
k2874,0.119047619,0.0,0.0836,0.0,0.0,0.0,0.0,0.0,0.763191188,0.0,k2768
k100,0.0952,0.0,0.0836,0.0,0.0,0.0,0.0,0.0,0.614636228,0.0,k2772
k1451,0.0714,0.0,0.0836,0.0,0.0,0.0,0.0,0.0,0.708994065,0.0,k1855
k2652,0.0476,0.0,0.0836,0.0,0.0,0.0,0.0,0.0,0.358012457,0.0,k1107
k651,0.142857143,0.0,0.0836,0.0,0.0,0.0,0.0,0.0,0.509798988,0.0,k1593
k1256,0.119047619,0.0,0.0836,0.0,0.0,0.0,0.0,0.0,0.614876526,0.0,k755
k1377,0.0714,0.0,0.0836,0.0,0.0,0.0,0.0,0.0,0.329630533,0.0,k3243
k1847,0.166666667,0.0,0.0836,0.0,0.151515152,0.222222222,0.375,0.230769231,0.56433309,0.0,k1938
k113,0.0476,0.0,0.0836,0.0,0.0,0.222222222,0.0,0.0,0.488243235,0.0,k1069
k1097,0.142857143,0.0,0.0836,0.0,0.0,0.0,0.0,0.0,0.731212233,0.0,k989
k1900,0.19047619,0.0,0.0836,0.0,0.0,0.0,0.0,0.0,0.63250837,0.0,k139
k600,0.0238,0.0,0.0836,0.0,0.0,0.0,0.0,0.0,0.742358304,0.0,k2714
k1733,0.333333333,0.0,0.0836,0.0,0.0,0.0,0.0,0.0,0.567688759,0.0,k1019
k638,0.0476,0.0,0.569279626,0.0,0.0,0.0,0.0,0.0769,0.598129927,0.0,k1807
k2059,0.0238,0.0,0.0836,0.0,0.0303,0.0,0.0625,0.0,0.682204079,0.0,k1008
k160,0.0238,0.0,0.0836,0.0,0.0,0.0,0.0,0.0,0.718051576,0.0,k480
k2887,0.0952,0.0,0.0836,0.0,0.0303,0.0,0.0,0.0,0.378864176,0.0,k1729
k3188,0.19047619,0.0,0.0836,0.0,0.0,0.0,0.0,0.0,0.760286875,0.0,k2045
k1795,0.0476,0.0,0.0836,0.0,0.0,0.0,0.0,0.0,0.703635582,0.0,k2874
k833,0.119047619,0.0,0.0836,0.0,0.0,0.0,0.0,0.0,0.760290369,0.0,k1220
k3261,0.0,0.0,0.0836,0.0,0.0,0.0,0.0,0.0,0.564561693,0.0,k1194
k3233,0.19047619,0.0,0.0836,0.0,0.0,0.0,0.0,0.0,0.680977828,0.0,k649
k2846,0.0714,0.0,0.0836,0.0,0.0,0.0,0.0,0.0,0.709922372,0.0,k3061
k1931,0.166666667,0.0,0.0836,0.0,0.0,0.0,0.0,0.0,0.653749245,0.0,k602
k210,0.0952,0.0,0.0836,0.0,0.0,0.0,0.0,0.0769,0.65759994,0.0,k371
k323,0.0476,0.0,0.802039111,0.0,0.0,0.0,0.0,0.0,0.672308257,0.0,k2901
k1532,0.0714,0.0,0.0836,0.0,0.0,0.0,0.0625,0.0,0.598977047,0.0,k3299
k22,0.0476,0.0,0.0836,0.0,0.0,0.0,0.0,0.0,0.340642632,0.0,k2840
k2512,0.0714,0.0,0.0836,0.0,0.0,0.0,0.0,0.0,0.761257258,0.0,k910
k2854,0.166666667,0.0,0.0836,0.0,0.0303,0.0,0.0625,0.0,0.626094747,0.0,k2153
k341,0.0714,0.0,0.0836,0.0,0.0,0.0,0.0,0.0,0.627997386,0.0,k1539
k2439,0.0,0.0,0.0836,0.0,0.0,0.0,0.0,0.0,0.696050162,0.0,k3371
k1455,0.119047619,0.0,0.71753301,0.0,0.0,0.0,0.0,0.0,0.715313285,0.0,k3337
k2589,0.0714,0.0,0.0836,0.0,0.0,0.0,0.0,0.0,0.761257258,0.0,k1566
k2897,0.0476,0.0,0.0836,0.0,0.0,0.0,0.0,0.0,0.754410657,0.0,k1083
k495,0.0952,0.0,0.0836,0.0,0.0,0.0,0.0,0.0,0.716335692,0.0,k3122
k417,0.119047619,0.0,0.0836,0.0,0.0,0.0,0.0,0.0769,0.675851365,0.0,k3372
k1989,0.0476,0.0,0.477553067,0.0,0.0303,0.0,0.0625,0.0769,0.657940337,0.0,k854
k3310,0.0238,0.0,0.0836,0.0,0.0,0.0,0.0,0.0,0.727092607,0.0,k913
k107,0.357142857,0.0,0.868360354,0.0,0.0,0.0,0.125,0.0,0.681978362,0.0,k640
k964,0.595238095,0.0,0.0836,0.0,0.0,0.0,0.0,0.0,0.71620286,0.0,k381
k842,0.142857143,0.0,0.0836,0.0,0.0,0.0,0.0,0.0,0.712643803,0.0,k3197
k510,0.119047619,0.0,0.0836,0.0,0.0,0.0,0.0,0.0,0.69327367,0.0,k764
k2794,0.0,0.0,0.0836,0.0,0.0,0.0,0.0,0.0,0.570413152,0.0,k394
k3262,0.0714,0.0,0.354604713,0.0,0.0,0.0,0.0,0.0,0.620449257,0.0,k3391
k949,0.0238,0.0,0.0836,0.0,0.0,0.0,0.0,0.0,0.546452594,0.0,k730
k787,0.0714,0.0,0.458198228,0.0,0.0,0.0,0.0,0.0,0.656621887,0.0,k2237
k1032,0.238095238,0.0,0.0836,0.0,0.0,0.0,0.0,0.0,0.745731137,0.0,k2382
k1143,0.0,0.0,0.0836,0.0,0.0,0.0,0.0,0.0,0.689294623,0.0,k2564
k2774,0.0952,0.0,0.0836,0.0,0.0,0.0,0.0,0.0,0.636892977,0.0,k3205
k721,0.0,0.0,0.0836,0.0,0.0,0.0,0.0,0.0,0.336513285,0.0,k59
k1293,0.119047619,0.0,0.0836,0.0,0.0,0.0,0.0,0.0,0.697250894,0.0,k956
k711,0.285714286,0.0,0.0836,0.0,0.0,0.0,0.0,0.0,0.631924485,0.0,k2612
k1199,0.0476,0.0,0.0836,0.0,0.0,0.0,0.0,0.0769,0.623609589,0.0,k3031
k208,0.0476,0.0,0.0836,0.0,0.0,0.0,0.0,0.0,0.657560675,0.0,k2700
k459,0.0476,0.0,0.0836,0.0,0.0,0.0,0.0,0.0,0.697612481,0.0,k1847
k755,0.0714,0.0,0.0836,0.0,0.0,0.0,0.0,0.153846154,0.572290881,0.0,k1968
k1365,0.0952,0.0,0.509877988,0.0,0.0,0.0,0.0,0.0,0.679212806,0.0,k229
k1873,0.0,0.0,0.0836,0.0,0.0,0.0,0.0,0.0,0.526997627,0.0,k1067
k1396,0.0476,0.0,0.0836,0.0,0.0,0.0,0.0,0.153846154,0.622132256,0.0,k1605
k3264,0.285714286,0.0,0.0836,0.0,0.0,0.0,0.0,0.0,0.646291949,0.0,k818
k3432,0.0476,0.0,0.0836,0.0,0.0,0.0,0.0,0.0,0.592516715,0.0,k1123
k520,0.333333333,0.0,0.0836,0.0,0.0,0.222222222,0.0,0.0,0.571824258,0.0,k68
k2192,0.0476,0.0,0.0836,0.0,0.0,0.0,0.0,0.0,0.613873258,0.0,k752
k517,0.119047619,0.0,0.735818151,0.0,0.0303,0.0,0.125,0.0,0.631414649,0.0,k432
k501,0.119047619,0.0,0.0836,0.0,0.0,0.0,0.0,0.0,0.768337322,0.0,k2800
k1255,0.0952,0.0,0.0836,0.0,0.0,0.111111111,0.0,0.0,0.3137748,0.0,k302
k3268,0.0714,0.0,0.0836,0.0,0.0,0.0,0.0,0.0,0.618444772,0.0,k2037
k1572,0.0238,0.0,0.0836,0.0,0.0,0.0,0.0,0.0,0.548736338,0.0,k2385
k212,0.119047619,0.0,0.0836,0.0,0.0303,0.0,0.125,0.0,0.660254689,0.0,k592
k2351,0.119047619,0.0,0.0836,0.0,0.0,0.0,0.0,0.0,0.685881082,0.0,k766
k764,0.0952,0.0,0.0836,0.0,0.0,0.0,0.0,0.0,0.440441356,0.0,k1801
k2724,0.0238,0.0,0.0836,0.0,0.0,0.0,0.0,0.0,0.550448729,0.0,k1531
k1163,0.0952,0.0,0.0836,0.0,0.0,0.0,0.0,0.0,0.75712586,0.0,k1835
k707,0.214285714,0.0,0.0836,0.0,0.0,0.0,0.0,0.0,0.754159498,0.0,k2463
k765,0.119047619,0.0,0.0836,0.0,0.0,0.0,0.0,0.0,0.71048203,0.0,k2144
k432,0.285714286,0.0,0.0836,0.0,0.0,0.0,0.0,0.0,0.776369464,0.0,k210
k1176,0.0,0.0,0.0836,1.0,0.0,0.0,0.0,0.0,0.0,0.0,k890
k3226,0.0714,0.0,0.615142905,0.0,0.0,0.0,0.0,0.0,0.645799581,0.0,k2686
k1069,0.0238,0.0,0.0836,0.0,0.0,0.0,0.0,0.0,0.608072836,0.0,k1645
k10,0.142857143,0.0,0.0836,0.0,0.0,0.0,0.0,0.0,0.698045002,0.0,k2384
k448,0.119047619,0.0,0.713153936,0.0,0.0303,0.222222222,0.1875,0.384615385,0.532240746,0.0,k704
k555,0.0,0.0,0.0836,0.0,0.0,0.0,0.0,0.0,0.664559475,0.0,k3138
k3096,0.0952,0.0,0.0836,0.0,0.0,0.0,0.0,0.0,0.695910951,0.0,k3082
k2086,0.166666667,0.0,0.0836,0.0,0.0,0.0,0.125,0.0,0.327674047,0.0,k2533
k2687,0.0952,0.0,0.0836,0.0,0.0,0.111111111,0.0,0.0,0.608686948,0.0,k2397
k1000,0.285714286,0.0,0.624402474,0.0,0.0,0.0,0.0,0.0,0.689369811,0.0,k465
k770,0.0,0.0,0.497309042,0.0,0.0,0.0,0.0,0.0,0.78176782,0.0,k3038
k2663,0.0476,0.0,0.399264583,0.0,0.0,0.0,0.0,0.0,0.759499223,0.0,k3156
k2628,0.476190476,0.0,0.0836,0.0,0.0,0.0,0.0,0.0,0.675703875,0.0,k976
k2969,0.166666667,0.0,0.0836,0.0,0.0,0.0,0.0,0.0,0.402255507,0.0,k207
k443,0.0714,0.0,0.0836,0.0,0.0,0.0,0.0,0.0,0.719897559,0.0,k3238
k2791,0.0238,0.0,0.0836,0.0,0.0,0.0,0.0,0.0,0.693689711,0.0,k1289
k3021,0.0,0.0,0.0836,0.0,0.0,0.0,0.0,0.0,0.565410939,0.0,k271
k1296,0.142857143,0.0,0.0836,0.0,0.0,0.0,0.0,0.0,0.603384742,0.0,k2346
k741,0.19047619,0.0,0.617014875,0.0,0.0,0.0,0.0,0.0,0.689424873,0.0,k399
k1597,0.0,0.0,0.0836,0.0,0.0,0.0,0.0,0.0,0.491573006,0.0,k2053
k768,0.0238,0.0,0.649707505,0.0,0.0,0.0,0.0,0.0,0.712024982,0.419379903,k1140
k1161,0.0476,0.0,0.0836,0.0,0.0,0.0,0.0,0.0,0.714732362,0.0,k1219
k1155,0.19047619,0.0,0.0836,0.0,0.0,0.0,0.0,0.0,0.663197962,0.0,k531
k3080,0.0,0.0,0.0836,0.0,0.0,0.0,0.0,0.0,0.575754091,0.0,k2283
k312,0.214285714,0.0,0.0836,0.0,0.0,0.0,0.0,0.0,0.691604797,0.0,k1018
k1043,0.0952,0.0,0.0836,0.0,0.0,0.0,0.0,0.0,0.66579537,0.0,k2817
k36,0.142857143,0.0,0.709543707,0.0,0.0,0.0,0.0,0.0,0.71360492,0.0,k520
k461,0.0476,0.0,0.0836,0.0,0.0,0.0,0.0,0.0,0.651404059,0.0,k2082
k1074,0.119047619,0.0,0.0836,0.0,0.0606,0.0,0.0,0.0,0.653890279,0.0,k1895
k1018,0.0952,0.0,0.406785893,0.0,0.0,0.0,0.0,0.0,0.734092014,0.0,k1910
k124,0.119047619,0.0,0.0836,0.0,0.0,0.0,0.0,0.0,0.710411323,0.0,k123
k862,0.0476,0.0,0.0836,0.0,0.0,0.0,0.0,0.0,0.608027115,0.0,k1116
k1271,0.0714,0.0,0.0836,0.0,0.0,0.111111111,0.0,0.0,0.569481047,0.0,k972
k3329,0.142857143,0.0,0.0836,0.0,0.0,0.0,0.0,0.0,0.648647388,0.0,k1655
k2165,0.0476,0.0,0.0836,0.0,0.0,0.0,0.0,0.0,0.721159808,0.0,k2052
k1793,0.0,0.0,0.0836,0.0,0.0,0.0,0.0,0.0,0.610416882,0.0,k1712
k2133,0.0,0.0,0.0836,0.0,0.0,0.0,0.0,0.0,0.616921643,0.0,k3314
k2082,0.0238,0.0,0.431489219,0.0,0.0303,0.0,0.0625,0.0769,0.643532849,0.0,k2534
k2249,0.0476,0.0,0.0836,0.0,0.0,0.0,0.0,0.0,0.656252706,0.0,k533
k1490,0.238095238,0.0,0.0836,0.0,0.0,0.0,0.0,0.0,0.707612122,0.0,k3180
k1555,0.142857143,0.0,0.0836,0.0,0.0,0.0,0.0,0.0,0.581904025,0.0,k863
k2102,0.0238,0.0,0.0836,0.0,0.0,0.0,0.0,0.0,0.625938674,0.0,k1218
k1129,0.142857143,0.0,0.526558583,0.0,0.0,0.0,0.0,0.0,0.637061885,0.0,k1411
k2295,0.285714286,0.0,0.629684105,0.0,0.0303,0.0,0.0625,0.0,0.69550896,0.0,k643
k1887,0.0952,0.0,0.0836,0.0,0.0,0.0,0.0,0.0,0.693886643,0.0,k1858
k87,0.0476,0.0,0.0836,0.0,0.0303,0.0,0.0,0.0,0.362145146,0.0,k1156
k2551,0.166666667,0.0,0.0836,0.0,0.0,0.0,0.0,0.0,0.666611124,0.0,k2829
k364,0.285714286,0.0,0.0836,0.0,0.0,0.0,0.0,0.0,0.654264169,0.0,k122
k2814,0.0476,0.0,0.0836,0.0,0.0,0.0,0.0,0.0,0.638964069,0.0,k212
k781,0.285714286,0.0,0.0836,0.0,0.0,0.0,0.0,0.0,0.736546185,0.0,k1576
k2715,0.0238,0.0,0.0836,0.0,0.0,0.0,0.0,0.0,0.311121038,0.0,k771
k673,0.619047619,0.0,0.0836,0.0,0.0,0.0,0.0,0.0,0.658005349,0.0,k2263
k345,0.119047619,0.0,0.0836,0.0,0.0,0.111111111,0.0,0.0,0.694873658,0.0,k410
k2329,0.119047619,0.0,0.0836,0.0,0.0,0.0,0.0,0.0,0.685626354,0.0,k2290
k3378,0.0238,0.0,0.0836,0.0,0.0,0.0,0.0,0.0,0.690291967,0.0,k3105
k1656,0.166666667,0.0,0.0836,0.0,0.0,0.0,0.0,0.0,0.732664427,0.0,k797
k1688,0.142857143,0.0,0.0836,0.0,0.0,0.0,0.0,0.0,0.760905696,0.0,k2511
k513,0.0,0.0,0.0836,0.0,0.0,0.0,0.0,0.0,0.786924815,0.0,k490
k693,0.166666667,0.0,0.0836,0.0,0.0,0.0,0.0,0.0,0.690107186,0.0,k1672
k1263,0.142857143,0.0,0.0836,0.0,0.0,0.0,0.0,0.0,0.760814256,0.0,k3420
k705,0.0238,0.0,0.0836,0.0,0.0,0.0,0.0,0.0,0.718712624,0.0,k3145
k140,0.19047619,0.0,0.0836,0.0,0.0,0.0,0.0,0.0,0.741425363,0.0,k1909
k271,0.0,0.0,0.0836,0.0,0.0,0.0,0.0,0.0,0.624103325,0.0,k1771
k809,0.0,0.0,0.774928965,0.0,0.0,0.0,0.0,0.0,0.637315018,0.0,k3050
k151,0.166666667,0.0,0.0836,0.0,0.303030303,0.0,0.0,0.384615385,0.563156814,0.0,k1733
k3088,0.142857143,0.0,0.0836,0.0,0.0,0.0,0.0,0.0,0.680236504,0.0,k1339
k1320,0.238095238,0.0,0.0836,0.0,0.0,0.0,0.0,0.0,0.616110902,0.0,k2576
k1860,0.119047619,0.0,0.0836,0.0,0.0,0.0,0.0,0.0,0.644694391,0.0,k2278
k550,0.19047619,0.0,0.581213438,0.0588,0.0,0.0,0.0,0.0,0.662004218,0.0,k584
k1503,0.0238,0.0,0.0836,0.0,0.0,0.0,0.0,0.0,0.759235533,0.0,k884
k720,0.333333333,0.0,0.546849407,0.0,0.0,0.0,0.125,0.0,0.570458645,0.0,k566
k219,0.0238,0.0,0.0836,0.0,0.0,0.222222222,0.0,0.0,0.591377197,0.0,k3215
k2261,0.238095238,0.0,0.0836,0.0,0.0303,0.0,0.0,0.0,0.636722019,0.0,k1742
k2737,0.214285714,0.0,0.0836,0.0,0.0,0.0,0.0,0.0769,0.671285851,0.0,k256
k2191,0.214285714,0.0,0.0836,0.0,0.0,0.0,0.0,0.0,0.398924597,0.0,k3236
k3178,0.119047619,0.0,0.0836,0.0,0.0,0.0,0.0,0.0,0.667855829,0.0,k176
k1678,0.30952381,0.0,0.0836,0.0,0.0,0.0,0.0,0.0,0.728282706,0.0,k955
k125,0.119047619,0.0,0.0836,0.0,0.0,0.0,0.0,0.0,0.733694657,0.0,k280
k2380,0.119047619,0.0,0.0836,0.0,0.0,0.0,0.0,0.0,0.677419987,0.0,k1177
k1223,0.166666667,0.0,0.0836,0.0,0.0,0.0,0.0,0.153846154,0.571138376,0.0,k1561
k2181,0.119047619,0.0,0.0836,0.0,0.0,0.0,0.0,0.0,0.685837108,0.0,k1238
k1625,0.0714,0.0,0.0836,0.0,0.0,0.111111111,0.0,0.0769,0.59140021,0.0,k1319
k3356,0.142857143,0.0,0.0836,0.0588,0.0,0.0,0.0,0.0,0.67467,0.0,k1244
k2120,0.0238,0.0,0.432826341,0.0,0.0,0.0,0.0,0.307692308,0.566942194,0.0,k421
k1100,0.0952,0.0,0.353835868,0.0,0.0,0.0,0.0,0.0,0.71418759,0.0,k1674
k1652,0.214285714,0.0,0.36921277,0.0,0.0,0.0,0.0,0.0,0.709497294,0.0,k911
k3277,0.0476,0.0,0.0836,0.0,0.0,0.0,0.0,0.0,0.333535683,0.0,k1266
k1923,0.0476,0.0,0.0836,0.0,0.0,0.0,0.0,0.0,0.765298886,0.0,k1111
k3060,0.0952,0.0,0.605515628,0.0,0.0303,0.0,0.3125,0.230769231,0.570438822,0.0,k1483
k2788,0.238095238,0.0,0.0836,0.0,0.0,0.0,0.0,0.0,0.697154213,0.0,k1627
k145,0.0952,0.0,0.0836,0.0,0.0,0.0,0.0,0.0,0.624537745,0.0,k323
k497,0.0952,0.0,0.0836,0.0,0.0,0.0,0.0,0.0,0.397091298,0.0,k1112
k3145,0.142857143,0.0,0.0836,0.0,0.0303,0.0,0.0,0.0,0.676332797,0.0,k1753
k3334,0.0476,0.0,0.445696139,0.0,0.0,0.0,0.0,0.0,0.618370344,0.0,k2424
k890,0.0714,0.0,0.0836,0.0,0.0,0.0,0.0,0.0,0.69462736,0.0,k2484
k3229,0.0,0.0,0.0836,0.0,0.0,0.0,0.0,0.0,0.635381164,0.0,k2539
k1556,0.238095238,0.0,0.0836,0.0,0.0,0.0,0.0,0.0,0.654053263,0.0,k1453
k1690,0.0238,0.0,0.0836,0.0,0.0,0.111111111,0.0,0.0,0.597744873,0.0,k2421
k357,0.0476,0.0,0.0836,0.0,0.0303,0.0,0.0,0.0,0.681066839,0.0,k2120
k261,0.0476,0.0,0.0836,0.0,0.0,0.0,0.0,0.0,0.583348472,0.0,k1245
k2586,0.0238,0.0,0.0836,0.0,0.0,0.111111111,0.0,0.0,0.354019892,0.0,k1175
k1220,0.0,0.0,0.346648838,0.0,0.0,0.0,0.0,0.0,0.747544538,0.0,k307
k2723,0.0,0.0,0.0836,0.0,0.0,0.0,0.0,0.0,0.645577814,0.0,k272
k2489,0.0714,0.0,0.0836,0.0,0.0,0.0,0.0,0.0,0.767234638,0.0,k798
k3239,0.0952,0.0,0.0836,0.0,0.0,0.0,0.0,0.846153846,0.636147628,0.0,k1556
k418,0.119047619,0.0,0.0836,0.0,0.0,0.0,0.0,0.0,0.42758935,0.0,k1308
k1533,0.0,0.0,0.0836,0.0,0.0,0.0,0.0,0.0,0.670366277,0.0,k888
k1049,0.0952,0.0,0.0836,0.0,0.0303,0.0,0.0625,0.0769,0.589967306,0.0,k2236
k296,0.0952,0.0,0.0836,0.0,0.0,0.0,0.0,0.0,0.715987624,0.0,k2464
k1136,0.0952,0.0,0.0836,0.0,0.0,0.0,0.0,0.0,0.625431041,0.0,k2348
k2129,0.142857143,0.0,0.0836,0.0,0.0,0.0,0.0,0.0,0.66581299,0.0,k1767
k1612,0.0714,0.0,0.0836,0.0,0.0,0.0,0.0,0.0769,0.669510575,0.0,k2498
k3087,0.5,0.0,0.0836,0.0,0.0,0.0,0.0,0.0,0.731430051,0.0,k1058
k83,0.0952,0.0,0.0836,0.0,0.0,0.0,0.0625,0.0,0.635916063,0.0,k1384
k1952,0.0714,0.0,0.0836,0.0,0.0,0.0,0.0,0.0,0.720294841,0.0,k808
k2012,0.0952,0.0,0.750158783,0.0,0.0,0.0,0.0,0.153846154,0.660533568,0.0,k2362
k2267,0.214285714,0.0,0.0836,0.0,0.0,0.0,0.0,0.0,0.68768347,0.0,k931
k3097,0.380952381,0.0,0.0836,0.0,0.0,0.0,0.0,0.0,0.684396458,0.0,k776
k924,0.0952,0.0,0.0836,0.0,0.0,0.111111111,0.0,0.0,0.696677414,0.0,k99
k939,0.0714,0.0,0.0836,0.0,0.0,0.0,0.0,0.0769,0.656185948,0.0,k2973
k1523,0.0,0.0,0.0836,0.0,0.0,0.0,0.0,0.0,0.682496857,0.0,k873
k1988,0.0714,0.0,0.0836,0.0,0.0,0.0,0.0,0.0,0.730843052,0.0,k2929
k462,0.119047619,0.0,0.0836,0.0,0.0,0.0,0.0,0.0769,0.621605484,0.0,k2150
k1380,0.0952,0.0,0.617583152,0.0,0.0,0.0,0.0,0.0,0.613466786,0.0,k3018
k2525,0.0476,0.0,0.0836,0.0,0.0,0.0,0.0,0.0,0.685778477,0.0,k484
k335,0.0952,0.0,0.0836,0.0,0.0,0.0,0.0,0.0,0.568393249,0.0,k1667
k2186,0.238095238,0.0,0.635968578,0.0,0.0,0.222222222,0.0,0.0,0.686027433,0.0,k2850
k1938,0.0952,0.0,0.0836,0.0,0.0,0.0,0.0,0.0,0.665661779,0.0,k733
k1813,0.19047619,0.0,0.0836,0.0,0.0,0.0,0.0,0.0,0.677599755,0.0,k3323
k302,0.142857143,0.0,0.771853585,0.0,0.0,0.0,0.0,0.0,0.745786503,0.0,k440
k297,0.142857143,0.0,0.0836,0.0,0.0,0.0,0.0,0.0,0.713720892,0.0,k930
k2105,0.0952,0.0,0.0836,0.0,0.0,0.0,0.0,0.0,0.750181591,0.0,k1971
k1304,0.0238,0.0,0.0836,0.0,0.0,0.0,0.0,0.0,0.69382391,0.0,k1618
k408,0.0952,0.0,0.0836,0.0,0.0,0.0,0.0,0.0,0.720822221,0.0,k1940
k958,0.214285714,0.0,0.0836,0.0,0.0,0.111111111,0.0,0.0,0.698143506,0.0,k2096
k3158,0.0714,0.0,0.0836,0.0,0.0,0.0,0.0,0.0,0.676695219,0.0,k518
k570,0.238095238,0.0,0.611766672,0.0,0.0,0.111111111,0.0,0.0,0.660055782,0.0,k2794
k1119,0.0476,0.0,0.567006518,0.0,0.0,0.444444444,0.0,0.0,0.716696367,0.0,k2629
k2670,0.0,0.0,0.0836,0.0,0.0,0.0,0.0,0.0,0.549627355,0.0,k591
k2509,0.285714286,0.0,0.0836,0.0,0.0,0.0,0.0,0.0,0.753974338,0.0,k1825
k2457,0.0952,0.0,0.316363029,0.0,0.0,0.0,0.0,0.0,0.690801803,0.0,k2885
k5,0.0,0.0,0.659267926,0.0,0.0,0.0,0.0,0.0,0.765124966,0.0,k1574
k1670,0.142857143,0.0,0.547250543,0.0,0.0,0.0,0.0,0.0,0.690422901,0.0,k156
k680,0.30952381,0.0,0.0836,0.0,0.0,0.0,0.0,0.0,0.736106069,0.504895995,k603
k1994,0.119047619,0.0,0.0836,0.0,0.0,0.0,0.0,0.0,0.696614149,0.0,k133
k2857,0.0,0.0,0.0836,0.0,0.0,0.0,0.0,0.0,0.653840686,0.0,k2532
k2391,0.404761905,0.0,0.0836,0.0,0.0,0.0,0.0,0.0,0.660994494,0.0,k1229
k975,0.0714,0.0,0.0836,0.0,0.0,0.0,0.0,0.0,0.609155165,0.487961281,k2171
k1051,0.0476,0.0,0.89239512,0.0,0.0,0.0,0.0,0.0,0.730885279,0.0,k574
k2456,0.0952,0.0,0.0836,0.0,0.0,0.0,0.0,0.0,0.726479558,0.0,k2976
k908,0.0,0.0,0.0836,0.0,0.0,0.0,0.0,0.0,0.691594696,0.0,k1737
k1809,0.0476,0.0,0.0836,0.0,0.0,0.0,0.0,0.0,0.435586253,0.0,k580
k1634,0.119047619,0.0,0.0836,0.0,0.0,0.0,0.0,0.0,0.694668751,0.0,k2637
k1116,0.0,0.0,0.0836,0.0,0.0,0.0,0.0,0.0,0.660345446,0.0,k52
k2917,0.19047619,0.0,0.467190373,0.0,0.0,0.0,0.125,0.0769,0.658229622,0.0,k2391
k2599,0.166666667,0.0,0.638208257,0.0,0.0,0.0,0.0,0.0,0.613363042,0.0,k2855
k1973,0.0238,0.0,0.0836,0.0,0.0,0.0,0.0,0.0,0.717306151,0.0,k1128
k1446,0.30952381,0.0,0.538759819,0.0,0.0606,0.0,0.0625,0.461538462,0.638813692,0.0,k63
k2367,0.0952,0.0,0.0836,0.0,0.0,0.0,0.0,0.0,0.635876874,0.0,k1108
k2214,0.238095238,0.0,0.0836,0.0,0.0,0.0,0.0,0.0,0.661398536,0.0,k2712
k2308,0.261904762,0.0,0.0836,0.0,0.0,0.0,0.0,0.0,0.745446713,0.0,k2646
k2532,0.166666667,0.0,0.0836,0.0,0.0,0.0,0.0,0.0,0.684859587,0.0,k2648
k2049,0.0,0.0,0.575296674,0.0,0.0,0.0,0.0,0.0,0.699650687,0.0,k1346
k943,0.119047619,0.0,0.0836,0.0,0.0,0.0,0.0,0.0,0.712292166,0.0,k1278
k879,0.0238,0.0,0.0836,0.0,0.0,0.0,0.0,0.0,0.5855006,0.0,k1189
k1398,0.0476,0.0,0.0836,0.0,0.0303,0.0,0.0,0.0,0.664374846,0.0,k702
k1182,0.0952,0.0,0.0836,0.0,0.0,0.0,0.0,0.0,0.696123452,0.0,k366
k2657,0.285714286,0.0,0.0836,0.0,0.0303,0.0,0.0625,0.461538462,0.558336951,0.0,k3322
k916,0.166666667,0.0,0.805348487,0.0,0.0,0.0,0.0,0.0,0.692906615,0.0,k607
k3311,0.0238,0.0,0.0836,0.0,0.0,0.0,0.0,0.0,0.678704109,0.0,k2696
k2132,0.238095238,0.0,0.0836,0.0588,0.0,0.0,0.0,0.0,0.660387369,0.0,k12
k725,0.0714,0.0,0.0836,0.0,0.0,0.222222222,0.0,0.0,0.335736417,0.0,k198
k2907,0.142857143,0.0,0.0836,0.0,0.0,0.0,0.0,0.0,0.690246702,0.0,k938
k46,0.0952,0.0,0.0836,0.0,0.0,0.0,0.0,0.0,0.575577285,0.0,k947
k1206,0.119047619,0.0,0.0836,0.0,0.0,0.0,0.0,0.0,0.625189983,0.0,k1333
k1911,0.404761905,0.0,0.0836,0.352941176,0.0,0.0,0.0,0.0,0.356175892,0.0,k2529
k2347,0.261904762,0.0,0.0836,0.0,0.0,0.222222222,0.0,0.0,0.670345391,0.0,k1899
k105,0.30952381,0.0,0.0836,0.0,0.0,0.0,0.125,0.0769,0.57039819,0.0,k882
k1852,0.119047619,0.0,0.513621929,0.0,0.0,0.0,0.0,0.0,0.67746548,0.0,k130
k3360,0.0714,0.0,0.0836,0.0,0.0,0.0,0.0,0.0,0.776967172,0.0,k3303
k1463,0.0952,0.0,0.0836,0.0,0.0,0.0,0.0,0.0,0.698340363,0.0,k2732
k1274,0.0,0.0,0.0836,0.0,0.0,0.0,0.0,0.0,0.574181216,0.0,k189
k3321,0.119047619,0.0,0.0836,0.0,0.0,0.0,0.0,0.0,0.650971993,0.0,k866
k3281,0.0952,0.0,0.0836,0.0,0.0,0.0,0.0,0.0,0.61296257,0.0,k1471
k2407,0.523809524,0.0,0.0836,0.0,0.0,0.0,0.0,0.0,0.777457338,0.0,k2453
k1420,0.0952,0.0,0.0836,0.0,0.0,0.111111111,0.0,0.0,0.691963953,0.0,k645
k471,0.0238,0.0,0.0836,0.0,0.0,0.0,0.0,0.0,0.69840712,0.0,k2660
k325,0.285714286,0.0,0.0836,0.235294118,0.0,0.0,0.0,0.0,0.668867375,0.0,k1354
k365,0.0714,0.0,0.0836,0.0,0.0,0.0,0.0,0.0,0.700236698,0.0,k448
k2189,0.0476,0.0,0.0836,0.0,0.0,0.0,0.0,0.0,0.616863087,0.0,k1775
k2145,0.0238,0.0,0.0836,0.0,0.0,0.0,0.0,0.0,0.719240004,0.0,k637
k622,0.0952,0.0,0.0836,0.0,0.0,0.0,0.0,0.0,0.703568368,0.0,k1632
k1077,0.19047619,0.0,0.0836,0.0,0.0,0.0,0.0,0.0,0.633966336,0.0,k2147
k3299,0.0952,0.0,0.0836,0.0,0.0,0.0,0.0,0.0,0.616260671,0.0,k1677
k1674,0.0,0.0,0.0836,0.0,0.0,0.0,0.0,0.0,0.641358545,0.0,k3065
k2939,0.285714286,0.0,0.0836,0.0,0.0,0.0,0.0,0.0,0.711230342,0.0,k3140
k609,0.285714286,0.0,0.0836,0.0,0.0,0.111111111,0.0625,0.0,0.532458184,0.0,k2924
k2576,0.119047619,0.0,0.0836,0.0,0.0,0.0,0.0,0.230769231,0.658754572,0.0,k922
k211,0.0476,0.0,0.0836,0.0,0.0,0.0,0.0,0.0,0.729246785,0.0,k60
k2993,0.0476,0.0,0.0836,0.0,0.0,0.0,0.0,0.0,0.712777395,0.0,k2326
k2390,0.0952,0.0,0.0836,0.0,0.0,0.0,0.0,0.0,0.664385403,0.0,k1785
k488,0.0,0.0,0.580879158,0.0,0.0,0.0,0.0,0.0,0.725041566,0.0,k2961
k54,0.0238,0.0,0.0836,0.0,0.0,0.0,0.0,0.0,0.704873224,0.0,k1699
k2498,0.0476,0.0,0.0836,0.0,0.0,0.0,0.0,0.0769,0.572784236,0.0,k848
k2353,0.0476,0.0,0.867691793,0.0,0.0,0.111111111,0.0,0.0,0.582066856,0.0,k2019
k627,0.0476,0.0,0.0836,0.0,0.0,0.0,0.0,0.0,0.637659517,0.0,k1095
k3357,0.0,0.0,0.0836,0.0,0.0,0.0,0.0,0.0,0.687770962,0.383123327,k2007
k1082,0.166666667,0.0,0.0836,0.0,0.0,0.111111111,0.0,0.0,0.655633885,0.0,k1550
k847,0.0476,0.0,0.691759987,0.0,0.0,0.0,0.0,0.0,0.728645508,0.0,k2012
k1318,0.0714,0.0,0.0836,0.0,0.0,0.0,0.0,0.0,0.72099804,0.0,k2563
k3101,0.142857143,0.0,0.0836,0.0,0.0,0.0,0.0,0.0,0.699275581,0.0,k3126
k1632,0.166666667,0.0,0.0836,0.0,0.0,0.0,0.0,0.0,0.681588295,0.0,k795
k2148,0.333333333,0.0,0.860003343,0.0,0.0,0.0,0.0,0.0,0.63732398,0.0,k3007
k1070,0.0,0.0,0.0836,0.0,0.0,0.0,0.0,0.0,0.661004671,0.0,k2106
k2870,0.261904762,0.0,0.0836,0.0,0.0,0.0,0.0,0.0,0.691121315,0.0,k1139
k2502,0.261904762,0.0,0.0836,0.0,0.0,0.0,0.0,0.0,0.670868746,0.0,k3032
k3136,0.119047619,0.0,0.0836,0.0,0.0606,0.0,0.0,0.0769,0.654489582,0.0,k1997
k1010,0.166666667,0.0,0.347016547,0.0,0.0,0.0,0.0,0.0,0.747623599,0.0,k2734
k647,0.0,0.0,0.0836,0.0,0.0303,0.0,0.0,0.0,0.678568998,0.0,k1607
k2319,0.0952,0.0,0.0836,0.0,0.0,0.0,0.0,0.0,0.717162002,0.0,k259
k1846,0.0476,0.0,0.0836,0.0,0.0,0.0,0.0,0.0,0.733773186,0.0,k1631
k3143,0.0714,0.0,0.0836,0.0,0.0,0.0,0.0,0.0,0.698319249,0.0,k417
k1444,0.0952,0.0,0.0836,0.0,0.0,0.111111111,0.125,0.0769,0.348782013,0.0,k95
k700,0.261904762,0.0,0.0836,0.0,0.0,0.0,0.0,0.0,0.528956923,0.0,k2960
k2071,0.0952,0.0,0.0836,0.0,0.0,0.0,0.0,0.0,0.593124676,0.0,k2317
k2768,0.0714,0.0,0.0836,0.0,0.0,0.0,0.0,0.0,0.687813189,0.0,k1097
k2796,0.19047619,0.0,0.0836,0.0,0.0,0.0,0.0,0.0,0.620339361,0.0,k39
k1635,0.142857143,0.0,0.0836,0.0,0.0,0.0,0.0,0.0,0.663058143,0.0,k2396
k1210,0.0714,0.0,0.614140064,0.0,0.0,0.111111111,0.0,0.0,0.591174038,0.0,k3011
k1184,0.19047619,0.0,0.0836,0.0,0.0,0.0,0.0,0.0,0.648176437,0.0,k2002
k3429,0.333333333,0.0,0.0836,0.0588,0.0303,0.222222222,0.0625,0.0,0.598138129,0.0,k1297
k2736,0.19047619,0.0,0.0836,0.0,0.0,0.0,0.0,0.0,0.72828863,0.0,k3290
k1731,0.119047619,0.0,0.0836,0.0,0.0,0.0,0.0,0.0,0.574535664,0.0,k1823
k2433,0.0714,0.0,0.0836,0.0,0.0,0.222222222,0.0,0.0,0.62091193,0.0,k2314
k1746,0.142857143,0.0,0.0836,0.0,0.0,0.0,0.0,0.0,0.654234094,0.0,k172
k2106,0.0952,0.0,0.366605382,0.0,0.0,0.0,0.0,0.0,0.743719057,0.0,k2739
k3278,0.142857143,0.0,0.0836,0.0,0.0,0.0,0.0,0.0,0.649931283,0.0,k1407
k1291,0.0,0.0,0.0836,0.0,0.0,0.444444444,0.0,0.0,0.588089729,0.0,k871
k1791,0.0238,0.0,0.0836,0.0,0.0,0.0,0.0,0.0,0.64311658,0.0,k586
k120,0.0714,0.0,0.598930303,0.0,0.0,0.0,0.0,0.0,0.624389875,0.0,k647
k947,0.0,0.0,0.0836,0.0,0.0,0.0,0.0,0.0,0.735238216,0.0,k10
k2668,0.142857143,0.0,0.369948187,0.0,0.0,0.0,0.0,0.0,0.68170571,0.0,k2537
k936,0.142857143,0.0,0.0836,0.0,0.0,0.0,0.0,0.0,0.698382513,0.0,k2873
k2524,0.0238,0.0,0.465452114,0.0,0.0,0.0,0.0,0.0,0.660521265,0.0,k861
k1253,0.0714,0.0,0.0836,0.0,0.0,0.0,0.0,0.0,0.772157182,0.0,k203
k1278,0.0,0.0,0.0836,0.0,0.0,0.0,0.0,0.0,0.662455119,0.0,k402
k1730,0.0952,0.0,0.0836,0.0,0.0606,0.333333333,0.25,0.153846154,0.537730771,0.0,k2192
k1542,0.19047619,0.0,0.0836,0.0,0.0,0.0,0.0,0.0,0.706309545,0.0,k3103
k631,0.142857143,0.0,0.0836,0.0,0.0,0.0,0.0,0.0,0.610717635,0.0,k1368
k224,0.0714,0.0,0.0836,0.0,0.0,0.0,0.0,0.0,0.791847283,0.0,k2100
k14,0.0714,0.0,0.0836,0.0,0.0,0.111111111,0.0,0.0,0.692412424,0.0,k2859
k2580,0.119047619,0.0,0.0836,0.0,0.0,0.0,0.0,0.0,0.723129205,0.0,k1779
k2146,0.0,0.0,0.0836,0.0,0.0,0.0,0.0,0.0,0.801692371,0.0,k1644
k872,0.0476,0.0,0.0836,0.0,0.0,0.0,0.0,0.0,0.707401975,0.0,k1950
k2780,0.0238,0.0,0.0836,0.0,0.0,0.0,0.0,0.0,0.687419325,0.0,k2256
k3213,0.0238,0.0,0.0836,0.0,0.0,0.0,0.0,0.0,0.615536359,0.0,k3268
k2851,0.0238,0.0,0.592846398,0.0,0.0,0.0,0.0,0.0,0.690931901,0.0,k1529
k2085,0.119047619,0.0,0.0836,0.0,0.0,0.0,0.0,0.0,0.755328408,0.0,k1474
k3276,0.285714286,0.0,0.0836,0.0,0.121212121,0.0,0.25,0.0,0.649440205,0.0,k2344
k3325,0.0952,0.0,0.0836,0.0,0.0,0.0,0.0,0.0,0.678463887,0.0,k29
k2072,0.0238,0.0,0.0836,0.0,0.0,0.0,0.0,0.0,0.751851755,0.0,k1352
k2820,0.30952381,0.0,0.450844058,0.0,0.0,0.0,0.0,0.0,0.652312468,0.0,k2200
k3041,0.0,0.0,0.527360856,0.0,0.0,0.555555556,0.0,0.0,0.579339882,0.0,k1211
k543,0.380952381,0.0,0.875881665,0.0,0.333333333,0.0,0.125,0.769230769,0.545267887,0.0,k1839
k137,0.0952,0.0,0.0836,0.0,0.0,0.0,0.0,0.0,0.698578534,0.0,k577
k3108,0.0238,0.0,0.668560923,0.0,0.0,0.0,0.0,0.0,0.820679272,0.0,k3071
k3166,0.142857143,0.0,0.0836,0.235294118,0.0,0.222222222,0.0,0.0,0.580836125,0.0,k1110
k3288,0.166666667,0.0,0.0836,0.0,0.0,0.0,0.0,0.0769,0.592237,0.0,k945
k2445,0.142857143,0.0,0.0836,0.0,0.0,0.0,0.0,0.0,0.771724965,0.479236487,k2631
k195,0.0476,0.0,0.0836,0.0,0.0,0.0,0.0,0.0,0.638503446,0.0,k1761
k2209,0.119047619,0.0,0.0836,0.0,0.0,0.0,0.0,0.0,0.747228064,0.0,k1157
k1426,0.0714,0.0,0.0836,0.0,0.0,0.0,0.0,0.0,0.633271492,0.0,k3313
k1235,0.119047619,0.0,0.0836,0.0,0.0,0.0,0.0,0.0,0.755364331,0.0,k540
k802,0.0714,0.0,0.0836,0.0,0.0,0.0,0.0,0.0,0.747720357,0.0,k2166
k2262,0.0952,0.0,0.0836,0.0,0.0,0.0,0.0,0.0,0.40763556,0.0,k899
k2834,0.0476,0.0,0.0836,0.0,0.0,0.0,0.0,0.0769,0.624772043,0.0,k3057
k3324,0.0952,0.0,0.0836,0.0,0.0,0.0,0.0,0.0,0.755192082,0.0,k760
k2271,0.0952,0.0,0.0836,0.0,0.0,0.0,0.0,0.0,0.631950839,0.0,k2399
k1125,0.0238,0.0,0.0836,0.0,0.0,0.0,0.0,0.0,0.567972879,0.0,k3390
k367,0.19047619,0.0,0.0836,0.0,0.0,0.0,0.0,0.0,0.641167536,0.0,k1397
k1113,0.30952381,0.0,0.0836,0.0,0.0,0.0,0.0,0.0,0.751370854,0.0,k1992
k1968,0.0952,0.0,0.0836,0.0,0.0606,0.0,0.25,0.230769231,0.562278784,0.0,k2303
k1389,0.0476,0.0,0.0836,0.0,0.0,0.0,0.0,0.0,0.570550161,0.0,k2654
k2325,0.0,0.0,0.0836,0.0,0.0,0.0,0.0,0.0,0.619932586,0.0,k286
k2831,0.285714286,0.0,0.0836,0.0,0.0,0.0,0.0625,0.0,0.67028676,0.0,k1876
k2792,0.0,0.0,0.0836,0.0,0.0,0.111111111,0.0,0.0,0.559127641,0.0,k594
k299,0.0476,0.0,0.838308541,0.0,0.0,0.0,0.0,0.0,0.712784534,0.0,k508
k528,0.214285714,0.0,0.0836,0.0,0.0,0.0,0.0,0.153846154,0.389594586,0.0,k1892
k3256,0.0714,0.0,0.0836,0.0,0.0,0.0,0.0,0.0,0.75633479,0.0,k999
k2282,0.0476,0.0,0.0836,0.0,0.0,0.0,0.0,0.0,0.649315423,0.0,k2506
k1471,0.0,0.0,0.0836,0.0,0.0,0.0,0.0,0.0,0.735238216,0.0,k3009
k1598,0.0,0.0,0.0836,0.0,0.0,0.0,0.0,0.0,0.656946563,0.0,k2606
k2317,0.214285714,0.0,0.373558416,0.0,0.0,0.0,0.0,0.0,0.742013957,0.0,k2808
k2926,0.119047619,0.0,0.0836,0.0,0.0,0.0,0.0,0.0,0.791605617,0.0,k2496
k2830,0.0238,0.0,0.0836,0.0,0.0,0.0,0.0,0.0,0.723635092,0.0,k583
k25,0.0238,0.0,0.0836,0.0,0.0,0.0,0.0,0.0,0.705439337,0.0,k152
k148,0.285714286,0.0,0.760086913,0.0,0.0,0.222222222,0.125,0.0,0.532680027,0.0,k3133
k2654,0.0952,0.0,0.0836,0.0,0.0,0.0,0.0,0.0,0.662718809,0.0,k429
k729,0.0,0.0,0.0836,0.0,0.0,0.0,0.0,0.0,0.716251314,0.0,k856
k2767,0.19047619,0.0,0.839244526,0.0,0.0,0.0,0.0,0.0,0.776120053,0.0,k1295
k2239,0.0238,0.0,0.0836,0.0,0.0,0.0,0.0,0.0,0.791186235,0.0,k2335
k3406,0.0952,0.0,0.0836,0.0,0.0,0.0,0.0,0.0,0.666171615,0.0,k1867
k2963,0.0238,0.0,0.688584322,0.0,0.0303,0.0,0.125,0.0,0.609446576,0.0,k1040
k804,0.19047619,0.0,0.0836,0.0,0.0,0.0,0.0,0.0,0.627070294,0.0,k2561
k3069,0.0,0.0,0.0836,0.0,0.0,0.0,0.0,0.0,0.734849516,0.0,k362
k1028,0.0714,0.0,0.0836,0.0,0.0,0.0,0.0,0.0,0.764857782,0.0,k2262
k136,0.119047619,0.0,0.0836,0.0588,0.0,0.0,0.0,0.0,0.665879748,0.0,k100
k1832,0.0,0.0,0.0836,0.0,0.0,0.0,0.0,0.0,0.6063148,0.0,k1780
k814,0.19047619,0.0,0.786461641,0.0,0.0,0.0,0.0,0.0,0.703533204,0.0,k3027
k2079,0.0714,0.0,0.955941835,0.0,0.0,0.0,0.0,0.0,0.681754469,0.0,k1887
k2336,0.119047619,0.0,0.0836,0.0,0.0303,0.0,0.0,0.153846154,0.644190935,0.0,k1088
k1740,0.142857143,0.0,0.0836,0.0,0.0,0.0,0.0,0.0,0.765891505,0.0,k2763
k874,0.166666667,0.0,0.0836,0.0,0.0,0.0,0.0,0.0,0.701065742,0.0,k1149
k1949,0.166666667,0.0,0.0836,0.0,0.0,0.0,0.0,0.0,0.713193208,0.0,k1393
k3430,0.119047619,0.0,0.0836,0.0,0.0,0.0,0.0,0.0,0.613401472,0.0,k3345
k2943,0.0714,0.0,0.0836,0.0,0.0,0.0,0.0,0.0,0.342198723,0.0,k1741
k2494,0.119047619,0.0,0.0836,0.0,0.0,0.0,0.0,0.0,0.763718568,0.0,k1854
k2901,0.333333333,0.0,0.0836,0.0,0.0,0.0,0.0,0.0,0.65406382,0.0,k2881
k8,0.19047619,0.0,0.0836,0.0,0.0,0.0,0.0,0.0,0.658886265,0.0,k2921
k803,0.452380952,0.0,0.798562594,0.0,0.0,0.0,0.0,0.0,0.77947519,0.0,k2406
k3301,0.19047619,0.0,0.0836,0.0,0.0,0.0,0.0,0.0,0.604522361,0.0,k507
k33,0.19047619,0.0,0.0836,0.0,0.0,0.0,0.0,0.0,0.779273777,0.0,k1250
k1590,0.0714,0.0,0.0836,0.0,0.0,0.0,0.0,0.0,0.63479295,0.0,k3410
k1617,0.119047619,0.0,0.0836,0.0588,0.0,0.0,0.0,0.0,0.655331461,0.0,k2352
k2706,0.0952,0.0,0.0836,0.0,0.0,0.0,0.0,0.0,0.422730222,0.0,k3292
k1391,0.0952,0.0,0.0836,0.0,0.0,0.0,0.0,0.0,0.774287968,0.0,k3229
k2832,0.0476,0.0,0.0836,0.0,0.0606,0.0,0.125,0.384615385,0.615077939,0.0,k1813
k2483,0.0714,0.0,0.0836,0.0,0.0,0.0,0.0,0.0,0.615163608,0.0,k396
k2418,0.0,0.0,0.0836,0.0,0.0,0.0,0.0,0.0,0.633271492,0.0,k384
k2087,0.0238,0.0,0.0836,0.0,0.0,0.0,0.0,0.0,0.643209616,0.0,k943
k3364,0.119047619,0.0,0.777268929,0.0,0.0,0.0,0.0,0.0,0.674177936,0.0,k3358
k310,0.0952,0.0,0.635534013,0.0,0.0,0.0,0.0,0.0,0.625308461,0.0,k25
k201,0.0952,0.0,0.0836,0.0,0.0,0.111111111,0.0,0.0,0.692598951,0.0,k370
k3023,0.214285714,0.0,0.0836,0.0,0.0,0.0,0.0,0.0769,0.638835869,0.0,k2809
k379,0.261904762,0.0,0.0836,0.0,0.0,0.0,0.0,0.0,0.708801538,0.0,k2383
k2915,0.19047619,0.0,0.0836,0.0,0.0,0.111111111,0.0625,0.0,0.61899638,0.0,k1972
k1412,0.0238,0.0,0.0836,0.0,0.0,0.0,0.0,0.0,0.637509748,0.0,k3327
k2466,0.166666667,0.0,0.0836,0.0,0.0,0.0,0.0,0.0,0.730836065,0.0,k1817
k636,0.0952,0.0,0.0836,0.0,0.0,0.0,0.0,0.0,0.726532342,0.0,k1774
k1429,0.119047619,0.0,0.0836,0.0,0.0,0.0,0.0,0.0,0.703853551,0.0,k1223
k415,0.0238,0.0,0.0836,0.0,0.0,0.0,0.0,0.0,0.680914564,0.0,k2981
k3374,0.0,0.0,0.0836,0.0,0.0,0.0,0.0,0.0,0.706757864,0.0,k325
k3259,0.0,0.0,0.0836,0.0,0.0,0.0,0.0,0.0,0.773739399,0.0,k3421
k3388,0.166666667,0.0,0.0836,0.0,0.0,0.0,0.0,0.0,0.716383159,0.0,k2574
k2463,0.0,0.0,0.0836,0.0,0.0,0.0,0.0,0.0,0.523217791,0.0,k2502
k1993,0.0952,0.0,0.0836,0.0,0.0,0.0,0.0,0.0,0.643895423,0.0,k166
k2231,0.0714,0.0,0.0836,0.0,0.0,0.0,0.0,0.0,0.688878506,0.0,k525
k1898,0.19047619,0.0,0.767273943,0.0,0.0,0.0,0.0,0.0,0.342311657,0.0,k825
k3379,0.0,0.0,0.0836,0.0,0.0,0.0,0.0,0.0,0.485243988,0.0,k3284
k3128,0.142857143,0.0,0.863179007,0.0,0.0,0.0,0.0,0.0,0.77036611,0.0,k1251
k2536,0.0714,0.0,0.874544543,0.0,0.0,0.0,0.0,0.0,0.643081112,0.0,k1586
k2842,0.0952,0.0,0.0836,0.0,0.0,0.0,0.0,0.0,0.369404598,0.0,k1328
k549,0.0,0.0,0.0836,0.0,0.0,0.0,0.0,0.0,0.631161819,0.0,k729
k1610,0.238095238,0.0,0.0836,0.0,0.0,0.0,0.0,0.0,0.783428491,0.0,k688
k401,0.19047619,0.0,0.0836,0.0,0.0,0.0,0.0,0.0,0.676336594,0.0,k2349
k1401,0.0952,0.0,0.0836,0.0,0.0,0.111111111,0.0,0.0,0.554866677,0.0,k313
k1975,0.0714,0.0,0.0836,0.0,0.0,0.0,0.0,0.0,0.652681497,0.0,k3381
k3076,0.357142857,0.0,0.0836,0.0,0.0,0.0,0.0,0.0,0.637378055,0.0,k1649
k2166,0.0476,0.0,0.0836,0.0,0.0,0.0,0.0,0.0,0.622237975,0.0,k2894
k2793,0.0476,0.0,0.0836,0.0,0.0,0.0,0.0,0.0,0.549940487,0.0,k1413
k2011,0.142857143,0.0,0.593448103,0.0,0.0,0.0,0.0,0.0769,0.690068149,0.0,k1324
k2745,0.0714,0.0,0.0836,0.0,0.0,0.0,0.0,0.0,0.684254892,0.0,k2799
k1776,0.142857143,0.0,0.0836,0.0,0.0,0.0,0.0,0.0,0.616477274,0.0,k2749
k235,0.238095238,0.0,0.0836,0.0,0.0,0.0,0.0,0.0,0.737354344,0.0,k1501
k798,0.0476,0.0,0.0836,0.0,0.151515152,0.444444444,0.9375,0.307692308,0.544695242,0.0,k97
k902,0.0476,0.0,0.0836,0.0,0.0,0.0,0.0,0.0,0.706051171,0.0,k2316
k2571,0.0476,0.0,0.0836,0.0,0.0,0.0,0.0,0.0,0.601795462,0.0,k1606
k2467,0.19047619,0.0,0.0836,0.0,0.0,0.0,0.0,0.0,0.644825401,0.0,k147
k557,0.0714,0.0,0.0836,0.0,0.0,0.0,0.0,0.0,0.732257044,0.0,k523
k1237,0.166666667,0.0,0.0836,0.0,0.0,0.0,0.0,0.0,0.631771982,0.0,k98
k816,0.0952,0.0,0.0836,0.0,0.0,0.0,0.0,0.0,0.647255269,0.0,k1160
k2101,0.0476,0.0,0.0836,0.0,0.0,0.0,0.0,0.0,0.696033758,0.0,k2282
k1370,0.0476,0.430352286,0.0836,0.0,0.0,0.0,0.0,0.0,0.404380901,0.0,k3179
k3112,0.0952,0.0,0.0836,0.0,0.0,0.0,0.0,0.0,0.683368811,0.0,k1881
k2053,0.119047619,0.0,0.767608223,0.0,0.0,0.0,0.0,0.0,0.782646838,0.0,k2375
k1118,0.19047619,0.0,0.0836,0.0,0.0,0.0,0.0625,0.0,0.633271644,0.0,k355
k2775,0.0476,0.0,0.0836,0.0,0.0,0.0,0.0,0.0,0.700625778,0.0,k1106
k3341,0.0,0.0,0.0836,0.0,0.0,0.0,0.0,0.0,0.710977133,0.0,k3273
k2037,0.0476,0.0,0.0836,0.0,0.0,0.0,0.0,0.0,0.657398907,0.0,k3259
k1620,0.0238,0.0,0.0836,0.0,0.0,0.0,0.0,0.0,0.744995357,0.396407107,k3164
k1041,0.0952,0.0,0.0836,0.0,0.0,0.0,0.0,0.0,0.383766063,0.0,k1456
k1978,0.0,0.0,0.0836,0.0,0.0,0.0,0.0,0.0,0.173368334,0.0,k248
k445,0.0476,0.0,0.376767508,0.0,0.0,0.0,0.0,0.0,0.672885611,0.0,k565
k3254,0.142857143,0.0,0.0836,0.0,0.0909,0.0,0.1875,0.230769231,0.565875207,0.0,k1449
k945,0.0952,0.0,0.0836,0.0,0.0,0.0,0.0,0.0,0.699769621,0.0,k3233
k1717,0.0952,0.0,0.571452449,0.0,0.0,0.0,0.0,0.0769,0.68386361,0.0,k1285
k3075,0.30952381,0.0,0.901052983,0.0,0.181818182,0.0,0.0625,0.692307692,0.55819341,0.0,k975
k837,0.0476,0.0,0.0836,0.0,0.0,0.0,0.0,0.0,0.627809112,0.0,k1494
k168,0.0952,0.0,0.0836,0.0,0.0,0.0,0.0,0.0,0.664200623,0.0,k2986
k1392,0.119047619,0.0,0.0836,0.0,0.0,0.0,0.0,0.0,0.743325193,0.0,k3312
k98,0.166666667,0.0,0.0836,0.0,0.0,0.0,0.0,0.0,0.396262102,0.0,k246
k2300,0.0238,0.0,0.0836,0.0,0.0,0.0,0.0,0.0,0.650738682,0.0,k528
k3014,0.0714,0.0,0.0836,0.0,0.0,0.0,0.0,0.0,0.58254525,0.0,k2666
k2637,0.0714,0.0,0.325722881,0.0,0.0,0.0,0.0,0.0,0.718801635,0.0,k1364
k1294,0.119047619,0.0,0.0836,0.0,0.0,0.0,0.0,0.0,0.420305291,0.0,k1163
k1213,0.0952,0.0,0.0836,0.0,0.0,0.0,0.0,0.0,0.742664221,0.0,k342
k75,0.19047619,0.0,0.0836,0.0,0.0,0.0,0.0,0.0,0.60697357,0.0,k1036
k2577,0.0952,0.0,0.0836,0.0,0.0,0.0,0.0,0.307692308,0.566138593,0.0,k830
k3205,0.119047619,0.0,0.0836,0.0,0.0,0.0,0.0,0.0,0.676804659,0.0,k2085
k1864,0.0476,0.0,0.68674578,0.0,0.0,0.0,0.0,0.0,0.67601207,0.0,k1495
k2184,0.0,0.0,0.0836,0.0,0.0,0.0,0.0,0.0,0.312100459,0.0,k2695
k1663,0.0952,0.0,0.559886345,0.0,0.0,0.0,0.0,0.0,0.566092417,0.0,k3157
k759,0.0952,0.0,0.544308875,0.0,0.0,0.0,0.125,0.0,0.59053509,0.0,k2208
k216,0.0952,0.0,0.428313555,0.0,0.0,0.0,0.0,0.0,0.706968846,0.0,k1388
k1459,0.0714,0.0,0.182951696,0.0,0.0,0.0,0.0,0.0,0.71034897,0.0,k1931
k691,0.0476,0.0,0.0836,0.0,0.0,0.0,0.0,0.0,0.677034401,0.0,k2076
k1812,0.0714,0.0,0.0836,0.0,0.0,0.0,0.0,0.0,0.789766926,0.0,k1473
k1930,0.0238,0.0,0.0836,0.0,0.0,0.0,0.0,0.0,0.736120803,0.0,k698
k2816,0.142857143,0.0,0.0836,0.0,0.0,0.0,0.0,0.0,0.582792612,0.0,k1190
k2100,0.142857143,0.943387515,0.0836,0.0,0.0,0.0,0.0,0.0,0.693670192,0.0,k624
k585,0.142857143,0.0,0.0836,0.0,0.0,0.0,0.0,0.0,0.614907209,0.0,k1594
k3365,0.0952,0.0,0.0836,0.176470588,0.0,0.0,0.0,0.0,0.340047507,0.0,k316
k1055,0.0476,0.0,0.0836,0.0,0.0,0.0,0.0,0.0,0.416478063,0.0,k2041
k1421,0.142857143,0.0,0.451646331,0.0,0.0,0.0,0.0,0.0,0.649859816,0.0,k1168
k1405,0.0,0.0,0.0836,0.0,0.0,0.0,0.0,0.0,0.644255794,0.0,k3095
k2762,0.0,0.0,0.542436905,0.0,0.0,0.0,0.0,0.0,0.683347698,0.0,k1565
k1816,0.452380952,0.0,0.672873141,0.0,0.0,0.111111111,0.0625,0.0,0.729904947,0.0,k792
k1427,0.119047619,0.0,0.0836,0.0,0.0,0.0,0.0,0.0,0.731588478,0.0,k3069
k200,0.0952,0.0,0.0836,0.0,0.0303,0.0,0.0,0.0,0.67627333,0.0,k660
k167,0.0952,0.0,0.65064349,0.0,0.0,0.0,0.0,0.0,0.699240418,0.0,k383
k1257,0.0476,0.0,0.0836,0.0,0.0,0.0,0.0,0.0,0.621316807,0.0,k2676
k290,0.0952,0.0,0.0836,0.0,0.0,0.0,0.0,0.0,0.66820739,0.0,k1314
k2155,0.0476,0.0,0.0836,0.0,0.0,0.0,0.0,0.0,0.673200262,0.0,k907
k2107,0.0952,0.0,0.0836,0.0,0.0,0.0,0.0,0.0,0.409745232,0.0,k2505
k327,0.285714286,0.0,0.632993482,0.0,0.0,0.0,0.0625,0.0769,0.609666368,0.0,k605
k2707,0.0,0.0,0.0836,0.0,0.0,0.0,0.0,0.0,0.67448484,0.0,k1626
k3149,0.0952,0.0,0.0836,0.0,0.0,0.0,0.0,0.0,0.583886713,0.0,k2193
k1075,0.261904762,0.0,0.0836,0.0,0.0,0.0,0.0,0.0,0.751727276,0.0,k684
k1836,0.142857143,0.0,0.0836,0.0,0.0,0.111111111,0.0,0.0,0.631611961,0.0,k1425
k3367,0.333333333,0.0,0.0836,0.0,0.0,0.0,0.0,0.0,0.65704689,0.0,k2802
k1407,0.0952,0.0,0.0836,0.0,0.0,0.222222222,0.0,0.0,0.515842443,0.0,k2248
k1905,0.119047619,0.0,0.0836,0.0,0.0,0.0,0.0,0.0,0.737421709,0.0,k1837
k2949,0.0,0.0,0.0836,0.0,0.0,0.0,0.0,0.0,0.590843969,0.0,k3267
k2118,0.0476,0.0,0.0836,0.0,0.0,0.0,0.0,0.0,0.622014841,0.0,k747
k3354,0.0952,0.0,0.480193883,0.0,0.0,0.0,0.0,0.0,0.66323586,0.0,k996
k3141,0.119047619,0.0,0.0836,0.0,0.0,0.111111111,0.0,0.0,0.692412424,0.0,k3085
k2770,0.0952,0.0,0.0836,0.0,0.0,0.0,0.0,0.0,0.759105434,0.0,k556
k1252,0.119047619,0.0,0.0836,0.0,0.0,0.0,0.0,0.0,0.739132581,0.0,k1652
k518,0.142857143,0.0,0.0836,0.0,0.0,0.0,0.0,0.0,0.742094614,0.0,k1359
k3371,0.119047619,0.0,0.0836,0.0,0.0,0.0,0.0,0.0,0.695748954,0.0,k1262
k2616,0.119047619,0.0,0.0836,0.0,0.0,0.0,0.0,0.0,0.658664726,0.0,k329
k358,0.0476,0.0,0.0836,0.0,0.0,0.0,0.0,0.0,0.654368066,0.0,k2999
k1595,0.0476,0.0,0.0836,0.0,0.0,0.0,0.0,0.0,0.658155117,0.0,k3070
k218,0.19047619,0.0,0.0836,0.0,0.0,0.0,0.0,0.0,0.682365771,0.0,k2390
k1,0.238095238,0.0,0.0836,0.0,0.0,0.0,0.0,0.0,0.738362396,0.0,k2460
k179,0.142857143,0.0,0.730503092,0.0,0.0303,0.0,0.125,0.0,0.616387883,0.0,k799
k2835,0.0476,0.0,0.0836,0.0,0.0,0.0,0.0,0.0,0.662894628,0.0,k1833
k3024,0.357142857,0.0,0.0836,0.0,0.0,0.0,0.0,0.0,0.725509176,0.0,k2418
k558,0.0238,0.0,0.622129367,0.0,0.0,0.0,0.0,0.0,0.688122599,0.0,k2169
k2564,0.142857143,0.0,0.658265084,0.0,0.0303,0.0,0.0625,0.0,0.620041039,0.0,k619
k133,0.0476,0.0,0.0836,0.0,0.0,0.0,0.0,0.0,0.677339862,0.0,k993
k164,0.0238,0.0,0.0836,0.0,0.0,0.0,0.0,0.0,0.666002859,0.0,k363
k3352,0.166666667,0.0,0.0836,0.0,0.0,0.0,0.0,0.0,0.678945774,0.0,k2364
k762,0.119047619,0.0,0.95243189,0.0,0.0,0.0,0.0,0.0,0.679039342,0.0,k1153
k817,0.0952,0.0,0.0836,0.0,0.0,0.0,0.0,0.0,0.656327666,0.0,k1994
k2272,0.0714,0.0,0.0836,0.0,0.0,0.0,0.0,0.0,0.585956817,0.0,k2989
k3211,0.0952,0.0,0.0836,0.0,0.0,0.0,0.0,0.0,0.647149626,0.0,k656
k1375,0.0238,0.0,0.0836,0.0,0.0,0.0,0.0,0.0,0.672890092,0.0,k1323
k86,0.357142857,0.0,0.554036437,0.0,0.0,0.0,0.0,0.0,0.594530162,0.0,k1166
k2773,0.214285714,0.0,0.0836,0.0,0.0,0.0,0.0,0.0,0.768728983,0.0,k3235
k806,0.0238,0.0,0.0836,0.0,0.0,0.0,0.0,0.0,0.705787405,0.0,k209
k1277,0.19047619,0.0,0.0836,0.0,0.0,0.0,0.0,0.0,0.598651839,0.0,k2013
k2168,0.142857143,0.0,0.0836,0.0,0.0,0.0,0.0,0.0769,0.656677025,0.0,k3026
k2250,0.0,0.0,0.0836,0.0,0.0,0.0,0.0,0.0,0.833337232,0.741111382,k2323
k2389,0.0714,0.0,0.0836,0.0,0.0,0.0,0.0,0.0,0.605116043,0.0,k2128
k444,0.19047619,0.0,0.0836,0.0,0.0,0.0,0.0,0.0,0.693481083,0.0,k780
k1158,0.0476,0.0,0.735417015,0.0,0.0303,0.0,0.125,0.0,0.614781364,0.0,k3393
k990,0.166666667,0.0,0.0836,0.0,0.0,0.0,0.0,0.0,0.645699558,0.0,k820
k1173,0.166666667,0.0,0.0836,0.0,0.0,0.0,0.0,0.0,0.400403069,0.0,k621
k2471,0.19047619,0.0,0.0836,0.0,0.0,0.0,0.0,0.0,0.687669572,0.0,k3123
k2004,0.0476,0.0,0.0836,0.0,0.0,0.0,0.0,0.0,0.594771296,0.0,k570
k2689,0.0476,0.0,0.0836,0.0,0.0,0.0,0.0,0.0,0.715723858,0.0,k1253
k2114,0.0952,0.0,0.416413171,0.0,0.0,0.0,0.0,0.0,0.744731666,0.0,k1217
k3344,0.142857143,0.0,0.757379241,0.0,0.0,0.0,0.0,0.0,0.756211907,0.0,k1150
k2276,0.0238,0.0,0.0836,0.0,0.0,0.0,0.0,0.0,0.751851755,0.0,k2445
k2065,0.0238,0.0,0.0836,0.0,0.0606,1.0,0.125,0.384615385,0.46355244,0.0,k219
k2111,0.0714,0.0,0.0836,0.0,0.0,0.0,0.0,0.0,0.650088114,0.0,k2625
k760,0.214285714,0.0,0.0836,0.0,0.0,0.222222222,0.0625,0.153846154,0.613384004,0.0,k1242
k2575,0.142857143,0.0,0.0836,0.0,0.0,0.0,0.0,0.0,0.674642051,0.0,k852
k2763,0.238095238,0.0,0.912318235,0.0,0.242424242,0.0,0.125,0.769230769,0.54869639,0.0,k433
k2769,0.0952,0.0,0.0836,0.0,0.0,0.0,0.0,0.0,0.661836298,0.0,k2518
k1325,0.142857143,0.0,0.0836,0.0,0.0,0.0,0.0,0.0,0.762002684,0.0,k2409
k1926,0.0,0.0,0.0836,0.0,0.0,0.0,0.0,0.0,0.669135698,0.0,k3147
k469,0.0952,0.0,0.0836,0.0,0.0,0.0,0.0,0.230769231,0.61887661,0.0,k2410
k1321,0.261904762,0.0,0.0836,0.0,0.0,0.0,0.0,0.0,0.713974329,0.0,k3288
k2477,0.19047619,0.0,0.770048471,0.0,0.0,0.0,0.0,0.0,0.690840612,0.0,k3402
k828,0.119047619,0.0,0.0836,0.0,0.0,0.0,0.0,0.0,0.611261268,0.0,k1959
k1602,0.0238,0.0,0.0836,0.0,0.0,0.0,0.0,0.0,0.615339427,0.0,k341
k442,0.0714,0.0,0.0836,0.117647059,0.0,0.0,0.0,0.0,0.602628531,0.0,k2950
k2171,0.214285714,0.0,0.0836,0.0,0.0,0.0,0.125,0.307692308,0.582256422,0.0,k2610
k3104,0.119047619,0.0,0.0836,0.0,0.0,0.0,0.0,0.0,0.335651356,0.0,k1520
k3424,0.214285714,0.0,0.0836,0.0,0.0,0.0,0.0,0.0,0.676430466,0.0,k340
k3381,0.0238,0.0,0.0836,0.0,0.0,0.0,0.0,0.0,0.697967612,0.0,k180
k2461,0.0,0.0,0.0836,0.0,0.0,0.0,0.0,0.0,0.665176549,0.0,k1146
k658,0.142857143,0.0,0.0836,0.0,0.0,0.0,0.0,0.0,0.682970997,0.0,k1962
k2673,0.142857143,0.0,0.0836,0.0,0.0,0.0,0.125,0.692307692,0.617153587,0.0,k2485
k3131,0.0952,0.0,0.0836,0.0,0.0,0.0,0.0,0.0,0.722618989,0.0,k679
k422,0.0714,0.0,0.0836,0.0,0.0,0.0,0.0,0.0,0.679444826,0.0,k2590
k2446,0.119047619,0.0,0.0836,0.0,0.0,0.0,0.0,0.0769,0.638694379,0.0,k1648
k2696,0.0714,0.0,0.0836,0.0,0.0,0.0,0.0,0.0,0.602196314,0.0,k2940
k1133,0.0714,0.0,0.0836,0.0,0.0,0.0,0.0,0.0,0.654895522,0.0,k2814
k536,0.142857143,0.0,0.0836,0.0,0.0,0.0,0.0,0.0,0.730265015,0.0,k2791
k519,0.0476,0.0,0.0836,0.0,0.0,0.0,0.0,0.0,0.612480835,0.0,k443
k2074,0.0,0.0,0.0836,0.0,0.0,0.0,0.0,0.0,0.695814041,0.0,k1551
k1486,0.0952,0.0,0.0836,0.0,0.0,0.0,0.0,0.0,0.694379771,0.0,k3204
k2287,0.166666667,0.0,0.0836,0.0,0.0,0.111111111,0.0,0.0,0.343475478,0.0,k1985
k477,0.0,0.0,0.0836,0.0,0.0,0.0,0.0,0.0,0.72099804,0.0,k171
k2872,0.0714,0.0,0.0836,0.0,0.0,0.0,0.0,0.0,0.731018871,0.0,k1589
k1027,0.0,0.0,0.561791743,0.0,0.0,0.0,0.0,0.0,0.694099904,0.0,k1546
k2038,0.0,0.0,0.0836,0.0,0.0,0.0,0.0,0.0,0.683275016,0.0,k69
k3182,0.0,0.0,0.0836,0.0,0.0606,0.0,0.0,0.846153846,0.499224575,0.0,k1661
k2077,0.119047619,0.0,0.83610229,0.0,0.0,0.0,0.0,0.0,0.727468092,0.0,k2703
k2482,0.0952,0.0,0.0836,0.0,0.0303,0.111111111,0.0625,0.0,0.684962723,0.0,k2081
k2970,0.0238,0.0,0.0836,0.0,0.0,0.0,0.0,0.0,0.612498682,0.0,k389
k2462,0.142857143,0.0,0.0836,0.0,0.0,0.0,0.0,0.0,0.765652422,0.0,k2993
k904,0.142857143,0.0,0.0836,0.0,0.0,0.0,0.0,0.0,0.575032133,0.0,k2455
k1344,0.119047619,0.0,0.0836,0.0,0.0,0.0,0.0,0.0,0.650590356,0.0,k1654
k2475,0.119047619,0.0,0.0836,0.0,0.0,0.0,0.0,0.0,0.767813359,0.0,k1818
k2255,0.285714286,0.0,0.0836,0.0,0.0,0.222222222,0.0,0.230769231,0.334824058,0.0,k1432
k2185,0.142857143,0.0,0.0836,0.0,0.0,0.0,0.0,0.307692308,0.553894472,0.0,k2048
k1777,0.0476,0.0,0.420223968,0.0,0.0,0.0,0.0,0.0,0.729127244,0.0,k1527
k2507,0.0714,0.0,0.0836,0.0,0.0,0.0,0.0,0.0,0.661530381,0.0,k2982
k2297,0.0476,0.0,0.41009527,0.0,0.0,0.0,0.0,0.0,0.37690245,0.0,k2552
k998,0.142857143,0.0,0.0836,0.0,0.0,0.0,0.0,0.0,0.732699591,0.0,k3418
k753,0.142857143,0.0,0.0836,0.0,0.0,0.0,0.0,0.0,0.839666174,0.0,k2023
k1675,0.142857143,0.0,0.75671068,0.0,0.0,0.0,0.0,0.0,0.778947658,0.0,k408
k1659,0.142857143,0.0,0.0836,0.0,0.0,0.0,0.0,0.0,0.698409475,0.0,k2870
k635,0.0,0.0,0.0836,0.0,0.0,0.0,0.0,0.0,0.752467082,0.0,k3310
k2717,0.166666667,0.0,0.0836,0.0,0.0,0.0,0.0,0.0,0.791819182,0.0,k3395
k3038,0.0,0.0,0.0836,0.0,0.0,0.0,0.0,0.0,0.649445522,0.0,k1026
k68,0.142857143,0.0,0.0836,0.0,0.0,0.0,0.125,0.0,0.348783228,0.0,k1738
k2902,0.0714,0.0,0.0836,0.0,0.0,0.0,0.0,0.0,0.553556353,0.0,k687
k1433,0.0952,0.0,0.0836,0.0,0.0,0.0,0.0,0.0,0.714140351,0.0,k56
k1418,0.19047619,0.0,0.0836,0.0,0.0,0.0,0.0,0.0,0.762572291,0.0,k1716
k508,0.0952,0.0,0.446765837,0.0,0.0,0.0,0.0,0.0,0.615335933,0.0,k770
k3059,0.0,0.0,0.0836,0.0,0.0,0.0,0.0,0.0,0.614636228,0.0,k1200
k1436,0.0,0.0,0.0836,0.0,0.0,0.0,0.0,0.0,0.645226252,0.0,k1885
k891,0.0714,0.0,0.0836,0.0,0.0,0.0,0.0,0.0,0.745610684,0.0,k652
k3336,0.0238,0.0,0.0836,0.0,0.0,0.0,0.0,0.0,0.589714173,0.0,k3033
k560,0.0238,0.0,0.0836,0.0,0.0,0.222222222,0.0,0.0,0.659244889,0.0,k2221
k757,0.0952,0.0,0.0836,0.0,0.0,0.0,0.0,0.0,0.650363273,0.0,k1243
k534,0.142857143,0.0,0.0836,0.0,0.0,0.0,0.0,0.0,0.724327735,0.0,k2853
k1499,0.0476,0.0,0.0836,0.0,0.0,0.0,0.0,0.0,0.378231153,0.0,k1684
k370,0.0,0.0,0.0836,0.0,0.0,0.111111111,0.0,0.0,0.577194969,0.0,k2913
k812,0.0,0.0,0.0836,0.0,0.0,0.0,0.0,0.0,0.663861517,0.0,k2635
k34,0.0,0.0,0.0836,0.0,0.0,0.0,0.0,0.0,0.796418265,0.0,k2307
k1579,0.166666667,0.0,0.0836,0.0,0.0,0.0,0.0,0.0,0.727787604,0.0,k1694
k2491,0.0952,0.0,0.0836,0.0,0.0,0.0,0.0,0.0,0.696955002,0.0,k2055
k1830,0.0952,0.0,0.0836,0.0,0.0,0.0,0.0,0.0,0.756380434,0.0,k2123
k2888,0.0714,0.0,0.571118168,0.0,0.0,0.0,0.0,0.0769,0.622652573,0.0,k2457
k169,0.119047619,0.0,0.837372556,0.0,0.0,0.0,0.0,0.0,0.690198096,0.0,k2392
k12,0.0,0.0,0.0836,0.0,0.0,0.0,0.0,0.0,0.656882083,0.0,k919
k2147,0.0952,0.0,0.0836,0.0,0.0,0.0,0.0,0.0,0.783408668,0.0,k2067
k93,0.0952,0.0,0.0836,0.0,0.0,0.0,0.0,0.153846154,0.572951169,0.0,k1332
k132,0.0,0.0,0.0836,0.0,0.0,0.0,0.0,0.307692308,0.637545823,0.0,k162
k2748,0.0476,0.0,0.0836,0.0,0.0,0.0,0.0,0.0,0.706364075,0.0,k3166
k3099,0.333333333,0.0,0.0836,0.0,0.0,0.0,0.0,0.0,0.676146346,0.0,k1418
k566,0.166666667,0.0,0.0836,0.0,0.0,0.0,0.0,0.0,0.73032038,0.0,k2062
k69,0.0238,0.0,0.0836,0.0,0.0,0.0,0.0,0.0,0.692065268,0.0,k282
k789,0.166666667,0.0,0.0836,0.0,0.0,0.0,0.0,0.0,0.672353066,0.0,k2727
k1203,0.0,0.0,0.0836,0.0,0.0,0.0,0.0,0.0,0.666029745,0.0,k979
k3414,0.0714,0.0,0.0836,0.0,0.0,0.0,0.0,0.0,0.622256051,0.0,k334
k447,0.0476,0.0,0.0836,0.0,0.0606,0.0,0.0,0.461538462,0.54709344,0.0,k2417
k3193,0.0952,0.0,0.620558248,0.0,0.0,0.0,0.0,0.0,0.621872364,0.0,k2691
k1772,0.0714,0.0,0.290957714,0.0,0.0,0.0,0.0,0.0,0.690408015,0.0,k420
k1168,0.0,0.0,0.0836,0.0,0.0,0.0,0.0,0.0,0.694113954,0.0,k1383
k2945,0.0,0.0,0.0836,0.0,0.0,0.0,0.0,0.0,0.443578296,0.0,k253
k544,0.0952,0.0,0.342136052,0.0,0.0,0.0,0.0,0.0,0.706757864,0.0,k3248
k1668,0.0952,0.0,0.0836,0.0,0.0,0.0,0.0,0.0,0.779716779,0.0,k2439
k973,0.0,0.0,0.0836,0.0,0.0,0.0,0.0,0.0,0.612523061,0.0,k2162
k255,0.142857143,0.0,0.0836,0.0,0.0,0.0,0.0,0.0,0.759165129,0.0,k474
k671,0.0952,0.0,0.0836,0.0,0.0,0.0,0.0,0.0,0.57346541,0.0,k710
k3342,0.238095238,0.0,0.0836,0.0,0.0,0.0,0.0,0.0,0.578702529,0.422628298,k2339
k2606,0.0952,0.0,0.0836,0.0,0.0,0.0,0.0,0.0,0.667180731,0.0,k2833
k1117,0.0,0.0,0.451111483,0.0,0.0,0.0,0.0,0.0,0.66280668,0.0,k1013
k3150,0.0,0.0,0.0922,0.0,0.0,0.0,0.0,0.0769,0.552025173,0.0,k2436
k3418,0.0,0.0,0.0836,0.0,0.0,0.0,0.0,0.0,0.595830006,0.0,k2934
k189,0.357142857,0.0,0.0836,0.0,0.0,0.0,0.0,0.0,0.615991513,0.0,k1496
k351,0.0238,0.0,0.0836,0.0,0.0,0.222222222,0.0,0.0,0.346542926,0.0,k2678
k959,0.0952,0.0,0.569914758,0.0,0.0,0.0,0.0,0.0,0.64354219,0.0,k1311
k1565,0.166666667,0.0,0.0836,0.0,0.0,0.0,0.0,0.0,0.687025536,0.0,k456
k287,0.0238,0.0,0.0836,0.0,0.0,0.0,0.0,0.0,0.673752325,0.0,k1209
k611,0.0,0.0,0.0836,0.0,0.0,0.0,0.0,0.0,0.539781964,0.0,k1307
k2200,0.0,0.0,0.0836,0.0,0.0,0.0,0.0,0.0,0.709746554,0.0,k2760
k1637,0.119047619,0.0,0.0836,0.0,0.0,0.0,0.0,0.0,0.729292961,0.0,k2443
k73,0.0,0.0,0.0836,0.0,0.0,0.0,0.0,0.0,0.678210677,0.0,k1051
k1197,0.0238,0.0,0.0836,0.176470588,0.0,0.0,0.0,0.0,0.337636626,0.0,k1169
k1611,0.0476,0.0,0.0836,0.0,0.0,0.0,0.0,0.0,0.652727218,0.0,k2374
k2472,0.0714,0.0,0.0836,0.0,0.0,0.0,0.0,0.0,0.419871251,0.0,k2327
k2718,0.0952,0.0,0.0836,0.0,0.0,0.0,0.0,0.0,0.68464868,0.0,k3228
k2479,0.0952,0.0,0.0836,0.0,0.0,0.0,0.0,0.0,0.666090503,0.0,k234
k779,0.119047619,0.0,0.0836,0.0,0.0,0.0,0.0,0.0,0.695552098,0.0,k400
k3393,0.0714,0.0,0.0836,0.0,0.0,0.0,0.0,0.0,0.375981433,0.0,k2091
k3331,0.0476,0.0,0.366605382,0.0,0.0,0.0,0.0,0.0,0.604090675,0.0,k2607
k1327,0.30952381,0.0,0.0836,0.0,0.0,0.0,0.0,0.0,0.732945737,0.486397933,k2836
k1724,0.0952,0.0,0.0836,0.0,0.0,0.0,0.0,0.0,0.684297043,0.422909139,k170
k1821,0.0952,0.0,0.768911917,0.0,0.0,0.0,0.0,0.0,0.707521896,0.0,k2990
k1950,0.238095238,0.0,0.0836,0.0,0.0303,0.0,0.0,0.0,0.615523903,0.0,k1224
k95,0.142857143,0.0,0.758549223,0.0,0.0,0.0,0.0,0.0,0.670136308,0.0,k1436
k2881,0.0,0.0,0.0836,0.0,0.0,0.0,0.0,0.0,0.431160103,0.0,k1883
k256,0.0238,0.0,0.0836,0.0,0.0,0.222222222,0.0,0.0,0.479794064,0.0,k568
k2798,0.0238,0.0,0.0836,0.0,0.0,0.0,0.0,0.0,0.662718809,0.0,k2440
k74,0.0476,0.0,0.493698813,0.0,0.0,0.0,0.0,0.0,0.634249013,0.0,k2260
k881,0.0,0.0,0.0836,0.0,0.0,0.0,0.0,0.0,0.660429824,0.0,k1476
k1088,0.0,0.0,0.0836,0.0,0.0,0.0,0.0,0.230769231,0.62042298,0.0,k3423
k2933,0.0714,0.0,0.782249708,0.0,0.0,0.0,0.0,0.0769,0.683203549,0.0,k2541
k2122,0.0238,0.0,0.0836,0.0,0.0,0.0,0.0,0.0,0.618282396,0.0,k2451
k1422,0.119047619,0.0,0.0836,0.0,0.0,0.0,0.0,0.0,0.689424949,0.0,k1897
k1154,0.0952,0.0,0.0836,0.0,0.0606,0.0,0.0625,0.0,0.572530191,0.0,k1
k944,0.142857143,0.0,0.0836,0.0,0.0,0.0,0.0,0.0,0.679727199,0.0,k1598
k2161,0.166666667,0.0,0.0836,0.0,0.0,0.0,0.0,0.0,0.619510241,0.0,k1064
k2335,0.0476,0.0,0.0836,0.0,0.0,0.0,0.0,0.0,0.749517049,0.0,k977
k1096,0.119047619,0.0,0.52351663,0.0,0.0,0.0,0.0,0.0,0.636085958,0.0,k1743
k820,0.0714,0.0,0.0836,0.0,0.0,0.0,0.0,0.0,0.692517687,0.0,k2215
k530,0.0,0.0,0.0836,0.0,0.0,0.0,0.0,0.0,0.624481316,0.0,k2907
k2345,0.0238,0.0,0.0836,0.0,0.0,0.0,0.0,0.0,0.697573823,0.0,k1351
k3055,0.0,0.0,0.0836,0.0,0.0,0.0,0.0,0.0,0.693550651,0.0,k3348
k1657,0.0238,0.0,0.0836,0.0,0.0,0.0,0.0,0.0,0.665971189,0.0,k2941
k130,0.119047619,0.0,0.0836,0.0,0.0,0.0,0.0,0.307692308,0.540530199,0.0,k3360
k521,0.0476,0.0,0.0836,0.0,0.0,0.0,0.0,0.0,0.607037138,0.0,k2158
k1755,0.0238,0.0,0.0836,0.0,0.0,0.0,0.0,0.0,0.741391339,0.0,k2723
k434,0.0714,0.0,0.0836,0.0,0.0,0.0,0.0,0.0,0.434091908,0.0,k644
k2529,0.166666667,0.0,0.61420692,0.0,0.0,0.0,0.0,0.0,0.625525747,0.0,k2649
k2286,0.0952,0.0,0.0836,0.0,0.0,0.0,0.0,0.0,0.714359611,0.0,k627
k3244,0.0714,0.0,0.0836,0.0,0.0,0.0,0.0,0.0,0.683214106,0.0,k3198
k2503,0.0238,0.0,0.643523316,0.0,0.0,0.333333333,0.0,0.0,0.377185962,0.0,k455
k3237,0.0,0.0,0.0836,0.0,0.0,0.0,0.0,0.0,0.652261887,0.0,k160
k791,0.0476,0.0,0.483469831,0.0,0.0,0.0,0.0,0.0,0.651688786,0.0,k1575
k186,0.0,0.0,0.0836,0.0,0.0,0.0,0.0,0.0,0.583366472,0.0,k1170
k701,0.0714,0.0,0.0836,0.0,0.0,0.0,0.0,0.0,0.737432266,0.0,k1548
k1021,0.0476,0.0,0.0836,0.0,0.0,0.0,0.0,0.0,0.68413535,0.0,k3366
k1804,0.119047619,0.0,0.700718703,0.0,0.0,0.0,0.0,0.0,0.650091608,0.0,k2977
k1929,0.0476,0.0,0.398128029,0.0,0.0,0.0,0.0,0.0,0.740600269,0.0,k1665
k423,0.0476,0.0,0.0836,0.0,0.0,0.0,0.0,0.0,0.675113002,0.0,k2818
k811,0.166666667,0.0,0.0836,0.0,0.0,0.0,0.0,0.0,0.739541863,0.0,k275
k97,0.166666667,0.0,0.65047635,0.0,0.0,0.222222222,0.0,0.0,0.706600196,0.0,k1257
k1285,0.0,0.0,0.755774695,0.0,0.0,0.0,0.0,0.0,0.575879633,0.0,k782
k1015,0.0,0.0,0.0836,0.0,0.0,0.0,0.0,0.0,0.794308593,0.0,k1512
k2196,0.0,0.0,0.167140231,0.0,0.0,0.0,0.0,0.0,0.706757864,0.0,k125
k2909,0.0476,0.0,0.0836,0.0,0.0,0.0,0.0,0.0,0.687243582,0.0,k1685
k2729,0.571428571,0.0,0.0836,0.0,0.0,0.0,0.0,0.0,0.699250215,0.0,k1656
k1109,0.0238,0.0,0.0836,0.0,0.0,0.222222222,0.0,0.0,0.448920982,0.0,k1205
k1943,0.0476,0.0,0.0836,0.0,0.0,0.222222222,0.0,0.0,0.59690474,0.0,k90
k1038,0.214285714,0.0,0.918870132,0.0,0.151515152,0.0,0.0625,0.692307692,0.558913393,0.0,k3084
k2779,0.214285714,0.0,0.0836,0.0,0.0,0.0,0.0,0.0,0.739232528,0.0,k2904
k2750,0.0,0.0,0.0836,0.0,0.0,0.0,0.0,0.0,0.698073103,0.0,k453
k2678,0.0238,0.0,0.0836,0.117647059,0.0,0.222222222,0.0,0.0,0.586708926,0.0,k2003
k330,0.0238,0.0,0.0836,0.0,0.0,0.0,0.0,0.0,0.615778935,0.0,k2935
k1528,0.0238,0.0,0.0836,0.0,0.0,0.0,0.0,0.0,0.617955366,0.0,k557
k1604,0.119047619,0.0,0.0836,0.0,0.0,0.0,0.0,0.0,0.72371947,0.0,k2468
k29,0.0476,0.0,0.737255557,0.0,0.0,0.0,0.0,0.0769,0.542742933,0.0,k1513
k1899,0.0476,0.0,0.0836,0.0,0.0,0.0,0.0,0.0,0.645971602,0.0,k2545
k969,0.0714,0.0,0.0836,0.0,0.0,0.0,0.0,0.0,0.700428846,0.0,k58
k1976,0.119047619,0.0,0.0836,0.0,0.0,0.0,0.0,0.0,0.693305264,0.0,k2009
k2603,0.0,0.0,0.0836,0.0,0.0,0.0,0.0,0.0,0.678277511,0.0,k2159
k961,0.0714,0.0,0.0836,0.0,0.0,0.0,0.0,0.0,0.683447948,0.0,k214
k2306,0.0952,0.0,0.0836,0.0,0.0,0.0,0.0,0.0,0.747189407,0.0,k1864
k3031,0.0952,0.0,0.0836,0.0,0.0,0.0,0.0,0.0,0.702837448,0.0,k3400
k30,0.214285714,0.0,0.0836,0.0,0.0,0.0,0.0,0.0,0.643142098,0.0,k2035
k1494,0.119047619,0.0,0.0836,0.0,0.0,0.0,0.0,0.0,0.77927727,0.0,k1591
k3327,0.0714,0.0,0.664683269,0.0,0.0,0.0,0.0,0.0,0.745259047,0.0,k224
k2882,0.0238,0.0,0.322112653,0.0,0.0,0.0,0.0,0.0,0.597189544,0.0,k1943
k1435,0.166666667,0.0,0.528330269,0.0,0.0,0.0,0.0,0.153846154,0.573321869,0.0,k2611
k1573,0.0238,0.0,0.0836,0.0,0.0,0.0,0.0,0.0,0.668965044,0.0,k609
k2925,0.0,0.0,0.0836,0.0,0.0,0.0,0.0,0.307692308,0.648407166,0.0,k2285
k1796,0.19047619,0.0,0.0836,0.0,0.0,0.0,0.0,0.0,0.745695062,0.0,k1310
k1104,0.0476,0.0,0.0836,0.0,0.0,0.111111111,0.0,0.0,0.679560722,0.0,k1011
k1246,0.238095238,0.0,0.0836,0.0,0.0,0.0,0.0,0.0,0.60141899,0.0,k213
k2414,0.380952381,0.0,0.0836,0.0,0.0,0.0,0.0,0.0,0.792093733,0.0,k2721
k2397,0.0476,0.0,0.0836,0.0,0.0,0.0,0.0,0.0769,0.660017125,0.0,k1070
k486,0.166666667,0.0,0.0836,0.0,0.0,0.0,0.0,0.0,0.713686943,0.0,k1247
k337,0.0714,0.0,0.606451613,0.0,0.0,0.0,0.0,0.0,0.620697986,0.0,k790
k2731,0.0476,0.0,0.0836,0.0,0.0,0.0,0.0,0.0,0.653577603,0.0,k741
k2545,0.0,0.0,0.0836,0.0,0.0,0.0,0.0,0.0,0.710684127,0.0,k3101
k1666,0.19047619,0.0,0.0836,0.0,0.0,0.0,0.0,0.0,0.702064377,0.0,k739
k1052,0.166666667,0.0,0.0836,0.0,0.0,0.0,0.0,0.0,0.616433756,0.0,k2298
k480,0.142857143,0.0,0.0836,0.0,0.0,0.0,0.0,0.0,0.765088435,0.0,k510
k778,0.0238,0.0,0.690289153,0.0,0.0303,0.0,0.125,0.0769,0.627242695,0.0,k595
k888,0.142857143,0.0,0.0836,0.0,0.0,0.0,0.0,0.0,0.73120874,0.0,k2056
k654,0.0714,0.0,0.0836,0.0,0.0,0.0,0.0,0.0,0.713438443,0.0,k1873
k2018,0.0714,0.0,0.367374227,0.0,0.0,0.0,0.0,0.0,0.568274543,0.0,k1292
k1005,0.0714,0.0,0.0836,0.0,0.0909,0.0,0.1875,0.153846154,0.592373858,0.0,k1132
k1443,0.0,0.0,0.0836,0.0,0.0,0.0,0.0,0.0,0.690232196,0.0,k826
k3240,0.238095238,0.0,0.762995153,0.0,0.0,0.0,0.0,0.0,0.77927727,0.0,k746
k1019,0.0714,0.0,0.0836,0.0,0.0,0.0,0.0,0.0,0.620378019,0.0,k986
k419,0.0952,0.0,0.0836,0.0,0.0,0.0,0.0,0.0,0.712207788,0.0,k3251
k3274,0.166666667,0.0,0.849540364,0.0,0.0,0.0,0.0,0.0,0.649434206,0.0,k1682
k2495,0.0714,0.0,0.0836,0.0,0.0,0.0,0.0,0.0,0.738219843,0.0,k2051
k3036,0.0952,0.0,0.0836,0.0,0.0,0.0,0.0,0.0,0.782529651,0.0,k912
k329,0.0952,0.0,0.0836,0.0,0.0,0.0,0.0,0.0,0.364665695,0.0,k211
k3297,0.0714,0.0,0.0836,0.0,0.0,0.0,0.0,0.0,0.694451541,0.0,k2243
k1447,0.285714286,0.0,0.858265084,0.0,0.0,0.0,0.0625,0.0,0.675183786,0.0,k1678
k2060,0.0,0.0,0.43643657,0.0,0.0,0.0,0.0,0.0,0.651203557,0.0,k2908
k114,0.119047619,0.0,0.0836,0.0,0.0,0.111111111,0.0,0.0,0.62057009,0.0,k2798
k3161,0.0,0.0,0.0836,0.0,0.0,0.0,0.0,0.0,0.630282802,0.0,k2281
k971,0.0476,0.0,0.0836,0.0,0.0,0.111111111,0.0,0.307692308,0.609034788,0.0,k2287
k1679,0.0476,0.0,0.0836,0.0,0.0,0.0,0.0,0.0,0.638337577,0.0,k2172
k586,0.0,0.0,0.0836,0.0,0.0,0.0,0.0,0.0,0.692693506,0.0,k3102
k352,0.0,0.0,0.0836,0.0,0.0,0.0,0.0,0.0,0.594242928,0.0,k3030
k1410,0.285714286,0.0,0.0836,0.0,0.0,0.0,0.0,0.0,0.674973866,0.0,k2353
k2338,0.119047619,0.0,0.0836,0.0,0.0,0.0,0.0,0.0,0.726841752,0.0,k578
k2658,0.142857143,0.0,0.0836,0.0,0.0,0.0,0.0,0.0,0.649893385,0.0,k1234
k1763,0.142857143,0.0,0.403710513,0.0,0.0303,0.0,0.0,0.153846154,0.512372245,0.0,k2404
k3313,0.0238,0.0,0.0836,0.0,0.0,0.111111111,0.0,0.0,0.585340122,0.0,k612
k2412,0.0952,0.0,0.0836,0.0,0.0,0.0,0.0,0.0,0.621956514,0.0,k2704
k3306,0.0952,0.0,0.0836,0.0,0.0,0.0,0.0,0.153846154,0.561042736,0.0,k2716
k2394,0.0714,0.0,0.0836,0.0,0.0,0.0,0.0,0.0,0.694964112,0.0,k231
k1745,0.285714286,0.0,0.0836,0.0,0.0303,0.0,0.0,0.0,0.737909521,0.0,k3120
k925,0.0714,0.0,0.447634966,0.0,0.0,0.0,0.0,0.0,0.650719923,0.0,k3114
k1509,0.142857143,0.0,0.0836,0.0,0.0,0.0,0.0,0.0,0.787276376,0.0,k1720
k62,0.0476,0.0,0.0836,0.0,0.0,0.0,0.0,0.0769,0.628146092,0.0,k1154
k2486,0.0476,0.0,0.0836,0.0,0.0,0.0,0.0,0.0,0.719545845,0.0,k237
k2254,0.166666667,0.0,0.0836,0.0,0.0,0.0,0.0,0.0,0.702475254,0.0,k1834
k1906,0.333333333,0.0,0.782115995,0.0,0.0,0.0,0.0,0.0,0.7724972,0.0,k2902
k774,0.0714,0.0,0.0836,0.0,0.0,0.0,0.0,0.0,0.760729878,0.0,k1337
k1454,0.0952,0.0,0.0836,0.0,0.0,0.0,0.0,0.0,0.646365467,0.0,k2195
k1561,0.0476,0.0,0.0836,0.0,0.0,0.0,0.0,0.0769,0.662769466,0.0,k2093
k981,0.0238,0.0,0.0836,0.0,0.0,0.0,0.0,0.0,0.350713057,0.0,k2674
k2680,0.30952381,0.0,0.0836,0.0,0.0,0.0,0.0,0.0,0.746519929,0.0,k719
k1689,0.0,0.0,0.0836,0.0,0.0,0.0,0.0,0.0,0.365526334,0.0,k524
k2812,0.0714,0.0,0.0836,0.0,0.0,0.0,0.0,0.0,0.402846152,0.0,k3187
k2875,0.0952,0.0,0.0836,0.0,0.0,0.0,0.0,0.0,0.70577419,0.0,k331
k2090,0.30952381,0.0,0.305799766,0.0,0.0,0.0,0.0,0.153846154,0.652877974,0.0,k1138
k387,0.0476,0.0,0.542102624,0.117647059,0.0303,0.0,0.1875,0.153846154,0.537359463,0.0,k3411
k2913,0.142857143,0.0,0.0836,0.0,0.0,0.0,0.0,0.0,0.706005451,0.0,k639
k1766,0.428571429,0.0,0.746147418,0.0,0.0,0.0,0.0,0.0,0.682300988,0.0,k2865
k3053,0.0952,0.0,0.0836,0.0,0.0,0.0,0.0,0.0,0.703386853,0.0,k61
k1450,0.214285714,0.0,0.776266087,0.0,0.0,0.111111111,0.0,0.0,0.553624554,0.0,k691
k354,0.0476,0.0,0.0836,0.0,0.0,0.0,0.0,0.0,0.752706165,0.0,k2911
k2068,0.0952,0.0,0.0836,0.0,0.0,0.0,0.0,0.0,0.690495962,0.0,k1124
k1478,0.0238,0.0,0.0836,0.0,0.0,0.0,0.0,0.0,0.356457734,0.0,k2504
k3384,0.166666667,0.0,0.0836,0.0,0.0,0.0,0.0,0.0,0.694775002,0.0,k3008
k2289,0.0476,0.0,0.0836,0.0,0.0,0.0,0.0,0.307692308,0.655170832,0.0,k2520
k2672,0.166666667,0.0,0.0836,0.0,0.0,0.0,0.0,0.0,0.408668827,0.0,k984
k1369,0.0476,0.0,0.0836,0.0,0.0,0.0,0.0,0.0,0.617097462,0.0,k1429
k1354,0.0714,0.0,0.557145245,0.0,0.0,0.0,0.0,0.0,0.670542096,0.0,k1491
k19,0.238095238,0.0,0.0836,0.0,0.0,0.0,0.0,0.0,0.765912618,0.0,k833
k1488,0.0238,0.0,0.0836,0.0,0.0,0.111111111,0.0,0.0,0.57983225,0.0,k1298
k504,0.0,0.0,0.0836,0.0,0.0,0.0,0.0,0.0,0.636670451,0.0,k1790
k1944,0.238095238,0.0,0.550426208,0.0,0.0,0.0,0.0,0.0,0.659678854,0.0,k2713
k1932,0.0238,0.0,0.0836,0.0,0.0,0.0,0.0,0.0,0.682539007,0.0,k696
k1971,0.0,0.0,0.0836,0.0,0.0,0.0,0.0,0.0,0.563301266,0.0,k1000
k165,0.5,0.0,0.0836,0.0,0.0,0.111111111,0.1875,0.0,0.409340887,0.0,k2276
k1087,0.0476,0.0,0.0836,0.0,0.0,0.0,0.0,0.0,0.568637421,0.0,k2917
k3045,0.0,0.0,0.0836,0.0,0.0,0.0,0.0,0.0,0.822437308,0.0,k3291
k2360,0.0476,0.0,0.0836,0.0,0.0,0.0,0.0,0.0,0.650556407,0.0,k2194
k1438,0.119047619,0.0,0.0836,0.0,0.0,0.0,0.0,0.0,0.770799999,0.0,k2725
k984,0.214285714,0.0,0.0836,0.0,0.0,0.0,0.0,0.0,0.715987624,0.0,k165
k514,0.0952,0.0,0.0836,0.0,0.0,0.0,0.0,0.0,0.658981199,0.0,k276
k2301,0.238095238,0.0,0.0836,0.0,0.0,0.0,0.0,0.0,0.747095308,0.0,k1874
k2355,0.119047619,0.0,0.0836,0.117647059,0.0,0.0,0.0,0.0,0.665463555,0.0,k1117
k3417,0.0952,0.0,0.0836,0.0,0.0,0.0,0.0,0.0,0.638067659,0.0,k1573
k3330,0.0952,0.922421099,0.0836,0.0,0.0,0.0,0.0,0.0,0.687459805,0.0,k961
k2180,0.119047619,0.0,0.0836,0.0,0.0,0.111111111,0.0,0.0,0.695049477,0.0,k2026
k252,0.0238,0.0,0.0836,0.0,0.0,0.0,0.0,0.0,0.564523567,0.0,k1596
k500,0.285714286,0.0,0.792378405,0.0,0.0,0.0,0.0,0.0,0.781394158,0.0,k2555
k234,0.0238,0.0,0.0836,0.0,0.0,0.0,0.0,0.0,0.636893129,0.0,k1653
k911,0.0714,0.0,0.0836,0.0,0.0,0.0,0.0,0.0,0.541954597,0.0,k902
k559,0.166666667,0.0,0.0836,0.0,0.0,0.0,0.0,0.0,0.659825281,0.0,k196
k2642,0.0,0.0,0.0836,0.0,0.0,0.0,0.0,0.0,0.55039997,0.0,k1697
k162,0.0714,0.0,0.0836,0.0,0.0,0.0,0.0,0.0,0.735414034,0.0,k1296
k576,0.0714,0.0,0.374527829,0.0,0.0,0.0,0.0,0.0,0.74666552,0.0,k1519
k643,0.166666667,0.0,0.0836,0.0,0.0,0.0,0.0,0.0,0.672736146,0.0,k1757
k2581,0.0952,0.0,0.0836,0.0,0.0,0.0,0.0,0.0,0.674111709,0.0,k641
k2764,0.0476,0.0,0.0836,0.0,0.0,0.0,0.0,0.0,0.710845288,0.0,k1696
k539,0.0476,0.0,0.502189537,0.0,0.0,0.0,0.0,0.0,0.678600972,0.0,k1276
k2714,0.0714,0.0,0.0836,0.0,0.0,0.0,0.0,0.0,0.739281742,0.0,k1805
k3251,0.19047619,0.0,0.0836,0.0,0.0,0.0,0.0,0.307692308,0.399015051,0.0,k1907
k2320,0.0952,0.0,0.0836,0.0,0.0,0.0,0.0,0.0,0.732622276,0.0,k2083
k1245,0.142857143,0.0,0.0836,0.0,0.0,0.0,0.0,0.0,0.652011715,0.0,k1305
k1121,0.0476,0.0,0.0836,0.0,0.0,0.0,0.0,0.0,0.656992663,0.0,k1706
k767,0.0238,0.0,0.0836,0.0,0.0,0.0,0.0,0.0,0.740378729,0.0,k2495
k1613,0.0952,0.0,0.570516463,0.0,0.0,0.0,0.0,0.230769231,0.608030988,0.0,k3334
k2861,0.0714,0.0,0.0836,0.0,0.0,0.0,0.0,0.0,0.59810251,0.0,k742
k238,0.142857143,0.0,0.0836,0.0,0.0,0.0,0.0,0.153846154,0.662842452,0.0,k1125
k3361,0.142857143,0.0,0.0836,0.0,0.0,0.0,0.0,0.0,0.691368676,0.0,k1777
k1231,0.19047619,0.0,0.0836,0.0,0.0303,0.0,0.0625,0.0,0.705690952,0.0,k472
k2452,0.0714,0.0,0.0836,0.0,0.0303,0.0,0.0625,0.0,0.65531893,0.0,k1666
k3204,0.0952,0.0,0.0836,0.0,0.0,0.0,0.0,0.0,0.581916328,0.0,k1073
k2223,0.261904762,0.0,0.0836,0.0,0.0,0.0,0.0,0.0,0.739521737,0.0,k2847
k2285,0.0476,0.0,0.0836,0.0,0.0,0.0,0.0,0.0,0.673949181,0.0,k879
k2104,0.0238,0.0,0.0836,0.0,0.0,0.0,0.0,0.0,0.660638452,0.0,k2530
k2094,0.30952381,0.0,0.0836,0.0,0.0,0.0,0.0,0.0,0.673007127,0.0,k2778
k1861,0.0476,0.0,0.0836,0.0,0.0,0.0,0.0,0.0,0.613201653,0.0,k2912
k1642,0.119047619,0.0,0.0836,0.0,0.0,0.0,0.0,0.0,0.659418733,0.0,k901
k1967,0.0952,0.0,0.0836,0.0,0.0,0.0,0.0,0.0,0.69675807,0.0,k1898
k2001,0.0238,0.0,0.534681598,0.0,0.0,0.0,0.0,0.0,0.462318975,0.0,k2785
k620,0.714285714,0.0,0.0836,0.0,0.0,0.0,0.0,0.0,0.690701476,0.0,k1927
k1106,0.0952,0.0,0.0836,0.0,0.0,0.0,0.0,0.0,0.67519738,0.0,k1348
k1063,0.0476,0.0,0.0836,0.0,0.0,0.0,0.0,0.0,0.357485001,0.0,k1884
k37,0.261904762,0.0,0.655055992,0.0,0.0,0.111111111,0.0,0.0,0.566149985,0.0,k2942
k59,0.0952,0.0,0.0836,0.176470588,0.0,0.222222222,0.0,0.0,0.591156797,0.0,k1444
k1259,0.0714,0.0,0.0836,0.0,0.0,0.0,0.0,0.0,0.714669022,0.0,k468
k1803,0.0476,0.0,0.0836,0.0,0.0,0.0,0.0,0.384615385,0.50237997,0.0,k2378
k2728,0.0476,0.0,0.0836,0.0,0.0,0.0,0.0,0.0,0.573257466,0.0,k310
k2381,0.119047619,0.0,0.48280127,0.0,0.0,0.0,0.0,0.0,0.663615294,0.0,k3045
k1378,0.214285714,0.0,0.976332943,0.0,0.0,0.0,0.0625,0.0,0.694782369,0.0,k2175
k82,0.0,0.0,0.61129868,0.0,0.0,0.111111111,0.0,0.0,0.613555038,0.0,k736
k3048,0.30952381,0.0,0.0836,0.0,0.0,0.0,0.0,0.0,0.669656015,0.0,k835
k2631,0.0952,0.0,0.0836,0.0,0.0,0.0,0.0,0.0,0.654775904,0.0,k2203
k666,0.0714,0.0,0.0836,0.0,0.0,0.0,0.0,0.0,0.555397019,0.0,k862
k1007,0.119047619,0.0,0.0836,0.0,0.0,0.111111111,0.125,0.0,0.302422911,0.0,k2407
k1521,0.285714286,0.0,0.0836,0.0,0.0,0.0,0.0,0.0,0.661573975,0.0,k690
k696,0.238095238,0.0,0.0836,0.0,0.0,0.0,0.0,0.0,0.653288243,0.0,k921
k3084,0.119047619,0.0,0.0836,0.0,0.0606,0.0,0.0,0.0,0.649572126,0.0,k2687
k2562,0.0952,0.0,0.0836,0.0,0.0,0.0,0.0,0.0,0.697700428,0.0,k3035
k2470,0.119047619,0.0,0.0836,0.0,0.0,0.0,0.0,0.0,0.708955408,0.0,k1980
k1574,0.0,0.0,0.0836,0.0,0.0,0.0,0.0,0.0,0.49977717,0.0,k2776
k677,0.0238,0.0,0.0836,0.0,0.0,0.0,0.0,0.0,0.686452436,0.0,k1232
k2778,0.119047619,0.0,0.0836,0.0,0.0,0.0,0.0625,0.0,0.589991457,0.0,k2933
k1441,0.0476,0.0,0.59418352,0.0,0.0606,0.0,0.1875,0.0,0.606913723,0.0,k3317
k2084,0.0,0.0,0.0836,0.0,0.0,0.0,0.0,0.0,0.736412594,0.0,k137
k1945,0.0714,0.0,0.621962226,0.0,0.0,0.0,0.0,0.0,0.623750396,0.0,k1031
k2047,0.261904762,0.0,0.0836,0.0,0.0,0.0,0.0,0.0,0.760455631,0.0,k1009
k3328,0.142857143,0.0,0.0836,0.0,0.0,0.0,0.0,0.0,0.726174856,0.0,k3189
k2533,0.19047619,0.0,0.0836,0.0,0.0,0.111111111,0.1875,0.0,0.282627471,0.0,k737
k2601,0.0476,0.0,0.705331773,0.0,0.0,0.0,0.0,0.0,0.700478212,0.0,k1409
k1288,0.0952,0.0,0.0836,0.0,0.0,0.0,0.0,0.0769,0.697199326,0.0,k2743
k1287,0.0952,0.0,0.0836,0.0,0.0,0.0,0.0,0.0,0.775859628,0.0,k813
k1716,0.0476,0.0,0.0836,0.0,0.0,0.0,0.0,0.0,0.73471076,0.0,k1275
k304,0.0714,0.0,0.0836,0.0,0.0,0.111111111,0.0,0.0,0.71030006,0.0,k1248
k2305,0.0952,0.0,0.0836,0.0,0.0,0.0,0.0,0.0,0.769168492,0.0,k3301
k2540,0.0952,0.0,0.0836,0.0,0.0,0.0,0.0,0.0,0.709612886,0.0,k3416
k1044,0.238095238,0.0,0.0836,0.0,0.0,0.0,0.0,0.0,0.719303269,0.0,k2318
k995,0.0952,0.0,0.580946014,0.0,0.0,0.0,0.0,0.0,0.6431803,0.0,k1640
k744,0.0,0.0,0.0836,0.0,0.0,0.0,0.0,0.0,0.830172723,0.0,k283
k2190,0.166666667,0.0,0.0836,0.0,0.0,0.0,0.0,0.307692308,0.385152258,0.0,k1960
k1616,0.285714286,0.0,0.71599532,0.0,0.0,0.0,0.0625,0.0,0.639589117,0.0,k1822
k2626,0.166666667,0.0,0.0836,0.0,0.0,0.0,0.0,0.0,0.751735707,0.0,k458
k2044,0.0476,0.0,0.0836,0.0,0.0,0.0,0.0,0.0,0.574909858,0.0,k1961
k1315,0.523809524,0.0,0.0836,0.0,0.121212121,0.0,0.4375,0.230769231,0.559853017,0.0,k781
k535,0.142857143,0.0,0.0836,0.0,0.0,0.0,0.0,0.0769,0.747250849,0.0,k287
k1062,0.0476,0.0,0.0836,0.0,0.0,0.0,0.0,0.0,0.742228206,0.0,k2975
k131,0.142857143,0.0,0.458097944,0.0,0.0,0.0,0.0,0.0,0.61772008,0.0,k483
k2988,0.119047619,0.0,0.0836,0.0,0.0,0.0,0.0,0.230769231,0.655895372,0.0,k2748
k3326,0.142857143,0.0,0.0836,0.0,0.0303,0.0,0.0,0.230769231,0.653198321,0.0,k573
k1768,0.0952,0.0,0.0836,0.0,0.0,0.0,0.0,0.0,0.772902608,0.0,k1376
k1355,0.19047619,0.0,0.0836,0.0,0.0,0.0,0.0,0.0,0.728443335,0.0,k1230
k1432,0.142857143,0.0,0.0836,0.0,0.0,0.0,0.0,0.0,0.812240658,0.0,k1180
k1189,0.0714,0.0,0.628313555,0.0,0.0,0.0,0.0,0.0,0.620590292,0.0,k589
k2328,0.142857143,0.0,0.0836,0.0,0.0,0.0,0.0,0.0,0.700963365,0.0,k270
k3227,0.0,0.0,0.0836,0.0,0.0,0.0,0.0,0.0,0.613347017,0.0,k312
k2460,0.0476,0.0,0.0836,0.0,0.0,0.0,0.0,0.0,0.612832472,0.0,k1060
k269,0.119047619,0.0,0.0836,0.0,0.0,0.0,0.0,0.0,0.670739408,0.0,k2622
k2156,0.285714286,0.0,0.0836,0.0,0.0,0.0,0.0,0.0,0.745837312,0.0,k865
k649,0.0952,0.0,0.0836,0.0,0.0,0.0,0.0,0.0,0.654234474,0.0,k2531
k1504,0.119047619,0.0,0.739862945,0.0,0.0,0.0,0.0,0.0,0.620382424,0.0,k475
k524,0.0238,0.0,0.0836,0.0,0.0,0.0,0.0,0.0,0.570458872,0.0,k1226
k1095,0.0238,0.0,0.0836,0.0,0.0,0.0,0.0,0.0,0.543979512,0.0,k2733
k2063,0.119047619,0.0,0.0836,0.0,0.0,0.333333333,0.125,0.0,0.308528795,0.0,k2525
k2411,0.119047619,0.0,0.0836,0.0,0.0,0.0,0.0,0.0,0.726841752,0.0,k1795
k607,0.119047619,0.0,0.0836,0.0,0.0,0.0,0.0,0.0,0.564030211,0.0,k3
k987,0.0476,0.0,0.0836,0.0,0.0,0.0,0.0,0.0,0.660036036,0.0,k800
k1258,0.0952,0.0,0.750693632,0.0,0.0,0.0,0.0,0.0,0.7784862,0.0,k1484
k1156,0.0476,0.0,0.0836,0.0,0.0,0.0,0.0,0.0,0.608378753,0.0,k1382
k1788,0.428571429,0.0,0.0836,0.0,0.0,0.0,0.0,0.0,0.702103566,0.0,k2331
k2421,0.0714,0.0,0.0836,0.0,0.0,0.0,0.0,0.0,0.62977175,0.0,k957
k3005,0.19047619,0.0,0.0836,0.0,0.0,0.0,0.0,0.0,0.409401721,0.0,k3184
k3137,0.166666667,0.0,0.0836,0.0,0.0,0.0,0.0,0.0,0.702672186,0.0,k1934
k135,0.333333333,0.0,0.0836,0.0,0.242424242,0.0,0.25,0.307692308,0.618353559,0.0,k838
k1276,0.0952,0.0,0.0836,0.0,0.0,0.111111111,0.0,0.0,0.641100551,0.0,k1120
k1373,0.0,0.0,0.0836,0.0,0.0,0.0,0.0,0.0,0.708515899,0.0,k1766
k1026,0.0,0.0,0.752131038,0.0,0.0,0.0,0.0,0.0,0.839666174,0.0,k2740
k640,0.0952,0.0,0.0836,0.0,0.0,0.0,0.0,0.0,0.788239771,0.0,k3329
k1682,0.119047619,0.0,0.48554237,0.0,0.0,0.0,0.0,0.0,0.663781316,0.0,k2568
k111,0.0952,0.0,0.0836,0.0,0.0,0.0,0.0,0.0,0.583929244,0.0,k2757
k3230,0.0,0.0,0.0836,0.0,0.0,0.0,0.0,0.0,0.617097462,0.0,k1676
k1248,0.0714,0.0,0.0836,0.0588,0.0,0.0,0.0,0.0,0.64822193,0.0,k3377
k3396,0.0714,0.0,0.0836,0.0,0.0,0.111111111,0.0,0.0,0.695485492,0.0,k946
k815,0.214285714,0.0,0.0836,0.0,0.0,0.0,0.0,0.0,0.640086346,0.0,k2477
k3123,0.119047619,0.0,0.0836,0.0,0.0,0.0,0.0,0.0769,0.661624556,0.0,k1267
k413,0.142857143,0.0,0.304863781,0.0,0.0,0.0,0.0,0.0,0.738051087,0.0,k3116
k683,0.404761905,0.0,0.0836,0.0,0.0,0.0,0.0,0.0,0.654527024,0.0,k2730
k2379,0.0714,0.0,0.0836,0.0,0.0,0.0,0.0,0.0,0.361143549,0.0,k1450
k121,0.0476,0.0,0.0836,0.0,0.0,0.0,0.0,0.153846154,0.56482918,0.0,k2431
k869,0.0952,0.0,0.325355173,0.0,0.0,0.0,0.0,0.153846154,0.657704748,0.0,k1877
k205,0.0238,0.0,0.0836,0.0,0.0,0.0,0.0,0.0,0.352963233,0.0,k1572
k1649,0.214285714,0.0,0.0836,0.0,0.0,0.0,0.0,0.0,0.751851755,0.0,k220
k3266,0.0238,0.0,0.0836,0.0,0.0,0.0,0.0,0.0,0.682707763,0.0,k1929
k2070,0.238095238,0.0,0.0836,0.0,0.0,0.0,0.0,0.0,0.783546058,0.0,k870
k1769,0.119047619,0.0,0.0836,0.0,0.0,0.0,0.0,0.0,0.70754544,0.0,k2115
k1187,0.166666667,0.0,0.0836,0.0,0.0,0.0,0.0,0.0,0.611289748,0.0,k1754
k308,0.19047619,0.0,0.0836,0.0,0.0,0.0,0.0,0.0,0.605747548,0.0,k1893
k2730,0.428571429,0.0,0.0836,0.0,0.0,0.0,0.0,0.0,0.655308601,0.0,k666
k376,0.285714286,0.0,0.0836,0.0,0.181818182,0.0,0.0625,0.692307692,0.538415894,0.0,k512
k2552,0.0,0.0,0.0836,0.0,0.0,0.0,0.0,0.0,0.728909274,0.0,k3154
k2906,0.0,0.0,0.362126024,0.0,0.0,0.0,0.0,0.0,0.613229754,0.0,k2547
k3319,0.142857143,0.0,0.0836,0.0,0.0,0.0,0.0,0.0,0.407876845,0.0,k1417
k1671,0.0,0.0,0.0836,0.0,0.0,0.0,0.0,0.0,0.675113002,0.0,k255
k320,0.0714,0.0,0.0836,0.0,0.0,0.0,0.0,0.0,0.619636314,0.0,k1643
k653,0.19047619,0.0,0.0836,0.0,0.0,0.0,0.0,0.0,0.68555914,0.0,k1290
k3027,0.166666667,0.0,0.0836,0.0,0.0,0.111111111,0.0,0.0,0.642292245,0.0,k3047
k1508,0.214285714,0.0,0.0836,0.0,0.0,0.0,0.0,0.0,0.756238564,0.0,k2293
k2371,0.0,0.0,0.0836,0.0,0.0,0.0,0.0,0.0,0.787979575,0.0,k1500
k3208,0.0714,0.0,0.0836,0.0,0.0,0.111111111,0.0,0.0,0.686649368,0.0,k2157
k2588,0.119047619,0.0,0.0836,0.0,0.0,0.0,0.0,0.0,0.583668212,0.0,k1635
k2138,0.0,0.0,0.0836,0.0,0.0,0.0,0.0,0.0,0.682102992,0.0,k3028
k1551,0.0714,0.0,0.773023567,0.0,0.0303,0.0,0.125,0.0,0.677849926,0.0,k2061
k460,0.0476,0.0,0.0836,0.0,0.0,0.0,0.0,0.0,0.574776342,0.0,k3134
k112,0.0476,0.0,0.0836,0.0,0.0,0.111111111,0.0,0.0,0.612744525,0.0,k2047
k222,0.0476,0.0,0.0836,0.0,0.0,0.0,0.0,0.0,0.657532575,0.0,k1809
k70,0.119047619,0.0,0.0836,0.0,0.0,0.0,0.0,0.0,0.682591943,0.0,k2936
k3017,0.357142857,0.0,0.88246699,0.0,0.242424242,0.0,0.0625,0.692307692,0.55538107,0.0,k1045
k1262,0.19047619,0.0,0.0836,0.0,0.0,0.0,0.0,0.0,0.771772508,0.0,k2322
k373,0.0238,0.0,0.0836,0.0,0.0,0.0,0.0,0.0,0.712869215,0.0,k3302
k26,0.238095238,0.0,0.619053986,0.0,0.0,0.0,0.0,0.0,0.690193767,0.0,k3192
k2676,0.0952,0.0,0.689052315,0.0,0.0,0.0,0.0,0.0,0.700802432,0.0,k3024
k2598,0.476190476,0.0,0.0836,0.352941176,0.0,0.0,0.0,0.0,0.3560944,0.0,k1466
k3020,0.119047619,0.0,0.0836,0.0,0.0,0.0,0.0,0.0,0.768663744,0.0,k3117
k2229,0.0,0.0,0.292495404,0.0,0.0,0.0,0.0,0.0,0.735238216,0.0,k320
k1085,0.214285714,0.0,0.235968578,0.0,0.0,0.0,0.0,0.0,0.603871566,0.0,k1334
k2173,0.119047619,0.0,0.0836,0.0,0.121212121,0.0,0.5,0.153846154,0.286905372,0.0,k1889
k590,0.0952,0.0,0.0836,0.0,0.0,0.0,0.0,0.0769,0.666951825,0.0,k360
k450,0.0476,0.0,0.0836,0.0,0.0,0.111111111,0.0,0.0,0.609920109,0.0,k3079
k1357,0.142857143,0.0,0.0836,0.0,0.0,0.0,0.0,0.0,0.77549751,0.0,k300
k3284,0.119047619,0.0,0.0836,0.0,0.0,0.0,0.0,0.0,0.643689908,0.0,k3201
k3122,0.285714286,0.0,0.0836,0.0,0.0,0.0,0.0,0.0,0.68272713,0.0,k3173
k3221,0.0238,0.0,0.431689788,0.0,0.0,0.222222222,0.0,0.0,0.589661465,0.0,k1032
k2434,0.261904762,0.0,0.757312385,0.0,0.0,0.0,0.0,0.0,0.658972693,0.0,k297
k2031,0.166666667,0.0,0.0836,0.0,0.0,0.111111111,0.0,0.0,0.665794079,0.0,k2717
k48,0.142857143,0.0,0.0836,0.0,0.0,0.0,0.0,0.0,0.339760349,0.0,k3052
k1882,0.19047619,0.0,0.0836,0.0,0.0,0.666666667,0.0,0.0,0.313932163,0.0,k11
k751,0.19047619,0.0,0.0836,0.0,0.0,0.0,0.0,0.0,0.713645628,0.0,k2369
k3054,0.0714,0.0,0.692929968,0.0,0.0,0.0,0.0,0.0,0.75362384,0.0,k3350
k2273,0.0,0.0,0.0836,0.0,0.0,0.0,0.0,0.0,0.793471726,0.0,k712
k3257,0.0,0.0,0.0836,0.0,0.0,0.0,0.0,0.0,0.701718132,0.0,k281
k2681,0.214285714,0.0,0.0836,0.0,0.0,0.0,0.0,0.0,0.684870219,0.0,k872
k2151,0.0476,0.0,0.0836,0.0,0.0303,0.0,0.0,0.0769,0.682701763,0.0,k1109
k957,0.0952,0.0,0.0836,0.0,0.0,0.0,0.0,0.0,0.609299769,0.0,k3111
k3403,0.0952,0.0,0.0836,0.0,0.0,0.222222222,0.0,0.0,0.626925158,0.0,k2291
k848,0.0238,0.0,0.0836,0.0,0.0,0.222222222,0.0,0.0,0.603230036,0.0,k1612
k2003,0.166666667,0.0,0.0836,0.0,0.0,0.111111111,0.0,0.0,0.591455423,0.0,k3196
k482,0.0952,0.0,0.0836,0.0,0.0,0.0,0.0,0.0,0.705270733,0.0,k1392
k983,0.119047619,0.0,0.0836,0.0,0.0,0.0,0.0,0.0,0.783041006,0.0,k2202
k1577,0.119047619,0.0,0.0836,0.0,0.0,0.0,0.0,0.0,0.667824387,0.0,k2868
k1402,0.19047619,0.0,0.0836,0.0,0.0,0.0,0.0,0.0769,0.654126021,0.0,k2253
k614,0.0476,0.0,0.0836,0.0,0.0,0.0,0.0,0.0,0.419410476,0.0,k3258
k2527,0.0238,0.0,0.0836,0.0,0.0,0.111111111,0.0,0.0,0.59512187,0.0,k1844
k3175,0.119047619,0.0,0.0836,0.0,0.0,0.0,0.0,0.0,0.714199666,0.0,k2357
k1226,0.19047619,0.0,0.0836,0.0,0.0,0.111111111,0.0,0.0,0.602200263,0.0,k2754
k3295,0.261904762,0.0,0.0836,0.0588,0.0,0.0,0.0,0.0,0.664376745,0.0,k2665
k1841,0.0238,0.0,0.0836,0.235294118,0.0,0.0,0.0,0.0,0.272455732,0.0,k2170
k1297,0.214285714,0.0,0.60564934,0.0,0.0,0.0,0.0,0.0,0.574666142,0.0,k3055
k3387,0.0952,0.0,0.408223299,0.0,0.0,0.0,0.0,0.0,0.546034274,0.0,k1316
k3012,0.0,0.0,0.0836,0.0,0.0,0.0,0.0,0.0,0.622638827,0.0,k2320
k3172,0.0,0.0,0.0836,0.0,0.0,0.0,0.0,0.153846154,0.616313303,0.0,k843
k613,0.261904762,0.0,0.0836,0.0,0.0,0.0,0.0,0.0,0.741658219,0.0,k1707
k2175,0.30952381,0.0,0.0836,0.0,0.0,0.0,0.0,0.0,0.739136151,0.0,k2355
k363,0.19047619,0.0,0.0836,0.0,0.0,0.333333333,0.1875,0.0,0.294802784,0.0,k1327
k1157,0.119047619,0.0,0.0836,0.0,0.0,0.0,0.0,0.0,0.706153548,0.0,k1061
k1548,0.0476,0.0,0.0836,0.0,0.0,0.0,0.0,0.0,0.707029908,0.0,k2363
k321,0.380952381,0.0,0.0836,0.0,0.0,0.0,0.0,0.0,0.616197027,0.0,k1919
k101,0.119047619,0.0,0.0836,0.0,0.0,0.0,0.0,0.0769,0.636085654,0.0,k2514
k199,0.166666667,0.0,0.0836,0.0,0.0,0.0,0.0,0.0,0.753441262,0.0,k2258
k2837,0.0952,0.0,0.0836,0.0,0.0,0.0,0.0,0.0,0.629165384,0.0,k2602
k3203,0.214285714,0.0,0.775664382,0.0,0.0,0.0,0.0,0.0,0.639830859,0.0,k2305
k1461,0.0952,0.0,0.730837373,0.0,0.0,0.0,0.0,0.0,0.700833419,0.0,k3054
k2983,0.166666667,0.0,0.66347986,0.0,0.0,0.222222222,0.0625,0.0769,0.617982707,0.0,k2579
k2455,0.357142857,0.0,0.0836,0.0,0.0,0.0,0.0,0.0,0.78355988,0.0,k223
k436,0.142857143,0.0,0.0836,0.0,0.0,0.0,0.0,0.0,0.787715885,0.0,k2466
k58,0.0238,0.0,0.770717032,0.0,0.0,0.0,0.0,0.0,0.776112762,0.0,k1375
k468,0.0476,0.0,0.0836,0.0,0.0,0.0,0.0,0.0,0.608685961,0.0,k579
k2985,0.119047619,0.0,0.76510112,0.0,0.0,0.0,0.0,0.0,0.587181016,0.0,k1046
k1464,0.0,0.0,0.0836,0.0,0.0,0.222222222,0.0,0.0,0.578371246,0.0,k3285
k896,0.0,0.0,0.0836,0.0,0.0,0.0,0.0,0.0,0.71132877,0.0,k1358
k1332,0.238095238,0.0,0.0836,0.0,0.0,0.0,0.0,0.0,0.760509554,0.0,k2959
k714,0.285714286,0.0,0.0836,0.0,0.0,0.0,0.125,0.230769231,0.567010244,0.0,k2543
k1300,0.523809524,0.0,0.152532174,0.0,0.121212121,0.0,0.5,0.384615385,0.541838017,0.0,k42
k1593,0.142857143,0.0,0.0836,0.0,0.0,0.0,0.0,0.0,0.820679272,0.0,k2218
k2326,0.214285714,0.0,0.0836,0.0,0.0,0.0,0.0,0.0,0.789130029,0.0,k1103
k3335,0.238095238,0.0,0.0836,0.0,0.0,0.0,0.0,0.0,0.766201979,0.0,k630
k2535,0.0,0.0,0.0836,0.0,0.0,0.0,0.0,0.0,0.6167459,0.0,k317
k792,0.238095238,0.0,0.0836,0.0,0.0,0.0,0.0,0.0,0.39728185,0.0,k3226
k2139,0.142857143,0.0,0.919404981,0.0,0.181818182,0.111111111,0.125,0.692307692,0.530710781,0.0,k3309
k3094,0.0952,0.0,0.0836,0.0,0.0,0.0,0.0,0.0,0.684493215,0.0,k1912
k2039,0.142857143,0.0,0.0836,0.0,0.0,0.0,0.0,0.0,0.416696565,0.0,k2345
k1557,0.238095238,0.0,0.0836,0.0,0.0,0.0,0.0,0.0,0.657118053,0.0,k185
k3368,0.0952,0.0,0.0836,0.0,0.0,0.0,0.0,0.0,0.657968514,0.0,k238
k610,0.0714,0.0,0.0836,0.0,0.0,0.222222222,0.0,0.0,0.355679651,0.0,k2777
k207,0.238095238,0.0,0.0836,0.0,0.0,0.0,0.0,0.0,0.647469137,0.0,k917
k1600,0.0476,0.0,0.0836,0.0,0.0,0.0,0.0,0.0769,0.588284839,0.0,k2108
k1034,0.0,0.0,0.0836,0.0,0.0,0.0,0.0,0.0,0.674819997,0.0,k1162
k507,0.261904762,0.0,0.0836,0.0,0.0,0.0,0.0,0.0,0.755708906,0.0,k2974
k2615,0.0,0.0,0.0836,0.0,0.0,0.0,0.0,0.0,0.683275016,0.0,k2025
k378,0.0238,0.0,0.0836,0.0,0.0,0.0,0.0,0.0,0.713497074,0.0,k1995
k2422,0.19047619,0.0,0.0836,0.0,0.0,0.0,0.0,0.0,0.58905115,0.0,k2127
k1849,0.0952,0.0,0.0836,0.0,0.0,0.0,0.0,0.0,0.662346058,0.0,k1888
k2785,0.142857143,0.0,0.588500752,0.0,0.0,0.0,0.0,0.0769,0.647028869,0.0,k1845
k1366,0.119047619,0.0,0.0836,0.0,0.0,0.0,0.0,0.0,0.65621458,0.0,k2807
k1890,0.142857143,0.0,0.0836,0.0,0.0,0.0,0.0,0.0769,0.672511797,0.0,k1604
k3323,0.333333333,0.0,0.0836,0.0,0.0,0.0,0.0,0.0769,0.609036763,0.0,k529
k84,0.0,0.0,0.0836,0.0,0.0,0.0,0.0,0.0,0.754928316,0.0,k3287
k3085,0.0238,0.0,0.0836,0.0,0.0,0.0,0.0,0.0,0.626636633,0.0,k793
k516,0.0952,0.0,0.0836,0.0,0.0,0.222222222,0.0,0.0,0.344619021,0.0,k2476
k2992,0.0952,0.0,0.0836,0.0,0.0,0.0,0.0,0.0,0.773915218,0.0,k2614
k699,0.142857143,0.0,0.0836,0.0,0.0,0.0,0.0,0.0,0.734166747,0.0,k226
k2956,0.166666667,0.0,0.0836,0.0,0.0,0.0,0.0,0.0,0.768715617,0.0,k2906
k657,0.142857143,0.0,0.0836,0.0,0.0,0.0,0.0,0.0,0.752171722,0.0,k6
k2441,0.214285714,0.0,0.0836,0.0,0.0303,0.111111111,0.0625,0.0,0.586540474,0.0,k339
k1862,0.0238,0.0,0.0836,0.0,0.0,0.0,0.0,0.0,0.668745783,0.0,k2601
k1560,0.0238,0.0,0.605248203,0.0,0.0,0.222222222,0.0,0.0769,0.617723346,0.0,k905
k2611,0.0714,0.0,0.55226475,0.0,0.0,0.0,0.0,0.0,0.61445008,0.0,k378
k1167,0.19047619,0.0,0.0836,0.0,0.0,0.0,0.0,0.0,0.682811507,0.0,k2480
k1037,0.166666667,0.0,0.0836,0.0,0.0303,0.0,0.0625,0.0769,0.646119093,0.0,k3330
k2042,0.285714286,0.0,0.0836,0.0,0.0,0.0,0.0,0.0769,0.615622407,0.0,k93
k3293,0.0714,0.0,0.610362694,0.0,0.0303,0.0,0.0,0.0,0.610996363,0.0,k1287
k3200,0.119047619,0.0,0.0836,0.0,0.0,0.0,0.0,0.0,0.643220628,0.0,k303
k1522,0.119047619,0.0,0.0836,0.0,0.0,0.0,0.0,0.0,0.721607215,0.0,k1279
k389,0.119047619,0.0,0.0836,0.0,0.0,0.0,0.0,0.0,0.62841449,0.0,k2217
k2828,0.261904762,0.0,0.0836,0.0,0.0,0.0,0.0,0.0,0.75389596,0.0,k1044
k2914,0.142857143,0.0,0.0836,0.0,0.0,0.0,0.0,0.0,0.691828387,0.0,k2788
k2346,0.0238,0.0,0.0836,0.0,0.0,0.222222222,0.0,0.0,0.575973276,0.0,k1143
k1962,0.166666667,0.0,0.0836,0.0,0.0,0.111111111,0.125,0.0,0.366170977,0.0,k971
k2211,0.142857143,0.0,0.0836,0.0,0.0,0.0,0.0,0.0,0.58663594,0.0,k3014
k185,0.0,0.0,0.0836,0.0,0.0,0.0,0.0,0.0,0.549236909,0.0,k1564
k2671,0.238095238,0.0,0.0836,0.0,0.0606,0.0,0.0,0.0,0.738943472,0.0,k1736
k912,0.0476,0.0,0.326658867,0.0,0.0,0.0,0.0,0.0,0.633670596,0.0,k2492
k279,0.0476,0.927689583,0.0836,0.0,0.0,0.111111111,0.0,0.0,0.679196933,0.0,k923
k3037,0.0714,0.0,0.0836,0.0,0.0,0.0,0.0,0.0,0.36148106,0.0,k2419
k156,0.0952,0.0,0.700885843,0.0,0.0,0.0,0.0,0.0,0.777473515,0.0,k1908
k2557,0.142857143,0.0,0.0836,0.0,0.0,0.0,0.0,0.0,0.700689042,0.0,k2592
k3155,0.0476,0.0,0.0836,0.0,0.0,0.0,0.0,0.0,0.7094477,0.0,k2393
k395,0.0952,0.0,0.0836,0.0,0.0,0.0,0.0,0.0,0.612171424,0.0,k703
k2895,0.0476,0.0,0.0836,0.0,0.0,0.0,0.0,0.0,0.597459385,0.0,k497
k2327,0.0238,0.0,0.0836,0.0,0.0,0.0,0.0,0.0,0.664564791,0.0,k1740
k2406,0.119047619,0.0,0.0836,0.0,0.0,0.0,0.0,0.0,0.589754805,0.0,k948
k1101,0.0238,0.0,0.0836,0.0,0.0,0.0,0.0,0.0,0.713877952,0.0,k2227
k336,0.142857143,0.0,0.0836,0.0,0.0,0.0,0.0,0.0,0.667143213,0.0,k2068
k1159,0.0476,0.0,0.0836,0.0,0.0,0.0,0.0,0.0,0.612217145,0.0,k1141
k551,0.142857143,0.0,0.0836,0.0,0.0,0.0,0.0,0.0,0.769659342,0.0,k1387
k1914,0.0,0.0,0.0836,0.0,0.0,0.0,0.0,0.0769,0.635219624,0.0,k1534
k2836,0.0714,0.0,0.552030754,0.0,0.0303,0.777777778,0.25,0.153846154,0.307086701,0.0,k2536
k2076,0.0714,0.0,0.0836,0.0,0.0,0.0,0.0,0.0769,0.63865724,0.0,k1894
k1004,0.119047619,0.0,0.0836,0.0,0.0,0.333333333,0.0,0.0,0.740089065,0.0,k745
k478,0.0,0.0,0.0836,0.0,0.0,0.0,0.0,0.0,0.70021437,0.0,k1016
k2632,0.0952,0.0,0.0836,0.0,0.0,0.111111111,0.0,0.0,0.613952775,0.0,k1913
k127,0.0476,0.0,0.0836,0.0,0.0,0.0,0.0,0.0769,0.574542271,0.0,k513
k1228,0.333333333,0.0,0.0836,0.0,0.0,0.0,0.0,0.0,0.654273283,0.0,k1071
k3114,0.0476,0.0,0.0836,0.0,0.0,0.0,0.0,0.0769,0.655930612,0.0,k57
k942,0.19047619,0.0,0.782015711,0.0,0.0,0.0,0.0,0.0,0.649527925,0.0,k3118
k2544,0.0714,0.0,0.0836,0.0,0.0,0.0,0.0,0.0,0.611677233,0.0,k925
k2710,0.166666667,0.0,0.0836,0.0,0.0,0.0,0.0,0.0,0.407207899,0.0,k1515
k2572,0.0238,0.0,0.791776701,0.0,0.0,0.0,0.0,0.0,0.670222129,0.0,k2620
k174,0.238095238,0.0,0.0836,0.0,0.0,0.0,0.0,0.0,0.661398536,0.0,k864
k1771,0.0238,0.0,0.0836,0.0,0.0,0.0,0.0,0.0,0.642698185,0.0,k2837
k198,0.119047619,0.0,0.0836,0.0,0.0,0.0,0.0,0.0,0.685580633,0.0,k2965
k63,0.333333333,0.0,0.0836,0.0,0.0,0.0,0.0,0.0,0.688621423,0.0,k1614
k2034,0.0476,0.0,0.0836,0.0,0.0,0.0,0.0,0.0,0.646678371,0.0,k2176
k2058,0.0714,0.0,0.0836,0.0,0.0,0.0,0.0,0.0,0.408392757,0.0,k1946
k2548,0.166666667,0.0,0.657730236,0.0,0.0,0.0,0.0,0.0,0.695824902,0.0,k1025
k1518,0.0,0.0,0.0836,0.0,0.0,0.0,0.0,0.0,0.738051087,0.0,k143
k2756,0.166666667,0.0,0.564465987,0.0,0.0303,0.0,0.3125,0.153846154,0.56163414,0.0,k2701
k953,0.0952,0.0,0.0836,0.0,0.0,0.0,0.0,0.0,0.718051576,0.0,k3155
k1219,0.214285714,0.0,0.0836,0.0,0.0,0.0,0.0,0.0,0.573590724,0.0,k1569
k3391,0.30952381,0.0,0.0836,0.0,0.0606,0.0,0.0,0.0769,0.637756881,0.0,k1427
k2019,0.19047619,0.0,0.0836,0.0,0.0,0.111111111,0.0,0.0,0.628902834,0.0,k958
k2518,0.238095238,0.0,0.0836,0.0,0.0,0.0,0.0,0.0,0.75907384,0.0,k2373
k2771,0.238095238,0.0,0.0836,0.0,0.0,0.0,0.0,0.0,0.683641995,0.0,k190
k1338,0.0952,0.0,0.0836,0.0,0.0,0.0,0.0,0.0,0.693917098,0.0,k3409
k1200,0.0714,0.0,0.0836,0.0,0.0,0.0,0.0,0.0,0.689880635,0.0,k1389
k3408,0.0476,0.0,0.0836,0.0,0.0,0.0,0.0,0.0,0.470754172,0.0,k831
k260,0.0238,0.0,0.0836,0.0,0.0,0.0,0.0,0.0,0.763718568,0.0,k2113
k810,0.0238,0.0,0.0836,0.0,0.0,0.0,0.0,0.0,0.719474379,0.0,k395
k2569,0.0952,0.0,0.0836,0.0,0.0,0.0,0.0,0.0,0.749742082,0.0,k1763
k2348,0.0476,0.0,0.0836,0.0,0.0,0.222222222,0.0,0.0,0.583547075,0.0,k2131
k397,0.261904762,0.0,0.0836,0.0,0.0,0.0,0.0,0.0,0.709579241,0.0,k1374
k347,0.0,0.0,0.0836,0.0,0.0,0.0,0.0,0.0,0.668976284,0.0,k2736
k3079,0.0238,0.0,0.0836,0.0,0.0,0.333333333,0.0,0.0,0.330411047,0.0,k409
k2954,0.0476,0.0,0.373859268,0.0,0.0,0.0,0.0,0.0769,0.631949472,0.0,k664
k17,0.0,0.0,0.0836,0.0,0.0,0.0,0.0,0.0,0.617917924,0.0,k431
k3009,0.0238,0.0,0.0836,0.0,0.0,0.0,0.0,0.0,0.689118804,0.0,k1557
k1292,0.261904762,0.0,0.694601371,0.0,0.0,0.0,0.0,0.0,0.657654167,0.0,k1830
k824,0.0238,0.0,0.0836,0.0,0.0,0.0,0.0,0.0,0.685397599,0.0,k2864
k2162,0.142857143,0.0,0.0836,0.0,0.0303,0.0,0.125,0.0769,0.618579959,0.0,k791
k1098,0.285714286,0.0,0.0836,0.0,0.0,0.0,0.0,0.0,0.363422585,0.0,k2889
k2361,0.0714,0.0,0.0836,0.0,0.0,0.0,0.0,0.0,0.665190827,0.0,k2878
k2876,0.142857143,0.0,0.841517633,0.0,0.0,0.0,0.0,0.0,0.787979575,0.0,k2319
k2176,0.0952,0.0,0.0836,0.0,0.0,0.0,0.0,0.0,0.741490071,0.0,k2370
k176,0.333333333,0.0,0.0836,0.0,0.0,0.0,0.0,0.0,0.710930121,0.0,k2983
k805,0.119047619,0.0,0.0836,0.0,0.0,0.111111111,0.0,0.0,0.693324631,0.0,k2741
k2365,0.0952,0.0,0.0836,0.0,0.0,0.0,0.0,0.0,0.392962406,0.0,k765
k1644,0.166666667,0.0,0.0836,0.0,0.0,0.0,0.0,0.153846154,0.382011293,0.0,k768
k2333,0.119047619,0.0,0.616714023,0.0,0.0,0.0,0.0,0.0,0.760337456,0.0,k1540
k425,0.19047619,0.0,0.0836,0.0,0.0909,0.0,0.0,0.0,0.680200277,0.0,k3020
k3018,0.0238,0.0,0.256927963,0.0,0.0,0.222222222,0.0,0.0,0.593100145,0.0,k16
k1267,0.0476,0.0,0.607621595,0.0,0.0,0.0,0.0,0.0,0.67686405,0.0,k2219
k2501,0.30952381,0.0,0.0836,0.0,0.0,0.222222222,0.0,0.0769,0.578008444,0.0,k1134
k64,0.142857143,0.0,0.0836,0.0,0.0,0.0,0.0,0.0,0.631575126,0.0,k2408
