Key_2_7,D121,D65,D126,D212,D593,D261,D46,D50,D44,D448,Key_3_22
k2082,0.0,0.0173,0.315789474,0.0,0.0,0.0,0.24455178,0.80000001,0.0,0.0,2619
k2784,0.0,0.0173,0.289473684,0.0,0.0,0.0,0.26107743,0.80000001,0.0,0.0,65
k738,0.0,0.0173,0.157894737,0.0,0.0,0.0,0.51008165,1.0,0.0537,0.0,1223
k1670,0.0,0.0284,0.131578947,0.0,0.0,0.0,0.73263711,0.75,0.0173,0.0,3199
k1494,0.0,0.0173,0.184210526,0.712037949,0.0,0.0,0.67726952,0.80000001,0.0,0.0,2437
k411,0.0,0.0173,0.236842105,0.0,0.0,0.0,0.38575694,1.0,0.0,0.0,1644
k2736,0.0,0.0,0.236842105,0.0,0.0,0.0,0.55435824,1.0,0.23470817,0.0,2869
k148,0.0,0.0758,0.184210526,0.0,0.0,0.0,0.39016172,0.75,0.046,0.0,2660
k2483,0.0,0.0,0.263157895,0.0,0.0,0.0,0.47899422,0.83333331,0.0,0.0,3226
k1039,0.0,0.0691,0.236842105,0.0,0.0,0.0,0.43300018,0.80000001,0.0,0.0,467
k3194,0.0,0.0,0.0526,0.0,0.0,0.0,0.49784473,0.75,0.0,0.0,1728
k3324,0.0,0.144868322,0.131578947,0.0,0.0,0.0,0.5878948,0.80000001,0.142097417,0.0,327
k1887,0.0,0.156573676,0.184210526,0.0,0.0,0.0,0.43415406,1.0,0.107459408,0.0,79
k415,0.0,0.0296,0.184210526,0.657602779,0.0,0.0,0.66319978,1.0,0.235655074,0.0,3281
k2765,0.0,0.0284,0.184210526,0.0,0.0,0.0,0.48378065,0.66666669,0.0537,0.0,585
k201,0.0,0.0562,0.473684211,0.939032609,0.0,0.0,0.51472396,1.0,0.000947,0.0,1167
k2132,0.0,0.0173,0.263157895,0.0,0.0,0.0,0.3344233,0.83333331,0.0,0.0,1078
k2802,0.0,0.0173,0.236842105,0.591217793,0.0,0.0,0.35618916,0.80000001,0.0772,0.0,2725
k1534,0.0,0.119885058,0.210526316,0.0,0.0,0.0,0.51877695,1.0,0.124778412,0.0,2868
k2092,0.0,0.0173,0.289473684,0.0,0.0,0.0,0.37197727,0.85714287,0.0,0.0,1299
k2376,0.0,0.0,0.210526316,0.0,0.0,0.0,0.59839618,1.0,0.0,0.0,449
k2069,0.0,0.0,0.157894737,0.0,0.0,0.0,0.63293988,1.0,0.23470817,0.0,1833
k188,0.0,0.0,0.157894737,0.655010628,0.0,0.0,0.4163366,0.66666669,0.0,0.0,2974
k2750,0.0,0.0,0.421052632,0.796127326,0.0,0.0,0.58780116,0.8888889,0.107459408,0.0,2561
k1619,0.0,0.0173,0.184210526,0.0,0.0,0.0,0.4047021,0.66666669,0.0173,0.0,2914
k1358,0.0,0.355749295,0.368421053,0.0,0.0,0.0,0.29674712,1.0,0.0,0.0,1816
k1435,0.0,0.0284,0.0789,0.0,0.0,0.0,0.46874565,1.0,0.0537,0.0,2116
k729,0.0,0.107332584,0.210526316,0.770050288,0.0,0.0,0.49298397,1.0,0.0173,0.0,1246
k297,0.0,0.205211005,0.131578947,0.0,0.0,0.0,0.55919099,1.0,0.232237813,0.0,1539
k496,0.0,0.0,0.0263,0.0,0.0,0.0,0.16562654,1.0,0.0,0.0,1710
k1736,0.0,0.0,0.157894737,0.0,0.0,0.0,0.48753232,0.80000001,0.092,0.0,1525
k812,0.0,0.0346,0.157894737,0.0,0.0,0.0,0.49950442,1.0,0.0537,0.0,1093
k838,0.0,0.0173,0.157894737,0.0,0.0,0.0,0.40907705,1.0,0.046,0.0,2902
k2005,0.0,0.0691,0.105263158,0.0,0.0,0.0,0.57418567,0.75,0.184028738,0.0,1537
k1806,0.0,0.0864,0.157894737,0.0,0.0,0.0,0.40710941,1.0,0.046,0.0,2489
k2412,0.0,0.0346,0.210526316,0.0,0.0,0.0,0.28640312,0.75,0.0,0.0,1703
k897,0.0,0.015,0.315789474,0.746409871,0.0,0.0,0.52713579,1.0,0.000947,0.0,1139
k3265,0.0,0.0173,0.184210526,0.0,0.0,0.0,0.42145467,1.0,0.0,0.0,3308
k3347,0.0,0.0173,0.105263158,0.0,0.0,0.0,0.49104139,1.0,0.0,0.0,3215
k679,0.0,0.0284,0.210526316,0.83739437,0.0,0.0,0.56014574,0.60000002,0.0997,0.0,440
k643,0.0,0.0,0.131578947,0.447197885,0.0,0.0,0.42804587,1.0,0.0,0.173913043,2774
k2934,0.0,0.0232,0.0263,0.0,0.0,0.0,0.24468149,0.5,0.0,0.0,1799
k1839,0.0,0.0284,0.210526316,0.0,0.0,0.0,0.37071577,0.80000001,0.0537,0.0,793
k3193,0.0,0.0,0.105263158,0.0,0.0,0.0,0.56330258,0.75,0.0,0.0,2907
k1503,0.0,0.0173,0.263157895,0.494478718,0.0,0.0,0.49480748,1.0,0.0268,0.0,408
k3297,0.606266506,0.0457,0.236842105,0.686375655,0.0,0.0,0.5646072,1.0,0.0183,0.0,894
k810,0.0,0.0284,0.184210526,0.0,0.0,0.0,0.60549629,1.0,0.0173,0.0,2526
k478,0.0,0.0518,0.289473684,0.0,0.0,0.0,0.29094476,1.0,0.0,0.0,778
k2328,0.0,0.0173,0.289473684,0.0,0.0,0.0,0.56912202,0.85714287,0.0,0.0,3236
k1635,0.0,0.113767943,0.263157895,0.0,0.0,0.0,0.81996047,1.0,0.0866,0.0,2402
k360,0.0,0.0446,0.0263,0.0,0.0,0.0,0.25407889,1.0,0.0,0.0,1427
k1558,0.861881099,0.0914,0.421052632,0.0,0.0667,1.0,0.44672868,0.92307693,0.107459408,0.0,3193
k35,0.0,0.0,0.0263,0.0,0.0,0.0,0.65144086,0.5,0.0,0.0,611
k2453,0.0,0.0635,0.289473684,0.0,0.0,0.0,0.49800101,0.80000001,0.0346,0.0,280
k1607,0.0,0.0346,0.289473684,0.0,0.0,0.0,0.37011483,0.80000001,0.0,0.0,1516
k436,0.0,0.0284,0.131578947,0.0,0.0,0.0,0.59997171,1.0,0.0633,0.0,162
k1792,0.0,0.0562,0.315789474,0.0,0.0,0.0,0.28596455,1.0,0.0,0.0,2351
k3015,0.0848,0.0216,0.131578947,0.0,0.0,0.0,0.66578639,1.0,0.0537,0.0,1960
k3333,0.0,0.0351,0.0789,0.0,0.0,0.0,0.51977754,0.5,0.0173,0.0,276
k2928,0.0,0.104735033,0.315789474,0.0,0.0,0.0,0.33343807,1.0,0.107459408,0.0,2564
k1596,0.781630509,0.0363,0.0789,0.0,0.0,0.125,0.38180214,1.0,0.0537,0.0,1453
k3281,0.0,0.0346,0.157894737,0.0,0.0,0.0,0.4371461,1.0,0.0,0.0,2609
k1168,0.0,0.0363,0.315789474,0.0,0.0,0.0,0.46999192,1.0,0.0537,0.0,1716
k2122,0.0,0.0,0.315789474,0.0,0.0,0.0,0.23863767,1.0,0.0,0.0,3378
k2916,0.0,0.0524,0.184210526,0.0,0.0,0.0,0.45325404,1.0,0.0,0.0,2479
k2826,0.0,0.0734,0.289473684,0.0,0.0,0.0,0.35055071,1.0,0.0,0.0,2176
k673,0.0,0.0351,0.342105263,0.0,0.0,0.0,0.49761575,0.875,0.0537,0.0,1230
k2687,0.0,0.0173,0.184210526,0.0,0.0,0.0,0.34490553,1.0,0.0,0.0,3022
k1183,0.0,0.0946,0.342105263,0.697884805,0.0,0.0,0.42560437,0.85714287,0.0537,0.0,853
k3264,0.0,0.0346,0.105263158,0.0,0.0,0.0,0.52313411,0.5,0.0,0.0,915
k1118,0.0,0.0846,0.368421053,0.903442376,0.0,0.0,0.41831404,1.0,0.0537,0.0,348
k2230,0.0,0.0363,0.105263158,0.0,0.0,0.0,0.22109628,0.66666669,0.0,0.0,2148
k2497,0.0,0.0296,0.105263158,0.0,0.0,0.0,0.58834046,1.0,0.23470817,0.0,1371
k913,0.0,0.140351867,0.0789,0.0,0.0,0.0,0.60751748,0.33333334,0.124778412,0.0,339
k3307,0.0,0.0,0.289473684,0.0,0.0,0.0,0.2539027,0.80000001,0.0,0.0,2741
k3239,0.0,0.0284,0.289473684,0.0,0.0,0.0,0.42407534,1.0,0.0547,0.0,3037
k1978,0.0,0.104735033,0.236842105,0.0,0.0,0.0,0.51040047,0.75,0.0173,0.0,1482
k650,0.0,0.102605503,0.263157895,0.0,0.0,0.0,0.64612681,1.0,0.0693,0.0,273
k1882,0.0,0.0,0.210526316,0.759681684,0.0,0.0,0.60195029,1.0,0.0,0.0,2028
k3043,0.0,0.233653548,0.184210526,0.0,0.0,0.0,0.34813774,0.75,0.0,0.0,978
k420,0.0,0.0569,0.105263158,0.0,0.0,0.0,0.77489144,1.0,0.124778412,0.0,2891
k2405,0.0,0.386042494,0.236842105,0.0,0.0,0.0,0.59330279,1.0,0.320605523,0.087,2181
k697,0.0,0.0,0.131578947,0.0,0.0,0.0,0.61837459,0.66666669,0.0,0.0,1906
k969,0.0,0.0,0.289473684,0.0,0.0,0.0,0.42509738,1.0,0.092,0.0,2304
k3211,0.0,0.0296,0.131578947,0.0,0.0,0.0,0.65977979,1.0,0.28071536,0.0,2749
k326,0.0,0.0,0.105263158,0.0,0.0,0.0,0.48444137,1.0,0.0,0.0,2523
k1129,0.0,0.0173,0.184210526,0.0,0.0,0.0,0.60024655,0.80000001,0.0,0.0,2921
k2094,0.529897465,0.0,0.342105263,0.0,0.0,0.0,0.55865985,0.875,0.107459408,0.0,2369
k2194,0.0,0.0,0.184210526,0.0,0.0,0.0,0.44290203,1.0,0.0,0.0,1262
k3033,0.0,0.0173,0.131578947,0.0,0.0,0.0,0.27203602,0.66666669,0.0,0.0,2845
k830,0.0,0.0284,0.342105263,0.0,0.0,0.0,0.28182566,0.80000001,0.0537,0.0,1205
k286,0.0,0.0351,0.105263158,0.0,0.0,0.0,0.72028357,0.66666669,0.0537,0.0,1105
k94,0.0,0.063,0.289473684,0.0,0.0,0.0,0.45325199,0.83333331,0.0633,0.0,2953
k300,0.0,0.104735033,0.289473684,0.0,0.0,0.0,0.29941002,0.80000001,0.0173,0.0,1962
k869,0.69850111,0.0173,0.210526316,0.367592929,0.0,0.0,0.48446503,0.80000001,0.000947,0.0,2014
k241,0.0,0.072,0.0263,0.0,0.0,0.0,0.29644462,0.66666669,0.0537,0.0,1946
k2526,0.0,0.0173,0.289473684,0.0,0.0,0.0,0.61687589,0.80000001,0.0,0.0,2319
k1928,0.0,0.0,0.315789474,0.806392244,0.0,0.0,0.35999176,0.80000001,0.0,0.0,761
k2041,0.0,0.0696,0.236842105,0.0,0.0,0.0,0.36459413,0.75,0.0537,0.0,179
k1772,0.0,0.0351,0.0526,0.0,0.0,0.0,0.46833166,0.66666669,0.13096825,0.0,1050
k1552,0.0,0.174910961,0.236842105,0.0,0.0,0.0,0.40609711,0.80000001,0.124778412,0.0,2700
k1603,0.0,0.0346,0.236842105,0.0,0.0,0.0,0.39495334,0.80000001,0.0,0.0,3041
k1591,0.0,0.0759,0.289473684,0.661646534,0.0,0.0,0.4055889,1.0,0.0183,0.0,1800
k2053,0.0,0.108722618,0.289473684,0.738063145,0.0,0.0,0.48478505,1.0,0.0183,0.0,1276
k3077,0.0,0.0583,0.210526316,0.0,0.0,0.0,0.44125247,1.0,0.0547,0.0,487
k946,0.0,0.0346,0.263157895,0.0,0.0,0.0,0.37599018,0.85714287,0.0,0.0,2926
k1791,0.0,0.0929,0.210526316,0.0,0.0,0.0,0.58240622,1.0,0.0173,0.0,2471
k1020,0.17301864,0.0711,0.394736842,0.716081705,0.0,0.0,0.56067669,0.8888889,0.00189,0.0,1450
k1580,0.0,0.0454,0.184210526,0.744958266,0.0,0.0,0.75721663,0.80000001,0.359486562,0.0,2949
k160,0.0,0.0346,0.368421053,0.0,0.0,0.0,0.3223342,0.83333331,0.0,0.0,737
k1511,0.0,0.143281711,0.131578947,0.0,0.0,0.0,0.43824756,1.0,0.107459408,0.0,3220
k2235,0.0,0.0167,0.131578947,0.0,0.0,0.0,0.37282687,0.33333334,0.0,0.0,1811
k877,0.553794185,0.0351,0.0789,0.0,0.0,0.0,0.79453796,1.0,0.107459408,0.0,774
k203,0.0,0.019,0.184210526,0.0,0.0,0.0,0.36614707,0.66666669,0.0,0.0,191
k1626,0.0,0.0,0.315789474,0.0,0.0,0.0,0.35671693,0.80000001,0.0,0.0,3174
k1738,0.0,0.0457,0.0789,0.0,0.0,0.0,0.48637614,0.66666669,0.0997,0.0,0
k452,0.0,0.0463,0.131578947,0.0,0.0,0.0,0.79754585,0.66666669,0.071,0.0,814
k543,0.0,0.0829,0.0526,0.0,0.0,0.0,0.36133415,1.0,0.0,0.0,2318
k3371,0.0,0.0691,0.263157895,0.0,0.0,0.0,0.38996994,0.85714287,0.0,0.0,3188
k3008,0.0,0.0429,0.0,0.0,0.0,0.0,0.3005507,0.5,0.0,0.0,2053
k1055,0.0,0.156573676,0.236842105,0.0,0.0,0.0,0.38548726,0.83333331,0.107459408,0.0,2803
k764,0.0,0.0351,0.236842105,0.0,0.0,0.0,0.56210232,0.83333331,0.0346,0.0,1733
k1568,0.0,0.0,0.157894737,0.0,0.0,0.0,0.52179295,1.0,0.046,0.0,1324
k718,0.0,0.0346,0.315789474,0.630540723,0.0,0.0,0.53578877,1.0,0.0183,0.0,2712
k758,0.0,0.0173,0.236842105,0.820026958,0.0,0.0,0.44762385,0.83333331,0.0,0.0,1409
k1644,0.0,0.0463,0.0263,0.0,0.0,0.0,0.20703407,1.0,0.0,0.0,2031
k3,0.60329298,0.0173,0.210526316,0.644330966,0.0,0.0,0.53066105,1.0,0.000947,0.173913043,594
k2193,0.0,0.689071114,0.394736842,0.0,0.0,0.0,0.63283801,1.0,0.497340976,0.217391304,1421
k1280,0.0,0.0167,0.184210526,0.0,0.0,0.0,0.46551675,0.66666669,0.0,0.0,755
k2974,0.0,0.104735033,0.263157895,0.0,0.0,0.0,0.35043123,1.0,0.107459408,0.0,3217
k1740,0.0,0.0,0.0526,0.0,0.0,0.0,0.55322838,1.0,0.0,0.0,539
k3280,0.0,0.0,0.0526,0.0,0.0,0.0,0.55171251,0.66666669,0.0537,0.0,1102
k2867,0.0,0.0232,0.105263158,0.0,0.0,0.0,0.40295148,0.75,0.0173,0.0,304
k3069,0.0,0.0562,0.315789474,0.871818135,0.0,0.0,0.45960015,0.83333331,0.000947,0.0,2112
k2379,0.0,0.019,0.236842105,0.0,0.0,0.0,0.23545101,0.75,0.0,0.0,2490
k710,0.0,0.107332584,0.210526316,0.732904764,0.0,0.0,0.49298397,1.0,0.0173,0.0,1123
k3142,0.0,0.0173,0.157894737,0.675436777,0.0,0.0,0.50284457,0.80000001,0.000947,0.0,1114
k75,0.0,0.0553,0.0789,0.0,0.0,0.0,0.20020495,1.0,0.0,0.0,1239
k762,0.0,0.0346,0.157894737,0.0,0.0,0.0,0.49212593,1.0,0.0,0.0,159
k2725,0.0,0.0346,0.210526316,0.0,0.0,0.0,0.28829673,1.0,0.0,0.0,171
k1729,0.0,0.0929,0.236842105,0.0,0.0,0.0,0.6985777,1.0,0.0183,0.0,2611
k2437,0.140190199,0.0,0.157894737,0.583933848,0.0,0.0,0.66900468,1.0,0.0547,0.0,167
k2382,0.0,0.0173,0.0526,0.0,0.0,0.0,0.60499388,0.5,0.092,0.0,2815
k583,0.0,0.0,0.210526316,0.79858987,0.0,0.0,0.61449081,1.0,0.0,0.0,1433
k1441,0.0,0.0173,0.289473684,0.0,0.0,0.0,0.52619708,1.0,0.0537,0.0,968
k1998,0.180332641,0.0,0.210526316,0.82057131,0.0,0.0,0.93060309,0.80000001,0.0939,0.0,696
k3143,0.0,0.0914,0.473684211,0.0,0.0,0.0,0.42420325,1.0,0.0173,0.0,1893
k804,0.0,0.0754,0.184210526,0.0,0.0,0.0,0.64746302,1.0,0.0183,0.0,2058
k1412,0.0,0.0346,0.210526316,0.0,0.0,0.0,0.59713209,0.83333331,0.126652388,0.0,2544
k3022,0.0,0.0518,0.289473684,0.939473275,0.0,0.0,0.40165129,0.80000001,0.0,0.0,631
k984,0.0,0.0,0.0,0.0,0.0,0.0,0.51378989,0.5,0.0,0.0,224
k822,0.0,0.0,0.157894737,0.0,0.0,0.0,0.66856903,1.0,0.0938,0.0,57
k3174,0.0,0.0346,0.552631579,0.0,0.0,0.0,0.47634375,1.0,0.0,0.0,564
k434,0.0,0.0691,0.157894737,0.0,0.0,0.0,0.46541291,0.75,0.092,0.0,1593
k1613,0.0,0.0,0.0526,0.0,0.0,0.0,0.33464,0.5,0.0,0.0,2038
k2923,0.0,0.0173,0.157894737,0.0,0.0,0.0,0.34943426,0.5,0.0,0.0,2289
k1427,0.0,0.22010363,0.184210526,0.0,0.0,0.0,0.53851253,0.80000001,0.178508113,0.0,2732
k1873,0.0,0.103588898,0.394736842,0.859323967,0.0,0.0,0.52024621,0.85714287,0.0192,0.0,2191
k1990,0.42257115,0.015,0.105263158,0.713645083,0.0,0.0,0.7340194,0.75,0.0,0.0,1044
k480,0.0,0.0636,0.0263,0.0,0.0,0.0,0.33423203,0.66666669,0.0537,0.0,874
k2579,0.0,0.150456567,0.210526316,0.0,0.0,0.0,0.4107722,0.80000001,0.161189101,0.0,3140
k1658,0.0,0.151907028,0.0,0.0,0.0,0.0,0.10891695,0.75,0.0,0.0,2636
k2179,0.0,0.0166,0.0263,0.0,0.0,0.0,0.29680982,0.5,0.0,0.0,1162
k1668,0.0,0.0512,0.157894737,0.682798486,0.0,0.0,0.60781848,1.0,0.235655074,0.0,395
k659,0.0,0.0562,0.210526316,0.885167712,0.0,0.0,0.35592559,1.0,0.046,0.0,1647
k1702,0.0,0.0,0.0263,0.0,0.0,0.0,0.5779981,0.5,0.0537,0.0,1559
k1306,0.0,0.0515,0.210526316,0.796723521,0.0,0.0,0.51385427,0.5,0.047,0.0,2494
k1724,0.0,0.0346,0.105263158,0.0,0.0,0.0,0.45825654,1.0,0.0,0.0,922
k1296,0.0,0.0457,0.289473684,0.0,0.0,0.0,0.32945144,0.80000001,0.0,0.0,2676
k3113,0.556766515,0.0742,0.105263158,0.36194204,0.0,0.0,0.50626475,0.75,0.107459408,0.0,754
k2070,0.0,0.0518,0.526315789,0.0,0.0,0.0,0.42962632,0.80000001,0.0,0.0,3185
k537,0.0,0.143600514,0.342105263,0.0,0.0,0.0,0.28234228,1.0,0.0,0.0,55
k757,0.0,0.0,0.210526316,0.844341334,0.0,0.0,0.41786015,0.75,0.0,0.0,2883
k974,0.0,0.0518,0.184210526,0.0,0.0,0.0,0.302331,1.0,0.0,0.0,1553
k2345,0.0,0.0778,0.342105263,0.947612629,0.0,0.0,0.31160474,0.83333331,0.0,0.0,131
k3117,0.0,0.0474,0.0789,0.0,0.0,0.0,0.42638877,0.66666669,0.0997,0.0,34
k1310,0.0,0.209470066,0.184210526,0.0,0.0,0.0,0.42513561,1.0,0.124778412,0.0,3428
k691,0.0,0.063,0.157894737,0.0,0.0,0.0,0.37341535,1.0,0.0173,0.0,2186
k3203,0.0,0.0322,0.157894737,0.81370211,0.0,0.0,0.51085836,0.75,0.0,0.0,1062
k329,0.0,0.0,0.263157895,0.0,0.0,0.0,0.24071436,1.0,0.0,0.0,3323
k1837,0.0,0.0,0.263157895,0.0,0.0,0.0,0.25204667,0.75,0.0,0.0,1821
k2178,0.801806451,0.0173,0.0789,0.0,0.0,0.25,0.52416778,0.5,0.0537,0.0,175
k3418,0.0,0.104735033,0.210526316,0.0,0.0,0.0,0.49936387,1.0,0.107459408,0.0,1654
k2097,0.0,0.209470066,0.210526316,0.0,0.0,0.0,0.40421179,0.75,0.0346,0.0,2348
k1452,0.0,0.113767943,0.368421053,0.0,0.0,0.0,0.44556013,1.0,0.126652388,0.0,2102
k1288,0.0,0.019,0.184210526,0.846829799,0.0,0.0,0.5299868,0.80000001,0.092,0.0,338
k2652,0.0,0.0518,0.0789,0.0,0.0,0.0,0.33938015,0.33333334,0.0,0.0,474
k2665,0.0,0.176769026,0.157894737,0.0,0.0,0.0,0.51638472,0.80000001,0.178508113,0.0,1630
k2657,0.0,0.0,0.105263158,0.0,0.0,0.0,0.6057995,0.33333334,0.0,0.0,2007
k761,0.0,0.0457,0.394736842,0.0,0.0,0.0,0.34511757,0.80000001,0.0173,0.0,1517
k2417,0.0,0.0,0.184210526,0.0,0.0,0.0,0.50807667,1.0,0.0,0.0,1755
k2359,0.0,0.063,0.315789474,0.847607445,0.0,0.0,0.36684963,1.0,0.093,0.0,1430
k1974,0.0,0.0216,0.157894737,0.658380424,0.0,0.0,0.64426208,1.0,0.0183,0.0,3170
k1888,0.0,0.0448,0.131578947,0.662216808,0.0,0.0,0.60091639,1.0,0.0183,0.0,710
k815,0.0,0.108722618,0.289473684,0.0,0.0,0.0,0.42927602,0.80000001,0.124778412,0.0,169
k1779,0.0,0.180499211,0.236842105,0.891803619,0.0,0.0,0.50484133,0.83333331,0.161189101,0.0,249
k1483,0.0,0.0346,0.210526316,0.0,0.0,0.0,0.39505869,1.0,0.0,0.0,854
k2689,0.0,0.0,0.0526,0.0,0.0,0.0,0.61579305,0.5,0.0633,0.0,2628
k1422,0.0,0.0284,0.289473684,0.0,0.0,0.0,0.29079151,1.0,0.0537,0.0,3069
k768,0.0,0.0997,0.210526316,0.0,0.0,0.0,0.47889534,0.60000002,0.0,0.0,482
k191,0.0,0.156573676,0.210526316,0.0,0.0,0.0,0.41854858,0.80000001,0.107459408,0.0,3192
k492,0.711683912,0.0126,0.105263158,0.0,0.0,0.0,0.71733743,1.0,0.288437871,0.0,1231
k2523,0.0,0.0653,0.0263,0.0,0.0,0.0,0.22979942,1.0,0.0,0.0,68
k3393,0.0,0.0,0.184210526,0.0,0.0,0.0,0.40633079,0.80000001,0.0,0.0,1066
k2435,0.0,0.0562,0.368421053,0.908626678,0.0,0.0,0.43076786,1.0,0.046,0.0,985
k3370,0.0,0.0351,0.0789,0.0,0.0,0.0,0.56704086,0.75,0.052,0.0,520
k1653,0.0,0.0569,0.210526316,0.0,0.0,0.0,0.63292968,0.80000001,0.126652388,0.0,1316
k1671,0.0,0.0474,0.342105263,0.752164446,0.0,0.0,0.71027005,1.0,0.0989,0.0,2997
k742,0.0,0.0,0.0526,0.0,0.0,0.0,0.45911983,0.66666669,0.0,0.0,2363
k1759,0.0,0.0445,0.263157895,0.648219192,0.0,0.0,0.67109287,1.0,0.236601971,0.087,1515
k878,0.0,0.0751,0.210526316,0.870833117,0.0,0.0,0.39035922,1.0,0.046,0.0,3070
k2231,0.231048566,0.0363,0.184210526,0.706153766,0.0,0.0,0.40466949,1.0,0.000947,0.0,2558
k657,0.0,0.0173,0.157894737,0.0,0.0,0.0,0.53023595,0.75,0.147574934,0.0,2896
k385,0.0,0.0346,0.210526316,0.0,0.0,0.0,0.36173621,0.75,0.046,0.0,180
k2300,0.0,0.0,0.105263158,0.0,0.0,0.0,0.50942999,0.75,0.0173,0.0,1402
k2482,0.0,0.0,0.342105263,0.0,0.0,0.0,0.57964015,0.33333334,0.0,0.0,1992
k2957,0.0,0.0518,0.394736842,0.0,0.0,0.0,0.44551364,0.85714287,0.0,0.0,3247
k939,0.0,0.0696,0.184210526,0.0,0.0,0.0,0.43070742,1.0,0.0537,0.0,600
k880,0.0,0.0,0.210526316,0.0,0.0,0.0,0.36941755,0.80000001,0.0,0.0,1779
k1156,0.0,0.161619002,0.394736842,0.0,0.0,0.0,0.56247747,0.8888889,0.159416421,0.0,2251
k36,0.0,0.0346,0.210526316,0.0,0.0,0.0,0.28640312,0.75,0.0,0.0,3386
k2333,0.0,0.0691,0.184210526,0.0,0.0,0.0,0.39949864,1.0,0.046,0.0,723
k2552,0.0,0.0173,0.0263,0.0,0.0,0.0,0.40796146,0.5,0.0,0.0,2966
k844,0.0,0.0,0.0526,0.0,0.0,0.0,0.37203509,0.5,0.0,0.0,1213
k2487,0.0,0.16397893,0.105263158,0.0,0.0,0.0,0.37215465,0.75,0.107459408,0.0,153
k1065,0.0,0.0,0.105263158,0.0,0.0,0.0,0.87582666,1.0,0.0346,0.0,2672
k3102,0.0,0.119315125,0.0526,0.0,0.0,0.0,0.39082849,1.0,0.0173,0.0,124
k831,0.0,0.0346,0.184210526,0.0,0.0,0.0,0.40128604,0.75,0.0,0.0,724
k2327,0.0,0.104735033,0.236842105,0.0,0.0,0.0,0.39459041,0.60000002,0.107459408,0.0,513
k2121,0.0,0.0,0.210526316,0.0,0.0,0.0,0.47294518,0.5,0.0,0.0,1815
k1051,0.0,0.0,0.210526316,0.0,0.0,0.0,0.37882638,0.80000001,0.0,0.0,1360
k2248,0.0,0.0284,0.342105263,0.0,0.0,0.0,0.28663236,1.0,0.0537,0.0,1611
k3114,0.721357068,0.0432,0.157894737,0.544533154,0.0,0.0625,0.6411522,1.0,0.155360398,0.173913043,1333
k916,0.0,0.0346,0.131578947,0.0,0.0,0.0,0.50665033,1.0,0.0,0.0,1730
k1361,0.0,0.184188329,0.342105263,0.0,0.0,0.0,0.4182739,0.85714287,0.0,0.0435,3129
k802,0.0,0.0346,0.184210526,0.741303334,0.0,0.0,0.42559746,0.75,0.000947,0.0,1150
k2629,0.0,0.0846,0.394736842,0.640883405,0.0,0.0,0.50926596,1.0,0.0173,0.0,3285
k2740,0.0,0.107332584,0.157894737,0.0,0.0,0.0,0.57398605,0.75,0.000947,0.0,1869
k451,0.0,0.0691,0.157894737,0.0,0.0,0.0,0.46541291,0.75,0.092,0.0,1959
k347,0.0,0.0,0.236842105,0.0,0.0,0.0,0.33520538,0.75,0.046,0.0,2389
k2746,0.0,0.0702,0.105263158,0.0,0.0,0.0,0.6416586,0.66666669,0.0173,0.0,1991
k1914,0.0,0.0346,0.236842105,0.565970242,0.0,0.0,0.3482669,1.0,0.0772,0.0,1507
k3055,0.0,0.174910961,0.184210526,0.0,0.0,0.0,0.58698338,1.0,0.124778412,0.0,1188
k3286,0.0,0.124612139,0.342105263,0.0,0.0,0.0,0.31349811,1.0,0.0,0.0,2572
k1886,0.0,0.0173,0.131578947,0.0,0.0,0.0,0.36787945,1.0,0.046,0.0,2537
k2124,0.0,0.104735033,0.263157895,0.0,0.0,0.0,0.42652348,1.0,0.0173,0.0,626
k3224,0.0,0.0346,0.210526316,0.0,0.0,0.0,0.36173621,0.75,0.046,0.0,664
k1113,0.0,0.0173,0.263157895,0.767924724,0.0,0.0,0.42370212,1.0,0.0,0.0,1749
k397,0.0,0.0363,0.157894737,0.717870289,0.0,0.0,0.49776724,0.75,0.000947,0.0,2979
k514,0.0,0.0518,0.184210526,0.0,0.0,0.0,0.50949532,1.0,0.052,0.0,1241
k1297,0.0,0.0457,0.131578947,0.0,0.0,0.0,0.55414891,1.0,0.071,0.0,1387
k3249,0.0,0.0801,0.210526316,0.0,0.0,0.0,0.56659019,0.75,0.000947,0.0,965
k3384,0.748213358,0.681228646,0.921052632,0.629400176,0.466666667,0.0,0.71507204,1.0,0.690717596,0.869565217,562
k1908,0.0,0.0518,0.236842105,0.0,0.0,0.0,0.36089024,0.80000001,0.0,0.0,1529
k3411,0.0,0.0346,0.105263158,0.0,0.0,0.0,0.2746588,1.0,0.0,0.0,1676
k1478,0.0,0.0569,0.131578947,0.0,0.0,0.0,0.72744077,1.0,0.0806,0.0,1260
k3413,0.0,0.0702,0.263157895,0.0,0.0333,0.0,0.56428885,1.0,0.161189101,0.0,1210
k1994,0.0,0.0518,0.263157895,0.0,0.0,0.0,0.33931971,0.83333331,0.046,0.0,2362
k1715,0.0,0.0173,0.184210526,0.0,0.0,0.0,0.53806913,0.75,0.0,0.0,1170
k2147,0.0,0.357600536,0.263157895,0.0,0.0,0.0,0.5770694,1.0,0.266875822,0.087,3163
k1362,0.0,0.0869,0.263157895,0.0,0.0,0.0,0.51695913,1.0,0.0173,0.0,1405
k902,0.0,0.0,0.184210526,0.0,0.0,0.0,0.55542928,1.0,0.0,0.0,3119
k616,0.0,0.0,0.105263158,0.0,0.0,0.0,0.34830955,1.0,0.0,0.0,1775
k2904,0.0,0.0569,0.289473684,0.691715486,0.0,0.0,0.5857954,0.875,0.0183,0.0,1293
k2843,0.901397816,0.0296,0.289473684,0.0,0.0,0.125,0.3312785,0.80000001,0.288437871,0.0,3256
k213,0.0,0.0,0.184210526,0.0,0.0,0.0,0.44680294,1.0,0.0,0.0,1729
k944,0.0,0.0277,0.263157895,0.690030587,0.0,0.0,0.68221247,0.80000001,0.00284,0.0,2272
k2964,0.0,0.0,0.157894737,0.0,0.0,0.0,0.53716713,0.80000001,0.184028738,0.0,1987
k1340,0.0,0.0803,0.473684211,0.0,0.0,0.0,0.42420325,1.0,0.0173,0.0,2734
k3326,0.0,0.0,0.236842105,0.0,0.0,0.0,0.35225359,1.0,0.0,0.0,721
k1855,0.0,0.0,0.0789,0.0,0.0,0.0,0.60570771,1.0,0.0,0.0,2408
k3387,0.0,0.0296,0.315789474,0.0,0.0,0.0,0.39733621,0.80000001,0.252027161,0.0,529
k2218,0.0,0.0,0.0263,0.0,0.0,0.0,0.33739886,0.5,0.0,0.0,518
k458,0.0,0.143281711,0.184210526,0.0,0.0,0.0,0.61840415,0.83333331,0.142097417,0.0,2904
k170,0.0,0.0518,0.236842105,0.0,0.0,0.0,0.29328048,1.0,0.0,0.0,2527
k1940,0.0,0.0284,0.289473684,0.0,0.0,0.0,0.29079151,0.80000001,0.0537,0.0,2327
k1701,0.0,0.0585,0.210526316,0.0,0.0,0.0,0.28949651,0.5,0.0,0.0,186
k1384,0.186491552,0.0216,0.105263158,0.0,0.0,0.0,0.57746828,0.75,0.145744066,0.0,2866
k1071,0.0,0.019,0.105263158,0.0,0.0,0.0,0.34807929,0.66666669,0.046,0.0,1713
k2212,0.0,0.0216,0.131578947,0.0,0.0,0.0,0.50764871,1.0,0.0997,0.0,3261
k3095,0.0,0.0339,0.184210526,0.0,0.0,0.0,0.27576303,0.75,0.0,0.0,763
k3216,0.0,0.0173,0.236842105,0.0,0.0,0.0,0.2955972,0.83333331,0.0,0.0,2350
k2003,0.0,0.138025771,0.263157895,0.0,0.0,0.0,0.68352795,0.85714287,0.178508113,0.087,2772
k1072,0.0,0.0346,0.289473684,0.0,0.0,0.0,0.26156482,1.0,0.0,0.0,2695
k1515,0.0,0.59045318,0.447368421,0.0,0.0,0.0,0.61692667,1.0,0.336151854,0.130434783,200
k2764,0.0,0.0646,0.157894737,0.0,0.0,0.0,0.5929296,1.0,0.252027161,0.0,3431
k1894,0.0,0.0,0.0789,0.0,0.0,0.0,0.66033572,0.0,0.0,0.0,1448
k696,0.927046147,0.102605503,0.236842105,0.0,0.0,0.1875,0.60009861,0.80000001,0.105686721,0.0,553
k2768,0.0,0.0351,0.157894737,0.0,0.0,0.0,0.70022142,1.0,0.0346,0.0,2601
k1395,0.0,0.0284,0.157894737,0.0,0.0,0.0,0.54201734,1.0,0.0537,0.0,2585
k1638,0.0,0.126002167,0.105263158,0.0,0.0,0.0,0.48336217,1.0,0.107459408,0.0,1675
k2734,0.0,0.0256,0.0263,0.0,0.0,0.0,0.52271438,1.0,0.0173,0.0,3379
k2335,0.0,0.0,0.289473684,0.0,0.0,0.0,0.35801741,1.0,0.046,0.0,1005
k789,0.0,0.0,0.210526316,0.0,0.0,0.0,0.44001445,1.0,0.0,0.0,1479
k182,0.0,0.0,0.342105263,0.0,0.0,0.0,0.33220595,0.80000001,0.000947,0.0,660
k1648,0.0,0.0284,0.263157895,0.689149256,0.0,0.0,0.55536884,1.0,0.0183,0.087,2059
k2021,0.0,0.0,0.184210526,0.0,0.0,0.0,0.56302702,1.0,0.0,0.0,2079
k390,0.0,0.0635,0.342105263,0.0,0.0,0.0,0.47233903,0.80000001,0.0346,0.0,3121
k1152,0.0,0.0,0.184210526,0.0,0.0,0.0,0.43143314,0.75,0.000947,0.0,2497
k1979,0.0,0.0346,0.263157895,0.0,0.0,0.0,0.28799939,0.75,0.0,0.0,1437
k216,0.0,0.0173,0.236842105,0.0,0.0,0.0,0.42818922,1.0,0.0997,0.0,517
k546,0.0,0.148537663,0.473684211,0.775364197,0.0,0.0,0.36591053,0.83333331,0.000947,0.0,2514
k1331,0.0,0.0,0.315789474,0.0,0.0,0.0,0.28389284,0.80000001,0.0,0.0,96
k3162,0.0,0.0472,0.184210526,0.825781534,0.0,0.0,0.46808836,0.80000001,0.0,0.0,3210
k1820,0.0,0.0842,0.0263,0.0,0.0,0.0,0.37354329,0.33333334,0.0537,0.0,80
k1541,0.0,0.0,0.210526316,0.0,0.0,0.0,0.45415387,1.0,0.0,0.0,1318
k1937,0.0,0.0284,0.184210526,0.0,0.0,0.0,0.41110295,1.0,0.0173,0.0,9
k3125,0.0,0.0489,0.0263,0.0,0.0,0.0,0.22591639,1.0,0.0,0.0,1081
k457,0.0,0.0562,0.421052632,0.862356784,0.0,0.0,0.46845397,1.0,0.00189,0.0,1641
k3237,0.0,0.0389,0.289473684,0.0,0.0,0.0,0.62391043,0.80000001,0.0938,0.0,1928
k1523,0.0,0.0342,0.157894737,0.72785007,0.0,0.0,0.86306071,0.33333334,0.0479,0.0,847
k1824,0.0,0.0173,0.157894737,0.0,0.0,0.0,0.53071558,0.66666669,0.0,0.0,616
k646,0.0,0.0173,0.236842105,0.0,0.0,0.0,0.41270956,1.0,0.0,0.0,1467
k3188,0.0,0.0778,0.289473684,0.949271606,0.0,0.0,0.32015318,0.80000001,0.0,0.0,609
k69,0.0,0.0284,0.236842105,0.744543522,0.0,0.0,0.48616406,0.80000001,0.0547,0.0,377
k2869,0.0,0.0696,0.263157895,0.0,0.0,0.0,0.44760057,0.80000001,0.0173,0.0,1978
k2348,0.0,0.0,0.0263,0.0,0.0,0.0,0.46028328,1.0,0.0,0.0,924
k1139,0.0,0.0273,0.0,0.0,0.0,0.0,0.23942803,0.5,0.0,0.0,1732
k2190,0.0,0.0,0.289473684,0.0,0.0,0.0,0.27395108,0.80000001,0.0,0.0,891
k373,0.0,0.0457,0.131578947,0.818238374,0.0,0.0,0.45367813,1.0,0.0537,0.0,1836
k595,0.471232104,0.0216,0.0789,0.607911245,0.0,0.0,0.61510414,1.0,0.0547,0.0,255
k2127,0.0,0.0256,0.0526,0.0,0.0,0.0,0.25401863,1.0,0.0,0.0,2864
k2181,0.0,0.0173,0.157894737,0.0,0.0,0.0,0.5195812,0.75,0.0173,0.0,864
k2751,0.0,0.0173,0.0789,0.0,0.0,0.0,0.53460509,1.0,0.046,0.0,535
k706,0.0,0.0351,0.184210526,0.0,0.0,0.0,0.69918466,1.0,0.0997,0.0,1609
k1075,0.0,0.0,0.105263158,0.0,0.0,0.0,0.54919446,1.0,0.0173,0.0,2027
k501,0.0,0.0346,0.157894737,0.0,0.0,0.0,0.46940431,0.75,0.047,0.0,374
k805,0.0,0.0173,0.131578947,0.708719996,0.0,0.0,0.51727724,1.0,0.000947,0.0,3171
k2118,0.0,0.0173,0.157894737,0.0,0.0,0.0,0.55099642,1.0,0.0537,0.0,2343
k3052,0.0,0.0,0.0789,0.0,0.0,0.0,0.5664708,0.66666669,0.0,0.0,143
k2330,0.0,0.0346,0.315789474,0.0,0.0,0.0,0.38669935,1.0,0.0,0.0,644
k1538,0.0,0.0346,0.263157895,0.0,0.0,0.0,0.436896,1.0,0.0,0.173913043,1443
k1480,0.0,0.0,0.0526,0.0,0.0,0.0,0.48783374,0.75,0.092,0.0,1696
k3372,0.0,0.0635,0.263157895,0.0,0.0,0.0,0.68403184,1.0,0.0905,0.0,2520
k2406,0.0,0.0284,0.157894737,0.0,0.0,0.0,0.46866965,0.75,0.0173,0.0,1171
k3336,0.0,0.0173,0.0526,0.0,0.0,0.0,0.50047439,0.5,0.046,0.0,3422
k1752,0.271199452,0.0457,0.605263158,0.0,0.0333,0.125,0.4384034,0.9285714,0.199473766,0.130434783,48
k2823,0.0,0.0,0.131578947,0.0,0.0,0.0,0.53730023,1.0,0.0,0.0,2560
k3328,0.0,0.0948,0.236842105,0.93252631,0.0,0.0,0.33590874,0.80000001,0.0,0.0,349
k41,0.0,0.0518,0.5,0.0,0.0,0.0,0.41709203,1.0,0.117354089,0.0,638
k1651,0.0,0.0691,0.105263158,0.0,0.0,0.0,0.38749486,0.80000001,0.0,0.0,1153
k1691,0.0,0.0173,0.315789474,0.0,0.0,0.0,0.33196616,0.80000001,0.0537,0.0,1288
k177,0.0,0.0,0.210526316,0.751594173,0.0,0.0,0.54929739,1.0,0.0,0.0,1910
k400,0.0,0.0284,0.105263158,0.0,0.0,0.0625,0.48898879,1.0,0.0537,0.0,2353
k1321,0.0,0.104735033,0.210526316,0.0,0.0,0.0,0.37393546,1.0,0.107459408,0.0,1624
k975,0.0,0.0173,0.342105263,0.0,0.0,0.0,0.32998756,1.0,0.0,0.0,2538
k1347,0.0,0.0232,0.105263158,0.623749287,0.0,0.0,0.50100166,1.0,0.0183,0.0,20
k175,0.0,0.0346,0.263157895,0.89182954,0.0,0.0,0.41697308,0.75,0.0,0.0,1310
k2686,0.0,0.0207,0.0526,0.0,0.0,0.0,0.38805729,1.0,0.0,0.0,2051
k1723,0.0,0.0641,0.210526316,0.0,0.0,0.0,0.51722616,0.83333331,0.0,0.0,2605
k1035,0.0,0.0702,0.131578947,0.0,0.0,0.0,0.69192731,1.0,0.0346,0.0,1125
k2075,0.0,0.0351,0.0263,0.0,0.0,0.0,0.51730388,1.0,0.0,0.0,2225
k3398,0.0,0.0346,0.578947368,0.775441962,0.0,0.0,0.61652929,0.875,0.00189,0.0,620
k3275,0.0,0.0986,0.263157895,0.0,0.0,0.0,0.53259802,0.85714287,0.124778412,0.0,2847
k2353,0.0,0.104735033,0.263157895,0.0,0.0,0.0,0.34391096,0.80000001,0.107459408,0.0,980
k1095,0.0,0.138025771,0.131578947,0.0,0.0,0.0,0.74925792,0.80000001,0.224515302,0.0,129
k1690,0.0,0.0621,0.236842105,0.0,0.0,0.0,0.60687375,1.0,0.000947,0.0,583
k2504,0.574539063,0.0,0.105263158,0.0,0.0,0.0625,0.71733612,1.0,0.107459408,0.0,866
k2607,0.0,0.0232,0.157894737,0.714267199,0.0,0.0,0.326736,0.75,0.000947,0.0,2277
k1574,0.0,0.0216,0.0,0.0,0.0,0.0,0.68715066,0.5,0.0,0.0,2627
k926,0.0,0.0173,0.131578947,0.0,0.0,0.0,0.69254965,1.0,0.0,0.0,2795
k853,0.0,0.0562,0.210526316,0.835528021,0.0,0.0,0.51226532,0.80000001,0.046,0.0,1051
k2008,0.0,0.0346,0.315789474,0.697988491,0.0,0.0,0.4167766,0.85714287,0.000947,0.0,569
k553,0.0,0.0553,0.0526,0.0,0.0,0.0,0.3810747,0.66666669,0.0997,0.0,1947
k315,0.0,0.0346,0.289473684,0.0,0.0,0.0,0.40146139,1.0,0.092,0.0,1026
k1134,0.0,0.0363,0.131578947,0.807817927,0.0,0.0,0.40843874,1.0,0.046,0.0,94
k2511,0.0,0.0,0.0789,0.0,0.0,0.0,0.43694508,1.0,0.0,0.0,757
k1365,0.681688962,0.0,0.0526,0.0,0.0,0.5,0.62647051,0.75,0.214918816,0.0,1940
k999,0.71152218,0.0389,0.236842105,0.630100057,0.0,0.0625,0.58244038,0.85714287,0.153466584,0.0435,3350
k2637,0.0,0.0725,0.105263158,0.0,0.0,0.0,0.25955954,0.5,0.0,0.0,6
k2136,0.0,0.0,0.263157895,0.0,0.0,0.0,0.38346416,0.83333331,0.0,0.0,545
k3382,0.0,0.0284,0.236842105,0.0,0.0,0.0,0.61388296,0.5,0.0346,0.0,1875
k437,0.0,0.0852,0.421052632,0.0,0.0,0.0,0.46076316,0.875,0.0,0.0,3400
k3402,0.0,0.0,0.0789,0.0,0.0,0.0,0.57114106,0.75,0.0,0.0,1895
k1522,0.0,0.0,0.105263158,0.0,0.0,0.0,0.78376174,0.66666669,0.0537,0.0,1639
k908,0.0,0.0346,0.210526316,0.0,0.0,0.0,0.56515157,0.80000001,0.047,0.0,3232
k159,0.0,0.0562,0.447368421,0.631085074,0.0,0.0,0.48383904,0.875,0.0,0.0435,1610
k1012,0.0,0.0284,0.342105263,0.0,0.0,0.0,0.29516011,0.80000001,0.0537,0.0,1442
k2381,0.0,0.0173,0.315789474,0.764658614,0.0,0.0,0.50153017,1.0,0.000947,0.0,3197
k1827,0.0,0.0,0.0526,0.0,0.0,0.0,0.42838362,1.0,0.0,0.0,2736
k240,0.0,0.0363,0.157894737,0.0,0.0,0.0,0.36180049,1.0,0.0173,0.0,3086
k2744,0.0,0.258609258,0.184210526,0.0,0.0,0.0,0.5645138,0.80000001,0.052,0.0,1233
k1495,0.0,0.0346,0.315789474,0.0,0.0,0.0,0.35744178,1.0,0.0,0.0,2920
k662,0.0,0.0346,0.184210526,0.0,0.0,0.0,0.33853036,0.75,0.0,0.0,3046
k3153,0.0,0.0,0.0526,0.0,0.0,0.0,0.73777872,0.66666669,0.0,0.0,896
k506,0.0,0.264224499,0.236842105,0.0,0.0,0.0,0.59161651,0.80000001,0.159416421,0.0,3309
k2288,0.0,0.0173,0.157894737,0.0,0.0,0.0,0.51764333,0.66666669,0.0938,0.0,2852
k2045,0.0,0.0346,0.289473684,0.0,0.0,0.0,0.33750898,1.0,0.0,0.0,194
k2104,0.0,0.0695,0.131578947,0.0,0.0,0.0,0.50269645,0.5,0.107459408,0.0,959
k836,0.0,0.0346,0.315789474,0.0,0.0,0.0,0.26928857,0.80000001,0.0,0.0,1827
k1066,0.0,0.143281711,0.131578947,0.0,0.0,0.0,0.44818076,0.60000002,0.107459408,0.0,2132
k184,0.0,0.078,0.236842105,0.0,0.0,0.0,0.57394755,1.0,0.0173,0.0,452
k2531,0.0,0.0351,0.184210526,0.0,0.0,0.0,0.74142677,1.0,0.0537,0.0,2929
k2347,0.0,0.362117002,0.236842105,0.0,0.0,0.0,0.64768118,1.0,0.312883005,0.0435,808
k509,0.0,0.0284,0.210526316,0.0,0.0,0.0,0.37071577,0.80000001,0.0537,0.0,1757
k3072,0.0,0.0173,0.342105263,0.0,0.0,0.0,0.32998756,0.80000001,0.0,0.0,2912
k3258,0.0,0.0173,0.263157895,0.0,0.0,0.0,0.31607848,1.0,0.0,0.0,1224
k823,0.0,0.0518,0.236842105,0.0,0.0,0.0,0.6829226,1.0,0.0537,0.0,1542
k1021,0.0,0.0675,0.0526,0.0,0.0,0.0,0.41757363,0.75,0.252027161,0.0,2513
k197,0.0,0.0,0.0526,0.0,0.0,0.0,0.49511302,0.5,0.0,0.0,1459
k2927,0.0,0.141891688,0.315789474,0.0,0.0,0.0,0.3524076,1.0,0.0,0.0,2137
k919,0.689719581,0.138025771,0.184210526,0.0,0.0,0.0,0.62577802,0.83333331,0.178508113,0.0,2203
k3342,0.0,0.0173,0.236842105,0.735522837,0.0,0.0,0.5061667,1.0,0.0183,0.0,154
k1902,0.0,0.0,0.184210526,0.65711027,0.0,0.0,0.67153335,1.0,0.235655074,0.0,1922
k3040,0.0,0.0569,0.289473684,0.0,0.0,0.0,0.50947469,0.66666669,0.0,0.0,775
k3355,0.0,0.0173,0.263157895,0.0,0.0,0.0,0.24734931,1.0,0.0,0.0,2026
k2167,0.519442975,0.0,0.210526316,0.707372077,0.0,0.0,0.65107369,0.80000001,0.107459408,0.0,3205
k2043,0.0,0.0342,0.157894737,0.801648608,0.0,0.0,0.68022937,0.66666669,0.00189,0.0,3204
k2553,0.0,0.0,0.131578947,0.0,0.0,0.0,0.43273196,0.75,0.0,0.0,3262
k1238,0.0,0.0,0.157894737,0.396754627,0.0,0.0,0.44357023,0.80000001,0.0844,0.0,796
k2514,0.0,0.0,0.157894737,0.614547151,0.0,0.0,0.5783453,1.0,0.000947,0.0,743
k1516,0.0,0.0346,0.157894737,0.0,0.0,0.0,0.44522834,1.0,0.000947,0.0,1277
k1324,0.0,0.0346,0.210526316,0.7190886,0.0,0.0,0.47727591,0.80000001,0.000947,0.0,934
k1125,0.0,0.0284,0.289473684,0.0,0.0,0.0,0.30655944,0.80000001,0.0537,0.0,908
k1326,0.0,0.102605503,0.105263158,0.0,0.0,0.0,0.6226669,1.0,0.161189101,0.0,3034
k2906,0.0,0.0702,0.105263158,0.0,0.0,0.0,0.68138766,0.66666669,0.0346,0.0,2917
k2717,0.0,0.0173,0.157894737,0.0,0.0,0.0,0.34943426,1.0,0.0,0.0,3078
k3294,0.0,0.104735033,0.289473684,0.0,0.0,0.0,0.30604586,1.0,0.0173,0.0,558
k444,0.0,0.0383,0.184210526,0.77712686,0.0,0.0,0.58783638,0.83333331,0.235655074,0.0,2825
k2508,0.0,0.0,0.184210526,0.0,0.0,0.0,0.64039028,0.66666669,0.0,0.0,76
k1154,0.0,0.107332584,0.0526,0.0,0.0,0.0,0.59819406,0.66666669,0.0173,0.0,344
k2318,0.0,0.0562,0.210526316,0.880631448,0.0,0.0,0.35907197,1.0,0.046,0.0,1142
k1930,0.0,0.038,0.157894737,0.0,0.0,0.0,0.37319332,0.80000001,0.092,0.0,1337
k3320,0.0,0.0,0.315789474,0.767950645,0.0,0.0,0.41954803,1.0,0.00189,0.0,582
k3195,0.0,0.0284,0.0789,0.0,0.0,0.0,0.59959543,1.0,0.0997,0.0,3276
k565,0.0,0.0346,0.105263158,0.0,0.0,0.0,0.24122003,0.66666669,0.0,0.0,3027
k1189,0.586238551,0.0173,0.210526316,0.690600861,0.0,0.0,0.40007797,1.0,0.000947,0.0,2898
k1992,0.0,0.0976,0.184210526,0.0,0.0,0.0,0.52531922,1.0,0.0633,0.0,77
k185,0.0,0.0495,0.105263158,0.0,0.0,0.0,0.45254421,0.75,0.046,0.0,3402
k3253,0.0,0.0457,0.105263158,0.0,0.0,0.0,0.5888564,0.66666669,0.0633,0.0,951
k3359,0.0,0.038,0.0263,0.484732231,0.0,0.0,0.23027314,0.66666669,0.0,0.0,279
k3228,0.0,0.0346,0.263157895,0.843874747,0.0,0.125,0.78425699,0.83333331,0.0547,0.0,1566
k1406,0.0,0.0,0.0,0.0,0.0,0.0,0.14320381,1.0,0.0,0.0,2381
k1625,0.0,0.0346,0.263157895,0.0,0.0,0.0,0.50479168,0.85714287,0.0,0.0,74
k305,0.0,0.0,0.315789474,0.0,0.0,0.0,0.23706269,0.40000001,0.0,0.0,3221
k255,0.0,0.113849107,0.236842105,0.65402561,0.0,0.0,0.35596287,1.0,0.0183,0.0,336
k2201,0.0,0.0346,0.289473684,0.0,0.0,0.0,0.367147,1.0,0.0,0.0,444
k2239,0.0,0.0346,0.289473684,0.0,0.0,0.0,0.49727634,1.0,0.0173,0.0,2969
k1546,0.0,0.0,0.236842105,0.0,0.0,0.0,0.33930317,1.0,0.046,0.0,2282
k3406,0.0,0.0,0.105263158,0.0,0.0,0.0,0.3651078,0.75,0.0,0.0,3426
k217,0.0,0.0,0.0789,0.0,0.0,0.0,0.57333153,1.0,0.0537,0.0,3287
k100,0.0,0.0,0.105263158,0.762040541,0.0,0.0,0.87261379,0.5,0.0,0.0,2442
k987,0.0,0.0,0.263157895,0.0,0.0,0.0,0.35803497,0.80000001,0.0,0.0,1
k2861,0.0,0.0524,0.342105263,0.0,0.0,0.0,0.34248057,0.80000001,0.0173,0.0,172
k1432,0.0,0.0284,0.157894737,0.0,0.0,0.0,0.54906803,1.0,0.0173,0.0,1493
k1608,0.0,0.0,0.131578947,0.0,0.0,0.0,0.31244555,0.75,0.0,0.0,1576
k2496,0.789513445,0.0173,0.0789,0.427186479,0.0,0.0,0.47989416,0.5,0.0772,0.0,555
k774,0.0,0.0346,0.210526316,0.0,0.0,0.0,0.43245924,1.0,0.092,0.0,1745
k2490,0.0,0.0173,0.184210526,0.0,0.0,0.0,0.42145467,0.66666669,0.0,0.0,3223
k1257,0.0,0.0346,0.289473684,0.0,0.0,0.0,0.3269375,1.0,0.046,0.0,962
k842,0.0,0.0173,0.289473684,0.0,0.0,0.0,0.25613111,0.80000001,0.0,0.0,2600
k602,0.0,0.0173,0.0789,0.0,0.0,0.0,0.53460509,1.0,0.046,0.0,784
k1953,0.0,0.141891688,0.289473684,0.0,0.0,0.0,0.39445108,0.85714287,0.0,0.0,3353
k1415,0.0,0.0663,0.315789474,0.931048784,0.0,0.0,0.47847301,0.83333331,0.0537,0.0,2169
k3301,0.0,0.0,0.0526,0.0,0.0,0.0,0.61754245,0.5,0.046,0.0,239
k548,0.0,0.207340536,0.263157895,0.0,0.0,0.0,0.7082122,0.80000001,0.0693,0.0,1936
k3059,0.0,0.0173,0.0789,0.0,0.0,0.0,0.47124529,0.66666669,0.046,0.0,1247
k982,0.729425545,0.104206163,0.315789474,0.605759759,0.0,0.0,0.55180061,1.0,0.196774014,0.087,1198
k922,0.0,0.0173,0.315789474,0.766239826,0.0,0.0,0.53270537,1.0,0.000947,0.0,2986
k1185,0.0,0.0,0.210526316,0.657343564,0.0,0.0,0.54607993,0.80000001,0.046,0.0,1582
k1327,0.0,0.0216,0.131578947,0.0,0.0,0.0,0.68512976,0.75,0.0,0.0,2179
k402,0.195888555,0.0216,0.105263158,0.0,0.0,0.0,0.58194172,0.75,0.0997,0.0,2287
k1950,0.0,0.171723701,0.105263158,0.0,0.0,0.0,0.48180628,1.0,0.161189101,0.0,2003
k557,0.0,0.0173,0.131578947,0.0,0.0,0.0,0.47017717,0.75,0.0,0.0,651
k2513,0.141395884,0.0,0.105263158,0.0,0.0,0.0625,0.64441788,0.75,0.0997,0.0,1804
k1228,0.0,0.0907,0.236842105,0.933666857,0.0,0.0,0.41453958,0.80000001,0.046,0.0,1932
k207,0.0,0.0742,0.184210526,0.0,0.0,0.0,0.507052,1.0,0.0346,0.0,2932
k2261,0.0,0.0,0.131578947,0.0,0.0,0.0,0.45198384,0.75,0.0,0.0,1165
k2937,0.0,0.0249,0.0,0.0,0.0,0.0,0.24275604,0.5,0.0537,0.0,1008
k1372,0.0,0.0758,0.263157895,0.947353414,0.0,0.0,0.37102908,0.80000001,0.0,0.0,2596
k1982,0.0,0.0,0.184210526,0.0,0.0,0.0,0.64779252,0.80000001,0.0,0.0,47
k1068,0.0,0.0173,0.184210526,0.0,0.0,0.0,0.45851898,0.80000001,0.0,0.0,1695
k1825,0.0,0.0,0.105263158,0.470138421,0.0,0.0,0.51096928,1.0,0.148588249,0.0,1242
k2708,0.0,0.0518,0.263157895,0.0,0.0,0.0,0.37067112,0.80000001,0.0,0.0,2760
k2315,0.0,0.0524,0.526315789,0.873840012,0.0,0.0,0.54577065,0.90909094,0.0183,0.0,1065
k3146,0.0,0.0,0.105263158,0.47200477,0.0,0.0,0.7768712,0.75,0.00189,0.0,703
k1742,0.0,0.038,0.0526,0.529731972,0.0,0.0,0.41290507,0.66666669,0.0,0.0,2235
k49,0.0,0.063,0.315789474,0.849447872,0.0,0.0,0.36684963,0.83333331,0.093,0.0,3419
k1598,0.0,0.0,0.157894737,0.0,0.0,0.0,0.47652268,0.66666669,0.0,0.0,215
k522,0.0,0.0351,0.421052632,0.0,0.0,0.0,0.48205563,1.0,0.124778412,0.0,2154
k1719,0.0,0.057,0.0526,0.0,0.0,0.0,0.31847799,0.5,0.0,0.0,3202
k1945,0.0,0.113042506,0.368421053,0.902768417,0.0,0.0,0.51131636,1.0,0.071,0.0,266
k558,0.0,0.0,0.368421053,0.0,0.0,0.0,0.2356851,0.80000001,0.0,0.0,3311
k638,0.0,0.0173,0.157894737,0.775856706,0.0,0.0,0.37057072,0.66666669,0.0,0.0,1384
k2818,0.0,0.0,0.289473684,0.0,0.0,0.0,0.41565061,0.80000001,0.117354089,0.0,1631
k1844,0.0,0.0339,0.0789,0.0,0.0,0.0,0.39602062,0.66666669,0.0173,0.0,144
k2662,0.0,0.0,0.184210526,0.0,0.0,0.0,0.48511463,0.80000001,0.0537,0.0,3092
k421,0.0,0.209470066,0.289473684,0.919747006,0.0,0.0,0.50237674,0.83333331,0.124778412,0.0,1876
k375,0.0,0.0569,0.289473684,0.689875058,0.0,0.0,0.52746731,1.0,0.0183,0.0,675
k273,0.0,0.0346,0.289473684,0.739799886,0.0,0.0,0.52997178,1.0,0.000947,0.0,2831
k2883,0.0,0.0351,0.105263158,0.0,0.0,0.0,0.57750994,1.0,0.052,0.0,2398
k446,0.0,0.0351,0.421052632,0.0,0.0,0.0,0.50449967,1.0,0.124778412,0.0,3286
k1561,0.0,0.108526051,0.263157895,0.0,0.0,0.0,0.62972224,0.5,0.142097417,0.0,639
k3116,0.0,0.0216,0.105263158,0.0,0.0,0.0,0.54854971,1.0,0.0633,0.0,2648
k260,0.0,0.0284,0.289473684,0.0,0.0,0.0,0.48292485,1.0,0.0633,0.0,1385
k1421,0.0,0.0778,0.289473684,0.942272798,0.0,0.0,0.32715276,0.80000001,0.0,0.0,1683
k442,0.0,0.038,0.0789,0.0,0.0,0.0,0.35138547,1.0,0.0,0.0,3334
k1877,0.0,0.0346,0.131578947,0.0,0.0,0.0,0.7134614,0.75,0.0,0.0,2155
k237,0.0,0.0,0.263157895,0.0,0.0,0.0,0.4115932,0.83333331,0.0,0.0,3268
k981,0.0,0.0562,0.368421053,0.0,0.0,0.0,0.47646675,1.0,0.117354089,0.0,1489
k1566,0.0,0.0518,0.342105263,0.0,0.0,0.0,0.53335243,0.875,0.0,0.347826087,1801
k2133,0.0,0.115368603,0.105263158,0.0,0.0,0.0,0.56576186,0.75,0.124778412,0.0,2473
k3392,0.0,0.0758,0.315789474,0.908885894,0.0,0.0,0.49942946,0.83333331,0.107459408,0.0,2539
k2106,0.322211187,0.0742,0.131578947,0.0,0.0,0.0,0.50479394,0.75,0.153466584,0.0,881
k1581,0.0,0.0812,0.131578947,0.0,0.0,0.0,0.42013761,1.0,0.0,0.0,3126
k1284,0.0,0.0524,0.210526316,0.0,0.0,0.0,0.61942518,1.0,0.0346,0.0,1251
k1499,0.0,0.0758,0.289473684,0.923816683,0.0,0.0,0.43771297,1.0,0.0537,0.0,3131
k2770,0.0,0.0284,0.210526316,0.0,0.0,0.0,0.39110646,1.0,0.0537,0.0,2696
k1226,0.0,0.143281711,0.184210526,0.0,0.0,0.0,0.58186334,0.80000001,0.124778412,0.0,285
k521,0.0,0.0322,0.157894737,0.0,0.0,0.0,0.73863316,1.0,0.0537,0.0,2415
k1436,0.0,0.0173,0.210526316,0.0,0.0,0.0,0.35266104,1.0,0.046,0.0,2316
k1816,0.0,0.270341619,0.184210526,0.0,0.0,0.0,0.59312701,0.83333331,0.195827117,0.0,2784
k733,0.0,0.0173,0.289473684,0.0,0.0,0.0,0.25613111,0.80000001,0.0,0.0,658
k1980,0.0,0.076,0.105263158,0.0,0.0,0.0,0.32614136,0.80000001,0.092,0.0,232
k58,0.0,0.0591,0.289473684,0.542226139,0.0,0.0,0.63124692,0.875,0.469416347,0.173913043,2032
k1220,0.360005756,0.0904,0.0526,0.0,0.0,0.0,0.31806383,0.80000001,0.0997,0.0,2246
k2841,0.244858031,0.0846,0.605263158,0.922365079,0.0,0.0,0.49572888,0.89999998,0.0183,0.0,869
k693,0.0,0.0173,0.157894737,0.81199129,0.0,0.0,0.62057018,1.0,0.0,0.0,1600
k2150,0.0,0.0994,0.342105263,0.0,0.0,0.0,0.39701116,0.80000001,0.0,0.0,2262
k1282,0.0,0.0702,0.131578947,0.0,0.0,0.0,0.40727007,0.0,0.0173,0.0,1336
k2013,0.0,0.143281711,0.131578947,0.0,0.0,0.0625,0.47176373,0.80000001,0.161189101,0.0,3158
k2982,0.0,0.0284,0.184210526,0.0,0.0,0.0,0.47634032,1.0,0.0547,0.0,1193
k1623,0.0,0.0173,0.552631579,0.0,0.0,0.0,0.55260348,0.91666669,0.0,0.0,184
k917,0.0,0.0,0.0263,0.0,0.0,0.0,0.3906813,0.5,0.0,0.0,2444
k2617,0.0,0.019,0.184210526,0.0,0.0,0.0,0.36614707,0.66666669,0.0,0.0,771
k2458,0.0,0.0924,0.0526,0.0,0.0,0.0,0.43509176,0.5,0.0537,0.0,2502
k1799,0.0,0.019,0.131578947,0.511872051,0.0,0.0,0.39285406,1.0,0.046,0.0,720
k737,0.0,0.0869,0.289473684,0.0,0.0,0.0,0.42876405,0.83333331,0.0173,0.0,1325
k1198,0.0,0.0,0.236842105,0.0,0.0,0.0,0.31447694,1.0,0.0,0.0,210
k2162,0.0,0.0817,0.0,0.0,0.0,0.0,0.34567356,1.0,0.0,0.0,1756
k2240,0.0,0.0,0.0789,0.58774431,0.0,0.0,0.78695881,1.0,0.0537,0.0,1734
k1775,0.0,0.0,0.263157895,0.692078387,0.0,0.0,0.5548445,0.85714287,0.000947,0.0,334
k1380,0.0,0.0173,0.368421053,0.0,0.0,0.0,0.44136402,1.0,0.0,0.0,1535
k2515,0.0,0.0284,0.236842105,0.0,0.0,0.0,0.59252477,0.80000001,0.252027161,0.0,1808
k2669,0.0,0.063,0.236842105,0.0,0.0,0.0,0.35373148,1.0,0.0537,0.0,3020
k2642,0.0,0.0342,0.263157895,0.0,0.0,0.0,0.72338223,1.0,0.0,0.0,541
k1836,0.0,0.0173,0.0789,0.0,0.0,0.0,0.47124529,0.66666669,0.046,0.0,2881
k25,0.0,0.0524,0.342105263,0.0,0.0,0.0,0.34248057,0.80000001,0.0173,0.0,1787
k772,0.0,0.374412044,0.605263158,0.0,0.0,0.0,0.59362888,0.66666669,0.103914027,0.0,2307
k1344,0.0,0.0,0.0789,0.0,0.0,0.0,0.61718547,1.0,0.092,0.0,1952
k1392,0.0,0.0,0.131578947,0.0,0.0,0.0,0.39285693,1.0,0.0,0.0,872
k1525,0.191341148,0.0216,0.105263158,0.0,0.0,0.0,0.50116581,0.75,0.0997,0.0,538
k1645,0.0,0.0747,0.184210526,0.0,0.0,0.0,0.61100441,1.0,0.0346,0.0,2224
k2358,0.0,0.0322,0.289473684,0.0,0.0,0.0,0.39874673,0.80000001,0.0,0.0,1544
k2192,0.0,0.104735033,0.236842105,0.0,0.0,0.0,0.4190447,1.0,0.153466584,0.0,1780
k1451,0.0,0.0273,0.0263,0.0,0.0,0.0,0.38186947,0.5,0.0537,0.0,1272
k493,0.0,0.1517447,0.184210526,0.0,0.0,0.0,0.42439499,1.0,0.0346,0.0,2697
k3271,0.0,0.0346,0.184210526,0.0,0.0,0.0,0.52008671,1.0,0.092,0.0,1658
k340,0.0,0.0,0.131578947,0.0,0.0,0.0,0.7762689,0.75,0.0346,0.0,1393
k2683,0.0,0.038,0.0789,0.0,0.0,0.0,0.27593488,1.0,0.0,0.0,1622
k2557,0.0,0.0,0.210526316,0.0,0.0,0.0,0.49692041,0.75,0.000947,0.0,2090
k358,0.0,0.0635,0.342105263,0.0,0.0,0.0,0.46242192,0.83333331,0.0346,0.0,945
k2956,0.0,0.0635,0.552631579,0.87155892,0.0,0.0,0.55742621,1.0,0.0356,0.0,2818
k147,0.0,0.0173,0.289473684,0.0,0.0,0.0,0.26107743,0.80000001,0.0,0.0,929
k85,0.0,0.0363,0.315789474,0.0,0.0,0.0,0.51808774,1.0,0.171083789,0.0,2013
k2918,0.0,0.063,0.289473684,0.0,0.0,0.0,0.47196656,1.0,0.0173,0.0,511
k626,0.0889,0.0216,0.105263158,0.0,0.0,0.0,0.62525421,1.0,0.145744066,0.0,1667
k234,0.878098672,0.0691,0.342105263,0.702654363,0.566666667,0.1875,0.5116365,1.0,0.221464979,0.173913043,1470
k2535,0.0,0.139294127,0.210526316,0.0,0.0,0.0,0.45218104,1.0,0.107459408,0.0,1919
k1049,0.0,0.0742,0.315789474,0.0,0.0,0.0,0.52826917,1.0,0.071,0.0,1354
k3283,0.0,0.174910961,0.236842105,0.0,0.0,0.0,0.4142217,0.80000001,0.124778412,0.0,1268
k47,0.0,0.0273,0.0,0.0,0.0,0.0,0.28808996,0.5,0.0537,0.0,230
k95,0.0,0.0,0.105263158,0.0,0.0,0.0,0.73957902,0.5,0.0,0.0,3283
k417,0.0,0.0272,0.210526316,0.64028721,0.0,0.0,0.66688472,0.83333331,0.276482927,0.0,1395
k1245,0.0,0.019,0.0789,0.0,0.0,0.0,0.45009029,0.66666669,0.092,0.0,1033
k1514,0.0,0.0725,0.236842105,0.691248898,0.0,0.0,0.48447514,1.0,0.00189,0.0,2517
k2952,0.916665568,0.102605503,0.210526316,0.0,0.0,0.1875,0.54629415,1.0,0.142097417,0.0,329
k2718,0.0,0.0562,0.315789474,0.857302089,0.0,0.0,0.42968136,1.0,0.000947,0.0,1915
k398,0.0,0.0173,0.315789474,0.0,0.0,0.0,0.26508111,0.80000001,0.0,0.0,977
k1931,0.0,0.038,0.0526,0.0,0.0,0.0,0.43141598,1.0,0.0938,0.0,3241
k952,0.227772053,0.0173,0.210526316,0.714319042,0.0,0.0,0.43808156,1.0,0.000947,0.0,1891
k2457,0.0,0.0825,0.0526,0.0,0.0,0.0,0.44564238,0.66666669,0.0537,0.0,2582
k2275,0.776933638,0.0126,0.0789,0.0,0.0,0.125,0.65191638,1.0,0.288437871,0.0,2644
k2960,0.0,0.172781431,0.157894737,0.0,0.0,0.0,0.82464033,1.0,0.0693,0.0,3332
k1971,0.0,0.0351,0.0789,0.0,0.0,0.0,0.49609834,0.66666669,0.0537,0.0,2300
k2284,0.0,0.104735033,0.315789474,0.0,0.0,0.0,0.33343807,0.80000001,0.107459408,0.0,1215
k1563,0.0,0.0,0.368421053,0.7898284,0.0,0.0,0.60657549,1.0,0.0,0.0,669
k1717,0.0,0.0273,0.0,0.0,0.0,0.0,0.0902,1.0,0.0,0.0,3417
k3196,0.0,0.0315,0.157894737,0.0,0.0,0.0,0.48636809,0.75,0.0,0.0,2715
k2026,0.0,0.0,0.184210526,0.0,0.0,0.0,0.45534819,0.80000001,0.0,0.0,1635
k392,0.0,0.019,0.289473684,0.0,0.0,0.0,0.23419085,0.80000001,0.0,0.0,2990
k1450,0.0,0.123479505,0.368421053,0.0,0.0,0.0,0.45481396,1.0,0.0173,0.0,3336
k1847,0.596850222,0.0457,0.236842105,0.686401576,0.0,0.0,0.5646072,0.83333331,0.0183,0.0,1149
k475,0.116153186,0.015,0.157894737,0.374254757,0.0,0.0,0.68929762,1.0,0.0,0.0,2752
k1903,0.0,0.0758,0.315789474,0.930659962,0.0,0.0,0.33397505,0.80000001,0.0,0.0,2486
k1261,0.0,0.0535,0.263157895,0.0,0.0,0.0,0.30349141,0.83333331,0.046,0.0,1245
k1070,0.0,0.209470066,0.289473684,0.941287781,0.0,0.0,0.51935446,0.83333331,0.124778412,0.0,31
k1294,0.0,0.0569,0.342105263,0.0,0.0,0.0,0.44484484,1.0,0.071,0.0,2175
k1502,0.0,0.0284,0.236842105,0.0,0.0,0.0,0.32259834,0.75,0.0537,0.0,204
k1567,0.0,0.057,0.0526,0.0,0.0,0.0,0.25039682,1.0,0.0,0.0,1090
k2311,0.0,0.0346,0.184210526,0.0,0.0,0.0,0.3727726,1.0,0.0,0.0,1809
k1933,0.0,0.105028434,0.0263,0.0,0.0,0.0,0.26778877,0.66666669,0.0537,0.0,205
k468,0.0,0.0,0.0526,0.0,0.0,0.0,0.54253358,1.0,0.0537,0.0,2862
k1267,0.0,0.0869,0.131578947,0.0,0.0,0.0,0.4498426,1.0,0.0173,0.0,873
k868,0.0,0.0173,0.210526316,0.41655866,0.0,0.0,0.34716341,1.0,0.0,0.0,1164
k261,0.0,0.0,0.0789,0.0,0.0,0.0,0.53832352,1.0,0.046,0.0,2536
k99,0.469425395,0.0173,0.263157895,0.0,0.0,0.0,0.52527332,0.80000001,0.0537,0.0,312
k1801,0.0,0.0173,0.263157895,0.0,0.0,0.0,0.3344233,0.83333331,0.0,0.0,1379
k1275,0.0,0.0,0.131578947,0.0,0.0,0.0,0.49288431,1.0,0.0,0.0,107
k1618,0.0,0.0853,0.236842105,0.0,0.0,0.0,0.83971655,1.0,0.0693,0.0,2323
k896,0.0,0.0702,0.0263,0.0,0.0,0.0,0.52343464,0.5,0.0173,0.0,2873
k629,0.0,0.0,0.210526316,0.0,0.0,0.0,0.52061695,0.75,0.0,0.0,455
k232,0.0,0.0,0.289473684,0.0,0.0,0.0,0.36280605,1.0,0.0,0.0,577
k2308,0.0,0.0173,0.0789,0.0,0.0,0.0,0.42730471,1.0,0.0,0.0,1304
k2210,0.0,0.0346,0.210526316,0.0,0.0,0.0,0.37455443,0.5,0.046,0.0,1913
k1083,0.0,0.0284,0.342105263,0.0,0.0,0.0,0.28663236,1.0,0.0537,0.0,768
k3115,0.0,0.0518,0.184210526,0.0,0.0,0.0,0.32461247,0.75,0.0,0.0,595
k2569,0.0,0.019,0.157894737,0.0,0.0,0.0,0.49793687,1.0,0.0,0.0,3260
k3093,0.0,0.0173,0.131578947,0.0,0.0,0.0,0.44326925,0.75,0.0,0.0,745
k2031,0.0,0.0346,0.342105263,0.0,0.0,0.0,0.43196434,0.83333331,0.0,0.0,2301
k508,0.0,0.379396525,0.184210526,0.0,0.0,0.0,0.61116409,0.875,0.320605523,0.173913043,689
k3285,0.0,0.0869,0.342105263,0.0,0.0,0.0,0.43037543,0.83333331,0.0173,0.0,357
k2733,0.0,0.101683505,0.289473684,0.0,0.0,0.0,0.54866397,1.0,0.0,0.0,2207
k3079,0.536688363,0.0524,0.236842105,0.0,0.0,0.0,0.52781641,0.83333331,0.20231795,0.0,905
k2936,0.0,0.0,0.236842105,0.0,0.0,0.0,0.36416829,0.80000001,0.0,0.0,3190
k1044,0.0,0.0173,0.105263158,0.0,0.0,0.0,0.36363247,1.0,0.0537,0.0,2946
k1341,0.739538532,0.0409,0.236842105,0.618331692,0.0,0.0625,0.63124806,1.0,0.155360398,0.173913043,2801
k109,0.0,0.138025771,0.263157895,0.0,0.0,0.0,0.68352795,1.0,0.178508113,0.087,2984
k788,0.0,0.0562,0.210526316,0.86881124,0.0,0.0,0.50303596,0.75,0.092,0.0,3178
k487,0.0,0.0635,0.236842105,0.0,0.0,0.0,0.56451255,0.75,0.0346,0.0,1196
k1240,0.0,0.015,0.0789,0.0,0.0,0.0,0.41830233,0.66666669,0.0,0.0,2219
k2100,0.0,0.0,0.263157895,0.0,0.0,0.0,0.38477463,0.75,0.0,0.0,2247
k2257,0.0,0.0553,0.0789,0.0,0.0,0.0,0.20020495,0.66666669,0.0,0.0,2098
k2716,0.0,0.0363,0.236842105,0.0,0.0,0.0,0.46363372,0.83333331,0.0,0.0,1158
k2703,0.0,0.0173,0.263157895,0.0,0.0,0.0,0.36694378,0.83333331,0.0537,0.0,1996
k1426,0.0,0.0173,0.184210526,0.0,0.0,0.0,0.29817072,0.75,0.0,0.0,1769
k3289,0.0,0.0,0.289473684,0.0,0.0,0.0,0.30212644,0.60000002,0.0,0.0,211
k3039,0.0,0.0869,0.0789,0.0,0.0,0.0,0.44989333,0.5,0.107459408,0.0,3410
k715,0.0,0.0346,0.289473684,0.0,0.0,0.0,0.30452272,1.0,0.0,0.0,1003
k561,0.0,0.0173,0.131578947,0.513712479,0.0,0.0,0.40344208,0.75,0.0772,0.0,1982
k2232,0.0,0.0,0.105263158,0.0,0.0,0.0,0.38182265,1.0,0.0537,0.0,2535
k3073,0.0,0.0846,0.421052632,0.916740111,0.0,0.0,0.54993474,0.85714287,0.0183,0.0,314
k1187,0.0,0.0553,0.0789,0.0,0.0,0.0,0.3950952,0.66666669,0.046,0.0,2165
k1640,0.0,0.0346,0.0789,0.0,0.0,0.0,0.37253222,0.66666669,0.0537,0.0,2024
k2678,0.0,0.0,0.0263,0.0,0.0,0.0,0.39441893,0.5,0.0537,0.0,30
k282,0.0,0.0173,0.157894737,0.0,0.0,0.0,0.51008165,0.80000001,0.0537,0.0,139
k899,0.0,0.0,0.368421053,0.0,0.0,0.0,0.23986678,1.0,0.0,0.0,744
k3369,0.0,0.0,0.0789,0.626419203,0.0,0.0,0.56886446,0.75,0.0893,0.0,342
k734,0.0,0.0846,0.394736842,0.911011457,0.0,0.0,0.47964421,0.83333331,0.0173,0.0,1023
k1782,0.0,0.0346,0.289473684,0.0,0.0,0.0,0.26415414,0.80000001,0.0,0.0,484
k1122,0.0,0.063,0.263157895,0.0,0.0,0.0,0.49008712,0.80000001,0.0173,0.0,976
k1951,0.0,0.0346,0.315789474,0.0,0.0,0.0,0.23706269,0.80000001,0.0,0.0,2858
k2546,0.0,0.0718,0.210526316,0.0,0.0,0.0,0.35695514,0.75,0.23470817,0.0,375
k752,0.0,0.0,0.184210526,0.0,0.0,0.0,0.34114268,0.33333334,0.0,0.0,1444
k117,0.0,0.0,0.0526,0.0,0.0,0.0,0.40779629,1.0,0.0,0.0,1965
k2667,0.612238493,0.0457,0.263157895,0.686479341,0.0,0.0,0.49612913,0.83333331,0.0183,0.0,483
k1437,0.0,0.0346,0.210526316,0.0,0.0,0.0,0.43826222,0.80000001,0.0,0.0,2543
k1172,0.0,0.0,0.263157895,0.0,0.0,0.0,0.32112539,1.0,0.0,0.0,3150
k1355,0.0,0.0346,0.236842105,0.0,0.0,0.0,0.26988792,0.75,0.0,0.0,1431
k3287,0.0,0.0691,0.368421053,0.0,0.0,0.0,0.27257478,0.80000001,0.0,0.0,2339
k3190,0.170850069,0.0,0.184210526,0.0,0.0,0.0625,0.6252318,0.80000001,0.0537,0.0,1572
k3161,0.0,0.0,0.184210526,0.0,0.0,0.0,0.7521593,0.75,0.0,0.0,1029
k1178,0.0,0.0,0.289473684,0.0,0.0,0.0,0.41207391,0.66666669,0.000947,0.0,1942
k2679,0.0,0.0173,0.263157895,0.0,0.0,0.0,0.24734931,1.0,0.0,0.0,688
k342,0.0,0.0346,0.289473684,0.0,0.0,0.0,0.36089024,0.80000001,0.0,0.0,2044
k1615,0.0,0.0126,0.210526316,0.0,0.0,0.0,0.55737662,0.75,0.0,0.0,1476
k2322,0.543793226,0.0346,0.184210526,0.0,0.0,0.0,0.46981585,0.80000001,0.092,0.0,961
k2604,0.0,0.0754,0.184210526,0.900979833,0.0,0.0,0.50404614,0.75,0.0,0.0,2750
k586,0.0,0.0173,0.289473684,0.0,0.0,0.0,0.25613111,1.0,0.0,0.0,3093
k263,0.0,0.0,0.105263158,0.531002126,0.0,0.0,0.49174955,0.75,0.0,0.0,459
k612,0.0,0.0,0.157894737,0.0,0.0,0.0,0.38423812,1.0,0.0,0.0,1200
k2244,0.0,0.0351,0.131578947,0.0,0.0,0.0,0.69190419,0.66666669,0.0537,0.0,189
k32,0.0,0.0284,0.184210526,0.0,0.0,0.0,0.57077569,0.66666669,0.0173,0.0,3032
k2914,0.0,0.0284,0.236842105,0.626522889,0.0,0.0,0.50042599,1.0,0.000947,0.0,3358
k1528,0.0,0.0495,0.105263158,0.0,0.0,0.0,0.65737122,0.75,0.0,0.0,2342
k796,0.0,0.0,0.315789474,0.0,0.0,0.0,0.37163088,1.0,0.0,0.0,309
k1537,0.0,0.0,0.368421053,0.0,0.0,0.0,0.2356851,0.83333331,0.0,0.0,1187
k544,0.0,0.0223,0.210526316,0.0,0.0,0.0,0.63673085,0.75,0.0,0.0,2366
k1233,0.0,0.0,0.236842105,0.0,0.0,0.0,0.51613373,0.75,0.0,0.0,1840
k2011,0.0,0.104735033,0.236842105,0.0,0.0,0.0,0.41525838,0.80000001,0.107459408,0.0,628
k1778,0.0,0.0322,0.131578947,0.0,0.0,0.0,0.67923194,1.0,0.0,0.0,2484
k862,0.0,0.0173,0.157894737,0.0,0.0,0.0,0.40464929,0.75,0.0,0.0,2624
k1420,0.0,0.0173,0.131578947,0.0,0.0,0.0,0.40020201,0.75,0.0,0.0,1690
k985,0.0,0.0668,0.447368421,0.0,0.0,0.0,0.51488721,1.0,0.0,0.0,678
k689,0.0,0.0,0.368421053,0.0,0.0,0.0,0.62898731,0.83333331,0.0173,0.0,1219
k3123,0.0,0.0518,0.447368421,0.0,0.0,0.0,0.39957514,0.85714287,0.0,0.0,1017
k68,0.0,0.0261,0.157894737,0.0,0.0,0.0,0.6602037,1.0,0.0633,0.0,1633
k2002,0.0,0.0495,0.368421053,0.0,0.0,0.0,0.61135513,0.83333331,0.0,0.0,960
k3209,0.0,0.0708,0.447368421,0.0,0.0,0.0,0.32719588,0.85714287,0.0,0.0,320
k3397,0.0,0.0,0.157894737,0.0,0.0,0.0,0.66660666,0.75,0.0537,0.0,98
k1206,0.0,0.0,0.289473684,0.0,0.0,0.0,0.30452272,0.60000002,0.0,0.0,2805
k2599,0.0,0.0,0.131578947,0.0,0.0,0.0,0.66666418,1.0,0.23470817,0.0,2834
k3053,0.0,0.0691,0.210526316,0.666338328,0.0,0.0,0.57172406,0.80000001,0.00189,0.0,2164
k1307,0.0,0.0,0.289473684,0.0,0.0,0.0,0.30452272,1.0,0.0,0.0,738
k873,0.158098583,0.0,0.184210526,0.0,0.0,0.0,0.65181428,1.0,0.0537,0.0,2961
k2901,0.0,0.0173,0.131578947,0.0,0.0,0.0,0.40461269,1.0,0.071,0.0,1900
k2098,0.0,0.0232,0.0526,0.0,0.0,0.0,0.41181687,0.66666669,0.0173,0.0,3106
k1213,0.626284938,0.0,0.0789,0.0,0.0,0.25,0.64454579,1.0,0.107459408,0.0,1636
k2372,0.0,0.207340536,0.236842105,0.0,0.0,0.0,0.71680802,0.80000001,0.052,0.0,859
k3298,0.0,0.0691,0.263157895,0.0,0.0,0.0,0.41502631,0.85714287,0.0537,0.0,1281
k1109,0.0,0.0758,0.263157895,0.954481829,0.0,0.0,0.37102908,0.80000001,0.0,0.0,1154
k518,0.0,0.0284,0.0789,0.0,0.0,0.0,0.54282546,0.75,0.0537,0.0,1250
k992,0.0,0.0173,0.315789474,0.0,0.0,0.0,0.26508111,0.80000001,0.0,0.0,1806
k795,0.0,0.0346,0.368421053,0.965965058,0.0,0.0,0.37807408,1.0,0.0,0.0,2424
k702,0.0,0.0351,0.0526,0.0,0.0,0.0,0.60757178,1.0,0.0173,0.0,2248
k2762,0.0,0.0742,0.210526316,0.0,0.0,0.0,0.5648753,0.80000001,0.0173,0.0,1128
k957,0.0,0.0,0.157894737,0.0,0.0,0.0,0.59673107,1.0,0.0,0.0,2385
k82,0.0,0.0173,0.0789,0.0,0.0,0.0,0.45731661,0.66666669,0.0,0.0,420
k1246,0.0,0.0173,0.289473684,0.0,0.0,0.0,0.58012486,0.85714287,0.0,0.0,1807
k389,0.0,0.0,0.0,0.0,0.0,0.0,0.53367984,0.0,0.0,0.0,2941
k1965,0.0,0.0173,0.263157895,0.0,0.0,0.0,0.58126986,0.83333331,0.0,0.0,268
k2748,0.0,0.0296,0.131578947,0.0,0.0,0.0,0.56342167,1.0,0.23470817,0.0,556
k1713,0.0,0.0,0.236842105,0.0,0.0,0.0,0.33520538,0.5,0.046,0.0,2813
k3217,0.0,0.0173,0.210526316,0.0,0.0,0.0,0.5185262,1.0,0.0,0.0,157
k3200,0.0,0.0989,0.473684211,0.900746539,0.0,0.0,0.51869035,1.0,0.0183,0.0,3413
k2721,0.0,0.038,0.0263,0.0,0.0,0.0,0.37667018,0.66666669,0.0537,0.0,2083
k2493,0.0,0.0346,0.315789474,0.0,0.0,0.0,0.23706269,0.80000001,0.0,0.0,2593
k2858,0.0,0.019,0.236842105,0.0,0.0,0.0,0.24697672,0.75,0.0,0.0,1953
k2516,0.0,0.0,0.315789474,0.0,0.0,0.0,0.40966713,1.0,0.0,0.0,1297
k1793,0.0,0.0405,0.157894737,0.0,0.0,0.0,0.22142503,1.0,0.0,0.0,1691
k1459,0.0,0.126002167,0.263157895,0.745839598,0.0,0.0,0.67382658,0.83333331,0.214918816,0.0,221
k931,0.0,0.0,0.105263158,0.0,0.0,0.0,0.4807004,0.66666669,0.0,0.0,2529
k3099,0.0,0.019,0.0263,0.0,0.0,0.0,0.24673606,0.33333334,0.0,0.0,2620
k2077,0.0,0.0,0.236842105,0.0,0.0,0.0,0.31844354,0.75,0.0,0.0,2257
k681,0.0,0.0,0.0789,0.641738815,0.0,0.0,0.75308233,1.0,0.0,0.0,1707
k971,0.0,0.0562,0.289473684,0.777774898,0.0,0.0,0.43809095,1.0,0.000947,0.0,899
k2866,0.0,0.122014572,0.236842105,0.0,0.0,0.0,0.36039129,1.0,0.107459408,0.0,2220
k6,0.0,0.0914,0.184210526,0.0,0.0,0.0,0.46442169,1.0,0.0173,0.0,2625
k3378,0.0,0.0346,0.131578947,0.0,0.0,0.0,0.5410884,0.75,0.0,0.0,1623
k746,0.0,0.2926665,0.263157895,0.0,0.0,0.0,0.71825123,0.80000001,0.140324737,0.0,1480
k515,0.0,0.0,0.184210526,0.0,0.0,0.0,0.69501013,0.80000001,0.0173,0.0,1483
k723,0.0,0.0,0.157894737,0.0,0.0,0.0,0.60370284,1.0,0.0559,0.0,1140
k3034,0.0,0.0691,0.289473684,0.0,0.0,0.0,0.4417682,0.83333331,0.0,0.0,753
k625,0.0,0.0,0.210526316,0.0,0.0,0.0,0.40198022,0.80000001,0.0,0.0,1854
k2682,0.0,0.0688,0.157894737,0.0,0.0,0.0,0.202617,1.0,0.0,0.0,3157
k355,0.0,0.0869,0.289473684,0.0,0.0,0.0,0.31853068,1.0,0.0,0.0,1252
k2019,0.0,0.0,0.368421053,0.0,0.0,0.0,0.46557775,0.875,0.0173,0.0,2231
k2060,0.0,0.0256,0.0263,0.0,0.0,0.0,0.32533908,0.5,0.0,0.0,298
k571,0.348310632,0.0958,0.105263158,0.0,0.0,0.0,0.54349792,1.0,0.207196298,0.0,2423
k1167,0.0,0.0914,0.210526316,0.0,0.0,0.0,0.50432211,0.60000002,0.0884,0.0,2599
k1357,0.0,0.0,0.236842105,0.805640521,0.0,0.0,0.50232548,0.83333331,0.046,0.0,2788
k3215,0.381039242,0.362117002,0.263157895,0.0,0.0,0.0,0.67849743,1.0,0.366612706,0.087,773
k3074,0.0,0.0173,0.0789,0.0,0.0,0.0,0.43686762,0.5,0.092,0.0,1812
k1935,0.0,0.0,0.236842105,0.0,0.0,0.0,0.31844354,1.0,0.0,0.0,1912
k499,0.0,0.107332584,0.105263158,0.0,0.0,0.0,0.57239729,1.0,0.046,0.0,2743
k2715,0.0,0.0778,0.184210526,0.919254497,0.0,0.0,0.54841566,0.66666669,0.0,0.0,3341
k3038,0.0,0.0346,0.236842105,0.0,0.0,0.0,0.28255069,0.5,0.0,0.0,2728
k3276,0.0,0.0457,0.184210526,0.0,0.0,0.0,0.34467542,0.66666669,0.0173,0.0,269
k131,0.0,0.257321114,0.236842105,0.0,0.0,0.0,0.43601349,0.80000001,0.124778412,0.0,2414
k2664,0.0,0.113767943,0.236842105,0.0,0.0,0.0,0.4967764,0.80000001,0.0346,0.0,1420
k2738,0.0,0.0927,0.421052632,0.855098761,0.0,0.0,0.47447851,0.875,0.00189,0.0,1905
k641,0.0,0.101880072,0.394736842,0.637254394,0.0,0.0,0.52652282,0.875,0.0173,0.0,2776
k1954,0.0,0.0346,0.157894737,0.0,0.0,0.0,0.49677789,1.0,0.0,0.0,717
k3154,0.0,0.0299,0.184210526,0.553320545,0.0,0.0,0.5812214,1.0,0.0772,0.0,235
k3242,0.0,0.0346,0.184210526,0.0,0.0,0.0,0.44078881,0.80000001,0.0,0.0,83
k3230,0.0,0.0974,0.210526316,0.0,0.0,0.0,0.53626651,0.75,0.000947,0.0,1725
k466,0.0,0.0,0.236842105,0.0,0.0,0.0,0.34307665,0.75,0.046,0.0,1841
k1761,0.0,0.0173,0.105263158,0.586059412,0.0,0.0625,0.55573398,0.75,0.000947,0.0,1886
k1747,0.0,0.0363,0.0526,0.0,0.0,0.0,0.44089812,1.0,0.0,0.0,1178
k2292,0.0,0.0346,0.210526316,0.0,0.0,0.0,0.48817617,0.83333331,0.0,0.0,3384
k780,0.0,0.104735033,0.315789474,0.0,0.0,0.0,0.65440398,1.0,0.0693,0.0435,2263
k1148,0.0,0.124612139,0.236842105,0.0,0.0,0.0,0.54212636,1.0,0.0537,0.087,3258
k2570,0.0,0.092,0.184210526,0.0,0.0,0.0,0.39766735,0.66666669,0.0173,0.0,2417
k2085,0.0,0.095,0.368421053,0.0,0.0,0.0,0.35065758,1.0,0.0,0.0,461
k2449,0.0,0.0,0.421052632,0.872829074,0.0,0.0,0.37646541,0.85714287,0.0,0.0,2790
k2641,0.0,0.149927697,0.184210526,0.0,0.0,0.0,0.46014377,0.75,0.107459408,0.0,463
k1093,0.0,0.0434,0.131578947,0.0,0.0,0.0,0.58951634,0.75,0.0173,0.0,1438
k2757,0.0,0.0691,0.157894737,0.0,0.0,0.0625,0.4250555,0.80000001,0.0,0.0,3104
k889,0.0,0.0232,0.0,0.0,0.0,0.0,0.26904187,1.0,0.0,0.0,735
k1140,0.0,0.0808,0.210526316,0.0,0.0,0.0,0.55744809,1.0,0.0346,0.0,2025
k1800,0.0,0.0,0.315789474,0.0,0.0,0.0,0.23863767,1.0,0.0,0.0,2528
k2840,0.0,0.0,0.368421053,0.0,0.0,0.0,0.40188909,0.83333331,0.0,0.0,1335
k1823,0.0,0.0,0.315789474,0.0,0.0,0.0,0.42379239,1.0,0.046,0.0,1330
k1524,0.0,0.0173,0.263157895,0.0,0.0,0.0,0.24734931,1.0,0.0,0.0,1848
k700,0.0,0.0725,0.184210526,0.0,0.0,0.0,0.36393014,1.0,0.092,0.0,2756
k1161,0.0,0.0173,0.210526316,0.0,0.0,0.0,0.43824792,0.80000001,0.23470817,0.0,2249
k3025,0.753864297,0.0432,0.289473684,0.547514127,0.0,0.0625,0.62796283,0.875,0.156307295,0.173913043,2843
k86,0.0,0.0173,0.131578947,0.0,0.0,0.0,0.44326925,1.0,0.0,0.0,3122
k1695,0.0,0.0,0.0526,0.0,0.0,0.0,0.62663817,0.5,0.0,0.0,2501
k345,0.0,0.0,0.184210526,0.0,0.0,0.0,0.51275212,0.80000001,0.000947,0.0,2451
k3247,0.0,0.104735033,0.289473684,0.0,0.0,0.0,0.29941002,0.80000001,0.0173,0.0,3084
k1334,0.0,0.102937796,0.210526316,0.0,0.0,0.0,0.82042551,0.80000001,0.124778412,0.0,1613
k239,0.0,0.200165691,0.0789,0.0,0.0,0.0,0.52176028,1.0,0.214918816,0.0,1955
k2726,0.0,0.0173,0.131578947,0.0,0.0,0.0,0.43556026,0.66666669,0.0,0.0,1491
k988,0.0,0.038,0.131578947,0.668671263,0.0,0.0,0.52641571,0.80000001,0.000947,0.0,2606
k2361,0.0,0.0284,0.131578947,0.0,0.0,0.0,0.60282141,1.0,0.0547,0.0,2359
k424,0.0,0.0284,0.105263158,0.0,0.0,0.0,0.39752537,0.66666669,0.0537,0.0,3263
k3389,0.0,0.0,0.236842105,0.0,0.0,0.0,0.32373378,0.75,0.046,0.0,492
k3090,0.0,0.0173,0.0526,0.0,0.0,0.0,0.53400403,0.66666669,0.046,0.0,2480
k3235,0.0,0.0173,0.210526316,0.0,0.0,0.0,0.60506964,0.80000001,0.0393,0.0,2321
k235,0.0,0.0346,0.421052632,0.656177096,0.0,0.0,0.59172374,0.875,0.000947,0.0,2064
k3066,0.0,0.0,0.236842105,0.0,0.0,0.0,0.48015803,1.0,0.092,0.0,1130
k1471,0.0,0.0173,0.342105263,0.0,0.0,0.0,0.32511416,1.0,0.0,0.0,1718
k1789,0.0,0.0,0.131578947,0.752838405,0.0,0.0,0.41763231,0.0,0.000947,0.0,3189
k809,0.0,0.537556828,0.315789474,0.0,0.0,0.0,0.61654824,0.89999998,0.408973246,0.087,2313
k1711,0.147252605,0.0,0.131578947,0.0,0.0,0.0,0.74522686,0.75,0.0537,0.0,1132
k800,0.0,0.0853,0.0789,0.0,0.0,0.0,0.62996787,0.66666669,0.161189101,0.0,3382
k2587,0.0,0.0569,0.157894737,0.0,0.0,0.0,0.43140379,0.66666669,0.107459408,0.0,963
k29,0.0,0.0,0.368421053,0.0,0.0,0.0,0.2356851,0.80000001,0.0,0.0,2425
k3290,0.0,0.0,0.236842105,0.0,0.0,0.0,0.9123199,0.5,0.0,0.0,2261
k1462,0.0,0.0173,0.263157895,0.0,0.0,0.0,0.27483168,0.80000001,0.0,0.0,636
k1631,0.0,0.0,0.157894737,0.501477526,0.0,0.0,0.34601378,0.75,0.0772,0.0,2837
k2105,0.0,0.0173,0.289473684,0.0,0.0,0.0,0.26107743,1.0,0.0,0.0,1608
k2241,0.0,0.0173,0.157894737,0.522188812,0.0,0.0,0.61211854,1.0,0.0,0.0,2406
k2020,0.0,0.0569,0.210526316,0.0,0.0,0.0,0.52280581,1.0,0.155340566,0.0,290
k3256,0.0,0.0457,0.105263158,0.0,0.0,0.0,0.5888564,1.0,0.0633,0.0,944
k212,0.0,0.0296,0.236842105,0.532375966,0.0,0.0,0.63711804,1.0,0.23470817,0.087,2791
k2633,0.0,0.0,0.105263158,0.0,0.0,0.0,0.51027375,0.33333334,0.092,0.0,1267
k1076,0.0,0.102605503,0.263157895,0.754678832,0.0,0.0,0.64115328,0.60000002,0.0529,0.0,573
k1425,0.0,0.019,0.0789,0.0,0.0,0.0,0.48134747,1.0,0.046,0.0,365
k1269,0.0,0.0173,0.184210526,0.726009643,0.0,0.0,0.54302645,0.75,0.000947,0.0,2427
k2632,0.0,0.0457,0.263157895,0.0,0.0,0.0,0.57681102,1.0,0.0173,0.0,1870
k664,0.0,0.0,0.210526316,0.0,0.0,0.0,0.46937057,1.0,0.0173,0.0,536
k2722,0.763077424,0.111993336,0.184210526,0.546814246,0.0,0.0625,0.45852169,1.0,0.155360398,0.173913043,2216
k67,0.0,0.063,0.315789474,0.885504692,0.0,0.0,0.56769025,1.0,0.0537,0.0,2671
k1710,0.0,0.0173,0.315789474,0.0,0.0,0.0,0.5564521,1.0,0.0173,0.0,654
k1679,0.745105919,0.0351,0.157894737,0.0,0.0,0.0,0.74820042,1.0,0.305756861,0.0,635
k1447,0.0,0.0,0.105263158,0.0,0.0,0.0,0.40558019,0.66666669,0.0,0.0,2872
k2262,0.0,0.126531027,0.184210526,0.0,0.0,0.0,0.54962945,0.80000001,0.071,0.0,183
k783,0.0,0.0173,0.184210526,0.890300171,0.0,0.0,0.49769601,1.0,0.046,0.0,1295
k1550,0.0,0.0696,0.263157895,0.0,0.0,0.0,0.44760057,0.80000001,0.0173,0.0,1786
k2747,0.292156635,0.0284,0.552631579,0.0,0.0667,0.0625,0.44852611,1.0,0.145744066,0.0,2835
k2125,0.0,0.0296,0.184210526,0.425786718,0.0,0.0,0.5716632,0.83333331,0.236601971,0.0,2435
k628,0.0,0.0877,0.0526,0.486028306,0.0,0.0,0.67112464,1.0,0.046,0.0,580
k2320,0.0,0.171723701,0.157894737,0.0,0.0,0.0,0.54079926,0.80000001,0.124778412,0.0,3181
k2408,0.0,0.0518,0.236842105,0.0,0.0,0.0,0.49306002,0.80000001,0.046,0.0,1659
k541,0.0,0.358325962,0.157894737,0.0,0.0,0.0,0.55291134,0.85714287,0.303286532,0.0435,2299
k2499,0.0,0.0173,0.131578947,0.0,0.0,0.0,0.53429675,1.0,0.000947,0.0,1759
k16,0.0,0.19271937,0.263157895,0.0,0.0,0.0,0.65021604,1.0,0.140324737,0.0,713
k220,0.0,0.0284,0.289473684,0.0,0.0,0.0,0.30655944,0.80000001,0.0537,0.0,988
k3296,0.0,0.0,0.0789,0.0,0.0,0.0,0.49799117,1.0,0.0537,0.0,145
k2782,0.0,0.0,0.0789,0.0,0.0,0.0,0.68233049,1.0,0.23470817,0.0,734
k2634,0.0,0.0702,0.263157895,0.0,0.0,0.0,0.94082636,0.80000001,0.0693,0.0,779
k3173,0.0,0.0,0.289473684,0.0,0.0,0.0,0.51564425,1.0,0.23470817,0.0,1053
k2200,0.0,0.120217351,0.184210526,0.0,0.0,0.0,0.74437857,1.0,0.124778412,0.0,1540
k3338,0.0,0.124612139,0.210526316,0.0,0.0,0.0,0.33130196,0.5,0.0,0.0,1381
k3332,0.0,0.0,0.236842105,0.0,0.0,0.0,0.65554315,1.0,0.0,0.0,3154
k635,0.0,0.0173,0.105263158,0.0,0.0,0.0,0.39119318,0.75,0.0,0.0,2439
k776,0.0,0.0,0.0526,0.0,0.0,0.0,0.53917658,0.66666669,0.092,0.0,1398
k338,0.0,0.156573676,0.263157895,0.0,0.0,0.0,0.3510167,1.0,0.0173,0.0,627
k2998,0.0,0.0346,0.105263158,0.543055628,0.0,0.0,0.40217054,1.0,0.0772,0.0,3003
k2886,0.0,0.0803,0.236842105,0.0,0.0,0.0,0.49042743,0.80000001,0.0173,0.0,2487
k2215,0.0,0.107332584,0.210526316,0.776582508,0.0,0.0,0.47659183,1.0,0.0173,0.0,173
k529,0.0,0.0,0.184210526,0.0,0.0,0.0,0.43143314,0.75,0.000947,0.0,1784
k1096,0.0,0.0,0.184210526,0.0,0.0,0.0,0.40793166,1.0,0.0,0.0,807
k2141,0.0,0.0346,0.236842105,0.0,0.0,0.0,0.64397317,0.83333331,0.0346,0.0,332
k2246,0.286521529,0.0316,0.0789,0.515008554,0.0,0.0,0.60984021,1.0,0.046,0.0,1322
k416,0.0,0.0846,0.210526316,0.0,0.0,0.0625,0.64720774,1.0,0.071,0.0,2810
k925,0.0,0.0518,0.263157895,0.0,0.0,0.0,0.36562937,1.0,0.0,0.0,1813
k3272,0.0,0.154444152,0.131578947,0.0,0.0,0.0,0.48074535,0.60000002,0.161189101,0.0,3061
k1892,0.0,0.0742,0.289473684,0.0,0.0,0.0,0.63478738,0.80000001,0.0346,0.0,1726
k3219,0.0,0.0284,0.157894737,0.0,0.0,0.0,0.6750918,0.75,0.0173,0.0,1308
k2396,0.163337885,0.0,0.131578947,0.0,0.0,0.0625,0.64917147,0.75,0.0537,0.0,1064
k2378,0.0,0.0723,0.0789,0.0,0.0,0.0,0.50441915,0.75,0.0173,0.0,1810
k367,0.0,0.0562,0.342105263,0.915262585,0.0,0.0,0.40096325,1.0,0.000947,0.0,1027
k2010,0.0,0.0,0.0526,0.0,0.0,0.0,0.65518236,0.66666669,0.0,0.0,328
k894,0.0,0.0524,0.184210526,0.0,0.0,0.0,0.4499546,0.66666669,0.0173,0.0,2647
k3098,0.0,0.0173,0.105263158,0.0,0.0,0.0,0.45662752,1.0,0.0,0.0,2215
k331,0.0,0.0,0.105263158,0.0,0.0,0.0,0.51027375,0.33333334,0.092,0.0,795
k2355,0.0,0.0351,0.236842105,0.0,0.0,0.0,0.65003973,0.80000001,0.0346,0.0,389
k1497,0.0,0.0562,0.394736842,0.816864534,0.0,0.0,0.41463473,0.83333331,0.0,0.0,2390
k1508,0.0,0.0173,0.289473684,0.0,0.0,0.0,0.33736894,1.0,0.0,0.0,2827
k11,0.0,0.0778,0.210526316,0.0,0.0,0.0,0.39994299,0.40000001,0.0,0.0,3141
k265,0.0,0.0636,0.0263,0.0,0.0,0.0,0.3828592,0.66666669,0.107459408,0.0,2875
k2445,0.0,0.126531027,0.236842105,0.0,0.0,0.0,0.40898606,0.75,0.071,0.0,1989
k2123,0.0,0.0173,0.105263158,0.0,0.0,0.0,0.44345507,0.66666669,0.046,0.0,923
k2119,0.620373093,0.140351867,0.105263158,0.0,0.0,0.0,0.6868965,0.80000001,0.214918816,0.0,1136
k243,0.0,0.165410026,0.263157895,0.0,0.0,0.0,0.54964751,1.0,0.0884,0.0,1552
k2930,0.0,0.0173,0.263157895,0.0,0.0,0.0,0.27163881,1.0,0.0,0.0,70
k3330,0.0,0.0351,0.105263158,0.0,0.0,0.0,0.50406289,0.33333334,0.0,0.0,1286
k3308,0.0,0.0173,0.236842105,0.0,0.0,0.0,0.2955972,0.80000001,0.0,0.0,3077
k44,0.0,0.0524,0.315789474,0.0,0.0,0.0,0.42500937,1.0,0.0173,0.0,904
k381,0.0,0.0,0.315789474,0.0,0.0,0.0,0.24201377,0.40000001,0.0,0.0,302
k1976,0.0,0.0691,0.210526316,0.0,0.0,0.0,0.32356197,0.75,0.0,0.0,2305
k2713,0.0,0.0126,0.342105263,0.761444347,0.0,0.0,0.5492602,0.85714287,0.000947,0.0,2170
k2651,0.0,0.0635,0.210526316,0.696796101,0.0,0.0,0.55817962,0.83333331,0.072,0.0,19
k1634,0.0,0.0346,0.0789,0.0,0.0,0.0,0.42210788,0.66666669,0.046,0.0,152
k2202,0.0,0.0702,0.131578947,0.0,0.0,0.0,0.58440596,0.0,0.0173,0.0,450
k2556,0.0,0.0562,0.210526316,0.86881124,0.0,0.0,0.49221531,1.0,0.092,0.0,2631
k45,0.0,0.113767943,0.210526316,0.0,0.0,0.0,0.57154542,1.0,0.0346,0.0,897
k2704,0.0,0.0,0.157894737,0.0,0.0,0.0,0.48163798,0.80000001,0.0346,0.0,3040
k2340,0.0,0.104735033,0.236842105,0.0,0.0,0.0,0.35433266,1.0,0.107459408,0.0,87
k2798,0.0,0.136888689,0.157894737,0.0,0.0,0.0,0.66277313,0.80000001,0.252027161,0.0,711
k1286,0.0,0.0173,0.131578947,0.453444969,0.0,0.0,0.50099295,0.75,0.0,0.0,2876
k592,0.0,0.0702,0.105263158,0.844859765,0.0,0.0,0.70517313,0.33333334,0.0183,0.0,3352
k2038,0.0,0.0346,0.210526316,0.0,0.0,0.0,0.37538373,1.0,0.0,0.0,350
k814,0.0,0.0351,0.0526,0.0,0.0,0.0,0.46673495,1.0,0.0537,0.0,2127
k3054,0.0,0.0535,0.210526316,0.715096687,0.0,0.0,0.4229058,0.80000001,0.000947,0.0,2384
k1692,0.0,0.104735033,0.315789474,0.854787703,0.0,0.0,0.53492391,0.83333331,0.072,0.0,17
k2066,0.0,0.126002167,0.157894737,0.0,0.0,0.0,0.43347517,0.75,0.107459408,0.0,428
k2839,0.0,0.0524,0.263157895,0.0,0.0,0.0,0.59576845,1.0,0.0346,0.0,599
k2983,0.0,0.0346,0.315789474,0.729923791,0.0,0.0,0.4314411,1.0,0.0,0.0,1607
k807,0.0,0.0691,0.131578947,0.0,0.0,0.0,0.48870605,1.0,0.092,0.0,457
k3335,0.0,0.0434,0.210526316,0.0,0.0,0.0,0.63124901,1.0,0.0183,0.0,790
k3080,0.0,0.0322,0.157894737,0.812431956,0.0,0.0,0.51085836,1.0,0.0,0.0,1602
k1242,0.0,0.0,0.210526316,0.539374773,0.0,0.0,0.63020998,1.0,0.0772,0.0,749
k653,0.0,0.0,0.131578947,0.0,0.0,0.0,0.70333439,1.0,0.0,0.0,146
k1304,0.0,0.0173,0.157894737,0.0,0.0,0.0,0.48697016,0.75,0.0,0.0,1908
k3031,0.0,0.0,0.105263158,0.0,0.0,0.0,0.41775742,1.0,0.046,0.0,2855
k2153,0.277061335,0.0914,0.657894737,0.0,0.0,0.1875,0.42047065,0.9285714,0.214918816,0.52173913,2159
k431,0.0,0.107861454,0.210526316,0.0,0.0,0.0,0.64597565,1.0,0.0183,0.0,2846
k1672,0.0,0.0,0.263157895,0.0,0.0,0.0,0.34810808,1.0,0.23470817,0.0,1418
k491,0.0,0.063,0.210526316,0.719166364,0.0,0.0,0.51020747,0.80000001,0.0547,0.0,491
k1496,0.0,0.0607,0.263157895,0.0,0.0,0.0,0.44700655,0.80000001,0.0547,0.0,902
k2157,0.0,0.0468,0.289473684,0.826014827,0.0,0.0,0.51249683,0.83333331,0.274015738,0.0,1514
k339,0.0,0.0463,0.0789,0.0,0.0,0.0,0.74916285,1.0,0.0633,0.0,2547
k3329,0.0,0.0,0.210526316,0.0,0.0,0.0,0.61059302,1.0,0.0,0.0,2570
k2391,0.0,0.0346,0.263157895,0.0,0.0,0.0,0.3494398,0.80000001,0.0,0.0,1168
k564,0.0,0.0261,0.157894737,0.0,0.0,0.0,0.63758087,1.0,0.0537,0.0,1369
k248,0.0,0.0803,0.105263158,0.0,0.0,0.0,0.50981313,0.80000001,0.0,0.0,756
k622,0.0,0.097,0.105263158,0.0,0.0,0.0,0.557558,1.0,0.0884,0.0,149
k3277,0.630373748,0.0524,0.342105263,0.0,0.0,0.0,0.58070999,1.0,0.071,0.0,992
k1821,0.0,0.0,0.210526316,0.71188242,0.0,0.0,0.57927573,0.75,0.000947,0.0,97
k2781,0.0,0.0,0.368421053,0.0,0.0,0.0,0.23986678,0.80000001,0.0,0.0,214
k690,0.0,0.0,0.157894737,0.0,0.0,0.0,1.0,0.33333334,0.0,0.0,1506
k1993,0.0,0.0,0.0789,0.0,0.0,0.0,0.53832352,0.66666669,0.046,0.0,2264
k1370,0.0,0.0,0.105263158,0.0,0.0,0.0,0.51319695,0.66666669,0.0,0.0,2234
k1676,0.0,0.05,0.342105263,0.935325833,0.0,0.0,0.53596592,1.0,0.0173,0.0,2139
k686,0.0,0.0346,0.0526,0.0,0.0,0.0,0.38053963,1.0,0.0,0.0,1914
k1486,0.0,0.0,0.236842105,0.0,0.0,0.0,0.35638213,1.0,0.0,0.0,1917
k609,0.0,0.0,0.105263158,0.0,0.0,0.0,0.62764239,1.0,0.117354089,0.0,244
k1482,0.0,0.0346,0.157894737,0.0,0.0,0.0,0.47640076,0.5,0.0,0.0,2491
k1199,0.0,0.0,0.184210526,0.0,0.0,0.0,0.4331626,0.66666669,0.0,0.0,1006
k1765,0.0,0.0524,0.289473684,0.0,0.0,0.0,0.36453369,0.75,0.0173,0.0,2329
k676,0.0,0.0,0.236842105,0.0,0.0,0.0,0.30775324,0.75,0.0,0.0,849
k2126,0.0,0.0,0.210526316,0.0,0.0,0.0,0.44175938,0.75,0.0633,0.0,618
k2304,0.0,0.0801,0.236842105,0.0,0.0,0.0,0.52015221,1.0,0.000947,0.0,2078
k2699,0.0,0.104735033,0.210526316,0.0,0.0,0.0,0.38888553,1.0,0.0173,0.0,2604
k1454,0.0,0.0173,0.184210526,0.0,0.0,0.0,0.66479033,0.80000001,0.0547,0.0,2184
k161,0.0,0.0,0.105263158,0.0,0.0,0.0,0.55543655,0.33333334,0.0,0.0,1796
k233,0.0,0.0173,0.236842105,0.695188968,0.0,0.0,0.48624972,0.75,0.00189,0.0,2404
k2816,0.0,0.103344999,0.184210526,0.823811499,0.0,0.0,0.44545227,1.0,0.0,0.0,2166
k3229,0.0,0.115897462,0.289473684,0.0,0.0,0.0,0.65047324,0.83333331,0.052,0.0,1767
k687,0.0,0.0173,0.105263158,0.0,0.0,0.0,0.47197679,1.0,0.0,0.0,92
k2559,0.0,0.0346,0.210526316,0.0,0.0,0.0,0.28640312,0.75,0.0,0.0,2085
k934,0.0,0.22010363,0.184210526,0.0,0.0,0.0,0.47336102,0.80000001,0.178508113,0.0,900
k327,0.0,0.0,0.157894737,0.0,0.0,0.0,0.56519073,1.0,0.046,0.0,433
k2857,0.0,0.0,0.0,0.0,0.0,0.0,0.0,1.0,0.0,0.0,2012
k2675,0.0,0.019,0.105263158,0.0,0.0,0.0,0.55884248,1.0,0.0,0.0,1314
k1457,0.0,0.0801,0.0526,0.0,0.0,0.0,0.35890123,0.66666669,0.0537,0.0,3238
k3368,0.0,0.156573676,0.236842105,0.0,0.0,0.0,0.38548726,1.0,0.107459408,0.0,3073
k1643,0.0,0.0173,0.315789474,0.0,0.0,0.0,0.26983485,0.80000001,0.0,0.0,1494
k1604,0.0,0.0553,0.0789,0.0,0.0,0.0,0.11519906,1.0,0.0,0.0,2964
k1277,0.0,0.0,0.184210526,0.0,0.0,0.0,0.44584998,0.80000001,0.046,0.0,1766
k613,0.0,0.0,0.0,0.0,0.0,0.0,0.70175028,0.5,0.0,0.0,1564
k3048,0.0,0.0,0.157894737,0.0,0.0,0.0,0.4381091,1.0,0.0,0.0,2906
k2050,0.0,0.104735033,0.263157895,0.0,0.0,0.0,0.34391096,0.80000001,0.107459408,0.0,2449
k3183,0.0,0.0346,0.289473684,0.0,0.0,0.0,0.37259805,0.83333331,0.0537,0.0,2654
k2057,0.0,0.0864,0.131578947,0.0,0.0,0.0,0.37049168,0.80000001,0.0,0.0,3156
k1171,0.0,0.0,0.210526316,0.636710042,0.0,0.0,0.68058956,1.0,0.0,0.0,1616
k3248,0.0,0.0296,0.236842105,0.679221318,0.0,0.0,0.67983323,1.0,0.235655074,0.0,2171
k1312,0.0,0.0,0.184210526,0.0,0.0,0.0,0.45562685,0.80000001,0.092,0.0,2325
k2773,0.0,0.0173,0.0789,0.0,0.0,0.0,0.57221204,0.75,0.0997,0.0,2583
k3023,0.0,0.0296,0.184210526,0.703509772,0.0,0.0,0.60508591,0.83333331,0.235655074,0.0,2280
k728,0.0,0.0173,0.263157895,0.0,0.0,0.0,0.27842882,1.0,0.0,0.0,1570
k119,0.0,0.0,0.131578947,0.0,0.0,0.0,0.84910673,0.66666669,0.0,0.0,113
k2793,0.0,0.0411,0.263157895,0.0,0.0,0.0,0.47768548,0.80000001,0.0547,0.0,1585
k1343,0.0,0.0,0.0789,0.0,0.0,0.0,0.67208827,1.0,0.0,0.0,2575
k2596,0.0,0.102408942,0.184210526,0.0,0.0,0.0,0.51509267,0.66666669,0.0173,0.0,3082
k1536,0.0,0.102611887,0.0263,0.0,0.0,0.0,0.24120188,0.66666669,0.0537,0.0,402
k1255,0.0,0.144339452,0.236842105,0.0,0.0,0.0,0.70222515,1.0,0.0693,0.0,777
k1479,0.0,0.0284,0.210526316,0.0,0.0,0.0,0.31414312,1.0,0.0537,0.0,1862
k2811,0.0,0.0,0.315789474,0.0,0.0,0.0,0.24323012,0.80000001,0.0,0.0,282
k1750,0.0,0.0173,0.236842105,0.0,0.0,0.0,0.47151104,0.85714287,0.0173,0.0,1672
k218,0.0,0.138751208,0.157894737,0.0,0.0,0.0,0.52146095,0.5,0.052,0.0,1741
k2597,0.0,0.0,0.0526,0.0,0.0,0.0,0.71847123,1.0,0.0,0.0,1098
k631,0.0,0.0274,0.210526316,0.0,0.0,0.0,0.31623563,1.0,0.0,0.0,1866
k2790,0.291316237,0.0976,0.368421053,0.0,0.0667,0.125,0.44454849,0.90909094,0.153466584,0.0,3424
k176,0.0,0.0346,0.157894737,0.0,0.0,0.0,0.32324198,0.66666669,0.0,0.0,1843
k2602,0.0,0.0,0.0263,0.0,0.0,0.0,0.69651198,1.0,0.046,0.0,523
k3252,0.0,0.0173,0.289473684,0.0,0.0,0.0,0.25613111,0.80000001,0.0,0.0,446
k1811,0.0,0.0284,0.157894737,0.0,0.0,0.0,0.44549605,1.0,0.0547,0.0,63
k2530,0.0,0.0702,0.315789474,0.0,0.0,0.0,0.53612781,0.875,0.071,0.0,134
k361,0.0,0.0346,0.236842105,0.884467831,0.0,0.0,0.48962313,1.0,0.046,0.0,2060
k736,0.0,0.0173,0.263157895,0.853958215,0.0,0.0,0.45170522,0.80000001,0.0,0.0,3100
k1716,0.0,0.0,0.263157895,0.532894396,0.0,0.0,0.57003558,1.0,0.0772,0.0,767
k1332,0.0,0.0284,0.210526316,0.0,0.0,0.0,0.39110646,1.0,0.0537,0.0,1032
k2264,0.0,0.0907,0.210526316,0.840271657,0.0,0.0,0.4084034,0.80000001,0.0,0.0,1424
k2369,0.0,0.0678,0.236842105,0.0,0.0,0.0,0.76900268,0.80000001,0.071,0.0,882
k2853,0.0,0.019,0.105263158,0.0,0.0,0.0,0.36632213,1.0,0.0,0.0,2661
k2729,0.0,0.0,0.315789474,0.0,0.0,0.0,0.35671693,0.80000001,0.0,0.0,310
k621,0.355218765,0.281504059,0.263157895,0.0,0.0,0.0,0.59460157,0.85714287,0.213146122,0.0435,2879
k1866,0.0,0.0,0.0789,0.0,0.0,0.0,0.53886831,1.0,0.0,0.0,53
k2691,0.0,0.274858063,0.263157895,0.0,0.0,0.0,0.57424867,0.85714287,0.213146122,0.0,1694
k448,0.0,0.154444152,0.289473684,0.0,0.0,0.0,0.47615266,1.0,0.071,0.0,2290
k1788,0.0,0.0351,0.210526316,0.0,0.0,0.0,0.76147288,1.0,0.0537,0.0,2586
k2884,0.0,0.104735033,0.289473684,0.0,0.0,0.0,0.29941002,0.80000001,0.0173,0.0,229
k1573,0.0,0.0322,0.421052632,0.968868267,0.0,0.0,0.54822898,1.0,0.0,0.0,2063
k1132,0.0,0.0,0.184210526,0.0,0.0,0.0,0.4331626,1.0,0.0,0.0,2182
k2932,0.0,0.0173,0.184210526,0.0,0.0,0.0,0.48903531,1.0,0.0,0.0,2632
k341,0.0,0.174910961,0.289473684,0.0,0.0,0.0,0.38717318,0.83333331,0.124778412,0.0,406
k236,0.0,0.0346,0.263157895,0.0,0.0,0.0,0.27224955,1.0,0.0,0.0,3304
k1826,0.0,0.0346,0.236842105,0.753564208,0.0,0.0,0.46653226,1.0,0.000947,0.0,388
k2401,0.704549729,0.122543442,0.210526316,0.0,0.0,0.0,0.57981908,0.83333331,0.232237813,0.0,1520
k3404,0.0,0.0,0.105263158,0.0,0.0,0.0,0.96074367,0.66666669,0.0346,0.0,991
k1311,0.0,0.0346,0.131578947,0.0,0.0,0.0625,0.40607557,0.5,0.0,0.0,950
k2833,0.0,0.141891688,0.289473684,0.0,0.0,0.0,0.39445108,1.0,0.0,0.087,848
k3269,0.0,0.0,0.105263158,0.0,0.0,0.0,0.54756635,0.66666669,0.0,0.0,2857
k1637,0.0,0.0,0.289473684,0.0,0.0,0.0,0.36298585,1.0,0.0173,0.0,2061
k96,0.42808339,0.124204936,0.157894737,0.573876303,0.0,0.0,0.6798929,0.83333331,0.260925985,0.0,3357
k2081,0.0,0.112140281,0.210526316,0.0,0.0,0.0,0.42769074,0.83333331,0.0346,0.0,297
k2137,0.0,0.0173,0.157894737,0.0,0.0,0.0,0.51245141,1.0,0.0,0.0,2208
k1686,0.0,0.0,0.0789,0.391155581,0.0,0.0,0.43654999,0.75,0.0844,0.0,3159
k2525,0.0,0.0173,0.157894737,0.0,0.0,0.0,0.64542919,0.75,0.0,0.0,44
k2145,0.0,0.0524,0.210526316,0.0,0.0,0.0,0.51904029,1.0,0.0173,0.0,805
k198,0.0,0.120217351,0.157894737,0.0,0.0,0.0,0.78110433,0.80000001,0.178508113,0.0,317
k3250,0.0,0.0569,0.236842105,0.0,0.0,0.0,0.71542144,1.0,0.052,0.0,373
k1061,0.0,0.0346,0.289473684,0.0,0.0,0.0,0.30452272,0.66666669,0.0,0.0,1068
k2290,0.0,0.0585,0.263157895,0.0,0.0,0.0,0.27870095,0.80000001,0.0,0.0,3290
k2249,0.0,0.0,0.131578947,0.0,0.0,0.0,0.46539664,0.33333334,0.0,0.0,2432
k3089,0.0,0.0346,0.289473684,0.0,0.0,0.0,0.29658255,0.80000001,0.0,0.0,1650
k2007,0.0,0.0997,0.210526316,0.0,0.0,0.0,0.47889534,0.80000001,0.0,0.0,1063
k3376,0.0,0.0322,0.131578947,0.0,0.0,0.0,0.66958678,1.0,0.0,0.0,826
k2250,0.0,0.0569,0.421052632,0.0,0.0,0.0,0.47753337,0.83333331,0.072,0.0,3134
k1848,0.0,0.104735033,0.263157895,0.0,0.0,0.0,0.36285201,0.60000002,0.0173,0.0,3367
k1919,0.0,0.0,0.184210526,0.0,0.0,0.0,0.41647691,0.60000002,0.0,0.0,850
k2562,0.0,0.0328,0.0526,0.0,0.0,0.0,0.66856903,1.0,0.0,0.0,2518
k2584,0.0,0.0,0.289473684,0.0,0.0,0.0,0.27395108,0.80000001,0.0,0.0,2056
k1268,0.477748608,0.0216,0.0789,0.0,0.0,0.0625,0.58949697,1.0,0.0997,0.0,100
k2017,0.0,0.0457,0.184210526,0.0,0.0,0.0,0.40471184,0.80000001,0.0997,0.0,2991
k1963,0.0,0.0457,0.263157895,0.692415366,0.0,0.0,0.47797954,1.0,0.0547,0.0,1181
k1121,0.0,0.0346,0.315789474,0.0,0.0,0.0,0.41697544,0.80000001,0.0173,0.0,2266
k647,0.0,0.0,0.131578947,0.641868422,0.0,0.0,0.70180732,0.66666669,0.000947,0.0,318
k1292,0.0,0.0,0.263157895,0.545803308,0.0,0.0,0.32794785,0.80000001,0.0772,0.0,2322
k654,0.0,0.0,0.0263,0.534553372,0.0,0.0,0.75257695,0.66666669,0.000947,0.0,3340
k605,0.0,0.063,0.447368421,0.0,0.0,0.0,0.34107906,1.0,0.0537,0.0,1949
k2068,0.0,0.0173,0.184210526,0.0,0.0,0.0,0.33407584,0.75,0.0,0.0,2002
k886,0.0,0.0,0.131578947,0.683679818,0.0,0.0,0.59235948,0.75,0.047,0.0,1225
k1404,0.0,0.0216,0.0526,0.573928146,0.0,0.0,0.64701146,0.66666669,0.0547,0.0,828
k2211,0.0,0.165606586,0.210526316,0.0,0.0,0.0,0.29838508,0.80000001,0.124778412,0.0,2358
k1091,0.0,0.205211005,0.210526316,0.0,0.0,0.0,0.71776843,0.80000001,0.123005718,0.0,1669
k3171,0.0,0.0569,0.289473684,0.0,0.0,0.0,0.6048609,0.85714287,0.0346,0.0,2707
k750,0.0,0.0,0.0789,0.0,0.0,0.0,0.5349195,0.66666669,0.0,0.0,1705
k2877,0.0,0.0569,0.289473684,0.530846597,0.0,0.0,0.51074338,0.85714287,0.0955,0.0,2023
k3126,0.0,0.0,0.184210526,0.0,0.0,0.0,0.49421948,0.80000001,0.0,0.0,275
k467,0.0,0.095,0.342105263,0.0,0.0,0.0,0.30846709,0.83333331,0.0,0.0,2210
k2992,0.0,0.063,0.184210526,0.0,0.0,0.0,0.44880137,0.80000001,0.0537,0.0,2909
k1895,0.0,0.0,0.0263,0.0,0.0,0.0,0.32437971,1.0,0.0,0.0,123
k477,0.0,0.0,0.131578947,0.0,0.0,0.0,0.54052109,1.0,0.0,0.0,861
k3390,0.0,0.0,0.131578947,0.0,0.0,0.0,0.56102341,0.75,0.0,0.0,1945
k245,0.0,0.015,0.157894737,0.0,0.0,0.0,0.45465258,0.66666669,0.0,0.0,2982
k193,0.0,0.095,0.263157895,0.942220955,0.0,0.0,0.34034798,0.80000001,0.0,0.0,1934
k254,0.490502369,0.074,0.210526316,0.0,0.0,0.0,0.5100441,0.75,0.107459408,0.0,358
k2743,0.0,0.0346,0.263157895,0.0,0.0,0.0,0.30045334,0.40000001,0.0,0.0,2465
k1104,0.0,0.0,0.0789,0.77764529,0.0,0.0,0.99737769,0.0,0.000947,0.0,3409
k1439,0.0,0.0691,0.368421053,0.0,0.0,0.0,0.33688754,1.0,0.0,0.0,1538
k756,0.0,0.0,0.289473684,0.0,0.0,0.0,0.48195148,0.83333331,0.0393,0.0,2371
k730,0.0,0.0173,0.184210526,0.0,0.0,0.0,0.42145467,1.0,0.0,0.0,3049
k2438,0.0,0.0,0.210526316,0.0,0.0,0.0,0.42422122,0.75,0.000947,0.0,3110
k581,0.0,0.0901,0.368421053,0.0,0.0,0.0,0.43417808,1.0,0.0,0.0,2292
k2267,0.0,0.0758,0.263157895,0.943828089,0.0,0.0,0.37102908,1.0,0.0,0.0,436
k126,0.0,0.0346,0.184210526,0.710690031,0.0,0.0,0.49994305,0.75,0.0547,0.0,2686
k2334,0.0,0.113767943,0.684210526,0.645393748,0.0,0.0,0.61847776,0.93333334,0.0712,0.173913043,1109
k3075,0.0,0.0547,0.0,0.0,0.0,0.0,0.15146816,1.0,0.0,0.0,825
k3374,0.0,0.0346,0.184210526,0.0,0.0,0.0,0.33853036,0.5,0.0,0.0,788
k785,0.0,0.0976,0.157894737,0.0,0.0,0.0,0.57536316,0.80000001,0.0633,0.0,1877
k2047,0.0,0.0,0.289473684,0.0,0.0,0.0,0.20415674,0.80000001,0.0,0.0,425
k1111,0.0,0.0299,0.131578947,0.0,0.0,0.0,0.49131182,0.75,0.046,0.0,2579
k460,0.0,0.0284,0.0526,0.0,0.0,0.0,0.54160315,0.5,0.0537,0.0,2328
k1330,0.0,0.0695,0.210526316,0.0,0.0,0.0,0.5942632,1.0,0.0346,0.0,2411
k883,0.0,0.174910961,0.236842105,0.0,0.0,0.0,0.40609711,1.0,0.124778412,0.0,2948
k48,0.0,0.0691,0.157894737,0.0,0.0,0.0,0.46541291,0.80000001,0.092,0.0,3004
k33,0.0,0.0346,0.447368421,0.0,0.0,0.0,0.39535329,0.875,0.0,0.0,2957
k1196,0.802531138,0.0441,0.0526,0.0,0.0,0.125,0.32757002,0.75,0.0997,0.0,3120
k1217,0.0,0.151528351,0.421052632,0.0,0.0,0.0,0.2820695,0.875,0.0,0.0,1702
k3199,0.0,0.0524,0.552631579,0.873166053,0.0,0.0,0.53671253,0.90909094,0.0183,0.0,1738
k1060,0.0,0.063,0.342105263,0.0,0.0,0.0,0.3592023,1.0,0.0173,0.0,1070
k519,0.0,0.0898,0.342105263,0.0,0.0,0.0,0.4074938,0.85714287,0.0,0.0,1569
k2024,0.0,0.0299,0.157894737,0.0,0.0,0.0,0.51900226,1.0,0.0,0.0,2476
k1411,0.0,0.0742,0.315789474,0.759033646,0.0,0.0,0.52095693,1.0,0.0183,0.0,2065
k1418,0.0,0.0173,0.263157895,0.0,0.0,0.0,0.5877341,1.0,0.117354089,0.0,1290
k344,0.0,0.0,0.0526,0.0,0.0,0.0,0.54774278,0.5,0.0,0.0,1994
k2948,0.0,0.0853,0.184210526,0.0,0.0,0.0,0.45477301,1.0,0.161189101,0.0,604
k1986,0.0,0.0256,0.131578947,0.0,0.0,0.0,0.55686563,0.66666669,0.0,0.0,3007
k943,0.0,0.0,0.315789474,0.0,0.0,0.0,0.39410418,0.80000001,0.0,0.0,1113
k1137,0.0,0.109251488,0.210526316,0.0,0.0,0.0,0.76950186,1.0,0.052,0.0,1778
k2778,0.7760061,0.0346,0.0789,0.0,0.0,0.125,0.498851,1.0,0.0537,0.0,337
k1688,0.357403194,0.0499,0.184210526,0.0,0.0,0.0,0.6520499,1.0,0.107459408,0.0,2122
k3150,0.0,0.0,0.0526,0.0,0.0,0.0,0.58818632,1.0,0.0537,0.0,889
k724,0.510067763,0.0702,0.0789,0.0,0.0,0.0,0.63666242,1.0,0.107459408,0.0,2823
k219,0.0,0.0,0.131578947,0.76992068,0.0,0.0,0.46648061,0.66666669,0.046,0.0,3155
k1659,0.0,0.0,0.0263,0.0,0.0,0.0,0.2594102,0.5,0.0537,0.0,764
k2760,0.0,0.0518,0.0263,0.0,0.0,0.0,0.50587642,0.66666669,0.092,0.0,1964
k2037,0.0,0.0,0.184210526,0.0,0.0,0.0,0.4331626,0.66666669,0.0,0.0,846
k2892,0.0,0.038,0.0526,0.0,0.0,0.0,0.40293604,0.66666669,0.046,0.0,108
k2654,0.0,0.0,0.210526316,0.0,0.0,0.0,0.44044515,1.0,0.046,0.0,2475
k2332,0.0,0.0,0.105263158,0.0,0.0,0.0,0.65810072,1.0,0.0,0.0,1176
k3202,0.0,0.0524,0.131578947,0.0,0.0,0.0,0.46641725,1.0,0.0,0.0,2821
k3165,0.0,0.015,0.157894737,0.0,0.0,0.0,0.6837905,0.75,0.0,0.0,911
k2692,0.0,0.092,0.184210526,0.616232049,0.0,0.0,0.5575397,1.0,0.0183,0.0,2988
k2601,0.0,0.0602,0.315789474,0.732619628,0.0,0.0,0.34876418,0.83333331,0.000947,0.0,2163
k1703,0.0,0.0864,0.157894737,0.0,0.0,0.0,0.33450454,1.0,0.0,0.0,2684
k574,0.0,0.0,0.0789,0.0,0.0,0.0,0.37093505,0.66666669,0.0,0.0,623
k787,0.0,0.0912,0.263157895,0.0,0.0,0.0,0.62415838,0.5,0.142097417,0.0,554
k31,0.0,0.0346,0.263157895,0.0,0.0,0.0,0.44061261,1.0,0.0,0.0,1627
k1554,0.0,0.0924,0.0526,0.0,0.0,0.0,0.20164067,0.5,0.0,0.0,3383
k215,0.274639645,0.0,0.210526316,0.0,0.0,0.0,0.88718027,0.80000001,0.142097417,0.0,3183
k2909,0.0,0.0,0.105263158,0.513038519,0.0,0.0,0.75942969,0.33333334,0.00189,0.0,918
k3180,0.0,0.019,0.210526316,0.0,0.0,0.0,0.31092799,0.80000001,0.046,0.0,1441
k443,0.589109056,0.0363,0.210526316,0.676473638,0.0,0.0,0.42847222,1.0,0.000947,0.0,1863
k2426,0.0,0.0702,0.289473684,0.0,0.0,0.0,0.54194564,0.875,0.161189101,0.0,2293
k914,0.63204387,0.0742,0.105263158,0.0,0.0,0.0625,0.54981184,0.75,0.161189101,0.0,862
k2446,0.0,0.0173,0.210526316,0.544507232,0.0,0.0,0.47653717,1.0,0.0782,0.0,1358
k3107,0.0,0.0173,0.0526,0.0,0.0,0.0,0.53400403,1.0,0.046,0.0,957
k379,0.0,0.0,0.289473684,0.712245321,0.0,0.0,0.42571959,0.83333331,0.000947,0.0,883
k1962,0.0,0.0562,0.526315789,0.661257712,0.0,0.0,0.52399623,1.0,0.046,0.0435,816
k1852,0.0,0.0,0.157894737,0.0,0.0,0.0,0.6475628,1.0,0.000947,0.0,2283
k19,0.0,0.0256,0.0263,0.0,0.0,0.0,0.48025024,0.5,0.0537,0.0,1287
k2520,0.0,0.0742,0.184210526,0.0,0.0,0.0,0.49428186,1.0,0.0173,0.0,818
k2545,0.0,0.0284,0.289473684,0.0,0.0,0.0,0.41595027,1.0,0.0547,0.0,3376
k820,0.0,0.0,0.105263158,0.0,0.0,0.0,0.51252764,0.66666669,0.0,0.0,692
k3428,0.0,0.0,0.0263,0.0,0.0,0.0,0.69819921,0.5,0.0,0.0,706
k587,0.0,0.0346,0.105263158,0.553709368,0.0,0.0,0.40217054,0.66666669,0.0772,0.0,283
k1595,0.0,0.0232,0.342105263,0.0,0.0,0.0,0.44229823,0.875,0.442929965,0.0,369
k811,0.0,0.0,0.289473684,0.701617502,0.0,0.0,0.4408938,1.0,0.000947,0.0,3016
k79,0.0,0.0901,0.0526,0.0,0.0,0.0,0.53107238,0.5,0.0,0.0,1680
k1463,0.0,0.0949,0.210526316,0.0,0.0,0.0,0.36725494,0.83333331,0.0173,0.0,1036
k1100,0.0,0.203881811,0.315789474,0.0,0.0667,0.0,0.56928605,1.0,0.303286532,0.087,2962
k1673,0.0,0.174910961,0.236842105,0.0,0.0,0.0,0.40609711,0.80000001,0.124778412,0.0,480
k3149,0.0,0.0,0.184210526,0.0,0.0,0.0,0.56924641,0.75,0.0393,0.0,251
k152,0.0,0.0696,0.210526316,0.0,0.0,0.0,0.50556928,1.0,0.0,0.0,3015
k2754,0.0,0.0,0.263157895,0.0,0.0,0.0,0.42289639,0.83333331,0.092,0.0,3000
k1804,0.720643476,0.0284,0.236842105,0.726087407,0.0,0.0,0.48616406,0.80000001,0.0547,0.0,2312
k1889,0.0,0.0,0.105263158,0.604282233,0.0,0.0,0.5788132,1.0,0.0893,0.0,470
k846,0.0,0.0,0.263157895,0.0,0.0,0.0,0.38765663,0.75,0.0,0.0,1000
k1572,0.0,0.362117002,0.210526316,0.0,0.0,0.0,0.61785221,1.0,0.349293715,0.0435,1977
k2920,0.0,0.0284,0.289473684,0.0,0.0,0.0,0.42407534,1.0,0.0547,0.0,3347
k1890,0.0,0.0,0.0526,0.0,0.0,0.0,0.43403572,1.0,0.0,0.0,877
k794,0.354086664,0.0524,0.0789,0.582430401,0.0,0.0,0.45135719,1.0,0.0547,0.0,22
k3011,0.0,0.0,0.0,0.0,0.0,0.0,0.032,0.5,0.0,0.0,691
k1025,0.0,0.0,0.157894737,0.0,0.0,0.0,0.66032815,1.0,0.0,0.0,1925
k1881,0.0,0.063,0.0789,0.0,0.0,0.0,0.39808396,0.66666669,0.0537,0.0,2892
k2442,0.0,0.0742,0.394736842,0.0,0.0,0.0,0.49862608,1.0,0.163063084,0.0,263
k1414,0.0,0.0,0.210526316,0.0,0.0,0.0,0.50653815,1.0,0.23470817,0.0,1509
k893,0.094,0.0,0.131578947,0.538648971,0.0,0.0,0.62455344,1.0,0.047,0.0,2434
k2055,0.0,0.0524,0.236842105,0.0,0.0,0.0,0.39708155,0.75,0.0173,0.0,3235
k135,0.662885035,0.0702,0.105263158,0.0,0.0,0.0,0.6630277,0.80000001,0.107459408,0.0,1937
k2895,0.0,0.0167,0.131578947,0.0,0.0,0.0,0.48411387,1.0,0.0,0.0,454
k511,0.0,0.0126,0.184210526,0.0,0.0,0.0,0.55190742,0.75,0.0,0.0,1501
k3135,0.0,0.104735033,0.236842105,0.0,0.0,0.0,0.39459041,1.0,0.107459408,0.0,2807
k596,0.0,0.0,0.289473684,0.0,0.0,0.0,0.29022047,0.80000001,0.0,0.0,1346
k677,0.0,0.104735033,0.236842105,0.0,0.0,0.0,0.39459041,1.0,0.107459408,0.0,794
k1211,0.0,0.0322,0.342105263,0.0,0.0,0.0,0.53406453,0.85714287,0.0183,0.0,2349
k2870,0.0,0.0299,0.184210526,0.603089844,0.0,0.0,0.68896496,1.0,0.289384774,0.0,540
k2804,0.710310983,0.173113735,0.105263158,0.536756701,0.0,0.0,0.74913085,1.0,0.233184717,0.0,2303
k1150,0.591208056,0.0173,0.210526316,0.651640832,0.0,0.0,0.47208741,0.83333331,0.000947,0.0,1499
k2274,0.0,0.0463,0.0789,0.0,0.0,0.0,0.66214734,0.5,0.0346,0.0,3054
k2774,0.0,0.0351,0.184210526,0.0,0.0,0.0,0.72676581,0.75,0.0346,0.0,812
k3337,0.0,0.0346,0.131578947,0.0,0.0,0.0,0.42981648,0.83333331,0.0,0.0,1074
k2921,0.0,0.362117002,0.263157895,0.777748976,0.0,0.0,0.62825531,1.0,0.267822719,0.087,1199
k2696,0.0,0.0691,0.210526316,0.0,0.0,0.0,0.31601858,0.75,0.0,0.0,3057
k2720,0.0,0.0457,0.394736842,0.0,0.0,0.0,0.34511757,0.80000001,0.0173,0.0,1235
k264,0.0,0.0907,0.289473684,0.0,0.0,0.0,0.41744035,1.0,0.138021555,0.0,2701
k1236,0.0,0.120217351,0.184210526,0.0,0.0,0.0,0.68722314,1.0,0.124778412,0.0,1497
k856,0.0,0.391813277,0.210526316,0.0,0.0,0.0,0.64740378,1.0,0.428064917,0.087,559
k2415,0.0,0.0,0.289473684,0.0,0.0,0.0,0.31770283,0.80000001,0.046,0.0,3385
k1548,0.0,0.0635,0.289473684,0.0,0.0,0.0,0.50964576,1.0,0.0346,0.0,2202
k438,0.570883705,0.102605503,0.0789,0.0,0.0,0.0,0.58040684,0.75,0.207196298,0.0,1617
k2890,0.0,0.203881811,0.184210526,0.0,0.0,0.0,0.57938826,1.0,0.303286532,0.0,1396
k3262,0.0,0.0,0.105263158,0.0,0.0,0.0,0.49544835,1.0,0.0173,0.0,1492
k1952,0.0,0.104735033,0.184210526,0.0,0.0,0.0,0.46536973,1.0,0.107459408,0.0,2688
k34,0.0,0.129419825,0.0526,0.0,0.0,0.0,0.37704682,0.5,0.107459408,0.0,590
k2168,0.0,0.0,0.236842105,0.0,0.0,0.0,0.31355157,0.80000001,0.0,0.0,2584
k1216,0.0,0.0,0.368421053,0.0,0.0,0.0,0.36888552,0.80000001,0.0,0.0,916
k1905,0.0,0.0,0.157894737,0.585359531,0.0,0.0,0.53335363,1.0,0.000947,0.0,112
k3168,0.0,0.104735033,0.289473684,0.0,0.0,0.0,0.33724698,1.0,0.0173,0.0,1882
k2769,0.0,0.0,0.315789474,0.0,0.0,0.0,0.46167874,0.85714287,0.0173,0.0,2642
k995,0.0,0.0,0.210526316,0.647078646,0.0,0.0,0.49199232,1.0,0.0,0.0,2887
k1545,0.0,0.038,0.0526,0.0,0.0,0.0,0.38566285,1.0,0.0173,0.0,736
k1387,0.0,0.0949,0.105263158,0.0,0.0,0.0,0.553819,0.75,0.0346,0.0,2677
k2463,0.0,0.057,0.0526,0.0,0.0,0.0,0.25039682,1.0,0.0,0.0,2270
k1781,0.0,0.0,0.0526,0.0,0.0,0.0,0.42498067,0.5,0.0,0.0,614
k169,0.0,0.0233,0.0263,0.0,0.0,0.0,0.34734213,1.0,0.0,0.0,770
k1767,0.0,0.125188342,0.368421053,0.913085178,0.0,0.0,0.47577122,0.85714287,0.0183,0.0,1007
k1136,0.0,0.0,0.210526316,0.0,0.0,0.0,0.42012277,1.0,0.0,0.0,3365
k1069,0.0,0.0585,0.236842105,0.0,0.0,0.0,0.38731241,0.75,0.0,0.0,2780
k2103,0.0,0.0346,0.105263158,0.0,0.0,0.0,0.49873897,1.0,0.0,0.0,3102
k2808,0.0,0.0,0.315789474,0.0,0.0,0.0,0.23231015,0.80000001,0.0,0.0,2833
k1155,0.0,0.0173,0.105263158,0.0,0.0,0.0,0.41550788,1.0,0.0,0.0,844
k378,0.0,0.0,0.131578947,0.0,0.0,0.0,0.68334144,1.0,0.0,0.0,90
k151,0.340815642,0.0524,0.0526,0.0,0.0,0.0,0.3759194,0.75,0.0997,0.0,3414
k3331,0.0,0.0,0.210526316,0.774197729,0.0,0.0,0.60195029,0.83333331,0.0,0.0,1253
k1547,0.0,0.104735033,0.184210526,0.0,0.0,0.0,0.37553322,0.60000002,0.107459408,0.0,2463
k555,0.0,0.0696,0.0526,0.0,0.0,0.0,0.57234496,0.75,0.0346,0.0,2420
k1019,0.0,0.0569,0.0789,0.0,0.0,0.0,0.67335176,0.33333334,0.071,0.0,1926
k1468,0.45300375,0.015,0.210526316,0.571284152,0.0,0.0,0.60895163,1.0,0.154477105,0.0,3089
k3218,0.0,0.0,0.131578947,0.0,0.0,0.0,0.29312763,0.33333334,0.0,0.0,81
k3007,0.0,0.0351,0.263157895,0.0,0.0,0.0,0.39959022,1.0,0.0537,0.0,2498
k1517,0.0,0.0173,0.289473684,0.0,0.0,0.0,0.63171303,1.0,0.0,0.0,2968
k2176,0.0,0.0173,0.368421053,0.760355643,0.0,0.0,0.50098813,0.85714287,0.000947,0.0,2472
k3001,0.0,0.123383874,0.0263,0.0,0.0,0.0,0.3140091,0.5,0.0173,0.0,1656
k473,0.0,0.0173,0.447368421,0.0,0.0,0.0,0.56115764,0.89999998,0.0,0.0,3229
k705,0.0,0.0803,0.236842105,0.0,0.0,0.0,0.49042743,0.80000001,0.0173,0.0,352
k786,0.0,0.0524,0.236842105,0.724998704,0.0,0.0,0.54967272,1.0,0.0183,0.0,3162
k1570,0.0,0.242428489,0.210526316,0.0,0.0,0.0,0.72483772,0.80000001,0.105686721,0.0,1887
k645,0.0,0.144339452,0.210526316,0.0,0.0,0.0,0.67287326,0.75,0.105686721,0.0,2089
k1138,0.0,0.0,0.105263158,0.0,0.0,0.0,0.51112247,0.75,0.0,0.0,570
k2635,0.0,0.0,0.0789,0.0,0.0,0.0,0.44538009,0.5,0.0,0.0,2500
k295,0.0,0.0,0.210526316,0.642620146,0.0,0.0,0.49787009,0.75,0.0,0.0,1742
k194,0.0,0.0256,0.0526,0.0,0.0,0.0,0.29032576,1.0,0.0,0.0,502
k2529,0.0,0.128029791,0.315789474,0.0,0.0,0.0,0.48202333,1.0,0.0,0.0,25
k3282,0.0,0.0,0.263157895,0.0,0.0,0.0,0.4520638,1.0,0.117354089,0.0,1619
k1681,0.0,0.10407043,0.342105263,0.691819172,0.0,0.0,0.48797473,0.85714287,0.107459408,0.0,1326
k1263,0.0,0.105386129,0.315789474,0.709679092,0.0,0.0,0.34410399,1.0,0.000947,0.0,3060
k523,0.0,0.109251488,0.236842105,0.0,0.0,0.0,0.70166701,0.75,0.052,0.0,2645
k456,0.0,0.0778,0.263157895,0.0,0.0,0.0,0.37112957,0.60000002,0.0,0.0,1328
k935,0.0,0.0,0.157894737,0.0,0.0,0.0,0.38249162,0.75,0.0,0.0,2157
k1526,0.0,0.00737,0.0789,0.0,0.0,0.0,0.47397879,1.0,0.0,0.0,1664
k556,0.0,0.0457,0.184210526,0.0,0.0,0.0,0.657462,1.0,0.0173,0.0,2482
k2307,0.0,0.0929,0.342105263,0.684949971,0.0,0.0,0.48040009,1.0,0.107459408,0.0,2998
k1995,0.0,0.0989,0.394736842,0.85525429,0.0,0.0,0.54197466,0.85714287,0.0192,0.0,3433
k1766,0.0,0.0273,0.0,0.0,0.0,0.0,0.15181297,0.5,0.0,0.0,718
k1518,0.0,0.0,0.289473684,0.0,0.0,0.0,0.33663836,0.83333331,0.0,0.0,1372
k1011,0.0,0.078,0.236842105,0.0,0.0,0.0,0.57549816,0.80000001,0.125725316,0.0,716
k1693,0.0,0.0284,0.236842105,0.0,0.0,0.0,0.42549109,1.0,0.0173,0.0,2669
k2399,0.0,0.0,0.315789474,0.78949142,0.0,0.0,0.58278453,0.83333331,0.0537,0.0,1189
k590,0.0,0.0351,0.0526,0.0,0.0,0.0,0.26353398,0.5,0.0173,0.0,3233
k1241,0.212619121,0.0562,0.394736842,0.949141998,0.0,0.0,0.51564986,1.0,0.046,0.0,156
k2673,0.0,0.0691,0.157894737,0.0,0.0,0.0,0.46541291,1.0,0.092,0.0,1794
k3037,0.0,0.0346,0.289473684,0.0,0.0,0.0,0.35596633,0.83333331,0.0,0.0,362
k2712,0.0,0.0,0.315789474,0.0,0.0,0.0,0.39410418,0.80000001,0.0,0.0,1835
k1601,0.0,0.0,0.210526316,0.0,0.0,0.0,0.46937057,1.0,0.0173,0.0,668
k2350,0.0,0.0,0.131578947,0.0,0.0,0.0,0.47001743,0.5,0.23470817,0.0,1321
k1015,0.0,0.104735033,0.236842105,0.0,0.0,0.0,0.39459041,0.83333331,0.107459408,0.0,2516
k1135,0.0,0.00737,0.210526316,0.649100524,0.0,0.0,0.64571345,1.0,0.00189,0.0,680
k2933,0.0562,0.134641939,0.184210526,0.729094302,0.0,0.0,0.60714185,1.0,0.153466584,0.0,1120
k2273,0.0,0.0,0.157894737,0.0,0.0,0.0,0.61798501,0.80000001,0.0,0.0,1990
k1749,0.0,0.0346,0.368421053,0.952771009,0.0,0.0,0.36927098,0.80000001,0.0,0.0,2397
k363,0.0,0.063,0.368421053,0.0,0.0,0.0,0.47501498,1.0,0.0173,0.0,1852
k2776,0.0,0.0702,0.105263158,0.0,0.0,0.0,0.46474373,0.33333334,0.107459408,0.0,1773
k682,0.0,0.0,0.184210526,0.0,0.0,0.0,0.45534819,0.80000001,0.0,0.0,453
k1027,0.591525797,0.0457,0.236842105,0.686686713,0.0,0.0,0.5646072,1.0,0.0183,0.0,430
k1560,0.0,0.103588898,0.394736842,0.905749391,0.0,0.0,0.52694577,0.85714287,0.0183,0.0,2291
k403,0.0,0.0914,0.421052632,0.0,0.0667,0.0,0.51381016,0.9285714,0.199473766,0.0,709
k1865,0.0,0.122014572,0.263157895,0.0,0.0,0.0,0.34391096,0.80000001,0.107459408,0.0,383
k226,0.0,0.0346,0.105263158,0.0,0.0,0.0,0.51916426,0.75,0.0,0.0,301
k1996,0.0,0.0864,0.605263158,0.0,0.0,0.0,0.4695546,0.92307693,0.0173,0.0,2506
k1285,0.0,0.0,0.157894737,0.0,0.0,0.0,0.49661899,1.0,0.117354089,0.0,2189
k2922,0.0,0.0837,0.236842105,0.834387475,0.0,0.0,0.63392764,0.80000001,0.000947,0.0,2955
k1465,0.0,0.0,0.236842105,0.0,0.0,0.0,0.26478562,0.75,0.0,0.0,887
k2276,0.0,0.0216,0.0789,0.0,0.0,0.0,0.60205716,1.0,0.0633,0.0,3389
k2433,0.0,0.0412,0.210526316,0.0,0.0,0.0,0.44361818,1.0,0.0,0.0,2699
k1424,0.0,0.0725,0.263157895,0.814609363,0.0,0.0,0.35812855,1.0,0.0393,0.0,295
k2242,0.0,0.0346,0.184210526,0.0,0.0,0.0,0.37131846,1.0,0.0,0.0,858
k848,0.0,0.0,0.315789474,0.0,0.0,0.0,0.23706269,1.0,0.0,0.0,2354
k828,0.0,0.0,0.394736842,0.0,0.0,0.0,0.48621243,1.0,0.071,0.0,3301
k1473,0.0,0.0173,0.157894737,0.0,0.0,0.0,0.29421923,1.0,0.0,0.0,1824
k427,0.0,0.0,0.184210526,0.0,0.0,0.0,0.53102434,0.75,0.0,0.0,890
k55,0.0,0.0524,0.105263158,0.0,0.0,0.0,0.6128397,1.0,0.0346,0.0,516
k471,0.0,0.0691,0.315789474,0.0,0.0,0.0,0.34183913,0.80000001,0.0,0.0,2284
k1252,0.0,0.0976,0.184210526,0.0,0.0,0.0,0.38134417,0.75,0.0537,0.0,2664
k3346,0.0,0.174910961,0.236842105,0.0,0.0,0.0,0.4142217,1.0,0.124778412,0.0,326
k1078,0.0,0.0976,0.157894737,0.0,0.0,0.0,0.44975239,0.75,0.0997,0.0,403
k637,0.0,0.157102547,0.263157895,0.0,0.0,0.0,0.3853265,0.80000001,0.124778412,0.0,3008
k3000,0.0,0.104735033,0.263157895,0.0,0.0,0.0,0.35043123,1.0,0.107459408,0.0,115
k703,0.0,0.0284,0.394736842,0.0,0.0,0.0,0.47584045,1.0,0.0537,0.087,833
k918,0.0,0.0173,0.105263158,0.0,0.0,0.0,0.41247016,0.33333334,0.046,0.0,567
k1891,0.0,0.107332584,0.210526316,0.0,0.0,0.0,0.46546248,1.0,0.0,0.0,333
k2172,0.0,0.0,0.263157895,0.598475815,0.0,0.0,0.76636958,0.85714287,0.0365,0.0,2337
k1815,0.0,0.0346,0.236842105,0.0,0.0,0.0,0.36940032,0.75,0.0537,0.0,434
k1088,0.0,0.0524,0.210526316,0.0,0.0,0.0,0.47861621,1.0,0.0537,0.0,1562
k2163,0.0,0.0173,0.315789474,0.0,0.0,0.0,0.34339118,1.0,0.000947,0.0,1671
k633,0.0,0.0,0.0526,0.0,0.0,0.0,0.4602305,1.0,0.0,0.0,2771
k2688,0.0,0.0346,0.263157895,0.0,0.0,0.0,0.36377499,0.80000001,0.0,0.0,1240
k2639,0.0,0.102605503,0.184210526,0.0,0.0,0.0,0.74391228,1.0,0.052,0.0,2214
k1266,0.0,0.0173,0.184210526,0.0,0.0,0.0,0.40341792,0.75,0.0,0.0,3103
k921,0.0,0.0,0.210526316,0.0,0.0,0.0,0.41221705,1.0,0.0,0.0,2174
k1756,0.0,0.0512,0.184210526,0.705298357,0.0,0.0,0.60007524,0.83333331,0.235655074,0.0,1135
k2882,0.0,0.0284,0.289473684,0.0,0.0,0.0,0.31034115,0.80000001,0.0537,0.0,2243
k2767,0.0,0.0714,0.210526316,0.0,0.0,0.0,0.41447887,1.0,0.0173,0.0,969
k1564,0.0,0.0,0.263157895,0.0,0.0,0.0,0.41331109,0.85714287,0.0,0.0,2617
k1453,0.0,0.0351,0.0789,0.0,0.0,0.0,0.61930257,0.5,0.0173,0.0,3169
k179,0.0,0.0,0.315789474,0.0,0.0,0.0,0.23706269,0.40000001,0.0,0.0,1203
k259,0.0,0.0346,0.236842105,0.0,0.0,0.0,0.47703415,1.0,0.0,0.0,2942
k3362,0.0,0.05,0.289473684,0.906293743,0.0,0.0,0.60222489,1.0,0.0633,0.0,1194
k2536,0.0,0.104735033,0.210526316,0.0,0.0,0.0,0.36567438,0.75,0.107459408,0.0,2829
k1179,0.0,0.0569,0.157894737,0.0,0.0,0.0,0.41730425,1.0,0.107459408,0.0,2073
k17,0.0,0.0524,0.315789474,0.0,0.0,0.0,0.52913785,0.80000001,0.0346,0.0,376
k141,0.0,0.063,0.131578947,0.0,0.0,0.0,0.38982287,0.66666669,0.0537,0.0,1712
k2140,0.354792609,0.0507,0.0526,0.0,0.0,0.0,0.28997409,1.0,0.0997,0.0,2228
k2955,0.0,0.0173,0.157894737,0.0,0.0,0.0,0.45056087,1.0,0.0,0.0,1643
k2628,0.584314301,0.0702,0.105263158,0.0,0.0,0.0,0.7088185,0.75,0.161189101,0.0,3109
k2313,0.0,0.015,0.210526316,0.0,0.0,0.0,0.50697106,0.5,0.000947,0.0,1974
k1628,0.0,0.0284,0.289473684,0.0,0.0,0.0,0.28521565,0.80000001,0.0537,0.0,781
k2323,0.0,0.063,0.184210526,0.0,0.0,0.0,0.5190503,1.0,0.107459408,0.087,364
k459,0.0,0.063,0.210526316,0.0,0.0,0.0,0.75243586,1.0,0.071,0.0,656
k211,0.0,0.0636,0.0263,0.508424491,0.0,0.0,0.29604021,0.66666669,0.0,0.0,1307
k940,0.0,0.0668,0.447368421,0.0,0.0,0.0,0.51488721,1.0,0.0,0.173913043,2854
k1498,0.0,0.0173,0.263157895,0.0,0.0,0.0,0.24734931,0.75,0.0,0.0,1985
k3191,0.0,0.174910961,0.184210526,0.0,0.0,0.0,0.45232359,1.0,0.124778412,0.0,2851
k2941,0.58399079,0.0346,0.210526316,0.705479807,0.0,0.0,0.4628047,1.0,0.000947,0.0,1583
k2189,0.0,0.0173,0.315789474,0.0,0.0,0.0,0.33810765,0.80000001,0.0537,0.0,2087
k2623,0.0,0.0,0.184210526,0.641013013,0.0,0.0,0.52078831,0.75,0.0,0.0,2199
k2887,0.0,0.0562,0.236842105,0.0,0.0,0.0625,0.63246983,1.0,0.0997,0.0435,252
k1123,0.0,0.22409121,0.157894737,0.0,0.0,0.0,0.61416835,1.0,0.232237813,0.0,2080
k1366,0.0,0.0167,0.131578947,0.0,0.0,0.0,0.48411387,0.75,0.0,0.0,2940
k1010,0.0,0.102408942,0.342105263,0.0,0.0,0.0,0.3536649,1.0,0.0173,0.0,2735
k1470,0.0,0.0524,0.289473684,0.0,0.0,0.0,0.37298763,0.80000001,0.0173,0.0,3002
k2600,0.0,0.0346,0.210526316,0.0,0.0,0.0,0.51221663,0.80000001,0.0,0.0,2746
k183,0.0,0.0,0.315789474,0.0,0.0,0.0,0.34618199,0.80000001,0.0,0.0,427
k332,0.0,0.0256,0.131578947,0.0,0.0,0.0,0.55686563,1.0,0.0,0.0,1894
k2854,0.210564008,0.0742,0.421052632,0.650344756,0.0,0.0,0.52462405,1.0,0.072,0.0,725
k1393,0.0,0.0284,0.131578947,0.0,0.0,0.0,0.59997171,0.66666669,0.0633,0.0,676
k2571,0.0,0.0296,0.105263158,0.0,0.0,0.0,0.66279149,1.0,0.0173,0.0,1753
k1553,0.0,0.0173,0.131578947,0.0,0.0,0.0,0.13560748,0.66666669,0.0,0.0,1209
k80,0.0,0.0296,0.210526316,0.0,0.0,0.0,0.67955095,0.80000001,0.23470817,0.0,2540
k726,0.0,0.00504,0.131578947,0.0,0.0,0.0,0.52730507,0.66666669,0.0,0.0,3149
k884,0.0,0.0691,0.263157895,0.769868837,0.0,0.0,0.53252947,1.0,0.0537,0.0,2811
k3029,0.0,0.063,0.289473684,0.0,0.0,0.0,0.45325199,1.0,0.0633,0.0,1265
k2278,0.0,0.0472,0.131578947,0.81748665,0.0,0.0,0.46385545,1.0,0.0,0.0,2928
k3101,0.0,0.0758,0.184210526,0.0,0.0,0.0,0.30775142,0.75,0.0,0.0,1458
k64,0.0,0.0,0.210526316,0.0,0.0,0.0,0.41053352,0.80000001,0.0,0.0,3289
k1714,0.0,0.0346,0.210526316,0.0,0.0,0.0,0.43245924,0.80000001,0.092,0.0,2037
k1298,0.0,0.0,0.236842105,0.0,0.0,0.0,0.39553502,0.75,0.0,0.0,598
k1197,0.0,0.0,0.157894737,0.0,0.0,0.0,0.37111315,0.5,0.23470817,0.0,291
k121,0.0,0.0,0.210526316,0.0,0.0,0.0,0.31720921,1.0,0.0,0.0,3240
k1795,0.0,0.019,0.210526316,0.0,0.0,0.0,0.32095319,0.75,0.0173,0.0,2839
k2797,0.0,0.0296,0.210526316,0.635517653,0.0,0.0,0.67757303,1.0,0.236601971,0.0,2919
k1218,0.0,0.0,0.315789474,0.0,0.0,0.0,0.36927468,0.85714287,0.092,0.0,460
k3225,0.0,0.0518,0.342105263,0.0,0.0,0.0,0.47496361,0.85714287,0.0,0.0,1981
k2763,0.0,0.0,0.157894737,0.0,0.0,0.0,0.44188321,1.0,0.0,0.0,2128
k1346,0.0,0.104735033,0.263157895,0.0,0.0,0.0,0.35231611,0.83333331,0.0173,0.0,217
k1721,0.0,0.0346,0.236842105,0.0,0.0,0.0,0.56276035,0.80000001,0.0,0.0,1498
k3087,0.0,0.0346,0.236842105,0.0,0.0,0.0,0.4990406,1.0,0.0,0.0,2050
k2001,0.0,0.0291,0.157894737,0.0,0.0,0.0,0.23519304,0.80000001,0.0,0.0,1383
k1835,0.0,0.0232,0.0526,0.0,0.0,0.0,0.36808777,1.0,0.0537,0.0,346
k1697,0.0,0.0284,0.289473684,0.0,0.0,0.0,0.30655944,0.80000001,0.0537,0.0,2156
k1669,0.0,0.0,0.315789474,0.532868474,0.0,0.0,0.34710869,0.83333331,0.0772,0.0,1825
k2423,0.0,0.0518,0.0526,0.0,0.0,0.0,0.42973116,0.66666669,0.046,0.0,3346
k1884,0.0,0.0914,0.263157895,0.0,0.0,0.0,0.57724565,0.80000001,0.0346,0.0,3075
k2079,0.0,0.0173,0.263157895,0.0,0.0,0.0,0.58126986,1.0,0.0,0.0,2861
k668,0.0,0.0702,0.315789474,0.0,0.0,0.0,0.86540991,0.83333331,0.0693,0.0,1475
k2177,0.0,0.0564,0.0526,0.0,0.0,0.0,0.23061857,0.66666669,0.0173,0.0,1013
k3221,0.0,0.0346,0.368421053,0.939602882,0.0,0.0,0.36046788,1.0,0.0,0.0,1986
k1287,0.0,0.0346,0.157894737,0.0,0.0,0.0,0.42657557,0.80000001,0.092,0.0,1764
k2473,0.0,0.100082846,0.342105263,0.0,0.0,0.0,0.6133579,1.0,0.0884,0.0,2409
k2149,0.0,0.0173,0.0526,0.0,0.0,0.0,0.44541961,1.0,0.0,0.0,2317
k2362,0.0,0.0,0.210526316,0.855306133,0.0,0.0,0.57428372,1.0,0.092,0.0,2691
k2969,0.0,0.0974,0.236842105,0.0,0.0,0.0,0.54079825,1.0,0.0,0.0,1455
k2152,0.0,0.0261,0.157894737,0.0,0.0,0.0,0.6602037,1.0,0.0633,0.0,1751
k2208,0.0,0.0,0.157894737,0.0,0.0,0.0,0.43214339,0.83333331,0.0,0.0,895
k289,0.0,0.0,0.105263158,0.0,0.0,0.0,0.49424219,1.0,0.0,0.0,1502
k2183,0.387519765,0.362117002,0.289473684,0.0,0.0,0.0,0.70364612,0.875,0.330202016,0.087,424
k1016,0.0,0.0562,0.263157895,0.84185287,0.0,0.0,0.62779355,1.0,0.0547,0.0435,2808
k1032,0.0,0.0,0.0789,0.0,0.0,0.0,0.56030798,0.5,0.046,0.0,641
k2174,0.0,0.0974,0.184210526,0.727098346,0.0,0.0,0.57979548,1.0,0.0356,0.0,2510
k1530,0.0,0.112317075,0.342105263,0.0,0.0,0.0,0.35955727,0.83333331,0.0,0.0,3277
k2491,0.0,0.321108479,0.263157895,0.0,0.0,0.0,0.81350553,1.0,0.157643734,0.0,3318
k2614,0.0,0.0457,0.184210526,0.0,0.0,0.0,0.44976658,1.0,0.0,0.0,1020
k3131,0.0,0.0808,0.236842105,0.0,0.0,0.0,0.60550791,0.80000001,0.0346,0.0,1761
k2377,0.0,0.0518,0.368421053,0.0,0.0,0.0,0.39275786,0.85714287,0.0,0.0,316
k1022,0.0,0.104735033,0.236842105,0.0,0.0,0.0,0.52408338,0.75,0.0173,0.0,2739
k2723,0.0,0.2150583,0.263157895,0.0,0.0,0.0,0.37546694,1.0,0.107459408,0.0,2309
k1283,0.0,0.0173,0.289473684,0.0,0.0,0.0,0.35081488,0.80000001,0.0173,0.0,1951
k874,0.0,0.16877088,0.210526316,0.0,0.0,0.0,0.46120679,0.85714287,0.0346,0.0,1565
k2390,0.0,0.0351,0.236842105,0.0,0.0,0.0,0.59430444,0.83333331,0.0346,0.0,2458
k1582,0.0,0.0,0.236842105,0.0,0.0,0.0,0.31844354,1.0,0.0,0.0,3404
k2786,0.0,0.0346,0.315789474,0.0,0.0,0.0,0.23231015,0.60000002,0.0,0.0,3160
k2289,0.0,0.115897462,0.289473684,0.0,0.0,0.0,0.65833771,0.85714287,0.0693,0.0,955
k901,0.0,0.0,0.105263158,0.0,0.0,0.0,0.43110815,1.0,0.0,0.0,2705
k1103,0.584057242,0.0346,0.236842105,0.701073151,0.0,0.0,0.46492031,1.0,0.000947,0.0,40
k62,0.0,0.141891688,0.289473684,0.0,0.0,0.0,0.37053886,1.0,0.046,0.0,1872
k658,0.0,0.0,0.315789474,0.0,0.0,0.0,0.24201377,0.80000001,0.0,0.0,2936
k2847,0.0,0.0896,0.263157895,0.0,0.0,0.0,0.73107678,0.80000001,0.052,0.0,2067
k2835,0.0,0.0535,0.263157895,0.0,0.0,0.0,0.33179361,0.83333331,0.0,0.0,2017
k1270,0.0,0.129596614,0.263157895,0.964332003,0.0,0.0,0.36941397,1.0,0.0,0.0,938
k2459,0.0,0.0,0.184210526,0.0,0.0,0.0,0.53801161,0.75,0.046,0.0,787
k1831,0.0,0.205211005,0.157894737,0.0,0.0,0.0,0.55522275,1.0,0.285967514,0.0,2703
k1303,0.0,0.0173,0.184210526,0.0,0.0,0.0,0.41721556,0.80000001,0.0537,0.0,615
k3002,0.0,0.0173,0.315789474,0.0,0.0,0.0,0.26508111,0.80000001,0.0,0.0,2503
k502,0.0,0.019,0.105263158,0.0,0.0,0.0,0.39228183,1.0,0.0,0.0,543
k604,0.845579598,0.139158394,0.131578947,0.0,0.0,0.0,0.59566349,1.0,0.359486562,0.0,2221
k1151,0.704396816,0.0216,0.236842105,0.636580434,0.0,0.0625,0.52842575,0.83333331,0.0997,0.0,1012
k3263,0.0,0.0562,0.315789474,0.857302089,0.0,0.0,0.45960015,1.0,0.000947,0.0,2146
k1398,0.0,0.0346,0.0789,0.0,0.0,0.0,0.42210788,0.66666669,0.046,0.0,489
k1578,0.0,0.0284,0.315789474,0.0,0.0,0.0,0.44228378,1.0,0.0173,0.0,785
k727,0.0,0.0173,0.0789,0.0,0.0,0.0,0.55181944,0.66666669,0.145744066,0.0,1889
k3130,0.0,0.0,0.210526316,0.0,0.0,0.0,0.40281796,0.75,0.0173,0.0,347
k22,0.0,0.0173,0.105263158,0.0,0.0,0.0,0.60643578,1.0,0.0,0.0,2918
k996,0.0,0.141891688,0.289473684,0.0,0.0,0.0,0.37053886,0.83333331,0.046,0.0,1071
k2466,0.0,0.0778,0.289473684,0.935170304,0.0,0.0,0.32715276,1.0,0.0,0.0,1212
k1094,0.0,0.104735033,0.210526316,0.0,0.0,0.0,0.38888553,1.0,0.0173,0.0,1175
k699,0.0,0.160561266,0.421052632,0.864767484,0.0,0.0,0.44658771,0.85714287,0.107459408,0.0,1993
k274,0.0,0.0,0.131578947,0.0,0.0,0.0,0.75103903,0.66666669,0.117354089,0.0,2530
k2420,0.0,0.0553,0.0789,0.0,0.0,0.0,0.11519906,1.0,0.0,0.0,1983
k1105,0.0,0.0803,0.236842105,0.0,0.0,0.0,0.62760341,1.0,0.0,0.0,1899
k2204,0.0,0.0346,0.315789474,0.710975167,0.0,0.0,0.41104835,1.0,0.000947,0.0,1274
k3198,0.0,0.0641,0.236842105,0.0,0.0,0.0,0.53234535,0.83333331,0.0,0.0,1284
k1857,0.0,0.0,0.263157895,0.760070507,0.0,0.0,0.70427227,0.80000001,0.000947,0.0,2841
k2963,0.0,0.0691,0.210526316,0.0,0.0,0.0,0.51208198,0.83333331,0.0,0.0,2637
k3302,0.0,0.0173,0.289473684,0.0,0.0,0.0,0.43258241,1.0,0.0173,0.0,2341
k2647,0.0,0.0495,0.105263158,0.0,0.0,0.0,0.65737122,1.0,0.0,0.0,1085
k272,0.689908381,0.155305315,0.184210526,0.0,0.0,0.0,0.58770156,0.83333331,0.232237813,0.0,2123
k454,0.0,0.0853,0.236842105,0.0,0.0,0.0,0.79086339,0.60000002,0.0693,0.0,3219
k3366,0.0,0.019,0.0263,0.0,0.0,0.0,0.28576279,0.5,0.0,0.0,1615
k1746,0.0,0.0,0.0,0.0,0.0,0.0,0.037,1.0,0.0,0.0,2092
k2439,0.0,0.0,0.263157895,0.0,0.0,0.0,0.36264464,0.75,0.0,0.0,370
k2966,0.0,0.0914,0.184210526,0.0,0.0,0.0,0.52100194,1.0,0.0173,0.0,2820
k1569,0.0,0.104735033,0.236842105,0.0,0.0,0.0,0.39459041,0.83333331,0.107459408,0.0,1009
k2268,0.0,0.0296,0.210526316,0.630825859,0.0,0.0,0.66688472,1.0,0.235655074,0.0,1546
k1317,0.0,0.0173,0.184210526,0.0,0.0,0.0,0.59068137,1.0,0.0,0.0,178
k2402,0.0,0.0,0.210526316,0.634480792,0.0,0.0,0.59898353,0.83333331,0.046,0.0,2106
k1853,0.0,0.0316,0.131578947,0.0,0.0,0.0,0.41054836,1.0,0.000947,0.0,3208
k106,0.0,0.0569,0.447368421,0.0,0.0,0.0,0.52465326,1.0,0.0356,0.0,527
k2286,0.0,0.127588767,0.105263158,0.0,0.0,0.0,0.68787611,1.0,0.0346,0.0,3112
k1433,0.0,0.0351,0.157894737,0.0,0.0,0.0,0.59309107,1.0,0.0537,0.0,488
k2851,0.0,0.104735033,0.263157895,0.0,0.0,0.0,0.34391096,0.80000001,0.107459408,0.0,1797
k2114,0.0,0.0,0.0526,0.0,0.0,0.0,0.58508927,1.0,0.0,0.0,1446
k2565,0.0,0.0,0.289473684,0.832469283,0.0,0.0,0.3267287,1.0,0.0,0.0,1089
k208,0.0,0.0691,0.447368421,0.0,0.0,0.0,0.3501358,0.85714287,0.0,0.0,127
k2225,0.778653534,0.0173,0.105263158,0.454715123,0.0,0.0,0.49963823,0.5,0.154477105,0.0,114
k1029,0.0,0.0346,0.105263158,0.550184043,0.0,0.0,0.40217054,1.0,0.0772,0.0,2426
k1141,0.0,0.0284,0.157894737,0.0,0.0,0.0,0.47972474,1.0,0.0173,0.0,439
k2374,0.0,0.0808,0.210526316,0.622297683,0.0,0.0,0.56942844,0.85714287,0.118949702,0.0,3080
k3354,0.0,0.0346,0.184210526,0.0,0.0,0.0,0.36390862,1.0,0.046,0.0,733
k3391,0.0,0.0346,0.105263158,0.0,0.0,0.0,0.2746588,0.66666669,0.0,0.0,2209
k2282,0.0,0.0432,0.105263158,0.0,0.0,0.0,0.61293858,0.75,0.0,0.0,2352
k2277,0.471955055,0.0,0.131578947,0.0,0.0,0.0,0.79453796,1.0,0.107459408,0.0,3021
k1099,0.0,0.120217351,0.131578947,0.0,0.0,0.0,0.67015088,0.80000001,0.124778412,0.0,1356
k3032,0.0,0.0,0.0263,0.0,0.0,0.0,0.26974738,1.0,0.0,0.0,1860
k2701,0.0,0.0173,0.105263158,0.0,0.0,0.0,0.51886392,0.75,0.0537,0.0,122
k819,0.0,0.0351,0.0789,0.0,0.0,0.0,0.79732019,0.5,0.0173,0.0,2753
k1386,0.0,0.0216,0.210526316,0.728342579,0.0,0.0,0.5525682,1.0,0.000947,0.0,3128
k708,0.0,0.0173,0.236842105,0.0,0.0,0.0,0.47743517,0.80000001,0.107459408,0.0,646
k2234,0.583835602,0.0173,0.210526316,0.689434393,0.0,0.0,0.40007797,0.83333331,0.000947,0.0,1859
k3310,0.0,0.219574765,0.184210526,0.0,0.0,0.0,0.57593936,0.83333331,0.232237813,0.0,1581
k585,0.0,0.143810582,0.184210526,0.0,0.0,0.0,0.46098131,0.83333331,0.071,0.0,2634
k1744,0.0,0.0346,0.263157895,0.0,0.0,0.0,0.30144733,0.80000001,0.0,0.0,2709
k1259,0.0,0.0173,0.315789474,0.775027218,0.0,0.0,0.42253894,1.0,0.000947,0.0,2799
k462,0.546110699,0.0346,0.184210526,0.0,0.0,0.0,0.46981585,0.80000001,0.092,0.0,3114
k1081,0.0,0.0,0.157894737,0.0,0.0,0.0,0.49799117,1.0,0.107459408,0.0,1280
k870,0.0,0.0,0.184210526,0.0,0.0,0.0,0.50529492,1.0,0.046,0.0,1632
k864,0.0,0.0346,0.131578947,0.0,0.0,0.0,0.48425257,1.0,0.0,0.0,647
k384,0.0,0.0351,0.368421053,0.0,0.0,0.0,0.50553322,1.0,0.124778412,0.0,3153
k137,0.404126903,0.126002167,0.421052632,0.782596298,0.0,0.0,0.75166529,0.8888889,0.216812616,0.087,1263
k2836,0.0,0.0346,0.210526316,0.0,0.0,0.0,0.30707163,0.5,0.0,0.0,363
k1040,0.0,0.0,0.184210526,0.681113588,0.0,0.0,0.5203504,0.75,0.047,0.0,1653
k2129,0.0,0.0173,0.263157895,0.0,0.0,0.0,0.3509433,1.0,0.0537,0.0,2720
k3082,0.0,0.0346,0.473684211,0.0,0.0,0.0,0.31527206,0.8888889,0.0,0.0,147
k214,0.237003712,0.0346,0.157894737,0.676369952,0.0,0.0,0.30107993,1.0,0.000947,0.0,220
k866,0.0,0.0173,0.236842105,0.0,0.0,0.0,0.50667942,1.0,0.107459408,0.0435,1348
k867,0.0,0.0,0.289473684,0.0,0.0,0.0,0.49633443,0.80000001,0.0,0.0,1116
k310,0.0,0.2150583,0.289473684,0.0,0.0,0.0,0.33670977,0.80000001,0.0173,0.0,867
k23,0.0,0.0,0.447368421,0.0,0.0,0.0,0.4738327,1.0,0.046,0.0,2819
k1790,0.0,0.0173,0.263157895,0.0,0.0,0.0,0.3509433,1.0,0.0537,0.0,2492
k2910,0.0,0.0,0.289473684,0.0,0.0,0.0,0.30452272,1.0,0.0,0.0,319
k2171,0.0,0.0445,0.236842105,0.66981181,0.0,0.0,0.66611063,1.0,0.235655074,0.087,2347
k2113,0.0,0.0,0.289473684,0.0,0.0,0.0,0.26392689,0.60000002,0.0,0.0,2378
k485,0.0,0.0346,0.236842105,0.0,0.0,0.0,0.5139218,0.60000002,0.000947,0.0,3036
k2128,0.0,0.0,0.0789,0.578697703,0.0,0.0,0.44958571,1.0,0.0853,0.0,671
k709,0.0,0.0742,0.184210526,0.0,0.0,0.0,0.60241598,0.75,0.0346,0.0,2022
k2494,0.0,0.0,0.289473684,0.790450516,0.0,0.0,0.51427406,1.0,0.0,0.0,3253
k46,0.0,0.0864,0.263157895,0.724661724,0.0,0.0,0.46162826,1.0,0.000947,0.0,1736
k3042,0.0,0.0,0.0526,0.0,0.0,0.0,0.56918806,0.66666669,0.0,0.0,1456
k1036,0.0,0.0346,0.289473684,0.0,0.0,0.0,0.33750898,1.0,0.0,0.0,2996
k115,0.0,0.015,0.157894737,0.52695837,0.0,0.0,0.55433118,0.75,0.000947,0.0,99
k1969,0.0,0.0457,0.263157895,0.0,0.0,0.0,0.32016373,0.80000001,0.0537,0.0,928
k1159,0.15398688,0.0,0.157894737,0.0,0.0,0.0,0.66660666,0.75,0.0537,0.0,2129
k611,0.0,0.0524,0.289473684,0.0,0.0,0.0,0.41467753,1.0,0.0173,0.0,2405
k2603,0.0,0.0346,0.263157895,0.0,0.0,0.0,0.44395095,1.0,0.0173,0.0,2206
k920,0.0,0.481398291,0.315789474,0.0,0.0,0.0,0.66185707,1.0,0.499113663,0.130434783,3105
k3361,0.0,0.0553,0.105263158,0.0,0.0,0.0,0.27231613,0.75,0.0,0.0,798
k754,0.0,0.0569,0.263157895,0.691222977,0.0,0.0,0.55362034,1.0,0.0183,0.0,73
k110,0.0,0.0,0.184210526,0.0,0.0,0.0,0.42493182,1.0,0.046,0.0,2368
k1600,0.0,0.0346,0.210526316,0.0,0.0,0.0,0.36825317,1.0,0.0,0.0,2711
k50,0.582152391,0.0346,0.210526316,0.698377313,0.0,0.0,0.4628047,1.0,0.000947,0.0,1673
k3278,0.0,0.0691,0.342105263,0.0,0.0,0.0,0.42865792,1.0,0.138021555,0.0,2884
k1314,0.0,0.0173,0.184210526,0.0,0.0,0.0,0.42145467,1.0,0.0,0.0,148
k146,0.54993621,0.0,0.210526316,0.60215667,0.0,0.0,0.70529383,1.0,0.23470817,0.0,384
k231,0.0,0.0173,0.210526316,0.0,0.0,0.0,0.49179098,1.0,0.0,0.0,1714
k1602,0.0,0.095,0.315789474,0.0,0.0,0.0,0.38946787,0.83333331,0.0,0.0,2777
k1657,0.0,0.0346,0.263157895,0.0,0.0,0.0,0.42657557,0.83333331,0.092,0.0,3209
k666,0.0,0.0,0.0263,0.0,0.0,0.0,0.57388943,1.0,0.23470817,0.0,2764
k2792,0.597276308,0.0173,0.210526316,0.63616569,0.0,0.0,0.47208741,1.0,0.000947,0.0,2945
k277,0.0,0.0284,0.289473684,0.0,0.0,0.0,0.39422473,1.0,0.0537,0.0,3295
k1611,0.0,0.0173,0.263157895,0.0,0.0,0.0,0.24734931,0.75,0.0,0.0,1270
k3300,0.0,0.0778,0.289473684,0.935170304,0.0,0.0,0.32715276,0.80000001,0.0,0.0,245
k1244,0.0,0.0901,0.394736842,0.0,0.0,0.0,0.46717337,0.875,0.0,0.0,272
k1133,0.336784816,0.0317,0.0789,0.0,0.0,0.0,0.4684464,0.75,0.0997,0.0,971
k1798,0.346301517,0.0,0.315789474,0.846752035,0.0,0.0,0.57025713,0.85714287,0.093,0.0,1763
k1699,0.0,0.410164606,0.0789,0.0,0.0,0.0625,0.63812399,0.85714287,0.500886344,0.130434783,1104
k1593,0.0,0.155305315,0.342105263,0.803100213,0.0,0.0,0.71369553,1.0,0.178508113,0.0,1477
k1080,0.0,0.0,0.131578947,0.0,0.0,0.0,0.65355897,1.0,0.0,0.0,1350
k749,0.393333726,0.0173,0.105263158,0.687930945,0.0,0.0,0.58341253,0.75,0.047,0.0,3305
k2074,0.0,0.0284,0.236842105,0.0,0.0,0.0,0.47699726,0.80000001,0.0,0.0,208
k1735,0.0,0.0518,0.131578947,0.0,0.0,0.0,0.34986725,1.0,0.0,0.0,530
k2186,0.0,0.0284,0.447368421,0.0,0.0,0.0,0.44766584,1.0,0.0183,0.0,2084
k2915,0.0,0.0346,0.315789474,0.0,0.0,0.0,0.30782205,1.0,0.0,0.0,391
k3061,0.0,0.0346,0.131578947,0.826196278,0.0,0.0,0.46039313,0.66666669,0.046,0.0,299
k3416,0.0,0.0173,0.236842105,0.553320545,0.0,0.0,0.35618916,0.83333331,0.0772,0.0,1646
k797,0.0,0.138025771,0.236842105,0.681813469,0.0,0.0,0.81433445,0.83333331,0.232237813,0.0,2577
k2425,0.0,0.038,0.0789,0.0,0.0,0.0,0.27593488,0.66666669,0.0,0.0,2692
k1023,0.373702372,0.0904,0.0789,0.581886049,0.0,0.0,0.38543239,1.0,0.0547,0.0,1179
k2714,0.0,0.0,0.210526316,0.850769869,0.0,0.0,0.57428372,0.75,0.092,0.0,715
k262,0.567293157,0.0457,0.315789474,0.645315983,0.0,0.0,0.51721382,0.85714287,0.0192,0.0,3315
k2547,0.0,0.0,0.157894737,0.0,0.0,0.0,0.47284082,0.66666669,0.092,0.0,2308
k3181,0.0,0.0562,0.394736842,0.0,0.0,0.0,0.49450362,0.80000001,0.0,0.0,1182
k1899,0.0,0.113767943,0.210526316,0.0,0.0,0.0,0.57154542,0.83333331,0.0346,0.0,2268
k3057,0.0,0.0499,0.105263158,0.0,0.0,0.0,0.64267302,0.33333334,0.107459408,0.0,1890
k2837,0.0,0.038,0.0789,0.0,0.0,0.0,0.30854276,0.66666669,0.046,0.0,885
k2795,0.0,0.0546,0.263157895,0.754601068,0.0,0.0,0.59593421,1.0,0.046,0.0,1465
k244,0.0,0.0,0.184210526,0.0,0.0,0.0,0.65862525,0.75,0.0,0.0,827
k2572,0.0,0.209470066,0.184210526,0.0,0.0,0.0,0.42513561,1.0,0.124778412,0.0,1052
k2670,0.0,0.170733081,0.157894737,0.0,0.0,0.0,0.34713,1.0,0.0346,0.0,2724
k2143,0.0,0.0,0.210526316,0.0,0.0,0.0,0.43077672,0.75,0.0,0.0,2135
k84,0.0,0.0,0.157894737,0.0,0.0,0.0,0.40201965,0.0,0.0,0.0,2097
k2622,0.0,0.0864,0.263157895,0.745424854,0.0,0.0,0.4523243,1.0,0.046,0.0,886
k3430,0.204560003,0.0,0.157894737,0.821841464,0.0,0.0,0.57517803,0.83333331,0.0,0.0,1296
k1500,0.0,0.0457,0.236842105,0.0,0.0,0.0,0.54119736,0.75,0.0346,0.0,2236
k2605,0.0,0.0,0.236842105,0.0,0.0,0.0,0.51067519,0.80000001,0.0393,0.0,996
k816,0.0,0.0907,0.263157895,0.0,0.0,0.0,0.32957345,0.80000001,0.0,0.0,3314
k2580,0.0,0.0907,0.184210526,0.893073773,0.0,0.0,0.43586871,1.0,0.046,0.0,2162
k1274,0.0,0.0,0.131578947,0.825651926,0.0,0.0,0.78638577,0.0,0.000947,0.0,1436
k1650,0.0,0.0569,0.236842105,0.0,0.0,0.0,0.46491373,1.0,0.109333377,0.0,190
k566,0.0,0.0,0.184210526,0.613406605,0.0,0.0,0.56598681,0.75,0.047,0.0,2674
k1041,0.0,0.0,0.131578947,0.0,0.0,0.0,0.45173684,1.0,0.0,0.0,133
k1158,0.0,0.0,0.263157895,0.0,0.0,0.0,0.37022927,1.0,0.0,0.0,1414
k1771,0.0,0.104735033,0.289473684,0.0,0.0,0.0,0.33891749,0.80000001,0.0173,0.0,1839
k3041,0.0,0.0173,0.157894737,0.399787444,0.0,0.0,0.37763962,1.0,0.0,0.0,2431
k2083,0.0,0.126002167,0.105263158,0.0,0.0,0.0,0.43980458,0.60000002,0.107459408,0.0,1315
k2222,0.0,0.0284,0.236842105,0.0,0.0,0.0,0.59252477,0.80000001,0.252027161,0.0,1574
k1822,0.0,0.0173,0.105263158,0.0,0.0,0.0,0.60806584,0.66666669,0.0173,0.0,93
k1505,0.0,0.0173,0.289473684,0.0,0.0,0.0,0.26107743,0.80000001,0.0,0.0,557
k1374,0.0,0.0663,0.289473684,0.945979574,0.0,0.0,0.43339074,0.83333331,0.0,0.0,1844
k2452,0.0,0.1921905,0.236842105,0.0,0.0,0.0,0.42513561,1.0,0.124778412,0.0,2152
k2926,0.0,0.0173,0.236842105,0.0,0.0,0.0,0.42801714,1.0,0.092,0.0,451
k2022,0.0,0.0,0.105263158,0.0,0.0,0.0,0.36268544,0.66666669,0.0,0.0,752
k1571,0.0,0.0284,0.105263158,0.0,0.0,0.0,0.48516288,0.33333334,0.0997,0.0,2286
k2131,0.0,0.0641,0.447368421,0.0,0.0,0.0,0.44233435,1.0,0.23470817,0.0,132
k484,0.0,0.078,0.236842105,0.0,0.0,0.0,0.70245022,1.0,0.0173,0.0,2763
k281,0.0,0.0,0.263157895,0.0,0.0,0.0,0.34086245,0.80000001,0.046,0.0,679
k1388,0.163240353,0.0524,0.236842105,0.0,0.0,0.0,0.68150514,1.0,0.0537,0.0,597
k1369,0.0,0.0,0.105263158,0.625667479,0.0,0.0,0.73284274,1.0,0.000947,0.0,1966
k1941,0.0,0.0,0.315789474,0.0,0.0,0.0,0.35967362,0.80000001,0.0,0.0,341
k396,0.0,0.0296,0.210526316,0.663020374,0.0,0.0,0.69510114,0.80000001,0.235655074,0.0,2623
k2028,0.0,0.0346,0.263157895,0.0,0.0,0.0,0.35430625,1.0,0.0,0.0,2376
k799,0.0,0.0,0.184210526,0.0,0.0,0.0,0.44587797,0.83333331,0.0,0.0,2040
k1845,0.0,0.123479505,0.368421053,0.0,0.0,0.0,0.45481396,0.83333331,0.0173,0.0,2118
k2830,0.0,0.0351,0.0789,0.0,0.0,0.0,0.64313102,0.5,0.0173,0.0,2244
k2796,0.0,0.0,0.157894737,0.0,0.0,0.0,0.55097389,0.66666669,0.0559,0.0,921
k777,0.0,0.0,0.0263,0.360023848,0.0,0.0,0.67839909,0.5,0.0,0.0,1143
k2873,0.0,0.0,0.0789,0.0,0.0,0.0,0.35636145,1.0,0.0,0.0,3165
k1251,0.0,0.0,0.105263158,0.0,0.0,0.0,0.72756207,0.66666669,0.0537,0.0,293
k910,0.0,0.0,0.131578947,0.0,0.0,0.0,0.50196177,1.0,0.0,0.0,1332
k1667,0.0,0.0,0.105263158,0.0,0.0,0.0,0.66856903,0.75,0.0,0.0,1701
k156,0.0,0.0,0.210526316,0.0,0.0,0.0,0.64311832,0.75,0.0403,0.0,441
k1876,0.0,0.0406,0.184210526,0.852636218,0.0,0.0,0.6090126,0.75,0.047,0.0,3064
k2519,0.0,0.0368,0.0526,0.0,0.0,0.0,0.52146095,1.0,0.0173,0.0,3098
k1854,0.0,0.0284,0.263157895,0.0,0.0,0.0,0.36702287,0.60000002,0.0537,0.0,226
k3420,0.0,0.0464,0.0263,0.0,0.0,0.0,0.23162554,1.0,0.0,0.0,2314
k1031,0.0,0.104735033,0.236842105,0.0,0.0,0.0,0.39280728,1.0,0.107459408,0.0,1309
k1646,0.0,0.0,0.0526,0.0,0.0,0.0,0.48645905,0.5,0.0537,0.0,1626
k1700,0.0,0.0284,0.263157895,0.0,0.0,0.0,0.36702287,0.60000002,0.0537,0.0,810
k2184,0.0,0.0284,0.105263158,0.0,0.0,0.0,0.68115085,1.0,0.0633,0.0,1292
k534,0.0,0.0,0.473684211,0.0,0.0,0.0,0.47167757,1.0,0.0173,0.0,2689
k1401,0.0,0.183415001,0.236842105,0.0,0.0,0.0,0.68631768,0.80000001,0.105686721,0.0,1805
k1660,0.0,0.176769026,0.184210526,0.0,0.0,0.0,0.58586538,1.0,0.142097417,0.0,880
k890,0.0,0.0,0.210526316,0.858131578,0.0,0.0,0.57428372,0.80000001,0.092,0.0,3068
k3381,0.0,0.0357,0.105263158,0.0,0.0,0.0,0.32525069,0.33333334,0.0,0.0,3430
k1833,0.0,0.112944646,0.315789474,0.848022189,0.0,0.0,0.52961183,1.0,0.072,0.0,2938
k798,0.0,0.0,0.0,0.0,0.0,0.0,0.27766156,1.0,0.0,0.0,303
k57,0.0,0.102605503,0.157894737,0.0,0.0,0.0,0.44793138,1.0,0.161189101,0.0,842
k405,0.0,0.0439,0.184210526,0.0,0.0,0.0,0.61563146,0.75,0.0,0.0,2401
k1145,0.0,0.0346,0.236842105,0.881668308,0.0,0.0,0.48962313,0.75,0.046,0.0,2840
k1319,0.0,0.094,0.236842105,0.0,0.0,0.0,0.75961763,0.80000001,0.124778412,0.0,294
k2619,0.0,0.125188342,0.421052632,0.909948675,0.0,0.0,0.52592629,1.0,0.0183,0.0,2867
k2845,0.0,0.0,0.0789,0.514386438,0.0,0.0,0.59470159,1.0,0.0,0.0,1657
k1870,0.0,0.0225,0.0,0.0,0.0,0.0,0.21248612,0.5,0.0537,0.0,1327
k1666,0.0,0.0,0.289473684,0.0,0.0,0.0,0.46926716,1.0,0.0,0.0,1067
k1209,0.0,0.0296,0.157894737,0.0,0.0,0.0,0.59653682,1.0,0.23470817,0.0,1092
k1579,0.0,0.0411,0.236842105,0.0,0.0,0.0,0.43706891,1.0,0.0547,0.0,592
k936,0.0,0.0173,0.289473684,0.0,0.0,0.0,0.25613111,0.80000001,0.0,0.0,2770
k2468,0.0,0.0284,0.210526316,0.0,0.0,0.0,0.38091111,1.0,0.0537,0.0,2076
k1970,0.0,0.0,0.236842105,0.0,0.0,0.0,0.35638213,0.80000001,0.0,0.0,1980
k1921,0.0,0.0,0.131578947,0.574446576,0.0,0.0,0.46077695,0.66666669,0.0,0.0,3184
k1092,0.0,0.0524,0.263157895,0.0,0.0,0.0,0.45656735,0.75,0.0173,0.0,1721
k1224,0.0,0.130322051,0.236842105,0.0,0.0,0.0,0.54940981,0.75,0.071,0.0,2675
k1491,0.585752064,0.0363,0.210526316,0.679636062,0.0,0.0,0.42847222,0.83333331,0.000947,0.0,141
k1819,0.0,0.0173,0.263157895,0.0,0.0,0.0,0.31394312,0.80000001,0.0,0.0,3405
k3070,0.0,0.0284,0.236842105,0.812872622,0.0,0.0,0.36989412,1.0,0.0537,0.0,1706
k352,0.0,0.091,0.0,0.0,0.0,0.0,0.21679075,0.66666669,0.0537,0.0,1238
k2071,0.0,0.019,0.236842105,0.0,0.0,0.0,0.35413632,0.80000001,0.0,0.0,3292
k1997,0.0,0.0173,0.289473684,0.0,0.0,0.0,0.26107743,0.80000001,0.0,0.0,1211
k791,0.0,0.0,0.157894737,0.0,0.0,0.0,0.45116818,0.75,0.0,0.0,2374
k950,0.0,0.05,0.184210526,0.0,0.0,0.0,0.58711421,0.75,0.0,0.0,1727
k1048,0.0,0.107332584,0.315789474,0.0,0.0,0.0,0.51077205,1.0,0.0,0.0,3364
k1674,0.0,0.0346,0.131578947,0.0,0.0,0.0,0.57208967,0.80000001,0.0,0.0,1731
k808,0.0,0.0173,0.289473684,0.0,0.0,0.0,0.26107743,1.0,0.0,0.0,443
k1086,0.0,0.0524,0.184210526,0.0,0.0,0.0,0.53242099,1.0,0.20231795,0.0,612
k2134,0.0,0.0346,0.263157895,0.0,0.0,0.0,0.41636252,0.80000001,0.0,0.0,548
k2555,0.0,0.0225,0.0526,0.0,0.0,0.0,0.17726088,1.0,0.0,0.0,1391
k1956,0.0,0.0173,0.342105263,0.0,0.0,0.0,0.25220174,0.80000001,0.0,0.0,2935
k2630,0.0,0.0439,0.236842105,0.721032713,0.0,0.0,0.51722223,1.0,0.000947,0.0,1724
k2794,0.0,0.0518,0.315789474,0.905542019,0.0,0.0,0.45639026,1.0,0.0,0.0,305
k793,0.0,0.0346,0.263157895,0.0,0.0,0.0,0.29256964,0.60000002,0.0,0.0,994
k90,0.0,0.0949,0.184210526,0.0,0.0,0.0,0.40102723,1.0,0.109333377,0.0,2889
k865,0.568832885,0.138025771,0.263157895,0.755508321,0.0,0.0,0.71262926,0.85714287,0.0693,0.087,1038
k2030,0.0,0.0,0.131578947,0.0,0.0,0.0,0.44650456,0.75,0.0,0.0,69
k1219,0.0,0.132837488,0.105263158,0.0,0.0,0.0,0.4050515,1.0,0.218191908,0.0,1527
k2029,0.0,0.0518,0.289473684,0.757659806,0.0,0.0,0.44527578,1.0,0.000947,0.0,308
k1556,0.0,0.0562,0.473684211,0.955233553,0.0,0.0,0.46402493,1.0,0.000947,0.0,1338
k2728,0.0,0.0,0.0526,0.404116336,0.0,0.0,0.45837942,0.66666669,0.0853,0.0,3148
k2959,0.0,0.200165691,0.105263158,0.0,0.0,0.0,0.58178753,0.80000001,0.178508113,0.0,2794
k1787,0.0,0.0914,0.210526316,0.0,0.0,0.0,0.73771375,0.80000001,0.0346,0.0,2899
k2314,0.0,0.0,0.157894737,0.0,0.0,0.0,0.45943266,0.66666669,0.092,0.0,1634
k230,0.0,0.0,0.289473684,0.0,0.0,0.0,0.30452272,0.80000001,0.0,0.0,396
k1663,0.0,0.015,0.0789,0.788143501,0.0,0.0,0.53033841,1.0,0.046,0.0,390
k73,0.0,0.122014572,0.236842105,0.0,0.0,0.0,0.36039129,1.0,0.107459408,0.0,2167
k857,0.0,0.0284,0.289473684,0.0,0.0,0.0,0.32011595,0.80000001,0.0537,0.0,1842
k78,0.0,0.0173,0.289473684,0.0,0.0,0.0,0.26107743,0.80000001,0.0,0.0,1259
k2542,0.0,0.0742,0.131578947,0.0,0.0,0.0,0.42305493,0.75,0.107459408,0.0,2153
k116,0.0,0.0284,0.289473684,0.0,0.0,0.0,0.43183947,0.85714287,0.0173,0.0,2816
k827,0.0,0.0,0.131578947,0.0,0.0,0.0,0.76785833,1.0,0.0,0.0,820
k2749,0.0,0.200165691,0.105263158,0.0,0.0,0.0,0.58178753,0.80000001,0.178508113,0.0,1399
k3139,0.0,0.0284,0.289473684,0.0,0.0,0.0,0.29658973,0.80000001,0.0537,0.0,2814
k759,0.0,0.0173,0.263157895,0.0,0.0,0.0,0.67011988,0.83333331,0.0,0.0,514
k672,0.0,0.0734,0.289473684,0.766706413,0.0,0.0,0.5186367,1.0,0.047,0.0,2041
k2567,0.0,0.0569,0.263157895,0.0,0.0,0.0,0.4592922,0.83333331,0.0173,0.0,2565
k849,0.0,0.0346,0.0526,0.0,0.0,0.0,0.38053963,1.0,0.0,0.0,2068
k2349,0.0,0.0612,0.263157895,0.0,0.0,0.0,0.62758982,1.0,0.0346,0.0,2721
k266,0.608435054,0.0173,0.210526316,0.608274146,0.0,0.0,0.47208741,1.0,0.000947,0.0,343
k349,0.0,0.0346,0.184210526,0.0,0.0,0.0,0.46547714,0.80000001,0.046,0.0,71
k745,0.0,0.0346,0.289473684,0.0,0.0,0.0,0.30452272,1.0,0.0,0.0,3124
k2618,0.0,0.109251488,0.210526316,0.0,0.0,0.0,0.63984948,0.75,0.052,0.0,2217
k2337,0.290648432,0.0216,0.105263158,0.0,0.0,0.0,0.57936847,0.75,0.0997,0.0,602
k656,0.366397754,0.0216,0.0789,0.549639691,0.0,0.0625,0.63804871,0.75,0.100683794,0.0,912
k1131,0.0,0.0,0.236842105,0.0,0.0,0.0,0.43163577,0.83333331,0.046,0.0,2468
k735,0.0,0.0814,0.473684211,0.896339883,0.0,0.0,0.511347,0.875,0.0346,0.0435,1039
k1074,0.0,0.0389,0.236842105,0.0,0.0,0.0,0.62519217,0.75,0.0,0.0,2173
k3293,0.0,0.0346,0.157894737,0.0,0.0,0.0,0.33399358,1.0,0.0,0.0,1248
k1376,0.0,0.0,0.263157895,0.0,0.0,0.0,0.35803497,0.80000001,0.0,0.0,3094
k2522,0.0,0.104735033,0.184210526,0.0,0.0,0.0,0.52326232,0.66666669,0.0173,0.0,1048
k1509,0.0,0.0346,0.236842105,0.0,0.0,0.0,0.47779709,0.80000001,0.0,0.0,1119
k2375,0.0,0.0173,0.0526,0.0,0.0,0.0,0.54679757,0.66666669,0.092,0.0,3390
k1160,0.0,0.0173,0.131578947,0.0,0.0,0.0,0.53133512,0.80000001,0.0,0.0,3206
k1984,0.0,0.0284,0.0789,0.0,0.0,0.0,0.51663506,0.75,0.0173,0.0,1699
k3208,0.0,0.0346,0.210526316,0.0,0.0,0.0,0.43245924,0.80000001,0.092,0.0,1002
k2392,0.80762895,0.24960335,0.394736842,0.0,0.0,0.0,0.54931921,1.0,0.284194834,0.087,739
k1227,0.0,0.0346,0.210526316,0.0,0.0,0.0,0.47904524,0.83333331,0.0,0.0,3294
k71,0.0,0.0173,0.105263158,0.593887708,0.0,0.0,0.54211313,0.75,0.000947,0.0,998
k2800,0.0,0.0173,0.236842105,0.0,0.0,0.0,0.5891217,0.83333331,0.0,0.0,2143
k229,0.0,0.0474,0.289473684,0.0,0.0,0.0,0.38718525,1.0,0.0537,0.0,486
k1000,0.0,0.0691,0.368421053,0.948364353,0.0,0.0,0.39224529,1.0,0.0,0.0,1152
k1605,0.0,0.0173,0.105263158,0.0,0.0,0.0,0.45497984,0.75,0.0,0.0,927
k223,0.0,0.0,0.157894737,0.0,0.0,0.0,0.57557112,0.75,0.0,0.0,307
k2775,0.0,0.0,0.368421053,0.0,0.0,0.0,0.23986678,0.83333331,0.0,0.0,3143
k2331,0.0,0.0173,0.236842105,0.0,0.0,0.0,0.26760527,1.0,0.0,0.0,475
k1539,0.0,0.0,0.157894737,0.0,0.0,0.0,0.45298648,1.0,0.0,0.0,1532
k1727,0.0,0.235782515,0.210526316,0.0,0.0,0.0,0.73016864,0.80000001,0.105686721,0.0,130
k2700,0.0,0.0363,0.236842105,0.0,0.0,0.0,0.27647692,0.75,0.0,0.0,2069
k1968,0.0,0.0457,0.105263158,0.0,0.0,0.0,0.5888564,1.0,0.0633,0.0,2622
k1416,0.0,0.076,0.0,0.0,0.0,0.0,0.19392928,0.25,0.0,0.0,3333
k2610,0.0,0.117396221,0.0263,0.0,0.0,0.0,0.26580063,0.5,0.0,0.0,2505
k1431,0.0,0.0,0.236842105,0.0,0.0,0.0,0.40209669,0.75,0.0,0.0,311
k93,0.0,0.0569,0.289473684,0.0,0.0,0.0,0.32337588,0.80000001,0.0173,0.0,2391
k3204,0.0,0.139294127,0.236842105,0.0,0.0,0.0,0.41251773,0.80000001,0.107459408,0.0,195
k1018,0.0,0.0173,0.131578947,0.0,0.0,0.0,0.38128281,0.66666669,0.0,0.0,1011
k739,0.0,0.0363,0.0789,0.0,0.0,0.0,0.36519131,0.66666669,0.046,0.0,2939
k1664,0.281768386,0.0,0.131578947,0.754238167,0.0,0.0,0.8955754,1.0,0.100683794,0.0,3011
k1464,0.0,0.117558961,0.289473684,0.0,0.0,0.0,0.62941337,0.80000001,0.052,0.0,2021
k2787,0.0,0.0562,0.184210526,0.830110426,0.0,0.0,0.67262423,0.83333331,0.0547,0.0,1345
k1215,0.0,0.0695,0.184210526,0.0,0.0,0.0,0.64664155,0.80000001,0.0346,0.0,2256
k1188,0.0,0.242428489,0.236842105,0.0,0.0,0.0,0.69508946,0.80000001,0.105686721,0.0,566
k2312,0.0,0.0635,0.157894737,0.0,0.0,0.0,0.53328204,0.75,0.0537,0.0,142
k1230,0.0,0.0949,0.210526316,0.0,0.0,0.0,0.34103116,1.0,0.0633,0.0,2331
k674,0.0,0.0981,0.368421053,0.0,0.0,0.0,0.5010311,1.0,0.0346,0.0,2150
k3405,0.0,0.0,0.0526,0.0,0.0,0.0,0.28367132,0.5,0.0,0.0,51
k3086,0.0,0.0346,0.210526316,0.0,0.0,0.0,0.72950327,0.80000001,0.0346,0.0,1748
k1519,0.0,0.0696,0.131578947,0.0,0.0,0.0,0.52664721,0.75,0.201304634,0.0,1885
k3232,0.0,0.0569,0.289473684,0.700243662,0.0,0.0,0.47644174,0.83333331,0.0183,0.0,952
k552,0.0,0.0284,0.289473684,0.0,0.0,0.0,0.31034115,0.80000001,0.0537,0.0,603
k120,0.0,0.0,0.315789474,0.0,0.0,0.0,0.24201377,0.80000001,0.0,0.0,1390
k2016,0.0,0.129419825,0.184210526,0.0,0.0,0.0,0.36942837,1.0,0.107459408,0.0,2048
k2527,0.0,0.0524,0.157894737,0.0,0.0,0.0,0.68081981,1.0,0.0537,0.0,835
k404,0.0,0.0,0.368421053,0.0,0.0,0.0,0.43152118,0.875,0.0173,0.0,2302
k399,0.578426218,0.0351,0.0789,0.0,0.0,0.0,0.79561836,1.0,0.124778412,0.0,1892
k3186,0.0,0.0742,0.315789474,0.752423661,0.0,0.0,0.59429681,0.875,0.072,0.0,792
k1349,0.0,0.0,0.105263158,0.0,0.0,0.0,0.52869076,1.0,0.0,0.0,1349
k924,0.0,0.0929,0.368421053,0.692519052,0.0,0.0,0.53218722,0.875,0.071,0.0,2702
k765,0.0,0.0296,0.236842105,0.0,0.0,0.0,0.62660813,1.0,0.252027161,0.0,2915
k747,0.0,0.0515,0.236842105,0.76992068,0.0,0.0,0.66954792,1.0,0.0479,0.0,1795
k2693,0.0,0.0949,0.210526316,0.0,0.0,0.0,0.40526664,1.0,0.0173,0.0,2678
k20,0.0,0.0363,0.105263158,0.0,0.0,0.0,0.12446465,1.0,0.0,0.0,2595
k1144,0.0,0.0,0.105263158,0.0,0.0,0.0,0.51148212,0.66666669,0.0,0.0,2832
k1146,0.0,0.0557,0.236842105,0.0,0.0,0.0,0.50488102,1.0,0.071,0.0,699
k1768,0.0,0.0346,0.289473684,0.0,0.0,0.0,0.37011483,1.0,0.0,0.0,421
k1840,0.0,0.0284,0.342105263,0.0,0.0,0.0,0.3319684,1.0,0.0537,0.0,1878
k2925,0.0,0.0696,0.552631579,0.867800301,0.0,0.0,0.52407426,0.90909094,0.0183,0.0,1518
k3027,0.0,0.122014572,0.236842105,0.0,0.0,0.0,0.36039129,0.80000001,0.107459408,0.0,1311
k900,0.0,0.0,0.342105263,0.0,0.0,0.0,0.31166077,0.85714287,0.0,0.0,2088
k314,0.470826495,0.0296,0.184210526,0.732567785,0.0,0.0,0.7436645,0.80000001,0.289384774,0.0,1896
k1466,0.0,0.106396527,0.236842105,0.0,0.0,0.0,0.5665285,0.83333331,0.0806,0.0,953
k2997,0.0,0.0786,0.0789,0.0,0.0,0.0,0.22169574,0.66666669,0.0,0.0,917
k2120,0.0,0.0891,0.263157895,0.0,0.0,0.0,0.61153454,1.0,0.0346,0.0,2074
k2263,0.0,0.0,0.210526316,0.549302711,0.0,0.0,0.34215692,0.75,0.0772,0.0,1770
k1328,0.0,0.183096757,0.421052632,0.78210379,0.0,0.0,0.37739304,1.0,0.000947,0.0,1823
k2505,0.0,0.0173,0.131578947,0.543107471,0.0,0.0,0.39089772,0.66666669,0.0772,0.0,3265
k2291,0.0,0.0702,0.105263158,0.0,0.0,0.0,0.92878181,0.5,0.0346,0.0,196
k1737,0.0,0.0,0.210526316,0.0,0.0,0.0,0.61381787,0.83333331,0.0,0.0,128
k1856,0.0,0.0346,0.315789474,0.765773239,0.0,0.0,0.38978183,1.0,0.000947,0.0,2559
k2467,0.0,0.0636,0.0,0.0,0.0,0.0,0.32866412,0.66666669,0.107459408,0.0,1091
k2946,0.0,0.125805596,0.157894737,0.0,0.0,0.0,0.52591151,1.0,0.0547,0.0,2522
k712,0.0,0.0846,0.236842105,0.872388408,0.0,0.0,0.55579704,0.83333331,0.109333377,0.0,2006
k1656,0.0,0.0,0.263157895,0.0,0.0,0.0,0.50157499,0.75,0.0,0.0,508
k1929,0.0,0.102937796,0.289473684,0.0,0.0,0.0,0.69740254,1.0,0.124778412,0.0,2034
k1153,0.0,0.0,0.0526,0.0,0.0,0.0,0.68727994,1.0,0.0,0.0,1867
k2761,0.0,0.0,0.184210526,0.0,0.0,0.0,0.35709301,0.66666669,0.046,0.0,3339
k2398,0.0,0.0173,0.263157895,0.0,0.0,0.0,0.61519188,0.75,0.0,0.0,2785
k3364,0.0,0.0363,0.131578947,0.810980351,0.0,0.0,0.40843874,0.66666669,0.046,0.0,38
k2221,0.0,0.019,0.184210526,0.0,0.0,0.0,0.36614707,1.0,0.0,0.0,1035
k2874,0.577351514,0.0173,0.236842105,0.687775416,0.0,0.0,0.46036959,1.0,0.000947,0.0,88
k2812,0.0,0.0,0.105263158,0.0,0.0,0.0,0.57365257,1.0,0.0,0.0,3272
k505,0.0,0.0569,0.210526316,0.855643113,0.0,0.0,0.74876261,0.83333331,0.126652388,0.0,3191
k903,0.0,0.0691,0.342105263,0.0,0.0,0.0,0.38490307,0.85714287,0.0,0.0,640
k2063,0.0,0.0,0.236842105,0.0,0.0,0.0,0.32373378,1.0,0.046,0.0,2456
k1924,0.0,0.0363,0.105263158,0.0,0.0,0.0,0.22109628,0.66666669,0.0,0.0,2524
k2253,0.0,0.0524,0.236842105,0.0,0.0,0.0,0.68269998,1.0,0.178508113,0.0,1988
k2213,0.0,0.0518,0.184210526,0.0,0.0,0.0,0.50537217,1.0,0.0,0.0,3182
k720,0.537061485,0.0524,0.236842105,0.0,0.0,0.0,0.52781641,0.83333331,0.20231795,0.0,490
k1461,0.0,0.0173,0.157894737,0.0,0.0,0.0,0.31628963,1.0,0.0,0.0,1312
k569,0.0,0.0,0.0789,0.59101042,0.0,0.0,0.58651006,1.0,0.0893,0.0,35
k2033,0.0,0.0351,0.131578947,0.0,0.0,0.0,0.70113486,1.0,0.0346,0.0,49
k1709,0.0,0.208709838,0.105263158,0.0,0.0,0.0,0.26368701,1.0,0.0346,0.0,1637
k3407,0.0,0.0,0.0526,0.0,0.0,0.0,0.49848548,0.5,0.0537,0.0,3135
k1687,0.0,0.0,0.157894737,0.0,0.0,0.0,0.59273815,1.0,0.0,0.0,315
k270,0.0,0.0346,0.342105263,0.0,0.0,0.0,0.40858051,0.85714287,0.0173,0.0,2
k1802,0.0,0.180499211,0.236842105,0.896910156,0.0,0.0,0.50484133,1.0,0.161189101,0.0435,3211
k577,0.0,0.0,0.105263158,0.0,0.0,0.0,0.70747888,1.0,0.161189101,0.0,3058
k978,0.0,0.019,0.289473684,0.617009695,0.0,0.0,0.49069926,1.0,0.0853,0.0,937
k401,0.0,0.0411,0.0789,0.0,0.0,0.0,0.55535012,0.33333334,0.0537,0.0,1938
k533,0.0,0.0696,0.368421053,0.0,0.0,0.0,0.4604888,1.0,0.0537,0.0,3246
k3251,0.0,0.019,0.131578947,0.699077194,0.0,0.0,0.57796597,1.0,0.000947,0.0,2730
k1192,0.0,0.0173,0.447368421,0.739799886,0.0,0.0,0.3425515,0.875,0.0,0.0,3048
k3106,0.0,0.0173,0.236842105,0.511457307,0.0,0.0,0.49765831,1.0,0.0948,0.0,2134
k134,0.0,0.0,0.763157895,0.0,0.0,0.0,0.56737292,1.0,0.0346,0.0,2727
k1875,0.0,0.0346,0.105263158,0.0,0.0,0.0,0.39952397,1.0,0.0,0.0,547
k1231,0.0,0.120217351,0.184210526,0.0,0.0,0.0,0.69854206,1.0,0.170785602,0.0,3176
k2014,0.849633646,0.197039259,0.421052632,0.0,0.3,0.25,0.60582036,0.90909094,0.456753088,0.217391304,2001
k2161,0.0,0.0173,0.157894737,0.0,0.0,0.0625,0.56976032,0.80000001,0.0537,0.0,209
k2942,0.0,0.0,0.236842105,0.0,0.0,0.0,0.43292853,1.0,0.0,0.0,2525
k3085,0.0,0.0173,0.289473684,0.0,0.0,0.0,0.32632336,0.80000001,0.0,0.0,136
k1205,0.0,0.0173,0.210526316,0.0,0.0,0.0,0.44883829,0.75,0.0537,0.0,3329
k973,0.0,0.0173,0.105263158,0.0,0.0,0.0,0.49543911,0.75,0.0173,0.0,3115
k1786,0.0,0.0605,0.210526316,0.0,0.0,0.0,0.51072305,1.0,0.0,0.0,3423
k2336,0.0,0.0284,0.315789474,0.0,0.0,0.0,0.29168895,0.83333331,0.0,0.0,522
k3422,0.0,0.104735033,0.263157895,0.0,0.0,0.0,0.35043123,0.80000001,0.107459408,0.0,1545
k2087,0.0,0.162370301,0.131578947,0.0,0.0,0.0,0.4670642,1.0,0.0,0.0,160
k1318,0.0,0.0284,0.131578947,0.0,0.0,0.0,0.61789227,1.0,0.0173,0.0,2670
k1050,0.0,0.0284,0.210526316,0.0,0.0,0.0,0.5489471,0.75,0.071,0.0,1449
k209,0.0,0.0883,0.0,0.0,0.0,0.0,0.30059156,0.5,0.0,0.0,3259
k221,0.0,0.0261,0.184210526,0.0,0.0,0.0,0.46511278,0.66666669,0.0537,0.0,2744
k2056,0.0,0.140351867,0.131578947,0.0,0.0,0.0,0.66235232,0.75,0.0884,0.0,3297
k2961,0.0,0.0472,0.447368421,0.0,0.0,0.0,0.53024274,1.0,0.0,0.087,181
k2049,0.0,0.0,0.184210526,0.0,0.0,0.0,0.49807906,1.0,0.0,0.0,2838
k2397,0.70638156,0.0731,0.0789,0.0,0.0,0.0,0.48502415,0.75,0.0346,0.0,836
k2039,0.0,0.0569,0.105263158,0.0,0.0,0.0,0.77666759,0.5,0.0806,0.0,3029
k1813,0.0,0.0591,0.0789,0.0,0.0,0.0,0.44171828,1.0,0.0173,0.0,1344
k2975,0.0,0.0522,0.105263158,0.0,0.0,0.0,0.76703751,0.33333334,0.107459408,0.0,544
k469,0.0,0.0869,0.315789474,0.0,0.0,0.0,0.41530088,0.80000001,0.0173,0.0,3005
k1232,0.769578542,0.175439826,0.105263158,0.0,0.0,0.0,0.72922957,1.0,0.232237813,0.0,2361
k994,0.0,0.0,0.157894737,0.0,0.0,0.0,0.53486842,0.75,0.092,0.0,1957
k2537,0.0,0.0173,0.131578947,0.0,0.0,0.0,0.20900244,1.0,0.0,0.0,809
k1707,0.0,0.057,0.0526,0.0,0.0,0.0,0.27738431,0.66666669,0.046,0.0,1817
k3112,0.0,0.0,0.315789474,0.0,0.0,0.0,0.4508462,1.0,0.0,0.0,2985
k1684,0.0,0.174910961,0.157894737,0.0,0.0,0.0,0.67978108,1.0,0.242132487,0.0,852
k2643,0.0,0.0,0.0526,0.0,0.0,0.0,0.62076753,1.0,0.116624157,0.0,2635
k599,0.0,0.0702,0.0,0.0,0.0,0.0,0.54910588,0.5,0.107459408,0.0,1970
k2032,0.0,0.0363,0.0789,0.0,0.0,0.0,0.34122214,0.66666669,0.0,0.0,2901
k3312,0.0,0.019,0.263157895,0.0,0.0,0.0,0.33676887,1.0,0.0173,0.0,1319
k2146,0.0,0.0,0.289473684,0.908082327,0.0,0.0,0.47213402,1.0,0.000947,0.0,2145
k3295,0.0,0.0702,0.552631579,0.0,0.0,0.0,0.53996497,1.0,0.0346,0.0,2477
k649,0.0,0.0,0.105263158,0.0,0.0,0.0,0.70761973,0.66666669,0.0,0.0,2227
k2207,0.0,0.0173,0.315789474,0.673881487,0.0,0.0,0.41201821,1.0,0.0,0.0,1592
k1249,0.0,0.0173,0.131578947,0.0,0.0,0.0,0.39313525,0.66666669,0.0,0.0,1127
k859,0.0,0.0173,0.157894737,0.90471253,0.0,0.0,0.38067925,1.0,0.0,0.0,2205
k181,0.0,0.0457,0.0526,0.0,0.0,0.0,0.56339562,1.0,0.0537,0.0,168
k2560,0.0,0.109658675,0.263157895,0.0,0.0,0.0,0.46051413,0.83333331,0.0537,0.0,2019
k3350,0.0,0.0742,0.184210526,0.0,0.0,0.0,0.60241598,1.0,0.0346,0.0,3101
k606,0.0,0.0869,0.342105263,0.0,0.0,0.0,0.4613649,0.875,0.0537,0.0,919
k1879,0.0,0.0173,0.157894737,0.0,0.0,0.0,0.43370268,1.0,0.0,0.0,2049
k192,0.0,0.0346,0.105263158,0.0,0.0,0.0,0.3847397,0.66666669,0.0537,0.0,3372
k3018,0.0,0.0284,0.157894737,0.0,0.0,0.0,0.42785981,0.75,0.0537,0.0,2450
k2777,0.0,0.0,0.0526,0.0,0.0,0.0,0.66075152,0.66666669,0.107459408,0.0,3271
k2810,0.0,0.0518,0.342105263,0.0,0.0,0.0,0.38375318,1.0,0.0,0.0,2650
k1487,0.0,0.0,0.263157895,0.0,0.0,0.0,0.60650831,0.875,0.0,0.0,3177
k1794,0.272156499,0.063,0.315789474,0.69625175,0.0,0.0,0.46165147,1.0,0.0192,0.0,1916
k2543,0.0,0.0,0.184210526,0.0,0.0,0.0,0.95756996,1.0,0.052,0.0,3023
k1342,0.0,0.0,0.0263,0.0,0.0,0.0,0.64840388,1.0,0.0537,0.0,101
k335,0.0,0.0,0.184210526,0.0,0.0,0.0,0.31488222,1.0,0.0,0.0,1972
k993,0.847519423,0.12799596,0.105263158,0.0,0.0,0.0,0.50570589,1.0,0.342167571,0.0,838
k2896,0.0,0.0346,0.263157895,0.715874333,0.0,0.0,0.53254712,0.85714287,0.00189,0.0,2894
k2403,0.0,0.0,0.0,0.0,0.0,0.0,0.65426368,0.33333334,0.0,0.0,2977
k3425,0.0,0.0,0.0526,0.0,0.0,0.0,0.70329207,1.0,0.0173,0.0,1628
k3358,0.0,0.0,0.315789474,0.0,0.0,0.0,0.49251971,1.0,0.0,0.0,979
k1683,0.0,0.0742,0.210526316,0.0,0.0,0.0,0.52706623,0.75,0.0346,0.0,982
k863,0.0,0.0,0.263157895,0.0,0.0,0.0,0.3600052,0.83333331,0.0,0.0,28
k829,0.0,0.180106063,0.105263158,0.0,0.0,0.0,0.41512012,0.75,0.0,0.0,437
k3134,0.0,0.0742,0.157894737,0.0,0.0,0.0,0.70186669,0.75,0.0346,0.0,1040
k371,0.0,0.0,0.184210526,0.0,0.0,0.0,0.58972925,0.33333334,0.0173,0.0,2629
k1562,0.0,0.148327037,0.210526316,0.0,0.0,0.0,0.48100978,0.80000001,0.178508113,0.0,2096
k77,0.0,0.0,0.157894737,0.0,0.0,0.0,0.92232996,0.0,0.052,0.0,901
k945,0.0,0.0346,0.210526316,0.768857898,0.0,0.0,0.49071047,0.80000001,0.000947,0.0,2115
k2448,0.632641376,0.0284,0.131578947,0.660143087,0.0,0.0,0.57573169,1.0,0.0547,0.0,164
k1864,0.0,0.106272603,0.131578947,0.0,0.0,0.0,0.5884341,1.0,0.124778412,0.0,412
k915,0.0,0.180106063,0.131578947,0.0,0.0,0.0,0.38887906,1.0,0.0,0.0,608
k2814,0.0,0.0,0.0789,0.0,0.0,0.0,0.46849754,0.75,0.0,0.0,41
k3424,0.0,0.183218446,0.210526316,0.0,0.0,0.0,0.49541679,1.0,0.124778412,0.0,2131
k813,0.0,0.0346,0.342105263,0.0,0.0,0.0,0.25613111,0.80000001,0.0,0.0,3368
k792,0.0,0.0,0.236842105,0.575224221,0.0,0.0,0.42758083,0.80000001,0.0547,0.0,3151
k2354,0.0,0.150035863,0.184210526,0.0,0.0,0.0,0.73591143,1.0,0.0693,0.0,3312
k1966,0.0,0.0,0.105263158,0.0,0.0,0.0,0.56578016,0.75,0.0173,0.0,1530
k2173,0.0,0.0346,0.0,0.0,0.0,0.0,0.13784605,0.25,0.0,0.0,2265
k63,0.648576088,0.144850834,0.236842105,0.611255119,0.1,0.0,0.57908386,0.875,0.156307295,0.087,2469
k376,0.0,0.0636,0.0526,0.0,0.0,0.0,0.11917333,1.0,0.0,0.0,3012
k930,0.0,0.0808,0.263157895,0.678443673,0.0,0.0,0.5798763,0.875,0.0739,0.0,2781
k2469,0.0,0.0351,0.184210526,0.0,0.0,0.0,0.57635856,0.75,0.0173,0.0,845
k2297,0.567322548,0.0821,0.447368421,0.666442014,0.0,0.0,0.58772773,1.0,0.194591967,0.0435,2886
k2407,0.0,0.0,0.157894737,0.0,0.0,0.0,0.75958198,0.80000001,0.0346,0.0,2452
k642,0.0,0.0,0.0263,0.0,0.0,0.0,0.4946962,1.0,0.0,0.0,1184
k3318,0.0,0.0,0.131578947,0.0,0.0,0.0,0.55724835,0.33333334,0.0173,0.0,3173
k2451,0.0,0.0696,0.342105263,0.0,0.0,0.0,0.410698,0.80000001,0.0173,0.0,324
k1475,0.0,0.0742,0.184210526,0.0,0.0,0.0,0.60241598,0.75,0.0346,0.0,1397
k163,0.0,0.0216,0.157894737,0.0,0.0,0.0,0.47986963,0.80000001,0.0997,0.0,1803
k2414,0.0,0.0,0.0526,0.0,0.0,0.0,0.63736212,1.0,0.107459408,0.0,75
k1102,0.0,0.0173,0.157894737,0.804318524,0.0,0.0,0.53515971,0.75,0.046,0.0,2197
k3267,0.0,0.157102547,0.210526316,0.0,0.0,0.0,0.52273625,1.0,0.161189101,0.0,409
k3182,0.0,0.0346,0.263157895,0.0,0.0,0.0,0.4836655,0.83333331,0.071,0.0,2773
k3345,0.0,0.019,0.105263158,0.0,0.0,0.0,0.34807929,0.33333334,0.046,0.0,1303
k470,0.0,0.0346,0.447368421,0.858416714,0.0,0.0,0.62820154,1.0,0.00284,0.0435,2099
k1542,0.0,0.076,0.131578947,0.0,0.0,0.0,0.31595355,1.0,0.0938,0.0,584
k1038,0.0,0.0,0.0789,0.0,0.0,0.0,0.4290767,1.0,0.0,0.0,642
k716,0.0,0.0,0.368421053,0.0,0.0,0.0,0.35561007,0.83333331,0.0,0.0,3088
k2048,0.0,0.0346,0.184210526,0.0,0.0,0.0,0.4264954,0.83333331,0.0,0.0,588
k3127,0.0,0.0284,0.473684211,0.0,0.0,0.0,0.5909549,0.89999998,0.0556,0.0435,1341
k1265,0.278915144,0.0,0.184210526,0.0,0.0,0.0,0.81678516,1.0,0.0884,0.0,261
k2566,0.0,0.063,0.342105263,0.0,0.0,0.0,0.45583761,1.0,0.0173,0.0,2806
k563,0.334335705,0.107006561,0.210526316,0.619005651,0.0,0.0625,0.39562839,0.85714287,0.072,0.0,1495
k2360,0.0,0.0363,0.184210526,0.761548033,0.0,0.0,0.45574817,0.80000001,0.000947,0.0,2954
k2265,0.0,0.215044245,0.342105263,0.0,0.0,0.0625,0.46528855,1.0,0.249556832,0.0,405
k271,0.0,0.132837488,0.105263158,0.0,0.0,0.0,0.34905615,1.0,0.328924408,0.0,155
k1814,0.0,0.124612139,0.157894737,0.0,0.0,0.0,0.48880064,0.75,0.0537,0.0,3139
k2091,0.0,0.0346,0.0526,0.0,0.0,0.0,0.38973445,1.0,0.0,0.0,2075
k2872,0.0,0.0173,0.157894737,0.0,0.0,0.0,0.48615742,0.66666669,0.0,0.0,2335
k2237,0.0,0.038,0.157894737,0.681035824,0.0,0.0,0.55455893,1.0,0.0547,0.0,259
k3238,0.0,0.0662,0.342105263,0.0,0.0,0.0,0.43020985,0.80000001,0.0,0.0,741
k2072,0.0,0.0567,0.0,0.0,0.0,0.0,0.55462563,1.0,0.0537,0.0,2113
k2440,0.0,0.126531027,0.5,0.0,0.0,0.0,0.50638521,0.91666669,0.0884,0.0,1076
k2967,0.0,0.0457,0.210526316,0.0,0.0,0.0,0.65410608,0.75,0.0173,0.0,1264
k512,0.0,0.0,0.263157895,0.536808544,0.0,0.0,0.47216266,1.0,0.0,0.0,2478
k1642,0.0,0.0346,0.263157895,0.0,0.0,0.0,0.27698311,1.0,0.0,0.0,1998
k1985,0.0,0.0,0.447368421,0.0,0.0,0.0,0.49609655,1.0,0.046,0.0,786
k2636,0.0,0.0296,0.131578947,0.0,0.0,0.0,0.67898387,1.0,0.071,0.0,399
k2117,0.0,0.0346,0.210526316,0.0,0.0,0.0,0.46700302,1.0,0.0,0.0,698
k445,0.0,0.0346,0.236842105,0.697858883,0.0,0.0,0.45313221,1.0,0.100683794,0.0,2554
k1033,0.0,0.0284,0.105263158,0.0,0.0,0.0,0.48516288,0.66666669,0.0997,0.0,1744
k1557,0.0,0.0585,0.157894737,0.0,0.0,0.0,0.4420836,0.80000001,0.0938,0.0,2973
k3270,0.0,0.172795491,0.605263158,0.722665768,0.0,0.0,0.40681359,0.90909094,0.00284,0.0,593
k157,0.0,0.143281711,0.184210526,0.0,0.0,0.0,0.54982257,0.80000001,0.071,0.0,780
k59,0.0,0.0346,0.210526316,0.0,0.0,0.0,0.59293288,0.75,0.071,0.0,1417
k2352,0.0,0.0702,0.157894737,0.0,0.0,0.0,0.71041369,0.33333334,0.0346,0.0,3395
k1444,0.664711119,0.10672882,0.315789474,0.0,0.0,0.0625,0.48780283,1.0,0.161189101,0.0435,2633
k1751,0.0,0.0569,0.0263,0.0,0.0,0.0,0.42372224,0.5,0.107459408,0.0,1888
k1402,0.0,0.057,0.157894737,0.0,0.0,0.0,0.38058078,1.0,0.0938,0.0,2567
k2093,0.0,0.0346,0.105263158,0.0,0.0,0.0,0.3192991,0.33333334,0.0,0.0,2195
k74,0.0,0.0284,0.0789,0.0,0.0,0.0,0.64357078,1.0,0.275194707,0.0,356
k2609,0.0,0.0,0.210526316,0.0,0.0,0.0,0.66740507,0.75,0.0,0.0,561
k3058,0.0,0.0808,0.236842105,0.0,0.0,0.0,0.54443794,0.83333331,0.107459408,0.0,1097
k43,0.0,0.0173,0.236842105,0.0,0.0,0.0,0.56053823,0.80000001,0.0547,0.0,2433
k701,0.0,0.0,0.184210526,0.0,0.0,0.0,0.5275349,0.80000001,0.0173,0.0,2761
k3351,0.0,0.0173,0.236842105,0.0,0.0,0.0,0.26760527,0.75,0.0,0.0,1166
k1390,0.0,0.0758,0.289473684,0.927342008,0.0,0.0,0.43771297,0.80000001,0.0537,0.0,288
k2832,0.0,0.122543442,0.236842105,0.0,0.0,0.0,0.57550377,0.83333331,0.052,0.0,2551
k3028,0.0,0.0296,0.342105263,0.0,0.0,0.0,0.54246724,1.0,0.0346,0.0,932
k711,0.0,0.057,0.131578947,0.641920265,0.0,0.0,0.42554882,1.0,0.0547,0.0,913
k1484,0.748305401,0.0658,0.210526316,0.73145316,0.0,0.125,0.55045891,1.0,0.071,0.0,3050
k2968,0.0,0.0,0.0526,0.0,0.0,0.0,0.61021972,0.5,0.0537,0.0,507
k1867,0.0,0.0173,0.157894737,0.0,0.0,0.0,0.50457877,1.0,0.0633,0.0,16
k2364,0.0,0.0296,0.131578947,0.0,0.0,0.0,0.68167359,0.66666669,0.0346,0.0,419
k2755,0.326076082,0.113571366,0.289473684,0.818056924,0.0,0.0,0.5685789,1.0,0.0893,0.0,1099
k1590,0.0,0.140351867,0.157894737,0.0,0.0,0.0,0.64008492,0.25,0.0346,0.0,351
k453,0.0,0.0346,0.105263158,0.0,0.0,0.0,0.3192991,0.33333334,0.0,0.0,1883
k2269,0.0,0.0457,0.315789474,0.0,0.0,0.0625,0.49368173,1.0,0.071,0.0,1313
k1760,0.0,0.0,0.131578947,0.0,0.0,0.0,0.61342388,1.0,0.0,0.0,1923
k2907,0.0,0.0173,0.131578947,0.81593136,0.0,0.0,0.5124076,0.66666669,0.047,0.0,2981
k3341,0.69329697,0.0351,0.105263158,0.589273679,0.0,0.0625,0.65123808,0.80000001,0.162136012,0.0,799
k2817,0.0,0.0901,0.0263,0.0,0.0,0.0,0.47152612,0.5,0.0537,0.0,2793
k2076,0.0,0.0,0.105263158,0.0,0.0,0.0,0.568726,1.0,0.046,0.0,2008
k1394,0.0,0.0151,0.210526316,0.0,0.0,0.0,0.50219715,1.0,0.0537,0.0,472
k1430,0.0,0.0,0.105263158,0.0,0.0,0.0,0.39194182,0.66666669,0.0,0.0,1172
k3159,0.0,0.0346,0.421052632,0.0,0.0,0.0,0.50006551,1.0,0.0346,0.0,3172
k1247,0.0,0.0,0.421052632,0.0,0.0,0.0,0.34279028,0.8888889,0.092,0.0,497
k615,0.0,0.0346,0.210526316,0.0,0.0,0.0,0.47401553,0.83333331,0.107459408,0.0,7
k3119,0.0,0.265674971,0.0526,0.0,0.0,0.0,0.22458173,0.80000001,0.0346,0.0,1364
k743,0.0,0.063,0.236842105,0.0,0.0,0.0,0.34095865,0.80000001,0.0537,0.0,2213
k1922,0.0,0.0,0.184210526,0.0,0.0,0.0,0.57852632,1.0,0.0346,0.0,2454
k425,0.0,0.0457,0.157894737,0.0,0.0,0.0,0.51003146,1.0,0.0633,0.0,1754
k2393,0.0,0.0,0.0,0.0,0.0,0.0,0.46934015,1.0,0.046,0.0,151
k1834,0.0,0.126002167,0.157894737,0.0,0.0,0.0,0.43347517,0.80000001,0.107459408,0.0,714
k3367,0.0,0.0346,0.342105263,0.0,0.0,0.0,0.41055331,1.0,0.0633,0.0,1655
k2988,0.0,0.0284,0.131578947,0.669267458,0.0,0.0,0.57573169,0.75,0.0547,0.0,2124
k860,0.0,0.0173,0.315789474,0.0,0.0,0.0,0.33196616,0.80000001,0.0537,0.0,253
k549,0.0,0.0216,0.131578947,0.0,0.0,0.0,0.57298404,0.33333334,0.046,0.0,494
k2428,0.0,0.0,0.131578947,0.0,0.0,0.0,0.56204826,1.0,0.0173,0.0,2848
k2067,0.0,0.0,0.210526316,0.64663798,0.0,0.0,0.45476732,1.0,0.000947,0.0,1425
k530,0.0,0.182886131,0.315789474,0.0,0.0,0.0,0.43513387,0.80000001,0.124778412,0.0,1975
k2195,0.0,0.0,0.0,0.0,0.0,0.0,0.0266,0.5,0.0,0.0,1550
k410,0.745779658,0.144142886,0.263157895,0.0,0.0,0.0625,0.56254196,1.0,0.268648502,0.0,3243
k1472,0.0,0.0173,0.184210526,0.0,0.0,0.0,0.47529259,1.0,0.0,0.0,1378
k2661,0.0,0.109658675,0.289473684,0.0,0.0,0.0,0.50689417,1.0,0.0,0.0435,1289
k906,0.0,0.0346,0.289473684,0.0,0.0,0.0,0.31323534,1.0,0.0,0.0,2824
k2730,0.0,0.0357,0.105263158,0.0,0.0,0.0,0.32525069,0.66666669,0.0,0.0,1389
k2838,0.832733607,0.0284,0.263157895,0.0,0.4,0.5625,0.49437758,1.0,0.0537,0.391304348,666
k531,0.0,0.0363,0.131578947,0.0,0.0,0.0,0.27141958,1.0,0.0,0.0,2267
k1878,0.0,0.057,0.0526,0.0,0.0,0.0,0.27738431,0.66666669,0.0,0.0,2655
k1371,0.0,0.0284,0.289473684,0.0,0.0,0.0,0.32356519,0.60000002,0.0537,0.0,637
k12,0.0,0.0322,0.342105263,0.0,0.0,0.0,0.45576191,0.80000001,0.0173,0.0,2610
k572,0.0,0.0299,0.105263158,0.0,0.0,0.0,0.62378681,0.66666669,0.0,0.0,682
k1629,0.0,0.0405,0.131578947,0.0,0.0,0.0,0.23372823,0.66666669,0.0,0.0,118
k2727,0.0,0.0363,0.105263158,0.0,0.0,0.0,0.22312249,1.0,0.0,0.0,3237
k1981,0.0,0.104735033,0.157894737,0.0,0.0,0.0,0.52743214,1.0,0.107459408,0.0,2615
k2089,0.0,0.0,0.0263,0.0,0.0,0.0,0.3578954,0.5,0.0,0.0,674
k2791,0.0,0.0,0.263157895,0.775830784,0.0,0.0,0.38696301,1.0,0.0,0.0,606
k1649,0.880833975,0.0696,0.473684211,0.0,0.0,0.0,0.54976368,1.0,0.195827117,0.0,1837
k3124,0.0,0.103677292,0.421052632,0.0,0.0,0.0,0.40005895,1.0,0.0173,0.0,2666
k321,0.0,0.0351,0.447368421,0.0,0.0,0.0,0.53327221,0.8888889,0.0173,0.0,438
k2476,0.0,0.076,0.0263,0.0,0.0,0.0,0.16738032,0.66666669,0.0,0.0,1629
k3078,0.0,0.0,0.263157895,0.0,0.0,0.0625,0.41855225,0.85714287,0.0,0.0,1481
k2228,0.0,0.0284,0.157894737,0.0,0.0,0.0,0.54906803,0.75,0.0173,0.0,683
k356,0.0,0.0173,0.236842105,0.0,0.0,0.0,0.50646436,1.0,0.0173,0.0,1472
k2418,0.0,0.0,0.578947368,0.0,0.0,0.0,0.58799535,1.0,0.00189,0.0435,2863
k3178,0.0,0.0173,0.131578947,0.0,0.0,0.0,0.55273414,0.75,0.0,0.0,2952
k2357,0.0,0.0173,0.236842105,0.87122194,0.0,0.0,0.442285,0.80000001,0.000947,0.0,2160
k941,0.0,0.0173,0.157894737,0.0,0.0,0.0,0.38575396,0.5,0.0537,0.0,2108
k2650,0.0,0.0647,0.0789,0.0,0.0,0.0,0.39889425,0.66666669,0.107459408,0.0,933
k2180,0.0,0.0173,0.184210526,0.825962984,0.0,0.0,0.43089679,0.75,0.0,0.0,3038
k3013,0.0,0.0,0.157894737,0.0,0.0,0.0,1.0,0.0,0.0,0.0,170
k3266,0.0,0.0363,0.0526,0.0,0.0,0.0,0.44089812,1.0,0.0,0.0,67
k61,0.0,0.0351,0.0789,0.0,0.0,0.0,0.51651663,1.0,0.0537,0.0,1768
k1067,0.0,0.0346,0.263157895,0.0,0.0,0.0,0.29946983,0.80000001,0.0,0.0,2802
k2753,0.0,0.217974106,0.184210526,0.0,0.0,0.0,0.61656433,1.0,0.285967514,0.0,2905
k2939,0.0,0.0553,0.263157895,0.0,0.0,0.0,0.43093869,1.0,0.0173,0.0,1207
k3377,0.0,0.0691,0.0789,0.0,0.0,0.0,0.39701277,1.0,0.0,0.0,914
k3118,0.0,0.173235967,0.263157895,0.614469387,0.0,0.0,0.49080202,1.0,0.125725316,0.0,1874
k578,0.0,0.0173,0.210526316,0.857405775,0.0,0.0,0.43062633,0.75,0.000947,0.0,111
k2472,0.0,0.019,0.0789,0.0,0.0,0.0,0.36400121,0.66666669,0.0,0.0,1588
k2301,0.0,0.0,0.0526,0.0,0.0,0.0,0.59664112,1.0,0.0,0.0,3035
k465,0.0,0.0,0.0526,0.0,0.0,0.0,0.73583537,0.5,0.0173,0.0,2372
k2575,0.0,0.102605503,0.210526316,0.0,0.0,0.0,0.61304086,0.75,0.052,0.0,1935
k2806,0.0,0.0,0.263157895,0.0,0.0,0.0,0.52686292,1.0,0.0537,0.0,1547
k2351,0.0,0.0173,0.131578947,0.0,0.0,0.0,0.37024856,0.66666669,0.0537,0.0,1692
k1805,0.0,0.0351,0.131578947,0.0,0.0,0.0,0.60002631,0.66666669,0.0173,0.0,3116
k3024,0.300617256,0.0346,0.526315789,0.0,0.0667,0.125,0.41812348,0.91666669,0.092,0.0,2035
k199,0.0,0.0346,0.157894737,0.0,0.0,0.0,0.6091345,0.75,0.0346,0.0,2602
k111,0.0,0.255055867,0.473684211,0.0,0.0,0.0,0.76820219,1.0,0.122179935,0.0435,2714
k1532,0.0,0.0585,0.236842105,0.0,0.0,0.0,0.31486341,1.0,0.0,0.0,1688
k1222,0.0,0.157223813,0.0263,0.0,0.0,0.0,0.18346542,0.66666669,0.0,0.0,2395
k2759,0.0,0.0216,0.342105263,0.927290165,0.0,0.0,0.46802875,1.0,0.0,0.0,3320
k1923,0.0,0.180106063,0.157894737,0.0,0.0,0.0,0.63528889,0.75,0.0,0.0,672
k2581,0.0,0.0346,0.315789474,0.689641765,0.0,0.0,0.4167766,0.85714287,0.000947,0.0,2288
k1115,0.0,0.0346,0.289473684,0.0,0.0,0.0,0.367147,0.83333331,0.0,0.0,2758
k257,0.0,0.015,0.131578947,0.0,0.0,0.0,0.73266888,0.33333334,0.0,0.0,2947
k891,0.0,0.0,0.210526316,0.0,0.0,0.0,0.48661125,0.66666669,0.0,0.0,990
k2685,0.0,0.0691,0.263157895,0.0,0.0,0.0,0.45430112,0.80000001,0.0,0.0,2474
k1250,0.0,0.015,0.157894737,0.0,0.0,0.0,0.70114124,0.66666669,0.0,0.0,39
k912,0.0,0.0346,0.157894737,0.0,0.0,0.0,0.33273217,0.66666669,0.0,0.0,1145
k1592,0.0,0.18475825,0.157894737,0.571361916,0.0,0.0,0.50517201,0.80000001,0.0,0.0,504
k308,0.0,0.107332584,0.0526,0.0,0.0,0.0,0.43689641,1.0,0.0,0.0,2403
k2254,0.0,0.0346,0.105263158,0.0,0.0,0.0,0.3192991,0.66666669,0.0,0.0,510
k1808,0.0,0.0173,0.0789,0.0,0.0,0.0,0.45731661,1.0,0.0,0.0,414
k2182,0.0,0.0346,0.263157895,0.841230753,0.0,0.0,0.47791818,1.0,0.0547,0.087,3393
k2917,0.332713317,0.088,0.184210526,0.626341438,0.0,0.0625,0.44861042,1.0,0.072,0.0,1871
k1652,0.0,0.019,0.131578947,0.0,0.0,0.0,0.24460861,1.0,0.0,0.0,3288
k2255,0.0,0.0,0.157894737,0.784618176,0.0,0.0,0.36871508,0.66666669,0.0,0.0,1095
k1243,0.0,0.0457,0.131578947,0.0,0.0,0.0,0.39808396,0.66666669,0.0537,0.0,2455
k1689,0.0,0.0,0.131578947,0.0,0.0,0.0,0.667427,1.0,0.0,0.0,655
k2912,0.0,0.0518,0.0789,0.0,0.0,0.0,0.33938015,0.66666669,0.0,0.0,2885
k2846,0.0,0.0,0.0263,0.0,0.0,0.0,0.50107795,0.5,0.0,0.0,2754
k748,0.0,0.0173,0.315789474,0.0,0.0,0.0,0.27746984,0.80000001,0.0,0.0,2344
k1597,0.0,0.0173,0.105263158,0.0,0.0,0.0,0.32524827,0.66666669,0.0,0.0,652
k948,0.0,0.0346,0.236842105,0.0,0.0,0.0,0.38180029,1.0,0.046,0.0,3388
k368,0.0,0.157102547,0.289473684,0.0,0.0,0.0,0.508798,0.875,0.161189101,0.0,568
k1828,0.0,0.0,0.0263,0.0,0.0,0.0,0.50754988,0.5,0.0938,0.0,1014
k2061,0.0,0.0742,0.236842105,0.0,0.0,0.0,0.40973529,1.0,0.0173,0.0,645
k1973,0.0,0.0,0.0789,0.877261652,0.0,0.0,0.45688716,1.0,0.000947,0.0,2410
k7,0.148449119,0.137496901,0.342105263,0.0,0.0,0.0,0.57425338,1.0,0.0884,0.0,2418
k3097,0.27146329,0.063,0.236842105,0.0,0.0,0.1875,0.4461557,1.0,0.0537,0.0,2975
k40,0.0,0.0284,0.263157895,0.0,0.0,0.0,0.43025446,0.75,0.0173,0.0,447
k1535,0.0,0.0346,0.157894737,0.0,0.0,0.0,0.47289684,0.5,0.0537,0.0,3242
k2638,0.0,0.0495,0.236842105,0.0,0.0,0.0,0.49664131,1.0,0.0183,0.0,32
k123,0.0,0.0675,0.0526,0.0,0.0,0.0,0.54279625,1.0,0.0346,0.0,2457
k2859,0.0,0.015,0.184210526,0.0,0.0,0.0,0.47280219,1.0,0.0,0.0,1984
k1565,0.0,0.0216,0.263157895,0.0,0.0,0.0,0.40273666,1.0,0.0,0.0,2461
k2649,0.0,0.117558961,0.263157895,0.0,0.0,0.0,0.68695372,0.80000001,0.052,0.0,946
k1708,0.0,0.0173,0.0789,0.0,0.0,0.0,0.43648145,0.33333334,0.0,0.0,247
k28,0.0,0.485914719,0.421052632,0.0,0.0,0.0,0.72882783,1.0,0.317060156,0.130434783,1523
k2006,0.291239441,0.0351,0.236842105,0.0,0.0,0.0,0.60054648,0.85714287,0.124778412,0.0,201
k2842,0.0,0.0346,0.210526316,0.0,0.0,0.0,0.29969198,0.75,0.0,0.0,3278
k2086,0.0,0.0524,0.105263158,0.0,0.0,0.0,0.44668621,1.0,0.0173,0.0,871
k330,0.610047403,0.0216,0.0526,0.0,0.0,0.25,0.63393217,1.0,0.153466584,0.0,12
k1325,0.0,0.0,0.0526,0.353724921,0.0,0.0,0.7284466,1.0,0.000947,0.0,2103
k130,0.0,0.0808,0.236842105,0.701306444,0.0,0.0,0.53436309,0.875,0.0739,0.0,2054
k2272,0.0,0.0892,0.368421053,0.0,0.0,0.0,0.52163684,0.875,0.145370509,0.0,2971
k1712,0.0,0.253062059,0.315789474,0.0,0.0,0.0,0.74790531,0.83333331,0.157643734,0.0,1606
k2561,0.0,0.0434,0.157894737,0.0,0.0,0.0,0.45670706,0.75,0.107459408,0.0,694
k1476,0.0,0.0691,0.473684211,0.0,0.0,0.0,0.41136137,0.8888889,0.0,0.0,617
k395,0.0,0.0,0.105263158,0.0,0.0,0.0,0.6496895,0.5,0.221464979,0.0,2507
k667,0.0,0.063,0.289473684,0.0,0.0,0.0,0.32536775,0.83333331,0.0537,0.0,1022
k228,0.0,0.0742,0.210526316,0.0,0.0,0.0,0.48075691,0.75,0.0346,0.0,3200
k2625,0.0,0.0628,0.157894737,0.0,0.0,0.0,0.42710075,1.0,0.046,0.0,2464
k165,0.0,0.0346,0.0789,0.0,0.0,0.0,0.47983703,1.0,0.0,0.0,2865
k2259,0.0,0.0296,0.184210526,0.0,0.0,0.0,0.52192533,1.0,0.0173,0.0,687
k1575,0.0,0.0,0.342105263,0.893488517,0.0,0.0,0.33543622,0.80000001,0.0,0.0,1400
k238,0.0,0.0284,0.210526316,0.0,0.0,0.0,0.52959555,0.5,0.071,0.0,884
k1959,0.0,0.0,0.0263,0.0,0.0,0.0,0.42642108,0.5,0.046,0.0,531
k2766,0.0,0.0,0.105263158,0.0,0.0,0.0,0.58984202,1.0,0.0173,0.0,499
k472,0.0,0.0,0.157894737,0.0,0.0,0.0,0.4235194,1.0,0.0,0.0,2496
k3410,0.0,0.0173,0.210526316,0.0,0.0,0.0,0.50767565,0.80000001,0.0633,0.0,1604
k88,0.376569711,0.100977841,0.131578947,0.0,0.0,0.0,0.39939576,0.83333331,0.071,0.0,1541
k540,0.0,0.0524,0.263157895,0.0,0.0,0.0,0.48776016,0.80000001,0.0633,0.0,2388
k839,0.0,0.0,0.236842105,0.895588159,0.0,0.0,0.46852222,1.0,0.000947,0.0,2542
k834,0.0,0.0351,0.0263,0.0,0.0,0.0,0.65846902,0.5,0.107459408,0.0,2274
k1812,0.0,0.038,0.0789,0.0,0.0,0.0,0.17002153,0.5,0.0,0.0,1110
k1817,0.0,0.0346,0.184210526,0.0,0.0,0.0,0.32981443,0.75,0.0173,0.0,2178
k731,0.0,0.015,0.131578947,0.0,0.0,0.0,0.58971035,0.66666669,0.0,0.0,1524
k2583,0.0,0.0346,0.105263158,0.0,0.0,0.0,0.43829486,0.66666669,0.107459408,0.0,3146
k1054,0.0,0.0346,0.684210526,0.0,0.0,0.0,0.5015626,0.9285714,0.0346,0.0,2738
k2863,0.0,0.215044245,0.342105263,0.0,0.0,0.0625,0.45320687,1.0,0.249556832,0.0,411
k3323,0.433492188,0.015,0.105263158,0.636995179,0.0,0.0,0.83774447,0.75,0.000947,0.0,1217
k575,0.0,0.019,0.315789474,0.652003733,0.0,0.0,0.38221604,1.0,0.0,0.0,1849
k1504,0.0,0.132648142,0.210526316,0.0,0.0,0.0,0.40023991,1.0,0.107459408,0.0,2332
k2346,0.683994215,0.0,0.263157895,0.0,0.0,0.0,0.64527071,1.0,0.105686721,0.0,163
k307,0.0,0.0569,0.210526316,0.0,0.0,0.0,0.23025,0.85714287,0.0346,0.0,222
k1413,0.535514485,0.116636953,0.447368421,0.806470009,0.0,0.0625,0.48557681,0.875,0.071,0.0,1687
k2820,0.0,0.0,0.131578947,0.0,0.0,0.0,0.92899919,0.0,0.000947,0.0,1285
k2187,0.0,0.0457,0.131578947,0.0,0.0,0.0,0.40162838,1.0,0.0537,0.0,1197
k1014,0.0,0.109658675,0.421052632,0.0,0.0,0.0,0.48064661,0.8888889,0.0,0.0435,2844
k343,0.0,0.0949,0.131578947,0.0,0.0,0.0,0.38710031,1.0,0.107459408,0.0,2255
k2731,0.0,0.063,0.0789,0.0,0.0,0.0,0.39808396,0.66666669,0.0537,0.0,1355
k2848,0.0,0.0346,0.263157895,0.0,0.0,0.0,0.27765414,1.0,0.0,0.0,2192
k1481,0.0,0.0901,0.0526,0.0,0.0,0.0,0.67958575,0.5,0.0537,0.0,1941
k1221,0.0,0.0173,0.105263158,0.0,0.0,0.0,0.38841045,0.75,0.0537,0.0,1997
k3213,0.701253536,0.0173,0.131578947,0.0,0.0,0.0,0.5572353,1.0,0.0537,0.0,1597
k325,1.0,0.0,0.0,0.0,0.0,0.0625,0.11819047,0.80000001,0.0537,0.0,1366
k570,0.0,0.0173,0.263157895,0.0,0.0,0.0,0.3509433,1.0,0.0537,0.0,1030
k2217,0.0,0.0,0.157894737,0.0,0.0,0.0,0.40748364,0.75,0.0,0.0,1460
k1559,0.0,0.074,0.157894737,0.781066929,0.0,0.0,0.42102417,0.75,0.0547,0.0,629
k2563,0.0,0.0411,0.131578947,0.0,0.0,0.0,0.54373688,1.0,0.0537,0.0,1536
k1429,0.0,0.0173,0.263157895,0.858494479,0.0,0.0,0.37913975,0.75,0.000947,0.0,448
k2385,0.0,0.0346,0.315789474,0.0,0.0,0.0,0.27851367,0.80000001,0.0,0.0,345
k962,0.0,0.0173,0.157894737,0.0,0.0,0.0,0.38065246,1.0,0.046,0.0,2717
k54,0.0,0.063,0.289473684,0.0,0.0,0.0,0.32536775,0.83333331,0.0537,0.0,485
k1403,0.287641105,0.200494968,0.5,0.791513298,0.0,0.0,0.59229612,0.91666669,0.0365,0.087,2094
k1248,0.0,0.0,0.236842105,0.0,0.0,0.0,0.34307665,0.75,0.046,0.0,1118
k370,0.0,0.0343,0.157894737,0.0,0.0,0.0625,0.63537329,1.0,0.275194707,0.0,3264
k3050,0.0,0.0346,0.105263158,0.0,0.0,0.0,0.49552792,1.0,0.0346,0.0,2856
k3399,0.654499309,0.0363,0.236842105,0.476696563,0.0,0.0,0.3954154,1.0,0.000947,0.0,1722
k2507,0.0,0.0691,0.0,0.0,0.0,0.0,0.42966416,0.25,0.0,0.0,1401
k302,0.0,0.0173,0.210526316,0.0,0.0,0.0,0.51276457,1.0,0.0,0.0,1301
k2247,0.0,0.0173,0.105263158,0.0,0.0,0.0,0.41247016,0.33333334,0.046,0.0,2355
k630,0.0,0.0,0.236842105,0.0,0.0,0.0,0.2042484,1.0,0.0,0.0,2723
k2471,0.0,0.0363,0.105263158,0.0,0.0,0.0,0.2566722,0.33333334,0.0,0.0,791
k845,0.0,0.0725,0.210526316,0.0,0.0,0.0,0.17164077,1.0,0.0537,0.0,3180
k3110,0.0,0.0,0.0,0.0,0.0,0.0,0.59959817,0.5,0.116624157,0.0,2797
k970,0.811725665,0.109916346,0.0526,0.0,0.0,0.125,0.43528286,1.0,0.0997,0.0,1845
k692,0.0,0.0512,0.236842105,0.825755612,0.0,0.0,0.47891083,0.83333331,0.0537,0.0,2066
k3334,0.0,0.0346,0.315789474,0.0,0.0,0.0,0.30421078,0.80000001,0.0,0.0,624
k2590,0.0,0.0754,0.421052632,0.0,0.0,0.0,0.4406237,0.83333331,0.0537,0.0,1079
k2018,0.0,0.0569,0.0,0.0,0.0,0.0,0.56079948,0.33333334,0.107459408,0.0,277
k3240,0.0,0.115368603,0.263157895,0.0,0.0,0.0,0.40015903,1.0,0.0346,0.0,1723
k2656,0.0,0.0513,0.105263158,0.0,0.0,0.0,0.27510583,0.66666669,0.0,0.0,3117
k1006,0.0,0.0173,0.157894737,0.0,0.0,0.0,0.48615742,0.66666669,0.0,0.0,2387
k1661,0.565664459,0.155305315,0.263157895,0.766084297,0.0,0.0,0.6845541,0.85714287,0.123005718,0.087,3356
k2142,0.0,0.0,0.0263,0.0,0.0,0.0,0.87983018,0.5,0.0,0.0,975
k1063,0.0,0.0,0.0263,0.0,0.0,0.0,0.57871711,0.5,0.0537,0.0,1365
k313,0.0,0.0901,0.0526,0.0,0.0,0.0,0.45708457,0.5,0.0,0.0,3194
k276,0.0,0.0647,0.184210526,0.0,0.0,0.0,0.48497096,1.0,0.071,0.0,3013
k1641,0.0,0.0,0.421052632,0.0,0.0,0.0,0.47312361,1.0,0.0537,0.0,3391
k1191,0.0,0.100977841,0.157894737,0.0,0.0,0.0,0.40569752,1.0,0.0997,0.0,2416
k3067,0.0,0.0,0.157894737,0.0,0.0,0.0,0.57230437,1.0,0.0173,0.0,632
k1533,0.0,0.0,0.0526,0.639639173,0.0,0.0,0.60391873,1.0,0.0547,0.0,526
k2223,0.0,0.104735033,0.236842105,0.0,0.0,0.0,0.51040047,0.75,0.0173,0.0,572
k2036,0.0,0.0,0.0789,0.0,0.0,0.0,0.4465113,1.0,0.0,0.0,206
k366,0.0,0.390484055,0.394736842,0.0,0.0667,0.0,0.61942357,0.8888889,0.499113663,0.087,1146
k1028,0.0,0.0457,0.447368421,0.696510965,0.0,0.0,0.61885136,0.8888889,0.0356,0.0435,3267
k1195,0.0,0.0901,0.105263158,0.0,0.0,0.0,0.52071494,0.66666669,0.0,0.0,1902
k1958,0.0,0.0,0.0,0.0,0.0,0.0,0.0,0.5,0.0,0.0,2336
k1917,0.0,0.0875,0.184210526,0.0,0.0,0.0,0.39496455,0.75,0.0173,0.0,1214
k680,0.0,0.0173,0.210526316,0.0,0.0,0.0,0.52941453,0.75,0.047,0.0,126
k1576,0.0,0.176769026,0.210526316,0.0,0.0,0.0,0.66752237,1.0,0.195827117,0.0,3319
k3012,0.0,0.0,0.131578947,0.700917621,0.0,0.0,0.45846885,1.0,0.000947,0.0,1445
k1731,0.0,0.0535,0.394736842,0.0,0.0,0.0,0.44681504,0.8888889,0.0537,0.0,3107
k3147,0.0,0.063,0.289473684,0.0,0.0,0.0,0.35208511,1.0,0.0537,0.0,1709
k778,0.0,0.0216,0.0263,0.0,0.0,0.0,0.70449078,0.5,0.092,0.0,3293
k683,0.0,0.0346,0.236842105,0.667323345,0.0,0.0,0.45000094,0.80000001,0.0537,0.0,1508
k1585,0.0,0.0,0.0526,0.0,0.0,0.0,0.66640443,0.5,0.046,0.0,2147
k1107,0.0,0.0351,0.263157895,0.0,0.0333,0.0,0.56588674,1.0,0.107459408,0.0,2603
k1417,0.0,0.0702,0.0526,0.0,0.0,0.0,0.77431685,0.66666669,0.214918816,0.0,3225
k2958,0.0,0.0,0.552631579,0.0,0.0,0.0,0.62235427,0.90909094,0.0537,0.0,2994
k2913,0.0,0.0,0.0,0.0,0.0,0.0,0.2766853,0.0,0.0,0.0,415
k1272,0.0,0.0,0.184210526,0.0,0.0,0.0,0.54806757,0.66666669,0.117354089,0.0,2668
k2224,0.0,0.019,0.131578947,0.0,0.0,0.0,0.47953281,0.33333334,0.0,0.0,802
k303,0.0,0.183218446,0.236842105,0.0,0.0,0.0,0.55628771,0.80000001,0.0884,0.0,2658
k145,0.0,0.122543442,0.210526316,0.756934004,0.0,0.0,0.60722417,0.83333331,0.232237813,0.0,2638
k1056,0.0,0.209470066,0.263157895,0.0,0.0,0.0,0.4132368,0.85714287,0.214918816,0.087,1789
k3096,0.0,0.0173,0.236842105,0.0,0.0,0.0,0.56305528,1.0,0.117354089,0.0,1043
k2371,0.0,0.0173,0.263157895,0.0,0.0,0.0,0.3509433,1.0,0.0537,0.0,495
k2285,0.0,0.0,0.131578947,0.0,0.0,0.0,0.4009662,0.66666669,0.0,0.0,2346
k3327,0.0,0.0256,0.0,0.0,0.0,0.0,0.38199672,0.5,0.0537,0.0,3239
k3227,0.0,0.143810582,0.210526316,0.0,0.0,0.0,0.50313187,0.85714287,0.0346,0.0,2512
k2593,0.0,0.107332584,0.0263,0.0,0.0,0.0,0.42713153,0.5,0.0,0.0,2033
k562,0.0,0.0474,0.263157895,0.0,0.0,0.0,0.39959902,0.85714287,0.0346,0.0,3059
k2756,0.0,0.063,0.289473684,0.0,0.0,0.0,0.35208511,1.0,0.0537,0.0,3130
k1584,0.0,0.076,0.0263,0.0,0.0,0.0,0.22940356,0.5,0.0,0.0,213
k1983,0.0,0.0936,0.236842105,0.0,0.0,0.0,0.42726177,0.75,0.0173,0.0,2448
k504,0.0,0.0346,0.210526316,0.0,0.0,0.0,0.31601858,0.75,0.0,0.0,1439
k1624,0.0,0.0284,0.210526316,0.0,0.0,0.0,0.64084041,0.5,0.134673086,0.0,393
k3259,0.0,0.279795781,0.421052632,0.0,0.0,0.0,0.36321208,1.0,0.0,0.0,1394
k3340,0.0,0.0854,0.157894737,0.0,0.0,0.0,0.41893294,0.83333331,0.0346,0.0,505
k694,0.0,0.0853,0.184210526,0.0,0.0,0.0,0.44395357,0.75,0.161189101,0.0,1352
k3315,0.0,0.0363,0.0789,0.0,0.0,0.0,0.36519131,0.33333334,0.046,0.0,481
k1212,0.0,0.019,0.105263158,0.0,0.0,0.0,0.34095129,1.0,0.0706,0.0,2897
k707,0.359984364,0.0216,0.0526,0.600031106,0.0,0.0,0.47728965,1.0,0.0547,0.0,1522
k1295,0.0,0.0151,0.0,0.0,0.0,0.0,0.36854479,1.0,0.0,0.0,857
k2216,0.0,0.0,0.0263,0.0,0.0,0.0,0.67427105,1.0,0.0,0.0,2400
k2432,0.0,0.0,0.0,0.0,0.0,0.0,0.58842474,1.0,0.107459408,0.0,2240
k3004,0.0856,0.0216,0.0789,0.627715278,0.0,0.0,0.46137381,0.75,0.0547,0.0,42
k353,0.0,0.0562,0.184210526,0.557364301,0.0,0.0,0.50648004,0.80000001,0.0,0.0,876
k2238,0.0,0.200165691,0.0789,0.0,0.0,0.0,0.52176028,0.80000001,0.214918816,0.0,2515
k2090,0.0,0.0,0.0,0.0,0.0,0.0,0.69743299,1.0,0.092,0.0,1300
k858,0.0,0.015,0.184210526,0.505365753,0.0,0.0,0.6138103,0.80000001,0.0393,0.0,1666
k3122,0.0,0.119885058,0.236842105,0.0,0.0,0.0,0.8087666,0.83333331,0.052,0.0,1715
k2813,0.0,0.0,0.0789,0.0,0.0,0.0,0.68308395,1.0,0.0,0.0,3370
k3105,0.0,0.0869,0.0789,0.0,0.0,0.0,0.41372541,1.0,0.0537,0.0,2279
k721,0.0,0.0,0.0789,0.0,0.0,0.0,0.79180104,1.0,0.0346,0.0,404
k1098,0.0,0.150293832,0.473684211,0.710145679,0.0,0.0,0.36006919,0.9285714,0.00189,0.0,1711
k955,0.0,0.0,0.342105263,0.0,0.0,0.0,0.53626847,1.0,0.0,0.0,1496
k2236,0.0,0.196929406,0.157894737,0.0,0.0,0.0,0.5381127,0.66666669,0.0,0.0,1543
k2492,0.323748616,0.088,0.157894737,0.582663694,0.0,0.0625,0.44202167,0.83333331,0.072,0.0,1677
k2220,0.0,0.264224499,0.236842105,0.0,0.0,0.0,0.60876554,0.80000001,0.159416421,0.0,1403
k2148,0.0,0.0474,0.131578947,0.0,0.0,0.0,0.35261625,1.0,0.0537,0.0,621
k1988,0.0,0.0,0.131578947,0.647571155,0.0,0.0,0.60845321,1.0,0.000947,0.0,690
k3133,0.0,0.0346,0.263157895,0.0,0.0,0.0,0.4836655,0.85714287,0.071,0.0,2590
k1785,0.0,0.148327037,0.157894737,0.0,0.0,0.0,0.5504595,0.80000001,0.142097417,0.0,1133
k2953,0.0,0.189667843,0.263157895,0.0,0.0,0.0,0.528602,0.83333331,0.0884,0.0,1416
k1938,0.0,0.0457,0.157894737,0.0,0.0,0.0,0.61228335,0.75,0.071,0.0,3349
k2706,0.0,0.109251488,0.263157895,0.0,0.0,0.0,0.66127533,1.0,0.052,0.0,549
k10,0.0,0.148327037,0.210526316,0.0,0.0,0.0,0.53182709,1.0,0.178508113,0.0,2136
k2462,0.0,0.0742,0.0526,0.0,0.0,0.0,0.48620254,1.0,0.0537,0.0,1461
k391,0.0,0.0567,0.0263,0.0,0.0,0.0,0.48223081,1.0,0.0537,0.0,546
k1783,0.0,0.0346,0.210526316,0.0,0.0,0.0,0.51391083,0.85714287,0.0346,0.0,1126
k3201,0.0,0.0,0.421052632,0.0,0.0,0.0,0.51756191,1.0,0.0537,0.0,292
k892,0.0,0.0457,0.315789474,0.0,0.0,0.0,0.3426879,0.83333331,0.0537,0.0,161
k3401,0.0686,0.0512,0.315789474,0.666856758,0.0,0.0,0.55390525,1.0,0.0547,0.0,3257
k1622,0.0,0.0173,0.157894737,0.0,0.0,0.0,0.34970611,0.66666669,0.0,0.0,458
k1896,0.0,0.076,0.0526,0.0,0.0,0.0,0.15703849,0.66666669,0.0,0.0,360
k24,0.0,0.0524,0.210526316,0.0,0.0,0.0,0.50651693,0.75,0.0173,0.0,571
k1927,0.0,0.130322051,0.394736842,0.0,0.0,0.0,0.5154261,1.0,0.0,0.087,800
k2785,0.0,0.015,0.131578947,0.0,0.0,0.0,0.75983131,0.66666669,0.046,0.0,1237
k2206,0.0,0.0216,0.184210526,0.0,0.0,0.0,0.54971856,1.0,0.0,0.0,1904
k3261,0.0,0.0,0.289473684,0.0,0.0,0.0,0.47342414,1.0,0.0537,0.0,1428
k2368,0.0,0.114839732,0.289473684,0.825366789,0.0,0.0,0.40593523,1.0,0.0537,0.0,116
k2481,0.0,0.0,0.0526,0.0,0.0,0.0,0.51810116,0.5,0.0938,0.0,2566
k2801,0.0,0.0173,0.289473684,0.0,0.0,0.0,0.53668422,1.0,0.0173,0.0,1678
k269,0.0,0.0346,0.289473684,0.0,0.0,0.0,0.23554504,0.83333331,0.0,0.0,2800
k1527,0.0,0.0702,0.236842105,0.0,0.0,0.0,0.3627165,1.0,0.0537,0.0,3375
k3255,0.0,0.019,0.105263158,0.0,0.0,0.0,0.39228183,0.66666669,0.0,0.0,1864
k81,0.0,0.0,0.0789,0.0,0.0,0.0,0.30987024,1.0,0.0,0.0,3317
k388,0.0,0.019,0.210526316,0.0,0.0,0.0,0.32095319,0.5,0.0173,0.0,385
k1173,0.0,0.063,0.157894737,0.0,0.0,0.0,0.45471179,0.75,0.0,0.0,1111
k2588,0.0,0.0346,0.0526,0.0,0.0,0.0,0.38353154,0.66666669,0.0,0.0,466
k1780,0.0,0.0351,0.394736842,0.0,0.0,0.0,0.53780317,0.875,0.0173,0.0,1790
k267,0.603133851,0.198775662,0.342105263,0.0,0.0,0.0625,0.56561297,1.0,0.0884,0.0,2698
k2166,0.0,0.0901,0.105263158,0.0,0.0,0.0,0.55564094,0.66666669,0.0,0.0,2407
k949,0.297162615,0.0696,0.236842105,0.0,0.0,0.0,0.50292146,0.83333331,0.124778412,0.0,3425
k1706,0.0,0.138025771,0.157894737,0.0,0.0,0.0,0.74470907,0.80000001,0.142097417,0.0,1649
k1677,0.74372661,0.666275176,0.736842105,0.621494116,0.433333333,0.0625,0.69111854,0.9375,0.742553503,0.913043478,1519
k769,0.0,0.0363,0.157894737,0.5844782,0.0,0.0,0.45532188,1.0,0.0547,0.0,3299
k2510,0.0,0.0673,0.184210526,0.0,0.0,0.0,0.4980095,0.66666669,0.0537,0.0,3203
k3152,0.0,0.0296,0.342105263,0.0,0.0,0.0,0.47333291,0.80000001,0.0346,0.0,2987
k1208,0.0,0.0635,0.289473684,0.862901135,0.0,0.0,0.40789029,0.83333331,0.0173,0.0,1577
k1588,0.0,0.144339452,0.131578947,0.0,0.0,0.0,0.48921081,0.80000001,0.071,0.0,2253
k2989,0.0,0.0474,0.105263158,0.0,0.0,0.0,0.31849602,0.33333334,0.0537,0.0,2731
k847,0.0,0.0457,0.0526,0.0,0.0,0.0,0.47122735,0.5,0.0537,0.0,2923
k1264,0.0,0.155515941,0.526315789,0.0,0.0,0.0,0.37112957,0.83333331,0.0,0.0,677
k2052,0.0,0.0553,0.184210526,0.0,0.0,0.0,0.33612055,0.80000001,0.0,0.0,2298
k3005,0.0,0.0,0.263157895,0.0,0.0,0.0,0.38857418,1.0,0.046,0.0,1939
k1757,0.0,0.0914,0.447368421,0.0,0.0,0.0,0.30894262,0.875,0.0173,0.0,1368
k3071,0.0,0.0,0.0789,0.0,0.0,0.0,0.43689951,0.33333334,0.0772,0.0,3255
k1176,0.51753918,0.111073552,0.368421053,0.674503603,0.0667,0.0,0.63000393,0.8888889,0.118949702,0.087,670
k2316,0.0,0.0673,0.131578947,0.0,0.0,0.0,0.49571639,1.0,0.153466584,0.0,3231
k153,0.0,0.274057739,0.342105263,0.0,0.0,0.0625,0.55657315,0.8888889,0.410745933,0.260869565,3214
k490,0.0,0.0803,0.0526,0.0,0.0,0.0,0.40847236,0.66666669,0.0537,0.0,2812
k495,0.0,0.0702,0.131578947,0.0,0.0,0.0,0.4749586,0.75,0.0884,0.0,1557
k1445,0.0,0.12330271,0.210526316,0.0,0.0,0.0,0.47486532,1.0,0.0346,0.0,3133
k154,0.0,0.0,0.342105263,0.880294468,0.0,0.0,0.32561246,1.0,0.0,0.0,731
k2894,0.400537387,0.473769448,0.394736842,0.0,0.0,0.0,0.70728016,1.0,0.337924534,0.304347826,1486
k87,0.0,0.0173,0.131578947,0.701617502,0.0,0.0,0.51727724,1.0,0.000947,0.0,2438
k861,0.0,0.0457,0.157894737,0.0,0.0,0.0,0.46296173,0.75,0.0173,0.0,2989
k2404,0.0,0.0351,0.105263158,0.0,0.0,0.0,0.74993914,0.75,0.0346,0.0,2893
k2684,0.380880513,0.0911,0.210526316,0.0,0.0,0.0,0.41795328,0.83333331,0.071,0.0,2880
k2373,0.215110218,0.0918,0.210526316,0.697651511,0.0,0.0,0.58156186,1.0,0.0365,0.0,2052
k790,0.0,0.0333,0.157894737,0.0,0.0,0.0,0.28853136,0.5,0.0,0.0,1578
k617,0.526430368,0.0173,0.368421053,0.0,0.0,0.0,0.62896574,0.85714287,0.107459408,0.087,3303
k640,0.0,0.0664,0.184210526,0.0,0.0,0.0,0.50686753,0.83333331,0.111164238,0.0,746
k461,0.0,0.0,0.0789,0.0,0.0,0.0,0.45631075,1.0,0.0537,0.0,1831
k1920,0.0,0.102605503,0.210526316,0.0,0.0,0.0,0.56146544,1.0,0.124778412,0.0,1273
k909,0.0,0.0569,0.131578947,0.0,0.0,0.0,0.5806495,1.0,0.071,0.0,903
k2363,0.0,0.0346,0.184210526,0.0,0.0,0.0,0.32981443,1.0,0.0173,0.0,1388
k1180,0.72411137,0.14608211,0.289473684,0.450749132,0.0,0.0,0.39406034,1.0,0.000947,0.0,712
k441,0.0,0.0173,0.105263158,0.0,0.0,0.0,0.22036771,0.33333334,0.0,0.0,726
k3305,0.0,0.0914,0.368421053,0.0,0.0,0.0,0.44181928,0.8888889,0.0,0.0,1865
k2935,0.0,0.0,0.0,0.0,0.0,0.0,0.3551051,1.0,0.0,0.0,2951
k2532,0.0,0.0346,0.342105263,0.0,0.0,0.0,0.5125339,1.0,0.0,0.0,3085
k573,0.0,0.0,0.105263158,0.634247499,0.0,0.0,0.48041847,1.0,0.0183,0.0,1028
k283,0.0,0.0691,0.184210526,0.0,0.0,0.0,0.30989963,0.75,0.0,0.0,1558
k1443,0.0,0.0389,0.263157895,0.726631759,0.0,0.0,0.4950797,1.0,0.0,0.0,2651
k618,0.0,0.0216,0.0526,0.0,0.0,0.0,0.54400885,0.66666669,0.0997,0.0,322
k510,0.0,0.0173,0.315789474,0.0,0.0,0.0,0.26508111,0.80000001,0.0,0.0,2755
k979,0.0,0.0363,0.131578947,0.0,0.0,0.0,0.33562011,0.66666669,0.0,0.0,920
k39,0.0,0.188067183,0.210526316,0.725931878,0.0,0.0625,0.69270986,1.0,0.232237813,0.0,2729
k125,0.0,0.0,0.0526,0.0,0.0,0.0,0.26954716,1.0,0.0,0.0,2796
k3349,0.0,0.0284,0.184210526,0.0,0.0,0.0,0.41410196,0.75,0.0547,0.0,1689
k3257,0.0,0.0,0.315789474,0.0,0.0,0.0,0.47346893,1.0,0.0,0.0,2550
k2000,0.0,0.0,0.131578947,0.0,0.0,0.0,0.7059536,0.0,0.000947,0.0,1605
k2951,0.0,0.0,0.0263,0.0,0.0,0.0,0.6310904,1.0,0.0,0.0,2120
k2586,0.0,0.0477,0.210526316,0.0,0.0,0.0,0.69116503,0.80000001,0.107459408,0.0,797
k1110,0.0,0.0,0.0,0.0,0.0,0.0,0.78857082,0.25,0.0,0.0,2345
k1013,0.0,0.0457,0.236842105,0.0,0.0,0.0,0.5343008,1.0,0.107459408,0.0,2509
k3380,0.0,0.0,0.184210526,0.0,0.0,0.0,0.46197981,0.33333334,0.0173,0.0,256
k2611,0.0,0.0432,0.0789,0.0,0.0,0.0,0.51253706,1.0,0.0,0.0,1373
k2509,0.0,0.0,0.105263158,0.0,0.0,0.0,0.30341822,0.66666669,0.046,0.0,2377
k2341,0.0,0.0,0.0526,0.0,0.0,0.0,0.52103114,0.66666669,0.0,0.0,1208
k1149,0.0,0.135774573,0.0789,0.0,0.0,0.0,0.28354496,0.5,0.0537,0.0,2466
k2197,0.0,0.0346,0.236842105,0.0,0.0,0.0,0.3358418,1.0,0.0772,0.0,1901
k2421,0.0,0.0803,0.342105263,0.0,0.0,0.0,0.42372847,0.80000001,0.0173,0.0,2334
k3426,0.0,0.0173,0.105263158,0.0,0.0,0.0,0.45050952,0.66666669,0.0,0.0,3216
k2815,0.0,0.104735033,0.236842105,0.0,0.0,0.0,0.51040047,0.75,0.0173,0.0,3345
k740,0.0,0.0346,0.157894737,0.0,0.0,0.0,0.29924908,1.0,0.0,0.0,2091
k2344,0.0,0.0756,0.473684211,0.711338068,0.0,0.0,0.40883067,1.0,0.0537,0.0,1762
k2645,0.0,0.101506711,0.157894737,0.0,0.0,0.0,0.4045018,1.0,0.0346,0.0,498
k1333,0.0,0.0173,0.131578947,0.606770698,0.0,0.0,0.57490498,1.0,0.000947,0.0,2913
k3003,0.0,0.0173,0.0263,0.0,0.0,0.0,0.57103682,1.0,0.0173,0.0,2713
k875,0.0,0.0173,0.105263158,0.0,0.0,0.0,0.49164829,1.0,0.092,0.0,325
k1718,0.0,0.0702,0.0,0.0,0.0,0.0,0.60474896,0.66666669,0.214918816,0.0,1305
k346,0.0,0.057,0.0526,0.0,0.0,0.0,0.27738431,0.66666669,0.046,0.0,519
k2455,0.0,0.0273,0.0,0.0,0.0,0.0,0.0485,0.5,0.0,0.0,1463
k189,0.0,0.0,0.236842105,0.0,0.0,0.0,0.2042484,0.75,0.0,0.0,274
k2319,0.0,0.0193,0.184210526,0.0,0.0,0.0,0.46701998,0.80000001,0.0,0.0,3230
k3189,0.0,0.0,0.0789,0.0,0.0,0.0,0.6993959,0.66666669,0.0,0.0,1144
k1281,0.0,0.0457,0.105263158,0.0,0.0,0.0,0.44675845,0.66666669,0.107459408,0.0,2047
k2158,0.0,0.0,0.0526,0.0,0.0,0.0,0.54115081,1.0,0.071,0.0,1856
k1434,0.0,0.015,0.157894737,0.0,0.0,0.0,0.8033433,0.66666669,0.047,0.0,3377
k527,0.0,0.0,0.0789,0.0,0.0,0.0,0.4459216,1.0,0.0,0.0,2667
k173,0.489791404,0.0702,0.0789,0.0,0.0,0.0,0.66761839,1.0,0.124778412,0.0,1357
k2025,0.0,0.264224499,0.236842105,0.0,0.0,0.0,0.6595906,1.0,0.159416421,0.0,1782
k567,0.130243049,0.0339,0.184210526,0.67359635,0.0,0.0,0.60555321,0.80000001,0.047,0.0,966
k2996,0.0,0.0,0.473684211,0.0,0.0,0.0,0.94938624,0.0,0.103914027,0.0,1674
k1492,0.0,0.0808,0.263157895,0.72269169,0.0,0.0,0.58007705,0.875,0.0729,0.0,700
k623,0.0,0.0569,0.210526316,0.0,0.0,0.0,0.55598104,1.0,0.328924408,0.0,56
k528,0.0,0.0363,0.157894737,0.0,0.0,0.0,0.37924916,1.0,0.0,0.0,3284
k576,0.61845309,0.140351867,0.0263,0.0,0.0,0.0625,0.6945405,0.75,0.322378203,0.0,2020
k1577,0.0,0.0173,0.184210526,0.0,0.0,0.0,0.27731258,1.0,0.0,0.0,3067
k357,0.0,0.0,0.368421053,0.0,0.0,0.0,0.51999271,1.0,0.0537,0.0,575
k1897,0.0,0.0585,0.315789474,0.0,0.0,0.0,0.32004616,1.0,0.0,0.0,3179
k2470,0.0,0.0216,0.0789,0.0,0.0,0.0,0.60564977,0.66666669,0.0997,0.0,2925
k2380,0.0,0.0273,0.0263,0.0,0.0,0.0,0.38634557,1.0,0.0173,0.0,354
k103,0.0,0.0,0.0,0.0,0.0,0.0,0.56728399,1.0,0.0706,0.0,3095
k1087,0.0,0.0,0.157894737,0.0,0.0,0.0,0.69589162,1.0,0.0,0.0,2874
k2367,0.0,0.0,0.0263,0.0,0.0,0.0,0.75735182,1.0,0.0,0.0,2193
k1918,0.0,0.0284,0.157894737,0.0,0.0,0.0,0.5270927,1.0,0.0633,0.0,1423
k3144,0.0,0.019,0.131578947,0.0,0.0,0.0,0.22147369,0.33333334,0.0,0.0,2082
k755,0.0,0.0173,0.236842105,0.0,0.0,0.0,0.49172416,0.83333331,0.0,0.0,2716
k2383,0.0,0.102408942,0.184210526,0.0,0.0,0.0,0.59581834,0.66666669,0.0173,0.0,3118
k1621,0.0,0.00504,0.210526316,0.615843227,0.0,0.0,0.49154043,1.0,0.111174489,0.0,1380
k101,0.0,0.0346,0.342105263,0.0,0.0,0.0,0.41169649,1.0,0.0,0.0,1487
k584,0.0,0.0346,0.210526316,0.866011717,0.0,0.0,0.55496448,0.66666669,0.000947,0.0,3429
k655,0.0,0.180106063,0.0789,0.0,0.0,0.0,0.61973351,1.0,0.0,0.0,3186
k2533,0.0,0.0696,0.473684211,0.0,0.0,0.0,0.4636116,0.83333331,0.0346,0.0,2694
k2517,0.0,0.0173,0.131578947,0.0,0.0,0.0,0.27203602,0.66666669,0.0,0.0,1056
k2879,0.0,0.0296,0.131578947,0.0,0.0,0.0,0.60396695,1.0,0.0173,0.0,1531
k3108,0.0,0.0173,0.157894737,0.0,0.0,0.0,0.38990504,0.5,0.0537,0.0,981
k1818,0.0,0.0,0.105263158,0.0,0.0,0.0,0.57812381,0.66666669,0.0537,0.0,2576
k1389,0.0,0.0173,0.105263158,0.0,0.0,0.0,0.3637538,0.66666669,0.046,0.0,2751
k954,0.0,0.0,0.210526316,0.0,0.0,0.0,0.45092353,1.0,0.0,0.0,2104
k2862,0.0,0.0346,0.157894737,0.0,0.0,0.0,0.56584537,0.80000001,0.0537,0.0,1587
k2012,0.772307746,0.0284,0.131578947,0.0,0.0,0.4375,0.48419708,1.0,0.0537,0.0,542
k614,0.0,0.0785,0.315789474,0.665612525,0.0,0.0,0.5726881,1.0,0.0356,0.0,3033
k1797,0.712013569,0.0351,0.0789,0.0,0.0,0.125,0.58118784,1.0,0.178508113,0.0,701
k1350,0.0,0.0346,0.157894737,0.0,0.0,0.0,0.33273217,0.75,0.0,0.0,78
k3311,0.0,0.0607,0.342105263,0.0,0.0,0.0,0.45346972,0.83333331,0.124778412,0.0,176
k3160,0.0,0.0,0.0789,0.0,0.0,0.0,0.55384719,1.0,0.092,0.0,860
k651,0.0,0.202037811,0.447368421,0.0,0.0,0.0,0.44455078,0.85714287,0.0537,0.0,102
k2943,0.0,0.109054911,0.131578947,0.0,0.0,0.0,0.67210072,0.80000001,0.207196298,0.0,2483
k1843,0.0,0.0351,0.210526316,0.0,0.0,0.0,0.54310292,1.0,0.0537,0.0,685
k350,0.0,0.0869,0.0789,0.0,0.0,0.0,0.41372541,1.0,0.0537,0.0,1686
k1743,0.0,0.108722618,0.236842105,0.0,0.0,0.0,0.25898066,1.0,0.107459408,0.0,2608
k1064,0.0,0.0569,0.263157895,0.0,0.0,0.0,0.33057904,0.75,0.0173,0.0,18
k1758,0.0,0.0284,0.105263158,0.0,0.0,0.0,0.66705799,1.0,0.0537,0.0,72
k2899,0.0,0.0,0.184210526,0.0,0.0,0.0,0.58781821,1.0,0.0173,0.0,2553
k3429,0.835394904,0.12799596,0.105263158,0.0,0.0,0.0,0.52412164,1.0,0.342167571,0.0,469
k14,0.0,0.0369,0.263157895,0.737311421,0.0,0.0,0.50370991,0.80000001,0.0183,0.0,3274
k8,0.0,0.0,0.0789,0.0,0.0,0.0,0.54188269,0.5,0.0173,0.0,137
k1124,0.0,0.0284,0.184210526,0.609751672,0.0,0.0,0.54720855,0.75,0.000947,0.0,831
k1323,0.0,0.063,0.236842105,0.704831769,0.0,0.0,0.58388048,0.80000001,0.000947,0.0,2783
k1838,0.0,0.0696,0.105263158,0.0,0.0,0.0,0.51154286,0.75,0.0173,0.0,3291
k2987,0.0,0.138025771,0.236842105,0.0,0.0,0.0,0.835549,1.0,0.178508113,0.0,1148
k2582,0.0,0.0,0.131578947,0.0,0.0,0.0,0.49678841,0.75,0.046,0.0,1752
k3207,0.0,0.0126,0.105263158,0.0,0.0,0.0,0.75233603,0.5,0.000947,0.0,1528
k489,0.0,0.0708,0.315789474,0.0,0.0,0.0,0.61892563,1.0,0.124778412,0.0,3108
k2594,0.0,0.0,0.105263158,0.0,0.0,0.0,0.37536019,0.33333334,0.0,0.0,1513
k2950,0.0,0.113930271,0.0,0.0,0.0,0.0,0.13253731,0.25,0.0,0.0,1131
k127,0.0,0.0284,0.289473684,0.0,0.0,0.0,0.30439043,0.80000001,0.0537,0.0,2117
k516,0.0,0.0296,0.105263158,0.0,0.0,0.0,0.53455395,0.5,0.0173,0.0,270
k2897,0.0,0.0691,0.105263158,0.0,0.0,0.0,0.43542483,0.80000001,0.092,0.0,1621
k158,0.0,0.0875,0.157894737,0.0,0.0,0.0,0.3823936,1.0,0.0173,0.0,3006
k3373,0.0,0.0864,0.210526316,0.0,0.0,0.0,0.42115489,0.80000001,0.0537,0.0,313
k1540,0.0,0.177840816,0.210526316,0.0,0.0,0.0,0.52196705,1.0,0.0346,0.0,1551
k1352,0.0,0.038,0.0789,0.0,0.0,0.0,0.30854276,0.66666669,0.046,0.0,2015
k174,0.0,0.0,0.447368421,0.0,0.0,0.0,0.53941721,0.89999998,0.0173,0.0,1367
k2829,0.0,0.0,0.710526316,0.0,0.0,0.0,0.51501781,1.0,0.0537,0.0,3298
k3274,0.0,0.0284,0.236842105,0.0,0.0,0.0,0.33053011,0.75,0.0537,0.0,811
k210,0.0,0.0173,0.210526316,0.0,0.0,0.0,0.52506202,1.0,0.0537,0.0,3010
k2321,0.0,0.038,0.0526,0.0,0.0,0.0,0.19316211,0.5,0.0,0.0,2428
k449,0.0,0.0981,0.184210526,0.0,0.0,0.0,0.54425448,0.80000001,0.071,0.0,158
k1704,0.0,0.038,0.105263158,0.0,0.0,0.0,0.3012118,0.75,0.0,0.0,3359
k1885,0.0,0.0,0.131578947,0.0,0.0,0.0,0.75285745,0.75,0.0346,0.0,355
k1442,0.0,0.0,0.342105263,0.0,0.0,0.0,0.45028305,0.80000001,0.0,0.0,2589
k2386,0.0,0.0,0.0263,0.0,0.0,0.0,0.39727506,0.5,0.0,0.0,2956
k1024,0.0,0.0,0.157894737,0.0,0.0,0.0,0.538957,1.0,0.0537,0.0,2294
k911,0.0,0.0,0.0263,0.0,0.0,0.0,0.40991172,0.5,0.0,0.0,103
k2694,0.0,0.0742,0.210526316,0.0,0.0,0.0,0.47539917,1.0,0.107459408,0.0,212
k2165,0.0,0.0346,0.394736842,0.0,0.0,0.0,0.33430019,1.0,0.0772,0.0,106
k393,0.0,0.119509641,0.131578947,0.0,0.0,0.0,0.63636631,0.80000001,0.124778412,0.0,1590
k483,0.0,0.0,0.105263158,0.0,0.0,0.0,0.81270713,0.75,0.0346,0.0,954
k972,0.0,0.0769,0.0789,0.0,0.0,0.0,0.30507216,0.75,0.0,0.0,2375
k1774,0.0,0.0173,0.157894737,0.0,0.0,0.0,0.56344682,0.75,0.0173,0.0,2204
k2539,0.0,0.0742,0.184210526,0.0,0.0,0.0,0.47978383,0.75,0.0346,0.0,1851
k1214,0.0,0.038,0.0,0.0,0.0,0.0,0.15142229,0.33333334,0.0,0.0,997
k942,0.0,0.131379791,0.131578947,0.0,0.0,0.0,0.77590269,0.80000001,0.224515302,0.0,3351
k2489,0.0,0.141891688,0.447368421,0.0,0.0,0.0,0.42109454,0.85714287,0.0173,0.0,1979
k1620,0.0,0.0718,0.131578947,0.0,0.0,0.0625,0.50988954,0.75,0.161189101,0.0,66
k545,0.871743337,0.120956847,0.526315789,0.628752139,0.0333,0.0625,0.53721368,1.0,0.149531695,0.0435,817
k1612,0.0,0.0216,0.105263158,0.645030847,0.0,0.0,0.45998055,1.0,0.0547,0.0,150
k881,0.0,0.109658675,0.289473684,0.0,0.0,0.0,0.49229303,1.0,0.0,0.0435,1599
k2096,0.0,0.0346,0.289473684,0.0,0.0,0.0,0.29171574,0.80000001,0.0,0.0,2396
k1654,0.917441976,0.0284,0.236842105,0.0,0.1,0.125,0.5119819,1.0,0.0997,0.391304348,2775
k603,0.0,0.0524,0.210526316,0.0,0.0,0.0,0.49591032,0.80000001,0.161189101,0.0,59
k1030,0.0,0.0457,0.0526,0.0,0.0,0.0,0.4833183,0.5,0.0537,0.0,2315
k719,0.0,0.0346,0.184210526,0.0,0.0,0.0,0.51503384,1.0,0.0346,0.0,2211
k21,0.0,0.0562,0.210526316,0.738866712,0.0,0.0,0.48490992,0.83333331,0.000947,0.0,3056
k947,0.0,0.074,0.184210526,0.614987817,0.0,0.0,0.52460659,0.83333331,0.0547,0.0,2440
k725,0.0,0.0173,0.105263158,0.0,0.0,0.0,0.51886392,1.0,0.0537,0.0,2260
k83,0.0,0.0,0.131578947,0.0,0.0,0.0,0.80036712,0.33333334,0.0173,0.0,2612
k1754,0.0,0.0164,0.289473684,0.0,0.0,0.0,0.51629311,0.80000001,0.0,0.0,1500
k1293,0.0,0.0,0.210526316,0.0,0.0,0.0,0.55414134,1.0,0.0537,0.0,841
k1614,0.0,0.0,0.394736842,0.0,0.0,0.0,0.31384286,1.0,0.0,0.0,2511
k2705,0.998194135,0.0,0.0,0.0,0.0,0.125,0.17341039,0.83333331,0.0537,0.0,2142
k2653,0.0673,0.0,0.131578947,0.592954534,0.0,0.0,0.53189564,1.0,0.000947,0.0,165
k2099,0.0,0.0553,0.0789,0.0,0.0,0.0,0.29503956,1.0,0.0537,0.0,1037
k1210,0.0,0.0346,0.315789474,0.0,0.0,0.0,0.27851367,0.80000001,0.0,0.0,2187
k905,0.0,0.42557203,0.368421053,0.0,0.0667,0.125,0.5521031,0.90909094,0.499113663,0.173913043,1258
k2621,0.0,0.0173,0.0526,0.0,0.0,0.0,0.46897057,1.0,0.0173,0.0,2933
k3304,0.0,0.0261,0.236842105,0.0,0.0,0.0,0.43277621,0.75,0.0537,0.0,2653
k479,0.410461761,0.129419825,0.157894737,0.0,0.0,0.0,0.41880921,0.83333331,0.0997,0.0,1693
k1047,0.200614934,0.0432,0.157894737,0.745347089,0.0,0.0,0.63197553,0.83333331,0.200420684,0.0,23
k1551,0.0,0.0346,0.421052632,0.0,0.0,0.0,0.26733553,1.0,0.0,0.0,1041
k288,0.0,0.0,0.0526,0.0,0.0,0.0,0.38897246,0.5,0.0,0.0,1302
k2384,0.0,0.0,0.105263158,0.0,0.0,0.0,0.58695084,0.66666669,0.0,0.0,2626
k498,0.0,0.0803,0.578947368,0.0,0.0,0.0,0.48710793,1.0,0.071,0.0,967
k3383,0.0,0.019,0.315789474,0.646793509,0.0,0.0,0.40592784,1.0,0.0,0.0,1115
k1531,0.0,0.128660557,0.210526316,0.0,0.0,0.0,0.38374764,1.0,0.0173,0.0,649
k526,0.0,0.0,0.0526,0.0,0.0,0.0,0.26790857,1.0,0.0,0.0,898
k249,0.0,0.0,0.0,0.0,0.0,0.0,0.0,1.0,0.0,0.0,740
k2506,0.0,0.0,0.105263158,0.0,0.0,0.0,0.81316251,1.0,0.214918816,0.0,286
k1315,0.0,0.0346,0.289473684,0.0,0.0,0.0,0.23554504,0.83333331,0.0,0.0,2943
k610,0.0,0.0,0.0,0.0,0.0,0.0,0.0229,1.0,0.0,0.0,2598
k1373,0.0,0.0,0.0789,0.696329514,0.0,0.0,0.62733161,0.66666669,0.046,0.0,1173
k1408,0.0,0.0,0.105263158,0.0,0.0,0.0,0.57841897,0.66666669,0.0537,0.0,119
k1177,0.0,0.0216,0.184210526,0.576701747,0.0,0.0,0.72970825,0.80000001,0.0,0.0,2172
k1002,0.0,0.076,0.0,0.0,0.0,0.0,0.0924,0.33333334,0.0,0.0,1651
k722,0.522786339,0.0173,0.368421053,0.0,0.0,0.0,0.53726661,1.0,0.107459408,0.0,257
k2196,0.0,0.0,0.131578947,0.0,0.0,0.0,0.58592653,0.33333334,0.0,0.0,1555
k2521,0.0,0.0742,0.210526316,0.0,0.0,0.0,0.48075691,0.75,0.0346,0.0,610
k2852,0.0,0.0702,0.0789,0.0,0.0,0.0,0.65588635,1.0,0.0537,0.0,2568
k2205,0.0,0.148327037,0.210526316,0.0,0.0,0.0,0.51516861,1.0,0.214918816,0.0435,3331
k627,0.0,0.0346,0.131578947,0.0,0.0,0.0,0.4454152,0.75,0.0,0.0,2357
k698,0.0,0.0346,0.263157895,0.0,0.0,0.0,0.36037841,0.75,0.0,0.0,907
k717,0.357328274,0.0664,0.131578947,0.0,0.0,0.0,0.39687079,1.0,0.071,0.0,983
k3313,0.743336435,0.107006561,0.157894737,0.522862772,0.0,0.125,0.4661577,1.0,0.125725316,0.0,3248
k2576,0.0,0.0696,0.236842105,0.858235264,0.0,0.0,0.43039948,0.75,0.0537,0.0,64
k3138,0.0,0.0432,0.105263158,0.0,0.0,0.0,0.6342451,0.66666669,0.092,0.0,1121
k1162,0.0,0.0166,0.0,0.0,0.0,0.0,0.29100382,0.5,0.0537,0.0,943
k42,0.0,0.0,0.0526,0.0,0.0,0.0,0.78357768,1.0,0.071,0.0,2018
k593,0.0,0.177840816,0.157894737,0.0,0.0,0.0,0.42305765,0.83333331,0.107459408,0.0,1596
k824,0.0,0.0,0.131578947,0.610866297,0.0,0.0,0.54763621,1.0,0.0183,0.0,2077
k1829,0.0,0.185069269,0.315789474,0.0,0.0,0.0,0.38162988,0.875,0.0,0.0,254
k1830,0.0,0.0,0.236842105,0.0,0.0,0.0,0.32150102,0.75,0.0,0.0,2718
k15,0.0,0.0,0.0789,0.528358132,0.0,0.0,0.42750305,1.0,0.046,0.0,2232
k2073,0.0,0.136888689,0.184210526,0.0,0.0,0.0,0.68338698,0.75,0.0346,0.0,2828
k1017,0.0,0.0742,0.394736842,0.0,0.0,0.0,0.58643419,0.85714287,0.0346,0.0,1967
k3291,0.0,0.0363,0.131578947,0.0,0.0,0.0,0.38472867,1.0,0.0537,0.0,207
k2995,0.0,0.108722618,0.131578947,0.0,0.0,0.0,0.16600071,1.0,0.107459408,0.0,765
k1256,0.0,0.0454,0.157894737,0.751671937,0.0,0.0,0.63887858,1.0,0.0537,0.0,366
k336,0.678768143,0.0351,0.368421053,0.0,0.0,0.0,0.59550065,1.0,0.147574934,0.0,657
k3360,0.0,0.0,0.105263158,0.0,0.0,0.0,0.48734835,1.0,0.0537,0.0,2254
k1639,0.0,0.0,0.315789474,0.0,0.0,0.0,0.94938624,0.0,0.0693,0.0,1415
k3064,0.0,0.0363,0.0526,0.0,0.0,0.0,0.34540758,0.5,0.0,0.0,1117
k202,0.656165983,0.0351,0.763157895,0.0,0.0,0.0,0.52848262,1.0,0.071,0.0,2930
k447,0.0,0.0173,0.210526316,0.769687387,0.0,0.0,0.48796931,0.80000001,0.000947,0.0,659
k2084,0.0,0.0535,0.263157895,0.0,0.0,0.0,0.46404833,1.0,0.0,0.0,906
k2484,0.485606587,0.0,0.105263158,0.0,0.0,0.0,0.67554289,1.0,0.107459408,0.0,2229
k178,0.181534666,0.0346,0.157894737,0.0,0.0,0.0,0.58732492,1.0,0.092,0.0,1001
k258,0.0,0.0,0.157894737,0.0,0.0,0.0,0.79316813,0.0,0.0173,0.0,1107
k2984,0.0,0.0,0.0526,0.0,0.0,0.0,0.76477337,0.5,0.0,0.0,634
k1174,0.0,0.015,0.236842105,0.0,0.0,0.0,0.59345484,1.0,0.0547,0.0,1739
k2059,0.0,0.0,0.236842105,0.0,0.0,0.0,0.35549447,0.5,0.0173,0.0,1057
k497,0.0,0.0524,0.0526,0.0,0.0,0.0,0.54119724,0.5,0.0173,0.0,2356
k538,0.0,0.0363,0.342105263,0.906656644,0.0,0.0,0.54952842,1.0,0.0,0.0,3310
k474,0.0,0.0,0.0263,0.0,0.0,0.0,0.46089879,0.66666669,0.13096825,0.0,1377
k142,0.0,0.0173,0.0263,0.0,0.0,0.0,0.44550818,1.0,0.0537,0.0,2643
k753,0.0,0.502393949,0.315789474,0.0,0.0,0.0,0.78418785,1.0,0.587481338,0.087,1392
k3019,0.0,0.0346,0.342105263,0.0,0.0,0.0,0.44586128,1.0,0.117354089,0.0,445
k2981,0.542730837,0.103677292,0.394736842,0.815179636,0.0,0.0625,0.51407677,1.0,0.071,0.0,2413
k1868,0.329947474,0.165938885,0.263157895,0.817901395,0.0,0.0,0.66887981,1.0,0.143044314,0.0,2663
k2035,0.0,0.0346,0.289473684,0.0,0.0,0.0,0.29074007,0.83333331,0.0,0.0,1457
k2697,0.0,0.0,0.0526,0.0,0.0,0.0,0.64307982,1.0,0.0,0.0,1055
k2978,0.0,0.0662,0.447368421,0.0,0.0,0.0,0.50307953,1.0,0.0,0.0,2114
k3148,0.215211738,0.0673,0.105263158,0.0,0.0,0.0,0.58936173,1.0,0.153466584,0.0,2965
k2924,0.0,0.161619002,0.368421053,0.0,0.0,0.0,0.47865567,1.0,0.142097417,0.0,605
k2891,0.0,0.0562,0.342105263,0.71188242,0.0,0.0,0.64143807,0.85714287,0.00189,0.0,625
k2461,0.0,0.038,0.289473684,0.640701954,0.0,0.0,0.36067307,1.0,0.0,0.0,2238
k1909,0.0,0.0457,0.236842105,0.0,0.0,0.0,0.35033312,0.75,0.0,0.0,2252
k3170,0.0,0.0432,0.342105263,0.0,0.0,0.0,0.55943292,1.0,0.0,0.0,2549
k294,0.0,0.0,0.184210526,0.0,0.0,0.0,0.44310239,1.0,0.0,0.0,91
k2591,0.0,0.0261,0.210526316,0.0,0.0,0.0,0.65918583,1.0,0.0537,0.0,197
k2772,0.0,0.0346,0.289473684,0.0,0.0,0.0,0.4125815,1.0,0.0173,0.0,1918
k781,0.0,0.0,0.157894737,0.0,0.0,0.0,0.65764463,0.33333334,0.0173,0.0,2597
k591,0.0,0.150653128,0.131578947,0.0,0.0,0.0,0.72666198,0.80000001,0.224515302,0.0,2393
k311,0.0,0.0,0.236842105,0.0,0.0,0.0,0.28511232,0.75,0.0,0.0,1834
k2488,0.0,0.165606586,0.0526,0.0,0.0,0.0,0.53121352,0.80000001,0.124778412,0.0,1737
k636,0.0,0.0346,0.157894737,0.0,0.0,0.0,0.50286728,1.0,0.0,0.0,1412
k494,0.0,0.103677292,0.421052632,0.0,0.0,0.0,0.36345878,0.90909094,0.0,0.0,2519
k2595,0.0,0.0,0.157894737,0.0,0.0,0.0,0.51272339,0.80000001,0.092,0.0,2778
k2419,0.0,0.0,0.105263158,0.0,0.0,0.0,0.1012026,0.80000001,0.0,0.0,1034
k3045,0.0,0.078,0.289473684,0.0,0.0,0.0,0.49305072,0.875,0.071,0.087,697
k1428,0.0,0.092,0.342105263,0.848825756,0.0,0.0,0.70293897,1.0,0.0529,0.0,36
k1915,0.0,0.0664,0.184210526,0.0,0.0,0.0,0.44872901,1.0,0.071,0.0,2719
k3068,0.0,0.019,0.210526316,0.494038053,0.0,0.0,0.46628347,0.83333331,0.0948,0.0,782
k885,0.0,0.160561266,0.131578947,0.0,0.0,0.0,0.41029024,1.0,0.107459408,0.0,2614
k348,0.0,0.0,0.105263158,0.0,0.0,0.0,0.46631214,1.0,0.0537,0.0,2687
k2295,0.0,0.0664,0.0789,0.0,0.0,0.0,0.28145713,0.33333334,0.0537,0.0,1046
k2400,0.0,0.0,0.0263,0.0,0.0,0.0,0.62950808,0.5,0.0,0.0,3307
k2980,0.0,0.0346,0.421052632,0.0,0.0,0.0,0.50006551,0.8888889,0.0346,0.0,2443
k2305,0.0,0.0457,0.0789,0.0,0.0,0.0,0.53297305,0.66666669,0.153466584,0.0,576
k2663,0.0,0.122014572,0.236842105,0.0,0.0,0.0,0.50034803,1.0,0.107459408,0.0,1708
k1320,0.0,0.0173,0.105263158,0.0,0.0,0.0,0.45050952,1.0,0.0,0.0,2690
k1549,0.708220803,0.0173,0.0789,0.0,0.0,0.3125,0.58133233,1.0,0.0997,0.0,265
k1977,0.0,0.0173,0.0526,0.0,0.0,0.0,0.44541961,1.0,0.0,0.0,1080
k3081,0.0,0.0,0.0,0.0,0.0,0.0,0.20934142,1.0,0.0,0.0,1556
k3167,0.0,0.0,0.105263158,0.0,0.0,0.0,0.48869413,0.5,0.0,0.0,2101
k2365,0.0,0.205211005,0.315789474,0.0,0.0,0.0,0.81130856,0.83333331,0.138552036,0.0,121
k1299,0.0,0.0,0.184210526,0.67222251,0.0,0.0,0.5414058,1.0,0.000947,0.0,1510
k242,0.0,0.210012985,0.0526,0.0,0.0,0.0,0.64456707,0.66666669,0.0,0.0,1927
k1606,0.750530925,0.0432,0.263157895,0.539297009,0.0333,0.0625,0.68151003,1.0,0.210036995,0.260869565,1638
k2615,0.0,0.0,0.131578947,0.0,0.0,0.0,0.54981267,1.0,0.0537,0.0,2657
k2243,0.0,0.0602,0.184210526,0.0,0.0,0.0,0.40396965,1.0,0.0547,0.0,3363
k3322,0.0,0.0173,0.289473684,0.0,0.0,0.0,0.50483012,1.0,0.0173,0.0,3326
k2878,0.0,0.0389,0.157894737,0.0,0.0,0.0,0.74082547,0.75,0.117354089,0.0,1760
k2977,0.0,0.0299,0.736842105,0.0,0.0,0.0,0.58304071,1.0,0.00189,0.0,1228
k2287,0.0,0.102937796,0.263157895,0.0,0.0,0.0,0.85996681,1.0,0.124778412,0.0,589
k113,0.0,0.0333,0.105263158,0.0,0.0,0.0,0.23271117,0.33333334,0.0,0.0,3275
k826,0.0,0.141484491,0.236842105,0.0,0.0,0.0,0.6221711,1.0,0.0884,0.0,1907
k2280,0.0,0.0914,0.394736842,0.756415574,0.0,0.0,0.70644152,0.8888889,0.0356,0.0435,2680
k3314,0.0,0.0,0.526315789,0.0,0.0,0.0,0.55881298,0.91666669,0.0346,0.0,2646
k2965,0.0,0.0173,0.236842105,0.844341334,0.0,0.0,0.44890836,1.0,0.0,0.0,1774
k430,0.0,0.0524,0.157894737,0.0,0.0,0.0,0.65099907,0.75,0.071,0.0,1451
k2558,0.0,0.0242,0.0,0.0,0.0,0.0,0.0435,1.0,0.0,0.0,3427
k2724,0.0,0.038,0.105263158,0.0,0.0,0.0,0.41779023,0.33333334,0.0,0.0,1971
k2260,0.0,0.0846,0.236842105,0.0,0.0,0.0,0.57090348,0.80000001,0.125725316,0.0,947
k2626,0.0,0.123723409,0.236842105,0.0,0.0,0.0,0.344486,1.0,0.107459408,0.0,2259
k600,0.0,0.0664,0.131578947,0.0,0.0,0.0,0.39205828,1.0,0.0537,0.0,300
k1753,0.0,0.0,0.210526316,0.737078127,0.0,0.0,0.49664453,0.80000001,0.0,0.0,732
k598,0.0,0.0515,0.342105263,0.810410078,0.0,0.0,0.66546112,0.80000001,0.00189,0.0,993
k1975,0.0,0.0173,0.157894737,0.0,0.0,0.0,0.49573809,1.0,0.0173,0.0,1640
k3184,0.0,0.0173,0.342105263,0.754108559,0.0,0.0,0.48586187,0.85714287,0.0183,0.0,1151
k2040,0.0,0.0,0.157894737,0.0,0.0,0.0,0.37537897,0.66666669,0.0,0.0,3398
k2655,0.0,0.063,0.342105263,0.923479703,0.0,0.0,0.41071618,1.0,0.0537,0.0,394
k3137,0.0,0.0,0.131578947,0.0,0.0,0.0,0.39989793,0.33333334,0.046,0.0,1042
k2944,0.0,0.0346,0.0789,0.0,0.0,0.0,0.47145298,0.66666669,0.0,0.0,2563
k1440,0.0,0.214665167,0.157894737,0.0,0.0,0.0,0.42350042,0.66666669,0.0,0.0,233
k2608,0.0,0.0173,0.342105263,0.785110685,0.0,0.0,0.49148133,0.85714287,0.000947,0.0,574
k2226,0.0,0.0853,0.0789,0.0,0.0,0.0,0.53512418,0.33333334,0.161189101,0.0,1560
k2062,0.0,0.0322,0.342105263,0.639872466,0.0,0.0,0.46908411,1.0,0.000947,0.0,2029
k1106,0.0,0.0,0.105263158,0.0,0.0,0.0,0.44706526,0.75,0.0,0.0,1473
k1946,0.0,0.0949,0.0,0.0,0.0,0.0,0.15488575,0.5,0.0,0.0,3416
k3092,0.0,0.0,0.315789474,0.0,0.0,0.0,0.97882545,0.80000001,0.0346,0.0,3113
k2695,0.0,0.0742,0.131578947,0.0,0.0,0.0,0.62914234,1.0,0.071,0.0,2769
k953,0.0,0.0173,0.0263,0.0,0.0,0.0,0.30484259,0.5,0.0,0.0,367
k13,0.0,0.0,0.263157895,0.0,0.0,0.0,0.56251836,1.0,0.0,0.0,2733
k1410,0.0,0.0432,0.315789474,0.903753435,0.0,0.0,0.59690642,1.0,0.0,0.0,2685
k2112,0.0,0.0173,0.184210526,0.0,0.0,0.0,0.30324075,0.75,0.0,0.0,1873
k337,0.0,0.0,0.0,0.0,0.0,0.0,0.7389642,1.0,0.0,0.0,2055
k1237,0.0,0.0851,0.5,0.747239359,0.0,0.0,0.5195539,1.0,0.0183,0.0,2161
k1337,0.232691385,0.0216,0.157894737,0.617113381,0.0,0.0,0.65041947,1.0,0.0547,0.0,2446
k2219,0.0,0.0346,0.157894737,0.0,0.0,0.0,0.42460644,0.5,0.0,0.0,29
k3065,0.0,0.0,0.263157895,0.0,0.0,0.0,0.4627859,0.80000001,0.0,0.0,3412
k1850,0.0,0.0,0.0526,0.0,0.0,0.0,0.49070799,1.0,0.0173,0.0,2571
k2864,0.0,0.0,0.131578947,0.572476541,0.0,0.0,0.53225875,0.75,0.046,0.0,3360
k2339,0.0,0.0173,0.263157895,0.0,0.0,0.0,0.3509433,0.75,0.0537,0.0,2804
k2088,0.0,0.0,0.0,0.0,0.0,0.0,0.49511302,1.0,0.0,0.0,3251
k547,0.0,0.0,0.263157895,0.0,0.0,0.0,0.59012717,0.85714287,0.0346,0.0,2958
k1477,0.0,0.0518,0.315789474,0.0,0.0,0.0,0.46903014,0.83333331,0.0537,0.0,1681
k1961,0.0,0.0,0.0789,0.0,0.0,0.0,0.95461214,1.0,0.0346,0.0,2250
k660,0.0,0.255055867,0.526315789,0.0,0.0,0.0,0.75709766,1.0,0.122179935,0.304347826,3266
k2616,0.0,0.076,0.184210526,0.0,0.0,0.0,0.29358286,0.83333331,0.0,0.0,1410
k56,0.0,0.104735033,0.394736842,0.0,0.0,0.0,0.3135224,1.0,0.0173,0.0,1750
k72,0.0,0.0457,0.342105263,0.0,0.0,0.0,0.63566142,0.83333331,0.0173,0.0,856
k2450,0.0,0.0758,0.315789474,0.907330603,0.0,0.0,0.49942946,1.0,0.107459408,0.0,2495
k2991,0.0,0.112221445,0.0263,0.0,0.0,0.0,0.17087083,0.5,0.0,0.0,528
k1949,0.0,0.0284,0.184210526,0.0,0.0,0.0,0.33176872,1.0,0.0537,0.0,893
k751,0.0,0.0346,0.0789,0.0,0.0,0.0,0.3310149,0.66666669,0.0,0.0,1106
k1942,0.0,0.0914,0.105263158,0.0,0.0,0.0,0.24103019,1.0,0.107459408,0.0,1019
k1058,0.0,0.0949,0.184210526,0.0,0.0,0.0,0.32413858,1.0,0.107459408,0.0,958
k2227,0.905778987,0.577086322,0.447368421,0.0,0.0,0.0,0.63085896,1.0,0.623892048,0.130434783,2016
k976,0.0,0.0173,0.315789474,0.0,0.0,0.0,0.33196616,0.80000001,0.0537,0.0,3222
k128,0.0,0.0664,0.0526,0.0,0.0,0.0,0.38066316,0.66666669,0.0997,0.0,2340
k1926,0.0,0.127710999,0.368421053,0.0,0.0,0.0,0.49421564,0.83333331,0.0346,0.0,493
k1841,0.0,0.0284,0.131578947,0.0,0.0,0.0,0.52437246,1.0,0.0537,0.0,287
k967,0.0,0.0,0.157894737,0.726424387,0.0,0.0,0.41397494,0.75,0.000947,0.0,321
k200,0.0,0.107332584,0.131578947,0.0,0.0,0.0,0.49544221,0.75,0.0,0.0,3249
k2009,0.0,0.0495,0.236842105,0.0,0.0,0.0,0.54777908,1.0,0.072,0.0,2980
k1469,0.0,0.0173,0.605263158,0.0,0.0,0.0,0.59737498,1.0,0.0173,0.130434783,1291
k2042,0.0,0.0173,0.342105263,0.724895018,0.0,0.0,0.43108523,0.83333331,0.00189,0.0,1719
k1960,0.844775816,0.161951295,0.447368421,0.0,0.3,0.25,0.59932905,0.90909094,0.403023415,0.0435,199
k2431,0.0,0.0173,0.210526316,0.0,0.0,0.0,0.2947937,0.75,0.0,0.0,1370
k644,0.0,0.0,0.131578947,0.851443828,0.0,0.0,0.45631132,1.0,0.000947,0.0,2470
k2549,0.0,0.0346,0.131578947,0.0,0.0,0.0,0.44329327,1.0,0.0537,0.0,1772
k1880,0.0,0.0363,0.0263,0.0,0.0,0.0,0.42845055,0.66666669,0.107459408,0.0,2742
k2156,0.0,0.0742,0.184210526,0.624345482,0.0,0.0,0.58898145,1.0,0.0183,0.0,729
k2739,0.0,0.142420548,0.157894737,0.0,0.0,0.0,0.40716335,1.0,0.0537,0.0,1956
k2023,0.0,0.0346,0.605263158,0.91741407,0.0,0.0,0.43441331,1.0,0.0,0.0,468
k1084,0.0,0.0363,0.210526316,0.753641972,0.0,0.0,0.4554801,0.80000001,0.000947,0.0,397
k423,0.0,0.0,0.0789,0.0,0.0,0.0,0.86401528,0.33333334,0.0,0.0,2578
k1391,0.0,0.103873869,0.526315789,0.0,0.0,0.0,0.46788776,0.8888889,0.0537,0.0,185
k1967,0.0,0.0261,0.157894737,0.0,0.0,0.0,0.48832944,0.66666669,0.0537,0.0,843
k3309,0.0,0.0363,0.105263158,0.0,0.0,0.0,0.32819968,1.0,0.0537,0.0,2212
k3319,0.0,0.063,0.0789,0.0,0.0,0.0,0.39808396,0.33333334,0.0537,0.0,1047
k550,0.0,0.0932,0.210526316,0.0,0.0,0.0,0.19122608,1.0,0.0,0.0,2168
k898,0.0,0.0346,0.315789474,0.0,0.0,0.0,0.31785509,0.83333331,0.0,0.0,3097
k1089,0.0,0.0173,0.131578947,0.0,0.0,0.0,0.60155988,0.66666669,0.0537,0.0,3039
k1773,0.0,0.0,0.0,0.0,0.0,0.0,0.69698972,1.0,0.110732493,0.0,14
k1589,0.0,0.0758,0.394736842,0.0,0.0,0.0,0.26380906,1.0,0.0,0.0,3254
k419,0.98218333,0.140562488,0.5,0.791124475,0.0333,0.0,0.5475263,0.8888889,0.0556,0.0,2004
k1520,0.0,0.2926665,0.263157895,0.0,0.0,0.0,0.73163146,0.80000001,0.140324737,0.0,2782
k1329,0.0,0.093,0.157894737,0.0,0.0,0.0,0.32302845,1.0,0.0,0.0,258
k1722,0.0,0.0457,0.105263158,0.0,0.0,0.0,0.38486266,0.66666669,0.0537,0.0,1485
k3021,0.0,0.126002167,0.184210526,0.0,0.0,0.0,0.42215779,0.75,0.107459408,0.0,479
k301,0.0,0.019,0.0263,0.0,0.0,0.0,0.23018597,0.5,0.0,0.0,218
k732,0.0,0.0284,0.0526,0.0,0.0,0.0,0.17274995,0.66666669,0.0537,0.0,2759
k2819,0.645950632,0.153083414,0.105263158,0.0,0.0,0.0,0.64276475,1.0,0.214918816,0.0,2140
k196,0.0,0.0875,0.263157895,0.0,0.0,0.0,0.49637228,1.0,0.214918816,0.260869565,2373
k1991,0.0,0.0869,0.289473684,0.0,0.0333,0.0,0.51688296,1.0,0.107459408,0.0,1426
k2893,0.0,0.0,0.0,0.0,0.0,0.0,0.71332151,1.0,0.092,0.0,2640
k2592,0.0,0.0808,0.210526316,0.0,0.0,0.0,0.45615178,0.80000001,0.071,0.0,2462
k1849,0.0,0.0901,0.105263158,0.0,0.0,0.0,0.49106675,0.66666669,0.0,0.0,1765
k685,0.0,0.0,0.131578947,0.0,0.0,0.0,0.7064544,1.0,0.0346,0.0,742
k580,0.0,0.0346,0.315789474,0.0,0.0,0.0,0.26923165,1.0,0.0,0.0,1880
k2474,0.0,0.0,0.210526316,0.698714293,0.0,0.0,0.57927573,1.0,0.000947,0.0,560
k1308,0.0,0.0,0.421052632,0.0,0.0,0.0,0.49543259,1.0,0.0537,0.0,138
k2324,0.0,0.0,0.0526,0.0,0.0,0.0,0.43194637,0.33333334,0.0,0.0,2436
k1085,0.521757774,0.0,0.394736842,0.0,0.0,0.0,0.63635343,0.85714287,0.107459408,0.087,1858
k3016,0.0,0.126612202,0.368421053,0.0,0.0,0.0,0.47531688,1.0,0.0173,0.0,2726
k1745,0.0,0.239573538,0.315789474,0.0,0.0,0.0,0.67188376,1.0,0.0866,0.0,1411
k3316,0.0,0.0,0.236842105,0.0,0.0,0.0,0.42757571,1.0,0.0,0.0,1353
k0,0.0,0.18448679,0.157894737,0.0,0.0,0.0,0.41998982,1.0,0.107459408,0.0,43
k907,0.0,0.210527801,0.184210526,0.0,0.0,0.0,0.67810708,1.0,0.052,0.0,2125
k2111,0.0,0.038,0.105263158,0.0,0.0,0.0,0.19437112,0.33333334,0.0,0.0,2963
k407,0.449948548,0.0,0.131578947,0.72183628,0.0,0.0,0.88421124,1.0,0.108406305,0.0,3397
k2191,0.0,0.0742,0.263157895,0.0,0.4,0.0625,0.5386737,1.0,0.071,0.0,166
k2299,0.0,0.0,0.394736842,0.0,0.0,0.0,0.62251848,1.0,0.052,0.0,3018
k989,0.0,0.0696,0.157894737,0.0,0.0,0.0,0.33018458,1.0,0.071,0.0,3330
k76,0.0,0.0346,0.157894737,0.752993934,0.0,0.0,0.51217169,1.0,0.000947,0.0,3408
k3136,0.0,0.0696,0.289473684,0.0,0.0,0.0,0.41325563,0.80000001,0.0,0.0,1261
k2317,0.0,0.104735033,0.263157895,0.0,0.0,0.0,0.28798577,0.83333331,0.0173,0.0,392
k2680,0.0,0.0524,0.184210526,0.0,0.0,0.1875,0.4848004,1.0,0.178508113,0.0,3083
k2999,0.0,0.063,0.289473684,0.0,0.0,0.0,0.41712531,1.0,0.071,0.0,2367
k2512,0.685278056,0.126334466,0.5,0.783762766,0.0,0.0625,0.47433254,1.0,0.162136012,0.130434783,704
k3409,0.0,0.0432,0.263157895,0.930608119,0.0,0.0,0.48067224,0.875,0.0,0.0,429
k3236,0.0,0.0173,0.157894737,0.0,0.0,0.0,0.6139937,1.0,0.0173,0.0,949
k3375,0.0,0.0457,0.157894737,0.0,0.0,0.0,0.62229043,0.75,0.108406305,0.0,2574
k1647,0.587485143,0.0978,0.315789474,0.673155685,0.0,0.0,0.54453355,0.85714287,0.047,0.0,1958
k227,0.0,0.0346,0.131578947,0.0,0.0,0.0,0.39627695,1.0,0.0,0.0,418
k97,0.0,0.0173,0.184210526,0.739566592,0.0,0.0,0.36299545,1.0,0.000947,0.0,1829
k1776,0.0,0.0,0.0263,0.0,0.0,0.0,0.61198199,1.0,0.107459408,0.0,515
k2888,0.0,0.0,0.105263158,0.0,0.0,0.0,0.62516367,1.0,0.0,0.0,2062
k2109,0.0,0.102408942,0.157894737,0.0,0.0,0.0,0.55035824,1.0,0.107459408,0.0,534
k224,0.0,0.0432,0.0263,0.856861424,0.0,0.0,0.49832639,1.0,0.000947,0.0,1244
k818,0.0,0.0,0.157894737,0.0,0.0,0.0,0.66651875,0.66666669,0.111164238,0.0,1049
k554,0.0,0.0173,0.157894737,0.0,0.0,0.0,0.43623614,0.66666669,0.0537,0.0,2673
k138,0.0,0.0,0.0789,0.0,0.0,0.0,0.57103682,0.66666669,0.0173,0.0,386
k51,0.0,0.0,0.131578947,0.842241692,0.0,0.0,0.45631132,1.0,0.000947,0.0,1857
k114,0.0,0.0,0.0,0.0,0.0,0.0,0.75328642,1.0,0.046,0.0,1069
k3222,0.0,0.26316678,0.184210526,0.664005392,0.0333,0.125,0.60484004,1.0,0.377054828,0.0435,2748
k9,0.0,0.0758,0.342105263,0.0,0.0,0.0,0.32437715,1.0,0.0,0.0,1503
k3214,0.0,0.038,0.157894737,0.650059619,0.0,0.0,0.45559189,0.80000001,0.0547,0.0,3123
k3317,0.0,0.00737,0.105263158,0.0,0.0,0.0,0.42375627,0.5,0.0,0.0,1471
k1874,0.0,0.0173,0.157894737,0.836564882,0.0,0.0,0.49356145,0.75,0.0,0.0,3342
k3421,0.0,0.0,0.184210526,0.0,0.0,0.0,0.68915683,0.75,0.0,0.0,432
k2486,0.0,0.0,0.0,0.0,0.0,0.0,0.50120467,0.0,0.046,0.0,1108
k3035,0.0,0.093,0.131578947,0.0,0.0,0.0,0.48697644,0.75,0.0173,0.0,2119
k2709,0.0,0.0434,0.0789,0.0,0.0,0.0,0.55535012,0.66666669,0.0537,0.0,1526
k1003,0.0,0.0499,0.0789,0.0,0.0,0.0,0.6762675,0.66666669,0.107459408,0.0,2198
k476,0.0,0.0193,0.157894737,0.0,0.0,0.0,0.51611662,1.0,0.0,0.0,2460
k1190,0.0,0.0607,0.210526316,0.0,0.0,0.0,0.64024931,1.0,0.0183,0.0,823
k166,0.0,0.0691,0.447368421,0.0,0.0,0.0,0.61788148,1.0,0.16129039,0.0,1018
k2443,0.0,0.0346,0.210526316,0.749935196,0.0,0.0,0.56483984,0.80000001,0.000947,0.0,2185
k387,0.0,0.0,0.0789,0.0,0.0,0.0,0.49835491,1.0,0.046,0.0,3407
k2544,0.0,0.0,0.394736842,0.0,0.0,0.0,0.76038742,1.0,0.0866,0.0435,3337
k1583,0.0,0.132648142,0.0526,0.0,0.0,0.0625,0.56298482,1.0,0.124778412,0.0,2960
k1181,0.0,0.833864473,0.631578947,0.0,0.0,0.0,0.6889993,1.0,0.87167622,0.217391304,3164
k2779,0.0,0.063,0.289473684,0.0,0.0,0.0,0.35208511,1.0,0.0537,0.0,54
k2758,0.0,0.0,0.0789,0.0,0.0,0.0,0.30484259,1.0,0.0,0.0,2009
k2283,0.0,0.0346,0.315789474,0.827570118,0.0,0.0,0.6223492,1.0,0.0547,0.0435,1700
k929,0.0,0.063,0.289473684,0.587847996,0.0,0.0,0.41148478,0.80000001,0.0547,0.0,1625
k1182,0.0,0.0173,0.210526316,0.0,0.0,0.0,0.32788458,0.75,0.0,0.0,2993
k841,0.0,0.0346,0.105263158,0.0,0.0,0.0,0.4778122,0.66666669,0.092,0.0,1663
k2465,0.0,0.0,0.184210526,0.0,0.0,0.0,0.50529492,1.0,0.046,0.0,3142
k608,0.0,0.148327037,0.131578947,0.0,0.0,0.0,0.5147534,1.0,0.161189101,0.0,925
k1229,0.0,0.0,0.157894737,0.0,0.0,0.0,0.42087424,0.66666669,0.0,0.0,177
k1448,0.0,0.0,0.0789,0.0,0.0,0.0,0.57906407,1.0,0.0,0.0,727
k280,0.0,0.0,0.131578947,0.649748561,0.0,0.0,0.67506421,1.0,0.222411911,0.0,661
k3220,0.0,0.120217351,0.131578947,0.0,0.0,0.0,0.72442186,0.80000001,0.124778412,0.0,1478
k104,0.0,0.0216,0.131578947,0.0,0.0,0.0,0.45675471,0.66666669,0.0,0.0,464
k559,0.0,0.0457,0.236842105,0.0,0.0,0.0,0.43587288,0.75,0.0173,0.0,942
k2203,0.0,0.0173,0.105263158,0.0,0.0,0.0,0.56783146,0.66666669,0.0997,0.0,2151
k2850,0.0,0.0,0.289473684,0.0,0.0,0.0,0.53519768,0.80000001,0.124778412,0.0,2508
k3121,0.0,0.0,0.315789474,0.0,0.0,0.0,0.63046777,0.80000001,0.0173,0.0,707
k144,0.750446951,0.101310139,0.236842105,0.592280574,0.0667,0.0,0.53550059,1.0,0.125725316,0.0,591
k560,0.0,0.0173,0.105263158,0.0,0.0,0.0,0.35369253,1.0,0.0,0.0,1185
k2970,0.0,0.252641924,0.0526,0.0,0.0,0.0,0.36820057,0.5,0.0,0.0,2613
k3233,0.0,0.065,0.473684211,0.0,0.0,0.0,0.58575469,1.0,0.0537,0.0,2860
k2589,0.0,0.0346,0.0526,0.0,0.0,0.0,0.58397603,1.0,0.071,0.0,187
k607,0.0,0.0173,0.131578947,0.0,0.0,0.0,0.50412488,1.0,0.0537,0.0,3072
k107,0.0,0.0389,0.289473684,0.519933641,0.0,0.0,0.51470625,0.85714287,0.0948,0.0,776
k1345,0.0,0.0173,0.131578947,0.0,0.0,0.0,0.42210788,0.66666669,0.046,0.0,3224
k1809,0.0,0.0,0.105263158,0.0,0.0,0.0,0.5523957,0.75,0.0173,0.0,783
k1271,0.0,0.0901,0.0526,0.0,0.0,0.0,0.57969314,0.5,0.0,0.0,581
k3433,0.0,0.0273,0.0263,0.0,0.0,0.0,0.23383926,0.5,0.0,0.0,426
k1739,0.0,0.0173,0.263157895,0.0,0.0,0.0,0.33064857,1.0,0.0,0.0,2588
k2881,0.0,0.0,0.184210526,0.0,0.0,0.0,0.46435505,1.0,0.0,0.0,2557
k482,0.0,0.0901,0.0789,0.0,0.0,0.0,0.75820696,1.0,0.046,0.0,2992
k1883,0.0,0.0,0.0789,0.717351859,0.0,0.0,0.71187156,1.0,0.0547,0.0,86
k1860,0.956844438,0.116636953,0.5,0.744180621,0.0333,0.0,0.53888279,0.8888889,0.0556,0.0,3090
k140,0.0,0.0,0.184210526,0.0,0.0,0.0,0.48477501,0.66666669,0.0537,0.0,748
k2,0.0,0.0216,0.0263,0.0,0.0,0.0,0.51437479,1.0,0.046,0.0,551
k3408,0.0,0.0864,0.368421053,0.0,0.0,0.0,0.39657325,0.80000001,0.0,0.0,431
k2151,0.0,0.0691,0.0526,0.0,0.0,0.0,0.35534289,0.66666669,0.0,0.0,1976
k3009,0.0,0.0524,0.210526316,0.0,0.0,0.0,0.48284125,0.80000001,0.0633,0.0,834
k1662,0.0,0.0363,0.210526316,0.0,0.0,0.0,0.47265369,1.0,0.0173,0.0435,2364
k2690,0.0,0.0346,0.289473684,0.0,0.0333,0.0,0.49572784,1.0,0.0997,0.0,995
k1405,0.0,0.0569,0.0263,0.0,0.0,0.0,0.0825,1.0,0.0173,0.0,693
k1077,0.0,0.0173,0.184210526,0.0,0.0,0.0,0.65376294,0.75,0.0,0.0,27
k2831,0.0,0.0,0.184210526,0.0,0.0,0.0,0.4331626,1.0,0.0,0.0,2485
k966,0.0,0.0256,0.0263,0.0,0.0,0.0,0.38223535,1.0,0.0537,0.0,3028
k143,0.0,0.0518,0.263157895,0.0,0.0,0.0,0.35340974,1.0,0.046,0.0,174
k2577,0.0,0.0956,0.289473684,0.0,0.0,0.0,0.54921252,0.85714287,0.0537,0.0,2011
k112,0.0,0.176769026,0.236842105,0.0,0.0,0.0,0.66884792,1.0,0.159416421,0.0,939
k835,0.0,0.0173,0.157894737,0.0,0.0,0.0,0.38432965,1.0,0.0,0.0,3244
k671,0.0,0.0284,0.263157895,0.0,0.0,0.0,0.42198572,1.0,0.071,0.0,3168
k1367,0.0,0.0299,0.342105263,0.0,0.0,0.0,0.61951965,1.0,0.0633,0.0,824
k3056,0.0,0.0691,0.315789474,0.0,0.0,0.0,0.35599798,1.0,0.0,0.0,413
k1675,0.0,0.0173,0.105263158,0.0,0.0,0.0,0.4029488,1.0,0.0,0.0,1100
k205,0.0,0.0,0.131578947,0.0,0.0,0.0,0.7628274,0.0,0.0173,0.0,3063
k2500,0.0,0.0346,0.526315789,0.0,0.0,0.0,0.50306225,0.90909094,0.0346,0.0,1084
k364,0.0,0.0535,0.342105263,0.0,0.0,0.0,0.40866542,1.0,0.0173,0.0,2747
k542,0.0,0.0691,0.473684211,0.0,0.0,0.0,0.25074169,1.0,0.0,0.0,1589
k1239,0.0,0.160105044,0.473684211,0.0,0.0,0.0,0.52715302,0.89999998,0.214918816,0.173913043,964
k3339,0.0,0.0,0.263157895,0.886411945,0.0,0.0,0.35358408,0.75,0.0,0.0,1255
k2844,0.0,0.102937796,0.210526316,0.0,0.0,0.0,0.82042551,0.80000001,0.124778412,0.0,989
k551,0.0,0.0,0.184210526,0.0,0.0,0.0,0.34508204,1.0,0.0,0.0,1278
k65,0.0,0.038,0.210526316,0.0,0.0,0.0,0.40665567,1.0,0.221464979,0.0,238
k3306,0.0,0.0346,0.131578947,0.0,0.0,0.0,0.33938015,1.0,0.0,0.0,2110
k319,0.0,0.343447408,0.157894737,0.0,0.0,0.0,0.50399607,0.85714287,0.322378203,0.0,630
k1235,0.0,0.0363,0.105263158,0.0,0.0,0.0,0.32819968,0.66666669,0.0537,0.0,2591
k2214,0.0,0.0,0.0263,0.432033802,0.0,0.0,0.63709229,0.5,0.046,0.0,330
k222,0.0,0.0,0.0789,0.0,0.0,0.0,0.58933419,1.0,0.111164238,0.0,801
k37,0.0,0.0808,0.210526316,0.0,0.0,0.0,0.51158476,1.0,0.0346,0.0,2911
k408,0.0,0.104735033,0.236842105,0.0,0.0,0.0,0.41525838,1.0,0.107459408,0.0,3195
k132,0.0,0.0346,0.184210526,0.755560164,0.0,0.0,0.49037382,1.0,0.000947,0.0,2888
k3163,0.0,0.0742,0.289473684,0.676758774,0.0,0.0,0.54739928,0.85714287,0.000947,0.0,52
k1009,0.0,0.0284,0.315789474,0.858546322,0.0,0.0,0.37352237,0.83333331,0.0537,0.0,400
k1001,0.601581691,0.0948,0.315789474,0.692881953,0.0,0.0,0.68169576,1.0,0.0488,0.0,2616
k1360,0.0,0.038,0.131578947,0.0,0.0,0.0,0.43863693,0.80000001,0.0,0.0,2370
k1409,0.0,0.0389,0.184210526,0.832961792,0.0,0.0,0.3847416,0.75,0.000947,0.0,1254
k1034,0.0,0.0389,0.131578947,0.0,0.0,0.0,0.34277222,1.0,0.0,0.0,198
k1234,0.0,0.0284,0.184210526,0.0,0.0,0.0,0.48378065,1.0,0.0537,0.0,3344
k963,0.0,0.0,0.0789,0.0,0.0,0.0,0.57559943,1.0,0.0173,0.0,2429
k1260,0.0,0.183550739,0.105263158,0.0,0.0,0.0,0.68349743,0.33333334,0.0346,0.0,3302
k3076,0.0,0.0,0.0526,0.0,0.0,0.0,0.35196853,0.5,0.0,0.0,3381
k2281,0.0,0.0,0.157894737,0.0,0.0,0.0,0.51730287,1.0,0.0173,0.0,1434
k3395,0.0,0.0,0.0,0.0,0.0,0.0,0.18527216,0.5,0.0537,0.0,533
k3166,0.0,0.123804573,0.210526316,0.0,0.0,0.0,0.19934635,0.80000001,0.0,0.0,984
k1353,0.0,0.0173,0.157894737,0.0,0.0,0.0,0.32378066,1.0,0.0173,0.0,1156
k2271,0.0,0.0284,0.315789474,0.0,0.0,0.0,0.29168895,0.83333331,0.0,0.0,2278
k1506,0.0,0.0,0.0,0.0,0.0,0.0,0.63503224,1.0,0.221464979,0.0,1221
k2962,0.0,0.0173,0.236842105,0.0,0.0,0.0,0.45125875,1.0,0.0,0.0,1783
k652,0.0,0.0346,0.210526316,0.0,0.0,0.0,0.45595944,1.0,0.0537,0.0,423
k3111,0.0,0.0,0.184210526,0.0,0.0,0.0,0.48014268,1.0,0.0,0.0,1376
k1446,0.0,0.0,0.0263,0.0,0.0,0.0,0.76564145,0.5,0.0633,0.0,3166
k1916,0.0,0.0,0.368421053,0.0,0.0,0.0,0.24869168,0.83333331,0.0,0.0,3045
k927,0.0,0.0,0.289473684,0.686660791,0.0,0.0,0.46441534,1.0,0.000947,0.0,2000
k1254,0.23700404,0.05,0.184210526,0.719710716,0.0,0.0,0.3255294,1.0,0.0547,0.0,1740
k1925,0.0,0.0664,0.157894737,0.0,0.0,0.0,0.48137414,0.80000001,0.0346,0.0,3366
k2707,0.0,0.0,0.447368421,0.0,0.0,0.0,0.56106192,0.89999998,0.107459408,0.0,2737
k937,0.0,0.0346,0.105263158,0.0,0.0,0.0,0.3847397,0.66666669,0.0537,0.0,2100
k1336,0.0,0.0569,0.157894737,0.0,0.0,0.0,0.44366649,0.80000001,0.107459408,0.0,2652
k2671,0.0,0.0742,0.210526316,0.0,0.0,0.0,0.46954659,1.0,0.0346,0.0,2621
k503,0.0,0.0,0.105263158,0.0,0.0,0.0,0.72080165,0.5,0.0173,0.0,359
k3394,0.0,0.107332584,0.236842105,0.0,0.0,0.0,0.39525738,1.0,0.0,0.0,1855
k2518,0.0,0.0351,0.289473684,0.0,0.0,0.0,0.5510897,0.83333331,0.0173,0.0,1435
k324,0.0,0.383927061,0.473684211,0.663694334,0.166666667,0.0,0.61885655,1.0,0.0557,0.173913043,3014
k3403,0.0,0.172584865,0.157894737,0.0,0.0,0.0,0.68096191,0.66666669,0.0346,0.0,105
k2051,0.0,0.0346,0.105263158,0.0,0.0,0.0,0.38012269,0.75,0.0,0.0,681
k2309,0.0,0.0742,0.263157895,0.0,0.0,0.0,0.38096306,0.80000001,0.0537,0.0,1944
k1948,0.0,0.0585,0.210526316,0.0,0.0,0.0,0.31425977,0.80000001,0.0,0.0,1174
k766,0.0,0.0802,0.236842105,0.0,0.0,0.0,0.50234401,0.80000001,0.0173,0.0,3406
k851,0.0,0.0173,0.131578947,0.640468661,0.0,0.0,0.46922204,0.75,0.047,0.0,1190
k1627,0.0,0.0173,0.131578947,0.0,0.0,0.0,0.23976809,0.75,0.0,0.0,1747
k1705,0.0,0.0,0.131578947,0.47887397,0.0,0.0,0.60582614,1.0,0.176382219,0.0,1838
k661,0.0,0.139294127,0.263157895,0.0,0.0,0.0,0.30185556,0.75,0.0,0.0,837
k2822,0.0,0.0,0.184210526,0.819819586,0.0,0.0,0.33792746,0.33333334,0.000947,0.0,1563
k150,0.0,0.165271261,0.315789474,0.0,0.0,0.0,0.69962168,0.875,0.071,0.087,2581
k167,0.0,0.0569,0.105263158,0.0,0.0,0.0,0.45835027,0.66666669,0.107459408,0.0,3280
k164,0.0,0.0,0.0263,0.0,0.0,0.0,0.58446515,0.5,0.0537,0.0,2194
k3169,0.0,0.0173,0.131578947,0.0,0.0,0.0,0.57156873,1.0,0.0633,0.0,2141
k2534,0.0,0.0,0.0789,0.0,0.0,0.0,0.58524114,1.0,0.0,0.0,1177
k1322,0.0,0.0,0.131578947,0.0,0.0,0.0,0.47636098,0.66666669,0.0,0.0,909
k959,0.0,0.0,0.0,0.0,0.0,0.0,0.37229136,0.66666669,0.0,0.0,2382
k1770,0.0,0.0173,0.184210526,0.0,0.0,0.0,0.49658945,0.75,0.0938,0.0,3099
k675,0.0,0.289207769,0.210526316,0.0,0.0,0.0,0.71428978,1.0,0.303286532,0.087,2908
k1862,0.0,0.0,0.131578947,0.0,0.0,0.0,0.45075679,0.33333334,0.0173,0.0,2072
k2475,0.0,0.111652472,0.236842105,0.0,0.0,0.0,0.52796584,1.0,0.0173,0.0,803
k1732,0.0,0.647262261,0.526315789,0.0,0.0,0.0,0.64088291,0.92307693,0.568389667,0.217391304,1317
k2343,0.0,0.019,0.131578947,0.0,0.0,0.0,0.43448794,1.0,0.0537,0.0,1973
k372,0.0,0.0,0.157894737,0.689771372,0.0,0.0,0.52866,0.80000001,0.000947,0.0,1571
k2598,0.0,0.124612139,0.131578947,0.0,0.0,0.0,0.37381658,0.66666669,0.0,0.0,1363
k3176,0.0,0.0223,0.236842105,0.640261289,0.0,0.0,0.55123484,1.0,0.0547,0.0,1820
k2732,0.0,0.038,0.0789,0.0,0.0,0.0,0.40856302,0.75,0.0,0.0,1155
k1128,0.356313196,0.0742,0.105263158,0.0,0.0,0.0,0.50896883,1.0,0.207196298,0.0,2149
k382,0.0,0.0553,0.105263158,0.0,0.0,0.0,0.29949757,1.0,0.0,0.0,525
k1488,0.0,0.0,0.263157895,0.67118565,0.0,0.0,0.48856133,1.0,0.0,0.0,442
k2719,0.0,0.124612139,0.131578947,0.0,0.0,0.0,0.37381658,1.0,0.0,0.0,3031
k1698,0.0,0.0296,0.315789474,0.0,0.0,0.0,0.40660158,0.80000001,0.071,0.0,587
k2979,0.0,0.0,0.210526316,0.0,0.0,0.0,0.27967247,0.40000001,0.0,0.0,1454
k2783,0.0,0.0,0.184210526,0.66620872,0.0,0.0,0.68079162,1.0,0.000947,0.0,3269
k306,0.0,0.102408942,0.157894737,0.0,0.0,0.0,0.67133296,0.66666669,0.134673086,0.0,956
k2849,0.0,0.136276143,0.0263,0.0,0.0,0.0,0.32102025,0.66666669,0.0,0.0,2039
k3231,0.0,0.104735033,0.184210526,0.0,0.0,0.0,0.37553322,1.0,0.107459408,0.0,2295
k3017,0.336774988,0.0409,0.236842105,0.0,0.0,0.0,0.56601447,0.83333331,0.0173,0.0,2681
k409,0.0,0.0,0.131578947,0.0,0.0,0.0,0.45690754,1.0,0.0938,0.0,1924
k833,0.0,0.019,0.131578947,0.0,0.0,0.0,0.38927859,1.0,0.0,0.0,1083
k98,0.0,0.019,0.157894737,0.0,0.0,0.0,0.45603618,0.75,0.0,0.0,2594
k2270,0.0,0.0173,0.105263158,0.0,0.0,0.0,0.42375627,0.5,0.0,0.0,1594
k2578,0.0,0.0697,0.105263158,0.0,0.0,0.0,0.23002701,0.75,0.0,0.0,910
k3128,0.0,0.0,0.289473684,0.0,0.0,0.0,0.25899562,0.80000001,0.0,0.0,1963
k1755,0.0,0.0346,0.236842105,0.0,0.0,0.0,0.47129872,1.0,0.092,0.0,2005
k279,0.0,0.0389,0.157894737,0.0,0.0,0.0,0.44260129,0.75,0.0997,0.0,2903
k2188,0.0,0.0457,0.184210526,0.0,0.0,0.0,0.52918392,0.80000001,0.0,0.0,2682
k1163,0.0,0.0173,0.157894737,0.0,0.0,0.0,0.50715429,0.80000001,0.0,0.0,705
k2660,0.0,0.0,0.263157895,0.0,0.0,0.0,0.61823851,0.85714287,0.0346,0.0,708
k316,0.0,0.015,0.0789,0.0,0.0,0.0,0.82417822,1.0,0.0,0.0,643
k186,0.0,0.0346,0.0526,0.0,0.0,0.0,0.35298386,0.66666669,0.0,0.0,633
k1871,0.0,0.0891,0.526315789,0.0,0.0,0.0,0.42537478,0.8888889,0.0183,0.0,3017
k2441,0.0,0.0261,0.210526316,0.0,0.0,0.0,0.56988996,1.0,0.0173,0.0,2036
k406,0.0,0.0914,0.210526316,0.0,0.0,0.0,0.38486266,1.0,0.107459408,0.0,3066
k136,0.0,0.0742,0.131578947,0.0,0.0,0.0,0.51956856,1.0,0.071,0.0,2226
k513,0.0,0.0346,0.105263158,0.0,0.0,0.0,0.3847397,1.0,0.0537,0.0,353
k1947,0.0,0.0173,0.157894737,0.695163046,0.0,0.0,0.45441896,1.0,0.000947,0.0,2379
k2834,0.0,0.0522,0.105263158,0.0,0.0,0.0,0.48328969,0.66666669,0.107459408,0.0,1087
k1904,0.0,0.0,0.131578947,0.650344756,0.0,0.0,0.62639332,1.0,0.000947,0.0,1134
k2631,0.0,0.220001724,0.342105263,0.0,0.0,0.0,0.35956746,0.875,0.0173,0.0,416
k843,0.0,0.104395493,0.0263,0.0,0.0,0.0,0.22914912,0.66666669,0.0537,0.0,456
k3185,0.0,0.0173,0.131578947,0.0,0.0,0.0,0.45525557,0.75,0.0,0.0,192
k2702,0.0,0.0457,0.342105263,0.0,0.0,0.0,0.58254606,0.83333331,0.0173,0.0,3051
k678,0.678386506,0.0351,0.157894737,0.585437296,0.0,0.0,0.5954932,0.80000001,0.0537,0.0,2467
k1313,0.0,0.104735033,0.421052632,0.0,0.0,0.0,0.47888228,0.85714287,0.0346,0.0,1129
k1397,0.0,0.0875,0.263157895,0.0,0.0,0.0,0.63389444,1.0,0.196774014,0.0,2107
k714,0.0,0.0678,0.210526316,0.933485406,0.0,0.0,0.64951617,0.75,0.000947,0.0,387
k2856,0.0,0.0,0.0263,0.0,0.0,0.0,0.14175048,0.5,0.0,0.0,4
k2498,0.0,0.1921905,0.210526316,0.0,0.0,0.0,0.42007372,1.0,0.124778412,0.0,2970
k2154,0.0,0.0,0.157894737,0.0,0.0,0.0,0.54978681,1.0,0.0173,0.0,45
k2306,0.0,0.0173,0.210526316,0.748509513,0.0,0.0,0.48998055,1.0,0.000947,0.0,1682
k1863,0.0,0.0346,0.157894737,0.0,0.0,0.0,0.26839939,0.66666669,0.0,0.0,789
k3175,0.0,0.0284,0.236842105,0.0,0.0,0.0,0.52110445,0.75,0.0173,0.0,2853
k1632,0.0,0.107332584,0.157894737,0.0,0.0,0.0,0.35681129,0.66666669,0.0,0.0,1595
k1101,0.0,0.0143,0.131578947,0.742003214,0.0,0.0,0.59322047,1.0,0.0,0.0,335
k38,0.0,0.0389,0.210526316,0.0,0.0,0.0,0.7636826,1.0,0.117354089,0.0,1620
k579,0.0,0.394771252,0.105263158,0.0,0.0,0.0,0.54676419,0.66666669,0.0,0.0,537
k168,0.0,0.0173,0.105263158,0.0,0.0,0.0,0.49104139,0.75,0.0,0.0,3019
k428,0.0,0.126002167,0.315789474,0.0,0.0,0.0,0.47150344,0.89999998,0.071,0.0,1995
k3051,0.0,0.0702,0.289473684,0.0,0.0,0.0,0.53657871,0.0,0.0173,0.0,1220
k3063,0.0,0.0173,0.368421053,0.0,0.0,0.0,0.51236385,1.0,0.0173,0.0435,2081
k3379,0.0,0.0216,0.105263158,0.657421328,0.0,0.0,0.60055041,1.0,0.00189,0.0,2394
k2169,0.0,0.0569,0.447368421,0.0,0.0,0.0,0.78283644,0.2857143,0.0866,0.0,1591
k2480,0.0,0.0901,0.0526,0.0,0.0,0.0,0.41382623,1.0,0.0,0.0,1665
k601,0.0,0.093,0.394736842,0.0,0.0,0.0,0.46398553,0.85714287,0.107459408,0.0,246
k1142,0.0,0.0173,0.131578947,0.0,0.0,0.0,0.43843135,1.0,0.046,0.0,586
k2990,0.0,0.078,0.105263158,0.0,0.0,0.0,0.73341352,1.0,0.161189101,0.0,1096
k741,0.0,0.0535,0.289473684,0.735445072,0.0,0.0,0.40424451,1.0,0.000947,0.0,3
k840,0.0,0.0524,0.342105263,0.0,0.0,0.0,0.52495503,0.8888889,0.0173,0.0,3228
k2266,0.0,0.0339,0.184210526,0.0,0.0,0.0,0.42876911,1.0,0.0,0.0,85
k1512,0.690948839,0.107006561,0.184210526,0.559541708,0.0,0.3125,0.46762353,0.85714287,0.125725316,0.0,1422
k620,0.0,0.123804573,0.210526316,0.0,0.0,0.0,0.19934635,1.0,0.0,0.0,250
k1911,0.0,0.038,0.131578947,0.0,0.0,0.0,0.41940963,0.75,0.0,0.0,2573
k3352,0.0,0.0518,0.5,0.0,0.0,0.0,0.37007383,1.0,0.117354089,0.0,1521
k2356,0.0,0.0,0.289473684,0.0,0.0,0.0,0.44482201,1.0,0.0,0.0,3421
k1521,0.0,0.0,0.157894737,0.0,0.0,0.0,0.50979573,0.75,0.0,0.0,648
k3120,0.483346395,0.101262801,0.315789474,0.648374721,0.0,0.0,0.43803036,0.85714287,0.108406305,0.0,2158
k2015,0.0,0.063,0.236842105,0.704831769,0.0,0.0,0.55159187,0.80000001,0.000947,0.0,1943
k60,0.0,0.0,0.0263,0.0,0.0,0.0,0.76056337,1.0,0.0,0.0,462
k3044,0.333364585,0.107006561,0.157894737,0.62157188,0.0,0.0625,0.42638484,1.0,0.072,0.0,1462
k298,0.0,0.0346,0.263157895,0.0,0.0,0.0,0.28975102,1.0,0.0,0.0,1269
k2159,0.0,0.0173,0.236842105,0.0,0.0,0.0,0.52472091,1.0,0.0173,0.0435,84
k2447,0.263324632,0.0738,0.315789474,0.798563948,0.0,0.0,0.69174737,1.0,0.0893,0.0,936
k1455,0.0,0.038,0.289473684,0.643864379,0.0,0.0,0.36067307,0.83333331,0.0,0.0,855
k1305,0.0,0.0351,0.236842105,0.0,0.0,0.0,0.54273921,1.0,0.0173,0.0,478
k876,0.0,0.182886131,0.210526316,0.0,0.0,0.0,0.28143975,0.80000001,0.124778412,0.0,1204
k333,0.0,0.0457,0.105263158,0.0,0.0,0.0,0.38486266,0.33333334,0.0537,0.0,1847
k1616,0.0,0.0,0.157894737,0.0,0.0,0.0,0.56427407,0.75,0.0938,0.0,686
k1057,0.0,0.0457,0.184210526,0.0,0.0,0.0,0.46600625,1.0,0.0173,0.0,1343
k3187,0.0,0.0,0.0789,0.0,0.0,0.0,0.64462787,1.0,0.0173,0.0,1999
k2900,0.0,0.21113156,0.0789,0.0,0.0,0.0,0.52309543,0.83333331,0.368385386,0.0,1138
k433,0.0,0.0981,0.184210526,0.843460003,0.0,0.0,0.5217613,1.0,0.072,0.0,2320
k1633,0.0,0.0864,0.342105263,0.0,0.0,0.0,0.5679388,0.85714287,0.129195569,0.0,2326
k2903,0.0,0.0734,0.289473684,0.75892996,0.0,0.0,0.5186367,0.85714287,0.047,0.0,3218
k413,0.0,0.655373179,0.5,0.0,0.0,0.0,0.65375352,1.0,0.587481338,0.173913043,1743
k767,0.0,0.0524,0.131578947,0.0,0.0,0.0,0.37334022,0.66666669,0.0537,0.0,1294
k525,0.0,0.0,0.263157895,0.0,0.0,0.0,0.50157499,0.75,0.0,0.0,3147
k2868,0.0,0.0,0.0263,0.0,0.0,0.0,0.83948076,0.5,0.0173,0.0,1828
k285,0.0,0.218502976,0.210526316,0.0,0.0,0.0,0.63468772,0.80000001,0.0693,0.0,2870
k1467,0.0,0.226085018,0.447368421,0.993830681,0.0,0.0,0.73137993,1.0,0.0702,0.0435,264
k3100,0.0,0.138236397,0.473684211,0.0,0.0,0.0,0.3781091,0.92307693,0.0,0.0,829
k463,0.0,0.123723409,0.236842105,0.0,0.0,0.0,0.344486,0.80000001,0.107459408,0.0,1802
k3344,0.0,0.0351,0.0526,0.0,0.0,0.0,0.78894389,1.0,0.161189101,0.0,1227
k1112,0.0,0.0822,0.157894737,0.0,0.0,0.0,0.67594403,0.75,0.0173,0.0,2630
k2095,0.0,0.24029898,0.368421053,0.0,0.0,0.0,0.60545599,1.0,0.230465133,0.173913043,117
k3273,0.0,0.0284,0.315789474,0.0,0.0,0.0,0.29168895,0.80000001,0.0,0.0,1275
k589,0.0,0.0,0.289473684,0.718025818,0.0,0.0,0.53632414,0.83333331,0.000947,0.0,3161
k2876,0.0,0.0742,0.0789,0.0,0.0,0.0,0.47917646,0.33333334,0.107459408,0.0,758
k695,0.0,0.0173,0.0526,0.0,0.0,0.0,0.49186021,1.0,0.0173,0.0,2419
k1378,0.0,0.0346,0.236842105,0.740707139,0.0,0.0,0.60578918,0.83333331,0.00189,0.0,3213
k3357,0.0,0.0569,0.526315789,0.687723573,0.0,0.0,0.59534872,0.90909094,0.103914027,0.347826087,2488
k1348,0.0,0.128660557,0.236842105,0.0,0.0,0.0,0.46241251,0.75,0.0173,0.0,3234
k670,0.0,0.102605503,0.105263158,0.0,0.0,0.0,0.67305905,0.5,0.0884,0.0,2809
k312,0.0,0.0635,0.157894737,0.671470786,0.0,0.0,0.53947204,0.80000001,0.108406305,0.0,2481
k1385,0.656336934,0.0346,0.105263158,0.0,0.0,0.25,0.43829486,1.0,0.107459408,0.0,1160
k1944,0.519559929,0.105263903,0.0789,0.0,0.0,0.0,0.67073685,1.0,0.161189101,0.0,1579
k2551,0.0,0.0457,0.157894737,0.0,0.0,0.0,0.49862584,0.75,0.0173,0.0,1323
k1957,0.0,0.0647,0.131578947,0.0,0.0,0.0,0.43932247,1.0,0.071,0.0,216
k1090,0.0,0.0232,0.0263,0.0,0.0,0.0,0.24248506,1.0,0.0,0.0,653
k928,0.262286966,0.0,0.157894737,0.0,0.0,0.0,0.91748518,0.75,0.0884,0.0,3152
k801,0.0,0.0284,0.368421053,0.0,0.0,0.0,0.34061542,1.0,0.0537,0.0,3065
k1493,0.0,0.0901,0.0526,0.0,0.0,0.0,0.37976828,0.5,0.0,0.0,477
k2495,0.0,0.038,0.0789,0.0,0.0,0.0,0.30854276,0.33333334,0.046,0.0,935
k3279,0.0,0.0,0.0526,0.0,0.0,0.0,0.52405751,0.5,0.0537,0.0,1147
k2737,0.0,0.0854,0.0526,0.0,0.0,0.0,0.25246289,0.66666669,0.0537,0.0,503
k3177,0.0,0.322180268,0.0526,0.0,0.0,0.0,0.57754982,0.85714287,0.429837632,0.0435,1086
k1932,0.0,0.0585,0.263157895,0.0,0.0,0.0,0.27870095,0.75,0.0,0.0,1469
k1678,0.0,0.0742,0.210526316,0.714137591,0.0,0.0,0.76654446,1.0,0.0729,0.0,2276
k1147,0.0874,0.0216,0.105263158,0.65539945,0.0,0.0,0.44764987,1.0,0.0547,0.0,2757
k2144,0.0,0.0,0.210526316,0.0,0.0,0.0,0.71600384,0.66666669,0.0,0.0,382
k1082,0.0,0.0173,0.210526316,0.0,0.0,0.0,0.5533396,1.0,0.0173,0.0,2978
k1008,0.0,0.0,0.184210526,0.0,0.0,0.0,0.45644531,1.0,0.0,0.0,1257
k803,0.0,0.0173,0.236842105,0.863652859,0.0,0.0,0.43617222,1.0,0.000947,0.0,3091
k1726,0.292749731,0.113767943,0.578947368,0.0,0.0667,0.25,0.49351379,0.91666669,0.142097417,0.087,1788
k2256,0.940653604,0.131047482,0.236842105,0.0,0.0,0.1875,0.67145371,0.80000001,0.123005718,0.0,1850
k3432,0.0,0.0173,0.131578947,0.0,0.0,0.0,0.5056091,1.0,0.0938,0.0,2386
k418,0.0,0.0457,0.184210526,0.0,0.0,0.0,0.49308521,0.80000001,0.071,0.0,1298
k187,0.0,0.019,0.131578947,0.660169008,0.0,0.0,0.38587496,0.75,0.000947,0.0,3327
k1769,0.0,0.038,0.210526316,0.791228161,0.0,0.0,0.50729263,0.75,0.00189,0.0,3296
k2658,0.0,0.0,0.157894737,0.0,0.0,0.0,0.25819075,0.0,0.0,0.0,1474
k704,0.0,0.0,0.210526316,0.0,0.0,0.0,0.42756313,0.80000001,0.0,0.0,3043
k3049,0.0,0.063,0.289473684,0.0,0.0,0.0,0.35208511,0.83333331,0.0537,0.0,832
k2416,0.0,0.0,0.0,0.0,0.0,0.0,0.44330135,0.5,0.0,0.0,501
k2902,0.0,0.0,0.236842105,0.0,0.0,0.0,0.46920404,1.0,0.0,0.0,3273
k1117,0.0,0.0,0.0526,0.0,0.0,0.0,0.64858335,1.0,0.0,0.0,236
k1289,0.0,0.0216,0.289473684,0.0,0.0,0.0625,0.50508803,1.0,0.0537,0.0,2859
k2612,0.0,0.189721457,0.131578947,0.0,0.0,0.0,0.27994731,1.0,0.0346,0.0,751
k1777,0.0,0.0691,0.289473684,0.0,0.0,0.0,0.38943967,1.0,0.0,0.0,3042
k1364,0.0,0.0,0.263157895,0.0,0.0,0.0,0.35538539,1.0,0.0,0.0,2924
k1193,0.0,0.0363,0.157894737,0.0,0.0,0.0,0.3707369,1.0,0.0537,0.0,2789
k2454,0.0,0.0216,0.0,0.0,0.0,0.0,0.57208467,0.5,0.0997,0.0,2093
k52,0.0,0.0,0.0263,0.0,0.0,0.0,0.47589892,0.66666669,0.123245739,0.0,1776
k1725,0.0,0.124612139,0.131578947,0.0,0.0,0.0,0.37381658,0.66666669,0.0,0.0,2826
k26,0.0,0.102605503,0.0526,0.0,0.0,0.0625,0.57122713,0.5,0.214918816,0.0,2242
k2078,0.0,0.015,0.0789,0.0,0.0,0.0,0.82417822,0.25,0.000947,0.0,2693
k383,0.0,0.0524,0.210526316,0.0,0.0,0.0,0.44090545,0.80000001,0.0346,0.0,747
k386,0.0,0.0,0.210526316,0.0,0.0,0.0,0.48842931,0.80000001,0.0,0.0,3175
k354,0.0,0.0553,0.157894737,0.0,0.0,0.0,0.41157815,1.0,0.0938,0.0,1846
k2807,0.0,0.0216,0.0263,0.0,0.0,0.0,0.64807767,1.0,0.0537,0.0,619
k3210,0.0,0.0524,0.0263,0.0,0.0,0.0,0.43554416,0.66666669,0.0173,0.0,822
k1682,0.0,0.0901,0.0263,0.0,0.0,0.0,0.74502724,1.0,0.0,0.0,1814
k2640,0.0,0.214665167,0.157894737,0.0,0.0,0.0,0.42350042,1.0,0.0,0.0,1777
k351,0.0,0.0173,0.131578947,0.0,0.0,0.0,0.32367674,0.66666669,0.0,0.0,813
k2303,0.0,0.0449,0.157894737,0.0,0.0,0.0,0.56950063,0.66666669,0.0,0.0,1249
k1194,0.0,0.120217351,0.184210526,0.0,0.0,0.0,0.5911997,1.0,0.124778412,0.0,1746
k139,0.0,0.0457,0.184210526,0.908289699,0.0,0.0,0.46844199,0.80000001,0.0173,0.0,2421
k1043,0.0,0.0173,0.0263,0.0,0.0,0.0,0.40333906,0.66666669,0.0173,0.0,2105
k1456,0.0,0.0173,0.131578947,0.0,0.0,0.0,0.55328006,0.33333334,0.0,0.0,50
k2789,0.0,0.0173,0.210526316,0.0,0.0,0.0,0.51026237,0.80000001,0.0173,0.0,1573
k895,0.0,0.274329199,0.105263158,0.0,0.0,0.0,0.54034346,0.80000001,0.322378203,0.0,2607
k2115,0.0,0.0474,0.105263158,0.0,0.0,0.0,0.31849602,0.66666669,0.0537,0.0,2445
k956,0.0,0.0,0.421052632,0.0,0.0,0.0,0.52613074,1.0,0.046,0.0,46
k1116,0.0,0.0346,0.157894737,0.0,0.0,0.0,0.33273217,1.0,0.0,0.0,684
k3363,0.0,0.0664,0.0789,0.0,0.0,0.0,0.28145713,0.66666669,0.0537,0.0,2380
k1165,0.0,0.0914,0.236842105,0.0,0.0,0.0,0.4789584,1.0,0.071,0.0,3324
k3244,0.0,0.104395493,0.0263,0.0,0.0,0.0,0.22914912,0.66666669,0.0537,0.0,89
k2875,0.0,0.174910961,0.184210526,0.0,0.0,0.0,0.57481301,1.0,0.124778412,0.0,563
k1694,0.634162691,0.326954123,0.131578947,0.0,0.0,0.0,0.77094436,1.0,0.518205334,0.0,3362
k1309,0.0,0.104735033,0.210526316,0.0,0.0,0.0,0.48795992,0.75,0.107459408,0.0,2740
k990,0.0,0.0457,0.131578947,0.0,0.0,0.0,0.46367115,0.66666669,0.0537,0.0,622
k524,0.0,0.0,0.0526,0.0,0.0,0.0,0.54358792,0.66666669,0.0,0.0,2245
k1900,0.0,0.0,0.0,0.0,0.0,0.0,0.47447994,1.0,0.0,0.0,662
k2258,0.0,0.0,0.157894737,0.0,0.0,0.0,0.6560179,0.75,0.0173,0.0,2188
k2538,0.0,0.0173,0.131578947,0.0,0.0,0.0,0.55328006,0.33333334,0.0,0.0,95
k2046,0.0,0.0351,0.0526,0.0,0.0,0.0,0.57587183,0.66666669,0.071,0.0,1897
k2434,0.0,0.0346,0.157894737,0.0,0.0,0.0,0.26839939,0.75,0.0,0.0,702
k2827,0.0,0.0,0.184210526,0.0,0.0,0.0,0.49530151,0.75,0.23470817,0.0,3335
k1253,0.0,0.0,0.289473684,0.808103064,0.0,0.0,0.48850486,0.85714287,0.0,0.0,2311
k2973,0.0,0.0173,0.131578947,0.0,0.0,0.0,0.45788878,1.0,0.0537,0.0,1464
k539,0.0,0.0,0.0526,0.0,0.0,0.0,0.66899425,1.0,0.0,0.0,2767
k3104,0.600851047,0.140351867,0.0526,0.0,0.0,0.0,0.71970004,0.75,0.268648502,0.0,1061
k1861,0.0,0.0,0.0526,0.0,0.0,0.0,0.51429421,1.0,0.0,0.0,1419
k91,0.0,0.0518,0.552631579,0.0,0.0,0.0,0.44116086,1.0,0.052,0.0,1429
k2389,0.0,0.0474,0.0526,0.0,0.0,0.0,0.48848566,0.66666669,0.0537,0.0,2504
k784,0.0,0.0346,0.263157895,0.0,0.0,0.0,0.45100701,0.83333331,0.0346,0.0,1359
k961,0.0,0.0351,0.210526316,0.0,0.0,0.0,0.54701656,1.0,0.0173,0.0,1059
k760,0.0,0.0,0.0789,0.0,0.0,0.0,0.63456035,1.0,0.0173,0.0,2836
k588,0.0,0.0518,0.0,0.0,0.0,0.0,0.34455928,0.75,0.0,0.0,1124
k1989,0.0,0.0,0.0526,0.0,0.0,0.0,0.50020951,1.0,0.0,0.0,109
k334,0.0,0.0389,0.210526316,0.868966769,0.0,0.0,0.44083899,1.0,0.000947,0.0,1054
k5,0.0,0.0232,0.0263,0.734304526,0.0,0.0,0.36791497,0.66666669,0.000947,0.0,1826
k2394,0.794358561,0.0886,0.105263158,0.779407953,0.0,0.0,0.4559668,0.80000001,0.100683794,0.0,1792
k2502,0.0,0.0363,0.105263158,0.0,0.0,0.0,0.22109628,1.0,0.0,0.0,1954
k1130,0.0,0.0173,0.210526316,0.0,0.0,0.0,0.47296801,1.0,0.0537,0.0,3071
k535,0.0,0.0173,0.157894737,0.65900254,0.0,0.0,0.51973045,1.0,0.000947,0.0,532
k2422,0.0,0.0457,0.184210526,0.0,0.0,0.0,0.56274581,1.0,0.0,0.0,1191
k2064,0.0,0.0359,0.105263158,0.767198922,0.0,0.0,0.53291374,1.0,0.0,0.0,2010
k318,0.0,0.0,0.105263158,0.0,0.0,0.0,0.55501002,0.66666669,0.046,0.0,3355
k1108,0.0,0.0,0.105263158,0.0,0.0,0.0,0.57700121,0.75,0.107459408,0.0,3167
k1796,0.0,0.0,0.315789474,0.806340401,0.0,0.0,0.48965222,1.0,0.0,0.0,1511
k1,0.0,0.0173,0.131578947,0.0,0.0,0.0,0.50766855,0.66666669,0.0537,0.0,227
k2338,0.0,0.0914,0.263157895,0.0,0.0,0.0,0.36458433,0.83333331,0.107459408,0.0,1818
k3206,0.0,0.196178096,0.421052632,0.0,0.0,0.0,0.51007909,1.0,0.176735419,0.0,948
k2606,0.0,0.103677292,0.157894737,0.0,0.0,0.0,0.38302168,0.83333331,0.0,0.0,1512
k2395,0.794554516,0.0489,0.0526,0.0,0.0,0.125,0.3815223,0.75,0.0997,0.0,1386
k3400,0.644010292,0.0,0.0526,0.0,0.0,0.25,0.6255247,1.0,0.214918816,0.0,1612
k986,0.486934151,0.0702,0.0789,0.747654103,0.0,0.0,0.68690813,1.0,0.108406305,0.0,13
k1544,0.0,0.0702,0.131578947,0.0,0.0,0.0,0.51861024,1.0,0.071,0.0,2587
k102,0.0,0.015,0.0526,0.0,0.0,0.0,0.84715468,0.5,0.0,0.0,62
k2821,0.0,0.0,0.157894737,0.0,0.0,0.0,0.77377009,0.60000002,0.161189101,0.0,2548
k1290,0.0,0.148327037,0.263157895,0.0,0.0,0.0,0.6784789,0.80000001,0.123005718,0.0,1374
k520,0.0,0.0,0.0789,0.0,0.0,0.0,0.66567534,0.66666669,0.071,0.0,1218
k2541,0.0,0.0299,0.289473684,0.0,0.0,0.0,0.61342335,1.0,0.0997,0.0,987
k3321,0.0,0.104735033,0.157894737,0.0,0.0,0.0,0.52743214,1.0,0.107459408,0.0,2722
k2298,0.0,0.063,0.263157895,0.867644772,0.0,0.0,0.43887192,1.0,0.0537,0.0,819
k268,0.0,0.0758,0.236842105,0.0,0.0,0.0,0.3597483,1.0,0.0537,0.0,1440
k2388,0.0,0.0641,0.131578947,0.0,0.0,0.0,0.60674787,1.0,0.0173,0.0,135
k440,0.0,0.136888689,0.157894737,0.0,0.0,0.0,0.52837932,1.0,0.0346,0.0,1082
k1810,0.0,0.0477,0.0789,0.0,0.0,0.0,0.32428008,0.33333334,0.0,0.0,241
k1127,0.0,0.0,0.0,0.0,0.0,0.0,0.72616869,1.0,0.0537,0.0,3047
k1381,0.0,0.0664,0.0789,0.0,0.0,0.0,0.28145713,0.66666669,0.0537,0.0,1704
k2460,0.0,0.151907028,0.0,0.0,0.0,0.0,0.14635848,0.75,0.0,0.0,2383
k251,0.0,0.0351,0.0526,0.0,0.0,0.0,0.65583575,1.0,0.0997,0.0,2133
k2676,0.571946446,0.148462764,0.131578947,0.687775416,0.0,0.0,0.76183629,1.0,0.377054828,0.0,2190
k1485,0.0,0.0346,0.105263158,0.0,0.0,0.0,0.43829486,0.75,0.107459408,0.0,2555
k2646,0.0,0.0,0.0789,0.0,0.0,0.0,0.48249784,0.33333334,0.0,0.0,3325
k1762,0.0,0.0,0.157894737,0.0,0.0,0.0,0.49077302,1.0,0.046,0.0,2999
k225,0.0,0.0754,0.263157895,0.665897662,0.0,0.0,0.57220781,0.71428573,0.00189,0.0,1279
k887,0.0,0.0284,0.184210526,0.0,0.0,0.0,0.34683284,0.66666669,0.0537,0.0,15
k1696,0.0,0.0864,0.184210526,0.0,0.0,0.0,0.33817106,1.0,0.0,0.0,1798
k1037,0.0,0.043,0.105263158,0.0,0.0,0.0,0.48778725,1.0,0.0,0.0,3137
k190,0.0,0.0531,0.0526,0.0,0.0,0.0,0.42955887,0.75,0.000947,0.0,2708
k3353,0.0,0.0,0.0789,0.689356628,0.0,0.0,0.45467687,0.75,0.000947,0.0,331
k1351,0.0,0.108152685,0.0526,0.0,0.0,0.0,0.21919401,0.5,0.0173,0.0,3252
k782,0.0,0.015,0.157894737,0.781300223,0.0,0.0,0.57492232,0.75,0.0,0.0,1601
k1407,0.0,0.0742,0.105263158,0.0,0.0,0.0,0.56073737,1.0,0.071,0.0,1670
k287,0.0,0.102408942,0.263157895,0.823033853,0.0,0.0,0.51823688,0.83333331,0.072,0.0,973
k688,0.0,0.0,0.105263158,0.0,0.0,0.0,0.48651665,0.66666669,0.0938,0.0,1549
k3423,0.0,0.0284,0.0526,0.0,0.0,0.0,0.56046796,1.0,0.0,0.0,2916
k27,0.0,0.0173,0.263157895,0.0,0.0,0.0,0.3778322,0.80000001,0.0173,0.0,3300
k180,0.0,0.063,0.315789474,0.845041215,0.0,0.0,0.44502518,1.0,0.093,0.0,1058
k3010,0.0,0.0864,0.105263158,0.0,0.0,0.0,0.44594637,1.0,0.0537,0.0,512
k429,0.0,0.0,0.0263,0.0,0.0,0.0,0.75605643,1.0,0.0408,0.0,2569
k1279,0.0,0.0,0.0263,0.0,0.0,0.0,0.68759471,1.0,0.046,0.0,3245
k871,0.0,0.0,0.0789,0.0,0.0,0.0,0.44435942,0.33333334,0.0,0.0,1598
k323,0.0,0.140351867,0.736842105,0.0,0.0,0.0,0.81181896,0.33333334,0.138552036,0.173913043,509
k3179,0.0,0.0,0.0526,0.386256416,0.0,0.0,0.59299958,0.66666669,0.107459408,0.0,37
k2668,0.216221397,0.0389,0.131578947,0.0,0.0,0.0,0.5494827,1.0,0.145744066,0.0,1408
k1617,0.0,0.655373179,0.473684211,0.0,0.0,0.0,0.63507879,0.91666669,0.533751638,0.173913043,875
k2229,0.0,0.0,0.289473684,0.0,0.0,0.0,0.36704108,1.0,0.0173,0.0,1490
k3386,0.0,0.0691,0.0526,0.0,0.0,0.0,0.39116648,0.75,0.0,0.0,2392
k3145,0.0,0.101880072,0.157894737,0.0,0.0,0.0,0.61618996,0.80000001,0.117055901,0.0,3227
k2674,0.593007447,0.0,0.0789,0.0,0.0,0.25,0.64432561,1.0,0.107459408,0.0,2071
k965,0.0,0.0,0.105263158,0.54188916,0.0,0.0,0.79998893,0.75,0.00284,0.0,10
k2430,0.0,0.0,0.157894737,0.0,0.0,0.0,0.53936285,0.66666669,0.000947,0.0,607
k3006,0.0,0.109054911,0.157894737,0.0,0.0,0.0,0.62001282,0.80000001,0.178508113,0.0,1407
k2427,0.0,0.0346,0.131578947,0.0,0.0,0.0,0.39285609,0.66666669,0.0,0.0,3055
k149,0.0,0.0126,0.0789,0.0,0.0,0.0,0.64658523,0.33333334,0.0,0.0,1468
k2613,0.0,0.0261,0.184210526,0.0,0.0,0.0,0.39912024,1.0,0.0537,0.0,1822
k3088,0.0,0.0,0.0526,0.0,0.0,0.0,0.81316251,0.5,0.107459408,0.0,284
k1501,0.0,0.0742,0.105263158,0.0,0.0,0.0,0.52420324,1.0,0.071,0.0,506
k320,0.0,0.0,0.131578947,0.0,0.0,0.0,0.49341795,1.0,0.046,0.0,3030
k365,0.0,0.0853,0.157894737,0.0,0.0,0.0,0.70818239,0.66666669,0.0884,0.0,2552
k1273,0.0,0.0,0.342105263,0.0,0.0,0.0,0.39044222,0.66666669,0.0,0.0,2706
k1059,0.0,0.0,0.184210526,0.878013375,0.0,0.0,0.463559,1.0,0.000947,0.0,1232
k1846,0.0,0.0363,0.131578947,0.0,0.0,0.0,0.22957522,0.66666669,0.0,0.0,2493
k3325,0.0,0.0,0.0789,0.0,0.0,0.0,0.53858906,0.75,0.0537,0.0,2333
k2034,0.0,0.0346,0.289473684,0.0,0.0,0.0,0.32741046,1.0,0.0,0.0,8
k2659,0.0,0.0,0.0789,0.0,0.0,0.0,0.50956857,0.66666669,0.0,0.0,1554
k2554,0.0,0.0691,0.0526,0.0,0.0,0.0,0.23240356,0.85714287,0.0,0.0,1331
k3192,0.0,0.0,0.289473684,0.0,0.0,0.0,0.33624944,1.0,0.0,0.0,1504
k2871,0.0,0.0553,0.131578947,0.709730935,0.0,0.0,0.45964754,0.75,0.000947,0.0,2959
k825,0.572632758,0.0605,0.315789474,0.602312199,0.0,0.0,0.57532132,0.85714287,0.102577594,0.087,219
k439,0.0,0.0,0.473684211,0.0,0.0,0.0,0.47994351,0.89999998,0.0,0.0,3380
k414,0.0,0.0,0.157894737,0.0,0.0,0.0,0.38281199,0.83333331,0.0,0.0,931
k2326,0.0,0.0284,0.342105263,0.0,0.0,0.0,0.29516011,0.80000001,0.0537,0.0,851
k3156,0.0,0.102408942,0.157894737,0.0,0.0,0.0,0.53621972,1.0,0.107459408,0.0,2766
k1665,0.0,0.102605503,0.210526316,0.0,0.0,0.0,0.78574502,0.75,0.052,0.0,667
k632,0.0,0.076,0.0526,0.0,0.0,0.0,0.15703849,0.66666669,0.0,0.0,2330
k2994,0.322807004,0.0432,0.210526316,0.83687594,0.0,0.0,0.72431839,0.80000001,0.109353215,0.0,188
k246,0.0,0.0389,0.210526316,0.0,0.0,0.0,0.49591219,0.80000001,0.0997,0.0,1668
k2889,0.0,0.0518,0.289473684,0.94660169,0.0,0.0,0.40165129,0.80000001,0.0,0.0,1186
k624,0.0,0.157102547,0.184210526,0.0,0.0,0.0,0.48414928,0.83333331,0.161189101,0.0,2639
k958,0.0,0.0173,0.157894737,0.0,0.0,0.0,0.53071558,0.66666669,0.0,0.0,2779
k1377,0.0,0.0457,0.105263158,0.0,0.0,0.0,0.38486266,0.33333334,0.0537,0.0,1920
k3212,0.0,0.0173,0.157894737,0.0,0.0,0.0,0.45785367,0.75,0.0537,0.0,2679
k2885,0.775702409,0.104735033,0.210526316,0.643345948,0.0,0.0,0.58672541,0.85714287,0.270542331,0.173913043,1575
k817,0.0,0.10904141,0.0263,0.0,0.0,0.0,0.32386297,0.5,0.0,0.0,1660
k2742,0.0,0.0,0.315789474,0.0,0.0,0.0,0.44489181,0.85714287,0.0,0.0,2850
k2947,0.0,0.174910961,0.184210526,0.0,0.0,0.0,0.57481301,0.75,0.124778412,0.0,125
k1300,0.0,0.0284,0.131578947,0.0,0.0,0.0,0.36746684,0.33333334,0.0537,0.0,1234
k1543,0.0,0.0808,0.315789474,0.851832651,0.0,0.0,0.52005213,0.83333331,0.072,0.0,1561
k998,0.0,0.0,0.0789,0.0,0.0,0.0,0.44174454,0.5,0.0,0.0,2177
k2824,0.0,0.0,0.131578947,0.0,0.0,0.0,0.33227098,0.66666669,0.0,0.0,1735
k2898,0.0,0.0,0.157894737,0.0,0.0,0.0,0.48893934,1.0,0.0,0.0,1216
k1872,0.0,0.0569,0.105263158,0.0,0.0,0.0,0.45835027,0.33333334,0.107459408,0.0,840
k2101,0.0,0.0,0.368421053,0.0,0.0,0.0,0.54652429,1.0,0.0173,0.0,3396
k2677,0.0,0.0,0.0263,0.0,0.0,0.0,0.43969545,0.5,0.046,0.0,1679
k1379,0.659853688,0.0754,0.210526316,0.761807248,0.0,0.0625,0.59664273,1.0,0.108406305,0.0,839
k1053,0.0,0.0,0.0526,0.0,0.0,0.0,0.65283948,0.66666669,0.0173,0.0,1229
k850,0.87325813,0.203386772,0.210526316,0.0,0.0,0.0,0.52260447,1.0,0.134374899,0.0,719
k1474,0.0,0.102605503,0.131578947,0.0,0.0,0.0,0.58092427,0.80000001,0.178508113,0.0,3125
k2464,0.0,0.0173,0.0,0.0,0.0,0.0,0.36039168,0.5,0.0,0.0,2306
k597,0.0,0.0351,0.0,0.0,0.0,0.0,0.54503834,0.5,0.107459408,0.0,2258
k53,0.230530202,0.0914,0.394736842,0.666001348,0.0,0.0,0.67711419,0.8888889,0.0365,0.0,260
k2413,0.0,0.0261,0.210526316,0.0,0.0,0.0,0.68135738,1.0,0.0173,0.0,2704
k3047,0.0,0.0851,0.289473684,0.826559179,0.0,0.0,0.51936501,0.83333331,0.072,0.0,2562
k2573,0.768791836,0.179427427,0.210526316,0.0,0.0,0.0625,0.61524814,0.85714287,0.339697214,0.173913043,3111
k486,0.0,0.0,0.0526,0.0,0.0,0.0,0.62142897,0.66666669,0.0997,0.0,2592
k369,0.0,0.1921905,0.263157895,0.0,0.0,0.0,0.42955723,1.0,0.124778412,0.0,1898
k1052,0.0,0.0346,0.184210526,0.0,0.0,0.0,0.4264954,0.83333331,0.0,0.0,1698
k278,0.0,0.0518,0.184210526,0.0,0.0,0.0,0.38180029,0.75,0.046,0.0,2273
k3343,0.0,0.137164597,0.394736842,0.0,0.0,0.0,0.50760394,0.85714287,0.052,0.0,1031
k3303,0.0,0.0,0.157894737,0.0,0.0,0.0,0.57103682,1.0,0.0346,0.0,3371
k3158,0.0,0.0,0.210526316,0.0,0.0,0.0,0.24984066,0.66666669,0.0,0.0,3373
k1143,0.0,0.111940221,0.131578947,0.0,0.0,0.0,0.64231193,0.80000001,0.170785602,0.0,3415
k3060,0.0,0.0696,0.131578947,0.0,0.0,0.0,0.41372541,1.0,0.0537,0.0,1072
k2931,0.0,0.0359,0.157894737,0.771242677,0.0,0.0,0.55687827,1.0,0.0,0.0,868
k299,0.0,0.138236397,0.578947368,0.0,0.0,0.0,0.3415235,0.9375,0.0,0.0,1347
k1655,0.0,0.0173,0.157894737,0.0,0.0,0.0,0.36126733,0.33333334,0.0,0.0,1226
k1720,0.0,0.074,0.131578947,0.0,0.0,0.0,0.44745359,1.0,0.0997,0.0,970
k3245,0.0,0.0,0.105263158,0.0,0.0,0.0,0.65925026,0.75,0.092,0.0,578
k1851,0.0,0.0363,0.0789,0.0,0.0,0.0,0.32566601,0.66666669,0.046,0.0,1791
k1936,0.0,0.0346,0.315789474,0.0,0.0,0.0,0.42933422,1.0,0.0,0.0,1045
k2294,0.771363037,0.109916346,0.0526,0.0,0.0,0.125,0.48449847,0.75,0.0997,0.0,1077
k2279,0.0,0.0389,0.131578947,0.615739541,0.0,0.0,0.41176653,0.75,0.0938,0.0,940
k2155,0.0,0.063,0.289473684,0.0,0.0,0.0,0.45046118,0.80000001,0.0173,0.0,3076
k3241,0.499377138,0.0878,0.5,0.0,0.0,0.0,0.52011156,1.0,0.0173,0.0,2109
k2209,0.0,0.0524,0.210526316,0.0,0.0,0.0,0.48150894,1.0,0.161189101,0.0435,361
k2828,0.0,0.0173,0.184210526,0.0,0.0,0.0,0.44329327,1.0,0.0537,0.0,974
k92,0.0,0.0691,0.657894737,0.0,0.0,0.0,0.45666134,0.93333334,0.0173,0.0,372
k1126,0.0,0.0339,0.184210526,0.0,0.0,0.0,0.45984823,0.80000001,0.0,0.0,140
k204,0.0,0.215044245,0.342105263,0.0,0.0,0.0625,0.44716603,1.0,0.249556832,0.0,3025
k2564,0.0,0.0,0.105263158,0.0,0.0,0.0,0.49791315,0.66666669,0.046,0.0,2126
k2741,0.0,0.0351,0.131578947,0.0,0.0,0.0,0.54793692,0.33333334,0.0537,0.0,565
k1354,0.0,0.0363,0.0789,0.0,0.0,0.0,0.32566601,1.0,0.046,0.0,3079
k2027,0.292852493,0.0,0.236842105,0.0,0.0,0.0,0.76309347,1.0,0.0884,0.0,1758
k328,0.0,0.0346,0.157894737,0.0,0.0,0.0,0.6091345,0.80000001,0.0346,0.0,2285
k1934,0.0,0.0173,0.315789474,0.681009902,0.0,0.0,0.41201821,1.0,0.0,0.0,2822
k1400,0.0,0.0173,0.105263158,0.0,0.0,0.0,0.46982741,1.0,0.0997,0.0,267
k1399,0.0,0.0,0.105263158,0.0,0.0,0.0,0.6755442,0.5,0.0173,0.0,2239
k455,0.0,0.0518,0.263157895,0.0,0.0,0.0,0.29260188,0.80000001,0.0,0.0,2521
k3288,0.0,0.0216,0.0526,0.0,0.0,0.0,0.55462563,1.0,0.0537,0.0,3009
k1073,0.0,0.0547,0.0,0.0,0.0,0.0,0.11307342,0.5,0.0,0.0,1717
k3197,0.0,0.0457,0.315789474,0.0,0.0,0.0,0.63796902,1.0,0.052,0.0,2412
k3223,0.0,0.0742,0.0789,0.0,0.0,0.0,0.46298647,0.66666669,0.107459408,0.0,2275
k359,0.0,0.0,0.0,0.0,0.0,0.0,0.27597204,0.5,0.0537,0.0,1075
k1419,0.85528693,0.145607813,0.578947368,0.73832236,0.0,0.0,0.63627791,1.0,0.331765105,0.087,550
k1507,0.0,0.0173,0.105263158,0.0,0.0,0.0,0.38138458,0.66666669,0.0,0.0,1881
k1555,0.0,0.0,0.0526,0.0,0.0,0.0,0.2315771,0.5,0.0,0.0,407
k2799,0.0,0.0346,0.210526316,0.0,0.0,0.0,0.50226867,0.83333331,0.0346,0.0,2931
k1225,0.0,0.0,0.184210526,0.0,0.0,0.0,0.49174759,0.33333334,0.0559,0.0,524
k2044,0.0,0.0,0.289473684,0.0,0.0,0.0,0.5374468,1.0,0.0537,0.0,202
k1842,0.0,0.0173,0.131578947,0.0,0.0,0.0,0.39731386,0.66666669,0.046,0.0,3044
k1200,0.0,0.0,0.263157895,0.849084971,0.0,0.0,0.41873461,0.80000001,0.046,0.0,2556
k1490,0.0,0.0,0.236842105,0.0,0.0,0.0,0.40209669,1.0,0.0,0.0,1903
k4,0.0,0.0696,0.184210526,0.0,0.0,0.0,0.50119758,1.0,0.0346,0.0,225
k1301,0.0,0.0322,0.131578947,0.0,0.0,0.0,0.57517838,1.0,0.093,0.0,1339
k1741,0.0,0.0173,0.236842105,0.761807248,0.0,0.0,0.49037382,0.80000001,0.000947,0.0,2183
k322,0.833674304,0.12799596,0.105263158,0.0,0.0,0.0,0.52412164,1.0,0.342167571,0.0,193
k1186,0.0,0.0346,0.315789474,0.0,0.0,0.0,0.25256336,0.80000001,0.0,0.0,340
k284,0.329744318,0.109251488,0.131578947,0.72733164,0.0,0.0,0.56882316,1.0,0.162136012,0.0,1645
k1164,0.0,0.108722618,0.157894737,0.0,0.0,0.0,0.43493778,1.0,0.107459408,0.0,1406
k105,0.0,0.0583,0.315789474,0.0,0.0,0.0,0.55738151,0.85714287,0.0,0.0,930
k2116,0.0,0.104395493,0.0263,0.0,0.0,0.0,0.32659653,0.75,0.0173,0.0,2849
k133,0.0,0.0,0.157894737,0.0,0.0,0.0,0.32339406,0.66666669,0.0,0.0,1195
k1610,0.0,0.0346,0.131578947,0.0,0.0,0.0,0.39627695,0.66666669,0.0,0.0,2546
k1513,0.0,0.0,0.184210526,0.638550469,0.0,0.0,0.56794357,0.75,0.00189,0.0,234
k3036,0.0,0.063,0.210526316,0.684483384,0.0,0.0,0.53903168,0.80000001,0.0547,0.0,1968
k1375,0.0,0.0351,0.0789,0.0,0.0,0.0,0.48995882,0.33333334,0.0173,0.0,2422
k2054,0.0,0.0,0.105263158,0.0,0.0,0.0,0.30852586,0.66666669,0.0,0.0,2972
k2971,0.0,0.038,0.105263158,0.0,0.0,0.0,0.19437112,0.33333334,0.0,0.0,3187
k1869,0.0,0.0,0.263157895,0.587303645,0.0,0.0,0.50058633,0.83333331,0.0393,0.0,3087
k3299,0.0,0.0173,0.131578947,0.0,0.0,0.0,0.23796049,1.0,0.0,0.0,3026
k1943,0.0,0.0346,0.315789474,0.0,0.0,0.0,0.50661272,0.85714287,0.0346,0.0,730
k3094,0.0,0.0,0.105263158,0.0,0.0,0.0,0.40780741,0.75,0.0,0.0,2890
k932,0.0,0.0363,0.0789,0.0,0.0,0.0,0.36519131,0.66666669,0.046,0.0,435
k432,0.0,0.161619002,0.157894737,0.0,0.0,0.0,0.61665183,0.80000001,0.195827117,0.0,3328
k1898,0.481197503,0.0,0.184210526,0.532168593,0.0,0.0,0.73723948,1.0,0.102577594,0.087,1929
k775,0.0,0.160561266,0.394736842,0.883871637,0.0,0.0,0.47593659,0.85714287,0.0346,0.0,2765
k3414,0.0,0.0,0.236842105,0.0,0.0,0.0,0.57017225,1.0,0.0,0.0,722
k1529,0.0,0.0457,0.236842105,0.0,0.0,0.0,0.49007878,0.83333331,0.0173,0.0,2233
k517,0.0,0.0,0.263157895,0.0,0.0,0.0,0.53899109,1.0,0.0537,0.0,2222
k3260,0.0,0.0173,0.210526316,0.0,0.0,0.0,0.38747734,0.83333331,0.0,0.0,2070
k1510,0.0,0.0,0.342105263,0.0,0.0,0.0,0.71538419,1.0,0.052,0.0,3343
k253,0.0,0.0,0.105263158,0.0,0.0,0.0,0.6560179,1.0,0.0173,0.0,3024
k3062,0.0,0.0,0.0789,0.53914148,0.0,0.0,0.60867417,0.66666669,0.0547,0.0,3136
k2788,0.0,0.0346,0.342105263,0.0,0.0,0.0,0.40676522,0.83333331,0.0173,0.0,1122
k964,0.0,0.0216,0.105263158,0.0,0.0,0.0,0.60779309,0.66666669,0.0537,0.0,870
k2302,0.0,0.0457,0.184210526,0.704883612,0.0,0.0,0.26540691,1.0,0.0547,0.0,1015
k2102,0.0,0.0173,0.131578947,0.0,0.0,0.0,0.34108004,1.0,0.0537,0.0,24
k2752,0.0,0.0193,0.157894737,0.0,0.0,0.0,0.54233778,1.0,0.221464979,0.0,2533
k2410,0.303350354,0.0,0.842105263,0.0,0.0,0.0,0.77851677,0.94117647,0.174962739,0.173913043,1642
k2065,0.0,0.0299,0.131578947,0.0,0.0,0.0,0.54577559,0.75,0.0,0.0,728
k3020,0.0,0.0363,0.105263158,0.0,0.0,0.0,0.22312249,0.66666669,0.0,0.0,521
k1599,0.874632983,0.1476016,0.394736842,0.0,0.0,0.0,0.514126,0.875,0.0884,0.0,500
k568,0.0,0.095,0.210526316,0.865000778,0.0,0.0,0.6509124,0.83333331,0.0547,0.0,3132
k1368,0.0,0.063,0.0789,0.0,0.0,0.0,0.39808396,0.33333334,0.0537,0.0,2798
k3084,0.0,0.160561266,0.105263158,0.0,0.0,0.0,0.4587191,0.85714287,0.107459408,0.0,1586
k1972,0.745164888,0.0173,0.105263158,0.485146975,0.0,0.0,0.50830162,1.0,0.0772,0.0,650
k1169,0.0,0.0,0.184210526,0.0,0.0,0.0,0.54511946,0.80000001,0.0173,0.0,1618
k2711,0.351386968,0.0524,0.473684211,0.0,0.0,0.0,0.58150816,0.90909094,0.0884,0.0,2532
k422,0.0,0.0173,0.0263,0.0,0.0,0.0,0.43718129,0.66666669,0.13096825,0.0,1685
k66,0.0,0.0,0.315789474,0.710327129,0.0,0.0,0.39948496,1.0,0.00189,0.0,1180
k1338,0.0,0.015,0.184210526,0.561278449,0.0,0.0,0.59831744,1.0,0.0,0.0,750
k2624,0.0,0.135774573,0.0789,0.0,0.0,0.0,0.38988361,0.5,0.0537,0.0,1222
k1912,0.848057466,0.0284,0.315789474,0.0,0.4,0.5625,0.45364052,1.0,0.0537,0.391304348,2230
k2139,0.0,0.063,0.473684211,0.871455234,0.0,0.0,0.38083321,1.0,0.0,0.0,2241
k1339,0.0,0.0696,0.368421053,0.0,0.0,0.0,0.49249193,0.85714287,0.0346,0.0,1931
k3091,0.0,0.183415001,0.210526316,0.0,0.0,0.0,0.5254702,1.0,0.178508113,0.0,2545
k118,0.0,0.0429,0.131578947,0.0,0.0,0.0,0.26033822,0.66666669,0.0,0.0,3321
k3268,0.0,0.0216,0.105263158,0.0,0.0,0.0,0.51244718,0.66666669,0.092,0.0,941
k1291,0.0,0.132855003,0.0,0.0,0.0,0.0,0.29376343,0.5,0.0,0.0,243
k275,0.0,0.0901,0.0789,0.0,0.0,0.0,0.73659688,1.0,0.0537,0.0,3394
k1005,0.0,0.155305315,0.184210526,0.728783244,0.0,0.0,0.61717725,0.83333331,0.232237813,0.0,3096
k293,0.0,0.0363,0.236842105,0.0,0.0,0.0,0.52954936,1.0,0.0346,0.0435,2762
k488,0.0,0.063,0.0526,0.0,0.0,0.0,0.63923562,1.0,0.109333377,0.0,417
k1175,0.0,0.104735033,0.210526316,0.0,0.0,0.0,0.48795992,1.0,0.107459408,0.0,1909
k1807,0.0,0.0173,0.342105263,0.0,0.0,0.0,0.45002419,0.80000001,0.0,0.0,3338
k1207,0.0,0.124612139,0.157894737,0.0,0.0,0.0,0.37492597,0.75,0.0,0.0,1103
k3172,0.867699329,0.0284,0.447368421,0.599538597,1.0,0.1875,0.53214383,1.0,0.0547,0.130434783,1112
k2905,0.0,0.0346,0.131578947,0.0,0.0,0.0,0.46984282,1.0,0.0537,0.0,3145
k1302,0.0,0.0742,0.157894737,0.0,0.0,0.0,0.58039701,1.0,0.071,0.0,3127
k854,0.0,0.0173,0.184210526,0.819612214,0.0,0.0,0.4239271,1.0,0.000947,0.0,422
k1062,0.0,0.019,0.105263158,0.0,0.0,0.0,0.34807929,0.33333334,0.046,0.0,1969
k2409,0.0,0.0457,0.184210526,0.0,0.0,0.0,0.58061194,0.75,0.100683794,0.0,1101
k1764,0.0,0.015,0.131578947,0.0,0.0,0.0,0.46553746,0.33333334,0.0,0.0,1169
k2233,0.0,0.0284,0.184210526,0.0,0.0,0.0,0.48378065,0.66666669,0.0537,0.0,1921
k317,0.0,0.0,0.236842105,0.0,0.0,0.0,0.5912565,1.0,0.0173,0.0,1010
k1045,0.0,0.0808,0.157894737,0.0,0.0,0.0,0.49882317,1.0,0.071,0.0,772
k3026,0.0,0.0,0.0263,0.712841516,0.0,0.0,0.42327344,1.0,0.000947,0.0,3198
k1335,0.0,0.019,0.289473684,0.597205661,0.0,0.0,0.40784433,0.83333331,0.0,0.0,1832
k2329,0.0,0.0351,0.368421053,0.0,0.0,0.0,0.42157739,1.0,0.107459408,0.0,2683
k2108,0.0,0.0,0.236842105,0.0,0.0,0.0,0.46029186,1.0,0.0,0.0,3052
k2138,0.0,0.0284,0.105263158,0.0,0.0,0.0,0.51774794,1.0,0.0537,0.0,1580
k124,0.845501043,0.27300002,0.789473684,0.611540256,0.166666667,0.0,0.62007314,1.0,0.300298512,0.0435,1413
k1276,0.0,0.102605503,0.263157895,0.0,0.0,0.0,0.66619796,0.80000001,0.052,0.0,368
k2456,0.0,0.038,0.105263158,0.0,0.0,0.0,0.19437112,0.66666669,0.0,0.0,2817
k1007,0.0,0.0173,0.184210526,0.0,0.0,0.0,0.40887967,0.75,0.0537,0.0,3411
k3226,0.0,0.321108479,0.263157895,0.0,0.0,0.0,0.82515627,1.0,0.157643734,0.0,762
k1730,0.0,0.305429573,0.289473684,0.0,0.0,0.0,0.69318569,1.0,0.0866,0.0,1024
k2574,0.0,0.0173,0.131578947,0.0,0.0,0.0,0.28551176,0.66666669,0.0,0.0,2046
k2681,0.0,0.0432,0.210526316,0.896443569,0.0,0.0,0.47996143,0.83333331,0.0,0.0,3361
k2293,0.0,0.0,0.157894737,0.0,0.0,0.0,0.88088137,0.0,0.0,0.0,2927
k1832,0.0,0.104735033,0.236842105,0.0,0.0,0.0,0.30354193,0.80000001,0.107459408,0.0,410
k2080,0.0,0.0696,0.263157895,0.0,0.0,0.0,0.4238233,0.75,0.0173,0.0,2842
k1201,0.0,0.0,0.0263,0.0,0.0,0.0,0.46680132,0.5,0.0537,0.0,2580
k1383,0.0,0.0998,0.105263158,0.0,0.0,0.0,0.3971518,1.0,0.071,0.0,2237
k2698,0.0,0.14840193,0.210526316,0.0,0.0,0.0,0.56387401,1.0,0.0537,0.0,1661
k713,0.0,0.0,0.473684211,0.0,0.0,0.0,0.33851966,1.0,0.046,0.0,1340
k2745,0.0,0.0173,0.131578947,0.0,0.0,0.0,0.62199712,0.66666669,0.046,0.0,1283
k2170,0.0,0.122014572,0.263157895,0.0,0.0,0.0,0.3376289,0.60000002,0.107459408,0.0,11
k507,0.0,0.0412,0.0526,0.0,0.0,0.0,0.52411753,0.5,0.046,0.0,766
k779,0.0,0.0696,0.0789,0.0,0.0,0.0,0.47376361,0.75,0.0537,0.0,3313
k3205,0.284054169,0.0284,0.315789474,0.0,0.4,0.125,0.48164731,1.0,0.0537,0.391304348,3387
k1119,0.0,0.0261,0.210526316,0.0,0.0,0.0,0.75712514,1.0,0.0173,0.0,61
k2503,0.0,0.0284,0.210526316,0.0,0.0,0.0,0.37584803,1.0,0.0537,0.0,1163
k2524,0.0,0.0173,0.157894737,0.0,0.0,0.0,0.51003146,0.75,0.0633,0.0,1781
k3284,0.0,0.0,0.157894737,0.0,0.0,0.0,0.41347137,0.75,0.0,0.0,3401
k2644,0.363108363,0.101506711,0.105263158,0.0,0.0,0.0,0.35815808,1.0,0.071,0.0,381
k1042,0.0,0.140351867,0.578947368,0.0,0.0,0.0,0.77575719,0.44444445,0.103914027,0.0,2144
k1913,0.0,0.126727604,0.184210526,0.0,0.0,0.0,0.7958172,0.80000001,0.178508113,0.0,1271
k2550,0.0,0.0173,0.315789474,0.670356162,0.0,0.0,0.41201821,0.83333331,0.0,0.0,1662
k3083,0.0,0.0143,0.184210526,0.767406294,0.0,0.0,0.60843134,1.0,0.0,0.0,926
k1363,0.0,0.309946038,0.368421053,0.0,0.0,0.0,0.72620344,0.91666669,0.318832836,0.0,1201
k2366,0.0,0.0819,0.210526316,0.851029084,0.0,0.0,0.5007056,1.0,0.072,0.0,601
k1004,0.0,0.0216,0.0526,0.0,0.0,0.0,0.57081604,1.0,0.092,0.0,60
k2252,0.0,0.0,0.0526,0.0,0.0,0.0,0.3549746,0.5,0.0,0.0,33
k2411,0.0,0.0346,0.210526316,0.0,0.0,0.0,0.28640312,0.75,0.0,0.0,1466
k1763,0.0,0.0,0.184210526,0.0,0.0,0.0,0.53478396,1.0,0.0173,0.0,665
k2809,0.0,0.0173,0.157894737,0.0,0.0,0.0,0.34943426,0.75,0.0,0.0,3207
k412,0.0,0.0216,0.0,0.0,0.0,0.0,0.54847175,1.0,0.0997,0.0,1073
k2325,0.0,0.0,0.157894737,0.0,0.0,0.0,0.45298648,1.0,0.0,0.0,237
k771,0.0,0.0173,0.236842105,0.857794598,0.0,0.0,0.45216542,0.80000001,0.0,0.0,228
k1859,0.0,0.0296,0.368421053,0.647182332,0.0,0.0,0.50794804,1.0,0.0346,0.0,2499
k2993,0.0,0.0284,0.157894737,0.655710509,0.0,0.0,0.49949741,0.80000001,0.0547,0.0,2934
k1157,0.0,0.0,0.184210526,0.655010628,0.0,0.0,0.4601413,1.0,0.000947,0.0,401
k1120,0.0,0.205211005,0.605263158,0.0,0.0,0.0,0.81289947,0.92307693,0.138552036,0.173913043,203
k2880,0.0,0.0363,0.105263158,0.0,0.0,0.0,0.22312249,0.66666669,0.0,0.0,2792
k3396,0.35726147,0.0524,0.0789,0.0,0.0,0.0,0.55364829,0.75,0.0997,0.0,1404
k3129,0.0,0.0346,0.157894737,0.0,0.0,0.0,0.55157673,1.0,0.0173,0.0,1202
k938,0.822817959,0.0173,0.0789,0.0,0.0,0.125,0.45387998,1.0,0.0,0.0,3074
k122,0.0,0.0,0.289473684,0.0,0.0,0.0,0.46502709,1.0,0.0,0.0,815
k582,0.0,0.0742,0.0789,0.0,0.0,0.0,0.44485915,1.0,0.107459408,0.0,2138
k1449,0.0,0.0,0.368421053,0.0,0.0,0.0,0.24869168,0.80000001,0.0,0.0,3374
k1046,0.0,0.0284,0.184210526,0.0,0.0,0.0,0.48378065,1.0,0.0537,0.0,3138
k960,0.0,0.0732,0.210526316,0.710093836,0.0,0.0,0.46622282,1.0,0.0547,0.0,1161
k3246,0.0,0.0696,0.263157895,0.0,0.0,0.0,0.33263102,0.80000001,0.0537,0.0,2180
k309,0.0,0.0,0.578947368,0.0,0.0,0.0,0.50763202,0.92307693,0.0,0.0,2895
k2949,0.0,0.394803944,0.447368421,0.0,0.0,0.0,0.61175859,1.0,0.407200566,0.434782609,1933
k1803,0.0,0.0,0.0263,0.0,0.0,0.0,0.41640383,0.5,0.0,0.0,3354
k663,0.0,0.0,0.0263,0.0,0.0,0.0,0.53440058,0.5,0.0537,0.0,830
k821,0.0,0.0518,0.263157895,0.0,0.0,0.0,0.44387501,1.0,0.0,0.0,821
k3109,0.0,0.0351,0.0,0.0,0.0,0.0,0.49902549,1.0,0.0537,0.0,3270
k1586,0.0,0.0,0.131578947,0.0,0.0,0.0,0.6293413,0.75,0.071,0.0,2296
k2342,0.0,0.126531027,0.289473684,0.0,0.0,0.0,0.4372333,1.0,0.0346,0.0,806
k3132,0.0,0.0284,0.184210526,0.619783296,0.0,0.0,0.66959924,0.80000001,0.072,0.0,3322
k464,0.0,0.0,0.289473684,0.960443776,0.0,0.0,0.47308728,1.0,0.000947,0.0,3420
k3254,0.0,0.0,0.0526,0.0,0.0,0.0,0.43724301,0.5,0.0,0.0,663
k968,0.0,0.0363,0.157894737,0.755300949,0.0,0.0,0.41685432,0.80000001,0.000947,0.0,2338
k3388,0.0,0.0173,0.210526316,0.0,0.0,0.0,0.3513495,0.80000001,0.0,0.0,865
k2938,0.0,0.290618681,0.0526,0.0,0.0,0.0,0.29088426,0.5,0.0,0.0,476
k1630,0.0,0.0173,0.263157895,0.0,0.0,0.0,0.55743116,1.0,0.0173,0.0435,110
k2548,0.0,0.0,0.105263158,0.0,0.0,0.0,0.45271558,0.66666669,0.0,0.0,2944
k1910,0.0,0.0173,0.105263158,0.0,0.0,0.0,0.46982741,0.66666669,0.0997,0.0,1911
k1423,0.0,0.0457,0.131578947,0.0,0.0,0.0,0.55414891,0.75,0.071,0.0,2095
k619,0.0,0.0,0.210526316,0.71771476,0.0,0.0,0.57927573,0.75,0.000947,0.0,242
k2164,0.0,0.833864473,0.605263158,0.0,0.0,0.0,0.67441726,0.9375,0.81794652,0.217391304,306
k2478,0.0,0.0,0.263157895,0.866504225,0.0,0.0,0.6679554,0.75,0.000947,0.0,2030
k2004,0.0,0.0949,0.131578947,0.0,0.0,0.0,0.17914318,0.80000001,0.0,0.0,2786
k155,0.0,0.0346,0.315789474,0.0,0.0,0.0,0.27528057,1.0,0.0,0.0,2710
k1316,0.0,0.0742,0.157894737,0.0,0.0,0.0,0.51736426,0.75,0.071,0.0,1094
k3030,0.0,0.0173,0.684210526,0.0,0.0,0.0,0.58851606,0.92307693,0.0173,0.130434783,3212
k3348,0.0,0.0346,0.289473684,0.0,0.0,0.0,0.29171574,0.80000001,0.0,0.0,1819
k980,0.0,0.0,0.0526,0.583233968,0.0,0.0,0.83994418,0.5,0.000947,0.0,2830
k2805,0.502876839,0.0605,0.315789474,0.628985432,0.0,0.0,0.49057564,1.0,0.0556,0.0,248
k374,0.389384083,0.256778195,0.342105263,0.0,0.4,0.375,0.63601488,1.0,0.0866,0.956521739,552
k426,0.0,0.0173,0.263157895,0.0,0.0,0.0,0.52755678,0.83333331,0.0,0.0,695
k2185,0.0445,0.0801,0.210526316,0.0,0.0,0.0,0.49506304,0.80000001,0.107459408,0.0,1614
k2710,0.0,0.0,0.210526316,0.0,0.0,0.0,0.52447766,0.66666669,0.0,0.0,5
k648,0.0,0.0,0.210526316,0.654284826,0.0,0.0,0.53694254,0.75,0.047,0.0,3282
k2919,0.0,0.0,0.421052632,0.0,0.0,0.0,0.58601522,0.89999998,0.0346,0.0,2950
k3419,0.0,0.122543442,0.0526,0.0,0.0,0.0625,0.65333891,0.5,0.214918816,0.0,1351
k129,0.0,0.0,0.342105263,0.0,0.0,0.0,0.49635515,0.875,0.0,0.0,1534
k1609,0.0,0.126002167,0.315789474,0.0,0.0,0.0,0.41997808,0.83333331,0.0537,0.0,1266
k2107,0.0,0.0284,0.315789474,0.0,0.0,0.0,0.29168895,0.83333331,0.0,0.0,2995
k2199,0.291438258,0.038,0.473684211,0.0,0.0667,0.125,0.46371159,0.92307693,0.0,0.0,278
k2436,0.0,0.0,0.263157895,0.0,0.0,0.0,0.49744746,1.0,0.0,0.0,289
k2986,0.0,0.0,0.131578947,0.790243144,0.0,0.0,0.52861774,1.0,0.000947,0.0,1488
k1204,0.0,0.0691,0.0526,0.0,0.0,0.0,0.35534289,0.66666669,0.0,0.0,271
k380,0.0,0.0,0.0526,0.0,0.0,0.0,0.64045125,0.5,0.0537,0.0,262
k3356,0.506746425,0.0,0.368421053,0.0,0.0,0.0,0.64658159,0.875,0.107459408,0.0,1652
k290,0.0,0.205211005,0.210526316,0.0,0.0,0.0,0.60499698,1.0,0.249556832,0.0,1236
k882,0.496308003,0.0948,0.184210526,0.690600861,0.0,0.0,0.46881327,1.0,0.100683794,0.0,986
k639,0.0,0.0173,0.184210526,0.0,0.0,0.0,0.57377046,0.75,0.0547,0.0,2662
k377,0.0,0.0,0.0789,0.0,0.0,0.0,0.61823666,0.66666669,0.0537,0.0,1861
k3243,0.251259717,0.063,0.236842105,0.0,0.0,0.125,0.42904437,1.0,0.161189101,0.260869565,1329
k2296,0.0,0.0389,0.184210526,0.0,0.0,0.0,0.70824617,0.75,0.0,0.0,863
k2976,0.0,0.0518,0.263157895,0.0,0.0,0.0,0.31839868,1.0,0.0,0.0,1771
k362,0.0,0.0173,0.157894737,0.684509306,0.0,0.0,0.45441896,0.80000001,0.000947,0.0,104
k1223,0.0,0.0803,0.368421053,0.718181347,0.0,0.0,0.4627054,0.83333331,0.000947,0.0,2271
k852,0.0,0.0173,0.105263158,0.0,0.0,0.0,0.43990538,0.66666669,0.0,0.0,888
k2855,0.0,0.0742,0.0789,0.0,0.0,0.0625,0.51312011,1.0,0.161189101,0.0,1853
k773,0.0,0.0,0.210526316,0.0,0.0,0.0,0.4291144,1.0,0.0,0.0,1697
k1170,0.498142531,0.105297735,0.342105263,0.641298149,0.0,0.0625,0.49423346,0.875,0.0729,0.0,878
k1907,0.0,0.0173,0.421052632,0.0,0.0,0.0,0.59377283,1.0,0.0,0.0,760
k481,0.831057316,0.111682035,0.0789,0.482166001,0.0,0.0625,0.53925884,0.80000001,0.0547,0.0,3196
k2387,0.0,0.12375724,0.394736842,0.0,0.0,0.0,0.41937906,0.8888889,0.0,0.0,2111
k450,0.0,0.0445,0.131578947,0.0,0.0,0.0,0.46591476,1.0,0.0346,0.0,2976
k2160,0.0,0.0,0.0526,0.45603712,0.0,0.0,0.64248335,0.66666669,0.092,0.0,2447
k1026,0.0,0.205211005,0.105263158,0.0,0.0,0.0,0.61279666,0.80000001,0.214918816,0.0,1950
k855,0.0,0.124612139,0.368421053,0.0,0.0,0.0,0.3777048,0.875,0.0,0.0,1567
k252,0.0,0.0346,0.342105263,0.0,0.0,0.0,0.40905046,1.0,0.0173,0.0,1320
k1733,0.0,0.0284,0.421052632,0.0,0.4,0.125,0.51048642,0.90909094,0.0537,0.130434783,1157
k1262,0.0,0.063,0.315789474,0.0,0.0,0.0,0.45332184,0.80000001,0.0173,0.0,496
k3151,0.0,0.104206163,0.131578947,0.0,0.0,0.0,0.45434394,0.75,0.0173,0.0,223
k172,0.0,0.0518,0.526315789,0.0,0.0,0.0,0.30907845,1.0,0.0772,0.0,2665
k162,0.0,0.207340536,0.263157895,0.0,0.0,0.0,0.72355378,0.80000001,0.0693,0.0,2281
k3427,0.0,0.0173,0.263157895,0.0,0.0,0.0,0.3344233,0.83333331,0.0,0.0,2297
k933,0.0,0.0585,0.131578947,0.0,0.0,0.0,0.41112849,0.80000001,0.0537,0.0,1004
k195,0.0,0.102408942,0.394736842,0.0,0.0,0.0,0.59281898,1.0,0.0173,0.0,2641
k70,0.0,0.0742,0.157894737,0.0,0.0,0.0,0.51736426,0.75,0.071,0.0,3348
k206,0.623642077,0.0351,0.342105263,0.0,0.0,0.0,0.51329952,0.8888889,0.161189101,0.0,2910
k2370,0.0,0.0173,0.421052632,0.0,0.0,0.0,0.41830257,0.875,0.0,0.0,1282
k2929,0.0,0.0,0.236842105,0.0,0.0,0.0,0.43756971,1.0,0.0,0.0,1603
k997,0.0,0.0,0.0789,0.0,0.0,0.0,0.37626794,1.0,0.0,0.0,972
k2585,0.0,0.057,0.131578947,0.636710042,0.0,0.0,0.42554882,1.0,0.0547,0.0,579
k2477,0.0,0.0346,0.289473684,0.0,0.0,0.0,0.29658255,0.80000001,0.0,0.0,2365
k879,0.54141934,0.138222337,0.0526,0.0,0.0,0.0,0.70880181,1.0,0.232237813,0.0,2057
k2528,0.0,0.045,0.0,0.0,0.0,0.0,0.0466,0.5,0.0,0.0,1306
k2424,0.0,0.00737,0.315789474,0.0,0.0,0.0,0.56074357,1.0,0.0,0.0,2618
k669,0.847915719,0.197039259,0.421052632,0.0,0.3,0.25,0.60582036,0.90909094,0.456753088,0.217391304,3201
k2501,0.846141544,0.226749605,0.789473684,0.570506506,0.166666667,0.0,0.61586171,1.0,0.282979522,0.0435,769
k2648,0.0,0.0,0.157894737,0.0,0.0,0.0,0.56359607,0.0,0.0,0.0,2360
k2735,0.0,0.0,0.315789474,0.0,0.0,0.0,0.44700667,1.0,0.0,0.0,26
k1636,0.0,0.0,0.526315789,0.0,0.0,0.0,0.43592,0.90909094,0.0,0.0,2453
k1728,0.0,0.0173,0.0,0.0,0.0,0.0,0.43774191,0.5,0.0537,0.0,473
k770,0.0,0.0173,0.315789474,0.52885064,0.0,0.0,0.57766825,1.0,0.120651875,0.0,2967
k904,0.0,0.647262261,0.473684211,0.0,0.0333,0.0625,0.60483253,0.91666669,0.69494076,0.347826087,1447
k394,0.0,0.038,0.131578947,0.694074343,0.0,0.0,0.38430381,1.0,0.000947,0.0,2787
k744,0.0,0.0,0.236842105,0.668878635,0.0,0.0,0.61893678,1.0,0.268419093,0.0,1868
k2429,0.0,0.0173,0.342105263,0.0,0.0,0.0,0.43393824,1.0,0.0173,0.0,2768
k1382,0.0,0.0,0.131578947,0.0,0.0,0.0,0.49063212,1.0,0.0,0.0,3053
k2945,0.594525946,0.0383,0.157894737,0.711960185,0.0,0.0,0.46127969,1.0,0.000947,0.260869565,1243
k1893,0.0,0.0518,0.394736842,0.0,0.0,0.0,0.4518705,1.0,0.0346,0.0,2121
k3234,0.0,0.138025771,0.131578947,0.0,0.0,0.0,0.72279012,0.80000001,0.224515302,0.0,1382
k872,0.0,0.0854,0.0526,0.0,0.0,0.0,0.25246289,0.66666669,0.0537,0.0,3001
k1258,0.0,0.0173,0.342105263,0.0,0.0,0.0,0.50755882,0.80000001,0.0,0.0,471
k3014,0.0,0.0854,0.0526,0.0,0.0,0.0,0.25246289,0.66666669,0.0537,0.0,879
k2130,0.0,0.145309341,0.105263158,0.0,0.0,0.0,0.28063002,0.66666669,0.0,0.0,2201
k2985,0.713742121,0.0538,0.342105263,0.605681995,0.0333,0.25,0.61095017,0.89999998,0.108406305,0.173913043,2045
k1278,0.0,0.0457,0.210526316,0.0,0.0,0.0,0.49324274,1.0,0.071,0.0,1088
k763,0.0,0.264224499,0.236842105,0.0,0.0,0.0,0.64274341,1.0,0.159416421,0.0,2541
k1748,0.0,0.109251488,0.263157895,0.0,0.0,0.0,0.61277461,0.80000001,0.052,0.0,892
k3417,0.0,0.0173,0.315789474,0.0,0.0,0.0,0.52419174,0.85714287,0.0,0.0,3279
k304,0.0,0.259497988,0.421052632,0.0,0.0,0.0,0.36747178,1.0,0.0173,0.0,1452
k3412,0.0,0.0,0.0263,0.0,0.0,0.0,0.44075677,0.5,0.0,0.0,82
k2485,0.0,0.0,0.0789,0.0,0.0,0.0,0.44385886,0.66666669,0.0173,0.0,1568
k991,0.0,0.0607,0.210526316,0.0,0.0,0.1875,0.58733797,0.85714287,0.0547,0.0,1025
k3365,0.0,0.0,0.131578947,0.0,0.0,0.0,0.18352593,0.33333334,0.0,0.0,1060
k977,0.0,0.1517447,0.210526316,0.0,0.0,0.0,0.3320899,0.80000001,0.0346,0.0,3403
k684,0.0,0.0,0.315789474,0.0,0.0,0.0,0.3127403,0.60000002,0.0,0.0,2937
k2627,0.0,0.0569,0.157894737,0.0,0.0,0.0,0.66974741,0.75,0.0346,0.0,371
k171,0.811341988,0.211328131,0.368421053,0.0,0.0,0.0625,0.57494193,0.8888889,0.178508113,0.0,1016
k2568,0.0,0.057,0.105263158,0.0,0.0,0.0,0.38839379,0.75,0.0,0.0,1961
k3046,0.0,0.0875,0.105263158,0.0,0.0,0.0,0.47506031,0.75,0.071,0.0,1432
k296,0.0,0.0216,0.131578947,0.0,0.0,0.0,0.55382097,1.0,0.0997,0.0,2656
k3155,0.0,0.0216,0.210526316,0.0,0.0,0.0,0.54749537,0.80000001,0.0,0.0,2534
k1166,0.0,0.102408942,0.236842105,0.811550625,0.0,0.0,0.60031801,0.85714287,0.118002798,0.0,2269
k2908,0.0,0.199304527,0.315789474,0.0,0.0,0.0,0.40907258,0.85714287,0.0173,0.0,3062
k1356,0.0,0.209470066,0.263157895,0.0,0.0,0.0,0.4132368,1.0,0.214918816,0.0,596
k292,0.0,0.0,0.236842105,0.0,0.0,0.0,0.49948248,0.80000001,0.107459408,0.0,2399
k2771,0.0,0.0824,0.184210526,0.0,0.0,0.0,0.39172548,1.0,0.046,0.0,1930
k2175,0.0,0.0538,0.210526316,0.778915444,0.0,0.0,0.58001167,1.0,0.0547,0.0,1830
k1901,0.0,0.0,0.342105263,0.0,0.0,0.0,0.43352887,1.0,0.0,0.0,465
k1202,0.0,0.139294127,0.263157895,0.0,0.0,0.0,0.47460899,0.83333331,0.071,0.0,281
k2865,0.0,0.0569,0.0789,0.0,0.0,0.0,0.68888408,0.66666669,0.124778412,0.0,3418
k1458,0.0,0.0284,0.315789474,0.0,0.0,0.0625,0.43004203,1.0,0.0537,0.0,58
k1680,0.0,0.082,0.236842105,0.0,0.0,0.0,0.35322133,0.85714287,0.071,0.0,3399
k2911,0.0,0.0,0.0,0.0,0.0,0.0,0.53987968,0.5,0.107459408,0.0,1256
k832,0.0,0.146000946,0.342105263,0.0,0.0,0.0,0.7335093,0.85714287,0.0693,0.0,3250
k1594,0.0,0.0524,0.131578947,0.0,0.0,0.0,0.54383796,1.0,0.147574934,0.0,2877
k1734,0.0,0.0322,0.105263158,0.0,0.0,0.0,0.6281746,1.0,0.093,0.0,2878
k2135,0.0,0.0173,0.105263158,0.0,0.0,0.0,0.3637538,0.66666669,0.046,0.0,2130
k2058,0.0,0.0346,0.131578947,0.0,0.0,0.0,0.28551176,1.0,0.0,0.0,2324
k1489,0.0,0.0691,0.263157895,0.0,0.0,0.0,0.32437846,0.75,0.0,0.0,1879
k1203,0.0,0.0346,0.105263158,0.0,0.0,0.0,0.34700227,1.0,0.0,0.0,120
k1396,0.0,0.0474,0.157894737,0.0,0.0,0.0,0.43401662,1.0,0.071,0.0,2042
k983,0.0,0.138025771,0.184210526,0.0,0.0,0.0,0.7958172,0.80000001,0.178508113,0.0,1533
k2666,0.0,0.0351,0.105263158,0.0,0.0,0.0,0.5788151,1.0,0.107459408,0.0,1021
k1587,0.0,0.0346,0.289473684,0.0,0.0,0.0,0.32942438,0.80000001,0.0,0.0,3306
k1359,0.0,0.0,0.0789,0.0,0.0,0.0,0.5917725,1.0,0.0537,0.0,613
k837,0.0,0.0,0.105263158,0.0,0.0,0.0,0.3978259,1.0,0.0,0.0,2659
k634,0.0,0.0363,0.105263158,0.0,0.0,0.0,0.32819968,0.66666669,0.0537,0.0,2871
k18,0.0,0.0173,0.263157895,0.868318731,0.0,0.0,0.44083899,0.80000001,0.000947,0.0,2430
k665,0.0,0.194048571,0.105263158,0.0,0.0,0.0,0.74021524,0.80000001,0.159416421,0.0,380
k3164,0.583362744,0.0582,0.236842105,0.555238737,0.0,0.0,0.63296926,0.85714287,0.241483099,0.260869565,3316
k2940,0.0,0.0808,0.184210526,0.826248121,0.0,0.0,0.55884063,0.83333331,0.118002798,0.0,1484
k3292,0.0,0.0748,0.263157895,0.697366375,0.0,0.0,0.53872675,0.80000001,0.0,0.0,2531
k30,0.0,0.0284,0.0,0.0,0.0,0.0,0.1173879,0.25,0.0537,0.0,2649
k2110,0.437640226,0.0389,0.184210526,0.0,0.0,0.0,0.56380713,1.0,0.100683794,0.0,2441
k1784,0.640016598,0.117995445,0.131578947,0.0,0.0,0.0,0.69872111,1.0,0.214918816,0.0,3392
k1685,0.0,0.0635,0.421052632,0.727668619,0.0,0.0,0.51450104,0.8888889,0.0173,0.0,296
k1964,0.0,0.102605503,0.210526316,0.0,0.0,0.0,0.78574502,1.0,0.052,0.0,1684
k1184,0.0,0.102408942,0.315789474,0.0,0.0,0.0,0.58789432,1.0,0.071,0.0,378
k108,0.0,0.0801,0.236842105,0.0,0.0,0.0,0.51491761,1.0,0.107459408,0.0,2218
k594,0.0,0.0299,0.210526316,0.60783348,0.0,0.0,0.48857671,1.0,0.124622326,0.0,1884
k247,0.0,0.0696,0.0789,0.0,0.0,0.0,0.43798992,1.0,0.0537,0.0,3432
k888,0.0,0.104735033,0.394736842,0.0,0.0,0.0,0.3135224,1.0,0.0173,0.0,21
k2780,0.0,0.0351,0.0789,0.0,0.0,0.0,0.62103051,1.0,0.071,0.0,2086
k2479,0.0,0.0173,0.157894737,0.708434859,0.0,0.0,0.37197486,1.0,0.000947,0.0,3369
k2245,0.0,0.0,0.394736842,0.0,0.0,0.0,0.56702906,0.125,0.0173,0.0,3081
k2540,0.0,0.0702,0.0789,0.0,0.0,0.0,0.52024633,1.0,0.0346,0.0,231
k1079,0.0,0.0322,0.184210526,0.607963088,0.0,0.0,0.52239728,1.0,0.0868,0.0,759
k1858,0.0,0.0173,0.210526316,0.0,0.0,0.0,0.39933637,0.75,0.0537,0.0,398
k1955,0.0,0.0,0.0263,0.0,0.0,0.0,0.49242112,0.5,0.046,0.0,2745
k3157,0.806099215,0.104206163,0.447368421,0.0,0.0,0.0,0.47493088,1.0,0.124778412,0.0435,1584
k2251,0.0,0.0167,0.184210526,0.0,0.0,0.0,0.54883319,0.66666669,0.0,0.0,1159
k806,0.0,0.0346,0.289473684,0.0,0.0,0.0,0.45244491,0.83333331,0.0173,0.0,1785
k2803,0.0,0.163809366,0.421052632,0.829021722,0.0,0.0,0.67014343,1.0,0.160363318,0.0,379
k291,0.687440506,0.136968036,0.315789474,0.851703043,0.0,0.0,0.49698892,1.0,0.154413501,0.0,1206
k1939,0.0,0.0173,0.315789474,0.0,0.0,0.0,0.56074357,1.0,0.0,0.0,2200
k1114,0.0,0.0346,0.263157895,0.712297164,0.0,0.0,0.49009526,1.0,0.047,0.0,2310
k2825,0.0,0.0173,0.131578947,0.0,0.0,0.0,0.54215246,0.66666669,0.0,0.0,1334
k3103,0.452424822,0.0,0.131578947,0.0,0.0,0.0,0.86397636,1.0,0.124778412,0.0,1141
k435,0.0,0.0346,0.105263158,0.0,0.0,0.0,0.39615464,0.66666669,0.107459408,0.0,1720
k1460,0.0,0.0151,0.0526,0.0,0.0,0.0,0.48934084,1.0,0.0,0.0,2043
k2860,0.0,0.057,0.0789,0.0,0.0,0.0,0.17354383,0.33333334,0.0,0.0,1548
k500,0.0,0.0,0.131578947,0.0,0.0,0.0,0.51635718,1.0,0.046,0.0,2900
k256,0.0,0.171723701,0.105263158,0.0,0.0,0.0625,0.51135045,0.80000001,0.214918816,0.0,323
k951,0.0,0.260644101,0.447368421,0.984991446,0.0,0.0,0.71989495,1.0,0.0702,0.0435,3144
k1438,0.0,0.104395493,0.0263,0.0,0.0,0.0,0.22914912,0.66666669,0.0537,0.0,1192
k2444,0.722509108,0.0457,0.0526,0.0,0.0,0.3125,0.56409425,0.5,0.153466584,0.0,1183
k3431,0.0,0.0696,0.157894737,0.0,0.0,0.0,0.57296306,0.60000002,0.111164238,0.0,1362
k3415,0.0,0.157223813,0.0,0.0,0.0,0.0,0.17204946,0.66666669,0.0,0.0,1505
k536,0.0,0.0664,0.0789,0.0,0.0,0.0,0.28145713,0.66666669,0.0537,0.0,2922
k250,0.0,0.0,0.342105263,0.0,0.0,0.0,0.49635515,0.875,0.0,0.0,2459
k1999,0.0,0.0351,0.0789,0.0,0.0,0.0,0.49332646,1.0,0.0537,0.0,2223
k3140,0.526094636,0.151693386,0.289473684,0.702706206,0.0,0.0,0.51299745,0.8888889,0.0643,0.0435,804
k3141,0.0,0.0569,0.342105263,0.0,0.0,0.0,0.46602744,1.0,0.0173,0.0,1137
k2672,0.0,0.0,0.131578947,0.0,0.0,0.0,0.78372067,1.0,0.0346,0.0,1648
k89,0.0,0.0,0.157894737,0.0,0.0,0.0,0.41830257,0.0,0.0,0.0,1375
k1906,0.0,0.0,0.210526316,0.846207683,0.0,0.0,0.57428372,0.75,0.092,0.0,240
k1097,0.0,0.0914,0.473684211,0.0,0.0,0.0,0.69218987,1.0,0.0866,0.0435,182
k1987,0.0,0.0363,0.236842105,0.762429364,0.0,0.0,0.45813319,1.0,0.000947,0.0,1342
k3385,0.0,0.0,0.210526316,0.332313754,0.0,0.0,0.47805196,0.75,0.0772,0.0,2196
k2620,0.0,0.0173,0.236842105,0.466068744,0.0,0.0,0.62256318,0.85714287,0.134099712,0.0,673
k2954,0.0,0.0691,0.263157895,0.0,0.0,0.0,0.51227987,1.0,0.0,0.0,2983
k923,0.0,0.215648004,0.289473684,0.899061641,0.0,0.0,0.7206077,1.0,0.160363318,0.0,2882
k2972,0.612230752,0.0,0.0789,0.441780289,0.0,0.0625,0.61960799,1.0,0.0997,0.0,1793
k2310,0.0,0.0,0.105263158,0.0,0.0,0.0,0.5267303,0.75,0.0173,0.0,1948
k532,0.32216533,0.138222337,0.447368421,0.0,0.0,0.0,0.58130789,1.0,0.195827117,0.0,1361
k2198,0.0,0.0,0.210526316,0.0,0.0,0.0,0.58854932,0.83333331,0.107459408,0.0,999
