Key_2_11,D649,D97,D458,D214,D55,D96,D149,D75,D740,D16,Key_3_35
k1150,0.0,0.0,0.0,0.0,0.0,0.0333,0.0,0.0,0.0,0.374017593,2715
k3063,0.0,0.0,0.0,0.0,0.0,0.0333,0.0,0.0,0.0,0.307980034,2897
k702,0.0,0.0,0.1,0.0,0.0639,0.133333333,0.0,0.227575655,0.0238,0.324674761,2165
k479,0.0,0.0263,0.0,0.0,0.0,0.1,0.0,0.0734,0.0714,0.237414478,3111
k2511,0.0,0.0,0.05,0.0,0.0639,0.133333333,0.0294,0.133959763,0.166666667,0.192066391,2332
k2558,0.0,0.0,0.0,0.436532155,0.0,0.0333,0.0,0.0616,0.0,0.292727388,483
k1649,0.0,0.0,0.0,0.0,0.0,0.133333333,0.0,0.270636255,0.0714,0.36424202,621
k480,0.0,0.0,0.0,0.0,0.0,0.1,0.0588,0.0,0.0476,0.277315794,2605
k1330,0.0,0.0,0.05,0.0,0.157748325,0.133333333,0.0,0.157022996,0.0238,0.266439354,676
k487,0.0,0.0,0.1,0.0,0.0,0.0667,0.0,0.158757243,0.0714,0.277259019,2529
k359,0.0,0.105263158,0.0,0.0,0.0,0.2,0.0,0.0997,0.0,0.182759307,113
k832,0.0,0.0526,0.0,0.0,0.18568986,0.2,0.0588,0.218169843,0.0,0.123321442,1662
k601,0.0,0.0263,0.25,0.0,0.0173,0.2,0.0,0.0396,0.0,0.363957998,3349
k3273,0.0,0.0,0.0,0.0,0.0639,0.133333333,0.0294,0.331224788,0.0476,0.328993796,2352
k611,0.0,0.0,0.05,0.0,0.0,0.0333,0.0,0.0,0.0,0.297617633,1749
k304,0.0,0.0,0.0,0.0,0.0,0.0667,0.0,0.0,0.214285714,0.319348629,3026
k2875,0.0,0.0,0.1,0.534737962,0.0,0.1,0.0,0.0,0.0714,0.270736826,743
k1445,0.0,0.0,0.05,0.0,0.0685,0.133333333,0.0,0.0,0.0238,0.2784986,1361
k3201,0.0,0.0,0.1,0.0,0.0,0.133333333,0.0588,0.0396,0.0,0.290027388,1574
k356,0.0,0.0,0.15,0.521911443,0.0539,0.1,0.0,0.103207611,0.0714,0.301772969,2492
k505,0.0,0.0,0.05,0.0,0.0,0.0667,0.0294,0.0734,0.142857143,0.28756646,1898
k3272,0.0,0.0,0.0,0.0,0.0,0.1,0.0,0.332240498,0.0476,0.412830933,3159
k342,0.0,0.0,0.0,0.0,0.0,0.0333,0.0,0.0,0.0238,0.301772969,294
k3399,0.0,0.0,0.1,0.528900819,0.0,0.0667,0.0,0.0,0.0476,0.301772969,748
k393,0.0,0.0,0.05,0.0,0.0294,0.0333,0.0,0.0,0.0,0.26502453,1951
k1288,0.333333333,0.0526,0.0,0.0,0.0,0.233333333,0.0,0.189955427,0.238095238,0.407170879,2912
k105,0.0,0.0,0.2,0.0,0.0,0.166666667,0.0,0.317514491,0.0,0.290733535,2781
k343,0.0,0.0,0.1,0.0,0.0933,0.166666667,0.0588,0.463113429,0.0952,0.248364963,1001
k1775,0.0,0.0,0.1,0.0,0.0,0.166666667,0.0882,0.0513,0.0,0.298637403,2227
k314,0.0,0.0,0.0,0.0,0.0,0.0667,0.0,0.0744,0.0,0.6983185,2868
k2779,0.0,0.0,0.2,0.0,0.0,0.2,0.0,0.317514491,0.142857143,0.32382875,2693
k2595,0.0,0.0,0.0,0.0,0.235552185,0.2,0.0882,0.206415218,0.0,0.144384841,349
k844,0.0,0.0263,0.05,0.361257075,0.0685,0.0667,0.0,0.0524,0.0476,0.289721896,913
k1377,0.0,0.0,0.2,0.0,0.0,0.2,0.117647059,0.0792,0.19047619,0.375442529,672
k2567,0.0,0.0263,0.2,0.0,0.0,0.133333333,0.0294,0.0792,0.0476,0.308106861,2566
k2046,0.0,0.0,0.0,0.0,0.0,0.0667,0.0,0.0,0.0,0.294695509,2006
k755,0.0,0.0,0.1,0.0,0.0,0.1,0.0,0.0606,0.166666667,0.293820094,2220
k710,0.0,0.0,0.0,0.0,0.0,0.0333,0.0,0.0,0.0238,0.281552166,2053
k826,0.0,0.0526,0.05,0.0,0.132385582,0.133333333,0.0294,0.0606,0.0,0.249332429,994
k1825,0.0,0.0263,0.0,0.0,0.0,0.0667,0.0,0.0,0.0238,0.310526966,1000
k2345,0.0,0.0,0.6,0.0,0.0,0.4,0.0,0.952543439,0.19047619,0.383769621,1046
k2388,0.0,0.0526,0.0,0.0,0.0115,0.1,0.0,0.0,0.0,0.425900771,3092
k2222,0.0,0.0,0.1,0.0,0.0,0.1,0.0,0.158757243,0.0714,0.302503179,1547
k1907,0.0,0.0,0.2,0.0,0.0,0.133333333,0.0,0.317514491,0.0,0.301772969,1917
k370,0.0,0.0,0.0,0.0,0.051,0.1,0.0,0.11629891,0.0952,0.307497442,2019
k938,0.0,0.0,0.0,0.0,0.0,0.133333333,0.0,0.219345762,0.0,0.306283614,1663
k1685,0.0,0.0,0.0,0.0,0.0,0.0667,0.0,0.0616,0.0476,0.28659887,1284
k251,0.0,0.0,0.0,0.0,0.0,0.0333,0.0,0.0,0.0,0.304420737,1869
k2243,0.0,0.0,0.15,0.509173557,0.127723812,0.2,0.0,0.429792372,0.0714,0.365236276,2257
k1200,0.0,0.0,0.1,0.0,0.0,0.0667,0.0,0.307960875,0.0476,0.22797851,1067
k3336,0.0,0.0789,0.0,0.0,0.0126,0.133333333,0.0588,0.0,0.0,0.54597377,1537
k1109,0.0,0.0,0.9,0.50840118,0.0919,0.6,0.235294118,0.21546492,0.333333333,0.33343021,1806
k3394,0.0,0.0789,0.0,0.0,0.0613,0.133333333,0.0,0.079,0.0,0.125704541,1426
k2830,0.0,0.0,0.0,0.0,0.0468,0.0,0.0,0.0,0.0,0.289872443,2158
k377,0.0,0.0,0.1,0.0,0.0,0.0667,0.0,0.158757243,0.0952,0.290220761,3380
k1222,0.0,0.0,0.0,0.0,0.0,0.0667,0.0,0.0,0.0,0.266245929,270
k2751,0.0,0.0,0.1,0.486875926,0.0,0.0333,0.0,0.0616,0.238095238,0.301772969,2434
k566,0.0,0.0,0.0,0.301543487,0.202242568,0.2,0.0294,0.189995445,0.0952,0.170312911,1180
k994,0.0,0.0,0.0,0.0,0.0468,0.0333,0.0,0.0,0.0,0.302597459,3237
k830,0.0,0.0263,0.05,0.0,0.0173,0.0667,0.0,0.0,0.0,0.30448274,2719
k1097,0.0833,0.0,0.2,0.0,0.0,0.166666667,0.0588,0.227575655,0.0,0.401078538,1678
k1352,0.0,0.0,0.1,0.0,0.0,0.0667,0.0,0.158757243,0.0476,0.312449835,1451
k399,0.0833,0.0,0.2,0.0,0.0,0.133333333,0.0294,0.0,0.285714286,0.220764852,1738
k2171,0.0,0.0,0.1,0.403737797,0.0,0.0333,0.0,0.0,0.0714,0.37536445,895
k1812,0.0,0.0,0.05,0.0,0.141222847,0.166666667,0.0,0.175869444,0.0238,0.215220347,798
k3366,0.0,0.0,0.1,0.0,0.0,0.0667,0.0294,0.0792,0.0476,0.288397058,2716
k840,0.0,0.0,0.0,0.0,0.054,0.233333333,0.0588,0.0,0.0,0.172998259,1510
k555,0.0,0.0,0.15,0.0,0.0734,0.133333333,0.0,0.102662505,0.0,0.253437825,848
k2686,0.0833,0.0,0.1,0.527558656,0.0461,0.0667,0.0,0.192057012,0.333333333,0.347044456,331
k1380,0.0,0.0263,0.0,0.0,0.0,0.1,0.0,0.0616,0.0714,0.293094542,2140
k1230,0.0,0.0,0.0,0.0,0.0,0.0333,0.0,0.0,0.0714,0.306020148,2459
k3014,0.0833,0.0,0.05,0.0,0.0,0.1,0.0588,0.0504,0.0,0.443177991,1336
k108,0.0,0.0,0.0,0.0,0.0539,0.1,0.0,0.373843871,0.0,0.398912792,2439
k1959,0.0,0.0263,0.0,0.0,0.0987,0.0667,0.0,0.0,0.0,0.207387296,1912
k3291,0.0,0.0,0.0,0.0,0.0244,0.0333,0.0,0.0,0.0,0.369519446,3167
k1548,0.0,0.0,0.15,0.0,0.0449,0.1,0.0,0.158757243,0.166666667,0.309987827,865
k2679,0.0,0.0,0.05,0.0,0.0468,0.0,0.0,0.0,0.0476,0.285432182,2993
k3110,0.0,0.0263,0.3,0.0,0.0294,0.166666667,0.0,0.371740414,0.0714,0.260449413,1266
k2389,0.0,0.0,0.2,0.0,0.0,0.133333333,0.0,0.317514491,0.0476,0.353873935,1539
k429,0.0833,0.0,0.0,0.0,0.0,0.1,0.0294,0.189955427,0.0952,0.426657117,53
k1462,0.0,0.0263,0.0,0.0,0.0933,0.1,0.0,0.0513,0.0,0.153253533,2661
k1952,0.0,0.0789,0.25,0.0,0.220278077,0.433333333,0.176470588,0.228503212,0.0238,0.15656364,818
k2753,0.0,0.0263,0.0,0.0,0.0,0.0667,0.0,0.0734,0.0476,0.264533329,2211
k1152,0.0,0.0,0.0,0.0,0.0,0.0667,0.0,0.0,0.0,0.344702077,409
k858,0.0,0.0,0.0,0.0,0.0639,0.133333333,0.0,0.331224788,0.0476,0.341144771,1332
k3017,0.0,0.0,0.2,0.0,0.0,0.133333333,0.0,0.317514491,0.0,0.290846609,2807
k815,0.0,0.0526,0.15,0.49900604,0.127723812,0.2,0.0,0.429792372,0.0714,0.206530108,3187
k1400,0.0,0.0,0.3,0.478886258,0.0,0.2,0.0,0.317514491,0.0714,0.248563273,2629
k3432,0.0,0.0526,0.05,0.0,0.132385582,0.1,0.0,0.0606,0.0476,0.277493589,1037
k808,0.0,0.0,0.05,0.357078643,0.0,0.0667,0.0294,0.0,0.0,0.278045941,2256
k1977,0.0,0.0,0.0,0.0,0.0,0.0333,0.0,0.0,0.0,0.300289774,580
k2245,0.0,0.0,0.0,0.336971523,0.0173,0.0667,0.0,0.0,0.0,0.12253351,2582
k35,0.0,0.0,0.0,0.0,0.0,0.0667,0.0,0.0,0.0238,0.299831058,359
k426,0.0,0.0,0.05,0.0,0.0468,0.0,0.0,0.0,0.0,0.314379963,473
k3357,0.0,0.0263,0.05,0.0,0.132385582,0.1,0.0,0.121177023,0.0476,0.30390899,3414
k1458,0.0,0.0,0.0,0.0,0.0908,0.2,0.117647059,0.132739995,0.0,0.639571885,867
k1376,0.0,0.0,0.0,0.0,0.0,0.0333,0.0,0.336697925,0.166666667,0.301772969,164
k2115,0.0,0.0,0.0,0.0,0.0,0.0,0.0,0.0,0.0476,0.301772969,2810
k1829,0.0,0.0,0.05,0.0,0.0,0.0333,0.0,0.0,0.0,0.316571981,1042
k2873,0.0,0.105263158,0.0,0.0,0.0858,0.2,0.235294118,0.0,0.0,0.0928,2469
k923,0.0,0.0263,0.1,0.0,0.0641,0.0667,0.0,0.0,0.0,0.289392994,2435
k3048,0.0,0.0,0.1,0.0,0.0,0.0667,0.0,0.158757243,0.0714,0.331192711,2129
k3203,0.0833,0.0,0.0,0.0,0.116628435,0.0667,0.0,0.135934866,0.0,0.322277629,2860
k785,0.0,0.0,0.15,0.0,0.0,0.133333333,0.0,0.111879017,0.0952,0.288228692,2011
k2181,0.0,0.0,0.05,0.0,0.0449,0.1,0.0,0.0524,0.166666667,0.29638304,650
k2503,0.0,0.0,0.1,0.0,0.0,0.133333333,0.0,0.158757243,0.0476,0.301772969,416
k301,0.0,0.0,0.1,0.0,0.0294,0.133333333,0.0294,0.110497754,0.119047619,0.249986592,3006
k2545,0.0,0.0,0.05,0.0,0.0989,0.2,0.0882,0.15252302,0.285714286,0.238559468,1395
k1069,0.0,0.0,0.0,0.0,0.0294,0.166666667,0.0882,0.324062985,0.0952,0.131993346,2268
k1645,0.0,0.0,0.0,0.0,0.0,0.0,0.0,0.0,0.0,0.301772969,2431
k1808,0.0,0.0263,0.2,0.0,0.0,0.166666667,0.0882,0.0792,0.0,0.250202399,1387
k558,0.0833,0.0,0.0,0.0,0.0,0.0333,0.0,0.0422,0.0,0.406835308,2963
k624,0.0,0.0526,0.0,0.315104397,0.0173,0.133333333,0.0294,0.0,0.0,0.122035025,914
k2024,0.0833,0.0,0.0,0.0,0.0,0.0333,0.0,0.0,0.0,0.440497023,1719
k1496,0.0,0.0,0.05,0.0,0.0,0.0,0.0,0.0,0.0476,0.316983547,633
k2819,0.0,0.0263,0.0,0.0,0.0,0.1,0.0294,0.0,0.0238,0.23532341,2319
k2980,0.0,0.0,0.0,0.334439141,0.0523,0.0667,0.0,0.0688,0.0,0.113254316,1339
k2218,0.0,0.0526,0.0,0.0,0.0213,0.266666667,0.235294118,0.101794945,0.0238,0.364391925,2805
k2269,0.0,0.0,0.0,0.0,0.117776092,0.2,0.0882,0.103207611,0.0,0.0928,1149
k2438,0.0,0.105263158,0.0,0.0,0.0126,0.133333333,0.0,0.0,0.0,0.163415867,3323
k1855,0.0,0.0263,0.05,0.0,0.0173,0.1,0.0,0.0,0.0,0.263948087,1957
k1686,0.0,0.0526,0.0,0.0,0.140051304,0.133333333,0.0,0.0805,0.0,0.0928,2738
k2353,0.0,0.0,0.0,0.0,0.0244,0.0667,0.0,0.0,0.0238,0.410673972,3374
k680,0.0,0.0263,0.1,0.417830508,0.167295519,0.133333333,0.0,0.206262904,0.19047619,0.315902032,2503
k2185,0.0,0.0,0.1,0.0,0.0,0.1,0.0,0.158757243,0.0238,0.301772969,1797
k1529,0.0,0.0789,0.0,0.0,0.0135,0.133333333,0.0588,0.032,0.0,0.73783081,383
k1583,0.0,0.0,0.1,0.0,0.0,0.166666667,0.0,0.378103005,0.0,0.347774281,705
k1589,0.0,0.105263158,0.25,0.0,0.487543027,0.566666667,0.176470588,0.366140017,0.0476,0.154786564,1450
k2890,0.0833,0.0,0.1,0.0,0.0,0.0333,0.0,0.0422,0.0476,0.383022516,682
k3055,0.0,0.0263,0.05,0.0,0.0173,0.0667,0.0,0.0,0.0,0.295481747,236
k3138,0.0,0.0263,0.1,0.0,0.0244,0.166666667,0.0882,0.158757243,0.0,0.391109271,518
k274,0.0,0.0,0.0,0.0,0.0639,0.133333333,0.0,0.227575655,0.0,0.170313258,3389
k1059,0.0,0.0526,0.0,0.0,0.104755988,0.133333333,0.0,0.0805,0.0,0.338937538,3284
k575,0.0,0.0,0.1,0.0,0.0,0.133333333,0.0,0.158757243,0.166666667,0.278755096,2953
k1093,0.0833,0.0,0.0,0.0,0.0,0.0333,0.0,0.0,0.0,0.353883104,447
k2709,0.0,0.0,0.1,0.0,0.0933,0.166666667,0.0588,0.463113429,0.0952,0.27626357,27
k2342,0.0,0.0263,0.05,0.0,0.0639,0.133333333,0.0,0.1001644,0.0238,0.305268781,530
k1609,0.166666667,0.0,0.05,0.0,0.0,0.133333333,0.0882,0.0504,0.0,0.553311657,3393
k1234,0.0,0.0263,0.15,0.326386163,0.0,0.166666667,0.0,0.0,0.0952,0.40107943,1354
k1061,0.0,0.0,0.05,0.0,0.0,0.0333,0.0,0.0396,0.0,0.290034141,166
k3339,0.0,0.0,0.0,0.0,0.0744,0.1,0.0294,0.0792,0.0952,0.21094468,202
k2639,0.0,0.0,0.0,0.308418907,0.0,0.133333333,0.0294,0.0816,0.0238,0.360581369,2071
k1989,0.0,0.0526,0.1,0.0,0.0,0.166666667,0.0294,0.158757243,0.0238,0.26052993,1432
k2695,0.0,0.0,0.05,0.0,0.0,0.0667,0.0294,0.0734,0.142857143,0.28411924,211
k532,0.0,0.0,0.0,0.0,0.0639,0.133333333,0.0,0.0688,0.0238,0.343419007,793
k1436,0.0,0.0,0.0,0.0,0.0,0.0667,0.0,0.0,0.0952,0.321269859,229
k3406,0.0,0.0,0.1,0.0,0.123910947,0.1,0.0,0.187584051,0.0714,0.301772969,1798
k1452,0.0,0.0263,0.1,0.37253884,0.14888023,0.2,0.0294,0.239290267,0.19047619,0.22653869,2096
k1335,0.0,0.0526,0.2,0.0,0.0589,0.2,0.0588,0.161066062,0.0952,0.239495144,1549
k1167,0.0,0.0,0.0,0.0,0.0,0.0333,0.0,0.0,0.0238,0.314065074,2867
k2428,0.0,0.157894737,0.0,0.0,0.0,0.166666667,0.0,0.158757243,0.0,0.0928,2179
k2933,0.0,0.0,0.0,0.303126227,0.147214844,0.133333333,0.0588,0.204753278,0.0238,0.0928,160
k2141,0.0,0.0,0.05,0.0,0.157748325,0.133333333,0.0,0.157022996,0.0714,0.244615747,253
k261,0.0,0.0,0.2,0.0,0.0,0.133333333,0.0588,0.0792,0.0952,0.310344328,1833
k831,0.0,0.0263,0.0,0.0,0.0,0.0667,0.0,0.0,0.0,0.466693692,2721
k2812,0.0,0.0,0.1,0.0,0.0,0.1,0.0,0.158757243,0.0238,0.282770464,2969
k448,0.0,0.0,0.15,0.0,0.0641,0.166666667,0.0588,0.0792,0.0,0.270190302,2301
k1131,0.0833,0.0,0.0,0.0,0.0,0.1,0.0,0.0,0.119047619,0.338699141,2750
k1053,0.0,0.0526,0.0,0.31981463,0.0,0.166666667,0.0588,0.228937481,0.119047619,0.0928,1522
k51,0.0,0.0526,0.0,0.0,0.195128745,0.2,0.147058824,0.203986817,0.0,0.567326297,2709
k1537,0.0,0.0263,0.1,0.0,0.0173,0.133333333,0.0,0.0,0.0,0.274893646,2102
k2623,0.0,0.289473684,0.0,0.0,0.0,0.333333333,0.411764706,0.0,0.0,0.811427953,1074
k2673,0.0,0.0526,0.0,0.0,0.117776092,0.1,0.0,0.103207611,0.0,0.463518776,949
k1184,0.0,0.0,0.0,0.0,0.0745,0.166666667,0.0588,0.331224788,0.0476,0.280183279,1238
k573,0.0833,0.0,0.0,0.0,0.00444,0.0667,0.0,0.0,0.0476,0.391112217,257
k2869,0.0,0.0526,0.0,0.0,0.181637998,0.1,0.0,0.172026028,0.0,0.160006027,318
k1793,0.0,0.0,0.0,0.0,0.0449,0.0333,0.0,0.0524,0.0952,0.297280019,306
k3254,0.0,0.0,0.5,0.0,0.0,0.3,0.0,0.674604829,0.19047619,0.354948241,1373
k917,0.0,0.0,0.15,0.0,0.0,0.0333,0.0,0.0805,0.0,0.321150313,2690
k3363,0.0,0.0526,0.05,0.0,0.0685,0.133333333,0.0,0.0606,0.0238,0.310484493,1897
k1297,0.0,0.0,0.0,0.0,0.0,0.0333,0.0,0.336697925,0.404761905,0.301772969,208
k3296,0.0833,0.0,0.0,0.0,0.0,0.0667,0.0,0.095,0.0714,0.306386544,2858
k1748,0.0,0.0,0.0,0.0,0.0,0.0333,0.0,0.0,0.0,0.309777787,493
k947,0.0,0.0,0.0,0.0,0.0,0.1,0.0,0.0,0.0,0.267301244,1525
k2562,0.0,0.0,0.0,0.0,0.0,0.0,0.0,0.0,0.0714,0.335908605,3034
k2534,0.0833,0.0263,0.0,0.0,0.0,0.1,0.0294,0.0,0.0,0.399168209,892
k504,0.0,0.0263,0.1,0.0,0.0641,0.133333333,0.0,0.0,0.0,0.220518233,2239
k1043,0.0,0.0263,0.1,0.0,0.0734,0.133333333,0.0,0.0448,0.0,0.142395208,1634
k2807,0.0,0.0,0.0,0.0,0.0,0.1,0.0294,0.0,0.0476,0.21101089,1321
k1665,0.0,0.0,0.1,0.395849425,0.0,0.0333,0.0,0.0,0.0714,0.374176033,525
k1143,0.0,0.0,0.05,0.379464908,0.0,0.0333,0.0,0.0,0.0476,0.295526429,562
k3022,0.0,0.0,0.3,0.0,0.0,0.2,0.0,0.386332884,0.0,0.356509059,1514
k3016,0.0,0.0263,0.05,0.0,0.0173,0.0667,0.0,0.0,0.0238,0.290537549,2926
k661,0.0,0.0,0.2,0.0,0.0589,0.0,0.0,0.0,0.0,0.294980756,1202
k216,0.0,0.0,0.0,0.0,0.0,0.0667,0.0,0.0234,0.0,0.303097465,100
k1302,0.0833,0.0263,0.0,0.0,0.0,0.1,0.0,0.0,0.0476,0.488500102,698
k2532,0.0,0.0526,0.0,0.0,0.0,0.1,0.0294,0.0,0.0,0.144880715,773
k1465,0.0,0.0,0.1,0.0,0.0,0.133333333,0.0588,0.0513,0.0,0.310411766,1585
k279,0.0,0.0263,0.0,0.0,0.127723812,0.0667,0.0,0.0792,0.0,0.0928,2697
k2573,0.0,0.0,0.05,0.0,0.0,0.0,0.0,0.0117,0.0,0.317263141,3363
k3000,0.0,0.0,0.15,0.0,0.0458,0.133333333,0.0,0.0539,0.0,0.273914937,2641
k1913,0.0,0.0,0.1,0.567456348,0.0461,0.0333,0.0,0.2448358,0.0714,0.299676061,471
k956,0.0,0.0263,0.0,0.0,0.167819403,0.166666667,0.0,0.141121548,0.0238,0.215394265,2844
k3155,0.0,0.0263,0.0,0.0,0.179274755,0.2,0.0,0.141121548,0.0238,0.215391065,3112
k117,0.0,0.0,0.1,0.0,0.0294,0.0667,0.0294,0.0,0.0,0.381679475,3143
k3211,0.0,0.0263,0.05,0.0,0.0173,0.133333333,0.0,0.0,0.0476,0.255004213,3336
k1183,0.0,0.0,0.1,0.0,0.0,0.0667,0.0,0.158757243,0.0714,0.281328559,1779
k3283,0.0,0.0526,0.0,0.0,0.0933,0.1,0.0,0.0606,0.0,0.155888907,615
k854,0.0,0.0,0.0,0.0,0.0,0.0333,0.0,0.0,0.0,0.328815483,460
k2254,0.0,0.0,0.0,0.61886372,0.0,0.1,0.0294,0.0524,0.119047619,0.280509577,796
k674,0.0,0.0263,0.05,0.0,0.0173,0.1,0.0,0.0,0.0,0.227743637,303
k2855,0.0,0.0,0.0,0.0,0.0,0.133333333,0.0,0.263474471,0.0,0.152691955,666
k414,0.0,0.0,0.0,0.0,0.131266828,0.166666667,0.235294118,0.167129213,0.0,0.680393371,944
k3345,0.0,0.0,0.3,0.0,0.0,0.2,0.0,0.476271696,0.119047619,0.28091855,2294
k1892,0.0,0.0,0.0,0.0,0.0,0.0333,0.0,0.0,0.0714,0.316168568,60
k303,0.0,0.0263,0.0,0.0,0.233351961,0.2,0.147058824,0.161066062,0.0,0.0928,1105
k1248,0.0,0.0,0.0,0.0,0.0,0.133333333,0.0588,0.0,0.0476,0.292570442,678
k486,0.333333333,0.0263,0.05,0.0,0.122739401,0.266666667,0.0294,0.0657,0.261904762,0.273914502,3391
k2480,0.0,0.0,0.0,0.0,0.137861258,0.133333333,0.0,0.311165286,0.0,0.0928,199
k1538,0.0,0.0,0.0,0.0,0.116628435,0.1,0.0,0.548917101,0.0714,0.351297308,1229
k1078,0.0833,0.0,0.0,0.0,0.0,0.0667,0.0,0.0,0.0476,0.390237133,3146
k2919,0.0833,0.0263,0.0,0.0,0.0639,0.1,0.0,0.21044661,0.0476,0.397667838,1926
k1060,0.0,0.0,0.0,0.0,0.117776092,0.166666667,0.0294,0.103207611,0.0,0.104876289,1294
k1739,0.0,0.0,0.0,0.0,0.0,0.0333,0.0,0.0,0.0476,0.280028448,599
k2177,0.0,0.0,0.0,0.387695152,0.0933,0.166666667,0.0882,0.142103969,0.0952,0.0928,71
k3350,0.0,0.0,0.0,0.390278182,0.0,0.0333,0.0,0.0,0.0952,0.188433811,1174
k2956,0.0,0.0,0.3,0.525735341,0.0,0.133333333,0.0,0.429792372,0.119047619,0.301772969,1469
k2253,0.0,0.0,0.2,0.0,0.0,0.1,0.0,0.158757243,0.0476,0.274324408,1400
k3121,0.0,0.0,0.2,0.0,0.0,0.133333333,0.0,0.317514491,0.142857143,0.340987544,2106
k291,0.0,0.0263,0.0,0.0,0.0641,0.133333333,0.0,0.0,0.0,0.239245784,1205
k1798,0.0,0.0,0.0,0.0,0.0,0.0667,0.0,0.0,0.0,0.286766759,576
k1823,0.0,0.0,0.2,0.0,0.0,0.1,0.0,0.0792,0.0476,0.31648743,1315
k2410,0.0,0.0,0.3,0.0,0.0,0.266666667,0.264705882,0.476271696,0.0238,0.293417303,2977
k256,0.0,0.0263,0.0,0.0,0.0,0.0667,0.0,0.0,0.0,0.353318751,413
k2285,0.166666667,0.0,0.2,0.0,0.0,0.2,0.117647059,0.0792,0.0,0.386082761,872
k3389,0.0,0.0,0.0,0.0,0.122739401,0.1,0.0,0.0805,0.0,0.0928,2677
k95,0.0,0.0526,0.0,0.0,0.162870581,0.166666667,0.0294,0.149351441,0.0,0.245181718,2473
k2482,0.0,0.0,0.1,0.0,0.0294,0.0667,0.0,0.0805,0.0,0.272645817,2921
k2795,0.0,0.0263,0.2,0.0,0.0,0.133333333,0.0,0.158757243,0.119047619,0.278073499,2193
k2560,0.0,0.0,0.0,0.0,0.0,0.0333,0.0,0.0,0.0,0.283547492,3424
k444,0.0,0.0,0.2,0.0,0.0,0.133333333,0.0,0.317514491,0.142857143,0.363472885,2753
k289,0.0,0.0,0.0,0.0,0.0,0.0333,0.0,0.0,0.0,0.301369214,585
k2495,0.0,0.0526,0.0,0.0,0.276761313,0.266666667,0.0294,0.405656285,0.0238,0.187419331,2723
k2374,0.0,0.0,0.1,0.0,0.0,0.166666667,0.0882,0.158757243,0.0476,0.249590926,957
k2913,0.166666667,0.0,0.05,0.474277321,0.0745,0.2,0.0588,0.298738314,0.166666667,0.387387986,399
k457,0.0,0.0263,0.0,0.0,0.0639,0.133333333,0.0,0.0606,0.0,0.27485417,2746
k795,0.0,0.0,0.0,0.0,0.0178,0.133333333,0.0,0.0473,0.0952,0.278816414,1764
k3243,0.0,0.0,0.05,0.0,0.0449,0.0667,0.0,0.168348963,0.0952,0.35920155,1731
k2652,0.0,0.0,0.2,0.0,0.0,0.133333333,0.0588,0.0792,0.0952,0.30808369,2890
k126,0.0,0.0,0.0,0.0,0.0,0.0333,0.0,0.0,0.0714,0.347453418,2730
k1174,0.0,0.0,0.0,0.361079808,0.0641,0.1,0.0294,0.0,0.0,0.0928,1165
k1325,0.0,0.0,0.05,0.0,0.0685,0.0333,0.0,0.0,0.0476,0.332356703,248
k682,0.0,0.0263,0.1,0.0,0.0641,0.0667,0.0,0.0,0.0238,0.272803438,966
k1821,0.0,0.0,0.0,0.0,0.0244,0.0667,0.0,0.095,0.0714,0.306231776,1458
k1223,0.0,0.0,0.0,0.0,0.0,0.0667,0.0,0.0,0.0238,0.339979898,2300
k179,0.0,0.0,0.2,0.0,0.0468,0.1,0.0,0.198333124,0.0238,0.301772969,513
k2275,0.0,0.0,0.0,0.0,0.0,0.0333,0.0,0.0,0.0714,0.28135229,1428
k3060,0.0,0.0,0.15,0.540967623,0.0,0.1,0.0588,0.0837,0.261904762,0.218943156,2564
k3130,0.0833,0.0,0.0,0.0,0.0639,0.1,0.0,0.21044661,0.0476,0.297617685,1705
k475,0.0,0.157894737,0.0,0.0,0.279901951,0.333333333,0.0,0.241599087,0.0,0.0928,2739
k585,0.0,0.0263,0.1,0.0,0.0294,0.1,0.0294,0.0805,0.0,0.275245168,691
k1058,0.0,0.0,0.0,0.0,0.0556,0.0667,0.0294,0.0,0.0714,0.274137123,1276
k1407,0.0,0.184210526,0.1,0.0,0.817733671,0.833333333,0.264705882,1.0,0.880952381,0.18915855,807
k685,0.0,0.0,0.05,0.0,0.0,0.0667,0.0,0.0396,0.0,0.289591916,3074
k1833,0.0,0.0,0.1,0.0,0.0,0.1,0.0,0.0504,0.0,0.302223305,2369
k2934,0.0,0.0,0.0,0.0,0.0,0.1,0.0294,0.0,0.0,0.248523601,970
k2719,0.0,0.0263,0.0,0.0,0.0985,0.233333333,0.0294,0.0688,0.0,0.154979386,2664
k1834,0.0,0.0,0.0,0.0,0.0,0.0667,0.0,0.0,0.0238,0.301772969,1936
k2904,0.0,0.0263,0.0,0.350367829,0.0,0.0667,0.0,0.0,0.0714,0.283748022,1225
k1896,0.0,0.0789,0.25,0.0,0.220278077,0.4,0.147058824,0.228503212,0.0238,0.157385478,1692
k3356,0.0,0.0,0.0,0.0,0.0,0.0333,0.0,0.0,0.0,0.253279903,2350
k364,0.0,0.0,0.1,0.0,0.0,0.1,0.0,0.158757243,0.0714,0.282565994,289
k121,0.0833,0.0,0.2,0.0,0.0,0.1,0.0,0.158757243,0.0,0.417359728,2317
k696,0.0,0.0,0.05,0.0,0.221610231,0.2,0.0,0.229326127,0.0,0.239387982,2726
k1341,0.0,0.0,0.0,0.0,0.0,0.133333333,0.0,0.339454662,0.0952,0.301772969,1264
k687,0.0,0.0,0.3,0.0,0.0,0.2,0.0,0.476271696,0.166666667,0.332472328,1097
k2042,0.0,0.0,0.0,0.506071388,0.0898,0.0667,0.0,0.35417346,0.119047619,0.395792255,680
k1567,0.0,0.0526,0.0,0.0,0.0,0.133333333,0.0,0.0,0.142857143,0.338480927,1688
k2702,0.0,0.0,0.2,0.0,0.06,0.1,0.0,0.175869444,0.119047619,0.292851695,575
k792,0.0,0.0,0.15,0.0,0.023,0.1,0.0,0.0539,0.0,0.337128812,1636
k955,0.0,0.0,0.0,0.342922623,0.0,0.1,0.0882,0.0,0.0,0.0928,1726
k2549,0.0,0.0263,0.0,0.0,0.0294,0.133333333,0.0,0.351169274,0.0952,0.301772969,1163
k2850,0.0,0.0526,0.0,0.0,0.0639,0.1,0.0,0.0396,0.0,0.114005452,1691
k2794,0.0,0.0,0.1,0.0,0.0933,0.233333333,0.0588,0.149351441,0.0,0.0949,1261
k2434,0.0,0.0263,0.05,0.0,0.0639,0.1,0.0,0.0792,0.0,0.29320411,1557
k2774,0.0,0.0,0.0,0.0,0.0,0.0333,0.0,0.0,0.0,0.325341204,2056
k1822,0.0,0.0,0.0,0.0,0.0,0.0333,0.0,0.0,0.0,0.281189338,3100
k541,0.0,0.0526,0.0,0.0,0.0745,0.133333333,0.0,0.0688,0.0476,0.242627142,2142
k1957,0.0833,0.0,0.0,0.0,0.0,0.0667,0.0,0.0,0.0,0.429344328,1487
k3361,0.0,0.0526,0.2,0.0,0.0745,0.233333333,0.0,0.386332884,0.0714,0.331095828,696
k1412,0.0,0.0263,0.0,0.0,0.117776092,0.0667,0.0,0.103207611,0.0,0.375773391,3103
k641,0.0,0.0,0.1,0.367410765,0.0,0.133333333,0.0,0.0,0.0238,0.268748771,240
k1500,0.0,0.0263,0.2,0.0,0.0814,0.2,0.0294,0.492411938,0.30952381,0.255421649,1130
k300,0.0,0.0,0.0,0.0,0.0,0.0,0.0,0.0,0.0,0.317337942,2326
k1639,0.0,0.0789,0.25,0.0,0.516781141,0.5,0.117647059,0.405715898,0.0476,0.151206296,1011
k3245,0.0,0.0,0.0,0.0,0.11061255,0.166666667,0.0588,0.351169274,0.0238,0.251151382,1892
k2982,0.0,0.0,0.0,0.0,0.0,0.0,0.0,0.0,0.0,0.400893141,3130
k2536,0.0,0.0,0.3,0.0,0.0,0.166666667,0.0,0.360025769,0.0714,0.297720615,2518
k3153,0.0,0.0,0.0,0.0,0.0762,0.0333,0.0,0.0,0.0,0.165454496,674
k3295,0.0,0.0,0.0,0.0,0.0,0.1,0.0294,0.0,0.0,0.237745071,481
k2944,0.0,0.0,0.4,0.0,0.0,0.266666667,0.0588,0.396666252,0.0952,0.290800724,1477
k235,0.0,0.0789,0.0,0.0,0.10594828,0.133333333,0.0588,0.0805,0.0,0.167621899,174
k2404,0.0,0.0,0.1,0.517492435,0.0,0.0333,0.0,0.0,0.0476,0.301772969,1226
k2259,0.0,0.0,0.1,0.0,0.0,0.0667,0.0,0.158757243,0.0476,0.384104683,571
k988,0.0,0.0,0.0,0.0,0.0449,0.0,0.0,0.0,0.0952,0.331991157,2923
k2296,0.0833,0.0,0.3,0.496207757,0.0639,0.333333333,0.0294,0.378103005,0.238095238,0.21478049,2219
k912,0.0,0.0,0.05,0.0,0.0,0.1,0.0588,0.0734,0.142857143,0.219656911,22
k2750,0.0,0.0,0.0,0.0,0.0468,0.0,0.0,0.0,0.0,0.29178105,3094
k2918,0.0,0.0,0.1,0.0,0.0449,0.1,0.0588,0.158757243,0.0952,0.371700957,85
k2139,0.0,0.0,0.1,0.0,0.0,0.0333,0.0,0.0396,0.0,0.294303474,630
k1988,0.0,0.0,0.1,0.0,0.0,0.133333333,0.0,0.150419545,0.0952,0.301772969,1211
k217,0.0,0.0,0.1,0.0,0.0401,0.0667,0.0,0.101545657,0.119047619,0.301772969,1415
k1704,0.0,0.0,0.15,0.519328412,0.0,0.0,0.0,0.0,0.0476,0.301772969,340
k2828,0.0,0.0,0.0,0.0,0.0,0.133333333,0.0294,0.0,0.0476,0.19171487,280
k759,0.0,0.0789,0.0,0.0,0.116119937,0.133333333,0.0882,0.149351441,0.0,0.332636224,1592
k630,0.0,0.0,0.2,0.0,0.0,0.133333333,0.0,0.317514491,0.119047619,0.331327504,3370
k1624,0.0,0.0,0.05,0.350253871,0.0,0.0667,0.0,0.0,0.0,0.282404431,347
k911,0.0,0.0789,0.0,0.0,0.0241,0.133333333,0.0588,0.0,0.0,0.461380702,1429
k954,0.0,0.0,0.0,0.0,0.0,0.0333,0.0,0.0,0.119047619,0.324233262,3348
k3202,0.0,0.0,0.0,0.342036289,0.147214844,0.133333333,0.0588,0.204753278,0.142857143,0.287884066,1203
k3102,0.0,0.0,0.0,0.495549337,0.0898,0.0333,0.0,0.336697925,0.0,0.355202683,1438
k1811,0.0,0.0,0.0,0.0,0.0,0.0333,0.0,0.0,0.0,0.396091991,977
k200,0.0,0.0,0.0,0.0,0.0,0.0333,0.0,0.0,0.0,0.311510031,336
k3239,0.0,0.0,0.0,0.0,0.0,0.0,0.0,0.0,0.119047619,0.354856647,3215
k847,0.0,0.0,0.05,0.0,0.0639,0.1,0.0,0.0606,0.0714,0.302101342,929
k2014,0.0,0.0,0.05,0.0,0.0933,0.0667,0.0,0.0805,0.0,0.292745135,3262
k2406,0.0,0.0,0.0,0.0,0.0639,0.0667,0.0,0.103207611,0.0,0.170219666,2705
k719,0.0,0.105263158,0.0,0.0,0.0774,0.133333333,0.0,0.0715,0.0,0.309963142,3377
k3392,0.0,0.0,0.05,0.0,0.0244,0.0333,0.0,0.0,0.0,0.354573143,2320
k2829,0.0,0.0,0.0,0.0,0.0,0.1,0.0,0.0,0.0,0.262052518,1768
k2237,0.0,0.0,0.0,0.296326779,0.202242568,0.266666667,0.0882,0.189995445,0.0952,0.161735533,1744
k3342,0.0,0.0526,0.0,0.0,0.0126,0.1,0.0294,0.0,0.0,0.506984845,186
k2383,0.0,0.0,0.15,0.0,0.0294,0.1,0.0,0.158757243,0.0238,0.237296052,3080
k2760,0.0,0.0263,0.1,0.0,0.0,0.133333333,0.0,0.158757243,0.0,0.243566614,2879
k2660,0.0,0.0,0.0,0.403307292,0.0173,0.133333333,0.0294,0.195530694,0.119047619,0.296094485,2983
k3344,0.0,0.0263,0.0,0.0,0.0933,0.1,0.0,0.0805,0.0,0.279250269,1544
k2397,0.0,0.0263,0.0,0.0,0.0449,0.1,0.0294,0.0,0.0476,0.297347944,1405
k1063,0.0,0.0,0.0,0.0,0.0639,0.1,0.0,0.0606,0.0,0.240548073,775
k158,0.0,0.0,0.1,0.0,0.0,0.1,0.0,0.158757243,0.0238,0.204087775,424
k2102,0.0,0.0263,0.0,0.290628917,0.0685,0.133333333,0.0882,0.0295,0.0,0.0928,2757
k720,0.0833,0.0,0.1,0.0,0.123910947,0.133333333,0.0,0.175869444,0.0714,0.301772969,2789
k1466,0.0,0.0,0.2,0.0,0.0,0.133333333,0.0,0.317514491,0.0476,0.324397698,44
k1289,0.0,0.210526316,0.0,0.494207174,0.0,0.266666667,0.0,0.104717232,0.0952,0.167861718,649
k185,0.0,0.0,0.05,0.0,0.0468,0.0,0.0,0.109266467,0.0,0.290739302,1909
k833,0.0,0.0,0.05,0.346987098,0.0,0.0667,0.0,0.0,0.0,0.283130876,466
k431,0.0,0.0263,0.2,0.0,0.0,0.2,0.0588,0.317514491,0.0238,0.254136047,2526
k208,0.0,0.0,0.55,0.512250402,0.023,0.266666667,0.0882,0.122684642,0.238095238,0.340178955,2368
k2187,0.0,0.0263,0.15,0.0,0.185152103,0.133333333,0.0,0.282977483,0.0,0.301772969,1483
k942,0.0,0.0263,0.0,0.0,0.0,0.1,0.0294,0.0,0.0476,0.313272395,2819
k2053,0.0,0.0263,0.0,0.0,0.0,0.0667,0.0,0.336697925,0.404761905,0.301772969,3204
k170,0.0,0.0,0.0,0.0,0.255447624,0.333333333,0.176470588,0.158303524,0.0,0.0928,2840
k114,0.0,0.0,0.05,0.0,0.0,0.0333,0.0,0.0,0.0,0.289968953,964
k711,0.0,0.0,0.2,0.0,0.0,0.133333333,0.0,0.317514491,0.0714,0.349226537,446
k177,0.0,0.0,0.4,0.0,0.023,0.266666667,0.0588,0.371380702,0.0714,0.303277738,91
k2564,0.0,0.0263,0.05,0.0,0.0173,0.0667,0.0,0.0,0.0,0.279826819,1269
k3194,0.0,0.0,0.05,0.0,0.0504,0.1,0.0,0.0773,0.0,0.300542609,2557
k1716,0.0,0.0526,0.0,0.0,0.168617894,0.166666667,0.0294,0.141121548,0.0238,0.178267058,768
k227,0.0,0.0,0.0,0.0,0.0,0.0,0.0,0.0,0.0,0.278975425,769
k2263,0.0,0.0,0.0,0.0,0.117776092,0.1,0.0588,0.135168405,0.0,0.576658992,2724
k985,0.0,0.0526,0.0,0.0,0.167452801,0.2,0.0588,0.194548273,0.19047619,0.279210762,1393
k1596,0.0,0.0,0.0,0.352419059,0.221225102,0.233333333,0.117647059,0.161066062,0.0952,0.0928,2325
k1180,0.0,0.0,0.0,0.0,0.0632,0.166666667,0.176470588,0.0539,0.0,0.0928,41
k3325,0.0,0.0,0.1,0.546184332,0.0921,0.0,0.0,0.336697925,0.523809524,0.28864116,2092
k516,0.0,0.0,0.0,0.0,0.344508566,0.266666667,0.0882,0.333092076,0.0,0.141800939,1098
k1219,0.0,0.0263,0.1,0.0,0.0,0.0667,0.0,0.0,0.0,0.283934186,810
k2955,0.0,0.0263,0.0,0.0,0.142461406,0.166666667,0.0588,0.331551266,0.119047619,0.168730308,1615
k1860,0.0,0.0,0.1,0.0,0.0449,0.1,0.0,0.0792,0.166666667,0.254881472,3044
k966,0.0,0.0,0.0,0.298871823,0.0639,0.133333333,0.0,0.0688,0.0,0.143853659,1417
k1651,0.0,0.0526,0.0,0.0,0.0753,0.1,0.0,0.0606,0.0,0.301772969,1565
k3075,0.0,0.105263158,0.0,0.0,0.0107,0.133333333,0.0,0.158757243,0.0,0.0928,1113
k1990,0.0,0.0,0.15,0.479709282,0.127723812,0.2,0.0,0.429792372,0.0714,0.214372217,2287
k3193,0.0,0.0,0.1,0.0,0.0,0.1,0.0,0.158757243,0.0714,0.32932638,407
k1042,0.0,0.0,0.05,0.0,0.0639,0.1,0.0,0.1001644,0.0238,0.297008338,1604
k2645,0.166666667,0.0263,0.1,0.0,0.0,0.166666667,0.0882,0.0688,0.0,0.521296141,414
k2861,0.0,0.0,0.0,0.0,0.0,0.133333333,0.0,0.0,0.0952,0.365762274,2020
k662,0.0833,0.0,0.0,0.0,0.0,0.0667,0.0,0.149858091,0.0238,0.381418779,684
k2367,0.0,0.0,0.0,0.0,0.117776092,0.0667,0.0294,0.103207611,0.0,0.223187665,2699
k1435,0.0,0.0,0.0,0.0,0.255447624,0.266666667,0.0,0.275273629,0.0,0.170524737,3023
k3011,0.0,0.0526,0.05,0.0,0.138380662,0.166666667,0.0,0.129406921,0.0714,0.225537212,33
k1767,0.0,0.0789,0.1,0.0,0.0,0.133333333,0.0588,0.0792,0.0,0.430587332,1352
k1299,0.0,0.0526,0.05,0.0,0.132385582,0.1,0.0294,0.0606,0.0238,0.287181239,1494
k3031,0.0,0.0,0.05,0.0,0.0,0.0333,0.0,0.175510747,0.0238,0.321852062,334
k492,0.166666667,0.0,0.25,0.492776378,0.0761,0.2,0.0294,0.492466867,0.261904762,0.337571959,706
k1531,0.0,0.0526,0.0,0.0,0.03,0.166666667,0.0,0.345130561,0.0238,0.0928,1696
k2321,0.0,0.0,0.0,0.307950416,0.0,0.0667,0.0,0.109266467,0.0,0.224268297,843
k164,0.0,0.0,0.05,0.0,0.0449,0.1,0.0,0.0,0.166666667,0.281187782,772
k1706,0.0,0.0,0.0,0.463831242,0.0178,0.166666667,0.0,0.170424183,0.30952381,0.301772969,935
k1467,0.0,0.0,0.05,0.0,0.0,0.0333,0.0,0.0,0.0,0.284656896,2075
k507,0.0,0.0,0.1,0.0,0.0,0.1,0.0,0.0606,0.142857143,0.278101877,987
k458,0.0,0.0526,0.0,0.370183724,0.0685,0.1,0.0294,0.0313,0.0,0.135657954,421
k1348,0.0833,0.0,0.05,0.0,0.0294,0.0667,0.0,0.0,0.0,0.279577055,1278
k3215,0.0,0.0526,0.0,0.0,0.205277086,0.166666667,0.0588,0.188927312,0.0,0.322249024,559
k3033,0.0,0.0263,0.1,0.0,0.185152103,0.0667,0.0,0.124220244,0.0238,0.301772969,255
k313,0.0,0.0,0.1,0.0,0.0,0.0667,0.0,0.158757243,0.0476,0.369689886,2563
k625,0.0,0.0526,0.0,0.319054915,0.0,0.166666667,0.0882,0.0816,0.0,0.0928,1155
k42,0.0,0.0,0.1,0.0,0.0523,0.1,0.0588,0.12010891,0.0,0.294804548,1560
k1782,0.0,0.0,0.0,0.0,0.235552185,0.1,0.0294,0.206415218,0.0,0.124566176,2405
k1437,0.0,0.0,0.1,0.0,0.0,0.0667,0.0,0.158757243,0.0714,0.33820485,2204
k88,0.0,0.0263,0.0,0.0,0.0,0.1,0.0,0.121177023,0.0,0.178508496,2437
k1711,0.0,0.0,0.0,0.0,0.0,0.0,0.0,0.0,0.0,0.348111532,1760
k2403,0.0,0.0526,0.2,0.0,0.0,0.166666667,0.0588,0.0792,0.0,0.247475183,2443
k2463,0.0,0.0,0.0,0.0,0.157162553,0.1,0.0294,0.110497754,0.0952,0.278013675,2260
k786,0.0,0.0,0.0,0.398609722,0.0812,0.133333333,0.0294,0.203760592,0.0952,0.213808432,3238
k2748,0.0,0.105263158,0.25,0.0,0.190839334,0.366666667,0.0882,0.187546055,0.0238,0.187419331,2298
k2128,0.0,0.0,0.1,0.0,0.0,0.1,0.0,0.158757243,0.0714,0.302964539,962
k1213,0.0,0.0,0.05,0.0,0.0504,0.1,0.0,0.0773,0.0,0.309003341,3135
k969,0.0,0.0,0.05,0.0,0.0539,0.0333,0.0,0.103207611,0.0,0.340544334,3059
k1505,0.0833,0.0,0.0,0.416311078,0.0173,0.1,0.0,0.388069947,0.142857143,0.299666498,1791
k841,0.0,0.0526,0.0,0.0,0.0294,0.2,0.0882,0.351169274,0.0,0.353900041,2047
k2970,0.0,0.0263,0.0,0.0,0.117776092,0.0667,0.0,0.103207611,0.0,0.349662715,2448
k802,0.0,0.0,0.1,0.0,0.0,0.133333333,0.0,0.253734952,0.0952,0.303267522,2143
k3409,0.0,0.0263,0.15,0.341276574,0.0975,0.2,0.0294,0.219345762,0.0476,0.205800852,1750
k3372,0.0,0.0263,0.0,0.0,0.0933,0.0667,0.0,0.0606,0.0238,0.255754523,1506
k87,0.0,0.0,0.0,0.0,0.0639,0.133333333,0.0,0.392829012,0.0476,0.351156687,3212
k1163,0.0,0.0,0.2,0.0,0.127723812,0.2,0.0,0.319823305,0.0952,0.271539587,3065
k332,0.0,0.0,0.0,0.0,0.0,0.0333,0.0,0.0,0.0,0.392594561,1620
k1332,0.0,0.0,0.1,0.0,0.0,0.166666667,0.0,0.158757243,0.0476,0.186456885,3355
k333,0.0,0.0,0.0,0.512718893,0.0898,0.0667,0.0,0.336697925,0.0952,0.227675533,2337
k1678,0.0,0.0526,0.0,0.470656014,0.0367,0.133333333,0.0,0.0,0.0,0.103492434,822
k2196,0.0,0.0,0.0,0.315306988,0.0,0.166666667,0.0882,0.232128483,0.119047619,0.181200934,1124
k2634,0.0,0.0,0.0,0.313306406,0.0,0.133333333,0.0294,0.0816,0.0238,0.382916796,3293
k2475,0.0,0.0,0.1,0.0,0.0449,0.133333333,0.0588,0.158757243,0.0476,0.288306107,3406
k1067,0.0,0.0263,0.1,0.0,0.0639,0.133333333,0.0,0.139740281,0.0714,0.291858663,1962
k3352,0.0,0.0,0.05,0.0,0.0,0.0333,0.0,0.0,0.0,0.306520051,937
k1670,0.0,0.0263,0.1,0.0,0.0,0.166666667,0.0882,0.0396,0.0,0.248152019,1655
k77,0.0,0.0,0.0,0.0,0.0935,0.0667,0.0,0.0,0.0,0.0928,1842
k1193,0.0,0.0,0.1,0.0,0.0,0.1,0.0,0.158757243,0.0476,0.294071145,2050
k1492,0.0,0.0,0.1,0.0,0.0294,0.0,0.0,0.0,0.0,0.319494862,2655
k2965,0.0,0.0,0.1,0.0,0.0,0.166666667,0.0,0.523933704,0.166666667,0.301772969,1079
k315,0.0,0.0,0.0,0.366030617,0.0,0.0333,0.0,0.0,0.0,0.191621666,402
k1718,0.0,0.0789,0.0,0.0,0.0933,0.133333333,0.0588,0.175510747,0.0238,0.0928,2861
k1227,0.0833,0.0,0.0,0.0,0.0,0.0667,0.0,0.0,0.0476,0.391630643,858
k286,0.166666667,0.0,0.0,0.0,0.0,0.133333333,0.0588,0.0,0.0476,0.50980883,1635
k184,0.0,0.0,0.0,0.0,0.0,0.0333,0.0,0.0734,0.19047619,0.301772969,813
k2227,0.0,0.0263,0.1,0.0,0.0,0.133333333,0.0,0.158757243,0.0,0.267539952,2507
k701,0.0,0.0,0.1,0.0,0.0,0.133333333,0.0,0.100779201,0.0,0.311182996,2097
k2752,0.0833,0.0,0.0,0.0,0.0,0.133333333,0.0,0.219345762,0.0,0.429728481,1721
k2322,0.0,0.0,0.2,0.0,0.0,0.133333333,0.0294,0.0792,0.0476,0.29240081,1175
k1867,0.0,0.0263,0.0,0.0,0.0,0.133333333,0.0294,0.0,0.0714,0.229373982,1328
k1773,0.0,0.0,0.0,0.0,0.0,0.1,0.0294,0.0,0.0476,0.22227817,755
k945,0.0,0.0526,0.0,0.0,0.127723812,0.2,0.264705882,0.153137822,0.0,0.680393371,803
k2740,0.0,0.0,0.05,0.0,0.0639,0.133333333,0.0588,0.234124154,0.166666667,0.280204074,118
k531,0.0,0.0,0.0,0.0,0.0,0.266666667,0.705882353,0.665781138,0.0,0.0,860
k2305,0.0,0.0,0.3,0.0,0.0458,0.166666667,0.0,0.212623473,0.0238,0.301772969,3084
k2235,0.0,0.0,0.0,0.0,0.0,0.0,0.0,0.0,0.0,0.312002424,903
k576,0.25,0.0,0.0,0.0,0.116628435,0.133333333,0.0882,0.135934866,0.0,0.554975529,916
k3382,0.0,0.0,0.15,0.0,0.0,0.1,0.0,0.198333124,0.0238,0.301772969,1664
k2806,0.0,0.0263,0.0,0.0,0.0933,0.166666667,0.0,0.184808754,0.0238,0.163795331,1994
k750,0.0,0.0,0.0,0.0,0.0,0.0333,0.0,0.0,0.0238,0.301772969,2189
k1278,0.0,0.0,0.0,0.0,0.0,0.133333333,0.0,0.0,0.0,0.204577576,2978
k3327,0.0,0.0,0.0,0.0,0.0,0.0667,0.0294,0.0,0.0,0.210864853,1977
k927,0.0,0.0,0.0,0.0,0.0,0.0333,0.0,0.0616,0.0,0.36042353,2804
k237,0.0,0.0,0.2,0.0,0.0,0.133333333,0.0,0.317514491,0.19047619,0.345749261,1901
k248,0.0,0.0,0.05,0.0,0.0294,0.0,0.0,0.0,0.0,0.297061629,2802
k1743,0.0,0.0,0.1,0.0,0.0,0.1,0.0,0.158757243,0.0,0.263804136,2023
k3141,0.0,0.0,0.05,0.354850146,0.0,0.1,0.0,0.0,0.0,0.244661601,2014
k1038,0.0,0.0,0.25,0.0,0.0685,0.2,0.0882,0.317514491,0.0238,0.333409435,2208
k3391,0.0,0.0263,0.1,0.529673196,0.0,0.133333333,0.0294,0.0,0.119047619,0.278131457,549
k1404,0.0,0.0,0.0,0.0,0.0,0.0333,0.0,0.0,0.0,0.280323714,3068
k3176,0.0,0.0,0.0,0.0,0.0,0.0333,0.0,0.0,0.0238,0.301772969,3371
k488,0.0,0.0,0.0,0.0,0.0,0.0333,0.0,0.0,0.0,0.291562298,582
k663,0.0,0.0263,0.1,0.0,0.0,0.133333333,0.0,0.158757243,0.0238,0.249397689,3269
k3191,0.0,0.0,0.15,0.0,0.0,0.1,0.0,0.253734952,0.0476,0.339601066,782
k2722,0.0833,0.0,0.1,0.0,0.0,0.133333333,0.0294,0.0,0.285714286,0.290581505,2685
k2791,0.0,0.0263,0.0,0.0,0.0,0.0667,0.0,0.0,0.0,0.359426516,1805
k509,0.0,0.0,0.0,0.0,0.209420587,0.1,0.0294,0.229884474,0.0,0.251992528,2683
k535,0.0,0.0263,0.1,0.0,0.0,0.133333333,0.0588,0.158757243,0.0,0.264419685,36
k2022,0.0,0.0526,0.0,0.0,0.267775124,0.333333333,0.117647059,0.180697419,0.0476,0.130697848,945
k1848,0.0,0.0,0.05,0.0,0.0,0.1,0.0,0.0606,0.0952,0.286271254,2607
k1765,0.0,0.0,0.05,0.0,0.0,0.0667,0.0,0.0616,0.119047619,0.362865531,2485
k712,0.0,0.0,0.0,0.351950568,0.0107,0.1,0.0294,0.0,0.0,0.16242545,298
k1606,0.0,0.0526,0.0,0.0,0.0745,0.133333333,0.0,0.0688,0.0238,0.338432211,1368
k1192,0.0,0.0,0.2,0.0,0.0,0.2,0.117647059,0.0792,0.0,0.236439815,2283
k2867,0.0,0.0,0.15,0.0,0.0,0.1,0.0,0.328612229,0.0238,0.39913924,1146
k392,0.0,0.0,0.0,0.291249351,0.0639,0.166666667,0.0588,0.150419545,0.0238,0.269271833,123
k1276,0.0,0.0263,0.0,0.0,0.0,0.1,0.0294,0.0,0.142857143,0.291498407,441
k7,0.0,0.0263,0.05,0.0,0.0734,0.1,0.0,0.00519,0.0,0.158797158,1595
k17,0.0,0.0526,0.0,0.0,0.0367,0.133333333,0.0,0.0,0.0,0.122646753,111
k2831,0.0,0.105263158,0.0,0.0,0.0762,0.133333333,0.0,0.0902,0.0,0.601781853,1231
k1526,0.0,0.0,0.0,0.0,0.0,0.0667,0.0,0.0,0.0238,0.311244014,686
k3407,0.0,0.0,0.0,0.341213265,0.0933,0.133333333,0.0,0.204753278,0.0476,0.221303183,243
k3119,0.0,0.0,0.1,0.0,0.117776092,0.1,0.0,0.261964845,0.0238,0.30338936,1729
k2769,0.0,0.0,0.0,0.39833116,0.109932291,0.1,0.0588,0.312592719,0.0238,0.349462124,1116
k2098,0.0,0.0,0.05,0.0,0.0,0.0667,0.0,0.0396,0.0,0.292667885,1170
k1321,0.0,0.0,0.0,0.0,0.174474455,0.2,0.0294,0.141121548,0.0714,0.243781104,2234
k1202,0.0,0.0526,0.0,0.0,0.03,0.133333333,0.0,0.199048253,0.0,0.382598909,372
k3128,0.0,0.0,0.0,0.0,0.127723812,0.133333333,0.0882,0.153137822,0.0,0.386811664,2334
k1141,0.0,0.0,0.1,0.569735493,0.0461,0.0333,0.0,0.2448358,0.0714,0.302084747,2747
k616,0.0,0.0,0.0,0.40064829,0.0685,0.0333,0.0,0.0313,0.0,0.217783857,1959
k3166,0.0,0.0263,0.0,0.0,0.0468,0.1,0.0,0.0,0.0,0.272299843,729
k1684,0.25,0.0526,0.1,0.0,0.0,0.166666667,0.0294,0.158757243,0.0,0.562677447,227
k115,0.0,0.0,0.0,0.0,0.0,0.0667,0.0,0.0,0.0714,0.298229375,1784
k1228,0.0,0.0,0.0,0.0,0.0,0.0,0.0,0.0,0.0,0.303716374,3398
k1880,0.0,0.0,0.1,0.0,0.0,0.0667,0.0,0.351234422,0.0,0.328214767,3079
k476,0.0,0.0,0.1,0.0,0.0,0.0333,0.0,0.0,0.0714,0.300131883,225
k828,0.0,0.0263,0.0,0.0,0.0933,0.1,0.0294,0.0805,0.0,0.457038299,1761
k1525,0.0,0.0,0.0,0.0,0.0639,0.1,0.0,0.0688,0.0,0.309058053,2777
k2104,0.0,0.0263,0.1,0.0,0.0641,0.0667,0.0,0.0,0.0952,0.283826692,1633
k1752,0.0,0.0263,0.05,0.0,0.249014019,0.133333333,0.0,0.19652338,0.0,0.298863842,1853
k1928,0.0,0.0,0.05,0.0,0.0639,0.133333333,0.0,0.173535654,0.166666667,0.270263662,3266
k2676,0.0,0.0263,0.0,0.0,0.233351961,0.166666667,0.0882,0.161066062,0.0,0.0928,2586
k814,0.0,0.0263,0.0,0.0,0.0468,0.1,0.0,0.0,0.0,0.265781426,3077
k58,0.0,0.0789,0.0,0.0,0.21457006,0.2,0.117647059,0.161066062,0.0476,0.105672173,3040
k1411,0.0,0.0263,0.0,0.402332325,0.103957507,0.2,0.0882,0.142103969,0.119047619,0.124358482,1599
k2032,0.0,0.0,0.1,0.520429999,0.0,0.0667,0.0294,0.0,0.0714,0.296332581,2077
k1186,0.0,0.0,0.1,0.0,0.0,0.0,0.0,0.0,0.0952,0.327274921,117
k1032,0.166666667,0.0263,0.1,0.0,0.0,0.133333333,0.0,0.158757243,0.0,0.509284408,203
k1493,0.0,0.0526,0.05,0.0,0.0,0.133333333,0.0294,0.0734,0.214285714,0.234808591,1970
k46,0.0,0.0526,0.05,0.0,0.132385582,0.1,0.0,0.0606,0.0,0.301772969,1382
k276,0.0,0.0263,0.0,0.0,0.0,0.0667,0.0,0.336697925,0.285714286,0.301772969,1938
k714,0.0,0.0,0.5,0.500208922,0.0,0.266666667,0.0,0.747306848,0.119047619,0.289860744,1702
k445,0.0,0.105263158,0.0,0.0,0.228388642,0.2,0.0588,0.154498109,0.0,0.138551655,2811
k1037,0.0,0.0,0.05,0.0,0.0,0.0667,0.0,0.0,0.0476,0.288364169,1291
k958,0.0,0.0263,0.0,0.0,0.0,0.1,0.0,0.0,0.0476,0.302834497,2246
k1307,0.0,0.0,0.2,0.0,0.0,0.166666667,0.0,0.421737836,0.0476,0.34646077,906
k1324,0.0,0.0,0.2,0.0,0.0762,0.1,0.0,0.239290267,0.0238,0.301772969,3345
k207,0.0,0.0,0.0,0.0,0.0,0.0667,0.0,0.0,0.0476,0.299607265,34
k2578,0.0,0.0,0.15,0.0,0.0,0.1,0.0,0.158757243,0.0714,0.334639474,876
k1960,0.0,0.0,0.25,0.0,0.0,0.166666667,0.0294,0.0792,0.0,0.211086319,475
k2021,0.0,0.0263,0.1,0.0,0.0,0.133333333,0.0,0.0734,0.214285714,0.187419331,888
k132,0.0,0.0,0.0,0.0,0.0,0.0667,0.0,0.0,0.0238,0.286736328,3210
k563,0.0,0.0,0.2,0.0,0.0523,0.166666667,0.0882,0.147970174,0.0,0.300803875,2417
k1817,0.0,0.0,0.0,0.0,0.0,0.0333,0.0,0.0,0.0,0.31983873,3295
k700,0.333333333,0.0526,0.0,0.0,0.0,0.2,0.0588,0.0,0.0476,0.592153447,2769
k1195,0.0,0.0,0.0,0.444673766,0.109932291,0.166666667,0.0,0.696838765,0.119047619,0.364909024,2316
k3082,0.0,0.157894737,0.0,0.0,0.0745,0.266666667,0.0882,0.100779201,0.0238,0.680393371,2465
k1154,0.0,0.0,0.0,0.0,0.0,0.0667,0.0,0.0,0.0952,0.301772969,3257
k2591,0.0,0.0,0.1,0.0,0.0,0.0667,0.0,0.158757243,0.0238,0.3067585,2898
k3287,0.0,0.0,0.05,0.0,0.0107,0.0,0.0,0.0,0.0476,0.29168091,2515
k2938,0.0,0.0,0.0,0.0,0.0641,0.0,0.0,0.0,0.0,0.283865078,1062
k1535,0.0,0.0,0.3,0.0,0.0,0.2,0.0588,0.147970174,0.0,0.326886558,2221
k3429,0.0,0.0,0.1,0.0,0.0449,0.1,0.0588,0.158757243,0.0476,0.287982174,2217
k2203,0.0,0.0,0.15,0.541132228,0.127723812,0.2,0.0,0.429792372,0.119047619,0.206273914,891
k529,0.0,0.0789,0.0,0.0,0.0367,0.133333333,0.0,0.0,0.0,0.0928,1788
k3064,0.0833,0.0,0.0,0.0,0.0,0.0333,0.0,0.0,0.0,0.410351884,761
k2255,0.0,0.0263,0.0,0.0,0.0,0.0667,0.0,0.0,0.0,0.118621707,1765
k1252,0.0833,0.0263,0.05,0.0,0.051,0.166666667,0.0,0.11629891,0.0,0.397188907,2749
k3195,0.0,0.0,0.05,0.0,0.0933,0.1,0.0,0.0805,0.0,0.278422014,614
k621,0.0,0.0,0.1,0.0,0.0,0.0667,0.0,0.158757243,0.0476,0.310980506,258
k3041,0.0,0.0,0.0,0.0,0.0,0.1,0.0,0.0,0.0,0.486169859,670
k3375,0.0,0.0,0.0,0.0,0.0,0.0667,0.0294,0.0,0.0,0.187419331,469
k739,0.0,0.0,0.1,0.0,0.0639,0.133333333,0.0,0.219345762,0.0,0.301772969,393
k2343,0.0,0.0,0.05,0.0,0.123910947,0.133333333,0.0,0.175869444,0.0476,0.286072882,2614
k3371,0.0,0.0,0.0,0.0,0.0,0.166666667,0.0,0.270636255,0.0476,0.3654835,1061
k2423,0.0,0.0,0.15,0.0,0.0,0.0667,0.0,0.0396,0.0,0.297556262,1221
k1485,0.0,0.0,0.0,0.0,0.0989,0.133333333,0.0294,0.194548273,0.214285714,0.275295814,438
k658,0.0,0.0,0.1,0.0,0.0,0.133333333,0.0588,0.158757243,0.0238,0.234369686,1199
k1603,0.0,0.0,0.05,0.0,0.0294,0.0,0.0,0.0,0.0,0.296847813,2393
k442,0.0,0.0,0.1,0.0,0.0,0.133333333,0.0,0.15587939,0.166666667,0.23917455,1349
k2745,0.0,0.0263,0.1,0.0,0.0,0.133333333,0.0,0.158757243,0.0,0.33280039,750
k2284,0.0,0.0,0.0,0.0,0.117776092,0.0667,0.0,0.103207611,0.0,0.284330505,2087
k10,0.0,0.0526,0.0,0.0,0.0745,0.133333333,0.0,0.0688,0.0238,0.352280435,2073
k1509,0.0,0.0,0.1,0.0,0.0523,0.0667,0.0,0.227575655,0.0,0.280834662,2680
k2333,0.0,0.0,0.1,0.0,0.0,0.0667,0.0,0.158757243,0.0714,0.305831858,2311
k693,0.0,0.0263,0.05,0.0,0.0173,0.1,0.0,0.0,0.0952,0.295830822,877
k1992,0.0,0.0526,0.0,0.0,0.0135,0.1,0.0,0.032,0.0,0.383410776,374
k1919,0.166666667,0.0263,0.1,0.0,0.0,0.133333333,0.0,0.182186481,0.0238,0.469912648,2329
k2990,0.0,0.0,0.2,0.0,0.0,0.2,0.0,0.317514491,0.142857143,0.290944436,2954
k2525,0.0,0.0,0.0,0.0,0.122739401,0.1,0.0,0.0805,0.0,0.0928,2906
k3359,0.166666667,0.0,0.1,0.0,0.0,0.133333333,0.0882,0.158757243,0.0,0.533432357,2044
k2657,0.0,0.0,0.0,0.0,0.0449,0.0333,0.0,0.104717232,0.0952,0.360072495,1076
k610,0.0,0.0,0.0,0.0,0.0468,0.0,0.0,0.0,0.0,0.301772969,1697
k1831,0.0,0.0,0.0,0.0,0.174474455,0.2,0.0294,0.141121548,0.0476,0.25199956,3140
k296,0.0,0.0,0.0,0.0,0.0,0.0333,0.0,0.0,0.0,0.313170512,837
k1008,0.0833,0.0526,0.15,0.0,0.0,0.166666667,0.0294,0.0,0.285714286,0.197753761,185
k2768,0.0,0.0,0.1,0.0,0.0,0.1,0.0,0.158757243,0.0238,0.299831079,176
k2576,0.0,0.0526,0.0,0.297529661,0.0745,0.2,0.0588,0.150419545,0.0476,0.298169851,700
k1036,0.0,0.0,0.45,0.0,0.0918,0.366666667,0.117647059,0.240750452,0.119047619,0.306536407,495
k2533,0.0,0.0263,0.1,0.0,0.0173,0.1,0.0,0.0396,0.0,0.293397638,3202
k381,0.0,0.0,0.0,0.0,0.0639,0.133333333,0.0294,0.0396,0.0,0.224516802,3083
k2154,0.0,0.0263,0.1,0.0,0.0641,0.0667,0.0,0.0,0.0,0.280141802,1509
k1758,0.0,0.105263158,0.0,0.0,0.0774,0.133333333,0.0,0.100779201,0.0,0.559216548,2885
k1857,0.0,0.0,0.0,0.0,0.0,0.0333,0.0,0.0616,0.0,0.418621153,960
k1551,0.0,0.0,0.0,0.0,0.0639,0.133333333,0.0,0.471787984,0.0714,0.220692684,627
k451,0.0833,0.0263,0.0,0.0,0.0,0.1,0.0294,0.0,0.0,0.47152043,1751
k1536,0.166666667,0.0,0.0,0.0,0.127723812,0.2,0.0,0.121177023,0.0476,0.295509202,2128
k1987,0.0,0.0,0.3,0.0,0.0,0.166666667,0.0,0.360025769,0.0714,0.311598731,558
k3023,0.0,0.0,0.1,0.0,0.0,0.133333333,0.0,0.158757243,0.214285714,0.278757398,479
k352,0.0,0.0,0.0,0.0,0.0,0.0333,0.0,0.0,0.0,0.399369744,2877
k2072,0.0,0.0526,0.0,0.0,0.127704762,0.2,0.117647059,0.202848545,0.0,0.268400038,1946
k2730,0.0,0.0263,0.0,0.0,0.0639,0.0667,0.0,0.21044661,0.0476,0.306347391,3012
k1940,0.0,0.0263,0.0,0.0,0.116119937,0.133333333,0.117647059,0.149351441,0.0,0.340759758,2600
k2790,0.0,0.0,0.0,0.0,0.0639,0.166666667,0.0,0.332292901,0.0,0.187699438,3213
k1757,0.0,0.0,0.05,0.0,0.0468,0.133333333,0.0,0.0,0.0,0.159271501,1666
k1438,0.0,0.0,0.0,0.0,0.135087995,0.1,0.0,0.103207611,0.0,0.176219227,272
k3329,0.0,0.0263,0.05,0.0,0.0173,0.0667,0.0,0.0,0.0,0.281380906,1442
k3376,0.0,0.0,0.2,0.0,0.0,0.133333333,0.0,0.65421243,0.285714286,0.318766291,2783
k3186,0.0,0.131578947,0.0,0.0,0.0774,0.2,0.176470588,0.0715,0.0,0.680393371,2660
k1741,0.0,0.0526,0.0,0.0,0.0,0.1,0.0,0.190307541,0.0476,0.37560238,726
k1457,0.0,0.0,0.3,0.0,0.0,0.2,0.0,0.476271696,0.19047619,0.336634686,397
k1586,0.0833,0.0,0.0,0.0,0.0,0.0333,0.0,0.0,0.0,0.356721786,2911
k28,0.0,0.0,0.15,0.0,0.0,0.0333,0.0,0.0,0.0714,0.282988522,3417
k2520,0.0,0.0,0.0,0.0,0.0,0.133333333,0.0,0.219345762,0.0238,0.307145027,43
k2653,0.0,0.0263,0.0,0.320890892,0.132385582,0.1,0.0,0.176578856,0.0476,0.228176847,265
k2628,0.0,0.0,0.0,0.0,0.0,0.0,0.0,0.0,0.0714,0.318624332,2295
k1595,0.0833,0.0,0.0,0.0,0.0,0.0667,0.0,0.0,0.0238,0.363626918,2710
k777,0.0,0.0263,0.1,0.0,0.0641,0.0667,0.0,0.0,0.0476,0.289724033,2022
k246,0.0,0.0,0.15,0.531572483,0.0,0.0667,0.0,0.0,0.142857143,0.294078903,273
k2506,0.0,0.0,0.05,0.0,0.0,0.0333,0.0,0.0,0.0,0.284469819,3188
k489,0.25,0.0263,0.1,0.0,0.0,0.166666667,0.0882,0.158757243,0.0,0.584850523,1333
k2114,0.0,0.0,0.1,0.0,0.0,0.0667,0.0,0.158757243,0.0714,0.319499954,956
k12,0.0,0.0263,0.0,0.0,0.127226094,0.166666667,0.176470588,0.16009342,0.0,0.409014351,388
k666,0.0,0.0,0.0,0.0,0.0639,0.1,0.0588,0.0688,0.0,0.393629848,1240
k2084,0.0,0.0,0.0,0.0,0.174474455,0.266666667,0.0882,0.12010891,0.0,0.0928,18
k770,0.0,0.0263,0.05,0.0,0.0685,0.0667,0.0,0.0606,0.0476,0.326022199,3405
k2219,0.0,0.0,0.1,0.0,0.0,0.133333333,0.0882,0.158757243,0.0,0.325141504,1281
k1370,0.0,0.0,0.0,0.438064247,0.0,0.0667,0.0,0.0616,0.119047619,0.281409968,1156
k1305,0.0,0.0,0.1,0.534737962,0.0,0.1,0.0,0.0,0.0476,0.271729049,1217
k107,0.0,0.0,0.0,0.342922623,0.0,0.1,0.0,0.0,0.0,0.336687624,2584
k2151,0.0,0.0,0.1,0.0,0.0,0.1,0.0,0.175510747,0.0238,0.231419941,1371
k2365,0.0,0.0263,0.0,0.0,0.0641,0.0667,0.0294,0.0,0.0,0.0928,2916
k3378,0.0,0.0,0.05,0.374400142,0.0,0.0667,0.0294,0.168348963,0.119047619,0.292754127,1808
k338,0.0,0.0,0.15,0.0,0.0,0.0667,0.0,0.158757243,0.142857143,0.315112652,3236
k3029,0.0,0.0,0.2,0.0,0.0,0.166666667,0.117647059,0.317514491,0.0,0.262626973,422
k1942,0.0,0.0,0.0,0.0,0.0,0.0333,0.0,0.0,0.0476,0.283056001,404
k690,0.0,0.0,0.0,0.0,0.0,0.0333,0.0,0.0,0.0,0.301149455,279
k1984,0.0,0.0,0.1,0.0,0.0,0.0667,0.0,0.0396,0.0,0.325510576,2678
k2553,0.0833,0.0,0.05,0.486179521,0.0,0.1,0.0,0.0,0.0714,0.301772969,2684
k2805,0.0,0.0,0.1,0.0,0.0,0.1,0.0,0.158757243,0.0238,0.387903094,1362
k587,0.0,0.0,0.1,0.0,0.123910947,0.1,0.0,0.175869444,0.0714,0.283801084,1530
k501,0.0,0.0263,0.3,0.0,0.126977428,0.4,0.205882353,0.147970174,0.0476,0.138720128,2572
k2531,0.0,0.0,0.0,0.0,0.0468,0.0,0.0,0.0,0.0,0.301772969,1792
k236,0.0,0.0,0.0,0.0,0.0107,0.0667,0.0294,0.0,0.0714,0.269783031,184
k822,0.0,0.0,0.0,0.359585702,0.0812,0.166666667,0.0294,0.115001216,0.19047619,0.170875448,288
k3306,0.0,0.0,0.1,0.0,0.0,0.0667,0.0,0.158757243,0.0476,0.318900825,1151
k2386,0.0,0.105263158,0.2,0.0,0.0178,0.2,0.0,0.121954264,0.0238,0.404844183,3150
k1965,0.0,0.0526,0.0,0.0,0.275613672,0.266666667,0.0588,0.311172459,0.0714,0.266049217,1437
k907,0.0,0.0263,0.2,0.0,0.0814,0.2,0.0294,0.492411938,0.333333333,0.260639747,2062
k2121,0.0,0.0,0.0,0.0,0.0,0.0667,0.0294,0.0,0.0952,0.322357046,2863
k3433,0.0,0.0,0.0,0.0,0.0468,0.0,0.0,0.0,0.0,0.293625622,1056
k1369,0.0,0.0,0.0,0.0,0.0,0.133333333,0.0,0.198333124,0.0,0.235350542,783
k1764,0.0,0.0,0.05,0.0,0.0,0.0,0.0,0.0,0.0238,0.311760127,3189
k1114,0.166666667,0.0,0.05,0.0,0.0,0.133333333,0.147058824,0.0504,0.0,0.522517914,827
k1560,0.0833,0.0,0.05,0.0,0.123910947,0.166666667,0.0,0.175869444,0.0476,0.234103415,947
k2556,0.0,0.0,0.2,0.506831103,0.0,0.133333333,0.0,0.0688,0.0476,0.294471301,99
k2044,0.0,0.0,0.0,0.0,0.0639,0.0667,0.0,0.0396,0.0,0.283327111,2104
k1115,0.0,0.0,0.0,0.0,0.0,0.0,0.0,0.0,0.0,0.416288368,2820
k649,0.0,0.105263158,0.0,0.0,0.0812,0.233333333,0.0882,0.0396,0.0,0.0928,3071
k206,0.0,0.0,0.0,0.0,0.0,0.0667,0.0,0.158757243,0.0952,0.311107572,503
k1049,0.0,0.0,0.1,0.0,0.0685,0.1,0.0,0.0396,0.0238,0.328038103,2324
k603,0.0,0.0,0.0,0.0,0.0,0.133333333,0.176470588,0.0,0.0,0.456563786,622
k1051,0.0,0.0,0.0,0.0,0.0,0.1,0.0,0.0,0.142857143,0.293329464,2379
k952,0.166666667,0.0,0.0,0.0,0.0,0.133333333,0.147058824,0.0406,0.0238,0.550264646,96
k1334,0.0,0.0,0.2,0.0,0.0,0.166666667,0.0588,0.227575655,0.0,0.311510197,687
k2872,0.0,0.0526,0.0,0.0,0.0639,0.1,0.0,0.0688,0.0,0.385582983,165
k1747,0.0,0.0,0.1,0.0,0.0639,0.133333333,0.0,0.227575655,0.0238,0.329820837,624
k629,0.0,0.0,0.0,0.0,0.0,0.0,0.0,0.0,0.0,0.323115384,1782
k1255,0.0,0.105263158,0.0,0.0,0.186601296,0.233333333,0.176470588,0.141121548,0.0238,0.0928,2043
k1328,0.0,0.0,0.0,0.0,0.0,0.0333,0.0,0.0,0.0714,0.294122164,1647
k53,0.0,0.0,0.0,0.0,0.0,0.0667,0.0,0.0,0.0,0.306550482,109
k1226,0.0,0.0,0.1,0.0,0.0,0.0667,0.0,0.0396,0.0,0.27971054,1161
k1750,0.0,0.0,0.0,0.0,0.0,0.0,0.0,0.0,0.0,0.360574565,2836
k2880,0.0,0.0,0.05,0.0,0.0,0.0667,0.0,0.231060374,0.0714,0.301866938,1850
k2103,0.0,0.0,0.05,0.0,0.0446,0.0,0.0,0.0,0.0,0.278909056,2199
k3182,0.0,0.0,0.0,0.285766742,0.03,0.133333333,0.0882,0.0276,0.0,0.0928,2422
k1552,0.0,0.0,0.15,0.0,0.0,0.133333333,0.0,0.231060374,0.0238,0.29534432,1077
k1830,0.0,0.0526,0.05,0.0,0.132385582,0.1,0.0,0.0606,0.0476,0.275368625,1102
k1475,0.0,0.0,0.2,0.0,0.0,0.133333333,0.0,0.317514491,0.166666667,0.338247291,847
k1725,0.0,0.0,0.0,0.0,0.0,0.0667,0.0,0.0,0.0,0.30019428,3369
k2845,0.0,0.0,0.0,0.0,0.0,0.0,0.0,0.0,0.0,0.282418776,78
k3322,0.0,0.0,0.0,0.356154323,0.0639,0.133333333,0.0,0.0688,0.0238,0.144496258,3234
k2942,0.0,0.0263,0.05,0.0,0.0,0.0667,0.0,0.12572987,0.142857143,0.297088762,3032
k2483,0.0,0.0,0.2,0.0,0.0449,0.133333333,0.0,0.317514491,0.238095238,0.317452022,3139
k778,0.0,0.0,0.0,0.0,0.0,0.0333,0.0,0.0,0.0,0.420443362,2502
k2040,0.0,0.0,0.05,0.0,0.0,0.0333,0.0,0.0396,0.0,0.30614319,2756
k1631,0.0,0.0,0.0,0.0,0.0,0.0333,0.0,0.157075867,0.0714,0.281340477,216
k1405,0.0,0.0,0.1,0.507236284,0.0,0.166666667,0.0294,0.012,0.0952,0.260178895,591
k657,0.0,0.0,0.0,0.544639579,0.0107,0.0667,0.0294,0.0837,0.0952,0.278476995,1752
k2724,0.0,0.0,0.0,0.0,0.0,0.0333,0.0,0.0,0.0,0.336502497,2727
k2519,0.0,0.0,0.2,0.0,0.0,0.166666667,0.0,0.317514491,0.0238,0.330733145,2778
k9,0.0,0.0,0.15,0.0,0.023,0.133333333,0.0882,0.0539,0.0476,0.304212802,120
k2074,0.0,0.0,0.0,0.344568672,0.0173,0.0667,0.0,0.0,0.0,0.122541829,2892
k2341,0.0,0.0,0.0,0.0,0.0294,0.0333,0.0,0.0,0.0,0.264906187,2127
k1094,0.0,0.0263,0.05,0.0,0.0,0.0667,0.0,0.101545657,0.0714,0.325017073,1628
k1087,0.0,0.0526,0.05,0.0,0.0,0.166666667,0.0294,0.0734,0.238095238,0.172658961,714
k3362,0.0,0.0,0.1,0.540030642,0.0,0.0667,0.0,0.0,0.0714,0.301772969,2512
k2036,0.0,0.0,0.0,0.0,0.0,0.0,0.0,0.0,0.0,0.33726069,2370
k331,0.0,0.0,0.05,0.0,0.0,0.0333,0.0,0.0616,0.119047619,0.302008628,1055
k3222,0.0,0.0,0.1,0.0,0.0244,0.0333,0.0,0.0,0.0714,0.391000781,1709
k1875,0.0,0.0263,0.05,0.0,0.0173,0.0667,0.0,0.0,0.0,0.298026533,1069
k2377,0.0,0.0263,0.0,0.0,0.0,0.133333333,0.0294,0.0734,0.19047619,0.191814069,46
k2414,0.0,0.0,0.1,0.0,0.0,0.1,0.0,0.158757243,0.0476,0.274159889,1314
k3207,0.0,0.0,0.1,0.0,0.0,0.1,0.0,0.158757243,0.0238,0.403835137,3149
k3078,0.0,0.0,0.25,0.509211543,0.0761,0.166666667,0.0,0.440108284,0.19047619,0.284747235,3304
k3205,0.0,0.0,0.05,0.0,0.0294,0.0667,0.0,0.263474471,0.119047619,0.341446032,3255
k2326,0.0,0.0,0.3,0.0,0.06,0.133333333,0.0,0.334626668,0.119047619,0.293695943,2880
k1383,0.0,0.0,0.1,0.0,0.0,0.0667,0.0,0.181569593,0.0,0.392872693,1837
k794,0.0,0.0,0.1,0.0,0.0,0.1,0.0,0.274747585,0.238095238,0.292775981,3282
k780,0.0833,0.0,0.2,0.0,0.06,0.1,0.0,0.175869444,0.119047619,0.301772969,213
k2159,0.0,0.0,0.0,0.346759183,0.0,0.1,0.0,0.0,0.0238,0.105480224,59
k2596,0.0,0.0,0.1,0.0,0.0,0.0667,0.0,0.158757243,0.119047619,0.319871215,2500
k1605,0.0,0.0,0.0,0.0,0.0,0.133333333,0.0588,0.325078733,0.0714,0.267073416,3027
k1636,0.0,0.0,0.2,0.0,0.127723812,0.2,0.0,0.200328795,0.0952,0.256750832,2205
k3104,0.0,0.0,0.1,0.0,0.0,0.0667,0.0,0.158757243,0.0714,0.348713442,2987
k420,0.0,0.0,0.0,0.36102916,0.0,0.1,0.0,0.0,0.0238,0.105513765,1923
k2909,0.0,0.0263,0.0,0.0,0.157162553,0.2,0.0882,0.0843,0.0,0.11304554,2278
k1101,0.0,0.0526,0.0,0.0,0.104755988,0.133333333,0.0294,0.0805,0.0,0.168621707,148
k932,0.0,0.0,0.0,0.277295922,0.127723812,0.166666667,0.0,0.137636815,0.0,0.170473816,2152
k2879,0.0,0.0,0.0,0.0,0.179981843,0.1,0.0294,0.188927312,0.0,0.229110754,1409
k348,0.0,0.0,0.0,0.0,0.0,0.2,0.0882,0.0,0.0,0.10554001,1668
k1899,0.0,0.0,0.0,0.0,0.0,0.0667,0.0,0.0,0.0238,0.303525376,2440
k1071,0.0,0.0,0.2,0.0,0.0,0.166666667,0.0588,0.317514491,0.0,0.273682504,2394
k1881,0.0,0.0,0.0,0.0,0.0,0.0333,0.0,0.0,0.0,0.409622391,2297
k543,0.0,0.0,0.0,0.0,0.0,0.0,0.0,0.0,0.0476,0.322515736,1553
k1936,0.0,0.0,0.0,0.0,0.11061255,0.0667,0.0588,0.0805,0.0,0.16145354,2030
k2207,0.0,0.0,0.15,0.0,0.0639,0.133333333,0.0,0.239290267,0.0714,0.25319809,1376
k1991,0.0,0.0263,0.0,0.351494739,0.0639,0.133333333,0.0,0.0396,0.0476,0.0928,2930
k2842,0.0,0.0,0.1,0.0,0.0,0.133333333,0.0588,0.158757243,0.0238,0.261813872,1092
k69,0.0,0.0,0.15,0.519898198,0.127723812,0.2,0.0,0.429792372,0.119047619,0.206280297,2306
k2213,0.0,0.0,0.0,0.0,0.0,0.0667,0.0,0.0,0.0,0.363571522,1168
k71,0.0,0.0263,0.1,0.0,0.0,0.1,0.0,0.0734,0.238095238,0.295013406,786
k2523,0.0,0.0,0.0,0.0,0.0,0.133333333,0.0,0.429393498,0.0714,0.367317077,2039
k848,0.0,0.0,0.0,0.0,0.0,0.0333,0.0,0.0,0.0952,0.302897496,2254
k2156,0.0,0.0263,0.0,0.0,0.0,0.133333333,0.0,0.219345762,0.0,0.301772969,1026
k1872,0.0833,0.0,0.0,0.0,0.0,0.133333333,0.0,0.0723,0.238095238,0.340243509,1073
k821,0.0,0.105263158,0.0,0.0,0.181637998,0.166666667,0.0882,0.172026028,0.0,0.525050222,616
k2744,0.0,0.0,0.0,0.0,0.0,0.0,0.0,0.0,0.0,0.358212522,2259
k204,0.0833,0.0,0.0,0.0,0.0,0.0333,0.0,0.0,0.0,0.349956913,1821
k2396,0.0,0.0,0.15,0.53737164,0.0446,0.0667,0.0,0.0,0.0714,0.279811365,1204
k2249,0.0,0.0263,0.0,0.0,0.0,0.0667,0.0,0.0,0.0,0.397332982,3353
k104,0.0,0.0,0.2,0.0,0.0,0.2,0.0588,0.0792,0.0952,0.264903086,2367
k2004,0.0,0.0,0.15,0.0,0.023,0.133333333,0.0882,0.0539,0.0,0.302260052,2800
k2380,0.0,0.131578947,0.0,0.0,0.127723812,0.166666667,0.117647059,0.0792,0.0,0.567071689,841
k1528,0.0,0.0,0.1,0.0,0.0,0.0667,0.0,0.158757243,0.0952,0.324496718,3254
k3223,0.0,0.0,0.0,0.423819593,0.0,0.0667,0.0294,0.0,0.0,0.161257741,1288
k1353,0.0,0.0,0.1,0.0,0.0244,0.166666667,0.0,0.158757243,0.214285714,0.307910812,2090
k2328,0.0,0.0263,0.05,0.0,0.0173,0.1,0.0,0.0,0.0,0.279126356,2247
k2037,0.0,0.0263,0.05,0.0,0.137275485,0.133333333,0.0294,0.0857,0.0,0.152615432,242
k1920,0.0,0.0,0.2,0.0,0.0,0.133333333,0.0,0.279934262,0.0714,0.305779345,1184
k2073,0.0,0.0,0.1,0.0,0.0523,0.133333333,0.0294,0.12010891,0.0,0.272352252,894
k2064,0.0,0.0263,0.0,0.35547058,0.0933,0.133333333,0.0,0.0805,0.0476,0.0928,1504
k50,0.0,0.0,0.15,0.0,0.0,0.0667,0.0,0.26802371,0.0,0.437848302,312
k2902,0.0,0.0,0.1,0.0,0.0,0.0667,0.0,0.158757243,0.0476,0.297356335,715
k1047,0.0,0.0526,0.05,0.0,0.132385582,0.1,0.0294,0.0606,0.0476,0.274215233,465
k373,0.0,0.105263158,0.1,0.0,0.0,0.233333333,0.0882,0.190718032,0.0238,0.699862174,2643
k2800,0.0,0.0,0.05,0.0,0.0504,0.133333333,0.0,0.0773,0.0,0.321131809,93
k1642,0.0,0.0,0.0,0.0,0.0294,0.0667,0.0,0.0,0.0,0.283959701,2052
k2250,0.0,0.0526,0.0,0.0,0.0126,0.1,0.0,0.0,0.0,0.374705495,1323
k3309,0.0,0.0789,0.0,0.0,0.0745,0.166666667,0.0,0.0688,0.0476,0.302780377,2551
k3233,0.0,0.0263,0.2,0.0,0.0294,0.166666667,0.0294,0.0805,0.0,0.219260066,2464
k2190,0.0,0.0,0.1,0.0,0.0,0.1,0.0,0.158757243,0.0,0.301772969,3341
k1138,0.0,0.105263158,0.25,0.0,0.190839334,0.366666667,0.117647059,0.187546055,0.0238,0.184396054,1290
k2262,0.0,0.0526,0.0,0.0,0.0,0.166666667,0.0882,0.0,0.0,0.357291252,2688
k704,0.0,0.0,0.1,0.0,0.0,0.0667,0.0,0.158757243,0.0714,0.287567632,2831
k2116,0.0,0.0,0.15,0.0,0.0,0.133333333,0.0294,0.253734952,0.0238,0.349405711,451
k1675,0.0,0.0,0.0,0.0,0.0,0.0,0.0,0.0,0.0,0.449222166,3318
k3152,0.0,0.0263,0.1,0.0,0.0367,0.0667,0.0,0.0,0.0,0.283156919,3354
k125,0.0,0.0263,0.05,0.0,0.0734,0.0667,0.0,0.00519,0.0,0.228159901,2042
k1512,0.0,0.0263,0.0,0.0,0.0987,0.0667,0.0,0.0,0.0,0.275976498,2668
k358,0.0,0.0,0.1,0.0,0.0,0.0667,0.0,0.182186481,0.0238,0.311339933,1047
k1814,0.0,0.0,0.05,0.556465807,0.0898,0.0667,0.0,0.220707583,0.238095238,0.319382141,2200
k2486,0.0,0.0,0.0,0.470086228,0.0178,0.2,0.0,0.108853252,0.238095238,0.280808515,1856
k1362,0.0,0.0,0.3,0.0,0.0,0.166666667,0.0,0.357090371,0.0952,0.36120647,55
k1689,0.0,0.0,0.05,0.0,0.0685,0.1,0.0294,0.104717232,0.0714,0.305546186,1249
k1016,0.0,0.0,0.2,0.0,0.0,0.133333333,0.0,0.317514491,0.0952,0.327505208,2155
k1961,0.0,0.0,0.0,0.0,0.0556,0.0667,0.0294,0.0,0.0714,0.265459701,1263
k2484,0.0,0.0,0.0,0.0,0.0,0.0333,0.0,0.0,0.0476,0.312535765,2972
k2574,0.0,0.0263,0.2,0.0,0.0868,0.166666667,0.0,0.15403063,0.0,0.31353669,1274
k843,0.0833,0.0263,0.15,0.0,0.023,0.2,0.117647059,0.0539,0.0238,0.317462871,2538
k3190,0.0,0.0,0.2,0.0,0.0,0.133333333,0.0,0.317514491,0.0952,0.303618142,1082
k78,0.0,0.0,0.2,0.0,0.152378796,0.0667,0.0,0.161066062,0.0,0.287976739,2639
k1547,0.0,0.0,0.1,0.0,0.0639,0.133333333,0.0,0.203372016,0.0238,0.311238745,1670
k2588,0.0,0.0,0.05,0.0,0.0962,0.0333,0.0,0.0688,0.0,0.279790103,1414
k1007,0.0,0.0,0.15,0.0,0.0,0.0,0.0,0.0,0.0714,0.289246544,2939
k1664,0.0,0.0,0.0,0.0,0.0,0.0,0.0,0.0,0.0,0.301772969,3324
k344,0.0,0.0263,0.1,0.0,0.0639,0.166666667,0.0588,0.0792,0.0,0.253268276,2442
k2473,0.0,0.0,0.0,0.0,0.0933,0.133333333,0.0294,0.198333124,0.0,0.205022634,2835
k746,0.0,0.0,0.45,0.0,0.023,0.233333333,0.0,0.291775235,0.0476,0.311404829,2951
k586,0.0,0.0,0.0,0.0,0.0115,0.1,0.0,0.0,0.0,0.21084609,1267
k3346,0.0,0.0,0.0,0.0,0.0468,0.0333,0.0,0.0,0.0,0.261344929,870
k1611,0.0,0.0,0.1,0.403737797,0.0,0.0333,0.0,0.0,0.0714,0.37513099,1169
k2298,0.0,0.0,0.0,0.0,0.0,0.0,0.0,0.0,0.0,0.412055917,3306
k2888,0.0,0.0,0.25,0.519024526,0.0,0.1,0.0,0.158757243,0.19047619,0.317465309,277
k2810,0.0,0.0,0.0,0.0,0.0,0.0333,0.0,0.0,0.0,0.408872039,2080
k1851,0.166666667,0.0526,0.0,0.0,0.0,0.133333333,0.0,0.0,0.0476,0.449308688,636
k2030,0.0,0.0,0.05,0.0,0.0,0.1,0.0,0.272720112,0.119047619,0.263801066,567
k1693,0.0,0.0526,0.0,0.0,0.276761313,0.3,0.0,0.328647993,0.0714,0.333820876,1185
k159,0.0,0.0,0.1,0.0,0.0,0.1,0.0,0.158757243,0.0,0.396557251,1298
k190,0.0,0.0263,0.0,0.0,0.235552185,0.0667,0.0,0.206415218,0.0,0.0974,3063
k736,0.0,0.0,0.2,0.0,0.0449,0.133333333,0.0,0.317514491,0.0952,0.364444593,406
k997,0.0,0.0,0.05,0.0,0.0468,0.0,0.0,0.0,0.0,0.314516809,408
k3264,0.0,0.0,0.0,0.0,0.0641,0.1,0.0,0.397286444,0.142857143,0.187419331,2241
k3151,0.0,0.0263,0.2,0.0,0.0,0.233333333,0.147058824,0.0792,0.0,0.202779179,1857
k3280,0.0,0.0,0.15,0.0,0.0539,0.1,0.0,0.261964845,0.0,0.2784749,1880
k1103,0.166666667,0.0789,0.0,0.0,0.03,0.166666667,0.0294,0.0816,0.0476,0.389027164,2456
k513,0.0,0.0,0.0,0.0,0.0449,0.0667,0.0,0.0734,0.0476,0.316610948,1746
k676,0.0,0.0,0.0,0.0,0.0,0.1,0.0,0.0,0.0,0.239711791,3331
k1508,0.0,0.0,0.0,0.0,0.0,0.0333,0.0,0.0,0.0952,0.291507431,2094
k3397,0.0,0.0263,0.1,0.0,0.0,0.166666667,0.0882,0.158757243,0.0,0.269923974,1501
k1319,0.0,0.0,0.05,0.456246755,0.0,0.1,0.0294,0.134942189,0.285714286,0.273919345,2146
k655,0.0,0.0,0.05,0.0,0.0639,0.0667,0.0,0.121177023,0.0952,0.301772969,1239
k2043,0.0,0.0263,0.1,0.512263064,0.0,0.1,0.0,0.0,0.0714,0.343156526,3019
k2661,0.0,0.0,0.05,0.0,0.0504,0.1,0.0,0.0773,0.0,0.292236271,2125
k2555,0.0,0.0,0.0,0.0,0.0,0.0,0.0,0.196679713,0.0,0.283047082,2358
k1646,0.0,0.105263158,0.25,0.0,0.353910541,0.5,0.147058824,0.297321605,0.0476,0.15567045,1603
k2033,0.0,0.0263,0.0,0.337060157,0.0,0.1,0.0,0.0,0.0238,0.105513929,605
k1169,0.0,0.0263,0.0,0.0,0.0,0.1,0.0294,0.0,0.0,0.299181511,1402
k1390,0.0,0.0,0.1,0.0,0.0,0.0667,0.0,0.0,0.0,0.286317751,1104
k3248,0.0,0.0,0.0,0.0,0.0,0.0,0.0,0.0,0.0,0.318840585,1015
k3332,0.0,0.0,0.0,0.0,0.0,0.0,0.0,0.220113757,0.428571429,0.215865101,2770
k2826,0.0,0.0,0.1,0.0,0.0,0.1,0.0588,0.158757243,0.0952,0.298606329,2604
k2372,0.0,0.0,0.1,0.340174988,0.0685,0.0667,0.0,0.0,0.0,0.356920199,1575
k678,0.0,0.0,0.0,0.0,0.0,0.0333,0.0,0.0,0.0,0.309999433,1650
k1835,0.0,0.0263,0.05,0.0,0.0,0.0667,0.0,0.0606,0.0476,0.304546257,449
k20,0.0,0.0263,0.0,0.0,0.0,0.1,0.0,0.0117,0.0238,0.297655366,316
k2117,0.0,0.0263,0.0,0.0,0.0,0.1,0.0,0.0,0.0,0.245247932,1025
k3410,0.0,0.0,0.0,0.470719323,0.109932291,0.133333333,0.0294,0.507803615,0.0952,0.347632374,2119
k709,0.0,0.0,0.0,0.0,0.0,0.0667,0.0294,0.0,0.0,0.291896406,2670
k809,0.0,0.0,0.15,0.0,0.0,0.0667,0.0,0.193038647,0.0476,0.297392688,194
k1347,0.0833,0.0263,0.1,0.0,0.0,0.133333333,0.0,0.158757243,0.0,0.441447551,47
k3250,0.0,0.0,0.0,0.0,0.0639,0.0667,0.0,0.21044661,0.0476,0.267466322,269
k2541,0.0,0.0,0.05,0.0,0.123910947,0.166666667,0.0,0.175869444,0.0476,0.14679435,2399
k202,0.0,0.0,0.1,0.0,0.0,0.0667,0.0,0.249623636,0.0476,0.306972243,2446
k1688,0.0,0.157894737,0.0,0.0,0.276761313,0.4,0.0882,0.290774646,0.0714,0.378936608,2950
k76,0.0,0.0,0.1,0.0,0.0,0.133333333,0.0294,0.155566241,0.238095238,0.265579911,1854
k950,0.0,0.0263,0.25,0.519087836,0.123325174,0.166666667,0.0588,0.176967502,0.0714,0.276692125,659
k3227,0.0,0.0,0.0,0.0,0.0468,0.133333333,0.0294,0.232128483,0.0714,0.122461913,505
k4,0.0,0.0,0.2,0.0,0.0,0.133333333,0.0,0.317514491,0.0,0.279004726,1677
k1483,0.0,0.0,0.0,0.0,0.0812,0.133333333,0.0,0.0805,0.0,0.232870301,829
k1010,0.0,0.0263,0.0,0.0,0.0,0.133333333,0.0,0.0,0.119047619,0.259289851,3246
k3136,0.0,0.0,0.05,0.0,0.0933,0.0667,0.0,0.0805,0.0,0.289252642,2114
k2468,0.0,0.0,0.6,0.524760373,0.0459,0.3,0.0,0.10773246,0.404761905,0.343258347,517
k459,0.0,0.0789,0.0,0.0,0.0639,0.2,0.0,0.485285394,0.0476,0.40107943,1695
k2771,0.0,0.0,0.0,0.0,0.0,0.1,0.0588,0.1893616,0.0,0.308743433,1220
k245,0.0,0.0,0.1,0.0,0.0,0.166666667,0.0882,0.0396,0.0,0.195100843,2202
k723,0.0,0.0,0.1,0.583258417,0.0,0.0667,0.0,0.11294713,0.0476,0.309028752,2785
k2095,0.0,0.0789,0.2,0.0,0.121505621,0.3,0.147058824,0.147970174,0.0,0.179693833,1674
k1479,0.0,0.0,0.0,0.0,0.0449,0.0667,0.0,0.0734,0.0714,0.304609152,922
k628,0.0,0.0,0.0,0.0,0.42533896,0.333333333,0.0882,0.241599087,0.0,0.0928,532
k1423,0.0,0.0,0.05,0.0,0.0,0.0333,0.0,0.0,0.0,0.307163085,933
k2967,0.0,0.0,0.0,0.0,0.0,0.0667,0.0294,0.0,0.0,0.219343579,193
k2240,0.0,0.0,0.0,0.0,0.0,0.1,0.0588,0.327106224,0.0,0.196175385,1981
k1257,0.0,0.0,0.0,0.0,0.152378796,0.0,0.0,0.0,0.0,0.0928,1589
k2585,0.0,0.0,0.0,0.0,0.0,0.133333333,0.0,0.270636255,0.119047619,0.36424202,2330
k2857,0.0,0.0,0.0,0.0,0.180795474,0.166666667,0.0588,0.202778166,0.0476,0.171678055,1435
k1198,0.0,0.0,0.0,0.0,0.0,0.0333,0.0,0.095,0.0714,0.352248625,3004
k201,0.0,0.0,0.1,0.0,0.0,0.1,0.0,0.495455182,0.142857143,0.339327893,613
k3157,0.0,0.0,0.15,0.0,0.0,0.133333333,0.0,0.209146844,0.0238,0.303119972,2131
k3430,0.0,0.0,0.0,0.330906466,0.0,0.133333333,0.0,0.163202285,0.0,0.507540807,897
k1459,0.0,0.0,0.1,0.0,0.0294,0.0333,0.0,0.0,0.0,0.293645868,651
k2802,0.0,0.0263,0.05,0.0,0.0685,0.1,0.0,0.0,0.0238,0.241443206,1254
k3112,0.0,0.0,0.1,0.0,0.0,0.1,0.0,0.0396,0.0,0.278108121,504
k2003,0.0,0.0526,0.1,0.0,0.0933,0.2,0.0588,0.463113429,0.0952,0.248362702,1550
k2630,0.0,0.0,0.1,0.0,0.0449,0.1,0.0588,0.158757243,0.0952,0.376223633,836
k3046,0.0,0.0,0.3,0.0,0.0,0.2,0.0,0.476271696,0.19047619,0.342263676,854
k1340,0.0,0.0,0.0,0.0,0.240515504,0.133333333,0.0588,0.18374064,0.0,0.197831988,327
k2508,0.0833,0.0263,0.05,0.0,0.0,0.2,0.117647059,0.280836703,0.142857143,0.368881473,86
k2631,0.0,0.0,0.15,0.0,0.0351,0.2,0.0588,0.108394293,0.166666667,0.274426767,1986
k2169,0.0,0.0,0.1,0.0,0.0,0.1,0.0,0.158757243,0.0238,0.301772969,1988
k1326,0.0,0.0526,0.2,0.0,0.0,0.166666667,0.0588,0.0792,0.0,0.300164202,1032
k637,0.0,0.0,0.05,0.0,0.116628435,0.1,0.0,0.124220244,0.0714,0.27718793,1401
k3045,0.0,0.0,0.0,0.0,0.0,0.0667,0.0,0.0616,0.0476,0.287541961,573
k2170,0.0,0.0,0.0,0.341086645,0.0639,0.133333333,0.0294,0.0688,0.0,0.144496337,8
k598,0.0,0.0789,0.0,0.0,0.174100962,0.166666667,0.0294,0.141121548,0.0,0.265302246,3368
k435,0.0,0.0,0.0,0.0,0.0,0.0667,0.0,0.0,0.142857143,0.278765001,2494
k135,0.0,0.0263,0.0,0.315420945,0.0639,0.133333333,0.0588,0.0396,0.0,0.0928,1935
k3049,0.0,0.0,0.05,0.0,0.0294,0.0,0.0,0.0,0.0,0.292557124,1881
k2385,0.0,0.0263,0.0,0.0,0.117776092,0.1,0.0,0.103207611,0.0,0.0928,1606
k1617,0.0,0.0263,0.0,0.0,0.0,0.0667,0.0,0.0,0.0,0.279940277,508
k2179,0.0,0.0,0.0,0.0,0.0762,0.0667,0.0,0.0,0.0,0.0928,394
k322,0.0,0.0,0.0,0.0,0.0,0.0333,0.0,0.0,0.0714,0.315817066,3300
k402,0.0,0.0,0.1,0.533370475,0.0,0.1,0.0,0.0,0.0714,0.298000634,1976
k80,0.0,0.0,0.0,0.0,0.0178,0.1,0.0,0.0473,0.0476,0.280912233,3224
k351,0.0,0.0526,0.0,0.0,0.0774,0.2,0.147058824,0.100779201,0.0,0.365127548,2506
k3050,0.0,0.0,0.1,0.0,0.0,0.0333,0.0,0.0117,0.0,0.280666721,2383
k926,0.0,0.0,0.15,0.0,0.0,0.133333333,0.0,0.219345762,0.0238,0.300306524,3069
k1515,0.0,0.105263158,0.0,0.373501146,0.18702369,0.2,0.0882,0.164778556,0.0714,0.1217191,1472
k1777,0.0,0.0,0.1,0.0,0.0,0.0667,0.0294,0.132450142,0.0714,0.235514293,2286
k1889,0.0,0.0,0.0,0.0,0.0,0.0333,0.0,0.0,0.0,0.398863546,2674
k1766,0.0,0.0,0.0,0.0,0.0906,0.1,0.0588,0.0773,0.0,0.0928,708
k1240,0.0,0.0,0.05,0.395279638,0.0,0.133333333,0.0,0.0,0.0238,0.266194246,1194
k437,0.0,0.0,0.0,0.0,0.0468,0.0,0.0,0.0,0.0,0.301772969,905
k606,0.0,0.0,0.0,0.0,0.0,0.0,0.0,0.0,0.0,0.285150078,3381
k1108,0.0,0.0,0.2,0.0,0.0,0.0667,0.0,0.0792,0.0,0.298533312,2999
k1342,0.0,0.0,0.05,0.0,0.0639,0.1,0.0,0.11294713,0.214285714,0.276198995,2377
k1783,0.0,0.0,0.0,0.0,0.0812,0.133333333,0.0588,0.0606,0.0,0.198411074,2250
k1260,0.0,0.0263,0.0,0.0,0.0,0.1,0.0294,0.0,0.0238,0.224867351,866
k3241,0.0,0.0,0.0,0.0,0.0641,0.0,0.0,0.0,0.0,0.20252565,1478
k2324,0.0,0.0,0.0,0.0,0.0,0.0667,0.0,0.0,0.0952,0.328351862,358
k1402,0.0,0.0,0.2,0.0,0.0,0.133333333,0.0,0.34094371,0.0476,0.308239278,313
k982,0.0,0.0263,0.0,0.0,0.186601296,0.133333333,0.0,0.161066062,0.0,0.313099745,2952
k565,0.0,0.0263,0.15,0.0,0.0173,0.133333333,0.0,0.158757243,0.0714,0.300258804,56
k924,0.0,0.0263,0.0,0.0,0.0933,0.166666667,0.0294,0.446146997,0.0714,0.36190602,2915
k1656,0.0,0.0526,0.1,0.0,0.0178,0.133333333,0.0,0.0473,0.0714,0.294977852,2998
k3423,0.0,0.0,0.0,0.0,0.0641,0.0667,0.0294,0.0,0.0,0.153725687,2535
k2959,0.0,0.0,0.0,0.0,0.0,0.1,0.0,0.0,0.0952,0.286087226,1421
k3192,0.0,0.0526,0.0,0.0,0.0173,0.1,0.0294,0.0,0.0,0.361677155,477
k569,0.0833,0.0,0.0,0.0,0.0639,0.1,0.0,0.0606,0.0476,0.301491301,1035
k2246,0.0,0.0,0.0,0.0,0.0173,0.133333333,0.0,0.0,0.0238,0.21902571,226
k902,0.0,0.0,0.3,0.0,0.0,0.133333333,0.0588,0.0792,0.0,0.283800337,286
k2001,0.0,0.0,0.05,0.0,0.0762,0.0,0.0,0.0,0.0,0.28377363,3105
k574,0.0,0.0,0.2,0.488509313,0.0,0.1,0.0,0.158757243,0.238095238,0.301772969,2889
k1626,0.0,0.0,0.4,0.0,0.0,0.2,0.0588,0.237909005,0.142857143,0.340181952,2303
k447,0.0,0.0,0.0,0.0,0.0449,0.0667,0.0,0.0,0.0714,0.252349299,2497
k1980,0.0,0.0,0.05,0.0,0.0,0.1,0.0294,0.0,0.0476,0.219496438,590
k2672,0.0,0.0,0.05,0.0,0.0685,0.0667,0.0294,0.0734,0.142857143,0.304926364,2164
k453,0.0,0.0,0.1,0.0,0.0,0.1,0.0,0.274747585,0.0476,0.225070417,909
k1368,0.0,0.0526,0.05,0.316370589,0.0,0.1,0.0294,0.0606,0.0714,0.292500898,1903
k3396,0.0,0.0,0.0,0.0,0.0,0.1,0.0,0.0,0.0,0.2176788,2527
k219,0.0,0.0,0.75,0.51223774,0.023,0.3,0.117647059,0.191503054,0.333333333,0.350283201,3015
k1797,0.0,0.0,0.1,0.0,0.0744,0.133333333,0.0294,0.0792,0.0952,0.214792816,1616
k3221,0.0,0.0,0.05,0.0,0.0,0.0667,0.0,0.270636255,0.0714,0.375000346,1889
k546,0.0,0.0,0.0,0.0,0.0639,0.1,0.0,0.0606,0.0476,0.277553092,79
k2057,0.0,0.0,0.1,0.548868658,0.0449,0.0667,0.0,0.0709,0.0952,0.305815273,3334
k2870,0.0,0.0,0.05,0.544057131,0.0461,0.0667,0.0,0.51547206,0.0476,0.338000607,2997
k2590,0.0,0.0,0.0,0.0,0.0817,0.0667,0.0,0.170364069,0.0,0.261974158,3267
k517,0.0,0.0,0.2,0.0,0.0,0.166666667,0.0,0.65421243,0.166666667,0.354239004,3177
k1937,0.0,0.0,0.05,0.0,0.0,0.0333,0.0,0.0396,0.0,0.305987882,3288
k2163,0.0,0.0263,0.05,0.0,0.0,0.1,0.0,0.133959763,0.142857143,0.270208878,976
k1181,0.0,0.105263158,0.0,0.311862947,0.0,0.2,0.0588,0.101545657,0.119047619,0.138160158,2634
k1911,0.0,0.0,0.0,0.0,0.106729373,0.1,0.0,0.0688,0.0,0.172973147,163
k2636,0.0,0.0,0.05,0.374855971,0.0468,0.1,0.0,0.0,0.0714,0.226751587,2270
k3164,0.0,0.0,0.0,0.0,0.0639,0.0667,0.0,0.0606,0.0476,0.278956248,1941
k1044,0.0,0.0,0.0,0.0,0.0,0.0,0.0,0.0,0.0,0.294977727,2772
k2350,0.0,0.0,0.0,0.0,0.0,0.0,0.0,0.695942069,0.0,0.0928,3102
k1641,0.0,0.0,0.1,0.0,0.0,0.133333333,0.0588,0.158757243,0.0,0.327866127,1360
k151,0.0,0.0,0.0,0.447851906,0.0,0.0667,0.0,0.104223355,0.0,0.307191908,512
k1659,0.0,0.0,0.0,0.0,0.0107,0.133333333,0.0294,0.0,0.119047619,0.246099202,2902
k1285,0.0,0.0,0.2,0.0,0.0,0.2,0.205882353,0.317514491,0.0238,0.195728071,2990
k686,0.0,0.0,0.1,0.0,0.0,0.0667,0.0,0.158757243,0.0714,0.301204436,2313
k1813,0.0,0.0,0.1,0.0,0.0,0.1,0.0,0.158757243,0.0,0.258851588,3048
k2291,0.0,0.0,0.0,0.0,0.0,0.1,0.0294,0.0,0.0,0.236539291,662
k2122,0.0,0.0,0.05,0.0,0.0244,0.0333,0.0,0.0,0.0,0.337371855,2981
k2825,0.0,0.0,0.05,0.0,0.0294,0.0,0.0,0.0,0.0,0.282740251,2714
k2839,0.0,0.0,0.1,0.0,0.0,0.0667,0.0,0.158757243,0.0714,0.30349788,1873
k1763,0.0,0.0,0.0,0.0,0.0,0.0333,0.0,0.0909,0.0476,0.315449094,2848
k2048,0.0,0.0,0.0,0.0,0.0556,0.0667,0.0,0.0,0.0714,0.279958936,863
k3140,0.0,0.0,0.2,0.0,0.0294,0.0667,0.0,0.158757243,0.0714,0.328156269,564
k2369,0.0,0.0,0.1,0.0,0.0449,0.1,0.0,0.158757243,0.0476,0.259445771,3005
k1279,0.0,0.0,0.0,0.0,0.0,0.0667,0.0294,0.104717232,0.0,0.328835034,703
k238,0.0,0.0,0.0,0.0,0.127723812,0.1,0.0882,0.237167375,0.0952,0.282414129,2276
k2929,0.0,0.0263,0.0,0.0,0.138380662,0.133333333,0.0294,0.0792,0.119047619,0.264683327,1144
k2797,0.0,0.0,0.05,0.0,0.0935,0.0333,0.0,0.169854981,0.0,0.287866248,531
k346,0.0,0.0,0.25,0.0,0.0539,0.166666667,0.0,0.420722088,0.0,0.311302283,2762
k2512,0.0,0.0,0.0,0.0,0.0,0.0667,0.0,0.0,0.0,0.292335322,149
k2015,0.0,0.0,0.15,0.0,0.0641,0.166666667,0.0588,0.0792,0.0,0.27029706,830
k3408,0.0,0.0,0.0,0.315788141,0.0,0.133333333,0.0588,0.0816,0.0714,0.256519862,690
k1883,0.0,0.0,0.0,0.0,0.0,0.133333333,0.0,0.0,0.0,0.759233993,1546
k2992,0.0833,0.0263,0.0,0.0,0.0,0.1,0.0,0.0734,0.0476,0.344876438,760
k1939,0.0,0.0263,0.0,0.0,0.116119937,0.133333333,0.117647059,0.149351441,0.0,0.364146589,584
k189,0.0,0.0263,0.05,0.0,0.0173,0.1,0.0,0.0,0.0,0.267011392,2579
k2146,0.0,0.0,0.0,0.0,0.0,0.0333,0.0,0.0,0.0,0.348535907,1473
k2694,0.166666667,0.0,0.0,0.0,0.0,0.166666667,0.117647059,0.0,0.0,0.680393371,2976
k3161,0.0,0.0,0.1,0.0,0.0,0.133333333,0.0588,0.158757243,0.0952,0.301772969,598
k804,0.0,0.105263158,0.0,0.0,0.0,0.133333333,0.0,0.158757243,0.0,0.0928,2617
k335,0.0,0.0526,0.0,0.476708409,0.0367,0.133333333,0.0,0.0,0.0238,0.103492434,2198
k2897,0.0,0.0263,0.1,0.0,0.0,0.0667,0.0,0.0,0.0,0.286308562,2731
k515,0.0,0.0,0.1,0.0,0.0639,0.1,0.0,0.108394293,0.0,0.331609463,1885
k1272,0.0,0.0,0.4,0.0,0.0,0.233333333,0.0588,0.396666252,0.0952,0.301596357,2074
k2786,0.0,0.0,0.15,0.0,0.0,0.0333,0.0,0.0524,0.0952,0.333945919,2755
k82,0.0,0.0,0.0,0.490763134,0.0461,0.1,0.0,0.447215111,0.0714,0.370296847,1013
k91,0.0,0.0,0.1,0.0,0.0,0.133333333,0.0,0.158757243,0.0952,0.301772969,146
k1498,0.0,0.0,0.2,0.0,0.0,0.166666667,0.0588,0.227575655,0.0,0.339149507,2426
k1735,0.0,0.0,0.0,0.0,0.0639,0.2,0.0,0.331224788,0.0476,0.139918574,2496
k807,0.0,0.0263,0.05,0.0,0.0,0.0667,0.0,0.0396,0.0,0.307601544,3242
k862,0.0,0.0,0.0,0.0,0.0,0.0667,0.0,0.336697925,0.0476,0.261975361,1955
k1856,0.0,0.0,0.05,0.0,0.0449,0.0667,0.0,0.0524,0.142857143,0.301233778,1753
k1247,0.0,0.0526,0.0,0.29322461,0.0294,0.133333333,0.0588,0.101545657,0.0238,0.0928,494
k899,0.0,0.0,0.05,0.0,0.0468,0.0,0.0,0.0,0.0,0.281740674,1257
k2647,0.0,0.0263,0.0,0.0,0.127226094,0.166666667,0.176470588,0.16009342,0.0,0.428035453,1607
k497,0.0,0.0,0.05,0.0,0.140051304,0.0667,0.0,0.212983171,0.0,0.240166535,196
k506,0.0,0.0,0.1,0.0,0.0,0.1,0.0588,0.158757243,0.0714,0.284832398,1251
k3080,0.0,0.0,0.1,0.405890322,0.0,0.0333,0.0,0.0,0.0952,0.30723855,2118
k1728,0.0,0.0,0.2,0.0,0.0294,0.233333333,0.0,0.239290267,0.0238,0.0928,2359
k2492,0.0,0.0,0.0,0.0,0.156774094,0.1,0.0,0.206455217,0.0,0.35527512,1598
k1802,0.0,0.0526,0.0,0.281373058,0.116628435,0.1,0.0294,0.124220244,0.0,0.0928,1305
k2943,0.0,0.0263,0.0,0.0,0.0,0.0667,0.0,0.0,0.0,0.423586406,1041
k452,0.0,0.0263,0.45,0.518404092,0.023,0.366666667,0.176470588,0.122684642,0.238095238,0.305844429,3245
k2940,0.0,0.0263,0.1,0.0,0.0,0.0667,0.0,0.0792,0.0,0.307497847,1390
k283,0.0,0.0789,0.0,0.278156932,0.0,0.133333333,0.0588,0.0816,0.0,0.312376246,1685
k2268,0.0,0.0,0.0,0.0,0.0,0.0333,0.0,0.0,0.0,0.323893646,1913
k1473,0.0,0.0,0.2,0.0,0.0449,0.166666667,0.117647059,0.317514491,0.0952,0.314338268,403
k2446,0.0,0.0,0.0,0.0,0.0641,0.2,0.0294,0.0,0.0,0.122393701,2375
k2252,0.0,0.0,0.0,0.0,0.0,0.0333,0.0,0.0,0.0238,0.309396881,2088
k1191,0.0,0.0,0.0,0.0,0.0639,0.1,0.0294,0.21044661,0.0714,0.268234431,2214
k2953,0.0,0.0,0.0,0.0,0.0685,0.0667,0.0294,0.12572987,0.166666667,0.301639608,928
k1204,0.0,0.0,0.15,0.0,0.0,0.1,0.0,0.158757243,0.0714,0.333618034,826
k22,0.0,0.0,0.2,0.0,0.0107,0.133333333,0.0,0.0792,0.0476,0.278987529,488
k1873,0.0,0.0,0.0,0.0,0.0468,0.0667,0.0,0.397286444,0.142857143,0.226999867,282
k1819,0.0833,0.0789,0.05,0.0,0.132385582,0.166666667,0.0588,0.0606,0.0,0.280850853,491
k8,0.0,0.0,0.05,0.0,0.0,0.0,0.0,0.0,0.0476,0.329321163,908
k1925,0.0,0.0,0.2,0.0,0.0523,0.2,0.0588,0.12010891,0.0,0.273969151,38
k542,0.0,0.0,0.0,0.0,0.0367,0.0667,0.0294,0.0,0.0,0.0928,2162
k887,0.0,0.0,0.25,0.0,0.0523,0.2,0.0882,0.12010891,0.0,0.275703065,2045
k3220,0.0,0.0,0.2,0.0,0.0,0.133333333,0.0588,0.0909,0.0952,0.299664362,346
k3178,0.0,0.0,0.0,0.415576687,0.0173,0.133333333,0.0294,0.355649763,0.214285714,0.325447972,3383
k3232,0.0,0.0,0.1,0.0,0.0294,0.0,0.0,0.0,0.0,0.31523198,2141
k116,0.0,0.0,0.0,0.0,0.0,0.0667,0.0,0.0,0.142857143,0.292234477,323
k31,0.0,0.0,0.0,0.0,0.0244,0.0333,0.0,0.0,0.0,0.371888231,1518
k155,0.0,0.0,0.0,0.429909974,0.127723812,0.1,0.0,0.248440489,0.0714,0.257734882,657
k1983,0.0,0.0263,0.1,0.0,0.0641,0.0667,0.0,0.0,0.0,0.285831301,233
k1545,0.0,0.0263,0.05,0.0,0.0639,0.0667,0.0,0.0792,0.0,0.334288304,386
k2935,0.0,0.0,0.0,0.0,0.0639,0.0667,0.0,0.0606,0.0476,0.277538312,2843
k405,0.0,0.0789,0.05,0.35374856,0.0814,0.2,0.0588,0.00519,0.119047619,0.153386329,249
k875,0.0,0.0,0.0,0.0,0.0589,0.0667,0.0,0.0,0.0,0.0928,2561
k2138,0.0,0.0263,0.05,0.0,0.0868,0.166666667,0.0,0.133018001,0.0,0.277573265,778
k1256,0.0,0.0,0.15,0.0,0.0,0.1,0.0,0.253734952,0.0714,0.346947738,1624
k264,0.0,0.0,0.0,0.275447282,0.03,0.0667,0.0,0.0276,0.0,0.0928,2307
k2056,0.0,0.0,0.0,0.0,0.0,0.0,0.0,0.154498109,0.0,0.397159949,1562
k1726,0.0,0.105263158,0.0,0.0,0.0745,0.2,0.0588,0.0606,0.0952,0.226877562,2937
k539,0.25,0.0263,0.3,0.0,0.0294,0.2,0.0294,0.251004893,0.0238,0.413921709,1120
k2167,0.0,0.0,0.15,0.0,0.0458,0.133333333,0.0588,0.0539,0.0,0.0928,2718
k1616,0.0,0.0,0.0,0.311305823,0.0,0.2,0.0882,0.232128483,0.119047619,0.162103186,1463
k3040,0.0,0.0263,0.05,0.0,0.0,0.1,0.0294,0.0734,0.166666667,0.273797186,3194
k40,0.0,0.0,0.0,0.0,0.0468,0.0,0.0,0.0,0.0,0.292661548,1538
k3184,0.0,0.0,0.0,0.0,0.14408869,0.166666667,0.0882,0.202778166,0.0476,0.131305339,543
k731,0.0,0.0,0.05,0.0,0.0,0.0667,0.0,0.175510747,0.0238,0.249997793,2786
k21,0.0,0.0,0.0,0.0,0.0,0.0667,0.0,0.158757243,0.0714,0.2943452,3035
k199,0.0,0.0,0.0,0.0,0.0,0.0333,0.0,0.0,0.0,0.309712278,1050
k1629,0.0,0.0,0.0,0.0,0.0233,0.0333,0.0,0.0,0.0,0.349837118,2410
k1160,0.0,0.0,0.1,0.0,0.0,0.0667,0.0,0.158757243,0.0952,0.308753152,2003
k56,0.0,0.0,0.0,0.616495942,0.0,0.1,0.0,0.0524,0.119047619,0.27238428,3427
k2260,0.0,0.0263,0.05,0.0,0.0,0.133333333,0.0,0.0734,0.166666667,0.18658948,2472
k2313,0.0,0.0,0.1,0.0,0.0449,0.0667,0.0294,0.0524,0.19047619,0.300983578,339
k779,0.0,0.0,0.2,0.0,0.0294,0.0667,0.0,0.158757243,0.119047619,0.310886071,1280
k2331,0.0,0.0,0.3,0.0,0.0,0.2,0.0,0.476271696,0.19047619,0.325195604,2544
k2153,0.0,0.0263,0.0,0.310014308,0.173326801,0.2,0.0588,0.180697419,0.0238,0.0928,1222
k3386,0.0,0.0,0.05,0.0,0.0244,0.0333,0.0,0.0,0.0,0.363628318,54
k622,0.0,0.0526,0.0,0.375767629,0.0745,0.133333333,0.0,0.130389342,0.0,0.246659862,2938
k1745,0.0,0.0,0.0,0.0,0.0,0.1,0.0294,0.0,0.0238,0.301772969,2797
k1514,0.0,0.0,0.1,0.508388518,0.0639,0.133333333,0.0,0.0606,0.0714,0.279878471,2290
k2045,0.0,0.0,0.05,0.0,0.0933,0.1,0.0,0.0805,0.0,0.281149479,3220
k85,0.0,0.0,0.0,0.316522532,0.0,0.0667,0.0294,0.0816,0.0,0.355359205,1148
k2575,0.0,0.0,0.05,0.0,0.0685,0.0333,0.0,0.0,0.0238,0.301772969,1277
k466,0.0,0.105263158,0.0,0.0,0.132385582,0.166666667,0.0882,0.142189661,0.0,0.203072736,3338
k2455,0.0,0.0,0.25,0.54709599,0.0,0.1,0.0,0.0,0.19047619,0.290576775,181
k401,0.0,0.0,0.0,0.0,0.0639,0.0667,0.0,0.0504,0.0,0.292725594,2855
k3056,0.0,0.0,0.0,0.0,0.0639,0.1,0.0,0.0606,0.0,0.225537212,154
k1955,0.0,0.0,0.0,0.0,0.138380662,0.166666667,0.0588,0.276249378,0.0,0.156861462,569
k1224,0.333333333,0.105263158,0.25,0.0,0.0458,0.266666667,0.0588,0.0656,0.0,0.527681239,2406
k1172,0.0,0.0,0.35,0.0,0.0,0.166666667,0.0294,0.0513,0.0,0.252471915,77
k1517,0.0,0.0,0.1,0.495561999,0.0,0.1,0.0,0.012,0.0476,0.275594202,3392
k1258,0.0,0.0,0.0,0.281828887,0.03,0.1,0.0,0.0276,0.0,0.0928,2335
k2174,0.0,0.0,0.05,0.0,0.132385582,0.1,0.0,0.0723,0.0,0.301772969,2704
k288,0.0,0.0,0.3,0.0,0.0,0.2,0.0,0.476271696,0.214285714,0.335984299,1372
k829,0.0833,0.0,0.15,0.0,0.0,0.0333,0.0,0.0,0.0714,0.316431308,1316
k2256,0.0,0.0,0.1,0.0,0.0,0.1,0.0,0.158757243,0.0476,0.294427905,727
k3355,0.0,0.0,0.0,0.0,0.0,0.0667,0.0,0.0,0.0,0.182780287,1491
k2741,0.0,0.0,0.0,0.281499677,0.03,0.0667,0.0,0.0276,0.0238,0.0928,767
k2452,0.0,0.0,0.0,0.345442344,0.0639,0.133333333,0.0,0.0396,0.0238,0.0928,2160
k639,0.0,0.0,0.0,0.0,0.0,0.0333,0.0,0.0,0.0,0.376212909,1057
k3006,0.0,0.0,0.0,0.0,0.0,0.0333,0.0,0.0,0.0952,0.327012078,3073
k2142,0.0,0.0263,0.05,0.435025387,0.0173,0.1,0.0,0.0616,0.142857143,0.274233114,2996
k290,0.0,0.0,0.0,0.0,0.0,0.0667,0.0,0.0,0.0,0.35542713,2665
k55,0.0,0.0,0.0,0.0,0.0,0.0,0.0,0.0,0.0,0.275224694,1727
k1177,0.0,0.0,0.0,0.0,0.0,0.0,0.0,0.0,0.0,0.305903382,2331
k1379,0.0,0.0,0.0,0.448003849,0.0,0.0667,0.0,0.1873008,0.261904762,0.293978047,2707
k2772,0.0,0.0,0.0,0.0,0.0,0.0333,0.0,0.0,0.0,0.269753118,581
k571,0.0,0.0,0.1,0.0,0.0449,0.0667,0.0,0.158757243,0.0476,0.327539704,693
k13,0.0,0.0,0.1,0.527862542,0.0,0.0667,0.0,0.095,0.0952,0.301772969,2881
k138,0.0,0.0,0.0,0.0,0.0,0.0667,0.0,0.0,0.0476,0.310991542,629
k1784,0.0,0.0263,0.0,0.0,0.0639,0.133333333,0.0,0.0606,0.0,0.145042423,1704
k2592,0.0,0.0,0.3,0.516504805,0.255447624,0.466666667,0.117647059,0.580535251,0.428571429,0.210350989,1739
k901,0.0,0.105263158,0.0,0.0,0.0908,0.166666667,0.117647059,0.103497473,0.0,0.680393371,2018
k852,0.0,0.0,0.0,0.0,0.0,0.0667,0.0,0.158757243,0.0714,0.296263308,2814
k1474,0.0,0.0,0.2,0.0,0.0,0.166666667,0.0882,0.0792,0.119047619,0.294785692,263
k350,0.0833,0.0,0.0,0.0,0.0,0.0333,0.0,0.0,0.0,0.36129098,135
k2477,0.0,0.0263,0.0,0.0,0.0,0.1,0.0,0.0,0.0238,0.204668786,815
k3174,0.0,0.0263,0.2,0.0,0.0,0.2,0.0588,0.317514491,0.0,0.197963049,35
k3218,0.0,0.0,0.0,0.0,0.0,0.1,0.0,0.144606271,0.0,0.323435045,140
k111,0.0,0.0263,0.1,0.0,0.0641,0.0667,0.0,0.0,0.0,0.289017668,2173
k109,0.0,0.0,0.2,0.0,0.0,0.133333333,0.0,0.0792,0.0952,0.332054311,2712
k398,0.0,0.0,0.1,0.0,0.123910947,0.1,0.0,0.175869444,0.0714,0.301772969,2522
k1129,0.0,0.157894737,0.0,0.0,0.0856,0.233333333,0.0,0.0796,0.0238,0.417723137,724
k3257,0.0,0.0,0.1,0.0,0.0,0.0667,0.0,0.0792,0.0,0.304374789,2455
k944,0.0,0.0,0.0,0.0,0.174474455,0.2,0.0294,0.141121548,0.0714,0.275767775,996
k3395,0.0,0.0,0.05,0.0,0.0,0.0333,0.0,0.0,0.0,0.301772969,1867
k1130,0.166666667,0.0,0.3,0.522443243,0.0,0.2,0.0,0.429792372,0.119047619,0.459714464,3172
k354,0.0,0.0,0.1,0.0,0.0,0.133333333,0.0588,0.263474471,0.0714,0.270097453,759
k2649,0.0,0.0,0.1,0.0,0.0,0.1,0.0,0.0723,0.0952,0.288302985,3156
k3096,0.0,0.0263,0.0,0.0,0.0,0.0667,0.0,0.336697925,0.166666667,0.292765028,238
k1104,0.0,0.0263,0.0,0.0,0.0367,0.0667,0.0,0.0,0.0,0.0928,10
k1722,0.0,0.0263,0.15,0.0,0.0,0.1,0.0,0.0,0.0,0.290317883,1286
k2513,0.0,0.0,0.0,0.354128417,0.0126,0.0667,0.0,0.0,0.0,0.302482487,3169
k3059,0.0,0.0,0.05,0.0,0.0,0.0,0.0,0.0,0.0476,0.330863104,882
k2010,0.0,0.0,0.0,0.0,0.0468,0.0667,0.0,0.0,0.0,0.192573796,2504
k1910,0.0,0.0,0.2,0.0,0.0,0.166666667,0.0588,0.227575655,0.0238,0.285703976,1551
k1601,0.0,0.0,0.0,0.0,0.0,0.133333333,0.0294,0.142189661,0.0952,0.321867837,333
k1694,0.0,0.0,0.0,0.0,0.0,0.1,0.0588,0.158757243,0.0,0.118130313,2299
k3005,0.0,0.0,0.0,0.333223597,0.0346,0.166666667,0.0,0.0,0.0,0.121545674,910
k449,0.0,0.0,0.0,0.0,0.0,0.0667,0.0294,0.0,0.0,0.279638892,13
k1166,0.0,0.0789,0.0,0.0,0.0,0.133333333,0.0,0.0,0.0,0.680393371,923
k656,0.0,0.105263158,0.0,0.0,0.0,0.166666667,0.117647059,0.0,0.0476,0.187419331,2794
k614,0.0,0.0,0.05,0.0,0.0244,0.0333,0.0,0.0,0.0,0.359979273,1091
k3411,0.166666667,0.0526,0.0,0.0,0.0,0.133333333,0.0882,0.0,0.0,0.550264646,2150
k725,0.0,0.0,0.1,0.0,0.0,0.1,0.0,0.158757243,0.0476,0.301772969,1152
k527,0.0,0.0263,0.0,0.343049242,0.0,0.1,0.0,0.0,0.0238,0.0928,3131
k2926,0.0,0.0,0.15,0.0,0.0632,0.166666667,0.117647059,0.0539,0.0,0.0928,527
k119,0.0,0.0263,0.05,0.0,0.0,0.1,0.0,0.0734,0.166666667,0.208464072,1443
k1403,0.0,0.0263,0.0,0.0,0.0173,0.133333333,0.0,0.101545657,0.0476,0.288726375,816
k3267,0.0,0.0263,0.0,0.0,0.0639,0.0667,0.0,0.0606,0.0714,0.301772969,2837
k891,0.0,0.0,0.3,0.0,0.0,0.166666667,0.0588,0.237909005,0.0476,0.302867231,92
k839,0.0,0.0,0.0,0.0,0.0,0.1,0.0,0.0596,0.0,0.469148792,2273
k3097,0.0,0.0789,0.0,0.0,0.21457006,0.2,0.117647059,0.161066062,0.0476,0.118223546,983
k2960,0.0,0.0,0.4,0.0,0.0,0.166666667,0.0,0.357090371,0.0476,0.301772969,2818
k1963,0.0,0.0263,0.0,0.0,0.0,0.0667,0.0,0.0,0.0,0.469068919,2289
k2916,0.0,0.0,0.0,0.0,0.0589,0.0667,0.0,0.0,0.0,0.105322985,1825
k3027,0.0,0.0,0.0,0.0,0.0,0.0667,0.0294,0.279192645,0.0,0.409103808,3221
k2785,0.0833,0.0,0.0,0.0,0.0,0.0667,0.0,0.0,0.0238,0.365491994,1515
k960,0.0833,0.0,0.0,0.0,0.0,0.133333333,0.0,0.219345762,0.0,0.429727153,224
k2674,0.0,0.0526,0.0,0.0,0.0346,0.266666667,0.0882,0.0,0.0,0.122597739,654
k49,0.0,0.0263,0.0,0.0,0.0639,0.133333333,0.0,0.0688,0.0,0.259135538,3157
k224,0.0,0.0,0.05,0.0,0.113446406,0.0667,0.0294,0.104717232,0.119047619,0.340955993,3116
k2344,0.0,0.0263,0.1,0.0,0.0,0.166666667,0.0882,0.158757243,0.0238,0.283398739,2411
k2112,0.0,0.0,0.0,0.0,0.0639,0.0667,0.0,0.0606,0.0,0.301772969,2013
k836,0.0,0.0,0.0,0.465300024,0.0178,0.166666667,0.0,0.170424183,0.30952381,0.315270044,1181
k627,0.0,0.0,0.1,0.0,0.0449,0.0667,0.0,0.274747585,0.0238,0.346120262,3030
k1338,0.0,0.0526,0.0,0.0,0.0126,0.1,0.0,0.0,0.0,0.17225211,652
k1339,0.0,0.0263,0.05,0.0,0.137275485,0.133333333,0.0,0.0857,0.0,0.168632213,3148
k1293,0.0,0.0,0.1,0.0,0.0449,0.1,0.0,0.158757243,0.166666667,0.308795562,881
k1320,0.0,0.0,0.0,0.354584246,0.114594063,0.0667,0.0,0.095,0.0,0.190648182,717
k500,0.0,0.0526,0.0,0.0,0.181637998,0.1,0.0,0.142783497,0.0,0.103575321,1804
k3206,0.0,0.0263,0.05,0.0,0.0685,0.1,0.0294,0.0,0.0,0.287676754,1436
k18,0.0,0.0,0.0,0.0,0.0483,0.333333333,0.147058824,0.0609,0.0,0.242550411,3316
k1507,0.0,0.0,0.1,0.528001823,0.0639,0.133333333,0.0,0.0606,0.0476,0.253822423,1597
k2312,0.0,0.0263,0.0,0.0,0.0,0.0667,0.0,0.095,0.0,0.272895156,114
k1613,0.166666667,0.0,0.1,0.0,0.0,0.133333333,0.0294,0.170471855,0.0,0.517805474,1398
k3256,0.0,0.105263158,0.0,0.0,0.214806278,0.3,0.0882,0.137636815,0.0,0.123893544,1828
k1862,0.0,0.0263,0.1,0.0,0.0641,0.0667,0.0,0.0,0.0,0.283249965,2174
k1356,0.0,0.0,0.0,0.440102815,0.0,0.0667,0.0,0.134942189,0.166666667,0.270533424,1329
k1789,0.0,0.0526,0.0,0.314420654,0.0,0.166666667,0.0588,0.101545657,0.0952,0.271901616,932
k3047,0.0,0.0,0.1,0.516086962,0.0,0.0667,0.0,0.0,0.0476,0.301772969,2580
k212,0.0,0.0,0.05,0.0,0.0639,0.1,0.0,0.0606,0.0714,0.29013899,2567
k1954,0.0,0.0263,0.0,0.0,0.186601296,0.2,0.147058824,0.141121548,0.0238,0.0928,3265
k2244,0.0,0.0,0.1,0.0,0.0,0.0,0.0,0.0,0.0476,0.317149901,3241
k2083,0.0,0.105263158,0.25,0.0,0.190839334,0.366666667,0.117647059,0.187546055,0.0238,0.187419331,781
k3337,0.0,0.0,0.15,0.0,0.0449,0.1,0.0,0.158757243,0.166666667,0.313636872,3279
k2949,0.0,0.0526,0.0,0.0,0.0639,0.1,0.0294,0.0396,0.0,0.113089396,1783
k1418,0.0,0.0526,0.0,0.0,0.138380662,0.233333333,0.0,0.161367715,0.0238,0.402643442,1334
k1944,0.0,0.157894737,0.0,0.0,0.0,0.166666667,0.0,0.15891265,0.0,0.680393371,1671
k1401,0.0,0.0,0.0,0.334907631,0.0933,0.133333333,0.0,0.204753278,0.0238,0.221303244,3251
k1598,0.0,0.0263,0.0,0.0,0.0,0.1,0.0294,0.0,0.0,0.0991,2740
k2362,0.0,0.0,0.4,0.500474822,0.023,0.266666667,0.0,0.0539,0.285714286,0.301772969,1496
k1265,0.0,0.0,0.15,0.0,0.0,0.133333333,0.0,0.431477355,0.142857143,0.334604531,2321
k1621,0.0,0.0,0.0,0.302670398,0.0639,0.166666667,0.0294,0.142189661,0.0238,0.370037188,2491
k572,0.0,0.0,0.05,0.0,0.0294,0.0,0.0,0.0,0.0,0.315917715,619
k1085,0.0,0.0263,0.0,0.0,0.126305358,0.266666667,0.0,0.10773246,0.0,0.102024906,2543
k262,0.0,0.0,0.15,0.0,0.0,0.1,0.0,0.310183417,0.0,0.440902666,849
k1634,0.0,0.0,0.0,0.0,0.0,0.0667,0.0,0.157075867,0.0952,0.275605186,2187
k2310,0.0,0.0263,0.15,0.0,0.0173,0.133333333,0.0,0.158757243,0.0714,0.301045871,2407
k275,0.0,0.0,0.1,0.0,0.0,0.0667,0.0,0.158757243,0.0714,0.367091873,2986
k3054,0.0,0.0263,0.15,0.0,0.0173,0.133333333,0.0,0.158757243,0.0714,0.302750184,2040
k2277,0.0,0.0,0.2,0.557972574,0.120431869,0.133333333,0.0294,0.33426799,0.142857143,0.301772969,2430
k738,0.0,0.0263,0.15,0.0,0.0,0.166666667,0.0882,0.0606,0.0952,0.255245752,2288
k1790,0.0,0.0789,0.0,0.293604467,0.114850579,0.233333333,0.0882,0.150419545,0.0952,0.127190207,2616
k2334,0.0,0.0,0.0,0.0,0.0244,0.133333333,0.0,0.219345762,0.0,0.401209876,704
k3401,0.0,0.0,0.0,0.0,0.0817,0.0333,0.0,0.074,0.0,0.0998,2262
k2152,0.0,0.0,0.0,0.0,0.0762,0.0333,0.0,0.0,0.0,0.0928,540
k3160,0.0,0.0,0.5,0.421869658,0.0,0.366666667,0.235294118,0.647024594,0.0952,0.274840293,29
k2366,0.0,0.0789,0.25,0.0,0.190839334,0.366666667,0.0882,0.187546055,0.0238,0.178050954,722
k1737,0.0,0.0,0.1,0.0,0.0,0.0667,0.0,0.0792,0.0,0.325892572,2116
k2847,0.0,0.0,0.05,0.0,0.0,0.0,0.0,0.0117,0.0,0.297566199,3171
k3068,0.0,0.0263,0.0,0.0,0.0107,0.133333333,0.0,0.0,0.0714,0.301582978,1818
k3090,0.0,0.0,0.0,0.0,0.14408869,0.166666667,0.0588,0.202778166,0.0476,0.251184634,3153
k1771,0.0,0.0526,0.1,0.0,0.121505621,0.266666667,0.0882,0.12010891,0.0,0.263831798,1439
k2214,0.0,0.0,0.0,0.0,0.0,0.0333,0.0,0.0,0.0714,0.352502154,5
k2964,0.0,0.0,0.05,0.0,0.0468,0.0,0.0,0.0,0.0,0.291178747,2958
k2009,0.0,0.0789,0.05,0.336958861,0.0685,0.166666667,0.0294,0.0524,0.0476,0.290474674,1527
k1949,0.0,0.0789,0.0,0.0,0.214806278,0.3,0.176470588,0.108394293,0.0,0.120603612,139
k3004,0.0,0.0263,0.0,0.0,0.0933,0.1,0.0,0.0805,0.0,0.28884339,2530
k1463,0.0,0.0263,0.15,0.0,0.0173,0.133333333,0.0,0.158757243,0.0476,0.255274908,3313
k1385,0.166666667,0.0789,0.1,0.0,0.0,0.2,0.117647059,0.0792,0.0,0.375566628,844
k827,0.0,0.0,0.2,0.385276726,0.0,0.1,0.0,0.158757243,0.142857143,0.381702615,1051
k717,0.0,0.0,0.05,0.0,0.0,0.0,0.0,0.0,0.0476,0.303462554,1348
k2720,0.0,0.105263158,0.0,0.310837332,0.0178,0.233333333,0.0294,0.128883455,0.0952,0.241978476,136
k334,0.0,0.0,0.1,0.0,0.0468,0.0333,0.0,0.0396,0.0,0.294548457,2228
k2264,0.0,0.0,0.0,0.0,0.0294,0.0667,0.0,0.0,0.0,0.284097128,2031
k2306,0.0,0.0,0.1,0.0,0.0,0.0333,0.0,0.0524,0.142857143,0.314969593,62
k2307,0.0,0.0526,0.0,0.0,0.0933,0.1,0.0294,0.0805,0.0,0.43740783,1965
k2232,0.166666667,0.0,0.0,0.0,0.0,0.133333333,0.0588,0.0,0.0,0.398882869,455
k1729,0.25,0.0526,0.1,0.0,0.0,0.166666667,0.0882,0.158757243,0.0,0.602483093,218
k2129,0.0,0.0263,0.0,0.0,0.117776092,0.0667,0.0,0.103207611,0.0,0.24607657,2922
k1864,0.0,0.0789,0.0,0.0,0.0115,0.133333333,0.0588,0.20091695,0.0,0.238469306,2447
k634,0.0833,0.0,0.1,0.0,0.0107,0.166666667,0.0294,0.0,0.0952,0.257583443,3239
k382,0.0,0.0,0.2,0.0,0.0,0.133333333,0.0,0.317514491,0.142857143,0.287253883,2871
k2712,0.0,0.0,0.0,0.0,0.0,0.0333,0.0,0.0,0.0,0.27854686,587
k1153,0.0,0.0,0.2,0.0,0.0,0.166666667,0.0882,0.385725718,0.0238,0.386253191,2537
k743,0.0,0.0,0.0,0.0,0.0,0.0,0.0,0.0,0.0,0.375775943,361
k1908,0.0,0.0,0.15,0.334818998,0.0,0.133333333,0.0294,0.158757243,0.0238,0.28267495,3276
k1429,0.0,0.0,0.0,0.348202641,0.0,0.0333,0.0,0.0,0.0,0.302815952,2212
k1454,0.0,0.105263158,0.0,0.0,0.0745,0.2,0.0,0.100779201,0.0238,0.535035036,574
k2130,0.0,0.0,0.2,0.0,0.0,0.133333333,0.0,0.317514491,0.0476,0.354343562,737
k668,0.0,0.0263,0.15,0.0,0.0173,0.133333333,0.0,0.158757243,0.0476,0.287007645,2413
k477,0.0,0.0263,0.0,0.0,0.203913199,0.2,0.147058824,0.161066062,0.0,0.0928,1341
k677,0.0,0.0526,0.0,0.0,0.0933,0.1,0.0294,0.0513,0.0,0.243374807,3340
k3365,0.0,0.0,0.1,0.458373957,0.246979634,0.133333333,0.0,0.155566241,0.0952,0.284457186,1807
k2101,0.0,0.0,0.0,0.0,0.0244,0.0333,0.0,0.0,0.0,0.347158961,2635
k2394,0.0,0.0263,0.0,0.0,0.135087995,0.1,0.0,0.103207611,0.0,0.280534532,2495
k1065,0.0,0.0,0.05,0.324309609,0.0294,0.133333333,0.0588,0.141121548,0.0952,0.287165556,157
k3199,0.0,0.0,0.1,0.0,0.0,0.1,0.0,0.0606,0.166666667,0.292894271,735
k242,0.416666667,0.105263158,0.0,0.0,0.0,0.2,0.176470588,0.0,0.0,0.82099111,3118
k1898,0.0,0.0,0.15,0.535193791,0.127723812,0.2,0.0,0.429792372,0.119047619,0.206275329,1536
k878,0.0,0.0,0.1,0.0,0.0,0.1,0.0,0.0396,0.0,0.277855068,353
k963,0.0,0.0,0.0,0.0,0.11061255,0.0333,0.0,0.0606,0.0238,0.283686309,804
k1590,0.0,0.0,0.0,0.0,0.197293746,0.133333333,0.0588,0.188927312,0.0,0.243728923,2540
k5,0.0,0.0,0.05,0.0,0.0468,0.0333,0.0,0.132450142,0.0,0.236575572,1248
k2097,0.0,0.0,0.0,0.0,0.03,0.166666667,0.0588,0.345130561,0.0238,0.0928,1255
k347,0.0,0.0,0.3,0.0,0.0,0.2,0.0,0.476271696,0.0,0.278836017,237
k3307,0.0,0.0,0.1,0.0,0.0,0.0667,0.0,0.104717232,0.238095238,0.327681073,2454
k438,0.0,0.0526,0.0,0.0,0.0126,0.1,0.0294,0.0,0.0,0.481240305,1063
k638,0.166666667,0.0,0.2,0.505336997,0.0,0.2,0.0294,0.253734952,0.0952,0.345083782,1742
k412,0.0,0.0,0.2,0.0,0.0,0.1,0.0,0.158757243,0.142857143,0.30477563,665
k2936,0.0,0.0,0.1,0.522683819,0.0461,0.0667,0.0,0.192057012,0.333333333,0.307804335,2565
k1799,0.166666667,0.0,0.4,0.0,0.0,0.133333333,0.0294,0.139740281,0.0714,0.316515309,2354
k1754,0.0,0.0,0.0,0.0,0.0468,0.0,0.0,0.132450142,0.0,0.26525604,1188
k2580,0.0,0.0,0.1,0.0,0.0,0.0333,0.0,0.0,0.0476,0.303443159,2347
k523,0.0,0.0,0.2,0.0,0.0,0.133333333,0.0,0.317514491,0.0714,0.287070861,371
k1972,0.0,0.0,0.0,0.0,0.0,0.133333333,0.0,0.198333124,0.0238,0.331276381,1600
k2731,0.0,0.0263,0.0,0.35222913,0.0,0.1,0.0,0.0,0.0714,0.247896871,3141
k522,0.0,0.0,0.2,0.520024817,0.0461,0.1,0.0,0.260875405,0.333333333,0.336248013,3312
k2668,0.0833,0.0,0.0,0.0,0.0,0.1,0.0,0.0723,0.19047619,0.344904847,467
k1527,0.0,0.105263158,0.0,0.0,0.0774,0.133333333,0.0,0.0824,0.0,0.680393371,1452
k1594,0.0,0.0,0.1,0.0,0.0,0.0667,0.0,0.158757243,0.0714,0.362988427,926
k612,0.0,0.0,0.0,0.0,0.13822338,0.166666667,0.0,0.0688,0.0,0.175094154,220
k239,0.0,0.0,0.05,0.354862808,0.0,0.0667,0.0,0.0,0.0,0.28239017,2373
k3052,0.0,0.0,0.05,0.0,0.0,0.1,0.0,0.263474471,0.0952,0.311070233,3396
k1117,0.0,0.0,0.0,0.0,0.0468,0.1,0.0,0.0,0.0,0.680393371,2673
k2522,0.0,0.0,0.1,0.0,0.0,0.0667,0.0,0.0,0.214285714,0.340820112,1945
k842,0.0,0.0263,0.2,0.0,0.0,0.133333333,0.0294,0.0792,0.0952,0.323883772,1895
k1013,0.0,0.0,0.1,0.0,0.0,0.0667,0.0,0.158757243,0.0238,0.301772969,1915
k482,0.0,0.0,0.05,0.0,0.0,0.0,0.0,0.0,0.0476,0.325478911,2901
k2456,0.0,0.0,0.1,0.0,0.0,0.0667,0.0,0.249623636,0.0476,0.315423766,2806
k1113,0.0,0.0,0.0,0.0,0.0,0.1,0.0588,0.232128483,0.0476,0.260546286,2481
k1824,0.0,0.0263,0.15,0.0,0.0173,0.133333333,0.0,0.158757243,0.0714,0.303076711,2531
k2908,0.0,0.0,0.0,0.0,0.116628435,0.1,0.0,0.437038094,0.0476,0.358324278,260
k1208,0.0,0.0263,0.05,0.0,0.0907,0.2,0.0,0.181765551,0.119047619,0.250846066,382
k3197,0.0,0.0,0.15,0.474695164,0.0,0.133333333,0.0,0.158757243,0.0714,0.224582681,129
k2360,0.0,0.0,0.0,0.0,0.0,0.0,0.0,0.0,0.0714,0.284192621,2774
k880,0.0,0.0,0.05,0.0,0.0458,0.1,0.0,0.0539,0.0,0.28379317,846
k2075,0.0,0.0263,0.0,0.0,0.0346,0.0667,0.0,0.0,0.0,0.27204035,1699
k146,0.0,0.0,0.3,0.0,0.0,0.2,0.0,0.476271696,0.19047619,0.330935344,679
k2400,0.0,0.0,0.0,0.0,0.0,0.133333333,0.0,0.219345762,0.0,0.308508884,917
k1886,0.0833,0.0,0.0,0.0,0.0,0.133333333,0.0,0.0,0.142857143,0.336458251,2255
k34,0.0,0.0,0.9,0.491193639,0.0919,0.6,0.0588,0.21546492,0.333333333,0.326265803,1911
k1740,0.0,0.0263,0.05,0.0,0.0173,0.0667,0.0,0.0,0.0,0.281811079,3206
k1481,0.0,0.0,0.25,0.0,0.0294,0.133333333,0.0294,0.30810866,0.0238,0.328807331,498
k2215,0.0,0.0,0.0,0.0,0.0933,0.166666667,0.0,0.0805,0.0,0.167192977,69
k3086,0.0,0.0,0.15,0.0,0.0,0.1,0.0,0.158757243,0.0238,0.282932545,1554
k2038,0.0,0.0,0.0,0.0,0.172646542,0.1,0.0,0.0792,0.0952,0.272271165,1610
k578,0.0,0.0,0.1,0.0,0.0,0.0667,0.0,0.158757243,0.0476,0.309571843,2809
k1371,0.0,0.0526,0.0,0.0,0.103957507,0.133333333,0.0588,0.227375486,0.0238,0.204355747,1311
k2402,0.0,0.0,0.0,0.446788305,0.0,0.0667,0.0,0.0616,0.142857143,0.292330779,75
k1039,0.166666667,0.0,0.2,0.558694303,0.0461,0.133333333,0.0294,0.403593062,0.0952,0.43286163,1511
k867,0.0,0.0263,0.2,0.0,0.0,0.133333333,0.0,0.237909005,0.0714,0.314566791,2834
k733,0.0,0.0,0.0,0.0,0.0,0.0,0.0,0.0,0.0,0.314879938,102
k2925,0.0,0.0,0.0,0.0,0.0294,0.0667,0.0,0.0,0.0,0.274806864,1907
k1358,0.0,0.0,0.1,0.0,0.0,0.1,0.0588,0.158757243,0.0238,0.301765823,2608
k1681,0.0,0.0,0.1,0.0,0.0,0.0667,0.0,0.158757243,0.0238,0.304925192,611
k218,0.0,0.0526,0.0,0.0,0.140051304,0.1,0.0,0.0805,0.0,0.0928,1834
k2018,0.0,0.0,0.0,0.0,0.0,0.0,0.0,0.0,0.0,0.384509123,3047
k1033,0.0,0.0,0.2,0.0,0.0,0.1,0.0294,0.0792,0.0,0.282993003,3162
k805,0.0,0.0263,0.1,0.0,0.0641,0.0667,0.0,0.0,0.0,0.280335683,1872
k1674,0.0,0.0,0.2,0.0,0.0,0.133333333,0.0588,0.0792,0.0476,0.29676545,821
k3065,0.0,0.0263,0.15,0.0,0.0641,0.0667,0.0,0.0,0.0,0.277775817,845
k3368,0.0,0.0263,0.05,0.0,0.0173,0.0667,0.0,0.0,0.0,0.290987511,1927
k1290,0.0,0.0,0.65,0.474948403,0.0459,0.333333333,0.0294,0.266489703,0.285714286,0.302221324,534
k1292,0.0,0.0263,0.0,0.0,0.0,0.0667,0.0,0.0,0.0,0.267234335,1433
k84,0.0,0.0,0.05,0.0,0.0,0.0333,0.0,0.095,0.0714,0.337171834,1661
k644,0.0,0.0526,0.0,0.0,0.0589,0.2,0.0588,0.326299839,0.142857143,0.406156305,890
k2881,0.0,0.0,0.05,0.0,0.0,0.0667,0.0,0.0,0.0,0.27781076,789
k3302,0.0,0.0,0.05,0.41513352,0.0,0.0667,0.0,0.0616,0.119047619,0.28379456,2385
k2678,0.0,0.0,0.0,0.0,0.0449,0.0333,0.0,0.0,0.0952,0.329450956,1446
k2501,0.0,0.0526,0.3,0.0,0.0,0.3,0.0,0.63502899,0.0238,0.155457693,1434
k1929,0.0,0.0,0.2,0.0,0.0,0.133333333,0.0,0.317514491,0.19047619,0.306503549,780
k1933,0.0,0.0,0.0,0.0,0.0,0.133333333,0.0,0.0,0.0,0.192487938,2574
k1304,0.0,0.0,0.1,0.0,0.117776092,0.1,0.0,0.261964845,0.0238,0.296794129,461
k2840,0.0,0.0,0.2,0.0,0.0,0.133333333,0.0,0.317514491,0.142857143,0.342274006,2144
k1317,0.0,0.0263,0.0,0.0,0.0745,0.166666667,0.0294,0.331224788,0.0476,0.274430574,2864
k443,0.0,0.0,0.05,0.0,0.0,0.0333,0.0,0.0,0.0,0.325087031,2432
k2447,0.0833,0.0,0.0,0.0,0.0468,0.0333,0.0,0.0,0.0,0.306444648,284
k825,0.0,0.0,0.2,0.0,0.0,0.133333333,0.0,0.317514491,0.0,0.334825483,899
k1884,0.0,0.0,0.0,0.0,0.0468,0.0333,0.0,0.0,0.0,0.298770163,2765
k2464,0.0,0.0,0.0,0.0,0.0,0.0,0.0,0.0,0.0,0.308205103,2148
k2627,0.0,0.0,0.05,0.0,0.123910947,0.233333333,0.0,0.175869444,0.0476,0.0966,2072
k2051,0.0,0.0,0.0,0.0,0.0107,0.1,0.0,0.0,0.119047619,0.272588181,3400
k136,0.0,0.0263,0.0,0.0,0.0346,0.0667,0.0,0.0,0.0,0.286007633,1840
k1701,0.0,0.0,0.05,0.0,0.0,0.0667,0.0294,0.0,0.0,0.303312961,1567
k3028,0.0,0.0,0.05,0.0,0.0762,0.0,0.0,0.0,0.0,0.28879849,172
k2701,0.0,0.0,0.1,0.0,0.0,0.1,0.0294,0.0792,0.0,0.282632322,853
k2183,0.0,0.157894737,0.0,0.0,0.0745,0.266666667,0.0882,0.0688,0.0238,0.680393371,472
k2544,0.0833,0.0263,0.0,0.351722653,0.0,0.1,0.0,0.0,0.0714,0.366686147,1358
k1544,0.0,0.0263,0.0,0.325195943,0.0346,0.166666667,0.0,0.0,0.0,0.122521525,2816
k2762,0.0,0.0,0.0,0.0,0.0449,0.0333,0.0,0.0,0.0476,0.312701912,250
k2708,0.0,0.0,0.0,0.0,0.0,0.0333,0.0,0.0,0.0,0.322454075,1228
k838,0.0,0.0,0.05,0.0,0.112682647,0.233333333,0.0882,0.108394293,0.0476,0.332038028,831
k2632,0.0,0.0,0.1,0.0,0.0883,0.2,0.0588,0.232614528,0.166666667,0.198670081,969
k2516,0.0,0.0263,0.0,0.0,0.140371432,0.166666667,0.176470588,0.153137822,0.0,0.40970437,3321
k989,0.0,0.0,0.25,0.515187966,0.0761,0.166666667,0.0,0.440108284,0.19047619,0.284769172,2266
k2922,0.0,0.0,0.0,0.0,0.0,0.0333,0.0,0.0,0.0,0.394959001,2231
k15,0.0,0.0263,0.1,0.0,0.0641,0.0667,0.0,0.0,0.0,0.271495724,697
k2543,0.0,0.0,0.0,0.0,0.0,0.133333333,0.0,0.219345762,0.0,0.312203711,1884
k2094,0.0,0.0,0.05,0.0,0.0,0.0333,0.0,0.0,0.0,0.279278055,1467
k870,0.0,0.0,0.0,0.0,0.0639,0.0667,0.0,0.0606,0.0238,0.285562722,2171
k2119,0.0,0.0,0.05,0.0,0.147749877,0.233333333,0.0882,0.213111535,0.19047619,0.401568628,2555
k3385,0.0,0.0526,0.25,0.0,0.0639,0.3,0.117647059,0.118727652,0.0,0.168657599,2191
k1001,0.0,0.0,0.3,0.0,0.0,0.1,0.0,0.310183417,0.0238,0.478455329,2585
k2999,0.0,0.0,0.1,0.0,0.0294,0.0,0.0,0.0,0.0952,0.304501087,2985
k781,0.0,0.0,0.05,0.0,0.0294,0.0,0.0,0.0,0.0,0.301772969,2271
k195,0.0,0.0526,0.0,0.0,0.0639,0.1,0.0,0.0606,0.0476,0.268891083,2159
k1151,0.0,0.0,0.0,0.0,0.0,0.0,0.0,0.0,0.0476,0.315349088,2759
k1468,0.0,0.0,0.0,0.355369285,0.0126,0.0667,0.0,0.0,0.0,0.305079588,2827
k1028,0.0,0.0,0.4,0.509895286,0.0,0.233333333,0.0294,0.378103005,0.238095238,0.301438456,764
k3319,0.0,0.0,0.0,0.0,0.0,0.0667,0.0294,0.0,0.0,0.283425374,281
k1569,0.0,0.0,0.0,0.0,0.0,0.0667,0.0,0.194074009,0.0,0.269886034,285
k3285,0.0,0.0,0.0,0.0,0.0,0.1,0.0,0.0,0.0,0.680393371,1891
k965,0.0,0.0,0.0,0.475252289,0.0755,0.1,0.0,0.467159635,0.0476,0.339648818,1134
k1416,0.0,0.0,0.0,0.0,0.0,0.0667,0.0,0.0,0.0,0.229431985,1789
k380,0.0,0.0,0.3,0.0,0.0,0.133333333,0.0,0.0792,0.0952,0.290737435,774
k2757,0.0,0.0,0.0,0.0,0.0,0.0667,0.0,0.0,0.0238,0.301772969,1139
k2614,0.0,0.0263,0.0,0.0,0.0,0.133333333,0.0294,0.0,0.0476,0.194139892,3362
k2865,0.0,0.0,0.0,0.0,0.0,0.0667,0.0,0.0,0.0,0.274343772,3155
k1720,0.0,0.0,0.2,0.0,0.0,0.133333333,0.0,0.317514491,0.119047619,0.322325101,1618
k2792,0.0,0.0526,0.1,0.535371057,0.0,0.133333333,0.0,0.0,0.0476,0.269252521,3271
k2295,0.0,0.0,0.05,0.0,0.0,0.0333,0.0,0.0524,0.0952,0.325738176,3011
k3388,0.0,0.0,0.0,0.0,0.0449,0.0667,0.0,0.232128483,0.0476,0.299470553,1218
k140,0.0,0.0,0.2,0.0,0.0,0.133333333,0.0,0.317514491,0.142857143,0.334263744,1253
k3079,0.0833,0.0,0.0,0.0,0.0,0.0333,0.0,0.0909,0.0,0.382164961,1814
k2356,0.0,0.0,0.0,0.0,0.116628435,0.1,0.0,0.548917101,0.0476,0.350879924,400
k3132,0.0,0.0,0.0,0.0,0.0,0.0667,0.0,0.0,0.0476,0.301772969,643
k667,0.0,0.0,0.5,0.492902997,0.0,0.266666667,0.0,0.747306848,0.166666667,0.278599643,2206
k2728,0.0,0.0,0.0,0.0,0.0639,0.1,0.0,0.0504,0.0,0.0928,1192
k645,0.0,0.0,0.1,0.0,0.0712,0.0667,0.0,0.0396,0.0,0.301772969,1159
k1316,0.0,0.0263,0.2,0.529166719,0.0883,0.166666667,0.0,0.250691749,0.119047619,0.282800086,2621
k713,0.0,0.0,0.1,0.0,0.157748325,0.133333333,0.0,0.157022996,0.0476,0.248723601,940
k1803,0.0,0.105263158,0.1,0.0,0.0,0.233333333,0.0882,0.158757243,0.0238,0.46917244,1771
k1029,0.0,0.0526,0.0,0.0,0.0115,0.1,0.0294,0.0,0.0,0.341800594,1295
k3126,0.0,0.0,0.05,0.0,0.0,0.0333,0.0,0.0,0.0,0.298692551,2907
k2027,0.0,0.0,0.15,0.515023361,0.0685,0.0333,0.0,0.0,0.0476,0.320707165,785
k2433,0.0,0.0526,0.0,0.0,0.0,0.133333333,0.0588,0.0,0.0238,0.18145848,1166
k2727,0.0,0.0,0.0,0.0,0.0639,0.1,0.0,0.235031152,0.0,0.230286437,1841
k378,0.0,0.0263,0.1,0.0,0.0,0.1,0.0,0.0734,0.261904762,0.301772969,979
k640,0.0,0.0,0.0,0.0,0.152378796,0.0,0.0,0.0,0.0,0.0928,485
k374,0.0,0.0263,0.0,0.0,0.104406814,0.133333333,0.0588,0.0913,0.0,0.465747458,2945
k2584,0.0,0.0,0.0,0.0,0.0,0.0,0.0,0.0,0.0952,0.304337368,2741
k1999,0.0,0.0526,0.0,0.0,0.0,0.133333333,0.0,0.0,0.0476,0.244499956,11
k2469,0.0,0.0,0.4,0.0,0.0589,0.166666667,0.0,0.438691523,0.0952,0.205756062,3314
k3154,0.0,0.0526,0.0,0.0,0.117776092,0.1,0.0294,0.103207611,0.0,0.0928,1377
k2538,0.0,0.0,0.0,0.0,0.0,0.0667,0.0,0.0,0.0476,0.356442493,115
k1398,0.0,0.0,0.0,0.0,0.0107,0.1,0.0294,0.0,0.0714,0.178253225,640
k2667,0.0,0.0,0.1,0.0,0.0,0.0667,0.0,0.181569593,0.0,0.375574833,1651
k2379,0.0,0.0,0.4,0.0,0.0,0.266666667,0.0,0.63502899,0.142857143,0.31943094,2857
k1918,0.0,0.0789,0.0,0.294376844,0.03,0.166666667,0.0294,0.158038726,0.0476,0.203731586,2007
k1056,0.0,0.0526,0.25,0.0,0.220278077,0.366666667,0.176470588,0.187546055,0.0238,0.184379791,1150
k2108,0.0,0.0,0.05,0.0,0.147749877,0.233333333,0.0882,0.108394293,0.166666667,0.367464554,1019
k823,0.0,0.0,0.2,0.0,0.0,0.166666667,0.0,0.317514491,0.0,0.297032069,191
k3209,0.0,0.0526,0.0,0.0,0.0753,0.166666667,0.0,0.0606,0.0238,0.226843391,565
k3228,0.0,0.0,0.15,0.0,0.0,0.0333,0.0,0.0,0.0714,0.28924643,2046
k1751,0.0,0.0,0.1,0.0,0.0523,0.166666667,0.0294,0.12010891,0.0,0.265390158,3358
k1284,0.0,0.0,0.0,0.0,0.0639,0.0333,0.0,0.0805,0.0,0.292655117,592
k1581,0.0,0.0,0.0,0.0,0.0468,0.0333,0.0,0.0,0.0,0.262817576,2682
k1236,0.0,0.0,0.2,0.0,0.0939,0.1,0.0,0.157022996,0.0952,0.279781287,143
k2742,0.0,0.0,0.05,0.0,0.0468,0.0,0.0,0.0,0.0238,0.288420955,2029
k1842,0.0,0.0263,0.05,0.0,0.0173,0.0667,0.0,0.0,0.0,0.291212694,2342
k210,0.0,0.0,0.05,0.0,0.0294,0.0333,0.0,0.0,0.0,0.286460727,1403
k1136,0.0,0.0,0.0,0.0,0.0933,0.2,0.0588,0.171399412,0.0,0.0928,3402
k2583,0.0,0.0,0.0,0.0,0.140051304,0.133333333,0.0,0.0805,0.0,0.0928,1247
k1249,0.0,0.0,0.1,0.0,0.0,0.0667,0.0,0.158757243,0.0714,0.344049397,2382
k3137,0.0,0.0,0.0,0.0,0.0,0.0,0.0,0.0,0.0,0.374865159,428
k3183,0.0,0.0,0.0,0.0,0.378910636,0.266666667,0.117647059,0.310417513,0.0,0.116943374,736
k1137,0.0,0.0,0.1,0.0,0.0,0.1,0.0,0.30559969,0.0,0.357455605,1071
k1250,0.0,0.0,0.0,0.0,0.0,0.133333333,0.0,0.219345762,0.0238,0.309762084,875
k2789,0.0,0.0,0.05,0.0,0.0,0.0667,0.0,0.095,0.0476,0.340365109,1714
k3231,0.0,0.0,0.0,0.0,0.0,0.0,0.0,0.0,0.0,0.311924697,3329
k2413,0.0,0.0,0.1,0.0,0.0468,0.0333,0.0,0.181569593,0.0238,0.28433455,2701
k1850,0.0833,0.0,0.1,0.0,0.0,0.1,0.0,0.158757243,0.0238,0.369577082,2192
k3314,0.0,0.0,0.0,0.0,0.0,0.0333,0.0,0.0,0.0952,0.31666289,1875
k1744,0.0,0.0,0.0,0.0,0.0,0.0667,0.0,0.0,0.0476,0.282719124,1384
k2981,0.0,0.0526,0.2,0.0,0.0,0.2,0.0588,0.0513,0.0,0.31309041,1638
k1367,0.0,0.0,0.0,0.0,0.0639,0.166666667,0.0588,0.0396,0.0,0.109818104,2349
k404,0.0,0.0,0.0,0.0,0.0,0.0333,0.0,0.0,0.0,0.395823505,3025
k3426,0.0833,0.0,0.1,0.0,0.0,0.1,0.0,0.158757243,0.0,0.409015834,1351
k3076,0.0,0.0,0.05,0.0,0.0,0.3,0.205882353,0.263474471,0.119047619,0.133662579,3305
k1655,0.0,0.0526,0.0,0.0,0.138380662,0.133333333,0.0,0.129406921,0.0476,0.293662297,2966
k1870,0.0,0.0,0.1,0.0,0.0,0.133333333,0.0,0.158757243,0.19047619,0.27875828,1191
k935,0.0,0.0263,0.0,0.0,0.0,0.1,0.0294,0.0,0.0238,0.186422645,1786
k2257,0.0,0.0,0.15,0.0,0.0,0.0333,0.0,0.0,0.0714,0.290868431,1820
k152,0.0,0.0,0.1,0.0,0.0,0.133333333,0.147058824,0.0688,0.0,0.338235882,3007
k2164,0.0,0.0,0.1,0.0,0.0,0.0667,0.0,0.249623636,0.0476,0.310611476,3002
k671,0.0,0.0263,0.0,0.0,0.0,0.1,0.0,0.0734,0.0714,0.220182791,2854
k123,0.0,0.0,0.05,0.0,0.0,0.0667,0.0,0.095,0.0714,0.348298879,3179
k1707,0.0,0.0,0.1,0.0,0.0,0.0,0.0,0.0,0.0714,0.330038325,1273
k397,0.0,0.0,0.2,0.0,0.0294,0.0667,0.0,0.158757243,0.0714,0.329141377,1723
k483,0.0,0.0,0.2,0.0,0.0,0.2,0.0588,0.0792,0.0952,0.286032421,3330
k165,0.0,0.0263,0.0,0.0,0.0449,0.0667,0.0,0.336697925,0.0,0.359373381,2248
k3115,0.166666667,0.0263,0.0,0.0,0.0,0.166666667,0.0,0.0,0.0,0.680393371,1350
k2644,0.0,0.0,0.0,0.0,0.0639,0.0667,0.0294,0.0805,0.0476,0.194304843,1587
k44,0.0,0.0,0.0,0.0,0.0639,0.0667,0.0,0.0606,0.0238,0.301772969,2872
k3237,0.0,0.0,0.0,0.0,0.0989,0.166666667,0.0588,0.194548273,0.19047619,0.289121895,1476
k2517,0.0,0.0,0.0,0.0,0.0639,0.0667,0.0294,0.142189661,0.0476,0.176502341,1420
k3083,0.0,0.0,0.3,0.0,0.0,0.133333333,0.0,0.317514491,0.142857143,0.237382128,377
k549,0.0,0.0,0.05,0.0,0.0933,0.0667,0.0,0.0805,0.0,0.29156849,754
k2039,0.0,0.0526,0.05,0.0,0.0,0.166666667,0.0294,0.0734,0.214285714,0.160526685,1775
k3109,0.0,0.0526,0.15,0.344973853,0.0975,0.2,0.0294,0.129406921,0.0476,0.269076262,1602
k2131,0.0,0.0,0.05,0.0,0.0,0.1,0.0,0.175510747,0.0476,0.228404442,1454
k120,0.0,0.0526,0.0,0.0,0.0,0.1,0.0,0.0,0.0,0.533752588,1564
k2716,0.0,0.0,0.0,0.0,0.0,0.1,0.0,0.0,0.0,0.883889079,2414
k1591,0.0,0.0,0.05,0.0,0.0,0.0,0.0,0.0,0.0714,0.340531826,902
k3404,0.0,0.0263,0.05,0.0,0.137275485,0.133333333,0.0294,0.0857,0.0,0.138132605,3350
k2318,0.0,0.0263,0.15,0.0,0.0173,0.133333333,0.0,0.158757243,0.0714,0.301435345,1584
k2332,0.0,0.0,0.0,0.453321853,0.0939,0.133333333,0.0,0.463558067,0.0476,0.271947345,1196
k2008,0.0,0.0,0.05,0.0,0.0,0.1,0.0294,0.0734,0.166666667,0.273519905,3386
k1610,0.0,0.0,0.05,0.448586297,0.0,0.133333333,0.0,0.134975502,0.19047619,0.395374559,2991
k2603,0.0833,0.0,0.0,0.0,0.0449,0.0667,0.0,0.0524,0.0,0.334188496,3248
k1012,0.0,0.0,0.1,0.0,0.0449,0.0667,0.0,0.0524,0.19047619,0.299602815,2754
k2932,0.0,0.0,0.0,0.0,0.215128623,0.133333333,0.0294,0.218169843,0.0,0.0928,1800
k1314,0.0,0.0263,0.0,0.359193183,0.0173,0.133333333,0.0,0.0,0.0476,0.102720238,2258
k851,0.0,0.0263,0.05,0.0,0.0173,0.0667,0.0,0.0,0.0,0.29921747,1640
k2270,0.0,0.0,0.0,0.0,0.0,0.166666667,0.117647059,0.0,0.0,0.124358482,965
k3266,0.0,0.0,0.05,0.359712321,0.0,0.0333,0.0,0.0,0.0,0.301772969,920
k2497,0.0,0.0,0.2,0.0,0.06,0.1,0.0,0.175869444,0.119047619,0.301772969,158
k544,0.0,0.0,0.2,0.0,0.137047351,0.166666667,0.0882,0.158757243,0.0238,0.351595779,2761
k1329,0.0,0.0,0.05,0.0,0.0685,0.1,0.0588,0.0,0.0238,0.275542882,21
k3020,0.0,0.0,0.1,0.0,0.0,0.1,0.0,0.170471855,0.0238,0.281501665,1189
k761,0.0,0.0,0.05,0.0,0.0173,0.266666667,0.0,0.121177023,0.0952,0.216640631,2606
k3421,0.0,0.0263,0.0,0.0,0.0,0.1,0.0,0.0,0.0238,0.258622733,1330
k3057,0.0,0.0,0.05,0.0,0.0,0.1,0.0,0.0504,0.0,0.302126183,1870
k3311,0.0,0.0,0.0,0.358332173,0.0213,0.133333333,0.0882,0.0,0.0,0.153725687,2658
k320,0.0,0.0,0.0,0.320447725,0.0,0.1,0.0,0.0,0.0,0.129676006,1009
k86,0.0,0.0,0.0,0.0,0.14408869,0.233333333,0.147058824,0.202778166,0.0476,0.30236069,2063
k2292,0.0,0.0,0.0,0.0,0.0,0.0667,0.0,0.0956,0.0,0.57162963,2064
k3288,0.0,0.0,0.25,0.0,0.0,0.166666667,0.0,0.317514491,0.0238,0.208385706,850
k213,0.0,0.0,0.0,0.0,0.0468,0.0333,0.0,0.0,0.0,0.263429142,2107
k3262,0.0,0.0,0.0,0.334907631,0.0107,0.133333333,0.0294,0.0816,0.119047619,0.291536845,3176
k2012,0.0,0.0789,0.0,0.0,0.0639,0.2,0.0294,0.0688,0.0,0.0928,1944
k2066,0.0833,0.0,0.0,0.0,0.0,0.133333333,0.0,0.219345762,0.0,0.422891254,1197
k1391,0.0,0.0526,0.25,0.0,0.0933,0.3,0.147058824,0.1596848,0.0,0.193845806,2480
k2843,0.0,0.0526,0.0,0.0,0.0812,0.233333333,0.0588,0.0805,0.0,0.146178142,3415
k1497,0.0,0.0263,0.1,0.0,0.0,0.0667,0.0,0.0792,0.0,0.310972292,3292
k1755,0.0,0.0,0.05,0.0,0.0,0.1,0.0,0.0606,0.0952,0.283753726,2894
k72,0.0,0.0526,0.1,0.507236284,0.0,0.166666667,0.0294,0.012,0.0476,0.267932703,2554
k3051,0.0,0.0,0.0,0.0,0.0,0.133333333,0.0294,0.0,0.0,0.134454922,551
k521,0.0,0.0,0.0,0.0,0.0,0.0333,0.0,0.0,0.0476,0.278975332,1810
k721,0.0,0.0,0.4,0.0,0.0,0.233333333,0.0,0.515847582,0.142857143,0.390478144,3317
k2339,0.0,0.0263,0.0,0.0,0.0468,0.1,0.0,0.0,0.0,0.265816441,2653
k2459,0.0,0.0,0.2,0.0,0.0,0.2,0.0588,0.0792,0.238095238,0.29850146,1012
k934,0.0,0.0,0.1,0.0,0.0,0.0333,0.0,0.0396,0.0,0.342124226,320
k467,0.0,0.0263,0.0,0.0,0.0639,0.0667,0.0,0.0606,0.0476,0.286032152,3252
k857,0.0,0.0,0.05,0.0,0.0,0.0333,0.0,0.0,0.0,0.286026914,1687
k698,0.0,0.0,0.2,0.477037619,0.06,0.0667,0.0,0.255560936,0.0952,0.301772969,3387
k1792,0.0,0.0789,0.0,0.0,0.0639,0.166666667,0.0,0.21044661,0.0952,0.441644388,2223
k2236,0.0,0.0789,0.0,0.0,0.191585707,0.233333333,0.117647059,0.118727652,0.0,0.126957082,1686
k2969,0.0,0.0,0.2,0.0,0.0,0.0667,0.0,0.158757243,0.142857143,0.326854727,127
k3253,0.0,0.0,0.05,0.0,0.0468,0.0,0.0,0.0,0.0,0.29174533,1505
k384,0.0,0.0,0.0,0.0,0.0,0.0667,0.0,0.0,0.0238,0.256875896,2070
k703,0.0,0.0,0.05,0.0,0.0,0.0333,0.0,0.0,0.0,0.30697467,971
k760,0.0,0.0,0.1,0.0,0.0,0.0667,0.0,0.158757243,0.0714,0.349547017,3364
k1923,0.0,0.0,0.0,0.0,0.0639,0.133333333,0.0,0.392829012,0.0714,0.35638634,857
k1577,0.0,0.0,0.05,0.0,0.0244,0.0333,0.0,0.0,0.0,0.358123759,2593
k2619,0.0,0.0,0.05,0.0,0.0449,0.0667,0.0,0.0,0.119047619,0.282198975,1233
k3019,0.0,0.0,0.0,0.25042734,0.0,0.166666667,0.176470588,0.23727327,0.0476,0.185404521,547
k635,0.0,0.0,0.0,0.0,0.0,0.1,0.0,0.0,0.0,0.245377082,3014
k3298,0.0,0.0526,0.1,0.5290401,0.0639,0.133333333,0.0,0.0606,0.0476,0.287887531,2130
k2422,0.0,0.0,0.25,0.0,0.0,0.166666667,0.0,0.139740281,0.0952,0.282141453,1343
k1759,0.0,0.0,0.0,0.0,0.0458,0.166666667,0.0,0.0539,0.0,0.0928,911
k2261,0.0,0.0,0.1,0.0,0.0,0.0667,0.0,0.158757243,0.0714,0.338420055,1524
k3258,0.0,0.0263,0.0,0.0,0.0449,0.1,0.0294,0.0606,0.119047619,0.333443641,3089
k1791,0.0,0.0,0.05,0.0,0.0,0.0667,0.0,0.0,0.0,0.286242638,2282
k2907,0.0,0.0,0.0,0.352001216,0.0,0.1,0.0294,0.0,0.0238,0.105513859,1573
k231,0.0,0.0,0.0,0.0,0.0468,0.0,0.0,0.0,0.0,0.296756458,3320
k2548,0.0,0.0,0.05,0.0,0.0933,0.1,0.0,0.0805,0.0,0.279405515,3232
k2107,0.0,0.105263158,0.25,0.0,0.255138102,0.333333333,0.117647059,0.216788586,0.0,0.138901478,3018
k2238,0.166666667,0.0263,0.05,0.0,0.0,0.133333333,0.0588,0.0396,0.0,0.532885698,1292
k101,0.0,0.0526,0.05,0.0,0.196247487,0.166666667,0.0,0.132891654,0.0,0.289490085,2984
k533,0.0,0.0,0.2,0.0,0.0,0.166666667,0.0,0.317514491,0.119047619,0.301772969,1861
k1082,0.0,0.0,0.0,0.0,0.0,0.166666667,0.0,0.0313,0.0952,0.217892322,2233
k2047,0.0,0.0,0.0,0.0,0.0,0.133333333,0.0,0.219345762,0.0,0.312541729,1919
k3149,0.0,0.0,0.0,0.0,0.0,0.1,0.0,0.0,0.119047619,0.301772969,2813
k3414,0.0,0.0,0.0,0.0,0.0,0.0333,0.0,0.0,0.0,0.28171181,2989
k1168,0.0,0.0,0.05,0.0,0.127723812,0.2,0.0,0.590914416,0.166666667,0.252842916,2979
k753,0.0,0.0,0.05,0.0,0.123910947,0.133333333,0.0,0.175869444,0.0238,0.215496409,1712
k3216,0.0,0.0,0.1,0.0,0.0178,0.1,0.0,0.0473,0.0714,0.289244812,2124
k2898,0.0,0.0,0.0,0.0,0.0,0.0667,0.0,0.0,0.0476,0.301772969,3028
k1662,0.0,0.157894737,0.0,0.284310622,0.0,0.166666667,0.0588,0.158757243,0.0,0.0928,1500
k176,0.0,0.0,0.0,0.0,0.0244,0.133333333,0.0,0.219345762,0.0,0.429658741,2284
k922,0.0,0.0,0.35,0.478557048,0.0,0.166666667,0.0,0.317514491,0.142857143,0.308408163,610
k388,0.0,0.0,0.0,0.0,0.0,0.0333,0.0,0.0,0.0,0.403083458,1851
k577,0.0,0.0,0.0,0.0,0.0,0.0,0.0,0.0,0.0714,0.33242191,1135
k897,0.0,0.0,0.1,0.541271509,0.0,0.0667,0.0,0.095,0.119047619,0.319409999,3332
k1575,0.0,0.0789,0.0,0.0,0.0745,0.166666667,0.0,0.0688,0.0238,0.401934547,356
k1902,0.0,0.0263,0.0,0.313458349,0.0685,0.133333333,0.0,0.0295,0.119047619,0.28015709,887
k415,0.0,0.0789,0.35,0.0,0.0987,0.433333333,0.323529412,0.147970174,0.0,0.132387616,94
k2212,0.0,0.0263,0.1,0.0,0.0814,0.166666667,0.0294,0.556043692,0.30952381,0.2488343,2801
k3114,0.0,0.0,0.0,0.479443382,0.0,0.0333,0.0,0.0,0.0,0.0928,1794
k1244,0.0,0.0263,0.0,0.0,0.0639,0.133333333,0.0,0.0606,0.0476,0.208265572,1447
k2620,0.0,0.0526,0.05,0.313179787,0.0,0.1,0.0294,0.101545657,0.119047619,0.303692415,1322
k1215,0.0,0.0263,0.1,0.0,0.0,0.1,0.0294,0.0792,0.0,0.286594016,2333
k1127,0.0,0.0,0.1,0.0,0.0449,0.0333,0.0,0.0524,0.19047619,0.301772969,588
k2743,0.0,0.0,0.1,0.406928599,0.0,0.0333,0.0,0.0,0.0714,0.358454113,1078
k2972,0.0,0.0,0.0,0.0,0.0,0.0667,0.0,0.149858091,0.0714,0.277351411,3154
k1296,0.0,0.0,0.05,0.0,0.0685,0.133333333,0.0,0.0,0.0238,0.301772969,2558
k1637,0.0,0.0263,0.0,0.0,0.0814,0.133333333,0.0294,0.52150666,0.19047619,0.130861706,1882
k1322,0.166666667,0.0,0.1,0.0,0.0,0.133333333,0.0588,0.158757243,0.0,0.513148223,832
k2198,0.0,0.105263158,0.0,0.0,0.138380662,0.3,0.0882,0.161367715,0.0238,0.49967074,396
k730,0.0,0.0,0.0,0.0,0.0,0.0667,0.0,0.0,0.0952,0.352339109,2932
k2026,0.0,0.0263,0.0,0.0,0.0294,0.133333333,0.0,0.203091315,0.0714,0.295646608,1593
k2507,0.0,0.0,0.0,0.0,0.0,0.0667,0.0,0.0,0.0476,0.301936419,862
k281,0.0,0.0,0.0,0.0,0.0,0.0333,0.0,0.336697925,0.285714286,0.301772969,3290
k269,0.0,0.0,0.2,0.0,0.0,0.133333333,0.0,0.34094371,0.0476,0.306042593,694
k872,0.0,0.0,0.0,0.0,0.0,0.0667,0.0294,0.142189661,0.0,0.082,2545
k2758,0.166666667,0.0263,0.0,0.0,0.0,0.1,0.0294,0.0,0.0,0.544655964,2153
k250,0.0,0.0,0.0,0.0,0.0,0.0667,0.0,0.240652108,0.119047619,0.301772969,2541
k2025,0.0,0.0263,0.05,0.0,0.0,0.0667,0.0,0.0734,0.142857143,0.287690797,500
k659,0.0,0.0263,0.1,0.0,0.0641,0.133333333,0.0,0.0,0.0,0.233564381,685
k360,0.25,0.0263,0.1,0.0,0.0,0.166666667,0.0588,0.182186481,0.0238,0.526469081,2513
k1211,0.0,0.0,0.1,0.0,0.0488,0.0667,0.0,0.0,0.0476,0.423622936,1999
k2233,0.0,0.0,0.0,0.0,0.0,0.0,0.0,0.0,0.0,0.325246779,912
k2754,0.0,0.0,0.35,0.0,0.023,0.233333333,0.0294,0.133018001,0.119047619,0.317334654,3352
k2354,0.0,0.105263158,0.0,0.0,0.0,0.2,0.0,0.318207433,0.0952,0.312716236,2815
k2421,0.0,0.0,0.05,0.0,0.102852333,0.0667,0.0,0.00519,0.0,0.182745127,2729
k1874,0.0,0.0,0.05,0.453625739,0.0,0.0667,0.0,0.134942189,0.261904762,0.307087339,1961
k909,0.0,0.0,0.1,0.0,0.0,0.133333333,0.0,0.317514491,0.19047619,0.312322728,896
k148,0.0,0.0,0.0,0.0,0.0,0.1,0.0,0.0,0.142857143,0.279226714,1531
k355,0.0,0.0,0.0,0.0,0.0,0.0,0.0,0.0,0.0,0.307119513,2748
k2683,0.0,0.0,0.0,0.0,0.0,0.0667,0.0,0.0117,0.0,0.301772969,2341
k222,0.0,0.0,0.0,0.0,0.0449,0.0667,0.0,0.154972392,0.0952,0.356265839,1865
k594,0.0,0.0,0.0,0.0,0.117776092,0.0667,0.0,0.103207611,0.0,0.220659981,1591
k2927,0.0,0.0,0.1,0.0,0.0,0.0667,0.0,0.158757243,0.0,0.301772969,2445
k2437,0.0,0.0,0.05,0.0,0.0468,0.0,0.0,0.0,0.0,0.306633944,1996
k25,0.0,0.0263,0.05,0.0,0.0685,0.0667,0.0,0.0606,0.0238,0.304649716,1190
k1844,0.0,0.0,0.2,0.0,0.0,0.266666667,0.0588,0.0792,0.0952,0.202323063,2973
k1024,0.0,0.0,0.0,0.0,0.0,0.166666667,0.0,0.270636255,0.0476,0.36136351,1085
k2514,0.0,0.0,0.0,0.0,0.0933,0.0667,0.0,0.0805,0.0,0.287124069,2870
k2488,0.0,0.0,0.0,0.0,0.0,0.0333,0.0,0.0,0.0,0.302560379,37
k1397,0.0833,0.0,0.05,0.0,0.0,0.133333333,0.0294,0.0,0.285714286,0.323609385,2573
k1550,0.0,0.0263,0.1,0.0,0.0641,0.1,0.0,0.0,0.0,0.272617263,1708
k2665,0.0,0.0526,0.1,0.520695899,0.0,0.1,0.0294,0.0,0.0952,0.301772969,3376
k774,0.0,0.0,0.0,0.0,0.0,0.0667,0.0,0.0,0.0,0.40366256,2272
k316,0.0,0.0263,0.0,0.0,0.0,0.0667,0.0,0.0,0.0,0.293881433,2235
k2337,0.0,0.0,0.0,0.533256518,0.109932291,0.1,0.0,0.426202473,0.19047619,0.301772969,3124
k2349,0.0,0.0,0.0,0.0,0.157162553,0.1,0.0294,0.110497754,0.0952,0.241101464,287
k1392,0.0,0.0,0.0,0.0,0.0,0.0333,0.0,0.0,0.0,0.301772969,3378
k1161,0.0,0.0263,0.05,0.347873432,0.0,0.1,0.0,0.0,0.0714,0.180335323,309
k3338,0.0,0.0,0.0,0.308925383,0.0,0.0667,0.0294,0.0816,0.0,0.353786677,663
k2739,0.0,0.0,0.1,0.59022247,0.0,0.0,0.0,0.0,0.0952,0.32588862,101
k252,0.0,0.0,0.0,0.483165985,0.0461,0.1,0.0,0.447215111,0.0714,0.372965431,2888
k2465,0.0,0.0,0.05,0.0,0.0504,0.133333333,0.0,0.0773,0.0,0.292054774,2903
k118,0.0,0.0,0.3,0.0,0.0,0.2,0.0,0.476271696,0.0952,0.301772969,2941
k1683,0.0,0.0,0.15,0.0,0.0,0.0333,0.0,0.0,0.0714,0.282982247,3008
k3131,0.0,0.0,0.0,0.0,0.0468,0.0333,0.0,0.0,0.0,0.0928,365
k3424,0.0,0.0,0.15,0.0,0.0,0.0667,0.0,0.26802371,0.0,0.426010743,357
k2491,0.0,0.0526,0.0,0.0,0.132385582,0.1,0.0,0.0606,0.0,0.151256178,3192
k2147,0.0,0.0,0.0,0.0,0.0,0.0667,0.0294,0.0,0.0,0.40825704,2084
k1574,0.0,0.0,0.0,0.382491105,0.0,0.0667,0.0,0.0616,0.0,0.118222241,3020
k2813,0.0,0.0,0.0,0.0,0.0,0.133333333,0.0,0.0,0.0,0.230665276,1545
k1147,0.0,0.0,0.0,0.314699216,0.157162553,0.166666667,0.0,0.244329159,0.0238,0.0928,1141
k2681,0.0,0.0,0.0,0.425161756,0.0449,0.0333,0.0,0.134942189,0.142857143,0.361913374,1694
k3251,0.0,0.0,0.0,0.0,0.0,0.1,0.0,0.154060611,0.166666667,0.21615087,873
k2563,0.0,0.0,0.0,0.0,0.0476,0.0333,0.0,0.0504,0.0,0.28462075,1577
k2282,0.0,0.0,0.15,0.0,0.0,0.1,0.0,0.158757243,0.119047619,0.315839532,2694
k3044,0.0,0.0789,0.0,0.0,0.0229,0.133333333,0.0588,0.0,0.0,0.428889751,2079
k1105,0.0,0.0263,0.15,0.0,0.0173,0.133333333,0.0,0.158757243,0.0952,0.29181479,1093
k518,0.0,0.0263,0.0,0.0,0.0,0.0667,0.0,0.0,0.0,0.22900688,2733
k2659,0.0,0.0,0.15,0.0,0.0,0.1,0.0,0.158757243,0.119047619,0.311704119,739
k2878,0.0,0.0,0.1,0.0,0.0,0.133333333,0.0294,0.158757243,0.0238,0.258222484,1100
k2832,0.0,0.0,0.0,0.0,0.0933,0.1,0.0294,0.0805,0.0,0.274957153,2016
k2391,0.0,0.0,0.05,0.0,0.179981843,0.133333333,0.0294,0.188927312,0.0,0.244854642,2166
k1543,0.0,0.0,0.1,0.0,0.0,0.133333333,0.0588,0.0513,0.0,0.293451499,939
k1357,0.0,0.0,0.0,0.0,0.0,0.0667,0.0,0.0,0.0476,0.356741648,3191
k2640,0.166666667,0.0263,0.0,0.0,0.0,0.0667,0.0,0.0422,0.0,0.520263177,2493
k1865,0.0,0.0,0.0,0.0,0.0449,0.0333,0.0,0.0909,0.119047619,0.295956488,2874
k2489,0.0,0.0,0.0,0.0,0.0,0.133333333,0.0,0.0,0.0,0.0928,2462
k2361,0.0,0.0,0.2,0.0,0.0,0.133333333,0.0882,0.0,0.0,0.261897998,1989
k860,0.0,0.0,0.0,0.0,0.0107,0.0667,0.0,0.0616,0.142857143,0.285284632,376
k1238,0.0,0.0,0.0,0.0,0.0,0.0333,0.0,0.0,0.0476,0.308363295,2706
k2191,0.0,0.0,0.0,0.0,0.0468,0.0667,0.0,0.405516356,0.119047619,0.130877541,2381
k2849,0.0833,0.0,0.0,0.0,0.0107,0.166666667,0.0,0.0,0.0952,0.350647232,2962
k2279,0.0,0.0263,0.0,0.308001064,0.0639,0.133333333,0.0588,0.142189661,0.0,0.20884897,247
k260,0.0,0.105263158,0.0,0.0,0.075,0.133333333,0.0,0.0796,0.0,0.662697159,26
k1080,0.0,0.0,0.05,0.0,0.157748325,0.133333333,0.0,0.157022996,0.0,0.283406476,1949
k1736,0.0,0.0,0.0,0.0,0.117776092,0.1,0.0,0.373843871,0.0238,0.368649424,1675
k2946,0.0,0.0,0.05,0.0,0.0449,0.0667,0.0,0.0524,0.142857143,0.301280877,206
k2971,0.0,0.0,0.0,0.0,0.0,0.0333,0.0,0.0,0.0,0.291938122,1164
k2638,0.0,0.0,0.15,0.0,0.0,0.1,0.0,0.158757243,0.0714,0.340940892,762
k496,0.0,0.0,0.1,0.0,0.0,0.0667,0.0,0.158757243,0.0714,0.357689158,430
k970,0.0,0.0,0.1,0.0,0.0,0.1,0.0,0.158757243,0.0238,0.312514534,1313
k3348,0.0,0.0,0.0,0.0,0.0468,0.0,0.0,0.0,0.0,0.294810512,296
k3428,0.0,0.0,0.05,0.0,0.0,0.1,0.0294,0.0,0.0714,0.25180708,1126
k3282,0.0833,0.0,0.0,0.0,0.0,0.133333333,0.0,0.219345762,0.0,0.421530083,658
k1935,0.0,0.0,0.1,0.0,0.0,0.1,0.0,0.158757243,0.0952,0.286434268,1770
k597,0.0,0.0,0.0,0.0,0.0,0.0667,0.0,0.0,0.0714,0.314028555,1
k2165,0.0,0.0526,0.0,0.0,0.0908,0.233333333,0.235294118,0.132739995,0.0,0.680393371,1335
k2351,0.0833,0.0,0.05,0.387796447,0.0,0.0667,0.0,0.113962874,0.119047619,0.441656389,39
k1986,0.0,0.0,0.0,0.0,0.0,0.0333,0.0,0.0,0.0,0.312908343,2964
k918,0.0,0.0,0.0,0.0,0.235552185,0.0667,0.0,0.206415218,0.0,0.294792538,3013
k1313,0.0,0.0263,0.05,0.344948529,0.0933,0.133333333,0.0,0.141121548,0.0952,0.273073054,1521
k1158,0.0,0.0,0.25,0.508717728,0.0,0.166666667,0.0294,0.253734952,0.0714,0.285746604,3196
k2355,0.0,0.0263,0.0,0.0,0.0639,0.166666667,0.0294,0.22589426,0.166666667,0.194351259,886
k1676,0.0,0.0,0.0,0.0,0.0,0.0333,0.0,0.0,0.0,0.312622796,2008
k2734,0.0,0.0,0.0,0.343745647,0.0812,0.166666667,0.0588,0.115001216,0.142857143,0.171613626,671
k253,0.0,0.0,0.2,0.0,0.0,0.133333333,0.0,0.317514491,0.238095238,0.317595475,267
k2299,0.0,0.0,0.0,0.0,0.0111,0.1,0.0588,0.0107,0.0,0.655540686,2946
k3091,0.0,0.0,0.0,0.0,0.0,0.0333,0.0,0.0,0.0,0.291235989,1803
k1584,0.0,0.0,0.05,0.0,0.0,0.1,0.0,0.271704364,0.0238,0.331029303,1724
k166,0.0,0.0,0.1,0.0,0.0,0.133333333,0.0294,0.0396,0.166666667,0.28350029,1258
k223,0.0,0.0,0.1,0.0,0.0,0.0333,0.0,0.0396,0.0,0.335339491,1627
k2859,0.166666667,0.0526,0.0,0.0,0.0,0.133333333,0.0,0.0117,0.0,0.474082577,2711
k2866,0.0,0.0,0.1,0.0,0.377440638,0.266666667,0.0,0.46094483,0.0476,0.214413713,463
k959,0.0,0.0,0.1,0.390721349,0.0244,0.133333333,0.0588,0.220328164,0.0714,0.377983228,1081
k2824,0.333333333,0.0526,0.1,0.0,0.0523,0.233333333,0.117647059,0.0615,0.0,0.592825408,1953
k1732,0.0,0.0,0.15,0.0,0.0,0.133333333,0.0,0.1001644,0.0952,0.287871672,112
k427,0.0,0.0,0.0,0.0,0.0,0.0667,0.0,0.0,0.19047619,0.318909101,716
k339,0.0,0.0263,0.0,0.0,0.0,0.133333333,0.0588,0.232128483,0.0,0.261496804,1304
k2662,0.0,0.0263,0.2,0.0,0.0,0.233333333,0.117647059,0.0792,0.0,0.199563093,3217
k747,0.0,0.0,0.0,0.374248199,0.0,0.1,0.0,0.0,0.0714,0.174546494,144
k470,0.0,0.0,0.0,0.0,0.0,0.0667,0.0294,0.0,0.0476,0.300962959,1002
k266,0.0,0.0,0.1,0.0,0.0,0.0667,0.0,0.158757243,0.0952,0.283574449,32
k1354,0.0,0.0,0.0,0.0,0.0,0.0667,0.0294,0.149858091,0.0,0.22825798,1369
k3261,0.0,0.0263,0.05,0.0,0.0173,0.1,0.0,0.0,0.0,0.277881776,3249
k1123,0.0,0.0,0.1,0.0,0.0,0.0333,0.0,0.0,0.0,0.31744442,1407
k3263,0.0,0.0,0.0,0.0,0.0,0.0333,0.0,0.0,0.0,0.291818804,3404
k270,0.0,0.0263,0.0,0.0,0.0,0.1,0.0,0.0,0.0,0.31574578,429
k1915,0.0,0.0,0.1,0.529559239,0.0,0.1,0.0,0.0,0.0476,0.268175384,2839
k1091,0.0,0.0,0.0,0.343530395,0.0639,0.0667,0.0,0.0396,0.0,0.11648091,2453
k2852,0.0,0.0263,0.2,0.0,0.0,0.233333333,0.117647059,0.0792,0.0,0.195658113,344
k2453,0.0,0.0,0.0,0.0,0.0,0.0333,0.0,0.0,0.0,0.305985984,2613
k1346,0.0,0.0,0.1,0.0,0.0,0.1,0.0,0.495455182,0.19047619,0.336867503,1773
k1382,0.0,0.0,0.05,0.0,0.0,0.133333333,0.0,0.0606,0.19047619,0.284667113,2846
k2646,0.0,0.0526,0.05,0.0,0.132385582,0.1,0.0,0.0723,0.0,0.301772969,3403
k173,0.0,0.0,0.2,0.0,0.0,0.2,0.147058824,0.317514491,0.0476,0.209706242,2291
k3089,0.0,0.0,0.15,0.0,0.0468,0.0,0.0,0.181569593,0.0238,0.299510195,723
k1178,0.0,0.0,0.0,0.0,0.0244,0.133333333,0.0,0.219345762,0.0,0.392756497,1325
k3072,0.0,0.0,0.1,0.0,0.0,0.1,0.0,0.158757243,0.0952,0.32235965,2562
k716,0.0,0.0,0.0,0.0,0.0,0.0667,0.0,0.158757243,0.0952,0.308457108,1690
k1869,0.0,0.0,0.05,0.0,0.0468,0.0333,0.0,0.172026028,0.0,0.277759222,765
k3299,0.0,0.0526,0.0,0.396495182,0.0745,0.133333333,0.0,0.130389342,0.0,0.243686533,2314
k1703,0.0,0.0526,0.0,0.0,0.138380662,0.166666667,0.0294,0.276249378,0.0,0.230689633,2869
k2166,0.0,0.0,0.1,0.0,0.0,0.1,0.0,0.158757243,0.0,0.348362355,2803
k383,0.0,0.0,0.15,0.0,0.0294,0.133333333,0.0294,0.274607033,0.166666667,0.295401936,1198
k2127,0.0,0.0,0.0,0.379971384,0.0,0.0333,0.0,0.0,0.0952,0.314044382,556
k562,0.0,0.0,0.05,0.387720476,0.0,0.1,0.0,0.0,0.0,0.263627473,3096
k592,0.0,0.0,0.2,0.0,0.0,0.133333333,0.0,0.317514491,0.19047619,0.344646712,2296
k3290,0.0,0.0,0.0,0.0,0.0294,0.0,0.0,0.0,0.0,0.499988492,452
k2123,0.0,0.0,0.0,0.0,0.0639,0.1,0.0588,0.0606,0.0476,0.264793611,523
k3293,0.0,0.0263,0.1,0.0,0.0,0.166666667,0.0882,0.158757243,0.0238,0.258989171,3164
k3324,0.0,0.105263158,0.15,0.512427669,0.127723812,0.266666667,0.0,0.429792372,0.0714,0.182741962,3274
k2821,0.0,0.0,0.3,0.0,0.0,0.233333333,0.0,0.487986336,0.0,0.155647306,2615
k3343,0.0,0.0,0.1,0.535371057,0.0,0.133333333,0.0,0.0,0.0952,0.280537623,261
k599,0.0,0.0526,0.0,0.0,0.401407583,0.4,0.117647059,0.269460355,0.0,0.151487889,2744
k1570,0.0,0.0,0.2,0.0,0.0,0.133333333,0.0,0.317514491,0.142857143,0.344227088,275
k285,0.0,0.0263,0.15,0.0,0.0639,0.133333333,0.0,0.258921643,0.0238,0.310183015,1940
k59,0.0,0.0,0.15,0.511288097,0.127723812,0.2,0.0588,0.429792372,0.0714,0.206279919,1811
k1724,0.0833,0.0,0.25,0.504792535,0.0,0.133333333,0.0,0.158757243,0.119047619,0.352450679,653
k3094,0.0,0.0,0.0,0.0,0.0,0.0,0.0,0.0,0.0952,0.316072234,453
k756,0.0,0.0,0.15,0.0,0.0,0.133333333,0.0,0.198333124,0.0238,0.301772969,2947
k182,0.0,0.0,0.0,0.367018246,0.0,0.1,0.0,0.0,0.0238,0.0928,2524
k3145,0.0,0.0,0.0,0.0,0.0,0.0,0.0,0.0,0.0,0.321157169,3163
k1516,0.0,0.0,0.0,0.0,0.0,0.0333,0.0,0.0,0.0,0.304994725,1065
k52,0.0,0.0263,0.05,0.0,0.0488,0.0667,0.0,0.0,0.0,0.432441404,2017
k1904,0.0,0.0,0.0,0.0,0.179981843,0.133333333,0.0588,0.188927312,0.0,0.256455898,1852
k1615,0.0,0.0,0.0,0.0,0.0,0.0667,0.0,0.0,0.0,0.361320032,989
k1235,0.0,0.0,0.0,0.0,0.0,0.1,0.0588,0.0,0.0,0.219730045,389
k2462,0.0,0.157894737,0.0,0.0,0.127723812,0.2,0.176470588,0.0792,0.0,0.589581715,1145
k1827,0.0,0.0526,0.0,0.0,0.0135,0.1,0.0,0.126938512,0.0,0.571871377,63
k510,0.0,0.0,0.05,0.0,0.0244,0.0333,0.0,0.0,0.0476,0.373919734,1579
k1189,0.0,0.0,0.1,0.0,0.0,0.0,0.0,0.0117,0.0,0.314867814,608
k418,0.0,0.0263,0.05,0.0,0.0173,0.0667,0.0,0.0,0.0,0.276526248,2051
k2224,0.0,0.0,0.1,0.0,0.0,0.1,0.0,0.158757243,0.0,0.375602359,3009
k1280,0.0833,0.0263,0.0,0.0,0.0,0.1,0.0294,0.0,0.0238,0.350789285,2323
k2827,0.0,0.0,0.0,0.0,0.0,0.0667,0.0,0.0,0.0238,0.187419331,533
k2901,0.0,0.0,0.15,0.0,0.0,0.0667,0.0,0.172026028,0.0714,0.256481527,173
k1993,0.0,0.0,0.05,0.0,0.123339497,0.233333333,0.0882,0.108394293,0.166666667,0.3293328,1823
k1176,0.0,0.0,0.1,0.0,0.0,0.166666667,0.0,0.303363519,0.0238,0.322843341,1654
k3304,0.0,0.0,0.0,0.0,0.133431829,0.1,0.0294,0.149351441,0.0,0.269141615,395
k1546,0.0,0.0,0.0,0.0,0.23389603,0.166666667,0.0294,0.252559052,0.0,0.121432015,1256
k2062,0.166666667,0.0,0.0,0.0,0.0,0.1,0.0294,0.0117,0.0,0.543212628,2229
k873,0.0,0.0,0.0,0.0,0.0468,0.0,0.0,0.0,0.0,0.290634162,1356
k430,0.0,0.0263,0.0,0.0,0.0,0.0667,0.0,0.0,0.0,0.504964502,3356
k1618,0.0,0.0,0.0,0.0,0.240515504,0.1,0.0,0.18374064,0.0,0.200603843,2909
k2087,0.0,0.0526,0.0,0.0,0.252864088,0.233333333,0.117647059,0.206415218,0.0,0.0928,2745
k3168,0.0,0.0,0.0,0.0,0.0639,0.0667,0.0,0.0723,0.0,0.301772969,2847
k811,0.0,0.0,0.05,0.0,0.0,0.0333,0.0,0.0,0.0,0.32233261,1271
k3278,0.0,0.0,0.0,0.0,0.0,0.0,0.0,0.0,0.0,0.313719608,276
k1425,0.166666667,0.0,0.0,0.0,0.0,0.133333333,0.0,0.0,0.0,0.39113994,189
k1073,0.0,0.0263,0.0,0.401458653,0.0812,0.166666667,0.0294,0.203760592,0.0952,0.168210879,1998
k3331,0.0,0.0,0.0,0.0,0.0294,0.0667,0.0,0.0,0.0,0.283795037,2700
k2106,0.0,0.0263,0.0,0.0,0.11061255,0.133333333,0.0,0.0805,0.0,0.122024279,3310
k1210,0.0,0.0,0.0,0.0,0.0639,0.166666667,0.0294,0.0606,0.0476,0.190478846,2919
k3418,0.0,0.0,0.0,0.0,0.0733,0.133333333,0.117647059,0.0773,0.0,0.0928,1095
k2729,0.0,0.0263,0.35,0.526533041,0.0755,0.1,0.0,0.272590031,0.333333333,0.307945848,521
k3053,0.0,0.0,0.0,0.0,0.0933,0.133333333,0.0,0.351169274,0.0238,0.270504455,315
k636,0.0,0.0,0.15,0.54114489,0.0449,0.1,0.0,0.431823433,0.19047619,0.344089609,2237
k1464,0.166666667,0.0526,0.05,0.0,0.132385582,0.166666667,0.0294,0.0723,0.0,0.301772969,2452
k3003,0.0833,0.0,0.0,0.0,0.0,0.133333333,0.0,0.0,0.0,0.680393371,398
k287,0.0,0.0,0.0,0.0,0.235552185,0.0667,0.0,0.206415218,0.0,0.27854238,2845
k1628,0.0,0.0,0.05,0.0,0.0,0.0667,0.0,0.111879017,0.0714,0.312800092,931
k2338,0.0,0.0,0.1,0.0,0.0,0.0667,0.0,0.158757243,0.0714,0.334167887,2207
k2358,0.0,0.0,0.15,0.525773326,0.0,0.0333,0.0,0.0,0.119047619,0.301772969,2483
k1588,0.0,0.0,0.0,0.0,0.174474455,0.2,0.0294,0.141121548,0.0714,0.263811334,435
k2211,0.0,0.0263,0.05,0.0,0.0173,0.1,0.0,0.0,0.0,0.281554178,2784
k2288,0.0,0.0,0.1,0.543221444,0.0,0.0667,0.0,0.0,0.119047619,0.293844146,2280
k953,0.0,0.0,0.0,0.0,0.0,0.1,0.0,0.270636255,0.0,0.265646478,2948
k2105,0.0,0.0263,0.1,0.0,0.0,0.133333333,0.0294,0.0513,0.119047619,0.284759018,1474
k3043,0.0,0.0263,0.0,0.0,0.0388,0.266666667,0.205882353,0.032,0.0,0.551357797,1392
k2604,0.0,0.0,0.15,0.0,0.0,0.1,0.0,0.0396,0.0714,0.270104641,1399
k1691,0.0,0.0,0.05,0.0,0.0685,0.0333,0.0,0.0,0.0476,0.345455426,1287
k3135,0.0,0.0263,0.1,0.0,0.0401,0.133333333,0.0,0.101545657,0.119047619,0.28324843,2449
k889,0.0,0.0,0.05,0.0,0.0685,0.0667,0.0294,0.0,0.0,0.304637705,972
k2450,0.0,0.0,0.0,0.0,0.0935,0.0,0.0,0.0,0.0,0.152266214,3291
k45,0.0,0.0,0.0,0.0,0.127723812,0.133333333,0.0588,0.121177023,0.0476,0.217930396,2082
k2685,0.0,0.0,0.05,0.0,0.0,0.0333,0.0,0.21044661,0.0714,0.297690101,1529
k2510,0.0,0.0526,0.0,0.0,0.141214548,0.233333333,0.235294118,0.169597613,0.0,0.527826818,2318
k519,0.0,0.0,0.0,0.0,0.183303381,0.2,0.205882353,0.1001644,0.0952,0.252521099,302
k1523,0.0,0.0,0.0,0.0,0.0,0.1,0.0,0.0,0.0952,0.284158591,3360
k987,0.0,0.0,0.05,0.0,0.0,0.0,0.0,0.0,0.0714,0.302477176,526
k1995,0.0,0.0,0.2,0.0,0.0641,0.166666667,0.0294,0.492411938,0.333333333,0.301614643,2482
k194,0.0,0.105263158,0.0,0.0,0.0733,0.133333333,0.0294,0.0773,0.0,0.0928,68
k2247,0.0,0.0,0.0,0.0,0.0,0.0333,0.0,0.0,0.0238,0.308365151,2795
k192,0.0,0.0,0.0,0.0,0.0,0.0,0.0,0.115990351,0.0714,0.301772969,363
k1695,0.0833,0.0,0.0,0.0,0.0,0.0667,0.0,0.149858091,0.0238,0.383833615,1672
k3230,0.0833,0.0,0.0,0.0,0.0,0.0333,0.0,0.0,0.0,0.459597936,2995
k790,0.0,0.0,0.0,0.0,0.0,0.1,0.0,0.219345762,0.0,0.312799304,82
k3403,0.0,0.0,0.0,0.0,0.0458,0.133333333,0.0,0.0539,0.0,0.0928,554
k648,0.0,0.0,0.0,0.0,0.0,0.133333333,0.0588,0.0,0.0952,0.289665546,1462
k89,0.0,0.0,0.1,0.0,0.0,0.0667,0.0,0.158757243,0.0476,0.295595132,2956
k1916,0.0,0.0,0.0,0.0,0.0,0.0333,0.0,0.0,0.0714,0.357689158,1703
k98,0.0833,0.0,0.05,0.0,0.0,0.1,0.0,0.0504,0.0,0.481143588,2891
k2529,0.0,0.0526,0.0,0.0,0.11061255,0.166666667,0.0588,0.0448,0.0476,0.17290244,1899
k1327,0.0,0.0,0.0,0.0,0.221024469,0.233333333,0.0882,0.325930311,0.0476,0.0928,1121
k3113,0.0,0.0,0.0,0.359585702,0.0812,0.166666667,0.0294,0.115001216,0.19047619,0.170875448,2764
k2474,0.0,0.0,0.0,0.0,0.0639,0.0667,0.0,0.0504,0.0,0.29278406,1645
k855,0.0,0.0789,0.0,0.0,0.186601296,0.2,0.147058824,0.141121548,0.0238,0.0928,1790
k2278,0.0,0.0263,0.0,0.0,0.140051304,0.0667,0.0,0.0805,0.0,0.183742887,641
k3360,0.416666667,0.0526,0.1,0.0,0.0,0.233333333,0.147058824,0.182186481,0.0238,0.707850562,3075
k411,0.0,0.0263,0.0,0.0,0.0,0.0667,0.0,0.0,0.0,0.226731263,3181
k557,0.0,0.0,0.15,0.0,0.0446,0.0667,0.0,0.158757243,0.0,0.365309626,30
k2809,0.0,0.0,0.1,0.0,0.0933,0.1,0.0294,0.12010891,0.0,0.282381395,2796
k1187,0.0,0.0263,0.1,0.0,0.0173,0.133333333,0.0,0.0,0.0476,0.2552309,959
k33,0.0,0.0,0.0,0.0,0.0,0.133333333,0.176470588,0.0,0.0,0.116775112,2713
k1261,0.0833,0.0,0.1,0.0,0.0178,0.133333333,0.0,0.0996,0.142857143,0.326799777,215
k1433,0.0,0.0,0.0,0.0,0.0,0.1,0.0882,0.269035228,0.0,0.173710163,2209
k2594,0.0,0.0,0.05,0.0,0.0504,0.166666667,0.0,0.0773,0.0,0.199485709,1735
k2485,0.0833,0.0526,0.0,0.0,0.0,0.133333333,0.0,0.0816,0.0476,0.339411148,450
k272,0.0833,0.0,0.3,0.535636958,0.00444,0.1,0.0,0.211115868,0.333333333,0.301772969,648
k2202,0.0,0.0,0.1,0.0,0.0178,0.166666667,0.0588,0.128883455,0.0952,0.301221197,423
k996,0.0,0.0,0.0,0.0,0.186601296,0.133333333,0.0,0.161066062,0.0,0.149190374,3280
k1023,0.0,0.0,0.0,0.0,0.0,0.1,0.0,0.0,0.0,0.0928,953
k1489,0.0,0.0,0.0,0.0,0.0802,0.166666667,0.0588,0.194548273,0.0714,0.259152911,122
k607,0.0,0.0526,0.0,0.0,0.539265268,0.6,0.0588,0.436339691,0.0238,0.170420356,1003
k1190,0.0,0.0,0.15,0.478645682,0.0,0.133333333,0.0,0.0688,0.0714,0.301772969,2186
k2454,0.0,0.0,0.0,0.0,0.0,0.0667,0.0,0.0,0.0,0.174559093,1570
k1095,0.0,0.0,0.05,0.0,0.0,0.0333,0.0,0.0,0.0952,0.300785082,2032
k936,0.0,0.0,0.0,0.0,0.0,0.0333,0.0,0.0,0.0,0.274630719,2110
k1283,0.0,0.0526,0.0,0.0,0.0933,0.133333333,0.0,0.0805,0.0,0.0928,2037
k70,0.0,0.0,0.05,0.374817985,0.0213,0.133333333,0.0882,0.0606,0.0714,0.274955493,2576
k2856,0.0,0.0,0.05,0.0,0.0275,0.1,0.0,0.0773,0.0,0.354751207,1819
k768,0.0,0.0263,0.1,0.0,0.0,0.0667,0.0,0.0,0.0,0.27893427,1964
k2393,0.0,0.0,0.0,0.0,0.0,0.0667,0.0,0.20844671,0.0476,0.33789106,1772
k2746,0.0,0.0,0.1,0.0,0.0,0.1,0.0,0.158757243,0.0238,0.264854462,2181
k369,0.0,0.0,0.0,0.0,0.0,0.0333,0.0,0.0,0.0,0.27280768,3024
k141,0.0,0.157894737,0.0,0.0,0.0436,0.166666667,0.0,0.0,0.0,0.40107943,536
k2445,0.0,0.0,0.15,0.0,0.0,0.0333,0.0,0.0606,0.0476,0.260759397,745
k977,0.0,0.0,0.0,0.0,0.158149609,0.1,0.0,0.186373313,0.0476,0.12238615,597
k2408,0.0,0.0,0.35,0.492877673,0.100505281,0.166666667,0.0,0.492466867,0.261904762,0.301772969,1138
k365,0.0,0.0,0.1,0.0,0.0178,0.1,0.0,0.0473,0.0714,0.286739761,3207
k2978,0.0,0.0526,0.0,0.341656432,0.208574979,0.166666667,0.0588,0.152836169,0.0,0.28723706,2136
k2382,0.0,0.0,0.0,0.0,0.0,0.133333333,0.0588,0.0,0.0476,0.215408623,1608
k1020,0.0,0.0,0.0,0.0,0.0,0.0667,0.0294,0.0909,0.0,0.202542512,1572
k1298,0.0,0.0,0.0,0.0,0.0,0.0667,0.0294,0.237167375,0.0,0.158196059,24
k3144,0.0,0.0,0.1,0.0,0.0294,0.1,0.0,0.0,0.0476,0.274459522,2910
k1444,0.0,0.0526,0.0,0.432720919,0.115998244,0.2,0.0588,0.012,0.0952,0.123936066,319
k2687,0.0,0.0,0.0,0.0,0.0,0.0667,0.0,0.0,0.0476,0.251559659,2547
k1696,0.0833,0.0,0.0,0.0,0.0,0.0667,0.0,0.0,0.0,0.515745749,98
k436,0.25,0.0526,0.0,0.0,0.0,0.133333333,0.0882,0.0,0.0,0.585490497,1701
k147,0.0,0.0,0.0,0.0,0.0,0.1,0.0588,0.0816,0.0952,0.286853499,2508
k2984,0.0,0.0263,0.15,0.0,0.0641,0.1,0.0,0.0,0.0476,0.246123762,1370
k673,0.0,0.0,0.0,0.0,0.023,0.133333333,0.0882,0.0539,0.0,0.240637852,209
k705,0.0,0.105263158,0.0,0.0,0.0346,0.133333333,0.0,0.0,0.0,0.120472113,40
k302,0.0833,0.0,0.1,0.0,0.0,0.133333333,0.0588,0.158757243,0.0,0.361055166,348
k3142,0.0833,0.0,0.1,0.0,0.0,0.0333,0.0,0.111879017,0.0238,0.348329424,2825
k1055,0.0,0.0,0.0,0.0,0.0,0.0667,0.0,0.0,0.0476,0.0928,3219
k2572,0.0,0.0,0.0,0.0,0.157363196,0.133333333,0.0,0.0805,0.0,0.0928,2024
k1281,0.0,0.0,0.0,0.0,0.0,0.0667,0.0,0.0,0.0,0.0928,3076
k2799,0.0,0.0,0.1,0.0,0.0178,0.1,0.0,0.0473,0.0952,0.288365818,1040
k2895,0.0,0.0,0.1,0.0,0.0,0.1,0.0,0.158757243,0.0,0.261185918,1948
k1440,0.0,0.0,0.0,0.0,0.0,0.1,0.0588,0.0,0.0,0.266343466,921
k1969,0.0,0.0526,0.0,0.0,0.0639,0.1,0.0294,0.0396,0.0,0.0931,1024
k751,0.0,0.0526,0.0,0.0,0.0639,0.133333333,0.0294,0.0396,0.0,0.159810188,1845
k3308,0.0,0.0,0.0,0.0,0.0,0.1,0.0,0.0,0.0,0.258953398,2644
k2478,0.0,0.0,0.0,0.0,0.0173,0.2,0.0294,0.0,0.0,0.144050387,431
k2607,0.0,0.0263,0.0,0.0,0.0639,0.166666667,0.0588,0.0396,0.0,0.0928,855
k2699,0.0,0.0,0.1,0.0,0.0,0.1,0.0,0.0688,0.0,0.310943811,3422
k2763,0.0,0.0,0.15,0.0,0.023,0.133333333,0.0,0.0539,0.0,0.30496082,419
k327,0.0,0.0,0.0,0.0,0.127723812,0.133333333,0.0,0.137636815,0.0,0.245046023,2663
k1439,0.0,0.0,0.0,0.539169632,0.0,0.166666667,0.0,0.0313,0.0714,0.243519723,2302
k389,0.0,0.105263158,0.1,0.528305709,0.127723812,0.2,0.0,0.121177023,0.0476,0.259141357,2793
k1,0.0,0.0263,0.0,0.0,0.127723812,0.233333333,0.0,0.121177023,0.19047619,0.23580735,2612
k3067,0.0,0.0,0.0,0.0,0.0883,0.0667,0.0,0.0,0.0,0.0928,1099
k1868,0.0,0.0,0.0,0.0,0.12328348,0.0667,0.0,0.132450142,0.0,0.264497401,201
k241,0.0,0.0,0.05,0.0,0.0,0.0333,0.0,0.012,0.0476,0.273074548,1817
k2329,0.0,0.0,0.05,0.0,0.0,0.366666667,0.205882353,0.263474471,0.119047619,0.112450698,1378
k1245,0.0,0.0,0.1,0.531357231,0.127723812,0.2,0.0,0.121177023,0.142857143,0.237769434,342
k3179,0.0,0.184210526,0.0,0.0,0.0639,0.2,0.205882353,0.142189661,0.0,0.292235172,230
k2435,0.0,0.0,0.0,0.0,0.0933,0.1,0.0588,0.0805,0.0,0.0928,820
k2609,0.0,0.0,0.0,0.0,0.0504,0.133333333,0.0,0.0773,0.0,0.0928,2498
k647,0.0,0.0,0.0,0.0,0.0,0.0333,0.0,0.132450142,0.0,0.236513559,2126
k672,0.0,0.0,0.0,0.0,0.117776092,0.0667,0.0,0.103207611,0.0,0.292362559,1109
k306,0.0,0.105263158,0.0,0.475898046,0.0,0.2,0.0,0.189955427,0.0476,0.0928,364
k1625,0.0,0.0,0.05,0.0,0.0539,0.1,0.0,0.103207611,0.0,0.192577107,2249
k3416,0.0,0.0,0.0,0.0,0.0294,0.0,0.0,0.0,0.0,0.0928,2123
k2011,0.0,0.0263,0.1,0.0,0.0,0.133333333,0.0588,0.0513,0.0,0.307351448,3270
k484,0.0,0.0,0.0,0.0,0.0883,0.0,0.0,0.397350413,0.0,0.0928,2856
k1197,0.0,0.0,0.0,0.0,0.0639,0.1,0.0294,0.21044661,0.0952,0.215001617,1053
k2239,0.0,0.0,0.0,0.0,0.0639,0.1,0.0,0.0606,0.0,0.249013515,604
k806,0.0,0.0,0.0,0.0,0.198067907,0.166666667,0.0588,0.129406921,0.0476,0.207596985,522
k718,0.0,0.0526,0.0,0.0,0.0,0.133333333,0.0294,0.189955427,0.0714,0.450496358,1187
k2082,0.0,0.0,0.35,0.0,0.023,0.233333333,0.0,0.371380702,0.0,0.292218877,2400
k2928,0.0,0.0,0.0,0.0,0.0453,0.1,0.0,0.0,0.0714,0.257044242,2927
k3236,0.0,0.0,0.0,0.0,0.0,0.0,0.0,0.0,0.0,0.312821147,1542
k1690,0.0,0.0526,0.1,0.0,0.171990723,0.1,0.0,0.181765551,0.142857143,0.301384253,3229
k1273,0.0833,0.0,0.05,0.0,0.0933,0.233333333,0.0882,0.0792,0.0,0.200699472,2048
k3133,0.0,0.0263,0.0,0.0,0.0933,0.133333333,0.0,0.0805,0.0238,0.0928,2578
k536,0.333333333,0.157894737,0.0,0.0,0.0,0.2,0.176470588,0.0,0.0,0.652309865,952
k3294,0.0,0.0526,0.0,0.0,0.357561626,0.366666667,0.147058824,0.311172459,0.285714286,0.205402462,74
k1076,0.0,0.184210526,0.0,0.0,0.0126,0.233333333,0.235294118,0.0,0.0,0.680393371,295
k1125,0.0,0.0,0.05,0.0,0.0173,0.266666667,0.0294,0.121177023,0.0952,0.208739732,1931
k1006,0.0,0.0,0.0,0.0,0.0468,0.0333,0.0,0.0,0.0,0.0928,2467
k2050,0.0,0.0263,0.0,0.0,0.268478984,0.233333333,0.0,0.189995445,0.333333333,0.286749832,1227
k2954,0.0,0.0526,0.0,0.0,0.186601296,0.133333333,0.0,0.161066062,0.0,0.0928,2468
k2641,0.0,0.0,0.0,0.0,0.0639,0.133333333,0.117647059,0.0396,0.0,0.0928,326
k2985,0.0,0.0,0.0,0.0,0.0294,0.0667,0.0,0.0,0.0,0.0928,814
k60,0.0,0.0,0.1,0.0,0.0294,0.0667,0.0,0.0,0.0476,0.274874738,1115
k1762,0.0,0.0,0.0,0.0,0.0,0.1,0.0,0.0,0.0,0.259573303,2866
k1241,0.0,0.0526,0.0,0.0,0.0745,0.133333333,0.0,0.0688,0.0238,0.266289761,1836
k1149,0.0,0.105263158,0.0,0.0,0.0,0.133333333,0.0294,0.0,0.0,0.0928,1799
k552,0.0,0.0,0.0,0.0,0.0,0.1,0.0882,0.0,0.0476,0.298729516,1195
k3101,0.0,0.0526,0.0,0.0,0.0346,0.133333333,0.0294,0.0,0.0,0.18885325,482
k1768,0.0,0.0,0.2,0.0,0.0294,0.166666667,0.0,0.149351441,0.0,0.279287763,3351
k1795,0.0833,0.0,0.0,0.0,0.0,0.0667,0.0294,0.0,0.0,0.466938136,790
k2988,0.0,0.0,0.1,0.566126847,0.0449,0.0,0.0,0.104717232,0.119047619,0.285051607,3411
k433,0.166666667,0.0526,0.1,0.0,0.127704762,0.233333333,0.176470588,0.202848545,0.0714,0.493833443,1344
k2442,0.0,0.0,0.0,0.0,0.0,0.0667,0.0294,0.0,0.0,0.274774421,1039
k1941,0.0,0.0,0.0,0.0,0.0,0.0,0.0,0.0,0.0,0.314366594,2149
k2704,0.0,0.0,0.3,0.47235271,0.0,0.233333333,0.147058824,0.329510103,0.0476,0.267006839,131
k691,0.0,0.0,0.1,0.0,0.0898,0.0667,0.0,0.104717232,0.238095238,0.300358239,3142
k2509,0.0,0.0,0.0,0.0,0.0589,0.0667,0.0,0.0,0.0,0.0928,1838
k741,0.0,0.0,0.1,0.0,0.0,0.0667,0.0,0.0396,0.0,0.278678282,3195
k278,0.25,0.0263,0.0,0.0,0.138380662,0.233333333,0.0294,0.129406921,0.0714,0.363122701,954
k3340,0.0833,0.0,0.0,0.0,0.0639,0.133333333,0.0588,0.21044661,0.0476,0.284012867,178
k2540,0.0,0.0526,0.1,0.0,0.185367535,0.166666667,0.0882,0.137636815,0.0,0.285834309,254
k2615,0.333333333,0.0526,0.2,0.0,0.0184,0.266666667,0.176470588,0.0305,0.0,0.587873357,1632
k3377,0.0,0.0,0.1,0.0,0.0,0.0667,0.0,0.095,0.0238,0.245557874,677
k2390,0.0,0.0263,0.0,0.0,0.127723812,0.166666667,0.0882,0.0792,0.0,0.118739952,1340
k589,0.0,0.0,0.0,0.0,0.0,0.0333,0.0,0.0,0.0238,0.337312435,2121
k3244,0.166666667,0.0526,0.0,0.0,0.0,0.166666667,0.0294,0.0816,0.0476,0.388771943,20
k481,0.0833,0.0,0.1,0.59816149,0.0,0.0333,0.0,0.19969495,0.238095238,0.297941857,89
k1770,0.0,0.105263158,0.0,0.0,0.028,0.166666667,0.117647059,0.158757243,0.0,0.112591766,2109
k1455,0.0,0.0263,0.0,0.0,0.11061255,0.333333333,0.0588,0.0805,0.0,0.0983,904
k874,0.0,0.0,0.0,0.0,0.0639,0.0333,0.0,0.235031152,0.0,0.379954097,3098
k1780,0.0,0.0263,0.0,0.0,0.0639,0.0667,0.0,0.0606,0.119047619,0.316592071,1952
k2184,0.0,0.0,0.1,0.0,0.0,0.0333,0.0,0.0396,0.0,0.29363282,537
k1119,0.0,0.0,0.0,0.0,0.0,0.0667,0.0,0.0,0.0238,0.187419331,1730
k1469,0.0,0.0,0.0,0.0,0.0,0.0333,0.0,0.154498109,0.0,0.199442102,1971
k3185,0.0,0.0526,0.0,0.0,0.127723812,0.166666667,0.0294,0.0792,0.0,0.148846413,3128
k784,0.0,0.0,0.15,0.0,0.0,0.133333333,0.0,0.129406921,0.0238,0.315798034,1201
k1003,0.0,0.0,0.0,0.0,0.0,0.0667,0.0,0.0,0.0,0.305375714,385
k600,0.0,0.0,0.0,0.0,0.117776092,0.166666667,0.0294,0.103207611,0.0,0.11814019,1718
k2838,0.0,0.0,0.5,0.0,0.0449,0.2,0.0,0.279480557,0.285714286,0.313835949,381
k2143,0.0,0.0,0.25,0.0,0.0539,0.166666667,0.0294,0.182359378,0.0,0.276990398,2457
k3087,0.0,0.0263,0.0,0.0,0.0933,0.166666667,0.0,0.184808754,0.0,0.105299114,3208
k2205,0.0,0.0,0.0,0.0,0.0935,0.0,0.0,0.0117,0.0,0.301742943,1972
k783,0.0,0.0,0.0,0.0,0.12289607,0.233333333,0.0882,0.0688,0.0714,0.294197619,1778
k665,0.0,0.0,0.3,0.0,0.0,0.266666667,0.264705882,0.476271696,0.0,0.191311851,105
k3148,0.0833,0.0526,0.1,0.0,0.127704762,0.2,0.0882,0.202848545,0.0714,0.397625427,878
k171,0.0,0.0,0.0,0.0,0.0,0.0667,0.0294,0.0,0.0,0.158152279,515
k178,0.0,0.0263,0.1,0.0,0.0184,0.166666667,0.0,0.0305,0.0238,0.227613387,343
k1102,0.0,0.0,0.05,0.0,0.0,0.0333,0.0,0.0616,0.0952,0.388059843,1984
k2894,0.0,0.0,0.05,0.364979678,0.0,0.133333333,0.0,0.0,0.119047619,0.243336991,2049
k551,0.0,0.0,0.0,0.0,0.108784636,0.0667,0.0,0.0688,0.0238,0.279017058,1878
k3274,0.0,0.0,0.0,0.0,0.0933,0.1,0.0,0.0805,0.0,0.148708638,1826
k1576,0.0,0.0,0.0,0.0,0.0,0.0333,0.0,0.0,0.0,0.297812095,1502
k1699,0.0,0.0,0.0,0.0,0.0,0.0667,0.0,0.0,0.0238,0.299768267,1871
k548,0.0,0.0526,0.0,0.0,0.267975737,0.2,0.0588,0.12010891,0.0,0.121105324,1732
k2987,0.0,0.0263,0.05,0.0,0.18718708,0.2,0.0,0.349435028,0.0952,0.277183916,555
k1571,0.25,0.0526,0.0,0.0,0.127723812,0.2,0.0294,0.129406921,0.0,0.478491806,3281
k3074,0.0833,0.0,0.2,0.0,0.0178,0.2,0.0882,0.270598843,0.0238,0.367119306,1029
k2136,0.0,0.0263,0.0,0.0,0.0,0.0667,0.0,0.0,0.0,0.105523261,3278
k1323,0.0,0.0,0.1,0.0,0.0294,0.133333333,0.0294,0.0805,0.0238,0.265448572,2904
k2749,0.0,0.0263,0.0,0.0,0.0294,0.0667,0.0,0.235031152,0.0,0.246211975,1068
k729,0.0,0.0,0.0,0.0,0.028,0.133333333,0.0,0.0,0.0238,0.27980145,2539
k957,0.0,0.0,0.0,0.0,0.128125093,0.0,0.0,0.0,0.0,0.24782376,3115
k2346,0.0,0.0263,0.0,0.0,0.0,0.0667,0.0,0.0,0.0,0.207541022,2859
k1568,0.0,0.0,0.1,0.0,0.0,0.1,0.0,0.0688,0.0,0.301772969,656
k3208,0.0,0.0,0.0,0.0,0.0883,0.133333333,0.0882,0.231265732,0.0,0.135327065,1353
k2841,0.0,0.0,0.0,0.0,0.0,0.0667,0.0,0.154060611,0.0714,0.318180676,874
k143,0.0,0.131578947,0.0,0.0,0.145035704,0.233333333,0.0882,0.129406921,0.0,0.128403758,2588
k1233,0.0,0.0789,0.0,0.0,0.0,0.133333333,0.0,0.095,0.0,0.0928,200
k1271,0.0,0.0,0.0,0.0,0.0639,0.1,0.0,0.0606,0.0238,0.157882695,2597
k423,0.0,0.0,0.0,0.0,0.0713,0.0667,0.0,0.0688,0.0,0.263968354,3218
k660,0.0,0.0,0.0,0.0,0.0,0.0667,0.0,0.0,0.0,0.174609295,72
k198,0.0,0.0,0.2,0.0,0.0589,0.2,0.0,0.161066062,0.0,0.15651395,788
k2109,0.0,0.0,0.0,0.0,0.0,0.0667,0.0,0.0,0.0476,0.301772969,52
k2776,0.0,0.0,0.0,0.0,0.127723812,0.133333333,0.0,0.137636815,0.0,0.347912611,1611
k767,0.666666667,0.157894737,0.0,0.0,0.0,0.266666667,0.117647059,0.0234,0.0,0.821450448,834
k2006,0.0,0.0,0.0,0.0,0.0,0.1,0.0,0.0,0.0,0.293607284,2236
k1363,0.0,0.0,0.0,0.0,0.122739401,0.133333333,0.0,0.0805,0.0,0.0928,125
k2608,0.0,0.0,0.05,0.0,0.0,0.1,0.0,0.0606,0.0476,0.283974688,2100
k1723,0.0,0.0,0.0,0.0,0.0,0.133333333,0.0,0.0,0.0,0.0928,2479
k1337,0.0,0.0,0.2,0.0,0.0,0.133333333,0.0,0.0792,0.0,0.302508458,2525
k2384,0.0,0.0,0.1,0.0,0.0294,0.0667,0.0294,0.0805,0.0238,0.301772969,544
k2470,0.0,0.0,0.0,0.0,0.0639,0.1,0.0,0.0606,0.0,0.259706229,2002
k2834,0.0,0.0,0.05,0.0,0.0,0.0333,0.0,0.0,0.0,0.300753136,655
k1461,0.0,0.0,0.0,0.0,0.0107,0.0333,0.0,0.0,0.0,0.246373745,231
k2327,0.0,0.0,0.0,0.0,0.0933,0.133333333,0.0294,0.0805,0.0,0.0928,2666
k2924,0.0,0.0,0.0,0.328538688,0.178455958,0.0667,0.0294,0.155566241,0.0476,0.293884202,3429
k803,0.0,0.0,0.2,0.0,0.0294,0.1,0.0,0.0922,0.0,0.305017108,3119
k1431,0.0,0.421052632,0.0,0.0,0.0639,0.366666667,0.882352941,0.0396,0.0,0.788367835,1171
k2251,0.0,0.0789,0.0,0.343251833,0.126454454,0.233333333,0.0588,0.0688,0.166666667,0.233701647,3264
k1201,0.0,0.0526,0.0,0.0,0.0639,0.1,0.0294,0.0606,0.0238,0.2748034,2862
k1277,0.0,0.0,0.0,0.0,0.157162553,0.166666667,0.0294,0.12010891,0.0,0.147334767,2884
k2654,0.0,0.0,0.05,0.0,0.0,0.1,0.0,0.0396,0.0238,0.29239105,2403
k74,0.166666667,0.0,0.0,0.0,0.0,0.0667,0.0,0.0422,0.0,0.58130277,3127
k1107,0.0,0.0,0.6,0.473251706,0.0689,0.333333333,0.0,0.16159869,0.119047619,0.340332821,442
k1826,0.0833,0.0,0.0,0.0,0.0,0.0667,0.0,0.0,0.0,0.464756065,2743
k2860,0.0,0.0526,0.0,0.0,0.0,0.133333333,0.0882,0.0,0.0,0.59400616,612
k916,0.0,0.0,0.05,0.0,0.0,0.0333,0.0,0.0,0.0,0.315348144,2499
k2041,0.0,0.0,0.1,0.0,0.0294,0.1,0.0,0.0,0.142857143,0.27314602,497
k2589,0.0,0.0,0.0,0.0,0.0,0.0667,0.0,0.0,0.0,0.11169197,1301
k2407,0.0,0.0,0.0,0.0,0.0,0.0667,0.0,0.0,0.0,0.321029595,177
k3383,0.0833,0.0,0.15,0.0,0.0,0.133333333,0.0,0.0,0.0,0.434669091,2760
k618,0.0,0.0526,0.15,0.0,0.0812,0.166666667,0.0294,0.198333124,0.0476,0.167642902,1762
k1905,0.0,0.0789,0.0,0.0,0.0,0.133333333,0.0,0.0,0.0,0.0928,28
k1395,0.0,0.0,0.1,0.0,0.0,0.0667,0.0,0.158757243,0.0476,0.294292667,337
k3036,0.0,0.0789,0.0,0.0,0.267775124,0.4,0.0588,0.200641943,0.0,0.0928,756
k2966,0.0,0.0526,0.0,0.0,0.0933,0.3,0.0882,0.0805,0.0,0.145854953,2791
k3037,0.0,0.0,0.0,0.0,0.0468,0.0333,0.0,0.0,0.0,0.0928,617
k172,0.333333333,0.0526,0.1,0.0,0.0,0.2,0.176470588,0.158757243,0.0,0.713138743,65
k3122,0.0,0.0,0.25,0.507628803,0.023,0.166666667,0.0,0.0539,0.0476,0.301772969,161
k14,0.0,0.0,0.1,0.0,0.0,0.1,0.0,0.158757243,0.0238,0.26320316,2980
k2311,0.0,0.0,0.1,0.0,0.0294,0.0667,0.0294,0.0805,0.0238,0.282334297,1416
k228,0.0,0.0,0.1,0.0,0.0898,0.1,0.0,0.104717232,0.261904762,0.333588215,1453
k1513,0.0,0.0,0.05,0.0,0.157748325,0.166666667,0.0,0.157022996,0.0,0.193285584,1896
k1666,0.0,0.0,0.0,0.0,0.0,0.0667,0.0,0.149858091,0.0476,0.283818363,1863
k2289,0.0833,0.0,0.1,0.0,0.00444,0.1,0.0,0.0688,0.0,0.480122396,3407
k2518,0.0833,0.0,0.1,0.0,0.0,0.133333333,0.0588,0.0688,0.0,0.36240947,639
k2684,0.0,0.0,0.05,0.0,0.0,0.1,0.0,0.0396,0.0,0.308540145,2913
k2034,0.0,0.0,0.0,0.0,0.0,0.0,0.0,0.0,0.0,0.0928,2552
k1306,0.0833,0.0263,0.15,0.0,0.023,0.2,0.117647059,0.0539,0.0,0.317545649,0
k134,0.0,0.0,0.0,0.0,0.0173,0.133333333,0.0882,0.0,0.0,0.122527496,496
k2848,0.0,0.0263,0.1,0.0,0.0,0.0667,0.0,0.0792,0.0,0.299284451,3090
k3330,0.0,0.0526,0.0,0.0,0.0,0.166666667,0.0,0.0,0.0,0.278346673,1045
k3292,0.166666667,0.0,0.0,0.0,0.0933,0.166666667,0.0294,0.0805,0.0,0.277850671,2559
k357,0.0,0.0526,0.05,0.0,0.0,0.266666667,0.117647059,0.0396,0.0,0.0928,3134
k2626,0.0833,0.0,0.15,0.0,0.121269399,0.233333333,0.0882,0.20993995,0.0952,0.301772969,1209
k1578,0.0,0.0,0.0,0.0,0.0,0.0333,0.0,0.149858091,0.0476,0.286269283,2364
k3189,0.0,0.0263,0.0,0.0,0.127723812,0.1,0.0294,0.0792,0.0,0.297368739,3109
k2120,0.0,0.0,0.0,0.427339605,0.0,0.1,0.0588,0.012,0.0,0.0928,753
k2582,0.0,0.0263,0.0,0.0,0.0294,0.0667,0.0,0.0,0.0,0.0928,480
k2023,0.0,0.0,0.05,0.0,0.0,0.0667,0.0,0.132450142,0.0,0.238658768,1010
k898,0.0,0.0,0.0,0.0,0.0639,0.1,0.0,0.0688,0.0,0.144498895,256
k2200,0.0,0.0,0.1,0.0,0.0,0.0667,0.0,0.0688,0.0,0.320207003,437
k1930,0.0,0.0,0.0,0.0,0.0468,0.0333,0.0,0.0,0.0,0.0928,553
k1562,0.0,0.0,0.5,0.534573357,0.0459,0.333333333,0.0,0.10773246,0.380952381,0.344515934,1308
k2693,0.0,0.0526,0.2,0.0,0.0589,0.133333333,0.0,0.161066062,0.0,0.19569907,1920
k3030,0.0,0.0263,0.1,0.0,0.231724678,0.266666667,0.0,0.161066062,0.166666667,0.223144143,968
k3316,0.0833,0.0,0.0,0.0,0.0,0.0333,0.0,0.0,0.0,0.357583635,2792
k2877,0.0,0.0526,0.0,0.0,0.0776,0.3,0.235294118,0.0639,0.0,0.631205204,1997
k2612,0.0,0.0,0.0,0.0,0.0107,0.0,0.0,0.109266467,0.0952,0.316552638,800
k259,0.0,0.0,0.0,0.0,0.0,0.0667,0.0,0.189955427,0.0476,0.323268328,1787
k914,0.0,0.0,0.05,0.0,0.0639,0.1,0.0,0.1001644,0.0238,0.295720901,794
k1217,0.0,0.0,0.15,0.0,0.0,0.1,0.0,0.198333124,0.0238,0.294811923,1900
k2303,0.0,0.0,0.0,0.0,0.0,0.0333,0.0,0.0,0.0,0.130141513,2631
k2910,0.0,0.0,0.05,0.0,0.0,0.0,0.0,0.0,0.0238,0.316992,3339
k2189,0.0,0.0,0.1,0.0,0.0,0.0667,0.0,0.121177023,0.0952,0.277331684,1058
k2304,0.0,0.0,0.0,0.0,0.0,0.0333,0.0,0.0,0.0,0.128162834,2134
k2528,0.0,0.0,0.0,0.0,0.0,0.0667,0.0,0.0,0.0,0.428106168,950
k1062,0.0,0.0526,0.0,0.0,0.127723812,0.233333333,0.147058824,0.202778166,0.0952,0.182639756,2736
k3071,0.0,0.0526,0.0,0.0,0.0,0.1,0.0294,0.095,0.0,0.0928,1580
k1414,0.0,0.0,0.0,0.0,0.0,0.0667,0.0,0.0,0.0,0.162476363,1052
k800,0.0,0.0,0.1,0.0,0.0,0.133333333,0.0882,0.158757243,0.0238,0.263751053,3022
k1450,0.0,0.0,0.0,0.0,0.127723812,0.266666667,0.117647059,0.129406921,0.0476,0.137886758,387
k2496,0.166666667,0.0,0.0,0.0,0.138380662,0.233333333,0.0294,0.129406921,0.0476,0.289759598,2170
k1349,0.0833,0.0,0.0,0.0,0.0,0.0667,0.0,0.0,0.0,0.411878361,443
k1903,0.0,0.0,0.0,0.0,0.0,0.0333,0.0,0.0,0.0,0.2936914,2095
k3417,0.0,0.0,0.0,0.0,0.0,0.0667,0.0294,0.0,0.0,0.275524109,1241
k2228,0.0,0.0,0.0,0.537536245,0.0,0.0333,0.0,0.11144151,0.0,0.424341674,2360
k864,0.0,0.0263,0.0,0.0,0.0,0.1,0.0294,0.0,0.0,0.120279983,732
k2973,0.0,0.0526,0.0,0.0,0.0639,0.1,0.0,0.0396,0.0,0.0928,2015
k175,0.0,0.0,0.0,0.0,0.0,0.0333,0.0,0.0,0.0,0.296134085,1493
k664,0.0,0.0,0.25,0.0,0.0,0.166666667,0.0,0.158757243,0.0,0.40107943,1297
k2688,0.0,0.0,0.0,0.0,0.0,0.1,0.0588,0.0,0.0238,0.286310148,2463
k2071,0.0,0.0789,0.0,0.0,0.0519,0.266666667,0.0588,0.0,0.0,0.122730647,825
k2086,0.0,0.0526,0.0,0.0,0.117776092,0.1,0.0,0.103207611,0.0,0.0928,946
k1912,0.25,0.0263,0.0,0.0,0.0933,0.2,0.0294,0.0805,0.0,0.283367146,2185
k2817,0.0,0.0,0.0,0.0,0.0,0.133333333,0.0,0.0,0.0,0.0928,806
k2823,0.0,0.0526,0.05,0.0,0.121269399,0.166666667,0.0,0.0805,0.119047619,0.243409926,2603
k1893,0.0,0.0,0.45,0.485837649,0.0459,0.3,0.117647059,0.10773246,0.142857143,0.284582696,3343
k1372,0.0,0.0,0.0,0.0,0.0,0.0333,0.0,0.0,0.0,0.29035879,341
k991,0.0,0.0,0.1,0.0,0.0,0.1,0.0,0.0688,0.0238,0.326446771,938
k3034,0.0,0.0263,0.0,0.0,0.0744,0.1,0.0,0.0,0.0,0.198951049,2722
k3269,0.0,0.0789,0.0,0.0,0.0294,0.166666667,0.0588,0.19241205,0.0,0.387430054,308
k1635,0.0,0.0,0.0,0.0,0.0,0.0333,0.0,0.0,0.0,0.272965301,1232
k1890,0.0,0.0526,0.0,0.0,0.0107,0.1,0.0,0.0,0.0952,0.278752306,301
k2600,0.0,0.0,0.15,0.0,0.0,0.133333333,0.0,0.0396,0.0714,0.247976859,1206
k2359,0.0,0.0,0.0,0.0,0.0,0.1,0.0588,0.0,0.0,0.0928,2012
k3158,0.0,0.0263,0.15,0.0,0.325941813,0.233333333,0.0588,0.350619976,0.0,0.206766466,1571
k2267,0.0,0.0,0.0,0.0,0.174474455,0.2,0.0,0.149351441,0.0,0.138522062,3173
k928,0.0,0.0263,0.1,0.0,0.0,0.0667,0.0,0.0792,0.0,0.286705015,1594
k2689,0.0,0.0,0.0,0.0,0.0468,0.1,0.0,0.0,0.0,0.0928,171
k3390,0.0,0.0526,0.0,0.0,0.138380662,0.166666667,0.0,0.137636815,0.0,0.187419331,509
k2899,0.0,0.0526,0.0,0.0,0.0685,0.1,0.0294,0.0816,0.0,0.362683837,2243
k1970,0.0,0.0,0.05,0.0,0.0173,0.333333333,0.0882,0.121177023,0.0952,0.140067143,150
k1291,0.0,0.0263,0.0,0.0,0.0597,0.1,0.0,0.193914428,0.0,0.179711015,1117
k1761,0.0,0.0,0.05,0.0,0.0933,0.166666667,0.0,0.212983171,0.0,0.205955498,1234
k1025,0.0,0.0,0.15,0.0,0.0,0.1,0.0,0.0688,0.0,0.303334596,464
k366,0.0,0.0,0.3,0.0,0.0,0.0667,0.0,0.0792,0.142857143,0.311034793,412
k2680,0.0,0.0,0.0,0.0,0.0184,0.0667,0.0,0.0305,0.0,0.222466507,48
k407,0.0,0.0,0.05,0.0,0.0,0.0667,0.0,0.0396,0.0,0.301772969,1734
k2781,0.0,0.0,0.0,0.0,0.0,0.0333,0.0,0.132450142,0.0,0.293997411,2838
k2691,0.0,0.0,0.0,0.0,0.0107,0.0333,0.0,0.0,0.0476,0.29261531,644
k2049,0.0,0.0263,0.15,0.0,0.023,0.166666667,0.0,0.0539,0.0,0.174306944,1631
k2301,0.0,0.0,0.0,0.0,0.117776092,0.0333,0.0,0.25770573,0.0,0.333719491,1122
k3095,0.0,0.0,0.0,0.0,0.0,0.0,0.0,0.0,0.0238,0.307033852,1890
k1311,0.0,0.0,0.05,0.0,0.0,0.0333,0.0,0.175510747,0.0,0.334423937,1480
k2770,0.0,0.0526,0.0,0.0,0.0639,0.1,0.0,0.0606,0.0,0.292319806,713
k1996,0.0,0.0,0.0,0.0,0.0933,0.1,0.0588,0.0805,0.0,0.0928,601
k1426,0.0,0.0,0.0,0.0,0.0,0.1,0.0,0.0,0.0,0.0928,1769
k2160,0.0,0.0,0.1,0.0,0.0294,0.1,0.0294,0.0805,0.0238,0.265503896,330
k1974,0.166666667,0.0789,0.05,0.0,0.0639,0.233333333,0.0588,0.108394293,0.0,0.331338664,2967
k2945,0.0,0.0,0.1,0.0,0.0468,0.0667,0.0294,0.0805,0.0238,0.288426628,2275
k689,0.0,0.0,0.0,0.0,0.0,0.0667,0.0,0.0,0.0476,0.0928,675
k2818,0.0,0.0526,0.0,0.0,0.0173,0.1,0.0,0.0,0.0,0.122133312,2648
k323,0.0,0.184210526,0.0,0.0,0.0,0.2,0.205882353,0.0,0.0,0.685409094,1835
k441,0.0,0.0526,0.05,0.0,0.157162553,0.133333333,0.0294,0.0792,0.0,0.204723813,2876
k2451,0.0,0.0,0.05,0.0,0.0,0.0667,0.0,0.0396,0.0,0.276610011,2113
k715,0.0,0.0,0.2,0.0,0.0,0.133333333,0.0,0.137636815,0.0,0.347535822,1815
k57,0.0,0.0,0.2,0.0,0.0589,0.133333333,0.0,0.161066062,0.0,0.195628107,1259
k3300,0.0,0.0526,0.05,0.0,0.185367535,0.166666667,0.0882,0.137636815,0.0,0.28329166,126
k2472,0.0,0.0526,0.0,0.338946782,0.0,0.166666667,0.0294,0.228937481,0.0952,0.0928,2920
k885,0.0833,0.0,0.1,0.0,0.0178,0.1,0.0,0.0473,0.0952,0.308101592,2532
k1558,0.0,0.0,0.0,0.0,0.0,0.133333333,0.0,0.0,0.0,0.29809591,1933
k1506,0.0,0.0789,0.0,0.0,0.279901951,0.233333333,0.0,0.241599087,0.0,0.164532964,2936
k2996,0.5,0.0,0.0,0.0,0.0,0.2,0.176470588,0.0,0.0,0.624502075,3225
k3100,0.0,0.0263,0.0,0.0,0.252995008,0.2,0.0294,0.20993995,0.214285714,0.253951449,871
k1561,0.0,0.0,0.0,0.0,0.0449,0.0,0.0,0.115990351,0.0,0.364048741,1131
k3085,0.0,0.0,0.0,0.0,0.0,0.2,0.176470588,0.0,0.0,0.0928,1893
k1866,0.0,0.0,0.0,0.0,0.157162553,0.166666667,0.0294,0.12010891,0.0,0.146295967,2384
k3066,0.166666667,0.0,0.2,0.0,0.0,0.266666667,0.117647059,0.317514491,0.0476,0.532853867,61
k2579,0.0,0.0263,0.0,0.0,0.0,0.1,0.0294,0.0,0.0,0.173026651,2474
k1599,0.0,0.0263,0.05,0.0,0.0639,0.0667,0.0,0.0792,0.0,0.306435821,2516
k2844,0.0,0.0263,0.0,0.0,0.0,0.0667,0.0,0.095,0.0,0.130738145,2965
k2126,0.0,0.0526,0.0,0.0,0.0,0.166666667,0.0,0.0,0.0,0.0928,2304
k1333,0.0,0.0,0.15,0.0,0.0,0.1,0.0,0.158757243,0.0,0.200350122,2625
k371,0.0,0.789473684,0.0,0.0,0.0639,0.566666667,0.764705882,0.0688,0.0,0.54983858,2695
k1559,0.0,0.0,0.05,0.0,0.0,0.0333,0.0,0.0,0.0,0.282773928,884
k2617,0.0,0.0,0.0,0.0,0.0,0.0667,0.0,0.0,0.0,0.303436313,350
k1040,0.0,0.0526,0.05,0.0,0.0107,0.1,0.0294,0.0,0.0476,0.273453338,2728
k3370,0.0,0.0,0.0,0.0,0.0,0.1,0.0294,0.269035228,0.0238,0.17102507,436
k403,0.0,0.0,0.0,0.0,0.0639,0.0667,0.0,0.0396,0.0714,0.271459371,1832
k2671,0.0,0.0,0.1,0.0,0.0,0.0333,0.0,0.0396,0.0,0.324660188,175
k131,0.0,0.0,0.0,0.0,0.0,0.133333333,0.0882,0.0,0.0476,0.250016535,3121
k1922,0.0,0.0,0.05,0.0,0.0,0.0667,0.0,0.0396,0.0,0.301772969,1212
k2677,0.0,0.0789,0.0,0.0,0.391576305,0.533333333,0.352941176,0.242354047,0.333333333,0.152608877,2520
k3214,0.0,0.0,0.0,0.0,0.0,0.0333,0.0,0.0,0.0714,0.316108121,1110
k590,0.0,0.0526,0.0,0.0,0.163073049,0.2,0.0588,0.159879135,0.142857143,0.163570878,1969
k2283,0.0,0.105263158,0.0,0.0,0.186601296,0.266666667,0.0,0.161066062,0.0,0.0928,2650
k1854,0.0833,0.0,0.05,0.0,0.0488,0.166666667,0.117647059,0.142189661,0.119047619,0.422632632,1776
k1998,0.0,0.157894737,0.0,0.0,0.127723812,0.2,0.176470588,0.0792,0.0,0.0928,197
k1566,0.0,0.0,0.0,0.0,0.0639,0.1,0.0882,0.0606,0.0476,0.217941161,3114
k2276,0.0,0.0,0.0,0.0,0.0,0.0667,0.0294,0.0,0.0,0.256111532,2776
k455,0.0833,0.0,0.0,0.0,0.0,0.0333,0.0,0.0,0.0,0.301772969,1566
k1627,0.0833,0.0263,0.0,0.0,0.0,0.0667,0.0,0.0,0.0,0.339987397,1357
k3374,0.166666667,0.0789,0.1,0.0,0.0,0.2,0.0,0.0,0.0,0.594942157,1921
k1927,0.0,0.105263158,0.0,0.0,0.0569,0.133333333,0.0,0.146462555,0.0,0.296059376,2982
k547,0.0,0.263157895,0.0,0.0,0.118093047,0.3,0.117647059,0.0688,0.0238,0.40107943,1178
k2427,0.0833,0.0263,0.0,0.0,0.0639,0.166666667,0.0,0.224940984,0.119047619,0.284151964,1612
k2864,0.0,0.0,0.0,0.0,0.0,0.0667,0.0,0.0,0.0,0.281395468,119
k2197,0.0,0.0,0.15,0.0,0.0213,0.1,0.0294,0.0,0.119047619,0.276972424,1219
k1021,0.0,0.105263158,0.0,0.0,0.127723812,0.133333333,0.117647059,0.0792,0.0,0.177574705,1722
k968,0.0,0.0,0.0,0.0,0.0,0.166666667,0.0,0.0,0.0,0.354881633,420
k890,0.0,0.0263,0.0,0.0,0.0253,0.233333333,0.176470588,0.0,0.0,0.455752604,1795
k2557,0.0,0.0,0.0,0.0,0.0,0.0333,0.0,0.0,0.0,0.334806513,2667
k2502,0.0,0.0,0.1,0.0,0.377440638,0.266666667,0.0,0.371006031,0.0476,0.228320265,2788
k1112,0.0,0.0526,0.0,0.0,0.116628435,0.1,0.0,0.124220244,0.0,0.0928,711
k2682,0.0,0.0526,0.0,0.0,0.0639,0.1,0.0,0.0688,0.0,0.144532777,2376
k1287,0.0,0.0263,0.0,0.0,0.0,0.0667,0.0,0.095,0.0,0.391305029,2971
k604,0.0833,0.0,0.0,0.0,0.0639,0.133333333,0.0294,0.0688,0.0,0.276651705,283
k1845,0.0,0.0,0.0,0.0,0.0639,0.1,0.0,0.0688,0.0,0.283153279,1043
k530,0.166666667,0.0789,0.0,0.0,0.0,0.166666667,0.0294,0.0,0.0476,0.450434977,3308
k1849,0.0,0.0,0.0,0.0,0.0933,0.1,0.0294,0.0805,0.0,0.0928,3144
k2975,0.0,0.0,0.0,0.0,0.0639,0.1,0.0588,0.0688,0.0,0.169616883,2322
k3246,0.0,0.0,0.05,0.0,0.0468,0.0,0.0,0.0,0.0476,0.283691754,223
k2853,0.0,0.0,0.0,0.0,0.0883,0.266666667,0.205882353,0.231265732,0.0,0.0928,3093
k160,0.0,0.131578947,0.0,0.0,0.365750659,0.4,0.117647059,0.206455217,0.0,0.125015735,991
k1950,0.0,0.0,0.05,0.0,0.157162553,0.1,0.0,0.141121548,0.0714,0.212940719,1495
k230,0.0,0.0,0.0,0.0,0.0,0.0667,0.0,0.095,0.0238,0.257444834,2959
k2401,0.0,0.236842105,0.0,0.0,0.0,0.2,0.0,0.0,0.0,0.680393371,2210
k3281,0.0,0.0,0.05,0.0,0.0468,0.0333,0.0,0.0,0.0,0.286439817,3287
k1776,0.0,0.0,0.0,0.0,0.0449,0.0333,0.0,0.0,0.0476,0.312220741,2766
k2863,0.0,0.0,0.1,0.0,0.0,0.166666667,0.117647059,0.0513,0.0,0.301772969,602
k387,0.0,0.0263,0.0,0.0,0.0639,0.133333333,0.0,0.0606,0.0714,0.108541752,1431
k520,0.0833,0.0,0.1,0.0,0.0244,0.133333333,0.0,0.0396,0.0714,0.323294817,519
k2937,0.0,0.0,0.15,0.539574813,0.0,0.1,0.0294,0.0,0.166666667,0.28969048,1849
k3271,0.0,0.0526,0.0,0.0,0.0107,0.1,0.0,0.0,0.0,0.218528577,2817
k3242,0.0,0.0,0.25,0.0,0.0,0.166666667,0.0,0.121177023,0.0476,0.40107943,291
k582,0.0,0.0263,0.0,0.0,0.0,0.0667,0.0,0.146842457,0.0,0.309069856,2415
k2378,0.0,0.0,0.0,0.0,0.145035704,0.233333333,0.0294,0.108394293,0.0,0.139122769,2636
k2412,0.0,0.0789,0.0,0.0,0.0346,0.133333333,0.0588,0.0,0.0,0.125232001,1652
k2398,0.0,0.0,0.0,0.578725452,0.0,0.0667,0.0,0.0524,0.0476,0.105465271,730
k1981,0.0,0.0,0.0,0.0,0.0,0.0667,0.0,0.0,0.0,0.240378245,3421
k570,0.0,0.0,0.05,0.0,0.0,0.0333,0.0,0.0,0.0,0.289571629,1471
k1264,0.0833,0.0,0.0,0.0,0.0,0.0333,0.0,0.0,0.0,0.430434565,1461
k2581,0.0,0.0,0.0,0.0,0.0453,0.1,0.0,0.0,0.0714,0.238413578,2850
k1511,0.0,0.0789,0.0,0.0,0.0814,0.166666667,0.0588,0.00519,0.0476,0.158906357,366
k257,0.0,0.0526,0.1,0.0,0.0346,0.133333333,0.0,0.0,0.0,0.288583388,3088
k3328,0.0,0.0,0.0,0.0,0.0,0.0667,0.0,0.0,0.0476,0.252325994,720
k1351,0.0,0.0,0.05,0.0,0.0,0.0333,0.0,0.0,0.0,0.281190738,1242
k1891,0.0,0.0,0.0,0.0,0.0,0.0333,0.0,0.0,0.0,0.266056166,2264
k493,0.0,0.105263158,0.0,0.0,0.0765,0.133333333,0.0,0.0688,0.0,0.276927814,2157
k2504,0.0,0.0526,0.0,0.0,0.174474455,0.266666667,0.176470588,0.161066062,0.0,0.0928,3430
k11,0.0,0.0526,0.0,0.0,0.0,0.1,0.0,0.095,0.0,0.0928,1031
k1667,0.0833,0.0789,0.0,0.0,0.0933,0.166666667,0.0588,0.0805,0.0,0.286984848,418
k1486,0.0,0.0263,0.15,0.54206921,0.0,0.1,0.0,0.0,0.142857143,0.284395723,600
k1194,0.333333333,0.0789,0.1,0.0,0.0,0.2,0.117647059,0.158757243,0.0,0.726029604,2696
k1997,0.0,0.0,0.05,0.0,0.0468,0.0333,0.0,0.0,0.0,0.277651759,3361
k834,0.0,0.0263,0.1,0.0,0.0,0.0667,0.0,0.0792,0.0,0.311937102,1737
k939,0.0,0.0,0.1,0.0,0.0,0.0667,0.0,0.175510747,0.0238,0.27857614,2085
k1556,0.0,0.0,0.0,0.0,0.0488,0.166666667,0.0,0.189955427,0.238095238,0.301772969,317
k1967,0.25,0.0263,0.0,0.0,0.0933,0.2,0.0294,0.0805,0.0,0.317424589,2458
k1660,0.0,0.0,0.2,0.0,0.0,0.1,0.0588,0.0,0.0,0.284616145,2824
k3165,0.0833,0.0526,0.0,0.0,0.0,0.1,0.0294,0.0,0.0,0.372219072,2346
k2206,0.0833,0.0,0.1,0.0,0.0569,0.1,0.0,0.0849,0.0,0.375754286,2974
k1815,0.0,0.0789,0.0,0.0,0.138380662,0.233333333,0.0588,0.42309184,0.0,0.197161554,2348
k3313,0.0,0.0,0.0,0.0,0.00743,0.1,0.0,0.146842457,0.0,0.149729388,1950
k2736,0.0,0.0,0.0,0.28489307,0.153286637,0.0667,0.0,0.158609444,0.0,0.257751623,2093
k363,0.0,0.0,0.0,0.0,0.0,0.1,0.0,0.0981,0.0,0.53990267,1605
k2991,0.0,0.105263158,0.0,0.0,0.138380662,0.233333333,0.0882,0.276249378,0.0,0.192740291,228
k1268,0.0,0.0,0.1,0.0,0.138380662,0.133333333,0.0588,0.242354047,0.0476,0.238972901,2147
k1962,0.0,0.0526,0.2,0.0,0.0,0.233333333,0.117647059,0.0792,0.0,0.197662761,2252
k1133,0.0,0.0,0.0,0.0,0.0,0.1,0.0,0.0734,0.0,0.327357066,427
k2808,0.0,0.0,0.05,0.0,0.0223,0.166666667,0.0,0.144047588,0.166666667,0.223337774,3168
k2868,0.0,0.0,0.0,0.0,0.0,0.166666667,0.0294,0.12572987,0.166666667,0.215408623,1318
k1259,0.0,0.0,0.0,0.0,0.157162553,0.0667,0.0294,0.149351441,0.0,0.124489967,1725
k1079,0.0,0.0263,0.0,0.0,0.0,0.133333333,0.0,0.0,0.0,0.0972,2338
k1074,0.0,0.0526,0.0,0.0,0.186601296,0.133333333,0.0294,0.161066062,0.0,0.0928,87
k1976,0.166666667,0.0,0.1,0.506299302,0.276761313,0.4,0.176470588,0.200328795,0.333333333,0.240513981,2218
k1494,0.0,0.0,0.1,0.524228573,0.0,0.0667,0.0294,0.0,0.0714,0.290150347,623
k1364,0.0,0.0,0.0,0.0,0.0,0.0667,0.0,0.189955427,0.0476,0.395806008,628
k2210,0.166666667,0.0526,0.0,0.0,0.138380662,0.2,0.0588,0.129406921,0.0476,0.325886131,1167
k2780,0.0,0.0,0.1,0.0,0.0523,0.1,0.0588,0.12010891,0.0,0.301761083,3042
k2568,0.166666667,0.0263,0.05,0.0,0.00444,0.1,0.0294,0.0,0.0,0.529696697,3342
k139,0.0,0.0,0.1,0.0,0.0639,0.133333333,0.0,0.219345762,0.0,0.218049773,2787
k63,0.0,0.0,0.2,0.0,0.0294,0.166666667,0.0,0.149351441,0.0,0.28997694,1947
k2242,0.0,0.0,0.0,0.0,0.0,0.333333333,0.176470588,0.0,0.0,0.127507508,2767
k948,0.0,0.0,0.0,0.0,0.195988807,0.1,0.0294,0.0805,0.0238,0.224724227,2546
k3312,0.0,0.0,0.0,0.0,0.0,0.0667,0.0,0.0,0.0,0.206859476,3085
k853,0.0,0.0,0.0,0.0,0.11061255,0.1,0.0,0.235031152,0.0,0.230219237,2994
k24,0.0,0.0,0.1,0.0,0.0,0.133333333,0.0588,0.0513,0.0,0.305350677,84
k1579,0.0,0.0,0.0,0.0,0.157162553,0.166666667,0.205882353,0.12010891,0.0,0.10507095,2000
k473,0.0,0.0,0.0,0.0,0.028,0.166666667,0.235294118,0.158757243,0.0,0.112591449,2514
k345,0.0,0.105263158,0.0,0.0,0.186601296,0.2,0.0,0.161066062,0.0,0.0928,566
k1075,0.0,0.0,0.0,0.0,0.0639,0.1,0.0,0.0688,0.0,0.144498864,747
k2417,0.0,0.0,0.15,0.530990035,0.0,0.0667,0.0,0.0,0.142857143,0.301772969,3158
k905,0.0833,0.0,0.0,0.0,0.0639,0.166666667,0.0294,0.216711086,0.142857143,0.272199744,2216
k267,0.0,0.0,0.0,0.0,0.0,0.0333,0.0,0.146842457,0.0,0.301772969,1005
k776,0.333333333,0.0526,0.0,0.0,0.0,0.133333333,0.0588,0.0,0.0,0.678889754,1355
k1885,0.0,0.0,0.05,0.0,0.0468,0.0333,0.0,0.169854981,0.0,0.298404182,2790
k2273,0.0,0.0,0.0,0.0,0.127723812,0.133333333,0.0,0.161066062,0.0952,0.301772969,214
k3265,0.0,0.0,0.05,0.0,0.0,0.0667,0.0,0.0606,0.0238,0.289708952,1596
k2816,0.0,0.0,0.0,0.465717867,0.0745,0.0333,0.0,0.124220244,0.0,0.214761449,1679
k971,0.0,0.0,0.0,0.0,0.0,0.0667,0.0,0.0,0.0,0.220962022,1660
k888,0.0,0.0,0.2,0.0,0.0,0.133333333,0.0294,0.0792,0.0714,0.301772969,2004
k1593,0.0,0.0263,0.0,0.0,0.117776092,0.0667,0.0,0.103207611,0.0,0.0928,596
k998,0.0,0.0263,0.15,0.354470289,0.0294,0.166666667,0.0,0.0805,0.0476,0.232832552,390
k2373,0.0833,0.0,0.05,0.0,0.0,0.0667,0.0,0.0396,0.0,0.301772969,542
k900,0.166666667,0.0,0.05,0.0,0.0,0.133333333,0.0294,0.0688,0.0714,0.411411835,1960
k745,0.0833,0.0,0.1,0.0,0.0,0.1,0.0,0.158757243,0.0,0.448358533,1503
k425,0.0,0.0,0.0,0.0,0.0,0.0667,0.0294,0.0,0.0,0.429033453,1526
k293,0.0833,0.0,0.0,0.0,0.0,0.0333,0.0,0.0909,0.0,0.386739133,1887
k865,0.0,0.0,0.0,0.0,0.0639,0.0667,0.0,0.0805,0.0,0.25487723,2691
k2297,0.0,0.0526,0.0,0.0,0.127723812,0.133333333,0.0882,0.0792,0.0,0.101087283,2343
k460,0.0,0.0,0.0,0.0,0.0468,0.0333,0.0,0.0,0.0,0.0928,2832
k1805,0.0,0.0,0.0,0.0,0.0639,0.166666667,0.0,0.163796135,0.0952,0.281694935,898
k1587,0.0,0.0,0.0,0.0,0.0,0.0667,0.0,0.095,0.0238,0.17078881,2098
k2080,0.0,0.0,0.2,0.0,0.0468,0.2,0.0,0.149351441,0.0,0.276772724,1968
k112,0.0,0.0,0.0,0.0,0.126977428,0.1,0.0294,0.206262904,0.0714,0.179215605,3182
k471,0.0,0.184210526,0.1,0.0,0.772810967,0.866666667,0.264705882,0.892239589,0.761904762,0.188839024,2253
k1852,0.0833,0.0,0.05,0.0,0.0,0.1,0.0294,0.184808754,0.0238,0.304094905,108
k1945,0.0,0.0,0.05,0.0,0.0,0.0333,0.0,0.0,0.0,0.278146911,787
k3276,0.0,0.0263,0.0,0.0,0.0294,0.0667,0.0,0.235031152,0.0,0.296892506,1519
k1182,0.0,0.0,0.0,0.0,0.0173,0.0667,0.0,0.0,0.0,0.301772969,3211
k47,0.0,0.0526,0.0,0.0,0.221225102,0.166666667,0.0588,0.12010891,0.0,0.148306586,1086
k2426,0.0833,0.0,0.0,0.0,0.0,0.0667,0.0294,0.0,0.0,0.333370126,2105
k3010,0.0,0.0263,0.2,0.0,0.0,0.2,0.0588,0.317514491,0.0,0.168554091,1235
k220,0.0,0.0,0.2,0.0,0.0,0.0667,0.0,0.0,0.285714286,0.301024962,1028
k819,0.0,0.0526,0.05,0.0,0.109932291,0.133333333,0.0588,0.216154737,0.0714,0.342522557,3106
k2069,0.0,0.0,0.0,0.0,0.0,0.0667,0.0,0.0816,0.0952,0.301772969,2034
k133,0.0,0.0,0.05,0.0,0.0,0.0333,0.0,0.0513,0.0,0.301772969,3432
k1839,0.0,0.105263158,0.0,0.0,0.0685,0.166666667,0.117647059,0.0,0.0,0.0928,1036
k3204,0.0,0.0,0.0,0.471175152,0.238548641,0.233333333,0.0,0.606337723,0.238095238,0.26354511,1625
k1953,0.0,0.0526,0.0,0.0,0.0745,0.133333333,0.0,0.0688,0.0476,0.302517492,1230
k2862,0.0,0.131578947,0.0,0.0,0.313291987,0.5,0.176470588,0.206455217,0.0,0.122207253,1125
k791,0.0,0.0789,0.0,0.0,0.0,0.133333333,0.0588,0.0,0.0,0.0928,2151
k2461,0.0,0.105263158,0.0,0.0,0.221225102,0.233333333,0.0882,0.125295596,0.0,0.154196146,1848
k584,0.166666667,0.0,0.1,0.0,0.0,0.166666667,0.0294,0.170471855,0.0476,0.452445799,3327
k1708,0.0,0.0,0.0,0.0,0.0,0.0,0.0,0.0,0.0476,0.313782358,3226
k951,0.0,0.0789,0.25,0.0,0.230934935,0.366666667,0.0882,0.282523778,0.0952,0.16609308,1512
k2287,0.0,0.0,0.0,0.0,0.0639,0.1,0.0,0.0606,0.0,0.17547969,3388
k2515,0.0,0.0,0.0,0.0,0.0,0.0667,0.0,0.0,0.0,0.282190118,2380
k325,0.0,0.0263,0.0,0.0,0.140051304,0.133333333,0.0,0.0805,0.0,0.0928,2178
k737,0.166666667,0.0263,0.05,0.0,0.0639,0.166666667,0.0294,0.108394293,0.0,0.432479521,2312
k908,0.0,0.0,0.0,0.0,0.295743852,0.266666667,0.0294,0.201710057,0.0952,0.138848977,1741
k1555,0.166666667,0.0263,0.0,0.0,0.0,0.0667,0.0,0.0843,0.0,0.334087505,701
k318,0.0,0.0,0.1,0.525899946,0.0,0.1,0.0,0.0,0.0714,0.228534166,1802
k1388,0.0,0.0526,0.1,0.0,0.127704762,0.2,0.0882,0.202848545,0.0714,0.301772969,577
k1231,0.0,0.105263158,0.0,0.0,0.0,0.166666667,0.117647059,0.0,0.0,0.0928,751
k1471,0.0,0.0,0.05,0.0,0.0,0.1,0.0,0.171399412,0.0,0.306178101,66
k2900,0.0,0.0,0.0,0.0,0.0,0.0667,0.0,0.0,0.0,0.281447317,1023
k651,0.0,0.0526,0.05,0.0,0.0933,0.133333333,0.0294,0.0792,0.0,0.23515187,1622
k511,0.333333333,0.0,0.2,0.0,0.0488,0.333333333,0.147058824,0.214492797,0.166666667,0.533210047,1017
k439,0.0833,0.0263,0.0,0.0,0.0,0.0667,0.0,0.0,0.0,0.34893263,784
k995,0.0,0.0526,0.0,0.0,0.127723812,0.2,0.0,0.161066062,0.0,0.256014659,1682
k3107,0.0,0.0,0.0,0.0,0.0,0.1,0.0,0.0,0.0,0.0928,2992
k742,0.0,0.0,0.0,0.0,0.255447624,0.133333333,0.0588,0.242354047,0.0476,0.301772969,988
k1132,0.0,0.0789,0.0,0.0,0.157162553,0.2,0.0294,0.141121548,0.0238,0.135302222,1979
k3108,0.0,0.0263,0.0,0.0,0.0,0.0667,0.0,0.0,0.0,0.250124413,883
k1749,0.0,0.0,0.1,0.0,0.0284,0.1,0.0,0.0473,0.0238,0.275629456,1924
k2570,0.0,0.0526,0.0,0.0,0.0745,0.133333333,0.0294,0.0688,0.0,0.274803909,2849
k1099,0.0,0.0,0.0,0.0,0.0,0.0333,0.0,0.0,0.0,0.369046386,152
k3181,0.0833,0.0,0.05,0.0,0.0539,0.0667,0.0294,0.103207611,0.0,0.389376591,104
k1810,0.0,0.0526,0.05,0.0,0.178712474,0.233333333,0.0882,0.202778166,0.261904762,0.186261353,300
k2546,0.0,0.0,0.0,0.0,0.0,0.1,0.0588,0.0596,0.0,0.489796708,210
k652,0.0,0.0,0.1,0.0,0.0449,0.1,0.0588,0.158757243,0.0476,0.285622484,934
k2837,0.0,0.0,0.1,0.0,0.0,0.0,0.0,0.0,0.0952,0.278951611,2388
k1721,0.0,0.0,0.0,0.0,0.0449,0.0,0.0,0.0,0.0,0.290435936,3137
k2606,0.0,0.0789,0.0,0.0,0.127723812,0.133333333,0.0588,0.0792,0.0,0.0928,2780
k3042,0.0,0.0,0.0,0.0,0.0,0.1,0.0294,0.302308721,0.166666667,0.254511166,145
k850,0.0,0.157894737,0.0,0.0,0.0,0.2,0.176470588,0.244803441,0.0,0.688978214,3070
k1070,0.0,0.0526,0.0,0.0,0.117776092,0.2,0.0294,0.103207611,0.0,0.175611906,19
k2787,0.0,0.0,0.0,0.0,0.0,0.0,0.0,0.154498109,0.0,0.338314304,3055
k694,0.0,0.0,0.0,0.499905036,0.0213,0.133333333,0.0,0.115990351,0.0,0.0928,524
k1083,0.0833,0.0,0.0,0.0,0.0,0.0667,0.0,0.0,0.0,0.441648817,777
k2052,0.0,0.0263,0.0,0.0,0.0639,0.133333333,0.0,0.0396,0.0,0.102451851,695
k1652,0.166666667,0.0526,0.05,0.0,0.0,0.133333333,0.0294,0.095,0.0238,0.553780039,3126
k3103,0.0,0.0526,0.1,0.0,0.0685,0.1,0.0294,0.0396,0.0238,0.290911609,239
k3092,0.0,0.0,0.05,0.0,0.0,0.0667,0.0,0.0,0.0476,0.276722141,1914
k1863,0.0,0.0,0.1,0.0,0.0,0.1,0.0,0.158757243,0.0,0.244936922,2444
k975,0.0,0.0,0.05,0.0,0.0468,0.0,0.0,0.0,0.0238,0.286718219,2309
k127,0.0,0.0,0.0,0.0,0.0,0.0667,0.0294,0.0,0.0,0.267563289,351
k1858,0.0,0.0,0.1,0.542221153,0.0461,0.0333,0.0,0.192057012,0.333333333,0.305109469,2569
k416,0.166666667,0.0,0.0,0.0,0.11061255,0.166666667,0.0882,0.0805,0.0,0.27660496,1980
k2315,0.0,0.0526,0.15,0.0,0.0,0.2,0.0,0.0816,0.0476,0.40107943,974
k1066,0.0,0.0789,0.0,0.0,0.0933,0.133333333,0.0588,0.0805,0.0,0.0928,664
k749,0.0,0.0,0.05,0.0,0.0,0.1,0.0,0.0606,0.0476,0.31644197,2168
k1630,0.0,0.131578947,0.0,0.0,0.162347607,0.2,0.117647059,0.137636815,0.0,0.17173918,3003
k2521,0.25,0.0789,0.0,0.0,0.0,0.133333333,0.0588,0.0,0.0,0.616353939,1910
k1715,0.0,0.157894737,0.0,0.0,0.0135,0.166666667,0.0,0.032,0.0,0.680393371,3433
k2381,0.0833,0.0,0.0,0.0,0.0,0.0333,0.0,0.0,0.0,0.301772969,1517
k2941,0.0,0.0,0.0,0.392873875,0.124103256,0.133333333,0.0,0.147336334,0.142857143,0.100443508,3175
k3405,0.0,0.0263,0.0,0.453714373,0.162698823,0.1,0.0294,0.219197958,0.0,0.118040582,3133
k2471,0.0,0.0,0.1,0.0,0.0,0.1,0.0588,0.0688,0.0,0.320165838,2069
k2952,0.0,0.0,0.0,0.0,0.0294,0.133333333,0.0882,0.132450142,0.0,0.0928,3326
k1738,0.0,0.0,0.0,0.0,0.0449,0.0333,0.0,0.115990351,0.0238,0.299893797,1894
k1772,0.0,0.0,0.0,0.0,0.0,0.0667,0.0294,0.0,0.0,0.0928,1479
k295,0.0,0.0,0.0,0.0,0.0641,0.133333333,0.0,0.0,0.0,0.111973136,919
k362,0.0,0.0,0.1,0.0,0.0523,0.1,0.0588,0.12010891,0.0,0.304976315,1973
k298,0.0833,0.0,0.05,0.0,0.0,0.1,0.0,0.0606,0.0714,0.352915742,2366
k1769,0.0,0.0,0.0,0.0,0.176632496,0.0,0.0,0.0,0.0,0.0928,3129
k642,0.0,0.0,0.05,0.0,0.0173,0.3,0.0882,0.121177023,0.0952,0.140057369,1208
k1620,0.0,0.0,0.2,0.0,0.0184,0.133333333,0.0,0.0305,0.0,0.301772969,3054
k1126,0.0833,0.0263,0.0,0.0,0.0,0.0667,0.0,0.0,0.0,0.294396198,2553
k2524,0.0,0.157894737,0.0,0.0,0.133109496,0.233333333,0.147058824,0.0688,0.0,0.125957434,1445
k2093,0.0,0.0,0.0,0.0,0.0,0.0333,0.0,0.0,0.0,0.297461744,1396
k491,0.0,0.0,0.0,0.0,0.0639,0.1,0.0,0.0688,0.0,0.144498869,2470
k1495,0.0,0.0,0.0,0.0,0.0,0.0333,0.0,0.0,0.0,0.301772969,842
k2552,0.0,0.0,0.0,0.461628069,0.0745,0.1,0.0,0.130422665,0.0,0.277585442,661
k337,0.0,0.157894737,0.0,0.0,0.0429,0.166666667,0.0588,0.032,0.0,0.494184094,514
k64,0.0,0.0,0.0,0.0,0.023,0.133333333,0.0,0.0539,0.0,0.157960468,1827
k796,0.0,0.0263,0.05,0.342124922,0.0,0.0667,0.0,0.0,0.0238,0.264534999,476
k1015,0.0,0.0,0.0,0.0,0.157162553,0.133333333,0.117647059,0.149351441,0.0,0.0928,2460
k2466,0.0,0.0,0.0,0.0,0.0,0.0667,0.0,0.0,0.0238,0.282954409,2672
k2593,0.0833,0.0,0.0,0.0,0.0,0.0333,0.0,0.0,0.0,0.390899614,3138
k1477,0.0,0.0,0.0,0.0,0.127723812,0.166666667,0.0588,0.0792,0.0,0.122606322,618
k268,0.0,0.0,0.05,0.0,0.0468,0.0,0.0,0.0,0.0,0.262783204,2427
k38,0.0,0.0,0.1,0.0,0.0178,0.133333333,0.0,0.108886565,0.0952,0.27997216,1216
k2977,0.0,0.0,0.0,0.387695152,0.0,0.0333,0.0,0.0,0.142857143,0.301772969,2404
k1847,0.0,0.0,0.0,0.0,0.0,0.0,0.0,0.0,0.0238,0.296693397,2944
k1971,0.0,0.0,0.0,0.0,0.0,0.0667,0.0294,0.189955427,0.0,0.296502182,2702
k1282,0.0,0.0,0.1,0.0,0.140051304,0.1,0.0,0.0805,0.0238,0.274587469,839
k1004,0.0,0.0,0.05,0.352178482,0.0,0.0667,0.0,0.0,0.0,0.289328751,355
k1089,0.0,0.0,0.0,0.0,0.0,0.0333,0.0,0.154498109,0.0,0.26039326,3095
k29,0.0833,0.0,0.1,0.0,0.0,0.1,0.0,0.0688,0.0,0.481292548,1408
k3013,0.0,0.0,0.0,0.0,0.0,0.1,0.0294,0.0,0.0,0.0928,2145
k2424,0.0,0.0,0.15,0.0,0.0,0.133333333,0.0882,0.0,0.0,0.40107943,993
k1432,0.0,0.0,0.0,0.0,0.120098079,0.266666667,0.0,0.745493244,0.0,0.0928,1528
k2079,0.0,0.0263,0.1,0.342922623,0.0,0.133333333,0.0,0.0688,0.0714,0.316898228,369
k1897,0.0,0.0,0.3,0.0,0.0459,0.233333333,0.0,0.10773246,0.0,0.320342221,1543
k1171,0.0,0.0,0.15,0.480152449,0.138380662,0.233333333,0.0588,0.258921643,0.166666667,0.277339681,360
k3321,0.0,0.0526,0.0,0.0,0.238336351,0.266666667,0.147058824,0.218169843,0.0,0.168185545,2619
k1705,0.0,0.0,0.0,0.0,0.0,0.0667,0.0,0.0,0.0,0.433741101,1132
k3081,0.0,0.0263,0.15,0.0,0.0294,0.0667,0.0,0.0,0.0714,0.339527146,2240
k2710,0.0,0.0,0.0,0.0,0.0,0.0667,0.0294,0.0,0.0,0.252454563,1016
k197,0.0,0.0263,0.2,0.0,0.0933,0.133333333,0.0294,0.0805,0.0,0.218261309,2184
k2670,0.0,0.0263,0.0,0.0,0.0453,0.166666667,0.0588,0.133959763,0.0714,0.214098844,245
k2425,0.0,0.0526,0.0,0.0,0.0812,0.166666667,0.0294,0.0396,0.0,0.12370352,859
k3353,0.0,0.0,0.0,0.0,0.0,0.133333333,0.0882,0.0,0.0,0.0969,1455
k328,0.333333333,0.105263158,0.25,0.0,0.0458,0.266666667,0.0588,0.0539,0.0,0.525291886,259
k3213,0.0,0.0,0.0,0.0,0.0,0.0,0.0,0.0117,0.0,0.311900365,2510
k1128,0.0,0.0263,0.0,0.0,0.0,0.1,0.0,0.0734,0.0476,0.259661868,1864
k2281,0.0,0.0,0.0,0.0,0.0294,0.0667,0.0,0.0,0.0,0.0928,1866
k3134,0.0,0.0,0.05,0.0,0.0,0.3,0.264705882,0.263474471,0.166666667,0.138537962,124
k2145,0.0,0.0,0.0,0.0,0.0933,0.0667,0.0294,0.0606,0.0238,0.28596711,1087
k2633,0.0,0.0263,0.0,0.0,0.0294,0.0667,0.0,0.0,0.0,0.0928,707
k1303,0.0,0.0263,0.0,0.0,0.0,0.0667,0.0,0.101545657,0.0476,0.299798138,879
k993,0.0,0.0,0.0,0.0,0.127723812,0.133333333,0.0,0.141121548,0.0714,0.252604841,2779
k3275,0.0,0.0,0.0,0.0,0.11061255,0.166666667,0.0,0.0805,0.0,0.0928,1101
k1781,0.0,0.0263,0.0,0.0,0.126297169,0.1,0.0294,0.397286444,0.19047619,0.131382844,1186
k3358,0.0,0.0,0.3,0.0,0.0459,0.233333333,0.0,0.10773246,0.0476,0.317976019,3420
k2637,0.0,0.0,0.0,0.0,0.0449,0.0333,0.0,0.0524,0.0,0.233340891,3038
k1374,0.0,0.0263,0.0,0.0,0.0,0.1,0.0,0.154498109,0.0,0.169810863,433
k846,0.0,0.0,0.0,0.0,0.0465,0.0667,0.0294,0.0,0.0,0.391834865,380
k2440,0.5,0.157894737,0.0,0.0,0.0,0.2,0.176470588,0.0,0.0,0.833487437,1785
k157,0.0,0.0,0.05,0.0,0.0,0.0333,0.0,0.0,0.0,0.328642896,838
k1533,0.0,0.0,0.0,0.0,0.0,0.0333,0.0,0.154498109,0.0,0.274542071,2975
k2565,0.0,0.105263158,0.0,0.0,0.0,0.2,0.0588,0.0,0.0476,0.198429535,1324
k2778,0.0,0.0,0.05,0.0,0.0468,0.0333,0.0,0.0,0.0,0.29095039,1084
k2054,0.0,0.0,0.25,0.0,0.0,0.1,0.0,0.0792,0.0,0.276991124,546
k2090,0.0,0.0,0.2,0.0,0.0,0.266666667,0.0,0.158303524,0.0,0.242242844,1822
k215,0.166666667,0.0263,0.0,0.0,0.0,0.1,0.0294,0.0,0.0,0.534479634,2610
k1602,0.0,0.0263,0.0,0.0,0.0933,0.1,0.0,0.0805,0.0,0.153837697,266
k498,0.0,0.0,0.0,0.0,0.0,0.0667,0.0,0.0,0.0,0.105521711,3297
k1232,0.0,0.0,0.0,0.0,0.0,0.0333,0.0,0.0,0.0,0.295505903,1147
k740,0.0,0.0,0.05,0.0,0.0,0.0333,0.0,0.0,0.0,0.27403439,2773
k469,0.0,0.184210526,0.0,0.0,0.0,0.266666667,0.264705882,0.0,0.0,0.676085496,2180
k2330,0.0,0.0,0.0,0.0,0.170034134,0.166666667,0.0,0.172026028,0.0,0.0928,332
k2110,0.0,0.184210526,0.0,0.0,0.107179528,0.233333333,0.205882353,0.108252328,0.0,0.680393371,507
k48,0.0,0.0263,0.0,0.0,0.122739401,0.1,0.0,0.0805,0.0,0.0928,1245
k1318,0.0,0.0,0.0,0.0,0.0,0.0333,0.0,0.0,0.0714,0.279557327,264
k1480,0.0,0.0526,0.0,0.0,0.0639,0.1,0.0,0.0396,0.0,0.129721494,2076
k1687,0.0,0.0,0.0,0.0,0.0639,0.1,0.0,0.0688,0.0,0.144499016,1812
k417,0.0,0.0789,0.0,0.0,0.0,0.133333333,0.0,0.0,0.0,0.40107943,728
k2443,0.0,0.0,0.0,0.0,0.0,0.1,0.0294,0.0,0.0,0.235979657,1367
k1384,0.0,0.0263,0.1,0.61972473,0.0685,0.0667,0.0,0.0313,0.142857143,0.301772969,2642
k1413,0.0,0.0263,0.0,0.0,0.14408869,0.166666667,0.0588,0.202778166,0.0476,0.247825793,2225
k868,0.0,0.0526,0.0,0.0,0.186601296,0.133333333,0.0,0.161066062,0.0,0.0928,3244
k3289,0.0,0.0263,0.0,0.0,0.0379,0.166666667,0.0882,0.0,0.0,0.2589183,3296
k1156,0.0,0.0,0.15,0.0,0.0933,0.133333333,0.0,0.239290267,0.0238,0.260835941,1906
k2368,0.0,0.0263,0.1,0.0,0.0,0.0667,0.0,0.172026028,0.0,0.292605654,1508
k2725,0.0,0.184210526,0.0,0.0,0.127723812,0.2,0.205882353,0.0792,0.0,0.604191109,3325
k294,0.0,0.0263,0.0,0.0,0.0802,0.166666667,0.0588,0.194548273,0.0714,0.223469825,2656
k2111,0.0,0.0,0.0,0.0,0.0933,0.133333333,0.0294,0.175510747,0.119047619,0.287073548,3240
k1134,0.0,0.0,0.2,0.0,0.0,0.133333333,0.0,0.0688,0.0,0.299459984,1485
k203,0.0,0.0263,0.0,0.0,0.406859668,0.3,0.0,0.311172459,0.452380952,0.284854252,2089
k2458,0.0,0.0526,0.0,0.0,0.138380662,0.166666667,0.0,0.129406921,0.0,0.227876026,2523
k3400,0.0,0.0,0.0,0.0,0.157162553,0.2,0.0294,0.12010891,0.0,0.13930636,1424
k186,0.0,0.0,0.0,0.0,0.0,0.0667,0.0,0.0,0.0,0.283027468,1967
k2436,0.0,0.0,0.6,0.463413399,0.0459,0.333333333,0.0,0.266489703,0.19047619,0.347120606,2057
k861,0.0,0.105263158,0.0,0.0,0.0812,0.233333333,0.0588,0.0688,0.0,0.104951819,1397
k2448,0.0,0.0263,0.2,0.0,0.0,0.2,0.0588,0.317514491,0.0238,0.216931854,7
k1122,0.0,0.105263158,0.0,0.0,0.186601296,0.2,0.0,0.161066062,0.0,0.0928,3379
k1366,0.0,0.0,0.05,0.0,0.0107,0.133333333,0.0588,0.0606,0.0952,0.292100358,1136
k1142,0.0,0.0,0.2,0.0,0.0284,0.2,0.0,0.0473,0.0714,0.228307097,901
k813,0.0,0.0,0.25,0.0,0.0,0.166666667,0.0,0.317514491,0.0,0.225893788,975
k2655,0.0,0.0,0.0,0.0,0.0294,0.0333,0.0,0.0,0.0,0.0928,3170
k964,0.0,0.0,0.0,0.0,0.0,0.1,0.0,0.0524,0.0714,0.28310142,2550
k3284,0.0,0.0,0.0,0.0,0.0,0.1,0.0,0.0,0.0,0.0928,809
k2814,0.0,0.0,0.0,0.0,0.0,0.0,0.0,0.0,0.0,0.301772969,2828
k311,0.0,1.0,0.0,0.0,0.0639,0.7,1.0,0.0688,0.0,0.40107943,3322
k1027,0.0,0.0789,0.0,0.446560391,0.0761,0.166666667,0.0,0.212424824,0.0238,0.20536234,15
k162,0.166666667,0.0,0.1,0.0,0.0,0.133333333,0.0882,0.0688,0.0,0.515356193,2269
k707,0.0,0.0,0.1,0.0,0.0,0.0333,0.0,0.0396,0.0,0.303725667,3401
k3007,0.0,0.157894737,0.0,0.0,0.574648274,0.633333333,0.294117647,0.383667922,0.0,0.121656337,1236
k1428,0.0,0.0526,0.0,0.0,0.0933,0.2,0.0,0.0805,0.0,0.0928,3061
k3247,0.0,0.0,0.15,0.0,0.0,0.0333,0.0,0.0606,0.0476,0.338884185,1523
k2711,0.166666667,0.0789,0.0,0.0,0.0275,0.266666667,0.0294,0.0773,0.0476,0.431270267,1862
k1478,0.0,0.105263158,0.0,0.0,0.149037512,0.2,0.0,0.137636815,0.0714,0.277252329,3165
k2248,0.0,0.0,0.05,0.0,0.0,0.0333,0.0,0.0396,0.0,0.301772969,51
k1924,0.0,0.0263,0.0,0.0,0.0,0.0667,0.0,0.0,0.0,0.589396132,1223
k1048,0.0,0.0,0.0,0.315420945,0.229188123,0.0667,0.0,0.189955427,0.0,0.332529726,626
k280,0.0,0.0,0.0,0.0,0.0933,0.3,0.176470588,0.0805,0.0,0.0928,802
k2077,0.0833,0.0,0.1,0.0,0.0178,0.1,0.0,0.0473,0.0952,0.306284703,1418
k2125,0.0833,0.0,0.05,0.0,0.0468,0.0333,0.0,0.0,0.0,0.316263948,1956
k1800,0.0,0.105263158,0.0,0.0,0.0,0.133333333,0.0294,0.0,0.0,0.47217088,2782
k2144,0.0,0.0,0.0,0.0,0.0,0.133333333,0.0,0.0,0.0,0.680393371,3151
k1490,0.0,0.0,0.0,0.0,0.0,0.133333333,0.176470588,0.0,0.0,0.128748639,981
k247,0.0833,0.0,0.05,0.0,0.0,0.0667,0.0,0.0396,0.0,0.301772969,2423
k591,0.0,0.0,0.0,0.0,0.0,0.133333333,0.0,0.011,0.0,0.680393371,586
k1938,0.0,0.0,0.0,0.0,0.0,0.1,0.0,0.0616,0.0238,0.353535554,801
k818,0.0,0.0,0.0,0.0,0.0,0.0667,0.0,0.0,0.0,0.105522421,1158
k1553,0.0,0.0,0.0,0.0,0.266104463,0.166666667,0.0588,0.242354047,0.166666667,0.120202724,1346
k2370,0.0,0.184210526,0.0,0.0,0.0,0.2,0.205882353,0.0,0.0,0.826707887,3256
k1343,0.0,0.0,0.1,0.531319245,0.0,0.1,0.0,0.0,0.0714,0.22793447,1064
k1146,0.0,0.0,0.0,0.0,0.0244,0.0333,0.0,0.0,0.0,0.387669997,1060
k1564,0.0,0.0,0.0,0.0,0.0,0.0333,0.0,0.132450142,0.0,0.294023766,432
k1162,0.0,0.0,0.0,0.0,0.0641,0.133333333,0.0294,0.101545657,0.0,0.102728208,110
k540,0.0,0.0,0.05,0.0,0.0,0.166666667,0.147058824,0.0396,0.0,0.304070396,3408
k2554,0.0,0.0,0.0,0.0,0.117776092,0.1,0.0,0.103207611,0.0,0.0928,1300
k490,0.0,0.0,0.05,0.0,0.0,0.0333,0.0,0.0396,0.0,0.314896772,2401
k2706,0.166666667,0.0,0.0,0.0,0.0639,0.133333333,0.0294,0.0688,0.0,0.53902546,1268
k1807,0.25,0.0263,0.0,0.0,0.202242568,0.266666667,0.0294,0.198225338,0.0476,0.372857802,2412
k2124,0.0,0.0,0.1,0.0,0.0,0.0333,0.0,0.0,0.0,0.278924748,3051
k468,0.0,0.0,0.0,0.0,0.0213,0.0667,0.0,0.0,0.0,0.270655729,1359
k464,0.0,0.105263158,0.0,0.0,0.0639,0.133333333,0.0,0.0688,0.0,0.459544023,2215
k2911,0.0,0.0,0.0,0.0,0.0933,0.1,0.0588,0.0688,0.0,0.118799279,2528
k2221,0.0,0.0,0.2,0.0,0.0,0.266666667,0.117647059,0.158303524,0.0,0.256713017,1326
k2968,0.0,0.0263,0.0,0.0,0.157162553,0.133333333,0.0294,0.141121548,0.0238,0.184476669,2066
k2081,0.333333333,0.0,0.0,0.0,0.0,0.133333333,0.0588,0.144606271,0.0952,0.580191934,1075
k2431,0.0,0.0,0.1,0.0,0.0,0.0667,0.0,0.158757243,0.0476,0.289311285,31
k1654,0.0,0.0789,0.0,0.0,0.0639,0.2,0.147058824,0.142189661,0.0476,0.21762779,2038
k613,0.0,0.0263,0.0,0.0,0.0933,0.1,0.0294,0.330008856,0.0476,0.305425572,1874
k3173,0.0,0.0,0.0,0.0,0.0639,0.0333,0.0,0.193038647,0.0238,0.290421726,2177
k1820,0.0,0.0,0.0,0.0,0.0,0.0667,0.0,0.0,0.0,0.301772969,1119
k2320,0.666666667,0.184210526,0.25,0.0,0.0458,0.4,0.176470588,0.0539,0.0,0.653727915,930
k1207,0.0,0.0,0.0,0.0,0.0107,0.133333333,0.0,0.22834365,0.0952,0.212185876,132
k3387,0.0,0.0,0.0,0.0,0.0812,0.2,0.176470588,0.0606,0.0476,0.0928,1847
k1365,0.0,0.0,0.0,0.0,0.0639,0.133333333,0.0588,0.0688,0.0,0.135465472,833
k3351,0.0,0.0,0.0,0.0,0.11775499,0.0,0.0,0.0,0.0,0.0928,824
k2798,0.0833,0.0,0.35,0.0,0.0,0.266666667,0.117647059,0.317514491,0.0,0.40107943,1481
k3234,0.0,0.0,0.0,0.0,0.11061255,0.133333333,0.0,0.0805,0.0,0.102755748,251
k1206,0.0,0.0,0.0,0.0,0.0639,0.1,0.0588,0.21044661,0.0476,0.267418353,3261
k3347,0.0833,0.0263,0.1,0.566506704,0.0639,0.1,0.0,0.0919,0.0952,0.290632565,2441
k1539,0.0,0.0,0.0,0.0,0.0,0.166666667,0.0,0.0,0.0,0.0928,212
k326,0.0,0.0,0.0,0.0,0.0,0.0667,0.0,0.0,0.0952,0.2885335,3333
k2005,0.0,0.0,0.0,0.0,0.0294,0.0,0.0,0.0,0.0,0.23898768,2293
k1837,0.0,0.0263,0.0,0.371070058,0.0639,0.0667,0.0,0.124220244,0.0,0.0928,3214
k1300,0.0,0.0,0.0,0.0,0.0449,0.0333,0.0,0.0,0.0476,0.288230849,924
k1145,0.0,0.0,0.0,0.0,0.0,0.0,0.0,0.0909,0.0,0.300535047,198
k395,0.0,0.0,0.0,0.0,0.0468,0.0667,0.0,0.0,0.0,0.0928,1140
k1026,0.0833,0.0,0.05,0.628929942,0.0,0.0667,0.0,0.0524,0.166666667,0.302403028,2226
k632,0.0,0.105263158,0.0,0.0,0.132385582,0.233333333,0.235294118,0.0688,0.0,0.0995,3409
k2885,0.0,0.0,0.0,0.0,0.0639,0.2,0.117647059,0.0688,0.0,0.0928,3423
k1120,0.0,0.105263158,0.0,0.0,0.42450645,0.366666667,0.117647059,0.0688,0.0,0.12411733,669
k277,0.0,0.0,0.1,0.0,0.0,0.0333,0.0,0.0,0.0952,0.299965633,2196
k1144,0.0,0.0263,0.0,0.0,0.263651869,0.2,0.0294,0.20993995,0.19047619,0.241539996,2078
k2801,0.0,0.0,0.0,0.0,0.0453,0.133333333,0.0,0.0,0.0238,0.222756703,3286
k3212,0.0,0.0,0.15,0.0,0.0244,0.0667,0.0,0.0396,0.0,0.301772969,2632
k1387,0.0,0.0526,0.0,0.0,0.0,0.1,0.0294,0.0,0.0,0.124358482,2461
k3177,0.0833,0.0,0.25,0.497803158,0.0761,0.166666667,0.0,0.492466867,0.261904762,0.301772969,73
k2874,0.0,0.0789,0.05,0.0,0.0745,0.2,0.0588,0.108394293,0.0714,0.281645274,880
k2505,0.0,0.0526,0.0,0.0,0.0346,0.2,0.0,0.0,0.0,0.284698882,1296
k3301,0.0,0.0,0.1,0.0,0.0107,0.1,0.0294,0.121177023,0.142857143,0.287631771,805
k400,0.166666667,0.0,0.1,0.0,0.0178,0.133333333,0.0294,0.0473,0.0952,0.457443319,2826
k361,0.0,0.0,0.15,0.0,0.0,0.0333,0.0,0.0805,0.0,0.325900734,2028
k654,0.0,0.0,0.0,0.564797346,0.0213,0.0,0.0,0.115990351,0.0952,0.232923104,1154
k1680,0.0,0.0,0.05,0.362143409,0.0,0.0667,0.0294,0.0,0.0238,0.288745231,167
k1572,0.0,0.0263,0.0,0.0,0.0,0.0667,0.0,0.0606,0.142857143,0.269911082,561
k2195,0.0,0.0,0.25,0.0,0.0294,0.1,0.0,0.239290267,0.0238,0.286259669,1548
k1170,0.0,0.0,0.0,0.0,0.0933,0.0333,0.0,0.0805,0.0,0.148838906,2466
k214,0.0,0.0263,0.0,0.0,0.0814,0.166666667,0.0294,0.289525995,0.0952,0.16873773,2865
k1541,0.0,0.0,0.0,0.0,0.0244,0.0333,0.0,0.0,0.0,0.301772969,3046
k2314,0.0,0.0789,0.05,0.0,0.191585707,0.333333333,0.264705882,0.17001815,0.0,0.115171267,1830
k1484,0.0,0.0,0.0,0.0,0.235552185,0.166666667,0.0,0.206415218,0.0,0.171037802,1389
k2962,0.0,0.0263,0.0,0.0,0.117776092,0.266666667,0.0588,0.103207611,0.0,0.198883317,943
k1968,0.0,0.0,0.3,0.0,0.0459,0.266666667,0.0,0.10773246,0.0476,0.342078715,1563
k2871,0.5,0.0,0.0,0.0,0.0,0.2,0.176470588,0.0,0.0,0.722656897,2618
k1081,0.0,0.0526,0.0,0.0,0.344284615,0.366666667,0.147058824,0.240217824,0.0,0.14544645,2115
k726,0.0,0.0,0.0,0.0,0.0468,0.0333,0.0,0.0,0.0238,0.28982576,153
k2803,0.166666667,0.0,0.0,0.0,0.0639,0.133333333,0.0294,0.0688,0.0,0.440728015,262
k90,0.0833,0.0,0.1,0.0,0.0178,0.166666667,0.0588,0.128883455,0.0952,0.319641893,1430
k2669,0.0,0.0,0.0,0.0,0.0,0.466666667,0.352941176,0.0,0.0,0.0928,3372
k869,0.0,0.0,0.0,0.0,0.0639,0.1,0.0,0.0688,0.0,0.275631001,2853
k1542,0.166666667,0.0,0.0,0.0,0.0,0.1,0.0882,0.0,0.0,0.550264646,2878
k3163,0.0,0.0526,0.0,0.0,0.100568701,0.1,0.0,0.102662505,0.0,0.16572232,738
k1931,0.0,0.0,0.2,0.0,0.0589,0.2,0.0,0.161066062,0.0,0.195563967,3209
k1315,0.0,0.0,0.1,0.0,0.0,0.133333333,0.0588,0.0688,0.0,0.325591995,1319
k1818,0.0,0.0263,0.0,0.0,0.0173,0.1,0.0,0.0,0.0,0.220638165,1270
k1861,0.0,0.0,0.1,0.0,0.0,0.1,0.0,0.158757243,0.0238,0.252898364,733
k3156,0.0,0.0,0.25,0.0,0.023,0.2,0.0588,0.122684642,0.0,0.348358756,799
k1427,0.0,0.0,0.0,0.0,0.117776092,0.1,0.0588,0.103207611,0.0,0.0928,734
k946,0.0,0.0,0.0,0.0,0.0,0.133333333,0.0,0.0,0.0,0.484538274,3416
k1966,0.0,0.0,0.0,0.0,0.0,0.0333,0.0,0.0,0.0,0.157388277,362
k349,0.0,0.0526,0.2,0.0,0.0589,0.2,0.0,0.425966342,0.0,0.161289086,2361
k1520,0.0,0.0,0.1,0.0,0.0816,0.2,0.147058824,0.107870831,0.0238,0.158108747,1275
k1502,0.0,0.0789,0.0,0.0,0.0,0.133333333,0.0588,0.189955427,0.0,0.298352779,3104
k3235,0.0,0.0526,0.0,0.0,0.276761313,0.3,0.0,0.328647993,0.0714,0.22738084,1128
k2733,0.0,0.0,0.0,0.0,0.0,0.1,0.0294,0.0,0.0,0.105487309,1876
k2947,0.0833,0.0526,0.0,0.0,0.108784636,0.133333333,0.0,0.0688,0.0238,0.419226973,1338
k2089,0.0,0.0,0.1,0.0,0.0294,0.0667,0.0,0.0805,0.0238,0.282322929,2387
k2997,0.0,0.0263,0.0,0.0,0.0639,0.1,0.0,0.0606,0.0952,0.201592809,1049
k1148,0.0,0.0,0.05,0.0,0.0898,0.1,0.0,0.104717232,0.285714286,0.313821377,2010
k859,0.0,0.0,0.0,0.0,0.108985277,0.0667,0.0294,0.397286444,0.19047619,0.18849987,1468
k3139,0.166666667,0.0,0.0,0.0,0.0,0.0667,0.0294,0.0843,0.0,0.488132825,961
k2088,0.0,0.0,0.0,0.0,0.103957507,0.166666667,0.0588,0.0396,0.0714,0.176795291,2942
k168,0.0,0.0,0.15,0.0,0.0639,0.133333333,0.0,0.121177023,0.119047619,0.221810848,3091
k317,0.0,0.0,0.0,0.0,0.186601296,0.2,0.0,0.161066062,0.0,0.0928,3174
k2204,0.0,0.0263,0.0,0.0,0.0639,0.1,0.0,0.21044661,0.0476,0.268300136,2698
k1600,0.0,0.0,0.0,0.0,0.0173,0.1,0.0,0.25770573,0.0,0.187919231,410
k1482,0.0,0.0,0.0,0.0,0.0119,0.1,0.0,0.0216,0.0,0.805821346,2692
k2290,0.166666667,0.0,0.0,0.0,0.0,0.0667,0.0294,0.0,0.0,0.572468785,3
k495,0.0,0.0,0.05,0.0,0.13822338,0.166666667,0.0,0.0688,0.0,0.175739686,2386
k1958,0.0833,0.0263,0.05,0.0,0.0173,0.1,0.0294,0.0,0.0,0.307638406,1966
k2566,0.166666667,0.0263,0.1,0.0,0.0,0.1,0.0294,0.0,0.0,0.514533228,1939
k1503,0.0,0.0,0.2,0.0,0.0,0.133333333,0.0,0.317514491,0.0952,0.346762103,2517
k877,0.0,0.0,0.05,0.520214746,0.0898,0.0,0.0,0.336697925,0.142857143,0.317154278,2577
k1623,0.0,0.0263,0.1,0.0,0.0294,0.0667,0.0,0.0805,0.0,0.283425498,1137
k254,0.0,0.0,0.15,0.0,0.0,0.1,0.0,0.172467526,0.119047619,0.284139383,2751
k2194,0.0,0.0,0.0,0.0,0.0,0.0333,0.0,0.0,0.0,0.284734084,2798
k2457,0.0,0.0,0.05,0.0,0.0,0.0333,0.0,0.0,0.0952,0.310911108,329
k931,0.0,0.0,0.0,0.0,0.0,0.0333,0.0,0.0,0.0,0.294088932,3183
k2788,0.0,0.105263158,0.0,0.0,0.0639,0.2,0.176470588,0.0396,0.0,0.0928,1457
k615,0.0,0.0,0.1,0.0,0.0,0.0667,0.0,0.189955427,0.0476,0.341841469,2232
k1510,0.0,0.0,0.0,0.0,0.0639,0.0667,0.0,0.21044661,0.0714,0.267446637,417
k3270,0.0,0.0,0.0,0.0,0.0,0.1,0.0882,0.0,0.0,0.311369451,297
k3240,0.0,0.0,0.05,0.497499272,0.091,0.0667,0.0294,0.155566241,0.214285714,0.308687664,1327
k1832,0.0,0.0,0.0,0.466718158,0.0,0.133333333,0.0,0.687044359,0.0,0.529144696,2339
k1030,0.583333333,0.105263158,0.2,0.0,0.0,0.233333333,0.235294118,0.158757243,0.0,0.806423173,1252
k744,0.0,0.0,0.0,0.0,0.0589,0.0,0.0,0.237024198,0.0952,0.180529769,646
k1355,0.0,0.0,0.05,0.0,0.0539,0.1,0.0294,0.103207611,0.0,0.275045199,107
k1710,0.0,0.0526,0.0,0.0,0.0,0.1,0.0,0.0,0.0,0.0928,3053
k2271,0.0,0.0263,0.0,0.0,0.0639,0.0667,0.0,0.0606,0.0714,0.259135258,3161
k1420,0.0,0.0,0.0,0.0,0.0213,0.0333,0.0,0.0616,0.0952,0.270593943,121
k1876,0.0,0.0,0.05,0.0,0.0,0.0667,0.0,0.0396,0.0,0.31186898,1569
k892,0.0,0.105263158,0.0,0.0,0.127723812,0.166666667,0.117647059,0.121177023,0.0,0.134853979,1568
k999,0.0,0.0,0.0,0.0,0.0574,0.0667,0.0,0.101545657,0.0714,0.28394489,3039
k463,0.0,0.0,0.0,0.0,0.138380662,0.233333333,0.0882,0.179244178,0.0476,0.195185108,12
k973,0.0,0.0,0.0,0.0,0.0,0.133333333,0.0,0.0,0.0,0.0928,1404
k799,0.0,0.0,0.1,0.454600707,0.127723812,0.0667,0.0,0.248440489,0.0476,0.302657242,3285
k2571,0.0,0.0,0.0,0.0,0.0294,0.133333333,0.0882,0.0,0.0,0.0928,2875
k128,0.0,0.0526,0.1,0.0,0.0178,0.133333333,0.0,0.0473,0.0238,0.296190248,2172
k1046,0.0,0.0,0.05,0.0,0.0,0.0333,0.0,0.0,0.0,0.286927014,2279
k879,0.0,0.0,0.0,0.0,0.0639,0.1,0.0,0.0504,0.0,0.0928,770
k568,0.0,0.0526,0.0,0.0,0.186601296,0.133333333,0.0,0.161066062,0.0,0.230163467,2842
k2601,0.0,0.0,0.15,0.549919597,0.0461,0.1,0.0,0.163796135,0.119047619,0.311676634,1520
k474,0.0,0.0,0.0,0.0,0.0589,0.0667,0.0294,0.132450142,0.0,0.0928,3200
k2168,0.0,0.0263,0.0,0.0,0.295586567,0.266666667,0.0,0.161066062,0.166666667,0.2110451,2372
k2663,0.333333333,0.0526,0.1,0.482064398,0.0,0.166666667,0.0,0.012,0.0476,0.544874561,1410
k3106,0.0,0.0,0.1,0.0,0.0468,0.0333,0.0,0.0396,0.0,0.301772969,3000
k1344,0.0,0.0,0.0,0.0,0.0,0.1,0.0,0.0734,0.142857143,0.243290847,948
k1345,0.0,0.0,0.05,0.0,0.0,0.0667,0.0,0.0,0.0238,0.288461955,183
k2302,0.416666667,0.105263158,0.0,0.0,0.0,0.2,0.176470588,0.0,0.0,0.820312936,1535
k1442,0.0,0.0,0.0,0.0,0.0,0.0333,0.0,0.0,0.0,0.304352594,1425
k1002,0.0,0.0,0.1,0.0,0.0,0.133333333,0.147058824,0.158757243,0.0,0.211931915,138
k1734,0.333333333,0.105263158,0.0,0.0,0.0,0.266666667,0.0588,0.0,0.0,0.597223819,2292
k512,0.166666667,0.0,0.0,0.0,0.0,0.133333333,0.0,0.0,0.0,0.534550515,1302
k3249,0.0,0.184210526,0.0,0.0,0.516694991,0.5,0.176470588,0.286988255,0.0,0.123364358,1813
k2703,0.0,0.0,0.05,0.0,0.0,0.0333,0.0,0.0,0.0,0.295715166,2475
k1017,0.166666667,0.0526,0.0,0.0,0.0,0.133333333,0.0882,0.0,0.0,0.57103414,995
k149,0.0833,0.0263,0.0,0.0,0.0883,0.2,0.0294,0.0396,0.0952,0.301772969,3178
k1816,0.0,0.0,0.3,0.0,0.0459,0.233333333,0.0882,0.10773246,0.0,0.340663756,1916
k1009,0.0,0.0526,0.0,0.0,0.0639,0.1,0.0,0.0606,0.0,0.277991883,2758
k1331,0.0,0.0,0.15,0.0,0.0,0.1,0.0,0.253734952,0.0476,0.338355521,6
k773,0.0,0.0,0.0,0.0,0.13822338,0.133333333,0.0,0.0688,0.0,0.206383098,776
k2325,0.0,0.0,0.15,0.0,0.0933,0.166666667,0.0,0.0805,0.166666667,0.295180155,2242
k3021,0.0,0.0,0.0,0.0,0.0,0.0333,0.0,0.231459229,0.119047619,0.310455027,3185
k340,0.0,0.0526,0.0,0.0,0.521953341,0.566666667,0.0588,0.436339691,0.0238,0.176086652,856
k3099,0.0,0.0,0.0,0.0,0.127723812,0.0667,0.0,0.0792,0.0,0.27848075,49
k886,0.0,0.0,0.0,0.0,0.0,0.0667,0.0,0.0,0.0,0.0928,2091
k2610,0.0,0.0,0.05,0.0,0.0,0.0667,0.0,0.0,0.0,0.133139703,1943
k409,0.0,0.0526,0.0,0.0,0.127723812,0.2,0.147058824,0.137636815,0.0,0.399477435,1464
k1310,0.0,0.0263,0.0,0.0,0.0,0.133333333,0.0,0.101545657,0.0476,0.246607049,927
k976,0.0,0.0263,0.05,0.0,0.0,0.0667,0.0,0.095,0.0476,0.292711167,2392
k456,0.0,0.0,0.0,0.0,0.0,0.0667,0.0,0.0,0.0476,0.301772969,2101
k3286,0.0833,0.0,0.0,0.0,0.0639,0.1,0.0294,0.21044661,0.0476,0.296193806,2001
k2930,0.0,0.0526,0.0,0.0,0.0,0.1,0.0294,0.0816,0.0,0.0928,2065
k434,0.0,0.0,0.0,0.0,0.0488,0.1,0.0,0.0816,0.166666667,0.31687291,1072
k1050,0.0,0.0,0.1,0.0,0.0,0.0333,0.0,0.169854981,0.0,0.361855509,3315
k2439,0.0833,0.0,0.1,0.0,0.0,0.1,0.0,0.0688,0.0,0.404255705,2274
k3024,0.0,0.0526,0.0,0.0,0.0,0.1,0.0294,0.0,0.0,0.117505849,2595
k368,0.166666667,0.0,0.0,0.0,0.0,0.133333333,0.0,0.032,0.0,0.556167784,528
k154,0.0,0.0,0.2,0.0,0.0734,0.0667,0.0,0.205325011,0.0,0.301772969,2345
k2759,0.0,0.0,0.1,0.0,0.0,0.0667,0.0,0.0688,0.0,0.333643777,1143
k1742,0.0,0.0,0.0,0.0,0.0523,0.1,0.0,0.0615,0.0,0.0928,1293
k2767,0.0,0.0,0.0,0.0,0.0,0.0,0.0,0.0,0.0,0.301772969,3125
k695,0.0,0.0,0.0,0.0,0.297917739,0.233333333,0.0882,0.207964862,0.380952381,0.267603646,3049
k3398,0.0,0.0,0.1,0.0,0.0523,0.133333333,0.0294,0.12010891,0.0,0.275029652,116
k1806,0.0,0.0,0.0,0.0,0.0,0.1,0.0,0.0,0.0,0.218600018,2201
k3373,0.0,0.0,0.0,0.0,0.0,0.0667,0.0,0.0,0.0,0.301772969,221
k915,0.0,0.0,0.1,0.0,0.0,0.1,0.0588,0.0396,0.0,0.283854976,2822
k1381,0.0,0.0526,0.0,0.0,0.0,0.1,0.0,0.0,0.0,0.429205626,1160
k1242,0.25,0.0526,0.0,0.0,0.0,0.133333333,0.0882,0.0,0.0,0.672716491,180
k1212,0.0,0.105263158,0.0,0.344897882,0.0755,0.2,0.0882,0.0,0.0476,0.125945161,2122
k787,0.0,0.131578947,0.0,0.0,0.162347607,0.4,0.176470588,0.137636815,0.0,0.120503963,50
k2193,0.0,0.0,0.0,0.0,0.0639,0.166666667,0.0294,0.0688,0.0,0.248505989,2934
k376,0.0,0.0,0.0,0.0,0.0,0.1,0.0,0.0616,0.0,0.473762834,2021
k1657,0.0,0.0,0.1,0.0,0.0468,0.166666667,0.0882,0.0805,0.0,0.215074303,1929
k462,0.0,0.0,0.0,0.0,0.0,0.0667,0.0,0.095,0.0238,0.288549618,645
k1518,0.0,0.0,0.0,0.0,0.0589,0.0667,0.0,0.132450142,0.0,0.0928,2194
k1607,0.0,0.0,0.1,0.0,0.0,0.0333,0.0,0.0396,0.0,0.297602054,3346
k3277,0.0,0.0,0.0,0.0,0.0639,0.0667,0.0,0.0606,0.0714,0.264176704,459
k2460,0.0,0.0,0.0,0.0,0.0639,0.1,0.0,0.0688,0.0,0.210757764,3136
k1447,0.0,0.105263158,0.0,0.0,0.127723812,0.166666667,0.147058824,0.0792,0.0,0.0928,2931
k2784,0.0,0.0,0.1,0.518201502,0.0,0.0667,0.0,0.0,0.0714,0.249993468,1394
k3001,0.25,0.0,0.1,0.0,0.0294,0.1,0.0294,0.115990351,0.0952,0.429592568,797
k27,0.0,0.0,0.15,0.0,0.0294,0.133333333,0.0,0.212983171,0.0714,0.207952364,1609
k3180,0.0,0.0,0.0,0.0,0.117776092,0.0667,0.0,0.103207611,0.0,0.281441695,632
k1719,0.0,0.0,0.0,0.0,0.0,0.366666667,0.235294118,0.0,0.0,0.109724552,2438
k2961,0.0,0.0,0.0,0.0,0.192187642,0.0,0.0,0.0,0.0,0.238807791,634
k579,0.166666667,0.0263,0.0,0.0,0.0,0.0667,0.0,0.0,0.0,0.523338587,3426
k1251,0.0,0.0,0.0,0.0,0.0,0.0667,0.0,0.0,0.0,0.130395756,647
k1712,0.0,0.0,0.45,0.507578156,0.0459,0.3,0.0882,0.10773246,0.166666667,0.311963104,141
k3073,0.0,0.0,0.0,0.0,0.373202592,0.266666667,0.0,0.322132125,0.0,0.0928,1643
k3077,0.0,0.105263158,0.0,0.0,0.0639,0.2,0.0,0.0688,0.0,0.305321107,692
k2300,0.0,0.0,0.0,0.0,0.0639,0.133333333,0.0,0.0606,0.0,0.151466725,2830
k413,0.0,0.0,0.1,0.0,0.0933,0.1,0.0,0.12010891,0.0,0.28549295,1717
k1052,0.0833,0.0,0.1,0.0,0.0468,0.0667,0.0,0.0396,0.0,0.301772969,1621
k2979,0.0,0.0789,0.0,0.0,0.174474455,0.233333333,0.0294,0.149351441,0.0,0.147086327,2883
k79,0.0,0.0,0.15,0.0,0.0294,0.0667,0.0294,0.0805,0.0,0.292973761,3309
k2430,0.0,0.0,0.0,0.0,0.12289607,0.266666667,0.0882,0.129406921,0.261904762,0.301772969,1020
k2395,0.0,0.0,0.0,0.0,0.0213,0.2,0.0,0.0,0.0952,0.273579003,992
k408,0.0,0.0,0.15,0.0,0.0933,0.133333333,0.0,0.239290267,0.0,0.243924349,3058
k153,0.0,0.0,0.0,0.0,0.108784636,0.1,0.0,0.0688,0.0,0.291527842,169
k2429,0.166666667,0.0789,0.15,0.0,0.0639,0.266666667,0.0294,0.265470155,0.428571429,0.277130439,2428
k99,0.0,0.0,0.05,0.0,0.0539,0.0667,0.0,0.103207611,0.0,0.23212467,1173
k1263,0.0,0.0789,0.0,0.0,0.0639,0.133333333,0.0,0.0606,0.0238,0.274678907,2163
k2135,0.0,0.0,0.0,0.0,0.127723812,0.133333333,0.117647059,0.137636815,0.0,0.176280473,2175
k372,0.0,0.0,0.0,0.0,0.0589,0.1,0.0588,0.121490181,0.0,0.104294429,2355
k978,0.0,0.0263,0.05,0.0,0.0173,0.0667,0.0,0.0,0.0,0.246302646,3052
k1677,0.0,0.0,0.0,0.0,0.0213,0.133333333,0.117647059,0.0,0.0,0.0928,1532
k2886,0.0,0.0,0.0,0.0,0.147214844,0.0333,0.0,0.114922238,0.0,0.282704302,958
k1090,0.0,0.0,0.05,0.0,0.0,0.0333,0.0,0.0,0.0,0.274999418,147
k1220,0.0,0.0263,0.0,0.0,0.0933,0.1,0.0294,0.0805,0.0,0.138688525,2645
k758,0.0,0.0,0.0,0.0,0.0,0.0667,0.0,0.0,0.0,0.0928,3056
k894,0.0,0.0,0.0,0.0,0.0639,0.1,0.0,0.0606,0.0,0.159933113,963
k187,0.0,0.0263,0.4,0.0,0.0639,0.433333333,0.147058824,0.2773771,0.0476,0.273138345,3186
k881,0.0,0.0,0.0,0.0,0.0,0.133333333,0.0,0.0,0.0476,0.283451822,3081
k1031,0.166666667,0.0,0.0,0.0,0.127723812,0.166666667,0.0294,0.129406921,0.0,0.464056836,3016
k2188,0.0,0.0,0.0,0.0,0.0,0.0333,0.0,0.0,0.0,0.344973591,142
k255,0.0,0.0526,0.0,0.0,0.0639,0.1,0.0,0.21044661,0.0476,0.24144668,1107
k2858,0.0,0.0263,0.0,0.0,0.0,0.0667,0.0,0.12572987,0.166666667,0.303150527,3253
k1267,0.0,0.0,0.0,0.0,0.0,0.0667,0.0,0.0,0.0,0.187419331,1089
k1809,0.0,0.105263158,0.05,0.0,0.0294,0.2,0.117647059,0.0,0.0,0.0928,2630
k478,0.0,0.0263,0.0,0.0,0.0,0.1,0.0294,0.269035228,0.0,0.149240492,3066
k2920,0.0,0.0263,0.0,0.0,0.0244,0.1,0.0294,0.142189661,0.0,0.219853455,3060
k3088,0.0,0.0,0.0,0.390430125,0.124103256,0.133333333,0.0,0.147336334,0.0714,0.100441754,1659
k2481,0.0,0.0,0.0,0.565126556,0.0449,0.0667,0.0,0.0313,0.0714,0.248568449,557
k2409,0.0,0.0,0.2,0.0,0.11775499,0.2,0.0588,0.161066062,0.0952,0.236344145,95
k2530,0.0,0.0,0.0,0.0,0.127723812,0.133333333,0.0294,0.121177023,0.0952,0.172630512,1698
k3420,0.0,0.0,0.0,0.0,0.0,0.0667,0.0294,0.0,0.0,0.187419331,3319
k2597,0.0,0.0526,0.0,0.0,0.274917545,0.133333333,0.0,0.161066062,0.0,0.0928,2925
k1098,0.0,0.0526,0.0,0.0,0.174474455,0.233333333,0.176470588,0.108394293,0.0,0.202615932,2103
k2078,0.0,0.184210526,0.0,0.0,0.697278826,0.633333333,0.264705882,0.28046032,0.0,0.126213598,631
k249,0.0,0.0,0.15,0.544563607,0.0,0.1,0.0294,0.0,0.119047619,0.289632397,699
k2624,0.0,0.0,0.0,0.0,0.0,0.0667,0.0294,0.0,0.0,0.276706438,516
k1203,0.0,0.0,0.05,0.0,0.112682647,0.166666667,0.0588,0.108394293,0.166666667,0.351718571,468
k1557,0.0,0.0,0.0,0.0,0.0639,0.1,0.0294,0.142189661,0.142857143,0.301772969,314
k424,0.0,0.0,0.0,0.0,0.0,0.0333,0.0,0.0381,0.0,0.495017472,3199
k422,0.0,0.0,0.1,0.0,0.0,0.133333333,0.0,0.121177023,0.0476,0.314964624,440
k1843,0.0,0.0,0.0,0.0,0.0,0.0333,0.0,0.0,0.0238,0.305058968,1886
k3225,0.0,0.0,0.1,0.0,0.0,0.166666667,0.0882,0.0805,0.0,0.289636442,1665
k3369,0.0,0.0,0.0,0.0,0.0,0.0333,0.0,0.146842457,0.0,0.361977991,1162
k876,0.0,0.0,0.0,0.0,0.0,0.2,0.0,0.0,0.0,0.0928,2662
k2923,0.0,0.0,0.1,0.0,0.0825,0.166666667,0.0,0.101471203,0.0,0.277176044,2623
k2449,0.0,0.0263,0.0,0.0,0.14408869,0.166666667,0.0588,0.202778166,0.0476,0.131163141,1237
k502,0.0,0.0,0.0,0.0,0.0107,0.0667,0.0,0.0,0.0,0.0928,81
k144,0.0,0.0263,0.1,0.0,0.0734,0.0667,0.0,0.00519,0.0476,0.226055103,1513
k1175,0.0,0.0,0.15,0.0,0.0,0.133333333,0.0294,0.158757243,0.0,0.239162498,2277
k3118,0.0,0.0526,0.0,0.0,0.0933,0.166666667,0.0294,0.0688,0.0,0.0928,2611
k2804,0.0,0.0,0.0,0.0,0.0294,0.0,0.0,0.109266467,0.0952,0.282912434,3250
k1501,0.0,0.0526,0.15,0.0,0.245172055,0.3,0.0,0.400657982,0.0952,0.279250248,1516
k3009,0.0,0.0,0.15,0.334818998,0.0,0.133333333,0.0882,0.158757243,0.0,0.308292133,1831
k920,0.0,0.0789,0.0,0.0,0.127723812,0.2,0.117647059,0.269107207,0.0476,0.376864686,1108
k2076,0.0,0.0,0.0,0.0,0.0351,0.1,0.0,0.207331013,0.380952381,0.29349168,925
k2180,0.0,0.0789,0.0,0.0,0.186601296,0.2,0.147058824,0.166252735,0.0,0.0928,1642
k2635,0.0,0.0,0.0,0.0,0.0,0.133333333,0.0294,0.0,0.0,0.0928,244
k2060,0.0,0.0,0.15,0.0,0.0284,0.166666667,0.0588,0.168459336,0.119047619,0.300453099,3193
k96,0.0,0.0,0.0,0.0,0.0,0.0667,0.0294,0.0,0.0,0.266613528,2689
k3415,0.0,0.0263,0.0,0.0,0.157162553,0.133333333,0.0588,0.12010891,0.0,0.127696434,1388
k23,0.0,0.0263,0.0,0.0,0.0,0.0667,0.0,0.095,0.0,0.172597125,489
k1702,0.0,0.0526,0.0,0.0,0.0135,0.1,0.0,0.032,0.0,0.597634523,2581
k835,0.0,0.0,0.05,0.0,0.0539,0.0333,0.0,0.103207611,0.0,0.294559524,978
k1373,0.0,0.0,0.0,0.0,0.0,0.0667,0.0,0.0,0.0,0.0928,2371
k2134,0.0,0.0,0.0,0.0,0.0,0.0667,0.0294,0.095,0.0,0.279374679,2900
k1647,0.0,0.0,0.0,0.0,0.0,0.0667,0.0294,0.0,0.0,0.118116222,3099
k1859,0.0,0.0263,0.0,0.0,0.297917739,0.2,0.0882,0.207964862,0.380952381,0.275453684,67
k2175,0.0,0.0526,0.0,0.0,0.0,0.1,0.0294,0.0,0.0,0.0928,3001
k812,0.0,0.0,0.0,0.0,0.0107,0.133333333,0.117647059,0.0,0.0,0.187419331,1038
k3120,0.0,0.0,0.0,0.0,0.0,0.0333,0.0,0.0,0.0476,0.276857141,328
k2835,0.0,0.0526,0.0,0.0,0.0,0.133333333,0.0882,0.0,0.0,0.0928,458
k2551,0.0,0.0,0.1,0.0,0.0468,0.166666667,0.0294,0.0805,0.0238,0.256203313,1440
k2500,0.0,0.0,0.0,0.0,0.221024469,0.266666667,0.0882,0.1596848,0.0,0.201332257,2374
k1756,0.0,0.0,0.05,0.0,0.0639,0.133333333,0.0,0.108394293,0.0238,0.274872218,1934
k2157,0.833333333,0.210526316,0.0,0.0,0.0,0.333333333,0.235294118,0.0117,0.0,0.980615209,2833
k3200,0.0,0.0,0.05,0.0,0.0,0.0667,0.0294,0.115990351,0.0714,0.230723674,3010
k1785,0.0,0.0,0.0,0.0,0.0244,0.0333,0.0,0.0,0.0,0.379284999,445
k1982,0.0,0.0789,0.0,0.0,0.0765,0.133333333,0.0588,0.0688,0.0,0.406885446,1759
k2068,0.0,0.0,0.0,0.0,0.0,0.133333333,0.0,0.0,0.0238,0.301772969,474
k1205,0.0,0.0,0.0,0.0,0.0386,0.166666667,0.0294,0.0,0.0714,0.17064467,3294
k3032,0.0,0.0263,0.1,0.0,0.0,0.166666667,0.0,0.0513,0.0,0.301772969,2135
k1519,0.0,0.0,0.0,0.0,0.0,0.0667,0.0,0.0,0.0238,0.214108263,568
k36,0.0,0.0,0.1,0.0,0.0,0.0333,0.0,0.111879017,0.0238,0.282834635,2735
k1663,0.0,0.0,0.2,0.0,0.0294,0.0667,0.0,0.241720221,0.238095238,0.272857206,490
k1018,0.0,0.0,0.2,0.0,0.0294,0.233333333,0.0,0.0805,0.0714,0.216273152,579
k3117,0.0,0.0,0.25,0.0,0.0,0.166666667,0.0,0.158757243,0.0,0.40107943,3057
k3341,0.0,0.0,0.0,0.0,0.0294,0.0,0.0,0.0,0.0,0.0928,740
k762,0.0,0.0,0.2,0.0,0.0589,0.133333333,0.0,0.161066062,0.0,0.195629432,1088
k2140,0.0833,0.0,0.15,0.0,0.0294,0.0667,0.0,0.0805,0.0238,0.346766832,982
k2713,0.0,0.0,0.0,0.0,0.0,0.0,0.0,0.0,0.0,0.301772969,3390
k1106,0.0,0.0,0.0,0.0,0.276761313,0.266666667,0.0,0.258813838,0.0476,0.281322803,667
k2444,0.0,0.0,0.0,0.0,0.0,0.0,0.0,0.0,0.0,0.338897845,752
k61,0.0,0.0,0.0,0.0,0.0641,0.1,0.0294,0.397286444,0.142857143,0.187419331,779
k297,0.0,0.0,0.0,0.0,0.0233,0.0333,0.0,0.0,0.0,0.324802687,819
k406,0.166666667,0.0,0.2,0.0,0.0184,0.133333333,0.0,0.0305,0.0,0.37785777,3216
k2692,0.0,0.0,0.0,0.0,0.0,0.0667,0.0,0.0,0.0,0.162476363,2108
k2199,0.0,0.0,0.4,0.0,0.0,0.4,0.235294118,0.158303524,0.0,0.251471872,3045
k595,0.0833,0.0,0.1,0.0,0.0,0.1,0.0,0.0688,0.0,0.426403712,3394
k937,0.0,0.0526,0.0,0.0,0.0,0.1,0.0,0.0816,0.0,0.378974144,2571
k538,0.0,0.0,0.0,0.401597934,0.0933,0.133333333,0.0,0.216748891,0.0238,0.0928,2351
k845,0.0,0.0,0.0,0.0,0.0817,0.166666667,0.0,0.0688,0.0,0.0928,1200
k273,0.0,0.0263,0.05,0.0,0.0173,0.0667,0.0,0.0,0.0,0.301598307,3298
k81,0.0,0.0263,0.0,0.0,0.0639,0.1,0.0,0.21044661,0.0952,0.215007721,1614
k2820,0.0,0.0,0.1,0.0,0.127723812,0.166666667,0.0,0.221654581,0.0,0.264606233,454
k1801,0.0,0.0,0.0,0.0,0.0,0.0333,0.0,0.0,0.0476,0.309631305,741
k1669,0.0,0.0263,0.0,0.0,0.33977011,0.2,0.0,0.358344389,0.285714286,0.187419331,1756
k1580,0.0,0.0526,0.0,0.0,0.173794197,0.166666667,0.0588,0.216154737,0.0476,0.263981702,2086
k1086,0.0,0.0263,0.0,0.0,0.0107,0.0667,0.0,0.0,0.0476,0.274464542,2752
k2793,0.0,0.0526,0.05,0.0,0.0,0.1,0.0,0.0,0.0238,0.213713327,609
k3035,0.0,0.0,0.0,0.0,0.0,0.0333,0.0,0.0,0.0,0.299084181,757
k1522,0.0,0.0,0.0,0.0,0.0933,0.133333333,0.0882,0.0805,0.0,0.0928,918
k188,0.0,0.0,0.0,0.52143029,0.149438793,0.0,0.0,0.0,0.0,0.234608477,1094
k1554,0.0,0.0263,0.0,0.0,0.0,0.0667,0.0,0.0,0.0,0.295322965,2654
k232,0.0,0.0,0.0,0.0,0.0294,0.1,0.0,0.0,0.0,0.0928,2637
k508,0.0,0.157894737,0.0,0.0,0.0639,0.166666667,0.0,0.0688,0.0,0.680393371,187
k1714,0.166666667,0.0,0.0,0.0,0.0135,0.133333333,0.0,0.032,0.0,0.497124576,2390
k2173,0.0833,0.0,0.05,0.0,0.0294,0.0667,0.0,0.0,0.0,0.27956381,2521
k503,0.0,0.0,0.0,0.0,0.0275,0.1,0.0,0.0773,0.0,0.359342939,2161
k3018,0.0,0.0,0.0,0.0,0.0184,0.133333333,0.0,0.0305,0.0,0.0928,155
k798,0.0,0.0,0.0,0.0,0.0,0.0333,0.0,0.0,0.0476,0.277077522,681
k722,0.0,0.0526,0.0,0.0,0.0639,0.2,0.0294,0.0688,0.0,0.0928,719
k2542,0.0,0.0,0.15,0.0,0.023,0.1,0.0,0.0539,0.0,0.30850123,2533
k3058,0.0,0.0526,0.0,0.0,0.0294,0.1,0.0,0.101545657,0.0,0.187419331,1034
k485,0.0,0.0,0.0,0.0,0.0,0.0,0.0,0.0,0.0,0.301772969,2197
k1294,0.0,0.0263,0.0,0.0,0.0,0.0667,0.0,0.0816,0.0952,0.301772969,2397
k883,0.0,0.0789,0.0,0.0,0.0162,0.133333333,0.0,0.21044661,0.0476,0.442867126,3425
k3150,0.166666667,0.0263,0.0,0.0,0.0933,0.133333333,0.0294,0.0805,0.0,0.287450565,1781
k375,0.0,0.0,0.0,0.0,0.0639,0.1,0.0,0.0688,0.0,0.14405059,207
k2,0.0,0.0,0.1,0.0,0.0,0.1,0.0588,0.0688,0.0,0.300723877,1210
k1179,0.0,0.0,0.2,0.0,0.0,0.2,0.117647059,0.317514491,0.0952,0.302408338,2918
k3259,0.0,0.0,0.0,0.0,0.0639,0.0667,0.0,0.172026028,0.0,0.236387987,2568
k1597,0.0,0.0,0.0,0.0,0.0933,0.0333,0.0,0.0805,0.0,0.150020235,2734
k553,0.0,0.0,0.05,0.440318067,0.0595,0.166666667,0.0882,0.263715331,0.166666667,0.247340888,97
k1188,0.0,0.0,0.0,0.0,0.0468,0.0333,0.0,0.0,0.0,0.0928,2917
k1118,0.0,0.157894737,0.05,0.0,0.945098904,1.0,0.647058824,0.849587707,0.952380952,0.17038054,448
k454,0.0,0.0,0.1,0.0,0.0935,0.0,0.0,0.0,0.0,0.256014867,25
k929,0.0,0.0789,0.1,0.0,0.0639,0.2,0.0882,0.118727652,0.0,0.198315785,1667
k906,0.0,0.0,0.1,0.0,0.0,0.0667,0.0294,0.0805,0.0,0.297327128,1902
k2229,0.0,0.0,0.0,0.0,0.0,0.1,0.0,0.0,0.0,0.28650628,1103
k2777,0.0833,0.0789,0.0,0.0,0.0639,0.166666667,0.0,0.216154737,0.0952,0.247747444,606
k2241,0.0,0.0,0.0,0.0,0.0,0.1,0.0,0.0816,0.0714,0.340363429,1747
k1499,0.0833,0.0263,0.05,0.0,0.0,0.1,0.0,0.0396,0.0,0.444960165,2391
k706,0.0,0.0,0.1,0.0,0.0178,0.166666667,0.117647059,0.120653562,0.119047619,0.303339098,1623
k3147,0.0,0.0,0.2,0.0,0.0734,0.0,0.0,0.0,0.0,0.277268945,1552
k1116,0.0,0.0,0.0,0.0,0.0,0.0,0.0,0.196679713,0.0,0.278638143,2409
k2316,0.0,0.0,0.0,0.0,0.0762,0.133333333,0.0,0.19652338,0.0952,0.244972632,3120
k3238,0.0,0.0,0.0,0.0,0.0,0.0667,0.0,0.0,0.0,0.29458983,205
k2387,0.0,0.0526,0.0,0.0,0.0,0.1,0.0,0.0,0.0,0.105488491,638
k754,0.0,0.0263,0.1,0.0,0.0294,0.1,0.0294,0.0805,0.0238,0.265561957,2328
k2467,0.0,0.0,0.0,0.447851906,0.0,0.0667,0.0294,0.104223355,0.0,0.193337046,1728
k2217,0.0,0.0,0.15,0.0,0.023,0.1,0.0,0.0539,0.0,0.301772969,2421
k646,0.0,0.421052632,0.0,0.0,0.0,0.333333333,0.352941176,0.0,0.0,0.551751751,1561
k2625,0.0,0.0,0.0,0.0,0.235552185,0.166666667,0.0882,0.206415218,0.0,0.0928,2841
k1619,0.0,0.0526,0.0,0.0,0.185367535,0.2,0.0588,0.149351441,0.0,0.184944468,2601
k1804,0.0,0.0,0.0,0.0,0.0294,0.1,0.0588,0.0,0.0,0.0928,1331
k2622,0.0,0.0,0.0,0.385086797,0.153541999,0.1,0.0,0.147336334,0.0476,0.177836536,3299
k3224,0.0,0.157894737,0.0,0.0,0.546334386,0.466666667,0.147058824,0.211641908,0.0,0.127170051,370
k3412,0.0833,0.0526,0.05,0.0,0.132385582,0.133333333,0.0294,0.0606,0.0,0.281919454,885
k307,0.0833,0.0526,0.0,0.0,0.03,0.133333333,0.0294,0.0816,0.0476,0.301772969,1289
k1274,0.0,0.0,0.05,0.0,0.0,0.0667,0.0,0.095,0.0476,0.288208705,1177
k3187,0.0,0.0526,0.05,0.0,0.0816,0.166666667,0.0882,0.160229443,0.0714,0.311313287,457
k3318,0.166666667,0.0789,0.05,0.0,0.132385582,0.166666667,0.0,0.0606,0.0,0.376587592,1484
k2493,0.0,0.131578947,0.0,0.0,0.0639,0.2,0.0,0.0688,0.0476,0.259787907,304
k1441,0.166666667,0.0263,0.05,0.0,0.0539,0.1,0.0,0.103207611,0.0,0.527176866,1846
k2013,0.0,0.0,0.1,0.0,0.0178,0.133333333,0.0,0.0473,0.119047619,0.26796972,2627
k1643,0.0,0.0,0.05,0.0,0.0,0.0667,0.0,0.095,0.0238,0.301772969,1008
k1534,0.0,0.0,0.0,0.0,0.0,0.0667,0.0,0.223316521,0.0,0.301772969,2054
k990,0.0,0.0,0.2,0.0,0.0,0.133333333,0.0,0.317514491,0.0952,0.322894951,2988
k16,0.0,0.0526,0.0,0.0,0.0,0.1,0.0294,0.143205395,0.119047619,0.340934015,3328
k2550,0.0,0.0,0.05,0.0,0.0468,0.0333,0.0,0.0,0.0,0.264668091,1534
k2764,0.0,0.0789,0.0,0.0,0.0967,0.2,0.0588,0.0504,0.0,0.40107943,1172
k2274,0.0,0.0263,0.15,0.0,0.0173,0.133333333,0.0,0.158757243,0.0476,0.289811104,1995
k2912,0.0,0.0,0.0,0.381516138,0.164198857,0.166666667,0.0588,0.430313826,0.0714,0.155413503,2117
k65,0.0,0.0,0.0,0.0,0.117776092,0.1,0.0294,0.103207611,0.0,0.213819675,2245
k1448,0.0833,0.0263,0.05,0.0,0.185152103,0.1,0.0,0.124220244,0.0,0.447150171,45
k391,0.0833,0.0,0.0,0.0,0.127723812,0.1,0.0294,0.121177023,0.0,0.301772969,2594
k1225,0.0,0.0,0.0,0.0,0.0,0.0333,0.0,0.0,0.0,0.32946836,1859
k2063,0.0,0.0526,0.0,0.0,0.0344,0.133333333,0.0,0.0,0.0,0.411495661,3067
k724,0.0,0.0,0.1,0.0,0.0,0.0667,0.0,0.158757243,0.0714,0.310430933,1648
k930,0.0,0.0,0.0,0.0,0.0,0.133333333,0.0,0.104717232,0.0952,0.421119991,3160
k2815,0.0,0.0526,0.0,0.0,0.0745,0.1,0.0,0.0688,0.0476,0.292715046,1391
k1110,0.0,0.0,0.0,0.0,0.0639,0.2,0.0294,0.0805,0.0476,0.364100621,1006
k1565,0.0,0.0,0.15,0.0,0.0458,0.166666667,0.0,0.0539,0.0,0.0928,2943
k1165,0.0,0.0,0.0,0.0,0.186601296,0.133333333,0.0,0.161066062,0.0,0.13324691,2112
k3129,0.0,0.0263,0.0,0.0,0.0,0.133333333,0.0588,0.310538633,0.0,0.173618463,292
k180,0.0,0.0526,0.0,0.0,0.127723812,0.133333333,0.0588,0.0792,0.0,0.119744017,2829
k3039,0.0,0.0,0.1,0.531458526,0.091,0.0,0.0,0.111837118,0.333333333,0.302287569,1179
k1877,0.0,0.0,0.15,0.0,0.0,0.0333,0.0,0.0723,0.0476,0.257874529,2285
k2317,0.0,0.0,0.0,0.0,0.0,0.133333333,0.0,0.0,0.0,0.301772969,2083
k1084,0.0,0.0,0.0,0.0,0.0,0.1,0.0294,0.0,0.0,0.283849043,80
k2811,0.0,0.0,0.1,0.0,0.0,0.1,0.0,0.0688,0.0,0.317027762,2575
k1901,0.0,0.0,0.0,0.0,0.127723812,0.133333333,0.0588,0.1001644,0.0,0.180692301,1904
k941,0.0,0.0,0.0,0.0,0.0,0.0667,0.0,0.121177023,0.0,0.167386739,721
k1409,0.0,0.0,0.1,0.0,0.0816,0.166666667,0.0,0.107870831,0.0238,0.225537212,392
k1361,0.0,0.0,0.05,0.0,0.0933,0.2,0.0588,0.219186162,0.0714,0.301892671,234
k2526,0.333333333,0.105263158,0.0,0.0,0.0,0.166666667,0.117647059,0.0,0.0,0.775335844,2363
k559,0.0,0.0,0.1,0.0,0.0,0.1,0.0,0.158757243,0.0238,0.252886914,2679
k2319,0.0,0.0,0.05,0.0,0.0,0.1,0.0,0.0524,0.119047619,0.252852282,2433
k1077,0.0,0.0263,0.0,0.0,0.20889761,0.2,0.0882,0.160752914,0.0238,0.122541404,2556
k113,0.0,0.0,0.2,0.0,0.0935,0.0667,0.0,0.161066062,0.0,0.296578933,792
k1614,0.0,0.0526,0.0,0.0,0.202285937,0.133333333,0.0588,0.0857,0.0476,0.258783663,955
k353,0.0,0.0,0.0,0.0,0.0107,0.0333,0.0,0.0616,0.119047619,0.283531042,1299
k1199,0.0,0.0789,0.0,0.0,0.0,0.133333333,0.0,0.0,0.0,0.680393371,1558
k394,0.0,0.0263,0.1,0.0,0.0641,0.1,0.0,0.0,0.0,0.274035085,3201
k1229,0.0,0.0263,0.0,0.0,0.0933,0.1,0.0,0.0805,0.0,0.138607598,70
k692,0.0,0.0263,0.0,0.0,0.0639,0.0667,0.0,0.21044661,0.0476,0.267451698,1317
k1633,0.0,0.0,0.0,0.0,0.0,0.0667,0.0,0.0,0.0,0.469586951,1497
k895,0.0,0.0,0.05,0.0,0.0,0.0333,0.0,0.0,0.0238,0.284271758,2548
k244,0.0,0.0,0.05,0.0,0.0,0.0333,0.0,0.095,0.0238,0.301772969,746
k2272,0.0833,0.0,0.0,0.0,0.0,0.1,0.0294,0.209914839,0.0476,0.313093698,811
k2118,0.0,0.0,0.0,0.0,0.0,0.0667,0.0,0.0,0.0952,0.223989167,2308
k1045,0.0,0.0,0.0,0.0,0.0,0.133333333,0.0588,0.379910858,0.0,0.43501325,456
k258,0.0,0.0526,0.05,0.0,0.132385582,0.133333333,0.0,0.0606,0.0238,0.235187735,668
k1092,0.0,0.0789,0.0,0.0,0.0,0.3,0.0588,0.0,0.0,0.0928,1809
k2586,0.0,0.0,0.0,0.0,0.0641,0.0,0.0,0.0,0.0,0.201756759,791
k1312,0.0,0.0,0.0,0.0,0.221024469,0.2,0.0588,0.1596848,0.0,0.112037435,2451
k2162,0.0,0.0,0.0,0.0,0.138380662,0.133333333,0.0,0.121177023,0.0476,0.150087092,188
k1871,0.0,0.0,0.0,0.0,0.0883,0.0,0.0,0.0,0.0,0.221807263,1908
k1421,0.0,0.0526,0.0,0.0,0.0,0.1,0.0294,0.095,0.0,0.238562155,2133
k3229,0.0,0.0263,0.0,0.0,0.0639,0.2,0.0,0.0396,0.0238,0.214088396,1379
k3320,0.0,0.0,0.05,0.0,0.0,0.0667,0.0,0.169854981,0.0238,0.413937744,2886
k2231,0.0,0.0263,0.1,0.0,0.0,0.133333333,0.0294,0.0,0.0,0.129808166,1626
k1679,0.0833,0.0,0.1,0.557491422,0.0639,0.0667,0.0,0.0919,0.0952,0.30643551,2852
k1788,0.0,0.0,0.0,0.0,0.11061255,0.233333333,0.0294,0.0805,0.0,0.140977739,1337
k3062,0.0,0.0526,0.05,0.0,0.109932291,0.1,0.0294,0.155566241,0.0476,0.298362197,2598
k3210,0.25,0.0263,0.0,0.0,0.202242568,0.266666667,0.0294,0.198225338,0.0476,0.370051221,3413
k1746,0.166666667,0.0,0.0,0.0,0.0135,0.133333333,0.0,0.032,0.0,0.505463709,1320
k1841,0.166666667,0.0263,0.0,0.0,0.127723812,0.133333333,0.0294,0.121177023,0.0,0.360218178,2808
k980,0.0,0.0,0.0,0.622231789,0.0639,0.0667,0.0,0.102267861,0.214285714,0.301772969,3410
k3116,0.0,0.0,0.0,0.0,0.0,0.0667,0.0,0.146842457,0.0,0.185994819,3382
k385,0.0,0.0,0.0,0.0,0.0,0.133333333,0.0294,0.0698,0.0,0.0928,2669
k554,0.0833,0.0,0.05,0.0,0.0745,0.166666667,0.0,0.189995445,0.119047619,0.300630033,1423
k2963,0.0,0.0,0.0,0.0,0.127723812,0.133333333,0.0,0.141121548,0.0714,0.255699324,2823
k1926,0.0,0.0,0.0,0.0,0.0,0.0667,0.0,0.0925,0.0,0.847595248,595
k526,0.25,0.0263,0.0,0.0,0.138380662,0.266666667,0.0294,0.129406921,0.0476,0.3325979,1027
k2643,0.0,0.0,0.1,0.0,0.0,0.0333,0.0,0.0396,0.0,0.301772969,1733
k2611,0.0,0.0,0.0,0.0,0.221024469,0.266666667,0.0882,0.1596848,0.0,0.10918905,1153
k1731,0.0,0.0,0.0,0.556212568,0.0762,0.133333333,0.0,0.239023701,0.142857143,0.10018975,2542
k2648,0.166666667,0.0263,0.1,0.0,0.0178,0.133333333,0.0,0.0473,0.0952,0.382683719,2501
k1254,0.0,0.0,0.0,0.0,0.11061255,0.0667,0.0,0.0805,0.0,0.137804356,840
k308,0.5,0.105263158,0.3,0.0,0.0472,0.233333333,0.0588,0.0922,0.0,0.540610766,552
k728,0.0,0.0263,0.0,0.0,0.0,0.0667,0.0,0.0,0.0,0.275722108,1700
k1932,0.0,0.0,0.0,0.0,0.117776092,0.0667,0.0,0.103207611,0.0,0.0928,1774
k2714,0.0,0.0,0.0,0.0,0.0,0.0667,0.0,0.0,0.0,0.282178294,235
k2651,0.0,0.0,0.0,0.0,0.0294,0.0667,0.0294,0.0,0.0,0.0928,415
k3,0.0,0.0526,0.1,0.0,0.155692554,0.433333333,0.382352941,0.139740281,0.0952,0.188915594,1582
k1417,0.0,0.0263,0.0,0.0,0.0173,0.2,0.0,0.0,0.0238,0.122342596,2450
k1488,0.0,0.0,0.05,0.0,0.0639,0.133333333,0.0,0.136010363,0.0714,0.276102288,293
k2539,0.0,0.0,0.05,0.0,0.0,0.133333333,0.0,0.0606,0.0952,0.28646359,2476
k1309,0.0,0.131578947,0.0,0.0,0.491458715,0.466666667,0.176470588,0.206455217,0.0714,0.129145391,1641
k3146,0.0,0.0,0.05,0.0,0.0,0.0667,0.0,0.0,0.0,0.274814405,828
k2715,0.0,0.0,0.1,0.0,0.0,0.0,0.0,0.0,0.0476,0.300596034,103
k727,0.0,0.0526,0.0,0.0,0.0933,0.1,0.0,0.0805,0.0,0.0928,2224
k1124,0.0,0.0263,0.0,0.0,0.226732487,0.166666667,0.0294,0.194114008,0.0,0.160649536,2489
k2599,0.0,0.0,0.1,0.0,0.0,0.166666667,0.0,0.0,0.142857143,0.192632908,1054
k2995,0.0,0.0526,0.0,0.0,0.127723812,0.4,0.117647059,0.0792,0.0,0.153586855,2213
k1270,0.0833,0.0263,0.1,0.0,0.0,0.1,0.0294,0.0,0.0,0.280190622,2633
k3297,0.0,0.0526,0.0,0.0,0.0173,0.1,0.0294,0.0,0.0,0.126437424,900
k1698,0.0,0.0263,0.0,0.0,0.109464884,0.1,0.0294,0.202778166,0.0476,0.302268049,1713
k3008,0.0,0.0,0.1,0.0,0.145035704,0.233333333,0.0,0.240217824,0.0,0.27963635,307
k675,0.0,0.0,0.1,0.0,0.0275,0.1,0.0,0.0773,0.0,0.343545201,3017
k3002,0.0,0.0,0.1,0.521227699,0.0639,0.133333333,0.0,0.0606,0.214285714,0.251755677,1364
k2836,0.0,0.0526,0.0,0.0,0.0,0.1,0.0294,0.0,0.0,0.225672895,2935
k2854,0.0,0.0526,0.0,0.0,0.0933,0.166666667,0.0,0.0805,0.0,0.0928,1427
k2265,0.0,0.0,0.05,0.0,0.108784636,0.133333333,0.0,0.0606,0.166666667,0.262226215,2238
k2067,0.0,0.0,0.1,0.493130912,0.373202592,0.333333333,0.176470588,0.384824096,0.333333333,0.168635432,3263
k1648,0.0,0.0,0.05,0.0,0.0468,0.0,0.0,0.0,0.0,0.277653149,1466
k2882,0.0,0.0,0.05,0.0,0.0,0.166666667,0.0588,0.0396,0.0,0.211867498,384
k2158,0.0,0.0,0.0,0.0,0.0812,0.133333333,0.0588,0.0606,0.0,0.217630131,1716
k209,0.0,0.0,0.2,0.0,0.0,0.133333333,0.0,0.137636815,0.0,0.35596574,1385
k1111,0.0,0.0,0.0,0.0,0.0519,0.2,0.0,0.0,0.0,0.121545674,3268
k330,0.0,0.0,0.0,0.0,0.0,0.0667,0.0,0.0,0.0,0.301772969,1193
k528,0.0833,0.0,0.0,0.0,0.0639,0.133333333,0.0294,0.0688,0.0,0.277617605,1059
k1386,0.0,0.105263158,0.0,0.0,0.0115,0.166666667,0.0882,0.0,0.0,0.405379308,2596
k1753,0.0,0.0,0.0,0.0,0.0589,0.0667,0.0,0.0,0.0,0.0928,3347
k367,0.0,0.0,0.3,0.51024982,0.023,0.133333333,0.0,0.0539,0.19047619,0.309371366,635
k2055,0.0,0.0263,0.0,0.0,0.0,0.0667,0.0,0.095,0.0,0.426843105,861
k110,0.166666667,0.0,0.0,0.0,0.0,0.1,0.0882,0.0,0.0,0.554917634,1868
k1644,0.0,0.0263,0.0,0.0,0.0,0.0667,0.0,0.0,0.0,0.130880453,1448
k1909,0.25,0.0789,0.0,0.0,0.0,0.133333333,0.0588,0.0,0.0,0.611324245,3166
k933,0.0,0.0526,0.2,0.0,0.162347607,0.466666667,0.294117647,0.158303524,0.0,0.221295826,222
k183,0.0,0.0,0.0,0.0,0.0,0.0333,0.0,0.0,0.0,0.313150432,1963
k1979,0.0,0.0,0.0,0.0,0.108784636,0.133333333,0.0294,0.0606,0.0476,0.251505186,607
k771,0.0,0.105263158,0.0,0.0,0.138380662,0.233333333,0.0294,0.129406921,0.0,0.19273907,3031
k1638,0.0,0.0,0.15,0.0,0.0,0.0,0.0,0.0,0.0238,0.312188194,1456
k2675,0.0,0.0,0.15,0.0,0.0933,0.133333333,0.0294,0.239290267,0.0,0.232996377,3147
k440,0.0,0.0,0.05,0.0,0.0,0.0333,0.0,0.012,0.0476,0.274566082,2327
k2096,0.0,0.0,0.0,0.0,0.0,0.0333,0.0,0.149858091,0.0476,0.286108115,1877
k2822,0.0,0.0,0.6,0.512680907,0.0459,0.333333333,0.0,0.10773246,0.333333333,0.292873953,1533
k2939,0.0,0.0,0.3,0.0,0.0,0.2,0.0,0.360025769,0.0714,0.254554863,2132
k2951,0.0,0.0,0.0,0.0,0.117776092,0.133333333,0.0294,0.103207611,0.0,0.0928,1843
k925,0.0,0.0,0.1,0.0,0.0294,0.1,0.0,0.0805,0.0,0.301772969,338
k556,0.0833,0.0,0.25,0.406877952,0.0805,0.2,0.0882,0.210554986,0.0476,0.306086497,3050
k1173,0.166666667,0.0,0.0,0.530572192,0.0,0.0667,0.0294,0.0734,0.0952,0.42797233,3110
k1064,0.0,0.0,0.0,0.0,0.0,0.0,0.0,0.0,0.0,0.301772969,3272
k2019,0.0,0.0,0.0,0.0,0.0,0.0667,0.0,0.0,0.0,0.174559128,1070
k2209,0.0,0.0263,0.1,0.538118693,0.0,0.1,0.0,0.0,0.166666667,0.287284573,1475
k2883,0.0,0.105263158,0.0,0.0,0.0,0.133333333,0.0,0.0,0.0,0.0928,1207
k763,0.0,0.0,0.0,0.0,0.0,0.0667,0.0,0.0,0.0,0.0928,3302
k1214,0.0,0.0526,0.0,0.0,0.196247487,0.1,0.0294,0.121177023,0.0,0.140320922,538
k797,0.0,0.0,0.4,0.465439305,0.184322422,0.3,0.0,0.268485374,0.166666667,0.301772969,1014
k1014,0.333333333,0.0263,0.1,0.0,0.0,0.2,0.147058824,0.182186481,0.0238,0.618266716,2957
k766,0.0,0.0,0.05,0.0,0.0,0.0333,0.0,0.0396,0.0,0.28091715,405
k2887,0.0,0.0,0.0,0.0,0.0,0.0333,0.0,0.0,0.0476,0.300350574,354
k1878,0.0833,0.0,0.0,0.0,0.0639,0.1,0.0,0.0688,0.0,0.382920125,2035
k550,0.0,0.105263158,0.0,0.0,0.0745,0.133333333,0.0,0.0688,0.0,0.187419331,2536
k1139,0.0,0.105263158,0.0,0.0,0.132385582,0.233333333,0.235294118,0.0606,0.0476,0.11258171,375
k94,0.0,0.0,0.05,0.0,0.0,0.0667,0.0294,0.095,0.0238,0.277158816,2624
k421,0.0,0.0526,0.1,0.0,0.0,0.166666667,0.0294,0.0688,0.0,0.34098853,637
k734,0.0,0.0789,0.0,0.0,0.0449,0.133333333,0.0588,0.310538633,0.0238,0.173631921,3145
k3425,0.0,0.0,0.05,0.0,0.140051304,0.1,0.0588,0.0805,0.0,0.242404562,1449
k1682,0.0,0.0,0.0,0.425706218,0.127723812,0.0667,0.0,0.248440489,0.0,0.301772969,345
k1947,0.0,0.0526,0.1,0.0,0.127704762,0.2,0.0882,0.202848545,0.0714,0.320140323,990
k593,0.0,0.0789,0.0,0.0,0.0107,0.133333333,0.0588,0.158757243,0.0,0.118105167,1639
k2182,0.0,0.0526,0.0,0.0,0.11061255,0.166666667,0.0588,0.0805,0.0,0.0928,742
k3255,0.0,0.0,0.0,0.0,0.0,0.0667,0.0,0.095,0.0,0.184117558,1766
k2616,0.0,0.0,0.1,0.0,0.0,0.0667,0.0,0.189955427,0.0952,0.395072251,2251
k1760,0.0,0.0,0.05,0.0,0.0,0.0667,0.0,0.0396,0.0,0.292295743,808
k1406,0.0,0.0,0.0,0.0,0.0,0.0333,0.0,0.0524,0.0,0.176845089,106
k2000,0.0,0.0,0.0,0.0,0.14408869,0.166666667,0.0588,0.202778166,0.0476,0.275013046,3190
k910,0.0,0.0,0.0,0.0,0.0,0.133333333,0.0588,0.0,0.0,0.206915841,1176
k3419,0.0,0.0526,0.0,0.0,0.0933,0.2,0.0882,0.0805,0.0,0.0928,1816
k2375,0.0,0.0,0.0,0.0,0.0,0.0333,0.0,0.0,0.0,0.23212467,1265
k903,0.0,0.0,0.15,0.0,0.0933,0.133333333,0.0294,0.239290267,0.0238,0.257340949,42
k1472,0.0,0.0,0.3,0.0,0.0,0.333333333,0.235294118,0.0792,0.0,0.307124367,3243
k626,0.0833,0.0,0.0,0.0,0.0,0.0667,0.0,0.0,0.0,0.303839156,2955
k2286,0.0,0.0,0.0,0.0,0.0639,0.1,0.0,0.0606,0.0238,0.157882563,2933
k1360,0.0,0.0,0.0,0.0,0.0,0.0667,0.0,0.0,0.0,0.449803715,973
k2216,0.166666667,0.0263,0.0,0.0,0.0,0.1,0.0294,0.0,0.0,0.594873381,2592
k3364,0.0,0.0,0.15,0.0,0.0,0.1,0.0294,0.0396,0.0,0.292522897,3180
k1308,0.333333333,0.105263158,0.0,0.0,0.0,0.166666667,0.117647059,0.0,0.0,0.684559183,1127
k1887,0.0,0.0263,0.1,0.0,0.0641,0.0667,0.0,0.0,0.0476,0.263428146,3203
k605,0.0,0.131578947,0.0,0.0,0.220191973,0.3,0.117647059,0.0688,0.0,0.124902381,1673
k1530,0.0,0.0263,0.05,0.0,0.0173,0.0667,0.0,0.0,0.0476,0.284876935,2395
k2921,0.0,0.0,0.05,0.0,0.0539,0.0667,0.0294,0.103207611,0.0,0.291094061,2486
k3268,0.0,0.0,0.0,0.0,0.127723812,0.133333333,0.0,0.0792,0.0,0.105002047,1007
k1622,0.0,0.0,0.0,0.0,0.0,0.133333333,0.0,0.0215,0.0,0.698067823,3385
k43,0.0,0.0,0.0,0.0,0.147214844,0.0667,0.0,0.103207611,0.0,0.0928,1619
k129,0.0,0.0,0.0,0.0,0.0,0.0333,0.0,0.0,0.0,0.223173972,3247
k2783,0.0,0.0526,0.0,0.0,0.11061255,0.133333333,0.0294,0.0805,0.0,0.10251622,1839
k1787,0.0,0.0,0.0,0.0,0.0,0.0667,0.0,0.0,0.0,0.478405845,90
k2028,0.0,0.0,0.0,0.0,0.0,0.1,0.0,0.327106224,0.119047619,0.284506795,1556
k789,0.0,0.0,0.1,0.486685997,0.0,0.1,0.0,0.262980588,0.0,0.334051525,689
k688,0.0,0.0,0.05,0.0,0.0244,0.0667,0.0,0.0,0.0,0.301772969,2708
k1410,0.0,0.0,0.0,0.0,0.0933,0.1,0.0588,0.0805,0.0,0.147755534,749
k2479,0.0,0.131578947,0.0,0.0,0.18702369,0.2,0.117647059,0.103207611,0.0,0.123175036,2055
k1906,0.0,0.0,0.0,0.0,0.0,0.1,0.0588,0.158757243,0.0,0.0928,1498
k2948,0.0,0.0,0.3,0.0,0.0883,0.133333333,0.0,0.241599087,0.0,0.292640099,1282
k514,0.0833,0.0263,0.15,0.0,0.023,0.2,0.117647059,0.0539,0.0,0.36522718,2638
k2226,0.0,0.0,0.2,0.0,0.0589,0.133333333,0.0,0.161066062,0.0,0.318663869,1133
k1671,0.0,0.0,0.0,0.0,0.11061255,0.0667,0.0294,0.0805,0.0,0.137366855,1974
k2761,0.0,0.0,0.0,0.0,0.0933,0.133333333,0.0,0.0805,0.0,0.0928,1707
k124,0.0,0.0,0.3,0.0,0.0,0.366666667,0.264705882,0.476271696,0.0714,0.0928,2067
k161,0.0,0.0,0.0,0.0,0.0639,0.1,0.0588,0.0396,0.0,0.0928,3258
k41,0.0,0.0263,0.0,0.0,0.0107,0.0667,0.0,0.149858091,0.0714,0.27192181,3275
k3305,0.0,0.0526,0.0,0.0,0.0753,0.2,0.0882,0.0606,0.0,0.108184303,985
k769,0.0833,0.0263,0.2,0.0,0.0,0.3,0.0882,0.0,0.0714,0.387750565,744
k2099,0.0833,0.0,0.05,0.0,0.0,0.1,0.0,0.0504,0.0,0.449095038,1937
k1456,0.0,0.0,0.2,0.0,0.0178,0.2,0.0,0.116100724,0.0238,0.23212467,1374
k1443,0.0,0.0263,0.0,0.0,0.0,0.0667,0.0,0.0606,0.0238,0.301772969,2487
k2717,0.0,0.0,0.0,0.0,0.0639,0.133333333,0.0588,0.0805,0.0476,0.212745226,2720
k2487,0.0833,0.0,0.0,0.0,0.0107,0.133333333,0.0294,0.209914839,0.0476,0.273702532,3230
k2132,0.0,0.0,0.15,0.0,0.023,0.133333333,0.0,0.0539,0.0,0.31223355,232
k3427,0.0,0.0,0.0,0.0,0.127723812,0.133333333,0.0,0.137636815,0.0,0.290260133,368
k561,0.0,0.0,0.0,0.0,0.0,0.0333,0.0,0.0616,0.0952,0.301772969,2408
k2747,0.0,0.0,0.05,0.0,0.0,0.0667,0.0,0.0488,0.0,0.400374642,3366
k2796,0.0,0.0,0.0,0.0,0.0,0.133333333,0.0,0.0,0.0,0.301772969,1048
k863,0.0,0.105263158,0.0,0.0,0.221225102,0.333333333,0.0,0.161066062,0.0,0.191054578,1780
k866,0.0,0.0,0.0,0.0,0.127723812,0.466666667,0.352941176,0.0792,0.0,0.0928,1555
k524,0.0,0.157894737,0.0,0.0,0.088,0.233333333,0.0,0.100779201,0.0238,0.417678912,83
k310,0.0,0.0526,0.0,0.0,0.191585707,0.233333333,0.117647059,0.206455217,0.0,0.170085452,2899
k2598,0.0,0.0,0.0,0.0,0.0346,0.133333333,0.0,0.0,0.0,0.122185144,2602
k1140,0.0,0.0,0.0,0.0,0.127924452,0.1,0.0,0.0805,0.0,0.224335828,1680
k92,0.0,0.0789,0.0,0.0,0.0,0.166666667,0.0882,0.310538633,0.0238,0.0928,2025
k2993,0.0,0.0,0.0,0.0,0.0,0.2,0.0882,0.244803441,0.0,0.130465592,2914
k837,0.0,0.0,0.1,0.0,0.0,0.133333333,0.0,0.307960875,0.0714,0.19815151,3197
k3323,0.0,0.0,0.0,0.0,0.0933,0.1,0.0,0.0688,0.0,0.118778888,1758
k1068,0.0,0.0,0.05,0.0,0.0,0.0667,0.0,0.241720221,0.238095238,0.272901722,2651
k1218,0.0,0.0526,0.15,0.0,0.0812,0.166666667,0.0294,0.198333124,0.0476,0.167623394,3359
k801,0.0,0.105263158,0.0,0.0,0.0,0.233333333,0.0588,0.00514,0.285714286,0.17701085,3259
k775,0.0,0.0526,0.1,0.0,0.0639,0.133333333,0.0,0.108394293,0.0,0.292690838,1283
k2266,0.0,0.0,0.0,0.0,0.0,0.0667,0.0,0.154498109,0.0,0.187763175,1307
k3334,0.0,0.0263,0.0,0.0,0.0933,0.133333333,0.0294,0.266581445,0.0476,0.379150798,1492
k2983,0.25,0.0,0.0,0.0,0.0,0.1,0.0882,0.147491751,0.0,0.599283793,2081
k321,0.0,0.0,0.0,0.0,0.0639,0.1,0.0,0.0688,0.0,0.147770424,2599
k1975,0.166666667,0.0263,0.0,0.0,0.0,0.1,0.0294,0.0,0.0,0.459341098,3260
k2906,1.0,0.157894737,0.0,0.0,0.0,0.266666667,0.176470588,0.0,0.0,0.835928566,2477
k1155,0.0,0.0526,0.0,0.0,0.0173,0.1,0.0294,0.0,0.0,0.165779334,1748
k2258,0.0,0.105263158,0.0,0.0,0.0732,0.233333333,0.117647059,0.0,0.0,0.129443024,156
k2137,0.0,0.0,0.2,0.0,0.0,0.133333333,0.0,0.137636815,0.0,0.345138525,2628
k1713,0.0,0.0,0.0,0.0,0.0,0.1,0.0588,0.0,0.0,0.0928,2176
k3310,0.0,0.0,0.1,0.0,0.0178,0.166666667,0.147058824,0.0473,0.0238,0.187419331,1757
k1895,0.0,0.105263158,0.0,0.0,0.276761313,0.3,0.0882,0.242354047,0.404761905,0.194280388,1114
k684,0.0,0.0,0.05,0.0,0.0,0.0333,0.0,0.0,0.0,0.285595912,2261
k2336,0.0,0.0,0.2,0.0,0.0,0.1,0.0,0.0792,0.0,0.296165833,3101
k849,0.0,0.0,0.0,0.0,0.023,0.233333333,0.0,0.0539,0.0,0.134587286,3303
k2113,0.0,0.0789,0.0,0.0,0.0745,0.2,0.147058824,0.142189661,0.0238,0.198303636,603
k1934,0.0,0.0263,0.0,0.0,0.127723812,0.2,0.176470588,0.1001644,0.0,0.10528112,499
k3169,0.0,0.184210526,0.0,0.0,0.0641,0.2,0.205882353,0.0,0.0,0.682854653,1441
k1072,0.0,0.0,0.0,0.0,0.0,0.1,0.0294,0.0,0.0952,0.23282834,2315
k2658,0.0,0.0,0.05,0.0,0.0,0.133333333,0.0294,0.0396,0.0,0.272899741,1676
k2613,0.0,0.0,0.0,0.0,0.028,0.133333333,0.0,0.0,0.0238,0.274192965,241
k2537,0.0,0.0,0.0,0.0,0.117776092,0.0667,0.0,0.103207611,0.0,0.250374302,712
k2476,0.0,0.0,0.0,0.0,0.0933,0.0667,0.0588,0.0805,0.0,0.128243585,936
k1608,0.0,0.0,0.1,0.0,0.0,0.0333,0.0,0.111879017,0.0238,0.288909127,3227
k3070,0.0,0.0,0.1,0.563759069,0.0461,0.0333,0.0,0.2448358,0.0714,0.292701345,1767
k788,0.0,0.0789,0.0,0.0,0.127723812,0.266666667,0.0,0.0792,0.0,0.0928,1111
k1396,0.0,0.0,0.0,0.0,0.03,0.0667,0.0,0.0,0.0,0.155888907,1459
k2931,0.0,0.0,0.0,0.0,0.116628435,0.0667,0.0,0.124220244,0.0,0.26751422,539
k1840,0.0,0.0789,0.0,0.0,0.0639,0.133333333,0.0588,0.0396,0.0,0.0928,1021
k390,0.0,0.0,0.0,0.0,0.30475758,0.0,0.0,0.0,0.0,0.0928,391
k1434,0.0,0.105263158,0.0,0.0,0.127723812,0.166666667,0.0882,0.207964862,0.0,0.152131588,1613
k2994,0.0,0.0526,0.05,0.0,0.0745,0.166666667,0.0588,0.108394293,0.0714,0.294390598,548
k1389,0.0,0.157894737,0.0,0.0,0.491458715,0.466666667,0.147058824,0.206455217,0.0714,0.127171199,2686
k3038,0.0,0.0,0.1,0.0,0.0,0.0,0.0,0.111879017,0.0238,0.289145864,1066
k2220,0.0,0.105263158,0.05,0.0,0.0,0.266666667,0.176470588,0.0396,0.0,0.0928,2676
k2225,0.0,0.0,0.1,0.0,0.0989,0.2,0.0882,0.108394293,0.0952,0.282800086,2244
k1196,0.0,0.0,0.0,0.0,0.127723812,0.133333333,0.0,0.137636815,0.0,0.170599903,1285
k2432,0.0,0.0789,0.0,0.0,0.03,0.2,0.0294,0.280649405,0.0476,0.349819237,321
k2230,0.0,0.0,0.0,0.0,0.0449,0.0333,0.0,0.0734,0.0476,0.319006068,1083
k2697,0.0,0.131578947,0.0,0.0,0.138581302,0.233333333,0.235294118,0.0805,0.0238,0.122167025,541
k1692,0.0,0.0,0.15,0.0,0.0294,0.0667,0.0294,0.149351441,0.0,0.329726453,1978
k580,0.0,0.0,0.0,0.0,0.0,0.1,0.0882,0.199101119,0.0,0.248906447,3087
k3015,0.0,0.0,0.0,0.0,0.0,0.0333,0.0,0.0606,0.0,0.290476624,823
k992,0.0,0.0263,0.0,0.0,0.0,0.0667,0.0,0.0,0.0,0.12886792,1123
k893,0.0,0.0,0.0,0.0,0.0,0.166666667,0.0882,0.0,0.0,0.132335603,1022
k2176,0.0,0.0,0.0,0.0,0.0,0.1,0.0294,0.0,0.0238,0.187419331,1490
k1921,0.0,0.0,0.0,0.0,0.0,0.0333,0.0,0.132450142,0.0,0.294073177,486
k2002,0.0,0.0,0.0,0.0,0.127723812,0.1,0.0294,0.121177023,0.0952,0.301772969,1347
k282,0.0,0.0,0.0,0.0,0.0,0.0667,0.0,0.0,0.0,0.0928,1743
k73,0.0833,0.0,0.0,0.0,0.0,0.0667,0.0294,0.0,0.0,0.394696199,766
k2587,0.0,0.0,0.0,0.0,0.191585707,0.166666667,0.0588,0.147970174,0.0,0.131683757,324
k2065,0.0,0.0,0.15,0.0,0.0,0.1,0.0,0.198333124,0.0238,0.293186052,1777
k2017,0.0,0.0263,0.0,0.442280664,0.0,0.1,0.0294,0.012,0.0,0.0928,1386
k2035,0.666666667,0.157894737,0.2,0.0,0.0,0.4,0.294117647,0.242354047,0.0952,0.517876449,305
k1424,0.0,0.0,0.1,0.381364195,0.0,0.0333,0.0,0.0,0.0476,0.301772969,572
k560,0.166666667,0.0,0.0,0.0,0.0639,0.133333333,0.0294,0.21044661,0.0476,0.392964867,2356
k1943,0.0,0.0263,0.0,0.0,0.276761313,0.266666667,0.0,0.250583945,0.238095238,0.245511118,2703
k3402,0.0,0.0,0.0,0.0,0.0,0.0667,0.0,0.0,0.0,0.0928,889
k428,0.0,0.0,0.0,0.0,0.146827172,0.333333333,0.0,0.0,0.0,0.0928,1118
k39,0.0,0.0,0.05,0.0,0.0,0.0333,0.0,0.0,0.0,0.294779127,1033
k122,0.0,0.0263,0.05,0.0,0.0173,0.0667,0.0,0.0,0.0,0.251563735,529
k1978,0.0,0.0,0.0,0.0,0.0639,0.1,0.0,0.235031152,0.0,0.225379947,2265
k2363,0.333333333,0.0789,0.0,0.0,0.0,0.133333333,0.0588,0.0,0.0,0.76813387,2620
k2903,0.0,0.0,0.0,0.0,0.0213,0.133333333,0.0588,0.0,0.0952,0.130849398,3397
k1476,0.0,0.0526,0.0,0.0,0.0745,0.1,0.0,0.0688,0.0238,0.3051056,967
k2773,0.0,0.0,0.0,0.0,0.0,0.0333,0.0,0.0,0.0238,0.31036139,3108
k2357,0.0,0.0526,0.0,0.0,0.115797604,0.233333333,0.0882,0.0396,0.0,0.123629604,3043
k913,0.0,0.0,0.0,0.0,0.0,0.0333,0.0,0.0,0.0,0.390624594,271
k379,0.0,0.0,0.0,0.0,0.0,0.0667,0.0294,0.0,0.0,0.283414743,1653
k2642,0.0,0.0,0.1,0.0,0.0639,0.133333333,0.0,0.227575655,0.0,0.312723454,2590
k1779,0.25,0.0526,0.1,0.0,0.111810689,0.4,0.205882353,0.181765551,0.0952,0.180308482,1470
k2884,0.0,0.0526,0.0,0.0,0.0,0.1,0.0,0.095,0.0,0.518851952,2344
k2696,0.0,0.0,0.0,0.0,0.0,0.0667,0.0,0.0,0.0,0.174559,2398
k3188,0.0,0.0263,0.1,0.0,0.0641,0.0667,0.0,0.0,0.0476,0.268031858,2851
k465,0.0,0.0,0.0,0.0,0.0,0.0333,0.0,0.0,0.0,0.301772969,2195
k1216,0.0,0.0,0.0,0.0,0.0173,0.133333333,0.0,0.0,0.0238,0.198483722,378
k2737,0.0,0.0,0.0,0.0,0.0,0.2,0.0,0.220113757,0.428571429,0.0928,1303
k3125,0.0,0.0,0.0,0.0,0.0,0.0667,0.0,0.0,0.0,0.260466942,1928
k1774,0.0,0.0,0.0,0.0,0.0504,0.166666667,0.0,0.0773,0.0,0.0928,1658
k3252,0.0,0.0,0.0,0.0,0.0,0.0667,0.0294,0.0,0.0,0.308118031,1044
k2891,0.0,0.0,0.0,0.0,0.0933,0.1,0.0,0.0805,0.0,0.155168755,2424
k1632,0.0,0.0526,0.0,0.0,0.0639,0.1,0.0,0.0606,0.0,0.187419331,462
k2618,0.0,0.0,0.0,0.0,0.119441486,0.1,0.0,0.0688,0.0476,0.278223466,23
k596,0.0,0.0526,0.0,0.0,0.157162553,0.133333333,0.0294,0.12010891,0.0,0.0928,520
k3279,0.166666667,0.0526,0.0,0.548387505,0.169490044,0.333333333,0.0882,0.282243095,0.119047619,0.285196533,217
k683,0.0,0.0526,0.1,0.0,0.0294,0.166666667,0.0294,0.0805,0.0,0.184985448,583
k2723,0.0,0.105263158,0.0,0.0,0.0639,0.133333333,0.0,0.0396,0.0,0.0928,1763
k1582,0.0,0.105263158,0.0,0.0,0.0812,0.133333333,0.0,0.0688,0.0,0.138115712,2649
k3317,0.0,0.0263,0.05,0.0,0.0639,0.166666667,0.0,0.121177023,0.142857143,0.288416267,2652
k341,0.0,0.0,0.15,0.0,0.0,0.0333,0.0,0.0723,0.0714,0.26265731,2511
k446,0.0,0.0,0.05,0.0,0.028,0.1,0.0,0.0,0.0238,0.275985314,1090
k2091,0.0,0.105263158,0.0,0.0,0.209098261,0.266666667,0.0294,0.149351441,0.0,0.208138839,2005
k2392,0.0,0.0,0.0,0.260278309,0.0639,0.166666667,0.0588,0.150419545,0.0,0.312363593,1888
k191,0.0,0.0263,0.1,0.0,0.0641,0.1,0.0,0.0,0.0,0.268606303,2362
k2085,0.0,0.0,0.3,0.461007635,0.0,0.233333333,0.117647059,0.329510103,0.0952,0.243333983,941
k2294,0.0,0.0,0.0,0.0,0.0,0.133333333,0.0882,0.0,0.0476,0.249555247,1736
k2535,0.0,0.0,0.0,0.0,0.0,0.133333333,0.0,0.0,0.0,0.301772969,1342
k1504,0.0,0.0526,0.0,0.0,0.186601296,0.2,0.0,0.161066062,0.0,0.0928,2519
k1658,0.0,0.0,0.0,0.0,0.0,0.0,0.0,0.0,0.0,0.30387247,3228
k26,0.0,0.0263,0.0,0.0,0.0802,0.166666667,0.0588,0.194548273,0.0714,0.259078753,2156
k1836,0.0,0.0263,0.0,0.0,0.0,0.1,0.0294,0.0,0.0,0.27462738,731
k2755,0.0833,0.0,0.0,0.0,0.0107,0.133333333,0.0,0.209914839,0.0952,0.272614732,1649
k221,0.0,0.0,0.0,0.0,0.0,0.333333333,0.0,0.0,0.0,0.153645233,3097
k1088,0.0,0.0,0.05,0.0,0.0446,0.0333,0.0,0.0,0.0,0.22068664,2488
k3069,0.0,0.0526,0.05,0.0,0.0107,0.1,0.0,0.0,0.0476,0.278268656,1982
k3170,0.0,0.0,0.0,0.0,0.127723812,0.133333333,0.0,0.121177023,0.0476,0.187419331,3419
k1894,0.0833,0.0,0.15,0.0,0.0,0.166666667,0.0882,0.0,0.0,0.423587578,2041
k1005,0.0,0.0,0.1,0.0,0.0,0.0333,0.0,0.0,0.142857143,0.292827446,3273
k1491,0.0,0.157894737,0.0,0.0,0.118093047,0.233333333,0.0,0.0688,0.0238,0.40107943,1215
k2896,0.0,0.0,0.05,0.0,0.0278,0.166666667,0.235294118,0.124680935,0.0238,0.277723875,219
k681,0.0,0.0,0.1,0.0,0.0,0.0667,0.0,0.0396,0.0,0.278764036,3198
k949,0.0,0.0,0.15,0.0,0.146067189,0.2,0.0588,0.358292023,0.19047619,0.274984057,980
k2559,0.0,0.157894737,0.0,0.0,0.145035704,0.3,0.176470588,0.0792,0.0,0.132011722,683
k2958,0.0,0.0,0.0,0.0,0.0,0.0333,0.0,0.0,0.0,0.274621509,2068
k1778,0.0,0.0,0.0,0.0,0.0933,0.233333333,0.0588,0.0805,0.0,0.0928,1755
k940,0.0833,0.0,0.0,0.0,0.0,0.133333333,0.0294,0.12572987,0.238095238,0.334773136,1106
k1460,0.0,0.0526,0.0,0.0,0.185367535,0.166666667,0.0882,0.137636815,0.0,0.280547227,1706
k3159,0.0,0.0,0.0,0.0,0.0,0.0667,0.0,0.0,0.0238,0.187419331,1183
k1487,0.0,0.0,0.0,0.0,0.0173,0.0333,0.0,0.0,0.0,0.122657346,2775
k2016,0.0833,0.0263,0.15,0.0,0.0,0.166666667,0.0,0.0,0.0,0.424659468,3373
k1399,0.0,0.0,0.0,0.0,0.0589,0.0667,0.0,0.0,0.0,0.0928,1992
k2664,0.0,0.0526,0.2,0.0,0.0589,0.133333333,0.0,0.161066062,0.0,0.162476363,1366
k1185,0.0,0.0,0.1,0.0,0.0178,0.1,0.0,0.0473,0.0952,0.28348188,3277
k336,0.0,0.0,0.1,0.0,0.0,0.1,0.0,0.0688,0.0,0.334384244,1413
k2957,0.0,0.0,0.0,0.0,0.0933,0.0333,0.0,0.0805,0.0,0.21985388,1644
k1035,0.0,0.0,0.0,0.0,0.0,0.0333,0.0,0.0,0.0,0.301772969,1586
k1709,0.0,0.0,0.0,0.0,0.0107,0.133333333,0.147058824,0.158757243,0.0,0.118104384,3375
k3167,0.0,0.105263158,0.0,0.0,0.027,0.133333333,0.0,0.0639,0.0,0.680393371,1922
k1786,0.0,0.0,0.0,0.0,0.122739401,0.1,0.0,0.0805,0.0,0.232625072,1918
k130,0.0,0.0263,0.0,0.0,0.0,0.1,0.0294,0.0,0.0,0.233106543,545
k97,0.0,0.157894737,0.0,0.0,0.0639,0.166666667,0.0,0.0688,0.0,0.534228365,3231
k3098,0.0,0.184210526,0.0,0.0,0.246994865,0.3,0.0,0.267639579,0.333333333,0.263158769,3064
k3379,0.0,0.0,0.15,0.0,0.0,0.133333333,0.0,0.198333124,0.0,0.278231017,1987
k2399,0.0,0.0263,0.0,0.0,0.0,0.0667,0.0,0.0,0.0,0.246898083,444
k2989,0.0,0.0,0.2,0.0,0.0589,0.2,0.0,0.161066062,0.0,0.195588518,1745
k3367,0.0,0.0,0.05,0.0,0.0,0.0,0.0,0.109266467,0.0,0.437340506,170
k2490,0.0,0.0,0.0,0.0,0.0,0.0667,0.0,0.0,0.0,0.105521812,3117
k1985,0.0,0.0,0.05,0.0,0.0,0.0667,0.0,0.0606,0.0238,0.301772969,2873
k904,0.0,0.0,0.0,0.0,0.0,0.0333,0.0,0.0,0.0,0.301772969,942
k2415,0.0,0.0,0.05,0.0,0.0244,0.0333,0.0,0.0,0.0238,0.382850799,1112
k2092,0.0,0.0263,0.0,0.0,0.203913199,0.133333333,0.0588,0.161066062,0.0,0.262874922,1630
k757,0.0,0.0,0.05,0.0,0.0449,0.133333333,0.0,0.104717232,0.142857143,0.405087755,1365
k1650,0.0,0.0,0.0,0.0,0.0639,0.0667,0.0294,0.21044661,0.0476,0.267448701,2416
k2700,0.0,0.0,0.05,0.0,0.0,0.3,0.205882353,0.263474471,0.119047619,0.112576717,2924
k1994,0.0,0.0,0.0,0.0,0.0,0.0,0.0,0.0,0.0,0.301772969,1213
k748,0.0,0.0263,0.05,0.0,0.0,0.133333333,0.0294,0.0,0.0476,0.244336464,2687
k1121,0.0,0.0263,0.2,0.0,0.0,0.2,0.0588,0.198333124,0.0238,0.301772969,411
k810,0.0,0.0,0.0,0.0,0.0639,0.133333333,0.0294,0.132891654,0.142857143,0.257577998,2725
k145,0.333333333,0.0526,0.1,0.0,0.0,0.233333333,0.235294118,0.158757243,0.0,0.656256396,1412
k1041,0.0,0.0,0.1,0.0,0.0685,0.0333,0.0,0.012,0.0,0.290186202,851
k1673,0.0,0.0,0.05,0.0,0.0539,0.0667,0.0294,0.103207611,0.0,0.241680337,2060
k1243,0.0,0.0263,0.0,0.0,0.0,0.0667,0.0,0.0816,0.0476,0.328622038,2882
k1951,0.0,0.0,0.0,0.0,0.0639,0.1,0.0,0.0606,0.0476,0.265739109,869
k2059,0.0,0.0,0.0,0.0,0.0468,0.1,0.0588,0.0,0.0,0.0928,168
k1266,0.0,0.0,0.0,0.0,0.127723812,0.0667,0.0,0.0792,0.0,0.189802207,4
k1209,0.166666667,0.0,0.0,0.0,0.0,0.0667,0.0294,0.0,0.0,0.565144848,290
k410,0.0,0.0,0.2,0.0,0.0178,0.133333333,0.0,0.258398172,0.0714,0.301772969,310
k752,0.0833,0.0,0.0,0.0,0.0,0.0667,0.0,0.0,0.0,0.478315921,1858
k1253,0.0,0.0,0.2,0.0,0.0589,0.133333333,0.0,0.161066062,0.0,0.195634177,1588
k1672,0.0833,0.0526,0.05,0.0,0.132385582,0.133333333,0.0,0.0606,0.0,0.292024125,812
k3335,0.0833,0.0263,0.0,0.0,0.0,0.1,0.0294,0.0,0.0,0.380672431,3123
k3393,0.0,0.0263,0.1,0.0,0.0641,0.2,0.0882,0.0805,0.0,0.155304796,2717
k499,0.0,0.0263,0.0,0.0,0.255447624,0.2,0.0,0.250583945,0.0952,0.169725302,2478
k1661,0.0,0.0,0.1,0.585436266,0.0294,0.2,0.0294,0.123593648,0.0952,0.249865127,984
k305,0.0,0.0,0.1,0.0,0.0,0.1,0.0294,0.230447107,0.30952381,0.342589622,502
k962,0.0,0.0,0.0,0.0,0.0639,0.1,0.0,0.0396,0.0,0.213698344,1310
k3303,0.0,0.0526,0.0,0.0,0.0639,0.2,0.0588,0.0396,0.0,0.104707488,1844
k983,0.0,0.0,0.1,0.0,0.0,0.166666667,0.0,0.158757243,0.0238,0.235999104,1689
k2718,0.0,0.0,0.0,0.0,0.0883,0.0667,0.0,0.0,0.0,0.0928,1883
k3431,0.0,0.0,0.0,0.0,0.0933,0.1,0.0,0.0805,0.0,0.0928,17
k142,0.0,0.0263,0.0,0.0,0.0639,0.1,0.0294,0.184808754,0.0,0.14713492,1824
k2405,0.0,0.0,0.05,0.0,0.0933,0.0333,0.0,0.0805,0.0,0.28139607,2425
k2914,0.0,0.0,0.0,0.325651772,0.0745,0.1,0.0,0.0688,0.0,0.299499097,3431
k583,0.25,0.0263,0.05,0.0,0.0,0.166666667,0.0588,0.0606,0.0238,0.555161061,1129
k3162,0.0833,0.0,0.05,0.0,0.0,0.0667,0.0,0.0,0.0,0.301772969,1486
k2208,0.0,0.0,0.0,0.375425757,0.142514075,0.166666667,0.0,0.177808552,0.0238,0.150489618,134
k419,0.0,0.0,0.0,0.0,0.206071236,0.0667,0.0,0.0,0.0,0.0928,3036
k1408,0.0,0.0789,0.0,0.0,0.0639,0.133333333,0.0882,0.0606,0.0714,0.225819665,470
k2851,0.0833,0.0,0.15,0.0,0.0,0.133333333,0.0882,0.0,0.0,0.428183635,1279
k1730,0.0,0.0263,0.1,0.555009686,0.122739401,0.233333333,0.0882,0.339454662,0.142857143,0.293386571,3082
k1019,0.0,0.0263,0.05,0.0,0.109585975,0.2,0.0882,0.108394293,0.166666667,0.279929013,352
k2149,0.0,0.0,0.0,0.0,0.0,0.1,0.0882,0.0,0.0,0.0928,2960
k0,0.0,0.0,0.2,0.0,0.127723812,0.4,0.235294118,0.237455304,0.0,0.210810327,2036
k1888,0.0,0.0,0.15,0.0,0.0685,0.133333333,0.0294,0.158757243,0.0238,0.317720218,192
k3127,0.0,0.0263,0.0,0.0,0.0933,0.1,0.0,0.0805,0.0,0.138607594,3418
k2698,0.0,0.0,0.0,0.0,0.0762,0.2,0.0294,0.0,0.0,0.130639613,1380
k2833,0.0,0.105263158,0.0,0.0,0.132385582,0.233333333,0.235294118,0.0688,0.0,0.0928,299
k1846,0.0,0.0,0.0,0.0,0.0,0.0333,0.0,0.0816,0.0952,0.301772969,57
k240,0.0,0.0,0.05,0.0,0.0639,0.1,0.0,0.121177023,0.0952,0.27639772,2154
k2494,0.0833,0.0263,0.15,0.0,0.00444,0.166666667,0.0588,0.253734952,0.0238,0.467160291,14
k708,0.0,0.0,0.65,0.492257239,0.0689,0.333333333,0.0,0.16159869,0.19047619,0.336254828,535
k3422,0.0,0.0,0.0,0.0,0.0639,0.0333,0.0,0.0857,0.214285714,0.312714535,478
k1275,0.0,0.0,0.2,0.0,0.0762,0.1,0.0,0.161066062,0.0,0.276902072,578
k1524,0.0,0.0,0.1,0.0,0.0,0.133333333,0.0588,0.0396,0.0,0.303307889,311
k1262,0.0,0.0,0.0,0.0,0.0,0.0667,0.0,0.0,0.0,0.312244793,2357
k1592,0.0,0.0263,0.0,0.0,0.0107,0.166666667,0.147058824,0.0,0.0714,0.187419331,3395
k3093,0.0,0.105263158,0.0,0.0,0.0,0.133333333,0.0,0.0,0.0,0.633710099,88
k226,0.0,0.0,0.0,0.0,0.0,0.0667,0.0294,0.095,0.0,0.130904368,795
k2998,0.0,0.0526,0.1,0.0,0.0975,0.166666667,0.0294,0.129406921,0.0,0.300195701,1601
k174,0.0,0.0,0.0,0.0,0.250463213,0.266666667,0.0882,0.200641943,0.0,0.180212083,2560
k3012,0.0,0.0526,0.0,0.0,0.0,0.166666667,0.147058824,0.0,0.0238,0.187419331,3307
k1394,0.0,0.0263,0.05,0.0,0.0173,0.0667,0.0,0.0,0.0476,0.28319655,2188
k1359,0.0,0.0,0.0,0.0,0.0,0.0667,0.0,0.0,0.0952,0.280295409,1499
k1393,0.0,0.0,0.05,0.0,0.0,0.0667,0.0,0.095,0.0238,0.400853354,560
k102,0.0,0.0,0.95,0.477809995,0.155745437,0.5,0.0,0.276053438,0.333333333,0.324531754,434
k793,0.0,0.0,0.0,0.0,0.0,0.133333333,0.0294,0.0,0.0,0.0928,2893
k2629,0.0,0.0,0.1,0.0,0.0639,0.133333333,0.0294,0.0396,0.0,0.130159715,3283
k545,0.0,0.0,0.0,0.0,0.0,0.0333,0.0,0.149858091,0.0238,0.287304311,1932
k2192,0.0833,0.0263,0.0,0.0,0.0,0.0667,0.0,0.0,0.0,0.412011743,998
k3196,0.0,0.0,0.0,0.0,0.0449,0.0667,0.0,0.0,0.0476,0.305047383,2812
k620,0.0,0.0,0.0,0.0,0.0,0.0333,0.0,0.0,0.0,0.227518469,2203
k1295,0.0,0.0,0.05,0.0,0.0,0.0333,0.0,0.0,0.0,0.292296127,1991
k2721,0.0,0.0,0.0,0.0,0.0294,0.0,0.0,0.0,0.0,0.145164167,2675
k2340,0.0,0.0263,0.05,0.0,0.0,0.1,0.0,0.0,0.0,0.263050725,325
k1269,0.0,0.0,0.0,0.0,0.0,0.0667,0.0,0.0,0.0,0.0928,1710
k1956,0.0833,0.0,0.2,0.0,0.0178,0.166666667,0.0588,0.206039546,0.0952,0.313574848,1243
k619,0.0,0.0263,0.0,0.0,0.0173,0.1,0.0,0.0,0.0,0.274310644,2737
k981,0.0,0.0,0.0,0.0,0.0,0.0667,0.0,0.0,0.0,0.273207318,2111
k679,0.0,0.0,0.1,0.0,0.0,0.1,0.0,0.158757243,0.0,0.30420272,688
k602,0.0,0.0526,0.0,0.0,0.640605098,0.533333333,0.0588,0.50116788,0.333333333,0.1477189,1272
k150,0.0,0.0,0.05,0.0,0.0,0.133333333,0.0,0.0,0.0714,0.221382807,2940
k396,0.166666667,0.0,0.0,0.0,0.0,0.0667,0.0,0.0,0.0,0.546344263,2646
k1453,0.0,0.0,0.0,0.0,0.0639,0.0667,0.0,0.0688,0.0,0.301772969,1793
k2707,0.0,0.0,0.1,0.0,0.0523,0.166666667,0.0294,0.12010891,0.0,0.252690834,133
k2133,0.0,0.0,0.05,0.0,0.0346,0.166666667,0.0,0.0396,0.0,0.253465653,2570
k2178,0.0,0.0,0.0,0.0,0.0,0.0667,0.0,0.0,0.0,0.279476323,3344
k871,0.0,0.0526,0.0,0.0,0.0213,0.133333333,0.0,0.0,0.0,0.274143813,3086
k2335,0.0,0.0,0.0,0.0,0.0,0.0,0.0,0.0,0.0,0.301772969,3222
k1022,0.0833,0.0263,0.05,0.0,0.0173,0.1,0.0,0.0,0.0,0.306993184,2263
k984,0.0,0.0,0.05,0.0,0.0468,0.0,0.0,0.0,0.0,0.277822667,1540
k820,0.0,0.0526,0.0,0.0,0.0639,0.1,0.0,0.0688,0.0,0.352495309,278
k3124,0.0833,0.0526,0.0,0.0,0.0812,0.166666667,0.0294,0.0688,0.0,0.275924908,2821
k2420,0.0,0.0,0.05,0.0,0.0,0.1,0.0588,0.155566241,0.142857143,0.301772969,1829
k617,0.0,0.0,0.0,0.0,0.0,0.0333,0.0,0.0,0.0952,0.314489469,702
k2031,0.0,0.0,0.05,0.0,0.0,0.0667,0.0,0.0606,0.0238,0.308984039,1383
k324,0.0,0.0263,0.05,0.0,0.0173,0.0667,0.0,0.0,0.0,0.281421325,3062
k1100,0.0,0.0,0.1,0.0,0.0,0.2,0.117647059,0.158757243,0.0952,0.240755604,1244
k1246,0.0,0.0263,0.2,0.0,0.0,0.233333333,0.0882,0.317514491,0.0952,0.168224403,484
k764,0.0,0.0,0.65,0.492257239,0.0689,0.333333333,0.0882,0.16159869,0.19047619,0.343113794,3184
k472,0.0,0.0,0.2,0.0,0.0,0.0333,0.0,0.0723,0.0476,0.222278038,190
k62,0.0,0.0,0.1,0.0,0.0,0.1,0.0588,0.158757243,0.0476,0.301458453,2949
k1054,0.0,0.0,0.1,0.0,0.0294,0.1,0.0588,0.0805,0.0238,0.265514185,2267
k3217,0.0,0.0,0.0,0.0,0.0,0.0667,0.0,0.0,0.0,0.174560036,3113
k564,0.166666667,0.0526,0.0,0.0,0.0812,0.166666667,0.0294,0.0688,0.0,0.43469778,3021
k2020,0.0,0.0,0.0,0.0,0.245880083,0.0,0.0,0.0,0.0,0.0928,1711
k106,0.0,0.0,0.0,0.0,0.0641,0.133333333,0.0588,0.362897235,0.142857143,0.168682273,2549
k1422,0.0,0.0,0.1,0.0,0.0178,0.1,0.0,0.0473,0.119047619,0.296180478,2420
k211,0.0833,0.0,0.0,0.0,0.0,0.1,0.0,0.209914839,0.0952,0.298776594,2895
k2498,0.0,0.0526,0.4,0.0,0.280102618,0.4,0.117647059,0.322132125,0.0,0.19229258,893
k1532,0.0,0.0,0.0,0.0,0.0,0.166666667,0.0,0.0909,0.0476,0.155997456,1375
k461,0.0,0.0,0.0,0.0,0.0107,0.1,0.0588,0.0,0.0,0.218974886,1080
k3219,0.0,0.0263,0.0,0.0,0.0,0.0667,0.0,0.0,0.0,0.16306409,999
k1917,0.0,0.0263,0.0,0.0,0.0,0.0667,0.0,0.0,0.0,0.294307706,3072
k37,0.0,0.0263,0.0,0.0,0.0933,0.133333333,0.0,0.0805,0.0,0.138607567,2061
k653,0.0,0.0,0.1,0.0,0.0,0.1,0.0588,0.158757243,0.0476,0.274693407,1669
k2371,0.0,0.105263158,0.0,0.0,0.0745,0.166666667,0.117647059,0.0688,0.0,0.187419331,2402
k309,0.0,0.0,0.05,0.0,0.0488,0.0667,0.0,0.0,0.0,0.426020514,1860
k782,0.0,0.0,0.0,0.0,0.0639,0.133333333,0.0294,0.21044661,0.0714,0.268182291,1954
k329,0.0,0.0263,0.0,0.0,0.123325174,0.133333333,0.0,0.288846533,0.0952,0.286938247,951
k979,0.0,0.0,0.0,0.0,0.127723812,0.133333333,0.0588,0.1001644,0.0,0.175517315,2961
k772,0.0,0.0,0.0,0.0,0.116628435,0.0333,0.0,0.124220244,0.0,0.301772969,2908
k3354,0.0,0.0,0.2,0.0,0.0589,0.266666667,0.0,0.161066062,0.0952,0.114902698,1683
k1540,0.0833,0.0,0.15,0.0,0.0,0.133333333,0.0,0.0,0.0,0.45583841,1715
k608,0.0,0.0,0.1,0.0,0.0173,0.2,0.0588,0.158757243,0.0714,0.187419331,2137
k1034,0.0,0.0263,0.15,0.0,0.0834,0.1,0.0,0.18374064,0.0,0.23212467,2058
k1900,0.0,0.0,0.25,0.0,0.023,0.2,0.0882,0.212623473,0.0238,0.218298718,1990
k2782,0.0,0.0,0.0,0.0,0.0,0.0667,0.0,0.0,0.0,0.273205482,1576
k1585,0.0,0.0263,0.0,0.0,0.0,0.166666667,0.0,0.0,0.0,0.119816639,1030
k2411,0.0,0.0,0.0,0.0,0.0,0.0,0.0,0.0,0.0,0.295992675,268
k816,0.0,0.0,0.0,0.0,0.0,0.0333,0.0,0.0,0.0,0.304188521,1182
k2905,0.0,0.0,0.0,0.0,0.219180977,0.2,0.117647059,0.189995445,0.119047619,0.251664301,1657
k1717,0.0,0.0263,0.1,0.0,0.0,0.0667,0.0,0.0396,0.0,0.301772969,58
k229,0.0,0.0,0.0,0.0,0.201137402,0.133333333,0.0,0.205325011,0.0,0.0928,660
k167,0.0,0.184210526,0.0,0.555452853,0.524187042,0.666666667,0.411764706,0.409582049,0.142857143,0.0928,1406
k2656,0.0,0.0789,0.0,0.0,0.0,0.133333333,0.0,0.0,0.0,0.0928,1581
k2223,0.0,0.0526,0.0,0.0,0.0639,0.1,0.0,0.0688,0.0,0.256101192,1985
k2029,0.0,0.0,0.2,0.0,0.0458,0.133333333,0.0,0.0539,0.0,0.23212467,1578
k974,0.0,0.0,0.0,0.0,0.0173,0.1,0.0,0.0,0.0,0.102773043,3122
k884,0.0,0.0,0.0,0.0,0.0933,0.1,0.0,0.0688,0.0,0.118778618,3223
k1157,0.0,0.0,0.05,0.0,0.0173,0.1,0.0,0.0513,0.0,0.290487069,2436
k2499,0.0,0.0263,0.0,0.0,0.0744,0.1,0.0,0.174916916,0.0952,0.308153794,401
k1375,0.0,0.0,0.0,0.0,0.0,0.133333333,0.0,0.0,0.0476,0.0928,2671
k2186,0.0,0.0263,0.0,0.0,0.0,0.0667,0.0,0.0,0.0,0.0928,1879
k2293,0.0833,0.0526,0.0,0.0,0.0639,0.133333333,0.0,0.21044661,0.0476,0.291115572,2484
k2766,0.0,0.0,0.1,0.0,0.0,0.166666667,0.0,0.158757243,0.0238,0.259274666,1681
k1419,0.333333333,0.0526,0.1,0.0,0.0,0.2,0.205882353,0.189955427,0.0952,0.688511895,511
k2735,0.0,0.0,0.0,0.0,0.157162553,0.133333333,0.0,0.12010891,0.0,0.175772981,2230
k2986,0.0,0.0,0.1,0.0,0.0,0.1,0.0588,0.158757243,0.0,0.27958223,1489
k3198,0.0,0.0,0.1,0.0,0.0,0.1,0.0588,0.0688,0.0,0.326861541,2928
k1164,0.0,0.0263,0.1,0.0,0.0294,0.1,0.0,0.0805,0.0,0.301772969,907
k3315,0.0,0.0,0.0,0.0,0.0639,0.0667,0.0,0.0606,0.0476,0.270610217,2396
k633,0.0,0.210526316,0.0,0.0,0.697278826,0.633333333,0.235294118,0.28046032,0.0,0.125583942,1312
k265,0.0,0.0,0.0,0.0,0.0,0.0,0.0,0.0,0.0476,0.295518059,1942
k2976,0.416666667,0.0789,0.0,0.0,0.0,0.166666667,0.0294,0.0,0.0,0.680900669,3132
k2348,0.0,0.0,0.05,0.0,0.0,0.0333,0.0,0.0396,0.0,0.301772969,725
k3260,0.0,0.0,0.0,0.0,0.0,0.1,0.0294,0.0,0.0,0.284205576,570
k284,0.0,0.0,0.15,0.0,0.0933,0.166666667,0.0,0.0805,0.166666667,0.295179864,673
k732,0.0,0.0,0.0,0.0,0.0,0.0667,0.0,0.0,0.0,0.281659079,2587
k1449,0.0,0.0263,0.0,0.0,0.116628435,0.0667,0.0,0.124220244,0.0,0.172385859,1465
k319,0.0,0.0,0.0,0.0,0.265665936,0.166666667,0.0,0.253627166,0.0952,0.298451291,1246
k2690,0.0,0.0,0.0,0.0,0.47548779,0.466666667,0.0,0.377859411,0.0,0.19198036,986
k631,0.0,0.0,0.05,0.513301341,0.127723812,0.133333333,0.0588,0.27103511,0.0714,0.341427788,2099
k882,0.0,0.0,0.0,0.0,0.138380662,0.166666667,0.0294,0.276249378,0.0238,0.281351035,2929
k623,0.0,0.0,0.0,0.0,0.0,0.0,0.0,0.0,0.0,0.249849434,439
k2892,0.0,0.0,0.0,0.0,0.0,0.0667,0.0,0.0816,0.0714,0.38227455,379
k3171,0.0,0.0,0.0,0.0,0.186601296,0.133333333,0.0,0.161066062,0.0,0.0928,2970
k3413,0.0,0.0526,0.0,0.0,0.115797604,0.166666667,0.0294,0.0688,0.0,0.126923089,1018
k1237,0.0,0.0,0.0,0.0,0.157162553,0.1,0.0294,0.149351441,0.0,0.186584337,487
k2726,0.0,0.0,0.0,0.0,0.0639,0.0667,0.0,0.0805,0.0,0.286404563,2
k1948,0.0,0.0,0.05,0.0,0.0275,0.1,0.0,0.0773,0.0,0.356072477,2490
k765,0.166666667,0.0,0.9,0.513250693,0.0919,0.533333333,0.176470588,0.21546492,0.428571429,0.365765956,2609
k2621,0.0,0.0,0.0,0.0,0.0639,0.1,0.0,0.0396,0.0,0.0928,997
k1470,0.0,0.0,0.0,0.0,0.0,0.0667,0.0,0.0,0.0,0.319056838,835
k1604,0.0,0.0526,0.0,0.0,0.0,0.133333333,0.0588,0.0,0.0,0.112444411,1260
k3123,0.0,0.0263,0.0,0.0,0.0,0.0667,0.0,0.146842457,0.0,0.130815083,76
k669,0.0,0.0,0.0,0.0,0.0639,0.133333333,0.0,0.0606,0.0238,0.117393356,620
k670,0.0,0.0,0.3,0.0,0.0,0.266666667,0.0,0.0,0.0,0.18145365,593
k3384,0.0,0.0263,0.05,0.0,0.219180977,0.233333333,0.117647059,0.189995445,0.19047619,0.274394034,2509
k3111,0.0,0.0,0.0,0.0,0.108784636,0.0667,0.0,0.0688,0.0,0.279107998,2659
k1973,0.0,0.0,0.0,0.348493865,0.0639,0.1,0.0,0.130389342,0.0,0.172851075,3205
k66,0.0,0.0,0.3,0.486002254,0.0,0.166666667,0.0588,0.137636815,0.0476,0.34956606,2732
k1350,0.0,0.0263,0.0,0.0,0.0639,0.0667,0.0,0.0606,0.0952,0.217436717,1855
k196,0.0,0.0,0.0,0.0,0.0,0.0333,0.0,0.0,0.0,0.279197435,204
k1914,0.0,0.0,0.0,0.0,0.127723812,0.133333333,0.0588,0.1001644,0.0238,0.157843048,3029
k137,0.0,0.0,0.1,0.0,0.0639,0.1,0.0,0.141121548,0.0714,0.279299608,151
k1451,0.0,0.0,0.1,0.0,0.0178,0.133333333,0.0882,0.0473,0.0238,0.246918702,1583
k2155,0.0,0.0,0.1,0.0,0.0,0.133333333,0.0882,0.0688,0.0,0.316889546,2622
k1378,0.0,0.0,0.0,0.0,0.0,0.133333333,0.0294,0.146842457,0.0,0.0928,3152
k169,0.166666667,0.0,0.0,0.0,0.183303381,0.166666667,0.0294,0.129406921,0.0952,0.341413703,2771
k525,0.0,0.0,0.05,0.0,0.0244,0.0667,0.0,0.0919,0.0714,0.301772969,1488
k2234,0.0,0.105263158,0.0,0.0,0.138380662,0.3,0.0882,0.129406921,0.0238,0.40107943,2505
k1853,0.25,0.0,0.15,0.518100206,0.0761,0.2,0.0294,0.281351036,0.19047619,0.37032427,130
k1700,0.0,0.0263,0.0,0.0,0.0933,0.166666667,0.0588,0.330360965,0.0476,0.378233107,3289
k1612,0.0,0.0,0.0,0.0,0.0,0.133333333,0.0,0.163202285,0.0,0.464674335,1444
k735,0.0,0.0526,0.2,0.0,0.0,0.2,0.0,0.161066062,0.0,0.329581714,2190
k2775,0.0,0.0,0.05,0.0,0.0,0.0667,0.0,0.095,0.0238,0.301772969,1646
k103,0.0,0.0,0.1,0.0,0.0294,0.0,0.0,0.0,0.0,0.292851446,179
k1521,0.0,0.0,0.95,0.478430429,0.0919,0.466666667,0.0882,0.21546492,0.357142857,0.344397093,2353
k1096,0.0,0.0,0.1,0.0,0.0,0.0667,0.0,0.0396,0.0,0.278680533,501
k856,0.0,0.105263158,0.05,0.0,0.0294,0.2,0.117647059,0.0,0.0,0.0928,1801
k3172,0.0,0.0,0.1,0.642110994,0.0685,0.0333,0.0,0.0313,0.214285714,0.301772969,771
k972,0.0,0.0,0.0,0.0,0.209420587,0.1,0.0294,0.229884474,0.0,0.235637822,1345
k2893,0.0,0.0,0.1,0.537396964,0.0,0.1,0.0,0.0,0.0476,0.272684639,1983
k1221,0.0,0.0526,0.0,0.0,0.0639,0.166666667,0.0,0.0688,0.0,0.207824719,1363
k2100,0.0,0.0,0.05,0.0,0.0695,0.133333333,0.0294,0.121490181,0.0952,0.253923113,3235
k537,0.0,0.0,0.0,0.0,0.0,0.1,0.0294,0.0,0.0,0.283150157,2378
k1415,0.0,0.0,0.0,0.0,0.145035704,0.233333333,0.0294,0.108394293,0.0,0.195573449,1637
k3143,0.0,0.0,0.0,0.0,0.0,0.0333,0.0,0.0,0.0,0.283672473,1629
k205,0.0,0.0,0.0,0.0,0.0,0.1,0.0,0.0,0.0,0.0928,2281
k450,0.0,0.0,0.0,0.0,0.0,0.0667,0.0294,0.0,0.0,0.161043315,3335
k2280,0.25,0.0526,0.0,0.0,0.127723812,0.2,0.0294,0.129406921,0.0,0.408240995,1958
k1653,0.0,0.0,0.1,0.0,0.0,0.0667,0.0,0.158757243,0.0952,0.328011468,1684
k30,0.0,0.0789,0.0,0.0,0.127924452,0.166666667,0.0588,0.108394293,0.0,0.205775985,2589
k2569,0.0,0.105263158,0.0,0.0,0.0222,0.133333333,0.0,0.0215,0.0,0.842297919,3233
k1794,0.0,0.0,0.0,0.0,0.0,0.0667,0.0,0.0524,0.0714,0.257776971,1422
k1336,0.0,0.0526,0.0,0.0,0.539265268,0.6,0.0882,0.436339691,0.0238,0.170420348,2640
k67,0.0,0.105263158,0.0,0.0,0.706123172,0.566666667,0.0588,0.535557107,0.333333333,0.147718907,3337
k1668,0.0,0.0,0.0,0.0,0.0,0.0,0.0,0.0,0.0,0.292516301,3107
k824,0.0,0.0,0.0,0.0,0.0,0.1,0.0,0.0,0.0714,0.0928,2033
k2201,0.0,0.0,0.0,0.0,0.0,0.133333333,0.0588,0.0,0.0476,0.301772969,2139
k2602,0.0,0.105263158,0.0,0.0,0.0639,0.133333333,0.0,0.0688,0.0,0.163231703,425
k2150,0.0,0.0,0.1,0.0,0.0178,0.133333333,0.0588,0.128883455,0.142857143,0.301498209,3037
k2915,0.0,0.210526316,0.0,0.0,0.551318819,0.666666667,0.264705882,0.275273629,0.0,0.123298824,322
k2416,0.166666667,0.0526,0.0,0.0,0.0639,0.133333333,0.0,0.0606,0.0,0.399569081,864
k3084,0.0,0.0,0.2,0.0,0.0823,0.166666667,0.0,0.0911,0.0,0.301772969,1507
k1882,0.0,0.0,0.05,0.0,0.0933,0.0667,0.0,0.15036718,0.0238,0.290366703,3384
k2756,0.0,0.0526,0.05,0.0,0.132385582,0.1,0.0,0.0606,0.0,0.28418925,2059
k233,0.0833,0.0526,0.2,0.0,0.0451,0.333333333,0.0882,0.146923246,0.0952,0.381660163,758
k2308,0.0,0.0,0.25,0.0,0.0589,0.1,0.0,0.161066062,0.0,0.277082168,1004
k6,0.0,0.0263,0.0,0.0,0.0975,0.166666667,0.0588,0.194548273,0.0714,0.217431044,1796
k163,0.0,0.0789,0.0,0.0,0.0,0.133333333,0.0588,0.0,0.0,0.680309297,2222
k1733,0.0,0.0,0.0,0.0,0.0,0.0667,0.0,0.0524,0.119047619,0.27475124,2389
k75,0.25,0.0526,0.0,0.0,0.0,0.133333333,0.0588,0.0,0.0,0.594984505,1157
k271,0.166666667,0.0,0.05,0.0,0.0,0.1,0.0882,0.095,0.0238,0.550264646,3033
k2376,0.0,0.0,0.1,0.0,0.138380662,0.266666667,0.0294,0.376313824,0.333333333,0.299581989,1720
k2364,0.0,0.0,0.1,0.0,0.0294,0.1,0.0,0.0805,0.0,0.301772969,1559
k299,0.0,0.0,0.1,0.0,0.0523,0.1,0.0588,0.12010891,0.0,0.292709248,3041
k2950,0.0,0.0,0.1,0.0,0.11061255,0.1,0.0,0.235031152,0.0,0.208513251,2657
k1563,0.0,0.0,0.05,0.526051889,0.127723812,0.133333333,0.0,0.27103511,0.0714,0.338889184,2968
k534,0.0833,0.0,0.05,0.0,0.0933,0.166666667,0.0588,0.187225373,0.0714,0.301772969,550
k1697,0.0,0.0526,0.0,0.0,0.0,0.1,0.0,0.0,0.0,0.0928,2681
k1057,0.0,0.0,0.0,0.0,0.0294,0.1,0.0,0.0913,0.0,0.498674773,1419
k2419,0.0,0.0,0.4,0.517251858,0.0909,0.266666667,0.0,0.178654329,0.0952,0.335333538,510
k1301,0.0833,0.0,0.0,0.0,0.0,0.0333,0.0,0.0,0.0,0.410022775,3078
k1011,0.166666667,0.0,0.0,0.0,0.0,0.0667,0.0,0.0234,0.0,0.575896733,763
k2352,0.0,0.0,0.05,0.0,0.0,0.0,0.0,0.0,0.0714,0.300788359,1993
k1239,0.0,0.0,0.0,0.0,0.0,0.0667,0.0,0.0,0.0,0.258168768,642
k3175,0.0,0.0,0.2,0.0,0.0639,0.266666667,0.0588,0.200641943,0.0,0.225183248,367
k1964,0.25,0.0526,0.0,0.0,0.127723812,0.166666667,0.0588,0.121177023,0.0,0.423633235,195
k2161,0.0,0.0789,0.0,0.0,0.191786358,0.2,0.0882,0.12010891,0.0,0.188531356,1411
k2876,0.0,0.0526,0.0,0.0,0.0745,0.133333333,0.0,0.0688,0.0238,0.331595969,2183
k2418,0.0,0.0,0.0,0.466161034,0.138380662,0.166666667,0.0588,0.248440489,0.0714,0.0928,2120
k3105,0.0,0.0,0.0,0.0,0.0918,0.166666667,0.0,0.0606,0.0714,0.22318707,1381
k2347,0.0,0.105263158,0.05,0.0,0.0933,0.2,0.235294118,0.187225373,0.0714,0.264750246,1656
k817,0.0,0.0526,0.2,0.0,0.0173,0.133333333,0.0,0.0,0.0,0.273222606,709
k3025,0.0,0.0789,0.0,0.0,0.0639,0.2,0.0294,0.0688,0.0,0.0928,3412
k699,0.0,0.0,0.0,0.0,0.0,0.166666667,0.117647059,0.0,0.0238,0.286294041,64
k234,0.0,0.0,0.0,0.0,0.119441486,0.0667,0.0,0.0688,0.0476,0.291199262,2138
k100,0.0,0.0,0.1,0.532142269,0.0,0.0667,0.0294,0.0,0.0476,0.29437838,594
k1573,0.0,0.0,0.2,0.0,0.0294,0.0667,0.0,0.0,0.0476,0.275742706,2534
k1828,0.0,0.0263,0.0,0.0,0.157162553,0.133333333,0.0588,0.12010891,0.0,0.305607618,2763
k193,0.0,0.0,0.3,0.506375274,0.023,0.133333333,0.0,0.0539,0.119047619,0.31190998,2169
k2846,0.0833,0.105263158,0.1,0.0,0.0639,0.2,0.0,0.108394293,0.0,0.301772969,625
k3333,0.0,0.105263158,0.0,0.0,0.127723812,0.133333333,0.0,0.137636815,0.0,0.253740849,817
k1549,0.0,0.0,0.05,0.0,0.0,0.133333333,0.0,0.0,0.0714,0.192791865,2626
k19,0.0,0.0,0.0,0.0,0.252864088,0.2,0.0294,0.206415218,0.0,0.1225533,1930
k2527,0.0,0.0,0.05,0.0,0.0449,0.166666667,0.0588,0.104717232,0.166666667,0.401582692,1224
k2058,0.0,0.0,0.15,0.0,0.0,0.133333333,0.0,0.0,0.0,0.40107943,3428
k2061,0.0,0.0,0.0,0.0,0.0,0.0667,0.0,0.0,0.0,0.301772969,2768
k1796,0.0,0.0,0.1,0.0,0.0,0.0333,0.0,0.0396,0.0,0.277259797,2305
k2732,0.0,0.0,0.0,0.0,0.0,0.133333333,0.0,0.0,0.0,0.10549084,1693
k609,0.0833,0.0,0.0,0.0,0.0639,0.1,0.0,0.0688,0.0,0.301772969,492
k567,0.0,0.0263,0.0,0.0,0.0814,0.133333333,0.0294,0.397286444,0.142857143,0.168739828,16
k3381,0.0,0.0,0.0,0.0,0.0173,0.133333333,0.117647059,0.0,0.0,0.122070016,710
k650,0.0,0.0,0.1,0.0,0.0,0.0667,0.0,0.158757243,0.0952,0.324746275,2905
k1430,0.0,0.0,0.0,0.0,0.0,0.0667,0.0294,0.0,0.0,0.105522605,2009
k1879,0.0,0.0,0.0,0.0,0.0,0.133333333,0.176470588,0.0,0.0,0.405257885,506
k2577,0.0833,0.0,0.1,0.0,0.0,0.1,0.0588,0.0688,0.0,0.400846582,2591
k919,0.0,0.0,0.0,0.0,0.0,0.0333,0.0,0.149858091,0.0476,0.286099341,2336
k2705,0.0,0.0,0.1,0.0,0.0294,0.266666667,0.176470588,0.0792,0.0,0.140942506,868
k3226,0.0,0.0,0.0,0.431201489,0.294695207,0.333333333,0.0882,0.575240091,0.238095238,0.209758512,137
k54,0.0,0.0,0.05,0.0,0.0173,0.233333333,0.0,0.0396,0.0476,0.183088029,2365
k2605,0.0,0.0,0.0,0.0,0.0,0.1,0.0294,0.104717232,0.5,0.287466672,246
k697,0.416666667,0.157894737,0.0,0.0,0.0,0.2,0.176470588,0.0,0.0,0.974046478,1309
k2441,0.0,0.0526,0.0,0.0,0.119441486,0.1,0.0,0.0688,0.0476,0.30425459,718
k2738,0.0,0.0789,0.0,0.342479456,0.0582,0.166666667,0.0588,0.0,0.0476,0.129895128,2647
k3061,0.0,0.0,0.0,0.0,0.0468,0.166666667,0.0588,0.101545657,0.0238,0.225015165,1905
k3380,0.0,0.0,0.0,0.0,0.0639,0.1,0.0,0.235031152,0.0,0.211600794,1617
k156,0.0,0.0,0.05,0.0,0.0107,0.1,0.0,0.0,0.0952,0.255138435,2340
k181,0.0,0.0,0.0,0.0,0.138380662,0.166666667,0.0,0.129406921,0.0476,0.281349116,2471
k2323,0.0,0.0,0.1,0.0,0.0178,0.166666667,0.0294,0.120653562,0.119047619,0.222633617,2310
k312,0.0,0.0263,0.0,0.0,0.0173,0.133333333,0.0,0.0,0.0,0.103665374,159
k2148,0.0,0.0,0.1,0.0,0.0468,0.0333,0.0,0.0396,0.0,0.301772969,852
k961,0.0,0.0,0.0,0.0,0.11061255,0.133333333,0.0882,0.0805,0.0,0.102755734,2167
k896,0.0,0.0263,0.0,0.0,0.0639,0.1,0.0,0.0606,0.0238,0.301772969,252
k93,0.0,0.0,0.0,0.0,0.0933,0.0333,0.0,0.0805,0.0,0.149647782,3399
k1446,0.0,0.0,0.0,0.0,0.221225102,0.2,0.147058824,0.161066062,0.0,0.0928,2896
k2666,0.0,0.0263,0.1,0.0,0.0178,0.166666667,0.0,0.135486902,0.0476,0.221828645,3365
k1727,0.0,0.0,0.0,0.0,0.0,0.0333,0.0,0.0,0.0,0.292463031,1975
k1640,0.0,0.0526,0.0,0.0,0.0,0.1,0.0,0.0,0.0,0.187419331,2026
k2007,0.0,0.0526,0.0,0.0,0.238336351,0.366666667,0.117647059,0.1596848,0.0,0.12006167,1590
k225,0.0833,0.0,0.15,0.0,0.0,0.0333,0.0,0.0422,0.0238,0.370707261,335
k1838,0.0,0.0,0.25,0.0,0.0294,0.1,0.0,0.239290267,0.0,0.293749721,2027
k967,0.0,0.0,0.0,0.0,0.0173,0.133333333,0.0,0.0606,0.0476,0.24528469,2182
k921,0.0,0.0,0.1,0.0,0.0107,0.166666667,0.0588,0.0606,0.142857143,0.283855298,1262
k2765,0.0,0.0,0.0,0.0,0.0,0.0667,0.0,0.0524,0.0952,0.257673325,2418
k432,0.0,0.0,0.0,0.0,0.0639,0.1,0.0,0.0606,0.0476,0.301772969,128
k1159,0.0,0.0,0.05,0.0,0.0,0.0667,0.0,0.0396,0.0238,0.301772969,2583
k2172,0.0,0.0,0.0,0.0,0.0294,0.0667,0.0,0.0,0.0,0.117393356,426
k1135,0.0,0.105263158,0.1,0.0,0.0,0.133333333,0.0294,0.0843,0.0,0.27670259,1214
k494,0.0,0.0,0.0,0.0,0.00743,0.0333,0.0,0.0,0.0,0.273013219,2799
k1286,0.25,0.0526,0.0,0.0,0.0,0.1,0.0294,0.0,0.0,0.635858265,373
k3349,0.0,0.0,0.0,0.0,0.0,0.1,0.0294,0.0,0.0476,0.124358482,1142
k263,0.0,0.0,0.3,0.0,0.0,0.233333333,0.0882,0.147970174,0.0,0.325974706,1250
k2974,0.0,0.0,0.05,0.0,0.0,0.166666667,0.0,0.0,0.142857143,0.192621061,2887
k68,0.333333333,0.105263158,0.0,0.0,0.0,0.166666667,0.117647059,0.0,0.0,0.680642565,3301
k986,0.0,0.0,0.25,0.0,0.023,0.233333333,0.147058824,0.122684642,0.0,0.359986201,3357
k2917,0.0,0.0,0.0,0.0,0.346164753,0.233333333,0.0294,0.286948261,0.0,0.0928,274
k943,0.0,0.105263158,0.0,0.0,0.0776,0.3,0.352941176,0.0639,0.0,0.595281493,2419
k643,0.166666667,0.0263,0.0,0.0,0.0,0.1,0.0294,0.0,0.0,0.485926805,1740
k32,0.0,0.0,0.0,0.0,0.157162553,0.1,0.0294,0.149351441,0.0,0.18391963,162
k243,0.0,0.0789,0.0,0.0,0.0173,0.133333333,0.0588,0.0,0.0,0.10145353,1306
k2889,0.0,0.0263,0.0,0.0,0.307497232,0.266666667,0.0882,0.323200238,0.238095238,0.252518869,1925
k588,0.0,0.0,0.3,0.0,0.0459,0.2,0.0,0.119447081,0.0,0.328666678,589
k3326,0.0,0.0526,0.0,0.0,0.186601296,0.133333333,0.0,0.161066062,0.0,0.0928,915
k3026,0.0,0.0,0.0,0.0,0.0,0.0,0.0,0.0,0.0,0.295364784,1541
k2547,0.0,0.0,0.0,0.0,0.0,0.0667,0.0,0.0,0.0952,0.352139689,1460
k2561,0.0,0.0,0.05,0.0,0.0883,0.0667,0.0,0.132450142,0.0,0.118002245,2742
k2070,0.0833,0.0,0.0,0.0,0.0639,0.1,0.0,0.21044661,0.0714,0.296177408,563
k83,0.0,0.0526,0.1,0.0,0.0863,0.1,0.0,0.0473,0.0714,0.295702917,1754
k386,0.0,0.0,0.1,0.0,0.0178,0.2,0.0588,0.349244946,0.142857143,0.302273535,182
k292,0.0,0.0,0.0,0.541841296,0.0898,0.166666667,0.0882,0.231980702,0.261904762,0.149066744,1096
k1000,0.0,0.0263,0.0,0.0,0.0,0.166666667,0.0,0.0,0.0714,0.196935845,2429
k581,0.0,0.0,0.0,0.3698925,0.109932291,0.133333333,0.0,0.245397268,0.0,0.34936021,3311
k1946,0.0,0.0,0.0,0.0,0.0933,0.133333333,0.0588,0.0805,0.0,0.146811277,3367
k2650,0.0,0.0526,0.0,0.0,0.221225102,0.2,0.0588,0.188927312,0.0,0.243036674,1482
k2309,0.0,0.0,0.0,0.0,0.127723812,0.133333333,0.0,0.137636815,0.0,0.170358933,9
