Key_2_9,D15,D119,D556,D14,D67,D948,D186,D453,D416,D198,Key_3_28
k1864,0.682798251,0.0,0.0,0.130901913,0.314434317,0.0,0.0628,0.0,0.0,0.0,3160
k1706,0.65836664,0.0,0.0,0.0677,0.286748747,0.0,0.0628,0.0,0.0,0.0,2962
k59,0.549107393,0.0,0.0,0.144464269,0.130340334,0.0,0.0628,0.0,0.0,0.0,364
k1252,0.361678781,0.0,0.0,0.100786124,0.126810292,0.0,0.475553464,0.0,0.0938,0.408630885,1264
k1910,0.497981437,0.0,0.0,0.101568427,0.103638676,0.0,0.488841086,0.0,0.25,0.0,3285
k147,0.572295769,0.0,0.0,0.0895,0.158218692,0.0,0.0628,0.0,0.0,0.0,1733
k2813,0.501187935,0.0,0.0,0.1657886,0.104272273,0.0,0.0628,0.0,0.0,0.477143507,196
k2455,0.362006635,0.0,0.0,0.0662,0.232892827,0.0,0.0628,0.0,0.0,0.295883557,1019
k3150,0.507920506,0.0,0.0,0.0965,0.234612624,0.0,0.0628,0.0,0.0,0.0,26
k1843,0.574098166,0.0,0.0,0.104416789,0.241853733,0.0,0.0628,0.0,0.0,0.0,2533
k2657,0.51406526,0.0,0.0,0.165429108,0.0,0.0,0.0628,0.0,0.0,0.346258813,2788
k240,0.541157014,0.0,0.0,0.110332461,0.0836,0.0,0.0628,0.0,0.0,0.331874005,1956
k1074,0.548570038,0.0,0.0667,0.151219633,0.160028973,0.0,0.0628,0.0,0.0,0.0,1936
k1557,0.431947343,0.0,0.0,0.138872994,0.0782,0.0,0.0628,0.0,0.0,0.296736411,1941
k1015,0.593241536,0.0,0.0,0.0963,0.155774794,0.0,0.0628,0.0,0.0938,0.0,3180
k2153,0.448259945,0.097,0.0,0.091,0.261857364,0.0,0.0628,0.0,0.125,0.276381624,2947
k359,0.504904682,0.0,0.0,0.0721,0.208544548,0.0,0.0628,0.0,0.25,0.34836252,2140
k1769,0.503546733,0.0,0.0,0.0697,0.208544548,0.0,0.0628,0.0,0.0,0.318967478,3231
k2841,0.542830584,0.747160314,0.0,0.11080122,0.182476472,0.0,0.0628,0.0,0.0,0.433704799,109
k1924,0.504904585,0.0,0.0,0.0874,0.208544548,0.0,0.0628,0.0,0.25,0.353309074,1471
k567,0.361673287,0.0,0.0,0.096,0.205557575,0.0,0.511360581,0.0,0.21875,0.316579486,2367
k258,0.362001829,0.0,0.0,0.193446121,0.124110608,0.0,0.0628,0.0,0.0313,0.0,2456
k333,0.334846673,0.0,0.0,0.0777,0.130340334,0.0,0.0628,0.0,0.0,0.0,230
k1938,0.50081605,0.0,0.0,0.0958,0.208544548,0.0,0.0628,0.0,0.25,0.445133045,2375
k793,0.596278068,0.0,0.0,0.0754,0.130340334,0.0,0.0628,0.0,0.0,0.318569479,2504
k999,0.627206531,0.0,0.0,0.133712818,0.312816823,0.0,0.0628,0.0,0.125,0.437286786,3006
k2984,0.571764096,0.0,0.0,0.208510406,0.0782,0.0,0.0628,0.0,0.0,0.0,25
k429,0.521429512,0.0,0.0,0.156540664,0.0782,0.0,0.0628,0.0938,0.0625,0.355924494,63
k1773,0.584566888,0.0,0.0,0.155342247,0.104272273,0.0,0.0628,0.0,0.0,0.0,172
k321,0.61309594,0.0,0.0,0.546269157,0.0,0.0,0.0628,0.0,0.0,0.0,2005
k1578,0.361975332,0.0,0.0,0.150298843,0.253620587,0.0,0.0628,0.0,0.0,0.0,2553
k2652,0.544252311,0.0,0.0,0.0886,0.107892833,0.0,0.0628,0.0,0.0,0.291221287,614
k1061,0.347514744,0.0,0.0,0.101307412,0.130340334,0.0,0.0628,0.0,0.0625,0.0,2638
k1380,0.361210082,0.0,0.0,0.123251351,0.298696597,0.0,0.0628,0.0,0.0,0.0,3379
k2693,0.361959539,0.0,0.0,0.103020409,0.205014485,0.0,0.0628,0.0,0.0,0.0,2605
k142,0.65642699,0.0,0.0,0.0615,0.208544548,0.0,0.0628,0.0,0.0,0.0,3083
k113,0.431914182,0.0,0.0,0.0918,0.18184287,0.0,0.0628,0.0,0.1875,0.330054583,2872
k1327,0.61572045,0.0,0.0,0.0703,0.155774794,0.0,0.0628,0.0,0.0938,0.0,2408
k2333,0.498946749,0.0,0.0,0.0954,0.104272273,0.0,0.0628,0.0,0.0,0.0,213
k1263,0.362099696,0.0,0.0,0.105318147,0.205014485,0.0,0.0628,0.0,0.0,0.0,3048
k389,0.539129945,0.791047797,0.0,0.247767728,0.104272273,0.0,0.0628,0.0,0.0,0.0,2356
k837,0.559810985,0.0,0.0,0.373720575,0.0,0.0,0.0628,0.0,0.0,0.211507846,238
k1625,0.574180096,0.0,0.0,0.122362158,0.208544548,0.0,0.0628,0.0,0.0,0.0,1074
k192,0.573652874,0.0,0.0,0.190767622,0.104272273,0.0,0.0628,0.0,0.0,0.0,2124
k1857,0.384920763,0.42755531,0.0,0.159059399,0.158218692,0.0,0.0628,0.0,0.0625,0.490846031,1940
k715,0.499872623,0.0,0.0,0.152028273,0.153708726,0.0,0.0628,0.0,0.0,0.4500796,1296
k63,0.361999042,0.0,0.0,0.124128729,0.126810292,0.0,0.0628,0.0,0.0625,0.297361838,2815
k2095,0.598105626,0.0,0.0,0.0709,0.290369308,0.0,0.0628,0.0,0.0,0.0,3173
k1584,0.518703474,0.0,0.0,0.175148836,0.189717596,0.0,0.386931971,0.0,0.0938,0.437343643,2806
k499,0.51988344,0.0,0.0,0.135641856,0.0815,0.0,0.0628,0.0,0.15625,0.488173755,2995
k1616,0.558952472,0.0,0.0,0.226861719,0.0,0.0,0.0628,0.0,0.0,0.0,2197
k501,0.361939263,0.547496431,0.0,0.177603552,0.410028954,0.0,0.0628,0.0625,0.5625,0.0,2560
k3346,0.574849187,0.0,0.0,0.323386155,0.0,0.0,0.0628,0.0,0.0,0.474414373,1134
k3053,0.529764511,0.0,0.0,0.0906,0.182476472,0.0,0.0628,0.0,0.0,0.419774846,2348
k3360,0.574186066,0.0,0.0,0.100825122,0.29398987,0.0,0.0628,0.0,0.0,0.353365931,194
k2133,0.362096708,0.0,0.0,0.0816,0.152878347,0.0,0.0628,0.0,0.0,0.380372982,2575
k3245,0.672076455,0.0,0.0,0.0866,0.260680671,0.0,0.0628,0.0,0.21875,0.0,769
k1158,0.505489728,0.147504329,0.0,0.153283384,0.0558,0.0,0.0628,0.125,0.0313,0.409597453,306
k152,0.551616438,0.0,0.0,0.299607958,0.0,0.0,0.0628,0.0,0.0,0.345803957,398
k1391,0.548571795,0.0,0.0,0.0902,0.286748747,0.0,0.0628,0.0,0.0,0.0,1203
k2014,0.555936575,0.0,0.0,0.208305068,0.0782,0.0,0.0628,0.0,0.0,0.0,828
k2764,0.574160041,0.0,0.0,0.119894657,0.132150615,0.0,0.0628,0.0,0.0,0.0,923
k745,0.516176274,0.0,0.0,0.115823551,0.18850395,0.0,0.535381375,0.0,0.15625,0.284398453,175
k1464,0.682887471,0.0,0.0,0.0954,0.286748747,0.0,0.0628,0.0,0.0938,0.0,185
k2988,0.528274414,0.0,0.0,0.108403573,0.130340334,0.0,0.0628,0.0,0.0,0.370821014,736
k195,0.573333857,0.0,0.0,0.103329384,0.260680671,0.0,0.0628,0.0,0.15625,0.0,2543
k1767,0.547102766,0.0,0.0,0.0677,0.330919645,0.0,0.0628,0.0,0.0,0.216795542,584
k285,0.571232497,0.0,0.0,0.0919,0.130340334,0.0,0.0628,0.0,0.0,0.347680237,1323
k3185,0.440368327,0.0,0.0,0.134266449,0.208544548,0.0,0.0628,0.0,0.1875,0.0,890
k3372,0.362001425,0.0,0.0,0.110716895,0.100742219,0.0,0.0628,0.0,0.0625,0.0,2472
k370,0.531724192,0.0,0.0,0.0871,0.312816823,0.0,0.0628,0.0,0.0,0.0,1963
k1865,0.601493262,0.0,0.0,0.18554204,0.104272273,0.0,0.0628,0.0,0.0,0.0,319
k1426,0.574100263,0.0,0.0,0.196697887,0.0521,0.0,0.0628,0.0,0.0,0.0,256
k684,0.522677703,0.0,0.0,0.139907575,0.0521,0.0,0.0628,0.0,0.0,0.516659086,2972
k943,0.66369978,0.0,0.0,0.093,0.286748747,0.0,0.0628,0.0,0.0,0.0,2041
k1340,0.573950129,0.0,0.0,0.117983964,0.260680671,0.0,0.0628,0.125,0.0,0.0,1686
k2246,0.592534239,0.0,0.0,0.096,0.185463431,0.0,0.0628,0.0,0.0938,0.374346145,2199
k2531,0.519858087,0.0,0.0,0.143111631,0.130340334,0.0,0.0628,0.0,0.0,0.49255174,1542
k1792,0.529068217,0.0,0.0,0.159820704,0.156408411,0.0,0.0628,0.0,0.0,0.0,2137
k2205,0.665150681,0.0,0.0,0.123658078,0.104272273,0.0,0.0628,0.0,0.125,0.0,2152
k1070,0.548144392,0.0,0.0,0.156129914,0.0552,0.0,0.0628,0.0,0.0,0.0,2949
k1528,0.512088224,0.84255933,0.0,0.124999551,0.161839254,0.0,0.0628,0.0,0.0625,0.412895156,1664
k3406,0.361682779,0.0,0.0,0.0923,0.152878347,0.0,0.481917182,0.0,0.0938,0.0,3279
k1102,0.361689242,0.0,0.0,0.113673587,0.30575671,0.0,0.0628,0.0,0.0,0.504719127,2667
k2293,0.347529971,0.0,0.0,0.166846986,0.0782,0.0,0.0628,0.0,0.0,0.0,850
k2403,0.572709039,0.0,0.0,0.190767622,0.104272273,0.0,0.0628,0.0,0.0,0.0,99
k546,0.518758943,0.0,0.0,0.148517354,0.133960907,0.0,0.390382719,0.0,0.0938,0.349783944,2165
k23,0.500376776,0.0,0.0,0.143177782,0.182476472,0.0,0.0628,0.0,0.25,0.492494883,2206
k2617,0.498987625,0.0,0.0,0.0979,0.182476472,0.0,0.0628,0.0,0.0,0.0,2023
k1153,0.659293742,0.0,0.0,0.0935,0.104272273,0.0,0.0628,0.0,0.0938,0.0,590
k1639,0.593373494,0.0,0.0,0.0862,0.338884869,0.0,0.0628,0.0,0.0,0.0,329
k251,0.517170332,0.0,0.0,0.143079879,0.0279,0.0,0.0628,0.0313,0.0625,0.36996816,638
k3200,0.362090164,0.0,0.0,0.0733,0.257150622,0.0,0.0628,0.0,0.0,0.404935183,2577
k583,0.594853982,0.0,0.0,0.0912,0.234612624,0.0,0.0628,0.0,0.0,0.0,2077
k3084,0.428701795,0.353584038,0.0,0.125290352,0.130340334,0.0,0.0628,0.0,0.0,0.0,1161
k494,0.548997849,0.0,0.0,0.28095906,0.0261,0.0,0.0628,0.0,0.0,0.0,780
k3041,0.361914947,0.0,0.0,0.104427888,0.255792918,0.0,0.502218338,0.0,0.15625,0.0,514
k2467,0.465970848,0.0,0.0,0.0729,0.260680671,0.0,0.0628,0.0,0.0,0.0,1823
k365,0.585641784,0.0,0.0,0.089,0.236422905,0.0,0.0628,0.0,0.0,0.0,2941
k3147,0.51544389,0.0,0.0,0.0789,0.0558,0.0,0.0628,0.0,0.0313,0.309415511,2427
k2247,0.536718235,0.0,0.1,0.109587414,0.208544548,0.0,0.0628,0.0,0.0,0.606947919,2973
k435,0.574157343,0.0,0.0,0.107399198,0.238233186,0.0,0.0628,0.0,0.0,0.0,3080
k843,0.49810648,0.0,0.0,0.124728379,0.208544548,0.0,0.0628,0.0,0.0,0.0,1801
k395,0.43188813,0.0,0.0,0.0995,0.182476472,0.0,0.0628,0.0,0.0,0.337161701,1009
k2047,0.57762472,0.0,0.0,0.0925,0.156408411,0.0,0.0628,0.0,0.0938,0.0,227
k1513,0.504897771,0.0,0.0,0.0905,0.208544548,0.0,0.0628,0.0,0.0,0.348191949,2239
k1492,0.461931089,0.0,0.0,0.126509967,0.103005069,0.0,0.0628,0.0313,0.28125,0.484648624,2060
k1842,0.435034922,0.619825999,0.0333,0.0962,0.215785672,0.0,0.386259747,0.0,0.125,0.282920173,1817
k3114,0.445284089,0.530831117,0.0667,0.158667339,0.0254,0.0,0.347091512,0.0,0.0313,0.550716398,761
k482,0.673821602,0.0,0.0,0.0987,0.311606369,0.0,0.0628,0.0,0.0,0.0,2840
k1575,0.582108446,0.0,0.0,0.122672994,0.130340334,0.0,0.0628,0.0,0.0,0.0,2526
k1329,0.613996197,0.0,0.0,0.142842969,0.103638676,0.0,0.0628,0.0,0.0313,0.0,1649
k2965,0.516961676,0.140933369,0.0667,0.141143424,0.0,0.0,0.0628,0.0625,0.0313,0.395269502,1910
k1397,0.615870002,0.0,0.0,0.122441269,0.155774794,0.0,0.0628,0.0,0.0938,0.0,2813
k3242,0.615827175,0.0,0.0,0.0788,0.286115129,0.0,0.0628,0.0,0.125,0.0,554
k1127,0.362120861,0.0,0.0,0.0851,0.126810292,0.0,0.0628,0.0,0.0,0.0,2244
k1544,0.521309784,0.0,0.0,0.162803755,0.0,0.0,0.0628,0.0313,0.0625,0.476006368,1962
k1609,0.515036348,0.0,0.0,0.165914947,0.0,0.0,0.0628,0.0,0.0,0.311064362,2067
k1907,0.575819939,0.0,0.0,0.0519,0.240043452,0.0,0.0628,0.0,0.0,0.288321583,2144
k438,0.593819457,0.0,0.0,0.0926,0.0,0.0,0.0628,0.0,0.0,0.248408005,991
k2818,0.548571023,0.0,0.0667,0.0892,0.21216511,0.0,0.0628,0.0,0.0,0.0,179
k1958,0.544195731,0.0,0.0,0.0741,0.139391748,0.0,0.0628,0.0,0.0,0.205651581,601
k2476,0.362067989,0.0,0.0,0.116674217,0.178312821,0.0,0.0628,0.0,0.0938,0.0,786
k1337,0.499788241,0.51480184,0.0,0.135020258,0.182476472,0.0,0.0628,0.0,0.21875,0.476233796,1495
k1197,0.539722915,0.0,0.0,0.102664274,0.208544548,0.0,0.0628,0.0,0.0,0.0,2958
k266,0.60824974,0.0,0.0,0.310710397,0.0265,0.0,0.0628,0.0,0.0,0.0,658
k1477,0.49992896,0.0,0.0,0.184731659,0.153708726,0.0,0.0628,0.0,0.0,0.0,1452
k1994,0.512823209,0.8747159,0.0,0.125912274,0.217595952,0.0,0.0628,0.0,0.0625,0.427507391,3164
k791,0.556965277,0.0,0.0,0.15973824,0.103005069,0.0,0.0628,0.0,0.15625,0.0,1439
k2364,0.548571843,0.0,0.0667,0.0915,0.234612624,0.0,0.0628,0.0,0.0,0.0,2971
k1388,0.36180165,0.477277255,0.0,0.179204253,0.149348298,0.0,0.0628,0.0,0.0,0.0,2716
k2712,0.534723285,0.0,0.0,0.205061519,0.0279,0.0,0.0628,0.125,0.0,0.0,3307
k866,0.540562,0.0,0.0,0.299216232,0.0261,0.0,0.0628,0.0,0.0,0.488287469,591
k636,0.448261682,0.0871,0.0,0.096,0.210354829,0.0,0.0628,0.0,0.0313,0.317489197,1958
k2868,0.681220783,0.0,0.0,0.101125434,0.234612624,0.0,0.0628,0.0,0.0,0.0,1306
k1880,0.521328397,0.0,0.0,0.156540664,0.0782,0.0,0.0628,0.15625,0.0625,0.355924494,2892
k1520,0.498164793,0.0,0.0,0.131969136,0.104272273,0.0,0.0628,0.0,0.0,0.0,313
k2226,0.601520756,0.0,0.0,0.225600207,0.0782,0.0,0.0628,0.0,0.0,0.0,785
k3359,0.543657875,0.0,0.0,0.166768245,0.131517019,0.0,0.0628,0.0,0.0313,0.440925631,2894
k3263,0.588358794,0.0,0.0,0.0882,0.182476472,0.0,0.0628,0.0,0.0,0.0,2893
k2800,0.5732788,0.0,0.0333,0.117190641,0.163015932,0.0,0.0628,0.0,0.15625,0.356265636,484
k3429,0.431481593,0.421280367,0.0,0.181530981,0.0,0.0,0.0628,0.0,0.0313,0.466852399,112
k1194,0.359693112,0.0,0.0,0.13156442,0.149348298,0.0,0.0628,0.0,0.0,0.0,3268
k155,0.504442273,0.0,0.0,0.0943,0.129706739,0.0,0.520682083,0.0,0.25,0.370764157,1867
k2751,0.50117869,0.0,0.0,0.124587235,0.18790733,0.0,0.0628,0.0,0.0,0.405503753,3042
k1705,0.350316151,0.0,0.0,0.0684,0.0,0.0,0.0628,0.0,0.0,0.317602911,2266
k527,0.528824166,0.0,0.0,0.104793856,0.39587182,0.0,0.0628,0.0,0.0,0.0,3097
k93,0.523549242,0.0,0.0,0.147853806,0.106082552,0.0,0.0628,0.0313,0.125,0.460598135,1369
k1094,0.361927873,0.455211866,0.0,0.111462712,0.253620587,0.0,0.0628,0.0,0.0,0.472367523,529
k1342,0.538590497,0.0,0.0,0.0728,0.262490952,0.0,0.0628,0.0,0.0,0.0,1633
k2427,0.53713596,0.0,0.0,0.199477786,0.0,0.0,0.0628,0.0,0.0,0.363713896,1492
k1312,0.524291086,0.0,0.0,0.146610214,0.0279,0.0,0.0628,0.0,0.0313,0.334318854,1595
k2599,0.507899801,0.0,0.0,0.0719,0.544895021,0.0,0.0628,0.0,0.0,0.199965886,1902
k334,0.361844505,0.0,0.0,0.114041121,0.253620587,0.0,0.0628,0.0,0.0,0.0,1474
k1947,0.559636297,0.0,0.0,0.349061139,0.0,0.0,0.0628,0.0,0.0,0.0,572
k1786,0.574161653,0.0,0.0,0.107318725,0.156408411,0.0,0.0628,0.0,0.0,0.0,1279
k532,0.546483965,0.0,0.0,0.139997956,0.160028973,0.0,0.0628,0.0,0.0,0.578633159,2663
k3321,0.434806348,0.133584515,0.0,0.116172219,0.184286753,0.0,0.0628,0.0,0.0,0.382988401,783
k201,0.504323147,0.464886288,0.0,0.13327588,0.0248,0.0,0.404230528,0.0,0.125,0.391118945,1370
k186,0.549000906,0.0,0.0,0.273901073,0.0,0.0,0.0628,0.0625,0.0,0.0,2002
k1866,0.548567942,0.0,0.0,0.0982,0.182476472,0.0,0.0628,0.0,0.0,0.0,1172
k2787,0.558403564,0.0,0.0,0.334065841,0.0,0.0,0.0628,0.0,0.0,0.0,2039
k2950,0.57621082,0.0,0.0,0.298819383,0.0,0.0,0.0628,0.0,0.0,0.0,2665
k3238,0.431877063,0.0,0.0,0.129644815,0.0782,0.0,0.0628,0.0,0.0,0.309358654,2101
k2485,0.360898909,0.0,0.0,0.216525033,0.182476472,0.0,0.0628,0.0,0.0,0.0,272
k2995,0.525155787,0.0,0.0667,0.213226177,0.0,0.0,0.0628,0.0,0.0,0.0,1289
k840,0.360681847,0.0,0.0,0.0927,0.129706739,0.0,0.0628,0.0,0.0938,0.0,3232
k541,0.572630773,0.0,0.0,0.221669159,0.104272273,0.0,0.0628,0.0,0.0,0.0,3378
k898,0.537860787,0.0,0.0,0.10096557,0.260680671,0.0,0.0628,0.0,0.0,0.0,3150
k2513,0.429379195,0.0,0.0,0.155348652,0.0782,0.0,0.0628,0.0,0.0,0.0,350
k737,0.361906788,0.0,0.0,0.0896,0.48922882,0.0,0.532826925,0.0,0.15625,0.0,1774
k1957,0.675404607,0.0,0.0,0.0927,0.286748747,0.0,0.0628,0.0,0.0625,0.0,489
k579,0.505699854,0.0,0.0,0.0894,0.130340334,0.0,0.0628,0.0,0.0,0.281726177,2467
k2261,0.656343643,0.0,0.0,0.0595,0.182476472,0.0,0.0628,0.0,0.0,0.0,1145
k2978,0.477991207,0.0,0.0,0.0818,0.312816823,0.0,0.0628,0.0,0.0,0.0,3167
k930,0.362135806,0.0,0.0,0.150365244,0.126810292,0.0,0.0628,0.0,0.0,0.0,3246
k1980,0.536714285,0.0,0.0,0.0987,0.156408411,0.0,0.0628,0.0,0.0,0.610814191,1398
k1410,0.531400986,0.0,0.0,0.122938503,0.0782,0.0,0.0628,0.0,0.0,0.437229929,1459
k1462,0.504578803,0.0,0.0,0.0809,0.0776,0.0,0.0628,0.0,0.1875,0.342790539,2093
k1196,0.686058029,0.0,0.0,0.098,0.234612624,0.0,0.0628,0.0,0.0938,0.0,1783
k717,0.679948083,0.0,0.0,0.0888,0.234612624,0.0,0.0628,0.0,0.0938,0.0,2670
k2615,0.555836422,0.0,0.0,0.213553352,0.0782,0.0,0.0628,0.0,0.0,0.0,1988
k582,0.548561588,0.0,0.0,0.104164091,0.155774794,0.0,0.0628,0.0,0.125,0.0,1577
k695,0.674075424,0.0,0.0,0.11196625,0.156408411,0.0,0.0628,0.0,0.0,0.0,545
k3214,0.361997668,0.0,0.0,0.0918,0.410028954,0.0,0.0628,0.0,0.0,0.0,2325
k2563,0.361679225,0.0,0.0,0.128268392,0.227552512,0.0,0.0628,0.0,0.0,0.0,1490
k2517,0.653072236,0.0,0.0,0.0421,0.0782,0.0,0.0628,0.0,0.0,0.0,988
k1538,0.584410085,0.0,0.0,0.143046171,0.130340334,0.0,0.0628,0.0,0.0,0.0,1214
k2045,0.535831359,0.0,0.0,0.108041899,0.111513405,0.0,0.0628,0.0,0.0,0.312144644,805
k79,0.596713751,0.0,0.0,0.0812,0.341925388,0.0,0.0628,0.0,0.0,0.0,1536
k535,0.56790449,0.0,0.0,0.118207126,0.130340334,0.0,0.0628,0.0,0.0,0.294177849,1293
k852,0.521494659,0.0,0.0,0.112325193,0.208544548,0.0,0.0628,0.0313,0.125,0.0,243
k3148,0.43127366,0.0,0.0,0.20258466,0.0,0.0,0.0628,0.0,0.0,0.386399818,1699
k1063,0.43127366,0.0,0.0,0.189457825,0.0,0.0,0.0628,0.0,0.0,0.275585627,1557
k2127,0.590190104,0.0,0.0,0.107072007,0.241853733,0.0,0.0628,0.0,0.0,0.37406186,845
k3033,0.538334559,0.0,0.0,0.0991,0.156408411,0.0,0.0628,0.0,0.0,0.543268137,1353
k1509,0.574199354,0.0,0.0,0.110601343,0.210354829,0.0,0.0628,0.0,0.0,0.0,9
k3302,0.347432709,0.0,0.0,0.133441129,0.0,0.0,0.0628,0.0,0.0,0.335399136,1262
k1151,0.59337662,0.0,0.0,0.0866,0.286748747,0.0,0.0628,0.0,0.0,0.0,1038
k1529,0.501005206,0.0,0.0,0.0747,0.182476472,0.0,0.0628,0.0,0.15625,0.358483057,3335
k1179,0.548569218,0.0,0.0,0.0866,0.18790733,0.0,0.0628,0.0,0.0,0.34034569,2022
k1093,0.548874971,0.0,0.0,0.150092984,0.0527,0.0,0.362082101,0.0,0.0313,0.488742324,3205
k1601,0.57479001,0.0,0.0,0.301607028,0.0,0.0,0.0628,0.0,0.0,0.0,268
k2677,0.572649167,0.0,0.0,0.17618704,0.182476472,0.0,0.0628,0.0,0.0,0.0,3099
k1199,0.362089114,0.0,0.0,0.0818,0.361422896,0.0,0.0628,0.0,0.0,0.0,3052
k2376,0.522405632,0.0,0.0,0.131484934,0.0,0.0,0.0628,0.0,0.0,0.326302024,569
k3211,0.362017258,0.0,0.0,0.0908,0.253620587,0.0,0.0628,0.0,0.0,0.430463953,2388
k3152,0.362091699,0.0,0.0,0.156520507,0.126810292,0.0,0.0628,0.0,0.0,0.419206277,4
k3343,0.5548779,0.0,0.0,0.268048292,0.0,0.0,0.0628,0.0,0.0,0.0,2100
k1936,0.441291668,0.441077374,0.0,0.167563309,0.101856769,0.0,0.0628,0.0313,0.0,0.0,315
k939,0.360901776,0.0,0.0,0.113381196,0.182476472,0.0,0.0628,0.0,0.0,0.0,2213
k2079,0.44063608,0.0,0.0,0.190510131,0.0782,0.0,0.0628,0.0313,0.0,0.0,2654
k2691,0.548083818,0.0,0.0,0.0795,0.109703114,0.0,0.0628,0.0313,0.0,0.25670912,473
k1723,0.362087054,0.0,0.0,0.075,0.258960902,0.0,0.0628,0.0,0.0,0.0,1371
k26,0.539584915,0.0,0.0,0.117906789,0.0,0.0,0.0628,0.0,0.0625,0.333409143,2424
k1733,0.527428903,0.0,0.0,0.0661,0.278783493,0.0,0.0628,0.0,0.0625,0.254548556,3199
k2698,0.521969537,0.0,0.0,0.13475492,0.338884869,0.0,0.385206597,0.0,0.125,0.0,496
k3115,0.574168225,0.0,0.0,0.124440506,0.182476472,0.0,0.0628,0.0,0.0,0.0,1650
k1519,0.573969197,0.0,0.0,0.142472878,0.208544548,0.0,0.0628,0.0,0.0,0.0,2805
k2731,0.517748685,0.308440501,0.0,0.0937,0.208544548,0.0,0.0628,0.0,0.0,0.386513532,2594
k2555,0.657504225,0.0,0.0,0.0615,0.208544548,0.0,0.0628,0.0,0.0,0.0,2759
k461,0.362079339,0.0,0.0,0.10875085,0.231082561,0.0,0.0628,0.0,0.0,0.0,408
k1002,0.362093476,0.546530436,0.0,0.215252484,0.0747,0.0,0.0628,0.0,0.0,0.0,1049
k1999,0.671395638,0.0,0.0,0.122252165,0.0526,0.0,0.0628,0.0,0.0,0.0,2579
k3313,0.582270567,0.0,0.0,0.184446989,0.104272273,0.0,0.0628,0.0,0.0,0.0,2853
k3278,0.543325181,0.0,0.0,0.104806217,0.0,0.0,0.0628,0.0,0.0,0.357573345,3248
k3409,0.553612232,0.0,0.0,0.194886808,0.0,0.0,0.0628,0.0,0.0,0.329997726,593
k2847,0.575312461,0.0,0.0,0.093,0.158218692,0.0,0.0628,0.0,0.0,0.276665909,788
k1011,0.57416772,0.0,0.0,0.122385072,0.234612624,0.0,0.0628,0.0,0.0,0.0,1720
k2170,0.588928023,0.0,0.0,0.0717,0.208544548,0.0,0.564891996,0.0,0.0,0.0,2669
k2248,0.574021609,0.0,0.0,0.142472878,0.208544548,0.0,0.0628,0.0,0.0,0.0,1709
k1605,0.593378333,0.0,0.0,0.0826,0.338884869,0.0,0.0628,0.0,0.0,0.0,1219
k150,0.350273579,0.387542362,0.0333,0.161742266,0.0558,0.0,0.0628,0.1875,0.0313,0.509438253,2322
k2053,0.574118031,0.0,0.0,0.101422939,0.130340334,0.0,0.532625258,0.0,0.0,0.0,229
k2218,0.48899068,0.0,0.0,0.152982256,0.238233186,0.0,0.0628,0.0,0.0625,0.642938367,61
k2668,0.494312493,0.0,0.0,0.0988,0.133960907,0.0,0.0628,0.0,0.0,0.285478736,3313
k18,0.518664186,0.0,0.0,0.113453232,0.286748747,0.0,0.0628,0.0,0.0,0.483966341,2720
k1417,0.361743043,0.0,0.0,0.11542973,0.126810292,0.0,0.0628,0.0,0.125,0.0,1737
k2404,0.36176651,0.0,0.0,0.114041121,0.253620587,0.0,0.0628,0.0,0.0,0.0,283
k2298,0.362073402,0.0,0.0,0.0803,0.283218698,0.0,0.0628,0.0,0.0,0.0,1784
k698,0.522619875,0.0,0.0,0.110963392,0.0,0.0,0.0628,0.0,0.0625,0.316181487,891
k1481,0.503607279,0.0,0.0,0.0899,0.210354829,0.0,0.0628,0.0,0.0,0.0,2627
k38,0.536705112,0.0,0.0,0.124330889,0.129706739,0.0,0.0628,0.0,0.125,0.601262224,2151
k3198,0.662323941,0.0,0.0,0.0842,0.286748747,0.0,0.0628,0.0,0.0625,0.0,2272
k2592,0.36209384,0.0,0.0,0.0606,0.152878347,0.0,0.0628,0.0,0.0,0.0,1255
k1643,0.551609648,0.0,0.0,0.125300705,0.234612624,0.0,0.0628,0.0,0.0,0.0,946
k1832,0.362085115,0.0,0.0,0.075,0.258960902,0.0,0.0628,0.0,0.0,0.0,1410
k709,0.531675222,0.0,0.0,0.0825,0.155774794,0.0,0.0628,0.0,0.1875,0.0,2447
k2109,0.441323941,0.0,0.0,0.159732035,0.0782,0.0,0.0628,0.0313,0.0,0.0,774
k2292,0.552620775,0.0,0.0,0.0934,0.0279,0.0,0.0628,0.0,0.0,0.362747328,806
k1363,0.565237129,0.645781376,0.0,0.114372335,0.104272273,0.0,0.0628,0.0,0.0,0.439106209,710
k3178,0.515173528,0.0,0.0,0.0727,0.15939537,0.0,0.0628,0.0313,0.125,0.265976802,3134
k1152,0.346971079,0.928706528,0.566666667,0.145924097,0.279448597,0.0,0.0628,0.75,0.375,0.510120537,2136
k1872,0.583629814,0.0,0.0,0.0811,0.238233186,0.0,0.0628,0.0,0.0,0.0,766
k605,0.601221094,0.0,0.0,0.124900454,0.104272273,0.0,0.0628,0.0,0.0,0.0,1222
k2275,0.362125304,0.0,0.0,0.093,0.126810292,0.0,0.0628,0.0,0.0,0.401694337,681
k343,0.544349234,0.0,0.0,0.0806,0.278783493,0.0,0.0628,0.0,0.0,0.30327496,716
k804,0.362090407,0.0,0.0,0.0619,0.257150622,0.0,0.0628,0.0,0.0,0.0,2172
k1013,0.543661607,0.0,0.0,0.092,0.157585089,0.0,0.0628,0.0,0.0313,0.393279509,2613
k1649,0.512088224,0.83808689,0.0,0.119726155,0.18790733,0.0,0.0628,0.0,0.0625,0.409824881,298
k1369,0.542837519,0.0,0.0,0.0685,0.215785672,0.0,0.0628,0.0,0.0,0.280134182,2989
k3184,0.574020211,0.0,0.0,0.112606885,0.182476472,0.0,0.504100565,0.0,0.0,0.0,384
k1480,0.574212235,0.0,0.0,0.257352696,0.104272273,0.0,0.0628,0.0,0.0,0.0,2774
k2219,0.498173194,0.0,0.0,0.112507741,0.208544548,0.0,0.0628,0.0,0.0,0.0,2153
k776,0.555980319,0.0,0.0667,0.129435754,0.260680671,0.0,0.0628,0.0,0.0,0.0,657
k978,0.57348074,0.0,0.0,0.173030248,0.182476472,0.0,0.0628,0.0,0.0,0.0,89
k719,0.43213605,0.485771299,0.0,0.176812511,0.0248,0.0,0.0628,0.0313,0.125,0.464293837,708
k663,0.36120681,0.0,0.0,0.0895,0.350832749,0.0,0.0628,0.0,0.0,0.0,218
k9,0.528928003,0.0,0.0,0.104793856,0.39587182,0.0,0.0628,0.0,0.0,0.441664771,1274
k1075,0.576346312,0.0,0.0,0.13146329,0.234612624,0.0,0.0628,0.0,0.0,0.0,2142
k2730,0.527571713,0.0,0.0,0.0897,0.0,0.0,0.0628,0.0,0.0625,0.264782806,2614
k2341,0.565165455,0.0,0.0,0.121999888,0.260680671,0.0,0.0628,0.0,0.0,0.517341369,2735
k3120,0.574624543,0.0,0.0,0.0676,0.0261,0.0,0.0628,0.0,0.0,0.0,19
k269,0.542662371,0.0,0.0,0.113264628,0.140621977,0.0,0.0628,0.0,0.0,0.467818967,947
k2890,0.540380426,0.0,0.0,0.0948,0.208544548,0.0,0.0628,0.0,0.0,0.0,2978
k2069,0.593378139,0.0,0.0,0.0866,0.286748747,0.0,0.0628,0.0,0.0,0.0,3172
k255,0.651872919,0.0,0.0,0.0637,0.208544548,0.0,0.0628,0.0,0.0,0.318114624,1630
k55,0.349619081,0.0,0.0,0.0997,0.0836,0.0,0.0628,0.0,0.0625,0.30253582,2054
k1926,0.362101151,0.0,0.0,0.127604869,0.152878347,0.0,0.0628,0.0,0.0,0.0,1881
k2382,0.350306376,0.051,0.0,0.197675249,0.0782,0.0,0.0628,0.0,0.0,0.586593132,2569
k1758,0.576228515,0.0,0.0,0.182700154,0.130340334,0.0,0.0628,0.0,0.0,0.0,416
k2119,0.606758895,0.0,0.0,0.0737,0.208544548,0.0,0.0628,0.0,0.0625,0.287696156,2273
k740,0.361898953,0.587426429,0.0,0.156605329,0.177679233,0.0,0.368826746,0.0,0.28125,0.589208551,2012
k2020,0.622581674,0.0,0.0,0.0705,0.262490952,0.0,0.0628,0.0,0.0,0.0,534
k3232,0.512823257,0.869180628,0.0,0.120055116,0.27154237,0.0,0.0628,0.0,0.0625,0.423697976,3021
k1046,0.559906902,0.0,0.0,0.138052659,0.0782,0.0,0.0628,0.0,0.0,0.340971117,531
k3035,0.571704511,0.0,0.0,0.145946936,0.0,0.0,0.0628,0.0,0.0,0.233738913,567
k1549,0.519858402,0.0,0.0,0.151708154,0.130340334,0.0,0.0628,0.0625,0.0,0.491585172,1133
k3047,0.545041849,0.0,0.0,0.0879,0.0261,0.0,0.0628,0.0,0.0,0.38486468,662
k2104,0.504981841,0.0,0.0,0.0665,0.104272273,0.0,0.0628,0.0,0.0,0.267853082,3406
k295,0.573806017,0.0,0.0,0.191937687,0.104272273,0.0,0.0628,0.0,0.0,0.0,1101
k492,0.540809251,0.0,0.0,0.160599184,0.0,0.0,0.0628,0.0,0.0,0.324027746,1413
k1725,0.362095132,0.0,0.0,0.0853,0.283218698,0.0,0.0628,0.0,0.25,0.0,1436
k3192,0.574222514,0.0,0.0,0.140139645,0.182476472,0.0,0.0628,0.0,0.0,0.0,1245
k2217,0.590596035,0.0,0.0,0.0798,0.312816823,0.0,0.0628,0.0,0.0,0.0,1230
k161,0.497896402,0.186737865,0.0,0.17214587,0.104272273,0.0,0.0628,0.0,0.25,0.350238799,3201
k1854,0.504686586,0.0,0.0,0.0882,0.129706739,0.0,0.533140629,0.0,0.28125,0.3833864,2342
k2618,0.529744889,0.0,0.0,0.0848,0.234612624,0.0,0.0628,0.0,0.0,0.428985672,355
k1588,0.362082813,0.512341551,0.0,0.126755123,0.205014485,0.0,0.0628,0.0,0.0,0.0,3380
k1629,0.587467346,0.0,0.0,0.0872,0.260680671,0.0,0.0628,0.0,0.0,0.0,392
k2560,0.347437597,0.0,0.0,0.11197752,0.234612624,0.0,0.0628,0.0,0.0,0.0,2210
k1097,0.432043474,0.0,0.0,0.0776,0.40007241,0.0,0.0628,0.0,0.0,0.295940414,2984
k3246,0.681651777,0.0,0.0,0.0778,0.260680671,0.0,0.0628,0.0,0.25,0.0,644
k356,0.504576658,0.0,0.0,0.0708,0.107892833,0.0,0.0628,0.0,0.28125,0.296338413,671
k2619,0.54153865,0.0,0.0,0.282852849,0.0,0.0,0.0628,0.0,0.0,0.0,2864
k1839,0.57408596,0.0,0.0,0.142809977,0.208544548,0.0,0.0628,0.0,0.0,0.0,197
k2312,0.542608687,0.0,0.0,0.103412569,0.104272273,0.0,0.0628,0.0,0.0625,0.29247214,969
k2091,0.544972465,0.0,0.0,0.356445884,0.0,0.0,0.0628,0.0,0.0,0.250170571,560
k2906,0.434806348,0.129903971,0.0,0.0925,0.236422905,0.0,0.0628,0.0,0.0,0.373152149,3398
k838,0.538787768,0.0,0.0,0.122986513,0.158761782,0.0,0.0628,0.0,0.125,0.358937912,1804
k2452,0.360645818,0.0,0.0,0.133470394,0.0248,0.0,0.0628,0.0,0.1875,0.0,3088
k2739,0.608375049,0.0,0.0,0.12618605,0.131348889,0.0,0.0628,0.0,0.0625,0.0,2464
k1309,0.558686924,0.0,0.0,0.117811889,0.155803192,0.0,0.0628,0.0,0.0,0.357004776,3326
k2537,0.477992782,0.0,0.0,0.0857,0.260680671,0.0,0.0628,0.0,0.0,0.0,1036
k2001,0.498156125,0.0,0.0,0.0988,0.208544548,0.0,0.0628,0.0,0.0,0.0,1295
k280,0.565894737,0.0,0.0,0.0944,0.236422905,0.0,0.0628,0.0,0.0,0.0,1518
k1029,0.603821026,0.0,0.0,0.0962,0.0,0.0,0.0628,0.0,0.0,0.0,1433
k1165,0.548855038,0.0,0.0,0.234144472,0.0,0.0,0.0628,0.0,0.0,0.0,1417
k2569,0.670092148,0.0,0.0,0.093,0.286748747,0.0,0.0628,0.0,0.0,0.0,2251
k3300,0.504625891,0.0,0.0,0.072,0.0782,0.0,0.0628,0.0,0.0,0.259324539,3384
k2162,0.431353028,0.144957942,0.0333,0.141177283,0.0,0.0,0.0628,0.15625,0.0313,0.357232204,1284
k141,0.544816915,0.0,0.0,0.405393894,0.0,0.0,0.0628,0.0,0.0,0.0,1355
k42,0.574199621,0.0,0.0,0.129377395,0.104272273,0.0,0.0628,0.0,0.0,0.353138504,7
k563,0.362022469,0.0,0.0,0.124747619,0.126810292,0.0,0.0628,0.0,0.0,0.0,2352
k1810,0.34751026,0.147263029,0.0,0.149030476,0.0515,0.0,0.329098324,0.0,0.15625,0.618433023,219
k2186,0.548521742,0.0,0.0,0.149323612,0.0261,0.0,0.0628,0.0,0.0,0.473618376,2582
k2738,0.362011119,0.0,0.0,0.0772,0.178946423,0.0,0.0628,0.0,0.0,0.0,787
k1017,0.498120589,0.0,0.0,0.0774,0.104272273,0.0,0.0628,0.0,0.0,0.0,3302
k3391,0.543840532,0.0,0.0,0.125768399,0.132150615,0.0,0.0628,0.0,0.0,0.435239936,2400
k1497,0.506295563,0.0,0.0,0.123417766,0.0,0.0,0.0628,0.0,0.0625,0.294689561,1039
k2240,0.528824432,0.0,0.0,0.164548928,0.26553147,0.0,0.0628,0.0,0.0,0.0,1382
k1188,0.574136061,0.0,0.0,0.130853732,0.208544548,0.0,0.0628,0.0,0.0,0.0,1706
k270,0.347348817,0.1842592,0.0,0.0912,0.0,0.0,0.0628,0.0,0.1875,0.372754151,1057
k31,0.529767545,0.0,0.0,0.137671774,0.103638676,0.0,0.0628,0.0,0.0625,0.421309984,610
k519,0.54286152,0.0,0.0,0.112917571,0.104272273,0.0,0.0628,0.0,0.0625,0.396179213,1126
k2017,0.362002637,0.0,0.0,0.175012802,0.100742219,0.0,0.0628,0.0,0.0,0.0,320
k1572,0.359717387,0.696043766,0.0,0.134551894,0.540369334,0.0,0.0628,0.15625,0.75,0.0,3399
k2306,0.498910781,0.0,0.0,0.166915969,0.104272273,0.0,0.0628,0.0,0.0,0.0,3210
k1484,0.539095807,0.0,0.0,0.0948,0.208544548,0.0,0.0628,0.0,0.0,0.0,731
k1118,0.321307447,0.0,0.0333,0.0973,0.48922882,0.0,0.507439276,0.0,0.15625,0.0,430
k377,0.56853817,0.0,0.0,0.0927,0.104272273,0.0,0.0628,0.0,0.0,0.367864453,765
k257,0.586040829,0.0,0.0,0.0835,0.317667593,0.0,0.0628,0.0,0.0,0.0,1986
k2895,0.529056346,0.0,0.0,0.159820704,0.156408411,0.0,0.0628,0.0,0.0,0.0,39
k2044,0.572630676,0.842384914,0.0,0.224731796,0.104272273,0.0,0.0628,0.0,0.0,0.0,1754
k1025,0.548572037,0.0,0.0,0.0933,0.182476472,0.0,0.0628,0.0,0.0,0.0,393
k505,0.573274321,0.0,0.0,0.125059151,0.317667593,0.0,0.0628,0.0,0.0,0.0,3282
k1934,0.431143075,0.0,0.0,0.202203895,0.0,0.0,0.0628,0.0,0.0,0.307823516,202
k2611,0.538634193,0.0,0.0,0.0734,0.236422905,0.0,0.0628,0.0,0.0,0.0,3382
k2475,0.575898496,0.0,0.0,0.24948985,0.0261,0.0,0.0628,0.0,0.0,0.0,2924
k470,0.502742844,0.0,0.0,0.128955775,0.186097049,0.0,0.496974993,0.0,0.0313,0.421821697,212
k1332,0.519621431,0.0,0.0,0.120743411,0.0,0.0,0.0628,0.0,0.0625,0.392995224,930
k169,0.563231225,0.0,0.0,0.152593749,0.0,0.0,0.0628,0.0,0.0,0.316067773,2249
k3102,0.423129476,0.0,0.0,0.10074586,0.208544548,0.0,0.0628,0.0,0.125,0.441153059,1277
k2722,0.528344618,0.0,0.0333,0.118773493,0.189717596,0.0,0.0628,0.15625,0.0,0.263531954,2087
k81,0.584904804,0.0,0.0,0.0949,0.260680671,0.0,0.0628,0.0,0.0,0.0,252
k2204,0.347503192,0.552065436,0.166666667,0.170587023,0.0,0.0,0.265080219,0.15625,0.125,0.563224926,2092
k1515,0.561910084,0.0,0.0,0.114517577,0.130340334,0.0,0.0628,0.0313,0.125,0.438594496,2540
k753,0.515937983,0.142039725,0.0,0.17450023,0.0,0.0,0.0628,0.0938,0.0313,0.482886059,2875
k2647,0.494412098,0.0,0.0,0.176582152,0.130340334,0.0,0.0628,0.0,0.0,0.322208324,3256
k1230,0.534591837,0.0,0.0,0.128512332,0.0,0.0,0.0628,0.0,0.0,0.308960655,943
k284,0.518808899,0.0,0.0,0.166470094,0.0782,0.0,0.374831944,0.0,0.0625,0.0,431
k2105,0.360897939,0.0,0.0,0.119398044,0.182476472,0.0,0.0628,0.0,0.0,0.0,2242
k2501,0.498167342,0.0,0.0,0.0862,0.260680671,0.0,0.0628,0.0,0.0,0.0,509
k2445,0.362111248,0.343146109,0.0,0.203894928,0.100742219,0.0,0.0628,0.0625,0.0,0.0,2047
k3072,0.361859167,0.0,0.0,0.0959,0.281498915,0.0,0.0628,0.0,0.0,0.276950193,1143
k230,0.358427537,0.0,0.0,0.166228716,0.0782,0.0,0.0628,0.0,0.0,0.0,527
k2612,0.575856699,0.0,0.0,0.0676,0.0521,0.0,0.0628,0.0,0.0,0.0,1777
k3174,0.542861015,0.0,0.0,0.187506673,0.0558,0.0,0.0628,0.75,0.0,0.0,945
k1185,0.350273458,0.0,0.0333,0.120663083,0.190947834,0.0,0.0628,0.0625,0.0313,0.493632022,3270
k1829,0.58288383,0.0,0.0,0.186751353,0.104272273,0.0,0.0628,0.0,0.0,0.0,326
k802,0.498944871,0.0,0.0,0.0869,0.262490952,0.0,0.0628,0.0,0.0,0.327439163,2617
k138,0.542785685,0.0,0.0,0.105658073,0.159752382,0.0,0.0628,0.0,0.15625,0.44615647,1423
k2088,0.571516099,0.0,0.0,0.16087343,0.318844285,0.0,0.455566012,0.0,0.125,0.0,30
k597,0.506019905,0.0,0.0,0.219966861,0.0,0.0,0.0628,0.0,0.0,0.460200136,2763
k2912,0.536676729,0.131742544,0.0,0.205245809,0.0,0.0,0.0628,0.0,0.0313,0.420172845,1308
k3353,0.362082773,0.0,0.0,0.0865,0.203747294,0.0,0.0628,0.0,0.0625,0.0,2426
k69,0.518761137,0.0,0.0,0.138676614,0.260680671,0.0,0.0628,0.0,0.3125,0.0,2726
k118,0.593338128,0.0,0.0,0.0826,0.338884869,0.0,0.0628,0.0,0.0,0.0,2696
k3193,0.431891603,0.0,0.0,0.0845,0.207910931,0.0,0.0628,0.0,0.15625,0.328633159,2928
k299,0.586979898,0.0,0.0,0.077,0.0279,0.0,0.0628,0.0,0.0313,0.238742324,3195
k2274,0.596279801,0.0,0.0,0.121309927,0.104272273,0.0,0.0628,0.0,0.0,0.328633159,85
k3038,0.532060759,0.0,0.0,0.184412856,0.0812,0.0,0.0628,0.0,0.0,0.509438253,332
k1147,0.498907335,0.0,0.0,0.0896,0.234612624,0.0,0.0628,0.0,0.0,0.0,1265
k1988,0.574194899,0.0,0.0,0.11800911,0.130340334,0.0,0.0628,0.0,0.0,0.0,2611
k2430,0.507877098,0.0,0.0,0.11672029,0.0,0.0,0.0628,0.0,0.0313,0.324312031,2751
k868,0.53590084,0.0,0.0,0.145038432,0.159448915,0.0,0.0628,0.0,0.0,0.756765977,2517
k1955,0.567050093,0.0,0.0,0.0959,0.109703114,0.0,0.0628,0.0,0.0,0.295485558,36
k2571,0.574184813,0.0,0.0,0.103223119,0.264301232,0.0,0.0628,0.0,0.0,0.0,1812
k209,0.591370789,0.0,0.0,0.121736587,0.0782,0.0,0.0628,0.0,0.15625,0.0,2292
k2892,0.600835149,0.0,0.0,0.078,0.316437384,0.0,0.0628,0.0,0.0,0.0,2609
k190,0.581910573,0.0,0.0,0.122672994,0.130340334,0.0,0.0628,0.0,0.0,0.0,1522
k2533,0.461824214,0.0,0.0333,0.123231939,0.155774794,0.0,0.0628,0.0,0.15625,0.477768933,1979
k1355,0.428504686,0.146147632,0.0,0.160560011,0.0515,0.0,0.302209375,0.0,0.0938,0.627188992,1202
k3074,0.350205883,0.0,0.0,0.131001081,0.161839254,0.0,0.0628,0.0,0.0,0.433989083,3428
k1190,0.574180168,0.0,0.0,0.122362158,0.208544548,0.0,0.0628,0.0,0.0,0.0,1016
k2862,0.57327054,0.0,0.0,0.125059151,0.317667593,0.0,0.0628,0.0,0.0,0.0,1594
k2707,0.588962545,0.0,0.0,0.0872,0.234612624,0.0,0.0628,0.0,0.0,0.0,1588
k246,0.536293575,0.15266435,0.0,0.176607919,0.0768,0.0,0.427041319,0.0,0.25,0.627132136,1006
k3040,0.565212523,0.0,0.0,0.263555224,0.0,0.0,0.0628,0.0,0.0,0.490277462,2162
k2191,0.546347508,0.0,0.0,0.203707539,0.0,0.0,0.0628,0.0,0.0,0.0,2311
k2789,0.574170418,0.0,0.0,0.0941,0.260680671,0.0,0.0628,0.0,0.0625,0.0,2600
k2438,0.507570791,0.564106007,0.166666667,0.172433397,0.104272273,0.0,0.0628,0.125,0.0938,0.579599727,721
k3101,0.443086408,0.0,0.0,0.0947,0.157585089,0.0,0.0628,0.0,0.0,0.36866045,450
k2806,0.498151742,0.0,0.0,0.182054081,0.0755,0.0,0.0628,0.0,0.0625,0.0,3262
k600,0.53155728,0.0,0.0,0.126030829,0.234612624,0.0,0.0628,0.0,0.0,0.0,607
k2315,0.68083857,0.0,0.0,0.140409573,0.262298195,0.0,0.0628,0.0,0.0,0.0,1218
k308,0.500323666,0.516056851,0.0,0.120455238,0.0782,0.0,0.0628,0.0,0.0,0.392767796,2937
k3393,0.444035236,0.0,0.0,0.106389614,0.0248,0.0,0.0628,0.0,0.1875,0.358539914,767
k2319,0.570548118,0.227128668,0.0,0.0958,0.0279,0.0,0.0628,0.0,0.125,0.24255174,2346
k2126,0.42471818,0.60940205,0.0,0.146844792,0.0836,0.0,0.0628,0.0,0.0313,0.243006595,2379
k953,0.431509423,0.417793362,0.0,0.203581013,0.0,0.0,0.0628,0.0,0.0313,0.463497839,348
k3139,0.574120244,0.0,0.0,0.108169637,0.130340334,0.0,0.0628,0.0,0.0,0.0,1325
k899,0.498150898,0.0,0.0,0.114451472,0.182476472,0.0,0.0628,0.0,0.0,0.0,743
k2041,0.593336682,0.0,0.0,0.0823,0.286748747,0.0,0.0628,0.0,0.0,0.0,458
k3001,0.586028986,0.688684354,0.0,0.117041005,0.107892833,0.0,0.0628,0.0,0.0,0.275642484,2505
k2177,0.545043775,0.0,0.0,0.0826,0.0,0.0,0.0628,0.0,0.0,0.264327951,820
k450,0.57416837,0.0,0.0,0.107318725,0.156408411,0.0,0.0628,0.0,0.0,0.0,916
k3162,0.676553318,0.0,0.0,0.0872,0.260680671,0.0,0.0628,0.0,0.0,0.0,1714
k1473,0.462326236,0.0,0.0,0.168481792,0.129706739,0.0,0.0628,0.0625,0.0,0.0,2930
k2816,0.527720858,0.0,0.0,0.0926,0.111513405,0.0,0.0628,0.0,0.0625,0.272344781,3249
k3426,0.560110215,0.0,0.0,0.118098375,0.0,0.0,0.0628,0.0,0.0625,0.425346827,437
k2180,0.360901332,0.0,0.0,0.159056071,0.182476472,0.0,0.0628,0.0,0.0,0.0,1400
k3195,0.361988338,0.0,0.0,0.140024889,0.253620587,0.0,0.0628,0.0,0.0,0.0,1451
k2840,0.481246449,0.0,0.0,0.0795,0.260680671,0.0,0.0628,0.0,0.0,0.0,1753
k3164,0.362116176,0.0,0.0,0.159269005,0.126810292,0.0,0.0628,0.0,0.0,0.0,2329
k3098,0.600071756,0.0,0.0,0.193331014,0.104272273,0.0,0.0628,0.0,0.0,0.0,549
k2832,0.499934833,0.0,0.0,0.222879737,0.153708726,0.0,0.0628,0.0,0.0,0.0,790
k2782,0.362028204,0.0,0.0,0.113215177,0.205014485,0.0,0.0628,0.0,0.0,0.466170116,2034
k1081,0.362006353,0.0,0.0,0.0718,0.126810292,0.0,0.0628,0.0,0.0938,0.0,3154
k2290,0.362068151,0.0,0.0,0.0758,0.126810292,0.0,0.0628,0.0,0.0,0.387878099,950
k940,0.426073706,0.0,0.0,0.316101111,0.0,0.0,0.0628,0.0,0.0,0.0,683
k1840,0.434730372,0.771617544,0.0,0.123213319,0.0509,0.0,0.437953751,0.0625,0.3125,0.365931317,892
k2222,0.499024098,0.0,0.0,0.404051588,0.0,0.0,0.0628,0.0,0.0,0.0,110
k735,0.574195937,0.0,0.0,0.144481373,0.239463394,0.0,0.0628,0.0,0.0,0.0,1945
k2362,0.68466365,0.0,0.0,0.0755,0.312816823,0.0,0.0628,0.0,0.0,0.0,1707
k1888,0.498106698,0.0,0.0,0.177454366,0.156408411,0.0,0.0628,0.0,0.0,0.0,3425
k1064,0.574200873,0.0,0.0,0.108111973,0.260680671,0.0,0.0628,0.0,0.0,0.0,1811
k1485,0.496518939,0.0,0.0,0.0875,0.189717596,0.0,0.0628,0.0,0.0,0.242665454,2982
k309,0.362091618,0.0,0.0,0.0671,0.283218698,0.0,0.0628,0.0,0.0,0.0,13
k1637,0.504470151,0.0,0.0,0.0552,0.104272273,0.0,0.0628,0.0,0.0,0.325506027,2547
k625,0.548106594,0.270199514,0.0,0.14710464,0.0279,0.0,0.0628,0.0,0.0,0.301114396,24
k559,0.417852739,0.0,0.0,0.147826302,0.0,0.0,0.0628,0.0,0.0,0.341141688,1680
k57,0.574023366,0.0,0.0,0.132486401,0.260680671,0.0,0.0628,0.0,0.0,0.0,2680
k2911,0.596272264,0.0,0.0,0.0828,0.286748747,0.0,0.0628,0.0,0.0,0.468273823,1271
k1954,0.542603533,0.0,0.0,0.122430325,0.104272273,0.0,0.0628,0.0,0.0,0.300886968,1952
k1975,0.504905595,0.0,0.0,0.0909,0.104272273,0.0,0.0628,0.0,0.0625,0.337730271,2084
k442,0.503541506,0.0,0.0,0.189406092,0.0521,0.0,0.0628,0.0,0.0,0.0,2991
k1607,0.359687902,0.159488574,0.0,0.0837,0.253620587,0.0,0.0628,0.0,0.28125,0.0,1078
k2844,0.615757428,0.0,0.0,0.0703,0.155774794,0.0,0.0628,0.0,0.0938,0.0,2475
k2386,0.36209081,0.0,0.0,0.0642,0.283218698,0.0,0.0628,0.0,0.0,0.0,904
k1565,0.657055734,0.0,0.0,0.0729,0.286748747,0.0,0.0628,0.0,0.0,0.0,798
k557,0.362014229,0.0,0.0,0.124747619,0.126810292,0.0,0.0628,0.0,0.0,0.0,3346
k3003,0.574203325,0.0,0.0,0.10456099,0.208544548,0.0,0.0628,0.0,0.0625,0.0,2576
k1260,0.489491085,0.106372564,0.0,0.113161311,0.161259196,0.0,0.0628,0.0,0.0938,0.279736184,2033
k2005,0.350440273,0.0,0.0,0.149183884,0.0,0.0,0.0628,0.0,0.0,0.29639527,1450
k2165,0.532471311,0.0,0.0,0.148801483,0.109123062,0.0,0.0628,0.0,0.0,0.502331135,1502
k2372,0.362014754,0.0,0.0,0.124747619,0.126810292,0.0,0.0628,0.0,0.0,0.0,3429
k1740,0.428699695,0.596333766,0.0,0.112963845,0.184286753,0.0,0.0628,0.0,0.0,0.469297248,2044
k1992,0.431876901,0.0,0.0,0.0883,0.182476472,0.0,0.0628,0.0,0.0,0.328292017,1645
k3024,0.334870665,0.0,0.0,0.126160704,0.176246738,0.0,0.0628,0.0,0.0625,0.0,104
k1916,0.517857575,0.0,0.0,0.146484159,0.0,0.0,0.0628,0.0,0.15625,0.346770525,2887
k1974,0.350305326,0.0856,0.0,0.179331745,0.0,0.0,0.0628,0.0,0.0,0.376222424,309
k3161,0.582092725,0.0,0.0,0.134347772,0.104272273,0.0,0.0628,0.0,0.0,0.0,2697
k3351,0.449431732,0.0,0.0,0.19754565,0.0782,0.0,0.0628,0.0,0.0,0.0,811
k465,0.347476372,0.389526418,0.0,0.170313968,0.0558,0.0,0.0628,0.0,0.0313,0.469012963,2469
k3077,0.360885943,0.0,0.0,0.0758,0.208544548,0.0,0.0628,0.0,0.0,0.0,2215
k2871,0.531437265,0.0,0.0,0.122586461,0.0782,0.0,0.0628,0.0,0.0,0.437286786,3028
k1595,0.564295002,0.0,0.0,0.0684,0.111513405,0.0,0.0628,0.0,0.0,0.218558108,3290
k845,0.533873654,0.0,0.0,0.409594687,0.0,0.0,0.0628,0.0,0.0,0.0,3354
k1048,0.538960698,0.0,0.0,0.0704,0.234612624,0.0,0.0628,0.0,0.0,0.357914487,2530
k1041,0.526067435,0.0,0.0,0.148887345,0.0558,0.0,0.0628,0.0,0.0313,0.350693655,655
k1460,0.574181465,0.0,0.0,0.127835748,0.130340334,0.0,0.0628,0.0,0.0,0.0,816
k2952,0.428394863,0.0,0.0,0.201326172,0.0,0.0,0.0628,0.0,0.0938,0.0,75
k3111,0.583574417,0.0,0.0,0.0781,0.266111528,0.0,0.0628,0.0,0.0,0.309927223,656
k733,0.431501748,0.0,0.0,0.102073032,0.383055797,0.0,0.0628,0.0,0.0,0.328519445,1911
k1107,0.423426431,0.0,0.0,0.150001262,0.0,0.0,0.0628,0.0,0.0,0.379178986,3087
k2135,0.426751267,0.0,0.0,0.243890279,0.0279,0.0,0.0628,0.0,0.0,0.0,2561
k1956,0.521494707,0.0,0.0,0.112325193,0.208544548,0.0,0.0628,0.0,0.125,0.0,1213
k174,0.5869115,0.0,0.0,0.0829,0.139391748,0.0,0.0628,0.0,0.0625,0.252387992,2854
k1281,0.521617803,0.278260645,0.0,0.0676,0.343735669,0.0,0.0628,0.0,0.0,0.233738913,702
k3176,0.574242641,0.0,0.0,0.264525336,0.0521,0.0,0.0628,0.0,0.0,0.0,2961
k3023,0.531521626,0.0,0.0,0.0921,0.286748747,0.0,0.0628,0.0,0.0,0.459404139,65
k1396,0.682286249,0.0,0.0,0.0768,0.364952945,0.0,0.0628,0.0,0.0,0.0,3166
k3191,0.521533442,0.0,0.0,0.169397222,0.0782,0.0,0.0628,0.125,0.0,0.0,2570
k1150,0.324462115,0.0,0.0,0.0949,0.286748747,0.0,0.0628,0.0,0.15625,0.0,289
k2966,0.556609807,0.0,0.0,0.303419564,0.0,0.0,0.0628,0.0,0.0,0.0,1740
k1436,0.548591922,0.0,0.0,0.169134966,0.167270096,0.0,0.0628,0.0,0.0,0.263133955,704
k162,0.536696061,0.0,0.0,0.107919446,0.236422905,0.0,0.0628,0.0,0.0,0.617409597,419
k364,0.498164143,0.0,0.0,0.115232388,0.208544548,0.0,0.0628,0.0,0.0,0.0,910
k2696,0.431591578,0.0,0.0,0.100855553,0.18184287,0.0,0.0628,0.0,0.1875,0.337161701,2303
k2590,0.522423638,0.0,0.0,0.141433109,0.0279,0.0,0.0628,0.0,0.0,0.331021151,895
k2114,0.521617803,0.278411588,0.0,0.0658,0.34735623,0.0,0.0628,0.0,0.0,0.209062997,467
k1763,0.508407784,0.743519261,0.133333333,0.115802228,0.107892833,0.0,0.0628,0.0,0.0313,0.4709461,3105
k1960,0.350289735,0.0928,0.0,0.115626851,0.0,0.0,0.0628,0.0,0.0938,0.338810553,979
k1665,0.362123729,0.0,0.0,0.0925,0.257150622,0.0,0.0628,0.0,0.25,0.431771662,2801
k2470,0.477992621,0.0,0.0,0.0814,0.260680671,0.0,0.0628,0.0,0.125,0.0,957
k0,0.574228916,0.0,0.0,0.227460095,0.0782,0.0,0.0628,0.0,0.0,0.0,548
k1301,0.361670864,0.0,0.0,0.101221175,0.0995,0.0,0.487339787,0.0,0.25,0.0,1169
k1535,0.498983412,0.0,0.0,0.110696567,0.234612624,0.0,0.0628,0.0,0.0,0.0,2493
k1324,0.321308012,0.0,0.0333,0.104631239,0.3588885,0.0,0.494465358,0.0,0.15625,0.0,2932
k1407,0.521954778,0.0,0.0,0.173925176,0.286748747,0.0,0.317401631,0.0,0.125,0.0,2191
k906,0.519884644,0.0,0.1,0.131855845,0.0552,0.0,0.0628,0.0625,0.0,0.471855811,3066
k903,0.538391999,0.0,0.0,0.0915,0.26553147,0.0,0.0628,0.0,0.0,0.54321128,1831
k1211,0.350396287,0.0,0.0,0.0991,0.106082552,0.0,0.0628,0.0,0.0,0.3625199,654
k1454,0.572705093,0.0,0.0,0.2122529,0.0782,0.0,0.0628,0.0,0.0313,0.0,2700
k981,0.544708432,0.0,0.0,0.153238281,0.104272273,0.0,0.0628,0.0,0.0,0.447691608,837
k1192,0.538393251,0.0,0.0,0.0811,0.234612624,0.0,0.0628,0.0,0.0,0.529338185,2548
k1469,0.574183634,0.0,0.0,0.122362158,0.208544548,0.0,0.0628,0.0,0.0,0.0,462
k2207,0.542604475,0.589081931,0.0,0.125437159,0.161259196,0.0,0.0628,0.0,0.0,0.500511713,2158
k1793,0.361668562,0.0,0.0,0.113989909,0.131027474,0.0,0.455902124,0.0,0.25,0.0,2486
k2266,0.362089437,0.0,0.0,0.0642,0.257150622,0.0,0.0628,0.0,0.0,0.0,751
k1168,0.535880786,0.0,0.0,0.153808,0.133380844,0.0,0.0628,0.125,0.0,0.764612236,2278
k2552,0.658371576,0.0,0.0,0.0729,0.286748747,0.0,0.0628,0.0,0.0,0.0,515
k187,0.362005383,0.0,0.0,0.192437952,0.201484436,0.0,0.0628,0.0,0.0,0.0,689
k2921,0.443404084,0.231550537,0.0,0.181067681,0.130340334,0.0,0.0628,0.0,0.0625,0.0,1526
k2458,0.350313122,0.0568,0.0,0.274658705,0.0,0.0,0.0628,0.0,0.0,0.546622697,1678
k3294,0.448323077,0.0,0.0,0.0845,0.396451863,0.0,0.0628,0.0,0.0,0.297077553,801
k2280,0.501720379,0.0,0.0,0.129599862,0.106082552,0.0,0.0628,0.0,0.0,0.396690926,1639
k2066,0.548262888,0.0,0.0,0.0705,0.347936288,0.0,0.0628,0.0,0.1875,0.269388219,2027
k2544,0.57164962,0.0,0.0,0.0925,0.104272273,0.0,0.0628,0.0,0.0,0.0,2683
k2435,0.555919506,0.0,0.0,0.150664861,0.130340334,0.0,0.0628,0.1875,0.0,0.0,561
k2867,0.573969533,0.788945969,0.0,0.13555768,0.156408411,0.0,0.0628,0.0,0.0,0.0,187
k2999,0.518732774,0.0,0.0,0.0927,0.524257803,0.0,0.420431119,0.0,0.0938,0.21628383,645
k2446,0.569641478,0.0,0.0,0.0849,0.0,0.0,0.0628,0.0,0.0,0.285876734,1073
k1261,0.615831966,0.0,0.0,0.122441269,0.155774794,0.0,0.0628,0.0,0.0938,0.0,2879
k2706,0.546379841,0.0,0.0,0.0728,0.0,0.0,0.0628,0.0,0.0,0.0,126
k2112,0.362109956,0.0,0.0,0.223603552,0.126810292,0.0,0.0628,0.0,0.0,0.0,1621
k1995,0.565888068,0.0,0.0,0.0868,0.262490952,0.0,0.0628,0.0,0.0,0.0,1770
k765,0.57417764,0.0,0.0,0.1077224,0.234612624,0.0,0.0628,0.0,0.0,0.0,2188
k2401,0.697082059,0.0,0.0,0.216875113,0.0,0.0,0.0628,0.0,0.0,0.0,250
k363,0.317660613,0.261706126,0.0,0.106973955,0.0,0.0,0.0628,0.0,0.0,0.361667046,913
k554,0.498170957,0.0,0.0,0.116957155,0.208544548,0.0,0.0628,0.0,0.0,0.0,927
k1860,0.528274293,0.0,0.0,0.0947,0.290369308,0.0,0.0628,0.0,0.0,0.273936775,2645
k3369,0.501174283,0.0,0.0,0.16439135,0.0782,0.0,0.0628,0.0,0.0,0.472708665,1636
k466,0.587432242,0.0,0.0,0.0996,0.234612624,0.0,0.0628,0.0,0.0,0.0,2074
k816,0.428299863,0.0,0.0,0.122385072,0.133960907,0.0,0.510688357,0.0,0.0,0.347225381,3138
k1245,0.362079905,0.0,0.0,0.124747619,0.126810292,0.0,0.0628,0.0,0.0,0.0,397
k706,0.596265596,0.0,0.0,0.0828,0.286748747,0.0,0.0628,0.0,0.0,0.476404367,2848
k1174,0.519860329,0.0,0.0,0.0969,0.372194083,0.916666667,0.0628,0.0,0.1875,0.446781897,2678
k2408,0.361710286,0.0,0.0,0.144702129,0.175416374,0.0,0.0628,0.0,0.0,0.0,1486
k2661,0.575859131,0.0,0.0,0.0617,0.104272273,0.0,0.0628,0.0,0.0,0.0,1659
k1186,0.350314455,0.0753,0.0,0.186755076,0.0502,0.0,0.0628,0.0,0.0,0.464691835,617
k2745,0.539938672,0.0,0.0,0.155360021,0.104272273,0.0,0.0628,0.0,0.0,0.471457812,2187
k1795,0.574168681,0.0,0.0,0.106864208,0.207910931,0.0,0.0628,0.0,0.0625,0.0,2698
k3097,0.362060275,0.0,0.0667,0.0964,0.257150622,0.0,0.0628,0.0,0.0,0.0,1975
k2032,0.537961155,0.0,0.0,0.258464989,0.0,0.0,0.0628,0.0,0.0,0.422219695,1411
k3044,0.574180023,0.0,0.0,0.198749498,0.130340334,0.0,0.0628,0.0,0.0,0.0,571
k3307,0.361876374,0.0,0.0,0.14204731,0.281498915,0.0,0.0628,0.0,0.0,0.0,1918
k215,0.543324051,0.0,0.0,0.0953,0.0,0.0,0.0628,0.0,0.0,0.268421651,2515
k2481,0.574219626,0.0,0.0,0.227460095,0.0782,0.0,0.0628,0.0,0.0,0.0,2674
k440,0.361910908,0.0,0.0,0.0975,0.205014485,0.0,0.0628,0.0,0.0938,0.0,1681
k1848,0.529760876,0.0,0.0,0.0848,0.234612624,0.0,0.0628,0.0,0.0,0.421139413,859
k941,0.431501748,0.0,0.0,0.106446016,0.355177411,0.0,0.0628,0.0,0.0,0.333466,3403
k2491,0.657022727,0.0,0.0,0.0677,0.286748747,0.0,0.0628,0.0,0.0,0.0,539
k1221,0.5004217,0.0,0.0,0.123513532,0.18850395,0.0,0.488617012,0.0,0.15625,0.327041164,1566
k2506,0.542851143,0.0,0.0,0.101939784,0.208544548,0.0,0.0628,0.0,0.0,0.414828292,1618
k2742,0.347474231,0.395759648,0.0,0.159165218,0.0558,0.0,0.0628,0.0,0.0625,0.460200136,2498
k1841,0.361927509,0.547223614,0.0,0.186481621,0.283218698,0.0,0.0628,0.21875,0.0,0.744541733,3226
k708,0.548571266,0.0,0.0,0.105652414,0.186097049,0.0,0.0628,0.0,0.0,0.0,2516
k1744,0.54278737,0.0,0.0,0.0738,0.297610446,0.0,0.0628,0.0,0.0,0.212474414,1892
k2819,0.536717246,0.0,0.0,0.107300005,0.208544548,0.0,0.0628,0.0,0.0,0.594609961,2490
k751,0.53365084,0.0,0.0,0.309021842,0.0,0.0,0.0628,0.0,0.0,0.0,628
k170,0.362011361,0.0,0.0,0.160691847,0.0974,0.0,0.0628,0.0,0.0,0.0,274
k2314,0.443974205,0.0,0.0,0.176927888,0.0794,0.0,0.0628,0.0,0.0938,0.0,832
k622,0.361729754,0.0,0.0,0.135448133,0.175416374,0.0,0.0628,0.0,0.0,0.0,178
k1294,0.498080432,0.0,0.0,0.132445396,0.184286753,0.0,0.0628,0.0,0.0,0.0,3396
k511,0.519865769,0.0,0.0,0.161534867,0.130340334,0.0,0.0628,0.0625,0.0,0.698487605,1839
k3297,0.448252594,0.0879,0.0,0.096,0.210354829,0.0,0.0628,0.0,0.0313,0.320445758,2993
k3331,0.682482097,0.0,0.0,0.0968,0.315092565,0.0,0.0628,0.0,0.0,0.0,3011
k1734,0.529669802,0.0,0.0,0.266365442,0.0,0.0,0.125324908,0.0,0.0625,0.0,456
k1850,0.440634949,0.0,0.0,0.159732035,0.104272273,0.0,0.0628,0.0313,0.0,0.0,1814
k2781,0.541444805,0.31743636,0.0,0.246723694,0.0,0.0,0.0628,0.0,0.0,0.0,221
k514,0.549799067,0.0,0.0,0.17689557,0.0527,0.0,0.287913418,0.0625,0.0313,0.0,117
k2960,0.540977726,0.0,0.0,0.10151826,0.0521,0.0,0.0628,0.0,0.0,0.33551285,409
k3364,0.547889581,0.0,0.0,0.0927,0.0521,0.0,0.0628,0.0,0.0,0.295485558,636
k1905,0.548576129,0.0,0.0,0.0902,0.286748747,0.0,0.0628,0.0,0.0,0.0,2159
k1310,0.539593413,0.0,0.0,0.149498044,0.258146289,0.0,0.436161154,0.0,0.1875,0.0,2157
k3138,0.536036142,0.0,0.0,0.364928596,0.0,0.0,0.0628,0.0,0.0,0.0,1625
k763,0.566359408,0.0,0.0,0.217129114,0.130340334,0.0,0.0628,0.0,0.0,0.0,1499
k1913,0.573625118,0.0,0.0,0.173030248,0.182476472,0.0,0.0628,0.0,0.0,0.0,1983
k3386,0.682566915,0.0,0.0,0.0977,0.286748747,0.0,0.0628,0.0,0.0,0.0,1402
k10,0.542841902,0.0,0.0,0.0799,0.340061562,0.0,0.0628,0.0,0.1875,0.407323175,1607
k3254,0.499894797,0.0,0.0,0.152028273,0.153708726,0.0,0.0628,0.0,0.0,0.432283375,424
k669,0.428934933,0.162573616,0.0,0.18156618,0.0781,0.0,0.271309492,0.0,0.0625,0.0,536
k2580,0.539020283,0.0,0.0,0.0805,0.260680671,0.0,0.0628,0.0,0.0,0.0,73
k980,0.362090851,0.0,0.0,0.0959,0.257150622,0.0,0.0628,0.0,0.0,0.0,1416
k2951,0.536273303,0.0,0.0,0.107919446,0.236422905,0.0,0.0628,0.0,0.0,0.620877871,451
k311,0.542850881,0.257587933,0.0,0.0968,0.260680671,0.0,0.0628,0.0,0.28125,0.449795315,1909
k135,0.593344675,0.0,0.0,0.0819,0.234612624,0.0,0.0628,0.0,0.0,0.0,1345
k2697,0.574233275,0.0,0.0,0.264525336,0.0521,0.0,0.0628,0.0,0.0,0.0,1629
k1963,0.574158256,0.0,0.0,0.11389099,0.186097049,0.0,0.0628,0.0,0.0,0.0,1960
k2705,0.541444349,0.0,0.0,0.400460416,0.0,0.0,0.0628,0.0,0.0,0.0,2385
k180,0.549134451,0.283342726,0.0,0.20928184,0.0526,0.0,0.0628,0.0,0.0,0.0,449
k2881,0.555199062,0.0,0.0,0.0772,0.107892833,0.0,0.0628,0.0,0.0,0.325562884,872
k2519,0.429377296,0.0,0.0,0.106123289,0.182476472,0.0,0.0628,0.0,0.0,0.0,3292
k1770,0.35970014,0.459338034,0.0,0.144702129,0.175416374,0.0,0.0628,0.0,0.0,0.0,1612
k2896,0.54454215,0.192401082,0.0,0.0948,0.158218692,0.0,0.0628,0.0,0.125,0.468216966,1904
k576,0.504902731,0.0,0.0,0.0721,0.208544548,0.0,0.0628,0.0,0.28125,0.350750512,2608
k2773,0.527624222,0.0,0.0,0.0845,0.0521,0.0,0.0628,0.0,0.0625,0.0,3330
k3080,0.541438641,0.0,0.0,0.115075306,0.107616249,0.0,0.0628,0.0,0.15625,0.452183307,1174
k1000,0.570397794,0.0,0.0,0.0716,0.0,0.0,0.0628,0.0,0.0,0.237718899,2804
k143,0.581808541,0.0,0.0,0.1069147,0.155141206,0.0,0.422783902,0.0,0.1875,0.0,2731
k276,0.574183246,0.0,0.0,0.114014459,0.260680671,0.0,0.0628,0.0,0.15625,0.0,1989
k2675,0.572709039,0.0,0.0,0.171678651,0.0782,0.0,0.0628,0.0,0.0,0.0,1564
k1358,0.362071544,0.0,0.0,0.075,0.258960902,0.0,0.0628,0.0,0.0,0.0,1322
k846,0.593376164,0.0,0.0,0.0826,0.338884869,0.0,0.0628,0.0,0.0,0.0,1268
k703,0.585995013,0.0,0.0,0.0886,0.182476472,0.0,0.0628,0.0,0.0,0.0,960
k50,0.527458178,0.0,0.0,0.120264648,0.104272273,0.0,0.0628,0.0,0.1875,0.364623607,688
k3146,0.574202339,0.0,0.0,0.164444124,0.132616081,0.0,0.0628,0.0,0.0,0.0,2885
k168,0.528824238,0.0,0.0,0.106446061,0.291599546,0.0,0.0628,0.0,0.0,0.0,1527
k2688,0.509050104,0.0,0.1,0.129129782,0.107892833,0.277777778,0.0628,0.15625,0.0625,0.433647942,3280
k718,0.563512202,0.0,0.0,0.0706,0.290369308,0.0,0.0628,0.0,0.0,0.397316352,2616
k2417,0.515170713,0.0,0.0,0.068,0.270908768,0.0,0.654544232,0.0,0.125,0.271548783,2016
k850,0.520026276,0.170530818,0.0,0.119091996,0.133960907,0.0,0.0628,0.0,0.1875,0.258244257,1258
k2734,0.574220394,0.0,0.0,0.1077224,0.234612624,0.0,0.0628,0.0,0.0,0.0,1729
k2424,0.555991515,0.0,0.0,0.243567727,0.104272273,0.0,0.0628,0.0,0.0,0.0,3077
k1291,0.350273538,0.703565631,0.0,0.166172464,0.0836,0.0,0.0628,0.0625,0.0313,0.437343643,686
k1893,0.36189968,0.586713585,0.0,0.156605329,0.177679233,0.0,0.374002868,0.0,0.28125,0.587445986,2948
k3179,0.359113581,0.0,0.0,0.0878,0.231082561,0.0,0.0628,0.0,0.0,0.0,3269
k1003,0.529762585,0.0,0.0,0.0929,0.130340334,0.0,0.0628,0.0,0.0,0.406868319,3272
k1918,0.524186626,0.0,0.0,0.157253239,0.0776,0.0,0.212713991,0.0,0.0,0.0,3344
k361,0.615817061,0.0,0.0,0.0774,0.233979007,0.0,0.0628,0.0,0.125,0.0,1912
k3305,0.601715958,0.0,0.0,0.225600207,0.0782,0.0,0.0628,0.0,0.0,0.0,586
k219,0.528275545,0.0,0.0,0.129548379,0.160028973,0.0,0.0628,0.0,0.0,0.26881965,599
k191,0.504904198,0.24851146,0.0,0.0987,0.208544548,0.0,0.0628,0.0625,0.25,0.360131908,3121
k2077,0.574628393,0.0,0.0,0.0689,0.156408411,0.0,0.0628,0.0,0.0,0.0,1336
k3100,0.682984062,0.0,0.0,0.0989,0.260680671,0.0,0.0628,0.0,0.0,0.0,1144
k1215,0.528664188,0.0,0.0,0.0942,0.0818,0.0,0.0628,0.0,0.0,0.344211963,1002
k1491,0.569698078,0.0,0.0,0.105692232,0.260680671,0.0,0.0628,0.0,0.0,0.0,1766
k2943,0.503611181,0.0,0.0,0.10525105,0.104272273,0.0,0.0628,0.0,0.0,0.0,1346
k2527,0.543069865,0.0,0.0,0.378805479,0.0,0.0,0.0628,0.0,0.0,0.411928588,1748
k2567,0.448260915,0.0959,0.0,0.09,0.210354829,0.0,0.0628,0.0,0.0313,0.273709347,351
k710,0.34757525,0.21195083,0.0,0.194762744,0.0782,0.0,0.0628,0.0,0.0,0.0,1010
k3071,0.55576829,0.0,0.0,0.151476404,0.0782,0.0,0.0628,0.125,0.0,0.0,1242
k2198,0.532482483,0.0,0.0,0.364932803,0.0,0.0,0.0628,0.0,0.0,0.0,2749
k693,0.549109752,0.0,0.0,0.144464269,0.130340334,0.0,0.0628,0.0,0.0,0.0,849
k1821,0.682726843,0.0,0.0,0.0725,0.364952945,0.0,0.0628,0.0,0.0,0.0,2035
k2940,0.428583085,0.0,0.0,0.136811525,0.0,0.0,0.0628,0.0,0.0,0.351205367,2523
k1787,0.531722988,0.0,0.0,0.0827,0.312816823,0.0,0.0628,0.0,0.0,0.414032295,15
k2810,0.659690355,0.0,0.0,0.124741239,0.288366256,0.0,0.0628,0.0,0.0,0.0,1532
k306,0.542770038,0.0,0.0,0.0909,0.238233186,0.0,0.0628,0.0,0.0,0.452069593,3295
k1890,0.6818561,0.0,0.0,0.0755,0.260680671,0.0,0.0628,0.0,0.0,0.0,131
k848,0.563776836,0.0,0.0,0.130159473,0.156408411,0.0,0.0628,0.0,0.0,0.0,3041
k654,0.524510409,0.0,0.0,0.115729497,0.104272273,0.0,0.0628,0.0,0.125,0.0,1647
k2886,0.574189531,0.0,0.0,0.109012906,0.0,0.0,0.0628,0.0,0.0938,0.30998408,1632
k3379,0.499903873,0.0,0.0,0.123408208,0.208544548,0.0,0.0628,0.0,0.0,0.474357516,1063
k1568,0.498975612,0.0,0.0,0.0967,0.210354829,0.0,0.0628,0.0,0.0,0.0,2694
k2235,0.574026569,0.0,0.0,0.132486401,0.260680671,0.0,0.0628,0.0,0.0,0.0,259
k1757,0.659610982,0.0,0.0,0.133109515,0.236230119,0.0,0.0628,0.0,0.0,0.0,1484
k1115,0.621821049,0.0,0.0,0.0706,0.368573507,0.0,0.0628,0.0,0.0,0.0,993
k902,0.52725787,0.0,0.0,0.106155332,0.111513405,0.0,0.0628,0.0,0.0625,0.23510348,1339
k1579,0.361671672,0.0,0.0,0.113937039,0.151611157,0.0,0.470982343,0.0,0.21875,0.0,1512
k3230,0.574012485,0.0,0.0,0.134194588,0.260680671,0.0,0.0628,0.125,0.0,0.0,1800
k3244,0.678865864,0.0,0.0,0.140409573,0.262298195,0.0,0.0628,0.0,0.0,0.0,1560
k1360,0.586278643,0.0,0.0,0.0811,0.292179589,0.0,0.0628,0.0,0.0,0.384580396,1853
k2461,0.361909091,0.0,0.0,0.108418241,0.152878347,0.0,0.0628,0.0,0.1875,0.0,2066
k1201,0.36195756,0.0,0.0,0.0956,0.253620587,0.0,0.0628,0.0625,0.15625,0.0,635
k2187,0.359956301,0.0,0.0,0.0886,0.130340334,0.0,0.0628,0.0,0.0313,0.0,1850
k1669,0.657077953,0.0,0.0,0.0729,0.286748747,0.0,0.0628,0.0,0.0,0.0,2126
k131,0.334843603,0.534056544,0.0,0.193476456,0.0782,0.0,0.0628,0.0,0.0,0.0,133
k3155,0.361994397,0.436612366,0.0,0.148669397,0.205014485,0.0,0.0628,0.0,0.0,0.0,1167
k779,0.523172373,0.0,0.0,0.126691896,0.0558,0.0,0.0628,0.0313,0.0625,0.341027974,748
k2029,0.577537713,0.0,0.0,0.0646,0.158218692,0.0,0.0628,0.0,0.0,0.370479873,2501
k2769,0.431493024,0.0,0.0,0.0961,0.182476472,0.0,0.0628,0.0,0.0,0.391062088,639
k1012,0.361668804,0.0,0.0,0.0963,0.074,0.0,0.48942368,0.0,0.28125,0.0,1662
k2117,0.504904702,0.0,0.0,0.106452891,0.205211275,0.0,0.0628,0.0,0.3125,0.354389356,1239
k997,0.682715384,0.0,0.0,0.0768,0.364952945,0.0,0.0628,0.0,0.0,0.0,426
k1456,0.361990519,0.0,0.0,0.126795583,0.181933397,0.0,0.0628,0.0,0.1875,0.0,3045
k593,0.613133374,0.0,0.0,0.114560148,0.181209282,0.0,0.0628,0.0,0.21875,0.0,123
k1181,0.548573891,0.0,0.0,0.116275856,0.182476472,0.0,0.0628,0.0,0.0,0.0,53
k2573,0.361670824,0.0,0.0,0.101221175,0.100108622,0.0,0.484762929,0.0,0.28125,0.0,267
k641,0.57420778,0.0,0.0,0.107318725,0.156408411,0.0,0.0628,0.0,0.0,0.0,1191
k1166,0.574202412,0.0,0.0,0.230845575,0.131957843,0.0,0.0628,0.0,0.0,0.0,975
k533,0.574138347,0.0,0.0,0.119063552,0.370980423,0.0,0.525365242,0.0,0.0938,0.0,3311
k78,0.502714579,0.0,0.0,0.139393137,0.156408411,0.0,0.0628,0.0,0.28125,0.509438253,3215
k1132,0.52892745,0.0,0.0,0.124390214,0.39587182,0.0,0.0628,0.0,0.0,0.0,833
k2748,0.362101393,0.0,0.0,0.134808169,0.126810292,0.0,0.0628,0.0,0.0938,0.422617694,883
k2168,0.573789501,0.0,0.0,0.102188238,0.338703859,0.0,1.0,0.0,0.0313,0.0,1104
k1737,0.528932143,0.0,0.0,0.120752098,0.39587182,0.0,0.0628,0.0,0.0,0.0,81
k1219,0.520864448,0.149850448,0.0,0.0967,0.0558,0.0,0.0628,0.0,0.0625,0.22577894,1661
k1141,0.574191143,0.0,0.0,0.105692232,0.286748747,0.0,0.0628,0.0,0.0,0.0,1386
k3068,0.362014754,0.0,0.0,0.198528968,0.074,0.0,0.358967464,0.0,0.0625,0.0,595
k2873,0.497769214,0.0,0.0,0.118881174,0.156408411,0.0,0.0628,0.0,0.0,0.0,1755
k2139,0.574185702,0.0,0.0,0.105692232,0.286748747,0.0,0.0628,0.0,0.0,0.0,1840
k3208,0.527275327,0.0,0.0,0.0898,0.0836,0.0,0.0628,0.0,0.0625,0.244371162,3415
k99,0.52545244,0.0,0.0333,0.113673192,0.106082552,0.0,0.0628,0.0,0.0,0.382931544,2992
k102,0.54114791,0.0,0.0,0.220753395,0.0,0.0,0.0628,0.0,0.0,0.28371617,155
k391,0.514444202,0.133597702,0.0,0.207376061,0.0,0.0,0.0628,0.125,0.0,0.0,738
k265,0.53258569,0.0,0.0,0.137946194,0.109703114,0.0,0.0628,0.0,0.0,0.48715033,2323
k1642,0.548388993,0.0,0.0,0.0496,0.240043452,0.0,0.0628,0.0,0.0,0.286502161,2828
k2680,0.538876846,0.0,0.0,0.0704,0.234612624,0.0,0.0628,0.0,0.0,0.358767341,435
k1548,0.573625938,0.754542814,0.0,0.208510406,0.0782,0.0,0.0628,0.0,0.0,0.0,3413
k2503,0.680553401,0.0,0.0,0.0968,0.315092565,0.0,0.0628,0.0,0.0,0.0,699
k1126,0.538551375,0.0,0.0,0.0771,0.340695165,0.0,0.0628,0.0,0.0,0.0,520
k405,0.53336519,0.0,0.0,0.121753841,0.0279,0.0,0.0628,0.0,0.0,0.279565613,2457
k1331,0.532945397,0.0,0.0,0.141830728,0.130340334,0.0,0.0628,0.0,0.0,0.45081874,421
k400,0.520773515,0.0,0.0,0.0897,0.0836,0.0,0.0628,0.0,0.0625,0.234080055,1064
k724,0.362093395,0.456548602,0.0,0.124747619,0.126810292,0.0,0.0628,0.0,0.0,0.0,1848
k834,0.518734773,0.0,0.0,0.124071461,0.245474294,0.0,0.405911087,0.0,0.0938,0.269729361,2305
k3052,0.597642638,0.0,0.0,0.181857156,0.0,0.0,0.0628,0.0,0.0,0.0,2565
k3113,0.361676842,0.0,0.0,0.0964,0.230448973,0.0,0.481737922,0.0,0.34375,0.0,2171
k412,0.566075661,0.0,0.0,0.203782803,0.0776,0.0,0.0628,0.0,0.0,0.0,121
k2796,0.362070857,0.0,0.0,0.0803,0.283218698,0.0,0.0628,0.0,0.0,0.0,2334
k3290,0.501356075,0.0,0.0,0.141146723,0.179776802,0.0,0.0628,0.0,0.0,0.467705254,2437
k1198,0.448272749,0.0982,0.0,0.104194001,0.213975391,0.0,0.0628,0.0,0.125,0.255458267,2910
k890,0.549085364,0.306324421,0.0,0.268338817,0.0,0.0,0.0628,0.0625,0.0,0.0,3062
k2125,0.681782527,0.0,0.0,0.0755,0.260680671,0.0,0.0628,0.0,0.0,0.0,228
k2904,0.681456599,0.0,0.0,0.101125434,0.234612624,0.0,0.0628,0.0,0.0,0.0,2905
k243,0.504904658,0.0,0.0,0.0931,0.207910931,0.0,0.0628,0.0313,0.3125,0.354901069,3107
k3333,0.600205972,0.0,0.0,0.260886438,0.130340334,0.0,0.0628,0.0,0.0,0.0,2500
k886,0.50042861,0.0,0.0,0.129457152,0.104272273,0.0,0.0628,0.0,0.0,0.506595406,1023
k340,0.362002192,0.400106113,0.0,0.173123087,0.152878347,0.0,0.0628,0.0,0.0,0.0,2057
k1049,0.530487965,0.0,0.0,0.293393227,0.0261,0.0,0.0628,0.0,0.0,0.0,1349
k2346,0.574188691,0.0,0.0,0.110489639,0.234612624,0.0,0.0628,0.0,0.0,0.0,2507
k2783,0.447878411,0.0,0.0,0.0923,0.0,0.0,0.0628,0.0,0.0313,0.311519218,3304
k2991,0.448250615,0.0878,0.0,0.110381387,0.184286753,0.0,0.0628,0.0,0.0313,0.328405731,1548
k915,0.548571819,0.0,0.0667,0.0879,0.208544548,0.0,0.0628,0.0,0.0,0.0,1033
k1678,0.53131234,0.0,0.0,0.134290579,0.0782,0.0,0.0628,0.0,0.0,0.46554469,846
k37,0.381345745,0.0,0.0,0.183347965,0.0782,0.0,0.0628,0.0,0.0,0.0,3222
k626,0.535668636,0.0,0.0,0.137444092,0.133380844,0.0,0.0628,0.0313,0.0,0.499829429,2808
k2148,0.527404825,0.0,0.0,0.103527076,0.0836,0.0,0.0628,0.0,0.0625,0.238856038,1435
k1941,0.574215749,0.0,0.0,0.179913775,0.103638676,0.0,0.0628,0.0,0.0625,0.0,2150
k2931,0.574151563,0.0,0.0,0.0955,0.297610446,0.0,0.0628,0.0,0.0,0.313679782,253
k1775,0.498948288,0.0,0.0,0.0927,0.210354829,0.0,0.0628,0.0,0.0,0.326017739,472
k3130,0.57420198,0.0,0.0,0.266609116,0.104272273,0.0,0.0628,0.0,0.0,0.0,995
k2090,0.573226942,0.0,0.0,0.123512665,0.262490952,0.0,0.0628,0.0,0.0,0.0,1338
k477,0.577561087,0.0,0.0,0.046,0.34735623,0.0,0.0628,0.0,0.0,0.204343871,1446
k1991,0.558600713,0.0,0.0,0.189599144,0.0,0.0,0.0628,0.0,0.0,0.240334319,1094
k2703,0.350297935,0.0,0.0667,0.131651798,0.106082552,0.0,0.0628,0.0,0.0313,0.0,698
k2975,0.541709197,0.757584036,0.0,0.103553217,0.130340334,0.0,0.0628,0.0,0.0,0.393279509,3158
k3377,0.362091537,0.0,0.0,0.114108788,0.257150622,0.0,0.0628,0.0,0.0,0.0,1829
k823,0.350205762,0.684671994,0.0,0.136739314,0.161839254,0.0,0.0628,0.0,0.0,0.439617921,854
k627,0.359684105,0.0,0.0,0.117633584,0.123280239,0.0,0.0628,0.0,0.0,0.333011144,3286
k208,0.574181009,0.0,0.0,0.110489639,0.234612624,0.0,0.0628,0.0,0.0,0.0,794
k2669,0.362065283,0.318026877,0.0,0.146748951,0.126810292,0.0,0.0628,0.0,0.0625,0.0,2036
k746,0.478019561,0.0,0.0,0.150681095,0.0935,0.0,0.0628,0.0,0.0,0.0,2979
k1298,0.606192652,0.0,0.0,0.0927,0.208544548,0.0,0.0628,0.0,0.0,0.436547646,3375
k1700,0.531458523,0.0,0.0,0.11825908,0.104272273,0.0,0.0628,0.0,0.0,0.41096202,1287
k2512,0.522564094,0.0,0.0,0.107072007,0.208544548,0.0,0.0628,0.0,0.0,0.604844212,2401
k1479,0.574179975,0.0,0.0,0.141368319,0.182476472,0.0,0.0628,0.0,0.0,0.0,3331
k1,0.444003165,0.0,0.0,0.0994,0.289024489,0.0,0.0628,0.0,0.25,0.377473277,2494
k214,0.51866404,0.0,0.0,0.123148134,0.234612624,0.0,0.0628,0.0,0.15625,0.497327723,2336
k716,0.573859826,0.0,0.0,0.165436755,0.156408411,0.0,0.0628,0.0,0.0,0.0,2766
k2656,0.503552387,0.0,0.0,0.109017029,0.0776,0.0,0.0628,0.0,0.25,0.0,1025
k1783,0.573951357,0.0,0.0,0.147612523,0.184286753,0.0,0.0628,0.0,0.0,0.0,1899
k2534,0.515447574,0.0,0.0,0.075,0.157585089,0.0,0.0628,0.0313,0.125,0.347850807,1190
k2040,0.362073119,0.0,0.0,0.0744,0.283218698,0.0,0.0628,0.0,0.0,0.0,2081
k741,0.490201848,0.0,0.0333,0.206895682,0.0782,0.0,0.0628,0.0,0.0,0.0,564
k1656,0.362001869,0.41827918,0.0,0.194328263,0.100742219,0.0,0.0628,0.0,0.0,0.0,1802
k2361,0.574131848,0.0,0.0,0.139086719,0.21216511,0.0,0.0628,0.0,0.0,0.0,442
k3019,0.544318613,0.0,0.0,0.133823406,0.104272273,0.0,0.0628,0.0,0.0,0.454514442,1569
k2065,0.556017996,0.0,0.0,0.103416962,0.215785672,0.0,0.0628,0.0,0.0313,0.0,1111
k1596,0.531499403,0.0,0.0,0.128355596,0.104272273,0.0,0.0628,0.0,0.0,0.403854901,744
k2994,0.600719614,0.0,0.0,0.074,0.366129638,0.0,0.0628,0.0,0.1875,0.0,2330
k2907,0.539473258,0.0,0.0,0.0715,0.364952945,0.0,0.0628,0.0,0.0,0.0,2922
k1004,0.571724323,0.0,0.0,0.11096163,0.184286753,0.0,0.0628,0.0,0.0,0.346429384,225
k1496,0.565852629,0.0,0.0,0.147899134,0.104272273,0.0,0.0628,0.0,0.0,0.446895611,273
k1007,0.573789526,0.0,0.0,0.18878015,0.156408411,0.0,0.0628,0.0938,0.0,0.0,594
k1100,0.593567319,0.0,0.0,0.235415605,0.0,0.0,0.0628,0.0,0.0,0.191096202,3410
k725,0.529757483,0.0,0.0,0.0867,0.104272273,0.0,0.0628,0.0,0.0,0.408289743,3345
k1940,0.682883331,0.0,0.0,0.0954,0.286748747,0.0,0.0628,0.0,0.0938,0.0,684
k1593,0.617146313,0.0,0.0,0.165587952,0.208544548,0.0,0.0628,0.0,0.125,0.0,1148
k1981,0.362107411,0.159578206,0.0,0.116172915,0.309286759,0.0,0.0628,0.0,0.28125,0.0,2470
k420,0.677946081,0.0,0.0,0.140409573,0.262298195,0.0,0.0628,0.0,0.0,0.0,3358
k1541,0.36190077,0.0,0.0,0.132137067,0.281498915,0.0,0.0628,0.0,0.0,0.0,958
k2141,0.573964456,0.0,0.0,0.139541061,0.131517019,0.0,0.436743748,0.0,0.125,0.459688424,366
k1805,0.350272488,0.231833232,0.0333,0.164318789,0.0836,0.0,0.0628,0.1875,0.0313,0.403513759,2725
k1257,0.574204363,0.0,0.0,0.164444124,0.132616081,0.0,0.0628,0.0,0.0,0.0,3186
k238,0.535809548,0.0,0.0,0.165700426,0.0,0.0,0.0628,0.0,0.0,0.0,1464
k995,0.573741351,0.0,0.0,0.158789817,0.156408411,0.0,0.0628,0.0,0.0,0.0,1113
k923,0.594867562,0.0,0.0,0.0912,0.234612624,0.0,0.0628,0.0,0.0,0.0,2811
k3142,0.361912322,0.0,0.0,0.144172053,0.126086178,0.0,0.422425383,0.0,0.15625,0.497668865,2559
k80,0.582256362,0.0,0.0,0.145436722,0.0782,0.0,0.0628,0.0,0.0,0.0,1769
k1730,0.573870756,0.0,0.0,0.14731822,0.104272273,0.0,0.0628,0.0,0.0,0.0,2672
k2686,0.49360472,0.0,0.0,0.166364225,0.0782,0.0,0.0628,0.0,0.0,0.440243348,2639
k3257,0.361742235,0.0,0.0,0.124315771,0.126810292,0.0,0.0628,0.0313,0.0625,0.0,861
k2374,0.504897384,0.0,0.0,0.0743,0.104272273,0.0,0.0628,0.0,0.0,0.332783716,2782
k781,0.362084509,0.0,0.0,0.0803,0.283218698,0.0,0.0628,0.0,0.0,0.0,307
k1899,0.361800641,0.468564861,0.0,0.13156442,0.149348298,0.0,0.0628,0.0,0.0,0.0,2459
k275,0.593173744,0.0,0.0,0.11598232,0.103638676,0.0,0.466680111,0.0,0.34375,0.0,1863
k2199,0.38216112,0.489990884,0.0,0.0995,0.2884685,0.0,0.0628,0.0,0.0313,0.516261087,88
k2209,0.361601432,0.154783058,0.0,0.098,0.328294722,0.0,0.0628,0.0,0.25,0.0,3316
k3315,0.573274611,0.0,0.0,0.125933002,0.317667593,0.0,0.0628,0.0,0.0,0.0,1672
k2663,0.460060496,0.0,0.0,0.133932478,0.0491,0.0,0.0628,0.0,0.0,0.0,2792
k1119,0.512783844,0.863373763,0.0,0.12553829,0.189717596,0.0,0.0628,0.0,0.0625,0.430122811,2223
k2407,0.527286427,0.0,0.0,0.105361884,0.0558,0.0,0.0628,0.0,0.0313,0.332954287,2889
k1437,0.591260093,0.0,0.0,0.134575103,0.0782,0.0,0.0628,0.0,0.0,0.0,1183
k483,0.592955284,0.0,0.0,0.100582052,0.156408411,0.0,0.0628,0.0,0.0,0.0,1581
k876,0.681874902,0.0,0.0,0.0768,0.364952945,0.0,0.0628,0.0,0.0,0.0,703
k1764,0.535668034,0.0,0.0,0.121339342,0.0,0.0,0.0628,0.0,0.46875,0.404480327,3063
k2923,0.574114682,0.0,0.0,0.0988,0.260680671,0.0,0.0628,0.0,0.0,0.0,3296
k2151,0.503619558,0.0,0.0,0.13700244,0.104272273,0.0,0.0628,0.0,0.0625,0.0,1381
k743,0.657061728,0.0,0.0,0.0677,0.286748747,0.0,0.0628,0.0,0.0,0.0,3359
k294,0.31741253,0.0,0.0,0.119845235,0.103005069,0.0,0.0628,0.0,0.0313,0.0,3324
k2336,0.361596544,0.0,0.0,0.0948,0.328294722,0.0,0.0628,0.0,0.0,0.0,875
k2296,0.362023398,0.0,0.0,0.0758,0.126810292,0.0,0.0628,0.0,0.0,0.383556971,3318
k2100,0.425767541,0.0,0.0,0.170737004,0.0782,0.0,0.0628,0.0,0.0625,0.0,2784
k1718,0.359693112,0.0,0.0,0.0792,0.201484436,0.0,0.0628,0.0,0.0,0.0,3219
k2597,0.498522836,0.0,0.0,0.126532681,0.130340334,0.0,0.0628,0.0,0.0,0.461109848,466
k561,0.362113874,0.0,0.0,0.186370958,0.126810292,0.0,0.0628,0.0,0.0,0.0,3177
k957,0.44132285,0.0,0.0,0.124942158,0.104272273,0.0,0.0628,0.0313,0.0,0.0,1496
k228,0.528267673,0.0,0.0,0.10750259,0.160028973,0.0,0.0628,0.0,0.0,0.270809643,1789
k2835,0.57422201,0.0,0.0,0.130159473,0.182476472,0.0,0.0628,0.0,0.0,0.0,84
k48,0.350273013,0.0375,0.0333,0.224181938,0.0558,0.0,0.0628,0.15625,0.0313,0.54321128,632
k128,0.500308936,0.0,0.0,0.0968,0.155141206,0.0,0.0628,0.0,0.0938,0.280702752,3056
k89,0.514016581,0.0,0.0,0.111210009,0.208544548,0.0,0.0628,0.0,0.25,0.456902433,2113
k1466,0.53424831,0.0,0.0333,0.150206104,0.0781,0.0,0.341131128,0.0313,0.0313,0.396861496,3319
k11,0.571780108,0.0,0.0,0.190767622,0.104272273,0.0,0.0628,0.0,0.0,0.0,1884
k3123,0.520937802,0.0,0.0,0.113365904,0.106082552,0.0,0.0628,0.0,0.0,0.367295884,2164
k1585,0.361996053,0.0,0.0,0.082,0.178946423,0.0,0.0628,0.0,0.0,0.360018194,1332
k2797,0.565894159,0.0,0.0,0.0944,0.236422905,0.0,0.0628,0.0,0.0,0.0,1468
k3091,0.36205878,0.177165695,0.0,0.14366355,0.540369334,0.0,0.0628,0.34375,0.53125,0.0,2258
k919,0.440648642,0.514050977,0.0333,0.239713225,0.0758,0.0,0.0628,0.21875,0.0,0.0,618
k1452,0.347307941,0.357243261,0.0,0.135959889,0.0,0.0,0.0628,0.0,0.0313,0.0,1511
k2508,0.542823193,0.0,0.0,0.110198588,0.132150615,0.0,0.0628,0.0,0.0,0.442517626,122
k871,0.362089033,0.0,0.0,0.106674563,0.2583273,0.0,0.0628,0.0,0.1875,0.0,2428
k3221,0.515299876,0.0,0.233333333,0.13978877,0.104272273,0.0,0.0628,0.0938,0.0,0.44001592,347
k1304,0.361742437,0.0,0.0,0.0946,0.126810292,0.0,0.0628,0.0,0.0625,0.0,2368
k3373,0.518434243,0.0,0.0,0.11613034,0.0818,0.25,0.0628,0.0,0.0,0.31800091,2789
k3171,0.593339982,0.0,0.0,0.0823,0.286748747,0.0,0.0628,0.0,0.0,0.0,723
k668,0.548106618,0.0,0.0,0.258715909,0.0279,0.0,0.0628,0.0,0.0,0.282692745,2607
k571,0.57419916,0.0,0.0,0.164476542,0.0502,0.0,0.358989872,0.0,0.0313,0.0,2883
k3382,0.54276551,0.0,0.0,0.118099245,0.0,0.0,0.0628,0.0,0.0,0.400784626,279
k3281,0.501188032,0.0,0.0,0.151490826,0.156408411,0.0,0.0628,0.0,0.0,0.478792358,725
k398,0.428437233,0.554277197,0.0,0.167283128,0.0533,0.0,0.291924352,0.0,0.0,0.552422106,2481
k2465,0.679568613,0.0,0.0,0.0835,0.156408411,0.0,0.0628,0.0,0.0625,0.0,311
k1989,0.361917654,0.0,0.0,0.147655119,0.202480103,0.0,0.439343013,0.0,0.15625,0.0,1759
k472,0.574176626,0.0,0.0,0.192165789,0.104272273,0.0,0.0628,0.0,0.0,0.0,2710
k573,0.347154616,0.0,0.0,0.202633141,0.0,0.0,0.0628,0.0,0.0,0.0,938
k1836,0.59802702,0.0,0.0,0.0855,0.238233186,0.0,0.0628,0.0,0.0,0.0,2986
k428,0.503609492,0.0,0.0,0.0782,0.0782,0.0,0.0628,0.0,0.0,0.0,2301
k1122,0.542762258,0.0,0.0,0.0873,0.21216511,0.0,0.0628,0.0,0.0,0.454400728,2442
k267,0.521427343,0.0,0.0,0.148241692,0.0782,0.0,0.0628,0.0938,0.0938,0.359051626,2953
k1925,0.362089922,0.516329192,0.0,0.126755123,0.205014485,0.0,0.0628,0.0625,0.0,0.0,1444
k1255,0.57269741,0.0,0.0,0.173030248,0.182476472,0.0,0.0628,0.0,0.0,0.0,23
k2518,0.556473232,0.0,0.0,0.0966,0.08,0.0,0.0628,0.0,0.0,0.281555606,1491
k259,0.347224695,0.560208043,0.0,0.185075163,0.0972,0.0,0.0628,0.0,0.0313,0.0,371
k458,0.502166055,1.0,0.0,0.126853196,0.0515,0.0,0.467621224,0.0625,0.0,0.363770753,2270
k1111,0.574203325,0.0,0.0,0.0918,0.208544548,0.0,0.0628,0.0,0.0,0.0,2767
k367,0.581878891,0.0,0.0,0.142369687,0.130340334,0.0,0.0628,0.0,0.0,0.0,2361
k2130,0.499221562,0.0,0.0,0.0981,0.184286753,0.0,0.0628,0.0,0.0,0.463725267,1818
k210,0.361999648,0.0,0.0,0.134132926,0.126810292,0.0,0.0628,0.0,0.0625,0.403172618,1623
k1251,0.527322609,0.0,0.0,0.123640803,0.0558,0.0,0.0628,0.0,0.0625,0.296679554,2925
k1242,0.502578363,0.0,0.0,0.222563058,0.0,0.0,0.0628,0.0,0.0,0.45491244,1477
k2063,0.448262046,0.0864,0.0,0.069,0.236422905,0.0,0.0628,0.0,0.0313,0.302592677,2443
k504,0.520810445,0.0,0.0,0.127357901,0.0,0.0,0.0628,0.0,0.0313,0.390891517,3284
k2583,0.59627453,0.0,0.0,0.0813,0.130340334,0.0,0.0628,0.0,0.0,0.400727769,428
k2064,0.575852801,0.0,0.0,0.0538,0.0836,0.0,0.0628,0.0,0.0,0.203149875,1806
k2576,0.361724261,0.0,0.0,0.0792,0.201484436,0.0,0.0628,0.0,0.0,0.0,1015
k2733,0.544965001,0.0,0.0,0.062,0.111513405,0.0,0.0628,0.0,0.0,0.200136457,1237
k342,0.50465141,0.0,0.0,0.0781,0.312816823,0.0,0.0628,0.0,0.0,0.34296111,3258
k856,0.504904682,0.0,0.0,0.0985,0.236888367,0.0,0.0628,0.0,0.25,0.351262224,1778
k2922,0.5554219,0.0,0.0,0.12119522,0.208544548,0.0,0.0628,0.0,0.0,0.0,746
k2023,0.54657203,0.30356313,0.0,0.260239294,0.0,0.0,0.0628,0.125,0.0,0.0,1085
k3020,0.585613115,0.0,0.0,0.0963,0.208544548,0.0,0.0628,0.0,0.0,0.0,2847
k39,0.347520762,0.0,0.0,0.152896143,0.104272273,0.0,0.0628,0.0,0.0,0.0,1194
k1903,0.512762659,0.603661231,0.0,0.172871676,0.0,0.0,0.0628,0.0,0.0938,0.660848306,2557
k1155,0.519869643,0.0,0.0,0.104721,0.158218692,0.0,0.0628,0.0,0.0938,0.401125768,1691
k3121,0.681328494,0.0,0.0,0.0995,0.262956413,0.0,0.0628,0.0,0.0,0.0,1580
k347,0.572667678,0.0,0.0,0.198608975,0.0279,0.0,0.0628,0.0,0.0,0.345917671,2967
k1233,0.606895809,0.0,0.0,0.0737,0.208544548,0.0,0.0628,0.0,0.0938,0.328633159,3118
k1574,0.563522942,0.0,0.0,0.0735,0.262490952,0.0,0.0628,0.0,0.0,0.398794633,651
k2156,0.681295802,0.0,0.0,0.0701,0.312816823,0.0,0.0628,0.0,0.0,0.0,2544
k223,0.581768219,0.0,0.0,0.102908459,0.208544548,0.0,0.0628,0.0,0.0,0.0,255
k2654,0.431668927,0.0,0.0,0.0869,0.207910931,0.0,0.0628,0.0,0.15625,0.331078008,2957
k165,0.498054432,0.635183419,0.0,0.0924,0.132150615,0.0,0.0628,0.0313,0.0,0.299067546,1352
k184,0.362019278,0.0,0.0,0.0568,0.126810292,0.0,0.0628,0.0,0.0,0.0,831
k914,0.570823993,0.0,0.0,0.0796,0.111513405,0.0,0.0628,0.0,0.0,0.245565158,1026
k2459,0.360598116,0.0,0.0,0.0878,0.231082561,0.0,0.0628,0.0,0.0,0.0,2277
k1835,0.57409109,0.0,0.0,0.176305024,0.156408411,0.0,0.0628,0.0,0.0,0.0,2597
k1276,0.529020644,0.0,0.0,0.317270127,0.0,0.0,0.0628,0.0,0.0,0.515863088,222
k2049,0.548519553,0.0,0.0,0.121170966,0.208544548,0.0,0.0628,0.0,0.0,0.0,1358
k277,0.560079542,0.0,0.0,0.165225186,0.0521,0.0,0.0628,0.0,0.0625,0.481294064,1677
k844,0.318204035,0.0,0.0,0.143712822,0.104272273,0.0,0.0628,0.0,0.0,0.0,1554
k1379,0.434954624,0.0,0.0333,0.0709,0.0,0.0,0.0628,0.0,0.0625,0.271662497,759
k1650,0.33939431,0.0,0.0,0.067,0.208544548,0.0,0.0628,0.0,0.0,0.0,3281
k1262,0.527582571,0.0,0.0,0.215425151,0.0,0.0,0.0628,0.0,0.0,0.450648169,2563
k1390,0.498171146,0.0,0.0,0.113310052,0.184286753,0.0,0.0628,0.0,0.0,0.0,2602
k1033,0.435133234,0.211655514,0.0,0.0681,0.215785672,0.0,0.0628,0.0,0.0,0.281441892,1324
k1704,0.582123758,0.0,0.0,0.129967767,0.156408411,0.0,0.0628,0.0,0.0,0.0,501
k2200,0.545650923,0.0,0.0,0.0867,0.161259196,0.0,0.0628,0.0,0.0,0.401239481,3241
k183,0.532088277,0.0,0.0,0.110630287,0.235789288,0.0,0.0628,0.0,0.1875,0.0,1888
k1171,0.361766308,0.0,0.0,0.147239604,0.227552512,0.0,0.0628,0.0,0.0,0.0,1845
k3368,0.542812073,0.0,0.0,0.0924,0.129706739,0.0,0.0628,0.0,0.0313,0.41300887,127
k3227,0.504578294,0.0,0.0,0.0809,0.0776,0.0,0.0628,0.0,0.1875,0.34239254,2506
k3045,0.503466875,0.0,0.0,0.115646637,0.129706739,0.0,0.46466344,0.0,0.21875,0.0,1447
k3064,0.573785167,0.0,0.0,0.137525836,0.103005069,0.0,0.452227301,0.0,0.0938,0.0,241
k2163,0.52441274,0.0,0.0,0.117903066,0.130340334,0.0,0.0628,0.0,0.0313,0.460598135,2914
k570,0.362092547,0.0,0.0,0.0642,0.152878347,0.0,0.0628,0.0,0.0,0.321980896,3230
k2538,0.555972758,0.717809285,0.0,0.139542498,0.495293266,0.0,0.0628,0.1875,0.8125,0.0,1170
k1362,0.577094469,0.0,0.0,0.111939513,0.137581467,0.0,0.0628,0.0313,0.125,0.352967933,3200
k738,0.574266258,0.0,0.0,0.121746594,0.234612624,0.0,0.0628,0.0,0.0,0.0,2221
k2905,0.498162987,0.0,0.0,0.0972,0.184286753,0.0,0.0628,0.0,0.0,0.0,870
k3299,0.543425335,0.0,0.0333,0.112652013,0.208544548,0.0,0.0628,0.0313,0.0938,0.0,1611
k524,0.521494537,0.0,0.0,0.153935068,0.156408411,0.0,0.0628,0.0313,0.0938,0.0,1097
k3028,0.347547824,0.170682441,0.0,0.183122249,0.0,0.0,0.0628,0.0,0.0,0.45343416,481
k193,0.361916321,0.0,0.0,0.179239923,0.176412027,0.0,0.353724119,0.0,0.15625,0.0,2233
k3012,0.583632104,0.0,0.0,0.0846,0.264301232,0.0,0.0628,0.0,0.0,0.0,2987
k538,0.361676882,0.0,0.0,0.116209081,0.152878347,0.0,0.470870306,0.0,0.21875,0.0,164
k1722,0.515197868,0.0,0.0,0.107876079,0.0521,0.0,0.0628,0.0,0.0,0.491755743,3084
k1016,0.526359249,0.0,0.0333,0.308744894,0.0,0.0,0.0628,0.0,0.0,0.294064135,1656
k531,0.51997365,0.0805,0.0,0.0895,0.21701591,0.0,0.0628,0.0,0.0625,0.249204003,3322
k875,0.498156484,0.0,0.0,0.0949,0.155774794,0.0,0.0628,0.0,0.0938,0.0,732
k881,0.681292672,0.0,0.0,0.0725,0.364952945,0.0,0.0628,0.0,0.0,0.0,812
k2901,0.510160323,0.0,0.0,0.101143775,0.0,0.333333333,0.0628,0.0,0.375,0.417557426,1429
k828,0.361823825,0.458269719,0.0,0.144702129,0.175416374,0.0,0.0628,0.0,0.0,0.0,2886
k1433,0.587072369,0.0,0.0,0.112846431,0.0261,0.0,0.0628,0.0,0.0313,0.0,98
k2081,0.504181948,0.0,0.0,0.0677,0.185463431,0.0,0.0628,0.0313,0.125,0.252387992,604
k274,0.572689562,0.0,0.0,0.156725,0.0521,0.0,0.0628,0.0,0.0,0.0,1285
k630,0.574217821,0.0,0.0,0.110489639,0.234612624,0.0,0.0628,0.0,0.0,0.0,1927
k271,0.320235103,0.0,0.0,0.177854963,0.103005069,0.0,0.0628,0.0,0.0313,0.0,204
k2504,0.588812052,0.0,0.0,0.0659,0.156408411,0.0,0.577865914,0.0,0.0,0.0,97
k1350,0.615665991,0.0,0.0,0.108844579,0.155774794,0.0,0.0628,0.0,0.0938,0.0,2587
k1461,0.596272482,0.0,0.0,0.0825,0.234612624,0.0,0.0628,0.0,0.0,0.451899022,3133
k847,0.574182838,0.0,0.0,0.110489639,0.234612624,0.0,0.0628,0.0,0.0,0.0,1670
k2804,0.362093194,0.0,0.0,0.0934,0.231082561,0.0,0.0628,0.0,0.0,0.0,3233
k72,0.515180245,0.0,0.0,0.136501434,0.15939537,0.0,0.0628,0.0313,0.125,0.342335683,1377
k590,0.574175952,0.0,0.0,0.128205469,0.182476472,0.0,0.0628,0.0,0.0,0.0,1030
k2213,0.543816265,0.0,0.0,0.130602296,0.131517019,0.0,0.0628,0.0938,0.0,0.455992722,1519
k2482,0.359693112,0.0,0.0,0.0992,0.175416374,0.0,0.0628,0.0,0.0313,0.0,1051
k1330,0.427980288,0.0,0.0,0.101078045,0.158218692,0.0,0.0628,0.0,0.0,0.343586536,2593
k44,0.446014078,0.0,0.0333,0.105129293,0.130340334,0.0,0.0628,0.0313,0.0,0.0,1091
k1278,0.522210842,0.0,0.0,0.145722808,0.0782,0.0,0.469637895,0.0,0.0,0.435524221,1120
k167,0.572709039,0.0,0.0,0.198269169,0.0782,0.0,0.0628,0.0,0.0,0.0,1147
k1630,0.656462574,0.0,0.0,0.0615,0.208544548,0.0,0.0628,0.0,0.0,0.0,261
k774,0.546489863,0.0,0.0,0.142878665,0.156408411,0.0,0.0628,0.125,0.0,0.703263589,1932
k3143,0.347475443,0.385626143,0.0,0.103778462,0.111513405,0.0,0.0628,0.0,0.0313,0.215430976,44
k1133,0.644691348,0.0,0.0,0.511404763,0.0,0.0,0.0628,0.0,0.0,0.0,1393
k1256,0.361683547,0.0,0.0,0.135504856,0.126810292,0.0,0.471766604,0.0,0.0938,0.0,1693
k281,0.541447814,0.0,0.0,0.37642751,0.0,0.0,0.0628,0.0,0.0,0.0,1871
k2182,0.548567679,0.0,0.0667,0.0892,0.21216511,0.0,0.0628,0.0,0.0,0.0,20
k1344,0.682509927,0.0,0.0,0.0936,0.315092565,0.0,0.0628,0.0,0.0,0.0,1108
k767,0.683591739,0.0,0.0,0.2668637,0.0782,0.0,0.0628,0.0,0.0,0.0,136
k1697,0.361986884,0.492536568,0.0,0.115847086,0.279688634,0.0,0.0628,0.0,0.0,0.0,1158
k1021,0.507329345,0.0,0.0,0.156104322,0.0,0.0,0.0628,0.0,0.0,0.38003184,815
k417,0.570548118,0.231633576,0.0,0.0891,0.0558,0.0,0.0628,0.0,0.125,0.223447805,2574
k1876,0.584905163,0.0,0.0,0.0949,0.260680671,0.0,0.0628,0.0,0.0,0.0,696
k2043,0.532062807,0.0,0.0,0.121097393,0.234612624,0.0,0.0628,0.0,0.0,0.0,1065
k1378,0.573557612,0.0,0.0,0.162454445,0.130340334,0.0,0.0628,0.0,0.0,0.0,3078
k1691,0.334844088,0.0,0.0,0.125147892,0.102371473,0.0,0.0628,0.0,0.1875,0.0,1131
k1949,0.431702573,0.0,0.0,0.15822946,0.08,0.0,0.0628,0.0,0.0625,0.407948601,2567
k525,0.361979048,0.0,0.0,0.115847086,0.279688634,0.0,0.0628,0.0,0.0,0.0,1211
k1415,0.362022792,0.409972534,0.0,0.170798516,0.126810292,0.0,0.0628,0.0625,0.0,0.0,653
k1423,0.431736017,0.0,0.0,0.115318971,0.0782,0.0,0.0628,0.0,0.0,0.285990448,1995
k1503,0.552740692,0.0,0.0,0.149401808,0.234612624,0.0,0.0628,0.0,0.0,0.0,54
k1220,0.361919471,0.0,0.0,0.125428793,0.0982,0.0,0.465918258,0.0,0.15625,0.0,3288
k3361,0.576709485,0.0,0.0,0.0925,0.210354829,0.0,0.0628,0.0,0.125,0.310382079,3147
k1238,0.52427686,0.0,0.0,0.147327853,0.0,0.0,0.0628,0.0,0.0,0.317830339,2295
k2998,0.594656591,0.0,0.0,0.105349128,0.103638676,0.0,0.0628,0.0,0.0938,0.0,234
k279,0.541447333,0.0,0.0,0.447942597,0.0,0.0,0.0628,0.0,0.0,0.0,1775
k221,0.519897428,0.0,0.0,0.132012282,0.0782,0.0,0.0628,0.0,0.0,0.486524903,525
k3247,0.573941655,0.831654978,0.0,0.122362158,0.208544548,0.0,0.0628,0.0,0.0,0.0,547
k416,0.682560654,0.0,0.0,0.0919,0.286748747,0.0,0.0628,0.0,0.0938,0.0,3065
k353,0.504828941,0.0,0.0,0.0921,0.189717596,0.0,0.0628,0.0,0.0,0.233625199,1931
k1381,0.544345191,0.0,0.0,0.227636593,0.0,0.0,0.0628,0.0,0.0,0.659597453,876
k2653,0.522245917,0.0,0.0,0.174851305,0.0,0.0,0.0628,0.0,0.0,0.404707755,2758
k1161,0.675011221,0.0,0.0,0.158741041,0.182336714,0.0,0.0628,0.0,0.0,0.0,714
k292,0.359654983,0.697513999,0.0,0.129651666,0.357892832,0.0,0.0628,0.1875,0.5625,0.0,2079
k1545,0.542775309,0.0,0.0,0.113002568,0.156408411,0.0,0.0628,0.0,0.0,0.0,1937
k2466,0.347484572,0.355078899,0.0,0.180907942,0.0,0.0,0.0628,0.0,0.0,0.429611098,1506
k2011,0.658481913,0.0,0.0,0.0729,0.286748747,0.0,0.0628,0.0,0.0,0.0,2167
k52,0.572613582,0.864496682,0.0,0.170550807,0.130340334,0.0,0.0628,0.0,0.0,0.0,485
k20,0.547157366,0.0,0.0,0.0636,0.30666185,0.0,0.0628,0.0,0.0,0.212133273,159
k796,0.362084833,0.0,0.0,0.0809,0.258960902,0.0,0.0628,0.0,0.0,0.0,3189
k188,0.520265605,0.0,0.0,0.12387424,0.160028973,0.0,0.0628,0.0313,0.0,0.281441892,2296
k3216,0.503449806,0.0,0.0,0.106444625,0.18184287,0.0,0.456888052,0.0,0.1875,0.0,533
k2941,0.574185342,0.0,0.0,0.122362158,0.208544548,0.0,0.0628,0.0,0.0,0.0,1688
k409,0.504461268,0.0,0.0,0.0925,0.182476472,0.0,0.0628,0.0,0.0,0.319024335,50
k1014,0.361913655,0.0,0.0333,0.131503154,0.153964528,0.0,0.474276239,0.0,0.15625,0.421878554,488
k1183,0.498154945,0.0,0.0,0.125268758,0.104272273,0.0,0.0628,0.0,0.0,0.331874005,2031
k91,0.615826574,0.0,0.0,0.0788,0.286115129,0.0,0.0628,0.0,0.125,0.0,966
k2864,0.535877175,0.0,0.0,0.125143523,0.189137553,0.0,0.0628,0.0,0.0,0.362974756,1990
k1089,0.570912902,0.0,0.0,0.0969,0.0279,0.0,0.0628,0.0,0.0,0.224698658,2525
k2879,0.537367777,0.0,0.0,0.127396974,0.187327257,0.0,0.0628,0.0,0.0,0.83625199,3341
k3329,0.362054216,0.0,0.0,0.115398454,0.309286759,0.0,0.0628,0.0,0.0,0.0,323
k2568,0.359636767,0.152866544,0.0,0.152615867,0.149257801,0.0,0.414762033,0.0,0.25,0.633329543,519
k1140,0.679334894,0.0,0.0,0.0912,0.260680671,0.0,0.0628,0.0,0.0,0.0,1298
k2267,0.503990001,0.0963,0.0,0.0845,0.243664014,0.0,0.0628,0.0,0.1875,0.266886514,1327
k3345,0.615798982,0.0,0.0,0.108844579,0.155774794,0.0,0.0628,0.0,0.0938,0.0,1188
k3141,0.606317626,0.0,0.0,0.119136804,0.0782,0.0,0.0628,0.0,0.15625,0.0,1874
k133,0.53671662,0.0,0.0,0.103505877,0.260680671,0.0,0.0628,0.0,0.0,0.624289288,2184
k2959,0.540386323,0.0,0.0,0.102068193,0.234612624,0.0,0.0628,0.0,0.0,0.0,497
k495,0.498149961,0.0,0.0,0.0844,0.210354829,0.0,0.0628,0.0,0.0,0.0,282
k616,0.509826329,0.177876341,0.266666667,0.136516077,0.104272273,0.0,0.0628,0.125,0.0938,0.618148738,2545
k592,0.543802491,0.0,0.0,0.0768,0.0,0.0,0.0628,0.0,0.0,0.334489425,377
k1530,0.540121091,0.0,0.0,0.181875305,0.130340334,0.0,0.0628,0.0938,0.0,0.0,2651
k814,0.574203325,0.0,0.0,0.10456099,0.208544548,0.0,0.0628,0.0,0.0625,0.0,1127
k2271,0.576429154,0.0,0.0,0.125439071,0.0279,0.0,0.0628,0.0,0.0313,0.241926313,103
k2355,0.686038116,0.0,0.0,0.0898,0.264024642,0.0,0.0628,0.0,0.0,0.0,2882
k3366,0.35016945,0.635851651,0.0,0.142007667,0.0794,0.0,0.0628,0.0,0.0,0.523823061,1123
k1834,0.564873883,0.0,0.0,0.178538147,0.156408411,0.0,0.0628,0.0,0.0,0.505685695,735
k3249,0.573588741,0.0,0.0,0.126430906,0.104272273,0.0,0.0628,0.0,0.0,0.339208551,1643
k1710,0.424712485,0.606328835,0.0,0.159664638,0.0,0.0,0.0628,0.0,0.0313,0.307652945,367
k1636,0.361669733,0.0,0.0,0.096,0.15224476,0.0,0.491642018,0.0,0.21875,0.0,1489
k1440,0.563519811,0.0,0.0,0.0754,0.158218692,0.0,0.0628,0.0,0.0,0.381225836,2812
k3220,0.42842657,0.658242626,0.0667,0.156266639,0.0533,0.0,0.29441158,0.0,0.0,0.545599272,3029
k1959,0.54268127,0.0,0.0,0.110914316,0.133684312,0.0,0.0628,0.0,0.15625,0.430918808,2824
k2244,0.569693914,0.0,0.0,0.105692232,0.260680671,0.0,0.0628,0.0,0.0,0.0,1342
k1349,0.652140344,0.0,0.0,0.0679,0.234612624,0.0,0.0628,0.0,0.0,0.308960655,2458
k291,0.595921181,0.0,0.0,0.123407712,0.103638676,0.0,0.0628,0.0,0.0313,0.0,1776
k3293,0.57397293,0.0,0.0,0.103223119,0.290369308,0.0,0.0628,0.0,0.0,0.0,2445
k679,0.501042931,0.0,0.0,0.0747,0.182476472,0.0,0.0628,0.0,0.15625,0.358483057,3193
k694,0.361677852,0.0,0.0,0.101221175,0.100108622,0.0,0.480572735,0.0,0.28125,0.0,1628
k2535,0.5428074,0.0,0.0333,0.0905,0.338884869,0.0,0.0628,0.0313,0.15625,0.4623607,248
k2636,0.574180189,0.0,0.0,0.12025479,0.234612624,0.0,0.0628,0.0,0.0,0.0,925
k1187,0.573578001,0.0,0.0,0.173030248,0.182476472,0.0,0.0628,0.0,0.0,0.0,115
k1882,0.518933562,0.0,0.0,0.146610214,0.0,0.0,0.0628,0.0,0.0313,0.469865818,2966
k2134,0.670059237,0.0,0.0,0.093,0.286748747,0.0,0.0628,0.0,0.0,0.0,3252
k2145,0.35032116,0.17770154,0.0333,0.177049275,0.0,0.0,0.0628,0.0313,0.0,0.0,2253
k3029,0.362086085,0.0,0.0,0.0792,0.231082561,0.0,0.0628,0.0,0.0,0.0,1525
k700,0.498173505,0.24436157,0.0,0.10000233,0.182476472,0.0,0.0628,0.0,0.25,0.0,3109
k119,0.56592524,0.0,0.0,0.0826,0.291599546,0.0,0.0628,0.0,0.0,0.0,1389
k3338,0.43171776,0.0,0.0,0.1586273,0.0279,0.0,0.0628,0.0,0.0313,0.374744144,3229
k2388,0.503615753,0.0,0.0,0.0828,0.234612624,0.0,0.0628,0.0,0.0,0.0,3221
k2935,0.431715902,0.407535831,0.0,0.148220669,0.0,0.0,0.0628,0.0,0.0,0.381623834,468
k517,0.593360565,0.268608472,0.0,0.09,0.338884869,0.0,0.0628,0.0,0.59375,0.0,701
k379,0.583628634,0.0,0.0,0.114732423,0.186097049,0.0,0.0628,0.0,0.0,0.0,376
k2649,0.362092305,0.0,0.0,0.0925,0.152878347,0.0,0.0628,0.0,0.0,0.0,396
k40,0.431293492,0.324274449,0.0,0.162813437,0.0,0.0,0.0628,0.0938,0.0,0.454059586,729
k1239,0.58626901,0.0,0.0,0.314080052,0.156408411,0.0,0.0628,0.0,0.0,0.0,2174
k2016,0.541411894,0.0,0.0,0.125774504,0.104272273,0.0,0.0628,0.0,0.0,0.46906982,2166
k378,0.542824182,0.0,0.0,0.104906876,0.208544548,0.0,0.0628,0.0,0.125,0.419035706,1915
k1121,0.569260634,0.0,0.0,0.109012906,0.0,0.0,0.0628,0.0,0.0313,0.254548556,2480
k1053,0.498172903,0.0,0.0,0.10671738,0.208544548,0.0,0.0628,0.0,0.0,0.0,1578
k3357,0.5738761,0.0,0.0,0.173030248,0.182476472,0.0,0.0628,0.0,0.0,0.0,1462
k1621,0.600728379,0.0,0.0,0.128873536,0.340061562,0.0,0.0628,0.0,0.1875,0.0,1987
k1965,0.574171379,0.0,0.0,0.124440506,0.184286753,0.0,0.0628,0.0,0.0,0.0,2246
k350,0.670539964,0.0,0.0,0.0101,0.0261,0.0,0.0628,0.0,0.0,0.0,789
k713,0.576388493,0.0,0.0,0.109012906,0.0558,0.0,0.0628,0.0,0.0313,0.221002957,1165
k3105,0.520790754,0.0,0.0,0.0959,0.0558,0.0,0.0628,0.0,0.0625,0.232658631,1865
k3287,0.607003257,0.0,0.0,0.12618605,0.131982485,0.0,0.0628,0.0,0.0313,0.0,2734
k3389,0.477986037,0.0,0.0,0.0783,0.234612624,0.0,0.0628,0.0,0.0,0.0,2752
k529,0.528706272,0.195932292,0.0,0.117271069,0.130340334,0.0,0.0628,0.0,0.1875,0.531385035,3206
k2591,0.681456599,0.0,0.0,0.118527321,0.265232155,0.0,0.0628,0.0,0.0,0.0,2004
k3112,0.456682141,0.0,0.0,0.0698,0.0,0.0,0.0628,0.0,0.0,0.241642029,899
k3420,0.6007896,0.0,0.0,0.067,0.375814644,0.0,0.0628,0.0,0.0,0.312826927,824
k1539,0.593244885,0.0,0.0,0.113065841,0.18184287,0.0,0.450591557,0.0,0.3125,0.0,1638
k2708,0.615651114,0.0,0.0,0.0703,0.155774794,0.0,0.0628,0.0,0.125,0.0,2214
k1062,0.573906817,0.0,0.0,0.12165209,0.182476472,0.0,0.0628,0.0,0.0,0.0,475
k2223,0.504924494,0.0,0.0,0.0808,0.262490952,0.0,0.0628,0.0,0.28125,0.389583807,1247
k2304,0.538955621,0.0,0.0,0.0704,0.234612624,0.0,0.0628,0.0,0.0,0.358767341,1427
k1743,0.493494613,0.0,0.0,0.0809,0.133960907,0.0,0.0628,0.0,0.0,0.288435297,3337
k549,0.49205265,0.700457614,0.0,0.124877419,0.368573507,0.0,0.0628,0.0,0.1875,0.364282465,2588
k2607,0.534698126,0.0,0.0,0.330475253,0.0,0.0,0.0628,0.0,0.0,0.0,2903
k2371,0.569694035,0.0,0.0,0.11800911,0.156408411,0.0,0.0628,0.0,0.0,0.0,1061
k2634,0.361784525,0.0,0.0,0.117778776,0.227552512,0.0,0.0628,0.0,0.0,0.463384126,1093
k2260,0.6825497,0.0,0.0,0.136647267,0.286748747,0.0,0.0628,0.0,0.0,0.0,1835
k782,0.362080511,0.0,0.0,0.0874,0.126810292,0.0,0.0628,0.0,0.1875,0.0,3276
k226,0.362103332,0.769306657,0.0,0.209406275,0.100742219,0.0,0.0628,0.0,0.0,0.0,2897
k785,0.541473454,0.0,0.0,0.179407084,0.105889781,0.0,0.0628,0.0,0.21875,0.459233568,2684
k907,0.536718163,0.0,0.0,0.109587414,0.208544548,0.0,0.0628,0.0,0.0,0.615476461,1228
k2850,0.361985551,0.0,0.0,0.114041121,0.253620587,0.0,0.0628,0.0,0.0,0.0,1088
k691,0.528824117,0.0,0.0,0.098,0.39587182,0.0,0.0628,0.0,0.0,0.0,518
k313,0.350306376,0.0115,0.0,0.372667878,0.0,0.0,0.0628,0.0625,0.0,0.567261769,3203
k1524,0.585185781,0.0,0.0,0.096,0.364952945,0.0,0.0628,0.0,0.0,0.0,2248
k1589,0.431501789,0.0,0.0,0.101182002,0.381245516,0.0,0.0628,0.0,0.0,0.331476006,526
k344,0.578940586,0.0,0.0,0.185337794,0.293409827,0.0,0.0628,0.0,0.0,0.322663179,1454
k2251,0.521974424,0.0,0.0,0.168676555,0.286748747,0.0,0.37037286,0.0,0.125,0.0,1981
k1435,0.574041061,0.0,0.0,0.128038879,0.0776,0.0,0.0628,0.0,0.25,0.0,124
k1622,0.431879122,0.0,0.0,0.0933,0.182476472,0.0,0.0628,0.0,0.0,0.331134865,981
k43,0.321308618,0.0,0.0333,0.117374306,0.255792918,0.0,0.476830689,0.0,0.15625,0.0,69
k2509,0.570910737,0.0,0.0,0.116140618,0.0,0.0,0.0628,0.0,0.0,0.260575392,853
k3355,0.591402617,0.0,0.0,0.110161477,0.182476472,0.0,0.0628,0.0,0.0,0.0,984
k858,0.525430269,0.0,0.0,0.157247579,0.0558,0.0,0.0628,0.0,0.0625,0.319990903,2794
k813,0.608554915,0.0,0.0,0.0788,0.285481556,0.0,0.0628,0.0,0.0625,0.0,2381
k2480,0.541532486,0.0,0.0,0.0951,0.106082552,0.0,0.0628,0.0,0.0,0.409028883,827
k1180,0.555892181,0.0,0.0,0.151476404,0.0782,0.0,0.0628,0.0,0.0,0.0,2535
k148,0.501174501,0.0,0.0,0.17587253,0.0254,0.0,0.0628,0.0,0.0625,0.487775756,1360
k674,0.523082498,0.602161091,0.0,0.192964376,0.0,0.0,0.0628,0.0,0.0,0.466909256,21
k2349,0.518014159,0.146597651,0.0,0.116129448,0.0,0.0,0.0628,0.0625,0.0625,0.323914032,3363
k610,0.362095334,0.0,0.0,0.0706,0.152878347,0.0,0.0628,0.0,0.0,0.317091199,2235
k1490,0.539079028,0.0,0.0,0.316730805,0.0,0.0,0.0628,0.0,0.0,0.476972936,235
k1658,0.359659022,0.0,0.0,0.0647,0.123280239,0.0,0.0628,0.0,0.0,0.0,1567
k1765,0.615773584,0.0,0.0,0.108844579,0.155774794,0.0,0.0628,0.0,0.0938,0.0,1162
k2588,0.361838487,0.0,0.0,0.182285306,0.149348298,0.0,0.0628,0.0,0.0,0.0,3114
k1047,0.362091053,0.0,0.0,0.110399282,0.257150622,0.0,0.0628,0.0,0.0,0.0,3291
k1719,0.52746275,0.0,0.0,0.0815,0.0558,0.0,0.0628,0.0,0.0313,0.212815556,3309
k2074,0.572550988,0.0,0.0,0.118207126,0.104272273,0.0,0.0628,0.0,0.0,0.351830794,199
k2578,0.361677448,0.0,0.0,0.10703251,0.126176685,0.0,0.476449762,0.0,0.25,0.0,512
k920,0.431493832,0.0,0.0,0.0952,0.104272273,0.0,0.0628,0.0,0.0,0.331134865,1281
k2324,0.443994521,0.0,0.0,0.103067153,0.28792541,0.0,0.0628,0.0,0.0,0.0,1579
k2327,0.57373726,0.0,0.0,0.132272851,0.156408411,0.0,0.0628,0.0,0.0,0.0,1196
k339,0.59411989,0.0,0.0,0.176479806,0.0279,0.0,0.0628,0.0,0.0,0.224528087,1598
k2379,0.508401572,0.739960455,0.133333333,0.113498906,0.107892833,0.0,0.0628,0.0,0.0313,0.428132818,1229
k3358,0.574135678,0.0,0.0,0.139325695,0.234612624,0.0,0.0628,0.0,0.0,0.0,1442
k479,0.590965105,0.0,0.0,0.269192069,0.0,0.0,0.0628,0.0,0.0,0.0,2858
k3380,0.533162576,0.0,0.0,0.109033013,0.0,0.0,0.0628,0.0,0.0,0.431657949,902
k961,0.420671353,0.0,0.0,0.179468991,0.0,0.0,0.0628,0.0,0.0,0.497498294,1782
k1465,0.362091659,0.0,0.0,0.103533976,0.257150622,0.0,0.0628,0.0,0.0,0.0,3209
k986,0.49993493,0.0,0.0,0.180490416,0.153708726,0.0,0.0628,0.0,0.0,0.0,405
k513,0.526147991,0.0,0.0,0.0668,0.30666185,0.0,0.0628,0.0,0.0,0.215658403,2679
k2384,0.54178111,0.0,0.0667,0.136972926,0.106082552,0.0,0.0628,0.0,0.0,0.0,1307
k1831,0.503517021,0.0,0.0,0.105806097,0.130340334,0.0,0.0628,0.0313,0.125,0.0,3190
k1504,0.361798661,0.465475061,0.0,0.13156442,0.149348298,0.0,0.0628,0.0,0.0,0.0,2293
k820,0.498169511,0.0,0.0,0.0992,0.234612624,0.0,0.0628,0.0,0.0,0.0,2643
k648,0.350374557,0.0,0.0,0.13218227,0.288559027,0.0,0.0628,0.0,0.3125,0.416079145,733
k3196,0.574156043,0.0,0.0,0.153884255,0.103005069,0.0,0.0628,0.0,0.0625,0.0,3395
k3381,0.536753145,0.0,0.0,0.14710464,0.0,0.0,0.0628,0.0,0.0,0.252160564,2070
k1614,0.5313401,0.0,0.0,0.133843313,0.0782,0.0,0.0628,0.0,0.0,0.449795315,2310
k808,0.574014363,0.0,0.0,0.117983964,0.260680671,0.0,0.0628,0.0625,0.0,0.0,1485
k1374,0.588412866,0.0,0.0,0.077,0.0558,0.0,0.0628,0.0,0.0313,0.211337275,3115
k2457,0.535836441,0.0,0.0,0.129666934,0.0,0.0,0.0628,0.0,0.0,0.0,1924
k3270,0.503565195,0.0,0.0,0.0782,0.0782,0.0,0.0628,0.0,0.0,0.0,728
k1243,0.540206413,0.0,0.0,0.126417104,0.30666185,0.0,0.0628,0.0,0.0,0.227541506,3407
k2629,0.498173291,0.0,0.0,0.0878,0.208544548,0.0,0.0628,0.0,0.25,0.355412781,3238
k835,0.671443667,0.0,0.0,0.0631,0.0261,0.0,0.0628,0.0,0.0313,0.0,1907
k996,0.574224296,0.0,0.0,0.175769763,0.182476472,0.0,0.0628,0.0,0.0,0.0,1648
k1110,0.51626875,0.589185158,0.266666667,0.107827624,0.250905137,0.25,0.0628,0.125,0.0,0.362065044,1405
k2128,0.536715057,0.0,0.1,0.109587414,0.208544548,0.0,0.0628,0.0,0.0,0.619456448,2790
k2179,0.593275315,0.0,0.0,0.120443598,0.104272273,0.0,0.456955275,0.0,0.21875,0.0,2929
k2980,0.515223003,0.0,0.0,0.0973,0.160028973,0.0,0.0628,0.0,0.0,0.268705936,2011
k3210,0.362014956,0.0,0.0,0.0919,0.30575671,0.0,0.0628,0.0,0.25,0.0,3090
k1282,0.498151189,0.0,0.0,0.0988,0.208544548,0.0,0.0628,0.0,0.0,0.0,3095
k2474,0.428769652,0.0,0.0,0.146717945,0.0279,0.0,0.0628,0.0,0.0,0.346941096,226
k1229,0.616022374,0.0,0.0,0.0835,0.233979007,0.0,0.0628,0.0,0.125,0.0,1365
k160,0.350206004,0.0,0.0,0.135948594,0.161839254,0.0,0.0628,0.0,0.0,0.433420514,308
k2115,0.57401429,0.0,0.0,0.117983964,0.260680671,0.0,0.0628,0.0625,0.0,0.0,3113
k3433,0.574640191,0.0,0.0,0.0613,0.0539,0.0,0.0628,0.0,0.0,0.248294292,2619
k750,0.431301085,0.0582,0.0,0.235297912,0.0,0.0,0.0628,0.0625,0.0,0.56874005,2839
k1288,0.541800368,0.0,0.0,0.416288185,0.0,0.0,0.0628,0.0,0.0,0.0,1099
k1271,0.526125146,0.0,0.0,0.161642131,0.0279,0.0,0.0628,0.0,0.0313,0.396918353,2988
k3344,0.593275699,0.0,0.0,0.0677,0.0782,0.0,0.0628,0.0,0.0,0.0,125
k2551,0.36203495,0.270515742,0.0,0.133021046,0.357892832,0.0,0.0628,0.34375,0.53125,0.525642484,465
k1156,0.574055748,0.0,0.0,0.185749165,0.127924832,0.0,0.0628,0.0,0.125,0.0,3122
k805,0.347464659,0.44224298,0.0,0.193364552,0.0,0.0,0.0628,0.0,0.0313,0.549351831,233
k2031,0.596277539,0.0,0.0,0.0821,0.182476472,0.0,0.0628,0.0,0.0,0.422219695,2345
k355,0.517390427,0.255396178,0.133333333,0.214875209,0.0,0.0,0.0628,0.125,0.0,0.657664317,3213
k462,0.574221719,0.0,0.0,0.218817752,0.0782,0.0,0.0628,0.0,0.0625,0.0,1130
k331,0.361907071,0.0,0.0,0.101620902,0.152878347,0.0,0.0628,0.0,0.21875,0.0,1721
k3137,0.548570304,0.0,0.0,0.122385072,0.208544548,0.0,0.0628,0.0,0.0,0.0,1160
k938,0.574182741,0.0,0.0,0.10794253,0.286748747,0.0,0.0628,0.0,0.0,0.0,147
k2709,0.548570232,0.0,0.0667,0.122385072,0.208544548,0.0,0.0628,0.0,0.0,0.0,2707
k1875,0.564466365,0.0,0.0667,0.119622172,0.208544548,0.0,0.0628,0.0,0.15625,0.360245622,373
k2775,0.311595441,0.633014004,0.0333,0.133462177,0.104272273,0.0,0.0628,0.0625,0.1875,0.498294292,1227
k2092,0.430990397,0.554814198,0.233333333,0.175189145,0.0,0.0,0.0628,0.25,0.0,0.505230839,1347
k1943,0.499923253,0.0,0.0,0.17396462,0.153708726,0.0,0.0628,0.0,0.0,0.0,3137
k387,0.589344471,0.0,0.0,0.135490879,0.0279,0.0,0.0628,0.0,0.0,0.247157153,3305
k2282,0.545028847,0.0,0.0,0.0764,0.0558,0.0,0.0628,0.0,0.0,0.207073004,1018
k1929,0.572709039,0.0,0.0,0.196573247,0.104272273,0.0,0.0628,0.0,0.125,0.0,2976
k206,0.435004547,0.0,0.1,0.126696414,0.161839254,0.0,0.0628,0.25,0.0625,0.398339777,240
k2234,0.587128105,0.0,0.0,0.106266195,0.156408411,0.0,0.0628,0.0,0.0,0.0,357
k2347,0.596718736,0.0,0.0,0.0812,0.341925388,0.0,0.0628,0.0,0.0,0.0,924
k955,0.350308315,0.0,0.0,0.0742,0.383960938,0.0,0.0628,0.0,0.0,0.0,3329
k1825,0.428449795,0.554011065,0.0,0.162333408,0.0812,0.0,0.321591826,0.0,0.0,0.543495565,523
k439,0.515234365,0.587281309,0.3,0.161029717,0.104272273,0.0,0.0628,0.21875,0.0,0.620479873,2631
k153,0.362071584,0.0,0.0,0.081,0.33535482,0.0,0.0628,0.0,0.0,0.0,2904
k2003,0.5297505,0.0,0.0,0.0906,0.182476472,0.0,0.0628,0.0,0.0,0.42324312,2380
k2856,0.347514421,0.0,0.0,0.159035444,0.0521,0.0,0.0628,0.0,0.0625,0.0,558
k1985,0.516209161,0.584073691,0.0,0.122373377,0.109703114,0.0,0.0628,0.0,0.0,0.388844667,1425
k921,0.548846345,0.0,0.0,0.230556757,0.0261,0.0,0.0628,0.0,0.0,0.455196725,144
k642,0.548567776,0.0,0.0,0.129546367,0.156408411,0.0,0.0628,0.0,0.0,0.0,3003
k1203,0.582920832,0.0,0.0,0.212478499,0.0521,0.0,0.0628,0.0,0.0,0.0,2032
k1659,0.574185872,0.0,0.0,0.131615433,0.208544548,0.0,0.0628,0.0,0.0938,0.0,3151
k242,0.608555157,0.0,0.0,0.0797,0.337617678,0.0,0.0628,0.0,0.0625,0.0,1851
k2414,0.431398508,0.505033118,0.0,0.183007588,0.0,0.0,0.0628,0.0,0.0313,0.424152831,1304
k1458,0.551614006,0.0,0.0,0.0909,0.260680671,0.0,0.0628,0.0,0.0,0.0,2793
k196,0.577561233,0.0,0.0,0.048,0.291599546,0.0,0.0628,0.0,0.0,0.227370935,360
k2711,0.334842674,0.0,0.0,0.109057364,0.129706739,0.0,0.0628,0.0,0.125,0.0,209
k1475,0.556757747,0.0,0.0,0.264403437,0.0,0.0,0.0628,0.0,0.0,0.0,242
k1891,0.542764185,0.0,0.0,0.167851656,0.0521,0.0,0.0628,0.0,0.0,0.421366841,2386
k826,0.574232939,0.0,0.0,0.264525336,0.0521,0.0,0.0628,0.0,0.0,0.0,2920
k2329,0.575898496,0.0,0.0,0.0776,0.0261,0.0,0.0628,0.0,0.0,0.0,2138
k2449,0.537064626,0.0,0.0,0.199477786,0.0279,0.0,0.0628,0.0,0.0,0.27962247,1589
k1095,0.448218504,0.0,0.0,0.0853,0.21216511,0.0,0.0628,0.0938,0.1875,0.258187401,2107
k2586,0.573877449,0.0,0.0,0.142809977,0.208544548,0.0,0.0628,0.0,0.0,0.0,101
k1617,0.629203068,0.0,0.0,0.0566,0.241853733,0.0,0.0628,0.0,0.0,0.271207642,2655
k1754,0.508905605,0.0,0.0,0.197918444,0.0782,0.0,0.0628,0.0,0.0,0.0,1723
k3283,0.685900503,0.0,0.0,0.08,0.312816823,0.0,0.0628,0.0,0.0,0.0,3169
k2579,0.574215486,0.0,0.0,0.153729509,0.0782,0.0,0.0628,0.0,0.0938,0.0,1040
k1911,0.519565865,0.0,0.0,0.178453447,0.0,0.0,0.0628,0.0,0.0313,0.357345918,1859
k388,0.350315384,0.0597,0.0,0.258708496,0.0,0.0,0.0628,0.0,0.0,0.515180805,3277
k2033,0.529068217,0.0,0.0,0.159820704,0.156408411,0.0,0.0628,0.0,0.0,0.0,2121
k2495,0.54855788,0.0,0.0667,0.129546367,0.156408411,0.0,0.0628,0.0,0.0,0.0,2926
k30,0.553592945,0.0,0.0,0.109489887,0.0,0.0,0.0628,0.0,0.0,0.313622925,1266
k732,0.574361549,0.0,0.0,0.133046092,0.0552,0.0,0.0628,0.0,0.0,0.0,3067
k1673,0.443403922,0.228816502,0.0,0.13025157,0.129706739,0.0,0.0628,0.0,0.0625,0.0,3312
k3335,0.66258513,0.0,0.0,0.0977,0.130340334,0.0,0.0628,0.0,0.0,0.0,898
k2880,0.547988749,0.0,0.0,0.0676,0.236422905,0.0,0.0628,0.0,0.0,0.254434842,2522
k521,0.524222328,0.0,0.0,0.122986513,0.158761782,0.0,0.0628,0.0,0.0938,0.347168524,1142
k2299,0.431892371,0.0,0.0,0.0876,0.233979007,0.0,0.0628,0.0,0.25,0.334261997,3178
k1716,0.542898885,0.0,0.0,0.273538457,0.0,0.0,0.0628,0.0,0.0,0.449113032,3237
k829,0.518733089,0.0,0.0,0.102188809,0.41274442,0.0,0.416487407,0.0,0.0938,0.228621788,381
k2834,0.542822474,0.0,0.0,0.0873,0.21216511,0.0,0.0628,0.0,0.0,0.443541051,823
k1755,0.443137785,0.0,0.0,0.100945863,0.157585089,0.0,0.0628,0.0,0.0,0.45081874,3317
k3056,0.532411483,0.0,0.0,0.150776615,0.109123062,0.0,0.0628,0.0,0.0,0.505571981,3254
k1611,0.519899762,0.0,0.0333,0.132444726,0.0782,0.0,0.0628,0.0313,0.0,0.450250171,2046
k2899,0.506046245,0.0,0.0,0.195497982,0.0,0.0,0.0628,0.0,0.0,0.345576529,1136
k2146,0.572709039,0.0,0.0,0.236974222,0.0782,0.0,0.0628,0.0,0.0,0.0,627
k2263,0.334692823,0.0,0.0,0.12154004,0.104272273,0.0,0.0628,0.0,0.125,0.0,372
k2744,0.544543519,0.0,0.0,0.334141555,0.0,0.0,0.0628,0.0,0.0,0.0,1434
k3182,0.504967034,0.0,0.0,0.146025873,0.184286753,0.0,0.0628,0.0,0.28125,0.322151467,1609
k702,0.324460499,0.0,0.0,0.123949303,0.260680671,0.0,0.0628,0.0,0.15625,0.0,1929
k596,0.440368166,0.0,0.0,0.121107692,0.208544548,0.0,0.0628,0.0,0.1875,0.0,1727
k2985,0.499830204,0.0,0.0,0.126376345,0.286748747,0.0,0.0628,0.0,0.0,0.0,1876
k2613,0.519898846,0.0,0.0,0.116052669,0.106082552,0.0,0.0628,0.0,0.0,0.40760746,67
k2281,0.549385531,0.0,0.0,0.072,0.234612624,0.0,0.0628,0.0,0.15625,0.0,1816
k984,0.572699531,0.0,0.0,0.159844905,0.156408411,0.0,0.0628,0.0,0.0,0.0,1968
k1076,0.574060756,0.0,0.0,0.185685691,0.0521,0.0,0.0628,0.0,0.0,0.0,1409
k2667,0.542690685,0.0,0.0,0.100431525,0.131517019,0.0,0.0628,0.0,0.0313,0.403968615,3184
k2926,0.440368004,0.0,0.0667,0.129015646,0.208544548,0.0,0.0628,0.0,0.1875,0.0,2082
k2192,0.434806267,0.135291041,0.0,0.123063983,0.158218692,0.0,0.0628,0.0,0.0938,0.386513532,1535
k2291,0.554578359,0.0,0.0,0.343522913,0.0,0.0,0.0628,0.0,0.0,0.0,510
k2289,0.57422497,0.0,0.0,0.105692232,0.286748747,0.0,0.0628,0.0,0.0,0.0,2327
k2101,0.548340794,0.360180736,0.0333,0.103337926,0.163649534,0.0,0.0628,0.0938,0.0,0.31947919,2744
k1427,0.542531548,0.0,0.0,0.0899,0.160028973,0.0,0.0628,0.0,0.0625,0.230100068,2746
k1145,0.500770356,0.0,0.0,0.146090612,0.156408411,0.0,0.0628,0.0,0.25,0.489652035,705
k2817,0.555936381,0.0,0.0,0.304473219,0.0,0.0,0.0628,0.0,0.0,0.417727996,1110
k2054,0.350365549,0.0,0.0,0.0942,0.260680671,0.0,0.0628,0.0,0.125,0.41710257,380
k599,0.361662422,0.0,0.0,0.114041121,0.253620587,0.0,0.0628,0.0,0.0,0.0,524
k1525,0.574203349,0.0,0.0,0.0964,0.234612624,0.0,0.0628,0.0,0.0,0.0,2578
k1027,0.608568155,0.0,0.0,0.0788,0.285481556,0.0,0.0628,0.0,0.0625,0.0,987
k1101,0.574220733,0.0,0.0,0.130159473,0.182476472,0.0,0.0628,0.0,0.0,0.0,3243
k2202,0.574196345,0.0,0.0,0.137525836,0.104272273,0.0,0.385946043,0.0,0.0938,0.0,1475
k3255,0.548573047,0.0,0.0667,0.122385072,0.208544548,0.0,0.0628,0.0,0.0,0.0,2556
k1030,0.441293284,0.445553326,0.0,0.195641658,0.0758,0.0,0.0628,0.0,0.0,0.0,2866
k241,0.347521247,0.0,0.0,0.121308886,0.157585089,0.0,0.0628,0.0,0.0,0.673129406,1684
k917,0.527457261,0.0,0.0,0.127705228,0.104272273,0.0,0.0628,0.0,0.1875,0.380259268,3081
k3339,0.538599286,0.0,0.0,0.0771,0.340695165,0.0,0.0628,0.0,0.0,0.0,368
k722,0.562270801,0.0,0.0,0.112439949,0.293409827,0.0,0.0628,0.0,0.0,0.567489197,3385
k2823,0.528255156,0.0,0.0,0.102086859,0.104272273,0.0,0.0628,0.0,0.0,0.0,1992
k1272,0.573613586,0.0,0.0,0.173030248,0.182476472,0.0,0.0628,0.0,0.0,0.0,2618
k1050,0.499930693,0.0,0.0,0.152028273,0.153708726,0.0,0.0628,0.0,0.0,0.420115988,871
k3311,0.448262046,0.0963,0.0,0.107785423,0.184286753,0.0,0.0628,0.0,0.0313,0.276609052,2821
k3226,0.362029618,0.277072519,0.0,0.177603552,0.410028954,0.0,0.0628,0.8125,0.5625,0.0,3162
k1177,0.5485521,0.0,0.0667,0.0949,0.260680671,0.0,0.0628,0.0,0.0,0.0,1660
k1813,0.560124489,0.0,0.0,0.195112082,0.0782,0.0,0.0628,0.0,0.0,0.0,2799
k2019,0.559662297,0.0,0.0,0.053,0.57820422,0.0,0.0628,0.0,0.0,0.191266773,3257
k2542,0.322335683,0.0,0.0,0.147703874,0.155774794,0.0,0.0628,0.0,0.0938,0.0,745
k2716,0.463734028,0.0,0.0333,0.111161158,0.130340334,0.0,0.0628,0.0313,0.0,0.412952013,2132
k2883,0.574141332,0.0,0.0,0.1077224,0.234612624,0.0,0.0628,0.0,0.0,0.0,603
k32,0.350293492,0.323222085,0.0,0.13245572,0.0,0.0,0.0628,0.0,0.0,0.293154423,3127
k1345,0.587656696,0.0,0.0,0.0836,0.130340334,0.0,0.0628,0.0,0.125,0.317091199,1606
k3034,0.52150058,0.0,0.0,0.17949173,0.156408411,0.0,0.0628,0.0,0.125,0.0,2059
k2933,0.54532415,0.0,0.0,0.140048894,0.182476472,0.0,0.0628,0.0,0.0,0.0,1208
k3231,0.682260148,0.0,0.0,0.0755,0.312816823,0.0,0.0628,0.0,0.0,0.0,874
k564,0.548091718,0.276177034,0.0,0.0583,0.319477873,0.0,0.0628,0.0,0.0,0.230668638,341
k689,0.574101971,0.0,0.0,0.107318725,0.156408411,0.0,0.0628,0.0,0.0,0.0,1964
k345,0.574216181,0.0,0.0,0.130733016,0.155774794,0.0,0.0628,0.0,0.0938,0.0,756
k175,0.544462676,0.0,0.0,0.110064641,0.0,0.0,0.0628,0.0,0.0,0.41579486,2403
k1024,0.617117183,0.0,0.0,0.074,0.323678493,0.0,0.0628,0.0,0.0,0.355014783,1155
k2827,0.581946566,0.0,0.0,0.116836138,0.182476472,0.0,0.0628,0.0,0.0,0.0,2791
k954,0.53671662,0.0,0.0,0.107300005,0.208544548,0.0,0.0628,0.0,0.0,0.606265636,35
k1207,0.362029052,0.0,0.0,0.121843551,0.205014485,0.0,0.0628,0.0,0.0,0.0,2073
k1317,0.536695459,0.0,0.1,0.109587414,0.234612624,0.0,0.0628,0.0,0.0,0.665624289,3306
k287,0.548571868,0.0,0.0667,0.0915,0.234612624,0.0,0.0628,0.0,0.0,0.0,1763
k327,0.362068999,0.264822685,0.0,0.179180148,0.33535482,0.0,0.0628,0.53125,0.5,0.0,455
k67,0.362026548,0.0,0.0,0.0602,0.152878347,0.0,0.0628,0.0,0.0,0.0,96
k736,0.61573552,0.0,0.0,0.0901,0.155774794,0.0,0.0628,0.0,0.1875,0.0,2030
k1822,0.427410733,0.515693541,0.0,0.156987431,0.104272273,0.0,0.0628,0.0,0.0,0.470036388,2120
k1086,0.58603563,0.0,0.0,0.0748,0.239463394,0.0,0.0628,0.0,0.0,0.0,3
k608,0.583137842,0.148709585,0.0,0.108632341,0.130340334,0.0,0.0628,0.0,0.0938,0.0,1711
k983,0.590594997,0.0,0.0,0.0771,0.286748747,0.0,0.0628,0.0,0.0,0.0,135
k3135,0.494260995,0.0,0.0,0.244067276,0.0521,0.0,0.0628,0.0,0.0,0.616841028,93
k547,0.572677453,0.0,0.0,0.127158177,0.267921809,0.0,0.0628,0.0,0.0,0.387934956,2302
k1447,0.540982831,0.0,0.0,0.0821,0.0782,0.0,0.0628,0.0,0.0,0.428928815,439
k1591,0.573891699,0.0,0.0,0.127835748,0.130340334,0.0,0.0628,0.0,0.0,0.0,3111
k47,0.574042697,0.0,0.0,0.142472878,0.208544548,0.0,0.0628,0.0,0.0,0.0,2724
k375,0.431825281,0.0,0.0,0.121904468,0.106082552,0.0,0.0628,0.0313,0.0,0.267853082,577
k2300,0.593345325,0.0,0.0,0.0866,0.286748747,0.0,0.0628,0.0,0.0,0.0,953
k1861,0.570894435,0.0,0.0,0.112358851,0.160028973,0.0,0.0628,0.0,0.0,0.357061633,2156
k3134,0.574163915,0.0,0.0,0.176426611,0.208544548,0.0,0.0628,0.0,0.0,0.0,1574
k1830,0.551219344,0.0,0.0,0.180196113,0.0,0.0,0.0628,0.0,0.0,0.356151922,2052
k2930,0.682210964,0.0,0.0,0.0755,0.312816823,0.0,0.0628,0.0,0.0,0.0,1847
k1212,0.528265362,0.0,0.0,0.0875,0.160028973,0.0,0.0628,0.0,0.0,0.268194223,3416
k70,0.350370679,0.0,0.0,0.0787,0.185463431,0.0,0.0628,0.0313,0.125,0.322776893,459
k759,0.528722836,0.0,0.0,0.0973,0.208544548,0.0,0.0628,0.0,0.0,0.0,1849
k5,0.592203303,0.0,0.0,0.100582052,0.156408411,0.0,0.0628,0.0,0.0,0.0,792
k1259,0.545652389,0.0,0.0,0.0861,0.213395318,0.0,0.0628,0.0,0.0,0.414089152,2436
k1052,0.582749731,0.0,0.0,0.127705278,0.130340334,0.0,0.0628,0.0,0.0,0.0,3401
k2477,0.350313364,0.0545,0.0,0.288511391,0.0,0.0,0.0628,0.0,0.0,0.541107573,1883
k2626,0.543662787,0.0,0.0,0.19331992,0.131517019,0.0,0.0628,0.0,0.0313,0.398396634,3223
k857,0.515985362,0.147434023,0.0667,0.134076454,0.0,0.0,0.0628,0.0938,0.0625,0.334603139,3165
k1241,0.590479753,0.0,0.0,0.0846,0.155774794,0.0,0.0628,0.0,0.0313,0.0,2718
k2718,0.593373587,0.0,0.0,0.0903,0.286748747,0.0,0.0628,0.0,0.0,0.0,295
k2845,0.519425724,0.786826355,0.0,0.141675333,0.155774794,0.0,0.345769472,0.0,0.0,0.399931772,1552
k1387,0.496323204,0.804386836,0.0,0.133251654,0.0515,0.0,0.410930358,0.0625,0.0938,0.359051626,2049
k621,0.426060862,0.0,0.0,0.283147955,0.0,0.0,0.0628,0.0,0.0,0.0,990
k1445,0.574097686,0.0,0.0,0.119063552,0.370980423,0.0,0.495877028,0.0,0.0938,0.0,1624
k655,0.680019107,0.0,0.0,0.140409573,0.262298195,0.0,0.0628,0.0,0.0,0.0,2877
k2596,0.536716765,0.0,0.0,0.112924822,0.156408411,0.0,0.0628,0.0,0.0,0.589890835,3424
k3370,0.49987816,0.0,0.0,0.142933375,0.153708726,0.0,0.0628,0.0,0.0,0.0,388
k425,0.586047283,0.0,0.0,0.0792,0.317667593,0.0,0.0628,0.0,0.0,0.0,1642
k2972,0.411548613,0.0,0.0,0.0914,0.130340334,0.0,0.0628,0.0,0.0,0.0,440
k77,0.350306578,0.820020857,0.0,0.154862663,0.157585089,0.0,0.288630456,0.0313,0.21875,0.444166477,146
k623,0.527364984,0.0,0.0333,0.137133506,0.133960907,0.0,0.0628,0.28125,0.0,0.500625426,905
k473,0.574230411,0.0,0.0,0.218817752,0.0782,0.0,0.0628,0.0,0.0625,0.0,2803
k1162,0.613945547,0.0,0.0,0.0941,0.286748747,0.0,0.0628,0.0,0.15625,0.0,1059
k1408,0.596275249,0.0,0.0,0.0768,0.234612624,0.0,0.0628,0.0,0.0,0.422788265,11
k58,0.519087832,0.0,0.0,0.112250575,0.210354829,0.0,0.0628,0.0,0.0,0.0,1042
k2692,0.615817784,0.0,0.0,0.0788,0.286115129,0.0,0.0628,0.0,0.0938,0.0,2276
k1973,0.52813916,0.0,0.0,0.157247579,0.0558,0.0,0.0628,0.0,0.0625,0.356038208,687
k1971,0.499871613,0.867638617,0.0,0.139645069,0.312816823,0.0,0.0628,0.0,0.28125,0.513873095,1179
k1499,0.362128657,0.0,0.0,0.0816,0.152878347,0.0,0.0628,0.0,0.0,0.388162383,3373
k1853,0.586831428,0.0,0.0,0.107278657,0.0815,0.0,0.0628,0.0,0.0,0.0,1844
k2425,0.676019671,0.0,0.0,0.199178244,0.130340334,0.0,0.0628,0.0,0.0,0.0,2260
k2497,0.517872047,0.0,0.0,0.180893199,0.0521,0.0,0.0628,0.0,0.0625,0.536843302,3037
k3004,0.599517768,0.0,0.0,0.0932,0.0767,0.0,0.0628,0.0,0.0313,0.231350921,445
k1019,0.50075514,0.0,0.0,0.106491264,0.156408411,0.0,0.0628,0.0,0.0,0.405105754,2817
k117,0.362090447,0.0,0.0,0.0733,0.257150622,0.0,0.0628,0.0,0.0,0.398112349,2065
k322,0.504578007,0.0,0.0,0.077,0.0521,0.0,0.0628,0.0,0.21875,0.344155106,750
k2326,0.651436367,0.0,0.0,0.0613,0.182476472,0.0,0.0628,0.0,0.0,0.320445758,2061
k1867,0.574032034,0.0,0.0,0.142809977,0.208544548,0.0,0.0628,0.0,0.0,0.0,3153
k1998,0.361905536,0.0,0.0,0.0837,0.253620587,0.0,0.0628,0.0,0.3125,0.0,1498
k385,0.361914382,0.0,0.0,0.085,0.257150622,0.0,0.0628,0.0,0.125,0.0,349
k122,0.574262671,0.0,0.0667,0.153884255,0.104272273,0.0,0.0628,0.0,0.0625,0.0,29
k2394,0.572690091,0.0,0.0,0.142472878,0.208544548,0.0,0.0628,0.0,0.0,0.0,3054
k824,0.683176372,0.0,0.0,0.123427024,0.182476472,0.0,0.0628,0.0,0.0,0.0,1086
k2811,0.441293163,0.453875991,0.0333,0.187852634,0.0758,0.0,0.0628,0.0313,0.0,0.0,2833
k2640,0.362033576,0.0,0.0,0.0738,0.410028954,0.0,0.0628,0.0,0.0,0.0,838
k1868,0.521883734,0.0,0.0,0.173925176,0.286748747,0.0,0.296652326,0.0,0.125,0.0,553
k870,0.584392196,0.0,0.0,0.0936,0.167270096,0.0,0.0628,0.0,0.0,0.192176484,1797
k2846,0.551598407,0.0,0.0,0.111536509,0.234612624,0.0,0.0628,0.0,0.0,0.0,1795
k1870,0.497050608,0.0,0.0,0.134941392,0.182476472,0.0,0.0628,0.0,0.125,0.498464862,2714
k1195,0.507911357,0.0,0.0,0.101278618,0.210354829,0.0,0.0628,0.0,0.0,0.0,1921
k526,0.574200509,0.0,0.0,0.270969955,0.104272273,0.0,0.0628,0.0,0.0,0.0,2531
k1863,0.532815221,0.0,0.0,0.384956407,0.0,0.0,0.0628,0.0,0.0,0.38207869,978
k1894,0.593346985,0.0,0.0,0.0823,0.286748747,0.0,0.0628,0.0,0.0,0.0,1854
k107,0.503619243,0.0,0.0,0.0991,0.234612624,0.0,0.0628,0.0,0.25,0.0,3320
k562,0.362014269,0.0,0.0,0.0542,0.100742219,0.0,0.0628,0.0,0.0,0.0,615
k1182,0.532806048,0.0,0.0,0.106455299,0.133684312,0.0,0.0628,0.0,0.0,0.0,1359
k1264,0.361675711,0.0,0.0,0.0964,0.230448973,0.0,0.482656628,0.0,0.34375,0.0,2834
k2903,0.544465564,0.0,0.0,0.102983373,0.0558,0.0,0.0628,0.0,0.0,0.359392768,1610
k2877,0.556631909,0.0,0.0,0.442854444,0.0,0.0,0.0628,0.0,0.0,0.0,1146
k1647,0.538648737,0.0,0.0,0.0771,0.340695165,0.0,0.0628,0.0,0.0,0.0,2873
k2443,0.361922016,0.0,0.0,0.069,0.253620587,0.0,0.0628,0.0,0.0,0.0,2072
k426,0.510066454,0.0,0.0,0.146577867,0.208544548,0.0,0.0628,0.0,0.125,0.602967933,2130
k2377,0.575875311,0.0,0.0,0.0613,0.0279,0.0,0.0628,0.0,0.0,0.235501478,1655
k1449,0.361703177,0.0,0.0,0.0974,0.253620587,0.0,0.0628,0.0,0.0,0.0,137
k2419,0.515445841,0.0,0.0,0.0669,0.2127082,0.0,0.61412118,0.0,0.125,0.255628838,2901
k3416,0.362097313,0.0,0.0,0.134808169,0.126810292,0.0,0.0628,0.0,0.0938,0.422617694,2558
k64,0.572525615,0.0,0.0,0.204516351,0.156408411,0.0,0.0628,0.0,0.0,0.0,148
k3291,0.524371403,0.0,0.0,0.171757908,0.0,0.0,0.0628,0.0,0.0313,0.354332499,214
k2651,0.350207943,0.688511411,0.0,0.132013618,0.161839254,0.0,0.0628,0.0,0.0,0.444166477,288
k1386,0.434658799,0.824360638,0.0,0.140480047,0.155774794,0.0,0.318790894,0.0,0.0,0.358028201,3366
k1689,0.362075018,0.0,0.0,0.193063819,0.126810292,0.0,0.0628,0.0,0.0,0.0,2603
k833,0.443127607,0.0,0.0,0.161145839,0.105448957,0.0,0.0628,0.0,0.0,0.333863998,474
k748,0.600714921,0.0,0.0,0.0718,0.340061562,0.0,0.0628,0.0,0.1875,0.0,2359
k3083,0.535668082,0.0,0.0,0.138455143,0.107312781,0.0,0.0628,0.0313,0.0,0.508244257,1343
k2746,0.532984516,0.0,0.0,0.107905444,0.130340334,0.0,0.0628,0.0,0.0,0.0,1791
k1054,0.542844523,0.0,0.0,0.0817,0.160028973,0.0,0.0628,0.0,0.0,0.362690471,59
k659,0.507949878,0.0,0.0,0.0972,0.340695165,0.0,0.0628,0.0,0.0,0.0,47
k2027,0.592482454,0.0,0.0,0.096,0.185463431,0.0,0.0628,0.0,0.125,0.376449852,1379
k1809,0.548556919,0.0,0.0667,0.0926,0.210354829,0.0,0.0628,0.0,0.0,0.0,2308
k1144,0.596278812,0.0,0.0,0.0735,0.234612624,0.0,0.0628,0.0,0.0,0.340686832,2509
k3314,0.559508435,0.0,0.0,0.0793,0.137001416,0.0,0.0628,0.0,0.0,0.325392313,1054
k756,0.544451795,0.0,0.0,0.0741,0.139391748,0.0,0.0628,0.0,0.0,0.227370935,2404
k1997,0.574185678,0.0,0.0,0.110489639,0.234612624,0.0,0.0628,0.0,0.0,0.0,352
k2919,0.681823092,0.0,0.0,0.08,0.260680671,0.0,0.0628,0.0,0.0,0.0,2328
k873,0.539964288,0.0,0.0,0.11169148,0.110933343,0.0,0.0628,0.0,0.0,0.317944053,1813
k580,0.574210211,0.0,0.0,0.165708868,0.104272273,0.0,0.0628,0.0,0.0,0.0,1077
k1248,0.499923107,0.0,0.0,0.135031327,0.181587082,0.0,0.0628,0.0,0.0,0.277973618,3148
k3340,0.362090649,0.0,0.0,0.0751,0.257150622,0.0,0.0628,0.0,0.0625,0.0,2676
k1812,0.682557524,0.0,0.0,0.0701,0.312816823,0.0,0.0628,0.0,0.0,0.0,697
k1726,0.529757217,0.0,0.0,0.139285531,0.0782,0.0,0.0628,0.0,0.0938,0.435069365,46
k3425,0.574203373,0.0,0.0,0.125582797,0.208544548,0.0,0.0628,0.0,0.0,0.0,718
k430,0.477984138,0.0,0.0,0.0805,0.238233186,0.0,0.0628,0.0,0.0,0.0,2461
k1898,0.362087337,0.0,0.0,0.0793,0.231082561,0.0,0.555436049,0.0,0.0,0.0,1984
k1265,0.583248033,0.0,0.0,0.152303265,0.130340334,0.0,0.0628,0.0,0.0,0.0,78
k469,0.543774973,0.662663724,0.0,0.0669,0.189717596,0.0,0.0628,0.0,0.0,0.350295656,2254
k3187,0.68228124,0.0,0.0,0.0968,0.315092565,0.0,0.0628,0.0,0.0,0.0,706
k1608,0.574215341,0.0,0.0,0.183384655,0.104272273,0.0,0.0628,0.0,0.0,0.0,3240
k1079,0.542797072,0.668331949,0.0,0.117550999,0.0776,0.0,0.321703863,0.0,0.0625,0.366499886,337
k2727,0.350273821,0.0,0.0333,0.114964369,0.186097049,0.0,0.0628,0.0625,0.0313,0.486866045,2899
k3243,0.448261561,0.0866,0.0,0.096,0.210354829,0.0,0.0628,0.0,0.0313,0.315271776,1947
k3432,0.362087054,0.0,0.0,0.0568,0.126810292,0.0,0.0628,0.0,0.0,0.0,1269
k3397,0.542858607,0.0,0.0,0.0895,0.260680671,0.0,0.0628,0.0,0.1875,0.427109393,1000
k1055,0.359693112,0.391619863,0.0,0.12394002,0.175416374,0.0,0.0628,0.0,0.0,0.0,1696
k3363,0.574186692,0.0,0.0,0.130159473,0.182476472,0.0,0.0628,0.0,0.0,0.0,1482
k351,0.361681568,0.0,0.0,0.086,0.126810292,0.0,0.484897374,0.0,0.0938,0.0,387
k98,0.362090649,0.0,0.0,0.0751,0.257150622,0.0,0.0628,0.0,0.0625,0.0,1044
k2494,0.477992621,0.0,0.0,0.0814,0.260680671,0.0,0.0628,0.0,0.125,0.0,2364
k463,0.574174796,0.0,0.0,0.128205469,0.182476472,0.0,0.0628,0.0,0.0,0.0,3179
k909,0.53931116,0.0,0.0,0.0972,0.368573507,0.0,0.0628,0.0,0.0,0.340231976,2332
k2479,0.321300822,0.0,0.0333,0.164377398,0.0982,0.0,0.0628,0.0,0.15625,0.0,2850
k2655,0.680351748,0.0,0.0,0.2668637,0.0782,0.0,0.0628,0.0,0.0,0.0,2473
k2397,0.503859465,0.0,0.0,0.0938,0.163649534,0.0,0.0628,0.0,0.0,0.360359336,3234
k3427,0.498167681,0.0,0.0,0.0744,0.234612624,0.0,0.0628,0.0,0.0,0.0,3116
k1244,0.428300226,0.0,0.0,0.121099625,0.186097049,0.0,0.502442413,0.0,0.0313,0.414032295,2534
k3136,0.429064588,0.0,0.0,0.103518663,0.139391748,0.0,0.0628,0.0,0.0,0.298271549,2492
k3063,0.574070818,0.0,0.0,0.135757383,0.215785672,0.0,0.0628,0.0,0.0,0.0,201
k2113,0.565923746,0.0,0.0,0.0896,0.26553147,0.0,0.0628,0.0,0.0,0.0,835
k2398,0.36167042,0.0,0.0,0.0963,0.074,0.0,0.488863494,0.0,0.28125,0.0,479
k220,0.510387349,0.168859207,0.2,0.159852676,0.104272273,0.0,0.0628,0.0625,0.0938,0.617352741,977
k2272,0.541488189,0.0,0.0,0.115075306,0.107616249,0.0,0.0628,0.0,0.15625,0.461223562,174
k182,0.59719773,0.0,0.0,0.202781781,0.0,0.0,0.0628,0.0,0.0,0.0,856
k3107,0.631488144,0.0,0.0,1.0,0.0,0.0,0.0628,0.0,0.0,0.301341824,1212
k2643,0.615833505,0.0,0.0,0.0835,0.233979007,0.0,0.0628,0.0,0.0938,0.0,1925
k818,0.53100418,0.0,0.0,0.134290579,0.0782,0.0,0.0628,0.0,0.0,0.453718444,2333
k256,0.548573047,0.0,0.0,0.122385072,0.208544548,0.0,0.0628,0.0,0.0,0.0,3207
k1209,0.428427539,0.0,0.0,0.176927888,0.0521,0.0,0.0628,0.0,0.125,0.0,2632
k3,0.361665815,0.0,0.0,0.0912,0.179489499,0.0,0.51965134,0.0,0.21875,0.319763475,2286
k614,0.347258179,0.0,0.0,0.140980807,0.104272273,0.0,0.0628,0.0,0.125,0.0,2583
k124,0.577628209,0.0,0.0,0.132103108,0.0782,0.0,0.0628,0.0,0.0625,0.0,1568
k1664,0.541532195,0.0,0.0,0.0866,0.338884869,0.0,0.0628,0.0313,0.15625,0.452638162,1762
k1333,0.556981647,0.0,0.0,0.111851439,0.0279,0.0,0.0628,0.0,0.0,0.330168297,3308
k3253,0.520779776,0.157455171,0.0,0.0844,0.0836,0.0,0.0628,0.0313,0.0625,0.228962929,2661
k1693,0.548567776,0.0,0.0667,0.0949,0.234612624,0.0,0.0628,0.0,0.0,0.0,2353
k2270,0.34561418,0.0,0.0,0.0437,0.0,0.0,0.0628,0.0,0.125,0.220548101,365
k895,0.539737553,0.0,0.0,0.0941,0.234612624,0.0,0.0628,0.0,0.0625,0.0,3112
k2622,0.528930964,0.0,0.0,0.098,0.39587182,0.0,0.0628,0.0,0.0,0.0,317
k1148,0.50222499,0.0,0.0,0.163865297,0.0521,0.0,0.0628,0.0,0.0,0.0,2869
k3405,0.503564739,0.0,0.0,0.0782,0.0782,0.0,0.0628,0.0,0.0,0.0,2519
k2630,0.542485543,0.0,0.0,0.122430325,0.104272273,0.0,0.0628,0.0,0.0,0.319592904,1223
k3194,0.34745032,0.203994443,0.0667,0.0992,0.0782,0.0,0.0628,0.0625,0.0313,0.297702979,2304
k3222,0.362016693,0.0,0.0,0.0618,0.231082561,0.0,0.0628,0.0,0.0,0.0,1082
k2343,0.60123677,0.0,0.0,0.124900454,0.104272273,0.0,0.0628,0.0,0.0,0.0,1253
k2085,0.517804566,0.0,0.0,0.133452249,0.0,0.0,0.0628,0.0,0.1875,0.351319081,277
k565,0.518079092,0.139472403,0.0,0.141143424,0.0,0.0,0.0628,0.0,0.0625,0.454287014,2409
k944,0.428460014,0.554692461,0.0667,0.208203838,0.0533,0.0,0.172425383,0.0,0.0,0.572947464,962
k2690,0.609548298,0.0,0.0,0.298097608,0.0,0.0,0.0628,0.0,0.0,0.0,2781
k2876,0.572639368,0.0,0.0,0.188129783,0.109123062,0.0,0.0628,0.0,0.0,0.0,2085
k924,0.550250688,0.0,0.0,0.158257334,0.0,0.0,0.0628,0.0,0.0,0.385774392,1634
k2939,0.431530991,0.434503922,0.0,0.127077004,0.111513405,0.0,0.0628,0.0,0.0313,0.243063452,749
k382,0.543805598,0.0,0.0,0.0833,0.250905137,0.25,0.0628,0.0,0.0,0.324368888,2241
k2472,0.499928358,0.0,0.0,0.222879737,0.153708726,0.0,0.0628,0.0,0.0,0.0,399
k784,0.546703406,0.781790111,0.0,0.132162088,0.160028973,0.0,0.0628,0.0625,0.0,0.383670685,881
k500,0.520935803,0.0,0.0,0.0935,0.106082552,0.0,0.0628,0.0,0.0,0.374232431,1106
k3008,0.545326053,0.0,0.0,0.102068193,0.260680671,0.0,0.0628,0.0,0.0,0.0,3315
k1072,0.431902671,0.0,0.0,0.0774,0.234612624,0.0,0.0628,0.0,0.0,0.325108028,839
k1266,0.361901376,0.0,0.0,0.0956,0.253620587,0.0,0.0628,0.0625,0.15625,0.0,3110
k3093,0.542754172,0.492574723,0.0,0.259148657,0.0558,0.0,0.0628,0.0,0.0,0.350295656,2589
k3396,0.362114601,0.0,0.0,0.0853,0.204380897,0.0,0.0628,0.0,0.0938,0.0,1901
k2888,0.572653186,0.0,0.0,0.195606459,0.130340334,0.0,0.0628,0.0,0.0,0.0,395
k1359,0.521617803,0.277173162,0.0,0.0699,0.291599546,0.0,0.0628,0.0,0.0,0.233340914,2186
k574,0.434921584,0.0,0.0,0.115965316,0.104272273,0.0,0.0628,0.0,0.0,0.443882192,1695
k812,0.586009675,0.0,0.0,0.0933,0.208544548,0.0,0.0628,0.0,0.0,0.0,2387
k1603,0.350382392,0.0,0.0,0.0925,0.130340334,0.0,0.0628,0.0,0.0,0.0,932
k935,0.586049181,0.0,0.0,0.0833,0.26553147,0.0,0.0628,0.0,0.0,0.0,1152
k111,0.576919369,0.0,0.0,0.112271523,0.364952945,0.0,0.0628,0.0,0.1875,0.0,1045
k1597,0.440650136,0.0,0.0,0.203734597,0.0782,0.0,0.0628,0.0313,0.0,0.0,922
k3006,0.519113666,0.646760331,0.0,0.105419002,0.217595952,0.0,0.0628,0.0,0.0,0.399931772,55
k1307,0.574135459,0.0,0.0,0.121407059,0.233345404,0.0,0.0628,0.0,0.25,0.0,1189
k1670,0.594805715,0.0,0.0,0.0888,0.210354829,0.0,0.0628,0.0,0.0,0.0,2640
k1167,0.350380494,0.0,0.0,0.0354,0.442433013,0.0,0.0628,0.0,0.0,0.185183079,2058
k1712,0.586045211,0.0,0.0,0.0833,0.26553147,0.0,0.0628,0.0,0.0,0.0,920
k2338,0.574185609,0.0,0.0,0.105692232,0.286748747,0.0,0.0628,0.0,0.0,0.0,1256
k2614,0.4981457,0.0,0.0,0.163632481,0.0755,0.0,0.0628,0.0,0.0625,0.0,2539
k2735,0.669861434,0.0,0.0,0.093,0.286748747,0.0,0.0628,0.0,0.0,0.0,2078
k2761,0.590472458,0.0,0.0,0.081,0.181209282,0.0,0.0628,0.0,0.0625,0.0,448
k2887,0.431469031,0.604800305,0.0,0.196563619,0.0,0.0,0.0628,0.0,0.0,0.317489197,669
k912,0.541515033,0.0,0.0,0.0731,0.104272273,0.0,0.0628,0.0,0.0,0.416818285,1747
k1571,0.500055497,0.0,0.0,0.0878,0.208544548,0.0,0.0628,0.0,0.25,0.343359108,2596
k2774,0.431885666,0.0,0.0,0.100535408,0.182476472,0.0,0.0628,0.0,0.0,0.340175119,1842
k2124,0.562907296,0.0,0.0,0.136895826,0.0,0.0,0.0628,0.0,0.0,0.268592222,1027
k3423,0.574184668,0.0,0.0,0.103223119,0.264301232,0.0,0.0628,0.0,0.0,0.0,276
k2889,0.317396657,0.432187801,0.0667,0.118289316,0.152878347,0.0,0.0628,0.0313,0.0313,0.0,1430
k2893,0.593330255,0.0,0.0,0.0792,0.260680671,0.0,0.0628,0.0,0.0,0.0,2369
k2399,0.5273274,0.0,0.0,0.0967,0.0558,0.0,0.0628,0.0,0.0625,0.280873323,2474
k3103,0.570894411,0.0,0.0,0.074,0.238233186,0.0,0.0628,0.0,0.0,0.37667728,1328
k1488,0.565924925,0.0,0.0,0.0823,0.239463394,0.0,0.0628,0.0,0.0,0.0,2477
k2036,0.514619107,0.676749049,0.0,0.152134892,0.161259196,0.0,0.0628,0.0,0.0,0.634580396,2598
k2664,0.552222211,0.0,0.0,0.20491983,0.0782,0.0,0.0628,0.0,0.0,0.0,2412
k908,0.498165128,0.0,0.0,0.110200125,0.208544548,0.0,0.0628,0.0,0.0,0.0,940
k2042,0.36206702,0.0,0.0,0.146926211,0.231082561,0.0,0.0628,0.0,0.0,0.0,670
k2084,0.504776747,0.0,0.0,0.0663,0.208544548,0.0,0.0628,0.0,0.0,0.349158517,912
k2286,0.499925539,0.0,0.0,0.142933375,0.153708726,0.0,0.0628,0.0,0.0,0.0,508
k2158,0.361676357,0.0,0.0,0.0742,0.48832368,0.0,0.0628,0.0,0.0,0.0,1724
k1641,0.615770503,0.0,0.0,0.0703,0.155774794,0.0,0.0628,0.0,0.0938,0.0,1690
k1406,0.496770495,0.0,0.0,0.168644829,0.0521,0.0,0.0628,0.0,0.28125,0.0,379
k1314,0.528288498,0.0,0.0,0.114695412,0.130340334,0.0,0.0628,0.0,0.0,0.358198772,600
k2055,0.567482383,0.0,0.0,0.108458754,0.312816823,0.0,0.0628,0.0,0.0,0.0,777
k1613,0.362011927,0.0,0.0,0.069,0.361513423,0.0,0.0628,0.0,0.0,0.0,1939
k1001,0.53499656,0.0,0.0,0.183315918,0.0,0.0,0.0628,0.0,0.0,0.420513987,3423
k1270,0.499925947,0.0,0.0,0.17396462,0.153708726,0.0,0.0628,0.0,0.0,0.0,1954
k212,0.572707694,0.236841268,0.0,0.15009363,0.234612624,0.0,0.0628,0.0,0.28125,0.0,401
k896,0.680067399,0.0,0.0,0.140409573,0.262298195,0.0,0.0628,0.0,0.0,0.0,1758
k3240,0.477992782,0.0,0.0,0.0814,0.260680671,0.0,0.0628,0.0,0.0,0.0,852
k1930,0.50492447,0.0,0.0,0.108101224,0.233089602,0.0,0.0628,0.0,0.34375,0.396349784,2702
k1434,0.350314616,0.0657,0.0,0.225480932,0.0265,0.0,0.0628,0.0,0.0,0.495508301,438
k2947,0.35031195,0.183537293,0.0,0.0973,0.111513405,0.0,0.0628,0.0,0.125,0.312542643,855
k53,0.517243254,0.752467766,0.3,0.166496831,0.0261,0.0,0.0628,0.40625,0.0,0.641744371,1294
k1302,0.516530395,0.584144087,0.0,0.149011585,0.181118754,0.0,0.391234203,0.0,0.1875,0.581703434,982
k2444,0.520416292,0.0,0.0,0.092,0.0,0.0,0.0628,0.0,0.0625,0.253411417,3390
k1879,0.361997426,0.0,0.0,0.0864,0.126810292,0.0,0.0628,0.0,0.0,0.0,2787
k1059,0.51522411,0.0,0.0,0.120529336,0.182476472,0.0,0.0628,0.0,0.0,0.50261542,383
k1654,0.58249042,0.0,0.0,0.101496962,0.130340334,0.0,0.0628,0.0,0.0,0.0,1870
k512,0.542845464,0.0,0.0,0.0818,0.364952945,0.0,0.0628,0.0,0.15625,0.422162838,1742
k1106,0.620242455,0.0,0.0,0.0907,0.29398987,0.0,0.0628,0.0,0.0938,0.330168297,585
k1218,0.358418894,0.0,0.0,0.112675868,0.0782,0.0,0.0628,0.0,0.0,0.0,2207
k2,0.503615583,0.0,0.0,0.0697,0.208544548,0.0,0.0628,0.0,0.0,0.285535592,3433
k1514,0.500502736,0.569923793,0.0,0.156150291,0.0496,0.0,0.387156046,0.0,0.1875,0.569081192,362
k3410,0.574226271,0.0,0.0,0.227460095,0.0782,0.0,0.0628,0.0,0.0,0.0,3100
k2802,0.431299873,0.0552,0.0,0.253892253,0.0,0.0,0.0628,0.0625,0.0,0.600125085,741
k2330,0.361901942,0.0,0.0,0.0974,0.253620587,0.0,0.0628,0.0,0.0,0.0,3155
k41,0.493635982,0.0,0.0,0.108887921,0.208544548,0.0,0.0628,0.0,0.0,0.464634978,1311
k2357,0.361770266,0.0,0.0,0.0807,0.253620587,0.0,0.0628,0.0,0.0,0.0,948
k1694,0.361910706,0.0,0.0,0.095,0.3588885,0.0,0.519853007,0.0,0.15625,0.0,1420
k1516,0.574103248,0.0,0.0,0.176305024,0.156408411,0.0,0.0628,0.0,0.0,0.0,631
k1724,0.558709483,0.0,0.0,0.194002384,0.0254,0.0,0.0628,0.0,0.0313,0.0,797
k137,0.362119286,0.0,0.0,0.179071846,0.126810292,0.0,0.0628,0.0,0.0,0.0,1946
k1736,0.362093961,0.0,0.0,0.103186083,0.203747294,0.0,0.0628,0.0,0.125,0.371219013,2340
k1205,0.361677286,0.0,0.0,0.101620902,0.178312821,0.0,0.483351259,0.0,0.21875,0.0,2203
k154,0.536714309,0.0,0.0,0.0987,0.156408411,0.0,0.0628,0.0,0.0,0.610814191,2511
k1594,0.574184498,0.0,0.0,0.223188754,0.104272273,0.0,0.0628,0.0,0.0,0.0,2487
k368,0.615787475,0.0,0.0,0.126296858,0.18184287,0.0,0.0628,0.0,0.0938,0.0,176
k1922,0.584688223,0.0,0.0,0.145946936,0.0279,0.0,0.0628,0.0,0.0,0.259097112,2271
k632,0.362022509,0.588313259,0.0,0.135727023,0.283218698,0.0,0.0628,0.0625,0.0,0.0,1820
k671,0.451411059,0.0567,0.0,0.148994356,0.0,0.0,0.0628,0.0,0.0,0.347168524,1824
k1295,0.521384682,0.0,0.0,0.122586461,0.104272273,0.0,0.0628,0.0,0.0,0.417898567,2846
k234,0.593285522,0.0,0.0,0.111491081,0.156408411,0.0,0.464596218,0.0,0.25,0.0,2859
k1760,0.567733991,0.0,0.0,0.129785538,0.210354829,0.0,0.0628,0.0,0.0,0.0,1933
k1431,0.360886024,0.0,0.0,0.074,0.156408411,0.0,0.0628,0.0,0.0,0.0,1361
k2190,0.433640297,0.0,0.0,0.126164056,0.0,0.0,0.0628,0.0,0.0,0.290595861,165
k1422,0.361884735,0.0,0.0,0.0883,0.30575671,0.0,0.0628,0.0,0.0,0.0,3369
k1895,0.34743489,0.451085448,0.0,0.125435719,0.104272273,0.0,0.0628,0.0,0.0938,0.0,933
k918,0.575834189,0.0,0.0,0.0569,0.107892833,0.0,0.0628,0.0,0.0,0.20491244,1087
k2257,0.574210139,0.0,0.0,0.126478441,0.234612624,0.0,0.0628,0.0,0.0,0.0,1403
k2194,0.592548538,0.0,0.0,0.0888,0.264301232,0.0,0.0628,0.0,0.0,0.393734364,3421
k507,0.429377175,0.0,0.0,0.115072474,0.130340334,0.0,0.0628,0.0,0.0,0.0,1178
k2051,0.504437603,0.0,0.0,0.109307459,0.104272273,0.0,0.0628,0.0,0.0,0.430350239,665
k362,0.501188561,0.0,0.0,0.16439135,0.0782,0.0,0.0628,0.0,0.0,0.467477826,2083
k528,0.556502386,0.0,0.0,0.177726254,0.0261,0.0,0.0628,0.0,0.0,0.0,1503
k247,0.658365796,0.0,0.0,0.0677,0.286748747,0.0,0.0628,0.0,0.0,0.0,1731
k2322,0.489491166,0.106482066,0.0,0.105284163,0.130340334,0.0,0.0628,0.0,0.0938,0.2749602,1869
k2902,0.536715925,0.0,0.0,0.0987,0.210354829,0.0,0.0628,0.0,0.0,0.322663179,939
k2581,0.359705351,0.156075295,0.0,0.0875,0.279688634,0.0,0.0628,0.0,0.25,0.0,499
k1028,0.595930495,0.0,0.0,0.172755157,0.0521,0.0,0.0628,0.0,0.0,0.0,2895
k2526,0.362128738,0.0,0.0,0.0934,0.152878347,0.0,0.0628,0.0,0.0,0.0,1991
k1946,0.53587703,0.0,0.0,0.116118079,0.364952945,0.0,0.34005557,0.0,0.125,0.0,865
k3354,0.461826396,0.0,0.0333,0.133116737,0.128439536,0.0,0.0628,0.0313,0.21875,0.480100068,150
k3250,0.362093153,0.0,0.0,0.0929,0.283218698,0.0,0.0628,0.0,0.0,0.0,2888
k3010,0.527442551,0.0,0.0,0.10247574,0.158761782,0.0,0.0628,0.0,0.0938,0.391744371,1732
k1612,0.429373661,0.0,0.0,0.183404387,0.0,0.0,0.0628,0.0,0.0313,0.43256766,1834
k1827,0.616021315,0.0,0.0,0.0836,0.286115129,0.0,0.0628,0.0,0.125,0.0,715
k2231,0.42936526,0.0,0.0,0.170488425,0.0521,0.0,0.0628,0.0,0.0625,0.465772117,2732
k2351,0.573275888,0.0,0.0,0.126971901,0.239463394,0.0,0.0628,0.0,0.0,0.0,1627
k3237,0.57269806,0.0,0.0,0.17618704,0.182476472,0.0,0.0628,0.0,0.0,0.0,45
k2763,0.542849313,0.0,0.0,0.0799,0.340061562,0.0,0.0628,0.0,0.1875,0.415681146,264
k2821,0.571037226,0.0,0.0,0.0716,0.0279,0.0,0.0628,0.0,0.0,0.204514442,3260
k1570,0.574199354,0.0,0.0,0.179913775,0.103638676,0.0,0.0628,0.0,0.0625,0.0,2960
k2171,0.429159628,0.0,0.0,0.151325107,0.0,0.0,0.0628,0.0,0.0,0.0,3140
k1405,0.587530373,0.0,0.0,0.290739767,0.0279,0.0,0.0628,0.0,0.0,0.261655674,1533
k1448,0.535954888,0.130143731,0.0,0.15229252,0.0,0.0,0.0628,0.0,0.0625,0.433761656,297
k1598,0.603974456,0.0,0.0,0.0407,0.139391748,0.0,0.0628,0.0,0.0,0.209460996,2551
k1227,0.520186374,0.0,0.0,0.146610214,0.0,0.0,0.0628,0.0,0.0313,0.648567205,64
k3374,0.59515875,0.353826924,0.0,0.134005088,0.104272273,0.0,0.0628,0.0,0.15625,0.0,3418
k3156,0.358337465,0.0,0.0,0.106649738,0.105448957,0.0,0.0628,0.0313,0.0938,0.335285422,1329
k1950,0.576113267,0.0,0.0,0.227636593,0.0,0.0,0.0628,0.0,0.0,0.367466454,1122
k235,0.574190448,0.0,0.0,0.115561491,0.260680671,0.0,0.0628,0.0,0.0,0.0,2318
k2715,0.544980002,0.0,0.0,0.356445884,0.0,0.0,0.0628,0.0,0.0,0.238344326,391
k1191,0.548570207,0.0,0.0667,0.121170966,0.208544548,0.0,0.0628,0.0,0.0,0.0,814
k2206,0.537046135,0.0,0.0,0.484169954,0.0,0.0,0.0628,0.0,0.0,0.280475324,1046
k861,0.574190686,0.0,0.0,0.115561491,0.260680671,0.0,0.0628,0.0,0.0,0.0,3325
k2530,0.362124295,0.0,0.0,0.140261403,0.126810292,0.0,0.0628,0.0,0.0,0.433932227,2874
k2295,0.559617447,0.0,0.0,0.0515,0.43519189,0.0,0.0628,0.0,0.0,0.220775529,3388
k1289,0.532605409,0.0,0.0,0.150776615,0.137001416,0.0,0.0628,0.0,0.0,0.502331135,1837
k1901,0.542814985,0.0,0.0,0.132307526,0.130340334,0.0,0.0628,0.0,0.0,0.446270184,3227
k1798,0.361980745,0.0,0.0,0.0974,0.253620587,0.0,0.0628,0.0,0.0,0.0,1689
k2418,0.614015746,0.0,0.0,0.200763482,0.0776,0.0,0.0628,0.0,0.0313,0.0,544
k643,0.463788596,0.0,0.0667,0.1028851,0.212761745,0.0,0.0628,0.0,0.0,0.0,1950
k3298,0.591947243,0.0,0.0,0.200354718,0.0,0.0,0.0628,0.0,0.0,0.203718444,1192
k1067,0.591842493,0.0,0.0,0.10437109,0.156408411,0.0,0.0628,0.0,0.0,0.0,2923
k2039,0.361982805,0.0,0.0,0.108513961,0.158309205,0.0,0.0628,0.0,0.1875,0.333466,156
k149,0.362001627,0.0,0.0,0.0809,0.258960902,0.0,0.0628,0.0,0.0,0.0,1765
k3206,0.533694439,0.0,0.0333,0.140225683,0.105358438,0.0,0.456350273,0.0,0.15625,0.426313395,2653
k3037,0.448217898,0.0,0.0,0.117203202,0.21216511,0.0,0.0628,0.0,0.0313,0.353252217,2190
k2440,0.428299015,0.0,0.0,0.172133905,0.0,0.0,0.0628,0.0,0.0313,0.362121901,775
k396,0.534093289,0.0,0.0,0.490070587,0.0,0.0,0.0628,0.0,0.0,0.0,888
k2872,0.507919589,0.0,0.0,0.113258422,0.234612624,0.0,0.0628,0.0,0.0,0.0,3007
k1325,0.57414853,0.0,0.0,0.162666334,0.0782,0.0,0.0628,0.0,0.0,0.0,2649
k975,0.577628476,0.0,0.0,0.0967,0.182476472,0.0,0.0628,0.0,0.0938,0.0,3019
k110,0.65983365,0.0,0.0,0.0729,0.286748747,0.0,0.0628,0.0,0.0,0.0,1116
k2428,0.574182959,0.0,0.0,0.122362158,0.208544548,0.0,0.0628,0.0,0.0,0.0,1916
k3081,0.574225043,0.0,0.0,0.110489639,0.234612624,0.0,0.0628,0.0,0.0,0.0,2636
k159,0.334843967,0.502848024,0.0,0.14316336,0.104272273,0.0,0.0628,0.0,0.0,0.0,1278
k2594,0.563510109,0.0,0.0,0.0777,0.210354829,0.0,0.0628,0.0,0.0,0.402774619,1236
k867,0.526355468,0.0,0.0,0.0876,0.186097049,0.0,0.0628,0.0,0.0938,0.373834433,694
k523,0.499929198,0.0,0.0,0.180490416,0.153708726,0.0,0.0628,0.0,0.0,0.0,573
k1945,0.574186162,0.0,0.0,0.0988,0.260680671,0.0,0.0628,0.0,0.0,0.0,2938
k2013,0.504654419,0.0,0.0,0.0831,0.208544548,0.0,0.0628,0.0,0.0,0.347566523,1206
k2786,0.549087917,0.0,0.0,0.310934038,0.0,0.0,0.0628,0.0,0.0,0.0,3198
k2794,0.585221604,0.0,0.0,0.169944698,0.127924832,0.0,0.0628,0.0,0.21875,0.0,1463
k263,0.657068324,0.0,0.0,0.0677,0.286748747,0.0,0.0628,0.0,0.0,0.0,3050
k1962,0.57487425,0.0,0.0,0.0981,0.104272273,0.0,0.0628,0.0,0.0,0.0,358
k36,0.543505237,0.0,0.0,0.114571343,0.130340334,0.0,0.0628,0.0,0.0313,0.472196952,3405
k1732,0.504988894,0.0,0.0,0.105654625,0.182476472,0.0,0.0628,0.0,0.34375,0.29713441,1494
k2732,0.428251797,0.0,0.0,0.120340756,0.0521,0.0,0.444407099,0.0,0.15625,0.0,867
k2577,0.657067048,0.0,0.0,0.0677,0.286748747,0.0,0.0628,0.0,0.0,0.0,1501
k929,0.520169571,0.162448774,0.0,0.133480002,0.0782,0.0,0.0628,0.0,0.1875,0.33363657,1128
k2488,0.57403201,0.0,0.0,0.127158177,0.267921809,0.0,0.0628,0.0,0.0,0.411928588,374
k658,0.591431097,0.0,0.0,0.465982374,0.0279,0.0,0.0628,0.0,0.0,0.279565613,2580
k2352,0.657115655,0.0,0.0,0.0746,0.338884869,0.0,0.0628,0.0,0.0,0.0,722
k2937,0.443790425,0.0,0.0,0.157433776,0.156408411,0.0,0.0628,0.0,0.0,0.0,2347
k1908,0.500321021,0.0,0.0,0.088,0.156408411,0.0,0.0628,0.0,0.0,0.270070503,1186
k1459,0.586011529,0.0,0.0,0.0914,0.260680671,0.0,0.0628,0.0,0.0,0.0,2204
k2392,0.361901295,0.0,0.0,0.149459867,0.253620587,0.0,0.0628,0.0,0.0,0.0,2902
k2861,0.499396419,0.0,0.0,0.145651467,0.104272273,0.0,0.0628,0.0,0.0,0.692403912,3157
k2836,0.574226945,0.0,0.0,0.202262679,0.0782,0.0,0.0628,0.0,0.15625,0.0,985
k2487,0.593087384,0.783360738,0.0,0.230416908,0.104272273,0.0,0.0628,0.0,0.0,0.0,169
k2279,0.431903236,0.0,0.0,0.106681164,0.182476472,0.0,0.0628,0.0,0.0,0.332499431,2465
k1562,0.448258693,0.0967,0.0,0.0855,0.288559027,0.0,0.0628,0.0,0.0313,0.274391631,18
k293,0.418348984,0.544946599,0.0,0.184047258,0.0,0.0,0.0628,0.0,0.0,0.363713896,105
k1948,0.542791825,0.0,0.0,0.135929058,0.0782,0.0,0.0628,0.0,0.0,0.471742097,1866
k711,0.540000111,0.0,0.0,0.112630069,0.107259238,0.0,0.0628,0.0,0.0625,0.431657949,2856
k2916,0.359698727,0.0,0.0,0.0807,0.253620587,0.0,0.0628,0.0,0.0,0.0,2723
k173,0.574188735,0.0,0.0,0.105692232,0.286748747,0.0,0.0628,0.0,0.0,0.0,82
k433,0.358466272,0.0,0.0,0.126868785,0.0261,0.0,0.0628,0.0,0.0,0.0,3123
k2606,0.548569436,0.0,0.0,0.0879,0.208544548,0.0,0.0628,0.0,0.0,0.0,1200
k1619,0.593314652,0.0,0.0,0.0866,0.286748747,0.0,0.0628,0.0,0.0,0.0,170
k3172,0.658412141,0.0,0.0,0.0677,0.286748747,0.0,0.0628,0.0,0.0,0.0,3419
k3144,0.591408902,0.0,0.0,0.0877,0.132150615,0.0,0.0628,0.0,0.0,0.0,2448
k1474,0.504904634,0.0,0.0,0.0821,0.208544548,0.0,0.0628,0.0,0.25,0.352171935,921
k3095,0.528043728,0.0,0.0,0.13695937,0.0558,0.0,0.0628,0.0,0.0625,0.45286559,195
k2025,0.542746348,0.0,0.0,0.135929058,0.0782,0.0,0.0628,0.0,0.0,0.490618604,3171
k2024,0.593377945,0.0,0.0,0.0823,0.286748747,0.0,0.0628,0.0,0.0,0.0,803
k2230,0.361914705,0.0,0.0,0.139125421,0.229724843,0.0,0.46730752,0.0,0.15625,0.0,2181
k2854,0.360888124,0.0,0.0,0.0864,0.182476472,0.0,0.0628,0.0,0.0,0.328746873,2637
k1066,0.498987532,0.0,0.0,0.101646718,0.234612624,0.0,0.0628,0.0,0.0,0.0,3263
k1906,0.572669968,0.0,0.0,0.156725,0.0521,0.0,0.0628,0.0,0.0,0.0,1862
k2795,0.529691613,0.0,0.0,0.137671774,0.104272273,0.0,0.0628,0.0,0.0938,0.428132818,2149
k640,0.49991574,0.0,0.0,0.17396462,0.153708726,0.0,0.0628,0.0,0.0,0.0,322
k376,0.362086408,0.0,0.0,0.116115967,0.232892827,0.0,0.0628,0.0,0.0,0.0,2025
k601,0.569695501,0.0,0.0,0.105692232,0.260680671,0.0,0.0628,0.0,0.0,0.0,2104
k1746,0.51987966,0.0,0.0,0.139524057,0.0782,0.0,0.0628,0.0,0.0,0.474926086,2518
k3296,0.350287029,0.112884501,0.0,0.155951284,0.0279,0.0,0.0628,0.0625,0.0313,0.461678417,2463
k2302,0.350262794,0.334318028,0.0333,0.16707794,0.0,0.0,0.0628,0.0625,0.0,0.425176257,3414
k2453,0.36209287,0.0,0.0,0.131014462,0.257150622,0.0,0.0628,0.0,0.0,0.0,1708
k189,0.500320104,0.0,0.0,0.106150917,0.268875441,0.0,0.0628,0.0,0.0,0.287980441,3420
k2658,0.541360424,0.0,0.0,0.107065773,0.158761782,0.0,0.0628,0.0,0.15625,0.357971344,1692
k485,0.619612147,0.0,0.0,0.0754,0.133960907,0.0,0.0628,0.0,0.125,0.280134182,193
k2131,0.574035237,0.0,0.0,0.132486401,0.260680671,0.0,0.0628,0.0,0.0,0.0,2599
k3167,0.680132259,0.0,0.0,0.160976992,0.0935,0.0,0.0628,0.0,0.0,0.0,343
k2582,0.500085229,0.0,0.0,0.0765,0.210354829,0.0,0.0628,0.0,0.0,0.317546054,2939
k1268,0.359676067,0.0,0.0,0.13156442,0.149348298,0.0,0.0628,0.0,0.0,0.0,369
k947,0.516882372,0.0,0.0,0.134839246,0.0782,0.0,0.395558842,0.0,0.125,0.363543325,2110
k1982,0.542625345,0.0,0.0,0.224150703,0.0521,0.0,0.0628,0.0,0.0,0.533773027,3247
k13,0.361961882,0.0,0.0,0.0837,0.253620587,0.0,0.0628,0.0,0.3125,0.0,271
k460,0.520531443,0.335475114,0.0,0.116480474,0.240043452,0.0,0.0628,0.0,0.0,0.432908801,2626
k3202,0.57413989,0.0,0.0,0.139059416,0.21216511,0.0,0.0628,0.0,0.0,0.0,900
k1610,0.490200959,0.0,0.0,0.182205899,0.0782,0.0,0.0628,0.0,0.0,0.0,755
k595,0.5187425,0.0,0.0,0.134839246,0.189717596,0.0,0.399681814,0.0,0.0938,0.299067546,630
k2767,0.574236167,0.246754046,0.0,0.146052485,0.234612624,0.0,0.0628,0.0,0.28125,0.0,2798
k2478,0.538624539,0.0,0.0,0.0751,0.318247665,0.0,0.0628,0.0,0.0,0.0,944
k2233,0.574141429,0.0,0.0,0.133623453,0.104272273,0.0,0.0628,0.0,0.0,0.0,2855
k2891,0.527451748,0.0,0.0,0.0708,0.0836,0.0,0.0628,0.0,0.0625,0.216909256,2906
k2710,0.682708861,0.0,0.0,0.0725,0.364952945,0.0,0.0628,0.0,0.0,0.0,2291
k3362,0.657058646,0.0,0.0,0.0638,0.234612624,0.0,0.0628,0.0,0.0,0.0,328
k14,0.61554487,0.0,0.0,0.141679306,0.129706739,0.0,0.0628,0.0,0.0938,0.0,1943
k2723,0.532598236,0.0,0.0,0.150776615,0.110933343,0.0,0.0628,0.0,0.0,0.518933364,167
k731,0.681456599,0.0,0.0,0.124826831,0.236888367,0.0,0.0628,0.0,0.0,0.0,2102
k635,0.362123406,0.0,0.0,0.0758,0.126810292,0.0,0.0628,0.0,0.0,0.390493518,1730
k202,0.569776227,0.0,0.0,0.304060253,0.0,0.0,0.0628,0.0,0.0,0.0,2430
k1653,0.599358413,0.0,0.0,0.273106042,0.0,0.0,0.0628,0.0,0.0,0.0,1669
k366,0.615787931,0.0,0.0,0.102138467,0.207910931,0.0,0.0628,0.0,0.0938,0.0,821
k3269,0.634325119,0.0,0.0,0.0898,0.260680671,0.0,0.0628,0.0,0.0,0.0,1967
k2973,0.548571169,0.0,0.0,0.0903,0.213975391,0.0,0.0628,0.0,0.0,0.337218558,134
k1213,0.574162328,0.0,0.0,0.164444124,0.132616081,0.0,0.0628,0.0,0.0,0.0,3018
k989,0.362099293,0.0,0.0,0.115122496,0.126810292,0.0,0.0628,0.0,0.0,0.0,1898
k675,0.350368579,0.0,0.0,0.0816,0.0,0.0,0.0628,0.0,0.0,0.316465772,3336
k1927,0.519878985,0.0,0.0,0.124354148,0.155774794,0.0,0.0628,0.0,0.0938,0.454059586,1889
k1507,0.434658597,0.787656519,0.0,0.132310458,0.0515,0.0,0.362485435,0.0,0.0,0.352342506,378
k3131,0.541471455,0.0,0.0,0.208293949,0.0798,0.0,0.0628,0.0,0.21875,0.482544917,1344
k720,0.532606613,0.0,0.0,0.136651861,0.137001416,0.0,0.0628,0.0,0.0,0.486524903,998
k3223,0.538984052,0.0,0.0,0.115424495,0.109703114,0.0,0.0628,0.0313,0.0,0.291391858,3374
k795,0.362094284,0.0,0.0,0.145987771,0.231082561,0.0,0.0628,0.0,0.0,0.0,2003
k2220,0.529693322,0.0,0.0,0.0813,0.262490952,0.0,0.0628,0.0,0.0,0.426768251,303
k806,0.56025717,0.0,0.0,0.442537556,0.0,0.0,0.0628,0.0,0.0,0.0,1163
k2309,0.556539942,0.0,0.0,0.11241088,0.0521,0.0,0.0628,0.0,0.0,0.505913123,873
k3325,0.526513135,0.0,0.0,0.107094022,0.0836,0.0,0.0628,0.0,0.0,0.317148055,1124
k647,0.498174277,0.0,0.0,0.0895,0.234612624,0.0,0.0628,0.0,0.0,0.0,3381
k1752,0.593353416,0.0,0.0,0.0866,0.286748747,0.0,0.0628,0.0,0.0,0.0,1461
k2780,0.682656207,0.0,0.0,0.0701,0.312816823,0.0,0.0628,0.0,0.0,0.0,1107
k2589,0.59308269,0.0,0.0,0.147810289,0.184286753,0.0,0.0628,0.0,0.0,0.0,1701
k2676,0.428453793,0.14741771,0.0,0.148844574,0.0254,0.0,0.310522542,0.0,0.0938,0.630316125,3044
k2448,0.576289591,0.0,0.0,0.046,0.319477873,0.0,0.0628,0.0,0.0,0.228280646,2029
k19,0.521607208,0.241609726,0.1,0.133196348,0.0,0.0,0.0628,0.0313,0.0,0.480100068,1668
k1432,0.443891201,0.0,0.0,0.0736,0.272719048,0.0,0.0628,0.0,0.0,0.217364112,2175
k2920,0.571960935,0.0,0.0,0.170632822,0.0,0.0,0.0628,0.0,0.0,0.331703434,3008
k2639,0.440367964,0.0,0.0,0.122155999,0.208544548,0.0,0.0628,0.0,0.1875,0.462019559,2612
k1551,0.560025543,0.0,0.0,0.129475323,0.133960907,0.0,0.0628,0.0,0.0,0.251762565,1207
k3011,0.360634468,0.0,0.0,0.144389701,0.129073143,0.0,0.0628,0.0,0.25,0.0,2238
k683,0.4989876,0.0,0.0,0.15386095,0.182476472,0.0,0.0628,0.0,0.0,0.0,2372
k2830,0.678604965,0.0,0.0,0.235508018,0.104272273,0.0,0.0628,0.0,0.0,0.0,1301
k950,0.574586071,0.0,0.0,0.118491401,0.0521,0.0,0.0628,0.0,0.0,0.0,768
k2166,0.593378285,0.0,0.0,0.102997674,0.182476472,0.0,0.0628,0.0,0.0625,0.0,2686
k1414,0.57418443,0.0,0.0,0.100825122,0.29398987,0.0,0.0628,0.0,0.0,0.335797134,3174
k2633,0.593361167,0.25278225,0.0,0.0913,0.286748747,0.0,0.0628,0.0,0.28125,0.0,2007
k2717,0.431503283,0.0,0.0,0.10243287,0.379435191,0.0,0.0628,0.0,0.0,0.350238799,414
k2608,0.548569077,0.0,0.0667,0.0879,0.208544548,0.0,0.0628,0.0,0.0,0.0,1017
k2359,0.504904561,0.0,0.0,0.0765,0.286748747,0.0,0.0628,0.0,0.25,0.353707073,1885
k3016,0.447938796,0.0,0.0,0.149213199,0.0794,0.0,0.0628,0.0,0.0,0.432397089,493
k1573,0.35969283,0.0,0.0,0.109177659,0.231082561,0.0,0.0628,0.0,0.0,0.438651353,1457
k2541,0.548869869,0.0,0.0,0.275830719,0.0279,0.222222222,0.0628,0.0,0.0,0.47577894,2202
k3309,0.541512985,0.0,0.0,0.106626378,0.18184287,0.0,0.0628,0.0,0.0938,0.471571526,1198
k346,0.503619364,0.0,0.0,0.0897,0.182476472,0.0,0.0628,0.0,0.0,0.0,817
k3412,0.432042707,0.0,0.0,0.0736,0.347936288,0.0,0.0628,0.0,0.0,0.297418695,2959
k1703,0.503567724,0.0,0.0,0.0843,0.104272273,0.0,0.0628,0.0,0.0,0.0,52
k2522,0.546251159,0.0,0.0,0.135490879,0.0,0.0,0.0628,0.0,0.0,0.375085285,1674
k2500,0.509216366,0.0,0.0,0.230077948,0.0558,0.0,0.0628,0.0,0.0,0.46963839,851
k3394,0.441671668,0.0,0.0,0.112806788,0.234612624,0.0,0.0628,0.0313,0.0,0.0,1476
k352,0.54691611,0.322450037,0.0,0.286957188,0.0,0.0,0.0628,0.25,0.0,0.0,1407
k3402,0.507049378,0.743506029,0.0,0.106816452,0.131517019,0.0,0.0628,0.0,0.0,0.411928588,1534
k2665,0.360596864,0.0,0.0,0.0903,0.205014485,0.0,0.0628,0.0,0.0,0.308903798,1935
k17,0.613390015,0.0,0.0,0.0891,0.207277358,0.0,0.0628,0.0,0.21875,0.0,2282
k1502,0.361900972,0.578106458,0.0,0.148440625,0.205557575,0.0,0.425853724,0.0,0.28125,0.560154651,3176
k2214,0.572474984,0.0,0.0,0.225565057,0.0,0.0,0.0628,0.0,0.0,0.461223562,1440
k1125,0.362078693,0.0,0.0,0.0711,0.231082561,0.0,0.0628,0.0,0.0,0.0,956
k928,0.574819766,0.0,0.0,0.0759,0.233254892,0.0,0.522362642,0.0,0.0313,0.0,537
k1921,0.358428022,0.0,0.0,0.166228716,0.0782,0.0,0.0628,0.0,0.0,0.0,3010
k198,0.615812752,0.0,0.0,0.122441269,0.155774794,0.0,0.0628,0.0,0.0938,0.0,1900
k177,0.49992749,0.0,0.0,0.152171033,0.179776802,0.0,0.0628,0.0,0.0,0.0,893
k542,0.563224003,0.0,0.0,0.136895826,0.0558,0.0,0.0628,0.0,0.0,0.231805777,3356
k2068,0.362014835,0.0,0.0,0.107733694,0.201484436,0.0,0.0628,0.0,0.0,0.439845349,2076
k701,0.574151301,0.0,0.0,0.0957,0.346126007,0.0,0.0628,0.0,0.0,0.0,469
k1364,0.362085883,0.0,0.0,0.0803,0.283218698,0.0,0.0628,0.0,0.0,0.0,596
k1655,0.601281378,0.0,0.0,0.18554204,0.104272273,0.0,0.0628,0.0,0.0,0.0,2434
k1555,0.513068916,0.0,0.166666667,0.120569329,0.185463431,0.0,0.492134983,0.0938,0.0,0.577666591,1994
k952,0.505558966,0.0,0.0,0.0967,0.137581467,0.0,0.0628,0.0,0.0,0.338981123,269
k1099,0.520026276,0.170649384,0.0,0.119091996,0.133960907,0.0,0.0628,0.0313,0.125,0.258414828,3034
k2076,0.569037267,0.0,0.0,0.124900454,0.158218692,0.0,0.0628,0.0,0.0,0.0,3351
k3132,0.428769571,0.0,0.0,0.15872853,0.0,0.0,0.0628,0.0,0.0,0.435069365,290
k1284,0.544479649,0.0,0.0,0.121508464,0.0261,0.0,0.0628,0.0,0.0,0.413463725,2658
k1543,0.574199475,0.0,0.0,0.265475666,0.0521,0.0,0.0628,0.0,0.0,0.0,280
k3108,0.537001454,0.0,0.0,0.313558805,0.0,0.0,0.0628,0.0,0.0,0.349044803,3130
k65,0.54183405,0.0,0.0,0.155434714,0.103638676,0.0,0.0628,0.0,0.0625,0.0,2770
k1372,0.540740998,0.0,0.0,0.110276384,0.234612624,0.0,0.0628,0.0,0.0,0.331987719,2396
k2771,0.538878506,0.0,0.0,0.0991,0.187327257,0.0,0.0628,0.0,0.0,0.386627246,1367
k3401,0.540323487,0.473412121,0.0,0.0949,0.0279,0.0,0.0628,0.0,0.0,0.257959973,2183
k84,0.362084267,0.0,0.0,0.158272031,0.256517019,0.0,0.0628,0.0,0.125,0.0,3303
k2227,0.592968743,0.0,0.0,0.153385485,0.0261,0.0,0.0628,0.0,0.0625,0.0,951
k3234,0.548775059,0.0,0.0333,0.104292799,0.327299054,0.0,0.0628,0.1875,0.0,0.20752786,1351
k509,0.492692001,0.0,0.0,0.120876913,0.104272273,0.0,0.0628,0.0,0.0,0.375653855,2
k3005,0.531873962,0.201785944,0.0,0.196149516,0.338884869,0.0,0.0628,0.0,0.34375,0.0,566
k112,0.424101852,0.497194889,0.0,0.11817647,0.160028973,0.0,0.0628,0.0,0.0,0.248919718,664
k1246,0.558477496,0.0,0.0,0.0649,0.6133237,0.0,0.0628,0.0,0.0,0.195815329,2383
k3328,0.630503864,0.0,0.0,0.0385,0.109703114,0.0,0.0628,0.0,0.0,0.286274733,2841
k1576,0.347450078,0.554497155,0.0,0.153820311,0.0812,0.0,0.348480774,0.0,0.0938,0.538264726,3106
k200,0.350267157,0.578736104,0.0333,0.111869239,0.390296906,0.0,0.0628,0.8125,0.0313,0.295485558,506
k2990,0.527455456,0.0,0.0,0.112604603,0.104272273,0.0,0.0628,0.0,0.1875,0.376734137,556
k803,0.651396307,0.0,0.0,0.0267,0.249094856,0.0,0.0628,0.0,0.0,0.179781669,2878
k1646,0.623654313,0.0,0.0,0.0805,0.260680671,0.0,0.0628,0.0,0.1875,0.0,1619
k338,0.548116417,0.0,0.0,0.0637,0.186097049,0.0,0.0628,0.0,0.0,0.334375711,2080
k1923,0.56004466,0.0,0.0,0.0696,0.0558,0.0,0.0628,0.0,0.0,0.224130089,1071
k2956,0.510905782,0.0,0.0,0.0996,0.130340334,0.0,0.0628,0.0,0.0625,0.372469866,2843
k2173,0.556251016,0.0,0.0,0.13116566,0.286748747,0.0,0.0628,0.0,0.0,0.0,1641
k2828,0.584903887,0.0,0.0,0.0915,0.260680671,0.0,0.0628,0.0,0.0,0.0,142
k723,0.608386124,0.0,0.0,0.199281461,0.0,0.0,0.0628,0.0,0.0625,0.470661815,1048
k964,0.542814622,0.0,0.0,0.133978276,0.104272273,0.0,0.0628,0.0,0.0,0.418012281,417
k2059,0.524723428,0.0,0.0,0.0867,0.130340334,0.0,0.0628,0.0,0.0,0.444393905,2143
k1416,0.563922487,0.0,0.0,0.431513621,0.0,0.0,0.0628,0.0,0.0,0.0,492
k1031,0.559647926,0.0,0.0,0.114091539,0.129706739,0.0,0.0628,0.0,0.125,0.0,1719
k3119,0.516087321,0.0,0.0667,0.200719616,0.0,0.0,0.0628,0.0313,0.0,0.541107573,1529
k1695,0.571527897,0.0,0.0,0.141134512,0.344912347,0.0,0.455902124,0.0,0.125,0.0,2671
k28,0.356427975,0.0,0.0,0.148280319,0.155774794,0.0,0.0628,0.0,0.0938,0.0,2414
k3387,0.535106561,0.345107802,0.0,0.23863654,0.0,0.0,0.0628,0.0,0.0625,0.468501251,2807
k1583,0.361849554,0.0,0.0,0.101192306,0.149348298,0.0,0.0628,0.0,0.0,0.420513987,3333
k1009,0.656560895,0.0,0.0,0.0698,0.0521,0.0,0.0628,0.0,0.0,0.0,1640
k1586,0.592171285,0.0,0.0,0.159863945,0.0509,0.0,0.0628,0.0,0.0625,0.0,1176
k1790,0.513715356,0.0,0.0,0.0623,0.234612624,0.0,0.0628,0.0,0.0,0.321639754,325
k2743,0.516115704,0.541748452,0.233333333,0.155284783,0.0,0.0,0.0628,0.0938,0.0313,0.55179668,2779
k3125,0.350376334,0.0,0.0,0.0495,0.111513405,0.0,0.0628,0.0,0.0,0.243745736,3015
k2009,0.676613218,0.0,0.0,0.287164087,0.131957843,0.0,0.0628,0.0,0.0,0.0,2975
k1546,0.362115409,0.0,0.0,0.221958185,0.100742219,0.0,0.0628,0.0,0.0,0.0,926
k3276,0.488638833,0.0,0.0,0.0718,0.260680671,0.0,0.0628,0.0,0.0,0.341312258,1399
k2431,0.322277278,0.0,0.1,0.137284803,0.129706739,0.0,0.0628,0.0,0.0938,0.611723903,613
k1035,0.350344263,0.321672212,0.0,0.213518577,0.0,0.0,0.0628,0.0,0.0,0.414032295,2256
k1057,0.528258262,0.0,0.0,0.0862,0.0,0.0,0.0628,0.0,0.0,0.28036161,2371
k3027,0.574147617,0.0,0.0,0.164444124,0.0782,0.0,0.0628,0.0,0.0,0.0,753
k3021,0.621916243,0.0,0.0,0.123808534,0.208544548,0.0,0.0628,0.0,0.125,0.0,695
k3090,0.435459513,0.0,0.0,0.0332,0.22302681,0.0,0.0628,0.0,0.0,0.184443939,1168
k2354,0.557995372,0.0,0.0,0.0546,0.501810288,0.0,0.0628,0.0,0.0,0.194166477,2267
k260,0.511841745,0.0,0.0,0.0553,0.0,0.0,0.0628,0.0,0.0,0.271776211,249
k3036,0.519990428,0.0,0.0,0.116281466,0.260047083,0.0,0.0628,0.0,0.0938,0.0,503
k2337,0.57407207,0.0,0.0,0.10672448,0.132150615,0.0,0.0628,0.0,0.0,0.293609279,2657
k1709,0.504206772,0.0,0.0,0.0598,0.130340334,0.0,0.0628,0.0,0.0,0.30384353,1715
k1729,0.572221425,0.0,0.0,0.10503583,0.0558,0.0,0.0628,0.0,0.0,0.0,3362
k1200,0.542239783,0.0,0.0,0.0777,0.249094856,0.0,0.0628,0.0,0.0,0.332044576,2692
k1523,0.541437171,0.0,0.0,0.0731,0.104272273,0.0,0.0628,0.0,0.0,0.404139186,2814
k3322,0.547525039,0.0,0.0,0.0518,0.358797972,0.0,0.0628,0.0,0.0,0.213213555,2316
k3334,0.574491721,0.0,0.0,0.0538,0.161839254,0.0,0.0628,0.0,0.0,0.271548783,2479
k151,0.556020524,0.0,0.0,0.097,0.104272273,0.0,0.0628,0.0,0.0,0.0,3064
k157,0.576333625,0.0,0.0,0.15876296,0.156408411,0.0,0.0628,0.0,0.0,0.0,1075
k2967,0.547015541,0.0,0.0,0.180864525,0.0521,0.0,0.0628,0.25,0.0,0.0,649
k1392,0.504776747,0.0,0.0,0.0649,0.312816823,0.0,0.0628,0.0,0.0625,0.362690471,1553
k3407,0.500002242,0.0,0.0,0.093,0.208544548,0.0,0.0628,0.0,0.25,0.430407096,3236
k612,0.485154129,0.0,0.0,0.082,0.210354829,0.0,0.0628,0.0,0.0,0.318512622,2491
k1336,0.542587284,0.0,0.0,0.0848,0.0,0.0,0.0628,0.0,0.0,0.348874232,576
k1884,0.549010996,0.0,0.0,0.193605435,0.0,0.0,0.0628,0.0,0.0,0.0,682
k3411,0.308104113,0.0,0.0,0.114129316,0.155141206,0.0,0.0628,0.0,0.125,0.0,917
k51,0.57415578,0.677774293,0.0,0.0986,0.0776,0.0,0.331988886,0.0,0.0625,0.341994542,1364
k217,0.498051132,0.0,0.0,0.0951,0.156408411,0.0,0.0628,0.0,0.25,0.0,2068
k963,0.513242691,0.0,0.0,0.223561198,0.0,0.0,0.0628,0.0,0.0,0.403286332,2508
k1558,0.559678236,0.0,0.0,0.0917,0.0,0.0,0.0628,0.0,0.0,0.271491926,1771
k1634,0.569566799,0.0,0.0,0.0993,0.278783493,0.0,0.0628,0.0,0.0,0.193597908,2562
k2082,0.519900001,0.0,0.0,0.0867,0.133960907,0.0,0.0628,0.0,0.0,0.237036616,961
k3375,0.575859591,0.0,0.0,0.0542,0.236422905,0.0,0.0628,0.0,0.0,0.226688651,339
k1231,0.576680379,0.0,0.0,0.0851,0.0,0.0,0.0628,0.0,0.3125,0.37127587,606
k560,0.541534437,0.0,0.0,0.102546165,0.0782,0.0,0.0628,0.0,0.0,0.420798272,79
k3031,0.570476759,0.0,0.0,0.0729,0.139391748,0.0,0.0628,0.0,0.0,0.234762338,986
k1319,0.583253595,0.0,0.0,0.130712213,0.182476472,0.0,0.0628,0.0,0.0,0.0,1292
k1952,0.55955579,0.0,0.0,0.150852203,0.0,0.0,0.0628,0.0,0.0,0.522742779,2871
k1692,0.441261294,0.0,0.0,0.103904367,0.133960907,0.0,0.0628,0.0313,0.0,0.262394815,1875
k341,0.498166211,0.0,0.0,0.10352715,0.104272273,0.0,0.0628,0.0,0.0,0.0,2020
k474,0.496410408,0.692730066,0.0,0.154785438,0.0558,0.0,0.0628,0.125,0.0,0.377757562,2499
k2869,0.557415141,0.0,0.0,0.296894318,0.0558,0.0,0.0628,0.0,0.0938,0.413691153,2514
k1299,0.571911052,0.0,0.0,0.256658159,0.0782,0.0,0.0628,0.1875,0.0,0.0,500
k71,0.512894927,0.0,0.0,0.105815801,0.160028973,0.277777778,0.0628,0.0,0.0938,0.359051626,327
k2562,0.62210167,0.0,0.0,0.0729,0.340695165,0.0,0.0628,0.0,0.0,0.0,2351
k2724,0.491675761,0.0,0.0667,0.162998443,0.104272273,0.0,0.0628,0.0625,0.15625,0.0,3412
k2123,0.521500604,0.0,0.0,0.140297548,0.08,0.0,0.0628,0.0,0.0,0.447634751,2281
k3225,0.513727611,0.0,0.0,0.0802,0.0261,0.0,0.0628,0.0,0.0,0.306060951,909
k358,0.654612168,0.0,0.0,0.39258037,0.0,0.0,0.0628,0.0,0.0,0.0,2721
k2037,0.350195341,0.462450016,0.1,0.140367547,0.132150615,0.0,0.0628,0.15625,0.0313,0.405503753,2446
k2898,0.537588858,0.0,0.0,0.285901659,0.0521,0.222222222,0.0628,0.0,0.0,0.577950876,1224
k2325,0.430741426,0.206602254,0.0,0.0917,0.0782,0.0,0.0628,0.0,0.0,0.298669547,659
k1096,0.570973186,0.0,0.0,0.0536,0.139391748,0.0,0.0628,0.0,0.0,0.184330225,3181
k1154,0.349593756,0.0,0.0667,0.0993,0.3248552,0.0,0.0628,0.0938,0.0938,0.357175347,2868
k1482,0.558784982,0.0,0.0,0.105840302,0.111513405,0.0,0.0628,0.0,0.0,0.389754378,139
k1785,0.573313658,0.0,0.0,0.0525,0.0279,0.0,0.0628,0.0,0.0,0.2209461,2753
k3414,0.565748165,0.0,0.0,0.0736,0.0836,0.222222222,0.0628,0.0,0.0,0.237775756,2227
k25,0.513717089,0.0,0.0,0.064,0.260680671,0.0,0.0628,0.0,0.0,0.320218331,3350
k2996,0.542724464,0.0,0.0,0.0731,0.104272273,0.0,0.0628,0.0,0.0,0.402092336,1460
k1540,0.350284121,0.0622,0.0,0.105593859,0.0836,0.0,0.0628,0.0,0.0313,0.20695929,3033
k572,0.542962659,0.450542806,0.0,0.0778,0.0,0.0,0.0628,0.0,0.0,0.265351376,71
k3177,0.3620608,0.0,0.0,0.0816,0.15224476,0.0,0.0628,0.0,0.0938,0.349044803,2997
k491,0.525355537,0.0,0.0,0.0904,0.217595952,0.0,0.0628,0.0,0.0,0.32618831,1011
k2224,0.555615967,0.0,0.0,0.0882,0.215785672,0.0,0.0628,0.125,0.0,0.230043211,2453
k1928,0.36210725,0.0,0.0,0.127604869,0.152878347,0.0,0.0628,0.0,0.0,0.0,1895
k3285,0.429986879,0.0,0.0,0.0931,0.208544548,0.0,0.0628,0.0313,0.125,0.418239709,236
k3316,0.53033485,0.0,0.0,0.256741951,0.0782,0.0,0.111790804,0.0,0.0625,0.0,2290
k2924,0.594718272,0.0,0.0,0.0967,0.0558,0.0,0.0628,0.0,0.0,0.181601092,2048
k976,0.558371037,0.0,0.0,0.0986,0.260680671,0.0,0.0628,0.0,0.0,0.418353423,1705
k830,0.573780401,0.0,0.0,0.147623222,0.156408411,0.0,0.0628,0.0,0.15625,0.0,190
k1419,0.502475633,0.0,0.0,0.0973,0.260680671,0.0,0.0628,0.0313,0.25,0.332954287,1335
k1323,0.53390955,0.0,0.0,0.0881,0.0,0.0,0.0628,0.0,0.0,0.261087105,336
k2305,0.542445988,0.0,0.0,0.0814,0.29398987,0.0,0.0628,0.0,0.0,0.254832841,1822
k3228,0.431038341,0.0684,0.0333,0.189245837,0.08,0.0,0.0628,0.0625,0.0,0.327552877,3278
k2160,0.441262506,0.0,0.0,0.132066893,0.106082552,0.0,0.0628,0.0313,0.0,0.278826473,1050
k3075,0.515211205,0.725327208,0.3,0.123110627,0.286748747,0.0,0.0628,0.21875,0.0,0.767341369,1408
k2853,0.588970995,0.802660122,0.0,0.238722082,0.104272273,0.0,0.0628,0.0,0.0,0.0,1259
k2331,0.586041552,0.0,0.0,0.0906,0.135191125,0.0,0.0628,0.0,0.0625,0.0,2168
k1671,0.569129836,0.0,0.0,0.0857,0.0521,0.0,0.0628,0.0,0.0,0.300943825,2317
k3054,0.608457483,0.0,0.0,0.0635,0.103005069,0.0,0.0628,0.0,0.0313,0.0,1880
k797,0.492583834,0.0,0.0,0.156881561,0.0782,0.0,0.0628,0.0,0.0,0.417727996,94
k788,0.551618942,0.0,0.0,0.121681855,0.260590143,0.0,0.502756117,0.0,0.21875,0.0,1872
k705,0.522879763,0.646809293,0.0,0.13891549,0.0,0.0,0.0628,0.0,0.0,0.331703434,2916
k1727,0.542799818,0.0,0.0,0.0707,0.437002171,0.0,0.0628,0.0,0.0,0.278087332,1008
k2670,0.532988588,0.0,0.0,0.125937371,0.133684312,0.0,0.0628,0.0,0.0,0.0,541
k2310,0.317383772,0.203541365,0.0,0.096,0.182476472,0.0,0.0628,0.0,0.0,0.0,1798
k2610,0.586040396,0.0,0.0,0.0872,0.260680671,0.0,0.0628,0.0,0.0,0.0,1944
k2791,0.350380252,0.0,0.0,0.0342,0.446053619,0.0,0.0628,0.0,0.0,0.18199909,1955
k891,0.586086596,0.0,0.0,0.109919003,0.11246704,0.0,0.0628,0.0,0.0,0.0,1089
k252,0.562582523,0.0,0.0,0.0786,0.219406233,0.0,0.0628,0.0,0.0,0.325164885,1153
k2320,0.362091174,0.0,0.0,0.113510896,0.257150622,0.0,0.0628,0.0,0.0,0.0,324
k2678,0.362097717,0.0,0.0,0.0934,0.152878347,0.0,0.0628,0.0,0.0,0.0,2810
k2749,0.574585469,0.0,0.0,0.0559,0.132150615,0.0,0.0628,0.0,0.0,0.272685922,3349
k575,0.499787252,0.0,0.0,0.115148708,0.521361341,0.0,0.0628,0.125,0.0,0.0,460
k1377,0.542596647,0.69787126,0.0,0.129976875,0.130340334,0.0,0.0628,0.0,0.0,0.510120537,2983
k3002,0.495892311,0.0,0.0,0.0832,0.133960907,0.0,0.0628,0.0,0.0,0.307311804,1675
k1606,0.571434824,0.0,0.0,0.11698674,0.110353291,0.0,0.0628,0.0,0.0,0.0,2397
k2785,0.546315223,0.635690014,0.0,0.101003127,0.290369308,0.0,0.54317917,0.0,0.0,0.373550148,1515
k3145,0.572571717,0.828727381,0.0,0.263553642,0.0261,0.0,0.0628,0.0,0.0,0.0,232
k2815,0.530326517,0.0,0.0,0.235031999,0.104272273,0.0,0.126041947,0.0,0.0625,0.0,40
k2252,0.656045835,0.0,0.0,0.0433,0.104272273,0.0,0.0628,0.0,0.0,0.0,495
k3159,0.362112218,0.0,0.0,0.15616613,0.126810292,0.0,0.0628,0.0,0.0,0.0,1644
k1904,0.361998072,0.0,0.0,0.130317426,0.174979547,0.0,0.0628,0.0,0.125,0.0,2780
k2524,0.527696857,0.169431508,0.0,0.0999,0.160028973,0.0,0.0628,0.0,0.0625,0.248066864,860
k993,0.548570737,0.0,0.0,0.095,0.213341773,0.0,0.0628,0.0,0.0,0.409426882,2232
k447,0.559711748,0.0,0.0,0.0659,0.137581467,0.0,0.0628,0.0,0.0,0.211792131,171
k1751,0.658454321,0.0,0.0,0.0638,0.234612624,0.0,0.0628,0.0,0.0,0.0,1280
k145,0.538396862,0.0,0.0,0.0811,0.234612624,0.0,0.0628,0.0,0.0,0.528485331,1905
k3050,0.541090567,0.0,0.0,0.105573427,0.133960907,0.25,0.0628,0.0,0.0,0.4251194,2520
k2666,0.507896429,0.0,0.0,0.112788863,0.260680671,0.0,0.0628,0.0,0.0,0.529679327,1571
k2851,0.498054093,0.0,0.0,0.203939485,0.107892833,0.0,0.0628,0.125,0.0,0.0,971
k851,0.356437467,0.503823013,0.0333,0.18177343,0.160929075,0.0,0.0628,0.0,0.0,0.0,1509
k2294,0.548159559,0.0,0.0,0.056,0.0279,0.0,0.0628,0.0,0.0,0.197407323,2133
k2228,0.362026952,0.425276573,0.0,0.0845,0.152878347,0.0,0.0628,0.0,0.0,0.278087332,955
k1566,0.56538673,0.0,0.0,0.128441262,0.0815,0.0,0.0628,0.0,0.0,0.431942233,609
k444,0.435126044,0.199983419,0.0,0.0786,0.130340334,0.0,0.0628,0.0,0.0,0.275301342,2360
k86,0.570117827,0.0,0.0,0.103447443,0.111513405,0.0,0.0628,0.0,0.0,0.333068001,1860
k1034,0.653863103,0.0,0.0,0.0433,0.104272273,0.0,0.0628,0.0,0.0,0.0,3098
k1123,0.542478369,0.0,0.0,0.077,0.27154237,0.0,0.0628,0.0,0.0,0.201955879,1375
k2624,0.558957383,0.0,0.0,0.141114876,0.0,0.0,0.0628,0.0,0.0,0.335228565,2129
k2486,0.358410129,0.0,0.0,0.112035954,0.0782,0.0,0.0628,0.0,0.0,0.0,330
k1404,0.431355007,0.532175512,0.0667,0.122963924,0.0279,0.0,0.0628,0.0625,0.0,0.358312486,1231
k690,0.545914422,0.0,0.0,0.0871,0.0,0.0,0.0628,0.0,0.0625,0.31743234,1443
k2570,0.347509331,0.0,0.0,0.0665,0.111513405,0.0,0.0628,0.0,0.0,0.198487605,2145
k1114,0.548576298,0.0,0.0,0.138619696,0.139391748,0.0,0.0628,0.0,0.0,0.308221515,3342
k754,0.653399441,0.0,0.0,0.0213,0.109703114,0.0,0.0628,0.0,0.0,0.1792131,153
k121,0.560909385,0.0,0.0,0.0691,0.327299054,0.0,0.0628,0.0,0.0,0.231578349,1249
k3128,0.362055064,0.0,0.0,0.073,0.514301258,0.0,0.0628,0.0,0.0,0.0,2095
k3392,0.549016917,0.0,0.0,0.115562041,0.156408411,0.0,0.0628,0.0,0.0,0.0,2604
k1518,0.605988931,0.0,0.0,0.299805737,0.0,0.0,0.0628,0.0,0.0,0.0,799
k2674,0.593308876,0.0,0.0,0.066,0.234612624,0.0,0.0628,0.0,0.0,0.344666818,1001
k496,0.536255127,0.0,0.0,0.0768,0.0539,0.0,0.0628,0.0,0.0,0.239822606,2038
k1044,0.34751131,0.198543729,0.0,0.0954,0.104272273,0.0,0.0628,0.0,0.0,0.30589038,1521
k1274,0.350397741,0.0,0.0,0.0357,0.0,0.0,0.0628,0.0,0.0,0.21162156,897
k1339,0.581722137,0.0,0.0,0.129967767,0.156408411,0.0,0.0628,0.0,0.0,0.0,1473
k2102,0.362028608,0.443647393,0.0,0.0858,0.309286759,0.0,0.0628,0.0,0.0,0.0,1397
k578,0.498174156,0.0,0.0,0.10352715,0.104272273,0.0,0.0628,0.0,0.0,0.0,1717
k2038,0.586048438,0.0,0.0,0.0835,0.317667593,0.0,0.0628,0.0,0.0,0.0,318
k1071,0.350286706,0.0,0.0,0.0506,0.139391748,0.0,0.0628,0.0,0.0,0.218842393,1602
k660,0.559573077,0.0,0.0,0.0628,0.0836,0.0,0.0628,0.0,0.0,0.231237207,1166
k2760,0.493121359,0.64849033,0.0,0.116930022,0.130340334,0.0,0.0628,0.0,0.0,0.0,1076
k2415,0.57498959,0.0,0.0,0.124456915,0.260680671,0.0,0.0628,0.0,0.0,0.0,1543
k666,0.488018061,0.0,0.0,0.379232105,0.0,0.388888889,0.0628,0.0,0.0,0.0,2606
k1699,0.513406352,0.17193172,0.2,0.133327613,0.213975391,0.0,0.0628,0.1875,0.0625,0.49795315,1149
k1563,0.51698669,0.0,0.0,0.161619143,0.157585089,0.0,0.0628,0.0,0.0,0.381908119,1555
k874,0.555535653,0.0,0.0333,0.0832,0.249094856,0.0,0.0628,0.0313,0.0,0.368319309,294
k1628,0.504897432,0.0,0.0,0.0705,0.260680671,0.0,0.0628,0.0,0.0,0.34631567,707
k887,0.614165929,0.0,0.0,0.200763482,0.0776,0.0,0.0628,0.0,0.0313,0.0,2354
k1450,0.574228775,0.244450499,0.0,0.21029867,0.208544548,0.0,0.0628,0.0938,0.28125,0.0,1976
k1117,0.67686309,0.0,0.0,0.156588845,0.132616081,0.0,0.0628,0.0,0.0,0.0,1544
k2493,0.362137543,0.0,0.0,0.221958185,0.100742219,0.0,0.0628,0.0,0.0,0.0,2155
k1645,0.593324282,0.0,0.0,0.0903,0.286748747,0.0,0.0628,0.0,0.0,0.0,2010
k1885,0.513701417,0.0,0.0,0.0692,0.233979007,0.0,0.0628,0.0,0.0938,0.326984307,3218
k2807,0.602187488,0.0,0.0,0.0767,0.0509,0.0,0.0628,0.0,0.0625,0.0,1283
k2062,0.671707025,0.0,0.0,0.167338485,0.130340334,0.0,0.0628,0.0,0.0,0.266431658,1478
k3390,0.67797856,0.0,0.0,0.215328156,0.104272273,0.0,0.0628,0.0,0.0,0.0,1209
k2660,0.528904144,0.0,0.0,0.142674393,0.158218692,0.0,0.0628,0.0,0.0,0.0,1487
k2277,0.584429946,0.0,0.0,0.175673918,0.0,0.0,0.0628,0.0,0.0,0.200477598,2677
k296,0.539570204,0.558699519,0.0,0.108602206,0.234612624,0.0,0.0628,0.0,0.0,0.0,420
k1707,0.526374993,0.0,0.0333,0.0876,0.414554701,0.0,0.0628,0.125,0.0,0.206163293,1725
k1184,0.560103498,0.0,0.0,0.0543,0.396451863,0.0,0.0628,0.0,0.0,0.2958267,626
k2121,0.570972224,0.0,0.0,0.0428,0.418175262,0.0,0.0628,0.0,0.0,0.183022515,709
k589,0.574244689,0.0,0.0,0.296129565,0.0261,0.0,0.0628,0.0,0.0,0.0,2550
k2595,0.504904319,0.0,0.0,0.127790075,0.208544548,0.0,0.0628,0.0,0.25,0.360871048,516
k478,0.542562872,0.0,0.0,0.122430325,0.104272273,0.0,0.0628,0.0,0.0,0.308392086,724
k1966,0.565106278,0.0,0.0,0.0971,0.155774794,0.0,0.0628,0.0,0.125,0.328007733,3372
k2111,0.501180641,0.0,0.0,0.110478865,0.260680671,0.0,0.0628,0.0313,0.25,0.335114851,182
k92,0.507875462,0.0,0.0,0.101835747,0.104272273,0.0,0.0628,0.0,0.0,0.0,2391
k3403,0.445585487,0.0,0.0,0.0867,0.132150615,0.0,0.0628,0.0,0.0,0.232033204,1792
k3233,0.556015229,0.0,0.0,0.276302906,0.129706739,0.0,0.0628,0.0,0.0938,0.0,338
k2713,0.5559788,0.620568864,0.0,0.177835847,0.0782,0.0,0.0628,0.0,0.0,0.0,2917
k2225,0.505625846,0.4345184,0.0,0.0997,0.104272273,0.0,0.0628,0.0,0.0,0.301569252,184
k498,0.514564167,0.0,0.0,0.0718,0.0,0.25,0.0628,0.0,0.0,0.325335456,3422
k2284,0.361997951,0.415692123,0.0,0.194328263,0.100742219,0.0,0.0628,0.0,0.0,0.0,1114
k2627,0.544683709,0.0,0.0,0.0519,0.0836,0.0,0.0628,0.0,0.0,0.221287241,976
k1800,0.545164654,0.0,0.0,0.0912,0.260680671,0.0,0.0628,0.0,0.0,0.0,402
k780,0.523179643,0.0,0.2,0.137480983,0.132150615,0.0,0.0628,0.0,0.0,0.642540368,2127
k1137,0.552485327,0.0,0.0,0.111409487,0.217595952,0.0,0.0628,0.0,0.0,0.222879236,2485
k2400,0.586391747,0.0,0.0,0.0574,0.08,0.0,0.0628,0.0,0.0,0.27160564,1559
k2189,0.431617388,0.820940494,0.0,0.138507222,0.21216511,0.0,0.0628,0.0625,0.0,0.405333182,668
k94,0.445653668,0.0,0.0,0.102639798,0.104272273,0.0,0.0628,0.0,0.0,0.264441665,1238
k752,0.569417748,0.0,0.0,0.182274536,0.0782,0.0,0.0628,0.0,0.0,0.0,3197
k1858,0.537122672,0.0,0.0,0.101110316,0.0,0.0,0.0628,0.0,0.0,0.267739368,140
k2030,0.577590916,0.0,0.0,0.0576,0.0291,0.0,0.0628,0.0,0.0,0.328690016,2160
k3110,0.519894657,0.0,0.0,0.0986,0.106082552,0.0,0.0628,0.0,0.0,0.43404594,1117
k3082,0.548592427,0.0,0.0,0.0579,0.278783493,0.0,0.0628,0.0,0.0,0.187855356,2000
k278,0.556036846,0.0,0.0,0.106518968,0.130340334,0.0,0.0628,0.0,0.0,0.0,57
k194,0.570978986,0.0,0.0,0.0598,0.0836,0.0,0.0628,0.0,0.0,0.188537639,2738
k304,0.362050056,0.18245842,0.0,0.132846884,0.514301258,0.0,0.0628,0.1875,0.5625,0.0,522
k1632,0.563796216,0.0,0.0,0.117636466,0.104272273,0.0,0.0628,0.0,0.0,0.459745281,404
k2604,0.524795845,0.0,0.0,0.108794066,0.213975391,0.0,0.0628,0.0,0.0938,0.446554469,2349
k24,0.629348961,0.0,0.0,0.137440644,0.215785672,0.0,0.0628,0.0,0.0,0.272117353,3275
k1494,0.545620104,0.0,0.0,0.293651477,0.0,0.222222222,0.0628,0.0,0.0,0.572208324,3074
k360,0.454215657,0.0,0.0,0.116344964,0.243664014,0.0,0.0628,0.0,0.0625,0.263133955,1826
k2762,0.650102277,0.0,0.0,0.0717,0.111513405,0.0,0.0628,0.0,0.0625,0.322208324,2994
k486,0.498165851,0.0,0.0,0.0862,0.260680671,0.0,0.0628,0.0,0.0,0.0,1317
k2848,0.574192371,0.0,0.0,0.108111973,0.260680671,0.0,0.0628,0.0,0.0,0.0,1105
k2469,0.603339572,0.0,0.0,0.0845,0.0763,0.0,0.0628,0.0,0.0313,0.0,1550
k1817,0.608528022,0.0,0.0,0.0749,0.181209282,0.0,0.0628,0.0,0.0625,0.0,2837
k314,0.511783602,0.0,0.0,0.107963678,0.263034042,0.0,0.0628,0.0,0.0,0.0,2042
k2287,0.601187198,0.0,0.0,0.0767,0.104181754,0.0,0.0628,0.0,0.0625,0.259267683,3293
k916,0.673037529,0.0,0.0,0.142260044,0.160959896,0.0,0.0628,0.0,0.0,0.0,3353
k164,0.428190888,0.0,0.0,0.0962,0.0818,0.0,0.0628,0.0,0.0,0.29304071,1232
k1554,0.662136712,0.0,0.0,0.0521,0.0261,0.0,0.0628,0.0,0.0625,0.0,1930
k2989,0.655291591,0.0,0.0,0.0433,0.104272273,0.0,0.0628,0.0,0.0,0.0,1985
k2857,0.3620959,0.455405382,0.0,0.124747619,0.126810292,0.0,0.0628,0.0,0.0,0.0,1102
k1772,0.431673047,0.0,0.0,0.0792,0.247284575,0.0,0.0628,0.0,0.0,0.306856948,1728
k2884,0.431045086,0.0,0.0333,0.147710155,0.106082552,0.0,0.0628,0.0625,0.0,0.300716398,2800
k1471,0.597018446,0.0,0.0,0.139275353,0.104272273,0.0,0.0628,0.0,0.0,0.303331817,118
k2368,0.504653482,0.0,0.0,0.0576,0.130340334,0.0,0.0628,0.0,0.0,0.301171253,1530
k772,0.59317172,0.0,0.0,0.0677,0.132150615,0.0,0.0628,0.0,0.0,0.257391403,2341
k2154,0.507087512,0.0,0.0,0.225607995,0.0,0.0,0.0628,0.0,0.0313,0.431146236,1383
k454,0.652896801,0.0,0.0,0.0421,0.0782,0.0,0.0628,0.0,0.0,0.0,672
k2276,0.573600128,0.0,0.0,0.0607,0.0279,0.0,0.0628,0.0,0.0,0.229190357,356
k2110,0.621977492,0.0,0.0,0.0656,0.314627103,0.0,0.0628,0.0,0.0,0.311007505,2705
k3165,0.574170487,0.0,0.0,0.220957296,0.104272273,0.0,0.0628,0.0,0.0,0.0,2768
k213,0.361937001,0.0,0.0,0.0579,0.286839259,0.0,0.0628,0.0,0.0,0.280247896,1035
k2363,0.544963365,0.0,0.0,0.0658,0.303041289,0.0,0.0628,0.0,0.0,0.258528542,648
k1164,0.566283114,0.0,0.0,0.0607,0.0,0.0,0.0628,0.0,0.0,0.234705481,1896
k3408,0.552490287,0.0,0.0,0.132867341,0.191527891,0.0,0.0628,0.0,0.0,0.225380942,1537
k3388,0.435209048,0.0,0.0,0.0331,0.0,0.0,0.0628,0.0,0.0,0.204628156,2089
k2307,0.515958926,0.0,0.0,0.0952,0.211531492,0.25,0.0628,0.0,0.1875,0.386570389,513
k1517,0.576206632,0.252223339,0.0,0.164589587,0.182476472,0.0,0.0628,0.1875,0.28125,0.0,1109
k865,0.542823726,0.0,0.0,0.0696,0.234612624,0.0,0.0628,0.0,0.0,0.41113259,2116
k1577,0.556001916,0.0,0.0,0.105878604,0.129706739,0.0,0.0628,0.0,0.0938,0.0,2265
k1320,0.56540127,0.0,0.0333,0.0711,0.161839254,0.0,0.0628,0.0,0.0,0.282294746,128
k422,0.362122921,0.0,0.0,0.223543331,0.0486,0.0,0.0628,0.0,0.0,0.463838981,1790
k2702,0.609092892,0.0,0.0,0.0843,0.129706739,0.0,0.0628,0.0,0.15625,0.0,2261
k2048,0.510626558,0.0,0.0,0.0832,0.208544548,0.0,0.0628,0.0,0.0,0.323345463,1646
k1582,0.541425712,0.0,0.0,0.110288524,0.155774794,0.0,0.0628,0.0,0.0938,0.457073004,1171
k933,0.585747884,0.0,0.0,0.0472,0.0818,0.222222222,0.0628,0.0,0.0,0.2250398,2999
k297,0.517870601,0.0,0.0,0.138585538,0.104272273,0.0,0.0628,0.0,0.0,0.437457357,2880
k556,0.547513531,0.0,0.0,0.0905,0.195148453,0.0,0.0628,0.0,0.0,0.263361383,2115
k1766,0.545308406,0.0,0.0,0.102908459,0.208544548,0.0,0.0628,0.0,0.0,0.0,1545
k302,0.570395843,0.0,0.0,0.0641,0.0836,0.0,0.0628,0.0,0.0,0.276609052,1922
k2587,0.350283757,0.0,0.0,0.154688677,0.0558,0.0,0.0628,0.125,0.0313,0.459972709,1067
k3350,0.420515726,0.0,0.0,0.155574271,0.0,0.0,0.0628,0.0,0.0,0.345349102,901
k2609,0.430679102,0.208084473,0.0,0.0865,0.0782,0.0,0.0628,0.0,0.0,0.299522402,1726
k3262,0.519891818,0.0,0.0,0.0882,0.273352651,0.0,0.0628,0.0,0.0,0.203377303,1906
k3104,0.519881683,0.0,0.0,0.126319077,0.104272273,0.0,0.0628,0.0,0.0,0.493518308,2287
k2262,0.555487046,0.0,0.0,0.130506801,0.130340334,0.0,0.0628,0.125,0.0938,0.0,1805
k3106,0.58196698,0.0,0.0,0.126189548,0.364952945,0.0,0.0628,0.0,0.25,0.0,3149
k2672,0.553633057,0.0,0.0,0.170398964,0.0521,0.0,0.0628,0.0,0.0,0.0,2736
k2288,0.588402009,0.0,0.0,0.0855,0.260680671,0.0,0.0628,0.0,0.0,0.0,1095
k2087,0.519906552,0.0,0.0,0.0906,0.104272273,0.0,0.0628,0.0,0.0,0.578292017,1305
k1675,0.350361672,0.0,0.0,0.0678,0.158218692,0.0,0.0628,0.0,0.0313,0.302763248,879
k2759,0.57628745,0.0,0.0,0.13968151,0.0782,0.0,0.0628,0.0,0.0,0.0,992
k1005,0.575923486,0.0,0.0,0.102477081,0.107616249,0.0,0.0628,0.0,0.0,0.0,2471
k3149,0.539686656,0.0,0.0,0.0694,0.312816823,0.0,0.0628,0.0,0.0,0.0,3299
k860,0.593191508,0.0,0.0,0.115761269,0.159752382,0.0,0.0628,0.0,0.15625,0.0,2944
k104,0.347534374,0.0,0.0,0.328522243,0.0,0.0,0.0628,0.0,0.0,0.0,3294
k2741,0.559634831,0.0,0.0,0.0752,0.0558,0.0,0.0628,0.0,0.0,0.236524903,2489
k932,0.516053614,0.0,0.0,0.0316,0.0836,0.0,0.0628,0.0,0.0938,0.199681601,511
k2525,0.362028527,0.4240079,0.0,0.0845,0.208635061,0.0,0.0628,0.0,0.0,0.240106891,2015
k982,0.520148988,0.0,0.0667,0.157875233,0.08,0.0,0.0628,0.0,0.0,0.314305208,48
k822,0.362026427,0.440522995,0.0,0.0867,0.292270102,0.0,0.0628,0.0,0.0,0.281157607,1032
k520,0.435459553,0.0,0.0,0.0332,0.167270096,0.0,0.0628,0.0,0.0,0.185069365,2263
k697,0.528380198,0.0,0.0667,0.0985,0.0,0.0,0.0628,0.0,0.0,0.273254492,2237
k2750,0.537702058,0.0,0.0,0.247615219,0.08,0.416666667,0.0628,0.0,0.0,0.386115533,1505
k2416,0.545733595,0.0,0.0,0.107564697,0.130340334,0.0,0.0628,0.0,0.0,0.439845349,1221
k16,0.583427753,0.0,0.0,0.0916,0.103638676,0.0,0.0628,0.0,0.0625,0.0,752
k1351,0.554253877,0.0,0.0,0.145471621,0.104272273,0.0,0.0628,0.25,0.0,0.0,2835
k2831,0.563538371,0.0,0.0,0.0621,0.606082577,0.0,0.0628,0.0,0.0,0.202808733,1722
k1146,0.515211904,0.71632351,0.3,0.123110627,0.286748747,0.0,0.0628,0.21875,0.0,0.758130544,1488
k2616,0.432150834,0.0409,0.0,0.13327588,0.0248,0.0,0.404230528,0.0,0.125,0.397884922,180
k2825,0.520004008,0.0,0.0,0.146015449,0.260047083,0.0,0.0628,0.0,0.0938,0.0,965
k2997,0.593289638,0.0,0.0,0.0806,0.210354829,0.0,0.0628,0.0,0.0,0.308164658,1528
k3087,0.542028117,0.287558096,0.0,0.119492423,0.0782,0.0,0.0628,0.0,0.0,0.614964749,1810
k1080,0.521428643,0.0,0.0,0.381394513,0.104272273,0.0,0.0628,0.0,0.0,0.588526268,1350
k459,0.434497962,0.0,0.1,0.0942,0.346126007,0.0,0.0628,0.0625,0.0313,0.354673641,517
k1010,0.575600494,0.0,0.0,0.099,0.0757,0.0,0.0628,0.0,0.0,0.0,2245
k3215,0.593304038,0.0,0.0,0.0527,0.132150615,0.0,0.0628,0.0,0.0,0.243575165,2786
k1371,0.555482086,0.0,0.0,0.0734,0.388486625,0.0,0.0628,0.0,0.0,0.223675233,3032
k1780,0.573875042,0.83736129,0.0,0.227220795,0.104272273,0.0,0.0628,0.0,0.0,0.0,2946
k2758,0.593334177,0.0,0.0,0.0677,0.0782,0.0,0.0628,0.0,0.0,0.0,181
k1234,0.540385071,0.0,0.0,0.099,0.234612624,0.0,0.0628,0.0,0.0,0.0,1786
k2768,0.546389519,0.0,0.0,0.123229928,0.0,0.0,0.0628,0.0,0.0,0.0,2417
k1953,0.547907324,0.0,0.0,0.0465,0.107892833,0.0,0.0628,0.0,0.0,0.304070957,2536
k665,0.574166851,0.0,0.0,0.137888481,0.135191125,0.0,0.0628,0.0,0.0,0.0,911
k652,0.526711851,0.950983037,0.0,0.42411938,0.0,0.0,0.0628,0.125,0.0,0.0,107
k1444,0.586051447,0.0,0.0,0.0833,0.26553147,0.0,0.0628,0.0,0.0,0.0,2123
k248,0.592166397,0.0,0.0,0.10462692,0.0539,0.0,0.0628,0.0,0.0,0.204685013,2114
k3122,0.435452243,0.0,0.0333,0.0682,0.130340334,0.0,0.0628,0.0,0.0313,0.304639527,200
k399,0.592808475,0.0,0.0,0.126023829,0.0818,0.0,0.0628,0.0,0.0938,0.24926086,2681
k283,0.435104556,0.0,0.0,0.0735,0.186097049,0.0,0.0628,0.0,0.0,0.383443257,108
k1847,0.586037795,0.0,0.0,0.0867,0.312816823,0.0,0.0628,0.0,0.0,0.0,2761
k1399,0.362004858,0.0,0.0,0.0594,0.205014485,0.0,0.0628,0.0,0.0,0.301000682,1891
k3400,0.588304024,0.0,0.0,0.0855,0.260680671,0.0,0.0628,0.0,0.0,0.0,2376
k2132,0.430794944,0.282117803,0.0,0.0868,0.318534953,0.0,0.0628,0.0,0.0938,0.334091426,2956
k205,0.362070574,0.0,0.0,0.0744,0.283218698,0.0,0.0628,0.0,0.0,0.0,2778
k1501,0.492237722,0.0,0.0,0.185858657,0.105992034,0.0,0.346867437,0.1875,0.0625,0.521889925,712
k2483,0.556318187,0.0,0.0,0.086,0.0,0.0,0.0628,0.0,0.0,0.360927905,1028
k3303,0.427729661,0.675075784,0.0,0.164314,0.182476472,0.0,0.0628,0.0,0.0,0.0,1657
k2766,0.569220191,0.0,0.0,0.0857,0.0,0.0,0.0628,0.0,0.0,0.0,3102
k1944,0.511075727,0.0,0.0,0.065,0.158218692,0.0,0.0628,0.0,0.0,0.280247896,1260
k451,0.362094809,0.0,0.0,0.0602,0.152878347,0.0,0.0628,0.0,0.0,0.0,2610
k2641,0.680317682,0.0,0.0,0.150323989,0.234612624,0.0,0.0628,0.0,0.0,0.0,1741
k594,0.658313772,0.0,0.0,0.10596953,0.104272273,0.0,0.0628,0.0,0.0,0.0,1663
k3413,0.585036758,0.0,0.0,0.199467237,0.208544548,0.0,0.0628,0.0,0.0,0.0,1321
k2565,0.347570847,0.0,0.0,0.247330233,0.0,0.0,0.0628,0.0,0.0,0.0,1135
k2073,0.350304114,0.0,0.0,0.294041121,0.0,0.0,0.0628,0.0625,0.0,0.676711394,3182
k1915,0.531994,0.0,0.0,0.142290625,0.104272273,0.0,0.0628,0.125,0.15625,0.0,2521
k931,0.620375467,0.0,0.0,0.0621,0.316437384,0.0,0.0628,0.0,0.0,0.309927223,1115
k1468,0.516295832,0.0,0.0,0.0677,0.373370761,0.0,0.0628,0.0,0.15625,0.286559018,1894
k757,0.5238386,0.0,0.0,0.221590488,0.0,0.0,0.0628,0.0,0.0,0.0,878
k1338,0.542692612,0.0,0.0,0.144956268,0.208544548,0.0,0.0628,0.0,0.0,0.417557426,2823
k1686,0.54886917,0.0,0.0,0.256347476,0.0279,0.222222222,0.0628,0.0,0.0,0.456049579,3094
k3168,0.608398573,0.0,0.0,0.0635,0.103005069,0.0,0.0628,0.0,0.0625,0.0,3265
k1856,0.499388571,0.0,0.0333,0.137316675,0.104272273,0.0,0.0628,0.0625,0.0,0.688878781,692
k34,0.512123829,0.0,0.0,0.081,0.0,0.0,0.0628,0.0,0.0,0.305776666,3300
k1036,0.548640722,0.0,0.0,0.112928445,0.0279,0.0,0.0628,0.0,0.0,0.26472595,2963
k414,0.589893936,0.0,0.0,0.188946865,0.0,0.0,0.0628,0.0,0.0,0.0,3125
k2977,0.541762332,0.0,0.0,0.125938787,0.133960907,0.0,0.0628,0.0625,0.0,0.435751649,3073
k3039,0.548592451,0.0,0.0,0.0532,0.438812452,0.0,0.0628,0.0,0.0,0.195531044,2468
k2558,0.361915998,0.0,0.0,0.143335289,0.255430868,0.0,0.0628,0.0,0.0,0.0,162
k2393,0.559591229,0.0,0.0,0.0661,0.111513405,0.0,0.0628,0.0,0.0,0.218614965,154
k518,0.435176492,0.0,0.0,0.122355332,0.0,0.0,0.0628,0.0,0.0,0.302080964,2028
k3218,0.592541053,0.0,0.0,0.096,0.185463431,0.0,0.0628,0.0,0.0938,0.384580396,1977
k773,0.558929889,0.0,0.0,0.10520905,0.0,0.0,0.0628,0.0,0.0,0.363315897,1942
k407,0.514905384,0.642398391,0.433333333,0.121588667,0.250905137,0.25,0.0628,0.28125,0.0,0.384637253,1062
k3070,0.431391884,0.239455287,0.0,0.0904,0.243030411,0.0,0.0628,0.0,0.0938,0.279508756,3367
k1990,0.65983348,0.0,0.0,0.0521,0.08,0.0,0.0628,0.0,0.0313,0.221457812,836
k103,0.577855405,0.0,0.0,0.416577294,0.0,0.0,0.0628,0.0,0.0,0.0,1392
k2740,0.593224156,0.0,0.0,0.0708,0.158218692,0.0,0.0628,0.0,0.0,0.243404594,3069
k298,0.350396247,0.0,0.0,0.0752,0.157585089,0.0,0.0628,0.0313,0.0313,0.35785763,2017
k1676,0.542733153,0.0,0.0,0.132623156,0.156408411,0.0,0.0628,0.0,0.0,0.492267455,2715
k775,0.431844023,0.0791,0.0,0.067,0.0539,0.0,0.0628,0.0,0.0313,0.286445304,959
k3009,0.516290731,0.0,0.0,0.109768301,0.320057931,0.0,0.0628,0.0,0.0625,0.432283375,3239
k2704,0.593360827,0.260667017,0.0,0.0842,0.234612624,0.0,0.0628,0.0,0.28125,0.0,1558
k2805,0.349282623,0.0,0.0,0.0594,0.0,0.0,0.0628,0.0,0.0313,0.223902661,3055
k2413,0.539331141,0.525540522,0.0,0.162895802,0.18184287,0.0,0.0628,0.0938,0.0625,0.0,2564
k1505,0.350409576,0.0,0.0,0.119879318,0.0,0.0,0.0628,0.0,0.0,0.277973618,1587
k911,0.547145883,0.0,0.0,0.0829,0.278783493,0.0,0.0628,0.0,0.0,0.301455538,1807
k2932,0.515788742,0.469794179,0.0,0.143555569,0.0,0.0,0.0628,0.0,0.0,0.478223789,1414
k1871,0.507271614,0.0,0.0,0.0506,0.446053619,0.0,0.0628,0.0,0.0625,0.186490789,2750
k484,0.687908625,0.0,0.0,0.0,0.0,0.0,0.0628,0.0,0.0,0.0,2209
k1135,0.322292021,0.0,0.0,0.0963,0.18184287,0.0,0.0628,0.0,0.0938,0.0,2013
k972,0.608560666,0.0,0.0,0.142842969,0.103005069,0.0,0.0628,0.0,0.0313,0.0,2952
k1498,0.512885561,0.0,0.0333,0.0999,0.160028973,0.277777778,0.0628,0.0,0.0938,0.360188765,265
k2601,0.499521995,0.410254006,0.333333333,0.117687429,0.104272273,0.0,0.0628,0.0938,0.0,0.586365704,1620
k216,0.548511681,0.0,0.0,0.106176705,0.208544548,0.0,0.0628,0.0,0.0,0.0,22
k1851,0.500572047,0.0,0.0,0.0739,0.184286753,0.0,0.0628,0.0,0.0313,0.376336138,1438
k2432,0.586044056,0.0,0.0,0.0833,0.26553147,0.0,0.0628,0.0,0.0,0.0,826
k2028,0.612196595,0.0,0.0,0.0523,0.133960907,0.222222222,0.0628,0.0,0.0,0.278940186,1005
k2468,0.532166955,0.0,0.0,0.195028502,0.0,0.0,0.0628,0.0,0.0,0.31947919,3143
k1169,0.523906489,0.0,0.0,0.0974,0.106082552,0.0,0.0628,0.0,0.0,0.386342961,2713
k2777,0.663361694,0.0,0.0,0.0563,0.0,0.0,0.0628,0.0,0.0625,0.0,3347
k2603,0.524099668,0.0,0.0,0.108324037,0.208544548,0.0,0.0628,0.0,0.0,0.43461451,3104
k2183,0.593360371,0.263091553,0.0,0.0842,0.234612624,0.0,0.0628,0.0,0.3125,0.0,1132
k904,0.574246709,0.0,0.0,0.296129565,0.0261,0.0,0.0628,0.0,0.0,0.0,1195
k2917,0.581953356,0.0,0.0,0.0754,0.215785672,0.0,0.0628,0.0,0.0,0.283943598,2765
k1303,0.545319865,0.0,0.0,0.106266195,0.208544548,0.0,0.0628,0.0,0.0,0.0,840
k2318,0.324506424,0.0,0.0,0.120263207,0.159752382,0.0,0.0628,0.0,0.15625,0.460029566,1890
k2155,0.627133003,0.0,0.0,0.0926,0.364952945,0.0,0.0628,0.0,0.125,0.433591085,634
k446,0.524299249,0.0,0.0,0.16974579,0.0521,0.0,0.0628,0.0,0.0,0.290254719,844
k1759,0.591844056,0.0,0.0,0.110161477,0.182476472,0.0,0.0628,0.0,0.0,0.0,1600
k1409,0.362033253,0.0,0.0,0.115122496,0.126810292,0.0,0.0628,0.0,0.0,0.0,3139
k800,0.59412155,0.0,0.0,0.195504658,0.104272273,0.0,0.0628,0.0,0.0,0.0,2819
k2098,0.430750675,0.33894669,0.0333,0.1596313,0.0,0.0,0.0628,0.0938,0.0,0.353365931,1069
k792,0.591803899,0.0,0.0,0.0868,0.0,0.0,0.0628,0.0,0.0,0.195474187,1318
k811,0.590482447,0.0,0.0,0.134503088,0.0,0.0,0.0628,0.0,0.0,0.0,1263
k3116,0.54225558,0.0,0.0,0.251285353,0.0,0.0,0.0628,0.0,0.0,0.0,2196
k2258,0.430746636,0.343133466,0.0,0.147261897,0.0,0.0,0.0628,0.0938,0.0,0.337047987,1856
k742,0.428122909,0.0,0.0,0.140312936,0.160028973,0.0,0.0628,0.0,0.0,0.542642711,1531
k3127,0.582061475,0.0,0.0,0.145436722,0.0782,0.0,0.0628,0.0,0.0,0.0,2109
k2303,0.342102292,0.0,0.0,0.120324023,0.0,0.0,0.0628,0.0,0.0,0.0,34
k310,0.51859752,0.274581143,0.0,0.162103045,0.0776,0.0,0.403491082,0.0313,0.25,0.0,2062
k1826,0.359612694,0.0,0.0,0.108760604,0.202661128,0.0,0.0628,0.0,0.125,0.464464408,2294
k1296,0.551374462,0.0,0.0,0.170858516,0.0558,0.0,0.0628,0.0,0.0,0.0,260
k502,0.593262532,0.0,0.0,0.0606,0.0782,0.0,0.0628,0.0,0.0,0.264043666,1363
k3252,0.557808575,0.0,0.0,0.138975611,0.0279,0.0,0.0628,0.0,0.0,0.425744826,1083
k2018,0.493490776,0.587041844,0.0,0.117449099,0.312816823,0.0,0.0628,0.0,0.4375,0.0,2363
k1663,0.504989257,0.0,0.0,0.0774,0.207277358,0.0,0.0628,0.0,0.25,0.282863316,758
k2278,0.557668506,0.0,0.0,0.16830721,0.0,0.0,0.0628,0.0,0.0625,0.405901751,764
k707,0.431104219,0.0,0.0333,0.173776657,0.0782,0.0,0.0628,0.0625,0.0,0.413691153,1948
k2208,0.534706168,0.0,0.0,0.141756256,0.132150615,0.0,0.0628,0.0,0.0,0.491926313,1971
k253,0.593247437,0.0,0.0,0.305759303,0.103638676,0.0,0.0628,0.0,0.0938,0.0,3012
k3069,0.498172039,0.0,0.0,0.13695438,0.104272273,0.0,0.0628,0.0,0.0,0.0,2421
k3051,0.555922467,0.0,0.0,0.0882,0.215785672,0.0,0.0628,0.0,0.0,0.226631794,1815
k254,0.542811326,0.0,0.0,0.0781,0.104272273,0.0,0.0628,0.0,0.0,0.357687059,1718
k2934,0.510267743,0.71842459,0.0,0.106572167,0.186097049,0.25,0.0628,0.0,0.0313,0.360075051,433
k105,0.542846862,0.0,0.0,0.0867,0.135191125,0.0,0.0628,0.0,0.0,0.385262679,719
k2150,0.529350228,0.0,0.0,0.122496826,0.107616249,0.0,0.0628,0.0,0.0,0.346884239,1184
k2860,0.584704884,0.0,0.0,0.130712213,0.182476472,0.0,0.0628,0.0,0.0,0.0,1843
k123,0.564645387,0.653714607,0.0,0.135808641,0.0261,0.0,0.0628,0.0,0.0,0.0,2642
k3399,0.522821047,0.664145761,0.0,0.123647429,0.0279,0.0,0.0628,0.0,0.0,0.287753013,316
k62,0.559494399,0.0,0.0,0.0825,0.111513405,0.0,0.0628,0.0,0.0,0.355583352,886
k2434,0.548592305,0.0,0.0,0.0502,0.446053619,0.0,0.0628,0.0,0.0,0.185524221,778
k2108,0.593361046,0.255474935,0.0,0.0875,0.260680671,0.0,0.0628,0.0,0.28125,0.0,809
k3236,0.431262915,0.0,0.0,0.131867215,0.104272273,0.0,0.0628,0.0,0.15625,0.471855811,27
k3151,0.675125407,0.0,0.0,0.0907,0.155803192,0.0,0.0628,0.0,0.0,0.0,581
k108,0.703837657,0.0,0.0,0.261102166,0.0521,0.0,0.0628,0.0,0.0,0.0,2650
k629,0.522214259,0.0,0.0,0.139085108,0.104272273,0.0,0.474119387,0.0,0.0,0.428132818,906
k1803,0.532984613,0.0,0.0,0.0982,0.312183205,0.0,0.0628,0.0,0.0938,0.0,1428
k232,0.347537242,0.0,0.0,0.134056001,0.0763,0.0,0.0628,0.0,0.0313,0.0,1833
k326,0.583343105,0.0,0.0,0.0815,0.139391748,0.0,0.0628,0.0,0.0625,0.252444849,2097
k402,0.548119402,0.0,0.0,0.0444,0.27154237,0.0,0.0628,0.0,0.0,0.265294519,1879
k22,0.53957283,0.0,0.0,0.102470306,0.260680671,0.0,0.0628,0.0,0.0,0.0,2809
k2436,0.574713307,0.0,0.0,0.0682,0.0279,0.0,0.0628,0.0,0.0,0.222083239,1540
k264,0.52122916,0.0,0.0,0.0862,0.215785672,0.0,0.0628,0.0,0.0625,0.226802365,530
k2553,0.588418933,0.0,0.0,0.14479318,0.260680671,0.0,0.0628,0.0,0.0,0.0,2488
k2353,0.540855498,0.0,0.0,0.154636077,0.209721212,0.0,0.428677064,0.0,0.0938,0.0,2415
k1849,0.574221937,0.0,0.0,0.183384655,0.104272273,0.0,0.0628,0.0,0.0,0.0,3360
k2788,0.588132152,0.0,0.0,0.373720575,0.0279,0.0,0.0628,0.0,0.0,0.243234023,1908
k878,0.682939692,0.0,0.0,0.123427024,0.182476472,0.0,0.0628,0.0,0.0,0.0,3364
k2728,0.532977197,0.0,0.0,0.0996,0.104272273,0.0,0.0628,0.0,0.0,0.0,2071
k8,0.569260444,0.0,0.0,0.0994,0.0521,0.0,0.0628,0.0,0.0,0.0,793
k3160,0.570972245,0.0,0.0,0.0439,0.362418564,0.0,0.0628,0.0,0.0,0.182851945,482
k3424,0.542692612,0.0,0.0,0.0964,0.264301232,0.0,0.0628,0.0,0.0625,0.431316807,3301
k1157,0.651201275,0.0,0.0,0.0471,0.0836,0.0,0.0628,0.0,0.0313,0.196781897,2314
k1292,0.547542374,0.0,0.0,0.0985,0.18790733,0.0,0.0628,0.125,0.0,0.284512167,1276
k1383,0.511188952,0.562313179,0.1,0.155603461,0.0515,0.0,0.424173165,0.0625,0.15625,0.542358426,1003
k900,0.346971079,0.919732601,0.566666667,0.151774009,0.201334896,0.0,0.0628,0.75,0.34375,0.505913123,2748
k245,0.431868782,0.623691654,0.0,0.146382908,0.104272273,0.0,0.0628,0.0,0.0,0.527348192,3283
k1964,0.586007966,0.0,0.0,0.0917,0.131517019,0.0,0.0628,0.0,0.0938,0.0,760
k319,0.565368792,0.0,0.0,0.0938,0.290092717,0.0,0.0628,0.0,0.0,0.482772345,3393
k1749,0.539712995,0.0,0.0,0.0696,0.234612624,0.0,0.0628,0.0,0.0,0.306970662,1315
k185,0.52243168,0.0,0.0,0.129399093,0.0782,0.0,0.0628,0.0,0.0,0.414259723,740
k3261,0.593376212,0.0,0.0,0.143634656,0.104272273,0.0,0.0628,0.0,0.0,0.0,1751
k2255,0.572640018,0.764102907,0.0,0.188129783,0.0521,0.0,0.0628,0.0,0.0,0.0,983
k1467,0.527755069,0.0,0.0,0.072,0.469225234,0.0,0.0628,0.0,0.375,0.0,2818
k611,0.519315582,0.0,0.0,0.178240392,0.130340334,0.0,0.216097517,0.0,0.0625,0.0,1739
k768,0.347438889,0.0,0.0,0.0872,0.260680671,0.0,0.0628,0.0,0.0,0.0,2179
k325,0.588406872,0.0,0.0,0.0801,0.391021021,0.0,0.0628,0.0,0.0,0.0,211
k3088,0.51614281,0.0,0.0,0.0616,0.0836,0.0,0.0628,0.0,0.0313,0.276438481,1809
k181,0.358339404,0.586049024,0.0333,0.175233978,0.105200746,0.0,0.0628,0.15625,0.0313,0.511087105,1080
k859,0.350299106,0.0,0.0,0.115528998,0.132150615,0.0,0.0628,0.0,0.0313,0.0,1710
k1931,0.516079566,0.606255063,0.3,0.106505812,0.276973213,0.0,0.0628,0.28125,0.0,0.319138049,3061
k2964,0.593196395,0.0,0.0,0.0637,0.0521,0.0,0.0628,0.0,0.0,0.0,2554
k584,0.537980103,0.0,0.0,0.113536292,0.08,0.0,0.0628,0.0,0.0,0.345064817,2911
k2808,0.542781666,0.0,0.0,0.173238339,0.156408411,0.0,0.0628,0.0,0.0,0.469240391,1541
k1542,0.539734661,0.0,0.0,0.0694,0.312816823,0.0,0.0628,0.0,0.0,0.0,1391
k2776,0.510625883,0.704709485,0.1,0.133503036,0.161839254,0.0,0.0628,0.25,0.0938,0.480043211,772
k3304,0.498169147,0.0,0.0,0.0774,0.104272273,0.0,0.0628,0.0,0.0,0.0,2105
k225,0.542852036,0.0,0.0,0.0646,0.104272273,0.0,0.0628,0.0,0.0,0.381510121,1803
k670,0.559499,0.0,0.0,0.088,0.0279,0.0,0.0628,0.0,0.0,0.298328406,100
k1690,0.520149468,0.0,0.0667,0.188547955,0.127640662,0.0,0.0628,0.0,0.0,0.0,262
k1457,0.430929689,0.0,0.0,0.0962,0.0558,0.0,0.0628,0.0,0.0,0.259267683,2418
k1489,0.615782034,0.0,0.0,0.180677062,0.104272273,0.0,0.0628,0.0,0.125,0.0,1683
k508,0.500374753,0.0,0.0,0.0953,0.181209282,0.0,0.0628,0.0,0.28125,0.474698658,2940
k638,0.530311181,0.0,0.0,0.204841164,0.104272273,0.0,0.128842879,0.0,0.0625,0.441949056,3224
k2437,0.544094257,0.0,0.0,0.0606,0.0836,0.222222222,0.0628,0.0,0.0,0.247441437,432
k1781,0.537892446,0.0,0.0,0.140351338,0.156408411,0.0,0.0628,0.0,0.0,0.0,3274
k1978,0.542860534,0.0,0.0,0.0942,0.104272273,0.0,0.0628,0.0,0.0,0.38617239,2633
k537,0.537181053,0.0,0.0,0.107564697,0.130340334,0.0,0.0628,0.0,0.0,0.431714806,1022
k324,0.427731075,0.72220136,0.0,0.21757773,0.18184287,0.0,0.0628,0.0,0.0938,0.0,3409
k761,0.657908831,0.0,0.0,0.185258087,0.104272273,0.0,0.0628,0.0,0.0,0.0,552
k1306,0.533024915,0.0,0.0,0.0801,0.320057931,0.0,0.0628,0.0,0.0,0.330793723,2830
k661,0.516077833,0.0,0.0,0.0288,0.0,0.0,0.0628,0.0,0.0,0.23845804,263
k3173,0.492537424,0.0,0.0,0.115698691,0.340695165,0.0,0.0628,0.0,0.0,0.0,2358
k303,0.431095979,0.0,0.0,0.186815717,0.0,0.0,0.0628,0.0,0.0,0.30924494,1780
k1564,0.621974264,0.0,0.0,0.0613,0.184286753,0.0,0.0628,0.0,0.0,0.0,877
k129,0.443068474,0.0,0.0,0.10400748,0.243664014,0.0,0.0628,0.0,0.0,0.282237889,1251
k1862,0.350312516,0.0838,0.0,0.150000046,0.0,0.0,0.0628,0.0,0.0,0.29304071,1469
k2936,0.682791437,0.0,0.0,0.0968,0.315092565,0.0,0.0628,0.0,0.0,0.0,3040
k1512,0.588929008,0.0,0.0,0.137983401,0.104272273,0.0,0.0628,0.0,0.0,0.0,3075
k1472,0.498409151,0.702301489,0.3,0.143689662,0.0776,0.0,0.439835977,0.28125,0.28125,0.742836025,2566
k1175,0.594120059,0.0,0.0,0.204023486,0.0,0.0,0.0628,0.0,0.0,0.251535138,231
k2389,0.573710149,0.802243001,0.0,0.13555768,0.156408411,0.0,0.0628,0.0,0.0,0.0,711
k2528,0.613427522,0.0,0.0,0.088,0.25941348,0.0,0.0628,0.0,0.25,0.0,1756
k2793,0.578802707,0.0,0.0,0.0679,0.103005069,0.0,0.0628,0.0,0.0,0.0,884
k1837,0.535831529,0.0,0.0,0.0958,0.0279,0.0,0.0628,0.0,0.0,0.275585627,342
k2050,0.361730118,0.0,0.0,0.129807211,0.153421438,0.0,0.473447163,0.0,0.15625,0.459631567,1590
k1824,0.511257201,0.0,0.0,0.341579566,0.0,0.0,0.119767859,0.0,0.0,0.0,2373
k2405,0.544068956,0.66350141,0.0,0.0808,0.22302681,0.0,0.0628,0.0,0.0,0.307766659,333
k3117,0.683340635,0.0,0.0,0.0863,0.159752382,0.0,0.0628,0.0,0.0,0.0,3253
k158,0.582684221,0.0,0.0,0.0524,0.0,0.0,0.0628,0.0,0.0625,0.269047078,3430
k1315,0.362100949,0.0,0.0,0.209743623,0.152878347,0.0,0.0628,0.0,0.0,0.0,1702
k1889,0.562967745,0.0,0.0,0.0683,0.0558,0.0,0.0628,0.0,0.0,0.229588356,2497
k1720,0.593366365,0.0,0.0,0.316808018,0.0521,0.0,0.0628,0.0,0.0625,0.0,589
k2421,0.521987329,0.0,0.0,0.0967,0.234612624,0.0,0.0628,0.0,0.0,0.463611553,106
k2118,0.516067961,0.0,0.0,0.0692,0.293409827,0.0,0.0628,0.0,0.0313,0.316920628,2320
k262,0.574194588,0.0,0.0,0.116802009,0.104272273,0.0,0.0628,0.0,0.0,0.0,3245
k3289,0.592472364,0.0,0.0,0.096,0.185463431,0.0,0.0628,0.0,0.125,0.38804867,1007
k2536,0.65665156,0.0,0.0,0.055,0.156408411,0.0,0.0628,0.0,0.0,0.0,3013
k179,0.440367883,0.0,0.0,0.101562917,0.338884869,0.0,0.0628,0.0,0.1875,0.0,2350
k841,0.524277607,0.0,0.0,0.153269508,0.0782,0.0,0.0628,0.0,0.0,0.335285422,251
k1979,0.492690992,0.0,0.0,0.150838301,0.104272273,0.0,0.0628,0.0,0.0,0.407152604,2836
k1032,0.560133928,0.0,0.0,0.0882,0.0,0.0,0.0628,0.0,0.0,0.395042074,1362
k125,0.347498991,0.0,0.0,0.102966248,0.152878347,0.0,0.0628,0.0,0.0,0.0,3216
k1082,0.511373676,0.597120065,0.2,0.216660592,0.0,0.0,0.0628,0.25,0.0,0.0,1401
k1311,0.362126435,0.0,0.0,0.221958185,0.100742219,0.0,0.0628,0.0,0.0,0.0,1
k992,0.572182112,0.0,0.0,0.38557265,0.0,0.0,0.0628,0.0,0.0,0.0,2860
k2753,0.680112996,0.0,0.0,0.150323989,0.234612624,0.0,0.0628,0.0,0.0,0.0,504
k3241,0.507237233,0.127590388,0.0,0.0807,0.0787,0.0,0.0628,0.0,0.0313,0.29787355,1764
k2875,0.522189463,0.0,0.0,0.0938,0.0,0.0,0.0628,0.0,0.0,0.373720719,1234
k1441,0.555971942,0.609363555,0.0,0.129862168,0.104272273,0.0,0.0628,0.0,0.0,0.0,3141
k3286,0.544274652,0.0,0.0,0.0739,0.0,0.0,0.0628,0.0,0.0,0.277632477,1031
k568,0.350389986,0.124889296,0.0,0.09,0.0781,0.0,0.0628,0.0313,0.0625,0.345974528,2756
k2942,0.652435672,0.0,0.0,0.0154,0.0836,0.0,0.0628,0.0,0.0,0.166420287,2980
k1136,0.533164309,0.0,0.0667,0.0914,0.0,0.0,0.0628,0.0,0.0,0.297191267,207
k1968,0.534687511,0.0,0.0,0.141756256,0.132150615,0.0,0.0628,0.0,0.0,0.485330907,2099
k1748,0.350365226,0.0,0.0,0.139238167,0.0776,0.0,0.0628,0.0,0.0313,0.387707528,3417
k3124,0.541267662,0.0,0.0,0.102737821,0.0,0.0,0.0628,0.0,0.0,0.49738458,1014
k114,0.435133314,0.20863849,0.0,0.0856,0.0782,0.0,0.0628,0.0,0.0,0.299579259,3086
k3190,0.591097709,0.0,0.0,0.141954322,0.208544548,0.0,0.0628,0.0,0.0,0.0,68
k1112,0.615776808,0.0,0.0,0.113097047,0.129706739,0.0,0.0628,0.0,0.0938,0.0,612
k2035,0.511841959,0.612825796,0.333333333,0.178414649,0.0,0.0,0.0628,0.25,0.0,0.539572436,1561
k728,0.656972145,0.0,0.0,0.0573,0.182476472,0.0,0.0628,0.0,0.0,0.0,2773
k467,0.54859233,0.0,0.0,0.0522,0.390296906,0.0,0.0628,0.0,0.0,0.18592222,858
k831,0.621195124,0.0,0.0,0.0509,0.316437384,0.0,0.0628,0.0,0.0,0.288776438,1286
k1660,0.347550853,0.0,0.0,0.189980526,0.0,0.0,0.0628,0.0625,0.0,0.46963839,999
k2765,0.557025653,0.0,0.0,0.299507007,0.0,0.0,0.0628,0.0,0.0,0.464293837,403
k1696,0.559319688,0.0,0.0,0.263810559,0.0,0.0,0.0628,0.0,0.0,0.0,3204
k1411,0.52123727,0.0,0.0,0.117694971,0.103005069,0.0,0.0628,0.0,0.0938,0.424095975,2090
k998,0.555246295,0.0,0.0,0.135631727,0.0,0.0,0.0628,0.0,0.0,0.0,1252
k936,0.362119407,0.0,0.0,0.0758,0.152878347,0.0,0.0628,0.0,0.0,0.284910166,444
k656,0.680793167,0.0,0.0,0.118172522,0.130340334,0.0,0.0628,0.0,0.0,0.0,887
k815,0.564490947,0.0,0.0,0.0745,0.249094856,0.0,0.0628,0.0,0.0,0.304468956,2014
k790,0.592345754,0.0,0.0,0.10038369,0.1333273,0.0,0.0628,0.0,0.0938,0.364794178,1060
k1382,0.362085115,0.0,0.0,0.171861396,0.152878347,0.0,0.0628,0.0,0.0313,0.0,1326
k1553,0.584089505,0.0,0.0,0.0843,0.315170179,0.0,0.0628,0.0,0.0625,0.0,258
k2737,0.447954427,0.0,0.0,0.0657,0.15939537,0.0,0.0628,0.0,0.0,0.342278826,95
k1816,0.653433288,0.0,0.0,0.102986255,0.0279,0.0,0.0628,0.0,0.0625,0.0,3242
k1398,0.516007488,0.0,0.0,0.0784,0.344315726,0.0,0.0628,0.0,0.0313,0.308164658,1773
k2689,0.657157908,0.0,0.0,0.0935,0.104272273,0.0,0.0628,0.0,0.0625,0.0,2968
k1092,0.621651321,0.0,0.0,0.0698,0.10942653,0.0,0.0628,0.0,0.0,0.249658858,2091
k1846,0.556023655,0.0,0.0,0.206283742,0.129706739,0.0,0.0628,0.0,0.0938,0.0,754
k7,0.513317011,0.0,0.0,0.0556,0.0,0.0,0.0628,0.0,0.0,0.228621788,1781
k3089,0.362039473,0.461885033,0.0,0.172760942,0.152878347,0.0,0.0628,0.0,0.0,0.0,3386
k2729,0.547551955,0.0,0.0,0.282527507,0.0,0.0,0.0628,0.0,0.0,0.823118035,2524
k755,0.543649183,0.0,0.0,0.125466054,0.131517019,0.0,0.0628,0.0,0.0313,0.415908574,3082
k2484,0.574229518,0.0,0.0,0.212296587,0.130340334,0.0,0.0628,0.0,0.0,0.0,521
k539,0.493528582,0.581352254,0.0333,0.130922245,0.182476472,0.0,0.0628,0.0,0.21875,0.471855811,1250
k2755,0.523456286,0.703233293,0.0667,0.151092761,0.0558,0.0,0.0628,0.375,0.0,0.354844212,1348
k305,0.674071885,0.0,0.0,0.142260044,0.160959896,0.0,0.0628,0.0,0.0,0.0,2450
k2391,0.590007904,0.0,0.0,0.108585351,0.29398987,0.0,0.0628,0.0,0.1875,0.384182397,1303
k1602,0.347841629,0.150469423,0.0,0.0594,0.0279,0.0,0.0628,0.0,0.0,0.259040255,2219
k127,0.515725109,0.0,0.0,0.0742,0.269732089,0.0,0.0628,0.0,0.0313,0.277689334,1479
k1919,0.347509291,0.550687645,0.0,0.141202875,0.0776,0.0,0.322644976,0.0,0.0625,0.664430293,588
k2075,0.544091442,0.0,0.0,0.0722,0.22302681,0.0,0.0628,0.0,0.0,0.28985672,278
k798,0.593257091,0.0,0.0,0.0606,0.0782,0.0,0.0628,0.0,0.0,0.272401637,334
k762,0.586313889,0.0,0.0,0.300471913,0.208544548,0.0,0.0628,0.0,0.0,0.0,2802
k681,0.617108253,0.0,0.0,0.111621355,0.208544548,0.0,0.0628,0.0,0.0,0.0,119
k1120,0.361681325,0.0,0.0,0.11149555,0.126810292,0.0,0.460002689,0.0,0.0938,0.0,2250
k1799,0.566284245,0.0,0.0,0.041,0.111513405,0.0,0.0628,0.0,0.0,0.197862179,2141
k1023,0.574155897,0.662300119,0.0,0.109917492,0.0776,0.0,0.329479251,0.0,0.0625,0.347566523,120
k2946,0.498060931,0.0,0.0,0.114582367,0.130340334,0.0,0.0628,0.0,0.0,0.45212645,3310
k1280,0.570717724,0.0,0.0,0.0646,0.0279,0.0,0.0628,0.0,0.0,0.21162156,1013
k97,0.431494478,0.0,0.0,0.100315823,0.130340334,0.0,0.0628,0.0,0.0,0.374687287,2687
k1914,0.498087896,0.0,0.0,0.101669257,0.184286753,0.0,0.0628,0.0,0.0,0.0,2825
k1297,0.559416687,0.0,0.0,0.0705,0.0818,0.0,0.0628,0.0,0.0,0.415567432,1682
k2078,0.516531454,0.571752804,0.0,0.151216655,0.0757,0.0,0.406829793,0.0,0.21875,0.567375483,1585
k958,0.362068232,0.0,0.0,0.202670872,0.178946423,0.0,0.0628,0.0938,0.0,0.0,457
k3109,0.573818559,0.0,0.0,0.0854,0.0509,0.0,0.0628,0.0,0.0,0.0,158
k1430,0.526751818,0.0,0.0,0.0881,0.278506917,0.25,0.0628,0.0,0.0,0.322435752,2001
k1130,0.586529093,0.0,0.0,0.174634919,0.0782,0.0,0.0628,0.0,0.0313,0.0,205
k854,0.725665462,0.0,0.0,0.322542898,0.0,0.0,0.0628,0.0,0.0,0.0,3196
k1389,0.593348791,0.0,0.0,0.0903,0.286748747,0.0,0.0628,0.0,0.0,0.0,784
k2545,0.656667572,0.0,0.0,0.0771,0.0815,0.0,0.0628,0.0,0.0,0.0,2043
k1375,0.361861995,0.0,0.0,0.0644,0.201484436,0.0,0.0628,0.0,0.0,0.0,3264
k3260,0.593221914,0.0,0.0,0.0754,0.130340334,0.0,0.0628,0.0,0.0,0.286502161,257
k522,0.581755552,0.0,0.0,0.110364728,0.213395318,0.0,0.0628,0.0,0.0,0.0,2222
k2297,0.542483762,0.0,0.0,0.114660608,0.156408411,0.0,0.0628,0.0,0.0,0.489083466,2454
k2181,0.362125466,0.0,0.0,0.179071846,0.126810292,0.0,0.0628,0.0,0.0,0.0,1373
k421,0.559650261,0.0,0.0,0.0496,0.442433013,0.0,0.0628,0.0,0.0,0.188992495,2319
k951,0.548119091,0.0,0.0,0.0367,0.724837112,0.0,0.0628,0.0,0.0,0.18387537,2423
k2137,0.593326644,0.0,0.0,0.0754,0.234612624,0.0,0.0628,0.0,0.0,0.0,507
k956,0.585989067,0.0,0.0,0.0895,0.186693669,0.0,0.0628,0.0,0.0938,0.0,90
k95,0.537335493,0.0,0.0,0.299992063,0.0,0.222222222,0.0628,0.0,0.0,0.564532636,1053
k2878,0.542498327,0.0,0.0,0.0832,0.109703114,0.0,0.0628,0.0313,0.0,0.263531954,1934
k3061,0.537177826,0.0,0.0,0.303945725,0.0,0.222222222,0.0628,0.0,0.0,0.63674096,2399
k2784,0.543323424,0.0,0.0,0.100586892,0.0261,0.0,0.0628,0.0,0.0,0.364453036,1703
k979,0.513128093,0.0,0.0,0.0879,0.236422905,0.0,0.0628,0.0,0.0313,0.317034342,1793
k286,0.546272057,0.0,0.0,0.163877858,0.0,0.0,0.0628,0.0,0.0,0.0,579
k3267,0.548592883,0.0,0.0,0.0687,0.167270096,0.0,0.0628,0.0,0.0,0.194507619,2981
k2420,0.561073046,0.0,0.0,0.358620953,0.0,0.0,0.0628,0.0,0.0,0.0,2785
k3026,0.592165529,0.0,0.0,0.0711,0.217595952,0.0,0.0628,0.0,0.0,0.205765295,1419
k2969,0.521983068,0.0,0.0,0.0836,0.364952945,0.0,0.0628,0.0,0.1875,0.484762338,1679
k1560,0.428511634,0.54762773,0.0,0.230546179,0.0533,0.0,0.31274088,0.0,0.0,0.540482147,1177
k692,0.557697035,0.0,0.0,0.125000072,0.0558,0.0,0.0628,0.0,0.0,0.415510575,2462
k734,0.584166038,0.0,0.0,0.146788865,0.0836,0.0,0.0628,0.0,0.0,0.225892654,2147
k60,0.565824965,0.0,0.0,0.136164706,0.135191125,0.0,0.0628,0.0,0.0,0.0,2974
k3248,0.519893841,0.0,0.0,0.114478009,0.104272273,0.0,0.0628,0.0,0.0,0.597339095,14
k452,0.53050501,0.0,0.0,0.328392348,0.0,0.0,0.0628,0.0,0.0,0.0,1497
k3118,0.347492044,0.546885635,0.0,0.156902784,0.0533,0.0,0.294120283,0.0,0.0625,0.540766432,2021
k1527,0.558268476,0.0,0.0,0.0713,0.372194083,0.0,0.0628,0.0,0.0625,0.238514897,3408
k2843,0.555478306,0.0,0.0,0.146143287,0.104272273,0.0,0.0628,0.1875,0.0938,0.0,1432
k1412,0.347384321,0.577679934,0.133333333,0.116968349,0.37156048,0.0,0.0628,0.25,0.0313,0.368091881,2568
k90,0.430871445,0.0,0.0,0.174176633,0.0,0.0,0.0628,0.0625,0.0,0.370195588,1426
k3395,0.555534619,0.0,0.0,0.0809,0.249094856,0.0,0.0628,0.0,0.0,0.334659995,1125
k744,0.621923683,0.0,0.0,0.0637,0.288559027,0.0,0.0628,0.0,0.0,0.31333864,2390
k1683,0.362099858,0.251456004,0.0,0.200183214,0.231082561,0.0,0.0628,0.34375,0.28125,0.0,2299
k650,0.543268557,0.0,0.0,0.0923,0.22302681,0.25,0.0628,0.0,0.0,0.343302252,2541
k503,0.572689562,0.0,0.0,0.188129783,0.0521,0.0,0.0628,0.0,0.0,0.0,2857
k2986,0.559006111,0.0,0.0,0.086,0.0836,0.0,0.0628,0.0,0.0,0.37667728,1974
k1761,0.387013226,0.0,0.0,0.0784,0.131517019,0.0,0.0628,0.0,0.0,0.296338413,2357
k949,0.435459069,0.0,0.0,0.113848344,0.104272273,0.0,0.0628,0.0,0.0,0.276495338,776
k74,0.572709039,0.0,0.0,0.188129783,0.109123062,0.0,0.0628,0.0,0.0,0.0,1572
k602,0.513974788,0.0,0.0,0.074,0.0,0.0,0.0628,0.0,0.0,0.279963612,2338
k3078,0.51010714,0.0,0.0,0.111953165,0.183019563,0.0,0.0628,0.0,0.0938,0.324368888,87
k1587,0.513205374,0.0,0.0,0.0481,0.111513405,0.0,0.0628,0.0,0.0625,0.202581305,2205
k2549,0.570860345,0.0,0.0,0.0657,0.391021021,0.0,0.0628,0.0,0.0,0.0,863
k2987,0.526365509,0.94771361,0.0,0.448038467,0.0,0.0,0.0628,0.125,0.0,0.0,813
k1777,0.432250357,0.0,0.0,0.119603877,0.0,0.0,0.0628,0.0,0.0625,0.314418922,2478
k2321,0.556070024,0.337655268,0.0,0.202628872,0.0782,0.0,0.0628,0.0,0.0,0.0,3039
k1721,0.587576766,0.0,0.0,0.0867,0.312816823,0.0,0.0628,0.0,0.0,0.0,1734
k2602,0.514265661,0.791664393,0.5,0.120192187,0.276973213,0.0,0.0628,0.46875,0.0,0.367352741,550
k2489,0.558417116,0.0,0.0,0.0659,0.0,0.0,0.0628,0.0,0.0,0.270468501,1538
k1037,0.593348359,0.0,0.0,0.0974,0.207910931,0.0,0.0628,0.0,0.0938,0.0,1613
k2380,0.361932962,0.0,0.0667,0.194307536,0.229362792,0.0,0.0628,0.0938,0.0,0.0,390
k1580,0.350239529,0.377825072,0.0,0.119632301,0.0836,0.0,0.0628,0.0,0.0625,0.363088469,1233
k272,0.588406125,0.0,0.0,0.0716,0.391021021,0.0,0.0628,0.0,0.0,0.0,795
k1361,0.703827955,0.0,0.0,0.249335841,0.0531,0.0,0.0628,0.0,0.0,0.0,2257
k2839,0.546949477,0.146012798,0.0,0.174788028,0.0,0.0,0.0628,0.0,0.0,0.0,2691
k2007,0.55950745,0.0,0.0,0.0523,0.553946425,0.0,0.0628,0.0,0.0,0.190584489,1855
k1343,0.519998733,0.0,0.0,0.146015449,0.260047083,0.0,0.0628,0.0,0.0938,0.0,843
k2962,0.581971435,0.0,0.0,0.155278103,0.189717596,0.0,0.0628,0.0,0.0,0.284796452,885
k3258,0.545111427,0.0,0.0,0.356445884,0.0,0.0,0.0628,0.0,0.0,0.254946554,296
k1977,0.64194562,0.0,0.0,0.421636211,0.0,0.0,0.0628,0.0,0.0,0.0,3136
k934,0.537794627,0.47236234,0.0,0.127770638,0.0,0.0,0.0628,0.0,0.0,0.478564931,1887
k609,0.588406363,0.0,0.0,0.14479318,0.260680671,0.0,0.0628,0.0,0.0,0.0,967
k3275,0.635394216,0.0,0.0,0.434879194,0.0,0.0,0.0628,0.0,0.0,0.0,2622
k913,0.347299903,0.0,0.0,0.114474286,0.0261,0.0,0.0628,0.0,0.0,0.0,1151
k687,0.5481221,0.0,0.0,0.0484,0.0836,0.0,0.0628,0.0,0.0,0.185410507,598
k1116,0.42766342,0.0,0.0,0.135206904,0.0,0.0,0.0628,0.0,0.0313,0.380486695,2512
k1109,0.605533214,0.0,0.0,0.345743959,0.0,0.0,0.0628,0.0,0.0,0.0,2936
k207,0.500376946,0.0,0.0,0.0879,0.208544548,0.0,0.0628,0.0,0.25,0.471002957,2482
k1855,0.608198386,0.0,0.0,0.123407712,0.103005069,0.0,0.0628,0.0,0.0313,0.0,1312
k468,0.519902917,0.0,0.0,0.0906,0.132150615,0.0,0.0628,0.0,0.0,0.576529452,2990
k1293,0.507513351,0.0,0.0,0.111287284,0.0,0.0,0.0628,0.0,0.0,0.317602911,3387
k178,0.585261716,0.741769279,0.0,0.118629517,0.21216511,0.0,0.0628,0.0,0.0,0.0,3187
k1495,0.575683215,0.0,0.0,0.0622,0.109703114,0.0,0.0628,0.0,0.0,0.328121446,2712
k2071,0.583710249,0.0,0.0,0.0846,0.264301232,0.0,0.0628,0.0,0.0,0.0,619
k3235,0.520150167,0.0,0.0667,0.194729506,0.0782,0.0,0.0628,0.0,0.0,0.0,3368
k1216,0.431029576,0.500270279,0.0333,0.210656372,0.08,0.0,0.0628,0.3125,0.0,0.0,1508
k1717,0.539024233,0.0,0.0,0.0887,0.208544548,0.0,0.0628,0.0,0.0,0.0,2125
k2462,0.349912886,0.0,0.0,0.0648,0.111513405,0.0,0.0628,0.0625,0.125,0.272060496,3009
k453,0.54923116,0.0,0.0,0.318533013,0.0,0.0,0.0628,0.0,0.0,0.0,206
k1438,0.528994616,0.0,0.0667,0.143316123,0.0,0.0,0.0628,0.0,0.0,0.373152149,1215
k2195,0.582742025,0.0,0.0,0.125991732,0.156408411,0.0,0.0628,0.0,0.0,0.0,1573
k406,0.431196795,0.0,0.0,0.221028845,0.0,0.0,0.0628,0.0,0.0,0.306458949,2863
k2034,0.617451513,0.0,0.0,0.187732189,0.207277358,0.0,0.0628,0.0,0.125,0.0,1796
k3199,0.574168681,0.0,0.0,0.104354436,0.234612624,0.0,0.0628,0.0,0.0,0.0,2601
k2885,0.34728613,0.429509208,0.0,0.19393263,0.0558,0.0,0.0628,0.0,0.0,0.283829884,1673
k1038,0.560091364,0.0,0.0,0.121449359,0.0815,0.0,0.0628,0.0,0.0625,0.45957471,770
k2229,0.51247761,0.0,0.0,0.0928,0.240043452,0.0,0.0628,0.0,0.0,0.293268137,1510
k1522,0.586048244,0.0,0.0,0.128517767,0.135191125,0.0,0.0628,0.0,0.0,0.0,2225
k2390,0.586360234,0.0,0.0,0.409495235,0.104272273,0.0,0.0628,0.0,0.0,0.0,762
k801,0.503076063,0.0,0.0,0.10460773,0.0,0.0,0.0628,0.0,0.21875,0.297418695,2198
k1912,0.501462316,0.231002751,0.0,0.0562,0.334540207,0.0,0.0628,0.0,0.0625,0.190641346,441
k3323,0.544147969,0.0,0.0,0.0687,0.111513405,0.0,0.0628,0.0,0.0,0.209745281,375
k144,0.541968076,0.0,0.0,0.102737821,0.0,0.0,0.0628,0.0,0.0,0.471628383,177
k323,0.572709039,0.0,0.0,0.291985411,0.0521,0.0,0.0628,0.0,0.0,0.0,2708
k1367,0.547618908,0.280311766,0.0,0.0481,0.752715469,0.0,0.0628,0.0,0.0,0.186149647,868
k2358,0.441261375,0.0,0.0,0.103904367,0.132150615,0.0,0.0628,0.0313,0.0,0.273879918,2629
k2340,0.497050567,0.0,0.0,0.113144657,0.208544548,0.0,0.0628,0.0,0.125,0.45883557,2742
k3347,0.51138745,0.0,0.0,0.0694,0.0,0.0,0.0628,0.0,0.0,0.272856493,2689
k1149,0.360263758,0.0,0.0,0.0684,0.158761782,0.0,0.0628,0.0,0.0,0.0,848
k1470,0.547000806,0.0,0.0,0.126279038,0.0,0.0,0.0628,0.0,0.0,0.329315442,2527
k637,0.586617137,0.0,0.0,0.118268363,0.0,0.0,0.0628,0.0,0.0,0.0,2455
k2046,0.582944643,0.0,0.0333,0.100124462,0.186693669,0.0,0.0628,0.0,0.0938,0.0,434
k490,0.68230045,0.0,0.0,0.0856,0.208544548,0.0,0.0628,0.0,0.0,0.0,1098
k2236,0.571503364,0.0,0.0,0.0705,0.0,0.0,0.0628,0.0,0.0,0.364225608,1090
k476,0.510539624,0.0,0.0,0.103754682,0.182476472,0.0,0.0628,0.0,0.1875,0.335399136,2503
k1206,0.512573624,0.0,0.0,0.100462652,0.0279,0.0,0.0628,0.125,0.0,0.329656584,3038
k2681,0.544411711,0.0,0.0,0.0769,0.0261,0.0,0.0628,0.0,0.0,0.288833295,2628
k12,0.515685506,0.58508065,0.0,0.139255991,0.0279,0.0,0.0628,0.0,0.0,0.334716852,1201
k558,0.00297,0.0,0.0,0.0871,0.340695165,0.0,0.0628,0.0,0.15625,0.0,1066
k1550,0.434495942,0.0,0.1,0.0945,0.325488773,0.0,0.0628,0.0625,0.0313,0.331134865,2432
k317,0.435125882,0.202854758,0.0,0.0953,0.106082552,0.0,0.0628,0.0,0.0,0.277746191,2006
k2778,0.58835831,0.0,0.0,0.0931,0.260680671,0.0,0.0628,0.0,0.0,0.0,3049
k1026,0.345616846,0.0,0.0,0.0506,0.0,0.0,0.0628,0.0,0.0,0.222879236,1058
k2770,0.571533916,0.0,0.0,0.145496817,0.344912347,0.0,0.473671238,0.0,0.125,0.0,1449
k1742,0.350254958,0.453643595,0.0333,0.133643014,0.154688628,0.0,0.0628,0.0938,0.0313,0.0,674
k2196,0.519853418,0.0,0.0,0.116867169,0.208544548,0.0,0.0628,0.0,0.0,0.389015238,415
k227,0.43138522,0.0,0.0,0.103842085,0.206010138,0.0,0.0628,0.0,0.125,0.383841255,2429
k2241,0.520015681,0.0,0.0,0.168209257,0.233979007,0.0,0.0628,0.0,0.0938,0.0,3175
k770,0.537856235,0.0,0.0,0.105107149,0.208544548,0.0,0.0628,0.0,0.0,0.0,2912
k1942,0.582663759,0.0,0.0,0.0609,0.278783493,0.0,0.0628,0.0,0.1875,0.254434842,1310
k1547,0.52126043,0.0,0.0,0.092,0.130340334,0.0,0.0628,0.0,0.0938,0.309017512,1685
k739,0.362136776,0.0,0.0,0.107742877,0.203113706,0.0,0.0628,0.0,0.0938,0.0,2532
k619,0.573855755,0.0,0.0,0.120679667,0.26553147,0.0,0.0628,0.0,0.0,0.0,285
k1802,0.559889954,0.0,0.0,0.0946,0.111513405,0.0,0.0628,0.0,0.0,0.287468729,43
k2232,0.347550813,0.550720135,0.166666667,0.171719781,0.0248,0.0,0.303262526,0.125,0.0625,0.55867637,620
k1385,0.668931299,0.0,0.0,0.0849,0.234612624,0.0,0.0628,0.0,0.0,0.0,1096
k1714,0.54637163,0.760149909,0.0,0.135309521,0.0261,0.0,0.0628,0.0,0.0,0.544291562,2420
k1428,0.574501108,0.0,0.0,0.0765,0.107892833,0.0,0.0628,0.0,0.0,0.263929952,2648
k2927,0.575875598,0.0,0.0,0.0493,0.396451863,0.0,0.0628,0.0,0.0,0.294007278,616
k1698,0.361979573,0.0,0.0,0.185168376,0.253620587,0.0,0.0628,0.1875,0.0,0.0,1299
k1326,0.693235407,0.0,0.0,0.420123405,0.104272273,0.0,0.0628,0.0,0.0,0.0,1583
k2752,0.524315765,0.0,0.0,0.113123284,0.217595952,0.0,0.0628,0.0,0.0,0.355697066,1836
k1228,0.434978536,0.0,0.0,0.0902,0.104272273,0.0,0.0628,0.0,0.0,0.312770071,3120
k1779,0.541832988,0.0,0.0,0.166502961,0.133960907,0.0,0.0628,0.0625,0.0,0.446270184,1466
k2638,0.424102336,0.492516426,0.0,0.160442277,0.132150615,0.0,0.0628,0.0,0.0,0.275471913,834
k1236,0.592641974,0.0,0.0,0.0561,0.132150615,0.0,0.0628,0.0,0.0,0.33158972,413
k569,0.549104647,0.0,0.0,0.0894,0.104272273,0.0,0.0628,0.0,0.0,0.0,2739
k789,0.593391884,0.0,0.0,0.195460176,0.0782,0.0,0.0628,0.0,0.0,0.0,2743
k488,0.561824018,0.0,0.0,0.182905167,0.0,0.0,0.0628,0.0,0.0,0.0,2717
k2184,0.560573464,0.0,0.0,0.0691,0.327299054,0.0,0.0628,0.0,0.0,0.233909484,2829
k3277,0.362083823,0.619667262,0.0,0.137021006,0.126810292,0.0,0.0628,0.0938,0.0,0.0,3394
k2188,0.544122761,0.0,0.0,0.08,0.245474294,0.0,0.0628,0.0,0.0,0.298896975,3016
k2790,0.574198874,0.0,0.0,0.116802009,0.104272273,0.0,0.0628,0.0,0.0,0.0,3119
k588,0.362024367,0.410035023,0.0,0.197187324,0.126810292,0.0,0.0628,0.0,0.0,0.0,2867
k1762,0.575818663,0.0,0.0,0.0613,0.0261,0.0,0.0628,0.0,0.0,0.0,2842
k1042,0.602073613,0.0,0.0,0.189599144,0.0,0.0,0.0628,0.0,0.0,0.264271094,2935
k1193,0.625874125,0.0,0.0,0.0336,0.111513405,0.0,0.0628,0.0,0.0,0.181601092,3051
k1784,0.519572922,0.0,0.0,0.143559242,0.0521,0.0,0.0628,0.0,0.0,0.525358199,1199
k3065,0.498156848,0.0,0.0,0.116679927,0.104272273,0.0,0.0628,0.0,0.0,0.333068001,2407
k1235,0.35890799,0.298182018,0.0,0.122985967,0.0,0.0,0.0628,0.0,0.0625,0.0,1779
k2212,0.350272529,0.0301,0.0667,0.160441777,0.0558,0.0,0.0628,0.21875,0.0313,0.490902888,3103
k3076,0.545376732,0.0,0.0,0.0435,0.111513405,0.0,0.0628,0.0,0.0,0.188992495,2630
k2441,0.547976058,0.0,0.0,0.12474181,0.156408411,0.0,0.0628,0.0,0.0,0.39345008,3411
k3279,0.565059743,0.0,0.0,0.0876,0.211531492,0.0,0.0628,0.0,0.125,0.249090289,1257
k787,0.32009854,0.0,0.0,0.107656394,0.158761782,0.0,0.0628,0.0,0.0625,0.397714351,914
k2938,0.50118117,0.0,0.0,0.0975,0.427950767,0.0,0.0628,0.0,0.21875,0.326984307,1821
k2164,0.523621922,0.563264446,0.0,0.140288535,0.103548157,0.0,0.458703056,0.0,0.21875,0.540084148,3022
k3073,0.620625968,0.0,0.0,0.200763482,0.0782,0.0,0.0628,0.0,0.0313,0.0,198
k2801,0.514855355,0.0,0.0333,0.100850963,0.161839254,0.277777778,0.0628,0.0,0.0938,0.377757562,1385
k1487,0.497536796,0.0,0.0,0.101694578,0.21216511,0.0,0.0628,0.0,0.0,0.449909029,2106
k2798,0.557871048,0.0,0.0,0.0586,0.446053619,0.0,0.0628,0.0,0.0,0.217193541,2435
k392,0.520240785,0.0,0.0,0.130442036,0.160028973,0.0,0.0628,0.0313,0.0,0.390209234,2851
k587,0.547667466,0.0,0.0,0.101147623,0.140648862,0.0,0.0628,0.0313,0.0,0.303047532,2913
k1620,0.627757676,0.0,0.0,0.567202195,0.0,0.0,0.0628,0.0,0.0,0.0,3392
k1869,0.608697031,0.0,0.0,0.200763482,0.0769,0.0,0.0628,0.0,0.0313,0.0,808
k1131,0.548341012,0.359973467,0.0333,0.103337926,0.161839254,0.0,0.0628,0.0625,0.0,0.350750512,637
k712,0.548575648,0.0,0.0,0.116484617,0.208544548,0.0,0.0628,0.0,0.0,0.0,1626
k1819,0.593248782,0.0,0.0,0.17833303,0.103638676,0.0,0.0628,0.0,0.0938,0.0,1949
k817,0.529044548,0.0,0.0,0.159820704,0.156408411,0.0,0.0628,0.0,0.0,0.0,1270
k434,0.444000944,0.0,0.0,0.100296087,0.18238596,0.0,0.0628,0.0,0.25,0.0,454
k2909,0.565331163,0.0,0.0,0.0936,0.130340334,0.0,0.0628,0.0,0.0,0.420115988,2528
k2339,0.431892128,0.0,0.0,0.0927,0.208544548,0.0,0.0628,0.0,0.15625,0.333579713,3397
k1210,0.63072333,0.0,0.0,0.0399,0.161839254,0.0,0.0628,0.0,0.0,0.272060496,1978
k2949,0.538647291,0.0,0.0,0.0871,0.314627103,0.0,0.0628,0.0,0.0,0.0,1615
k680,0.362100181,0.0,0.0,0.0647,0.178946423,0.0,0.0628,0.0,0.0,0.0,563
k2012,0.574118006,0.0,0.0,0.0602,0.0836,0.0,0.0628,0.0,0.0,0.271833068,1584
k2792,0.661389856,0.0,0.0,0.0914,0.104272273,0.0,0.0628,0.0,0.125,0.0,583
k1599,0.441260567,0.0,0.0,0.0907,0.27154237,0.0,0.0628,0.0313,0.0,0.20883557,1599
k959,0.592213849,0.0,0.0,0.134575103,0.0782,0.0,0.0628,0.0,0.0,0.0,1055
k1178,0.361979573,0.477030063,0.0333,0.100461761,0.283218698,0.0,0.0628,0.0313,0.0938,0.0,2419
k3092,0.620145193,0.0,0.0,0.211893658,0.0509,0.0,0.0628,0.125,0.0,0.0,302
k2335,0.574250825,0.0,0.0,0.323396983,0.0,0.0,0.0628,0.0,0.0,0.0,737
k1937,0.522756502,0.0,0.0,0.143114858,0.0,0.0,0.0628,0.0,0.0,0.438367068,2592
k197,0.542772805,0.0,0.0,0.114372335,0.0782,0.0,0.0628,0.0,0.0,0.423470548,2389
k1823,0.668502115,0.0,0.0,0.0228,0.0261,0.0,0.0628,0.0,0.0,0.0,2673
k1142,0.502455267,0.0,0.0,0.0786,0.156408411,0.0,0.0628,0.0,0.0,0.459915852,2977
k2285,0.421799961,0.0,0.0,0.0799,0.278783493,0.0,0.0628,0.0,0.0,0.250682283,2112
k794,0.586770179,0.0,0.0,0.077,0.182476472,0.0,0.0628,0.0,0.0,0.0,478
k2409,0.345571567,0.0,0.0,0.126335015,0.0,0.0,0.0628,0.0,0.0,0.0,1453
k1413,0.499722323,0.0,0.0,0.0788,0.355177411,0.0,0.0628,0.0,0.0625,0.230782352,38
k544,0.43130056,0.0818,0.0,0.151293905,0.0,0.0,0.0628,0.0625,0.0,0.293552422,1422
k1624,0.584774413,0.0,0.0,0.0443,0.165459815,0.0,0.0628,0.0,0.0,0.236297476,1832
k4,0.606540343,0.0,0.0,0.117503685,0.156408411,0.0,0.0628,0.0,0.1875,0.0,2208
k320,0.565805969,0.0,0.0,0.0432,0.0,0.0,0.0628,0.0,0.0,0.238685467,623
k1685,0.362083419,0.0,0.0,0.142440632,0.152878347,0.0,0.0628,0.0,0.0,0.405048897,2324
k2426,0.586040372,0.0,0.0,0.0833,0.26553147,0.0,0.0628,0.0,0.0,0.0,1504
k624,0.584480313,0.0,0.0,0.203707539,0.0,0.0,0.0628,0.0,0.0,0.0,2362
k3057,0.559506222,0.0,0.0,0.09,0.163649534,0.0,0.0628,0.0,0.0,0.351489652,602
k369,0.555999218,0.270383469,0.0,0.0974,0.233979007,0.0,0.0628,0.0,0.25,0.0,2441
k1078,0.560532997,0.0,0.0,0.0866,0.0,0.0,0.0628,0.0,0.0,0.344098249,1517
k3306,0.524792788,0.0,0.0,0.105665995,0.240043452,0.0,0.0628,0.0,0.0938,0.446327041,246
k328,0.579873395,0.0,0.0,0.205871921,0.156408411,0.0,0.0628,0.0,0.125,0.0,2876
k1731,0.551618582,0.0,0.0,0.0854,0.364952945,0.0,0.0628,0.0,0.0,0.0,2111
k3042,0.510066309,0.0,0.0,0.0793,0.208454021,0.0,0.0628,0.0,0.1875,0.333522856,1500
k1356,0.538394911,0.0,0.0,0.0915,0.26553147,0.0,0.0628,0.0,0.0,0.53911758,2615
k3398,0.694531049,0.0,0.0,0.251960899,0.0,0.0,0.0628,0.0,0.0,0.0,963
k2814,0.593375659,0.0,0.0,0.0812,0.182476472,0.0,0.0628,0.0,0.0,0.0,3020
k2993,0.574064052,0.0,0.0,0.10672448,0.0782,0.0,0.0628,0.0,0.0,0.0,2555
k3203,0.593318724,0.0,0.0,0.297698053,0.104272273,0.0,0.0628,0.0,0.0,0.39492836,949
k3266,0.59308286,0.0,0.0,0.173939819,0.156408411,0.0,0.0628,0.0,0.0,0.0,2180
k2992,0.51510559,0.651628073,0.0,0.126556212,0.250905137,0.25,0.0628,0.0,0.0,0.427962247,1524
k3378,0.586047473,0.0,0.0,0.0835,0.317667593,0.0,0.0628,0.0,0.0,0.0,540
k948,0.362142915,0.0,0.0,0.197474156,0.100742219,0.0,0.0628,0.0,0.0,0.0,2306
k967,0.541448945,0.0,0.0,0.11312435,0.312816823,0.0,0.487541454,0.0,0.0,0.487718899,138
k222,0.575358636,0.694940922,0.0,0.212296587,0.130340334,0.0,0.0628,0.0,0.0,0.0,1861
k3356,0.497090918,0.0,0.0,0.073,0.130340334,0.0,0.0628,0.0,0.0,0.298498977,2927
k427,0.574201883,0.0,0.0,0.140659343,0.104272273,0.0,0.0628,0.0,0.0625,0.0,1868
k2976,0.548341711,0.358222103,0.0333,0.0971,0.161839254,0.0,0.0628,0.0625,0.0,0.34091426,2275
k1778,0.511009062,0.0,0.0,0.108656817,0.349746569,0.0,0.0628,0.0,0.0313,0.225608369,1828
k1933,0.439320985,0.0,0.0,0.11584624,0.234612624,0.0,0.0628,0.0313,0.0,0.0,1604
k1667,0.350267237,0.575610007,0.0333,0.107652421,0.418175262,0.0,0.0628,0.8125,0.0313,0.292130998,1928
k2858,0.570402875,0.0,0.0,0.0988,0.208544548,0.0,0.0628,0.0,0.0,0.0,1687
k1651,0.43546949,0.0,0.0,0.0329,0.0558,0.0,0.0628,0.0,0.0,0.189674778,1175
k1368,0.58604143,0.0,0.0,0.0677,0.135191125,0.0,0.0628,0.0,0.0,0.0,1081
k2080,0.546898992,0.315826988,0.0,0.251204767,0.0,0.0,0.0628,0.25,0.0,0.0,2969
k464,0.431494882,0.0,0.0,0.101300982,0.106082552,0.0,0.0628,0.0,0.0,0.354559927,819
k1424,0.585917373,0.0,0.0,0.0906,0.130340334,0.0,0.0628,0.0,0.0313,0.0,557
k2829,0.53970423,0.0,0.0,0.0463,0.598841454,0.0,0.0628,0.0,0.0,0.198828747,779
k401,0.44126703,0.0,0.0,0.139833502,0.133960907,0.0,0.0628,0.0313,0.0,0.26620423,270
k2849,0.508087612,0.0,0.0,0.0853,0.0279,0.0,0.0628,0.0,0.0,0.322208324,3144
k678,0.516339527,0.0,0.0,0.097,0.424330205,0.0,0.506005199,0.0,0.15625,0.440641346,1396
k3365,0.59340029,0.0,0.0,0.145623564,0.104272273,0.0,0.0628,0.0,0.0625,0.0,2660
k1735,0.556046116,0.0,0.0,0.158858555,0.104272273,0.0,0.0628,0.0,0.0,0.0,1354
k3219,0.593212261,0.0,0.0,0.0677,0.0782,0.0,0.0628,0.0,0.0,0.0,2573
k2585,0.66285323,0.0,0.0,0.172245113,0.208544548,0.0,0.0628,0.0,0.0,0.0,370
k2022,0.571501126,0.0,0.0,0.114943395,0.260680671,0.0,0.0628,0.0,0.0,0.0,3426
k662,0.555998111,0.0,0.0,0.127589405,0.103005069,0.0,0.0628,0.0,0.0313,0.0,2148
k927,0.564655331,0.0,0.0,0.142554993,0.0,0.0,0.0628,0.0,0.0,0.0,3298
k883,0.655160284,0.0,0.0,0.06,0.391021021,0.0,0.0628,0.0,0.0,0.0,1998
k673,0.430878513,0.0,0.0333,0.103142096,0.373370761,0.0,0.0628,0.0625,0.125,0.443199909,3327
k2910,0.534507981,0.0,0.0,0.134728633,0.106082552,0.0,0.0628,0.0,0.0,0.49664544,2727
k1240,0.651378491,0.0,0.0,0.0593,0.156408411,0.0,0.0628,0.0,0.0,0.324425745,1138
k2546,0.59335079,0.0,0.0,0.0728,0.104272273,0.0,0.0628,0.0,0.0,0.0,1651
k2463,0.586404793,0.0,0.0,0.111693616,0.184286753,0.0,0.0628,0.0,0.0,0.0,2890
k2056,0.681964437,0.0,0.0,0.113006316,0.0261,0.0,0.0628,0.0,0.0,0.0,1582
k1569,0.593378862,0.0,0.0,0.408553234,0.0521,0.0,0.0628,0.0,0.0,0.0,1395
k497,0.512421806,0.577576775,0.0,0.163942843,0.0,0.0,0.0628,0.0,0.0625,0.372071867,2169
k2140,0.526485451,0.749491706,0.0667,0.0903,0.276973213,0.0,0.0628,0.125,0.0,0.304070957,2754
k2957,0.548535516,0.0,0.0,0.0796,0.301231008,0.0,0.0628,0.0,0.0,0.294007278,2069
k2021,0.34215573,0.0,0.0,0.180070382,0.0,0.0,0.0628,0.0,0.0,0.0,1507
k3059,0.564317871,0.724854395,0.0,0.0823,0.18790733,0.0,0.0628,0.0,0.0,0.27700705,453
k1920,0.659109522,0.0,0.0,0.0521,0.08,0.0,0.0628,0.0,0.0313,0.0,2230
k2496,0.560481861,0.0,0.0,0.0701,0.0,0.0,0.0628,0.0,0.0,0.257846259,2444
k2471,0.586150709,0.0,0.0,0.0867,0.312816823,0.0,0.0628,0.0,0.0,0.0,551
k566,0.498175194,0.0,0.0,0.0949,0.155774794,0.0,0.0628,0.0,0.0938,0.0,2405
k3265,0.548592427,0.0,0.0,0.0517,0.442433013,0.0,0.0628,0.0,0.0,0.18870821,2063
k1806,0.528951979,0.0,0.0,0.0919,0.0558,0.222222222,0.0628,0.0,0.0,0.299294974,189
k990,0.500377164,0.0,0.0,0.0991,0.207277358,0.0,0.0628,0.0,0.25,0.472367523,2117
k2412,0.574859947,0.0,0.0,0.14270691,0.316309889,0.0,0.50105315,0.0,0.0313,0.0,3255
k229,0.519883921,0.0,0.0,0.117453072,0.132150615,0.0,0.0628,0.0,0.0938,0.446668183,1738
k991,0.575856699,0.0,0.0,0.0506,0.215785672,0.0,0.0628,0.0,0.0,0.195303616,2268
k1874,0.592914598,0.0,0.0,0.0588,0.160028973,0.0,0.0628,0.0,0.0,0.273140778,1141
k3048,0.540709194,0.0,0.0,0.117989524,0.111513405,0.0,0.0628,0.0,0.0,0.34370025,1445
k3336,0.682876444,0.0,0.0,0.175271909,0.104272273,0.0,0.0628,0.0,0.0,0.0,192
k3129,0.434990936,0.0,0.0,0.0966,0.0,0.0,0.0628,0.0,0.0,0.364509893,825
k268,0.542833521,0.254881087,0.0,0.170004548,0.182476472,0.0,0.0628,0.0938,0.28125,0.521833068,145
k3224,0.535686501,0.0,0.0,0.0993,0.22302681,0.0,0.0628,0.0,0.0,0.276097339,2440
k3384,0.52003275,0.0,0.0667,0.150513663,0.132150615,0.0,0.0628,0.0,0.0,0.404821469,2195
k410,0.498048196,0.0,0.0,0.0665,0.133960907,0.0,0.0628,0.0,0.0,0.277803048,1406
k1347,0.565875644,0.0,0.0,0.0932,0.260680671,0.0,0.0628,0.0,0.0,0.0,2644
k3428,0.551618077,0.0,0.0,0.16144352,0.234612624,0.0,0.0628,0.0,0.0,0.0,2704
k475,0.539961711,0.0,0.0,0.12584669,0.163649534,0.5,0.0628,0.0625,0.0,0.468273823,425
k87,0.577186553,0.703921985,0.0,0.0981,0.26553147,0.0,0.0628,0.0,0.0,0.0,773
k2648,0.499875753,0.656951861,0.0,0.0987,0.475832754,0.0,0.509388725,0.0,0.0,0.422333409,2909
k3085,0.504092364,0.0,0.0,0.0464,0.215785672,0.0,0.0628,0.0,0.0,0.222765522,412
k769,0.565899624,0.0,0.0,0.136164706,0.135191125,0.0,0.0628,0.0,0.0,0.0,1034
k799,0.541759876,0.0,0.0,0.124468159,0.131517019,0.0,0.0628,0.0938,0.0,0.0,542
k1640,0.350373103,0.0,0.0,0.141724759,0.209721212,0.0,0.360222282,0.0,0.125,0.460370707,1390
k1771,0.588776229,0.0,0.0,0.0742,0.104272273,0.0,0.0628,0.0,0.0,0.0,1182
k1500,0.443078047,0.0,0.0,0.153101977,0.157585089,0.0,0.0628,0.0,0.0,0.329201728,2392
k1214,0.546535052,0.561846597,0.0,0.201095092,0.0279,0.0,0.0628,0.0,0.0,0.0,2862
k1425,0.561337749,0.0,0.0,0.104806217,0.0,0.0,0.0628,0.0,0.0,0.299692972,1591
k132,0.548516617,0.0,0.0,0.11093107,0.103638676,0.0,0.0628,0.0,0.0938,0.0,1713
k1418,0.435436975,0.0,0.0,0.0329,0.0,0.0,0.0628,0.0,0.0,0.215203548,2088
k456,0.566184935,0.0,0.0,0.107278657,0.110353291,0.0,0.0628,0.0,0.0,0.0,2502
k335,0.586044129,0.0,0.0,0.0728,0.161259196,0.0,0.0628,0.0,0.0,0.0,3338
k1084,0.560101018,0.0,0.0,0.0882,0.0261,0.0,0.0628,0.0,0.0,0.28428474,742
k977,0.435525714,0.0,0.0,0.0329,0.0558,0.0,0.0628,0.0,0.0,0.1833068,1288
k1791,0.34757634,0.0,0.0,0.107450657,0.0,0.0,0.0628,0.0,0.0,0.0,77
k2083,0.431836752,0.780330119,0.0667,0.154226543,0.132150615,0.0,0.0628,0.75,0.0,0.54508756,954
k714,0.504776747,0.0,0.0,0.0608,0.338884869,0.0,0.0628,0.0,0.0,0.355355924,245
k1090,0.498052724,0.0,0.0,0.176592651,0.133960907,0.0,0.0628,0.125,0.0,0.0,188
k1635,0.659225877,0.0,0.0,0.102529235,0.0755,0.0,0.0628,0.0,0.0,0.0,1563
k448,0.520294545,0.0,0.0,0.114735351,0.104272273,0.0,0.0628,0.0313,0.0,0.419490562,575
k3337,0.361670339,0.0,0.0,0.113937039,0.15224476,0.0,0.466590481,0.0,0.25,0.0,3348
k2169,0.350454531,0.0,0.0,0.0386,0.0,0.0,0.0628,0.0,0.0,0.213213555,2422
k644,0.575538502,0.0,0.0,0.0603,0.0831,0.0,0.0628,0.0,0.0,0.281385035,2178
k2684,0.593006517,0.0,0.0,0.153385485,0.0254,0.0,0.0628,0.0,0.125,0.0,2771
k1160,0.592183297,0.0,0.0,0.208327262,0.0254,0.0,0.0628,0.0,0.0625,0.0,266
k1782,0.507073258,0.125746264,0.0,0.0847,0.0509,0.0,0.0628,0.0,0.0,0.308960655,882
k1357,0.542790524,0.0,0.0,0.0894,0.106082552,0.0,0.0628,0.0,0.0313,0.409028883,2659
k1277,0.361829601,0.485997351,0.0,0.1,0.281498915,0.0,0.0628,0.0,0.0,0.309415511,866
k2837,0.493057783,0.0,0.0,0.0902,0.133960907,0.0,0.0628,0.0,0.0,0.370934728,1965
k3332,0.35039148,0.0,0.0,0.0357,0.0558,0.0,0.0628,0.0,0.0,0.177791676,452
k1592,0.541843966,0.0,0.0,0.109446841,0.0521,0.0,0.0628,0.0,0.0,0.52365249,2264
k330,0.54864561,0.755938051,0.0,0.124262897,0.0291,0.0,0.0628,0.0,0.0,0.366101888,608
k2520,0.515261282,0.719654338,0.0,0.122415752,0.276973213,0.0,0.0628,0.0,0.0,0.395042074,624
k1878,0.593359963,0.265517222,0.0,0.0842,0.234612624,0.0,0.0628,0.0,0.34375,0.0,2757
k3282,0.669842078,0.0,0.0,0.0228,0.0782,0.0,0.0628,0.0,0.0,0.0,2584
k3126,0.434730413,0.81356094,0.0,0.132488613,0.18184287,0.0,0.393743838,0.0,0.0,0.457073004,964
k2385,0.418140485,0.0,0.0,0.116760129,0.234612624,0.0,0.0628,0.0,0.0,0.0,2682
k2402,0.639808869,0.0,0.0,0.156964767,0.153992911,0.0,0.0628,0.0,0.0,0.0,2623
k2632,0.347064908,0.0,0.0,0.120947757,0.104272273,0.0,0.0628,0.0,0.0,0.0,2177
k1493,0.362093557,0.0,0.0,0.0853,0.204380897,0.0,0.0628,0.0,0.0938,0.0,677
k2350,0.537789933,0.0,0.0,0.134592803,0.104272273,0.0,0.0628,0.0,0.0,0.0,2542
k374,0.61798682,0.0,0.0,0.156234892,0.104272273,0.0,0.0628,0.0,0.0625,0.0,2289
k3169,0.51462746,0.0,0.0,0.0321,0.0,0.0,0.0628,0.0,0.1875,0.216966113,2231
k1838,0.49816537,0.0,0.0,0.18374598,0.104272273,0.0,0.0628,0.0,0.0,0.0,301
k962,0.428460014,0.547298338,0.0,0.143868538,0.0533,0.0,0.323249978,0.0,0.0,0.537184444,1004
k3062,0.515864071,0.0,0.0,0.0429,0.139391748,0.0,0.0628,0.0,0.0625,0.225210371,652
k2642,0.531448462,0.0,0.0,0.121276244,0.129706739,0.0,0.0628,0.0,0.0938,0.440413919,2416
k1341,0.362005504,0.328843817,0.0,0.143952368,0.157729147,0.0,0.0628,0.0,0.0,0.0,161
k2822,0.533048653,0.0,0.0333,0.0961,0.250905137,0.25,0.0628,0.0,0.0,0.331476006,896
k384,0.524953969,0.0,0.0,0.138445389,0.104272273,0.0,0.0628,0.0,0.0625,0.457982715,3400
k224,0.431156525,0.305459003,0.0667,0.184363259,0.160028973,0.0,0.0628,0.1875,0.0,0.70548101,447
k1808,0.574150481,0.0,0.0,0.153729509,0.0782,0.0,0.0628,0.0,0.0938,0.0,675
k1335,0.569373019,0.0,0.0,0.224415074,0.0,0.0,0.0628,0.0,0.125,0.0,807
k832,0.50005097,0.0,0.0,0.103382383,0.343048521,0.0,0.558752353,0.0,0.34375,0.456447578,1635
k2908,0.54122719,0.0,0.0,0.144149289,0.0,0.0,0.0628,0.0625,0.0,0.448658176,1254
k2120,0.54809068,0.0,0.0,0.044,0.109703114,0.0,0.0628,0.0,0.0,0.230896065,3126
k1987,0.424017434,0.524463031,0.0,0.125285862,0.243664014,0.0,0.0628,0.0,0.0,0.295599272,1139
k239,0.362020974,0.0,0.0,0.0568,0.180756704,0.0,0.0628,0.0,0.0,0.246076871,2495
k2178,0.546004224,0.0,0.0,0.156313604,0.0279,0.0,0.0628,0.0,0.0,0.305435524,1043
k1984,0.654668215,0.0,0.0,0.0546,0.0279,0.0,0.0628,0.0,0.0313,0.229019786,1514
k1354,0.562906933,0.0,0.0,0.296731106,0.0,0.0,0.0628,0.0,0.0,0.0,2335
k604,0.588794142,0.0,0.0,0.0761,0.234612624,0.0,0.0628,0.0,0.0,0.0,3244
k548,0.651403647,0.0,0.0,0.023,0.195148453,0.0,0.0628,0.0,0.0,0.1751194,1380
k1668,0.350431225,0.239080626,0.0,0.0783,0.0279,0.0,0.0628,0.0,0.0313,0.328519445,2845
k1443,0.435274481,0.0,0.0,0.0738,0.0,0.0,0.0628,0.0,0.0,0.260234251,2229
k3013,0.43107025,0.0,0.0333,0.108823356,0.37156048,0.0,0.0628,0.0625,0.125,0.454969297,3273
k1395,0.542066735,0.0,0.0,0.0583,0.195148453,0.0,0.0628,0.0,0.0,0.252729134,2182
k888,0.350330651,0.0,0.0,0.0351,0.0279,0.0,0.0628,0.0,0.0313,0.194962474,3371
k337,0.516448397,0.0,0.0,0.0653,0.264301232,0.0,0.0628,0.0,0.0313,0.320559472,1320
k2259,0.652066723,0.0,0.0,0.0412,0.0521,0.0,0.0628,0.0,0.0,0.0,661
k2645,0.36202263,0.461138996,0.0,0.0741,0.236513388,0.0,0.0628,0.0,0.0,0.272231067,559
k2625,0.536693484,0.0,0.0,0.110746435,0.191527891,0.0,0.0628,0.0,0.0,0.380486695,1465
k973,0.350322614,0.0,0.0,0.089,0.27154237,0.0,0.0628,0.0,0.0625,0.342619968,476
k3180,0.617701869,0.0,0.0,0.528284312,0.0,0.0,0.0628,0.0,0.0,0.0,1456
k2894,0.5788016,0.0,0.0,0.0894,0.128439536,0.0,0.522765977,0.0,0.21875,0.0,2411
k2149,0.615213404,0.0,0.0,0.108844579,0.155774794,0.0,0.0628,0.0,0.0938,0.0,538
k415,0.527536274,0.296236412,0.0,0.25678668,0.0,0.0,0.0628,0.0,0.0,0.0,771
k3017,0.362089962,0.0,0.0,0.0567,0.257150622,0.0,0.0628,0.0,0.0,0.281271321,1919
k432,0.512448145,0.0,0.0,0.0657,0.276973213,0.0,0.0628,0.0,0.15625,0.247896293,1185
k2116,0.54149216,0.0,0.0,0.124697452,0.156408411,0.0,0.0628,0.0,0.0,0.478792358,130
k1273,0.527741756,0.0,0.0,0.0504,0.157585089,0.0,0.0628,0.0,0.0625,0.294405276,2298
k1789,0.593249505,0.0,0.0,0.105314374,0.208544548,0.0,0.0628,0.0,0.125,0.0,149
k82,0.347440303,0.0,0.0,0.100336426,0.183019563,0.0,0.0628,0.0,0.25,0.304753241,2595
k1993,0.504752549,0.0,0.0,0.0801,0.286748747,0.0,0.0628,0.0,0.0,0.381510121,2483
k2410,0.574205013,0.0,0.0,0.220957296,0.104272273,0.0,0.0628,0.0,0.0,0.0,1119
k1897,0.562655062,0.0,0.0,0.0716,0.0558,0.0,0.0628,0.0,0.0,0.259040255,3124
k2256,0.563538783,0.0,0.0,0.0691,0.438812452,0.0,0.0628,0.0,0.0,0.213497839,2173
k821,0.577349179,0.0,0.0,0.117879931,0.290965944,0.0,0.0628,0.0,0.125,0.0,423
k1896,0.673868165,0.0,0.0,0.0589,0.364952945,0.0,0.0628,0.0,0.0,0.0,1716
k889,0.509499682,0.0,0.0,0.154878822,0.264301232,0.0,0.0628,0.125,0.0,0.570275188,587
k849,0.539413984,0.0,0.0,0.103454123,0.208544548,0.0,0.0628,0.0,0.0,0.0,1605
k96,0.361913211,0.555619303,0.0,0.144172053,0.126086178,0.0,0.440777091,0.0,0.15625,0.532237889,1637
k628,0.601023872,0.0,0.0,0.108844579,0.156408411,0.0,0.0628,0.0,0.0938,0.0,406
k2701,0.591533852,0.0,0.0,0.174345976,0.208544548,0.0,0.0628,0.0,0.0,0.0,2154
k481,0.621526565,0.0,0.0,0.0421,0.132150615,0.0,0.0628,0.0,0.0,0.232431203,1047
k312,0.582068745,0.0,0.0,0.140336171,0.156408411,0.0,0.0628,0.0,0.0,0.0,1156
k1814,0.556044791,0.0,0.0,0.158858555,0.104272273,0.0,0.0628,0.0,0.0,0.0,1366
k1715,0.317418104,0.0,0.0,0.16527009,0.0,0.0,0.0628,0.0,0.0,0.0,1246
k457,0.537074857,0.0,0.0,0.147327853,0.0,0.0,0.0628,0.0,0.0313,0.0,864
k2695,0.560225487,0.0,0.0,0.0525,0.107892833,0.0,0.0628,0.0,0.0,0.289174437,640
k1581,0.548574974,0.0,0.0,0.116275856,0.182476472,0.0,0.0628,0.0,0.0,0.0,1216
k380,0.441262385,0.0,0.0,0.109750331,0.106082552,0.0,0.0628,0.0313,0.0,0.30384353,3089
k431,0.498172229,0.0,0.0,0.114983014,0.208544548,0.0,0.0628,0.0,0.0,0.0,739
k2242,0.539741907,0.0,0.0,0.0821,0.286748747,0.0,0.0628,0.0,0.0,0.0,2740
k2757,0.34741005,0.196111511,0.0667,0.135013432,0.133870389,0.0,0.0628,0.0625,0.0313,0.37610871,1827
k946,0.517585916,0.0,0.0,0.172043378,0.0836,0.0,0.231715515,0.0,0.0625,0.257391403,727
k2159,0.435342136,0.0,0.0,0.0504,0.158218692,0.0,0.0628,0.0,0.0313,0.261996816,2652
k441,0.527719052,0.0,0.0,0.0487,0.130340334,0.0,0.0628,0.0,0.0625,0.288549011,1736
k1159,0.593274399,0.0,0.0,0.0963,0.155774794,0.0,0.0628,0.0,0.0938,0.0,2795
k1077,0.559570646,0.0,0.0,0.0701,0.0279,0.0,0.0628,0.0,0.0,0.249147146,74
k2411,0.537506618,0.0,0.0,0.177474073,0.0,0.25,0.0628,0.0,0.125,0.509949966,275
k1976,0.596126949,0.0,0.0,0.235415605,0.0279,0.0,0.0628,0.0,0.0,0.175233113,818
k2268,0.570139998,0.0,0.0,0.0585,0.111513405,0.0,0.0628,0.0,0.0,0.222765522,928
k842,0.535072758,0.0,0.0,0.360012485,0.0,0.0,0.0628,0.0,0.0,0.0,2313
k1316,0.602640725,0.0,0.0,0.168347003,0.208544548,0.0,0.0628,0.0,0.0,0.0,210
k2556,0.596279102,0.0,0.0,0.183849146,0.104272273,0.0,0.0628,0.0,0.0,0.325221742,2737
k1068,0.556284436,0.0,0.0,0.13116566,0.286748747,0.0,0.0628,0.0,0.0,0.0,299
k2004,0.555999868,0.0,0.0,0.179429002,0.0,0.0,0.0628,0.0,0.0,0.0,1745
k1828,0.516495534,0.0,0.0,0.0583,0.184286753,0.0,0.0628,0.0,0.0313,0.300545827,3297
k2620,0.543832946,0.0,0.0,0.0691,0.219406233,0.0,0.0628,0.0,0.0,0.261428247,2775
k2572,0.576140471,0.0,0.0,0.159427849,0.155774794,0.0,0.0628,0.0,0.0938,0.0,685
k233,0.347547259,0.0,0.0,0.14471543,0.0,0.0,0.0628,0.0,0.0,0.389128952,2234
k1774,0.680425155,0.0,0.0,0.0618,0.364952945,0.0,0.0628,0.0,0.0,0.0,1575
k893,0.431230037,0.0,0.0,0.0817,0.260680671,0.0,0.0628,0.0,0.0,0.395838071,2211
k879,0.444480831,0.0,0.0,0.210367183,0.104272273,0.0,0.0628,0.0313,0.0,0.695644758,1697
k2360,0.52432188,0.0,0.0,0.176053142,0.0782,0.0,0.0628,0.0,0.0,0.439959063,2709
k2540,0.548118558,0.0,0.0,0.0597,0.446053619,0.0,0.0628,0.0,0.0,0.25670912,3261
k1442,0.555998208,0.0,0.0,0.097,0.104272273,0.0,0.0628,0.0,0.0,0.0,37
k3319,0.573828814,0.792677447,0.0,0.167129078,0.156408411,0.0,0.0628,0.0,0.0,0.0,555
k1232,0.519903709,0.0,0.0,0.106693179,0.104272273,0.0,0.0628,0.0,0.0,0.592051399,2745
k1534,0.556053988,0.0,0.0,0.121753841,0.0558,0.0,0.0628,0.0,0.0,0.326358881,2970
k290,0.564144533,0.0,0.0,0.103695006,0.130340334,0.0,0.0628,0.0,0.0938,0.371901296,1616
k2559,0.570972342,0.0,0.0,0.0472,0.250905137,0.0,0.0628,0.0,0.0,0.182681374,3004
k1065,0.359817356,0.726664306,0.233333333,0.112195093,0.163649534,0.0,0.0628,0.25,0.1875,0.457471003,223
k3274,0.557523623,0.0,0.0,0.134941271,0.0776,0.0,0.0628,0.0,0.0938,0.528940186,2777
k2548,0.548192421,0.0,0.0,0.1,0.104272273,0.0,0.0628,0.0,0.0,0.353422788,3072
k1039,0.538058223,0.70528881,0.0,0.103587821,0.234612624,0.0,0.0628,0.0,0.0,0.0,2370
k1552,0.65040391,0.0,0.0,0.0578,0.208544548,0.0,0.0628,0.0,0.0,0.27831476,505
k2982,0.565375436,0.0,0.0,0.111941845,0.179942076,0.0,0.433651519,0.0,0.0313,0.36178076,2344
k872,0.347453995,0.0,0.0,0.0925,0.104272273,0.0,0.0628,0.0,0.0,0.0,842
k1900,0.552740163,0.0,0.0,0.28314908,0.104272273,0.0,0.0628,0.0,0.0,0.0,346
k1285,0.347227199,0.564077617,0.0,0.158069001,0.152878347,0.0,0.0628,0.0,0.0,0.0,10
k1728,0.647534484,0.0,0.0,0.102069854,0.208544548,0.25,0.0628,0.0,0.0,0.0,2634
k1226,0.526691268,0.0,0.0,0.113830074,0.104272273,0.0,0.0628,0.0,0.0,0.0,2656
k553,0.49626702,0.0,0.0,0.133214293,0.133960907,0.0,0.0628,0.0,0.125,0.413065727,2641
k1741,0.592966699,0.0,0.0,0.10877381,0.104272273,0.0,0.0628,0.0,0.0,0.0,3132
k3217,0.545446358,0.0,0.0,0.0515,0.0,0.0,0.0628,0.0,0.0,0.210029566,1897
k1561,0.362033051,0.4028515,0.0,0.102735194,0.152878347,0.0,0.0628,0.0,0.0,0.431203093,407
k1684,0.585720272,0.0,0.0,0.120905532,0.0,0.0,0.0628,0.0,0.0,0.244200591,1761
k2593,0.576344676,0.0,0.0,0.16915197,0.130340334,0.0,0.0628,0.0,0.0,0.0,2572
k1526,0.541081996,0.0,0.0,0.629870372,0.0,0.0,0.0628,0.0,0.0,0.0,3217
k3096,0.565195356,0.0,0.0,0.0741,0.137581467,0.0,0.0628,0.0,0.0,0.274391631,2513
k672,0.51525305,0.570617288,0.3,0.157114577,0.0782,0.0,0.0628,0.15625,0.0,0.595860814,972
k249,0.567255696,0.0,0.0,0.061,0.111513405,0.25,0.0628,0.0,0.0,0.278201046,173
k3094,0.507150877,0.118963934,0.0,0.0951,0.0509,0.0,0.0628,0.0,0.0,0.384011826,2382
k1258,0.515287068,0.369923879,0.0,0.113177174,0.276973213,0.0,0.0628,0.0,0.0,0.295883557,2119
k2348,0.495336812,0.531647234,0.0,0.161658611,0.104272273,0.0,0.0628,0.0,0.0,0.0,3079
k2249,0.493597893,0.0,0.0,0.18539953,0.104272273,0.0,0.0628,0.0,0.0,0.432453946,747
k2175,0.657095168,0.0,0.0,0.0675,0.104272273,0.0,0.0628,0.0,0.0625,0.0,2128
k2406,0.497997856,0.792576939,0.0,0.169523894,0.153075123,0.0,0.0628,0.0,0.0625,0.566010917,822
k3025,0.498991502,0.0,0.0,0.182634545,0.0782,0.0,0.0628,0.0,0.0,0.0,1951
k75,0.350298581,0.0,0.0667,0.122716436,0.106082552,0.0,0.0628,0.0,0.0313,0.402092336,487
k1287,0.588834347,0.0,0.0,0.18554204,0.0782,0.0,0.0628,0.0,0.0,0.0,2331
k2574,0.442814091,0.0,0.0,0.115562661,0.155774794,0.0,0.0628,0.0,0.0938,0.337843985,1877
k3154,0.656950431,0.0,0.0,0.0675,0.104272273,0.0,0.0628,0.0,0.0625,0.0,1205
k3015,0.556098722,0.0,0.0667,0.0997,0.290092717,0.0,0.0628,0.0,0.0,0.0,1341
k236,0.573631713,0.0,0.0,0.142809977,0.208544548,0.0,0.0628,0.0,0.0,0.0,1448
k1249,0.431150184,0.174936555,0.0,0.123751687,0.104272273,0.0,0.0628,0.0,0.125,0.380998408,254
k3189,0.319743623,0.0,0.0,0.12515837,0.103638676,0.0,0.0628,0.0,0.0938,0.0,3076
k534,0.556176769,0.0,0.0,0.387751924,0.0,0.0,0.0628,0.0,0.0,0.0,1838
k2490,0.548519698,0.0,0.0,0.129546367,0.156408411,0.0,0.0628,0.0,0.0,0.0,2377
k336,0.507437367,0.11123668,0.0,0.118480652,0.106625641,0.0,0.0628,0.0,0.0,0.311746645,491
k1559,0.566184285,0.0,0.0,0.0514,0.109703114,0.0,0.0628,0.0,0.0,0.227712076,2907
k586,0.498915474,0.0,0.0,0.159583169,0.104272273,0.0,0.0628,0.0,0.0,0.0,344
k2699,0.492532578,0.0,0.0,0.145245931,0.160028973,0.0,0.0628,0.0,0.0,0.0,2832
k1394,0.656231428,0.0,0.0,0.102529235,0.0728,0.0,0.0628,0.0,0.0,0.0,291
k2061,0.554296756,0.0,0.0,0.366662546,0.0836,0.0,0.0628,0.0,0.0,0.28968615,382
k199,0.57414456,0.0,0.0,0.103087335,0.286748747,0.0,0.0628,0.0,0.0,0.0,1676
k3007,0.347413322,0.0,0.0,0.109531537,0.208544548,0.0,0.0628,0.0,0.0,0.0,1204
k1631,0.350299833,0.0,0.0,0.0982,0.158218692,0.0,0.0628,0.0,0.0313,0.0,3024
k1935,0.504940743,0.0,0.0,0.140178372,0.104272273,0.0,0.0628,0.0,0.0,0.319592904,3023
k730,0.567903577,0.0,0.0,0.111322184,0.104272273,0.0,0.0628,0.0,0.0,0.295314987,80
k945,0.558069716,0.0,0.0,0.0872,0.163649534,0.0,0.0628,0.0,0.0,0.243518308,1244
k1091,0.428517329,0.0,0.0,0.143310117,0.0248,0.0,0.688536345,0.0,0.125,0.0,1966
k1217,0.569260032,0.0,0.0,0.0994,0.0521,0.0,0.0628,0.0,0.0,0.0,3030
k455,0.579909003,0.0,0.0,0.100821744,0.366129638,0.0,0.0628,0.0,0.28125,0.0,1903
k2060,0.542419988,0.0,0.0,0.101883162,0.129706739,0.0,0.0628,0.0,0.15625,0.431089379,1173
k301,0.593308658,0.0,0.0,0.079,0.208544548,0.0,0.0628,0.0,0.0,0.358596771,2259
k2176,0.542810772,0.0,0.0,0.0848,0.0782,0.0,0.0628,0.0,0.0,0.411871731,2118
k1776,0.556029891,0.0,0.0,0.097,0.104272273,0.0,0.0628,0.0,0.0,0.0,1768
k1318,0.49806724,0.456657266,0.0,0.0898,0.132150615,0.0,0.0628,0.0,0.0,0.0,734
k1713,0.564541262,0.0,0.0,0.162201047,0.0521,0.0,0.0628,0.0,0.0625,0.0,936
k1674,0.356438234,0.0,0.0,0.153526329,0.104272273,0.0,0.0628,0.0,0.0,0.0,3391
k1768,0.559509591,0.0,0.0,0.125521856,0.260680671,0.0,0.0628,0.0,0.0313,0.370764157,386
k2635,0.593403586,0.0,0.0,0.274453388,0.0261,0.0,0.0628,0.0,0.0,0.0,679
k1300,0.57419105,0.0,0.0,0.10672448,0.132150615,0.0,0.0628,0.0,0.0,0.264669093,1412
k2099,0.510093468,0.0,0.0,0.0723,0.235155685,0.0,0.0628,0.0,0.0938,0.327723448,1302
k2514,0.428297157,0.704253756,0.0,0.102127322,0.139391748,0.0,0.0628,0.0,0.0,0.278655902,918
k2968,0.562997215,0.0,0.0,0.0893,0.383055797,0.0,0.0628,0.0,0.0,0.298953832,224
k386,0.50866842,0.0,0.266666667,0.142351716,0.157585089,0.0,0.0628,0.125,0.0,0.61178076,3085
k2913,0.361975857,0.0,0.0,0.113353889,0.160119485,0.0,0.0628,0.0,0.0938,0.313736639,2075
k2870,0.566906199,0.0,0.0,0.346751386,0.0,0.0,0.0628,0.0,0.0,0.0,1180
k1105,0.536716503,0.0,0.0,0.102743111,0.182476472,0.0,0.0628,0.0,0.0,0.608596771,3163
k1969,0.560047378,0.0,0.0,0.0696,0.109703114,0.0,0.0628,0.0,0.0,0.210654992,2135
k2106,0.44126703,0.0,0.0,0.116657067,0.132150615,0.0,0.0628,0.0313,0.0,0.302478963,2915
k2367,0.673175982,0.0,0.0,0.260886438,0.15964343,0.0,0.0628,0.0,0.0,0.0,1893
k1679,0.542586488,0.0,0.0,0.0815,0.155774794,0.0,0.0628,0.0,0.0938,0.30327496,490
k437,0.666825629,0.0,0.0,0.0728,0.130340334,0.0,0.0628,0.0,0.0625,0.0,3404
k3183,0.361739448,0.0,0.0,0.160732932,0.0486,0.0,0.0628,0.0,0.15625,0.289003866,1970
k2323,0.509761687,0.0,0.0,0.0862,0.158761782,0.0,0.0628,0.0,0.125,0.340971117,1999
k1393,0.656731252,0.0,0.0,0.130911841,0.0,0.0,0.0628,0.0,0.25,0.0,1973
k699,0.498981053,0.0,0.0,0.0954,0.104272273,0.0,0.0628,0.0,0.0,0.0,3228
k2167,0.541234557,0.0,0.0,0.0522,0.30666185,0.0,0.0628,0.0,0.0,0.207357289,2240
k1365,0.570295475,0.0,0.0,0.0564,0.278783493,0.0,0.0628,0.0,0.0,0.241698886,292
k2925,0.536669629,0.0,0.0,0.0814,0.360608283,0.0,0.0628,0.0,0.0,0.238173755,31
k862,0.425186757,0.0,0.0,0.102212119,0.0279,0.0,0.0628,0.0,0.0,0.260859677,989
k1402,0.52756719,0.0,0.0,0.101717838,0.104272273,0.0,0.0628,0.0,0.0,0.504377985,757
k2945,0.626668166,0.0,0.0,0.0521,0.0261,0.0,0.0628,0.0,0.0625,0.273425063,166
k3273,0.504892763,0.0,0.0,0.0797,0.377624925,0.0,0.0628,0.0,0.0,0.362349329,2891
k2650,0.362099939,0.0,0.0,0.152239746,0.126810292,0.0,0.0628,0.0,0.0,0.0,32
k2010,0.585156049,0.533954246,0.0,0.116736079,0.0873,0.0,0.0628,0.0,0.0625,0.0,345
k3022,0.494348361,0.0,0.0,0.120244886,0.208544548,0.0,0.0628,0.0,0.125,0.0,2146
k21,0.559165127,0.0,0.0,0.0599,0.332729926,0.0,0.0628,0.0,0.0,0.213725267,532
k449,0.359950444,0.0,0.0,0.142646915,0.130340334,0.0,0.333266111,0.0,0.0938,0.0,2772
k1208,0.431032363,0.0,0.0333,0.199715246,0.107892833,0.0,0.0628,0.125,0.0,0.569649761,429
k2369,0.602643879,0.0,0.0,0.168347003,0.208544548,0.0,0.0628,0.0,0.0,0.0,116
k2460,0.492538757,0.0,0.0,0.178276458,0.133960907,0.0,0.0628,0.0,0.0,0.0,2096
k1532,0.531269464,0.0,0.0,0.0938,0.469225234,0.0,0.0628,0.0,0.1875,0.0,2431
k2201,0.594218476,0.0,0.0,0.0512,0.278783493,0.0,0.0628,0.0,0.0,0.180122811,2733
k413,0.515056333,0.0,0.0,0.081,0.0558,0.0,0.0628,0.0,0.0,0.237093473,1376
k1305,0.431627647,0.0,0.0,0.133030104,0.262490952,0.0,0.0628,0.0625,0.0938,0.0,2965
k2172,0.498086402,0.0,0.0,0.101669257,0.184286753,0.0,0.0628,0.0,0.0,0.0,1652
k688,0.672477377,0.0,0.0,0.264758057,0.0,0.0,0.0628,0.0,0.0,0.0,3070
k1421,0.431045207,0.0,0.0333,0.168952217,0.08,0.0,0.0628,0.0625,0.0,0.304127814,641
k436,0.587353399,0.0,0.0,0.0761,0.260680671,0.0,0.0628,0.0,0.0,0.0,1665
k2157,0.536688092,0.0,0.0,0.0856,0.221216514,0.0,0.0628,0.0,0.0,0.32544917,2309
k2561,0.435133355,0.208032203,0.1,0.113424017,0.0,0.0,0.0628,0.0313,0.0938,0.291278144,952
k6,0.520006367,0.0,0.0,0.168209257,0.233979007,0.0,0.0628,0.0,0.0938,0.0,2193
k1859,0.555814081,0.0,0.0,0.068,0.22302681,0.0,0.0628,0.0,0.0,0.194052763,304
k615,0.574985907,0.0,0.0,0.427796427,0.156408411,0.0,0.0628,0.0,0.0,0.0,2625
k3308,0.593284008,0.0,0.0,0.0728,0.104272273,0.0,0.0628,0.0,0.0,0.0,1799
k1939,0.574639109,0.0,0.0,0.0501,0.139391748,0.0,0.0628,0.0,0.0,0.187684785,3328
k2499,0.542850012,0.0,0.0,0.0613,0.130340334,0.0,0.0628,0.0,0.0,0.382874687,2816
k1511,0.566379871,0.0,0.0,0.047,0.0,0.0,0.0628,0.0,0.0,0.229588356,1666
k810,0.347449795,0.805063927,0.133333333,0.140945729,0.0782,0.0,0.0628,0.5625,0.0938,0.486411189,829
k633,0.435133637,0.202487052,0.0667,0.067,0.0782,0.0,0.0628,0.0,0.0313,0.278940186,1617
k383,0.541755057,0.331598289,0.0,0.112040989,0.236422905,0.0,0.0628,0.0625,0.125,0.434102797,2688
k1069,0.360896081,0.0,0.0,0.0864,0.182476472,0.0,0.0628,0.0,0.0,0.325221742,2343
k530,0.512446941,0.711010733,0.6,0.111392658,0.276973213,0.0,0.0628,0.28125,0.15625,0.278371617,1882
k760,0.586051302,0.0,0.0,0.0677,0.130340334,0.0,0.0628,0.0,0.0,0.305947237,1546
k882,0.615773871,0.0,0.0,0.0891,0.207277358,0.0,0.0628,0.0,0.1875,0.0,2243
k3163,0.559710811,0.0,0.0,0.106049437,0.0,0.0,0.0628,0.0,0.0,0.371332727,2366
k2523,0.527465133,0.0,0.0,0.142252027,0.0818,0.0,0.0628,0.0,0.0,0.495053446,293
k443,0.447876472,0.0,0.0,0.0828,0.243664014,0.0,0.0628,0.0313,0.21875,0.28968615,2635
k2826,0.574027676,0.0,0.0,0.0557,0.476466357,0.0,0.0628,0.0,0.0,0.325278599,1864
k2450,0.584905571,0.0,0.0,0.116484617,0.234612624,0.0,0.0628,0.0,0.0,0.0,3432
k2097,0.519721775,0.432316019,0.0,0.134662082,0.0,0.0,0.0628,0.0,0.0,0.443825335,3339
k1662,0.428515148,0.0,0.0,0.163380795,0.0812,0.0,0.290826387,0.0,0.0,0.387195815,543
k1455,0.516128463,0.0,0.2,0.151814769,0.208544548,0.0,0.0628,0.125,0.0,0.708608142,3014
k2185,0.556214159,0.0,0.0,0.13116566,0.286748747,0.0,0.0628,0.0,0.0,0.0,3135
k2447,0.497892189,0.184428722,0.0,0.0956,0.181209282,0.0,0.0628,0.0,0.25,0.380884694,2365
k1672,0.592213849,0.0,0.0,0.098,0.0782,0.0,0.0628,0.0,0.0,0.0,470
k2375,0.558408981,0.0,0.0,0.0696,0.0,0.0,0.0628,0.0,0.0,0.257846259,2755
k974,0.498170811,0.0,0.0,0.0922,0.155141206,0.0,0.0628,0.0,0.0625,0.0,2255
k1051,0.521315851,0.625032423,0.0,0.118820408,0.156408411,0.0,0.0628,0.0,0.125,0.392824653,1516
k3295,0.581968401,0.0,0.0,0.0789,0.215785672,0.0,0.0628,0.0,0.0,0.280759609,1037
k827,0.541447164,0.0,0.0,0.111684233,0.0521,0.0,0.0628,0.0,0.0,0.447066181,3068
k1283,0.498055563,0.625614534,0.0,0.105879124,0.132150615,0.0,0.0628,0.0,0.0,0.331021151,3002
k1275,0.554467784,0.0,0.0,0.145471621,0.104272273,0.0,0.0628,0.0,0.0,0.0,1437
k1986,0.509836515,0.0,0.0,0.0818,0.0,0.0,0.0628,0.0,0.0938,0.303388674,968
k1254,0.542850735,0.0,0.0,0.113676865,0.132616081,0.0,0.0628,0.0,0.0,0.382306118,3058
k783,0.520112103,0.0,0.0667,0.14485171,0.0782,0.0,0.0628,0.0,0.0,0.0,1785
k3349,0.545032531,0.0,0.0,0.318887549,0.0,0.0,0.0628,0.0,0.0,0.250966568,3183
k1373,0.533910947,0.0,0.0,0.0961,0.0,0.0,0.0628,0.0,0.0,0.347452809,2529
k2961,0.576326787,0.271271159,0.0,0.131700575,0.312816823,0.0,0.0628,0.0938,0.28125,0.0,2624
k2253,0.591195572,0.0,0.0,0.333129463,0.0,0.0,0.0628,0.0,0.0,0.0,359
k2866,0.362114439,0.0,0.0,0.179071846,0.126810292,0.0,0.0628,0.0,0.0,0.0,141
k682,0.548432449,0.0,0.0,0.0638,0.0261,0.0,0.0628,0.0,0.0,0.0,247
k393,0.593389045,0.0,0.0,0.238358508,0.0521,0.0,0.0628,0.0,0.0,0.0,314
k2550,0.540459391,0.0,0.0,0.156302159,0.0521,0.416666667,0.0628,0.0,0.0,0.85245622,597
k1170,0.65258537,0.0,0.0,0.0679,0.234612624,0.0,0.0628,0.0,0.0,0.325790312,994
k2981,0.431837237,0.0,0.0333,0.104995641,0.105448957,0.0,0.0628,0.0313,0.0,0.439333637,1337
k471,0.430744495,0.0845,0.0,0.136955426,0.0,0.0,0.0628,0.0625,0.0,0.329997726,2394
k1508,0.555509411,0.0,0.0,0.11046196,0.127805939,0.0,0.0628,0.0,0.1875,0.0,935
k1657,0.565866641,0.0,0.0,0.118693886,0.190947834,0.0,0.0628,0.0,0.0,0.274164203,1601
k1328,0.308122289,0.0,0.0,0.132394308,0.128439536,0.0,0.0628,0.0,0.15625,0.0,1760
k2250,0.445589769,0.0,0.0,0.0964,0.132150615,0.0,0.0628,0.0,0.0,0.235160337,941
k3404,0.542840936,0.272738424,0.0,0.145943413,0.417089082,0.0,0.0628,0.1875,0.5,0.544007278,41
k2547,0.519849976,0.0,0.0,0.151638775,0.104272273,0.0,0.0628,0.0625,0.0,0.491926313,1300
k445,0.574381603,0.0,0.0,0.0479,0.109703114,0.0,0.0628,0.0,0.0,0.245451444,1654
k2387,0.56512672,0.0,0.0,0.0984,0.132150615,0.0,0.0628,0.0,0.0,0.266090516,1658
k3312,0.356437305,0.249119809,0.0,0.245509617,0.0521,0.0,0.0628,0.0,0.0625,0.0,2586
k394,0.42840185,0.0,0.0,0.159971576,0.0782,0.0,0.0628,0.0,0.0313,0.413975438,58
k66,0.677213721,0.0,0.0,0.0469,0.156408411,0.0,0.0628,0.0,0.0,0.0,203
k653,0.651436993,0.0,0.0,0.026,0.221216514,0.0,0.0628,0.0,0.0,0.179383671,2037
k493,0.593360876,0.259418984,0.0,0.0842,0.234612624,0.0,0.0628,0.0,0.28125,0.0,3427
k3367,0.613513398,0.0,0.0,0.0181,0.0,0.0,0.0628,0.0,0.0,0.181601092,385
k3030,0.651043511,0.0,0.0,0.0248,0.250905137,0.0,0.0628,0.0,0.0,0.17716625,3146
k1626,0.505311788,0.0,0.0,0.176806231,0.0558,0.0,0.0628,0.0,0.0,0.0,2315
k1801,0.502258648,0.241991592,0.0,0.198393809,0.208544548,0.0,0.0628,0.125,0.25,0.0,1972
k2464,0.57418857,0.0,0.0,0.245327414,0.0782,0.0,0.0628,0.0,0.0,0.0,2741
k261,0.583699202,0.0,0.0,0.0832,0.295800151,0.0,0.0628,0.0,0.0,0.362747328,394
k863,0.339394956,0.0,0.0,0.0729,0.260680671,0.0,0.0628,0.0,0.0,0.0,3168
k2210,0.549111077,0.0,0.0,0.13719276,0.130340334,0.0,0.0628,0.0,0.0,0.0,2098
k1687,0.350357148,0.0,0.0,0.127104037,0.0,0.0,0.0628,0.0,0.0,0.308960655,418
k315,0.347424308,0.0,0.0,0.0917,0.0279,0.0,0.0628,0.0,0.0313,0.321753468,2849
k100,0.655668509,0.0,0.0,0.0675,0.104272273,0.0,0.0628,0.0,0.0625,0.0,1819
k2103,0.555985206,0.0,0.133333333,0.170218648,0.0521,0.0,0.0628,0.25,0.0,0.0,8
k2644,0.496527018,0.0,0.0,0.143310117,0.0248,0.0,0.596531326,0.0,0.0,0.0,2921
k747,0.540543004,0.0,0.0,0.0969,0.130340334,0.0,0.0628,0.0,0.0,0.31800091,2402
k2529,0.606554379,0.0,0.0,0.129634712,0.104272273,0.0,0.0628,0.0,0.125,0.0,3332
k2058,0.530324134,0.0,0.0,0.197896896,0.104272273,0.0,0.135699561,0.0,0.0625,0.0,2796
k3251,0.522952806,0.627094215,0.0,0.160420354,0.0,0.0,0.0628,0.0,0.0,0.351603366,2269
k819,0.559927174,0.0,0.0,0.0742,0.0,0.0,0.0628,0.0,0.0,0.300034114,163
k877,0.662756978,0.0,0.0,0.0627,0.0,0.0,0.0628,0.0,0.0,0.0,2985
k1018,0.664931313,0.0,0.0,0.0914,0.104272273,0.0,0.0628,0.0,0.125,0.0,1631
k3067,0.586761802,0.0,0.0,0.0742,0.130340334,0.0,0.0628,0.0,0.0,0.0,3000
k2269,0.596862896,0.0,0.0,0.0817,0.109069517,0.0,0.0628,0.0,0.15625,0.312201501,410
k250,0.428477059,0.554682944,0.0,0.207090146,0.105256185,0.0,0.318589226,0.0,0.0,0.5458267,3266
k550,0.504209923,0.0,0.0,0.0675,0.104272273,0.0,0.0628,0.0,0.0,0.294746418,2337
k545,0.559906324,0.0,0.0,0.0696,0.0,0.0,0.0628,0.0,0.0,0.312713214,76
k2955,0.608346904,0.0,0.0,0.0634,0.103005069,0.0,0.0628,0.0,0.0313,0.0,2300
k2144,0.565792608,0.0,0.0,0.118693886,0.190947834,0.0,0.0628,0.0,0.0,0.278030475,1193
k2515,0.586803667,0.0,0.0,0.137564088,0.104272273,0.0,0.0628,0.0,0.0,0.0,0
k2726,0.593369641,0.0,0.0,0.143634656,0.104272273,0.0,0.0628,0.0,0.0,0.0,1333
k109,0.34750606,0.0,0.0,0.046,0.446053619,0.0,0.0628,0.0,0.0,0.184728224,1808
k1279,0.673927798,0.0,0.0,0.142260044,0.160959896,0.0,0.0628,0.0,0.0,0.0,2881
k3188,0.593375514,0.0,0.0,0.195460176,0.0782,0.0,0.0628,0.0,0.0,0.0,1424
k1750,0.54283102,0.736717151,0.0,0.0981,0.208544548,0.0,0.0628,0.0,0.0,0.426881965,2760
k2161,0.593402576,0.0,0.0,0.274453388,0.0261,0.0,0.0628,0.0,0.0,0.0,605
k2070,0.536716911,0.0,0.0,0.124330889,0.129706739,0.0,0.0628,0.0,0.0938,0.59779395,2103
k2584,0.513298306,0.603827309,0.533333333,0.161070276,0.0,0.0,0.0628,0.34375,0.0,0.577268592,3096
k1820,0.548567029,0.0,0.0,0.104164091,0.155774794,0.0,0.0628,0.0,0.0938,0.0,2055
k2605,0.588237625,0.586868335,0.0,0.106518968,0.104272273,0.0,0.0628,0.0,0.0,0.0,1314
k2772,0.572192392,0.0,0.0,0.0864,0.0558,0.0,0.0628,0.0,0.0,0.0,2510
k1060,0.631711466,0.0,0.0,0.563515236,0.0,0.0,0.0628,0.0,0.0,0.0,2998
k1996,0.540099013,0.0,0.0,0.0752,0.0558,0.0,0.0628,0.0,0.0,0.210427564,2466
k1644,0.608345487,0.0,0.0,0.0634,0.103005069,0.0,0.0628,0.0,0.0625,0.0,1070
k1088,0.528429722,0.0,0.0667,0.109050392,0.0,0.0,0.0628,0.0,0.0,0.293552422,1248
k853,0.674152777,0.0,0.0,0.260886438,0.15964343,0.0,0.0628,0.0,0.0,0.0,3026
k3066,0.573961034,0.0,0.0,0.122445042,0.155141206,0.0,0.427399839,0.0,0.0625,0.0,2163
k2138,0.539737815,0.0,0.0,0.134338539,0.208544548,0.0,0.0628,0.0,0.0625,0.0,2326
k2714,0.586036373,0.0,0.0,0.112921224,0.135191125,0.0,0.0628,0.0,0.0,0.0,1570
k2510,0.565791117,0.0,0.0,0.0995,0.0291,0.0,0.0628,0.0,0.0,0.0,1481
k1058,0.512607642,0.590254175,0.0,0.16181249,0.0,0.0,0.0628,0.0,0.0,0.525642484,693
k2779,0.534749766,0.0,0.0,0.128512332,0.0279,0.0,0.0628,0.0,0.0,0.248806004,287
k2673,0.553158898,0.0,0.0,0.0999,0.391021021,0.0,0.0628,0.0,0.0,0.493518308,2827
k2511,0.362125224,0.661707812,0.0333,0.227733587,0.100742219,0.0,0.0628,0.0938,0.0,0.0,1330
k1811,0.563848817,0.0,0.0,0.0996,0.156408411,0.0,0.0628,0.0,0.0,0.0,422
k1615,0.559297275,0.0,0.0,0.0713,0.195148453,0.0,0.0628,0.0,0.0,0.243802593,673
k3259,0.559616098,0.0,0.0,0.0701,0.0279,0.0,0.0628,0.0,0.0,0.228053218,1388
k1403,0.572627958,0.0,0.0,0.151115725,0.0,0.0,0.0628,0.0,0.0,0.423186263,1121
k3213,0.573540135,0.0,0.0,0.0559,0.0558,0.0,0.0628,0.0,0.0,0.208267,2865
k3342,0.445504665,0.0,0.0,0.0911,0.132150615,0.0,0.0628,0.0,0.0,0.242267455,2217
k1073,0.431415715,0.0,0.0,0.169098425,0.0,0.0,0.0628,0.0,0.0,0.277405049,1549
k3018,0.362042785,0.525664707,0.0,0.149312418,0.100742219,0.0,0.0628,0.0,0.0,0.311405504,1794
k61,0.601296016,0.0,0.0,0.18554204,0.104272273,0.0,0.0628,0.0,0.0,0.0,621
k726,0.523478558,0.0,0.0,0.119090485,0.160028973,0.0,0.0628,0.0,0.0,0.288776438,1767
k2147,0.432191669,0.0,0.0,0.0829,0.130340334,0.0,0.0628,0.0,0.0,0.349044803,102
k869,0.504941131,0.0,0.0,0.0827,0.104272273,0.0,0.0628,0.0,0.0,0.290595861,3357
k88,0.361737994,0.0,0.0,0.146736065,0.0486,0.0,0.0628,0.0,0.15625,0.301626109,2664
k1739,0.362089437,0.0,0.0,0.173123087,0.152878347,0.0,0.0628,0.0938,0.0,0.0,2009
k83,0.548329937,0.0,0.0,0.146633399,0.104272273,0.0,0.0628,0.0,0.0,0.0,400
k988,0.482982823,0.0,0.0,0.096,0.260680671,0.0,0.0628,0.0,0.0,0.0,2452
k289,0.562425793,0.0,0.0,0.12079611,0.130340334,0.0,0.0628,0.0,0.0,0.0,1857
k758,0.593323752,0.0,0.0,0.0748,0.260680671,0.0,0.0628,0.0,0.0,0.0,2537
k2687,0.519043055,0.0,0.0,0.0954,0.208544548,0.0,0.0628,0.0,0.0,0.412269729,3053
k1353,0.574966503,0.0,0.0,0.0584,0.156408411,0.0,0.0628,0.0,0.0,0.340686832,2699
k1531,0.350306094,0.00123,0.0,0.273318981,0.0,0.0,0.0628,0.0625,0.0,0.580566295,2945
k2429,0.52346293,0.634817934,0.0667,0.198401651,0.0558,0.0,0.0628,0.5,0.0,0.0,1079
k3239,0.434879295,0.0,0.0667,0.0807,0.0,0.0,0.0628,0.0,0.0625,0.279395042,2711
k2107,0.533966174,0.0,0.0,0.109233782,0.104272273,0.0,0.0628,0.0,0.0,0.0,3131
k2838,0.496532955,0.0,0.0,0.129861797,0.0248,0.0,0.967957336,0.0,0.125,0.0,713
k33,0.500597571,0.0,0.0,0.153940011,0.0,0.0,0.524782648,0.0,0.0,0.542926996,1181
k2736,0.519826525,0.0,0.0,0.116586318,0.10942653,0.0,0.0628,0.0,0.15625,0.501591995,2728
k1537,0.528982244,0.0,0.0667,0.123011904,0.0,0.0,0.0628,0.0,0.0,0.277120764,2425
k1453,0.34744107,0.0,0.0,0.112025205,0.183019563,0.0,0.0628,0.0,0.25,0.508471685,2668
k1098,0.528903999,0.0,0.0,0.142674393,0.158218692,0.0,0.0628,0.0,0.0,0.0,535
k540,0.452268684,0.0,0.0,0.0714,0.21216511,0.0,0.0628,0.0,0.0,0.280816466,3142
k349,0.547967948,0.0,0.0,0.095,0.234612624,0.0,0.0628,0.0,0.0,0.398737776,678
k2631,0.60768453,0.0,0.0,0.0674,0.113047102,0.0,0.0628,0.0,0.0,0.24459859,625
k1172,0.560091772,0.0,0.0,0.21326166,0.0521,0.0,0.0628,0.0,0.0625,0.463611553,237
k2719,0.615351739,0.0,0.0,0.27618792,0.0261,0.0,0.0628,0.0,0.0625,0.0,3402
k1623,0.548656297,0.0,0.0,0.139666367,0.0,0.0,0.0628,0.0,0.0,0.0,436
k1483,0.593383871,0.0,0.0,0.195460176,0.0782,0.0,0.0628,0.0,0.0,0.0,934
k134,0.725655542,0.0,0.0,0.306285714,0.0,0.0,0.0628,0.0,0.0,0.0,2339
k2855,0.350345556,0.0,0.0333,0.0699,0.0279,0.0,0.0628,0.0,0.0313,0.220434387,2086
k404,0.434250041,0.555849411,0.366666667,0.142090156,0.0279,0.0,0.0628,0.25,0.0625,0.507505117,28
k3060,0.555037445,0.0,0.0,0.145471621,0.104272273,0.0,0.0628,0.0,0.0,0.0,929
k1917,0.584904251,0.0,0.0,0.0444,0.0836,0.222222222,0.0628,0.0,0.0,0.202353878,2220
k1666,0.362083096,0.0,0.0,0.113774942,0.152878347,0.0,0.0628,0.0,0.0,0.322776893,1220
k1844,0.430926013,0.0,0.0,0.0957,0.158218692,0.0,0.0628,0.0,0.0,0.327723448,2051
k937,0.593332663,0.0,0.0,0.0812,0.182476472,0.0,0.0628,0.0,0.0,0.0,1297
k1506,0.581767181,0.0,0.0,0.0974,0.182476472,0.0,0.0628,0.0,0.0,0.0,1241
k2623,0.575869507,0.0,0.0,0.100020304,0.109703114,0.0,0.0628,0.0,0.0,0.255685695,114
k73,0.442343978,0.0,0.0,0.183576983,0.0279,0.0,0.326700726,0.0,0.0,0.288833295,2954
k2237,0.431833521,0.429374465,0.0,0.0804,0.0539,0.0,0.0628,0.0,0.0,0.331476006,1614
k120,0.537669749,0.0,0.0,0.263750005,0.0279,0.416666667,0.0628,0.0,0.0,0.397145781,3025
k1124,0.362079178,0.0,0.0,0.0931,0.126176685,0.0,0.0628,0.0,0.15625,0.354161929,3211
k1370,0.542759734,0.0,0.0,0.105507597,0.0782,0.0,0.0628,0.0,0.0,0.425801683,2170
k639,0.435125317,0.200306014,0.0,0.069,0.158218692,0.0,0.0628,0.0,0.0,0.269274505,1757
k2882,0.572509749,0.0,0.0,0.115446139,0.0279,0.0,0.0628,0.0,0.0,0.258187401,427
k156,0.553207266,0.0,0.0,0.132286748,0.0279,0.0,0.0628,0.0,0.0,0.0,1704
k1346,0.621893514,0.0,0.0,0.086,0.208544548,0.0,0.0628,0.0,0.125,0.0,2662
k1267,0.521495139,0.264916146,0.0,0.112325193,0.208544548,0.0,0.0628,0.0,0.125,0.0,3192
k1138,0.529183921,0.0,0.0,0.0849,0.109703114,0.0,0.0628,0.0,0.0,0.397941778,2218
k2221,0.354794881,0.0,0.0,0.107916664,0.0,0.0,0.0628,0.0,0.0,0.328519445,183
k2265,0.347574725,0.0,0.0,0.140740516,0.0,0.0,0.0628,0.0,0.0,0.0,1920
k408,0.557198249,0.0,0.0,0.0683,0.0836,0.222222222,0.0628,0.0,0.0,0.277803048,464
k1701,0.541449426,0.0,0.0,0.0925,0.22302681,0.0,0.0628,0.0,0.0,0.34239254,2201
k2820,0.422785868,0.0,0.266666667,0.236391672,0.0,0.0,0.0628,0.0625,0.0,0.0,841
k3175,0.350255322,0.433797739,0.0,0.119502872,0.180756704,0.0,0.0628,0.0625,0.0313,0.0,942
k3430,0.512446966,0.369755988,0.0,0.107893233,0.276973213,0.0,0.0628,0.0,0.15625,0.276438481,1750
k2243,0.621902833,0.0,0.0,0.0907,0.234612624,0.0,0.0628,0.0,0.125,0.0,1052
k2308,0.585338152,0.0,0.0,0.0589,0.0521,0.0,0.0628,0.0,0.0,0.284682738,2730
k329,0.360989304,0.788703015,0.0,0.140765216,0.107259238,0.0,0.437976158,0.0,0.0625,0.412724585,1562
k300,0.54694955,0.0,0.0,0.148456883,0.0836,0.0,0.0628,0.0,0.0,0.415738003,3431
k657,0.430197398,0.468564997,0.0,0.148365982,0.0,0.0,0.0628,0.0,0.0,0.419376848,2496
k1366,0.36174377,0.0,0.0,0.102892371,0.152878347,0.0,0.0628,0.0,0.0625,0.0,3036
k3317,0.50772822,0.711616045,0.0,0.104672894,0.0539,0.0,0.0628,0.0,0.0313,0.356208779,483
k1128,0.560159904,0.0,0.0,0.143293979,0.104272273,0.0,0.0628,0.0,0.0,0.0,1788
k1902,0.359571899,0.0,0.0,0.129818527,0.0972,0.0,0.0628,0.0,0.0938,0.0,1267
k2273,0.59338341,0.0,0.0,0.0963,0.156408411,0.0,0.0628,0.0,0.0938,0.0,642
k2646,0.528501537,0.0,0.0,0.118423809,0.0,0.0,0.0628,0.0,0.0,0.388503525,49
k2136,0.542821003,0.0,0.0,0.0723,0.0782,0.0,0.0628,0.0,0.0,0.303957244,1878
k2365,0.350319382,0.0,0.0,0.0348,0.111513405,0.0,0.0628,0.0,0.0625,0.183193086,3027
k2057,0.519901927,0.0,0.0,0.134368795,0.0782,0.0,0.0628,0.0,0.0,0.583124858,2395
k3284,0.469650561,0.0,0.0,0.0875,0.344315726,0.0,0.0628,0.0,0.0,0.265635661,66
k926,0.435469126,0.0,0.0,0.0331,0.111513405,0.0,0.0628,0.0,0.0,0.186490789,1020
k651,0.680286819,0.0,0.0,0.101876111,0.104272273,0.0,0.0628,0.0,0.0,0.0,2769
k3058,0.548906173,0.0,0.0,0.134841007,0.08,0.0,0.0628,0.0625,0.0,0.0,2297
k1796,0.57413445,0.0,0.0,0.108111973,0.260680671,0.0,0.0628,0.0,0.0,0.0,869
k3292,0.537107598,0.0,0.0,0.0897,0.0,0.0,0.0628,0.0,0.0313,0.270923357,2934
k2948,0.505290026,0.0,0.0,0.418470416,0.0,0.0,0.0628,0.0,0.0,0.710541278,157
k3133,0.561713657,0.0,0.0,0.0932,0.260680671,0.0,0.0628,0.0,0.125,0.0,2283
k3264,0.441324991,0.0,0.0,0.190510131,0.0521,0.0,0.0628,0.0313,0.0,0.0,2585
k3327,0.350358723,0.0,0.1,0.106876723,0.186097049,0.0,0.0628,0.125,0.0,0.316238344,113
k1420,0.650084771,0.0,0.0,0.0287,0.501810288,0.0,0.0628,0.0,0.0,0.181487378,2262
k139,0.569193298,0.0,0.0,0.0668,0.0558,0.0,0.0628,0.0,0.0,0.325335456,3250
k2086,0.593343471,0.0,0.0,0.0826,0.338884869,0.0,0.0628,0.0,0.0,0.0,907
k1883,0.548513535,0.0,0.0,0.11093107,0.103638676,0.0,0.0628,0.0,0.0938,0.0,2900
k2502,0.532642217,0.0,0.0,0.131687244,0.0815,0.0,0.0628,0.0,0.0,0.478678645,215
k2799,0.692429591,0.0,0.0,0.261102166,0.0521,0.0,0.0628,0.0,0.0,0.0,1415
k2809,0.434546795,0.0,0.0667,0.0709,0.0558,0.0,0.0628,0.0,0.0625,0.242438026,3108
k1083,0.350311062,0.0913,0.0,0.116409775,0.155803192,0.0,0.0628,0.0,0.0,0.46906982,1841
k2456,0.538509824,0.0,0.0,0.0728,0.262490952,0.0,0.0628,0.0,0.0,0.0,3092
k1661,0.527930649,0.0,0.0,0.0931,0.189717596,0.0,0.0628,0.0,0.0,0.372867864,3289
k1688,0.608447854,0.0,0.0,0.12618605,0.131348889,0.0,0.0628,0.0,0.0313,0.0,143
k2897,0.593344146,0.0,0.0,0.0728,0.104272273,0.0,0.0628,0.0,0.0,0.0,1334
k892,0.549099638,0.0,0.0,0.144464269,0.130340334,0.0,0.0628,0.0,0.0,0.0,353
k2396,0.431273094,0.416179051,0.0,0.329055151,0.0,0.0,0.0628,0.0,0.0,0.521435069,60
k2963,0.676265164,0.0,0.0,0.165473095,0.0,0.0,0.0628,0.0,0.0313,0.0,1291
k1087,0.650712962,0.0,0.0,0.0282,0.332729926,0.0,0.0628,0.0,0.0,0.180805094,980
k130,0.536716091,0.0,0.0,0.124330889,0.129706739,0.0,0.0628,0.0,0.0938,0.5875597,782
k581,0.593360589,0.0,0.0,0.0798,0.130340334,0.0,0.0628,0.0,0.0,0.0,568
k1521,0.435133557,0.211113506,0.0,0.0699,0.213975391,0.0,0.0628,0.0,0.0,0.284057312,1483
k721,0.503443255,0.0,0.0,0.0846,0.0,0.0,0.0628,0.0,0.46875,0.388674096,3314
k1618,0.50490179,0.0,0.0,0.0525,0.130340334,0.0,0.0628,0.0,0.0,0.313850353,2685
k423,0.566569172,0.0,0.0,0.123379488,0.111513405,0.0,0.0628,0.0,0.0,0.221514669,3220
k1682,0.592213849,0.0,0.0,0.10877381,0.104272273,0.0,0.0628,0.0,0.0,0.0,1959
k1533,0.559623324,0.0,0.0,0.0525,0.330919645,0.0,0.0628,0.0,0.0,0.191607914,611
k2174,0.347536959,0.0,0.0,0.0993,0.0261,0.0,0.0628,0.0,0.0,0.0,17
k2671,0.447027733,0.0,0.0333,0.118054463,0.132150615,0.0,0.0628,0.0,0.0313,0.535080737,2451
k1237,0.532157181,0.0,0.0,0.118914191,0.0,0.0,0.0628,0.0,0.0,0.303218103,3170
k2334,0.347532516,0.0,0.0,0.14454326,0.0782,0.0,0.0628,0.0313,0.0938,0.405162611,2701
k1189,0.565053846,0.0,0.0,0.129254297,0.08,0.0,0.0628,0.0,0.0,0.282920173,720
k2953,0.574638676,0.0,0.0,0.0613,0.0,0.0,0.0628,0.0,0.0,0.0,129
k46,0.523582561,0.0,0.0667,0.150395254,0.0,0.0,0.0628,0.0,0.0,0.340573118,3191
k960,0.43126958,0.0,0.0,0.0967,0.210354829,0.0,0.0628,0.0,0.0,0.389242665,411
k419,0.542399138,0.0,0.0,0.117277995,0.103005069,0.0,0.0628,0.0,0.1875,0.438992495,2844
k894,0.435125923,0.204277569,0.0667,0.0766,0.182476472,0.0,0.0628,0.0,0.0313,0.272799636,1997
k3326,0.517464408,0.0,0.233333333,0.147913827,0.160028973,0.0,0.0628,0.28125,0.0,0.603309074,2094
k3318,0.347473626,0.385367328,0.0,0.216299476,0.0,0.0,0.0628,0.1875,0.0,0.0,578
k777,0.536713154,0.0,0.0,0.0951,0.238233186,0.0,0.0628,0.0,0.0,0.281783034,3128
k552,0.573756809,0.0,0.0,0.147623222,0.156408411,0.0,0.0628,0.0,0.125,0.0,2955
k942,0.362000819,0.0,0.0,0.064,0.232892827,0.0,0.0628,0.0,0.0,0.308505799,3046
k971,0.542692612,0.0,0.0,0.0978,0.312816823,0.0,0.0628,0.0,0.0,0.426995679,2764
k2433,0.556349437,0.0,0.0,0.0946,0.0521,0.0,0.0628,0.0,0.0,0.356265636,286
k126,0.680959089,0.0,0.0,0.0602,0.208544548,0.0,0.0628,0.0,0.0,0.0,62
k2152,0.347509937,0.548327252,0.0,0.278977523,0.0533,0.0,0.348458367,0.0,0.0625,0.53240846,12
k2659,0.593268453,0.0,0.0,0.0606,0.132150615,0.0,0.0628,0.0,0.0,0.236752331,2374
k1747,0.503076063,0.0,0.0,0.124352262,0.0,0.0,0.0628,0.0,0.21875,0.293552422,1210
k2803,0.65779486,0.0,0.0,0.039,0.580738602,0.0,0.0628,0.0,0.0,0.0,2285
k3049,0.52450179,0.0,0.0,0.104516207,0.0782,0.0,0.0628,0.0,0.15625,0.0,1150
k3385,0.350318453,0.0,0.0333,0.0739,0.130340334,0.0,0.0628,0.0,0.0313,0.297532408,2896
k3419,0.347463932,0.0,0.0,0.106942129,0.111513405,0.0,0.0628,0.0,0.0,0.352911076,2189
k1143,0.36209804,0.0,0.0,0.215736874,0.126810292,0.0,0.0628,0.0,0.0,0.0,663
k2685,0.34579392,0.0,0.0,0.067,0.315170179,0.0,0.0628,0.0,0.125,0.0,1159
k634,0.350305447,0.0,0.0,0.265974591,0.0,0.0,0.0628,0.0625,0.0,0.618433023,2942
k3207,0.517310594,0.0,0.0,0.144054864,0.104272273,0.0,0.0628,0.0,0.0,0.383727542,3208
k2566,0.542521846,0.0,0.0,0.0873,0.238233186,0.0,0.0628,0.0,0.0,0.333409143,2212
k56,0.361818413,0.0577,0.0,0.109686933,0.389844343,0.0,0.0628,0.0,0.125,0.660222879,574
k411,0.517844121,0.667053374,0.0667,0.111860922,0.189717596,0.0,0.0628,0.0625,0.0,0.383613828,2476
k2316,0.543842022,0.0,0.0,0.0677,0.158218692,0.0,0.0628,0.0,0.0,0.400727769,1421
k969,0.559677226,0.0,0.0,0.0481,0.630340372,0.0,0.0628,0.0,0.0,0.192517626,3343
k965,0.359628244,0.0,0.0,0.118340649,0.229362792,0.0,0.0628,0.0,0.15625,0.322890607,1493
k2628,0.515213709,0.711279652,0.3,0.123110627,0.286748747,0.0,0.0628,0.21875,0.0,0.75278599,1331
k649,0.350384654,0.0,0.0,0.0354,0.0836,0.0,0.0628,0.0,0.0,0.177507391,1749
k3348,0.54751902,0.0,0.0,0.0634,0.139391748,0.0,0.0628,0.0,0.0,0.230213782,2378
k2543,0.362115207,0.0,0.0,0.215736874,0.126810292,0.0,0.0628,0.0,0.0,0.0,6
k3014,0.533909287,0.0,0.0,0.077,0.0558,0.0,0.0628,0.0,0.0,0.213497839,3355
k3186,0.564511603,0.0,0.0,0.117636466,0.104272273,0.0,0.0628,0.0,0.0,0.443882192,1698
k2026,0.519911993,0.0,0.0,0.116281466,0.260047083,0.0,0.0628,0.0,0.0938,0.0,2226
k3371,0.362093395,0.0,0.0,0.115948786,0.152878347,0.0,0.0628,0.0,0.0,0.0,2024
k3418,0.556627215,0.0,0.0,0.132286748,0.0521,0.0,0.0628,0.0,0.0,0.0,2134
k2381,0.623196068,0.0,0.0,0.0538,0.262490952,0.0,0.0628,0.0,0.0,0.0,847
k1788,0.522894882,0.6442487,0.0,0.13891549,0.0279,0.0,0.0628,0.0,0.0,0.283204458,1735
k910,0.567430985,0.0,0.0,0.346751386,0.0,0.0,0.0628,0.0,0.0,0.0,1980
k3212,0.542805186,0.0,0.0,0.091,0.130340334,0.0,0.0628,0.0,0.0,0.28968615,3071
k1983,0.591413163,0.0,0.0,0.098,0.0782,0.0,0.0628,0.0,0.0,0.0,1357
k1745,0.533724607,0.0,0.0,0.25678668,0.0,0.0,0.0628,0.0,0.0,0.374232431,217
k2197,0.43085444,0.509010246,0.133333333,0.100820653,0.459359187,0.0,0.0628,0.15625,0.0313,0.304696384,1319
k146,0.573809871,0.0,0.0,0.133623453,0.104272273,0.0,0.0628,0.0,0.0,0.0,3365
k839,0.594320121,0.0,0.0,0.160041776,0.0,0.0,0.0628,0.0,0.0,0.253127132,2546
k1446,0.560641766,0.0,0.0,0.0866,0.104272273,0.0,0.0628,0.0,0.0,0.298157835,1772
k2958,0.624692474,0.0,0.0,0.124132722,0.129706739,0.0,0.0628,0.0,0.0625,0.0,931
k1536,0.548119184,0.0,0.0,0.0404,0.278783493,0.0,0.0628,0.0,0.0,0.18199909,700
k1313,0.347528517,0.0,0.0,0.0928,0.130340334,0.0,0.0628,0.0,0.0,0.0,1072
k2356,0.36209178,0.0,0.0,0.0737,0.283218698,0.0,0.0628,0.0,0.0,0.0,186
k3376,0.615230473,0.0,0.0,0.102138467,0.207910931,0.0,0.0628,0.0,0.125,0.0,2908
k1738,0.555214229,0.0,0.0,0.112900196,0.130340334,0.0,0.0628,0.0,0.0,0.421651126,3271
k1845,0.347205025,0.0,0.0,0.107099756,0.104272273,0.0,0.0628,0.0313,0.0938,0.0,486
k1439,0.441265899,0.0,0.0,0.109750331,0.160028973,0.0,0.0628,0.0313,0.0,0.261257676,2108
k2395,0.57415614,0.658194479,0.0,0.109917492,0.0776,0.0,0.328560545,0.0,0.0625,0.34836252,363
k1056,0.674793917,0.0,0.0,0.0562,0.260680671,0.0,0.0628,0.0,0.0,0.0,2747
k1308,0.435524018,0.0,0.0,0.107182666,0.0782,0.0,0.0628,0.0,0.0,0.318228338,3017
k1638,0.573736007,0.811804228,0.0,0.134361249,0.156408411,0.0,0.0628,0.0,0.0,0.0,2933
k166,0.504941923,0.0,0.0,0.0915,0.182476472,0.0,0.4948911,0.0,0.15625,0.309472368,3152
k704,0.542893517,0.0,0.0,0.275874739,0.0,0.0,0.0628,0.0,0.0,0.473618376,1825
k2332,0.514960489,0.0,0.0,0.13879078,0.104272273,0.0,0.232947925,0.0,0.125,0.0,2675
k3181,0.588723094,0.0,0.0,0.0742,0.104272273,0.0,0.0628,0.0,0.0,0.0,2284
k2720,0.430742355,0.0,0.0,0.0902,0.130340334,0.0,0.0628,0.0,0.0,0.356947919,2898
k2694,0.498141895,0.0,0.0,0.0972,0.184286753,0.0,0.0628,0.0,0.0,0.0,1586
k372,0.566999971,0.0,0.0,0.0736,0.0558,0.222222222,0.0628,0.0,0.0,0.237775756,1852
k807,0.56930332,0.0,0.0,0.122785169,0.104272273,0.0,0.0628,0.0,0.0,0.0,3059
k2521,0.68556762,0.0,0.0,0.175271909,0.104272273,0.0,0.0628,0.0,0.0,0.0,937
k2914,0.51997365,0.0,0.0,0.165366305,0.207910931,0.0,0.0628,0.0,0.0313,0.0,335
k727,0.676485958,0.0,0.0,0.226168181,0.132616081,0.0,0.0628,0.0,0.0,0.0,830
k2093,0.563551999,0.0,0.0,0.0866,0.215785672,0.0,0.0628,0.0,0.0,0.256424835,690
k2245,0.498984519,0.0,0.0,0.205372181,0.104272273,0.0,0.0628,0.0,0.0,0.0,1593
k2865,0.362033495,0.0,0.0,0.115122496,0.126810292,0.0,0.0628,0.0,0.0,0.0,2053
k3086,0.52770208,0.0,0.0,0.12973316,0.106082552,0.0,0.0628,0.0,0.0,0.456618149,2822
k140,0.350360743,0.0,0.1,0.152912873,0.0,0.0,0.0628,0.125,0.0,0.0,970
k2492,0.504609859,0.0,0.0,0.0836,0.208544548,0.0,0.0628,0.0,0.0938,0.315726632,1993
k2422,0.359634303,0.0,0.0,0.120473163,0.2761586,0.0,0.0628,0.0,0.25,0.0,1926
k2142,0.542856394,0.0,0.0,0.0784,0.21216511,0.0,0.0628,0.0,0.0,0.40499204,3376
k3268,0.543995957,0.0,0.0,0.0669,0.278783493,0.0,0.0628,0.0,0.0,0.234819195,1021
k2812,0.574213657,0.0,0.0,0.0854,0.208544548,0.0,0.0628,0.0,0.0,0.292415283,220
k2311,0.542553772,0.0,0.0,0.0627,0.111513405,0.0,0.0628,0.0,0.0,0.216056402,2247
k2824,0.559634395,0.0,0.0,0.0752,0.0558,0.0,0.0628,0.0,0.0,0.215430976,2026
k2725,0.431227654,0.554677416,0.0,0.192935086,0.0,0.0,0.0628,0.0,0.0,0.490561747,908
k204,0.555426015,0.0,0.0,0.081,0.319477873,0.0,0.0628,0.0,0.0,0.0,2690
k577,0.510414989,0.155242707,0.0,0.210639592,0.0,0.0,0.0628,0.0625,0.0313,0.479929497,800
k3229,0.499884057,0.742674053,0.0,0.286010689,0.156408411,0.0,0.0628,0.0,0.0,0.0,1441
k2974,0.586047138,0.0,0.0,0.202725034,0.135191125,0.0,0.0628,0.0,0.0,0.0,1217
k487,0.507134216,0.108993063,0.0,0.139918644,0.0509,0.0,0.0628,0.0,0.0,0.391858085,2393
k115,0.533851023,0.0,0.0,0.0759,0.278783493,0.0,0.0628,0.0,0.0,0.194791904,3093
k2366,0.359881537,0.0,0.0,0.0946,0.130340334,0.0,0.806085865,0.0,0.0,0.0,3235
k1247,0.679818945,0.0,0.0,0.215328156,0.104272273,0.0,0.0628,0.0,0.0,0.0,2646
k667,0.559833713,0.0,0.0,0.108823927,0.260680671,0.0,0.0628,0.0,0.0938,0.512224244,997
k1008,0.43465787,0.805510684,0.0,0.116400817,0.107259238,0.0,0.477121986,0.0,0.0,0.33551285,1118
k1970,0.593328616,0.0,0.0,0.0677,0.0782,0.0,0.0628,0.0,0.0,0.0,2722
k603,0.546670427,0.0,0.0,0.133427028,0.104272273,0.444444444,0.0628,0.0,0.0,0.474186946,1235
k1269,0.503553809,0.0,0.0,0.143107483,0.0782,0.0,0.0628,0.0,0.0,0.0,3043
k2833,0.560046271,0.0,0.0,0.0659,0.137581467,0.0,0.0628,0.0,0.0,0.20343416,676
k116,0.533907671,0.0,0.0,0.0619,0.332729926,0.0,0.0628,0.0,0.0,0.214521264,1378
k966,0.513331527,0.0,0.0,0.104343387,0.0261,0.0,0.0628,0.125,0.0,0.354332499,2312
k1202,0.482628997,0.0,0.0,0.0872,0.260680671,0.0,0.0628,0.0,0.0,0.0,650
k1045,0.38113256,0.165854259,0.0,0.122933413,0.103638676,0.0,0.0628,0.0,0.0313,0.0,2050
k2451,0.573956725,0.757733393,0.0,0.345279476,0.0521,0.0,0.0628,0.0,0.0625,0.0,2719
k3197,0.574228751,0.261365564,0.0,0.194091103,0.260680671,0.0,0.0628,0.0938,0.3125,0.0,2398
k3000,0.452280882,0.0,0.0,0.101424426,0.364952945,0.0,0.0628,0.0,0.0,0.0,2729
k2507,0.563246319,0.0,0.0,0.0881,0.299420727,0.0,0.0628,0.0,0.0,0.257846259,1917
k2203,0.583249527,0.0,0.0,0.127351921,0.184286753,0.0,0.0628,0.0,0.0,0.0,1404
k2129,0.671399055,0.0,0.0,0.0968,0.130340334,0.0,0.0628,0.0,0.0,0.284853309,1261
k3288,0.349920035,0.0,0.0,0.0537,0.0836,0.0,0.0628,0.0,0.0,0.234876052,2019
k171,0.715904235,0.0,0.0,0.384328879,0.0,0.0,0.0628,0.0,0.0,0.0,3202
k786,0.548166009,0.410078321,0.0,0.100594838,0.0279,0.0,0.0628,0.0,0.0313,0.39959063,1225
k203,0.498849459,0.0,0.233333333,0.140840034,0.104272273,0.0,0.0628,0.0313,0.0,0.57283375,446
k551,0.536685878,0.0,0.0,0.117424253,0.163649534,0.0,0.0628,0.0,0.0,0.408915169,477
k536,0.361774629,0.0,0.0,0.0804,0.123280239,0.0,0.0628,0.0,0.0,0.406129179,5
k373,0.548572203,0.0,0.0,0.104164091,0.155774794,0.0,0.0628,0.0,0.0938,0.0,1472
k480,0.510125821,0.0,0.0,0.0582,0.28792541,0.0,0.0628,0.0,0.0,0.315442347,2666
k3166,0.666758002,0.0,0.0,0.118784887,0.132616081,0.0,0.0628,0.0,0.0625,0.0,2703
k3204,0.498142186,0.277771202,0.0,0.193678812,0.312816823,0.0,0.0628,0.3125,0.5625,0.0,1157
k2216,0.548376379,0.0,0.0,0.0465,0.107892833,0.0,0.0628,0.0,0.0,0.0,633
k2682,0.542787899,0.0,0.0,0.0926,0.133960907,0.0,0.0628,0.0,0.0,0.420627701,646
k85,0.445637592,0.0,0.0,0.11033067,0.104272273,0.0,0.0628,0.0,0.0,0.332385718,33
k3431,0.362118357,0.0,0.0,0.127604869,0.152878347,0.0,0.0628,0.0,0.0,0.0,1744
k3324,0.3503956,0.0,0.0,0.0925,0.131517019,0.0,0.0628,0.0625,0.0313,0.371787582,2321
k1040,0.606140075,0.0,0.0,0.0634,0.103638676,0.0,0.0628,0.0,0.0313,0.0,1622
k1873,0.593131563,0.0,0.0,0.0963,0.155774794,0.0,0.0628,0.0,0.0938,0.0,1467
k3301,0.570198092,0.0,0.0,0.0697,0.195148453,0.0,0.0628,0.0,0.0,0.238571753,1431
k3422,0.542845561,0.0,0.0,0.0796,0.130340334,0.0,0.0628,0.0,0.0,0.392426655,3129
k49,0.435566226,0.0,0.0,0.032,0.0,0.0,0.0628,0.0,0.0,0.225835797,1154
k864,0.519964546,0.0,0.0,0.171757638,0.233979007,0.0,0.0628,0.0,0.0938,0.0,2355
k318,0.522575311,0.0815,0.0,0.0788,0.286143527,0.0,0.0628,0.0,0.0,0.231464635,1068
k905,0.594671806,0.0,0.0,0.063,0.22302681,0.0,0.0628,0.0,0.0,0.180293382,1368
k2915,0.57421705,0.0,0.0,0.153679888,0.104272273,0.0,0.0628,0.0,0.0,0.0,1597
k3055,0.347386906,0.635791972,0.3,0.0998,0.585445344,0.0,0.0628,0.34375,0.0,0.199567887,2647
k897,0.503964769,0.0,0.0,0.0902,0.158218692,0.0,0.0628,0.0,0.0,0.409483739,857
k1223,0.689116295,0.0,0.0,0.175271909,0.104272273,0.0,0.0628,0.0,0.0,0.0,781
k101,0.549110762,0.0,0.0,0.0941,0.156408411,0.0,0.0628,0.0,0.0,0.0,3389
k3383,0.534507379,0.0,0.0,0.135929233,0.08,0.0,0.0628,0.0,0.0,0.505685695,86
k1852,0.521156355,0.0,0.0,0.110714142,0.132150615,0.0,0.0628,0.0,0.0,0.473447805,1520
k618,0.675944919,0.0,0.0,0.0453,0.130340334,0.0,0.0628,0.0,0.0,0.0,2693
k2852,0.504121014,0.0,0.0,0.0516,0.160028973,0.0,0.0628,0.0,0.0,0.234364339,562
k968,0.604813662,0.0,0.0,0.0958,0.101737878,0.0,0.0628,0.0,0.0,0.0,2762
k631,0.548573217,0.0,0.0,0.15255877,0.208544548,0.0,0.0628,0.0,0.0,0.0,1846
k1376,0.592815818,0.0,0.0,0.0789,0.243664014,0.0,0.0628,0.0,0.0,0.296110985,3225
k2264,0.532240984,0.0,0.0,0.239626184,0.0,0.0,0.0628,0.0,0.0,0.0,680
k2283,0.519936644,0.0,0.0667,0.134516544,0.0782,0.0,0.0628,0.0,0.0,0.407323175,208
k2979,0.59332019,0.539201634,0.0,0.104158531,0.129073143,0.0,0.0628,0.0,0.1875,0.0,1394
k1881,0.362086044,0.0,0.0,0.0749,0.517831322,0.0,0.0628,0.0,0.0,0.0,321
k3310,0.347519752,0.0,0.0,0.11223372,0.103005069,0.0,0.0628,0.0,0.0625,0.0,2950
k1139,0.549584291,0.0,0.0,0.0979,0.260680671,0.0,0.0628,0.0,0.0,0.0,331
k677,0.361801166,0.483163103,0.0,0.112828706,0.149348298,0.0,0.0628,0.0,0.0,0.315499204,1576
k645,0.572639994,0.793131477,0.0,0.148105983,0.08,0.0,0.0628,0.0,0.0,0.30589038,1913
k2983,0.575356039,0.799893733,0.0,0.194091103,0.260680671,0.0,0.0628,0.0938,0.3125,0.0,3031
k2971,0.542396993,0.0,0.0,0.117277995,0.102371473,0.0,0.0628,0.0,0.21875,0.438992495,191
k696,0.573972857,0.784661857,0.0,0.118913966,0.208544548,0.0,0.0628,0.0,0.0,0.0,1084
k1807,0.362031395,0.412405567,0.0,0.0954,0.152878347,0.0,0.0628,0.0,0.0,0.313907209,2460
k1711,0.651806568,0.0,0.0,0.0242,0.165459815,0.0,0.0628,0.0,0.0,0.178815101,2252
k357,0.519974131,0.0,0.0667,0.179261146,0.0782,0.0,0.0628,0.0,0.0,0.41784171,3352
k1600,0.540896859,0.0,0.0,0.0901,0.22302681,0.0,0.0628,0.0,0.0,0.333295429,903
k2342,0.361908404,0.55855841,0.0,0.156139322,0.101285308,0.0,0.40958591,0.0,0.15625,0.543438708,1752
k1627,0.519984604,0.0,0.0,0.116281466,0.260047083,0.0,0.0628,0.0,0.0938,0.0,1787
k2756,0.503143524,0.0,0.0,0.133293255,0.0,0.0,0.0628,0.0,0.21875,0.292187855,1700
k1909,0.542639768,0.0,0.0,0.137346265,0.215785672,0.0,0.0628,0.0,0.0,0.492949738,2224
k2301,0.435467349,0.214018695,0.0667,0.0744,0.132150615,0.0,0.0628,0.0,0.0313,0.290027291,802
k348,0.347811578,0.159283027,0.0,0.055,0.0279,0.0,0.0628,0.0,0.0,0.222026382,2413
k1451,0.667253706,0.0,0.0,0.0155,0.0521,0.0,0.0628,0.0,0.0,0.0,804
k2000,0.654226126,0.0,0.0,0.0615,0.208544548,0.0,0.0628,0.0,0.0,0.0,1667
k1173,0.560041384,0.0,0.0,0.0605,0.137581467,0.0,0.0628,0.0,0.0,0.211280418,2571
k2954,0.574145836,0.0,0.0,0.107318725,0.156408411,0.0,0.0628,0.0,0.0,0.0,471
k613,0.350229472,0.0,0.0,0.0986,0.0,0.0,0.0628,0.0,0.0625,0.268535365,2852
k2505,0.61520062,0.0,0.0,0.141679306,0.129706739,0.0,0.0628,0.0,0.0938,0.0,2831
k2096,0.519770192,0.0,0.0,0.118140921,0.132150615,0.0,0.0628,0.0313,0.0,0.294064135,1830
k1815,0.518446983,0.0,0.0,0.110486611,0.260680671,0.0,0.0628,0.0,0.0,0.514100523,570
k1892,0.498120302,0.45862852,0.0,0.111581587,0.132150615,0.0,0.0628,0.0,0.0,0.0,83
k3330,0.498103184,0.0,0.0,0.0899,0.130340334,0.0,0.0628,0.0,0.0,0.0,305
k1134,0.510282284,0.0,0.0,0.102528885,0.18790733,0.0,0.0628,0.0,0.125,0.418523994,3057
k1020,0.67851478,0.0,0.0,0.215328156,0.104272273,0.0,0.0628,0.0,0.0,0.0,1470
k515,0.361791431,0.492393873,0.0,0.127795534,0.177226655,0.0,0.0628,0.0,0.0,0.340231976,2438
k766,0.565288842,0.0,0.0,0.112219719,0.104272273,0.0,0.0628,0.0,0.0,0.434330225,1565
k825,0.573660169,0.0,0.0,0.198032309,0.0782,0.0,0.0628,0.0,0.0,0.0,502
k2473,0.594671665,0.0,0.0,0.0585,0.278783493,0.0,0.0628,0.0,0.0,0.180861951,3323
k3280,0.591395803,0.0,0.0,0.0786,0.0782,0.0,0.0628,0.0,0.0,0.288264726,2008
k1322,0.679596252,0.0,0.0,0.0618,0.364952945,0.0,0.0628,0.0,0.0,0.0,2288
k2575,0.593283838,0.0,0.0,0.0963,0.155774794,0.0,0.0628,0.0,0.0938,0.0,2280
k390,0.430473229,0.0,0.0333,0.130881085,0.158218692,0.0,0.0628,0.0625,0.0,0.399249488,2139
k1043,0.582143618,0.0,0.0333,0.0868,0.260680671,0.0,0.0628,0.0,0.0,0.0,1197
k585,0.5623951,0.0,0.0,0.0613,0.557566987,0.0,0.0628,0.0,0.0,0.19877189,2176
k1877,0.511972592,0.0,0.0,0.100350602,0.111513405,0.0,0.0628,0.0,0.1875,0.414089152,2870
k2863,0.625662746,0.0,0.0,0.0181,0.0279,0.0,0.0628,0.0,0.0,0.176085968,2776
k2498,0.549130287,0.0,0.0,0.12435591,0.0261,0.0,0.0628,0.0,0.0,0.0,1187
k2532,0.587143078,0.0,0.0,0.108759437,0.239463394,0.0,0.0628,0.0,0.0,0.0,2410
k3032,0.547821812,0.0,0.0,0.056,0.0,0.0,0.0628,0.0,0.0,0.230611781,2216
k1702,0.528972421,0.0,0.0667,0.0989,0.0558,0.0,0.0628,0.0,0.0,0.22111667,1455
k543,0.542048725,0.0,0.0,0.0915,0.237653114,0.0,0.0628,0.0,0.0,0.333579713,1938
k218,0.499790047,0.482176513,0.0,0.138747809,0.0782,0.0,0.0628,0.0313,0.0938,0.45695929,1513
k1677,0.435198384,0.0,0.0,0.0333,0.22302681,0.0,0.0628,0.0,0.125,0.192005913,3117
k2679,0.653659426,0.0,0.0,0.0114,0.0558,0.0,0.0628,0.0,0.0,0.161871731,1458
k1478,0.441015716,0.0,0.0,0.139833502,0.0782,0.0,0.0628,0.0313,0.0,0.319990903,2484
k2557,0.574007306,0.0,0.0,0.0854,0.208544548,0.0,0.0628,0.0,0.0,0.347566523,629
k510,0.674167079,0.0,0.0,0.249194493,0.0,0.0,0.0628,0.0,0.125,0.0,463
k273,0.551239039,0.0,0.0,0.0938,0.249094856,0.0,0.0628,0.0,0.0,0.332442574,894
k2662,0.36210111,0.448280654,0.0,0.13804191,0.152878347,0.0,0.0628,0.0,0.0,0.0,2552
k2122,0.362035232,0.37979764,0.0,0.115948786,0.152878347,0.0,0.0628,0.0,0.0,0.0,796
k1818,0.565338628,0.0,0.0,0.114372335,0.104272273,0.0,0.0628,0.0,0.0,0.430805094,2918
k1290,0.498141124,0.0,0.0,0.0949,0.155774794,0.0,0.0628,0.0,0.0938,0.0,2861
k620,0.515287019,0.595967601,0.0,0.119575778,0.276973213,0.0,0.0628,0.0,0.0,0.393393223,1547
k2383,0.434731544,0.0,0.0,0.0682,0.130340334,0.0,0.0628,0.0,0.0,0.361496475,2131
k288,0.691459057,0.0,0.0,0.214580478,0.130340334,0.0,0.0628,0.0,0.0,0.0,2056
k3205,0.588405931,0.0,0.0,0.0721,0.286748747,0.0,0.0628,0.0,0.0,0.0,1340
k1794,0.54279878,0.0,0.0,0.0796,0.132150615,0.0,0.0628,0.0,0.0,0.411928588,56
k1334,0.511008941,0.0,0.0,0.101800302,0.433381609,0.0,0.0628,0.0,0.0313,0.209404139,2581
k2454,0.621953944,0.0,0.0,0.0637,0.288559027,0.0,0.0628,0.0,0.0,0.308164658,2185
k3421,0.431956108,0.0,0.0,0.101147228,0.0,0.0,0.0628,0.0,0.0,0.293154423,3188
k2094,0.4308462,0.0664,0.0333,0.119455187,0.186097049,0.0,0.0628,0.0938,0.0,0.324084603,2192
k925,0.525119891,0.0,0.0,0.244676064,0.0,0.0,0.0628,0.75,0.0,0.54918126,312
k418,0.51875921,0.0,0.0,0.167770483,0.160028973,0.0,0.418593708,0.0,0.0938,0.0,111
k1108,0.509692448,0.388324085,0.0,0.15014588,0.132150615,0.0,0.0628,0.0625,0.0,0.438253355,1969
k2598,0.61533135,0.0,0.0,0.0444,0.22302681,0.0,0.0628,0.0,0.0,0.222310666,1272
k397,0.347454157,0.0,0.0,0.108383762,0.155774794,0.0,0.0628,0.0,0.0938,0.0,2826
k2370,0.559444949,0.0,0.0,0.0689,0.334540207,0.0,0.0628,0.0,0.0,0.231123493,1603
k1476,0.51971549,0.0,0.133333333,0.156465971,0.0539,0.0,0.0628,0.25,0.0,0.592904253,160
k3272,0.548914623,0.0,0.0,0.0732,0.330919645,0.0,0.0628,0.0,0.0,0.194166477,726
k646,0.532866861,0.0,0.0,0.0977,0.266111528,0.0,0.0628,0.0,0.0,0.44467819,667
k1250,0.556246541,0.0,0.0,0.13116566,0.286748747,0.0,0.0628,0.0,0.0,0.0,3060
k2637,0.361978038,0.551878513,0.0,0.195860102,0.462165106,0.0,0.0628,0.1875,0.5625,0.0,3267
k617,0.573516902,0.0,0.0,0.0428,0.278783493,0.0,0.0628,0.0,0.0,0.184500796,528
k29,0.435518605,0.0,0.0,0.0398,0.0521,0.0,0.0628,0.0,0.0,0.0,3185
k2564,0.65118772,0.0,0.0,0.0412,0.0521,0.0,0.0628,0.0,0.0,0.0,2591
k1104,0.536649453,0.0,0.0,0.145912657,0.0,0.0,0.0628,0.0,0.0,0.309529224,2996
k1886,0.508475747,0.0,0.0,0.066,0.278783493,0.0,0.0628,0.0,0.0,0.193654765,1275
k2238,0.542560198,0.0,0.0,0.107366485,0.156408411,0.0,0.0628,0.0,0.0,0.480384353,1140
k2747,0.360805565,0.0,0.0667,0.133955637,0.130340334,0.0,0.0628,0.0625,0.0625,0.404196043,1103
k163,0.541759969,0.0,0.0,0.107924806,0.157585089,0.0,0.0628,0.0625,0.0,0.0,1961
k231,0.531242596,0.132113036,0.0,0.204971138,0.0,0.0,0.0628,0.0625,0.0313,0.0,1953
k2089,0.555918638,0.668474826,0.0,0.140412825,0.182476472,0.0,0.0628,0.0938,0.25,0.0,973
k3415,0.520982895,0.0,0.0,0.0915,0.158761782,0.0,0.0628,0.0,0.0625,0.383784398,717
k76,0.61310752,0.0,0.0,0.0657,0.266111528,0.0,0.0628,0.0,0.0,0.329088015,2040
k1321,0.498113007,0.453664598,0.0,0.0898,0.132150615,0.0,0.0628,0.0,0.0,0.0,310
k1348,0.498096588,0.0,0.0,0.0975,0.314627103,0.0,0.0628,0.0,0.0,0.0,3259
k994,0.356439405,0.0,0.0,0.139603614,0.104272273,0.0,0.0628,0.0,0.0,0.0,3212
k676,0.555986313,0.62231776,0.0,0.150995529,0.0782,0.0,0.0628,0.0,0.0,0.0,2797
k2143,0.589993508,0.0,0.0,0.0512,0.22302681,0.0,0.0628,0.0,0.0,0.192517626,1653
k1429,0.430962527,0.0,0.0333,0.147050575,0.235789288,0.0,0.0628,0.0625,0.0,0.0,862
k3271,0.502399463,0.0,0.0,0.0932,0.263667644,0.0,0.0628,0.0,0.125,0.426654537,622
k1567,0.431299308,0.0,0.0,0.248970352,0.0,0.0,0.0628,0.0938,0.0,0.682681374,2064
k1932,0.574160377,0.0,0.0,0.146858493,0.318844285,0.0,0.527068208,0.0,0.0938,0.0,1012
k136,0.558659915,0.0,0.0,0.248674871,0.0521,0.0,0.0628,0.0,0.0,0.492210598,1112
k1352,0.346855116,0.0,0.0,0.184164002,0.0,0.0,0.0628,0.0,0.0,0.0,3159
k172,0.535387707,0.0,0.0,0.184520612,0.0521,0.0,0.0628,0.0,0.0,0.0,3101
k1680,0.621390782,0.0,0.0,0.0583,0.347936288,0.0,0.0628,0.0,0.0625,0.206106436,1886
k35,0.661055744,0.0,0.0,0.0667,0.322518392,0.0,0.0628,0.0,0.0,0.0,1316
k1961,0.361986359,0.515447392,0.0,0.197763644,0.361422896,0.0,0.0628,0.3125,0.5625,0.0,2194
k282,0.542460888,0.0,0.0,0.0842,0.266111528,0.0,0.0628,0.0,0.0,0.282522174,2838
k3140,0.565602778,0.0,0.0,0.0603,0.08,0.0,0.0628,0.0,0.0,0.281385035,3334
k2516,0.52191698,0.0,0.0,0.083,0.495293266,0.0,0.0628,0.0,0.1875,0.0,1164
k1224,0.53246192,0.0,0.0,0.145607206,0.0818,0.0,0.0628,0.0,0.0,0.495565158,1957
k855,0.504904295,0.0,0.0,0.0721,0.208544548,0.0,0.0628,0.0,0.28125,0.348533091,643
k2008,0.547982294,0.0,0.0,0.072,0.132150615,0.0,0.0628,0.0,0.0,0.244712304,880
k1163,0.516138189,0.0,0.0,0.0941,0.211531492,0.25,0.0628,0.0,0.1875,0.359790766,2236
k1604,0.54281036,0.0,0.0,0.0796,0.104272273,0.0,0.0628,0.0,0.0,0.413691153,1273
k1463,0.543459183,0.0,0.0,0.083,0.355177411,0.0,0.0628,0.0,0.0,0.22447123,3370
k598,0.621346388,0.0,0.0,0.0377,0.437002171,0.0,0.0628,0.0,0.0,0.18535365,2439
k987,0.516024194,0.0,0.0,0.0321,0.167270096,0.0,0.0628,0.0,0.0938,0.195133045,16
k2554,0.660070233,0.0,0.0,0.0189,0.08,0.0,0.0628,0.0,0.0,0.191096202,3321
k3158,0.498054505,0.0,0.0,0.203939485,0.107892833,0.0,0.0628,0.125,0.0,0.0,239
k2015,0.57405666,0.0,0.0,0.103223119,0.264301232,0.0,0.0628,0.0,0.0,0.0,3005
k211,0.517808803,0.647457496,0.233333333,0.18757382,0.0,0.0,0.0628,0.15625,0.0,0.551114396,647
k1708,0.570244195,0.0,0.0,0.600028913,0.0,0.0,0.0628,0.0,0.0,0.0,1137
k686,0.510106708,0.0,0.0,0.087,0.206387953,0.0,0.0628,0.0,0.0938,0.319422333,1982
k381,0.350267157,0.578557633,0.0333,0.111869239,0.390296906,0.0,0.0628,0.8125,0.0313,0.296850125,660
k884,0.347386865,0.620936366,0.333333333,0.0987,0.585445344,0.0,0.0628,0.25,0.0,0.199738458,1873
k664,0.608495233,0.0,0.0,0.0695,0.129073143,0.0,0.0628,0.0,0.0313,0.0,565
k1384,0.516006959,0.0,0.0,0.0323,0.250905137,0.0,0.0628,0.0,0.0938,0.19263134,1539
k3079,0.504973149,0.0,0.0,0.0595,0.417089082,0.0,0.0628,0.0,0.0,0.28707073,3383
k2002,0.549108597,0.0,0.0,0.105151061,0.0,0.0,0.0628,0.0,0.0,0.0,546
k316,0.420358564,0.553946808,0.0,0.118797894,0.215785672,0.0,0.0628,0.0,0.0625,0.314873778,2045
k3209,0.514725276,0.818372628,0.6,0.114267557,0.276973213,0.0,0.0628,0.4375,0.0,0.321753468,1556
k1253,0.498124418,0.0,0.0,0.155573251,0.106082552,0.0,0.0628,0.0,0.0,0.299636116,1041
k2944,0.362084954,0.0,0.0,0.126750555,0.257150622,0.0,0.0628,0.0,0.0,0.0,3214
k2929,0.499567617,0.0,0.0,0.121736091,0.26553147,0.0,0.393631801,0.0,0.0,0.0,3156
k607,0.498983533,0.0,0.0,0.102792162,0.130340334,0.0,0.0628,0.0,0.0,0.0,1746
k2439,0.356432943,0.259376864,0.0,0.240176375,0.0521,0.0,0.0628,0.0,0.0,0.553502388,582
k2211,0.564896393,0.0,0.0,0.0911,0.321288154,0.0,0.0628,0.0,0.0,0.262906527,1356
k15,0.347508685,0.55156054,0.0,0.156902784,0.0515,0.0,0.289974904,0.0,0.0625,0.557425517,1923
k778,0.59338755,0.0,0.0,0.238358508,0.0521,0.0,0.0628,0.0,0.0,0.0,763
k307,0.510095297,0.0,0.0,0.0653,0.261223761,0.0,0.0628,0.0,0.0938,0.321241756,2919
k2006,0.593389913,0.0,0.0,0.238358508,0.0521,0.0,0.0628,0.0,0.0,0.0,300
k1103,0.674457665,0.0,0.0,0.179206115,0.0782,0.0,0.0628,0.0,0.0625,0.0,3145
k749,0.359633616,0.0,0.0,0.133002055,0.309920362,0.0,0.0628,0.15625,0.1875,0.477939504,3035
k2193,0.565096313,0.0,0.0,0.0926,0.160028973,0.0,0.0628,0.0,0.0,0.240846031,1226
k506,0.535880281,0.0,0.0,0.145038432,0.159448915,0.0,0.0628,0.0,0.0,0.75278599,1694
k2859,0.529298878,0.0,0.0,0.122496826,0.107616249,0.0,0.0628,0.0,0.0,0.351091653,389
k354,0.518703284,0.0,0.0,0.152105973,0.215785672,0.0,0.432172627,0.0,0.0938,0.415624289,3251
k371,0.564705553,0.0,0.0,0.101684575,0.338884869,0.0,0.0628,0.0,0.0313,0.368148738,915
k591,0.627863052,0.0,0.0,0.0154,0.0279,0.0,0.0628,0.0,0.0,0.168978849,2161
k3157,0.549614989,0.0,0.0,0.249233933,0.0,0.0,0.0628,0.0,0.0,0.478223789,216
k2373,0.54338532,0.0,0.0333,0.196835133,0.156408411,0.0,0.0628,0.0313,0.0938,0.0,1523
k685,0.679994743,0.0,0.0,0.208723936,0.130340334,0.0,0.0628,0.0,0.0,0.0,1996
k2317,0.605861982,0.0,0.0,0.166695414,0.156408411,0.0,0.0628,0.0,0.0,0.0,2449
k1225,0.623743485,0.0,0.0,0.0836,0.286748747,0.0,0.0628,0.0,0.1875,0.0,1374
k2344,0.542758264,0.0,0.0,0.0836,0.104272273,0.0,0.0628,0.0,0.0,0.387991813,730
k2345,0.538021677,0.767519698,0.0,0.109340622,0.329109365,0.0,0.0628,0.0938,0.0,0.25801683,1092
k3043,0.492544937,0.0,0.0,0.207553421,0.107892833,0.0,0.0628,0.0,0.0,0.0,2820
k1129,0.540550517,0.0,0.0,0.108060094,0.08,0.0,0.0628,0.0313,0.0,0.337161701,3001
k809,0.350306861,0.085,0.0,0.169538466,0.0526,0.0,0.0628,0.0,0.0,0.453093018,91
k244,0.575922088,0.0,0.0,0.0889,0.0836,0.0,0.0628,0.0,0.15625,0.293381851,1282
k1652,0.347507271,0.194412938,0.0,0.0898,0.132150615,0.0,0.0628,0.0,0.0,0.272799636,2279
k2918,0.559478655,0.0,0.0,0.0869,0.234612624,0.0,0.0628,0.0,0.0313,0.331362292,1056
k3099,0.548570834,0.0,0.0,0.106176705,0.234612624,0.0,0.0628,0.0,0.0,0.0,2706
k3256,0.543758267,0.0,0.0,0.0814,0.250905137,0.25,0.0628,0.0,0.0,0.282863316,1671
k2842,0.3619328,0.0,0.0,0.055,0.231082561,0.0,0.0628,0.0,0.0,0.295201274,1387
k836,0.447082261,0.0,0.0,0.111565478,0.15939537,0.0,0.0628,0.0,0.0313,0.0,2621
k3320,0.504989136,0.0,0.0,0.0697,0.234612624,0.0,0.0628,0.0,0.25,0.280873323,494
k489,0.58604261,0.0,0.0,0.0989,0.213395318,0.0,0.0628,0.0,0.1875,0.0,1024
k3417,0.548765886,0.636307018,0.133333333,0.188872443,0.0552,0.0,0.0628,0.0625,0.0,0.0,2200
k2052,0.57636011,0.24690372,0.0,0.140392868,0.260680671,0.0,0.0628,0.0,0.28125,0.0,3287
k1633,0.520031139,0.0,0.0667,0.123503753,0.208544548,0.0,0.0628,0.0,0.0,0.440470776,1418
k2900,0.51832858,0.0,0.0,0.250892127,0.0,0.0,0.0628,0.0,0.0,0.0,168
k2215,0.541351368,0.0,0.0,0.0942,0.209721212,0.0,0.0628,0.0,0.0938,0.44467819,1596
k1887,0.541294001,0.646634877,0.0,0.0861,0.0818,0.0,0.0628,0.0,0.0,0.273254492,3047
k2067,0.346981904,0.283546573,0.0,0.112994771,0.126810292,0.0,0.0628,0.0313,0.0938,0.0,810
k2621,0.362097071,0.0,0.0,0.172760942,0.152878347,0.0,0.0628,0.0,0.0,0.0,461
k771,0.657072828,0.0,0.0,0.0453,0.104272273,0.0,0.0628,0.0,0.0,0.0,361
k68,0.587345619,0.0,0.0,0.0794,0.264301232,0.0,0.0628,0.0,0.0,0.0,480
k970,0.606690549,0.0,0.0,0.0405,0.104272273,0.0,0.0628,0.0,0.0,0.257732545,580
k516,0.520142873,0.0,0.0667,0.157546001,0.104272273,0.0,0.0628,0.0,0.0,0.0,2307
k880,0.361911837,0.56402546,0.0,0.156139322,0.0982,0.0,0.388903827,0.0,0.15625,0.562258358,2931
k2072,0.54271488,0.502199526,0.0,0.0635,0.0836,0.0,0.0628,0.0,0.0,0.21628383,1592
k2539,0.574027845,0.0,0.0,0.100825122,0.29398987,0.0,0.0628,0.0,0.0,0.372185581,1240
k2442,0.548133608,0.0,0.0,0.0515,0.0558,0.0,0.0628,0.0,0.0,0.189163066,2274
k3170,0.557207902,0.0,0.0,0.23193313,0.0,0.0,0.0628,0.0,0.0,0.0,2783
k1286,0.556060657,0.334170461,0.0,0.158858555,0.104272273,0.0,0.0628,0.0,0.0,0.0,919
k764,0.445589527,0.0,0.0,0.0911,0.160028973,0.0,0.0628,0.0,0.0,0.219410962,3194
k1176,0.541477376,0.0,0.0,0.132079103,0.0279,0.0,0.0628,0.0,0.0,0.384239254,51
k555,0.347520358,0.829956948,0.1,0.213285648,0.0237,0.0,0.0628,0.28125,0.0313,0.761143962,340
k1113,0.362071665,0.20105289,0.0,0.0864,0.126810292,0.0,0.0628,0.0,0.0,0.289970434,3091
k2254,0.318361156,0.0,0.0,0.1066237,0.130340334,0.0,0.476808282,0.0313,0.0938,0.0,2406
k1951,0.593405007,0.0,0.0,0.515218077,0.0,0.0,0.0628,0.0,0.0,0.0,2695
k1756,0.350297894,0.0,0.0,0.107335229,0.157585089,0.0,0.0628,0.0313,0.0313,0.0,2590
k2874,0.512440438,0.56787428,0.0,0.176188701,0.0,0.0,0.0628,0.0,0.0625,0.445303616,1551
k1797,0.499724706,0.0,0.0,0.0695,0.243664014,0.0,0.0628,0.0,0.0313,0.215487833,2538
k1510,0.532796011,0.0,0.0,0.131687244,0.0815,0.0,0.0628,0.0,0.0,0.484648624,3377
k1204,0.516174352,0.0,0.0,0.0857,0.211531492,0.25,0.0628,0.0313,0.1875,0.356834205,1309
k332,0.509686576,0.0,0.0,0.141931112,0.132150615,0.0,0.0628,0.0625,0.0,0.328348874,592
k3352,0.362083904,0.0,0.0,0.131305662,0.178946423,0.0,0.0628,0.0,0.0625,0.0,152
k1401,0.547717712,0.0,0.0,0.0576,0.0818,0.0,0.0628,0.0,0.0,0.362065044,2384
k2328,0.551613861,0.0,0.0,0.0854,0.364952945,0.0,0.0628,0.0,0.0,0.0,3361
k1006,0.547628993,0.578465418,0.0,0.0989,0.0279,0.0,0.0628,0.0,0.0,0.290880146,2433
k2313,0.494456649,0.0,0.0,0.176582152,0.104272273,0.0,0.0628,0.0,0.0,0.0,244
k1222,0.559565686,0.0,0.0,0.0591,0.362418564,0.0,0.0628,0.0,0.0,0.253923129,2964
k3153,0.557790904,0.0,0.0,0.099,0.0279,0.0,0.0628,0.0,0.0,0.326529452,3161
k1833,0.362084267,0.0,0.0,0.142590117,0.152878347,0.0,0.0628,0.0,0.0313,0.0,996
k2970,0.548407916,0.0,0.0,0.0674,0.156408411,0.0,0.0628,0.0,0.0,0.0,1712
k1556,0.350327945,0.0,0.0,0.0357,0.0,0.0,0.0628,0.0,0.0,0.192290198,2018
k3046,0.521086131,0.332220912,0.0,0.0816,0.407313533,0.0,0.0628,0.0,0.0,0.402717762,1480
k729,0.556884551,0.0,0.0,0.15973824,0.102371473,0.0,0.0628,0.0,0.1875,0.0,1129
k27,0.574126913,0.0,0.0,0.120679667,0.26553147,0.0,0.0628,0.0,0.0,0.0,889
k922,0.447824731,0.225606391,0.0,0.10317017,0.235789288,0.0,0.0628,0.0,0.0938,0.438935638,92
k45,0.347511714,0.680192417,0.0333,0.0892,0.264301232,0.0,0.0628,0.0,0.0625,0.326529452,1372
k985,0.51009886,0.0,0.0,0.087,0.203688267,0.0,0.0628,0.0,0.0938,0.31930862,1384
k1590,0.362087135,0.0,0.0,0.081,0.285028978,0.0,0.0628,0.0,0.0,0.0,2122
k1972,0.58622103,0.0,0.0,0.0916,0.103005069,0.0,0.0628,0.0,0.0313,0.0,1743
k1400,0.533447503,0.0,0.0,0.111722435,0.0,0.0,0.0628,0.0,0.0,0.41914942,1608
k1648,0.511257613,0.0,0.133333333,0.151757205,0.104272273,0.0,0.0628,0.0,0.0,0.0,443
k2683,0.5710379,0.0,0.0,0.11726593,0.0,0.0,0.0628,0.0,0.0,0.195474187,1313
k2754,0.685979133,0.0,0.0,0.222061385,0.0782,0.0,0.0628,0.0,0.0,0.0,1243
k2600,0.350359814,0.0719,0.0,0.0439,0.0279,0.0,0.0628,0.0,0.0313,0.2209461,151
k901,0.555919433,0.0,0.0,0.161307511,0.104272273,0.0,0.0628,0.21875,0.0,0.0,3340
k885,0.447901353,0.0,0.0,0.0841,0.243664014,0.0,0.0628,0.0,0.125,0.314362065,132
k2239,0.593395208,0.0,0.0,0.274453388,0.0261,0.0,0.0628,0.0,0.0,0.0,2943
k1753,0.362073483,0.688041612,0.0,0.211046028,0.100742219,0.0,0.0628,0.1875,0.0,0.0,1029
k106,0.555407213,0.0,0.0,0.100013874,0.0836,0.0,0.0628,0.0,0.0,0.309756652,1290
k424,0.545621768,0.0,0.0,0.275830719,0.0,0.222222222,0.0628,0.0,0.0,0.395440073,281
k1486,0.593382303,0.0,0.0,0.195460176,0.0782,0.0,0.0628,0.0,0.0,0.0,1858
k606,0.548927552,0.0,0.0,0.0732,0.330919645,0.0,0.0628,0.0,0.0,0.193711622,2549
k403,0.544123363,0.0,0.0,0.0634,0.0836,0.222222222,0.0628,0.0,0.0,0.242892882,2884
k2700,0.360804838,0.0,0.0,0.140382815,0.130340334,0.0,0.0628,0.0,0.0,0.448430748,791
k1967,0.576191028,0.0,0.0,0.158528257,0.312816823,0.0,0.0628,0.0,0.0,0.0,284
k2378,0.558020818,0.0,0.0,0.114298167,0.0836,0.0,0.0628,0.0,0.0,0.409199454,498
k2721,0.655361213,0.0,0.0,0.0377,0.163649534,0.0,0.0628,0.0,0.0,0.227598363,974
k1681,0.361322127,0.0,0.0,0.0974,0.253620587,0.0,0.0628,0.0,0.0,0.0,691
k54,0.51988958,0.0,0.0,0.0846,0.194568395,0.0,0.0628,0.0,0.0,0.228451217,42
k2423,0.441262506,0.0,0.0,0.132066893,0.161839254,0.0,0.0628,0.0313,0.0,0.24255174,72
k3341,0.440087609,0.0,0.0667,0.161958303,0.155774794,0.0,0.0628,0.0313,0.0938,0.0,1100
k2928,0.437357654,0.5987709,0.0,0.191254107,0.129706739,0.0,0.0628,0.0,0.0313,0.0,2228
k237,0.501523638,0.0,0.0,0.065,0.156408411,0.0,0.0628,0.0,0.21875,0.419945417,666
k1085,0.447904706,0.0,0.0,0.102997895,0.160028973,0.0,0.0628,0.0,0.0,0.454798726,2951
k176,0.347326077,0.430910654,0.0,0.191081436,0.0,0.0,0.0628,0.0,0.0,0.0,1914
k3201,0.559661578,0.0,0.0,0.0696,0.0539,0.0,0.0628,0.0,0.0,0.256026836,70
k1022,0.519093875,0.709264262,0.2,0.0917,0.390296906,0.0,0.0628,0.15625,0.0,0.196042756,354
k1804,0.54848804,0.0,0.0,0.0979,0.22302681,0.0,0.0628,0.0,0.0,0.304525813,2620
