Key_2_8,D36,D890,D803,D703,D558,D69,D442,D545,D455,D74,Key_3_26
k1000,0.0,0.102564103,0.0,0.0,0.0,0.0,0.0,0.0,0.0,0.273460377,2154
k2294,0.0,0.0,0.0,0.0,0.0,0.0,0.0,0.0,0.0,0.236222248,797
k3139,0.242581421,0.0,0.0,0.0,0.0,0.120207683,0.0,0.0,0.0,0.116390173,2511
k404,0.0,0.0,0.0,0.0,0.0,0.0767,0.0,0.0,0.0,0.149922667,1650
k1767,0.0,0.0,0.0,0.0455,0.0,0.0865,0.0,0.0,0.0,0.199719527,2693
k522,0.0,0.0,0.0,0.0,0.0,0.0357,0.0,0.0,0.0,0.126726092,527
k3410,0.0958,0.102564103,0.0,0.0,0.0,0.09,0.0526,0.0,0.0,0.229107062,2365
k210,0.0,0.0,0.0,0.0,0.0,0.0376,0.0,0.0,0.0,0.204546378,636
k2675,0.16666667,0.0,0.0,0.0,0.0,0.0674,0.0263,0.0,0.0,0.229147631,20
k1588,0.0759,0.0,0.0,0.0,0.0,0.0663,0.0,0.0,0.0,0.179525033,1901
k2511,0.0,0.0,0.0,0.0,0.0,0.102188102,0.0,0.0,0.0,0.193363862,3111
k643,0.16666667,0.0,0.0,0.0,0.0,0.10989631,0.0,0.0,0.0476,0.165150777,2895
k1361,0.0,0.0,0.0,0.0,0.0,0.0832,0.0263,0.0,0.0714,0.202797659,1649
k1244,0.0,0.0,0.0,0.0909,0.0,0.127351876,0.0526,0.0,0.0,0.12630599,2636
k2717,0.0,0.0,0.0,0.0,0.0,0.0479,0.0,0.0,0.0,0.126023747,1422
k39,0.0,0.0513,0.0,0.0,0.0,0.0581,0.0,0.0,0.0,0.38258716,600
k2316,0.0,0.0,0.0,0.0,0.0,0.0404,0.0,0.0,0.0,0.265615755,2107
k2687,0.0,0.0,0.0,0.0,0.0,0.0467,0.0,0.0,0.0,0.246217895,3178
k1469,0.0,0.0,0.0,0.0,0.0,0.0965,0.0,0.0,0.0,0.190166885,3044
k1640,0.0,0.0,0.0179,0.0,0.0,0.0651,0.0,0.0,0.0,0.233860043,2576
k1792,0.0,0.0,0.0,0.0,0.0,0.082,0.0,0.0,0.0,0.167963826,2495
k3121,0.0958,0.0,0.0,0.0909,0.0,0.14153905,0.0789,0.0,0.0,0.0863,435
k2322,0.0,0.0,0.0,0.0,0.0,0.055,0.0,0.0,0.0,0.0926,1179
k820,0.0,0.0,0.0179,0.0909,0.0,0.129058386,0.0,0.0,0.0,0.256976788,460
k2115,0.0,0.0,0.0,0.0,0.0,0.0181,0.0,0.0,0.0,0.143310892,377
k1895,0.0,0.153846154,0.0,0.0,0.0,0.0688,0.0,0.0,0.0,0.400586649,3229
k599,0.0,0.0,0.0,0.0,0.0,0.161785768,0.0,0.0,0.0,0.0835,3039
k2631,0.242581421,0.0,0.0,0.0909,0.0833,0.156102224,0.0,0.0,0.0,0.130373288,2291
k2415,0.0,0.0,0.0,0.0,0.0,0.155060964,0.0263,0.0,0.0,0.127852512,1919
k1538,0.0,0.0,0.0,0.0,0.0,0.0,0.0,0.0,0.0,0.0942,2462
k1708,0.151829477,0.0,0.0,0.181818182,0.0,0.207789197,0.0,0.0,0.0,0.144827353,1129
k2997,0.0,0.0,0.0,0.0,0.0,0.0786,0.0,0.0,0.0,0.173087399,1684
k884,0.0,0.0,0.0,0.0,0.0,0.0848,0.0,0.0,0.0,0.0877,1381
k2380,0.0,0.0,0.0,0.0,0.0,0.19989299,0.0,0.0,0.0,0.10675741,2197
k171,0.0,0.0,0.0,0.0,0.0,0.087,0.0,0.0,0.0,0.153335597,3123
k745,0.0,0.0,0.0,0.0,0.0,0.0,0.0,0.0,0.0,0.214382352,696
k3257,0.146735246,0.0,0.0,0.0,0.0,0.0841,0.0526,0.0,0.0,0.267863521,2360
k1516,0.0,0.0,0.0,0.0,0.0,0.0186,0.0,0.0,0.0,0.151030634,461
k2393,0.0,0.0,0.0,0.0,0.0,0.0586,0.0263,0.0,0.0,0.141411529,2531
k1570,0.0,0.0,0.0,0.0,0.0,0.101681926,0.0,0.0,0.0,0.147726582,832
k102,0.151829477,0.0,0.0,0.0,0.0,0.414985498,0.0,0.0,0.0,0.152252477,1066
k723,0.0,0.0,0.0,0.0,0.0,0.0,0.0,0.0,0.0,0.145518651,469
k2367,0.0759,0.0,0.0,0.0455,0.0,0.0955,0.0,0.0,0.0,0.17158841,2065
k3141,0.151829477,0.0,0.0,0.0,0.0,0.132529254,0.0,0.0,0.0,0.0914,1906
k2878,0.0,0.0,0.0,0.0,0.0,0.126773407,0.0789,0.2,0.0,0.126726092,2522
k1026,0.146735246,0.0,0.0,0.0455,0.0,0.121697262,0.0,0.0,0.0,0.196868004,3194
k906,0.0,0.0,0.0,0.0,0.0,0.0696,0.0,0.0,0.0,0.149009899,1368
k1927,0.0,0.0,0.0,0.0,0.0,0.0,0.0,0.0,0.0,0.240991868,2668
k3409,0.0759,0.0513,0.0,0.0,0.0,0.138198334,0.0,0.0,0.0,0.24371268,3210
k1188,0.0,0.0,0.0,0.0,0.0,0.091,0.0526,0.0,0.0,0.159688033,2053
k2399,0.0,0.0256,0.0,0.0,0.0,0.0,0.0,0.0,0.0,0.156911763,2726
k3352,0.0,0.0,0.0,0.0,0.0,0.519791207,0.0526,0.133333333,0.285714286,0.367180385,381
k1560,0.0,0.0,0.0,0.0,0.0,0.0627,0.0,0.0,0.0,0.0541,3376
k2566,0.0,0.0,0.0,0.0,0.0,0.0315,0.0263,0.0,0.0,0.190166885,450
k2490,0.0759,0.0,0.0,0.0,0.0,0.0663,0.0,0.0,0.0,0.21843517,2887
k2729,0.0,0.0,0.0,0.0,0.0,0.051,0.0,0.0,0.0,0.123153479,670
k1189,0.0,0.0,0.0,0.0,0.0,0.0357,0.0,0.0,0.0,0.182706493,145
k1452,0.313401916,0.0,0.0,0.0,0.166666667,0.155248969,0.0263,0.133333333,0.0,0.116969948,364
k3294,0.0,0.0,0.0,0.0,0.0,0.0181,0.0,0.0,0.0,0.0972,1777
k3349,0.0,0.0,0.0,0.0,0.0,0.0585,0.0263,0.0,0.0,0.242188898,2232
k2739,0.242581421,0.0256,0.0,0.0,0.0,0.120207683,0.0,0.0,0.0,0.102002941,2011
k280,0.0759,0.0,0.0,0.0,0.0,0.0663,0.0,0.0,0.0,0.118774989,2105
k3148,0.0,0.0256,0.0,0.0,0.0,0.0597,0.0,0.0,0.0,0.349182214,1370
k243,0.0,0.0,0.0,0.0,0.0,0.0426,0.0,0.0,0.0,0.214085641,3081
k1795,0.16666667,0.0,0.0,0.0,0.0,0.0808,0.0526,0.0,0.0,0.192136846,1361
k2819,0.0,0.0,0.0,0.0,0.0,0.068,0.0,0.0,0.0,0.194710403,2362
k957,0.116986481,0.0,0.0357,0.0,0.0,0.0719,0.0,0.0,0.0,0.38706414,69
k2228,0.0,0.0,0.0,0.0,0.0,0.0514,0.0263,0.0,0.0,0.183003205,957
k1014,0.0,0.0256,0.0,0.0,0.0,0.104487546,0.0526,0.0,0.0,0.192623789,1914
k2005,0.0,0.0,0.0,0.0,0.0,0.0563,0.0,0.0,0.0,0.135512248,1497
k2923,0.0,0.0,0.0,0.0,0.0,0.0641,0.0,0.0,0.0,0.247683474,72
k557,0.122035183,0.0769,0.0,0.0,0.0,0.0247,0.0,0.0,0.0,0.139432432,1794
k2630,0.0958,0.0,0.0,0.0,0.0,0.109954159,0.0789,0.0,0.0,0.0385,3393
k1854,0.0,0.0,0.0,0.0,0.0,0.0766,0.0526,0.0,0.0,0.0707,603
k130,0.0,0.0,0.0,0.0,0.0,0.0,0.0,0.0,0.0,0.22945134,1968
k2887,0.0759,0.0,0.0,0.0,0.166666667,0.118356544,0.0,0.0,0.0,0.220197483,2896
k3292,0.0,0.0,0.0,0.0,0.0,0.0368,0.0,0.0,0.0,0.156997273,979
k1070,0.242581421,0.0,0.0,0.0,0.0,0.14434466,0.0,0.0,0.0,0.213269149,2331
k1823,0.151829477,0.0,0.0,0.0,0.0,0.167324692,0.0,0.0,0.0,0.154526288,2557
k1020,0.0,0.0513,0.0,0.0,0.0,0.0688,0.0,0.0,0.0,0.126944463,1786
k1732,0.0,0.0,0.0,0.0,0.0,0.0965,0.0789,0.0,0.0,0.083,476
k546,0.16666667,0.0,0.0536,0.0909,0.0,0.265072958,0.0526,0.0,0.0,0.356377651,1297
k337,0.0,0.0,0.0,0.0,0.0,0.0634,0.0,0.0,0.0,0.119354753,1744
k2783,0.0,0.0,0.0,0.0,0.0,0.0753,0.0,0.0,0.0,0.224081277,343
k1657,0.0,0.0,0.0,0.0909,0.0,0.147584139,0.0526,0.0,0.0,0.0726,3114
k2030,0.151829477,0.0,0.0,0.0,0.0,0.132529254,0.0,0.0,0.0,0.0914,1915
k2992,0.0759,0.0,0.0,0.0,0.0,0.138198334,0.0,0.0,0.0,0.170065589,438
k668,0.0759,0.0,0.0536,0.0909,0.0,0.231477876,0.0,0.0,0.0,0.255839872,83
k3023,0.0,0.0,0.0,0.0,0.0,0.0586,0.0263,0.0,0.0,0.163251414,2443
k2220,0.0,0.0,0.0,0.0,0.0,0.0426,0.0,0.0,0.0,0.109655828,1928
k3129,0.0,0.0,0.0,0.0,0.0,0.0293,0.0,0.0,0.0,0.254895152,1882
k1855,0.0,0.0,0.0,0.0,0.0417,0.0765,0.0,0.0667,0.0,0.07,56
k1047,0.0,0.0,0.0,0.0,0.0,0.051,0.0,0.0,0.0,0.230344661,497
k2087,0.0,0.0,0.0,0.0,0.0,0.0181,0.0,0.0,0.0,0.208048381,68
k2779,0.29347048,0.0,0.0,0.0,0.0,0.113425027,0.0263,0.0,0.0,0.109655828,800
k2988,0.16666667,0.0,0.0,0.0,0.0,0.0539,0.0,0.0,0.0,0.147227253,3362
k1289,0.0,0.0,0.0,0.0,0.0,0.100684059,0.0526,0.0,0.0,0.116890106,2468
k2615,0.0,0.0,0.0,0.0,0.0,0.0348,0.0,0.0,0.0,0.18517114,799
k420,0.0,0.0,0.0,0.0,0.0,0.0293,0.0,0.0,0.0,0.181844487,2869
k1655,0.0,0.0,0.0,0.0,0.0,0.0632,0.0,0.0,0.0,0.170296951,1466
k2022,0.0,0.0,0.0,0.0,0.0,0.0766,0.0526,0.0,0.0,0.192175147,3097
k3032,0.0759,0.0,0.0,0.0,0.0,0.0663,0.0,0.0,0.0,0.179525033,694
k1989,0.0,0.0256,0.0,0.0,0.0,0.0554,0.0,0.0,0.0,0.198887151,1503
k237,0.146735246,0.0,0.0,0.0,0.0,0.0848,0.0,0.0,0.0,0.261963301,1056
k1703,0.0,0.0,0.0,0.0,0.0,0.0707,0.0,0.0,0.0238,0.201459228,1342
k1568,0.0759,0.0,0.0357,0.0,0.0,0.071,0.0,0.0,0.0,0.267500638,724
k3189,0.0,0.0,0.0,0.0455,0.0,0.116635581,0.0526,0.0,0.0238,0.186231108,1489
k453,0.0,0.0,0.0268,0.0,0.0,0.114625371,0.0263,0.2,0.0476,0.366195669,2624
k2573,0.12680381,0.0,0.0,0.0909,0.0,0.18129493,0.105263158,0.266666667,0.0,0.134331675,2295
k228,0.0,0.0,0.0,0.0,0.0,0.0,0.0,0.0,0.0,0.26082349,771
k3016,0.0,0.0,0.0,0.0,0.0,0.1078861,0.0,0.0,0.0,0.147298349,1937
k708,0.0,0.0256,0.0,0.0,0.0,0.0186,0.0,0.0,0.0,0.105073542,1411
k334,0.0,0.0,0.0,0.0,0.0417,0.105760192,0.0263,0.0667,0.0,0.0915,2995
k484,0.0,0.0769,0.0,0.0,0.0,0.0186,0.0,0.0,0.0,0.153713641,2709
k2901,0.0,0.0,0.0,0.0,0.0,0.0186,0.0,0.0,0.0,0.211780666,901
k726,0.0,0.0,0.0,0.0,0.0,0.0669,0.0,0.0,0.0,0.101719212,485
k2562,0.0,0.0,0.0,0.0,0.0417,0.0899,0.0,0.0667,0.0,0.0677,1693
k3087,0.16912662,0.0256,0.0,0.0,0.0,0.0294,0.0,0.0,0.0,0.282742849,657
k1316,0.0,0.0,0.00893,0.0,0.0,0.0247,0.0,0.0,0.0,0.321950087,4
k1961,0.0,0.0,0.0,0.0,0.0,0.0,0.0,0.0,0.0,0.134475453,518
k3038,0.0,0.0,0.0,0.0,0.0,0.0585,0.0263,0.0,0.0,0.225118634,1473
k1697,0.16666667,0.0,0.0,0.0,0.0,0.0562,0.0263,0.0,0.0,0.237390198,2743
k575,0.0,0.0,0.0,0.0,0.0,0.0563,0.0263,0.0,0.0,0.129654109,720
k2444,0.0,0.0,0.0,0.0455,0.0,0.14404096,0.0,0.0,0.0714,0.199834495,2206
k2299,0.0759,0.0,0.0,0.0,0.0,0.0837,0.0,0.0,0.0,0.196754958,205
k1790,0.0,0.0,0.0,0.0,0.0,0.0,0.0,0.0,0.0,0.152218614,2779
k2919,0.222649984,0.0,0.0,0.0,0.0,0.174613512,0.0,0.0,0.0,0.160813654,5
k506,0.16666667,0.0,0.276785714,0.136363636,0.0,0.376979509,0.157894737,0.0,0.0,0.508831395,929
k3214,0.0,0.0769,0.0,0.0,0.0,0.0559,0.0263,0.0,0.0,0.119542101,865
k202,0.0,0.0,0.0,0.0,0.0,0.0585,0.0263,0.0,0.0,0.20327875,3333
k2789,0.0759,0.0,0.0,0.0,0.0,0.141524586,0.0,0.0,0.0,0.0828,3209
k1899,0.16666667,0.0,0.0,0.0,0.166666667,0.120207683,0.0,0.0,0.0,0.0433,2656
k1779,0.16666667,0.0256,0.0,0.0,0.0,0.038,0.0,0.0,0.0,0.186408003,1078
k3369,0.0759,0.0,0.0,0.0,0.0,0.105745739,0.0,0.0,0.0,0.291668129,2272
k602,0.0,0.102564103,0.0,0.0,0.0,0.0,0.0,0.0,0.0,0.199995128,3348
k1032,0.242581421,0.0,0.0,0.0909,0.166666667,0.156102224,0.0,0.0667,0.0,0.130373288,588
k1893,0.0,0.0513,0.0,0.0,0.0,0.0668,0.0,0.0,0.0,0.16116481,2183
k2431,0.122035183,0.102564103,0.0,0.0,0.0,0.0247,0.0,0.0,0.0,0.159185714,1261
k168,0.0,0.0,0.0,0.0,0.0,0.0472,0.0,0.0,0.0,0.179920407,1842
k1269,0.0,0.0,0.0,0.0,0.0,0.0247,0.0,0.0,0.0,0.146101319,1986
k123,0.0,0.0,0.0,0.0,0.0,0.104198311,0.0263,0.0,0.0,0.183766462,3051
k1216,0.0,0.0256,0.0,0.0,0.0,0.118587941,0.0263,0.0,0.0,0.119167513,1009
k2151,0.0759,0.0,0.0,0.0,0.0,0.141524586,0.0,0.0,0.0,0.0943,2554
k3388,0.0,0.0,0.0,0.0,0.0,0.0618,0.0,0.0,0.0,0.187498736,2583
k2601,0.16666667,0.102564103,0.0,0.0,0.0,0.0586,0.0,0.0,0.0,0.275968292,3276
k238,0.0,0.0,0.0,0.0,0.0,0.110055391,0.0,0.0,0.0,0.131518335,430
k1465,0.16666667,0.0,0.0268,0.0,0.0,0.0941,0.0526,0.0,0.0,0.317595299,190
k1574,0.242581421,0.0,0.0,0.181818182,0.0417,0.174382121,0.0,0.0667,0.0,0.183831823,2835
k1245,0.333333341,0.0,0.0,0.0,0.0,0.151329782,0.0,0.0,0.0,0.203438422,753
k3432,0.0,0.0,0.0,0.0,0.0,0.0174,0.0,0.0,0.0,0.228850919,1702
k2224,0.0,0.0,0.0,0.0,0.0,0.0663,0.0,0.0,0.0,0.0998,665
k3154,0.0,0.0,0.0,0.0,0.0,0.109968624,0.0526,0.0,0.0,0.0946,857
k3295,0.16666667,0.0,0.0268,0.0,0.0,0.0674,0.0263,0.0,0.0,0.42169011,2021
k1845,0.0,0.0,0.0,0.0,0.0,0.124633034,0.0,0.0,0.0,0.126429369,954
k1435,0.0,0.0,0.0,0.0,0.0,0.0,0.0,0.0,0.0,0.115733181,2983
k2236,0.0759,0.0,0.0,0.0,0.0,0.0663,0.0,0.0,0.0,0.152915516,2549
k3083,0.0,0.0,0.0,0.0,0.0,0.155263431,0.0263,0.0,0.0,0.155649815,2226
k863,0.0,0.0513,0.0,0.0,0.0,0.0655,0.0,0.0,0.0,0.347694142,2548
k588,0.146735246,0.0,0.0,0.0,0.0,0.115102607,0.0263,0.0,0.0,0.117049768,545
k3383,0.0,0.0,0.0,0.0,0.0833,0.0786,0.0,0.0,0.0,0.103094447,3368
k2987,0.0,0.0,0.0,0.0,0.0,0.0878,0.0263,0.0,0.0,0.212412402,314
k1415,0.0,0.41025641,0.0,0.0,0.0,0.0,0.0,0.0,0.0,0.358474405,2640
k1508,0.0,0.0,0.0,0.0,0.0,0.0247,0.0,0.0,0.0,0.0813,734
k2441,0.0,0.0,0.0,0.0909,0.0,0.127351876,0.0526,0.0,0.0,0.143376243,960
k1923,0.0,0.0513,0.0,0.0,0.0,0.055,0.0,0.0,0.0,0.199987569,2123
k1334,0.0,0.0,0.0,0.0,0.0,0.0786,0.0526,0.0,0.0,0.0,1856
k1197,0.0,0.0,0.0,0.0,0.0,0.0779,0.0,0.0,0.0,0.1265092,2615
k1937,0.303658955,0.0,0.0,0.363636364,0.0,0.289745063,0.0,0.0,0.0,0.124155548,1934
k2417,0.16666667,0.0,0.0,0.0,0.0,0.038,0.0,0.0,0.0,0.196529935,1543
k3387,0.146735246,0.0,0.0,0.0,0.0,0.129853797,0.0526,0.0,0.0,0.0719,1345
k1470,0.0,0.0,0.0,0.0,0.0,0.100684059,0.0526,0.0,0.0,0.270442595,1872
k2980,0.0,0.0256,0.0,0.0,0.0,0.0344,0.0,0.0,0.0,0.248821071,998
k2249,0.0,0.0,0.0,0.0,0.0,0.0174,0.0,0.0,0.0,0.171866376,1133
k2505,0.0,0.0,0.0,0.0,0.0,0.0,0.0,0.0,0.0,0.231452616,1145
k1227,0.0,0.0,0.0,0.0,0.0,0.0317,0.0,0.0,0.0,0.238390172,658
k3149,0.0,0.0256,0.0,0.0,0.0,0.0669,0.0,0.0,0.0,0.104402233,1775
k3078,0.0,0.0,0.0,0.0,0.0,0.0766,0.0526,0.0,0.0,0.221546032,1453
k263,0.0,0.0,0.0,0.0,0.0,0.0647,0.0263,0.0,0.0,0.160381145,1332
k1970,0.0,0.0,0.0,0.0,0.0,0.0547,0.0263,0.0,0.0,0.187498736,1984
k987,0.0,0.0,0.0,0.0,0.0,0.0426,0.0,0.0,0.0,0.175175482,2528
k2418,0.0,0.0,0.0,0.0,0.0,0.0426,0.0,0.0,0.0,0.165636229,7
k556,0.318496148,0.0,0.0,0.0,0.0,0.186472306,0.0,0.0,0.0,0.0768,940
k2189,0.0,0.0,0.0,0.0,0.0,0.0772,0.0263,0.0,0.0,0.156997273,810
k164,0.0,0.0,0.0,0.0,0.0,0.0362,0.0,0.0,0.0,0.153264999,2597
k2788,0.0,0.0,0.0,0.0,0.0,0.101956705,0.0,0.0,0.0,0.255846221,1997
k3127,0.0,0.0256,0.0,0.0,0.0,0.110055391,0.0,0.0,0.0,0.165580511,2124
k2300,0.0,0.0,0.0,0.0,0.0,0.0,0.0,0.0,0.0,0.15363233,1138
k2426,0.0,0.0,0.0,0.0,0.0,0.125804448,0.0,0.0,0.0,0.135789124,1377
k1143,0.0,0.0,0.0,0.0,0.0,0.0494,0.0263,0.0,0.0,0.0683,55
k969,0.0,0.0,0.0,0.0,0.0,0.0133,0.0,0.0,0.0,0.271559783,2026
k753,0.0474,0.0,0.0,0.0,0.0,0.0627,0.0,0.0,0.0,0.179585189,1035
k3404,0.0,0.0,0.0,0.0455,0.0,0.0645,0.0,0.0667,0.0238,0.157699618,894
k986,0.16666667,0.0256,0.0,0.0,0.0,0.0801,0.0,0.0,0.0,0.201464606,1418
k2109,0.16666667,0.0256,0.0,0.0,0.0,0.0801,0.0,0.0,0.0,0.218534869,826
k2264,0.0,0.0,0.0,0.0,0.0,0.0766,0.0263,0.0,0.0,0.20327875,2210
k3115,0.0,0.0,0.0,0.0,0.0,0.105167258,0.0263,0.0,0.0,0.222111326,1596
k285,0.0759,0.0,0.0,0.0,0.0,0.0663,0.0,0.0,0.0,0.157685126,1371
k1502,0.146735246,0.0,0.0,0.0,0.0,0.0804,0.0263,0.0,0.0,0.0556,1606
k2085,0.0,0.0,0.0,0.0,0.0,0.0293,0.0,0.0,0.0,0.215985004,2310
k1662,0.0,0.0,0.0,0.0,0.0,0.0226,0.0,0.0,0.0,0.246001014,236
k2554,0.0,0.0,0.0,0.0,0.0,0.0585,0.0263,0.0,0.0,0.20327875,1161
k1637,0.0,0.0,0.0,0.0,0.0,0.121292329,0.0,0.0,0.0,0.103763762,1079
k982,0.0,0.0,0.0,0.0,0.0,0.0247,0.0,0.0,0.0,0.13015699,2942
k817,0.227744228,0.0,0.0,0.181818182,0.0,0.198793897,0.0,0.0,0.0,0.159012868,1548
k2909,0.0,0.0,0.0,0.0,0.0,0.0724,0.0,0.0,0.0,0.245784133,629
k283,0.0,0.0,0.0,0.0,0.0,0.0942,0.105263158,0.0,0.0,0.145290086,1940
k2039,0.0,0.0,0.0,0.0909,0.0,0.101956705,0.0,0.0,0.0,0.216936073,568
k795,0.0,0.0513,0.0,0.0909,0.0,0.163926136,0.0,0.0,0.0,0.428859275,1084
k3089,0.0,0.0,0.0,0.0,0.0,0.117647912,0.0789,0.0,0.0,0.0417,974
k3351,0.0,0.0,0.0,0.0909,0.0417,0.144749598,0.0526,0.0,0.0238,0.0991,1902
k2708,0.0,0.0513,0.0,0.0,0.0,0.055,0.0,0.0,0.0,0.182787814,1981
k2871,0.0,0.0769,0.0,0.0,0.0417,0.0595,0.0,0.133333333,0.0,0.149162391,945
k1476,0.0,0.0,0.0,0.0,0.0417,0.0539,0.0,0.0,0.0,0.194521662,3269
k408,0.0,0.0,0.0,0.0,0.0,0.0376,0.0,0.0,0.0,0.153335597,2737
k33,0.16666667,0.0,0.0,0.0,0.0,0.0921,0.0526,0.0,0.0,0.117186829,1202
k2238,0.0,0.0,0.0,0.0,0.0,0.0472,0.0,0.0,0.0,0.214542025,333
k3420,0.369385242,0.0,0.0,0.0,0.0,0.138198334,0.0,0.0,0.0,0.247885897,200
k1326,0.0759,0.0,0.0,0.0,0.0,0.0955,0.0,0.0,0.0,0.149748515,1450
k307,0.151829477,0.0,0.0,0.181818182,0.0,0.132529254,0.0,0.0,0.0,0.174038576,262
k1063,0.0,0.0,0.0268,0.0,0.0,0.103330586,0.0789,0.0,0.0,0.336653978,3129
k1736,0.0,0.0,0.0,0.0,0.0,0.0,0.0,0.0,0.0,0.214382352,1172
k3311,0.0,0.0,0.0,0.0,0.0,0.087,0.0,0.0,0.0,0.136265344,712
k1762,0.0759,0.0,0.0,0.0,0.0,0.236423861,0.0,0.0,0.0,0.0932,1437
k1868,0.0,0.0,0.0,0.0,0.0,0.0,0.0,0.0,0.0,0.10033494,2327
k3045,0.0,0.153846154,0.0,0.0,0.0,0.1078861,0.0,0.0,0.0,0.169734658,1954
k892,0.16666667,0.0,0.0,0.0,0.0,0.0514,0.0263,0.0,0.0,0.117898395,747
k1478,0.0,0.0256,0.0,0.0,0.0,0.0514,0.0,0.0,0.0,0.146292122,410
k2090,0.16666667,0.0,0.0,0.0,0.0,0.038,0.0,0.0,0.0,0.148080513,3089
k2073,0.0759,0.0,0.0,0.0,0.0,0.124777652,0.0263,0.0,0.0,0.202561936,219
k209,0.0,0.0,0.0,0.0,0.0,0.00713,0.0,0.0,0.0,0.192405407,1626
k3393,0.151829477,0.0,0.0,0.181818182,0.0,0.132529254,0.0,0.0,0.0,0.174038576,2147
k1451,0.0,0.0,0.0,0.0,0.0,0.0293,0.0,0.0,0.0,0.25012552,934
k564,0.333333341,0.0,0.0,0.0455,0.208333333,0.285796938,0.0526,0.466666667,0.0476,0.0897,2128
k461,0.0759,0.0,0.0,0.0,0.0,0.0734,0.0,0.0,0.0,0.221059489,112
k1649,0.146735246,0.0513,0.0,0.0,0.0,0.128899303,0.0,0.0,0.0,0.268437302,1859
k1692,0.0,0.0256,0.0,0.0,0.0,0.0421,0.0,0.0,0.0,0.212375591,1372
k771,0.0,0.0,0.0,0.0,0.0,0.114914606,0.0,0.0,0.0,0.310241496,354
k3331,0.0,0.0,0.0,0.0,0.0,0.113511796,0.0,0.0,0.0238,0.0681,3050
k2994,0.0,0.0,0.0,0.0,0.0,0.124633034,0.0,0.0,0.0,0.126429369,1945
k1979,0.0,0.0,0.0,0.0,0.0,0.0376,0.0,0.0,0.0,0.175175482,230
k3271,0.0,0.0,0.0,0.0,0.0,0.0606,0.0,0.0,0.0,0.125618126,1771
k623,0.0,0.0,0.0,0.0,0.0,0.0467,0.0,0.0,0.0,0.153335597,341
k1682,0.0,0.0,0.0,0.0,0.0,0.0953,0.0526,0.0,0.0,0.141124039,2174
k1079,0.0,0.0,0.0,0.0,0.0,0.0344,0.0,0.0,0.0,0.234597514,3239
k1576,0.0,0.0,0.0,0.0,0.0,0.0376,0.0,0.0,0.0,0.126726092,951
k2001,0.0759,0.0,0.0,0.0,0.0,0.109071979,0.0263,0.0,0.0,0.188253041,2628
k1849,0.0,0.0,0.0,0.0,0.0,0.0376,0.0,0.0,0.0,0.153335597,194
k3118,0.0,0.0,0.0,0.0,0.0,0.0726,0.0263,0.0,0.0,0.209692562,2333
k2609,0.0,0.0513,0.0,0.0,0.0417,0.0595,0.0,0.133333333,0.0,0.12940911,2474
k1360,0.5,0.0,0.0,0.0,0.0,0.114104741,0.0,0.0,0.0,0.317971863,2001
k2069,0.16666667,0.0,0.0,0.0,0.0,0.0673,0.0,0.0,0.0,0.118304006,2572
k943,0.0,0.0,0.0,0.0,0.0,0.0275,0.0,0.0,0.0,0.223944227,2641
k2760,0.29347048,0.0,0.517857143,1.0,0.791666667,0.948341979,0.526315789,0.933333333,0.571428571,0.61287269,1207
k1240,0.0,0.0,0.0,0.0,0.0,0.0247,0.0,0.0,0.0,0.202081731,1663
k2943,0.122035183,0.0513,0.0,0.0,0.0,0.0247,0.0,0.0,0.0,0.136749415,2938
k1681,0.0,0.0,0.0,0.0,0.0,0.0643,0.0,0.0,0.0,0.153721383,3238
k2410,0.16666667,0.0,0.0,0.0,0.0,0.11245608,0.0,0.0,0.0,0.298545863,1215
k3060,0.0,0.0,0.0,0.0,0.0,0.0376,0.0,0.0,0.0,0.21684701,2411
k1871,0.0,0.0,0.0,0.0,0.0,0.0472,0.0,0.0,0.0,0.146260991,3095
k475,0.16666667,0.0,0.0357,0.0909,0.0,0.235816459,0.0526,0.0,0.0,0.364314263,687
k2629,0.0,0.0,0.0,0.0,0.0,0.0133,0.0,0.0,0.0,0.21080974,3055
k486,0.0759,0.0,0.0,0.0,0.0,0.0734,0.0,0.0,0.0,0.186918972,2900
k846,0.0759,0.0256,0.0,0.0,0.0,0.0663,0.0,0.0,0.0,0.129403602,1380
k1837,0.16666667,0.0,0.0268,0.0,0.0,0.122839755,0.0263,0.0,0.0,0.264565008,1967
k1387,0.0,0.0,0.0,0.0,0.0,0.139210676,0.105263158,0.0,0.0,0.184591376,641
k1643,0.227744228,0.0,0.0,0.0,0.0,0.198793897,0.0,0.0,0.0,0.16378251,2687
k2199,0.16912662,0.0256,0.0,0.0,0.0417,0.118833791,0.0,0.2,0.0,0.111368869,2075
k3339,0.0,0.0,0.0,0.0,0.0,0.150519913,0.0,0.0,0.0,0.136128294,1197
k1628,0.0,0.0,0.00893,0.0,0.0,0.0941,0.0526,0.0,0.0,0.317595299,3143
k535,0.0,0.0,0.0,0.0,0.0,0.0786,0.0,0.0,0.0,0.172459821,558
k1829,0.0,0.0,0.0,0.0,0.0,0.0472,0.0,0.0,0.0,0.107350842,653
k311,0.0,0.0,0.0,0.0,0.0,0.123302538,0.105263158,0.0,0.0,0.223095913,47
k1035,0.0,0.0,0.0,0.0,0.0,0.0247,0.0,0.0,0.0,0.0806,2897
k479,0.333333341,0.0,0.0,0.0,0.0,0.134582848,0.0,0.0,0.0,0.224307401,2800
k1324,0.0,0.0,0.0,0.0,0.0,0.0494,0.0263,0.0,0.0,0.202081731,708
k683,0.0,0.0,0.0,0.0,0.0,0.0293,0.0,0.0,0.0,0.215985004,231
k1439,0.0,0.0,0.0,0.0,0.0,0.0,0.0,0.0,0.0,0.180241836,966
k1313,0.16666667,0.0,0.0,0.0,0.0,0.129203002,0.0526,0.133333333,0.0952,0.0804,1658
k2974,0.0,0.0256,0.0,0.0,0.0,0.0376,0.0,0.0,0.0,0.112338846,829
k1034,0.318496148,0.0,0.0,0.0,0.0,0.224102299,0.0526,0.133333333,0.0476,0.126673138,2686
k146,0.0,0.0513,0.0,0.0,0.0,0.0247,0.0,0.0,0.0,0.154345127,565
k1112,0.0,0.0,0.0,0.0,0.0,0.0426,0.0,0.0,0.0,0.246217895,1764
k2184,0.0759,0.0,0.0,0.272727273,0.0,0.268066594,0.157894737,0.0,0.0,0.140703937,2502
k1774,0.0,0.0,0.0,0.0,0.0,0.0,0.0,0.0,0.0,0.202081731,2826
k3191,0.16666667,0.0,0.232142857,0.136363636,0.0,0.313896495,0.131578947,0.0,0.0,0.515570988,1738
k1250,0.16666667,0.0,0.0,0.0,0.0,0.123302538,0.0526,0.0,0.0,0.145275606,3150
k2969,0.0,0.0,0.0,0.0,0.0,0.0,0.0,0.0,0.0,0.0597,3381
k973,0.242581421,0.0,0.0,0.0,0.0833,0.160252802,0.0,0.0,0.0,0.174764623,2241
k3225,0.0,0.0,0.0,0.0,0.0,0.0315,0.0263,0.0,0.0,0.129416841,2263
k998,0.0,0.0,0.0,0.0,0.0,0.0339,0.0,0.0,0.0,0.191999785,1975
k1337,0.151829477,0.0,0.0,0.0,0.0,0.240415372,0.0,0.0,0.0,0.119255205,2739
k3150,0.16666667,0.0256,0.0,0.0,0.0,0.038,0.0,0.0,0.0,0.107083763,686
k204,0.0,0.0,0.0,0.0,0.0,0.0734,0.0,0.0,0.0,0.175335165,3025
k52,0.0759,0.0,0.0,0.0,0.0,0.0663,0.0,0.0,0.0,0.166220258,1400
k1924,0.0,0.0,0.0,0.0,0.0,0.0228,0.0,0.0,0.0,0.233620551,2334
k665,0.0759,0.0256,0.0357,0.136363636,0.0,0.228397467,0.0,0.0,0.0,0.356669255,418
k611,0.0,0.0,0.0,0.0,0.0,0.0491,0.0,0.0,0.0,0.224103899,579
k69,0.0,0.0,0.0,0.0,0.0,0.0315,0.0263,0.0,0.0,0.224307401,749
k755,0.0,0.0,0.0,0.0,0.0,0.126730011,0.0,0.133333333,0.0,0.140477823,2551
k505,0.0,0.0,0.0,0.0,0.0,0.0247,0.0,0.0,0.0,0.185011467,2919
k1903,0.16666667,0.0,0.0,0.0,0.0,0.120945234,0.0,0.0,0.0,0.170485692,373
k1993,0.0,0.0,0.0,0.0,0.0,0.0554,0.0,0.0,0.0,0.316883744,701
k46,0.0,0.0,0.0,0.0,0.0,0.0357,0.0,0.0,0.0,0.18517114,2313
k1466,0.0,0.0,0.0,0.0,0.0,0.0547,0.0263,0.0,0.0,0.238709506,1427
k41,0.0,0.0,0.0,0.0,0.0,0.0673,0.0,0.0,0.0,0.0736,1289
k1124,0.151829477,0.0,0.0,0.0,0.0,0.132529254,0.0,0.0,0.0,0.169268945,1310
k1425,0.0,0.0,0.0,0.0,0.0,0.0559,0.0,0.0,0.0,0.140223743,576
k342,0.0,0.0256,0.0,0.0,0.0,0.0,0.0,0.0,0.0,0.182342196,2186
k2507,0.0,0.0256,0.0,0.0,0.0,0.0522,0.0,0.0,0.0,0.297372946,1302
k3312,0.0,0.0,0.0,0.0,0.0,0.128610068,0.0526,0.0,0.0,0.177314359,830
k1929,0.0,0.0,0.0,0.0,0.0,0.114379509,0.0,0.333333333,0.0,0.00723,1664
k1944,0.0,0.0256,0.0,0.0,0.0,0.0186,0.0,0.0,0.0,0.131873756,748
k2171,0.0,0.0256,0.0,0.0,0.0,0.0,0.0,0.0,0.0,0.198990986,1680
k3416,0.0,0.0,0.0,0.0,0.0,0.0317,0.0,0.0,0.0,0.204249655,2853
k1229,0.0,0.0,0.0,0.0,0.0,0.0713,0.0,0.0,0.0,0.198994582,226
k10,0.16666667,0.0,0.0,0.0,0.0,0.038,0.0,0.0,0.0,0.213600188,1333
k1074,0.0,0.0,0.0,0.0,0.0,0.0247,0.0,0.0,0.0,0.0318,2773
k518,0.0,0.0,0.0,0.0,0.0,0.0247,0.0,0.0,0.0,0.0956,1751
k1332,0.0,0.0,0.0,0.0,0.0,0.0,0.0,0.0,0.0,0.22945134,1883
k826,0.0,0.0,0.0,0.0,0.0,0.0467,0.0,0.0,0.0,0.155394622,1217
k1445,0.313401916,0.0,0.0,0.0,0.208333333,0.167961018,0.0263,0.2,0.0,0.126805923,2157
k2425,0.0,0.0,0.0,0.0,0.0,0.0,0.0,0.0,0.0,0.165271932,3049
k64,0.0759,0.0,0.0,0.0,0.0,0.0844,0.0,0.0,0.0,0.137824436,619
k1797,0.0759,0.0,0.0,0.0,0.0,0.1038946,0.0,0.0,0.0,0.104169385,1632
k230,0.0,0.0,0.0,0.0455,0.0,0.168206871,0.0263,0.0,0.0,0.092,309
k3072,0.16666667,0.0256,0.0,0.0,0.0,0.038,0.0,0.0,0.0,0.124154025,3122
k3317,0.0,0.0,0.0,0.0,0.0,0.0605,0.0,0.0,0.0,0.180104796,2121
k1729,0.0,0.0,0.0,0.0,0.0,0.0421,0.0,0.0,0.0,0.141411529,2755
k1873,0.0759,0.0,0.0,0.0,0.0,0.0955,0.0,0.0,0.0,0.123138999,2801
k2733,0.0,0.0,0.0,0.0,0.0,0.0812,0.0526,0.0,0.0,0.107350842,3392
k392,0.16666667,0.0256,0.0,0.0,0.0,0.0808,0.0526,0.0,0.0,0.263515492,3247
k1062,0.151829477,0.0,0.0,0.0,0.0,0.132529254,0.0,0.0,0.0,0.198639841,421
k1800,0.0,0.0,0.0,0.0,0.0,0.179993355,0.0,0.0,0.0,0.127022804,1841
k806,0.264625105,0.0,0.0,0.0455,0.0,0.0501,0.0263,0.0,0.0,0.145939347,346
k679,0.0,0.0,0.0,0.0,0.0,0.0559,0.0,0.0,0.0,0.123153479,1176
k249,0.151829477,0.0,0.0,0.0,0.0,0.170159233,0.0,0.0,0.0,0.0987,399
k2844,0.214083724,0.0,0.0179,0.0,0.0,0.344338902,0.0,0.133333333,0.0714,0.368875307,2235
k399,0.0759,0.0,0.0,0.0,0.0,0.12489335,0.0263,0.0,0.0,0.0871,496
k1471,0.0,0.128205128,0.0,0.0,0.0,0.0174,0.0,0.0,0.0,0.265674464,2330
k691,0.12680381,0.0,0.0,0.0,0.0,0.118862721,0.0526,0.0667,0.0,0.270442595,2450
k2683,0.0,0.0,0.0,0.0,0.0,0.0987,0.0,0.0,0.0,0.268354491,2593
k1213,0.0,0.0,0.0,0.0,0.0,0.0293,0.0,0.0,0.0,0.233055257,1501
k1199,0.151829477,0.0,0.0,0.0,0.0,0.167324692,0.0,0.0,0.0,0.154526288,3070
k309,0.123331781,0.0,0.0,0.0,0.0,0.240415372,0.0,0.0667,0.0,0.109870528,733
k3328,0.0,0.0,0.0,0.0,0.0,0.0585,0.0263,0.0,0.0,0.164368601,863
k3386,0.187111415,0.0,0.0,0.0,0.0,0.092,0.0,0.0,0.0,0.228285636,3180
k216,0.16666667,0.0256,0.0,0.0,0.0,0.0801,0.0,0.0,0.0,0.158788968,2901
k1402,0.0,0.0,0.0,0.0,0.0,0.0174,0.0,0.0,0.0,0.172870518,3308
k870,0.0,0.0,0.0,0.0,0.0,0.0247,0.0,0.0,0.0,0.081,880
k3359,0.146735246,0.0,0.0,0.0,0.0,0.111328049,0.0526,0.0,0.0,0.246544215,523
k847,0.333333341,0.0,0.0,0.0,0.0,0.123316992,0.0,0.0,0.0,0.189129538,1329
k614,0.0,0.0,0.0,0.0,0.0,0.0627,0.0,0.0,0.0,0.106534521,1598
k189,0.0,0.0,0.0,0.0,0.0,0.141090723,0.0526,0.0,0.0,0.238549844,2429
k2798,0.333333341,0.0,0.00893,0.0,0.208333333,0.15926939,0.0263,0.0,0.0238,0.228662178,3399
k2902,0.0,0.0,0.0,0.0,0.0,0.0585,0.0263,0.0,0.0,0.208048381,2963
k1004,0.0,0.0,0.0,0.0455,0.125,0.203870025,0.105263158,0.0667,0.0952,0.0512,963
k1738,0.0,0.0,0.0,0.0,0.0417,0.0952,0.0263,0.0,0.0,0.204272277,2177
k3309,0.16666667,0.0,0.0,0.0,0.125,0.130446731,0.0,0.2,0.0,0.0677,996
k2571,0.0,0.0256,0.0,0.0,0.0,0.0421,0.0,0.0,0.0,0.173880027,928
k2967,0.0,0.0,0.0,0.0,0.0,0.0663,0.0,0.0,0.0,0.0751,2807
k2275,0.0759,0.0,0.0,0.0,0.0,0.138198334,0.0,0.0,0.0,0.135925084,268
k493,0.0759,0.0,0.0,0.0,0.0,0.121292329,0.0,0.0,0.0,0.157548098,3335
k3286,0.0,0.0,0.00893,0.0455,0.0,0.0668,0.0,0.0,0.0,0.231532447,3156
k2608,0.16666667,0.0513,0.0,0.0,0.0,0.0916,0.0,0.0,0.0,0.11740669,2355
k1283,0.0,0.0,0.0,0.0,0.0,0.0753,0.0,0.0,0.0,0.292362332,140
k1331,0.0,0.0256,0.0,0.0,0.0,0.055,0.0,0.133333333,0.0,0.0977,123
k617,0.0,0.0,0.0,0.0,0.0,0.0247,0.0,0.0,0.0,0.0659,3409
k2387,0.666666682,0.0,0.0,0.0,0.0,0.215772205,0.0,0.0,0.19047619,0.0389,3372
k1126,0.16666667,0.0,0.0,0.0,0.0417,0.180311518,0.0526,0.133333333,0.0714,0.143094011,1461
k2013,0.0,0.102564103,0.0,0.0,0.0,0.0494,0.0,0.0,0.0,0.146697744,2888
k2286,0.146735246,0.0,0.0,0.0,0.0,0.0586,0.0263,0.0,0.0,0.214462194,1998
k1670,0.0,0.0,0.0,0.0,0.0,0.051,0.0,0.0,0.0,0.144993364,1395
k319,0.151829477,0.0513,0.0714,0.136363636,0.0,0.189523776,0.0263,0.0,0.0,0.33249427,3197
k3426,0.0,0.0,0.0,0.0,0.0,0.150563299,0.0,0.0,0.0,0.100697832,3032
k1622,0.0,0.0,0.0,0.0,0.0,0.0718,0.0,0.0,0.0,0.043,2694
k2051,0.0,0.0,0.0,0.0,0.0,0.0791,0.0,0.0,0.0,0.211643616,674
k2255,0.0,0.0,0.0,0.0,0.0,0.209712636,0.0,0.0,0.0,0.260001654,1860
k904,0.0,0.0,0.0,0.0,0.0,0.0293,0.0,0.0,0.0,0.25012552,650
k2815,0.146735246,0.0,0.0,0.0,0.0,0.0654,0.0,0.0,0.0,0.275234838,52
k1663,0.0,0.0,0.0,0.0,0.0,0.0471,0.0,0.0,0.0,0.0806,1927
k2761,0.0,0.0256,0.0,0.0,0.0,0.0181,0.0,0.0,0.0,0.163064174,2732
k3290,0.0,0.128205128,0.0,0.0,0.0,0.102766571,0.0,0.0,0.0,0.209436203,1070
k1842,0.0,0.0,0.0,0.0,0.0,0.0586,0.0263,0.0,0.0,0.199776746,719
k1375,0.0759,0.0,0.0,0.0,0.0,0.0663,0.0,0.0,0.0,0.140614884,2162
k2377,0.0,0.0,0.0,0.0,0.0,0.0766,0.0263,0.0,0.0,0.126885753,699
k267,0.0,0.0,0.0,0.0,0.0,0.123244688,0.0,0.0,0.0,0.164377845,1629
k770,0.0,0.0,0.0,0.0,0.0,0.0494,0.0,0.0,0.0,0.102421547,2110
k1461,0.0759,0.0,0.0,0.0,0.0,0.0663,0.0,0.0,0.0,0.21843517,2188
k2379,0.0,0.0,0.0,0.0,0.0,0.0958,0.105263158,0.0,0.0,0.0998,1837
k2839,0.0,0.0,0.0,0.0,0.0,0.0,0.0,0.0,0.0,0.228691258,2381
k2465,0.0,0.0,0.0,0.0,0.0,0.1078861,0.0,0.0,0.0,0.147298349,1436
k464,0.0,0.0,0.0,0.0,0.0,0.098,0.0263,0.0,0.0,0.176532173,2376
k2854,0.146735246,0.0,0.0,0.0909,0.0,0.154786187,0.0263,0.0,0.0,0.092,3193
k3363,0.0,0.0,0.0179,0.0909,0.0,0.268760768,0.0526,0.0,0.0,0.280782487,2119
k2437,0.0759,0.0,0.0,0.0455,0.0,0.0955,0.0,0.0,0.0,0.17158841,1095
k1449,0.187111415,0.0,0.0,0.0,0.0,0.092,0.0,0.0,0.0,0.228285636,572
k1099,0.0,0.0,0.0,0.0,0.0,0.0247,0.0,0.0,0.0,0.170326019,870
k1122,0.0,0.0256,0.0,0.0,0.0,0.146383797,0.0789,0.0,0.0,0.0922,237
k3143,0.0,0.0256,0.0,0.0,0.0,0.123302538,0.105263158,0.0,0.0,0.116501135,3171
k653,0.0,0.0,0.0,0.0,0.0,0.0247,0.0,0.0,0.0,0.0515,285
k3095,0.0759,0.0,0.0,0.0,0.0,0.100669594,0.0,0.0,0.0,0.240651608,1265
k1317,0.0759,0.0,0.0,0.0455,0.125,0.214629711,0.131578947,0.0667,0.0238,0.138319132,1828
k1368,0.146735246,0.0,0.0,0.0,0.0,0.0602,0.0263,0.0,0.0,0.165230607,2490
k1601,0.0958,0.0,0.0,0.0909,0.0,0.145993325,0.0789,0.0,0.0,0.118021882,3152
k442,0.409248091,0.0,0.0,0.0,0.0,0.14233445,0.0263,0.0,0.0,0.266073348,2245
k2364,0.0,0.0769,0.0,0.0,0.0,0.0,0.0,0.0,0.0,0.234550229,1499
k2460,0.0759,0.0,0.0,0.0909,0.0,0.146861042,0.0,0.0,0.0,0.205345916,1605
k1802,0.0,0.0,0.0,0.0,0.0,0.0814,0.0,0.266666667,0.0,0.0804,1651
k802,0.116986481,0.0,0.0,0.0,0.0,0.0784,0.0526,0.0,0.0,0.134257082,3056
k619,0.0,0.0,0.0,0.0,0.0,0.165401254,0.0,0.0,0.0,0.113272584,1555
k2375,0.0,0.0513,0.0,0.0,0.0,0.0893,0.0263,0.0,0.0,0.146857395,2297
k1673,0.0759,0.0,0.0,0.0,0.0,0.0891,0.0,0.0,0.0,0.184454326,785
k1021,0.0,0.0,0.0,0.0,0.0,0.0915,0.0263,0.0,0.0,0.172790687,2996
k976,0.0,0.0,0.0,0.0,0.0,0.0293,0.0,0.0,0.0,0.211215372,2573
k3185,0.0,0.0,0.0,0.0,0.0,0.11245608,0.0263,0.0,0.0,0.129822463,596
k816,0.0,0.0,0.0,0.0,0.0,0.0315,0.0263,0.0,0.0,0.129416841,3072
k1210,0.0759,0.0,0.0,0.0,0.0,0.0663,0.0,0.0,0.0,0.152915516,3405
k1374,0.0,0.0,0.0,0.0,0.0,0.0181,0.0,0.0,0.0,0.20327875,3263
k3024,0.20271856,0.0,0.0,0.272727273,0.0833,0.154612644,0.0,0.0667,0.0476,0.152027498,1516
k2813,0.0,0.0,0.0,0.0,0.0,0.0472,0.0,0.0,0.0,0.112120475,3289
k1759,0.0,0.0,0.0,0.0,0.0,0.0724,0.0,0.0,0.0,0.0726,157
k533,0.0,0.0513,0.0,0.0,0.0,0.055,0.0,0.0,0.0,0.19550303,2671
k1747,0.0,0.153846154,0.0,0.0,0.0,0.0753,0.0,0.0,0.0,0.195306806,2586
k2373,0.0,0.0,0.0,0.0,0.0,0.0693,0.0,0.0,0.0,0.18517114,133
k945,0.0759,0.0,0.0,0.0,0.0,0.133151119,0.0,0.0,0.0,0.0792,2222
k2026,0.244070367,0.153846154,0.0,0.0,0.0,0.0494,0.0,0.0,0.0,0.136936752,434
k491,0.146735246,0.0256,0.0,0.0,0.0,0.108348882,0.0,0.0,0.0,0.198768609,1590
k2397,0.0,0.0,0.0,0.0,0.0,0.100351428,0.0,0.0,0.0,0.166833259,1282
k88,0.0,0.0,0.0,0.0,0.0,0.0563,0.0,0.0,0.0,0.175335165,1155
k833,0.0,0.0,0.0,0.0,0.0,0.051,0.0,0.0,0.0,0.140223743,1196
k3267,0.29347048,0.0513,0.0,0.0,0.0,0.0668,0.0,0.0,0.0,0.13015699,1090
k1412,0.16666667,0.0,0.0,0.0,0.0,0.142681546,0.0,0.0667,0.0,0.189963382,2050
k2545,0.182571738,0.0,0.0,0.0,0.0,0.26505851,0.0,0.0,0.0,0.0174,975
k2078,0.123331781,0.0,0.0179,0.0909,0.0,0.128986082,0.0,0.0,0.0,0.213008881,1097
k1858,0.0,0.0,0.0,0.0,0.0,0.0,0.0,0.0,0.0,0.223921615,495
k3192,0.0,0.128205128,0.0,0.0,0.0,0.0554,0.0,0.0,0.0,0.238393724,649
k1635,0.0759,0.0,0.0,0.0455,0.0,0.091,0.0,0.0,0.0,0.204126275,1863
k115,0.0,0.0513,0.0,0.0,0.0,0.0427,0.0,0.0,0.0,0.302090887,2219
k607,0.0,0.0,0.0,0.0,0.0,0.0376,0.0,0.0,0.0,0.165636229,808
k450,0.0,0.0,0.0,0.0,0.0,0.00937,0.0,0.0,0.0,0.229170253,1589
k8,0.0,0.0,0.0,0.0,0.0,0.0293,0.0,0.0,0.0,0.0924,828
k911,0.0,0.0,0.0,0.0,0.0,0.0812,0.0,0.0,0.0,0.0438,903
k287,0.151829477,0.0,0.0,0.181818182,0.0,0.132529254,0.0,0.0,0.0,0.212948735,2863
k1232,0.0,0.0,0.0,0.0,0.0,0.0181,0.0,0.0,0.0,0.237419266,3244
k1041,0.0759,0.0,0.0,0.0,0.0,0.0796,0.0,0.0,0.0,0.144573272,567
k451,0.0,0.0,0.0,0.0,0.0,0.0472,0.0,0.0,0.0,0.155959927,2134
k1571,0.151829477,0.0,0.0,0.0,0.0,0.179183486,0.0,0.0,0.0,0.0987,531
k2622,0.0,0.0,0.0,0.0,0.0,0.111009885,0.0,0.0,0.0,0.199639696,762
k1513,0.0,0.0,0.0,0.0,0.0,0.0186,0.0,0.0,0.0,0.151030634,987
k3094,0.0,0.0,0.0,0.0,0.0,0.0376,0.0,0.0,0.0,0.199776746,2464
k1862,0.0,0.0,0.0,0.0,0.0,0.0,0.0,0.0,0.0,0.240991868,2792
k2892,0.0759,0.0,0.0,0.0,0.0,0.1038946,0.0,0.0,0.0,0.104169385,478
k740,0.0759,0.0,0.0,0.0,0.0,0.100669594,0.0,0.0,0.0,0.189440849,833
k1935,0.0,0.0256,0.0,0.0,0.0,0.056,0.0263,0.0,0.0,0.349182214,2056
k3064,0.0,0.0,0.0,0.0,0.0,0.0376,0.0,0.0,0.0,0.0734,2558
k1345,0.16666667,0.0,0.0,0.0,0.0,0.11611495,0.0,0.0,0.0,0.176678477,1012
k1123,0.0759,0.0,0.0,0.0,0.0,0.1038946,0.0,0.0,0.0,0.104169385,106
k3134,0.313401916,0.0,0.0982,0.0,0.0,0.210696062,0.0789,0.0,0.0,0.319574515,1864
k2648,0.146735246,0.0,0.0,0.0,0.0,0.0816,0.0,0.0,0.0,0.267863521,2582
k2282,0.0,0.0,0.0,0.0,0.0,0.11129912,0.0,0.0,0.0,0.125676274,1627
k1050,0.0,0.0,0.0,0.0,0.0,0.0945,0.0,0.0,0.0,0.104749142,261
k1211,0.16666667,0.0256,0.0,0.0,0.0,0.0916,0.0526,0.133333333,0.0,0.118489162,335
k1900,0.0,0.0,0.0,0.0,0.0,0.137142618,0.0,0.0,0.0,0.139361726,1753
k411,0.222649984,0.0,0.0,0.0,0.0,0.108348882,0.0,0.0,0.0,0.0697,1338
k1397,0.16666667,0.0,0.0,0.0,0.0,0.163506739,0.0263,0.0667,0.142857143,0.0561,624
k438,0.0,0.0,0.0,0.0,0.0,0.055,0.0,0.0,0.0,0.236085197,3339
k1051,0.0,0.0,0.0,0.0,0.0,0.0534,0.0263,0.0,0.0,0.173878807,703
k1512,0.116986481,0.0,0.0,0.0,0.0,0.0426,0.0,0.0,0.0,0.168317757,53
k3357,0.16666667,0.0,0.0,0.0,0.0,0.0539,0.0,0.0,0.0,0.079,180
k310,0.0,0.0,0.0,0.0,0.0,0.0174,0.0,0.0,0.0,0.245921183,1507
k421,0.16666667,0.0256,0.0,0.0,0.0,0.0853,0.0263,0.0,0.0,0.139324926,479
k609,0.0759,0.0,0.0,0.0455,0.0,0.091,0.0,0.0,0.0,0.116390173,1701
k1369,0.0,0.0,0.0,0.0,0.0,0.10252072,0.0,0.0,0.0,0.0,3346
k179,0.0,0.0,0.0,0.0,0.0,0.0247,0.0,0.0,0.0,0.219151984,838
k1391,0.16666667,0.102564103,0.00893,0.0,0.0,0.0848,0.0,0.0,0.0,0.477644412,697
k775,0.0,0.0,0.0,0.0,0.0,0.114914606,0.0263,0.0,0.0,0.0732,1053
k3221,0.146735246,0.0513,0.0,0.0,0.0,0.0668,0.0,0.0,0.0,0.0833,1880
k1529,0.0,0.0,0.0,0.0,0.0,0.0645,0.0,0.0667,0.0,0.157699618,3134
k262,0.0,0.0,0.0,0.0,0.0,0.0471,0.0,0.0,0.0,0.0854,2659
k429,0.0,0.0,0.0268,0.0,0.0,0.0719,0.0526,0.0,0.0,0.317189677,1584
k1157,0.0759,0.0769,0.0,0.0,0.0,0.0663,0.0,0.0,0.0,0.156194949,2953
k2267,0.0,0.0,0.0,0.0,0.0,0.0774,0.0,0.0,0.0,0.2782514,2857
k1645,0.0,0.0,0.0,0.0,0.0,0.0,0.0,0.0,0.0,0.262831775,3332
k3108,0.0,0.0,0.0,0.0,0.166666667,0.0837,0.0,0.0,0.0,0.0724,1533
k2037,0.0,0.0,0.0,0.0,0.0,0.0368,0.0,0.0,0.0,0.216550287,591
k711,0.0,0.0256,0.0,0.0,0.0,0.038,0.0,0.0,0.0,0.127251638,201
k389,0.16666667,0.0256,0.0,0.0,0.0,0.0539,0.0,0.0,0.0,0.166645738,2512
k372,0.0,0.0,0.0,0.0,0.0,0.094,0.0526,0.0,0.0,0.218944325,3008
k648,0.0,0.0,0.0268,0.0,0.0,0.114061357,0.0263,0.0,0.0,0.201053606,2375
k1164,0.29347048,0.0,0.0,0.0,0.0,0.094,0.0,0.0,0.0,0.253394954,2525
k1472,0.0,0.0,0.0,0.0,0.0,0.0942,0.105263158,0.0,0.0,0.128219822,1175
k2360,0.0,0.0,0.0268,0.0,0.0,0.0719,0.0526,0.0,0.0,0.317189677,2998
k792,0.16666667,0.0,0.0,0.0455,0.0,0.139268525,0.105263158,0.0,0.0714,0.2467924,2725
k3403,0.16666667,0.0,0.0,0.0,0.0,0.129738098,0.0,0.0,0.0,0.124421096,2931
k1075,0.0,0.0,0.0,0.0,0.0,0.0867,0.0,0.0,0.0,0.205903069,637
k2501,0.0,0.0,0.0,0.0,0.0,0.0317,0.0,0.0,0.0,0.199480034,1214
k2368,0.0759,0.0513,0.0,0.0,0.0,0.0663,0.0,0.0,0.0,0.136441656,607
k1805,0.0,0.0,0.0,0.0,0.0,0.100684059,0.0526,0.0,0.0,0.17766275,2316
k3047,0.0,0.0,0.0,0.0,0.0,0.0586,0.0263,0.0,0.0,0.222997315,948
k2915,0.12680381,0.0,0.0,0.0,0.0,0.118862721,0.0526,0.0667,0.0,0.18994076,620
k793,0.521214708,0.0,0.0714,0.0,0.0,0.270727592,0.0,0.0,0.0,0.236913006,2004
k2701,0.0,0.0,0.0,0.0,0.0833,0.12123448,0.0526,0.0,0.0,0.129822463,3078
k121,0.0,0.0,0.0,0.0,0.0,0.0759,0.0,0.0,0.0,0.230047949,2243
k278,0.0,0.0,0.0,0.0,0.0,0.0961,0.0263,0.0,0.0,0.110852858,2675
k1356,0.151829477,0.0,0.0,0.0909,0.0,0.16693422,0.0,0.0,0.0,0.10023482,75
k2512,0.242581421,0.0,0.0,0.0,0.0,0.122420359,0.0263,0.0,0.0,0.139021465,2533
k3400,0.0,0.0,0.0,0.0,0.0,0.0467,0.0,0.0,0.0,0.237984561,464
k764,0.0759,0.0,0.0,0.0,0.0,0.0955,0.0,0.0,0.0,0.17158841,3157
k213,0.0,0.0,0.0,0.0,0.0,0.12123448,0.0,0.0,0.0,0.177866263,2264
k1687,0.0,0.0,0.0,0.0,0.0,0.129940564,0.0526,0.0,0.0,0.169726139,820
k2825,0.0,0.0,0.0,0.0,0.0,0.0376,0.0,0.0,0.0,0.182706493,198
k842,0.0,0.0,0.0,0.0,0.166666667,0.163839364,0.0,0.0,0.0,0.14294356,2467
k2079,0.0,0.0,0.0,0.0,0.0,0.0,0.0,0.0,0.0,0.240991868,601
k2017,0.0,0.256410256,0.0,0.0,0.0,0.0753,0.0,0.0,0.0,0.23481338,23
k2118,0.242581421,0.0,0.0714,0.136363636,0.0,0.230494464,0.157894737,0.0,0.0,0.111120619,98
k1691,0.16666667,0.128205128,0.0,0.0,0.0,0.0916,0.0526,0.133333333,0.0,0.224266627,2808
k1801,0.0,0.0513,0.0,0.0,0.0,0.0528,0.0,0.0,0.0,0.471737195,480
k1145,0.0759,0.0,0.0,0.0,0.0,0.0837,0.0,0.0,0.0,0.111403661,3280
k1686,0.0,0.0,0.0,0.0,0.0,0.00435,0.0,0.0,0.0,0.25315545,732
k850,0.0,0.0,0.0,0.0,0.0,0.0181,0.0,0.0,0.0,0.0865,1776
k2580,0.16666667,0.0,0.0,0.0,0.166666667,0.161829154,0.0,0.0,0.0476,0.115542648,331
k1281,0.0,0.0,0.0,0.0,0.0,0.118356544,0.0,0.0667,0.0,0.142377197,1873
k2510,0.0759,0.0,0.0536,0.0,0.0,0.138198334,0.0,0.0,0.0,0.409049195,2030
k95,0.116986481,0.0,0.0,0.0,0.0,0.0426,0.0,0.0,0.0,0.0953,869
k3241,0.0,0.0513,0.0,0.0,0.0,0.0186,0.0,0.0,0.0,0.153713641,2761
k489,0.0,0.0,0.0,0.0,0.0,0.0293,0.0,0.0,0.0,0.0726,2981
k1716,0.187111415,0.0256,0.0,0.0,0.0,0.147005661,0.0,0.2,0.0,0.102502868,1719
k2515,0.16666667,0.0,0.0,0.0,0.0,0.038,0.0,0.0,0.0,0.264810968,3277
k1,0.0759,0.0,0.0,0.0,0.0,0.0663,0.0,0.0,0.0,0.174755401,2904
k3411,0.179410459,0.0,0.0,0.0,0.0,0.0,0.0,0.0,0.0,0.0746,307
k1061,0.0,0.0,0.0,0.0,0.0,0.0843,0.0,0.0,0.0,0.0457,1696
k2699,0.0759,0.0,0.0179,0.0,0.0,0.125746599,0.0,0.0,0.0,0.20160442,2893
k1578,0.16666667,0.0,0.0,0.0,0.0,0.0808,0.0526,0.0,0.0,0.282257775,1640
k253,0.0958,0.102564103,0.0,0.0,0.0,0.103301666,0.0789,0.0,0.0,0.259674977,529
k1936,0.0,0.0,0.0,0.0,0.0,0.0539,0.0,0.0,0.0,0.177074856,1034
k1154,0.146735246,0.0,0.0,0.0455,0.0,0.0855,0.0,0.0,0.0,0.261172444,2090
k500,0.0759,0.0,0.0,0.0,0.0,0.1038946,0.0,0.0,0.0,0.104169385,2114
k2088,0.0,0.0,0.0,0.0,0.0,0.0181,0.0,0.0,0.0,0.237419266,1947
k2589,0.0,0.0,0.0179,0.0455,0.0,0.0895,0.0789,0.0,0.0,0.534888996,1604
k1869,0.0759,0.0,0.0,0.0,0.0,0.141524586,0.0,0.0,0.0,0.0773,164
k113,0.0,0.0,0.0,0.0,0.0,0.0247,0.0,0.0,0.0,0.10003673,2988
k2777,0.16666667,0.0256,0.0,0.0,0.0,0.0916,0.0526,0.133333333,0.0,0.118489162,2762
k931,0.0759,0.0,0.0,0.0,0.0,0.0977,0.0,0.0,0.0,0.11281756,1314
k2252,0.0759,0.0,0.0,0.0,0.0,0.0849,0.0,0.0,0.0,0.196754958,375
k601,0.0,0.0,0.0,0.0455,0.0,0.0961,0.0263,0.0,0.0238,0.193442764,18
k233,0.0,0.0,0.0,0.0,0.0,0.0293,0.0,0.0,0.0,0.0877,3329
k948,0.0759,0.0513,0.0,0.0,0.0,0.093,0.0263,0.0,0.0,0.207116749,1447
k2643,0.151829477,0.0,0.0,0.0,0.0,0.207789197,0.0,0.0,0.0,0.161897627,1522
k2912,0.16666667,0.0,0.0,0.0,0.0,0.0514,0.0263,0.0,0.0,0.134968648,2683
k758,0.0759,0.0513,0.0,0.0,0.0,0.0663,0.0,0.0,0.0,0.136441656,1923
k2607,0.0,0.0,0.0,0.0,0.0,0.0791,0.0,0.0,0.0,0.11442546,2012
k2585,0.0,0.0,0.0,0.0,0.0,0.0315,0.0263,0.0,0.0,0.224307401,1822
k965,0.16666667,0.102564103,0.0179,0.0909,0.0,0.0982,0.0526,0.0,0.0,0.491142073,2784
k774,0.0,0.0,0.0,0.0,0.0,0.0,0.0,0.0,0.0,0.236222248,2705
k1667,0.0,0.0256,0.0,0.0,0.0,0.0797,0.0,0.0,0.0,0.349182214,1636
k122,0.0759,0.0,0.0,0.0,0.0,0.0796,0.0,0.0,0.0,0.23469419,3234
k3068,0.16666667,0.0,0.0,0.0,0.0,0.201136717,0.0789,0.2,0.119047619,0.0633,2744
k1942,0.234528457,0.0,0.0179,0.0,0.166666667,0.324381404,0.0,0.0,0.0952,0.236934732,85
k65,0.0,0.0,0.0,0.0,0.0,0.0832,0.0263,0.0,0.0,0.169138233,1457
k2590,0.0,0.0,0.0179,0.0,0.0,0.0673,0.0263,0.0,0.0,0.278685173,2618
k473,0.0,0.0,0.0,0.0,0.0,0.0766,0.0526,0.0,0.0,0.187405515,1665
k1777,0.16666667,0.0,0.0,0.0,0.0,0.0539,0.0,0.0,0.0,0.0639,1936
k1839,0.0,0.0,0.0,0.0,0.0,0.0563,0.0,0.0,0.0,0.0625,1835
k1948,0.222649984,0.0,0.0,0.0,0.0,0.183637765,0.105263158,0.0,0.0,0.0922,3191
k1809,0.0,0.0256,0.0,0.0,0.0,0.0753,0.0,0.0,0.0,0.102502868,2945
k859,0.0,0.153846154,0.0179,0.0,0.0,0.0842,0.0,0.0,0.0,0.275888472,1216
k678,0.242581421,0.0,0.0,0.0,0.0833,0.17616094,0.0,0.0,0.0238,0.136260107,2975
k1175,0.0759,0.0,0.0,0.0,0.0,0.105745739,0.0,0.0,0.0,0.291668129,2905
k629,0.0,0.0769,0.0,0.0,0.0,0.0,0.0,0.0,0.0,0.26074515,3349
k1233,0.0,0.0,0.0,0.0,0.0,0.0966,0.0789,0.0,0.0,0.107536558,537
k3103,0.0,0.0256,0.0,0.0,0.0417,0.0595,0.0,0.133333333,0.0,0.12940911,1772
k2308,0.0,0.0256,0.0,0.0,0.0,0.0673,0.0,0.0,0.0,0.0907,770
k3265,0.16666667,0.0,0.0,0.0,0.0,0.145978863,0.0,0.133333333,0.0,0.0799,2688
k721,0.0,0.0,0.0,0.0,0.0,0.0582,0.0263,0.0,0.0,0.229462808,1187
k3280,0.0,0.0,0.0,0.0,0.0,0.0539,0.0,0.0,0.0,0.075,217
k1150,0.0,0.0,0.0,0.0,0.0,0.0585,0.0263,0.0,0.0,0.242188898,2213
k3170,0.151829477,0.0,0.0714,0.272727273,0.0,0.21298105,0.0526,0.0,0.0,0.181432516,1950
k2549,0.0,0.0,0.0,0.0,0.0,0.0247,0.0,0.0,0.0,0.159715223,2589
k508,0.0,0.0513,0.0,0.0,0.0,0.0663,0.0,0.0,0.0,0.156262685,24
k2351,0.227744228,0.0,0.0,0.181818182,0.0,0.198793897,0.0,0.0,0.0,0.16378251,690
k2662,0.0,0.102564103,0.0,0.0,0.0,0.0,0.0,0.0,0.0,0.238905265,1965
k921,0.0,0.0,0.0,0.0,0.0,0.0177,0.0,0.0,0.0,0.300793607,2356
k201,0.146735246,0.0,0.0,0.0,0.0,0.121697262,0.0,0.0,0.0,0.196868004,1838
k3243,0.0,0.0,0.0,0.0,0.0,0.139673458,0.0526,0.0,0.0,0.0462,2184
k1653,0.0,0.0,0.0,0.0,0.0,0.0174,0.0,0.0,0.0,0.216550287,2034
k398,0.0,0.0256,0.0,0.0,0.0,0.0376,0.0,0.0,0.0,0.219530027,17
k961,0.0,0.0,0.0,0.0,0.0,0.094,0.0526,0.0,0.0,0.218944325,2299
k1291,0.0,0.0,0.0,0.0,0.0,0.0784,0.0526,0.0,0.0,0.246712569,2706
k2278,0.0,0.0,0.0,0.0,0.0,0.0293,0.0,0.0,0.0,0.172305213,2736
k3015,0.0759,0.0769,0.0,0.0,0.0,0.0663,0.0,0.0,0.0,0.156194949,1354
k549,0.0759,0.0,0.0,0.0,0.0,0.0663,0.0,0.0,0.0,0.140614884,1085
k2628,0.0,0.0513,0.0,0.0,0.0,0.0673,0.0,0.0,0.0,0.133421931,110
k2730,0.16666667,0.0,0.0,0.0,0.0,0.0539,0.0,0.0,0.0,0.0686,3272
k476,0.16666667,0.0,0.0,0.0,0.0,0.0627,0.0,0.0,0.0,0.279872937,276
k935,0.146735246,0.0,0.0,0.0,0.0,0.0713,0.0263,0.0,0.0,0.12664625,807
k605,0.0759,0.0,0.0,0.0,0.0,0.141524586,0.0,0.0,0.0,0.0773,2713
k3027,0.0,0.0,0.0,0.0,0.0,0.0833,0.0,0.0,0.0,0.152929975,1520
k3125,0.0,0.0,0.0,0.0,0.0,0.0404,0.0,0.0,0.0,0.265615755,3322
k3392,0.0,0.0,0.0,0.0,0.0,0.0472,0.0,0.0,0.0,0.14149136,723
k2529,0.0,0.0,0.0,0.0,0.0,0.0777,0.0263,0.0,0.0,0.206129182,1831
k2036,0.0,0.0,0.0,0.0,0.0,0.0181,0.0,0.0,0.0,0.0818,1699
k24,0.0,0.0,0.0,0.0,0.0,0.0683,0.0263,0.0,0.0,0.131575543,3011
k2495,0.0759,0.0,0.0,0.0,0.0,0.0849,0.0,0.0,0.0,0.211063853,1275
k2924,0.151829477,0.0,0.0,0.0,0.0,0.132529254,0.0,0.0,0.0,0.108518912,2247
k1940,0.0,0.0,0.0,0.0,0.0,0.0376,0.0,0.0,0.0,0.153335597,627
k3057,0.0,0.0,0.0,0.0,0.0,0.0293,0.0,0.0,0.0,0.25012552,1547
k3029,0.0,0.0,0.0,0.0,0.0,0.0247,0.0,0.0,0.0,0.167941214,2976
k1564,0.0,0.0256,0.0,0.0,0.0,0.0404,0.0,0.0,0.0,0.185549183,2596
k3324,0.0759,0.0513,0.0,0.0,0.0,0.0663,0.0,0.0,0.0,0.133758639,415
k2298,0.16666667,0.0,0.0,0.0,0.0,0.0808,0.0526,0.0,0.0,0.231046994,1002
k1302,0.0,0.0,0.0179,0.0455,0.208333333,0.240386434,0.131578947,0.133333333,0.119047619,0.322237113,1475
k761,0.0,0.0,0.0,0.0,0.0,0.0181,0.0,0.0,0.0,0.227880014,3053
k289,0.0,0.0,0.0,0.0,0.0,0.0118,0.0,0.0,0.0,0.29945956,2010
k292,0.0958,0.0,0.0,0.0909,0.0,0.119065188,0.0,0.0,0.0,0.172464896,655
k1827,0.0759,0.0,0.0,0.0,0.0,0.0663,0.0,0.0,0.0,0.174755401,801
k2420,0.214083724,0.102564103,0.0,0.0,0.0,0.108001798,0.0,0.0,0.0952,0.146798286,1813
k845,0.333333341,0.0256,0.0,0.0,0.0417,0.229684609,0.0526,0.133333333,0.0238,0.169699942,2556
k1674,0.0759,0.0,0.0179,0.0909,0.0,0.268066594,0.157894737,0.0,0.0,0.140703937,939
k803,0.0,0.0,0.0,0.0,0.0,0.0927,0.0,0.0,0.0,0.153198547,2529
k979,0.0,0.0,0.0,0.0,0.0,0.0315,0.0263,0.0,0.0,0.151256736,2699
k313,0.0,0.0,0.0,0.0,0.0,0.0981,0.0,0.0,0.0,0.103436601,2839
k2804,0.0,0.0,0.0,0.0,0.0,0.0186,0.0,0.0,0.0,0.172870518,2950
k1808,0.122035183,0.102564103,0.0,0.0,0.0,0.0247,0.0,0.0,0.0,0.159185714,432
k416,0.16666667,0.0256,0.0,0.0,0.0,0.0808,0.0526,0.0,0.0,0.228960391,755
k3084,0.16666667,0.0,0.0,0.0,0.0,0.0944,0.0,0.0,0.0,0.233860043,225
k767,0.0,0.0,0.0,0.0,0.0,0.0247,0.0,0.0,0.0,0.15363233,1706
k1906,0.0,0.0,0.0,0.0,0.0,0.0,0.0,0.0,0.0,0.215386484,2882
k2453,0.0,0.0,0.0,0.0,0.0,0.0832,0.0263,0.0,0.0,0.194521662,775
k1298,0.0759,0.0,0.0,0.0,0.0,0.0663,0.0,0.0,0.0,0.21843517,3161
k58,0.0,0.0,0.0,0.0,0.0,0.0713,0.0,0.0,0.0,0.109655828,2057
k2743,0.0,0.0,0.0,0.0,0.0,0.0293,0.0,0.0,0.0,0.216491696,1201
k1756,0.0,0.0513,0.0,0.0,0.0,0.0528,0.0,0.0,0.0,0.381616255,2833
k1540,0.0,0.0513,0.0,0.0,0.0,0.084,0.0,0.0,0.0,0.127242665,3005
k1267,0.242581421,0.0,0.0,0.0,0.166666667,0.120207683,0.0,0.0,0.0,0.0993,348
k186,0.16666667,0.0,0.0,0.0,0.0,0.0539,0.0,0.0,0.0,0.0642,273
k735,0.242581421,0.0,0.0,0.0,0.0,0.120207683,0.0,0.0,0.0,0.116390173,1285
k808,0.0,0.0,0.0,0.0,0.0,0.0,0.0,0.0,0.0,0.258062132,851
k1615,0.146735246,0.0,0.0,0.0,0.0,0.127496504,0.105263158,0.0,0.0,0.136156445,58
k509,0.0,0.0,0.0,0.0,0.0,0.0481,0.0,0.0,0.0,0.286188022,80
k2083,0.0,0.102564103,0.0,0.0,0.0,0.0,0.0,0.0,0.0,0.285761009,454
k1247,0.0,0.0,0.0,0.0,0.0,0.038,0.0,0.0,0.0,0.215579382,2009
k1159,0.0,0.0,0.0,0.0,0.0,0.0,0.0,0.0,0.0,0.223921615,1235
k1038,0.0,0.0,0.0,0.0,0.0,0.0796,0.0526,0.0,0.0,0.140129432,2982
k2346,0.0,0.0,0.0,0.0,0.0,0.0601,0.0,0.0,0.0,0.0827,1857
k3053,0.0,0.0,0.0,0.0,0.0,0.0559,0.0,0.0,0.0,0.0953,612
k2309,0.146735246,0.0,0.0,0.0,0.0,0.121697262,0.0,0.0,0.0,0.205403136,2013
k1744,0.0,0.0,0.0,0.0,0.0,0.0586,0.0263,0.0,0.0,0.185091298,429
k1198,0.151829477,0.0,0.0,0.181818182,0.0,0.132529254,0.0,0.0,0.0,0.212948735,1165
k348,0.0,0.102564103,0.0,0.0,0.0,0.0,0.0,0.0,0.0,0.246850861,515
k1892,0.0,0.0,0.0,0.0,0.0,0.0,0.0,0.0,0.0,0.258062132,1349
k716,0.16666667,0.0,0.0,0.0,0.0,0.101190224,0.0,0.0,0.0476,0.143876176,3109
k694,0.0,0.0,0.0,0.0,0.0,0.100684059,0.0263,0.0,0.0,0.131438504,283
k1379,0.151829477,0.0,0.0,0.0,0.166666667,0.155364665,0.0,0.0,0.0,0.22264766,852
k2493,0.0,0.0513,0.0,0.0,0.0,0.0,0.0,0.0,0.0,0.234550229,2927
k3262,0.0,0.0,0.0,0.0,0.0,0.0247,0.0,0.0,0.0,0.202081731,1105
k2849,0.0,0.0,0.0,0.0,0.0,0.082,0.0263,0.0,0.0,0.11450529,1454
k1983,0.0,0.0,0.0,0.0,0.0417,0.134713011,0.0,0.0,0.0,0.199639696,1853
k2776,0.0,0.0,0.0,0.0,0.0,0.0729,0.0,0.0667,0.0,0.136345186,517
k166,0.0,0.0,0.0,0.0,0.0,0.0,0.0,0.0,0.0,0.240991868,2406
k1447,0.151829477,0.0,0.0,0.0,0.0,0.187556952,0.0,0.0,0.0,0.0816,1470
k2605,0.0,0.0,0.0,0.0,0.0,0.116259567,0.0,0.0,0.0,0.118944056,3427
k184,0.0,0.0,0.0,0.0,0.0417,0.0765,0.0,0.0667,0.0,0.0871,77
k35,0.0,0.0,0.0,0.0,0.0,0.0133,0.0,0.0,0.0,0.150059707,445
k440,0.0,0.0,0.0,0.0,0.0,0.0554,0.0,0.0,0.0,0.170000239,811
k823,0.0,0.0,0.0,0.0,0.0,0.100684059,0.0526,0.0,0.0,0.194733025,264
k3113,0.0,0.0,0.0,0.0,0.0,0.0591,0.0,0.0,0.0,0.271549168,1755
k3247,0.0,0.0,0.0,0.0,0.0,0.0,0.0,0.0,0.0,0.262831775,2883
k667,0.0,0.0,0.0,0.0,0.0,0.0749,0.0,0.0,0.0,0.132910552,2559
k1292,0.0,0.0,0.0,0.0,0.0,0.0373,0.0263,0.0,0.0,0.171028904,2638
k2799,0.0,0.0,0.0,0.0,0.0,0.0585,0.0263,0.0,0.0,0.194743618,1221
k3151,0.0,0.0,0.0,0.0,0.0,0.100684059,0.0263,0.0,0.0,0.17766275,326
k322,0.0759,0.0,0.0,0.0,0.0,0.0663,0.0,0.0,0.0,0.152915516,468
k1632,0.0759,0.0513,0.0,0.0,0.0,0.0663,0.0,0.0,0.0,0.146473855,861
k1091,0.151829477,0.0,0.0536,0.0,0.0,0.170882331,0.0,0.0,0.0,0.32951305,1307
k2200,0.0,0.0,0.0,0.0909,0.0,0.121581563,0.0,0.0,0.0,0.243092272,1210
k1018,0.0759,0.0,0.0179,0.0455,0.0,0.147020123,0.0526,0.0,0.0,0.281540939,1791
k400,0.264625105,0.0,0.0,0.0,0.0,0.0696,0.0,0.0,0.0,0.103852991,2003
k1619,0.0759,0.0,0.0,0.0,0.0,0.0992,0.0,0.0,0.0,0.289203483,3174
k483,0.0,0.0256,0.0,0.0,0.0,0.0808,0.0526,0.0,0.0,0.306780677,3166
k2449,0.0,0.0,0.0,0.0,0.0,0.0765,0.0,0.0,0.0,0.133554737,2366
k2526,0.0759,0.0,0.0,0.0,0.0,0.0663,0.0,0.0,0.0,0.21843517,932
k21,0.12680381,0.0,0.0,0.0909,0.0,0.166948682,0.0263,0.0,0.0,0.0936,1850
k1764,0.0,0.0,0.0,0.0,0.0,0.133541585,0.0,0.0,0.0,0.18994076,3297
k105,0.0759,0.0,0.0,0.0,0.0,0.0663,0.0,0.0,0.0,0.21843517,1820
k1363,0.0,0.0,0.0,0.0,0.0,0.0765,0.0,0.0,0.0,0.150625001,1709
k1339,0.0,0.0,0.0,0.0,0.0,0.092,0.0526,0.0,0.0,0.168317757,1807
k2885,0.16666667,0.0256,0.0,0.0,0.0,0.038,0.0,0.0,0.0,0.136869242,305
k2470,0.333333341,0.0,0.0,0.0,0.166666667,0.155133274,0.0,0.266666667,0.0,0.0438,3004
k1585,0.0,0.0,0.0,0.0,0.0,0.102766571,0.0,0.0,0.0,0.169929641,1121
k2197,0.0,0.0,0.00893,0.0,0.0,0.0293,0.0,0.0,0.0,0.345769166,1827
k2293,0.0,0.0,0.0,0.0,0.0,0.0174,0.0,0.0,0.0,0.245921183,2516
k1077,0.0759,0.0,0.0,0.0,0.0,0.161785768,0.0,0.0,0.0,0.0835,1721
k1200,0.0,0.0769,0.0,0.0,0.0,0.0,0.0,0.0,0.0,0.26074515,1870
k717,0.0,0.0,0.0,0.0,0.0,0.0174,0.0,0.0,0.0,0.250690804,1274
k1352,0.16666667,0.0,0.0,0.0,0.0,0.038,0.0,0.0,0.0,0.058,958
k1177,0.242581421,0.0,0.0,0.0,0.0,0.117647912,0.0,0.0,0.0,0.177931603,3146
k2953,0.0,0.0,0.0,0.0,0.0,0.0719,0.0,0.0,0.0,0.158561624,3142
k1917,0.0759,0.0,0.0,0.0,0.0,0.1038946,0.0,0.0,0.0,0.104169385,1670
k2210,0.0759,0.0,0.0,0.0,0.0,0.138198334,0.0,0.0,0.0,0.238346623,2149
k525,0.0,0.0,0.0,0.0,0.0,0.0,0.0,0.0,0.0,0.0662,3071
k2059,0.0,0.0,0.0,0.0,0.0,0.100684059,0.0526,0.0,0.0,0.233643151,2505
k27,0.0958,0.0,0.0,0.0,0.0,0.151532249,0.0526,0.0,0.0,0.0818,1192
k3069,0.0,0.0,0.0,0.0,0.0,0.0376,0.0,0.0,0.0,0.175175482,2459
k2830,0.146735246,0.0,0.0,0.0,0.0,0.0956,0.0,0.0,0.0,0.202905252,642
k407,0.0,0.0769,0.0,0.0,0.0,0.0715,0.0,0.0,0.0,0.431225885,654
k1533,0.0,0.0,0.0,0.0,0.0833,0.0786,0.0,0.0,0.0,0.0736,2438
k497,0.0,0.0,0.0,0.0,0.0,0.0,0.0,0.0,0.0,0.223921615,1855
k1413,0.0,0.128205128,0.0,0.0,0.0,0.0,0.0,0.0,0.0,0.199995128,102
k1223,0.0,0.0,0.0,0.0,0.0,0.0819,0.0,0.0,0.0,0.245943784,2876
k2011,0.0,0.102564103,0.0,0.0,0.0,0.0,0.0,0.0,0.0,0.201499073,2781
k3171,0.0,0.0,0.0,0.0909,0.0,0.201194565,0.0,0.0,0.0,0.202033733,2217
k1740,0.0,0.0,0.0,0.0,0.0,0.116259567,0.0,0.0,0.0,0.08,3295
k897,0.0,0.0,0.0,0.0,0.0,0.0494,0.0,0.0,0.0,0.117779885,1678
k3142,0.0759,0.0,0.0,0.0,0.0,0.0663,0.0,0.0,0.0,0.179525033,413
k2116,0.0,0.0,0.0,0.0,0.0,0.0531,0.0,0.0,0.0,0.0732,2598
k2218,0.0759,0.0,0.0,0.0,0.0,0.105745739,0.0,0.0,0.0,0.297197832,2408
k1170,0.0,0.0,0.0,0.0,0.0,0.0585,0.0263,0.0,0.0,0.220349013,2246
k1310,0.16666667,0.0,0.0,0.0,0.0,0.0781,0.0263,0.0,0.0,0.171899613,2211
k197,0.369385242,0.0,0.0,0.0,0.0,0.150433142,0.0,0.0,0.0,0.0676,1190
k2119,0.0,0.0,0.0,0.0,0.0417,0.120684919,0.0263,0.0,0.0,0.233450264,136
k660,0.16666667,0.0,0.0,0.0,0.0,0.0853,0.0,0.0,0.0,0.165310438,2741
k1850,0.340539843,0.0,0.0,0.0,0.0,0.0849,0.0,0.0,0.0,0.0916,1659
k2144,0.0759,0.0,0.0,0.0,0.0,0.0663,0.0,0.0,0.0,0.213665549,2575
k3372,0.146735246,0.0,0.0,0.0,0.0,0.0586,0.0263,0.0,0.0,0.180321677,739
k2276,0.0759,0.102564103,0.0,0.0,0.0,0.0663,0.0,0.0,0.0,0.307817116,1300
k155,0.187111415,0.0,0.0,0.0,0.0,0.092,0.0,0.0,0.0,0.233055257,1613
k3119,0.0,0.0,0.00893,0.0,0.0,0.0133,0.0,0.0,0.0,0.298922416,722
k1889,0.0,0.0,0.0,0.0,0.0,0.0,0.0,0.0,0.0,0.120088217,151
k2758,0.16666667,0.0,0.0,0.0,0.0,0.150086055,0.0789,0.133333333,0.142857143,0.0962,845
k2469,0.16666667,0.0,0.0,0.0,0.0,0.0806,0.0,0.0,0.0,0.232244024,781
k1239,0.0759,0.0,0.0,0.0,0.0,0.121292329,0.0,0.0,0.0,0.169848708,2221
k459,0.0,0.0,0.0268,0.0909,0.0,0.298017295,0.0789,0.0,0.0,0.272845865,2992
k996,0.0,0.0,0.0,0.0,0.0,0.0753,0.0,0.0,0.0,0.18517114,2317
k1328,0.0759,0.0,0.0,0.0,0.0,0.0663,0.0,0.0,0.0,0.179525033,1708
k1373,0.0759,0.0,0.0,0.0,0.0,0.138299566,0.0,0.0,0.0,0.0724,2071
k2455,0.0,0.0,0.0,0.0,0.0,0.0317,0.0,0.0,0.0,0.143499622,94
k2638,0.116986481,0.0,0.0,0.0,0.0,0.0426,0.0,0.0,0.0,0.177857031,1169
k772,0.0,0.0,0.0,0.0,0.0,0.04,0.0263,0.0,0.0,0.143310892,1845
k2062,0.0,0.0,0.0,0.0,0.0,0.0766,0.0526,0.0,0.0,0.192175147,3357
k77,0.0759,0.0,0.0,0.0,0.0,0.093,0.0263,0.0,0.0,0.167610186,2766
k1651,0.0,0.0513,0.0,0.0,0.0,0.0755,0.0,0.0,0.0,0.277975086,1435
k1694,0.0,0.0,0.0,0.0,0.0,0.168987816,0.0,0.0,0.0,0.317475785,2256
k1546,0.151829477,0.0,0.0,0.0,0.0,0.157215793,0.0,0.0,0.0,0.135128439,2060
k1887,0.0,0.0,0.0,0.0,0.0,0.0911,0.0263,0.0,0.0,0.160729548,1193
k2632,0.151829477,0.0,0.0,0.181818182,0.0,0.132529254,0.0,0.0,0.0,0.152198692,2092
k2913,0.0,0.0,0.0,0.0,0.0,0.0275,0.0,0.0,0.0,0.223944227,2885
k1518,0.0,0.0,0.0,0.0,0.0,0.0376,0.0,0.0,0.0,0.170405872,1409
k2241,0.289998451,0.0,0.0,0.0,0.0,0.145400385,0.0263,0.0,0.0714,0.0653,1905
k2936,0.0,0.0256,0.0,0.0,0.0,0.116259567,0.0,0.0,0.0,0.116857453,2171
k3197,0.151829477,0.0,0.0,0.0,0.0,0.132529254,0.0,0.0,0.0,0.169268945,2077
k3065,0.333333341,0.0,0.0,0.0,0.0,0.112311463,0.0526,0.0,0.0,0.186594272,161
k2522,0.16666667,0.0,0.0,0.0,0.0,0.11303456,0.0,0.0,0.0,0.141331698,2357
k778,0.0,0.0,0.0,0.0,0.0,0.04,0.0263,0.0,0.0,0.111555191,2534
k1127,0.0,0.0,0.0,0.0,0.0,0.00435,0.0,0.0,0.0,0.270225714,1826
k769,0.0,0.0,0.0,0.0,0.0,0.0348,0.0,0.0,0.0,0.267920729,1478
k2873,0.0,0.0,0.0,0.0,0.0,0.1078861,0.0,0.0,0.0,0.181438865,2824
k3336,0.0759,0.0,0.0,0.0,0.0,0.104299545,0.0263,0.0,0.0,0.127503008,1825
k2010,0.0759,0.0,0.0,0.0,0.125,0.194267294,0.0,0.0,0.0,0.128063217,2488
k3235,0.0,0.0,0.0,0.0,0.0,0.0,0.0,0.0,0.0,0.113050153,3106
k1946,0.0,0.0,0.0,0.0,0.0,0.0315,0.0263,0.0,0.0,0.168326989,1431
k1876,0.0,0.0,0.0,0.0,0.0,0.0426,0.0,0.0,0.0,0.214085641,680
k2754,0.0,0.0,0.0,0.0,0.0,0.0373,0.0,0.0,0.0,0.272690361,1733
k784,0.0759,0.0,0.0,0.0,0.0,0.139644529,0.0,0.0,0.0,0.208758857,2059
k1624,0.0,0.0513,0.0,0.0,0.0,0.0,0.0,0.0,0.0,0.234550229,1977
k2312,0.0,0.102564103,0.0,0.0,0.0,0.0753,0.0,0.0,0.0,0.21237707,532
k1865,0.0,0.0,0.0,0.0,0.0,0.092,0.0,0.0,0.0,0.178851757,3125
k2263,0.502459961,0.0,0.0,0.0455,0.208333333,0.271768852,0.0526,0.4,0.0238,0.201569628,3384
k3079,0.0759,0.0513,0.0,0.0,0.0,0.0663,0.0,0.0,0.0,0.133758639,3227
k62,0.0,0.0,0.0,0.0,0.0,0.0494,0.0263,0.0,0.0,0.0,874
k2962,0.151829477,0.0,0.0,0.181818182,0.0,0.155364665,0.0,0.0667,0.0,0.144827353,3135
k852,0.0,0.0,0.0,0.0,0.0,0.0181,0.0,0.0,0.0,0.208048381,2870
k1462,0.0,0.0,0.0,0.0,0.0,0.172545454,0.105263158,0.0,0.0,0.0664,786
k1268,0.0,0.0,0.0,0.0,0.0,0.166399128,0.0,0.0,0.0,0.131425114,794
k1804,0.0759,0.0,0.0,0.0,0.0,0.091,0.0,0.0,0.0,0.0822,3313
k1249,0.0,0.0513,0.0,0.0,0.0,0.0601,0.0263,0.0,0.0,0.207201817,1890
k363,0.0,0.0,0.0,0.0,0.0417,0.108363347,0.0,0.0,0.0,0.0748,715
k284,0.0,0.0,0.0,0.0,0.0,0.0339,0.0,0.0,0.0,0.157859268,2085
k151,0.0,0.0,0.0,0.0,0.0,0.0376,0.0,0.0,0.0,0.175175482,1846
k646,0.0759,0.0,0.0,0.0,0.0,0.141524586,0.0,0.0,0.0,0.0943,628
k2211,0.0,0.0,0.0,0.0,0.0,0.0985,0.0,0.0,0.0,0.167963826,1122
k3008,0.146735246,0.0,0.0,0.0,0.0,0.120207683,0.0,0.0,0.0,0.22901057,842
k3424,0.0,0.0,0.0,0.0,0.0,0.148639861,0.0,0.0,0.0,0.155663193,2392
k1836,0.187111415,0.0,0.0,0.0,0.0,0.092,0.0,0.0,0.0,0.233055257,253
k2636,0.0,0.0,0.0,0.0,0.0,0.0174,0.0,0.0,0.0,0.0411,2476
k433,0.16666667,0.0,0.205357143,0.136363636,0.0,0.321026233,0.105263158,0.0,0.0,0.432604518,2595
k1165,0.0,0.0,0.0,0.0,0.0,0.0765,0.0,0.0,0.0,0.116484484,835
k423,0.0,0.0,0.0,0.0,0.0,0.0878,0.0263,0.0,0.0,0.0786,557
k2127,0.0,0.0,0.0,0.0,0.0,0.0585,0.0,0.0,0.0,0.125458464,1911
k3329,0.0,0.0,0.0,0.0,0.0,0.0,0.0,0.0,0.0,0.262831775,892
k174,0.0,0.0,0.0,0.0,0.0,0.069,0.0,0.0,0.0,0.131518335,2094
k2985,0.0759,0.0,0.0,0.0,0.0,0.0663,0.0,0.0,0.0,0.230735802,593
k3202,0.0,0.0,0.0,0.0,0.0,0.0892,0.0,0.0,0.0,0.0827,3115
k3361,0.0,0.0,0.0,0.0,0.0,0.0,0.0,0.0,0.0,0.236222248,3367
k274,0.146735246,0.0,0.0,0.0,0.0,0.0984,0.0,0.0,0.0,0.0804,2858
k264,0.0,0.0,0.0,0.0,0.0,0.126238311,0.0,0.0,0.0,0.159461931,3274
k2714,0.0,0.0,0.0,0.0,0.0,0.051,0.0,0.0,0.0,0.140223743,1725
k2359,0.146735246,0.0,0.0,0.136363636,0.0,0.17459905,0.0789,0.0,0.0,0.0946,1785
k2995,0.0,0.0,0.0,0.0,0.0,0.0753,0.0,0.0,0.0,0.0827,2268
k1634,0.146735246,0.0,0.0,0.0,0.0,0.0821,0.0,0.0,0.0,0.170415093,3131
k2884,0.0759,0.0256,0.0,0.0,0.0,0.1038946,0.0,0.0,0.0,0.106852406,2854
k1920,0.0,0.0,0.0,0.0,0.0417,0.0595,0.0,0.133333333,0.0,0.109655828,2193
k1383,0.16666667,0.0,0.0,0.0,0.0,0.0941,0.0526,0.0,0.0,0.239775014,541
k1278,0.0759,0.0,0.0,0.0,0.0,0.0853,0.0,0.0,0.0,0.135845242,2972
k742,0.333333341,0.128205128,0.0,0.0455,0.166666667,0.229684609,0.0526,0.4,0.0,0.287561159,204
k1234,0.0,0.0,0.0,0.0,0.0,0.101797623,0.0,0.0,0.0,0.279381967,3430
k797,0.333333341,0.0,0.0268,0.0455,0.0,0.116505418,0.0,0.0,0.0,0.267515107,274
k613,0.0,0.0,0.0,0.0,0.0,0.134640696,0.0789,0.0667,0.0,0.141565943,1907
k2713,0.0,0.0,0.0,0.0,0.0,0.132529254,0.0,0.0,0.0,0.0914,1948
k2697,0.16666667,0.0,0.0,0.0,0.0,0.0806,0.0263,0.0,0.0,0.181033243,2878
k2613,0.0,0.0,0.0,0.0,0.0,0.0771,0.0,0.0,0.0,0.236107809,2306
k1684,0.16666667,0.0,0.0,0.0,0.0,0.038,0.0,0.0,0.0,0.213600188,2239
k34,0.0,0.0,0.00893,0.0,0.166666667,0.3332755,0.0,0.133333333,0.0714,0.366079772,1814
k2345,0.0958,0.0,0.0,0.0909,0.0417,0.144749598,0.131578947,0.0,0.0476,0.113273232,150
k3394,0.0,0.0,0.0,0.0,0.0,0.123924401,0.0,0.0,0.0,0.0,3347
k2503,0.0,0.0,0.0,0.0,0.0,0.0965,0.0,0.0,0.0,0.194936505,293
k2101,0.146735246,0.0,0.0,0.0,0.0,0.0849,0.0,0.0,0.0,0.163034533,1469
k1382,0.0,0.0,0.0179,0.0,0.125,0.222352389,0.131578947,0.0,0.0476,0.207651992,3233
k3390,0.0,0.0,0.0,0.0,0.0,0.0791,0.0,0.0,0.0,0.0998,2608
k1057,0.5,0.0,0.0,0.0,0.0,0.174830441,0.0789,0.0,0.0,0.339820991,2560
k2254,0.0,0.0,0.0,0.0,0.0,0.0293,0.0,0.0,0.0,0.211215372,397
k1781,0.0,0.0,0.0,0.0,0.0,0.0293,0.0,0.0,0.0,0.10511354,166
k809,0.0,0.0,0.0,0.0,0.0,0.092,0.0,0.0,0.0,0.0629,1410
k3144,0.0,0.0,0.0,0.0,0.0,0.0629,0.0789,0.0,0.0,0.161181774,1166
k2281,0.0958,0.102564103,0.0,0.0,0.0,0.09,0.0526,0.0,0.0,0.268017211,1666
k2961,0.263721738,0.0,0.0,0.0,0.0,0.185922752,0.0526,0.0,0.0,0.107280239,1456
k674,0.0,0.0,0.0,0.0,0.0,0.0344,0.0,0.0,0.0,0.131415882,560
k2041,0.0759,0.0,0.0,0.181818182,0.0,0.166948682,0.0526,0.0,0.0,0.0943,2872
k3431,0.197949934,0.0513,0.0,0.0,0.0,0.091,0.0,0.0,0.0,0.114192705,394
k125,0.0,0.0,0.0,0.0,0.0,0.160382959,0.0526,0.0,0.0,0.0,3069
k2984,0.0,0.0,0.0,0.0,0.0,0.0181,0.0,0.0,0.0,0.225118634,3137
k1049,0.0,0.0,0.0,0.0,0.0,0.0467,0.0,0.0,0.0,0.126726092,2351
k1668,0.0,0.0,0.0,0.0,0.0,0.038,0.0,0.0,0.0,0.232649646,756
k1592,0.242581421,0.0,0.0,0.0909,0.0833,0.156102224,0.0,0.0,0.0,0.159744173,774
k31,0.0759,0.0,0.0,0.0,0.0833,0.126730011,0.0,0.0667,0.0,0.140477823,2319
k1840,0.227744228,0.0,0.0,0.0,0.0,0.198793897,0.0,0.0,0.0,0.16378251,144
k1589,0.16666667,0.0,0.0,0.0,0.0,0.0761,0.0,0.0,0.0,0.198103507,586
k2740,0.146735246,0.0513,0.0,0.0,0.0,0.226748806,0.0526,0.0,0.0,0.0392,919
k1048,0.16666667,0.0,0.0,0.0,0.0833,0.106034974,0.0,0.0,0.0,0.277054899,535
k1928,0.0759,0.0,0.0,0.0,0.0,0.0663,0.0,0.0,0.0,0.221196539,3040
k3140,0.0,0.0,0.0,0.0,0.0,0.137142618,0.0526,0.0,0.0,0.122291473,2561
k470,0.0,0.0,0.0,0.0,0.0,0.0561,0.0263,0.0,0.0,0.255846221,2823
k128,0.0,0.0,0.0,0.0,0.0,0.0696,0.0,0.0,0.0,0.131939636,494
k853,0.16666667,0.0,0.0,0.0,0.0,0.101190224,0.0,0.0,0.0476,0.109735659,2649
k1665,0.313401916,0.0769,0.0,0.0,0.0,0.0674,0.0,0.0,0.0,0.1692958,288
k606,0.0,0.0,0.0,0.0,0.0,0.0395,0.0,0.0,0.0,0.297154564,2815
k918,0.0,0.0,0.0,0.0,0.0,0.0719,0.0,0.0,0.0,0.0903,2871
k3285,0.0,0.0,0.0,0.0,0.0,0.0181,0.0,0.0,0.0,0.120688832,118
k2099,0.0,0.0,0.0,0.0,0.0,0.0247,0.0,0.0,0.0,0.117106987,1817
k2202,0.0,0.0,0.0,0.0,0.0,0.0753,0.0,0.0,0.0,0.0827,1851
k480,0.0,0.0,0.0,0.0,0.0,0.0315,0.0263,0.0,0.0,0.214768138,1086
k1238,0.0,0.0,0.0,0.0,0.0,0.0522,0.0,0.0,0.0,0.282389296,2944
k3341,0.0,0.0513,0.0,0.0,0.0,0.0404,0.0,0.0,0.0,0.285369036,3397
k137,0.0,0.0,0.0,0.0,0.0,0.0537,0.0,0.0,0.0,0.194459356,1486
k439,0.0,0.0,0.0,0.0,0.0833,0.0832,0.0,0.0,0.0,0.126913526,1692
k187,0.0,0.0,0.0,0.0,0.0,0.0426,0.0,0.0,0.0,0.168732611,2519
k1746,0.222649984,0.0,0.0,0.0,0.0,0.12858115,0.0,0.0,0.0,0.0822,1022
k397,0.0,0.0,0.0,0.0909,0.0,0.195785798,0.131578947,0.0,0.0,0.0585,1567
k2172,0.0,0.0,0.0,0.0,0.0,0.0606,0.0263,0.0,0.0,0.207505709,1603
k1867,0.0,0.0769,0.0,0.0,0.0,0.0,0.0,0.0,0.0,0.221835012,681
k1336,0.187111415,0.0,0.0,0.0,0.0,0.0761,0.0,0.0,0.0,0.0818,115
k2700,0.0,0.0,0.0,0.0,0.0,0.0426,0.0,0.0,0.0,0.246217895,1398
k2633,0.0,0.0,0.0,0.0,0.0,0.0181,0.0,0.0,0.0,0.21080974,1546
k1722,0.0,0.0,0.0,0.0,0.0,0.0,0.0,0.0,0.0,0.219151984,1712
k1569,0.0,0.0,0.0,0.0,0.0,0.0494,0.0,0.0,0.0,0.146101319,1288
k584,0.146735246,0.0,0.0,0.0,0.0,0.0725,0.0,0.0,0.0,0.292384933,1799
k2052,0.0,0.0,0.0,0.0,0.0417,0.0847,0.0,0.0,0.0,0.198183338,1135
k1925,0.0,0.0,0.0,0.0,0.0,0.0376,0.0,0.0,0.0,0.126726092,3175
k176,0.0,0.0,0.0,0.0,0.0,0.0181,0.0,0.0,0.0,0.0865,329
k791,0.0,0.0,0.0,0.0,0.0,0.0927,0.0,0.0,0.0,0.153198547,472
k2695,0.151829477,0.0,0.0,0.0,0.0,0.159226004,0.0263,0.0,0.0,0.16212373,509
k550,0.0,0.0513,0.0,0.0,0.0,0.0761,0.105263158,0.0,0.0,0.176086565,2504
k1616,0.0759,0.0,0.0,0.0,0.0,0.124777652,0.0263,0.0,0.0,0.197792315,1257
k1060,0.0,0.0,0.0,0.0909,0.0,0.1577075,0.0526,0.0,0.0,0.0964,710
k1432,0.0474,0.0,0.0,0.0,0.0,0.104400777,0.0,0.0,0.0,0.106940144,3074
k198,0.0,0.0,0.0,0.0,0.0,0.0307,0.0263,0.0,0.0,0.125618126,3031
k1810,0.0,0.0,0.0,0.0,0.0,0.0423,0.0,0.0,0.0,0.219311656,3054
k2,0.0,0.0,0.0,0.0,0.0,0.0293,0.0,0.0,0.0,0.112151606,1955
k901,0.0,0.0769,0.0,0.0,0.0,0.0421,0.0,0.0,0.0,0.204844579,1031
k144,0.0,0.0,0.0,0.0,0.0,0.06,0.0263,0.0,0.0,0.300604888,1581
k940,0.0,0.0,0.0,0.0,0.0,0.1078861,0.0,0.0,0.0,0.130228096,2899
k3116,0.0,0.0,0.0,0.0,0.0,0.0315,0.0263,0.0,0.0,0.168326989,1571
k426,0.0759,0.0,0.0179,0.0909,0.0,0.119412272,0.0,0.0,0.0,0.213825211,508
k2749,0.0759,0.0,0.0,0.0909,0.0,0.190897661,0.0,0.0,0.0,0.120942924,3133
k3234,0.0,0.0,0.0,0.0,0.0,0.0548,0.0,0.0667,0.0,0.196067094,2404
k457,0.0,0.0,0.0,0.0,0.0,0.0547,0.0263,0.0,0.0,0.187498736,1148
k3105,0.0,0.0,0.0,0.0,0.0,0.0911,0.0263,0.0,0.0,0.150893573,44
k3020,0.0759,0.0,0.0,0.0,0.0,0.092,0.0,0.0,0.0,0.113868307,1500
k1551,0.146735246,0.0,0.0,0.0,0.0,0.0719,0.0263,0.0,0.0,0.124341265,2143
k1947,0.0,0.0,0.0,0.0,0.0,0.0423,0.0,0.0,0.0,0.155959927,185
k1863,0.380750406,0.0,0.0268,0.0,0.0,0.352278494,0.0,0.0,0.142857143,0.404835356,3315
k1318,0.0,0.0,0.0,0.0,0.0417,0.104198311,0.0526,0.0,0.0,0.200836725,1069
k1097,0.0958,0.0,0.0,0.0,0.0,0.0853,0.0526,0.0,0.0,0.17467557,156
k3233,0.0,0.0,0.0,0.0,0.0,0.0713,0.0,0.0,0.0,0.177154676,1036
k3005,0.0,0.0,0.0,0.0,0.0417,0.0947,0.0263,0.133333333,0.0,0.172168174,1999
k3402,0.0958,0.0,0.0,0.0,0.0417,0.120540301,0.0789,0.0667,0.0,0.116390173,2364
k1789,0.0,0.0,0.0,0.0,0.0,0.0938,0.0,0.0,0.0,0.0238,2750
k462,0.0759,0.0,0.0,0.363636364,0.0,0.233213295,0.0526,0.0,0.0,0.0888,1747
k2177,0.0,0.0,0.0,0.0,0.0,0.0247,0.0,0.0,0.0,0.185011467,1525
k160,0.0,0.0,0.0,0.0455,0.0,0.11129912,0.0,0.0,0.0,0.128973857,2170
k2800,0.0,0.0,0.0,0.0,0.0,0.0853,0.0526,0.0,0.0,0.182300871,1672
k1206,0.0,0.0513,0.0,0.0,0.0,0.056,0.0263,0.0,0.0,0.142550788,456
k1971,0.0,0.0,0.0,0.0,0.0,0.0899,0.0263,0.0,0.0,0.25424357,1667
k622,0.0,0.0,0.0,0.0,0.0,0.0607,0.0,0.0,0.0,0.155880096,3010
k1246,0.0,0.0,0.0,0.0,0.0,0.0,0.0,0.0,0.0,0.258062132,337
k3293,0.0,0.0,0.0,0.0,0.0,0.0187,0.0,0.0,0.0,0.0,1949
k709,0.0759,0.0,0.0,0.0,0.0,0.141524586,0.0,0.0,0.0,0.0773,3086
k2320,0.0,0.0,0.0,0.0,0.0,0.0643,0.0,0.0,0.0,0.0707,64
k553,0.0,0.0,0.0,0.0,0.0,0.0541,0.0,0.0667,0.0,0.357093364,1673
k1877,0.151829477,0.0,0.0,0.0,0.0,0.132529254,0.0,0.0,0.0,0.125589176,1334
k2190,0.0759,0.0,0.0,0.0,0.0,0.0663,0.0,0.0,0.0,0.179525033,3160
k1978,0.0759,0.0,0.0,0.0,0.0,0.103084736,0.0,0.0,0.0,0.0896,1869
k2808,0.0,0.0,0.0,0.0,0.0,0.00713,0.0,0.0,0.0,0.226545924,1147
k967,0.0,0.0,0.0,0.0,0.0,0.0186,0.0,0.0,0.0,0.139490084,2032
k2452,0.0,0.0,0.0,0.0,0.0,0.0181,0.0,0.0,0.0,0.198509118,3098
k1007,0.0759,0.0,0.0,0.0,0.0,0.0663,0.0,0.0,0.0,0.179525033,1189
k2538,0.0,0.0,0.0,0.0,0.0,0.0566,0.0,0.0,0.0,0.131495713,436
k1992,0.0,0.0256,0.0,0.0,0.0,0.0275,0.0,0.0,0.0,0.256412736,2285
k1693,0.0759,0.0,0.0,0.0,0.0,0.0844,0.0,0.0,0.0,0.163651798,664
k1386,0.0759,0.0,0.0,0.0455,0.125,0.118356544,0.0,0.0,0.0,0.137607555,688
k2560,0.0,0.0,0.0,0.0,0.0,0.0939,0.0,0.0,0.0,0.0512,259
k3425,0.0,0.0,0.0,0.0,0.0,0.0842,0.0,0.0,0.0,0.136562067,2061
k2934,0.0,0.0,0.0,0.0,0.0417,0.0842,0.0,0.0,0.0,0.187339064,3232
k494,0.146735246,0.0,0.0,0.0455,0.0,0.079,0.0263,0.0,0.0,0.178892077,1127
k3204,0.151829477,0.0,0.0,0.0,0.0,0.157215793,0.0,0.0,0.0,0.0768,1250
k142,0.0,0.0,0.0,0.0,0.0,0.0,0.0,0.0,0.0,0.214382352,2915
k2735,0.0,0.0,0.0,0.0,0.166666667,0.155263431,0.0263,0.0,0.0238,0.155649815,2377
k3101,0.0,0.0,0.0,0.0,0.0,0.109563691,0.0263,0.0,0.0,0.12195645,895
k3342,0.0,0.0,0.0,0.0,0.0,0.0,0.0,0.0,0.0,0.142935937,475
k2734,0.0,0.0256,0.0,0.0,0.0,0.0634,0.0,0.0,0.0,0.139108034,2196
k1181,0.0,0.0256,0.0,0.0,0.0,0.0673,0.0,0.0,0.0,0.116147776,2466
k3315,0.0,0.0,0.0,0.0,0.0,0.0585,0.0263,0.0,0.0,0.225118634,2553
k2970,0.0,0.102564103,0.0,0.0,0.0,0.0,0.0,0.0,0.0,0.255975529,1118
k1536,0.0,0.205128205,0.0,0.0,0.0,0.0,0.0,0.0,0.0,0.223071801,3062
k1807,0.0759,0.0,0.0,0.0,0.0,0.141524586,0.0,0.0,0.0,0.150313809,2249
k1793,0.0,0.0,0.0,0.0,0.0,0.071,0.0,0.0,0.0,0.0816,843
k2917,0.116986481,0.0,0.0,0.0,0.0,0.0784,0.0526,0.0,0.0,0.151327345,981
k2681,0.0,0.0,0.0,0.0,0.0,0.0585,0.0263,0.0,0.0,0.208048381,735
k2212,0.16666667,0.0,0.0,0.0,0.0,0.0786,0.0,0.0,0.0,0.213001668,2844
k2663,0.151829477,0.0,0.0,0.181818182,0.0,0.181902332,0.0,0.0,0.0,0.152198692,2941
k2826,0.0,0.0,0.0,0.0,0.0,0.110952036,0.0,0.0,0.0,0.0876,3196
k3228,0.0958,0.0,0.0,0.0455,0.0,0.149912512,0.105263158,0.0,0.0,0.0994,1206
k824,0.0759,0.0,0.0,0.0909,0.0,0.141524586,0.0,0.0,0.0,0.150313809,1823
k2747,0.242581421,0.0,0.0,0.0,0.0833,0.157837657,0.0,0.0,0.0952,0.0724,1595
k637,0.0,0.0,0.0,0.0909,0.0,0.127351876,0.0526,0.0,0.0,0.189817391,2104
k1566,0.0,0.0513,0.0,0.0,0.0,0.0247,0.0,0.0,0.0,0.225010977,602
k3419,0.0,0.0,0.0,0.0,0.0,0.100684059,0.0526,0.0,0.0,0.0438,1832
k3056,0.0,0.0,0.0,0.0,0.0,0.0707,0.0,0.0,0.0238,0.201459228,2685
k2881,0.0,0.0,0.0,0.0,0.0,0.0853,0.0526,0.0,0.0,0.0922,1610
k666,0.0,0.0,0.0,0.0,0.0,0.0368,0.0263,0.0,0.0,0.118087125,361
k669,0.0,0.0513,0.0,0.0,0.0,0.0673,0.0,0.0,0.0,0.146137158,2261
k2230,0.16666667,0.0,0.0,0.0,0.0,0.0829,0.0263,0.0,0.0,0.14570494,2373
k139,0.0,0.0,0.0,0.0,0.0,0.0955,0.0,0.0,0.0,0.17158841,92
k1776,0.0,0.0,0.0,0.0,0.0,0.0426,0.0,0.0,0.0,0.209315998,3431
k946,0.242581421,0.0,0.0,0.0,0.0,0.108985212,0.0,0.0,0.0,0.303620348,2496
k1307,0.0,0.153846154,0.0,0.0,0.0,0.04,0.0,0.0,0.0,0.154526947,1847
k2124,0.0,0.0,0.0,0.0,0.0,0.0719,0.0263,0.0,0.0,0.0366,2440
k1966,0.0,0.0513,0.0,0.0,0.0,0.0,0.0,0.0,0.0,0.218744267,1249
k165,0.16666667,0.0,0.0179,0.0,0.0,0.308588962,0.0,0.133333333,0.0,0.337336476,2426
k1404,0.0,0.0,0.0,0.0,0.0,0.0494,0.0263,0.0,0.0,0.111960813,363
k2518,0.0,0.0,0.0,0.0,0.0,0.109563691,0.0263,0.0,0.0,0.0366,988
k704,0.0,0.0,0.0,0.0,0.0,0.0,0.0,0.0,0.0,0.240991868,1407
k1565,0.0,0.0,0.0,0.0,0.0,0.184621177,0.0,0.2,0.0,0.136890752,3045
k1741,0.0,0.0,0.00893,0.0,0.0,0.0474,0.0,0.0,0.0,0.379127518,2344
k540,0.0,0.0,0.0,0.0,0.0,0.055,0.0,0.0,0.0,0.163034533,33
k1824,0.0,0.0,0.0,0.0,0.0417,0.0468,0.0,0.0667,0.0,0.217225042,407
k2768,0.0,0.0,0.0,0.0,0.0,0.0911,0.0263,0.0,0.0,0.172950338,2137
k2719,0.0759,0.0,0.0,0.0,0.0,0.0955,0.0,0.0,0.0,0.17158841,930
k598,0.0,0.0,0.0,0.0,0.0,0.0668,0.0,0.0,0.0,0.207011035,2856
k2288,0.0,0.0,0.0,0.0,0.0,0.143288944,0.0789,0.0667,0.0476,0.0743,1780
k1166,0.146735246,0.0256,0.0,0.0,0.0,0.0586,0.0263,0.0,0.0,0.178235074,547
k499,0.0,0.0,0.0,0.0,0.0,0.0186,0.0,0.0,0.0,0.211780666,1292
k3220,0.0,0.0,0.00893,0.0,0.0,0.1525012,0.0,0.0,0.0,0.247344304,1373
k3173,0.116986481,0.0,0.0,0.0,0.0,0.0426,0.0,0.0,0.0,0.0726,1168
k371,0.0,0.0,0.0,0.0,0.0,0.1525012,0.0526,0.0,0.0,0.247344304,1677
k2164,0.0,0.0,0.0,0.0,0.0,0.129607947,0.0,0.0,0.0,0.214877048,3021
k919,0.0,0.0,0.0,0.0,0.0,0.22164374,0.0789,0.0,0.0,0.0602,3202
k3034,0.0,0.0,0.0,0.0,0.0,0.0181,0.0,0.0,0.0,0.208048381,1572
k2301,0.0,0.0513,0.0,0.0,0.0,0.0407,0.0,0.0,0.0,0.351048362,1865
k2354,0.0,0.0,0.0,0.0,0.0,0.0186,0.0,0.0,0.0,0.139490084,2165
k1528,0.0,0.0,0.0,0.0,0.0,0.0851,0.0,0.0,0.0,0.0998,1351
k94,0.0,0.0,0.0,0.0,0.0,0.0766,0.0526,0.0,0.0,0.226315664,2987
k2886,0.0,0.0,0.0,0.0,0.0,0.0494,0.0263,0.0,0.0,0.18978111,2415
k2358,0.0,0.0,0.0,0.0,0.0,0.0421,0.0,0.0,0.0,0.185091298,459
k251,0.0,0.0,0.0,0.0,0.125,0.177621596,0.131578947,0.0667,0.0476,0.182795556,1496
k2337,0.0,0.0,0.0,0.0,0.0,0.0267,0.0263,0.0,0.0,0.12464722,2642
k1260,0.0,0.0,0.0,0.0,0.125,0.128002669,0.0263,0.0,0.0,0.0946,2262
k236,0.0759,0.0,0.0,0.0,0.0,0.100669594,0.0,0.0,0.0,0.189440849,1580
k1207,0.0,0.0,0.0,0.0,0.0,0.0559,0.0,0.0,0.0,0.0726,2830
k2781,0.0,0.0,0.0,0.0,0.0,0.019,0.0,0.0,0.0,0.170326019,1331
k2348,0.146735246,0.0,0.0,0.0455,0.0,0.21413802,0.0526,0.0,0.0,0.116899339,2728
k2989,0.0759,0.0769,0.0,0.0,0.0,0.117647912,0.0,0.0,0.0,0.246809061,423
k1378,0.0474,0.0,0.0,0.0,0.0,0.0627,0.0,0.0,0.0,0.162514925,2860
k2977,0.0,0.0,0.0,0.0,0.0,0.165401254,0.0,0.0,0.0,0.0962,1504
k1556,0.0,0.0,0.0,0.0,0.0,0.082,0.0,0.0,0.0,0.167963826,2585
k127,0.0,0.0,0.0,0.0,0.0,0.0181,0.0,0.0,0.0,0.137759085,3242
k2272,0.146735246,0.0,0.0,0.0,0.0,0.172574378,0.0526,0.0,0.0476,0.107280239,3415
k3174,0.0,0.0,0.0,0.0,0.0,0.0643,0.0,0.0,0.0,0.175561267,291
k2489,0.0759,0.0,0.0,0.0,0.0,0.0663,0.0,0.0,0.0,0.21843517,315
k1300,0.0,0.0,0.0,0.0,0.0,0.0,0.0,0.0,0.0,0.219151984,2724
k356,0.0,0.0,0.0,0.0,0.0,0.0186,0.0,0.0,0.0,0.100579941,2102
k72,0.0759,0.0,0.0,0.0,0.0,0.0663,0.0,0.0,0.0,0.21843517,2718
k600,0.0,0.0,0.0,0.0,0.0,0.0226,0.0,0.0,0.0,0.246001014,3228
k555,0.0,0.0,0.0,0.0,0.0,0.100684059,0.0526,0.0,0.0,0.17766275,1540
k939,0.0,0.0,0.0,0.0,0.0417,0.0841,0.0263,0.0,0.0,0.300308176,2898
k2280,0.0759,0.0,0.0,0.0,0.0,0.0844,0.0,0.0,0.0,0.202561936,2715
k1437,0.227744228,0.0,0.0,0.0,0.0,0.198793897,0.0,0.0,0.0,0.16378251,2345
k1272,0.16666667,0.0,0.0,0.0,0.0,0.109968624,0.0526,0.0,0.0,0.100116567,1519
k861,0.0,0.0,0.0,0.0,0.0,0.0,0.0,0.0,0.0,0.22945134,1545
k950,0.16666667,0.0,0.0,0.0,0.125,0.127322957,0.0789,0.133333333,0.0,0.0292,788
k1042,0.0,0.0,0.0,0.0,0.0,0.0669,0.0,0.0,0.0,0.174769881,1107
k1967,0.0,0.0,0.0,0.0455,0.0,0.1070907,0.0263,0.0,0.0,0.216224507,149
k1938,0.16666667,0.0,0.0,0.0,0.0,0.038,0.0,0.0,0.0,0.277111579,184
k157,0.0,0.0,0.0,0.0,0.0,0.0893,0.0263,0.0,0.0,0.0609,1597
k2567,0.0,0.0,0.0,0.0,0.0,0.0467,0.0,0.0,0.0,0.165636229,737
k2742,0.146735246,0.0,0.0,0.0,0.0,0.100712977,0.0526,0.0,0.0,0.0684,1174
k2660,0.0,0.0,0.0268,0.0,0.0,0.100756361,0.0263,0.0,0.0,0.333034772,950
k567,0.0,0.0256,0.0,0.0,0.0,0.0247,0.0,0.0,0.0,0.153819668,2874
k872,0.0,0.0,0.0,0.0,0.0,0.0797,0.0,0.0,0.0,0.11450529,2537
k2472,0.16666667,0.0,0.0,0.0,0.125,0.152139651,0.0,0.2,0.0,0.0582,2625
k2054,0.0,0.256410256,0.0,0.0,0.0,0.134582848,0.0,0.0,0.0,0.348784173,196
k673,0.0,0.0,0.0,0.0,0.0,0.10733655,0.0263,0.0,0.0,0.24336608,2775
k3236,0.0,0.0,0.0,0.0,0.0,0.0861,0.0,0.0,0.0,0.246306947,659
k2129,0.0,0.0,0.0,0.0,0.0,0.0559,0.0,0.0,0.0,0.0897,228
k650,0.0,0.0,0.00893,0.0,0.0,0.102086857,0.0,0.0,0.0,0.201053606,277
k1750,0.227744228,0.0,0.0,0.363636364,0.0,0.198793897,0.0,0.0,0.0,0.16378251,2194
k2271,0.0,0.0256,0.0,0.0,0.0,0.00435,0.0,0.0,0.0,0.302694223,1128
k3166,0.0759,0.0,0.0,0.0455,0.0,0.0955,0.0,0.0,0.0,0.149748515,405
k1857,0.0,0.0,0.0,0.0,0.0,0.0,0.0,0.0,0.0,0.0806,2498
k2165,0.0,0.0,0.0,0.0,0.0,0.0559,0.0,0.0,0.0,0.0897,1631
k1586,0.0,0.0,0.0,0.0,0.0,0.0719,0.0,0.0,0.0,0.14149136,3136
k2591,0.0,0.0513,0.0,0.0,0.0,0.0186,0.0,0.0,0.0,0.131873756,148
k1006,0.0,0.0,0.0,0.0,0.0,0.0317,0.0,0.0,0.0,0.216550287,858
k2960,0.0,0.0,0.0,0.0,0.0,0.112586231,0.0526,0.0,0.0,0.127923111,1482
k3046,0.0,0.205128205,0.0,0.0,0.0,0.0,0.0,0.0,0.0,0.253888926,2372
k882,0.0,0.0,0.0,0.0,0.0,0.0317,0.0,0.0,0.0,0.0438,3041
k3112,0.0,0.0,0.0,0.0,0.0,0.0,0.0,0.0,0.0,0.258062132,943
k1531,0.0,0.0,0.0,0.0,0.0,0.0985,0.0,0.0,0.0,0.172950338,3402
k1733,0.0,0.0,0.0,0.0,0.0,0.0186,0.0,0.0,0.0,0.151030634,910
k177,0.0759,0.0,0.0,0.0,0.0,0.0891,0.0,0.0667,0.0,0.150313809,1049
k1861,0.0,0.0,0.0,0.0,0.0,0.0748,0.0,0.0,0.0,0.250930307,3154
k3199,0.0,0.0,0.0,0.0,0.0,0.0174,0.0,0.0,0.0,0.245921183,1013
k2064,0.146735246,0.0,0.0,0.0,0.0,0.0713,0.0263,0.0,0.0,0.184685676,1517
k2818,0.445299969,0.0,0.160714286,0.272727273,0.0,0.390009692,0.105263158,0.0,0.0,0.584062553,1885
k2482,0.0,0.0,0.0,0.0,0.0,0.0247,0.0,0.0,0.0,0.127772185,1925
k9,0.0759,0.0,0.0,0.0,0.0,0.0663,0.0,0.0,0.0,0.140614884,2848
k1464,0.0,0.0,0.0,0.0,0.0,0.137981414,0.0,0.0,0.0,0.156997273,3216
k145,0.0,0.128205128,0.0,0.0,0.0,0.0,0.0,0.0,0.0,0.251620482,1185
k129,0.0,0.0,0.0,0.0,0.0,0.0749,0.0263,0.0,0.0,0.150893573,3370
k2564,0.0759,0.0,0.0,0.0,0.0,0.199415746,0.0,0.0,0.0,0.0737,1741
k1786,0.0,0.0513,0.0,0.0,0.0,0.064,0.105263158,0.0,0.0,0.209297404,1994
k696,0.0,0.0,0.0,0.0,0.0,0.0766,0.0526,0.0,0.0,0.192175147,1886
k1648,0.0,0.0,0.0,0.0,0.0,0.124633034,0.0,0.0,0.0,0.126429369,3068
k2570,0.16666667,0.0,0.00893,0.0,0.0,0.0808,0.0526,0.0,0.0,0.304097648,3359
k1255,0.16666667,0.0513,0.0,0.0,0.0,0.0916,0.0526,0.133333333,0.0,0.172253198,2066
k1117,0.0,0.0,0.0179,0.0,0.0,0.0494,0.0,0.0,0.0,0.311281175,1539
k3232,0.16666667,0.102564103,0.00893,0.0,0.0,0.0848,0.0,0.0,0.0,0.494714676,3407
k89,0.0,0.0513,0.0,0.0,0.0,0.0133,0.0,0.0,0.0,0.277133661,50
k1314,0.369385242,0.102564103,0.0,0.0,0.0,0.138198334,0.0,0.0,0.0,0.28739247,2820
k829,0.0759,0.0,0.0,0.0,0.0,0.110677256,0.0263,0.0,0.0,0.165079088,3320
k2406,0.146735246,0.0,0.0,0.0455,0.0,0.0775,0.0,0.0,0.0,0.271662236,750
k485,0.12680381,0.0,0.0,0.0,0.0,0.118862721,0.0526,0.0667,0.0,0.116890106,1417
k747,0.116986481,0.0,0.0,0.0,0.0,0.0426,0.0,0.0,0.0,0.0556,1608
k2906,0.0,0.0,0.0,0.0,0.0,0.0878,0.0263,0.0,0.0,0.156432001,2729
k521,0.0,0.0256,0.0,0.0,0.0,0.0472,0.0,0.0,0.0,0.114803503,380
k762,0.0,0.0,0.0,0.0,0.0,0.0186,0.0,0.0,0.0,0.211780666,926
k2401,0.0,0.0,0.0,0.0,0.0,0.0448,0.0263,0.0,0.0,0.198894904,474
k1418,0.242581421,0.0,0.0,0.0,0.0,0.120207683,0.0,0.0,0.0,0.0993,2421
k1749,0.197624317,0.102564103,0.0,0.0,0.0,0.100481591,0.0,0.0,0.0,0.17601141,2707
k3301,0.0,0.0,0.0,0.0,0.0,0.0955,0.0,0.0,0.0,0.0501,2676
k749,0.0,0.0,0.0,0.0,0.0833,0.105760192,0.0,0.133333333,0.0,0.125618126,873
k370,0.0,0.0,0.0,0.0,0.0,0.055,0.0,0.0,0.0,0.119354753,846
k3050,0.0,0.0,0.0,0.0,0.0,0.0293,0.0,0.0,0.0,0.119648214,174
k2025,0.0,0.0,0.0,0.0,0.0,0.0753,0.0,0.0,0.0,0.133960359,608
k2756,0.0,0.0,0.0,0.0,0.0,0.0186,0.0,0.0,0.0,0.139490084,2006
k2690,0.0,0.0513,0.0,0.0,0.0,0.0753,0.0,0.0,0.0,0.122256142,193
k2982,0.0759,0.0,0.0,0.0,0.0,0.1038946,0.0,0.0,0.0,0.160149795,91
k190,0.0,0.0,0.0,0.0,0.0,0.0472,0.0,0.0,0.0,0.124421096,22
k1107,0.0474,0.0,0.0,0.0,0.0,0.0627,0.0,0.0,0.0,0.179585189,3090
k1608,0.0,0.0,0.0,0.0,0.0,0.100684059,0.0526,0.0,0.0,0.160592508,2361
k594,0.0,0.0,0.0,0.0,0.0,0.0688,0.0263,0.0,0.0,0.195798522,40
k558,0.0,0.0769,0.0,0.0,0.0,0.0421,0.0,0.0,0.0,0.234215475,1406
k147,0.0759,0.0,0.0,0.0,0.0,0.115637703,0.0,0.0,0.0,0.157685126,287
k2671,0.144426569,0.0256,0.0,0.0,0.0,0.0247,0.0,0.0,0.0,0.12131086,1509
k2363,0.333333341,0.0,0.0,0.0455,0.0,0.139268525,0.105263158,0.0,0.0714,0.2467924,3126
k2304,0.151829477,0.0,0.0,0.0455,0.0,0.157215793,0.0,0.0,0.0,0.198639841,451
k1803,0.0,0.0,0.0,0.0,0.0,0.0,0.0,0.0,0.0,0.113050153,1386
k2535,0.0,0.0,0.0,0.0,0.0,0.0852,0.0789,0.0,0.0,0.142914503,79
k2963,0.0,0.0,0.0,0.0,0.0,0.101566237,0.0,0.0,0.0,0.0,400
k2832,0.0,0.0256,0.0,0.0,0.0,0.0376,0.0,0.0,0.0,0.185389511,1032
k1499,0.146735246,0.0256,0.0,0.0,0.0,0.108348882,0.0,0.0,0.0,0.18605337,433
k610,0.0,0.0,0.0268,0.0,0.0,0.0878,0.0263,0.0,0.0,0.379127518,1050
k1988,0.16666667,0.0,0.0,0.0,0.0,0.11245608,0.0263,0.0,0.0952,0.0889,3328
k1881,0.0,0.0,0.0,0.0,0.0417,0.0881,0.0263,0.0667,0.0,0.131495713,1367
k3321,0.0759,0.0,0.0,0.0,0.0,0.141524586,0.0,0.0,0.0,0.0943,2886
k953,0.0,0.0,0.0,0.0,0.0,0.0421,0.0,0.0,0.0,0.222997315,2231
k154,0.0,0.0,0.0,0.0,0.0,0.247342629,0.0,0.0,0.0,0.284306185,2387
k2277,0.0759,0.0,0.0,0.0,0.0,0.107741483,0.0,0.0,0.0,0.0773,3019
k2179,0.0,0.0,0.0,0.0,0.0,0.0293,0.0,0.0,0.0,0.0924,146
k2416,0.16666667,0.0,0.0,0.0,0.0,0.0781,0.0263,0.0,0.0,0.167129971,386
k1344,0.0759,0.0,0.0,0.0,0.0833,0.118356544,0.0,0.0,0.0,0.220197483,1862
k2973,0.0,0.0,0.0,0.0,0.0,0.0471,0.0,0.0,0.0,0.0659,1106
k3001,0.0,0.0,0.0,0.0,0.0,0.0494,0.0263,0.0,0.0,0.0318,2374
k1500,0.0,0.0,0.0,0.0,0.0,0.0467,0.0,0.0,0.0,0.126726092,393
k1785,0.24197745,0.0513,0.0714,0.0,0.0,0.0987,0.0,0.0,0.0,0.45119189,2514
k3283,0.0,0.0,0.0,0.0455,0.0,0.0825,0.0,0.0,0.0,0.270465206,2445
k1641,0.0,0.0,0.0,0.0,0.0,0.0344,0.0,0.0,0.0,0.0488,3366
k2603,0.0759,0.0769,0.0,0.0,0.0,0.0796,0.0,0.0,0.0,0.222989983,250
k2827,0.16666667,0.0,0.0357,0.0,0.166666667,0.197665836,0.157894737,0.0,0.0,0.316407502,163
k298,0.0,0.0,0.0,0.0,0.0,0.0766,0.0526,0.0,0.0,0.192175147,837
k401,0.0,0.0,0.0,0.0,0.0,0.0798,0.0,0.0,0.0,0.119354753,3204
k2958,0.0,0.0,0.0,0.0,0.0,0.0853,0.0526,0.0,0.0,0.216441388,855
k1911,0.0,0.0,0.0,0.0,0.0,0.111009885,0.0,0.0,0.0,0.165499179,549
k2647,0.0,0.0,0.0,0.0,0.0,0.0713,0.0,0.0,0.0,0.198994582,1904
k2496,0.146735246,0.0,0.0,0.0,0.0,0.127496504,0.105263158,0.0,0.0,0.119086181,2644
k2751,0.0,0.0,0.0,0.0,0.0,0.0186,0.0,0.0,0.0,0.17764015,791
k2983,0.0,0.0,0.0179,0.0909,0.0,0.284668906,0.0526,0.0,0.0,0.242277961,2954
k1549,0.0759,0.0,0.0,0.0,0.0833,0.118356544,0.0,0.0,0.0,0.220197483,1887
k1263,0.0,0.0,0.0,0.0,0.0,0.0247,0.0,0.0,0.0,0.0977,1714
k1299,0.16666667,0.0769,0.0,0.0,0.0833,0.096,0.0,0.133333333,0.0,0.182375249,1978
k1434,0.0,0.0,0.0,0.0,0.0,0.0663,0.0,0.0,0.0,0.100178667,2932
k1031,0.16666667,0.0,0.0,0.0,0.0,0.0853,0.0263,0.0,0.0,0.122254662,1226
k239,0.0,0.0,0.0,0.0,0.0,0.0293,0.0,0.0,0.0,0.128625444,2294
k1563,0.0,0.0,0.0179,0.0,0.166666667,0.267994285,0.0526,0.0667,0.0476,0.314308805,376
k1134,0.0759,0.0,0.0,0.272727273,0.0,0.158300439,0.0,0.0,0.0,0.156295058,1544
k3013,0.0,0.0256,0.0,0.0,0.0,0.151647945,0.0263,0.0,0.0,0.0953,1570
k86,0.0,0.0,0.0,0.0,0.0,0.0181,0.0,0.0,0.0,0.159598981,1393
k3096,0.0,0.0,0.0,0.0,0.166666667,0.183955928,0.0789,0.0,0.0,0.133684412,1493
k1436,0.340539843,0.0513,0.0,0.0,0.0,0.0849,0.0,0.0,0.0,0.101641047,2794
k3260,0.0,0.0,0.0,0.0,0.0,0.082,0.0263,0.0,0.0,0.131575543,1962
k18,0.0759,0.0,0.0,0.0455,0.0,0.124777652,0.0263,0.0,0.0,0.202561936,2453
k2319,0.0759,0.0,0.0,0.0,0.0,0.0663,0.0,0.0,0.0,0.223204802,2680
k1429,0.0759,0.0,0.0,0.0455,0.0,0.124777652,0.0263,0.0,0.0,0.202561936,2164
k2853,0.0759,0.0,0.0179,0.0,0.0,0.145009913,0.0,0.0667,0.0,0.230193119,2862
k2584,0.227744228,0.0,0.0,0.0,0.0833,0.144980989,0.0,0.133333333,0.0238,0.174712651,3107
k2244,0.0,0.0,0.0,0.0455,0.333333333,0.219705854,0.105263158,0.2,0.0714,0.0951,88
k1384,0.146735246,0.0,0.0,0.0,0.0,0.108348882,0.0,0.0,0.0,0.171829814,1026
k365,0.0,0.0,0.0,0.0,0.0,0.0362,0.0,0.0,0.0,0.0488,3360
k1954,0.0,0.0,0.0,0.0,0.0,0.0315,0.0263,0.0,0.0,0.146487105,470
k2229,0.303658955,0.0,0.0,0.0,0.0,0.324511562,0.0,0.0,0.0,0.197365874,209
k805,0.0,0.0,0.0268,0.0909,0.333333333,0.248528523,0.0789,0.0667,0.0952,0.317387661,1554
k1440,0.0,0.0,0.0,0.0,0.0,0.0494,0.0,0.0,0.0,0.150870951,844
k2225,0.0,0.0,0.0,0.0,0.0,0.0133,0.0,0.0,0.0,0.271559783,3306
k1604,0.0,0.0,0.0,0.0,0.0,0.112889932,0.0,0.0,0.0,0.25315545,1440
k2457,0.146735246,0.0513,0.0,0.0,0.0,0.143317862,0.0526,0.0,0.0,0.152040402,1089
k1874,0.0,0.0,0.0,0.0,0.291666667,0.269527251,0.184210526,0.0,0.166666667,0.188206145,3378
k1620,0.0,0.0,0.0,0.0,0.0,0.0376,0.0,0.0,0.0,0.214085641,3218
k789,0.0,0.0,0.0,0.0,0.0,0.0315,0.0263,0.0,0.0,0.190166885,1438
k1196,0.0,0.0,0.0,0.0,0.0,0.172530992,0.0526,0.0,0.0,0.0639,2980
k984,0.0,0.0,0.0,0.0,0.0,0.197665836,0.157894737,0.0,0.0,0.231056216,3317
k403,0.16666667,0.0256,0.0,0.0,0.0,0.038,0.0,0.0,0.0,0.136869242,2038
k2205,0.0759,0.0,0.0,0.0455,0.0,0.124777652,0.0263,0.0,0.0,0.158882156,2145
k974,0.0,0.102564103,0.0,0.0,0.0,0.1078861,0.0,0.0,0.0,0.13082451,2658
k2569,0.0759,0.0,0.0,0.136363636,0.0,0.108826129,0.0,0.0,0.0,0.169689047,3338
k682,0.0,0.0,0.0,0.0,0.0,0.0186,0.0,0.0,0.0,0.250690804,114
k768,0.0,0.0256,0.0,0.0455,0.0,0.143390178,0.0263,0.0,0.0,0.187762794,760
k3049,0.0,0.0,0.0,0.0,0.0,0.0428,0.0263,0.0,0.0,0.193739497,402
k992,0.0,0.0,0.0,0.0,0.0,0.0133,0.0,0.0,0.0,0.264781889,304
k700,0.0,0.0,0.0,0.0,0.0,0.0923,0.0,0.0,0.0,0.095,2432
k1610,0.0,0.0,0.0,0.0,0.0,0.038,0.0,0.0,0.0,0.0975,3389
k1721,0.0,0.102564103,0.0,0.0,0.0,0.0267,0.0,0.0,0.0,0.203063931,3279
k1160,0.0759,0.0769,0.0,0.0,0.0,0.0663,0.0,0.0,0.0,0.156194949,3334
k435,0.0,0.0,0.0,0.0,0.0,0.0247,0.0,0.0,0.0,0.0488,3400
k2178,0.0618,0.0,0.0,0.0,0.0,0.0663,0.0,0.0,0.0,0.0851,812
k2458,0.0,0.0256,0.0,0.0,0.0833,0.0528,0.0,0.0,0.0,0.415756793,2225
k192,0.151829477,0.0,0.0,0.0,0.0,0.132529254,0.0,0.0,0.0,0.169268945,571
k1025,0.0,0.0,0.0,0.0,0.0,0.0,0.0,0.0,0.0,0.197312099,135
k527,0.369385242,0.0513,0.0,0.0,0.0,0.12032337,0.0,0.0,0.0,0.0995,2881
k1045,0.0,0.0,0.0,0.0,0.0,0.0,0.0,0.0,0.0,0.228691258,776
k293,0.0759,0.0,0.0,0.0,0.0,0.108826129,0.0,0.0,0.0,0.104169385,2985
k1593,0.0,0.0,0.0,0.0,0.0,0.0472,0.0,0.0,0.0,0.0865,3285
k2250,0.16666667,0.0769,0.0,0.0,0.0,0.0916,0.0526,0.133333333,0.0,0.150619548,2907
k1235,0.151829477,0.0,0.0,0.0,0.0,0.167324692,0.0,0.0,0.0,0.154526288,809
k2353,0.0759,0.0,0.0,0.0,0.0,0.124777652,0.0263,0.0,0.0476,0.158882156,1816
k2645,0.16666667,0.0,0.0,0.0,0.0,0.0761,0.0,0.0,0.0,0.150059707,2
k705,0.0,0.0,0.0,0.0,0.0,0.0673,0.0526,0.0,0.0,0.0909,2946
k1717,0.0,0.0,0.0,0.0,0.0,0.127843588,0.0263,0.0,0.0,0.143659295,1359
k1724,0.0,0.0,0.0,0.0,0.0,0.0,0.0,0.0,0.0,0.107951268,188
k960,0.0,0.0,0.0,0.0,0.0,0.0539,0.0,0.0,0.0,0.194521662,1990
k1399,0.0,0.0,0.0,0.0,0.0,0.128610068,0.0526,0.0,0.0,0.191999785,3251
k990,0.146735246,0.0,0.0,0.0,0.0,0.0841,0.0263,0.0,0.0,0.302004016,317
k2621,0.0,0.179487179,0.0,0.0,0.0,0.0133,0.0,0.0,0.0,0.23175585,3325
k2324,0.0759,0.0,0.0536,0.0,0.0,0.138198334,0.0,0.0,0.0,0.340768173,1350
k2686,0.0,0.0,0.0,0.0,0.0,0.038,0.0,0.0,0.0,0.232649646,2133
k1350,0.146735246,0.0,0.0,0.0,0.0,0.0602,0.0263,0.0,0.0,0.142608559,3404
k2287,0.0,0.0,0.0,0.0,0.0,0.132023088,0.0,0.0,0.0,0.161993029,2542
k3365,0.0,0.0,0.0,0.0,0.0417,0.0741,0.0263,0.0,0.0,0.113949229,420
k1639,0.0,0.0,0.0,0.0,0.0,0.150563299,0.0,0.0,0.0,0.117768093,592
k2890,0.227744228,0.0,0.0,0.0,0.0,0.198793897,0.0,0.0,0.0,0.086,3248
k1102,0.0,0.0,0.0,0.0,0.0,0.147338286,0.0,0.0,0.0,0.0731,584
k929,0.0,0.0,0.0,0.0,0.0,0.0,0.0,0.0,0.0,0.152556715,796
k1734,0.0759,0.0513,0.0357,0.0,0.0,0.141105188,0.0,0.0,0.0,0.302020688,2000
k178,0.0759,0.0,0.0,0.0,0.0,0.103084736,0.0,0.0,0.0,0.211063853,239
k5,0.0,0.0,0.0179,0.0455,0.0,0.133744063,0.0526,0.0,0.0,0.164933896,3065
k3035,0.146735246,0.0769,0.0,0.0,0.0,0.0915,0.0,0.0,0.0,0.243754728,1335
k3395,0.0,0.0,0.0,0.0,0.0,0.0448,0.0,0.0,0.0,0.121885851,2380
k1492,0.0,0.0,0.0,0.0,0.0,0.00435,0.0,0.0,0.0,0.231315566,1697
k1279,0.151829477,0.0,0.0,0.0,0.0,0.132529254,0.0,0.0,0.0,0.130358807,1867
k879,0.0,0.0,0.0,0.0,0.0,0.091,0.0,0.0,0.0,0.105470227,1792
k221,0.0,0.0,0.0,0.0,0.0,0.0606,0.0,0.0,0.0,0.176828906,1891
k3161,0.16666667,0.0,0.0,0.0,0.0,0.158430597,0.0526,0.333333333,0.0476,0.15818507,65
k1271,0.0,0.0513,0.0,0.0,0.0,0.0842,0.0,0.0,0.0,0.326339678,2489
k1338,0.122035183,0.0,0.0,0.0,0.0,0.0247,0.0,0.0,0.0,0.0958,3163
k2532,0.0759,0.0,0.0,0.0,0.0,0.0663,0.0,0.0,0.0,0.21843517,2332
k2448,0.16666667,0.0,0.0,0.0,0.0417,0.119383352,0.0,0.0,0.0238,0.220508675,663
k869,0.0,0.0,0.0,0.0,0.0,0.0559,0.0,0.0,0.0,0.174364259,27
k765,0.0,0.0,0.0,0.0909,0.0,0.150201751,0.0,0.0,0.0,0.197353456,3343
k347,0.0,0.0,0.0,0.0,0.0,0.0181,0.0,0.0,0.0,0.128781855,2195
k2709,0.0,0.0513,0.0,0.0,0.0,0.0597,0.0,0.0,0.0,0.31921282,1293
k3163,0.0,0.0,0.0,0.0,0.0,0.124633034,0.0,0.0,0.0,0.126429369,1102
k2949,0.0759,0.0,0.0,0.0,0.0,0.0663,0.0,0.0,0.0,0.204126275,3326
k2326,0.0,0.0,0.0,0.0,0.0,0.0186,0.0,0.0,0.0,0.211780666,358
k3132,0.0759,0.0,0.0,0.0,0.0,0.0853,0.0,0.0,0.0,0.135845242,51
k2904,0.0,0.0,0.0,0.0,0.0,0.092,0.0526,0.0,0.0,0.123704293,3261
k231,0.0759,0.0,0.0,0.0,0.0,0.124777652,0.0263,0.0,0.0,0.202561936,741
k3172,0.0,0.0,0.0,0.0909,0.0,0.125746599,0.0,0.0,0.0476,0.100152849,1766
k1152,0.146735246,0.0,0.0,0.136363636,0.0,0.167599469,0.0,0.0,0.0,0.169783358,2096
k718,0.0759,0.0,0.0,0.0909,0.0,0.106700222,0.0,0.0,0.0,0.160309456,759
k2619,0.0,0.0,0.0,0.0,0.0,0.0174,0.0,0.0,0.0,0.250690804,2530
k1709,0.0,0.0,0.0357,0.0,0.0,0.0761,0.0,0.0,0.0,0.266133505,3260
k2916,0.0,0.0,0.0,0.0,0.0,0.0585,0.0263,0.0,0.0,0.0865,2545
k1998,0.227744228,0.0,0.0,0.181818182,0.0,0.198793897,0.0,0.0,0.0,0.16378251,1654
k1479,0.146735246,0.0,0.0,0.0,0.0,0.121697262,0.0,0.0,0.0,0.196868004,1408
k2935,0.0,0.0769,0.0,0.0,0.0,0.0528,0.0,0.0,0.0,0.401369558,840
k1222,0.0948,0.0,0.0,0.0,0.25,0.519791207,0.0526,0.133333333,0.428571429,0.367180385,2298
k1503,0.0,0.0,0.0,0.0,0.0,0.0585,0.0263,0.0,0.0,0.208048381,1840
k2801,0.0759,0.0,0.0,0.0,0.0,0.128986082,0.0,0.0,0.0,0.0676,1924
k857,0.16666667,0.0,0.0179,0.0,0.0,0.038,0.0,0.0,0.0,0.523626207,116
k362,0.0759,0.0,0.0,0.0,0.0,0.103084736,0.0,0.0,0.0,0.128473914,482
k2259,0.0,0.0,0.0,0.0,0.0417,0.094,0.0,0.0,0.0,0.204272277,2125
k1488,0.0759,0.0,0.0,0.0,0.0,0.0663,0.0,0.0,0.0,0.174755401,211
k2170,0.16666667,0.0,0.0,0.0,0.0,0.131777238,0.0,0.0,0.0,0.082,28
k2035,0.0,0.0,0.0,0.0,0.0,0.0541,0.0,0.0,0.0,0.143796345,1141
k2581,0.0759,0.102564103,0.0,0.0,0.0,0.101537308,0.0,0.0667,0.0,0.199656347,1231
k2757,0.0759,0.0,0.0,0.0,0.0,0.115637703,0.0263,0.0,0.0,0.145384516,1617
k1984,0.0,0.0,0.0,0.0,0.0,0.0,0.0,0.0,0.0,0.223921615,1006
k1453,0.0,0.0,0.00893,0.0,0.0,0.0426,0.0,0.0,0.0,0.290985805,409
k1364,0.0759,0.0,0.0,0.0,0.0,0.0663,0.0,0.0,0.0,0.152915516,684
k2032,0.0759,0.0,0.0,0.0,0.0,0.0849,0.0,0.0,0.0,0.128473914,1363
k2339,0.16666667,0.0,0.0,0.0,0.0,0.0562,0.0263,0.0,0.0,0.122668026,1160
k3198,0.0,0.0,0.0,0.0,0.0,0.0,0.0,0.0,0.0,0.228691258,3153
k887,0.0,0.0,0.0,0.0,0.0,0.0786,0.0,0.0,0.0,0.138164707,2937
k2374,0.0,0.0,0.0,0.0,0.0,0.0766,0.0526,0.0,0.0,0.187405515,1008
k3217,0.0,0.0,0.0,0.0,0.0,0.116259567,0.0,0.0,0.0,0.128328722,2436
k1149,0.0,0.0,0.0,0.0,0.0,0.0766,0.0526,0.0,0.0,0.197726954,3034
k3138,0.0,0.0,0.0,0.0,0.0,0.0585,0.0263,0.0,0.0,0.20327875,254
k2741,0.0759,0.0,0.0179,0.0,0.125,0.361910149,0.0263,0.133333333,0.214285714,0.258468521,3001
k2745,0.0,0.0,0.0,0.0,0.0,0.0376,0.0,0.0,0.0,0.109655828,1267
k1284,0.0,0.0,0.0,0.0,0.0,0.053,0.0,0.0,0.0,0.119274922,302
k2136,0.0,0.0,0.0,0.0,0.0,0.238477442,0.0,0.0,0.0,0.159758642,2710
k3381,0.0,0.0,0.0,0.0,0.0,0.0293,0.0,0.0,0.0,0.20644573,1897
k2625,0.0,0.0,0.0,0.0,0.0,0.0833,0.0263,0.0,0.0,0.118789469,2352
k1783,0.0,0.0,0.0,0.0,0.0,0.0228,0.0,0.0,0.0,0.250690804,2300
k2502,0.227744228,0.0,0.0,0.0,0.0,0.26974418,0.0,0.0,0.0,0.121117778,2770
k2929,0.151829477,0.0,0.0,0.0,0.0,0.132529254,0.0,0.0,0.0,0.212948735,2789
k754,0.0,0.0,0.0,0.0,0.0,0.04,0.0263,0.0,0.0,0.245336042,2126
k909,0.0759,0.0,0.0,0.0,0.0,0.091,0.0,0.0,0.0,0.116390173,2271
k760,0.151829477,0.0,0.0,0.0,0.0,0.132529254,0.0,0.0,0.0,0.174038576,3266
k2572,0.0,0.0,0.0,0.0909,0.0417,0.127351876,0.0526,0.0,0.0,0.160446506,1624
k1950,0.0,0.0,0.0,0.0,0.0,0.0293,0.0,0.0,0.0,0.215985004,3162
k1441,0.0,0.0256,0.0,0.0,0.0,0.0181,0.0,0.0,0.0,0.17458262,1239
k2270,0.151829477,0.0,0.0,0.0,0.0,0.132529254,0.0,0.0,0.0,0.215710094,248
k2810,0.0,0.0,0.0,0.0,0.0,0.0181,0.0,0.0,0.0,0.0845,2054
k3043,0.0,0.0,0.0,0.0,0.0,0.0,0.0,0.0,0.0,0.223921615,1760
k2046,0.16666667,0.0,0.0,0.0,0.0,0.0808,0.0526,0.0,0.0,0.289788764,1429
k3222,0.0,0.0,0.0,0.0,0.0,0.087,0.0,0.0667,0.0,0.249742521,3241
k2222,0.0,0.0,0.0,0.0,0.0,0.0585,0.0263,0.0,0.0,0.169138233,698
k612,0.0,0.0,0.0,0.0,0.0,0.0585,0.0,0.0,0.0,0.125458464,1944
k2831,0.0,0.0,0.0,0.0,0.0,0.0315,0.0263,0.0,0.0,0.207237137,3124
k2122,0.0,0.0,0.0,0.0,0.0,0.0786,0.0,0.0,0.0,0.0993,3433
k3196,0.16666667,0.0513,0.0,0.0,0.0,0.0916,0.0526,0.133333333,0.0,0.219386131,2943
k582,0.0,0.0256,0.0,0.0,0.0,0.0472,0.0,0.0,0.0,0.178729489,2842
k1550,0.0,0.0,0.0,0.0,0.0833,0.135016711,0.0263,0.133333333,0.0476,0.117681514,2336
k1751,0.0,0.0,0.0,0.0,0.0,0.0415,0.0,0.0667,0.0,0.165499179,3288
k1617,0.0,0.0,0.0,0.0,0.0,0.0293,0.0,0.0,0.0,0.220754635,1784
k2072,0.16666667,0.0,0.0,0.0455,0.0,0.112571766,0.0,0.0,0.142857143,0.232053566,3118
k2875,0.16666667,0.0,0.0,0.0,0.0,0.110720641,0.0,0.0,0.0952,0.250851005,1465
k2685,0.146735246,0.0513,0.0,0.0,0.0,0.0668,0.0,0.0,0.0,0.103094447,3294
k927,0.151829477,0.0,0.0357,0.0,0.0,0.170882331,0.0,0.0,0.0,0.32951305,3102
k2442,0.0,0.0769,0.0,0.0,0.0,0.0,0.0,0.0,0.0,0.234550229,1114
k2811,0.0,0.0,0.0,0.0,0.0,0.0766,0.0526,0.0,0.0,0.148495378,2342
k2968,0.146735246,0.0,0.0,0.0,0.0,0.108348882,0.0,0.0,0.0,0.183370364,1743
k2057,0.0,0.0,0.0,0.0,0.0,0.0293,0.0,0.0,0.0,0.228285636,3
k1587,0.0,0.0,0.0,0.0,0.0,0.0595,0.0,0.0,0.0,0.124341265,3144
k1520,0.16666667,0.0,0.0,0.0,0.0,0.144272356,0.0263,0.0667,0.0952,0.238148585,2861
k3239,0.0,0.0,0.0,0.0,0.375,0.204434041,0.0263,0.0,0.0952,0.206454973,3305
k291,0.340539843,0.0513,0.0,0.0,0.0,0.0849,0.0,0.0,0.0,0.101641047,646
k132,0.0,0.0,0.0,0.0,0.0,0.0368,0.0263,0.0,0.0,0.23481757,3237
k410,0.0,0.0,0.0,0.0,0.0,0.0181,0.0,0.0,0.0,0.193739497,2894
k3077,0.0,0.0513,0.0,0.0,0.0,0.0294,0.0,0.0,0.0,0.220898229,2757
k1678,0.0,0.0,0.0,0.0,0.0,0.0186,0.0,0.0,0.0,0.211780666,887
k572,0.0,0.0,0.0,0.0,0.0,0.0472,0.0,0.0,0.0,0.114803503,2078
k2692,0.298564723,0.0,0.0804,0.0909,0.0,0.252968325,0.0526,0.0,0.0,0.313639816,1512
k2146,0.0,0.0,0.0,0.0,0.0,0.051,0.0,0.0,0.0,0.123153479,779
k2028,0.0,0.0,0.0,0.0,0.0,0.0437,0.0263,0.0,0.0,0.0659,1248
k2606,0.0,0.153846154,0.0,0.0,0.0,0.0,0.0,0.0,0.0,0.183565249,645
k949,0.0958,0.0,0.0,0.0909,0.0,0.145863167,0.131578947,0.0,0.0,0.0842,431
k1922,0.0,0.0,0.0,0.0,0.0,0.0186,0.0,0.0,0.0,0.154796123,1015
k3385,0.0,0.0,0.0,0.0455,0.0,0.113425027,0.0,0.0,0.0,0.208773337,1787
k900,0.0,0.0,0.0,0.0,0.0,0.051,0.0,0.0,0.0,0.230344661,595
k277,0.0,0.0,0.0,0.0,0.0,0.0547,0.0263,0.0,0.0,0.204568989,1064
k1975,0.0,0.0,0.0,0.0,0.0,0.0,0.0,0.0,0.0,0.197312099,1432
k1381,0.151829477,0.0,0.0,0.181818182,0.0,0.132529254,0.0,0.0,0.0,0.169268945,1810
k975,0.0,0.0,0.0,0.0,0.0,0.111009885,0.0,0.0,0.0,0.199639696,1549
k752,0.0,0.0,0.0,0.0,0.0,0.0563,0.0,0.0,0.0,0.150950781,1094
k3022,0.0977,0.0,0.0,0.0,0.0,0.107741483,0.0526,0.0,0.0,0.0871,912
k2066,0.151829477,0.0,0.0,0.0,0.0,0.132529254,0.0,0.0,0.0,0.174038576,2723
k359,0.0,0.0256,0.0,0.0,0.0,0.019,0.0,0.0,0.0,0.16108498,2772
k303,0.0958,0.0,0.0,0.0909,0.0417,0.144749598,0.0526,0.0,0.0476,0.0649,1811
k1341,0.0,0.0,0.0,0.0,0.0,0.0753,0.0,0.0,0.0,0.228850919,3428
k1542,0.521214708,0.0,0.0357,0.181818182,0.0,0.270727592,0.0,0.0,0.0,0.236913006,982
k2396,0.0,0.0256,0.0,0.0,0.0,0.0247,0.0,0.0,0.0,0.1661203,25
k90,0.0,0.0,0.0,0.0,0.0,0.0428,0.0263,0.0,0.0,0.199269211,1591
k1409,0.0759,0.0,0.0,0.0,0.0,0.113511796,0.0263,0.0,0.0,0.224204398,8
k1174,0.16666667,0.0,0.0,0.0,0.0,0.0674,0.0263,0.0,0.0,0.21684701,1769
k2438,0.0759,0.0256,0.0,0.0,0.0,0.0663,0.0,0.0,0.0,0.25545238,3024
k818,0.0,0.0,0.0,0.0,0.0,0.0293,0.0,0.0,0.0,0.137582039,3225
k158,0.0,0.0,0.0,0.0,0.0,0.0293,0.0,0.0,0.0,0.211215372,1260
k183,0.0,0.0,0.0,0.0,0.0,0.0824,0.0,0.0,0.0,0.175335165,667
k1090,0.0,0.0,0.0,0.0,0.0,0.0376,0.0,0.0,0.0,0.143796345,918
k226,0.16666667,0.0,0.0,0.0,0.0,0.0704,0.0526,0.0,0.0,0.198103507,3406
k3092,0.0,0.0,0.0,0.0,0.0,0.100684059,0.0526,0.0,0.0,0.233643151,1728
k781,0.0,0.0,0.0,0.0,0.0,0.0629,0.0526,0.0,0.0,0.195322291,299
k695,0.0,0.0513,0.0,0.0,0.0,0.038,0.0,0.0,0.0,0.169956236,249
k368,0.0,0.0,0.0,0.0,0.0,0.0174,0.0,0.0,0.0,0.250690804,3223
k1114,0.0,0.0,0.0,0.0,0.0,0.0753,0.0,0.0,0.0,0.18994076,1264
k1582,0.151829477,0.0,0.0,0.0909,0.0,0.193168201,0.0263,0.0,0.0,0.235956559,1057
k1880,0.0,0.0,0.0,0.0,0.0,0.0247,0.0,0.0,0.0,0.083,2711
k822,0.0,0.0,0.0,0.0,0.0,0.110055391,0.0,0.0,0.0,0.145827229,505
k713,0.0,0.0,0.0,0.0,0.0,0.0118,0.0,0.0,0.0,0.294689918,2173
k1815,0.264625105,0.0,0.0,0.0,0.0,0.0696,0.0,0.0,0.0,0.103852991,365
k1577,0.303658955,0.0,0.0,0.363636364,0.0,0.26505851,0.0,0.0,0.0,0.153526433,3183
k2113,0.0,0.0,0.0,0.0,0.0,0.10315705,0.0789,0.0,0.0,0.12358817,330
k1133,0.0,0.0,0.0357,0.0909,0.0,0.282109157,0.0789,0.0,0.0,0.311350413,2955
k1913,0.16666667,0.0,0.0,0.0,0.0,0.105398644,0.0,0.0667,0.0952,0.306292568,2461
k3288,0.151829477,0.0,0.0,0.0,0.0,0.170159233,0.0,0.0,0.0,0.0816,3240
k1909,0.0,0.0256,0.0,0.0,0.0,0.0688,0.0263,0.0,0.0,0.252086098,2284
k1941,0.0,0.0,0.0,0.0,0.0,0.00435,0.0,0.0,0.0,0.287295978,2616
k1113,0.0,0.0,0.0,0.0,0.0417,0.134033297,0.0526,0.0,0.0,0.264018179,2797
k1256,0.16666667,0.0,0.0,0.0,0.0,0.038,0.0,0.0,0.0,0.113940007,1946
k2450,0.0,0.0,0.0,0.0,0.0,0.0315,0.0,0.0,0.0,0.185397253,2409
k807,0.0,0.0,0.0,0.0,0.0,0.0674,0.0263,0.0,0.0,0.272827411,1506
k3073,0.0,0.0,0.0,0.0,0.0,0.0368,0.0,0.0,0.0,0.156997273,2275
k2002,0.0,0.0,0.0,0.0,0.0,0.0585,0.0263,0.0,0.0,0.208048381,1518
k1659,0.0,0.0,0.0,0.0,0.0,0.0181,0.0,0.0,0.0,0.216361546,917
k875,0.16666667,0.0,0.0,0.0,0.0,0.057,0.0263,0.0,0.0238,0.275103316,1494
k924,0.16666667,0.0,0.0,0.0,0.0,0.0562,0.0263,0.0,0.0,0.237390198,81
k1553,0.0759,0.0,0.0,0.0,0.0,0.0663,0.0,0.0,0.0,0.179525033,347
k3067,0.0,0.0,0.0,0.0,0.0,0.0,0.0,0.0,0.0,0.228691258,1592
k2167,0.5,0.0,0.0,0.0,0.0,0.145573929,0.0263,0.0,0.0,0.302504251,1051
k2159,0.0759,0.0,0.0,0.0,0.0,0.122376975,0.0,0.0,0.0,0.0844,3179
k2350,0.146735246,0.0,0.0,0.0,0.0,0.108348882,0.0,0.0,0.0,0.200440606,292
k1178,0.0,0.0,0.0,0.0,0.0,0.072,0.0,0.0,0.0,0.185091298,1290
k1798,0.0,0.0,0.0,0.0,0.0,0.0,0.0,0.0,0.0,0.219151984,2925
k1671,0.264625105,0.0,0.0,0.0,0.0,0.0635,0.0263,0.0,0.0,0.162524169,534
k743,0.0759,0.0513,0.0,0.0,0.0,0.0663,0.0,0.0,0.0,0.223879557,2481
k3303,0.0,0.0,0.0,0.0,0.0,0.0317,0.0,0.0,0.0,0.221319919,1204
k1039,0.0,0.0,0.0,0.0,0.0,0.0448,0.0,0.0,0.0,0.182569443,942
k83,0.0,0.0,0.0,0.0,0.0,0.184317477,0.0789,0.0,0.0,0.154056406,2814
k2153,0.0,0.0,0.0,0.0,0.0,0.0539,0.0,0.0,0.0,0.219528548,633
k2939,0.0,0.0769,0.0,0.0,0.0,0.0,0.0,0.0,0.0,0.26074515,543
k1931,0.0759,0.0256,0.0,0.0,0.0,0.0663,0.0,0.0,0.0,0.116688386,1480
k185,0.12680381,0.0,0.0,0.0455,0.0,0.163897212,0.0263,0.0,0.0,0.262957109,3390
k3379,0.16666667,0.0,0.0,0.0,0.0417,0.151055005,0.0526,0.133333333,0.0476,0.133960359,1762
k693,0.0759,0.0,0.0,0.0,0.0,0.105745739,0.0,0.0,0.0,0.291668129,1120
k581,0.0,0.0,0.0,0.0,0.0,0.0376,0.0,0.0,0.0,0.126726092,2873
k787,0.0,0.0,0.0,0.0,0.0,0.032,0.0,0.0,0.0,0.247118191,1656
k2462,0.16666667,0.0,0.0,0.0,0.0,0.129203002,0.0,0.0,0.0,0.0681,2747
k652,0.0759,0.0,0.0,0.0,0.0,0.0853,0.0,0.0,0.0,0.135845242,2020
k405,0.0,0.0,0.0,0.0,0.0,0.0634,0.0,0.0,0.0,0.136425006,736
k3245,0.0,0.0,0.0,0.0,0.0,0.072,0.0,0.0,0.0,0.185091298,1316
k2386,0.0,0.0,0.0,0.0,0.0,0.0317,0.0,0.0,0.0,0.199480034,763
k1962,0.0759,0.0,0.0,0.0,0.0,0.0844,0.0,0.0,0.0,0.163651798,1943
k1486,0.0,0.0,0.0,0.0,0.0,0.142681546,0.0,0.0,0.0,0.364008286,2569
k161,0.12680381,0.0,0.0,0.0,0.0,0.134568393,0.0263,0.266666667,0.0,0.00723,2043
k1847,0.0,0.230769231,0.0,0.0,0.0,0.0,0.0,0.0,0.0,0.223071801,1007
k118,0.16666667,0.0,0.0,0.0,0.0,0.0427,0.0,0.0,0.0,0.203923875,1538
k944,0.0,0.0,0.0,0.0,0.0,0.0421,0.0,0.0,0.0,0.231532447,2515
k383,0.146735246,0.0,0.0,0.0,0.0,0.0948,0.0,0.0,0.0,0.246544215,746
k1053,0.146735246,0.0,0.0,0.0,0.0,0.0758,0.0,0.0,0.0,0.173030169,2259
k1685,0.151829477,0.0,0.0,0.0,0.0,0.132529254,0.0,0.0,0.0,0.174038576,1017
k3082,0.16666667,0.0,0.0,0.0,0.0,0.038,0.0,0.0,0.0,0.22590082,1318
k2750,0.0,0.0,0.0,0.0,0.0,0.100684059,0.0526,0.0,0.0,0.194733025,2544
k327,0.16666667,0.0,0.0,0.0,0.0417,0.202308135,0.131578947,0.0667,0.0714,0.129120129,3084
k1817,0.0,0.0,0.0,0.0,0.0,0.0777,0.0263,0.0,0.0,0.206129182,580
k3211,0.0,0.0,0.0,0.0,0.0,0.0,0.0,0.0,0.0,0.120088217,1737
k923,0.0,0.0,0.0,0.0,0.0,0.0,0.0,0.0,0.0,0.157300237,242
k1514,0.0,0.0,0.0,0.0,0.0,0.0186,0.0,0.0,0.0,0.17764015,3015
k2361,0.16666667,0.0,0.0,0.0,0.0,0.0781,0.0263,0.0,0.0,0.171899613,2959
k2494,0.0759,0.0,0.0,0.0,0.0,0.124777652,0.0263,0.0,0.0,0.202561936,1586
k344,0.222649984,0.0,0.0,0.0909,0.0,0.176450179,0.131578947,0.0,0.0,0.0941,1103
k2732,0.0,0.0,0.0,0.0,0.0,0.082,0.0,0.0,0.0,0.185034089,246
k510,0.0,0.0,0.0,0.0,0.0,0.22670542,0.0,0.0,0.0,0.0827,556
k422,0.0,0.0256,0.0,0.0,0.0,0.0415,0.0,0.0,0.0,0.134258572,2538
k3350,0.0,0.0,0.0,0.0,0.0417,0.0682,0.0263,0.0,0.0,0.338812681,1510
k3167,0.16666667,0.0,0.0,0.0,0.0,0.0647,0.0,0.0,0.0,0.121470997,2139
k381,0.0,0.0,0.0,0.0,0.0417,0.0765,0.0,0.0667,0.0,0.167695254,3243
k1273,0.0,0.0,0.0,0.0,0.0,0.0585,0.0263,0.0,0.0,0.208048381,2517
k2475,0.0,0.0,0.0,0.0,0.0,0.0423,0.0,0.0,0.0,0.175631876,2734
k2492,0.0,0.0,0.0,0.0,0.0,0.06,0.0,0.0,0.0,0.175335165,1683
k1951,0.0,0.0,0.0,0.0,0.0,0.0808,0.0526,0.0,0.0,0.304097648,3158
k51,0.0759,0.0,0.0,0.0,0.0,0.15957309,0.0,0.0,0.0,0.0943,2108
k3041,0.0,0.0,0.0,0.0,0.0,0.0467,0.0,0.0,0.0,0.126726092,2335
k1636,0.0,0.0,0.0,0.0,0.0,0.0796,0.0,0.0,0.0,0.144573272,1144
k2954,0.0,0.0,0.0268,0.0909,0.0833,0.16440338,0.0526,0.0667,0.0714,0.251858754,2016
k2536,0.0,0.0,0.0,0.0,0.0,0.0376,0.0,0.0,0.0,0.199776746,2132
k2447,0.122035183,0.0513,0.0,0.0,0.0,0.0247,0.0,0.0,0.0,0.136749415,467
k654,0.0,0.0,0.0,0.0,0.0,0.0945,0.0,0.0,0.0,0.121819399,1985
k3356,0.0,0.0,0.0,0.0,0.0,0.105760192,0.0,0.0,0.0,0.0915,1030
k2856,0.146735246,0.0,0.0,0.0,0.0,0.143317862,0.0526,0.0,0.0476,0.131806019,2220
k1394,0.0,0.0,0.0,0.0,0.0,0.0,0.0,0.0,0.0,0.0639,692
k728,0.151829477,0.0,0.0,0.0,0.0,0.161785768,0.0,0.0,0.0,0.100582297,1243
k252,0.0,0.0,0.0,0.0,0.0,0.0181,0.0263,0.0,0.0,0.0702,2970
k719,0.0,0.0256,0.0,0.0,0.0,0.0893,0.0263,0.0,0.0,0.183084526,1587
k250,0.16666667,0.0,0.0,0.0,0.0,0.0832,0.0,0.0,0.0,0.25605388,1091
k1353,0.146735246,0.0256,0.0,0.0,0.0,0.108348882,0.0,0.0,0.0,0.198768609,1536
k290,0.16666667,0.0,0.0,0.0,0.0833,0.204434041,0.0,0.0,0.0476,0.216776411,2076
k1618,0.16666667,0.0,0.0,0.0,0.0,0.0806,0.0263,0.0,0.0,0.278685173,2439
k2670,0.0,0.0,0.0,0.0,0.0,0.0494,0.0263,0.0,0.0,0.18978111,1963
k103,0.146735246,0.0,0.0,0.0,0.0,0.0468,0.0,0.0,0.0,0.282606156,1798
k551,0.0,0.0,0.0,0.0,0.0417,0.134713011,0.0,0.0,0.0,0.199639696,1734
k84,0.0,0.153846154,0.0,0.0,0.0,0.0585,0.0,0.0,0.0,0.210227082,390
k2568,0.0,0.0,0.0,0.0,0.0,0.0563,0.0,0.0,0.0,0.124124384,2423
k2265,0.227744228,0.0,0.0,0.181818182,0.0,0.223480421,0.0,0.0,0.0,0.129641993,740
k258,0.0,0.0,0.0179,0.0,0.0,0.0719,0.0526,0.0,0.0,0.283049182,2759
k1557,0.0,0.0,0.0357,0.0909,0.0,0.235989988,0.0,0.0,0.0,0.289712648,2626
k1848,0.0,0.0,0.0,0.0,0.0,0.0247,0.0,0.0,0.0,0.150870951,218
k2245,0.0,0.0,0.0,0.0,0.0,0.0797,0.0,0.0,0.0,0.11450529,318
k2303,0.0,0.0,0.0,0.0,0.0,0.0293,0.0,0.0,0.0,0.194145119,1378
k1831,0.0,0.0,0.0357,0.0909,0.0,0.111819751,0.0526,0.0,0.0,0.243753248,221
k2933,0.0,0.0769,0.0,0.0,0.0417,0.0595,0.0,0.133333333,0.0,0.190799527,1093
k534,0.0,0.0,0.0,0.0,0.0,0.132572638,0.0526,0.0,0.0,0.23343181,1110
k2706,0.0759,0.0,0.0,0.0909,0.0,0.103547516,0.0,0.0,0.0,0.198922871,42
k936,0.0,0.0,0.0,0.0,0.0,0.0181,0.0,0.0,0.0,0.208048381,1253
k1176,0.0,0.0,0.0,0.0,0.0,0.0376,0.0,0.0,0.0,0.326799539,1801
k2807,0.0,0.0,0.0,0.0,0.0,0.0293,0.0,0.0,0.0,0.194145119,2587
k6,0.0759,0.0,0.0,0.0,0.0,0.0663,0.0,0.0,0.0,0.21843517,1575
k1209,0.0,0.0,0.0,0.0909,0.0,0.145993325,0.0526,0.0,0.0,0.15216241,3063
k3396,0.0,0.0,0.0,0.0,0.0,0.0,0.0,0.0,0.0,0.22945134,2427
k988,0.0,0.0,0.0,0.0,0.0,0.0415,0.0,0.0,0.0,0.22147958,2081
k3230,0.0,0.0,0.0,0.0,0.0,0.165401254,0.0526,0.0,0.0,0.0621,2650
k3186,0.0,0.0,0.0,0.0,0.0,0.0267,0.0263,0.0,0.0,0.214768138,272
k3316,0.0,0.0,0.0,0.0455,0.0,0.0825,0.0,0.0,0.0,0.270465206,2138
k57,0.146735246,0.0,0.0,0.0455,0.0,0.0961,0.0,0.0,0.0,0.24846566,406
k977,0.0,0.0,0.0,0.0,0.0,0.0627,0.0,0.0,0.0,0.123604777,1774
k1424,0.0759,0.0,0.0,0.0,0.0,0.0663,0.0,0.0,0.0,0.21843517,2283
k2217,0.146735246,0.0,0.0,0.0,0.0,0.140179623,0.0263,0.266666667,0.0,0.0924,2163
k2018,0.0,0.0,0.0,0.0,0.0,0.0293,0.0,0.0,0.0,0.228285636,1634
k2461,0.0,0.0,0.0,0.0,0.0,0.0765,0.0,0.0,0.0,0.133554737,3188
k3367,0.0,0.0,0.0,0.0,0.0,0.0181,0.0,0.0,0.0,0.193739497,709
k2659,0.16666667,0.0,0.0,0.0,0.0,0.038,0.0,0.0,0.0,0.238201442,3151
k3427,0.0,0.0,0.142857143,0.0,0.0,0.336818662,0.289473684,0.0,0.0,0.250935382,2456
k1683,0.0,0.128205128,0.0,0.0,0.0,0.0247,0.0,0.0,0.0,0.178751647,3424
k2602,0.0,0.0,0.0268,0.0,0.0,0.114061357,0.0263,0.0,0.0,0.232809307,2204
k978,0.151829477,0.0,0.0,0.0,0.0,0.170159233,0.0,0.0,0.0,0.154663338,1303
k1309,0.0,0.0,0.0,0.0,0.0,0.0439,0.0,0.0,0.0,0.302220918,999
k618,0.146735246,0.0,0.0,0.0,0.0,0.108348882,0.0,0.0,0.0,0.183370364,1689
k40,0.0,0.0,0.0,0.0,0.0,0.112889932,0.0,0.0,0.0,0.25315545,2506
k2390,0.0,0.0,0.0,0.0,0.0,0.0186,0.0,0.0,0.0,0.151030634,2829
k3237,0.0958,0.0,0.0,0.272727273,0.0,0.225360474,0.105263158,0.0,0.0,0.10200145,1788
k380,0.16666667,0.0,0.0,0.0,0.0,0.0808,0.0526,0.0,0.0,0.175066593,2745
k2867,0.0474,0.0,0.0,0.0,0.0,0.0537,0.0,0.0,0.0,0.267510032,2764
k3401,0.0,0.0,0.0,0.0,0.0,0.0753,0.0,0.0,0.0,0.18994076,937
k81,0.0,0.0,0.0,0.0,0.0,0.108826129,0.0526,0.0,0.0,0.0679,2395
k3248,0.146735246,0.0,0.0,0.0,0.0,0.108348882,0.0,0.0,0.0,0.171829814,2025
k272,0.0759,0.0,0.0,0.0,0.0,0.197535693,0.0263,0.0,0.0,0.205171774,1498
k3002,0.0,0.0769,0.0,0.0,0.0,0.0,0.0,0.0,0.0,0.234550229,2405
k2195,0.0,0.0,0.0,0.0,0.0,0.0317,0.0,0.0,0.0,0.199480034,2577
k2487,0.0,0.0,0.0,0.0,0.0,0.0935,0.0,0.0,0.0,0.273933984,2958
k2587,0.16666667,0.0513,0.0,0.0,0.0,0.0916,0.0526,0.133333333,0.0,0.138242432,1979
k2242,0.0,0.0,0.0,0.0455,0.0,0.173847029,0.0526,0.0,0.0,0.199799368,286
k2957,0.16666667,0.0,0.0,0.0,0.541666667,0.35071659,0.157894737,0.0,0.357142857,0.171541524,2776
k1501,0.0759,0.0,0.0446,0.0909,0.0,0.247834335,0.157894737,0.0,0.0,0.162623674,3301
k548,0.0,0.0,0.0,0.0,0.0,0.0404,0.0,0.0,0.0,0.0975,2051
k3330,0.0,0.0,0.0,0.0,0.0,0.0797,0.0,0.0,0.0,0.131575543,1620
k1573,0.0,0.0,0.0,0.0,0.0,0.0853,0.0526,0.0,0.0,0.170000239,2340
k3370,0.0,0.0,0.0,0.0,0.0,0.0494,0.0,0.0,0.0,0.124261435,2390
k1763,0.0,0.0,0.0,0.0,0.0,0.0548,0.0,0.0,0.0,0.308244788,491
k994,0.0,0.0,0.0,0.0,0.0,0.0426,0.0,0.0,0.0,0.214085641,1014
k1955,0.0,0.0,0.0,0.0,0.0,0.055,0.0,0.133333333,0.0,0.095,62
k36,0.0,0.0,0.0,0.0,0.0,0.0467,0.0,0.0,0.0,0.246217895,2810
k680,0.0,0.0,0.0,0.0909,0.0,0.21082622,0.157894737,0.0,0.0,0.0585,2198
k2546,0.0759,0.0513,0.0,0.0,0.0,0.0663,0.0,0.0,0.0,0.136441656,2457
k560,0.16666667,0.128205128,0.0,0.0,0.0833,0.096,0.0,0.133333333,0.0,0.256022328,428
k1084,0.0,0.0,0.0,0.0,0.0,0.110055391,0.0,0.0,0.0,0.145827229,419
k1370,0.0,0.0,0.0,0.0909,0.0,0.110865269,0.0,0.0,0.0,0.232809307,877
k2020,0.0,0.0,0.0,0.0,0.0,0.0753,0.0,0.0,0.0,0.121659738,1875
k1109,0.0,0.0,0.0,0.0,0.0,0.100684059,0.0526,0.0,0.0,0.18994076,2818
k324,0.151829477,0.0,0.0,0.0,0.0,0.159226004,0.0263,0.0,0.0,0.16212373,3230
k995,0.197624317,0.0,0.0,0.0,0.0,0.114437359,0.0789,0.0,0.0,0.0219,1385
k2861,0.0,0.0513,0.0,0.0,0.0,0.0376,0.0,0.0,0.0,0.132092127,2731
k2405,0.0,0.0,0.0,0.0,0.0,0.10565896,0.0,0.0,0.0,0.13832438,303
k2544,0.0,0.0,0.0,0.0,0.0,0.082,0.0,0.0,0.0,0.150893573,1562
k2058,0.0,0.0,0.0,0.0,0.0,0.0766,0.0526,0.0,0.0,0.221546032,2527
k1760,0.0759,0.0769,0.0,0.0,0.0,0.093,0.0263,0.0,0.0,0.226870019,3127
k1329,0.0,0.0,0.0,0.0,0.0,0.0186,0.0,0.0,0.0,0.183929956,1819
k2042,0.0,0.0,0.0,0.0,0.0,0.0,0.0,0.0,0.0,0.119491803,319
k1606,0.0,0.0,0.0,0.0,0.0833,0.183030364,0.0,0.0,0.0,0.22353353,2758
k2094,0.0,0.0,0.0,0.0,0.0,0.136983535,0.0,0.0,0.0,0.190260094,1716
k2268,0.0126,0.0,0.0,0.0,0.0,0.0534,0.0789,0.0,0.0,0.173878807,589
k821,0.0,0.0,0.0,0.0,0.0,0.0798,0.0,0.0,0.0,0.15826489,12
k1009,0.111562615,0.0,0.0,0.181818182,0.0,0.132529254,0.0,0.0,0.0,0.212948735,1783
k1699,0.0,0.0,0.0,0.0,0.0,0.055,0.0,0.0,0.0,0.197175049,1537
k2050,0.0,0.0,0.0,0.0,0.0,0.0174,0.0,0.0,0.0,0.0865,3219
k1495,0.0,0.0,0.0,0.0,0.0,0.0886,0.0,0.0,0.0,0.169297905,2977
k2748,0.0,0.0,0.0,0.0,0.0,0.121191095,0.0,0.0,0.0,0.0827,2809
k2592,0.0,0.0,0.0,0.0,0.0,0.0247,0.0,0.0,0.0,0.10003673,2103
k2812,0.0759,0.0,0.0,0.0,0.0,0.0663,0.0,0.0,0.0,0.195591143,682
k1140,0.0,0.0,0.0,0.0,0.0,0.0181,0.0,0.0,0.0,0.208048381,2321
k87,0.146735246,0.0,0.0,0.0,0.0,0.0713,0.0263,0.0,0.0,0.0877,2368
k452,0.0,0.0,0.0,0.0,0.0,0.117257445,0.0,0.0,0.0,0.256976788,2778
k968,0.0958,0.102564103,0.0,0.0,0.0,0.103301666,0.0526,0.0,0.0,0.259674977,2567
k1902,0.16666667,0.0256,0.0,0.0,0.0,0.038,0.0,0.0,0.0,0.0948,1157
k412,0.0,0.0,0.0,0.0,0.0,0.0,0.0,0.0,0.0,0.236222248,2070
k1535,0.0,0.0256,0.0,0.0,0.0,0.0268,0.0263,0.0,0.0,0.357118837,301
k3229,0.0,0.0,0.0,0.0,0.0,0.0766,0.0526,0.0,0.0,0.221546032,3268
k899,0.0,0.0,0.0,0.0,0.0,0.111009885,0.0,0.0,0.0,0.182569443,2205
k1036,0.0,0.0513,0.0,0.0,0.0,0.0,0.0,0.0,0.0,0.137158481,3361
k2421,0.0,0.0,0.0,0.0,0.0,0.0669,0.0,0.0,0.0,0.0846,2845
k325,0.242581421,0.0,0.0357,0.0455,0.0,0.132514789,0.105263158,0.0,0.0,0.257721872,2947
k2999,0.0,0.0,0.0,0.0455,0.0,0.116635581,0.0263,0.0,0.0,0.169160855,313
k2868,0.0,0.0,0.0,0.0,0.0,0.0376,0.0,0.0,0.0,0.191241614,2048
k446,0.0,0.0,0.0,0.0,0.0,0.0951,0.0,0.0,0.0,0.182163821,82
k182,0.0,0.0,0.0,0.0,0.0,0.0893,0.0263,0.0,0.0,0.0438,2629
k3306,0.0,0.0,0.0,0.0,0.0,0.0186,0.0,0.0,0.0,0.216550287,3270
k13,0.0958,0.0,0.0,0.0455,0.0,0.149912512,0.105263158,0.0,0.0,0.0823,2052
k196,0.187111415,0.0,0.0,0.0,0.0,0.092,0.0,0.0,0.0,0.20644573,66
k1218,0.227744228,0.0,0.0,0.181818182,0.0,0.198793897,0.0,0.0,0.0,0.159012868,1414
k503,0.0,0.0,0.0,0.0,0.0,0.0177,0.0,0.0,0.0,0.300793607,888
k2519,0.0,0.0,0.0,0.0,0.0,0.0181,0.0,0.0,0.0,0.0818,1866
k2771,0.340539843,0.0,0.0,0.0,0.0,0.0849,0.0,0.0,0.0,0.0916,2486
k1754,0.0,0.0,0.0,0.0,0.0,0.0713,0.0263,0.0,0.0,0.0318,1861
k244,0.0,0.0,0.0,0.0,0.0,0.0,0.0,0.0,0.0,0.132803434,1222
k3378,0.0,0.0,0.0,0.0,0.0,0.0833,0.0263,0.0,0.0,0.0457,3093
k1506,0.0,0.0,0.0,0.0,0.0,0.0,0.0,0.0,0.0,0.226682985,2999
k1076,0.16666667,0.0,0.0,0.0,0.0,0.109968624,0.0263,0.0,0.0,0.0854,575
k2908,0.0,0.0,0.0,0.0,0.0,0.0772,0.0,0.0667,0.0,0.0827,3278
k916,0.0,0.0,0.0,0.0,0.0,0.0737,0.0,0.0,0.0,0.158013876,2648
k2588,0.0,0.0,0.0,0.0,0.0,0.0181,0.0,0.0,0.0,0.0558,3422
k1403,0.0759,0.0,0.0,0.0,0.0,0.0955,0.0,0.0,0.0,0.210498547,3224
k3033,0.0,0.0256,0.0,0.0,0.0,0.0,0.0,0.0,0.0,0.182342196,216
k1241,0.0759,0.0,0.0,0.0455,0.0,0.124777652,0.0263,0.0,0.0,0.197792315,731
k173,0.0,0.0,0.0,0.0,0.0,0.0293,0.0,0.0,0.0,0.0925,2258
k266,0.0759,0.0,0.0,0.0,0.0,0.0955,0.0,0.0,0.0,0.210498547,245
k3205,0.0759,0.0,0.0,0.0,0.0,0.11724298,0.0,0.0,0.0,0.117667034,3149
k1455,0.16666667,0.0,0.0179,0.0,0.0,0.038,0.0,0.0,0.0,0.360454603,294
k390,0.0,0.0,0.0,0.0,0.0,0.132023088,0.0526,0.0,0.0,0.167544825,1639
k3282,0.0,0.0,0.0,0.0,0.0,0.10989631,0.0,0.0,0.0,0.17429365,2623
k3137,0.0,0.0,0.0,0.0,0.0,0.110055391,0.0,0.0,0.0,0.145827229,2785
k1081,0.0,0.0513,0.0,0.0,0.0,0.0186,0.0,0.0,0.0,0.124826826,2028
k782,0.0,0.0,0.0,0.0,0.0,0.0885,0.0263,0.133333333,0.0238,0.191703073,2413
k2823,0.0,0.0,0.0,0.0,0.0,0.0,0.0,0.0,0.0,0.142373893,2733
k260,0.0,0.0,0.0,0.0,0.0,0.0878,0.0,0.0,0.0,0.173502243,787
k1088,0.0,0.0,0.0,0.0,0.0,0.061,0.0,0.0,0.0,0.169515715,3167
k3081,0.0,0.0,0.0,0.0,0.0,0.055,0.0,0.0,0.0,0.163034533,2523
k3373,0.0,0.0,0.0,0.0,0.0,0.134915477,0.105263158,0.0667,0.0476,0.0743,2989
k1151,0.0,0.128205128,0.0,0.0,0.0,0.0528,0.0,0.0,0.0,0.455263345,233
k1710,0.0,0.0,0.0,0.0,0.0,0.114017961,0.0263,0.0667,0.0,0.0561,2928
k1596,0.16666667,0.0,0.0,0.0,0.0,0.0539,0.0,0.0,0.0,0.0942,442
k579,0.16666667,0.0,0.0,0.0,0.0,0.0674,0.0263,0.0,0.0,0.254753027,1230
k800,0.0,0.0,0.0,0.0,0.0,0.109954159,0.0526,0.0,0.0,0.0726,817
k2100,0.0,0.0,0.0,0.0,0.0,0.0707,0.0,0.0,0.0238,0.184388964,1101
k2752,0.0,0.0,0.0,0.0,0.0,0.0,0.0,0.0,0.0,0.240991868,935
k2412,0.0759,0.0,0.0,0.0,0.0,0.0955,0.0,0.0,0.0,0.17158841,1805
k1095,0.0759,0.0,0.0,0.0,0.0,0.0663,0.0,0.0,0.0,0.179525033,2371
k2950,0.0759,0.0,0.0,0.0,0.0,0.121292329,0.0,0.0,0.0,0.0871,1611
k2833,0.0,0.0,0.0,0.0,0.0,0.0181,0.0,0.0,0.0,0.176669234,673
k2173,0.0,0.0,0.0,0.0,0.0,0.0473,0.0263,0.0,0.0,0.253946858,1577
k2093,0.146735246,0.0256,0.0,0.0,0.0,0.108348882,0.0,0.0,0.0,0.18605337,2913
k1713,0.0759,0.0,0.0,0.0,0.0,0.0663,0.0,0.0,0.0,0.230735802,1976
k1813,0.0,0.0,0.0,0.0,0.0,0.0467,0.0,0.0,0.0,0.199074412,1211
k759,0.0,0.0,0.0,0.0,0.0,0.0539,0.0,0.0,0.0,0.166980535,3139
k3031,0.0,0.0256,0.0,0.0,0.0,0.0683,0.0263,0.0,0.0,0.177185245,573
k1826,0.0,0.0,0.0,0.0,0.0,0.0,0.0,0.0,0.0,0.236222248,2382
k1215,0.0,0.0,0.0,0.0,0.0,0.0494,0.0,0.0,0.0,0.0683,2788
k3160,0.16666667,0.0,0.0,0.0,0.0,0.0853,0.0263,0.0,0.0,0.156096977,370
k2676,0.0759,0.0,0.0357,0.0,0.0,0.141105188,0.0,0.0,0.0,0.262514114,3380
k2154,0.146735246,0.0,0.0,0.0,0.0,0.107206387,0.0526,0.0,0.0,0.15349528,1916
k434,0.0,0.0,0.0,0.0,0.0,0.0,0.0,0.0,0.0,0.236222248,2610
k1142,0.0958,0.0,0.0,0.0,0.0,0.119065188,0.0,0.0,0.0,0.13832438,2543
k1321,0.151829477,0.0,0.0,0.181818182,0.0,0.132529254,0.0,0.0,0.0,0.212948735,391
k2376,0.0,0.0,0.0,0.0,0.0,0.0,0.0,0.0,0.0,0.175508032,1242
k3063,0.0,0.0,0.0,0.0,0.0,0.0,0.0,0.0,0.0,0.279902038,1952
k112,0.146735246,0.0,0.0,0.0,0.0,0.125746599,0.0,0.0,0.0,0.151614663,1067
k670,0.0,0.0,0.0,0.0,0.0,0.0468,0.0,0.0,0.0,0.330131288,570
k812,0.0,0.0,0.0,0.0,0.0,0.0247,0.0,0.0,0.0,0.18978111,813
k1825,0.0,0.0513,0.0,0.0,0.0,0.0886,0.0,0.0,0.0,0.208804468,6
k222,0.575914773,0.0,0.0179,0.0455,0.0,0.211115459,0.105263158,0.0,0.0,0.233586234,559
k1400,0.0,0.0,0.0,0.0,0.0,0.120337835,0.0,0.0,0.0,0.0926,2324
k3183,0.0,0.102564103,0.0,0.0,0.0,0.110980956,0.0,0.0,0.0,0.242879656,2307
k1146,0.146735246,0.0,0.0,0.0,0.0,0.0715,0.0,0.0,0.0,0.274071045,3364
k838,0.0,0.0513,0.0,0.0,0.0,0.0395,0.0,0.0,0.0,0.3899585,1942
k3088,0.088,0.0,0.0,0.0,0.0,0.135551806,0.0,0.0,0.0,0.045,1096
k736,0.0,0.0,0.0,0.0,0.0,0.15049099,0.0,0.0,0.0,0.169929641,1957
k703,0.0,0.0,0.0,0.0,0.0,0.0739,0.0263,0.0,0.0,0.195096188,862
k2576,0.0,0.0,0.0,0.0,0.0,0.0753,0.0,0.0,0.0,0.121659738,325
k1949,0.0759,0.0,0.0,0.0,0.0,0.0663,0.0,0.0,0.0,0.21843517,2416
k1677,0.0,0.0,0.0,0.0,0.0,0.055,0.0,0.133333333,0.0,0.0561,676
k947,0.0,0.0,0.0,0.0,0.0,0.0585,0.0263,0.0,0.0,0.220349013,339
k1275,0.0,0.0,0.0,0.0,0.0,0.0293,0.0,0.0,0.0,0.215985004,956
k1230,0.0,0.0,0.0,0.0,0.0,0.0,0.0,0.0,0.0,0.236222248,1415
k17,0.0,0.0,0.0,0.0,0.0,0.0585,0.0263,0.0,0.0,0.137759085,1356
k3348,0.0,0.0,0.0,0.0,0.0,0.0538,0.0,0.0,0.0,0.279113395,1126
k338,0.0,0.0,0.0,0.0,0.0,0.0719,0.0,0.0,0.0,0.078,1220
k552,0.0,0.0,0.0,0.0,0.0,0.15049099,0.0526,0.0,0.0,0.169929641,859
k734,0.0,0.0,0.0,0.0,0.0,0.0293,0.0,0.0,0.0,0.211215372,2141
k1974,0.0759,0.0,0.0,0.0,0.0,0.166948682,0.0526,0.0,0.0,0.111403661,48
k2898,0.146735246,0.0,0.0,0.0,0.0,0.101797623,0.0,0.0,0.0,0.265398852,3038
k2793,0.0,0.0,0.0,0.0,0.0,0.072,0.0263,0.0,0.0,0.210889592,93
k1584,0.151829477,0.0,0.0,0.0,0.0,0.132529254,0.0,0.0,0.0,0.125589176,1223
k1406,0.264625105,0.0,0.0,0.0,0.0,0.0501,0.0263,0.0,0.0,0.131956254,773
k656,0.146735246,0.0,0.0,0.0,0.0,0.108348882,0.0,0.0,0.0,0.171829814,178
k877,0.0759,0.0,0.0,0.0,0.0,0.1038946,0.0,0.0,0.0,0.147849162,2479
k1068,0.0759,0.0,0.0,0.0,0.0,0.0663,0.0,0.0,0.0,0.21843517,99
k2311,0.0,0.0,0.0,0.0,0.0,0.0695,0.0263,0.0,0.0,0.104815592,1812
k671,0.16666667,0.0,0.0,0.0,0.125,0.127322957,0.0526,0.133333333,0.0476,0.0462,2793
k1401,0.16666667,0.0,0.0,0.0,0.0833,0.189769629,0.0263,0.333333333,0.0476,0.0484,2244
k305,0.0759,0.0,0.0,0.0,0.0,0.1038946,0.0,0.0,0.0,0.185755179,134
k3098,0.0,0.0,0.0357,0.0455,0.0,0.103807833,0.0526,0.0,0.0,0.356335171,1341
k3168,0.0,0.0,0.0,0.0,0.0,0.0659,0.0,0.0,0.0,0.143659295,2509
k2872,0.0,0.0,0.0,0.0,0.0,0.0426,0.0,0.0,0.0,0.160866598,1779
k3074,0.151829477,0.0,0.0,0.181818182,0.0,0.132529254,0.0,0.0,0.0,0.212948735,1568
k55,0.0,0.0,0.0,0.0,0.0,0.0181,0.0,0.0,0.0,0.147298349,3377
k1505,0.0,0.0,0.0,0.0,0.0,0.0294,0.0,0.0,0.0,0.238766725,1287
k2349,0.0759,0.0,0.0,0.0,0.0,0.141524586,0.0,0.0,0.0,0.0943,1170
k346,0.0759,0.0,0.0,0.0,0.0,0.138198334,0.0,0.0,0.0,0.204206106,1899
k2557,0.0759,0.0,0.0,0.0,0.0,0.212142257,0.0,0.0,0.0,0.116530117,1756
k1853,0.0,0.0,0.0,0.0,0.0,0.111009885,0.0,0.0,0.0,0.199639696,2695
k834,0.333333341,0.0,0.0357,0.0,0.0,0.244479164,0.157894737,0.0,0.0,0.406122809,414
k2806,0.151829477,0.0,0.0,0.0,0.0,0.132529254,0.0,0.0,0.0,0.174038576,1858
k2835,0.318496148,0.0,0.0,0.0,0.0,0.13303542,0.0263,0.0,0.0,0.0724,206
k2227,0.0759,0.0,0.0,0.0,0.0,0.138198334,0.0,0.0,0.0,0.204206106,2592
k1498,0.0759,0.0256,0.0,0.0,0.0,0.131271062,0.0263,0.0,0.0,0.230411501,3108
k3131,0.0,0.0,0.0,0.0,0.0,0.0174,0.0,0.0,0.0,0.250690804,3321
k856,0.0759,0.0,0.0,0.0,0.0,0.091,0.0,0.0,0.0,0.114005357,3236
k1748,0.0,0.0,0.0,0.0,0.0,0.0472,0.0,0.0,0.0,0.158561624,566
k70,0.0,0.0,0.0,0.0,0.0,0.0,0.0,0.0,0.0,0.258062132,685
k140,0.0,0.0,0.0,0.0,0.0,0.0,0.0,0.0,0.0,0.197312099,2802
k1509,0.0,0.0,0.0,0.0,0.0,0.0186,0.0526,0.0,0.0,0.145019808,1992
k1794,0.0,0.0,0.0,0.0,0.0,0.132023088,0.0526,0.0,0.0,0.161993029,991
k827,0.0,0.230769231,0.0,0.0,0.0,0.0,0.0,0.0,0.0,0.236818662,2524
k2223,0.0,0.0,0.0,0.0,0.0,0.051,0.0,0.0,0.0,0.140223743,2378
k447,0.0,0.102564103,0.0,0.0,0.0,0.0494,0.0,0.0,0.0,0.147294148,1921
k590,0.0,0.0,0.0,0.0,0.0,0.0344,0.0,0.0,0.0,0.0639,1623
k26,0.0,0.0,0.0,0.0,0.0,0.0186,0.0,0.0,0.0,0.178400232,311
k3037,0.0,0.0,0.0,0.0,0.0,0.0181,0.0,0.0,0.0,0.20327875,3091
k1723,0.0,0.0,0.0,0.0,0.0,0.0585,0.0263,0.0,0.0,0.186208497,1573
k175,0.0759,0.0513,0.0,0.0,0.0,0.0663,0.0,0.0,0.0,0.133758639,2653
k2795,0.0,0.0256,0.0,0.0,0.0,0.0376,0.0,0.0,0.0,0.12940911,1700
k3421,0.0,0.0,0.0,0.0,0.0,0.0843,0.0,0.0,0.0,0.0896,1446
k1791,0.0,0.0,0.0,0.0,0.0,0.0834,0.0263,0.0,0.0,0.192334809,422
k3093,0.16666667,0.0,0.0,0.0,0.0,0.105398644,0.0,0.0667,0.0952,0.261852695,2200
k3039,0.0759,0.0513,0.0,0.0,0.0,0.130244265,0.105263158,0.0,0.0,0.203810958,1224
k2239,0.16666667,0.0,0.0,0.0,0.0,0.10733655,0.0,0.0,0.0,0.179063271,1396
k2772,0.16666667,0.0,0.0,0.0,0.0417,0.092,0.0,0.0,0.0,0.138946882,3130
k630,0.0,0.0769,0.0,0.0,0.0,0.051,0.0,0.0,0.0,0.218640454,2074
k4,0.0,0.0,0.0,0.0,0.0,0.0315,0.0263,0.0,0.0,0.241377654,2437
k1172,0.0,0.0,0.0,0.0,0.0,0.0,0.0,0.0,0.0,0.128448408,1142
k68,0.16666667,0.0,0.0,0.0,0.0,0.0761,0.0,0.0,0.0,0.146892727,2417
k2128,0.0,0.0,0.0,0.0,0.0,0.1078861,0.0263,0.0,0.0,0.160381145,1433
k634,0.0,0.0,0.0,0.0,0.0,0.0554,0.0,0.0,0.0,0.210889592,1087
k376,0.0,0.0,0.0,0.0,0.0,0.0293,0.0,0.0,0.0,0.215985004,2513
k2435,0.0,0.0,0.0,0.0,0.0,0.0,0.0,0.0,0.0,0.219151984,2518
k1187,0.0,0.102564103,0.0,0.0,0.0,0.0585,0.0,0.0,0.0,0.216175786,3083
k603,0.146735246,0.0,0.0,0.0909,0.0,0.154786187,0.0263,0.0,0.0,0.109033325,2289
k625,0.0,0.0,0.0,0.0,0.0,0.0133,0.0,0.0,0.0,0.298922416,2791
k2860,0.16666667,0.0,0.0,0.0,0.0417,0.0965,0.0526,0.0,0.0,0.0885,2379
k2583,0.0,0.0,0.0179,0.0,0.0,0.0847,0.0263,0.0,0.0,0.300604888,1445
k2049,0.187111415,0.0,0.0,0.0,0.0,0.0761,0.0,0.0,0.0,0.111149569,3363
k1555,0.16666667,0.0,0.0357,0.0909,0.0,0.142522463,0.0526,0.0,0.0,0.196689597,1104
k1698,0.16666667,0.0,0.0,0.0,0.0,0.123302538,0.0526,0.0,0.0,0.162345869,3099
k418,0.0759,0.0,0.0,0.0,0.0,0.180644143,0.0,0.333333333,0.0476,0.0895,2571
k1728,0.0,0.0769,0.0,0.0,0.0,0.072,0.0263,0.0,0.0,0.250396144,3408
k82,0.0,0.179487179,0.0,0.0,0.0,0.0,0.0,0.0,0.0,0.203318519,2172
k1977,0.0,0.0,0.0,0.0,0.0,0.0494,0.0,0.0,0.0,0.0341,2670
k1433,0.0,0.0,0.0,0.0,0.0,0.0669,0.0,0.0,0.0,0.177154676,1280
k1489,0.0759,0.0,0.0,0.0,0.0,0.0663,0.0,0.0,0.0,0.21843517,2412
k2295,0.0,0.0,0.0,0.0,0.0,0.065,0.0263,0.0,0.0,0.216144665,1732
k2409,0.16666667,0.102564103,0.00893,0.0,0.0,0.0848,0.0,0.0,0.0,0.494714676,993
k1675,0.0,0.0,0.0,0.0,0.0,0.0585,0.0263,0.0,0.0,0.220349013,647
k143,0.0,0.0,0.0,0.0,0.0,0.0404,0.0,0.0,0.0,0.287455639,1327
k2541,0.0,0.0,0.0,0.0455,0.0,0.131921855,0.0526,0.0,0.0,0.10614858,2385
k1270,0.0,0.0,0.0,0.0,0.0,0.126643244,0.0,0.0,0.0,0.204635441,2046
k2391,0.0,0.846153846,0.0,0.0,0.0,0.0,0.0,0.0,0.0,0.323892297,1648
k1916,0.0,0.0,0.0,0.0,0.0,0.07,0.0526,0.0,0.0,0.238775957,1140
k1525,0.0,0.0,0.0,0.0,0.0,0.0467,0.0,0.0,0.0,0.131495713,1574
k2556,0.0,0.0,0.0,0.0,0.0,0.0554,0.0,0.0,0.0,0.351024239,2329
k1080,0.0,0.0,0.0,0.0,0.0,0.0467,0.0,0.0,0.0,0.109655828,2962
k2565,0.0,0.0,0.0,0.0,0.0,0.0362,0.0263,0.0,0.0,0.0659,401
k3299,0.0,0.0,0.0,0.0,0.0,0.0587,0.0,0.0,0.0,0.250267808,2607
k1572,0.0,0.0,0.0,0.0,0.0417,0.0595,0.0,0.133333333,0.0,0.165636229,1284
k2930,0.16666667,0.0,0.0,0.0,0.0,0.1078861,0.0,0.0,0.0,0.103094447,2135
k2634,0.146735246,0.0,0.0,0.0455,0.0,0.106150672,0.0,0.0667,0.0238,0.223378943,177
k3360,0.0,0.0,0.0,0.0,0.0,0.106006054,0.0,0.0,0.0,0.200836725,1018
k2520,0.0,0.0,0.0,0.0,0.0,0.0373,0.0,0.0,0.0,0.165499179,1000
k844,0.0759,0.0,0.0179,0.0909,0.0,0.238810082,0.105263158,0.0,0.0,0.148640559,1535
k2650,0.187111415,0.0,0.0,0.0,0.0,0.0761,0.0,0.0,0.0,0.077,154
k20,0.0,0.0,0.0,0.0,0.0,0.0376,0.0,0.0,0.0,0.131495713,1449
k2791,0.0,0.0,0.0,0.0,0.0,0.0258,0.0,0.0,0.0,0.15349528,2354
k141,0.0,0.0513,0.0,0.0,0.0,0.055,0.0,0.133333333,0.0,0.0977,1884
k358,0.0,0.0513,0.0,0.0,0.0,0.0186,0.0,0.0,0.0,0.153713641,385
k320,0.146735246,0.0,0.0,0.0,0.0,0.108348882,0.0,0.0,0.0,0.166300089,1317
k586,0.0,0.0,0.0,0.0,0.0,0.0627,0.0,0.0,0.0,0.123604777,841
k2828,0.0,0.0,0.0,0.0909,0.0,0.13675214,0.0,0.0,0.0,0.206963037,1854
k3182,0.0759,0.0,0.0179,0.0,0.0,0.0663,0.0,0.0,0.0,0.252575687,3302
k1054,0.0,0.0,0.0,0.0,0.0,0.0376,0.0,0.0,0.0,0.175175482,323
k496,0.122035183,0.102564103,0.0,0.0,0.0,0.0247,0.0,0.0,0.0,0.139432432,656
k2715,0.0,0.0,0.0,0.0455,0.125,0.132934187,0.105263158,0.0,0.0,0.208287895,3283
k2794,0.460137185,0.0,0.0,0.0,0.0,0.0921,0.0,0.0,0.0,0.224298158,2581
k2528,0.0958,0.0,0.0,0.0909,0.0417,0.119065188,0.0,0.0667,0.0,0.172464896,1254
k2838,0.0,0.0513,0.0,0.0,0.0,0.0247,0.0,0.0,0.0,0.136749415,768
k385,0.146735246,0.0,0.0,0.0,0.0,0.127496504,0.105263158,0.0,0.0,0.102015925,1881
k3353,0.16666667,0.0,0.0,0.0,0.0,0.0562,0.0263,0.0,0.0,0.105597765,2646
k2927,0.0,0.205128205,0.0,0.0,0.0,0.093,0.0263,0.0,0.0,0.266376582,1108
k1110,0.0,0.0,0.0,0.0,0.0,0.0293,0.0,0.0,0.0,0.088,964
k1841,0.0759,0.0,0.0,0.0,0.0,0.107741483,0.0,0.0,0.0,0.0943,1163
k32,0.16666667,0.0,0.0,0.0,0.0,0.0627,0.0,0.0,0.0,0.268576469,2678
k2802,0.0,0.0,0.0,0.0,0.0,0.105167258,0.0263,0.0,0.0,0.222111326,500
k2234,0.0,0.0,0.0,0.0,0.0,0.0878,0.0,0.0,0.0,0.1202832,1153
k2550,0.0474,0.0513,0.0,0.0,0.0,0.141683667,0.0263,0.0,0.0,0.204456504,1023
k117,0.0,0.0,0.0,0.0,0.0,0.122651744,0.0,0.0,0.0,0.0561,1951
k1788,0.187111415,0.0,0.00893,0.0,0.125,0.12123448,0.0263,0.0,0.0,0.274321152,3103
k1545,0.0,0.0256,0.0,0.0,0.0,0.0468,0.0,0.0,0.0,0.185549183,2451
k1420,0.0759,0.0256,0.0357,0.0,0.0,0.137287235,0.0263,0.0,0.0,0.304373822,2337
k2186,0.0,0.0,0.0,0.0,0.0,0.108855048,0.0,0.0,0.0,0.19475609,2832
k1428,0.333333341,0.0,0.0536,0.0,0.0,0.0761,0.0,0.0,0.0,0.546441133,1434
k1396,0.0,0.0,0.0,0.0,0.0,0.0,0.0,0.0,0.0,0.170702583,2654
k1131,0.0,0.0513,0.0,0.0455,0.0,0.156738549,0.0526,0.0,0.0,0.152040402,2367
k3412,1.0,0.0,0.0804,0.0,0.375,0.417241561,0.0526,0.0667,0.0714,0.428448146,3403
k3326,0.16666667,0.0,0.0,0.0,0.0,0.0944,0.0,0.0,0.0476,0.151110454,728
k956,0.0,0.0,0.0,0.0,0.0,0.0,0.0,0.0,0.0,0.217143721,1315
k286,0.0,0.0,0.0,0.0,0.0,0.0186,0.0,0.0,0.0,0.233620551,528
k1859,0.0,0.0,0.0,0.0,0.0,0.0293,0.0,0.0,0.0,0.145695708,1188
k2388,0.16666667,0.0,0.0,0.0,0.0,0.038,0.0,0.0,0.0,0.155611503,1637
k843,0.146735246,0.0,0.0,0.0,0.0,0.0766,0.0,0.0,0.0,0.209555501,2031
k3014,0.187111415,0.0,0.0,0.0,0.0,0.092,0.0,0.0,0.0,0.215985004,2720
k3179,0.0,0.0,0.0,0.0,0.0,0.0585,0.0263,0.0,0.0,0.20327875,67
k502,0.0,0.0,0.0,0.0,0.0,0.0688,0.0,0.0,0.0,0.064,1681
k1598,0.0759,0.0,0.0,0.0,0.0,0.0796,0.0,0.0,0.0,0.127503008,411
k675,0.0,0.0,0.0,0.0,0.0,0.0426,0.0263,0.0,0.0,0.142123095,1184
k585,0.0,0.0,0.0,0.0,0.0,0.0,0.157894737,0.0,0.0,0.0912,3220
k659,0.0,0.0,0.0,0.0,0.0,0.0665,0.0263,0.0,0.0,0.095,2782
k2191,0.0,0.0,0.0,0.0,0.0417,0.13556626,0.131578947,0.0,0.0476,0.0941,2510
k38,0.151829477,0.0,0.107142857,0.136363636,0.0,0.189523776,0.0263,0.0,0.0,0.298517421,726
k208,0.0,0.0,0.0,0.0,0.0,0.105644505,0.0,0.0,0.0,0.121408702,1236
k3061,0.16666667,0.0256,0.0,0.0,0.0,0.0985,0.0789,0.0,0.0,0.121285247,2909
k1349,0.0,0.0,0.0,0.0,0.0,0.101956705,0.0,0.0,0.0,0.143885397,1602
k3377,0.0,0.0,0.0,0.0,0.0,0.019,0.0,0.0,0.0,0.0977,1405
k1784,0.0,0.0,0.0,0.0,0.0,0.0958,0.0,0.0,0.0,0.0171,834
k2029,0.0,0.0,0.0,0.0,0.0,0.018,0.0263,0.0,0.0,0.320625229,3138
k566,0.0,0.0,0.0,0.0,0.0833,0.189827463,0.157894737,0.0,0.0238,0.128012174,2827
k2016,0.0,0.0,0.0,0.0,0.0,0.0753,0.0,0.0,0.0,0.112120475,2049
k2711,0.0,0.0769,0.0,0.0,0.0,0.0,0.0,0.0,0.0,0.18442881,129
k2253,0.0,0.0769,0.0,0.0,0.0,0.0376,0.0,0.0,0.0,0.151845419,1392
k1994,0.0,0.0,0.0,0.0,0.0,0.0341,0.0,0.0,0.0,0.292521983,2347
k532,0.0,0.0,0.0,0.0,0.0,0.113453947,0.0526,0.0,0.0238,0.141124039,765
k3058,0.0,0.0,0.0,0.0,0.0,0.116259567,0.0,0.0,0.0,0.0411,886
k616,0.0,0.0,0.0,0.0,0.0,0.0585,0.0263,0.0,0.0,0.0818,3298
k3193,0.0759,0.0256,0.0,0.0,0.0,0.0663,0.0,0.0,0.0,0.133758639,3246
k3080,0.0,0.0513,0.0,0.0,0.0,0.0376,0.0,0.0,0.0,0.183004695,881
k2763,0.0,0.0,0.0,0.0,0.0,0.0174,0.0,0.0,0.0,0.24391291,1550
k896,0.16666667,0.0,0.0357,0.0,0.0,0.0562,0.0,0.0,0.0,0.447002929,1971
k635,0.0,0.0,0.0,0.0,0.0,0.00937,0.0263,0.0,0.0,0.16088922,3327
k163,0.0,0.0,0.0,0.0,0.0,0.0854,0.0,0.0,0.0,0.23106452,87
k240,0.0759,0.0,0.0,0.0,0.0,0.0663,0.0,0.0,0.0,0.131075621,744
k2095,0.0,0.0,0.0,0.0,0.0,0.0174,0.0,0.0,0.0,0.192622299,1071
k1787,0.0,0.0,0.0,0.0,0.0,0.0539,0.0263,0.0,0.0,0.0774,448
k1282,0.0,0.0,0.0,0.0,0.0,0.0539,0.0,0.0,0.0,0.246138064,2229
k2820,0.0,0.0,0.0,0.0,0.0,0.0267,0.0,0.0,0.0,0.214768138,2949
k3044,0.0,0.0,0.00893,0.0,0.0,0.0293,0.0,0.0,0.0,0.406519209,1477
k1005,0.0,0.0,0.0,0.0,0.0,0.0247,0.0,0.0,0.0,0.234213974,3007
k1905,0.16666667,0.0,0.0,0.0,0.0,0.0539,0.0,0.0,0.0,0.104806365,2521
k2483,0.0,0.0,0.0,0.0,0.0,0.1078861,0.0,0.0,0.142857143,0.120843419,297
k1872,0.333333341,0.0,0.0,0.0,0.0,0.1078861,0.0,0.0,0.0,0.0341,2228
k2395,0.0,0.0,0.0,0.0,0.0,0.0272,0.0,0.0,0.0,0.411876735,1003
k437,0.0,0.0,0.0,0.0909,0.0,0.0945,0.0,0.0,0.0,0.302220918,1612
k2248,0.0,0.0,0.0,0.0,0.0,0.0975,0.0263,0.0,0.0,0.347531479,141
k14,0.0,0.0,0.0,0.0,0.0,0.04,0.0526,0.0,0.0,0.172285377,1125
k2009,0.0,0.0,0.0,0.0,0.0,0.0539,0.0,0.0,0.0,0.0,2129
k545,0.0,0.0,0.0,0.0,0.0,0.0555,0.0,0.0,0.0,0.116890106,153
k1939,0.12680381,0.0,0.0,0.0,0.0,0.150548837,0.0263,0.0,0.0,0.31297086,2027
k200,0.0,0.0,0.0179,0.0,0.0,0.119918437,0.0,0.0,0.0,0.263151087,316
k1835,0.146735246,0.0513,0.0,0.0,0.0,0.0587,0.0,0.0,0.0,0.135125243,2446
k2905,0.16666667,0.0,0.0,0.0,0.0,0.038,0.0,0.0,0.0,0.0873,214
k851,0.187111415,0.0,0.0,0.0,0.0,0.092,0.0,0.0,0.0,0.226277352,2939
k3012,0.0,0.0,0.0,0.0,0.0,0.0267,0.0,0.0,0.0,0.137759085,321
k2694,0.0,0.0,0.0,0.0,0.0,0.0247,0.0,0.0,0.0,0.185388031,2926
k345,0.0,0.0,0.0,0.0,0.0,0.10455986,0.0526,0.0,0.0,0.127022804,1560
k3250,0.0,0.0,0.0,0.0,0.0,0.0514,0.0263,0.0,0.0,0.14887192,2305
k2466,0.0,0.0,0.0,0.0,0.0,0.0181,0.0,0.0,0.0,0.109170365,1722
k7,0.0,0.0,0.0,0.0,0.0,0.125804448,0.0526,0.0,0.0,0.169929641,1404
k1359,0.0,0.0,0.0,0.0,0.0,0.04,0.0,0.0,0.0,0.0,269
k2014,0.0,0.0,0.0,0.0,0.0417,0.0595,0.0,0.133333333,0.0,0.160866598,819
k2274,0.0,0.0,0.0,0.0,0.0,0.0713,0.0,0.0,0.0,0.116404654,2967
k214,0.0,0.0,0.0,0.0,0.166666667,0.125920147,0.0,0.133333333,0.119047619,0.152826162,2029
k2542,0.0,0.0513,0.0,0.0,0.0,0.0688,0.0,0.0,0.0,0.145471517,1821
k50,0.0759,0.0,0.0,0.0,0.25,0.21115883,0.0,0.0,0.142857143,0.0789,2812
k898,0.0,0.0,0.0,0.0,0.0,0.0765,0.0526,0.0,0.0,0.211869719,1735
k1860,0.0,0.0,0.0,0.0,0.0,0.0,0.0,0.0,0.0,0.240991868,1824
k23,0.0,0.0,0.0,0.0909,0.0,0.174787055,0.0526,0.133333333,0.0,0.0779,1412
k2876,0.0,0.102564103,0.0,0.0,0.0,0.102766571,0.0526,0.0,0.0,0.276607791,2879
k1652,0.16666667,0.0,0.0,0.0,0.0,0.0427,0.0263,0.0,0.0,0.167775085,2349
k3145,0.0,0.205128205,0.0,0.0,0.0,0.0,0.0,0.0,0.0,0.266436058,946
k2837,0.313401916,0.0,0.0179,0.136363636,0.208333333,0.276454522,0.0263,0.466666667,0.0476,0.256629303,60
k343,0.0,0.384615385,0.0,0.0,0.0,0.0,0.0,0.0,0.0,0.277152936,1479
k2021,0.0,0.0,0.0268,0.0909,0.0,0.144171123,0.0263,0.0,0.0,0.305534181,2465
k2341,0.0,0.0,0.0,0.0,0.0,0.0181,0.0,0.0,0.0,0.150059707,3009
k1259,0.16666667,0.0,0.0,0.0455,0.125,0.273836925,0.0263,0.4,0.166666667,0.287238737,849
k1594,0.333333341,0.0,0.0,0.0,0.0,0.0761,0.0,0.0,0.0,0.145290086,721
k3042,0.0,0.0,0.0,0.0,0.0,0.0247,0.0,0.0,0.0,0.114722182,1072
k2946,0.0,0.0,0.0,0.0,0.0,0.0181,0.0,0.0,0.0,0.143310892,257
k871,0.0,0.0,0.0,0.0,0.0,0.018,0.0263,0.0,0.0,0.303554998,1973
k1306,0.0,0.0,0.0,0.0,0.0,0.0267,0.0,0.0,0.0,0.214768138,635
k2213,0.16666667,0.0,0.0,0.0,0.0,0.0916,0.0526,0.133333333,0.0,0.149946661,1325
k159,0.0,0.0,0.0,0.0,0.0,0.0585,0.0,0.0,0.0,0.111149569,1177
k3176,0.0,0.0,0.0,0.0,0.0,0.0737,0.0,0.0,0.0,0.167963826,1134
k2175,0.0,0.0,0.0,0.0,0.0,0.0878,0.0263,0.0,0.0,0.207642759,1599
k1669,0.333333341,0.0,0.0,0.0,0.166666667,0.092,0.0,0.0,0.0,0.231046994,1295
k698,0.0,0.0256,0.0,0.0,0.0,0.0376,0.0,0.0,0.0,0.112338846,3416
k1968,0.0,0.0,0.0,0.0,0.0,0.0934,0.0,0.0,0.0238,0.248248779,1778
k1834,0.0,0.0513,0.0,0.0,0.0,0.0966,0.0789,0.0,0.0,0.203023525,2493
k2724,0.0,0.0256,0.0,0.0,0.0,0.0,0.0,0.0,0.0,0.1174052,3006
k2637,0.0,0.0,0.0,0.0,0.0,0.0,0.0,0.0,0.0,0.26082349,1541
k2842,0.151829477,0.0,0.0,0.0,0.0,0.191982307,0.0,0.0,0.0,0.208338765,2422
k1444,0.0,0.0,0.0179,0.0,0.0,0.121581563,0.0,0.0,0.0,0.345061303,1259
k905,0.0,0.0,0.0,0.0,0.0,0.056,0.0526,0.0,0.0,0.150851114,488
k1033,0.0,0.0,0.0,0.0,0.0,0.038,0.0,0.0,0.0,0.266790162,2403
k1416,0.16666667,0.102564103,0.0,0.0,0.0833,0.109375678,0.0263,0.133333333,0.0,0.276299741,772
k2125,0.0,0.0513,0.0,0.0,0.0417,0.0595,0.0,0.133333333,0.0,0.180619879,284
k1972,0.16666667,0.0,0.0,0.0,0.208333333,0.168409338,0.184210526,0.0,0.0,0.252519558,908
k2181,0.0948,0.102564103,0.0,0.0,0.0,0.1078861,0.0,0.0,0.0,0.242879656,2277
k830,0.0,0.0,0.0,0.0,0.0,0.0637,0.0,0.0,0.0,0.0969,2921
k2920,0.0,0.0,0.0,0.0,0.0,0.0494,0.0,0.0,0.0,0.136562067,121
k3203,0.0,0.0,0.0,0.0,0.0,0.0186,0.0,0.0,0.0,0.129190738,270
k2226,0.0,0.0513,0.0,0.0,0.0,0.076,0.0,0.0,0.0,0.214436095,669
k1818,0.0,0.0513,0.0,0.0,0.0,0.0623,0.0263,0.0,0.0,0.207309237,2111
k952,0.0,0.0,0.0,0.0,0.0,0.0955,0.0,0.0,0.0,0.0842,1582
k3355,0.16666667,0.0,0.0714,0.0,0.0,0.0806,0.0263,0.0,0.0,0.592698637,1312
k3178,0.16666667,0.0,0.0,0.0,0.0,0.057,0.0,0.0,0.0,0.0993,2353
k1096,0.0,0.0,0.0,0.0,0.0,0.0971,0.0,0.0,0.0,0.153415428,57
k1443,0.0,0.0,0.0,0.0,0.0,0.0247,0.0,0.0,0.0,0.185011467,3023
k2468,0.0,0.0,0.0,0.0,0.0,0.0376,0.0,0.0,0.0,0.326799539,2099
k2655,0.0,0.0,0.0,0.0,0.0,0.0483,0.0263,0.0,0.0,0.058,1909
k2821,0.0,0.0,0.0,0.0,0.0,0.0494,0.0,0.0,0.0,0.243753248,3374
k1991,0.313401916,0.0,0.0,0.0,0.0,0.133657284,0.0,0.0,0.119047619,0.155800244,1523
k886,0.0,0.0,0.0,0.0,0.0,0.0669,0.0,0.0,0.0,0.0846,1379
k2656,0.0,0.0,0.0,0.0,0.0,0.0247,0.0,0.0,0.0,0.219528548,2774
k80,0.29347048,0.0,0.0714,0.0455,0.166666667,0.205750078,0.0,0.0,0.0238,0.398960069,743
k1504,0.0,0.0,0.0,0.0,0.0,0.1166645,0.0,0.0,0.0,0.154047174,424
k621,0.146735246,0.0,0.0,0.0,0.0,0.072,0.0263,0.0,0.0,0.223190202,2805
k71,0.0,0.0,0.0,0.0,0.0,0.0315,0.0,0.0,0.0,0.100045965,498
k2480,0.16666667,0.0,0.0,0.0,0.0,0.119585818,0.0,0.0,0.0,0.338079043,2218
k2422,0.0,0.0,0.0,0.0,0.0,0.257306908,0.0,0.0,0.0,0.0701,1075
k3218,0.0,0.0256,0.0,0.0,0.0,0.0966,0.0789,0.0,0.0,0.183270243,1754
k1100,0.0,0.0,0.0,0.0,0.0,0.0,0.0,0.0,0.0,0.136562067,1019
k1459,0.0474,0.0,0.0,0.0,0.0,0.116259567,0.0,0.0,0.0,0.10598677,805
k1028,0.0,0.0,0.0,0.0,0.0,0.0749,0.0,0.0,0.0,0.12814092,2660
k2117,0.0,0.0,0.0,0.0455,0.0,0.105760192,0.0,0.0,0.0,0.19866879,2816
k2517,0.16666667,0.0,0.0,0.0,0.0,0.0768,0.0,0.0,0.0476,0.153415428,1528
k2043,0.16666667,0.0,0.0,0.0,0.0,0.038,0.0,0.0,0.0,0.172681777,1542
k2955,0.0,0.0,0.0,0.0,0.0,0.0,0.0,0.0,0.0,0.197312099,3080
k2537,0.0,0.0,0.0,0.0,0.0,0.0467,0.0,0.0,0.0,0.237984561,2082
k482,0.16666667,0.0,0.0,0.0,0.0,0.0942,0.0263,0.0,0.0,0.265978918,2714
k647,0.313401916,0.0,0.0,0.0,0.0,0.124445033,0.105263158,0.0,0.0,0.282257775,1047
k912,0.16666667,0.0769,0.0,0.0,0.0833,0.096,0.0,0.0,0.0,0.185985936,3412
k3207,0.16666667,0.0256,0.0,0.0,0.0,0.17734682,0.0,0.0,0.0476,0.141161984,1394
k495,0.0,0.0,0.0,0.0,0.0,0.0293,0.0,0.0,0.0,0.0726,1397
k2764,0.16666667,0.0,0.0,0.0,0.0,0.0757,0.0,0.0,0.0,0.167615423,1521
k3210,0.0,0.0,0.0,0.0,0.0,0.057,0.0526,0.0,0.0,0.0726,609
k2661,0.0,0.0,0.0,0.0,0.0,0.0734,0.0526,0.0,0.0,0.284811495,972
k1844,0.0,0.0,0.0,0.0,0.0,0.0362,0.0,0.0,0.0,0.104815592,1156
k2400,0.0,0.0,0.0,0.0,0.0,0.0,0.0,0.0,0.0,0.136562067,2588
k2525,0.16666667,0.0,0.0,0.0,0.0,0.0673,0.0,0.0,0.0,0.23779582,2961
k1120,0.0,0.0,0.0,0.0,0.0,0.0894,0.0,0.0,0.0,0.111149569,2202
k2785,0.0,0.0,0.0,0.0,0.0,0.055,0.0,0.0,0.0,0.0971,1164
k1185,0.313401916,0.0,0.0,0.0,0.0833,0.154540334,0.0263,0.0667,0.0952,0.1354541,2454
k1625,0.0,0.0,0.0,0.0,0.0,0.0637,0.0263,0.0,0.0,0.0635,1402
k2736,0.0,0.0,0.0,0.0,0.0,0.0623,0.0,0.0,0.0,0.10003673,2806
k841,0.16666667,0.0,0.0,0.0,0.0,0.0539,0.0,0.0,0.0,0.156017135,2936
k352,0.0,0.0,0.0,0.0,0.0,0.0,0.0,0.0,0.0,0.131792435,2434
k1405,0.333333341,0.0,0.0,0.0,0.0,0.0761,0.0,0.0,0.0,0.389043313,2005
k2893,0.0,0.0,0.0,0.0,0.0,0.0753,0.0,0.0,0.0,0.301901563,2637
k2914,0.333333341,0.0,0.0,0.0,0.0,0.1078861,0.0,0.0,0.0,0.141331698,2935
k2077,0.0,0.307692308,0.0,0.0,0.0,0.0267,0.0263,0.0,0.0,0.33112285,920
k2106,0.0,0.0,0.0,0.0,0.0,0.0293,0.0,0.0,0.0,0.231046994,1939
k2710,0.16666667,0.0,0.0,0.0,0.0,0.0514,0.0526,0.0,0.0,0.203249681,2455
k642,0.146735246,0.0,0.0,0.0,0.0,0.0757,0.0,0.0,0.0,0.13537427,2796
k547,0.0,0.0,0.0,0.0,0.0,0.0376,0.0,0.0,0.0,0.0953,1795
k2369,0.0,0.0,0.0,0.0,0.0,0.1078861,0.0,0.0,0.0,0.130228096,2309
k1773,0.16666667,0.0,0.0,0.0,0.0,0.0757,0.0,0.0,0.0,0.223595824,2535
k2797,0.0,0.0,0.0,0.0,0.0,0.0713,0.0,0.0,0.0,0.116404654,3168
k3165,0.0,0.0,0.0,0.0,0.0,0.0293,0.0,0.0,0.0,0.233055257,795
k2321,0.0,0.0,0.0,0.0,0.0,0.0376,0.0,0.0,0.0,0.0926,1063
k2539,0.16666667,0.0,0.0,0.0,0.0,0.038,0.0,0.0,0.0,0.172681777,806
k1597,0.146735246,0.0,0.0,0.0,0.0,0.0892,0.0263,0.0,0.0,0.0926,3353
k1463,0.16666667,0.0,0.0,0.0,0.0,0.10989631,0.0,0.0,0.0,0.216776411,1763
k3347,0.0,0.41025641,0.0,0.0,0.0,0.0247,0.0,0.0,0.0,0.319430446,582
k2767,0.16666667,0.0,0.0,0.0,0.208333333,0.218216273,0.0789,0.2,0.142857143,0.19550181,183
k2015,0.0,0.0513,0.0,0.0,0.0,0.0294,0.0,0.0,0.0,0.21048519,2430
k1517,0.16666667,0.0,0.0,0.0,0.0417,0.0627,0.0,0.0,0.0,0.277893765,1682
k1085,0.0,0.0,0.0,0.0455,0.0,0.0294,0.0,0.0,0.0,0.272987072,2795
k3076,0.0,0.0513,0.0,0.0,0.0,0.0186,0.0,0.0,0.0,0.124826826,2868
k1103,0.0474,0.0,0.0,0.0,0.0,0.300895207,0.0263,0.0667,0.142857143,0.178489684,2127
k2008,0.0,0.0769,0.0,0.0,0.0,0.0,0.0,0.0,0.0,0.158998366,551
k2478,0.0,0.0769,0.0,0.0,0.0,0.0376,0.0,0.0,0.0,0.151845419,1758
k2060,0.0,0.0,0.0,0.0,0.0,0.0293,0.0,0.0,0.0,0.220754635,1336
k2991,0.0,0.0,0.0,0.0,0.0,0.0367,0.0526,0.0,0.0,0.318805718,1004
k2031,0.0,0.0,0.0,0.0,0.0,0.0373,0.0263,0.0,0.0,0.121819399,369
k326,0.0,0.0513,0.0,0.0,0.0,0.0,0.0,0.0,0.0,0.169030554,638
k2317,0.0,0.0256,0.0,0.0,0.0,0.0,0.0,0.0,0.0,0.155834236,1662
k1718,0.0759,0.0,0.0,0.0455,0.0,0.149464191,0.0526,0.0,0.0,0.141811914,2602
k1071,0.0,0.0,0.0,0.0,0.0,0.0,0.0,0.0,0.0,0.159491301,462
k2168,0.0759,0.0,0.0,0.0,0.0,0.0837,0.0,0.0,0.0,0.179684694,2270
k2237,0.333333341,0.0,0.0714,0.0,0.166666667,0.188525902,0.0526,0.0,0.0714,0.493849679,1059
k1680,0.16666667,0.0,0.0179,0.0,0.0,0.038,0.0,0.0,0.0,0.531157197,1903
k1522,0.0,0.0,0.00893,0.0,0.0,0.0181,0.0,0.0,0.0,0.32076229,2274
k3371,0.0,0.102564103,0.0,0.0,0.0,0.0663,0.0,0.0,0.0,0.17594823,717
k3219,0.0474,0.0,0.0,0.0,0.0,0.119065188,0.0,0.0,0.0714,0.235993834,210
k934,0.0759,0.0,0.0,0.0,0.0,0.0796,0.0,0.0,0.0,0.144573272,757
k2004,0.16666667,0.0,0.0,0.0,0.0,0.0567,0.0,0.0,0.0,0.174849712,3379
k1613,0.0,0.102564103,0.0,0.0,0.0,0.097,0.0,0.0,0.0,0.490019346,1195
k2654,0.16666667,0.0,0.0,0.0,0.0,0.0674,0.0263,0.0,0.0,0.17316723,704
k3090,0.0,0.0,0.0,0.0,0.0,0.0348,0.0,0.133333333,0.0,0.182786324,437
k3209,0.16666667,0.0513,0.0,0.0,0.0,0.0726,0.0,0.0,0.0,0.156227948,2672
k1044,0.16666667,0.0256,0.0,0.0,0.0,0.0832,0.0,0.0,0.0,0.0996,2302
k928,0.0,0.0,0.0,0.0,0.0,0.0421,0.0,0.0,0.0,0.18893664,2120
k369,0.0,0.0,0.0,0.0,0.0,0.00937,0.0263,0.0,0.0,0.131518335,2689
k2940,0.0,0.0256,0.0,0.0,0.0,0.116259567,0.0,0.0,0.0,0.116857453,3429
k597,0.0,0.0,0.0,0.0,0.0,0.0293,0.0,0.0,0.0,0.162765961,3373
k971,0.0,0.0,0.0,0.0,0.0,0.0494,0.0263,0.0,0.0,0.175472215,2281
k1410,0.0,0.0,0.0,0.0,0.0,0.159630938,0.105263158,0.0,0.0952,0.164377845,2062
k2134,0.16666667,0.0769,0.0,0.0,0.0,0.038,0.0,0.0,0.0,0.302309269,3189
k2262,0.0,0.0,0.0,0.0,0.0,0.0247,0.0,0.0,0.0,0.285424755,2251
k3052,0.480068609,0.102564103,0.0,0.0,0.0833,0.163318734,0.0,0.133333333,0.0952,0.240182126,1443
k2372,0.0,0.0,0.0,0.0,0.0,0.0348,0.0,0.133333333,0.0,0.131575543,2088
k2126,0.0,0.0256,0.0,0.0,0.0,0.0494,0.0,0.0,0.0,0.088,2540
k1357,0.0,0.0,0.0,0.0,0.0,0.0595,0.0,0.0,0.0,0.0903,125
k2040,0.0,0.0,0.0,0.0,0.0,0.0133,0.0,0.0,0.0,0.0941,1330
k2284,0.0,0.0,0.0,0.0,0.0,0.04,0.0263,0.0,0.0,0.168326989,2647
k2261,0.16666667,0.0,0.0,0.0,0.0,0.0539,0.0,0.0,0.0,0.202458273,868
k2696,0.16666667,0.0,0.0,0.0,0.0,0.0539,0.0,0.0,0.0,0.0877,2449
k2555,0.0,0.0,0.0,0.0,0.0,0.0181,0.0,0.0,0.0,0.115919201,893
k3227,0.0,0.0,0.0,0.0,0.0,0.304018987,0.0,0.133333333,0.0,0.408156922,199
k1672,0.333333341,0.0,0.0,0.0,0.0,0.0761,0.0,0.0,0.0,0.150059707,1691
k3187,0.333333341,0.0,0.0714,0.0455,0.0,0.170332777,0.0789,0.0667,0.0714,0.502242242,542
k1192,0.0,0.0513,0.0,0.0,0.0,0.0,0.0,0.0,0.0,0.212710344,3358
k1201,0.0,1.0,0.0,0.0,0.0,0.0,0.0,0.0,0.0,0.32896012,1171
k2163,0.0,0.0,0.0,0.0,0.0,0.036,0.0,0.0,0.0,0.205459146,2916
k417,0.0,0.0,0.0,0.0,0.0,0.0688,0.0,0.0,0.0,0.0683,367
k241,0.0,0.0,0.00893,0.0,0.0,0.0668,0.0,0.0,0.0,0.231532447,3352
k676,0.0759,0.0,0.0,0.0,0.0,0.091,0.0,0.0,0.0,0.204126275,2113
k2956,0.0,0.0,0.0,0.0,0.0,0.0373,0.0263,0.0,0.0,0.104749142,466
k1580,0.0,0.0,0.0,0.0,0.0,0.0186,0.0,0.0,0.0,0.133960359,2780
k849,0.29347048,0.0,0.0,0.0,0.0,0.0587,0.0,0.0,0.0,0.18994076,2614
k3048,0.0,0.0,0.0,0.0,0.0,0.0373,0.0263,0.0,0.0,0.121819399,2803
k3296,0.0,0.153846154,0.0,0.0,0.0,0.0,0.0,0.0,0.0,0.176068619,1767
k2467,0.0,0.0,0.0,0.0,0.0,0.0961,0.0,0.0,0.0,0.219608368,1958
k1647,0.0,0.0,0.0,0.0,0.0,0.0344,0.0,0.0,0.0,0.083,825
k794,0.0,0.0,0.0,0.0,0.0,0.0,0.0,0.0,0.0,0.136562067,2790
k593,0.0759,0.0,0.0,0.0,0.0,0.1038946,0.0,0.0,0.0,0.104169385,1055
k1427,0.16666667,0.0,0.0,0.0,0.0,0.096,0.0,0.0,0.0,0.32671973,792
k297,0.16666667,0.0769,0.0,0.0,0.0833,0.109375678,0.0263,0.133333333,0.0,0.248011328,1281
k3085,0.0,0.0256,0.0,0.0,0.0,0.0,0.0,0.0,0.0,0.16485048,1139
k357,0.0,0.0,0.0,0.0,0.0,0.0174,0.0,0.0,0.0,0.129190738,1964
k1236,0.0,0.0,0.0,0.0,0.0,0.0293,0.0,0.0,0.0,0.128625444,86
k124,0.0,0.0,0.0,0.0,0.0,0.069,0.0,0.0,0.0,0.0908,1628
k3298,0.0,0.0,0.0,0.0,0.0,0.0,0.0,0.0,0.0,0.15363233,171
k1507,0.0,0.0,0.0,0.0,0.0,0.0247,0.0,0.0,0.0,0.0806,1563
k561,0.0,0.0,0.0,0.0,0.0,0.0,0.0,0.0,0.0,0.253292501,2994
k1066,0.0759,0.0,0.0,0.0,0.0,0.0663,0.0,0.0,0.0,0.13059452,2566
k796,0.0,0.0,0.0,0.0,0.0,0.0376,0.0,0.0,0.0,0.233917263,2956
k1125,0.0,0.0,0.0446,0.0,0.0,0.0878,0.0,0.0,0.0,0.390645975,3312
k3147,0.0,0.0,0.0,0.0,0.0,0.0247,0.0,0.0,0.0,0.0659,1559
k3021,0.16666667,0.128205128,0.0,0.0,0.0,0.038,0.0,0.0,0.0,0.322062528,1932
k3025,0.0,0.0,0.0,0.0,0.0,0.0174,0.0,0.0,0.0,0.175631876,1194
k3307,0.16666667,0.0,0.0,0.0455,0.0,0.103966914,0.0789,0.0,0.0,0.338675631,3303
k1830,0.0,0.0,0.0,0.0,0.0,0.222265618,0.0263,0.0667,0.0,0.225181857,1375
k515,0.0,0.0,0.0,0.0,0.0,0.0133,0.0,0.0,0.0,0.20604013,408
k1579,0.16666667,0.0,0.0,0.0,0.0,0.0726,0.0,0.0,0.0,0.136345186,2288
k3201,0.0,0.0,0.0,0.0,0.0,0.0362,0.0,0.0,0.0,0.243130745,175
k2910,0.0,0.0256,0.0,0.0,0.0,0.0947,0.0526,0.0,0.0,0.112151606,2117
k604,0.0,0.0,0.0,0.0,0.0,0.0373,0.0263,0.0,0.0,0.143659295,2037
k3157,0.0,0.0,0.0,0.0,0.0,0.00937,0.0,0.0,0.0,0.315525671,473
k1348,0.0,0.0,0.0,0.0,0.0,0.0834,0.0526,0.0,0.0,0.269343861,2191
k360,0.0,0.0,0.0,0.0,0.0,0.0,0.0,0.0,0.0,0.15363233,3418
k1482,0.16666667,0.0,0.0625,0.0,0.0,0.232591446,0.210526316,0.0,0.0,0.33032924,300
k573,0.333333341,0.0,0.0,0.0,0.0,0.12123448,0.0,0.0,0.0952,0.21834074,2984
k2081,0.0,0.0,0.0,0.0,0.0,0.0494,0.0263,0.0,0.0,0.146101319,3022
k2430,0.0,0.0,0.0,0.0,0.0,0.0181,0.0,0.0,0.0,0.160381145,1340
k2232,0.333333341,0.0,0.0,0.0,0.0,0.145516081,0.0526,0.133333333,0.0,0.0414,2014
k1816,0.0,0.0,0.0,0.0,0.0,0.0887,0.0263,0.0,0.0,0.0366,2752
k2306,0.0,0.0,0.0268,0.0909,0.0,0.144171123,0.0263,0.0,0.0,0.347125857,761
k1766,0.0,0.0,0.0179,0.0,0.0,0.0792,0.0,0.0,0.0,0.278588713,1556
k2071,0.16666667,0.0,0.0,0.0,0.0,0.134033297,0.0526,0.0,0.0,0.276724411,803
k341,0.0,0.0,0.0,0.0,0.0833,0.101841007,0.0526,0.133333333,0.0,0.111338299,1674
k63,0.0,0.0,0.0,0.0,0.0,0.0867,0.0,0.0,0.0,0.338210036,455
k3128,0.0,0.0,0.0,0.0,0.0,0.0494,0.0,0.0,0.0,0.0725,1793
k1365,0.0,0.0,0.0,0.0,0.0,0.0539,0.0,0.0,0.0,0.201676109,630
k2056,0.0,0.0,0.0,0.0,0.0,0.0267,0.0,0.0,0.0,0.137759085,1668
k312,0.0,0.0,0.0,0.0,0.0,0.0376,0.0,0.0,0.0,0.11442546,3414
k2626,0.0474,0.0,0.0,0.0,0.0,0.0786,0.0,0.0,0.0,0.124010399,3027
k624,0.0,0.0,0.0,0.0,0.0,0.0437,0.0,0.0,0.0,0.0683,2952
k991,0.0,0.0,0.0,0.0,0.0,0.0174,0.0,0.0,0.0,0.224081277,137
k1335,0.0,0.0,0.0,0.0,0.0,0.0669,0.0,0.0,0.0,0.106488839,1495
k1219,0.0,0.0,0.0,0.0,0.0,0.0623,0.0,0.0,0.0,0.0642,2237
k1325,0.16666667,0.0,0.0,0.0,0.0,0.038,0.0,0.0,0.0,0.121470997,1268
k658,0.0,0.0,0.0,0.0,0.0,0.00469,0.0,0.0,0.0,0.21223704,613
k245,0.16666667,0.0,0.0,0.0,0.0,0.0757,0.0,0.0,0.0,0.167615423,1200
k150,0.16666667,0.128205128,0.0,0.0,0.0,0.092,0.0526,0.0,0.0,0.226091602,644
k885,0.16666667,0.0,0.0,0.0,0.0,0.0757,0.0,0.0,0.0,0.172385066,271
k414,0.0,0.0,0.0,0.0,0.0,0.0174,0.0,0.0,0.0,0.209772393,913
k2782,0.0,0.0,0.0,0.0,0.0,0.0585,0.0263,0.0,0.0,0.0647,298
k2053,0.0,0.358974359,0.0,0.0,0.0,0.0,0.0,0.0,0.0,0.262169297,107
k855,0.0,0.0,0.0,0.0,0.0,0.0675,0.0526,0.0,0.0,0.170702583,1472
k1430,0.0,0.0,0.0,0.0,0.0,0.0433,0.0263,0.0,0.0,0.112120475,3273
k2552,0.333333341,0.0,0.0,0.0,0.0,0.1078861,0.0,0.0,0.0,0.0731,320
k388,0.333333341,0.0,0.0536,0.0,0.0,0.0761,0.0,0.0,0.0,0.491464884,2278
k2289,0.16666667,0.0,0.0268,0.0,0.208333333,0.168409338,0.184210526,0.0,0.0,0.252519558,1076
k2843,0.146735246,0.0,0.0,0.0,0.0,0.115102607,0.0263,0.0,0.0,0.117049768,1033
k2673,0.0,0.0256,0.0,0.0,0.0,0.0854,0.0,0.0,0.0,0.233747548,3101
k2778,0.0,0.0,0.0,0.0,0.0,0.0585,0.0,0.0,0.0,0.232649646,2389
k2938,0.5,0.0,0.0,0.0,0.0,0.143361247,0.0,0.0,0.0,0.241754218,1182
k2155,0.0,0.256410256,0.0,0.0,0.0,0.0267,0.0263,0.0,0.0,0.431419021,384
k2534,0.333333341,0.0,0.0,0.0,0.0833,0.138747894,0.0789,0.2,0.0,0.360020841,1508
k1609,0.0,0.0,0.0,0.0,0.0,0.0415,0.0,0.0,0.0,0.0438,109
k1098,0.0,0.0,0.0,0.0,0.0,0.0293,0.0,0.0,0.0,0.255648259,1989
k1904,0.16666667,0.0,0.00893,0.0,0.0,0.0627,0.0,0.0,0.0,0.363245062,3100
k2394,0.0,0.0513,0.0,0.0,0.0,0.191042295,0.0,0.0,0.0,0.213738026,2024
k662,0.0,0.0,0.0,0.0,0.0,0.0293,0.0,0.0,0.0,0.128625444,2753
k3135,0.0,0.0,0.0,0.0,0.0,0.0494,0.0263,0.0,0.0,0.185011467,2503
k903,0.0,0.0,0.0,0.0,0.0,0.0637,0.0263,0.0,0.0,0.0238,132
k544,0.0,0.0,0.0,0.0,0.0,0.0293,0.0,0.0,0.0,0.197688642,3382
k29,0.0759,0.0,0.0,0.0,0.0,0.0955,0.0,0.0,0.0,0.106068743,1647
k1355,0.0,0.128205128,0.0,0.0,0.0,0.0539,0.421052632,0.0,0.0952,0.281364044,2601
k576,0.0,0.0,0.0,0.0,0.0,0.0293,0.0,0.0,0.0,0.194145119,1401
k2737,0.0,0.0,0.0,0.0,0.0,0.0,0.0,0.0,0.0,0.183003205,2655
k2139,0.0,0.0,0.0,0.0,0.0,0.0467,0.0263,0.0667,0.0,0.172464896,911
k1627,0.0,0.0,0.0,0.0,0.0,0.122651744,0.0,0.0,0.0,0.0902,203
k722,0.0,0.0,0.0,0.0,0.0,0.0421,0.0,0.0,0.0,0.197471761,1136
k1106,0.0,0.0,0.0,0.0,0.0,0.0247,0.0,0.0,0.0,0.223921615,1723
k3249,0.0,0.0,0.0,0.0,0.0,0.0376,0.0,0.0,0.0,0.212077378,2166
k2744,0.0,0.0,0.0,0.0,0.0,0.0539,0.0,0.0,0.0,0.201676109,2209
k1362,0.0,0.0,0.0804,0.0909,0.0,0.192936795,0.0263,0.0,0.0,0.739929152,89
k2945,0.0,0.0,0.0,0.0,0.0,0.0376,0.0,0.0,0.0,0.170405872,2721
k2216,0.224705927,0.0,0.0,0.0455,0.25,0.177100967,0.0,0.133333333,0.0476,0.131187458,3058
k999,0.333333341,0.0,0.0,0.0,0.0,0.0761,0.0,0.0,0.0,0.242942004,2475
k815,0.146735246,0.0256,0.0,0.0,0.0,0.0842,0.0,0.0,0.0,0.211134397,1818
k2865,0.0,0.0,0.0,0.0,0.0,0.0494,0.0,0.0,0.0,0.136562067,2424
k2530,0.0,0.0,0.0,0.0,0.0,0.0294,0.0,0.0,0.0,0.212157209,3052
k478,0.0,0.0,0.0,0.0,0.0,0.0376,0.0,0.0,0.0,0.109655828,3311
k2392,0.0,0.0256,0.0,0.0,0.0,0.0,0.0,0.0,0.0,0.207940713,2308
k2486,0.0,0.0256,0.0,0.0,0.0,0.0,0.0,0.0,0.0,0.139245095,514
k2596,0.0,0.358974359,0.0,0.0,0.0,0.0293,0.0,0.0,0.0,0.310807903,1490
k710,0.0,0.0,0.0,0.0,0.0,0.153846161,0.0526,0.266666667,0.0,0.0,879
k1650,0.16666667,0.0,0.0,0.0,0.0,0.0916,0.263157895,0.133333333,0.142857143,0.148984459,1614
k1957,0.16666667,0.0,0.0,0.0,0.0,0.108623663,0.0,0.0,0.0476,0.216281251,643
k1303,0.0,0.0,0.0,0.0,0.0,0.0,0.0,0.0,0.0,0.287433028,1011
k11,0.0,0.0,0.0,0.0,0.0,0.0526,0.0263,0.0,0.0,0.353351835,3309
k2162,0.191692327,0.0,0.0,0.0,0.0,0.1078861,0.105263158,0.0,0.0,0.0183,2661
k2981,0.0,0.307692308,0.0,0.0,0.0,0.0267,0.0,0.0,0.0,0.334821963,2176
k1952,0.0,0.717948718,0.0,0.0,0.0,0.0,0.0,0.0,0.0,0.311515182,793
k56,0.0,0.0,0.0,0.0,0.0,0.0186,0.0,0.0,0.0,0.129190738,2763
k2880,0.666666682,0.0,0.0,0.0,0.0833,0.198793897,0.105263158,0.0,0.0238,0.224387232,170
k3279,0.0,0.0,0.0,0.0,0.0,0.0294,0.0,0.0,0.0,0.0732,1279
k1468,0.16666667,0.0,0.0,0.0,0.0,0.0539,0.0,0.0,0.0,0.0488,1376
k2307,0.0,0.0,0.0,0.0,0.0,0.0344,0.0,0.0,0.0,0.0515,3013
k2578,0.16666667,0.0513,0.0,0.0,0.0833,0.0673,0.0,0.0,0.0,0.189268068,689
k1695,0.16666667,0.0,0.0,0.0,0.0,0.0539,0.0,0.0,0.0,0.304879823,3184
k2716,0.0,0.102564103,0.0,0.0,0.0,0.104516465,0.0,0.0,0.0,0.204440458,1080
k1030,0.16666667,0.0,0.0,0.0,0.0,0.038,0.0,0.0,0.0,0.155611503,968
k2595,0.16666667,0.0,0.0,0.0,0.0,0.0713,0.0526,0.133333333,0.0,0.0585,2910
k2941,0.0,0.0,0.0,0.0,0.0,0.0368,0.0,0.0,0.0,0.156997273,1553
k393,0.0,0.0,0.0,0.0,0.0,0.0894,0.0,0.0,0.0,0.190534205,766
k2965,0.16666667,0.0,0.133928571,0.0,0.375,0.312132138,0.315789474,0.0,0.142857143,0.376761178,1969
k1101,0.16666667,0.0,0.0536,0.0,0.0,0.0982,0.0263,0.0,0.0,0.315153264,2834
k1194,0.0,0.0,0.0,0.0,0.0,0.0344,0.0,0.0,0.0,0.083,1731
k1915,0.0,0.0,0.0,0.0,0.0,0.0,0.0,0.0,0.0,0.191658272,16
k657,0.0,0.0,0.0,0.0,0.0,0.0181,0.0,0.0,0.0,0.154829338,2979
k1423,0.0,0.0,0.0,0.0,0.0,0.0605,0.0,0.0,0.0,0.141194648,2891
k2790,0.0,0.0,0.0,0.0,0.0,0.139152827,0.0526,0.0,0.0,0.200497555,625
k2680,0.0,0.0,0.0,0.0,0.0,0.0468,0.0,0.0,0.0,0.182945985,427
k2338,0.0,0.0256,0.0,0.0,0.0,0.0586,0.0,0.0,0.0,0.334795411,2469
k2543,0.0,0.0,0.0,0.0,0.0,0.065,0.0263,0.0,0.0,0.250285182,677
k2074,0.0,0.0,0.0,0.0,0.0,0.0753,0.0263,0.133333333,0.0,0.0609,1616
k2866,0.16666667,0.0,0.0,0.0,0.0,0.09,0.0,0.0,0.0,0.184690039,11
k2061,0.0,0.0,0.0,0.0,0.0,0.0937,0.0,0.0,0.0,0.0411,2146
k933,0.16666667,0.0,0.0,0.0,0.0,0.1078861,0.0,0.0,0.0,0.289412211,3120
k1226,0.0,0.0,0.0,0.0,0.0,0.117026048,0.0789,0.0,0.0,0.0659,3198
k308,0.0,0.0,0.00893,0.0,0.0,0.0518,0.0,0.0,0.0,0.39445808,2067
k195,0.0,0.0,0.0,0.0,0.0,0.0,0.0,0.0,0.0,0.0635,97
k786,0.0,0.0,0.0,0.0,0.0,0.0368,0.0,0.0,0.0,0.133960359,802
k738,0.0,0.0,0.0,0.0,0.0,0.0186,0.0,0.0,0.0,0.114803503,2555
k2896,0.0,0.0,0.0,0.0,0.0,0.0606,0.0526,0.0,0.0,0.250374245,2480
k2012,0.0,0.0,0.0,0.0,0.125,0.147772144,0.131578947,0.0667,0.0,0.182795556,3256
k167,0.0,0.0,0.0,0.0,0.0,0.117026048,0.0526,0.0,0.0,0.226315664,705
k2024,0.0,0.0,0.0,0.0,0.0,0.0247,0.0,0.0,0.0,0.204706039,1040
k907,0.0,0.0,0.0,0.0,0.0,0.0293,0.0,0.0,0.0,0.194145119,1704
k1083,0.0,0.0,0.0,0.0,0.0,0.0,0.0,0.0,0.0,0.124261435,1228
k270,0.16666667,0.0,0.0,0.0,0.0,0.0539,0.0,0.0,0.0,0.0686,1888
k1539,0.333333341,0.0,0.00893,0.0,0.0,0.0894,0.0263,0.0,0.0,0.310440863,3075
k191,0.0,0.0,0.0,0.0,0.0,0.0344,0.0,0.0,0.0,0.0659,1419
k1919,0.16666667,0.0256,0.0,0.0,0.0,0.0514,0.0526,0.0,0.0,0.28930478,3094
k43,0.0,0.0,0.0,0.0,0.0,0.065,0.0263,0.0,0.0,0.250285182,2325
k2586,0.0759,0.102564103,0.0,0.0,0.0,0.0663,0.0,0.0,0.0,0.17594823,767
k3333,0.0,0.0,0.0,0.0,0.0,0.0181,0.0,0.0,0.0,0.186990661,2266
k2551,0.0,0.0,0.0,0.0,0.0,0.0494,0.0263,0.0,0.0,0.150870951,2627
k1067,0.0,0.0,0.0,0.0,0.0,0.0692,0.0263,0.0,0.0,0.144993364,578
k332,0.0,0.0,0.0,0.0,0.0,0.0688,0.0,0.0,0.0,0.332632972,1272
k2343,0.16666667,0.102564103,0.0,0.0,0.0,0.0514,0.0526,0.0,0.0,0.267279157,398
k2540,0.0,0.0,0.0,0.0,0.0,0.0878,0.0,0.0,0.0,0.156432001,3262
k273,0.0,0.0256,0.0,0.0,0.0,0.0376,0.0,0.0,0.0,0.12940911,2112
k2439,0.0,0.0256,0.0,0.0,0.0,0.0817,0.0,0.0,0.0,0.109623164,3259
k2427,0.16666667,0.0,0.0,0.0,0.125,0.208251994,0.0,0.266666667,0.0,0.0899,927
k2459,0.0,0.0,0.0,0.0,0.0,0.0561,0.0,0.0,0.0,0.068,583
k964,0.0,0.0,0.0,0.0,0.0,0.0471,0.0,0.0,0.0,0.0,3113
k876,0.0,0.0,0.0,0.0,0.0,0.0832,0.0,0.0,0.0,0.0,103
k1277,0.16666667,0.0,0.0,0.0,0.125,0.152139651,0.0,0.2,0.0,0.145177029,604
k554,0.44020576,0.0,0.0,0.0,0.0,0.120829547,0.0,0.0,0.0,0.11442546,2042
k232,0.0,0.0,0.0,0.0,0.0,0.166399128,0.0526,0.0,0.0,0.131425114,96
k785,0.0,0.0,0.0,0.0,0.0,0.109751692,0.0,0.0,0.0,0.0,2190
k3177,0.0,0.0,0.0,0.0,0.0,0.159081384,0.0526,0.0,0.0714,0.160592508,2622
k152,0.0,0.0,0.0,0.136363636,0.0,0.152587971,0.0526,0.0,0.0,0.22081463,1926
k2404,0.333333341,0.0,0.0,0.0,0.0,0.0627,0.0,0.0,0.0,0.0341,1630
k729,0.0,0.0,0.0,0.0,0.0,0.0293,0.0,0.0,0.0,0.162765961,973
k2481,0.333333341,0.0,0.0,0.0,0.0,0.0761,0.0,0.0,0.0,0.0941,3060
k2559,0.29347048,0.102564103,0.0,0.0,0.0,0.205041442,0.105263158,0.0,0.0,0.526738948,3200
k2975,0.0,0.0,0.0,0.0,0.0,0.0591,0.0263,0.0,0.0,0.275314669,562
k1327,0.0,0.0,0.0,0.0,0.0,0.0688,0.0,0.0,0.0,0.0901,2178
k133,0.16666667,0.0769,0.0,0.0,0.0833,0.109375678,0.0263,0.133333333,0.0,0.196800548,3316
k2045,0.0,0.0,0.0,0.0,0.0,0.123244688,0.0,0.0,0.0,0.164377845,1117
k1898,0.0,0.0769,0.0,0.0,0.0,0.0479,0.0263,0.0,0.0,0.182730055,1444
k2476,0.0759,0.0,0.0,0.0,0.0,0.108348882,0.0,0.0,0.0,0.11885482,3117
k318,0.333333341,0.0,0.0,0.0,0.0,0.092,0.0,0.0,0.0952,0.231046994,412
k106,0.0,0.0,0.0,0.0,0.0,0.0852,0.0,0.0,0.0,0.381898109,2619
k3007,0.16666667,0.0,0.0,0.0455,0.0,0.0901,0.0263,0.0,0.0,0.226555167,1225
k301,0.0,0.0,0.0,0.0,0.0,0.0426,0.0,0.0,0.0,0.142123095,2084
k2251,0.16666667,0.0,0.0,0.0,0.0,0.0885,0.0263,0.0,0.0,0.187782069,533
k1548,0.0,0.0,0.0,0.0,0.0,0.125804448,0.0,0.0,0.0,0.169929641,2960
k1371,0.0,0.0,0.0,0.0,0.0,0.092,0.0,0.0,0.0,0.101233752,1203
k445,0.0,0.0,0.0,0.0,0.0,0.0955,0.0,0.0667,0.0,0.101299115,856
k93,0.333333341,0.0,0.0,0.0,0.0,0.0761,0.0,0.0,0.0,0.247711636,780
k1811,0.16666667,0.0,0.0,0.0,0.0,0.0539,0.0,0.0,0.0,0.304879823,2568
k3110,0.0,0.0,0.0,0.0,0.0,0.065,0.0263,0.0,0.0,0.233214929,30
k3433,0.0,0.0,0.0357,0.0909,0.0,0.126021379,0.0,0.0,0.0,0.262020045,1515
k2907,0.0,0.0,0.0,0.0,0.0,0.0561,0.0,0.0,0.0,0.106940144,2236
k2870,0.0,0.102564103,0.0,0.0,0.0,0.0,0.0,0.0,0.0,0.181434665,2087
k2993,0.146735246,0.0,0.0,0.0,0.0,0.0475,0.0,0.0,0.0,0.130056891,2908
k2185,0.333333341,0.0,0.0179,0.0,0.0,0.0947,0.0,0.0,0.0,0.30585995,2227
k627,0.146735246,0.0,0.0,0.0,0.0,0.0996,0.0526,0.0,0.0,0.073,976
k663,0.0,0.0,0.0,0.0,0.0,0.0426,0.0,0.0,0.0,0.0926,1460
k415,0.0,0.0,0.0,0.0,0.0,0.0293,0.0,0.0,0.0,0.226277352,1430
k2937,0.0,0.0,0.0,0.0,0.0,0.096,0.0,0.0,0.0,0.237984561,2487
k1467,0.0,0.0,0.0,0.0,0.0,0.0247,0.0,0.0,0.0,0.0488,1467
k1704,0.16666667,0.0,0.00893,0.0,0.0,0.0853,0.0,0.0,0.0,0.27250162,2101
k531,0.0,0.0256,0.0,0.0,0.0,0.0247,0.0,0.0,0.0,0.24208123,101
k349,0.0,0.0513,0.0,0.0,0.0,0.0797,0.0526,0.133333333,0.0,0.234296785,1991
k2816,0.0759,0.0256,0.0,0.0,0.0,0.0663,0.0,0.0,0.0,0.116688386,815
k1297,0.0,0.0,0.0,0.0,0.0,0.0,0.0,0.0,0.0,0.145518651,1974
k1814,0.0,0.0769,0.0,0.0,0.0,0.019,0.0,0.0,0.0,0.16108498,3330
k563,0.16666667,0.0,0.0,0.0,0.0,0.038,0.0,0.0,0.0,0.13101026,798
k97,0.0,0.0,0.0,0.0,0.0,0.0494,0.0,0.0,0.0,0.102421547,2934
k110,0.0,0.0,0.00893,0.0,0.0,0.0181,0.0,0.0,0.0,0.286621784,585
k1730,0.16666667,0.0,0.0,0.0909,0.0,0.115044769,0.0,0.0,0.0,0.275518171,280
k1092,0.0,0.0,0.0,0.0,0.0,0.0344,0.0,0.0,0.0,0.083,610
k1890,0.333333341,0.0,0.0,0.0,0.166666667,0.12123448,0.0,0.0,0.0,0.223110372,2485
k3399,0.197624317,0.0,0.0,0.0,0.0417,0.142262148,0.105263158,0.0,0.0714,0.0902,2612
k537,0.146735246,0.0,0.491071429,1.0,0.791666667,0.918723947,0.552631579,1.0,0.547619048,0.544728675,898
k2942,0.146735246,0.0256,0.0,0.0,0.0,0.0713,0.0,0.0,0.0,0.107489386,905
k1115,0.0,0.0,0.0,0.0,0.0,0.0479,0.0263,0.0,0.0,0.126023747,2080
k3152,0.0,0.0,0.0,0.0,0.0,0.057,0.0526,0.0,0.0,0.218746362,1416
k730,0.0,0.0,0.0,0.0,0.0,0.0307,0.0,0.0,0.0,0.249879549,3296
k685,0.0,0.0,0.0,0.0,0.0,0.105326341,0.0526,0.0,0.0,0.153641552,232
k2966,0.0,0.0256,0.0,0.0,0.0,0.0293,0.0,0.0,0.0,0.114238209,281
k2160,0.0759,0.0,0.0,0.0,0.0,0.161785768,0.0,0.0,0.0,0.100582297,278
k1901,0.0,0.0,0.0,0.0,0.0,0.00904,0.0263,0.0,0.0,0.462631121,2620
k1727,0.29347048,0.0256,0.0,0.0,0.0,0.0719,0.0526,0.0,0.0,0.161383192,158
k276,0.0,0.0,0.0,0.0,0.0,0.067,0.0,0.0,0.0,0.18517114,2083
k848,0.0,0.0,0.0,0.0,0.0,0.038,0.0,0.0,0.0,0.296161026,590
k1093,0.0,0.0,0.0,0.0,0.0,0.0339,0.0,0.0,0.0,0.178233573,1186
k3208,0.411708063,0.0,0.0446,0.0,0.166666667,0.255340084,0.0526,0.333333333,0.0714,0.206388521,626
k3231,0.16666667,0.0,0.0,0.0,0.0,0.120829547,0.0526,0.133333333,0.0476,0.104104022,2175
k3259,0.333333341,0.0,0.107142857,0.0,0.291666667,0.280865429,0.184210526,0.0,0.142857143,0.449396956,3026
k1547,0.0,0.0,0.0,0.0,0.0,0.0293,0.0,0.0,0.0,0.145695708,2751
k2112,0.16666667,0.0,0.0,0.0,0.0,0.105326341,0.0,0.0,0.0,0.203655303,1362
k640,0.0759,0.0769,0.0,0.0,0.0,0.093,0.0,0.0,0.0,0.253557887,143
k1737,0.0,0.0,0.0,0.0,0.0,0.0174,0.0,0.0,0.0,0.224081277,897
k1497,0.0,0.0,0.0893,0.0909,0.333333333,0.312826311,0.157894737,0.0667,0.142857143,0.349638026,1124
k3269,0.0,0.0,0.0,0.0,0.0,0.0421,0.0,0.0,0.0,0.141411529,2564
k3223,0.0,0.0,0.0,0.0,0.0,0.0133,0.0,0.0,0.0,0.167129971,2520
k2194,0.16666667,0.0,0.0,0.0,0.0,0.0514,0.0,0.0,0.0,0.152038901,1178
k2258,0.16666667,0.128205128,0.0,0.0,0.0,0.092,0.0526,0.0,0.0,0.222326102,2716
k706,0.313401916,0.0,0.0,0.0909,0.0,0.140324241,0.0789,0.0,0.0,0.268929018,554
k66,0.0,0.102564103,0.0,0.0,0.0,0.0373,0.0263,0.0,0.0,0.146635687,1789
k98,0.0,0.0,0.0179,0.0909,0.0,0.117590064,0.0263,0.0,0.0,0.276511698,1552
k1089,0.0,0.0,0.0,0.0,0.0,0.109968624,0.0789,0.0,0.0,0.194084876,1703
k3278,0.0,0.0,0.0,0.0,0.0,0.0293,0.0,0.0,0.0,0.180618389,1043
k2888,0.0,0.0,0.0,0.0,0.0,0.115550936,0.0,0.0,0.0,0.13697691,2749
k350,0.0,0.0,0.0,0.0,0.0,0.0426,0.0,0.0,0.0,0.125052842,362
k490,0.0,0.0,0.0,0.0,0.0,0.0675,0.0526,0.0,0.0,0.170702583,3351
k247,0.146735246,0.179487179,0.00893,0.0,0.0,0.116158334,0.0,0.0,0.0,0.349494248,2167
k1496,0.0,0.0256,0.0,0.0,0.0,0.0,0.0,0.0,0.0,0.151960312,2179
k2152,0.333333341,0.0,0.0179,0.0,0.0,0.0761,0.0,0.0,0.0,0.359672449,1420
k595,0.0,0.0,0.0,0.0,0.0,0.00469,0.0,0.0,0.0,0.10981549,2341
k626,0.58694096,0.0,0.0714,0.0,0.0,0.108117496,0.0,0.0,0.0,0.241151541,3000
k148,0.16666667,0.0256,0.0,0.0,0.0,0.0801,0.0,0.0,0.0,0.188112697,2662
k432,0.0,0.0,0.0,0.0,0.0,0.0,0.0,0.0,0.0,0.197312099,1277
k379,0.0474,0.0,0.0,0.0,0.0,0.0668,0.0,0.0,0.0,0.19952571,1685
k1726,0.16666667,0.0,0.0,0.0,0.0,0.0916,0.0526,0.133333333,0.0,0.0817,3169
k3216,0.0,0.102564103,0.0,0.0,0.0,0.0,0.0,0.0,0.0,0.26074515,1209
k746,0.0,0.0256,0.0,0.0,0.0,0.0247,0.0,0.0,0.0,0.107489386,563
k2169,0.16666667,0.0,0.0,0.0909,0.125,0.235512773,0.210526316,0.0667,0.0714,0.197127062,1112
k858,0.144426569,0.0256,0.0,0.0,0.0,0.0247,0.0,0.0,0.0,0.104240605,848
k271,0.0,0.0,0.0,0.0,0.0,0.118356544,0.0,0.133333333,0.0,0.142377197,3181
k894,0.0,0.0,0.0,0.0,0.0,0.0373,0.0,0.0,0.0,0.204409327,417
k2443,0.0,0.0,0.0,0.0,0.0,0.0228,0.0,0.0,0.0,0.078,2767
k427,0.0,0.0,0.0,0.0,0.0,0.0494,0.0263,0.0,0.0,0.0806,512
k219,0.0,0.0,0.0,0.0,0.0,0.15919708,0.0789,0.0,0.0,0.0919,3319
k1217,0.0,0.0769,0.0,0.0,0.0,0.0881,0.0,0.0,0.0,0.10742076,2914
k456,0.0,0.0,0.0,0.0,0.0,0.0832,0.0,0.0,0.0,0.252886879,867
k1612,0.0,0.0,0.0,0.0,0.0,0.019,0.0,0.0,0.0,0.0877,506
k744,0.0,0.0,0.0,0.0,0.0,0.0357,0.0,0.0,0.0,0.14149136,3394
k1228,0.0,0.0256,0.0,0.0,0.0,0.0376,0.0,0.0,0.0,0.125054073,1319
k895,0.0,0.0,0.0,0.0,0.0,0.0247,0.0,0.0,0.0,0.136562067,463
k1168,0.0,0.102564103,0.0,0.0,0.0,0.0637,0.0,0.0,0.0,0.144736486,3205
k2123,0.0,0.0,0.0,0.0,0.0,0.0586,0.0,0.0,0.0,0.19739193,1130
k1315,0.0,0.0,0.0,0.0,0.0,0.018,0.0,0.0,0.0,0.308324608,2532
k223,0.0759,0.0,0.0,0.0,0.0,0.0663,0.0,0.0,0.0,0.114005357,2168
k727,0.0,0.0,0.0,0.0,0.0,0.0368,0.0,0.0,0.0,0.156997273,1322
k1108,0.0,0.0,0.0,0.0,0.0,0.0,0.0,0.0,0.0,0.175472215,1382
k1474,0.0,0.0,0.0,0.0,0.0,0.104487546,0.0526,0.0,0.0,0.245921183,1987
k481,0.16666667,0.0769,0.0,0.0,0.0,0.0514,0.0526,0.0,0.0,0.230455612,1834
k741,0.0,0.0,0.0,0.0,0.0,0.0468,0.0,0.0,0.0,0.199455317,1439
k2855,0.16666667,0.0,0.0,0.0,0.0,0.038,0.0,0.0,0.0,0.104400742,553
k810,0.0,0.0,0.0,0.0,0.0,0.0999,0.0,0.0,0.0,0.0779,617
k1864,0.333333341,0.0,0.0,0.0,0.0,0.166399128,0.131578947,0.0,0.0,0.0183,1227
k1264,0.0,0.0769,0.0,0.0,0.0,0.0376,0.0,0.0,0.0,0.151845419,338
k1438,0.0,0.0,0.0,0.0,0.0,0.0,0.0,0.0,0.0,0.159715223,949
k883,0.0,0.0513,0.0,0.0,0.0,0.0,0.0,0.0,0.0,0.207940713,1020
k2500,0.0,0.0,0.0,0.0455,0.0,0.0612,0.0,0.0,0.0,0.214564636,3226
k854,0.0,0.0,0.0,0.0,0.0,0.0472,0.0263,0.0,0.0,0.0684,3304
k1167,0.16666667,0.0,0.0,0.0,0.0,0.0832,0.0,0.0,0.0,0.0798,2563
k1611,0.0,0.0,0.0,0.0,0.0,0.0426,0.0,0.0,0.0,0.0953,2617
k2328,0.0,0.0,0.0,0.0,0.0,0.0791,0.0,0.0,0.0,0.0681,1458
k3242,0.0,0.0,0.0,0.0,0.0,0.0,0.0,0.0,0.0,0.114722182,3344
k2247,0.0,0.0,0.0,0.0,0.0,0.0719,0.0526,0.0,0.0,0.129416841,489
k488,0.0,0.0,0.0,0.0,0.0,0.123244688,0.0,0.0,0.0,0.164377845,1152
k1212,0.146735246,0.0256,0.0,0.0,0.0,0.0984,0.0263,0.0,0.0,0.143957507,965
k1543,0.0,0.0,0.0,0.0,0.0,0.0801,0.157894737,0.0,0.0,0.285828995,516
k220,0.0,0.0,0.0268,0.0909,0.0,0.131459074,0.0263,0.0,0.0,0.359209586,2338
k2883,0.0948,0.0,0.0,0.0,0.0,0.1078861,0.0,0.0,0.0,0.163866541,3064
k783,0.0,0.0513,0.0,0.0,0.0,0.0186,0.0,0.0,0.0,0.170783904,882
k1144,0.16666667,0.0,0.0,0.0,0.25,0.200225615,0.157894737,0.0,0.0952,0.0604,2098
k1879,0.0,0.0,0.0,0.0,0.0,0.0,0.0,0.0,0.0,0.158401951,1564
k3180,0.16666667,0.0,0.0,0.0,0.0,0.0539,0.0,0.0,0.0,0.270739307,345
k2027,0.0,0.0,0.0,0.0,0.0,0.0,0.0,0.0,0.0,0.243753248,379
k686,0.16666667,0.0,0.0,0.0,0.0,0.109447992,0.0526,0.133333333,0.0,0.0478,1005
k460,0.0,0.0513,0.0,0.0,0.0,0.0133,0.0,0.0,0.0,0.137269141,983
k756,0.0,0.0,0.0,0.0,0.0,0.0786,0.0,0.0,0.0,0.0339,1143
k2315,0.0,0.0,0.0,0.0,0.0,0.0659,0.0,0.0,0.0,0.121819399,1871
k114,0.333333341,0.0,0.0,0.0,0.0,0.0627,0.0,0.0,0.0,0.0635,2394
k2792,0.0,0.0,0.0,0.0,0.0,0.051,0.0,0.0,0.0,0.140223743,2287
k1358,0.0,0.0256,0.0,0.0,0.0,0.0,0.0,0.0,0.0,0.122174831,191
k763,0.0,0.0,0.0,0.0,0.0,0.0494,0.0,0.0,0.0,0.26082349,2315
k1866,0.0,0.0,0.0,0.0,0.0,0.0368,0.0,0.0,0.0,0.118087125,1671
k314,0.0474,0.0,0.0,0.0,0.0,0.141683667,0.0,0.0,0.0,0.142495491,2657
k1385,0.0,0.0,0.0,0.0,0.0,0.0472,0.0,0.0,0.0,0.219311656,2494
k959,0.0,0.0,0.0,0.0,0.0,0.0174,0.0,0.0,0.0,0.133960359,1428
k206,0.0,0.0,0.0,0.0,0.0,0.0688,0.0,0.0,0.0,0.0171,295
k2836,0.0,0.0,0.0,0.0,0.0,0.0561,0.0526,0.0,0.0,0.371836031,2100
k1288,0.0,0.0,0.0,0.0,0.0,0.0426,0.0,0.0,0.0,0.109655828,1358
k3124,0.0,0.0,0.0,0.0,0.0,0.019,0.0,0.0,0.0,0.083,524
k2514,0.16666667,0.0513,0.0,0.0,0.0,0.0726,0.0,0.0,0.0,0.151743431,1588
k3276,0.0,0.0,0.0,0.0,0.0,0.0339,0.0263,0.0,0.0,0.153089658,2673
k1252,0.0,0.0,0.0,0.0,0.0,0.0376,0.0,0.0,0.0,0.126244991,1929
k384,0.0,0.0,0.0,0.0,0.0,0.318452007,0.0,0.0,0.0,0.135146234,1205
k1735,0.16666667,0.0,0.0,0.0,0.0,0.101190224,0.0,0.0,0.0,0.131575543,1246
k255,0.0,0.0,0.0,0.0,0.0,0.186515692,0.0,0.0,0.0,0.108291762,457
k120,0.222649984,0.0,0.0357,0.0,0.0,0.195482097,0.0789,0.0667,0.0238,0.279810492,3002
k3070,0.5,0.0,0.0,0.0,0.166666667,0.175177528,0.0526,0.0,0.0,0.10678556,2384
k3274,0.0,0.102564103,0.0,0.0,0.0,0.0,0.0,0.0,0.0,0.176068619,1
k559,0.0,0.0,0.0,0.0,0.0,0.0953,0.0789,0.0,0.0,0.230047949,308
k942,0.0,0.0,0.0,0.0,0.0,0.0753,0.0,0.0,0.0,0.0609,2483
k2290,0.16666667,0.0,0.0,0.0455,0.0,0.072,0.0526,0.0,0.0,0.362702379,1131
k2389,0.0,0.0,0.0,0.0455,0.0,0.172646688,0.0263,0.0,0.0,0.1077657,2918
k2131,0.0,0.0,0.0,0.0,0.0,0.0539,0.0,0.0,0.0,0.252886879,38
k2198,0.0,0.0,0.0,0.0,0.0,0.0293,0.0,0.0,0.0,0.162765961,2682
k2702,0.0,0.205128205,0.0,0.0,0.0,0.12123448,0.0,0.0,0.0,0.364657407,540
k2921,0.0,0.0,0.0,0.0,0.0,0.0133,0.0,0.0,0.0,0.185204366,1736
k3325,0.0,0.0,0.0,0.0,0.0,0.0927,0.0,0.0,0.0,0.11141813,2425
k1701,0.0,0.0,0.0,0.0,0.0,0.0133,0.0,0.0,0.0,0.179430603,970
k2738,0.12680381,0.0,0.0,0.0,0.0,0.150548837,0.0263,0.0,0.0,0.249459469,706
k3153,0.146735246,0.0,0.0,0.0,0.0,0.0554,0.0,0.0,0.0,0.20235446,1357
k2166,0.0,0.0,0.0,0.0,0.0,0.0181,0.0,0.0,0.0,0.104400742,1808
k323,0.0,0.0,0.0,0.0,0.0,0.0554,0.0,0.0,0.0,0.131090091,275
k3313,0.16666667,0.0,0.0,0.0,0.0,0.0801,0.0,0.0,0.0,0.208910398,3128
k993,0.16666667,0.0,0.0,0.0,0.0,0.038,0.0,0.0,0.0,0.194521662,1661
k2959,0.0,0.0,0.0,0.0909,0.0,0.170535244,0.157894737,0.0,0.0,0.102293729,1255
k3346,0.0,0.0,0.0,0.0,0.0,0.194889143,0.0,0.0,0.428571429,0.106392393,2691
k3175,0.0,0.0,0.0,0.0,0.0,0.0415,0.0,0.0,0.0,0.0756,2997
k1884,0.0,0.0,0.0,0.0,0.0,0.0775,0.0263,0.0,0.0,0.218746362,3290
k1388,0.0,0.0,0.0,0.0,0.0,0.0186,0.0,0.0,0.0,0.106109662,2233
k2488,0.0,0.153846154,0.0,0.0,0.0,0.0,0.0,0.0,0.0,0.220941217,45
k951,0.0,0.0,0.0,0.0,0.0,0.0293,0.0,0.0,0.0,0.220754635,1313
k2616,0.0,0.0,0.0,0.0,0.0,0.019,0.0,0.0,0.0,0.0659,2499
k1959,0.0,0.0,0.0,0.0,0.0,0.0753,0.0,0.0,0.0,0.224081277,3257
k275,0.0,0.0,0.0,0.0,0.0,0.0181,0.0,0.0,0.0,0.137759085,1730
k2371,0.0,0.0,0.0,0.0,0.0,0.0786,0.0,0.0,0.0,0.155234971,1294
k2840,0.0,0.0,0.0,0.0,0.0,0.1254429,0.0,0.0,0.0,0.280287792,2115
k2877,0.0,0.0513,0.0,0.0,0.0,0.0376,0.0,0.0,0.0,0.132092127,521
k1982,0.16666667,0.0,0.0179,0.0,0.0,0.038,0.0,0.0,0.0,0.343384371,1111
k1782,0.0,0.0,0.00893,0.0,0.0,0.0293,0.0,0.0,0.0,0.499401496,1715
k3120,0.0,0.0,0.0,0.0,0.0,0.0293,0.0,0.0,0.0,0.167535592,3314
k1016,0.0,0.0,0.0,0.0,0.0,0.0479,0.0,0.0,0.0,0.143094011,173
k2773,0.0,0.461538462,0.0,0.0,0.0,0.0,0.0,0.0,0.0,0.30920686,2951
k1757,0.0,0.0,0.0,0.0,0.0417,0.0673,0.0,0.0,0.0,0.196906478,2605
k3006,0.0,0.256410256,0.0,0.0,0.0,0.0792,0.0,0.0,0.0,0.253827052,1526
k2593,0.16666667,0.0,0.0,0.0,0.0,0.0514,0.0263,0.0,0.0,0.134968648,3105
k53,0.0,0.0,0.0,0.0,0.0,0.00937,0.0,0.0,0.0,0.303225039,2063
k136,0.0,0.0,0.0,0.0,0.0,0.0247,0.0,0.0,0.0,0.0833,853
k1012,0.16666667,0.0,0.0,0.0,0.0,0.0539,0.0,0.0,0.0,0.13417724,1815
k1059,0.0,0.0,0.0,0.0,0.0,0.0,0.0789,0.0,0.0,0.0856,745
k492,0.0,0.0,0.0,0.0,0.0,0.0585,0.0,0.0,0.0,0.188969855,388
k1997,0.0,0.0,0.0,0.0,0.0,0.0518,0.0,0.0,0.0,0.289977495,46
k3130,0.146735246,0.0513,0.0,0.0,0.0,0.143317862,0.0526,0.0,0.0,0.130615101,1238
k3417,0.333333341,0.0,0.0,0.0,0.0,0.0761,0.0,0.0,0.0,0.111149569,2692
k2705,0.0,0.102564103,0.0,0.0,0.0,0.0,0.0,0.0,0.0,0.225192796,3252
k3310,0.242581421,0.0,0.0,0.0,0.0,0.104299545,0.0,0.0,0.0,0.137824436,1159
k811,0.0,0.0,0.0,0.0,0.0,0.0514,0.0,0.0,0.0,0.120688832,671
k1487,0.0,0.0,0.0,0.0,0.0,0.0494,0.0,0.0,0.0,0.137533166,2964
k91,0.0,0.0,0.0,0.0455,0.0,0.185995062,0.0789,0.0,0.0,0.0902,2669
k2846,0.0,0.0,0.0,0.0,0.0,0.0724,0.0,0.0,0.0,0.338238176,1710
k3126,0.0,0.0,0.0,0.0,0.166666667,0.131097525,0.0789,0.2,0.0,0.103401687,2064
k254,0.16666667,0.0,0.0446,0.0909,0.208333333,0.302977727,0.0263,0.533333333,0.0476,0.361590277,1306
k1262,0.16666667,0.0,0.0,0.0,0.0833,0.096,0.0,0.133333333,0.0,0.136892933,2667
k1156,0.16666667,0.0,0.0,0.0,0.0,0.0627,0.0,0.0,0.0,0.307264661,2097
k2627,0.0,0.0,0.0,0.0,0.0,0.0,0.0,0.0,0.0,0.270362764,444
k1395,0.0759,0.0,0.0,0.0,0.166666667,0.326160224,0.0,0.0667,0.0714,0.17571892,139
k111,0.16666667,0.0,0.0,0.0,0.0,0.11245608,0.0,0.0,0.0,0.248117258,1804
k1454,0.151829477,0.0,0.0,0.0,0.0,0.161785768,0.0,0.0,0.0,0.100582297,2007
k1833,0.333333341,0.0,0.0,0.0,0.0,0.0761,0.0,0.0,0.0,0.230641372,1374
k2845,0.146735246,0.0,0.0,0.0455,0.0,0.0769,0.0,0.0,0.0,0.202321223,2452
k1886,0.0,0.0,0.0,0.0,0.0,0.113425027,0.0,0.0,0.0,0.213588656,666
k1019,0.151829477,0.0,0.0,0.0,0.0,0.161785768,0.0,0.0,0.0,0.100582297,1481
k45,0.0,0.0,0.0,0.0,0.0,0.018,0.0263,0.0,0.0,0.128082783,2301
k2964,0.0,0.0256,0.0,0.0,0.0,0.028,0.0,0.0,0.0,0.311054263,41
k2523,0.0,0.0,0.0,0.0,0.0,0.0339,0.0263,0.0,0.0,0.221370681,3293
k1136,0.0,0.0,0.0,0.0,0.0,0.00469,0.0,0.0,0.0,0.277756704,1618
k3238,0.0,0.0,0.0,0.0,0.0,0.0539,1.0,0.0,0.0952,0.273382468,256
k1623,0.0,0.0,0.0,0.0,0.0,0.0733,0.0263,0.0,0.0,0.155343881,3369
k804,0.16666667,0.0513,0.0,0.0,0.0,0.0539,0.0,0.0,0.0,0.127242665,440
k2105,0.0,0.0,0.0,0.0,0.0,0.0247,0.0,0.0,0.0,0.223921615,1935
k2678,0.5,0.0,0.205357143,0.0,0.458333333,0.386191768,0.368421053,0.0,0.142857143,0.484734524,220
k873,0.16666667,0.0,0.0,0.0,0.0,0.038,0.0,0.0,0.0,0.184982409,839
k2440,0.0,0.0,0.0,0.0,0.0,0.0479,0.0,0.0,0.0,0.155720424,742
k1265,0.187111415,0.102564103,0.0,0.0,0.0,0.196494433,0.0,0.0667,0.0,0.196503836,2698
k2174,0.333333341,0.0,0.0,0.0,0.0,0.200543778,0.131578947,0.4,0.0952,0.109518778,1162
k1990,0.0,0.0,0.0,0.0,0.0,0.0247,0.0,0.0,0.0,0.282663397,73
k2948,0.0,0.0,0.0,0.0,0.0,0.0,0.0,0.0,0.0,0.103017961,3217
k1330,0.0,0.0,0.0,0.0,0.0,0.0943,0.0263,0.0,0.0,0.0,1115
k2333,0.16666667,0.0,0.0268,0.0,0.0,0.0673,0.0,0.0,0.0,0.603802208,2131
k776,0.0,0.0256,0.0,0.0,0.0,0.0854,0.0,0.0,0.0,0.233747548,2019
k539,0.0,0.0513,0.0,0.0,0.0,0.0181,0.0,0.0,0.0,0.19683711,3195
k279,0.0,0.0,0.0,0.0,0.0,0.0,0.0,0.0,0.0,0.194595672,1849
k2473,0.0,0.0,0.0,0.0,0.0,0.0,0.0,0.0,0.0,0.127772185,3073
k2235,0.0,0.0,0.0,0.0,0.0,0.117026048,0.0,0.0,0.0,0.0953,2093
k2297,0.0,0.0256,0.0,0.0,0.0,0.0247,0.0,0.0,0.0,0.24208123,1912
k2285,0.0,0.0,0.0,0.0,0.0,0.0,0.0,0.0,0.0,0.10868827,885
k1163,0.0,0.0,0.0,0.0,0.0,0.101436074,0.0,0.0,0.0,0.0707,3046
k2652,0.0,0.0,0.0,0.0,0.0,0.0293,0.0,0.0,0.0,0.10678556,1388
k3418,0.0,0.0,0.0,0.0,0.0,0.142912931,0.131578947,0.0,0.0,0.148588588,296
k3018,0.0,0.0,0.0,0.0,0.0,0.0,0.0,0.0,0.0,0.211180235,2756
k1752,0.0,0.0,0.0179,0.0909,0.0,0.0989,0.0,0.0,0.0,0.283883037,2472
k2612,0.0,0.0,0.0,0.0,0.0,0.0186,0.0263,0.0,0.0,0.100579941,31
k3003,0.0,0.0,0.0,0.0,0.0,0.0267,0.0,0.0,0.0,0.137759085,2526
k1689,0.0,0.0,0.0,0.0,0.0,0.072,0.0,0.0,0.0,0.125618126,1278
k2000,0.0,0.0,0.0,0.0,0.0,0.141712587,0.0,0.0,0.0,0.177866263,162
k890,0.0,0.0,0.0,0.0,0.0,0.0247,0.0,0.0,0.0,0.138946882,1565
k1956,0.0,0.0,0.0,0.0,0.0,0.0247,0.0,0.0,0.0,0.185011467,3324
k1078,0.16666667,0.0769,0.0,0.0,0.0,0.0673,0.0526,0.0,0.0,0.157810569,2473
k211,0.333333341,0.102564103,0.0,0.0,0.0833,0.163318734,0.0263,0.133333333,0.0476,0.201868392,847
k467,0.0,0.0,0.0,0.0,0.0,0.0467,0.0,0.0,0.0,0.164933896,1344
k61,0.0,0.0,0.0,0.0,0.0,0.0753,0.0,0.0,0.0,0.0827,1485
k831,0.16666667,0.0,0.0,0.0,0.0,0.0539,0.0,0.0,0.0,0.0813,1809
k3291,0.16666667,0.0,0.0,0.0,0.0,0.0673,0.0526,0.0,0.0,0.0623,3155
k2334,0.0,0.0,0.0,0.0,0.0,0.157259179,0.0,0.0,0.0,0.20327875,2207
k1186,0.16666667,0.0256,0.0,0.0,0.0,0.0801,0.0,0.0,0.0,0.141718704,490
k750,0.0,0.153846154,0.0,0.0,0.0,0.064,0.0,0.0,0.0,0.311822433,1399
k3059,0.0759,0.0,0.0,0.0,0.0,0.0663,0.0,0.0,0.0,0.169985759,1464
k2082,0.0,0.0256,0.0,0.0,0.0,0.104400777,0.0,0.0,0.0,0.144758698,3299
k2114,0.0,0.0,0.0,0.0,0.0,0.0914,0.0,0.0,0.0,0.0921,3264
k1720,0.0,0.0,0.00893,0.0,0.0,0.0561,0.0,0.0,0.0,0.235194123,1058
k1342,0.0,0.0256,0.0,0.0,0.0,0.0293,0.0,0.0,0.0,0.131308462,1010
k3099,0.0,0.41025641,0.0,0.0,0.0,0.12123448,0.0,0.0,0.0,0.49453142,611
k441,0.197624317,0.0,0.0,0.0,0.0,0.119976286,0.0,0.0,0.0,0.124421096,985
k3155,0.0,0.0,0.0179,0.0,0.0,0.0539,0.0,0.0667,0.0,0.372618185,2889
k1253,0.16666667,0.0,0.0,0.0,0.0,0.0539,0.0,0.0,0.0,0.13417724,289
k2951,0.0,0.0,0.0,0.0,0.0,0.0534,0.105263158,0.0,0.0,0.190552659,403
k1567,0.151829477,0.0256,0.0,0.0,0.0,0.132529254,0.0,0.0,0.0,0.144861367,1355
k2006,0.16666667,0.0,0.0268,0.0,0.0,0.0673,0.0,0.0,0.0,0.557361113,1558
k1442,0.0,0.0,0.0,0.0,0.0417,0.0595,0.0,0.133333333,0.0,0.160866598,3411
k2809,0.0,0.0513,0.0,0.0,0.0,0.0472,0.0263,0.0,0.0,0.2439144,224
k3055,0.0,0.0,0.0,0.0,0.0,0.0632,0.0526,0.0,0.0,0.186744712,2631
k2508,0.0,0.0,0.0,0.0,0.0,0.0753,0.0,0.0,0.0,0.116890106,1707
k2925,0.0,0.0,0.0,0.0,0.0,0.0133,0.0,0.0,0.0,0.107384067,3401
k914,0.0,0.0,0.0,0.0,0.0,0.0426,0.0,0.0,0.0,0.0366,2738
k2347,0.0,0.0,0.0,0.0,0.0,0.0707,0.0,0.133333333,0.0,0.157562557,3043
k386,0.0,0.0,0.0,0.0,0.0,0.019,0.0,0.0,0.0,0.141331698,483
k2147,0.0,0.0,0.0,0.0,0.0,0.0181,0.0,0.0,0.0,0.0988,1113
k1819,0.0,0.0256,0.0,0.0,0.0,0.0446,0.0,0.0,0.0,0.304687044,2579
k413,0.16666667,0.0,0.0,0.0,0.0833,0.0879,0.0,0.0,0.0,0.146477872,3281
k868,0.16666667,0.0,0.0,0.0,0.0,0.0539,0.0,0.0,0.0,0.151247515,306
k799,0.0,0.0,0.133928571,0.0,0.0,0.343398861,0.394736842,0.0,0.0,0.327548045,152
k2727,0.0,0.0,0.0,0.0,0.0,0.0311,0.0,0.0,0.0,0.250690804,2890
k205,0.333333341,0.0,0.0,0.0,0.0833,0.138747894,0.0789,0.2,0.0,0.325880335,3282
k1285,0.0,0.0,0.0,0.0,0.0,0.102607489,0.0789,0.0,0.0,0.247503977,2156
k2108,0.0,0.0,0.0,0.0,0.0,0.0247,0.0,0.0,0.0,0.215142456,3145
k269,0.0,0.0,0.0,0.0,0.0,0.0423,0.0,0.0,0.0,0.107350842,3291
k3026,0.151829477,0.0256,0.107142857,0.136363636,0.0,0.189523776,0.0263,0.0,0.0,0.31274101,1041
k1111,0.16666667,0.0,0.0,0.0,0.125,0.183146059,0.0526,0.2,0.0952,0.0943,3413
k2787,0.0,0.0,0.0179,0.0,0.0,0.0852,0.0526,0.0,0.0,0.392033765,142
k1559,0.29347048,0.0,0.0,0.0,0.0,0.12145141,0.0,0.0,0.0,0.221639253,3088
k1190,0.0,0.0513,0.0,0.0,0.0,0.0854,0.0,0.0,0.0,0.253500829,477
k699,0.16666667,0.0,0.0,0.0,0.0,0.038,0.0,0.0,0.0,0.157619787,2185
k1552,0.0,0.0,0.0,0.0,0.0,0.0357,0.0,0.0,0.0,0.18517114,1638
k1602,0.0,0.0,0.0,0.0,0.0,0.0472,0.0,0.0,0.0,0.146260991,3245
k2120,0.0,0.0,0.0,0.0455,0.0,0.104169381,0.0,0.0,0.0,0.128973857,3342
k1129,0.242581421,0.0,0.0,0.0,0.0,0.104299545,0.0,0.0,0.0,0.193804837,3140
k109,0.16666667,0.0,0.0,0.0,0.0,0.038,0.0,0.0,0.0,0.0921,989
k1086,0.146735246,0.0,0.0,0.0455,0.0833,0.20784706,0.184210526,0.2,0.0714,0.0512,290
k3327,0.0,0.0,0.0,0.0,0.0,0.0,0.0,0.0,0.0,0.181001939,1061
k3322,0.0,0.0,0.0,0.0,0.0,0.170607554,0.0,0.0,0.0,0.190166885,3079
k138,0.0,0.0,0.0,0.0,0.0,0.0494,0.0,0.0,0.0,0.175472215,915
k1544,0.0,0.0,0.00893,0.0,0.0,0.0247,0.0,0.0,0.0,0.492652649,3221
k1205,0.0,0.0,0.0,0.0,0.0,0.232519136,0.0,0.0,0.428571429,0.13069693,632
k1914,0.0,0.358974359,0.0,0.0,0.0,0.0,0.0,0.0,0.0,0.370283202,21
k1878,0.333333341,0.128205128,0.0268,0.0,0.0,0.154699415,0.0526,0.0,0.0,0.377040915,2902
k1017,0.0,0.0,0.0,0.0,0.0,0.0574,0.0526,0.0,0.0,0.242734345,2215
k1996,0.16666667,0.0769,0.0,0.0,0.0833,0.0673,0.0,0.0,0.0,0.191951085,484
k67,0.0,0.0256,0.0,0.0,0.0,0.108855048,0.0,0.0,0.0,0.180368854,2613
k1658,0.0,0.0,0.0,0.0,0.0,0.0585,0.0,0.0,0.0,0.498995874,3345
k596,0.16666667,0.0,0.0,0.0,0.0,0.0539,0.0,0.0,0.0,0.10003673,340
k162,0.0,0.0513,0.0,0.0,0.0,0.0293,0.0,0.0,0.0,0.13399149,1328
k3397,0.28365314,0.0,0.0,0.0,0.0,0.0673,0.0263,0.0,0.0,0.0318,827
k1037,0.333333341,0.0,0.0,0.0,0.0,0.0761,0.0,0.0,0.0,0.389043313,1092
k712,0.16666667,0.0,0.0,0.0,0.0417,0.120829547,0.0,0.0,0.0,0.07,49
k1372,0.0,0.0,0.0,0.0,0.0,0.0585,0.0,0.0,0.0,0.215579382,821
k378,0.0759,0.0,0.0,0.0,0.0,0.0663,0.0,0.0,0.0,0.114005357,3003
k1852,0.214083724,0.0,0.0,0.0,0.0,0.170202619,0.0,0.0,0.0,0.0653,3287
k865,0.0,0.0,0.0,0.0,0.0,0.0247,0.0,0.0,0.0,0.083,2679
k354,0.0,0.0,0.0,0.0,0.0,0.0,0.0,0.0,0.0,0.127397489,1843
k3190,0.0,0.0,0.0,0.0,0.0,0.0,0.0,0.0,0.0,0.102421547,616
k406,0.333333341,0.0,0.0,0.0,0.0,0.156160072,0.0526,0.0,0.0,0.252499722,3037
k2331,0.0474,0.0,0.0,0.0455,0.0,0.0961,0.0,0.0,0.0,0.219140452,2407
k3297,0.0,0.0,0.0,0.0,0.0,0.144069891,0.0,0.0,0.0,0.0145,2311
k1660,0.502459961,0.0,0.0,0.0909,0.25,0.30102535,0.0526,0.466666667,0.0238,0.156809461,255
k520,0.0,0.0,0.0,0.0,0.0,0.0293,0.0,0.0,0.0,0.157996329,2867
k2834,0.16666667,0.0513,0.0,0.0,0.0,0.0768,0.0,0.0,0.0,0.195008615,2269
k2463,0.16666667,0.0,0.0,0.0,0.0,0.0567,0.0,0.0,0.0,0.208990229,2634
k1883,0.0,0.0,0.0,0.0,0.0,0.0662,0.0,0.0,0.0,0.158344743,2273
k1457,0.0,0.102564103,0.0,0.0,0.0,0.097,0.0,0.0,0.0,0.592440885,2838
k3305,0.0,0.0,0.0,0.0909,0.0,0.141278734,0.105263158,0.0,0.0,0.110230344,2580
k2208,0.0,0.0513,0.0,0.0,0.0,0.0186,0.0,0.0,0.0,0.115096867,2386
k2668,0.0,0.0,0.0,0.0,0.0,0.0853,0.0526,0.0,0.0238,0.279745152,176
k1231,0.146735246,0.0,0.0446,0.0455,0.0,0.102838885,0.0263,0.0,0.0,0.338755472,1266
k2858,0.333333341,0.0,0.0357,0.0,0.0,0.0761,0.0,0.0,0.0,0.452554714,1251
k690,0.0,0.0256,0.0,0.0,0.0417,0.0468,0.0,0.0667,0.0,0.200154789,2242
k2240,0.0,0.0,0.0,0.0,0.0417,0.0729,0.0,0.0,0.0238,0.0945,2570
k963,0.0,0.0,0.0,0.0,0.0,0.0,0.0,0.0,0.0,0.126156619,2152
k860,0.0,0.0513,0.0,0.0,0.0,0.0186,0.0,0.0,0.0,0.134556774,3173
k1203,0.16666667,0.0,0.0,0.0,0.0,0.119383352,0.0,0.0,0.0238,0.220508675,240
k1121,0.0,0.128205128,0.0,0.0,0.0,0.0585,0.0263,0.0,0.0,0.223032031,3254
k2796,0.0,0.0769,0.0,0.0,0.0,0.0479,0.0263,0.0,0.0,0.165530299,1384
k2669,0.151829477,0.0,0.0,0.181818182,0.0,0.167324692,0.0,0.0,0.0,0.154526288,128
k396,0.0,0.0,0.0,0.0,0.0,0.0941,0.0,0.333333333,0.0,0.116890106,1569
k2894,0.16666667,0.0,0.0,0.0,0.0,0.038,0.0,0.0,0.0,0.126240628,1750
k2903,0.146735246,0.0,0.0,0.0455,0.0,0.0844,0.0,0.0,0.0,0.265615755,1931
k1581,0.0,0.0,0.0,0.0,0.0,0.0,0.0,0.0,0.0,0.136562067,2639
k1058,0.0,0.0,0.0,0.0,0.0,0.0467,0.0,0.0,0.0,0.242754181,2290
k620,0.0,0.0,0.0,0.0,0.0,0.0376,0.0,0.0,0.0,0.0926,1561
k1214,0.0,0.0,0.0,0.0,0.0,0.0247,0.0,0.0,0.0,0.217143721,2435
k2642,0.0,0.0,0.0,0.0,0.0,0.0688,0.0,0.0,0.0,0.0731,189
k2524,0.0,0.0,0.0,0.0,0.0417,0.0595,0.0,0.133333333,0.0,0.212077378,2122
k2862,0.0,0.0,0.0,0.0,0.0,0.0878,0.0,0.0,0.0,0.0786,622
k3414,0.146735246,0.0,0.0,0.0,0.0,0.120424604,0.0263,0.266666667,0.0,0.180104796,2041
k256,0.0,0.0,0.0,0.0,0.0,0.260199297,0.0263,0.0,0.0,0.0438,1879
k1494,0.0,0.128205128,0.0,0.0,0.0,0.0663,0.0,0.0,0.0,0.195701501,2652
k570,0.0,0.0,0.0,0.0,0.0,0.0361,0.0789,0.0,0.0,0.182955218,2855
k837,0.0,0.0,0.0,0.0,0.0,0.0673,0.0263,0.0,0.0,0.110367394,1048
k2786,0.0,0.0,0.0,0.0,0.0,0.0,0.0,0.0,0.0,0.114722182,267
k2617,0.0,0.0,0.0,0.0,0.0,0.0341,0.0,0.0,0.0,0.229090422,986
k2516,0.0,0.0,0.0,0.0,0.0,0.0812,0.0,0.0,0.0,0.18517114,241
k1583,0.0,0.0,0.0,0.0,0.0,0.0247,0.0,0.0,0.0,0.158401951,2401
k2863,0.0,0.0,0.0,0.0,0.0,0.0917,0.0,0.0,0.0,0.0635,2276
k436,0.0,0.0,0.0,0.0,0.0,0.0735,0.0263,0.0,0.0,0.354063434,2109
k3188,0.16666667,0.0,0.0,0.0455,0.0833,0.147121357,0.0,0.133333333,0.0,0.212488075,1347
k3146,0.0,0.0,0.0,0.0,0.0,0.0,0.0,0.0,0.0,0.238983606,1669
k1745,0.0,0.0,0.0,0.0,0.0,0.0851,0.0,0.0,0.0,0.121659738,3110
k568,0.0,0.0,0.0,0.0,0.0,0.0133,0.0,0.0,0.0,0.150841893,2369
k2414,0.0474,0.0,0.0,0.0,0.0,0.104400777,0.0,0.0,0.0,0.116639071,3104
k641,0.0,0.0,0.0,0.0,0.0,0.0293,0.0,0.0,0.0,0.194145119,13
k3281,0.0,0.0,0.0,0.0,0.0,0.0247,0.0,0.0,0.0,0.0637,2106
k1040,0.333333341,0.0,0.0,0.0,0.0,0.0761,0.0,0.0,0.0,0.213571119,3208
k2076,0.16666667,0.0,0.0,0.0,0.0,0.0905,0.0,0.0,0.0,0.214245313,2086
k2639,0.0,0.0,0.0,0.0,0.0,0.0267,0.0,0.0,0.0,0.077,804
k3256,0.333333341,0.0,0.133928571,0.0455,0.0,0.170332777,0.0789,0.0667,0.0714,0.536382737,1687
k801,0.0,0.102564103,0.0,0.0,0.0,0.0595,0.0,0.0,0.0,0.264184265,1273
k839,0.0,0.0,0.0,0.0,0.0,0.0428,0.0263,0.0,0.0,0.266790162,2002
k1367,0.0,0.0,0.0,0.0909,0.0,0.06,0.0,0.0,0.0,0.318183226,1305
k2378,0.0,0.0,0.0,0.0,0.0,0.0759,0.0,0.0,0.0,0.230047949,2986
k880,0.0,0.230769231,0.0,0.0,0.0,0.0,0.0,0.0,0.0,0.235328452,1953
k333,0.0,0.0,0.0,0.0,0.0,0.0293,0.0,0.0,0.0,0.133395076,2822
k2140,0.0759,0.0,0.0,0.0,0.0,0.0663,0.0,0.0,0.0,0.131075621,3020
k1480,0.0,0.205128205,0.0,0.0,0.0,0.0585,0.0,0.0,0.0,0.352984374,1576
k2691,0.0,0.0513,0.0,0.0,0.0,0.0585,0.0,0.0,0.0,0.224710917,2875
k1739,0.16666667,0.0,0.294642857,0.0,0.0,0.397341912,0.447368421,0.0,0.0,0.445051433,2015
k2574,0.0,0.0,0.0,0.0,0.0,0.0293,0.0,0.0,0.0,0.233055257,3190
k3004,0.0,0.0513,0.0,0.0,0.0,0.0669,0.0,0.0,0.0,0.124155515,2339
k430,0.0,0.102564103,0.0,0.0,0.0,0.0561,0.0,0.0,0.0,0.420155929,3310
k3408,0.0474,0.0,0.0,0.0,0.0,0.186515692,0.0,0.0,0.0,0.108291762,2674
k1986,0.0,0.0,0.0,0.0,0.0,0.0421,0.0,0.0,0.0,0.158481782,1718
k1926,0.0759,0.0,0.0,0.0,0.0,0.100669594,0.0,0.0,0.0,0.0822,3192
k2672,0.16666667,0.0,0.0,0.0,0.0,0.0901,0.0,0.0,0.0,0.211375045,784
k1208,0.16666667,0.0,0.0536,0.0455,0.0,0.0521,0.0526,0.0,0.0,0.526499434,202
k2944,0.197624317,0.0,0.0,0.0,0.0417,0.0769,0.0,0.133333333,0.0,0.170485692,3067
k2531,1.0,0.0,0.0714,0.0,0.375,0.387985034,0.0526,0.0667,0.0,0.436384769,2892
k188,0.0,0.0,0.0,0.0,0.0,0.0494,0.0,0.0,0.0,0.141331698,941
k1897,0.0,0.0,0.0,0.0,0.0,0.0174,0.0,0.0,0.0,0.14149136,2701
k1295,0.0,0.0,0.0,0.0,0.0,0.0293,0.0,0.0,0.0,0.128625444,2859
k2233,0.16666667,0.0,0.0,0.0,0.0,0.1078861,0.0,0.0,0.0,0.0907,3420
k1094,0.0,0.0,0.0,0.0,0.0,0.0688,0.0263,0.0,0.0,0.189049686,2148
k181,0.0,0.0,0.0,0.0,0.0,0.0637,0.0263,0.0667,0.0,0.0969,1321
k1182,0.0,0.0,0.0,0.0,0.0,0.0174,0.0,0.0,0.0,0.458295251,3042
k1340,0.0,0.0513,0.0,0.0,0.0417,0.0595,0.0,0.133333333,0.0,0.163549626,561
k1875,0.0,0.0,0.0,0.0,0.0,0.0341,0.0,0.0,0.0,0.134120031,1961
k1052,0.0,0.0,0.0357,0.0,0.0,0.0597,0.0,0.0,0.0,0.412940527,2911
k1595,0.264625105,0.0,0.0,0.0,0.0,0.0479,0.0,0.0,0.0,0.0752,1502
k1460,0.16666667,0.0256,0.0,0.0,0.0,0.0539,0.0,0.0,0.0,0.107489386,907
k519,0.0,0.0,0.0,0.0,0.0,0.0293,0.0,0.0,0.0,0.128625444,1024
k1169,0.0,0.256410256,0.0,0.0,0.0,0.0,0.0,0.0,0.0,0.28124967,2804
k1179,0.0,0.0,0.0,0.0,0.0,0.0761,0.0526,0.0,0.0,0.175472215,2643
k261,0.16666667,0.0,0.0,0.0,0.0,0.0726,0.0,0.0,0.0,0.0804,71
k1696,0.0,0.0,0.0,0.0,0.0,0.0525,0.0,0.0,0.0,0.0678,244
k631,0.0,0.0,0.0,0.0,0.0,0.0,0.0,0.0,0.0,0.265593133,2383
k49,0.210185603,0.0,0.0268,0.0909,0.0417,0.17095464,0.0263,0.133333333,0.0,0.433419919,2433
k2103,0.0,0.0,0.0,0.0,0.0,0.120684919,0.0263,0.0,0.0,0.233450264,1724
k516,0.0,0.0,0.0,0.0,0.0,0.0,0.0,0.0,0.0,0.214382352,366
k315,0.0,0.0,0.0,0.0,0.0,0.0293,0.0,0.0,0.0,0.111555191,2578
k1043,0.0,0.0,0.0,0.0,0.0,0.0832,0.0,0.0,0.0,0.147298349,2142
k938,0.0,0.0,0.0,0.0,0.0,0.0,0.0,0.0,0.0,0.1174052,3148
k448,0.0,0.0769,0.0,0.0,0.0,0.0293,0.0,0.0,0.0,0.191890432,3391
k3413,0.0,0.0,0.0,0.0,0.0,0.164273222,0.0789,0.0,0.0,0.140119908,2760
k1832,0.333333341,0.0,0.0,0.0,0.0833,0.166399128,0.0263,0.0,0.0,0.389043313,931
k3258,0.16666667,0.0,0.0,0.0,0.0,0.0832,0.0,0.0,0.0,0.277111579,2865
k2352,0.0,0.0,0.0,0.0,0.0,0.121668331,0.0,0.0,0.0,0.0,2201
k377,0.16666667,0.0,0.0,0.0,0.0,0.0673,0.0,0.0,0.0,0.23779582,754
k2674,0.0,0.0,0.0,0.0,0.0,0.0344,0.0,0.0,0.0,0.083,441
k2209,0.0,0.0,0.0,0.0,0.0,0.0267,0.0,0.0,0.0,0.111149569,1920
k1431,0.0,0.0,0.0,0.0,0.0,0.0247,0.0,0.0,0.0,0.223921615,2821
k644,0.0,0.0,0.0,0.0,0.0,0.0607,0.0,0.0,0.0,0.155880096,2296
k2403,0.16666667,0.0,0.0,0.0,0.0,0.0539,0.0,0.0,0.0,0.304879823,1299
k471,0.0,0.0,0.0,0.0,0.0,0.0494,0.0263,0.0,0.0,0.131792435,660
k2485,0.0,0.0,0.0179,0.0909,0.0,0.117590064,0.0263,0.0,0.0,0.259441435,2359
k1193,0.0,0.102564103,0.0,0.0,0.0,0.0391,0.0,0.0,0.0,0.333443924,2837
k2722,0.16666667,0.0,0.0,0.0,0.0,0.0961,0.0526,0.0,0.0,0.283326976,2069
k99,0.0,0.0,0.0,0.0,0.0,0.0247,0.0,0.0,0.0,0.168317757,2836
k2513,0.0,0.0,0.0,0.0,0.0,0.0585,0.0,0.0,0.0,0.423183851,1258
k92,0.0,0.0,0.0,0.0,0.0,0.0496,0.0526,0.0,0.0,0.12308287,15
k580,0.0,0.0513,0.0,0.0,0.0,0.0,0.0,0.0,0.0,0.141928102,14
k1843,0.0,0.0,0.0,0.0,0.0,0.0759,0.0,0.0,0.0,0.0915,29
k3194,0.0474,0.0,0.0,0.0,0.125,0.235613992,0.0526,0.0667,0.166666667,0.238679519,2346
k766,0.666666682,0.0,0.0,0.0,0.0,0.152139651,0.0526,0.0,0.0,0.335042127,1462
k3287,0.16666667,0.102564103,0.0,0.0,0.0,0.0673,0.0526,0.0,0.0,0.226652048,1052
k2111,0.0,0.0,0.0,0.0,0.0,0.0421,0.0,0.0,0.0,0.192622299,1219
k1380,0.16666667,0.0,0.0,0.0,0.0,0.0627,0.0263,0.0,0.0,0.216361546,486
k1128,0.0,0.0256,0.0,0.0,0.0,0.0428,0.0263,0.0,0.0,0.226207995,1389
k2214,0.333333341,0.0,0.0,0.0,0.0833,0.15049099,0.0,0.0,0.0,0.184605845,131
k2246,0.16666667,0.0,0.0,0.0,0.0,0.0673,0.0,0.0,0.0,0.191354682,2850
k835,0.313401916,0.0,0.0179,0.0455,0.0,0.161670072,0.0,0.0,0.0,0.450119687,1960
k3162,0.0,0.0,0.0,0.0,0.0,0.0348,0.0,0.0,0.0,0.360803016,1759
k788,0.242581421,0.0,0.0,0.0,0.0,0.104299545,0.0,0.0,0.0,0.137824436,3423
k1985,0.16666667,0.0,0.0,0.0,0.0417,0.106034974,0.0,0.0,0.0952,0.111338299,764
k134,0.146735246,0.102564103,0.0,0.0909,0.0,0.178185612,0.0526,0.0,0.0,0.32219256,1068
k1969,0.0,0.0,0.0,0.0,0.0,0.0247,0.0,0.0,0.0,0.104806365,1773
k2563,0.0,0.0256,0.0,0.0,0.0,0.0421,0.0,0.0,0.0,0.220274009,1028
k172,0.333333341,0.0,0.0,0.0,0.0,0.1078861,0.0,0.0,0.0,0.0171,1364
k523,0.0,0.0,0.0,0.0,0.0,0.0514,0.0,0.0,0.0,0.111149569,1459
k1333,0.0,0.0,0.0,0.0,0.0,0.0772,0.0263,0.0,0.0,0.118087125,648
k1527,0.0,0.0,0.0,0.0,0.0,0.0174,0.0,0.0,0.0,0.14149136,2787
k1554,0.0,0.0,0.0,0.0,0.0,0.038,0.0,0.0,0.0,0.0842,2550
k1646,0.0,0.0,0.0,0.0,0.0,0.0293,0.0,0.0,0.0,0.111555191,3203
k2704,0.16666667,0.0,0.0,0.0,0.0,0.038,0.0,0.0,0.0,0.104400742,2765
k282,0.0,0.0,0.0,0.0,0.0,0.0174,0.0,0.0,0.0,0.14149136,2304
k2972,0.0,0.0,0.0,0.0,0.0,0.0623,0.0,0.0,0.0,0.0318,1065
k2419,0.333333341,0.0,0.0357,0.0909,0.583333333,0.345626015,0.0263,0.0,0.238095238,0.206158251,2719
k2365,0.0,0.0,0.0,0.0,0.0,0.00937,0.0,0.0,0.0,0.392341814,2922
k1458,0.16666667,0.0513,0.0,0.0,0.0833,0.096,0.0,0.0,0.0,0.166232633,2234
k1524,0.0,0.0,0.0,0.0,0.0,0.0,0.0,0.0,0.0,0.110956671,2777
k78,0.0,0.0,0.0,0.0,0.0417,0.0468,0.0,0.0667,0.0,0.146260991,1291
k2641,0.0,0.0,0.0,0.0,0.0,0.100684059,0.0263,0.0,0.0,0.131438504,2665
k798,0.0,0.0,0.0,0.0,0.0,0.0376,0.0,0.0,0.0,0.0366,336
k299,0.0,0.0,0.0,0.0,0.0,0.0133,0.0,0.0,0.0,0.286621784,992
k2243,0.0,0.0,0.0,0.0,0.0,0.122651744,0.0,0.0,0.0,0.0561,3077
k3335,0.197624317,0.0,0.0,0.0,0.0,0.0958,0.0789,0.0,0.0,0.0445,1116
k1294,0.0,0.0,0.0,0.0,0.0,0.0612,0.0,0.0,0.0,0.197494383,1698
k3213,0.0,0.0,0.0,0.0,0.0,0.0541,0.0,0.0667,0.0,0.188832805,1679
k790,0.333333341,0.0,0.0,0.0,0.0,0.178026531,0.0526,0.0,0.0,0.349925516,1800
k715,0.0,0.0,0.0,0.0,0.0,0.0715,0.0,0.0,0.0,0.204706039,2993
k3181,0.0,0.0,0.0,0.0,0.0,0.0376,0.0,0.0,0.0,0.0878,3187
k131,0.333333341,0.0,0.0357,0.0,0.0,0.11611495,0.105263158,0.0,0.0,0.288204567,34
k739,0.16666667,0.0,0.0,0.0,0.0,0.12123448,0.0,0.0,0.0,0.149277542,1956
k2456,0.0,0.0,0.4375,0.0,0.0,0.513818424,0.605263158,0.0,0.0,0.644361202,2536
k2829,0.0,0.0,0.0,0.0,0.0,0.065,0.0263,0.0,0.0,0.250285182,2033
k1896,0.0,0.0,0.0,0.0,0.0,0.0,0.0,0.0,0.0,0.114722182,1609
k1666,0.16666667,0.0,0.0,0.0,0.0,0.105398644,0.0,0.0667,0.0476,0.283692601,2866
k1758,0.146735246,0.0,0.0,0.0,0.0,0.113425027,0.0,0.0,0.0,0.167535592,980
k3332,0.0,0.0,0.0,0.0,0.0,0.0464,0.0,0.0,0.0,0.154134391,192
k731,0.29347048,0.0,0.0,0.0,0.0,0.124633034,0.0,0.0,0.0,0.0731,2877
k3264,0.0,0.0,0.0,0.0,0.0,0.0563,0.0,0.0,0.0,0.124124384,258
k2193,0.0,0.0,0.0,0.0,0.0,0.125804448,0.0,0.0,0.0,0.146110562,1229
k2851,0.0,0.0,0.0,0.0,0.0,0.0748,0.0,0.0,0.0,0.112873581,621
k229,0.0,0.0,0.0,0.0,0.0,0.00469,0.0,0.0,0.0,0.26344782,2212
k2143,0.0474,0.0513,0.0,0.0,0.0,0.0915,0.0,0.0,0.0,0.145911358,1150
k85,0.146735246,0.0,0.0,0.0,0.0,0.143317862,0.0526,0.0,0.0,0.115216856,1752
k3289,0.0,0.0,0.0,0.0,0.0,0.00469,0.0,0.0,0.0,0.165795891,3119
k989,0.0,0.0,0.0,0.0,0.0,0.0587,0.0526,0.0,0.0,0.174849712,581
k3334,0.0759,0.0,0.0,0.0,0.0,0.133151119,0.0,0.0,0.0,0.0962,3386
k375,0.16666667,0.0,0.0,0.0,0.0,0.101320377,0.0263,0.0,0.0,0.245732442,3047
k73,0.0,0.0,0.0,0.0,0.0,0.0367,0.0526,0.0,0.0,0.204351179,372
k25,0.555983348,0.0513,0.0,0.136363636,0.25,0.229583361,0.0,0.0667,0.0476,0.220463269,1426
k3164,0.0759,0.0,0.0,0.0,0.0,0.108826129,0.0,0.0,0.0,0.104169385,2497
k1484,0.0,0.102564103,0.0,0.0,0.0,0.118183008,0.0,0.0,0.0,0.0784,3185
k1301,0.0,0.0,0.0357,0.0455,0.0,0.101681926,0.0,0.0,0.0,0.358744521,1511
k1621,0.16666667,0.0,0.0,0.0,0.0833,0.105326341,0.0,0.0,0.0,0.10678556,2924
k3086,0.0,0.0,0.0,0.0,0.0,0.0293,0.0,0.0,0.0,0.192136846,1151
k2145,0.0,0.0,0.00893,0.0,0.0,0.133541585,0.0,0.0,0.0,0.19952571,111
k1731,0.0,0.0,0.0,0.0,0.0,0.0376,0.0,0.0,0.0,0.126726092,1686
k687,0.16666667,0.0256,0.0,0.0,0.0,0.0627,0.0,0.0,0.0,0.124154025,1476
k1870,0.0,0.0,0.0,0.0,0.0,0.0344,0.0,0.0,0.0,0.0488,1343
k565,0.0,0.0,0.0,0.0,0.0,0.0,0.0,0.0,0.0,0.115395069,126
k1191,0.0,0.0,0.0,0.0,0.0,0.0247,0.0,0.0,0.0,0.160786767,1505
k2423,0.0,0.0,0.0,0.0,0.0,0.0,0.0,0.0,0.0,0.183003205,3275
k569,0.0,0.0,0.0,0.0,0.0,0.072,0.0,0.0,0.0,0.039,2584
k119,0.0,0.0,0.0,0.0,0.0,0.0467,0.0,0.0,0.0,0.0823,39
k707,0.210185603,0.0,0.0268,0.0909,0.0417,0.17095464,0.0263,0.133333333,0.0,0.399279392,1531
k3405,0.0,0.0,0.0,0.0,0.0,0.0293,0.0,0.0,0.0,0.185388031,359
k2491,0.0,0.0,0.0,0.0,0.0,0.0376,0.0,0.0,0.0,0.12195645,90
k2900,0.0,0.0,0.0,0.0,0.0,0.00469,0.0,0.0,0.0,0.29959661,769
k2932,0.0,0.0,0.0,0.0,0.0,0.0,0.0,0.0,0.0,0.170702583,2328
k2034,0.16666667,0.0,0.0,0.0,0.0,0.0757,0.0,0.0,0.0,0.240666088,1025
k1768,0.16666667,0.128205128,0.0,0.0,0.0,0.0874,0.0263,0.0,0.0,0.297647025,652
k2575,0.16666667,0.0,0.0,0.0,0.0,0.116259567,0.0,0.0,0.0238,0.202161562,2730
k3382,0.0,0.358974359,0.0,0.0,0.0,0.0133,0.0,0.0,0.0,0.513654877,1308
k1450,0.0,0.0,0.0,0.0,0.0,0.0444,0.0,0.0,0.0,0.167963826,967
k689,0.0,0.0,0.0,0.0,0.0,0.0186,0.0263,0.0,0.0,0.139490084,458
k2007,0.16666667,0.0,0.0,0.0,0.0,0.0539,0.0,0.0,0.0,0.0883,1276
k538,0.0,0.0,0.0,0.0,0.0,0.0376,0.0,0.0,0.0,0.280358412,465
k1446,0.0,0.0,0.0179,0.0,0.0,0.0339,0.0,0.0,0.0,0.359941021,105
k2928,0.0,0.0,0.0,0.0,0.0,0.123244688,0.0789,0.0,0.0,0.239002082,651
k374,0.0,0.0,0.0,0.0,0.0,0.00469,0.0,0.0,0.0,0.182866155,499
k2474,0.0,0.0,0.0,0.0,0.0,0.0669,0.0,0.0,0.0,0.155314791,1641
k1719,0.0,0.0,0.0,0.0,0.0,0.113265946,0.0263,0.0,0.0,0.193819328,2326
k3273,0.16666667,0.0,0.0,0.0909,0.0,0.0521,0.0,0.0,0.0,0.438645924,3016
k3308,0.0759,0.0,0.0,0.0,0.0,0.0663,0.0,0.0,0.0,0.13059452,899
k1261,0.0,0.0,0.0,0.0,0.0,0.0133,0.0,0.0,0.0,0.0818,3258
k2721,0.333333341,0.0,0.0357,0.0,0.0,0.0761,0.0,0.0,0.0,0.389043313,2410
k1908,0.16666667,0.0256,0.0,0.0,0.0,0.0567,0.0,0.0,0.0,0.250583384,605
k2070,0.0,0.0,0.0,0.0,0.0,0.0,0.0,0.0,0.0,0.316803892,108
k2548,0.333333341,0.0,0.0357,0.0,0.166666667,0.22514353,0.0,0.266666667,0.19047619,0.393379193,2463
k3244,0.0,0.0,0.0,0.0,0.0,0.0174,0.0,0.0,0.0,0.18140565,924
k1135,0.0,0.0,0.0,0.0909,0.0,0.172545454,0.105263158,0.0,0.0,0.0664,1029
k591,0.0,0.0,0.0,0.0,0.0,0.0186,0.0,0.0,0.0,0.139490084,3385
k2086,0.0948,0.0513,0.0,0.0,0.0,0.0494,0.0,0.0,0.0,0.219246327,3186
k1257,0.0,0.0,0.0,0.0,0.0,0.0,0.0,0.0,0.0,0.15363233,3085
k235,0.0,0.0,0.0357,0.0,0.0,0.27428523,0.0,0.0,0.0,0.249352578,2153
k1323,0.16666667,0.0256,0.0,0.0,0.0,0.0539,0.0,0.0,0.0,0.107489386,243
k3107,0.0,0.0,0.0,0.0,0.0,0.117344212,0.0,0.0,0.0,0.0,702
k2682,0.0,0.0,0.0,0.0,0.0,0.0975,0.0,0.0,0.0,0.0684,916
k2996,0.0,0.0,0.0,0.0,0.0,0.0267,0.0,0.0,0.0,0.279467315,569
k1799,0.0,0.0,0.0,0.0,0.0,0.0585,0.0263,0.0,0.0,0.194743618,1039
k1907,0.0,0.0,0.0,0.0,0.0417,0.0595,0.0,0.133333333,0.0,0.143796345,2849
k2183,0.16666667,0.0,0.0179,0.0,0.0,0.118154078,0.0,0.0,0.0,0.227959845,2348
k100,0.0,0.0,0.0,0.0,0.0,0.0467,0.0,0.0,0.0,0.216144665,3159
k3252,0.0,0.0,0.0,0.136363636,0.0833,0.217334095,0.0,0.266666667,0.0476,0.200803489,823
k207,0.29347048,0.0256,0.0,0.0,0.0,0.0719,0.0526,0.0,0.0,0.15661355,195
k1806,0.0,0.0,0.0,0.0,0.0,0.0174,0.0,0.0,0.0,0.180401508,471
k1087,0.0,0.0,0.0,0.0,0.0,0.00469,0.0,0.0,0.0,0.199936408,1088
k215,0.0,0.0,0.0,0.0,0.0,0.0479,0.0263,0.0,0.0,0.126023747,3340
k1707,0.16666667,0.0,0.0,0.0,0.0,0.038,0.0,0.0,0.0,0.138541261,181
k2693,0.0,0.0,0.0,0.0,0.0,0.072,0.105263158,0.0,0.0,0.051,3292
k1980,0.0,0.0,0.0,0.0,0.0,0.0,0.0,0.0,0.0,0.113050153,3033
k2979,0.0,0.0,0.0,0.0,0.0,0.0181,0.0,0.0,0.0,0.189752019,78
k466,0.0,0.0,0.0,0.0,0.0,0.0539,0.0,0.0,0.0,0.0958,1283
k1069,0.0,0.307692308,0.0,0.0,0.0,0.0,0.0,0.0,0.0,0.28124967,3048
k3319,0.0,0.0256,0.0,0.0,0.0,0.0181,0.0,0.0,0.0,0.17577939,212
k3184,0.187111415,0.0,0.0,0.0,0.0,0.092,0.0,0.0,0.0,0.215985004,891
k28,0.0,0.0,0.0,0.0,0.0,0.0494,0.0,0.0,0.0,0.0678,1073
k3054,0.0,0.0,0.0,0.0,0.0,0.00469,0.0,0.0,0.0,0.204706039,2471
k2859,0.16666667,0.0,0.0,0.0,0.0,0.0539,0.0,0.0,0.0,0.275508938,1829
k2976,0.0,0.0,0.0,0.0,0.0,0.0973,0.0,0.0,0.0,0.121408702,2978
k0,0.0,0.0,0.0,0.0,0.0,0.0757,0.0,0.0,0.0,0.0385,2811
k1490,0.0,0.0,0.0,0.0,0.0,0.0,0.0,0.0,0.0,0.248522869,884
k3111,0.0,0.0,0.0,0.0,0.0,0.0468,0.0,0.0,0.0,0.221776303,2841
k1702,0.0,0.0769,0.0,0.0,0.0417,0.0641,0.0,0.133333333,0.0,0.173729263,546
k608,0.16666667,0.0769,0.0,0.0,0.0,0.0514,0.0526,0.0,0.0,0.196315095,378
k1477,0.16666667,0.0,0.00893,0.0,0.0,0.0832,0.0,0.0,0.0,0.296943201,2292
k2679,0.16666667,0.0,0.0,0.0,0.0,0.0539,0.0,0.0,0.0,0.104806365,1913
k2497,0.0,0.0,0.0,0.272727273,0.0,0.191042295,0.0,0.0,0.0,0.14862609,2906
k958,0.0,0.0,0.0,0.0,0.0,0.0514,0.0,0.0,0.0,0.137759085,2828
k3011,0.16666667,0.0,0.0,0.0,0.0,0.038,0.0,0.0,0.0,0.058,2238
k3195,0.0,0.0,0.0,0.0,0.0,0.103663215,0.0789,0.0,0.0,0.183003205,2136
k2098,0.0,0.0,0.0,0.0,0.0,0.0181,0.0,0.0,0.0,0.21834074,1237
k2864,0.626803821,0.0,0.410714286,0.727272727,0.333333333,0.514179972,0.0263,0.4,0.0952,0.845545379,19
k3019,0.0,0.0,0.0,0.0,0.0,0.0549,0.0526,0.0,0.0,0.102213892,3341
k2822,0.0,0.0,0.0,0.0,0.0,0.0741,0.0,0.0,0.0,0.170702583,3211
k1024,0.0,0.0,0.0,0.0,0.0,0.0673,0.0,0.0,0.0,0.174284407,2840
k16,0.0,0.0,0.0,0.0,0.0,0.0,0.0,0.0,0.0,0.248522869,1271
k54,0.0,0.0256,0.0,0.0,0.0,0.0638,0.0263,0.0,0.0,0.253344753,662
k443,0.0,0.0,0.0,0.0,0.0,0.0797,0.0,0.0,0.0,0.109655828,3255
k1224,0.0,0.0769,0.0,0.0,0.0,0.0247,0.0,0.0,0.0,0.18442881,2150
k2561,0.0,0.0,0.0,0.0,0.0,0.176522489,0.0,0.0,0.0,0.08,1448
k2436,0.0,0.0,0.0,0.0,0.0,0.0267,0.0,0.0,0.0,0.164368601,923
k2038,0.0,0.0,0.0,0.0,0.0,0.0174,0.0,0.0,0.0,0.08,160
k3212,0.0,0.0,0.00893,0.0,0.0,0.13837188,0.0526,0.0,0.0,0.237554934,3014
k3340,0.0,0.0,0.0,0.0,0.0,0.0585,0.0,0.0,0.0,0.0865,416
k1511,0.0,0.0,0.0,0.0,0.0,0.0293,0.0,0.0,0.0,0.0897,777
k757,0.16666667,0.0,0.0,0.0,0.0,0.0757,0.0,0.0,0.0,0.116404654,2279
k472,0.0,0.0,0.0,0.0,0.0,0.0643,0.0,0.0,0.0,0.0537,2966
k684,0.0474,0.0,0.0,0.0,0.0,0.0786,0.0,0.0,0.0,0.0899,324
k2720,0.0,0.0256,0.0,0.0,0.0,0.0,0.368421053,0.0,0.0,0.184372432,2140
k2600,0.0,0.0,0.0,0.0,0.0,0.0494,0.0,0.0,0.0,0.187772847,2727
k76,0.16666667,0.0,0.0,0.0,0.208333333,0.211014225,0.184210526,0.0,0.0476,0.158420416,1893
k501,0.0,0.0,0.0,0.0,0.0,0.0133,0.0,0.0,0.0,0.165932941,449
k3097,0.0,0.0,0.0,0.0,0.0,0.0699,0.0,0.0,0.0,0.198828452,1455
k3051,0.0,0.0,0.330357143,0.0,0.0,0.340839082,0.421052632,0.0,0.0,0.553439601,353
k242,0.146735246,0.0256,0.0,0.0,0.0,0.0879,0.0526,0.0,0.0,0.136157935,2948
k615,0.0,0.0256,0.0,0.0,0.0,0.0601,0.0263,0.0,0.0,0.200163763,1745
k194,0.0,0.0,0.0,0.0,0.0,0.0344,0.0,0.0,0.0,0.104806365,2254
k1173,0.194152288,0.0,0.0,0.0,0.0,0.14404096,0.0,0.0,0.0,0.192752892,2151
k336,0.0,0.0513,0.0,0.0,0.0,0.0586,0.0263,0.0,0.0,0.163847839,1711
k2188,0.16666667,0.0,0.0,0.0,0.0,0.150086055,0.0789,0.133333333,0.142857143,0.120688832,2599
k3251,0.0,0.0769,0.0,0.0,0.0,0.0247,0.0,0.0,0.0,0.127242665,1044
k889,0.0,0.0,0.0,0.0,0.0,0.0901,0.0,0.0,0.0,0.238458481,265
k3362,0.0,0.0,0.0,0.0,0.0,0.0344,0.0,0.0,0.0,0.104806365,2852
k878,0.0,0.0,0.0,0.0,0.0,0.0729,0.0526,0.0,0.0,0.180241836,1060
k2292,0.151829477,0.0,0.0,0.0,0.0,0.132529254,0.0,0.0,0.0,0.169268945,332
k2780,0.0,0.0,0.0,0.0,0.0,0.0654,0.0,0.0,0.0,0.174582058,1234
k828,0.0,0.0,0.0,0.0,0.0,0.0549,0.0,0.0,0.0,0.118087125,3426
k1475,0.0,0.0,0.0,0.0,0.0,0.0133,0.0789,0.0,0.0,0.129851877,3331
k3430,0.0759,0.0,0.0,0.0,0.0,0.124777652,0.0263,0.0,0.0,0.158882156,439
k2664,0.0,0.0,0.0,0.0,0.0,0.136115821,0.0,0.0,0.0,0.181743719,1622
k1930,0.0,0.0,0.0,0.0,0.0,0.0247,0.0,0.0,0.0,0.13417724,3082
k922,0.0,0.0256,0.0,0.0,0.0,0.0586,0.0263,0.0,0.0,0.112338846,1970
k3136,0.0,0.0256,0.0,0.0,0.0,0.0541,0.0,0.0,0.0,0.146479362,227
k75,0.0,0.0,0.0,0.0,0.0,0.0,0.0,0.0,0.0,0.110956671,328
k2428,0.0,0.179487179,0.0,0.0,0.0,0.0,0.0,0.0,0.0,0.266436058,360
k1725,0.0759,0.0,0.0,0.0,0.0,0.0663,0.0,0.0,0.0,0.213665549,1966
k1654,0.0,0.0,0.0,0.0,0.0,0.144243427,0.0,0.0,0.0,0.176476335,2393
k2149,0.16666667,0.0,0.0,0.0,0.0,0.0916,0.0526,0.133333333,0.0,0.112040644,1727
k3302,0.16666667,0.0,0.0,0.0,0.0,0.0427,0.0,0.0,0.0,0.24511428,389
k1286,0.0474,0.0,0.0,0.0,0.0,0.0627,0.0,0.0,0.0,0.196655442,2880
k1473,0.333333341,0.0,0.0,0.0,0.0,0.0761,0.0,0.0,0.0,0.213571119,2843
k2445,0.146735246,0.0,0.0,0.0,0.0,0.0972,0.0,0.0,0.0,0.0804,344
k355,0.0,0.0,0.0,0.0,0.0,0.0494,0.0,0.0,0.0,0.102421547,3214
k1308,0.0,0.0,0.0179,0.0455,0.0,0.0945,0.0263,0.133333333,0.0,0.288572827,32
k2824,0.0,0.0,0.0,0.0,0.0,0.0506,0.0263,0.0,0.0,0.133474907,816
k1408,0.0,0.0,0.0,0.0,0.0,0.0585,0.0,0.0,0.0,0.223110372,3355
k524,0.0,0.0,0.0,0.0,0.0,0.0426,0.0263,0.0,0.0,0.159193359,2846
k2506,0.16666667,0.0,0.0,0.0,0.0,0.0539,0.0,0.0,0.0,0.104806365,1918
k2411,0.0,0.0,0.0,0.0,0.0,0.0668,0.0,0.0,0.0,0.158481782,2314
k3255,0.0,0.0,0.0,0.0,0.0,0.0958,0.0526,0.0,0.0,0.0341,1046
k2553,0.0474,0.0,0.0,0.0455,0.0,0.129087315,0.0,0.0,0.0,0.111789608,2783
k1599,0.16666667,0.102564103,0.0,0.0,0.0,0.0858,0.0263,0.0,0.0,0.332655454,182
k391,0.0,0.102564103,0.0,0.0,0.0,0.0293,0.0,0.0,0.0,0.173498042,3030
k1225,0.0759,0.0,0.0,0.0,0.0,0.0663,0.0,0.0,0.0,0.131075621,2500
k733,0.0,0.0,0.0,0.0455,0.0,0.0414,0.0,0.0,0.0,0.330404006,2203
k2384,0.0,0.0,0.0,0.0455,0.0,0.120713848,0.0,0.0,0.0,0.167535592,3164
k1856,0.333333341,0.0,0.0,0.0,0.0,0.0761,0.0,0.0,0.0,0.262020531,3336
k1638,0.0,0.0,0.0,0.0455,0.166666667,0.161988235,0.210526316,0.0,0.0,0.161361294,3112
k1526,0.0,0.0,0.0,0.0,0.0,0.0737,0.0,0.0,0.0,0.132910552,382
k1644,0.0,0.0,0.0,0.0,0.0,0.0,0.0,0.0,0.0,0.147338118,61
k2547,0.0,0.0,0.0,0.0,0.0,0.0766,0.0526,0.0,0.0,0.204475779,1982
k469,0.16666667,0.0,0.0,0.0,0.0,0.038,0.0,0.0,0.0,0.155611503,2155
k1347,0.0,0.0,0.0,0.0,0.0417,0.0595,0.0,0.133333333,0.0,0.126726092,854
k983,0.0,0.153846154,0.0,0.0,0.0,0.0,0.0,0.0,0.0,0.201499073,1320
k2366,0.0,0.0,0.0,0.0,0.0,0.032,0.0263,0.0,0.0,0.181598527,2250
k891,0.0,0.0,0.0,0.0,0.0,0.0344,0.0,0.0,0.0,0.0877,223
k218,0.0,0.0,0.0,0.0,0.0,0.110952036,0.0,0.0,0.0,0.0856,2917
k2599,0.0,0.0,0.0,0.0,0.0,0.0433,0.0,0.0,0.0,0.180264458,1898
k651,0.0,0.0,0.0,0.0,0.0,0.137619865,0.0,0.0,0.0,0.00477,1601
k2614,0.0,0.0,0.0,0.0,0.0,0.0586,0.0263,0.0,0.0,0.141411529,511
k1755,0.0,0.0,0.0179,0.0,0.0,0.0426,0.0,0.0,0.0,0.476779415,2095
k1679,0.0,0.0,0.0,0.0,0.0,0.0181,0.0,0.0,0.0,0.188969855,959
k1820,0.16666667,0.0,0.00893,0.0,0.0,0.0874,0.0263,0.0,0.0,0.329104524,168
k578,0.0,0.0,0.0,0.0,0.0,0.0842,0.0,0.0,0.0,0.112120475,1529
k571,0.0,0.0,0.0,0.0,0.0,0.0667,0.131578947,0.0,0.0,0.277100964,155
k530,0.0,0.0,0.0,0.0,0.0,0.0344,0.0,0.0,0.0,0.083,1768
k1934,0.0,0.0,0.0179,0.0,0.0,0.0879,0.0,0.0,0.0,0.391696722,2990
k2471,0.146735246,0.0,0.0,0.0,0.0,0.0797,0.0,0.0,0.0,0.0653,1635
k1426,0.0,0.0,0.0,0.0,0.0,0.106410987,0.0263,0.0,0.0,0.122451135,1583
k1481,0.0,0.0513,0.0,0.0,0.0,0.06,0.0263,0.0,0.0,0.207309237,2825
k234,0.16666667,0.0,0.0268,0.0,0.0,0.038,0.0,0.0,0.0,0.421204636,2400
k1688,0.146735246,0.0256,0.0,0.0,0.0,0.0849,0.0263,0.0,0.0,0.136643388,3028
k628,0.333333341,0.102564103,0.0,0.0,0.0833,0.163318734,0.0263,0.133333333,0.0476,0.218938645,836
k3114,0.0,0.256410256,0.0,0.0,0.0,0.0,0.0,0.0,0.0,0.28124967,2036
k395,0.0,0.0513,0.0,0.0,0.0,0.0541,0.0,0.0,0.0,0.166232633,1337
k517,0.0,0.0,0.0,0.0,0.0,0.0841,0.0,0.0,0.0,0.321653376,2754
k649,0.0,0.0,0.0,0.0,0.0,0.0561,0.0,0.0,0.0,0.221662317,383
k583,0.16912662,0.0,0.0,0.0,0.0,0.0294,0.0,0.0,0.0,0.213788929,1492
k714,0.313401916,0.0256,0.0,0.0455,0.0833,0.143925263,0.0,0.133333333,0.142857143,0.229149121,3132
k2499,0.16666667,0.0,0.0,0.0,0.0,0.0801,0.0,0.0,0.0,0.208910398,2282
k1456,0.0,0.0,0.0,0.0,0.0,0.0928,0.0,0.0,0.0,0.0,2260
k2841,0.16666667,0.102564103,0.0,0.0,0.0833,0.109375678,0.0263,0.133333333,0.0,0.267764609,2039
k351,0.0,0.0,0.0,0.0,0.0,0.0247,0.0,0.0,0.0,0.175472215,3170
k1885,0.16666667,0.0,0.0,0.0,0.0,0.0874,0.0263,0.0,0.0,0.307264661,76
k47,0.0,0.0,0.0,0.0,0.0417,0.0954,0.0789,0.2,0.0476,0.241617157,1653
k3337,0.0,0.0513,0.0,0.0,0.0,0.0854,0.0,0.0,0.0,0.253500829,2187
k1537,0.16666667,0.0,0.0,0.0,0.0,0.038,0.0,0.0,0.0,0.177451409,1848
k42,0.16666667,0.256410256,0.0,0.0,0.0,0.10989631,0.0,0.0,0.0,0.364588536,2252
k1711,0.0,0.0,0.0,0.0,0.0,0.0293,0.0,0.0,0.0,0.111555191,3212
k487,0.0,0.0,0.0,0.0,0.0,0.0247,0.0,0.0,0.0,0.117106987,2484
k2978,0.0,0.0,0.0,0.0,0.0,0.0133,0.0,0.0,0.0,0.184200223,1594
k2107,0.0,0.0,0.0,0.0,0.0,0.0133,0.0,0.0,0.0,0.111149569,1256
k1119,0.146735246,0.0,0.0,0.0455,0.625,0.291914355,0.0789,0.0,0.214285714,0.214254535,1074
k2176,0.0,0.0,0.0,0.0,0.0,0.06,0.0526,0.0667,0.0,0.278764982,3388
k335,0.16666667,0.0,0.0,0.0,0.0,0.118284242,0.0,0.0,0.0,0.263297391,1995
k507,0.146735246,0.0,0.0,0.0,0.0,0.101797623,0.0,0.0,0.0,0.265398852,725
k2803,0.0,0.0,0.294642857,0.0,0.375,0.348084531,0.447368421,0.0,0.261904762,0.548938562,1149
k2688,0.0,0.0,0.0,0.0,0.0,0.0293,0.0,0.0,0.0,0.128625444,876
k1242,0.0,0.0,0.0,0.0,0.0,0.0373,0.0263,0.0,0.0,0.165499179,1619
k3422,0.16666667,0.0,0.0,0.0,0.0,0.038,0.0,0.0,0.0,0.0703,618
k2231,0.0,0.0,0.0,0.0,0.0,0.120887384,0.0,0.0,0.0,0.199300526,520
k1407,0.0,0.0,0.0357,0.0,0.0417,0.0755,0.0526,0.0,0.0,0.47047732,59
k1590,0.0,0.0,0.0179,0.0,0.0,0.0494,0.0,0.0,0.0,0.643900185,714
k2273,0.0,0.128205128,0.0,0.0,0.0,0.0585,0.0263,0.0,0.0,0.223032031,718
k2657,0.0,0.0,0.0,0.0,0.0,0.0878,0.0526,0.0,0.0,0.0568,921
k3066,0.146735246,0.0,0.0,0.0,0.0,0.0848,0.0263,0.0,0.0,0.102479297,914
k2509,0.0,0.0,0.0357,0.0,0.166666667,0.239909189,0.157894737,0.0,0.19047619,0.252905344,1154
k2610,0.187111415,0.0,0.0,0.0,0.0,0.092,0.0,0.0,0.0,0.215985004,522
k1821,0.0,0.0,0.0,0.0,0.0,0.101161294,0.0263,0.0,0.0,0.263093878,1690
k814,0.0,0.0,0.0,0.0,0.0,0.0585,0.0,0.0,0.0,0.10361857,977
k1712,0.16666667,0.0,0.0,0.0,0.0,0.038,0.0,0.0,0.0,0.155611503,790
k425,0.0,0.0,0.0,0.0,0.0,0.0836,0.0,0.0,0.0238,0.243399306,2447
k3122,0.0,0.0,0.107142857,0.0909,0.0,0.249381763,0.210526316,0.0,0.0,0.439235201,2912
k2047,0.0,0.0,0.0,0.0,0.0,0.0181,0.0,0.0,0.0,0.164368601,947
k1414,0.0,0.0,0.0,0.0,0.0,0.0806,0.0526,0.0,0.0,0.172690999,1403
k1530,0.0,0.0,0.0,0.0,0.0,0.10059728,0.0,0.0,0.0,0.142608559,1262
k1153,0.333333341,0.0,0.0,0.0,0.0,0.1078861,0.0,0.0,0.0,0.0731,1996
k2891,0.0,0.0,0.0,0.0,0.0,0.0925,0.0789,0.2,0.0,0.188427183,695
k1346,0.0,0.0513,0.0,0.0,0.0,0.0133,0.0,0.0,0.0,0.169812988,2396
k528,0.16666667,0.0513,0.0,0.0,0.0,0.0673,0.0526,0.0,0.0,0.155127551,356
k2342,0.0,0.0513,0.0,0.0,0.0,0.0,0.0,0.0,0.0,0.211665925,2265
k107,0.0,0.0,0.0,0.0,0.0,0.056,0.0526,0.0,0.0,0.133780861,1621
k3075,0.0,0.0,0.0,0.0,0.0,0.143636028,0.0263,0.0667,0.0,0.242503157,3076
k2635,0.0,0.0,0.0,0.0,0.0,0.0344,0.0,0.0,0.0,0.0642,1413
k3406,0.0,0.0513,0.0,0.0,0.0,0.0376,0.0,0.0,0.0,0.132092127,1311
k2990,0.0,0.0,0.0,0.0,0.0,0.0293,0.0,0.0,0.0,0.0726,778
k777,0.0,0.0769,0.0,0.0,0.0,0.0293,0.0,0.0,0.0,0.153744761,1100
k2805,0.0,0.0,0.0,0.0,0.0,0.332798256,0.0,0.0,0.0,0.199338827,3176
k541,0.0,0.0,0.0,0.0,0.0,0.0,0.0,0.0,0.0,0.219151984,3231
k329,0.0,0.0,0.0,0.0455,0.0417,0.107524551,0.0263,0.0,0.0476,0.195581641,187
k449,0.16666667,0.0,0.0,0.0,0.0833,0.096,0.0,0.133333333,0.0,0.200404324,208
k2770,0.0,0.0,0.0,0.0,0.0,0.0559,0.0,0.0,0.0,0.109518778,1514
k3030,0.242581421,0.0,0.0,0.0,0.0,0.104299545,0.0,0.0,0.0,0.171964953,1878
k1158,0.0,0.0,0.0,0.0,0.0,0.0741,0.0,0.0,0.0,0.109518778,2091
k3318,0.0,0.0,0.0,0.0,0.0,0.0348,0.0,0.133333333,0.0,0.148645807,3356
k2335,0.0,0.0,0.0536,0.0909,0.0,0.313968819,0.105263158,0.133333333,0.0476,0.438950939,2677
k645,0.242581421,0.0,0.0,0.0,0.0833,0.173601176,0.0,0.0,0.0,0.205332537,1790
k1147,0.0,0.0,0.0,0.0,0.0,0.0247,0.0,0.0,0.0,0.168317757,2444
k3323,0.16666667,0.0,0.0,0.0,0.0,0.0673,0.0,0.0,0.0,0.152444523,2768
k3091,0.0,0.0256,0.0,0.0,0.0,0.171648814,0.0,0.0,0.0,0.0872,3059
k1448,0.0,0.102564103,0.0,0.0,0.0,0.0527,0.0,0.0,0.0,0.175931568,1644
k2649,0.0,0.0,0.0,0.0,0.0,0.0,0.0,0.0,0.0,0.102421547,322
k1943,0.0,0.0,0.0,0.0,0.0,0.0,0.0,0.0,0.0,0.200073458,904
k867,0.0,0.0,0.0,0.0,0.0,0.065,0.0263,0.0,0.0,0.250285182,933
k44,0.0,0.0,0.0,0.0,0.0,0.0,0.0,0.0,0.0,0.131792435,3318
k2775,0.0,0.0,0.0,0.0,0.0,0.0,0.0,0.0,0.0,0.217143721,1959
k2882,0.29347048,0.0,0.0,0.0,0.0,0.0833,0.0526,0.0,0.0,0.0341,3235
k2314,0.24156933,0.0,0.0,0.0,0.0833,0.294199313,0.131578947,0.133333333,0.142857143,0.167302093,1021
k331,0.0,0.128205128,0.0,0.0,0.0,0.093,0.0263,0.0,0.0,0.246623301,452
k2084,0.0,0.0,0.0,0.0,0.0,0.0247,0.0,0.0,0.0,0.206851352,2702
k3272,0.0,0.0,0.0,0.0,0.0,0.0423,0.0,0.0,0.0,0.18517114,539
k1376,0.16666667,0.0256,0.0,0.0,0.0,0.0539,0.0,0.0,0.0,0.141629889,2320
k1541,0.16666667,0.0,0.0,0.0,0.0,0.0916,0.0526,0.133333333,0.0,0.039,1488
k2728,0.0,0.0,0.0,0.0,0.0,0.0963,0.0,0.0,0.0,0.146477872,1579
k169,0.0,0.0,0.0,0.0,0.0,0.0344,0.0,0.0,0.0,0.104806365,2116
k2219,0.16666667,0.0,0.0,0.0,0.166666667,0.141712587,0.0526,0.0,0.0,0.0639,503
k1312,0.146735246,0.0,0.0,0.0,0.0,0.100221276,0.0263,0.0,0.0,0.0804,3350
k3344,0.16666667,0.0,0.0,0.0,0.0,0.0562,0.0526,0.0,0.0,0.184200223,2666
k1965,0.0,0.0,0.0,0.0,0.0,0.0851,0.0,0.0,0.0,0.0827,1646
k455,0.0,0.0,0.0,0.0,0.0,0.0966,0.0789,0.0,0.0,0.180587215,1425
k2712,0.0,0.0,0.0,0.0,0.0,0.0955,0.0,0.0667,0.0,0.0672,3057
k317,0.16666667,0.0,0.0,0.0,0.0,0.038,0.0,0.0,0.0,0.138541261,1830
k2092,0.0,0.0,0.0,0.0,0.0,0.0344,0.0,0.0,0.0,0.0318,1566
k1780,0.0,0.0,0.0,0.0,0.0,0.0688,0.0,0.0,0.0,0.0731,1615
k288,0.0,0.0,0.0,0.0,0.0,0.0247,0.0,0.0,0.0,0.119491803,1688
k203,0.0,0.0,0.0,0.0,0.0,0.0373,0.0,0.0,0.0,0.11450529,2539
k1027,0.146735246,0.0513,0.0,0.0,0.0,0.143317862,0.0526,0.0,0.0,0.164755618,1137
k543,0.0,0.0,0.0,0.0,0.0,0.0307,0.0,0.0,0.0,0.240260466,368
k3266,0.16666667,0.0,0.0,0.0,0.0,0.038,0.0,0.0,0.0,0.16116332,1524
k2132,0.0,0.0,0.0,0.0,0.0,0.0186,0.0,0.0,0.0,0.112120475,2255
k732,0.242581421,0.0,0.0,0.0,0.0,0.104299545,0.0,0.0,0.0,0.171964953,1770
k2558,0.0,0.0,0.0,0.0,0.0,0.224912153,0.0,0.0,0.0,0.224751324,2929
k2323,0.0,0.0256,0.0,0.0,0.0,0.0293,0.0,0.0,0.0,0.114238209,2933
k3109,0.0,0.0,0.00893,0.0,0.0,0.0623,0.0,0.0,0.0,0.304879823,1895
k1073,0.0,0.102564103,0.0,0.0,0.0,0.0,0.0,0.0,0.0,0.176068619,222
k2848,0.0,0.0513,0.0,0.0,0.0,0.0293,0.0,0.0,0.0,0.13399149,1441
k2383,0.0,0.0,0.0,0.0,0.0,0.0673,0.0,0.0,0.0,0.198103507,2180
k2313,0.0,0.102564103,0.0,0.0,0.0,0.0293,0.0,0.0,0.0,0.173498042,179
k1296,0.0,0.0,0.0,0.0,0.0,0.0953,0.0526,0.0,0.0,0.141124039,404
k2707,0.0,0.0,0.0,0.0,0.458333333,0.290005364,0.289473684,0.0,0.261904762,0.144526376,1643
k259,0.0,0.0,0.0,0.0,0.0,0.0772,0.0263,0.0,0.0,0.156997273,3354
k2044,0.0,0.0,0.0,0.0,0.0,0.0539,0.0,0.0,0.0,0.0798,351
k1705,0.0,0.0,0.0,0.0,0.0,0.0494,0.0,0.0,0.0,0.0977,693
k512,0.0,0.0,0.0,0.0,0.0,0.0,0.0,0.0,0.0,0.104768098,2603
k1796,0.0,0.0,0.0,0.0,0.0,0.038,0.0263,0.0,0.0,0.113534385,866
k3358,0.0,0.0,0.0,0.0,0.0,0.0186,0.0,0.0,0.0,0.112120475,2621
k1274,0.16666667,0.0,0.0,0.0,0.0,0.0673,0.0526,0.0,0.0,0.0965,1600
k1417,0.0,0.102564103,0.0,0.0,0.0,0.0,0.0,0.0,0.0,0.201499073,2068
k74,0.0,0.0,0.0,0.0,0.0,0.092,0.0526,0.0,0.0,0.135925084,2159
k1493,0.0759,0.0,0.0,0.0,0.0,0.147945687,0.0,0.0,0.0,0.169848708,327
k328,0.0,0.0,0.0,0.0,0.0,0.0293,0.0,0.0,0.0,0.117084905,334
k1072,0.16666667,0.0,0.0,0.0,0.0,0.038,0.0,0.0,0.0,0.0873,2769
k1812,0.0,0.0,0.0,0.0,0.0,0.170969102,0.131578947,0.0,0.0,0.0604,130
k1562,0.0,0.0,0.0,0.0,0.0,0.0663,0.0,0.0,0.0,0.0751,2182
k1046,0.5,0.0,0.0,0.0,0.0,0.114104741,0.0,0.0,0.0,0.366421264,43
k2998,0.0,0.0256,0.0,0.0,0.0,0.145516081,0.0,0.0667,0.0,0.0919,3337
k2665,0.333333341,0.0,0.0,0.0,0.0,0.0761,0.0,0.0,0.0,0.21834074,2130
k296,0.16666667,0.0,0.0,0.0,0.0,0.038,0.0,0.0,0.0,0.160381145,1910
k367,0.16666667,0.0,0.0,0.0,0.0,0.038,0.0,0.0,0.0,0.138541261,1352
k1888,0.227744228,0.0,0.0,0.0,0.0,0.198793897,0.0,0.0,0.0,0.200684385,3253
k1002,0.0,0.0,0.0,0.0,0.0,0.0247,0.0,0.0,0.0,0.0977,186
k2141,0.0,0.0,0.0,0.0,0.0,0.0348,0.0,0.133333333,0.0,0.16571606,3182
k1742,0.0,0.0256,0.0,0.0,0.0,0.0421,0.0,0.0,0.0,0.176561554,3395
k2150,0.0,0.0769,0.0,0.0,0.0,0.0843,0.0,0.0,0.0,0.257633294,74
k1248,0.122035183,0.0769,0.0,0.0,0.0,0.0247,0.0,0.0,0.0,0.139432432,1876
k79,0.214083724,0.0,0.0,0.0,0.0,0.108001798,0.0,0.0,0.0952,0.216675805,1742
k463,0.146735246,0.0,0.0,0.0,0.0,0.0421,0.0,0.0,0.0,0.124341265,159
k1715,0.16666667,0.0,0.0,0.0,0.0,0.0427,0.0,0.0,0.0,0.228525117,2748
k2158,0.0,0.0,0.0,0.0,0.0,0.110952036,0.0,0.0,0.0,0.102688724,2399
k2624,0.0474,0.0,0.0,0.0,0.0,0.116259567,0.0,0.0,0.0,0.08,10
k48,0.333333341,0.0,0.0,0.0,0.0,0.1078861,0.0,0.0,0.19047619,0.0683,2161
k1419,0.0,0.0,0.0,0.0,0.0,0.0812,0.0,0.0,0.0,0.18517114,925
k2330,0.0,0.0,0.0,0.0,0.0,0.0757,0.0,0.0,0.0,0.0877,1390
k2329,0.0,0.0,0.0,0.0,0.0,0.0585,0.0,0.0,0.0,0.262020531,1889
k1987,0.333333341,0.0,0.0714,0.0,0.0,0.1612796,0.105263158,0.0,0.0,0.468446435,1534
k2527,0.0,0.0,0.0,0.0,0.0,0.0494,0.0,0.0,0.0,0.497798845,2712
k2327,0.16666667,0.0513,0.0,0.0,0.0,0.0916,0.0526,0.133333333,0.0,0.141925716,2208
k1220,0.5,0.0,0.0,0.0,0.0,0.191085666,0.0526,0.0,0.0,0.0341,550
k1964,0.0,0.0,0.0,0.0,0.0,0.0759,0.0526,0.133333333,0.0,0.125618126,1894
k1311,0.16666667,0.0,0.0,0.0,0.0,0.0673,0.0263,0.0,0.0,0.118304006,1796
k1519,0.146735246,0.0,0.0,0.0,0.0,0.0845,0.0,0.0,0.0,0.117049768,2482
k1510,0.0,0.0,0.0,0.0,0.0,0.175886163,0.0,0.0,0.0,0.137216413,634
k1343,0.0,0.0,0.0,0.0,0.0,0.106946072,0.0526,0.0,0.0,0.206534804,2192
k748,0.16666667,0.0,0.0,0.0,0.0,0.0673,0.0526,0.0,0.0,0.0794,623
k2137,0.0,0.0,0.0,0.0,0.0,0.129174084,0.0263,0.0,0.0,0.138244549,2541
k2133,0.0759,0.0,0.0,0.0909,0.0,0.149464191,0.0526,0.0,0.0,0.141811914,707
k2302,0.0,0.0,0.0,0.0,0.0,0.0687,0.0,0.0,0.0,0.362702379,507
k1319,0.16666667,0.0,0.0,0.0,0.0,0.0786,0.0,0.0,0.0476,0.194927284,3307
k96,0.0,0.0,0.0,0.0,0.0,0.019,0.0,0.0,0.0,0.121876619,3018
k1029,0.0,0.0256,0.0,0.0,0.0,0.0914,0.0,0.0,0.0,0.139206902,100
k902,0.0,0.0256,0.0,0.0,0.0,0.0373,0.0,0.0,0.0,0.1128994,1941
k257,0.16666667,0.0,0.0,0.0,0.0,0.0539,0.0,0.0,0.0,0.0318,3147
k915,0.0,0.0513,0.0,0.0,0.0,0.0293,0.0,0.0,0.0,0.13399149,1930
k589,0.0,0.512820513,0.0,0.0,0.0,0.0,0.0,0.0,0.0,0.299357928,2664
k1676,0.0,0.0,0.0,0.0,0.0,0.0669,0.0263,0.0667,0.0,0.0799,207
k932,0.0,0.0,0.0,0.0,0.25,0.222193308,0.184210526,0.2,0.19047619,0.13039699,147
k1642,0.333333341,0.0,0.0,0.0,0.0,0.1078861,0.0,0.0,0.19047619,0.0731,1038
k529,0.0,0.0,0.0,0.0,0.0,0.0,0.0,0.0,0.0,0.15363233,1233
k2357,0.0474,0.0,0.0,0.0,0.0,0.0917,0.0,0.0,0.0,0.187384751,783
k2646,0.29347048,0.0,0.0,0.0,0.0,0.142912931,0.0,0.0,0.0,0.336361413,3036
k101,0.0,0.0,0.0,0.0,0.0,0.0293,0.0,0.0,0.0,0.133395076,1717
k1999,0.0,0.0,0.0,0.0,0.0,0.0494,0.0,0.0,0.0,0.163171583,2831
k2899,0.0474,0.0,0.0,0.0,0.0,0.0786,0.0,0.0,0.0,0.214131328,2089
k2196,0.146735246,0.0513,0.0,0.0,0.0,0.0715,0.0,0.0,0.0,0.176344673,2240
k1055,0.0,0.0,0.0,0.0,0.0,0.0668,0.0,0.0,0.0,0.16116332,2018
k825,0.0,0.358974359,0.0,0.0,0.0,0.0181,0.0,0.0,0.0,0.246296063,2492
k2579,0.0,0.0,0.0,0.0,0.0,0.0923,0.0263,0.0,0.0,0.160592508,501
k3364,0.0,0.0,0.0,0.0,0.0,0.0673,0.0263,0.0,0.0,0.142123095,1301
k1629,0.0,0.0,0.0,0.0,0.0,0.06,0.0263,0.0,0.0,0.271313833,1655
k2067,0.0,0.0,0.0,0.0,0.0,0.0247,0.0,0.0,0.0,0.0915,597
k1591,0.16666667,0.0,0.0,0.0,0.0,0.038,0.0,0.0,0.0,0.058,668
k632,0.0,0.0,0.0,0.0,0.0,0.0376,0.0,0.0,0.0,0.180321677,3417
k225,0.0,0.0,0.0,0.0,0.0,0.0645,0.0,0.0667,0.0238,0.157699618,1083
k2640,0.0,0.0,0.0,0.0,0.0,0.0786,0.0263,0.0,0.0,0.246138064,872
k340,0.0,0.0,0.0,0.0,0.0,0.051,0.0,0.0,0.0,0.0385,1213
k639,0.0,0.0,0.0,0.0,0.0,0.0623,0.0,0.0,0.0,0.0,538
k1290,0.0,0.0,0.0,0.0,0.0,0.0247,0.0,0.0,0.0,0.148862699,1729
k2684,0.0,0.0,0.0357,0.0,0.0,0.106786989,0.210526316,0.0,0.0,0.458925615,2722
k3062,0.29347048,0.0,0.0,0.0,0.0833,0.167368078,0.105263158,0.266666667,0.0,0.0,2160
k2765,0.16666667,0.0,0.0,0.0,0.0833,0.153889546,0.0526,0.133333333,0.0476,0.102204665,2323
k153,0.0,0.0,0.3125,0.0,0.0,0.318828032,0.421052632,0.0,0.0,0.556875185,3087
k1605,0.0,0.0,0.0,0.0,0.0,0.0376,0.0,0.0,0.0,0.163251414,355
k2055,0.0,0.0,0.0,0.0,0.0,0.0247,0.0,0.0,0.0,0.268354491,1421
k2604,0.16666667,0.0,0.0,0.0,0.0,0.134293614,0.0,0.0,0.119047619,0.182061897,2023
k3268,0.333333341,0.0,0.0,0.0,0.0,0.1078861,0.0,0.0,0.0,0.0512,850
k2755,0.0,0.0,0.0,0.0,0.0,0.144286811,0.0526,0.0,0.0,0.10981549,1474
k2746,0.0,0.0,0.0,0.0,0.0,0.0791,0.0,0.0,0.0,0.0827,789
k1183,0.16666667,0.0,0.0,0.0455,0.0,0.130490125,0.105263158,0.0,0.0,0.227337331,713
k1377,0.0,0.0,0.0,0.0,0.0,0.0627,0.0,0.0,0.0,0.0731,1922
k3343,0.0,0.0,0.0,0.0,0.0,0.131184293,0.0,0.0,0.0,0.0318,691
k2256,0.0,0.0,0.0,0.0,0.0,0.0479,0.0,0.0,0.0,0.112040644,2635
k638,0.0,0.0,0.0,0.0,0.0,0.0585,0.0263,0.0,0.0,0.0476,2746
k246,0.0,0.0,0.0,0.0,0.0,0.0426,0.0,0.0,0.0,0.205634497,2973
k3159,0.0,0.0,0.0,0.0,0.0,0.0376,0.0,0.0,0.0,0.156096977,1972
k2221,0.0,0.0,0.0,0.0,0.0,0.056,0.0,0.0,0.0,0.0786,883
k655,0.29347048,0.0,0.0,0.0,0.0,0.0587,0.0,0.0,0.0,0.270522426,502
k2879,0.0,0.0,0.0,0.0,0.0,0.0174,0.0,0.0,0.0,0.175631876,282
k941,0.0,0.0513,0.0,0.0,0.0,0.0,0.0,0.0,0.0,0.156315337,2017
k866,0.16666667,0.0,0.0,0.0,0.0833,0.103316131,0.0,0.0,0.0476,0.083,3213
k3253,0.0759,0.0,0.0,0.0,0.0,0.091,0.0,0.0,0.0,0.204126275,312
k2130,0.0,0.0,0.0,0.0,0.0,0.0595,0.0,0.0,0.0,0.107350842,1240
k1828,0.58694096,0.41025641,0.0,0.0,0.0,0.108117496,0.0,0.0,0.0,0.449688765,1366
k2703,0.0,0.0,0.0,0.0,0.0,0.0472,0.0,0.0,0.0,0.18517114,526
k2769,0.0,0.102564103,0.0,0.0,0.0417,0.0595,0.0,0.133333333,0.0,0.149162391,752
k1266,0.16666667,0.0,0.0,0.0455,0.166666667,0.217825801,0.0263,0.533333333,0.0,0.246080845,1001
k3100,0.0,0.0,0.0,0.0,0.0,0.0,0.0,0.0,0.0,0.370776052,2703
k3010,0.0,0.0,0.0,0.0,0.0,0.0534,0.0,0.0,0.0,0.351697515,1720
k697,0.0,0.0,0.0,0.0,0.0,0.0293,0.0,0.0,0.0,0.25012552,1027
k108,0.0,0.0,0.0,0.0,0.0,0.0772,0.0526,0.0,0.0,0.118087125,2216
k3017,0.16666667,0.0,0.0,0.0,0.0,0.0837,0.0526,0.0,0.0,0.160390367,127
k3263,0.0,0.102564103,0.0,0.0,0.0,0.0,0.0,0.0,0.0,0.181434665,3365
k980,0.0,0.0,0.0,0.0,0.0,0.0933,0.0789,0.266666667,0.0,0.203598084,2632
k633,0.16666667,0.0,0.0,0.0,0.0,0.0916,0.0526,0.133333333,0.0,0.154716282,3199
k156,0.0,0.0,0.0,0.0,0.0,0.0174,0.0,0.0,0.0,0.228850919,1452
k720,0.0,0.0,0.0,0.0,0.0,0.11245608,0.0263,0.0,0.0,0.254083908,1245
k832,0.0,0.0513,0.0,0.0,0.0,0.0186,0.0,0.0,0.0,0.131873756,1181
k1118,0.0,0.0,0.0,0.0,0.0,0.0293,0.0,0.0,0.0,0.111555191,1833
k2148,0.242581421,0.0,0.0,0.0,0.0,0.120207683,0.0,0.0,0.0952,0.116390173,530
k2897,0.29347048,0.179487179,0.0,0.181818182,0.0,0.259823286,0.0526,0.0,0.0,0.361313164,864
k664,0.0,0.0,0.0,0.0,0.0,0.0344,0.0,0.0,0.0,0.0686,2968
k1011,0.0,0.0,0.0,0.0,0.0,0.0,0.0,0.0,0.0,0.268354491,3387
k2521,0.0,0.0,0.0,0.0,0.0,0.0953,0.0526,0.0,0.0,0.141124039,1471
k2918,0.0,0.0,0.0,0.0,0.0,0.0293,0.0,0.0,0.0,0.0945,395
k1022,0.0,0.0,0.0,0.0,0.0,0.06,0.0263,0.0,0.0,0.300604888,1900
k387,0.0,0.0,0.0,0.0,0.0,0.07,0.0,0.0,0.0,0.219630979,2303
k2644,0.0,0.0,0.0,0.0,0.0,0.00469,0.0,0.0,0.0,0.165795891,2073
k3304,0.187111415,0.0,0.0,0.0,0.0,0.092,0.0,0.0,0.0,0.157996329,2350
k2677,0.0,0.0,0.0,0.0,0.0,0.0585,0.0,0.0,0.0,0.0865,2971
k3429,0.16666667,0.0,0.0179,0.0,0.0,0.038,0.0,0.0,0.0,0.292173569,35
k2161,0.0,0.0,0.0,0.0,0.0,0.0623,0.0,0.0,0.0,0.0488,349
k513,0.16666667,0.0,0.0,0.0,0.0,0.123432689,0.0789,0.333333333,0.0,0.14287713,1099
k1204,0.0,0.0,0.0,0.0,0.0,0.0627,0.0526,0.0,0.0,0.0873,2079
k862,0.16666667,0.128205128,0.0,0.0,0.0,0.174179654,0.0263,0.0,0.0714,0.308355739,238
k1521,0.16666667,0.0,0.0,0.0,0.0,0.125804448,0.0526,0.0,0.0,0.136571299,1391
k1918,0.0,0.0,0.0,0.0,0.0,0.0247,0.0,0.0,0.0,0.0977,1081
k1575,0.16666667,0.0,0.0,0.0,0.0,0.0832,0.0526,0.0,0.0,0.0409,2700
k37,0.146735246,0.0,0.0536,0.0909,0.0,0.128262984,0.0263,0.0,0.0,0.324286916,124
k2895,0.0,0.0,0.0,0.0,0.0,0.0693,0.0526,0.0,0.0,0.126103578,493
k1195,0.0,0.0,0.0,0.0,0.0,0.06,0.0526,0.0667,0.0,0.259013201,1232
k2850,0.333333341,0.0,0.0,0.0,0.291666667,0.238260528,0.131578947,0.0,0.0952,0.167544825,2562
k1973,0.16666667,0.0,0.0,0.0,0.166666667,0.163506739,0.0263,0.2,0.0,0.0219,1908
k3254,0.0,0.0,0.0,0.0,0.0,0.0766,0.0526,0.0,0.0,0.238616296,2507
k1287,0.151829477,0.0,0.0,0.0,0.0,0.191982307,0.0,0.0,0.0,0.208338765,1247
k2408,0.0,0.0,0.0,0.0,0.0,0.0376,0.0,0.0,0.0,0.233917263,1365
k2446,0.0,0.153846154,0.0,0.0,0.0,0.04,0.0,0.0,0.0,0.394120411,615
k2206,0.333333341,0.0,0.0,0.0,0.0,0.0761,0.0,0.0,0.0,0.208801488,2630
k2464,0.0,0.0,0.0,0.0,0.0,0.0,0.0,0.0,0.0,0.141331698,3172
k688,0.0,0.0513,0.0,0.0455,0.0,0.156738549,0.0526,0.0,0.0,0.135099629,2280
k2187,0.0,0.0,0.0,0.0,0.0,0.0293,0.0,0.0,0.0,0.162765961,2370
k542,0.0,0.0,0.0,0.0,0.0,0.0907,0.0,0.0,0.0,0.156364145,814
k1614,0.0,0.0,0.0,0.0,0.0,0.0,0.0,0.0,0.0,0.712181175,525
k1932,0.0,0.0,0.0,0.0,0.0,0.0601,0.0,0.0,0.0,0.0998,172
k3275,0.0,0.0,0.0,0.0,0.0,0.0669,0.0263,0.0667,0.0,0.135859733,631
k3246,0.0,0.0,0.0,0.0,0.0,0.124633034,0.0,0.0,0.0,0.0683,1652
k3040,0.0,0.0256,0.0,0.0,0.0,0.0376,0.0,0.0,0.0,0.145998272,387
k1243,0.0,0.0,0.0,0.0,0.0,0.0423,0.0,0.0,0.0,0.219311656,1892
k302,0.16666667,0.0,0.0,0.0,0.0,0.0916,0.157894737,0.133333333,0.0952,0.120854768,2458
k3200,0.155221122,0.0,0.0,0.0,0.0,0.0961,0.0,0.0,0.0,0.148645807,962
k966,0.0,0.0,0.0,0.0,0.0,0.038,0.0,0.0,0.0,0.232649646,1988
k1013,0.16666667,0.0,0.00893,0.0,0.0,0.16700653,0.0,0.0,0.0,0.359187904,279
k1558,0.0,0.0,0.0,0.0,0.0833,0.137142618,0.0789,0.0,0.0714,0.270110012,1082
k864,0.0,0.0,0.0,0.0,0.0,0.0293,0.0,0.0,0.0,0.128625444,782
k248,0.16666667,0.0,0.0446,0.0,0.0,0.038,0.0,0.0,0.0,0.616508494,3121
k1389,0.0,0.0256,0.0,0.0,0.0,0.112542848,0.0,0.0,0.0,0.165934442,70
k819,0.16666667,0.0,0.0357,0.0,0.208333333,0.168409338,0.184210526,0.0,0.0,0.252519558,1304
k1130,0.0,0.0,0.0,0.0,0.0,0.0376,0.0,0.0,0.0,0.104886194,2397
k2598,0.0,0.0,0.0,0.0,0.0,0.0293,0.0,0.0,0.0,0.0945,1346
k3391,0.0,0.0256,0.0,0.0,0.0,0.0376,0.0,0.0,0.0,0.145998272,1633
k1600,0.0,0.0,0.0,0.0,0.0,0.056,0.0526,0.0,0.0,0.184991631,263
k3376,0.333333341,0.0,0.0,0.0,0.0,0.0761,0.0,0.0,0.0,0.150059707,3284
k511,0.0,0.0,0.0,0.0,0.0,0.0854,0.0,0.0,0.0,0.23106452,1369
k419,0.16666667,0.0,0.0,0.0,0.0,0.0916,0.0,0.0,0.0,0.0779,902
k1607,0.16666667,0.0,0.0,0.0,0.0,0.038,0.0,0.0,0.0,0.058,1551
k2454,0.0,0.0,0.0,0.0,0.0,0.0,0.0,0.0,0.0,0.209612732,1797
k116,0.0,0.0,0.0,0.0,0.0,0.0955,0.0,0.0667,0.0,0.0842,577
k2033,0.0,0.0,0.0,0.0,0.0,0.0,0.0,0.0,0.0,0.127772185,995
k2814,0.16666667,0.0,0.00893,0.0,0.0,0.0647,0.0263,0.0,0.0,0.25565748,994
k1483,0.0,0.0,0.0,0.0,0.0,0.0585,0.0263,0.0,0.0,0.10361857,3419
k1390,0.16666667,0.0,0.0,0.0,0.0,0.0539,0.0,0.0,0.0,0.0956,640
k1180,0.0,0.0,0.125,0.136363636,0.166666667,0.233531472,0.0263,0.2,0.0476,0.441954111,234
k773,0.0759,0.0,0.0,0.0,0.0,0.091,0.0,0.0,0.0,0.114005357,2501
k692,0.0,0.0,0.0,0.0,0.0,0.0,0.0,0.0,0.0,0.114722171,252
k212,0.333333341,0.0,0.0,0.0,0.0,0.0761,0.0,0.0,0.0,0.252481257,1739
k2332,0.264625105,0.0,0.0,0.0,0.0,0.0186,0.0,0.0,0.0,0.0971,2645
k1515,0.0,0.0,0.0,0.0,0.0,0.0293,0.0,0.0,0.0,0.226277352,3410
k2784,0.0,0.0,0.0,0.0,0.0,0.0623,0.0,0.0,0.0,0.0877,446
k2068,0.0,0.0,0.0,0.0,0.0,0.055,0.0,0.0,0.0,0.175335165,1484
k59,0.0,0.0,0.0,0.0,0.0,0.0186,0.0263,0.0,0.0,0.178400232,2651
k1714,0.16666667,0.0,0.0,0.0,0.0,0.0761,0.0,0.0,0.0,0.171899613,1326
k954,0.0,0.0,0.0,0.0,0.0,0.167078839,0.0,0.266666667,0.0,0.0875,1868
k3133,0.0,0.0,0.0,0.0,0.0417,0.0595,0.0,0.133333333,0.0,0.143796345,1387
k3104,0.12680381,0.0,0.0,0.0,0.0,0.150548837,0.0263,0.0,0.0,0.249459469,443
k1661,0.0,0.0,0.0,0.0,0.0,0.0,0.0,0.0,0.0,0.209612732,606
k2382,0.0,0.0,0.0,0.0,0.0,0.105167258,0.0263,0.0,0.0,0.139521388,2420
k955,0.0,0.0,0.0,0.0,0.0,0.149464191,0.0263,0.0,0.0,0.171182788,1468
k3389,0.0,0.0,0.0,0.0,0.0,0.0685,0.0,0.0,0.0,0.316124169,3201
k2325,0.0,0.153846154,0.0,0.0,0.0,0.0796,0.0,0.0,0.0,0.206516134,2600
k972,0.0,0.0,0.0,0.0,0.0,0.0737,0.0263,0.0,0.0,0.0827,2441
k2620,0.0,0.0,0.0,0.0,0.0,0.0247,0.0,0.0,0.0,0.104806365,729
k321,0.0,0.0,0.0,0.0,0.0,0.0595,0.0,0.0,0.0,0.129190738,2253
k2091,0.0,0.0,0.0,0.0,0.0,0.0713,0.0,0.0,0.0,0.177154676,1513
k3407,0.0,0.0,0.0,0.0,0.0,0.0181,0.0,0.0,0.0,0.143310892,2633
k2731,0.0,0.0,0.0,0.0,0.0,0.0494,0.0,0.0,0.0,0.0683,1423
k574,0.0,0.0513,0.0,0.0,0.0,0.0,0.0,0.0,0.0,0.141928102,1803
k104,0.123331781,0.0,0.0,0.0,0.0,0.151676869,0.0,0.0,0.0,0.157513933,519
k1148,0.0,0.0769,0.0,0.0,0.0,0.0,0.0,0.0,0.0,0.171713582,2717
k2192,0.333333341,0.0,0.0,0.0,0.0,0.0761,0.0,0.0,0.0,0.252481257,2478
k3423,0.0,0.0256,0.0,0.0,0.0,0.0586,0.0263,0.0,0.0,0.156809774,2428
k2718,0.0,0.0256,0.0,0.0,0.0,0.0376,0.0,0.0,0.0,0.12940911,3421
k180,0.16666667,0.0,0.0,0.0,0.0,0.139152827,0.0263,0.0,0.0,0.182230273,2223
k985,0.16666667,0.0,0.0,0.0455,0.166666667,0.217825801,0.0263,0.533333333,0.0,0.0877,2930
k316,0.16666667,0.0,0.0,0.0,0.0,0.0867,0.0,0.0,0.0,0.405194351,3371
k2533,0.0,0.0,0.0,0.0,0.0,0.187455718,0.0789,0.0,0.0,0.102204665,2055
k2698,0.0,0.0,0.0,0.0,0.0,0.038,0.0,0.0,0.0,0.223110372,2293
k224,0.0,0.0,0.0,0.0,0.0,0.0539,0.0,0.0,0.0,0.309649455,2181
k2986,0.0759,0.0,0.0,0.0,0.0,0.0663,0.0,0.0,0.0,0.250567424,953
k751,0.0,0.0,0.0,0.0,0.0,0.04,0.0526,0.0,0.0,0.274706927,878
k2180,0.16666667,0.0,0.0,0.0,0.0,0.038,0.0,0.0,0.0,0.121470997,1532
k2385,0.0,0.0256,0.0,0.0,0.0,0.0713,0.0,0.0,0.0,0.0515,487
k514,0.16666667,0.0,0.0,0.0,0.0,0.038,0.0,0.0,0.0,0.216361546,1757
k917,0.16666667,0.0,0.0,0.0,0.0833,0.101190224,0.0,0.133333333,0.0,0.0718,896
k465,0.146735246,0.128205128,0.0,0.0,0.0,0.0713,0.0,0.0,0.0,0.269790559,1839
k2477,0.0,0.0256,0.0,0.0,0.0,0.0293,0.0,0.0,0.0,0.144023689,1180
k1700,0.0,0.0,0.0,0.0,0.0,0.105875891,0.0,0.0,0.0,0.155457845,2343
k2305,0.0,0.0,0.0893,0.0,0.0,0.122695127,0.184210526,0.0,0.0,0.559744492,95
k2257,0.146735246,0.0,0.0,0.0,0.0,0.0717,0.0,0.0,0.0,0.175414996,1645
k1846,0.0,0.0256,0.0,0.0,0.0,0.0,0.0,0.0,0.0,0.155834236,2118
k2658,0.242581421,0.0,0.0536,0.0909,0.0,0.16477939,0.0,0.0,0.0,0.344349996,1740
k881,0.16666667,0.0,0.0,0.0,0.0,0.105398644,0.0,0.0667,0.0476,0.261092613,536
k1491,0.0,0.0,0.0,0.0,0.0,0.0293,0.0,0.0,0.0,0.128625444,513
k2623,0.0,0.0,0.0,0.0,0.0,0.206632256,0.0,0.0,0.0,0.242188898,1657
k3300,0.0759,0.0,0.0,0.0,0.0,0.112918862,0.0,0.0,0.0,0.104169385,758
k1958,0.16666667,0.0,0.0,0.0,0.0,0.038,0.0,0.0,0.0,0.172681777,1119
k3338,0.0,0.0,0.0357,0.0,0.0,0.056,0.0526,0.0,0.0,0.484725291,3061
k1421,0.16666667,0.0,0.0,0.0,0.0833,0.0879,0.0,0.0,0.0,0.146477872,36
k2725,0.0,0.0,0.0,0.0,0.0,0.0595,0.0,0.0,0.0,0.18517114,594
k1631,0.146735246,0.0,0.0,0.0,0.0,0.102809954,0.0263,0.0,0.0,0.112120475,2590
k227,0.0,0.0513,0.0,0.0,0.0,0.129926099,0.0,0.0,0.0,0.111266071,3425
k300,0.0,0.0,0.0,0.0,0.0,0.300895207,0.0263,0.0667,0.142857143,0.217399843,0
k2874,0.16666667,0.0,0.0,0.0,0.0,0.0775,0.0,0.0,0.0,0.298814424,3375
k1770,0.333333341,0.0,0.0,0.0,0.0,0.0761,0.0,0.0,0.0,0.257250888,1530
k3156,0.0,0.0,0.0,0.0,0.0,0.125804448,0.0,0.0,0.0,0.169929641,2267
k2019,0.0,0.0513,0.0,0.0,0.0,0.0,0.0,0.0,0.0,0.156315337,3215
k2931,0.0,0.0,0.0,0.0,0.0,0.0753,0.0,0.0,0.0,0.175631876,2460
k294,0.128407078,0.0,0.0,0.0,0.0,0.0,0.0526,0.0,0.0,0.0999,1765
k1485,0.0,0.0,0.0,0.0,0.0,0.0637,0.0,0.0,0.0,0.0409,2969
k373,0.16666667,0.0,0.0,0.0,0.0417,0.172458682,0.105263158,0.0667,0.0,0.129120129,2491
k339,0.333333341,0.128205128,0.0,0.0,0.0,0.100756361,0.0263,0.0,0.0,0.29962624,871
k962,0.0,0.0,0.0,0.0,0.0,0.0886,0.0,0.0,0.0,0.14745801,492
k498,0.0,0.0,0.0,0.0,0.0,0.0772,0.0263,0.0,0.0,0.156997273,357
k1753,0.0,0.0,0.0,0.0,0.0,0.00937,0.0,0.0,0.0,0.319291182,824
k3036,0.0,0.0513,0.0,0.0,0.0,0.0344,0.0,0.0,0.0,0.124559647,683
k1105,0.0948,0.0,0.0268,0.0455,0.125,0.45735898,0.0263,0.0667,0.785714286,0.30951748,2957
k3415,0.0,0.0,0.0,0.0,0.0,0.0293,0.0,0.0,0.0,0.192136846,84
k1320,0.0,0.0,0.0,0.0,0.0,0.0673,0.0263,0.0,0.0,0.176263601,63
k295,0.0,0.0,0.0,0.0,0.0,0.0348,0.0,0.133333333,0.0,0.11450529,1836
k2023,0.0,0.0256,0.0,0.0,0.0,0.0376,0.0,0.0,0.0,0.112338846,639
k2336,0.0,0.0,0.0,0.0,0.0417,0.0897,0.0,0.0,0.0476,0.133258026,1269
k2774,0.0,0.0,0.0,0.0,0.0,0.0186,0.0,0.0,0.0,0.112120475,1309
k1894,0.0,0.0,0.0,0.0,0.0,0.0479,0.0,0.0,0.0,0.126023747,2312
k1392,0.0,0.0,0.0,0.0,0.0,0.0181,0.0,0.0,0.0,0.148080513,1212
k1001,0.0,0.0,0.0,0.0,0.0,0.0426,0.0,0.0,0.0,0.176263601,3300
k3123,0.0,0.0,0.0,0.0,0.0,0.0174,0.0,0.0,0.0,0.0732,587
k3366,0.0759,0.0256,0.0,0.0,0.0,0.151676869,0.0,0.0,0.0,0.228261113,2448
k702,0.0,0.0,0.0179,0.0,0.0,0.0585,0.0263,0.0,0.0,0.295156905,1761
k677,0.0,0.0256,0.0,0.0,0.0,0.0,0.0,0.0,0.0,0.219826739,1191
k1626,0.0759,0.0,0.0,0.0,0.0,0.0955,0.0,0.0,0.0,0.089,1037
k306,0.313401916,0.0,0.151785714,0.272727273,0.458333333,0.441147155,0.105263158,0.466666667,0.142857143,0.596708737,2431
k1976,0.0,0.0,0.0,0.0,0.0,0.0447,0.0263,0.0,0.0,0.323019299,54
k149,0.0,0.0513,0.0,0.0,0.0,0.0,0.0,0.0,0.0,0.141928102,371
k2611,0.16666667,0.0,0.0,0.0,0.0,0.0539,0.0,0.0,0.0,0.121876619,3265
k3009,0.0,0.0,0.0,0.0,0.0,0.134033297,0.0526,0.0,0.0,0.264018179,2771
k19,0.0,0.0,0.0179,0.0,0.0,0.0914,0.0526,0.0,0.0,0.325550376,1360
k1171,0.0,0.0,0.0,0.0,0.0,0.0,0.0,0.0,0.0,0.15363233,1896
k2577,0.0,0.0,0.0,0.0,0.0,0.0348,0.0,0.0,0.0,0.258381466,9
k1116,0.0,0.0,0.0,0.0,0.0,0.0373,0.0263,0.0,0.0,0.0877,1933
k1322,0.0,0.128205128,0.0,0.0,0.0,0.0585,0.0263,0.0,0.0,0.235747258,2442
k1184,0.0,0.0,0.0,0.0,0.0,0.0181,0.0,0.0,0.0,0.169920419,2864
k1706,0.16666667,0.0,0.0,0.0,0.0,0.0539,0.0,0.0,0.0,0.0515,215
k3158,0.16666667,0.0513,0.0,0.0,0.0,0.0673,0.0526,0.0,0.0,0.172197804,2047
k2667,0.0,0.0,0.0,0.0455,0.0,0.100944374,0.0,0.0,0.0,0.141194648,1557
k3345,0.0,0.0,0.0,0.0,0.0,0.0423,0.0,0.0,0.0,0.345741026,2884
k1532,0.146735246,0.0,0.0,0.0,0.0,0.081,0.0,0.0,0.0,0.0804,2224
k1953,0.0,0.0,0.0,0.0,0.0,0.0585,0.0263,0.0,0.0,0.212818024,1042
k1237,0.0759,0.0,0.0,0.0,0.0,0.141524586,0.0,0.0,0.0,0.128473914,1578
k3226,0.0759,0.0,0.0,0.0,0.0,0.161785768,0.0,0.0,0.0,0.15179307,1098
k2075,0.0474,0.0,0.0,0.0,0.0,0.300895207,0.0263,0.0667,0.142857143,0.217399843,716
k394,0.0,0.0,0.0,0.0,0.0,0.0693,0.0263,0.0,0.0,0.126103578,3141
k1933,0.0,0.0,0.0,0.0,0.0,0.0955,0.0,0.0,0.0,0.162049147,1781
k428,0.16666667,0.0,0.0,0.0,0.0,0.0757,0.0,0.0,0.0,0.133474907,2819
k3368,0.0,0.0,0.0,0.0,0.0,0.0,0.0,0.0,0.0,0.165932941,425
k2204,0.16666667,0.0769,0.0,0.0,0.0,0.0673,0.0526,0.0,0.0,0.174880832,1241
k526,0.0,0.0,0.0,0.0,0.0,0.0801,0.157894737,0.0,0.0,0.363649302,3286
k304,0.197624317,0.0,0.0,0.0909,0.0,0.201801952,0.105263158,0.0,0.0,0.0664,3222
k1155,0.0,0.0,0.0,0.0,0.0,0.0854,0.0,0.0,0.0,0.23106452,1806
k2857,0.0,0.0,0.0,0.0,0.0,0.0907,0.0,0.0,0.0,0.139293892,3012
k701,0.666666682,0.0,0.125,0.0,0.0,0.295862451,0.0,0.0,0.0,0.387497438,751
k2362,0.0,0.0,0.0,0.0,0.0,0.0657,0.0526,0.0667,0.0,0.248197089,2477
k3380,0.0,0.0,0.0,0.0,0.0,0.0753,0.0,0.0,0.0,0.078,922
k2370,0.0,0.0,0.0,0.0,0.0,0.0,0.0,0.0,0.0,0.0977,1782
k2484,0.0,0.0,0.0,0.0,0.0,0.0,0.0,0.0,0.0,0.214382352,1726
k2726,0.16666667,0.0,0.0,0.0,0.0,0.038,0.0,0.0,0.0,0.206822294,3432
k2296,0.0759,0.0,0.0,0.0,0.0,0.0663,0.0,0.0,0.0,0.152915516,1252
k1963,0.16666667,0.0,0.0,0.0,0.0,0.0916,0.0526,0.133333333,0.0,0.0731,138
k2869,0.0,0.0,0.0,0.0,0.0,0.0186,0.0263,0.0,0.0,0.145019808,1077
k2135,0.0,0.0,0.0,0.0,0.0417,0.0468,0.0,0.0667,0.0,0.234295306,2072
k2429,0.16666667,0.0,0.0,0.0,0.0,0.112470534,0.0789,0.0,0.0,0.250502063,1625
k2356,0.0,0.0,0.0,0.0,0.0,0.096,0.0,0.0,0.0,0.133474907,2606
k1960,0.0,0.0,0.0,0.0,0.0,0.0421,0.0,0.0,0.0,0.0926,1348
k1023,0.333333341,0.0,0.0714,0.0,0.0,0.165531411,0.131578947,0.0,0.0,0.58924691,2199
k2096,0.0,0.0513,0.0,0.0,0.0,0.0,0.0,0.0,0.0,0.155834236,2974
k1603,0.0759,0.0,0.0,0.0,0.0,0.170781097,0.0,0.0,0.0,0.120537302,1675
k2089,0.16666667,0.0,0.0,0.0,0.0,0.0627,0.0,0.0,0.0,0.111555191,944
k135,0.0759,0.0,0.0,0.0,0.0,0.144894217,0.0,0.0,0.0,0.101453699,2708
k2269,0.0,0.0256,0.0,0.0,0.0,0.0,0.0,0.0,0.0,0.253967256,3096
k1202,0.0,0.0,0.0,0.0,0.0,0.0585,0.0263,0.0,0.0,0.167129971,37
k424,0.0,0.0,0.0,0.0,0.0,0.0,0.0,0.0,0.0,0.248522869,2740
k2504,0.0,0.0,0.0,0.0,0.0,0.0479,0.0,0.0,0.0,0.126023747,1607
k1664,0.313401916,0.0,0.0,0.0,0.0833,0.125399515,0.0,0.2,0.0,0.213492217,2923
k1822,0.0,0.0,0.0,0.0,0.0,0.0539,0.0263,0.0,0.0,0.184605845,971
k199,0.333333341,0.0,0.0357,0.0,0.0,0.0761,0.0526,0.0,0.0,0.404916558,1844
k2594,0.16666667,0.0,0.25,0.181818182,0.0,0.313665104,0.263157895,0.0,0.0,0.673538228,2402
k2398,0.0,0.0,0.0,0.0,0.0,0.0,0.0,0.0,0.0,0.144093057,3250
k409,0.16666667,0.0,0.0,0.0,0.0,0.0539,0.0,0.0,0.0,0.0488,955
k2048,0.0474,0.0,0.0,0.0,0.0,0.0627,0.0,0.0,0.0,0.23556559,1270
k2402,0.0,0.0,0.0,0.0,0.0,0.0293,0.0,0.0,0.0,0.0726,978
k1354,0.16666667,0.0,0.0,0.0,0.0,0.0673,0.0526,0.0,0.0,0.113534385,260
k2266,0.0,0.0,0.0,0.0,0.0,0.0514,0.0,0.0,0.0,0.258447918,2045
k1945,0.0,0.0,0.0,0.0,0.0417,0.126165997,0.0,0.0,0.0,0.113317504,2230
k1137,0.0,0.0,0.0,0.0,0.0,0.0174,0.0,0.0,0.0,0.312193954,26
k3374,0.0,0.0,0.0,0.0,0.0,0.0,0.0,0.0,0.0,0.0977,1642
k937,0.0,0.0256,0.0,0.0,0.0417,0.0595,0.0,0.133333333,0.0,0.163549626,1198
k2291,0.0759,0.0,0.0,0.0,0.0,0.0663,0.0,0.0,0.0,0.250567424,679
k3354,0.0,0.153846154,0.0,0.0,0.0,0.0688,0.0,0.0,0.0,0.15206378,2414
k1251,0.16666667,0.0,0.0,0.0,0.0,0.0627,0.0,0.0,0.0,0.236222248,2470
k813,0.0759,0.0,0.0,0.0,0.0,0.1038946,0.0,0.0,0.0,0.0871,3017
k1912,0.16666667,0.0,0.0,0.0,0.0,0.0916,0.0,0.0,0.0,0.0779,727
k217,0.16666667,0.0,0.0,0.0,0.0,0.0673,0.0,0.0,0.0,0.118304006,374
k2201,0.0,0.0,0.0,0.0,0.0,0.0607,0.0,0.0,0.0,0.155880096,3177
k780,0.0,0.0,0.455357143,0.0,0.0,0.484561896,0.578947368,0.0,0.0,0.652297813,1263
k2451,0.0,0.0,0.0,0.0,0.0,0.0221,0.0,0.0,0.0,0.180264458,1045
k3117,0.0,0.230769231,0.0,0.0,0.0,0.0,0.0,0.0,0.0,0.274238611,599
k170,0.0,0.0,0.0,0.0,0.0,0.0247,0.0,0.0,0.0,0.209612732,574
k2817,0.0,0.0,0.0,0.0,0.0,0.0426,0.0263,0.0,0.0,0.176263601,3207
k1254,0.16666667,0.0,0.0536,0.0455,0.0,0.0521,0.0526,0.0,0.0,0.577710204,3383
k1561,0.0,0.0,0.0,0.0,0.0,0.0,0.0,0.0,0.0,0.270362764,3092
k1280,0.0,0.0,0.0,0.0,0.0,0.0421,0.0,0.0,0.0,0.0366,352
k3000,0.16666667,0.0,0.0,0.0,0.125,0.138111565,0.0,0.266666667,0.0,0.210776524,2044
k3106,0.748445649,0.0,0.0179,0.0,1.0,0.434653713,0.210526316,0.0,1.0,0.22947204,2735
k2413,0.0,0.0,0.0,0.0,0.0,0.0719,0.0,0.0,0.0,0.215058598,3116
k1010,0.16666667,0.0,0.0,0.0,0.0833,0.168684115,0.0,0.133333333,0.142857143,0.173217992,2552
k3028,0.0,0.0,0.0,0.0,0.0,0.0,0.0,0.0,0.0,0.141331698,3267
k2283,0.0,0.0,0.0,0.0,0.0,0.0984,0.0,0.0,0.0,0.124124384,2609
k2121,0.333333341,0.0,0.0357,0.0,0.0,0.0761,0.0,0.0,0.0,0.315992648,1123
k1761,0.16666667,0.0,0.0,0.0,0.166666667,0.141712587,0.0526,0.0,0.0,0.0639,1483
k661,0.333333341,0.0,0.0268,0.0,0.0,0.0627,0.0,0.0,0.0,0.238983606,1713
k737,0.16666667,0.0,0.0,0.0,0.0,0.0673,0.0,0.0,0.0,0.217964198,1917
k930,0.187111415,0.0,0.0,0.0,0.0,0.092,0.0,0.0,0.0,0.215985004,961
k30,0.0948,0.102564103,0.0,0.0,0.0,0.461278152,0.0,0.133333333,0.142857143,0.388419644,890
k2762,0.0,0.0,0.0,0.0,0.0,0.0247,0.0,0.0,0.0,0.234213974,1244
k3224,0.0,0.0,0.0,0.0,0.0,0.0174,0.0,0.0,0.0,0.14149136,938
k2104,0.0,0.0,0.0,0.0,0.0,0.0,0.0,0.0,0.0,0.170702583,310
k2381,0.0,0.0,0.0,0.0,0.0,0.0854,0.0,0.0,0.0,0.043,1748
k3169,0.0,0.0,0.0179,0.0,0.0,0.0879,0.0,0.0,0.0,0.293935882,2786
k2433,0.0,0.0,0.0,0.0,0.0,0.143722795,0.0,0.0,0.0,0.316822346,1694
k1995,0.313401916,0.0,0.0,0.0,0.0833,0.163029495,0.0263,0.333333333,0.0,0.203656232,2920
k910,0.16666667,0.0,0.0,0.0,0.0,0.0768,0.0,0.0,0.0,0.119274922,447
k2479,0.16666667,0.0,0.0,0.0,0.0,0.108016263,0.0526,0.133333333,0.0,0.0219,2189
k2310,0.333333341,0.0,0.0,0.0,0.0,0.172892541,0.0,0.0,0.0476,0.147863632,1983
k3384,0.0,0.0,0.0,0.0,0.0,0.048,0.0,0.0,0.0,0.158344743,2508
k3270,0.0,0.0,0.0,0.0,0.0,0.0,0.0,0.0,0.0,0.219151984,2058
k1082,0.0,0.0,0.0,0.0,0.0,0.0668,0.0,0.0,0.0,0.158481782,1286
k2142,0.16666667,0.0,0.0,0.0,0.0,0.0801,0.0,0.0,0.0,0.264890799,2940
k2666,0.0474,0.0,0.0,0.0,0.0,0.087,0.0,0.0,0.0,0.106940144,229
k2653,0.16666667,0.0,0.0,0.0,0.0,0.11245608,0.0,0.0,0.0,0.0719,1695
k1882,0.0,0.0,0.0,0.0,0.0,0.0561,0.0,0.0,0.0,0.231829159,197
k2340,0.16666667,0.0769,0.0,0.0455,0.0833,0.132211089,0.0263,0.133333333,0.0238,0.284319769,3271
k1015,0.0,0.0,0.0,0.0455,0.0,0.0527,0.0,0.0,0.0,0.310135458,730
k840,0.16666667,0.0,0.0,0.0,0.0833,0.096,0.105263158,0.133333333,0.119047619,0.175210446,396
k1921,0.0759,0.0769,0.0179,0.0,0.0,0.104617697,0.0,0.0,0.0,0.39425934,2697
k265,0.0,0.0256,0.0,0.0,0.0,0.123302538,0.0,0.0,0.0,0.148405894,1593
k970,0.0,0.0,0.0,0.0,0.0,0.159428471,0.0,0.0,0.0,0.0,1339
k1838,0.333333341,0.0,0.0,0.0,0.0,0.193095877,0.105263158,0.0,0.0,0.0985,1874
k926,0.0,0.0,0.0,0.0,0.0,0.0344,0.0,0.0,0.0,0.263208317,1877
k361,0.0,0.0,0.0,0.0,0.0,0.0133,0.0,0.0,0.0,0.223110372,548
k2889,0.0948,0.0,0.0179,0.0,0.166666667,0.452904715,0.0263,0.0667,0.380952381,0.277761779,700
k364,0.0,0.0,0.0,0.0,0.0,0.038,0.0,0.0,0.0,0.249719899,2565
k2003,0.0,0.0,0.0,0.0,0.0,0.0133,0.0,0.0,0.0,0.286621784,614
k1138,0.0,0.0,0.0,0.0,0.0,0.0518,0.0,0.0,0.0,0.345957896,392
k458,0.16666667,0.0,0.0,0.0,0.0,0.11611495,0.0,0.0,0.0,0.176678477,122
k893,0.0,0.0,0.0,0.0,0.0,0.0404,0.0,0.0,0.0,0.265615755,984
k1161,0.16666667,0.0,0.0,0.0,0.0,0.0539,0.0,0.0,0.0,0.190157641,2322
k2582,0.0,0.0,0.0,0.0,0.0,0.0881,0.0263,0.0,0.0,0.3533611,3398
k2102,0.0,0.0,0.0,0.0,0.0,0.0426,0.0263,0.0,0.0,0.176263601,2418
k1534,0.16666667,0.0,0.0,0.0,0.0,0.137142618,0.0,0.0,0.0238,0.299328038,1424
k12,0.0,0.0,0.0,0.0,0.0,0.0,0.0,0.0,0.0,0.307264661,453
k474,0.0,0.0,0.0,0.0,0.0,0.00469,0.0,0.0,0.0,0.26344782,1383
k1132,0.0,0.0,0.0,0.0,0.0,0.0,0.0,0.0,0.0,0.114722182,1208
k3277,0.16666667,0.102564103,0.0,0.0,0.0833,0.096,0.0,0.0,0.0,0.185985936,1802
k15,0.0759,0.0,0.0,0.0,0.0,0.0663,0.0,0.0,0.0,0.21843517,119
k3261,0.0,0.0,0.0,0.0,0.208333333,0.155060964,0.157894737,0.0,0.0,0.0512,213
k1765,0.0,0.0,0.0,0.0,0.0,0.0,0.0,0.0,0.0,0.188427151,1938
k1366,0.0,0.0,0.0,0.0,0.0,0.028,0.0,0.0,0.0,0.29130097,251
k1743,1.0,0.0,0.0714,0.0,0.375,0.417241561,0.0526,0.0667,0.0714,0.428448146,1660
k2182,0.313401916,0.0,0.151785714,0.272727273,0.333333333,0.452485305,0.105263158,0.4,0.19047619,0.596708737,2169
k1981,0.0,0.0,0.0,0.0,0.0,0.0186,0.0,0.0,0.0,0.0951,2903
k2407,0.0,0.0,0.0,0.0,0.0,0.00469,0.0,0.0,0.0,0.314658601,3165
k2947,0.0,0.0,0.0,0.0,0.0,0.00937,0.0,0.0,0.0,0.516603281,552
k2847,0.16666667,0.0,0.0,0.0,0.0,0.0539,0.0,0.0,0.0,0.0659,1527
k1523,0.0,0.0,0.0,0.0,0.0,0.113540725,0.0263,0.0,0.0,0.219060621,678
k2434,0.16666667,0.0,0.339285714,0.0,0.5,0.426598439,0.473684211,0.0,0.285714286,0.609796555,342
k1141,0.0,0.0513,0.0,0.0,0.0,0.0421,0.0,0.0,0.0,0.180918081,2991
k3206,0.0948,0.0,0.0,0.0,0.0,0.129087315,0.0,0.0,0.0,0.191823516,3323
k3240,0.335793302,0.0,0.0,0.0,0.0,0.0674,0.0,0.0,0.0,0.234846649,661
k268,0.0,0.0,0.0,0.0,0.0,0.0586,0.0263,0.0,0.0,0.124341265,1676
k2424,0.0,0.0256,0.0,0.0,0.0,0.158459521,0.0,0.0,0.0,0.23193146,1980
k193,0.333333341,0.0,0.0,0.0,0.0,0.0761,0.0,0.0,0.0,0.274321152,1054
k3071,0.0,0.0,0.0,0.0455,0.0,0.185995062,0.105263158,0.0,0.0,0.0902,2286
k913,0.0,0.0769,0.0,0.0,0.0,0.0293,0.0,0.0,0.0,0.153744761,1705
k1633,0.0,0.0,0.0,0.0,0.0,0.028,0.0,0.0,0.0,0.299836081,481
k1003,0.0,0.0769,0.0,0.0,0.0,0.0293,0.0,0.0,0.0,0.153744761,1109
k2207,0.0,0.0513,0.0,0.0,0.0,0.0344,0.0,0.0,0.0,0.127242665,1353
k2318,0.480068609,0.0,0.00893,0.0,0.0833,0.304481755,0.0789,0.2,0.0476,0.214188094,3206
k3320,0.16666667,0.0,0.0,0.0,0.0,0.0673,0.0,0.0,0.0,0.169514786,1298
k2922,0.0,0.0,0.0,0.0,0.0,0.123244688,0.0,0.0,0.0,0.164377845,113
k1276,0.16666667,0.0,0.0,0.0,0.0,0.0885,0.0789,0.0,0.0,0.187782069,1323
k2723,0.0,0.0513,0.0,0.0,0.0,0.0719,0.0,0.0,0.0,0.249199114,1158
k724,0.16666667,0.0256,0.0,0.0,0.0,0.0858,0.0263,0.0,0.0,0.359188465,117
k592,0.0,0.0,0.0,0.0,0.0,0.0,0.0,0.0,0.0,0.114722182,1218
k3284,0.0,0.0513,0.0,0.0,0.0,0.038,0.0,0.0,0.0,0.107271112,2817
k2138,0.0948,0.0,0.0,0.0,0.0417,0.251912603,0.0263,0.133333333,0.0,0.14706486,2594
k1771,0.0,0.0256,0.0,0.0,0.0,0.0,0.0,0.0,0.0,0.134890048,2847
k779,0.0,0.0513,0.0,0.0,0.0,0.0267,0.0263,0.0,0.0,0.212603184,2008
k1008,0.0,0.0,0.0,0.0,0.0,0.0186,0.0,0.0,0.0,0.216550287,2696
k1104,0.0,0.0,0.0,0.0,0.0,0.0267,0.0,0.0,0.0,0.163557368,1451
k366,0.16666667,0.0,0.0179,0.0,0.125,0.188525902,0.0263,0.0,0.0,0.323561971,2813
k2498,0.0,0.0769,0.0,0.0,0.0,0.0541,0.0,0.0,0.0,0.185985936,104
k1056,0.16666667,0.0,0.0,0.0,0.0417,0.092,0.0,0.0,0.0,0.174284407,997
k636,0.16666667,0.0,0.0,0.0,0.0,0.0916,0.0526,0.133333333,0.0,0.135559415,2604
k1305,0.0,0.0,0.0,0.0,0.0,0.0851,0.0,0.0,0.0,0.175631876,818
k1772,0.0,0.0,0.0179,0.0,0.0,0.122319125,0.0263,0.0,0.0,0.222487869,2363
k2651,0.16666667,0.0,0.0,0.0,0.0,0.0858,0.0263,0.0,0.0,0.312825668,2257
k2971,0.0,0.0,0.0,0.0,0.0,0.117026048,0.0526,0.0,0.0,0.226315664,2591
k2952,0.16666667,0.0,0.0,0.0,0.0,0.0832,0.0,0.0,0.0,0.25605388,2214
k1398,0.0,0.0,0.0,0.0,0.0,0.0376,0.0,0.0,0.0,0.268057779,247
k2097,0.16666667,0.0,0.0,0.0,0.0,0.0942,0.0526,0.266666667,0.0,0.133743478,675
k2753,0.0,0.0,0.0,0.0,0.0,0.0404,0.0,0.0,0.0,0.282686008,711
k1393,0.0,0.0,0.0,0.0,0.0,0.066,0.0,0.0,0.0,0.222111326,906
k536,0.0,0.0,0.0,0.0,0.0833,0.12123448,0.105263158,0.0,0.0,0.0592,2965
k2203,0.0474,0.0,0.0,0.0,0.0,0.143636028,0.0263,0.0667,0.0714,0.203593008,1167
k1139,0.16666667,0.0256,0.0,0.0,0.0,0.092,0.0526,0.0,0.0,0.250800276,900
k681,0.0,0.0,0.0,0.0,0.0,0.1078861,0.105263158,0.0,0.0,0.0,2547
k981,0.0,0.0,0.0,0.0,0.0,0.072,0.0526,0.0,0.0,0.346352903,555
k1775,0.0,0.0,0.0,0.0,0.0,0.0786,0.0,0.0,0.0,0.167535592,860
k1851,0.0,0.0,0.0,0.0,0.0,0.204708818,0.0,0.4,0.0238,0.0777,990
k1293,0.0,0.0,0.0,0.0,0.0,0.0376,0.0,0.0,0.0,0.126244991,875
k2618,0.0,0.0,0.0,0.0,0.0,0.0,0.0,0.0,0.0,0.15363233,510
k2260,0.0,0.0,0.0,0.0,0.0,0.0247,0.0,0.0,0.0,0.180241836,1146
k2355,0.0,0.0,0.0,0.0,0.0,0.0,0.0,0.0,0.0,0.200073458,909
k1064,0.16666667,0.0256,0.0,0.0,0.0,0.0673,0.0526,0.0,0.0,0.138057298,2158
k3375,0.0,0.0,0.0,0.0909,0.0,0.201801952,0.157894737,0.0,0.0,0.0585,1746
k1656,0.0,0.0,0.0,0.0,0.0,0.0585,0.0,0.0,0.0,0.150059707,1296
k925,0.0759,0.0,0.0,0.0,0.0,0.0663,0.0,0.0,0.0,0.21843517,2248
k2597,0.0,0.0,0.0,0.0,0.0,0.0293,0.0,0.0,0.0,0.0897,672
k22,0.0,0.0,0.0,0.0,0.0,0.0,0.0,0.0,0.0,0.206035918,738
k2063,0.16666667,0.0256,0.0,0.0,0.0,0.0539,0.0,0.0,0.0,0.107489386,1016
k1630,0.0,0.0,0.0,0.0,0.0,0.0348,0.0,0.133333333,0.0,0.16571606,235
k1769,0.0,0.0,0.0,0.0,0.0,0.147931225,0.105263158,0.0,0.0,0.217162175,1487
k587,0.313401916,0.0,0.0,0.0909,0.208333333,0.365945017,0.0789,0.2,0.404761905,0.0885,831
k1351,0.0,0.0,0.0,0.0909,0.0,0.122319125,0.0263,0.0,0.0,0.251858754,2798
k2065,0.0,0.0,0.0,0.0,0.0,0.132992036,0.0,0.6,0.0238,0.182569443,564
k353,0.0,0.128205128,0.0,0.0,0.0,0.0293,0.0,0.0,0.0,0.256827439,2546
k2157,0.16666667,0.0,0.0,0.0,0.0,0.114408441,0.0526,0.133333333,0.0,0.1265092,3029
k3398,0.0,0.0,0.0,0.0,0.0,0.164273222,0.0789,0.0,0.0,0.123049644,1324
k504,0.0,0.0,0.0,0.0455,0.0,0.0735,0.0263,0.0,0.0,0.39573493,2681
k2759,0.16666667,0.0,0.0,0.0,0.0,0.0837,0.0526,0.0,0.0,0.160390367,1852
k444,0.0,0.0,0.0,0.0,0.0,0.0659,0.0263,0.0667,0.0,0.297786289,2040
k2926,0.16666667,0.0,0.0,0.0,0.0833,0.112571766,0.0,0.133333333,0.0952,0.228445297,544
k431,0.0,0.0,0.0,0.0,0.0,0.141683667,0.0,0.0,0.0,0.175084118,2318
k920,0.0,0.0,0.0,0.0,0.0,0.0293,0.0,0.0,0.0,0.162765961,2663
k1065,0.0,0.0,0.0,0.0,0.0,0.0428,0.0263,0.0,0.0,0.266790162,2358
k3428,0.16666667,0.0,0.0,0.0,0.0,0.0673,0.0,0.0,0.0,0.113534385,1173
k1422,0.0,0.0256,0.0,0.0,0.0,0.0421,0.0,0.0,0.0,0.173880027,2419
k2766,0.16666667,0.0,0.0,0.0,0.0,0.038,0.0,0.0,0.0,0.245732442,1463
k2911,0.333333341,0.0,0.0,0.0,0.0,0.0761,0.0,0.0,0.0,0.162360339,504
k3215,0.0474,0.0,0.0,0.0455,0.0,0.142045216,0.0,0.0,0.0,0.153164403,2684
k2110,0.0,0.0,0.0,0.0,0.0,0.0293,0.0,0.0,0.0,0.145695708,266
k2080,0.0,0.0,0.0,0.0,0.0,0.0376,0.0,0.0,0.0,0.0878,2035
k888,0.16666667,0.0,0.0446,0.0,0.0,0.145921015,0.0526,0.0,0.0,0.496234516,169
k281,0.0,0.0513,0.0,0.0,0.0,0.0559,0.0,0.0,0.0,0.119542101,1199
k1778,0.242581421,0.0,0.0,0.0,0.0,0.104299545,0.0,0.0,0.0,0.193804837,165
k1411,0.0,0.0,0.0446,0.0455,0.0,0.134597313,0.0526,0.0,0.0,0.329768114,3035
k2689,0.146735246,0.0,0.0357,0.0,0.0,0.138227264,0.0263,0.0667,0.0952,0.257034007,952
k1891,0.0,0.0,0.0,0.0,0.0,0.028,0.0,0.0,0.0,0.29130097,2704
k1258,0.0,0.0,0.0,0.0,0.0,0.0797,0.0,0.0,0.0,0.204626208,598
k874,0.0,0.0,0.0,0.0,0.0,0.0433,0.0,0.0,0.0,0.112120475,2398
k3314,0.0,0.0,0.0,0.0,0.0,0.0719,0.0526,0.0,0.0,0.0953,936
k1910,0.0126,0.0,0.0,0.0,0.0,0.1078861,0.105263158,0.0,0.0,0.0731,1993
k477,0.0,0.0,0.0,0.0,0.0,0.0,0.0,0.0,0.0,0.0768,969
k2432,0.0,0.0769,0.0,0.0,0.0,0.0,0.0,0.0,0.0,0.161681383,1132
k2156,0.0,0.0,0.0,0.0,0.0,0.0423,0.0,0.0,0.0,0.168260559,2388
k330,0.16666667,0.0,0.0,0.0,0.208333333,0.191085666,0.0,0.0,0.0476,0.107606033,1183
k402,0.0,0.0,0.0357,0.0,0.0,0.0755,0.0526,0.0,0.0,0.47047732,889
k577,0.0,0.102564103,0.0,0.0,0.0,0.0293,0.0,0.0,0.0,0.173498042,2851
k468,0.16666667,0.0,0.0,0.0,0.0417,0.199459132,0.0,0.0,0.0,0.0574,350
k382,0.16666667,0.0,0.0,0.0,0.0,0.0874,0.0,0.0,0.0,0.194521662,822
k1304,0.0,0.871794872,0.0,0.0,0.0,0.0,0.0,0.0,0.0,0.30920686,167
k3102,0.0,0.0513,0.0,0.0,0.0,0.0293,0.0,0.0,0.0,0.13399149,2799
k2279,0.333333341,0.0,0.0268,0.0,0.0,0.0627,0.0,0.0,0.0,0.238983606,2611
k908,0.0,0.0,0.0,0.0,0.0,0.0293,0.0,0.0,0.0,0.157996329,3396
k1690,0.313401916,0.0,0.0357,0.0455,0.0,0.198504629,0.0263,0.0,0.0,0.277498293,1442
k1221,0.0948,0.0,0.0,0.0,0.0,0.170607554,0.0,0.0,0.0,0.241686838,2574
k725,0.333333341,0.0,0.0,0.0,0.0,0.0761,0.0,0.0,0.0,0.128219822,1062
k3,0.0,0.0,0.0,0.0,0.0,0.0,0.0,0.0,0.0,0.102421547,2690
k997,0.0,0.0,0.0,0.0,0.0,0.110055391,0.0,0.0,0.0,0.145827229,1585
k2215,0.0,0.0,0.0179,0.0,0.0,0.0667,0.0526,0.0,0.0,0.331884368,2144
k2344,0.0,0.0513,0.0,0.0,0.0417,0.0595,0.0,0.133333333,0.0,0.180619879,2022
k126,0.0,0.0,0.0,0.0,0.0,0.114668756,0.0526,0.0,0.0,0.121408702,1749
k836,0.114509852,0.0,0.0179,0.0909,0.0,0.193761126,0.0,0.0,0.0,0.163915295,3249
k672,0.0,0.0,0.0,0.0,0.0,0.0404,0.0,0.0,0.0,0.290057336,120
k2852,0.0,0.0,0.0,0.0,0.0,0.115955867,0.0789,0.0,0.0,0.299911776,426
k60,0.0,0.0,0.0,0.0,0.0,0.151532249,0.0789,0.2,0.0,0.0,2742
k454,0.16666667,0.0,0.0,0.0,0.0,0.038,0.0,0.0,0.0,0.155611503,2391
k562,0.16666667,0.0,0.0625,0.0,0.208333333,0.163839364,0.157894737,0.0,0.0,0.32195932,1491
k1162,0.333333341,0.0,0.0,0.0,0.0,0.1078861,0.0,0.0,0.0,0.136562067,3066
