Key_2_10,D504,D460,D19,D315,D154,D41,D160,D197,D1,D625,Key_3_31
k2445,0.0,0.0,0.144307476,0.0,0.0,0.0,0.0,0.453801862,0.0,0.0,3268
k2339,0.0,0.0,0.10819582,0.0,0.0,0.0,0.0,0.0,0.0,0.0,3063
k354,0.0,0.142857143,0.102696589,0.0,0.0,0.0,0.0,0.0,0.0667,0.0,272
k2785,0.0976,0.0,0.0822,0.0,0.0,0.0,0.0,0.0,0.0667,0.0,1925
k747,0.12195122,0.0,0.121390166,0.0,0.0,0.0,0.0,0.0,0.1,0.0588,55
k1842,0.0244,0.0,0.0722,0.0,0.0,0.0,0.0,0.0,0.0667,0.0588,2592
k536,0.0488,0.142857143,0.184925089,0.0,0.0,0.0,0.0,0.409245009,0.0,0.0,2271
k903,0.0,0.0,0.110643598,0.0,0.0,0.0,0.0357,0.0,0.0,0.0,406
k3124,0.0732,0.0714,0.146493186,0.0,0.0,0.0261,0.0,0.0,0.0667,0.0,1989
k3421,0.0,0.0,0.118387248,0.0,0.0,0.0,0.0,0.0,0.0,0.0,2582
k2765,0.0,0.0,0.213565326,0.0,0.0,0.0,0.0,0.0,0.0667,0.0,369
k637,0.170731707,0.0,0.182373071,0.0,0.0385,0.0,0.214285714,0.0,0.133333333,0.0,1210
k124,0.146341463,0.142857143,0.176441961,0.0,0.0769,0.157894731,0.0714,0.0,0.1,0.0588,3305
k2509,0.0732,0.0,0.118683655,0.0,0.0,0.0,0.0,0.0,0.0333,0.0,846
k803,0.0732,0.0,0.0597,0.0,0.0,0.0,0.0,0.0,0.0667,0.0,498
k1174,0.12195122,0.0714,0.233373702,0.0,0.0,0.0,0.0357,0.365226282,0.1,0.0,2494
k3215,0.0488,0.0,0.128031386,0.0,0.0,0.0,0.0,0.0,0.0667,0.0,659
k1999,0.0,0.0,0.137597731,0.0,0.0,0.0236,0.0,0.0,0.0333,0.0,1107
k1165,0.12195122,0.142857143,0.133890186,0.0,0.0,0.0,0.0,0.0,0.133333333,0.0,1941
k709,0.0732,0.0,0.132588032,0.0,0.0,0.0,0.0,0.0,0.1,0.0,2148
k2237,0.0976,0.0,0.0925,0.0,0.0,0.0,0.0,0.0,0.0667,0.0,2304
k2485,0.0976,0.0,0.103894858,0.0,0.0,0.0,0.0,0.0,0.0333,0.0,2467
k2084,0.0,0.0,0.0455,0.0,0.0,0.0,0.0,0.0,0.0333,0.0,2707
k2214,0.0976,0.142857143,0.175099961,0.0,0.0,0.0,0.0,0.0,0.133333333,0.0,694
k1952,0.0488,0.0,0.0614,0.0,0.0,0.0,0.0,0.0,0.0333,0.0,3047
k985,0.0488,0.0714,0.306965571,0.0,0.0,0.156829922,0.107142857,0.0,0.0667,0.0,1991
k564,0.0244,0.0,0.096,0.0,0.0,0.0,0.0,0.0,0.0333,0.0,2092
k2461,0.0976,0.214285714,0.164767498,0.0,0.0,0.0784,0.0357,0.0,0.0667,0.0,1032
k1979,0.170731707,0.214285714,0.132132816,0.0,0.0,0.0,0.0,0.0,0.166666667,0.0588,439
k1303,0.0,0.0,0.19342369,0.0,0.0,0.0,0.0,0.262336544,0.0,0.0,1000
k770,0.0,0.285714286,0.139606038,0.0,0.0,0.0,0.0,0.0,0.0,0.0,284
k2013,0.0732,0.0,0.155835623,0.0,0.0577,0.0,0.0714,0.0,0.1,0.0,2726
k3269,0.0244,0.0,0.0629,0.0,0.0,0.0,0.0,0.0,0.0667,0.0,1688
k419,0.0488,0.0,0.119820111,0.0,0.0,0.0,0.0,0.0,0.0667,0.0,2454
k1816,0.0488,0.0,0.108045582,0.0,0.0,0.0,0.0,0.0,0.0667,0.0,3098
k1649,0.0,0.0,0.0963,0.0,0.0,0.0,0.0,0.0,0.0,0.0,1906
k1027,0.195121951,0.0714,0.156360492,0.0,0.0,0.0,0.0,0.0,0.133333333,0.0588,2855
k2938,0.0488,0.0,0.0597,0.0,0.0,0.0,0.0,0.0,0.0333,0.0,2393
k171,0.0244,0.0,0.0891,0.0,0.0,0.0,0.0,0.0,0.0667,0.0,873
k1799,0.0244,0.0,0.0904,0.0,0.0,0.0,0.0,0.0,0.0333,0.0588,1173
k3425,0.0,0.0,0.24832764,0.0,0.0,0.0,0.0,0.0,0.0,0.470588235,1426
k1416,0.0,0.0,0.168286035,0.0,0.0,0.0,0.0357,0.258246785,0.0,0.0,3164
k2307,0.0244,0.0714,0.118066699,0.0,0.0,0.0,0.0,0.0,0.0333,0.0588,204
k2175,0.0,0.0,0.0829,0.0,0.0,0.0,0.0,0.0,0.0,0.0,2274
k1662,0.0244,0.0714,0.163280845,0.0625,0.0,0.0852,0.0,0.0,0.166666667,0.0588,254
k888,0.0732,0.0,0.15423377,0.0,0.0,0.0,0.0,0.0,0.0667,0.0,246
k1385,0.0976,0.0,0.100641575,0.0,0.0,0.0,0.0,0.0,0.0667,0.0,253
k2274,0.0,0.0,0.120567531,0.0,0.0,0.0,0.0,0.0,0.0,0.0,1746
k3090,0.0976,0.0714,0.262923489,0.0,0.0,0.0,0.0,0.402410806,0.1,0.0,3133
k1742,0.292682927,0.0,0.137908522,0.0,0.0,0.0,0.0,0.0,0.166666667,0.0,1220
k1668,0.0,0.0,0.149948314,0.0,0.0,0.0,0.0357,0.374159178,0.0,0.0,2135
k102,0.146341463,0.571428571,0.557090912,0.5,0.230769231,0.0,0.0,0.0,0.6,0.117647059,696
k1549,0.0244,0.0,0.0966,0.0,0.0,0.141500679,0.0,0.0,0.1,0.0,572
k2303,0.0976,0.0714,0.0969,0.0,0.0,0.0,0.0357,0.0,0.0667,0.0,2120
k2223,0.0,0.285714286,0.142062452,0.0,0.0,0.0,0.0,0.0,0.0,0.0,3357
k1811,0.0488,0.0,0.0584,0.0,0.0,0.0,0.0,0.0,0.0333,0.0,492
k2840,0.0244,0.142857143,0.100430221,0.0,0.0,0.0,0.0357,0.0,0.0667,0.0,564
k3078,0.0488,0.0,0.145928314,0.0,0.0,0.0,0.0357,0.0,0.2,0.0,3177
k1326,0.0488,0.0,0.0632,0.0,0.0,0.0,0.0357,0.295592746,0.0333,0.0,1805
k766,0.0488,0.0714,0.149692954,0.0,0.0,0.0,0.0714,0.0,0.0667,0.0588,1466
k1926,0.0,0.0,0.11149992,0.0,0.0,0.0,0.0,0.0,0.0667,0.0,2926
k2611,0.0,0.0,0.0709,0.0,0.0,0.0,0.0,0.0,0.0,0.0,2987
k3151,0.12195122,0.0714,0.22942745,0.0,0.0,0.0416,0.0,0.0,0.1,0.0588,780
k1504,0.0244,0.142857143,0.118930915,0.0,0.0,0.0,0.0,0.0,0.0667,0.0588,836
k2652,0.0976,0.0,0.14689371,0.0,0.0,0.0261,0.0357,0.0,0.1,0.0588,1822
k2466,0.0976,0.0714,0.122913852,0.0,0.0,0.0,0.0357,0.0,0.1,0.117647059,940
k2680,0.0488,0.0,0.308932725,0.0,0.115384615,0.0,0.25,0.0,0.1,0.0,1588
k1403,0.0732,0.0,0.121346049,0.0,0.0,0.032,0.0,0.0,0.0667,0.0,1535
k2780,0.0732,0.0714,0.152778972,0.0,0.0,0.0833,0.0,0.0,0.1,0.0588,134
k2512,0.0488,0.0,0.0876,0.0,0.0,0.0,0.0,0.0,0.0333,0.0,1330
k1367,0.0244,0.0,0.135689778,0.0,0.0,0.0,0.0357,0.0,0.0333,0.0,63
k291,0.0244,0.0,0.0972,0.0,0.0,0.0,0.0,0.0,0.0333,0.0,512
k901,0.0732,0.0,0.0654,0.0,0.0,0.0,0.0,0.0,0.0333,0.0,482
k2059,0.0976,0.0,0.0626,0.0,0.0,0.0,0.142857143,0.0,0.1,0.0,308
k344,0.0244,0.0,0.113648211,0.0,0.0,0.0,0.0,0.0,0.0,0.0,1653
k1280,0.0244,0.0,0.149681279,0.0,0.0,0.0,0.0,0.0,0.0333,0.0588,2767
k3002,0.0976,0.0,0.0842,0.0,0.0,0.0,0.0714,0.0,0.0667,0.0,2514
k727,0.219512195,0.285714286,0.190380192,0.0,0.0,0.0,0.0,0.0,0.133333333,0.117647059,1671
k1895,0.0,0.0,0.126150616,0.0,0.0,0.0,0.0,0.0,0.0,0.0,3037
k931,0.0488,0.142857143,0.0935,0.0,0.0,0.156829922,0.0,0.0,0.0667,0.0,1504
k1038,0.12195122,0.0,0.0755,0.0,0.0,0.0,0.0,0.0,0.1,0.0,1654
k1698,0.414634146,0.285714286,0.382850517,0.0,0.0,0.0,0.214285714,0.0,0.366666667,0.0,3334
k872,0.0488,0.0,0.0578,0.0,0.0,0.0,0.0,0.0,0.0333,0.0,650
k2560,0.0,0.0,0.149275692,0.0,0.0,0.0,0.0,0.0,0.0,0.0,931
k919,0.0732,0.0,0.0922,0.0,0.0,0.0,0.0,0.0,0.0333,0.0,689
k1889,0.0,0.0,0.0829,0.0,0.0,0.0,0.0,0.0,0.0,0.0,1421
k11,0.0976,0.0714,0.178363736,0.0,0.0,0.0,0.0,0.0,0.1,0.0,1982
k3060,0.0976,0.142857143,0.225925963,0.0,0.0,0.0,0.0,0.0,0.133333333,0.0,83
k1095,0.0244,0.0714,0.0981,0.0,0.0,0.0,0.0,0.0,0.0667,0.0588,1508
k36,0.0244,0.0,0.0536,0.0,0.0,0.0,0.0,0.0,0.0667,0.0,2888
k183,0.0244,0.0714,0.138878923,0.0,0.0,0.0,0.0,0.0,0.0333,0.0588,1912
k946,0.0244,0.0,0.0583,0.0,0.0,0.0,0.0357,0.0,0.1,0.0,35
k1596,0.0488,0.0,0.117463768,0.0,0.0,0.0,0.0,0.0,0.0333,0.0,119
k1763,0.0488,0.0714,0.110577769,0.0,0.0,0.0,0.0714,0.0,0.0333,0.0588,3186
k1265,0.0488,0.0,0.101519257,0.0,0.0,0.0,0.0,0.0,0.1,0.0588,1871
k2333,0.0,0.0,0.209404144,0.0,0.0,0.0,0.0714,0.570682882,0.0667,0.0,3250
k647,0.146341463,0.142857143,0.0973,0.0,0.0,0.0,0.0,0.0,0.1,0.0,1531
k426,0.0,0.0,0.0824,0.0,0.0,0.0,0.0,0.0,0.0,0.0,2296
k2246,0.0244,0.0714,0.103433024,0.0,0.0,0.0,0.0357,0.0,0.0333,0.0588,3327
k1502,0.0732,0.0,0.131545504,0.0,0.0192,0.0,0.0357,0.0,0.1,0.0,1830
k800,0.0976,0.285714286,0.138725767,0.0,0.0,0.0,0.142857143,0.0,0.1,0.117647059,2734
k1425,0.0,0.142857143,0.11229821,0.0,0.0,0.0,0.0,0.0,0.0,0.0,295
k716,0.0732,0.0,0.12905338,0.0,0.0,0.0,0.0,0.0,0.0333,0.0,1641
k1172,0.170731707,0.0,0.170119202,0.0,0.0,0.0,0.0,0.0,0.1,0.0588,3030
k2843,0.0732,0.0714,0.121087723,0.0,0.0,0.0,0.0,0.0,0.1,0.0,1826
k846,0.0,0.0,0.146493186,0.0,0.0,0.0,0.0,0.0,0.0,0.0,380
k2002,0.195121951,0.0,0.135927319,0.0,0.0,0.0,0.0,0.0,0.166666667,0.0,892
k2476,0.219512195,0.0714,0.274523266,0.0,0.0,0.0416,0.0357,0.0,0.166666667,0.0,415
k639,0.195121951,0.0,0.157393024,0.0,0.0385,0.0,0.0357,0.0,0.166666667,0.0,2496
k537,0.0,0.0,0.14657147,0.0,0.0,0.0,0.0,0.0,0.0,0.0,2423
k1127,0.0976,0.142857143,0.124402956,0.0,0.0,0.0,0.0,0.0,0.133333333,0.0,3070
k2906,0.0488,0.0,0.0493,0.0,0.0,0.0,0.0,0.0,0.0333,0.0,2410
k1757,0.0488,0.0,0.094,0.0,0.0,0.0,0.0357,0.0,0.133333333,0.0,3374
k366,0.0488,0.0,0.0712,0.0,0.0,0.0,0.0,0.0,0.0333,0.0,2735
k1275,0.0488,0.0714,0.0958,0.0,0.0,0.0,0.0,0.0,0.0333,0.0,62
k1436,0.0244,0.0,0.0584,0.0,0.0,0.0,0.0,0.0,0.0333,0.0,3393
k2149,0.0732,0.0,0.0718,0.0,0.0,0.0,0.0357,0.0,0.133333333,0.0,341
k598,0.0244,0.0,0.270231269,0.0,0.0,0.0,0.0714,0.0,0.0333,0.0,2100
k700,0.0244,0.0,0.19995006,0.0,0.0385,0.0,0.0,0.0,0.0333,0.0,3128
k1501,0.0,0.0,0.0833,0.0,0.0,0.0,0.0357,0.350535436,0.0,0.0,1405
k2297,0.0488,0.0714,0.15008577,0.0,0.0,0.0,0.0714,0.0,0.0667,0.0588,1586
k652,0.12195122,0.0,0.176611542,0.0,0.0,0.0,0.0357,0.0,0.0667,0.0,342
k2092,0.0732,0.0,0.0662,0.0,0.0,0.0,0.0,0.0,0.0333,0.0,3134
k1020,0.170731707,0.0,0.168568443,0.0,0.0,0.0,0.0,0.0,0.166666667,0.117647059,2124
k2561,0.0,0.0,0.115309875,0.0,0.0,0.0,0.0,0.0,0.0,0.0,1866
k581,0.0,0.0,0.181670686,0.0,0.0,0.0,0.0357,0.509228865,0.0,0.0,2298
k2482,0.0244,0.0,0.157356434,0.0,0.0,0.0,0.0,0.0,0.0333,0.0,2169
k1624,0.658536585,0.285714286,0.588653117,0.0,0.0,0.0,0.5,0.0,0.566666667,0.0,505
k427,0.0976,0.0,0.0691,0.0,0.0,0.0416,0.0,0.0,0.1,0.0,2028
k213,0.0488,0.0714,0.126066099,0.0,0.0,0.0,0.0714,0.0,0.0667,0.0588,618
k718,0.0244,0.0,0.0812,0.0,0.0,0.0,0.0,0.0,0.0,0.0,1676
k1382,0.0,0.0,0.0746,0.0,0.0,0.0,0.0,0.0,0.0667,0.0,1167
k2334,0.0732,0.0,0.181207719,0.0,0.0,0.0,0.0357,0.34160254,0.0333,0.0,558
k548,0.0732,0.0,0.190246177,0.0,0.0,0.0,0.0357,0.0,0.0667,0.0,1520
k3249,0.0,0.0,0.0953,0.0,0.0,0.0,0.0,0.0,0.0,0.0,2016
k288,0.0976,0.214285714,0.164767498,0.0,0.0,0.0784,0.0357,0.0,0.0667,0.0,2432
k1246,0.0488,0.0,0.120885557,0.0,0.0,0.0,0.0,0.477156541,0.0667,0.0,3016
k3422,0.0244,0.0,0.128554765,0.0,0.0,0.0,0.0,0.0,0.0333,0.0,2521
k1296,0.0732,0.0714,0.12252163,0.0,0.0,0.157894731,0.0,0.0,0.0667,0.0,1425
k1373,0.0244,0.0,0.0718,0.0,0.0,0.0,0.0,0.0,0.0333,0.0,2455
k1268,0.146341463,0.0,0.137416062,0.0,0.0,0.0,0.0,0.0,0.133333333,0.0,1775
k1340,0.0488,0.0,0.136167463,0.0,0.0,0.0,0.0,0.432814938,0.133333333,0.0,522
k515,0.0,0.0,0.0829,0.0,0.0,0.0,0.0,0.0,0.0,0.0,183
k2784,0.0976,0.0,0.0925,0.0,0.0,0.0,0.0,0.0,0.0667,0.0,76
k2810,0.0,0.0,0.217469157,0.125,0.0,0.0,0.0,0.385836517,0.0667,0.0,608
k1718,0.0,0.0,0.130360457,0.0,0.0,0.0,0.0,0.0,0.133333333,0.0,3184
k2827,0.146341463,0.0714,0.212611321,0.0,0.0,0.0261,0.0,0.0,0.1,0.117647059,1370
k1550,0.0732,0.0,0.169301288,0.0,0.0,0.0,0.0714,0.0,0.1,0.117647059,1024
k1618,0.146341463,0.0,0.167561907,0.0,0.0,0.0,0.0,0.0,0.0667,0.235294118,174
k3097,0.0,0.0,0.110235536,0.0,0.0,0.0,0.0,0.0,0.0,0.0,2571
k924,0.0,0.0,0.0933,0.0,0.0,0.0,0.0,0.0,0.0,0.0,1234
k155,0.0976,0.0,0.113339638,0.0,0.0,0.0,0.0,0.0,0.133333333,0.0,3121
k1655,0.0732,0.0714,0.301577619,0.0,0.0,0.0261,0.0,0.0,0.0667,0.0,687
k283,0.0488,0.0,0.104012303,0.0,0.0,0.0,0.0,0.0,0.0667,0.0,244
k3194,0.0,0.0,0.136537299,0.0,0.0,0.0,0.0,0.26368186,0.0,0.0,2141
k2304,0.0,0.0,0.089,0.0,0.0,0.0,0.0,0.0,0.0,0.0,1075
k1157,0.170731707,0.0,0.172186383,0.0,0.0962,0.0,0.107142857,0.0,0.2,0.235294118,2000
k254,0.0488,0.0,0.241650787,0.0,0.0,0.0,0.0357,0.354409945,0.1,0.0588,1493
k523,0.0732,0.0,0.101812831,0.0,0.0,0.0,0.0,0.0,0.133333333,0.0,884
k402,0.0244,0.0,0.168836729,0.0,0.0,0.0,0.0357,0.6052844,0.1,0.0,2959
k930,0.0732,0.142857143,0.150398809,0.0,0.0,0.0,0.0714,0.0,0.1,0.117647059,2810
k2693,0.0,0.0,0.37273452,0.0,0.0577,0.0,0.0,0.0,0.0,0.0,2741
k905,0.0244,0.0,0.0707,0.0,0.0,0.0,0.0,0.0,0.0333,0.0,2341
k3100,0.0732,0.0,0.132100421,0.0,0.0,0.0,0.0357,0.0,0.0333,0.0,3432
k2527,0.0,0.0,0.126289151,0.0,0.0,0.0,0.0357,0.0,0.0333,0.0,844
k721,0.0244,0.0,0.0334,0.0,0.0,0.0,0.0,0.0,0.1,0.0,1738
k1144,0.0244,0.0,0.0768,0.0,0.0,0.0,0.0357,0.0,0.0333,0.0,2811
k1997,0.0244,0.285714286,0.184161428,0.0,0.0,0.0,0.0,0.0,0.0333,0.0,1899
k1934,0.0732,0.142857143,0.114049872,0.0,0.0,0.0,0.0,0.0,0.0333,0.0,5
k898,0.0732,0.0,0.0891,0.0,0.0,0.0,0.0,0.0,0.133333333,0.0,2920
k855,0.146341463,0.428571429,0.179930664,0.0,0.0385,0.0,0.0,0.0,0.1,0.0,2152
k702,0.0244,0.0,0.139932217,0.0,0.0,0.0784,0.0,0.0,0.0333,0.0,127
k2714,0.0,0.0,0.0874,0.0,0.0,0.0,0.0,0.0,0.0,0.0,2975
k1116,0.0,0.0,0.108390542,0.0,0.0,0.0,0.0,0.0,0.0,0.0,718
k1492,0.0,0.0,0.127417374,0.0,0.0,0.0,0.0714,0.0,0.0333,0.0,2992
k1113,0.0244,0.0,0.0723,0.0,0.0,0.0,0.0,0.0,0.0333,0.0,1232
k1874,0.0976,0.0714,0.156405899,0.0,0.0,0.0,0.142857143,0.0,0.1,0.117647059,1629
k3056,0.12195122,0.0,0.115042328,0.0,0.115384615,0.032,0.0,0.0,0.133333333,0.0,1406
k1084,0.0976,0.0,0.0913,0.0,0.0,0.0,0.0,0.0,0.0667,0.0,436
k2953,0.0244,0.142857143,0.095,0.0,0.0,0.0,0.0,0.0,0.0667,0.0588,785
k1937,0.0244,0.0714,0.0824,0.0,0.0,0.0,0.0,0.0,0.0667,0.0,2377
k1049,0.0,0.0,0.113522289,0.0,0.0,0.0,0.0,0.0,0.0667,0.0,1553
k667,0.0976,0.0714,0.101641117,0.0,0.0,0.0,0.0714,0.0,0.1,0.0588,1733
k2751,0.0976,0.0,0.0935,0.0,0.0,0.0,0.142857143,0.0,0.0667,0.0,1705
k2606,0.0976,0.0,0.148240545,0.0,0.0,0.0,0.0,0.0,0.0,0.117647059,1636
k1792,0.0,0.0,0.109285474,0.0,0.0,0.0,0.0,0.0,0.0,0.0,3187
k1145,0.0,0.0,0.0634,0.0,0.0,0.0,0.0,0.0,0.0,0.0,3301
k776,0.146341463,0.0714,0.119680925,0.0,0.0,0.0,0.0,0.0,0.133333333,0.117647059,2550
k3136,0.0488,0.0,0.0555,0.0,0.0,0.0,0.0,0.0,0.0667,0.0,1725
k584,0.0488,0.0,0.132078621,0.0,0.0,0.0,0.0,0.0,0.0,0.0588,963
k956,0.0244,0.0,0.149215411,0.0,0.0,0.0,0.0357,0.0,0.1,0.0,2985
k769,0.0732,0.0,0.124851989,0.0,0.0,0.0,0.0,0.0,0.0667,0.0,2039
k3360,0.0976,0.0,0.210974456,0.0,0.0,0.0873,0.0357,0.328257009,0.0667,0.0,3059
k93,0.0976,0.0,0.225050086,0.0,0.0,0.0873,0.0714,0.355163321,0.0667,0.0,1020
k1710,0.0976,0.142857143,0.144602525,0.0,0.25,0.0,0.0,0.0,0.1,0.0,1119
k960,0.0732,0.0,0.165121165,0.0,0.0,0.0,0.107142857,0.0,0.1,0.0,446
k2837,0.0,0.0,0.0944,0.0,0.0,0.0,0.0,0.0,0.0,0.117647059,576
k1772,0.0732,0.0,0.0461,0.0,0.0,0.0,0.0,0.0,0.0667,0.0,1144
k3341,0.0244,0.0,0.114906261,0.0,0.0,0.0,0.0,0.0,0.0333,0.117647059,1604
k2761,0.0488,0.0,0.127269469,0.0,0.0,0.0,0.0714,0.0,0.0333,0.0,1658
k504,0.0488,0.0714,0.138924884,0.0,0.0,0.0,0.0714,0.0,0.0667,0.0588,1095
k356,0.0732,0.0,0.0946,0.0,0.0,0.0,0.0,0.0,0.0667,0.0,2519
k1301,0.0244,0.0,0.18385311,0.0,0.0,0.0,0.0357,0.5622343,0.0333,0.0,3258
k3275,0.0,0.285714286,0.152386767,0.0,0.0,0.0,0.0,0.0,0.0,0.0,1795
k3031,0.0,0.0,0.131690171,0.0,0.0,0.0,0.0357,0.0,0.0,0.0,1087
k2202,0.195121951,0.0,0.131786074,0.0,0.0,0.0,0.0714,0.0,0.1,0.0,2270
k1451,0.0976,0.142857143,0.132761851,0.0,0.0,0.0,0.0,0.0,0.0667,0.0,209
k565,0.170731707,0.142857143,0.323553659,0.0,0.0,0.0,0.0,0.0,0.133333333,0.0588,2828
k1245,0.0488,0.0,0.0746,0.0,0.0,0.0,0.0,0.0,0.0333,0.0,29
k46,0.0732,0.0,0.143718742,0.0,0.0,0.0,0.0,0.0,0.0333,0.0,2324
k2724,0.0,0.0,0.109922867,0.0,0.0,0.0,0.0357,0.0,0.0333,0.0,2065
k1644,0.0244,0.0714,0.146784495,0.0,0.0,0.0,0.0,0.494484206,0.0333,0.0,387
k2107,0.0488,0.0,0.142540194,0.0,0.0577,0.0,0.0714,0.0,0.0667,0.0,2887
k1604,0.0,0.0,0.0747,0.0,0.0,0.0,0.0,0.0,0.0,0.0,2996
k1348,0.0976,0.0,0.110151954,0.0,0.0,0.0,0.0,0.0,0.1,0.0,1415
k2804,0.0,0.0,0.15481309,0.0,0.0,0.0,0.0,0.0,0.0667,0.0,3387
k2682,0.0976,0.0714,0.207205763,0.0,0.0,0.0251,0.0,0.0,0.1,0.0,1706
k1706,0.0244,0.0,0.106411151,0.0,0.0,0.0,0.0357,0.0,0.0333,0.0,2871
k981,0.0,0.142857143,0.133798478,0.0,0.0,0.0,0.0,0.0,0.0,0.117647059,1626
k72,0.195121951,0.142857143,0.231721536,0.0,0.0,0.0,0.0714,0.0,0.166666667,0.0588,2881
k2741,0.0,0.0,0.0963,0.0,0.0,0.0,0.0,0.0,0.0,0.0,1246
k1986,0.0488,0.0,0.0961,0.0,0.0,0.0,0.0,0.0,0.0667,0.0,3038
k2213,0.0,0.0,0.13373201,0.0,0.0,0.0,0.0,0.0,0.0,0.0,853
k1081,0.0,0.0,0.0559,0.0,0.0,0.0,0.0,0.0,0.0,0.0,2344
k3371,0.0976,0.142857143,0.161773715,0.0,0.0,0.0,0.0,0.0,0.133333333,0.0,604
k963,0.12195122,0.0,0.0885,0.0,0.0,0.0,0.0,0.0,0.0667,0.0,775
k1310,0.12195122,0.0,0.145339509,0.0,0.0,0.0,0.0714,0.0,0.0667,0.0,872
k873,0.0732,0.0,0.0843,0.0,0.0,0.0,0.0,0.0,0.0333,0.0,965
k2704,0.0488,0.142857143,0.159704415,0.0,0.0,0.0,0.0714,0.0,0.0667,0.235294118,904
k314,0.0,0.0,0.0747,0.0,0.0,0.0,0.0,0.0,0.0,0.0,2047
k3038,0.0,0.285714286,0.133798478,0.0,0.0,0.0,0.0,0.0,0.0,0.235294118,3113
k2232,0.0244,0.0714,0.132078621,0.0,0.0,0.0,0.0,0.0,0.0333,0.0588,320
k1188,0.0732,0.0,0.229068437,0.125,0.0,0.116514247,0.0714,0.0,0.233333333,0.0,1418
k491,0.0,0.0,0.126692113,0.0,0.0,0.0,0.0,0.0,0.0,0.117647059,2628
k1506,0.0976,0.0714,0.23562184,0.0,0.0577,0.0784,0.0357,0.0,0.166666667,0.117647059,1069
k185,0.0244,0.0,0.144735261,0.0,0.0,0.0,0.0,0.476564602,0.0333,0.0,1902
k613,0.0488,0.0,0.218784565,0.0,0.0192,0.0112,0.0357,0.0,0.1,0.117647059,1831
k458,0.0732,0.0,0.0585,0.0,0.0,0.0784,0.0,0.0,0.1,0.0,2824
k287,0.0488,0.0,0.104012303,0.0,0.0,0.0,0.0,0.0,0.0667,0.0,1867
k1875,0.0,0.0,0.0873,0.0,0.0,0.0,0.0,0.0,0.0,0.0,2511
k227,0.0488,0.0,0.0854,0.0,0.0,0.0,0.0714,0.0,0.1,0.0,2704
k1320,0.0,0.0,0.0865,0.0,0.0,0.0236,0.0,0.0,0.0333,0.0,1704
k2487,0.146341463,0.0714,0.107805783,0.0,0.0,0.0,0.142857143,0.0,0.133333333,0.0588,3423
k2613,0.0488,0.0,0.125933166,0.0,0.0,0.0784,0.0,0.0,0.0333,0.0,449
k1901,0.0,0.0,0.0512,0.0,0.0,0.0,0.0,0.0,0.0,0.0,255
k2905,0.0732,0.0714,0.135762886,0.0,0.0,0.0,0.0714,0.0,0.0667,0.0,1357
k262,0.0,0.0,0.0747,0.0,0.0,0.0,0.0,0.0,0.0,0.0,1041
k877,0.0732,0.0,0.126933528,0.0,0.0,0.1004023,0.0,0.0,0.1,0.0,376
k2382,0.0244,0.0714,0.118557001,0.0,0.0,0.0,0.0,0.0,0.0333,0.0,2586
k1063,0.219512195,0.0,0.260883385,0.0,0.0,0.0,0.0,0.0,0.1,0.0,799
k2280,0.0976,0.0,0.0809,0.0,0.0,0.0,0.0,0.0,0.0667,0.0,2042
k1963,0.0732,0.0,0.123142179,0.0,0.0,0.0,0.107142857,0.0,0.0333,0.0,471
k2003,1.0,0.0714,0.964093878,0.0,0.0,0.0,0.678571429,0.0,1.0,0.117647059,2170
k856,0.0244,0.0714,0.113222369,0.0,0.0,0.0,0.0,0.0,0.0333,0.0,1903
k1987,0.0244,0.0,0.0817,0.0,0.0,0.0,0.0,0.0,0.0333,0.0,1243
k1774,0.0976,0.0,0.0849,0.0,0.0,0.0,0.0,0.0,0.0667,0.0,1897
k170,0.0488,0.0,0.280365895,0.125,0.0769,0.0,0.285714286,0.0,0.133333333,0.0,1760
k2236,0.0,0.0,0.104838817,0.0,0.0,0.0,0.0,0.0,0.0,0.0,1215
k817,0.0,0.0714,0.0747,0.0,0.0,0.0,0.0,0.0,0.0667,0.0,575
k722,0.390243902,0.214285714,0.369565795,0.0,0.0,0.0,0.214285714,0.0,0.333333333,0.0,2252
k1337,0.0488,0.0,0.116114758,0.0,0.0,0.0,0.0714,0.0,0.0333,0.0,3130
k893,0.0,0.0,0.102277296,0.0,0.0,0.0,0.0,0.0,0.0,0.0,3170
k1557,0.0,0.0,0.0912,0.0,0.0,0.0,0.0,0.0,0.0,0.0,2287
k465,0.146341463,0.0714,0.198046587,0.0,0.0,0.0261,0.0,0.0,0.1,0.0,1661
k692,0.0488,0.285714286,0.159676543,0.0,0.0,0.0,0.0,0.0,0.0667,0.117647059,43
k2186,0.0,0.285714286,0.156545716,0.0,0.0,0.0,0.0,0.0,0.0,0.117647059,1957
k812,0.12195122,0.0,0.14166025,0.0,0.0,0.0,0.0357,0.399989237,0.133333333,0.0,227
k1737,0.0,0.0,0.0984,0.0,0.0,0.0,0.0,0.0,0.0,0.0,106
k3267,0.146341463,0.142857143,0.212611321,0.0,0.0,0.0261,0.0,0.0,0.133333333,0.176470588,1768
k1270,0.0,0.214285714,0.138416127,0.0,0.0,0.0,0.0,0.0,0.1,0.0,235
k508,0.0,0.0,0.0654,0.0,0.0,0.0,0.0,0.0,0.0667,0.0,2962
k1170,0.12195122,0.285714286,0.172265108,0.0,0.0,0.0,0.0,0.0,0.0333,0.235294118,2733
k30,0.0244,0.0,0.0349,0.0,0.0,0.0,0.0,0.0,0.0333,0.0,2143
k2546,0.146341463,0.0,0.206755624,0.25,0.0,0.0,0.0,0.0,0.166666667,0.0,2856
k2178,0.0488,0.0714,0.123834715,0.0,0.0,0.0,0.0,0.0,0.0667,0.0588,89
k3359,0.0244,0.0714,0.114906261,0.0,0.0,0.0,0.0,0.0,0.0333,0.0588,448
k3386,0.0,0.0,0.0786,0.0,0.0,0.0,0.0357,0.0,0.0,0.0,674
k1015,0.0488,0.0,0.117051529,0.0,0.0,0.0,0.0357,0.0,0.133333333,0.0,3062
k1819,0.0,0.0,0.0587,0.0,0.0,0.0,0.0,0.0,0.0,0.0,1683
k1859,0.0244,0.0714,0.183982746,0.0,0.0,0.0,0.0357,0.0,0.1,0.0,2662
k1548,0.0244,0.0714,0.0975,0.0,0.0,0.0,0.0,0.0,0.0333,0.0,1565
k3282,0.0244,0.0,0.132761851,0.0,0.0,0.0,0.0,0.0,0.0667,0.0,3404
k16,0.268292683,0.0714,0.211385105,0.0,0.0,0.0,0.142857143,0.0,0.233333333,0.176470588,16
k1195,0.0,0.0,0.0909,0.0,0.0,0.0,0.0,0.0,0.0,0.0,1166
k2632,0.609756098,0.214285714,0.552378453,0.0,0.0,0.0,0.428571429,0.0,0.5,0.0,2267
k1277,0.12195122,0.0,0.137514711,0.0,0.0,0.0,0.0357,0.0,0.0333,0.0,2643
k1002,0.0,0.0,0.0227,0.0,0.0,0.0873,0.0,0.0,0.0,0.0,660
k198,0.146341463,0.285714286,0.177845736,0.0,0.0,0.0,0.0,0.0,0.166666667,0.0,206
k88,0.0976,0.0,0.0663,0.0,0.0,0.0,0.0357,0.0,0.0667,0.0,1396
k1611,0.0244,0.0,0.0984,0.0,0.0,0.0,0.0,0.0,0.0333,0.0,839
k2133,0.0976,0.142857143,0.169066762,0.0,0.0,0.0,0.0,0.0,0.133333333,0.235294118,45
k1800,0.0732,0.0,0.0953,0.0,0.0,0.0,0.0357,0.476833665,0.0333,0.0,926
k2755,0.0488,0.0,0.0904,0.0,0.0,0.0,0.0,0.0,0.0667,0.0,3057
k99,0.0,0.0,0.106677681,0.0,0.0,0.0,0.0,0.0,0.0,0.117647059,2842
k1723,0.0,0.0,0.111293278,0.0,0.0,0.0,0.0,0.0,0.0,0.0,2059
k1807,0.12195122,0.0,0.302990708,0.0,0.0,0.0,0.0,0.0,0.133333333,0.0,1412
k459,0.0976,0.0,0.104453606,0.0,0.0,0.0,0.0,0.0,0.0667,0.0,1945
k917,0.0976,0.0714,0.114975793,0.0,0.0,0.0,0.0357,0.0,0.0667,0.0,700
k71,0.0,0.0,0.0982,0.0,0.0,0.0,0.0,0.0,0.0,0.117647059,103
k1900,0.0244,0.0,0.0958,0.0,0.0,0.0,0.0,0.0,0.0333,0.0,367
k2951,0.0244,0.0,0.129085048,0.0625,0.0,0.0,0.0,0.0,0.1,0.0,2526
k2806,0.0732,0.142857143,0.191877353,0.0,0.0192,0.0,0.0357,0.0,0.0333,0.0,776
k632,0.0488,0.0,0.0824,0.0,0.0,0.0,0.0,0.0,0.0667,0.0,3338
k2192,0.0976,0.0,0.12974593,0.0,0.0,0.0,0.0,0.0,0.0667,0.0,166
k2012,0.0976,0.0,0.102674848,0.0,0.0,0.0,0.0357,0.0,0.0667,0.0,1937
k3015,0.0,0.285714286,0.128138485,0.0,0.0,0.0,0.0,0.0,0.0,0.117647059,2509
k2406,0.0732,0.0,0.0797,0.0,0.0,0.0,0.0,0.0,0.1,0.0,2841
k3058,0.0,0.0,0.216894616,0.0,0.0,0.0,0.0714,0.294085993,0.0,0.0,2264
k2419,0.0,0.0,0.187259177,0.0,0.0,0.0,0.0357,0.346499489,0.0667,0.0,1072
k1407,0.146341463,0.214285714,0.161804986,0.0,0.0,0.0,0.0357,0.0,0.166666667,0.0588,3408
k501,0.12195122,0.0,0.0511,0.0,0.0,0.0,0.0357,0.0,0.133333333,0.0,3239
k307,0.0488,0.0,0.0629,0.0,0.0,0.0,0.0,0.395361352,0.0333,0.0,2731
k1328,0.0,0.0,0.124160592,0.0,0.0,0.0873,0.0,0.333207771,0.0,0.0,1855
k2263,0.0,0.0,0.110577769,0.0,0.0,0.0,0.0714,0.0,0.0333,0.0,2752
k2153,0.0488,0.142857143,0.12685643,0.0,0.0,0.0,0.0,0.0,0.0667,0.0588,263
k2196,0.0732,0.214285714,0.131251152,0.0,0.0,0.0,0.0357,0.0,0.0333,0.0588,1009
k3415,0.0244,0.0,0.00747,0.0,0.0,0.0,0.0,0.0,0.0333,0.0,2291
k1907,0.0244,0.0,0.106593271,0.0,0.0,0.0,0.0357,0.500026906,0.0333,0.0,1569
k2422,0.0244,0.0,0.113648211,0.0,0.0,0.0,0.0,0.0,0.0,0.0,1731
k2128,0.0244,0.0,0.0849,0.0,0.0,0.0,0.0,0.0,0.0333,0.0,3136
k60,0.0488,0.0,0.166266394,0.0,0.0,0.0,0.0714,0.0,0.2,0.0,280
k1798,0.0,0.0,0.212483094,0.0,0.0,0.0,0.0357,0.295000807,0.0,0.0,1429
k365,0.0488,0.0,0.0902,0.0,0.0,0.0,0.0,0.0,0.0333,0.0,2456
k2675,0.0,0.0,0.0747,0.0,0.0,0.0,0.0,0.0,0.0,0.0,609
k1584,0.12195122,0.0,0.114724261,0.0,0.0,0.0251,0.0357,0.0,0.166666667,0.0,1213
k579,0.0732,0.0,0.0971,0.0,0.0,0.0,0.0,0.385621267,0.0333,0.0,1008
k1102,0.0,0.0,0.0944,0.0,0.0,0.0,0.0,0.0,0.0,0.0,857
k3024,0.0244,0.0,0.0759,0.0,0.0,0.0,0.0,0.0,0.0333,0.0,3226
k1561,0.0244,0.0,0.093,0.0,0.0,0.0,0.0,0.0,0.0333,0.0,87
k175,0.0488,0.0,0.094,0.0,0.0,0.0,0.0,0.0,0.133333333,0.0,935
k3206,0.0976,0.0714,0.196103182,0.0,0.0,0.0261,0.0,0.0,0.1,0.117647059,2429
k2245,0.0,0.0,0.141787752,0.0,0.0,0.0,0.0,0.0,0.0,0.0,1886
k2315,0.0488,0.0,0.135173484,0.0,0.0,0.0833,0.0,0.0,0.133333333,0.0,1147
k688,0.12195122,0.0714,0.103148008,0.0,0.0,0.0,0.0357,0.0,0.1,0.0,130
k2662,0.0732,0.0,0.0666,0.0,0.0,0.0,0.0,0.0,0.1,0.0,2651
k2495,0.0,0.0,0.104179657,0.0,0.0,0.0,0.0,0.0,0.0,0.0,2330
k870,0.170731707,0.0,0.359640354,0.1875,0.0385,0.0,0.0,0.0,0.4,0.0,2188
k451,0.0244,0.0,0.0922,0.0,0.0,0.0,0.0,0.0,0.0667,0.0,2759
k1082,0.0,0.0,0.14531852,0.0,0.0,0.0,0.0357,0.595490502,0.0,0.0,1108
k2277,0.0976,0.428571429,0.191867726,0.0,0.0385,0.0251,0.0,0.0,0.1,0.0,717
k146,0.0976,0.0,0.201533484,0.0,0.0192,0.0,0.0,0.0,0.133333333,0.0,2313
k939,0.0244,0.0714,0.126322811,0.0,0.0,0.0,0.0,0.0,0.0333,0.0588,1533
k2801,0.0,0.0,0.126150616,0.0,0.0,0.0,0.0,0.0,0.0,0.117647059,508
k2075,0.0244,0.357142857,0.184868122,0.0,0.0577,0.0,0.0,0.0,0.133333333,0.0,956
k3064,0.0488,0.0714,0.102636794,0.0,0.0,0.0,0.0714,0.0,0.0667,0.0588,2639
k3384,0.0244,0.214285714,0.181703777,0.0625,0.0,0.0219,0.0,0.0,0.133333333,0.0588,2612
k1938,0.0976,0.0,0.159227911,0.0,0.0,0.0,0.0357,0.460905128,0.0667,0.0,132
k1239,0.0,0.0,0.0747,0.0,0.0,0.0,0.0,0.0,0.0,0.0,2145
k3224,0.0244,0.0,0.0916,0.0,0.0,0.0,0.0,0.0,0.0333,0.0,298
k545,0.12195122,0.142857143,0.187421676,0.0,0.0,0.0,0.0357,0.0,0.133333333,0.0588,3382
k2686,0.146341463,0.0,0.183854746,0.0,0.0,0.0,0.0714,0.0,0.133333333,0.0,3169
k472,0.0244,0.0,0.126914134,0.0,0.0,0.0,0.0357,0.0,0.1,0.0,1539
k2184,0.146341463,0.0,0.195243489,0.0,0.0,0.0833,0.0,0.0,0.133333333,0.0,2043
k2999,0.219512195,0.0,0.245520304,0.0,0.153846154,0.0,0.107142857,0.0,0.166666667,0.0,2075
k2855,0.0488,0.0714,0.132159608,0.0,0.0,0.0,0.0714,0.0,0.0667,0.0588,1035
k2300,0.243902439,0.0,0.138850511,0.0,0.0,0.0251,0.142857143,0.0,0.233333333,0.0,6
k2058,0.0976,0.0,0.133413852,0.0,0.0,0.0,0.0,0.0,0.133333333,0.0588,2205
k1567,0.0244,0.0,0.0964,0.0,0.0,0.0,0.0,0.0,0.166666667,0.0,2003
k2642,0.0244,0.0,0.114386816,0.0,0.0,0.0,0.0357,0.453855675,0.0333,0.0,578
k2656,0.0,0.0,0.0581,0.0,0.0,0.0,0.0357,0.0,0.0,0.0,2119
k2417,0.0976,0.0714,0.151859864,0.0,0.0,0.0,0.0,0.0,0.1,0.0,1236
k1264,0.0,0.0,0.114393366,0.0,0.0,0.0,0.0357,0.0,0.0333,0.0,2795
k2750,0.0488,0.0714,0.139334794,0.0,0.0,0.0,0.0,0.0,0.0667,0.0,863
k669,0.0,0.0,0.119065964,0.0,0.0,0.0,0.0,0.0,0.0667,0.0,2745
k353,0.0,0.0,0.203599044,0.0,0.0,0.0,0.0,0.0,0.0,0.0,749
k261,0.0,0.0,0.0929,0.0,0.0,0.0,0.0,0.0,0.0333,0.0,2478
k144,0.0244,0.0,0.0349,0.0,0.0,0.0,0.0,0.0,0.0333,0.0,1261
k1162,0.0,0.0,0.166291991,0.0,0.0,0.0,0.0714,0.0,0.266666667,0.0,2411
k2815,0.0732,0.0714,0.168565627,0.125,0.0,0.0,0.0357,0.0,0.166666667,0.0,3349
k2336,0.0488,0.0,0.114476175,0.0,0.0,0.0,0.0,0.0,0.0667,0.0,259
k1790,0.0244,0.0,0.129135022,0.0,0.0,0.0,0.0,0.0,0.0667,0.0,570
k3300,0.146341463,0.0,0.0895,0.0,0.0,0.0,0.0,0.0,0.0667,0.0,3142
k560,0.0976,0.142857143,0.281473241,0.0,0.0,0.0,0.0,0.0,0.0667,0.0588,1965
k3199,0.0244,0.0,0.108998722,0.0,0.0,0.0261,0.0,0.0,0.0,0.0,599
k568,0.0244,0.0,0.0814,0.0,0.0,0.0,0.0,0.0,0.1,0.0,1532
k477,0.0488,0.0,0.117146462,0.0,0.0,0.0,0.0,0.0,0.0333,0.0,972
k2598,0.0488,0.0,0.241336455,0.0,0.0,0.0112,0.0357,0.0,0.2,0.0,787
k2072,0.0244,0.0714,0.132078621,0.0,0.0,0.0,0.0,0.0,0.0333,0.0588,459
k1966,0.146341463,0.0,0.157427793,0.0,0.0,0.0,0.0,0.0,0.1,0.0588,2804
k2118,0.0244,0.0,0.0598,0.0,0.0,0.0,0.0,0.0,0.0667,0.0,3087
k1696,0.0488,0.0,0.0869,0.0,0.0,0.0,0.0,0.0,0.0333,0.0,3409
k2937,0.243902439,0.0714,0.203158233,0.0,0.0,0.0,0.142857143,0.677931443,0.166666667,0.0,886
k2547,0.0244,0.0714,0.122064202,0.0,0.0,0.0,0.0,0.0,0.0667,0.0,2792
k896,0.0,0.142857143,0.0825,0.0,0.0,0.0,0.0,0.0,0.0,0.0,2366
k1044,0.0244,0.0,0.09,0.0,0.0,0.0,0.0,0.0,0.1,0.0,1714
k3072,0.219512195,0.142857143,0.149127713,0.0,0.0,0.0,0.0714,0.0,0.166666667,0.0588,605
k1968,0.0488,0.0,0.0845,0.0,0.0,0.0,0.0,0.0,0.0667,0.0,2035
k1882,0.0,0.142857143,0.13610903,0.0,0.0,0.0,0.0,0.0,0.0,0.117647059,1392
k466,0.146341463,0.0,0.0832,0.0,0.0,0.0,0.0,0.0,0.133333333,0.0,81
k3047,0.0,0.0,0.116277635,0.0,0.0,0.0,0.0,0.0,0.0,0.0,2590
k2337,0.0976,0.0714,0.124402956,0.0,0.0,0.0,0.0,0.0,0.133333333,0.0588,1784
k137,0.146341463,0.0,0.124991662,0.0,0.0,0.0,0.0,0.0,0.133333333,0.0588,356
k1641,0.0976,0.0,0.114724261,0.0,0.0,0.0,0.0357,0.0,0.166666667,0.0,2584
k2796,0.317073171,0.357142857,0.329962154,0.0,0.0385,0.0,0.178571429,0.0,0.366666667,0.0,1238
k2621,0.0244,0.0714,0.118066699,0.0,0.0,0.0,0.0,0.0,0.0333,0.0588,1870
k1682,0.0244,0.357142857,0.181703777,0.0,0.0,0.0219,0.0,0.0,0.133333333,0.0,1918
k2142,0.0244,0.0714,0.0958,0.0,0.0,0.0,0.0,0.0,0.0333,0.0588,278
k790,0.195121951,0.0714,0.134276874,0.0,0.0,0.0,0.0357,0.0,0.2,0.0,1914
k1183,0.12195122,0.0,0.150395581,0.0,0.0,0.0,0.0,0.0,0.0333,0.0,2076
k1481,0.0244,0.0,0.0536,0.0,0.0,0.0,0.0,0.371468547,0.0333,0.0,188
k3235,0.0244,0.0,0.156364872,0.0,0.0,0.0784,0.0,0.0,0.0333,0.0,3242
k1068,0.12195122,0.0714,0.18020727,0.0,0.0,0.0,0.142857143,0.0,0.2,0.0588,3115
k2863,0.0732,0.0714,0.0994,0.0,0.0,0.0,0.0,0.0,0.0667,0.0588,379
k104,0.12195122,0.0,0.134397863,0.0,0.0,0.0,0.0,0.0,0.0667,0.0,2216
k3035,0.146341463,0.285714286,0.211338078,0.0,0.0,0.0,0.0,0.0,0.0667,0.470588235,2095
k158,0.0,0.0,0.120877773,0.0,0.0,0.0,0.0,0.411451326,0.0,0.0,1509
k686,0.0488,0.142857143,0.163466026,0.0,0.0,0.0,0.0,0.0,0.0667,0.0,2310
k2955,0.170731707,0.0,0.0754,0.0,0.0,0.0,0.0357,0.0,0.133333333,0.0,2083
k3143,0.0732,0.0,0.115342342,0.0,0.0,0.0833,0.0,0.0,0.133333333,0.0,3316
k2027,0.0,0.0,0.133712485,0.0,0.0,0.0,0.0,0.0,0.1,0.0,1044
k1455,0.0244,0.0,0.155732794,0.0,0.0,0.0,0.0,0.396975731,0.1,0.0,1884
k1130,0.0,0.0,0.114393366,0.0,0.0,0.0,0.0,0.0,0.0,0.117647059,198
k1969,0.0732,0.0714,0.130759701,0.0,0.0,0.0,0.0,0.0,0.1,0.0,343
k2262,0.0244,0.0714,0.10819582,0.0,0.0,0.0,0.0,0.0,0.0333,0.0,2227
k3381,0.0976,0.0,0.121346049,0.0,0.0,0.0,0.0,0.0,0.133333333,0.0,591
k3307,0.0976,0.0,0.0753,0.0,0.0,0.0,0.0714,0.0,0.0667,0.0,121
k912,0.0,0.0,0.089,0.0,0.0,0.0,0.0,0.0,0.0,0.0,824
k1734,0.0488,0.0714,0.103433024,0.0,0.0,0.0,0.0714,0.0,0.0333,0.0,484
k1126,0.0,0.142857143,0.158565898,0.0,0.0,0.0,0.0,0.0,0.0,0.0,1362
k2285,0.0,0.0,0.0718,0.0,0.0,0.0,0.0,0.0,0.0667,0.0,1335
k2110,0.0976,0.0,0.0599,0.0,0.0,0.0784,0.0,0.0,0.0667,0.0,3139
k2437,0.0,0.0,0.118533756,0.0,0.0,0.0,0.0357,0.0,0.0333,0.0,1543
k1237,0.0,0.0,0.133177676,0.0,0.0,0.0,0.0,0.0,0.0,0.0,589
k161,0.0,0.0,0.0994,0.0,0.0,0.0,0.0,0.0,0.0333,0.0,1372
k1978,0.0244,0.0,0.0747,0.0,0.0,0.0,0.0,0.0,0.0333,0.0,370
k2496,0.0488,0.0,0.114469014,0.0,0.0,0.0,0.0,0.0,0.0667,0.0,52
k1074,0.0244,0.0,0.16498395,0.0,0.0,0.0,0.0,0.0,0.0333,0.0,1034
k76,0.0976,0.0714,0.12014805,0.0,0.0,0.0,0.0,0.0,0.1,0.0,2595
k3392,0.0488,0.0,0.0924,0.0,0.0,0.0,0.0,0.0,0.0333,0.0,1282
k1886,0.0488,0.0,0.0716,0.0,0.0,0.0,0.0,0.0,0.0333,0.0,2025
k1850,0.0488,0.0,0.163879448,0.0,0.0385,0.0,0.0,0.0,0.0667,0.0,473
k216,0.170731707,0.214285714,0.16475039,0.125,0.0,0.0,0.0,0.0,0.2,0.0,1325
k729,0.0,0.0,0.118288707,0.0,0.0,0.0,0.0,0.0,0.0,0.0,2620
k1995,0.0244,0.142857143,0.187384461,0.0,0.0385,0.0,0.0,0.0,0.1,0.0,1231
k3091,0.0,0.0,0.103694414,0.0,0.0,0.0,0.0,0.0,0.0,0.0,1039
k2284,0.0732,0.0,0.184121055,0.0,0.0,0.0,0.0,0.0,0.0333,0.0,312
k2305,0.0244,0.0714,0.130156785,0.0,0.0,0.0,0.0,0.0,0.0333,0.0,2912
k906,0.0732,0.0,0.228494421,0.0,0.0,0.0,0.0,0.517354571,0.0667,0.0,1150
k2391,0.0,0.0,0.0744,0.0,0.0,0.0,0.0,0.0,0.0,0.0,258
k2521,0.0,0.0,0.093,0.0,0.0,0.0,0.0,0.0,0.0,0.0,3151
k3294,0.0244,0.0,0.0844,0.0,0.0,0.0,0.0,0.303449389,0.0333,0.0,1813
k3019,0.0,0.0,0.0435,0.0,0.0,0.0,0.0,0.0,0.0333,0.0,3415
k245,0.0,0.428571429,0.157511595,0.0,0.0,0.0,0.0,0.0,0.0,0.235294118,1652
k381,0.0488,0.0714,0.120567531,0.0,0.0,0.0,0.0357,0.0,0.0333,0.0588,742
k597,0.0488,0.0,0.093,0.0,0.0,0.0,0.0,0.0,0.0333,0.0,629
k643,0.0244,0.0,0.0747,0.0,0.0,0.0,0.0,0.0,0.0667,0.0,3402
k1589,0.0,0.0,0.117456728,0.0,0.0,0.0236,0.0,0.0,0.0333,0.0,616
k1654,0.0488,0.0,0.123405184,0.0,0.0,0.0,0.0,0.0,0.0667,0.0,401
k2772,0.0488,0.0,0.0597,0.0,0.0,0.0,0.0,0.0,0.0333,0.0,1516
k670,0.0,0.0,0.0924,0.0,0.0,0.0,0.0,0.0,0.0,0.0,3215
k1437,0.0,0.0,0.114906261,0.0,0.0,0.0,0.0,0.0,0.0,0.0,2406
k2892,0.0,0.0,0.0747,0.0,0.0,0.0,0.0,0.0,0.0,0.0,984
k843,0.0244,0.0,0.125376426,0.0,0.0,0.0784,0.0,0.0,0.0333,0.0,3261
k1092,0.146341463,0.0714,0.238493055,0.0,0.0,0.0,0.0357,0.0,0.1,0.0,1403
k47,0.0,0.0,0.0722,0.0,0.0,0.0,0.0,0.292955927,0.0333,0.0,722
k3299,0.292682927,0.142857143,0.166621981,0.0,0.0,0.0,0.0714,0.0,0.166666667,0.0,2383
k1128,0.0,0.0,0.0747,0.0,0.0,0.0,0.0,0.0,0.0,0.0,1092
k2911,0.243902439,0.0,0.305304489,0.0,0.0769,0.0,0.0357,0.0,0.233333333,0.0,1716
k2321,0.0976,0.0,0.156360492,0.0,0.0,0.0,0.0,0.0,0.0667,0.0588,753
k1448,0.0488,0.0,0.101357525,0.0,0.0,0.0,0.0,0.0,0.0667,0.0,234
k2424,0.0,0.0,0.0827,0.0,0.0,0.0,0.0357,0.0,0.133333333,0.0,1512
k194,0.0244,0.0,0.162578517,0.0,0.0,0.0873,0.0357,0.346983802,0.1,0.0,133
k207,0.12195122,0.142857143,0.136799911,0.0,0.0,0.0,0.0,0.0,0.166666667,0.0588,2051
k611,0.0244,0.0,0.091,0.0,0.0,0.0,0.0,0.0,0.0333,0.0,942
k398,0.0244,0.0,0.107185355,0.0,0.0,0.0,0.0,0.0,0.166666667,0.0,509
k1973,0.0,0.0,0.134000083,0.0,0.0,0.0,0.0357,0.0,0.0333,0.0,1920
k608,0.146341463,0.0,0.110442069,0.0,0.0192,0.032,0.0,0.0,0.133333333,0.0,860
k778,0.0244,0.0,0.131545504,0.0,0.0385,0.0,0.0714,0.0,0.0667,0.0,86
k929,0.0,0.0,0.127126445,0.0,0.0,0.0,0.0357,0.520583329,0.0667,0.0,1152
k3426,0.0,0.0,0.122026596,0.0,0.0,0.0,0.0357,0.0,0.0,0.0,2697
k1238,0.0732,0.0,0.157529527,0.0,0.0,0.0,0.0,0.34590755,0.1,0.0,3033
k2790,0.0244,0.0714,0.0896,0.0,0.0,0.0,0.0,0.0,0.0333,0.0,2256
k2130,0.0976,0.0,0.0528,0.0,0.0,0.0668,0.0,0.0,0.133333333,0.0,903
k1820,0.0244,0.0714,0.125108429,0.0,0.0,0.0,0.0,0.0,0.0333,0.0,474
k2367,0.0976,0.0,0.380877249,0.0,0.0192,0.0,0.178571429,0.40128074,0.0667,0.0,248
k2035,0.0732,0.0,0.0853,0.0,0.0,0.0261,0.0,0.0,0.0667,0.0,2079
k3293,0.0488,0.0,0.099,0.0,0.0,0.0,0.0,0.0,0.0667,0.0,340
k1839,0.0732,0.0,0.124851989,0.0,0.0,0.0,0.0,0.0,0.0667,0.0,1179
k1029,0.0244,0.0,0.065,0.0,0.0,0.0,0.0,0.0,0.0667,0.0,1490
k863,0.0976,0.0,0.209089626,0.0,0.0,0.0,0.0357,0.0,0.1,0.0,2908
k131,0.0,0.0,0.141168572,0.0,0.0,0.0,0.0,0.0,0.0,0.0,2471
k2593,0.0732,0.0,0.159876143,0.0,0.0,0.0,0.0357,0.0,0.0667,0.117647059,848
k1208,0.0,0.0,0.127690103,0.0,0.0,0.0,0.0,0.0,0.0,0.0,2601
k1281,0.0,0.0,0.0829,0.0,0.0,0.0,0.0,0.0,0.0,0.0,1655
k1211,0.0,0.0714,0.114049872,0.0,0.0,0.0,0.0,0.0,0.0333,0.0,3090
k3114,0.0732,0.0,0.115994058,0.0,0.0,0.0,0.0,0.429693806,0.0333,0.0,1557
k3354,0.0,0.0,0.167426072,0.0,0.0,0.0,0.0,0.261475542,0.0667,0.0,529
k1166,0.0976,0.0,0.158203997,0.0,0.0,0.0,0.142857143,0.0,0.1,0.0588,3225
k495,0.0976,0.0,0.154618523,0.0,0.0,0.0,0.0,0.0,0.1,0.0,1186
k2121,0.170731707,0.0,0.164445145,0.0,0.0,0.0,0.0,0.0,0.133333333,0.0588,3222
k433,0.195121951,0.0,0.118376194,0.0,0.0,0.0,0.0357,0.0,0.1,0.0,3075
k2111,0.0976,0.0,0.218934977,0.0,0.0,0.0,0.0357,0.0,0.1,0.0,849
k2144,0.268292683,0.0,0.223906663,0.0,0.0,0.0,0.0714,0.0,0.166666667,0.0,1309
k1809,0.0976,0.0,0.13849855,0.0,0.0,0.0,0.0357,0.0,0.133333333,0.0,2750
k469,0.0976,0.0,0.115309875,0.0,0.0,0.0,0.0,0.0,0.1,0.0,3205
k1302,0.0488,0.0,0.103433024,0.0,0.0,0.0,0.0714,0.0,0.0333,0.0,1276
k1946,0.0,0.0,0.109758172,0.0,0.0,0.0,0.0,0.0,0.0,0.0,1356
k2857,0.146341463,0.0,0.103482972,0.0,0.0,0.0,0.0,0.0,0.1,0.0,424
k1456,0.0244,0.0,0.14342355,0.0,0.0,0.0,0.0,0.0,0.0667,0.0,3395
k1862,0.0976,0.285714286,0.150566214,0.0,0.0,0.0251,0.0357,0.0,0.1,0.0,123
k1420,0.0976,0.0714,0.264822611,0.0,0.0,0.0251,0.0,0.0,0.1,0.0,2381
k3017,0.146341463,0.0,0.134691931,0.0,0.0192,0.0,0.0357,0.0,0.133333333,0.0,835
k3153,0.0488,0.0,0.146136461,0.0,0.0,0.0,0.0357,0.0,0.0667,0.0588,2984
k2838,0.0488,0.0,0.0903,0.0,0.0,0.0,0.0,0.0,0.1,0.0,2125
k3065,0.0244,0.0,0.123353717,0.0,0.0,0.0784,0.0,0.0,0.0333,0.0,1904
k3079,0.12195122,0.0,0.120459715,0.0,0.0,0.0,0.0357,0.0,0.0667,0.0588,268
k1702,0.0244,0.0,0.134000083,0.0,0.0,0.0,0.0357,0.0,0.0333,0.0588,2254
k862,0.0244,0.142857143,0.118066699,0.0,0.0,0.0,0.0,0.0,0.0333,0.117647059,3105
k649,0.146341463,0.0714,0.149342529,0.0,0.0,0.0,0.0,0.0,0.166666667,0.0588,39
k2097,0.170731707,0.0714,0.115639212,0.0,0.0,0.0,0.0,0.0,0.133333333,0.0,2579
k1729,0.0,0.0,0.0867,0.0,0.0,0.0,0.0,0.0,0.0,0.0,2676
k20,0.219512195,0.142857143,0.165961475,0.0,0.0,0.0,0.0714,0.0,0.233333333,0.117647059,2903
k201,0.0,0.0,0.114906261,0.0,0.0,0.0,0.0,0.0,0.0,0.0,673
k2710,0.0,0.0,0.190370835,0.0,0.0,0.0,0.0,0.0,0.0,0.0,2761
k147,0.146341463,0.0,0.173414646,0.0,0.0,0.0416,0.0,0.0,0.0667,0.0,1293
k3424,0.0244,0.0,0.314629137,0.0,0.0,0.0,0.0357,0.0,0.1,0.0,2073
k417,0.0488,0.0,0.287555345,0.0,0.0,0.0,0.0357,0.384814077,0.0667,0.0,2791
k2733,0.0,0.0,0.0731,0.0,0.0,0.0,0.0,0.0,0.0,0.0,3195
k1678,0.0732,0.0,0.13855731,0.0,0.0,0.0,0.107142857,0.0,0.0333,0.0,2693
k3048,0.0488,0.0,0.0314,0.0,0.0,0.0,0.0714,0.0,0.0333,0.0,2840
k2737,0.0976,0.142857143,0.141485905,0.0,0.0,0.0,0.0,0.0,0.2,0.0,3322
k488,0.0244,0.0,0.102277296,0.0,0.0,0.0,0.0,0.0,0.0333,0.176470588,1961
k1771,0.0976,0.0714,0.369713647,0.0,0.0,0.0,0.0,0.0,0.1,0.0,447
k2098,0.0244,0.0,0.0735,0.0,0.0,0.0,0.0,0.0,0.0667,0.0,663
k644,0.0488,0.0,0.0712,0.0,0.0,0.0,0.0,0.0,0.0333,0.0,2245
k2459,0.0244,0.0,0.025,0.0,0.0,0.0,0.0,0.0,0.0333,0.0,1029
k1300,0.0,0.214285714,0.153548649,0.0,0.0,0.0236,0.0,0.0,0.1,0.0,245
k2468,0.0732,0.142857143,0.160657325,0.0,0.0,0.0,0.0357,0.0,0.0333,0.0588,3260
k1500,0.0,0.0,0.100128307,0.0,0.0,0.0,0.0,0.0,0.0,0.117647059,3270
k3375,0.0488,0.0,0.0275,0.0,0.0,0.10526316,0.0,0.0,0.0,0.0,653
k2773,0.0244,0.0,0.0593,0.0,0.0,0.0,0.0,0.0,0.1,0.0,654
k2568,0.0244,0.0,0.1406943,0.0,0.0,0.0,0.0,0.0,0.0333,0.0,2200
k174,0.0976,0.0,0.198812481,0.0,0.0,0.0261,0.0,0.0,0.1,0.0588,3429
k1251,0.0976,0.142857143,0.212428046,0.0,0.0,0.0,0.0,0.431738686,0.0333,0.0,147
k1060,0.0488,0.0,0.10729663,0.0,0.0,0.0,0.0,0.0,0.0667,0.0588,524
k2360,0.146341463,0.0714,0.179143069,0.0,0.0,0.0,0.0357,0.0,0.1,0.0588,3262
k239,0.0,0.0,0.0747,0.0,0.0,0.0,0.0,0.0,0.0,0.0,1157
k818,0.0488,0.0,0.120567531,0.0,0.0,0.0,0.0357,0.0,0.0333,0.0588,314
k2657,0.43902439,0.214285714,0.356232695,0.0,0.0,0.0,0.0714,0.0,0.2,0.117647059,1883
k249,0.0,0.0,0.0699,0.0,0.0,0.0,0.0,0.0,0.0,0.0,1341
k3243,0.0244,0.0,0.0537,0.0,0.0,0.0,0.0,0.0,0.0333,0.0,3234
k152,0.0244,0.0,0.149281893,0.0,0.0,0.0,0.0357,0.0,0.1,0.0,2815
k196,0.0976,0.0,0.0902,0.0,0.0,0.0,0.0357,0.0,0.0667,0.0,987
k2868,0.0488,0.0714,0.111861004,0.0,0.0,0.0,0.0,0.0,0.0333,0.0,237
k309,0.0488,0.0714,0.134000083,0.0,0.0,0.0,0.0714,0.0,0.0667,0.0588,2945
k2699,0.0244,0.0,0.114916759,0.0,0.0,0.0,0.0357,0.439487704,0.0333,0.0,2760
k280,0.0976,0.0,0.15624158,0.0,0.0,0.0,0.0,0.0,0.0,0.0,2924
k1075,0.0,0.0,0.152386767,0.0,0.0,0.0,0.0,0.0,0.0,0.235294118,2044
k3257,0.12195122,0.0,0.102768669,0.0,0.0,0.0,0.0,0.0,0.0667,0.0,292
k271,0.0,0.0,0.109758172,0.0,0.0,0.0,0.0,0.0,0.0,0.0,3118
k2120,0.0488,0.0,0.0701,0.0,0.0,0.0,0.0,0.0,0.0667,0.0,2414
k3139,0.0976,0.0714,0.114975793,0.0,0.0,0.0,0.0357,0.0,0.0667,0.0588,1619
k2172,0.146341463,0.142857143,0.39445254,0.0,0.0192,0.0,0.178571429,0.406500565,0.1,0.0,2275
k1494,0.0,0.0,0.10819582,0.0,0.0,0.0,0.0,0.0,0.0,0.0,708
k2443,0.0488,0.0,0.24266769,0.0,0.0,0.0416,0.0,0.0,0.1,0.117647059,2299
k2923,0.0488,0.0,0.13836846,0.0,0.0,0.0,0.0,0.0,0.0333,0.0,3295
k407,0.0488,0.0,0.135173484,0.0,0.0,0.0,0.0357,0.0,0.2,0.0,1997
k1134,0.0732,0.0714,0.368236906,0.125,0.0577,0.0219,0.0,0.0,0.366666667,0.0588,1835
k1511,0.0732,0.142857143,0.13141321,0.0,0.0,0.0,0.0714,0.0,0.1,0.0588,3231
k2869,0.0976,0.0714,0.195050031,0.0,0.0,0.0,0.0,0.0,0.1,0.0,3160
k2743,0.0976,0.142857143,0.13239065,0.0,0.0,0.0,0.142857143,0.0,0.1,0.0588,162
k2557,0.0,0.0,0.106593271,0.0,0.0,0.0,0.0357,0.559812732,0.0667,0.0,985
k1410,0.0488,0.0,0.04,0.0,0.0,0.0,0.0,0.0,0.0333,0.0,2562
k2609,0.170731707,0.0,0.131919436,0.0,0.0,0.0251,0.0,0.0,0.1,0.0,1177
k2882,0.0,0.0,0.0669,0.0,0.0,0.0,0.0,0.0,0.0,0.0,2947
k89,0.0488,0.0,0.208401078,0.0,0.0,0.0,0.0,0.0,0.0667,0.0,3109
k109,0.12195122,0.285714286,0.165425216,0.0,0.0,0.0,0.0,0.0,0.166666667,0.0,2695
k1024,0.0732,0.0,0.190246177,0.0,0.0,0.0,0.0357,0.0,0.0667,0.117647059,671
k2206,0.0,0.0,0.136663933,0.0,0.0,0.0,0.0,0.475004036,0.0,0.0,2061
k810,0.0488,0.0,0.160781898,0.0,0.0,0.0416,0.0,0.0,0.133333333,0.0,2803
k1640,0.0244,0.0714,0.118557001,0.0,0.0,0.0,0.0,0.487219502,0.0333,0.0,113
k612,0.0976,0.0,0.116896204,0.0,0.0,0.0,0.0357,0.479847172,0.0667,0.0,521
k1233,0.0488,0.0,0.0987,0.0,0.0,0.0,0.0,0.0,0.1,0.0,874
k1768,0.195121951,0.0,0.139592145,0.0,0.0,0.0,0.0714,0.0,0.133333333,0.0,2488
k3305,0.0488,0.0,0.0634,0.0,0.0,0.0,0.0357,0.0,0.0667,0.0,291
k457,0.0488,0.142857143,0.149692954,0.0,0.0,0.0,0.0714,0.0,0.0667,0.117647059,3343
k2537,0.146341463,0.0714,0.18237937,0.0,0.0,0.0,0.0,0.0,0.1,0.0,3081
k108,0.0244,0.0,0.231110219,0.0,0.0,0.0,0.0357,0.587472421,0.0333,0.0,1159
k2233,0.0,0.142857143,0.109900626,0.0,0.0,0.0,0.0,0.0,0.0,0.0,1359
k680,0.0,0.428571429,0.156545716,0.0,0.0,0.0,0.0,0.0,0.0,0.0,1721
k880,0.0,0.0,0.118765515,0.0,0.0,0.0,0.0,0.0,0.0,0.0,587
k1590,0.12195122,0.0,0.155849816,0.0,0.0,0.0,0.0714,0.0,0.0667,0.0,2939
k2607,0.0732,0.0,0.15423377,0.0,0.0,0.0,0.0,0.0,0.0667,0.0,3086
k3320,0.0732,0.0,0.0806,0.0,0.0,0.0,0.0,0.0,0.166666667,0.0,3355
k265,0.0,0.0,0.105570221,0.0,0.0,0.0,0.0357,0.0,0.0,0.0,2889
k2748,0.0,0.0,0.117227209,0.0,0.0,0.0,0.0,0.0,0.0,0.0,1748
k1470,0.0976,0.0,0.158203997,0.0,0.0,0.0,0.142857143,0.0,0.1,0.0588,100
k938,0.12195122,0.0,0.142518365,0.0,0.0,0.0,0.0,0.0,0.133333333,0.117647059,2799
k3213,0.0244,0.0,0.0844,0.0,0.0,0.0,0.0,0.0,0.0333,0.0,3255
k2707,0.0,0.0,0.141168572,0.0,0.0,0.0,0.0,0.0,0.0,0.0,1005
k3108,0.0,0.0,0.0886,0.0,0.0,0.0,0.0,0.0,0.0,0.0,485
k544,0.0976,0.0,0.180213214,0.0,0.0,0.0,0.0714,0.51794651,0.0667,0.0,1100
k1346,0.0,0.0,0.0685,0.0,0.0,0.0,0.0,0.0,0.0667,0.0,2853
k845,0.0976,0.0,0.201532218,0.0,0.0385,0.0,0.107142857,0.0,0.0667,0.0,1286
k1602,0.0244,0.0714,0.0856,0.0,0.0,0.0,0.0,0.0,0.0667,0.0588,2648
k2266,0.0,0.0,0.0699,0.0,0.0,0.0,0.0,0.0,0.0,0.0,2421
k2725,0.0488,0.142857143,0.114289916,0.0,0.0,0.0,0.0357,0.0,0.1,0.0,438
k3374,0.0488,0.0,0.128031386,0.0,0.0,0.0,0.0,0.0,0.0667,0.0,2553
k1395,0.0,0.0,0.0742,0.0,0.0,0.0,0.0,0.0,0.0667,0.0,1971
k3406,0.243902439,0.0,0.139063863,0.0,0.0,0.0,0.0,0.0,0.133333333,0.0,1245
k534,0.0488,0.0,0.0337,0.0,0.0,0.0,0.0714,0.0,0.0333,0.0,690
k1333,0.0732,0.0714,0.0836,0.0,0.0,0.0,0.0,0.0,0.1,0.0,1966
k2590,0.0488,0.142857143,0.129432759,0.0,0.0,0.0,0.0,0.0,0.0333,0.117647059,2581
k1282,0.0,0.0,0.096,0.0,0.0,0.0,0.0,0.0,0.0,0.0,1416
k2872,0.0,0.0,0.0747,0.0,0.0,0.0,0.0,0.0,0.0,0.0,998
k2826,0.0244,0.0,0.132078621,0.0,0.0,0.0,0.0,0.0,0.0333,0.0588,2657
k85,0.0244,0.0,0.0901,0.0,0.0,0.0,0.0,0.0,0.0333,0.0,3018
k1562,0.0244,0.0,0.102110784,0.0,0.0,0.0,0.0,0.0,0.0667,0.0,2821
k1139,0.0,0.0,0.094,0.0,0.0,0.0,0.0,0.421837163,0.0,0.0,1307
k3364,0.0976,0.0714,0.159427924,0.0,0.0,0.0261,0.0,0.0,0.1,0.176470588,2206
k2147,0.390243902,0.357142857,0.33574554,0.0,0.0962,0.0,0.178571429,0.0,0.366666667,0.0,1905
k3306,0.0488,0.0,0.114975793,0.0,0.0,0.0,0.0357,0.0,0.0333,0.0,1447
k1754,0.0732,0.0,0.171874596,0.0,0.0,0.0,0.142857143,0.0,0.0333,0.0,991
k2967,0.0488,0.0,0.163079481,0.0,0.0,0.0416,0.0357,0.0,0.166666667,0.0,2231
k528,0.0,0.142857143,0.100128307,0.0,0.0,0.0,0.0,0.0,0.0,0.0,2718
k1483,0.0,0.0,0.187188373,0.0,0.0385,0.0,0.0,0.0,0.133333333,0.0,2687
k3419,0.0732,0.0,0.290219678,0.1875,0.0,0.0873,0.0714,0.393908411,0.233333333,0.0,462
k2301,0.268292683,0.0714,0.211385105,0.0,0.0,0.0,0.142857143,0.0,0.233333333,0.0588,1257
k3137,0.0,0.0,0.0944,0.0,0.0,0.0,0.0357,0.0,0.0333,0.0,3378
k1916,0.0976,0.0714,0.074,0.0,0.0,0.0,0.0357,0.0,0.0667,0.0,563
k3055,0.0244,0.0,0.0736,0.0,0.0,0.0,0.0,0.0,0.0333,0.0,1675
k765,0.0488,0.0,0.0718,0.0,0.0,0.0,0.0,0.0,0.0333,0.0,57
k2187,0.0244,0.0,0.128554765,0.0,0.0,0.0,0.0,0.0,0.0333,0.0,3111
k1720,0.0976,0.0,0.189750659,0.0,0.0,0.0261,0.0,0.0,0.1,0.0588,1672
k2365,0.0488,0.0,0.145377507,0.0,0.0,0.0,0.0,0.0,0.133333333,0.0,2587
k1354,0.0244,0.0714,0.0733,0.0,0.0,0.0,0.0,0.0,0.0333,0.0,826
k2760,0.0,0.0,0.108619791,0.0,0.0,0.0,0.0,0.0,0.0,0.0,151
k1833,0.0732,0.0,0.148050671,0.0,0.153846154,0.0,0.0357,0.0,0.1,0.0,1923
k487,0.0,0.142857143,0.130311079,0.0,0.0,0.0,0.0,0.0,0.0,0.117647059,2174
k1077,0.0244,0.0,0.0759,0.0,0.0,0.0236,0.0,0.0,0.0667,0.0,457
k3115,0.0244,0.0,0.257417406,0.0,0.0,0.0,0.0,0.326804068,0.0333,0.0,2089
k3311,0.12195122,0.0714,0.240618029,0.0,0.0,0.0,0.0357,0.362643276,0.1,0.0,2290
k471,0.0,0.0,0.124389543,0.0,0.0,0.0,0.0,0.0,0.0333,0.0,3275
k2550,0.0,0.0,0.0972,0.0,0.0,0.0,0.0,0.0,0.0667,0.0,3401
k859,0.0,0.0,0.0859,0.0,0.0,0.0,0.0,0.403971372,0.0667,0.0,870
k25,0.0,0.142857143,0.102696589,0.0,0.0,0.0,0.0,0.0,0.0667,0.0,3175
k1146,0.0,0.0,0.120645851,0.0,0.0,0.0,0.0,0.0,0.0,0.0,97
k1528,0.170731707,0.0,0.139904842,0.0,0.0385,0.0,0.0357,0.0,0.133333333,0.0,988
k2792,0.0488,0.0,0.147709021,0.0,0.0,0.0,0.0357,0.0,0.0333,0.0,1237
k56,0.0,0.0,0.151336659,0.0,0.0,0.0,0.0,0.452833235,0.0,0.0,468
k1491,0.0732,0.0714,0.125108429,0.0,0.0,0.0,0.0,0.0,0.0667,0.0,1518
k3170,0.0,0.0,0.103694414,0.0,0.0,0.0,0.0,0.0,0.0,0.0,344
k1440,0.0488,0.285714286,0.0944,0.0,0.0,0.0,0.0,0.0,0.0,0.0,190
k1566,0.0244,0.0,0.0375,0.0,0.0,0.0,0.0,0.0,0.1,0.0,1778
k2155,0.0244,0.0,0.0724,0.0,0.0,0.0,0.0,0.0,0.0667,0.0,1184
k1051,0.0732,0.0,0.145377507,0.0,0.0,0.0,0.0,0.0,0.0333,0.0,432
k2309,0.0244,0.0,0.115389388,0.0,0.0,0.0,0.0,0.0,0.0667,0.0,247
k2669,0.0,0.285714286,0.157511595,0.0,0.0,0.0,0.0,0.0,0.0,0.235294118,1621
k3400,0.0,0.0,0.128842317,0.0,0.0,0.0,0.0,0.424743045,0.0,0.0,697
k248,0.0,0.0,0.126322811,0.0,0.0,0.0,0.0,0.0,0.0,0.0,603
k328,0.0,0.0,0.138891281,0.0,0.0,0.0,0.0,0.0,0.133333333,0.0,1190
k2489,0.146341463,0.0,0.0798,0.0,0.0,0.0251,0.0,0.0,0.1,0.0,630
k2254,0.0,0.0,0.165360569,0.0,0.0,0.0,0.0,0.0,0.0,0.0,1686
k1186,0.0,0.0,0.120877773,0.0,0.0,0.0,0.0,0.404186622,0.0,0.0,2123
k1620,0.0244,0.0714,0.113222369,0.0,0.0,0.0,0.0,0.0,0.0333,0.0,1782
k1892,0.0976,0.0,0.0692,0.0,0.0,0.0,0.0,0.0,0.0667,0.0,20
k3205,0.0244,0.0,0.136148564,0.0,0.0,0.11661844,0.0,0.0,0.0667,0.0,3341
k2166,0.0488,0.0714,0.0876,0.0,0.0,0.0,0.0714,0.0,0.0333,0.0,98
k279,0.0,0.0,0.114906261,0.0,0.0,0.0,0.0,0.0,0.0,0.0,1528
k2814,0.0,0.0,0.104179657,0.0,0.0,0.0,0.0,0.0,0.0333,0.0,2611
k1913,0.0,0.0,0.12047413,0.0,0.0,0.0,0.0,0.0,0.1,0.0,3163
k697,0.0244,0.0,0.0718,0.0,0.0,0.0,0.0357,0.0,0.1,0.0,315
k772,0.0488,0.0,0.0634,0.0,0.0,0.0,0.0,0.0,0.0333,0.0,1851
k1175,0.0732,0.0714,0.0981,0.0,0.0,0.0,0.0,0.0,0.0333,0.0,427
k573,0.146341463,0.0,0.115639212,0.0,0.0,0.0,0.0,0.0,0.1,0.0,649
k1769,0.0976,0.0,0.144463874,0.0,0.0,0.0,0.0,0.0,0.1,0.0,2867
k2695,0.0,0.0,0.127690103,0.0,0.0,0.0,0.0,0.0,0.0,0.0,2688
k436,0.0976,0.0,0.0909,0.0,0.0,0.0,0.0,0.0,0.0667,0.0,1953
k371,0.12195122,0.0,0.0812,0.0,0.0,0.0,0.0,0.0,0.0667,0.0,2058
k869,0.0488,0.0,0.132680765,0.0,0.0,0.0,0.0714,0.0,0.0667,0.0,1958
k1903,0.146341463,0.0,0.103482972,0.0,0.0,0.0,0.0,0.0,0.1,0.0,2190
k1849,0.0,0.142857143,0.089,0.0,0.0,0.0,0.0,0.0,0.0,0.0,1964
k1381,0.0,0.0,0.105041675,0.0,0.0,0.0,0.0,0.38260776,0.0,0.0,3210
k2185,0.0488,0.0714,0.244293633,0.0,0.0,0.0,0.0,0.0,0.0333,0.0,2520
k2948,0.146341463,0.0714,0.17981798,0.0,0.0,0.0,0.0,0.0,0.1,0.176470588,2219
k2910,0.0976,0.142857143,0.216025281,0.0,0.0,0.0261,0.0,0.0,0.1,0.176470588,1651
k226,0.0732,0.0,0.0876,0.0,0.0,0.0,0.0,0.0,0.0333,0.0,2203
k1465,0.0488,0.0,0.174873554,0.0,0.0,0.0,0.0,0.0,0.0333,0.0,3027
k1977,0.0976,0.142857143,0.212526268,0.0,0.0,0.0261,0.0,0.0,0.1,0.176470588,1498
k1045,0.0244,0.0,0.108246542,0.0,0.0,0.0,0.0,0.0,0.1,0.0,3026
k976,0.0,0.285714286,0.130311079,0.0,0.0,0.0,0.0,0.0,0.0,0.117647059,975
k2244,0.0976,0.0,0.109771923,0.0,0.0,0.0416,0.0,0.0,0.1,0.0,353
k2588,0.0976,0.0,0.162264497,0.0,0.0,0.0,0.0,0.0,0.133333333,0.0,3088
k2282,0.0,0.142857143,0.130311079,0.0,0.0,0.0,0.0,0.0,0.0,0.117647059,2822
k1215,0.0244,0.0,0.122500785,0.0,0.0,0.0,0.0,0.0,0.1,0.0,3132
k954,0.12195122,0.0,0.139486684,0.0,0.115384615,0.0,0.0357,0.0,0.133333333,0.0,105
k1341,0.0732,0.0,0.125819111,0.0,0.0,0.0,0.0357,0.441909272,0.0333,0.0,3206
k2850,0.0,0.0,0.0993,0.0,0.0,0.0,0.0,0.0,0.2,0.0,3259
k319,0.243902439,0.0714,0.160876323,0.0,0.0,0.0,0.0714,0.0,0.166666667,0.0,1793
k1787,0.0244,0.0,0.210295621,0.0,0.0385,0.0,0.0,0.0,0.0333,0.0,1970
k3393,0.0,0.0,0.122026596,0.0,0.0,0.0,0.0357,0.0,0.0,0.0,1156
k2154,0.0244,0.0,0.096,0.0,0.0,0.0,0.0,0.0,0.0333,0.0,1614
k2387,0.0,0.0,0.136663933,0.0,0.0,0.0,0.0,0.472044342,0.0,0.0,662
k123,0.0,0.0,0.122593006,0.0,0.0,0.0,0.0,0.0,0.0,0.0,1682
k756,0.0732,0.0,0.0379,0.0,0.0,0.0,0.0357,0.0,0.0333,0.0,182
k191,0.12195122,0.214285714,0.135762886,0.0,0.0,0.0,0.0,0.0,0.0667,0.0,2162
k1366,0.0244,0.0,0.124710512,0.0,0.0,0.0,0.0,0.0,0.1,0.0,3082
k1627,0.0,0.0,0.0747,0.0,0.0,0.0,0.0,0.0,0.0,0.0,2343
k1323,0.0976,0.0714,0.232223623,0.0,0.0,0.0,0.0,0.0,0.1,0.0,2923
k3338,0.0,0.0,0.0622,0.0,0.0,0.0,0.0,0.224237206,0.0,0.0,1328
k3411,0.146341463,0.0,0.132858921,0.0,0.0,0.0,0.0,0.0,0.1,0.0,2108
k1048,0.0488,0.0,0.096,0.0,0.0,0.0,0.0,0.0,0.0,0.0,2055
k2822,0.0,0.0,0.0873,0.0,0.0,0.0,0.0,0.0,0.0,0.0,747
k1062,0.0244,0.0,0.141075398,0.0,0.0,0.0,0.0,0.0,0.0333,0.0,3279
k2577,0.170731707,0.0,0.308660968,0.0,0.0,0.0,0.0357,0.369585105,0.1,0.0588,3125
k1817,0.0244,0.0,0.118547156,0.0,0.0,0.0,0.0,0.0,0.1,0.0,3103
k3401,0.0,0.0,0.103694414,0.0,0.0,0.0,0.0,0.0,0.0,0.0,620
k3178,0.0,0.0,0.0953,0.0,0.0,0.0,0.0,0.0,0.0,0.0,2536
k1619,0.0732,0.0,0.127142178,0.0,0.0,0.0416,0.0,0.0,0.133333333,0.0,3108
k1865,0.0,0.0,0.134730341,0.0,0.0,0.0,0.0357,0.329548512,0.0,0.0,398
k1554,0.146341463,0.285714286,0.203946283,0.0,0.0,0.0,0.0,0.0,0.2,0.0,911
k1541,0.0,0.0,0.101235957,0.0,0.0,0.0,0.0,0.0,0.1,0.0,2369
k1356,0.0488,0.0,0.123227741,0.0,0.0192,0.0,0.0,0.0,0.0667,0.0,3280
k148,0.0,0.285714286,0.106401929,0.0,0.0,0.0,0.0,0.0,0.0,0.0,2436
k1985,0.0244,0.0,0.0368,0.0,0.0,0.0416,0.0,0.0,0.0667,0.0,2012
k1705,0.0976,0.0714,0.201568708,0.0,0.0,0.0,0.0357,0.0,0.0667,0.117647059,2171
k1110,0.0488,0.0714,0.138154923,0.0,0.0,0.0,0.0714,0.0,0.0667,0.0588,2090
k2824,0.170731707,0.0,0.132171283,0.0,0.0385,0.032,0.0,0.0,0.133333333,0.0,1374
k1609,0.0488,0.0,0.0906,0.0,0.0,0.0,0.0,0.0,0.0667,0.0,1894
k2644,0.292682927,0.214285714,0.185679422,0.0,0.0,0.0,0.0714,0.0,0.2,0.0588,2191
k1663,0.0732,0.0,0.138891281,0.0,0.0,0.0,0.0,0.0,0.1,0.0,1663
k737,0.0244,0.0,0.0829,0.0,0.0,0.0,0.0,0.0,0.0333,0.0,1482
k1490,0.0,0.0,0.142639354,0.0,0.0,0.0,0.0,0.0,0.0,0.0,160
k2758,0.0244,0.0714,0.110713265,0.0,0.0,0.0,0.0,0.0,0.0667,0.0588,2823
k3033,0.0,0.0,0.315871038,0.0,0.0,0.0,0.0,0.0,0.0,0.0,418
k638,0.0244,0.214285714,0.192916596,0.0625,0.0577,0.0219,0.0357,0.0,0.133333333,0.0588,136
k2340,0.0488,0.0,0.162533381,0.0,0.0,0.0,0.0,0.0,0.0333,0.0,2160
k1190,0.0,0.0,0.114916759,0.0,0.0,0.0,0.0357,0.314911478,0.0,0.0,437
k2099,0.0732,0.142857143,0.121346049,0.0,0.0,0.0,0.0357,0.0,0.166666667,0.0,117
k2116,0.146341463,0.142857143,0.157463003,0.0,0.0769,0.0,0.0,0.0,0.1,0.0,243
k2771,0.0,0.0,0.110812498,0.0,0.0,0.0,0.0,0.0,0.0,0.0,1162
k1858,0.341463415,0.357142857,0.343118876,0.0,0.0385,0.0,0.178571429,0.0,0.4,0.0588,1708
k2719,0.0,0.0,0.141115202,0.0,0.0,0.0,0.0,0.0,0.0,0.0,1355
k1330,0.0,0.0,0.106401929,0.0,0.0,0.0,0.0,0.0,0.0,0.0,600
k1497,0.0244,0.0,0.0742,0.0,0.0,0.0784,0.0,0.0,0.0333,0.0,2294
k2384,0.0,0.0,0.0911,0.0,0.0,0.0,0.0714,0.0,0.0333,0.0,3318
k2619,0.0244,0.0,0.102636794,0.0,0.0,0.0,0.0,0.0,0.0667,0.0,3244
k3250,0.0976,0.0,0.0854,0.0,0.0,0.032,0.0,0.0,0.1,0.0,233
k1,0.0976,0.0714,0.144602525,0.0,0.0,0.0,0.214285714,0.0,0.1,0.117647059,1195
k1312,0.0976,0.0,0.106411151,0.0,0.0,0.0,0.0,0.0,0.0,0.0,3161
k3085,0.0976,0.0714,0.195622482,0.0,0.0,0.0,0.0714,0.43550557,0.0667,0.0,3336
k2995,0.0732,0.0,0.255739671,0.0,0.0192,0.0112,0.0357,0.0,0.166666667,0.117647059,1291
k1263,0.0244,0.0,0.127142178,0.0,0.0,0.0,0.0,0.0,0.0333,0.0,77
k1222,0.0976,0.0,0.104453606,0.0,0.0,0.0236,0.0,0.0,0.1,0.0,1200
k2881,0.0,0.142857143,0.122389443,0.0,0.0,0.0,0.0,0.0,0.0,0.0,333
k2692,0.0732,0.0,0.116711248,0.0,0.0,0.0,0.0714,0.0,0.0333,0.0,680
k2829,0.0,0.0,0.0805,0.0,0.0,0.0,0.0,0.0,0.0,0.0,2756
k19,0.0488,0.0,0.118109054,0.0,0.0,0.0,0.0,0.0,0.166666667,0.0,2023
k2523,0.0,0.0,0.145900783,0.0,0.0385,0.0,0.0,0.0,0.1,0.0,3104
k342,0.0,0.0,0.134730696,0.0,0.0,0.0,0.0,0.0,0.0,0.0,739
k1290,0.243902439,0.0,0.158003913,0.0,0.0,0.0,0.0714,0.0,0.133333333,0.117647059,2481
k2089,0.0488,0.0714,0.137105924,0.0625,0.0,0.0784,0.0,0.0,0.133333333,0.0,1093
k282,0.0976,0.0,0.0732,0.0,0.0,0.032,0.0357,0.0,0.1,0.0,2547
k3103,0.0732,0.0,0.132159608,0.0,0.0,0.0,0.0714,0.0,0.0333,0.0,1631
k2352,0.0,0.0,0.123692343,0.0,0.0,0.0,0.0,0.0,0.0,0.0,3035
k2102,0.0976,0.142857143,0.149342529,0.0,0.0,0.0,0.0357,0.0,0.133333333,0.0,2486
k2211,0.0732,0.0,0.0972,0.0,0.0,0.0,0.0,0.0,0.0667,0.0,2930
k3252,0.0488,0.0,0.179279402,0.0,0.0,0.0,0.0,0.0,0.166666667,0.117647059,1094
k3123,0.0,0.0,0.096,0.0,0.0,0.0,0.0357,0.238766615,0.0,0.0,3365
k1971,0.0976,0.0714,0.0868,0.0,0.0,0.0,0.0357,0.0,0.0667,0.0,982
k1887,0.0244,0.142857143,0.118930915,0.0,0.0,0.0,0.0,0.0,0.0667,0.0588,1549
k204,0.0976,0.0,0.177461111,0.0,0.0,0.0,0.0,0.0,0.0667,0.0,2322
k3030,0.0488,0.0,0.141885832,0.0,0.0,0.0,0.0,0.0,0.0667,0.0,777
k2705,0.0,0.0,0.120877773,0.0,0.0,0.0,0.0,0.395307539,0.0,0.0,2306
k387,0.0,0.0,0.146525466,0.0,0.0,0.0,0.0,0.0,0.0,0.0,74
k2712,0.0488,0.142857143,0.133132042,0.0,0.0,0.0,0.0,0.0,0.0333,0.0,1720
k3277,0.0976,0.0,0.327809323,0.25,0.0,0.0,0.0714,0.382338697,0.266666667,0.0,3194
k2533,0.0,0.0,0.094,0.0,0.0,0.0,0.0,0.438572889,0.0,0.0,1134
k1218,0.0488,0.0,0.0191,0.0,0.0,0.0,0.0,0.0,0.0667,0.0,2862
k2979,0.0,0.0,0.118176768,0.0,0.0,0.0,0.0,0.0,0.0,0.235294118,2848
k3001,0.0488,0.142857143,0.110577769,0.0,0.0,0.0,0.0714,0.0,0.0333,0.0,451
k1709,0.243902439,0.0714,0.129085048,0.0,0.0,0.0,0.107142857,0.0,0.2,0.0,746
k2139,0.146341463,0.214285714,0.149342529,0.0,0.0,0.0,0.0,0.0,0.2,0.0588,2178
k3154,0.0244,0.0,0.071,0.0,0.0,0.0,0.0,0.0,0.0333,0.0,1984
k2361,0.0488,0.0714,0.154876983,0.0,0.0,0.0,0.0,0.0,0.0667,0.0,487
k442,0.0732,0.0,0.0578,0.0,0.0,0.0,0.0,0.0,0.1,0.0,279
k2873,0.0244,0.0,0.0716,0.0,0.0,0.0,0.0,0.0,0.0333,0.0,1458
k118,0.0,0.0,0.0873,0.0,0.0,0.0,0.0,0.0,0.0,0.0,2566
k556,0.0,0.0,0.0829,0.0,0.0,0.0,0.0,0.0,0.0,0.0,2627
k3092,0.12195122,0.0714,0.108045582,0.0,0.0,0.0,0.0,0.0,0.133333333,0.0,1667
k1679,0.0976,0.0714,0.166420503,0.0,0.0,0.0,0.0,0.0,0.133333333,0.0,2161
k883,0.0488,0.0,0.106422379,0.0,0.0,0.0,0.0,0.0,0.0667,0.0,1922
k1551,0.0244,0.285714286,0.186190611,0.0625,0.0,0.0219,0.0,0.0,0.133333333,0.0588,1796
k349,0.0,0.0,0.0359,0.0,0.0,0.0,0.0,0.0,0.0,0.0,2838
k2369,0.536585366,0.285714286,0.485617119,0.0,0.0,0.0,0.357142857,0.0,0.466666667,0.0,2768
k3378,0.0244,0.0,0.094,0.0,0.0,0.0,0.0,0.0,0.1,0.0,388
k2067,0.0732,0.0,0.0634,0.0,0.0,0.0,0.0,0.0,0.1,0.0,3298
k1331,0.0488,0.0,0.0729,0.0,0.0,0.0,0.0,0.0,0.0667,0.0,1364
k1899,0.0,0.0,0.127690103,0.0,0.0,0.0,0.0,0.0,0.0,0.0,156
k3314,0.146341463,0.0,0.0827,0.0,0.0,0.0753,0.0,0.0,0.2,0.0,1846
k2364,0.0,0.142857143,0.135689778,0.0,0.0,0.0,0.0,0.0,0.0,0.117647059,2459
k2145,0.0244,0.0,0.0618,0.0,0.0,0.0236,0.0,0.0,0.1,0.0,678
k2251,0.0,0.0,0.10819582,0.0,0.0,0.0,0.0,0.0,0.0,0.0,1869
k2972,0.0732,0.0,0.0618,0.0,0.0,0.0,0.0,0.0,0.1,0.0,1506
k980,0.0488,0.0,0.102750089,0.0,0.0,0.0,0.0,0.0,0.0,0.0,1023
k1438,0.0488,0.0,0.0716,0.0,0.0,0.0,0.0,0.0,0.0333,0.0,2129
k1449,0.12195122,0.0,0.13285986,0.0,0.0,0.0416,0.0,0.0,0.1,0.0,1399
k2439,0.0,0.0,0.041,0.0,0.0,0.0,0.0,0.0,0.0,0.0,1558
k1031,0.170731707,0.142857143,0.133300585,0.0,0.0,0.0,0.0,0.0,0.133333333,0.0588,3085
k580,0.0,0.0,0.0885,0.0,0.0,0.0,0.0,0.0,0.0,0.0,1836
k1178,0.0244,0.0714,0.0921,0.0,0.0,0.0,0.0,0.0,0.0333,0.0,1492
k127,0.146341463,0.0,0.187885397,0.0,0.0,0.0261,0.0,0.0,0.133333333,0.0588,692
k1880,0.0488,0.0,0.0944,0.0,0.0,0.0,0.0,0.0,0.0,0.117647059,2814
k243,0.0732,0.0,0.432779212,0.25,0.0,0.0,0.0714,0.0,0.233333333,0.0,1648
k376,0.170731707,0.0714,0.18932067,0.0,0.0,0.0,0.0,0.0,0.133333333,0.0588,856
k2265,0.170731707,0.0714,0.188741891,0.0,0.0,0.0,0.0,0.0,0.133333333,0.0,511
k2041,0.12195122,0.0,0.121672889,0.0,0.0,0.0,0.0357,0.0,0.1,0.0,2002
k1132,0.0,0.0,0.0829,0.0,0.0,0.0,0.0,0.0,0.0,0.0,1595
k2973,0.146341463,0.0714,0.133404566,0.0,0.0,0.0,0.0357,0.0,0.1,0.0,1502
k1163,0.0,0.0,0.122389443,0.0,0.0,0.0,0.0,0.0,0.0,0.0,416
k1421,0.0732,0.142857143,0.131251152,0.0,0.0,0.0,0.0357,0.0,0.0333,0.117647059,2723
k1486,0.12195122,0.285714286,0.382000436,0.1875,0.0769,0.0,0.0,0.0,0.366666667,0.0,1294
k390,0.146341463,0.0,0.17281054,0.0,0.0,0.157894731,0.0,0.0,0.0333,0.0,2309
k3262,0.0244,0.0,0.0299,0.0,0.0,0.0784,0.0,0.0,0.0667,0.0,238
k2103,0.12195122,0.142857143,0.144732744,0.0,0.0,0.0,0.0,0.0,0.133333333,0.0588,829
k913,0.0732,0.0714,0.104625977,0.0,0.0,0.0,0.0,0.0,0.0667,0.0,1064
k2625,0.268292683,0.214285714,0.250047909,0.0,0.0,0.0,0.178571429,0.0,0.3,0.117647059,1872
k1017,0.0488,0.0,0.0578,0.0,0.0,0.0,0.0,0.0,0.0667,0.0,2709
k3084,0.341463415,0.0,0.320442826,0.0,0.173076923,0.0,0.214285714,0.0,0.2,0.0,1099
k1845,0.0244,0.0,0.10819582,0.0,0.0,0.0,0.0,0.0,0.0333,0.0588,3196
k2298,0.0244,0.0,0.105490206,0.0,0.0,0.0,0.0,0.264219986,0.0333,0.0,2563
k1688,0.0488,0.0,0.055,0.0,0.0,0.0,0.0,0.0,0.0333,0.0,3043
k1832,0.195121951,0.0,0.110333777,0.0,0.0,0.0,0.0714,0.0,0.133333333,0.0,1677
k895,0.0488,0.142857143,0.204025733,0.0,0.0,0.0,0.0,0.411343701,0.0,0.117647059,843
k1452,0.170731707,0.0,0.166760703,0.0,0.0,0.0,0.107142857,0.0,0.233333333,0.0,2953
k588,0.0244,0.0714,0.068,0.0,0.0,0.0784,0.0,0.0,0.0333,0.0,2186
k2922,0.146341463,0.0,0.113095687,0.0,0.0,0.0,0.0,0.0,0.1,0.0,2770
k2891,0.0244,0.0,0.0979,0.0,0.0,0.0,0.0,0.0,0.0333,0.0,2357
k2861,0.0976,0.0,0.052,0.0,0.0,0.0,0.0,0.0,0.133333333,0.0,2909
k1217,0.0488,0.0714,0.127252801,0.0,0.0,0.0,0.0714,0.0,0.0333,0.0,930
k806,0.0,0.0,0.0716,0.0,0.0,0.0236,0.0,0.0,0.0333,0.0,3372
k1947,0.0732,0.0714,0.137170315,0.0,0.0,0.0,0.0,0.0,0.0667,0.0,2104
k1457,0.0976,0.214285714,0.178057637,0.0,0.0,0.0784,0.0,0.0,0.0667,0.0,3203
k2498,0.0,0.142857143,0.0982,0.0,0.0,0.0,0.0,0.0,0.0,0.0,2681
k2987,0.0,0.285714286,0.156545716,0.0,0.0,0.0,0.0,0.0,0.0,0.117647059,952
k775,0.146341463,0.0,0.169276146,0.0,0.0,0.0,0.107142857,0.0,0.1,0.0,2223
k276,0.12195122,0.0,0.115809019,0.0,0.0,0.0,0.0,0.0,0.133333333,0.0,2524
k2253,0.170731707,0.0714,0.201762976,0.0,0.0,0.0,0.0357,0.0,0.166666667,0.0,3253
k1069,0.0,0.0,0.125569301,0.0,0.0,0.0,0.0,0.0,0.0,0.0,3174
k2752,0.12195122,0.0714,0.124402956,0.0,0.0,0.0,0.0,0.0,0.166666667,0.117647059,441
k2945,0.12195122,0.142857143,0.157402907,0.0,0.0,0.0,0.0,0.0,0.1,0.0588,2465
k26,0.0976,0.0,0.0876,0.0,0.0,0.0,0.0,0.0,0.0667,0.0,1613
k757,0.0,0.0,0.110537991,0.0,0.0,0.0,0.0,0.0,0.133333333,0.0,760
k2023,0.0976,0.0,0.16488378,0.0,0.0,0.0,0.0714,0.0,0.0667,0.0,2874
k1647,0.0732,0.0,0.161064888,0.0,0.0,0.0,0.0357,0.0,0.0667,0.0,2495
k2626,0.0244,0.0,0.0681,0.0,0.0,0.0,0.0,0.0,0.1,0.0,2558
k934,0.0488,0.0,0.0491,0.0,0.0,0.0,0.0357,0.0,0.0333,0.0,3011
k538,0.0244,0.0,0.0777,0.0,0.0,0.0,0.0,0.0,0.0333,0.0,2140
k189,0.0,0.0,0.041,0.0,0.0,0.0,0.0,0.0,0.0,0.0,2613
k2250,0.0976,0.0,0.145674974,0.0,0.0,0.0,0.0714,0.0,0.0667,0.0,557
k1193,0.0,0.0,0.143602005,0.0,0.0,0.0,0.0357,0.0,0.0,0.0,1051
k406,0.0488,0.0,0.154111017,0.0,0.0,0.0,0.0,0.438680514,0.0667,0.0,2325
k143,0.0,0.285714286,0.139413676,0.0,0.0,0.0,0.0714,0.0,0.1,0.0,2599
k77,0.0244,0.0,0.184284351,0.0,0.0,0.0,0.0357,0.581875908,0.1,0.0,1850
k1447,0.0732,0.0,0.0905,0.0,0.0,0.0,0.0357,0.0,0.0333,0.0,1900
k260,0.0244,0.0,0.0792,0.0,0.0,0.0,0.0,0.0,0.0333,0.0,1589
k2,0.146341463,0.0,0.152683025,0.0,0.0,0.0,0.142857143,0.0,0.233333333,0.0,140
k236,0.195121951,0.0714,0.150651225,0.0,0.0,0.0,0.0714,0.0,0.133333333,0.0588,1615
k2661,0.0,0.0,0.112997405,0.0,0.0,0.0,0.0,0.451810795,0.0,0.0,1995
k2343,0.0488,0.0,0.108656449,0.0,0.0192,0.0437,0.0357,0.0,0.133333333,0.0,2567
k2073,0.0244,0.0,0.132761851,0.0,0.0,0.0,0.0,0.0,0.0667,0.0,944
k2782,0.0488,0.0,0.102636794,0.0,0.0,0.0,0.0357,0.0,0.0333,0.0,2919
k3182,0.0,0.0,0.0967,0.0,0.0,0.0,0.0,0.0,0.0,0.0,842
k3410,0.0488,0.0,0.0883,0.0,0.0,0.0,0.0,0.0,0.0667,0.0,1278
k3292,0.146341463,0.0,0.165516683,0.0,0.0,0.0,0.0,0.0,0.1,0.0,3389
k2836,0.0976,0.0,0.143063029,0.0,0.0,0.0,0.0357,0.0,0.1,0.0588,3285
k1173,0.0,0.0,0.0584,0.0,0.0,0.0,0.0,0.0,0.0,0.0,3282
k2501,0.0488,0.0,0.0441,0.0,0.0,0.0,0.0714,0.0,0.0333,0.0,1422
k2854,0.0,0.0,0.0944,0.0,0.0,0.0,0.0357,0.0,0.0333,0.0,2606
k106,0.0976,0.0,0.134730696,0.0,0.0,0.0,0.0,0.0,0.0,0.0,2258
k2151,0.146341463,0.0,0.205963194,0.0,0.0,0.0,0.0,0.386966582,0.0667,0.0,3346
k3296,0.0488,0.0714,0.154129234,0.0,0.0,0.0,0.0714,0.0,0.0667,0.176470588,2150
k2077,0.146341463,0.0,0.122566939,0.0,0.0,0.0784,0.0,0.0,0.0667,0.0,3323
k1785,0.0,0.0,0.121160861,0.0,0.0385,0.0,0.0,0.0,0.1,0.0,1745
k1401,0.0976,0.0,0.0753,0.0,0.0,0.0,0.0714,0.0,0.0667,0.0,1497
k1202,0.0,0.0,0.111802091,0.0,0.0,0.0,0.0,0.0,0.0333,0.0,774
k1936,0.0244,0.0,0.125559008,0.0,0.0,0.0,0.0357,0.363988592,0.0333,0.0,494
k979,0.0244,0.0,0.127113453,0.0,0.0,0.0,0.0,0.0,0.0333,0.0,1022
k95,0.0732,0.0714,0.207617166,0.0,0.0,0.0,0.0714,0.0,0.1,0.0,1457
k694,0.0976,0.214285714,0.112171339,0.0,0.0,0.0,0.0,0.0,0.133333333,0.0588,2457
k3222,0.0976,0.0,0.0868,0.0,0.0,0.0,0.0357,0.0,0.0667,0.0588,2091
k1765,0.0244,0.0,0.144267075,0.0,0.0,0.0416,0.0,0.0,0.0667,0.0,1201
k1776,0.0488,0.142857143,0.13190604,0.0,0.0,0.0,0.0,0.0,0.0667,0.117647059,2479
k685,0.0976,0.0714,0.0975,0.0,0.0,0.0,0.0,0.0,0.0667,0.0588,816
k2289,0.0976,0.0,0.0913,0.0,0.0,0.0,0.0,0.0,0.0667,0.0,898
k2293,0.0976,0.0714,0.0925,0.0,0.0,0.0,0.0,0.0,0.1,0.0588,2295
k2595,0.0488,0.0,0.0779,0.0,0.0,0.0,0.0,0.0,0.0333,0.0,1938
k2318,0.0244,0.0714,0.0792,0.0,0.0,0.0,0.0,0.0,0.1,0.0,1848
k2257,0.0,0.0,0.0666,0.0,0.0,0.0,0.0,0.0,0.0,0.0,2694
k687,0.195121951,0.214285714,0.408403527,0.5,0.0577,0.0,0.0,0.0,0.5,0.0,2489
k3370,0.146341463,0.0,0.14964112,0.0,0.0,0.0,0.0,0.0,0.133333333,0.0,2952
k967,0.0488,0.214285714,0.124559134,0.0,0.0,0.0,0.0,0.0,0.0,0.117647059,189
k2580,0.0488,0.0,0.115389388,0.0,0.0,0.0,0.0,0.0,0.0667,0.0,232
k498,0.0976,0.0714,0.114185667,0.0,0.0,0.0,0.0,0.0,0.1,0.117647059,3008
k1205,0.0976,0.0,0.135304783,0.0,0.0,0.0,0.0,0.0,0.0333,0.0588,1267
k2182,0.12195122,0.0,0.0461,0.0,0.0,0.0,0.0357,0.0,0.0667,0.0,3223
k1078,0.146341463,0.0,0.141134755,0.0,0.0,0.0,0.0,0.0,0.1,0.117647059,1398
k2677,0.0244,0.0714,0.101534209,0.0,0.0,0.0,0.0,0.0,0.0333,0.0,405
k58,0.12195122,0.0,0.0925,0.0,0.0,0.0,0.0,0.0,0.1,0.0,615
k363,0.0732,0.0714,0.132100421,0.0,0.0,0.0,0.0,0.0,0.1,0.0588,1465
k41,0.12195122,0.0,0.147273187,0.0,0.0,0.0,0.107142857,0.0,0.1,0.0,2659
k1665,0.0732,0.0,0.182951509,0.0,0.0,0.0,0.0357,0.0,0.133333333,0.0588,310
k322,0.0732,0.0714,0.0846,0.0,0.0,0.0,0.0,0.0,0.0667,0.0,3342
k559,0.0,0.0,0.120645851,0.0,0.0,0.0,0.0,0.0,0.0,0.0,1560
k676,0.292682927,0.0,0.0681,0.0,0.0,0.0,0.0,0.0,0.133333333,0.0,2933
k1292,0.0,0.0,0.0699,0.0,0.0,0.0,0.0,0.0,0.0,0.0,2763
k3061,0.0488,0.0,0.0598,0.0,0.0,0.0,0.0,0.0,0.0667,0.0,646
k3095,0.170731707,0.0,0.210903595,0.0,0.0,0.0,0.0357,0.0,0.1,0.0,3107
k1984,0.0,0.0,0.109317697,0.0,0.0,0.0,0.0,0.0,0.0,0.0,1176
k2434,0.0,0.0,0.106401929,0.0,0.0,0.0,0.0,0.0,0.0,0.117647059,1948
k603,0.0,0.0,0.0654,0.0,0.0,0.0,0.0,0.0,0.0333,0.0,2130
k2921,0.0,0.0,0.0984,0.0,0.0,0.0,0.0,0.0,0.0,0.0,2354
k696,0.0732,0.0,0.0583,0.0,0.0,0.0,0.0,0.0,0.0333,0.0,1477
k2895,0.0488,0.0714,0.0967,0.0,0.0,0.0,0.0357,0.0,0.0333,0.0,1634
k61,0.0,0.142857143,0.106401929,0.0,0.0,0.0,0.0,0.0,0.0,0.117647059,2774
k2888,0.0488,0.0,0.0747,0.0,0.0,0.0,0.0,0.0,0.0,0.0,3001
k1387,0.0732,0.0,0.156571199,0.0,0.0,0.0,0.107142857,0.329118011,0.0333,0.0,202
k1815,0.0488,0.142857143,0.113057891,0.0,0.0,0.0,0.0714,0.0,0.0333,0.117647059,3371
k2531,0.0244,0.0714,0.103962518,0.0,0.0,0.0,0.0,0.0,0.0333,0.0,2071
k163,0.0488,0.0,0.04,0.0,0.0,0.0,0.0,0.0,0.0333,0.0,1496
k252,0.0488,0.0,0.112075295,0.0,0.0,0.0,0.0,0.0,0.0667,0.0,2013
k892,0.0488,0.0,0.128030477,0.0,0.0,0.0,0.0357,0.0,0.0667,0.0588,2732
k758,0.170731707,0.0714,0.14771067,0.0,0.0,0.0,0.0714,0.0,0.133333333,0.0588,890
k2802,0.0244,0.0,0.100350024,0.0,0.0,0.0,0.0,0.0,0.0333,0.0,861
k3117,0.0,0.0,0.0963,0.0,0.0,0.0,0.0,0.0,0.0,0.0,2545
k1345,0.170731707,0.0714,0.166058716,0.0,0.0577,0.0,0.107142857,0.0,0.2,0.235294118,997
k3088,0.0244,0.0,0.118186234,0.0,0.0,0.0,0.0,0.0,0.1,0.0,1247
k2068,0.0,0.0,0.228181596,0.0,0.0,0.0,0.0,0.0,0.0,0.0,218
k2631,0.0488,0.0,0.0817,0.0,0.0,0.0,0.0,0.0,0.0333,0.0,491
k2134,0.0976,0.0,0.144527554,0.0,0.0,0.0,0.0357,0.430770059,0.0667,0.0,792
k142,0.0488,0.0714,0.15008577,0.0,0.0,0.0,0.0714,0.0,0.0667,0.0588,1868
k172,0.0,0.0,0.130820409,0.0,0.0,0.0,0.0,0.481407738,0.0,0.0,1765
k2582,0.0,0.0,0.196435447,0.0,0.0385,0.0,0.0,0.0,0.0,0.0,1815
k585,0.0,0.0,0.110812498,0.0,0.0,0.0,0.0,0.0,0.0,0.117647059,1699
k2520,0.0,0.0,0.0511,0.0,0.0,0.0,0.0,0.0,0.0,0.0,693
k1007,0.0732,0.0,0.129613064,0.0,0.0,0.0833,0.0,0.0,0.133333333,0.0,1863
k1612,0.0488,0.0714,0.132159608,0.0,0.0,0.0,0.0714,0.0,0.0667,0.0,807
k2504,0.0244,0.142857143,0.160206318,0.125,0.0,0.0,0.0,0.0,0.1,0.0,2753
k393,0.0488,0.0,0.156545716,0.0,0.0,0.0,0.0,0.0,0.0667,0.235294118,2087
k2069,0.0976,0.0,0.0657,0.0,0.0,0.0416,0.0,0.0,0.133333333,0.0,2014
k3260,0.0976,0.0,0.122676398,0.0,0.0,0.0416,0.0,0.0,0.0667,0.0,2850
k1610,0.0,0.142857143,0.110812498,0.0,0.0,0.0,0.0,0.0,0.0,0.0,1996
k607,0.0,0.0,0.0922,0.0,0.0,0.0,0.0,0.0,0.0667,0.0,3330
k1643,0.0732,0.0,0.159190212,0.0,0.0,0.0,0.0,0.0,0.0333,0.0,2885
k233,0.0244,0.0,0.130391771,0.0,0.0,0.0,0.0,0.436420384,0.0333,0.0,411
k1155,0.146341463,0.0,0.0559,0.0,0.0,0.0,0.0,0.0,0.1,0.0,419
k318,0.0732,0.0714,0.121087723,0.0,0.0,0.0,0.0,0.0,0.1,0.0,95
k3043,0.0732,0.0,0.0822,0.0,0.0,0.0,0.0,0.0,0.1,0.0,1346
k300,0.0976,0.0,0.0546,0.0,0.0,0.0,0.0714,0.0,0.0667,0.0,579
k693,0.0976,0.0,0.196490367,0.0,0.0,0.0,0.0714,0.508152613,0.0667,0.0,1942
k1299,0.219512195,0.0714,0.127756379,0.0,0.0,0.0,0.0714,0.0,0.133333333,0.0,1766
k1569,0.0244,0.0714,0.118066699,0.0,0.0,0.0,0.0,0.0,0.0333,0.0,850
k2986,0.0244,0.142857143,0.112162633,0.0,0.0,0.0,0.0,0.0,0.0667,0.0588,334
k3012,0.0732,0.0,0.227908119,0.0,0.0,0.0,0.0357,0.0,0.0333,0.0,3093
k1351,0.146341463,0.0,0.19007698,0.0,0.0,0.0,0.107142857,0.468438896,0.1,0.0,1016
k1194,0.0244,0.0,0.04,0.0,0.0,0.0,0.0,0.0,0.1,0.0,2690
k1435,0.0,0.0,0.146149288,0.0,0.0,0.0,0.0,0.0,0.0,0.0,714
k783,0.12195122,0.0,0.34212723,0.125,0.0385,0.0,0.0,0.0,0.333333333,0.0,1801
k483,0.0488,0.0,0.071,0.0,0.0,0.0,0.0,0.0,0.0667,0.0,118
k268,0.0244,0.0,0.0481,0.0,0.0,0.0,0.0,0.0,0.1,0.0,3034
k2578,0.0,0.0,0.114906261,0.0,0.0,0.0,0.0,0.0,0.0,0.0,3240
k1633,0.0244,0.0,0.130397544,0.0,0.0,0.0,0.0,0.0,0.0333,0.294117647,1256
k1519,0.0732,0.0,0.285050538,0.0,0.173076923,0.0,0.285714286,0.0,0.0667,0.0,1660
k1527,0.0,0.0,0.0825,0.0,0.0,0.0,0.0,0.0,0.0,0.0,595
k3109,0.0244,0.0714,0.172701084,0.0,0.0,0.0,0.0,0.412366141,0.0333,0.0,385
k2394,0.0976,0.0714,0.110218218,0.0,0.0,0.0251,0.0,0.0,0.1,0.0,3256
k2941,0.0244,0.214285714,0.118066699,0.0,0.0,0.0,0.0,0.0,0.0333,0.117647059,665
k2548,0.0488,0.0,0.132425889,0.0,0.0,0.0,0.0357,0.0,0.0667,0.0,1453
k2008,0.219512195,0.0,0.116528827,0.0,0.0,0.0,0.0714,0.0,0.166666667,0.0,506
k324,0.0244,0.0,0.130901665,0.0,0.0,0.0,0.0357,0.0,0.0667,0.0,2103
k2373,0.0488,0.0714,0.0958,0.0,0.0,0.0,0.0,0.0,0.0333,0.0,1135
k2366,0.243902439,0.357142857,0.223252031,0.0,0.0,0.0,0.0714,0.0,0.2,0.0588,2367
k3380,0.0244,0.0,0.0593,0.0,0.0,0.0,0.0,0.0,0.0667,0.0,1594
k1072,0.243902439,0.214285714,0.216323444,0.0,0.0769,0.0,0.0357,0.0,0.2,0.0588,2570
k273,0.12195122,0.0714,0.161424954,0.0,0.0,0.0,0.0,0.0,0.1,0.117647059,2667
k672,0.195121951,0.0714,0.124755075,0.0,0.0,0.0251,0.0357,0.0,0.2,0.0,456
k3343,0.0488,0.0,0.110577769,0.0,0.0,0.0,0.0714,0.0,0.0333,0.0,226
k2702,0.12195122,0.0,0.22063272,0.0,0.0,0.0,0.0,0.356239574,0.0667,0.0,2986
k2488,0.0732,0.0,0.0583,0.0,0.0,0.0,0.0,0.0,0.0333,0.0,2351
k2469,0.146341463,0.0,0.0834,0.0,0.0,0.0502,0.0,0.0,0.133333333,0.0,1427
k2375,0.0976,0.142857143,0.156132436,0.0,0.0,0.0,0.142857143,0.0,0.1,0.117647059,3228
k320,0.0488,0.142857143,0.118930915,0.0,0.0,0.0,0.0,0.0,0.0667,0.117647059,939
k3184,0.0244,0.0714,0.103241165,0.0,0.0,0.0,0.0,0.0,0.0333,0.0588,955
k2423,0.146341463,0.142857143,0.190879307,0.0,0.0,0.0,0.107142857,0.0,0.233333333,0.0588,452
k1553,0.0976,0.0,0.0735,0.0,0.0,0.0,0.0,0.0,0.0667,0.0,2332
k2136,0.0488,0.0,0.12861856,0.0,0.0,0.0,0.0,0.0,0.166666667,0.0,2184
k480,0.0244,0.0,0.125376426,0.0,0.0,0.0784,0.0,0.0,0.0333,0.0,3238
k310,0.0244,0.0,0.0581,0.0,0.0,0.0,0.0,0.0,0.0667,0.0,463
k2168,0.0488,0.0,0.098,0.0,0.0,0.0,0.0,0.0,0.0,0.0588,40
k132,0.12195122,0.0,0.170522612,0.0,0.0,0.0,0.0357,0.0,0.233333333,0.0588,1816
k3077,0.12195122,0.0,0.204491359,0.0,0.0,0.0,0.0,0.0,0.0333,0.0,2633
k100,0.0244,0.0,0.135173484,0.0,0.0,0.0,0.0,0.0,0.1,0.0,2508
k115,0.0,0.0,0.119719564,0.0,0.0,0.0,0.0357,0.0,0.1,0.0,2541
k315,0.0976,0.0,0.0925,0.0,0.0,0.0,0.0,0.0,0.0667,0.0,771
k2197,0.0488,0.0,0.0614,0.0,0.0,0.0,0.0357,0.0,0.0333,0.0,1378
k677,0.170731707,0.0,0.153363681,0.0,0.0,0.0,0.107142857,0.0,0.2,0.0,1521
k1721,0.195121951,0.0,0.113947413,0.0,0.0,0.0,0.0,0.0,0.1,0.0,316
k1247,0.0,0.142857143,0.130311079,0.0,0.0,0.0,0.0,0.0,0.0,0.0,1332
k814,0.0,0.0,0.102431725,0.0,0.0,0.0,0.0357,0.0,0.0,0.0,1206
k3244,0.0732,0.0,0.0347,0.0,0.0,0.0526,0.0,0.0,0.0333,0.0,159
k2474,0.0,0.142857143,0.13610903,0.0,0.0,0.0,0.0,0.0,0.0,0.117647059,932
k900,0.0488,0.0,0.127269469,0.0,0.0,0.0,0.0714,0.0,0.0333,0.0,1204
k1722,0.146341463,0.0,0.103482972,0.0,0.0,0.0,0.0,0.0,0.1,0.0,1571
k497,0.12195122,0.0,0.174622063,0.0,0.0,0.0,0.0,0.0,0.133333333,0.0,85
k861,0.0488,0.142857143,0.137007105,0.0,0.0,0.0,0.0714,0.0,0.0333,0.176470588,2778
k3169,0.0,0.285714286,0.156545716,0.0,0.0,0.0,0.0,0.0,0.0,0.117647059,2440
k3333,0.0976,0.0,0.113339638,0.0,0.0,0.0,0.0357,0.0,0.133333333,0.0,364
k2385,0.0244,0.0,0.113648211,0.0,0.0,0.0,0.0,0.0,0.0,0.0,2597
k499,0.0488,0.0,0.0789,0.0,0.0,0.0,0.0357,0.0,0.166666667,0.0,2163
k2754,0.0244,0.0,0.0991,0.0,0.0,0.0,0.0,0.0,0.0333,0.0588,1478
k1872,0.0976,0.0,0.145377507,0.0,0.0,0.0,0.0,0.0,0.133333333,0.0588,2139
k83,0.0732,0.142857143,0.160876323,0.0,0.0,0.0,0.0,0.0,0.0333,0.117647059,2041
k2624,0.0244,0.0,0.0575,0.0,0.0,0.0,0.0,0.0,0.1,0.0,2641
k1990,0.0,0.0,0.0867,0.0,0.0,0.0236,0.0,0.0,0.0333,0.0,1585
k52,0.0488,0.0,0.0774,0.0,0.0,0.0,0.0,0.0,0.1,0.0,3410
k367,0.12195122,0.0,0.199692994,0.0,0.0,0.0,0.0,0.0,0.166666667,0.0588,2669
k2900,0.0244,0.0714,0.0954,0.0,0.0,0.0,0.0,0.0,0.0333,0.0,1570
k1976,0.0244,0.0,0.071,0.0,0.0,0.0,0.0,0.0,0.0333,0.0,2395
k110,0.0244,0.0,0.118343416,0.0,0.0,0.116514247,0.0357,0.0,0.1,0.0,2260
k1571,0.12195122,0.357142857,0.340881574,0.0,0.192307692,0.0,0.0,0.0,0.166666667,0.117647059,1808
k4,0.243902439,0.142857143,0.170308549,0.0,0.0,0.0,0.0,0.0,0.166666667,0.117647059,895
k1269,0.12195122,0.0,0.145736179,0.0,0.0,0.11661844,0.0,0.0,0.133333333,0.0,4
k3208,0.0244,0.0,0.0724,0.0,0.0,0.0,0.0357,0.0,0.0667,0.0,1857
k2401,0.0732,0.0,0.137255753,0.0,0.0,0.0236,0.0,0.0,0.0667,0.0,795
k351,0.0,0.428571429,0.156545716,0.0,0.0,0.0,0.0,0.0,0.0,0.235294118,2019
k3284,0.0732,0.0,0.162873467,0.0,0.0,0.0,0.0714,0.0,0.0333,0.0,2458
k3141,0.0244,0.0,0.106411151,0.0,0.0,0.0,0.0,0.0,0.0333,0.0588,1339
k1227,0.0,0.0,0.0176,0.0,0.0,0.0,0.0,0.0,0.0,0.0,2981
k1796,0.0244,0.0,0.0724,0.0,0.0,0.0,0.0,0.0,0.0667,0.0,2272
k2024,0.0244,0.0,0.110537991,0.0,0.0,0.0,0.0,0.0,0.1,0.0,2266
k2845,0.0488,0.0,0.0629,0.0,0.0,0.0,0.0,0.40843782,0.0333,0.0,1579
k3258,0.0,0.0,0.114812874,0.0,0.0,0.0,0.0714,0.0,0.0333,0.0,3117
k2471,0.0732,0.142857143,0.114289916,0.0,0.0,0.0,0.0714,0.0,0.133333333,0.0,893
k1284,0.0,0.0,0.145499207,0.0,0.0,0.0,0.0,0.473497282,0.0,0.0,1662
k2932,0.0,0.0,0.00712,0.0,0.0,0.0,0.0,0.0,0.0333,0.0,2997
k2816,0.0,0.0,0.138158464,0.0,0.0,0.0,0.0,0.0,0.0,0.0,2293
k1329,0.12195122,0.0,0.113813312,0.0,0.0,0.0,0.0,0.0,0.133333333,0.0,2438
k719,0.0488,0.0,0.0597,0.0,0.0,0.0,0.0,0.0,0.0333,0.0,3359
k2530,0.0,0.0,0.0904,0.0,0.0,0.0,0.0,0.0,0.0,0.117647059,282
k1581,0.0732,0.0,0.140421747,0.0,0.0,0.0784,0.0,0.0,0.1,0.0,2680
k550,0.0,0.0,0.122026596,0.0,0.0,0.0,0.0357,0.0,0.0,0.0,2542
k400,0.0488,0.0714,0.129427226,0.0,0.0,0.0,0.0,0.0,0.0667,0.0,2576
k285,0.341463415,0.285714286,0.523117956,0.0,0.0,0.117529875,0.0,0.0,0.333333333,0.352941176,2743
k3234,0.0244,0.0,0.188952228,0.0,0.0,0.0,0.0714,0.558305979,0.0333,0.0,3248
k1659,0.0,0.142857143,0.0825,0.0,0.0,0.0,0.0,0.0,0.0,0.0,2904
k1777,0.0976,0.0,0.128138485,0.0,0.0,0.0,0.0,0.0,0.1,0.0588,2969
k1054,0.0,0.0,0.126631221,0.0,0.0,0.0,0.0,0.0,0.0,0.0,2448
k2556,0.0976,0.0,0.0789,0.0,0.0,0.0,0.0,0.0,0.0667,0.0,586
k2992,0.0244,0.0,0.104179657,0.0,0.0,0.0,0.0,0.0,0.0333,0.0,2507
k522,0.195121951,0.0,0.145268051,0.0,0.0,0.0,0.0,0.44309315,0.0667,0.0,3039
k1530,0.0976,0.214285714,0.138725767,0.0,0.0,0.0,0.142857143,0.0,0.1,0.176470588,1340
k461,0.0488,0.0,0.104012303,0.0,0.0,0.0,0.0,0.0,0.0667,0.0,1845
k1467,0.0976,0.0714,0.199810115,0.0,0.0,0.0261,0.0,0.0,0.1,0.117647059,1475
k215,0.0732,0.0,0.25720596,0.0,0.0,0.10526316,0.0714,0.588387236,0.1,0.0,1269
k3096,0.0488,0.142857143,0.20339448,0.0,0.0,0.0,0.0714,0.0,0.0667,0.0,1889
k1097,0.0976,0.142857143,0.386064264,0.0,0.0192,0.0,0.178571429,0.408276382,0.0667,0.0,2492
k2125,0.0488,0.0,0.162104074,0.0,0.0,0.0,0.0,0.0,0.0333,0.0,2943
k1631,0.0976,0.0714,0.257942773,0.0,0.0,0.0251,0.0,0.0,0.1,0.0,2080
k1714,0.0976,0.0,0.112416931,0.0,0.0,0.0,0.0,0.0,0.0667,0.0,2156
k209,0.146341463,0.0,0.160927688,0.0,0.0,0.0,0.0,0.0,0.0667,0.0,1014
k1713,0.0976,0.142857143,0.109249387,0.0,0.0,0.0251,0.0,0.0,0.1,0.0,2158
k513,0.0244,0.0,0.045,0.0,0.0,0.0,0.0,0.0,0.0667,0.0,3004
k3152,0.0732,0.0714,0.108390542,0.0,0.0,0.0,0.0,0.0,0.1,0.0588,3191
k1744,0.0,0.0,0.0873,0.0,0.0,0.0,0.0357,0.401711241,0.0667,0.0,1776
k923,0.0488,0.0714,0.0958,0.0,0.0,0.0,0.0,0.0,0.0333,0.0,909
k2429,0.146341463,0.0,0.112924171,0.0,0.0,0.0,0.0357,0.0,0.1,0.0,2813
k760,0.0,0.0,0.0972,0.0,0.0,0.0,0.0,0.0,0.0667,0.0,82
k1158,0.146341463,0.0,0.169405014,0.0,0.0,0.0251,0.0,0.412850455,0.133333333,0.0,1323
k691,0.0244,0.0,0.0581,0.0,0.0,0.0,0.0,0.0,0.0333,0.0,2624
k2954,0.0488,0.0,0.122500785,0.0,0.0,0.0,0.0714,0.0,0.133333333,0.0,1174
k3432,0.0,0.0,0.0536,0.0,0.0,0.0,0.0,0.0,0.0,0.0,1842
k1738,0.0244,0.0,0.158082397,0.0,0.0,0.0,0.0,0.0,0.0333,0.0,1909
k1848,0.0,0.0,0.0797,0.0,0.0,0.0,0.0,0.0,0.0,0.0,639
k1661,0.0732,0.0,0.0583,0.0,0.0,0.0,0.0,0.0,0.0333,0.0,358
k1138,0.0,0.0,0.0958,0.0,0.0,0.0,0.0,0.0,0.0,0.0,148
k2940,0.0,0.0,0.102750089,0.0,0.0,0.0,0.0,0.0,0.0,0.0,201
k3162,0.0,0.0,0.0797,0.0,0.0,0.0,0.0,0.0,0.0667,0.0,3165
k3339,0.0244,0.0,0.149215411,0.0,0.0,0.0,0.0357,0.0,0.1,0.0,2006
k2322,0.146341463,0.0,0.0915,0.0,0.0,0.0,0.0,0.0,0.1,0.0,2192
k1697,0.12195122,0.0,0.129427226,0.0,0.0,0.0,0.0357,0.0,0.0667,0.0,1695
k2004,0.0244,0.0714,0.142125662,0.0,0.0,0.0,0.0357,0.611149976,0.0333,0.0,2863
k3214,0.0488,0.0,0.128138485,0.0,0.0,0.0,0.0,0.0,0.0667,0.117647059,3064
k2001,0.0244,0.0,0.122128879,0.0,0.0,0.0,0.0,0.0,0.0333,0.0,2678
k1962,0.268292683,0.0,0.23201249,0.0,0.0,0.0,0.107142857,0.0,0.166666667,0.0,735
k860,0.0244,0.0714,0.159119137,0.0,0.0,0.0,0.0,0.0,0.0333,0.117647059,1639
k1035,0.0,0.0,0.0646,0.0,0.0,0.0,0.0,0.320992305,0.0,0.0,1878
k1413,0.146341463,0.0,0.130360457,0.0,0.0,0.0,0.0,0.0,0.133333333,0.0,1194
k145,0.0488,0.0,0.0413,0.0,0.0,0.0,0.0,0.0,0.0667,0.0,332
k1404,0.0,0.0,0.0987,0.0,0.0,0.0,0.0,0.0,0.0,0.0,3010
k681,0.0244,0.0,0.154778405,0.0,0.0,0.0,0.0,0.0,0.0333,0.0,1841
k1106,0.0732,0.0,0.317618241,0.0,0.153846154,0.0,0.285714286,0.0,0.1,0.0,48
k2976,0.0488,0.0,0.0943,0.0,0.0,0.0,0.0,0.0,0.133333333,0.0,1230
k53,0.0488,0.0,0.0934,0.0,0.0,0.0236,0.0,0.0,0.1,0.0,323
k3202,0.0,0.0,0.0829,0.0,0.0,0.0,0.0,0.0,0.0,0.0,1598
k311,0.0244,0.0,0.130321942,0.0,0.0,0.0,0.0,0.0,0.0333,0.0,1138
k2971,0.0488,0.0,0.279831498,0.0,0.0,0.0112,0.0357,0.0,0.233333333,0.0,1377
k2218,0.0488,0.0,0.0657,0.0,0.0,0.0,0.0,0.0,0.0667,0.0,1685
k274,0.0244,0.0,0.0844,0.0,0.0,0.0,0.0357,0.349782059,0.0333,0.0,2892
k1707,0.170731707,0.0,0.127756379,0.0,0.0192,0.032,0.0,0.0,0.133333333,0.0,2963
k1441,0.0244,0.0,0.149681279,0.0,0.0,0.0,0.0,0.0,0.0333,0.0588,2334
k526,0.0244,0.0,0.0598,0.0,0.0,0.0,0.0,0.0,0.0667,0.0,583
k1050,0.0488,0.0,0.0334,0.0,0.0,0.0,0.0,0.0,0.0667,0.0,1474
k2025,0.0,0.0,0.0716,0.0,0.0,0.0236,0.0,0.0,0.0333,0.0,2644
k2800,0.0,0.0,0.44237125,0.0,0.25,0.0,0.285714286,0.423397729,0.133333333,0.0,122
k2019,0.0732,0.0,0.153500142,0.0,0.0,0.0,0.0,0.0,0.1,0.0,731
k998,0.0244,0.0,0.0145,0.0,0.0,0.0784,0.0,0.0,0.0333,0.0,1112
k1241,0.0488,0.0,0.159960557,0.0,0.0,0.0,0.0,0.0,0.0,0.0,2860
k2446,0.195121951,0.0,0.334715014,0.0625,0.0192,0.0,0.25,0.0,0.266666667,0.0,3123
k3363,0.0976,0.0714,0.138725767,0.0,0.0,0.0,0.142857143,0.0,0.1,0.117647059,178
k1182,0.0732,0.0,0.0734,0.0,0.0,0.0,0.0,0.0,0.1,0.0,146
k699,0.0732,0.0714,0.159190212,0.0,0.0,0.0,0.0357,0.0,0.1,0.0588,99
k3014,0.0488,0.0,0.0984,0.0,0.0,0.0,0.0,0.0,0.0667,0.0,33
k2762,0.0488,0.142857143,0.12685643,0.0,0.0,0.0,0.0,0.0,0.0667,0.0588,996
k289,0.170731707,0.0,0.126511904,0.0,0.0577,0.0,0.0,0.0,0.133333333,0.0,2505
k2672,0.0488,0.0,0.0789,0.0,0.0,0.0,0.0,0.0,0.0333,0.0,2137
k3266,0.292682927,0.357142857,0.316853982,0.0,0.0385,0.0,0.178571429,0.0,0.366666667,0.0,2364
k1740,0.0244,0.0,0.149681279,0.0,0.0,0.0,0.0,0.0,0.0333,0.0588,143
k327,0.0244,0.0,0.0492,0.0,0.0,0.0,0.0,0.0,0.0333,0.0,1597
k3070,0.0244,0.0,0.241132531,0.0,0.0,0.0,0.0357,0.0,0.1,0.0,1567
k2949,0.0,0.0,0.144765949,0.0,0.0,0.0,0.0,0.0,0.0,0.0,2132
k3112,0.0732,0.0,0.14327466,0.0,0.0,0.0,0.0,0.369800355,0.1,0.0,1248
k2453,0.0244,0.0,0.0634,0.0,0.0,0.0,0.0,0.0,0.0333,0.0,1859
k2746,0.170731707,0.285714286,0.293082076,0.0,0.0385,0.0,0.0,0.0,0.3,0.117647059,1318
k360,0.0488,0.142857143,0.142323997,0.0,0.0,0.0,0.0,0.0,0.0333,0.0,2431
k1847,0.0488,0.0,0.13176928,0.0,0.0,0.0,0.0,0.443577463,0.133333333,0.0,2234
k2883,0.0488,0.0714,0.0728,0.0,0.0,0.0,0.0357,0.0,0.0333,0.0,3383
k866,0.0976,0.0,0.26321268,0.0,0.0192,0.0,0.0714,0.0,0.266666667,0.0,1723
k3,0.0244,0.0,0.10919149,0.0,0.0,0.0,0.0,0.0,0.0333,0.0,2340
k592,0.0976,0.0,0.0807,0.0,0.0,0.0,0.0,0.0,0.0667,0.0,3126
k1909,0.0488,0.285714286,0.159704415,0.0,0.0,0.0,0.0714,0.0,0.0667,0.235294118,2183
k1841,0.0,0.142857143,0.137179289,0.0,0.0,0.0,0.0,0.0,0.0,0.117647059,1736
k1464,0.0488,0.285714286,0.159704415,0.0,0.0,0.0,0.0714,0.0,0.0667,0.235294118,1860
k668,0.12195122,0.142857143,0.179281436,0.0,0.0,0.0,0.0,0.0,0.0667,0.0,1046
k2600,0.0488,0.0714,0.147180113,0.0,0.0,0.0,0.0,0.0,0.133333333,0.0588,80
k2342,0.170731707,0.0,0.179870155,0.0,0.0,0.0,0.178571429,0.0,0.266666667,0.0,371
k847,0.0488,0.0,0.139364003,0.0,0.0,0.0,0.0,0.0,0.0333,0.0,392
k2643,0.0976,0.0,0.0317,0.0,0.0,0.0,0.0357,0.0,0.0667,0.0,986
k1485,0.0976,0.0,0.0893,0.0,0.0,0.0,0.0357,0.0,0.0667,0.0,2159
k2331,0.0244,0.0,0.237088129,0.0,0.0,0.11661844,0.0,0.0,0.0667,0.0,779
k1103,0.365853659,0.357142857,0.343118876,0.0,0.0385,0.0,0.178571429,0.0,0.366666667,0.0,3181
k1322,0.0488,0.0,0.095,0.0,0.0,0.0,0.0,0.0,0.0667,0.0,112
k542,0.0488,0.0714,0.132078621,0.0,0.0,0.0,0.0,0.0,0.0,0.0,1133
k2924,0.0,0.0,0.160728713,0.0,0.0,0.0,0.0357,0.0,0.0333,0.0,921
k2913,0.146341463,0.0,0.181411486,0.0,0.0,0.0,0.107142857,0.435182694,0.166666667,0.0,2703
k1559,0.341463415,0.285714286,0.25882074,0.0,0.0,0.0,0.178571429,0.0,0.333333333,0.117647059,1351
k1212,0.0,0.0,0.111293278,0.0,0.0,0.0,0.0,0.0,0.0,0.0,1417
k3045,0.0976,0.0714,0.0969,0.0,0.0,0.0,0.0357,0.0,0.0667,0.0588,2239
k2946,0.0976,0.0,0.10241225,0.0,0.0,0.0,0.0,0.0,0.166666667,0.0,1198
k40,0.243902439,0.0,0.272012957,0.0,0.0769,0.0,0.25,0.0,0.266666667,0.0,2995
k2086,0.0732,0.0,0.112481648,0.0,0.0,0.0,0.0,0.346391864,0.0333,0.0,2755
k2859,0.0488,0.214285714,0.131085709,0.0,0.0,0.0,0.0714,0.0,0.0667,0.0588,2928
k659,0.0976,0.0,0.141215514,0.0,0.0,0.0,0.0,0.0,0.133333333,0.0,2464
k1831,0.0244,0.285714286,0.12199718,0.0,0.0,0.0,0.0,0.0,0.0667,0.176470588,699
k1443,0.0488,0.0714,0.119786517,0.0,0.0,0.0,0.0,0.0,0.0333,0.0,3252
k5,0.0244,0.0,0.228834635,0.0,0.0,0.0,0.0,0.452348921,0.166666667,0.0,2010
k2065,0.0732,0.0714,0.107398113,0.0,0.0,0.0,0.0714,0.0,0.0667,0.0,3297
k2350,0.0488,0.0,0.134441776,0.0,0.0,0.0,0.0,0.0,0.0333,0.0,207
k297,0.0488,0.0,0.0667,0.0,0.0,0.0416,0.0,0.0,0.1,0.0,2167
k1011,0.0732,0.0,0.0885,0.0,0.0,0.0,0.0,0.0,0.0333,0.0,359
k1835,0.0976,0.0,0.136613777,0.0,0.0,0.0,0.0,0.0,0.0667,0.0,34
k3007,0.0,0.0,0.141168572,0.0,0.0,0.0,0.0,0.0,0.0,0.0,329
k827,0.0244,0.0,0.0205,0.0,0.0,0.0,0.0,0.0,0.0333,0.0,1078
k3174,0.0,0.0,0.0933,0.0,0.0,0.0,0.0357,0.54931927,0.0,0.0,2721
k2885,0.170731707,0.0,0.267632948,0.0,0.0,0.0,0.0714,0.0,0.1,0.0588,1004
k894,0.0,0.285714286,0.128138485,0.0,0.0,0.0,0.0,0.0,0.0,0.117647059,2217
k3263,0.0,0.0,0.103530425,0.0,0.0,0.0,0.0714,0.0,0.0,0.0,3028
k2721,0.0488,0.0,0.120056928,0.0,0.0,0.0,0.0,0.565570683,0.0667,0.0,1367
k1830,0.0,0.0,0.111013402,0.0,0.0,0.0,0.0,0.0,0.0,0.0,2408
k3113,0.0244,0.0,0.0829,0.0,0.0,0.0,0.0,0.0,0.0667,0.0,527
k2989,0.0,0.0,0.0609,0.0,0.0,0.0,0.0,0.0,0.0667,0.0,643
k2056,0.0244,0.0,0.225064876,0.0,0.0,0.0,0.0357,0.0,0.1,0.0,2635
k335,0.0,0.0,0.126150616,0.0,0.0,0.0,0.0,0.0,0.0,0.0,2097
k3138,0.0488,0.0714,0.131085709,0.0,0.0,0.0,0.0714,0.0,0.0667,0.0588,1809
k840,0.146341463,0.0,0.128660357,0.0,0.0,0.0,0.0714,0.0,0.0667,0.0,1750
k1036,0.0976,0.0,0.0622,0.0,0.0,0.0,0.0,0.0,0.0667,0.0,1361
k1956,0.0488,0.0714,0.125841434,0.0,0.0,0.0416,0.0,0.0,0.133333333,0.0,3021
k1203,0.0244,0.0,0.0358,0.0,0.0,0.0,0.0,0.0,0.0,0.0,729
k732,0.0488,0.0,0.132985627,0.0,0.0,0.0,0.0357,0.0,0.0667,0.0,2977
k2573,0.146341463,0.0,0.161804986,0.0,0.0,0.0,0.0,0.0,0.166666667,0.0,1322
k2458,0.195121951,0.0,0.174688445,0.0,0.0,0.0,0.0,0.0,0.133333333,0.0,3354
k359,0.0488,0.0,0.210491353,0.0,0.0,0.0,0.0,0.0,0.0333,0.0,2461
k621,0.0976,0.0714,0.314376962,0.0,0.0,0.0,0.0,0.0,0.1,0.0,2502
k55,0.0732,0.0714,0.137170315,0.0,0.0,0.0,0.0,0.0,0.0667,0.0,513
k1276,0.0732,0.0714,0.0867,0.0,0.0,0.0,0.0357,0.0,0.0667,0.0588,2955
k751,0.268292683,0.0714,0.166621981,0.0,0.0,0.0,0.107142857,0.0,0.2,0.0,467
k1730,0.170731707,0.0,0.0978,0.0,0.0,0.0,0.0714,0.0,0.133333333,0.0,537
k1034,0.0244,0.0,0.123156229,0.0,0.0,0.0261,0.0,0.0,0.0,0.0,2329
k589,0.0,0.0,0.112327951,0.0,0.0,0.0,0.0,0.0,0.0,0.0,2182
k962,0.0488,0.0,0.0869,0.0,0.0,0.0,0.0,0.0,0.133333333,0.0,3202
k111,0.0,0.0,0.184028038,0.0,0.0,0.0,0.0357,0.304794705,0.0,0.0,2105
k1651,0.0732,0.0,0.236509406,0.0,0.0,0.0784,0.0,0.0,0.1,0.0,573
k2403,0.0,0.214285714,0.140968331,0.0,0.0,0.0,0.0,0.0,0.0333,0.117647059,2568
k2681,0.0976,0.0714,0.141693924,0.0,0.0,0.0833,0.0,0.0,0.133333333,0.0588,125
k432,0.0732,0.0,0.177550288,0.0,0.0,0.0,0.0,0.0,0.1,0.0588,901
k3089,0.146341463,0.0,0.0854,0.0,0.0,0.0,0.0357,0.0,0.1,0.0,2279
k1607,0.0732,0.0,0.108381252,0.0,0.0,0.0,0.0714,0.0,0.0333,0.0,1485
k3216,0.0,0.142857143,0.105101673,0.0,0.0,0.0,0.0,0.0,0.0,0.0,3251
k935,0.0244,0.0,0.0942,0.0,0.0,0.0,0.0,0.0,0.0333,0.0,3188
k3196,0.0488,0.0714,0.101177465,0.0,0.0,0.0,0.0,0.0,0.1,0.0,3069
k1755,0.0732,0.0714,0.158501023,0.0625,0.0,0.0833,0.0,0.0,0.166666667,0.0588,3264
k991,0.0976,0.0,0.240358858,0.0,0.0,0.0,0.0357,0.357100576,0.1,0.0588,1027
k1142,0.0244,0.0,0.136165259,0.0,0.0,0.0,0.0357,0.539848248,0.0333,0.0,1694
k15,0.0,0.285714286,0.130311079,0.0,0.0,0.0,0.0,0.0,0.0,0.0,2419
k988,0.0732,0.0714,0.180313697,0.0,0.0577,0.0,0.0,0.0,0.133333333,0.0,1697
k1565,0.0732,0.0,0.106487299,0.0,0.0,0.0,0.0,0.0,0.1,0.0,2609
k1684,0.12195122,0.0714,0.16890823,0.0,0.0,0.0,0.0,0.0,0.1,0.176470588,794
k3377,0.0488,0.0,0.119974892,0.0,0.0,0.0,0.0357,0.0,0.0333,0.0,734
k1053,0.0732,0.0714,0.195710906,0.0,0.0,0.0,0.0357,0.414680084,0.0667,0.0,2213
k272,0.0488,0.0,0.104012303,0.0,0.0,0.0,0.0,0.0,0.0667,0.0,1444
k3155,0.0,0.0,0.112915465,0.0,0.0,0.0,0.0,0.0,0.0,0.0,486
k972,0.0488,0.0714,0.0958,0.0,0.0,0.0,0.0,0.0,0.0333,0.0,2318
k2095,0.0488,0.0,0.0944,0.0,0.0,0.0,0.0,0.0,0.0,0.0,1642
k3379,0.0488,0.142857143,0.0779,0.0,0.0,0.0,0.0,0.0,0.0333,0.0,2898
k2287,0.0488,0.285714286,0.159704415,0.0,0.0,0.0,0.0714,0.0,0.0667,0.235294118,1151
k1961,0.0244,0.0,0.140217994,0.0,0.0,0.0,0.0,0.0,0.0333,0.0,598
k1646,0.0976,0.0,0.167943532,0.0,0.0,0.0,0.0714,0.0,0.133333333,0.0,723
k1104,0.0244,0.0,0.104179657,0.0,0.0,0.0,0.0,0.0,0.0667,0.0,155
k2807,0.0,0.0,0.122593006,0.0,0.0,0.0,0.0,0.0,0.0,0.0,191
k864,0.0732,0.0,0.198318243,0.0,0.0,0.0,0.0,0.0,0.133333333,0.117647059,2474
k878,0.0488,0.0,0.0579,0.0,0.0,0.0,0.0714,0.0,0.0667,0.0,584
k1349,0.0,0.285714286,0.156545716,0.0,0.0,0.0,0.0,0.0,0.0,0.235294118,3277
k2247,0.0732,0.0,0.15423377,0.0,0.0,0.0,0.0,0.0,0.0667,0.0,1980
k1823,0.12195122,0.0,0.268887505,0.0,0.0,0.0,0.0357,0.365441533,0.1,0.0588,2934
k1983,0.146341463,1.0,0.557090912,0.25,0.153846154,0.0,0.0,0.0,0.6,0.117647059,3398
k3336,0.0488,0.0714,0.132159608,0.0,0.0,0.0,0.0714,0.0,0.0667,0.0588,1360
k1052,0.0976,0.0,0.0869,0.0,0.0,0.0,0.0,0.0,0.0667,0.0,3403
k777,0.0732,0.0,0.372878987,0.0,0.0,0.0,0.0357,0.0,0.0333,0.0,1519
k2050,0.0,0.0,0.0879,0.0,0.0,0.0,0.0,0.0,0.0333,0.0,2964
k1304,0.0488,0.0,0.13633511,0.0,0.0,0.0,0.0357,0.0,0.1,0.0588,3067
k2171,0.0,0.0,0.100128307,0.0,0.0,0.0,0.0,0.0,0.0,0.0,3072
k1412,0.0732,0.0,0.125607206,0.0,0.0,0.116514247,0.0357,0.0,0.0667,0.0,2754
k2036,0.0244,0.0,0.0876,0.0,0.0,0.0,0.0357,0.0,0.0667,0.0,1930
k551,0.0488,0.0,0.192848793,0.0,0.0,0.0,0.0,0.0,0.0333,0.0,2484
k2224,0.0488,0.0,0.12199718,0.0,0.0,0.0,0.0,0.0,0.0667,0.117647059,2265
k2805,0.0,0.0,0.103694414,0.0,0.0,0.0,0.0,0.0,0.0,0.0,566
k1022,0.0732,0.0,0.176611542,0.0,0.0,0.0,0.0,0.0,0.0667,0.0,2242
k1674,0.0,0.0,0.089,0.0,0.0,0.0,0.0,0.0,0.0,0.0,1568
k3373,0.0488,0.142857143,0.0756,0.0,0.0,0.0,0.0,0.0,0.0333,0.0,1105
k3402,0.12195122,0.0,0.0838,0.0,0.0,0.0,0.0357,0.0,0.0667,0.0,128
k1970,0.0,0.0,0.127252801,0.0,0.0,0.0,0.0,0.0,0.0,0.0,766
k1837,0.0732,0.0714,0.100128307,0.0,0.0,0.0,0.0,0.0,0.1,0.0,2725
k2993,0.0976,0.0714,0.13239065,0.0,0.0,0.0,0.142857143,0.0,0.1,0.117647059,2434
k2828,0.0732,0.0714,0.108045582,0.0,0.0,0.0,0.0,0.0,0.1,0.0,2323
k2397,0.0976,0.142857143,0.138725767,0.0,0.134615385,0.0,0.107142857,0.0,0.1,0.0588,322
k2226,0.0488,0.0714,0.126066099,0.0,0.0,0.0,0.0714,0.0,0.0667,0.0588,712
k1704,0.12195122,0.571428571,0.342162411,0.125,0.0769,0.0,0.0,0.0,0.366666667,0.0588,1021
k1058,0.0,0.0,0.0455,0.0,0.0,0.0,0.0,0.0,0.0,0.0,2710
k973,0.0732,0.0,0.0603,0.0,0.0,0.0784,0.0,0.0,0.0667,0.0,67
k1918,0.146341463,0.0,0.213051919,0.0,0.0,0.0,0.0,0.0,0.133333333,0.235294118,2251
k2858,0.0244,0.0,0.108390542,0.0,0.0,0.0,0.0,0.0,0.0333,0.0,2147
k1267,0.0488,0.0,0.0876,0.0,0.0,0.0,0.0357,0.0,0.1,0.0,1266
k578,0.0,0.0,0.122593006,0.0,0.0,0.0,0.0,0.0,0.0,0.0,808
k2870,0.0,0.0,0.163340117,0.0,0.0,0.0,0.0,0.0,0.0,0.0,360
k1086,0.0,0.285714286,0.169781803,0.0,0.0,0.0,0.0,0.0,0.0,0.235294118,22
k1167,0.146341463,0.0,0.136348534,0.0,0.0,0.0,0.0,0.0,0.1,0.0,2244
k1622,0.0244,0.0714,0.0896,0.0,0.0,0.0,0.0,0.0,0.0333,0.0,1936
k3413,0.0,0.0,0.133798478,0.0,0.0,0.0,0.0,0.0,0.0,0.117647059,539
k2636,0.0732,0.0,0.145607383,0.0,0.0,0.0,0.0357,0.0,0.0333,0.0,2671
k1363,0.0244,0.0714,0.114906261,0.0,0.0,0.0,0.0,0.0,0.0333,0.0,2537
k3398,0.0488,0.0714,0.100131318,0.0,0.0,0.0,0.0357,0.0,0.0333,0.0,428
k444,0.0,0.0,0.178963207,0.0,0.0,0.0,0.0,0.0,0.0,0.0,2764
k889,0.0488,0.0,0.0498,0.0,0.0,0.0,0.0357,0.334822149,0.0333,0.0,2237
k3291,0.0,0.0,0.103694414,0.0,0.0,0.0,0.0,0.0,0.0,0.0,1158
k1825,0.0976,0.0,0.215457551,0.0,0.0385,0.0261,0.0,0.0,0.1,0.0588,3207
k2942,0.12195122,0.0,0.157233269,0.0,0.0,0.0,0.0357,0.0,0.1,0.0,109
k746,0.0488,0.142857143,0.108381252,0.0,0.0,0.0,0.0714,0.0,0.0667,0.0588,927
k337,0.0488,0.0,0.0729,0.0,0.0,0.0,0.0,0.0,0.0667,0.0,68
k2209,0.0976,0.0,0.109250864,0.0,0.0,0.0,0.0357,0.0,0.0667,0.0588,992
k2659,0.0732,0.0,0.0766,0.0,0.0,0.0,0.0,0.0,0.1,0.0,2937
k2090,0.0244,0.0,0.31681742,0.0,0.0,0.0,0.0357,0.0,0.1,0.0,2450
k2054,0.0,0.0714,0.112994922,0.0,0.0,0.0,0.0,0.0,0.0667,0.0,3380
k2267,0.0732,0.0,0.136749257,0.0,0.0,0.0,0.0714,0.0,0.166666667,0.0,2445
k1891,0.0488,0.0714,0.0738,0.0,0.0,0.0,0.0,0.0,0.0333,0.0,2300
k1843,0.0244,0.0714,0.121981896,0.0,0.0,0.0,0.0,0.0,0.0333,0.0588,2665
k2864,0.0976,0.142857143,0.185303102,0.125,0.0,0.0,0.0,0.0,0.133333333,0.0588,2556
k1870,0.219512195,0.214285714,0.201762976,0.125,0.0,0.0,0.0,0.0,0.2,0.0,262
k1209,0.0488,0.0,0.130550814,0.0,0.0,0.0,0.0357,0.634719905,0.0667,0.0,2403
k443,0.0488,0.0714,0.244293633,0.0,0.0,0.0,0.0,0.0,0.0333,0.0,221
k2610,0.0,0.0,0.120877773,0.0,0.0,0.0,0.0,0.420276597,0.0,0.0,1363
k2505,0.0976,0.0714,0.108766896,0.0,0.0,0.0,0.142857143,0.0,0.1,0.0588,461
k1040,0.0244,0.0,0.141075398,0.0,0.0,0.0,0.0,0.0,0.0333,0.0,3400
k1505,0.0244,0.142857143,0.119920305,0.0,0.0,0.0,0.0,0.0,0.0333,0.0,968
k3037,0.0244,0.0714,0.071,0.0,0.0,0.0,0.0,0.0,0.0333,0.0,2303
k2679,0.170731707,0.285714286,0.214452892,0.125,0.0,0.0,0.0357,0.0,0.166666667,0.0588,1843
k3331,0.219512195,0.285714286,0.228569122,0.0,0.0385,0.0,0.0357,0.0,0.266666667,0.0,1823
k2605,0.0244,0.0,0.10919149,0.0,0.0,0.0,0.0,0.0,0.0333,0.0,2146
k3003,0.0976,0.0714,0.126571739,0.0,0.0,0.0,0.0714,0.0,0.0667,0.0,3208
k1923,0.0488,0.0,0.0905,0.0,0.0,0.0,0.0357,0.0,0.0333,0.0,613
k561,0.0244,0.0,0.127113453,0.0,0.0,0.0,0.0,0.0,0.0333,0.0,3147
k689,0.0488,0.0,0.0958,0.0,0.0,0.0,0.0,0.0,0.0333,0.0,1946
k2559,0.0,0.0,0.0873,0.0,0.0,0.0,0.0357,0.367594038,0.0667,0.0,241
k623,0.146341463,0.0714,0.266140977,0.0,0.0,0.0,0.0,0.0,0.166666667,0.176470588,1656
k975,0.0488,0.0,0.0584,0.0,0.0,0.0,0.0,0.0,0.0333,0.0,172
k397,0.0732,0.0,0.0491,0.0,0.0,0.0,0.0,0.0,0.0333,0.0,2004
k1543,0.0,0.0,0.126556156,0.0,0.0,0.0,0.0,0.0,0.0,0.0,922
k1764,0.146341463,0.0,0.11455227,0.0,0.0,0.0416,0.0,0.0,0.0667,0.0,793
k824,0.0488,0.0,0.0871,0.0,0.0,0.0,0.0357,0.0,0.0333,0.0,2452
k482,0.0732,0.142857143,0.152922742,0.0,0.0,0.0,0.0,0.0,0.1,0.0,3433
k1089,0.0488,0.0,0.117463768,0.0,0.0,0.0,0.0,0.0,0.0333,0.0,695
k340,0.0976,0.0,0.103962518,0.0,0.0,0.0,0.0,0.0,0.0667,0.0,2072
k2654,0.0,0.0,0.0905,0.0,0.0,0.0,0.0357,0.0,0.0,0.0,3045
k2418,0.0,0.142857143,0.128138485,0.0,0.0,0.0,0.0,0.0,0.0,0.235294118,1448
k1415,0.0488,0.0,0.123405184,0.0,0.0,0.0,0.0,0.0,0.0667,0.0,1366
k1758,0.0488,0.0,0.0796,0.0,0.0,0.0,0.0,0.0,0.0333,0.0,741
k2451,0.0488,0.142857143,0.0657,0.0,0.0,0.0,0.0,0.0,0.0667,0.0,373
k156,0.0,0.285714286,0.133798478,0.0,0.0,0.0,0.0,0.0,0.0,0.235294118,236
k2783,0.0488,0.0,0.0895,0.0,0.0,0.0,0.0,0.0,0.0,0.0,1470
k2492,0.0732,0.0,0.125082052,0.0,0.0,0.0,0.0,0.0,0.0333,0.0,2034
k741,0.0,0.0,0.123692343,0.0,0.0,0.0,0.0,0.0,0.0,0.0,847
k1671,0.0976,0.0714,0.264822611,0.0,0.0,0.0251,0.0,0.0,0.1,0.0,514
k1090,0.0244,0.0,0.137623427,0.0,0.0,0.0,0.0,0.0,0.0333,0.0,1702
k744,0.0976,0.0714,0.118185217,0.0,0.0,0.0,0.0714,0.0,0.0667,0.0,2779
k3414,0.0976,0.0714,0.159445017,0.0,0.0,0.0,0.0,0.0,0.0667,0.0588,3427
k1213,0.0732,0.214285714,0.144858326,0.0,0.0,0.0261,0.0,0.0,0.0667,0.0588,363
k1805,0.0732,0.0,0.245036334,0.0,0.0,0.157894731,0.0,0.0,0.0,0.0,2870
k2969,0.0244,0.0,0.173117165,0.0,0.0,0.0,0.0357,0.298606253,0.0333,0.0,1739
k774,0.0244,0.0714,0.10819582,0.0,0.0,0.0,0.0,0.0,0.0333,0.0,2549
k2344,0.0488,0.0,0.102750089,0.0,0.0,0.0236,0.0,0.0,0.1,0.0,545
k2738,0.0,0.0,0.0716,0.0,0.0,0.0,0.0,0.0,0.0,0.0,3146
k1828,0.170731707,0.0,0.144732744,0.0,0.0,0.0,0.0,0.0,0.0667,0.0,64
k799,0.146341463,0.0,0.132858921,0.0,0.0,0.0,0.0,0.0,0.1,0.0,624
k49,0.195121951,0.0,0.137691971,0.0,0.0,0.0,0.0714,0.0,0.133333333,0.0,3025
k435,0.0732,0.0,0.182732426,0.0,0.0,0.0,0.0357,0.467793144,0.0333,0.0,679
k795,0.0,0.0,0.122593006,0.0,0.0,0.0,0.0,0.0,0.0,0.0,3176
k557,0.0,0.0,0.107218785,0.0,0.0,0.0,0.0,0.0,0.0,0.0,1587
k2497,0.195121951,0.142857143,0.221845455,0.0,0.0,0.0,0.0714,0.0,0.133333333,0.117647059,1865
k2683,0.0244,0.0,0.0492,0.0,0.0,0.0,0.0,0.0,0.0333,0.0,27
k1234,0.0,0.0,0.0865,0.0,0.0,0.0,0.0,0.0,0.0,0.0,3221
k1360,0.0732,0.0,0.153711859,0.0,0.0,0.0,0.0714,0.0,0.0333,0.0,706
k2135,0.0732,0.0,0.0876,0.0,0.0,0.0,0.0,0.0,0.0333,0.0,999
k835,0.0,0.285714286,0.181545388,0.0,0.0,0.0,0.0,0.0,0.0,0.0,2018
k2544,0.0732,0.0,0.132660956,0.0,0.0,0.0261,0.0,0.0,0.133333333,0.0,814
k2849,0.365853659,0.357142857,0.356321033,0.0,0.0385,0.0,0.178571429,0.0,0.4,0.0588,197
k2060,0.146341463,0.285714286,0.228226305,0.125,0.0,0.0,0.0357,0.0,0.133333333,0.0588,2328
k2108,0.0,0.0,0.091,0.0,0.0,0.0,0.0,0.0,0.0,0.0,3300
k678,0.12195122,0.0714,0.184304174,0.0,0.0,0.0,0.0357,0.464994888,0.1,0.0,251
k2575,0.0732,0.0,0.14392588,0.0,0.0,0.0,0.0714,0.0,0.0333,0.0,2652
k1578,0.341463415,0.214285714,0.210630502,0.0,0.0,0.0,0.0714,0.0,0.233333333,0.117647059,1334
k1608,0.0732,0.0,0.0597,0.0,0.0,0.0,0.0,0.0,0.0333,0.0,3405
k2430,0.0976,0.0714,0.0998,0.0,0.0,0.0,0.0357,0.0,0.0667,0.0,2480
k2514,0.0732,0.214285714,0.173618371,0.0,0.0,0.0261,0.0,0.0,0.0667,0.117647059,1950
k1803,0.0976,0.0,0.0842,0.0,0.0,0.0,0.0714,0.0,0.0667,0.0,216
k333,0.0488,0.0,0.138158464,0.0,0.0,0.0,0.107142857,0.0,0.0667,0.0,957
k925,0.0488,0.0,0.102636794,0.0,0.0,0.0,0.0,0.0,0.0333,0.0,420
k169,0.12195122,0.0,0.183617944,0.0,0.0192,0.0,0.0714,0.0,0.0333,0.0,2675
k745,0.12195122,0.0,0.176611542,0.0,0.0,0.0,0.0357,0.0,0.0667,0.0,3193
k2511,0.0,0.142857143,0.106401929,0.0,0.0,0.0,0.0,0.0,0.0,0.117647059,1052
k372,0.0,0.0,0.111013402,0.0,0.0,0.0,0.0,0.0,0.0,0.0,1717
k3147,0.317073171,0.0,0.290058629,0.0,0.0577,0.0,0.178571429,0.0,0.166666667,0.0,1754
k2627,0.0,0.0,0.0818,0.0,0.0,0.0,0.0,0.0,0.0,0.0,2798
k916,0.0244,0.0,0.15423377,0.0,0.0,0.0,0.0,0.0,0.0333,0.0,783
k2585,0.0244,0.0,0.1048983,0.0,0.0,0.0784,0.0,0.0,0.0333,0.0,2817
k1254,0.0,0.0,0.0967,0.0,0.0,0.0,0.0,0.0,0.0,0.0,2646
k332,0.170731707,0.0714,0.12888482,0.0,0.0,0.0,0.0357,0.0,0.1,0.0,1608
k999,0.0,0.0,0.138343304,0.0,0.0,0.0,0.0,0.0,0.0,0.0,1376
k2355,0.0,0.0,0.127252801,0.0,0.0,0.0,0.0714,0.0,0.0333,0.0,1959
k136,0.0,0.0,0.0825,0.0,0.0,0.0,0.0,0.0,0.0,0.0,274
k2943,0.195121951,0.142857143,0.163105263,0.0,0.0,0.0,0.0,0.0,0.2,0.0,1548
k630,0.0488,0.0,0.157706219,0.0,0.0192,0.0,0.0357,0.0,0.0667,0.0,1810
k2448,0.0,0.0,0.136663933,0.0,0.0,0.0,0.0,0.479900985,0.0,0.0,2864
k1219,0.0,0.0,0.0804,0.0,0.0,0.0,0.0,0.0,0.0,0.0,3309
k2779,0.146341463,0.0,0.213595317,0.0,0.0192,0.0,0.0357,0.0,0.133333333,0.0,3347
k650,0.0488,0.0714,0.141474841,0.125,0.0,0.0,0.0357,0.0,0.133333333,0.0,3392
k3318,0.0732,0.0,0.190246177,0.0,0.0,0.0,0.0357,0.0,0.0667,0.0,1312
k2314,0.0,0.0,0.0584,0.0,0.0,0.0,0.0,0.0,0.0,0.0,748
k805,0.0976,0.0,0.12543908,0.0,0.0,0.0,0.0,0.0,0.0667,0.0,1130
k755,0.0,0.0,0.071,0.0,0.0,0.0,0.0,0.0,0.0667,0.0,3054
k802,0.0488,0.142857143,0.0944,0.0,0.0,0.0,0.0,0.0,0.0,0.0,3235
k1386,0.0488,0.0,0.0699,0.0,0.0,0.0,0.0,0.0,0.0333,0.0,1529
k18,0.0244,0.0,0.1048983,0.0,0.0,0.0784,0.0,0.0,0.0333,0.0,1375
k1207,0.0488,0.0714,0.103433024,0.0,0.0,0.0,0.0714,0.0,0.0333,0.0,2060
k684,0.0488,0.0,0.113057891,0.0,0.0,0.0,0.0714,0.0,0.0333,0.117647059,1487
k64,0.0976,0.142857143,0.259907125,0.0,0.0,0.0,0.0,0.0,0.133333333,0.117647059,88
k819,0.0976,0.0,0.0559,0.0,0.0,0.0,0.0,0.0,0.133333333,0.0,1962
k1672,0.0,0.0,0.196435447,0.0,0.0385,0.0,0.0,0.0,0.0,0.0,1424
k1542,0.0732,0.0,0.12788896,0.0,0.0,0.0,0.0,0.0,0.0333,0.0,2122
k1161,0.0244,0.0,0.122064202,0.0,0.0,0.0,0.0,0.0,0.0333,0.0,532
k489,0.12195122,0.0714,0.17533062,0.0,0.0,0.0,0.0357,0.0,0.1,0.0588,1435
k2583,0.12195122,0.0,0.13163936,0.0,0.0,0.0,0.0,0.0,0.1,0.0,2189
k1645,0.0,0.0,0.146385095,0.0,0.0,0.0,0.0,0.0,0.0,0.0,2209
k1929,0.0732,0.142857143,0.130875144,0.0,0.0,0.0,0.0,0.0,0.0333,0.117647059,953
k3405,0.146341463,0.0,0.115639212,0.0,0.0,0.0,0.0,0.0,0.1,0.0,3152
k3417,0.12195122,0.0714,0.181442885,0.0625,0.0,0.0,0.142857143,0.0,0.266666667,0.0588,1205
k2020,0.243902439,0.0,0.139063863,0.0,0.0,0.0,0.0,0.0,0.133333333,0.0,3368
k1317,0.0,0.0,0.0969,0.0,0.0,0.0,0.0,0.363504278,0.0,0.0,281
k733,0.0,0.0,0.420735524,0.0,0.0,0.0,0.0357,0.0,0.0,0.0,2999
k223,0.0488,0.0,0.0789,0.0,0.0,0.0,0.0,0.0,0.0333,0.0,2473
k909,0.170731707,0.0,0.132171283,0.0,0.0769,0.032,0.0,0.0,0.133333333,0.0,2807
k284,0.0488,0.285714286,0.159704415,0.0,0.0,0.0,0.0714,0.0,0.0667,0.235294118,3296
k1091,0.170731707,0.0,0.131919436,0.0,0.0,0.0,0.0,0.0,0.1,0.0,2604
k2507,0.0976,0.0,0.104453606,0.0,0.0,0.0,0.0,0.0,0.0667,0.0,1753
k2242,0.0488,0.0,0.12316891,0.0,0.0,0.0416,0.0,0.0,0.133333333,0.0,878
k2179,0.0488,0.0,0.0736,0.0,0.0,0.0,0.0,0.0,0.0667,0.0,2554
k3107,0.146341463,0.0,0.186959065,0.0,0.0,0.0,0.0,0.0,0.133333333,0.0,1381
k1725,0.170731707,0.0,0.120438911,0.0,0.0,0.0,0.107142857,0.0,0.1,0.0,2425
k558,0.0244,0.0,0.136749257,0.0,0.0,0.0,0.0357,0.0,0.1,0.0,2591
k626,0.0488,0.0,0.132159608,0.0,0.0,0.0,0.0714,0.0,0.0667,0.0588,3024
k84,0.0488,0.0,0.130360457,0.0,0.0,0.0,0.0714,0.0,0.0667,0.0,2228
k1105,0.0244,0.0,0.0904,0.0,0.0,0.0,0.0,0.0,0.0667,0.0,1331
k3172,0.0976,0.142857143,0.199810115,0.0,0.0,0.0261,0.0,0.0,0.1,0.176470588,520
k2884,0.0,0.0,0.109317697,0.0,0.0,0.0472,0.0,0.0,0.0667,0.0,1067
k3185,0.0,0.0,0.0716,0.0,0.0,0.0236,0.0,0.0,0.0333,0.0,574
k1080,0.0488,0.0,0.093,0.0,0.0,0.0,0.0,0.0,0.0,0.0,2491
k153,0.170731707,0.0714,0.223426361,0.0,0.0,0.0,0.0357,0.0,0.166666667,0.0,2684
k6,0.0,0.0,0.0991,0.0,0.0,0.0,0.0,0.0,0.0,0.0,1199
k1357,0.0244,0.0,0.0817,0.0,0.0,0.0,0.0,0.0,0.0333,0.0,465
k9,0.0,0.0,0.0962,0.0,0.0,0.0,0.0714,0.0,0.133333333,0.0,2588
k2775,0.0488,0.0,0.094,0.0,0.0,0.0,0.0,0.0,0.133333333,0.0,617
k2650,0.219512195,0.0,0.174675262,0.0,0.0577,0.157894731,0.107142857,0.0,0.166666667,0.0,2017
k1585,0.0,0.0,0.106062394,0.0,0.0,0.0,0.0,0.340795351,0.0,0.0,2179
k1319,0.0244,0.0,0.109317697,0.0,0.0,0.0,0.0,0.0,0.0333,0.0,3158
k2706,0.0732,0.0,0.0318,0.0,0.0,0.0,0.0357,0.446967659,0.0333,0.0,108
k3116,0.0244,0.0,0.168300043,0.0,0.0,0.0,0.0714,0.430716246,0.1,0.0,171
k50,0.0244,0.0,0.205146532,0.0,0.0192,0.0,0.0714,0.0,0.1,0.0,2276
k993,0.0244,0.0,0.16498395,0.0,0.0,0.0,0.0,0.0,0.0333,0.0,3358
k3163,0.219512195,0.142857143,0.241466673,0.0,0.0,0.0,0.0714,0.0,0.233333333,0.0,3200
k1147,0.146341463,0.0714,0.190788409,0.0,0.0385,0.0,0.0357,0.0,0.1,0.0,412
k2700,0.0488,0.0714,0.118930915,0.0,0.0,0.0,0.0,0.0,0.0667,0.0588,782
k1099,0.0976,0.0,0.158499601,0.0,0.0,0.0,0.0,0.0,0.0667,0.0588,2740
k2735,0.0244,0.0,0.136148564,0.0,0.0,0.11661844,0.0,0.0,0.0667,0.0,1030
k1249,0.0488,0.0,0.226767639,0.0,0.0,0.0,0.0,0.308561589,0.0667,0.0,2165
k2161,0.0488,0.0,0.0557,0.0,0.0,0.0,0.0,0.0,0.0333,0.0,2891
k1989,0.0244,0.142857143,0.15551064,0.0,0.0,0.0,0.0,0.0,0.0333,0.0,1224
k1683,0.0976,0.0,0.190706242,0.0,0.0,0.0,0.0357,0.0,0.1,0.0,2504
k2717,0.146341463,0.142857143,0.282916933,0.0,0.0,0.0,0.0,0.0,0.266666667,0.0,2222
k2494,0.0244,0.0,0.0789,0.0,0.0,0.0,0.0,0.0,0.0333,0.0,2661
k3323,0.0244,0.0,0.0759,0.0,0.0,0.0,0.0,0.0,0.0667,0.0,993
k2181,0.0244,0.0,0.102431725,0.0,0.0,0.0,0.0,0.0,0.0333,0.0588,3249
k2194,0.146341463,0.0,0.182569571,0.0,0.0,0.0522,0.0,0.0,0.133333333,0.0,625
k674,0.0244,0.0714,0.19053888,0.0,0.0,0.0,0.0,0.0,0.0333,0.0,879
k1747,0.12195122,0.0,0.219250063,0.0,0.0769,0.0,0.107142857,0.0,0.166666667,0.0,959
k768,0.0976,0.142857143,0.12199718,0.0,0.0,0.0,0.0,0.0,0.0667,0.117647059,571
k831,0.0488,0.0,0.115965469,0.0,0.0,0.0,0.107142857,0.0,0.0333,0.0,2196
k1096,0.0,0.0,0.247005577,0.0,0.0,0.0,0.0,0.0,0.0333,0.0,640
k622,0.0244,0.0714,0.102431725,0.0,0.0,0.0,0.0,0.0,0.0333,0.0588,1233
k1488,0.0,0.142857143,0.130311079,0.0,0.0,0.0,0.0,0.0,0.0,0.117647059,1684
k3396,0.12195122,0.0,0.153043973,0.0,0.0,0.0,0.0,0.0,0.0667,0.0,845
k2774,0.0244,0.0,0.113648211,0.0,0.0,0.0,0.0,0.0,0.0,0.0,781
k1493,0.0488,0.0,0.109326174,0.0,0.0,0.0,0.0,0.0,0.0333,0.0,1137
k22,0.0,0.0,0.0919,0.0,0.0,0.0,0.0,0.0,0.1,0.0,1314
k2454,0.0976,0.0,0.109042513,0.0,0.0,0.0,0.0,0.0,0.0667,0.0,3102
k1293,0.0732,0.0,0.153500142,0.0,0.0,0.0,0.0,0.0,0.1,0.0,2901
k3409,0.146341463,0.0,0.174688445,0.0,0.0,0.0,0.0,0.0,0.133333333,0.0588,2443
k2766,0.0244,0.0,0.140664849,0.0,0.0,0.0,0.0357,0.0,0.1,0.0,1759
k610,0.0,0.142857143,0.13610903,0.0,0.0,0.0,0.0,0.0,0.0,0.117647059,1217
k3146,0.0244,0.0714,0.0836,0.0,0.0,0.0,0.0,0.0,0.0667,0.0,518
k2275,0.0244,0.0714,0.119920305,0.0,0.0,0.0,0.0,0.0,0.0333,0.0,49
k3315,0.0244,0.0,0.108246542,0.0,0.0,0.0,0.0,0.0,0.1,0.0,1944
k2616,0.0488,0.0714,0.0969,0.0,0.0,0.0,0.0357,0.0,0.0333,0.0588,2677
k3099,0.0732,0.0714,0.137841771,0.0,0.0,0.0,0.0,0.0,0.0333,0.117647059,137
k1556,0.43902439,0.142857143,0.365382002,0.0,0.0,0.0,0.321428571,0.0,0.466666667,0.117647059,69
k2010,0.0244,0.0,0.142762135,0.0,0.0,0.0,0.0,0.482914492,0.0333,0.0,2686
k1711,0.0976,0.0,0.167561907,0.0,0.0,0.0,0.0,0.0,0.1,0.0588,374
k1405,0.0,0.285714286,0.13150408,0.0,0.0,0.0,0.0,0.0,0.0,0.0,8
k1057,0.0,0.0,0.150155565,0.0,0.0,0.0,0.0,0.0,0.0333,0.0,1407
k244,0.0244,0.0,0.141075398,0.0,0.0,0.0,0.0,0.0,0.0333,0.0,144
k2119,0.0,0.0,0.156286545,0.0,0.0,0.0,0.0,0.0,0.0,0.0,1350
k907,0.0488,0.0,0.0597,0.0,0.0,0.0,0.0,0.0,0.0333,0.0,1530
k1479,0.243902439,0.0,0.161903279,0.0,0.0,0.0753,0.0,0.0,0.166666667,0.117647059,2320
k724,0.0976,0.0,0.133362402,0.0,0.0,0.0261,0.0,0.0,0.1,0.0588,3364
k1920,0.0,0.285714286,0.18046371,0.0,0.0385,0.0,0.0714,0.0,0.1,0.0,3366
k1342,0.0,0.0,0.107218785,0.0,0.0,0.0,0.0,0.0,0.0,0.0,2236
k1536,0.0244,0.0,0.073,0.0,0.0,0.0,0.0,0.0,0.0667,0.0,266
k29,0.0488,0.0,0.139364003,0.0,0.0,0.0,0.0,0.0,0.0333,0.0,1722
k2720,0.0732,0.0,0.174761155,0.0,0.0,0.0,0.0,0.0,0.1,0.0588,3377
k808,0.0,0.0,0.120877773,0.0,0.0,0.0,0.0,0.41850078,0.0,0.0,2896
k103,0.0,0.0,0.103433024,0.0,0.0,0.0,0.0714,0.0,0.0333,0.0,806
k1242,0.12195122,0.0,0.169573642,0.0,0.0,0.0784,0.0,0.0,0.133333333,0.0,727
k2665,0.0244,0.0,0.186627668,0.0,0.0,0.0,0.0357,0.0,0.1,0.0,2603
k2813,0.0488,0.0,0.222173652,0.0,0.0,0.0,0.0,0.0,0.233333333,0.0,885
k1298,0.292682927,0.214285714,0.306935168,0.0625,0.0,0.0,0.178571429,0.0,0.433333333,0.235294118,2382
k752,0.268292683,0.142857143,0.224135046,0.0,0.0,0.0,0.142857143,0.0,0.233333333,0.0588,3052
k2866,0.0244,0.0,0.0449,0.0,0.0,0.0416,0.0,0.0,0.0667,0.0,394
k1761,0.0244,0.0,0.084,0.0,0.0,0.0,0.0,0.0,0.0333,0.0,2900
k1660,0.0732,0.142857143,0.114241949,0.0,0.0,0.0,0.0,0.0,0.1,0.0588,1343
k1454,0.0488,0.0,0.0766,0.0,0.0,0.0,0.0,0.0,0.0667,0.0,2988
k2407,0.0976,0.0,0.162406988,0.0,0.0,0.0,0.0,0.0,0.1,0.0,2321
k2456,0.0244,0.214285714,0.130346515,0.0,0.0,0.0,0.0,0.0,0.0667,0.0588,391
k3198,0.0,0.0,0.0795,0.0,0.0,0.0,0.0,0.0,0.0333,0.0,3254
k135,0.0,0.0,0.137597731,0.0,0.0,0.0236,0.0,0.0,0.0333,0.0,2442
k1540,0.292682927,0.0714,0.167561907,0.0,0.0,0.0,0.142857143,0.0,0.266666667,0.0588,3367
k2320,0.0,0.0,0.109758172,0.0,0.0,0.0,0.0,0.0,0.0,0.0,704
k2628,0.0244,0.0,0.329740625,0.0,0.0,0.0,0.0357,0.0,0.1,0.0,3167
k2966,0.0,0.0,0.0865,0.0,0.0,0.0,0.0,0.0,0.0,0.0,1456
k1288,0.146341463,0.0,0.167561907,0.0,0.0,0.0,0.0,0.0,0.0667,0.0,1751
k2529,0.0,0.0,0.0645,0.0,0.0,0.0,0.0,0.0,0.0,0.0,3017
k3227,0.146341463,0.285714286,0.138626692,0.0,0.0,0.0,0.0357,0.0,0.1,0.0,1554
k658,0.0976,0.0,0.134730696,0.0,0.0,0.0,0.0,0.0,0.0,0.0,1819
k2478,0.146341463,0.0,0.0469,0.0,0.0,0.0251,0.0,0.0,0.166666667,0.0,632
k2566,0.0,0.0,0.0879,0.0,0.0,0.0,0.0,0.0,0.0,0.0,1337
k2865,0.146341463,0.0,0.105101673,0.0,0.0,0.0,0.0,0.0,0.0667,0.0,658
k2703,0.0976,0.0,0.0807,0.0,0.0,0.0,0.0,0.0,0.0667,0.0,431
k3120,0.0976,0.0714,0.156405899,0.0,0.0,0.0,0.142857143,0.0,0.1,0.117647059,3317
k1574,0.0976,0.0,0.183232935,0.0,0.0,0.0,0.0,0.0,0.0,0.0,1012
k1573,0.0976,0.0714,0.0925,0.0,0.0,0.0,0.0,0.0,0.0333,0.0,1811
k134,0.0,0.0,0.0877,0.0,0.0,0.0,0.0,0.0,0.0,0.0,1622
k2473,0.0488,0.0,0.219755819,0.125,0.0192,0.0,0.0,0.0,0.166666667,0.0588,101
k1694,0.0,0.0,0.268299923,0.0,0.0,0.0,0.0,0.0,0.133333333,0.0,1117
k3385,0.146341463,0.0714,0.110442069,0.0,0.0,0.032,0.0,0.0,0.133333333,0.0,386
k1046,0.0732,0.0714,0.0971,0.0,0.0,0.0,0.0,0.0,0.1,0.0,326
k3150,0.0,0.285714286,0.163575198,0.0,0.0,0.0,0.0357,0.0,0.0,0.117647059,1668
k255,0.0,0.0,0.110643598,0.0,0.0,0.0,0.0357,0.0,0.0333,0.0,1469
k3140,0.0,0.0,0.0515,0.0,0.0,0.0,0.0,0.0,0.0333,0.0,311
k440,0.0488,0.0,0.0947,0.0,0.0,0.0,0.0,0.0,0.0,0.0,1703
k48,0.0732,0.0,0.0705,0.0,0.0,0.0,0.0,0.0,0.1,0.0588,2283
k1085,0.0244,0.0,0.0634,0.0,0.0,0.0,0.0,0.0,0.0333,0.0,303
k2963,0.0,0.0,0.121031726,0.0,0.0,0.0,0.0,0.0,0.0,0.0,554
k114,0.0488,0.0714,0.115965469,0.0,0.0,0.0,0.0714,0.0,0.0333,0.0588,2127
k1495,0.0244,0.0,0.0629,0.0,0.0,0.0,0.0,0.0,0.0667,0.0,3150
k1122,0.0976,0.142857143,0.178226209,0.0,0.0,0.0,0.0,0.0,0.133333333,0.0,3097
k379,0.0976,0.142857143,0.212428046,0.0,0.0,0.0,0.0,0.43469838,0.0333,0.0,3137
k70,0.0732,0.0,0.0716,0.0,0.0,0.0,0.0,0.410321261,0.0333,0.0,1536
k2522,0.0,0.0,0.10819582,0.0,0.0,0.0,0.0,0.0,0.0,0.0,158
k2722,0.12195122,0.0,0.225196943,0.0,0.0,0.0,0.0357,0.0,0.0667,0.0,3430
k1676,0.0976,0.0714,0.156405899,0.0,0.0,0.0,0.142857143,0.0,0.1,0.117647059,1764
k3130,0.0488,0.0,0.110812498,0.0,0.0,0.0,0.0,0.0,0.0667,0.0,502
k2400,0.0,0.0,0.109014522,0.0,0.0,0.0,0.0,0.337028467,0.0,0.0,3266
k2238,0.0244,0.0,0.0455,0.0,0.0,0.0,0.0,0.0,0.0333,0.0,3417
k1220,0.0976,0.142857143,0.195369867,0.0,0.0,0.0416,0.0,0.0,0.0667,0.0,493
k39,0.195121951,0.0,0.124065578,0.0,0.0,0.0,0.0,0.0,0.166666667,0.0588,335
k1515,0.0,0.0,0.1,0.0,0.0,0.0,0.0,0.0,0.0,0.0,2198
k1804,0.0732,0.0,0.126848279,0.0,0.0,0.0,0.0357,0.0,0.133333333,0.0,3431
k2933,0.0244,0.0,0.0447,0.0,0.0,0.0,0.0,0.0,0.1,0.0,1080
k128,0.0488,0.0,0.102867182,0.0,0.0,0.0,0.0,0.0,0.0333,0.0,225
k710,0.0976,0.0,0.10990087,0.0,0.0,0.0416,0.0,0.0,0.0667,0.0,3314
k1307,0.0244,0.214285714,0.172758521,0.0,0.0192,0.0219,0.0,0.0,0.133333333,0.0,192
k2658,0.0,0.142857143,0.152386767,0.0,0.0,0.0,0.0,0.0,0.0,0.0,2610
k205,0.12195122,0.0,0.155849816,0.0,0.0,0.0,0.0714,0.0,0.0667,0.0,2714
k961,0.0488,0.0,0.0337,0.0,0.0,0.0,0.0357,0.0,0.0333,0.0,475
k1949,0.0244,0.0,0.0829,0.0,0.0,0.0,0.0,0.0,0.0333,0.0,194
k3317,0.0244,0.0,0.0383,0.0,0.0,0.0,0.0,0.0,0.0667,0.0,2302
k220,0.0,0.0,0.140047233,0.0,0.0,0.0,0.0,0.252973148,0.0,0.0,2583
k1316,0.0488,0.0,0.0507,0.0,0.0,0.0,0.0,0.0,0.1,0.0,1352
k2862,0.0,0.0,0.151469195,0.0,0.0,0.0,0.214285714,0.0,0.0,0.0,277
k1759,0.0976,0.0,0.113339638,0.0,0.0,0.0,0.0,0.0,0.133333333,0.0,2020
k456,0.0732,0.0,0.0597,0.0,0.0,0.0,0.0,0.0,0.133333333,0.0,1915
k395,0.0488,0.0,0.124071043,0.0,0.0,0.0,0.0,0.0,0.0667,0.0,2645
k1478,0.0488,0.0,0.0355,0.0,0.0,0.0,0.0357,0.412581392,0.0333,0.0,389
k2770,0.0244,0.357142857,0.14187154,0.0,0.0,0.0,0.0,0.0,0.0333,0.176470588,1315
k2952,0.0,0.0,0.216894616,0.0,0.0,0.0,0.0714,0.314265727,0.0,0.0,2548
k2317,0.0488,0.214285714,0.154129234,0.0,0.0,0.0,0.0714,0.0,0.0667,0.0588,2868
k1223,0.0244,0.0,0.119836086,0.0,0.0,0.0,0.0,0.0,0.0333,0.0,1779
k505,0.0244,0.357142857,0.14187154,0.0,0.0,0.0,0.0,0.0,0.0333,0.117647059,1321
k1942,0.0488,0.0,0.0879,0.0,0.0,0.0,0.0,0.0,0.0333,0.0,2372
k1860,0.0732,0.0,0.255836997,0.0,0.0,0.0,0.0,0.0,0.0333,0.0,1840
k3189,0.268292683,0.0714,0.166621981,0.0,0.0769,0.0,0.0357,0.0,0.2,0.0,38
k317,0.170731707,0.0714,0.132132816,0.0,0.0,0.0,0.0,0.0,0.133333333,0.117647059,936
k2964,0.0,0.0,0.0865,0.0,0.0,0.0,0.0,0.0,0.0,0.0,205
k1904,0.0488,0.0,0.0786,0.0,0.0,0.0,0.0,0.0,0.0333,0.0,2207
k3229,0.0732,0.0,0.124155181,0.0,0.0,0.0,0.0357,0.0,0.0333,0.0588,2204
k2432,0.0,0.0,0.105490206,0.0,0.0,0.0,0.0,0.0,0.0,0.0,702
k521,0.0732,0.142857143,0.12070452,0.0,0.0,0.0,0.0,0.0,0.1,0.0,1806
k3268,0.12195122,0.0,0.118470572,0.0,0.0,0.0,0.0357,0.0,0.0667,0.0,1037
k403,0.0,0.0,0.0825,0.0,0.0,0.0,0.0,0.0,0.0,0.0,3094
k2038,0.243902439,0.0,0.120997834,0.0,0.0,0.0,0.0714,0.0,0.2,0.0,751
k2641,0.12195122,0.0714,0.325703405,0.0,0.0,0.0,0.0714,0.373890115,0.1,0.0588,800
k711,0.0488,0.0,0.075,0.0,0.0,0.0,0.0357,0.0,0.133333333,0.0,864
k263,0.0,0.0,0.149899011,0.0,0.0,0.0,0.0357,0.481300113,0.0667,0.0,2993
k714,0.0732,0.0714,0.174108101,0.0,0.0,0.0261,0.0,0.0,0.0667,0.0,669
k3102,0.0732,0.0,0.084,0.0,0.0,0.0,0.0,0.0,0.0333,0.0,470
k984,0.0732,0.0714,0.109326174,0.0,0.0,0.0,0.0,0.0,0.1,0.0,3299
k3177,0.0,0.0,0.114906261,0.0,0.0,0.0,0.0,0.0,0.0,0.0,1202
k1853,0.0244,0.142857143,0.118066699,0.0,0.0,0.0,0.0,0.0,0.0333,0.117647059,784
k539,0.0,0.285714286,0.106401929,0.0,0.0,0.0,0.0,0.0,0.0,0.0,3201
k3237,0.0,0.0,0.0747,0.0,0.0,0.0,0.0,0.0,0.0333,0.0,1402
k2132,0.0488,0.0714,0.0847,0.0,0.0,0.0,0.0357,0.0,0.0333,0.0,306
k2146,0.146341463,0.0714,0.151352003,0.0,0.0,0.0,0.0357,0.0,0.1,0.0,2409
k1383,0.0244,0.0,0.154778405,0.0,0.0,0.0,0.0,0.0,0.0333,0.0,135
k448,0.0,0.142857143,0.135689778,0.0,0.0,0.0,0.0,0.0,0.0,0.117647059,1515
k2271,0.0244,0.0714,0.104210442,0.0,0.0,0.0,0.0,0.0,0.0333,0.0,1395
k3087,0.0,0.0,0.249011425,0.0,0.0,0.0,0.0714,0.599849325,0.0667,0.0,3190
k2381,0.0732,0.0714,0.125729345,0.0,0.0,0.0,0.0,0.0,0.1,0.0,1228
k2051,0.0,0.0,0.10819582,0.0,0.0,0.0,0.0,0.0,0.0,0.0,2477
k921,0.0488,0.0,0.0572,0.0,0.0,0.0,0.0,0.0,0.0667,0.0,2527
k1681,0.0732,0.142857143,0.118683655,0.0,0.0,0.0,0.0357,0.0,0.1,0.0,3362
k1408,0.0732,0.0,0.182399734,0.0,0.0,0.0784,0.0,0.0,0.1,0.0,1494
k2157,0.146341463,0.0714,0.120395851,0.0,0.0,0.0251,0.0,0.0,0.133333333,0.0588,294
k671,0.0,0.0,0.10819582,0.0,0.0,0.0,0.0,0.0,0.0,0.0,883
k2016,0.0488,0.0,0.13618066,0.0,0.0,0.0416,0.0357,0.0,0.166666667,0.0,1828
k742,0.0,0.285714286,0.169781803,0.0,0.0,0.0,0.0,0.0,0.0,0.235294118,289
k1981,0.0,0.0,0.243563148,0.0,0.0,0.0,0.0357,0.262497982,0.0,0.0,612
k377,0.0,0.0,0.138878923,0.0,0.0,0.0,0.0,0.0,0.0,0.0,3311
k181,0.0244,0.0,0.134242346,0.0,0.0,0.0,0.0357,0.0,0.0333,0.0,2468
k1965,0.0976,0.0714,0.206045133,0.0,0.0,0.0,0.0,0.0,0.0667,0.0,2625
k2977,0.0244,0.0714,0.102867182,0.0,0.0,0.0,0.0,0.0,0.0333,0.0,1400
k1229,0.0488,0.0,0.146525466,0.0,0.0,0.0,0.0,0.0,0.0,0.0,691
k940,0.268292683,0.0714,0.256790206,0.0,0.0,0.0,0.142857143,0.0,0.133333333,0.0588,1576
k2729,0.0488,0.0,0.0891,0.0,0.0,0.0526,0.0,0.0,0.0667,0.0,1693
k2006,0.0488,0.142857143,0.249677419,0.0,0.0,0.0,0.0,0.0,0.1,0.0,1464
k178,0.12195122,0.0,0.18411595,0.0,0.0,0.0,0.0,0.0,0.1,0.0588,1901
k2506,0.0732,0.0,0.234529895,0.0,0.0,0.0,0.0357,0.36334284,0.0667,0.0,2015
k221,0.0,0.0,0.062,0.0,0.0,0.0,0.0,0.0,0.0333,0.0,2286
k2327,0.170731707,0.214285714,0.1620142,0.0,0.0,0.0,0.0,0.0,0.2,0.0588,2600
k1305,0.0976,0.0714,0.1242073,0.0,0.0,0.0,0.0,0.0,0.133333333,0.0,3361
k37,0.0,0.0,0.0645,0.0,0.0,0.0,0.0,0.0,0.0,0.0,1729
k1975,0.0,0.285714286,0.130311079,0.0,0.0,0.0,0.0,0.0,0.0,0.0,2922
k1699,0.0,0.0,0.0592,0.0,0.0,0.0542,0.0,0.0,0.0333,0.0,594
k2660,0.0488,0.0714,0.138154923,0.0,0.0,0.0,0.0714,0.0,0.0667,0.0588,3211
k785,0.0244,0.0714,0.114906261,0.0,0.0,0.0,0.0,0.0,0.0333,0.0,414
k1368,0.0,0.0,0.10819582,0.0,0.0,0.0,0.0,0.0,0.0,0.0,2277
k2180,0.0488,0.0,0.0821,0.0,0.0,0.0,0.0,0.0,0.0667,0.0,2832
k1537,0.0976,0.0,0.140892251,0.0,0.0,0.0,0.0,0.0,0.1,0.0,2113
k1689,0.0244,0.0,0.0625,0.0,0.0,0.0,0.0,0.0,0.1,0.0,3023
k1930,0.170731707,0.142857143,0.1620142,0.0,0.0,0.0,0.0,0.0,0.2,0.117647059,349
k2261,0.0244,0.0714,0.10819582,0.0,0.0,0.0,0.0,0.0,0.0333,0.0,453
k1927,0.146341463,0.142857143,0.125163776,0.0,0.0,0.0,0.0,0.0,0.1,0.0,916
k3403,0.0976,0.0,0.173691991,0.0,0.0,0.0,0.0357,0.0,0.1,0.0588,1623
k1583,0.0732,0.0,0.129135022,0.0,0.0,0.0,0.0,0.0,0.0667,0.0,114
k2000,0.0,0.0,0.109317697,0.0,0.0,0.0,0.0,0.0,0.0,0.0,1019
k3217,0.12195122,0.0,0.103148008,0.0,0.0,0.0,0.0357,0.0,0.0667,0.0588,2683
k789,0.0488,0.0,0.139364003,0.0,0.0,0.0,0.0,0.0,0.0333,0.0,2771
k1390,0.0,0.0,0.102277296,0.0,0.0,0.0,0.0,0.0,0.0,0.0,1090
k3173,0.0,0.142857143,0.130311079,0.0,0.0,0.0,0.0,0.0,0.0,0.117647059,1559
k735,0.170731707,0.0,0.0901,0.0,0.0,0.0,0.0357,0.0,0.133333333,0.0,3119
k2947,0.0488,0.0,0.093,0.0,0.0,0.0,0.0357,0.0,0.166666667,0.0,2781
k2649,0.0488,0.0,0.132613032,0.0,0.0,0.116514247,0.0357,0.0,0.133333333,0.0,2722
k1189,0.0,0.0,0.129171464,0.0,0.0,0.0,0.0,0.0,0.0,0.0,840
k582,0.219512195,0.142857143,0.270678963,0.0,0.0,0.0,0.0,0.0,0.1,0.117647059,2493
k1380,0.0488,0.0714,0.0846,0.0,0.0,0.0,0.0357,0.0,0.1,0.0,2433
k3271,0.0244,0.0,0.093,0.0,0.0,0.0,0.0,0.0,0.0667,0.0,938
k2094,0.0,0.428571429,0.157511595,0.0,0.0,0.0,0.0,0.0,0.0,0.117647059,1943
k2205,0.0488,0.0,0.0911,0.0,0.0,0.0,0.0714,0.0,0.0333,0.0,811
k1538,0.0244,0.0,0.127717674,0.0,0.0,0.0,0.0,0.0,0.0333,0.0,3213
k2288,0.0,0.0,0.0829,0.0,0.0,0.0,0.0,0.0,0.0,0.0,1303
k2354,0.0976,0.0714,0.205174063,0.0,0.0,0.0,0.0714,0.0,0.1,0.0,1786
k1623,0.0488,0.0,0.13896803,0.0,0.0,0.0,0.0,0.0,0.0,0.0,2618
k822,0.0488,0.0,0.123405184,0.0,0.0,0.0,0.0,0.0,0.0667,0.0,2428
k2842,0.365853659,0.142857143,0.40420776,0.0,0.0962,0.0,0.214285714,0.0,0.3,0.0,767
k2917,0.0,0.285714286,0.140004884,0.0,0.0,0.0,0.0,0.0,0.0,0.0,228
k341,0.0488,0.0,0.0826,0.0,0.0,0.0,0.0,0.0,0.0667,0.0,676
k3353,0.0976,0.0714,0.205174063,0.0,0.0,0.0,0.0,0.0,0.1,0.0,450
k2562,0.0732,0.0,0.170826848,0.0,0.0,0.0,0.0,0.0,0.1,0.0588,896
k1507,0.0,0.0,0.128325041,0.0,0.0,0.0,0.0,0.0,0.0,0.0,1252
k3209,0.0244,0.0,0.084,0.0,0.0,0.0,0.0,0.0,0.0333,0.0,2720
k2589,0.0,0.0,0.108246542,0.0,0.0,0.0,0.0,0.0,0.0667,0.0,2701
k2106,0.0,0.0,0.120645851,0.0,0.0,0.0,0.0,0.0,0.0,0.0,94
k2046,0.0,0.0,0.0844,0.0,0.0,0.0,0.0,0.0,0.0,0.0,2117
k3428,0.0976,0.0,0.0689,0.0,0.0,0.0,0.0,0.0,0.0333,0.0,2929
k33,0.268292683,0.0714,0.166621981,0.0,0.0,0.0,0.0714,0.0,0.2,0.0,652
k2079,0.0,0.0,0.132530268,0.0,0.0,0.0,0.0,0.473927783,0.0,0.0,2539
k506,0.0488,0.0,0.0716,0.0,0.0,0.0,0.0,0.0,0.0333,0.0,2758
k3186,0.0488,0.0,0.159990264,0.0,0.0,0.0,0.0,0.0,0.0667,0.0,1927
k3368,0.0244,0.0,0.083,0.0,0.0,0.0784,0.0357,0.506753484,0.0333,0.0,1960
k3179,0.0732,0.0,0.0821,0.0,0.0,0.0,0.0,0.0,0.0333,0.0,170
k648,0.0488,0.0714,0.098,0.0,0.0,0.0,0.0,0.0,0.0,0.0,483
k2330,0.0488,0.0714,0.1266458,0.0,0.0,0.0,0.0714,0.0,0.0667,0.0588,444
k3192,0.0,0.0,0.094,0.0,0.0,0.0,0.0,0.467524081,0.0,0.0,1592
k3201,0.0,0.0,0.0723,0.0,0.0,0.0,0.0,0.0,0.0,0.0,2098
k2386,0.0244,0.0,0.0877,0.0,0.0,0.0,0.0,0.0,0.1,0.0,393
k1164,0.219512195,0.0714,0.142062452,0.0,0.0,0.0,0.0,0.0,0.166666667,0.117647059,1431
k852,0.12195122,0.214285714,0.202469315,0.125,0.0,0.0,0.0357,0.0,0.133333333,0.0,2551
k1462,0.195121951,0.142857143,0.175003033,0.0,0.0,0.0,0.0,0.503148039,0.0667,0.0,2030
k1056,0.243902439,0.0714,0.161880384,0.0,0.0,0.0,0.107142857,0.0,0.166666667,0.0,1218
k425,0.12195122,0.0,0.144732744,0.0,0.0577,0.0,0.107142857,0.0,0.1,0.0,1319
k1883,0.0488,0.0,0.138400456,0.0,0.0,0.0,0.0,0.0,0.0,0.0,2906
k3008,0.0976,0.142857143,0.127487557,0.0,0.0,0.0,0.0357,0.0,0.0667,0.0,976
k2349,0.0,0.0,0.170696972,0.0,0.0,0.0,0.0,0.246246569,0.0,0.0,3281
k2240,0.146341463,0.0,0.12921383,0.0,0.0,0.0,0.0714,0.0,0.1,0.0,1253
k786,0.0976,0.0,0.160000048,0.0,0.0962,0.0,0.0357,0.0,0.133333333,0.0,1540
k3158,0.0732,0.0,0.116383811,0.0,0.0,0.0,0.0,0.0,0.0333,0.0,3138
k481,0.0244,0.0714,0.114906261,0.0,0.0,0.0,0.0,0.0,0.0333,0.0,2660
k1592,0.0,0.0,0.0967,0.0,0.0,0.0,0.0,0.0,0.0,0.0,222
k2017,0.0488,0.142857143,0.157297546,0.0,0.0,0.0,0.0,0.0,0.0667,0.0,2038
k463,0.0976,0.0,0.128049492,0.0,0.0,0.0,0.0357,0.0,0.166666667,0.0,173
k1397,0.0488,0.0,0.162533381,0.0,0.0,0.0,0.0,0.0,0.0333,0.0,3419
k3276,0.12195122,0.0,0.102768669,0.0,0.0,0.0,0.0357,0.0,0.1,0.0,711
k2739,0.0976,0.0714,0.225961742,0.0,0.0,0.0,0.0357,0.0,0.1,0.0,396
k133,0.0488,0.0,0.140664849,0.0,0.0,0.0437,0.0,0.0,0.133333333,0.0,2974
k2848,0.146341463,0.0714,0.170628869,0.0,0.0,0.0833,0.0,0.0,0.133333333,0.0,2747
k3302,0.12195122,0.0,0.151122582,0.0,0.0,0.0,0.0,0.0,0.0333,0.0,3041
k1389,0.12195122,0.142857143,0.120395851,0.0,0.0,0.0,0.0357,0.0,0.133333333,0.0,2247
k2776,0.0732,0.0,0.1828441,0.0,0.0,0.0,0.0,0.0,0.0667,0.0,2084
k2823,0.0,0.0,0.160778883,0.0,0.0385,0.0,0.0,0.0,0.0,0.0,1978
k3133,0.0488,0.0,0.0383,0.0,0.0,0.0,0.0,0.0,0.0667,0.0,2212
k1101,0.12195122,0.142857143,0.113222369,0.0,0.0,0.0,0.0,0.0,0.0667,0.0,2155
k2880,0.0,0.142857143,0.142062452,0.0,0.0,0.0,0.0,0.0,0.0,0.117647059,894
k1748,0.0732,0.0,0.117931746,0.0,0.0,0.0,0.0,0.0,0.1,0.0588,339
k1925,0.0976,0.142857143,0.377792227,0.0,0.0192,0.0,0.142857143,0.409783135,0.0667,0.0,2916
k2718,0.0488,0.0714,0.138154923,0.0,0.0,0.0,0.0714,0.0,0.0667,0.0588,180
k3148,0.0488,0.0714,0.138162176,0.0,0.0,0.0,0.0,0.0,0.0667,0.0,832
k2788,0.0732,0.0,0.114925533,0.0,0.0,0.0,0.0,0.0,0.0667,0.0,1517
k731,0.12195122,0.0714,0.141485905,0.0,0.0,0.0,0.0,0.0,0.0667,0.0,28
k1897,0.0,0.0,0.351672894,0.0,0.0385,0.0,0.142857143,0.472205779,0.0,0.0,301
k2897,0.170731707,0.0714,0.141949398,0.0,0.0,0.0,0.0,0.0,0.133333333,0.0,642
k3203,0.0,0.0714,0.0686,0.0,0.0,0.0236,0.0,0.0,0.0333,0.0,1526
k1840,0.0732,0.142857143,0.217802944,0.0,0.0385,0.0,0.0357,0.0,0.0333,0.0,3292
k891,0.0,0.0,0.0584,0.0,0.0,0.0236,0.0,0.0,0.0333,0.0,426
k2457,0.0976,0.0,0.0317,0.0,0.0,0.0,0.0714,0.0,0.0667,0.0,361
k1197,0.0488,0.0,0.213357961,0.0,0.0,0.0,0.0,0.351773126,0.0667,0.0,2257
k2503,0.0244,0.0714,0.120448119,0.0,0.0,0.0,0.0,0.0,0.0333,0.0,2797
k527,0.0,0.0,0.182816569,0.0,0.0,0.0,0.0357,0.645643868,0.133333333,0.0,2831
k1773,0.0732,0.0,0.170381203,0.0,0.153846154,0.0,0.107142857,0.0,0.1,0.0588,1798
k1873,0.0488,0.0,0.131085709,0.0,0.0,0.0,0.0357,0.0,0.0667,0.0588,1327
k2137,0.0976,0.0,0.071,0.0,0.0,0.0,0.0,0.0,0.0667,0.0,3257
k2018,0.243902439,0.0,0.198725351,0.0,0.0,0.0,0.107142857,0.0,0.2,0.0588,1430
k2061,0.0488,0.0,0.11332533,0.0,0.0,0.0437,0.0,0.0,0.133333333,0.0,1627
k2216,0.0,0.0,0.0566,0.0,0.0,0.0,0.0,0.0,0.0,0.0,1479
k446,0.0488,0.0714,0.0676,0.0,0.0,0.0,0.0,0.0,0.0333,0.0,3425
k1957,0.0,0.0,0.0929,0.0,0.0,0.0,0.0,0.0,0.0333,0.0,812
k591,0.0488,0.0,0.0712,0.0,0.0,0.0,0.0,0.0,0.0333,0.0,964
k45,0.0244,0.0,0.12802721,0.0,0.0,0.0,0.0,0.0,0.0333,0.0,2168
k1431,0.0244,0.0,0.140664849,0.0,0.0,0.0,0.0,0.0,0.1,0.0,3079
k2014,0.0976,0.0,0.134730696,0.0,0.0,0.0,0.0,0.0,0.0667,0.117647059,1990
k651,0.0,0.0,0.159704415,0.0,0.0,0.0,0.0,0.0,0.0,0.0,2185
k642,0.0,0.0,0.0873,0.0,0.0,0.0,0.0,0.0,0.0,0.0,1999
k431,0.0244,0.0,0.0972,0.0,0.0,0.0,0.0,0.0,0.0333,0.0,1455
k1332,0.146341463,0.0714,0.177952504,0.0,0.0577,0.0,0.0714,0.0,0.166666667,0.176470588,1951
k2552,0.12195122,0.0,0.204250419,0.0,0.0192,0.0,0.0714,0.0,0.1,0.0,2619
k552,0.0488,0.0,0.163079481,0.0,0.0,0.0416,0.0357,0.0,0.166666667,0.0,3149
k553,0.0244,0.0,0.0817,0.0,0.0,0.0,0.0,0.0,0.0333,0.0,2054
k1756,0.170731707,0.0,0.113222993,0.0,0.0385,0.0,0.0,0.0,0.133333333,0.0,2897
k3036,0.12195122,0.0,0.0702,0.0,0.0,0.0,0.0357,0.0,0.0667,0.0,3096
k1250,0.0976,0.0,0.240697792,0.0,0.0,0.0,0.0,0.0,0.0,0.0,120
k2831,0.0244,0.0,0.096,0.0,0.0,0.0,0.0,0.283646343,0.0333,0.0,593
k2769,0.0244,0.0,0.0657,0.0,0.0,0.0416,0.0,0.0,0.0667,0.0,1974
k1876,0.0976,0.142857143,0.185227491,0.0,0.0,0.0,0.0,0.0,0.0667,0.117647059,3145
k614,0.0732,0.0,0.165121165,0.0,0.0,0.0,0.107142857,0.0,0.1,0.0,224
k159,0.0732,0.0,0.116139833,0.0,0.0,0.0,0.0,0.0,0.1,0.0,2890
k2687,0.0976,0.0714,0.179322676,0.0,0.0385,0.0,0.0,0.0,0.133333333,0.117647059,1068
k1715,0.12195122,0.0,0.0767,0.0,0.0,0.0251,0.0,0.0,0.1,0.0,61
k3005,0.0488,0.214285714,0.276285842,0.0625,0.0192,0.0219,0.0357,0.0,0.166666667,0.0,1632
k44,0.0244,0.0,0.11149992,0.0,0.0,0.0,0.0,0.0,0.0333,0.0,2093
k1658,0.0732,0.142857143,0.218926046,0.0,0.0,0.0588,0.0,0.0,0.1,0.0,454
k1039,0.0244,0.0714,0.181989839,0.0,0.0,0.0112,0.0,0.0,0.1,0.0,1812
k2901,0.146341463,0.0,0.481538857,0.0,0.0,0.0873,0.0,0.0,0.0667,0.0,1085
k410,0.0,0.0,0.0851,0.0,0.0,0.0,0.0357,0.0,0.0,0.0,472
k2195,0.170731707,0.0,0.181411486,0.0,0.0,0.0251,0.107142857,0.419038907,0.166666667,0.0,915
k112,0.243902439,0.0,0.624154833,0.9375,0.0,0.0,0.357142857,0.0,0.466666667,0.0,1657
k1587,0.0244,0.0,0.105375283,0.0,0.0,0.0,0.0,0.0,0.133333333,0.0,815
k2323,0.0,0.0,0.133045026,0.0,0.0,0.0,0.0,0.0,0.0,0.0,2049
k1601,0.0488,0.0,0.114049872,0.0,0.0,0.0,0.0,0.0,0.0333,0.0,1053
k2960,0.0244,0.0714,0.0767,0.0,0.0,0.0,0.0,0.0,0.0333,0.0,802
k1812,0.0732,0.0,0.106210882,0.0,0.0,0.0,0.0,0.0,0.0333,0.0,321
k399,0.0244,0.0,0.136736629,0.0,0.0,0.0,0.0714,0.0,0.1,0.0,2221
k2034,0.0244,0.285714286,0.173868953,0.125,0.0,0.0219,0.0,0.0,0.133333333,0.0,2011
k918,0.0488,0.0714,0.126066099,0.0,0.0,0.0,0.0714,0.0,0.0667,0.0,2785
k364,0.0488,0.0,0.0896,0.0,0.0,0.156829922,0.0,0.0,0.0667,0.0,1710
k951,0.0488,0.0,0.0797,0.0,0.0,0.0,0.0,0.0,0.0333,0.0,3329
k2825,0.0732,0.0714,0.0767,0.0,0.0,0.0,0.0,0.0,0.0667,0.0,1338
k234,0.12195122,0.0,0.0744,0.0,0.0,0.263157895,0.0357,0.896895012,0.0,0.0,960
k1083,0.0732,0.0,0.0587,0.0,0.0,0.0416,0.0,0.0,0.1,0.0,466
k2199,0.146341463,0.0,0.113034361,0.0,0.0,0.0261,0.142857143,0.0,0.1,0.0,3294
k3121,0.12195122,0.142857143,0.241645398,0.0,0.0,0.0,0.0,0.0,0.0667,0.0588,1154
k266,0.0488,0.0,0.111141209,0.0,0.0,0.04,0.0,0.0,0.1,0.0,2880
k1767,0.146341463,0.0,0.147669558,0.0,0.0,0.0,0.0357,0.0,0.1,0.0,2497
k3397,0.0976,0.0,0.093,0.0,0.0,0.0,0.0,0.0,0.0667,0.0,70
k628,0.0488,0.0,0.0446,0.0,0.0,0.0,0.0,0.0,0.0,0.0,2348
k184,0.146341463,0.0,0.048,0.0,0.0,0.0,0.0,0.0,0.133333333,0.0,1262
k3281,0.12195122,0.0,0.169010633,0.0,0.0,0.0,0.0357,0.0,0.0667,0.0,152
k3086,0.170731707,0.0,0.175109787,0.0,0.0,0.0,0.178571429,0.0,0.233333333,0.0,3116
k1532,0.0,0.0,0.10191921,0.0,0.0,0.0,0.0,0.0,0.0667,0.0,2749
k208,0.0,0.0,0.120464285,0.0,0.0,0.0,0.0,0.347898617,0.0,0.0,1003
k2064,0.0,0.0,0.11954749,0.0,0.0,0.0,0.0,0.0,0.0,0.0,3148
k2258,0.0244,0.0,0.150155565,0.0,0.0,0.0,0.0,0.0,0.0333,0.0,1820
k453,0.0976,0.0714,0.11990056,0.0,0.0,0.0,0.142857143,0.0,0.133333333,0.0588,3324
k3309,0.0244,0.0,0.11332533,0.0,0.0,0.0,0.0,0.0,0.133333333,0.0,3272
k229,0.0488,0.0,0.0735,0.0,0.0,0.0,0.0714,0.0,0.0667,0.0,2839
k779,0.0,0.0,0.094,0.0,0.0,0.0,0.0,0.0,0.0,0.0,1171
k2174,0.0976,0.0,0.106572509,0.0,0.0,0.0,0.0,0.0,0.0333,0.0,515
k1935,0.0,0.0,0.173022328,0.0,0.0,0.0,0.0,0.0,0.0333,0.0,1893
k2513,0.12195122,0.0,0.360515136,0.0,0.0,0.0,0.107142857,0.0,0.0667,0.0,2447
k230,0.146341463,0.0,0.0753,0.0,0.0,0.0,0.0,0.0,0.0667,0.0,2121
k518,0.0488,0.0,0.159396183,0.0,0.0192,0.0112,0.0,0.0,0.1,0.0,2564
k2734,0.0,0.0,0.0797,0.0,0.0,0.0,0.0,0.0,0.0,0.0,210
k1177,0.0,0.0,0.0877,0.0,0.0192,0.0,0.0,0.0,0.0,0.0,755
k2022,0.0488,0.0,0.0567,0.0,0.0,0.0,0.0,0.0,0.0667,0.0,3274
k932,0.0488,0.0,0.179279402,0.0,0.0577,0.0,0.142857143,0.0,0.0667,0.0,2360
k140,0.0976,0.0,0.109042513,0.0,0.0,0.0,0.0,0.0,0.0667,0.0,2311
k3372,0.0244,0.0,0.283839467,0.0,0.0577,0.0,0.178571429,0.0,0.0333,0.0,3042
k3279,0.0244,0.0,0.143837939,0.0,0.0385,0.0,0.0357,0.0,0.0333,0.0,1916
k1514,0.0,0.0,0.0677,0.0,0.0,0.0,0.0,0.0,0.0667,0.0,1794
k2787,0.0244,0.0,0.12559477,0.0,0.0,0.0,0.0,0.0,0.133333333,0.0,1774
k278,0.0,0.0,0.0663,0.0,0.0,0.0,0.0,0.0,0.133333333,0.0,1890
k1067,0.0488,0.0,0.203385948,0.0,0.0,0.0,0.0,0.0,0.0333,0.0,115
k2939,0.0976,0.0,0.18382922,0.0,0.0,0.0,0.0,0.0,0.133333333,0.0,1501
k1921,0.0976,0.142857143,0.23357107,0.0,0.0385,0.0,0.0,0.0,0.1,0.0,1391
k2928,0.146341463,0.0,0.116139833,0.0,0.0,0.0,0.0,0.0,0.1,0.0,556
k3312,0.0,0.0,0.0159,0.0,0.0,0.0,0.0,0.0,0.0667,0.0,1404
k914,0.0244,0.0,0.0587,0.0,0.0,0.11661844,0.0,0.0,0.0667,0.0,229
k3068,0.0976,0.0,0.240624485,0.0,0.0769,0.0,0.0357,0.0,0.1,0.0,305
k331,0.0976,0.0,0.18382922,0.0,0.0,0.0,0.0,0.0,0.133333333,0.0,2936
k259,0.0488,0.0,0.116373639,0.0,0.0,0.0,0.0,0.0,0.0667,0.0,867
k2009,0.0732,0.0,0.0598,0.0,0.0,0.0,0.0,0.0,0.0333,0.0,1353
k595,0.0244,0.0,0.252811972,0.0625,0.0,0.0219,0.0,0.0,0.133333333,0.0,1757
k3238,0.0976,0.0,0.0868,0.0,0.0,0.0,0.0,0.0,0.0667,0.0,2202
k2958,0.0244,0.0,0.105062357,0.0,0.0,0.0,0.0,0.0,0.0333,0.0,1483
k330,0.0976,0.0,0.106474863,0.0,0.0,0.240104647,0.0,0.0,0.133333333,0.0,3012
k2057,0.12195122,0.0,0.0943,0.0,0.0,0.0,0.0,0.0,0.1,0.0,1580
k1418,0.0488,0.0,0.057,0.0,0.0,0.0,0.0,0.0,0.0333,0.0,2522
k2871,0.146341463,0.0714,0.137841771,0.0,0.0,0.0,0.0,0.0,0.133333333,0.0,1743
k2177,0.146341463,0.0,0.0474,0.0,0.0,0.0,0.0,0.0,0.1,0.0,1
k2088,0.0244,0.0714,0.131310508,0.0,0.0,0.0,0.0,0.0,0.0333,0.0,619
k2996,0.0488,0.0,0.0759,0.0,0.0,0.0,0.0,0.0,0.0667,0.0,677
k193,0.0976,0.0,0.169928645,0.0,0.0,0.0,0.142857143,0.0,0.166666667,0.0,2350
k784,0.0488,0.0,0.159600192,0.0,0.0,0.156829922,0.0,0.380186192,0.0667,0.0,2696
k1739,0.0,0.0,0.152841756,0.0,0.0,0.0,0.0,0.0,0.1,0.0,1207
k1666,0.170731707,0.0714,0.151412739,0.0,0.0,0.0,0.142857143,0.0,0.133333333,0.0,1724
k3006,0.0,0.0,0.114906261,0.0,0.0,0.0,0.0,0.0,0.0,0.0,1564
k2241,0.0732,0.142857143,0.107702535,0.0,0.0,0.0337,0.0,0.0,0.233333333,0.0,2077
k2071,0.243902439,0.0714,0.21658509,0.0,0.0,0.0,0.0357,0.0,0.2,0.0,3106
k922,0.146341463,0.0,0.106210882,0.0,0.0,0.0,0.0,0.0,0.0667,0.0,1566
k712,0.0,0.0,0.240033533,0.0,0.0,0.0,0.0,0.0,0.0,0.0,2808
k2283,0.146341463,0.0714,0.310939255,0.1875,0.0385,0.0,0.178571429,0.0,0.266666667,0.0,129
k2112,0.0,0.0,0.258291875,0.0,0.173076923,0.0,0.107142857,0.517462197,0.0,0.0,2769
k1972,0.12195122,0.0714,0.251091376,0.0,0.0,0.0,0.0357,0.0,0.166666667,0.0,830
k586,0.0488,0.0,0.0893,0.0,0.0,0.0,0.0357,0.0,0.0333,0.0,2983
k874,0.12195122,0.0,0.316315248,0.1875,0.0,0.0,0.107142857,0.0,0.233333333,0.0588,1712
k3287,0.146341463,0.0,0.133066371,0.0,0.0,0.0,0.0,0.0,0.0667,0.0,3015
k3304,0.0244,0.0,0.0741,0.0,0.0,0.0,0.0357,0.0,0.0333,0.0,2692
k3132,0.0488,0.0,0.0807,0.0,0.0,0.0,0.0714,0.0,0.0333,0.0,2246
k2249,0.12195122,0.0,0.15572904,0.0,0.0,0.0,0.0357,0.0,0.0667,0.0,1503
k1115,0.0976,0.0,0.109042513,0.0,0.0,0.0,0.0,0.0,0.0667,0.0,2193
k2117,0.0244,0.0,0.168011961,0.0,0.0,0.0873,0.0357,0.0,0.1,0.0,2134
k1231,0.0488,0.0,0.0877,0.0,0.0,0.0,0.0,0.0,0.0667,0.0,2712
k2931,0.0488,0.0,0.0879,0.0,0.0,0.0,0.0,0.0,0.0333,0.0,3353
k3391,0.0732,0.0,0.172564054,0.0,0.0,0.0,0.178571429,0.0,0.1,0.0,2685
k3076,0.0732,0.0,0.193672351,0.0625,0.0,0.0,0.0357,0.0,0.1,0.0,2024
k1019,0.0,0.0,0.0587,0.0,0.0,0.0,0.0,0.0,0.0,0.0,2053
k2753,0.0976,0.0,0.153828098,0.0,0.0,0.0,0.0,0.0,0.0667,0.0,1170
k1599,0.0488,0.0714,0.240033291,0.0,0.0385,0.0416,0.0,0.0,0.133333333,0.0,2972
k405,0.0,0.0,0.0844,0.0,0.0,0.0,0.0,0.269816499,0.0,0.0,2068
k3399,0.0,0.0,0.14657147,0.0,0.0,0.0,0.0,0.0,0.0,0.0,763
k2324,0.0244,0.0,0.178284087,0.0,0.0,0.11661844,0.0,0.0,0.0667,0.0,212
k3319,0.195121951,0.0714,0.213248533,0.0,0.0,0.0,0.0,0.0,0.2,0.0,2109
k411,0.12195122,0.0,0.116139833,0.0,0.0,0.0,0.0,0.0,0.1,0.0,116
k519,0.0732,0.0714,0.161748417,0.0,0.0,0.0,0.0,0.0,0.0667,0.0,72
k180,0.0732,0.0714,0.286143208,0.0625,0.0,0.0873,0.0357,0.0,0.133333333,0.0,1803
k1614,0.0244,0.0714,0.159055926,0.0,0.0,0.0,0.0357,0.0,0.0333,0.0,2312
k657,0.170731707,0.285714286,0.239171678,0.25,0.0,0.0,0.178571429,0.0,0.233333333,0.235294118,1006
k2404,0.0488,0.142857143,0.263834036,0.0,0.0,0.0,0.0,0.0,0.133333333,0.0,2085
k2066,0.0488,0.0,0.0626,0.0,0.0,0.0784,0.0,0.0,0.0667,0.0,2629
k2756,0.0488,0.0,0.093,0.0,0.0,0.0,0.0357,0.0,0.0667,0.0,1411
k2740,0.0488,0.0,0.042,0.0,0.0,0.0,0.0,0.0,0.0333,0.0,823
k121,0.0488,0.0,0.168880841,0.0,0.0,0.0,0.0,0.0,0.0667,0.0,2973
k68,0.0976,0.0,0.135845067,0.0,0.0,0.0,0.0,0.0,0.1,0.0,2744
k2248,0.0244,0.0,0.0868,0.0,0.0,0.0,0.0714,0.0,0.0333,0.0,732
k2639,0.146341463,0.142857143,0.418574799,0.0,0.0769,0.0,0.178571429,0.0,0.1,0.0,2555
k1964,0.12195122,0.0,0.0777,0.0,0.0,0.0,0.0,0.0,0.0333,0.0,1371
k1673,0.0244,0.0714,0.106157069,0.0,0.0,0.0,0.0,0.0,0.0667,0.0,299
k2794,0.0244,0.0,0.0958,0.0,0.0,0.0,0.0,0.0,0.0333,0.0,330
k1826,0.0,0.0,0.25834607,0.0,0.0,0.0,0.0,0.0,0.0333,0.0,2263
k3303,0.0732,0.0,0.0446,0.0,0.0,0.0,0.0,0.0,0.0333,0.0,3333
k1171,0.0488,0.0,0.175913694,0.0,0.0769,0.0,0.107142857,0.0,0.0667,0.0,2594
k2517,0.0244,0.0,0.129085048,0.125,0.0,0.0,0.0,0.0,0.1,0.0,1113
k2653,0.0244,0.0,0.0455,0.0,0.0,0.0,0.0,0.0,0.0333,0.0,31
k1286,0.0244,0.0714,0.135013161,0.0,0.0385,0.0,0.0357,0.0,0.0333,0.0,2066
k1347,0.146341463,0.0,0.320740905,0.0,0.0,0.0,0.0,0.0,0.2,0.117647059,1277
k2356,0.146341463,0.0714,0.141485905,0.0,0.0,0.0,0.0,0.0,0.166666667,0.0588,1326
k1597,0.0976,0.0714,0.170522612,0.0,0.0,0.0,0.0,0.0,0.1,0.0,351
k2915,0.0976,0.0,0.0433,0.0,0.0,0.0,0.0714,0.0,0.0333,0.0,264
k1700,0.0732,0.0,0.25309381,0.25,0.0,0.0,0.107142857,0.0,0.133333333,0.0,2512
k517,0.0488,0.0,0.13896803,0.0,0.0,0.0,0.0,0.0,0.0667,0.0,3078
k1945,0.0488,0.0714,0.209081961,0.0,0.0385,0.0416,0.0,0.0,0.133333333,0.0,196
k3080,0.0,0.0,0.0502,0.0,0.0,0.0,0.0,0.0,0.0,0.0,1292
k1428,0.0244,0.0,0.115107248,0.0,0.0,0.0,0.0,0.0,0.1,0.0,1390
k1960,0.0976,0.0,0.0794,0.0,0.0,0.0,0.0,0.0,0.0667,0.0,2931
k241,0.0488,0.0714,0.155425856,0.0,0.0,0.0,0.0357,0.0,0.133333333,0.0588,1718
k2441,0.0,0.0,0.10505449,0.0,0.0,0.0,0.0,0.0,0.0667,0.0,2883
k604,0.0732,0.0,0.120455225,0.0,0.0,0.0,0.0,0.0,0.0333,0.0,2472
k1940,0.0,0.0,0.0844,0.0,0.0,0.0,0.0,0.0,0.0,0.0,3230
k2731,0.0244,0.0,0.134000083,0.0,0.0,0.0,0.0357,0.0,0.0333,0.0588,833
k2462,0.195121951,0.0,0.201823343,0.0,0.211538462,0.0,0.107142857,0.0,0.133333333,0.0,2210
k2201,0.195121951,0.428571429,0.224369829,0.0,0.0,0.0261,0.0,0.0,0.1,0.294117647,3077
k867,0.0244,0.0,0.195201623,0.0,0.0,0.0,0.0,0.0,0.1,0.0,1073
k2380,0.0488,0.0714,0.206469732,0.0,0.0,0.04,0.0,0.0,0.133333333,0.0,382
k728,0.0244,0.0,0.045,0.0,0.0,0.0,0.0,0.0,0.0333,0.0,2532
k3020,0.0732,0.0,0.11587116,0.0,0.0,0.0,0.0357,0.0,0.0333,0.0,2809
k2362,0.12195122,0.0,0.0622,0.0,0.0,0.0,0.0,0.0,0.0333,0.0,721
k3149,0.12195122,0.0714,0.191656592,0.0,0.0,0.0,0.0714,0.0,0.133333333,0.0,2736
k3180,0.0976,0.0,0.0681,0.0,0.0,0.0,0.142857143,0.0,0.0667,0.0,90
k1487,0.0,0.0,0.0502,0.0,0.0,0.0,0.0,0.0,0.0,0.0,2616
k759,0.0488,0.0,0.176371783,0.0625,0.0,0.0,0.0,0.0,0.1,0.0,1115
k1439,0.195121951,0.0,0.118833785,0.0,0.0,0.0111,0.0,0.0,0.0667,0.0,1780
k2208,0.0,0.0,0.0832,0.0,0.0,0.0,0.0,0.0,0.0333,0.0,503
k1043,0.0732,0.0,0.168866294,0.0,0.0,0.0,0.0357,0.0,0.166666667,0.0,3189
k1745,0.0488,0.0,0.0523,0.0,0.0,0.0784,0.0,0.0,0.0667,0.0,2940
k656,0.0244,0.0,0.0813,0.0,0.0,0.0,0.0,0.0,0.0333,0.0,1545
k1071,0.0,0.0,0.159838914,0.0,0.0,0.0,0.0357,0.0,0.0667,0.0,980
k2694,0.0,0.0,0.0615,0.0,0.0,0.0,0.0,0.0,0.0,0.0,2730
k1760,0.146341463,0.0,0.305088264,0.0,0.0,0.0,0.0714,0.0,0.0667,0.0,1295
k1143,0.0,0.0,0.164989112,0.0,0.0,0.0,0.0,0.0,0.0,0.0,9
k1894,0.0,0.285714286,0.122566939,0.0,0.0,0.0,0.0,0.0,0.133333333,0.0,3340
k2447,0.0976,0.0,0.305123475,0.0,0.0,0.0,0.0,0.0,0.0,0.0,2315
k2916,0.0244,0.0,0.11650146,0.0,0.0,0.0,0.0,0.0,0.0333,0.0,3391
k2252,0.12195122,0.0,0.148932947,0.0,0.0,0.0,0.0357,0.0,0.0667,0.0,1709
k492,0.0732,0.0,0.0891,0.0,0.0,0.0,0.0,0.0,0.0667,0.0,2700
k2043,0.0,0.0,0.0593,0.0,0.0,0.0,0.0,0.0,0.0333,0.0,2346
k430,0.0976,0.0,0.112171339,0.0,0.0,0.0,0.0,0.0,0.133333333,0.117647059,2673
k1028,0.0732,0.0714,0.134772292,0.0,0.0,0.0,0.0,0.0,0.0333,0.0,1155
k1221,0.0488,0.0,0.0759,0.0,0.0,0.0,0.0,0.0,0.0667,0.0,1212
k450,0.0244,0.214285714,0.126322811,0.0,0.0,0.0,0.0,0.0,0.0333,0.0,607
k1125,0.0,0.0,0.0613,0.0,0.0,0.0,0.0357,0.0,0.0333,0.0,3089
k246,0.0732,0.0,0.131322198,0.0,0.0,0.0,0.0357,0.0,0.0333,0.0,1547
k173,0.0488,0.0714,0.0803,0.0,0.0,0.0,0.0,0.0,0.1,0.0588,3406
k326,0.170731707,0.214285714,0.160657325,0.0,0.115384615,0.0,0.0,0.0,0.1,0.117647059,941
k1411,0.0244,0.0,0.326367934,0.0,0.134615385,0.0,0.0,0.0,0.0333,0.0,2370
k149,0.0976,0.214285714,0.235472993,0.0,0.0,0.0,0.142857143,0.0,0.266666667,0.0588,1691
k2143,0.0244,0.0714,0.128299003,0.0,0.0,0.0,0.0,0.424312544,0.0333,0.0,1242
k990,0.0976,0.0,0.20966896,0.0,0.0769,0.0,0.142857143,0.0,0.0667,0.0,2711
k2834,0.0244,0.0714,0.134772292,0.0,0.0,0.0,0.0,0.0,0.0333,0.0,1347
k2990,0.0488,0.0,0.0786,0.0,0.0,0.0,0.0,0.0,0.0333,0.0,2195
k868,0.0732,0.214285714,0.320321908,0.375,0.0962,0.0,0.0,0.0,0.4,0.0588,2214
k3082,0.0,0.0,0.0942,0.0,0.0,0.0,0.0,0.391486843,0.0,0.0,2208
k3110,0.0,0.0,0.11954749,0.0,0.0,0.0,0.0,0.0,0.0,0.0,2292
k2525,0.0244,0.0,0.121981896,0.0,0.0,0.0,0.0,0.0,0.0333,0.0,3180
k150,0.170731707,0.0,0.167791456,0.0,0.0192,0.0,0.0,0.0,0.1,0.0,1544
k1686,0.0976,0.0,0.048,0.0,0.0,0.0,0.0,0.0,0.0667,0.0,2392
k1252,0.0,0.0,0.0893,0.0,0.0,0.0,0.0357,0.366194909,0.0,0.0,2879
k3176,0.0732,0.0,0.0995,0.0,0.0,0.157894731,0.0,0.0,0.0,0.0,1643
k1291,0.0732,0.214285714,0.142590407,0.0,0.0,0.0,0.0714,0.0,0.1,0.117647059,3049
k312,0.0,0.0,0.116960759,0.0,0.0,0.0,0.0,0.247753323,0.0,0.0,3278
k1433,0.0,0.0,0.102750089,0.0,0.0,0.0,0.0,0.0,0.0,0.117647059,707
k3157,0.243902439,0.0,0.46206606,0.0,0.269230769,0.0,0.178571429,0.0,0.2,0.0,1610
k609,0.0732,0.0,0.329901148,0.0,0.0385,0.0,0.0,0.0,0.0333,0.0,804
k42,0.0488,0.0,0.230653268,0.0,0.0,0.0,0.0357,0.0,0.0333,0.0,211
k3075,0.0,0.0,0.174239997,0.0,0.0,0.0,0.0,0.0,0.0,0.0,104
k1434,0.0488,0.0,0.182062677,0.125,0.0385,0.0,0.0,0.0,0.166666667,0.0,2915
k321,0.0488,0.0,0.093,0.0,0.0,0.0,0.0,0.0,0.0333,0.0,185
k2412,0.12195122,0.0,0.101530466,0.0,0.0,0.0,0.0,0.0,0.0667,0.0,1955
k1466,0.170731707,0.0714,0.307333559,0.0,0.0,0.0,0.0,0.411881827,0.166666667,0.0,2032
k1370,0.0732,0.0714,0.119918326,0.0,0.0,0.0261,0.0,0.0,0.0667,0.0,464
k3119,0.0,0.0,0.132415223,0.0,0.0,0.0,0.0357,0.0,0.0333,0.0,1767
k2392,0.0488,0.0,0.11895534,0.0,0.0,0.0,0.0,0.0,0.1,0.0,590
k281,0.0244,0.0,0.0954,0.0,0.0,0.0,0.0,0.0,0.1,0.0,3345
k1477,0.0244,0.0,0.118612931,0.0,0.0,0.0,0.0,0.0,0.0333,0.0,2424
k347,0.146341463,0.0,0.057,0.0,0.0,0.0,0.0,0.0,0.0667,0.0,1603
k1724,0.0,0.0,0.145900783,0.0,0.0385,0.0,0.0,0.0,0.1,0.0,400
k1598,0.0244,0.0,0.117432616,0.0,0.0,0.0,0.142857143,0.0,0.0333,0.0,2268
k2101,0.0488,0.0,0.100430221,0.0,0.0,0.0,0.0,0.0,0.0667,0.0,1523
k1998,0.170731707,0.0714,0.163910975,0.0,0.0192,0.0,0.0357,0.0,0.2,0.117647059,2689
k2651,0.0732,0.0,0.238189943,0.0,0.0,0.0,0.0357,0.0,0.0333,0.0,596
k396,0.0244,0.0,0.170542692,0.0,0.0769,0.0,0.0357,0.0,0.0333,0.0,2614
k2778,0.12195122,0.142857143,0.23965579,0.0625,0.0,0.0,0.0714,0.0,0.166666667,0.0588,645
k2188,0.0,0.0,0.0925,0.0,0.0,0.0,0.0,0.0,0.0333,0.0,1178
k997,0.0488,0.0,0.0669,0.0,0.0,0.0,0.0,0.0,0.0667,0.0,1103
k2510,0.0244,0.0,0.0581,0.0,0.0,0.0,0.0,0.0,0.0667,0.0,1998
k43,0.0488,0.0,0.0325,0.0,0.0,0.0,0.0,0.0,0.0333,0.0,2946
k3404,0.146341463,0.0,0.105320723,0.0,0.0,0.0,0.0,0.0,0.1,0.0,186
k3207,0.0,0.0,0.174088704,0.0625,0.0,0.0,0.0,0.0,0.0667,0.0,214
k1746,0.0,0.0,0.0547,0.0,0.0,0.0,0.0,0.0,0.0667,0.0,2349
k51,0.0488,0.0,0.0613,0.0,0.0,0.0,0.0357,0.0,0.0333,0.0,2971
k2981,0.0976,0.142857143,0.394908951,0.125,0.0769,0.0,0.0,0.0,0.333333333,0.0,3182
k2481,0.146341463,0.0,0.111787159,0.0,0.0,0.0,0.0,0.0,0.0667,0.0,2956
k1374,0.463414634,0.0714,0.38866058,0.0,0.0,0.0,0.214285714,0.0,0.266666667,0.0588,3216
k2844,0.0,0.0,0.125064869,0.0,0.0,0.0,0.0714,0.0,0.0,0.0,1197
k841,0.0,0.0,0.389414401,0.0,0.0385,0.0,0.25,0.49087876,0.0,0.0,535
k619,0.0488,0.0,0.157080767,0.0,0.0,0.0,0.0357,0.0,0.0667,0.0,614
k1041,0.0488,0.0,0.0627,0.0,0.0,0.156829922,0.0,0.0,0.0667,0.0,907
k101,0.0488,0.0714,0.139334794,0.0,0.0,0.0,0.0,0.0,0.0667,0.0,2873
k2516,0.0244,0.0714,0.130156785,0.0,0.0,0.0,0.0,0.0,0.0333,0.0,2506
k1941,0.0976,0.0,0.0352,0.0,0.0,0.0,0.0,0.0,0.0667,0.0,1707
k2852,0.0488,0.0,0.0479,0.0,0.0,0.0,0.0,0.0,0.0333,0.0,945
k2671,0.0488,0.142857143,0.116230562,0.0,0.0,0.0,0.0,0.0,0.0667,0.0,296
k3290,0.0976,0.0,0.048,0.0,0.0,0.0,0.0,0.0,0.0667,0.0,2989
k2637,0.0,0.0,0.108301292,0.0,0.0,0.0,0.0,0.403917559,0.0,0.0,2503
k2368,0.0732,0.0,0.16148734,0.0,0.0,0.0,0.0357,0.0,0.1,0.0,1463
k2220,0.0244,0.0,0.0425,0.0,0.0,0.0784,0.0,0.0,0.0333,0.0,2944
k2749,0.0,0.0,0.0502,0.0,0.0,0.0,0.0,0.0,0.0,0.0,3051
k3052,0.0,0.0,0.0747,0.0,0.0,0.0,0.0,0.0,0.0,0.0,1393
k2402,0.0244,0.0,0.262692561,0.1875,0.0769,0.0,0.142857143,0.0,0.1,0.0,217
k2080,0.0732,0.0714,0.234296009,0.0625,0.0,0.0,0.0714,0.0,0.133333333,0.0,3348
k2460,0.0,0.0,0.0958,0.0,0.0,0.0,0.0,0.0,0.0,0.0,1993
k1482,0.0,0.0,0.0455,0.0,0.0,0.0,0.0,0.0,0.0,0.0,2827
k2744,0.0244,0.0,0.0634,0.0,0.0,0.0,0.0,0.0,0.0333,0.0,2967
k3193,0.0488,0.0,0.0943,0.0,0.0,0.0,0.0,0.0,0.0667,0.0,2729
k1732,0.0,0.0,0.0634,0.0,0.0,0.0,0.0,0.0,0.0,0.0,2033
k725,0.0244,0.0,0.0453,0.0,0.0,0.0,0.0,0.0,0.0333,0.0,1862
k334,0.0,0.0,0.119920305,0.0,0.0,0.0,0.0,0.0,0.0,0.0,366
k2812,0.0732,0.0,0.10097856,0.0,0.0,0.157894731,0.0,0.0,0.0,0.0,2670
k2673,0.0,0.0,0.124631582,0.0,0.0,0.0,0.0,0.0,0.0,0.0,1082
k1795,0.0732,0.0,0.31131074,0.0,0.0577,0.0,0.25,0.0,0.1,0.0,3420
k640,0.0244,0.0,0.0453,0.0,0.0,0.0,0.0357,0.0,0.0333,0.0,1700
k2158,0.0732,0.0,0.270688462,0.0,0.0,0.0,0.0357,0.0,0.0333,0.0,1275
k2604,0.0,0.0,0.116139833,0.0,0.0,0.0,0.0714,0.0,0.0333,0.0,862
k2359,0.268292683,0.142857143,0.244525273,0.0,0.0,0.0,0.178571429,0.0,0.166666667,0.117647059,1188
k460,0.0732,0.0714,0.276490619,0.1875,0.0769,0.0,0.0,0.0,0.3,0.0588,2777
k2935,0.0488,0.0,0.0911,0.0,0.0,0.0,0.0,0.0,0.0333,0.0,2650
k162,0.0488,0.0,0.089,0.0,0.0,0.0,0.0,0.0,0.1,0.0,820
k2697,0.0488,0.0714,0.136978437,0.0,0.0577,0.0,0.0,0.0,0.0333,0.0,1049
k2316,0.12195122,0.0,0.128591477,0.0,0.0,0.0,0.0,0.0,0.0333,0.0,1681
k2190,0.0976,0.0,0.0587,0.0,0.0,0.0,0.0,0.0,0.0667,0.0,1635
k2015,0.0732,0.142857143,0.162299779,0.0,0.0,0.0,0.0357,0.0,0.0333,0.0,1898
k1994,0.219512195,0.142857143,0.166446811,0.0,0.0,0.0,0.0,0.0,0.166666667,0.0588,1917
k391,0.0,0.0,0.0756,0.0,0.0385,0.0,0.0714,0.0,0.0,0.0,150
k821,0.536585366,0.285714286,0.367692142,0.0,0.0,0.0,0.357142857,0.0,0.4,0.352941176,2682
k1635,0.0976,0.0,0.232660452,0.125,0.0,0.0,0.0714,0.0,0.133333333,0.0,2386
k3226,0.0488,0.0,0.0883,0.0,0.0,0.0,0.0,0.0,0.0667,0.0,2793
k3328,0.0488,0.0,0.0888,0.0,0.0577,0.0,0.0714,0.0,0.0333,0.0,1302
k2728,0.0244,0.0,0.104599002,0.0,0.0,0.0,0.0357,0.0,0.166666667,0.0,3269
k168,0.0244,0.0,0.0461,0.0,0.0,0.0,0.0,0.0,0.0667,0.0,1131
k730,0.12195122,0.0714,0.278867966,0.0,0.0192,0.0,0.0357,0.0,0.166666667,0.0,709
k1121,0.0976,0.0714,0.238824183,0.0,0.0,0.0,0.0357,0.0,0.1,0.0,317
k494,0.341463415,0.285714286,0.243133316,0.0,0.0,0.0,0.142857143,0.0,0.233333333,0.235294118,1839
k1836,0.0732,0.142857143,0.089,0.0,0.0,0.0,0.0,0.0,0.133333333,0.0,2702
k3427,0.146341463,0.0,0.228359098,0.0,0.0,0.0,0.0,0.0,0.133333333,0.0,1542
k927,0.0,0.0,0.07,0.0,0.0,0.0288,0.0,0.0,0.0667,0.0,656
k490,0.0488,0.0714,0.113975905,0.0,0.0,0.0,0.0,0.0,0.0667,0.0,3394
k665,0.0976,0.0,0.0796,0.0,0.0,0.0,0.0,0.0,0.0667,0.0,2335
k787,0.0244,0.0,0.0614,0.0,0.0,0.0,0.0714,0.0,0.0333,0.0,1994
k627,0.0,0.0,0.121160861,0.0,0.0385,0.0,0.0,0.0,0.1,0.0,1089
k2225,0.0732,0.0,0.0547,0.0,0.0,0.0,0.0,0.0,0.0333,0.0,3131
k601,0.0,0.0,0.098,0.0,0.0,0.0,0.0,0.0,0.0,0.0,923
k1516,0.12195122,0.0,0.0777,0.0,0.0,0.0,0.0,0.0,0.0667,0.0,141
k3026,0.0244,0.0,0.0758,0.0,0.0,0.0,0.0,0.374051552,0.0333,0.0,2230
k1657,0.0732,0.0,0.0885,0.0,0.0,0.0,0.0,0.0,0.0333,0.0,2513
k434,0.0732,0.0,0.130360457,0.0,0.0,0.0,0.0,0.0,0.0333,0.0,623
k792,0.0732,0.0,0.11587116,0.0,0.0,0.0,0.0,0.0,0.0333,0.0,2845
k2150,0.0732,0.142857143,0.202870692,0.125,0.0,0.0,0.0,0.0,0.133333333,0.0,1011
k422,0.0732,0.0,0.125374472,0.0,0.0,0.0,0.0357,0.0,0.0333,0.0,580
k1335,0.0,0.0,0.144581081,0.0,0.0,0.0,0.0,0.0,0.0333,0.0,869
k2470,0.0488,0.0,0.0593,0.0,0.0,0.0,0.0357,0.0,0.0667,0.0,2790
k2956,0.0,0.0,0.228842087,0.0,0.192307692,0.0,0.142857143,0.0,0.0,0.0,1273
k69,0.0976,0.0,0.112924604,0.0,0.0,0.0,0.0,0.0,0.1,0.0,1888
k1070,0.0732,0.0,0.0536,0.0,0.0,0.0,0.0,0.0,0.0667,0.0,2935
k1885,0.0,0.0,0.0852,0.0,0.0,0.0,0.0,0.0,0.133333333,0.0,2978
k838,0.146341463,0.0,0.389361202,0.0,0.0,0.0,0.0,0.0,0.0667,0.0,2194
k3351,0.170731707,0.285714286,0.239171678,0.1875,0.0,0.0,0.178571429,0.0,0.233333333,0.117647059,2617
k0,0.0732,0.0,0.101812831,0.0,0.0,0.0,0.0,0.0,0.133333333,0.0,169
k3093,0.0488,0.0,0.17234736,0.0,0.0192,0.0112,0.0,0.0,0.1,0.0,2843
k1638,0.0488,0.0,0.145811307,0.0,0.0,0.0,0.0357,0.0,0.0667,0.0,3071
k690,0.243902439,0.0,0.218678522,0.0,0.0,0.0,0.0,0.0,0.133333333,0.0,3245
k636,0.0976,0.142857143,0.38084356,0.0,0.0,0.0,0.0,0.0,0.0667,0.0,1033
k566,0.146341463,0.0714,0.292267391,0.125,0.0,0.0,0.107142857,0.0,0.166666667,0.176470588,1511
k2312,0.0488,0.0,0.0141,0.0,0.0,0.0,0.0,0.0,0.0667,0.0,2005
k2270,0.0244,0.0,0.145226157,0.0,0.0,0.0,0.0,0.0,0.0333,0.0,495
k2524,0.0976,0.0,0.275716675,0.0,0.0769,0.0,0.142857143,0.0,0.0667,0.0,2615
k2200,0.0488,0.142857143,0.233518055,0.0,0.0,0.0,0.0,0.0,0.0667,0.0,2593
k1376,0.0244,0.0,0.0634,0.0,0.0,0.0,0.0,0.0,0.0333,0.0,2861
k915,0.0488,0.0714,0.112162633,0.0,0.0,0.0,0.0,0.0,0.0667,0.0588,1161
k3395,0.0488,0.0,0.0235,0.0,0.0,0.0784,0.0,0.0,0.0667,0.0,30
k2319,0.0244,0.0,0.122089997,0.0,0.0192,0.0,0.0,0.0,0.0333,0.0,1385
k1201,0.0244,0.0,0.0797,0.0,0.0,0.0,0.0,0.0,0.0333,0.0,1439
k374,0.268292683,0.0,0.383501466,0.0,0.0192,0.421052643,0.0,0.0,0.0667,0.0,1182
k1023,0.0244,0.0,0.102431725,0.0,0.0,0.0,0.0,0.0,0.0333,0.0588,2540
k797,0.0,0.0,0.140109534,0.0,0.0,0.0,0.0,0.0,0.0,0.0,3044
k277,0.0732,0.0,0.103885514,0.0,0.0,0.0,0.0714,0.0,0.0667,0.0,1263
k1109,0.12195122,0.0,0.104360328,0.0,0.0,0.0251,0.0,0.0,0.1,0.0,2872
k3071,0.0244,0.0,0.11722946,0.0,0.0,0.0,0.0,0.0,0.0667,0.0,516
k370,0.0244,0.0714,0.119786517,0.0,0.0,0.0,0.0,0.0,0.0333,0.0,184
k3144,0.0,0.0,0.106153298,0.0,0.0,0.0,0.0,0.0,0.0,0.0,2780
k1752,0.0488,0.0714,0.113975905,0.0,0.0,0.0,0.0,0.0,0.0667,0.0,2248
k2603,0.317073171,0.0714,0.589882646,0.0,0.0,0.0,0.392857143,0.0,0.266666667,0.0588,167
k1642,0.0,0.0,0.0805,0.0,0.0,0.0,0.0,0.0,0.0,0.0,1833
k615,0.0488,0.0,0.167844371,0.0,0.0577,0.0,0.0714,0.0,0.233333333,0.0,852
k1272,0.146341463,0.0,0.183468969,0.0,0.0192,0.0,0.0,0.0,0.0667,0.0,2638
k3232,0.0976,0.0714,0.164277711,0.0,0.0,0.0,0.0,0.0,0.0667,0.0588,142
k1871,0.0488,0.0,0.093,0.0,0.0,0.0,0.0,0.0,0.0667,0.0,1804
k1621,0.0244,0.0,0.11587116,0.0,0.0,0.0,0.0,0.0,0.0333,0.0,408
k662,0.0,0.0,0.0455,0.0,0.0,0.0,0.0,0.0,0.0,0.0,1120
k726,0.0,0.0,0.0998,0.0,0.0,0.0,0.0,0.0,0.0,0.0,648
k516,0.0,0.0,0.0642,0.0,0.0,0.0,0.0,0.0,0.0,0.0,2063
k1782,0.0244,0.0,0.247957947,0.0,0.0,0.0,0.0,0.0,0.0333,0.0,3198
k2032,0.0244,0.0,0.0749,0.0,0.0,0.0,0.0,0.0,0.1,0.0,1940
k3225,0.170731707,0.0,0.208937224,0.0,0.0192,0.21052632,0.0714,0.985416779,0.1,0.0,561
k3433,0.0976,0.142857143,0.195252576,0.1875,0.0,0.0,0.0,0.0,0.133333333,0.0,1088
k1278,0.0,0.0,0.14391045,0.0,0.0,0.0,0.0,0.0,0.0,0.0,2197
k1076,0.146341463,0.0,0.217189836,0.0,0.0192,0.0,0.0714,0.0,0.1,0.0,2666
k780,0.0976,0.0,0.048,0.0,0.0,0.0,0.0,0.0,0.133333333,0.0,705
k98,0.0976,0.0,0.228016551,0.0,0.0,0.0,0.0357,0.0,0.0667,0.0,943
k673,0.0,0.0,0.314545434,0.0,0.0192,0.0,0.107142857,0.443039337,0.0,0.0,331
k2260,0.0488,0.0,0.042,0.0,0.0,0.0,0.0,0.0,0.0333,0.0,3263
k176,0.268292683,0.0714,0.258074783,0.125,0.0,0.0,0.142857143,0.0,0.2,0.0588,164
k675,0.0244,0.0,0.0383,0.0,0.0,0.0,0.0,0.0,0.0333,0.0,2866
k3365,0.0,0.0,0.0453,0.0,0.0,0.0,0.0,0.0,0.0667,0.0,1593
k1216,0.0244,0.0,0.0438,0.0,0.0,0.0784,0.0,0.390141527,0.0333,0.0,219
k664,0.0488,0.0,0.150714905,0.0,0.0,0.0,0.0,0.0,0.1,0.0,2133
k2532,0.0,0.0,0.237871045,0.0625,0.0,0.0,0.0,0.0,0.0667,0.0,1726
k1813,0.0244,0.0,0.159960557,0.0,0.0,0.0,0.0,0.0,0.0333,0.0588,1847
k2727,0.0732,0.0,0.117051529,0.0,0.0,0.0,0.0,0.0,0.0333,0.0,2801
k754,0.0488,0.0,0.0598,0.0,0.0,0.0,0.0,0.0,0.1,0.0,32
k1789,0.0976,0.0714,0.0842,0.0,0.0,0.0,0.0714,0.0,0.0667,0.0,2893
k811,0.195121951,0.0,0.175755006,0.0,0.0192,0.0111,0.0,0.0,0.0667,0.0,772
k837,0.365853659,0.0,0.465169554,0.0625,0.0192,0.0,0.428571429,0.0,0.433333333,0.0,2046
k834,0.219512195,0.0,0.236780764,0.0,0.0,0.0,0.0,0.0,0.133333333,0.0,1931
k1919,0.0244,0.0,0.0425,0.0,0.0,0.0784,0.0,0.0,0.0333,0.0,429
k1766,0.0,0.0,0.283434634,0.0,0.0,0.0,0.0,0.0,0.0,0.0,434
k423,0.0488,0.0,0.074,0.0,0.0,0.0,0.0714,0.0,0.0333,0.0,1882
k3023,0.0244,0.0714,0.0752,0.0,0.0,0.0,0.0,0.0,0.0333,0.0,738
k1499,0.195121951,0.0714,0.163105263,0.0,0.0,0.0,0.0,0.0,0.166666667,0.0,1229
k645,0.0976,0.0,0.113655616,0.0,0.0,0.0,0.0,0.0,0.0667,0.0,1789
k3355,0.146341463,0.0714,0.234718105,0.0,0.0,0.0,0.0,0.0,0.1,0.0,606
k2140,0.0732,0.0,0.142518365,0.0,0.0,0.0,0.0,0.0,0.1,0.0588,1606
k3255,0.0488,0.0,0.0593,0.0,0.0,0.0,0.0357,0.0,0.0667,0.0,547
k1630,0.12195122,0.0,0.148839973,0.0,0.0,0.157894731,0.0,0.0,0.1,0.0,390
k1547,0.0,0.0,0.0753,0.0,0.0,0.116514247,0.0,0.0,0.0333,0.0,2131
k1285,0.0488,0.0,0.270742187,0.125,0.0769,0.0,0.25,0.0,0.133333333,0.0,1358
k2042,0.0976,0.0,0.10191921,0.0,0.0,0.0,0.0714,0.0,0.133333333,0.0,2463
k2047,0.0732,0.0,0.297169553,0.0,0.0,0.0,0.0,0.0,0.0667,0.0,627
k2764,0.0,0.0,0.0017,0.0,0.0,0.0,0.0,0.0,0.0,0.0,531
k2255,0.0,0.0,0.0597,0.0,0.0,0.0,0.0,0.0,0.0333,0.0,1055
k154,0.0488,0.0,0.0493,0.0,0.0,0.0,0.0,0.0,0.0333,0.0,1967
k1339,0.195121951,0.0714,0.16381884,0.0,0.134615385,0.0,0.142857143,0.0,0.133333333,0.0,2469
k28,0.146341463,0.142857143,0.17469965,0.0,0.0,0.0,0.107142857,0.0,0.166666667,0.0588,3237
k2264,0.0976,0.142857143,0.180114196,0.0,0.0,0.0,0.142857143,0.0,0.133333333,0.117647059,2647
k887,0.0,0.0,0.105320723,0.0,0.0,0.0,0.0,0.0,0.0333,0.0588,3159
k2294,0.0244,0.0,0.102431725,0.0,0.0,0.0,0.0,0.0,0.0333,0.0,3313
k1005,0.0,0.0,0.0556,0.0,0.0,0.0,0.107142857,0.0,0.0,0.0,2255
k2005,0.0,0.0,0.0812,0.0,0.0,0.0,0.0357,0.470107087,0.0667,0.0,685
k3181,0.195121951,0.0714,0.221416006,0.0,0.0385,0.0,0.0357,0.0,0.1,0.0,2854
k383,0.0244,0.0,0.0284,0.0,0.0,0.0784,0.0,0.0,0.0333,0.0,365
k1991,0.12195122,0.142857143,0.187254413,0.0,0.0,0.0,0.0,0.0,0.0667,0.0588,854
k507,0.0732,0.0,0.142518365,0.0,0.0,0.0,0.0,0.0,0.1,0.0588,1091
k250,0.0,0.0,0.174239997,0.0,0.0,0.0,0.0,0.0,0.0,0.0,1734
k2678,0.0488,0.0,0.109388463,0.0,0.0,0.0,0.107142857,0.0,0.0333,0.0,979
k2332,0.0488,0.0,0.095,0.0,0.0,0.0,0.0,0.0,0.0667,0.0,2517
k86,0.0976,0.0,0.101641117,0.0,0.0,0.0,0.0,0.0,0.0667,0.0,647
k2176,0.0976,0.0714,0.22255094,0.0,0.0,0.156829922,0.107142857,0.0,0.0667,0.0,479
k343,0.12195122,0.142857143,0.228039304,0.0,0.0,0.0,0.0357,0.0,0.0667,0.0,469
k2291,0.0732,0.142857143,0.108390542,0.0,0.0,0.0,0.0,0.0,0.1,0.0,2331
k3416,0.0,0.0,0.0723,0.0,0.0,0.0,0.0,0.0,0.0,0.0,736
k2299,0.0,0.0,0.10999324,0.0,0.0,0.0,0.0,0.0,0.0667,0.0,7
k1512,0.0244,0.0,0.183574173,0.0,0.0,0.233028499,0.0357,0.0,0.1,0.0,422
k3248,0.0,0.0,0.0753,0.0,0.0,0.116514247,0.0357,0.0,0.0,0.0,597
k1204,0.0244,0.0,0.0159,0.0,0.0,0.0481,0.0,0.0,0.0667,0.0,2153
k1484,0.0,0.0,0.0308,0.0,0.0,0.0,0.0,0.0,0.1,0.0,2138
k635,0.0244,0.0,0.197737445,0.0,0.0,0.116514247,0.0357,0.0,0.1,0.0,1043
k3018,0.0976,0.0,0.120395851,0.0,0.0,0.0,0.0357,0.0,0.133333333,0.0588,933
k182,0.146341463,0.142857143,0.149342529,0.0,0.0,0.0,0.0,0.0,0.2,0.117647059,525
k24,0.0,0.0,0.0177,0.0,0.0,0.0,0.0,0.0,0.0333,0.0,1121
k3125,0.146341463,0.0,0.1540587,0.0,0.0385,0.0,0.0,0.0,0.2,0.0,1045
k1093,0.243902439,0.142857143,0.169619432,0.0,0.0,0.0,0.0,0.0,0.166666667,0.117647059,2101
k788,0.0976,0.0,0.0423,0.0,0.0,0.0,0.0,0.0,0.0667,0.0,769
k572,0.0244,0.0,0.0903,0.0,0.0,0.0,0.0357,0.0,0.0333,0.0,223
k1890,0.146341463,0.0,0.0904,0.0,0.0,0.0,0.0,0.0,0.0667,0.0,725
k1626,0.195121951,0.142857143,0.419898654,0.0,0.0,0.16654945,0.0714,0.0,0.266666667,0.352941176,1550
k1181,0.0976,0.0,0.139767101,0.0,0.0,0.0,0.0,0.0,0.1,0.0,667
k3159,0.0488,0.0,0.0954,0.0,0.0,0.156829922,0.0,0.0,0.0667,0.0,102
k269,0.0732,0.0714,0.192153105,0.0625,0.0,0.0,0.0357,0.0,0.133333333,0.0,2573
k2894,0.219512195,0.142857143,0.155423055,0.0,0.0,0.0,0.0714,0.0,0.166666667,0.0588,1433
k437,0.0732,0.0,0.129838109,0.0,0.0,0.0,0.0,0.0,0.0667,0.0,1732
k1741,0.0244,0.0,0.0922,0.0,0.0,0.0,0.0,0.0,0.0333,0.0,2149
k3218,0.0732,0.0,0.193672351,0.125,0.0,0.0,0.0357,0.0,0.1,0.0,3171
k2819,0.146341463,0.142857143,0.250097681,0.0,0.0192,0.0,0.0,0.0,0.133333333,0.0,1633
k1225,0.219512195,0.0,0.177031179,0.0,0.0,0.0,0.214285714,0.0,0.133333333,0.0,672
k3230,0.0732,0.0,0.0767,0.0,0.0,0.0,0.0,0.0,0.0667,0.0,3399
k3105,0.219512195,0.0714,0.150310413,0.0,0.0,0.0,0.0357,0.0,0.1,0.0,1513
k2791,0.146341463,0.0714,0.137841771,0.0,0.0,0.0,0.0,0.0,0.133333333,0.0,1824
k1364,0.12195122,0.0,0.093,0.0,0.0,0.0,0.0,0.0,0.1,0.0,906
k599,0.0244,0.0,0.101059463,0.0,0.0,0.0,0.0714,0.0,0.0333,0.0,319
k2786,0.146341463,0.0,0.19761091,0.0,0.0,0.0,0.0,0.0,0.0667,0.0,756
k3389,0.0,0.0,0.259523623,0.0625,0.0,0.0,0.0,0.0,0.0667,0.0,2439
k2049,0.0732,0.0,0.130145353,0.0,0.0,0.0,0.0,0.0,0.1,0.0588,2518
k1896,0.146341463,0.0714,0.230567475,0.0,0.0,0.0,0.0,0.0,0.133333333,0.0,1304
k533,0.0,0.0,0.0656,0.0,0.0,0.116514247,0.0,0.0,0.0,0.0,2607
k139,0.0,0.0,0.14657029,0.0,0.0,0.0,0.0,0.0,0.0,0.0,2380
k3187,0.0732,0.0,0.0986,0.0,0.0,0.0,0.0357,0.0,0.0667,0.0588,2911
k2696,0.195121951,0.0,0.203385948,0.0,0.0,0.0,0.0357,0.0,0.1,0.0,73
k875,0.12195122,0.0,0.0481,0.0,0.0,0.0,0.0,0.0,0.1,0.0,2634
k1685,0.0732,0.0,0.0702,0.0,0.0,0.0,0.0357,0.0,0.0667,0.0,1132
k452,0.0244,0.0,0.150579837,0.0,0.0,0.0,0.0,0.0,0.0333,0.0,1491
k306,0.0732,0.0714,0.161424954,0.0,0.0,0.0,0.0,0.0,0.1,0.0588,582
k2536,0.0244,0.0,0.0308,0.0,0.0,0.0,0.0,0.0,0.0333,0.0,1787
k958,0.0732,0.0,0.200289634,0.0,0.0,0.0,0.0357,0.0,0.1,0.0,1192
k2063,0.0244,0.0714,0.135854794,0.0,0.0,0.0,0.0,0.0,0.0333,0.0,2631
k1176,0.0244,0.0,0.169910201,0.0,0.0,0.0416,0.0,0.0,0.1,0.0,2500
k2893,0.0,0.0,0.0804,0.0,0.0,0.0,0.0,0.0,0.0,0.0,1311
k2483,0.0,0.0,0.168286035,0.0,0.0,0.0,0.0,0.24317925,0.0,0.0,2826
k2169,0.0488,0.0,0.0895,0.0,0.0,0.0,0.0,0.0,0.0,0.0,2773
k2638,0.0732,0.0,0.0719,0.0,0.0,0.0,0.0,0.0,0.0333,0.0,3326
k1701,0.0488,0.0,0.0666,0.0,0.0,0.0,0.0,0.0,0.0667,0.0,2577
k2944,0.0488,0.0,0.202300089,0.0,0.0,0.0,0.0357,0.0,0.0333,0.0,2738
k78,0.12195122,0.142857143,0.20395227,0.0,0.0,0.0784,0.0,0.0,0.166666667,0.0,1788
k2464,0.0244,0.0,0.0523,0.0,0.0,0.0784,0.0,0.0,0.0333,0.0,2466
k415,0.0976,0.0,0.20750461,0.0625,0.0,0.0,0.0714,0.0,0.133333333,0.0,1018
k2685,0.219512195,0.0,0.116383811,0.0,0.0,0.0251,0.142857143,0.0,0.166666667,0.0,362
k409,0.926829268,0.0714,0.91747846,0.0,0.0,0.0,0.678571429,0.0,0.966666667,0.117647059,3002
k574,0.0488,0.0714,0.103420777,0.0,0.0,0.0,0.0,0.0,0.0667,0.0,719
k2074,0.0732,0.0,0.0661,0.0,0.0,0.0,0.0357,0.0,0.0667,0.0,877
k1119,0.12195122,0.142857143,0.143555447,0.0,0.0,0.0,0.0,0.0,0.0333,0.117647059,2107
k232,0.0488,0.0,0.124631582,0.0,0.0,0.0,0.0357,0.0,0.0333,0.0,1814
k1996,0.170731707,0.0,0.134691931,0.0,0.0,0.0,0.0714,0.0,0.133333333,0.0,1345
k1141,0.0244,0.0,0.0642,0.0,0.0,0.0,0.0,0.0,0.0333,0.0,891
k1749,0.0244,0.0,0.109317697,0.0,0.0,0.0,0.0,0.0,0.0333,0.0,1761
k904,0.146341463,0.0,0.244709331,0.0,0.0,0.0,0.142857143,0.0,0.0667,0.0,200
k1939,0.0732,0.0714,0.140106149,0.0,0.0,0.0416,0.0,0.0,0.1,0.0,758
k1258,0.0244,0.0,0.0994,0.0,0.0,0.0,0.0,0.0,0.0333,0.0,1432
k1677,0.0732,0.0714,0.154994687,0.0,0.0,0.0,0.0,0.0,0.0333,0.0,2825
k1396,0.0488,0.0,0.117432616,0.0,0.0,0.0,0.0,0.0,0.0667,0.0,1838
k2540,0.170731707,0.0,0.321558534,0.0625,0.0,0.0,0.0714,0.0,0.233333333,0.0,1116
k996,0.0488,0.142857143,0.107760364,0.0,0.0,0.0,0.0357,0.0,0.133333333,0.0,917
k828,0.219512195,0.0,0.48259316,0.25,0.115384615,0.0,0.357142857,0.0,0.366666667,0.0,3013
k1544,0.0244,0.0,0.0767,0.0,0.0,0.0,0.0,0.0,0.0333,0.0,96
k858,0.170731707,0.0,0.183256584,0.0,0.115384615,0.0,0.178571429,0.0,0.133333333,0.0,2371
k1922,0.0976,0.0,0.187045171,0.0,0.0,0.0,0.0,0.0,0.0333,0.0588,354
k138,0.0,0.0,0.098,0.0,0.0,0.0,0.0,0.0,0.0,0.0,3370
k3297,0.487804878,0.357142857,0.404631051,0.0,0.0385,0.0784,0.214285714,0.0,0.466666667,0.0588,3315
k1257,0.0244,0.0,0.0759,0.0,0.0,0.0,0.0,0.0,0.0333,0.0,3084
k192,0.0488,0.0,0.0689,0.0,0.0,0.0,0.0,0.0,0.0333,0.0,701
k2615,0.12195122,0.0,0.117051529,0.0,0.0,0.0,0.0357,0.0,0.0667,0.0,2391
k2587,0.0732,0.142857143,0.20376588,0.0625,0.0,0.0,0.0,0.0,0.133333333,0.0,2829
k1129,0.170731707,0.0,0.254218278,0.0,0.0,0.0,0.178571429,0.0,0.133333333,0.0,3009
k704,0.0976,0.0,0.0958,0.0,0.0,0.0,0.0,0.0,0.0667,0.0,1239
k1388,0.146341463,0.142857143,0.178946881,0.0,0.0,0.0,0.0,0.0,0.166666667,0.0,2664
k3236,0.0976,0.0714,0.206871707,0.0,0.0385,0.0416,0.0,0.0,0.166666667,0.0,1324
k1446,0.0244,0.0,0.110333777,0.0,0.0192,0.0,0.0357,0.0,0.0333,0.0,2215
k2449,0.170731707,0.0,0.125108429,0.0,0.0,0.0,0.0,0.0,0.1,0.0,11
k853,0.0732,0.0,0.0634,0.0,0.0,0.0,0.0,0.0,0.0667,0.0,252
k3127,0.0976,0.0,0.112924604,0.0,0.0,0.0,0.0,0.0,0.1,0.0588,1887
k1582,0.268292683,0.0714,0.317684694,0.0,0.0385,0.157894731,0.0,0.0,0.1,0.0588,1832
k2310,0.0,0.0,0.0752,0.0,0.0,0.0,0.0,0.0,0.0,0.0,3048
k2281,0.146341463,0.0,0.249482839,0.0,0.0,0.0,0.0,0.0,0.0667,0.0,1624
k2207,0.0732,0.0,0.045,0.0,0.0,0.0,0.0,0.0,0.0333,0.0,3124
k798,0.0976,0.0,0.173183647,0.0,0.0,0.0,0.0,0.0,0.133333333,0.0,239
k2463,0.0976,0.0,0.173446486,0.0,0.0192,0.0,0.0,0.0,0.0667,0.0,2796
k890,0.0,0.0,0.0905,0.0,0.0,0.0,0.0,0.0,0.0,0.0,1963
k926,0.0,0.0,0.16950315,0.0,0.0385,0.0112,0.0357,0.0,0.0667,0.0,1142
k2433,0.0244,0.0,0.111521903,0.0,0.0,0.0873,0.0357,0.0,0.1,0.0,3120
k1563,0.0,0.0,0.136663933,0.0,0.0,0.0,0.0,0.493031265,0.0,0.0,1342
k3321,0.0244,0.0,0.0682,0.0,0.0,0.0,0.0,0.0,0.0333,0.0,2356
k2477,0.268292683,0.0,0.219616699,0.125,0.0,0.0,0.178571429,0.0,0.3,0.0588,1617
k2426,0.0244,0.0,0.109265607,0.0,0.0,0.0,0.0,0.0,0.0333,0.0,2623
k1933,0.0244,0.0,0.102277296,0.0,0.0,0.0,0.0,0.0,0.0333,0.176470588,1216
k1639,0.0976,0.142857143,0.095,0.0,0.0,0.0,0.0,0.0,0.0667,0.0,154
k1394,0.0,0.0,0.015,0.0,0.0,0.0,0.0,0.0,0.0,0.0,831
k1459,0.0488,0.0,0.0619,0.0,0.0,0.0,0.0,0.0,0.0667,0.0,768
k569,0.195121951,0.0,0.122249851,0.0,0.0,0.0502,0.0714,0.0,0.166666667,0.0,181
k1131,0.0732,0.0,0.129941247,0.0,0.0,0.0,0.0,0.0,0.1,0.0,1329
k2877,0.0732,0.0,0.218401447,0.0,0.0769,0.0,0.142857143,0.0,0.1,0.0,1443
k394,0.0488,0.0,0.043,0.0,0.0,0.0,0.0,0.0,0.0,0.0,2232
k1703,0.0976,0.0,0.092,0.0,0.0,0.0,0.0714,0.0,0.0667,0.0,1992
k235,0.0,0.0,0.0693,0.0,0.0,0.0,0.0,0.0,0.0,0.0,18
k1797,0.0244,0.0,0.0876,0.0,0.0,0.0,0.107142857,0.0,0.0333,0.0,3061
k1100,0.0488,0.0,0.128999323,0.0,0.0,0.0784,0.0,0.0,0.0667,0.0,1189
k1914,0.0244,0.0,0.115389388,0.0,0.0,0.0,0.0,0.0,0.0667,0.0,2201
k3168,0.12195122,0.0,0.158565898,0.0,0.0,0.0,0.0,0.0,0.0667,0.0,543
k2991,0.0,0.0,0.0666,0.0,0.0,0.0,0.0,0.0,0.0,0.0,728
k3283,0.0976,0.0714,0.0842,0.0,0.0,0.0,0.0714,0.0,0.0667,0.0,157
k3407,0.0,0.0,0.0729,0.0,0.0,0.0,0.0,0.0,0.0,0.0,858
k3340,0.0732,0.0714,0.171126449,0.0,0.0,0.0833,0.0,0.0,0.1,0.0588,71
k1629,0.12195122,0.142857143,0.181615325,0.0,0.0,0.0,0.0357,0.0,0.0667,0.0,559
k2539,0.0976,0.0,0.131896953,0.0,0.0,0.157894731,0.0,0.0,0.0333,0.0,1977
k2984,0.0732,0.0,0.0634,0.0,0.0,0.0,0.0,0.0,0.0333,0.0,1583
k3429,0.0244,0.0,0.0583,0.0,0.0,0.0,0.0,0.0,0.0333,0.0,1650
k529,0.0488,0.0,0.104599002,0.0,0.0,0.0,0.0714,0.0,0.2,0.0,1449
k1473,0.0,0.0,0.11954749,0.0,0.0,0.0,0.0,0.0,0.0,0.0,684
k2886,0.0,0.0,0.239421278,0.0,0.0,0.0,0.0357,0.523166335,0.0,0.0,1499
k113,0.0,0.0,0.0998,0.0,0.0,0.0,0.0,0.0,0.0,0.0,2359
k2879,0.0976,0.0,0.141086035,0.0,0.0,0.0,0.0357,0.0,0.1,0.0,276
k1577,0.0488,0.0,0.0555,0.0,0.0,0.0416,0.0,0.0,0.0667,0.0,2535
k1255,0.0244,0.0,0.0677,0.0,0.0,0.0,0.0,0.0,0.1,0.0,1611
k2726,0.0732,0.0,0.0877,0.0,0.0,0.0,0.0,0.0,0.0667,0.0,2413
k720,0.0732,0.0,0.0517,0.0,0.0,0.0,0.0,0.0,0.1,0.0,1244
k713,0.0,0.0,0.0593,0.0,0.0,0.0,0.0,0.0,0.0,0.0,79
k2832,0.0976,0.0,0.116139833,0.0,0.0,0.0,0.0714,0.0,0.1,0.0,3373
k2526,0.219512195,0.142857143,0.155423055,0.0,0.0,0.0,0.0714,0.0,0.166666667,0.0588,720
k2358,0.0732,0.0,0.115786832,0.0,0.0,0.0,0.0,0.0,0.1,0.0,2166
k2227,0.292682927,0.0,0.216474226,0.0,0.0,0.0,0.0,0.0,0.2,0.0,1434
k2789,0.12195122,0.0714,0.278867966,0.0,0.0,0.0,0.0357,0.0,0.166666667,0.0,3407
k1289,0.0488,0.0,0.144311827,0.0,0.0385,0.0,0.0,0.0,0.133333333,0.0,2816
k2410,0.0488,0.0,0.0839,0.0,0.0,0.0,0.0,0.0,0.0333,0.0,355
k3337,0.12195122,0.0,0.159838928,0.0,0.0,0.0,0.142857143,0.0,0.233333333,0.0,1063
k1391,0.0,0.0,0.0607,0.0,0.0,0.0,0.0,0.0,0.0,0.0,499
k1535,0.0,0.0,0.231053948,0.0625,0.0,0.0,0.0,0.0,0.0667,0.0,2067
k1781,0.0,0.0,0.11650146,0.0,0.0,0.0,0.0357,0.0,0.0,0.0,199
k17,0.0488,0.0,0.0797,0.0,0.0,0.0,0.0357,0.0,0.1,0.0,1454
k2113,0.0976,0.0,0.143195992,0.0,0.0,0.10526316,0.0357,0.649464564,0.0333,0.0,256
k740,0.0,0.0,0.0871,0.0,0.0,0.0,0.0,0.0,0.1,0.0,2420
k1120,0.0488,0.0,0.0607,0.0,0.0,0.0,0.0,0.0,0.1,0.0,3114
k1687,0.0976,0.0,0.0619,0.0,0.0,0.0,0.0,0.0,0.0667,0.0,1537
k881,0.0488,0.0,0.0716,0.0,0.0,0.0,0.0,0.0,0.0333,0.0,1552
k1564,0.0,0.0,0.0506,0.0,0.0,0.0,0.0,0.0,0.0,0.0,2894
k3142,0.0488,0.0,0.196296128,0.0,0.0769,0.0,0.142857143,0.0,0.0667,0.0,3065
k1595,0.0976,0.0,0.0603,0.0,0.0,0.0,0.0714,0.0,0.0667,0.0,372
k1098,0.0488,0.0714,0.154984434,0.0,0.0192,0.0,0.0,0.0,0.133333333,0.0,1428
k1378,0.0,0.142857143,0.115309875,0.0,0.0,0.0,0.0,0.0,0.0667,0.0,1379
k475,0.0,0.0,0.0614,0.0,0.0,0.0,0.0,0.0,0.0333,0.0,265
k2997,0.0488,0.0,0.0213,0.0,0.0,0.156829922,0.0,0.0,0.0667,0.0,1486
k2029,0.195121951,0.0,0.235875024,0.0,0.0,0.0,0.0357,0.0,0.1,0.0,3306
k2745,0.0244,0.0,0.0536,0.0,0.0,0.0,0.0,0.0,0.0667,0.0,1169
k1136,0.0488,0.0,0.0446,0.0,0.0,0.0,0.0,0.0,0.0,0.0,3219
k2612,0.0488,0.0,0.11053334,0.0,0.0,0.0,0.0,0.0,0.1,0.0,3426
k1518,0.0976,0.0,0.10191921,0.0,0.0,0.0,0.0,0.0,0.0667,0.0,838
k2105,0.0732,0.0,0.0795,0.0,0.0,0.157894731,0.0,0.0,0.0,0.0,3424
k2793,0.0976,0.0,0.230754875,0.0,0.0,0.104344614,0.0,0.0,0.0,0.0,3080
k1111,0.0,0.0714,0.105375283,0.0,0.0,0.0,0.0,0.0,0.133333333,0.0,1968
k1731,0.0244,0.214285714,0.19643384,0.0,0.0577,0.0,0.0,0.0,0.233333333,0.0,1445
k1779,0.195121951,0.0714,0.231346282,0.0,0.0,0.0833,0.0357,0.0,0.2,0.176470588,3337
k1379,0.0976,0.0,0.177890901,0.0,0.0192,0.0,0.0357,0.0,0.2,0.0,2998
k796,0.0,0.0,0.108301292,0.0,0.0,0.0,0.0,0.391056342,0.0,0.0,1002
k1013,0.146341463,0.142857143,0.161226207,0.0,0.0577,0.0,0.0,0.0,0.133333333,0.117647059,1183
k2228,0.0,0.0,0.0593,0.0,0.0,0.0,0.0,0.0,0.0667,0.0,934
k13,0.170731707,0.0,0.251422617,0.0,0.0,0.0,0.0357,0.0,0.1,0.0,698
k703,0.146341463,0.0,0.132350306,0.0,0.0,0.0251,0.107142857,0.0,0.166666667,0.0,410
k1988,0.0488,0.0,0.199716884,0.0,0.0769,0.0,0.214285714,0.0,0.0667,0.0,2176
k493,0.0244,0.0,0.0903,0.0,0.0,0.0,0.0357,0.0,0.0333,0.0,3288
k753,0.0732,0.285714286,0.348577761,0.0,0.0577,0.0,0.0,0.0,0.166666667,0.0,50
k1808,0.0488,0.0,0.0906,0.0,0.0,0.0,0.0,0.0,0.0,0.0,1296
k2372,0.0732,0.0,0.0699,0.0,0.0,0.0,0.0,0.0,0.0667,0.0,1193
k2635,0.0488,0.0,0.116139833,0.0,0.0,0.0,0.0,0.0,0.0333,0.0,762
k2159,0.0976,0.0,0.200164365,0.0,0.0577,0.0,0.0357,0.0,0.1,0.0,3050
k1652,0.0732,0.0,0.132517882,0.0,0.0,0.0,0.0,0.0,0.0667,0.0588,790
k3366,0.0488,0.0,0.0474,0.0,0.0,0.0,0.0,0.0,0.0333,0.0,2895
k2335,0.0732,0.0,0.0759,0.0,0.0,0.0,0.0,0.0,0.0333,0.0,430
k1426,0.0976,0.0714,0.144858326,0.0,0.0,0.0,0.0,0.0,0.0667,0.0,2262
k368,0.0732,0.0,0.130018333,0.0,0.0,0.0,0.0714,0.0,0.0333,0.0,267
k1888,0.268292683,0.0,0.146188352,0.0,0.0,0.0,0.142857143,0.0,0.233333333,0.0,2751
k1743,0.0,0.0,0.190594952,0.0,0.0577,0.0,0.0,0.0,0.2,0.0,3416
k1653,0.0488,0.0,0.0261,0.0,0.0,0.0,0.0,0.0,0.0667,0.0,2112
k2395,0.0976,0.0,0.190482211,0.0,0.0962,0.0,0.107142857,0.0,0.0667,0.0,17
k734,0.0976,0.0,0.0458,0.0,0.0,0.13037795,0.0,0.0,0.0333,0.0,1573
k1520,0.0,0.0,0.219461708,0.0,0.0,0.0,0.0,0.0,0.0,0.0,1301
k1924,0.0244,0.0,0.121981896,0.0,0.0,0.0,0.0,0.0,0.0333,0.0,399
k3129,0.0488,0.0,0.0316,0.0,0.0,0.0,0.0,0.0,0.0,0.0,458
k1522,0.0,0.0,0.132761851,0.0,0.0,0.0,0.0,0.0,0.0,0.0,1060
k1308,0.0488,0.0,0.0614,0.0,0.0,0.0,0.0714,0.0,0.0333,0.0,2358
k3211,0.0732,0.0,0.112171339,0.0,0.0,0.0,0.0,0.0,0.1,0.0,1730
k1266,0.195121951,0.0714,0.218971936,0.0,0.0,0.0,0.0,0.0,0.2,0.0588,1644
k1906,0.0,0.0,0.0879,0.0,0.0,0.0,0.0,0.0,0.0,0.0,1637
k1358,0.0732,0.0,0.262774144,0.0,0.0,0.0,0.0,0.0,0.0333,0.0,1289
k1555,0.0244,0.0,0.400552306,0.0,0.0,0.0,0.0,0.0,0.0333,0.0,544
k767,0.0244,0.0,0.0786,0.0,0.0,0.0,0.0,0.0,0.0333,0.0,3350
k3010,0.0732,0.0,0.0719,0.0,0.0,0.0,0.0,0.0,0.0667,0.0,13
k1409,0.0,0.0,0.324473733,0.0,0.115384615,0.0,0.0714,0.455416241,0.0,0.0,638
k2076,0.0976,0.0,0.165324818,0.0,0.0192,0.0,0.0714,0.0,0.1,0.0,1939
k736,0.0488,0.0,0.299921741,0.0,0.134615385,0.0,0.0714,0.0,0.1,0.0,2441
k2480,0.12195122,0.0,0.092,0.0,0.0,0.0,0.0,0.0,0.0667,0.0,3385
k375,0.0732,0.0,0.160115775,0.0,0.0,0.0,0.0357,0.0,0.0333,0.0,1481
k1088,0.0244,0.0,0.0673,0.0,0.0,0.0,0.0,0.383414949,0.0333,0.0,1834
k2551,0.0,0.0,0.117051529,0.0,0.0,0.0,0.0,0.0,0.0667,0.0,1471
k1021,0.0976,0.0,0.0626,0.0,0.0,0.157894731,0.0,0.668191358,0.0,0.0,2528
k1908,0.0488,0.0,0.131385024,0.0,0.0,0.0,0.0,0.0,0.0667,0.0,2857
k1605,0.0488,0.0,0.1566522,0.0,0.0,0.0,0.0,0.0,0.0667,0.0588,59
k2091,0.146341463,0.0,0.164776258,0.0,0.0,0.0,0.107142857,0.0,0.166666667,0.0,435
k1025,0.146341463,0.0,0.104599002,0.0,0.0,0.0,0.0,0.0,0.0667,0.0,297
k655,0.0,0.0,0.21542672,0.0,0.0,0.0,0.107142857,0.348329118,0.0,0.0,1038
k849,0.0732,0.0714,0.110548271,0.0,0.0,0.0,0.0,0.0,0.0333,0.0,2674
k2904,0.12195122,0.0,0.0843,0.0,0.0,0.0,0.0,0.0,0.1,0.0,2027
k3034,0.0488,0.0,0.157156819,0.0,0.0192,0.0,0.0,0.0,0.0667,0.0,1139
k1108,0.195121951,0.0,0.140052964,0.0,0.0,0.0251,0.107142857,0.0,0.2,0.0,542
k2929,0.0976,0.428571429,0.230493684,0.0,0.0,0.0784,0.0357,0.0,0.0667,0.0,37
k1355,0.0976,0.142857143,0.101530466,0.0,0.0,0.0,0.0,0.0,0.166666667,0.0,3331
k654,0.12195122,0.142857143,0.380499193,0.25,0.0,0.0873,0.142857143,0.0,0.233333333,0.117647059,2226
k949,0.0244,0.0,0.154665892,0.0,0.0,0.0,0.0357,0.0,0.1,0.0,176
k1489,0.0976,0.0,0.222747881,0.0,0.0577,0.0,0.107142857,0.0,0.0667,0.0,3179
k413,0.0,0.0,0.131831865,0.0,0.0,0.0,0.0,0.0,0.0,0.0,716
k195,0.0732,0.214285714,0.287257124,0.1875,0.0385,0.0,0.0,0.0,0.3,0.0,2220
k1762,0.0488,0.0,0.218401447,0.0,0.0,0.0,0.107142857,0.0,0.133333333,0.0,10
k2994,0.0244,0.0,0.109317697,0.0,0.0,0.0,0.0,0.0,0.0333,0.0,745
k2646,0.146341463,0.0,0.183468969,0.0,0.0,0.0,0.0,0.0,0.0667,0.0,1017
k348,0.0244,0.0,0.143063029,0.0,0.0,0.0,0.0357,0.0,0.1,0.0,3099
k910,0.0244,0.0,0.199136882,0.0,0.0,0.0112,0.0714,0.0,0.133333333,0.0,1333
k1636,0.0244,0.0,0.109317697,0.0,0.0,0.0,0.0,0.0,0.0333,0.0,2199
k617,0.12195122,0.0,0.0613,0.0,0.0,0.0,0.0,0.0,0.0667,0.0,905
k2215,0.12195122,0.0714,0.187746603,0.0,0.0,0.0,0.0,0.0,0.0667,0.0,797
k1235,0.0976,0.0,0.158801704,0.0,0.0,0.0,0.0,0.0,0.0667,0.0,819
k3057,0.0,0.0,0.115740369,0.0,0.0,0.0,0.0,0.0,0.0,0.0,2608
k576,0.463414634,0.0,0.370014754,0.0625,0.0192,1.0,0.0,0.0,0.0667,0.0,501
k2269,0.0732,0.0,0.146873886,0.0,0.0192,0.113420464,0.0,0.0,0.0667,0.0,3283
k3011,0.0,0.0,0.111208137,0.0,0.0,0.0,0.0,0.0,0.0667,0.0,19
k851,0.0244,0.0,0.119786517,0.0,0.0,0.0,0.0,0.0,0.0333,0.0,3376
k1336,0.341463415,0.0,0.59367112,0.5625,0.134615385,0.0,0.5,0.0,0.533333333,0.0,3312
k2109,0.0732,0.0,0.120455225,0.0,0.0192,0.0,0.0,0.0,0.0333,0.0,855
k3126,0.0732,0.142857143,0.0901,0.0,0.0,0.0,0.0,0.0,0.0667,0.0,2031
k2676,0.0488,0.0,0.245346415,0.0625,0.0385,0.0219,0.0,0.0,0.166666667,0.117647059,1410
k2100,0.0976,0.0,0.189982413,0.0,0.0,0.0,0.0714,0.0,0.233333333,0.0,3127
k2655,0.0244,0.0714,0.142639354,0.0,0.0,0.0,0.0,0.0,0.0333,0.0,1534
k107,0.0,0.0,0.0862,0.0,0.0,0.0,0.0,0.0,0.0,0.0,3363
k1928,0.0488,0.0,0.0476,0.0,0.0,0.0,0.0,0.0,0.133333333,0.0,1858
k2663,0.0976,0.142857143,0.457276241,0.0,0.0,0.0,0.0,0.0,0.0667,0.0,230
k1214,0.0488,0.0,0.17234736,0.0,0.0,0.0112,0.0,0.0,0.1,0.0,1122
k1010,0.0488,0.0,0.129950198,0.0,0.0,0.0,0.142857143,0.0,0.0333,0.0,1665
k1065,0.0,0.0,0.216894616,0.0,0.0,0.0,0.0,0.29935963,0.0,0.0,3356
k1531,0.0,0.0,0.193828636,0.0,0.0,0.0,0.0,0.0,0.0,0.0,1934
k1377,0.0976,0.0,0.116139833,0.0,0.0,0.0,0.0,0.0,0.133333333,0.0,1762
k1856,0.0244,0.0714,0.135854794,0.0,0.0,0.0,0.0,0.0,0.0333,0.0,2281
k1009,0.0244,0.0,0.146185707,0.0,0.0,0.0526,0.0,0.0,0.0,0.0,2240
k358,0.0,0.0,0.0707,0.0,0.0,0.0,0.0,0.0,0.0333,0.0,2833
k2874,0.0244,0.0,0.0735,0.0,0.0,0.0,0.0,0.0,0.0333,0.0,1928
k1838,0.243902439,0.0,0.156329648,0.0,0.0,0.0,0.0357,0.0,0.2,0.0,1420
k2841,0.0,0.0,0.219903259,0.0,0.0192,0.0,0.0,0.0,0.0,0.0,770
k1637,0.0976,0.142857143,0.180141073,0.0,0.0,0.0,0.0,0.0,0.133333333,0.0,2319
k2421,0.0732,0.0,0.0347,0.0,0.0,0.0,0.0,0.0,0.0333,0.0,910
k3111,0.0976,0.0,0.0796,0.0,0.0,0.0,0.0,0.0,0.0667,0.0,2172
k2210,0.0976,0.0,0.100549334,0.0,0.0,0.0,0.0714,0.0,0.0667,0.0,2078
k602,0.12195122,0.0714,0.160000048,0.0,0.0,0.0,0.0,0.0,0.166666667,0.0,2561
k3231,0.0244,0.0,0.089,0.0,0.0,0.0,0.0357,0.0,0.0333,0.0,2719
k2427,0.0244,0.0714,0.101534209,0.0,0.0,0.0,0.0,0.0,0.0333,0.0,1336
k2376,0.0488,0.142857143,0.139307433,0.0,0.0,0.0,0.0,0.0,0.1,0.0,2099
k3028,0.0732,0.0714,0.254302194,0.1875,0.0,0.0,0.0357,0.0,0.2,0.0,423
k295,0.0244,0.0,0.0865,0.0,0.0,0.0,0.0357,0.0,0.0333,0.0,3055
k1114,0.0488,0.0,0.0753,0.0,0.0,0.0,0.0714,0.0,0.0667,0.0,2882
k1295,0.0,0.0,0.0845,0.0,0.0,0.0,0.0,0.0,0.0667,0.0,1123
k1558,0.0488,0.0,0.0598,0.0,0.0,0.0,0.0,0.0,0.1,0.0,1742
k3190,0.146341463,0.0714,0.193967358,0.0,0.0,0.0,0.0,0.0,0.2,0.0588,1057
k1406,0.0976,0.0,0.145009776,0.0,0.0,0.0,0.0,0.433998816,0.0667,0.0,1388
k2830,0.195121951,0.0,0.235261859,0.0,0.0,0.0,0.0,0.0,0.0667,0.0,2399
k380,0.0,0.142857143,0.0947,0.0,0.0,0.0,0.0,0.0,0.0,0.0,1180
k750,0.0488,0.0,0.151638065,0.0,0.0,0.0,0.0,0.0,0.0667,0.0,2278
k2555,0.146341463,0.0,0.0931,0.0,0.0,0.0784,0.0,0.0,0.0667,0.0,2932
k1442,0.12195122,0.0,0.159951228,0.0,0.0,0.0,0.0,0.0,0.1,0.0,403
k38,0.0244,0.0,0.0779,0.0,0.0,0.0,0.0,0.0,0.0333,0.0,1551
k1857,0.0732,0.285714286,0.531681175,0.0,0.0577,0.0,0.0,0.0,0.166666667,0.0,3178
k1087,0.170731707,0.0,0.116188981,0.0,0.0,0.0753,0.0357,0.0,0.133333333,0.0,1600
k2081,0.0488,0.0,0.302218557,0.0,0.0,0.0416,0.0357,0.0,0.0667,0.0,336
k313,0.0,0.0,0.117051529,0.0,0.0,0.0,0.0357,0.0,0.0667,0.0,3032
k388,0.195121951,0.0,0.131545504,0.0,0.0,0.0,0.0,0.0,0.133333333,0.0,2081
k441,0.0732,0.0,0.15910577,0.0,0.0769,0.157894731,0.0,0.0,0.0,0.0,2965
k804,0.0976,0.0,0.472940215,0.0,0.0,0.0,0.0357,0.0,0.0667,0.0,1451
k1480,0.0244,0.0714,0.131310508,0.0,0.0,0.0,0.0357,0.0,0.0333,0.0,1837
k350,0.0732,0.0,0.144353252,0.0,0.0,0.0,0.0,0.0,0.0667,0.0588,417
k653,0.12195122,0.0,0.144581081,0.0,0.0,0.0,0.0,0.0,0.1,0.0,1373
k438,0.0,0.0,0.0767,0.0,0.0,0.0,0.0,0.0,0.0667,0.0,2396
k1476,0.0488,0.0,0.0658,0.0,0.0,0.0873,0.0,0.0,0.0333,0.0,834
k3106,0.0732,0.0,0.0205,0.0,0.0,0.0,0.0,0.0,0.0667,0.0,541
k546,0.0732,0.0714,0.0855,0.0,0.0,0.0,0.0,0.0,0.0667,0.0588,1083
k634,0.0488,0.0,0.067,0.0,0.0,0.0,0.0,0.0,0.0,0.0,1313
k219,0.0488,0.0,0.0391,0.0,0.0,0.0,0.0357,0.0,0.0333,0.0,568
k503,0.12195122,0.0,0.171619307,0.0,0.0,0.0,0.0,0.0,0.0667,0.0,2812
k2138,0.0488,0.0,0.134441776,0.0,0.0192,0.0,0.0357,0.0,0.133333333,0.0,1727
k857,0.0,0.0,0.111289683,0.0,0.0192,0.0,0.0714,0.0,0.0667,0.0,3224
k1982,0.512195122,0.0,0.450519994,0.0,0.0,0.0,0.535714286,0.0,0.5,0.0,1109
k1751,0.0,0.142857143,0.137924193,0.0,0.0,0.0,0.0,0.0,0.0333,0.0,3414
k164,0.146341463,0.0714,0.289792263,0.125,0.0,0.0,0.178571429,0.0,0.166666667,0.117647059,1713
k2239,0.146341463,0.0714,0.193899654,0.0,0.0,0.0,0.107142857,0.0,0.166666667,0.0,3168
k3289,0.0488,0.0714,0.112418504,0.0,0.0,0.0,0.0,0.0,0.0333,0.0,1344
k3259,0.0488,0.0,0.0735,0.0,0.0,0.0,0.0,0.0,0.0667,0.0,1646
k59,0.0976,0.142857143,0.255640511,0.0,0.0,0.0,0.0,0.0,0.0667,0.0588,3411
k1311,0.0732,0.0714,0.133362402,0.0,0.0,0.0,0.0357,0.0,0.166666667,0.0,1042
k908,0.146341463,0.142857143,0.295359481,0.0,0.0,0.0,0.0714,0.434967443,0.133333333,0.0,3053
k1951,0.146341463,0.0,0.152386767,0.0,0.0,0.0,0.0357,0.0,0.133333333,0.0,3135
k1260,0.0488,0.0,0.199288374,0.0,0.0385,0.0112,0.0,0.0,0.1,0.0,3247
k65,0.0732,0.0,0.0901,0.0,0.0,0.0,0.0,0.0,0.0333,0.0,1875
k1066,0.0976,0.0,0.133046221,0.0,0.0,0.0,0.0714,0.0,0.0667,0.0,828
k1191,0.0,0.0,0.0747,0.0,0.0,0.0,0.0,0.0,0.0667,0.0,3360
k1545,0.12195122,0.0714,0.0846,0.0,0.0,0.0,0.0,0.0,0.1,0.0588,2405
k1400,0.0732,0.0714,0.137255753,0.0,0.0,0.0,0.0,0.0,0.0333,0.0,2516
k1230,0.0732,0.0,0.065,0.0,0.0,0.0,0.0,0.0,0.0333,0.0,2333
k2348,0.219512195,0.0,0.138850511,0.0,0.0,0.0,0.142857143,0.0,0.233333333,0.0,345
k2486,0.0244,0.0,0.0771,0.0,0.0,0.0,0.0,0.0,0.0,0.0,2394
k2444,0.195121951,0.0,0.198377671,0.0,0.134615385,0.0,0.0357,0.0,0.2,0.117647059,2106
k90,0.0488,0.0,0.142476983,0.0,0.0385,0.0,0.107142857,0.0,0.0667,0.0,1807
k943,0.0244,0.0,0.302301762,0.0,0.0385,0.0,0.0,0.0,0.0333,0.0,1584
k618,0.0,0.428571429,0.217313541,0.0,0.0192,0.0,0.0,0.0,0.2,0.0,2407
k2950,0.0,0.0,0.32477147,0.0,0.0,0.0,0.0,0.0,0.0,0.0,2142
k882,0.219512195,0.0,0.357771195,0.0,0.0962,0.0,0.214285714,0.554808158,0.166666667,0.0,912
k936,0.146341463,0.0714,0.153066811,0.0,0.0,0.0,0.0357,0.0,0.133333333,0.0,2837
k2028,0.0488,0.0,0.167497104,0.0,0.0,0.0,0.0,0.0,0.1,0.0,2418
k1151,0.0244,0.0714,0.184544517,0.0,0.0,0.0112,0.0,0.0,0.1,0.0,307
k605,0.0488,0.0,0.318840105,0.0,0.0,0.0,0.0,0.0,0.0667,0.0,1527
k3063,0.0,0.0,0.0677,0.0,0.0,0.0,0.0,0.0,0.0667,0.0,3386
k412,0.0244,0.0,0.0942,0.0,0.0,0.0,0.0,0.0,0.0333,0.0,1283
k2581,0.0488,0.0,0.0453,0.0,0.0,0.032,0.0,0.0,0.0667,0.0,1591
k2311,0.146341463,0.0,0.305088264,0.0,0.0,0.0,0.0714,0.0,0.0667,0.0,1380
k2044,0.0244,0.0,0.0759,0.0,0.0,0.0,0.0,0.0,0.1,0.0,664
k421,0.0488,0.0,0.159673571,0.0,0.0,0.0,0.142857143,0.0,0.0667,0.0,3197
k965,0.0,0.0,0.0666,0.0,0.0,0.0,0.0,0.0,0.0,0.0,2717
k2617,0.0,0.0,0.132415778,0.0,0.0577,0.0,0.0,0.0,0.166666667,0.0,3100
k3330,0.0244,0.0,0.0492,0.0,0.0,0.0,0.0,0.0,0.0333,0.0,1924
k2204,0.0,0.0,0.114916759,0.0,0.0,0.0,0.0,0.0,0.0,0.0,1802
k1198,0.0,0.0,0.0474,0.0,0.0,0.0,0.0357,0.0,0.0,0.0,2475
k2152,0.43902439,0.428571429,0.250047909,0.0,0.0,0.0,0.0,0.0,0.266666667,0.117647059,1148
k80,0.0244,0.0,0.188080305,0.0,0.0,0.0,0.0,0.0,0.1,0.0,2782
k2409,0.0488,0.0,0.0435,0.0,0.0,0.156829922,0.0,0.0,0.0667,0.0,668
k2235,0.12195122,0.0,0.295617628,0.25,0.0,0.0,0.0714,0.0,0.3,0.0,2706
k833,0.0244,0.0,0.116139833,0.0,0.0,0.0,0.0357,0.0,0.0333,0.0,1299
k3272,0.0,0.0,0.139765764,0.0,0.0,0.0,0.0357,0.0,0.0667,0.0,149
k470,0.12195122,0.0,0.127173085,0.0,0.0,0.0,0.0,0.0,0.0667,0.0,1933
k2959,0.0244,0.0714,0.0983,0.0,0.0,0.0,0.0357,0.0,0.0667,0.0,2938
k2597,0.170731707,0.0714,0.385183481,0.0,0.0,0.0,0.0,0.407469192,0.166666667,0.0,2314
k2030,0.243902439,0.0,0.133888707,0.0,0.0,0.0,0.107142857,0.0,0.2,0.0,2621
k2797,0.0488,0.0,0.0786,0.0,0.0,0.0,0.0,0.0,0.0333,0.0,44
k3256,0.219512195,0.0714,0.195534727,0.0,0.0577,0.0,0.0714,0.0,0.166666667,0.0588,924
k2667,0.146341463,0.0,0.222760666,0.0,0.0,0.0,0.0,0.0,0.133333333,0.0588,3007
k2326,0.146341463,0.0,0.389119394,0.0,0.0,0.0,0.0714,0.0,0.0667,0.0,3384
k2518,0.0244,0.0714,0.159055926,0.0,0.0,0.0,0.0,0.366840661,0.0333,0.0,2376
k3160,0.0976,0.0,0.102571996,0.0,0.0,0.0,0.0357,0.0,0.0667,0.0,750
k2122,0.0,0.0,0.227145182,0.0,0.0,0.0,0.0357,0.378948501,0.0,0.0,827
k2124,0.0488,0.0,0.0786,0.0,0.0,0.0,0.0,0.0,0.0333,0.0,1919
k2353,0.0732,0.0714,0.180313697,0.0,0.0,0.0,0.0357,0.0,0.133333333,0.0,1071
k3313,0.0488,0.0714,0.149684535,0.0,0.0,0.0,0.0714,0.0,0.0667,0.0588,577
k3261,0.0732,0.0,0.110294245,0.0,0.0,0.0,0.0,0.0,0.0667,0.0,3227
k1824,0.0,0.0,0.126150616,0.0,0.0,0.0,0.0,0.0,0.0,0.235294118,803
k707,0.146341463,0.0,0.104453606,0.0,0.0,0.0,0.0357,0.0,0.133333333,0.0,1913
k663,0.0732,0.0,0.0677,0.0,0.0,0.0,0.0,0.0,0.0333,0.0,3304
k567,0.195121951,0.0,0.170119202,0.0,0.0,0.0,0.0,0.0,0.1,0.0,1590
k3135,0.0,0.0,0.0579,0.0,0.0,0.0,0.0357,0.0,0.0,0.0,1986
k2961,0.0244,0.0,0.134084554,0.0,0.0,0.0,0.0,0.0,0.0333,0.0,778
k228,0.0,0.0,0.0329,0.0,0.0,0.0,0.0,0.0,0.0,0.0,1907
k1827,0.0244,0.0,0.133046221,0.0,0.0577,0.0,0.0357,0.0,0.0333,0.0,2970
k224,0.0488,0.0,0.0501,0.0,0.0,0.156829922,0.0,0.0,0.0667,0.0,724
k1669,0.0244,0.0714,0.171496441,0.0,0.0,0.0,0.0,0.0,0.0333,0.0,1265
k2534,0.0732,0.0,0.0634,0.0,0.0,0.0,0.0,0.0,0.1,0.0,2435
k2123,0.0488,0.0714,0.129697147,0.0,0.0,0.0416,0.0,0.0,0.0667,0.0588,2401
k294,0.0976,0.0,0.189246182,0.0,0.0,0.0,0.0,0.0,0.0667,0.0,974
k2055,0.0,0.0,0.2086678,0.0,0.0,0.0,0.0,0.0,0.0,0.0,1572
k3013,0.195121951,0.0,0.173970374,0.0,0.0,0.0,0.0,0.0,0.133333333,0.0,1628
k1427,0.0976,0.0,0.0809,0.0,0.0,0.0,0.0,0.0,0.1,0.0,809
k2914,0.0,0.0,0.0364,0.0,0.0,0.0,0.0,0.0,0.0,0.0,2663
k2114,0.0244,0.0,0.113172136,0.0,0.0,0.0,0.0,0.0,0.0333,0.0,1756
k3049,0.0,0.0,0.161166594,0.0,0.0,0.0,0.0714,0.0,0.0333,0.0,1056
k2243,0.0244,0.0714,0.0776,0.0,0.0,0.0,0.0,0.0,0.0333,0.0,2336
k1513,0.0488,0.0,0.0696,0.0,0.0,0.0,0.0,0.0,0.1,0.0,2951
k1306,0.195121951,0.0,0.254870962,0.0,0.0,0.0,0.0714,0.0,0.1,0.0,657
k791,0.0244,0.0,0.256740888,0.0,0.0,0.0,0.0357,0.0,0.133333333,0.0,710
k2415,0.0,0.0,0.134313705,0.0,0.0192,0.0,0.0714,0.0,0.0,0.0,1308
k190,0.146341463,0.142857143,0.0939,0.0,0.0,0.0502,0.0,0.0,0.133333333,0.0,1110
k199,0.0488,0.0,0.0877,0.0,0.0,0.0,0.0,0.0,0.0333,0.0,2546
k1042,0.0,0.0,0.115107248,0.0,0.0,0.0112,0.0,0.0,0.0667,0.0,2009
k1423,0.0244,0.0714,0.102431725,0.0,0.0,0.0,0.0,0.0,0.0333,0.0588,270
k698,0.0244,0.0,0.0536,0.0,0.0,0.0,0.0,0.0,0.0333,0.0,2387
k994,0.146341463,0.0,0.169337451,0.0,0.0,0.0,0.0,0.0,0.0667,0.0,1825
k256,0.0976,0.0,0.147212237,0.0625,0.0,0.0,0.0,0.0,0.133333333,0.0,517
k2926,0.0976,0.0,0.0593,0.0,0.0,0.0,0.0,0.0,0.0667,0.0,2416
k2390,0.463414634,0.214285714,0.407289526,0.0,0.0,0.0,0.214285714,0.0,0.266666667,0.0,383
k2591,0.0244,0.0,0.204280638,0.0,0.0,0.11661844,0.0,0.0,0.0667,0.0,3029
k717,0.0732,0.0714,0.148685778,0.0,0.0,0.0,0.0714,0.0,0.0667,0.0,1459
k3098,0.219512195,0.214285714,0.174712122,0.0,0.0,0.0,0.0,0.0,0.133333333,0.0,3209
k2723,0.0488,0.0,0.146136461,0.0,0.0,0.0,0.0357,0.0,0.0667,0.0588,165
k1185,0.0,0.0,0.198174572,0.0,0.0,0.0,0.0,0.0,0.0,0.0,3246
k1902,0.0244,0.0,0.0607,0.0,0.0,0.0,0.0,0.0,0.0333,0.0,41
k214,0.0,0.0,0.0797,0.0,0.0,0.0,0.0,0.0,0.0,0.0,2950
k660,0.0488,0.0,0.296167752,0.0,0.0,0.0,0.0,0.0,0.0667,0.0,2007
k2230,0.0488,0.142857143,0.174009225,0.0,0.0,0.0,0.0,0.0,0.0667,0.0,3422
k323,0.56097561,0.0,0.582323219,0.0,0.0577,0.0,0.607142857,0.0,0.533333333,0.0,476
k3069,0.0244,0.142857143,0.126322811,0.0,0.0,0.0,0.0,0.0,0.0333,0.0588,443
k1361,0.0244,0.0,0.101927957,0.0,0.0,0.0,0.0,0.0,0.0333,0.0,1096
k2212,0.146341463,0.142857143,0.253967981,0.0,0.0,0.0,0.0,0.0,0.1,0.0588,633
k1603,0.0244,0.428571429,0.19643384,0.0,0.0769,0.0,0.0,0.0,0.233333333,0.0,641
k1615,0.0244,0.0,0.0891,0.0,0.0,0.0,0.0357,0.0,0.0333,0.0,2642
k275,0.0244,0.0,0.0661,0.0,0.0,0.0784,0.0,0.0,0.0333,0.0,293
k3357,0.0488,0.0714,0.154338448,0.0,0.0,0.0,0.0,0.0,0.1,0.0,533
k1033,0.292682927,0.0,0.370600374,0.0,0.0577,0.157894731,0.0,0.0,0.1,0.0,2057
k21,0.0244,0.0714,0.128490171,0.0,0.0,0.0,0.0,0.0,0.0333,0.0,490
k509,0.219512195,0.0,0.609970557,1.0,0.0,0.0,0.321428571,0.0,0.433333333,0.0,1258
k823,0.0488,0.0714,0.0824,0.0,0.0,0.0,0.0,0.0,0.0667,0.0,2345
k1137,0.0,0.0,0.0877,0.0,0.0,0.0,0.0,0.0,0.0333,0.0,2094
k631,0.0244,0.0,0.0634,0.0,0.0,0.0,0.0,0.0,0.0333,0.0,562
k2572,0.0,0.0,0.146948516,0.0,0.0,0.0,0.0,0.529031911,0.133333333,0.0,283
k1851,0.12195122,0.0,0.125374472,0.0,0.0192,0.0,0.0,0.0,0.0667,0.0,2115
k476,0.0488,0.0,0.0626,0.0,0.0,0.0784,0.0357,0.0,0.0667,0.0,168
k1822,0.0,0.0,0.285513448,0.0,0.0,0.0,0.0,0.0,0.0,0.0,2907
k1534,0.0244,0.0714,0.145475359,0.0,0.0,0.0,0.0,0.0,0.0333,0.0,2385
k1392,0.0244,0.0,0.0677,0.0,0.0,0.0,0.0,0.0,0.0333,0.0,2402
k2268,0.195121951,0.0,0.26488686,0.0,0.0,0.0,0.0714,0.0,0.1,0.0,962
k2988,0.0488,0.0,0.0666,0.0,0.0,0.0,0.0,0.0,0.0667,0.0,3310
k723,0.0,0.0,0.0817,0.0,0.0,0.0,0.0,0.0,0.0667,0.0,946
k1344,0.0244,0.0,0.0634,0.0,0.0,0.0,0.0,0.0,0.0333,0.0,969
k641,0.0,0.0,0.193198307,0.0,0.0,0.0,0.0,0.0,0.0,0.0,3233
k1460,0.0976,0.0,0.125569301,0.0,0.0,0.0,0.0,0.0,0.0667,0.117647059,2001
k2701,0.0488,0.0,0.0536,0.0,0.0,0.0,0.0,0.0,0.1,0.0,497
k2141,0.0,0.0,0.0753,0.0,0.0,0.0,0.0,0.0,0.0333,0.0,796
k1419,0.0,0.0,0.11990056,0.0,0.0,0.0,0.0357,0.0,0.0,0.0,655
k500,0.219512195,0.0714,0.348780491,0.0,0.0385,0.0,0.214285714,0.0,0.2,0.235294118,1126
k1980,0.292682927,0.214285714,0.192393889,0.0,0.0,0.0,0.0714,0.0,0.2,0.0588,3396
k385,0.0,0.0,0.102636794,0.0,0.0,0.0,0.0357,0.0,0.0,0.0,1678
k296,0.0244,0.0,0.0502,0.0,0.0,0.0,0.0,0.0,0.0333,0.0,3287
k1210,0.0732,0.142857143,0.107398113,0.0,0.0,0.0,0.0,0.0,0.1,0.0,2389
k1429,0.0,0.0,0.0561,0.0,0.0,0.0,0.0,0.0,0.0,0.0,215
k429,0.0244,0.0,0.171382647,0.0,0.0,0.0,0.0,0.0,0.0333,0.0,1599
k7,0.0976,0.0,0.187740375,0.0,0.0,0.0,0.178571429,0.0,0.2,0.0,1223
k2347,0.0488,0.0,0.352176077,0.25,0.0962,0.0,0.178571429,0.0,0.2,0.0,3220
k346,0.0244,0.0,0.229251897,0.125,0.0962,0.0,0.178571429,0.0,0.1,0.0,1844
k3412,0.0,0.0,0.039,0.0,0.0,0.0,0.0,0.0,0.0333,0.0,3066
k1943,0.0976,0.0,0.170542692,0.0,0.0385,0.0,0.0714,0.0,0.0667,0.0,107
k2962,0.0244,0.0,0.0425,0.0,0.0,0.0784,0.0,0.0,0.0333,0.0,1874
k1791,0.0976,0.0,0.0877,0.0,0.0,0.0,0.0,0.0,0.0667,0.0,1987
k1471,0.0244,0.0,0.119786517,0.0,0.0,0.0,0.0,0.0,0.0333,0.0,1149
k832,0.0732,0.0,0.0846,0.0,0.0,0.0,0.0,0.0,0.0667,0.0588,1394
k2115,0.0,0.0,0.248547363,0.0625,0.0,0.0,0.0,0.0,0.0667,0.0,352
k3285,0.0488,0.0,0.0919,0.0,0.0,0.0,0.0357,0.0,0.0667,0.0,555
k2839,0.146341463,0.142857143,0.16578814,0.0,0.0,0.0,0.0,0.0,0.166666667,0.0,2490
k590,0.0976,0.0,0.22478382,0.0,0.0,0.0,0.0357,0.0,0.0667,0.0,937
k570,0.341463415,0.0,0.217586648,0.0,0.0,0.0,0.0714,0.0,0.2,0.0588,2173
k418,0.0244,0.0,0.110151954,0.0,0.0,0.0,0.0,0.0,0.0333,0.0,565
k3310,0.0488,0.0,0.277500766,0.0,0.115384615,0.0,0.0357,0.0,0.0667,0.0,2656
k3242,0.146341463,0.0,0.0921,0.0,0.0,0.0,0.214285714,0.0,0.1,0.0,161
k1365,0.0,0.0,0.0801,0.0,0.0,0.0,0.0,0.0,0.0,0.0,3000
k1244,0.0488,0.0,0.0877,0.0,0.0,0.0,0.0,0.0,0.1,0.0,1168
k1802,0.12195122,0.214285714,0.290058629,0.3125,0.0769,0.0,0.0,0.0,0.333333333,0.117647059,2580
k2093,0.292682927,0.0,0.336143063,0.0,0.0,0.0,0.0,0.0,0.133333333,0.0,1505
k1321,0.0488,0.142857143,0.187159704,0.0,0.0,0.0,0.0357,0.0,0.1,0.0,1861
k1248,0.0244,0.0,0.11587116,0.0,0.0,0.0,0.0,0.0,0.0333,0.0,2157
k995,0.0976,0.0714,0.13836846,0.0,0.0,0.0,0.0357,0.0,0.0667,0.0588,3173
k2629,0.0732,0.0714,0.140593874,0.0,0.0,0.0,0.0714,0.0,0.0667,0.0,504
k865,0.12195122,0.0,0.199536709,0.0,0.115384615,0.0,0.142857143,0.0,0.166666667,0.0,805
k2576,0.0976,0.0714,0.121015465,0.0,0.0,0.0,0.0,0.0,0.0667,0.0,688
k2156,0.0976,0.0714,0.344501562,0.25,0.0,0.0,0.107142857,0.0,0.166666667,0.0588,2775
k1905,0.0,0.0,0.230612242,0.0,0.0,0.0,0.142857143,0.0,0.0,0.0,865
k166,0.0732,0.0714,0.110548271,0.0,0.0,0.0,0.0,0.0,0.0333,0.0,1127
k119,0.0244,0.142857143,0.0924,0.0,0.0,0.0,0.0,0.0,0.1,0.0,1827
k2508,0.146341463,0.0,0.278089344,0.0,0.0,0.0,0.0,0.0,0.2,0.0588,75
k2276,0.0244,0.0,0.0547,0.0,0.0,0.0,0.0,0.0,0.0333,0.0,2605
k2383,0.0244,0.0714,0.142254302,0.0,0.0,0.0,0.0,0.0,0.0333,0.0,1288
k242,0.0,0.0,0.0619,0.0,0.0,0.0,0.0,0.0,0.133333333,0.0,990
k1879,0.12195122,0.0,0.0885,0.0,0.0,0.0,0.0,0.0,0.0333,0.0,2317
k3349,0.0976,0.0,0.0786,0.0,0.0,0.0,0.0714,0.0,0.1,0.0,3328
k125,0.0,0.0,0.0877,0.0,0.0,0.0,0.0714,0.0,0.0333,0.0,1013
k1868,0.0732,0.0,0.0491,0.0,0.0,0.0,0.0357,0.0,0.0333,0.0,2451
k186,0.0244,0.0,0.0502,0.0,0.0,0.0,0.0,0.0,0.0333,0.0,287
k1350,0.0732,0.0,0.0634,0.0,0.0,0.0,0.0,0.0,0.0333,0.0,2036
k2479,0.0,0.0,0.0877,0.0,0.0,0.0,0.0,0.0,0.0333,0.0,1270
k1954,0.0244,0.0,0.0239,0.0,0.0,0.0,0.0,0.0,0.0333,0.0,3413
k2039,0.195121951,0.214285714,0.314040687,0.25,0.0,0.0,0.0,0.0,0.4,0.235294118,2538
k899,0.0,0.0,0.186060564,0.0,0.0,0.0,0.0357,0.0,0.0,0.0,3388
k3251,0.0244,0.0,0.164163434,0.0,0.0,0.0,0.0,0.0,0.1,0.0,1891
k2440,0.0,0.0,0.0467,0.0,0.0,0.0,0.0,0.0,0.0,0.0,875
k2308,0.0244,0.0714,0.105034623,0.0,0.0,0.0,0.0,0.0,0.0333,0.0,2910
k1810,0.146341463,0.0,0.0798,0.0,0.0,0.0251,0.0,0.0,0.1,0.0,3162
k549,0.0,0.0,0.0166,0.0,0.0,0.0,0.0,0.0,0.0333,0.0,1061
k1881,0.0488,0.0,0.162372901,0.0,0.153846154,0.0,0.0714,0.0,0.0333,0.0,3058
k1794,0.12195122,0.0,0.0767,0.0,0.0,0.0251,0.0,0.0,0.1,0.0,375
k2554,0.170731707,0.0,0.0593,0.0,0.0,0.0777,0.0,0.0,0.133333333,0.0,3267
k2083,0.0976,0.0,0.127311076,0.0,0.0,0.0,0.0357,0.0,0.1,0.0,1251
k414,0.0976,0.0714,0.103889543,0.0,0.0,0.0,0.0,0.0,0.0667,0.0,203
k3118,0.243902439,0.0,0.287469537,0.0,0.0,0.0,0.0,0.0,0.133333333,0.117647059,2557
k3253,0.0488,0.0,0.137885499,0.0,0.0,0.0,0.0,0.0,0.0667,0.0,3218
k54,0.0,0.0,0.0593,0.0,0.0,0.0,0.0,0.0,0.0333,0.0,1054
k1160,0.292682927,0.0,0.240083717,0.0,0.0,0.0,0.0,0.0,0.166666667,0.0,1268
k743,0.0976,0.0,0.147890845,0.0,0.0,0.0,0.0714,0.0,0.166666667,0.0,1947
k2491,0.804878049,0.0,0.827076676,0.0,0.0577,0.0,1.0,0.0,0.766666667,0.0,2921
k1780,0.0732,0.0,0.142518365,0.0,0.0,0.0,0.0,0.0,0.1,0.0588,947
k575,0.0,0.0,0.0364,0.0,0.0,0.0,0.0,0.0,0.0,0.0,2724
k2633,0.12195122,0.214285714,0.204473342,0.125,0.0,0.0,0.0,0.0,0.133333333,0.0588,3379
k2975,0.0732,0.142857143,0.128138485,0.0,0.0385,0.0,0.0,0.0,0.1,0.0,1578
k2302,0.0,0.0,0.116258256,0.0,0.0,0.0,0.0,0.0,0.0333,0.0,1249
k1159,0.0488,0.0,0.0756,0.0,0.0,0.0,0.0,0.0,0.0667,0.0,1679
k2818,0.0488,0.0,0.0557,0.0,0.0,0.0,0.0,0.0,0.0333,0.0,2177
k679,0.146341463,0.142857143,0.132132816,0.0,0.0,0.0,0.0,0.0,0.133333333,0.0588,821
k1430,0.0488,0.0,0.0809,0.0,0.0,0.0,0.0,0.0,0.0333,0.0,2655
k3025,0.0732,0.0,0.173022328,0.0,0.0,0.0,0.107142857,0.0,0.0333,0.0,841
k2467,0.0244,0.0,0.148692732,0.0,0.0385,0.0,0.0,0.0,0.1,0.0,581
k1778,0.146341463,0.0,0.140052964,0.0,0.0,0.0,0.107142857,0.0,0.166666667,0.0,2917
k2396,0.0732,0.0,0.0893,0.0,0.0,0.0,0.0357,0.0,0.0333,0.0,1911
k67,0.146341463,0.142857143,0.107805783,0.0,0.0,0.032,0.0,0.0,0.133333333,0.0,384
k2295,0.0244,0.0,0.0879,0.0,0.0,0.0,0.0,0.0,0.0333,0.0,743
k1037,0.0732,0.0,0.20966896,0.0,0.0385,0.0,0.0714,0.0,0.133333333,0.0,1596
k3240,0.146341463,0.0714,0.143698591,0.0,0.0,0.0,0.0,0.0,0.1,0.0,409
k63,0.12195122,0.0714,0.294809768,0.1875,0.0,0.0,0.107142857,0.659527525,0.166666667,0.0588,3046
k854,0.0244,0.0,0.0829,0.0,0.0,0.0,0.0,0.0,0.0667,0.0,3068
k151,0.0976,0.0,0.118485301,0.0,0.0,0.156829922,0.0,0.0,0.133333333,0.0,42
k1422,0.195121951,0.0714,0.230075783,0.0,0.0,0.0251,0.0357,0.0,0.133333333,0.0,2243
k1297,0.170731707,0.0,0.114925533,0.0,0.0385,0.0,0.0,0.0,0.1,0.0,2818
k467,0.0244,0.0,0.133045026,0.0,0.0,0.0,0.0357,0.0,0.0333,0.0,2559
k1775,0.0488,0.0714,0.206709393,0.0,0.0385,0.0112,0.0357,0.0,0.133333333,0.0,288
k3051,0.0,0.0,0.0584,0.0,0.0,0.0,0.0,0.0,0.0,0.0,913
k3329,0.0976,0.0,0.123858272,0.0,0.0,0.0,0.0,0.460797503,0.0667,0.0,1873
k1262,0.0244,0.0,0.0235,0.0,0.0,0.0784,0.0,0.0,0.0333,0.0,2851
k2630,0.0,0.0,0.151213508,0.0,0.0,0.0,0.0357,0.354786633,0.0,0.0,887
k738,0.0244,0.0,0.0834,0.0,0.0,0.0,0.0,0.0,0.0333,0.0588,2742
k97,0.0,0.0,0.116139833,0.0,0.0,0.0,0.0,0.0,0.0,0.0,2533
k1992,0.0244,0.0,0.0379,0.0,0.0,0.0784,0.0,0.0,0.0667,0.0,1097
k2374,0.0244,0.0,0.0593,0.0,0.0,0.0,0.0,0.0,0.0667,0.0,880
k1736,0.219512195,0.0714,0.317094623,0.0,0.0192,0.0,0.142857143,0.0,0.2,0.235294118,208
k1606,0.0244,0.0,0.12397569,0.0,0.0192,0.0,0.0357,0.0,0.0333,0.0,1696
k286,0.0244,0.0,0.0877,0.0,0.0,0.0,0.0714,0.0,0.0333,0.0,2261
k2674,0.0732,0.0,0.150398809,0.0,0.0,0.0,0.0,0.0,0.0333,0.0,1384
k2452,0.0,0.0,0.0767,0.0,0.0,0.0,0.0,0.0,0.0,0.0,900
k373,0.0732,0.0,0.178646784,0.0,0.0,0.0,0.142857143,0.0,0.0333,0.0,1285
k983,0.12195122,0.0,0.255754205,0.0,0.134615385,0.0,0.178571429,0.0,0.1,0.0,2994
k301,0.0488,0.142857143,0.188016866,0.125,0.0,0.0,0.0714,0.0,0.133333333,0.0,1817
k1012,0.0488,0.0,0.563507513,0.0,0.0,0.0,0.0,0.0,0.0,0.0,93
k188,0.0976,0.0,0.0846,0.0,0.0,0.0,0.0,0.0,0.0667,0.0,726
k2160,0.0732,0.0,0.0583,0.0,0.0,0.0,0.0,0.0,0.0333,0.0,2957
k2256,0.0,0.0,0.119596856,0.0,0.0,0.0,0.0357,0.418985094,0.0667,0.0,3022
k2896,0.0,0.0,0.143159189,0.0,0.0,0.0,0.0,0.0,0.0,0.0,1670
k2670,0.0976,0.0,0.260211588,0.0,0.0962,0.0,0.321428571,0.0,0.0667,0.0,1981
k2757,0.219512195,0.0714,0.175913694,0.0,0.0,0.0,0.0,0.0,0.166666667,0.0,445
k1352,0.0732,0.0,0.0767,0.0,0.0,0.0,0.0,0.0,0.0333,0.0,786
k2490,0.12195122,0.0,0.0953,0.0,0.0,0.0,0.0,0.0,0.0667,0.0588,2716
k3394,0.170731707,0.0,0.146168472,0.0,0.0,0.0416,0.0,0.0,0.133333333,0.0588,1659
k2379,0.0732,0.142857143,0.23514151,0.0,0.0385,0.0,0.0,0.0,0.0333,0.0,1932
k1628,0.0732,0.0,0.10097856,0.0,0.0192,0.157894731,0.0,0.0,0.0,0.0,2128
k1192,0.0488,0.0,0.0337,0.0,0.0,0.0,0.0,0.0,0.0333,0.0,1698
k126,0.146341463,0.0,0.305088264,0.0,0.0,0.0,0.0,0.0,0.0667,0.0,58
k2325,0.12195122,0.0714,0.154614555,0.0,0.0,0.0,0.0,0.0,0.0667,0.0,971
k957,0.0,0.0,0.143647881,0.0,0.0,0.0,0.0,0.0,0.0,0.0,2585
k408,0.0976,0.142857143,0.417898154,0.125,0.0,0.0,0.142857143,0.0,0.266666667,0.0,1128
k3241,0.0,0.0,0.0864,0.0,0.0,0.0,0.0,0.0,0.0,0.0,2757
k1510,0.243902439,0.0,0.129085048,0.0,0.0,0.0,0.107142857,0.0,0.2,0.0588,1581
k1974,0.0732,0.0,0.0583,0.0,0.0,0.0526,0.0,0.0,0.0333,0.0,1050
k1854,0.0,0.0,0.174009225,0.0,0.0385,0.0,0.0,0.0,0.0667,0.0,3083
k1944,0.0,0.0,0.0634,0.0,0.0,0.0,0.0,0.0,0.0,0.0,1701
k2927,0.243902439,0.428571429,0.289507993,0.0,0.0,0.0,0.0,0.0,0.333333333,0.352941176,3156
k1450,0.0,0.0,0.0817,0.0,0.0,0.0,0.0,0.0,0.0667,0.0,2483
k3062,0.0244,0.0,0.0319,0.0,0.0,0.0,0.0,0.0,0.0667,0.0,507
k3044,0.0976,0.0,0.0888,0.0,0.0,0.0,0.0,0.0,0.1,0.0,825
k2078,0.0976,0.0,0.19329131,0.0,0.0,0.0,0.0357,0.0,0.0667,0.0,15
k1018,0.0488,0.0,0.132680765,0.0,0.0,0.0,0.0714,0.0,0.0667,0.0588,139
k1552,0.0244,0.0714,0.118109054,0.0,0.0,0.0,0.0,0.0,0.0333,0.0,2574
k3220,0.170731707,0.0,0.176843154,0.0,0.0,0.0,0.0,0.0,0.1,0.0588,2596
k94,0.0244,0.0,0.109975529,0.0,0.0,0.0,0.0,0.0,0.0333,0.0,2116
k2500,0.146341463,0.0,0.241584206,0.0,0.0,0.0,0.142857143,0.0,0.2,0.0,3129
k73,0.0732,0.0,0.158158022,0.0,0.0,0.0416,0.0,0.0,0.1,0.0,324
k2903,0.0488,0.0,0.0903,0.0,0.0,0.0,0.0357,0.0,0.0333,0.0,2875
k3295,0.0732,0.0,0.0903,0.0,0.0,0.0,0.0357,0.0,0.0333,0.0,1079
k2162,0.0732,0.0,0.0597,0.0,0.0,0.0,0.0,0.0,0.0667,0.0,338
k386,0.0732,0.0,0.102768669,0.0,0.0,0.0,0.0357,0.0,0.0333,0.0,550
k2465,0.146341463,0.0,0.0491,0.0,0.0,0.0833,0.214285714,0.0,0.133333333,0.0,2787
k1117,0.0,0.0,0.096,0.0,0.0,0.0,0.0,0.223860518,0.0,0.0,1106
k1616,0.0488,0.0,0.110333777,0.0,0.0,0.0,0.0357,0.0,0.0333,0.0,1480
k3171,0.0,0.0,0.147343095,0.0,0.0,0.0,0.0,0.0,0.0667,0.0,757
k1814,0.0,0.0,0.2025693,0.0,0.0,0.0,0.0714,0.562449551,0.0,0.0,269
k1632,0.0488,0.0,0.0968,0.0,0.0,0.0,0.0,0.0,0.0333,0.0,2444
k3134,0.0244,0.0714,0.173868953,0.1875,0.0,0.0219,0.0,0.0,0.133333333,0.0588,2397
k1560,0.0,0.0,0.0871,0.0,0.0,0.0288,0.0,0.0,0.0667,0.0,1507
k1546,0.0732,0.0714,0.0924,0.0,0.0,0.0,0.0,0.0,0.0333,0.0,2225
k464,0.0,0.0,0.20109775,0.125,0.0962,0.0,0.107142857,0.0,0.0667,0.0,1755
k813,0.0488,0.0,0.111141209,0.0,0.0,0.0,0.0,0.0,0.133333333,0.0,635
k1000,0.0732,0.0,0.0383,0.0,0.0,0.0,0.0,0.0,0.0333,0.0,1187
k1338,0.0,0.0,0.107805783,0.0,0.0,0.0,0.0,0.0,0.0,0.0,1541
k2711,0.0244,0.0,0.111861004,0.0,0.0,0.0,0.0,0.0,0.0333,0.0,977
k705,0.0244,0.0714,0.194049056,0.0,0.0192,0.0,0.0357,0.0,0.0667,0.0,626
k3361,0.12195122,0.142857143,0.153393359,0.0,0.0,0.0,0.0,0.0,0.0667,0.0,2482
k3301,0.0244,0.0,0.273756362,0.0625,0.0,0.0,0.0,0.0,0.1,0.0,2877
k1472,0.0,0.0,0.0677,0.0,0.0,0.0,0.0,0.0,0.0667,0.0,644
k2435,0.0488,0.0,0.149022736,0.0,0.0,0.0,0.0,0.0,0.0667,0.352941176,2363
k1458,0.12195122,0.0714,0.0969,0.0,0.0,0.0,0.0,0.0,0.1,0.0,1368
k2763,0.0732,0.0,0.0379,0.0,0.0,0.0,0.0,0.0,0.0333,0.0,1737
k2279,0.146341463,0.0,0.150532867,0.0,0.0,0.0784,0.0,0.0,0.1,0.117647059,2800
k1600,0.0488,0.0,0.145674974,0.0,0.0,0.0,0.0357,0.0,0.0333,0.0,1389
k2543,0.512195122,0.0,0.837752297,0.0,0.0,0.0,0.5,0.0,0.466666667,0.235294118,1514
k2431,0.146341463,0.0,0.0614,0.0,0.0,0.0,0.142857143,0.0,0.1,0.0,989
k1496,0.0732,0.0714,0.126039667,0.0,0.0,0.0,0.0357,0.0,0.1,0.0,1929
k1593,0.0976,0.0,0.108286834,0.0,0.0,0.0,0.0,0.0,0.0667,0.0588,929
k329,0.0,0.0,0.12070452,0.0,0.0,0.0,0.0357,0.0,0.0,0.0,1524
k2519,0.12195122,0.0714,0.175373153,0.0,0.0,0.0,0.0357,0.0,0.1,0.0,328
k1271,0.0244,0.0,0.071,0.0,0.0,0.0,0.0,0.0,0.0333,0.0,631
k1001,0.0244,0.0,0.136288551,0.0,0.0,0.0,0.0,0.42178335,0.0333,0.0,2830
k2817,0.0,0.0,0.121019751,0.0,0.0,0.0112,0.0,0.0,0.1,0.0,260
k3358,0.0488,0.0,0.0909,0.0,0.0,0.0,0.0714,0.0,0.0667,0.0,2074
k1959,0.0,0.0,0.0575,0.0,0.0,0.0,0.0,0.0,0.0,0.0,3381
k298,0.219512195,0.0714,0.206045133,0.0,0.0,0.0784,0.0714,0.0,0.166666667,0.0588,2379
k1575,0.0488,0.0,0.0502,0.0,0.0,0.0,0.0,0.0,0.0667,0.0,2224
k3059,0.0244,0.0,0.0593,0.0,0.0,0.0,0.0357,0.0,0.0333,0.0,914
k512,0.0732,0.0,0.0759,0.0,0.0,0.0,0.0,0.0,0.0333,0.0,257
k3027,0.0488,0.0,0.0573,0.0,0.0,0.0,0.0,0.0,0.0667,0.0,928
k1898,0.0,0.0,0.0933,0.0,0.0,0.0,0.0,0.0,0.1,0.0,1852
k1232,0.219512195,0.0,0.21194271,0.0,0.0,0.473684201,0.0,0.0,0.0,0.0,3390
k81,0.0488,0.0,0.150532867,0.0,0.0,0.0,0.0714,0.0,0.0667,0.0,3155
k3040,0.292682927,0.0714,0.211793849,0.0,0.0,0.0,0.178571429,0.0,0.266666667,0.0588,681
k420,0.0488,0.0,0.0968,0.0,0.0,0.0,0.0357,0.0,0.0333,0.0,1208
k1240,0.0732,0.0,0.126528138,0.0,0.0,0.0,0.0357,0.0,0.1,0.0,261
k683,0.585365854,0.0,0.635633194,0.0,0.0577,0.0,0.821428571,0.0,0.533333333,0.0,1317
k606,0.0488,0.0714,0.117125563,0.0,0.0,0.0,0.0,0.0,0.1,0.0,2118
k646,0.0488,0.0714,0.136216865,0.0,0.0,0.0,0.0,0.0,0.0667,0.0,1211
k764,0.0244,0.0,0.0499,0.0,0.0,0.0784,0.0,0.0,0.0333,0.0,2805
k2563,0.0976,0.0,0.188277388,0.0,0.0385,0.0,0.0,0.0,0.166666667,0.117647059,3141
k1806,0.0244,0.0,0.133049662,0.0,0.0,0.0,0.0,0.0,0.0667,0.0,3212
k401,0.0732,0.142857143,0.135013161,0.0,0.0,0.0,0.0,0.0,0.166666667,0.0,1476
k8,0.0244,0.0,0.0972,0.0,0.0,0.0,0.0,0.0,0.0333,0.0,2352
k3362,0.12195122,0.0,0.178266012,0.0,0.0192,0.0112,0.0,0.0,0.133333333,0.0,628
k2899,0.0244,0.0,0.0499,0.0,0.0,0.0784,0.0,0.0,0.0333,0.0,3286
k1196,0.0488,0.142857143,0.13115593,0.0,0.0,0.0,0.0,0.0,0.0667,0.0,304
k2890,0.0,0.0,0.128138485,0.0,0.0,0.0,0.0,0.0,0.0,0.0,2269
k2584,0.0732,0.0,0.113177127,0.0,0.0,0.0,0.0,0.0,0.0667,0.0588,242
k2438,0.0488,0.0,0.0661,0.0,0.0,0.0,0.0714,0.0,0.0667,0.0,2316
k2096,0.170731707,0.0,0.137902208,0.0,0.0,0.263157895,0.0714,0.843835764,0.0333,0.0,1111
k1030,0.0488,0.0714,0.131085709,0.0,0.0,0.0,0.0714,0.0,0.0667,0.0588,1575
k3356,0.0732,0.0,0.184672261,0.0,0.0,0.0,0.0714,0.0,0.1,0.0,881
k820,0.0244,0.0,0.092,0.0,0.0,0.0,0.0357,0.0,0.0333,0.0,1472
k953,0.0244,0.0,0.0898,0.0,0.0,0.0,0.0,0.0,0.0667,0.0,1674
k218,0.0488,0.0,0.103777955,0.0,0.0,0.0,0.0,0.0,0.0667,0.0,1546
k600,0.0,0.0,0.0467,0.0,0.0,0.0,0.0,0.0,0.0,0.0,318
k1445,0.0,0.0,0.285707687,0.0,0.0,0.0,0.142857143,0.298175752,0.0,0.0,1664
k706,0.0,0.0,0.123834715,0.0,0.0,0.0,0.0,0.0,0.0,0.117647059,567
k2623,0.0,0.0,0.146694564,0.0,0.0,0.0,0.0,0.0,0.0667,0.0,1791
k2053,0.0244,0.142857143,0.0943,0.0,0.0,0.0,0.0357,0.0,0.1,0.0,2806
k3342,0.146341463,0.0,0.16517462,0.0,0.0,0.157894731,0.0,0.0,0.0333,0.0,2598
k928,0.0244,0.0,0.163280845,0.0,0.0,0.0,0.0357,0.0,0.1,0.0,2180
k3346,0.146341463,0.0,0.17947441,0.0,0.0,0.0,0.0,0.0,0.0667,0.0,1744
k708,0.0976,0.0,0.0759,0.0,0.0,0.0,0.0,0.0,0.1,0.0,3192
k3219,0.0488,0.0,0.0666,0.0,0.0,0.0,0.0,0.0,0.0667,0.0,951
k2371,0.0976,0.0714,0.174165012,0.0,0.0,0.0465,0.0,0.0,0.1,0.0,2498
k1525,0.0976,0.0,0.0709,0.0,0.0,0.0416,0.0,0.0,0.0667,0.0,1864
k1588,0.0488,0.0,0.1294585,0.0,0.0,0.0,0.0,0.0,0.0667,0.0,798
k978,0.0732,0.0,0.0821,0.0,0.0,0.0,0.0,0.0,0.0667,0.0,1409
k3050,0.0,0.0,0.0677,0.0,0.0,0.0,0.0,0.0,0.0667,0.0,275
k749,0.0488,0.0,0.106579086,0.0,0.0,0.0,0.0,0.0,0.0667,0.0588,1305
k532,0.0976,0.0,0.048,0.0,0.0,0.0,0.0,0.0,0.133333333,0.0,2362
k782,0.0244,0.0,0.132415778,0.0,0.0385,0.04,0.0,0.0,0.1,0.0,1077
k1259,0.146341463,0.0714,0.254515418,0.0,0.0,0.0784,0.107142857,0.0,0.0667,0.0,822
k1594,0.0244,0.0,0.160778883,0.0,0.0,0.0,0.0,0.0,0.0333,0.0,3185
k2569,0.0,0.0,0.0797,0.0,0.0,0.0,0.0,0.0,0.0,0.0,402
k2455,0.170731707,0.142857143,0.175924089,0.0,0.0,0.0,0.0,0.0,0.1,0.0,1076
k3166,0.0976,0.0,0.184395897,0.0,0.0,0.0,0.178571429,0.0,0.133333333,0.0,1976
k2545,0.146341463,0.0,0.210575283,0.0,0.0,0.0,0.0714,0.0,0.0667,0.0,2515
k1625,0.195121951,0.0714,0.165248396,0.0,0.0577,0.0,0.0714,0.0,0.166666667,0.235294118,2373
k2338,0.0488,0.0,0.112890971,0.0,0.0,0.0,0.0714,0.0,0.0667,0.0,1462
k339,0.0,0.0,0.195358861,0.0,0.0,0.0,0.0,0.40660819,0.0,0.0,3
k3188,0.0976,0.0714,0.144321597,0.0,0.0,0.0,0.142857143,0.0,0.1,0.117647059,2859
k120,0.0732,0.0,0.106210882,0.0,0.0,0.0,0.0,0.0,0.0333,0.0,2029
k2414,0.0244,0.0714,0.105034623,0.0,0.0,0.0,0.0,0.0,0.0333,0.0,2672
k3073,0.0,0.0,0.134730341,0.0,0.0,0.0,0.0,0.358392079,0.0,0.0,131
k2777,0.0976,0.0,0.0843,0.0,0.0,0.0,0.0,0.0,0.0667,0.0,313
k2198,0.0244,0.0,0.0375,0.0,0.0,0.0784,0.0,0.0,0.0333,0.0,2954
k1867,0.146341463,0.0,0.0901,0.0,0.0,0.0753,0.0,0.0,0.1,0.0,2347
k27,0.0488,0.0,0.0986,0.0,0.0,0.0,0.0357,0.0,0.0667,0.0,2776
k510,0.0976,0.0,0.052,0.0,0.0,0.313659839,0.0,0.0,0.133333333,0.0,357
k105,0.0244,0.0,0.0891,0.0,0.0,0.0,0.0,0.0,0.0667,0.0,2404
k3382,0.0732,0.0,0.346476294,0.0,0.0192,0.0,0.107142857,0.0,0.0667,0.0,1797
k1498,0.0488,0.0,0.12397569,0.0,0.0,0.0,0.0714,0.0,0.0333,0.0,395
k3094,0.12195122,0.0,0.280047765,0.0,0.0769,0.0,0.142857143,0.0,0.1,0.0,2499
k1324,0.0488,0.0,0.0987,0.0,0.0,0.0,0.0714,0.0,0.0667,0.0,730
k2596,0.243902439,0.142857143,0.180230307,0.0,0.0,0.0,0.0,0.0,0.166666667,0.0,3183
k165,0.0244,0.0,0.0425,0.0,0.0,0.0784,0.0357,0.0,0.0333,0.0,2640
k1079,0.0732,0.0,0.277109017,0.0,0.0385,0.0,0.107142857,0.0,0.1,0.0588,715
k222,0.0244,0.0,0.0702,0.0,0.0,0.0,0.0,0.0,0.0333,0.0,1281
k2363,0.12195122,0.0,0.102571996,0.0,0.0,0.0,0.0,0.0,0.133333333,0.0,2110
k1591,0.0732,0.0,0.131762667,0.0,0.0,0.0,0.0,0.0,0.0667,0.0588,271
k3387,0.0732,0.0,0.312703806,0.0,0.0769,0.0,0.25,0.0,0.0333,0.0,53
k1524,0.0488,0.0,0.104668304,0.0,0.0,0.0416,0.0,0.0,0.0667,0.0,1669
k2328,0.0732,0.0714,0.268423529,0.1875,0.0,0.0,0.0357,0.0,0.2,0.0,3289
k3233,0.0,0.0,0.2025693,0.0,0.0,0.0,0.0714,0.553301405,0.0,0.0,2449
k1852,0.0488,0.0,0.130588357,0.0,0.0,0.0,0.0,0.0,0.0667,0.0,1026
k1801,0.0732,0.0,0.193792203,0.0,0.0577,0.0,0.0,0.0,0.1,0.0588,2284
k2867,0.0,0.0,0.196464144,0.0,0.0,0.116514247,0.0,0.0,0.0,0.0,1274
k2666,0.0244,0.0,0.160162732,0.0,0.0,0.0,0.0,0.0,0.0333,0.0,1436
k237,0.0976,0.142857143,0.20582039,0.0,0.0,0.0,0.0357,0.0,0.166666667,0.0588,2958
k525,0.0976,0.0714,0.144858326,0.0,0.0,0.0,0.0,0.0,0.0667,0.0,2836
k79,0.0,0.0,0.0642,0.0,0.0,0.0,0.0,0.0,0.0667,0.0,1561
k3335,0.0732,0.0714,0.265962053,0.0625,0.0,0.0,0.0714,0.0,0.133333333,0.0,3003
k2007,0.0244,0.0,0.0834,0.0,0.0,0.0,0.0,0.0,0.0333,0.0,14
k2982,0.12195122,0.0,0.253347663,0.0,0.134615385,0.0,0.142857143,0.0,0.1,0.0,759
k2708,0.195121951,0.0,0.231333014,0.0,0.0,0.0,0.0357,0.0,0.166666667,0.0,1001
k1508,0.0488,0.0,0.199288374,0.0,0.0,0.0112,0.0,0.0,0.1,0.0,2802
k3074,0.0732,0.0,0.134441776,0.0,0.0,0.0,0.0357,0.0,0.0333,0.0,3241
k2889,0.170731707,0.285714286,0.3380919,0.0,0.115384615,0.0,0.0,0.0,0.1,0.117647059,703
k3039,0.0244,0.0,0.0502,0.0,0.0,0.0,0.0,0.0,0.0333,0.0,1876
k2592,0.0244,0.0,0.0885,0.0,0.0,0.0,0.0,0.0,0.0333,0.0,1538
k1863,0.0488,0.0,0.0821,0.0,0.0,0.0,0.0,0.0,0.0333,0.0,622
k2389,0.0488,0.0,0.0593,0.0,0.0,0.0,0.0,0.0,0.0333,0.0,2679
k1664,0.292682927,0.142857143,0.283223458,0.0,0.115384615,0.0,0.142857143,0.0,0.333333333,0.0588,1098
k1463,0.12195122,0.0714,0.18699638,0.0,0.0,0.0,0.0357,0.0,0.1,0.0,1715
k3376,0.146341463,0.0,0.193278909,0.0625,0.0,0.0,0.0,0.0,0.166666667,0.0,489
k794,0.0976,0.0,0.173691991,0.0,0.0,0.0,0.0357,0.0,0.1,0.0,325
k1570,0.585365854,0.0,0.635633194,0.0,0.0962,0.0,0.857142857,0.0,0.533333333,0.0,3040
k844,0.0244,0.0,0.0634,0.0,0.0,0.0,0.0357,0.0,0.0333,0.0,1563
k2173,0.0976,0.0,0.071,0.0,0.0,0.0,0.0,0.0,0.0667,0.0,1777
k316,0.0732,0.0,0.0453,0.0,0.0,0.0,0.0,0.0,0.0333,0.0,1500
k1878,0.292682927,0.0714,0.184860499,0.0,0.0769,0.0,0.0714,0.0,0.2,0.0,1074
k1783,0.317073171,0.0,0.317170519,0.0,0.0,0.0,0.142857143,0.0,0.2,0.0,2543
k2709,0.0488,0.0,0.405871047,0.0,0.0769,0.0,0.0,0.0,0.0667,0.0,2534
k2985,0.0488,0.142857143,0.149684535,0.0,0.0,0.0,0.0714,0.0,0.0667,0.0588,1386
k439,0.0732,0.0,0.0735,0.0,0.0,0.0,0.0357,0.0,0.1,0.0,2902
k2286,0.12195122,0.0,0.0992,0.0,0.0,0.0526,0.0357,0.0,0.1,0.0,2529
k179,0.268292683,0.428571429,0.270014603,0.125,0.0,0.0,0.0357,0.0,0.3,0.117647059,3217
k445,0.0244,0.5,0.173868953,0.0,0.0,0.0219,0.0,0.0,0.133333333,0.0,1165
k1200,0.12195122,0.0,0.152386767,0.0,0.0,0.0,0.0,0.0,0.133333333,0.0,1972
k2405,0.0488,0.0,0.0634,0.0,0.0,0.0,0.0,0.0,0.0667,0.0,1895
k2163,0.0732,0.0,0.106210882,0.0,0.0,0.0,0.0357,0.0,0.0333,0.0,2273
k2484,0.0732,0.0,0.145767422,0.0,0.0,0.0,0.0,0.0,0.0667,0.0,2412
k2549,0.43902439,0.142857143,0.397978942,0.0,0.0,0.117529875,0.0,0.0,0.266666667,0.470588235,2649
k3344,0.0488,0.0,0.0972,0.0,0.0,0.0,0.142857143,0.0,0.0333,0.0,1853
k2370,0.146341463,0.0,0.121346049,0.0,0.0,0.0,0.0,0.0,0.133333333,0.0,300
k1712,0.0732,0.0,0.11587116,0.0,0.0,0.0,0.0357,0.0,0.1,0.0588,1740
k1844,0.0,0.0,0.0852,0.0,0.0,0.0,0.0,0.0,0.133333333,0.0,3157
k3200,0.146341463,0.0,0.173022328,0.0,0.0,0.0,0.107142857,0.0,0.133333333,0.0,592
k1008,0.0488,0.0,0.0917,0.0,0.0,0.0,0.0,0.398643922,0.0333,0.0,1310
k1910,0.0488,0.142857143,0.122919588,0.0,0.0,0.0,0.0,0.0,0.1,0.0,1081
k920,0.0,0.0,0.224345526,0.0,0.0,0.0,0.0357,0.330248076,0.0,0.0,2844
k543,0.12195122,0.0,0.10191921,0.0,0.0,0.0,0.0,0.0,0.1,0.0,2181
k3431,0.0732,0.0714,0.20355887,0.0625,0.0,0.0,0.0,0.0,0.2,0.0588,1489
k1274,0.0244,0.0,0.0621,0.0,0.0,0.0784,0.0,0.350912124,0.0333,0.0,3332
k1424,0.0,0.0,0.0879,0.0,0.0,0.0,0.0,0.0,0.0,0.0,1620
k3278,0.0244,0.0,0.0325,0.0,0.0,0.0,0.0,0.0,0.0333,0.0,3006
k2167,0.0244,0.0,0.126556156,0.0,0.0,0.0,0.0,0.0,0.0333,0.0,2249
k966,0.292682927,0.142857143,0.314445292,0.0,0.461538462,0.0,0.214285714,0.0,0.4,0.352941176,2705
k2759,0.0,0.0,0.102431725,0.0,0.0,0.0,0.0357,0.0,0.0,0.0,920
k971,0.0976,0.0,0.139040285,0.0,0.0,0.0,0.0,0.0,0.1,0.0,12
k1708,0.0244,0.0,0.211908979,0.0,0.0,0.0873,0.0357,0.0,0.1,0.0,2913
k941,0.0976,0.0,0.0461,0.0,0.0,0.0833,0.0,0.0,0.1,0.0,740
k3009,0.0732,0.0714,0.137514711,0.0,0.0,0.0,0.0,0.0,0.0333,0.0,2088
k62,0.0732,0.0,0.0578,0.0,0.0,0.11661844,0.0,0.0,0.1,0.0,3412
k1617,0.0,0.0,0.105675461,0.0,0.0,0.0,0.0,0.0,0.0333,0.0,213
k583,0.243902439,0.285714286,0.430708888,0.25,0.0769,0.0,0.0,0.0,0.466666667,0.235294118,1141
k666,0.195121951,0.357142857,0.203018202,0.0,0.0,0.0,0.0,0.0,0.2,0.0,773
k3101,0.0244,0.0,0.120455225,0.0,0.0,0.0,0.0357,0.0,0.0333,0.0,961
k2908,0.0976,0.0,0.107760364,0.0,0.0,0.0,0.0,0.0,0.0667,0.0,1225
k1788,0.0244,0.0,0.186487652,0.0,0.0192,0.04,0.0,0.0,0.166666667,0.0,3031
k1148,0.0488,0.0,0.121215733,0.0,0.0,0.0,0.0,0.0,0.0333,0.0,1877
k1153,0.0,0.0,0.0249,0.0,0.0,0.0,0.0,0.0,0.0,0.0,177
k2821,0.0,0.0,0.118775957,0.0,0.0,0.0,0.0,0.0,0.0,0.0,682
k2011,0.0732,0.0,0.142518365,0.0,0.0,0.0,0.0,0.0,0.1,0.0588,195
k1273,0.0,0.0,0.0735,0.0,0.0,0.0,0.0714,0.0,0.0,0.0,636
k1094,0.0,0.0,0.144581081,0.0,0.0,0.0,0.0,0.0,0.0,0.0,1250
k308,0.0488,0.0,0.0505,0.0,0.0,0.0,0.0,0.0,0.1,0.0,2422
k1325,0.0976,0.0714,0.285994873,0.0,0.0769,0.124912089,0.0357,0.0,0.4,0.0588,2305
k2346,0.0976,0.0,0.211424269,0.0,0.0,0.0,0.0,0.0,0.0,0.0,2426
k1133,0.0244,0.0,0.125487456,0.0,0.0,0.0,0.0,0.0,0.0333,0.0588,1601
k3122,0.0,0.0,0.0867,0.0,0.0,0.0,0.0,0.0,0.0333,0.0,163
k2713,0.0,0.142857143,0.10048729,0.0,0.0,0.0,0.0,0.0,0.0667,0.0,686
k3104,0.0244,0.0,0.0598,0.0,0.0,0.0,0.0357,0.0,0.1,0.0,1758
k2341,0.0732,0.0,0.128319874,0.0,0.0192,0.0,0.0357,0.0,0.1,0.0,519
k616,0.0244,0.0,0.0499,0.0,0.0,0.0784,0.0,0.0,0.0333,0.0,442
k1016,0.0732,0.0,0.0943,0.0,0.0,0.0,0.0,0.0,0.166666667,0.0,1719
k948,0.0976,0.0,0.0759,0.0,0.0,0.0,0.0,0.0,0.133333333,0.0,3199
k3324,0.12195122,0.142857143,0.11722946,0.0,0.0,0.0,0.0357,0.0,0.0667,0.0,1783
k514,0.146341463,0.0,0.0708,0.0,0.0,0.0502,0.0,0.0,0.133333333,0.0,553
k2037,0.0488,0.0714,0.193046317,0.0,0.0385,0.0416,0.0,0.0,0.133333333,0.0,3302
k1580,0.0244,0.0,0.0724,0.0,0.0,0.0,0.0357,0.0,0.0333,0.0,3091
k2648,0.0732,0.0,0.092,0.0,0.0,0.0,0.0357,0.0,0.0333,0.0,1856
k177,0.0244,0.0,0.00885,0.0,0.0,0.0784,0.0,0.0,0.0333,0.0,1647
k264,0.0488,0.0,0.0501,0.0,0.0,0.156829922,0.0,0.0,0.0667,0.0,2942
k2768,0.0244,0.0,0.0547,0.0,0.0,0.0,0.0,0.0,0.0333,0.0,2653
k3228,0.0976,0.0,0.0593,0.0,0.0,0.0,0.0,0.0,0.0667,0.0,534
k3369,0.146341463,0.0,0.183514588,0.0,0.0,0.0,0.107142857,0.0,0.166666667,0.0,3101
k2436,0.0488,0.0,0.126548305,0.0,0.0192,0.0,0.0,0.0,0.0333,0.0,1209
k462,0.0732,0.0,0.106210882,0.0,0.0,0.0,0.0,0.0,0.0333,0.0,2470
k1417,0.0488,0.0,0.0363,0.0,0.0,0.0,0.0,0.0,0.0333,0.0,1711
k3254,0.0732,0.0714,0.137514711,0.0,0.0,0.0,0.0,0.0,0.0333,0.0,1118
k3041,0.195121951,0.571428571,0.24863883,0.0,0.0,0.0,0.0,0.0,0.266666667,0.764705882,1763
k2104,0.0244,0.0,0.0642,0.0,0.0,0.0,0.0,0.0,0.0333,0.0,1031
k2048,0.0244,0.0,0.252312672,0.0,0.0,0.0,0.0,0.0,0.0333,0.0,3112
k206,0.0,0.0,0.108301292,0.0,0.0,0.0,0.0,0.395791853,0.0,0.0,2869
k1228,0.0244,0.0,0.0942,0.0,0.0,0.0,0.0,0.0,0.0333,0.0,995
k1371,0.0976,0.0714,0.121015465,0.0,0.0,0.0,0.0,0.0,0.1,0.0,1952
k1032,0.0244,0.0,0.160778883,0.0,0.0,0.0,0.0,0.0,0.0333,0.0,1401
k167,0.146341463,0.0714,0.107805783,0.0,0.0,0.0,0.142857143,0.0,0.133333333,0.0588,2632
k2442,0.317073171,0.0,0.287405601,0.0,0.0,0.0,0.321428571,0.0,0.366666667,0.0,3060
k2425,0.0976,0.0714,0.101641117,0.0,0.0,0.0,0.0714,0.0,0.1,0.0,2342
k2085,0.0488,0.0,0.0547,0.0,0.0,0.0,0.0,0.0,0.0667,0.0,3397
k3334,0.0488,0.0,0.0761,0.0,0.0,0.0,0.0,0.0,0.0667,0.0,1419
k547,0.0488,0.0,0.130558735,0.0,0.0,0.10526316,0.0,0.0,0.0,0.0,3214
k1362,0.0732,0.0,0.0885,0.0,0.0,0.0,0.0,0.0,0.0667,0.0,2858
k1061,0.0488,0.0,0.0363,0.0,0.0,0.0,0.0,0.0,0.0333,0.0,949
k2272,0.0976,0.0,0.0885,0.0,0.0,0.0,0.0357,0.0,0.0667,0.0,2462
k1475,0.0,0.0,0.134730341,0.0,0.0,0.0,0.0,0.348598181,0.0,0.0,1408
k977,0.0488,0.142857143,0.096,0.0,0.0,0.0,0.0,0.0,0.0333,0.0,1790
k1958,0.0488,0.0,0.139767101,0.0,0.0,0.0,0.0,0.0,0.0667,0.0,500
k1398,0.0488,0.0,0.0616,0.0,0.0,0.0,0.0,0.0,0.0333,0.0,954
k3264,0.0732,0.0,0.0492,0.0,0.0,0.0,0.0,0.0,0.0333,0.0,3076
k816,0.146341463,0.0,0.145583919,0.0,0.0,0.0,0.142857143,0.0,0.2,0.0,2211
k2599,0.0,0.0,0.0581,0.0,0.0,0.0,0.0,0.0,0.0,0.0,2288
k886,0.219512195,0.0,0.260793624,0.0,0.0,0.0,0.0,0.0,0.1,0.0,978
k2920,0.0244,0.0,0.145900783,0.0,0.0,0.0,0.0,0.0,0.133333333,0.0,3308
k1135,0.146341463,0.0,0.149275692,0.0,0.0,0.0,0.0,0.0,0.0667,0.0,110
k1523,0.0732,0.0,0.120438911,0.0,0.0,0.0,0.0357,0.0,0.0333,0.0,2865
k3128,0.0732,0.0,0.102768669,0.0,0.0,0.0,0.0357,0.0,0.0333,0.0,126
k3021,0.0,0.0,0.19323457,0.0,0.0385,0.0,0.0,0.0,0.0,0.0,2886
k1156,0.0244,0.0,0.0598,0.0,0.0,0.0,0.0,0.0,0.0333,0.0,3172
k2918,0.0,0.0,0.11899159,0.0,0.0,0.0,0.0357,0.0,0.0333,0.0,1084
k1372,0.0244,0.0,0.145014141,0.0,0.0,0.0,0.0357,0.420599473,0.0333,0.0,1849
k842,0.0976,0.0,0.219027837,0.0,0.0192,0.157894731,0.0357,0.0,0.0667,0.0,2878
k3326,0.0244,0.0,0.0972,0.0,0.0,0.0,0.0,0.0,0.0333,0.0,2062
k2668,0.0,0.0,0.20834411,0.125,0.0,0.0,0.0,0.0,0.133333333,0.0,530
k1327,0.0244,0.0,0.0629,0.0,0.0,0.0,0.0,0.0,0.0333,0.0,837
k1846,0.0732,0.0,0.130899532,0.0,0.0,0.0,0.0,0.0,0.0333,0.0,348
k3288,0.146341463,0.0,0.103749842,0.0,0.0,0.0753,0.0357,0.0,0.1,0.0,2668
k3004,0.0,0.0,0.101235957,0.0,0.0,0.0,0.0,0.0,0.1,0.0,460
k96,0.0,0.0,0.085,0.0,0.0,0.0,0.0,0.0,0.133333333,0.0,966
k2716,0.0,0.0,0.113172136,0.0,0.0,0.0,0.0,0.0,0.0333,0.0,1047
k2127,0.0244,0.0,0.0702,0.0,0.0,0.0,0.0,0.0,0.0667,0.0,1638
k3223,0.0488,0.0,0.153585935,0.0,0.0,0.0,0.0,0.0,0.0667,0.0,1680
k520,0.292682927,0.142857143,0.363393859,0.0,0.0385,0.0,0.0714,0.0,0.2,0.117647059,1616
k992,0.0488,0.0,0.312255018,0.0,0.0,0.0,0.0,0.0,0.0667,0.0,2783
k1821,0.0732,0.0,0.221497476,0.0,0.0,0.10526316,0.0714,0.666846042,0.1,0.0,350
k1064,0.0244,0.0,0.135381233,0.0,0.0,0.0,0.0,0.0,0.233333333,0.0,2941
k355,0.0976,0.0,0.116139833,0.0,0.0,0.0,0.0714,0.0,0.1,0.0,2636
k2684,0.0976,0.0,0.089,0.0,0.0,0.0,0.0714,0.0,0.0667,0.0,413
k2645,0.0976,0.0,0.0882,0.0,0.0,0.0,0.0,0.0,0.1,0.0,3166
k830,0.146341463,0.0,0.165129356,0.0,0.0,0.0,0.0,0.0,0.2,0.0,888
k1294,0.268292683,0.0,0.18116372,0.0,0.0,0.0,0.0,0.0,0.166666667,0.0,3276
k3245,0.0488,0.0,0.0741,0.0,0.0,0.0,0.0,0.0,0.1,0.0,526
k416,0.146341463,0.0714,0.121390166,0.0,0.0,0.0416,0.0,0.0,0.133333333,0.0588,2765
k2567,0.0732,0.214285714,0.142590407,0.0,0.0,0.0,0.0714,0.0,0.1,0.117647059,1612
k1384,0.0244,0.0,0.21637407,0.0,0.0,0.0,0.0,0.0,0.0333,0.0588,2361
k2876,0.0244,0.0,0.13836846,0.0625,0.0,0.0,0.0357,0.0,0.1,0.0,1280
k1648,0.0488,0.0,0.0812,0.0,0.0,0.0,0.0357,0.0,0.0,0.0,1829
k270,0.146341463,0.0,0.13136486,0.0,0.0,0.0784,0.0,0.0,0.0667,0.0,2
k1784,0.0976,0.0,0.108970541,0.0,0.0,0.0,0.0,0.0,0.0667,0.0,1896
k2579,0.0,0.0,0.0308,0.0,0.0,0.0,0.0,0.0,0.0667,0.0,2175
k2847,0.0244,0.0,0.0942,0.0,0.0,0.0,0.0,0.0,0.0333,0.0,2658
k1468,0.0,0.0,0.288169249,0.0,0.0,0.0,0.0,0.0,0.0,0.0,737
k2736,0.0488,0.0,0.0735,0.0,0.0,0.0,0.0357,0.0,0.0667,0.0,1769
k362,0.219512195,0.0,0.216474226,0.0,0.0385,0.0,0.178571429,0.0,0.266666667,0.0,3321
k1864,0.0,0.0,0.0852,0.0,0.0,0.0,0.0,0.0,0.133333333,0.0,1607
k2902,0.0,0.0,0.0834,0.0,0.0385,0.0,0.107142857,0.0,0.0,0.0,1752
k3280,0.0,0.0,0.156995145,0.0,0.0,0.0,0.0,0.0,0.0667,0.0,1397
k964,0.0976,0.0714,0.26071231,0.0,0.0,0.0,0.107142857,0.0,0.133333333,0.0588,1010
k3022,0.0244,0.0,0.0607,0.0,0.0,0.0,0.0,0.0,0.0333,0.0,1196
k484,0.0488,0.0,0.100128307,0.0,0.0,0.0,0.0,0.0,0.0667,0.0,1104
k2898,0.0,0.0,0.206293681,0.0,0.0385,0.0,0.142857143,0.0,0.1,0.0,3303
k1469,0.0488,0.0,0.14406072,0.0,0.0,0.0,0.0357,0.0,0.0667,0.0,2326
k2472,0.0488,0.0,0.116307648,0.0,0.0,0.0,0.0,0.0,0.0667,0.0,2102
k1829,0.0488,0.0,0.230180432,0.0,0.269230769,0.0,0.214285714,0.0,0.0333,0.0,2727
k217,0.0976,0.0,0.0869,0.0,0.0,0.0,0.0,0.0,0.0667,0.0,866
k129,0.0976,0.0,0.0943,0.0,0.0,0.0,0.0,0.0,0.1,0.0,2784
k2715,0.0732,0.142857143,0.177765972,0.0,0.0,0.0,0.0714,0.0,0.1,0.0,1649
k3347,0.0244,0.0,0.0835,0.0,0.0,0.0873,0.0,0.0,0.0333,0.0,1222
k524,0.0732,0.0,0.0305,0.0,0.0,0.0,0.0,0.0,0.0333,0.0,1467
k2345,0.0976,0.0,0.0953,0.0,0.0,0.0,0.0,0.0,0.0333,0.0,2136
k2535,0.0732,0.0,0.124851989,0.0,0.0,0.0,0.0,0.0,0.0667,0.0,2235
k2799,0.0732,0.0,0.189617284,0.0,0.115384615,0.0,0.107142857,0.0,0.1,0.0,2378
k1579,0.0244,0.0,0.0308,0.0,0.0,0.0,0.0,0.0,0.0667,0.0,2337
k2542,0.0244,0.0,0.00921,0.0,0.0,0.0,0.0,0.0,0.0333,0.0,1129
k1917,0.0244,0.0,0.0876,0.0,0.0192,0.0,0.0357,0.0,0.0333,0.0,1153
k3195,0.390243902,0.0,0.366452332,0.0,0.0,0.0,0.142857143,0.0,0.266666667,0.0,2927
k1256,0.12195122,0.0,0.0762,0.0,0.0,0.0,0.0,0.0,0.166666667,0.0,92
k897,0.0488,0.0714,0.119918326,0.0,0.0,0.0,0.0357,0.0,0.133333333,0.0,2794
k3204,0.56097561,0.0,0.62207346,0.0,0.0962,0.0,0.857142857,0.0,0.5,0.0,1164
k2033,0.0976,0.0,0.0834,0.0,0.0,0.0,0.0,0.0,0.0333,0.0,1143
k2820,0.0244,0.0,0.157080767,0.0,0.0962,0.0,0.0357,0.0,0.0333,0.0,2487
k1243,0.12195122,0.142857143,0.168304081,0.0,0.0577,0.0,0.0357,0.0,0.166666667,0.0,1320
k2919,0.0,0.0,0.0904,0.0,0.0,0.0,0.0,0.0,0.133333333,0.0,899
k1955,0.0976,0.0,0.124451047,0.0,0.0,0.0261,0.0,0.0,0.1,0.0,3074
k2040,0.0488,0.0,0.0461,0.0,0.0,0.0,0.0,0.0,0.0667,0.0,2819
k2622,0.219512195,0.0,0.215112857,0.0,0.0,0.0,0.142857143,0.0,0.166666667,0.0,60
k1690,0.0976,0.0,0.0587,0.0,0.0,0.0,0.0,0.0,0.0667,0.0,124
k1529,0.146341463,0.0,0.0504,0.0,0.0,0.0251,0.0,0.0,0.1,0.0,78
k1026,0.0732,0.0,0.0597,0.0,0.0,0.0,0.0,0.0,0.0667,0.0,754
k2189,0.0488,0.0,0.045,0.0,0.0,0.0,0.0,0.0,0.0667,0.0,1935
k3167,0.0732,0.0,0.117600281,0.0,0.0,0.0,0.0,0.0,0.0667,0.0,381
k2329,0.0244,0.0,0.116139833,0.0,0.0,0.0,0.0357,0.0,0.0333,0.0,47
k593,0.12195122,0.0,0.0614,0.0,0.0,0.0,0.0,0.0,0.1,0.0,1145
k3327,0.0488,0.142857143,0.165516683,0.0,0.0,0.0,0.0357,0.0,0.0667,0.0,994
k1253,0.0,0.0,0.116139833,0.0,0.0,0.0,0.0,0.0,0.0333,0.0,1028
k2620,0.0,0.0,0.0694,0.0,0.0,0.0,0.0,0.0,0.0,0.0,1279
k511,0.0488,0.0,0.0975,0.0,0.0,0.0,0.0,0.0,0.133333333,0.0,3110
k3029,0.0244,0.0714,0.130156785,0.0,0.0,0.0,0.0,0.0,0.0333,0.0,2476
k2131,0.0244,0.0,0.0724,0.0,0.0,0.0,0.0,0.0,0.0667,0.0,2126
k1124,0.0976,0.0,0.463416607,0.0,0.0,0.0,0.0,0.0,0.133333333,0.0,3265
k1733,0.0,0.0,0.0904,0.0,0.0,0.0,0.0,0.0,0.0667,0.0,1689
k535,0.0244,0.0714,0.146784495,0.0,0.0,0.0,0.0,0.0,0.0333,0.0,908
k303,0.0976,0.0714,0.266125334,0.125,0.0,0.0,0.107142857,0.0,0.2,0.0588,1298
k1893,0.0,0.0,0.272566693,0.0,0.0,0.0,0.0,0.0,0.0,0.0,3092
k2878,0.0976,0.0,0.272566693,0.0,0.0,0.0,0.0,0.0,0.133333333,0.0,1070
k801,0.0244,0.0714,0.132078621,0.0,0.0,0.0,0.0,0.0,0.0333,0.0588,1025
k2541,0.0976,0.0,0.0786,0.0,0.0,0.0,0.0714,0.0,0.1,0.0,602
k1911,0.219512195,0.0,0.126429312,0.0,0.0,0.0,0.0,0.0,0.1,0.0,2218
k302,0.0,0.0,0.14657029,0.0,0.0,0.0,0.0,0.0,0.0,0.0,1773
k82,0.146341463,0.0,0.187242952,0.0,0.0,0.0,0.0714,0.0,0.133333333,0.0,1771
k970,0.0244,0.0,0.138350186,0.0,0.0,0.0873,0.0357,0.0,0.1,0.0,2847
k1073,0.0,0.0,0.110235536,0.0,0.0,0.0,0.0,0.0,0.0,0.0,1645
k2980,0.0976,0.0,0.216079746,0.0,0.0962,0.0,0.178571429,0.0,0.133333333,0.0,2338
k3175,0.0488,0.0,0.0629,0.0,0.0,0.0,0.0,0.389280525,0.0333,0.0,2979
k2957,0.0244,0.0,0.0502,0.0,0.0,0.0,0.0,0.0,0.0333,0.0,327
k1283,0.0,0.142857143,0.102696589,0.0,0.0,0.0,0.0,0.0,0.0667,0.0,2835
k625,0.195121951,0.0714,0.45684584,0.0,0.0,0.0,0.0714,0.0,0.266666667,0.176470588,3319
k871,0.0244,0.0,0.046,0.0,0.0,0.0784,0.0,0.0,0.0333,0.0,56
k1716,0.0,0.0,0.175808091,0.0,0.0,0.0,0.0,0.0,0.0,0.0,2253
k2574,0.146341463,0.142857143,0.107805783,0.0,0.0,0.0,0.142857143,0.0,0.133333333,0.0,1522
k3418,0.0244,0.0,0.0373,0.0,0.0,0.0,0.0,0.0,0.0333,0.0,1495
k763,0.0732,0.0714,0.198973587,0.0,0.0,0.0,0.0357,0.0,0.1,0.0,51
k1014,0.146341463,0.0,0.12430089,0.0,0.0,0.0753,0.0,0.0,0.1,0.0,1348
k1402,0.0,0.0,0.0584,0.0,0.0,0.0,0.0,0.0,0.0,0.0,2238
k3161,0.0244,0.0,0.196464144,0.0,0.0,0.0219,0.0357,0.0,0.133333333,0.0,540
k884,0.0488,0.0,0.0502,0.0,0.0,0.0,0.0,0.0,0.0667,0.0,2949
k3054,0.0732,0.0,0.220091696,0.0,0.0,0.0,0.0,0.0,0.0333,0.0,2905
k3430,0.0244,0.0,0.0287,0.0,0.0,0.0,0.0,0.0,0.0333,0.0,2308
k2846,0.0732,0.0714,0.12881796,0.0,0.0,0.0,0.0714,0.0,0.133333333,0.0588,2849
k1634,0.0976,0.0,0.0761,0.0,0.0,0.0,0.0,0.0,0.0667,0.0,193
k1179,0.268292683,0.357142857,0.30852994,0.0,0.0,0.0,0.0714,0.0,0.166666667,0.0588,1921
k2809,0.146341463,0.0,0.135013161,0.0,0.0,0.0,0.0,0.0,0.133333333,0.0,2417
k3270,0.0244,0.0,0.0492,0.0,0.0,0.0,0.0,0.0,0.0333,0.0,3428
k2781,0.0244,0.0,0.0598,0.0,0.0,0.0,0.0357,0.0,0.1,0.0,2114
k211,0.146341463,0.0714,0.22835486,0.0,0.0,0.0,0.0,0.0,0.133333333,0.0588,2708
k210,0.146341463,0.0,0.0699,0.0,0.0,0.0416,0.0,0.0,0.1,0.0,1040
k1055,0.12195122,0.0714,0.163649259,0.0,0.0,0.0,0.0714,0.0,0.1,0.0588,2728
k911,0.195121951,0.142857143,0.233844732,0.125,0.0192,0.0,0.107142857,0.0,0.266666667,0.0,2654
k1728,0.0244,0.0,0.0794,0.0,0.0,0.0,0.0,0.0,0.166666667,0.0,3154
k92,0.0976,0.0714,0.168628795,0.0,0.0,0.0,0.142857143,0.0,0.1,0.117647059,1227
k2306,0.0244,0.0,0.178284087,0.0,0.0,0.11661844,0.0,0.0,0.0667,0.0,1181
k1149,0.0,0.0,0.123026985,0.0,0.0,0.0,0.0,0.0,0.0,0.0,309
k202,0.146341463,0.0,0.227344101,0.0,0.0,0.0,0.0,0.0,0.1,0.0,510
k299,0.146341463,0.0,0.155218562,0.0,0.0,0.0,0.0,0.0,0.0667,0.0,2096
k2222,0.0,0.0,0.0488,0.0,0.0,0.0,0.0,0.0,0.0,0.0,1048
k157,0.170731707,0.0,0.174252696,0.0,0.0,0.0251,0.107142857,0.0,0.166666667,0.0,2388
k1915,0.0244,0.0,0.0903,0.0,0.0,0.0,0.0357,0.0,0.0333,0.0,1799
k91,0.146341463,0.0,0.131243927,0.0,0.0,0.0753,0.0357,0.0,0.1,0.0,2008
k231,0.0,0.0,0.422560001,0.0,0.0,0.0,0.0,0.0,0.0,0.0,1102
k945,0.0244,0.0,0.049,0.0,0.0,0.0,0.0,0.0,0.1,0.0,3351
k2203,0.0488,0.0,0.0903,0.0,0.0,0.0,0.0714,0.0,0.0667,0.0,1235
k2565,0.0488,0.0,0.0915,0.0,0.0,0.0,0.0,0.0,0.0667,0.0,1785
k1586,0.0732,0.0,0.107529581,0.0,0.0,0.157894731,0.0,0.0,0.0,0.0,455
k2231,0.0488,0.0,0.11650146,0.0,0.0,0.0,0.0,0.0,0.0667,0.0,2884
k836,0.12195122,0.0,0.171437511,0.0,0.0,0.10526316,0.0714,0.891083248,0.1,0.0,2691
k304,0.0244,0.0,0.13525922,0.0,0.0385,0.0,0.0357,0.0,0.1,0.0,1956
k3032,0.0732,0.0714,0.137170315,0.0,0.0,0.0,0.0,0.0,0.0667,0.0,1510
k2357,0.219512195,0.0714,0.294916721,0.0,0.0,0.0,0.0,0.0,0.166666667,0.0,1574
k1735,0.146341463,0.0,0.252775738,0.0,0.211538462,0.0,0.142857143,0.0,0.166666667,0.0,3325
k1656,0.0244,0.0,0.0634,0.0,0.0,0.0,0.0,0.0,0.0333,0.0,1259
k2602,0.0732,0.0,0.437374507,0.0,0.0385,0.0,0.0,0.0,0.0333,0.0,1926
k1112,0.0976,0.0,0.130491656,0.0,0.0,0.0,0.0,0.0,0.0667,0.0,2788
k2983,0.170731707,0.142857143,0.239171678,0.1875,0.0,0.0,0.178571429,0.0,0.233333333,0.176470588,661
k1719,0.0,0.0,0.0735,0.0,0.0,0.0,0.0,0.0,0.0333,0.0,1488
k2126,0.0244,0.0,0.0613,0.0,0.0,0.0,0.0357,0.0,0.0333,0.0,1892
k200,0.0732,0.0,0.107529581,0.0,0.0385,0.157894731,0.0,0.0,0.0,0.0,2510
k253,0.12195122,0.0,0.144581081,0.0,0.0,0.0,0.0,0.0,0.1,0.0,1949
k682,0.146341463,0.0,0.111787159,0.0,0.0,0.0,0.0,0.0,0.0667,0.0,2961
k2614,0.0488,0.0,0.159396183,0.0,0.0,0.0112,0.0,0.0,0.1,0.0,2980
k1369,0.0,0.0,0.0629,0.0,0.0,0.0,0.0,0.0,0.0667,0.0,585
k1314,0.0732,0.0,0.0305,0.0,0.0,0.0,0.0,0.0,0.0333,0.0,3140
k987,0.0,0.0,0.0911,0.0,0.0,0.0,0.0,0.0,0.0,0.0,1414
k1691,0.0244,0.0,0.0868,0.0,0.0,0.0,0.0357,0.0,0.0333,0.0,3290
k2688,0.0,0.0,0.195358861,0.0,0.0,0.0,0.0714,0.471344777,0.0,0.0,2786
k10,0.170731707,0.142857143,0.167475631,0.0,0.0,0.0,0.0,0.0,0.1,0.0,3293
k1866,0.0488,0.0,0.0634,0.0,0.0,0.0,0.0,0.0,0.0667,0.0,2400
k1226,0.0,0.0,0.119596856,0.0,0.0,0.0,0.0,0.0,0.0667,0.0,2565
k258,0.146341463,0.0714,0.444312137,0.0,0.0,0.0288,0.25,0.0,0.266666667,0.117647059,2569
k1279,0.0244,0.0,0.084,0.0,0.0,0.0,0.0,0.0,0.0333,0.0,2111
k212,0.0,0.0,0.114559757,0.0,0.0,0.0,0.0,0.0,0.0,0.0,1219
k3145,0.146341463,0.0,0.193672351,0.0,0.0,0.0,0.0714,0.0,0.0667,0.0,2525
k2564,0.0244,0.0,0.0541,0.0,0.0,0.0,0.0,0.0,0.0333,0.0,1124
k240,0.0244,0.0,0.173022328,0.0,0.0,0.0,0.0,0.0,0.0333,0.0,2589
k3042,0.0244,0.0,0.0501,0.0,0.0,0.0,0.0,0.0,0.0333,0.0,2715
k3239,0.0,0.0,0.0824,0.0,0.0,0.0,0.0,0.0,0.0,0.0,2575
k1461,0.0732,0.0,0.0821,0.0,0.0,0.0,0.0,0.0,0.0333,0.0,2966
k2062,0.146341463,0.214285714,0.127173085,0.0,0.0,0.0,0.0357,0.0,0.0667,0.0,2698
k3016,0.0488,0.0714,0.0884,0.0,0.0,0.0,0.0,0.0,0.0667,0.0,3005
k1474,0.0244,0.0714,0.118109054,0.0,0.0,0.0,0.0,0.0,0.0333,0.0,1630
k748,0.0976,0.0,0.200164365,0.0,0.0192,0.0,0.0357,0.0,0.1,0.0,3273
k1576,0.0,0.0,0.0844,0.0,0.0,0.0,0.0,0.0,0.0,0.0,2746
k3273,0.0732,0.0,0.117600281,0.0,0.0,0.0,0.0357,0.0,0.133333333,0.0,2026
k594,0.0732,0.0,0.150155565,0.0,0.0,0.0,0.0,0.0,0.1,0.0588,1461
k2803,0.12195122,0.0714,0.182523823,0.0,0.0,0.0,0.0,0.0,0.0667,0.117647059,2048
k1315,0.0488,0.0,0.202727974,0.0,0.0,0.0,0.0,0.0,0.0333,0.0,21
k3274,0.0244,0.0,0.049,0.0,0.0,0.0,0.0,0.0,0.1,0.0,145
k1453,0.0244,0.0,0.0547,0.0,0.0,0.0,0.0,0.0,0.0333,0.0,2384
k3191,0.0244,0.0,0.071,0.0,0.0,0.0,0.0,0.0,0.0333,0.0,1059
k1568,0.0488,0.0714,0.115389388,0.0,0.0,0.0,0.0,0.0,0.0667,0.0,302
k1432,0.0488,0.0,0.0807,0.0,0.0192,0.0,0.107142857,0.0,0.0333,0.0,187
k2912,0.0488,0.0,0.041,0.0,0.0,0.0,0.0,0.0,0.0667,0.0,2772
k1509,0.0,0.0,0.0801,0.0,0.0,0.0,0.0,0.0,0.0,0.0,2446
k2998,0.0488,0.0714,0.15423377,0.0,0.0385,0.0,0.0,0.0,0.1,0.0,868
k974,0.0,0.0,0.106831093,0.0,0.0,0.0,0.0,0.38712802,0.0,0.0,3122
k1533,0.146341463,0.0,0.193672351,0.0,0.0,0.0,0.0,0.0,0.0667,0.0,813
k2860,0.0244,0.0,0.114386816,0.0,0.0,0.0,0.0,0.0,0.0667,0.0,919
k563,0.0,0.0,0.0723,0.0,0.0,0.0,0.0,0.0,0.0,0.0,3421
k1517,0.195121951,0.0714,0.172176229,0.0,0.0769,0.0,0.0714,0.0,0.166666667,0.0588,1770
k486,0.0976,0.0,0.161594763,0.0625,0.0,0.0,0.0,0.0,0.2,0.0,1910
k117,0.170731707,0.0714,0.261891954,0.0,0.0,0.0,0.0,0.0,0.0667,0.117647059,273
k2553,0.195121951,0.0,0.110017569,0.0,0.0,0.0251,0.0,0.0,0.133333333,0.0,2748
k3183,0.0732,0.0714,0.128312686,0.0,0.0,0.0,0.0,0.0,0.0667,0.0,2637
k3345,0.0488,0.0,0.239803799,0.0,0.0577,0.0,0.178571429,0.0,0.0667,0.0,1450
k12,0.0,0.0,0.145736179,0.0,0.0,0.0,0.0,0.0,0.0,0.0,1175
k771,0.146341463,0.0,0.201463575,0.0,0.0,0.0,0.0,0.0,0.1,0.0,2307
k1261,0.0732,0.0,0.0885,0.0,0.0,0.0,0.0,0.0,0.0333,0.0,1468
k2934,0.0488,0.0,0.087,0.0,0.0,0.0,0.0,0.445891406,0.0667,0.0,3243
k739,0.0732,0.0714,0.121015465,0.0,0.0,0.0,0.0,0.0,0.0333,0.0,1290
k1967,0.0,0.0,0.0922,0.0,0.0,0.0,0.0357,0.0,0.133333333,0.0,2375
k955,0.0488,0.0,0.218242347,0.0,0.0,0.0,0.0,0.0,0.0667,0.0588,918
k1675,0.0244,0.0,0.0893,0.0,0.0,0.0,0.0,0.0,0.0333,0.0,1349
k3165,0.0244,0.0,0.158827998,0.0,0.0,0.0288,0.0357,0.0,0.133333333,0.0,397
k2070,0.365853659,0.0,0.471655425,0.0,0.0,0.0,0.0,0.0,0.266666667,0.0,2739
k3298,0.0244,0.0,0.096,0.0,0.0,0.0,0.0,0.0,0.0333,0.0,637
k2191,0.0732,0.0,0.0995,0.0,0.0,0.157894731,0.0,0.0,0.0,0.0,3095
k447,0.195121951,0.428571429,0.272731496,0.0,0.0,0.0,0.0357,0.0,0.133333333,0.0,1036
k761,0.0976,0.214285714,0.201762976,0.125,0.0,0.0,0.0714,0.0,0.133333333,0.0,1272
k1834,0.0244,0.0,0.0634,0.0,0.0,0.0,0.0,0.0,0.0333,0.0,1441
k2170,0.195121951,0.142857143,0.275408856,0.0,1.0,0.0,0.214285714,0.0,0.266666667,0.235294118,1254
k2502,0.0,0.0,0.0879,0.0,0.0,0.0236,0.0,0.0,0.0333,0.0,859
k1931,0.0732,0.0,0.120455225,0.0,0.0,0.0,0.0,0.0,0.0333,0.0,2544
k3325,0.12195122,0.0,0.363833831,0.0,0.0769,0.0,0.25,0.0,0.1,0.0,1772
k2640,0.0488,0.0,0.125149115,0.0,0.0192,0.0,0.0,0.0,0.133333333,0.0,2460
k1692,0.0244,0.0,0.0994,0.0,0.0,0.0,0.0,0.0,0.0333,0.0,1365
k305,0.0976,0.0,0.0873,0.0,0.0,0.0,0.0,0.0,0.1,0.0588,240
k1861,0.0488,0.0,0.125808275,0.0,0.0,0.0784,0.0,0.0,0.0667,0.0,36
k2377,0.0732,0.214285714,0.338536551,0.5,0.0962,0.0,0.0,0.0,0.4,0.0588,2991
k1313,0.0732,0.0,0.178363736,0.0,0.0,0.0,0.0,0.0,0.0333,0.0,84
k2273,0.146341463,0.0,0.201532218,0.0,0.0,0.0,0.0357,0.0,0.0667,0.0,871
k3221,0.146341463,0.0714,0.144732744,0.0,0.0,0.0,0.0357,0.0,0.166666667,0.0,2187
k959,0.0,0.0,0.0779,0.0,0.0,0.0,0.0357,0.405424313,0.0,0.0,2834
k336,0.0,0.0,0.131545504,0.0,0.0192,0.0,0.0357,0.0,0.0667,0.0,1297
k384,0.0732,0.0,0.0744,0.0,0.0,0.157894731,0.0,0.0,0.0,0.0,2630
k357,0.0488,0.0,0.0379,0.0,0.0,0.0784,0.0,0.0,0.0667,0.0,1287
k2475,0.12195122,0.0714,0.16520043,0.0625,0.0,0.0,0.142857143,0.0,0.2,0.0588,407
k2647,0.170731707,0.0,0.259348425,0.0,0.0962,0.0,0.107142857,0.0,0.1,0.0,1854
k2689,0.0488,0.0,0.093,0.0,0.0,0.0,0.0,0.0,0.0333,0.0,588
k2747,0.0976,0.0714,0.101641117,0.0,0.0,0.0,0.0714,0.0,0.1,0.0588,2430
k3265,0.0732,0.0714,0.150681444,0.0,0.0,0.0,0.0,0.0,0.0333,0.0,378
k815,0.0244,0.0,0.076,0.0,0.0,0.0784,0.0,0.402195555,0.0333,0.0,337
k87,0.146341463,0.571428571,0.501612021,0.625,0.230769231,0.0,0.0,0.0,0.6,0.0588,2766
k825,0.0244,0.0,0.122089997,0.0,0.0,0.0,0.0,0.0,0.0333,0.0,1163
k1287,0.0976,0.0,0.121346049,0.0,0.0,0.0,0.0,0.0,0.1,0.0,1306
k554,0.0,0.0,0.0795,0.0,0.0,0.0,0.0,0.0,0.0333,0.0,1066
k57,0.0,0.0,0.0587,0.0,0.0,0.0,0.0,0.0,0.0,0.0,2918
k468,0.0488,0.0714,0.0877,0.0,0.0,0.0,0.0,0.0,0.0667,0.0,791
k2742,0.0488,0.0,0.0363,0.0,0.0,0.0,0.0,0.0,0.0333,0.0,3291
k473,0.0732,0.0,0.0597,0.0,0.0,0.0,0.0,0.0,0.0667,0.0,889
k382,0.0488,0.0,0.0935,0.0,0.0192,0.0,0.0714,0.0,0.0333,0.0,480
k2925,0.0732,0.0,0.0955,0.0,0.0,0.0,0.0357,0.0,0.0667,0.0,2301
k74,0.0,0.0,0.0308,0.0,0.0,0.0,0.0,0.0,0.0333,0.0,2154
k2970,0.0488,0.0,0.201750946,0.0,0.0192,0.0112,0.0,0.0,0.1,0.0,958
k2558,0.0488,0.0,0.210269938,0.0,0.0,0.0,0.0357,0.0,0.0667,0.0,2056
k66,0.0,0.0,0.166256127,0.0,0.0,0.0,0.0,0.28337728,0.0,0.0,3143
k122,0.0244,0.0,0.0666,0.0,0.0,0.0,0.0,0.0,0.0333,0.0,1605
k1667,0.317073171,0.0,0.717880731,0.125,0.0,0.0,0.321428571,0.0,0.433333333,0.0,1015
k1444,0.146341463,0.142857143,0.177677805,0.0,0.0,0.0,0.0,0.0,0.1,0.0,1260
k1140,0.0,0.0,0.0801,0.0,0.0,0.0,0.0,0.0,0.0,0.0,2948
k3348,0.0,0.142857143,0.0733,0.0,0.0,0.0,0.0,0.0,0.0667,0.0,2485
k2411,0.341463415,0.214285714,0.217586648,0.0,0.0,0.0,0.0714,0.0,0.233333333,0.117647059,2982
k14,0.268292683,0.0714,0.223252031,0.0,0.0,0.0,0.107142857,0.0,0.2,0.0,2037
k1680,0.0,0.0,0.0559,0.0,0.0,0.0,0.0,0.0,0.0,0.0,765
k762,0.0,0.0,0.14739729,0.0,0.0,0.0,0.0714,0.0,0.0,0.0,1781
k541,0.0976,0.0,0.023,0.0,0.0,0.0,0.0,0.0,0.0667,0.0,1284
k540,0.0488,0.0714,0.158215459,0.0,0.0,0.0,0.0714,0.0,0.0667,0.117647059,1484
k1169,0.0488,0.0,0.0972,0.0,0.0192,0.0,0.0714,0.0,0.0333,0.0,2552
k474,0.0,0.0,0.0673,0.0,0.0,0.0,0.0,0.443200775,0.0667,0.0,752
k2968,0.0488,0.142857143,0.136794791,0.0,0.0,0.0,0.0357,0.0,0.1,0.0,1058
k3210,0.146341463,0.0714,0.101457375,0.0,0.0,0.0784,0.0,0.0,0.133333333,0.0588,3344
k2129,0.0,0.0,0.170894098,0.0,0.0,0.0,0.0,0.0,0.0,0.0,220
k2219,0.0732,0.0,0.0491,0.0,0.0,0.0,0.0,0.0,0.0667,0.0,2282
k1187,0.0488,0.142857143,0.138744439,0.0,0.0,0.0,0.0714,0.0,0.0667,0.0588,2250
k75,0.0,0.0,0.109317697,0.0,0.0,0.0,0.0357,0.0,0.0,0.0,1413
k251,0.0244,0.0,0.149813502,0.0,0.0,0.0,0.0357,0.0,0.0333,0.0,1625
k2393,0.0732,0.428571429,0.338536551,0.5,0.115384615,0.0,0.0,0.0,0.4,0.0588,551
k478,0.146341463,0.0,0.0699,0.0,0.0,0.0416,0.0,0.0,0.1,0.0,2353
k267,0.0244,0.0,0.107218785,0.0,0.0,0.0,0.0,0.0,0.0333,0.117647059,1437
k839,0.0732,0.0,0.0891,0.0,0.0,0.0,0.0,0.0,0.0333,0.0,528
k982,0.0,0.0,0.0902,0.0,0.0,0.0,0.0,0.0,0.0,0.0,1602
k257,0.0488,0.142857143,0.153393359,0.0,0.0,0.0,0.0357,0.0,0.1,0.0,2762
k31,0.292682927,0.0,0.28290567,0.0,0.0,0.0,0.142857143,0.0,0.2,0.0,26
k2296,0.268292683,0.0,0.141787752,0.0,0.0,0.0502,0.107142857,0.0,0.233333333,0.0588,1954
k2259,0.0488,0.0,0.159396183,0.0,0.0,0.0112,0.0,0.0,0.1,0.0,2960
k1717,0.146341463,0.0,0.117461706,0.0,0.0,0.0753,0.0,0.0,0.1,0.0,2925
k1993,0.487804878,0.285714286,0.405750527,0.0,0.0,0.0,0.0714,0.0,0.333333333,0.588235294,290
k850,0.12195122,0.0714,0.171815111,0.0,0.0192,0.0,0.0357,0.0,0.0667,0.0,488
k2221,0.0,0.0,0.0735,0.0,0.0,0.0,0.0357,0.0,0.0667,0.0,538
k3046,0.0,0.0,0.0325,0.0,0.0,0.0,0.0,0.0,0.0,0.0,2523
k2164,0.0,0.0,0.0963,0.0,0.0,0.0,0.0,0.0,0.0,0.0,1160
k1154,0.0732,0.0,0.148932947,0.0,0.0,0.0,0.0357,0.0,0.0333,0.0,683
k3066,0.0,0.142857143,0.089,0.0,0.0,0.0,0.0,0.0,0.0,0.0,546
k1318,0.0244,0.0,0.0885,0.0,0.0,0.0,0.0714,0.0,0.1,0.0,733
k1123,0.0976,0.0,0.0689,0.0,0.0,0.0,0.0,0.0,0.0333,0.0,948
k942,0.0244,0.0714,0.18640156,0.0,0.0,0.0,0.0357,0.414518646,0.0333,0.0,24
k2217,0.170731707,0.214285714,0.194170258,0.0,0.0,0.0,0.0,0.0,0.0667,0.176470588,1973
k1650,0.0732,0.0,0.106579086,0.0,0.0,0.0,0.0,0.0,0.1,0.0588,2327
k793,0.0244,0.0,0.0501,0.0,0.0,0.0,0.0,0.0,0.0333,0.0,2876
k502,0.585365854,0.0,0.443370732,0.0,0.0,0.0,0.0,0.0,0.333333333,0.0,404
k530,0.0732,0.0,0.0995,0.0,0.0,0.157894731,0.0,0.0,0.0,0.0,2052
k1521,0.0244,0.0,0.122724719,0.0,0.0,0.0,0.0357,0.0,0.0333,0.0,2976
k902,0.0976,0.0,0.0852,0.0,0.0,0.0,0.0,0.0,0.0667,0.0,138
k3352,0.0,0.0,0.136939501,0.0,0.0,0.0,0.0,0.0,0.1,0.0,2280
k2601,0.0,0.0,0.194320343,0.0,0.0,0.0,0.0,0.285045472,0.0,0.0,153
k2974,0.0488,0.0,0.103885514,0.0,0.0,0.0,0.0,0.0,0.0667,0.0,1735
k629,0.0,0.0,0.107805783,0.0,0.0,0.0,0.0,0.0,0.0,0.0,2070
k203,0.0732,0.0,0.0597,0.0,0.0,0.0,0.0,0.0,0.0667,0.0,950
k1753,0.0488,0.0,0.193144283,0.125,0.0,0.0,0.107142857,0.0,0.133333333,0.0,2355
k1750,0.0488,0.0,0.108286834,0.0,0.0,0.0,0.0357,0.0,0.0667,0.0,2453
k3408,0.0976,0.0,0.360674165,0.0,0.0,0.0639,0.0,0.0,0.0667,0.0,902
k2594,0.658536585,0.0,0.709404898,0.0,0.115384615,0.0,0.535714286,0.0,0.5,0.0,1969
k715,0.0,0.0,0.0735,0.0,0.0,0.0,0.0,0.0,0.0,0.0,1609
k2936,0.0,0.0,0.0349,0.0,0.0,0.0,0.0,0.0,0.0667,0.0,1908
k32,0.0244,0.142857143,0.171178155,0.0,0.0,0.0,0.0,0.0,0.1,0.0,285
k2856,0.0244,0.0,0.045,0.0,0.0,0.0,0.0357,0.0,0.0333,0.0,1007
k937,0.0488,0.0,0.102768669,0.0,0.0,0.0,0.0,0.0,0.1,0.0,1979
k361,0.12195122,0.0,0.150409929,0.0,0.0,0.0,0.0357,0.0,0.0667,0.0,2390
k449,0.146341463,0.0,0.0994,0.0,0.0,0.0,0.0,0.0,0.133333333,0.117647059,2022
k3367,0.0488,0.0,0.229904823,0.0,0.0,0.0,0.0714,0.0,0.0333,0.0,1582
k352,0.0,0.0,0.045,0.0,0.0,0.0,0.0,0.0,0.0,0.0,1423
k1572,0.0244,0.0714,0.145475359,0.0,0.0,0.0,0.0357,0.0,0.0333,0.0,1673
k1869,0.0,0.0,0.145736179,0.0,0.0,0.0,0.0,0.0,0.0,0.0,2846
k485,0.0488,0.0,0.163067948,0.0,0.0,0.156829922,0.0,0.0,0.0667,0.0,2501
k2887,0.0976,0.0,0.203892344,0.0,0.153846154,0.0,0.25,0.0,0.0667,0.0,440
k952,0.0,0.0,0.0618,0.0,0.0,0.0,0.0,0.0,0.0,0.0,569
k3067,0.0,0.0,0.0629,0.0,0.0,0.0,0.0,0.0,0.0667,0.0,2699
k2313,0.0976,0.0,0.0809,0.0,0.0,0.0,0.0,0.0,0.0667,0.0,2713
k1236,0.0732,0.0714,0.0846,0.0,0.0,0.0,0.0,0.0,0.0667,0.0,1369
k695,0.780487805,0.0,0.813318948,0.0,0.0577,0.0,1.0,0.0,0.733333333,0.0,970
k1334,0.0,0.0,0.0821,0.0,0.0,0.0,0.0,0.0,0.0333,0.0,1800
k2978,0.0,0.0,0.205556925,0.0,0.0,0.0,0.0,0.0,0.0,0.0,481
k2399,0.0244,0.0714,0.101457375,0.0,0.0,0.0,0.0,0.0,0.0333,0.0,3335
k950,0.0732,0.0,0.0955,0.0,0.0,0.0,0.0,0.0,0.0667,0.0,23
k1932,0.292682927,0.0,0.411392673,0.0,0.0577,0.157894731,0.0,0.0,0.1,0.0,967
k829,0.0,0.0,0.131831865,0.0,0.0,0.0,0.0,0.0,0.0,0.0,560
k2691,0.0244,0.0,0.0239,0.0,0.0,0.0,0.0,0.0,0.0333,0.0,3418
k555,0.0488,0.142857143,0.216493765,0.0,0.0,0.0873,0.0714,0.0,0.133333333,0.0588,548
k1877,0.341463415,0.0,0.57119979,0.375,0.0769,0.0874,0.285714286,0.0,0.7,0.0,2082
k1613,0.0976,0.0714,0.205487685,0.0,0.0,0.0,0.0,0.430931497,0.1,0.0,2578
k3390,0.0488,0.0714,0.201651529,0.0,0.0,0.116514247,0.0714,0.0,0.133333333,0.0,621
k3081,0.0,0.0,0.0834,0.0,0.0,0.0,0.0714,0.0,0.0,0.0,2789
k3322,0.0732,0.0714,0.0804,0.0,0.0,0.0,0.0,0.0,0.0667,0.0,1792
k2413,0.146341463,0.0,0.275334212,0.0,0.0,0.0,0.0,0.0,0.0667,0.0,1885
k2528,0.0732,0.0,0.111289683,0.0,0.0,0.0,0.107142857,0.0,0.166666667,0.0,65
k141,0.0976,0.0,0.19808221,0.0,0.0,0.0,0.0357,0.0,0.0667,0.0,347
k1003,0.0976,0.0,0.149389088,0.0,0.0,0.0,0.0357,0.0,0.0667,0.117647059,670
k1180,0.0244,0.357142857,0.173868953,0.125,0.0,0.0219,0.0,0.0,0.133333333,0.0,788
k2416,0.0976,0.857142857,0.559152376,0.375,0.153846154,0.0,0.0,0.0,0.533333333,0.0,2427
k2229,0.0244,0.0,0.174088704,0.0,0.0,0.0,0.0,0.0,0.0333,0.0,1442
k2499,0.0,0.0,0.065,0.0,0.0,0.0,0.0,0.0,0.0333,0.0,2437
k1059,0.0,0.0,0.0767,0.0,0.0,0.0,0.0,0.0,0.0,0.0,1172
k933,0.0244,0.0,0.0753,0.0,0.0,0.116514247,0.0,0.0,0.0333,0.0,1975
k428,0.0732,0.0,0.252312672,0.0,0.0,0.0,0.0,0.0,0.1,0.0,2297
k3053,0.195121951,0.0714,0.237527063,0.0,0.0,0.0,0.0,0.0,0.2,0.176470588,249
k1693,0.0732,0.0,0.206345202,0.125,0.0,0.0,0.142857143,0.0,0.166666667,0.0,1271
k1770,0.0,0.142857143,0.0799,0.0,0.0,0.0,0.0,0.0,0.0667,0.0,536
k1726,0.0244,0.0,0.0537,0.0,0.0,0.0,0.0,0.0,0.133333333,0.0,1387
k701,0.0732,0.0,0.154618523,0.1875,0.0,0.0,0.0,0.0,0.233333333,0.0,2229
k571,0.0732,0.0714,0.0856,0.0,0.0,0.0,0.0357,0.0,0.0667,0.0,1354
k292,0.0,0.0,0.108381252,0.0,0.0,0.0,0.0,0.0,0.0,0.0,2852
k2165,0.0488,0.0,0.106579086,0.0,0.0,0.0,0.0,0.0,0.0667,0.0588,713
k2450,0.0976,0.0714,0.173618371,0.0,0.0,0.0,0.0,0.0,0.0667,0.0,2064
k807,0.0,0.0,0.107185355,0.0,0.0,0.04,0.0,0.0,0.0667,0.0,3020
k3350,0.0488,0.0,0.0809,0.0,0.0,0.0,0.0,0.0,0.133333333,0.0,1983
k3164,0.0,0.0,0.196464144,0.0,0.0,0.116514247,0.0,0.0,0.0,0.0,611
k1199,0.0732,0.0714,0.236232559,0.0625,0.0,0.0,0.0357,0.0,0.133333333,0.0,2737
k1118,0.170731707,0.0714,0.188572779,0.0,0.0,0.0,0.0,0.0,0.1,0.0,1818
k826,0.146341463,0.0,0.209298556,0.0,0.0,0.263157895,0.0357,0.0,0.1,0.0,1666
k944,0.0488,0.0714,0.293011798,0.0,0.0,0.0,0.0,0.0,0.0333,0.0,2530
k197,0.12195122,0.0,0.150129015,0.0,0.0,0.0,0.0,0.0,0.0333,0.0,1687
k2021,0.0488,0.0,0.052,0.0,0.0,0.0,0.0,0.0,0.0667,0.0,1618
k2234,0.243902439,0.142857143,0.148383576,0.0,0.0,0.0,0.0,0.0,0.2,0.117647059,3307
k1343,0.0244,0.0,0.154740052,0.0,0.0,0.0784,0.0,0.0,0.0333,0.0,549
k1309,0.0488,0.0,0.10369059,0.0,0.0,0.0,0.0,0.0,0.0333,0.0,3232
k2586,0.12195122,0.714285714,0.470620604,0.5625,0.173076923,0.0,0.0,0.0,0.566666667,0.0588,1383
k160,0.0732,0.0714,0.149389088,0.0,0.0,0.0,0.0,0.0,0.0667,0.0,764
k34,0.0488,0.0,0.162372901,0.0,0.153846154,0.0,0.0714,0.0,0.0333,0.0,601
k876,0.0488,0.0,0.185865286,0.0,0.0385,0.0,0.0,0.0,0.0667,0.0588,2086
k3420,0.292682927,0.142857143,0.173199005,0.0,0.0,0.0,0.0714,0.0,0.166666667,0.0,1185
k2045,0.0488,0.0,0.128031386,0.0,0.0,0.0,0.0,0.0,0.0667,0.0,2069
k116,0.0,0.0,0.135013161,0.0,0.0,0.0,0.0714,0.0,0.0667,0.0,817
k2835,0.292682927,0.214285714,0.244525273,0.0,0.0,0.0,0.142857143,0.0,0.133333333,0.117647059,981
k1152,0.0732,0.0,0.0955,0.0,0.0,0.0,0.0,0.0,0.0667,0.0,25
k2930,0.0732,0.0,0.286617551,0.1875,0.0,0.0,0.107142857,0.0,0.166666667,0.0,3369
k225,0.0,0.0,0.18699638,0.0,0.0,0.0,0.0,0.0,0.0,0.0,175
k2493,0.0732,0.0,0.173022328,0.0,0.0,0.0,0.0,0.0,0.0333,0.0,1473
k2408,0.0,0.0,0.0471,0.0,0.0,0.0,0.0,0.0,0.0,0.0,1240
k2732,0.0244,0.0,0.195201623,0.0,0.0,0.0,0.0,0.0,0.1,0.0,1988
k3308,0.0,0.142857143,0.13610903,0.0,0.0,0.0,0.0,0.0,0.0,0.117647059,810
k620,0.170731707,0.0,0.111289683,0.0,0.0,0.0,0.0714,0.0,0.2,0.0,882
k969,0.0,0.0,0.329914629,0.0,0.0,0.0,0.0714,0.35801539,0.0,0.0,1226
k2278,0.12195122,0.0714,0.159274611,0.0,0.0,0.0,0.0,0.0,0.0667,0.0,250
k2398,0.243902439,0.0,0.624154833,1.0,0.0,0.0,0.357142857,0.0,0.466666667,0.0,1136
k2965,0.292682927,0.0,0.730406725,0.125,0.0,0.0,0.285714286,0.0,0.433333333,0.0,2820
k1884,0.0488,0.0,0.0239,0.0,0.0,0.0,0.0,0.0,0.0333,0.0,2339
k3156,0.0732,0.0,0.215684199,0.0,0.0,0.0,0.0,0.0,0.0333,0.0,3014
k2853,0.0,0.0,0.264979166,0.0,0.0,0.0,0.0,0.0,0.0,0.0,2531
k378,0.0,0.0,0.0492,0.0,0.0,0.0,0.0,0.0,0.0667,0.0,1821
k130,0.0732,0.0714,0.202934173,0.0,0.0385,0.0112,0.0,0.0,0.133333333,0.0,651
k3383,0.536585366,0.0,0.713303283,0.375,0.173076923,0.0,0.714285714,0.0,0.6,0.0,2050
k562,0.0244,0.0,0.133049662,0.0,0.0,0.0,0.0,0.0,0.0333,0.0,1985
k454,0.0244,0.0,0.164767498,0.0,0.0385,0.0,0.0,0.0,0.1,0.0,523
k2730,0.0976,0.214285714,0.158289719,0.0,0.0,0.0,0.0,0.0,0.0667,0.0,54
k947,0.0244,0.0,0.0759,0.0,0.0,0.0,0.0,0.0,0.0667,0.0,634
k1953,0.0732,0.0,0.323134549,0.0,0.134615385,0.285198928,0.0357,0.0,0.133333333,0.0,1692
k885,0.146341463,0.0714,0.190678555,0.0,0.0,0.0,0.0,0.0,0.0667,0.0,3073
k848,0.195121951,0.0,0.140052964,0.0,0.0,0.0251,0.142857143,0.0,0.2,0.0,1086
k2183,0.0244,0.0,0.126556156,0.0,0.0,0.0,0.0,0.0,0.0333,0.0,425
k1004,0.12195122,0.142857143,0.149508683,0.0,0.0,0.0,0.0,0.0,0.0667,0.0,983
k2351,0.0244,0.0,0.126556156,0.0,0.0,0.0,0.0,0.0,0.0333,0.0,876
k2571,0.0244,0.0,0.0909,0.0,0.0,0.0784,0.0,0.0,0.0333,0.0,1562
k1670,0.219512195,0.0714,0.257152704,0.1875,0.0,0.0251,0.0357,0.0,0.3,0.0,3153
k2608,0.0976,0.0,0.121346049,0.0,0.0,0.0,0.0,0.0,0.0667,0.0,66
k2515,0.219512195,0.142857143,0.149127713,0.0,0.0,0.0,0.0714,0.0,0.166666667,0.0588,666
k2808,0.219512195,0.142857143,0.150310413,0.0,0.0,0.0,0.0357,0.0,0.1,0.0,3056
k1948,0.0976,0.0714,0.233211743,0.0,0.0,0.0,0.0,0.385513642,0.1,0.0588,3204
k389,0.146341463,0.0714,0.25145221,0.0,0.0,0.0784,0.107142857,0.0,0.0667,0.0,2398
k35,0.0,0.0,0.0593,0.0,0.0,0.0,0.0357,0.0,0.0,0.0,346
k247,0.0732,0.0,0.119596856,0.0,0.0,0.0,0.0,0.387881397,0.0333,0.0,3019
k968,0.0976,0.0714,0.240486588,0.25,0.115384615,0.0,0.0,0.0,0.3,0.117647059,2415
k424,0.0,0.0,0.0613,0.0,0.0,0.0,0.0,0.0,0.0,0.0,1728
k3423,0.0976,0.0,0.126939224,0.0,0.0,0.0,0.0,0.0,0.0,0.0,897
k986,0.0488,0.0,0.102867182,0.0,0.0,0.0,0.0,0.0,0.0333,0.0,3284
k2634,0.0976,0.0,0.0767,0.0,0.0,0.0,0.0,0.0,0.0667,0.0,1556
k479,0.195121951,0.0,0.310939255,0.0625,0.0,0.0,0.0,0.0,0.2,0.0588,761
k809,0.0488,0.0,0.159046,0.0,0.0,0.0,0.0,0.0,0.0667,0.0,789
k338,0.12195122,0.0,0.152437165,0.0,0.0385,0.0,0.178571429,0.0,0.1,0.0,2285
k2378,0.0244,0.0,0.16329582,0.0,0.0,0.0873,0.0357,0.0,0.1,0.0,1438
k1375,0.146341463,0.0,0.14739729,0.0,0.0192,0.0,0.0357,0.0,0.133333333,0.0,3236
k3000,0.0976,0.0714,0.184327311,0.0,0.0,0.0,0.0714,0.0,0.133333333,0.0,1881
k3247,0.146341463,0.0714,0.208516436,0.0,0.0192,0.0784,0.0714,0.0,0.0667,0.0,1146
k773,0.0976,0.142857143,0.180114196,0.0,0.0,0.0,0.142857143,0.0,0.133333333,0.176470588,1879
k1107,0.0244,0.0,0.213016836,0.0,0.0577,0.0,0.107142857,0.0,0.1,0.0,1880
k2026,0.0,0.0,0.150681444,0.0,0.0,0.0,0.0714,0.0,0.0,0.0,1264
k2538,0.0488,0.0714,0.103889543,0.0,0.0,0.0,0.0357,0.0,0.1,0.0,2164
k238,0.0488,0.0,0.140892251,0.0,0.0,0.0,0.0,0.0,0.0667,0.0,179
k1150,0.12195122,0.142857143,0.137224923,0.0,0.0,0.0,0.0714,0.0,0.1,0.0,0
k2388,0.0976,0.0,0.0797,0.0,0.0,0.0,0.0,0.0,0.133333333,0.0,1062
k290,0.0732,0.0,0.181545388,0.1875,0.0385,0.0,0.0,0.0,0.2,0.0588,368
k187,0.0732,0.142857143,0.191296441,0.125,0.0,0.0,0.0,0.0,0.133333333,0.0,3229
k2570,0.0,0.0,0.0476,0.0,0.0,0.0,0.0,0.0,0.133333333,0.0,1191
k2031,0.243902439,0.0,0.201823343,0.0,0.0,0.0,0.0,0.0,0.166666667,0.0588,1577
k392,0.0732,0.0,0.16403943,0.0,0.0577,0.0,0.178571429,0.0,0.1,0.0,2241
k1950,0.0488,0.0714,0.0964,0.0,0.0,0.0,0.0,0.0,0.0667,0.0,1446
k404,0.0732,0.0,0.0795,0.0,0.0,0.157894731,0.0,0.0,0.0,0.0,46
k1184,0.0,0.0,0.0559,0.0,0.0,0.0,0.0,0.0,0.0,0.0,2233
k633,0.0244,0.0,0.0953,0.0,0.0,0.0,0.0,0.0,0.0333,0.0,1690
k2052,0.0,0.0,0.0903,0.0,0.0385,0.0,0.0,0.0,0.0,0.0,2289
k2690,0.0488,0.142857143,0.109100165,0.0,0.0,0.0,0.0,0.0,0.1,0.0,3271
k2428,0.268292683,0.0714,0.141787752,0.0,0.0,0.0,0.142857143,0.0,0.233333333,0.0588,1214
k2833,0.0488,0.0,0.130360457,0.0,0.0,0.0,0.0714,0.0,0.0667,0.0,1555
k2290,0.0,0.142857143,0.142062452,0.0,0.0,0.0,0.0,0.0,0.0,0.117647059,1440
k325,0.0244,0.0,0.0593,0.0,0.0,0.0,0.0,0.0,0.0333,0.0,1241
k2698,0.0,0.0,0.22023686,0.0,0.0,0.0,0.0,0.374428241,0.0,0.0,1065
k1414,0.0,0.0,0.0817,0.0,0.0,0.0,0.0,0.0,0.0667,0.0,973
k3332,0.0,0.0,0.11899159,0.0,0.0,0.0,0.0,0.0,0.0333,0.0,2045
k1727,0.243902439,0.0,0.193294737,0.0,0.0,0.0,0.0,0.0,0.233333333,0.0,675
k2082,0.170731707,0.0,0.309159288,0.1875,0.0385,0.0451,0.0714,0.0,0.333333333,0.0,1114
k455,0.0976,0.0714,0.198172283,0.0,0.0,0.0,0.0357,0.0,0.133333333,0.0,2572
k2420,0.0244,0.0714,0.134978633,0.0,0.0,0.0416,0.0,0.0,0.0667,0.0,1749
k879,0.0244,0.0,0.285671311,0.0,0.0,0.0,0.0,0.0,0.0333,0.0,552
k369,0.0244,0.0714,0.10505449,0.0,0.0,0.0,0.0357,0.0,0.1,0.0,2560
k1359,0.0976,0.0,0.173581312,0.0,0.0,0.0,0.142857143,0.0,0.2,0.0,3144
k1393,0.195121951,0.0,0.281834231,0.0,0.0,0.0,0.0357,0.0,0.1,0.0,111
k531,0.219512195,0.0,0.126429312,0.0,0.0,0.0,0.0,0.0,0.1,0.0,1747
k2193,0.195121951,0.0714,0.188263253,0.0,0.0,0.0,0.142857143,0.0,0.133333333,0.0,2021
k1539,0.0488,0.0714,0.215457551,0.0,0.0,0.0873,0.0714,0.0,0.133333333,0.0,925
k2664,0.0976,0.142857143,0.15814009,0.0,0.0385,0.0,0.0,0.0,0.133333333,0.0,2899
k2148,0.0244,0.0,0.0988,0.0,0.0,0.0,0.0714,0.0,0.0333,0.0,851
k989,0.0732,0.0714,0.148685778,0.0,0.0,0.0,0.0714,0.0,0.0667,0.0,2968
k2618,0.0976,0.0,0.102768669,0.0,0.0,0.0,0.0357,0.0,0.0667,0.0,1221
k2907,0.0244,0.0,0.114386816,0.0,0.0,0.0,0.0,0.428671366,0.0333,0.0,2990
k293,0.0732,0.0,0.190706242,0.0,0.0,0.0,0.0,0.0,0.0333,0.0,2602
k2087,0.146341463,0.0,0.14729722,0.0,0.0,0.0,0.0714,0.0,0.0667,0.0,496
k1206,0.0488,0.0714,0.153979377,0.0,0.0192,0.0481,0.0,0.0,0.1,0.0,3036
k3131,0.0244,0.0714,0.0689,0.0,0.0,0.0,0.0,0.0,0.0333,0.0,377
k781,0.0,0.0,0.0593,0.0,0.0,0.0,0.0357,0.0,0.0333,0.0,1640
k1006,0.170731707,0.0,0.40891975,0.0,0.0962,0.0,0.142857143,0.0,0.166666667,0.0,1316
k2767,0.0976,0.0,0.0691,0.0,0.0,0.0416,0.0,0.0,0.1,0.0,433
k496,0.0732,0.0714,0.137255753,0.0,0.0,0.0,0.0,0.0,0.0333,0.0,1741
k2909,0.243902439,0.0714,0.241282772,0.0,0.0,0.0,0.0357,0.0,0.233333333,0.0588,2144
k3083,0.12195122,0.0714,0.207973379,0.0,0.0,0.0,0.0714,0.0,0.133333333,0.0,3339
k2795,0.12195122,0.0714,0.159274611,0.0,0.0,0.0,0.0,0.0,0.0667,0.0,1382
k2798,0.0244,0.0,0.124484382,0.0,0.0,0.0,0.0,0.0,0.0333,0.0,1255
k1168,0.0732,0.0,0.0536,0.0,0.0,0.0,0.0,0.0,0.0667,0.0,1101
k3286,0.0976,0.0,0.0877,0.0,0.0,0.0,0.0,0.0,0.1,0.0,818
k1353,0.0976,0.0,0.0832,0.0,0.0,0.0,0.0,0.0,0.133333333,0.0,3352
k596,0.0,0.0,0.0371,0.0,0.0,0.0873,0.0357,0.0,0.0,0.0,2914
k624,0.0,0.0,0.112289164,0.0,0.0,0.0,0.0,0.0,0.0,0.0,1203
k1793,0.0732,0.0,0.116139833,0.0,0.0,0.0,0.0,0.0,0.0667,0.0,2626
k2875,0.12195122,0.142857143,0.153975466,0.0,0.0,0.0,0.0,0.0,0.233333333,0.0588,1460
k3388,0.268292683,0.0,0.309400341,0.0,0.0,0.0,0.0714,0.0,0.2,0.0,477
k2851,0.0244,0.0,0.160778883,0.0,0.0,0.0,0.0,0.0,0.0333,0.0,2368
k1818,0.0244,0.0,0.146272738,0.0,0.0192,0.0,0.0,0.0,0.2,0.0,610
k345,0.12195122,0.0,0.177461125,0.0,0.153846154,0.0,0.0714,0.0,0.1,0.0,3375
k1399,0.0,0.0,0.351672894,0.0,0.0385,0.0,0.25,0.515040629,0.0,0.0,2151
k1786,0.0244,0.0,0.0942,0.0,0.0,0.0,0.0,0.0,0.0333,0.0,1300
k587,0.0976,0.0,0.19808221,0.0,0.0,0.0,0.0357,0.0,0.0667,0.0,2374
k1224,0.0244,0.0,0.0968,0.0,0.0,0.0,0.0714,0.0,0.0333,0.0,231
k1047,0.243902439,0.0,0.278650589,0.0,0.0192,0.0,0.142857143,0.0,0.166666667,0.0,3320
k661,0.0488,0.428571429,0.253356394,0.25,0.0385,0.0,0.0,0.0,0.2,0.0,1525
k577,0.146341463,0.0,0.118833785,0.0,0.0,0.0,0.0,0.0,0.0667,0.0,1140
k3212,0.0,0.0,0.0391,0.0,0.0,0.0,0.0,0.0,0.0,0.0,91
k2292,0.0,0.0,0.0865,0.0,0.0,0.0,0.0,0.0,0.0,0.0,744
k1695,0.243902439,0.0,0.249003077,0.0,0.0,0.0,0.0,0.0,0.166666667,0.0588,478
k1503,0.0244,0.0714,0.159055926,0.0,0.0,0.0,0.0,0.0,0.0333,0.0,2259
k3246,0.0488,0.0714,0.124378246,0.0,0.0,0.0,0.0,0.0,0.133333333,0.0,421
k2811,0.0732,0.0714,0.203463962,0.0,0.0385,0.0,0.0,0.0,0.133333333,0.0,2622
k3197,0.0976,0.0,0.172467212,0.0,0.0,0.0,0.0,0.0,0.0667,0.0,1452
k23,0.195121951,0.0,0.218401447,0.0,0.0,0.0,0.0357,0.0,0.2,0.0,2365
k1855,0.0488,0.0,0.0669,0.0,0.0,0.0416,0.0,0.0,0.133333333,0.0,1125
k1912,0.0732,0.0,0.106210882,0.0,0.0,0.0,0.0357,0.0,0.0333,0.0,286
k1526,0.219512195,0.0,0.338636792,0.0,0.0,0.0,0.0714,0.0,0.2,0.0,2040
k3316,0.0,0.0,0.161526674,0.0,0.0,0.0,0.0,0.0,0.133333333,0.0,801
