Key_2_5,D704,D250,D867,D755,D663,D191,D522,D528,D185,D563,Key_3_18
k3251,0.0,0.0,0.0,0.0,0.0,0.0,0.0,0.0,0.0,0.0,1772
k614,0.0,0.0,0.0,0.0,0.0,0.0,0.0,0.0,0.0,0.0,822
k2045,0.0,0.0,0.0,0.0,0.0,0.0,0.0,0.0,0.0,0.0,198
k1560,0.0,0.0,0.0,0.0,0.0,0.0,0.0,0.0,0.0,0.0,288
k2831,0.0,0.0,0.0,0.0,0.0,0.0,0.0,0.0,0.17532136,0.0,937
k66,0.0,0.0,0.0,0.0,0.0,0.0,0.0,0.0,0.0,0.0,2960
k1049,0.0,0.0,0.0,0.0,0.0,0.143716662,0.0,0.0,0.0,0.0,547
k766,0.0,0.0,0.0,0.0,0.0,0.0,0.0,0.0,0.0,0.0,2353
k932,0.0,0.0,0.0,0.0,0.0769,0.0,0.0,0.0,0.0,0.0,1399
k530,0.0,0.0,0.0,0.0,0.0,0.0,0.0,0.0,0.0,0.0,1319
k2952,0.0,0.0,0.0,0.0,0.0,0.0,0.0,0.0,0.0,0.0,2752
k1948,0.0,0.0,0.0,0.0,0.0,0.0,0.0,0.0,0.0,0.0,1801
k306,0.0,0.0,0.0,0.0,0.0,0.0,0.0,0.0,0.0,0.0556,754
k403,0.0,0.0,0.0,0.0,0.0,0.0,0.0,0.0,0.161918074,0.0,164
k317,0.0,0.0,0.0,0.0,0.0,0.0,0.0,0.0,0.0,0.0,385
k2999,0.0,0.0,0.0,0.0,0.192307692,0.0737,0.0,0.0,0.473289166,0.0,1586
k2874,0.0,0.0,0.0,0.0,0.0,0.0,0.0,0.0,0.0,0.0,1775
k2640,0.0,0.0,0.0,0.0,0.0,0.0,0.0,0.0,0.145572448,0.0,3260
k2661,0.0,0.0,0.0,0.0,0.0385,0.0,0.0,0.0,0.0,0.0,2009
k1321,0.0,0.0,0.0,0.0,0.0385,0.0,0.0,0.0,0.0,0.0,1602
k1106,0.0,0.0,0.0,0.0,0.0,0.0,0.0,0.0,0.0,0.0,2368
k489,0.0,0.0,0.0,0.0,0.0,0.0,0.0,0.0,0.0,0.0,2313
k3400,0.0,0.0,0.0,0.0,0.0,0.0,0.0,0.0,0.161279822,0.0,1250
k534,0.087,0.0,0.0,0.0,0.0,0.0,0.0,0.0,0.392046107,0.0,583
k461,0.0,0.0,0.0,0.0,0.0,0.0,0.0,0.0,0.0,0.0,1459
k31,0.0,0.0,0.0,0.0,0.307692308,0.306369531,0.0,0.0,0.0,0.0,1714
k1135,0.0,0.0,0.0,0.0,0.0,0.0,0.0,0.0,0.0,0.0,213
k496,0.0,0.0,0.0,0.0,0.0,0.0,0.0,0.0,0.189605433,0.0,1883
k2835,0.0,0.0,0.0,0.0,0.0,0.0,0.0,0.0,0.0,0.0,1950
k597,0.0,0.0,0.0,0.0,0.0,0.0,0.0,0.0,0.0,0.0,2317
k2970,0.0,0.0,0.0,0.0,0.0,0.0,0.0,0.0,0.0,0.0,2074
k462,0.0,0.0,0.0,0.0,0.0,0.0,0.0,0.0,0.0,0.0,993
k134,0.0,0.0,0.0,0.0,0.0,0.0,0.0,0.0,0.0,0.0,3217
k925,0.0,0.0,0.0,0.0,0.0,0.0,0.0,0.0,0.0,0.0,3407
k1412,0.0,0.0,0.0,0.0,0.0,0.0,0.0,0.0,0.0,0.0,2295
k3364,0.0,0.0,0.0,0.0,0.0,0.0,0.0,0.0,0.0,0.0,2031
k911,0.0,0.0,0.0,0.0,0.0385,0.0,0.0,0.0,0.183784577,0.0,1917
k1006,0.0,0.0,0.0,0.0,0.0,0.0,0.0,0.0,0.0,0.0,853
k2437,0.0,0.0,0.0,0.0,0.0,0.0,0.0,0.0,0.0,0.0,1247
k1403,0.0,0.0,0.0,0.0,0.0,0.0,0.0,0.0,0.413931758,0.0,1518
k2244,0.695652174,0.0,0.0,0.615384615,0.0,0.0,0.0,0.0,0.110111183,0.0,1903
k646,0.0,0.0,0.0,0.0,0.0,0.0,0.0,0.0,0.0,0.0,2372
k2522,0.0,0.0,0.0,0.0,0.0,0.0,0.0,0.0,0.0,0.0,2261
k2902,0.0,0.0,0.0,0.0,0.0,0.0,0.0,0.0,0.0,0.0,2770
k1281,0.0,0.0,0.0,0.0,0.0,0.0,0.0,0.0,0.279975491,0.0,1142
k2197,0.0,0.0,0.0,0.0,0.0,0.0,0.0,0.0,0.169002668,0.0,131
k2565,0.0,0.0,0.0,0.0,0.0,0.0,0.0,0.0,0.0,0.0,426
k3183,0.0,0.0,0.0,0.0,0.0385,0.0,0.0,0.0,0.0,0.0,317
k2111,0.0,0.0,0.0,0.0,0.0,0.139880167,0.0,0.0,0.0,0.0,2890
k2006,0.0,0.0,0.0,0.0,0.0,0.0,0.0,0.0,0.0,0.0,811
k2330,0.0,0.0,0.0,0.0,0.0,0.20031277,0.0,0.0,0.0,0.0,1277
k3106,0.0,0.0,0.0,0.0,0.538461538,0.0,0.0,0.0,0.0,0.0,2735
k2430,0.0,0.0,0.0,0.0,0.0,0.0,0.0,0.0,0.0,0.0,2291
k739,0.0,0.0,0.0,0.0,0.0,0.0,0.0,0.0,0.0,0.0,2880
k90,0.0,0.0,0.0,0.0,0.0,0.0,0.0,0.0,0.0,0.0,2972
k2570,0.0,0.0,0.0,0.0,0.0,0.0,0.0,0.0,0.0,0.0,809
k1592,0.0,0.0,0.0,0.0,0.0,0.0,0.0,0.0,0.0,0.0,3149
k803,0.0,0.0,0.0,0.0,0.0,0.0,0.0,0.0,0.0,0.0,858
k3058,0.0,0.0,0.0,0.0,0.0,0.0,0.0,0.0,0.0,0.0,253
k1468,0.0,0.0,0.0,0.0,0.0769,0.0,0.0,0.0,0.0,0.0,462
k871,0.0,0.0,0.0,0.0,0.0,0.068,0.0,0.0,0.0,0.0,1682
k1727,0.0,0.0,0.0,0.0,0.0,0.0,0.0,0.0,0.0,0.0,2100
k2726,0.0435,0.0,0.0,0.0,0.153846154,0.0776,0.0,0.0,0.0,0.0,1352
k16,0.0,0.0,0.0,0.0,0.0,0.0,0.0,0.0,0.0,0.0,1102
k451,0.0,0.0,0.0,0.0,0.0,0.0,0.0,0.0,0.0,0.0,34
k2038,0.0,0.0,0.0,0.0,0.153846154,0.0,0.0,0.0,0.0,0.0,2640
k2004,0.0,0.0,0.0,0.0,0.0,0.0,0.0,0.0,0.0,0.0,1141
k2275,0.0,0.0,0.0,0.0,0.0,0.0,0.0,0.0,0.0,0.0,1211
k1449,0.0,0.0,0.0,0.0,0.115384615,0.0731,0.0,0.0,0.171836505,0.0,1441
k393,0.0,0.0,0.0,0.0,0.0,0.0,0.0,0.0,0.0,0.0,64
k2482,0.0435,0.0,0.0,0.0,0.0,0.0,0.0,0.0,0.450267427,0.0,404
k2000,0.0,0.0,0.0,0.0,0.0,0.134996106,0.0,0.0,0.0,0.0,2757
k2854,0.0,0.0,0.0,0.0,0.0,0.0,0.0,0.0,0.0,0.0,6
k881,0.0,0.0,0.0,0.0,0.0,0.0,0.0,0.0,0.0,0.0,1507
k3301,0.0,0.0,0.3,0.0,0.0,0.0,0.0,0.0,0.0,0.0,998
k1756,0.0,0.0,0.0,0.0,0.0,0.0,0.0,0.0,0.0,0.0,424
k1447,0.0,0.0,0.0,0.0,0.0,0.0,0.0,0.0,0.0,0.0,2685
k2849,0.0,0.0,0.0,0.0,0.0,0.0,0.0,0.0,0.0,0.0,2567
k3013,0.173913043,0.0,0.0,0.153846154,0.0,0.0,0.0,0.0,0.381259654,0.0,429
k3157,0.0,0.0,0.0,0.0,0.0,0.0727,0.0,0.0,0.0,0.0,2331
k2171,0.0,0.0,0.0,0.0,0.0,0.0,0.0,0.0,0.0,0.0,1623
k2980,0.0,0.0,0.0,0.0,0.153846154,0.0,0.0,0.0,0.0,0.0,514
k3007,0.0,0.0,0.0,0.0,0.0,0.0,0.0,0.0,0.0,0.0,83
k2866,0.0,0.0,0.0,0.0,0.0769,0.0,0.0,0.0,0.0,0.0,2936
k1967,0.0,0.0,0.0,0.0,0.0,0.0,0.0,0.0,0.0,0.0,820
k120,0.0,0.0,0.0,0.0,0.0,0.0,0.0,0.0,0.0,0.0,2590
k2354,0.0,0.0,0.0,0.0,0.0,0.0,0.0,0.0,0.0,0.0,1890
k2903,0.087,0.0,0.0,0.0,0.0,0.0,0.0714,0.0,0.0,0.0,2648
k452,0.0,0.0,0.0,0.0,0.0,0.0,0.0,0.0,0.0,0.0,3409
k2335,0.0,0.0,0.0,0.0,0.0,0.0,0.0,0.0,0.0,0.0,1596
k972,0.0,0.0,0.0,0.0,0.0,0.0,0.0,0.0,0.0,0.0,290
k1755,0.0,0.0,0.0,0.0,0.0,0.0,0.0,0.0,0.0,0.0,57
k1331,0.0,0.0,0.0,0.0,0.0385,0.0,0.0,0.0,0.0,0.0,558
k2600,0.0,0.0,0.0,0.0,0.0,0.0,0.0,0.0,0.0,0.0,1478
k770,0.0,0.0,0.0,0.0,0.0,0.0,0.0,0.0,0.239778399,0.0,3337
k2731,0.0,0.0,0.0,0.0,0.0,0.267405797,0.0,0.0,0.0,0.0,1766
k3412,0.0,0.0,0.0,0.0,0.0,0.0,0.0,0.0,0.0,0.0,1637
k1325,0.0,0.0,0.0,0.0,0.0,0.0,0.0,0.0,0.397113826,0.0,3167
k551,0.0,0.0,0.0,0.0,0.0,0.0,0.0,0.0,0.0,0.0,3047
k2075,0.0,0.0,0.0,0.0,0.0,0.0,0.0,0.0,0.0,0.0,1648
k387,0.0,0.0,0.0,0.0,0.0,0.0,0.0,0.0,0.0,0.0,140
k798,0.0,0.0,0.0,0.0,0.0,0.0,0.0,0.0,0.0,0.0,646
k2776,0.0,0.0,0.0,0.0,0.0385,0.0722,0.0,0.0,0.162913747,0.0,2392
k985,0.0435,0.0,0.0,0.0769,0.0385,0.0,0.0,0.0,0.181729407,0.0,2882
k2456,0.0,0.0,0.0,0.0,0.0,0.0,0.0,0.0,0.0,0.0,3206
k1533,0.0,0.0,0.0,0.0,0.0,0.0,0.0,0.0,0.0,0.0,2000
k2588,0.0435,0.0,0.0,0.0,0.0,0.0,0.0,0.0,0.0,0.0,3412
k2034,0.0,0.0,0.1,0.0769,0.0,0.0,0.0,0.0,0.378144985,0.0,1589
k98,0.0,0.0,0.0,0.0,0.0,0.0,0.0,0.0,0.183427156,0.0,1113
k1828,0.0,0.0,0.0,0.0,0.153846154,0.0,0.0,0.0,0.0,0.0,3227
k1965,0.0,0.0,0.0,0.0,0.0,0.0,0.0,0.0,0.0,0.0,75
k1729,0.0,0.0,0.0,0.0,0.0,0.0679,0.0,0.0,0.0,0.0,3423
k576,0.0,0.0,0.0,0.0,0.0,0.0,0.0,0.0,0.0,0.0,119
k3085,0.0,0.0,0.0,0.0,0.0,0.0737,0.0,0.0,0.0,0.0,2570
k648,0.0,0.0,0.0,0.0,0.0,0.0,0.0,0.0,0.0,0.0,2799
k1140,0.0,0.0,0.0,0.0,0.0,0.0,0.0,0.0,0.0,0.0,2254
k2531,0.0,0.0,0.0,0.0,0.0,0.0,0.0,0.0,0.0,0.0,1780
k1404,0.0,0.0,0.0,0.0,0.0,0.209140833,0.0,0.0,0.0,0.0,563
k219,0.0,0.0,0.0,0.0,0.0,0.0,0.0,0.0,0.0,0.0,530
k1607,0.0,0.0,0.0,0.0,0.0,0.0689,0.0,0.0,0.0,0.0,936
k3216,0.0,0.0,0.0,0.0,0.0,0.0,0.0,0.0,0.0,0.0,732
k908,0.0,0.0,0.0,0.0,0.0,0.0,0.0,0.0,0.0,0.0,2319
k2047,0.0,0.0,0.0,0.0,0.0,0.0,0.0,0.0,0.0,0.0,289
k2883,0.087,0.0,0.2,0.0769,0.0,0.0,0.0357,0.0417,0.155254726,0.111111111,3044
k1562,0.0,0.0,0.0,0.0,0.0,0.0,0.0,0.0,0.201910926,0.0,295
k556,0.0,0.0,0.0,0.0,0.0,0.2596128,0.0,0.0,0.0,0.0,484
k2042,0.0,0.0,0.0,0.0769,0.0,0.0,0.0,0.0,0.158650225,0.0,2014
k1787,0.0,0.0,0.0,0.0,0.153846154,0.0,0.0714,0.0,0.0,0.0,2047
k1793,0.0,0.0,0.0,0.0,0.0,0.0715,0.0,0.0,0.0,0.0,1438
k1679,0.0,0.0,0.0,0.0,0.0,0.0,0.0,0.0,0.0,0.0,2652
k619,0.0,0.0,0.0,0.0,0.0,0.0,0.0,0.0,0.0,0.0,786
k1147,0.0,0.0,0.0,0.0,0.0,0.0,0.0,0.0,0.0,0.0,3153
k246,0.0,0.0,0.0,0.0,0.0,0.0,0.0,0.0,0.0,0.0,1051
k1551,0.0,0.0,0.0,0.0,0.153846154,0.0,0.0,0.0,0.441561674,0.0,1009
k3246,0.0,0.0,0.0,0.0,0.0,0.078,0.0,0.0,0.0,0.0,649
k1902,0.0,0.0,0.0,0.0,0.0,0.0,0.0,0.0,0.180459286,0.0,41
k2922,0.0,0.0,0.0,0.0,0.0,0.0674,0.0,0.0,0.166309246,0.0,1307
k169,0.0,0.0,0.0,0.0,0.0,0.205161829,0.0,0.0,0.0,0.0,1649
k661,0.0,0.0,0.0,0.0,0.0,0.0,0.0,0.0,0.0,0.0,982
k2810,0.0,0.0,0.0,0.0,0.0,0.0,0.0,0.0,0.0,0.0,49
k2145,0.0,0.0,0.0,0.0,0.0,0.0,0.0,0.0,0.0,0.0,3245
k796,0.0,0.252761136,0.0,0.0,0.0,0.066,0.0,0.0,0.143778961,0.0,2481
k1737,0.0,0.0,0.0,0.0,0.0,0.0,0.0,0.0,0.0,0.0,1353
k2975,0.0,0.0,0.0,0.0,0.0,0.0,0.0,0.0,0.196632584,0.0,903
k3161,0.0,0.0,0.0,0.0769,0.0,0.144284198,0.0,0.0,0.0,0.0,78
k436,0.0,0.0,0.0,0.0,0.0,0.0,0.0,0.0,0.404096299,0.0,303
k304,0.0,0.0,0.0,0.0,0.153846154,0.0,0.0,0.0,0.0,0.0,1696
k2674,0.130434783,0.0,0.0,0.153846154,0.0,0.0,0.0,0.0,0.0,0.0,1795
k2642,0.173913043,0.0,0.0,0.153846154,0.0,0.0,0.0,0.0,0.0,0.0,2260
k1422,0.0,0.0,0.0,0.0,0.0,0.0,0.0,0.0,0.231321564,0.0,1520
k1581,0.0,0.0,0.0,0.0,0.0,0.0643,0.0,0.0,0.0,0.0,752
k20,0.0,0.0,0.0,0.0,0.0,0.0,0.0,0.0,0.0,0.0,471
k2959,0.0,0.0,0.0,0.0,0.115384615,0.0,0.0,0.0,0.0,0.0,1182
k2558,0.0,0.0,0.0,0.0,0.0,0.0,0.0,0.0,0.0,0.0,3177
k47,0.0,0.0,0.0,0.0,0.0,0.0642,0.0,0.0,0.0,0.0,1306
k422,0.0,0.0,0.0,0.0,0.0,0.0,0.0,0.0,0.0,0.0,2258
k1064,0.0,0.0,0.0,0.0,0.0,0.0,0.0,0.0,0.0,0.0,2989
k2180,0.0435,0.0,0.0,0.0,0.0769,0.148223199,0.0,0.0,0.667547454,0.0,2642
k360,0.0,0.0,0.0,0.0,0.0,0.0,0.0,0.0,0.175717076,0.0,1571
k1638,0.0,0.0,0.0,0.0,0.0,0.194757416,0.0,0.0,0.0,0.0,2264
k3324,0.0,0.0,0.0,0.0,0.0,0.0,0.0,0.0,0.0,0.0,2223
k3152,0.0,0.0,0.0,0.0,0.0,0.766128841,0.0,0.0,0.0,0.0,1020
k948,0.0,0.0,0.0,0.0,0.0,0.0,0.0,0.0,0.0,0.0,1618
k618,0.0,0.0,0.0,0.0,0.0,0.0,0.0,0.0,0.168121881,0.0,3243
k2134,0.0,0.0,0.0,0.0,0.0,0.0,0.0,0.0,0.217950191,0.0,1181
k2173,0.0,0.0,0.0,0.0,0.0,0.0,0.0,0.0,0.0,0.0,443
k991,0.0,0.0,0.0,0.0,0.0,0.0,0.0,0.0,0.196173043,0.0,952
k549,0.173913043,0.0,0.0,0.153846154,0.0,0.0,0.0,0.0,0.0,0.0,456
k1666,0.0,0.0,0.0,0.0,0.0,0.0,0.0,0.0,0.0,0.0,117
k903,0.0,0.0,0.0,0.0,0.0,0.0,0.0,0.0,0.0891,0.0,2262
k2639,0.0,0.0,0.0,0.0,0.0,0.0,0.0,0.0,0.0,0.0,607
k1115,0.0,0.0,0.0,0.0,0.153846154,0.0728,0.0,0.0,0.0,0.0,1062
k1945,0.0,0.0,0.0,0.0,0.0,0.0,0.0,0.0,0.207897727,0.0,758
k914,0.0,0.0,0.0,0.0,0.0,0.0,0.0,0.0,0.0,0.0,666
k3414,0.0,0.0,0.0,0.0,0.153846154,0.0,0.0,0.0,0.233325674,0.0,2496
k2341,0.0,0.0,0.0,0.0,0.0,0.0691,0.0,0.0,0.0,0.0,1804
k1086,0.0,0.0,0.0,0.0,0.0,0.0,0.0,0.0,0.0,0.0,1936
k677,0.0,0.0,0.0,0.0,0.0,0.0,0.0,0.0,0.0,0.0,1383
k1103,0.0,0.0,0.0,0.0,0.0,0.0,0.0,0.0,0.200353591,0.0,3306
k488,0.0,0.0,0.0,0.0,0.0,0.0,0.0,0.0,0.0,0.0,1530
k2012,0.0,0.0,0.0,0.0,0.0,0.0,0.0,0.0,0.0,0.0,3154
k1622,0.0,0.0,0.0,0.0,0.0,0.0,0.0,0.0,0.0,0.0,647
k2568,0.0,0.0,0.0,0.0,0.0,0.0,0.0,0.0,0.0,0.0,892
k2853,0.0,0.0,0.0,0.0,0.0,0.0,0.0,0.0,0.0,0.0,1433
k2669,0.087,0.0,0.0,0.0,0.153846154,0.0,0.0,0.0,0.0,0.0,1846
k3181,0.0,0.0,0.0,0.0,0.0,0.0744,0.0,0.0,0.417793181,0.0,1807
k81,0.0,0.0,0.0,0.0,0.0,0.0,0.0,0.0,0.0,0.0,2369
k1234,0.0,0.0,0.0,0.0,0.0,0.0,0.0,0.0,0.0,0.0,2255
k2241,0.0,0.0,0.0,0.0,0.0,0.0,0.0,0.0,0.0,0.0,2803
k2643,0.0,0.0,0.0,0.0,0.0,0.0,0.0,0.0,0.0,0.0,882
k1739,0.0,0.0,0.0,0.0,0.0,0.0,0.0,0.0,0.0,0.0,1066
k69,0.0,0.0,0.0,0.0,0.0769,0.0,0.0,0.0417,0.208701924,0.0,3207
k1745,0.0,0.0,0.0,0.0,0.0,0.0,0.0,0.0,0.16210955,0.0,1573
k2574,0.0,0.0,0.0,0.0,0.0,0.0,0.0,0.0,0.163054162,0.0,1896
k3177,0.0,0.0,0.0,0.0,0.0,0.0,0.0,0.0,0.0,0.0,1621
k319,0.0,0.0,0.0,0.0,0.0,0.0,0.0,0.0,0.219584115,0.0,533
k974,0.0,0.0,0.0,0.0,0.0,0.0,0.0,0.0,0.0,0.0,1419
k2504,0.0,0.0,0.0,0.0,0.0,0.0,0.0,0.0,0.0,0.0,2399
k2537,0.0,0.0,0.0,0.0,0.0,0.0,0.0,0.0,0.0,0.0,2426
k464,0.0,0.0,0.0,0.0,0.0,0.0,0.0,0.0,0.0,0.0,1514
k281,0.0,0.0,0.0,0.0,0.0,0.0,0.0,0.0,0.0,0.0,2125
k1693,0.0,0.0,0.0,0.0,0.0,0.0,0.0,0.0,0.0,0.0,2839
k660,0.0,0.0,0.0,0.0,0.0,0.260770374,0.0,0.0,0.0,0.0,2934
k2346,0.0,0.0,0.0,0.0,0.0,0.0,0.0,0.0,0.0,0.0,1907
k2183,0.0,0.0,0.0,0.0,0.0,0.0,0.0,0.0,0.45509261,0.0,1628
k657,0.0,0.0,0.0,0.0,0.0,0.0,0.0,0.0,0.0,0.0,2183
k2230,0.0,0.0,0.0,0.0,0.0,0.0,0.0,0.0,0.0,0.0,2930
k426,0.217391304,0.0,0.0,0.0,0.153846154,0.0801,0.0,0.0,0.596682368,0.0,3125
k756,0.0,0.0,0.0,0.0,0.0,0.0,0.0,0.0,0.0,0.0,3397
k408,0.0,0.0,0.0,0.153846154,0.0,0.0,0.0,0.0,0.347585494,0.111111111,1598
k3053,0.0,0.0,0.0,0.0,0.0,0.0748,0.0,0.0,0.214420659,0.0,500
k567,0.0,0.0,0.0,0.0,0.0,0.141133997,0.0,0.0,0.373370863,0.0,815
k1761,0.0,0.0,0.0,0.0,0.0,0.0,0.0,0.0,0.0,0.0,2357
k1453,0.0,0.0,0.0,0.0,0.0,0.0,0.0,0.0,0.0,0.0,1290
k1455,0.0,0.0,0.0,0.0,0.0,0.0,0.0,0.0,0.0,0.0,2818
k406,0.0,0.0,0.0,0.0,0.0,0.0,0.0,0.0,0.0,0.0,1492
k612,0.0,0.0,0.0,0.0,0.153846154,0.0,0.0,0.0,0.0,0.0,696
k1716,0.0,0.0,0.0,0.0,0.0,0.0,0.0,0.0,0.0,0.0,794
k3065,0.0,0.0,0.0,0.0,0.0,0.0,0.0,0.0,0.0,0.0,1779
k2080,0.0,0.0,0.0,0.0,0.0769,0.0,0.0,0.0,0.0,0.0,2153
k609,0.0,0.0,0.0,0.0,0.0,0.0,0.0,0.0,0.0,0.0,2141
k2820,0.0,0.0,0.0,0.0,0.0,0.0,0.0,0.0,0.0,0.0,1450
k784,0.0,0.0,0.0,0.0,0.0,0.0,0.0,0.0,0.0,0.0,930
k924,0.0,0.0,0.0,0.0,0.0,0.0626,0.0,0.0,0.0,0.0,2669
k3232,0.0,0.0,0.0,0.0,0.0,0.148363208,0.0,0.0,0.0,0.0,3185
k34,0.0,0.0,0.0,0.0,0.0,0.0,0.0,0.0,0.0,0.0,2248
k362,0.0,0.0,0.0,0.0,0.0,0.139120119,0.0,0.0,0.0,0.0,2253
k1767,0.0,0.0,0.0,0.0,0.0,0.0,0.0,0.0,0.0,0.0,3015
k2011,0.0,0.0,0.0,0.0,0.0,0.0,0.0,0.0,0.0,0.0,70
k2479,0.0,0.0,0.0,0.0,0.0,0.0,0.0,0.0,0.0,0.0,2713
k1964,0.0,0.0,0.0,0.0,0.0,0.0,0.0,0.0,0.0,0.0,293
k2025,0.0,0.0,0.0,0.0,0.0,0.0,0.0,0.0,0.0,0.0,2316
k2287,0.0,0.0,0.0,0.0769,0.0,0.0,0.0,0.0833,0.281877481,0.0,1856
k658,0.0,0.0,0.0,0.0,0.0,0.0,0.0,0.0,0.0,0.0,23
k1092,0.0435,0.0,0.0,0.0769,0.153846154,0.15183968,0.0,0.0,0.0,0.0,3220
k762,0.0,0.0,0.0,0.0,0.0,0.0685,0.0,0.0,0.182527221,0.0,3422
k2516,0.0,0.0,0.0,0.0,0.0,0.0,0.0,0.0,0.606645477,0.0,2216
k1841,0.0,0.0,0.0,0.0,0.0,0.0,0.0,0.0,0.0,0.0,2140
k2826,0.0,0.0,0.0,0.0,0.0,0.0,0.0,0.0,0.0,0.0,2401
k1481,0.0,0.0,0.0,0.0,0.0,0.0,0.0,0.0,0.0,0.0,3332
k388,0.0,0.0,0.0,0.0,0.0,0.0,0.0,0.0,0.0,0.0,33
k2585,0.0,0.0,0.0,0.0,0.0,0.0,0.0,0.0,0.139355876,0.0,1599
k3083,0.0,0.0,0.0,0.0,0.0,0.0,0.0,0.0,0.0,0.0,2163
k425,0.0,0.0,0.1,0.0,0.153846154,0.0,0.0,0.0,0.0,0.0,3183
k504,0.0,0.0,0.0,0.0,0.0,0.0,0.0,0.0,0.0,0.0,412
k1957,0.0,0.0,0.0,0.0,0.0769,0.0,0.0,0.0,0.0,0.0,2421
k2552,0.0,0.0,0.0,0.0,0.0,0.0,0.0,0.0,0.0,0.0,2334
k843,0.0,0.0,0.0,0.0,0.0769,0.0,0.0,0.0,0.189082066,0.0,699
k1627,0.0,0.0,0.0,0.0,0.0,0.0734,0.0,0.0,0.377462056,0.0,2407
k2511,0.0,0.0,0.0,0.0,0.0,0.0,0.0,0.0,0.0,0.0,1337
k3019,0.0,0.0,0.0,0.0,0.0,0.0,0.0,0.0,0.0,0.0,1340
k2260,0.0,0.0,0.0,0.0,0.0,0.0,0.0,0.0,0.0,0.0,908
k3100,0.913043478,0.0,0.0,0.769230769,0.153846154,0.0,0.75,0.541666667,1.0,0.944444444,1491
k1916,0.0,0.0,0.0,0.0,0.0,0.0,0.0,0.0,0.0,0.0,938
k2388,0.0,0.0,0.0,0.0,0.0,0.0652,0.0,0.0,0.0,0.0,388
k1675,0.0,0.0,0.0,0.0,0.0,0.0,0.0,0.0,0.0,0.0,266
k196,0.0,0.0,0.0,0.0,0.0,0.0,0.0,0.125,0.0,0.0,1980
k1273,0.0,0.0,0.0,0.0,0.0385,0.0,0.0,0.0,0.0,0.0,1771
k891,0.0,0.0,0.0,0.0,0.0,0.0,0.0,0.0,0.0,0.0,1313
k2779,0.0,0.0,0.0,0.0,0.153846154,0.0,0.0,0.0,0.0,0.0,1612
k3017,0.0,0.0,0.0,0.0,0.0,0.0,0.0,0.0,0.0,0.0,322
k255,0.0,0.0,0.0,0.0,0.0,0.0,0.0,0.0,0.0,0.0,1600
k1177,0.0,0.0,0.0,0.0,0.0,0.0,0.0,0.0,0.0,0.0,337
k945,0.0,0.0,0.0,0.0,0.0769,0.0,0.0357,0.0,0.170317466,0.0,1335
k2976,0.0,0.0,0.0,0.0,0.0,0.0,0.0,0.0,0.0,0.0,644
k2579,0.173913043,0.0,0.0,0.153846154,0.0,0.0,0.0,0.0,0.0,0.0,710
k1004,0.0,0.0,0.0,0.0,0.0,0.0684,0.0,0.0,0.357784756,0.0,1849
k3016,0.0,0.0,0.0,0.0,0.0,0.0,0.0,0.0,0.0,0.0,2196
k3217,0.0,0.0,0.0,0.0,0.461538462,0.0,0.0,0.0,0.0,0.0,730
k2368,0.0,0.0,0.0,0.0,0.0,0.0,0.0,0.0,0.0,0.0,225
k1215,0.0,0.0,0.0,0.0,0.0,0.0,0.0,0.0,0.0,0.0,3040
k2112,0.0,0.0,0.0,0.0,0.0,0.0,0.0,0.0,0.0,0.0,2013
k3242,0.0,0.0,0.0,0.0,0.0,0.0,0.0,0.0,0.0,0.0,1730
k3237,0.0,0.0,0.0,0.0,0.0,0.0,0.0,0.0,0.0,0.0,113
k829,0.0,0.0,0.0,0.0,0.0,0.0,0.0,0.0,0.0,0.0,145
k2443,0.0,0.0,0.0,0.0,0.0,0.0,0.0,0.0,0.0,0.0,2171
k3275,0.0,0.0,0.0,0.0,0.0,0.0,0.0,0.0,0.0,0.0,2059
k127,0.0,0.0,0.0,0.0,0.0,0.0,0.0,0.0,0.0,0.0,2189
k655,0.0,0.0,0.0,0.0,0.0,0.0695,0.0,0.0,0.0,0.0,1864
k1988,0.087,0.0,0.0,0.153846154,0.0,0.0,0.0,0.0,0.0,0.222222222,3151
k2013,0.0,0.0,0.0,0.0,0.0,0.0,0.0,0.0,0.0,0.0,1973
k2284,0.0,0.0,0.0,0.0,0.0,0.0,0.0,0.0,0.0,0.0,1957
k1145,0.217391304,0.0,0.0,0.153846154,0.0769,0.0,0.0357,0.0,0.0,0.0,315
k862,0.0,0.0,0.0,0.0,0.0,0.0,0.0,0.0,0.0,0.0,1311
k1052,0.0,0.0,0.0,0.0,0.153846154,0.0,0.142857143,0.0,0.0,0.0,2461
k2521,0.0,0.0,0.0,0.0,0.0,0.0,0.0,0.0,0.0,0.0,2390
k1411,0.0,0.0,0.0,0.0,0.0,0.0,0.0,0.0,0.0,0.0,3350
k1138,0.0,0.0,0.0,0.0,0.0,0.0,0.0,0.0,0.0,0.0,2079
k1621,0.0,0.0,0.0,0.0,0.0,0.0,0.0,0.0,0.0,0.0,2479
k921,0.0,0.0,0.0,0.0,0.0,0.0,0.0,0.0,0.0,0.0,1266
k2252,0.0,0.0,0.0,0.0,0.0,0.0,0.0,0.0,0.0,0.0,2149
k2405,0.0,0.0,0.0,0.0,0.0,0.0657,0.0,0.0,0.0,0.0,309
k695,0.0,0.0,0.0,0.0,0.0,0.0,0.0,0.0,0.0,0.0,2842
k539,0.0,0.0,0.0,0.0,0.0,0.0,0.0,0.0,0.0,0.0,581
k2379,0.0,0.0,0.0,0.0,0.0,0.0,0.0,0.0,0.0,0.0,2160
k3091,0.0435,0.0,0.0,0.0769,0.0769,0.0,0.0,0.0,0.169685597,0.0,689
k2986,0.0,0.0,0.0,0.0,0.0,0.0,0.0,0.0,0.0,0.0,1610
k156,0.0,0.0,0.0,0.0,0.0,0.0,0.0,0.0,0.0,0.0,1711
k2500,0.0,0.0,0.0,0.0,0.0,0.0,0.0,0.0,0.0,0.0,3026
k1783,0.0,0.0,0.0,0.0,0.0,0.0,0.0,0.0,0.0,0.0,2005
k2747,0.0,0.24287131,0.0,0.0,0.0,0.0,0.0,0.0833,0.0,0.0,1477
k15,0.0,0.0,0.0,0.0,0.153846154,0.0,0.0,0.0,0.190913849,0.0,3179
k1285,0.0,0.0,0.0,0.0,0.0,0.0,0.0,0.0,0.0,0.0,2845
k1649,0.0,0.0,0.0,0.0,0.0,0.0,0.0,0.0,0.203327844,0.0,1261
k65,0.0,0.0,0.0,0.0,0.0,0.131020853,0.0,0.0,0.0,0.0,254
k3012,0.173913043,0.0,0.0,0.153846154,0.0,0.0,0.0,0.0,0.0,0.0,495
k2188,0.0,0.0,0.0,0.0,0.0,0.0,0.0,0.0,0.0,0.0,3401
k53,0.0,0.0,0.0,0.0,0.0,0.0706,0.0,0.0,0.0,0.0,2058
k444,0.0,0.0,0.0,0.0,0.0769,0.0708,0.0,0.0,0.673132156,0.0,1831
k57,0.0,0.0,0.0,0.0,0.0,0.0,0.0,0.0,0.0,0.0,1498
k1034,0.0,0.0,0.0,0.0,0.0,0.0,0.0,0.0,0.179214695,0.0,2126
k178,0.0,0.0,0.0,0.0,0.0,0.0686,0.0,0.0,0.0,0.0,2718
k3015,0.0,0.0,0.0,0.0,0.0,0.0693,0.0,0.0,0.0,0.0,591
k2039,0.0,0.0,0.0,0.0,0.0,0.0,0.0,0.0,0.233734155,0.0,1569
k3173,0.0,0.0,0.0,0.0,0.0,0.0,0.0,0.0,0.183325036,0.0,3169
k2143,0.0,0.0,0.0,0.0,0.0,0.0,0.0,0.0,0.0,0.0,3370
k1460,0.0,0.0,0.0,0.0,0.0,0.0,0.0,0.0,0.0,0.0,3101
k1146,0.0,0.0,0.0,0.0,0.0,0.125721765,0.0,0.0,0.0,0.0,3111
k129,0.0,0.0,0.2,0.0,0.0,0.0,0.0,0.0,0.0,0.0,1796
k3223,0.0,0.0,0.0,0.0,0.0,0.0,0.0,0.0,0.201470532,0.0,2876
k3179,0.0,0.0,0.0,0.0,0.0,0.0,0.0,0.0,0.149682789,0.0,949
k1435,0.0,0.0,0.0,0.0,0.0,0.0695,0.0,0.0,0.0,0.0,1171
k778,0.0,0.0,0.0,0.0,0.0,0.0,0.0,0.0,0.0,0.0,1398
k1871,0.0,0.0,0.0,0.0,0.0,0.0,0.0,0.0,0.0,0.0,2712
k1894,0.0,0.0,0.0,0.153846154,0.0,0.0,0.0,0.0,0.0,0.0,2559
k2875,0.0,0.0,0.0,0.0,0.0,0.0649,0.0,0.0,0.0,0.0,39
k2027,0.0,0.0,0.0,0.0,0.0,0.0,0.0,0.0,0.0,0.0,2670
k2576,0.0,0.0,0.0,0.0,0.0,0.0,0.0,0.0,0.174504398,0.0,3084
k2397,0.0,0.0,0.0,0.0,0.0,0.0,0.0,0.0,0.0,0.0,662
k1355,0.0,0.0,0.0,0.0,0.0,0.0,0.0,0.0,0.0,0.0,756
k429,0.0,0.0,0.0,0.0,0.153846154,0.0,0.0,0.0,0.0,0.0,679
k2052,0.0,0.0,0.0,0.0,0.0,0.0,0.0,0.0,0.0,0.0,3413
k3396,0.0,0.0,0.0,0.0,0.0,0.0,0.0,0.0,0.0,0.0,1850
k1950,0.0,0.0,0.0,0.0,0.0,0.0,0.0,0.0,0.0,0.0,2062
k2298,0.0,0.0,0.0,0.0,0.0,0.0,0.0,0.0,0.0,0.0,177
k480,0.0,0.0,0.0,0.0,0.0,0.0,0.0,0.0,0.0,0.0,2376
k2172,0.0,0.0,0.0,0.0,0.153846154,0.0,0.0,0.0,0.0,0.0,2027
k3231,0.0,0.0,0.0,0.0,0.0,0.0,0.0,0.0,0.0,0.0,1159
k801,0.0,0.0,0.0,0.0,0.0,0.0852,0.0,0.0,0.229611049,0.0,3317
k1452,0.0,0.0,0.0,0.0,0.0,0.0,0.0,0.0,0.0,0.0,3360
k1384,0.0,0.0,0.0,0.0,0.0,0.0,0.0,0.0,0.0,0.0,2596
k282,0.0,0.0,0.0,0.0,0.0,0.0,0.0,0.0,0.0,0.0,3158
k2706,0.173913043,0.0,0.0,0.153846154,0.0,0.0,0.0,0.0,0.372113507,0.0,2711
k1437,0.0,0.0,0.0,0.0,0.0,0.0,0.0,0.0,0.0,0.0,2200
k1541,0.0,0.0,0.0,0.0,0.0,0.0,0.0,0.0,0.0,0.0,1280
k792,0.0,0.0,0.0,0.0,0.0,0.0,0.0,0.0,0.0,0.0,1797
k936,0.0,0.0,0.0,0.0,0.0,0.0,0.0,0.0,0.153582507,0.0,8
k2097,0.0,0.0,0.0,0.0,0.0,0.0,0.0,0.0,0.219590498,0.0,3087
k2969,0.0,0.0,0.0,0.0,0.0,0.124337927,0.0,0.0,0.0,0.0,118
k2891,0.0,0.0,0.0,0.0769,0.0385,0.0,0.0,0.0,0.0,0.0,645
k2453,0.0,0.0,0.0,0.0,0.0,0.0,0.0,0.0,0.0,0.0,398
k2217,0.0,0.0,0.0,0.0,0.0,0.0,0.0,0.0,0.0,0.0,2038
k1305,0.0,0.0,0.0,0.0,0.307692308,0.0,0.0714,0.0,0.785062357,0.0,331
k1062,0.0,0.0,0.0,0.0,0.0,0.0,0.0,0.0,0.0,0.0,1083
k117,0.0,0.0,0.0,0.0,0.0,0.0,0.0,0.0,0.0,0.0,3024
k3042,0.0435,0.0,0.0,0.0,0.0,0.0,0.0,0.0417,0.0,0.0,182
k3427,0.0,0.0,0.0,0.0,0.0,0.0,0.0,0.0,0.0,0.0,1670
k986,0.0,0.0,0.0,0.0,0.0,0.0,0.0,0.0,0.0,0.0,1121
k3092,0.0,0.0,0.0,0.0,0.0,0.0,0.0,0.0,0.175870256,0.0,2411
k3326,0.0,0.0,0.0,0.0,0.0,0.0,0.0,0.0,0.0,0.0,76
k3228,0.0,0.0,0.0,0.0,0.0,0.0,0.0,0.0,0.0,0.0,22
k1507,0.0,0.0,0.0,0.0,0.0,0.0,0.0,0.0,0.205727671,0.0,2271
k1464,0.0,0.0,0.0,0.0,0.0769,0.0,0.0,0.0,0.171862036,0.0,1033
k256,0.0,0.0,0.0,0.0,0.0,0.139507644,0.0,0.0,0.0,0.0,1018
k1839,0.0,0.0,0.0,0.0,0.115384615,0.0,0.0,0.0,0.0,0.0,623
k238,0.0,0.0,0.0,0.0,0.0,0.0722,0.0,0.0,0.19890476,0.0,502
k1297,0.0,0.0,0.0,0.0,0.0,0.0,0.0,0.0,0.0,0.0,1954
k1330,0.0,0.0,0.0,0.0,0.0,0.0,0.0,0.0,0.0,0.0,1359
k2645,0.0,0.0,0.0,0.0,0.0,0.0,0.0357,0.0,0.326153002,0.0,1370
k2099,0.0,0.0,0.0,0.0,0.0,0.140445203,0.0,0.0,0.0,0.0,26
k390,0.0,0.0,0.0,0.0,0.0385,0.0,0.0,0.0,0.0,0.0,124
k1946,0.0,0.0,0.0,0.0,0.0,0.0,0.0,0.0,0.0,0.0,1394
k621,0.173913043,0.0,0.0,0.153846154,0.192307692,0.153852308,0.0,0.0,0.0,0.0,3335
k2035,0.0,0.0,0.0,0.0,0.0,0.0,0.0,0.0,0.0,0.0,3380
k1778,0.0,0.0,0.0,0.0,0.0,0.0,0.0,0.0,0.0,0.0,1564
k2232,0.0,0.0,0.0,0.0,0.0,0.0,0.0,0.0,0.0,0.0,741
k2824,0.0,0.0,0.0,0.153846154,0.0,0.0,0.142857143,0.0,0.58733198,0.0,2724
k1232,0.0,0.0,0.0,0.0,0.0,0.0,0.0,0.0,0.0,0.0,1781
k3,0.0,0.0,0.0,0.0,0.115384615,0.0,0.0,0.0,0.188277869,0.0,2483
k543,0.0,0.0,0.0,0.0,0.0,0.0,0.0,0.0,0.0,0.0,750
k150,0.0,0.0,0.0,0.0,0.0,0.0718,0.0,0.0,0.0,0.0,1286
k2769,0.0,0.0,0.0,0.0,0.0,0.155827434,0.0,0.0,0.0,0.0,211
k2733,0.0,0.0,0.0,0.0,0.0,0.0,0.0,0.0,0.0,0.0,1740
k722,0.0,0.0,0.0,0.0,0.0,0.0,0.0,0.0,0.0,0.0,3120
k2990,0.0,0.0,0.0,0.0,0.0,0.0,0.0,0.0,0.0,0.0,2193
k888,0.0,0.0,0.0,0.0,0.0,0.0,0.0,0.0,0.0,0.0,3416
k552,0.0,0.0,0.0,0.0,0.0,0.0,0.0,0.0,0.0,0.0,3329
k3062,0.0,0.0,0.0,0.0769,0.0,0.0,0.0,0.0,0.0,0.0,2994
k733,0.0,0.0,0.0,0.0,0.0,0.0,0.0,0.0,0.0,0.0,2871
k2057,0.0,0.0,0.0,0.0,0.0,0.0,0.0,0.0,0.0,0.0,3
k2324,0.0,0.0,0.0,0.0,0.0,0.0,0.0,0.0,0.0,0.0,3053
k263,0.0,0.0,0.0,0.0,0.0,0.0,0.0,0.0,0.0,0.0,3223
k59,0.0435,0.0,0.0,0.0769,0.0,0.0,0.0,0.0,0.0,0.0,2872
k94,0.087,0.0,0.0,0.0769,0.0769,0.0,0.0,0.0,0.0,0.0,2506
k331,0.0,0.0,0.0,0.0,0.0,0.0,0.0,0.0,0.0,0.0,817
k2505,0.0,0.0,0.0,0.0,0.0,0.0,0.0,0.0,0.0,0.0,857
k151,0.0,0.0,0.0,0.0,0.0,0.0,0.0,0.0,0.0,0.0,2312
k2084,0.0,0.0,0.0,0.0769,0.0,0.0729,0.0,0.0,0.0,0.0,1517
k1369,0.0,0.0,0.0,0.0,0.0,0.136282438,0.0,0.0,0.0,0.0,3198
k783,0.0,0.0,0.0,0.0,0.0,0.0602,0.0,0.0,0.0,0.0,1197
k1113,0.087,0.0,0.0,0.0769,0.153846154,0.0,0.0,0.0,0.0,0.0,2342
k2718,0.0435,0.0,0.0,0.0,0.0,0.0,0.0,0.0,0.0,0.111111111,1955
k71,0.0,0.0,0.0,0.0,0.0,0.0,0.0,0.0,0.18110392,0.0,2665
k1925,0.0435,0.0,0.0,0.0769,0.0,0.0,0.0,0.0,0.161796806,0.0,1011
k2778,0.0,0.0,0.0,0.0,0.0769,0.0,0.0,0.0,0.0,0.0,931
k624,0.0,0.0,0.0,0.0,0.0,0.0,0.0,0.0,0.0,0.0,1858
k2339,0.0,0.0,0.0,0.0,0.0,0.0,0.0,0.0,0.174172507,0.0,58
k2974,0.0,0.0,0.0,0.0,0.0,0.0,0.0,0.0,0.197385721,0.0,1736
k1610,0.0,0.0,0.0,0.0,0.0,0.0,0.0,0.0,0.0,0.0,209
k3319,0.0,0.0,0.0,0.0,0.0,0.0,0.0,0.0,0.0977,0.0,203
k2492,0.0,0.249921887,0.0,0.0,0.0,0.132620955,0.0,0.0,0.151316713,0.0,35
k36,0.0,0.0,0.0,0.0,0.0,0.0,0.0,0.0,0.0,0.0,650
k2767,0.0,0.0,0.0,0.0,0.0,0.0,0.0,0.0,0.177057404,0.0,1162
k3116,0.0,0.0,0.0,0.0,0.0,0.0,0.0,0.0,0.0,0.0,3045
k1150,0.0,0.0,0.0,0.0,0.0,0.0,0.0,0.0,0.0,0.0,1061
k511,0.0,0.0,0.0,0.0,0.0,0.0,0.0,0.0,0.0,0.0,3077
k3023,0.0,0.0,0.0,0.0,0.0,0.0,0.0,0.0,0.0,0.0,1174
k2704,0.0,0.0,0.0,0.0,0.0,0.0,0.0,0.0,0.0,0.0,2696
k2168,0.0,0.0,0.0,0.0769,0.0,0.0,0.0,0.0,0.19134786,0.0,2277
k3236,0.0,0.0,0.0,0.0,0.0,0.0,0.0,0.0,0.0,0.0,1357
k918,0.0,0.0,0.0,0.0,0.0,0.0,0.0,0.0,0.0,0.0,550
k215,0.0,0.0,0.0,0.0,0.0,0.0,0.0,0.0,0.21683325,0.0,834
k1981,0.0,0.0,0.0,0.0,0.0,0.152657232,0.0,0.0,0.0,0.0,1378
k768,0.0,0.0,0.0,0.0,0.0769,0.0,0.0,0.0,0.378170515,0.0,2182
k230,0.0,0.0,0.0,0.0,0.0,0.0,0.0,0.0,0.0,0.0,831
k1328,0.0,0.0,0.0,0.0,0.0,0.130073292,0.0,0.0,0.0,0.0,729
k1060,0.0,0.0,0.0,0.0,0.0,0.0,0.0,0.0,0.170043018,0.0,1196
k814,0.0,0.0,0.0,0.0,0.0,0.0,0.0,0.0,0.0,0.0,1036
k2355,0.0,0.0,0.0,0.0,0.0,0.0,0.0,0.0,0.0,0.0,2861
k3360,0.0,0.0,0.0,0.0,0.0,0.0,0.0,0.0,0.0,0.0,1960
k3050,0.0,0.0,0.0,0.0,0.0,0.269307168,0.0,0.0,0.119353068,0.0,2809
k1991,0.0435,0.0,0.0,0.153846154,0.0,0.0,0.0,0.0,0.207782841,0.0,227
k46,0.0,0.0,0.0,0.0,0.0,0.0,0.0,0.0,0.0,0.0,84
k577,0.0,0.0,0.0,0.0,0.0769,0.0,0.0,0.0,0.0,0.0,3258
k1250,0.0,0.0,0.0,0.0,0.0,0.0,0.0,0.0,0.0,0.0,963
k1057,0.0,0.0,0.0,0.0,0.0385,0.223030468,0.0,0.0,0.161037287,0.0,1225
k2665,0.0,0.0,0.0,0.0,0.0769,0.0,0.0,0.0,0.0,0.0,45
k106,0.0,0.0,0.0,0.0,0.0385,0.0723,0.0,0.0,0.0,0.0,2350
k292,0.0,0.0,0.0,0.0,0.0,0.0,0.0,0.0,0.0,0.0,1057
k931,0.0,0.0,0.0,0.0,0.0,0.0,0.0,0.0,0.0,0.0,823
k1658,0.0,0.0,0.0,0.0,0.0,0.0643,0.0,0.0,0.0,0.0,590
k345,0.0,0.0,0.0,0.0,0.0,0.0,0.0,0.0,0.37526647,0.0,1654
k2673,0.0,0.0,0.0,0.0,0.0,0.0,0.0,0.0,0.0,0.0,157
k3158,0.0,0.0,0.0,0.0,0.0,0.0,0.0,0.0,0.0,0.0,2366
k3355,0.0,0.0,0.0,0.0,0.0,0.0,0.0,0.0,0.0,0.0,2753
k520,0.0,0.0,0.0,0.0,0.0,0.0,0.0,0.0,0.0,0.0,269
k909,0.0,0.0,0.0,0.0,0.0,0.0,0.0,0.0,0.10518388,0.0,363
k2722,0.0,0.0,0.0,0.0,0.0,0.0,0.0,0.0,0.0,0.0,2209
k1093,0.0,0.0,0.0,0.0,0.0,0.0,0.0,0.0,0.0,0.0,2894
k3254,0.0,0.0,0.0,0.0,0.0,0.0,0.0,0.0,0.0,0.0,1845
k1555,0.0,0.0,0.0,0.0,0.0,0.0,0.0,0.0,0.0,0.0,504
k2546,0.0,0.0,0.0,0.0,0.0,0.0,0.0,0.0,0.0,0.0,1892
k1428,0.0,0.0,0.0,0.0,0.0385,0.0,0.0357,0.0,0.0,0.0,2436
k1922,0.0435,0.0,0.0,0.0,0.153846154,0.0782,0.0,0.0,0.229247246,0.0,1675
k573,0.0,0.0,0.0,0.0,0.0,0.0633,0.0,0.0,0.0,0.0,701
k1934,0.0,0.0,0.0,0.0,0.0,0.0,0.0,0.0,0.0,0.0,735
k1090,0.0,0.0,0.0,0.0,0.0,0.0,0.0,0.0,0.0,0.0,2949
k1731,0.0,0.0,0.0,0.0769,0.0,0.0,0.107142857,0.0,0.14915304,0.0,1914
k955,0.0,0.0,0.0,0.0,0.0385,0.0,0.0,0.0,0.617240455,0.0,478
k1040,0.0,0.0,0.0,0.0,0.0,0.0,0.0,0.0,0.161854249,0.0,191
k2655,0.0,0.0,0.0,0.0,0.0,0.0,0.0,0.0,0.0,0.0,1315
k239,0.0,0.0,0.0,0.0,0.0,0.0669,0.0,0.0,0.0,0.0,2954
k3317,0.0,0.0,0.0,0.0,0.0,0.0,0.0,0.0,0.0,0.0,3302
k33,0.0,0.0,0.0,0.0,0.0,0.0,0.0,0.0,0.0,0.0,1693
k1856,0.0,0.237111301,0.0,0.0,0.0,0.0,0.0,0.0,0.0,0.0,2395
k2113,0.0,0.0,0.0,0.0,0.0,0.0,0.0,0.0,0.22989188,0.0,1578
k627,0.0,0.0,0.0,0.0,0.0,0.0,0.0,0.0,0.0,0.0,2511
k296,0.0,0.0,0.0,0.0,0.0,0.0,0.0,0.0,0.0,0.0,351
k148,0.0,0.0,0.0,0.0,0.0,0.0616,0.0,0.0,0.0,0.0,2394
k1066,0.0,0.0,0.0,0.0,0.0,0.0,0.0,0.0,0.233261849,0.0,1794
k1826,0.0,0.0,0.0,0.0,0.0,0.068,0.0,0.0,0.0,0.0,1179
k1686,0.0,0.0,0.0,0.0,0.0,0.0,0.0,0.0,0.0,0.0,656
k2618,0.0,0.0,0.0,0.0,0.0,0.0,0.0,0.0,0.115759711,0.0,1812
k2360,0.0,0.0,0.0,0.0,0.0,0.0,0.0,0.0,0.0,0.0,2393
k1352,0.0435,0.0,0.0,0.0,0.0769,0.148443213,0.0714,0.0,0.215161031,0.0,2943
k2878,0.0,0.518197009,0.0,0.0,0.0,0.0,0.0,0.0,0.392595004,0.0,1756
k1668,0.0,0.0,0.0,0.0,0.0,0.131913409,0.0,0.0,0.130433118,0.0,1416
k735,0.0435,0.0,0.0,0.0,0.0769,0.0,0.0,0.0417,0.209155082,0.0,2739
k1920,0.0,0.0,0.0,0.0,0.0,0.0,0.0,0.0,0.0,0.0,971
k2663,0.0,0.0,0.0,0.0,0.0,0.0,0.0357,0.0,0.0,0.0,1886
k1413,0.0,0.0,0.0,0.0,0.0,0.207669489,0.0,0.0,0.0,0.0,611
k780,0.0435,0.0,0.0,0.0,0.0,0.0,0.0,0.0,0.449750444,0.0,3022
k1308,0.0,0.0,0.0,0.0,0.0,0.0,0.0,0.0,0.0,0.0,3182
k2270,0.0,0.0,0.0,0.0,0.0,0.0,0.0,0.0,0.191035117,0.0,1906
k497,0.0,0.0,0.0,0.0,0.0,0.0,0.0,0.0,0.0,0.0,1070
k2873,0.0,0.0,0.0,0.0,0.0,0.0681,0.0,0.0,0.0,0.0,215
k760,0.0,0.0,0.0,0.0,0.0,0.0,0.0,0.0,0.0,0.0,3071
k495,0.0,0.0,0.0,0.0,0.0385,0.0,0.0,0.0,0.226464469,0.0,2907
k501,0.0,0.0,0.0,0.0,0.0769,0.0,0.0357,0.0,0.169864308,0.0,1608
k772,0.0435,0.0,0.0,0.0769,0.0385,0.0,0.0,0.0,0.182157035,0.0,1777
k272,0.0,0.0,0.0,0.0,0.0,0.0,0.0,0.0,0.0,0.0,1823
k2132,0.0,0.0,0.0,0.0,0.0,0.0,0.0357,0.0,0.0,0.0,3324
k1844,0.0,0.0,0.0,0.0,0.0,0.0,0.0,0.0,0.0,0.0,521
k2320,0.0,0.0,0.0,0.0,0.0,0.0,0.0,0.0,0.0,0.0,3367
k1377,0.0,0.0,0.0,0.0,0.0385,0.0,0.0,0.0,0.0,0.0,44
k3115,0.0,0.0,0.0,0.0,0.0,0.0,0.0,0.0,0.232010876,0.0,1626
k3430,0.0,0.0,0.0,0.0,0.0,0.137842537,0.0,0.0,0.0,0.0,1551
k771,0.0,0.0,0.0,0.0,0.0,0.0,0.0,0.0,0.0,0.0,11
k336,0.0,0.0,0.0,0.0,0.0385,0.0,0.0,0.0,0.0,0.0,889
k1822,0.0,0.0,0.0,0.0,0.0,0.0,0.0,0.0,0.0,0.0,1273
k561,0.173913043,0.0,0.0,0.153846154,0.153846154,0.0,0.0,0.0,0.0,0.0,961
k1117,0.0,0.0,0.0,0.0,0.0,0.0,0.0,0.0,0.0,0.0,829
k2630,0.0,0.0,0.0,0.0,0.0385,0.0,0.0,0.0,0.223790194,0.0,1322
k615,0.0,0.0,0.0,0.0,0.0,0.0,0.0,0.0,0.0,0.0,2778
k1370,0.0,0.0,0.0,0.0,0.0,0.0,0.0,0.0,0.0,0.0,2086
k2848,0.0435,0.0,0.0,0.0,0.0,0.0,0.0,0.0,0.0,0.0,1885
k1804,0.0,0.0,0.0,0.0,0.0385,0.0,0.0,0.0,0.227466524,0.0,150
k797,0.0,0.0,0.0,0.0,0.0,0.0,0.0,0.0,0.0,0.0,1862
k2514,0.0,0.0,0.0,0.0,0.0,0.0,0.0,0.0,0.0,0.0,2694
k1497,0.0,0.0,0.0,0.0,0.0,0.0,0.0,0.0,0.0,0.0,328
k1717,0.0,0.0,0.0,0.0,0.0,0.0,0.0,0.0,0.0,0.0,2440
k3354,0.0,0.0,0.0,0.0,0.0385,0.0,0.0,0.0417,0.0,0.0556,2048
k1056,0.0,0.0,0.0,0.0,0.0,0.0,0.0,0.0,0.0,0.0,1377
k45,0.0,0.0,0.0,0.0,0.0,0.302599291,0.0,0.0,0.0,0.0,1430
k805,0.087,0.0,0.0,0.230769231,0.0,0.0,0.0,0.0,0.133509491,0.0,1265
k568,0.0,0.0,0.0,0.0,0.0,0.348280953,0.0,0.0,0.0,0.0,1089
k479,0.0,0.0,0.0,0.0,0.0769,0.0737,0.0,0.0,0.468393776,0.0,461
k3150,0.0,0.0,0.0,0.0,0.0,0.0,0.0,0.0,0.199932345,0.0,1154
k2144,0.0,0.0,0.0,0.0,0.0,0.0,0.0,0.0,0.0,0.0,3184
k1580,0.0,0.0,0.0,0.0,0.0,0.0,0.0,0.0,0.0,0.0,1769
k1529,0.0,0.0,0.0,0.0,0.0,0.0,0.0,0.0,0.0,0.0,629
k328,0.0,0.0,0.0,0.0,0.0,0.0,0.0,0.0,0.0,0.0,371
k283,0.0,0.0,0.0,0.0,0.0769,0.0,0.0,0.0,0.0,0.0,2840
k2836,0.0,0.0,0.0,0.0,0.0,0.0,0.0,0.0,0.0,0.0,1296
k2616,0.0,0.0,0.0,0.0,0.0,0.074,0.0,0.0,0.0,0.0,231
k640,0.0,0.0,0.0,0.0,0.0,0.0,0.0,0.0,0.0,0.0,1242
k2150,0.0,0.0,0.0,0.0,0.0,0.0704,0.0,0.125,0.126035563,0.0,292
k1028,0.0,0.0,0.0,0.0,0.0769,0.0,0.0,0.0,0.0,0.0,1040
k2074,0.0,0.0,0.0,0.0,0.0,0.0,0.0,0.0,0.0,0.0,1326
k3431,0.0,0.0,0.0,0.0,0.0,0.0,0.0,0.0,0.0,0.0,3056
k325,0.0,0.0,0.0,0.0,0.0,0.0,0.0,0.0,0.144717191,0.0,2169
k1495,0.0,0.0,0.0,0.0,0.0385,0.0,0.107142857,0.0,0.368526532,0.0,2473
k701,0.0,0.0,0.0,0.0,0.0385,0.0,0.0,0.0,0.0,0.0,291
k310,0.0,0.0,0.0,0.0,0.0,0.145016745,0.0,0.0,0.0,0.0,796
k2061,0.0,0.0,0.0,0.0,0.0,0.0,0.0,0.0,0.0,0.0,279
k1549,0.0,0.0,0.0,0.0769,0.0,0.0,0.0,0.0,0.0,0.0,241
k1837,0.0,0.0,0.0,0.0,0.0,0.0,0.0,0.0,0.0,0.0,783
k2862,0.0,0.0,0.0,0.0,0.0,0.0,0.0,0.0,0.0,0.0,2997
k2727,0.0435,0.0,0.0,0.0,0.461538462,0.0,0.0,0.0,0.0,0.0,1431
k1899,0.0,0.0,0.0,0.0,0.0,0.0,0.0,0.0,0.0,0.0,2857
k3168,0.0,0.0,0.0,0.0,0.0,0.0,0.0,0.0,0.0,0.0,2655
k3337,0.0,0.0,0.0,0.0,0.0,0.0647,0.0,0.0,0.0,0.0,890
k773,0.0,0.0,0.0,0.0,0.0,0.0,0.0,0.0,0.0,0.0,2321
k2366,0.0,0.0,0.0,0.0,0.0,0.0,0.0,0.0,0.0,0.0,2658
k3126,0.0,0.0,0.0,0.0,0.0,0.0,0.0,0.0417,0.0,0.0,419
k2158,0.0,0.0,0.0,0.0,0.0,0.124447934,0.0,0.0,0.0,0.0,1140
k2041,0.0,0.0,0.0,0.0,0.0,0.146891864,0.0,0.0,0.0,0.0,765
k1426,0.173913043,0.0,0.0,0.153846154,0.0,0.0,0.0,0.0,0.0,0.0,467
k158,0.0,0.0,0.0,0.0,0.0,0.0,0.0,0.0,0.0,0.0,1934
k1217,0.0,0.0,0.0,0.0,0.0,0.137292502,0.0,0.0,0.0,0.0,1015
k2129,0.0,0.0,0.0,0.0,0.0,0.0,0.0,0.0,0.0,0.0,2355
k1752,0.0,0.0,0.0,0.0,0.0385,0.0,0.0,0.0,0.0,0.0,2927
k1848,0.0435,0.0,0.0,0.0,0.0769,0.147858176,0.0714,0.0,0.214599369,0.0,1263
k786,0.0,0.0,0.0,0.0,0.0,0.0,0.0,0.0,0.0,0.0,54
k1425,0.0435,0.0,0.0,0.0,0.0769,0.0773,0.0,0.0,0.0,0.0556,849
k75,0.0,0.0,0.0,0.0,0.0385,0.0,0.0,0.0,0.0,0.0,192
k749,0.0,0.237681868,0.0,0.0,0.0,0.0,0.0,0.0833,0.0,0.0,276
k809,0.0,0.0,0.0,0.153846154,0.192307692,0.0,0.178571429,0.0,0.173010889,0.444444444,2626
k3198,0.0,0.0,0.0,0.0,0.0,0.0,0.0,0.0,0.0,0.0,584
k1151,0.0,0.0,0.0,0.0,0.0385,0.0,0.0,0.0,0.0,0.0,3338
k2450,0.0,0.0,0.0,0.0,0.0,0.0,0.0,0.0,0.0,0.0,175
k2174,0.0,0.0,0.0,0.0,0.0,0.119471366,0.0,0.0,0.0,0.0,940
k2336,0.0,0.0,0.0,0.0,0.0,0.0,0.0,0.0,0.0,0.0,350
k906,0.087,0.0,0.0,0.0769,0.0,0.0,0.0,0.0,0.157654553,0.0,3248
k1222,0.0,0.0,0.0,0.0,0.0,0.0698,0.0,0.0,0.0,0.0,277
k2499,0.0,0.0,0.0,0.0,0.0769,0.154139826,0.0,0.0,0.340405162,0.0,216
k748,0.0,0.0,0.0,0.0,0.0,0.0,0.0,0.0833,0.0,0.0,793
k2501,0.087,0.0,0.0,0.0769,0.153846154,0.0,0.0,0.0,0.434413255,0.0,1933
k373,0.0,0.0,0.0,0.0,0.0,0.0777,0.0,0.0,0.0,0.0,1916
k3394,0.0,0.0,0.0,0.0,0.0,0.135664899,0.0,0.0,0.0,0.0,3331
k2465,0.0,0.0,0.0,0.0,0.0,0.0676,0.0,0.0,0.377379083,0.0,316
k1279,0.0,0.0,0.0,0.0,0.0,0.133916037,0.0,0.0,0.0,0.0,1032
k759,0.0,0.0,0.0,0.0,0.0,0.0,0.0,0.0,0.0,0.0,2056
k2752,0.0,0.0,0.0,0.0,0.0,0.0,0.0,0.0,0.0,0.0,3312
k1358,0.0,0.0,0.0,0.0,0.0,0.0,0.0,0.0,0.0,0.0,3246
k2984,0.0,0.0,0.0,0.0,0.0,0.0,0.0,0.0,0.0,0.0,3373
k2808,0.087,0.0,0.0,0.153846154,0.153846154,0.0,0.0,0.0,0.194475293,0.0,1312
k1002,0.0,0.0,0.0,0.0,0.0,0.317820261,0.0,0.0,0.0,0.0,403
k168,0.0,0.0,0.0,0.0,0.0,0.0,0.0,0.0,0.0,0.0,1134
k2730,0.0,0.0,0.0,0.0,0.0,0.0,0.0,0.0,0.0,0.0,1664
k1157,0.0,0.0,0.0,0.0,0.0,0.0805,0.0,0.0,0.0,0.0,2607
k1180,0.0,0.0,0.0,0.0,0.153846154,0.0,0.0,0.0,0.0,0.0,3417
k3267,0.0435,0.0,0.0,0.0,0.0,0.0,0.0,0.0,0.16900905,0.0,3404
k1298,0.0,0.0,0.0,0.0,0.0,0.0,0.0,0.0,0.0922,0.0,1188
k2225,0.0,0.0,0.0,0.0,0.0,0.0,0.0,0.0,0.229151508,0.0,2777
k2253,0.0,0.0,0.0,0.0,0.0,0.0726,0.0,0.0,0.0,0.0,1712
k2070,0.0,0.0,0.0,0.0,0.0385,0.0,0.0,0.0,0.23176834,0.0,1374
k3321,0.0,0.0,0.0,0.0,0.115384615,0.0,0.0,0.0,0.0,0.0,1276
k3185,0.0,0.0,0.0,0.0,0.0,0.0,0.0,0.0,0.0,0.0,1458
k305,0.0,0.0,0.0,0.0,0.0,0.206930692,0.0,0.0,0.0,0.0,1262
k1665,0.0,0.0,0.0,0.0,0.0,0.0,0.0,0.0,0.0,0.0,408
k338,0.0,0.0,0.0,0.0,0.0,0.0688,0.0,0.0,0.0,0.0,1538
k1725,0.0,0.0,0.0,0.0,0.0,0.0604,0.0,0.0,0.0,0.0,3017
k905,0.0,0.0,0.0,0.0,0.0,0.0,0.0,0.0,0.0,0.0,1331
k93,0.0,0.0,0.0,0.0,0.0,0.0,0.0,0.0,0.102567048,0.0,1097
k2455,0.0,0.0,0.0,0.0,0.0,0.0,0.0,0.0,0.0,0.0,2873
k2092,0.0,0.0,0.0,0.0,0.0,0.0,0.0,0.0,0.0,0.0,2433
k493,0.0,0.0,0.0,0.0,0.0,0.0,0.0,0.0,0.0,0.0,1656
k669,0.0,0.0,0.0,0.0,0.0,0.0,0.0,0.0,0.0,0.0,1613
k1210,0.0,0.0,0.0,0.0,0.0,0.0,0.0,0.0,0.0,0.0,1961
k2377,0.0,0.0,0.0,0.0,0.0,0.0,0.0,0.0,0.0,0.0,873
k717,0.0,0.0,0.0,0.0,0.0,0.0,0.0,0.0,0.0,0.0,1054
k574,0.0,0.0,0.0,0.0,0.0,0.0,0.0,0.0,0.0,0.0,10
k3334,0.0,0.0,0.0,0.0,0.0,0.0,0.0,0.0,0.0,0.0,2531
k1252,0.0,0.0,0.0,0.0,0.0,0.0,0.0,0.0,0.0,0.0,2452
k1774,0.0,0.0,0.0,0.0,0.0,0.0,0.0,0.0,0.0,0.0,3210
k3342,0.0,0.0,0.0,0.0,0.0,0.0,0.0,0.0,0.0,0.0,264
k2058,0.0,0.0,0.0,0.0,0.0,0.0712,0.0,0.0,0.0,0.0,2494
k375,0.0,0.0,0.0,0.0,0.0,0.0685,0.0,0.0,0.0,0.0,3299
k2796,0.0,0.0,0.0,0.0,0.153846154,0.0,0.0,0.0,0.0,0.0,352
k2333,0.0435,0.0,0.0,0.0769,0.115384615,0.0,0.0,0.0417,0.0,0.333333333,503
k449,0.0,0.0,0.0,0.0,0.0385,0.0,0.0,0.0,0.0,0.0,1584
k1033,0.0,0.0,0.0,0.0,0.0,0.0,0.0,0.0,0.0,0.0,3211
k1172,0.0435,0.0,0.0,0.0769,0.0,0.0,0.0,0.0,0.0,0.0,1201
k1769,0.0,0.0,0.0,0.0,0.0,0.0,0.0,0.0,0.0,0.0,2507
k2102,0.0,0.0,0.0,0.0,0.0,0.12752688,0.0,0.0,0.0,0.0,1506
k2901,0.0435,0.0,0.0,0.0769,0.0,0.0692,0.0,0.0833,0.311690218,0.111111111,2172
k934,0.260869565,0.0,0.0,0.153846154,0.0769,0.0,0.0357,0.0,0.0,0.0,686
k124,0.0,0.0,0.0,0.0,0.0,0.0,0.0,0.0,0.213922823,0.0,1591
k2297,0.0,0.0,0.0,0.0,0.0,0.0,0.0,0.0,0.0,0.0,535
k2581,0.0,0.0,0.0,0.0,0.0,0.0,0.0,0.0,0.0,0.0,1765
k1491,0.0,0.0,0.0,0.0,0.0,0.0,0.0,0.0,0.0,0.0,1389
k3086,0.0,0.0,0.0,0.0,0.0,0.20595688,0.0,0.0,0.0,0.0,21
k2414,0.0,0.0,0.0,0.0,0.0385,0.0718,0.0,0.0,0.0,0.0,1854
k1490,0.0,0.0,0.0,0.0,0.0,0.0,0.0,0.0,0.0,0.0,1964
k2550,0.0,0.0,0.0,0.0,0.0,0.0,0.0,0.0,0.0,0.0,2524
k745,0.0,0.0,0.0,0.0,0.0,0.0,0.0,0.0,0.0,0.0,121
k1773,0.0,0.0,0.0,0.0,0.0,0.0,0.0,0.0,0.0,0.0,564
k3289,0.0,0.0,0.0,0.0,0.0,0.0,0.0,0.0,0.0,0.0,2879
k231,0.0,0.0,0.0,0.0,0.0,0.0,0.0,0.0,0.126488722,0.0,479
k1688,0.0,0.0,0.0,0.0,0.0,0.0,0.0,0.0,0.0,0.0,2007
k901,0.0435,0.0,0.0,0.0,0.153846154,0.0734,0.0,0.0,0.465176987,0.0,2167
k1903,0.0,0.0,0.0,0.0,0.0,0.144322951,0.0,0.0,0.0,0.0,2008
k3348,0.0,0.0,0.0,0.0,0.0,0.0,0.0,0.0,0.0,0.0,3156
k3131,0.0,0.0,0.0,0.0,0.0,0.0,0.0,0.0,0.0,0.0,1004
k1796,0.0,0.0,0.0,0.0,0.0,0.0,0.0,0.0,0.0,0.0,2534
k782,0.0,0.0,0.0,0.0,0.0769,0.0,0.0,0.0,0.0,0.0,1919
k736,0.0,0.0,0.0,0.0,0.0,0.0,0.0,0.0,0.154239906,0.0,1336
k2564,0.0435,0.0,0.0,0.0,0.0,0.0,0.0,0.0,0.457211606,0.0,1349
k3087,0.0,0.0,0.0,0.0,0.0,0.0,0.0,0.0,0.0,0.0,358
k1640,0.0,0.0,0.0,0.0,0.0,0.0,0.0,0.0,0.0,0.0,1616
k1963,0.0,0.0,0.0,0.0,0.0,0.0,0.0,0.0,0.0,0.0,2221
k226,0.0,0.0,0.0,0.0,0.0,0.0,0.0,0.0,0.0,0.0,925
k2983,0.0,0.0,0.0,0.0,0.0,0.0,0.0,0.0,0.0,0.0,1981
k354,0.0,0.0,0.0,0.0,0.0,0.0,0.0,0.0,0.0,0.0,1977
k2213,0.0,0.0,0.0,0.0,0.0,0.0,0.0,0.0,0.169028198,0.0,1427
k1525,0.0,0.0,0.0,0.0,0.0385,0.0,0.0,0.0,0.0,0.0,60
k559,0.0,0.0,0.0,0.0,0.0,0.0,0.0,0.0,0.0,0.0,2814
k2583,0.0,0.0,0.0,0.0,0.0,0.0,0.0,0.0,0.0,0.0,810
k2343,0.0,0.0,0.0,0.0,0.0,0.0,0.0,0.0,0.0,0.0,50
k2714,0.0,0.0,0.0,0.0,0.0,0.0,0.0,0.0,0.0,0.0,67
k1674,0.0,0.0,0.0,0.0,0.0,0.0,0.0,0.0,0.0,0.0,1617
k299,0.173913043,0.0,0.0,0.153846154,0.0,0.0,0.0,0.0,0.0,0.0,3081
k2462,0.0,0.0,0.0,0.0,0.0,0.0,0.0,0.0,0.0,0.0,2124
k2416,0.0,0.0,0.0,0.0,0.0,0.0,0.0,0.0,0.0,0.0,1301
k1159,0.0,0.0,0.0,0.0,0.0,0.0,0.0,0.0,0.0,0.0,1824
k584,0.0,0.0,0.0,0.0,0.0,0.0,0.0,0.0,0.0,0.0,1285
k3081,0.0,0.0,0.0,0.0,0.0,0.0,0.0,0.0,0.221843526,0.0,3160
k967,0.0,0.0,0.0,0.0,0.0385,0.0,0.0,0.0,0.0,0.0,1299
k2046,0.0,0.0,0.0,0.0,0.0,0.0,0.0,0.0,0.130745861,0.0,2912
k687,0.0,0.0,0.0,0.0,0.0,0.0,0.0,0.0,0.0,0.0,1557
k1245,0.0,0.0,0.0,0.0,0.0,0.0,0.0,0.0,0.0,0.0,2325
k1779,0.0,0.0,0.0,0.0,0.0,0.0,0.0,0.0,0.0,0.0,223
k91,0.0,0.0,0.0,0.0,0.0,0.0,0.0,0.0,0.154265436,0.0,1407
k3429,0.0,0.0,0.0,0.0,0.0,0.0,0.0,0.0,0.0,0.0,1071
k1036,0.0,0.0,0.0,0.0,0.0385,0.0,0.0,0.0,0.0,0.0,569
k1098,0.0,0.0,0.0,0.0,0.153846154,0.0,0.0,0.0,0.0,0.0,1544
k1239,0.0,0.0,0.0,0.0,0.0,0.0,0.0,0.0,0.0,0.0,161
k630,0.0,0.0,0.0,0.0,0.0,0.0,0.0,0.0,0.0,0.0,721
k2142,0.0,0.0,0.0,0.0,0.0,0.0,0.0,0.0,0.0,0.0,1414
k2979,0.0,0.0,0.0,0.0,0.0,0.0,0.0,0.0,0.0,0.0,1392
k2125,0.0,0.0,0.0,0.0,0.0,0.0,0.0,0.0,0.0,0.0,3391
k2676,0.0,0.0,0.0,0.0,0.0,0.0,0.0,0.0,0.0,0.0,1585
k324,0.0,0.0,0.0,0.0769,0.192307692,0.0,0.0,0.0,0.0,0.0,319
k2832,0.0,0.0,0.0,0.0,0.0,0.0,0.0,0.0,0.0,0.0,1283
k481,0.0,0.0,0.0,0.0,0.461538462,0.0,0.0,0.0,0.0,0.0,1150
k1226,0.0,0.0,0.0,0.0,0.0,0.0,0.0,0.0,0.0,0.0,1609
k2666,0.087,0.0,0.0,0.0769,0.0769,0.0,0.0,0.0,0.0,0.0,1144
k2694,0.0,0.0,0.0,0.0,0.461538462,0.0729,0.0,0.0,0.0,0.0,444
k6,0.0,0.0,0.0,0.0,0.0,0.0,0.0,0.0,0.0,0.0,2969
k309,0.0,0.0,0.0,0.0,0.0,0.0,0.0,0.0,0.0,0.0,1110
k2728,0.0,0.0,0.0,0.0,0.0,0.0,0.0,0.0,0.0,0.0,2434
k926,0.0,0.0,0.0,0.0,0.0,0.0,0.0,0.0,0.328131582,0.0,997
k3163,0.0,0.0,0.0,0.0,0.0,0.0,0.0,0.0,0.0,0.0,3205
k3366,0.0,0.0,0.0,0.0,0.0,0.0,0.0,0.0,0.0,0.0,436
k1623,0.0,0.0,0.0,0.0,0.0,0.0,0.0,0.0,0.0,0.0,867
k3313,0.0,0.0,0.0,0.0,0.0,0.0,0.0,0.0,0.0,0.0,989
k1020,0.0,0.0,0.0,0.0,0.0,0.0,0.0,0.0,0.0,0.0,2302
k3113,0.0,0.0,0.0,0.0,0.0,0.0,0.0,0.0,0.0,0.0,15
k157,0.0,0.0,0.0,0.0,0.0,0.0,0.0,0.0,0.0,0.0,801
k113,0.0,0.0,0.0,0.0,0.0,0.0,0.0,0.0,0.235017041,0.0,1528
k3159,0.0,0.0,0.0,0.0,0.0,0.0,0.0,0.0,0.0,0.0,1644
k1219,0.0,0.0,0.0,0.0,0.0,0.0774,0.0,0.0,0.0,0.0,1217
k2844,0.0,0.0,0.0,0.0,0.0769,0.0,0.0,0.0,0.237844496,0.0,2992
k1961,0.0,0.0,0.0,0.0,0.0,0.0,0.0,0.0,0.0,0.0,342
k1704,0.0,0.0,0.0,0.0,0.0,0.0,0.0,0.0,0.0,0.0,1976
k3302,0.0,0.0,0.0,0.0,0.0,0.0,0.0,0.0,0.0,0.0,1147
k428,0.0,0.0,0.0,0.0,0.0,0.0,0.0,0.0,0.0,0.0,1597
k1211,0.0,0.0,0.0,0.0,0.0385,0.0,0.0,0.0,0.0,0.0,3034
k896,0.0,0.0,0.0,0.0,0.0,0.058,0.0,0.0,0.0,0.0,2528
k740,0.0,0.0,0.0,0.0,0.0385,0.0,0.0,0.0,0.0,0.0,2220
k3253,0.0,0.0,0.0,0.0,0.0,0.0,0.0,0.0,0.0,0.0,636
k2910,0.0,0.0,0.0,0.0,0.0,0.0,0.0,0.0,0.0,0.0,851
k1408,0.0,0.0,0.0,0.0,0.0,0.0,0.0,0.0,0.0,0.0,3110
k1585,0.0435,0.0,0.0,0.0,0.192307692,0.151789677,0.0,0.0,0.458494492,0.0,361
k895,0.0,0.0,0.0,0.0,0.0,0.124916713,0.0,0.0,0.0,0.0,799
k1483,0.0,0.0,0.0,0.0,0.0,0.0,0.0,0.0,0.0,0.0,2252
k3148,0.0,0.0,0.0,0.0,0.0,0.0797,0.0,0.0,0.0,0.0,2996
k2464,0.0,0.0,0.0,0.0,0.0,0.0,0.0,0.0,0.0,0.0,527
k3211,0.0,0.0,0.0,0.0,0.0,0.0,0.0,0.0,0.0,0.0,1339
k2247,0.0,0.0,0.0,0.0,0.0,0.0,0.0,0.0,0.367288324,0.0,2500
k872,0.0,0.0,0.0,0.0,0.0,0.0,0.0,0.0,0.0,0.0,324
k601,0.0,0.0,0.0,0.0,0.0,0.198141382,0.0,0.0,0.0,0.0,2459
k51,0.0,0.0,0.0,0.0,0.0,0.0,0.0,0.0,0.0,0.0,3261
k2879,0.0,0.0,0.0,0.0,0.0,0.0,0.0,0.0,0.158011974,0.0,753
k2160,0.087,0.0,0.1,0.0769,0.153846154,0.0,0.0,0.0,0.405940847,0.0,555
k2602,0.0,0.0,0.0,0.0,0.0,0.0,0.0,0.0,0.0,0.0,2765
k55,0.0,0.0,0.0,0.0,0.0,0.0,0.0,0.0,0.0,0.0,1965
k1751,0.0,0.0,0.0,0.0,0.0,0.0,0.0,0.0,0.0,0.0,1239
k528,0.0,0.0,0.0,0.0,0.0,0.0,0.0,0.0,0.0,0.0,282
k3069,0.0,0.0,0.0,0.0,0.0,0.0,0.0,0.0,0.0,0.0,1059
k794,0.0,0.0,0.0,0.0,0.0,0.0,0.0,0.0,0.0,0.0,3165
k1781,0.0,0.0,0.0,0.0,0.0,0.0,0.0,0.0,0.0,0.0,2057
k3389,0.0,0.0,0.0,0.0,0.0,0.0,0.0,0.0,0.0,0.0,2675
k205,0.0,0.0,0.0,0.0,0.0,0.355885188,0.0,0.0,0.0,0.0,3180
k1083,0.0,0.0,0.0,0.0,0.0385,0.0,0.0,0.0,0.0,0.0,1719
k2078,0.0,0.0,0.0,0.0,0.0,0.0,0.0,0.0,0.0,0.0,3175
k61,0.0,0.0,0.0,0.0,0.0,0.131692145,0.0,0.0,0.0,0.0,640
k313,0.0,0.0,0.0,0.0,0.0,0.0,0.0,0.0833,0.0,0.0,1720
k2989,0.0,0.0,0.0,0.0,0.0,0.0,0.0,0.0,0.0,0.0,224
k522,0.0,0.0,0.0,0.0,0.0,0.0,0.0,0.0,0.198368629,0.0,2035
k3096,0.087,0.0,0.0,0.0769,0.0769,0.0,0.0,0.0,0.0,0.0,2792
k806,0.0,0.0,0.0,0.0,0.0,0.0,0.0,0.0,0.0,0.0,1946
k3229,0.0,0.0,0.0,0.0,0.0,0.0,0.0,0.0,0.0,0.0,733
k2528,0.0,0.0,0.0,0.0,0.0,0.0,0.0,0.0,0.0,0.0,3403
k2741,0.0,0.0,0.0,0.0,0.0,0.0,0.0,0.0,0.226343201,0.0,18
k2249,0.0,0.0,0.0,0.0,0.0,0.0,0.0,0.0,0.0,0.0,2240
k3101,0.0,0.0,0.0,0.0,0.0,0.0,0.0,0.0,0.0,0.0,2492
k883,0.0,0.0,0.0,0.0,0.0,0.0,0.0,0.0,0.0,0.0,771
k2977,0.0,0.0,0.0,0.0,0.0,0.0,0.0,0.0,0.0,0.0,595
k3141,0.0,0.0,0.0,0.0,0.115384615,0.0734,0.0,0.0,0.441242548,0.0,2884
k2713,0.0435,0.0,0.0,0.0,0.0,0.0,0.0714,0.0,0.603135092,0.0,1929
k2894,0.173913043,0.0,0.0,0.153846154,0.0,0.0,0.0,0.0,0.0,0.0,2579
k311,0.0,0.0,0.0,0.0,0.0,0.0,0.0,0.0,0.136241208,0.0,3300
k2541,0.0,0.0,0.0,0.0,0.0,0.0,0.0,0.0,0.0,0.0,2962
k2757,0.0,0.0,0.0,0.0,0.0,0.0,0.0,0.0,0.0,0.0,477
k3224,0.0,0.0,0.0,0.0,0.0,0.0,0.0,0.0,0.0,0.0,2636
k92,0.0,0.0,0.0,0.0,0.0,0.0,0.0,0.0,0.144302327,0.0,1278
k3144,0.0,0.0,0.0,0.0,0.0,0.071,0.0,0.0,0.0,0.0,3369
k2632,0.0,0.0,0.0,0.0,0.0,0.0,0.0,0.0,0.0,0.0,3342
k1870,0.0,0.0,0.0,0.0,0.0,0.0,0.0,0.0,0.0,0.0,3089
k1484,0.0,0.0,0.0,0.0,0.0,0.0,0.0,0.0,0.0,0.0,2018
k930,0.0,0.0,0.0,0.0,0.0,0.0,0.0,0.0,0.0,0.0,1238
k3006,0.0,0.0,0.0,0.0,0.153846154,0.0,0.0,0.0,0.0,0.0,3122
k569,0.0,0.0,0.0,0.0,0.0769,0.0,0.0,0.0,0.429824225,0.0,52
k52,0.0,0.0,0.0,0.0,0.0,0.0,0.0,0.0,0.0,0.0,667
k291,0.0,0.0,0.0,0.0,0.0,0.0,0.0,0.0,0.0,0.0,142
k136,0.0,0.0,0.0,0.0,0.0,0.0,0.0,0.0,0.0,0.0,1817
k1341,0.0,0.0,0.0,0.0,0.0,0.0,0.0,0.0,0.0,0.0,3244
k356,0.0,0.0,0.0,0.0,0.0,0.0,0.0,0.0,0.0,0.0,2691
k2463,0.0,0.0,0.0,0.0,0.0,0.0,0.0,0.0,0.0,0.0,101
k1546,0.0,0.0,0.0,0.0,0.153846154,0.0,0.0,0.0,0.0,0.0,1500
k1476,0.0,0.0,0.0,0.0,0.0769,0.0,0.0,0.0,0.0,0.0,2495
k2800,0.0,0.0,0.0,0.0,0.0,0.0,0.0,0.0,0.0,0.0,1143
k3066,0.0,0.0,0.0,0.0,0.0,0.149147008,0.0,0.0,0.0,0.0,2834
k532,0.0,0.0,0.0,0.0,0.0,0.0,0.0,0.0,0.0,0.0,2715
k194,0.0,0.0,0.0,0.153846154,0.0,0.0686,0.0,0.0417,0.447318705,0.0556,1130
k2749,0.0,0.0,0.0,0.0,0.0,0.0684,0.0,0.0,0.0,0.0,1221
k2262,0.0,0.0,0.0,0.0,0.0,0.0,0.0,0.0,0.0,0.0,3036
k2495,0.0,0.0,0.0,0.0,0.0,0.0,0.0,0.0,0.0,0.0,1473
k208,0.0,0.0,0.0,0.0,0.0,0.0,0.0,0.0,0.0,0.0,2722
k207,0.087,0.0,0.0,0.0,0.0,0.0,0.0,0.0,0.0,0.0,491
k3001,0.0,0.0,0.0,0.0,0.0,0.0,0.0,0.0,0.0,0.0,458
k185,0.0,0.0,0.0,0.0,0.0,0.0,0.0,0.0,0.0,0.0,2202
k1645,0.0,0.270666069,0.0,0.0,0.0,0.143882923,0.0,0.0,0.164643409,0.0,1321
k2610,0.0,0.0,0.0,0.0,0.0,0.0,0.0,0.0,0.0,0.0,3191
k755,0.0,0.0,0.0,0.0,0.0,0.0,0.0,0.0,0.0,0.0,556
k825,0.0,0.0,0.0,0.0,0.0,0.0,0.0,0.0,0.0,0.0,2040
k3249,0.0,0.0,0.0,0.0,0.0,0.0,0.0,0.0,0.0,0.0,3043
k1030,0.0,0.0,0.0,0.0,0.0,0.0,0.0,0.0,0.0,0.0,2092
k1272,0.0,0.0,0.0,0.0,0.0,0.0,0.0,0.0,0.51584779,0.0,1415
k571,0.0,0.0,0.0,0.0,0.0,0.0,0.0,0.0,0.0,0.0,2116
k979,0.0,0.0,0.0,0.0,0.0,0.0,0.0,0.0,0.0,0.0,2225
k1114,0.0,0.0,0.0,0.0,0.0,0.0,0.0,0.0,0.185367442,0.0,1355
k831,0.0,0.0,0.0,0.0,0.153846154,0.0,0.0714,0.0,0.0,0.0,2359
k1261,0.0,0.0,0.0,0.0,0.0,0.0,0.0,0.0,0.0,0.0,1639
k2760,0.0,0.0,0.0,0.0,0.0,0.0,0.0,0.0,0.0,0.0,2850
k2010,0.0,0.0,0.0,0.0,0.0,0.0,0.0,0.0,0.0,0.0,1347
k897,0.0,0.0,0.0,0.0,0.0,0.0,0.0,0.0,0.0,0.0,1063
k858,0.0,0.0,0.0,0.0,0.0,0.0,0.0,0.0,0.0,0.0,453
k3171,0.0,0.0,0.0,0.0,0.0,0.0,0.0,0.0,0.0,0.0,1442
k1992,0.0,0.0,0.0,0.0,0.0,0.0,0.0,0.0,0.123476174,0.0,1194
k266,0.0,0.0,0.0,0.0,0.0385,0.0,0.0,0.0,0.0,0.0,28
k502,0.0,0.0,0.0,0.0,0.0,0.0,0.0,0.0,0.128575805,0.0,1035
k841,0.0,0.0,0.0,0.0,0.0,0.0,0.0,0.0,0.0,0.0,2586
k3421,0.0,0.0,0.0,0.0,0.0,0.0,0.0,0.0,0.0,0.0,445
k524,0.087,0.272907582,0.0,0.0769,0.0,0.0,0.0,0.0,0.131084134,0.0,489
k2184,0.0,0.0,0.0,0.0,0.0,0.0,0.0,0.0,0.0,0.0,1251
k1242,0.0,0.0,0.0,0.0,0.0,0.0,0.0,0.0,0.1858206,0.0,1292
k980,0.0,0.0,0.0,0.0,0.0,0.0689,0.0,0.0,0.0,0.0,3410
k490,0.0,0.0,0.0,0.0,0.0,0.0,0.0,0.0,0.381470277,0.0,3079
k2326,0.0,0.0,0.0,0.0,0.0385,0.0,0.0,0.0,0.0,0.0,1204
k1569,0.0,0.0,0.0,0.0,0.0,0.0,0.0,0.0,0.0,0.0,766
k339,0.0,0.0,0.0,0.0769,0.0,0.357894066,0.0714,0.0417,0.284404958,0.0,3119
k1366,0.0,0.0,0.0,0.0769,0.0,0.0,0.0,0.0,0.218033164,0.0,366
k2925,0.0435,0.0,0.0,0.0769,0.0385,0.0,0.0357,0.0,0.0,0.0,1931
k446,0.0,0.0,0.0,0.0,0.0,0.0,0.0,0.0,0.0,0.0,2364
k2228,0.0,0.0,0.0,0.0,0.0,0.0,0.0,0.0,0.0,0.0,2046
k1705,0.0,0.0,0.0,0.0,0.0,0.0,0.0,0.0,0.0,0.0,1556
k1111,0.0,0.0,0.0,0.0,0.0,0.0,0.0,0.0,0.438651247,0.0,1095
k35,0.0,0.0,0.0,0.0,0.0385,0.0,0.0,0.0,0.0,0.0,1971
k1078,0.0,0.0,0.0,0.0,0.384615385,0.0,0.0,0.125,0.0,0.0,788
k1415,0.0435,0.0,0.3,0.0769,0.0,0.0,0.0,0.0,0.262391657,0.0,1554
k3119,0.0,0.0,0.0,0.0,0.0,0.0,0.0,0.0,0.119672194,0.0,411
k95,0.0,0.0,0.0,0.0,0.0,0.0,0.0,0.0,0.0,0.0,98
k927,0.0,0.0,0.0,0.0,0.0,0.0,0.0,0.0,0.0,0.0,29
k1683,0.0,0.0,0.0,0.0,0.0385,0.0,0.0,0.0417,0.0,0.166666667,2024
k1314,0.0,0.0,0.0,0.0,0.0,0.0,0.0,0.0,0.0,0.0,1101
k1852,0.0,0.0,0.0,0.0,0.0,0.0,0.0,0.0,0.0,0.0,2627
k1713,0.0,0.0,0.0,0.0,0.0,0.0,0.0,0.0,0.0,0.0,1379
k2897,0.0,0.0,0.0,0.0,0.0,0.0,0.0,0.0,0.0,0.0,2474
k1876,0.0,0.0,0.0,0.0,0.0,0.0,0.0,0.0,0.0,0.0,1592
k2660,0.0,0.0,0.0,0.0,0.0,0.0,0.0,0.0,0.0,0.0,2918
k2466,0.087,0.0,0.0,0.0769,0.0,0.146160568,0.0,0.0,0.0,0.0,1975
k842,0.0,0.0,0.0,0.0,0.0,0.0,0.0,0.0,0.0,0.0,757
k1312,0.0,0.0,0.0,0.0,0.0,0.0,0.0,0.0,0.0,0.0,2121
k1376,0.0,0.0,0.0,0.0,0.0,0.0,0.0,0.0,0.0,0.0,1245
k2918,0.0,0.0,0.0,0.0,0.0,0.064,0.0,0.0,0.0,0.0,1691
k1750,0.0,0.0,0.0,0.0,0.0,0.0,0.0,0.0,0.0,0.0,3021
k557,0.0,0.0,0.0,0.0,0.0385,0.0,0.0,0.0,0.0,0.0,2944
k3129,0.0,0.0,0.0,0.0,0.0,0.0,0.0,0.0,0.133713731,0.0,1309
k3369,0.0,0.0,0.0,0.0,0.0,0.0,0.0,0.0,0.0,0.0,2391
k1520,0.0,0.0,0.0,0.0,0.0,0.0,0.0,0.0,0.191213827,0.0,2790
k2286,0.0,0.0,0.0,0.0,0.0,0.0,0.0,0.0,0.0,0.0,1185
k1236,0.0,0.0,0.0,0.0,0.0,0.0,0.0,0.0,0.0,0.0,861
k2383,0.0,0.0,0.0,0.0,0.0,0.0,0.0,0.0,0.0,0.0,94
k3284,0.0,0.0,0.0,0.0,0.0,0.0693,0.0,0.0,0.126807848,0.0,334
k2337,0.0435,0.0,0.0,0.153846154,0.0,0.0,0.0,0.0,0.0,0.0,2112
k1485,0.0,0.0,0.0,0.0,0.0385,0.0,0.0,0.0,0.0,0.0,1699
k2017,0.0,0.0,0.0,0.0,0.0,0.0,0.0,0.0,0.0,0.0,3209
k2739,0.0,0.0,0.0,0.0,0.0,0.0,0.0,0.0,0.0,0.0,206
k1227,0.0,0.0,0.0,0.0,0.0,0.0,0.0,0.0,0.0,0.0,719
k3338,0.0,0.0,0.0,0.0,0.0,0.0,0.0,0.0,0.0,0.0,3129
k2398,0.0,0.0,0.0,0.0,0.0,0.145052997,0.0,0.0,0.0,0.0,2774
k1267,0.0,0.0,0.0,0.0,0.153846154,0.0,0.0,0.0,0.462955871,0.0,1941
k1588,0.0,0.0,0.0,0.0,0.0,0.0,0.0,0.0,0.0,0.0,2841
k2798,0.0,0.0,0.0,0.0,0.0,0.0,0.0,0.0,0.0,0.0,2822
k1990,0.0,0.0,0.0,0.0,0.0,0.0,0.0,0.0,0.0,0.0,1454
k2056,0.0,0.0,0.0,0.0,0.0,0.0,0.0,0.0,0.0,0.0,214
k3046,0.0,0.0,0.0,0.0,0.0,0.0,0.0,0.0,0.0,0.0,784
k3118,0.0,0.0,0.0,0.0,0.0,0.0,0.0,0.0,0.660756456,0.0,162
k1459,0.0,0.0,0.0,0.0,0.0,0.0723,0.0,0.0,0.0,0.0,633
k826,0.0,0.0,0.0,0.0,0.0,0.0,0.0,0.0,0.0,0.0,1588
k2165,0.0,0.0,0.0,0.0,0.0,0.197430086,0.0,0.0,0.0,0.0,3267
k139,0.0,0.0,0.0,0.0,0.0,0.0,0.0,0.0,0.0,0.0,2515
k240,0.0,0.0,0.0,0.0,0.0,0.0,0.0,0.0,0.0,0.0,1869
k3320,0.0435,0.0,0.0,0.0769,0.0,0.0,0.0,0.0,0.0,0.0,1985
k816,0.0,0.0,0.0,0.0,0.0,0.0,0.0,0.0,0.0,0.0,1300
k278,0.0,0.0,0.0,0.0,0.0,0.0756,0.0,0.0,0.0,0.0,2003
k3227,0.0,0.0,0.0,0.0,0.0,0.0,0.0,0.0,0.0,0.0,1127
k384,0.0,0.0,0.0,0.0,0.0,0.0,0.0,0.0,0.0,0.0,2928
k402,0.0,0.0,0.0,0.0,0.0385,0.0,0.0,0.0,0.0,0.0,2621
k1335,0.0,0.0,0.0,0.0,0.0,0.0,0.0,0.0,0.0,0.0,1451
k519,0.0,0.0,0.0,0.0,0.0,0.0,0.0,0.0,0.0,0.0,327
k983,0.0,0.0,0.0,0.0769,0.0385,0.0,0.0,0.0,0.187486437,0.0,2612
k2837,0.0,0.0,0.0,0.0,0.0,0.0,0.0,0.0,0.17156844,0.0,2408
k752,0.0,0.0,0.0,0.0,0.0,0.0,0.0,0.0,0.0,0.0,2592
k1320,0.0,0.0,0.0,0.0,0.0,0.0,0.0,0.0,0.0,0.0,2565
k1543,0.0,0.0,0.0,0.0,0.0,0.0,0.0,0.0,0.213922823,0.0,2110
k74,0.173913043,0.0,0.0,0.153846154,0.0,0.0,0.0,0.0,0.0,0.0,422
k1891,0.0,0.0,0.0,0.0,0.0,0.0,0.0,0.0,0.0,0.0,587
k3140,0.0,0.0,0.0,0.0,0.0,0.0,0.0,0.0,0.0,0.0,470
k2847,0.0,0.0,0.0,0.0,0.0,0.0,0.0,0.0,0.0,0.0,2101
k2278,0.0,0.0,0.0,0.0,0.0,0.0,0.0,0.0,0.11164937,0.0,1232
k1997,0.0,0.0,0.0,0.0,0.0,0.0,0.0,0.0,0.208025377,0.0,525
k877,0.0,0.0,0.0,0.0,0.0,0.0,0.0,0.0,0.0,0.0,1218
k692,0.0,0.0,0.0,0.0,0.0,0.127949407,0.0,0.0,0.0,0.0,208
k2208,0.0,0.0,0.0,0.0,0.0385,0.0776,0.0,0.0,0.176074497,0.0,74
k2965,0.0,0.0,0.0,0.0,0.115384615,0.0,0.0,0.0,0.210469881,0.0,1987
k2724,0.0,0.0,0.0,0.0,0.0,0.0,0.0,0.0,0.0,0.0,2819
k849,0.0,0.0,0.0,0.0,0.0,0.0,0.0,0.0,0.0,0.0,1195
k1980,0.087,0.0,0.0,0.0769,0.153846154,0.0,0.0,0.0,0.179725296,0.0,42
k1053,0.0,0.0,0.0,0.0,0.0,0.0,0.0,0.0,0.0,0.0,2788
k443,0.0,0.0,0.0,0.0,0.0,0.0,0.0,0.0,0.0,0.0,2151
k1038,0.0,0.0,0.0,0.0,0.0,0.0,0.0,0.0,0.200040848,0.0,1834
k1162,0.0,0.0,0.0,0.0,0.0,0.0,0.0,0.0,0.132807414,0.0,2504
k642,0.0,0.0,0.0,0.0,0.0,0.0,0.0,0.0,0.0,0.0,2942
k3240,0.0,0.0,0.0,0.0,0.0,0.0,0.0,0.0,0.0,0.0,1739
k2515,0.0,0.0,0.0,0.0,0.0,0.0,0.0,0.0,0.0,0.0,2978
k1632,0.0,0.0,0.0,0.0,0.307692308,0.0,0.0,0.0,0.0,0.0,1426
k1942,0.0,0.0,0.0,0.0,0.0,0.0,0.0,0.0,0.0,0.0,1510
k3368,0.0,0.0,0.0,0.0,0.0,0.0,0.0,0.0,0.0,0.0,136
k2386,0.0,0.0,0.0,0.0,0.0385,0.0,0.0,0.0,0.177076552,0.0,3203
k1770,0.0,0.0,0.0,0.0,0.153846154,0.0,0.0,0.0,0.0,0.0,3144
k2892,0.087,0.0,0.0,0.0769,0.0,0.0,0.0,0.0,0.203385287,0.0,2761
k1748,0.0,0.0,0.0,0.0,0.0,0.0,0.0,0.0,0.0,0.0,2276
k679,0.0,0.0,0.0,0.0,0.0,0.0,0.0,0.0,0.0,0.0,526
k289,0.0,0.0,0.0,0.0,0.0,0.0,0.0,0.0,0.0,0.0,3343
k1734,0.0,0.0,0.0,0.0,0.0,0.0,0.0,0.0,0.0,0.0,3252
k1807,0.0,0.0,0.0,0.0,0.0,0.0,0.0,0.0,0.0,0.0,740
k2657,0.0,0.0,0.0,0.0,0.0,0.0,0.0,0.0,0.0,0.0,1688
k456,0.0,0.0,0.0,0.0,0.0385,0.0,0.0,0.0,0.0,0.0,1754
k482,0.0,0.0,0.0,0.0,0.0,0.0,0.0,0.0,0.175283065,0.0,1660
k2768,0.0,0.0,0.0,0.0,0.0,0.0,0.0,0.0,0.0,0.0,2147
k2024,0.0,0.0,0.0,0.0,0.0,0.0,0.0,0.0,0.0,0.0,2085
k2615,0.0,0.0,0.0,0.0,0.0,0.0,0.0,0.0,0.0,0.0,2552
k312,0.0,0.0,0.0,0.0,0.0,0.0,0.0,0.0,0.0,0.0,389
k2961,0.0435,0.0,0.0,0.0,0.0769,0.0,0.0,0.0,0.230300361,0.0,707
k2246,0.0,0.0,0.0,0.0,0.0,0.0,0.0,0.0,0.0,0.0,1404
k3097,0.0,0.0,0.0,0.0,0.0,0.0,0.0,0.0,0.0,0.0,2265
k3296,0.0,0.0,0.0,0.0,0.0,0.0,0.0,0.0,0.0,0.0,568
k2742,0.0,0.0,0.0,0.0,0.0,0.0,0.0,0.0,0.0,0.0,81
k547,0.0,0.0,0.0,0.0,0.0,0.0,0.0,0.0,0.0,0.0,1784
k2876,0.0,0.0,0.0,0.0,0.0,0.0,0.0,0.0,0.0,0.0,3291
k3225,0.0,0.0,0.0,0.0,0.0,0.0,0.0,0.0,0.0,0.0,2522
k2542,0.0,0.0,0.0,0.0,0.0,0.0,0.0,0.0,0.0,0.0,3274
k1697,0.0,0.0,0.0,0.0,0.0,0.0,0.0,0.0,0.0,0.0,1060
k2176,0.0,0.0,0.0,0.0,0.0,0.0,0.0,0.0,0.0,0.0,2017
k628,0.0,0.0,0.0,0.0,0.0,0.0,0.0,0.0,0.0,0.0,519
k1747,0.0,0.0,0.0,0.0,0.0,0.0,0.0,0.0,0.0,0.0,1937
k2319,0.0,0.0,0.0,0.0,0.0,0.0,0.0,0.0,0.342339065,0.0,2904
k514,0.0,0.0,0.0,0.0,0.0,0.0,0.0,0.0,0.202842773,0.0,1793
k2444,0.0,0.0,0.0,0.0,0.0,0.0,0.0,0.0,0.0,0.0,676
k835,0.0,0.0,0.0,0.0,0.0,0.0,0.0,0.0,0.0,0.0,681
k3357,0.0,0.0,0.0,0.0,0.0,0.0,0.0,0.0,0.0,0.0,1348
k3026,0.0,0.0,0.0,0.0,0.0,0.0,0.0,0.0,0.0,0.0,3393
k1171,0.0,0.231555066,0.0,0.0,0.0,0.0,0.0,0.0,0.0,0.0,1655
k1061,0.0,0.0,0.0,0.0,0.0,0.18667315,0.0,0.0,0.0,0.0,59
k1940,0.0,0.0,0.0,0.0,0.0,0.0724,0.0,0.0,0.0,0.0,1193
k3180,0.0,0.0,0.0,0.0,0.0,0.0,0.0,0.0,0.0,0.0,3109
k3040,0.0,0.0,0.0,0.0,0.0,0.0,0.0,0.0,0.0,0.0,1466
k484,0.0,0.0,0.0,0.0,0.0,0.078,0.0,0.0,0.0,0.0,395
k743,0.0,0.0,0.0,0.0,0.0,0.353625044,0.0,0.0,0.0,0.0,1942
k3014,0.087,0.0,0.0,0.0769,0.0,0.0,0.0,0.0,0.0,0.0,247
k1732,0.0,0.0,0.0,0.0,0.0,0.0,0.0,0.0,0.0,0.0,1970
k2766,0.0,0.0,0.0,0.0,0.0,0.0,0.0,0.0,0.0,0.0,2628
k1548,0.0,0.0,0.0,0.0,0.0,0.0,0.0,0.0,0.0,0.0,3327
k423,0.0,0.0,0.0,0.0,0.0,0.0,0.0,0.0,0.0,0.0,20
k705,0.0,0.0,0.0,0.0,0.0,0.0,0.0,0.0,0.0,0.0,3020
k586,0.0,0.0,0.0,0.0,0.0,0.0,0.0,0.0,0.156773765,0.0,252
k1046,0.087,0.246158862,0.0,0.0769,0.0,0.0,0.0,0.0,0.167241093,0.0,2527
k1152,0.0,0.0,0.0,0.0,0.0,0.0,0.0,0.0,0.0,0.0,2174
k953,0.0,0.0,0.0,0.0,0.0,0.0,0.0,0.0,0.0,0.0,929
k608,0.0,0.0,0.0,0.0,0.0,0.0,0.0,0.0,0.173221512,0.0,2620
k1662,0.0,0.0,0.0,0.0,0.0,0.0,0.0,0.0,0.0,0.0,2155
k1202,0.0,0.0,0.0,0.0,0.0,0.0,0.0,0.0,0.0,0.0,863
k1864,0.0,0.0,0.0,0.0,0.0,0.0,0.0,0.0,0.0,0.0,2352
k1333,0.0,0.0,0.0,0.0,0.0,0.0,0.0,0.0,0.0,0.0,111
k1775,0.0,0.0,0.0,0.0,0.0,0.0,0.0,0.0,0.0,0.0,353
k2693,0.0,0.0,0.0,0.0,0.0,0.0,0.0,0.0,0.0,0.0,3257
k1274,0.0,0.0,0.0,0.0,0.0,0.0,0.0,0.0,0.0,0.0,3308
k459,0.0,0.0,0.0,0.0,0.0,0.0,0.0,0.0,0.0,0.0,2983
k1535,0.0,0.0,0.0,0.0,0.0,0.0,0.0,0.0,0.0,0.0,3330
k1929,0.0,0.0,0.0,0.0,0.0385,0.0,0.0,0.0,0.0,0.0,913
k958,0.0,0.0,0.0,0.0,0.0,0.207506979,0.0,0.0,0.0,0.0,393
k3387,0.0,0.0,0.0,0.0,0.0,0.0,0.0,0.0,0.0,0.0,1058
k1430,0.0,0.0,0.0,0.0,0.0,0.138892604,0.0,0.0,0.0,0.0,1137
k922,0.0,0.0,0.0,0.0,0.153846154,0.0,0.0,0.0,0.0,0.0,2468
k2105,0.0,0.0,0.0,0.0,0.0,0.0,0.0,0.0,0.0,0.0,1116
k2711,0.0,0.228403364,0.0,0.0,0.0,0.0,0.0,0.0,0.0,0.0,1803
k149,0.0,0.0,0.0,0.0,0.0,0.0,0.0,0.0,0.0,0.0,3163
k1654,0.0,0.0,0.0,0.0,0.0,0.0,0.0,0.0,0.0,0.0,3273
k1176,0.0,0.0,0.0,0.0,0.0,0.0,0.0,0.0,0.0,0.0,2811
k1905,0.0,0.0,0.0,0.0,0.0,0.0,0.0,0.0,0.217777863,0.0,886
k3054,0.0,0.0,0.0,0.0,0.0,0.0709,0.0,0.0,0.21026564,0.0,1952
k1975,0.0,0.0,0.0,0.0,0.0,0.0,0.0,0.0,0.131211785,0.0,2791
k1361,0.0,0.0,0.0,0.0,0.0,0.0,0.0,0.0,0.0,0.0,2185
k2692,0.0,0.0,0.0,0.0,0.0,0.0,0.0,0.0,0.206895671,0.0,294
k1427,0.087,0.0,0.0,0.0,0.0,0.0,0.0,0.0,0.0,0.0,1178
k2403,0.0,0.0,0.0,0.0,0.0,0.0709,0.0,0.0,0.0,0.0,1042
k3292,0.0,0.0,0.0,0.0,0.0,0.0,0.0,0.0,0.0,0.0,1
k3029,0.0,0.0,0.0,0.0,0.115384615,0.0,0.0357,0.0,0.0,0.0,1635
k2369,0.0,0.0,0.0,0.0,0.0,0.0,0.0,0.0,0.0,0.0,2207
k383,0.0,0.0,0.0,0.0,0.153846154,0.0,0.0,0.0,0.0,0.0,2281
k961,0.0,0.0,0.0,0.0,0.153846154,0.0,0.0,0.0,0.0,0.0,995
k175,0.0,0.0,0.0,0.230769231,0.0,0.0,0.0,0.0,0.0,0.0,780
k1875,0.0,0.0,0.0,0.0,0.0,0.0,0.0,0.0,0.0,0.0,2028
k2478,0.0,0.0,0.0,0.0,0.153846154,0.0733,0.0,0.0,0.238559338,0.0,1786
k1007,0.0,0.0,0.0,0.0,0.0,0.0,0.0,0.0,0.0,0.0,617
k1514,0.0,0.0,0.0,0.0,0.0,0.0,0.0,0.0,0.0,0.0,985
k1014,0.0,0.0,0.0,0.0,0.0385,0.0,0.0,0.0,0.0,0.0,3155
k1544,0.0,0.0,0.0,0.0,0.0,0.0,0.0,0.0,0.0,0.0,553
k2818,0.0,0.0,0.0,0.0,0.0,0.0,0.0,0.0,0.185546152,0.0,3287
k2882,0.0,0.0,0.0,0.0,0.0,0.0,0.0,0.0,0.0,0.0,3150
k3160,0.0,0.0,0.0,0.0,0.0,0.0,0.0,0.0,0.0,0.0,375
k629,0.0,0.0,0.0,0.0,0.0,0.0,0.0,0.0,0.0,0.0,1534
k1076,0.0,0.0,0.0,0.0,0.0,0.0,0.0,0.0,0.0,0.0,2144
k3175,0.0,0.0,0.0,0.0,0.0,0.0,0.0,0.0,0.0,0.0,1455
k2753,0.0,0.0,0.0,0.0,0.0,0.0,0.0,0.0,0.0,0.0,2597
k734,0.0435,0.0,0.0,0.0,0.0,0.0,0.0,0.0,0.298363523,0.0,1935
k1932,0.0,0.0,0.0,0.0,0.0385,0.146964369,0.0,0.0,0.0,0.0,1521
k3335,0.0,0.0,0.0,0.0,0.0,0.0,0.0,0.0,0.0,0.0,1073
k1467,0.0,0.0,0.0,0.0,0.0,0.0,0.0,0.0,0.0963,0.0,1606
k3375,0.0,0.0,0.0,0.0,0.0,0.0,0.0,0.0,0.0,0.0,651
k2586,0.0,0.0,0.0,0.0,0.0,0.0,0.0,0.0,0.0,0.0,2402
k2322,0.0,0.0,0.0,0.0,0.0,0.0,0.0,0.0417,0.0,0.0,1320
k262,0.0,0.0,0.0,0.0,0.0,0.0,0.0,0.0,0.0,0.0,672
k995,0.0,0.0,0.0,0.0,0.0,0.0,0.0,0.0,0.0,0.0,2371
k711,0.0,0.0,0.0,0.0,0.0,0.0,0.0,0.0,0.0,0.0,774
k222,0.0,0.0,0.0,0.0,0.0,0.0,0.0,0.0,0.0,0.0,2229
k885,0.0,0.0,0.0,0.0,0.0,0.0,0.0,0.0,0.0,0.0,1723
k2418,0.0,0.0,0.0,0.0,0.0,0.0,0.0,0.0,0.0,0.0,2887
k3137,0.0,0.0,0.0,0.0,0.0,0.0,0.0,0.0,0.0,0.0,3328
k1291,0.0,0.0,0.0,0.0,0.153846154,0.0,0.0,0.0,0.0,0.0,415
k2687,0.0,0.0,0.0,0.0,0.0,0.0,0.0,0.0,0.0,0.0,170
k2091,0.0,0.0,0.0,0.0,0.0,0.0,0.0,0.0,0.0,0.0,943
k2026,0.0,0.0,0.0,0.0,0.0,0.0,0.0,0.0,0.0,0.0,218
k1144,0.0,0.0,0.2,0.0,0.0,0.0,0.0,0.0,0.0,0.0,3415
k2071,0.0,0.0,0.0,0.0,0.0,0.0,0.0,0.0,0.0,0.0,2941
k1753,0.0435,0.0,0.0,0.0,0.0,0.0,0.0,0.0,0.0,0.0,2680
k2140,0.0435,0.0,0.0,0.0,0.0,0.0,0.0,0.0,0.170489794,0.0,600
k837,0.0,0.0,0.0,0.0,0.0,0.0,0.0,0.0,0.0,0.0,2917
k808,0.0,0.23821168,0.0,0.0,0.0,0.0,0.0,0.0,0.158043886,0.0,935
k3290,0.0,0.0,0.0,0.0,0.0,0.0,0.0,0.0,0.134390278,0.0,1668
k234,0.0,0.240521118,0.0,0.0,0.0,0.0,0.0,0.0,0.131620266,0.0,670
k1158,0.0435,0.0,0.0,0.0,0.0769,0.0,0.0,0.0,0.0,0.0,2463
k1691,0.0,0.0,0.0,0.0,0.0,0.0649,0.0,0.0,0.0,0.0,1594
k838,0.0,0.0,0.0,0.0,0.0,0.0,0.0,0.0,0.168338886,0.0,1620
k3250,0.0,0.0,0.0,0.0,0.0,0.0,0.0,0.0,0.141315309,0.0,406
k1364,0.0,0.0,0.0,0.0,0.0,0.0,0.0,0.0,0.0,0.0,2309
k378,0.0,0.0,0.0,0.0,0.0,0.0,0.0,0.0,0.0,0.0,465
k947,0.0,0.0,0.0,0.0,0.0,0.0,0.0,0.0,0.0,0.0,79
k1191,0.0,0.0,0.0,0.0,0.0,0.0,0.0,0.0,0.0,0.0,704
k1466,0.0,0.0,0.0,0.0,0.0385,0.0,0.0357,0.0,0.301784552,0.0,2699
k3038,0.0,0.0,0.0,0.0,0.0,0.0,0.0,0.0,0.0,0.0,846
k3073,0.0,0.0,0.0,0.0,0.153846154,0.0,0.0,0.0,0.0,0.0,2063
k1759,0.0,0.0,0.0,0.0,0.0,0.0,0.0,0.0,0.0,0.0,1324
k2028,0.0,0.0,0.0,0.0,0.0,0.0,0.0,0.0,0.0,0.0,1580
k2245,0.0,0.0,0.0,0.0,0.0,0.0,0.0,0.0,0.0,0.0,1757
k2755,0.0,0.0,0.0,0.0,0.0,0.0,0.0,0.0,0.0,0.0,1487
k3404,0.0,0.0,0.0,0.0,0.0,0.0683,0.0,0.0,0.0,0.0,3078
k206,0.0,0.0,0.0,0.0,0.0,0.0,0.0,0.0,0.231998111,0.0,1574
k1418,0.0,0.0,0.0,0.0,0.0,0.0,0.0,0.0,0.0,0.0,663
k859,0.0,0.0,0.0,0.0,0.0,0.153694798,0.0,0.0,0.0,0.0,763
k718,0.0,0.0,0.0,0.0,0.0,0.0,0.0,0.0,0.19147551,0.0,2103
k1530,0.0,0.0,0.0,0.0,0.153846154,0.0,0.0,0.0,0.0,0.0,2111
k1207,0.0,0.0,0.0,0.0,0.0,0.0,0.0,0.0,0.0,0.0,2939
k2527,0.0,0.0,0.0,0.0,0.0,0.0,0.0,0.0,0.0,0.0,2726
k176,0.0,0.0,0.0,0.0,0.0,0.0,0.0,0.0,0.0,0.0,1895
k1513,0.0,0.0,0.0,0.0,0.0,0.0,0.0,0.0,0.0,0.0,2362
k211,0.0,0.0,0.0,0.0,0.0385,0.0,0.0,0.0,0.232393827,0.0,1246
k1799,0.0,0.0,0.0,0.0,0.0,0.0,0.0,0.0,0.174989469,0.0,1092
k592,0.347826087,0.0,0.0,0.307692308,0.461538462,0.0,0.0714,0.0,0.666302863,0.0,3323
k3307,0.0,0.0,0.0,0.0,0.0,0.253527412,0.0,0.0,0.0,0.0,1488
k779,0.0,0.0,0.0,0.0,0.0,0.0,0.0,0.0,0.0,0.0,1087
k2131,0.0,0.0,0.0,0.0,0.0,0.0,0.0,0.0,0.0,0.0,1207
k2858,0.0,0.0,0.0,0.0,0.0,0.0,0.0,0.0,0.0,0.0,1465
k340,0.0,0.0,0.0,0.0,0.0,0.0,0.0,0.0,0.0,0.0,2835
k2306,0.0,0.0,0.0,0.0,0.0,0.0,0.0,0.0,0.0,0.0,872
k252,0.0,0.0,0.0,0.0,0.0,0.0,0.0,0.0,0.0,0.0,1519
k10,0.0,0.0,0.0,0.0,0.0,0.0,0.0,0.0,0.0,0.0,2569
k2357,0.0,0.0,0.0,0.0,0.0,0.0,0.0,0.0,0.0,0.0,1659
k1214,0.0,0.0,0.0,0.0,0.153846154,0.0,0.0,0.0,0.0,0.0,432
k1880,0.0,0.0,0.0,0.0,0.0,0.0,0.0,0.0,0.0,0.0,450
k820,0.0,0.0,0.0,0.0,0.384615385,0.0,0.0,0.0,0.0,0.0,392
k2279,0.0435,0.0,0.0,0.0,0.0769,0.149153259,0.0714,0.0,0.214995085,0.0,1951
k265,0.0,0.0,0.0,0.0,0.0385,0.0,0.0,0.0,0.0,0.0,1679
k1611,0.0,0.0,0.0,0.0,0.153846154,0.149265766,0.0,0.0,0.0,0.0,243
k467,0.0,0.0,0.0,0.0,0.0,0.0,0.0,0.0,0.0,0.0,1006
k1515,0.0,0.0,0.0,0.0,0.115384615,0.0,0.0,0.0,0.397062766,0.0,2425
k1387,0.0,0.0,0.0,0.0,0.0,0.0,0.0,0.0,0.0,0.0,2215
k1801,0.0,0.0,0.0,0.0,0.0,0.0,0.0,0.0,0.0,0.0,2077
k2454,0.0,0.0,0.0,0.0,0.0,0.0,0.0,0.0,0.0,0.0,498
k2573,0.0,0.0,0.0,0.0,0.0,0.0719,0.0,0.0,0.0,0.0,82
k3255,0.0,0.0,0.0,0.0,0.0,0.0,0.0,0.0,0.0,0.0,878
k248,0.0,0.0,0.0,0.0,0.0,0.0,0.0,0.0,0.0,0.0,2703
k2890,0.0,0.0,0.0,0.0,0.0,0.0,0.0,0.0,0.0,0.0,3083
k3074,0.0,0.0,0.0,0.0,0.0,0.14023269,0.0,0.0,0.0,0.0,1741
k1016,0.0,0.0,0.0,0.0,0.0,0.0,0.0,0.0,0.0,0.0,1750
k1479,0.0,0.0,0.0,0.0,0.0,0.0,0.0,0.0,0.0,0.0,2976
k1782,0.0,0.0,0.0,0.0,0.0,0.0,0.0,0.0,0.18957352,0.0,2010
k3417,0.0,0.0,0.0,0.0,0.0,0.18745445,0.0,0.0,0.0,0.0,3262
k2697,0.0,0.0,0.0,0.0,0.0,0.0,0.0,0.0,0.0,0.0,2055
k1380,0.0,0.0,0.0,0.0,0.0,0.0,0.0,0.0,0.0,0.0,3358
k1566,0.0,0.0,0.0,0.0,0.0,0.140753973,0.0,0.0,0.0,0.0,2572
k2845,0.0,0.0,0.0,0.0,0.0,0.0,0.0,0.0,0.0,0.0,791
k1440,0.0,0.0,0.0,0.0,0.0,0.0,0.0,0.0,0.0,0.0,2109
k1009,0.0,0.0,0.0,0.0,0.0,0.0,0.0,0.0,0.0,0.0,56
k17,0.0,0.0,0.0,0.0,0.0,0.0,0.0,0.0,0.0,0.0,1460
k1105,0.0,0.0,0.0,0.0,0.0,0.0,0.0,0.0,0.151731577,0.0,13
k674,0.0,0.0,0.0,0.0,0.153846154,0.0764,0.0,0.0,0.180389078,0.0,1269
k1999,0.0,0.0,0.0,0.0,0.0,0.0,0.0,0.0,0.0,0.0,1048
k1391,0.0,0.0,0.0,0.0,0.0,0.0623,0.0,0.0,0.0,0.0,469
k1831,0.0,0.0,0.0,0.0,0.0,0.0,0.0,0.0,0.0,0.0,2773
k2436,0.0,0.0,0.0,0.0,0.0385,0.0,0.0,0.0,0.0,0.0,1860
k2740,0.0,0.0,0.0,0.0,0.0,0.0,0.0,0.0,0.0,0.0,1243
k2328,0.0,0.0,0.0,0.0,0.0,0.0,0.0,0.0,0.0,0.0,2889
k2593,0.0,1.0,0.0,0.0,0.0,0.0,0.0,0.0,0.423799129,0.0,919
k2635,0.0,0.0,0.0,0.0,0.0,0.0726,0.0,0.0,0.0,0.0,3065
k385,0.0,0.0,0.0,0.0,0.0,0.0722,0.0,0.0,0.166564546,0.0,601
k1823,0.0,0.0,0.0,0.0,0.0,0.0,0.0,0.0,0.0,0.0,2233
k2186,0.0,0.0,0.0,0.0,0.0,0.0,0.0,0.0,0.0,0.0,3363
k633,0.0,0.0,0.0,0.0,0.0,0.0,0.0,0.0,0.134071152,0.0,3096
k1197,0.0,0.0,0.0,0.0,0.0,0.0,0.0,0.0,0.0,0.0,3105
k599,0.0,0.0,0.0,0.0,0.0385,0.0,0.0,0.0,0.17537242,0.0,3418
k1349,0.0,0.0,0.0,0.153846154,0.0,0.0,0.142857143,0.0,0.596395154,0.0,2410
k3121,0.0,0.0,0.0,0.0,0.0,0.0,0.0,0.0,0.0,0.0,230
k445,0.0,0.0,0.0,0.0,0.0,0.0652,0.0,0.0,0.0,0.0,1401
k810,0.0,0.0,0.0,0.0,0.0,0.0,0.0,0.0,0.0,0.0,1361
k1397,0.0435,0.0,0.0,0.0,0.0,0.0,0.0,0.0,0.0,0.111111111,1811
k3274,0.0,0.0,0.0,0.0,0.0,0.0,0.0,0.0,0.0,0.0,357
k1550,0.0,0.0,0.0,0.0,0.0,0.0,0.0,0.0,0.0,0.0,948
k671,0.0,0.0,0.0,0.0,0.0,0.0,0.0,0.0,0.136336946,0.0,2424
k1524,0.0,0.0,0.0,0.0,0.0,0.0,0.0,0.0,0.0,0.0,1674
k1643,0.0,0.0,0.0,0.0,0.0,0.0,0.0,0.0,0.172755588,0.0,447
k200,0.0,0.0,0.0,0.0,0.0,0.0,0.0,0.0,0.0,0.0,1037
k1,0.0,0.0,0.0,0.0,0.0,0.146184319,0.0,0.0,0.0,0.0,3224
k998,0.0,0.0,0.0,0.0,0.0,0.0,0.0357,0.0,0.0,0.0,379
k821,0.0,0.0,0.0,0.0,0.0,0.0,0.0,0.0,0.0,0.0,488
k1187,0.0,0.0,0.0,0.0,0.0,0.0,0.0,0.0,0.0,0.0,3237
k3049,0.0,0.0,0.0,0.0,0.0,0.0,0.0,0.0,0.0,0.0,340
k2461,0.0,0.0,0.0,0.0,0.0,0.0,0.0,0.0,0.0,0.0,2301
k1873,0.0,0.0,0.0,0.0,0.0,0.0,0.0,0.0,0.178780684,0.0,1924
k1367,0.0,0.0,0.0,0.0,0.0,0.0,0.0,0.0,0.148789237,0.0,3319
k3340,0.0,0.0,0.0,0.0,0.0,0.0,0.0,0.0,0.0,0.0,804
k259,0.087,0.0,0.0,0.0769,0.0769,0.0,0.0,0.0,0.0,0.0,2096
k1904,0.0435,0.0,0.0,0.0,0.0,0.0,0.0,0.0,0.0,0.111111111,457
k1814,0.0,0.0,0.0,0.0,0.0,0.0,0.0,0.0,0.0,0.0,551
k3010,0.0,0.0,0.0,0.0,0.0,0.203551726,0.0,0.0,0.143408775,0.0,2203
k2637,0.0,0.0,0.0,0.0,0.0,0.175299925,0.0,0.0,0.0,0.0,176
k1577,0.0,0.0,0.0,0.0,0.0,0.0673,0.0,0.0,0.0,0.0,2118
k3044,0.0,0.0,0.0,0.0,0.0,0.0,0.0,0.0,0.0,0.0,2656
k1315,0.0435,0.0,0.0,0.0,0.192307692,0.0,0.0,0.125,0.0,0.111111111,3091
k951,0.0,0.0,0.0,0.0769,0.0,0.0,0.0,0.0,0.0,0.0,109
k1128,0.0,0.264593607,0.0,0.0,0.0,0.0659,0.0,0.0,0.132628703,0.0,1630
k672,0.0,0.0,0.0,0.0,0.0,0.0,0.0,0.0,0.0,0.0,669
k1808,0.0,0.0,0.0,0.0,0.0,0.0,0.0,0.0,0.0,0.0,2807
k1127,0.0,0.0,0.0,0.0,0.0,0.0716,0.0,0.0,0.0,0.0,1013
k3350,0.0,0.0,0.0,0.0,0.0,0.0,0.0,0.0,0.0,0.0,1100
k1438,0.0435,0.0,0.0,0.0769,0.0,0.0,0.0,0.0,0.0,0.0,2679
k867,0.0,0.0,0.0,0.0,0.0,0.0,0.0,0.0,0.0,0.0,927
k2313,0.0435,0.0,0.0,0.0769,0.0,0.0,0.0,0.0,0.0,0.111111111,1738
k1112,0.0,0.0,0.0,0.0,0.115384615,0.0,0.0,0.0,0.0,0.111111111,2929
k1788,0.0,0.0,0.0,0.0,0.0,0.0,0.0,0.0,0.148495641,0.0,2091
k1663,0.0435,0.285188355,0.0,0.0,0.0,0.0,0.0,0.0,0.13216278,0.0556,2413
k670,0.0,0.0,0.2,0.0,0.0,0.0,0.0,0.0,0.160450095,0.0,2897
k790,0.0,0.0,0.0,0.0,0.0,0.0,0.0,0.0,0.0,0.0,597
k2136,0.0,0.0,0.0,0.0,0.0,0.0,0.0,0.0,0.0,0.0,2657
k2580,0.0,0.0,0.0,0.0,0.0769,0.0,0.0,0.0,0.0,0.0,1816
k2334,0.087,0.0,0.0,0.0769,0.115384615,0.0,0.0,0.0833,0.19150104,0.277777778,3074
k3345,0.0,0.0,0.0,0.0,0.0,0.0,0.0,0.0,0.0,0.0,2449
k468,0.0,0.0,0.0,0.0,0.0,0.0,0.0,0.0,0.0,0.0,2547
k3283,0.0,0.0,0.0,0.0,0.0,0.0,0.0,0.0,0.0,0.0,1840
k3277,0.0,0.0,0.0,0.0,0.0,0.0696,0.0,0.0,0.0,0.0,1106
k3090,0.0,0.0,0.0,0.0,0.0769,0.0,0.0,0.0833,0.0,0.222222222,2759
k412,0.0,0.0,0.0,0.0,0.0,0.0,0.0,0.0,0.0,0.0,536
k2671,0.0,0.0,0.0,0.0,0.0,0.0,0.0,0.0,0.0,0.0,3062
k2545,0.0,0.0,0.0,0.0,0.0,0.0,0.0,0.0,0.0,0.0,717
k2385,0.0,0.0,0.0,0.0,0.0,0.0,0.0,0.0,0.0,0.0,2542
k141,0.0,0.0,0.0,0.0,0.0,0.0,0.0,0.0,0.0,0.0,1482
k935,0.0435,0.0,0.0,0.0,0.0,0.0,0.0,0.0,0.0,0.0,604
k2317,0.0,0.0,0.0,0.0,0.0,0.140092681,0.0,0.0,0.0,0.0,2806
k1646,0.0,0.0,0.0,0.0,0.0,0.0,0.0,0.0,0.0,0.0,2787
k904,0.0,0.0,0.0,0.0,0.0,0.0,0.0,0.0,0.0,0.0,2180
k1233,0.0,0.267229083,0.0,0.0,0.0,0.0668,0.0,0.0,0.144129999,0.0,2860
k3005,0.0,0.0,0.0,0.0,0.0769,0.0,0.0,0.0,0.0,0.0,487
k2029,0.0,0.0,0.0,0.0,0.0,0.0,0.0,0.0,0.0,0.0,2533
k2007,0.0,0.0,0.0,0.0,0.0,0.0,0.0,0.0,0.159326772,0.0,1997
k2314,0.0,0.0,0.0,0.0,0.0,0.133078484,0.0,0.0,0.0,0.0,748
k2543,0.0,0.0,0.0,0.0,0.0,0.145424271,0.0,0.0,0.0,0.0,1634
k2745,0.0,0.0,0.0,0.0,0.0,0.20752323,0.0,0.0,0.0,0.0,108
k323,0.0,0.0,0.0,0.0,0.0,0.0,0.0,0.0,0.0,0.0,1228
k2658,0.0,0.0,0.0,0.0,0.0,0.0634,0.0,0.0,0.0,0.0,3112
k2086,0.0,0.0,0.0,0.0,0.0,0.0781,0.0,0.0,0.470844662,0.0,1722
k1073,0.0,0.0,0.0,0.0,0.0,0.0,0.0,0.0,0.0,0.0,364
k77,0.0,0.0,0.0,0.0,0.0,0.0,0.0,0.0,0.0,0.0,1770
k2716,0.0,0.0,0.0,0.0,0.0,0.0679,0.0,0.0,0.0,0.0,1926
k7,0.0,0.0,0.0,0.0,0.0,0.0,0.0,0.0,0.0,0.0,1443
k1372,0.0,0.0,0.0,0.0,0.0,0.0,0.0,0.0,0.0,0.0,3271
k2364,0.0,0.0,0.0,0.0,0.0,0.0,0.0,0.0,0.0,0.0,2557
k1624,0.0,0.0,0.0,0.0,0.0,0.201079069,0.0,0.0,0.0,0.0,341
k2015,0.0,0.0,0.0,0.0,0.0,0.0,0.0,0.0,0.381259654,0.0,2148
k553,0.0,0.0,0.0,0.0,0.0,0.0,0.0,0.0,0.0,0.0,2053
k1178,0.0,0.0,0.0,0.0,0.0,0.0,0.0,0.0,0.0,0.0,620
k1508,0.0,0.0,0.0,0.0,0.0,0.0,0.0,0.0,0.0,0.0,2378
k811,0.0,0.0,0.0,0.0,0.0385,0.0,0.0,0.0,0.140664292,0.0,427
k1099,0.0,0.0,0.0,0.0,0.0,0.0,0.0,0.0,0.0,0.0,2672
k2305,0.0,0.0,0.0,0.0,0.0,0.0,0.0,0.0,0.0,0.0,2798
k1777,0.130434783,0.0,0.0,0.153846154,0.0,0.0,0.0,0.0,0.0,0.0,2025
k85,0.0,0.0,0.0,0.0,0.115384615,0.0,0.0,0.0,0.187218371,0.0,1844
k68,0.0,0.0,0.0,0.0,0.0,0.360214214,0.0,0.0,0.0,0.0,325
k2265,0.0,0.0,0.0,0.0,0.0769,0.0,0.0,0.0,0.0,0.0,2858
k1528,0.0,0.0,0.0,0.0,0.0,0.0,0.0,0.0,0.0,0.0,1291
k2196,0.0,0.0,0.0,0.0,0.0,0.0,0.0,0.0,0.178512618,0.0,221
k2729,0.0,0.0,0.0,0.0,0.0,0.0,0.0,0.0,0.0,0.0,1213
k1289,0.0,0.0,0.0,0.0,0.0,0.0,0.0,0.0,0.0,0.0,628
k531,0.0,0.0,0.0,0.0,0.0,0.0,0.0,0.0,0.0,0.0,639
k3191,0.0,0.0,0.0,0.0,0.0,0.0,0.0,0.0,0.0,0.0,2866
k49,0.0,0.0,0.0,0.0,0.0,0.0,0.0,0.0,0.316451576,0.0,2311
k2157,0.0,0.0,0.0,0.0,0.0,0.134521076,0.0,0.0,0.0,0.0,1001
k3095,0.0,0.0,0.0,0.0,0.0,0.149733295,0.0,0.0,0.0,0.0,906
k2701,0.0,0.0,0.0,0.0,0.0,0.0,0.0,0.0,0.0,0.0,826
k1142,0.0435,0.0,0.0,0.0,0.115384615,0.0,0.0,0.0,0.170342996,0.0,3192
k3212,0.0,0.0,0.0,0.0,0.153846154,0.0766,0.0,0.0,0.174740551,0.0,3008
k1277,0.0,0.0,0.0,0.0,0.0,0.0,0.0,0.0,0.0,0.0,606
k2399,0.0,0.0,0.0,0.0,0.0,0.0,0.0,0.0,0.0,0.0,2455
k3222,0.0,0.0,0.0,0.0,0.0,0.0,0.0,0.0,0.0,0.0,2386
k2130,0.0,0.0,0.0,0.0,0.0,0.0,0.0,0.0,0.0,0.0,703
k1985,0.0,0.0,0.0,0.0,0.0,0.0,0.0,0.0,0.0,0.0,2349
k2816,0.0,0.0,0.0,0.0769,0.115384615,0.0,0.0,0.0,0.168651629,0.111111111,1111
k225,0.0435,0.0,0.0,0.0,0.0769,0.14792443,0.0,0.0,0.658573635,0.0,1122
k2263,0.0,0.0,0.0,0.0,0.0,0.181300308,0.0,0.0,0.0,0.0,1047
k688,0.0,0.0,0.0,0.0,0.0,0.0,0.0,0.0,0.0,0.0,1552
k2684,0.0,0.0,0.0,0.0,0.0,0.0,0.0,0.0,0.0,0.0,2486
k1669,0.0,0.0,0.0,0.0,0.0,0.0,0.0,0.0,0.0,0.0,3284
k2146,0.0,0.0,0.0,0.0,0.0,0.0,0.0,0.0,0.194392321,0.0,714
k218,0.0,0.0,0.0,0.0,0.0,0.200129008,0.0,0.0,0.0,0.0,2400
k1526,0.0,0.0,0.0,0.0,0.0,0.0763,0.0,0.0,0.233702243,0.0,932
k2269,0.0,0.0,0.0,0.0,0.0,0.0,0.0,0.0,0.0,0.0,3161
k2881,0.0,0.0,0.0,0.0,0.0,0.0,0.0,0.0,0.0,0.0,3108
k594,0.0,0.0,0.0,0.0,0.0,0.0,0.0,0.0,0.0,0.0,2737
k2598,0.0,0.0,0.0,0.0,0.0,0.0,0.0,0.0,0.0,0.0,3384
k554,0.0,0.0,0.0,0.0,0.0,0.0,0.0,0.0,0.0,0.0,2959
k3406,0.0435,0.0,0.0,0.0,0.0,0.0,0.0,0.0,0.0,0.111111111,545
k2973,0.0435,0.0,0.0,0.0769,0.0,0.0,0.0,0.0,0.349647047,0.0,4
k3022,0.0,0.0,0.0,0.0,0.0385,0.0,0.0,0.0,0.179521056,0.0,3046
k40,0.0,0.0,0.0,0.0,0.0,0.0,0.0,0.0,0.0,0.0,416
k3024,0.0,0.0,0.0,0.0,0.0,0.0,0.0,0.0,0.234595795,0.0,1391
k3192,0.0,0.0,0.0,0.0,0.0385,0.0,0.0,0.0,0.0,0.0,3298
k3358,0.0,0.0,0.0,0.0,0.0,0.0,0.0,0.0,0.0,0.0,2740
k2850,0.0,0.0,0.0,0.0,0.0,0.0,0.0,0.0,0.0,0.0,2206
k257,0.0,0.0,0.0,0.0,0.0,0.0,0.0,0.0,0.169079258,0.0,1911
k440,0.0435,0.0,0.0,0.0,0.153846154,0.151087132,0.0,0.0,0.460964526,0.0,2443
k3037,0.0,0.0,0.0,0.307692308,0.538461538,0.0,0.0,0.75,0.0,0.0,3325
k3034,0.0,0.0,0.0,0.0,0.0,0.0,0.0,0.0,0.0,0.0,642
k1161,0.0,0.0,0.0,0.0,0.0,0.0,0.0,0.0,0.0,0.0,3309
k1878,0.0,0.0,0.0,0.0,0.0,0.0,0.0,0.0,0.0,0.0,335
k1126,0.0,0.0,0.0,0.0,0.0,0.0,0.0,0.0,0.0,0.0,2068
k2698,0.0,0.0,0.0,0.0,0.0769,0.0,0.0,0.0,0.20544684,0.0,492
k971,0.0,0.0,0.0,0.0,0.0,0.0,0.0,0.0,0.0,0.0,2143
k253,0.0,0.0,0.0,0.0,0.0,0.0,0.0,0.0,0.0,0.0,441
k2185,0.0,0.0,0.0,0.0,0.0,0.0,0.0,0.0,0.0,0.0,2066
k3269,0.0,0.0,0.0,0.0,0.0769,0.151643417,0.0,0.0,0.20057698,0.111111111,2396
k198,0.0,0.0,0.0,0.0,0.0,0.0,0.0,0.0,0.0,0.0,574
k285,0.0,0.0,0.0,0.0,0.0,0.0,0.0,0.0,0.0,0.0,53
k2804,0.0,0.0,0.0,0.0,0.0,0.0,0.0,0.0,0.0,0.0,3063
k2578,0.0,0.0,0.0,0.0,0.0,0.0,0.0,0.0,0.0,0.0,986
k1388,0.0,0.0,0.0,0.0,0.0,0.0,0.0,0.0,0.0,0.0,3033
k1265,0.0,0.0,0.0,0.0,0.0,0.0,0.0,0.0,0.0,0.0,837
k96,0.0,0.0,0.0,0.0,0.0,0.0,0.0,0.0,0.0,0.0,3241
k2273,0.0,0.0,0.0,0.0,0.0,0.0,0.0,0.0,0.0,0.0,807
k516,0.0,0.0,0.0,0.0,0.0,0.0,0.0,0.0,0.0,0.0,1343
k1706,0.0,0.0,0.0,0.0,0.0,0.0,0.0,0.0,0.0,0.0,259
k535,0.0,0.0,0.0,0.0,0.0,0.0,0.0,0.0,0.0,0.0,2893
k1830,0.0,0.0,0.0,0.0,0.0,0.0,0.0,0.0,0.0,0.0,751
k1539,0.0,0.0,0.0,0.307692308,0.307692308,0.0,0.0357,0.375,0.0,0.111111111,1053
k2104,0.0,0.0,0.0,0.0,0.0,0.0,0.0,0.0,0.0,0.0,2464
k213,0.0,0.0,0.0,0.0,0.0,0.0,0.0,0.0,0.0,0.0,2192
k54,0.173913043,0.0,0.0,0.153846154,0.0,0.0,0.0,0.0,0.652369829,0.0,2326
k1819,0.0,0.0,0.0,0.0,0.0,0.0,0.0,0.0,0.0,0.0,3365
k2930,0.0,0.0,0.0,0.0,0.0,0.0,0.0,0.0,0.0,0.0,1887
k893,0.0,0.0,0.0,0.0,0.0385,0.0,0.0,0.0,0.0,0.0,1091
k2813,0.0,0.0,0.0,0.0,0.0,0.0,0.0,0.0,0.0,0.0,2267
k170,0.0,0.0,0.0,0.0,0.0,0.0,0.0,0.0,0.0,0.0,922
k217,0.0,0.0,0.0,0.0,0.0,0.0,0.0,0.0,0.0,0.0,1112
k822,0.0,0.0,0.0,0.0,0.0,0.0,0.0,0.0,0.0,0.0,2729
k1660,0.173913043,0.0,0.0,0.153846154,0.0,0.0,0.0,0.0,0.0,0.0,1432
k3189,0.0,0.0,0.0,0.0,0.0,0.0,0.0,0.0,0.173661905,0.0,2831
k2811,0.0,0.0,0.0,0.0,0.0,0.0,0.0,0.0,0.0,0.0,1160
k2620,0.0,0.0,0.0,0.0,0.0,0.072,0.0,0.0,0.0,0.0,1582
k1970,0.0,0.0,0.0,0.0,0.0,0.0,0.142857143,0.0,0.0,0.0,2090
k2031,0.0,0.0,0.0,0.0,0.0,0.0659,0.0,0.0,0.0,0.0,2555
k1224,0.0,0.0,0.0,0.0,0.0,0.0,0.0,0.0,0.0,0.0,31
k2614,0.0,0.0,0.0,0.0,0.0385,0.0,0.0,0.0,0.0,0.0,964
k2594,0.0435,0.0,0.0,0.0,0.0,0.0,0.0,0.0,0.223151942,0.0,1537
k1037,0.0,0.0,0.0,0.0,0.0,0.0,0.0,0.0,0.0,0.0,1541
k1590,0.0,0.0,0.0,0.0,0.0,0.0,0.0,0.0,0.0,0.0,2916
k3341,0.0,0.0,0.0,0.0,0.0,0.0,0.0,0.0,0.0,0.0,1629
k2764,0.0,0.0,0.0,0.0,0.0,0.0,0.0,0.0,0.0,0.0,2475
k3327,0.0,0.0,0.0,0.0,0.0,0.345558279,0.0,0.0,0.0,0.0,414
k2791,0.0,0.0,0.0,0.0,0.0,0.0,0.0,0.0,0.0,0.0,1978
k3298,0.0,0.0,0.0,0.0,0.0,0.0,0.0,0.0,0.0,0.0,745
k1647,0.0,0.0,0.0,0.0,0.0,0.0,0.0,0.0,0.0,0.0,1434
k3398,0.0,0.0,0.0,0.0,0.0,0.0,0.0,0.0,0.0,0.0,3280
k3263,0.0,0.0,0.0,0.0,0.0,0.0,0.0,0.0,0.0,0.0556,2902
k625,0.0435,0.0,0.0,0.153846154,0.0,0.0,0.0,0.0,0.0,0.0,1894
k2329,0.0,0.0,0.0,0.0,0.0,0.200415276,0.0,0.0,0.125186689,0.0,2076
k2391,0.0,0.0,0.0,0.0769,0.192307692,0.0,0.0,0.0,0.0,0.0,2823
k1888,0.0,0.0,0.0,0.0,0.0,0.0,0.0,0.0,0.0,0.0,832
k2352,0.0,0.0,0.0,0.0,0.0,0.0,0.0,0.0,0.0,0.0,632
k598,0.0,0.0,0.0,0.0,0.0,0.0,0.0,0.0,0.173706583,0.0,2022
k2044,0.0,0.0,0.0,0.0,0.0,0.0,0.0,0.0,0.0,0.0,1499
k2387,0.0,0.0,0.0,0.0,0.0,0.0,0.0,0.0,0.333001442,0.0,605
k2941,0.0435,0.0,0.7,0.153846154,0.0769,0.0,0.0,0.0,0.0,0.0,1043
k2860,0.0,0.0,0.0,0.0,0.0385,0.0,0.0,0.0,0.0,0.0556,2540
k3323,0.0,0.0,0.0,0.0,0.0,0.0717,0.0,0.0,0.0,0.0,2084
k2082,0.0,0.0,0.0,0.0,0.0769,0.0,0.0,0.0,0.0,0.0,2852
k347,0.0,0.0,0.0,0.0,0.0,0.0,0.0,0.0,0.0,0.0,2423
k2340,0.0,0.0,0.0,0.0,0.0385,0.0742,0.0,0.0,0.0,0.0,3174
k2935,0.0,0.0,0.0,0.0,0.0,0.0,0.0,0.0,0.0,0.0,2618
k1914,0.0,0.0,0.0,0.0,0.0,0.0721,0.0,0.0,0.0,0.0,609
k1858,0.0435,0.0,0.0,0.0,0.269230769,0.0,0.0,0.0,0.160130969,0.0,2246
k1522,0.0,0.0,0.0,0.0,0.0,0.0,0.0,0.0,0.0,0.0,1026
k58,0.0,0.0,0.0,0.0,0.0,0.0,0.0,0.0,0.0,0.0,2795
k2204,0.0,0.0,0.0,0.0,0.0,0.209615863,0.0,0.0,0.0,0.0,1104
k1287,0.0,0.0,0.0,0.0,0.0,0.0,0.0,0.0,0.0,0.0,3076
k1421,0.0,0.0,0.0,0.0,0.0,0.0,0.0,0.0,0.0,0.0,2651
k2359,0.0,0.0,0.0,0.0,0.0,0.0,0.0,0.0,0.381336244,0.0,1329
k2839,0.0,0.0,0.0,0.0,0.0,0.0,0.0,0.0,0.0,0.0,3073
k2950,0.0,0.0,0.0,0.0,0.0,0.0,0.0,0.0,0.201285439,0.0,736
k3114,0.0,0.0,0.0,0.0,0.0,0.0,0.0,0.0,0.0,0.0,1549
k1959,0.0,0.0,0.0,0.0,0.0,0.0,0.0,0.0,0.0,0.0,2789
k2680,0.0,0.0,0.0,0.0,0.0,0.0,0.0,0.0,0.0,0.0,3126
k2880,0.0,0.0,0.0,0.0,0.0,0.0,0.0,0.0,0.0,0.0,1665
k889,0.0,0.0,0.0,0.0,0.0,0.0,0.0,0.0,0.0,0.0,1114
k855,0.0,0.0,0.0,0.0,0.0,0.0,0.0,0.0,0.0,0.0,3212
k2238,0.0,0.0,0.0,0.0,0.0,0.0736,0.0,0.0,0.0,0.0,1082
k3149,0.0435,0.0,0.0,0.0769,0.0,0.0,0.0,0.0,0.338758473,0.0,154
k2636,0.0,0.0,0.0,0.0,0.153846154,0.0,0.0,0.0,0.0,0.0,1205
k1156,0.087,0.0,0.0,0.153846154,0.153846154,0.0,0.142857143,0.0,0.0,0.0,1744
k2282,0.0,0.0,0.0,0.0,0.0,0.0644,0.0,0.0,0.0,0.0,2810
k29,0.0,0.0,0.1,0.0,0.0769,0.0,0.0,0.0,0.0,0.0,1041
k2738,0.0,0.0,0.0,0.0,0.0,0.0,0.0,0.0,0.0,0.0,2900
k3356,0.0,0.0,0.0,0.0,0.0769,0.0,0.0,0.0,0.0,0.0,1351
k737,0.0,0.0,0.6,0.0,0.0,0.130162048,0.0,0.0,0.0,0.0,2710
k3294,0.0,0.0,0.0,0.0,0.0,0.0,0.0,0.0,0.0,0.0,1614
k454,0.0,0.0,0.0,0.0,0.0,0.0,0.0,0.0,0.0,0.0,1944
k518,0.0,0.0,0.0,0.0,0.0,0.0,0.0,0.0,0.131205402,0.0,2139
k3349,0.0,0.0,0.0,0.0,0.0,0.0,0.0,0.0,0.0,0.0,643
k2406,0.0,0.0,0.0,0.0,0.0,0.0,0.0,0.0,0.0,0.0,314
k2194,0.0,0.0,0.0,0.0,0.0385,0.0,0.0,0.0,0.0,0.0,1428
k135,0.0,0.0,0.0,0.0,0.0,0.0,0.0,0.0,0.0,0.0,102
k214,0.0,0.0,0.0,0.0,0.0,0.0,0.0,0.0,0.0,0.0,130
k369,0.0,0.0,0.0,0.0,0.0769,0.0,0.0,0.0,0.231353477,0.0,14
k1259,0.0,0.0,0.0,0.0,0.0,0.0,0.0,0.0,0.0,0.0,3364
k1502,0.087,0.0,0.0,0.0,0.0769,0.0,0.0,0.0,0.0,0.0,1436
k2721,0.0,0.0,0.0,0.0,0.0,0.0,0.0,0.0,0.0,0.0,852
k358,0.0,0.0,0.0,0.0,0.0,0.0,0.0,0.0,0.422580069,0.0,30
k1613,0.0,0.0,0.0,0.0,0.0,0.0,0.0,0.0,0.0,0.0,1016
k1450,0.0,0.0,0.0,0.0,0.0,0.0,0.0,0.0,0.0,0.0,1923
k2394,0.0,0.0,0.0,0.0,0.0,0.0,0.0,0.0,0.0,0.0,912
k2301,0.0,0.0,0.0,0.0,0.0,0.0,0.0,0.0,0.0,0.0,1333
k3120,0.087,0.0,0.0,0.0769,0.0769,0.0,0.0,0.0,0.0,0.0,2365
k2691,0.0435,0.0,0.7,0.153846154,0.0769,0.0,0.0,0.0,0.207285005,0.0,3226
k840,0.0,0.0,0.0,0.0,0.0,0.0,0.0,0.0,0.0,0.0,38
k1563,0.0,0.0,0.0,0.0,0.0,0.0,0.0,0.0,0.179029602,0.0,3278
k1353,0.0,0.0,0.0,0.0,0.153846154,0.0,0.0,0.0,0.0,0.0,1210
k3209,0.0,0.0,0.0,0.0,0.0,0.0,0.0,0.0,0.0,0.0,2197
k153,0.0,0.0,0.0,0.0,0.0,0.0,0.0,0.0,0.0,0.0,1684
k2520,0.0,0.0,0.0,0.0,0.0,0.0,0.0,0.0,0.0,0.0,3201
k874,0.0,0.0,0.0,0.0,0.192307692,0.0,0.0,0.0,0.0,0.0,1842
k1044,0.0,0.0,0.0,0.0,0.0,0.0,0.0,0.0,0.0,0.0,3172
k1540,0.0,0.0,0.0,0.0,0.0,0.0,0.0,0.0,0.0,0.0,599
k172,0.0,0.0,0.0,0.0,0.0,0.0,0.0,0.0,0.0,0.0,1304
k2060,0.0,0.0,0.0,0.0,0.0,0.0,0.0,0.0,0.0,0.0,3193
k1080,0.0,0.0,0.0,0.0,0.0,0.0,0.0,0.0,0.0,0.0,762
k2523,0.0,0.0,0.0,0.0,0.0,0.0,0.0,0.0,0.0,0.0,2333
k192,0.0,0.0,0.0,0.0,0.0,0.0,0.0,0.0,0.0,0.0,1508
k1276,0.0,0.0,0.0,0.0,0.0,0.0,0.0,0.0,0.0,0.0,944
k25,0.0,0.0,0.0,0.0,0.0,0.0,0.0,0.0,0.0,0.0,2589
k650,0.0,0.0,0.0,0.0,0.0,0.0,0.0,0.0,0.172621555,0.0,909
k2087,0.0,0.0,0.0,0.0,0.0385,0.0,0.0,0.0,0.0,0.0,2821
k100,0.0,0.0,0.0,0.0,0.0,0.0,0.0,0.0,0.0,0.0,3433
k1838,0.0,0.0,0.0,0.0,0.0,0.0,0.0,0.0,0.0,0.0,2826
k2783,0.0,0.0,0.0,0.0,0.0,0.0734,0.0,0.0,0.0,0.0,2838
k533,0.0,0.0,0.0,0.0,0.0385,0.0,0.0,0.0,0.237442398,0.0,1677
k1854,0.0,0.0,0.0,0.0,0.0,0.0,0.0,0.0,0.0,0.0,1666
k1023,0.0,0.0,0.0,0.0,0.0,0.0,0.0,0.0,0.0,0.0,3054
k3312,0.0,0.0,0.0,0.0,0.0,0.0,0.0,0.0,0.0,0.0,2177
k2109,0.0,0.0,0.0,0.0,0.0,0.0781,0.0,0.0,0.0,0.0,2450
k603,0.0,0.0,0.0,0.0,0.0,0.0685,0.0,0.0,0.0,0.0,2414
k854,0.0,0.0,0.0,0.0,0.0,0.0,0.0,0.0,0.0,0.0,3194
k2809,0.0,0.0,0.0,0.0,0.0,0.0,0.0,0.0,0.329682534,0.0,2361
k1586,0.0,0.0,0.0,0.0,0.153846154,0.0,0.0,0.0,0.440393674,0.0,585
k1102,0.0,0.0,0.0,0.0,0.0,0.0,0.0,0.0,0.0,0.0,2745
k2943,0.0,0.0,0.0,0.0,0.0385,0.0,0.0,0.0,0.0,0.0,2329
k2304,0.0,0.0,0.0,0.0,0.0,0.0,0.0,0.0,0.0,0.0,3052
k474,0.0,0.0,0.0,0.0,0.0,0.0,0.0,0.0,0.0,0.0,567
k3293,0.0,0.0,0.0,0.0,0.0,0.0,0.0,0.0,0.0,0.0,3376
k969,0.0,0.0,0.0,0.0,0.0,0.0,0.0,0.0,0.0,0.0,727
k1825,0.0,0.0,0.0,0.0,0.0,0.0,0.0,0.0,0.230262066,0.0,201
k1730,0.0,0.0,0.0,0.0,0.0,0.0,0.0,0.0,0.0,0.0,236
k1762,0.0,0.0,0.0,0.0,0.461538462,0.0,0.0,0.0,0.4258543,0.0,2808
k2790,0.0,0.0,0.0,0.0,0.0,0.0,0.0,0.0,0.0,0.0,2977
k2732,0.0,0.0,0.0,0.0,0.0,0.352742487,0.0,0.0,0.0,0.0,159
k152,0.0,0.0,0.0,0.0,0.0,0.0,0.0,0.0,0.0,0.0,3128
k2446,0.0,0.0,0.0,0.0,0.0,0.0,0.0,0.0,0.175059677,0.0,1861
k1641,0.0,0.0,0.0,0.0769,0.0385,0.0,0.0,0.0,0.0,0.0,1529
k2654,0.0,0.253712081,0.0,0.0,0.0,0.0,0.0,0.0,0.187148164,0.0,2360
k2152,0.0,0.0,0.0,0.0,0.0,0.0,0.0,0.0,0.0,0.0,1988
k394,0.0,0.0,0.0,0.0,0.0385,0.0,0.0,0.0,0.0,0.0,1236
k276,0.0,0.0,0.0,0.0,0.0,0.0,0.0,0.0,0.0,0.0,2920
k3329,0.0,0.0,0.0,0.0,0.0,0.0,0.0,0.0,0.0,0.111111111,493
k2187,0.0,0.0,0.0,0.0,0.0,0.0,0.0,0.0,0.0,0.0,80
k2205,0.0,0.0,0.0,0.0,0.0,0.128016911,0.0,0.0,0.0,0.0,907
k536,0.0,0.0,0.0,0.0,0.0,0.0,0.0,0.0,0.0,0.0,2187
k2107,0.0,0.0,0.0,0.0,0.0,0.0,0.0,0.0,0.0,0.0,773
k990,0.0,0.0,0.0,0.0,0.0,0.0,0.0,0.0,0.0,0.0,792
k3286,0.0435,0.0,0.0,0.0,0.0,0.0,0.0,0.0,0.0,0.0,897
k2963,0.0435,0.0,0.0,0.0769,0.0,0.0,0.0,0.0,0.155324934,0.0,1467
k2349,0.0,0.0,0.0,0.0,0.0,0.0,0.0,0.0,0.0,0.0,2234
k1462,0.0,0.0,0.0,0.307692308,0.0,0.0,0.0,0.0,0.329439998,0.0,880
k560,0.0,0.0,0.0,0.0,0.0,0.0722,0.0,0.0,0.0,0.0,512
k2944,0.0,0.0,0.0,0.0,0.153846154,0.0,0.0,0.0,0.0,0.0,3189
k2296,0.0,0.0,0.0,0.0,0.0,0.0,0.0,0.0,0.0,0.0,579
k2268,0.0,0.0,0.0,0.0,0.0,0.0,0.0,0.0,0.0,0.0,999
k1614,0.0,0.0,0.0,0.0,0.0,0.0,0.0,0.0,0.0,0.0,1023
k575,0.0,0.0,0.0,0.0,0.0,0.0,0.0,0.0,0.0,0.0,2021
k2267,0.0,0.0,0.0,0.0,0.0,0.0,0.0,0.0,0.204974534,0.0,508
k2703,0.0,0.0,0.0,0.0,0.461538462,0.0,0.0,0.0,0.0,0.0,430
k3315,0.0,0.0,0.0,0.0,0.0,0.0,0.0,0.0,0.226541059,0.0,764
k3078,0.0,0.0,0.0,0.0,0.0,0.0,0.0,0.0,0.135468924,0.0,2462
k1936,0.0,0.0,0.0,0.0,0.0,0.0,0.0,0.0,0.0,0.0,1161
k1913,0.0,0.502805287,0.0,0.0,0.115384615,0.0,0.0,0.0417,0.355404077,0.111111111,1875
k508,0.0,0.0,0.0,0.0,0.0,0.0,0.0,0.0,0.0,0.0,2087
k2079,0.0,0.0,0.0,0.0,0.0,0.0655,0.0,0.0,0.0,0.0,339
k286,0.0,0.0,0.0,0.0,0.0,0.0,0.0,0.0,0.0,0.0,619
k509,0.0,0.0,0.0,0.0,0.0,0.0,0.0,0.0,0.0,0.0,2961
k1976,0.0,0.0,0.3,0.0,0.0,0.0,0.0,0.0,0.0,0.0,902
k1031,0.0,0.0,0.0,0.0,0.0,0.119105093,0.0,0.0,0.0,0.0,158
k1651,0.0,0.0,0.0,0.0,0.0,0.0,0.0,0.0,0.0,0.0,2516
k3241,0.0,0.0,0.0,0.0,0.0,0.0,0.0,0.0,0.0,0.0,1363
k1754,0.0,0.250818492,0.0,0.0,0.0,0.0683,0.0,0.0,0.179335963,0.0,1252
k2841,0.0,0.0,0.0,0.0,0.0,0.0,0.0,0.0,0.0,0.0,593
k397,0.0,0.0,0.0,0.0,0.0,0.0,0.0,0.0,0.169755805,0.0,2946
k3422,0.0,0.0,0.0,0.0,0.0385,0.0,0.0,0.0417,0.0,0.222222222,2466
k494,0.0,0.0,0.0,0.0,0.0,0.0,0.0,0.0,0.0,0.0,3425
k1494,0.0,0.0,0.0,0.0,0.0,0.0,0.0,0.0,0.0,0.0,1829
k1363,0.0,0.0,0.0,0.0,0.115384615,0.0,0.0,0.0,0.190830876,0.0,2762
k1347,0.0,0.0,0.0,0.0,0.0,0.0,0.0,0.0,0.0,0.0,2853
k3382,0.0,0.0,0.0,0.0,0.0,0.0,0.0,0.0,0.0,0.0,916
k2159,0.0,0.0,0.0,0.0,0.0,0.0,0.0,0.0,0.0,0.0,848
k1719,0.173913043,0.0,0.0,0.153846154,0.0,0.0,0.0,0.0,0.0,0.0,2432
k1374,0.0,0.0,0.0,0.0,0.0,0.0,0.0357,0.0,0.0,0.0,1344
k3203,0.087,0.0,0.0,0.0,0.0,0.0,0.0,0.0,0.784877264,0.0,2037
k1393,0.0,0.0,0.0,0.0,0.0,0.0,0.0,0.0,0.0,0.0,1372
k1499,0.0,0.0,0.0,0.0,0.0,0.0,0.0,0.0,0.167707017,0.0,1607
k1573,0.0,0.0,0.0,0.0,0.0,0.0,0.0,0.0,0.0,0.0,168
k1085,0.0,0.0,0.0,0.0,0.0769,0.0,0.0,0.0,0.0,0.0,648
k2535,0.0,0.0,0.0,0.0,0.0,0.206353155,0.0,0.0,0.366018203,0.0,1758
k365,0.0,0.0,0.0,0.0,0.0,0.0,0.0,0.0,0.0,0.0,1652
k884,0.0,0.0,0.0,0.0,0.0,0.0,0.0,0.0,0.0,0.0,800
k300,0.0,0.0,0.0,0.0,0.0,0.0,0.0,0.0,0.0,0.0,1782
k1055,0.0,0.0,0.0,0.0,0.0,0.0,0.0,0.0,0.0,0.0,2895
k1188,0.0,0.0,0.0,0.0,0.0,0.0,0.0,0.0,0.0,0.0,789
k2649,0.0,0.0,0.0,0.0,0.0,0.0,0.0,0.0,0.0,0.0,448
k1509,0.0,0.0,0.0,0.0769,0.0,0.0,0.0,0.0,0.16492424,0.0,682
k992,0.0,0.0,0.3,0.0,0.0,0.0,0.0,0.0,0.0,0.0,2595
k476,0.0,0.0,0.0,0.0,0.0,0.0,0.0,0.0,0.0,0.0,1818
k1399,0.0,0.0,0.0,0.0,0.0,0.0,0.0,0.0,0.142489692,0.0,1979
k956,0.0,0.0,0.0,0.0,0.0,0.0,0.0,0.0,0.0,0.0,2999
k1371,0.0,0.0,0.0,0.0,0.0,0.0,0.0,0.0,0.194628474,0.0,2406
k2218,0.0435,0.0,0.0,0.0769,0.0385,0.0,0.0,0.0,0.178429646,0.0,2931
k2470,0.0,0.0,0.0,0.0,0.0,0.0,0.0,0.0,0.0,0.0,983
k386,0.0,0.0,0.0,0.0769,0.0,0.0,0.0,0.0,0.0,0.0,454
k611,0.0,0.0,0.0,0.0,0.0,0.0,0.0,0.0,0.129750188,0.0,2851
k812,0.0,0.0,0.0,0.0,0.0,0.0,0.0,0.0,0.0,0.0,524
k1579,0.0,0.0,0.0,0.0,0.0,0.0,0.0,0.0,0.0,0.0,200
k2508,0.0,0.0,0.0,0.0,0.0,0.0,0.0,0.0,0.0,0.0,464
k1921,0.0,0.0,0.0,0.0,0.0,0.0,0.0,0.0,0.0,0.0,2553
k8,0.0,0.0,0.0,0.0,0.0769,0.0,0.0714,0.0,0.0,0.0,2279
k1356,0.0,0.0,0.0,0.0,0.0,0.209168334,0.0,0.0,0.0,0.0,402
k2686,0.0,0.0,0.0,0.0,0.0769,0.0,0.0357,0.0,0.170196199,0.0,660
k585,0.0,0.0,0.0,0.0,0.0,0.0,0.0,0.0,0.0,0.0,306
k2927,0.0,0.0,0.0,0.0,0.153846154,0.0,0.0,0.0,0.0,0.0,974
k290,0.0,0.0,0.0,0.0,0.0,0.0,0.0,0.0,0.171957773,0.0,2356
k1322,0.0,0.0,0.0,0.0,0.153846154,0.0,0.0,0.0,0.0,0.0,1476
k1639,0.0,0.0,0.0,0.0,0.0,0.0,0.0,0.0,0.0,0.0,3386
k2700,0.087,0.0,0.0,0.153846154,0.0,0.0,0.0,0.0,0.29653174,0.0,3228
k709,0.0,0.0,0.0,0.0,0.0,0.0,0.0,0.0,0.0,0.0,3002
k1909,0.0,0.0,0.0,0.0,0.153846154,0.0,0.0,0.0,0.0,0.0,496
k3376,0.0,0.0,0.0,0.0,0.0,0.0,0.0,0.0,0.0,0.0,1728
k3410,0.0,0.0,0.0,0.0,0.0,0.0,0.0,0.0,0.0,0.0,2347
k1771,0.0,0.0,0.1,0.0,0.0,0.0,0.0,0.0,0.156639732,0.0,664
k2947,0.0435,0.0,0.0,0.0,0.0769,0.0,0.0,0.0,0.0,0.0,3429
k2065,0.0,0.0,0.0,0.0,0.0,0.0,0.0,0.0,0.0,0.0,2097
k2488,0.0,0.0,0.0,0.0,0.0,0.0,0.0,0.0,0.230262066,0.0,1227
k350,0.0,0.0,0.0,0.0,0.0385,0.0,0.0,0.0,0.0,0.0,3082
k3390,0.0,0.0,0.0,0.0,0.0,0.133378503,0.0,0.0,0.0,0.0,9
k1743,0.0,0.0,0.0,0.0,0.0,0.0,0.0,0.0,0.208491301,0.0,3113
k2393,0.0,0.0,0.0,0.0,0.0769,0.0,0.0714,0.25,0.0,0.388888889,1298
k2932,0.173913043,0.0,0.0,0.0769,0.0385,0.0,0.0357,0.0,0.197743142,0.0,106
k3238,0.0,0.0,0.0,0.0,0.0,0.0,0.0,0.0,0.0,0.0,2581
k353,0.0,0.0,0.0,0.0,0.0,0.0,0.0,0.0,0.169385619,0.0,1028
k2390,0.0,0.0,0.0,0.0,0.0,0.0,0.0,0.0,0.0,0.0,2222
k1657,0.0,0.0,0.0,0.0,0.0,0.0,0.0,0.0,0.0,0.0,915
k1463,0.0,0.0,0.0,0.0,0.153846154,0.0,0.0,0.0,0.0,0.0,2613
k1192,0.0,0.0,0.0,0.0,0.0,0.0,0.0,0.0,0.0,0.0,1516
k107,0.0,0.0,0.0,0.0,0.0,0.0,0.0,0.0,0.203429965,0.0,396
k2190,0.0,0.0,0.0,0.0,0.0,0.0,0.0,0.0,0.136241208,0.0,2460
k2429,0.087,0.0,0.0,0.0,0.0,0.0,0.0,0.0,0.167879345,0.0,2539
k1984,0.0,0.0,0.0,0.0,0.0,0.13694748,0.0,0.0,0.0,0.0,1167
k2946,0.0,0.0,0.0,0.0,0.0,0.351499908,0.0,0.0,0.143274742,0.0,1532
k2426,0.0,0.0,0.0,0.0,0.0,0.0,0.0,0.0,0.418961182,0.0,2249
k1644,0.0,0.0,0.0,0.0,0.115384615,0.0,0.0,0.0,0.326721046,0.0,1257
k2940,0.0,0.0,0.0,0.0,0.0,0.0,0.0,0.0,0.0,0.0,1593
k2095,0.0,0.0,0.0,0.0,0.0,0.0,0.0,0.0,0.0,0.0,3037
k928,0.0,0.0,0.0,0.0,0.0,0.0,0.0,0.0,0.0,0.0,2419
k166,0.0,0.0,0.0,0.0,0.0,0.0,0.0,0.0,0.0,0.0,1680
k1609,0.0,0.0,0.0,0.0,0.0,0.139777661,0.0,0.0,0.0,0.0,1388
k2957,0.0,0.0,0.0,0.0,0.0,0.0,0.0,0.0,0.185801453,0.0,122
k1671,0.0,0.0,0.0,0.0,0.0,0.0,0.0,0.0,0.0,0.0,1094
k1523,0.0,0.0,0.0,0.0,0.0,0.0,0.0,0.0,0.0,0.0,287
k3170,0.0,0.0,0.0,0.0,0.0,0.219465241,0.0,0.0,0.0,0.0,1604
k2968,0.0,0.0,0.0,0.0,0.0,0.0,0.0,0.0,0.0,0.0,3424
k1820,0.0,0.0,0.0,0.0,0.0,0.0,0.0,0.0,0.0,0.0,3430
k2948,0.0,0.0,0.0,0.153846154,0.153846154,0.0,0.0,0.0,0.183542042,0.0,562
k791,0.0,0.0,0.0,0.153846154,0.0,0.0,0.0,0.0,0.404721786,0.0,3336
k460,0.0,0.0,0.0,0.0,0.0,0.0,0.0,0.0,0.0,0.0,1170
k361,0.0,0.0,0.0,0.0,0.0,0.0,0.0,0.0,0.0,0.0,1870
k1050,0.0,0.0,0.0,0.0,0.0,0.0,0.0,0.0,0.0,0.0,3239
k3061,0.0,0.0,0.0,0.0,0.0,0.0,0.0,0.0,0.219896859,0.0,3059
k2667,0.0,0.0,0.0,0.0,0.0,0.0,0.0,0.0,0.203295932,0.0,3148
k2978,0.0,0.0,0.0,0.0,0.0,0.0,0.0,0.0,0.0,0.0,3396
k2325,0.0,0.498213582,0.0,0.0,0.0,0.0,0.0,0.0,0.151035883,0.0,1408
k3176,0.0,0.0,0.0,0.0,0.0,0.0,0.0,0.0,0.0,0.0,133
k1094,0.0,0.0,0.0,0.0,0.0,0.0,0.0,0.0,0.0,0.0,3321
k2538,0.0,0.0,0.0,0.0,0.0,0.0,0.0,0.0,0.0,0.0,2294
k1749,0.0,0.0,0.0,0.0,0.0,0.0,0.0,0.0,0.0984,0.0,3199
k2592,0.0,0.0,0.0,0.0,0.0,0.0,0.0,0.0,0.0,0.0,844
k3257,0.0,0.0,0.0,0.0,0.0,0.144837983,0.0,0.0,0.0,0.0,1735
k1309,0.0,0.0,0.0,0.0,0.0,0.0672,0.0,0.0,0.0,0.0,3231
k1612,0.0,0.0,0.0,0.0,0.0,0.0,0.0,0.0,0.0,0.0,2867
k521,0.0,0.0,0.0,0.0,0.153846154,0.0784,0.0,0.0,0.232923576,0.0,1932
k1996,0.0,0.0,0.0,0.0,0.0,0.0,0.0,0.0,0.0,0.0,1996
k512,0.0,0.0,0.0,0.0,0.0,0.0,0.0,0.0,0.0,0.0,3095
k2051,0.0,0.0,0.0,0.0,0.0,0.130879594,0.0,0.0,0.0,0.0,2549
k3385,0.0,0.0,0.0,0.0,0.0,0.0,0.0,0.0,0.0,0.0,680
k2915,0.0,0.0,0.0,0.0769,0.192307692,0.0,0.0,0.0,0.0,0.0,3132
k1351,0.0435,0.0,0.0,0.0,0.0,0.0,0.0,0.0,0.0,0.0,1259
k2376,0.0,0.0,0.0,0.0,0.0,0.0,0.0,0.0,0.0,0.0,1595
k1910,0.0435,0.0,0.0,0.0769,0.0,0.0,0.0,0.0,0.0,0.0,2415
k3409,0.0,0.236513565,0.0,0.0,0.0,0.0,0.0,0.0,0.154054813,0.0,1096
k2485,0.0,0.0,0.0,0.0,0.0,0.0,0.0,0.0,0.0,0.0,2975
k1095,0.087,0.244460746,0.0,0.0769,0.0,0.0,0.0,0.0,0.16325202,0.0,468
k3063,0.0,0.0,0.0,0.0,0.0,0.0,0.0,0.0,0.0,0.0,1418
k11,0.0,0.0,0.0,0.0,0.0,0.0,0.0,0.0,0.0,0.0,2796
k954,0.0,0.0,0.0,0.0,0.153846154,0.0,0.0,0.0,0.0,0.0,1447
k1842,0.0,0.0,0.0,0.0,0.0,0.0,0.0,0.0,0.0,0.0,1233
k682,0.0,0.0,0.0,0.0,0.0,0.0,0.0,0.0,0.0,0.0,1093
k1833,0.0,0.0,0.0,0.0,0.0,0.0,0.0,0.0,0.0886,0.0,1400
k1473,0.0,0.0,0.0,0.0,0.0,0.0659,0.0,0.0,0.0,0.0,179
k706,0.0,0.0,0.0,0.0,0.0,0.0,0.0,0.0,0.0,0.0,2554
k2022,0.0,0.0,0.0,0.0,0.0,0.0,0.0,0.0,0.0,0.0,816
k1797,0.0,0.0,0.0,0.0,0.0,0.0,0.0,0.0,0.0,0.0,3196
k1678,0.0,0.0,0.0,0.0,0.0,0.0,0.0,0.0,0.0,0.0,859
k2119,0.0,0.0,0.0,0.0,0.0,0.0,0.0,0.0,0.209940132,0.0,2968
k2929,0.0,0.0,0.0,0.0,0.0,0.0645,0.0,0.0,0.0,0.0,2078
k1471,0.0,0.0,0.0,0.0,0.0,0.0,0.0,0.0,0.0,0.0,3225
k21,0.0,0.0,0.0,0.0,0.0,0.0684,0.0,0.0,0.0,0.0,1214
k2192,0.0,0.0,0.0,0.0,0.0,0.0,0.0,0.0,0.0,0.0,665
k767,0.0,0.0,0.0,0.0,0.0,0.0,0.0,0.0,0.0,0.0,2178
k3156,0.0,0.0,0.0,0.0,0.0,0.0,0.0,0.0,0.0,0.0,712
k1283,0.0,0.0,0.0,0.0,0.0,0.0,0.0,0.0,0.0,0.0,1362
k3070,0.0,0.0,0.0,0.0,0.0,0.0,0.0714,0.0,0.0,0.0,1456
k1329,0.0,0.0,0.0,0.0,0.0,0.0,0.0,0.0,0.0,0.0,2210
k2589,0.0,0.0,0.0,0.0,0.0,0.0,0.0,0.0,0.0,0.0,1072
k1237,0.0,0.0,0.0,0.0,0.0,0.0,0.0,0.0,0.422580069,0.0,1123
k2236,0.0,0.0,0.0,0.0,0.0,0.13725625,0.0,0.0,0.0,0.0,3200
k2664,0.0,0.0,0.0,0.0,0.0385,0.0,0.0,0.0,0.208804044,0.0,1717
k3420,0.0,0.0,0.0,0.0,0.0,0.0,0.0,0.0,0.0,0.0,1876
k1416,0.0,0.0,0.0,0.0,0.0,0.0,0.0,0.0,0.0,0.0,575
k1599,0.0,0.0,0.0,0.0,0.0,0.0,0.0,0.0,0.0,0.0,383
k1933,0.0,0.0,0.0,0.0,0.0,0.0,0.0,0.0,0.217088551,0.0,2282
k1994,0.0435,0.0,0.0,0.0,0.0,0.0,0.0,0.0,0.0,0.0,1124
k1868,0.0,0.0,0.0,0.0,0.0769,0.225926903,0.0,0.0,0.468527809,0.0,2497
k1166,0.0,0.270285691,0.0,0.0,0.0,0.0,0.0,0.0,0.126654668,0.0,582
k546,0.0,0.0,0.0,0.0,0.0,0.0,0.0,0.0,0.0,0.0,761
k2327,0.0,0.0,0.0,0.0,0.0385,0.0,0.0,0.0,0.0,0.0,2720
k1292,0.0,0.0,0.0,0.0,0.0,0.0,0.0,0.0,0.0,0.0,2591
k114,0.0,0.0,0.0,0.0,0.0,0.0,0.0,0.0,0.0,0.0,970
k161,0.0,0.0,0.0,0.0,0.0,0.0,0.0,0.0,0.0,0.0,1669
k1937,0.0,0.0,0.0,0.0,0.0,0.0,0.0,0.0,0.0,0.0,2428
k1536,0.0,0.0,0.0,0.0,0.0,0.0,0.0,0.0,0.0,0.0,1716
k2126,0.0,0.0,0.0,0.0,0.0,0.0,0.0,0.0,0.141442959,0.0,2343
k2710,0.0,0.0,0.0,0.0,0.0,0.0,0.0,0.0,0.0,0.0,2947
k664,0.0,0.0,0.0,0.0,0.0,0.0,0.0,0.0,0.0,0.0,3090
k964,0.0,0.0,0.0,0.0,0.0,0.0714,0.0,0.0,0.167343213,0.0,731
k2178,0.0,0.0,0.0,0.0,0.0,0.0,0.0,0.0,0.0,0.0,1437
k3103,0.0,0.0,0.0,0.0,0.0,0.0,0.0,0.0,0.200149351,0.0,329
k327,0.0,0.0,0.0,0.0,0.0,0.334877598,0.0,0.0,0.0,0.0,3186
k1746,0.0,0.0,0.0,0.0,0.0,0.0728,0.0,0.0,0.0,0.0,1069
k486,0.0,0.0,0.0,0.0,0.0,0.0,0.0,0.0,0.0,0.0,368
k2821,0.0,0.0,0.0,0.0,0.0,0.0,0.0,0.0,0.0,0.0,540
k1139,0.0,0.0,0.0,0.0,0.0,0.0,0.0,0.0,0.0,0.0,1531
k1402,0.0,0.0,0.0,0.0,0.0,0.0,0.0,0.0,0.0,0.0,854
k2432,0.0,0.0,0.0,0.0,0.0,0.0,0.0,0.0,0.0,0.0,1367
k37,0.0,0.0,0.0,0.0,0.0385,0.0,0.0,0.0,0.0,0.0,1495
k2601,0.0435,0.0,0.0,0.0769,0.0,0.0,0.0,0.0,0.0,0.0,1899
k1041,0.0,0.0,0.0,0.0,0.0,0.0,0.0,0.0,0.0,0.0,2708
k1702,0.0,0.0,0.0,0.0,0.0,0.0,0.0,0.0,0.0,0.0,2011
k2830,0.0,0.0,0.0,0.0,0.0,0.0,0.0,0.0,0.0,0.0,1927
k2725,0.0,0.0,0.0,0.0,0.0,0.0,0.0,0.0,0.378872592,0.0,155
k517,0.0,0.0,0.0,0.0,0.0,0.0,0.0,0.0,0.222966849,0.0,2217
k3219,0.0,0.0,0.0,0.0,0.0,0.0,0.0,0.0,0.0,0.0,2152
k617,0.0,0.0,0.0,0.0,0.0,0.147146881,0.0,0.0,0.0,0.0,3353
k1133,0.0435,0.0,0.0,0.0,0.0769,0.0,0.107142857,0.0,0.186024841,0.0,1382
k2404,0.0,0.0,0.0,0.0,0.0,0.0,0.0,0.0,0.0,0.0,77
k2412,0.0,0.0,0.0,0.0,0.0,0.289538458,0.0,0.0,0.0,0.0,2397
k3311,0.0435,0.0,0.0,0.0769,0.0385,0.0,0.0,0.0,0.18655459,0.0,2420
k2789,0.0,0.0,0.0,0.0,0.192307692,0.0738,0.0,0.0,0.479052579,0.0,69
k108,0.0,0.0,0.0,0.0,0.0,0.0,0.0,0.0,0.240410268,0.0,1920
k2784,0.0,0.0,0.0,0.0,0.0,0.0,0.0,0.0,0.0,0.0,1732
k43,0.0,0.0,0.0,0.0,0.0,0.0,0.0,0.0,0.0,0.0,2213
k645,0.0,0.0,0.0,0.0,0.0,0.0,0.0,0.0,0.0,0.0,1745
k2471,0.0,0.0,0.0,0.0,0.0,0.0,0.0,0.0,0.0,0.0,1859
k2797,0.0,0.0,0.0,0.0,0.0,0.0,0.0,0.0,0.19406043,0.0,941
k1284,0.0,0.0,0.0,0.0,0.0,0.0,0.0,0.0,0.0,0.0,884
k978,0.0,0.0,0.0,0.0,0.0,0.0,0.0,0.0,0.0,0.0,725
k3401,0.0,0.0,0.0,0.0,0.0,0.0,0.0,0.0,0.0,0.0,1866
k845,0.0,0.0,0.0,0.0,0.0,0.0,0.0,0.0,0.0,0.0,1767
k1595,0.0,0.0,0.0,0.0,0.0,0.0,0.0,0.0,0.0,0.0,1843
k2834,0.0,0.0,0.0,0.0,0.0,0.0,0.0,0.0,0.0,0.0,576
k2295,0.0,0.0,0.0,0.0,0.0,0.0,0.0,0.0,0.0,0.0,2574
k1917,0.0,0.0,0.0,0.0,0.0,0.0,0.0,0.0,0.0,0.0,1318
k1498,0.173913043,0.0,0.0,0.153846154,0.0,0.0,0.0,0.0,0.0,0.0,1044
k2898,0.0,0.0,0.0,0.0,0.0385,0.0,0.0,0.0,0.403764409,0.0,2585
k1605,0.0,0.0,0.0,0.0,0.0385,0.0,0.0,0.0,0.0,0.0,2224
k3258,0.0,0.0,0.0,0.0,0.0,0.0,0.0,0.0,0.0,0.0,1603
k118,0.0,0.0,0.0,0.0,0.0,0.0,0.0,0.0,0.0,0.0,248
k2644,0.0,0.0,0.0,0.0,0.0,0.0,0.0,0.0,0.149772144,0.0,3289
k2833,0.087,0.0,0.0,0.0769,0.0,0.0,0.0,0.0,0.0,0.0,845
k1892,0.0,0.0,0.0,0.0,0.0,0.0,0.0,0.0,0.0,0.0,718
k1849,0.0,0.0,0.0,0.0,0.0,0.0,0.0,0.0,0.0,0.0,1921
k12,0.0,0.0,0.0,0.0,0.0,0.0,0.0,0.0,0.0,0.0,1237
k851,0.0,0.0,0.0,0.0,0.0,0.0,0.0,0.0,0.135334891,0.0,2827
k2381,0.0,0.0,0.0,0.0,0.0,0.0,0.0,0.0,0.0,0.0,874
k1047,0.087,0.0,0.0,0.0769,0.0385,0.0,0.0,0.0,0.220701056,0.0,2226
k1896,0.0,0.0,0.0,0.0,0.0,0.0,0.0,0.0,0.0,0.0,27
k1410,0.0,0.0,0.0,0.0,0.0,0.0,0.0,0.0,0.0,0.0,923
k3188,0.0,0.0,0.0,0.0,0.0,0.0,0.0,0.0,0.0,0.0,2967
k3204,0.0,0.0,0.0,0.0,0.0,0.0,0.0,0.0,0.0,0.0,1074
k1859,0.0,0.0,0.0,0.0,0.0769,0.0,0.0,0.0,0.0,0.0,3285
k186,0.0,0.0,0.0,0.0,0.0,0.0,0.0,0.0,0.0,0.0,1497
k2993,0.0,0.0,0.0,0.0,0.0,0.0,0.0,0.0,0.0,0.0,1103
k3287,0.0,0.0,0.0,0.0,0.0,0.0,0.0,0.0,0.0,0.0,1789
k2954,0.0,0.0,0.0,0.0,0.0,0.0,0.0,0.0,0.0,0.0,1590
k2128,0.0,0.0,0.0,0.0,0.0769,0.0,0.0,0.0,0.0,0.0,232
k1784,0.0,0.0,0.0,0.0,0.0,0.0,0.0,0.0,0.0,0.0,1928
k1431,0.0,0.0,0.0,0.0,0.0,0.0,0.0,0.0,0.146229847,0.0,3269
k727,0.0,0.0,0.0,0.0,0.0,0.0,0.0,0.0,0.0,0.0,2730
k869,0.0435,0.0,0.0,0.0,0.0769,0.0745,0.0,0.0,0.0,0.0,3029
k3265,0.0,0.0,0.0,0.0,0.0385,0.0,0.0,0.0,0.233510767,0.0,2750
k3270,0.0,0.0,0.0,0.0,0.0,0.0,0.0,0.0,0.0,0.0,359
k1695,0.0,0.0,0.0,0.0,0.0,0.0,0.0,0.0,0.0,0.0,2878
k1441,0.0,0.0,0.0,0.0,0.153846154,0.0,0.0,0.0,0.0,0.0,1464
k434,0.0,0.0,0.0,0.0,0.0,0.0,0.0,0.0,0.0,0.0,1821
k1656,0.0,0.0,0.0,0.0,0.0,0.0,0.0,0.0,0.0,0.0,603
k2272,0.0,0.0,0.0,0.0,0.0,0.0,0.0,0.0,0.0,0.0,1524
k2312,0.0,0.0,0.0,0.0,0.0,0.156940005,0.0,0.0,0.0,0.0,1567
k1655,0.0,0.0,0.0,0.0,0.0,0.0,0.0,0.0,0.0,0.0,2784
k2342,0.0,0.0,0.0,0.0,0.0,0.268649626,0.0,0.0,0.0,0.0,1678
k900,0.0,0.0,0.0,0.0,0.0,0.121670256,0.0,0.0,0.0,0.0,812
k2254,0.0,0.0,0.0,0.0,0.0,0.0,0.0,0.0,0.0,0.0,2106
k2609,0.0,0.0,0.0,0.0,0.0,0.0,0.0,0.0,0.0,0.0,2065
k1862,0.0,0.0,0.0,0.0,0.0,0.0,0.0,0.0,0.0,0.0,2416
k56,0.0,0.0,0.0,0.0,0.0,0.0682,0.0,0.0,0.0,0.0,3104
k2563,0.0,0.0,0.0,0.0,0.0,0.0717,0.0,0.0,0.0,0.0,2755
k352,0.0,0.0,0.0,0.0,0.0,0.0,0.0,0.0,0.185712097,0.0,91
k3388,0.0,0.0,0.0,0.0,0.0,0.0,0.0,0.0,0.0,0.0,1369
k1792,0.0435,0.0,0.0,0.153846154,0.0,0.0,0.0,0.0,0.204393725,0.0,116
k413,0.0,0.0,0.0,0.0,0.0,0.0,0.0,0.0,0.0,0.0,516
k1863,0.0,0.0,0.0,0.0,0.0,0.0,0.0,0.0,0.0,0.0,782
k3134,0.0,0.0,0.0,0.0,0.0,0.0,0.0,0.0,0.0,0.0,1763
k3030,0.0,0.0,0.0,0.0,0.0,0.147018122,0.0,0.0,0.0,0.0,2335
k3213,0.0,0.0,0.0,0.0,0.0385,0.0,0.0,0.0,0.0,0.0,1874
k649,0.0,0.0,0.0,0.0,0.0,0.0,0.0,0.0,0.0,0.0,3013
k1301,0.0,0.0,0.0,0.0,0.0,0.0,0.0,0.0,0.0,0.0,3016
k1344,0.0,0.0,0.0,0.0,0.0,0.0,0.0,0.0,0.0,0.0,3275
k2120,0.0,0.0,0.0,0.0,0.0385,0.0,0.0,0.0,0.172417314,0.0,1064
k2409,0.0,0.0,0.0,0.0,0.0,0.0,0.0,0.0,0.0,0.0,2987
k2310,0.0,0.0,0.0,0.0,0.0,0.0,0.0,0.0,0.0,0.0,63
k2021,0.0,0.0,0.0,0.0,0.0,0.146370581,0.0,0.0,0.0,0.0,3221
k72,0.0435,0.0,0.0,0.0769,0.0,0.0,0.0,0.0,0.0,0.0,3421
k1182,0.0,0.0,0.0,0.0,0.0,0.0,0.0,0.0,0.0,0.0,1350
k1001,0.0,0.0,0.0,0.0,0.0,0.0,0.0,0.0,0.0,0.0,1088
k2997,0.0,0.0,0.0,0.0,0.0385,0.0,0.0,0.0,0.185265321,0.0,332
k678,0.0,0.0,0.0,0.0,0.0,0.0,0.0,0.0,0.0,0.0,2456
k2189,0.087,0.0,0.0,0.0769,0.0385,0.0,0.0,0.0,0.170515324,0.0,3428
k968,0.0,0.0,0.0,0.0,0.0,0.0,0.0,0.0,0.0,0.0,1180
k1845,0.173913043,0.0,0.0,0.230769231,0.0,0.0,0.0,0.0,0.18957352,0.111111111,376
k416,0.0,0.0,0.0,0.0,0.0385,0.147513154,0.0,0.0,0.0,0.0,1901
k2682,0.0,0.0,0.0,0.0,0.0,0.280374124,0.0,0.0,0.0,0.0,559
k344,0.0,0.0,0.0,0.0,0.0,0.0,0.0,0.0,0.0,0.0,51
k372,0.0,0.0,0.0,0.0,0.0,0.0,0.0,0.0,0.0,0.0,2075
k1194,0.0,0.0,0.0,0.0,0.0,0.0,0.0,0.0,0.0,0.0,174
k1212,0.0,0.0,0.0,0.0,0.0769,0.0,0.0,0.0,0.0,0.0,110
k2331,0.0435,0.0,0.0,0.0,0.0769,0.149055752,0.0714,0.0,0.213673904,0.0,1832
k1857,0.0,0.0,0.0,0.0,0.0,0.0,0.0,0.0,0.0,0.0,5
k3384,0.0,0.0,0.0,0.0,0.153846154,0.0,0.0,0.0,0.0,0.0,3118
k97,0.0,0.0,0.0,0.0,0.0,0.0,0.0,0.0,0.180376313,0.0,1341
k1594,0.0,0.0,0.0,0.0,0.0,0.0,0.0,0.0,0.0,0.0,1687
k1760,0.0,0.0,0.0,0.0,0.0,0.630080168,0.0,0.0,0.0,0.0,3157
k541,0.0,0.0,0.0,0.0,0.0,0.0,0.0,0.0,0.0,0.0,2526
k1670,0.0,0.0,0.0,0.0,0.0,0.0,0.0,0.0,0.135251918,0.0,2604
k2991,0.0,0.0,0.0,0.0,0.153846154,0.0,0.0,0.0,0.192573303,0.0,2243
k2206,0.0,0.0,0.0,0.0,0.0,0.0,0.0,0.0,0.133726496,0.0,1947
k190,0.0,0.0,0.0,0.0,0.0,0.0,0.0,0.0,0.0,0.0,2513
k3259,0.0,0.0,0.0,0.0,0.0,0.0,0.0,0.0,0.0,0.0,2956
k1673,0.0,0.0,0.0,0.0,0.0769,0.0,0.0,0.0,0.394548054,0.0,1581
k3184,0.0,0.0,0.0,0.0,0.0,0.192704785,0.0,0.0,0.0,0.0,2683
k1776,0.0,0.0,0.0,0.0,0.0385,0.0,0.0,0.0,0.0,0.0,1783
k1042,0.0435,0.0,0.0,0.0,0.0385,0.0,0.0,0.0,0.21480361,0.0,3012
k2772,0.0,0.0,0.0,0.0,0.0,0.0,0.0,0.0,0.0,0.0,918
k828,0.260869565,0.0,0.0,0.153846154,0.0769,0.0,0.0357,0.0,0.0,0.0,3351
k1680,0.0,0.0,0.0,0.0,0.0,0.0,0.0,0.0,0.0,0.0,135
k1012,0.0,0.0,0.0,0.0,0.0,0.0,0.0,0.0,0.0,0.0,779
k753,0.0,0.0,0.0,0.0,0.0,0.0,0.0,0.0,0.0,0.0,1909
k392,0.0,0.0,0.0,0.0,0.0,0.0724,0.0,0.0,0.199683427,0.0,2
k2566,0.0,0.0,0.0,0.0,0.0,0.0724,0.0,0.0,0.0,0.0,2292
k1939,0.0,0.0,0.0,0.0,0.0,0.0,0.0,0.0,0.169347324,0.0,2438
k2209,0.0,0.0,0.0,0.0,0.0,0.0,0.0,0.0,0.0,0.0,374
k1253,0.0,0.0,0.0,0.0,0.0,0.0,0.0,0.0,0.42136739,0.0,2764
k2347,0.0,0.0,0.0,0.0,0.153846154,0.0,0.0,0.0,0.0,0.0,3178
k763,0.0,0.0,0.0,0.0,0.0,0.0,0.0,0.0,0.0,0.0,87
k579,0.0,0.0,0.0,0.0,0.0,0.134453571,0.0,0.0,0.0,0.0,265
k3303,0.0,0.0,0.0,0.0,0.0,0.0,0.0,0.0,0.0,0.0,387
k374,0.0,0.0,0.0,0.0,0.0,0.0,0.0,0.0,0.0,0.0,1384
k2481,0.0435,0.0,0.0,0.0769,0.0,0.0,0.0,0.0,0.0,0.0,827
k3397,0.0,0.0,0.0,0.0,0.0,0.0647,0.0,0.0,0.0,0.0,1913
k1230,0.0,0.0,0.0,0.0,0.0,0.0,0.0,0.0,0.145521388,0.0,3240
k138,0.0,0.0,0.0,0.0,0.0,0.0,0.0,0.0,0.0,0.0,2389
k264,0.0,0.0,0.0,0.0,0.0,0.37192246,0.0,0.0,0.0,0.0,2832
k3098,0.0,0.0,0.0,0.0,0.0,0.0,0.0,0.0,0.0,0.0,417
k2431,0.0,0.0,0.0,0.0,0.0,0.0,0.0,0.0,0.0,0.0,1742
k1190,0.0,0.0,0.0,0.0,0.0769,0.0,0.0,0.0,0.0,0.0,390
k485,0.0,0.0,0.0,0.0,0.0,0.0,0.0,0.0,0.220841471,0.0,2205
k2234,0.0,0.0,0.0,0.0,0.0,0.0,0.0,0.0,0.0,0.0,384
k1244,0.0,0.0,0.0,0.0,0.153846154,0.075,0.0,0.0,0.151923052,0.0,1235
k1684,0.0,0.0,0.0,0.0,0.0,0.0,0.0,0.0,0.0,0.0,1422
k2782,0.0,0.0,0.0,0.0,0.0385,0.0,0.0,0.0,0.0,0.0,1417
k2030,0.0,0.256374727,0.0,0.0,0.0,0.0711,0.0,0.0,0.172130101,0.0,942
k1195,0.087,0.0,0.0,0.153846154,0.307692308,0.0,0.0,0.0,0.182157035,0.0,3009
k41,0.0,0.546861203,0.0,0.0,0.0385,0.0,0.0,0.0,0.284960237,0.0,2256
k1978,0.0,0.0,0.0,0.0,0.0,0.0,0.0,0.0,0.0,0.0,1085
k1303,0.0,0.0,0.0,0.0,0.0,0.0,0.0,0.0,0.0,0.0,2061
k1271,0.0435,0.0,0.0,0.0,0.0,0.0707,0.0,0.0,0.0,0.0,954
k63,0.0,0.0,0.0,0.0,0.0,0.0,0.214285714,0.0,0.0,0.277777778,2322
k2559,0.0,0.0,0.0,0.0,0.0,0.0,0.0,0.0,0.0,0.0,1354
k1958,0.0,0.0,0.0,0.0,0.0,0.0,0.0,0.0,0.0,0.0,128
k2530,0.0,0.0,0.0,0.0,0.0385,0.0,0.0,0.0,0.0,0.0,1222
k698,0.0,0.0,0.0,0.0,0.0,0.0,0.0,0.0,0.0,0.0,2593
k2705,0.0,0.0,0.0,0.0,0.0,0.0,0.0,0.0,0.0,0.0,2731
k742,0.0,0.0,0.0,0.0,0.0,0.0,0.0,0.0,0.0,0.0,891
k3004,0.0,0.0,0.0,0.0,0.0,0.0,0.0,0.0,0.0,0.0,485
k301,0.0,0.0,0.0,0.0,0.0,0.0,0.0,0.0,0.0,0.0,3357
k2900,0.0,0.0,0.0,0.0,0.0,0.0,0.0,0.0,0.0,0.0,2705
k183,0.0,0.0,0.0,0.0,0.0,0.0,0.0,0.0,0.0,0.0,2199
k2081,0.0,0.0,0.0,0.0,0.0,0.0,0.0,0.0,0.0,0.0,2306
k723,0.0,0.0,0.0,0.0,0.0,0.0,0.0,0.0,0.0,0.0,1148
k1790,0.0,0.0,0.0,0.0,0.0,0.0,0.0,0.0,0.0,0.0,37
k1568,0.0,0.0,0.0,0.0,0.0,0.0,0.0,0.0,0.0,0.0,1332
k1836,0.0,0.0,0.3,0.0769,0.269230769,0.0,0.0,0.0,0.0,0.0,378
k1798,0.0,0.0,0.0,0.0,0.0,0.0,0.0,0.0,0.0,0.0,1619
k894,0.0,0.0,0.0,0.0,0.0,0.139438889,0.0,0.0,0.0,0.0,842
k2345,0.0,0.0,0.0,0.0,0.0,0.0,0.0,0.0,0.0,0.0,2236
k3072,0.0,0.0,0.0,0.0,0.0,0.0,0.0,0.0,0.0,0.0,2363
k1123,0.0,0.0,0.0,0.0,0.0,0.0,0.0,0.0,0.0,0.0,2666
k177,0.0,0.0,0.0,0.0,0.0,0.0,0.0,0.0,0.0,0.0,1158
k731,0.0,0.0,0.0,0.0,0.0,0.0,0.0,0.0,0.0,0.0,3295
k50,0.0,0.0,0.0,0.0,0.0,0.0,0.0,0.0,0.0,0.0,554
k203,0.0,0.0,0.0,0.0,0.0,0.0,0.0,0.0,0.0,0.0,2546
k1229,0.0,0.0,0.0,0.0,0.0,0.210962199,0.0,0.0,0.0,0.0,2072
k320,0.0,0.0,0.0,0.0,0.0769,0.0,0.0,0.0,0.0,0.0,274
k3383,0.0,0.0,0.0,0.0,0.0,0.0,0.0,0.0,0.0,0.0,921
k472,0.0,0.0,0.0,0.0,0.0,0.0,0.0,0.0,0.0,0.0,1421
k2770,0.0,0.0,0.0,0.0,0.0,0.0,0.0,0.0,0.0,0.0,738
k1708,0.0,0.0,0.0,0.0,0.0,0.0693,0.0,0.0,0.0,0.0,3292
k1443,0.0,0.0,0.0,0.0,0.0,0.0741,0.0,0.0,0.0,0.0,1863
k1642,0.0,0.0,0.0,0.0,0.0,0.0,0.0,0.0,0.223592336,0.0,3107
k2221,0.0,0.0,0.0,0.0,0.0,0.0,0.0,0.0,0.0,0.0,781
k1414,0.0,0.0,0.0,0.0,0.0,0.0,0.0,0.0,0.0,0.0,2704
k690,0.0,0.0,0.0,0.0,0.115384615,0.0,0.0,0.0,0.165926295,0.0,305
k2255,0.0,0.0,0.0,0.0,0.0,0.0,0.0,0.0,0.0,0.0,2609
k2709,0.0,0.0,0.0,0.0,0.0,0.0,0.0,0.0,0.222762609,0.0,1969
k224,0.0,0.0,0.0,0.0,0.0,0.0,0.0,0.0,0.0,0.0,1345
k465,0.0,0.0,0.0,0.0,0.0,0.0,0.0,0.0,0.0,0.0,1386
k2163,0.0,0.0,0.0,0.0,0.0,0.0,0.0,0.0,0.0,0.0,1402
k2169,0.0,0.0,0.0,0.0,0.0,0.0,0.0,0.0,0.0,0.0,1212
k2613,0.0,0.0,0.0,0.0,0.0,0.0,0.0,0.0,0.0,0.0,3176
k1758,0.0,0.0,0.0,0.0,0.0,0.0,0.0,0.0,0.0,0.0,1229
k638,0.0,0.0,0.0,0.0,0.0,0.0,0.0,0.0,0.0,0.0,2493
k1493,0.0,0.0,0.0,0.0,0.0,0.0,0.0,0.0,0.0,0.0,439
k307,0.0,0.0,0.0,0.0,0.230769231,0.0,0.0,0.0,0.0,0.0,819
k1877,0.0,0.0,0.0,0.0,0.0,0.0,0.0,0.0,0.0,0.0,1109
k2662,0.0,0.0,0.0,0.0,0.192307692,0.0,0.0,0.0,0.343079437,0.0,2630
k1928,0.0,0.0,0.0,0.0,0.0,0.0,0.0,0.0,0.0,0.0,234
k3210,0.0,0.0,0.0,0.0,0.0,0.0,0.0,0.0,0.0,0.0,2487
k121,0.0,0.0,0.0,0.0,0.0,0.0,0.0,0.0,0.0,0.0,2548
k3060,0.0,0.0,0.0,0.0,0.0,0.0,0.0,0.0,0.0,0.0,1119
k2256,0.0,0.0,0.0,0.0,0.153846154,0.0,0.0714,0.0,0.352538327,0.0,1575
k229,0.0,0.0,0.0,0.0,0.0,0.134777342,0.0,0.0,0.0,0.0,2767
k1897,0.0,0.0,0.0,0.0,0.0,0.0,0.0,0.0,0.0,0.0,1012
k1518,0.0,0.0,0.0,0.0,0.0,0.0,0.0,0.0,0.0,0.0,3197
k2723,0.0,0.0,0.0,0.0,0.0,0.0,0.0,0.0,0.0,0.0,3293
k1424,0.0,0.0,0.0,0.0,0.0,0.0,0.0,0.0,0.0,0.0,2828
k2646,0.0,0.0,0.0,0.0,0.0,0.0,0.0,0.0,0.0,0.0,3060
k89,0.0,0.0,0.0,0.0,0.0,0.0,0.0,0.0,0.0,0.0,172
k3424,0.0,0.0,0.0,0.0,0.0,0.0,0.0,0.0,0.0,0.0,184
k548,0.0,0.0,0.0,0.0,0.0,0.0,0.0,0.0,0.0,0.0,1558
k1500,0.0,0.0,0.0,0.0,0.0,0.0,0.0,0.0,0.0,0.0,2083
k3199,0.0,0.0,0.0,0.0,0.0,0.0,0.0,0.0,0.396443662,0.0,2681
k1268,0.0,0.0,0.0,0.0,0.0,0.0,0.0,0.0,0.162543561,0.0,3086
k368,0.0,0.0,0.0,0.0,0.0,0.0,0.0,0.0,0.0,0.0,1366
k2868,0.0,0.0,0.0,0.0,0.0,0.0,0.0,0.0,0.0,0.0,3431
k2195,0.0,0.0,0.0,0.0,0.0,0.0,0.0,0.0,0.0,0.0,3339
k2063,0.0,0.0,0.0,0.0,0.0,0.0,0.0,0.0,0.0,0.0,1267
k652,0.0,0.0,0.0,0.0,0.0,0.0,0.0,0.0,0.0,0.0,887
k411,0.0,0.0,0.0,0.153846154,0.0,0.0,0.0,0.0,0.141634435,0.0,2801
k1489,0.0,0.0,0.0,0.0,0.0,0.0792,0.0,0.0,0.0,0.0,3272
k1628,0.0,0.0,0.0,0.0,0.0,0.0,0.0,0.0,0.0,0.0,7
k3408,0.0,0.0,0.0,0.0,0.0,0.0,0.0,0.0,0.0,0.0,1390
k1853,0.087,0.0,0.0,0.153846154,0.0769,0.0,0.0357,0.0417,0.475548577,0.0556,2146
k2956,0.0,0.0,0.0,0.0,0.0,0.555690425,0.0,0.0,0.0,0.0,3288
k1603,0.0,0.515398514,0.0,0.0,0.115384615,0.0,0.0,0.0,0.539565223,0.0,1642
k2451,0.0,0.0,0.0,0.0,0.0,0.0,0.0,0.0,0.0,0.0,3334
k1306,0.0,0.0,0.0,0.153846154,0.0769,0.0,0.0357,0.0417,0.337954276,0.0556,1940
k330,0.0,0.0,0.0,0.0,0.0,0.0,0.0,0.0,0.0,0.0,2901
k1206,0.0,0.0,0.0,0.0,0.0,0.0,0.0,0.0,0.0,0.0,2775
k2487,0.0,0.0,0.0,0.0,0.0,0.0,0.0,0.0,0.0,0.0,304
k1000,0.0,0.0,0.0,0.0,0.0,0.0,0.0,0.0,0.0,0.0,1708
k3418,0.0,0.0,0.0,0.0,0.0,0.0,0.0,0.0,0.0,0.0,501
k3197,0.0,0.0,0.0,0.0,0.0,0.0,0.0,0.0,0.0,0.0,3134
k1010,0.0,0.0,0.0,0.0,0.0,0.0,0.0,0.0,0.0,0.0,2448
k860,0.0,0.0,0.0,0.0,0.0,0.0,0.0,0.0,0.19804312,0.0,181
k2037,0.0,0.0,0.0,0.0,0.0,0.0,0.0,0.0,0.0,0.0,1945
k545,0.0,0.0,0.0,0.0,0.0385,0.0,0.0,0.0,0.0,0.0,463
k2378,0.0,0.0,0.0,0.0,0.0,0.0696,0.0,0.0,0.0,0.0,2859
k237,0.0,0.0,0.0,0.0,0.0385,0.0,0.0,0.0,0.423767217,0.0,1230
k2055,0.0,0.0,0.0,0.0,0.0,0.283959352,0.0,0.0,0.0,0.0,338
k2567,0.0,0.0,0.0,0.0,0.0,0.0663,0.0,0.0,0.0,0.0,1904
k2276,0.0,0.0,0.0,0.0,0.153846154,0.0,0.0,0.0,0.0,0.0,3041
k3104,0.0,0.0,0.0,0.0,0.0,0.0,0.0,0.0,0.0,0.0,3290
k938,0.0,0.0,0.0,0.0,0.115384615,0.0,0.0357,0.0,0.0,0.0,695
k2799,0.0,0.0,0.0,0.0,0.0,0.0,0.0,0.0,0.0,0.0,2727
k644,0.0,0.0,0.0,0.0,0.0385,0.0,0.0,0.0,0.0,0.0,1759
k3178,0.0,0.0,0.0,0.0,0.0385,0.219118969,0.0,0.0,0.152414506,0.0,2470
k503,0.0,0.0,0.0,0.0,0.0,0.0744,0.0,0.0,0.391618479,0.0,1560
k1096,0.0,0.0,0.0,0.0,0.115384615,0.0,0.0,0.0,0.0,0.0,2985
k2019,0.0,0.0,0.0,0.0,0.0,0.286136991,0.0,0.0,0.0,0.0,716
k2182,0.0,0.0,0.0,0.0,0.0,0.0,0.0,0.0,0.0,0.0,1566
k632,0.0,0.0,0.0,0.0,0.0,0.0,0.0,0.0,0.0,0.0,2026
k507,0.0,0.0,0.0,0.0,0.0,0.0,0.0,0.0,0.0,0.0,1368
k2885,0.0,0.26669927,0.0,0.0,0.0,0.144290449,0.0,0.0,0.167687869,0.0,3035
k2628,0.0,0.0,0.0,0.0,0.0,0.0774,0.0,0.0,0.0,0.0,1938
k946,0.0,0.0,0.0,0.0,0.0,0.0,0.0,0.0,0.0,0.0,2725
k1953,0.0,0.0,0.0,0.0,0.153846154,0.0,0.0,0.0,0.0,0.0,438
k2871,0.0,0.0,0.0,0.0,0.0,0.0,0.0,0.0,0.0,0.0,1989
k2539,0.0,0.0,0.0,0.0,0.0,0.0,0.0,0.0,0.323363842,0.0,2328
k2928,0.0,0.0,0.0,0.0,0.0,0.0,0.0,0.0,0.0,0.0,2385
k1201,0.0,0.0,0.0,0.0,0.0,0.0,0.0,0.0,0.0,0.0,2763
k245,0.0,0.0,0.0,0.0,0.0,0.0,0.0,0.0,0.0,0.0,3266
k865,0.0,0.0,0.0,0.0,0.0,0.0,0.0,0.0,0.0,0.0,2509
k19,0.0,0.0,0.0,0.0,0.0,0.0,0.0,0.0,0.171830123,0.0,723
k1742,0.0,0.0,0.0,0.0,0.0,0.0,0.0,0.0,0.0,0.0,302
k1557,0.0,0.0,0.0,0.0,0.0,0.0,0.0,0.0,0.0,0.0,638
k3235,0.087,0.0,0.0,0.153846154,0.846153846,0.0,0.0714,0.0,0.36035691,0.0,2477
k2533,0.0,0.0,0.0,0.0,0.0,0.0,0.0,0.0,0.0,0.0,1991
k3187,0.0,0.0,0.0,0.0,0.0,0.0,0.0,0.0,0.0,0.0,2844
k1175,0.0,0.0,0.0,0.0,0.0,0.0,0.0,0.0,0.0,0.0,169
k401,0.0,0.0,0.4,0.0769,0.0769,0.0,0.0,0.0,0.0,0.0,1203
k3165,0.0,0.0,0.0,0.0,0.0,0.0,0.0,0.0,0.0,0.0,2698
k2889,0.0,0.0,0.0,0.0,0.0,0.210775937,0.0,0.0,0.0,0.0,3138
k415,0.0,0.0,0.0,0.0,0.0,0.0,0.0,0.0,0.0,0.0,808
k544,0.0,0.0,0.0,0.0,0.0,0.0,0.0,0.0,0.0,0.0,803
k1324,0.0,0.0,0.0,0.0,0.0,0.0,0.0,0.0,0.0,0.0,1099
k890,0.0,0.0,0.0,0.0,0.0385,0.0,0.0,0.0,0.0,0.0,2505
k1575,0.0,0.0,0.0,0.0,0.0,0.0,0.0,0.0,0.0,0.0,2469
k807,0.0,0.0,0.0,0.0,0.0,0.0,0.0,0.0,0.0,0.0,911
k3281,0.0,0.0,0.0,0.0,0.0,0.0,0.0,0.0,0.0,0.0,1183
k2582,0.0,0.0,0.0,0.0,0.0,0.0,0.0,0.0,0.228334546,0.0,775
k204,0.0,0.0,0.0,0.0,0.0,0.0,0.0,0.0,0.0,0.0,2776
k2887,0.0,0.0,0.0,0.0,0.0385,0.0,0.0,0.0,0.0,0.0,245
k2554,0.0,0.0,0.0,0.0,0.0,0.215902514,0.0,0.0,0.158056651,0.0,674
k2415,0.0435,0.0,0.0,0.0769,0.0,0.073,0.0,0.0,0.180101865,0.0,2131
k1496,0.0,0.0,0.0,0.0,0.0,0.0,0.0,0.0,0.0,0.0,2314
k3132,0.0,0.0,0.0,0.0,0.0,0.0,0.0,0.0,0.0,0.0,1725
k1461,0.0,0.0,0.0,0.0,0.0,0.0,0.0,0.0,0.0,0.0,1908
k3193,0.0,0.0,0.0,0.0,0.0769,0.0,0.0,0.0,0.201425854,0.0,3061
k3346,0.0,0.0,0.0,0.0,0.0,0.0,0.0,0.0,0.0,0.0,1461
k1710,0.0,0.0,0.0,0.0,0.0,0.0,0.0,0.0,0.0,0.0,298
k3415,0.0,0.0,0.0,0.0,0.0385,0.0,0.0,0.0,0.0,0.0,1200
k1442,0.0,0.0,0.0,0.0,0.0,0.0,0.0,0.0,0.0,0.0,3255
k2496,0.0,0.0,0.0,0.0,0.0,0.0,0.0,0.0,0.200902488,0.0,397
k2203,0.0,0.0,0.0,0.0,0.0,0.0,0.0,0.0,0.145093759,0.0,2771
k1249,0.0,0.0,0.0,0.0,0.0,0.0,0.0,0.0,0.0,0.0,1640
k2175,0.0,0.0,0.0,0.0,0.0,0.0,0.0,0.0,0.0,0.0,894
k2441,0.0,0.0,0.0,0.0,0.0,0.0,0.0,0.0,0.0,0.0,2952
k2440,0.0,0.0,0.0,0.0,0.0,0.0,0.0,0.0,0.0,0.0,1005
k1097,0.0,0.0,0.0,0.0,0.0769,0.0,0.0,0.0,0.0,0.0,2721
k86,0.0,0.0,0.0,0.0,0.307692308,0.0,0.0,0.0,0.0,0.0,2154
k639,0.0,0.0,0.0,0.0,0.0,0.0,0.0,0.0,0.0,0.0,1995
k714,0.0,0.0,0.0,0.0,0.0,0.604407281,0.0,0.0,0.0,0.0,1695
k1521,0.0,0.0,0.0,0.0,0.0,0.0,0.0,0.0,0.0,0.0,542
k591,0.0,0.0,0.0,0.0,0.0,0.0,0.0,0.0,0.0,0.0,1000
k439,0.0,0.0,0.0,0.0,0.0,0.0,0.0,0.0,0.0,0.0,2165
k3093,0.0,0.0,0.0,0.0,0.0,0.0,0.0,0.0,0.0,0.0,1008
k725,0.0,0.0,0.0,0.0,0.0,0.0,0.0,0.0,0.0,0.0,795
k2239,0.0,0.0,0.0,0.0,0.153846154,0.0,0.0,0.0,0.0,0.0,1743
k1436,0.0,0.0,0.0,0.0,0.0,0.0,0.0,0.0,0.164790207,0.0,939
k3041,0.0,0.0,0.0,0.0,0.0,0.0,0.0,0.0,0.0,0.0,285
k1908,0.0,0.0,0.0,0.0,0.0,0.0,0.0,0.0,0.0,0.0,2945
k437,0.0,0.0,0.0,0.0,0.0,0.0,0.0,0.0,0.0,0.0,1270
k920,0.0,0.0,0.0,0.0,0.0,0.0,0.0,0.0,0.159218269,0.0,614
k2904,0.0,0.0,0.0,0.0,0.0,0.0,0.0,0.0,0.0,0.0,2417
k940,0.0,0.0,0.0,0.0,0.0,0.820906083,0.0,0.0,0.0,0.0,3146
k746,0.0,0.0,0.0,0.0,0.0769,0.0,0.0,0.0833,0.0,0.0,1168
k30,0.0,0.0,0.0,0.0,0.0,0.0,0.0,0.0,0.0,0.0,2161
k3167,0.0,0.0,0.0,0.0,0.0,0.0,0.0,0.0,0.0,0.0,1490
k898,0.0,0.0,0.0,0.0,0.0769,0.0,0.0,0.0,0.0,0.0,482
k1125,0.0,0.0,0.0,0.0,0.0,0.136663712,0.0,0.0,0.0,0.0,2012
k1327,0.0,0.0,0.0,0.0,0.0769,0.0,0.0,0.125,0.0,0.166666667,532
k1345,0.0,0.0,0.0,0.0,0.0,0.139530145,0.0,0.0,0.0,0.0,1839
k463,0.0,0.0,0.0,0.0,0.0,0.210619677,0.0,0.0,0.0,0.0,2812
k191,0.0,0.0,0.0,0.0,0.0,0.0,0.0,0.0,0.0,0.0,1671
k1824,0.0,0.0,0.0,0.0,0.0,0.0,0.0,0.0,0.0,0.0,421
k2445,0.0,0.0,0.0,0.0,0.0,0.0,0.0,0.0,0.0,0.0,1202
k1720,0.0,0.0,0.0,0.0,0.0,0.0,0.0,0.0,0.0,0.0,434
k3146,0.0,0.0,0.0,0.0,0.0,0.0674,0.0,0.0,0.0,0.0,347
k1865,0.0435,0.0,0.0,0.0769,0.0,0.0,0.0,0.0,0.0,0.0,856
k1240,0.0,0.0,0.0,0.0,0.0,0.0,0.0,0.0,0.0,0.0,3127
k3380,0.0,0.0,0.0,0.0,0.0,0.0,0.0,0.0,0.191028734,0.0,1562
k3423,0.0,0.0,0.0,0.0,0.0,0.0,0.0,0.0,0.0,0.0556,1080
k3244,0.0,0.0,0.0,0.0,0.0,0.0,0.0714,0.0,0.0,0.0,1605
k997,0.0,0.0,0.0,0.0,0.0,0.0,0.0,0.0,0.0,0.0,258
k2924,0.0,0.0,0.0,0.0,0.0,0.276788895,0.0,0.0,0.0,0.0,1151
k1394,0.0,0.0,0.0,0.0,0.0,0.0,0.0,0.0,0.0,0.0,3173
k2291,0.0,0.0,0.0,0.0,0.0,0.0,0.0,0.0,0.0,0.0,2041
k3325,0.0,0.0,0.0,0.0,0.0,0.0,0.0,0.0,0.0,0.0,1479
k3393,0.0,0.0,0.0,0.0,0.115384615,0.149205762,0.0357,0.0,0.0,0.0,2241
k247,0.0,0.0,0.0,0.0,0.0,0.0,0.0,0.0,0.0,0.0,2623
k2822,0.0,0.0,0.0,0.0,0.0,0.0,0.0,0.0,0.438600186,0.0,1413
k3332,0.0,0.0,0.0,0.0,0.0,0.0,0.0,0.0,0.0,0.0,509
k2985,0.0,0.0,0.0,0.0,0.0,0.0686,0.0,0.0,0.0,0.0,1967
k1832,0.0,0.0,0.0,0.0,0.0,0.0,0.0,0.0,0.203372522,0.0,1279
k1223,0.0,0.0,0.0,0.0,0.0,0.0,0.0,0.0,0.0,0.0,957
k3009,0.0,0.0,0.0,0.0,0.0,0.0708,0.0,0.0,0.0,0.0,1410
k1687,0.0,0.0,0.0,0.0,0.0,0.0,0.0,0.0,0.0,0.0,1135
k322,0.0,0.0,0.0,0.0,0.0,0.0,0.0,0.0,0.0,0.0,2184
k2350,0.0,0.0,0.0,0.0,0.0,0.0,0.0,0.0417,0.0,0.111111111,1489
k2812,0.0,0.0,0.0,0.0,0.0385,0.14776817,0.0,0.0,0.0,0.0,377
k875,0.0,0.0,0.0,0.0,0.0,0.0,0.0,0.0,0.0,0.0,1625
k1395,0.0,0.0,0.0,0.0,0.153846154,0.0776,0.0,0.0,0.151297566,0.0,310
k333,0.0,0.0,0.0,0.0,0.0,0.0,0.0,0.0,0.424450146,0.0,1647
k48,0.0,0.0,0.0,0.0,0.0,0.0663,0.0,0.0,0.0,0.0,330
k2914,0.0,0.0,0.0,0.0,0.0,0.0,0.0,0.0,0.0,0.0,2747
k1765,0.0,0.0,0.0,0.0,0.0,0.0,0.0,0.0,0.0,0.0,980
k3011,0.0,0.0,0.0,0.0,0.0,0.0,0.0,0.0,0.0,0.0,724
k1218,0.0,0.0,0.0,0.0,0.0,0.0,0.0,0.0,0.0,0.0,3140
k2617,0.0,0.0,0.0,0.0,0.0,0.0,0.0,0.0,0.0,0.0,297
k1962,0.0,0.0,0.0,0.0,0.0,0.0,0.0,0.0,0.0,0.0,3023
k3276,0.0,0.0,0.0,0.0,0.538461538,0.0,0.0,0.0,0.0,0.0,1653
k471,0.0,0.0,0.0,0.0,0.0,0.0,0.0,0.0,0.0,0.0,171
k453,0.0,0.0,0.0,0.0,0.153846154,0.0,0.0714,0.0,0.0,0.0556,2002
k88,0.0,0.0,0.0,0.0,0.0,0.0,0.0,0.0,0.0,0.0,2566
k2449,0.0,0.0,0.0,0.0,0.0,0.708170146,0.0,0.0,0.0,0.0,1038
k1584,0.0,0.0,0.0,0.0,0.0769,0.0,0.0,0.0,0.228321781,0.0,1282
k2519,0.0,0.0,0.0,0.0,0.0,0.0,0.0,0.0,0.0,0.0,2133
k834,0.0,0.0,0.0,0.0,0.0769,0.0,0.0,0.0,0.169806865,0.0,560
k856,0.0,0.0,0.0,0.0,0.0769,0.0,0.0,0.0,0.0,0.0,1785
k3195,0.0,0.0,0.0,0.0,0.0,0.0,0.0,0.0,0.0,0.0,506
k3291,0.0,0.0,0.0,0.0,0.0,0.0,0.0,0.0,0.0,0.0,2746
k1348,0.0,0.0,0.0,0.0,0.0,0.0,0.0,0.0,0.0,0.0,2748
k589,0.0,0.0,0.0,0.0,0.0,0.0,0.0,0.0,0.0,0.0,2227
k2777,0.0,0.0,0.0,0.0,0.0,0.141314009,0.0,0.0,0.0,0.0,43
k431,0.0,0.280392876,0.0,0.0,0.0,0.0,0.0,0.0,0.14068344,0.0,345
k3425,0.0,0.0,0.0,0.0,0.0,0.0,0.0,0.0,0.0,0.0,2733
k942,0.0,0.0,0.0,0.0,0.0,0.0,0.0,0.0,0.0,0.0,344
k2765,0.0,0.0,0.0,0.0,0.0,0.0,0.0,0.0,0.0,0.0,1527
k1141,0.0,0.0,0.0,0.0,0.0,0.0,0.0,0.0,0.207131825,0.0,1731
k2748,0.0,0.0,0.0,0.0,0.0385,0.145633034,0.0,0.0,0.154220758,0.0,68
k1637,0.0,0.0,0.0,0.0,0.0,0.0707,0.0,0.0,0.0,0.0,1992
k2315,0.0,0.0,0.0,0.0,0.0,0.0,0.0,0.0,0.193192407,0.0,3219
k3413,0.0,0.0,0.0,0.0,0.0,0.0,0.0,0.0,0.0,0.0,1305
k1251,0.0,0.0,0.0,0.0,0.0,0.0,0.0,0.0,0.0,0.0,2403
k813,0.0,0.0,0.0,0.0,0.0,0.0,0.0,0.0,0.0,0.0,129
k442,0.0,0.0,0.0,0.0,0.0,0.0,0.0,0.0,0.0,0.0,3377
k2224,0.0,0.0,0.0,0.0,0.0,0.0,0.0,0.0,0.0,0.0,2614
k2494,0.0,0.0,0.0,0.0,0.0,0.0,0.0,0.0,0.0,0.0,2250
k2036,0.0,0.0,0.0,0.0,0.0,0.0,0.0,0.0,0.0,0.0,2883
k5,0.0,0.0,0.0,0.0,0.0,0.0,0.0357,0.0,0.0,0.0,2211
k2439,0.0,0.0,0.0,0.0,0.0,0.0,0.0,0.0,0.0,0.0,1792
k673,0.0,0.0,0.0,0.0,0.0385,0.222321673,0.0,0.0,0.0,0.0,1753
k626,0.0,0.0,0.0,0.0,0.0,0.0,0.0,0.0,0.216003523,0.0,1126
k1795,0.0,0.0,0.0,0.0,0.0769,0.0,0.0,0.0,0.0,0.0,2760
k3361,0.0,0.0,0.0,0.0,0.230769231,0.0,0.0,0.0,0.0,0.0,362
k3112,0.0,0.0,0.0,0.0,0.0,0.0,0.0,0.0,0.0,0.0,1027
k1067,0.0,0.0,0.0,0.0,0.0,0.0,0.0,0.0,0.0,0.0,1882
k1578,0.0,0.0,0.0,0.0,0.0,0.0,0.0,0.0,0.0,0.0,2686
k2712,0.0,0.0,0.0,0.0,0.0,0.139035113,0.0,0.0,0.0,0.0,1462
k764,0.0,0.0,0.0,0.0,0.0,0.0,0.0,0.0,0.0,0.0,1806
k1608,0.0,0.0,0.0,0.0,0.0,0.0,0.0,0.0,0.0,0.0,2908
k666,0.0,0.0,0.0,0.0,0.0,0.0,0.0,0.0,0.0,0.0,2896
k610,0.0,0.0,0.0,0.0,0.0,0.0,0.0,0.0,0.0,0.0,2545
k2050,0.0,0.0,0.0,0.0,0.115384615,0.0,0.0,0.0,0.0,0.0,1501
k595,0.0,0.0,0.0,0.0,0.0,0.0,0.0357,0.0,0.0,0.0,626
k2493,0.0,0.0,0.0,0.0,0.0,0.0,0.0,0.0,0.0,0.0,2984
k1626,0.0,0.0,0.0,0.0,0.0,0.0,0.0,0.0,0.0,0.0,700
k1228,0.0,0.0,0.0,0.0,0.0,0.0,0.0,0.0,0.0,0.0,246
k1185,0.0,0.480947141,0.0,0.0,0.0,0.0,0.0,0.0,0.222060532,0.0,321
k3252,0.0,0.523603809,0.0,0.0,0.115384615,0.0,0.0,0.0,0.554615198,0.0,1651
k2433,0.0,0.0,0.0,0.0,0.0385,0.0,0.0,0.0,0.0,0.0,476
k3043,0.0,0.0,0.0,0.0,0.0385,0.0,0.0,0.0,0.0,0.0,3032
k1943,0.0,0.0,0.0,0.0,0.0,0.0,0.0,0.0,0.0,0.0,3000
k847,0.0,0.0,0.0,0.0,0.307692308,0.0,0.0,0.0,0.0,0.0,3170
k2348,0.0,0.0,0.0,0.0,0.0,0.0,0.0,0.0,0.0,0.0,1579
k260,0.0,0.0,0.0,0.0,0.0769,0.0,0.0,0.0,0.0,0.0,3411
k607,0.0,0.0,0.0,0.0,0.0,0.0,0.0,0.0,0.0,0.0,1387
k3339,0.0,0.0,0.0,0.0,0.0,0.0,0.0,0.0,0.0,0.0,1086
k271,0.0,0.0,0.0,0.0,0.0,0.0,0.0,0.0,0.0,0.0,715
k277,0.0,0.0,0.0,0.0,0.0,0.0,0.0,0.0,0.0,0.0,3048
k348,0.0,0.0,0.0,0.0,0.0,0.0,0.0,0.0,0.219998979,0.0,635
k1559,0.0,0.0,0.0,0.0,0.0,0.0,0.0,0.0,0.0,0.0,3230
k636,0.0,0.0,0.0,0.0,0.0,0.0,0.0,0.0,0.0,0.0,2577
k395,0.0,0.0,0.0,0.0,0.0,0.0,0.0,0.0,0.0,0.0,1848
k1803,0.0,0.0,0.0,0.0,0.0,0.0,0.0,0.0,0.0,0.0,2932
k2920,0.0,0.0,0.0,0.0,0.0,0.0,0.0,0.0,0.0,0.0,3025
k155,0.0,0.0,0.0,0.0,0.0,0.149138258,0.0,0.0,0.0,0.0,2955
k2746,0.0,0.0,0.0,0.0,0.0,0.0,0.0,0.0,0.0,0.0,499
k802,0.0,0.0,0.0,0.0,0.0,0.0,0.0,0.0,0.220515963,0.0,548
k1764,0.0,0.0,0.0,0.0,0.0,0.0,0.0,0.0,0.0,0.0,2478
k654,0.0,0.0,0.0,0.0,0.0,0.490171248,0.0,0.0,0.0,0.0,2576
k804,0.0,0.0,0.0,0.0,0.0,0.0,0.0,0.0,0.0,0.0,1576
k1129,0.0,0.0,0.0,0.0,0.0,0.0,0.0,0.0,0.0,0.0,1486
k105,0.0,0.0,0.0,0.0,0.0,0.0,0.0,0.0,0.0,0.0,2782
k699,0.0,0.0,0.0,0.0,0.0769,0.0,0.0,0.0,0.0,0.0,1622
k3108,0.0,0.0,0.0,0.0,0.192307692,0.0,0.0,0.0,0.0,0.0,3068
k2266,0.0,0.0,0.0,0.0,0.0,0.0,0.0,0.0,0.156843973,0.0,1662
k1606,0.0,0.0,0.0,0.0,0.0769,0.0733,0.0,0.0,0.16053945,0.0,2654
k197,0.0,0.0,0.0,0.0,0.0,0.0,0.0,0.0,0.0,0.0,1293
k2280,0.0,0.0,0.0,0.0,0.0,0.0,0.0,0.0,0.0,0.0,580
k3402,0.0,0.0,0.0,0.0,0.153846154,0.0,0.0,0.0,0.0,0.0,1484
k1027,0.0,0.0,0.0,0.0,0.0769,0.0,0.0,0.0,0.198572869,0.0,343
k3305,0.0,0.0,0.0,0.0,0.0,0.0,0.0,0.0,0.0,0.0,693
k1766,0.0,0.0,0.0,0.0,0.0,0.0,0.0,0.0,0.0,0.0,146
k1601,0.0,0.0,0.0,0.0,0.0,0.0,0.0,0.0,0.0,0.0,865
k3164,0.173913043,0.0,0.0,0.153846154,0.0,0.143485397,0.0,0.0,0.0,0.0,2263
k1165,0.0,0.0,0.0,0.0,0.0,0.0,0.0,0.0,0.0,0.0,976
k391,0.0,0.0,0.0,0.0,0.0,0.0,0.0,0.0,0.0,0.0,1729
k251,0.0,0.0,0.0,0.0,0.0,0.0,0.0,0.0,0.0,0.0,1264
k1122,0.0,0.0,0.0,0.0,0.0,0.0,0.0,0.0,0.0,0.0,1190
k2460,0.0,0.0,0.0,0.0,0.0,0.0,0.0,0.0,0.0,0.0,2029
k469,0.0,0.0,0.0,0.0,0.0,0.192588528,0.0,0.0,0.0,0.0,2899
k912,0.0,0.0,0.0,0.0,0.0,0.0,0.0,0.0,0.0,0.0,2937
k2619,0.0,0.0,0.0,0.0,0.0,0.0,0.0,0.0,0.0,0.0,2051
k2069,0.0,0.0,0.0,0.0,0.0,0.0,0.0,0.0,0.192318003,0.0,2637
k1088,0.0,0.0,0.0,0.0,0.0,0.0,0.0,0.0,0.0,0.0,2786
k515,0.0,0.0,0.0,0.0,0.0,0.0,0.0,0.0,0.211382581,0.0,1241
k827,0.0,0.0,0.0,0.0,0.0385,0.0,0.0,0.0,0.0,0.0,977
k1081,0.0,0.0,0.0,0.0,0.0,0.0,0.0,0.0,0.0,0.0,1837
k1299,0.0,0.0,0.0,0.0,0.0769,0.0,0.0,0.0,0.0,0.0,1646
k1183,0.087,0.0,0.0,0.0,0.0385,0.0,0.0357,0.0,0.402143249,0.0,2296
k602,0.0,0.0,0.0,0.0,0.0,0.0,0.0,0.0,0.0,0.0,1449
k2750,0.0,0.0,0.0,0.0,0.0,0.0,0.0,0.0,0.0,0.0,437
k1189,0.0,0.0,0.0,0.0,0.0,0.0,0.0,0.0,0.0,0.0,1330
k2651,0.0,0.58601296,0.4,0.0,0.153846154,0.071,0.0,0.0,0.266361582,0.0,3229
k781,0.0,0.0,0.0,0.0,0.0,0.0,0.0,0.0,0.0,0.0,3419
k181,0.0,0.0,0.0,0.0,0.0,0.0,0.0,0.0,0.0,0.0,1962
k1911,0.0,0.0,0.0,0.0,0.0,0.0,0.0,0.0,0.0,0.0,2237
k2085,0.0,0.0,0.0,0.0,0.0,0.0,0.0,0.0,0.0,0.0,486
k975,0.0,0.0,0.0,0.0,0.0,0.0714,0.0,0.0,0.0,0.0,2064
k287,0.0,0.0,0.0,0.0,0.0,0.37128992,0.0,0.0,0.0,0.0,196
k2801,0.0,0.0,0.0,0.0,0.0,0.0,0.0,0.0,0.0,0.0,1254
k1722,0.0,0.0,0.0,0.0,0.0,0.0,0.0,0.0,0.0,0.0,702
k1636,0.0,0.0,0.0,0.0,0.0,0.0744,0.0,0.0,0.203321462,0.0,1025
k2212,0.0,0.0,0.0,0.0,0.0,0.0,0.0,0.0,0.0,0.0,2030
k2264,0.0,0.0,0.0,0.0,0.461538462,0.0,0.0,0.0,0.0,0.0,1879
k1667,0.0,0.0,0.0,0.0,0.0,0.0,0.0,0.0,0.0,0.0,1502
k3133,0.0,0.0,0.0,0.0,0.0769,0.231912284,0.0,0.0,0.0,0.0,167
k1785,0.0,0.0,0.0,0.0,0.0,0.551700171,0.0,0.0,0.0,0.0,2550
k1567,0.0,0.0,0.0,0.0,0.0,0.0,0.0,0.0,0.0,0.0,283
k2689,0.0,0.0,0.0,0.0,0.0769,0.0,0.107142857,0.0,0.188628908,0.111111111,1288
k1213,0.0,0.0,0.0,0.0,0.0,0.0,0.0,0.0,0.0,0.0,1146
k125,0.0,0.0,0.0,0.0,0.0,0.0,0.0,0.0,0.0,0.0,3344
k2861,0.0,0.0,0.0,0.0,0.0,0.0603,0.0,0.0,0.0,0.0,1583
k1598,0.0,0.0,0.0,0.0,0.0,0.0723,0.0,0.0,0.0,0.0,615
k2688,0.0,0.0,0.0,0.0,0.0,0.0,0.0714,0.0,0.0,0.0,1081
k1554,0.0435,0.0,0.0,0.0,0.0,0.1482357,0.0,0.0,0.0,0.0,3215
k1971,0.0,0.0,0.0,0.0,0.0,0.0,0.0,0.0,0.0,0.0,841
k1389,0.0,0.0,0.0,0.0,0.0,0.0,0.0,0.0,0.15749499,0.0,2383
k2670,0.0,0.0,0.0,0.0,0.0,0.0,0.0,0.0,0.0,0.0,2643
k302,0.0,0.0,0.0,0.0,0.0,0.0,0.0,0.0,0.0,0.0,1703
k119,0.0,0.0,0.0,0.0,0.0,0.0,0.0357,0.125,0.0,0.111111111,1429
k381,0.0,0.0,0.0,0.0,0.0385,0.0,0.0,0.0,0.171498232,0.0,1216
k167,0.0,0.0,0.0,0.0,0.0,0.0,0.0,0.0,0.0,0.0,308
k1983,0.0,0.0,0.0,0.0,0.0,0.385845848,0.0,0.0,0.0,0.0,40
k3233,0.0,0.0,0.0,0.0,0.0,0.0,0.0,0.0,0.0,0.0,2877
k27,0.0,0.0,0.0,0.0,0.0,0.0,0.0,0.0,0.0,0.0,2869
k2372,0.0,0.0,0.0,0.0,0.0,0.0,0.0,0.0,0.0,0.0,1496
k2422,0.0,0.0,0.0,0.0,0.0,0.0,0.0,0.0,0.17258326,0.0,2922
k1930,0.0,0.0,0.1,0.0,0.115384615,0.074,0.0,0.0,0.0,0.0,3141
k2167,0.0,0.0,0.0,0.0,0.153846154,0.0,0.0,0.0,0.0,0.0,2318
k3262,0.0,0.0,0.0,0.0,0.0,0.0,0.0,0.0,0.0,0.0,2951
k2374,0.0,0.0,0.6,0.0,0.0,0.0,0.0,0.0,0.164311518,0.0,3075
k3279,0.0,0.0,0.0,0.0,0.0,0.0,0.0,0.0,0.0,0.0,1423
k2668,0.0,0.0,0.0,0.0,0.0,0.0,0.0,0.0,0.0,0.111111111,2445
k620,0.0,0.0,0.0,0.0,0.0,0.0,0.0,0.0,0.0,0.0,1030
k2803,0.0,0.0,0.0,0.0,0.0,0.0,0.0,0.0,0.0,0.0,1819
k2164,0.0,0.0,0.0,0.0,0.0,0.0,0.0,0.0,0.0,0.0,737
k1504,0.0,0.0,0.0,0.0,0.0,0.0,0.0,0.0,0.0,0.0,3349
k613,0.0,0.0,0.0,0.0,0.0,0.0688,0.0,0.0,0.0,0.0,2244
k3032,0.0,0.0,0.0,0.0,0.0,0.0,0.0,0.0,0.0,0.0,3106
k3008,0.0,0.0,0.0,0.0,0.0,0.0,0.0,0.0,0.186375879,0.0,1469
k2008,0.0,0.0,0.0,0.0,0.0,0.0,0.0,0.0,0.0,0.0,2398
k892,0.0,0.0,0.0,0.0,0.0,0.0,0.0,0.0,0.0,0.0,466
k76,0.0,0.0,0.0,0.0,0.0,0.0,0.0,0.0,0.0,0.0,2019
k1270,0.0,0.0,0.0,0.0,0.0,0.0,0.0,0.0,0.0,0.0,2650
k1068,0.0,0.0,0.0,0.0,0.0,0.0627,0.0,0.0,0.0,0.0,2307
k2998,0.0,0.0,0.0,0.0,0.0,0.0,0.0357,0.0,0.0,0.0,2919
k1368,0.0,0.0,0.0,0.0,0.0,0.0,0.0,0.0,0.0,0.0,152
k2949,0.0,0.0,0.0,0.0,0.115384615,0.0735,0.0,0.0,0.0,0.0,115
k145,0.0,0.0,0.0,0.0,0.115384615,0.0,0.0,0.0,0.0,0.0,3003
k2389,0.0,0.0,0.0,0.0,0.0,0.277683952,0.0,0.0,0.0,0.0,2998
k60,0.0,0.0,0.0,0.0,0.0,0.0,0.0,0.0,0.0,0.0,1078
k2638,0.0,0.0,0.0,0.0,0.0,0.0,0.0,0.0,0.0,0.0,2816
k32,0.0,0.0,0.0,0.0,0.0,0.0,0.0,0.0,0.0,0.0,1561
k685,0.0,0.0,0.6,0.0,0.307692308,0.0,0.0,0.0,0.0,0.0,3100
k2960,0.0,0.0,0.0,0.0,0.0769,0.218501429,0.0,0.0,0.0,0.0,1930
k2156,0.0,0.0,0.0,0.0,0.0,0.0,0.0,0.0,0.0,0.0,222
k593,0.0,0.0,0.0,0.0,0.0,0.0717,0.0,0.0,0.0,0.0,2995
k2053,0.0,0.0,0.0,0.0,0.0,0.0692,0.0,0.0,0.0,0.0,2971
k1475,0.0,0.0,0.0,0.0,0.0,0.0,0.0,0.0,0.147742504,0.0,1884
k2077,0.0,0.0,0.0,0.0,0.0,0.0,0.0,0.0,0.0,0.0,2706
k1738,0.0,0.0,0.0,0.0,0.0,0.0,0.0,0.0,0.0,0.0,2088
k2939,0.0,0.0,0.0,0.0,0.0,0.0,0.0,0.0,0.0,0.0,3304
k1900,0.0,0.0,0.0,0.0,0.0,0.0,0.0,0.0,0.154559032,0.0,2518
k1951,0.0,0.0,0.0,0.0,0.0,0.0,0.0,0.0,0.137236881,0.0,2701
k1615,0.0,0.0,0.0,0.0,0.0,0.0,0.0,0.0,0.0,0.0,862
k1255,0.0,0.0,0.0,0.0,0.0,0.0,0.0,0.0,0.0,0.0,2633
k1944,0.0,0.0,0.0,0.0,0.0,0.0,0.0,0.0,0.124433552,0.0,2671
k3343,0.087,0.0,0.0,0.0,0.0385,0.0,0.0,0.0,0.0,0.0,2649
k115,0.0,0.0,0.0,0.0,0.0,0.0,0.0,0.0,0.0,0.0,691
k1676,0.0,0.0,0.0,0.0,0.0,0.0,0.0,0.0,0.0,0.0,120
k2751,0.0,0.0,0.0,0.0,0.0,0.0,0.0,0.0,0.0,0.0,1065
k473,0.0,0.0,0.0,0.0,0.384615385,0.162561613,0.142857143,0.0,0.349717254,0.0,2915
k3310,0.0,0.0,0.0,0.0,0.0,0.0,0.0,0.0,0.0,0.0,3253
k582,0.0,0.0,0.0,0.0,0.0,0.0,0.0,0.0,0.0,0.0,1689
k455,0.0,0.0,0.0,0.0,0.0,0.144167941,0.0,0.0,0.143466217,0.0,2913
k1629,0.0,0.0,0.0,0.0,0.0,0.0,0.0,0.0,0.0,0.0,990
k1164,0.0,0.0,0.0,0.0,0.0,0.0747,0.0,0.0,0.0,0.0,2584
k3182,0.0,0.0,0.0,0.0,0.0,0.0,0.0,0.0,0.15944804,0.0,1509
k527,0.0,0.0,0.0,0.0,0.0385,0.0,0.0,0.0,0.0,0.0,2914
k3271,0.0,0.0,0.0,0.0,0.0,0.0,0.0,0.0,0.0,0.0,2535
k201,0.0,0.0,0.0,0.0,0.0769,0.0,0.0,0.0,0.0,0.0,2346
k2608,0.0,0.0,0.0,0.0,0.0,0.0,0.0,0.0,0.0,0.0,3394
k2771,0.0,0.0,0.0,0.0,0.0,0.0,0.0,0.0,0.0,0.0,189
k1454,0.0,0.0,0.0,0.0,0.0,0.0,0.0,0.0,0.0,0.0,1658
k1149,0.0,0.0,0.0,0.0,0.0,0.0,0.0,0.0,0.0,0.0,480
k830,0.0,0.0,0.0,0.0,0.0,0.0,0.0,0.0,0.0,0.0,2519
k2424,0.0,0.0,0.0,0.0,0.0,0.0,0.0,0.0,0.0,0.0,1686
k2303,0.0,0.0,0.0,0.0,0.0,0.0,0.0,0.0,0.0,0.0,2836
k3025,0.0,0.0,0.0,0.0,0.115384615,0.0,0.0,0.0,0.0,0.0,2766
k1075,0.0,0.0,0.0,0.0,0.0385,0.0757,0.0,0.0,0.372343277,0.0,1328
k2054,0.0,0.0,0.0,0.0,0.0,0.0,0.0,0.0,0.0,0.0,2601
k1400,0.0,0.0,0.0,0.0,0.0,0.280562886,0.0,0.0,0.0,0.0,2367
k2624,0.0,0.0,0.0,0.0,0.0,0.0,0.0,0.0,0.0,0.0,2521
k1616,0.087,0.0,0.0,0.153846154,0.153846154,0.0,0.0,0.0,0.0,0.0,2310
k3316,0.0,0.0,0.0,0.0,0.0,0.0,0.0,0.0,0.0,0.0,2517
k1885,0.0,0.0,0.0,0.0,0.0,0.0,0.0,0.0,0.0,0.0,1830
k380,0.0,0.0,0.0,0.0,0.0,0.0,0.0,0.0,0.0,0.0,2129
k3280,0.0,0.0,0.0,0.0,0.153846154,0.0,0.0,0.0,0.203225724,0.0,1084
k3088,0.0,0.0,0.0,0.0,0.0,0.0,0.0,0.0,0.0,0.0,634
k907,0.0,0.0,0.0,0.0,0.0385,0.0,0.0,0.0,0.0,0.0,1256
k977,0.0,0.0,0.0,0.0,0.0769,0.0,0.0,0.0,0.0,0.0,96
k1718,0.0,0.0,0.0,0.0,0.0,0.15043584,0.0,0.0,0.0,0.0,1986
k2005,0.0,0.0,0.0,0.0,0.0,0.0684,0.0,0.0,0.0,0.0,2580
k694,0.0,0.0,0.0,0.0,0.0,0.0,0.0,0.0,0.0,0.0,1117
k80,0.0,0.0,0.0,0.0,0.0,0.0754,0.0,0.0,0.0,0.0,3236
k1735,0.0,0.0,0.0,0.0,0.0,0.0,0.0,0.0,0.0,0.0,1706
k1260,0.0,0.0,0.0,0.0,0.0,0.0,0.0,0.0,0.0,0.0,522
k3405,0.0,0.0,0.0,0.0,0.0,0.0,0.0,0.0,0.0,0.0,2525
k1323,0.0,0.0,0.0,0.0,0.0769,0.0,0.0,0.0,0.0,0.222222222,2910
k1874,0.0,0.0,0.0,0.0,0.0,0.0,0.0,0.0,0.0,0.0,833
k2452,0.0,0.0,0.0,0.0,0.0385,0.0,0.0,0.0,0.0,0.0,2529
k2506,0.0435,0.0,0.0,0.0,0.0,0.0,0.0,0.0,0.0,0.0,2052
k523,0.913043478,0.0,0.0,0.692307692,0.153846154,0.0,0.75,0.541666667,0.813324143,0.888888889,251
k2807,0.0,0.0,0.0,0.0,0.0,0.0702,0.0,0.0,0.143912994,0.0,1472
k2896,0.0,0.0,0.0,0.0,0.0,0.0,0.0,0.0,0.0,0.0,349
k241,0.0,0.0,0.0,0.0,0.0,0.0,0.0,0.0,0.0,0.0,3137
k2895,0.0,0.0,0.0,0.0,0.0385,0.0,0.0,0.0,0.212467609,0.0,2136
k1342,0.0,0.0,0.0,0.0,0.0,0.0,0.0,0.0,0.0,0.0,790
k2179,0.0,0.0,0.0,0.0,0.0,0.0686,0.0,0.0,0.0,0.0,73
k1026,0.0,0.0,0.0,0.0,0.0,0.0,0.0,0.0,0.0,0.0,821
k2995,0.0,0.0,0.0,0.0,0.615384615,0.0,0.0,0.0,0.0,0.0,3004
k973,0.0,0.0,0.0,0.0,0.0,0.140938985,0.0,0.0,0.0,0.0,899
k2773,0.0,0.237464509,0.0,0.0,0.0,0.0,0.0,0.0,0.0,0.0,1877
k2870,0.0,0.0,0.0,0.0,0.115384615,0.0,0.0,0.0,0.0,0.0,3388
k1918,0.0,0.0,0.0,0.0,0.0,0.0,0.0,0.0,0.0,0.0,2204
k1048,0.087,0.0,0.0,0.461538462,0.0,0.0,0.142857143,0.0,0.34521758,0.166666667,2644
k2622,0.0,0.0,0.0,0.0,0.0,0.0,0.0,0.0833,0.0,0.0,3379
k2648,0.0,0.0,0.0,0.0,0.0,0.0,0.0714,0.166666667,0.0,0.0,2441
k2148,0.0,0.0,0.0,0.0,0.0,0.0,0.0,0.0,0.0,0.0,1136
k2135,0.0,0.0,0.0,0.0,0.0,0.0,0.0,0.0,0.0,0.0,3067
k1439,0.0,0.0,0.0,0.0,0.0,0.146933117,0.0,0.0,0.0,0.0,2020
k580,0.0,0.0,0.0,0.0,0.0769,0.0,0.0,0.0,0.216750278,0.0,1199
k99,0.087,0.0,0.0,0.0769,0.153846154,0.0,0.0714,0.0417,0.0,0.277777778,3352
k2909,0.0,0.0,0.0,0.0,0.0,0.0,0.0,0.0,0.172755588,0.0,2405
k2817,0.0,0.0,0.0,0.0,0.0,0.0,0.0,0.0,0.0,0.0,2611
k2299,0.0,0.0,0.0,0.0,0.0,0.0,0.0,0.0,0.0,0.0,578
k405,0.0,0.0,0.0,0.0,0.0,0.150624602,0.0,0.0,0.0,0.0,1297
k2994,0.0,0.0,0.0,0.0,0.0,0.0,0.0,0.0,0.353827595,0.0,24
k1225,0.0,0.0,0.0,0.0,0.0,0.142061556,0.0,0.0,0.0,0.0,746
k1208,0.087,0.0,0.0,0.0,0.0,0.0,0.0,0.0,0.0,0.0,435
k2166,0.0,0.0,0.0,0.0,0.0,0.140467705,0.0,0.0,0.0,0.0,2530
k1143,0.0,0.0,0.0,0.0,0.0,0.0,0.0,0.0,0.0,0.0,1173
k1313,0.0,0.0,0.0,0.0,0.0,0.0,0.0,0.0,0.0,0.0,2561
k1810,0.0,0.0,0.0,0.0,0.0,0.0,0.0,0.0,0.0,0.0,2016
k1947,0.0,0.0,0.0,0.0,0.0,0.0,0.0,0.0,0.0,0.0,346
k1707,0.0435,0.62379264,1.0,0.0769,0.192307692,0.224085535,0.107142857,0.0,0.25030317,0.0,2974
k712,0.0,0.0,0.0,0.0,0.0,0.0,0.0,0.0,0.0,0.0,1835
k3142,0.0,0.0,0.0,0.0,0.0,0.0,0.0714,0.0,0.0,0.0,2732
k795,0.0,0.0,0.0,0.0,0.0,0.0,0.0,0.0,0.0,0.0,65
k1630,0.0,0.0,0.0,0.0,0.153846154,0.0,0.0,0.0,0.0,0.0,814
k2420,0.0,0.0,0.0,0.0,0.0,0.0,0.0,0.0,0.156167426,0.0,2965
k965,0.0,0.0,0.0,0.0,0.0,0.0,0.0,0.0,0.0,0.0,586
k162,0.0,0.0,0.0,0.0,0.0,0.0,0.0,0.0,0.178914717,0.0,2379
k3285,0.0,0.0,0.0,0.0,0.0,0.0,0.0,0.0,0.0,0.0,1814
k1600,0.0,0.0,0.0,0.0,0.0,0.0791,0.0,0.0,0.0,0.0,893
k280,0.0,0.0,0.0,0.0,0.0,0.0699,0.0,0.0,0.0,0.0,2886
k2864,0.087,0.0,0.0,0.0,0.115384615,0.0,0.0,0.0,0.178742389,0.0,2742
k1247,0.0,0.0,0.0,0.0,0.0,0.0613,0.0,0.0,0.0,0.0,3234
k2621,0.0,0.0,0.0,0.0,0.0,0.0,0.0,0.0,0.0,0.0,1149
k2802,0.0,0.0,0.0,0.0,0.0,0.0,0.0,0.0,0.0,0.0,2608
k3082,0.0,0.0,0.0,0.0,0.0,0.0,0.0,0.0,0.0,0.0,217
k1445,0.0,0.0,0.0,0.0,0.0,0.0,0.0,0.0,0.0,0.0,1364
k765,0.087,0.0,0.0,0.0,0.0,0.0,0.0,0.0,0.0,0.0,2387
k410,0.0,0.0,0.0,0.0,0.0,0.191352199,0.0,0.0,0.0,0.0,48
k2251,0.0,0.0,0.0,0.0,0.0,0.0,0.0,0.0,0.0,0.166666667,2744
k1065,0.0,0.0,0.0,0.0,0.0,0.0,0.0,0.0,0.0,0.0,1838
k1238,0.0,0.0,0.0,0.0,0.0,0.0,0.0,0.0,0.0,0.0,688
k154,0.0,0.0,0.0,0.0,0.0,0.0,0.0,0.0,0.0,0.0,173
k1087,0.0,0.0,0.0,0.0,0.0,0.0,0.0,0.0,0.0,0.0,824
k1039,0.0,0.0,0.0,0.0,0.0,0.0,0.0,0.0,0.0,0.0,1802
k130,0.0,0.0,0.0,0.0,0.0,0.0,0.0,0.0,0.0,0.0,3256
k1375,0.0,0.0,0.0,0.0,0.0,0.0,0.0,0.0,0.0,0.0,1643
k2467,0.0,0.0,0.0,0.0,0.0,0.0,0.0,0.0,0.0,0.0,668
k3143,0.0,0.0,0.0,0.0,0.0,0.0,0.0,0.0,0.0,0.0,1542
k726,0.0,0.0,0.0,0.0,0.0,0.0,0.0,0.0,0.0,0.0,1522
k193,0.0,0.0,0.0,0.0,0.115384615,0.0,0.0,0.0,0.175149032,0.0,1226
k2913,0.0,0.0,0.0,0.0,0.0,0.144684224,0.0,0.0,0.0,0.0,261
k769,0.0,0.273437394,0.6,0.0,0.0,0.0,0.0,0.0,0.149401958,0.0,565
k2548,0.0,0.0,0.0,0.0,0.0,0.0,0.0,0.0,0.0,0.0,1067
k1866,0.0,0.0,0.0,0.0,0.0,0.0,0.0,0.0,0.0,0.0,1918
k1883,0.0,0.0,0.0,0.0,0.0,0.0,0.0,0.0,0.0,0.0,2800
k1116,0.0,0.0,0.0,0.0,0.0,0.211195964,0.0,0.0,0.0,0.0,1889
k933,0.0,0.0,0.0,0.0,0.0,0.320670443,0.0,0.0,0.0,0.0,3055
k1711,0.0,0.0,0.0,0.0,0.0,0.0,0.0,0.0,0.0,0.0,1749
k2227,0.0,0.0,0.0,0.0,0.0,0.0,0.0,0.0,0.0,0.0,3374
k3245,0.0,0.0,0.0,0.0,0.0,0.0,0.0,0.0,0.0,0.0,2315
k976,0.0,0.0,0.0,0.0,0.0,0.0,0.0,0.0,0.0,0.0,2289
k3138,0.0,0.0,0.0,0.0,0.0,0.0,0.0,0.0,0.0,0.0,2382
k1512,0.0,0.0,0.0,0.0,0.0,0.0,0.0,0.0,0.0,0.0,743
k696,0.0,0.0,0.0,0.0,0.0,0.0,0.0,0.0,0.0,0.0,2564
k1477,0.0,0.0,0.0,0.0,0.0,0.0,0.0,0.0,0.0,0.0,2817
k2489,0.0,0.0,0.0,0.0,0.0385,0.0,0.0,0.0,0.0,0.0,141
k1816,0.0,0.0,0.0,0.0,0.0,0.0701,0.0,0.0,0.165856087,0.0,1208
k1757,0.0,0.0,0.0,0.0,0.0,0.0,0.0,0.0,0.0,0.0,955
k1362,0.0,0.273546073,0.0,0.0,0.115384615,0.0,0.0,0.0,0.382089381,0.0,608
k662,0.0,0.0,0.0,0.0,0.0,0.0,0.0,0.0,0.0,0.0,1108
k2679,0.0,0.0,0.0,0.0,0.0,0.0741,0.0,0.0,0.0,0.0,1983
k355,0.0,0.0,0.0,0.0,0.0,0.0,0.0,0.0,0.0,0.0,1393
k999,0.0,0.0,0.0,0.0,0.0,0.0,0.0,0.0,0.0,0.0,1815
k3247,0.0,0.0,0.0,0.0,0.0,0.0,0.0,0.0,0.0,0.0,1133
k1069,0.0,0.0,0.0,0.0,0.0769,0.0,0.0,0.0,0.0,0.0,1471
k3196,0.0,0.0,0.0,0.0,0.0,0.0,0.0,0.0,0.0,0.0,2297
k1278,0.0,0.0,0.0,0.0,0.0,0.119007587,0.0,0.0,0.0,0.0,1533
k2002,0.0,0.0,0.0,0.0,0.0,0.0,0.0,0.0,0.0,0.0,1346
k3426,0.0,0.0,0.0,0.0,0.0,0.0,0.0,0.0,0.0,0.0,860
k1173,0.0,0.0,0.0,0.0,0.0,0.0,0.0,0.0,0.0,0.0,1075
k562,0.0,0.0,0.0,0.0,0.0,0.0,0.0,0.0,0.0,0.0,2647
k2758,0.0,0.0,0.0,0.0,0.0,0.0693,0.0,0.0,0.0,0.0,2377
k3003,0.0,0.0,0.0,0.0,0.0,0.0,0.0,0.0,0.0,0.0,1694
k1884,0.0,0.0,0.0,0.0,0.0,0.0,0.0,0.0,0.0,0.0,546
k2634,0.0,0.0,0.0,0.0,0.0,0.0,0.0,0.0,0.151635839,0.0,367
k1487,0.0,0.0,0.0,0.0,0.0769,0.0,0.0,0.0,0.0,0.0,1220
k1650,0.0,0.0,0.0,0.0,0.0,0.0,0.0,0.0,0.213233511,0.0,1799
k716,0.0,0.0,0.0,0.0,0.0,0.0,0.0,0.0,0.0,0.0,3145
k949,0.0,0.0,0.0,0.0,0.0,0.0,0.0,0.0,0.0,0.0,2380
k209,0.0,0.0,0.0,0.0,0.0,0.0,0.0,0.0,0.0,0.0,3345
k1531,0.0,0.0,0.0,0.0,0.0,0.0,0.0,0.0,0.0,0.0,1163
k2277,0.0,0.0,0.0,0.0,0.0,0.0,0.0,0.0,0.0,0.0,1022
k882,0.0,0.0,0.0,0.0,0.0,0.0,0.0,0.0,0.0,0.0,3326
k112,0.0,0.0,0.0,0.0,0.0,0.0,0.0,0.0,0.0,0.0,1615
k2971,0.0,0.0,0.0,0.0,0.0,0.0,0.0,0.0,0.0,0.0,2856
k3336,0.0,0.0,0.0,0.0,0.0,0.0,0.0,0.0,0.0,0.0,612
k2309,0.0,0.0,0.0,0.0,0.0,0.0,0.0,0.125,0.0,0.0,2287
k3416,0.087,0.0,0.0,0.153846154,0.153846154,0.0,0.0357,0.0,0.163890272,0.111111111,3102
k1893,0.0,0.0,0.0,0.0,0.0,0.0,0.0,0.0,0.0,0.0,883
k2106,0.0,0.0,0.0,0.0,0.0,0.139745159,0.0,0.0,0.0,0.0,2970
k2293,0.0,0.0,0.0,0.0,0.0769,0.0,0.0,0.0,0.0,0.0,1215
k2828,0.0,0.0,0.0,0.0,0.0,0.0,0.0,0.0,0.0,0.0,205
k2842,0.0,0.0,0.0,0.0,0.0,0.0,0.0,0.0,0.0,0.0,1376
k3036,0.0435,0.0,0.0,0.0,0.0,0.0,0.0,0.0,0.0,0.0,2231
k1204,0.0,0.0,0.0,0.0,0.0,0.0,0.0,0.0,0.0,0.0,1483
k232,0.0,0.0,0.0,0.0,0.0,0.0,0.0,0.0,0.0,0.0,1565
k487,0.0,0.0,0.0,0.0,0.0,0.0,0.0,0.0,0.0,0.0,1912
k28,0.0,0.0,0.0,0.0,0.0,0.0,0.0,0.0,0.0,0.0,675
k2072,0.0,0.0,0.0,0.0,0.0,0.0,0.0,0.0,0.0,0.0,835
k2560,0.0,0.0,0.0,0.0,0.0,0.0,0.0,0.0,0.0,0.0,1475
k221,0.0,0.0,0.0,0.0,0.0,0.0,0.0,0.0,0.0,0.0,2471
k1119,0.0,0.0,0.0,0.0,0.0,0.0,0.0,0.0,0.181544314,0.0,2610
k3295,0.0,0.0,0.0,0.0,0.0,0.0,0.0,0.0,0.0,0.0,1381
k2967,0.0,0.0,0.0,0.0,0.0,0.0,0.0,0.0,0.150135948,0.0,1701
k2417,0.0,0.0,0.0,0.0,0.0385,0.0,0.0,0.0,0.17354702,0.0,1880
k1082,0.0,0.0,0.0,0.0,0.0,0.0,0.0,0.0,0.0,0.0,3028
k697,0.087,0.0,0.0,0.0,0.0,0.0,0.0,0.0,0.0,0.0,2631
k3243,0.0,0.0,0.0,0.0,0.0,0.0,0.0,0.0,0.0,0.0,2491
k1326,0.0,0.0,0.0,0.0,0.0,0.0,0.0,0.0,0.0,0.0,137
k3076,0.0,0.0,0.0,0.0,0.0,0.0,0.0,0.0,0.0,0.0,2741
k1890,0.0,0.0,0.0,0.0,0.0,0.0,0.0,0.0,0.0,0.0,1798
k2023,0.0,0.0,0.0,0.0,0.0,0.425184606,0.0,0.0,0.0,0.0,268
k2289,0.0,0.0,0.0,0.0,0.0,0.0,0.0,0.0,0.0,0.0,2551
k2400,0.0,0.0,0.0,0.0,0.0,0.0,0.0,0.0,0.0,0.0,2514
k1429,0.0,0.0,0.0,0.0,0.0,0.0,0.0,0.0,0.0,0.0,3366
k1319,0.0,0.0,0.0,0.0,0.0,0.0,0.0,0.0,0.0,0.0,2190
k3020,0.0,0.0,0.0,0.0,0.0,0.0,0.0,0.0,0.0,0.0,442
k3260,0.0,0.0,0.0,0.0,0.115384615,0.0,0.0,0.0,0.0,0.0,515
k1302,0.0,0.0,0.0,0.0,0.0,0.139700156,0.0,0.0,0.0,0.0,3092
k550,0.0,0.0,0.0,0.0,0.0,0.0,0.0,0.0,0.0,0.0,871
k1419,0.0,0.0,0.0,0.0,0.0,0.0,0.0,0.0,0.0,0.0,3270
k67,0.0,0.0,0.0,0.0,0.0,0.0,0.0,0.0,0.0,0.0,440
k2001,0.0,0.0,0.0,0.0,0.0,0.0,0.0,0.0,0.0,0.0,2245
k1802,0.0,0.0,0.0,0.0,0.0,0.621947149,0.0,0.0,0.0,0.0,420
k366,0.0,0.0,0.0,0.0,0.0,0.0,0.0,0.0,0.0,0.0,1115
k1995,0.0,0.0,0.0,0.0,0.0,0.477681702,0.0,0.0,0.0,0.0,2594
k1022,0.0,0.0,0.0,0.0,0.0,0.0,0.0,0.0,0.0,0.0,2734
k1860,0.0,0.0,0.0,0.0,0.0,0.0,0.0,0.0,0.0,0.0,2105
k1266,0.0,0.0,0.0,0.0,0.0,0.0623,0.0,0.0,0.0,0.0,552
k2737,0.0,0.0,0.0,0.0,0.0,0.0,0.0,0.0,0.0,0.0,3080
k565,0.0,0.0,0.0,0.0,0.0,0.0,0.0,0.0,0.0,0.0,2688
k1304,0.0,0.0,0.0,0.0,0.0,0.0,0.0,0.0,0.0,0.0,706
k3031,0.0,0.0,0.0,0.0,0.0769,0.0,0.0,0.0,0.0,0.0,1998
k1032,0.0,0.0,0.0,0.0,0.0,0.0,0.0,0.0,0.0,0.0,1157
k2261,0.0,0.0,0.0,0.0,0.0,0.0,0.0,0.0,0.0,0.0,905
k3407,0.0,0.0,0.0,0.0,0.0,0.22086783,0.0,0.0,0.0,0.0,726
k819,0.0,0.0,0.0,0.0,0.0,0.0,0.0,0.0,0.0,0.0,1511
k315,0.0,0.0,0.0,0.0,0.0,0.0,0.0,0.0,0.0,0.0,3242
k2073,0.0,0.0,0.0,0.0,0.0,0.265390669,0.0,0.0,0.0,0.0,2957
k2447,0.0435,0.0,0.0,0.0,0.0,0.0,0.0,0.0,0.0,0.0,994
k2101,0.0,0.0,0.0,0.0,0.153846154,0.0,0.0,0.0,0.0,0.0,3222
k777,0.0,0.0,0.0,0.0,0.0,0.0,0.0,0.0,0.0,0.0,830
k2258,0.130434783,0.0,0.0,0.230769231,0.115384615,0.0,0.0,0.0833,0.480233345,0.0,1316
k2380,0.0,0.0,0.0,0.0,0.0,0.0,0.0,0.0,0.158822553,0.0,418
k2806,0.0,0.0,0.0,0.0,0.0,0.0,0.0,0.0,0.0,0.0,219
k103,0.0,0.0,0.0,0.0,0.0,0.0,0.0,0.0,0.0,0.0,240
k3130,0.0,0.0,0.0,0.0,0.0769,0.0,0.0,0.25,0.0,0.111111111,2751
k3208,0.0,0.0,0.0,0.0,0.0,0.0,0.0,0.0833,0.0,0.0,1186
k1744,0.0,0.0,0.0,0.0,0.0,0.0,0.0,0.0,0.0,0.0,194
k1927,0.0,0.0,0.0,0.0,0.0,0.0,0.0,0.0,0.0,0.0,2381
k1813,0.0,0.0,0.0,0.0,0.0,0.0,0.0,0.0,0.55527898,0.0,818
k693,0.087,0.0,0.0,0.153846154,0.0,0.0,0.0,0.0,0.351517124,0.0,529
k873,0.0,0.0,0.0,0.0,0.0,0.0,0.0,0.0,0.0,0.0,151
k2926,0.0,0.0,0.0,0.0,0.0,0.0,0.0,0.0,0.0,0.0,966
k513,0.0,0.0,0.0,0.0,0.0,0.0752,0.0,0.0,0.0,0.0,2375
k1091,0.0,0.0,0.0,0.0,0.0,0.0,0.0,0.0,0.0,0.0,596
k346,0.0,0.0,0.0,0.0,0.0,0.0,0.0,0.0,0.0,0.0,2532
k1385,0.0,0.0,0.9,0.0,0.0,0.0,0.0,0.0,0.0,0.0,2888
k9,0.0,0.0,0.0,0.0,0.0,0.0,0.0,0.0,0.146000077,0.0,598
k1021,0.0,0.0,0.0,0.0,0.0,0.138802599,0.0,0.0,0.0,0.0,89
k2526,0.0,0.0,0.0,0.0,0.0,0.0,0.0,0.0,0.0,0.0,126
k818,0.0,0.0,0.0,0.0,0.0,0.0,0.214285714,0.166666667,0.0,0.111111111,239
k1786,0.0,0.0,0.0,0.0,0.0,0.0,0.0,0.0,0.0,0.0,2208
k2103,0.0,0.0,0.0,0.0,0.0,0.0,0.0,0.0,0.0,0.0,399
k1296,0.087,0.0,0.0,0.0,0.0,0.147721917,0.0,0.0,0.0,0.166666667,1974
k870,0.0,0.0,0.0,0.0,0.0,0.0,0.0,0.0,0.183522894,0.0,2080
k1248,0.0,0.0,0.0,0.0,0.115384615,0.0,0.0,0.0,0.0,0.0,2501
k42,0.0,0.0,0.0,0.0,0.0,0.121844018,0.0,0.0,0.0,0.0,1046
k1931,0.0,0.0,0.0,0.0,0.0,0.0,0.0,0.0,0.0,0.0,2015
k2761,0.0,0.0,0.0,0.0,0.0385,0.0,0.0,0.0,0.0,0.0,93
k2551,0.0,0.0,0.0,0.0,0.0769,0.0749,0.0,0.0,0.159256564,0.0,36
k879,0.0,0.0,0.0,0.0,0.0,0.0,0.0,0.0,0.0,0.0,2142
k1652,0.0,0.0,0.0,0.0,0.0,0.069,0.0,0.0,0.0,0.0,423
k1571,0.0,0.0,0.0,0.0,0.0,0.241335385,0.0,0.0,0.0,0.0,1515
k1401,0.0,0.0,0.0,0.0,0.0,0.0,0.0,0.0,0.0,0.0,2337
k102,0.0,0.0,0.0,0.0,0.0769,0.0,0.0,0.0,0.0,0.0,2981
k2323,0.0,0.0,0.0,0.0,0.0,0.164796756,0.0,0.0,0.0,0.0,1512
k1340,0.0,0.0,0.0,0.0,0.0,0.0,0.0,0.0,0.171453554,0.0,866
k702,0.0,0.0,0.0,0.0,0.0,0.0,0.0,0.0,0.0,0.0,673
k1935,0.173913043,0.0,0.0,0.307692308,0.0,0.0,0.0,0.0,0.28436028,0.0,144
k2587,0.0,0.0,0.0,0.0,0.0,0.422263169,0.0,0.0,0.0,0.0,354
k3105,0.087,0.0,0.0,0.0,0.0385,0.0,0.0,0.0,0.0,0.0,1049
k146,0.0,0.0,0.0,0.0,0.0,0.0,0.0,0.0,0.0,0.0,518
k823,0.0,0.0,0.0,0.0,0.0,0.0,0.0,0.0,0.0,0.0,2069
k1186,0.0,0.0,0.0,0.0,0.0,0.0,0.0,0.0,0.0,0.0,1440
k789,0.0,0.0,0.0,0.0,0.0769,0.0,0.0,0.0,0.0,0.0,2201
k1811,0.0,0.0,0.0,0.0,0.0,0.0,0.0,0.0,0.0,0.0,2290
k3261,0.0,0.0,0.0,0.0,0.0,0.0,0.0,0.0,0.0,0.0,1206
k2544,0.0,0.0,0.0,0.0,0.0,0.141682782,0.0,0.0,0.0,0.0,1165
k2906,0.0,0.0,0.0,0.0,0.0,0.216728816,0.0,0.0,0.128741751,0.0,1504
k2064,0.0,0.0,0.0,0.0,0.0,0.0,0.0,0.0,0.211318756,0.0,112
k1051,0.0,0.0,0.0,0.0,0.0,0.0,0.0,0.0,0.0,0.0,1294
k572,0.0,0.0,0.0,0.0,0.0,0.0,0.0,0.0,0.0,0.0,705
k357,0.0,0.0,0.0,0.0,0.0,0.0,0.0,0.0,0.0,0.0,382
k1851,0.0,0.0,0.0,0.0,0.0769,0.0,0.0,0.0,0.0,0.0,3181
k268,0.0,0.0,0.0,0.0,0.0,0.0,0.0,0.0,0.150410396,0.0,3066
k1263,0.0,0.0,0.0,0.0,0.0769,0.29537008,0.0,0.0,0.0,0.0,1822
k3125,0.0,0.0,0.0,0.0,0.0,0.0,0.0,0.0,0.0,0.0,2439
k1346,0.0,0.489723003,0.0,0.0,0.0,0.0,0.0,0.0,0.130094844,0.0,2829
k2384,0.0,0.0,0.0,0.0,0.0,0.0,0.0,0.0,0.0,0.0,3130
k398,0.0435,0.0,0.0,0.0,0.0769,0.0,0.0,0.0,0.0,0.0,869
k3123,0.0,0.0,0.0,0.0,0.0,0.0698,0.0,0.0,0.0,0.0,1650
k1357,0.0,0.0,0.0,0.0,0.0,0.0,0.0,0.0,0.0,0.0,1055
k1181,0.0,0.0,0.0,0.0,0.0,0.0,0.0,0.0,0.375413268,0.0,901
k261,0.0,0.0,0.0,0.0,0.0,0.0,0.0,0.0,0.0,0.0,2447
k2257,0.0,0.0,0.0,0.0,0.0,0.0,0.0,0.0,0.0,0.0,1403
k667,0.0,0.0,0.0,0.0,0.0,0.0,0.0,0.0,0.0,0.0,2373
k2945,0.0,0.0,0.0,0.0,0.0,0.0654,0.0,0.0,0.0,0.0,1676
k298,0.0,0.0,0.0,0.0,0.0,0.0,0.0,0.0,0.0,0.0,1310
k1558,0.0,0.0,0.0,0.0,0.0,0.0,0.0,0.0,0.395626699,0.0,183
k2458,0.0,0.0,0.0,0.0,0.0,0.0764,0.0,0.0,0.0,0.0,1820
k2484,0.0,0.0,0.0,0.0,0.0,0.0,0.0,0.0,0.0,0.0,3303
k540,0.0,0.0,0.0,0.0,0.0,0.0,0.0,0.0,0.0,0.0,2162
k1280,0.0,0.0,0.0,0.0,0.0,0.0,0.0,0.0,0.0,0.0,1704
k643,0.0,0.0,0.0,0.0,0.0,0.0,0.0,0.0,0.0,0.0,127
k2242,0.0,0.0,0.0,0.0,0.0,0.0,0.0,0.0,0.0,0.0,3168
k2477,0.0,0.0,0.0,0.0,0.0,0.0,0.0,0.0,0.0,0.0,1773
k1390,0.0,0.0,0.0,0.0,0.0,0.0,0.0,0.0,0.0,0.0,2130
k2066,0.0,0.0,0.0,0.0,0.0385,0.0772,0.0,0.0,0.223241297,0.0,3301
k600,0.0,0.0,0.0,0.0,0.0,0.0,0.0,0.0,0.0,0.0,3356
k555,0.0,0.0,0.0,0.0,0.0,0.0,0.0,0.0,0.0,0.0,2982
k227,0.0,0.0,0.0,0.0,0.0,0.0,0.0,0.0,0.0,0.0,2340
k1620,0.0,0.0,0.0,0.0,0.0769,0.0,0.0,0.0,0.0,0.0,1017
k351,0.0,0.0,0.0,0.0,0.0385,0.0,0.0,0.0,0.200717395,0.0,3420
k216,0.0,0.0,0.0,0.0,0.0769,0.0,0.0,0.0,0.201387559,0.0,1003
k82,0.0,0.0,0.1,0.0,0.0385,0.0,0.0,0.0,0.0,0.0,3375
k199,0.0,0.0,0.0,0.0,0.0,0.0,0.0,0.0,0.0,0.0,511
k2626,0.0,0.0,0.0,0.0769,0.192307692,0.0746,0.0,0.0,0.0,0.0,987
k371,0.0,0.0,0.0,0.0,0.0,0.0,0.0,0.0833,0.0,0.0,1645
k2231,0.0,0.0,0.0,0.0,0.0769,0.139197624,0.0,0.0,0.0,0.0,2181
k1941,0.087,0.0,0.0,0.153846154,0.0769,0.0,0.0,0.0,0.353591442,0.0,3314
k738,0.0,0.0,0.0,0.0,0.0769,0.147220635,0.0,0.0,0.157756673,0.0,2885
k2855,0.0,0.0,0.0,0.0,0.0,0.0,0.0,0.0,0.0,0.0,1748
k2659,0.0,0.0,0.0,0.0,0.0,0.0,0.0,0.0,0.0,0.0,3039
k1968,0.0,0.0,0.0,0.0,0.0,0.0,0.0,0.0,0.0,0.0,2619
k2220,0.0,0.0,0.0,0.0,0.0,0.0,0.0,0.0,0.0,0.0,613
k210,0.0,0.0,0.0,0.0,0.0769,0.0,0.0,0.0,0.0,0.0,988
k910,0.0,0.0,0.0,0.0,0.0,0.0,0.0,0.0,0.0,0.0,616
k2459,0.0435,0.0,0.0,0.0,0.0,0.0,0.0,0.0417,0.0,0.0,3383
k606,0.0,0.0,0.0,0.0,0.0,0.0,0.0,0.0,0.0,0.0,46
k2962,0.0,0.0,0.0,0.0,0.0,0.0,0.0,0.0,0.0,0.0,2275
k329,0.0,0.0,0.0,0.0,0.0,0.0,0.0,0.0,0.0,0.0,2587
k1184,0.0,0.0,0.0,0.0,0.0,0.0,0.0357,0.0,0.0,0.0,3162
k2536,0.0,0.0,0.0,0.0,0.0,0.0,0.0,0.25,0.0,0.0,968
k2480,0.0,0.0,0.0,0.0,0.0,0.0,0.0,0.0,0.0,0.0,2299
k1070,0.0,0.0,0.0,0.0,0.0,0.088,0.0,0.0,0.0,0.0,1481
k1989,0.0,0.0,0.0,0.0,0.0,0.0,0.0,0.0,0.209001902,0.0,2158
k3172,0.0,0.0,0.0,0.0,0.0,0.144350452,0.0,0.0,0.0,0.0,1718
k303,0.0,0.548192526,0.0,0.0,0.0385,0.0705,0.0,0.0,0.2757375,0.0,2536
k1307,0.0,0.0,0.0,0.0,0.0,0.0,0.0,0.0,0.0,0.0,2632
k1570,0.0,0.0,0.0,0.0,0.0,0.0,0.0,0.0,0.0,0.0,2863
k2408,0.0,0.0,0.0,0.0,0.0,0.137653775,0.0,0.0,0.0,0.0,2948
k1282,0.0,0.0,0.0,0.0,0.0,0.0,0.0,0.0,0.0,0.0,840
k2865,0.0,0.0,0.0,0.0,0.0769,0.0,0.0,0.0,0.0,0.0,2060
k450,0.0,0.0,0.0,0.0,0.0,0.0,0.0,0.0,0.0,0.0,3333
k2491,0.0,0.0,0.0,0.0,0.0,0.0,0.0,0.0,0.0,0.111111111,1275
k2285,0.0,0.0,0.0,0.0,0.0,0.0,0.0,0.0,0.0,0.0,1872
k506,0.0,0.0,0.0,0.0,0.0,0.0,0.0,0.0,0.0,0.0,2906
k3322,0.0,0.0,0.0,0.0,0.0,0.0,0.0,0.0,0.0,0.0,1375
k2020,0.0,0.0,0.0,0.0,0.0,0.13239719,0.0,0.0,0.0,0.0,671
k3215,0.0,0.0,0.0,0.0,0.0,0.0,0.0,0.0,0.0,0.0,1631
k2202,0.0,0.0,0.0,0.0,0.0,0.0,0.0,0.0,0.0,0.0,2676
k447,0.0,0.0,0.0,0.0,0.0,0.0,0.0,0.0,0.165517814,0.0,1539
k122,0.0,0.0,0.0,0.0,0.0,0.0,0.0,0.0,0.0,0.0,459
k1456,0.0435,0.0,0.0,0.153846154,0.0,0.0,0.0,0.0833,0.428943438,0.111111111,534
k2843,0.0,0.0,0.0,0.0,0.0,0.0,0.0,0.0,0.0,0.0,2354
k703,0.0,0.0,0.0,0.0,0.0,0.0751,0.0,0.0,0.0,0.0,85
k2401,0.0,0.0,0.0,0.0,0.0385,0.0,0.0,0.0,0.0,0.0,1800
k3039,0.0,0.0,0.0,0.0,0.0,0.0,0.0,0.0,0.0,0.0,2560
k2675,0.0,0.0,0.0,0.0,0.115384615,0.149450777,0.0,0.0,0.0,0.0,153
k110,0.087,0.0,0.0,0.0,0.0,0.0,0.0,0.0,0.0,0.0,1826
k1101,0.0,0.0,0.0,0.0,0.0,0.136243686,0.0,0.0,0.0,0.0,1439
k3391,0.0,0.0,0.0,0.0,0.0,0.0,0.0,0.0,0.0,0.0,2544
k2510,0.0435,0.0,0.0,0.0,0.115384615,0.0,0.0,0.0,0.186248229,0.0,839
k2569,0.0,0.0,0.0,0.0,0.0,0.0,0.0,0.0,0.0,0.0,1526
k2556,0.0,0.0,0.0,0.0,0.0,0.07,0.0,0.0,0.207897727,0.0,348
k1982,0.0,0.0,0.0,0.0,0.0,0.0,0.0,0.0,0.0,0.0,3159
k2877,0.0,0.0,0.0,0.0,0.0,0.0639,0.0,0.0,0.0,0.0,2653
k2040,0.0,0.0,0.0,0.0,0.0,0.137460013,0.0,0.0,0.0,0.0,933
k963,0.0,0.0,0.0,0.0,0.0,0.0,0.0,0.0,0.0,0.0,981
k744,0.0,0.0,0.0,0.0,0.0,0.0814,0.0,0.0,0.0,0.0,300
k590,0.0,0.0,0.0,0.0,0.0,0.145224258,0.0,0.0,0.0,0.0,386
k2300,0.0,0.0,0.0,0.0,0.0,0.0,0.0,0.0,0.36296736,0.0,2239
k1168,0.0,0.0,0.0,0.0,0.0,0.0,0.0,0.0,0.414972108,0.0,1710
k1572,0.0,0.0,0.0,0.0,0.0,0.0,0.0,0.0,0.0,0.0,1323
k741,0.0,0.0,0.0,0.0,0.0385,0.0,0.0,0.0,0.185680185,0.0,2723
k993,0.0,0.0,0.0,0.0,0.0,0.0,0.0,0.0,0.0,0.0,3099
k596,0.0,0.0,0.0,0.0,0.0769,0.0,0.0,0.0,0.227383551,0.0,577
k668,0.0,0.0,0.0,0.0,0.0,0.0,0.0,0.0,0.0,0.0,431
k1005,0.0,0.0,0.0,0.0,0.0,0.0,0.0,0.0,0.0,0.0,1958
k3056,0.0,0.0,0.0,0.0,0.0,0.0,0.0,0.0,0.0,0.0,105
k1827,0.0,0.0,0.0,0.0,0.0385,0.0,0.0,0.0,0.401390112,0.0,2032
k1480,0.0,0.0,0.0,0.0,0.0,0.0,0.0,0.0,0.0,0.0,2575
k2908,0.0,0.0,0.0,0.0,0.115384615,0.0,0.0,0.0,0.157552432,0.0,1761
k3395,0.0,0.0,0.0,0.0,0.0,0.0,0.0,0.0,0.0,0.0,1550
k1969,0.0,0.0,0.0,0.0,0.0,0.348218449,0.0,0.0,0.0,0.0,3281
k2089,0.0,0.0,0.0,0.0,0.0,0.0,0.0,0.0,0.0,0.0,855
k604,0.0,0.0,0.0,0.0,0.0,0.0,0.0,0.0,0.0,0.0,2756
k2547,0.0,0.0,0.0,0.0,0.0,0.0,0.0,0.0,0.0,0.0,659
k2472,0.0,0.0,0.0,0.0,0.0385,0.0,0.0,0.0,0.0,0.0,0
k3248,0.0,0.0,0.0,0.0,0.0,0.0,0.0,0.0,0.445046529,0.0,2716
k2517,0.0,0.0,0.0,0.0,0.0,0.0,0.0,0.0,0.0,0.0,2950
k84,0.0,0.0,0.0,0.0,0.0,0.0,0.0,0.0,0.0,0.0,446
k1458,0.0435,0.0,0.0,0.0,0.115384615,0.0,0.0,0.0,0.183988818,0.0,776
k616,0.0,0.0,0.0,0.0,0.0,0.0,0.0,0.0,0.151948582,0.0,2875
k2653,0.0,0.0,0.0,0.0,0.0,0.0,0.0,0.0,0.0,0.0,875
k2627,0.0,0.0,0.0,0.0,0.0,0.0,0.0,0.0,0.0,0.0,455
k335,0.0,0.0,0.0,0.0,0.0,0.0,0.0,0.0,0.0,0.0,984
k957,0.0,0.0,0.0,0.0,0.0,0.0,0.0,0.0,0.140957888,0.0,3235
k3089,0.0,0.0,0.0,0.0,0.0,0.0,0.0,0.0,0.0,0.0,1787
k242,0.0,0.0,0.0,0.0,0.0,0.058,0.0,0.0,0.0,0.0,3426
k1018,0.0,0.0,0.0,0.0,0.0,0.0,0.0,0.0,0.0,0.0,3249
k2596,0.0,0.0,0.0,0.0,0.115384615,0.0,0.0,0.0,0.0,0.0,1641
k187,0.0,0.0,0.0,0.0,0.0,0.0,0.0,0.0,0.0,0.0,1090
k433,0.0,0.0,0.0,0.0,0.192307692,0.0,0.0357,0.0,0.0,0.0556,2862
k1685,0.0,0.0,0.0,0.0,0.0,0.289584711,0.0,0.0,0.0,0.0,1790
k1072,0.0,0.0,0.0,0.0,0.115384615,0.0,0.0,0.0,0.0,0.0,86
k2562,0.0435,0.0,0.0,0.0,0.0,0.0,0.0,0.0,0.0,0.0,3279
k2786,0.0,0.0,0.0,0.0,0.0,0.0,0.0,0.0,0.223407243,0.0,507
k87,0.0,0.0,0.0,0.0,0.0,0.362629368,0.0,0.0,0.0,0.0,1545
k2869,0.0,0.0,0.0,0.0,0.0,0.0,0.0,0.0,0.0,0.0,3116
k3071,0.0,0.0,0.0,0.0,0.0,0.0,0.0,0.0,0.0,0.0,100
k3169,0.0,0.0,0.0,0.0,0.0,0.0,0.0,0.0,0.0,0.0,147
k116,0.0,0.0,0.0,0.0,0.0,0.14603681,0.0,0.0,0.0,0.0,2242
k704,0.0,0.0,0.0,0.0,0.0,0.0,0.0714,0.0,0.0,0.0,3311
k1262,0.0,0.0,0.0,0.0,0.0,0.0,0.0,0.0,0.0,0.0,951
k3220,0.0,0.0,0.0,0.0,0.0,0.138152557,0.0,0.0,0.0,0.0,3316
k2321,0.0,0.0,0.4,0.0,0.230769231,0.0846,0.0,0.0,0.0,0.0,991
k478,0.0,0.0,0.0,0.0,0.0,0.0,0.0,0.5,0.0,0.0,2802
k1110,0.0,0.0,0.0,0.0,0.0,0.0,0.0,0.0,0.178863657,0.0,2990
k588,0.0,0.0,0.0,0.0,0.0,0.0,0.0,0.0,0.0,0.0,594
k729,0.0,0.0,0.0,0.0,0.0,0.0,0.0,0.0,0.0,0.0,2288
k477,0.0,0.0,0.9,0.0,0.153846154,0.0,0.0,0.0,0.0,0.0,3382
k1576,0.0,0.54277214,0.0,0.0,0.153846154,0.0,0.0,0.0,0.567016429,0.0,1395
k1153,0.0,0.0,0.0,0.0,0.0,0.0,0.178571429,0.0,0.0,0.222222222,2964
k421,0.0,0.0,0.0,0.0,0.0,0.0,0.0,0.0,0.0,0.0,3005
k2344,0.0,0.0,0.0,0.0,0.0,0.0,0.0,0.0,0.209646536,0.0,2176
k2555,0.0,0.0,0.0,0.0,0.0,0.0,0.0,0.0,0.0,0.0,1915
k2647,0.0,0.0,0.0,0.0,0.0,0.127591884,0.0,0.0,0.0,0.0,3361
k587,0.0,0.0,0.0,0.0,0.0,0.0,0.0,0.0,0.153729305,0.0,1702
k3094,0.0,0.0,0.0,0.0,0.0,0.0,0.0,0.0,0.0,0.0,2953
k1915,0.0,0.0,0.0,0.0,0.230769231,0.0,0.0,0.0,0.225890042,0.0,945
k2795,0.0,0.0,0.0,0.0,0.0,0.0741,0.0,0.0,0.388956969,0.0,760
k3330,0.0,0.0,0.0,0.0,0.0,0.0,0.0,0.0,0.0,0.0,1317
k1919,0.0,0.0,0.6,0.0,0.192307692,0.0,0.0,0.0,0.0,0.0,2274
k1134,0.0,0.0,0.0,0.0,0.0,0.0,0.0,0.0,0.0,0.0,2457
k916,0.0,0.0,0.0,0.0,0.0,0.069,0.0,0.0,0.0,0.0,692
k2785,0.0,0.0,0.0,0.0,0.0,0.0,0.0,0.0,0.0,0.0,2444
k1906,0.0,0.0,0.0,0.0,0.0,0.295887613,0.0,0.0,0.0,0.0,1755
k1338,0.0,0.0,0.0,0.0,0.153846154,0.0,0.0,0.0,0.0,0.0,95
k1382,0.0,0.0,0.0,0.0,0.0,0.0,0.0,0.0,0.0,0.0,2891
k1423,0.0,0.0,0.0,0.0,0.0,0.0,0.0,0.0,0.0,0.0,271
k1121,0.0,0.0,0.0,0.0,0.0,0.0,0.0,0.0,0.0,0.0,2702
k3109,0.0,0.0,0.0,0.0,0.192307692,0.0,0.0,0.0417,0.194794419,0.0556,2137
k233,0.0,0.0,0.0,0.0,0.0,0.0,0.0,0.0,0.0,0.0,1788
k2513,0.0,0.0,0.0,0.0,0.0,0.0,0.0,0.0,0.0,0.0,1685
k1552,0.0,0.0,0.0,0.0,0.0,0.0,0.0,0.0,0.0,0.0,2273
k1625,0.0,0.0,0.0,0.0,0.0,0.0,0.0,0.0,0.0,0.0,394
k379,0.0,0.0,0.0,0.0,0.0,0.0644,0.0,0.0,0.0,0.0,1308
k3377,0.0,0.0,0.0,0.0,0.0,0.0,0.0,0.0,0.0,0.0,2673
k2356,0.0,0.0,0.0,0.0,0.0,0.0,0.0,0.0,0.0,0.0,2662
k1077,0.0,0.0,0.0,0.0,0.0,0.0,0.0,0.0,0.0,0.0,3232
k1714,0.0,0.0,0.0,0.0,0.0769,0.0,0.0,0.0,0.0,0.0,2719
k2395,0.0,0.0,0.0,0.0,0.0,0.0,0.0,0.0,0.0,0.0,1045
k691,0.0,0.0,0.0,0.0,0.0,0.0,0.0,0.0,0.0,0.0,2583
k3190,0.0,0.0,0.0,0.0,0.0,0.0,0.0,0.0,0.0,0.0,876
k3075,0.0,0.0,0.0,0.0,0.0,0.0,0.0,0.0,0.0,0.0,1164
k2677,0.0,0.0,0.0,0.0,0.0769,0.0,0.0,0.0,0.0,0.0,273
k1955,0.0,0.0,0.0,0.0,0.0,0.0,0.0,0.0,0.172040746,0.0,1029
k3226,0.0,0.0,0.0,0.0,0.0,0.0,0.0,0.0,0.0,0.0,1334
k994,0.0,0.0,0.0,0.0,0.0,0.0,0.0,0.0,0.0,0.0,160
k1019,0.087,0.0,0.0,0.0,0.0769,0.0,0.0,0.0,0.0,0.0,2303
k3371,0.0,0.0,0.0,0.0,0.115384615,0.228502067,0.0,0.0,0.0,0.0,877
k2193,0.0,0.0,0.0,0.0,0.0769,0.0,0.0,0.0,0.0,0.0,2157
k1740,0.0,0.0,0.0,0.0,0.0,0.0,0.0,0.0,0.0,0.0,969
k681,0.0,0.0,0.0,0.0,0.0,0.0,0.0,0.0,0.0,0.0,996
k318,0.0,0.0,0.0,0.0,0.0,0.0,0.0,0.0,0.0,0.0,2874
k26,0.0,0.0,0.0,0.0,0.0,0.139427639,0.0,0.0,0.0,0.0,3283
k1058,0.0,0.0,0.0,0.0,0.0,0.0,0.0,0.0,0.177733951,0.0,1448
k142,0.0,0.0,0.0,0.0,0.153846154,0.0,0.0,0.125,0.0,0.166666667,631
k2561,0.0,0.0,0.0,0.0,0.0,0.0,0.0,0.0,0.0,0.0,541
k3128,0.0,0.0,0.0,0.0,0.0,0.149660791,0.0,0.0,0.0,0.0,193
k376,0.0,0.0,0.0,0.0,0.0,0.0,0.0,0.0,0.185405737,0.0,400
k3218,0.0,0.0,0.0,0.0,0.0,0.0,0.0,0.0,0.0,0.0,3247
k1378,0.0,0.0,0.0,0.0,0.0769,0.0,0.0,0.0,0.0,0.0,797
k399,0.0,0.0,0.0,0.0,0.0,0.0,0.0,0.0417,0.0,0.0,622
k1538,0.0,0.0,0.0,0.0,0.0769,0.0,0.0,0.0,0.0,0.0,299
k1286,0.0,0.0,0.5,0.0,0.423076923,0.0,0.0,0.0417,0.192981784,0.111111111,1425
k79,0.0,0.0,0.0,0.0,0.0,0.0,0.0,0.0,0.458277486,0.0,1138
k3107,0.0,0.0,0.0,0.0,0.0,0.0,0.0,0.0,0.0,0.0,2039
k1855,0.0,0.0,0.0,0.0,0.0,0.0,0.0,0.0,0.0,0.0,2488
k3000,0.0435,0.0,0.0,0.0769,0.0385,0.154926127,0.0,0.0,0.165747584,0.0,864
k1659,0.0,0.0,0.0,0.0,0.0,0.0,0.0,0.0,0.0,0.0,661
k3079,0.0,0.0,0.0,0.0,0.0,0.0,0.0,0.0,0.182099593,0.0,3251
k337,0.0,0.0,0.0,0.0,0.0,0.0,0.0,0.0,0.0,0.0,1547
k39,0.0,0.0,0.0,0.0,0.0,0.0,0.0,0.0,0.0,0.0,2446
k3221,0.0,0.0,0.0,0.0,0.0,0.0,0.0,0.0,0.0,0.0,2418
k1107,0.0,0.0,0.0,0.0,0.0,0.0,0.0,0.0,0.210980482,0.0,1721
k1596,0.0,0.0,0.0,0.0,0.0,0.0,0.0,0.0,0.0,0.0,610
k902,0.0,0.0,0.0,0.0,0.0,0.0,0.0,0.0,0.0,0.0,2098
k1768,0.0,0.0,0.0,0.0,0.0,0.0,0.0,0.0,0.0,0.0,744
k675,0.0,0.0,0.0,0.0,0.0,0.0,0.0,0.0,0.207380743,0.0,1700
k728,0.0,0.0,0.0,0.0,0.0,0.0,0.0,0.0,0.0,0.0,770
k3099,0.0435,0.0,0.0,0.0,0.192307692,0.0,0.0714,0.333333333,0.163494556,0.388888889,549
k1511,0.0,0.0,0.0,0.0,0.307692308,0.0,0.0,0.0,0.0,0.0,1281
k2604,0.0,0.0,0.0,0.0,0.0,0.143290385,0.0,0.0,0.160060762,0.0,2804
k466,0.0,0.0,0.0,0.0,0.0,0.0,0.0,0.0,0.0,0.0,879
k1505,0.0,0.0,0.0,0.0,0.0,0.0,0.0,0.0,0.205982971,0.0,2736
k1124,0.0,0.0,0.0,0.0,0.0,0.0,0.0,0.0,0.0,0.0,156
k2003,0.0,0.0,0.0,0.0,0.0,0.0,0.0,0.0,0.0,0.0,3385
k2572,0.0,0.0,0.0,0.0,0.0,0.0,0.0,0.0,0.0,0.0,2687
k179,0.0,0.0,0.0,0.0,0.0,0.0,0.0,0.0,0.0,0.0,2102
k2923,0.0,0.0,0.0,0.0,0.0,0.0,0.0,0.0,0.0,0.0,2700
k2964,0.0,0.0,0.0,0.0,0.0,0.0,0.0,0.0,0.0,0.0,1503
k3068,0.0,0.0,0.0,0.0,0.0,0.0,0.0,0.0,0.0,0.0,3320
k174,0.0,0.0,0.0,0.0,0.153846154,0.0,0.0714,0.0,0.0,0.0,3143
k1619,0.0,0.0,0.0,0.0,0.0,0.0,0.0,0.0,0.1846526,0.0,2370
k3147,0.0,0.0,0.0,0.0,0.0,0.0,0.0,0.0,0.0,0.0,2067
k1593,0.0,0.0,0.0,0.0,0.0,0.0,0.0,0.0,0.0,0.0,806
k2271,0.0,0.0,0.0,0.0,0.0,0.0,0.0,0.0,0.0,0.0,2336
k2438,0.0,0.0,0.0,0.0,0.0,0.0,0.107142857,0.0,0.0,0.0,3027
k566,0.0,0.0,0.0,0.0,0.0769,0.0,0.0,0.0,0.0,0.0,3341
k2147,0.0,0.0,0.0,0.0,0.0,0.0,0.0,0.0,0.0,0.0,2779
k1633,0.0435,0.0,0.5,0.153846154,0.0769,0.0,0.0,0.0,0.203768238,0.0,1733
k188,0.0,0.562225754,0.0,0.0,0.0,0.0,0.0,0.0,0.316304778,0.0,777
k1241,0.0,0.0,0.0,0.0,0.0,0.0,0.0,0.0,0.0,0.0,2979
k1789,0.0,0.0,0.0,0.0,0.0,0.0,0.0,0.0,0.0,0.0,242
k526,0.0,0.0,0.0,0.0,0.0,0.0,0.0,0.0,0.0,0.0,2993
k2177,0.0,0.0,0.0,0.0,0.0,0.0,0.0,0.0,0.0,0.0,3346
k850,0.0,0.0,0.0,0.0,0.0,0.0,0.0,0.0,0.0,0.0,62
k2819,0.0,0.0,0.0,0.0,0.0,0.0,0.0,0.0,0.0,0.0,1409
k876,0.0,0.0,0.0,0.0,0.0,0.0638,0.0,0.0,0.159984171,0.0,685
k3300,0.0,0.0,0.0,0.0,0.0,0.0,0.0,0.0,0.0,0.0,381
k370,0.0,0.0,0.0,0.0,0.0,0.0,0.0,0.0,0.0,0.0,1302
k939,0.0,0.0,0.0,0.0,0.0,0.0,0.0,0.0,0.0,0.0,2135
k2966,0.0,0.0,0.0,0.0,0.0,0.0,0.0,0.0,0.0,0.0,165
k1160,0.0,0.0,0.0,0.0,0.0,0.0,0.0,0.0,0.0,0.0,2247
k2191,0.0,0.0,0.0,0.0,0.0,0.0,0.0,0.0,0.0,0.0,3259
k3127,0.0435,0.0,0.0,0.0769,0.0385,0.136146179,0.0,0.0833,0.145834131,0.111111111,313
k651,0.0,0.0,0.0,0.0,0.0,0.0,0.0,0.0,0.0,0.0,953
k952,0.0,0.0,0.0,0.0,0.0,0.134779842,0.0,0.0,0.0,0.0,260
k147,0.0,0.0,0.2,0.0,0.0385,0.0,0.0,0.0,0.0,0.0,690
k2361,0.0,0.0,0.0,0.0,0.0,0.0,0.0,0.0,0.0,0.0,1673
k3002,0.0,0.0,0.0,0.0,0.0,0.0,0.0,0.0,0.0,0.0,885
k852,0.0435,0.56028311,0.0,0.0769,0.0769,0.0,0.0,0.0,0.299774059,0.0,3348
k1231,0.0,0.0,0.0,0.0,0.0,0.0,0.0,0.0,0.0,0.0,3195
k2846,0.0,0.0,0.0,0.0,0.0,0.0642,0.0,0.0,0.0,0.0,195
k132,0.0,0.0,0.0,0.0,0.0,0.0,0.0,0.0,0.0,0.0,3136
k1763,0.0,0.0,0.0,0.0,0.0,0.190810914,0.0,0.0,0.0,0.0,1873
k3351,0.0,0.0,0.0,0.0,0.0,0.0,0.0,0.0,0.0,0.0,1633
k3139,0.0,0.0,0.0,0.0,0.0,0.0,0.0,0.0,0.0,0.0,2384
k2702,0.0,0.0,0.0,0.0,0.0,0.0,0.0,0.0,0.0,0.0,2926
k2814,0.0,0.0,0.0,0.0,0.0,0.0,0.0,0.0,0.176629776,0.0,734
k3028,0.0,0.0,0.0,0.0769,0.115384615,0.0,0.0,0.0417,0.183235681,0.0556,71
k1383,0.0,0.0,0.0,0.0,0.0,0.0,0.0,0.0,0.0,0.0,380
k409,0.0,0.0,0.0,0.0,0.0,0.0,0.0,0.0,0.0,0.0,2071
k2009,0.0,0.0,0.0,0.0,0.0,0.0,0.0,0.0,0.0,0.0,249
k2744,0.0,0.0,0.0,0.0,0.0,0.0,0.0,0.0,0.0,0.0,962
k2442,0.0,0.0,0.0,0.0,0.0,0.0,0.0,0.0,0.0,0.0,267
k3207,0.0,0.0,0.0,0.0,0.0,0.0849,0.0,0.0,0.0,0.0,355
k3067,0.0,0.0,0.0,0.0,0.0,0.0,0.0,0.0,0.0,0.0,2905
k713,0.0,0.0,0.0,0.0,0.0,0.0,0.0,0.0,0.0,0.0,1993
k2032,0.0,0.0,0.0,0.0,0.0,0.0,0.0,0.0,0.0,0.0,2113
k2825,0.0,0.0,0.0,0.0,0.0,0.0,0.0,0.0,0.0,0.0,3265
k2888,0.0,0.0,0.0,0.0,0.0,0.126294301,0.0,0.0,0.0,0.0,1681
k1420,0.0,0.0,0.0,0.0,0.0385,0.0,0.0,0.0,0.0,0.0,326
k3359,0.0,0.0,0.0,0.0,0.0,0.0,0.0,0.0,0.0,0.0,2344
k1220,0.0,0.0,0.0,0.0,0.0385,0.0,0.0,0.0,0.0,0.0,474
k2863,0.0,0.0,0.0,0.0,0.0,0.0,0.0,0.0,0.0,0.0,2107
k2584,0.0,0.0,0.0,0.0,0.0,0.0,0.0,0.0,0.0,0.0,2667
k1721,0.0,0.0,0.0,0.0,0.0385,0.0,0.0,0.0,0.0,0.0,868
k1015,0.0,0.0,0.0,0.0,0.461538462,0.0,0.0,0.0,0.0,0.0,2848
k3117,0.0,0.0,0.0,0.0,0.0,0.0,0.0,0.0,0.0,0.0,2427
k1025,0.0,0.0,0.0,0.0,0.0,0.0,0.0,0.0,0.0,0.0,1125
k1200,0.0,0.0,0.0,0.0,0.0769,0.0,0.0,0.0,0.0,0.0,2855
k937,0.0,0.0,0.0,0.0,0.230769231,0.0727,0.0,0.0,0.0,0.0,798
k880,0.0,0.0,0.0,0.0,0.0769,0.0,0.0,0.0,0.0,0.0,3139
k1949,0.087,0.0,0.0,0.153846154,0.0,0.0,0.0714,0.0,0.0,0.0,1709
k2421,0.0,0.0,0.0,0.0,0.0,0.0,0.0,0.0,0.218256552,0.0,2119
k1017,0.087,0.0,0.0,0.0,0.0,0.0,0.0,0.0,0.0,0.0,2465
k1035,0.0,0.0,0.0,0.0,0.0,0.0,0.0,0.0,0.0,0.0,2437
k2972,0.0,0.0,0.0,0.0,0.0,0.142916611,0.0,0.0,0.0,0.0,2304
k684,0.0,0.0,0.0,0.0,0.0,0.0,0.0,0.0,0.0,0.0,972
k2151,0.0,0.0,0.0,0.0,0.384615385,0.0,0.0,0.0,0.0,0.0,229
k2358,0.0,0.0,0.0,0.0,0.0,0.0691,0.0,0.0,0.0,0.0,2754
k2775,0.0,0.451223323,0.0,0.0,0.0,0.0,0.0,0.0,0.106377411,0.0,1166
k500,0.0,0.0,0.0,0.0,0.0,0.0,0.0,0.0,0.0,0.0,1480
k887,0.0,0.0,0.0,0.0,0.0,0.0,0.0,0.0,0.0,0.0,1878
k1100,0.0,0.0,0.0,0.0,0.0,0.0,0.0,0.0,0.0,0.0,678
k83,0.0,0.0,0.0,0.0,0.0,0.0,0.0,0.0,0.39202696,0.0,2668
k3080,0.0435,0.0,0.0,0.0,0.0385,0.0,0.0714,0.0,0.166634754,0.0,262
k2872,0.0,0.0,0.0,0.0,0.0769,0.0,0.0,0.0,0.211395346,0.0,3427
k1703,0.130434783,0.0,0.0,0.307692308,0.0,0.0,0.0,0.0417,0.344994192,0.0556,637
k3052,0.0,0.0,0.0,0.0,0.0,0.139750159,0.0,0.0,0.0,0.0,369
k3370,0.0,0.0,0.0,0.0,0.0,0.0,0.0,0.0,0.205095802,0.0,1373
k470,0.0,0.0,0.0,0.0,0.0,0.0,0.0,0.0,0.0,0.0,1715
k2476,0.0,0.0,0.0,0.0,0.0,0.0,0.0,0.0,0.0,0.0,3031
k1029,0.0,0.0,0.0,0.0,0.0,0.0,0.0,0.0,0.0,0.0,2645
k3239,0.0,0.0,0.0,0.0,0.0,0.0,0.0,0.0,0.0,0.0,2682
k2210,0.0,0.0,0.0,0.0,0.0,0.0,0.0,0.0,0.0,0.0,2991
k3230,0.0,0.0,0.0,0.0,0.0,0.0,0.0,0.0,0.0,0.0,592
k1155,0.0,0.0,0.0,0.0,0.0,0.179987724,0.0,0.0,0.0,0.0,407
k3214,0.0,0.0,0.0,0.0,0.0,0.303505598,0.0,0.0,0.0,0.0,1888
k1591,0.0,0.0,0.0,0.0,0.0,0.0,0.0,0.0,0.0,0.0,19
k2856,0.0,0.0,0.0,0.0,0.0,0.0,0.0,0.0,0.0,0.0,1420
k1169,0.0,0.0,0.0,0.0,0.0,0.0,0.0,0.0,0.0,0.0,333
k3372,0.0,0.0,0.0,0.0,0.0,0.0,0.0,0.0,0.0,0.0,1248
k989,0.0,0.0,0.0,0.0,0.0,0.0,0.0,0.0,0.0,0.0,2588
k3162,0.0,0.0,0.0,0.0,0.0,0.0,0.0,0.0,0.0,0.0,1463
k180,0.0,0.0,0.0,0.0,0.0,0.0,0.0,0.0,0.0,0.0,2695
k3379,0.0,0.0,0.0,0.0,0.230769231,0.0,0.0,0.0,0.0,0.0,250
k62,0.0,0.244256972,0.0,0.0,0.0,0.0,0.0,0.0,0.169072876,0.0,1663
k775,0.0,0.0,0.0,0.0,0.0,0.208913318,0.0,0.0,0.377576941,0.0,3006
k2672,0.0,0.0,0.0,0.0,0.0,0.143382891,0.0,0.0,0.0,0.0,2794
k3051,0.0,0.0,0.0,0.0,0.0,0.0,0.0,0.0,0.0,0.0,625
k1132,0.0,0.0,0.0,0.0,0.0,0.0,0.0,0.0,0.0,0.0,1444
k1960,0.0,0.0,0.0,0.0,0.0,0.0,0.0,0.0,0.0,0.0,959
k2774,0.0,0.0,0.0,0.0,0.0,0.0,0.0,0.0,0.0,0.0,3085
k2815,0.0,0.0,0.0,0.0,0.0,0.0,0.0,0.0,0.0,0.0,652
k1741,0.0,0.0,0.0,0.0,0.115384615,0.0,0.0,0.0,0.0,0.0,2743
k2650,0.0,0.0,0.0,0.0,0.0,0.0,0.0,0.0,0.0,0.0,898
k1478,0.434782609,0.0,0.0,0.923076923,0.192307692,0.0,0.535714286,0.0833,0.681729407,0.0556,3371
k1381,0.0,0.0,0.0,0.0,0.0,0.0,0.0,0.0,0.0,0.0,2537
k721,0.0,0.0,0.0,0.0,0.0,0.0,0.0,0.0,0.0,0.0,2280
k2708,0.0,0.0,0.0,0.0,0.0,0.0,0.0,0.0,0.0,0.0,1982
k3102,0.0,0.0,0.0,0.0,0.0,0.0,0.0,0.0,0.0,0.0,286
k457,0.0,0.0,0.0,0.0,0.0,0.0731,0.0,0.0,0.0,0.0,2145
k3021,0.0,0.474996943,0.0,0.0,0.0,0.0,0.0,0.0,0.15769923,0.0,25
k2371,0.0,0.0,0.0,0.0,0.0,0.0,0.0,0.0,0.0,0.0,2191
k1817,0.0,0.0,0.0,0.0,0.0,0.0,0.0,0.0,0.117910619,0.0,2898
k244,0.0,0.0,0.0,0.0,0.0,0.0,0.0,0.0,0.0,0.0,401
k1780,0.0,0.0,0.0,0.0,0.0,0.0,0.0,0.0,0.201859865,0.0,280
k3047,0.0435,0.0,0.0,0.0,0.0,0.0,0.0,0.0,0.0,0.0,2431
k1724,0.0,0.0,0.0,0.0,0.0,0.0,0.0,0.0,0.0,0.0,1139
k2094,0.0,0.0,0.0,0.0,0.0,0.0,0.0,0.0,0.0,0.0,2600
k1465,0.0,0.0,0.0,0.0,0.0,0.0,0.0,0.0,0.0,0.0,405
k1954,0.0,0.0,0.0,0.0,0.0,0.0,0.0,0.0,0.0,0.0,2830
k708,0.0,0.0,0.0,0.0,0.0,0.0,0.0,0.0,0.0,0.0,3133
k1952,0.0,0.0,0.0,0.0,0.0,0.0,0.0,0.0,0.0,0.0,847
k3266,0.0,0.0,0.0,0.0,0.0,0.0,0.0,0.0,0.0,0.0,1175
k396,0.0,0.0,0.0,0.0,0.0,0.0,0.0,0.0833,0.0,0.166666667,2568
k2098,0.0,0.0,0.0,0.0,0.0,0.0,0.0,0.0,0.0,0.0,3277
k1923,0.0,0.0,0.0,0.0,0.0,0.0,0.0,0.0,0.0,0.0,2602
k2016,0.0,0.0,0.0,0.0,0.0,0.0,0.0357,0.0,0.0,0.0,2837
k2717,0.0,0.0,0.0,0.0,0.0,0.0699,0.0,0.0,0.0,0.0,3001
k1451,0.0,0.264851721,0.0,0.0,0.0,0.0,0.0,0.0,0.169838778,0.0,2940
k2170,0.0,0.0,0.0,0.0,0.0,0.0,0.0,0.0,0.0,0.0,3014
k2365,0.0,0.0,0.0,0.0769,0.0769,0.0,0.0,0.0,0.15764817,0.0,1956
k793,0.0,0.0,0.0,0.0,0.0,0.141627779,0.0,0.0,0.0,0.0,2909
k987,0.0,0.0,0.0,0.0,0.0,0.0,0.0,0.0833,0.0,0.0,1240
k2987,0.0,0.0,0.0,0.0,0.0,0.139902669,0.0,0.0,0.0,0.0,1412
k4,0.0,0.0,0.0,0.0,0.0769,0.0,0.0,0.0,0.165262513,0.0,1325
k1109,0.0,0.0,0.0,0.0,0.0,0.0,0.0,0.0,0.0,0.0,3117
k747,0.0,0.0,0.0,0.0,0.0,0.0,0.0,0.0,0.0,0.0,3190
k435,0.0,0.0,0.0,0.0,0.0,0.0,0.0,0.0,0.0,0.0,296
k2805,0.0,0.238931681,0.0,0.0,0.0,0.0,0.0,0.0,0.16403707,0.0,2598
k2611,0.0,0.0,0.0,0.0,0.0,0.0,0.0,0.0,0.0,0.0,1525
k2524,0.0,0.0,0.0,0.0,0.0,0.0541,0.0,0.0,0.0,0.0,2454
k1850,0.0,0.0,0.0,0.0,0.0,0.0,0.0,0.0,0.0,0.0,537
k583,0.087,0.0,0.0,0.153846154,0.0,0.0,0.0,0.0,0.0,0.0,1223
k1846,0.0,0.0,0.0,0.0,0.0,0.0,0.0,0.0,0.0,0.0,2881
k1879,0.0,0.0,0.0,0.0,0.0,0.0699,0.0,0.0,0.0,0.0,2082
k1131,0.0,0.0,0.0,0.0,0.0,0.0713,0.0,0.0,0.0,0.0,2749
k3378,0.0,0.0,0.0,0.0,0.0,0.0,0.0,0.0,0.0,0.0,1865
k2219,0.0,0.0,0.0,0.0,0.0,0.0,0.0,0.0,0.0,0.0,3307
k2743,0.0,0.0,0.0,0.0,0.0,0.0,0.0,0.0,0.0,0.0,531
k3433,0.0,0.0,0.0,0.0,0.0385,0.0,0.0,0.0,0.0,0.0,3318
k2122,0.0,0.0,0.0,0.0,0.0,0.0,0.0,0.0,0.0,0.0,2150
k1805,0.0,0.0,0.6,0.0,0.0,0.0,0.0,0.0,0.0,0.0,2843
k195,0.0,0.0,0.0,0.0,0.0,0.0,0.0,0.0,0.0,0.0,2278
k915,0.0,0.0,0.0,0.0,0.0,0.0,0.0,0.0,0.0,0.0,3362
k1392,0.0,0.0,0.0,0.0,0.0,0.0,0.0,0.0,0.0,0.0,107
k542,0.0,0.0,0.0,0.0,0.0,0.0,0.0,0.0,0.0,0.0,2230
k2656,0.0435,0.0,0.0,0.0,0.115384615,0.0,0.0,0.0,0.0,0.0556,1910
k2707,0.0,0.0,0.0,0.0,0.0,0.0,0.0,0.0,0.0,0.0,618
k2475,0.0,0.0,0.0,0.0,0.0,0.0,0.0,0.0,0.0,0.0,1548
k1881,0.0,0.0,0.0,0.0,0.0,0.0,0.0,0.0,0.0,0.0,573
k1728,0.0,0.0,0.0,0.0,0.0,0.0,0.0,0.0,0.0,0.0,2846
k1924,0.0,0.0,0.0,0.0,0.0,0.0,0.0,0.0,0.171166341,0.0,677
k1553,0.0,0.0,0.0,0.0,0.0,0.0,0.0,0.0,0.0,0.0,2284
k1689,0.0,0.0,0.0,0.0,0.0,0.0,0.0,0.0,0.160130969,0.0,2538
k1806,0.0,0.0,0.0,0.0,0.0769,0.143285384,0.0,0.0,0.0,0.0,2006
k2033,0.0,0.0,0.0,0.0,0.0,0.278285241,0.0,0.0,0.0,0.0,805
k1288,0.0,0.0,0.0,0.0,0.0,0.0,0.0,0.0,0.0,0.0,3406
k164,0.0435,0.0,0.0,0.0,0.0,0.0,0.0,0.0,0.0,0.0,1994
k2931,0.0,0.0,0.0,0.0,0.0,0.0,0.0,0.0,0.144149147,0.0,802
k341,0.0,0.0,0.0,0.0,0.0,0.0,0.0,0.0,0.0,0.0,2095
k1574,0.0,0.0,0.0,0.0,0.0,0.0,0.0,0.0417,0.0,0.0,624
k3186,0.0,0.0,0.0,0.0,0.0,0.0,0.0,0.0,0.229847203,0.0,2847
k288,0.0,0.0,0.0,0.0,0.0,0.255407532,0.0,0.0,0.0,0.0,1457
k529,0.0,0.0,0.0,0.0,0.0,0.0,0.0,0.0,0.0,0.0,3103
k137,0.0,0.0,0.0,0.0,0.0,0.0,0.0,0.0,0.0,0.0,2049
k2201,0.0,0.0,0.0,0.0,0.0,0.0,0.0,0.0,0.388548488,0.0,1176
k2332,0.0,0.0,0.0,0.0,0.0,0.0,0.0,0.0,0.0,0.0,1747
k2641,0.0,0.0,0.0,0.0,0.0,0.0,0.0,0.0,0.0,0.0,449
k3057,0.0,0.0,0.0,0.0,0.0,0.0,0.0,0.0,0.0,0.0,2004
k3201,0.0,0.0,0.0,0.0,0.0,0.0688,0.0,0.0,0.182699549,0.0,3398
k2162,0.0,0.0,0.0,0.0,0.0,0.0,0.0,0.0,0.0,0.0,713
k165,0.0,0.0,0.0,0.0,0.0,0.0,0.0,0.0,0.0,0.0,2422
k159,0.0,0.0,0.0,0.0,0.0,0.0,0.0,0.0,0.0,0.0,66
k2936,0.0,0.0,0.0,0.0,0.0769,0.0,0.0,0.0,0.0,0.0,2980
k864,0.0,0.0,0.0,0.0,0.0,0.0,0.0,0.0,0.0,0.0,1868
k1534,0.0,0.0,0.0,0.0,0.0,0.0,0.0,0.0,0.0,0.0,1424
k1084,0.0,0.0,0.0,0.0,0.0,0.0,0.0,0.0,0.330786709,0.0,813
k3145,0.0,0.0,0.0,0.0,0.0,0.0,0.0,0.0,0.0,0.0,3250
k2911,0.0,0.0,0.0,0.0,0.0,0.0,0.0,0.0,0.0,0.0,1667
k2549,0.0435,0.0,0.0,0.0769,0.0385,0.0,0.0357,0.0,0.0,0.0,3347
k1300,0.0,0.0,0.0,0.0,0.0,0.0,0.0,0.0,0.0,0.0,767
k1216,0.0,0.0,0.0,0.0,0.0,0.0,0.0,0.0,0.0,0.0,1751
k2248,0.0,0.0,0.0,0.0,0.0,0.0756,0.0,0.0,0.181084773,0.0,3310
k236,0.0,0.0,0.0,0.0,0.0,0.0,0.0,0.0,0.0,0.0,188
k3306,0.0,0.0,0.0,0.0,0.0,0.0717,0.0,0.0,0.0,0.0,1902
k1604,0.0,0.0,0.0,0.0,0.0385,0.217616373,0.0,0.0,0.137773012,0.0,3368
k3403,0.0,0.0,0.0,0.0,0.0,0.29929908,0.0,0.0,0.0,0.0,958
k1334,0.0,0.0,0.0,0.0,0.0,0.144337952,0.0,0.0,0.0,0.0,2323
k1532,0.0,0.0,0.0,0.0,0.153846154,0.0,0.0,0.0,0.0,0.0,1435
k3174,0.0,0.0,0.0,0.0,0.0,0.0,0.0,0.0,0.0,0.0,1007
k570,0.0,0.0,0.0,0.0,0.0,0.0,0.0,0.0,0.0,0.0,655
k1469,0.0,0.0,0.0,0.0,0.269230769,0.0724,0.0,0.0,0.159645898,0.0,1587
k2498,0.0,0.0,0.0,0.0,0.0385,0.0,0.0,0.0,0.17354702,0.0,1836
k622,0.0,0.0,0.0,0.0,0.0,0.0,0.0,0.0,0.0,0.0,212
k710,0.0,0.0,0.0,0.0,0.0385,0.219210225,0.0,0.0,0.153046375,0.0,3204
k2857,0.0,0.0,0.0,0.0,0.0,0.0,0.0,0.0,0.0,0.0,2173
k258,0.0,0.0,0.0,0.0,0.0,0.0,0.0,0.0,0.0,0.0,2938
k2695,0.0,0.0,0.0,0.0,0.0,0.0,0.0,0.0,0.40424948,0.0556,978
k1715,0.0,0.0,0.0,0.0,0.0769,0.1466656,0.0,0.0,0.15853534,0.0,3414
k2123,0.0,0.0,0.0,0.0,0.0,0.0,0.0,0.0,0.0,0.0,2693
k2373,0.0,0.0,0.0,0.0,0.0,0.0,0.0,0.0,0.0,0.0,1371
k2557,0.0,0.0,0.0,0.0,0.0,0.0,0.0,0.0,0.0,0.0,2824
k1258,0.0,0.0,0.0,0.0,0.0,0.0,0.0,0.0,0.0,0.0,2512
k1993,0.0,0.0,0.0,0.0,0.0,0.0,0.0,0.0,0.0,0.0,3282
k1618,0.0,0.0,0.0,0.0,0.0,0.0,0.0,0.0,0.0,0.0,3131
k2302,0.087,0.0,0.0,0.0,0.115384615,0.0,0.0,0.0417,0.0,0.166666667,627
k1986,0.0,0.0,0.0,0.0,0.115384615,0.0,0.0,0.0,0.207680721,0.0,210
k1059,0.0,0.0,0.0,0.0,0.0,0.0,0.0,0.0,0.0,0.111111111,228
k2469,0.0,0.0,0.0,0.0,0.0385,0.0,0.0,0.0,0.402104954,0.0,1847
k1861,0.0,0.0,0.0,0.0,0.0,0.0,0.0714,0.166666667,0.0,0.722222222,2635
k3155,0.0,0.0,0.0,0.0,0.0,0.0,0.0,0.0,0.0,0.0,2388
k2916,0.0,0.0,0.0,0.0,0.0,0.0,0.0,0.0,0.0,0.0,2212
k663,0.0,0.0,0.0,0.0,0.0,0.0,0.0,0.0,0.0,0.0,2298
k824,0.0,0.0,0.0,0.0,0.0,0.0,0.0,0.0,0.0,0.0,1153
k1373,0.087,0.0,0.0,0.0,0.230769231,0.0,0.0,0.0,0.244705702,0.0556,2785
k269,0.0,0.0,0.0,0.0,0.0,0.0,0.0714,0.0,0.0,0.0,2480
k2214,0.0,0.0,0.0,0.0,0.0,0.0814,0.0,0.0,0.0,0.0,3216
k2083,0.0,0.0,0.0,0.0,0.0,0.0,0.0,0.0,0.0,0.0,2175
k2,0.0,0.0,0.0,0.0,0.0,0.0,0.0,0.0,0.0,0.0,233
k3264,0.0,0.0,0.0,0.0,0.153846154,0.0,0.142857143,0.0,0.0,0.222222222,1881
k3033,0.0,0.0,0.0,0.0,0.0,0.0,0.0,0.0,0.0,0.0,2194
k2625,0.0435,0.0,0.0,0.0769,0.0385,0.0,0.0,0.0,0.176795721,0.0,1984
k1118,0.0,0.0,0.0,0.0,0.0,0.0,0.0,0.0,0.0,0.0,3057
k3367,0.0,0.0,0.0,0.0,0.0,0.0,0.0,0.0,0.0,0.0,1132
k3328,0.0,0.0,0.0,0.0,0.0385,0.0,0.0,0.0,0.182380424,0.0,1365
k184,0.087,0.0,0.0,0.0,0.230769231,0.0,0.0,0.0,0.338662735,0.0,2120
k2525,0.0,0.0,0.0,0.0,0.0,0.0,0.0,0.0,0.0,0.0,2966
k3272,0.0,0.0,0.0,0.0,0.0,0.0,0.0,0.0,0.0,0.0,2973
k2683,0.0,0.0,0.0,0.0,0.0,0.0,0.0,0.0,0.165332721,0.0,2498
k785,0.0,0.0,0.0,0.0,0.0,0.0,0.0,0.0,0.0,0.0,2164
k982,0.0,0.0,0.0,0.0,0.0,0.0,0.0,0.0,0.0,0.0,103
k1470,0.0,0.0,0.0,0.0,0.0,0.0698,0.0,0.0,0.0,0.0,3088
k1130,0.0,0.0,0.0,0.0,0.0,0.0714,0.0,0.0,0.0,0.0,3432
k857,0.0,0.0,0.0,0.0,0.0,0.0695,0.0,0.0,0.0,0.0,2963
k1108,0.0,0.0,0.0,0.0,0.0,0.0,0.0,0.0,0.0,0.0,1833
k3314,0.0,0.0,0.0,0.0,0.307692308,0.0,0.0,0.125,0.0,0.0,2348
k3363,0.0,0.0,0.0,0.0,0.0,0.0,0.0,0.0,0.0,0.0,336
k1694,0.0,0.0,0.0,0.0,0.0,0.139653903,0.0,0.0,0.0,0.0,2605
k2367,0.0,0.0,0.0,0.0,0.0,0.0,0.0,0.0,0.0,0.0,2235
k917,0.0,0.0,0.0,0.0,0.0,0.207938256,0.0,0.0,0.0,0.0,2624
k1209,0.0,0.0,0.0,0.0,0.153846154,0.0,0.0,0.0,0.0,0.0,1774
k919,0.0,0.0,0.0,0.0,0.0,0.0,0.0,0.0,0.0,0.0,1128
k1269,0.0,0.0,0.0,0.0,0.0,0.0,0.0,0.0417,0.175838344,0.0556,2188
k2633,0.0,0.0,0.0,0.0,0.0,0.0,0.0,0.0,0.16137556,0.0,543
k220,0.0,0.0,0.0,0.0,0.0,0.0,0.0,0.0,0.0,0.0,3038
k22,0.0,0.0,0.0,0.0,0.0,0.0,0.0,0.0,0.0,0.0,2833
k160,0.0,0.0,0.0,0.0,0.0,0.0,0.0,0.0,0.0,0.0,255
k2100,0.0,0.0,0.0,0.0,0.0,0.0,0.0,0.0,0.431528358,0.0,2849
k2370,0.087,0.0,0.0,0.0,0.461538462,0.0,0.0,0.0,0.0,0.0,134
k343,0.0,0.0,0.0,0.0,0.0,0.0,0.0,0.0,0.0,0.0,2218
k140,0.0,0.0,0.0,0.0,0.0,0.0,0.0,0.0,0.0,0.0,787
k1318,0.0,0.0,0.0,0.0,0.0,0.0,0.0,0.0,0.0,0.0,1295
k349,0.0,0.0,0.0,0.0,0.0,0.0713,0.0,0.0,0.162549943,0.0,1657
k2921,0.0,0.0,0.0,0.0,0.0,0.149465778,0.0,0.0,0.391471681,0.0,975
k1163,0.0,0.0,0.0,0.0,0.0,0.0,0.0,0.0,0.0,0.0,3355
k1818,0.0,0.0,0.0,0.0,0.0,0.0,0.0,0.0,0.0,0.0,1810
k605,0.0,0.0,0.0,0.0,0.115384615,0.0,0.0,0.0,0.0,0.0,2156
k1079,0.0,0.0,0.0,0.0,0.0,0.0,0.0,0.0,0.0,0.0,2308
k314,0.0,0.0,0.0,0.0,0.0,0.0,0.0,0.0,0.0,0.0,1563
k2362,0.0,0.0,0.0,0.0,0.0,0.0,0.0,0.0,0.0,0.0,320
k1726,0.0,0.0,0.0,0.153846154,0.153846154,0.0,0.0,0.0,0.0,0.166666667,1155
k1829,0.0,0.0,0.0,0.0,0.0,0.294321263,0.0,0.0,0.0,0.0,3276
k2396,0.0,0.0,0.0,0.0,0.0,0.0,0.0,0.0,0.0,0.0,3097
k1583,0.0,0.0,0.0,0.0,0.0,0.0,0.0,0.0,0.0,0.0,3171
k1973,0.0,0.0,0.0,0.0,0.0,0.0704,0.0,0.0,0.0,0.0,2958
k2840,0.0,0.0,0.0,0.0,0.0,0.0,0.0,0.0,0.0,0.0,1943
k2917,0.0,0.0,0.0,0.0,0.0,0.0,0.0,0.0,0.0,0.0,2467
k430,0.0,0.0,0.0,0.0,0.0,0.0,0.0,0.0,0.0,0.0,123
k3282,0.0,0.0,0.0,0.0,0.0,0.0,0.0,0.0,0.0,0.0,1272
k653,0.0,0.0,0.0,0.0,0.0,0.0,0.0,0.0,0.0,0.0,1077
k2988,0.0,0.0,0.0,0.0,0.0,0.0,0.0,0.0,0.0,0.0,2571
k2363,0.0,0.0,0.0,0.0,0.0,0.0,0.0,0.0,0.0,0.0,275
k2434,0.0,0.0,0.0,0.0,0.0,0.140408951,0.0,0.0,0.0,0.0,2603
k1564,0.0,0.0,0.0,0.0,0.0,0.0,0.0,0.0,0.0,0.0,318
k2958,0.0,0.0,0.0,0.0,0.0,0.0,0.0,0.0,0.0,0.0,523
k297,0.0,0.0,0.0,0.0,0.0,0.0,0.0,0.0,0.0,0.0,602
k407,0.0,0.0,0.0,0.0,0.0,0.0,0.0,0.0,0.0,0.0,1271
k683,0.0,0.0,0.0,0.0,0.0,0.0,0.0,0.0,0.0,0.0,747
k144,0.0,0.0,0.0,0.0,0.0,0.0,0.0,0.0,0.0,0.0,1076
k3309,0.0,0.0,0.0,0.0,0.0,0.0,0.0,0.0,0.0,0.0,2629
k1293,0.0,0.0,0.0,0.0,0.0,0.0,0.0,0.0,0.223643396,0.0,2043
k3297,0.0,0.0,0.0,0.0,0.0,0.0,0.0,0.0,0.0,0.0,1760
k3278,0.0,0.0,0.0,0.0,0.0,0.0,0.0,0.0,0.0,0.0,1268
k70,0.0,0.0,0.0,0.0,0.0,0.0,0.0,0.0,0.0,0.0,1452
k3111,0.0,0.0,0.0,0.0,0.0,0.0,0.0,0.0,0.0,0.0,1813
k2955,0.0,0.0,0.0,0.0,0.0,0.0688,0.0,0.0,0.0,0.0,2986
k1043,0.0,0.0,0.0,0.0,0.0,0.0,0.0,0.0,0.0,0.0,1692
k483,0.0,0.0,0.0,0.0,0.0,0.140328946,0.0,0.0,0.0,0.0,2128
k2090,0.0,0.0,0.0,0.0,0.0,0.137520017,0.0,0.0,0.0,0.0,920
k1264,0.0,0.0,0.0,0.0,0.0385,0.0,0.0,0.0,0.0,0.0,3202
k1926,0.0,0.0,0.0,0.0,0.0,0.27716892,0.0,0.0,0.0,0.0,2094
k2794,0.0,0.0,0.0,0.0,0.0,0.0,0.0,0.0,0.0,0.0,2232
k2867,0.0,0.0,0.0,0.0,0.0,0.0,0.0,0.291666667,0.0,0.222222222,2093
k3205,0.0,0.0,0.0,0.0,0.0,0.0,0.0,0.0,0.0,0.0,2582
k3256,0.0,0.0,0.0,0.0,0.0,0.0,0.0,0.0,0.0,0.0,1809
k537,0.0,0.0,0.0,0.0,0.0,0.0,0.0,0.0,0.0,0.0,1231
k1794,0.0,0.0,0.0,0.0,0.0,0.0514,0.0,0.0,0.0,0.0,1474
k2138,0.0,0.0,0.0,0.0,0.0,0.0,0.0,0.0,0.0,0.0,2925
k676,0.0,0.0,0.0,0.0,0.0,0.0,0.0,0.0,0.0,0.0,178
k2375,0.0,0.0,0.0,0.0,0.0,0.0,0.0,0.0,0.0,0.0,838
k3352,0.0,0.0,0.0,0.0,0.0,0.0,0.0,0.0,0.0,0.0,914
k3154,0.0,0.0,0.0,0.0,0.0,0.0,0.0,0.0,0.0,0.0,270
k1257,0.0,0.0,0.0,0.0,0.0385,0.0,0.0714,0.0,0.198974968,0.0,17
k3055,0.0,0.0,0.0,0.0,0.0,0.0,0.0,0.0,0.0,0.0,2073
k2852,0.0,0.0,0.0,0.0,0.0,0.0,0.0,0.0,0.0,0.0,3147
k2068,0.0,0.0,0.0,0.0,0.0,0.0,0.0,0.0,0.0,0.0,2646
k724,0.0,0.0,0.0,0.0,0.0,0.0,0.0,0.0,0.0,0.0,2266
k1365,0.0,0.0,0.0,0.0,0.230769231,0.0,0.0,0.0,0.0,0.0,1494
k1867,0.0,0.0,0.0,0.0,0.0,0.0683,0.0,0.0,0.0,0.0,2305
k844,0.0,0.0,0.0,0.0,0.0,0.0,0.0,0.0,0.0,0.0,1963
k2198,0.0,0.0,0.0,0.0,0.0,0.0,0.0,0.0,0.0,0.0,372
k538,0.0,0.0,0.0,0.0,0.0,0.0,0.0,0.0,0.0,0.0,1446
k1317,0.0,0.0,0.0,0.0,0.0,0.0,0.0,0.0,0.0,0.0,1707
k1699,0.0,0.0,0.0,0.0,0.0,0.0,0.0,0.0,0.0,0.0,2793
k2448,0.0,0.0,0.0,0.0,0.0,0.0,0.0,0.0,0.43904058,0.0,460
k1396,0.0,0.0,0.0,0.0,0.0,0.0,0.0,0.0,0.180803942,0.0,947
k943,0.0,0.0,0.3,0.0,0.0,0.0713,0.0,0.0,0.191909521,0.0,3254
k1547,0.0,0.0,0.0,0.0,0.0,0.134202305,0.0,0.0,0.0,0.0,900
k3288,0.0,0.0,0.0,0.0,0.0,0.0,0.0,0.0,0.0,0.0,1219
k3365,0.0,0.0,0.0,0.0,0.0,0.0,0.0,0.0,0.16226273,0.0,2045
k1565,0.0,0.0,0.0,0.0,0.0,0.0,0.0,0.0,0.0,0.0,2269
k3347,0.0,0.0,0.0,0.0,0.0,0.0694,0.0,0.0,0.188903356,0.0,1871
k2734,0.0,0.0,0.0,0.0,0.0,0.0,0.0,0.0,0.0,0.0,2482
k3135,0.0,0.0,0.0,0.0,0.0,0.0,0.0,0.0,0.0,0.0,2677
k1008,0.0,0.0,0.0,0.0,0.0769,0.0,0.0,0.0,0.397081913,0.0,2781
k1024,0.0,0.0,0.0,0.0,0.0,0.0,0.0,0.0,0.0,0.0,1258
k1013,0.0,0.0,0.0,0.0,0.0,0.0,0.0,0.0,0.0,0.0,934
k3419,0.0,0.0,0.0,0.0,0.153846154,0.0,0.0,0.0,0.0,0.0,2341
k2571,0.0,0.0,0.0,0.0,0.0,0.0,0.0,0.0,0.0,0.0,1152
k2838,0.0,0.0,0.0,0.0,0.0,0.123477872,0.0,0.0,0.0,0.0,924
k212,0.0,0.0,0.0,0.0,0.0,0.0,0.0,0.0,0.0,0.0,2641
k2603,0.0,0.0,0.0,0.0,0.0,0.0,0.0,0.0,0.184090938,0.0,3051
k750,0.0,0.0,0.0,0.0,0.0,0.0,0.0,0.0,0.0,0.0,2599
k1635,0.0,0.0,0.0,0.0,0.0,0.0,0.0,0.0,0.0,0.0,2412
k3381,0.0,0.0,0.0,0.0,0.0,0.0,0.0,0.0,0.0,0.0,2374
k2503,0.0,0.0,0.0,0.0,0.0,0.0,0.0,0.0,0.0,0.0,202
k1617,0.0,0.0,0.0,0.0,0.0,0.0,0.0,0.0,0.0,0.0,163
k2153,0.0,0.0,0.0,0.0,0.0,0.0,0.0,0.0,0.0,0.0,566
k499,0.0435,0.0,0.0,0.0,0.0,0.0,0.0,0.0,0.0,0.0,3387
k2756,0.0,0.0,0.0,0.0,0.230769231,0.0,0.0,0.0,0.427264836,0.0,2697
k1203,0.0,0.0,0.0,0.0,0.0,0.0,0.0,0.0,0.0,0.0,2108
k2311,0.0,0.0,0.0,0.0,0.0,0.0,0.0,0.0,0.0,0.0,1445
k2076,0.0,0.0,0.0,0.0,0.0,0.0,0.0,0.0,0.0,0.0,2510
k3268,0.0,0.0,0.0,0.0,0.0,0.202757926,0.0,0.0,0.0,0.0,1129
k2199,0.0,0.0,0.0,0.0,0.0,0.0,0.0,0.0,0.0,0.0,2285
k3200,0.0,0.0,0.0,0.0,0.0,0.138253814,0.0,0.0,0.0,0.0,2769
k2486,0.0,0.0,0.0,0.0,0.0,0.601899621,0.0,0.0,0.0,0.0,1406
k3110,0.0,0.0,0.0,0.0,0.0,0.0,0.0,0.0,0.0,0.0,769
k2114,0.0,0.0,0.0,0.0,0.0,0.0,0.0,0.166666667,0.169347324,0.0,1198
k2532,0.0,0.0,0.0,0.0,0.0,0.0,0.0,0.0,0.0,0.0,1851
k2829,0.0,0.0,0.0,0.0,0.0,0.0,0.0,0.0,0.0,0.0,1636
k878,0.0,0.0,0.0,0.0,0.0,0.0,0.0,0.0,0.0,0.0,1039
k2793,0.0,0.0,0.0,0.0,0.0769,0.0,0.0,0.0,0.340334954,0.0,917
k133,0.0,0.0,0.0,0.0,0.0,0.0,0.0,0.0,0.0,0.0,1358
k334,0.0,0.0,0.0,0.0,0.0,0.0,0.0,0.0,0.0,0.0,2409
k2606,0.0,0.0,0.0,0.0,0.0,0.0,0.0,0.0,0.0,0.0,2429
k3308,0.0,0.0,0.0,0.0,0.0,0.0,0.0,0.0,0.0,0.0,510
k389,0.0,0.0,0.0,0.0,0.0,0.0,0.0,0.0,0.169736657,0.0,409
k1405,0.0,0.0,0.0,0.0,0.0,0.494078998,0.0,0.0,0.0,0.0,1627
k1901,0.0,0.0,0.0,0.0,0.0,0.0,0.0,0.0,0.192375445,0.0,2089
k1698,0.0,0.0,0.0,0.0,0.0,0.0,0.0,0.0,0.0,0.0,1189
k2912,0.0,0.0,0.0,0.0769,0.153846154,0.0,0.0,0.0,0.202651298,0.0,1857
k929,0.0,0.0,0.0,0.0,0.0,0.0,0.0,0.0,0.0,0.0,1021
k275,0.0,0.0,0.0,0.0,0.0,0.0,0.0,0.0,0.0,0.0,2502
k2121,0.0,0.0,0.0,0.0,0.0385,0.0,0.0,0.0,0.0,0.0,2476
k996,0.0,0.0,0.0,0.0,0.0769,0.0,0.0,0.0,0.208070055,0.0,3124
k2318,0.0,0.0,0.0,0.0,0.0,0.0,0.0,0.0,0.0,0.0,473
k0,0.0,0.0,0.0,0.0,0.0,0.0,0.0,0.0,0.0,0.0,1120
k1700,0.0,0.0,0.0,0.0,0.0,0.0,0.0,0.0,0.0,0.0,2070
k719,0.0,0.0,0.0,0.0,0.0,0.0,0.0,0.0,0.0,0.0,3164
k284,0.0,0.0,0.0,0.0,0.0,0.0,0.0,0.0,0.0,0.0,370
k2762,0.0,0.566043119,0.0,0.0,0.0,0.0,0.0,0.0,0.190218154,0.0,2664
k1398,0.0,0.0,0.0,0.0,0.0,0.0,0.0,0.0,0.0,0.0,2805
k1179,0.0,0.0,0.0,0.0,0.0,0.0,0.0357,0.0,0.0,0.0,3218
k2351,0.0,0.0,0.0,0.0,0.0,0.0,0.0,0.0,0.0,0.0,2490
k2996,0.0,0.0,0.0,0.0,0.0,0.0,0.0,0.0,0.0,0.0,557
k1895,0.0,0.0,0.0,0.0769,0.0,0.0,0.0,0.0,0.0,0.0,850
k2155,0.0,0.0,0.0,0.0,0.0,0.0,0.0,0.0,0.0,0.0,1990
k2067,0.0,0.510209072,0.0,0.0,0.0,0.0,0.0,0.0,0.405436628,0.0,185
k1457,0.0,0.0,0.0,0.0,0.0,0.0,0.0,0.0,0.0,0.0,1841
k2281,0.0,0.0,0.0,0.0,0.0,0.0,0.0,0.0,0.0,0.0,12
k3122,0.0,0.0,0.0,0.0,0.0,0.0,0.0,0.0,0.0,0.0,825
k836,0.0,0.0,0.0,0.0,0.0,0.0,0.0,0.0,0.0,0.0,2451
k2781,0.0,0.0,0.0,0.0,0.0,0.0,0.0,0.0,0.0,0.0,561
k848,0.0,0.0,0.0,0.0,0.0,0.0,0.0,0.0,0.0,0.0,3390
k962,0.0,0.0,0.0,0.0,0.0,0.0,0.0,0.0,0.0,0.0,2170
k243,0.0,0.0,0.0,0.0,0.0,0.0,0.0,0.0,0.0,0.0,3187
k1809,0.0,0.0,0.0,0.0,0.0,0.0,0.0,0.0,0.0,0.0,3233
k1723,0.0,0.0,0.0,0.0,0.0769,0.0,0.0,0.0,0.0,0.0,2707
k417,0.0,0.0,0.0,0.0,0.0,0.0,0.0,0.0,0.216188616,0.0,1131
k1336,0.0,0.0,0.0,0.0,0.0,0.0719,0.0,0.0,0.0,0.0,1314
k635,0.0,0.0,0.0,0.0,0.0,0.0,0.0,0.0,0.0,0.0,3019
k2827,0.0,0.0,0.0,0.0,0.0769,0.0,0.0,0.0,0.0,0.0,2034
k101,0.0,0.0,0.0,0.0,0.0,0.0,0.0,0.0,0.0,0.0,2815
k2290,0.0,0.0,0.0,0.0,0.153846154,0.0,0.0,0.0,0.0,0.0,1453
k2200,0.0,0.0,0.0,0.0,0.0,0.0,0.0,0.0,0.0,0.0,207
k2507,0.0,0.0,0.0,0.0,0.0,0.148615724,0.0,0.0,0.371392282,0.0,2442
k2823,0.0435,0.0,0.0,0.153846154,0.0769,0.0,0.0,0.0,0.469466039,0.0,481
k2754,0.0,0.0,0.0,0.0,0.0,0.0,0.0,0.0,0.0,0.0,2458
k1812,0.0,0.0,0.0,0.0,0.0,0.0,0.0,0.0,0.0,0.0,698
k815,0.0,0.0,0.0,0.0,0.0,0.0,0.0,0.0,0.0,0.0,1968
k2763,0.0,0.0,0.0,0.0,0.0,0.0,0.0,0.0,0.0,0.0,1632
k1337,0.0,0.0,0.0,0.0,0.0,0.0,0.0,0.0,0.0,0.0,373
k228,0.0,0.0,0.0,0.0,0.0,0.281155424,0.0,0.0,0.0,0.0,2179
k1350,0.0,0.0,0.0,0.0,0.0,0.0,0.0,0.0,0.412119123,0.0,2300
k3353,0.0,0.0,0.0,0.0,0.0,0.0,0.0,0.0,0.0,0.0,428
k3059,0.0,0.0,0.0,0.0,0.0,0.0,0.0,0.0,0.233076756,0.0,2780
k223,0.0,0.0,0.0,0.0,0.0,0.0,0.0,0.0,0.0,0.0,1107
k128,0.0,0.0,0.0,0.0,0.0,0.0687,0.0,0.0,0.0,0.0,3018
k2529,0.0,0.0,0.0,0.0,0.0,0.0,0.0,0.0,0.0,0.0,1284
k2139,0.0,0.0,0.0,0.0,0.0,0.0,0.0,0.0,0.0,0.0,2797
k525,0.217391304,0.0,0.0,0.0,0.0,0.0,0.0,0.0,0.319502419,0.0,497
k273,0.0,0.0,0.0,0.0,0.0,0.0613,0.0,0.0,0.0,0.0,538
k254,0.0,0.0,0.0,0.0,0.0,0.0,0.0,0.0,0.0,0.0,2709
k776,0.0,0.0,0.0,0.0,0.0,0.0,0.0,0.0,0.0,0.0,2690
k2780,0.0,0.0,0.0,0.0,0.0,0.0,0.0,0.0,0.0,0.0,1546
k1503,0.0,0.0,0.0,0.0,0.115384615,0.0,0.0,0.0,0.209742274,0.0,520
k2049,0.0,0.0,0.0,0.0,0.0,0.0,0.0,0.0,0.0,0.0,1922
k3304,0.0,0.0,0.0,0.0,0.0,0.0,0.0,0.0,0.0,0.0,2134
k3386,0.0,0.0,0.0,0.0,0.0,0.0,0.0,0.0,0.0,0.0,828
k868,0.0,0.0,0.0,0.0,0.0,0.0,0.0,0.0,0.0,0.0,2768
k1887,0.0,0.0,0.0,0.0,0.0,0.0,0.0,0.0,0.0,0.0,2023
k1332,0.0,0.0,0.0,0.0,0.0,0.0,0.0,0.0,0.0,0.0,3238
k1582,0.0,0.0,0.0,0.0,0.0,0.0,0.0,0.0,0.187575792,0.0,204
k558,0.0,0.0,0.0,0.0,0.0,0.0,0.0,0.0,0.0,0.0,1184
k1972,0.087,0.0,0.0,0.0,0.0,0.157918817,0.0,0.0,0.0,0.0,2692
k1800,0.0,0.0,0.0,0.0,0.0,0.0,0.0,0.0,0.0,0.0,1289
k2117,0.0,0.0,0.0,0.0,0.0,0.0,0.0,0.0,0.0,0.0,571
k3333,0.0,0.0,0.0,0.0,0.0,0.0,0.0,0.0,0.0,0.0,2050
k1482,0.0435,0.0,0.0,0.0,0.0769,0.0,0.0,0.0,0.539309922,0.0,1523
k363,0.0,0.0,0.0,0.0,0.0,0.0,0.0,0.0,0.0,0.0,709
k2062,0.0,0.0,0.0,0.0,0.115384615,0.0,0.0,0.0,0.20351932,0.0,1191
k2605,0.0,0.0,0.0,0.0,0.0769,0.0,0.0357,0.0,0.0,0.111111111,55
k1254,0.0,0.240847156,0.0,0.0,0.0,0.0,0.0,0.0,0.0,0.0,2921
k578,0.0,0.0,0.0,0.0,0.0,0.0,0.0,0.0,0.0,0.0,759
k2211,0.0,0.0,0.0,0.0,0.0769,0.0,0.0,0.0,0.0,0.0,950
k2792,0.0,0.0,0.0,0.0,0.0,0.0,0.0,0.0,0.0,0.0,3064
k788,0.0,0.0,0.0,0.0,0.0769,0.0858,0.0,0.0,0.0,0.0,2272
k1174,0.0,0.0,0.0,0.0,0.0,0.0,0.0,0.0,0.0,0.0,2563
k2407,0.0,0.0,0.0,0.0,0.0,0.0,0.0,0.0,0.0,0.0,3313
k1664,0.0435,0.0,0.0,0.0,0.0,0.0,0.0,0.0,0.0,0.0,3115
k2096,0.0,0.0,0.0,0.0,0.0,0.0,0.0,0.0,0.0,0.0,186
k2292,0.0,0.0,0.0,0.0,0.0,0.0716,0.0,0.0,0.385057251,0.0,1893
k637,0.0,0.0,0.0,0.0,0.0,0.0,0.0,0.0,0.0,0.0,2503
k2893,0.0,0.0,0.0,0.0,0.0,0.0,0.0,0.0,0.0,0.0,2820
k1407,0.0,0.0,0.0,0.0,0.0,0.0,0.0,0.0,0.0,0.0,720
k420,0.0,0.0,0.0,0.0,0.0,0.0,0.0,0.0,0.0,0.0,1727
k2127,0.0,0.0,0.0,0.0,0.0,0.0663,0.0,0.0,0.0,0.0,2639
k1089,0.0,0.0,0.0,0.0,0.0769,0.0,0.0,0.0,0.0,0.0,3010
k1294,0.0,0.0,0.0,0.0,0.0,0.0,0.0,0.0,0.0,0.0,1274
k2886,0.0,0.0,0.0,0.0,0.0,0.0,0.0,0.0,0.151610309,0.0,1939
k189,0.0,0.0,0.0,0.0,0.0,0.0,0.0,0.0,0.0,0.0,3354
k2229,0.260869565,0.0,0.0,0.230769231,0.192307692,0.0,0.0,0.0,0.0,0.0,1019
k787,0.0,0.0,0.0,0.0,0.0,0.0,0.0,0.0,0.0,0.0556,1380
k2934,0.0,0.0,0.0,0.0,0.0,0.0,0.0,0.0,0.0,0.0,3011
k1417,0.0,0.0,0.0,0.0,0.0,0.0,0.0357,0.0,0.0,0.0,1485
k2226,0.0,0.0,0.0,0.0,0.0,0.0732,0.0,0.0,0.0,0.0,2923
k2014,0.0,0.0,0.0,0.0,0.192307692,0.0,0.0,0.0,0.0,0.0,2054
k1359,0.0,0.0,0.0,0.0,0.0,0.0,0.0,0.0,0.0,0.0,1209
k1506,0.0,0.0,0.0,0.0,0.0,0.0,0.0,0.0,0.0,0.0,2606
k342,0.0,0.0,0.0,0.0,0.0,0.068,0.0,0.0,0.0,0.0,3152
k757,0.0,0.0,0.0,0.0,0.0,0.0,0.0,0.0,0.0,0.0,90
k1154,0.0,0.0,0.0,0.0,0.0,0.0,0.0,0.0,0.0,0.0,3408
k966,0.0,0.0,0.0,0.0,0.0769,0.0,0.0,0.0,0.167681487,0.0,3072
k3399,0.0,0.0,0.0,0.0,0.0,0.0,0.0,0.0,0.0,0.0,166
k2274,0.0,0.0,0.0,0.0,0.0,0.0,0.0,0.0,0.0,0.0,697
k332,0.0,0.0,0.0,0.0,0.0,0.0,0.0,0.0,0.0,0.0,2238
k2243,0.0,0.0,0.0,0.0,0.0,0.0,0.0,0.0,0.0,0.0,2678
k970,0.0,0.0,0.0,0.0,0.0,0.255726303,0.0,0.0,0.0,0.0,2484
k1672,0.0,0.0,0.0,0.0,0.0,0.0,0.0,0.0,0.0,0.0,2663
k1343,0.0,0.0,0.0,0.0,0.0,0.0,0.0,0.0,0.0,0.0,1776
k2597,0.0,0.0,0.0,0.0,0.0,0.125856773,0.0,0.0,0.0,0.0,2127
k2540,0.173913043,0.0,0.0,0.153846154,0.0385,0.0,0.0,0.0,0.37242625,0.166666667,2738
k1221,0.0,0.0,0.0,0.0,0.0,0.0,0.0,0.0,0.0,0.0,1360
k1712,0.0,0.0,0.0,0.0,0.0,0.0,0.0,0.0,0.0,0.0,1825
k2590,0.0,0.0,0.0,0.0,0.0,0.0,0.0,0.0,0.0,0.0,1397
k78,0.0,0.0,0.0,0.0,0.0,0.0,0.0,0.0,0.0,0.0,1187
k563,0.0,0.0,0.0,0.0,0.0,0.0,0.0,0.0,0.0,0.0,1855
k1472,0.0,0.0,0.0,0.0,0.0,0.0,0.0,0.0,0.0,0.0,2286
k274,0.0,0.0,0.0,0.0,0.0,0.0,0.0,0.0,0.209065727,0.0,3030
k2953,0.0,0.0,0.1,0.0,0.0,0.0,0.0,0.0,0.0,0.0,2166
k1998,0.0,0.0,0.0,0.0,0.0,0.0,0.0,0.0,0.0,0.0,1638
k1136,0.0,0.0,0.0,0.0,0.0,0.0,0.0,0.166666667,0.0,0.0,2499
k2899,0.0,0.0,0.0,0.0,0.0,0.0,0.0,0.0,0.392971572,0.0,2578
k665,0.0,0.0,0.0,0.0,0.0,0.0,0.0,0.0,0.0,0.0,1024
k3432,0.0,0.0,0.0,0.0,0.0,0.0,0.0,0.0,0.0,0.0,1853
k689,0.0,0.0,0.0,0.0,0.0,0.0,0.0,0.0,0.179087045,0.0,1791
k2509,0.0,0.0,0.0,0.0,0.0,0.0,0.0,0.0,0.0,0.0,1999
k1444,0.0,0.0,0.0,0.0,0.153846154,0.0,0.0,0.0,0.0,0.0,2865
k2133,0.0,0.0,0.0,0.0,0.0,0.283378065,0.0,0.0,0.0,0.0,1031
k3153,0.0,0.0,0.0,0.0,0.0,0.0,0.0,0.0,0.0,0.0,1827
k623,0.0,0.0,0.0,0.0,0.0,0.0,0.0,0.0,0.0,0.0,235
k2553,0.0,0.482305634,0.0,0.0,0.0,0.0,0.0,0.0,0.325821111,0.0,2661
k2137,0.0,0.0,0.0,0.0,0.0385,0.0,0.0,0.0,0.168536744,0.0,658
k715,0.0,0.0,0.0,0.0,0.0,0.0,0.0,0.0,0.0,0.0,2358
k631,0.0,0.0,0.0,0.0,0.0,0.0,0.0,0.0,0.0,0.0,139
k3027,0.0,0.0,0.0,0.0,0.0,0.139022613,0.0,0.0,0.0,0.0,47
k1542,0.087,0.0,0.0,0.0769,0.0,0.0,0.0,0.0,0.144608688,0.0,1540
k424,0.0,0.0,0.0,0.0,0.0,0.0696,0.0,0.0,0.0,0.0,1543
k1310,0.0,0.0,0.0,0.0,0.0,0.0,0.0,0.0,0.0,0.0,572
k3234,0.0,0.0,0.0,0.0,0.0,0.0,0.0,0.0,0.0,0.0,3166
k2631,0.0,0.0,0.0,0.0,0.0,0.0705,0.0,0.0,0.0,0.0,722
k817,0.0,0.0,0.0,0.0,0.0,0.0,0.0,0.0,0.0,0.0,2573
k2216,0.0435,0.0,0.0,0.153846154,0.0,0.0,0.0,0.0,0.411251101,0.0,1192
k1074,0.173913043,0.0,0.0,0.153846154,0.153846154,0.0,0.0,0.0,0.217631065,0.0,708
k2607,0.0,0.0,0.0,0.0,0.0,0.0,0.0,0.0,0.0,0.0,711
k988,0.0,0.0,0.0,0.0,0.0,0.0,0.0,0.0,0.0,0.0,2268
k3124,0.0,0.0,0.0,0.0,0.0,0.0,0.0,0.0,0.0,0.0,199
k2715,0.0,0.0,0.0,0.0,0.0,0.0,0.0,0.0,0.0,0.0,2198
k3362,0.0,0.0,0.0,0.0,0.0,0.0,0.0,0.0,0.0,0.0,1260
k2720,0.0,0.0,0.0,0.0,0.0,0.0,0.0,0.0,0.0,0.0,979
k1912,0.0,0.0,0.0,0.0,0.0,0.0626,0.0,0.0,0.132749971,0.0,3135
k1290,0.0,0.0,0.0,0.0,0.153846154,0.0,0.0,0.0,0.0,0.0,2935
k2736,0.0,0.0,0.0,0.0,0.0,0.0,0.0,0.0,0.0,0.0,3058
k861,0.0,0.0,0.0,0.0,0.0,0.0,0.0,0.0,0.173559785,0.0,768
k1772,0.0,0.0,0.0,0.0,0.0,0.0,0.0,0.0,0.0,0.0,1805
k382,0.0,0.0,0.0,0.0,0.0,0.0,0.0,0.0,0.0,0.0,728
k2110,0.0,0.0,0.0,0.0,0.0,0.0,0.0,0.0,0.0,0.0,3050
k2288,0.0,0.0,0.0,0.0,0.0,0.0,0.0,0.0,0.0,0.0,2714
k758,0.0,0.0,0.0,0.0,0.0,0.0661,0.0,0.0,0.0,0.0,570
k647,0.0,0.0,0.0,0.0,0.115384615,0.0,0.0,0.0,0.0,0.0,1052
k1120,0.0435,0.0,0.0,0.153846154,0.0,0.0,0.0,0.0,0.212984593,0.0,1697
k1681,0.0,0.0,0.0,0.0,0.0,0.0,0.0,0.0,0.0,0.0,2099
k1648,0.0,0.0,0.0,0.0,0.153846154,0.0,0.0,0.0,0.0,0.0,3381
k2490,0.0,0.0,0.0,0.0,0.0,0.0,0.0,0.0,0.119455188,0.0,3049
k2483,0.0,0.0,0.0,0.0,0.0,0.0,0.0,0.0,0.0,0.0,1572
k2316,0.0,0.0,0.0,0.0,0.0,0.0,0.0,0.0,0.0,0.0,2228
k1409,0.0,0.0,0.0,0.0,0.0,0.0,0.0,0.0,0.0,0.0,2186
k2307,0.0,0.526130605,0.0,0.0,0.0769,0.0,0.0,0.0,0.34980661,0.0,425
k2215,0.0,0.0,0.0,0.0,0.0,0.0,0.0,0.0,0.27845007,0.0,1898
k1311,0.0,0.0,0.0,0.0,0.0,0.0,0.0,0.0,0.0,0.0,452
k2207,0.0,0.0,0.0,0.0,0.307692308,0.0,0.0,0.125,0.0,0.166666667,2617
k1907,0.0,0.0,0.0,0.0,0.153846154,0.0,0.0,0.0,0.432389997,0.0,3399
k2223,0.0,0.0,0.0,0.0,0.0,0.0,0.0,0.0,0.0,0.0,1468
k2787,0.0,0.0,0.0,0.0,0.0,0.0,0.0,0.0,0.0,0.0,2138
k2938,0.0,0.0,0.0,0.0,0.0,0.0725,0.0,0.0,0.0,0.0,1505
k913,0.0,0.0,0.0,0.0,0.0,0.0,0.0,0.0,0.0,0.0,281
k2410,0.0,0.0,0.0,0.0,0.0,0.0509,0.0,0.0,0.0,0.0,1698
k163,0.0,0.0,0.0,0.0,0.0,0.0,0.0,0.0,0.0,0.0,3372
k1137,0.0,0.0,0.0,0.0,0.0,0.0,0.0,0.0,0.179444466,0.111111111,3359
k1840,0.0,0.0,0.0,0.0,0.0,0.0831,0.0,0.0,0.0,0.0,3268
k853,0.0,0.0,0.0,0.0,0.0,0.0,0.0,0.0,0.0,0.0,2283
k3373,0.0,0.0,0.0,0.0,0.0,0.0,0.0,0.0,0.0,0.0,1905
k1677,0.0,0.0,0.0,0.0,0.0,0.0,0.0,0.0,0.0,0.0,72
k1446,0.0,0.0,0.0,0.0,0.0,0.0692,0.0,0.0,0.0,0.0,475
k2981,0.0435,0.0,0.0,0.0,0.384615385,0.0,0.285714286,0.0,0.147621236,0.166666667,1852
k720,0.0,0.0,0.0,0.0,0.0,0.0,0.0,0.0,0.0,0.0,928
k2907,0.0,0.0,0.0,0.0,0.0,0.0,0.0,0.0,0.0,0.0,836
k2623,0.0,0.0,0.0,0.0,0.0,0.0,0.0,0.0,0.410759647,0.0,2351
k2992,0.0,0.0,0.0,0.0,0.0,0.0698,0.0,0.0,0.0,0.0,2924
k1433,0.0,0.0,0.0,0.0,0.0,0.0,0.0,0.0,0.0,0.0,589
k1339,0.0,0.0,0.0,0.0,0.0,0.0,0.0,0.0,0.0,0.0,946
k316,0.0,0.0,0.0,0.0,0.0,0.0,0.0,0.0,0.0,0.0,1611
k1488,0.0,0.0,0.0,0.0,0.0,0.0,0.0,0.0,0.0,0.0,749
k3374,0.0,0.0,0.0,0.0,0.0,0.0,0.0,0.0,0.0,0.0,237
k1701,0.0,0.0,0.0,0.0,0.0,0.0,0.0,0.0,0.175519218,0.0,148
k2427,0.087,0.0,0.0,0.0769,0.0769,0.0714,0.0,0.0,0.147046809,0.0,2485
k2435,0.0,0.0,0.0,0.0,0.0,0.0,0.0357,0.0,0.0,0.0,1900
k2108,0.0,0.0,0.0,0.0,0.0,0.0696,0.0,0.0,0.0,0.0,1536
k1519,0.0,0.0,0.0,0.0,0.0,0.0,0.0,0.0,0.0,0.0,311
k1386,0.130434783,0.0,0.0,0.153846154,0.0,0.0,0.178571429,0.166666667,0.79087683,0.333333333,3294
k1847,0.0,0.0,0.0,0.0,0.0,0.0,0.0,0.0,0.0,0.0,307
k2851,0.0,0.0,0.0,0.0,0.0,0.138835101,0.0,0.0,0.0,0.0,2813
k510,0.0,0.0,0.0,0.0,0.0,0.0,0.0,0.0,0.0,0.0,263
k833,0.0,0.0,0.0,0.0,0.0,0.0,0.0,0.0,0.0,0.0,125
k249,0.0,0.0,0.0,0.0,0.0769,0.0,0.0357,0.0,0.0,0.0,61
k475,0.0,0.0,0.0,0.0,0.0,0.0,0.0,0.0,0.0,0.0,641
k1193,0.0,0.0,0.0,0.0,0.0,0.0,0.0,0.0,0.441453171,0.0,238
k1956,0.0,0.0,0.0,0.0,0.0,0.0,0.0,0.0,0.0,0.0,2684
k3048,0.0,0.0,0.0,0.0,0.0,0.0,0.0,0.0,0.0,0.0,1764
k1889,0.0,0.0,0.0,0.0,0.0,0.0,0.0,0.0,0.0,0.0,3093
k1432,0.0,0.0,0.0,0.0,0.0,0.0592,0.0,0.0,0.0,0.0,2081
k24,0.0,0.0,0.0,0.0,0.0,0.0718,0.0,0.0,0.0,0.0,1287
k1011,0.0,0.0,0.0,0.0,0.0,0.0,0.0,0.0,0.0,0.0,2615
k1354,0.0,0.0,0.0,0.0,0.384615385,0.0,0.0,0.0,0.0,0.0,2988
k707,0.0,0.0,0.0,0.0,0.0,0.0,0.0,0.0,0.0,0.0,3340
k1527,0.0,0.0,0.0,0.0,0.0,0.0,0.0,0.0,0.0,0.0,1555
k295,0.0,0.0,0.0,0.0,0.0,0.0,0.0,0.0,0.0,0.0,2558
k2425,0.0,0.0,0.0,0.0,0.0,0.0,0.0,0.0,0.0,0.0,3114
k754,0.0,0.0,0.0,0.0,0.307692308,0.0,0.0,0.5,0.0,0.166666667,1737
k267,0.0,0.0,0.0,0.0,0.0,0.0,0.0,0.0,0.0,0.0,1405
k1733,0.0,0.0,0.0,0.0,0.0,0.0,0.0,0.0,0.0,0.0,960
k923,0.0,0.0,0.0,0.0,0.0,0.0,0.0,0.0,0.0,0.0,967
k2353,0.0,0.0,0.0,0.0,0.0,0.0,0.0,0.0,0.0,0.0,3286
k634,0.0,0.0,0.0,0.0,0.0,0.142954113,0.0,0.0,0.0,0.0,1513
k400,0.0,0.0,0.0,0.0,0.0,0.0,0.0,0.0,0.0,0.0,2430
k3206,0.087,0.0,0.0,0.0,0.0,0.0,0.0,0.0,0.0,0.0,528
k2735,0.0,0.0,0.0,0.0,0.115384615,0.0,0.0,0.0,0.165058272,0.0,3402
k2905,0.0,0.0,0.0,0.0,0.0,0.071,0.0,0.0,0.377908832,0.0,1897
k1205,0.0,0.0,0.0,0.0,0.230769231,0.0,0.285714286,0.0,0.0,0.0,3214
k2937,0.0,0.0,0.0,0.0,0.115384615,0.0,0.0,0.0,0.209544416,0.0,2638
k131,0.0,0.0,0.0,0.0,0.0,0.0,0.0,0.0,0.0,0.0,965
k2512,0.0,0.0,0.0,0.0,0.0,0.0,0.0,0.0,0.0,0.0,1778
k3318,0.0,0.0,0.0,0.0,0.0,0.0,0.0,0.0,0.0,0.0,3213
k171,0.0,0.0,0.0,0.0,0.0,0.0,0.0,0.0,0.0,0.0,197
k3331,0.0,0.0,0.0,0.0,0.0,0.0,0.0,0.0,0.0,0.0,3142
k404,0.0,0.0,0.0,0.0,0.0,0.0,0.0,0.0,0.0,0.0,2556
k1199,0.0,0.0,0.0,0.0,0.0,0.0,0.0,0.0,0.0,0.0,2674
k2681,0.0,0.0,0.0,0.0,0.0,0.0714,0.0,0.0,0.211210253,0.0,588
k3077,0.0,0.0,0.0,0.0,0.0385,0.0,0.0,0.0,0.159352302,0.0,1493
k1379,0.0,0.0,0.0,0.0,0.0,0.0,0.0,0.0,0.16145215,0.0,1972
k2240,0.0,0.0,0.0,0.0,0.0,0.0,0.0,0.0,0.161279822,0.0,1746
k2124,0.260869565,0.0,0.0,0.153846154,0.153846154,0.0,0.0714,0.0,0.0,0.0,1925
k1690,0.0,0.0,0.0,0.0,0.0,0.0669,0.0,0.0,0.0,0.0,1867
k2788,0.0,0.0,0.0,0.0,0.0,0.0,0.0,0.0,0.0,0.0,2689
k2942,0.0,0.0,0.0,0.0,0.0,0.0,0.0,0.0,0.0,0.0,539
k941,0.0,0.0,0.0,0.0,0.0,0.0,0.0,0.0,0.0,0.0,1553
k2181,0.0,0.0,0.0,0.0,0.0,0.07,0.0,0.0,0.0,0.0,2562
k899,0.0,0.0,0.0,0.0,0.0,0.0,0.0,0.0,0.0,0.0,2854
k3136,0.0,0.0,0.0,0.0,0.0,0.0,0.0,0.0,0.0,0.0,1118
k2161,0.0,0.0,0.0,0.0,0.0,0.0,0.0,0.0,0.0,0.0,1762
k308,0.0,0.0,0.0,0.0,0.0769,0.0,0.0,0.0,0.174842671,0.0,1105
k1815,0.0,0.0,0.0,0.0,0.0,0.0,0.0,0.0,0.0,0.0,888
k1148,0.0,0.0,0.0,0.0,0.0,0.0,0.0,0.0,0.0,0.0,1224
k2428,0.0435,0.0,0.0,0.0,0.0,0.0,0.0357,0.0,0.0,0.0,2332
k1974,0.0,0.0,0.0,0.0,0.0,0.0,0.0,0.0,0.0,0.0,301
k774,0.0,0.0,0.0,0.0,0.0,0.0,0.0,0.0,0.0,0.0,2219
k2116,0.0,0.0,0.0,0.0,0.0769,0.0,0.0,0.0,0.0,0.0,483
k441,0.0,0.0,0.0,0.0,0.0,0.0,0.0,0.0,0.0,0.0,1661
k1054,0.0,0.0,0.0,0.0,0.0,0.0,0.0,0.0,0.0,0.0,1768
k250,0.0,0.0,0.0,0.0,0.0,0.0,0.0,0.0,0.0,0.0,910
k2308,0.0,0.0,0.0,0.0,0.0,0.0,0.0,0.0,0.152605982,0.0,2717
k3273,0.0,0.0,0.0,0.0,0.0,0.0,0.0,0.0,0.23648502,0.0,2293
k3064,0.0,0.0,0.0,0.0,0.0,0.0,0.0,0.0,0.0,0.0,1156
k1979,0.0,0.0,0.0,0.0,0.0,0.0736,0.0,0.0,0.388382543,0.0,630
k1256,0.0,0.0,0.0,0.0,0.0,0.0,0.0,0.0,0.0,0.0,132
k270,0.0,0.0,0.0,0.0,0.0,0.285168179,0.0,0.0,0.0,0.0,1966
k1196,0.0,0.0,0.0,0.0,0.0,0.0,0.0,0.0,0.0,0.0,3069
k1882,0.0,0.0,0.0,0.0,0.0,0.0,0.0,0.0,0.0,0.0,2825
k659,0.0,0.0,0.0,0.0,0.0,0.0,0.0,0.0,0.0,0.0,2214
k1170,0.0,0.0,0.0,0.0,0.0,0.0,0.0,0.0,0.0,0.0,149
k1886,0.0,0.0,0.0,0.0,0.0,0.0,0.0,0.0,0.176719131,0.0,1726
k1938,0.0,0.0,0.0,0.0,0.0,0.0,0.0714,0.0,0.0,0.0,3208
k1516,0.0,0.0,0.0,0.0,0.0,0.0,0.0,0.0,0.213354779,0.0,2543
k2474,0.0,0.0,0.0,0.0,0.0,0.372338737,0.0,0.0,0.0,0.0,2523
k564,0.0,0.0,0.0,0.0,0.0769,0.0,0.0,0.0,0.0,0.0,2115
k1736,0.0,0.0,0.0,0.0,0.0,0.0,0.0,0.0,0.0,0.0,1249
k3166,0.0,0.0,0.9,0.0,0.153846154,0.0,0.0,0.0,0.0,0.0,2122
k359,0.0,0.0,0.0,0.0,0.0,0.0,0.0,0.0,0.0,0.0,684
k1634,0.0,0.0,0.0,0.0,0.0,0.0,0.0,0.0,0.143606633,0.0,257
k1003,0.0,0.0,0.0,0.0,0.0769,0.0,0.0,0.0,0.313770919,0.0,2001
k2591,0.0,0.0,0.0,0.0,0.0,0.0,1.0,0.0,0.0,0.666666667,1169
k2222,0.0,0.0,0.0,0.0,0.0,0.139322632,0.0,0.0,0.0,0.0,2042
k1843,0.0,0.0,0.0,0.0,0.0,0.0,0.0,0.0417,0.0,0.0,2489
k1537,0.0,0.0,0.0,0.0,0.0,0.0,0.0,0.0,0.0,0.0,2933
k13,0.0,0.495510182,0.0,0.0,0.0,0.0,0.0,0.0,0.161101112,0.0,3263
k1235,0.0,0.0,0.0,0.0,0.0,0.0,0.0,0.0,0.0,0.0,1172
k581,0.0,0.0,0.0,0.0,0.0,0.0,0.0,0.0,0.0,0.0,1356
k886,0.0,0.0,0.0,0.0,0.0,0.0,0.0,0.0,0.0,0.0,2159
k950,0.0,0.0,0.0,0.0,0.153846154,0.0,0.0,0.0,0.0,0.0,517
k1545,0.0,0.0,0.0,0.0,0.0,0.0,0.0,0.0,0.0,0.0,2324
k2233,0.0,0.0,0.0,0.0,0.307692308,0.162696622,0.0,1.0,0.0,0.0,1948
k364,0.0,0.0,0.0,0.0,0.0,0.0,0.0,0.0,0.0,0.0,1577
k3084,0.0,0.0,0.0,0.0,0.0,0.0,0.0,0.0,0.194577414,0.0,3322
k1360,0.0,0.0,0.0,0.0,0.0,0.0,0.0,0.0,0.0,0.0,896
k981,0.0,0.0,0.0,0.0,0.0,0.0,0.0,0.0,0.0,0.0,1808
k1821,0.0,0.0,0.0,0.0,0.0,0.0,0.0,0.0,0.0,0.0,1056
k2473,0.0,0.0,0.0,0.0,0.192307692,0.0,0.0,0.0,0.0,0.0,904
k2690,0.0,0.0,0.0,0.0769,0.0769,0.0,0.0,0.0,0.170043018,0.0,1752
k686,0.0,0.0,0.0,0.0,0.0,0.0,0.0,0.0,0.0,0.0,1724
k3392,0.0,0.0,0.0,0.0,0.0,0.0,0.0,0.0,0.0,0.0,1713
k202,0.0,0.0,0.0,0.0,0.0,0.0,0.0,0.0,0.0,0.0,3188
k1692,0.0,0.0,0.0,0.0,0.0,0.0,0.0,0.0,0.0,0.0,1734
k2982,0.0,0.0,0.0,0.0,0.0,0.0,0.0,0.0,0.0,0.0,2327
k143,0.0,0.0,0.0,0.0,0.0,0.0,0.0,0.0,0.168543127,0.0,3123
k2629,0.0,0.0,0.0,0.0,0.230769231,0.0,0.0,0.0,0.176834016,0.0,2257
k839,0.0,0.0,0.0,0.0,0.0,0.0,0.0,0.0,0.0,0.0,1891
k866,0.0,0.0,0.0,0.0,0.0,0.0,0.0,0.0,0.0,0.0,2168
k3344,0.0,0.0,0.0,0.0,0.0,0.0,0.0,0.0,0.0,0.0,3315
k3299,0.0,0.0,0.0,0.0,0.0385,0.147335643,0.0,0.0,0.157903471,0.0,92
k1561,0.0,0.0,0.1,0.0,0.115384615,0.0,0.0,0.0,0.0,0.0,99
k38,0.0,0.0,0.4,0.0,0.0,0.0,0.0,0.0,0.118721199,0.0,256
k2933,0.0,0.0,0.0,0.0,0.192307692,0.22620067,0.0,0.0,0.0,0.0,2659
k2699,0.0,0.0,0.0,0.0,0.0,0.0,0.0,0.0,0.0,0.0,2123
k1167,0.0,0.973672413,0.0,0.0,0.0,0.0,0.0,0.0,0.224568861,0.0,323
k680,0.0,0.0,0.0,0.0,0.0,0.0,0.0,0.0,0.0,0.0,494
k2043,0.0,0.0,0.0,0.0,0.0385,0.0,0.0,0.0,0.0,0.0,2868
k1246,0.0,0.0,0.0,0.0,0.0769,0.0,0.0,0.0,0.0,0.0,2520
k235,0.0435,0.0,0.0,0.153846154,0.384615385,0.0,0.178571429,0.5,0.0,0.166666667,973
k1653,0.0,0.0,0.0,0.0,0.0,0.0,0.0,0.0,0.0,0.0,2132
k2149,0.0,0.0,0.0,0.0,0.0,0.0,0.0,0.0,0.0,0.0,739
k2392,0.0,0.0,0.0,0.0,0.153846154,0.0,0.0,0.0,0.0,0.0,2251
k2595,0.0,0.0,0.0,0.0,0.0,0.0,0.0,0.0,0.0,0.0,785
k730,0.0,0.0,0.0,0.0,0.0,0.0,0.0,0.0,0.0,0.0,1683
k2518,0.0,0.0,0.0,0.0,0.0,0.0,0.0,0.0,0.0,0.0,755
k1696,0.0,0.0,0.0,0.0,0.115384615,0.0,0.0,0.0,0.0,0.0,2033
k1587,0.0,0.0,0.0,0.0,0.0,0.0,0.0,0.0,0.0,0.0,1253
k1791,0.0,0.0,0.0,0.0,0.0,0.0,0.0357,0.0,0.0,0.111111111,2330
k2685,0.0,0.0,0.0,0.0,0.0385,0.0,0.0,0.0,0.0,0.0,3296
k1589,0.0,0.0,0.0,0.0,0.0,0.0,0.0,0.0,0.0,0.0,654
k2719,0.0,0.0,0.0,0.0,0.0,0.0,0.0,0.0,0.0,0.0,1949
k1709,0.0,0.0,0.0,0.0,0.0,0.217022585,0.0,0.0,0.156773765,0.0,843
k104,0.0,0.0,0.0,0.0,0.0,0.0,0.0,0.0,0.0,0.0,2783
k3428,0.0,0.0,0.0,0.0,0.0,0.0,0.0,0.0,0.0,0.0,284
k2599,0.0,0.0,0.0,0.0,0.0,0.0,0.0,0.0,0.0,0.0,772
k641,0.0,0.0,0.0,0.0,0.0,0.0,0.0,0.0,0.0,0.0,2622
k959,0.0,0.0,0.0,0.0,0.0,0.0,0.214285714,0.0,0.0,0.277777778,88
k2283,0.130434783,0.0,0.0,0.153846154,0.0,0.0,0.214285714,0.166666667,0.771690984,0.333333333,1034
k2088,0.0,0.0,0.0,0.0,0.0,0.0,0.0,0.0,0.0,0.0,2864
k799,0.0,0.0,0.0,0.0,0.0,0.0,0.0,0.0,0.0,0.0,114
k3194,0.0,0.0,0.0,0.0,0.461538462,0.0,0.0,0.0,0.0,0.0,433
k279,0.0,0.0,0.0,0.0,0.0,0.0,0.0,0.0,0.0,0.0,992
k377,0.0,0.576286153,0.0,0.0,0.0769,0.0,0.0,0.0,0.296180702,0.0,544
k2154,0.0,0.0,0.0,0.0,0.0,0.0,0.178571429,0.25,0.0,0.611111111,226
k1517,0.0,0.0,0.0,0.0,0.0,0.143304136,0.0,0.0,0.170898275,0.0,1244
k18,0.0,0.0,0.0,0.0,0.0385,0.0,0.0,0.0,0.164694469,0.0,1690
k2250,0.0,0.0,0.0,0.0,0.153846154,0.0,0.0,0.0,0.0,0.0,1559
k2884,0.0,0.0,0.0,0.0,0.0,0.0,0.0,0.0,0.0,0.0,1002
k863,0.0,0.0,0.6,0.0,0.0,0.0728,0.0,0.0,0.175302212,0.0,513
k109,0.0,0.0,0.0,0.0,0.0769,0.0,0.0,0.0,0.0,0.0,2104
k3035,0.0435,0.0,0.0,0.0,0.0,0.0,0.0,0.0,0.0,0.0,472
k2577,0.0,0.0,0.0,0.0,0.0,0.206821935,0.0,0.0,0.0,0.0,683
k73,0.0,0.0,0.0,0.0,0.0,0.0,0.0,0.0,0.0,0.0,16
k1966,0.0,0.0,0.0,0.0,0.0,0.207345718,0.0,0.0,0.0,0.0,2758
k1434,0.0,0.0,0.0,0.0,0.0,0.140576462,0.0,0.0,0.0,0.0,2404
k832,0.0435,0.0,0.0,0.153846154,0.115384615,0.0,0.0357,0.0,0.149133892,0.0,1705
k321,0.0,0.0,0.0,0.0,0.0,0.0,0.0,0.0,0.0,0.0,657
k1316,0.0,0.0,0.0,0.0,0.0385,0.0,0.0,0.0,0.0,0.0,138
k2859,0.0,0.0,0.0,0.0,0.0,0.0,0.0,0.0,0.0,0.0,881
k751,0.0,0.0,0.0,0.0,0.0385,0.140468955,0.0,0.0,0.0,0.0,2195
k1492,0.0,0.0,0.0,0.0,0.192307692,0.0746,0.0,0.0,0.0,0.0,3094
k182,0.0,0.0,0.0,0.0,0.0,0.0,0.0,0.0,0.0,0.0,391
k1631,0.0,0.0,0.0,0.0,0.0,0.123089097,0.0,0.0,0.0,0.0,621
k656,0.0,0.0,0.0,0.0,0.153846154,0.0,0.428571429,0.125,0.0,0.0,2634
k294,0.0,0.0,0.0,0.0,0.0,0.0,0.0,0.0,0.0,0.0,2114
k1869,0.0,0.0,0.0,0.0,0.0,0.14681686,0.0,0.0,0.0,0.0,1338
k432,0.0,0.0,0.0,0.0,0.0,0.0,0.0,0.0,0.0,0.0,2117
k2951,0.0,0.0,0.0,0.0,0.0,0.0,0.0,0.0,0.0,0.0,1385
k44,0.0,0.0,0.0,0.0,0.115384615,0.0,0.0,0.0,0.0,0.0556,3395
k3411,0.0,0.0,0.0,0.0,0.0,0.217906392,0.0,0.0,0.0,0.0,365
k2919,0.0,0.0,0.0,0.0,0.0,0.0,0.0,0.0,0.0,0.0,1068
k2502,0.0,0.0,0.0,0.0,0.0,0.0655,0.0,0.0,0.0,0.0,694
k1243,0.0,0.0,0.0,0.0,0.0,0.0,0.0,0.0,0.0,0.0,3264
k700,0.0,0.0,0.0,0.0,0.0769,0.0,0.0,0.0,0.199823843,0.0,1327
k984,0.0,0.0,0.0,0.0,0.0385,0.0,0.0,0.0,0.0,0.0,2508
k2534,0.0,0.0,0.0,0.0,0.0385,0.0,0.0,0.0,0.0,0.0,272
k2759,0.0,0.0,0.0,0.0,0.0,0.0,0.0,0.0,0.0,0.0,687
k2018,0.0,0.0,0.0,0.0,0.0,0.0,0.0,0.0,0.0,0.0,190
k419,0.0,0.0,0.0,0.0,0.0,0.0,0.0,0.0,0.191788254,0.0,490
k1104,0.0,0.0,0.0,0.0,0.0,0.0,0.0,0.0,0.0,0.0,505
k1835,0.0,0.0,0.0,0.0,0.0385,0.0,0.0,0.0,0.0,0.0,1953
k1872,0.0,0.0,0.0,0.0,0.0,0.0,0.0,0.0,0.0,0.0,104
k3202,0.0,0.0,0.0,0.0,0.0769,0.0,0.0,0.0,0.0,0.166666667,410
k1501,0.0,0.0,0.0,0.0,0.0385,0.0724,0.0,0.0,0.0,0.0,1177
k498,0.0,0.0,0.0,0.0,0.0,0.0,0.0,0.0,0.0,0.0,1568
k3045,0.0,0.0,0.0,0.0,0.115384615,0.0,0.0,0.0,0.0,0.0,1601
k2259,0.0,0.0,0.0,0.0,0.0,0.0,0.0,0.0,0.0,0.0,3042
k492,0.0,0.0,0.0,0.0,0.0,0.0,0.0,0.166666667,0.0,0.0,1050
k126,0.0,0.0,0.0,0.0,0.0,0.0,0.0,0.0,0.0,0.0,356
k427,0.0,0.0,0.0,0.0,0.0,0.0,0.0,0.0,0.0,0.0,1010
k458,0.0,0.0,0.0,0.0,0.0,0.0,0.0,0.0,0.0,0.0,3405
k2678,0.0,0.0,0.0,0.0,0.0,0.0,0.0,0.0,0.0,0.0,3400
k293,0.0,0.0,0.0,0.0,0.0,0.07,0.0,0.0,0.0,0.0,1234
k2652,0.087,0.0,0.0,0.0,0.0,0.0,0.0,0.0,0.0,0.0,1098
k1834,0.0,0.0,0.0,0.0,0.0,0.0,0.0,0.0,0.0,0.0,870
k1661,0.0,0.0,0.0,0.0,0.0,0.0,0.0,0.0,0.0,0.0,2453
k1682,0.0,0.0,0.0,0.0,0.0,0.0,0.0,0.0,0.0,0.0,180
k1556,0.0,0.0,0.0,0.0,0.0,0.27858651,0.0,0.0,0.0,0.0,220
k846,0.0,0.0,0.0,0.0,0.0,0.0692,0.0,0.0,0.0,0.0,312
k2497,0.0,0.0,0.0,0.0,0.0,0.0,0.0,0.0,0.435945059,0.0,2892
k2118,0.0,0.0,0.0,0.0,0.0,0.0,0.0,0.0,0.0,0.0,278
k123,0.087,0.0,0.0,0.538461538,0.0,0.0,0.107142857,0.0833,0.301688814,0.277777778,244
k2402,0.0,0.0,0.0,0.0,0.115384615,0.0,0.0,0.0,0.20344273,0.0,926
k367,0.0,0.0,0.0,0.0,0.0385,0.0,0.0,0.0,0.568299315,0.0,2903
k960,0.0,0.0,0.0,0.0,0.0,0.0,0.0,0.0,0.0,0.0,1303
k2093,0.0,0.0,0.0,0.0,0.0,0.0,0.0,0.0,0.0,0.0,1014
k2457,0.0,0.0,0.0,0.0,0.0,0.0,0.0,0.0,0.0,0.0,895
k2294,0.0,0.0,0.0,0.0,0.115384615,0.0,0.0,0.0,0.179170017,0.0,97
k491,0.0,0.0,0.0,0.0,0.0,0.0,0.0,0.0,0.0,0.0,360
k1474,0.0,0.0,0.0,0.0,0.0769,0.0,0.0,0.0,0.0,0.0,742
k732,0.0,0.0,0.0,0.0,0.0385,0.0,0.0,0.0,0.0,0.0,3389
k944,0.0,0.0,0.0,0.0,0.0,0.0,0.0,0.0,0.149663641,0.0,143
k414,0.0,0.0,0.0,0.0,0.0,0.0,0.0,0.0,0.0,0.0,1255
k761,0.0,0.0,0.0,0.0,0.115384615,0.0,0.0,0.0,0.0,0.0,1396
k2419,0.0,0.0,0.0,0.0,0.0,0.0,0.0,0.0,0.0,0.0,187
k1295,0.0,0.0,0.0,0.0,0.0,0.0,0.0,0.0,0.17443419,0.0,2435
k1602,0.0,0.0,0.0,0.0,0.0,0.0,0.0,0.0,0.0,0.0,2772
k173,0.0,0.0,0.0,0.0,0.0,0.0,0.0,0.0,0.0,0.0,1624
k2612,0.0,0.0,0.0,0.0,0.0,0.0,0.0,0.0,0.149695554,0.0,2625
k448,0.0,0.0,0.0,0.0,0.0,0.0,0.0,0.0,0.0,0.0,2660
k1063,0.0,0.0,0.0,0.0,0.0,0.0,0.0,0.0,0.0,0.0,2270
k1987,0.0,0.0,0.0,0.0,0.0,0.0,0.0,0.0,0.0,0.0,2345
k1898,0.0,0.0,0.0,0.0,0.0,0.0718,0.0,0.0,0.0,0.0,2870
k2696,0.0,0.0,0.0,0.0,0.0769,0.0,0.0,0.0,0.0,0.0,3007
k2468,0.0,0.0,0.0,0.0,0.0769,0.0,0.0,0.0,0.204125659,0.0,1570
k2235,0.0,0.0,0.0,0.0,0.0769,0.0,0.0,0.0,0.209710361,0.0,2320
k64,0.0,0.0,0.0,0.0,0.0,0.0,0.0,0.0,0.0,0.0,3121
k1045,0.0,0.0,0.0,0.0,0.0385,0.0,0.0,0.0,0.175385185,0.0,3070
k3151,0.0,0.0,0.0,0.0,0.0,0.0,0.0,0.0,0.0,0.0,2472
k2413,0.0,0.0,0.0,0.0,0.0,0.0,0.0,0.0,0.0,0.0,2259
k2048,0.0,0.0,0.0,0.0,0.0,0.0,0.0,0.0,0.0,0.0,2728
k505,0.0,0.0,0.0,0.0,0.0,0.0,0.0,0.0,0.0,0.0,3392
k2237,0.0,0.0,0.0,0.0,0.0,0.210124645,0.0,0.0,0.0,0.0,1079
k2575,0.0,0.0,0.0,0.0,0.0,0.0,0.0,0.0,0.0,0.0,1535
k23,0.0,0.0,0.0,0.0,0.0,0.0,0.0,0.0417,0.0,0.0,2339
k2411,0.087,0.0,0.0,0.0,0.230769231,0.0,0.0,0.0,0.242529264,0.0,2338
k3018,0.0,0.0,0.0,0.0,0.0,0.277551444,0.0,0.0,0.0,0.0,1959
k2338,0.0,0.0,0.0,0.0,0.0,0.0,0.0,0.0,0.0,0.0,3297
k1198,0.0,0.0,0.0,0.0,0.0,0.0,0.0,0.0,0.0,0.0,3305
k1448,0.0,0.0,0.0,0.0,0.0,0.628841339,0.0,0.0,0.0,0.0,2044
k326,0.0,0.0,0.0,0.0,0.0,0.137137493,0.0,0.0,0.0,0.0,1828
k14,0.0,0.0,0.0,0.0,0.0,0.0,0.0,0.0,0.0,0.0,1145
k1275,0.0,0.0,0.0,0.0,0.0,0.0,0.0,0.0,0.0,0.0,1411
k2141,0.130434783,0.0,0.0,0.153846154,0.0769,0.0,0.0714,0.0,0.173023654,0.0,413
k2423,0.0,0.0,0.0,0.0,0.230769231,0.0,0.0,0.0,0.0,0.0,32
k111,0.0,0.0,0.0,0.0,0.0,0.0,0.0,0.0,0.0,0.0,778
k418,0.0,0.0,0.0,0.0,0.0,0.0,0.0,0.0,0.0,0.0,2036
k2382,0.0,0.0,0.0,0.0,0.0,0.0,0.0,0.0,0.418961182,0.0,451
k1977,0.0,0.0,0.0,0.0,0.0385,0.0,0.0,0.0,0.0,0.0,653
k1597,0.0,0.0,0.0,0.0,0.0385,0.0744,0.0,0.0,0.392014195,0.0,1470
k438,0.0,0.0,0.0,0.0,0.0,0.0,0.0,0.0,0.0818,0.0,3378
k1510,0.0,0.614188097,0.0,0.0,0.0769,0.0,0.0,0.0,0.251247782,0.0,956
k1406,0.0,0.0,0.0,0.0,0.153846154,0.0,0.0,0.0,0.0,0.0,2911
k800,0.0,0.0,0.0,0.0,0.0769,0.0,0.0,0.0,0.22137122,0.0,1342
k2115,0.0,0.498349431,0.0,0.0,0.0,0.0,0.0,0.0,0.108777237,0.0,3098
k1486,0.0,0.0,0.0,0.0,0.0,0.0,0.0,0.0,0.0,0.0,2541
k2059,0.0,0.0,0.0,0.0,0.0,0.0,0.0,0.0,0.0,0.0,1672
k1071,0.0,0.0,0.0,0.0,0.0,0.0,0.0,0.0,0.0,0.0,2616
