Key_2_7,D582,D548,D120,D25,D454,D375,D742,D531,D555,D461,Key_3_23
k2082,0.0,0.0,0.0,0.645629455,0.0,0.0,0.0,0.0,0.0,0.0,255
k2784,0.0,0.0,0.0,0.61322118,0.0,0.0,0.0,0.0,0.0,0.0,1111
k738,0.0,0.0,0.0,0.479644178,0.0,0.0,0.0,0.0,0.0,0.0,947
k1670,0.0,0.0,0.0,0.451200298,0.0,0.0,0.0,0.0,0.0,0.0,1416
k1494,0.0,0.0,0.0,0.468375895,0.0,0.0,0.0,0.0,0.0,0.0833,2473
k411,0.0,0.0,0.0,0.445053956,0.0,0.0,0.0,0.0,0.0,0.0,1316
k2736,0.0,0.0,0.0,0.521336846,0.0,0.0,0.0,0.0,0.0,0.0,2496
k148,0.0,0.0,0.0,0.555107552,0.0,0.0,0.0,0.0,0.0,0.0,3415
k2483,0.0,0.0,0.0,0.523146597,0.0,0.0,0.0,0.0,0.0,0.0833,458
k1039,0.0,0.0,0.0,0.548073417,0.0,0.0,0.0,0.0,0.0,0.166666667,1450
k3194,0.0,0.0,0.0,0.47121004,0.0,0.0,0.0,0.0,0.0,0.0,496
k3324,0.069,0.0,0.0,0.461717362,0.0147,0.0,0.0,0.0,0.166666667,0.0,562
k1887,0.069,0.0,0.0,0.517333524,0.0,0.0,0.0,0.0,0.0,0.0,819
k415,0.0,0.0,0.188100398,0.440478349,0.0,0.0,0.0222,0.0,0.0,0.0,1749
k2765,0.0,0.0,0.0,0.465951506,0.0,0.0,0.0,0.0,0.0,0.0,1985
k201,0.0,0.0,0.0,0.555483169,0.0,0.0909,0.0889,0.0,0.0,0.166666667,2976
k2132,0.0,0.0,0.0,0.546673421,0.0,0.0,0.0444,0.0,0.0,0.0,1205
k2802,0.0,0.0,0.0,0.562858778,0.0,0.0,0.0,0.0,0.0,0.0833,2167
k1534,0.0,0.0,0.0,0.499961241,0.0,0.0,0.0,0.0,0.0,0.0833,2783
k2092,0.0,0.0,0.0,0.532741711,0.0,0.0,0.0444,0.0,0.0,0.0,2842
k2376,0.0,0.0,0.0,0.46991248,0.0,0.0,0.0,0.0,0.0,0.0,2571
k2069,0.0,0.0,0.0,0.438600301,0.0,0.0,0.0,0.0,0.0,0.0,870
k188,0.0,0.0,0.0,0.427536892,0.0,0.0,0.0,0.0,0.0,0.0,500
k2750,0.0,0.0,0.0,0.466634433,0.0,0.0,0.0889,0.0,0.0,0.0,339
k1619,0.0,0.0,0.0,0.478722228,0.0,0.0,0.0,0.0,0.0,0.0,1151
k1358,0.0,0.0,0.0,0.67697579,0.0,0.0,0.111111111,0.0,0.0,0.0833,1950
k1435,0.0,0.0,0.0,0.455878341,0.0,0.0,0.0,0.0,0.0,0.0,1791
k729,0.069,0.0,0.0,0.443858835,0.0588,0.0,0.0222,0.0,0.0,0.0,307
k297,0.0,0.0,0.0,0.455673463,0.0,0.0,0.0,0.0,0.0,0.0,411
k496,0.0,0.0,0.0,0.4631638,0.0,0.0,0.0,0.0,0.0,0.0,1482
k1736,0.0,0.0,0.0,0.488624661,0.0,0.0,0.0,0.0,0.0,0.0,785
k812,0.0,0.0,0.0,0.491322221,0.0,0.0,0.0,0.0,0.0,0.0,2832
k838,0.0,0.0,0.0,0.45458078,0.0,0.0,0.0,0.0,0.0,0.0,574
k2005,0.0,0.0,0.0,0.413707632,0.0,0.0,0.0,0.0,0.0,0.0,2142
k1806,0.0,0.0,0.0,0.492858809,0.0,0.0,0.0,0.0,0.0,0.0,1921
k2412,0.0,0.0,0.0,0.587573876,0.0,0.0,0.0,0.0,0.0,0.0,635
k897,0.0,0.0,0.0,0.460574485,0.0,0.363636364,0.0444,0.0,0.0,0.0,1068
k3265,0.0,0.0,0.0,0.493811488,0.0,0.0,0.0,0.0,0.0,0.0,528
k3347,0.0,0.0,0.0,0.451985663,0.0,0.0,0.0,0.0,0.0,0.0,3184
k679,0.0,0.0,0.0,0.465678335,0.0,0.0,0.0,0.0,0.0,0.0,3248
k643,0.0,0.0,0.0,0.50829295,0.0,0.0,0.0444,0.0,0.0,0.0,603
k2934,0.0,0.0,0.0,0.482136867,0.0,0.0,0.0,0.0,0.0,0.0,879
k1839,0.0,0.0,0.0,0.566273407,0.0,0.0,0.0,0.0,0.0,0.166666667,1096
k3193,0.0,0.0,0.0,0.465200287,0.0,0.0,0.0,0.0,0.0,0.0,2655
k1503,0.0345,0.0,0.0,0.437371035,0.0,0.0,0.0,0.0,0.333333333,0.0,2924
k3297,0.0,0.0,0.0,0.494941738,0.0,0.0,0.0444,0.0,0.0,0.0,1380
k810,0.0,0.0,0.0,0.479507593,0.0,0.0,0.0,0.0,0.0,0.0,1673
k478,0.0,0.0,0.0,0.62916069,0.0,0.0,0.0,0.0,0.0,0.0,435
k2328,0.0,0.0,0.0,0.547458776,0.0,0.0909,0.0444,0.0,0.0,0.0,3228
k1635,0.0,0.0,0.0,0.479644178,0.0,0.0,0.0,0.0,0.0,0.0,2938
k360,0.0,0.0,0.0,0.501941731,0.0,0.0,0.0,0.0,0.0,0.0,1255
k1558,0.137931034,0.666666667,0.0,0.56401975,1.0,0.0,0.222222222,0.0,0.0,0.166666667,1883
k35,0.0,0.0,0.0,0.408141781,0.0,0.0,0.0,0.0,0.0,0.0,1966
k2453,0.0,0.0,0.0,0.500439296,0.0,0.0,0.0,0.0,0.0,0.0833,408
k1607,0.0,0.0,0.0,0.606975821,0.0,0.0,0.0,0.0,0.0,0.0,3223
k436,0.0,0.0,0.0,0.445190545,0.0,0.0,0.0,0.0,0.0,0.0,488
k1792,0.0,0.0,0.0,0.507234411,0.0,0.0,0.0,0.0,0.0,0.0,2063
k3015,0.0,0.166666667,0.723601907,0.390932034,0.0,0.0,0.0,0.0,0.0,0.0,2321
k3333,0.0,0.0,0.0,0.429722257,0.0,0.0,0.0,0.0,0.0,0.0,1222
k2928,0.0,0.0,0.0,0.579727058,0.0,0.0,0.0,0.0,0.0,0.0833,2203
k1596,0.0,0.0,0.0,0.47780028,0.0588,0.0,0.0,0.0,0.0,0.0,580
k3281,0.0,0.0,0.0,0.493336854,0.0,0.0,0.0,0.0,0.0,0.0,185
k1168,0.0,0.0,0.0,0.539605122,0.0,0.0909,0.0222,0.0,0.0,0.0833,3122
k2122,0.0,0.0,0.0,0.615785569,0.0,0.0,0.0222,0.0,0.0,0.0833,184
k2916,0.0,0.0,0.0,0.488761253,0.0,0.0,0.0,0.0,0.0,0.0,3182
k2826,0.0,0.0,0.0,0.503649047,0.0,0.0,0.0,0.0,0.0,0.0,1078
k673,0.0,0.0,0.0,0.653619701,0.0,0.0,0.0,0.0,0.0,0.0,2919
k2687,0.0,0.0,0.0,0.507849048,0.0,0.0,0.0,0.0,0.0,0.0,2781
k1183,0.0,0.0,0.0,0.586590462,0.0,0.272727273,0.0222,0.0,0.0,0.0,3104
k3264,0.0,0.0,0.0,0.490912468,0.0,0.0,0.0,0.0,0.0,0.0,2648
k1118,0.0,0.0,0.0,0.553161222,0.0,0.0,0.0,0.0,0.0,0.0,650
k2230,0.0,0.0,0.0,0.509488068,0.0,0.0,0.0,0.0,0.0,0.0,69
k2497,0.0,0.0,0.0,0.428288111,0.0,0.0,0.0,0.0,0.0,0.0,3384
k913,0.0,0.0,0.0,0.378741797,0.0,0.0,0.0,0.0,0.0,0.0,1566
k3307,0.0,0.0,0.0,0.628556293,0.0,0.0,0.0,0.0,0.0,0.0833,324
k3239,0.103448276,0.0833,0.0,0.602844122,0.0147,0.0,0.0222,0.0,0.0,0.25,1760
k1978,0.0,0.0,0.0,0.487668568,0.0,0.0,0.0,0.0,0.0,0.0,1939
k650,0.0,0.0,0.0,0.538205126,0.0,0.0,0.0,0.0,0.0,0.0,868
k1882,0.0,0.0,0.0,0.494771003,0.0,0.0,0.0,0.0,0.0,0.333333333,1522
k3043,0.0,0.0,0.0,0.479883209,0.0,0.0,0.0,0.0,0.0,0.0,2199
k420,0.0,0.0,0.0,0.372971068,0.0,0.0,0.0,0.0,0.0,0.0,2784
k2405,0.0,0.0,0.0,0.499995394,0.0,0.0,0.0889,0.0,0.0,0.166666667,3024
k697,0.0,0.0,0.0,0.451439319,0.0,0.0,0.0,0.0,0.0,0.0,2844
k969,0.0,0.0,0.0622,0.522975862,0.0,0.0,0.0444,0.0,0.0,0.0,360
k3211,0.0,0.0,0.176359399,0.416678361,0.0,0.0,0.0,0.0,0.0,0.0,3179
k326,0.0,0.0,0.0,0.466463701,0.0,0.0,0.0,0.0,0.0,0.0,199
k1129,0.0,0.0,0.0,0.514473435,0.0,0.0909,0.0,0.0,0.0,0.0,2717
k2094,0.0,0.0,0.0,0.484595402,0.0,0.0909,0.0889,0.0,0.0,0.166666667,847
k2194,0.0,0.0,0.0,0.484868569,0.0,0.0,0.0,0.0,0.0,0.0,34
k3033,0.0,0.0,0.0,0.480395401,0.0,0.0,0.0,0.0,0.0,0.0,386
k830,0.0,0.0,0.0,0.65440506,0.0,0.0,0.0,0.0,0.0,0.166666667,1086
k286,0.0345,0.0,0.0,0.38188326,0.0,0.0,0.0,0.0,0.0,0.0,2553
k94,0.0,0.0,0.0,0.535370984,0.0,0.0,0.0444,0.0,0.0,0.0833,2287
k300,0.0,0.0,0.0,0.588570949,0.0,0.0,0.0,0.0,0.0,0.0,2808
k869,0.0,0.0,0.493452659,0.405614953,0.0,0.0,0.0,0.0,0.0,0.0833,2095
k241,0.0,0.0,0.319528459,0.492029733,0.0,0.0,0.0,0.0,0.0,0.0,3260
k2526,0.0,0.0,0.0,0.45318283,0.0,0.454545455,0.0444,0.0,0.0,0.0833,3172
k1928,0.0,0.0,0.0,0.506790509,0.0,0.0,0.0,0.0,0.0,0.0,2436
k2041,0.0345,0.0,0.0,0.556575851,0.0,0.0,0.0,0.0,0.0,0.0,1054
k1772,0.0,0.0,0.0,0.433102744,0.0,0.0,0.0,0.0,0.0,0.0,460
k1552,0.069,0.0,0.0,0.527449034,0.0,0.0,0.0,0.0,0.0,0.166666667,3232
k1603,0.0,0.0,0.0,0.558931941,0.0,0.0,0.0,0.0,0.0,0.166666667,380
k1591,0.0,0.0,0.0,0.519834401,0.0,0.0,0.0222,0.0,0.0,0.0,674
k2053,0.0,0.0,0.0,0.46721492,0.0,0.0909,0.0444,0.0,0.0,0.0,943
k3077,0.103448276,0.0833,0.0,0.545307568,0.0147,0.0,0.0,0.0,0.0,0.0,379
k946,0.0,0.0,0.0,0.553434389,0.0,0.0,0.0889,0.0,0.0,0.0,2397
k1791,0.069,0.0,0.0,0.398922273,0.0,0.0,0.0,0.0,0.0,0.0,1300
k1020,0.137931034,0.0833,0.0,0.498049046,0.0294,0.181818182,0.155555556,0.0,0.0833,0.0833,71
k1580,0.137931034,0.333333333,0.0,0.361839367,0.0588,0.363636364,0.0,0.0,0.0833,0.0,3368
k160,0.0,0.0,0.0,0.587990472,0.0,0.0,0.0,0.0,0.0,0.0,1636
k1511,0.0,0.0,0.0,0.495966124,0.0,0.0,0.0,0.0,0.0,0.0,2060
k2235,0.0,0.0,0.0,0.461614923,0.0,0.0,0.0,0.0,0.0,0.0,2357
k877,0.069,0.0,0.540376685,0.355112541,0.0147,0.0,0.0,0.0,0.0,0.0,1837
k203,0.0,0.0,0.0,0.496683197,0.0,0.0,0.0,0.0,0.0,0.0,205
k1626,0.0,0.0,0.0,0.559853891,0.0,0.0,0.0,0.0,0.0,0.0,1043
k1738,0.0,0.0,0.0,0.447546634,0.0,0.0,0.0,0.0,0.0,0.0,3382
k452,0.0345,0.0,0.0,0.366619855,0.0,0.0,0.0,0.0,0.0833,0.0,2555
k543,0.0,0.0,0.0,0.5685735,0.0,0.0,0.0,0.0,0.0,0.0,2465
k3371,0.0,0.0,0.0,0.571156335,0.0,0.0,0.0,0.0,0.0,0.0,1350
k3008,0.0,0.0,0.0,0.473258823,0.0,0.0,0.0,0.0,0.0,0.0,547
k1055,0.069,0.0,0.0,0.552444139,0.0,0.0,0.0,0.0,0.0,0.0833,1995
k764,0.0,0.0,0.0,0.516658796,0.0,0.0,0.0,0.0,0.0,0.0,2779
k1568,0.0,0.0,0.0,0.4599759,0.0,0.0,0.0,0.0,0.0,0.0,186
k718,0.137931034,0.166666667,0.0,0.513244167,0.0294,0.0,0.0667,0.0,0.166666667,0.0833,3073
k758,0.0,0.0,0.0,0.524785617,0.0,0.0,0.0222,0.0,0.0,0.0,1904
k1644,0.0,0.0,0.0,0.501578417,0.0,0.0,0.0,0.0,0.0,0.0,11
k3,0.0,0.0,0.0,0.494292954,0.0,0.0,0.0444,0.0,0.0,0.0,2825
k2193,0.0,0.0,0.0,0.509146605,0.0,0.0,0.111111111,0.0,0.0,0.166666667,2438
k1280,0.0,0.0,0.0,0.483213497,0.0,0.181818182,0.0,0.0,0.0,0.0,1900
k2974,0.069,0.0,0.0,0.535473423,0.0,0.0,0.0,0.0,0.0,0.0833,690
k1740,0.0,0.0,0.0,0.429141771,0.0,0.0,0.0,0.0,0.0,0.0,2584
k3280,0.0,0.0,0.65574706,0.397044226,0.0,0.0,0.0,0.0,0.0,0.0,3128
k2867,0.0,0.0,0.0,0.485210032,0.0,0.0,0.0,0.0,0.0,0.0,1286
k3069,0.0,0.0,0.0,0.517136841,0.0,0.0,0.0889,0.0,0.0,0.333333333,981
k2379,0.0,0.0,0.0,0.574434371,0.0,0.0,0.0,0.0,0.0,0.0,1391
k710,0.069,0.0,0.0,0.442527128,0.0,0.0,0.0222,0.0,0.0,0.0,395
k3142,0.0,0.0,0.0,0.455024683,0.0,0.0,0.0,0.0,0.0,0.0,2371
k75,0.0,0.0,0.0,0.530966102,0.0,0.0,0.0,0.0,0.0,0.0,1930
k762,0.0,0.0,0.0,0.492611586,0.0,0.0,0.0,0.0,0.0,0.0,510
k2725,0.0,0.0,0.0,0.517751482,0.0,0.0,0.0,0.0,0.0,0.0,1798
k1729,0.069,0.0,0.0,0.457995416,0.0,0.0,0.0,0.0,0.0,0.0,658
k2437,0.0,0.0,0.598431077,0.391683253,0.0,0.0909,0.0,0.0,0.0,0.0,1329
k2382,0.0,0.0,0.0,0.434092987,0.0,0.0,0.0,0.0,0.0,0.0,156
k583,0.0,0.0,0.0,0.46916126,0.0,0.0,0.0,0.0,0.0,0.0,961
k1441,0.0,0.0,0.0,0.514644163,0.0,0.0,0.0,0.0,0.0,0.0,1069
k1998,0.0,0.0,0.0,0.325200366,0.0,0.0,0.0,0.0,0.0,0.0,381
k3143,0.0,0.0,0.0,0.577370955,0.0,0.0,0.0444,0.0,0.0,0.0833,103
k804,0.069,0.0,0.0,0.478483207,0.0588,0.0,0.0222,0.0,0.0,0.0833,2926
k1412,0.0,0.0,0.0,0.489034421,0.0,0.0,0.0,0.0,0.0,0.0,834
k3022,0.0,0.0,0.0,0.572522184,0.0,0.0,0.0,0.0,0.0,0.0,2019
k984,0.0,0.0,0.0,0.48049784,0.0,0.0,0.0,0.0,0.0,0.0,958
k822,0.0,0.0,0.0,0.424668601,0.0,0.0,0.0,0.0,0.0,0.0,2687
k3174,0.0,0.0,0.0,0.709244069,0.0,0.0,0.0222,0.0,0.0,0.0833,1987
k434,0.0,0.0,0.0,0.459736879,0.0,0.0,0.0,0.0,0.0,0.0,421
k1613,0.0,0.0,0.0,0.459327119,0.0,0.0,0.0,0.0,0.0,0.0,1657
k2923,0.0,0.0,0.0,0.521780748,0.0,0.0,0.0,0.0,0.0,0.0,2937
k1427,0.0,0.0,0.0,0.464517361,0.0,0.0,0.0,0.0,0.0,0.0,1248
k1873,0.0,0.0,0.0,0.549097796,0.0,0.0,0.0667,0.0,0.0,0.0,3155
k1990,0.0,0.0,0.100472121,0.401756419,0.0,0.0,0.0,0.0,0.0,0.0,2191
k480,0.0,0.0,0.617315426,0.471154036,0.0,0.0,0.0,0.0,0.0,0.0,242
k2579,0.0,0.0,0.0,0.538853909,0.0,0.0,0.0,0.0,0.0,0.0833,2449
k1658,0.0,0.0,0.0,0.712283085,0.0,0.0,0.0,0.0,0.0,0.0,1063
k2179,0.0,0.0,0.0,0.458644193,0.0,0.0,0.0,0.0,0.0,0.0,480
k1668,0.0,0.0,0.191552923,0.456253954,0.0,0.0,0.0444,0.0,0.0,0.0,2761
k659,0.0,0.0,0.0,0.53117098,0.0,0.0,0.0,0.0,0.0,0.0,764
k1702,0.0,0.0,0.0,0.389190572,0.0,0.0,0.0,0.0,0.0,0.0,1398
k1306,0.172413793,0.0,0.0,0.450278344,0.0,0.0,0.0,0.0,0.0,0.0,1518
k1724,0.0,0.0,0.0,0.517000259,0.0,0.0,0.0,0.0,0.0,0.333333333,1148
k1296,0.0,0.0,0.0,0.583073401,0.0,0.0,0.0,0.0,0.0,0.0,2984
k3113,0.0,0.0,0.0,0.41558568,0.0,0.0,0.0,0.0,0.0,0.0,1889
k2070,0.0,0.0,0.0,0.581675441,0.0,0.454545455,0.133333333,0.0,0.0,0.25,3327
k537,0.0,0.0,0.0,0.580478274,0.0,0.0,0.0222,0.0,0.0,0.0833,762
k757,0.0,0.0,0.0,0.480258815,0.0,0.0,0.0,0.0,0.0,0.0,3095
k974,0.0,0.0,0.0,0.602116792,0.0,0.0,0.0,0.0,0.0,0.0,3403
k2345,0.0,0.0,0.0,0.604961188,0.0,0.0,0.0,0.0,0.0,0.0,979
k3117,0.0,0.0,0.0,0.457585657,0.0,0.0,0.0,0.0,0.0,0.0,2325
k1310,0.0,0.0,0.0,0.529736834,0.0,0.0,0.0,0.0,0.0,0.0833,741
k691,0.0,0.0,0.0,0.497946607,0.0,0.0,0.0,0.0,0.0,0.0,2704
k3203,0.0,0.0,0.0,0.455179366,0.0,0.181818182,0.0,0.0,0.0,0.0,3049
k329,0.0,0.0,0.0,0.57286364,0.0,0.0,0.0,0.0,0.0,0.0,3112
k1837,0.0,0.0,0.0,0.537146586,0.0,0.0,0.0,0.0,0.0,0.0,1202
k2178,0.0,0.0,0.0,0.457961266,0.117647059,0.0,0.0,0.0,0.0,0.0,2458
k3418,0.0,0.0,0.0,0.458985656,0.0,0.0,0.0,0.0,0.0,0.0,3063
k2097,0.0,0.0,0.0,0.522634399,0.0,0.0,0.0,0.0,0.0,0.0,2340
k1452,0.0,0.0,0.0,0.534961225,0.0,0.0,0.0444,0.0,0.0,0.0,3022
k1288,0.0,0.0,0.0,0.474727115,0.0,0.0,0.0,0.0,0.0,0.0,1524
k2652,0.0,0.0,0.0,0.51753636,0.0,0.0,0.0,0.0,0.0,0.0,2758
k2665,0.0,0.0,0.0,0.46759053,0.0,0.0,0.0,0.0,0.0,0.0,1956
k2657,0.0,0.0,0.0,0.40824422,0.0,0.0,0.0,0.0,0.0,0.0,2056
k761,0.0,0.0,0.0,0.619063622,0.0,0.0,0.0,0.0,0.0,0.0,2513
k2417,0.0,0.0,0.0,0.491936858,0.0,0.0,0.0,0.0,0.0,0.0,3178
k2359,0.103448276,0.0,0.0,0.512390506,0.0,0.0909,0.0,0.0,0.0,0.0,2359
k1974,0.0,0.0,0.0,0.43006372,0.0,0.0,0.0,0.0,0.0,0.0,1726
k1888,0.0,0.0,0.0,0.445839322,0.0,0.0,0.0,0.0,0.0,0.0,960
k815,0.0,0.0,0.0,0.578805111,0.0,0.0,0.0,0.0,0.0,0.0,803
k1779,0.0,0.0,0.0,0.484731984,0.0,0.0,0.0,0.0,0.0,0.0833,68
k1483,0.0,0.0,0.0,0.538205126,0.0,0.0,0.0,0.0,0.0,0.0,749
k2689,0.0,0.0,0.0,0.375702773,0.0,0.0,0.0,0.0,0.0,0.0,2037
k1422,0.0,0.0,0.0,0.605951424,0.0,0.0,0.0,0.0,0.0,0.0,81
k768,0.0,0.0,0.0,0.536292932,0.0,0.0,0.0,0.0,0.0,0.0,2880
k191,0.0,0.0,0.0,0.525878303,0.0,0.0,0.0,0.0,0.0,0.0,849
k492,0.0,0.0,0.0,0.404863734,0.0,0.0909,0.0,0.0,0.0,0.0,998
k2523,0.0,0.0,0.0,0.506815094,0.0,0.0,0.0,0.0,0.0,0.0,2124
k3393,0.0,0.0,0.0,0.531034398,0.0,0.0,0.0,0.0,0.0,0.166666667,1453
k2435,0.0,0.0,0.0,0.54073195,0.0,0.0,0.0889,0.0,0.0,0.0,2420
k3370,0.0,0.0,0.0,0.445224688,0.0,0.0,0.0,0.0,0.0,0.0,2322
k1653,0.0,0.0,0.0,0.490058807,0.0,0.0,0.0444,0.0,0.0,0.0,1354
k1671,0.0,0.0,0.0,0.474317355,0.0,0.0,0.133333333,0.0,0.0,0.25,636
k742,0.0,0.0,0.0,0.41985397,0.0,0.0,0.0,0.0,0.0,0.0,980
k1759,0.206896552,0.0,0.0,0.431429573,0.0147,0.0,0.0,0.0,0.0833,0.0,201
k878,0.0,0.0,0.0,0.510751479,0.0,0.0,0.0,0.0,0.0,0.0,1844
k2231,0.137931034,0.0,0.0,0.47780028,0.0,0.0,0.0,0.0,0.0833,0.0,2882
k657,0.0345,0.0,0.632714751,0.498049046,0.0,0.0,0.0,0.0,0.0,0.0,1185
k385,0.0,0.0,0.0,0.517478304,0.0,0.0,0.0,0.0,0.0,0.0,810
k2300,0.0,0.0,0.0,0.420092994,0.0,0.0,0.0,0.0,0.0,0.0,373
k2482,0.0,0.0,0.0,0.537283179,0.0,0.0,0.0,0.0,0.0,0.0,1911
k2957,0.0,0.0,0.0,0.595536799,0.0,0.0909,0.0889,0.0,0.0,0.0,2382
k939,0.0345,0.0,0.0,0.515634406,0.0294,0.0,0.0,0.0,0.0,0.166666667,2401
k880,0.0,0.0,0.0,0.573239257,0.0,0.0,0.0,0.0,0.0,0.166666667,484
k1156,0.0,0.0,0.0,0.529600249,0.0,0.0,0.0,0.0,0.0,0.166666667,1001
k36,0.0,0.0,0.0,0.584842171,0.0,0.0,0.0,0.0,0.0,0.0,2405
k2333,0.0,0.0,0.0,0.484083204,0.0,0.0,0.0,0.0,0.0,0.0,897
k2552,0.0,0.0,0.0,0.451200298,0.0,0.0,0.0,0.0,0.0,0.0,2955
k844,0.0,0.0,0.0,0.445327127,0.0,0.0,0.0,0.0,0.0,0.0,1323
k2487,0.0,0.0,0.0,0.524888056,0.0,0.0,0.0,0.0,0.0,0.0,2595
k1065,0.0,0.0,0.0,0.399596322,0.0,0.0,0.0,0.0,0.0,0.0,2273
k3102,0.0,0.0,0.0,0.493746613,0.0,0.0,0.0,0.0,0.0,0.0,1506
k831,0.0,0.0,0.0,0.507917337,0.0,0.0,0.0,0.0,0.0,0.0,2967
k2327,0.0,0.0,0.0,0.552785609,0.0,0.0,0.0,0.0,0.0,0.0,1385
k2121,0.0,0.0,0.0,0.544453906,0.0,0.0,0.0,0.0,0.0,0.0,921
k1051,0.0,0.0,0.0,0.567707546,0.0,0.0,0.0,0.0,0.0,0.0,3313
k2248,0.0,0.0,0.0,0.629614836,0.0,0.0,0.0,0.0,0.0,0.0,283
k3114,0.206896552,0.333333333,0.693160046,0.249609615,0.0882,0.0,0.0222,0.181818182,0.166666667,0.0,498
k916,0.0,0.0,0.0,0.563644133,0.0,0.0,0.0,0.0,0.0,0.0,218
k1361,0.0,0.0,0.0,0.506414899,0.0,0.0,0.0667,0.0,0.0,0.0833,416
k802,0.0,0.0,0.0,0.512697826,0.0,0.0,0.0,0.0,0.0,0.0,2415
k2629,0.0,0.0,0.0,0.532468547,0.0,0.0,0.0889,0.0,0.0,0.0,1535
k2740,0.103448276,0.0833,0.0,0.427775917,0.0147,0.0,0.0,0.0,0.0,0.0,1240
k451,0.0,0.0,0.0,0.459736879,0.0,0.0,0.0,0.0,0.0,0.0,2523
k347,0.0,0.0,0.0,0.549268531,0.0,0.0,0.0,0.0,0.0,0.0,173
k2746,0.0,0.0,0.0,0.415107631,0.0,0.0,0.0,0.0,0.0,0.0,2931
k1914,0.0,0.0,0.0,0.514336843,0.0,0.0,0.0,0.0,0.0,0.0833,1604
k3055,0.0,0.0,0.0,0.430439331,0.0,0.0,0.0,0.0,0.0,0.0,579
k3286,0.0,0.0,0.0,0.565488031,0.0,0.0,0.0222,0.0,0.0,0.0833,537
k1886,0.0,0.0,0.0,0.475171017,0.0,0.0,0.0,0.0,0.0,0.0,109
k2124,0.0,0.0,0.0,0.512595383,0.0,0.0,0.0444,0.0,0.0,0.0,1608
k3224,0.0,0.0,0.0,0.517478304,0.0,0.0,0.0,0.0,0.0,0.0,1108
k1113,0.0,0.0,0.0,0.588434374,0.0,0.272727273,0.0,0.0,0.0,0.0,132
k397,0.137931034,0.0,0.0,0.463185654,0.0,0.0,0.0,0.0,0.0833,0.0,202
k514,0.0,0.0,0.0,0.50163441,0.0,0.0,0.0,0.0,0.0,0.0,2251
k1297,0.0,0.0,0.0,0.457039312,0.0,0.0,0.0,0.0,0.0,0.0,2871
k3249,0.069,0.0,0.0,0.513244167,0.0,0.0,0.0,0.0,0.0,0.0,72
k3384,1.0,0.75,1.0,0.0,0.308823529,1.0,0.955555556,1.0,0.75,0.166666667,969
k1908,0.0,0.0,0.0,0.554800242,0.0,0.0,0.0,0.0,0.0,0.0833,2500
k3411,0.0,0.0,0.0,0.499517338,0.0,0.0,0.0,0.0,0.0,0.0,1204
k1478,0.0,0.0,0.0,0.444883225,0.0,0.0,0.0,0.0,0.0,0.0,2215
k3413,0.069,0.0,0.0,0.572351449,0.0,0.0,0.0,0.0,0.0,0.0,3132
k1994,0.0,0.0,0.0,0.545785616,0.0,0.0,0.0444,0.0,0.0,0.0,1610
k1715,0.0,0.0,0.0,0.459429558,0.0,0.0,0.0,0.0,0.0,0.0,3253
k2147,0.0,0.0,0.0,0.51058075,0.0,0.0,0.0889,0.0,0.0,0.166666667,1926
k1362,0.0,0.0,0.0,0.535644152,0.0,0.0,0.0,0.0,0.0,0.0,1055
k902,0.0,0.0,0.0,0.543497799,0.0,0.0,0.0,0.0,0.0,0.166666667,589
k616,0.0,0.0,0.0,0.49466856,0.0,0.0,0.0,0.0,0.0,0.0,1363
k2904,0.0,0.0,0.0,0.486985641,0.0,0.0,0.0444,0.0,0.0,0.0,1444
k2843,0.0,0.0,0.0,0.553400246,0.0588,0.0,0.0,0.0,0.0,0.0,2096
k213,0.0,0.0,0.0,0.54875634,0.0,0.0,0.0,0.0,0.0,0.166666667,843
k944,0.206896552,0.166666667,0.0,0.418385678,0.0294,0.0909,0.0,0.0,0.0833,0.0,2058
k2964,0.0,0.0,0.0,0.447171028,0.0,0.0,0.0,0.0,0.0,0.0,2475
k1340,0.0,0.0,0.0,0.577644122,0.0,0.0,0.0,0.0,0.0,0.0833,616
k3326,0.0,0.0,0.0,0.534551466,0.0,0.0,0.0,0.0,0.0,0.0,699
k1855,0.0,0.0,0.0,0.421663725,0.0,0.0,0.0,0.0,0.0,0.0,3142
k3387,0.0,0.0,0.0,0.562414872,0.0,0.0,0.0,0.0,0.0,0.0,3429
k2218,0.0,0.0,0.0,0.42617104,0.0,0.0,0.0,0.0,0.0,0.0,1206
k458,0.0345,0.0,0.0,0.480702718,0.0,0.0,0.0,0.0,0.0,0.0,1463
k170,0.0,0.0,0.0,0.555585601,0.0,0.0,0.0,0.0,0.0,0.0833,2230
k1940,0.0,0.0,0.0,0.605951424,0.0,0.0,0.0,0.0,0.0,0.0833,1586
k1701,0.0,0.0,0.0,0.563466576,0.0,0.0,0.0,0.0,0.0,0.0,817
k1384,0.069,0.166666667,0.0,0.302502277,0.0294,0.0,0.0,0.0,0.0,0.0,3227
k1071,0.0,0.0,0.0,0.466907603,0.0,0.0,0.0,0.0,0.0,0.0,3108
k2212,0.0345,0.0833,0.0,0.360653465,0.0,0.0,0.0,0.0,0.0,0.0,1786
k3095,0.0,0.0,0.0,0.519083188,0.0,0.0,0.0,0.0,0.0,0.0,3204
k3216,0.0,0.0,0.0,0.588400214,0.0,0.0,0.0222,0.0,0.0,0.0833,2612
k2003,0.0,0.0,0.0,0.392504814,0.0,0.454545455,0.0222,0.0,0.0,0.166666667,2074
k1072,0.0,0.0,0.0,0.595116799,0.0,0.0,0.0,0.0,0.0,0.0,2493
k1515,0.0,0.0,0.0,0.546673421,0.0,0.0,0.111111111,0.0,0.0,0.166666667,3317
k2764,0.0,0.0,0.0,0.478175886,0.0,0.0,0.0444,0.0,0.0,0.0,208
k1894,0.0,0.0,0.0,0.421356408,0.0,0.0,0.0,0.0,0.0,0.0,1720
k696,0.0,0.0,0.0,0.5291905,0.0882,0.0,0.0,0.0,0.0,0.0,1702
k2768,0.0,0.0,0.0,0.423575918,0.0,0.0,0.0,0.0,0.0,0.0,1105
k1395,0.0,0.0,0.0,0.480771014,0.0,0.0,0.0,0.0,0.0,0.0,1525
k1638,0.0,0.0,0.0,0.480019791,0.0,0.0,0.0,0.0,0.0,0.0,1888
k2734,0.0,0.0,0.0,0.441263714,0.0,0.0,0.0,0.0,0.0,0.0,1722
k2335,0.0,0.0,0.0,0.515190504,0.0,0.0,0.0444,0.0,0.0,0.0,2961
k789,0.0,0.0,0.0,0.554629507,0.0,0.0,0.0,0.0,0.0,0.0,2810
k182,0.069,0.0,0.0,0.614453859,0.0,0.0,0.0,0.0,0.0,0.0,251
k1648,0.0,0.0,0.0,0.560400239,0.0,0.181818182,0.133333333,0.0,0.0,0.25,2157
k2021,0.0,0.0,0.0,0.478312478,0.0,0.0,0.0,0.0,0.0,0.0,1195
k390,0.0,0.0,0.0,0.524307572,0.0,0.0,0.0,0.0,0.0,0.0833,1971
k1152,0.103448276,0.0,0.0,0.505834415,0.0,0.0,0.0,0.0,0.0,0.0,1834
k1979,0.0,0.0,0.0,0.562619754,0.0,0.0,0.0,0.0,0.0,0.0,2064
k216,0.0345,0.166666667,0.0,0.473292966,0.0,0.0,0.0,0.0,0.0833,0.0,123
k546,0.0,0.0,0.0,0.605234355,0.0,0.0,0.0,0.0,0.0,0.0,3365
k1331,0.0,0.0,0.0,0.53813683,0.0,0.0,0.0,0.0,0.0,0.0,1251
k3162,0.0,0.0,0.0,0.496428127,0.0,0.181818182,0.0,0.0,0.0,0.0,2136
k1820,0.0345,0.0,0.0,0.445429566,0.0,0.0,0.0,0.0,0.0833,0.0,1662
k1541,0.0,0.0,0.0,0.551112429,0.0,0.0,0.0,0.0,0.0,0.166666667,1492
k1937,0.0,0.0,0.0,0.480429544,0.0,0.0,0.0,0.0,0.0,0.0,2675
k3125,0.0,0.0,0.0,0.505185631,0.0,0.0,0.0,0.0,0.0,0.0,1936
k457,0.0,0.0,0.0,0.527858793,0.0,0.0,0.0667,0.0,0.0,0.0,222
k3237,0.0,0.0,0.0,0.462844191,0.0,0.0,0.0,0.0,0.0,0.0,383
k1523,0.172413793,0.0,0.0,0.362214976,0.0,0.181818182,0.0,0.0,0.0,0.0,2285
k1824,0.0,0.0,0.0,0.452327123,0.0,0.0,0.0,0.0,0.0,0.0,1577
k646,0.0,0.0,0.0,0.513346606,0.0,0.0,0.0,0.0,0.0,0.0,3003
k3188,0.0,0.0,0.0,0.578429495,0.0,0.0,0.0,0.0,0.0,0.0,3417
k69,0.0,0.0,0.0,0.53741976,0.0,0.0,0.0,0.0,0.0,0.0833,720
k2869,0.0,0.0,0.0,0.576688029,0.0,0.0,0.0,0.0,0.0,0.166666667,2802
k2348,0.0,0.0,0.0,0.425351529,0.0,0.0,0.0,0.0,0.0,0.0,428
k1139,0.0,0.0,0.0,0.441207714,0.0,0.0,0.0,0.0,0.0,0.0,1584
k2190,0.0,0.0,0.0,0.627224587,0.0,0.0,0.0,0.0,0.0,0.0,2122
k373,0.0,0.0,0.0,0.470083211,0.0,0.0,0.0,0.0,0.0,0.0,2798
k595,0.069,0.166666667,0.719872034,0.410873487,0.0294,0.0,0.0,0.0,0.0833,0.0,1141
k2127,0.0,0.0,0.0,0.489410027,0.0,0.0,0.0,0.0,0.0,0.0,583
k2181,0.0,0.0,0.0,0.476502723,0.0,0.0,0.0,0.0,0.0,0.0,3011
k2751,0.0,0.0,0.0,0.455844194,0.0,0.0,0.0,0.0,0.0,0.0,1100
k706,0.0,0.0,0.654551609,0.337595477,0.0,0.0,0.0222,0.0,0.0,0.0,425
k1075,0.0,0.0,0.0,0.448092979,0.0,0.0,0.0,0.0,0.0,0.0,590
k501,0.103448276,0.0,0.0,0.529600249,0.0,0.0,0.0,0.0,0.0,0.0,2048
k805,0.0,0.0,0.0,0.455536878,0.0,0.0,0.0,0.0,0.0,0.0,451
k2118,0.0,0.0,0.0,0.45260029,0.0,0.0,0.0,0.0,0.0,0.0,2330
k3052,0.0,0.0,0.0,0.395951544,0.0,0.0,0.0,0.0,0.0,0.0,2014
k2330,0.0,0.0,0.0,0.549644148,0.0,0.0,0.0,0.0,0.0,0.0833,1046
k1538,0.0,0.0,0.0,0.55538072,0.0,0.0,0.0667,0.0,0.0,0.0,306
k1480,0.0,0.0,0.0,0.430917379,0.0,0.363636364,0.0,0.0,0.0,0.0,350
k3372,0.0,0.0,0.0,0.478414917,0.0,0.0,0.0,0.0,0.0,0.0,290
k2406,0.0,0.0,0.0,0.468785651,0.0,0.0,0.0,0.0,0.0,0.0,966
k3336,0.0,0.0,0.0,0.454819805,0.0,0.0,0.0,0.0,0.0,0.0,703
k1752,0.103448276,0.666666667,0.0,0.640541649,0.117647059,0.181818182,0.288888889,0.0,0.0,0.333333333,3192
k2823,0.0,0.0,0.0,0.438873472,0.0,0.0,0.0,0.0,0.0,0.0,2150
k3328,0.0,0.0,0.0,0.601273392,0.0,0.0,0.0,0.0,0.0,0.0,2609
k41,0.0345,0.0,0.0,0.589085193,0.0,0.454545455,0.133333333,0.0,0.0,0.0,3087
k1651,0.0,0.0,0.0,0.497024657,0.0,0.0,0.0,0.0,0.0,0.0,2715
k1691,0.0,0.0,0.0,0.595980701,0.0,0.0,0.0,0.0,0.0,0.0,2283
k177,0.0,0.0,0.0,0.493439293,0.0,0.0,0.0,0.0,0.0,0.166666667,2778
k400,0.0345,0.0,0.0,0.461068582,0.117647059,0.0,0.0,0.0,0.0,0.0,28
k1321,0.0,0.0,0.0,0.493814909,0.0,0.0,0.0,0.0,0.0,0.0,2865
k975,0.0,0.0,0.0,0.567639256,0.0,0.0,0.0,0.0,0.25,0.0,1979
k1347,0.0,0.0,0.0,0.430132013,0.0,0.0,0.0,0.0,0.0,0.0,1321
k175,0.0,0.0,0.0,0.519424652,0.0,0.0,0.0,0.0,0.0,0.0,2320
k2686,0.0,0.0,0.0,0.469754044,0.0,0.0,0.0,0.0,0.0,0.0,354
k1723,0.0,0.0,0.0,0.517170994,0.0,0.0,0.133333333,0.0,0.0,0.0,2025
k1035,0.0,0.0,0.0,0.422756407,0.0,0.0,0.0,0.0,0.0,0.0,424
k2075,0.0,0.0,0.0,0.418044215,0.0,0.0,0.0,0.0,0.0,0.0,2736
k3398,0.0,0.0,0.0,0.682302603,0.0,0.545454545,0.311111111,0.0,0.0,0.333333333,3009
k3275,0.069,0.0,0.769451326,0.455366146,0.0294,0.0,0.0,0.0,0.0833,0.0,1885
k2353,0.0,0.0,0.0,0.556405116,0.0,0.0,0.0,0.0,0.0,0.0,2022
k1095,0.137931034,0.166666667,0.0,0.327590608,0.0588,0.0,0.0,0.0,0.0,0.0,647
k1690,0.069,0.0833,0.0,0.475478327,0.0,0.0,0.0444,0.0,0.0,0.0833,708
k2504,0.0345,0.0,0.579707651,0.357775954,0.0588,0.0,0.0,0.0,0.0,0.0,991
k2607,0.0,0.0,0.0,0.482853936,0.0,0.0,0.0,0.0,0.0,0.0,136
k1574,0.0,0.0,0.0,0.438361277,0.0,0.0,0.0,0.0,0.0,0.0,2237
k926,0.0,0.0,0.0,0.482034428,0.0,0.0909,0.0,0.0,0.0,0.0,1961
k853,0.0,0.0,0.0,0.488317351,0.0,0.0,0.0,0.0,0.0,0.166666667,158
k2008,0.0,0.0,0.0,0.519151474,0.0,0.0,0.0444,0.0,0.0,0.0,1809
k553,0.0345,0.0,0.0,0.478483207,0.0,0.0,0.0,0.0,0.0,0.0,1684
k315,0.0,0.0,0.0,0.571531934,0.0,0.0,0.0444,0.0,0.0,0.0,1884
k1134,0.103448276,0.0,0.0,0.464449064,0.0,0.0,0.0,0.0,0.0,0.0,2869
k2511,0.0,0.0,0.0,0.43238567,0.0,0.0,0.0,0.0,0.0,0.0,384
k1365,0.0,0.0,0.663258976,0.349102788,0.235294118,0.0,0.0,0.0,0.0,0.0,2526
k999,0.137931034,0.416666667,0.417361305,0.311926665,0.0882,0.0,0.0444,0.0,0.0833,0.0,1635
k2637,0.0,0.0,0.0,0.506722219,0.0,0.0,0.0,0.0,0.0,0.0,2819
k2136,0.0,0.0,0.0,0.525024649,0.0,0.0,0.0,0.0,0.0,0.0833,1565
k3382,0.0,0.0,0.0,0.491356374,0.0,0.0,0.0,0.0,0.0,0.0,822
k437,0.0,0.0,0.0,0.644536773,0.0,0.272727273,0.177777778,0.0,0.0,0.166666667,793
k3402,0.0,0.0,0.0,0.396839348,0.0,0.0,0.0,0.0,0.0,0.0,456
k1522,0.0,0.0,0.491469727,0.422619821,0.0,0.0,0.0,0.0,0.0,0.0,344
k908,0.103448276,0.0833,0.0,0.529156347,0.0147,0.0,0.0222,0.0,0.0,0.0,73
k159,0.0,0.0,0.0,0.482307595,0.0,0.0,0.444444444,0.0,0.0,0.0,1317
k1012,0.0,0.0,0.0,0.628283126,0.0,0.0,0.0,0.0,0.0,0.0833,2945
k2381,0.0,0.0,0.0,0.489956368,0.0,0.0909,0.0444,0.0,0.0,0.0833,1435
k1827,0.0,0.0,0.0,0.43248811,0.0,0.0,0.0,0.0,0.0,0.0,2908
k240,0.0,0.0,0.0,0.498936851,0.0,0.0,0.0,0.0,0.0,0.0,550
k2744,0.0,0.0,0.0,0.486166133,0.0,0.0,0.0,0.0,0.0,0.0,3059
k1495,0.0,0.0,0.0,0.530010008,0.0,0.0,0.0444,0.0,0.0,0.0,2890
k662,0.0,0.0,0.0,0.530658792,0.0,0.0,0.0,0.0,0.0,0.0,1439
k3153,0.0,0.0,0.0,0.41483446,0.0,0.0909,0.0,0.0,0.0,0.0,417
k506,0.069,0.0,0.0,0.465439311,0.0441,0.0,0.0,0.0,0.0,0.0833,1302
k2288,0.0,0.0,0.0,0.464449064,0.0,0.0,0.0,0.0,0.0,0.0,2731
k2045,0.0,0.0,0.0,0.598848999,0.0,0.0,0.0222,0.0,0.0,0.0,329
k2104,0.0,0.0,0.0,0.465047653,0.0,0.181818182,0.0,0.0,0.0,0.0,3118
k836,0.0,0.0,0.0,0.633739712,0.0,0.0,0.0,0.0,0.0,0.0,1172
k1066,0.0,0.0,0.0,0.495966124,0.0,0.0,0.0,0.0,0.0,0.0,3338
k184,0.069,0.0,0.0,0.439692984,0.0,0.0,0.0,0.0,0.0,0.0833,1659
k2531,0.0,0.0,0.650456625,0.3267028,0.0,0.0,0.0222,0.0,0.0,0.0,863
k2347,0.0,0.0,0.0,0.449868588,0.0,0.0,0.0667,0.0,0.0,0.0833,1898
k509,0.0,0.0,0.0,0.566273407,0.0,0.0,0.0,0.0,0.0,0.166666667,1799
k3072,0.0,0.0,0.0,0.567639256,0.0,0.0,0.0,0.0,0.25,0.5,440
k3258,0.0,0.0,0.0,0.569722179,0.0,0.0,0.0,0.0,0.0,0.0,2821
k823,0.0,0.0,0.477729065,0.387929206,0.0,0.363636364,0.0444,0.0,0.0,0.0,2172
k1021,0.0,0.0,0.0,0.468990529,0.0,0.0,0.0,0.0,0.0,0.0,338
k197,0.0,0.0,0.0,0.425010064,0.0,0.0,0.0,0.0,0.0,0.0,1420
k2927,0.0,0.0,0.0,0.568151448,0.0,0.0,0.0667,0.0,0.0,0.0833,2016
k919,0.103448276,0.0833,0.670209174,0.415688119,0.0294,0.0,0.0222,0.0,0.0,0.0833,3147
k3342,0.0,0.0,0.0,0.448912491,0.0,0.0,0.0,0.0,0.0,0.0,3102
k1902,0.0,0.0,0.0,0.437336887,0.0,0.0,0.0222,0.0,0.0,0.0,871
k3040,0.0,0.0,0.0,0.598327916,0.0,0.0,0.0,0.0,0.0,0.166666667,258
k3355,0.0,0.0,0.0,0.609570948,0.0,0.0,0.0,0.0,0.0,0.0,1674
k2167,0.0,0.0,0.0,0.406263733,0.0,0.0,0.0,0.0,0.0,0.0,3257
k2043,0.137931034,0.0,0.0,0.389293011,0.0,0.181818182,0.0,0.0,0.0,0.0,2036
k2553,0.0,0.0,0.0,0.489410027,0.0,0.0,0.0,0.0,0.0,0.0,2928
k1238,0.0,0.0,0.0,0.562175852,0.0,0.181818182,0.0,0.0,0.0,0.0,182
k2514,0.0,0.0,0.218957699,0.434297864,0.0,0.0909,0.0,0.0,0.0,0.0,2437
k1516,0.069,0.0,0.0,0.550327074,0.0294,0.0,0.0,0.0,0.0,0.0,1538
k1324,0.0,0.0,0.0,0.497946607,0.0,0.0,0.0,0.0,0.0,0.0833,1309
k1125,0.0,0.0,0.0,0.584097781,0.0,0.0,0.0,0.0,0.0,0.0833,2920
k1326,0.0,0.0,0.0,0.466771018,0.0,0.0,0.0,0.0,0.0,0.0,2110
k2906,0.0,0.0,0.0,0.428390551,0.0,0.0,0.0,0.0,0.0,0.0,1886
k2717,0.0,0.0,0.0,0.520517327,0.0,0.0,0.0,0.0,0.0,0.0,2757
k3294,0.0,0.0,0.0,0.571258767,0.0,0.0,0.0,0.0,0.0,0.0,2829
k444,0.137931034,0.0833,0.0,0.49869783,0.0,0.0,0.0222,0.0,0.0,0.0,223
k2508,0.0,0.0,0.0,0.446727126,0.0,0.0,0.0,0.0,0.0,0.0,2221
k1154,0.0,0.0,0.0,0.408893,0.0,0.0,0.0,0.0,0.0,0.0,1827
k2318,0.0,0.0,0.0,0.517785625,0.0,0.0,0.0,0.0,0.0,0.0,1412
k1930,0.0,0.0,0.0,0.533492933,0.0,0.0,0.0,0.0,0.0,0.0,2478
k3320,0.0,0.0,0.0,0.52055148,0.0,0.0,0.0,0.0,0.0,0.0,63
k3195,0.0,0.0,0.0,0.435151524,0.0,0.0,0.0,0.0,0.0,0.0,3310
k565,0.0,0.0,0.0,0.508975877,0.0,0.0,0.0,0.0,0.0,0.0,1104
k1189,0.0,0.0,0.0,0.525024649,0.0,0.0,0.0222,0.0,0.0,0.0,1835
k1992,0.0,0.0,0.0,0.481180766,0.0,0.0,0.0,0.0,0.0,0.0,207
k185,0.0,0.0,0.0,0.4864393,0.0,0.0,0.0,0.0,0.0,0.0,1441
k3253,0.0,0.0,0.0,0.456561267,0.0,0.0,0.0,0.0,0.0,0.0,1794
k3359,0.0,0.0,0.0,0.488854128,0.0,0.0,0.0,0.0,0.0,0.0,1982
k3228,0.069,0.333333333,0.0,0.36682473,0.0588,0.0909,0.0444,0.181818182,0.0,0.0,919
k1406,0.0,0.0,0.0,0.439214935,0.0,0.0,0.0,0.0,0.0,0.0,2346
k1625,0.0,0.0,0.0,0.516112455,0.0,0.0,0.0444,0.0,0.0,0.0,2638
k305,0.0,0.0,0.0,0.613873381,0.0,0.0,0.0,0.0,0.0,0.0,1216
k255,0.0,0.0,0.0,0.562653897,0.0,0.0,0.0222,0.0,0.0,0.0,221
k2201,0.0,0.0,0.0,0.54114171,0.0,0.0,0.0444,0.0,0.0,0.0,2776
k2239,0.0,0.0,0.0,0.568083159,0.0,0.0,0.0,0.0,0.0,0.0,811
k1546,0.0,0.0,0.0,0.513619773,0.0,0.0,0.0,0.0,0.0,0.0,2364
k3406,0.0,0.0,0.0,0.463834431,0.0,0.0,0.0,0.0,0.0,0.0,570
k217,0.0,0.0,0.0,0.424771041,0.0,0.0,0.0,0.0,0.0,0.0,886
k100,0.0,0.0,0.0,0.382600331,0.0,0.0,0.0,0.0,0.0,0.0,2373
k987,0.0,0.0,0.0,0.609297764,0.0,0.0,0.0,0.0,0.0,0.166666667,2883
k2861,0.0,0.0,0.0,0.591063631,0.0,0.0,0.0,0.0,0.0,0.0,2427
k1432,0.0,0.0,0.0,0.477561256,0.0,0.0,0.0,0.0,0.0,0.0,3258
k1608,0.0,0.0,0.0,0.467385652,0.0,0.0,0.0,0.0,0.0,0.0,1817
k2496,0.0,0.0,0.0,0.451678343,0.0,0.0,0.0,0.0,0.0,0.0,779
k774,0.0,0.0,0.0,0.514917337,0.0,0.0909,0.0667,0.0,0.0,0.0,3130
k2490,0.0,0.0,0.0,0.492479781,0.0,0.0,0.0,0.0,0.0,0.0,2466
k1257,0.0,0.0,0.0,0.535610009,0.0,0.0,0.0444,0.0,0.0,0.0,3043
k842,0.0,0.0,0.0,0.640606534,0.0,0.0,0.0,0.0,0.0,0.0,2987
k602,0.0,0.0,0.0,0.455844194,0.0,0.0,0.0,0.0,0.0,0.0,1003
k1953,0.0,0.0,0.0,0.544727074,0.0,0.0,0.0889,0.0,0.0,0.0,312
k1415,0.0,0.0,0.0,0.536600252,0.0,0.181818182,0.0222,0.0,0.0,0.0833,1598
k3301,0.0,0.0,0.0,0.402097882,0.0,0.0,0.0,0.0,0.0,0.0,1978
k548,0.0,0.0,0.0,0.450380783,0.0,0.0,0.0,0.0,0.0,0.0,2551
k3059,0.0,0.0,0.0,0.454512491,0.0,0.0,0.0,0.0,0.0,0.0,3287
k982,0.0,0.0,0.663683656,0.428253966,0.0,0.0,0.0444,0.0,0.0,0.0,1307
k922,0.0,0.0,0.0,0.468478334,0.0,0.0909,0.0889,0.0,0.0,0.0,1948
k1185,0.0,0.0,0.0,0.435356401,0.0,0.0909,0.0,0.0,0.0,0.0,1590
k1327,0.0,0.0,0.0,0.38604911,0.0,0.0,0.0,0.0,0.0,0.0,3330
k402,0.0345,0.0,0.0,0.32633641,0.0,0.0,0.0,0.0,0.0,0.0,1993
k1950,0.0,0.0,0.0,0.489307595,0.0,0.0,0.0,0.0,0.0,0.0,1280
k557,0.0,0.0,0.0,0.466463701,0.0,0.0,0.0,0.0,0.0,0.0,2374
k2513,0.0345,0.166666667,0.0279,0.385502768,0.0294,0.0909,0.0,0.0,0.0833,0.0,1523
k1228,0.0,0.0,0.0,0.551078286,0.0,0.0,0.0,0.0,0.0,0.0,347
k207,0.0,0.0,0.0,0.501463686,0.0,0.0,0.0,0.0,0.0,0.0,2418
k2261,0.0,0.0,0.0,0.51058075,0.0,0.0,0.0,0.0,0.0,0.0,2
k2937,0.0,0.0,0.0,0.442232108,0.0,0.0,0.0,0.0,0.0,0.0,1228
k1372,0.0,0.0,0.0,0.58515632,0.0,0.0,0.0,0.0,0.0,0.0,3239
k1982,0.0,0.0,0.0,0.447649077,0.0,0.0,0.0,0.0,0.0,0.0,2065
k1068,0.0,0.0,0.0,0.486917345,0.0,0.0,0.0,0.0,0.0,0.0,1783
k1825,0.0,0.0,0.0,0.360780834,0.0,0.272727273,0.0,0.0,0.0,0.0,313
k2708,0.0,0.0,0.0,0.571019742,0.0,0.0,0.0,0.0,0.0,0.0833,813
k2315,0.069,0.0,0.0,0.63620507,0.0,0.0,0.0444,0.0,0.0833,0.0,1632
k3146,0.0,0.0,0.41197602,0.368702778,0.0,0.0,0.0,0.0,0.0,0.0,984
k1742,0.0,0.0,0.0,0.433627231,0.0,0.0,0.0,0.0,0.0,0.0,776
k49,0.103448276,0.0833,0.0,0.511127095,0.0147,0.0909,0.0,0.0,0.0,0.0,3381
k1598,0.0,0.0,0.0,0.446932007,0.0,0.0,0.0,0.0,0.0,0.0,138
k522,0.0,0.0,0.0,0.506517341,0.0,0.0,0.0,0.0,0.0,0.0,1169
k1719,0.0,0.0,0.0,0.53045391,0.0,0.0,0.0,0.0,0.0,0.0,3193
k1945,0.0,0.0,0.0,0.552853895,0.0,0.0,0.0,0.0,0.0,0.0,905
k558,0.0,0.0,0.0,0.65679531,0.0,0.0,0.0,0.0,0.0,0.0,1373
k638,0.069,0.0,0.0,0.452122245,0.0,0.0,0.0,0.0,0.0,0.0,2495
k2818,0.0,0.0,0.0,0.59376119,0.0,0.0,0.0,0.0,0.0,0.0,1295
k1844,0.0,0.0,0.0,0.464824677,0.0,0.0,0.0,0.0,0.0,0.0,3037
k2662,0.0,0.0,0.0,0.501975874,0.0,0.0,0.0,0.0,0.0,0.0,2034
k421,0.0,0.0,0.0,0.514985626,0.0,0.0,0.0,0.0,0.0,0.166666667,826
k375,0.0,0.0,0.0,0.47185882,0.0,0.0,0.0444,0.0,0.0,0.0,540
k273,0.0,0.0,0.0,0.419102751,0.0,0.0909,0.0444,0.0,0.0,0.0,2738
k2883,0.0,0.0,0.0,0.433000304,0.0,0.0,0.0,0.0,0.0,0.0,2112
k446,0.0,0.0,0.0,0.514712459,0.0,0.0,0.0,0.0,0.0,0.0,2769
k1561,0.069,0.0,0.0,0.406263733,0.0294,0.0,0.0,0.0,0.0,0.0,2489
k3116,0.0,0.0,0.294106279,0.392946667,0.0,0.0909,0.0,0.0,0.0,0.0,977
k260,0.0,0.0,0.0,0.514883184,0.0,0.0,0.0444,0.0,0.0,0.0833,2755
k1421,0.069,0.0,0.0,0.560707553,0.0,0.0,0.0,0.0,0.0,0.0,1639
k442,0.0,0.0,0.0,0.509044162,0.0,0.0,0.0,0.0,0.0,0.0,2768
k1877,0.0,0.0,0.0,0.456938926,0.0,0.363636364,0.0,0.0,0.0,0.0,1400
k237,0.0,0.0,0.0,0.51857099,0.0,0.0,0.0222,0.0,0.0,0.0,2170
k981,0.0345,0.0,0.0,0.525777913,0.0,0.454545455,0.0889,0.0,0.0,0.0,2480
k1566,0.0,0.0,0.0,0.593624615,0.0,0.0909,0.2,0.0,0.0,0.0,2119
k2133,0.069,0.0,0.0,0.381200331,0.0147,0.0,0.0,0.0,0.0,0.0,1474
k3392,0.0,0.0,0.0,0.515941727,0.0,0.0,0.0,0.0,0.0,0.0833,3295
k2106,0.0,0.0,0.0,0.427400308,0.0,0.0,0.0,0.0,0.0,0.0,3212
k1581,0.0,0.0,0.0,0.475922229,0.0,0.0,0.0,0.0,0.0,0.0,2574
k1284,0.0,0.0,0.0,0.454717366,0.0,0.0,0.0222,0.0,0.0,0.0,2991
k1499,0.0,0.0,0.0,0.543941701,0.0,0.0,0.0,0.0,0.0,0.0,555
k2770,0.0,0.0,0.0,0.560673406,0.0,0.0,0.0,0.0,0.0,0.0,2444
k1226,0.0,0.0,0.0,0.476980772,0.0,0.0,0.0,0.0,0.0,0.0833,1862
k521,0.0,0.0,0.0,0.428973087,0.0,0.363636364,0.0,0.0,0.0,0.0,2441
k1436,0.0,0.0,0.0,0.523727085,0.0,0.0,0.0,0.0,0.0,0.0,920
k1816,0.103448276,0.0,0.0,0.467795408,0.0441,0.0,0.0,0.0,0.0,0.0,1652
k733,0.0,0.0,0.0,0.632411424,0.0,0.0,0.0,0.0,0.0,0.0,2488
k1980,0.0,0.0,0.0,0.576312429,0.0,0.0,0.0,0.0,0.0,0.0,2094
k58,0.0,0.0,0.230486615,0.474931992,0.0,0.0,0.0444,0.0,0.0,0.0,2580
k1220,0.0345,0.0,0.21281178,0.468602285,0.0,0.0,0.0,0.0,0.0,0.0,1403
k2841,0.0,0.0,0.0,0.633814837,0.0,0.0,0.0889,0.0,0.0,0.0,2243
k693,0.0,0.0,0.0,0.453419805,0.0,0.0,0.0,0.0,0.0,0.0,915
k2150,0.0,0.0,0.0,0.595775823,0.0,0.0,0.0,0.0,0.0,0.0,3265
k1282,0.0,0.0,0.0,0.439863715,0.0,0.0,0.0,0.0,0.0,0.0,1445
k2013,0.069,0.0,0.0,0.476092964,0.0588,0.0,0.0,0.0,0.0,0.166666667,1371
k2982,0.103448276,0.0,0.0,0.52085879,0.0294,0.0,0.0,0.0,0.0,0.0,697
k1623,0.0,0.0,0.0,0.725770865,0.0,0.0909,0.133333333,0.0,0.0,0.0,1549
k917,0.0,0.0,0.0,0.4367564,0.0,0.0,0.0,0.0,0.0,0.0,2117
k2617,0.0,0.0,0.0,0.496683197,0.0,0.0,0.0,0.0,0.0,0.0,3194
k2458,0.0,0.0,0.0,0.401210078,0.0,0.0,0.0,0.0,0.0,0.0,2178
k1799,0.069,0.0,0.0,0.431771036,0.0147,0.0,0.0,0.0,0.25,0.0,679
k737,0.0,0.0,0.0,0.609195332,0.0,0.0,0.0,0.0,0.0,0.166666667,3033
k1198,0.0,0.0,0.0,0.55073683,0.0,0.0,0.0,0.0,0.0,0.0,431
k2162,0.0,0.0,0.0,0.455260975,0.0,0.0,0.0,0.0,0.0,0.0,266
k2240,0.0,0.0,0.0,0.347361326,0.0,0.0,0.0,0.0,0.0,0.0,1368
k1775,0.0,0.0,0.0,0.49040027,0.0,0.0,0.0444,0.0,0.0,0.0,2853
k1380,0.0,0.0,0.0,0.575970959,0.0,0.0,0.0222,0.0,0.0,0.0833,517
k2515,0.0,0.0,0.0,0.518434405,0.0,0.0,0.0,0.0,0.0,0.0,1983
k2669,0.0,0.0,0.0,0.55203438,0.0,0.0,0.0,0.0,0.0,0.0,3353
k2642,0.0,0.0,0.0,0.456527121,0.0,0.0909,0.155555556,0.0,0.0,0.0,1495
k1836,0.0,0.0,0.0,0.455844194,0.0,0.0,0.0,0.0,0.0,0.0,3247
k25,0.0,0.0,0.0,0.591063631,0.0,0.0,0.0,0.0,0.0,0.0,978
k772,0.0,0.0,0.0,0.636136784,0.0,0.0,0.222222222,0.0,0.0,0.333333333,800
k1344,0.0,0.0,0.0,0.422722261,0.0,0.0,0.0,0.0,0.0,0.0,939
k1392,0.0,0.0,0.0,0.454375903,0.0,0.0,0.0,0.0,0.0,0.0,2222
k1525,0.0345,0.0,0.0,0.319643728,0.0,0.0,0.0,0.0,0.0,0.0,299
k1645,0.0,0.0,0.0,0.457858827,0.0,0.0,0.0,0.0,0.0,0.0,3177
k2358,0.0,0.0,0.0,0.512868551,0.0,0.0,0.0,0.0,0.0,0.0,2601
k2192,0.103448276,0.0,0.0,0.513722212,0.0,0.0,0.0,0.0,0.0,0.0833,593
k1451,0.0,0.0,0.0,0.428402844,0.0,0.0,0.0,0.0,0.0,0.0,2185
k493,0.0,0.0,0.0,0.527005132,0.0,0.0,0.0,0.0,0.0,0.166666667,1393
k3271,0.0,0.0,0.0,0.491629541,0.0,0.0,0.0444,0.0,0.0,0.0,444
k340,0.0,0.0,0.0,0.411240218,0.0,0.0,0.0,0.0,0.0,0.0,558
k2683,0.0,0.0,0.0,0.509044162,0.0,0.0,0.0,0.0,0.0,0.0,3315
k2557,0.103448276,0.0,0.0,0.487190522,0.0,0.0,0.0,0.0,0.0,0.0,1188
k358,0.0,0.0,0.0,0.524375868,0.0,0.0,0.0,0.0,0.0,0.0,3215
k2956,0.069,0.0,0.0,0.617347425,0.0,0.0,0.0222,0.0,0.0833,0.0,2102
k147,0.0,0.0,0.0,0.61455289,0.0,0.0,0.0,0.0,0.0,0.0,2914
k85,0.0345,0.166666667,0.0,0.534551466,0.0147,0.0909,0.0222,0.0,0.0,0.0,1567
k2918,0.0,0.0,0.0,0.556097806,0.0,0.0,0.0444,0.0,0.0,0.0833,2050
k626,0.069,0.25,0.0184,0.288536427,0.0147,0.0909,0.0,0.0,0.0833,0.0,2358
k234,0.103448276,0.0,0.0,0.433171036,0.132352941,0.0,0.0222,0.0,0.25,1.0,263
k2535,0.0,0.0,0.0,0.484219786,0.0,0.0,0.0,0.0,0.0,0.0,613
k1049,0.0,0.0,0.0,0.543292935,0.0,0.0,0.0,0.0,0.0,0.0,2639
k3283,0.0,0.0,0.0,0.50692709,0.0,0.0,0.0,0.0,0.0,0.166666667,2008
k47,0.0,0.0,0.0,0.435197963,0.0,0.0,0.0,0.0,0.0,0.0,1429
k95,0.0,0.0,0.0,0.411897877,0.0,0.0,0.0,0.0,0.0,0.0,3148
k417,0.0,0.0,0.0,0.390932034,0.0,0.0909,0.0222,0.0,0.0,0.0,2689
k1245,0.0,0.0,0.0,0.445156395,0.0,0.0,0.0,0.0,0.0,0.0,2560
k1514,0.0,0.0,0.0,0.533970982,0.0,0.0,0.0444,0.0,0.0,0.0,2510
k2952,0.0345,0.0,0.0,0.520175864,0.132352941,0.0,0.0,0.0,0.0,0.0,2250
k2718,0.0,0.0,0.0,0.515805134,0.0,0.0,0.133333333,0.0,0.0,0.166666667,2245
k398,0.0,0.0,0.0,0.64119043,0.0,0.0,0.0,0.0,0.0,0.0,2652
k1931,0.0,0.0,0.0,0.45598078,0.0,0.0,0.0,0.0,0.0,0.0,2694
k952,0.137931034,0.0,0.0,0.456322243,0.0,0.0,0.0,0.0,0.0833,0.0,3263
k2457,0.0345,0.0,0.0,0.440853959,0.0,0.0,0.0,0.0,0.0833,0.0,2514
k2275,0.0,0.0,0.0,0.411658852,0.0588,0.0909,0.0,0.0,0.0,0.0,1917
k2960,0.0,0.0,0.0,0.470006037,0.0,0.0,0.0,0.0,0.0,0.0,2799
k1971,0.0,0.0,0.513818533,0.420161286,0.0,0.0,0.0,0.0,0.0,0.0,3304
k2284,0.0,0.0,0.0,0.579658755,0.0,0.0,0.0,0.0,0.0,0.0833,3052
k1563,0.0,0.0,0.0,0.514304752,0.0,0.454545455,0.0222,0.0,0.0,0.0,1868
k1717,0.0,0.0,0.0,0.488400665,0.0,0.0,0.0,0.0,0.0,0.0,2180
k3196,0.0,0.0,0.0,0.530727078,0.0,0.0,0.0,0.0,0.0,0.0,569
k2026,0.0,0.0,0.0,0.54875634,0.0,0.0,0.0,0.0,0.0,0.166666667,1469
k392,0.0,0.0,0.0,0.616092896,0.0,0.0,0.0,0.0,0.0,0.0,2791
k1450,0.0,0.0,0.0,0.587751434,0.0,0.0,0.0,0.0,0.0,0.0,2585
k1847,0.0,0.0,0.0,0.496273444,0.0,0.0,0.0222,0.0,0.0,0.0,1530
k475,0.0,0.0,0.217536192,0.357297909,0.0,0.181818182,0.0,0.0,0.0,0.0,1017
k1903,0.0,0.0,0.0,0.571975836,0.0,0.0,0.0,0.0,0.0,0.0,3061
k1261,0.0,0.0,0.0,0.555824622,0.0,0.0,0.0444,0.0,0.0,0.0,30
k1070,0.0,0.0,0.0,0.514985626,0.0,0.0,0.0,0.0,0.0,0.166666667,3036
k1294,0.0,0.0,0.0,0.567639256,0.0,0.0,0.0,0.0,0.0,0.0833,914
k1502,0.0,0.0,0.0,0.543702677,0.0,0.0,0.0,0.0,0.0,0.0,2486
k1567,0.0,0.0,0.0,0.53045391,0.0,0.0,0.0,0.0,0.0,0.0,3342
k2311,0.0,0.0,0.0,0.514678306,0.0,0.0,0.0,0.0,0.0,0.0,3091
k1933,0.0345,0.0,0.0,0.473646721,0.0,0.0,0.0,0.0,0.0833,0.0,841
k468,0.0,0.0,0.0,0.424122261,0.0,0.0,0.0,0.0,0.0,0.0,638
k1267,0.0,0.0,0.0,0.490195392,0.0,0.0,0.0,0.0,0.0,0.0,20
k868,0.0,0.0,0.0,0.478414917,0.0,0.0,0.0,0.0,0.0,0.0,4
k261,0.0,0.0,0.0,0.422722261,0.0,0.0,0.0,0.0,0.0,0.0,1775
k99,0.0,0.0,0.147476933,0.436824692,0.0,0.0,0.0222,0.0,0.0,0.0833,2619
k1801,0.0,0.0,0.0,0.546605115,0.0,0.0,0.0444,0.0,0.0,0.0,1494
k1275,0.0,0.0,0.0,0.443585664,0.0,0.0,0.0,0.0,0.0,0.0,2615
k1618,0.0,0.0,0.0,0.490810029,0.0,0.0,0.0,0.0,0.0,0.0,494
k896,0.0,0.0,0.0,0.431190548,0.0,0.0,0.0,0.0,0.0,0.0,1647
k629,0.0,0.0,0.0,0.485653935,0.0,0.181818182,0.0,0.0,0.0,0.0,584
k232,0.0,0.0,0.0,0.584063638,0.0,0.0,0.0222,0.0,0.0,0.0,693
k2308,0.0,0.0,0.0,0.475239303,0.0,0.0,0.0,0.0,0.0,0.0,2641
k2210,0.0,0.0,0.0,0.516146598,0.0,0.0,0.0,0.0,0.0,0.0,1130
k1083,0.0,0.0,0.0,0.629614836,0.0,0.0,0.0,0.0,0.0,0.0833,3246
k3115,0.0,0.0,0.0,0.547527065,0.0,0.0,0.0,0.0,0.0,0.0,2497
k2569,0.0,0.0,0.0,0.427058843,0.0,0.0,0.0,0.0,0.0,0.0,2042
k3093,0.0,0.0,0.0,0.492210025,0.0,0.0,0.0,0.0,0.0,0.0,2893
k2031,0.0,0.0,0.0,0.522395378,0.0,0.0,0.0,0.0,0.0,0.0833,3068
k508,0.172413793,0.0,0.0,0.463458824,0.0882,0.0,0.0444,0.0,0.0,0.166666667,2483
k3285,0.0,0.0,0.0,0.537761224,0.0,0.0,0.0,0.0,0.0,0.0,2264
k2733,0.0,0.0,0.0,0.579044132,0.0,0.0,0.0,0.0,0.0,0.0,296
k3079,0.0,0.0,0.630734354,0.414800314,0.0,0.0,0.0444,0.0,0.0,0.0,3039
k2936,0.0,0.0,0.0,0.55206854,0.0,0.0,0.0,0.0,0.0,0.166666667,3046
k1044,0.0,0.0,0.0,0.473851603,0.0,0.0,0.0,0.0,0.0,0.0,3425
k1341,0.172413793,0.333333333,0.437104053,0.2776779,0.0882,0.0,0.0444,0.181818182,0.166666667,0.0,3120
k109,0.0,0.0,0.0,0.3912414,0.0,0.454545455,0.0444,0.0,0.0,0.333333333,2613
k788,0.0,0.0,0.0,0.466258823,0.0,0.0,0.0,0.0,0.0,0.0,2642
k487,0.0,0.0,0.0,0.457449072,0.0,0.0,0.0,0.0,0.0,0.0,1058
k1240,0.0,0.0,0.0,0.421595433,0.0,0.0,0.0,0.0,0.0,0.0,3376
k2100,0.0,0.0,0.0,0.518195384,0.0,0.0,0.0,0.0,0.0,0.0,2207
k2257,0.0,0.0,0.0,0.529634402,0.0,0.0,0.0,0.0,0.0,0.0,29
k2716,0.0,0.0,0.0,0.529258789,0.0,0.0,0.0,0.0,0.0,0.0,3331
k2703,0.0,0.0,0.24970943,0.524136844,0.0,0.0,0.0444,0.0,0.0,0.166666667,83
k1426,0.0,0.0,0.0,0.486610035,0.0,0.0,0.0,0.0,0.0,0.0,1907
k3289,0.0,0.0,0.0,0.617766059,0.0,0.0,0.0,0.0,0.0,0.0,1174
k3039,0.0,0.0,0.0,0.43303445,0.0,0.0,0.0,0.0,0.0,0.0,2850
k715,0.0,0.0,0.0,0.620600207,0.0,0.0,0.0222,0.0,0.0,0.0,3016
k561,0.0,0.0,0.0,0.438532009,0.0,0.0,0.0,0.0,0.0,0.0,2716
k2232,0.0,0.0,0.0,0.474522233,0.0,0.0,0.0,0.0,0.0,0.0,1093
k3073,0.0,0.0,0.0,0.547083163,0.0,0.0,0.0889,0.0,0.0,0.166666667,1717
k1187,0.0,0.0,0.0,0.481556379,0.0,0.0,0.0,0.0,0.0,0.0,3424
k1640,0.0,0.0,0.764370774,0.466429555,0.0,0.0,0.0,0.0,0.0,0.0,883
k2678,0.0,0.0,0.0,0.423507627,0.0,0.0,0.0,0.0,0.0,0.0,1296
k282,0.0,0.0,0.0,0.478380764,0.0,0.0,0.0,0.0,0.0,0.0,1709
k899,0.0,0.0,0.0,0.638936772,0.0,0.0,0.0,0.0,0.0,0.0,957
k3369,0.0,0.0,0.0,0.422824701,0.0,0.0,0.0,0.0,0.0,0.0,2261
k734,0.0,0.0,0.0,0.562175852,0.0,0.0,0.0,0.0,0.0,0.0,2205
k1782,0.0,0.0,0.0,0.636478237,0.0,0.0,0.0,0.0,0.0,0.0,3040
k1122,0.0,0.0,0.0,0.5431222,0.0,0.0,0.0,0.0,0.0,0.0833,3123
k1951,0.0,0.0,0.0,0.629198255,0.0,0.0,0.0,0.0,0.0,0.0,701
k2546,0.0,0.0,0.0,0.519253916,0.0,0.0,0.0,0.0,0.0,0.0,2942
k752,0.0345,0.0,0.0,0.455502731,0.0,0.0,0.0,0.0,0.0,0.0,1690
k117,0.0,0.0,0.0,0.4599759,0.0,0.0,0.0,0.0,0.0,0.0,1603
k2667,0.0,0.0,0.0,0.49965393,0.0,0.0,0.0222,0.0,0.0,0.0,2306
k1437,0.0,0.0,0.0,0.512663673,0.0,0.0,0.0,0.0,0.0,0.0833,3115
k1172,0.0,0.0,0.0,0.609297764,0.0,0.0,0.0222,0.0,0.0,0.0,2233
k1355,0.0,0.0,0.0,0.59481973,0.0,0.0,0.0,0.0,0.0,0.0,1763
k3287,0.0,0.0,0.0,0.637086052,0.0,0.0,0.0,0.0,0.0,0.0,135
k3190,0.0,0.166666667,0.0802,0.447273467,0.0294,0.0,0.0,0.0,0.0,0.0,1976
k3161,0.0,0.0,0.0,0.438090156,0.0,0.272727273,0.0,0.0,0.0,0.0,162
k1178,0.069,0.0,0.0,0.612405083,0.0,0.0,0.0444,0.0,0.0,0.333333333,70
k2679,0.0,0.0,0.0,0.612166058,0.0,0.0,0.0,0.0,0.0,0.0,2430
k342,0.0,0.0,0.0,0.558522181,0.0,0.0,0.0,0.0,0.0,0.0833,2276
k1615,0.0,0.0,0.0,0.449237905,0.0,0.181818182,0.0,0.0,0.0,0.0,2137
k2322,0.069,0.0,0.0,0.493302711,0.0147,0.0,0.0444,0.0,0.0,0.0,65
k2604,0.103448276,0.0,0.0,0.440990544,0.0,0.0909,0.0,0.0,0.0,0.0,513
k586,0.0,0.0,0.0,0.632479713,0.0,0.0,0.0,0.0,0.0,0.0,92
k263,0.0,0.0,0.471724444,0.424292992,0.0,0.0,0.0,0.0,0.0,0.0,1279
k612,0.0345,0.0,0.0,0.450619807,0.0,0.0,0.0,0.0,0.0,0.0,3126
k2244,0.0345,0.0,0.0,0.396975933,0.0,0.0,0.0,0.0,0.0,0.0,818
k32,0.0,0.0,0.0,0.472610039,0.0,0.0,0.0,0.0,0.0,0.0,1932
k2914,0.0,0.0,0.0,0.496853932,0.0,0.0,0.0,0.0,0.0,0.0,2742
k1528,0.0,0.0,0.0,0.465748677,0.0,0.363636364,0.0,0.0,0.0,0.0,881
k796,0.0,0.0,0.0,0.539844146,0.0,0.0,0.0889,0.0,0.0,0.0,48
k1537,0.0,0.0,0.0,0.658127016,0.0,0.0,0.0,0.0,0.0,0.0,3254
k544,0.0,0.0,0.0,0.435561278,0.0,0.0,0.0,0.0,0.0,0.0,3165
k1233,0.0,0.0,0.0,0.489785643,0.0,0.0,0.0,0.0,0.0,0.0,3074
k2011,0.0,0.0,0.0,0.538034391,0.0,0.0,0.0,0.0,0.0,0.0833,3259
k1778,0.0,0.0,0.0,0.450296441,0.0,0.181818182,0.0,0.0,0.0,0.0,1284
k862,0.0,0.0,0.0,0.521780748,0.0,0.0,0.0,0.0,0.0,0.0,1540
k1420,0.0,0.0,0.0,0.499244171,0.0,0.0,0.0,0.0,0.0,0.0,1729
k985,0.0,0.0,0.0,0.64549288,0.0,0.0,0.177777778,0.0,0.0,0.0833,2226
k689,0.0,0.0,0.0,0.490571008,0.0,0.0,0.0667,0.0,0.0,0.0,2782
k3123,0.0,0.0,0.0,0.57819047,0.0,0.0,0.0667,0.0,0.0,0.0833,2849
k68,0.0,0.0,0.0,0.478619789,0.0,0.0,0.0,0.0,0.0,0.0,1334
k2002,0.0,0.0,0.0,0.561424622,0.0,0.0,0.111111111,0.0,0.0,0.0,8
k3209,0.0,0.0,0.0,0.599361187,0.0,0.0,0.0,0.0,0.0,0.0833,3129
k3397,0.0,0.0,0.539786036,0.422380798,0.0,0.0,0.0,0.0,0.0,0.0,1199
k1206,0.0,0.0,0.0,0.611585581,0.0,0.0,0.0,0.0,0.0,0.0,2539
k2599,0.0,0.0,0.0,0.445397465,0.0,0.454545455,0.0,0.0,0.0,0.0,2723
k3053,0.0,0.0,0.0,0.457210051,0.0,0.0,0.0,0.0,0.0,0.166666667,2336
k1307,0.0,0.0,0.0,0.612917288,0.0,0.0,0.0222,0.0,0.0,0.0,2771
k873,0.0,0.0,0.0793,0.437473472,0.0,0.0,0.0,0.0,0.0,0.0,1318
k2901,0.0345,0.0,0.0,0.44167347,0.0,0.0,0.0,0.0,0.0833,0.0,1074
k2098,0.0,0.0,0.0,0.459941753,0.0,0.0,0.0,0.0,0.0,0.0,1797
k1213,0.0,0.0,0.587279808,0.364571073,0.117647059,0.0,0.0,0.0,0.0,0.0,3387
k2372,0.0,0.0,0.0,0.453522244,0.0,0.0,0.0,0.0,0.0,0.0,1488
k3298,0.0,0.0,0.0,0.555824622,0.0,0.0,0.0,0.0,0.0,0.0,3293
k1109,0.0,0.0,0.0,0.583824614,0.0,0.0,0.0,0.0,0.0,0.0,1470
k518,0.0,0.0,0.0,0.455878341,0.0,0.0,0.0,0.0,0.0,0.0,3325
k992,0.0,0.0,0.0,0.639927026,0.0,0.0,0.0,0.0,0.0,0.0,1481
k795,0.0,0.0,0.0,0.602741673,0.0,0.0,0.0,0.0,0.0,0.0,2047
k702,0.0,0.0,0.0,0.413332022,0.0,0.0,0.0,0.0,0.0,0.0,1637
k2762,0.0,0.0,0.0,0.51921977,0.0,0.0,0.0,0.0,0.0,0.0,2912
k957,0.0,0.0,0.0,0.451405172,0.0,0.0,0.0,0.0,0.0,0.0,232
k82,0.0,0.0,0.0,0.455844194,0.0,0.0,0.0,0.0,0.0,0.0,301
k1246,0.0,0.0,0.0,0.574844131,0.0,0.0909,0.0444,0.0,0.0,0.0,1468
k389,0.0,0.0,0.0,0.433375913,0.0,0.0,0.0,0.0,0.0,0.0,2219
k1965,0.0,0.0,0.0,0.513724264,0.0,0.363636364,0.111111111,0.0,0.0,0.0833,159
k2748,0.0,0.0,0.0,0.440785666,0.0,0.0,0.0,0.0,0.0,0.0,3051
k1713,0.0,0.0,0.0,0.554800242,0.0,0.0,0.0,0.0,0.0,0.0,378
k3217,0.0,0.0,0.0,0.503239294,0.0,0.0,0.0222,0.0,0.0,0.0,1031
k3200,0.0,0.0,0.0,0.586761197,0.0,0.181818182,0.177777778,0.0,0.0,0.166666667,1366
k2721,0.0,0.0,0.58794261,0.457005169,0.0,0.0,0.0,0.0,0.0,0.0,3010
k2493,0.0,0.0,0.0,0.629198255,0.0,0.0,0.0,0.0,0.0,0.0,3196
k2858,0.0,0.0,0.0,0.574434371,0.0,0.0,0.0,0.0,0.0,0.0,2604
k2516,0.0345,0.0833,0.0,0.53748805,0.0147,0.0,0.133333333,0.0,0.0,0.0,477
k1793,0.0,0.0,0.0,0.531546596,0.0,0.0,0.0,0.0,0.0,0.0,2491
k1459,0.0,0.0,0.0,0.412956413,0.0,0.0,0.0,0.0,0.0,0.0,750
k931,0.0345,0.0,0.0,0.408961292,0.0,0.0,0.0,0.0,0.0,0.0,2935
k3099,0.0,0.0,0.0,0.475183309,0.0,0.0,0.0,0.0,0.0,0.0,1367
k2077,0.0,0.0,0.0,0.571258767,0.0,0.0,0.0,0.0,0.0,0.0,149
k681,0.0,0.0,0.0,0.362283269,0.0,0.0,0.0,0.0,0.0,0.0,3277
k971,0.0,0.0,0.0,0.520961229,0.0,0.0,0.133333333,0.0,0.0,0.166666667,740
k2866,0.069,0.0,0.0,0.546844139,0.0,0.0,0.0,0.0,0.0,0.0833,1287
k6,0.0,0.0,0.0,0.513653916,0.0,0.0,0.0,0.0,0.0,0.0,235
k3378,0.0,0.0,0.0,0.422312504,0.0,0.0,0.0,0.0,0.0,0.0,2154
k746,0.0345,0.0,0.0,0.472883206,0.0147,0.0,0.0,0.0,0.0,0.0833,3206
k515,0.0,0.0,0.0,0.441195422,0.0,0.0,0.0,0.0,0.0,0.0,1440
k723,0.0,0.0,0.0,0.488385637,0.0,0.0,0.0,0.0,0.0,0.0,365
k3034,0.0,0.0,0.0,0.576995356,0.0,0.0,0.0444,0.0,0.0,0.166666667,1999
k625,0.0,0.0,0.0,0.501088069,0.0,0.0,0.0,0.0,0.0,0.0,639
k2682,0.0,0.0,0.0,0.681256373,0.0,0.0,0.0,0.0,0.0,0.0,1277
k355,0.0,0.0,0.0,0.578668519,0.0,0.0,0.0,0.0,0.25,0.0,2342
k2019,0.0,0.0,0.0,0.557975847,0.0,0.0,0.0,0.0,0.0,0.0,1572
k2060,0.0,0.0,0.0,0.468068578,0.0,0.0,0.0,0.0,0.0,0.0,203
k571,0.103448276,0.0833,0.0,0.332721773,0.0294,0.0,0.0,0.0,0.0,0.0,986
k1167,0.0,0.0,0.0,0.542507563,0.0,0.0,0.0,0.0,0.0,0.0,40
k1357,0.0,0.0,0.0,0.491663691,0.0,0.0,0.0444,0.0,0.0,0.0,565
k3215,0.0,0.0,0.0,0.421868604,0.0,0.0,0.0667,0.0,0.0,0.0833,2590
k3074,0.0,0.0,0.0,0.475341745,0.0,0.0,0.0,0.0,0.0,0.0,1539
k1935,0.0,0.0,0.0,0.575527057,0.0,0.0,0.0,0.0,0.0,0.166666667,2809
k499,0.0,0.0,0.0,0.434058841,0.0,0.0,0.0,0.0,0.0,0.0,1558
k2715,0.0,0.0,0.0,0.49507832,0.0,0.0,0.0,0.0,0.0,0.0,3371
k3038,0.0,0.0,0.0,0.535166103,0.0,0.0,0.0,0.0,0.0,0.0,1528
k3276,0.0,0.0,0.0,0.503034416,0.0,0.0,0.0,0.0,0.0,0.0,2181
k131,0.0,0.0,0.0,0.480292958,0.0,0.0,0.0,0.0,0.0,0.166666667,2247
k2664,0.0,0.0,0.0,0.484117347,0.0,0.0,0.0,0.0,0.0,0.166666667,3337
k2738,0.206896552,0.0,0.0,0.590892896,0.0,0.0,0.0889,0.0,0.0,0.0833,1807
k641,0.0,0.0,0.0,0.517341722,0.0,0.0,0.288888889,0.0,0.0,0.0,1496
k1954,0.0,0.0,0.0,0.519049035,0.0,0.0,0.0,0.0,0.0,0.333333333,328
k3154,0.0,0.0,0.0,0.443774494,0.0,0.272727273,0.0,0.0,0.0,0.0,758
k3242,0.0,0.0,0.0,0.535917319,0.0,0.0,0.0,0.0,0.0,0.166666667,1692
k3230,0.069,0.0,0.0,0.494327097,0.0,0.0,0.0,0.0,0.0,0.0,1646
k466,0.0,0.0,0.0,0.530010008,0.0,0.0,0.0,0.0,0.0,0.0,154
k1761,0.069,0.25,0.0,0.383317405,0.0882,0.0,0.0,0.0,0.0833,0.0,3114
k1747,0.0345,0.0,0.0,0.441810056,0.0,0.0,0.0,0.0,0.0,0.0,2253
k2292,0.0,0.0,0.0,0.540253905,0.0,0.0,0.0,0.0,0.0,0.333333333,1597
k780,0.0,0.0,0.0,0.445497859,0.0,0.0,0.0,0.0,0.0,0.0,2040
k1148,0.0,0.0,0.0,0.443824689,0.0,0.0,0.0444,0.0,0.0,0.0,2864
k2570,0.0,0.0,0.0,0.470800287,0.0,0.0,0.0,0.0,0.0,0.0,2298
k2085,0.0,0.0,0.0,0.589253876,0.0,0.0,0.0,0.0,0.0,0.0,1849
k2449,0.0,0.0,0.0,0.56401975,0.0,0.0,0.0444,0.0,0.0,0.0,238
k2641,0.0,0.0,0.0,0.503239294,0.0,0.0,0.0,0.0,0.0,0.0,2519
k1093,0.0,0.0,0.0,0.454888097,0.0,0.0,0.0,0.0,0.0,0.0,3127
k2757,0.0,0.0,0.0,0.465746632,0.0441,0.0,0.0,0.0,0.0,0.0,21
k889,0.0,0.0,0.0,0.467829554,0.0,0.0,0.0,0.0,0.0,0.0,2659
k1140,0.0,0.0,0.0,0.467624676,0.0,0.0,0.0,0.0,0.0,0.0,1981
k1800,0.0,0.0,0.0,0.615785569,0.0,0.0,0.0222,0.0,0.0,0.0833,747
k2840,0.0,0.0,0.0,0.621658733,0.0,0.0,0.0,0.0,0.0,0.166666667,1021
k1823,0.0,0.0,0.0,0.554561218,0.0,0.0909,0.0667,0.0,0.0,0.0,605
k1524,0.0,0.0,0.0,0.610902655,0.0,0.0,0.0,0.0,0.0,0.0,3395
k700,0.0,0.0,0.0,0.536497813,0.0,0.0,0.0444,0.0,0.0,0.0,1773
k1161,0.0,0.0,0.0,0.513688069,0.0,0.0909,0.0,0.0,0.0,0.0,293
k3025,0.24137931,0.5,0.734624841,0.274194978,0.117647059,0.0,0.0889,0.363636364,0.25,0.0,1343
k86,0.0,0.0,0.0,0.493473446,0.0,0.0,0.0,0.0,0.0,0.0,1621
k1695,0.0,0.0,0.0,0.397727152,0.0,0.0,0.0,0.0,0.0,0.0,2814
k345,0.069,0.0,0.0,0.527892936,0.0294,0.0,0.0,0.0,0.0,0.0,3340
k3247,0.0,0.0,0.0,0.588570949,0.0,0.0,0.0,0.0,0.0,0.0833,2957
k1334,0.0,0.0,0.0,0.360031657,0.0,0.454545455,0.0,0.0,0.0,0.0833,812
k239,0.0,0.0,0.0,0.477390521,0.0,0.0,0.0,0.0,0.0,0.0,413
k2726,0.0,0.0,0.0,0.464858824,0.0,0.0,0.0,0.0,0.0,0.0,1826
k988,0.0,0.0,0.0,0.486473443,0.0,0.0,0.0,0.0,0.0,0.0,2894
k2361,0.137931034,0.0833,0.0,0.428868599,0.0147,0.0,0.0,0.0,0.0,0.0,52
k424,0.0,0.0,0.0,0.457483218,0.0,0.0,0.0,0.0,0.0,0.0,3191
k3389,0.0,0.0,0.0,0.557395353,0.0,0.0,0.0,0.0,0.0,0.0,917
k3090,0.0,0.0,0.0,0.434092987,0.0,0.0,0.0,0.0,0.0,0.0,450
k3235,0.0,0.0,0.0,0.466088091,0.0,0.272727273,0.0222,0.0,0.0,0.0833,623
k235,0.0,0.0,0.513734472,0.434366158,0.0,0.0,0.133333333,0.0,0.0,0.0,2737
k3066,0.0,0.0,0.0,0.46916126,0.0,0.0909,0.0667,0.0,0.0,0.0,2780
k1471,0.0,0.0,0.0,0.585566079,0.0,0.0,0.0,0.0,0.25,0.25,1107
k1789,0.137931034,0.0,0.0,0.382395454,0.0,0.0,0.0,0.0,0.0,0.0,2803
k809,0.0,0.0,0.0,0.504570994,0.0,0.0,0.0889,0.0,0.0,0.166666667,694
k1711,0.0,0.0,0.0696,0.404863734,0.0,0.0,0.0,0.0,0.0,0.0,860
k800,0.0,0.0,0.0,0.439283228,0.0,0.0,0.0,0.0,0.0,0.0,2505
k2587,0.0,0.0,0.0,0.490195392,0.0,0.0,0.0,0.0,0.0,0.0,676
k29,0.0,0.0,0.0,0.65679531,0.0,0.0,0.0,0.0,0.0,0.0,370
k3290,0.0,0.0,0.0,0.345278404,0.0,0.0,0.0,0.0,0.0,0.0,887
k1462,0.0,0.0,0.0,0.602434363,0.0,0.0,0.0,0.0,0.0,0.0,2249
k1631,0.0,0.0,0.0,0.444200298,0.0,0.0,0.0,0.0,0.0,0.0,1552
k2105,0.0,0.0,0.0,0.611957776,0.0,0.0,0.0,0.0,0.0,0.0,427
k2241,0.0,0.0,0.0,0.377341798,0.0,0.0,0.0,0.0,0.0,0.0,2384
k2020,0.0,0.0,0.0,0.456971023,0.0,0.0,0.0444,0.0,0.0,0.0,3150
k3256,0.0,0.0,0.0,0.456561267,0.0,0.0,0.0,0.0,0.0,0.0,1990
k212,0.0,0.0,0.0,0.434502741,0.0,0.0909,0.0889,0.0,0.0,0.0,2341
k2633,0.0,0.0,0.0,0.425010064,0.0,0.0,0.0,0.0,0.0,0.0,2378
k1076,0.0,0.0,0.0,0.507780752,0.0,0.0,0.0,0.0,0.0,0.0,61
k1425,0.0,0.0,0.0,0.465883213,0.0,0.0,0.0,0.0,0.0,0.0,833
k1269,0.137931034,0.0,0.0,0.44170762,0.0,0.0,0.0,0.0,0.0833,0.0,2966
k2632,0.0,0.0,0.0,0.507541728,0.0,0.0,0.0,0.0,0.0,0.0,1631
k664,0.0,0.0,0.0,0.52680025,0.0,0.0,0.0,0.0,0.0,0.0,3156
k2722,0.172413793,0.333333333,0.74625224,0.414309631,0.0882,0.0,0.0444,0.181818182,0.166666667,0.0,3027
k67,0.0,0.0,0.0,0.500439296,0.0,0.0909,0.133333333,0.0,0.0,0.0,1411
k1710,0.0,0.0,0.0,0.512458802,0.0,0.0,0.0667,0.0,0.0,0.0,247
k1679,0.0345,0.0,0.0,0.393595447,0.0294,0.0,0.0,0.0,0.0,0.0,2671
k1447,0.0,0.0,0.0,0.465131994,0.0,0.0,0.0,0.0,0.0,0.0,923
k2262,0.0,0.0,0.0,0.48674662,0.0,0.0,0.0,0.0,0.0,0.0,2822
k783,0.0,0.0,0.0,0.484731984,0.0,0.0,0.0667,0.0,0.0,0.0,706
k1550,0.0,0.0,0.0,0.576688029,0.0,0.0,0.0,0.0,0.0,0.0833,369
k2747,0.103448276,0.5,0.0,0.628658743,0.0882,0.181818182,0.0889,0.0,0.0,0.25,3402
k2125,0.206896552,0.0833,0.571969882,0.431967719,0.0294,0.0,0.0222,0.0,0.0833,0.0,2315
k628,0.0,0.0,0.0,0.38048326,0.0,0.0,0.0,0.0,0.0,0.0,1928
k2320,0.0,0.0,0.0,0.516522211,0.0,0.0,0.0,0.0,0.0,0.0,2745
k2408,0.0,0.0,0.0,0.471449064,0.0,0.0,0.0444,0.0,0.0,0.0,1541
k541,0.172413793,0.0,0.0,0.44734176,0.0441,0.0,0.0,0.0909,0.0,0.0833,493
k2499,0.103448276,0.0,0.0,0.449561271,0.0,0.0,0.0,0.0,0.0,0.0,665
k16,0.0,0.0,0.741535027,0.464824677,0.0,0.0,0.0,0.0,0.0,0.0,233
k220,0.0,0.0,0.0,0.584097781,0.0,0.0,0.0,0.0,0.0,0.0,554
k3296,0.0,0.0,0.0,0.431805182,0.0,0.0,0.0,0.0,0.0,0.0,1910
k2782,0.0,0.0,0.0,0.417224703,0.0,0.0909,0.0,0.0,0.0,0.0,1545
k2634,0.0,0.0,0.0,0.379006089,0.0,0.0,0.0,0.0,0.0,0.0,2911
k3173,0.0,0.0,0.0,0.562995353,0.0,0.0,0.0444,0.0,0.0,0.0,2419
k2200,0.0,0.0,0.70150533,0.32014671,0.0,0.0,0.0,0.0,0.0,0.0,1814
k3338,0.0,0.0,0.0,0.512663673,0.0,0.0,0.0,0.0,0.0,0.0,2881
k3332,0.0,0.0,0.0,0.446387712,0.0,0.454545455,0.0,0.0,0.0,0.0,1060
k635,0.0,0.0,0.0,0.487122226,0.0,0.0,0.0,0.0,0.0,0.0,1514
k776,0.0,0.0,0.371755907,0.328410116,0.0,0.181818182,0.0,0.0,0.0,0.0,985
k338,0.0,0.0,0.0,0.588229496,0.0,0.0,0.0,0.0,0.0,0.0,1464
k2998,0.0,0.0,0.0,0.465097848,0.0,0.0,0.0,0.0,0.0,0.0,2313
k2886,0.0,0.0,0.0,0.554492915,0.0,0.0,0.0,0.0,0.0,0.0833,311
k2215,0.069,0.0,0.0,0.478210039,0.0588,0.0,0.0222,0.0,0.0,0.0,1250
k529,0.103448276,0.0,0.0,0.505834415,0.0,0.0,0.0,0.0,0.0,0.0,681
k1096,0.0,0.0,0.0,0.547424633,0.0,0.0,0.0,0.0,0.0,0.0,2806
k2141,0.0,0.0,0.0,0.469946626,0.0,0.0,0.0,0.0,0.0,0.0,656
k2246,0.0,0.0,0.176951866,0.372647702,0.0,0.454545455,0.0,0.0,0.0,0.0,2303
k416,0.0,0.0,0.0,0.434946644,0.0294,0.0909,0.0444,0.0,0.0,0.0,1867
k925,0.0,0.0,0.0,0.566512428,0.0,0.0,0.0444,0.0,0.0,0.0,830
k3272,0.0,0.0,0.0,0.475273456,0.0,0.0,0.0,0.0,0.0,0.0,2545
k1892,0.0,0.0,0.0,0.522386504,0.0,0.0,0.0,0.0,0.0,0.0,2721
k3219,0.0,0.0,0.0,0.4678637,0.0,0.0,0.0,0.0,0.0,0.0,909
k2396,0.0,0.166666667,0.0751,0.41121495,0.0294,0.0,0.0,0.0,0.0,0.0,1115
k2378,0.0,0.0,0.0,0.457073462,0.0,0.0,0.0,0.0,0.0,0.0,215
k367,0.0,0.0,0.0,0.518092942,0.0,0.0,0.0889,0.0,0.0,0.166666667,1076
k2010,0.0,0.0,0.0,0.387483255,0.0,0.0,0.0,0.0,0.0,0.0,3410
k894,0.0,0.0,0.0,0.464824677,0.0,0.0,0.0,0.0,0.0,0.0,2101
k3098,0.0,0.0,0.0,0.476605155,0.0,0.0,0.0,0.0,0.0,0.0,888
k331,0.0,0.0,0.0,0.423678358,0.0,0.0,0.0,0.0,0.0,0.0,144
k2355,0.0,0.0,0.0,0.506175878,0.0,0.0,0.0,0.0,0.0,0.0,2030
k1497,0.0,0.0,0.0,0.551624638,0.0,0.0,0.0889,0.0,0.0,0.0,1778
k1508,0.0,0.0,0.0,0.561288047,0.0,0.0,0.0444,0.0,0.0,0.0,2748
k11,0.0,0.0,0.0,0.488283198,0.0,0.0,0.0,0.0,0.0,0.0,3001
k265,0.0345,0.0,0.579407515,0.455822344,0.0,0.0,0.0,0.0,0.0,0.0,2044
k2445,0.0,0.0,0.0,0.491049054,0.0,0.0,0.0,0.0,0.0,0.0,621
k2123,0.0,0.0,0.476407432,0.431258842,0.0,0.0,0.0,0.0,0.0,0.0,3286
k2119,0.0,0.0,0.5977855,0.300034519,0.0,0.0,0.0,0.0,0.0,0.0,1701
k243,0.0,0.0,0.0,0.503170998,0.0,0.0,0.0,0.0,0.0,0.0,461
k2930,0.0,0.0,0.0,0.597005101,0.0,0.0,0.0,0.0,0.0,0.0,1036
k3330,0.0,0.0,0.0,0.414322266,0.0,0.0,0.0,0.0,0.0,0.0,2838
k3308,0.0,0.0,0.0,0.589595346,0.0,0.0,0.0,0.0,0.0,0.0833,1704
k44,0.0,0.0,0.0,0.534756347,0.0,0.0,0.0,0.0,0.0,0.0,1118
k381,0.0,0.0,0.0,0.594614852,0.0,0.0,0.0,0.0,0.0,0.0,1258
k1976,0.0,0.0,0.0,0.505766119,0.0,0.0,0.0,0.0,0.0,0.0,1839
k2713,0.0,0.0,0.0,0.459053949,0.0,0.0909,0.0444,0.0,0.0,0.0833,2393
k2651,0.103448276,0.0,0.0,0.446351517,0.0,0.0,0.0,0.0,0.0833,0.0,1946
k1634,0.0,0.0,0.0,0.46823931,0.0,0.0,0.0,0.0,0.0,0.0,137
k2202,0.0,0.0,0.0,0.456253954,0.0,0.0,0.0,0.0,0.0,0.0,1434
k2556,0.0,0.0,0.0,0.46759053,0.0,0.0,0.0,0.0,0.0,0.0,176
k45,0.0,0.0,0.0,0.483161253,0.0,0.0,0.0,0.0,0.0,0.333333333,666
k2704,0.0,0.0,0.0,0.442108494,0.0,0.0,0.0,0.0,0.0,0.0,1667
k2340,0.0,0.0,0.0,0.534449027,0.0,0.0,0.0,0.0,0.0,0.0833,1821
k2798,0.0,0.0,0.0,0.430473476,0.0,0.0,0.0,0.0,0.0,0.0,1461
k1286,0.0,0.0,0.0,0.422619821,0.0,0.0,0.0,0.0,0.0,0.0,1396
k592,0.069,0.0,0.0,0.417839337,0.0,0.0,0.0,0.0,0.0,0.0,1731
k2038,0.0,0.0,0.0,0.522258793,0.0,0.0,0.0,0.0,0.0,0.0,545
k814,0.0,0.0,0.0,0.432727133,0.0,0.0,0.0,0.0,0.0,0.0,1842
k3054,0.0,0.0,0.0,0.537624642,0.0,0.0,0.0,0.0,0.0,0.0,257
k1692,0.0,0.0,0.0,0.528814884,0.0,0.0,0.0444,0.0,0.0,0.0,821
k2066,0.0,0.0,0.0,0.484595402,0.0,0.0,0.0,0.0,0.0,0.0,1349
k2839,0.0,0.0,0.0,0.462024679,0.0,0.0,0.0,0.0,0.0,0.0,2896
k2983,0.0,0.0,0.0,0.551692923,0.0,0.0,0.0222,0.0,0.0,0.0,470
k807,0.0,0.0,0.0,0.457449072,0.0,0.0,0.0,0.0,0.0,0.0,1777
k3335,0.069,0.0,0.0,0.504281782,0.0,0.0909,0.0,0.0,0.0,0.0,1803
k3080,0.0,0.0,0.0,0.455179366,0.0,0.181818182,0.0,0.0,0.0,0.0,2637
k1242,0.0,0.0,0.0,0.455127118,0.0,0.0,0.0,0.0,0.0,0.0,1026
k653,0.0,0.0,0.0,0.46089785,0.0,0.0,0.0,0.0,0.0,0.0,1665
k1304,0.0,0.0,0.0,0.465371019,0.0,0.0,0.0,0.0,0.0,0.0,536
k3031,0.0,0.0,0.0,0.443790542,0.0,0.0,0.0,0.0,0.0,0.0,3280
k2153,0.069,0.75,0.0,0.706546496,0.132352941,0.0,0.222222222,0.0,0.0,0.166666667,2372
k431,0.069,0.0,0.0,0.474453937,0.0147,0.0,0.0,0.0,0.0,0.0,3276
k1672,0.0,0.0,0.0,0.588980708,0.0,0.0,0.0222,0.0,0.0,0.166666667,2543
k491,0.0,0.0,0.0,0.505629534,0.0,0.0,0.0,0.0,0.0,0.0,532
k1496,0.103448276,0.0,0.0,0.497741736,0.0,0.0909,0.0,0.0,0.0,0.0,2153
k2157,0.069,0.0,0.0,0.48278564,0.0147,0.0909,0.0444,0.0,0.0,0.0,3386
k339,0.0,0.0,0.0,0.378502772,0.0,0.0,0.0,0.0,0.0,0.0,2833
k3329,0.0,0.0,0.0,0.445363322,0.0,0.454545455,0.0,0.0,0.0,0.0,892
k2391,0.0,0.0,0.0,0.54342951,0.0,0.0,0.0,0.0,0.0,0.0833,3307
k564,0.0,0.0,0.0,0.461580777,0.0,0.0,0.0,0.0,0.0,0.0,2015
k248,0.0,0.0,0.0,0.505185631,0.0,0.0,0.0,0.0,0.0,0.0,3181
k622,0.0345,0.0,0.0,0.445019807,0.0,0.0,0.0,0.0,0.0,0.0,387
k3277,0.0,0.0,0.167154998,0.48476613,0.0,0.0,0.0222,0.0,0.0,0.0833,2111
k1821,0.0,0.0,0.0,0.45225883,0.0,0.0909,0.0,0.0,0.0,0.0,1139
k2781,0.0,0.0,0.0,0.638868486,0.0,0.0,0.0,0.0,0.0,0.0,3347
k690,0.0,0.0,0.0,0.384136916,0.0,0.0,0.0,0.0,0.0,0.0,2752
k1993,0.0,0.0,0.0,0.422722261,0.0,0.0,0.0,0.0,0.0,0.0,2278
k1370,0.0,0.0,0.0,0.479507593,0.0,0.0,0.0,0.0,0.0,0.0,2978
k1676,0.069,0.0,0.0994,0.530488057,0.0,0.0909,0.111111111,0.0,0.0,0.0833,1744
k686,0.0,0.0,0.0,0.485346614,0.0,0.0,0.0,0.0,0.0,0.0,38
k1486,0.0,0.0,0.0,0.576858764,0.0,0.0,0.0,0.0,0.0,0.166666667,1462
k609,0.0,0.0,0.0,0.432761279,0.0,0.0,0.0,0.0,0.0,0.0,988
k1482,0.0,0.0,0.0,0.56466853,0.0,0.0,0.0,0.0,0.0,0.0,2216
k1199,0.0,0.0,0.0,0.481692964,0.0,0.0,0.0,0.0,0.0,0.0,2446
k1765,0.0,0.0,0.0,0.549405123,0.0,0.0,0.0,0.0,0.0,0.0,85
k676,0.0,0.0,0.0,0.575527057,0.0,0.0,0.0,0.0,0.0,0.0,1381
k2126,0.0,0.0,0.0,0.506073436,0.0,0.0,0.0,0.0,0.0,0.0,2703
k2304,0.069,0.0,0.0,0.521678309,0.0,0.0,0.0,0.0,0.0,0.0,1338
k2699,0.0,0.0,0.0,0.54377098,0.0,0.0,0.0,0.0,0.0,0.0,959
k1454,0.103448276,0.0,0.0,0.466361259,0.0,0.0,0.0,0.0,0.0,0.0,2786
k161,0.0,0.0,0.0,0.409336902,0.0,0.0,0.0,0.0,0.0,0.0,1668
k233,0.0,0.0,0.0,0.455195414,0.0,0.0,0.0,0.0,0.0,0.0,1181
k2816,0.137931034,0.0,0.0,0.469092968,0.0,0.0,0.0,0.0,0.0,0.0833,3267
k3229,0.0,0.0,0.0,0.452532001,0.0,0.0,0.0,0.0,0.0,0.0,1352
k687,0.0,0.0,0.0,0.46257102,0.0,0.0,0.0,0.0,0.0,0.0,702
k2559,0.0,0.0,0.0,0.58491046,0.0,0.0,0.0,0.0,0.0,0.0,3359
k934,0.103448276,0.0,0.0,0.468410041,0.0441,0.0,0.0,0.0,0.0,0.0,1913
k327,0.0,0.0,0.0,0.462195411,0.0,0.0909,0.0,0.0,0.0,0.0,1957
k2857,0.0,0.0,0.0,0.494264275,0.0,0.0,0.0,0.0,0.0,0.0,1614
k2675,0.0,0.0,0.0,0.472917359,0.0,0.0,0.0,0.0,0.0,0.0,2009
k1457,0.0345,0.0,0.0,0.454922244,0.0,0.0,0.0,0.0,0.0833,0.0,1356
k3368,0.069,0.0,0.0,0.552444139,0.0,0.0,0.0,0.0,0.0,0.0833,1227
k1643,0.0,0.0,0.0,0.620668496,0.0,0.0,0.0,0.0,0.0,0.0,1740
k1604,0.0,0.0,0.0,0.568632228,0.0,0.0,0.0,0.0,0.0,0.0,2597
k1277,0.0,0.0,0.0,0.489649058,0.0,0.0,0.0,0.0,0.0,0.0,2618
k613,0.0,0.0,0.0,0.395507642,0.0,0.0,0.0,0.0,0.0,0.0,486
k3048,0.0,0.0,0.0,0.504502705,0.0,0.0,0.0,0.0,0.0,0.0,3158
k2050,0.0,0.0,0.0,0.556405116,0.0,0.0,0.0,0.0,0.0,0.0,553
k3183,0.0,0.0,0.0,0.565863648,0.0,0.0,0.0,0.0,0.0,0.0,1915
k2057,0.0,0.0,0.0,0.51129782,0.0,0.0,0.0,0.0,0.0,0.0,2344
k1171,0.0,0.0,0.0,0.40694666,0.0,0.181818182,0.0,0.0,0.0,0.0,271
k3248,0.0,0.0,0.0,0.432692987,0.0,0.0909,0.0222,0.0,0.0,0.0,2104
k1312,0.0,0.0,0.0,0.489649058,0.0,0.0,0.0,0.0,0.0,0.0,2260
k2773,0.0345,0.166666667,0.0,0.434639327,0.0,0.0,0.0,0.0,0.0,0.0,198
k3023,0.0,0.0,0.194825236,0.487292961,0.0,0.0,0.0222,0.0,0.0,0.0,1750
k728,0.0,0.0,0.0,0.553195369,0.0,0.0,0.0,0.0,0.0,0.0833,3349
k119,0.0,0.0,0.0,0.392129204,0.0,0.454545455,0.0,0.0,0.0,0.0,2460
k2793,0.103448276,0.0833,0.0,0.550156336,0.0147,0.0,0.0,0.0,0.0,0.0,3137
k1343,0.0,0.0,0.0,0.430029574,0.0,0.0,0.0,0.0,0.0,0.0,854
k2596,0.0,0.0,0.0,0.441332007,0.0,0.0,0.0,0.0,0.0,0.0,2887
k1536,0.0345,0.0,0.0,0.480680867,0.0,0.0,0.0,0.0,0.0833,0.0,2522
k1255,0.0,0.0,0.0,0.45529785,0.0,0.0,0.0,0.0,0.0,0.0,2498
k1479,0.0,0.0,0.0,0.566205118,0.0,0.0,0.0,0.0,0.0,0.166666667,1874
k2811,0.0,0.0,0.0,0.596527053,0.0,0.0,0.0,0.0,0.0,0.0,1027
k1750,0.0,0.0,0.0,0.568902677,0.0,0.0,0.0889,0.0,0.0,0.0,3094
k218,0.0,0.0,0.0,0.471073455,0.0,0.0,0.0,0.0,0.0,0.0,1098
k2597,0.0,0.0,0.0,0.407834464,0.0,0.0,0.0,0.0,0.0,0.0,303
k631,0.0,0.0,0.0,0.550702687,0.0,0.0,0.0,0.0,0.0,0.0,2474
k2790,0.103448276,0.75,0.0,0.603561192,0.132352941,0.181818182,0.133333333,0.0,0.0,0.166666667,1059
k176,0.0,0.0,0.0,0.480566136,0.0,0.0,0.0,0.0,0.0,0.0,3190
k2602,0.0,0.0,0.0,0.384307648,0.0,0.0909,0.0,0.0,0.0,0.0,1360
k3252,0.0,0.0,0.0,0.631148003,0.0,0.0,0.0,0.0,0.0,0.0,2279
k1811,0.103448276,0.0,0.0,0.517239283,0.0294,0.0,0.0,0.0,0.0,0.0,752
k2530,0.0,0.0,0.0,0.666731886,0.0,0.0,0.0,0.0,0.0,0.0,3226
k361,0.0,0.0,0.0,0.497741736,0.0,0.0,0.0,0.0,0.0,0.0,1407
k736,0.069,0.0,0.0,0.498663684,0.0,0.0,0.0,0.0,0.0,0.0,1408
k1716,0.0,0.0,0.0,0.488301296,0.0,0.0909,0.0222,0.0,0.0,0.0,974
k1332,0.0,0.0,0.0,0.559409986,0.0,0.0,0.0,0.0,0.0,0.0,2403
k2264,0.0,0.0,0.0,0.521063668,0.0,0.0,0.0,0.0,0.0,0.0,662
k2369,0.069,0.0,0.0,0.394690178,0.0147,0.454545455,0.0,0.0,0.0,0.0833,2762
k2853,0.0,0.0,0.0,0.490946615,0.0,0.0,0.0,0.0,0.0,0.0,2485
k2729,0.0,0.0,0.0,0.562449019,0.0,0.0,0.0,0.0,0.0,0.0,3235
k621,0.0,0.0,0.0,0.495317344,0.0,0.0,0.0,0.0,0.0,0.0,2376
k1866,0.0,0.0,0.0,0.428049088,0.0,0.0,0.0,0.0,0.0,0.0,751
k2691,0.0,0.0,0.0,0.486610035,0.0,0.0,0.0,0.0,0.0,0.25,1929
k448,0.0,0.0,0.0,0.528336838,0.0,0.0,0.0,0.0,0.0,0.0833,1550
k1788,0.0,0.0,0.480473865,0.334353629,0.0,0.454545455,0.0444,0.0,0.0,0.0,2447
k2884,0.0,0.0,0.0,0.588980708,0.0,0.0,0.0,0.0,0.0,0.0,2972
k1573,0.0,0.0,0.0,0.540322201,0.0,0.0,0.0889,0.0,0.0,0.0833,2676
k1132,0.0,0.0,0.0,0.483024671,0.0,0.0,0.0,0.0,0.0,0.0,1176
k2932,0.0,0.0,0.0,0.523829524,0.0,0.0,0.0,0.0,0.0,0.0,2900
k341,0.0,0.0,0.0,0.548585605,0.0,0.0,0.0,0.0,0.0,0.166666667,320
k236,0.0,0.0,0.0,0.564736819,0.0,0.0,0.0,0.0,0.0,0.0833,2660
k1826,0.0,0.0,0.0,0.514883184,0.0,0.0,0.0,0.0,0.0,0.0,2878
k2401,0.137931034,0.166666667,0.691660399,0.424975918,0.0294,0.0,0.0,0.0,0.0833,0.0833,619
k3404,0.0,0.0,0.0,0.400381688,0.0,0.0,0.0,0.0,0.0,0.0,1619
k1311,0.0,0.0,0.0,0.425932015,0.0441,0.0,0.0,0.0,0.0,0.0,648
k2833,0.0,0.0,0.0,0.545990494,0.0,0.0,0.0889,0.0,0.0,0.0,1044
k3269,0.0,0.0,0.0,0.451268587,0.0,0.0,0.0,0.0,0.0,0.0,2861
k1637,0.0,0.0,0.0,0.582697785,0.0,0.0,0.0,0.0,0.0,0.0,1020
k96,0.0,0.0,0.418954635,0.359585709,0.0,0.0,0.0222,0.0,0.0,0.0,1823
k2081,0.0,0.0,0.0,0.563200231,0.0,0.0,0.0222,0.0,0.0,0.166666667,2541
k2137,0.0,0.0,0.0,0.468922236,0.0,0.0,0.0,0.0,0.0,0.0,2469
k1686,0.0,0.0,0.0,0.544214886,0.0,0.181818182,0.0,0.0,0.0,0.0,196
k2525,0.0,0.0,0.0,0.469639309,0.0,0.0,0.0,0.0,0.0,0.0,1424
k2145,0.0,0.0,0.0,0.467829554,0.0,0.0,0.0,0.0,0.0,0.0,3139
k198,0.172413793,0.0833,0.0,0.31546866,0.0588,0.0,0.0,0.0,0.166666667,0.0,3109
k3250,0.0,0.0,0.0,0.49111735,0.0,0.0,0.0,0.0,0.0,0.0,1477
k1061,0.0,0.0,0.0,0.620600207,0.0,0.0,0.0444,0.0,0.0,0.166666667,2599
k2290,0.0,0.0,0.0,0.613586556,0.0,0.0,0.0,0.0,0.0,0.0,2741
k2249,0.0,0.0,0.0,0.446624687,0.0,0.0,0.0,0.0,0.0,0.0,2457
k3089,0.0,0.0,0.0,0.597927048,0.0,0.0,0.0,0.0,0.0,0.0,1544
k2007,0.0,0.0,0.0,0.537624642,0.0,0.0,0.0,0.0,0.0,0.0,2435
k3376,0.0,0.0,0.0,0.456973072,0.0,0.363636364,0.0,0.0,0.0,0.0,3170
k2250,0.103448276,0.166666667,0.0,0.580717295,0.0294,0.0,0.0,0.0,0.0,0.0,3370
k1848,0.0,0.0,0.0,0.585361202,0.0,0.0,0.0,0.0,0.0,0.0,108
k1919,0.0,0.0,0.0,0.547424633,0.0,0.0,0.0,0.0,0.0,0.0,3302
k2562,0.0,0.0,0.0,0.390658863,0.0,0.0,0.0,0.0,0.0,0.0,1052
k2584,0.0,0.0,0.0,0.624629477,0.0,0.0,0.0,0.0,0.0,0.0833,850
k1268,0.0345,0.0,0.280295169,0.255038894,0.0294,0.0,0.0,0.0,0.0,0.0,3318
k2017,0.0,0.0,0.0,0.514473435,0.0,0.0,0.0,0.0,0.0,0.0,2785
k1963,0.0,0.0,0.0,0.514780745,0.0,0.0,0.0444,0.0,0.0,0.0,712
k1121,0.0,0.0,0.0,0.606941674,0.0,0.0,0.0,0.0,0.0,0.0833,374
k647,0.0,0.0,0.0,0.399536908,0.0,0.0909,0.0,0.0,0.0,0.0,3187
k1292,0.0,0.0,0.0,0.510478311,0.0,0.0,0.0,0.0,0.0,0.0833,2455
k654,0.0,0.0,0.0,0.372458873,0.0,0.0,0.0,0.0,0.0,0.0,1811
k605,0.0,0.0,0.0,0.659185542,0.0,0.0,0.222222222,0.0,0.0,0.0,3169
k2068,0.0,0.0,0.0,0.495351487,0.0,0.0,0.0,0.0,0.0,0.0,1332
k886,0.0,0.0,0.0,0.422483236,0.0,0.0,0.0,0.0,0.0,0.0,3
k1404,0.103448276,0.0,0.61080166,0.391580814,0.0,0.0,0.0,0.0,0.0833,0.0,1498
k2211,0.0,0.0,0.0,0.63350751,0.0,0.0,0.0,0.0,0.0,0.166666667,192
k1091,0.0,0.0,0.0,0.482717351,0.0,0.0,0.0,0.0,0.0,0.0,1908
k3171,0.0,0.0,0.0,0.513449038,0.0,0.0,0.0,0.0,0.0,0.0,1312
k750,0.0,0.0,0.0,0.463492971,0.0,0.0,0.0,0.0,0.0,0.0,3041
k2877,0.0,0.0,0.0,0.474317355,0.0,0.0,0.0444,0.0,0.0,0.0,799
k3126,0.0,0.0,0.0,0.55008805,0.0,0.0,0.0,0.0,0.0,0.0,1035
k467,0.0,0.0,0.0,0.616502638,0.0,0.0,0.0,0.0,0.0,0.0,2603
k2992,0.0,0.0,0.0,0.528951469,0.0,0.0,0.0,0.0,0.0,0.166666667,1386
k1895,0.0,0.0,0.0,0.458872973,0.0,0.0,0.0,0.0,0.0,0.0,2133
k477,0.0,0.0,0.0,0.466361259,0.0,0.0,0.0,0.0,0.0,0.0,2579
k3390,0.0,0.0,0.0,0.435185669,0.0,0.0,0.0,0.0,0.0,0.0,1984
k245,0.0,0.0,0.0,0.451029559,0.0,0.0,0.0,0.0,0.0,0.0,3255
k193,0.0,0.0,0.0,0.573409992,0.0,0.0,0.0,0.0,0.0,0.0,2951
k254,0.0,0.0,0.48418214,0.408585683,0.0,0.0,0.0,0.0,0.0,0.0,1780
k2743,0.0,0.0,0.0,0.602400217,0.0,0.0,0.0,0.0,0.0,0.0,1543
k1104,0.0,0.0,0.0,0.389088132,0.0,0.0,0.0,0.0,0.0,0.0,3167
k1439,0.0,0.0,0.0,0.657218727,0.0,0.0,0.0,0.0,0.0,0.0,2479
k756,0.0,0.0,0.0,0.487891546,0.0,0.363636364,0.111111111,0.0,0.0,0.0833,2223
k730,0.0,0.0,0.0,0.493777345,0.0,0.0,0.0,0.0,0.0,0.0,3140
k2438,0.069,0.0,0.0,0.528849037,0.0,0.0,0.0,0.0,0.0,0.0,463
k581,0.0,0.0,0.0,0.520756358,0.0,0.0,0.0667,0.0,0.0,0.0,2818
k2267,0.0,0.0,0.0,0.58515632,0.0,0.0,0.0,0.0,0.0,0.0,1963
k126,0.0,0.0,0.0,0.470083211,0.0,0.0,0.0,0.0,0.0,0.0,3321
k2334,0.0,0.0,0.0,0.758039154,0.0,0.181818182,0.311111111,0.0,0.0,0.166666667,753
k3075,0.0,0.0,0.0,0.474546819,0.0,0.0,0.0,0.0,0.0,0.0,1010
k3374,0.0,0.0,0.0,0.533424637,0.0,0.0,0.0,0.0,0.0,0.0,2670
k785,0.0,0.0,0.0,0.459429558,0.0,0.0,0.0,0.0,0.0,0.0,1085
k2047,0.0,0.0,0.0,0.623127031,0.0,0.0,0.0,0.0,0.0,0.0,3380
k1111,0.0,0.0,0.0,0.444320835,0.0,0.181818182,0.0,0.0,0.0,0.0,3144
k460,0.0,0.0,0.0,0.434127133,0.0,0.0,0.0,0.0,0.0,0.0,795
k1330,0.0,0.0,0.0,0.496248518,0.0,0.181818182,0.0,0.0,0.0,0.0,187
k883,0.0,0.0,0.0,0.527449034,0.0,0.0,0.0,0.0,0.0,0.0833,644
k48,0.0,0.0,0.0,0.462400288,0.0,0.0,0.0,0.0,0.0,0.0,211
k33,0.0,0.0,0.0,0.589322165,0.0,0.0,0.0444,0.0,0.0,0.166666667,2857
k1196,0.0345,0.0,0.476099939,0.382141064,0.0588,0.0,0.0,0.0,0.0,0.0,840
k1217,0.0,0.0,0.0,0.683258696,0.0,0.0,0.0,0.0,0.0,0.166666667,2410
k3199,0.0,0.0,0.0,0.656453839,0.0,0.0,0.0444,0.0,0.0,0.0,224
k1060,0.0,0.0,0.0,0.577405098,0.0,0.0,0.0,0.0,0.0,0.0,1193
k519,0.0,0.0,0.0,0.63849287,0.0,0.0909,0.0889,0.0,0.0,0.0,2381
k2024,0.0,0.0,0.0,0.467642773,0.0,0.272727273,0.0,0.0,0.0,0.0,732
k1411,0.0,0.0,0.0,0.462673459,0.0,0.0909,0.0444,0.0,0.0,0.166666667,3275
k1418,0.0345,0.0,0.0,0.460592582,0.0,0.454545455,0.0444,0.0,0.0,0.0,1187
k344,0.0,0.0,0.0,0.407083245,0.0,0.0,0.0,0.0,0.0,0.0,2682
k2948,0.0,0.0,0.0,0.52253196,0.0,0.0,0.0,0.0,0.0,0.0,2834
k1986,0.0,0.0,0.0,0.439590545,0.0,0.0,0.0,0.0,0.0,0.0,1789
k943,0.0,0.0,0.0,0.555175842,0.0,0.0,0.0222,0.0,0.0,0.0833,2463
k1137,0.0,0.0,0.0,0.457542636,0.0,0.0,0.0,0.0,0.0,0.0,2192
k2778,0.0,0.0,0.0,0.467761261,0.0588,0.0,0.0,0.0,0.0,0.0,3237
k1688,0.0,0.0,0.0,0.42866372,0.0,0.181818182,0.0,0.0,0.0,0.0,1958
k3150,0.0,0.0,0.0,0.38724423,0.0,0.0,0.0,0.0,0.0,0.0,2664
k724,0.069,0.0,0.553061265,0.382532039,0.0294,0.0,0.0,0.0,0.0,0.0,2807
k219,0.0,0.0,0.0,0.434571035,0.0,0.0,0.0,0.0,0.0,0.0,1142
k1659,0.0,0.0,0.0,0.44225669,0.0,0.0,0.0,0.0,0.0,0.0,1861
k2760,0.0,0.0,0.0,0.455263707,0.0,0.0,0.0,0.0,0.0,0.0,426
k2037,0.0,0.0,0.0,0.481692964,0.0,0.0,0.0,0.0,0.0,0.0,1613
k2892,0.0,0.0,0.0,0.46656614,0.0,0.0,0.0,0.0,0.0,0.0,2087
k2654,0.0,0.0,0.0,0.511400259,0.0,0.0,0.0,0.0,0.0,0.166666667,1536
k2332,0.0,0.0,0.0,0.446078346,0.0,0.0,0.0,0.0,0.0,0.0,1723
k3202,0.0,0.0,0.0,0.484697834,0.0,0.0,0.0,0.0,0.0,0.0,722
k3165,0.0,0.0,0.0,0.445602346,0.0,0.363636364,0.0,0.0,0.0,0.0,1730
k2692,0.0,0.0,0.221330054,0.472567015,0.0,0.0,0.0,0.0,0.0,0.0,59
k2601,0.0,0.0,0.0,0.52980513,0.0,0.0,0.0,0.0,0.0,0.0,1091
k1703,0.0,0.0,0.0,0.51358563,0.0,0.0,0.0,0.0,0.0,0.0,1475
k574,0.0,0.0,0.0,0.496683197,0.0,0.0,0.0,0.0,0.0,0.0,2149
k787,0.069,0.0,0.0,0.413775925,0.0294,0.0,0.0,0.0,0.0,0.0,972
k31,0.0,0.0,0.0,0.538922195,0.0,0.0,0.0889,0.0,0.0,0.0,2265
k1554,0.0,0.0,0.0,0.450858828,0.0,0.0,0.0,0.0,0.0,0.0,512
k215,0.0,0.0,0.0,0.352986591,0.0,0.0,0.0,0.0,0.0,0.0,2739
k2909,0.0,0.0,0.0,0.35559059,0.0,0.0,0.0,0.0,0.0,0.0,2583
k3180,0.0,0.0,0.0,0.533834396,0.0,0.0,0.0,0.0,0.0,0.0,1430
k443,0.0,0.0,0.0,0.517990503,0.0,0.0,0.0222,0.0,0.0,0.0,2179
k2426,0.0,0.0,0.0,0.634156294,0.0,0.0,0.0,0.0,0.0,0.0,1772
k914,0.069,0.0,0.0,0.441775909,0.0588,0.0,0.0,0.0,0.0,0.0,1327
k2446,0.103448276,0.0,0.0,0.495419783,0.0,0.0,0.0,0.0,0.0,0.0833,3174
k3107,0.0,0.0,0.0,0.434092987,0.0,0.0,0.0,0.0,0.0,0.0,3336
k379,0.0,0.0,0.0,0.522122211,0.0,0.0,0.0222,0.0,0.0,0.0,1109
k1962,0.0,0.0,0.407097727,0.466122238,0.0,0.0,0.488888889,0.0,0.0,0.0,391
k1852,0.069,0.0,0.0,0.447580784,0.0294,0.0,0.0,0.0,0.0,0.0,3099
k19,0.0,0.0,0.0,0.425453966,0.0,0.0,0.0,0.0,0.0,0.0,1944
k2520,0.0,0.0,0.0,0.502010027,0.0,0.0,0.0,0.0,0.0,0.0,1304
k2545,0.103448276,0.0833,0.0,0.604175829,0.0147,0.0,0.0222,0.0,0.0,0.25,95
k820,0.0,0.0,0.0,0.450107612,0.0,0.0,0.0,0.0,0.0,0.0,43
k3428,0.0,0.0,0.0,0.395200325,0.0,0.0,0.0,0.0,0.0,0.0,1851
k587,0.0,0.0,0.0,0.463766141,0.0,0.0,0.0,0.0,0.0,0.0,1120
k1595,0.0,0.0,0.0,0.688448951,0.0,0.0,0.0,0.0,0.0,0.0,62
k811,0.0,0.0,0.0,0.511024653,0.0,0.0,0.0889,0.0,0.0,0.0,775
k79,0.0,0.0,0.0,0.419580799,0.0,0.0,0.0,0.0,0.0,0.0,2147
k1463,0.0,0.0,0.0,0.56401975,0.0,0.0,0.0222,0.0,0.0,0.0,3188
k1100,0.137931034,0.0,0.0,0.469502724,0.0294,0.0,0.0,0.0,0.0,0.0,398
k1673,0.069,0.0,0.0,0.531717324,0.0,0.0,0.0,0.0,0.0,0.166666667,2805
k3149,0.0,0.0,0.0,0.447888105,0.0,0.272727273,0.0,0.0,0.0,0.0,2399
k152,0.0,0.0,0.0,0.545341711,0.0,0.0,0.0444,0.0,0.0,0.0,525
k2754,0.0,0.0,0.0,0.492244178,0.0,0.0,0.0889,0.0,0.0,0.0,2946
k1804,0.0,0.0,0.0,0.538683174,0.0,0.0,0.0,0.0,0.0,0.0833,1406
k1889,0.0,0.0,0.0,0.410600316,0.0,0.0,0.0,0.0,0.0,0.0,191
k846,0.0,0.0,0.0,0.53741976,0.0,0.0,0.0,0.0,0.0,0.0,1266
k1572,0.0,0.0,0.0,0.440853959,0.0,0.0,0.0667,0.0,0.0,0.0833,446
k2920,0.103448276,0.0833,0.0,0.602844122,0.0147,0.0,0.0222,0.0,0.0,0.25,2028
k1890,0.0,0.0,0.0,0.442390543,0.0,0.0,0.0,0.0,0.0,0.0,1996
k794,0.069,0.0,0.647257203,0.488466226,0.0,0.0,0.0,0.0,0.0833,0.0,2084
k3011,0.0,0.0,0.0,0.48565667,0.0,0.0,0.0,0.0,0.0,0.0,473
k1025,0.0,0.0,0.0,0.432556402,0.0,0.0,0.0,0.0,0.0,0.0,1986
k1881,0.0,0.0,0.0,0.480668575,0.0,0.0,0.0,0.0,0.0,0.0,2476
k2442,0.103448276,0.166666667,0.276407804,0.567673403,0.0294,0.0,0.288888889,0.0,0.0,0.333333333,2960
k1414,0.0,0.0,0.0,0.487122226,0.0,0.0909,0.0222,0.0,0.0,0.0,2383
k893,0.0,0.0,0.41091303,0.37341497,0.0,0.0909,0.0,0.0,0.0,0.0,716
k2055,0.0,0.0,0.0,0.507814895,0.0,0.0,0.0,0.0,0.0,0.0,678
k135,0.069,0.0,0.633829865,0.327658894,0.0588,0.0,0.0,0.0,0.0,0.0,1421
k2895,0.0,0.0,0.0,0.522395378,0.0,0.0,0.0,0.0,0.0,0.0,1858
k511,0.0,0.0,0.0,0.450740344,0.0,0.181818182,0.0,0.0,0.0,0.0,1099
k3135,0.0,0.0,0.0,0.553707557,0.0,0.0,0.0222,0.0,0.0,0.0833,2301
k596,0.0,0.0,0.0,0.637707515,0.0,0.0,0.0,0.0,0.0,0.166666667,1275
k677,0.069,0.0,0.0,0.553707557,0.0,0.0,0.0222,0.0,0.0,0.0833,1776
k1211,0.069,0.0,0.0,0.543907558,0.0,0.0909,0.0667,0.0,0.0,0.166666667,279
k2870,0.103448276,0.0833,0.661717164,0.42301353,0.0,0.272727273,0.0,0.0,0.0833,0.0,1675
k2804,0.206896552,0.333333333,0.691800823,0.31014183,0.0588,0.0909,0.0,0.0,0.166666667,0.0,1297
k1150,0.0,0.0,0.0,0.501736853,0.0,0.0,0.0222,0.0,0.0,0.0,454
k2274,0.0,0.0,0.0,0.451541758,0.0,0.0,0.0,0.0,0.0,0.0,673
k2774,0.0,0.0,0.0,0.44867347,0.0,0.0,0.0,0.0,0.0,0.0,814
k3337,0.0,0.0,0.0,0.532707568,0.0,0.0,0.0889,0.0,0.0,0.0,1754
k2921,0.206896552,0.0,0.0,0.467795408,0.0882,0.0,0.0667,0.0,0.0,0.166666667,3320
k2696,0.0,0.0,0.0,0.524136844,0.0,0.0,0.0,0.0,0.0,0.0,2385
k2720,0.0,0.0,0.0,0.619063622,0.0,0.0,0.0,0.0,0.0,0.0,1548
k264,0.0,0.0,0.0,0.527688055,0.0,0.0,0.177777778,0.0,0.0,0.0,1510
k1236,0.0,0.0,0.0,0.361088148,0.0,0.0,0.0,0.0,0.0,0.0,1347
k856,0.24137931,0.0,0.0,0.378366187,0.0735,0.0,0.0,0.272727273,0.0,0.25,1090
k2415,0.0,0.0,0.0,0.592190459,0.0,0.0,0.0222,0.0,0.0,0.0,1600
k1548,0.0,0.0,0.0,0.499107589,0.0,0.0,0.0,0.0,0.0,0.0,1943
k438,0.0,0.0,0.0,0.425419821,0.0,0.0,0.0,0.0,0.0,0.0,539
k2890,0.0,0.0,0.0,0.350093032,0.0,0.0,0.0,0.0,0.0,0.0,439
k3262,0.0,0.0,0.0,0.455127118,0.0,0.0,0.0,0.0,0.0,0.0,1505
k1952,0.0,0.0,0.0,0.495453926,0.0,0.0,0.0,0.0,0.0,0.0,3383
k34,0.0,0.0,0.0,0.479951495,0.0,0.0,0.0,0.0,0.0,0.0,2487
k2168,0.0,0.0,0.0,0.57057584,0.0,0.0,0.0,0.0,0.0,0.0,983
k1216,0.0,0.0,0.0,0.596766077,0.0,0.0,0.0222,0.0,0.0,0.0833,1491
k1905,0.0,0.0,0.23577418,0.371263751,0.0,0.0909,0.0,0.0,0.0,0.0,3195
k3168,0.0,0.0,0.0,0.514814898,0.0,0.0,0.0,0.0,0.0,0.0,443
k2769,0.0,0.0,0.0,0.527790497,0.0,0.0,0.0,0.0,0.0,0.0,1230
k995,0.0,0.0,0.0,0.449049076,0.0,0.181818182,0.0,0.0,0.0,0.0,1382
k1545,0.0,0.0,0.0,0.462366142,0.0,0.0,0.0,0.0,0.0,0.0,777
k1387,0.0,0.0,0.0,0.509453922,0.0,0.0,0.0,0.0,0.0,0.0,2010
k2463,0.0,0.0,0.0,0.527858793,0.0,0.0,0.0,0.0,0.0,0.0,1196
k1781,0.0,0.0,0.0,0.428697868,0.0,0.0,0.0,0.0,0.0,0.0,330
k169,0.0,0.0,0.0,0.469229557,0.0,0.0,0.0,0.0,0.0,0.0,2525
k1767,0.137931034,0.0,0.0997,0.593488023,0.0,0.0,0.0889,0.0,0.0,0.0,60
k1136,0.0,0.0,0.0,0.551044143,0.0,0.0,0.0,0.0,0.0,0.0,950
k1069,0.0,0.0,0.0,0.589906077,0.0,0.0,0.0,0.0,0.0,0.0,2481
k2103,0.0,0.0,0.0,0.462844191,0.0,0.0,0.0,0.0,0.0,0.0,3153
k2808,0.0,0.0,0.0,0.635727025,0.0,0.0,0.0,0.0,0.0,0.0,2872
k1155,0.0,0.0,0.0,0.479439307,0.0,0.0,0.0,0.0,0.0,0.0,3397
k378,0.0,0.0,0.0,0.409029585,0.0,0.0,0.0,0.0,0.0,0.0,1627
k151,0.0345,0.0,0.199406309,0.400787687,0.0,0.0,0.0,0.0,0.0,0.0,594
k3331,0.0,0.0,0.0,0.494771003,0.0,0.0,0.0,0.0,0.0,0.333333333,1671
k1547,0.069,0.0833,0.0,0.492790519,0.0294,0.0,0.0,0.0,0.0,0.0,1070
k555,0.0,0.0,0.0,0.460761265,0.0,0.0,0.0,0.0,0.0,0.0,1934
k1019,0.0,0.0,0.0,0.400971053,0.0,0.0,0.0,0.0,0.0,0.0,2974
k1468,0.0,0.0,0.442018635,0.451200298,0.0,0.0909,0.0,0.0,0.0,0.0,423
k3218,0.0,0.0,0.0,0.474863696,0.0,0.0,0.0,0.0,0.0,0.0,376
k3007,0.0345,0.0,0.0,0.507097825,0.0,0.0,0.0,0.0,0.0,0.0,388
k1517,0.0,0.0,0.0,0.451883221,0.0,0.0,0.0222,0.0,0.0,0.0833,2024
k2176,0.0,0.0,0.0,0.485740328,0.0,0.272727273,0.111111111,0.0,0.0,0.166666667,2766
k3001,0.0,0.0,0.0,0.568800228,0.0,0.0,0.0,0.0,0.0,0.0,521
k473,0.0,0.0,0.0,0.665400176,0.0,0.0909,0.0889,0.0,0.0,0.0,1669
k705,0.0,0.0,0.0,0.554492915,0.0,0.0,0.0,0.0,0.0,0.0833,107
k786,0.0,0.0,0.0,0.435014938,0.0,0.0,0.0,0.0,0.0,0.0,2294
k1570,0.0,0.0,0.0,0.423507627,0.0,0.0,0.0,0.0,0.0,0.0,1019
k645,0.0345,0.0,0.0,0.435185669,0.0147,0.0,0.0,0.0,0.0,0.0,471
k1138,0.0,0.0,0.0,0.408483244,0.0,0.0,0.0,0.0,0.0,0.0,2753
k2635,0.0,0.0,0.0,0.466771018,0.0,0.0,0.0,0.0,0.0,0.0,3360
k295,0.0,0.0,0.0,0.420741775,0.0,0.363636364,0.0,0.0,0.0,0.0,2839
k194,0.0,0.0,0.0,0.482375888,0.0,0.0,0.0,0.0,0.0,0.0,975
k2529,0.0,0.0,0.0,0.573000233,0.0,0.0,0.111111111,0.0,0.0,0.0,2164
k3282,0.0,0.0,0.0,0.59147339,0.0,0.0,0.0222,0.0,0.0,0.0,1819
k1681,0.0,0.0,0.0,0.555858782,0.0,0.272727273,0.0222,0.0,0.0,0.0,856
k1263,0.0,0.0,0.0,0.558385606,0.0,0.0,0.0,0.0,0.0,0.166666667,607
k523,0.0,0.0,0.0,0.457756389,0.0,0.0,0.0,0.0,0.0,0.0,2007
k456,0.0,0.0,0.0,0.550805119,0.0,0.0,0.0,0.0,0.0,0.0,2355
k935,0.0,0.0,0.0,0.509385626,0.0,0.0,0.0,0.0,0.0,0.0,272
k1526,0.0,0.0,0.0,0.453590537,0.0,0.0,0.0,0.0,0.0,0.0,1348
k556,0.0,0.0,0.0,0.459190534,0.0,0.0,0.0,0.0,0.0,0.0,2836
k2307,0.103448276,0.0,0.0,0.555346577,0.0,0.272727273,0.0222,0.181818182,0.0,0.0,3285
k1995,0.0,0.0,0.0,0.51826367,0.0,0.181818182,0.0889,0.0,0.0,0.0,2375
k1766,0.0,0.0,0.0,0.465929649,0.0,0.0,0.0,0.0,0.0,0.0,3000
k1518,0.0,0.0,0.0,0.615512401,0.0,0.0,0.0444,0.0,0.0,0.166666667,1253
k1011,0.103448276,0.0,0.0,0.524136844,0.0,0.0,0.0,0.0,0.0,0.166666667,1906
k1693,0.0,0.0,0.0,0.516488068,0.0,0.0,0.0222,0.0,0.0,0.0,2210
k2399,0.0,0.0,0.247807531,0.47254175,0.0,0.0,0.0444,0.0,0.0,0.0,291
k590,0.0,0.0,0.0,0.455266439,0.0,0.0,0.0,0.0,0.0,0.0,1132
k1241,0.0,0.0,0.0,0.545649024,0.0,0.0909,0.0444,0.0,0.0,0.0,15
k2673,0.0,0.0,0.0,0.459736879,0.0,0.0,0.0,0.0,0.0,0.0,1895
k3037,0.0,0.0,0.0,0.55633683,0.0,0.0,0.0444,0.0,0.0,0.0,2884
k2712,0.0,0.0,0.0,0.552580728,0.0,0.0,0.0222,0.0,0.0,0.0833,3117
k1601,0.0,0.0,0.0,0.52680025,0.0,0.0,0.0,0.0,0.0,0.166666667,3357
k2350,0.0,0.0,0.0,0.472166137,0.0,0.0,0.0,0.0,0.0,0.0,402
k1015,0.069,0.0,0.0,0.553707557,0.0,0.0,0.0222,0.0,0.0,0.0833,1459
k1135,0.206896552,0.0833,0.0,0.437268595,0.0294,0.0,0.0,0.0,0.0833,0.0,2507
k2933,0.0,0.0,0.0,0.390863742,0.0,0.0,0.0444,0.0,0.0,0.0,2921
k2273,0.0,0.0,0.0,0.40462471,0.0,0.0,0.0,0.0,0.0,0.0,2088
k1749,0.0,0.0,0.0,0.602673384,0.0,0.0,0.0,0.0,0.0,0.0,2746
k363,0.0,0.0,0.0,0.514234404,0.0,0.0,0.0,0.0,0.0,0.0,214
k2776,0.0,0.0,0.0,0.407288123,0.0,0.0,0.0,0.0,0.0,0.0,2467
k682,0.0,0.0,0.0,0.54875634,0.0,0.0,0.0,0.0,0.0,0.0,864
k1027,0.0,0.0,0.0,0.495010024,0.0,0.0,0.0222,0.0,0.0,0.0,1268
k1560,0.0,0.0,0.0,0.569892914,0.0,0.0,0.0889,0.0,0.0,0.166666667,2636
k403,0.137931034,0.166666667,0.280944334,0.569209987,0.0294,0.0,0.222222222,0.0,0.0,0.666666667,1256
k1865,0.069,0.0,0.0,0.554253891,0.0,0.0,0.0,0.0,0.0,0.0833,2706
k226,0.0,0.0,0.0,0.455366146,0.0,0.0,0.0,0.0,0.0,0.0,26
k1996,0.0,0.0,0.0,0.735741619,0.0,0.0,0.0,0.0,0.0,0.0,3107
k1285,0.0,0.0,0.0,0.481658811,0.0,0.0,0.0,0.0,0.0,0.0,2286
k2922,0.137931034,0.0,0.0,0.475683205,0.0,0.0,0.0,0.0,0.0,0.0833,1500
k1465,0.0,0.0,0.0,0.552000234,0.0,0.0,0.0,0.0,0.0,0.0,1418
k2276,0.0,0.0,0.0,0.406468611,0.0,0.0,0.0,0.0,0.0,0.0,2870
k2433,0.0,0.0,0.0,0.463356386,0.0,0.0,0.0,0.0,0.0,0.0,2540
k1424,0.069,0.0,0.0,0.562312427,0.0,0.0909,0.0444,0.0,0.0,0.0,1095
k2242,0.0,0.0,0.0,0.51993684,0.0,0.0,0.0,0.0,0.0,0.0,2424
k848,0.0,0.0,0.0,0.619473378,0.0,0.0,0.0,0.0,0.0,0.0,2840
k828,0.0,0.0,0.0,0.519185627,0.0,0.0,0.0,0.0,0.0,0.0,2846
k1473,0.0,0.0,0.0,0.519185627,0.0,0.0,0.0,0.0,0.0,0.0,47
k427,0.0,0.0,0.0,0.475580766,0.0,0.0,0.0,0.0,0.0,0.0,1101
k55,0.0,0.0,0.0,0.419990555,0.0,0.0,0.0,0.0,0.0,0.0,2304
k471,0.0,0.0,0.0,0.651208971,0.0,0.0,0.0,0.0,0.0,0.0,1056
k1252,0.0,0.0,0.0,0.495180759,0.0,0.0,0.0,0.0,0.0,0.0,3358
k3346,0.0,0.0,0.0,0.50692709,0.0,0.0,0.0,0.0,0.0,0.0833,614
k1078,0.0,0.0,0.0,0.472166137,0.0,0.0,0.0,0.0,0.0,0.0,1605
k637,0.069,0.0,0.0,0.528166103,0.0,0.0,0.0,0.0,0.0,0.166666667,441
k3000,0.069,0.0,0.0,0.538068544,0.0,0.0,0.0,0.0,0.0,0.0833,351
k703,0.069,0.166666667,0.265330123,0.53946854,0.0294,0.0909,0.222222222,0.0,0.0,0.5,2552
k918,0.0,0.0,0.0,0.456800291,0.0,0.0,0.0,0.0,0.0,0.0,877
k1891,0.0,0.0,0.0,0.464858824,0.0,0.0,0.0,0.0,0.0,0.0,1399
k2172,0.0,0.0,0.229033956,0.433239327,0.0,0.0,0.0,0.0,0.0,0.0,504
k1815,0.0,0.0,0.0,0.545170976,0.0,0.0,0.0,0.0,0.0,0.0,2797
k1088,0.0,0.0,0.459447409,0.428151526,0.0,0.0,0.0,0.0,0.0,0.0,114
k2163,0.069,0.0,0.0,0.62589288,0.0,0.0,0.0,0.0,0.0,0.0,252
k633,0.0,0.0,0.0,0.477527113,0.0,0.0,0.0,0.0,0.0,0.0,1456
k2688,0.0,0.0,0.0,0.60468802,0.0,0.0,0.0,0.0,0.0,0.0,1208
k2639,0.0,0.0,0.0,0.491210907,0.0,0.0,0.0,0.0,0.0,0.0,433
k1266,0.0,0.0,0.0,0.486849059,0.0,0.0,0.0,0.0,0.0,0.0,2862
k921,0.0,0.0,0.0,0.574570963,0.0,0.0,0.0,0.0,0.0,0.333333333,1879
k1756,0.069,0.0,0.193957372,0.477219793,0.0,0.0,0.0444,0.0,0.0833,0.0,1715
k2882,0.0,0.0,0.0,0.604619731,0.0,0.0,0.0,0.0,0.0,0.0833,1000
k2767,0.0,0.0,0.0,0.503136855,0.0,0.0,0.0,0.0,0.0,0.0,3388
k1564,0.0,0.0,0.0,0.574400228,0.0,0.0,0.0889,0.0,0.0,0.0,2067
k1453,0.0,0.0,0.0,0.422688115,0.0,0.0,0.0,0.0,0.0,0.0,1769
k179,0.0,0.0,0.0,0.613873381,0.0,0.0,0.0,0.0,0.0,0.0,2138
k259,0.0,0.0,0.0,0.560229504,0.0,0.0,0.0,0.0,0.0,0.0,175
k3362,0.103448276,0.0,0.221739707,0.480122234,0.0,0.0909,0.0667,0.0,0.0,0.0833,595
k2536,0.0,0.0,0.0,0.502624657,0.0,0.0,0.0,0.0,0.0,0.0,2280
k1179,0.0,0.0,0.0,0.492790519,0.0,0.0,0.0,0.0,0.0,0.0,1018
k17,0.0,0.0,0.0,0.503683197,0.0,0.0,0.0,0.0,0.0,0.0833,1734
k141,0.0,0.0,0.0,0.45031249,0.0,0.0,0.0,0.0,0.0,0.0,2332
k2140,0.0345,0.0,0.209333956,0.43352445,0.0,0.0,0.0,0.0,0.0,0.0,1320
k2955,0.0,0.0,0.0,0.486678324,0.0,0.0,0.0,0.0,0.0,0.0,1067
k2628,0.103448276,0.0,0.571881425,0.347190598,0.0441,0.0,0.0,0.0,0.0,0.0,2724
k2313,0.069,0.0,0.0,0.504520806,0.0,0.0909,0.0,0.0,0.0,0.0,1040
k1628,0.0,0.0,0.0,0.630741665,0.0,0.0,0.0,0.0,0.0,0.166666667,2729
k2323,0.0345,0.0,0.0,0.517819768,0.0,0.0,0.0,0.0,0.0,0.0833,2982
k459,0.0,0.0,0.0,0.400219834,0.0,0.0909,0.0667,0.0,0.0,0.0,2710
k211,0.0,0.0,0.0,0.453671122,0.0,0.0,0.0,0.0,0.0,0.0,3214
k940,0.0,0.0,0.0,0.64549288,0.0,0.0,0.155555556,0.0,0.0,0.0833,2697
k1498,0.0,0.0,0.0,0.609570948,0.0,0.0,0.0,0.0,0.0,0.0,1864
k3191,0.0,0.0,0.0,0.46526858,0.0,0.0,0.0,0.0,0.0,0.0,2905
k2941,0.0,0.0,0.0,0.50661978,0.0,0.0,0.0222,0.0,0.0,0.0,1698
k2189,0.0,0.0,0.0,0.578053882,0.0,0.0,0.0,0.0,0.0,0.0,2835
k2623,0.0,0.0,0.0,0.441912495,0.0,0.0,0.0,0.0,0.0,0.0,1703
k2887,0.0345,0.166666667,0.0,0.471414914,0.0441,0.0909,0.0667,0.181818182,0.0,0.166666667,2258
k1123,0.137931034,0.0,0.0,0.452873464,0.0735,0.0,0.0,0.0,0.0,0.0833,1899
k1366,0.0,0.0,0.0,0.522395378,0.0,0.0,0.0,0.0,0.0,0.0,3341
k1010,0.0,0.0,0.0,0.578088024,0.0,0.0,0.0,0.0,0.0,0.0833,806
k1470,0.0,0.0,0.0,0.531751467,0.0,0.0,0.0,0.0,0.0,0.0833,3344
k2600,0.0,0.0,0.0,0.555449022,0.0,0.0,0.0,0.0,0.0,0.0,1502
k183,0.0,0.0,0.0,0.559853891,0.0,0.0,0.0,0.0,0.0,0.0,820
k332,0.0,0.0,0.0,0.439590545,0.0,0.0,0.0,0.0,0.0,0.0,728
k2854,0.0,0.0,0.0,0.599463636,0.0,0.0,0.244444444,0.0,0.0,0.166666667,3272
k1393,0.0,0.0,0.0,0.445122249,0.0,0.0,0.0,0.0,0.0,0.0,77
k2571,0.0,0.0,0.0,0.420741775,0.0,0.0,0.0,0.0,0.0,0.0,1140
k1553,0.0,0.0,0.0,0.527007867,0.0,0.0,0.0,0.0,0.0,0.0,2218
k80,0.0,0.0,0.0,0.439522252,0.0,0.0,0.0,0.0,0.0,0.0,2166
k726,0.0,0.0,0.0,0.47718565,0.0,0.0,0.0,0.0,0.0,0.0,3366
k884,0.0,0.0,0.0,0.457824678,0.0,0.0,0.0,0.0,0.0,0.0,385
k3029,0.0,0.0,0.0,0.534107564,0.0,0.0,0.0444,0.0,0.0,0.0,1483
k2278,0.0,0.0,0.0,0.463989117,0.0,0.181818182,0.0,0.0,0.0,0.0,1848
k3101,0.0,0.0,0.0,0.580741197,0.0,0.0,0.0,0.0,0.0,0.0,3369
k64,0.0,0.0,0.0,0.549780723,0.0,0.0,0.0,0.0,0.0,0.0,1891
k1714,0.0,0.0,0.0,0.512322209,0.0,0.0,0.0444,0.0,0.0,0.0,1094
k1298,0.0,0.0,0.0,0.509078316,0.0,0.0,0.0,0.0,0.0,0.0,181
k1197,0.069,0.0,0.0,0.458849071,0.0,0.0,0.0,0.0,0.0,0.0,341
k121,0.0,0.0,0.0,0.568970966,0.0,0.0,0.0,0.0,0.0,0.0,96
k1795,0.0,0.0,0.0,0.549234388,0.0,0.0,0.0,0.0,0.0,0.0,903
k2797,0.206896552,0.0833,0.0,0.409439342,0.0294,0.0,0.0,0.0,0.0833,0.0,1220
k1218,0.0,0.0,0.0,0.557600234,0.0,0.0,0.0444,0.0,0.0,0.0,2388
k3225,0.0,0.0,0.0,0.590961199,0.0,0.0909,0.155555556,0.0,0.0,0.166666667,2482
k2763,0.0,0.0,0.0,0.524273426,0.0,0.0,0.0,0.0,0.0,0.0,278
k1346,0.0,0.0,0.0,0.520039282,0.0,0.0,0.0,0.0,0.0,0.0,237
k1721,0.0,0.0,0.0,0.493439293,0.0,0.0909,0.0,0.0,0.0,0.166666667,2256
k3087,0.0,0.0,0.0,0.527005132,0.0,0.0,0.0,0.0,0.0,0.0833,24
k2001,0.0,0.0,0.0,0.620728594,0.0,0.0,0.0,0.0,0.0,0.25,2965
k1835,0.0345,0.0,0.0,0.446795419,0.0,0.0,0.0,0.0,0.0,0.0,1072
k1697,0.0,0.0,0.0,0.585361202,0.0,0.0,0.0,0.0,0.0,0.0,336
k1669,0.0,0.0,0.0,0.512049042,0.0,0.0,0.0444,0.0,0.0,0.0,626
k2423,0.0,0.0,0.0,0.479610035,0.0,0.0,0.0,0.0,0.0,0.0,3106
k1884,0.0,0.0,0.0,0.515463671,0.0,0.0,0.0,0.0,0.0,0.0,2528
k2079,0.0,0.0,0.0,0.513724264,0.0,0.363636364,0.0667,0.0,0.0,0.0,1137
k668,0.0,0.0,0.0,0.417668605,0.0,0.0,0.0,0.0,0.0,0.0,129
k2177,0.0,0.0,0.0,0.497617437,0.0,0.0,0.0,0.0,0.0,0.0,3098
k3221,0.0,0.0,0.0,0.602741673,0.0,0.0,0.0,0.0,0.0,0.0,990
k1287,0.0,0.0,0.0,0.513414895,0.0,0.0,0.0,0.0,0.0,0.0,1564
k2473,0.0,0.0,0.0,0.494497836,0.0,0.0,0.0889,0.0,0.0,0.0,3076
k2149,0.0,0.0,0.0,0.446419809,0.0,0.0,0.0,0.0,0.0,0.0,2975
k2362,0.0,0.0,0.0,0.453317367,0.0,0.0,0.0,0.0,0.0,0.0,2209
k2969,0.0,0.0,0.0,0.540253905,0.0,0.0,0.0,0.0,0.0,0.0,1177
k2152,0.0,0.0,0.0,0.479951495,0.0,0.0,0.0,0.0,0.0,0.0,1061
k2208,0.0,0.0,0.0,0.530078304,0.0,0.0,0.0,0.0,0.0,0.333333333,1213
k289,0.0,0.0,0.0,0.462844191,0.0,0.0909,0.0,0.0,0.0,0.0,873
k2183,0.0,0.0,0.0,0.442766153,0.0,0.0,0.0667,0.0,0.0,0.0833,2440
k1016,0.069,0.0,0.0,0.501566125,0.0147,0.0909,0.0667,0.181818182,0.0,0.166666667,2875
k1032,0.0,0.0,0.0,0.4460442,0.0,0.0,0.0,0.0,0.0,0.0,2387
k2174,0.0,0.0,0.0,0.477142625,0.0,0.0,0.0,0.0,0.0,0.0,389
k1530,0.0,0.0,0.0,0.599429476,0.0,0.0,0.0,0.0,0.0,0.0,2699
k2491,0.0345,0.0,0.0,0.464098727,0.0147,0.0,0.0,0.0,0.0,0.0833,2171
k2614,0.0,0.0,0.0,0.47882467,0.0,0.0,0.0,0.0,0.0,0.0,557
k3131,0.0,0.0,0.0,0.481419787,0.0,0.0,0.0,0.0,0.0,0.0,2370
k2377,0.0,0.0,0.0,0.583756324,0.0,0.0,0.0,0.0,0.0,0.0,643
k1022,0.0,0.0,0.0,0.487668568,0.0,0.0,0.0,0.0,0.0,0.0,970
k2723,0.069,0.0,0.0,0.535507566,0.0,0.0,0.0,0.0,0.0,0.0833,2754
k1283,0.0,0.0,0.0,0.545649024,0.0,0.0,0.0,0.0,0.0,0.0833,364
k874,0.0345,0.0,0.0,0.491902715,0.0,0.0,0.0,0.0,0.0,0.0,2266
k2390,0.0,0.0,0.0,0.517717329,0.0,0.0,0.0,0.0,0.0,0.0,3157
k1582,0.0,0.0,0.0,0.569995346,0.0,0.0,0.0,0.0,0.0,0.0,2801
k2786,0.0,0.0,0.0,0.648388481,0.0,0.0,0.0,0.0,0.0,0.0,1527
k2289,0.0,0.0,0.0,0.488556372,0.0,0.0,0.0,0.0,0.0,0.0,76
k901,0.0,0.0,0.0,0.484117347,0.0,0.0,0.0,0.0,0.0,0.0,1191
k1103,0.0,0.0,0.0,0.522907576,0.0,0.0,0.0222,0.0,0.0,0.0,2940
k62,0.0,0.0,0.0,0.524000252,0.0,0.0,0.0889,0.0,0.0,0.0,3216
k658,0.0,0.0,0.0,0.594683137,0.0,0.0,0.0,0.0,0.0,0.0,1818
k2847,0.0,0.0,0.0,0.489375884,0.0,0.0,0.0,0.0,0.0,0.0,1628
k2835,0.0,0.0,0.0,0.577814857,0.0,0.0,0.0444,0.0,0.0,0.0,2733
k1270,0.0,0.0,0.0,0.577678282,0.0,0.0,0.0,0.0,0.0,0.0,2442
k2459,0.0,0.0,0.0,0.522770984,0.0,0.0,0.0,0.0,0.0,0.0,1800
k1831,0.0,0.0,0.0,0.473941749,0.0,0.0,0.0,0.0,0.0,0.416666667,3431
k1303,0.0345,0.0,0.0,0.465678335,0.0,0.0,0.0,0.0,0.0,0.0,111
k3002,0.0,0.0,0.0,0.64119043,0.0,0.0,0.0,0.0,0.0,0.0,1866
k502,0.0,0.0,0.0,0.487634425,0.0,0.0,0.0,0.0,0.0,0.0,3018
k604,0.0,0.0,0.0,0.507302707,0.0,0.0909,0.0889,0.0,0.0,0.166666667,2564
k1151,0.103448276,0.333333333,0.412164126,0.329751039,0.0735,0.0,0.0444,0.0,0.0833,0.0,838
k3263,0.0,0.0,0.0,0.517136841,0.0,0.0,0.111111111,0.0,0.0,0.333333333,1346
k1398,0.0,0.0,0.0,0.46823931,0.0,0.0,0.0,0.0,0.0,0.0,3282
k1578,0.0,0.0,0.0,0.584405108,0.0,0.0,0.0,0.0,0.0,0.0833,1049
k727,0.069,0.0,0.0,0.412580803,0.0,0.0,0.0,0.0,0.0,0.0,1792
k3130,0.0,0.0,0.0,0.525468544,0.0,0.0,0.0,0.0,0.0,0.0,1737
k22,0.0,0.0,0.0,0.462878334,0.0,0.0,0.0,0.0,0.0,0.0,962
k996,0.0,0.0,0.0,0.525263673,0.0,0.0,0.0889,0.0,0.0,0.0,230
k2466,0.069,0.0,0.0,0.560707553,0.0,0.0,0.0,0.0,0.0,0.0,809
k1094,0.0,0.0,0.0,0.54377098,0.0,0.0,0.0,0.0,0.0,0.0,1278
k699,0.0,0.0,0.0,0.631492877,0.0,0.0,0.0889,0.0,0.0,0.166666667,1154
k274,0.103448276,0.0,0.0,0.386221891,0.0,0.181818182,0.0,0.0,0.0,0.0,453
k2420,0.0,0.0,0.0,0.568632228,0.0,0.0,0.0,0.0,0.0,0.0,1503
k1105,0.0,0.0,0.0,0.502385633,0.0,0.0,0.0,0.0,0.0,0.0,1931
k2204,0.0,0.0,0.0,0.534346595,0.0,0.0,0.0444,0.0,0.0,0.0,1923
k3198,0.0,0.0,0.0,0.520722208,0.0,0.0,0.133333333,0.0,0.0,0.0,1485
k1857,0.0,0.0,0.0,0.420024702,0.0,0.0909,0.0,0.0,0.0,0.0,1281
k2963,0.0,0.0,0.0,0.548380727,0.0,0.0,0.0,0.0,0.0,0.5,1634
k3302,0.0,0.0,0.0,0.574502674,0.0,0.0,0.0,0.0,0.0,0.0833,3355
k2647,0.0,0.0,0.0,0.465748677,0.0,0.363636364,0.0,0.0,0.0,0.0,1875
k272,0.103448276,0.25,0.673736161,0.406878367,0.0294,0.0,0.0,0.181818182,0.0,0.0833,844
k454,0.0,0.0,0.0,0.482332863,0.0,0.0,0.0,0.0,0.0,0.0,2665
k3366,0.0,0.0,0.0,0.478892963,0.0,0.0,0.0,0.0,0.0,0.0,1838
k1746,0.0,0.0,0.0,0.525163959,0.0,0.0,0.0,0.0,0.0,0.0,1006
k2439,0.0,0.0,0.0,0.537453907,0.0,0.0,0.0,0.0,0.0,0.0,2860
k2966,0.0,0.0,0.0,0.516249037,0.0,0.0,0.0,0.0,0.0,0.0,3131
k1569,0.0,0.0,0.0,0.553707557,0.0,0.0,0.0222,0.0,0.0,0.0833,2236
k2268,0.0,0.0,0.0,0.414219826,0.0,0.0,0.0222,0.0,0.0,0.0,1707
k1317,0.0,0.0,0.0,0.481283205,0.0,0.0,0.0,0.0,0.0,0.0,2169
k2402,0.0,0.0,0.0,0.435014938,0.0,0.0909,0.0,0.0,0.0,0.0,86
k1853,0.069,0.0,0.0,0.481351501,0.0,0.0,0.0,0.0,0.0,0.0,3324
k106,0.069,0.0,0.0,0.581254754,0.0147,0.0,0.0,0.0,0.0,0.0,3173
k2286,0.0,0.0,0.0,0.449288097,0.0,0.0,0.0,0.0,0.0,0.0,82
k1433,0.0345,0.0,0.561913788,0.459122241,0.0,0.0,0.0,0.0,0.0,0.0,125
k2851,0.069,0.0,0.0,0.562858778,0.0,0.0,0.0,0.0,0.0,0.166666667,1294
k2114,0.0,0.0,0.0,0.448810052,0.0,0.0,0.0,0.0,0.0,0.0,661
k2565,0.0,0.0,0.0,0.517478304,0.0,0.0,0.0222,0.0,0.0,0.0833,606
k208,0.0,0.0,0.0,0.589322165,0.0,0.0,0.0,0.0,0.0,0.0833,1497
k2225,0.0,0.0,0.0,0.427810063,0.0,0.0,0.0,0.0,0.0,0.0,487
k1029,0.0,0.0,0.0,0.465097848,0.0,0.0,0.0,0.0,0.0,0.0,2041
k1141,0.0,0.0,0.0,0.47749296,0.0,0.0,0.0,0.0,0.0,0.0,1080
k2374,0.206896552,0.0,0.0,0.424190553,0.0,0.0,0.0222,0.0909,0.166666667,0.0,101
k3354,0.0,0.0,0.0,0.53509781,0.0,0.0,0.0,0.0,0.0,0.0,624
k3391,0.0,0.0,0.0,0.500780759,0.0,0.0,0.0,0.0,0.0,0.0,645
k2282,0.0,0.0,0.0,0.401824711,0.0,0.0,0.0,0.0,0.0,0.0,567
k2277,0.0,0.0,0.531263478,0.350980836,0.0,0.0,0.0,0.0,0.0,0.0,249
k1099,0.137931034,0.0833,0.0,0.365211658,0.0294,0.0,0.0,0.0,0.166666667,0.0,1473
k3032,0.0,0.0,0.0,0.449095515,0.0,0.0,0.0,0.0,0.0,0.0,361
k2701,0.0,0.0,0.713317157,0.448571028,0.0,0.0,0.0,0.0,0.0,0.0,10
k819,0.0,0.0,0.0,0.407697879,0.0,0.0,0.0,0.0,0.0,0.0,3069
k1386,0.0,0.0,0.226117445,0.495180759,0.0,0.0909,0.0,0.0,0.0,0.0,2299
k708,0.0345,0.0,0.0,0.534927082,0.0,0.0,0.0,0.0,0.0,0.0,430
k2234,0.0,0.0,0.0,0.523761228,0.0,0.0,0.0222,0.0,0.0,0.0,3393
k3310,0.137931034,0.0,0.0,0.486507596,0.132352941,0.0,0.0,0.0,0.0,0.0833,2078
k585,0.0,0.0,0.0,0.556541708,0.0,0.0,0.0,0.0,0.0,0.0,2086
k1744,0.0,0.0,0.0,0.565146578,0.0,0.0,0.0,0.0,0.0,0.0,3408
k1259,0.0,0.0,0.0,0.527414888,0.0,0.0909,0.0444,0.0,0.0,0.0833,2248
k462,0.069,0.0,0.0,0.490639294,0.0147,0.0,0.0444,0.0,0.0,0.0,2445
k1081,0.0,0.0,0.0,0.455058829,0.0,0.0,0.0,0.0,0.0,0.0,995
k870,0.0,0.0,0.0,0.454819805,0.0,0.0909,0.0,0.0,0.0,0.0,19
k864,0.0,0.0,0.0,0.518024649,0.0,0.0,0.0,0.0,0.0,0.333333333,2428
k384,0.0,0.0,0.0,0.484527106,0.0,0.0,0.0,0.0,0.0,0.0,200
k137,0.0,0.0,0.0,0.386253988,0.0,0.0,0.177777778,0.0,0.0,0.0,1938
k2836,0.0,0.0,0.0,0.53741976,0.0,0.0,0.0,0.0,0.0,0.0,2693
k1040,0.0,0.0,0.0,0.409849097,0.0,0.0,0.0,0.0,0.0,0.0,566
k2129,0.0,0.0,0.0,0.561253901,0.0,0.0,0.0,0.0,0.0,0.0833,1806
k3082,0.0,0.0,0.0,0.575014866,0.0,0.0,0.0889,0.0,0.0,0.0,3217
k214,0.137931034,0.0,0.0,0.500339582,0.0,0.0,0.0,0.0,0.0833,0.0,2062
k866,0.0,0.0,0.0,0.445873468,0.0,0.0,0.0,0.0,0.0,0.0,2031
k867,0.0,0.0,0.0,0.522668552,0.0,0.0909,0.0,0.0,0.0,0.166666667,1166
k310,0.0,0.0,0.0,0.568083159,0.0,0.0,0.0,0.0,0.0,0.0833,563
k23,0.0,0.0,0.0,0.609809972,0.0,0.0,0.0222,0.0,0.0,0.0,2816
k1790,0.0,0.0,0.0,0.554390483,0.0,0.0,0.0,0.0,0.0,0.0,2289
k2910,0.0,0.0,0.0,0.612917288,0.0,0.0,0.0222,0.0,0.0,0.0,67
k2171,0.0,0.0,0.0,0.459327119,0.0,0.0,0.0,0.0,0.0,0.0,2129
k2113,0.0,0.0,0.0,0.627224587,0.0,0.0,0.0,0.0,0.0,0.0833,1117
k485,0.069,0.0833,0.0,0.550839262,0.0147,0.0,0.0,0.0,0.0,0.0,944
k2128,0.0,0.0,0.0,0.450858828,0.0,0.181818182,0.0,0.0,0.0,0.0,3202
k709,0.0,0.0,0.0,0.490186517,0.0,0.0,0.0,0.0,0.0,0.0,1953
k2494,0.0,0.0,0.0,0.50860026,0.0,0.0,0.0889,0.0,0.0,0.0,3086
k46,0.0,0.0,0.0,0.477561256,0.0,0.0909,0.0444,0.0,0.0,0.0,3377
k3042,0.0,0.0,0.0,0.435458838,0.0,0.0,0.0,0.0,0.0,0.0,3189
k1036,0.0,0.0,0.0,0.598848999,0.0,0.0,0.0222,0.0,0.0,0.0,1787
k115,0.137931034,0.0,0.215598812,0.40759544,0.0,0.0,0.0,0.0,0.0833,0.0,1261
k1969,0.0,0.0,0.0,0.598063623,0.0,0.0,0.0,0.0,0.0,0.0833,3012
k1159,0.0,0.0,0.0763,0.41650763,0.0,0.0,0.0,0.0,0.0,0.0,736
k611,0.0,0.0,0.0,0.524580746,0.0,0.0,0.0,0.0,0.0,0.0,3020
k2603,0.0,0.0,0.0,0.565283153,0.0,0.0,0.0,0.0,0.0,0.0,585
k920,0.0,0.0,0.0,0.344800352,0.0,0.0,0.0,0.0,0.0,0.25,3017
k3361,0.0,0.0,0.0,0.52085879,0.0,0.0,0.0,0.0,0.0,0.0,2262
k754,0.0,0.0,0.0,0.472644185,0.0,0.0,0.0444,0.0,0.0,0.0833,1922
k110,0.0,0.0,0.0,0.511570997,0.0,0.0,0.0,0.0,0.0,0.0,2634
k1600,0.0,0.0,0.0,0.518092942,0.0,0.0,0.0444,0.0,0.0,0.0,1103
k50,0.0,0.0,0.0,0.507951487,0.0,0.0,0.0444,0.0,0.0,0.0,310
k3278,0.0,0.0,0.0,0.541858779,0.0,0.0,0.111111111,0.0,0.0,0.0,1757
k1314,0.0,0.0,0.0,0.493811488,0.0,0.0,0.0,0.0,0.0,0.0,1599
k146,0.0,0.0,0.0,0.358322296,0.0,0.0,0.0444,0.0,0.0,0.0,765
k231,0.0,0.0,0.0,0.472985645,0.0,0.0,0.0,0.0,0.0,0.0,2813
k1602,0.0,0.0,0.0,0.554936817,0.0,0.0,0.0,0.0,0.0,0.0,2666
k1657,0.0,0.0,0.0,0.496683197,0.0,0.0,0.0889,0.0,0.0,0.0,3412
k666,0.0,0.0,0.0,0.460931997,0.0,0.0,0.0,0.0,0.0,0.0,933
k2792,0.0,0.0,0.0,0.503000263,0.0,0.0,0.0222,0.0,0.0,0.0,1092
k277,0.0,0.0,0.0,0.565966093,0.0,0.0909,0.0889,0.0,0.0,0.166666667,1933
k1611,0.0,0.0,0.0,0.609570948,0.0,0.0,0.0,0.0,0.0,0.0,1155
k3300,0.0,0.0,0.0,0.56330268,0.0,0.0,0.0,0.0,0.0,0.0,2433
k1244,0.0,0.0,0.0,0.525366112,0.0,0.0,0.111111111,0.0,0.0,0.0,596
k1133,0.0345,0.0,0.195897197,0.363692488,0.0,0.0,0.0,0.0,0.0,0.0,3078
k1798,0.0,0.0,0.0502,0.357127171,0.0,0.0,0.0444,0.0,0.0,0.0,1553
k1699,0.275862069,0.0,0.0,0.38048326,0.176470588,0.0,0.0,0.272727273,0.0,0.25,2688
k1593,0.0,0.0,0.0,0.395099935,0.0,0.454545455,0.0889,0.0,0.0,0.166666667,2091
k1080,0.0,0.0,0.0,0.349990593,0.0,0.0,0.0,0.0,0.0,0.0,1994
k749,0.0,0.0,0.0,0.433853962,0.0,0.0,0.0,0.0,0.0,0.0,501
k2074,0.0,0.0,0.0,0.516522211,0.0,0.0,0.0,0.0,0.0,0.0833,3002
k1735,0.0,0.0,0.0,0.462400288,0.0,0.0,0.0,0.0,0.0,0.0,2925
k2186,0.069,0.0,0.0,0.590039251,0.0147,0.0,0.0,0.0,0.0,0.0,1225
k2915,0.0,0.0,0.0,0.609912401,0.0,0.0,0.0222,0.0,0.0,0.0,3070
k3061,0.103448276,0.0,0.0,0.454410049,0.0,0.0,0.0,0.0,0.0,0.0,2997
k3416,0.0,0.0,0.0,0.561663643,0.0,0.0,0.0222,0.0,0.0,0.0833,759
k797,0.0,0.0,0.0,0.316324367,0.0,0.454545455,0.0,0.0,0.0,0.0833,533
k2425,0.0,0.0,0.0,0.509044162,0.0,0.0,0.0,0.0,0.0,0.0,2033
k1023,0.069,0.0,0.663553594,0.55628082,0.0,0.0,0.0,0.0,0.0833,0.0,2863
k2714,0.0,0.0,0.0,0.450653953,0.0,0.0,0.0,0.0,0.0,0.0,33
k262,0.0,0.0,0.0,0.50993197,0.0,0.0,0.0667,0.0,0.0,0.0,6
k2547,0.0,0.0,0.0,0.465336872,0.0,0.0,0.0,0.0,0.0,0.0,1159
k3181,0.0,0.0,0.0,0.518368161,0.0,0.454545455,0.0889,0.0,0.0,0.166666667,2356
k1899,0.0,0.0,0.0,0.483161253,0.0,0.0,0.0,0.0,0.0,0.333333333,375
k3057,0.0,0.0,0.0,0.408603781,0.0,0.181818182,0.0,0.0,0.0,0.0,2165
k2837,0.0,0.0,0.0,0.488317351,0.0,0.0,0.0,0.0,0.0,0.0,724
k2795,0.0,0.0,0.0,0.43740518,0.0,0.0,0.0,0.0,0.0,0.0,432
k244,0.0,0.0,0.0,0.458268583,0.0,0.0,0.0,0.0,0.0,0.0,1824
k2572,0.0,0.0,0.0,0.528405135,0.0,0.0,0.0,0.0,0.0,0.0833,3133
k2670,0.0,0.0,0.0,0.54841487,0.0,0.0,0.0,0.0,0.0,0.166666667,322
k2143,0.0,0.0,0.0,0.528507573,0.0,0.0,0.0,0.0,0.0,0.0,2971
k84,0.0,0.0,0.0,0.459122241,0.0,0.0,0.0,0.0,0.0,0.0,1973
k2622,0.103448276,0.0,0.0,0.503580758,0.0,0.0,0.0222,0.0,0.0,0.0833,2958
k3430,0.0,0.0,0.0,0.450585661,0.0,0.0,0.0,0.0,0.0,0.0,3219
k1500,0.0,0.0,0.0,0.488590518,0.0,0.0,0.0,0.0,0.0,0.0,56
k2605,0.0,0.0,0.0,0.489546619,0.0,0.272727273,0.0222,0.0,0.0,0.0833,768
k816,0.0,0.0,0.0,0.597449003,0.0,0.0,0.0,0.0,0.0,0.166666667,1716
k2580,0.0,0.0,0.0,0.512151481,0.0,0.0,0.0,0.0,0.0,0.0,2594
k1274,0.0,0.0,0.0,0.411761291,0.0,0.0,0.0,0.0,0.0,0.0,744
k1650,0.0,0.0,0.0,0.478722228,0.0,0.0,0.0444,0.0,0.0,0.0,3089
k566,0.172413793,0.0,0.0,0.412546657,0.0,0.0,0.0,0.0,0.166666667,0.0,90
k1041,0.0,0.0,0.0,0.463697849,0.0,0.0,0.0,0.0,0.0,0.0,490
k1158,0.0,0.0,0.0,0.544112436,0.0,0.0,0.0222,0.0,0.0,0.0,1272
k1771,0.0,0.0,0.0,0.584678275,0.0,0.0,0.0,0.0,0.0,0.0,1713
k3041,0.0,0.0,0.0,0.435424693,0.0,0.0,0.0,0.0,0.0,0.0,1756
k2083,0.0,0.0,0.0,0.478653942,0.0,0.0,0.0,0.0,0.0,0.0,1379
k2222,0.0,0.0,0.0,0.518434405,0.0,0.0,0.0,0.0,0.0,0.0,520
k1822,0.0,0.0,0.0,0.432658841,0.0,0.0,0.0,0.0,0.0,0.0,1562
k1505,0.0,0.0,0.0,0.610626069,0.0,0.0,0.0,0.0,0.0,0.0,2672
k1374,0.0,0.0,0.0,0.564600227,0.0,0.181818182,0.0222,0.0,0.0,0.0833,3208
k2452,0.0,0.0,0.0,0.534517323,0.0,0.0,0.0,0.0,0.0,0.0833,2793
k2926,0.0,0.0,0.0,0.502214898,0.0,0.0909,0.0444,0.0,0.0,0.0,2681
k2022,0.0,0.0,0.0,0.474283212,0.0,0.0,0.0,0.0,0.0,0.0,372
k1571,0.0,0.0,0.0,0.43610762,0.0,0.0,0.0,0.0,0.0,0.0,956
k2131,0.0,0.0,0.0,0.592736811,0.0,0.0,0.0667,0.0,0.0,0.0833,84
k484,0.069,0.0,0.0,0.397590567,0.0,0.0,0.0,0.0,0.0,0.0833,130
k281,0.0,0.0,0.0,0.523385622,0.0,0.0,0.0222,0.0,0.0,0.0,538
k1388,0.0,0.0,0.0747,0.427946648,0.0,0.0,0.0222,0.0,0.0,0.0833,2566
k1369,0.0,0.0,0.0,0.384444233,0.0,0.0909,0.0,0.0,0.0,0.0,2692
k1941,0.0,0.0,0.0,0.580341682,0.0,0.0,0.0,0.0,0.0,0.0,229
k396,0.0,0.0,0.0,0.417600313,0.0,0.0909,0.0,0.0,0.0,0.0,1831
k2028,0.0,0.0,0.0,0.534756347,0.0,0.0,0.0,0.0,0.25,0.0,2530
k799,0.0,0.0,0.0,0.531102694,0.0,0.0,0.0,0.0,0.0,0.333333333,3023
k1845,0.0,0.0,0.0,0.589014855,0.0,0.0,0.0,0.0,0.0,0.0,2201
k2830,0.0,0.0,0.0,0.43638079,0.0,0.0,0.0,0.0,0.0,0.0,1656
k2796,0.0,0.0,0.0,0.48705393,0.0,0.0,0.0,0.0,0.0,0.0,3354
k777,0.0,0.0,0.0,0.378673503,0.0,0.0,0.0,0.0,0.0,0.0,3352
k2873,0.0,0.0,0.0,0.474419794,0.0,0.0,0.0,0.0,0.0,0.0,259
k1251,0.0,0.0,0.406605336,0.362966192,0.0,0.0,0.0,0.0,0.0,0.0,2296
k910,0.0,0.0,0.0,0.68228554,0.0,0.0,0.0,0.0,0.0,0.0,2075
k1667,0.0,0.0,0.0,0.387653987,0.0,0.0,0.0,0.0,0.0,0.0,2225
k156,0.069,0.0,0.0,0.428902745,0.0,0.272727273,0.0,0.0,0.0,0.0,2610
k1876,0.172413793,0.0833,0.0,0.449868588,0.0147,0.0,0.0,0.0,0.0,0.0,437
k2519,0.0,0.0,0.0,0.425317381,0.0,0.0,0.0,0.0,0.0,0.0,2633
k1854,0.0,0.0,0.0,0.601000207,0.0,0.0,0.0,0.0,0.0,0.0,1073
k3420,0.0,0.0,0.0,0.505185631,0.0,0.0,0.0,0.0,0.0,0.0,2018
k1031,0.069,0.0,0.0,0.534449027,0.0,0.0,0.0,0.0,0.0,0.0833,3240
k1646,0.0,0.0,0.0,0.430097868,0.0,0.0,0.0,0.0,0.0,0.0,1417
k1700,0.0,0.0,0.0,0.601000207,0.0,0.0,0.0,0.0,0.0,0.0,2643
k2184,0.0,0.0,0.0,0.444166152,0.0,0.0,0.0,0.0,0.0,0.0,727
k534,0.0,0.0,0.0,0.592190459,0.0,0.0,0.0,0.0,0.0,0.0,1315
k1401,0.0,0.0,0.0,0.430644208,0.0,0.0,0.0,0.0,0.0,0.0,832
k1660,0.0,0.0,0.0,0.476605155,0.0,0.0,0.0,0.0,0.0,0.0,403
k890,0.0,0.0,0.0,0.453317367,0.0,0.0,0.0,0.0,0.0,0.0,1211
k3381,0.0,0.0,0.0,0.48176125,0.0,0.0,0.0,0.0,0.0,0.0,1262
k1833,0.172413793,0.0833,0.0,0.474146627,0.0147,0.0,0.0,0.0,0.0,0.0,2767
k798,0.0,0.0,0.0,0.481727107,0.0,0.0,0.0,0.0,0.0,0.0,2718
k57,0.0,0.0,0.0,0.535234392,0.0,0.0,0.0,0.0,0.0,0.0,657
k405,0.0,0.0,0.0,0.434297864,0.0,0.0,0.0,0.0,0.0,0.0,731
k1145,0.0,0.0,0.0,0.49641003,0.0,0.0,0.0,0.0,0.0,0.0,277
k1319,0.069,0.0,0.0,0.40711944,0.0147,0.363636364,0.0,0.0,0.0,0.0833,3047
k2619,0.0,0.0,0.0947,0.60803436,0.0,0.0,0.0889,0.0,0.0,0.0,1365
k2845,0.069,0.0,0.0,0.394995447,0.0,0.0909,0.0,0.0,0.166666667,0.0,880
k1870,0.0,0.0,0.0,0.449266247,0.0,0.0,0.0,0.0,0.0,0.0,2714
k1666,0.0,0.0,0.0,0.532912449,0.0,0.0,0.0222,0.0,0.0,0.0,264
k1209,0.0,0.0,0.0,0.450278344,0.0,0.0,0.0,0.0,0.0,0.0,2529
k1579,0.103448276,0.0833,0.0,0.533936835,0.0147,0.0,0.0,0.0,0.0,0.0,302
k936,0.0,0.0,0.0,0.629816296,0.0,0.0,0.0,0.0,0.0,0.0,2212
k2468,0.0,0.0,0.0,0.560673406,0.0,0.0,0.0,0.0,0.0,0.0,3362
k1970,0.0,0.0,0.0,0.572590473,0.0,0.0,0.0,0.0,0.0,0.166666667,1810
k1921,0.0,0.0,0.447157882,0.425249089,0.0,0.0,0.0,0.0,0.0,0.0,878
k1092,0.0,0.0,0.0,0.509488068,0.0,0.0,0.0,0.0,0.0,0.0,559
k1224,0.0,0.0,0.0,0.524990499,0.0,0.0,0.0,0.0,0.0,0.0,2815
k1491,0.0,0.0,0.0,0.516727092,0.0,0.0,0.0222,0.0,0.0,0.0,1853
k1819,0.0,0.0,0.0,0.605029473,0.0,0.0,0.0,0.0,0.0,0.0,326
k3070,0.0,0.0,0.0,0.532980735,0.0,0.0,0.0,0.0,0.0,0.0,949
k352,0.0,0.0,0.327295362,0.51716143,0.0,0.0,0.0,0.0,0.0,0.0,2106
k2071,0.0,0.0,0.0,0.512424648,0.0,0.181818182,0.0,0.0,0.0,0.0,2789
k1997,0.0,0.0,0.0,0.61455289,0.0,0.0,0.0,0.0,0.0,0.0,2705
k791,0.0,0.0,0.0,0.44170762,0.0,0.0,0.0,0.0,0.0,0.0,872
k950,0.0,0.0,0.0,0.462605166,0.0,0.0,0.0,0.0,0.0,0.0,2259
k1048,0.0,0.0,0.0,0.545888045,0.0,0.0,0.133333333,0.0,0.0,0.0833,3309
k1674,0.0,0.0,0.0,0.445566151,0.0,0.363636364,0.0,0.0,0.0,0.0,1030
k808,0.0,0.0,0.0,0.61455289,0.0,0.0,0.0,0.0,0.0,0.0,179
k1086,0.0,0.0,0.611593402,0.378741797,0.0,0.0,0.0444,0.0,0.0,0.0,209
k2134,0.0,0.0,0.0,0.6034246,0.0,0.0,0.0,0.0,0.0,0.0,2536
k2555,0.0,0.0,0.0,0.507212561,0.0,0.0,0.0,0.0,0.0,0.0,131
k1956,0.0,0.0,0.0,0.680933332,0.0,0.0,0.0,0.0,0.0,0.0,274
k2630,0.137931034,0.0,0.0,0.478346621,0.0588,0.0,0.0222,0.0,0.0833,0.0,2345
k2794,0.0,0.0,0.0,0.540322201,0.0,0.0909,0.0444,0.0,0.0,0.0,1183
k793,0.0,0.0,0.0,0.580341682,0.0,0.0,0.0,0.0,0.0,0.0,25
k90,0.0,0.0,0.0,0.521541724,0.0,0.0,0.0444,0.0,0.0,0.0,1065
k865,0.0,0.0,0.546156843,0.431992306,0.0,0.0,0.0444,0.0,0.0,0.166666667,3007
k2030,0.0,0.0,0.0,0.44734176,0.0,0.0,0.0,0.0,0.0,0.0,634
k1219,0.0,0.0,0.0,0.543088057,0.0,0.0,0.0,0.0,0.0,0.0,3145
k2029,0.0,0.0,0.0,0.495044177,0.0,0.0909,0.0444,0.0,0.0,0.0,932
k1556,0.0,0.0,0.0,0.590312418,0.0,0.0,0.111111111,0.0,0.0,0.166666667,1039
k2728,0.0,0.0,0.0,0.472302722,0.0,0.0,0.0,0.0,0.0,0.0,2534
k2959,0.0,0.0,0.0,0.486405157,0.0,0.0,0.0,0.0,0.0,0.0,942
k1787,0.0,0.0,0.0,0.447196297,0.0,0.0,0.0,0.0,0.0,0.0,1138
k2314,0.0,0.0,0.0,0.465336872,0.0,0.0,0.0,0.0,0.0,0.0,250
k230,0.0,0.0,0.0,0.612848985,0.0,0.0,0.0,0.0,0.0,0.166666667,1106
k1663,0.103448276,0.0,0.0,0.410975925,0.0,0.0,0.0,0.0,0.0,0.0,282
k73,0.0,0.0,0.0,0.549439266,0.0,0.0,0.0,0.0,0.0,0.0833,3414
k857,0.0,0.0,0.0,0.603288025,0.0,0.0,0.0,0.0,0.0,0.0,987
k78,0.0,0.0,0.0,0.614484601,0.0,0.0,0.0,0.0,0.0,0.0,2318
k2542,0.0,0.0,0.0,0.481283205,0.0,0.0,0.0,0.0,0.0,0.0,2895
k116,0.0,0.0,0.0,0.533731958,0.0,0.0,0.0444,0.0,0.0,0.0,2197
k827,0.0,0.0,0.0,0.377171066,0.0,0.0,0.0,0.0,0.0,0.0,1041
k2749,0.0,0.0,0.0,0.486405157,0.0,0.0,0.0,0.0,0.0,0.0,1134
k3139,0.0,0.0,0.0,0.585429487,0.0,0.0,0.0,0.0,0.0,0.0833,1150
k759,0.0,0.0,0.0,0.450963319,0.0,0.454545455,0.0889,0.0,0.0,0.0833,2651
k672,0.0,0.0,0.0,0.461068582,0.0,0.0909,0.0444,0.0,0.0,0.0,2735
k2567,0.0,0.0,0.0,0.496853932,0.0,0.0,0.0222,0.0,0.0,0.0,45
k849,0.0,0.0,0.0,0.487941735,0.0,0.0,0.0,0.0,0.0,0.0,2333
k2349,0.0,0.0,0.0,0.490946615,0.0,0.0,0.0,0.0,0.0,0.0833,1024
k266,0.0,0.0,0.0,0.501668563,0.0,0.0,0.0222,0.0,0.0,0.0,407
k349,0.0,0.0,0.0,0.516522211,0.0,0.0,0.0,0.0,0.0,0.166666667,231
k745,0.0,0.0,0.0,0.61800508,0.0,0.0,0.0222,0.0,0.0,0.0,996
k2618,0.0,0.0,0.0,0.439556398,0.0,0.0,0.0,0.0,0.0,0.0,1697
k2337,0.0345,0.0,0.184415022,0.270131566,0.0147,0.0,0.0,0.0,0.0,0.0,1428
k656,0.137931034,0.166666667,0.633381635,0.356000342,0.0588,0.0909,0.0,0.0,0.0833,0.0,937
k1131,0.0,0.0,0.0,0.521166111,0.0,0.0,0.0444,0.0,0.0,0.0,3396
k735,0.0,0.0,0.0,0.545307568,0.0,0.0909,0.0667,0.0,0.0,0.0,1801
k1074,0.0,0.0,0.0,0.439624691,0.0,0.0,0.0,0.0,0.0,0.0,1022
k3293,0.0,0.0,0.0,0.522941719,0.0,0.0,0.0,0.0,0.0,0.0,1274
k1376,0.0,0.0,0.0,0.609297764,0.0,0.0,0.0,0.0,0.0,0.333333333,2408
k2522,0.0,0.0,0.0,0.505629534,0.0,0.0,0.0,0.0,0.0,0.0,1239
k1509,0.0,0.0,0.0,0.534585619,0.0,0.0,0.0,0.0,0.0,0.0,519
k2375,0.0,0.0,0.0,0.434092987,0.0,0.0,0.0,0.0,0.0,0.0,2453
k1160,0.0,0.0,0.0,0.539741714,0.0,0.0909,0.0,0.0,0.0,0.0,2069
k1984,0.0,0.0,0.0,0.46386858,0.0,0.0,0.0,0.0,0.0,0.0,236
k3208,0.0,0.0,0.0,0.514985626,0.0,0.0,0.0444,0.0,0.0,0.0,1751
k2392,0.0,0.0,0.820776079,0.462220679,0.0,0.0,0.0,0.0,0.0,0.0,245
k1227,0.0,0.0,0.0,0.559239268,0.0,0.0,0.0,0.0,0.0,0.333333333,169
k71,0.0,0.0,0.0,0.418761288,0.0,0.0,0.0,0.0,0.0,0.0,1951
k2800,0.0,0.0,0.0,0.544658788,0.0,0.0909,0.0444,0.0,0.0,0.0,1051
k229,0.0,0.0,0.0,0.588400214,0.0,0.0,0.0667,0.0,0.0,0.0,1651
k1000,0.0,0.0,0.0,0.588673398,0.0,0.0,0.0,0.0,0.0,0.0,2228
k1605,0.0,0.0,0.0,0.462400288,0.0,0.0,0.0,0.0,0.0,0.0,1828
k223,0.0,0.0,0.0,0.478688085,0.0,0.0,0.0,0.0,0.0,0.0,3308
k2775,0.0,0.0,0.0,0.636341662,0.0,0.0,0.0,0.0,0.0,0.0,2275
k2331,0.0,0.0,0.0,0.572894382,0.0,0.0,0.0,0.0,0.0,0.0,349
k1539,0.0,0.0,0.0,0.486849059,0.0,0.0,0.0,0.0,0.0,0.0,2901
k1727,0.0,0.0,0.0,0.434161279,0.0,0.0,0.0,0.0,0.0,0.0,2072
k2700,0.0,0.0,0.0,0.597824599,0.0,0.0,0.0,0.0,0.0,0.0,831
k1968,0.0,0.0,0.0,0.456561267,0.0,0.0,0.0,0.0,0.0,0.0,2520
k1416,0.0,0.0,0.0,0.507678313,0.0,0.0,0.0,0.0,0.0,0.0,3303
k2610,0.0,0.0,0.0,0.434617474,0.0,0.0,0.0,0.0,0.0,0.0,1452
k1431,0.0,0.0,0.0,0.523351479,0.0,0.0,0.0,0.0,0.0,0.0,479
k93,0.0,0.0,0.0,0.58484901,0.0,0.0,0.0,0.0,0.0,0.0,3339
k3204,0.0,0.0,0.0,0.514507578,0.0,0.0,0.0,0.0,0.0,0.0,2120
k1018,0.0,0.0,0.0,0.492141739,0.0,0.0,0.0,0.0,0.0,0.0,2602
k739,0.0,0.0,0.0,0.478278325,0.0,0.0,0.0,0.0,0.0,0.0,3225
k1664,0.0,0.0,0.0,0.346132058,0.0,0.0,0.0,0.0,0.0,0.0,1033
k1464,0.0,0.0,0.0,0.508839285,0.0,0.0,0.0,0.0,0.0,0.0,683
k2787,0.069,0.0,0.0,0.448912491,0.0294,0.0909,0.0444,0.181818182,0.0,0.0,910
k1215,0.0,0.0,0.0,0.496555828,0.0,0.181818182,0.0,0.0,0.0,0.0,1574
k1188,0.0345,0.0,0.0,0.453795415,0.0147,0.0,0.0,0.0,0.0,0.0,2910
k2312,0.0345,0.0,0.0,0.432044208,0.0,0.0,0.0,0.0,0.0833,0.0,1860
k1230,0.0,0.0,0.0,0.543292935,0.0,0.0,0.0222,0.0,0.0,0.0,726
k674,0.0,0.0,0.0,0.527312449,0.0,0.0,0.0,0.0,0.0,0.0,3296
k3405,0.0,0.0,0.0,0.466361259,0.0,0.0,0.0,0.0,0.0,0.0,239
k3086,0.0,0.0,0.0,0.426410064,0.0,0.0,0.0,0.0,0.0,0.0,612
k1519,0.0,0.0,0.0,0.458131998,0.0,0.0,0.0,0.0,0.0,0.0,475
k3232,0.0,0.0,0.0,0.500405143,0.0,0.0,0.0222,0.0,0.0,0.0,1336
k552,0.0,0.0,0.0,0.605883135,0.0,0.0,0.0,0.0,0.0,0.0,1131
k120,0.0,0.0,0.0,0.599873379,0.0,0.0,0.0,0.0,0.0,0.0,2295
k2016,0.0,0.0,0.0,0.561356333,0.0,0.0,0.0,0.0,0.0,0.0,2429
k2527,0.0,0.0,0.660416434,0.328205235,0.0,0.0,0.0444,0.0,0.0,0.0,1116
k404,0.0,0.0,0.0,0.560400239,0.0,0.0,0.0,0.0,0.0,0.0,2503
k399,0.069,0.0,0.565329912,0.367610095,0.0147,0.0,0.0,0.0,0.0,0.0,292
k3186,0.0,0.0,0.0,0.558180728,0.0,0.0,0.0444,0.0,0.0,0.0,3271
k1349,0.0,0.0,0.0,0.418761288,0.0,0.0,0.0,0.0,0.0,0.0,3326
k924,0.0,0.0,0.0,0.564361203,0.0,0.272727273,0.0667,0.0,0.0,0.0,1263
k765,0.0,0.0,0.0,0.498458806,0.0,0.0,0.0222,0.0,0.0,0.0,1554
k747,0.172413793,0.0833,0.0,0.41753202,0.0,0.181818182,0.0222,0.0,0.0,0.0,2732
k2693,0.0,0.0,0.0,0.538478293,0.0,0.0,0.0222,0.0,0.0,0.0,3269
k20,0.0,0.0,0.0,0.54722249,0.0,0.0,0.0,0.0,0.0,0.0,1947
k1144,0.0,0.0,0.0,0.419717385,0.0,0.0,0.0,0.0,0.0,0.0,334
k1146,0.0,0.0,0.0,0.536088054,0.0,0.0,0.0,0.0,0.0,0.0,1825
k1768,0.0,0.0,0.0,0.607044106,0.0,0.0,0.0222,0.0,0.0,0.0,206
k1840,0.0,0.0,0.0,0.569209987,0.0,0.0,0.0,0.0,0.0,0.0,778
k2925,0.069,0.0,0.0,0.613429479,0.0,0.0,0.0444,0.0,0.0833,0.0,219
k3027,0.069,0.0,0.0,0.546844139,0.0,0.0,0.0,0.0,0.0,0.0833,2677
k900,0.0,0.0,0.0,0.578224617,0.0,0.0,0.0444,0.0,0.0,0.0,2644
k314,0.0,0.0,0.0,0.3996052,0.0,0.0,0.0,0.0,0.0,0.0,366
k1466,0.0,0.0,0.0,0.476673452,0.0,0.0,0.0222,0.0,0.0,0.0,1595
k2997,0.0,0.0,0.0,0.606932117,0.0,0.0,0.0,0.0,0.0,0.0,2242
k2120,0.0,0.0,0.0,0.508864556,0.0,0.0,0.0,0.0,0.0,0.0,1189
k2263,0.0,0.0,0.0,0.486541739,0.0,0.0,0.0,0.0,0.0,0.0,3030
k1328,0.0,0.0,0.0,0.626780685,0.0,0.0,0.0,0.0,0.0,0.0,3021
k2505,0.0,0.0,0.0,0.45365883,0.0,0.0,0.0,0.0,0.0,0.0,2152
k2291,0.0,0.0,0.0,0.393083252,0.0,0.0,0.0,0.0,0.0,0.0,2158
k1737,0.0,0.0,0.0,0.414185681,0.0,0.0,0.0,0.0,0.0,0.0,418
k1856,0.137931034,0.0,0.0,0.498458806,0.0,0.0,0.0,0.0,0.0833,0.0,3100
k2467,0.0,0.0,0.636888526,0.462617456,0.0,0.0,0.0,0.0,0.0,0.0,357
k2946,0.103448276,0.0833,0.0,0.482102714,0.0147,0.0,0.0,0.0,0.0,0.0833,2874
k712,0.0,0.0,0.0,0.478995405,0.0,0.0,0.0,0.0,0.0,0.0,1384
k1656,0.0,0.0,0.0,0.483366134,0.0,0.0,0.0,0.0,0.0,0.0,304
k1929,0.0,0.0,0.0,0.425899918,0.0,0.454545455,0.0444,0.0,0.0,0.333333333,2367
k1153,0.0,0.0,0.0,0.395473495,0.0,0.0,0.0,0.0,0.0,0.0,601
k2761,0.0,0.0,0.0,0.488351494,0.0,0.0,0.0,0.0,0.0,0.0,945
k2398,0.0,0.0,0.0,0.466702729,0.0,0.0,0.0,0.0,0.0,0.0,3180
k3364,0.103448276,0.0,0.0,0.464449064,0.0,0.0,0.0,0.0,0.0,0.0,2068
k2221,0.0,0.0,0.0,0.498014904,0.0,0.0,0.0,0.0,0.0,0.0,1964
k2874,0.0,0.0,0.0,0.496512469,0.0,0.0,0.0222,0.0,0.0,0.0,3055
k2812,0.0,0.0,0.0,0.438327131,0.0,0.0,0.0,0.0,0.0,0.0,298
k505,0.0,0.0,0.0,0.452702733,0.0,0.0,0.0444,0.0,0.0,0.0,1011
k903,0.0,0.0,0.0,0.616263614,0.0,0.0,0.0444,0.0,0.0,0.166666667,3273
k2063,0.0,0.0,0.0,0.551863659,0.0,0.0,0.0,0.0,0.0,0.0,668
k1924,0.0,0.0,0.0,0.510819775,0.0,0.0,0.0,0.0,0.0,0.0,1975
k2253,0.103448276,0.0833,0.0,0.441878352,0.0,0.0,0.0,0.0,0.0833,0.0,2518
k2213,0.0,0.0,0.0,0.468102721,0.0,0.0,0.0,0.0,0.0,0.0,2531
k720,0.0345,0.0833,0.631172872,0.414800314,0.0147,0.0,0.0444,0.0,0.0,0.0,1822
k1461,0.0,0.0,0.0,0.492346617,0.0,0.0,0.0,0.0,0.0,0.0,2796
k569,0.0,0.0,0.0,0.389634474,0.0,0.0,0.0,0.0,0.0,0.0,506
k2033,0.0,0.0,0.0,0.418488117,0.0,0.0,0.0,0.0,0.0,0.0,2350
k1709,0.0,0.0,0.0,0.583448997,0.0,0.0,0.0,0.0,0.0,0.166666667,992
k3407,0.0,0.0,0.0,0.416712508,0.0,0.0,0.0,0.0,0.0,0.0,2412
k1687,0.0345,0.0,0.0,0.469673452,0.0294,0.0,0.0,0.0,0.0,0.0,348
k270,0.0,0.0,0.0,0.586522173,0.0,0.0,0.0,0.0,0.0,0.0,142
k1802,0.0,0.0,0.0,0.497946607,0.0,0.0,0.0,0.0,0.0,0.166666667,837
k577,0.0,0.0,0.0,0.38188326,0.0,0.0,0.0,0.0,0.0,0.0,2645
k978,0.0,0.0,0.0,0.484954963,0.0,0.272727273,0.0222,0.0,0.0,0.0,2334
k401,0.0,0.0,0.0,0.431156402,0.0,0.0,0.0,0.0,0.0,0.0,1257
k533,0.0345,0.0,0.634908577,0.553809989,0.0,0.0,0.0,0.0,0.25,0.0,1788
k3251,0.0,0.0,0.0,0.460214924,0.0,0.0,0.0,0.0,0.0,0.0,2567
k1192,0.0,0.0,0.0,0.711600141,0.0,0.272727273,0.0444,0.0,0.0,0.0,1308
k3106,0.0,0.0,0.0,0.476058821,0.0,0.0,0.0,0.0,0.0,0.0,1969
k134,0.0,0.0,0.0,0.760497689,0.0,0.0,0.0,0.0,0.0,0.0,1157
k1875,0.0,0.0,0.0,0.527619769,0.0,0.0,0.0,0.0,0.0,0.0,1270
k1231,0.0,0.0,0.218672545,0.371980825,0.0,0.0,0.0,0.0,0.0,0.0,1200
k2014,0.137931034,0.0,0.826468632,0.488001149,0.132352941,0.0,0.0222,0.181818182,0.0,0.0,1163
k2161,0.0,0.166666667,0.0,0.395814958,0.0294,0.0,0.0,0.0,0.0,0.0,696
k2942,0.0,0.0,0.0,0.627426047,0.0,0.0,0.0,0.0,0.0,0.0,2128
k3085,0.0,0.0,0.0,0.601918754,0.0,0.0,0.0,0.0,0.0,0.0,2327
k1205,0.0,0.0,0.0,0.46991248,0.0,0.0,0.0,0.0,0.0,0.0,180
k973,0.0,0.0,0.0,0.478380764,0.0,0.0,0.0,0.0,0.0,0.0,1625
k1786,0.0,0.0,0.0,0.455878341,0.0,0.0,0.0222,0.0,0.0,0.0833,1845
k2336,0.0,0.0,0.0,0.582322172,0.0,0.0,0.0,0.0,0.25,0.333333333,1813
k3422,0.0,0.0,0.0,0.538683174,0.0,0.0,0.0,0.0,0.0,0.0,2190
k2087,0.0,0.0,0.0,0.434673475,0.0,0.0,0.0,0.0,0.0,0.0,824
k1318,0.0,0.0,0.0,0.467180774,0.0,0.0,0.0,0.0,0.0,0.0,2329
k1050,0.0,0.0,0.0,0.444439322,0.0,0.0,0.0,0.0,0.0,0.0,1569
k209,0.0,0.0,0.0,0.454672293,0.0,0.0,0.0,0.0,0.0,0.0,2983
k221,0.0,0.0,0.0,0.480634422,0.0,0.0,0.0,0.0,0.0,0.0,1977
k2056,0.0345,0.0833,0.0,0.378980821,0.0,0.0,0.0,0.0,0.0,0.0,240
k2961,0.0,0.0,0.0,0.609468499,0.0,0.272727273,0.111111111,0.0,0.0,0.166666667,102
k2049,0.0,0.0,0.0,0.422790553,0.0,0.0,0.0,0.0,0.0,0.0,499
k2397,0.0,0.0,0.0,0.467010042,0.0,0.0,0.0,0.0,0.0,0.0,2542
k2039,0.0,0.0,0.0,0.423132018,0.0,0.0,0.0,0.0,0.0,0.0,2206
k1813,0.0,0.0,0.0,0.441980787,0.0,0.0,0.0,0.0,0.0,0.0,1443
k2975,0.0,0.0,0.0,0.396395446,0.0,0.0,0.0,0.0,0.0,0.0,2999
k469,0.0,0.0,0.0,0.543805126,0.0,0.0,0.0,0.0,0.0,0.0,906
k1232,0.137931034,0.25,0.0,0.314546713,0.0735,0.0,0.0,0.0,0.0,0.0,760
k994,0.0,0.0,0.0,0.412273486,0.0,0.0,0.0,0.0,0.0,0.0,967
k2537,0.0,0.0,0.0,0.528712445,0.0,0.0,0.0,0.0,0.0,0.0,1871
k1707,0.0,0.0,0.0,0.509727089,0.0,0.0,0.0,0.0,0.0,0.0,3056
k3112,0.0,0.0,0.0,0.52649294,0.0,0.0,0.0,0.0,0.0,0.0,1774
k1684,0.069,0.0833,0.0,0.437849083,0.0,0.0,0.0,0.0,0.0,0.0,2494
k2643,0.0345,0.0,0.0,0.344219864,0.0,0.0,0.0,0.0,0.0,0.0,2377
k599,0.0,0.0,0.0,0.398614957,0.0,0.0,0.0,0.0,0.0,0.0,2970
k2032,0.0,0.0,0.0,0.499005147,0.0,0.0,0.0,0.0,0.0,0.0,1276
k3312,0.0,0.0,0.0,0.540253905,0.0,0.0,0.0,0.0,0.0,0.0,2626
k2146,0.0,0.0,0.0,0.556883165,0.0,0.0,0.0,0.0,0.0,0.0,514
k3295,0.0,0.0,0.0,0.721946494,0.0,0.0,0.0,0.0,0.0,0.0,414
k649,0.0,0.0,0.0,0.39403935,0.0,0.181818182,0.0,0.0,0.0,0.0,468
k2207,0.0,0.0,0.0,0.513483191,0.0,0.0,0.0,0.0,0.0,0.0,1235
k1249,0.0,0.0,0.0,0.493746613,0.0,0.0,0.0,0.0,0.0,0.0,442
k859,0.0,0.0,0.0,0.504536851,0.0,0.0,0.0,0.0,0.0,0.0,41
k181,0.0,0.0,0.0,0.411146657,0.0,0.0,0.0,0.0,0.0,0.0,2891
k2560,0.0,0.0,0.0,0.511024653,0.0,0.0,0.0,0.0,0.0,0.0,695
k3350,0.0,0.0,0.0,0.499995394,0.0,0.0,0.0,0.0,0.0,0.0,1432
k606,0.0345,0.0,0.0,0.650273362,0.0,0.0,0.0,0.0,0.0,0.0,3335
k1879,0.0,0.0,0.0,0.510410015,0.0,0.0,0.0,0.0,0.0,0.0,105
k192,0.0,0.0,0.0,0.470049065,0.0,0.0,0.0,0.0,0.0,0.0,2277
k3018,0.0345,0.0,0.0,0.464380775,0.0,0.0,0.0,0.0,0.0,0.0,155
k2777,0.0,0.0,0.566393665,0.402644223,0.0,0.0,0.0,0.0,0.0,0.0,2143
k2810,0.0,0.0,0.0,0.570097792,0.0,0.0,0.133333333,0.0,0.0,0.166666667,1507
k1487,0.0,0.0,0.0,0.503170998,0.0,0.0,0.0889,0.0,0.0,0.0,1972
k1794,0.0,0.0,0.0,0.55664414,0.0,0.0,0.0,0.0,0.0,0.0,1927
k2543,0.0,0.0,0.0,0.389104523,0.0,0.0,0.0,0.0,0.0,0.0,1829
k1342,0.0,0.0,0.0,0.401073492,0.0,0.0,0.0,0.0,0.0,0.0,3084
k335,0.0,0.0,0.0,0.466941749,0.0,0.0,0.0,0.0,0.0,0.0,390
k993,0.0,0.0,0.0,0.55999048,0.0,0.0909,0.133333333,0.0,0.0,0.166666667,1556
k2896,0.0,0.0,0.0,0.512458802,0.0,0.0,0.0444,0.0,0.0,0.0,1376
k2403,0.0,0.0,0.0,0.467829554,0.0,0.0,0.0,0.0,0.0,0.0,2632
k3425,0.0,0.0,0.0,0.422517384,0.0,0.0,0.0,0.0,0.0,0.0,934
k3358,0.0,0.0,0.0,0.548790486,0.0,0.0,0.0,0.0,0.25,0.0,3082
k1683,0.0,0.0,0.0,0.501053926,0.0,0.0,0.0,0.0,0.0,0.0,1458
k863,0.0,0.0,0.0,0.514575867,0.0,0.0,0.0,0.0,0.0,0.0,1816
k829,0.0,0.0,0.0,0.449561271,0.0,0.363636364,0.0,0.0,0.0,0.0,2352
k3134,0.0,0.0,0.0,0.456859706,0.0,0.0,0.0,0.0,0.0,0.0,2847
k371,0.0,0.0,0.0,0.469468577,0.0,0.0,0.0,0.0,0.0,0.0,637
k1562,0.0,0.0,0.0,0.493780756,0.0,0.0,0.0,0.0,0.0,0.166666667,1008
k77,0.0,0.0,0.0,0.405307636,0.0,0.0,0.0,0.0,0.0,0.0,2502
k945,0.137931034,0.0,0.0,0.48445881,0.0,0.0,0.0,0.0,0.0833,0.0,2134
k2448,0.0,0.0,0.0,0.436175912,0.0,0.0,0.0,0.0,0.0,0.0,1735
k1864,0.0345,0.0,0.0,0.415790557,0.0,0.0,0.0,0.0,0.0,0.0,1504
k915,0.0,0.0,0.0,0.455878341,0.0,0.0,0.0,0.0,0.0,0.0,2929
k2814,0.0,0.25,0.823108556,0.428732014,0.0,0.0,0.0,0.0,0.0,0.0,193
k3424,0.0,0.0,0.0,0.436551521,0.0,0.0,0.0,0.0,0.0,0.0,174
k813,0.0,0.0,0.0,0.628313851,0.0,0.0,0.0,0.0,0.0,0.0,1881
k792,0.069,0.25,0.0,0.408927147,0.0147,0.0,0.0,0.0,0.0833,0.0,1743
k2354,0.0,0.0,0.0,0.49767344,0.0,0.0,0.0,0.0,0.0,0.0833,2932
k1966,0.0,0.0,0.0,0.424975918,0.0,0.0,0.0,0.0,0.0,0.0,2623
k2173,0.0,0.0,0.0,0.598575832,0.0,0.0,0.0,0.0,0.0,0.0,2640
k63,0.275862069,0.5,0.610789683,0.366893023,0.0882,0.0909,0.133333333,0.0909,0.25,0.0833,1212
k376,0.0,0.0,0.0,0.60801251,0.0,0.0,0.0,0.0,0.0,0.0,930
k930,0.0,0.0,0.0,0.44799054,0.0,0.0,0.0222,0.0,0.0,0.0,3092
k2469,0.0,0.0,0.0,0.49675149,0.0,0.0,0.0,0.0,0.0,0.0,2309
k2297,0.310344828,0.833333333,0.807889711,0.423610066,0.117647059,0.0909,0.2,0.0,0.166666667,0.0833,1377
k2407,0.0,0.0,0.0,0.434878352,0.0,0.0,0.0,0.0,0.0,0.0,42
k642,0.0,0.0,0.0,0.451405172,0.0,0.0,0.0,0.0,0.0,0.0,2851
k3318,0.0,0.0,0.0,0.487805153,0.0,0.0,0.0,0.0,0.0,0.0,1916
k2451,0.0,0.0,0.0,0.533697815,0.0,0.0,0.0,0.0,0.0,0.0,1136
k1475,0.0,0.0,0.0,0.499995394,0.0,0.0,0.0,0.0,0.0,0.0,2468
k163,0.0345,0.0,0.103398903,0.370214435,0.0,0.0,0.0,0.0,0.0,0.0,2252
k2414,0.0,0.0,0.0,0.408005196,0.0,0.0,0.0,0.0,0.0,0.0,0
k1102,0.0,0.0,0.0,0.452771022,0.0,0.0,0.0,0.0,0.0,0.0,1655
k3267,0.0,0.0,0.0,0.501395389,0.0,0.0,0.0,0.0,0.0,0.166666667,1328
k3182,0.0,0.0,0.73590016,0.561731949,0.0,0.0,0.0,0.0,0.0,0.0,297
k3345,0.0,0.0,0.0,0.468171017,0.0,0.0,0.0,0.0,0.0,0.0,3242
k470,0.206896552,0.0,0.0,0.504673433,0.0,0.0,0.177777778,0.0,0.0,0.0,74
k1542,0.0,0.0,0.0,0.554083173,0.0,0.0,0.0,0.0,0.0,0.0,2139
k1038,0.0,0.0,0.0,0.481078324,0.0,0.0,0.0,0.0,0.0,0.0,653
k716,0.0,0.0,0.0,0.56524901,0.0,0.0,0.0,0.0,0.0,0.0,3407
k2048,0.0,0.0,0.0,0.532092931,0.0,0.0,0.0444,0.0,0.0,0.0,2310
k3127,0.172413793,0.416666667,0.0,0.536497813,0.0441,0.0909,0.2,0.0909,0.0,0.0833,2873
k1265,0.0,0.0,0.0,0.388328036,0.0,0.0,0.0,0.0,0.0,0.0,1179
k2566,0.0,0.0,0.0,0.590824606,0.0,0.0,0.0,0.0,0.0,0.0833,3222
k563,0.069,0.0,0.717574522,0.522600256,0.0294,0.0,0.0,0.0,0.0833,0.0,2690
k2360,0.137931034,0.0,0.0,0.506722219,0.0,0.0,0.0,0.0,0.0833,0.0,1855
k2265,0.103448276,0.0,0.0,0.532775864,0.0588,0.0,0.0,0.0,0.0,0.583333333,1870
k271,0.0,0.0,0.0,0.563336823,0.0,0.0,0.0,0.0,0.0,0.0,1633
k1814,0.0,0.0,0.0,0.440205178,0.0,0.0,0.0,0.0,0.0,0.0,3291
k2091,0.0,0.0,0.0,0.447888105,0.0,0.0,0.0,0.0,0.0,0.0,3054
k2872,0.0,0.0,0.0,0.467720286,0.0,0.0,0.0,0.0,0.0,0.0,2506
k2237,0.0,0.0,0.63500845,0.45792712,0.0,0.0,0.0,0.0,0.0,0.0833,1324
k3238,0.0,0.0,0.0,0.52980513,0.0,0.272727273,0.0222,0.0,0.0,0.0833,2930
k2072,0.0,0.0,0.0,0.418795434,0.0,0.0,0.0,0.0,0.0,0.0,2000
k2440,0.0,0.0,0.0,0.760873299,0.0,0.0,0.0,0.0,0.0,0.0,853
k2967,0.0,0.0,0.0,0.490571008,0.0,0.0,0.0,0.0,0.0,0.0,782
k512,0.0,0.0,0.0,0.444473469,0.0,0.0,0.0667,0.0,0.0,0.0833,3151
k1642,0.0,0.0,0.0,0.562619754,0.0,0.0,0.0,0.0,0.0,0.0,515
k1985,0.0,0.0,0.0,0.642180683,0.0,0.0,0.0222,0.0,0.0,0.0,3329
k2636,0.0,0.0,0.0,0.407936903,0.0,0.0,0.0,0.0,0.0,0.0,1509
k2117,0.0,0.0,0.0,0.517205137,0.0,0.0,0.0,0.0,0.0,0.0,1353
k445,0.103448276,0.0,0.0,0.468205163,0.0,0.0,0.0444,0.0,0.0833,0.0,100
k1033,0.0,0.0,0.0,0.436175912,0.0,0.0,0.0,0.0,0.0,0.0,2707
k1557,0.0,0.0,0.0,0.536975858,0.0,0.0,0.0,0.0,0.0,0.0,2831
k3270,0.206896552,0.0,0.0,0.669463589,0.0,0.0,0.155555556,0.0909,0.166666667,0.583333333,1446
k157,0.0,0.0,0.0,0.492312464,0.0,0.0,0.0,0.0,0.0,0.0833,2049
k59,0.0,0.0,0.291646655,0.477766137,0.0,0.0,0.0,0.0,0.0,0.0,1679
k2352,0.0,0.0,0.0,0.408380805,0.0,0.0,0.0,0.0,0.0,0.0,916
k1444,0.069,0.0,0.0,0.583585589,0.0588,0.0,0.0,0.0,0.0,0.25,2828
k1751,0.0,0.0,0.0,0.442936884,0.0,0.0,0.0,0.0,0.0,0.0,522
k1402,0.0,0.0,0.0,0.532673425,0.0,0.0,0.0,0.0,0.0,0.0,755
k2093,0.0,0.0,0.0,0.502925145,0.0,0.0,0.0,0.0,0.0,0.0,1960
k74,0.0,0.0,0.0,0.409985682,0.0,0.0,0.0,0.0,0.0,0.0,3364
k2609,0.0,0.0,0.0,0.435356401,0.0,0.0,0.0,0.0,0.0,0.0,1568
k3058,0.0,0.0,0.614235031,0.477049058,0.0,0.0,0.0,0.0,0.0,0.0,3374
k43,0.069,0.0,0.0,0.492210025,0.0,0.0,0.0,0.0,0.0,0.166666667,2348
k701,0.0,0.0,0.0,0.494975881,0.0,0.0,0.0,0.0,0.0,0.0,2927
k3351,0.0,0.0,0.0,0.571562672,0.0,0.0,0.0,0.0,0.0,0.0,3299
k1390,0.0,0.0,0.0,0.543941701,0.0,0.0,0.0,0.0,0.0,0.0,1180
k2832,0.0,0.0,0.0,0.47121004,0.0,0.0,0.0,0.0,0.0,0.0,1083
k3028,0.0,0.0,0.0,0.551214878,0.0,0.0,0.0,0.0,0.0,0.166666667,3432
k711,0.069,0.0,0.673298046,0.493268565,0.0,0.0,0.0,0.0,0.0833,0.166666667,546
k1484,0.069,0.333333333,0.0,0.432658841,0.117647059,0.0,0.0222,0.0,0.166666667,0.0,922
k2968,0.0,0.0,0.0,0.423371041,0.0,0.0,0.0,0.0,0.0,0.0,3159
k1867,0.0,0.0,0.0,0.48944418,0.0,0.0,0.0,0.0,0.0,0.0,3230
k2364,0.0,0.0,0.0,0.42374665,0.0,0.0,0.0,0.0,0.0,0.0,1449
k2755,0.0,0.0,0.0,0.475196278,0.0,0.0,0.0222,0.0,0.0,0.0,2728
k1590,0.0,0.0,0.0,0.449697856,0.0,0.0,0.0,0.0,0.0,0.0,3428
k453,0.0,0.0,0.0,0.501593438,0.0,0.0,0.0,0.0,0.0,0.0,3060
k2269,0.0,0.0,0.0,0.565180721,0.0294,0.0,0.0,0.0,0.0,0.0,2969
k1760,0.0,0.0,0.0,0.452907611,0.0,0.0,0.0,0.0,0.0,0.0,1615
k2907,0.172413793,0.0,0.0,0.445463712,0.0,0.0,0.0,0.0,0.0,0.0,3213
k3341,0.137931034,0.0,0.625242601,0.368429607,0.0294,0.0,0.0,0.0,0.0833,0.0,190
k2817,0.0,0.0,0.0,0.40295154,0.0,0.0,0.0,0.0,0.0,0.0,2229
k2076,0.0,0.0,0.0,0.438292984,0.0,0.0,0.0,0.0,0.0,0.0,602
k1394,0.0,0.0,0.0,0.504468562,0.0,0.0,0.0,0.0,0.0,0.0,352
k1430,0.0,0.0,0.0,0.522784646,0.0,0.0,0.0,0.0,0.0,0.0,342
k3159,0.0,0.0,0.0,0.6772831,0.0,0.0,0.0,0.0,0.0,0.0,3152
k1247,0.0,0.0,0.0,0.624527027,0.0,0.0,0.0444,0.0,0.0,0.0,2837
k615,0.0,0.0,0.0,0.491561252,0.0,0.0,0.0,0.363636364,0.0,0.0,2628
k3119,0.0,0.0,0.0,0.646107504,0.0,0.0,0.0,0.0,0.0,0.0,3111
k743,0.0,0.0,0.0,0.576039245,0.0,0.0,0.0,0.0,0.0,0.0833,2380
k1922,0.0,0.0,0.0,0.477825548,0.0,0.0,0.0,0.0,0.0,0.0,1224
k425,0.0,0.0,0.0,0.443619814,0.0,0.0,0.0,0.0,0.0,0.0,3101
k2393,0.0,0.0,0.0,0.424497869,0.0,0.0,0.0,0.0,0.0,0.0,2725
k1834,0.0,0.0,0.0,0.487258808,0.0,0.0,0.0,0.0,0.0,0.0,3031
k3367,0.0,0.0,0.0,0.527653912,0.0,0.0,0.0444,0.0,0.0,0.0833,2012
k2988,0.0,0.0,0.0,0.434912498,0.0,0.0,0.0,0.0,0.0,0.0,2812
k860,0.0,0.0,0.0,0.598575832,0.0,0.0,0.0,0.0,0.0,0.0,2193
k549,0.0,0.0,0.0,0.450756392,0.0,0.0,0.0,0.0,0.0,0.0,3015
k2428,0.0,0.0,0.0,0.502112466,0.0,0.0,0.0,0.0,0.0,0.0,2764
k2067,0.0,0.0,0.0,0.441161275,0.0,0.0909,0.0,0.0,0.0,0.0,2607
k530,0.0,0.0,0.0,0.545444143,0.0,0.0,0.0,0.0,0.0,0.166666667,465
k2195,0.0,0.0,0.0,0.599817382,0.0,0.0,0.0,0.0,0.0,0.0,1764
k410,0.137931034,0.166666667,0.704267041,0.391819839,0.0882,0.0,0.0,0.0,0.0,0.0833,1724
k1472,0.0,0.0,0.0,0.478380764,0.0,0.0,0.0,0.0,0.0,0.0,2312
k2661,0.0345,0.0,0.0,0.531136837,0.0,0.0,0.0,0.0,0.0,0.0,1918
k906,0.0,0.0,0.0,0.540458783,0.0,0.0,0.0444,0.0,0.0,0.0,511
k2730,0.0,0.0,0.0,0.481795403,0.0,0.0,0.0,0.0,0.0,0.0,3322
k2838,0.0345,0.5,0.0,0.458678339,0.441176471,0.0,0.0,0.0,0.0,0.0,502
k531,0.0,0.0,0.0,0.514644163,0.0,0.0,0.0,0.0,0.0,0.0,2709
k1878,0.0,0.0,0.0,0.509727089,0.0,0.0,0.0,0.0,0.0,0.0,2089
k1371,0.0,0.0,0.0,0.628078248,0.0,0.0,0.0,0.0,0.0,0.0,2464
k12,0.0,0.0,0.0,0.504195388,0.0,0.0,0.0,0.0,0.0,0.0,1852
k572,0.0,0.0,0.0,0.421470116,0.0,0.181818182,0.0,0.0,0.0,0.0,1622
k1629,0.0,0.0,0.0,0.517239283,0.0,0.0,0.0,0.0,0.0,0.0,1517
k2727,0.0,0.0,0.0,0.521772549,0.0,0.0,0.0,0.0,0.0,0.0,160
k1981,0.0,0.0,0.0,0.46127346,0.0,0.0,0.0,0.0,0.0,0.0,2051
k2089,0.0,0.0,0.0,0.498868565,0.0,0.0,0.0,0.0,0.0,0.0,2524
k2791,0.0,0.0,0.0,0.514541724,0.0,0.0,0.0,0.0,0.0,0.0,226
k1649,0.103448276,0.0,0.0,0.589962074,0.0735,0.0,0.0,0.0,0.0,0.0,1028
k3124,0.0,0.0,0.0,0.662600188,0.0,0.0,0.0,0.0,0.0,0.0,2800
k321,0.0,0.0,0.0,0.647678234,0.0,0.0,0.0,0.0,0.0,0.0,2700
k2476,0.0,0.0,0.0,0.549268531,0.0,0.0,0.0,0.0,0.0,0.0,2319
k3078,0.0,0.25,0.0,0.497571001,0.0441,0.0,0.0444,0.0,0.0,0.0,1609
k2228,0.0,0.0,0.0,0.47882467,0.0,0.0,0.0,0.0,0.0,0.0,1695
k356,0.0,0.0,0.0,0.486097837,0.0,0.0,0.0,0.0,0.0,0.0,194
k2418,0.137931034,0.333333333,0.0,0.581946573,0.0147,0.0909,0.244444444,0.0,0.0,0.0833,1661
k3178,0.0,0.0,0.0,0.466327116,0.0,0.0,0.0,0.0,0.0,0.0,1209
k2357,0.137931034,0.0,0.0,0.513790501,0.0,0.0,0.0,0.0,0.0,0.0,3197
k941,0.0,0.0,0.0,0.50860026,0.0,0.0,0.0,0.0,0.0,0.0,2885
k2650,0.0345,0.0,0.0,0.469502724,0.0,0.0,0.0,0.0,0.0,0.0,340
k2180,0.0,0.0,0.0,0.475171017,0.0,0.0,0.0,0.0,0.0,0.0,2606
k3013,0.0,0.0,0.0,0.382019843,0.0,0.181818182,0.0,0.0,0.0,0.0,1699
k3266,0.0345,0.0,0.0,0.441810056,0.0,0.0,0.0,0.0,0.0,0.0,2517
k61,0.0345,0.0,0.0,0.510102705,0.0,0.0,0.0,0.0,0.0,0.0,743
k1067,0.0,0.0,0.0,0.506175878,0.0,0.0,0.0,0.0,0.0,0.0,774
k2753,0.172413793,0.0,0.0,0.460829558,0.0882,0.0,0.0,0.0,0.0,0.166666667,1968
k2939,0.0,0.0,0.0,0.617458745,0.0,0.0,0.0,0.0,0.0,0.0,3163
k3377,0.0,0.0,0.0,0.574912416,0.0,0.0,0.0,0.0,0.0,0.0,2625
k3118,0.103448276,0.0,0.79223865,0.518297823,0.0294,0.0,0.0,0.0,0.0833,0.0,2622
k578,0.137931034,0.0,0.0,0.465507604,0.0,0.0,0.0,0.0,0.0,0.0,1038
k2472,0.0,0.0,0.0,0.438941764,0.0,0.0,0.0,0.0,0.0,0.0,3251
k2301,0.0,0.0,0.0,0.415141777,0.0,0.0,0.0,0.0,0.0,0.0,784
k465,0.0,0.0,0.0,0.419922262,0.0,0.0,0.0,0.0,0.0,0.0,2174
k2575,0.0,0.0,0.0,0.490741733,0.0,0.0,0.0,0.0,0.0,0.0,32
k2806,0.0,0.0,0.0,0.553912438,0.0,0.0,0.0,0.0,0.0,0.0,1264
k2351,0.0,0.0,0.0,0.458610043,0.0,0.0,0.0,0.0,0.0,0.0,1219
k1805,0.0,0.0,0.0,0.46656614,0.0,0.0,0.0,0.0,0.0,0.0,2559
k3024,0.069,1.0,0.0,0.660653841,0.176470588,0.181818182,0.133333333,0.0,0.0,0.166666667,2854
k199,0.0,0.0,0.0,0.46554175,0.0,0.0,0.0,0.0,0.0,0.0,1372
k111,0.069,0.0,0.0,0.530256548,0.0,0.0909,0.0667,0.0,0.0,0.0,680
k1532,0.0,0.0,0.0,0.564395363,0.0,0.0,0.0,0.0,0.0,0.0,1062
k1222,0.0,0.0,0.0,0.598429682,0.0,0.0,0.0,0.0,0.0,0.0,346
k2759,0.0,0.0,0.0,0.575322176,0.0,0.0909,0.0,0.0,0.0,0.0,2624
k1923,0.0,0.0,0.0,0.415688119,0.0,0.0,0.0,0.0,0.0,0.0,1447
k2581,0.0,0.0,0.0,0.519151474,0.0,0.0,0.0444,0.0,0.0,0.0,2903
k1115,0.0,0.0,0.0,0.54240513,0.0,0.0,0.0444,0.0,0.0,0.0,113
k257,0.0,0.0,0.0,0.406824757,0.0,0.181818182,0.0,0.0,0.0,0.0,2845
k891,0.0,0.0,0.0,0.469263699,0.0,0.0,0.0,0.0,0.0,0.0,2108
k2685,0.0,0.0,0.0,0.491561252,0.0,0.0,0.0,0.0,0.0,0.0,1501
k1250,0.0,0.0,0.0,0.428879867,0.0,0.181818182,0.0,0.0,0.0,0.0,542
k912,0.0,0.0,0.0,0.519151474,0.0,0.0,0.0,0.0,0.0,0.0,1242
k1592,0.069,0.0,0.0,0.463527117,0.0,0.0,0.0,0.0,0.166666667,0.0,2200
k308,0.0,0.0,0.0,0.424771041,0.0,0.0,0.0,0.0,0.0,0.0,964
k2254,0.0,0.0,0.0,0.501661734,0.0,0.0,0.0,0.0,0.0,0.0,1869
k1808,0.0,0.0,0.0,0.455844194,0.0,0.0,0.0,0.0,0.0,0.0,783
k2182,0.069,0.0,0.0,0.54206366,0.0,0.0,0.0444,0.0,0.0833,0.0,1490
k2917,0.069,0.0,0.711196403,0.527107571,0.0294,0.0,0.0,0.0,0.0833,0.0,1551
k1652,0.0,0.0,0.0,0.510068552,0.0,0.0,0.0,0.0,0.0,0.0,1489
k2255,0.0,0.0,0.0,0.457585657,0.0,0.0,0.0,0.0,0.0,0.0,2461
k1243,0.0,0.0,0.0,0.485449057,0.0,0.0,0.0,0.0,0.0,0.0,1520
k1689,0.0,0.0,0.0,0.463014922,0.0,0.0,0.0,0.0,0.0,0.0,2944
k2912,0.0,0.0,0.0,0.518868066,0.0,0.0,0.0,0.0,0.0,0.0,3149
k2846,0.0,0.0,0.0,0.424088115,0.0,0.0,0.0,0.0,0.0,0.0,710
k748,0.0,0.0,0.0,0.63394459,0.0,0.0,0.0,0.0,0.0,0.0,1
k1597,0.0,0.0,0.0,0.499270126,0.0,0.0,0.0,0.0,0.0,0.0,2168
k948,0.0,0.0,0.0,0.568800228,0.0,0.0,0.0,0.0,0.0,0.0,893
k368,0.0,0.0,0.0,0.593044121,0.0,0.0,0.0,0.0,0.0,0.0,3029
k1828,0.0,0.0,0.0,0.439249081,0.0,0.0,0.0,0.0,0.0,0.0,1840
k2061,0.0,0.0,0.0,0.638868486,0.0,0.0,0.0,0.0,0.0,0.0,2379
k1973,0.0,0.0,0.0,0.490775886,0.0,0.0,0.0,0.0,0.0,0.0,2848
k7,0.0,0.0,0.0,0.507029529,0.0,0.0,0.0222,0.0,0.0,0.0833,382
k3097,0.0345,0.5,0.0,0.517819768,0.176470588,0.0,0.0,0.818181818,0.0,0.0,377
k40,0.0,0.0,0.0,0.534995368,0.0,0.0,0.0,0.0,0.0,0.0,2646
k1535,0.0,0.0,0.0,0.478141743,0.0,0.0,0.0,0.0,0.0,0.0,746
k2638,0.069,0.0,0.0,0.557668537,0.0,0.0,0.0,0.0,0.0,0.0,1246
k123,0.0,0.0,0.0,0.448263711,0.0,0.0,0.0,0.0,0.0,0.0,1370
k2859,0.0,0.0,0.0,0.463029605,0.0,0.181818182,0.0,0.0,0.0,0.0,2182
k1565,0.0,0.0,0.0,0.541653901,0.0,0.0909,0.0,0.0,0.0,0.0,1234
k2649,0.0,0.0,0.0,0.508625532,0.0,0.0,0.0,0.0,0.0,0.0,608
k1708,0.0,0.0,0.0,0.539229516,0.0,0.0,0.0,0.0,0.0,0.0,161
k28,0.0,0.0,0.0,0.459736879,0.0,0.0,0.0,0.0,0.0,0.5,404
k2006,0.0345,0.0,0.0,0.490536855,0.0147,0.0,0.0,0.0,0.0,0.0,474
k2842,0.0,0.0,0.0,0.505766119,0.0,0.0,0.0,0.0,0.0,0.0,1815
k2086,0.0,0.0,0.0,0.477288089,0.0,0.0,0.0,0.0,0.0,0.0,1454
k330,0.0345,0.0,0.352688498,0.289697406,0.117647059,0.0,0.0,0.0,0.0,0.0,3413
k1325,0.0,0.0,0.0,0.366517413,0.0,0.0,0.0,0.0,0.0,0.0,2817
k130,0.0,0.0,0.0,0.477663695,0.0,0.0,0.0222,0.0,0.0,0.0,2187
k2272,0.0,0.0,0.0,0.549234388,0.0,0.0,0.0,0.0,0.0,0.0,1184
k1712,0.0,0.0,0.0,0.469041062,0.0,0.0,0.0,0.0,0.0,0.166666667,228
k2561,0.0345,0.0,0.0,0.454853951,0.0,0.0,0.0,0.0,0.0,0.0,2657
k1476,0.0,0.0,0.0,0.659561155,0.0,0.0,0.0444,0.0,0.0,0.166666667,152
k395,0.0,0.0,0.0,0.395746666,0.0,0.0,0.0,0.0,0.0,0.0,331
k667,0.0,0.0,0.0,0.532844153,0.0,0.0,0.0,0.0,0.0,0.0,315
k228,0.0,0.0,0.0,0.49173198,0.0,0.0,0.0,0.0,0.0,0.0,1135
k2625,0.0345,0.0,0.0,0.449561271,0.0,0.0,0.0,0.0,0.0,0.0,147
k165,0.0,0.0,0.0,0.453522244,0.0,0.0,0.0,0.0,0.0,0.0,2235
k2259,0.0,0.0,0.0,0.445258834,0.0,0.0,0.0,0.0,0.0,0.0,548
k1575,0.0,0.0,0.0,0.558488038,0.0,0.0,0.0,0.0,0.0,0.0,3401
k238,0.0,0.0,0.0,0.482341745,0.0,0.0,0.0,0.0,0.0,0.0,51
k1959,0.0,0.0,0.0,0.398444225,0.0,0.0,0.0,0.0,0.0,0.0,2795
k2766,0.0,0.0,0.0,0.453829561,0.0,0.0,0.0,0.0,0.0,0.0,1742
k472,0.0,0.0,0.0,0.508088072,0.0,0.0,0.0,0.0,0.0,0.0,530
k3410,0.0,0.0,0.0,0.492312464,0.0,0.0,0.0,0.0,0.0,0.0,2747
k88,0.0,0.0,0.0,0.522463674,0.0,0.0,0.0,0.0,0.0,0.0,994
k540,0.0,0.0,0.0,0.512185628,0.0,0.0,0.0,0.0,0.0,0.0,1484
k839,0.0,0.0,0.0,0.526697812,0.0,0.0,0.0,0.0,0.0,0.0,79
k834,0.069,0.0,0.0,0.382839356,0.0,0.0,0.0,0.0,0.0,0.0,112
k1812,0.0,0.0,0.0,0.595958851,0.0,0.0,0.0,0.0,0.0,0.0,2852
k1817,0.0,0.0,0.0,0.4747954,0.0,0.0,0.0,0.0,0.0,0.0,3319
k731,0.0,0.0,0.0,0.421219823,0.0,0.0,0.0,0.0,0.0,0.0,2292
k2583,0.0,0.0,0.638280988,0.447512492,0.0,0.0,0.0,0.0,0.0,0.0,767
k1054,0.0,0.0,0.0,0.772244025,0.0,0.0,0.0,0.0,0.0,0.0,2936
k2863,0.103448276,0.0,0.0,0.534107564,0.0588,0.0,0.0,0.0,0.0,0.583333333,145
k3323,0.0,0.0,0.108009918,0.409166171,0.0,0.181818182,0.0,0.0,0.0,0.0,3045
k575,0.0,0.0,0.0,0.523522207,0.0,0.0,0.0,0.0,0.0,0.0,325
k1504,0.0,0.0,0.0,0.567570971,0.0,0.0,0.0,0.0,0.0,0.0833,1643
k2346,0.0,0.0,0.0,0.440819812,0.0,0.0,0.0,0.0,0.0,0.0,1016
k307,0.0,0.0,0.0,0.681610805,0.0,0.0,0.0,0.0,0.0,0.0,2605
k1413,0.069,0.166666667,0.822123864,0.528917326,0.0588,0.0909,0.0444,0.0,0.0,0.25,2159
k2820,0.069,0.0,0.0,0.392332033,0.0,0.0,0.0,0.0,0.0,0.0,469
k2187,0.0,0.0,0.0,0.566341693,0.0,0.0,0.0,0.0,0.0,0.0,798
k1014,0.0,0.0,0.0,0.607727033,0.0,0.0,0.0,0.0,0.0,0.0,420
k343,0.0,0.0,0.0,0.566068526,0.0,0.0,0.0,0.0,0.0,0.333333333,1942
k2731,0.0,0.0,0.0,0.480668575,0.0,0.0,0.0,0.0,0.0,0.0,2977
k2848,0.0,0.0,0.0,0.544214886,0.0,0.0,0.0,0.0,0.0,0.0833,3154
k1481,0.0,0.0,0.0,0.373278385,0.0,0.0,0.0,0.0,0.0,0.0,1023
k1221,0.0,0.0,0.0,0.477288089,0.0,0.0,0.0,0.0,0.0,0.0,2499
k3213,0.0,0.0,0.0,0.450858828,0.0,0.0,0.0,0.0,0.0,0.0,828
k325,0.0,0.0,0.944918347,0.692112162,0.0294,0.0,0.0,0.0,0.0,0.0,459
k570,0.0,0.0,0.0,0.562517305,0.0,0.0,0.0,0.0,0.0,0.0,2916
k2217,0.0,0.0,0.0,0.521097821,0.0,0.0,0.0,0.0,0.0,0.0,2897
k1559,0.103448276,0.0,0.0,0.458371022,0.0,0.0,0.0,0.0,0.0,0.0,345
k2563,0.0,0.0,0.0,0.462468581,0.0,0.0,0.0,0.0,0.0,0.0,127
k1429,0.0,0.0,0.0,0.484390524,0.0,0.0,0.0,0.0,0.0,0.0,968
k2385,0.0,0.0,0.0,0.604278261,0.0,0.0,0.0,0.0,0.0,0.0,1739
k962,0.0,0.0,0.0,0.53946854,0.0,0.0,0.0,0.0,0.0,0.0,1998
k54,0.0,0.0,0.0,0.532844153,0.0,0.0,0.0,0.0,0.0,0.0,1389
k1403,0.0,0.0,0.0853,0.593146553,0.0,0.181818182,0.422222222,0.0,0.0,0.0,1672
k1248,0.0,0.0,0.0,0.530010008,0.0,0.0,0.0,0.0,0.0,0.0,1992
k370,0.0,0.166666667,0.0,0.323254022,0.0294,0.0,0.0,0.0,0.0,0.0,146
k3050,0.0,0.0,0.0,0.487839296,0.0,0.0,0.0,0.0,0.0,0.0,1865
k3399,0.0,0.0,0.0,0.519766115,0.0,0.0,0.0,0.0,0.0,0.0,1265
k2507,0.0,0.0,0.0,0.430917379,0.0,0.0,0.0,0.0,0.0,0.0,670
k302,0.0,0.0,0.0,0.478722228,0.0,0.0,0.0,0.0,0.0,0.0,649
k2247,0.0,0.0,0.0,0.458131998,0.0,0.0,0.0,0.0,0.0,0.0,1919
k630,0.0,0.0,0.0,0.563814868,0.0,0.0,0.0,0.0,0.0,0.0,839
k2471,0.0,0.0,0.0,0.499961241,0.0,0.0,0.0,0.0,0.0,0.0,630
k845,0.0,0.0,0.0,0.611178557,0.0,0.0,0.0,0.0,0.0,0.0,1542
k3110,0.069,0.0,0.0,0.345312546,0.0,0.0,0.0,0.0,0.0,0.0,646
k970,0.0345,0.0,0.496578404,0.379357455,0.0882,0.0,0.0,0.0,0.0,0.0,133
k692,0.069,0.0,0.256805233,0.520892943,0.0,0.0,0.0,0.0,0.0,0.0,27
k3334,0.0,0.0,0.0,0.670610915,0.0,0.0,0.0,0.0,0.0,0.0,2629
k2590,0.0,0.0,0.156320171,0.56664902,0.0,0.0,0.0222,0.0,0.0,0.0,289
k2018,0.0,0.0,0.0,0.378400335,0.0,0.0,0.0,0.0,0.0,0.0,2915
k3240,0.0,0.0,0.0,0.583178569,0.0,0.0,0.0,0.0,0.0,0.166666667,1192
k2656,0.0,0.0,0.0,0.588207629,0.0,0.0,0.0,0.0,0.0,0.0,2568
k1006,0.0,0.0,0.0,0.467686136,0.0,0.0,0.0,0.0,0.0,0.0,2998
k1661,0.069,0.166666667,0.543208933,0.423182554,0.0441,0.0,0.0,0.0,0.0833,0.166666667,1433
k2142,0.0,0.0,0.0,0.394893008,0.0,0.0,0.0,0.0,0.0,0.0,2772
k1063,0.0,0.0,0.0,0.418078361,0.0,0.0,0.0,0.0,0.0,0.0,3146
k313,0.0,0.0,0.0,0.415892996,0.0,0.0,0.0,0.0,0.0,0.0,286
k276,0.0,0.0,0.315847232,0.500917341,0.0,0.0,0.0,0.0,0.0,0.166666667,2730
k1641,0.0,0.0,0.0,0.59181486,0.0,0.0,0.0,0.0,0.0,0.0,2471
k1191,0.0,0.0,0.0,0.527175867,0.0,0.0,0.0444,0.0,0.0,0.0,2959
k3067,0.0,0.0,0.0,0.489888082,0.0,0.0,0.0,0.0,0.0,0.0,1178
k1533,0.069,0.0,0.0,0.384205208,0.0,0.0,0.0,0.0,0.0,0.0,709
k2223,0.0,0.0,0.0,0.487668568,0.0,0.0,0.0,0.0,0.0,0.0,1029
k2036,0.0,0.0,0.0,0.51225392,0.0,0.0,0.0,0.0,0.0,0.0,1611
k366,0.24137931,0.0,0.0,0.395601203,0.117647059,0.0,0.0,0.181818182,0.0,0.0,805
k1028,0.0,0.0,0.436547719,0.486029541,0.0,0.0,0.0,0.0,0.0,0.0,1559
k1195,0.0,0.0,0.0,0.439488106,0.0,0.0,0.0,0.0,0.0,0.0,2614
k1958,0.0,0.0,0.0,0.517449625,0.0,0.0,0.0,0.0,0.0,0.0,2173
k1917,0.0,0.0,0.0,0.501566125,0.0,0.0,0.0,0.0,0.0,0.0,1654
k680,0.103448276,0.0,0.0,0.459736879,0.0,0.0,0.0,0.0,0.0,0.0,2100
k1576,0.0,0.0,0.0,0.488180759,0.0,0.0,0.0,0.0,0.0,0.166666667,2391
k3012,0.0,0.0,0.0,0.418146654,0.0,0.0,0.0,0.0,0.0,0.0,2649
k1731,0.0,0.0,0.0,0.561561211,0.0,0.0,0.0,0.0,0.0,0.0,126
k3147,0.0,0.0,0.0,0.593351431,0.0,0.0,0.0,0.0,0.0,0.0,1914
k778,0.069,0.0,0.0,0.367678388,0.0,0.181818182,0.0,0.0,0.0,0.0,2554
k683,0.069,0.0,0.0,0.510674994,0.0,0.0,0.0,0.0,0.0,0.25,2669
k1585,0.0,0.0,0.0,0.398580811,0.0,0.0,0.0,0.0,0.0,0.0,2282
k1107,0.0345,0.0,0.0,0.552956344,0.0147,0.0,0.0,0.0,0.0,0.0,2867
k1417,0.0,0.0,0.445752389,0.327932068,0.0,0.0,0.0,0.0,0.0,0.0,3292
k2958,0.0,0.0,0.0,0.618107529,0.0,0.0,0.0444,0.0,0.0,0.0,1119
k2913,0.0,0.0,0.0,0.449349564,0.0,0.0,0.0,0.0,0.0,0.0,1935
k1272,0.0,0.0,0.0,0.483946618,0.0,0.0,0.0,0.0,0.0,0.0,1409
k2224,0.0,0.0,0.0,0.447785662,0.0,0.0,0.0,0.0,0.0,0.0,1768
k303,0.0345,0.0833,0.0,0.445566151,0.0294,0.0,0.0,0.0,0.0,0.0,1203
k145,0.206896552,0.0833,0.0,0.397897884,0.0147,0.0,0.0,0.0,0.0833,0.0833,2426
k1056,0.0,0.0,0.0,0.520517327,0.0,0.0,0.0,0.0,0.0,0.166666667,1666
k3096,0.0,0.0,0.0,0.476434427,0.0,0.0,0.0,0.0,0.0,0.0,2859
k2371,0.0,0.0,0.0,0.559922194,0.0,0.0,0.0,0.0,0.0,0.0833,225
k2285,0.0,0.0,0.0,0.512086607,0.0,0.0,0.0,0.0,0.0,0.0,3136
k3327,0.0,0.0,0.0,0.432249085,0.0,0.0,0.0,0.0,0.0,0.0,1331
k3227,0.0,0.0,0.0,0.576653886,0.0,0.0,0.0,0.0,0.0,0.0833,3418
k2593,0.0,0.0,0.0,0.421083237,0.0,0.0,0.0,0.0,0.0,0.0,3053
k562,0.0,0.0,0.0,0.568586475,0.0,0.0,0.0,0.0,0.0,0.0,815
k2756,0.0,0.0,0.0,0.589424611,0.0,0.0,0.0,0.0,0.0,0.0,1009
k1584,0.0,0.0,0.0,0.549268531,0.0,0.0,0.0,0.0,0.0,0.0,2744
k1983,0.0,0.0,0.0,0.532912449,0.0,0.0,0.0,0.0,0.0,0.0,1705
k504,0.0,0.0,0.0,0.52222465,0.0,0.0,0.0,0.0,0.0,0.0,3062
k1624,0.0,0.0,0.0,0.498766126,0.0,0.0,0.0,0.0,0.0,0.0,1341
k3259,0.0,0.0,0.0,0.604175829,0.0,0.0,0.111111111,0.0,0.0,0.0833,99
k3340,0.0,0.0,0.0,0.559640135,0.0,0.0,0.0,0.0,0.0,0.0,139
k694,0.0,0.0,0.0,0.52253196,0.0,0.0,0.0,0.0,0.0,0.0,3085
k3315,0.0,0.0,0.0,0.476946619,0.0,0.0,0.0,0.0,0.0,0.0,2490
k1212,0.0,0.0,0.0,0.431941768,0.0,0.0,0.0,0.0,0.0,0.0,246
k707,0.137931034,0.0,0.672138704,0.444097859,0.0294,0.0,0.0,0.0,0.0833,0.0,642
k1295,0.0,0.0,0.0,0.469024675,0.0,0.0,0.0,0.0,0.0,0.0,954
k2216,0.0,0.0,0.0,0.406127148,0.0,0.0,0.0,0.0,0.0,0.0,244
k2432,0.0,0.0,0.0,0.402610077,0.0,0.0,0.0,0.0,0.166666667,0.0,2054
k3004,0.103448276,0.0,0.690077498,0.447614931,0.0,0.0,0.0,0.0,0.0833,0.0,1190
k353,0.0,0.0,0.0,0.416439337,0.0,0.0,0.0,0.0,0.0,0.0,1084
k2238,0.0,0.0,0.0,0.477390521,0.0,0.0,0.0,0.0,0.0,0.0,9
k2090,0.0,0.0,0.0,0.38027838,0.0,0.0,0.0,0.0,0.0,0.0,999
k858,0.0345,0.0833,0.0,0.42736821,0.0147,0.363636364,0.0,0.0,0.0,0.25,2413
k3122,0.0,0.0,0.0,0.419733775,0.0,0.0,0.0889,0.0,0.0,0.0833,2934
k2813,0.0,0.0,0.0,0.395473495,0.0,0.0,0.0,0.0,0.0,0.0,757
k3105,0.0,0.0,0.0,0.509522211,0.0,0.0,0.0,0.0,0.0,0.0,845
k721,0.0,0.0,0.0,0.401688126,0.0,0.0,0.0,0.0,0.0,0.0,2398
k1098,0.0,0.0,0.0,0.686331872,0.0,0.181818182,0.133333333,0.0,0.0,0.166666667,2876
k955,0.0,0.0,0.0,0.516419772,0.0,0.181818182,0.0222,0.0,0.0,0.0,281
k2236,0.0,0.0,0.0,0.435288107,0.0,0.0,0.0,0.0,0.0,0.0,2667
k2492,0.069,0.0,0.683190481,0.47882467,0.0294,0.0,0.0,0.0,0.0833,0.0,3075
k2220,0.0,0.0,0.0,0.472883206,0.0,0.0,0.0,0.0,0.0,0.0833,2331
k2148,0.0,0.0,0.0,0.527927079,0.0,0.0,0.0,0.0,0.0,0.0,1425
k1988,0.0,0.0,0.0,0.443210055,0.0,0.0,0.0,0.0,0.0,0.0,53
k3133,0.0,0.0,0.0,0.561800235,0.0,0.0,0.0,0.0,0.0,0.0,2311
k1785,0.0,0.0,0.0,0.61967826,0.0,0.0,0.0,0.0,0.0,0.0,35
k2953,0.0345,0.0,0.0,0.449834442,0.0,0.0,0.0444,0.0,0.0,0.0,2254
k1938,0.0,0.0,0.0,0.45031249,0.0,0.0,0.0,0.0,0.0,0.0,1617
k2706,0.0,0.0,0.0,0.506653923,0.0,0.0,0.0,0.0,0.0,0.0,1236
k10,0.0,0.0,0.0,0.491083196,0.0,0.0,0.0,0.0,0.0,0.166666667,598
k2462,0.0,0.0,0.0,0.427536892,0.0,0.0,0.0,0.0,0.0,0.0,3121
k391,0.0345,0.0,0.0,0.439761276,0.0,0.0,0.0,0.0,0.0,0.0,1624
k1783,0.0,0.0,0.0,0.507268554,0.0,0.0,0.0,0.0,0.0,0.0,1457
k3201,0.0,0.0,0.0,0.644468483,0.0,0.0,0.0,0.0,0.0,0.0,1004
k892,0.0,0.0,0.0,0.579385588,0.0,0.0,0.0,0.0,0.0,0.0,729
k3401,0.0,0.0,0.640421973,0.484288082,0.0,0.0,0.0667,0.0,0.0,0.0,1087
k1622,0.0,0.0,0.0,0.490912468,0.0,0.0,0.0,0.0,0.0,0.0,641
k1896,0.0,0.0,0.0,0.552888041,0.0,0.0,0.0,0.0,0.0,0.0,189
k24,0.0,0.0,0.0,0.463458824,0.0,0.0,0.0,0.0,0.0,0.0,2627
k1927,0.0,0.0,0.0,0.547766089,0.0,0.0,0.0444,0.0,0.0,0.333333333,1890
k2785,0.0,0.0,0.0,0.354720883,0.0,0.272727273,0.0,0.0,0.0,0.0,371
k2206,0.0,0.0,0.0,0.502146609,0.0,0.0,0.0,0.0,0.0,0.0,1089
k3261,0.0,0.0,0.0,0.517512457,0.0,0.0,0.0,0.0,0.0,0.0,1126
k2368,0.0,0.0,0.0,0.552478282,0.0,0.0,0.0,0.0,0.0,0.166666667,2588
k2481,0.0,0.0,0.0,0.426614943,0.0,0.0,0.0,0.0,0.0,0.0,576
k2801,0.0,0.0,0.0,0.58785388,0.0,0.0,0.0667,0.0,0.0,0.0,2596
k269,0.0,0.0,0.0,0.570609983,0.0,0.0,0.0,0.0,0.0,0.0,2432
k1527,0.0,0.0,0.0,0.539775857,0.0,0.0,0.0,0.0,0.0,0.166666667,2269
k3255,0.0,0.0,0.0,0.488897835,0.0,0.0,0.0,0.0,0.0,0.0,1168
k81,0.0,0.0,0.0,0.48145394,0.0,0.0,0.0,0.0,0.0,0.0,3019
k388,0.0,0.0,0.0,0.547902682,0.0,0.0,0.0,0.0,0.0,0.0,698
k1173,0.0,0.0,0.0,0.490263688,0.0,0.0,0.0,0.0,0.0,0.0,1071
k2588,0.0,0.0,0.0,0.419034458,0.0,0.0,0.0,0.0,0.0,0.0,220
k1780,0.0,0.0,0.0,0.617492892,0.0,0.0,0.0,0.0,0.0,0.0,1395
k267,0.0,0.166666667,0.0,0.526014885,0.0294,0.0,0.0444,0.0,0.0,0.5,1989
k2166,0.0,0.0,0.0,0.447683223,0.0,0.0,0.0,0.0,0.0,0.0,3035
k949,0.0345,0.0,0.73906013,0.521200254,0.0147,0.0,0.0,0.181818182,0.0,0.0,165
k1706,0.103448276,0.0,0.0,0.363956439,0.0147,0.0,0.0,0.0,0.0,0.0,1097
k1677,0.862068966,0.833333333,0.993663037,0.0275,0.323529412,0.909090909,0.844444444,1.0,0.666666667,0.166666667,912
k769,0.0,0.0,0.0,0.44597591,0.0,0.0,0.0,0.0,0.0,0.0,400
k2510,0.0,0.0,0.0,0.431327134,0.0,0.0,0.0,0.0,0.0,0.0,118
k3152,0.0,0.0,0.0,0.557429513,0.0,0.0,0.0,0.0,0.0,0.0,620
k1208,0.0,0.0,0.0,0.542746583,0.0,0.0,0.0,0.0,0.0,0.0833,2537
k1588,0.0,0.0,0.0,0.438429569,0.0,0.0,0.0,0.0,0.0,0.0,2098
k2989,0.0,0.0,0.0,0.480600279,0.0,0.0,0.0,0.0,0.0,0.0,1511
k847,0.0,0.0,0.0,0.467249066,0.0,0.0,0.0,0.0,0.0,0.0,1795
k1264,0.0,0.0,0.0,0.699170903,0.0,0.181818182,0.0,0.0,0.0,0.0,1127
k2052,0.0,0.0,0.0,0.527039275,0.0,0.0,0.0,0.0,0.0,0.0,3211
k3005,0.0,0.0,0.0,0.484322228,0.0,0.0,0.0,0.0,0.0,0.0,2246
k1757,0.0,0.0,0.0,0.598336808,0.0,0.0,0.0,0.0,0.0,0.0,541
k3071,0.0,0.0,0.0,0.467761261,0.0,0.0,0.0,0.0,0.0,0.0,2272
k1176,0.24137931,0.333333333,0.0578,0.390010083,0.0588,0.181818182,0.0667,0.181818182,0.0833,0.0,1728
k2316,0.069,0.0,0.0,0.342043719,0.0,0.0,0.0,0.0,0.0,0.0,1902
k153,0.172413793,0.0,0.0,0.477766137,0.0882,0.0,0.0,0.181818182,0.0,0.0,848
k490,0.0,0.0,0.0,0.48944418,0.0,0.0,0.0,0.0,0.0,0.0,1048
k495,0.0345,0.0,0.0,0.456936877,0.0147,0.0,0.0,0.0,0.0833,0.0,1785
k1445,0.0,0.0,0.0,0.56630755,0.0,0.0,0.0,0.0,0.0,0.166666667,938
k154,0.0,0.0,0.0,0.559819745,0.0,0.0,0.0,0.0,0.0,0.0,1588
k2894,0.172413793,0.0833,0.0,0.42077592,0.132352941,0.181818182,0.111111111,0.0909,0.0,0.166666667,2156
k87,0.0,0.0,0.0,0.456868581,0.0,0.0,0.0,0.0,0.0,0.0,3028
k861,0.0,0.0,0.0,0.496614908,0.0,0.0,0.0,0.0,0.0,0.0,3200
k2404,0.0,0.0,0.0,0.438941764,0.0,0.0,0.0,0.0,0.0,0.0,1607
k2684,0.0,0.0,0.0,0.527141714,0.0,0.0,0.0,0.0,0.0,0.0,2773
k2373,0.0,0.0,0.514291053,0.476024668,0.0,0.0,0.0222,0.0,0.0,0.0,790
k790,0.0,0.0,0.0,0.516403726,0.0,0.181818182,0.0,0.0,0.0,0.0,1238
k617,0.0,0.0,0.0,0.457107608,0.0,0.181818182,0.0222,0.0,0.0,0.0,2989
k640,0.0,0.0,0.0,0.510956357,0.0,0.0,0.0,0.0,0.0,0.0,2005
k461,0.0,0.0,0.0,0.504195388,0.0,0.0,0.0,0.0,0.0,0.0,188
k1920,0.0,0.0,0.0,0.510205144,0.0,0.0,0.0,0.0,0.0,0.0833,936
k909,0.0,0.0,0.0,0.457619803,0.0,0.0,0.0,0.0,0.0,0.0,2549
k2363,0.0,0.0,0.0,0.4747954,0.0,0.0,0.0,0.0,0.0,0.0,1361
k1180,0.0,0.0,0.0,0.622401757,0.0,0.0,0.0444,0.0,0.0,0.0,1207
k441,0.0,0.0,0.0,0.506995386,0.0,0.0,0.0,0.0,0.0,0.0,1419
k3305,0.0,0.0,0.0,0.62630264,0.0,0.0,0.0,0.0,0.0,0.0,640
k2935,0.0,0.0,0.0,0.410258853,0.0,0.0,0.0,0.0,0.0,0.0,1152
k2532,0.0,0.0,0.0,0.505766119,0.0,0.0,0.0444,0.0,0.0,0.0,31
k573,0.0,0.0,0.0,0.444029567,0.0,0.0,0.0,0.0,0.0,0.0,1793
k283,0.0,0.0,0.0,0.579477793,0.0,0.0,0.0,0.0,0.0,0.0,2527
k1443,0.0,0.0,0.0,0.516488068,0.0,0.0,0.0,0.0,0.0,0.0,89
k618,0.0345,0.0,0.0,0.307419351,0.0,0.0,0.0,0.0,0.0,0.0,711
k510,0.0,0.0,0.0,0.638595319,0.0,0.0,0.0,0.0,0.0,0.0,172
k979,0.0,0.0,0.0,0.487292961,0.0,0.0,0.0,0.0,0.0,0.0,3430
k39,0.172413793,0.25,0.0,0.376968236,0.0882,0.363636364,0.0667,0.0,0.0833,0.166666667,560
k125,0.0,0.0,0.0,0.481590522,0.0,0.0,0.0,0.0,0.0,0.0,1460
k3349,0.103448276,0.0,0.0,0.51826367,0.0,0.0,0.0,0.0,0.0,0.0,3323
k3257,0.0,0.0,0.0,0.524956352,0.0,0.0,0.0,0.0,0.0,0.0,2532
k2000,0.069,0.0,0.0,0.433273476,0.0,0.0,0.0,0.0,0.0,0.0,3279
k2951,0.0,0.0,0.0,0.408893,0.0,0.0,0.0,0.0,0.0,0.0,3221
k2586,0.0,0.0,0.0,0.397763348,0.0,0.363636364,0.0,0.0,0.0,0.0833,2572
k1110,0.0,0.0,0.0,0.481317348,0.0,0.0,0.0,0.0,0.0,0.0,629
k1013,0.069,0.0,0.0,0.548551462,0.0,0.0,0.0,0.0,0.0,0.0,2232
k3380,0.0,0.0,0.0,0.47885882,0.0,0.0,0.0,0.0,0.0,0.0,2792
k2611,0.0,0.0,0.0,0.538580735,0.0,0.0,0.0,0.0,0.0,0.0,166
k2509,0.0,0.0,0.0,0.473941749,0.0,0.0,0.0,0.0,0.0,0.0,667
k2341,0.0,0.0,0.0,0.469502724,0.0,0.0,0.0,0.0,0.0,0.0,1313
k1149,0.0,0.0,0.0,0.504400266,0.0,0.0,0.0,0.0,0.0,0.0,1340
k2197,0.0,0.0,0.0,0.489307595,0.0,0.0,0.0,0.0,0.0,0.0,652
k2421,0.0,0.0,0.0,0.546775853,0.0,0.0,0.0,0.0,0.0,0.0,54
k3426,0.0,0.0,0.0,0.47885882,0.0,0.0,0.0,0.0,0.0,0.0,925
k2815,0.0,0.0,0.0,0.487668568,0.0,0.0,0.0,0.0,0.0,0.0,2416
k740,0.0,0.0,0.0,0.54584708,0.0,0.0,0.0,0.0,0.0,0.0,3288
k2344,0.0,0.0,0.0,0.633302632,0.0,0.272727273,0.155555556,0.0,0.0,0.0833,3290
k2645,0.0,0.0,0.0,0.520815773,0.0,0.0,0.0,0.0,0.0,0.0,2763
k1333,0.0,0.0,0.0,0.473182328,0.0,0.0,0.0,0.0,0.0,0.0,3186
k3003,0.0,0.0,0.0,0.430678354,0.0,0.0,0.0,0.0,0.0,0.0,3162
k875,0.0,0.0,0.0,0.410600316,0.0,0.0,0.0,0.0,0.0,0.0,183
k1718,0.069,0.0,0.596777258,0.341522305,0.0,0.0,0.0,0.0,0.0,0.0,1547
k346,0.0,0.0,0.0,0.507131968,0.0,0.0,0.0,0.0,0.0,0.0,1413
k2455,0.0,0.0,0.0,0.503595779,0.0,0.0,0.0,0.0,0.0,0.0,3025
k189,0.0,0.0,0.0,0.565078289,0.0,0.0,0.0,0.0,0.0,0.0,2013
k2319,0.0,0.0,0.0,0.405034466,0.0,0.181818182,0.0,0.0,0.0,0.0,1345
k3189,0.0,0.0,0.0,0.42309787,0.0,0.0,0.0,0.0,0.0,0.0,761
k1281,0.0345,0.0,0.0,0.448024686,0.0,0.0,0.0,0.0,0.0,0.0,2425
k2158,0.0345,0.0,0.0,0.43303445,0.0,0.0,0.0,0.0,0.0833,0.0,1967
k1434,0.103448276,0.0,0.0,0.368566192,0.0,0.0,0.0,0.0,0.0,0.0,989
k527,0.0,0.0,0.0,0.523949036,0.0,0.0,0.0,0.0,0.0,0.0,1784
k173,0.069,0.0,0.0,0.395814958,0.0294,0.0,0.0,0.0,0.0,0.0,1431
k2025,0.0,0.0,0.0,0.472883206,0.0,0.0,0.0,0.0,0.0,0.0,335
k567,0.0,0.0,0.364009481,0.391205205,0.0,0.0909,0.0,0.0,0.0,0.0,2589
k2996,0.0,0.0,0.0,0.385639353,0.0,0.0,0.0,0.0,0.0,0.0,1299
k1492,0.0,0.0,0.0,0.466361259,0.0,0.0,0.0222,0.0,0.0,0.0,3356
k623,0.0,0.0,0.0,0.477697841,0.0,0.0,0.0,0.0,0.0,0.166666667,2820
k528,0.0,0.0,0.0,0.506756362,0.0,0.0,0.0,0.0,0.0,0.0,788
k576,0.172413793,0.0,0.601347969,0.2955955,0.0882,0.0,0.0,0.0,0.0,0.0,3399
k1577,0.0,0.0,0.0,0.528640737,0.0,0.0,0.0,0.0,0.0,0.0,2023
k357,0.0,0.0,0.0,0.614283141,0.0,0.0,0.0,0.0,0.0,0.0,3316
k1897,0.0,0.0,0.0,0.593645096,0.0,0.0,0.0,0.0,0.0,0.0,305
k2470,0.0345,0.0,0.0,0.397863738,0.0,0.0,0.0,0.0,0.0,0.0,3363
k2380,0.0,0.0,0.0,0.472312283,0.0,0.0,0.0,0.0,0.0,0.0,884
k103,0.0,0.0,0.0,0.375497896,0.0,0.0,0.0,0.0,0.0,0.0,392
k1087,0.0,0.0,0.0,0.442561275,0.0,0.0909,0.0,0.0,0.0,0.0,2335
k2367,0.0,0.0,0.0,0.410088121,0.0,0.0,0.0,0.0,0.0,0.0,686
k1918,0.0,0.0,0.0,0.456766145,0.0,0.0,0.0,0.0,0.0,0.0,781
k3144,0.0,0.0,0.0,0.489853929,0.0,0.0,0.0,0.0,0.0,0.0,167
k755,0.0,0.0,0.0,0.517273433,0.0,0.0,0.0,0.0,0.0,0.0,2400
k2383,0.0,0.0,0.0,0.437439326,0.0,0.0,0.0,0.0,0.0,0.0,1746
k1621,0.0,0.0,0.0,0.452122245,0.0,0.0909,0.0222,0.0,0.0,0.0,1893
k101,0.0,0.0,0.0,0.520483184,0.0,0.0,0.0,0.0,0.0,0.0,1738
k584,0.0,0.0,0.0,0.458951513,0.0,0.0,0.0,0.0,0.0,0.0,2950
k655,0.0,0.0,0.0,0.382497891,0.0,0.0,0.0,0.0,0.0,0.0,1210
k2533,0.0,0.0,0.0,0.574493786,0.0,0.0,0.111111111,0.0,0.0,0.0,2039
k2517,0.0,0.0,0.0,0.481727107,0.0,0.0,0.0,0.0,0.0,0.0,869
k2879,0.0,0.0,0.0,0.452156395,0.0,0.0,0.0,0.0,0.0,0.0,419
k3108,0.0,0.0,0.0,0.495214905,0.0,0.0,0.0,0.0,0.0,0.0,464
k1818,0.0,0.0,0.0,0.409849097,0.0,0.0,0.0,0.0,0.0,0.0,2077
k1389,0.0,0.0,0.0,0.478543304,0.0,0.0,0.0,0.0,0.0,0.0,1285
k954,0.0,0.0,0.0,0.425692992,0.0,0.0,0.0,0.0,0.0,0.0,2369
k2862,0.0,0.0,0.0,0.448400296,0.0,0.0,0.0,0.0,0.0,0.0,1298
k2012,0.0345,0.0,0.0,0.429244208,0.352941176,0.0,0.0,0.0,0.0,0.0,2337
k614,0.069,0.0,0.0,0.497468562,0.0,0.0909,0.0222,0.0,0.0833,0.0,1282
k1797,0.0345,0.0,0.695464735,0.388883255,0.0588,0.0,0.0,0.0,0.0,0.0,3422
k1350,0.0,0.0,0.0,0.51921977,0.0,0.0,0.0,0.0,0.0,0.0,343
k3311,0.0,0.0,0.0,0.570439248,0.0,0.0,0.0,0.0,0.0,0.166666667,2570
k3160,0.0,0.0,0.0,0.366995462,0.0,0.0,0.0,0.0,0.0,0.0,725
k651,0.0,0.0,0.0,0.568117305,0.0,0.0,0.0889,0.0,0.0,0.0,2339
k2943,0.0,0.0,0.0,0.333429629,0.0,0.0,0.0,0.0,0.0,0.0,899
k1843,0.0,0.0,0.0,0.541961228,0.0,0.0,0.0,0.0,0.0,0.0,2361
k350,0.0,0.0,0.0,0.509522211,0.0,0.0,0.0,0.0,0.0,0.0,1326
k1743,0.0,0.0,0.0,0.662122139,0.0,0.0,0.0,0.0,0.0,0.333333333,2324
k1064,0.0,0.0,0.0,0.512902704,0.0,0.0,0.0,0.0,0.0,0.0,599
k1758,0.0,0.0,0.0,0.442185665,0.0,0.0,0.0,0.0,0.0,0.0,3124
k2899,0.0,0.0,0.0,0.507063683,0.0,0.0,0.0,0.0,0.0,0.0,1616
k3429,0.0,0.0,0.0,0.516385629,0.0,0.0909,0.0667,0.0,0.0,0.166666667,3250
k14,0.0,0.0,0.0,0.479507593,0.0,0.0,0.0,0.0,0.0,0.0,1392
k8,0.0,0.0,0.0,0.450278344,0.0,0.0,0.0,0.0,0.0,0.0,1223
k1124,0.0,0.0,0.0,0.455195414,0.0,0.0,0.0,0.0,0.0,0.0,2827
k1323,0.0,0.0,0.50751205,0.512527087,0.0,0.0,0.0,0.0,0.0,0.0833,2421
k1838,0.0,0.0,0.0,0.466805164,0.0,0.0,0.0,0.0,0.0,0.0,2439
k2987,0.0,0.0,0.0,0.358221905,0.0,0.454545455,0.0,0.0,0.0,0.0,1233
k2582,0.0345,0.25,0.0,0.41548324,0.0441,0.0,0.0,0.0,0.0,0.0,1912
k3207,0.069,0.0,0.0,0.403668613,0.0,0.0,0.0,0.0,0.0,0.0,1612
k489,0.0,0.0,0.0,0.504058803,0.0,0.0,0.0,0.0,0.0,0.0,1436
k2594,0.0,0.0,0.0,0.465678335,0.0,0.0,0.0,0.0,0.0,0.0,1422
k2950,0.0,0.0,0.0,0.590517296,0.0,0.0,0.0,0.0,0.0,0.0,2611
k127,0.0,0.0,0.0,0.630673376,0.0,0.0,0.0,0.0,0.0,0.0,2973
k516,0.0,0.0,0.0,0.435936889,0.0,0.0,0.0,0.0,0.0,0.0,2684
k2897,0.0,0.0,0.0,0.53615635,0.0,0.0,0.0,0.0,0.0,0.0,2906
k158,0.0,0.0,0.0,0.480600279,0.0,0.0,0.0,0.0,0.0,0.0,654
k3373,0.0,0.0,0.0,0.489205156,0.0,0.0,0.0,0.0,0.0,0.0833,323
k1540,0.0,0.0,0.0,0.531273422,0.0,0.0,0.0,0.0,0.0,0.0833,3351
k1352,0.0,0.0,0.0,0.488317351,0.0,0.0,0.0,0.0,0.0,0.0,524
k174,0.0,0.0,0.0,0.621112398,0.0,0.0,0.0,0.0,0.0,0.0,353
k2829,0.0,0.0,0.0,0.800687912,0.0,0.0,0.0,0.0,0.0,0.0,1254
k3274,0.0,0.0,0.0,0.525980742,0.0,0.0,0.0,0.0,0.0,0.0,2099
k210,0.0,0.0,0.0,0.458644193,0.0,0.0,0.0,0.0,0.0,0.0,1012
k2321,0.0,0.0,0.0,0.624505177,0.0,0.0,0.0,0.0,0.0,0.0,1050
k449,0.0345,0.0,0.0,0.467931989,0.0,0.0,0.0,0.0,0.0833,0.0,1374
k1704,0.0,0.0,0.0,0.53541742,0.0,0.0,0.0,0.0,0.0,0.0,3168
k1885,0.0,0.0,0.0,0.417898752,0.0,0.0,0.0,0.0,0.0,0.0,3346
k1442,0.0,0.0,0.0,0.53875147,0.0,0.0,0.0,0.0,0.0,0.0,1064
k2386,0.0,0.0,0.0,0.422483236,0.0,0.0,0.0,0.0,0.0,0.0,2691
k1024,0.0,0.0,0.0,0.493541732,0.0,0.0,0.0,0.0,0.0,0.0,2635
k911,0.0,0.0,0.0,0.444431127,0.0,0.0,0.0,0.0,0.0,0.0,216
k2694,0.0,0.0,0.0,0.536566099,0.0,0.0,0.0,0.0,0.0,0.0,586
k2165,0.0,0.0,0.0,0.547527065,0.0,0.0909,0.0,0.0,0.0,0.0,13
k393,0.0,0.0,0.0,0.371912533,0.0,0.0,0.0,0.0,0.0,0.0,2300
k483,0.0,0.0,0.0,0.404693002,0.0,0.0,0.0,0.0,0.0,0.0,2765
k972,0.0,0.0,0.0,0.558044136,0.0,0.0,0.0,0.0,0.0,0.0,2511
k1774,0.0,0.0,0.0,0.469639309,0.0,0.0,0.0,0.0,0.0,0.0,2338
k2539,0.0,0.0,0.0,0.472849063,0.0,0.0,0.0,0.0,0.0,0.0,1623
k1214,0.0,0.0,0.0,0.498095492,0.0,0.0,0.0,0.0,0.0,0.0,3252
k942,0.0,0.0,0.0,0.345039376,0.0,0.0,0.0,0.0,0.0,0.0,2390
k2489,0.0,0.0,0.0,0.637229466,0.0,0.0,0.0222,0.0,0.0,0.0,671
k1620,0.069,0.0,0.0,0.444268591,0.0588,0.0,0.0,0.0,0.0,0.0,2933
k545,0.344827586,0.666666667,0.820914439,0.429039331,0.102941176,0.0909,0.177777778,0.0,0.333333333,0.0,1077
k1612,0.069,0.0,0.0,0.452702733,0.0,0.0,0.0,0.0,0.0833,0.0,733
k881,0.0,0.0,0.0,0.543292935,0.0,0.0,0.0,0.0,0.0,0.0,609
k2096,0.0,0.0,0.0,0.648555798,0.0,0.0,0.0,0.0,0.0,0.0,2145
k1654,0.069,0.0,0.257036155,0.472371011,0.0882,0.0909,0.0667,0.0,0.0,0.333333333,397
k603,0.069,0.0,0.0,0.512356363,0.0,0.0,0.0,0.0,0.0,0.0,2281
k1030,0.0,0.0,0.0,0.467249066,0.0,0.0,0.0,0.0,0.0,0.0,3005
k719,0.0,0.0,0.0,0.492175882,0.0,0.0,0.0,0.0,0.0,0.0,3311
k21,0.0,0.0,0.0,0.458371022,0.0,0.0,0.0889,0.0,0.0,0.0,1410
k947,0.0,0.0,0.0,0.439112496,0.0,0.0,0.0667,0.0,0.0,0.0,1753
k725,0.0,0.0,0.727382581,0.447239321,0.0,0.0,0.0,0.0,0.0,0.0,308
k83,0.0,0.0,0.0,0.395439349,0.0,0.0,0.0,0.0,0.0,0.0,3300
k1754,0.0,0.0,0.0,0.506756362,0.0,0.0909,0.0,0.0,0.0,0.0,1404
k1293,0.0,0.0,0.0,0.481966132,0.0,0.0,0.0,0.0,0.0,0.0,2161
k1614,0.0,0.0,0.0,0.584678275,0.0,0.0,0.0,0.0,0.0,0.0,2698
k2705,0.0,0.0,0.949717177,0.701667686,0.0588,0.0,0.0,0.0,0.0,0.0,1045
k2653,0.0,0.0,0.0,0.477014915,0.0,0.0909,0.0,0.0,0.0,0.0,1755
k2099,0.0,0.0,0.0,0.500234415,0.0,0.0,0.0,0.0,0.0,0.0,2722
k1210,0.0,0.0,0.0,0.604278261,0.0,0.0,0.0,0.0,0.0,0.0,2948
k905,0.172413793,0.0,0.0,0.469801163,0.161764706,0.0,0.0,0.545454545,0.0,0.0,1526
k2621,0.0,0.0,0.0,0.489136859,0.0,0.0,0.0,0.0,0.0,0.0,2995
k3304,0.0,0.0,0.0,0.533424637,0.0,0.0,0.0,0.0,0.0,0.0,3185
k479,0.103448276,0.0,0.441518417,0.495556368,0.0,0.0,0.0444,0.272727273,0.25,0.0,3207
k1047,0.137931034,0.166666667,0.0,0.276380336,0.0294,0.181818182,0.0,0.363636364,0.0,0.0,663
k1551,0.0,0.0,0.0,0.610288017,0.0,0.0,0.0,0.0,0.0,0.0,3297
k288,0.0,0.0,0.0,0.445600297,0.0,0.0,0.0,0.0,0.0,0.0,1594
k2384,0.0,0.0,0.438897466,0.414527143,0.0,0.181818182,0.0,0.0,0.0,0.0,835
k498,0.0,0.0,0.0,0.826878142,0.0,0.0,0.0,0.0,0.0,0.0,946
k3383,0.0,0.0,0.0,0.522190497,0.0,0.0,0.0,0.0,0.0,0.0,327
k1531,0.0,0.0,0.0,0.547527065,0.0,0.0,0.0,0.0,0.0,0.0,1876
k526,0.0,0.0,0.0,0.503307584,0.0,0.0,0.0,0.0,0.0,0.0,2431
k249,0.0,0.0,0.0,0.487230129,0.0,0.0,0.0,0.0,0.0,0.0,1878
k2506,0.0,0.0,0.0,0.325575972,0.0,0.0,0.0,0.0,0.0,0.0,3361
k1315,0.0,0.0,0.0,0.570609983,0.0,0.0,0.0,0.0,0.0,0.0,1221
k610,0.0,0.0,0.0,0.49176066,0.0,0.0,0.0,0.0,0.0,0.0,1857
k1373,0.0,0.0,0.0,0.406332026,0.0,0.0,0.0,0.0,0.0,0.0,362
k1408,0.0,0.0,0.0,0.453556387,0.0,0.0,0.0,0.0,0.0,0.0,2586
k1177,0.0,0.0,0.0,0.328000357,0.0,0.363636364,0.0,0.0,0.0,0.0,2217
k1002,0.0,0.0,0.0,0.596300307,0.0,0.0,0.0,0.0,0.0,0.0,3423
k722,0.0,0.0,0.0,0.498014904,0.0,0.0,0.0444,0.0,0.0,0.0,1170
k2196,0.0,0.0,0.0,0.432761279,0.0,0.0,0.0,0.0,0.0,0.0,3164
k2521,0.0,0.0,0.0,0.491049054,0.0,0.0,0.0,0.0,0.0,0.0,935
k2852,0.0,0.0,0.599024373,0.40127837,0.0,0.0,0.0,0.0,0.0,0.0,1521
k2205,0.0,0.0,0.0,0.487702711,0.0,0.0,0.0,0.0,0.0,0.166666667,2492
k627,0.0,0.0,0.0,0.456595414,0.0,0.0,0.0,0.0,0.0,0.0,2841
k698,0.0,0.0,0.0,0.54342951,0.0,0.0,0.0,0.0,0.0,0.0,940
k717,0.0,0.0,0.0,0.492858809,0.0,0.0,0.0,0.0,0.0,0.0,78
k3313,0.069,0.0,0.723334876,0.474692961,0.0588,0.0,0.0,0.0,0.0833,0.0,3421
k2576,0.0,0.0,0.0,0.496853932,0.0,0.0,0.0,0.0,0.0,0.0,2990
k3138,0.069,0.0,0.0,0.408517391,0.0,0.0,0.0,0.0,0.0,0.0,3116
k1162,0.0,0.0,0.0,0.450107612,0.0,0.0,0.0,0.0,0.0,0.0,2856
k42,0.0,0.0,0.0,0.394756422,0.0,0.0,0.0,0.0,0.0,0.0,611
k593,0.0,0.0,0.0,0.513244167,0.0,0.0,0.0,0.0,0.0,0.0833,80
k824,0.0,0.0,0.0,0.414356412,0.0,0.0,0.0,0.0,0.0,0.0,2423
k1829,0.0,0.0,0.0,0.606292894,0.0,0.0,0.0444,0.0,0.0,0.166666667,669
k1830,0.0,0.0,0.0,0.534278299,0.0,0.0,0.0,0.0,0.0,0.0,3264
k15,0.0,0.0,0.0,0.457107608,0.0,0.0,0.0,0.0,0.0,0.0,2417
k2073,0.0,0.0,0.0,0.425453966,0.0,0.0,0.0,0.0,0.0,0.0,719
k1017,0.0,0.0,0.0,0.51959538,0.0,0.0,0.0222,0.0,0.0,0.0833,1305
k3291,0.0,0.0,0.0,0.472029552,0.0,0.0,0.0,0.0,0.0,0.0,39
k2995,0.0,0.0,0.0,0.770775733,0.0,0.0,0.0,0.0,0.0,0.333333333,1359
k1256,0.0,0.0,0.0,0.394483252,0.0,0.0,0.0,0.0,0.0,0.0,204
k336,0.0345,0.0,0.0,0.561697803,0.0147,0.0,0.0444,0.0,0.0,0.0,526
k3360,0.0,0.0,0.0,0.491083196,0.0,0.0,0.0,0.0,0.0,0.0,2127
k1639,0.0,0.0,0.0,0.391239351,0.0,0.0,0.0,0.0,0.0,0.0,3103
k3064,0.0,0.0,0.0,0.519723773,0.0,0.0,0.0,0.0,0.0,0.0,87
k202,0.0,0.0,0.0,0.811580589,0.0,0.0,0.0,0.0,0.0,0.0,1479
k447,0.137931034,0.0,0.0,0.485244175,0.0,0.0,0.0,0.0,0.0833,0.0,1557
k2084,0.0,0.0,0.0,0.510717336,0.0,0.0909,0.0,0.0,0.0,0.0,1383
k2484,0.0,0.0,0.0,0.404180808,0.0,0.0,0.0,0.0,0.0,0.0,268
k178,0.0,0.0,0.0,0.420092994,0.0,0.0,0.0,0.0,0.0,0.0,2515
k258,0.0,0.0,0.0,0.41855641,0.0,0.0,0.0,0.0,0.0,0.0,1710
k2984,0.0,0.0,0.0,0.434571035,0.0,0.0,0.0,0.0,0.0,0.0,1252
k1174,0.103448276,0.0833,0.0,0.477852521,0.0147,0.0909,0.0,0.0,0.0,0.0,276
k2059,0.0,0.0,0.0,0.527756351,0.0,0.0,0.0,0.0,0.0,0.0,243
k497,0.0,0.0,0.0,0.427878357,0.0,0.0,0.0,0.0,0.0,0.0,1335
k538,0.0,0.0,0.0,0.509556361,0.0,0.181818182,0.0222,0.0,0.0,0.0833,2777
k474,0.0,0.0,0.0,0.418795434,0.0,0.0,0.0,0.0,0.0,0.0,2188
k142,0.0,0.0,0.0,0.450517368,0.0,0.0,0.0,0.0,0.0,0.0,2680
k753,0.0,0.0,0.327887896,0.251205273,0.0,0.0,0.0,0.0,0.0,0.0,3333
k3019,0.069,0.0,0.0,0.590209969,0.0,0.0,0.0,0.0,0.0,0.0,816
k2981,0.069,0.166666667,0.817560756,0.533424637,0.0588,0.0909,0.0444,0.0,0.0,0.0,2328
k1868,0.0,0.0,0.0,0.438292984,0.0,0.0,0.0222,0.0,0.0,0.0,333
k2035,0.0,0.0,0.0,0.548585605,0.0,0.0,0.0,0.0,0.0,0.0833,1955
k2697,0.0,0.0,0.0,0.3824296,0.0,0.0,0.0,0.0,0.0,0.0,2734
k2978,0.0,0.0,0.0,0.624458742,0.0,0.272727273,0.111111111,0.0,0.0,0.166666667,1032
k3148,0.103448276,0.166666667,0.698856569,0.303765691,0.0147,0.0,0.0,0.0,0.0,0.0,1959
k2924,0.0,0.0,0.0,0.582253883,0.0,0.0,0.0,0.0,0.0,0.166666667,3038
k2891,0.0,0.0,0.50517253,0.408517391,0.0,0.0,0.0444,0.0,0.0,0.0,1325
k2461,0.0,0.0,0.0,0.546263662,0.0,0.0,0.0,0.0,0.0,0.0,1269
k1909,0.0,0.0,0.0,0.540151466,0.0,0.0,0.0,0.0,0.0,0.0,284
k3170,0.0,0.0,0.0,0.618892887,0.0,0.0,0.0,0.0,0.0,0.0,288
k294,0.0,0.0,0.0,0.496307587,0.0,0.0,0.0,0.0,0.0,0.0,1143
k2591,0.0,0.0,0.0,0.433956401,0.0,0.0909,0.0,0.0,0.0,0.0,587
k2772,0.0,0.0,0.0,0.526390501,0.0,0.0,0.0222,0.0,0.0,0.0,2501
k781,0.0,0.0,0.0,0.442834449,0.0,0.0,0.0,0.0,0.0,0.0,735
k591,0.137931034,0.166666667,0.0,0.260936985,0.0441,0.181818182,0.0,0.0,0.0833,0.0,294
k311,0.0,0.0,0.0,0.541722204,0.0,0.0,0.0,0.0,0.0,0.0,151
k2488,0.0,0.0,0.0,0.448980783,0.0,0.0,0.0,0.0,0.0,0.0,1583
k636,0.0,0.0,0.0,0.506756362,0.0,0.0,0.0,0.0,0.0,0.0,2006
k494,0.0,0.0,0.0,0.662122139,0.0,0.0,0.0,0.0,0.0,0.0,2726
k2595,0.069,0.0,0.0,0.417736898,0.0,0.0,0.0,0.0,0.0,0.0,3042
k2419,0.0,0.0,0.0,0.704839173,0.0,0.0,0.0,0.0,0.0,0.0,168
k3045,0.0,0.0,0.0,0.558112439,0.0,0.0,0.0,0.0,0.0,0.0,2484
k1428,0.0,0.0,0.0,0.445693858,0.0,0.0,0.0222,0.0,0.0,0.0,128
k1915,0.0,0.0,0.309134774,0.510956357,0.0,0.0,0.0,0.0,0.0,0.166666667,1310
k3068,0.0,0.0,0.0,0.471005162,0.0,0.0,0.0,0.0,0.0,0.0,37
k885,0.0,0.0,0.0,0.728058683,0.0,0.0,0.0,0.0,0.0,0.166666667,617
k348,0.0,0.0,0.0,0.445839322,0.0,0.0,0.0,0.0,0.0,0.0,1909
k2295,0.0,0.0,0.0,0.503341726,0.0,0.0,0.0,0.0,0.0,0.0,682
k2400,0.0,0.0,0.0,0.394653984,0.0,0.0,0.0,0.0,0.0,0.0,93
k2980,0.0,0.0,0.0,0.675951393,0.0,0.0,0.0,0.0,0.0,0.0,1630
k2305,0.069,0.0,0.0,0.426341772,0.0,0.0,0.0,0.0,0.0,0.0,691
k2663,0.069,0.0,0.0,0.536053911,0.0,0.0,0.0,0.0,0.0,0.0833,1952
k1320,0.0,0.0,0.0,0.477595399,0.0,0.0,0.0,0.0,0.0,0.0,1144
k1549,0.0345,0.25,0.0,0.399195444,0.220588235,0.0,0.0,0.0,0.0,0.0,3166
k1977,0.0,0.0,0.0,0.43388811,0.0,0.0,0.0,0.0,0.0,0.0,2231
k3081,0.0,0.0,0.0,0.49597842,0.0,0.0,0.0,0.0,0.0,0.0,2240
k3167,0.0,0.0,0.0,0.525140743,0.0,0.0,0.0,0.0,0.0,0.0,434
k2365,0.0,0.0,0.0,0.508975877,0.0,0.0,0.0,0.0,0.0,0.0,926
k1299,0.0,0.0,0.0,0.425897869,0.0,0.0,0.0,0.0,0.0,0.0,491
k242,0.0,0.0,0.0,0.360985709,0.0,0.181818182,0.0,0.0,0.0,0.0,3419
k1606,0.275862069,0.5,0.730820797,0.216487689,0.117647059,0.0,0.0667,0.363636364,0.25,0.0,2509
k2615,0.0345,0.0,0.0,0.495966124,0.0,0.0,0.0,0.0,0.0,0.0,518
k2243,0.069,0.166666667,0.0,0.558488038,0.0294,0.0,0.0,0.0,0.0,0.0,1508
k3322,0.0,0.0,0.0,0.522156354,0.0,0.0,0.0,0.0,0.0,0.0,1940
k2878,0.0,0.0,0.0,0.427946648,0.0,0.0,0.0,0.0,0.0,0.0,1066
k2977,0.137931034,0.0833,0.0,0.648327015,0.0,0.0909,0.244444444,0.0,0.0,0.0,2396
k2287,0.0,0.0,0.0,0.392880424,0.0,0.454545455,0.0,0.0,0.0,0.0,319
k113,0.0,0.0,0.0,0.495658807,0.0,0.0,0.0,0.0,0.0,0.0,2696
k826,0.0345,0.0833,0.0,0.45301005,0.0294,0.0,0.0,0.0,0.0,0.0,739
k2280,0.0,0.0,0.0,0.454947512,0.0,0.0,0.0667,0.0,0.0,0.0833,588
k3314,0.0,0.0,0.0,0.705658688,0.0,0.0,0.0,0.0,0.0,0.0,495
k2965,0.069,0.0,0.0,0.48114662,0.0,0.0,0.0,0.0,0.0,0.0,1546
k430,0.0345,0.0,0.610491858,0.4307125,0.0,0.0,0.0,0.0,0.0,0.0,851
k2558,0.0,0.0,0.0,0.477973744,0.0,0.0,0.0,0.0,0.0,0.0,1880
k2724,0.0,0.0,0.0,0.469195407,0.0,0.0,0.0,0.0,0.0,0.0,2288
k2260,0.103448276,0.0,0.0,0.503683197,0.0,0.0,0.0,0.0,0.0,0.166666667,3256
k2626,0.0,0.0,0.0,0.556883165,0.0,0.0,0.0,0.0,0.0,0.0833,1014
k600,0.0,0.0,0.0,0.507507585,0.0,0.0,0.0,0.0,0.0,0.0,2274
k1753,0.0,0.0,0.0,0.492107586,0.0,0.0,0.0,0.0,0.0,0.0,2148
k598,0.206896552,0.0,0.0,0.441195422,0.0,0.181818182,0.0444,0.0,0.0,0.166666667,858
k1975,0.0,0.0,0.0,0.467624676,0.0,0.0,0.0,0.0,0.0,0.0,2743
k3184,0.0,0.0,0.0,0.490571008,0.0,0.0909,0.0444,0.0,0.0,0.0833,1770
k2040,0.0,0.0,0.0,0.512943679,0.0,0.0,0.0,0.0,0.0,0.0,1306
k2655,0.0,0.0,0.0,0.592156316,0.0,0.0,0.0,0.0,0.0,0.0833,2712
k3137,0.0,0.0,0.0,0.44669298,0.0,0.0,0.0,0.0,0.0,0.0,2907
k2944,0.0,0.0,0.0,0.500063679,0.0,0.0,0.0,0.0,0.0,0.0,1149
k1440,0.0,0.0,0.0,0.446351517,0.0,0.0,0.0,0.0,0.0,0.0,3141
k2608,0.137931034,0.0,0.0,0.533390494,0.0,0.0,0.0222,0.0,0.0833,0.0,2257
k2226,0.0,0.0,0.0,0.441878352,0.0,0.0,0.0,0.0,0.0,0.0,561
k2062,0.137931034,0.0,0.153471663,0.518844157,0.0,0.0,0.0667,0.0,0.0833,0.0,2290
k1106,0.137931034,0.0,0.122386266,0.49641003,0.0,0.181818182,0.0,0.0,0.0,0.0,876
k1946,0.0,0.0,0.0,0.568083159,0.0,0.0,0.0,0.0,0.0,0.0,1075
k3092,0.0,0.0,0.0,0.405375929,0.0,0.181818182,0.0,0.0,0.0,0.0,2647
k2695,0.0,0.0,0.0,0.456322243,0.0,0.0,0.0,0.0,0.0,0.0,1330
k953,0.0,0.0,0.0,0.490349054,0.0,0.0,0.0,0.0,0.0,0.0,1830
k13,0.0,0.0,0.0,0.454239317,0.0,0.0,0.0,0.0,0.0,0.0833,148
k1410,0.0,0.0,0.0,0.529770987,0.0,0.0,0.0,0.0,0.0,0.0,1466
k2112,0.0,0.0,0.0,0.507610017,0.0,0.0,0.0,0.0,0.0,0.0,2451
k337,0.0,0.0,0.0,0.368600339,0.0,0.0,0.0,0.0,0.0,0.0,2877
k1237,0.0,0.0,0.0,0.588331928,0.0,0.0,0.0444,0.0,0.0,0.0833,2059
k1337,0.069,0.0833,0.656058433,0.453556387,0.0,0.0,0.0,0.0,0.0833,0.0,3083
k2219,0.0,0.0,0.0,0.609314844,0.0,0.0,0.0,0.0,0.0,0.0,3093
k3065,0.0,0.0,0.0,0.554049013,0.0,0.0,0.0,0.0,0.0,0.0,2794
k1850,0.0,0.0,0.0,0.464619796,0.0,0.0,0.0,0.0,0.0,0.0,955
k2864,0.0,0.0,0.0,0.415790557,0.0,0.0,0.0,0.0,0.0,0.0,2323
k2339,0.0,0.0,0.0,0.559922194,0.0,0.0,0.0,0.0,0.0,0.0,1288
k2088,0.0,0.0,0.0,0.432590548,0.0,0.0,0.0,0.0,0.0,0.0,1629
k547,0.0,0.0,0.0,0.504263684,0.0,0.0,0.0,0.0,0.0,0.0,1854
k1477,0.0,0.0,0.0,0.532536833,0.0,0.0,0.0222,0.0,0.0,0.166666667,2830
k1961,0.0,0.0,0.0,0.412614949,0.0,0.0,0.0,0.0,0.0,0.0,1357
k660,0.069,0.0,0.0,0.55224678,0.0,0.0909,0.0444,0.0,0.0,0.0,2073
k2616,0.0,0.0,0.0,0.599702661,0.0,0.0,0.0,0.0,0.0,0.0,2548
k56,0.0,0.0,0.0,0.581741691,0.0,0.0,0.0,0.0,0.0,0.0833,2011
k72,0.0,0.0,0.0,0.453488098,0.0,0.0909,0.0444,0.0,0.0,0.0,438
k2450,0.0,0.0,0.0,0.515941727,0.0,0.0,0.0,0.0,0.0,0.0833,2654
k2991,0.0,0.0,0.0,0.59878071,0.0,0.0,0.0,0.0,0.0,0.0,1112
k1949,0.0,0.0,0.0,0.502112466,0.0,0.0,0.0,0.0,0.0,0.0,3385
k751,0.0,0.0,0.0,0.487634425,0.0,0.0,0.0,0.0,0.0,0.0,1414
k1942,0.0,0.0,0.0,0.679297716,0.0,0.0,0.0,0.0,0.0,0.166666667,2855
k1058,0.0,0.0,0.0,0.568117305,0.0,0.0,0.0,0.0,0.0,0.0,2083
k2227,0.0,0.0,0.879882448,0.353635368,0.0,0.0,0.0,0.0,0.0,0.0,2787
k976,0.0,0.0,0.0,0.598575832,0.0,0.0,0.0,0.0,0.0,0.0,1965
k128,0.0,0.0,0.0,0.478995405,0.0,0.0,0.0,0.0,0.0,0.0,1648
k1926,0.0,0.0,0.0,0.6471319,0.0,0.0,0.0,0.0,0.0,0.333333333,1727
k1841,0.0345,0.0,0.0,0.429244208,0.0,0.0,0.0,0.0,0.0,0.0,1153
k967,0.0,0.0,0.0,0.474283212,0.0,0.0,0.0,0.0,0.0,0.0,625
k200,0.0,0.0,0.0,0.455810048,0.0,0.0,0.0,0.0,0.0,0.0,1606
k2009,0.069,0.0,0.0,0.515907573,0.0,0.0,0.0,0.0,0.0,0.166666667,265
k1469,0.0,0.0,0.0,0.630938338,0.0,0.181818182,0.155555556,0.0,0.0,0.25,401
k2042,0.206896552,0.0,0.0,0.486029541,0.0,0.0,0.0222,0.0,0.166666667,0.0,2239
k1960,0.103448276,0.0,0.821396625,0.522659671,0.117647059,0.0,0.0222,0.0,0.0,0.0,2411
k2431,0.0,0.0,0.0,0.474283212,0.0,0.0,0.0,0.0,0.0,0.0,508
k644,0.0,0.0,0.0,0.466327116,0.0,0.0,0.0,0.0,0.0,0.0,2775
k2549,0.0,0.0,0.0,0.461990533,0.0,0.0,0.0,0.0,0.0,0.0,452
k1880,0.0,0.0,0.62360843,0.443892981,0.0,0.0,0.0,0.0,0.0,0.0,1293
k2156,0.0,0.0,0.0,0.48008808,0.0,0.0,0.0,0.0,0.0,0.0,2702
k2739,0.0345,0.0,0.0,0.438463715,0.0,0.0,0.0,0.0,0.0,0.0,2004
k2023,0.0,0.0,0.0,0.750731841,0.0,0.0,0.0444,0.0,0.0,0.0,1405
k1084,0.137931034,0.0,0.0,0.494497836,0.0,0.0,0.0,0.0,0.0833,0.0,2061
k423,0.0,0.0,0.0,0.393322277,0.0,0.0,0.0,0.0,0.0,0.0,2002
k1391,0.0,0.0,0.0,0.642829467,0.0,0.0,0.0667,0.0,0.0,0.166666667,253
k1967,0.0,0.0,0.0,0.492619784,0.0,0.0,0.0,0.0,0.0,0.0,861
k3309,0.0,0.0,0.0,0.47882467,0.0,0.0,0.0,0.0,0.0,0.0,3283
k3319,0.0,0.0,0.0,0.479336868,0.0,0.0,0.0,0.0,0.0,0.0,2392
k550,0.0,0.0,0.0,0.640075894,0.0,0.0,0.0,0.0,0.0,0.0,1593
k898,0.0,0.0,0.0,0.522497817,0.0,0.0,0.0,0.0,0.0,0.0,1591
k1089,0.0,0.0,0.0,0.41650763,0.0,0.0,0.0,0.0,0.0,0.0,1519
k1773,0.0,0.0,0.0,0.36552717,0.0,0.0,0.0,0.0,0.0,0.0,2213
k1589,0.0,0.0,0.0,0.60157728,0.0,0.0,0.0,0.0,0.0,0.0,1394
k419,0.172413793,0.0,0.0,0.535814887,0.0294,0.0,0.2,0.0,0.25,0.0,2598
k1520,0.0,0.0,0.0,0.480327112,0.0,0.0,0.0,0.0,0.0,0.0833,1579
k1329,0.0,0.0,0.0,0.598015819,0.0,0.0,0.0,0.0,0.0,0.0,1156
k1722,0.0,0.0,0.0,0.469297846,0.0,0.0,0.0,0.0,0.0,0.0,318
k3021,0.0,0.0,0.0,0.502795392,0.0,0.0,0.0,0.0,0.0,0.0,713
k301,0.0,0.0,0.0,0.482580769,0.0,0.0,0.0,0.0,0.0,0.0,3301
k732,0.0,0.0,0.0,0.543258775,0.0,0.0,0.0,0.0,0.0,0.0,2720
k2819,0.0,0.0,0.61969738,0.345414985,0.0,0.0,0.0,0.0,0.0,0.0,1378
k196,0.069,0.0,0.0,0.543190486,0.0,0.0,0.0,0.181818182,0.0,0.0,483
k1991,0.0345,0.0,0.0,0.593931925,0.0,0.0,0.0,0.0,0.0,0.0,2790
k2893,0.0,0.0,0.0,0.372834482,0.0,0.0,0.0,0.0,0.0,0.0,3006
k2592,0.0345,0.0,0.0,0.56268804,0.0,0.0,0.0,0.0,0.0,0.0,3367
k1849,0.0,0.0,0.0,0.426273478,0.0,0.0,0.0,0.0,0.0,0.0,3404
k685,0.0,0.0,0.0,0.435902741,0.0,0.0,0.0,0.0,0.0,0.0,2407
k580,0.0,0.0,0.0,0.604278261,0.0,0.0,0.0,0.0,0.0,0.0,141
k2474,0.0,0.0,0.0,0.453556387,0.0,0.0909,0.0,0.0,0.0,0.0,1748
k1308,0.0,0.0,0.0,0.612097773,0.0,0.0,0.0,0.0,0.0,0.0,2879
k2324,0.0,0.0,0.0,0.439556398,0.0,0.0,0.0,0.0,0.0,0.0,2608
k1085,0.0,0.0,0.0,0.445736883,0.0,0.181818182,0.0222,0.0,0.0,0.0,1512
k3016,0.0,0.0,0.0,0.590927056,0.0,0.0,0.0444,0.0,0.0,0.0,2663
k1745,0.0,0.0,0.0,0.50288895,0.0,0.0,0.0,0.0,0.0,0.166666667,891
k3316,0.0,0.0,0.0,0.515873431,0.0,0.0,0.0,0.0,0.0,0.0,482
k0,0.0,0.0,0.0,0.68885871,0.0,0.0,0.0,0.0,0.0,0.166666667,2980
k907,0.0,0.0,0.0,0.443141762,0.0,0.0,0.0,0.0,0.0,0.0,1160
k2111,0.0,0.0,0.0,0.510000266,0.0,0.0,0.0,0.0,0.0,0.0,1901
k407,0.0,0.0,0.0,0.353712542,0.0,0.0,0.0,0.0,0.0,0.0,1362
k2191,0.0345,0.25,0.0,0.506210021,0.0441,0.0,0.0,0.0,0.0,0.0833,2751
k2299,0.0,0.0,0.0,0.534235274,0.0,0.0,0.0,0.0,0.0,0.0,1920
k989,0.0,0.0,0.0,0.546207651,0.0,0.0,0.0,0.0,0.0,0.0,2343
k76,0.0,0.0,0.0,0.4980832,0.0,0.0,0.0,0.0,0.0,0.0,3176
k3136,0.0,0.0,0.0,0.52191733,0.0,0.0,0.0,0.0,0.0,0.0,573
k2317,0.0,0.0,0.0,0.54206366,0.0,0.0,0.0,0.0,0.0,0.0,3065
k2680,0.069,0.0,0.0,0.423063724,0.161764706,0.0,0.0,0.0,0.0,0.0,1847
k2999,0.0,0.0,0.0,0.518092942,0.0,0.0,0.0,0.0,0.0,0.0833,628
k2512,0.137931034,0.0833,0.0,0.63152702,0.0588,0.0,0.0222,0.0,0.0833,0.0833,1175
k3409,0.137931034,0.0,0.0,0.627122155,0.0,0.0,0.0444,0.0,0.0,0.0,963
k3236,0.0,0.0,0.0,0.470971019,0.0,0.0,0.0,0.0,0.0,0.0,295
k3375,0.103448276,0.0,0.0,0.464858824,0.0,0.0,0.0,0.0,0.0,0.0,88
k1647,0.0,0.0,0.0,0.442288104,0.0,0.272727273,0.177777778,0.0,0.0,0.166666667,577
k227,0.0,0.0,0.0,0.477322232,0.0,0.0,0.0,0.0,0.0,0.0,485
k97,0.0,0.0,0.0,0.5013271,0.0,0.0,0.0,0.0,0.0,0.0,2577
k1776,0.0,0.0,0.0,0.383658868,0.0,0.0,0.0,0.0,0.0,0.0,1455
k2888,0.0,0.0,0.0,0.443927128,0.0,0.0,0.0,0.0,0.0,0.0,929
k2109,0.0,0.0,0.0,0.408756415,0.0,0.0,0.0,0.0,0.0,0.0,171
k224,0.0,0.0,0.0,0.455946633,0.0,0.0,0.0,0.0,0.0,0.0,1683
k818,0.0,0.0,0.0,0.391102766,0.0,0.0,0.0,0.0,0.0,0.0,2662
k554,0.0,0.0,0.0,0.451814925,0.0,0.0,0.0,0.0,0.0,0.0,2556
k138,0.0,0.0,0.0,0.440819812,0.0,0.0,0.0,0.0,0.0,0.0,2422
k51,0.0,0.0,0.0,0.460453948,0.0,0.0,0.0,0.0,0.0,0.0,2234
k114,0.0,0.0,0.0,0.376795456,0.0,0.0,0.0,0.0,0.0,0.0,280
k3222,0.24137931,0.0,0.79454621,0.483331981,0.117647059,0.0,0.0444,0.272727273,0.0833,0.25,874
k9,0.0,0.0,0.0,0.589936802,0.0,0.0,0.0889,0.0,0.0,0.0,1856
k3214,0.069,0.0,0.66839968,0.474453937,0.0,0.0,0.0,0.0,0.0833,0.166666667,1694
k3317,0.0,0.0,0.0,0.463766141,0.0,0.0,0.0,0.0,0.0,0.0,3294
k1874,0.069,0.0,0.0,0.448434442,0.0,0.0,0.0,0.0,0.0,0.0,2892
k3421,0.0,0.0,0.0,0.445363322,0.0,0.272727273,0.0,0.0,0.0,0.0,1752
k2486,0.0,0.0,0.0,0.383180819,0.0,0.0,0.0,0.0,0.0,0.0,2085
k3035,0.0,0.0,0.0,0.567229497,0.0,0.0,0.0,0.0,0.0,0.0,2055
k2709,0.0,0.0,0.0,0.431122256,0.0,0.0,0.0,0.0,0.0,0.0,2701
k1003,0.0,0.0,0.0,0.39895642,0.0,0.0,0.0,0.0,0.0,0.0,1903
k476,0.0,0.0,0.0,0.389941791,0.0,0.272727273,0.0,0.0,0.0,0.0,3411
k1190,0.069,0.0,0.0,0.474112474,0.0,0.0909,0.0,0.0,0.0,0.0,1796
k166,0.0,0.0,0.0,0.492772757,0.0,0.0,0.133333333,0.0,0.0,0.333333333,2186
k2443,0.0,0.0,0.494958205,0.444336884,0.0,0.0,0.0,0.0,0.0,0.0833,866
k387,0.0,0.0,0.0,0.430883233,0.0,0.0,0.0,0.0,0.0,0.0,1892
k2544,0.0,0.0,0.0,0.401584321,0.0,0.0,0.0,0.0,0.0,0.0,3426
k1583,0.0345,0.0,0.0,0.430507622,0.0294,0.0,0.0,0.0,0.0,0.0,3209
k1181,0.0,0.0,0.0,0.352055759,0.0,0.0,0.0,0.0,0.0,0.0,842
k2779,0.0,0.0,0.0,0.589424611,0.0,0.0,0.0,0.0,0.0,0.0,895
k2758,0.0,0.0,0.0,0.492534415,0.0,0.0,0.0,0.0,0.0,0.0,2045
k2283,0.069,0.0,0.0,0.479371011,0.0147,0.0909,0.0667,0.181818182,0.0,0.166666667,3433
k929,0.0,0.0,0.0,0.477663695,0.0,0.0,0.0,0.0,0.0,0.0833,2575
k1182,0.0,0.0,0.0,0.519834401,0.0,0.0,0.0,0.0,0.0,0.0,1260
k841,0.0,0.0,0.410986304,0.39738569,0.0,0.0,0.0,0.0,0.0,0.0,3350
k2465,0.0,0.0,0.0,0.454853951,0.0,0.0,0.0,0.0,0.0,0.0,551
k608,0.0,0.0,0.0,0.507234411,0.0,0.0,0.0,0.0,0.0,0.0,1790
k1229,0.0345,0.0,0.0,0.507746609,0.0,0.0,0.0,0.0,0.0,0.0,98
k1448,0.0,0.0,0.0,0.544761216,0.0,0.0,0.0,0.0,0.0,0.0,707
k280,0.0,0.0,0.0,0.450551514,0.0,0.0,0.0,0.0,0.0,0.0,1887
k3220,0.0,0.0,0.0,0.343468645,0.0,0.0,0.0,0.0,0.0,0.0,1231
k104,0.0,0.0,0.0,0.477834423,0.0,0.0,0.0,0.0,0.0,0.0,254
k559,0.0,0.0,0.0,0.509863681,0.0,0.0,0.0,0.0,0.0,0.0,2146
k2203,0.0,0.0,0.699377018,0.426512503,0.0,0.0,0.0,0.0,0.0,0.0,982
k2850,0.0345,0.0,0.0,0.518775868,0.0,0.0,0.0,0.0,0.0,0.0,1658
k3121,0.0,0.0,0.0,0.481010038,0.0,0.181818182,0.0,0.0,0.0,0.0,2349
k144,0.103448276,0.0833,0.727156369,0.44691015,0.0147,0.0,0.0444,0.0,0.0833,0.0833,367
k560,0.0,0.0,0.0,0.478107597,0.0,0.0,0.0,0.0,0.0,0.0,677
k2970,0.0,0.0,0.0,0.425727137,0.0,0.0,0.0,0.0,0.0,0.0,1660
k3233,0.0,0.0,0.0,0.54704902,0.0,0.0,0.311111111,0.0,0.0,0.0,896
k2589,0.0345,0.0,0.0,0.427092991,0.0,0.0,0.0,0.0,0.0833,0.0,1226
k607,0.0,0.0,0.0,0.479063691,0.0,0.0,0.0,0.0,0.0,0.0,3345
k107,0.0,0.0,0.0,0.480736861,0.0,0.0,0.0222,0.0,0.0,0.0,1563
k1345,0.0,0.0,0.0,0.473019798,0.0,0.0,0.0,0.0,0.0,0.0,2943
k1809,0.0,0.0,0.0,0.424941772,0.0,0.0,0.0,0.0,0.0,0.0,1215
k1271,0.0,0.0,0.0,0.417497874,0.0,0.0,0.0,0.0,0.0,0.0,3143
k3433,0.0,0.0,0.0,0.471017455,0.0,0.0,0.0,0.0,0.0,0.0,1644
k1739,0.0,0.0,0.0,0.535336831,0.0,0.0,0.0,0.0,0.0,0.0,1375
k2881,0.0,0.0,0.0,0.607662165,0.0,0.0,0.0,0.0,0.0,0.0,1592
k482,0.0,0.0,0.0,0.368702778,0.0,0.0,0.0,0.0,0.0,0.0,927
k1883,0.0,0.0,0.0,0.377410089,0.0,0.0,0.0,0.0,0.0,0.0,685
k1860,0.172413793,0.0,0.0,0.50860026,0.0294,0.0,0.2,0.0,0.25,0.0,2587
k140,0.0,0.0,0.0,0.52949781,0.0,0.0,0.0,0.0,0.0,0.0,3125
k2,0.0345,0.0,0.0,0.458883217,0.0,0.0,0.0,0.0,0.0,0.0,664
k3408,0.0,0.0,0.0,0.568766085,0.0,0.0,0.0,0.0,0.0,0.0,316
k2151,0.0,0.0,0.0,0.536074392,0.0,0.0,0.0,0.0,0.0,0.0,1480
k3009,0.0,0.0,0.0,0.56395146,0.0,0.0,0.0,0.0,0.0,0.0,3210
k1662,0.0,0.0,0.0,0.529975865,0.0,0.0,0.0,0.0,0.0,0.0,1725
k2690,0.0345,0.0,0.0,0.480292958,0.0,0.0,0.0444,0.0,0.0,0.0,885
k1405,0.0,0.0,0.0,0.796283036,0.0,0.0,0.0,0.0,0.0,0.0,771
k1077,0.0,0.0,0.0,0.480053938,0.0,0.0,0.0,0.0,0.0,0.0,2214
k2831,0.0,0.0,0.0,0.482990518,0.0,0.0,0.0,0.0,0.0,0.0,3067
k966,0.0,0.0,0.0,0.439522252,0.0,0.0,0.0,0.0,0.0,0.0,1451
k143,0.0,0.0,0.0,0.58679534,0.0,0.0,0.0444,0.0,0.0,0.0,3238
k2577,0.0,0.0,0.0,0.585224609,0.0,0.0,0.0222,0.0,0.0,0.0,1478
k112,0.0,0.0,0.0,0.492815781,0.0,0.0,0.0,0.0,0.0,0.0833,1721
k835,0.0,0.0,0.0,0.471312479,0.0,0.0,0.0,0.0,0.0,0.0,3409
k671,0.0,0.0,0.0,0.508190511,0.0,0.0,0.0,0.0,0.0,0.0,2456
k1367,0.0,0.0,0.0,0.445224688,0.0,0.272727273,0.0222,0.0,0.0,0.0,213
k3056,0.0,0.0,0.0,0.582458761,0.0,0.0,0.133333333,0.0,0.0,0.0,2658
k1675,0.0,0.0,0.0,0.500601832,0.0,0.0,0.0,0.0,0.0,0.0,3268
k205,0.0,0.0,0.0,0.429824697,0.0,0.0,0.0,0.0,0.0,0.0,2620
k2500,0.0,0.0,0.0,0.681687983,0.0,0.0,0.0,0.0,0.0,0.0,1762
k364,0.0,0.0,0.0,0.55572219,0.0,0.0,0.0222,0.0,0.0,0.0833,2512
k542,0.0,0.0,0.0,0.6720792,0.0,0.0,0.0,0.0,0.0,0.0,3406
k1239,0.069,0.0,0.818959542,0.528439277,0.0294,0.0,0.0,0.0,0.0,0.0,1571
k3339,0.0,0.0,0.0,0.518707572,0.0,0.0,0.0,0.0,0.0,0.0,3278
k2844,0.0,0.0,0.0,0.360031657,0.0,0.454545455,0.0,0.0,0.0,0.0833,1537
k551,0.0,0.0,0.0,0.495590511,0.0,0.0,0.0,0.0,0.0,0.0,1779
k65,0.0,0.0,0.0,0.539161219,0.0,0.0,0.0,0.0,0.0,0.0,1578
k3306,0.0,0.0,0.0,0.523716844,0.0,0.0,0.0,0.0,0.0,0.0,2674
k319,0.0,0.0,0.0,0.573102665,0.0,0.0,0.0,0.0,0.0,0.166666667,527
k1235,0.0,0.0,0.0,0.48008808,0.0,0.0,0.0,0.0,0.0,0.0,436
k2214,0.0,0.0,0.0,0.338346696,0.0,0.0,0.0,0.0,0.0,0.0,3390
k222,0.0,0.0,0.0,0.403668613,0.0,0.0,0.0,0.0,0.0,0.0,3289
k37,0.0,0.0,0.0,0.496205148,0.0,0.0,0.0,0.0,0.0,0.0,2653
k408,0.0,0.0,0.0,0.538034391,0.0,0.0,0.0,0.0,0.0,0.0833,2126
k132,0.137931034,0.0,0.0,0.469366138,0.0,0.0,0.0,0.0,0.0833,0.0,971
k3163,0.0,0.0,0.0,0.497536855,0.0,0.0,0.0444,0.0,0.0,0.0,924
k1009,0.0,0.0,0.0,0.549302674,0.0,0.0,0.0,0.0,0.0,0.0833,1448
k1001,0.24137931,0.333333333,0.512232851,0.334283281,0.0441,0.0,0.111111111,0.0,0.25,0.0,2389
k1360,0.0,0.0,0.0,0.516692939,0.0,0.0,0.0,0.0,0.0,0.0,2904
k1409,0.069,0.0,0.0,0.480941742,0.0,0.0,0.0,0.0,0.0,0.0,5
k1034,0.0,0.0,0.0,0.487088084,0.0,0.0,0.0,0.0,0.0,0.0,3348
k1234,0.0,0.0,0.0,0.467249066,0.0,0.0,0.0,0.0,0.0,0.0,3066
k963,0.0,0.0,0.0,0.466053945,0.0,0.0,0.0,0.0,0.0,0.0,3183
k1260,0.0,0.0,0.0,0.396293007,0.0,0.0,0.0,0.0,0.0,0.0,600
k3076,0.0,0.0,0.0,0.473019798,0.0,0.0,0.0,0.0,0.0,0.0,2293
k2281,0.0,0.0,0.0,0.522634399,0.0,0.0,0.0,0.0,0.0,0.0,2719
k3395,0.0,0.0,0.0,0.449051808,0.0,0.0,0.0,0.0,0.0,0.0,2450
k3166,0.0,0.0,0.0,0.612690542,0.0,0.0,0.0,0.0,0.0,0.0,1712
k1353,0.0,0.0,0.0,0.505970997,0.0,0.0,0.0,0.0,0.0,0.0,1249
k2271,0.0,0.0,0.0,0.583653879,0.0,0.0,0.0,0.0,0.25,0.333333333,356
k1506,0.0,0.0,0.0,0.385775939,0.0,0.0,0.0,0.0,0.0,0.0,2162
k2962,0.0,0.0,0.0,0.481488083,0.0,0.0,0.0,0.0,0.0,0.0,1761
k652,0.0,0.0,0.0,0.541039271,0.0,0.0,0.0,0.0,0.0,0.0,2902
k3111,0.0,0.0,0.0,0.438805179,0.0,0.0,0.0,0.0,0.0,0.0,2923
k1446,0.0,0.0,0.0,0.386561304,0.0,0.0,0.0,0.0,0.0,0.0,2308
k1916,0.0,0.0,0.0,0.603492903,0.0,0.0,0.0,0.0,0.0,0.0,2027
k927,0.0,0.0,0.0,0.496478316,0.0,0.0,0.0,0.0,0.0,0.0,523
k1254,0.172413793,0.0,0.0,0.488422518,0.0,0.0,0.0,0.0,0.0833,0.0,952
k1925,0.0,0.0,0.0,0.493396268,0.0,0.0,0.0,0.0,0.0,0.0,2956
k2707,0.0345,0.0,0.0,0.603253865,0.0,0.0,0.0,0.0,0.0,0.0,55
k937,0.0,0.0,0.0,0.468717355,0.0,0.0,0.0,0.0,0.0,0.0,3203
k1336,0.0,0.0,0.0,0.513483191,0.0,0.0,0.0,0.0,0.0,0.0,2843
k2671,0.0,0.0,0.0,0.476536866,0.0,0.0,0.0,0.0,0.0,0.0,1113
k503,0.0,0.0,0.0,0.412649096,0.0,0.0,0.0,0.0,0.0,0.0,2135
k3394,0.0,0.0,0.0,0.516658796,0.0,0.181818182,0.0,0.0,0.0,0.0,212
k2518,0.0,0.0,0.0,0.557122185,0.0,0.0,0.0,0.0,0.0,0.0,756
k324,0.310344828,0.5,0.0,0.446180785,0.0882,0.0,0.711111111,0.272727273,0.333333333,0.0,1863
k3403,0.0,0.0,0.0,0.412785681,0.0,0.0,0.0,0.0,0.0,0.0,2964
k2051,0.0,0.0,0.0,0.467146624,0.0,0.0,0.0,0.0,0.0,0.0,3090
k2309,0.0,0.0,0.0,0.513517334,0.0,0.0,0.0,0.0,0.0,0.0,2125
k1948,0.0,0.0,0.0,0.626767023,0.0,0.0,0.0,0.0,0.0,0.0,1758
k766,0.0,0.0,0.0,0.516419772,0.0,0.0,0.0,0.0,0.0,0.0,889
k851,0.0,0.0,0.0,0.431292988,0.0,0.0,0.0,0.0,0.0,0.0,22
k1627,0.0,0.0,0.0,0.513517334,0.0,0.0,0.0,0.0,0.0,0.0,2685
k1705,0.0,0.0,0.0,0.405853977,0.0,0.0,0.0,0.0,0.0,0.0,1997
k661,0.0,0.0,0.0,0.528507573,0.0,0.0,0.0,0.0,0.0,0.0,2123
k2822,0.137931034,0.0,0.0,0.446795419,0.0,0.0,0.0,0.0,0.0,0.0,1465
k150,0.0,0.0,0.507376874,0.449458835,0.0,0.0,0.0667,0.0,0.0,0.0,2017
k167,0.0,0.0,0.0,0.448605174,0.0,0.0,0.0,0.0,0.0,0.0,2953
k164,0.0,0.0,0.0,0.435595424,0.0,0.0,0.0,0.0,0.0,0.0,802
k3169,0.0,0.0,0.0,0.444610054,0.0,0.0,0.0,0.0,0.0,0.0,3262
k2534,0.0,0.0,0.0,0.468546627,0.0,0.0,0.0,0.0,0.0,0.0,1147
k1322,0.0,0.0,0.0,0.431975914,0.0,0.0,0.0,0.0,0.0,0.0,50
k959,0.0,0.0,0.0,0.571475937,0.0,0.0,0.0,0.0,0.0,0.0,855
k1770,0.0,0.0,0.0,0.513449038,0.0,0.0,0.0,0.0,0.0,0.0,1438
k675,0.172413793,0.0,0.0,0.382941794,0.0735,0.0,0.0,0.0,0.0,0.166666667,1859
k1862,0.0,0.0,0.0,0.505492952,0.0,0.0,0.0,0.0,0.0,0.0,737
k2475,0.0,0.0,0.0,0.401790565,0.0,0.181818182,0.0222,0.0,0.0,0.0,1182
k1732,0.0,0.0,0.0,0.472976774,0.0,0.0,0.0,0.0,0.0,0.0,1747
k2343,0.0,0.0,0.0,0.434092987,0.0,0.0,0.0,0.0,0.0,0.0,234
k372,0.0,0.0,0.0,0.472097844,0.0,0.0,0.0,0.0,0.0,0.0,261
k2598,0.0,0.0,0.0,0.469468577,0.0,0.0,0.0,0.0,0.0,0.0,564
k3176,0.0,0.0,0.0,0.42115153,0.0,0.0,0.0,0.0,0.0,0.166666667,1676
k2732,0.0,0.0,0.0,0.483502716,0.0,0.0,0.0,0.0,0.0,0.0,2347
k1128,0.103448276,0.0833,0.0,0.346619326,0.0294,0.0,0.0,0.0,0.0,0.0,2749
k382,0.0,0.0,0.0,0.508770995,0.0,0.0,0.0,0.0,0.0,0.0,2962
k1488,0.0,0.0,0.0,0.44136615,0.0,0.0909,0.0222,0.0,0.0,0.0833,1415
k2719,0.0,0.0,0.0,0.468205163,0.0,0.0,0.0,0.0,0.0,0.0,2898
k1698,0.0,0.0,0.0,0.54841487,0.0,0.0,0.0,0.0,0.0,0.0,951
k2979,0.0,0.0,0.0,0.548380727,0.0,0.0,0.0,0.0,0.0,0.0,1941
k2783,0.0,0.0,0.0,0.461410045,0.0,0.0,0.0,0.0,0.0,0.0,857
k306,0.0,0.0,0.0,0.448741759,0.0,0.0,0.0,0.0,0.0,0.0,1991
k2849,0.0,0.0,0.0,0.484345444,0.0,0.0,0.0,0.0,0.0,0.0,2516
k3231,0.0,0.0,0.0,0.492790519,0.0,0.0,0.0,0.0,0.0,0.0,918
k3017,0.0,0.0,0.0,0.443414933,0.0,0.181818182,0.0667,0.0,0.0,0.0,2196
k409,0.0,0.0,0.0,0.477527113,0.0,0.0,0.0,0.0,0.0,0.0,2826
k833,0.0,0.0,0.0,0.46257102,0.0,0.0,0.0,0.0,0.0,0.0,2202
k98,0.0,0.0,0.0,0.456971023,0.0,0.0,0.0,0.0,0.0,0.0,104
k2270,0.0,0.0,0.0,0.4678637,0.0,0.0,0.0,0.0,0.0,0.0,1843
k2578,0.0,0.0,0.0,0.573717302,0.0,0.0,0.0,0.0,0.0,0.0,2090
k3128,0.0,0.0,0.0,0.593658758,0.0,0.0,0.0,0.0,0.0,0.0,2183
k1755,0.0,0.0,0.0,0.530146594,0.0,0.0,0.177777778,0.0,0.0,0.0,3420
k279,0.0345,0.0,0.0,0.352560786,0.0,0.0,0.0,0.0,0.0,0.0,197
k2188,0.0,0.0,0.0,0.523718886,0.0,0.0,0.0,0.0,0.0,0.0,2434
k1163,0.0,0.0,0.0,0.502112466,0.0,0.0,0.0,0.0,0.0,0.0,1499
k2660,0.0,0.0,0.0,0.516078308,0.0,0.0,0.0,0.0,0.0,0.0,2406
k316,0.0,0.0,0.0,0.377205212,0.0,0.0,0.0,0.0,0.0,0.0,3270
k186,0.0,0.0,0.0,0.419034458,0.0,0.0,0.0,0.0,0.0,0.0,1670
k1871,0.069,0.0,0.0,0.581570956,0.0,0.272727273,0.133333333,0.0,0.0,0.0,2204
k2441,0.0,0.0,0.0,0.489649058,0.0,0.0,0.0,0.0,0.0,0.0,3218
k406,0.0,0.0,0.0,0.565522191,0.0,0.0,0.0,0.0,0.0,0.166666667,2291
k136,0.0,0.0,0.0,0.487292961,0.0,0.0,0.0,0.0,0.0,0.0,3375
k513,0.0,0.0,0.0,0.468785651,0.0,0.0,0.0,0.0,0.0,0.0,270
k1947,0.0,0.0,0.0,0.44334664,0.0,0.0,0.0,0.0,0.0,0.0,2053
k2834,0.0,0.0,0.0,0.442322247,0.0,0.0,0.0,0.0,0.0,0.0,2255
k1904,0.0,0.0,0.0,0.391751546,0.0,0.0,0.0,0.0,0.0,0.0,2443
k2631,0.0,0.0,0.0,0.599339337,0.0,0.0,0.0444,0.0,0.0,0.0833,2550
k843,0.0,0.0,0.0,0.540970975,0.0,0.0,0.0,0.0,0.0,0.0,1337
k3185,0.0,0.0,0.0,0.493814909,0.0,0.0,0.0,0.0,0.0,0.0,3072
k2702,0.0,0.0,0.0,0.493849052,0.0,0.0909,0.0222,0.0,0.0,0.0,1924
k678,0.103448276,0.0833,0.0,0.422927139,0.0441,0.0,0.0667,0.0,0.166666667,0.0,2414
k1313,0.0,0.0,0.0,0.600692897,0.0,0.0,0.0,0.0,0.0,0.0,948
k1397,0.172413793,0.0833,0.0,0.427195429,0.0588,0.0,0.0,0.0,0.0833,0.0,227
k714,0.0,0.0,0.0,0.431258842,0.0,0.0,0.0,0.0,0.0,0.0,3243
k2856,0.0,0.0,0.0,0.484871304,0.0,0.0,0.0,0.0,0.0,0.0,2353
k2498,0.0,0.0,0.0,0.518297823,0.0,0.0,0.0,0.0,0.0,0.0833,2578
k2154,0.0,0.0,0.0,0.491971001,0.0,0.0,0.0,0.0,0.0,0.0,2968
k2306,0.137931034,0.0,0.0,0.45792712,0.0,0.0,0.0,0.0,0.0833,0.0,1696
k1863,0.0,0.0,0.0,0.533219759,0.0,0.0,0.0,0.0,0.0,0.0,571
k3175,0.0,0.0,0.0,0.486610035,0.0,0.0,0.0,0.0,0.0,0.0,1620
k1632,0.0,0.0,0.0,0.458029559,0.0,0.0,0.0,0.0,0.0,0.0,2770
k1101,0.0,0.0,0.0,0.386902767,0.0,0.0,0.0,0.0,0.0,0.0,745
k38,0.0,0.0,0.0,0.446453956,0.0,0.0,0.0,0.0,0.0,0.0,2184
k579,0.0,0.0,0.0,0.365356438,0.0,0.0,0.0,0.0,0.0,0.0,1369
k168,0.0,0.0,0.0,0.452053953,0.0,0.0,0.0,0.0,0.0,0.0,2756
k428,0.0,0.0,0.0,0.753019645,0.0,0.0,0.0,0.0,0.0,0.0,2988
k3051,0.0,0.0,0.0,0.546809996,0.0,0.0,0.0,0.0,0.0,0.0,2538
k3063,0.0,0.0,0.0,0.57129291,0.0,0.0,0.0,0.0,0.0,0.0,177
k3379,0.0,0.0,0.0,0.406878367,0.0,0.0,0.0,0.0,0.0,0.0,2079
k2169,0.0,0.0,0.0,0.446146642,0.0,0.0,0.0,0.0,0.0,0.0,1711
k2480,0.0,0.0,0.0,0.435219815,0.0,0.0,0.0,0.0,0.0,0.0,3138
k601,0.0,0.0,0.655576717,0.5291905,0.0,0.0,0.133333333,0.0,0.0,0.0,1560
k1142,0.0,0.0,0.0,0.445736883,0.0,0.0,0.0,0.0,0.0,0.0,829
k2990,0.0,0.0,0.497253563,0.390010083,0.0,0.0,0.0,0.0,0.0,0.0,1232
k741,0.0,0.0,0.0,0.503990507,0.0,0.0909,0.0,0.0,0.0,0.0,2918
k840,0.0,0.0,0.0,0.67301481,0.0,0.0,0.0,0.0,0.0,0.0,287
k2266,0.0,0.0,0.0,0.484390524,0.0,0.0909,0.0,0.0,0.0,0.0,1582
k1512,0.069,0.0,0.72565836,0.489785643,0.147058824,0.0,0.0,0.0,0.0833,0.0,1894
k620,0.0,0.0,0.0,0.612758845,0.0,0.0,0.0,0.0,0.0,0.0,529
k1911,0.0,0.0,0.0,0.478380764,0.0,0.0,0.0,0.0,0.0,0.0,2177
k3352,0.0,0.0,0.0,0.584746564,0.0,0.0909,0.0,0.0,0.0,0.25,1364
k2356,0.0,0.0,0.0,0.598302648,0.0,0.0,0.0,0.0,0.0,0.0,2227
k1521,0.0,0.0,0.0,0.509897824,0.0,0.0,0.0,0.0,0.0,0.0,2947
k3120,0.103448276,0.166666667,0.771347707,0.528610006,0.0294,0.0,0.0444,0.0,0.0833,0.0833,3134
k2015,0.0,0.0,0.501852489,0.515122208,0.0,0.0,0.0,0.0,0.0,0.0833,1194
k60,0.0,0.0,0.0,0.43006372,0.0,0.0,0.0,0.0,0.0,0.0,1301
k3044,0.069,0.0,0.716239185,0.548517319,0.0294,0.0,0.0,0.0,0.0833,0.0,796
k298,0.0,0.0,0.0,0.521370989,0.0,0.0,0.0,0.0,0.0,0.0,2141
k2159,0.0,0.0,0.0,0.534585619,0.0,0.0,0.0,0.0,0.0,0.0,2316
k2447,0.137931034,0.333333333,0.427841855,0.411966169,0.0735,0.0,0.177777778,0.0,0.0833,0.0,455
k1455,0.0,0.0,0.0,0.543668534,0.0,0.0,0.0,0.0,0.0,0.0,1745
k1305,0.0,0.0,0.0,0.524853913,0.0,0.0,0.0,0.0,0.0,0.0,976
k876,0.0,0.0,0.0,0.707570875,0.0,0.0,0.0,0.0,0.0,0.166666667,1081
k333,0.0,0.0,0.0,0.469229557,0.0,0.0,0.0,0.0,0.0,0.0,2454
k1616,0.0,0.0,0.0,0.486985641,0.0,0.0,0.0,0.0,0.0,0.0,3416
k1057,0.0,0.0,0.0,0.500302704,0.0,0.0,0.0,0.0,0.0,0.0,2082
k3187,0.0,0.0,0.0,0.434946644,0.0,0.0,0.0,0.0,0.0,0.0,3079
k2900,0.24137931,0.166666667,0.0,0.354805224,0.132352941,0.0,0.0889,0.0,0.0833,0.166666667,2151
k433,0.103448276,0.0,0.0,0.49675149,0.0,0.0,0.0,0.0,0.0,0.0,150
k1633,0.0,0.0,0.0,0.52980513,0.0,0.0,0.0,0.0,0.0,0.166666667,2759
k2903,0.0,0.0,0.0,0.462400288,0.0,0.0909,0.133333333,0.0,0.0,0.0833,1575
k413,0.310344828,0.0,0.0,0.407338659,0.147058824,0.0,0.0222,0.454545455,0.0,0.0,908
k767,0.0345,0.0,0.0,0.46759053,0.0,0.0,0.0,0.0,0.0,0.0,2678
k525,0.0,0.0,0.0,0.490042761,0.0,0.181818182,0.0,0.0,0.0,0.0,332
k2868,0.0,0.0,0.0,0.410873487,0.0,0.0,0.0,0.0,0.0,0.0,1708
k285,0.0,0.0,0.0,0.478892963,0.0,0.0,0.0,0.0,0.0,0.0,714
k1467,0.069,0.0833,0.0,0.573187348,0.0294,0.0,0.0444,0.0,0.0,0.166666667,2366
k3100,0.0,0.0,0.0,0.706000161,0.0,0.0,0.0,0.0,0.0,0.0,1640
k463,0.0,0.0,0.0,0.560092912,0.0,0.0,0.0,0.0,0.0,0.0,1042
k3344,0.0,0.0,0.0,0.347497911,0.0,0.0,0.0,0.0,0.0,0.0,3229
k1112,0.0,0.0,0.0,0.404112515,0.0,0.0,0.0,0.0,0.0,0.0,2582
k2095,0.0345,0.0,0.0,0.447273467,0.0,0.0,0.0,0.0,0.0,0.0,604
k3273,0.0,0.0,0.0,0.580990462,0.0,0.0,0.0,0.0,0.25,0.25,3274
k589,0.0,0.0,0.0,0.470117357,0.0,0.272727273,0.0444,0.0,0.0,0.0,1706
k2876,0.0,0.0,0.0,0.458644193,0.0,0.0,0.0,0.0,0.0,0.0,1186
k695,0.0,0.0,0.0,0.47551248,0.0,0.0,0.0,0.0,0.0,0.0,516
k1378,0.137931034,0.0833,0.0,0.527892936,0.0147,0.0,0.0444,0.0,0.0833,0.0833,1401
k3357,0.0,0.0,0.0,0.681346509,0.0,0.0,0.0889,0.0,0.0,0.166666667,3198
k1348,0.0,0.0,0.0,0.519014892,0.0,0.0,0.0,0.0,0.0,0.0,2097
k670,0.0,0.0,0.0,0.453488098,0.0,0.0,0.0,0.0,0.0,0.0,2270
k312,0.0,0.0,0.0,0.425692992,0.0,0.0,0.0,0.0,0.0,0.0,1146
k1385,0.0,0.0,0.0,0.448844202,0.117647059,0.0,0.0,0.0,0.0,0.0,3314
k1944,0.103448276,0.0,0.0,0.386493013,0.0882,0.0,0.0,0.0,0.0,0.0,1531
k2551,0.0,0.0,0.0,0.492927105,0.0,0.0,0.0,0.0,0.0,0.0,1649
k1957,0.0,0.0,0.0,0.482819793,0.0,0.0,0.0,0.0,0.0,0.0,1765
k1090,0.0,0.0,0.0,0.519083188,0.0,0.0,0.0,0.0,0.0,0.0,1641
k928,0.0,0.0,0.0,0.37668414,0.0,0.0,0.0,0.0,0.0,0.0,3004
k801,0.0345,0.0,0.2721789,0.573136808,0.0,0.0,0.0,0.0,0.0,0.25,300
k1493,0.0,0.0,0.0,0.422927139,0.0,0.0,0.0,0.0,0.0,0.0,1197
k2495,0.0,0.0,0.0,0.490912468,0.0,0.0,0.0,0.0,0.0,0.0,1573
k3279,0.0,0.0,0.0,0.413366168,0.0,0.0,0.0,0.0,0.0,0.0,3175
k2737,0.0,0.0,0.0,0.519561233,0.0,0.0,0.0,0.0,0.0,0.0,786
k3177,0.0,0.0,0.0,0.429483234,0.0,0.0,0.0,0.0,0.0,0.0,3034
k1932,0.0,0.0,0.0,0.613586556,0.0,0.0,0.0,0.0,0.0,0.0,801
k1678,0.172413793,0.0,0.0,0.455946633,0.0,0.0,0.0,0.0,0.0833,0.0833,1471
k1147,0.069,0.0,0.699941561,0.451132002,0.0,0.0,0.0,0.0,0.0833,0.0,157
k2144,0.0,0.0,0.0,0.435253961,0.0,0.0,0.0,0.0,0.0,0.0,106
k1082,0.0,0.0,0.0,0.502283194,0.0,0.0,0.0222,0.0,0.0,0.0,1467
k1008,0.0,0.0,0.0,0.43878913,0.0,0.181818182,0.0,0.0,0.0,0.0,797
k803,0.137931034,0.0,0.0,0.486473443,0.0,0.0,0.0,0.0,0.0,0.0,1388
k1726,0.069,0.5,0.0,0.662156282,0.264705882,0.0,0.0889,0.0,0.0,0.166666667,317
k2256,0.0,0.0,0.0,0.53021489,0.0882,0.0,0.0,0.0,0.0,0.0,2913
k3432,0.0,0.0,0.0,0.482307595,0.0,0.0,0.0,0.0,0.0,0.0,1162
k418,0.0,0.0,0.0,0.489717347,0.0,0.0,0.0,0.0,0.0,0.0,1079
k187,0.0,0.0,0.0,0.420571043,0.0,0.0,0.0,0.0,0.0,0.0,23
k1769,0.0,0.0,0.0,0.488795396,0.0,0.0,0.0,0.0,0.0,0.0,1128
k2658,0.0,0.0,0.0,0.469639309,0.0,0.0,0.0,0.0,0.0,0.0,91
k704,0.0,0.0,0.0,0.606497772,0.0,0.0,0.0,0.0,0.0,0.0,1476
k3049,0.0,0.0,0.0,0.590756321,0.0,0.0,0.0,0.0,0.0,0.0,1602
k2416,0.0,0.0,0.0,0.539140739,0.0,0.0,0.0,0.0,0.0,0.0,3266
k2902,0.0,0.0,0.0,0.649518728,0.0,0.0,0.0,0.0,0.0,0.0,57
k1117,0.0,0.0,0.0,0.370000338,0.0,0.0,0.0,0.0,0.0,0.0,2194
k1289,0.0,0.5,0.24199714,0.432010062,0.0441,0.272727273,0.0,0.545454545,0.0,0.166666667,3284
k2612,0.0,0.0,0.0,0.567229497,0.0,0.0,0.0,0.0,0.0,0.166666667,754
k1777,0.0,0.0,0.0,0.564053892,0.0,0.0,0.0,0.0,0.0,0.0,3113
k1364,0.0,0.0,0.0,0.501907588,0.0,0.0,0.0,0.0,0.0,0.0,1319
k1193,0.0,0.0,0.0,0.500814902,0.0,0.0,0.0,0.0,0.0,0.0,1145
k2454,0.0345,0.0,0.0,0.30014618,0.0,0.0,0.0,0.0,0.0,0.0,1873
k52,0.0,0.0,0.0,0.393732033,0.0,0.0,0.0,0.0,0.0,0.0,46
k1725,0.0,0.0,0.0,0.468136871,0.0,0.0,0.0,0.0,0.0,0.0,2029
k26,0.103448276,0.0,0.0,0.429449086,0.0588,0.0,0.0,0.0,0.0,0.0,2267
k2078,0.069,0.0,0.0,0.370614971,0.0,0.181818182,0.0,0.0,0.0,0.0,2052
k383,0.0,0.0,0.0,0.486610035,0.0,0.0,0.0,0.0,0.0,0.0,3233
k386,0.0,0.0,0.0,0.512458802,0.0,0.0,0.0,0.0,0.0,0.0,119
k354,0.0,0.0,0.0,0.522634399,0.0,0.0,0.0,0.0,0.0,0.0,1165
k2807,0.0345,0.0,0.0,0.403019832,0.0,0.0,0.0,0.0,0.0,0.0,804
k3210,0.0,0.0,0.0,0.458097852,0.0,0.0,0.0,0.0,0.0,0.0,3305
k1682,0.0,0.0,0.0,0.40127837,0.0,0.0,0.0,0.0,0.0,0.0,591
k2640,0.0,0.0,0.0,0.447683223,0.0,0.0,0.0,0.0,0.0,0.0,241
k351,0.0,0.0,0.0,0.464619796,0.0,0.0,0.0,0.0,0.0,0.0,2297
k2303,0.0,0.0,0.0,0.442581763,0.0,0.0,0.0,0.0,0.0,0.0,3097
k1194,0.0,0.0,0.0,0.372766191,0.0,0.0,0.0,0.0,0.0,0.0,1472
k139,0.0,0.0,0.0,0.515941727,0.0,0.0,0.0,0.0,0.0,0.0,1836
k1043,0.0,0.0,0.0,0.471995405,0.0,0.0,0.0,0.0,0.0,0.0,1013
k1456,0.0,0.0,0.0,0.44358225,0.0,0.0,0.0,0.0,0.0,0.0,3044
k2789,0.0,0.0,0.0,0.500951487,0.0,0.0,0.0,0.0,0.0,0.0,1292
k895,0.0,0.0,0.0,0.608409959,0.0,0.0,0.0,0.0,0.0,0.416666667,1247
k2115,0.0,0.0,0.0,0.479336868,0.0,0.0,0.0,0.0,0.0,0.0,2985
k956,0.0,0.0,0.0,0.619405075,0.0,0.0,0.0222,0.0,0.0,0.0,1217
k1116,0.0,0.0,0.0,0.520483184,0.0,0.0,0.0,0.0,0.0,0.0,457
k3363,0.0,0.0,0.0,0.500746606,0.0,0.0,0.0,0.0,0.0,0.0,2899
k1165,0.0,0.0,0.0,0.510546608,0.0,0.0,0.0,0.0,0.0,0.0833,2035
k3244,0.0,0.0,0.0,0.540970975,0.0,0.0,0.0,0.0,0.0,0.0,1945
k2875,0.0,0.0,0.0,0.430439331,0.0,0.0,0.0,0.0,0.0,0.0,1442
k1694,0.310344828,0.0,0.580722778,0.22337602,0.176470588,0.0,0.0,0.0,0.0,0.0,1173
k1309,0.0,0.0,0.0,0.458985656,0.0,0.0,0.0,0.0,0.0,0.0,1129
k990,0.0,0.0,0.0,0.456561267,0.0,0.0,0.0,0.0,0.0,0.0,1005
k524,0.0,0.0,0.0,0.398683249,0.0,0.0,0.0,0.0,0.0,0.0,1201
k1900,0.0,0.0,0.0,0.49681842,0.0,0.0,0.0,0.0,0.0,0.0,3160
k2258,0.0,0.0,0.0,0.450995417,0.0,0.0,0.0,0.0,0.0,0.0,2105
k2538,0.0,0.0,0.0,0.4435481,0.0,0.0,0.0,0.0,0.0,0.0,3171
k2046,0.0345,0.0,0.0,0.410292999,0.0,0.0,0.0,0.0,0.0,0.0,2081
k2434,0.0,0.0,0.0,0.533288055,0.0,0.0,0.0,0.0,0.0,0.0,1693
k2827,0.0,0.0,0.0,0.48278564,0.0,0.0,0.0,0.0,0.0,0.0,2362
k1253,0.0,0.0,0.0,0.558351463,0.0,0.0,0.0444,0.0,0.0,0.0833,503
k2973,0.0,0.0,0.0,0.457039312,0.0,0.0,0.0,0.0,0.0,0.0,2354
k539,0.0,0.0,0.0,0.419136897,0.0,0.0,0.0,0.0,0.0,0.0,1402
k3104,0.0,0.0,0.58236175,0.304132081,0.0,0.0,0.0,0.0,0.0,0.0,1962
k1861,0.0,0.0,0.0,0.443551518,0.0,0.0,0.0,0.0,0.0,0.0,1437
k91,0.0,0.0,0.0,0.597380697,0.0,0.0,0.0,0.0,0.0,0.5,2804
k2389,0.069,0.0,0.0,0.421117384,0.0,0.0,0.0,0.0,0.0,0.0,409
k784,0.0,0.0,0.0,0.510751479,0.0,0.0,0.0,0.0,0.0,0.0,1311
k961,0.0,0.0,0.0,0.509761242,0.0,0.0,0.0,0.0,0.0,0.0,543
k760,0.0,0.0,0.0,0.470800287,0.0,0.0,0.0,0.0,0.0,0.0,2941
k588,0.0,0.0,0.0,0.534107564,0.0,0.0,0.0,0.0,0.0,0.0,721
k1989,0.0,0.0,0.0,0.439180792,0.0,0.0,0.0,0.0,0.0,0.0,3231
k334,0.137931034,0.0,0.0,0.502249051,0.0,0.0,0.0,0.0,0.0,0.0,631
k5,0.0,0.0,0.0,0.467692969,0.0,0.0,0.0,0.0,0.0,0.0,448
k2394,0.0,0.0,0.0,0.515489626,0.0,0.0,0.0667,0.0,0.0,0.0,633
k2502,0.0,0.0,0.0,0.509556361,0.0,0.0,0.0,0.0,0.0,0.0,2544
k1130,0.0,0.0,0.0,0.481010038,0.0,0.0,0.0,0.0,0.0,0.0,1259
k535,0.0,0.0,0.0,0.445702736,0.0,0.0,0.0,0.0,0.0,0.0,773
k2422,0.0,0.0,0.0,0.501975874,0.0,0.0,0.0,0.0,0.0,0.0,466
k2064,0.0,0.0,0.0,0.402678369,0.0,0.0,0.0,0.0,0.0,0.0,2727
k318,0.0345,0.0,0.0,0.410292999,0.0,0.0,0.0,0.0,0.0,0.0,124
k1108,0.0,0.0,0.0,0.424634455,0.0,0.0,0.0,0.0,0.0,0.0,3013
k1796,0.0,0.0,0.0,0.513107575,0.0,0.0,0.0,0.0,0.0,0.0,2695
k1,0.0345,0.0,0.0,0.453692976,0.0,0.0,0.0,0.0,0.0,0.0,907
k2338,0.0,0.0,0.0,0.562517305,0.0,0.0,0.0,0.0,0.0,0.0,1681
k3206,0.0,0.0,0.67724469,0.576858764,0.0,0.0,0.0,0.0,0.0,0.166666667,1820
k2606,0.0,0.0,0.0,0.656419693,0.0,0.0,0.0,0.0,0.0,0.0,1618
k2395,0.0345,0.0,0.473136823,0.368072778,0.0588,0.0,0.0,0.0,0.0,0.0,2189
k3400,0.0345,0.0,0.629884993,0.352449128,0.117647059,0.0,0.0,0.0,0.0,0.0,2093
k986,0.137931034,0.0,0.0,0.385263744,0.0294,0.0,0.0,0.0,0.0,0.0,2003
k1544,0.0,0.0,0.0,0.427400308,0.0,0.0,0.0,0.0,0.0,0.0,659
k102,0.0,0.0,0.0,0.383932039,0.0,0.0,0.0,0.0,0.0,0.0,14
k2821,0.0,0.0,0.672714305,0.312702804,0.0,0.0,0.0,0.0,0.0,0.0,1719
k1290,0.0,0.0,0.0,0.505902701,0.0,0.0,0.0,0.0,0.0,0.0,1245
k520,0.0,0.0,0.0,0.406400319,0.0,0.0,0.0,0.0,0.0,0.0,358
k2541,0.0,0.0,0.0,0.412683242,0.0,0.272727273,0.0,0.0,0.0,0.0,120
k3321,0.0,0.0,0.0,0.46127346,0.0,0.0,0.0,0.0,0.0,0.0,610
k2298,0.0,0.0,0.0,0.60499533,0.0,0.0,0.0,0.0,0.0,0.0,195
k268,0.0,0.0,0.0,0.527244153,0.0,0.0,0.0,0.0,0.0,0.0,687
k2388,0.0,0.0,0.0,0.483912469,0.0,0.0,0.0,0.0,0.0,0.0,846
k440,0.0,0.0,0.0,0.459941753,0.0,0.0,0.0,0.0,0.0,0.0,1034
k1810,0.0,0.0,0.0,0.490605151,0.0,0.0,0.0,0.0,0.0,0.0,3398
k1127,0.0,0.0,0.0,0.401858857,0.0,0.0,0.0,0.0,0.0,0.0,2558
k1381,0.0,0.0,0.0,0.500746606,0.0,0.0,0.0,0.0,0.0,0.0,3244
k2460,0.0,0.0,0.0,0.672400172,0.0,0.0,0.0,0.0,0.0,0.0,1581
k251,0.069,0.0,0.0,0.396224714,0.0,0.0,0.0,0.0,0.0,0.0,2071
k2676,0.310344828,0.0,0.0,0.265341854,0.0882,0.0,0.0,0.0,0.0,0.0,582
k1485,0.0,0.0,0.0,0.447580784,0.0,0.0,0.0,0.0,0.0,0.0,2521
k2646,0.0,0.0,0.0,0.581912413,0.0,0.0,0.0,0.0,0.0,0.0,2561
k1762,0.0,0.0,0.0,0.427161283,0.0,0.0,0.0,0.0,0.0,0.0,2547
k225,0.0,0.0,0.0,0.463527117,0.0,0.0,0.0667,0.0,0.0,0.0,763
k887,0.0,0.0,0.0,0.500780759,0.0,0.0,0.0,0.0,0.0,0.0,581
k1696,0.0,0.0,0.0,0.517205137,0.0,0.0,0.0,0.0,0.0,0.0,2140
k1037,0.0,0.0,0.0,0.514029532,0.0,0.0,0.0,0.0,0.0,0.0,1161
k190,0.0,0.0,0.0,0.475034425,0.0,0.0,0.0,0.0,0.0,0.0,704
k3353,0.0,0.0,0.0,0.429039331,0.0,0.0,0.0,0.0,0.0,0.0,1397
k1351,0.0,0.0,0.0,0.590768613,0.0,0.0,0.0,0.0,0.0,0.0,3394
k782,0.0,0.0,0.0,0.422057433,0.0,0.272727273,0.0,0.0,0.0,0.0,1002
k1407,0.0,0.0,0.0,0.453795415,0.0,0.0,0.0,0.0,0.0,0.0,321
k287,0.0,0.0,0.0,0.494053933,0.0,0.0,0.0222,0.0,0.0,0.0,3236
k688,0.0,0.0,0.0,0.42801494,0.0,0.0,0.0,0.0,0.0,0.0,94
k3423,0.0,0.0,0.0,0.424156407,0.0,0.0,0.0,0.0,0.0,0.0,2070
k27,0.0,0.0,0.0,0.528951469,0.0,0.0,0.0,0.0,0.0,0.0,852
k180,0.103448276,0.0,0.0,0.511058799,0.0147,0.0909,0.0,0.0,0.0,0.0833,422
k3010,0.0,0.0,0.0,0.4460442,0.0,0.0,0.0,0.0,0.0,0.0,2066
k429,0.0,0.0,0.0,0.379424723,0.0,0.0,0.0,0.0,0.0,0.0,248
k1279,0.0,0.0,0.0,0.37601009,0.0,0.0,0.0,0.0,0.0,0.0,1486
k871,0.0,0.0,0.0,0.468375895,0.0,0.0,0.0,0.0,0.0,0.0,2774
k323,0.0,0.0,0.0,0.493268565,0.0,0.0,0.0,0.0,0.0,0.0,1782
k3179,0.206896552,0.0,0.0,0.334556455,0.0,0.0,0.0,0.0,0.5,0.0,692
k2668,0.069,0.166666667,0.692539275,0.314351047,0.0147,0.0,0.0,0.0,0.0,0.0,2593
k1617,0.0,0.0,0.0,0.45115727,0.0,0.0,0.0222,0.0,0.0,0.0,17
k2229,0.0,0.0,0.0,0.518775868,0.0,0.0,0.0,0.0,0.0,0.0,2650
k3386,0.0,0.0,0.0,0.559819745,0.0,0.0,0.0,0.0,0.0,0.0,717
k3145,0.0345,0.0,0.0,0.445941761,0.0,0.0,0.0,0.0,0.0,0.0,3389
k2674,0.0,0.0,0.0,0.401756419,0.117647059,0.0,0.0,0.0,0.0,0.0,2386
k965,0.0,0.0,0.460477228,0.362488147,0.0,0.0,0.0,0.0,0.0,0.0,2130
k2430,0.103448276,0.0,0.0,0.438122252,0.0,0.0,0.0,0.0,0.0,0.0,1426
k3006,0.0,0.0,0.0,0.416780801,0.0,0.0,0.0,0.0,0.0,0.0,3405
k2427,0.0,0.0,0.0,0.456322243,0.0,0.0,0.0,0.0,0.0,0.0,2508
k149,0.0,0.0,0.0,0.34295645,0.0,0.0,0.0,0.0,0.0,0.0,556
k2613,0.0,0.0,0.0,0.479849056,0.0,0.0,0.0,0.0,0.0,0.0,3135
k3088,0.0,0.0,0.0,0.367063754,0.0,0.0,0.0,0.0,0.0,0.0,898
k1501,0.0,0.0,0.0,0.510000266,0.0,0.0,0.0,0.0,0.0,0.0,3400
k320,0.0345,0.0,0.0,0.488385637,0.0,0.0,0.0,0.0,0.0,0.0,2116
k365,0.0,0.0,0.0,0.449049076,0.0,0.0,0.0,0.0,0.0,0.0,1781
k1273,0.0,0.0,0.0,0.543736837,0.0,0.0,0.0,0.0,0.0,0.0,1123
k1059,0.0,0.0,0.0,0.496512469,0.0,0.0,0.0,0.0,0.0,0.0,2305
k1846,0.0,0.0,0.0,0.51826367,0.0,0.0,0.0,0.0,0.0,0.0,807
k3325,0.0,0.0,0.629362189,0.396463738,0.0,0.0,0.0,0.0,0.0,0.0,791
k2034,0.0,0.0,0.0,0.541073414,0.0,0.0,0.0222,0.0,0.0,0.0,1333
k2659,0.0,0.0,0.0,0.426785674,0.0,0.0,0.0,0.0,0.0,0.0,3334
k2554,0.0,0.0,0.0,0.685102594,0.0,0.0,0.0,0.0,0.0,0.0,18
k3192,0.0,0.0,0.0,0.54114171,0.0,0.0,0.0,0.0,0.0,0.0,2708
k2871,0.137931034,0.0,0.0,0.484595402,0.0,0.0,0.0,0.0,0.0833,0.0,2109
k825,0.24137931,0.5,0.778486101,0.409097878,0.0735,0.0909,0.0667,0.0,0.25,0.0,492
k439,0.0,0.0,0.0,0.837873258,0.0,0.0,0.0,0.0,0.0,0.0,2121
k414,0.0,0.0,0.0,0.578839254,0.0,0.0,0.0,0.0,0.0,0.0,2402
k2326,0.0,0.0,0.0,0.628283126,0.0,0.0,0.0,0.0,0.0,0.0,2107
k3156,0.0,0.0,0.0,0.408756415,0.0,0.0,0.0,0.0,0.0,0.0,2046
k1665,0.0,0.0,0.0,0.48476613,0.0,0.0,0.0,0.0,0.0,0.0,1241
k632,0.0,0.0,0.0,0.550292928,0.0,0.0,0.0,0.0,0.0,0.0,1833
k2994,0.206896552,0.166666667,0.0,0.413844217,0.0588,0.181818182,0.0,0.0,0.0,0.0,2922
k246,0.0345,0.0,0.0,0.368472973,0.0,0.0,0.0,0.0,0.0,0.166666667,399
k2889,0.0,0.0,0.0,0.571190477,0.0,0.0,0.0,0.0,0.0,0.0,44
k624,0.0,0.0,0.0,0.407356416,0.0,0.0,0.0,0.0,0.0,0.0,3328
k958,0.0,0.0,0.0,0.452361269,0.0,0.0,0.0,0.0,0.0,0.0,1244
k1377,0.0,0.0,0.0,0.47056126,0.0,0.0,0.0,0.0,0.0,0.0,178
k3212,0.0,0.166666667,0.0,0.478312478,0.0,0.0,0.0,0.0,0.0,0.0,1516
k2885,0.0,0.0,0.762264688,0.415551533,0.0,0.0,0.0222,0.0,0.0,0.0833,1736
k817,0.0,0.0,0.0,0.442492979,0.0,0.0,0.0,0.0,0.0,0.0,2080
k2742,0.0,0.0,0.0,0.690210884,0.0,0.0,0.0,0.0,0.0,0.0,931
k2947,0.0,0.0,0.0,0.430439331,0.0,0.0,0.0,0.0,0.0,0.0,2993
k1300,0.0,0.0,0.0,0.459122241,0.0,0.0,0.0,0.0,0.0,0.0,789
k1543,0.0,0.0,0.0,0.510614893,0.0,0.0,0.0444,0.0,0.0,0.0,1339
k998,0.0,0.0,0.0,0.381336917,0.0,0.0,0.0,0.0,0.0,0.0,1283
k2824,0.0,0.0,0.0,0.466736872,0.0,0.0,0.0,0.0,0.0,0.0,1015
k2898,0.0,0.0,0.0,0.485551496,0.0,0.0,0.0,0.0,0.25,0.0,769
k1872,0.0,0.0,0.0,0.449868588,0.0,0.0,0.0,0.0,0.0,0.0,575
k2101,0.0,0.0,0.0,0.577131931,0.0,0.0,0.0,0.0,0.0,0.0,730
k2677,0.0,0.0,0.0,0.395097885,0.0,0.0,0.0,0.0,0.0,0.0,2163
k1379,0.172413793,0.166666667,0.0,0.437814935,0.0882,0.0909,0.0,0.0,0.0,0.0,2208
k1053,0.0,0.0,0.0,0.407322269,0.0,0.0,0.0,0.0,0.0,0.0,597
k850,0.069,0.0,0.178219133,0.527380738,0.0294,0.0,0.0889,0.0,0.25,0.0,1237
k1474,0.0,0.0,0.0,0.471073455,0.0,0.0,0.0,0.0,0.0,0.0,2448
k2464,0.0,0.0,0.0,0.427673477,0.0,0.0,0.0,0.0,0.0,0.0,3249
k597,0.0345,0.0,0.0,0.389634474,0.0,0.0,0.0,0.0,0.0,0.0,1423
k53,0.0,0.0,0.0,0.458874339,0.0,0.0,0.0667,0.0,0.0,0.0,2656
k2413,0.0,0.0,0.0,0.461496432,0.0,0.181818182,0.0,0.0,0.0,0.0,2992
k3047,0.103448276,0.0,0.0,0.504297827,0.0,0.0,0.0222,0.0,0.0,0.0833,262
k2573,0.172413793,0.0,0.71789832,0.418727141,0.0882,0.0,0.0,0.272727273,0.0,0.0,2211
k486,0.0345,0.0,0.60802499,0.367405214,0.0,0.0909,0.0,0.0,0.0833,0.0,2573
k369,0.0,0.0,0.0,0.549610001,0.0,0.0,0.0,0.0,0.0,0.0833,1007
k1052,0.0,0.0,0.0,0.534756347,0.0,0.0,0.0444,0.0,0.0,0.0,2996
k278,0.0,0.0,0.0,0.567263643,0.0,0.0,0.0,0.0,0.0,0.0,1047
k3343,0.0,0.0,0.0,0.637434348,0.0,0.0,0.0,0.0,0.0,0.166666667,36
k3303,0.0,0.0,0.0,0.484834426,0.0,0.0,0.0,0.0,0.0,0.0,1529
k3158,0.0,0.0,0.0,0.511366116,0.0,0.0,0.0,0.0,0.0,0.0,1273
k1143,0.0,0.0,0.0,0.396190568,0.0,0.0,0.0,0.0,0.0,0.0,1846
k3060,0.0345,0.0,0.0,0.513175871,0.0,0.0,0.0,0.0,0.0,0.0,1650
k2931,0.0,0.0,0.0,0.425214943,0.0,0.0,0.0,0.0,0.0,0.0,2268
k299,0.0,0.0,0.0,0.966400018,0.0,0.0,0.0,0.0,0.0,0.0,3343
k1655,0.0345,0.0,0.0,0.465610043,0.0,0.0,0.0,0.0,0.0,0.0,2824
k1720,0.069,0.0,0.0,0.440444203,0.0,0.0,0.0,0.0,0.0,0.0,2986
k3245,0.0,0.0,0.0,0.366722291,0.0,0.0,0.0,0.0,0.0,0.0,688
k1851,0.0,0.0,0.0,0.500021338,0.0,0.0,0.0,0.0,0.0,0.0,965
k1936,0.0,0.0,0.0,0.481249062,0.0,0.0,0.0,0.0,0.0,0.0,1532
k2294,0.0345,0.0,0.464170207,0.34459923,0.0882,0.0,0.0,0.0,0.0,0.0,1576
k2279,0.0,0.0,0.0,0.450449075,0.0,0.0,0.0,0.0,0.0,0.0,1714
k2155,0.0,0.0,0.0,0.554766099,0.0,0.0,0.0,0.0,0.0,0.0833,1653
k3241,0.0,0.0,0.0,0.542268538,0.0,0.0,0.111111111,0.0,0.0,0.0833,867
k2209,0.103448276,0.0,0.0,0.478005158,0.0294,0.0,0.0,0.0,0.0,0.0,622
k2828,0.0,0.0,0.0,0.454819805,0.0,0.0,0.0,0.0,0.0,0.0,3427
k92,0.0,0.0,0.0,0.788361089,0.0,0.0,0.0,0.0,0.0,0.0,1342
k1126,0.0,0.0,0.0,0.481044181,0.0,0.0,0.0,0.0,0.0,0.0,953
k204,0.103448276,0.0,0.0,0.53543927,0.0588,0.0,0.0,0.0,0.0,0.5,1897
k2564,0.0,0.0,0.0,0.44597591,0.0,0.0,0.0,0.0,0.0,0.0,2026
k2741,0.0,0.0,0.0,0.458336876,0.0,0.0,0.0,0.0,0.0,0.0,1218
k1354,0.0,0.0,0.0,0.500021338,0.0,0.0,0.0,0.0,0.0,0.0,116
k2027,0.0,0.0,0.0,0.424386552,0.0,0.0,0.0,0.0,0.0,0.0,7
k328,0.0,0.0,0.0,0.465610043,0.0,0.0,0.0,0.0,0.0,0.0,2811
k1934,0.0,0.0,0.0,0.512151481,0.0,0.0,0.0,0.0,0.0,0.0,1110
k1400,0.0345,0.166666667,0.0,0.435663718,0.0294,0.0,0.0,0.0,0.0,0.0,1771
k1399,0.0,0.0,0.0,0.416541777,0.0,0.0,0.0,0.0,0.0,0.0,3306
k455,0.0,0.0,0.0,0.5614178,0.0,0.0,0.0,0.0,0.0,0.0,1053
k3288,0.0345,0.0,0.0,0.423985675,0.0,0.0,0.0,0.0,0.0,0.0,1125
k1073,0.0,0.0,0.0,0.489741932,0.0,0.0,0.0,0.0,0.0,0.0,748
k3197,0.0,0.0,0.0,0.488479205,0.0,0.0,0.0,0.0,0.0,0.0,1680
k3223,0.0,0.0,0.0,0.4599759,0.0,0.0,0.0,0.0,0.0,0.0,412
k359,0.0,0.0,0.0,0.467432091,0.0,0.0,0.0,0.0,0.0,0.0,2823
k1419,0.275862069,0.25,0.836765359,0.518092942,0.0441,0.0,0.333333333,0.0,0.166666667,0.0,1580
k1507,0.0,0.0,0.0,0.462331996,0.0,0.0,0.0,0.0,0.0,0.0,58
k1555,0.0,0.0,0.0,0.465883213,0.0,0.0,0.0,0.0,0.0,0.0,2115
k2799,0.0,0.0,0.0,0.555210002,0.0,0.0,0.0,0.0,0.0,0.0,2954
k1225,0.0,0.0,0.0,0.489341737,0.0,0.0,0.0,0.0,0.0,0.0,2452
k2044,0.0,0.0,0.0,0.559205108,0.0,0.0,0.0,0.0,0.0,0.0,3026
k1842,0.0,0.0,0.0,0.433546645,0.0,0.0,0.0,0.0,0.0,0.0,2886
k1200,0.0,0.0,0.0,0.493883195,0.0,0.0,0.0222,0.0,0.0,0.0,2686
k1490,0.0,0.0,0.0,0.524649036,0.0,0.0,0.0,0.0,0.0,0.0,675
k4,0.0,0.0,0.0,0.484322228,0.0,0.0,0.0,0.0,0.0,0.0,1289
k1301,0.206896552,0.0,0.0,0.441571031,0.0,0.0909,0.0,0.0,0.0,0.0,2533
k1741,0.137931034,0.0,0.0,0.473019798,0.0,0.0,0.0,0.0,0.0833,0.0,1198
k322,0.0,0.0,0.0,0.518980749,0.0,0.0909,0.0667,0.0,0.0,0.166666667,2057
k1186,0.0,0.0,0.0,0.570227548,0.0,0.0,0.0,0.0,0.0,0.0,164
k284,0.0,0.0,0.0,0.422756407,0.0,0.0,0.0,0.0,0.0,0.0,2557
k1164,0.0,0.0,0.0,0.510683189,0.0,0.0,0.0222,0.0,0.0,0.25,1133
k105,0.0,0.0,0.0,0.552102683,0.0,0.0,0.155555556,0.0,0.0,0.0,1896
k2116,0.0,0.0,0.0,0.546366094,0.0,0.0,0.0,0.0,0.0,0.0,2631
k133,0.0,0.0,0.0,0.424088115,0.0,0.0,0.0,0.0,0.0,0.0,2683
k1610,0.0,0.0,0.0,0.477253936,0.0,0.0,0.0,0.0,0.0,0.0,1158
k1513,0.0,0.0,0.0,0.433273476,0.0,0.0,0.0,0.0,0.0,0.0,2195
k3036,0.0,0.0,0.666426572,0.504297827,0.0,0.0,0.0,0.0,0.0,0.0,1555
k1375,0.0,0.0,0.0,0.488488076,0.0,0.0,0.0,0.0,0.0,0.0,449
k2054,0.0,0.0,0.0,0.416029582,0.0,0.0,0.0,0.0,0.0,0.0,1534
k2971,0.0,0.0,0.0,0.511331973,0.0,0.0,0.0,0.0,0.0,0.0,3080
k1869,0.0,0.0,0.0,0.464756385,0.0,0.0,0.0444,0.0,0.0,0.0,467
k3299,0.0,0.0,0.0,0.521678309,0.0,0.0,0.0,0.0,0.0,0.0,3372
k1943,0.0,0.0,0.0,0.560946574,0.0,0.0,0.0,0.0,0.0,0.0,2238
k3094,0.0,0.0,0.0,0.469127114,0.0,0.0,0.0,0.0,0.0,0.0,902
k932,0.0,0.0,0.0,0.478278325,0.0,0.0,0.0,0.0,0.0,0.0,1682
k432,0.0,0.0,0.0,0.45301005,0.0,0.0,0.0,0.0,0.0,0.0,1351
k1898,0.24137931,0.5,0.656059218,0.276849169,0.0735,0.0909,0.0,0.0,0.25,0.0,153
k775,0.0,0.0,0.0,0.601239245,0.0,0.0,0.133333333,0.0,0.0,0.0833,794
k3414,0.0,0.0,0.0,0.424654602,0.0,0.727272727,0.0444,0.0,0.0,0.0,3241
k1529,0.0,0.0,0.0,0.513380749,0.0,0.0,0.0,0.0,0.0,0.0833,2307
k517,0.0,0.0,0.0,0.591507533,0.0,0.0,0.0,0.0,0.0,0.0,808
k3260,0.0,0.0,0.0,0.585531937,0.0,0.0,0.0222,0.0,0.0,0.166666667,618
k1510,0.0,0.0,0.0,0.48450935,0.0,0.0,0.0,0.0,0.0,0.0,1832
k253,0.0,0.0,0.0,0.4585759,0.0,0.0,0.0,0.0,0.0,0.0,997
k3062,0.0,0.0,0.274713076,0.383624722,0.0,0.0,0.0,0.0,0.0,0.0,3014
k2788,0.0,0.0,0.0,0.531683178,0.0,0.0,0.0,0.0,0.0,0.0,2020
k964,0.0,0.0,0.592815946,0.396258861,0.0,0.0,0.0,0.0,0.0,0.0,217
k2302,0.0,0.0,0.0,0.575800224,0.0,0.0,0.0,0.0,0.0,0.0,2176
k2102,0.0,0.0,0.0,0.479063691,0.0,0.0,0.0,0.0,0.0,0.0,2092
k2752,0.0,0.0,0.0,0.365458877,0.0,0.181818182,0.0,0.0,0.0,0.0,3008
k2410,0.0,0.0,0.0,0.488742128,0.0,0.0,0.0,0.0,0.0,0.0,705
k2065,0.0,0.0,0.0,0.430439331,0.0,0.0,0.0,0.0,0.0,0.0,3378
k3020,0.0,0.0,0.0,0.521704253,0.0,0.0,0.0,0.0,0.0,0.0,481
k1599,0.0345,0.0,0.0,0.573956326,0.0294,0.0,0.0667,0.0,0.0833,0.0833,684
k568,0.069,0.0,0.0,0.464517361,0.0147,0.0909,0.0667,0.181818182,0.0,0.0,3224
k1368,0.0,0.0,0.0,0.483263695,0.0,0.0,0.0,0.0,0.0,0.0,723
k3084,0.0,0.0,0.0,0.463014922,0.0,0.0,0.0,0.0,0.0,0.166666667,1877
k1972,0.0,0.0,0.0,0.452702733,0.0,0.0,0.0,0.0,0.0,0.0,552
k1169,0.0,0.0,0.0,0.507063683,0.0,0.0,0.0,0.0,0.0,0.0,1687
k2711,0.0,0.0,0.0,0.638825469,0.0,0.0,0.0,0.0,0.0,0.0,393
k422,0.0,0.0,0.0,0.424771041,0.0,0.0,0.0,0.0,0.0,0.0,1664
k66,0.0,0.0,0.0,0.48975149,0.0,0.0,0.0,0.0,0.0,0.0,544
k1338,0.0,0.0,0.0,0.390385693,0.0,0.0909,0.0,0.0,0.0,0.0,1688
k2624,0.0,0.0,0.0,0.488317351,0.0,0.0,0.0,0.0,0.0,0.0,1626
k1912,0.0345,0.5,0.0,0.500268561,0.441176471,0.0,0.0,0.0,0.0,0.0833,2576
k2139,0.0,0.0,0.0,0.590927056,0.0,0.0,0.133333333,0.0,0.0,0.0833,1850
k1339,0.0,0.0,0.0,0.580819744,0.0,0.0,0.0,0.0,0.0,0.0,140
k3091,0.0,0.0,0.0,0.48582467,0.0,0.0,0.0,0.0,0.0,0.166666667,1678
k118,0.0,0.0,0.0,0.510205144,0.0,0.0,0.0,0.0,0.0,0.0,1102
k3268,0.0,0.0,0.0,0.45365883,0.0,0.0,0.0,0.0,0.0,0.0,2477
k1291,0.0,0.0,0.0,0.487833832,0.0,0.0,0.0,0.0,0.0,0.0,2284
k275,0.0,0.0,0.0,0.376283261,0.0,0.0,0.0,0.0,0.0,0.0,337
k1005,0.172413793,0.166666667,0.0,0.379800332,0.0294,0.0,0.0,0.181818182,0.0833,0.0833,2535
k293,0.0,0.0,0.0,0.526288062,0.0,0.0,0.0,0.0,0.0,0.0,900
k488,0.0,0.0,0.0,0.443585664,0.0,0.0,0.0,0.0,0.0,0.0,1493
k1175,0.0,0.0,0.0,0.458985656,0.0,0.0,0.0,0.0,0.0,0.0,447
k1807,0.0,0.0,0.0,0.523590503,0.0,0.0909,0.0,0.0,0.0,0.0,3379
k1207,0.0,0.0,0.0,0.482819793,0.0,0.0,0.0,0.0,0.0,0.0,2868
k3172,0.103448276,0.833333333,0.277952913,0.506756362,0.25,0.0,0.244444444,0.818181818,0.0833,0.333333333,825
k2905,0.0,0.0,0.0,0.448058833,0.0,0.0,0.0,0.0,0.0,0.0,489
k1302,0.0,0.0,0.0,0.459805168,0.0,0.0,0.0,0.0,0.0,0.0,3391
k854,0.137931034,0.0,0.0,0.453863708,0.0,0.0,0.0,0.0,0.0,0.0,734
k1062,0.0,0.0,0.0,0.46683931,0.0,0.0,0.0,0.0,0.0,0.0,534
k2409,0.137931034,0.0,0.0,0.450483222,0.0,0.0,0.0,0.0,0.0,0.0,1802
k1764,0.0,0.0,0.0,0.442250543,0.0,0.0,0.0,0.0,0.0,0.0,1804
k2233,0.0,0.0,0.0,0.465951506,0.0,0.0,0.0,0.0,0.0,0.0,462
k317,0.0,0.0,0.0,0.507234411,0.0,0.0,0.0,0.0,0.0,0.0,2220
k1045,0.0,0.0,0.0,0.477049058,0.0,0.0,0.0,0.0,0.0,0.0,1082
k3026,0.0,0.0,0.0,0.401107638,0.0,0.0,0.0,0.0,0.0,0.0,3064
k1335,0.0,0.0,0.0,0.521234407,0.0,0.0,0.0667,0.0,0.0,0.0,2470
k2329,0.0,0.0,0.0,0.506244164,0.0,0.0,0.0,0.0,0.0,0.0,121
k2108,0.0,0.0,0.0,0.57163438,0.0,0.0,0.0,0.0,0.0,0.0,894
k2138,0.0,0.0,0.0,0.45690273,0.0,0.0,0.0,0.0,0.0,0.0,2917
k124,0.482758621,0.833333333,0.791967425,0.495522222,0.132352941,0.0,0.222222222,0.363636364,0.583333333,0.0,368
k1276,0.0,0.0,0.0,0.537513318,0.0,0.0,0.0,0.0,0.0,0.0,3057
k2456,0.0,0.0,0.0,0.510068552,0.0,0.0,0.0,0.0,0.0,0.0,3234
k1007,0.0,0.0,0.0,0.480600279,0.0,0.0,0.0,0.0,0.0,0.0,2462
k3226,0.0,0.0,0.0,0.471542625,0.0,0.0,0.0,0.0,0.0,0.0833,163
k1730,0.0,0.0,0.0,0.510879189,0.0,0.0,0.0,0.0,0.0,0.0833,941
k2574,0.0,0.0,0.0,0.517126601,0.0,0.0,0.0,0.0,0.0,0.0,405
k2681,0.137931034,0.0,0.0,0.542302681,0.0,0.0,0.0,0.0,0.0,0.0,1387
k2293,0.0,0.0,0.0,0.392179399,0.0,0.181818182,0.0,0.0,0.0,0.0,1303
k1832,0.0,0.0,0.0,0.5639173,0.0,0.0,0.0,0.0,0.0,0.0833,12
k2080,0.0,0.0,0.0,0.526151477,0.0,0.0,0.0,0.0,0.0,0.0,2314
k1201,0.0,0.0,0.0,0.416473484,0.0,0.0,0.0,0.0,0.0,0.0,2244
k1383,0.0,0.0,0.0,0.498595388,0.0,0.0,0.0,0.0,0.0,0.0,2472
k2698,0.0,0.0,0.0,0.454102732,0.0,0.0,0.0,0.0,0.0,0.0,901
k713,0.0,0.0,0.0,0.647712377,0.0,0.0,0.0889,0.0,0.0,0.0,572
k2745,0.0,0.0,0.0,0.391444229,0.0,0.0,0.0,0.0,0.0,0.0,1561
k2170,0.0,0.0,0.0,0.569414869,0.0,0.0,0.0,0.0,0.0,0.0,2760
k507,0.0,0.0,0.0,0.46294663,0.0,0.0,0.0,0.0,0.0,0.0,3281
k779,0.0,0.0,0.0,0.511195381,0.0,0.0,0.0,0.0,0.0,0.0,2326
k3205,0.0345,0.5,0.0,0.500268561,0.0882,0.0,0.0,0.0,0.0,0.0833,1214
k1119,0.0,0.0,0.0,0.447546634,0.0,0.0,0.0,0.0,0.0,0.0,143
k2503,0.0,0.0,0.0,0.523692942,0.0,0.0,0.0,0.0,0.0,0.0,170
k2524,0.0,0.0,0.0,0.456253954,0.0,0.0,0.0,0.0,0.0,0.0,1427
k3284,0.0,0.0,0.0,0.564641209,0.0,0.0,0.0,0.0,0.0,0.0,2155
k2644,0.0,0.0,0.0,0.508634413,0.0,0.0,0.0,0.0,0.0,0.0,1988
k1042,0.0,0.0,0.0,0.498868565,0.0,0.0,0.0,0.0,0.0,0.0,445
k1913,0.0,0.0,0.0,0.362046294,0.0,0.454545455,0.0,0.0,0.0,0.0833,2949
k2550,0.0,0.0,0.0,0.512219777,0.0,0.0,0.0222,0.0,0.0,0.0,1685
k3083,0.0,0.0,0.0,0.409439342,0.0,0.0,0.0,0.0,0.0,0.0,478
k1363,0.0,0.0,0.0,0.567366089,0.0,0.0,0.0,0.0,0.0,0.0,1642
k2366,0.103448276,0.0,0.0,0.5165905,0.0,0.0,0.0,0.0,0.0,0.0,1759
k1004,0.0,0.0,0.0,0.382771063,0.0,0.0,0.0,0.0,0.0,0.0,928
k2252,0.0,0.0,0.0,0.468396386,0.0,0.0,0.0,0.0,0.0,0.0,256
k2411,0.0,0.0,0.0,0.58491046,0.0,0.0,0.0,0.0,0.0,0.0,3081
k1763,0.0,0.0,0.0,0.534380738,0.0,0.0,0.0,0.0,0.0,0.0,1767
k2809,0.0,0.0,0.0,0.521780748,0.0,0.0,0.0,0.0,0.0,0.0,2630
k412,0.0345,0.0,0.0,0.333336403,0.0,0.0,0.0,0.0,0.0,0.0,1355
k2325,0.0,0.0,0.0,0.488146616,0.0,0.0,0.0,0.0,0.0,0.0,1229
k771,0.069,0.0,0.0,0.510888071,0.0,0.0,0.0,0.0,0.0,0.0,122
k1859,0.0,0.0,0.0,0.552888041,0.0,0.0,0.0,0.0,0.0,0.0833,913
k2993,0.0,0.0,0.0,0.422722261,0.0,0.0,0.0,0.0,0.0,0.0,410
k1157,0.0,0.0,0.0,0.4446442,0.0,0.0,0.0,0.0,0.0,0.0,2592
k1120,0.0,0.0,0.0,0.507506219,0.0,0.181818182,0.0889,0.0,0.0,0.166666667,2317
k2880,0.0,0.0,0.0,0.52303596,0.0,0.0,0.0,0.0,0.0,0.0,1970
k3396,0.0,0.0,0.356218804,0.42487348,0.0,0.0,0.0,0.0,0.0,0.0,49
k3129,0.0,0.0,0.0,0.465131994,0.0,0.0,0.0,0.0,0.0,0.0,497
k938,0.0,0.0,0.0,0.441127129,0.0882,0.0,0.0,0.0,0.0,0.0,2994
k122,0.0,0.0,0.0,0.601819726,0.0,0.0,0.0,0.0,0.0,0.0,578
k582,0.0,0.0,0.0,0.50098563,0.0,0.0,0.0,0.0,0.0,0.0,355
k1449,0.0,0.0,0.0,0.6034246,0.0,0.0,0.0,0.0,0.0,0.0,1663
k1046,0.0,0.0,0.0,0.467283213,0.0,0.0,0.0,0.0,0.0,0.0,1741
k960,0.069,0.166666667,0.0,0.460044192,0.0294,0.0,0.0222,0.0,0.0833,0.0833,505
k3246,0.0345,0.0,0.0,0.501805145,0.0,0.0,0.0,0.0,0.0,0.0,2160
k309,0.0,0.0,0.0,0.713102603,0.0,0.0,0.0,0.0,0.0,0.0,2788
k2949,0.0,0.0,0.0,0.512040161,0.0,0.0,0.2,0.0,0.0,0.0,715
k1803,0.0,0.0,0.0,0.540540731,0.0,0.0,0.0,0.0,0.0,0.0,2118
k663,0.0,0.0,0.0,0.420161286,0.0,0.0,0.0,0.0,0.0,0.0,275
k821,0.0,0.0,0.0,0.528507573,0.0,0.0,0.0,0.0,0.0,0.0,1322
k3109,0.0,0.0,0.0,0.4181808,0.0,0.0,0.0,0.0,0.0,0.0,1905
k1586,0.0,0.0,0.0,0.442458836,0.0,0.0,0.0,0.0,0.0,0.0,2395
k2342,0.0,0.0,0.0,0.526219766,0.0,0.0,0.0,0.0,0.0,0.0,1937
k3132,0.172413793,0.0833,0.0,0.437371035,0.0147,0.0,0.0,0.0,0.166666667,0.0,780
k464,0.069,0.0,0.0,0.611517278,0.0,0.0,0.0,0.0,0.0,0.0,1290
k3254,0.0,0.0,0.0,0.503020754,0.0,0.0,0.0,0.0,0.0,0.0,3332
k968,0.137931034,0.0,0.0,0.492039297,0.0,0.0,0.0,0.0,0.0833,0.0,2963
k3388,0.0,0.0,0.0,0.586727051,0.0,0.0,0.0,0.0,0.0,0.166666667,1949
k2938,0.0,0.0,0.0,0.526868547,0.0,0.0,0.0,0.0,0.0,0.0,766
k1630,0.0,0.0,0.0,0.520005136,0.0,0.0,0.0,0.0,0.0,0.0,655
k2548,0.0,0.0,0.0,0.44440518,0.0,0.0,0.0,0.0,0.0,0.0,1691
k1910,0.0345,0.0,0.0,0.435595424,0.0,0.0,0.0,0.0,0.0,0.0,535
k1423,0.0,0.0,0.0,0.457107608,0.0,0.0,0.0,0.0,0.0,0.0,2600
k619,0.0,0.0,0.0,0.45225883,0.0,0.0,0.0,0.0,0.0,0.0,1390
k2164,0.0,0.0,0.0,0.395874373,0.0,0.0,0.0,0.0,0.0,0.0,309
k2478,0.0,0.0,0.0,0.44136615,0.0,0.0,0.0,0.0,0.0,0.0,689
k2004,0.0,0.0,0.0,0.638629462,0.0,0.0,0.0,0.0,0.0,0.0,1766
k155,0.0,0.0,0.0,0.543361224,0.0,0.0,0.0,0.0,0.0,0.0,117
k1316,0.0,0.0,0.0,0.490297831,0.0,0.0,0.0,0.0,0.0,0.0,738
k3030,0.0,0.0,0.0,0.676216369,0.0,0.181818182,0.155555556,0.0,0.0,0.25,285
k3348,0.0,0.0,0.0,0.648555798,0.0,0.0,0.0,0.0,0.0,0.0,134
k980,0.0,0.0,0.0,0.388166182,0.0,0.0,0.0,0.0,0.0,0.0,2351
k2805,0.137931034,0.166666667,0.746175064,0.447785662,0.0294,0.0,0.0222,0.0,0.166666667,0.0,269
k374,0.0,0.0,0.341086488,0.247413679,0.264705882,0.0,0.0,0.0,1.0,0.0,1686
k426,0.0,0.0,0.0,0.518229527,0.0,0.0909,0.0,0.0,0.0,0.0,2591
k2185,0.069,0.0,0.746244098,0.461136871,0.0147,0.0,0.0,0.0,0.0,0.0,1585
k2710,0.0,0.0,0.0,0.5891173,0.0,0.0,0.0,0.0,0.0,0.0,1164
k648,0.0,0.0,0.0,0.427946648,0.0,0.0909,0.0,0.0,0.0,0.0,3199
k2919,0.0,0.0,0.0,0.590653871,0.0,0.0,0.0,0.0,0.0,0.0,3088
k3419,0.103448276,0.0,0.0,0.349034496,0.0588,0.0,0.0,0.0,0.0,0.0,1487
k129,0.0,0.0,0.0,0.541756347,0.0,0.0,0.0,0.0,0.0,0.0,2711
k1609,0.0345,0.0,0.0,0.539502683,0.0147,0.0,0.0,0.0,0.0,0.0,314
k2107,0.0,0.0,0.0,0.582322172,0.0,0.0,0.0,0.0,0.25,0.583333333,2144
k2199,0.069,0.5,0.0,0.607931914,0.0882,0.181818182,0.0889,0.0,0.0,0.166666667,1114
k2436,0.0,0.0,0.0,0.559922194,0.0,0.0,0.0,0.0,0.0,0.0,2750
k2986,0.0,0.0,0.0,0.44631737,0.0,0.0,0.0,0.0,0.0,0.0,2909
k1204,0.0,0.0,0.0,0.536074392,0.0,0.0,0.0,0.0,0.0,0.0,2113
k380,0.0,0.0,0.0,0.406161294,0.0,0.0,0.0,0.0,0.0,0.0,1700
k3356,0.0,0.0,0.646667047,0.500336857,0.0,0.0,0.0222,0.0,0.0,0.0,1358
k290,0.0,0.0,0.0,0.599736804,0.0,0.0,0.0,0.0,0.0,0.25,1974
k882,0.103448276,0.25,0.0,0.429892988,0.0441,0.0909,0.0222,0.0,0.0833,0.0833,2302
k639,0.069,0.0,0.0,0.474112474,0.0,0.0,0.0,0.0,0.0,0.0,890
k377,0.0,0.0,0.442414047,0.36976131,0.0,0.0,0.0,0.0,0.0,0.0,2952
k3243,0.0345,0.416666667,0.0,0.506756362,0.0735,0.0,0.0,0.0,0.0,0.0,1841
k2296,0.0,0.0,0.0,0.420536896,0.0,0.0,0.0,0.0,0.0,0.0,3298
k2976,0.0,0.0,0.0,0.608430457,0.0,0.0,0.0,0.0,0.0,0.0,875
k362,0.0,0.0,0.0,0.443414933,0.0,0.0,0.0,0.0,0.0,0.0,2713
k1223,0.0,0.0,0.57371411,0.569278276,0.0,0.0,0.0,0.0,0.0,0.0833,1733
k852,0.0,0.0,0.0,0.426068601,0.0,0.0,0.0,0.0,0.0,0.0,210
k2855,0.069,0.0,0.0,0.438771033,0.0588,0.0,0.0,0.0,0.0,0.0,787
k773,0.0,0.0,0.0,0.609536788,0.0,0.0,0.0,0.0,0.0,0.0,3201
k1170,0.137931034,0.166666667,0.756343972,0.543736837,0.0588,0.0,0.0222,0.0,0.0833,0.0833,2661
k1907,0.0,0.0,0.0,0.491458813,0.0,0.0909,0.0667,0.0,0.0,0.0,865
k481,0.069,0.0,0.660517294,0.465772579,0.0441,0.0,0.0,0.0,0.0833,0.0,770
k2387,0.0,0.0,0.0,0.708287978,0.0,0.0,0.133333333,0.0,0.0,0.0833,2679
k450,0.0,0.0,0.0,0.480702718,0.0,0.0,0.0,0.0,0.0,0.0,1171
k2160,0.0,0.0,0.365611446,0.328410116,0.0,0.0,0.0,0.0,0.0,0.0,2546
k1026,0.0,0.0,0.0,0.471005162,0.0,0.0,0.0,0.0,0.0,0.0,1638
k855,0.0,0.0,0.0,0.611722156,0.0,0.0,0.0222,0.0,0.0,0.0833,2569
k252,0.0,0.0,0.0,0.5337661,0.0,0.0,0.0,0.0,0.0,0.0,1689
k1733,0.069,0.583333333,0.274814452,0.510614893,0.102941176,0.0,0.222222222,0.818181818,0.0,0.333333333,2504
k1262,0.0,0.0,0.0,0.575731935,0.0,0.0,0.0,0.0,0.0,0.0833,2740
k3151,0.0,0.0,0.0,0.570370959,0.0,0.0,0.0,0.0,0.0,0.0,531
k172,0.0,0.0,0.0,0.596936795,0.0,0.0909,0.0,0.0,0.0,0.0,110
k162,0.0,0.0,0.0,0.457824678,0.0,0.0,0.0,0.0,0.0,0.0,700
k3427,0.0,0.0,0.0,0.545341711,0.0,0.0,0.0667,0.0,0.0,0.0,1513
k933,0.0,0.0,0.0,0.527961232,0.0,0.0,0.0,0.0,0.0,0.0,75
k195,0.0,0.0,0.0,0.540663665,0.0,0.0,0.0444,0.0,0.0,0.0,827
k70,0.0,0.0,0.0,0.490980758,0.0,0.0,0.0,0.0,0.0,0.0,3119
k206,0.069,0.0,0.0,0.490331984,0.0294,0.0,0.0,0.181818182,0.0,0.0,115
k2370,0.0,0.0,0.0,0.716988455,0.0,0.0,0.0,0.0,0.0,0.0,1344
k2929,0.0,0.0,0.0,0.553366086,0.0,0.0,0.0,0.0,0.0,0.0,1122
k997,0.0,0.0,0.0,0.490451496,0.0,0.0,0.0,0.0,0.0,0.0,472
k2585,0.069,0.0,0.675323032,0.490673447,0.0,0.0,0.0,0.0,0.0833,0.166666667,509
k2477,0.0,0.0,0.0,0.597517289,0.0,0.0,0.0,0.0,0.0,0.0,66
k879,0.137931034,0.0,0.618215586,0.358458881,0.0588,0.0,0.0,0.0,0.0833,0.0,993
k2528,0.0,0.0,0.0,0.517878506,0.0,0.0,0.0,0.0,0.0,0.0,3205
k2424,0.0,0.0,0.0,0.479302715,0.0,0.0909,0.0,0.0,0.0,0.0,615
k669,0.137931034,0.0,0.824774599,0.488001149,0.132352941,0.0,0.0222,0.181818182,0.0,0.0,2043
k2501,0.482758621,0.833333333,0.791342863,0.495214905,0.147058824,0.0,0.222222222,0.363636364,0.5,0.0,568
k2648,0.0,0.0,0.0,0.42757104,0.0,0.0,0.0,0.0,0.0,0.0,3058
k2735,0.0,0.0,0.0,0.598644118,0.0,0.0,0.0,0.0,0.0,0.0,1271
k1636,0.0,0.0,0.0,0.711190382,0.0,0.0,0.0444,0.0,0.0,0.0,2616
k1728,0.0,0.0,0.0,0.421663725,0.0,0.0,0.0,0.0,0.0,0.0,718
k770,0.0,0.0,0.0,0.46127346,0.0,0.0909,0.0222,0.0,0.0,0.0,1314
k904,0.344827586,0.0,0.0,0.426016699,0.161764706,0.0,0.0,0.727272727,0.0,0.0,1732
k394,0.0,0.0,0.0,0.503273437,0.0,0.0,0.0,0.0,0.0,0.0,651
k744,0.0,0.0,0.0,0.451575904,0.0,0.0,0.0444,0.0,0.0,0.0,97
k2429,0.0,0.0,0.0,0.526014885,0.0,0.0,0.0,0.0,0.0,0.0,2394
k1382,0.0,0.0,0.0,0.441878352,0.0,0.0,0.0,0.0,0.0,0.0,672
k2945,0.069,0.25,0.0,0.423396993,0.102941176,0.0,0.0,0.0,0.166666667,0.0,1645
k1893,0.0,0.0,0.0,0.574297796,0.0,0.0,0.0,0.0,0.0,0.0,1124
k3234,0.0,0.0,0.0,0.318200366,0.0,0.0,0.0,0.0,0.0,0.0,3392
k872,0.0,0.0,0.0,0.519561233,0.0,0.0,0.0,0.0,0.0,0.0,2368
k1258,0.0,0.0,0.0,0.495351487,0.0,0.0909,0.0,0.0,0.0,0.0,260
k3014,0.0,0.0,0.0,0.522156354,0.0,0.0,0.0,0.0,0.0,0.0,359
k2130,0.0,0.0,0.0,0.498322224,0.0,0.0,0.0,0.0,0.0,0.0,2114
k2985,0.137931034,0.166666667,0.771901597,0.389518035,0.117647059,0.727272727,0.244444444,0.0,0.0833,0.0,3032
k1278,0.0,0.0,0.0,0.504810025,0.0,0.0,0.0,0.0,0.0,0.0,2365
k763,0.0,0.0,0.0,0.465439311,0.0,0.0,0.0,0.0,0.0,0.0,3110
k1748,0.0,0.0,0.0,0.506653923,0.0,0.0,0.0,0.0,0.0,0.0,1677
k3417,0.0,0.0,0.0,0.54841487,0.0,0.0909,0.0,0.0,0.0,0.0,2617
k304,0.0,0.0,0.0,0.634736788,0.0,0.0,0.0667,0.0,0.0,0.166666667,549
k3412,0.0,0.0,0.0,0.521080741,0.0,0.0,0.0,0.0,0.0,0.0,3261
k2485,0.0,0.0,0.0,0.46127346,0.0,0.0,0.0,0.0,0.0,0.0,1812
k991,0.103448276,0.5,0.0,0.424941772,0.220588235,0.0909,0.0,0.0,0.0,0.0,2939
k3365,0.0,0.0,0.0,0.496888075,0.0,0.0,0.0,0.0,0.0,0.0,3105
k977,0.0,0.0,0.0,0.528029518,0.0,0.0,0.0,0.0,0.0,0.0,1570
k684,0.0,0.0,0.0,0.584644132,0.0,0.0,0.0,0.0,0.0,0.0,1805
k2627,0.0,0.0,0.0,0.466634433,0.0,0.0,0.0,0.0,0.0,0.0,2001
k171,0.069,0.0,0.0,0.61435143,0.0882,0.0,0.0,0.0,0.0,0.25,394
k2568,0.0,0.0,0.0,0.499790512,0.0,0.0,0.0,0.0,0.0,0.0,882
k3046,0.0345,0.0,0.0,0.430610062,0.0,0.0,0.0,0.0,0.0,0.0,2263
k296,0.0345,0.0,0.0,0.333985187,0.0,0.0,0.0,0.0,0.0,0.0,2673
k3155,0.0,0.0,0.0,0.556439262,0.0,0.0,0.0,0.0,0.0,0.0,2132
k1166,0.0,0.0,0.0,0.429551525,0.0,0.0,0.0444,0.0,0.0,0.0,1808
k2908,0.0,0.0,0.0,0.578497784,0.0,0.0,0.0444,0.0,0.0,0.0833,1088
k1356,0.0,0.0,0.0,0.523727085,0.0,0.0,0.0,0.0,0.0,0.0833,2241
k292,0.0345,0.0,0.0,0.554527075,0.0,0.0,0.0,0.0,0.0,0.0,862
k2771,0.0,0.0,0.0,0.594068517,0.0,0.0,0.0,0.0,0.0,0.0,1872
k2175,0.137931034,0.166666667,0.0,0.457380782,0.0294,0.0909,0.0,0.0,0.0,0.0,2981
k1901,0.0,0.0,0.0,0.558522181,0.0,0.0,0.0444,0.0,0.0,0.0,2668
k1202,0.0,0.0,0.0,0.528644159,0.0,0.0,0.0,0.0,0.0,0.0,2271
k2865,0.0345,0.0,0.0,0.379766186,0.0,0.0,0.0,0.0,0.0,0.0,2224
k1458,0.0345,0.25,0.0,0.531546596,0.0441,0.0,0.0,0.0,0.0,0.0,1025
k1680,0.0,0.0,0.0,0.552853895,0.0,0.0,0.0,0.0,0.0,0.0833,3050
k2911,0.0,0.0,0.0,0.380653991,0.0,0.0,0.0,0.0,0.0,0.0,1267
k832,0.0,0.0,0.0,0.518519091,0.0,0.0,0.0,0.0,0.0,0.25,273
k1594,0.0,0.0,0.0,0.47780028,0.0,0.0,0.0,0.0,0.0,0.0,772
k1734,0.24137931,0.0,0.0,0.417224703,0.0,0.0909,0.0,0.0,0.0,0.0,16
k2135,0.0,0.0,0.0,0.479875011,0.0,0.0,0.0,0.0,0.0,0.0,792
k2058,0.0,0.0,0.0,0.525799763,0.0,0.0,0.0,0.0,0.0,0.0,592
k1489,0.0,0.0,0.0,0.526970986,0.0,0.0,0.0,0.0,0.0,0.0,911
k1203,0.0,0.0,0.0,0.560178281,0.0,0.0,0.0,0.0,0.0,0.0,1121
k1396,0.0,0.0,0.0,0.471449064,0.0,0.0,0.0,0.0,0.0,0.0,859
k983,0.0,0.0,0.0,0.325373146,0.0,0.454545455,0.0,0.0,0.0,0.0833,2889
k2666,0.069,0.0,0.0,0.461307603,0.0,0.0,0.0,0.0,0.0,0.0,2175
k1587,0.0,0.0,0.0,0.6057124,0.0,0.0,0.0,0.0,0.0,0.0,2866
k1359,0.0,0.0,0.0,0.438463715,0.0,0.0,0.0,0.0,0.0,0.0,1291
k837,0.0,0.0,0.0,0.496034413,0.0,0.0,0.0,0.0,0.0,0.0,363
k634,0.0,0.0,0.0,0.478756381,0.0,0.0,0.0,0.0,0.0,0.0,632
k18,0.137931034,0.0,0.0,0.501566125,0.0,0.0,0.0,0.0,0.0,0.0,2404
k665,0.0,0.0,0.0,0.449176783,0.0,0.0,0.0,0.0,0.0,0.0,627
k3164,0.275862069,0.333333333,0.302307012,0.270805266,0.0441,0.181818182,0.0667,0.363636364,0.25,0.0,2409
k2940,0.0,0.0,0.0,0.449766149,0.0,0.0,0.0,0.0,0.0,0.0,742
k3292,0.172413793,0.166666667,0.0,0.452122245,0.0147,0.181818182,0.0222,0.0,0.0,0.0,2459
k30,0.0,0.0,0.0,0.594956322,0.0,0.0,0.0,0.0,0.0,0.0,1980
k2110,0.103448276,0.166666667,0.0,0.365058337,0.0294,0.0,0.0,0.0,0.0,0.0,2888
k1784,0.0,0.0,0.614577691,0.329639384,0.0,0.0,0.0,0.0,0.0,0.0,3077
k1685,0.0,0.0,0.102914542,0.581468524,0.0,0.0,0.0667,0.0,0.0,0.0833,2621
k1964,0.0,0.0,0.0,0.476288964,0.0,0.0,0.0,0.0,0.0,0.0,3161
k1184,0.0345,0.0,0.0,0.499141732,0.0147,0.0,0.0222,0.0,0.0,0.0,2360
k108,0.0345,0.0,0.758848228,0.464653946,0.0147,0.0,0.0,0.0,0.0,0.0,3096
k594,0.0,0.0,0.0,0.422619821,0.0,0.0,0.0444,0.0,0.0,0.0,904
k247,0.0345,0.0,0.0,0.44669298,0.0,0.0,0.0,0.0,0.0,0.0,3048
k888,0.0,0.0,0.0,0.581741691,0.0,0.0,0.0,0.0,0.0,0.0833,2131
k2780,0.0,0.0,0.0,0.413297876,0.0,0.0,0.0,0.0,0.0,0.0,64
k2479,0.0,0.0,0.0,0.477253936,0.0,0.0,0.0,0.0,0.0,0.0,2563
k2245,0.0,0.0,0.0,0.578668519,0.0,0.0,0.0,0.0,0.0,0.0,3312
k2540,0.0,0.0,0.0,0.456527121,0.0,0.0,0.0,0.0,0.0,0.0,2581
k1079,0.0,0.0,0.0,0.441332007,0.0,0.0909,0.0444,0.0,0.0,0.0,267
k1858,0.0,0.0,0.0,0.473805164,0.0,0.0,0.0,0.0,0.0,0.0,1515
k1955,0.0,0.0,0.0,0.42801494,0.0,0.0,0.0,0.0,0.0,0.0,507
k3157,0.0,0.0,0.0,0.567878281,0.0,0.0,0.0,0.0,0.0,0.0,1601
k2251,0.0,0.0,0.0,0.469263699,0.0,0.0,0.0,0.0,0.0,0.0,1587
k806,0.0,0.0,0.0,0.527722208,0.0,0.0,0.0444,0.0,0.0,0.0,2363
k2803,0.0,0.0,0.0,0.497459688,0.0,0.0,0.0222,0.0,0.0,0.166666667,2979
k291,0.172413793,0.0833,0.0,0.492107586,0.0588,0.0,0.0444,0.0,0.0833,0.0,415
k1939,0.0,0.0,0.0,0.483400277,0.0,0.0909,0.0,0.0,0.0,0.0,1882
k1114,0.0,0.0,0.0,0.492414907,0.0,0.0,0.0444,0.0,0.0,0.0,476
k2825,0.0,0.0,0.0,0.42255153,0.0,0.0,0.0,0.0,0.0,0.0,2562
k3103,0.0,0.0,0.0,0.364263759,0.0,0.0,0.0,0.0,0.0,0.0,406
k435,0.069,0.0,0.0,0.418863726,0.0,0.0,0.0,0.0,0.166666667,0.0,823
k1460,0.0,0.0,0.0,0.443005177,0.0,0.0,0.0,0.0,0.0,0.0,3245
k2860,0.0,0.0,0.0,0.530146594,0.0,0.0,0.0,0.0,0.0,0.0,973
k500,0.0,0.0,0.0,0.417361288,0.0,0.0,0.0,0.0,0.0,0.0,2198
k256,0.103448276,0.0,0.0,0.468102721,0.0735,0.0,0.0,0.0,0.0,0.166666667,2021
k951,0.0,0.0,0.0,0.538153227,0.0,0.0,0.0444,0.0,0.0,0.0833,3220
k1438,0.0,0.0,0.0,0.540970975,0.0,0.0,0.0,0.0,0.0,0.0,2565
k2444,0.069,0.0,0.0,0.389873498,0.176470588,0.0,0.0,0.0,0.0,0.0,429
k3431,0.0,0.0,0.0,0.493678317,0.0,0.0,0.0,0.0,0.0,0.0,2032
k3415,0.0,0.0,0.0,0.597029686,0.0,0.0,0.0,0.0,0.0,0.0,1243
k536,0.0,0.0,0.0,0.500746606,0.0,0.0,0.0,0.0,0.0,0.0,2103
k250,0.0,0.0,0.0,0.553844149,0.0,0.0,0.0,0.0,0.0,0.0,396
k1999,0.0,0.0,0.0,0.490297831,0.0,0.0,0.0,0.0,0.0,0.0,1718
k3140,0.0,0.0,0.0,0.467351505,0.0,0.0,0.0444,0.0,0.0,0.0833,1596
k3141,0.0,0.0,0.0,0.53779537,0.0,0.0,0.0,0.0,0.0,0.0,1954
k2672,0.0,0.0,0.0,0.419785678,0.0,0.0,0.0,0.0,0.0,0.0,1037
k89,0.0,0.0,0.0,0.495638316,0.0,0.0,0.0,0.0,0.0,0.0,2858
k1906,0.0,0.0,0.0,0.450653953,0.0,0.0,0.0,0.0,0.0,0.0,660
k1097,0.0,0.0,0.0,0.530470301,0.0,0.0,0.0,0.0,0.0,0.0,3373
k1987,0.137931034,0.0,0.0,0.509590507,0.0,0.0,0.0,0.0,0.0833,0.0,836
k3385,0.0,0.0,0.0,0.435288107,0.0,0.0,0.0,0.0,0.166666667,0.0,2076
k2620,0.0,0.0,0.0,0.455024683,0.0,0.0909,0.0667,0.0,0.0,0.0833,1533
k2954,0.0,0.0,0.0,0.57163438,0.0,0.0,0.0444,0.0,0.0,0.0,1589
k923,0.0,0.0,0.0,0.48949471,0.0,0.0,0.0,0.0,0.0,0.25,1057
k2972,0.069,0.166666667,0.0,0.371639362,0.0588,0.0909,0.0,0.0,0.166666667,0.0,3071
k2310,0.0,0.0,0.0,0.477014915,0.0,0.0,0.0,0.0,0.0,0.0,1167
k532,0.103448276,0.0,0.713585243,0.590995341,0.0294,0.0,0.0,0.0,0.0833,0.0,2038
k2198,0.0,0.0,0.0,0.477219793,0.0,0.0,0.0,0.363636364,0.0,0.0,1925
